1.022999999999999972e+02 8.029284060167449777e-01
1.035999999999999943e+02 9.458482728684729501e-01
1.050000000000000000e+02 1.013196859217345702e+00
1.062999999999999972e+02 1.035520096621930897e+00
1.077000000000000028e+02 1.070477782621722884e+00
1.090000000000000000e+02 1.078196724664205242e+00
1.104000000000000057e+02 1.040431325263989848e+00
1.117000000000000028e+02 1.021485374827454606e+00
1.130000000000000000e+02 1.011954518079594578e+00
1.144000000000000057e+02 1.023552350577506154e+00
1.157000000000000028e+02 1.011404415140558344e+00
1.170999999999999943e+02 9.935816951778065897e-01
1.184000000000000057e+02 9.951108552918872530e-01
1.197999999999999972e+02 9.963125455620320814e-01
1.210999999999999943e+02 9.923574554779660550e-01
1.224000000000000057e+02 9.793587871641245002e-01
1.237999999999999972e+02 9.685323317198621940e-01
1.250999999999999943e+02 9.697808593717357484e-01
1.265000000000000000e+02 9.950803496938638304e-01
1.277999999999999972e+02 9.895456935104867124e-01
1.290999999999999943e+02 9.896442186095009141e-01
1.305000000000000000e+02 9.727364312828317150e-01
1.318000000000000114e+02 9.765505660887818795e-01
1.330999999999999943e+02 9.860993102658484055e-01
1.345000000000000000e+02 9.836578713051393752e-01
1.358000000000000114e+02 9.593635878696382679e-01
1.371999999999999886e+02 9.326273621749816556e-01
1.385000000000000000e+02 8.988997386007424595e-01
1.398000000000000114e+02 8.801601837386773264e-01
1.411999999999999886e+02 8.351741949126511022e-01
1.425000000000000000e+02 8.166514210095794368e-01
1.438000000000000114e+02 7.988515525519424010e-01
1.451999999999999886e+02 7.701149710337058529e-01
1.465000000000000000e+02 7.555858069557761514e-01
1.478000000000000114e+02 7.432346218155476691e-01
1.491999999999999886e+02 7.292784096503899249e-01
1.505000000000000000e+02 6.932919705626416906e-01
1.518000000000000114e+02 6.628992467596810378e-01
1.531999999999999886e+02 6.727314114610236651e-01
1.545000000000000000e+02 6.758809732474492238e-01
1.558000000000000114e+02 6.348234611724181686e-01
1.571999999999999886e+02 6.062671069805469770e-01
1.585000000000000000e+02 5.922588899184608735e-01
1.598000000000000114e+02 5.707571445238488472e-01
1.610999999999999943e+02 5.502550613456478334e-01
1.625000000000000000e+02 5.349588757665638683e-01
1.638000000000000114e+02 5.011661246659911972e-01
1.650999999999999943e+02 4.661470363314972332e-01
1.665000000000000000e+02 4.111893198812457406e-01
1.678000000000000114e+02 3.827909042983343446e-01
1.690999999999999943e+02 3.441034005679377561e-01
1.704000000000000057e+02 3.128588507557248377e-01
1.718000000000000114e+02 2.690561351212130692e-01
1.730999999999999943e+02 2.272282844829975057e-01
1.744000000000000057e+02 2.057868659467619321e-01
1.758000000000000114e+02 1.878135016253231759e-01
1.770999999999999943e+02 1.568442266932003337e-01
1.784000000000000057e+02 1.307659033873313781e-01
1.796999999999999886e+02 9.796275592505310215e-02
1.810999999999999943e+02 7.374033761983596336e-02
1.824000000000000057e+02 4.432947378887593104e-02
1.836999999999999886e+02 3.717970857523777983e-02
1.850000000000000000e+02 1.708167570253076029e-02
1.864000000000000057e+02 1.868246795328765142e-04
1.876999999999999886e+02 5.662978243183866209e-03
1.890000000000000000e+02 9.785940706032041775e-03
1.903000000000000114e+02 -9.915831173231222720e-03
1.915999999999999943e+02 -1.365193409589708987e-02
1.930000000000000000e+02 -1.670737809110335939e-02
1.943000000000000114e+02 -2.554118294851339538e-02
1.955999999999999943e+02 -3.545391061605955574e-02
1.969000000000000057e+02 -3.151709732931338298e-02
1.981999999999999886e+02 -2.643633770028393226e-02
1.995999999999999943e+02 -1.634060651936133576e-02
2.009000000000000057e+02 1.590335004603939421e-03
2.021999999999999886e+02 3.793348682160238659e-03
2.035000000000000000e+02 -1.400040473828314050e-02
2.048000000000000114e+02 1.556279167576641621e-03
2.061999999999999886e+02 1.338441178298285968e-03
2.075000000000000000e+02 -2.528003619255800305e-03
2.088000000000000114e+02 -4.702616836962497313e-03
2.100999999999999943e+02 1.196859063819856982e-02
2.114000000000000057e+02 1.507132933023776038e-02
2.126999999999999886e+02 2.698202238760736421e-02
2.140999999999999943e+02 4.134611941639376731e-02
2.154000000000000057e+02 4.440037967417410913e-02
2.166999999999999886e+02 5.100715970722360937e-02
2.180000000000000000e+02 3.810062809214337376e-02
2.193000000000000114e+02 4.796067698487613273e-02
2.205999999999999943e+02 6.242157160666159110e-02
2.220000000000000000e+02 5.745437849311643003e-02
2.233000000000000114e+02 6.704154745065449283e-02
2.245999999999999943e+02 6.899847851989700243e-02
2.259000000000000057e+02 7.756441989044435270e-02
2.271999999999999886e+02 6.638560716491231917e-02
2.285000000000000000e+02 7.309178819860916165e-02
2.298000000000000114e+02 7.593837624225864558e-02
2.310999999999999943e+02 7.244474256829096237e-02
2.325000000000000000e+02 7.032544804518284232e-02
2.338000000000000114e+02 5.410262393547535936e-02
2.350999999999999943e+02 7.295567464116980982e-02
2.364000000000000057e+02 8.542601181520372011e-02
2.376999999999999886e+02 7.391013215877462184e-02
2.390000000000000000e+02 6.383750499451534832e-02
2.403000000000000114e+02 5.146311969158451349e-02
2.415999999999999943e+02 6.581933011242371845e-02
2.429000000000000057e+02 7.496443200534680384e-02
2.441999999999999886e+02 5.878565576715876623e-02
2.455000000000000000e+02 4.959274368875795508e-02
2.469000000000000057e+02 3.791129619507183773e-02
2.481999999999999886e+02 2.402273138797433524e-02
2.495000000000000000e+02 1.466909893547192409e-02
2.508000000000000114e+02 1.192562231388188260e-02
2.520999999999999943e+02 2.277099952902197563e-03
2.534000000000000057e+02 -1.352555051747636287e-02
2.546999999999999886e+02 -1.325045599244766004e-02
2.560000000000000000e+02 -1.136560590438837927e-02
2.573000000000000114e+02 -9.123181366701005671e-03
2.586000000000000227e+02 -8.946163685035835381e-03
2.598999999999999773e+02 -2.179702696880406881e-02
2.611999999999999886e+02 -2.820228398812649889e-02
2.625000000000000000e+02 -1.446492588190795292e-02
2.638000000000000114e+02 -7.021888401059420484e-03
2.651000000000000227e+02 -2.943782130394149293e-03
2.663999999999999773e+02 7.782198682619390420e-03
2.676999999999999886e+02 1.061595908538898181e-02
2.690000000000000000e+02 2.080258915986408358e-02
2.703000000000000114e+02 2.570187394444032464e-02
2.716000000000000227e+02 1.917791092588039606e-02
2.728999999999999773e+02 1.622808842822431874e-02
2.741999999999999886e+02 2.857516544803755110e-02
2.755000000000000000e+02 5.541263337027057395e-02
2.768000000000000114e+02 5.597752750596380472e-02
2.781000000000000227e+02 6.832948185740303493e-02
2.793999999999999773e+02 7.710337459571392493e-02
2.806999999999999886e+02 8.887850957308546240e-02
2.820000000000000000e+02 8.801608183693013232e-02
2.833000000000000114e+02 8.488385440438048213e-02
2.846000000000000227e+02 9.915567021291057936e-02
2.858999999999999773e+02 1.028597601743397871e-01
2.871999999999999886e+02 9.086219583869331595e-02
2.885000000000000000e+02 9.920029157058266045e-02
2.898000000000000114e+02 1.058765846331989197e-01
2.911000000000000227e+02 8.806342295010369248e-02
2.923999999999999773e+02 9.571023870494746455e-02
2.936999999999999886e+02 1.039805274940908131e-01
2.950000000000000000e+02 1.014848398289776021e-01
2.963000000000000114e+02 9.517705834656069175e-02
2.976000000000000227e+02 1.025998026975872279e-01
2.988999999999999773e+02 1.060869346263545732e-01
3.001999999999999886e+02 9.676624062898020462e-02
3.015000000000000000e+02 9.047392820412300529e-02
3.028000000000000114e+02 8.443147499818318136e-02
3.041000000000000227e+02 9.585120933160931611e-02
3.053999999999999773e+02 1.101134472212502158e-01
3.066000000000000227e+02 1.039558862293058356e-01
3.078999999999999773e+02 8.999773153859538799e-02
3.091999999999999886e+02 8.607061727240321314e-02
3.105000000000000000e+02 8.984542574732048981e-02
3.118000000000000114e+02 8.652729211511224483e-02
3.131000000000000227e+02 8.748998953000315659e-02
3.143999999999999773e+02 7.872201797518846300e-02
3.156999999999999886e+02 7.826443506842874209e-02
3.170000000000000000e+02 7.486897525096079808e-02
3.183000000000000114e+02 7.916978907370261775e-02
3.196000000000000227e+02 8.538980559648007285e-02
3.208000000000000114e+02 7.197540126381467285e-02
3.221000000000000227e+02 6.978488206007556205e-02
3.233999999999999773e+02 7.221528049264541727e-02
3.246999999999999886e+02 7.682155934785551976e-02
3.260000000000000000e+02 7.739809692847460232e-02
3.273000000000000114e+02 8.398555026650528221e-02
3.286000000000000227e+02 8.011812301476620157e-02
3.298999999999999773e+02 8.498479338937606209e-02
3.311000000000000227e+02 9.266430075115061893e-02
3.323999999999999773e+02 9.722074623230181345e-02
3.336999999999999886e+02 1.047177096877092428e-01
3.350000000000000000e+02 1.104818045301842466e-01
3.363000000000000114e+02 1.161101045406367771e-01
3.376000000000000227e+02 1.071385038654415062e-01
3.388999999999999773e+02 1.069318516714827666e-01
3.401000000000000227e+02 1.204464425196160315e-01
3.413999999999999773e+02 1.322792506155551218e-01
3.426999999999999886e+02 1.415505582324569356e-01
3.440000000000000000e+02 1.471026491470791286e-01
3.453000000000000114e+02 1.356070547406660054e-01
3.465000000000000000e+02 1.364580160937091113e-01
3.478000000000000114e+02 1.435646102630965815e-01
3.491000000000000227e+02 1.405184867349569544e-01
3.503999999999999773e+02 1.494559215064987234e-01
3.516999999999999886e+02 1.558668057449756061e-01
3.530000000000000000e+02 1.597931823751504998e-01
3.541999999999999886e+02 1.698345448518917833e-01
3.555000000000000000e+02 1.755636327560700094e-01
3.568000000000000114e+02 1.741970182339996065e-01
3.581000000000000227e+02 1.670302864140328081e-01
3.593999999999999773e+02 1.629411928114650743e-01
3.606000000000000227e+02 1.652699581582509347e-01
3.618999999999999773e+02 1.672486429348724324e-01
3.631999999999999886e+02 1.739169961290828459e-01
3.645000000000000000e+02 1.850709711825045956e-01
3.658000000000000114e+02 1.840705651759473593e-01
3.670000000000000000e+02 1.872172853985131780e-01
3.683000000000000114e+02 1.914389635567616266e-01
3.696000000000000227e+02 1.828680045611960070e-01
3.708999999999999773e+02 1.949918237393102605e-01
3.721000000000000227e+02 1.947203373351659161e-01
3.733999999999999773e+02 1.860213771300573971e-01
3.746999999999999886e+02 1.868230598176902069e-01
3.760000000000000000e+02 2.012717886193756689e-01
3.771999999999999886e+02 2.084793657083614804e-01
3.785000000000000000e+02 1.919803661910773340e-01
3.798000000000000114e+02 1.863438089061320857e-01
3.811000000000000227e+02 1.884978898045506224e-01
3.823000000000000114e+02 1.875435703556230238e-01
3.836000000000000227e+02 1.715771427422081996e-01
3.848999999999999773e+02 1.674919772907173254e-01
3.861999999999999886e+02 1.585168897880971650e-01
3.873999999999999773e+02 1.547034682661640459e-01
3.886999999999999886e+02 1.458773929683510606e-01
3.900000000000000000e+02 1.427475560157488443e-01
3.911999999999999886e+02 1.337775690518440419e-01
3.925000000000000000e+02 1.433342517941721406e-01
3.938000000000000114e+02 1.317682314849583369e-01
3.951000000000000227e+02 1.230070466243605165e-01
3.963000000000000114e+02 1.289546178844680757e-01
3.976000000000000227e+02 1.414056515228423183e-01
3.988999999999999773e+02 1.349171707845651658e-01
4.001000000000000227e+02 1.244226823384073088e-01
4.013999999999999773e+02 1.321193241090347636e-01
4.026999999999999886e+02 1.380927948141237871e-01
4.038999999999999773e+02 1.376109738865822774e-01
4.051999999999999886e+02 1.327293049721417484e-01
4.065000000000000000e+02 1.261918593181521331e-01
4.076999999999999886e+02 1.217665902685505647e-01
4.090000000000000000e+02 1.184327519034586162e-01
4.103000000000000114e+02 1.157033223075444595e-01
4.115000000000000000e+02 1.164931292668615337e-01
4.128000000000000114e+02 1.186730458475560857e-01
4.141000000000000227e+02 1.210651003941943249e-01
4.153000000000000114e+02 1.246551221701373280e-01
4.166000000000000227e+02 1.283293564414738630e-01
4.178999999999999773e+02 1.319828446300534974e-01
4.191000000000000227e+02 1.384359419007604730e-01
4.203999999999999773e+02 1.447470528818073365e-01
4.216999999999999886e+02 1.521245326177401713e-01
4.228999999999999773e+02 1.598563835074378603e-01
4.241999999999999886e+02 1.681064420822471761e-01
4.255000000000000000e+02 1.740492245026497575e-01
4.266999999999999886e+02 1.794435675540395070e-01
4.280000000000000000e+02 1.820725537510829994e-01
4.291999999999999886e+02 1.847588250541255528e-01
4.305000000000000000e+02 1.887260651961587543e-01
4.318000000000000114e+02 1.917765352071154061e-01
4.330000000000000000e+02 1.920003330807568132e-01
4.343000000000000114e+02 1.951175903127811417e-01
4.355000000000000000e+02 2.002870934092124133e-01
4.368000000000000114e+02 2.029943014126919243e-01
4.381000000000000227e+02 2.066673844904584612e-01
4.393000000000000114e+02 2.135981138898793708e-01
4.406000000000000227e+02 2.178019650738561019e-01
4.418000000000000114e+02 2.236118523933322555e-01
4.431000000000000227e+02 2.326532154781330575e-01
4.443999999999999773e+02 2.403334478194680268e-01
4.456000000000000227e+02 2.481776666399886921e-01
4.468999999999999773e+02 2.559848560640839432e-01
4.481000000000000227e+02 2.640565393107899839e-01
4.493999999999999773e+02 2.677096672471052652e-01
4.506999999999999886e+02 2.723244928834576695e-01
4.518999999999999773e+02 2.778531206798744990e-01
4.531999999999999886e+02 2.826017751632958763e-01
4.543999999999999773e+02 2.884616140285391483e-01
4.556999999999999886e+02 2.914488386234978523e-01
4.568999999999999773e+02 2.912590206260247117e-01
4.581999999999999886e+02 2.902692295936629696e-01
4.593999999999999773e+02 2.871468937907230012e-01
4.606999999999999886e+02 2.817120479669583122e-01
4.620000000000000000e+02 2.706822610353264991e-01
4.631999999999999886e+02 2.597942799247105472e-01
4.645000000000000000e+02 2.495891182538346742e-01
4.656999999999999886e+02 2.409287194408802346e-01
4.670000000000000000e+02 2.364655883509311218e-01
4.681999999999999886e+02 2.309891459654169199e-01
4.695000000000000000e+02 2.274477607264455137e-01
4.706999999999999886e+02 2.267487586487756390e-01
4.720000000000000000e+02 2.257083982505646014e-01
4.731999999999999886e+02 2.210718543229638344e-01
4.745000000000000000e+02 2.154769981651801780e-01
4.756999999999999886e+02 2.127330127401159676e-01
4.770000000000000000e+02 2.124142456859629546e-01
4.781999999999999886e+02 2.135561199465700333e-01
4.795000000000000000e+02 2.166670824930758688e-01
4.806999999999999886e+02 2.170200212737549705e-01
4.820000000000000000e+02 2.159690551418228521e-01
4.831999999999999886e+02 2.121957780858708675e-01
4.845000000000000000e+02 2.020104172122980102e-01
4.856999999999999886e+02 1.885437734387948594e-01
4.870000000000000000e+02 1.767783818519784722e-01
4.881999999999999886e+02 1.681895991532051660e-01
4.895000000000000000e+02 1.613676397355702785e-01
4.906999999999999886e+02 1.540248716594764811e-01
4.920000000000000000e+02 1.466673321264416463e-01
4.931999999999999886e+02 1.401205415587000180e-01
4.945000000000000000e+02 1.353752723593960594e-01
4.956999999999999886e+02 1.307930401663117970e-01
4.970000000000000000e+02 1.243124757830523230e-01
4.981999999999999886e+02 1.187158962358120934e-01
4.993999999999999773e+02 1.147332981429495524e-01
5.006999999999999886e+02 1.122774295725397775e-01
5.018999999999999773e+02 1.088182549247886377e-01
5.031999999999999886e+02 1.057754865072935424e-01
5.043999999999999773e+02 1.041558323545141718e-01
5.056999999999999886e+02 1.043220114247131597e-01
5.068999999999999773e+02 1.068492770505118927e-01
5.081999999999999886e+02 1.111052982850616044e-01
5.093999999999999773e+02 1.112140792489234170e-01
5.106000000000000227e+02 1.091185085860778559e-01
5.118999999999999773e+02 1.059628156181152830e-01
5.131000000000000227e+02 1.019188819254975009e-01
5.143999999999999773e+02 9.657118038634576740e-02
5.156000000000000227e+02 9.201408045038714234e-02
5.168999999999999773e+02 8.809745825766157612e-02
5.181000000000000227e+02 8.380544810512183251e-02
5.192999999999999545e+02 8.081714880608739660e-02
5.206000000000000227e+02 7.809979902619607062e-02
5.217999999999999545e+02 7.396182526811290181e-02
5.231000000000000227e+02 6.868172184823019555e-02
5.242999999999999545e+02 6.325824808144761557e-02
5.255000000000000000e+02 5.686076203673220975e-02
5.267999999999999545e+02 5.320047144620336510e-02
5.280000000000000000e+02 5.171731510588184477e-02
5.292999999999999545e+02 4.894410590219679114e-02
5.305000000000000000e+02 4.501706375545611039e-02
5.317000000000000455e+02 4.393682569001325366e-02
5.330000000000000000e+02 4.393582673609783273e-02
5.342000000000000455e+02 4.367185911709006718e-02
5.353999999999999773e+02 3.974731638860223848e-02
5.367000000000000455e+02 3.592736880043635034e-02
5.378999999999999773e+02 3.212754261328602812e-02
5.392000000000000455e+02 3.056603882599630284e-02
5.403999999999999773e+02 2.742607277567224791e-02
5.416000000000000227e+02 2.260702030147453481e-02
5.428999999999999773e+02 1.913535615130733392e-02
5.441000000000000227e+02 1.822803615170523472e-02
5.452999999999999545e+02 1.820120217663367262e-02
5.466000000000000227e+02 1.986164457260261584e-02
5.477999999999999545e+02 2.167549651614875811e-02
5.490000000000000000e+02 2.438533137341816065e-02
5.502999999999999545e+02 2.857224237156583135e-02
5.515000000000000000e+02 3.497355935014631600e-02
5.527000000000000455e+02 4.083672172946765239e-02
5.540000000000000000e+02 4.635772631965964091e-02
5.552000000000000455e+02 5.073657815132702475e-02
5.563999999999999773e+02 5.220146920042761929e-02
5.577000000000000455e+02 5.306476770314287605e-02
5.588999999999999773e+02 5.421291843428543283e-02
5.601000000000000227e+02 5.364445719784702304e-02
5.613999999999999773e+02 5.151883448817434763e-02
5.626000000000000227e+02 4.779144690640507731e-02
5.637999999999999545e+02 4.483098622021202545e-02
5.650000000000000000e+02 3.955380173923296605e-02
5.662999999999999545e+02 3.536178081128101697e-02
5.675000000000000000e+02 3.083864384083997989e-02
5.687000000000000455e+02 2.758629898024692745e-02
5.700000000000000000e+02 2.704088699834746728e-02
5.712000000000000455e+02 2.900869232315756580e-02
5.723999999999999773e+02 3.291248316766055837e-02
5.736000000000000227e+02 3.532984914390659148e-02
5.748999999999999773e+02 3.571376704987569428e-02
5.761000000000000227e+02 3.508077620149065157e-02
5.772999999999999545e+02 3.340133592324347894e-02
5.786000000000000227e+02 3.356568041716032763e-02
5.797999999999999545e+02 3.188465194340604075e-02
5.810000000000000000e+02 3.249963171052176747e-02
5.822000000000000455e+02 3.169468519213920060e-02
5.835000000000000000e+02 3.067826951740444674e-02
5.847000000000000455e+02 2.897750892702262090e-02
5.858999999999999773e+02 2.933806080853091497e-02
5.871000000000000227e+02 3.124438325011615752e-02
5.883999999999999773e+02 3.167199187840790547e-02
5.896000000000000227e+02 3.448775815669517797e-02
5.907999999999999545e+02 3.923826313755487266e-02
5.920000000000000000e+02 4.373431088408107764e-02
5.932999999999999545e+02 4.905757736428591198e-02
5.945000000000000000e+02 5.185235919605944710e-02
5.957000000000000455e+02 5.234586968818558811e-02
5.968999999999999773e+02 5.414660059798826613e-02
5.981000000000000227e+02 5.988033803460279109e-02
5.993999999999999773e+02 6.318887769016949540e-02
6.006000000000000227e+02 6.767824103557329440e-02
6.017999999999999545e+02 7.512237836264612501e-02
6.030000000000000000e+02 8.376563719368253225e-02
6.042999999999999545e+02 9.337433228853336820e-02
6.055000000000000000e+02 1.017480464745582625e-01
6.067000000000000455e+02 1.098978644485274492e-01
6.078999999999999773e+02 1.176482429258480233e-01
6.091000000000000227e+02 1.283331133822798731e-01
6.103999999999999773e+02 1.384074209919977927e-01
6.116000000000000227e+02 1.459297431742651030e-01
6.127999999999999545e+02 1.541794898554586790e-01
6.140000000000000000e+02 1.611087970238902489e-01
6.152000000000000455e+02 1.666774036371080070e-01
6.165000000000000000e+02 1.684024587289446040e-01
6.177000000000000455e+02 1.679495544514257310e-01
6.188999999999999773e+02 1.679707959449411314e-01
6.201000000000000227e+02 1.689211089896966445e-01
6.212999999999999545e+02 1.708441714997615268e-01
6.225000000000000000e+02 1.692004321951800505e-01
6.237999999999999545e+02 1.678026722539040783e-01
6.250000000000000000e+02 1.647407709964656963e-01
6.262000000000000455e+02 1.616089559359106531e-01
6.273999999999999773e+02 1.560305719029029536e-01
6.286000000000000227e+02 1.478580145194108297e-01
6.297999999999999545e+02 1.406541696618550386e-01
6.310000000000000000e+02 1.340417519037958582e-01
6.322999999999999545e+02 1.294519975472459561e-01
6.335000000000000000e+02 1.270865362647284891e-01
6.347000000000000455e+02 1.250783732743488419e-01
6.358999999999999773e+02 1.282036074724763053e-01
6.371000000000000227e+02 1.319265858825957038e-01
6.382999999999999545e+02 1.355249885024563672e-01
6.395000000000000000e+02 1.355441393919407933e-01
6.407999999999999545e+02 1.317753221323884061e-01
6.420000000000000000e+02 1.249658637066098921e-01
6.432000000000000455e+02 1.148031167653627282e-01
6.443999999999999773e+02 1.049795323430458560e-01
6.456000000000000227e+02 9.479844393965550231e-02
6.467999999999999545e+02 8.568978450135403269e-02
6.480000000000000000e+02 7.982084056374179337e-02
6.492000000000000455e+02 7.602497135058192135e-02
6.503999999999999773e+02 7.294854362911259993e-02
6.517000000000000455e+02 6.778188608857874109e-02
6.528999999999999773e+02 6.123642863770727834e-02
6.541000000000000227e+02 5.599287642070004123e-02
6.552999999999999545e+02 5.011148891864339316e-02
6.565000000000000000e+02 4.642052474323171696e-02
6.577000000000000455e+02 4.368185371450686305e-02
6.588999999999999773e+02 3.988380102933331006e-02
6.601000000000000227e+02 3.653849039066558307e-02
6.612999999999999545e+02 3.636987380687454335e-02
6.625000000000000000e+02 3.658260252127233658e-02
6.637000000000000455e+02 3.533303857733460090e-02
6.650000000000000000e+02 3.598289494431490543e-02
6.662000000000000455e+02 3.694890653776118639e-02
6.673999999999999773e+02 3.587769398971130813e-02
6.686000000000000227e+02 3.496491992852571173e-02
6.697999999999999545e+02 3.435487974565751973e-02
6.710000000000000000e+02 2.892625246280730242e-02
6.722000000000000455e+02 2.270258631438948696e-02
6.733999999999999773e+02 1.772777289029446590e-02
6.746000000000000227e+02 1.289719833599265592e-02
6.757999999999999545e+02 8.440330580610534705e-03
6.770000000000000000e+02 6.148305583485128012e-03
6.782000000000000455e+02 5.684802152957247647e-03
6.793999999999999773e+02 4.802524018011160127e-03
6.806000000000000227e+02 4.218118491332410389e-03
6.817999999999999545e+02 5.079502304035018144e-03
6.830000000000000000e+02 2.669144425253114870e-03
6.842000000000000455e+02 5.821937316334972225e-04
6.853999999999999773e+02 1.379133810884323823e-04
6.866000000000000227e+02 2.818200861313594537e-03
6.877999999999999545e+02 4.592595834237929268e-03
6.890000000000000000e+02 4.998271380262187501e-03
6.902000000000000455e+02 7.202433813766354054e-03
6.913999999999999773e+02 7.002363341561325394e-03
6.926000000000000227e+02 6.040406020429208572e-03
6.937999999999999545e+02 5.069534147510348226e-03
6.950000000000000000e+02 1.998515786140062957e-03
6.962000000000000455e+02 -1.211871659883413535e-03
6.973999999999999773e+02 -3.853548230517358716e-03
6.986000000000000227e+02 -4.995893544269442398e-03
6.997999999999999545e+02 -8.094782362253869282e-03
7.010000000000000000e+02 -1.064213781743232091e-02
7.022000000000000455e+02 -1.037851470716773770e-02
7.033999999999999773e+02 -9.805709385790412763e-03
7.046000000000000227e+02 -5.744165807983319001e-03
7.057999999999999545e+02 -1.893851872677616583e-03
7.070000000000000000e+02 1.605805000081974871e-03
7.082000000000000455e+02 5.476100743717595559e-03
7.093999999999999773e+02 8.950613468772478792e-03
7.106000000000000227e+02 1.124638533439413501e-02
7.117999999999999545e+02 1.104652276557516535e-02
7.130000000000000000e+02 1.209969327548374336e-02
7.142000000000000455e+02 1.206473983191017063e-02
7.153999999999999773e+02 1.225890352001966083e-02
7.166000000000000227e+02 1.091362249775101531e-02
7.177999999999999545e+02 6.757493414218397262e-03
7.190000000000000000e+02 3.734710968949104572e-03
7.202000000000000455e+02 4.107872832890757490e-03
7.213999999999999773e+02 5.028662586701438883e-03
7.226000000000000227e+02 5.565426152855735935e-03
7.237999999999999545e+02 9.246402376150906349e-03
7.250000000000000000e+02 1.836776975990834365e-02
7.262000000000000455e+02 2.726826777931566290e-02
7.272999999999999545e+02 3.758777113232739109e-02
7.285000000000000000e+02 4.609019249606388646e-02
7.297000000000000455e+02 5.393833051374176402e-02
7.308999999999999773e+02 6.090386871706024441e-02
7.321000000000000227e+02 6.628886046292750689e-02
7.332999999999999545e+02 6.991327156939802778e-02
7.345000000000000000e+02 7.060768710288684025e-02
7.357000000000000455e+02 7.189290181334984098e-02
7.368999999999999773e+02 7.386632111774950327e-02
7.381000000000000227e+02 7.454710441870160409e-02
7.392999999999999545e+02 7.907026551186605023e-02
7.405000000000000000e+02 8.364494917852779987e-02
7.416000000000000227e+02 8.961775587568157619e-02
7.427999999999999545e+02 9.972069539082104028e-02
7.440000000000000000e+02 1.141204470006687843e-01
7.452000000000000455e+02 1.298707683797915846e-01
7.463999999999999773e+02 1.432991838491889103e-01
7.476000000000000227e+02 1.546679961505600109e-01
7.487999999999999545e+02 1.687413975819779532e-01
7.500000000000000000e+02 1.792427855913809043e-01
7.511000000000000227e+02 1.831752450656035924e-01
7.522999999999999545e+02 1.779693701240101789e-01
7.535000000000000000e+02 1.670500250534495690e-01
7.547000000000000455e+02 1.536428695834844982e-01
7.558999999999999773e+02 1.381783537257010031e-01
7.571000000000000227e+02 1.215870553953694311e-01
7.582999999999999545e+02 1.065133700015513663e-01
7.595000000000000000e+02 9.612623172822246098e-02
7.606000000000000227e+02 9.208504103916584360e-02
7.617999999999999545e+02 8.983639634454312906e-02
7.630000000000000000e+02 8.727390704619619743e-02
7.642000000000000455e+02 8.471542334797581286e-02
7.653999999999999773e+02 8.234212908461262248e-02
7.666000000000000227e+02 7.848270022829138826e-02
7.677000000000000455e+02 7.264485374473456103e-02
7.688999999999999773e+02 6.973764785208746986e-02
7.701000000000000227e+02 6.762505531140164394e-02
7.712999999999999545e+02 6.598769278161445428e-02
7.725000000000000000e+02 6.249781995910204391e-02
7.737000000000000455e+02 6.159901278924776596e-02
7.747999999999999545e+02 6.341278351700244120e-02
7.760000000000000000e+02 6.596226381561166863e-02
7.772000000000000455e+02 6.972582310227082303e-02
7.783999999999999773e+02 7.275310231152015694e-02
7.796000000000000227e+02 7.357543817765951899e-02
7.807999999999999545e+02 7.768499493910259457e-02
7.818999999999999773e+02 7.952855123247114244e-02
7.831000000000000227e+02 7.993023501802851150e-02
7.842999999999999545e+02 7.988237627919721195e-02
7.855000000000000000e+02 8.236641464478093588e-02
7.867000000000000455e+02 8.531874263737054820e-02
7.877999999999999545e+02 8.879224507895398799e-02
7.890000000000000000e+02 9.169858020836786638e-02
7.902000000000000455e+02 9.323892324982553659e-02
7.913999999999999773e+02 9.500686092559713913e-02
7.926000000000000227e+02 9.720529660737833866e-02
7.937000000000000455e+02 9.706563666592998851e-02
7.948999999999999773e+02 1.005187012316226258e-01
7.961000000000000227e+02 1.050444138264358396e-01
7.972999999999999545e+02 1.092341026410876270e-01
7.983999999999999773e+02 1.108222091310878399e-01
7.996000000000000227e+02 1.143763971947206054e-01
8.007999999999999545e+02 1.151598672611434809e-01
8.020000000000000000e+02 1.135049266704149795e-01
8.031000000000000227e+02 1.135463505973005605e-01
8.042999999999999545e+02 1.112522906765648217e-01
8.055000000000000000e+02 1.077670598864678142e-01
8.067000000000000455e+02 1.080431514500295592e-01
8.077999999999999545e+02 1.056639375399429370e-01
8.090000000000000000e+02 1.014110216887023214e-01
8.102000000000000455e+02 9.633725243560796458e-02
8.113999999999999773e+02 9.406354114667220268e-02
8.125000000000000000e+02 8.941684101837918397e-02
8.137000000000000455e+02 8.571955909811544705e-02
8.148999999999999773e+02 8.334172372808797136e-02
8.161000000000000227e+02 8.355645353771923300e-02
8.172000000000000455e+02 8.773518349879745604e-02
8.183999999999999773e+02 9.885081948932422646e-02
8.196000000000000227e+02 1.137394989268129819e-01
8.207999999999999545e+02 1.312653744872369910e-01
8.218999999999999773e+02 1.524121127612420024e-01
8.231000000000000227e+02 1.753603594825311474e-01
8.242999999999999545e+02 1.969439219531975704e-01
8.253999999999999773e+02 2.142323199550493773e-01
8.266000000000000227e+02 2.220039319124469945e-01
8.277999999999999545e+02 2.216283803110639106e-01
8.290000000000000000e+02 2.097345078515165384e-01
8.301000000000000227e+02 1.901463989502003016e-01
8.312999999999999545e+02 1.664786452096455316e-01
8.325000000000000000e+02 1.409666892203953470e-01
8.336000000000000227e+02 1.183871006190874708e-01
8.347999999999999545e+02 9.955393252372084223e-02
8.360000000000000000e+02 8.857981639046802469e-02
8.371000000000000227e+02 8.211119229581856360e-02
8.382999999999999545e+02 7.863590633277241226e-02
8.395000000000000000e+02 7.776008475032500367e-02
8.406000000000000227e+02 7.432164212869403486e-02
8.417999999999999545e+02 7.195806791186303009e-02
8.430000000000000000e+02 7.125203043207584130e-02
8.441000000000000227e+02 7.160234592922469499e-02
8.452999999999999545e+02 7.107893623504853153e-02
8.465000000000000000e+02 7.007247984098714799e-02
8.476000000000000227e+02 7.138390417884239725e-02
8.487999999999999545e+02 7.375509294438520325e-02
8.500000000000000000e+02 7.357692831738421591e-02
8.511000000000000227e+02 7.229082394696077773e-02
8.522999999999999545e+02 6.755313951576263909e-02
8.535000000000000000e+02 6.610751354086283338e-02
8.546000000000000227e+02 6.529123890884575010e-02
8.557999999999999545e+02 6.470885880055063377e-02
8.570000000000000000e+02 6.571337214522511572e-02
8.581000000000000227e+02 6.849702237249963299e-02
8.592999999999999545e+02 7.618803722889073982e-02
8.605000000000000000e+02 8.455755373396502128e-02
8.616000000000000227e+02 8.880716851951142576e-02
8.627999999999999545e+02 9.058019879700636434e-02
8.638999999999999773e+02 9.149753945728872351e-02
8.651000000000000227e+02 9.476279849289769019e-02
8.662999999999999545e+02 9.561048727802523572e-02
8.673999999999999773e+02 9.714912543632361897e-02
8.686000000000000227e+02 1.003187644490702302e-01
8.697999999999999545e+02 1.052641329912522294e-01
8.708999999999999773e+02 1.130051920303959817e-01
8.721000000000000227e+02 1.166289135331968763e-01
8.732000000000000455e+02 1.180626699835208432e-01
8.743999999999999773e+02 1.185372572986403555e-01
8.756000000000000227e+02 1.170528193278700668e-01
8.767000000000000455e+02 1.140628722158077701e-01
8.778999999999999773e+02 1.084408512091323967e-01
8.790000000000000000e+02 1.040672415584900090e-01
8.802000000000000455e+02 1.005871112370890497e-01
8.813999999999999773e+02 9.998420592435681986e-02
8.825000000000000000e+02 1.005682728133025783e-01
8.837000000000000455e+02 9.935095170159424782e-02
8.847999999999999545e+02 9.908798042002923967e-02
8.860000000000000000e+02 1.001454721889976085e-01
8.871000000000000227e+02 9.946275952253459673e-02
8.882999999999999545e+02 1.015140837094963416e-01
8.895000000000000000e+02 1.023403393061432937e-01
8.906000000000000227e+02 1.054165694242370499e-01
8.917999999999999545e+02 1.102265874251634747e-01
8.928999999999999773e+02 1.157449709357814827e-01
8.941000000000000227e+02 1.187145654891549884e-01
8.952000000000000455e+02 1.190830801385018151e-01
8.963999999999999773e+02 1.155570298197975410e-01
8.976000000000000227e+02 1.084494268531921990e-01
8.987000000000000455e+02 9.819041766673390625e-02
8.998999999999999773e+02 9.052080513543100948e-02
9.010000000000000000e+02 8.224175528886207287e-02
9.022000000000000455e+02 7.353261252811219006e-02
9.032999999999999545e+02 6.603748007717111235e-02
9.045000000000000000e+02 5.988345993034215053e-02
9.056000000000000227e+02 5.465739106303824091e-02
9.067999999999999545e+02 5.262764981662024222e-02
9.078999999999999773e+02 5.099056968002507045e-02
9.091000000000000227e+02 4.948667639552561948e-02
9.102000000000000455e+02 5.019231448868120837e-02
9.113999999999999773e+02 5.243109245734986490e-02
9.126000000000000227e+02 5.292769484708079869e-02
9.137000000000000455e+02 5.021040035292925752e-02
9.148999999999999773e+02 4.624672288915007701e-02
9.160000000000000000e+02 4.332702931134425894e-02
9.172000000000000455e+02 4.145487447415813209e-02
9.182999999999999545e+02 4.068097502291046635e-02
9.195000000000000000e+02 3.884697789690953751e-02
9.206000000000000227e+02 3.579199814835488241e-02
9.217999999999999545e+02 3.632530269065128298e-02
9.228999999999999773e+02 3.635003229953472081e-02
9.241000000000000227e+02 3.579776851789662206e-02
9.252000000000000455e+02 3.618700422944023942e-02
9.263999999999999773e+02 3.667435549925261024e-02
9.275000000000000000e+02 4.002261440346644578e-02
9.287000000000000455e+02 4.402383543270103894e-02
9.297999999999999545e+02 5.030148026034626796e-02
9.310000000000000000e+02 5.586993462041697778e-02
9.321000000000000227e+02 6.133026253739181505e-02
9.332999999999999545e+02 7.029493626259827876e-02
9.343999999999999773e+02 7.678725339741593325e-02
9.355000000000000000e+02 8.284171122118252906e-02
9.367000000000000455e+02 8.717045897040232028e-02
9.377999999999999545e+02 9.063221841177407367e-02
9.390000000000000000e+02 9.402217947654117891e-02
9.401000000000000227e+02 9.693878474786590815e-02
9.412999999999999545e+02 1.011879810149255432e-01
9.423999999999999773e+02 1.056529976019467965e-01
9.436000000000000227e+02 1.107460282762609965e-01
9.447000000000000455e+02 1.132141881475867973e-01
9.458999999999999773e+02 1.120273131866053040e-01
9.470000000000000000e+02 1.100060470371941879e-01
9.481000000000000227e+02 1.054829524326546253e-01
9.492999999999999545e+02 1.021567990318271724e-01
9.503999999999999773e+02 9.661084113701373655e-02
9.516000000000000227e+02 9.076371264093152647e-02
9.527000000000000455e+02 8.749895102559511473e-02
9.538999999999999773e+02 8.546277367604238062e-02
9.550000000000000000e+02 8.267955278459968027e-02
9.562000000000000455e+02 7.599693670394931655e-02
9.572999999999999545e+02 7.039573100323300026e-02
9.583999999999999773e+02 6.576155101945425907e-02
9.596000000000000227e+02 6.212716080345037639e-02
9.607000000000000455e+02 5.896749244940388546e-02
9.618999999999999773e+02 5.103629868498182898e-02
9.630000000000000000e+02 4.343940323249367852e-02
9.641000000000000227e+02 3.736966161553860466e-02
9.652999999999999545e+02 2.962521881688189029e-02
9.663999999999999773e+02 2.146482236352604753e-02
9.676000000000000227e+02 1.572845073633846041e-02
9.687000000000000455e+02 1.680746767663904989e-02
9.697999999999999545e+02 1.860114010102827120e-02
9.710000000000000000e+02 2.046777090968871643e-02
9.721000000000000227e+02 2.249637011291345107e-02
9.732999999999999545e+02 2.056172115951043766e-02
9.743999999999999773e+02 1.831184103719757719e-02
9.755000000000000000e+02 1.735521512361371671e-02
9.767000000000000455e+02 1.522227826094380530e-02
9.777999999999999545e+02 1.241924930246762759e-02
9.790000000000000000e+02 1.286727351001194265e-02
9.801000000000000227e+02 1.732710682743965336e-02
9.812000000000000455e+02 1.963519147740530255e-02
9.823999999999999773e+02 1.963165145399953238e-02
9.835000000000000000e+02 2.057264781881504648e-02
9.846000000000000227e+02 2.221513134219882390e-02
9.857999999999999545e+02 2.104628411362249873e-02
9.868999999999999773e+02 2.025892253531079781e-02
9.881000000000000227e+02 1.735853493637801864e-02
9.892000000000000455e+02 1.380730732392645640e-02
9.893999999999999773e+02 1.089060988004723549e-02
9.902999999999999545e+02 1.037824966511945515e-02
9.905000000000000000e+02 8.668387571552478577e-03
9.915000000000000000e+02 7.986216883705668512e-03
9.917000000000000455e+02 7.743562435611157230e-03
9.926000000000000227e+02 1.007261915425093288e-02
9.927999999999999545e+02 9.121243913271535886e-03
9.937000000000000455e+02 6.733397113249271412e-03
9.940000000000000000e+02 4.724375690020909610e-03
9.948999999999999773e+02 5.499101811032218109e-03
9.951000000000000227e+02 6.283732348793336434e-03
9.960000000000000000e+02 9.122028920744791949e-03
9.962999999999999545e+02 1.039921609799502114e-02
9.971000000000000227e+02 1.425832197003120208e-02
9.973999999999999773e+02 1.639240835545120387e-02
9.982999999999999545e+02 2.009884607134813927e-02
9.986000000000000227e+02 2.492102942665682178e-02
9.993999999999999773e+02 2.688891696067730042e-02
9.997000000000000455e+02 2.801799344852715437e-02
1.000500000000000000e+03 2.977950118416879122e-02
1.000899999999999977e+03 2.859997797904667224e-02
1.001700000000000045e+03 2.696375654147121353e-02
1.002000000000000000e+03 2.365452195775231276e-02
1.002799999999999955e+03 2.105481102464090704e-02
1.003200000000000045e+03 1.972121560838749690e-02
1.003899999999999977e+03 1.974481775578833601e-02
1.004299999999999955e+03 2.067621344849068094e-02
1.005100000000000023e+03 1.930959044487531515e-02
1.005500000000000000e+03 1.662547782209446504e-02
1.006200000000000045e+03 1.610565353482839787e-02
1.006600000000000023e+03 1.532158500676751058e-02
1.007299999999999955e+03 1.553093303307585479e-02
1.007799999999999955e+03 1.638766646758672493e-02
1.008500000000000000e+03 1.548928120812486167e-02
1.008899999999999977e+03 1.478798994609861056e-02
1.009600000000000023e+03 1.618332798009571374e-02
1.010000000000000000e+03 1.652740372657512599e-02
1.010700000000000045e+03 1.628765386414509839e-02
1.011200000000000045e+03 1.354477937240755603e-02
1.011899999999999977e+03 1.129803838425221321e-02
1.012299999999999955e+03 9.509396021475571142e-03
1.013000000000000000e+03 6.309391937810281820e-03
1.013500000000000000e+03 3.733511243057120992e-03
1.014100000000000023e+03 -5.708670569557297049e-04
1.014600000000000023e+03 -3.373862004902593130e-03
1.015299999999999955e+03 -1.868130860877290425e-03
1.015799999999999955e+03 -1.441141894955661395e-04
1.016399999999999977e+03 3.145145552080967979e-03
1.016899999999999977e+03 4.520629915923314590e-03
1.017500000000000000e+03 7.847364990290293246e-03
1.018100000000000023e+03 1.211651687136427839e-02
1.018600000000000023e+03 1.423297424714035225e-02
1.019200000000000045e+03 1.570613070910732018e-02
1.019799999999999955e+03 1.631487689555006365e-02
1.020299999999999955e+03 1.618607216780625080e-02
1.020899999999999977e+03 1.415790831705926456e-02
1.021500000000000000e+03 1.219493836899158100e-02
1.022000000000000000e+03 1.172136648777957757e-02
1.022600000000000023e+03 1.271350428202323336e-02
1.023200000000000045e+03 1.542502292835690701e-02
1.023799999999999955e+03 1.764020732291497057e-02
1.024299999999999955e+03 2.072320118055795066e-02
1.024900000000000091e+03 2.508002744239344606e-02
1.025400000000000091e+03 2.793545586199031733e-02
1.026000000000000000e+03 3.017883627504536898e-02
1.026500000000000000e+03 3.072232052567699934e-02
1.027200000000000045e+03 3.259228622768333555e-02
1.027700000000000045e+03 3.358089661720652097e-02
1.028299999999999955e+03 3.489727273876869901e-02
1.028799999999999955e+03 3.395438328350686152e-02
1.029500000000000000e+03 3.209242687958387130e-02
1.029900000000000091e+03 3.205846480025673073e-02
1.030599999999999909e+03 3.496833365784364489e-02
1.031099999999999909e+03 3.656426672995922306e-02
1.031700000000000045e+03 3.932224329719015421e-02
1.032200000000000045e+03 4.152590848399672491e-02
1.032900000000000091e+03 4.490848547142862329e-02
1.033299999999999955e+03 4.747989901267544305e-02
1.034000000000000000e+03 4.819692406157551068e-02
1.034400000000000091e+03 4.791855036670791823e-02
1.035200000000000045e+03 4.806366976016072934e-02
1.035599999999999909e+03 4.818509190830218281e-02
1.036299999999999955e+03 5.022424687191102965e-02
1.036700000000000045e+03 5.239123641838984435e-02
1.037400000000000091e+03 5.366026438581807112e-02
1.037799999999999955e+03 5.301239136273395991e-02
1.038599999999999909e+03 5.282552299538491314e-02
1.038900000000000091e+03 5.131609603833063582e-02
1.039700000000000045e+03 4.927549786302806711e-02
1.040099999999999909e+03 4.663876803075769212e-02
1.040799999999999955e+03 4.478112544388890282e-02
1.041200000000000045e+03 4.327962462687117567e-02
1.042000000000000000e+03 4.321626602052019983e-02
1.042299999999999955e+03 4.243108663731898211e-02
1.043099999999999909e+03 3.821975841013661862e-02
1.043400000000000091e+03 3.435245377536898237e-02
1.044299999999999955e+03 3.134857330280968468e-02
1.044599999999999909e+03 2.808699662158206309e-02
1.045400000000000091e+03 2.524223820979054275e-02
1.045700000000000045e+03 1.975420622526869938e-02
1.046500000000000000e+03 1.854711707202063783e-02
1.046799999999999955e+03 1.978300863549185135e-02
1.047700000000000045e+03 2.268082222362819214e-02
1.047900000000000091e+03 2.313089875492823841e-02
1.048799999999999955e+03 2.256298994969452298e-02
1.049099999999999909e+03 2.203960822191211588e-02
1.049900000000000091e+03 1.947044373374401741e-02
1.050200000000000045e+03 1.522195613356087419e-02
1.051099999999999909e+03 1.112264834139084675e-02
1.051299999999999955e+03 7.505106135183024600e-03
1.052200000000000045e+03 8.165984171951676251e-03
1.052400000000000091e+03 1.014297747685552649e-02
1.053299999999999955e+03 1.339505632075668057e-02
1.053500000000000000e+03 1.471460412862178255e-02
1.054500000000000000e+03 1.614740771342863465e-02
1.054700000000000045e+03 1.668765009793804141e-02
1.055599999999999909e+03 1.763102306874381880e-02
1.055799999999999955e+03 1.672633350577140687e-02
1.056700000000000045e+03 1.526408798640551366e-02
1.056900000000000091e+03 1.409942741091355090e-02
1.057900000000000091e+03 1.401935432951468240e-02
1.058000000000000000e+03 1.346767905187349484e-02
1.059000000000000000e+03 1.126728980756431381e-02
1.059200000000000045e+03 8.198667289045493897e-03
1.060099999999999909e+03 6.082540040799108878e-03
1.060299999999999955e+03 5.652552244988093971e-03
1.061299999999999955e+03 8.201838976790632244e-03
1.061400000000000091e+03 9.957629646836302362e-03
1.062400000000000091e+03 1.233576723875525957e-02
1.062500000000000000e+03 1.599153572651836400e-02
1.063500000000000000e+03 1.943484779282268760e-02
1.063599999999999909e+03 2.127495083677564611e-02
1.064700000000000045e+03 2.057389109865458490e-02
1.064799999999999955e+03 2.209581842618857719e-02
1.065799999999999955e+03 2.358071986001271728e-02
1.065900000000000091e+03 2.380189862196903372e-02
1.066900000000000091e+03 2.405602748552434361e-02
1.067000000000000000e+03 2.298122785463571627e-02
1.068000000000000000e+03 2.223643837907810991e-02
1.068099999999999909e+03 2.246315242695063122e-02
1.069200000000000045e+03 2.180783411128516328e-02
1.070299999999999955e+03 1.873915876532342498e-02
1.070400000000000091e+03 1.371610504857960836e-02
1.071400000000000091e+03 1.184546755286076773e-02
1.071500000000000000e+03 1.121570366286080145e-02
1.072599999999999909e+03 1.073933296762640856e-02
1.073700000000000045e+03 1.020051444242493256e-02
1.074799999999999955e+03 1.114599555854003249e-02
1.075900000000000091e+03 1.320357552481818408e-02
1.077099999999999909e+03 1.755924987857297379e-02
1.078200000000000045e+03 2.204462496429599253e-02
1.079299999999999955e+03 2.330928281969377180e-02
1.080400000000000091e+03 2.478923012637820195e-02
1.080500000000000000e+03 2.705001014849535770e-02
1.081500000000000000e+03 3.060346584578492804e-02
1.081599999999999909e+03 3.246453797508991324e-02
1.082599999999999909e+03 3.452860604624283930e-02
1.082700000000000045e+03 3.515593380558130338e-02
1.083799999999999955e+03 3.578553225211787009e-02
1.084900000000000091e+03 3.640459285880207063e-02
1.085000000000000000e+03 3.764837040905834320e-02
1.086000000000000000e+03 3.884443460542168908e-02
1.086099999999999909e+03 4.246043070131290398e-02
1.087099999999999909e+03 4.350158829821070688e-02
1.087200000000000045e+03 4.598135458819277432e-02
1.088200000000000045e+03 4.819039065902989971e-02
1.088299999999999955e+03 5.220184719248725791e-02
1.089299999999999955e+03 5.429663788462214119e-02
1.089500000000000000e+03 5.721900651960463297e-02
1.090500000000000000e+03 6.086463351899569496e-02
1.090599999999999909e+03 6.267538176280415541e-02
1.091599999999999909e+03 6.365458686006628120e-02
1.091700000000000045e+03 6.429818989746265145e-02
1.092700000000000045e+03 6.240364561292076340e-02
1.092799999999999955e+03 6.385228543788648570e-02
1.093799999999999955e+03 6.608349067857313686e-02
1.094000000000000000e+03 6.703312414157584775e-02
1.094900000000000091e+03 6.939199464591735977e-02
1.095099999999999909e+03 7.175055531826642075e-02
1.096000000000000000e+03 7.674454449866489891e-02
1.096200000000000045e+03 7.801249362239963403e-02
1.097099999999999909e+03 7.788370207533699963e-02
1.097299999999999955e+03 7.645656741705934845e-02
1.098299999999999955e+03 7.571028342751079387e-02
1.098400000000000091e+03 7.511766464626185025e-02
1.099400000000000091e+03 7.447926016933603677e-02
1.099599999999999909e+03 7.238219974989254513e-02
1.100500000000000000e+03 7.312012523305015665e-02
1.100700000000000045e+03 7.498601627575263162e-02
1.101599999999999909e+03 8.134822705297639622e-02
1.101799999999999955e+03 8.559322970212357440e-02
1.102700000000000045e+03 8.848378315664501281e-02
1.102900000000000091e+03 9.079810019451886594e-02
1.103799999999999955e+03 9.617780724617049082e-02
1.104099999999999909e+03 9.936510608265998468e-02
1.104900000000000091e+03 1.037755641000610296e-01
1.105200000000000045e+03 1.042857815173196673e-01
1.106000000000000000e+03 1.034014820007760904e-01
1.106299999999999955e+03 1.036677552428762195e-01
1.107200000000000045e+03 1.058995846209190017e-01
1.107400000000000091e+03 1.058427269366980228e-01
1.108299999999999955e+03 1.067692424443106858e-01
1.108500000000000000e+03 1.066199111750000816e-01
1.109400000000000091e+03 1.082762057640500042e-01
1.109700000000000045e+03 1.098116447738216317e-01
1.110500000000000000e+03 1.135062771974235107e-01
1.110799999999999955e+03 1.161210813636470440e-01
1.111599999999999909e+03 1.189796722505063187e-01
1.111900000000000091e+03 1.219626239924305328e-01
1.112700000000000045e+03 1.268179871548263393e-01
1.113000000000000000e+03 1.312177695600846294e-01
1.113799999999999955e+03 1.375602474189759339e-01
1.114099999999999909e+03 1.396768603088424376e-01
1.114900000000000091e+03 1.422548645233302211e-01
1.115200000000000045e+03 1.422908673055510997e-01
1.116000000000000000e+03 1.421736627878831261e-01
1.116400000000000091e+03 1.405652189697956800e-01
1.117099999999999909e+03 1.361344949255845760e-01
1.117500000000000000e+03 1.303638655279995562e-01
1.118299999999999955e+03 1.278029763142261577e-01
1.118599999999999909e+03 1.263605387106203903e-01
1.119400000000000091e+03 1.274821542204069014e-01
1.119700000000000045e+03 1.275121136369034569e-01
1.120500000000000000e+03 1.313712315628058069e-01
1.120799999999999955e+03 1.313988358260569922e-01
1.121599999999999909e+03 1.303800767857782872e-01
1.122000000000000000e+03 1.253931404970284602e-01
1.122700000000000045e+03 1.190187485417273233e-01
1.123099999999999909e+03 1.114877553013648853e-01
1.123799999999999955e+03 1.093805584118055230e-01
1.124200000000000045e+03 1.076563266278581787e-01
1.124900000000000091e+03 1.056380161073798285e-01
1.125299999999999955e+03 1.032835886407398457e-01
1.126000000000000000e+03 1.048900345192508993e-01
1.126400000000000091e+03 1.052234192853332972e-01
1.127099999999999909e+03 1.051345845851286986e-01
1.127500000000000000e+03 1.001540418756290685e-01
1.128200000000000045e+03 9.912760355499317111e-02
1.128599999999999909e+03 9.910115875188249546e-02
1.129299999999999955e+03 1.022044418256897180e-01
1.129799999999999955e+03 1.005188610833961937e-01
1.130400000000000091e+03 9.612322660921454598e-02
1.130900000000000091e+03 8.894110839216161357e-02
1.131500000000000000e+03 8.295634116080680132e-02
1.132000000000000000e+03 7.424706897636904057e-02
1.132700000000000045e+03 6.760112795032320598e-02
1.133099999999999909e+03 5.923345166377748383e-02
1.133799999999999955e+03 5.820501183656116156e-02
1.134200000000000045e+03 5.797463723488870124e-02
1.134900000000000091e+03 5.740338509525483301e-02
1.135299999999999955e+03 5.383678970784770701e-02
1.136000000000000000e+03 5.156989250864940644e-02
1.136400000000000091e+03 4.780379040532671542e-02
1.137099999999999909e+03 4.494735417842996017e-02
1.137599999999999909e+03 4.081064121246896076e-02
1.138200000000000045e+03 3.818363350377043663e-02
1.138700000000000045e+03 3.609416268550621337e-02
1.139299999999999955e+03 3.520905535332852221e-02
1.139799999999999955e+03 3.269457128412392444e-02
1.140400000000000091e+03 2.876249589695840936e-02
1.140900000000000091e+03 2.395036389262003573e-02
1.141500000000000000e+03 2.021600123428991119e-02
1.142000000000000000e+03 1.437204818636893255e-02
1.142599999999999909e+03 1.213954278540537758e-02
1.143099999999999909e+03 9.925136152533873754e-03
1.143700000000000045e+03 8.215114996823567189e-03
1.144200000000000045e+03 8.227052869961039294e-03
1.144799999999999955e+03 6.477470805399277581e-03
1.145299999999999955e+03 5.046913698362937017e-03
1.145900000000000091e+03 3.763315912415078970e-03
1.146500000000000000e+03 4.894079009446794006e-03
1.147000000000000000e+03 7.370542984471270889e-03
1.147599999999999909e+03 9.230848278853648337e-03
1.148099999999999909e+03 1.535781046193052633e-02
1.148700000000000045e+03 1.945273035861058361e-02
1.149200000000000045e+03 2.482400676156950453e-02
1.149799999999999955e+03 2.764645049955300957e-02
1.150299999999999955e+03 2.971230870152750947e-02
1.150900000000000091e+03 3.204864462911418549e-02
1.151400000000000091e+03 3.358849313246473067e-02
1.152000000000000000e+03 3.585121825368078885e-02
1.152500000000000000e+03 3.697384645253823376e-02
1.153099999999999909e+03 3.753782369396127527e-02
1.153599999999999909e+03 3.931714837896579939e-02
1.154200000000000045e+03 3.984029572252867357e-02
1.154700000000000045e+03 4.152590372923961604e-02
1.155299999999999955e+03 4.230027839185149241e-02
1.155799999999999955e+03 4.476512722361580821e-02
1.156400000000000091e+03 4.495464578364109787e-02
1.156900000000000091e+03 4.423211640522305144e-02
1.157500000000000000e+03 4.397791991432076220e-02
1.158000000000000000e+03 4.281934959181155076e-02
1.158700000000000045e+03 4.051051168534500896e-02
1.159099999999999909e+03 3.952282796579521112e-02
1.159799999999999955e+03 3.926264379010737521e-02
1.160200000000000045e+03 3.994862275580907118e-02
1.160900000000000091e+03 4.065014690184819146e-02
1.161299999999999955e+03 4.028638921402274281e-02
1.162000000000000000e+03 3.709113370885795680e-02
1.162400000000000091e+03 3.547620848516161440e-02
1.163099999999999909e+03 3.642473175611807279e-02
1.163500000000000000e+03 3.903948324650646784e-02
1.164200000000000045e+03 3.932305042282046442e-02
1.164599999999999909e+03 3.791590554000695557e-02
1.165299999999999955e+03 3.541036040649778172e-02
1.165700000000000045e+03 3.492782791229406131e-02
1.166400000000000091e+03 3.315236671037977839e-02
1.166799999999999955e+03 3.258662832667673370e-02
1.167500000000000000e+03 3.236353326623127996e-02
1.167900000000000091e+03 3.586522905808393891e-02
1.168599999999999909e+03 4.065293762041798792e-02
1.169000000000000000e+03 4.611752965816321576e-02
1.169700000000000045e+03 4.661288272618269168e-02
1.170099999999999909e+03 4.388657964233082243e-02
1.170799999999999955e+03 4.086386898341673457e-02
1.171200000000000045e+03 3.859684279052686545e-02
1.171900000000000091e+03 3.351742857973531720e-02
1.172299999999999955e+03 3.393220037621338253e-02
1.173000000000000000e+03 3.536040684756026897e-02
1.173400000000000091e+03 3.979790890501525708e-02
1.174099999999999909e+03 4.260389068855156836e-02
1.174500000000000000e+03 4.509784595839709531e-02
1.175200000000000045e+03 4.415598892501212264e-02
1.175599999999999909e+03 4.674939890139520604e-02
1.176299999999999955e+03 4.729078076225643607e-02
1.176700000000000045e+03 4.434169119546468862e-02
1.177400000000000091e+03 4.198517367287294549e-02
1.177799999999999955e+03 4.343167006816150977e-02
1.178500000000000000e+03 4.331361765348888671e-02
1.178900000000000091e+03 4.314160047363704842e-02
1.179599999999999909e+03 4.151929882971319707e-02
1.180000000000000000e+03 4.097495851990239080e-02
1.180799999999999955e+03 3.864242072008871459e-02
1.181099999999999909e+03 3.750248092121654525e-02
1.181900000000000091e+03 3.199676997323205874e-02
1.182200000000000045e+03 2.833333169465616919e-02
1.183000000000000000e+03 2.857140675109662298e-02
1.183299999999999955e+03 3.136276004094328690e-02
1.184099999999999909e+03 3.222580748550907259e-02
1.184400000000000091e+03 3.453182586977221469e-02
1.185200000000000045e+03 3.487846267143370621e-02
1.185500000000000000e+03 3.405682055188231222e-02
1.186299999999999955e+03 2.961043900751721136e-02
1.186599999999999909e+03 2.432957166773946217e-02
1.187400000000000091e+03 1.735712370318153244e-02
1.187700000000000045e+03 1.510678038267161336e-02
1.188500000000000000e+03 1.417216685470922347e-02
1.188799999999999955e+03 1.628563860759143014e-02
1.189599999999999909e+03 1.795573001829681853e-02
1.189900000000000091e+03 2.047800381598319924e-02
1.190700000000000045e+03 1.981311959602440054e-02
1.191000000000000000e+03 1.909879908705674340e-02
1.191799999999999955e+03 1.555621478136533578e-02
1.192099999999999909e+03 1.320880916052620015e-02
1.192900000000000091e+03 8.570013144655507648e-03
1.193200000000000045e+03 6.553746512548038784e-03
1.194000000000000000e+03 2.996409266183794849e-03
1.194299999999999955e+03 3.459240405567916635e-03
1.195099999999999909e+03 4.056096899740495136e-03
1.195400000000000091e+03 6.246275424304786536e-03
1.196200000000000045e+03 8.700514835771406413e-03
1.196400000000000091e+03 1.344412286226162080e-02
1.197299999999999955e+03 1.409843004795270811e-02
1.197500000000000000e+03 1.641894205577231619e-02
1.198400000000000091e+03 1.543624630081170436e-02
1.198599999999999909e+03 1.715080727405629557e-02
1.199500000000000000e+03 1.724838349839805801e-02
1.199700000000000045e+03 1.968741841633155770e-02
1.200599999999999909e+03 2.156978393929615337e-02
1.200799999999999955e+03 2.360817979725456442e-02
1.201599999999999909e+03 2.327279043153578086e-02
1.201900000000000091e+03 2.311516796995521233e-02
1.202700000000000045e+03 2.120206480468074875e-02
1.203000000000000000e+03 2.140910972751674385e-02
1.203799999999999955e+03 2.216275851635231275e-02
1.204099999999999909e+03 2.821039714720330327e-02
1.204900000000000091e+03 3.123821436242118360e-02
1.205200000000000045e+03 3.496361121961857887e-02
1.206000000000000000e+03 4.004538694791033582e-02
1.206299999999999955e+03 4.371828864505653695e-02
1.207099999999999909e+03 4.563038091707961874e-02
1.207400000000000091e+03 4.913273856453093807e-02
1.208200000000000045e+03 5.235810577839440649e-02
1.208500000000000000e+03 5.433131305363886332e-02
1.209299999999999955e+03 5.916483874995112635e-02
1.209599999999999909e+03 6.218434321100936579e-02
1.210400000000000091e+03 5.942519779510144207e-02
1.210599999999999909e+03 5.755351552124757242e-02
1.211500000000000000e+03 5.820784176364801610e-02
1.211700000000000045e+03 6.074204660342855111e-02
1.212599999999999909e+03 6.416731393826242968e-02
1.212799999999999955e+03 7.038234016758622424e-02
1.213700000000000045e+03 7.368139370841068903e-02
1.213900000000000091e+03 7.837255753909060096e-02
1.214799999999999955e+03 8.521255247094849938e-02
1.215000000000000000e+03 8.890235851223016184e-02
1.215900000000000091e+03 9.261319994623432028e-02
1.216099999999999909e+03 9.668316221515330100e-02
1.217000000000000000e+03 9.998332909965451654e-02
1.217200000000000045e+03 1.018472844377484310e-01
1.218099999999999909e+03 1.033214376224000641e-01
1.218299999999999955e+03 1.054340249578213651e-01
1.219200000000000045e+03 1.050806560269331724e-01
1.219400000000000091e+03 1.054366546521582904e-01
1.220299999999999955e+03 1.049785776425431055e-01
1.220500000000000000e+03 1.035341345363743060e-01
1.221400000000000091e+03 1.034026820638505317e-01
1.221500000000000000e+03 1.029198816997594634e-01
1.222500000000000000e+03 9.768960126206438499e-02
1.222599999999999909e+03 9.442012969521912380e-02
1.223500000000000000e+03 9.131313384435676972e-02
1.223700000000000045e+03 8.697933256036194383e-02
1.224599999999999909e+03 8.389085720438327343e-02
1.224799999999999955e+03 8.179950713378136840e-02
1.225700000000000045e+03 7.699600088515423657e-02
1.225900000000000091e+03 7.213532919613172001e-02
1.226799999999999955e+03 6.931573189075682095e-02
1.227000000000000000e+03 6.847126467241315684e-02
1.227900000000000091e+03 6.599825662086414302e-02
1.228099999999999909e+03 6.554697574790001313e-02
1.229000000000000000e+03 6.053392219863158730e-02
1.229200000000000045e+03 5.444526802066862459e-02
1.230099999999999909e+03 5.284643594042671977e-02
1.230299999999999955e+03 4.958972951588990624e-02
1.231200000000000045e+03 4.326071087290726813e-02
1.231299999999999955e+03 3.892115428898590412e-02
1.232299999999999955e+03 3.471190205174261301e-02
1.232400000000000091e+03 3.155424262624447612e-02
1.233400000000000091e+03 3.056558962324480710e-02
1.233500000000000000e+03 2.915151728696647321e-02
1.234500000000000000e+03 2.882220551390823546e-02
1.234599999999999909e+03 3.046325807076494946e-02
1.235500000000000000e+03 3.467412445784534558e-02
1.235700000000000045e+03 3.428935178916425047e-02
1.236599999999999909e+03 3.541412263599842680e-02
1.236799999999999955e+03 3.597499271186407194e-02
1.237700000000000045e+03 3.437669000400507546e-02
1.237900000000000091e+03 3.139931180134498262e-02
1.238799999999999955e+03 3.135082127823806547e-02
1.238900000000000091e+03 3.213994866818227492e-02
1.239900000000000091e+03 3.617609040637709966e-02
1.240000000000000000e+03 3.774095435395467824e-02
1.241000000000000000e+03 4.138438124432400333e-02
1.241099999999999909e+03 4.131734181956649848e-02
1.242099999999999909e+03 4.283447410335813887e-02
1.242200000000000045e+03 4.597209665382674670e-02
1.243200000000000045e+03 4.602480013836102862e-02
1.243299999999999955e+03 4.370769884487520768e-02
1.244299999999999955e+03 4.239997593148094740e-02
1.244400000000000091e+03 4.268367498165104995e-02
1.245299999999999955e+03 4.150440616490806006e-02
1.245500000000000000e+03 3.974543678359956922e-02
1.246400000000000091e+03 4.019614072553520656e-02
1.246500000000000000e+03 3.644266702641549283e-02
1.247500000000000000e+03 3.498122483377436032e-02
1.247599999999999909e+03 3.467936257425286578e-02
1.248599999999999909e+03 2.980134045841980467e-02
1.248700000000000045e+03 2.770505695937992494e-02
1.249700000000000045e+03 2.615692924449110335e-02
1.249799999999999955e+03 2.458498253866148869e-02
1.250799999999999955e+03 2.077404808565182573e-02
1.250900000000000091e+03 1.863828426401583499e-02
1.251900000000000091e+03 1.771282158701605741e-02
1.252000000000000000e+03 1.502035469074051825e-02
1.252900000000000091e+03 1.338741787407223341e-02
1.253000000000000000e+03 1.128168767222524106e-02
1.254000000000000000e+03 1.126345878253755782e-02
1.254099999999999909e+03 1.338444307375573523e-02
1.255099999999999909e+03 1.451185674280714918e-02
1.255200000000000045e+03 1.329042512452198108e-02
1.256200000000000045e+03 1.163414257765562829e-02
1.256299999999999955e+03 7.471093353115398732e-03
1.257299999999999955e+03 4.267463559053948086e-03
1.257400000000000091e+03 2.036838101241755881e-03
1.258400000000000091e+03 2.648212271864634803e-04
1.258500000000000000e+03 8.912964056521176627e-04
1.259500000000000000e+03 4.665602636815462806e-03
1.260500000000000000e+03 7.098342166847180709e-03
1.260599999999999909e+03 1.097202342432188060e-02
1.261599999999999909e+03 1.464986321934174350e-02
1.261700000000000045e+03 1.740827392549644179e-02
1.262700000000000045e+03 1.653327613407511165e-02
1.262799999999999955e+03 1.454884223758227783e-02
1.263799999999999955e+03 1.730651132677119702e-02
1.263900000000000091e+03 1.805533694935065187e-02
1.264900000000000091e+03 2.071855626997330668e-02
1.266000000000000000e+03 2.301760094510257870e-02
1.267000000000000000e+03 2.541232195385290799e-02
1.267099999999999909e+03 2.721755839604197980e-02
1.268099999999999909e+03 2.848686470154088504e-02
1.268200000000000045e+03 2.863019240439401356e-02
1.269200000000000045e+03 3.019076142147888303e-02
1.269299999999999955e+03 2.968419090451200615e-02
1.270299999999999955e+03 3.310153942016776790e-02
1.271400000000000091e+03 3.447004045768807534e-02
1.272400000000000091e+03 3.821887885511677380e-02
1.272500000000000000e+03 3.904374386163437377e-02
1.273500000000000000e+03 4.046319228435870524e-02
1.273599999999999909e+03 4.093289839363277449e-02
1.274599999999999909e+03 4.488649859736139336e-02
1.274700000000000045e+03 5.024756304096084786e-02
1.275700000000000045e+03 5.745227837907471158e-02
1.276799999999999955e+03 5.994018456939471939e-02
1.277799999999999955e+03 6.790488690215291945e-02
1.277900000000000091e+03 7.451887425633556272e-02
1.278900000000000091e+03 8.081408928632451139e-02
1.279000000000000000e+03 8.456755971549727302e-02
1.280000000000000000e+03 9.158499604824518747e-02
1.280099999999999909e+03 9.579549005778528747e-02
1.281099999999999909e+03 1.020977176815087151e-01
1.282200000000000045e+03 1.052924793959009037e-01
1.283200000000000045e+03 1.086068896988072879e-01
1.283299999999999955e+03 1.104461478129053903e-01
1.284299999999999955e+03 1.177133451157847122e-01
1.284400000000000091e+03 1.224743035780983813e-01
1.285400000000000091e+03 1.250926198191453231e-01
1.286500000000000000e+03 1.262522320952994548e-01
1.287599999999999909e+03 1.277725382143670985e-01
1.288599999999999909e+03 1.224190723981829348e-01
1.288700000000000045e+03 1.184697416467084680e-01
1.289700000000000045e+03 1.125928903694320971e-01
1.290799999999999955e+03 1.093864286499846988e-01
1.291900000000000091e+03 1.048500655763181244e-01
1.292900000000000091e+03 1.001384526871682557e-01
1.293000000000000000e+03 9.641476576775726004e-02
1.294000000000000000e+03 8.906233412232264501e-02
1.295099999999999909e+03 8.048633575644101312e-02
1.296200000000000045e+03 7.015954726918871565e-02
1.297200000000000045e+03 5.785609883917552931e-02
1.297299999999999955e+03 5.050818383443320125e-02
1.298299999999999955e+03 4.616113987923859546e-02
1.298400000000000091e+03 4.060639960018470190e-02
1.299400000000000091e+03 3.461191356757602200e-02
1.300500000000000000e+03 3.073088946896172791e-02
1.301500000000000000e+03 2.942733364173951566e-02
1.301599999999999909e+03 2.940243634269716633e-02
1.302599999999999909e+03 3.125572617684638926e-02
1.303700000000000045e+03 3.252648423937491706e-02
1.304799999999999955e+03 3.451456424457958333e-02
1.305799999999999955e+03 3.872295554676519896e-02
1.305900000000000091e+03 4.914548137565216690e-02
1.306900000000000091e+03 5.223432661577141756e-02
1.308000000000000000e+03 5.360335004373061041e-02
1.309099999999999909e+03 5.630359837053840188e-02
1.310099999999999909e+03 5.897258501380639450e-02
1.310200000000000045e+03 6.420385271679651673e-02
1.311200000000000045e+03 6.871629193031469907e-02
1.312299999999999955e+03 7.173618526838668186e-02
1.313299999999999955e+03 7.379463853278292462e-02
1.314400000000000091e+03 7.684273461898719071e-02
1.315500000000000000e+03 8.429745704617841451e-02
1.316599999999999909e+03 8.534328954324828242e-02
1.317599999999999909e+03 8.604882931044191552e-02
1.318700000000000045e+03 9.021458085303638019e-02
1.319799999999999955e+03 9.392831416499641817e-02
1.320799999999999955e+03 9.871048287488044803e-02
1.321900000000000091e+03 1.040568839626934416e-01
1.323000000000000000e+03 1.115667381456214580e-01
1.324000000000000000e+03 1.193181412403939157e-01
1.325099999999999909e+03 1.277824610077376577e-01
1.326200000000000045e+03 1.389260480437620737e-01
1.327299999999999955e+03 1.506794191701120722e-01
1.328299999999999955e+03 1.638758944681935059e-01
1.329400000000000091e+03 1.747464282467642849e-01
1.330500000000000000e+03 1.815111389273318387e-01
1.331500000000000000e+03 1.851818639077960627e-01
1.332599999999999909e+03 1.857746910038172716e-01
1.333700000000000045e+03 1.838271058174850148e-01
1.334700000000000045e+03 1.778644235087307179e-01
1.335799999999999955e+03 1.698721233612981441e-01
1.336900000000000091e+03 1.610900675010549232e-01
1.337900000000000091e+03 1.506369746361099771e-01
1.339000000000000000e+03 1.358712704812523042e-01
1.340099999999999909e+03 1.187200903819275316e-01
1.341099999999999909e+03 1.001695401766639348e-01
1.342200000000000045e+03 8.002844696572306016e-02
1.343299999999999955e+03 6.034558665138807509e-02
1.344299999999999955e+03 4.247743110183596627e-02
1.345400000000000091e+03 2.786509700058324018e-02
1.346400000000000091e+03 1.869146457415967952e-02
1.347500000000000000e+03 1.085182701177101611e-02
1.348599999999999909e+03 5.725398345068874115e-03
1.349599999999999909e+03 4.746400842402475045e-04
1.350700000000000045e+03 -5.391323057832580904e-04
1.351799999999999955e+03 -1.733520877803348568e-03
1.352799999999999955e+03 -3.388937213140708494e-03
1.353900000000000091e+03 -4.279488269851396132e-03
1.355000000000000000e+03 -5.373642128889362379e-03
1.356000000000000000e+03 -5.527960390500783784e-03
1.357099999999999909e+03 -3.131292802306400065e-03
1.358099999999999909e+03 -1.870365820145537773e-03
1.359200000000000045e+03 1.293855221362591240e-03
1.360299999999999955e+03 4.329672692483423589e-03
1.361299999999999955e+03 8.937014864898363067e-03
1.362400000000000091e+03 1.273226844478495164e-02
1.363400000000000091e+03 1.721471557899281399e-02
1.364500000000000000e+03 2.331241584669610512e-02
1.365599999999999909e+03 3.068448517017938887e-02
1.366599999999999909e+03 3.962086803860229156e-02
1.367700000000000045e+03 4.844639188052107803e-02
1.368700000000000045e+03 5.769780395629479919e-02
1.369799999999999955e+03 6.707937440268420259e-02
1.370900000000000091e+03 7.503880509013104161e-02
1.371900000000000091e+03 8.198244091553703872e-02
1.373000000000000000e+03 8.741679855058158422e-02
1.374000000000000000e+03 9.156658357918073810e-02
1.375099999999999909e+03 9.637740743214619210e-02
1.376200000000000045e+03 9.924328744136941272e-02
1.377200000000000045e+03 1.012876965337065338e-01
1.378299999999999955e+03 9.999108474462722884e-02
1.379299999999999955e+03 9.570687864136445677e-02
1.380400000000000091e+03 8.721435704916388754e-02
1.381400000000000091e+03 7.512427014742183162e-02
1.382500000000000000e+03 6.016040816437667749e-02
1.383599999999999909e+03 4.801726474117953836e-02
1.384599999999999909e+03 3.465282007256455243e-02
1.385700000000000045e+03 2.365674978887764845e-02
1.386700000000000045e+03 1.448744736157400216e-02
1.387799999999999955e+03 6.510779617906735720e-03
1.388799999999999955e+03 3.958932210189057858e-04
1.389900000000000091e+03 -4.408337657397288535e-03
1.390900000000000091e+03 -7.900579876330235396e-03
1.392000000000000000e+03 -9.592887221449044460e-03
1.393000000000000000e+03 -9.548465262710083626e-03
1.394099999999999909e+03 -5.125293179319160598e-03
1.395200000000000045e+03 -4.715194830724303066e-04
1.396200000000000045e+03 4.371099581062974464e-03
1.397299999999999955e+03 1.094649806986344905e-02
1.398299999999999955e+03 1.675760176414006417e-02
1.399400000000000091e+03 2.469614774578534136e-02
1.400400000000000091e+03 3.284267418774970693e-02
1.401500000000000000e+03 4.161240303170280624e-02
1.402500000000000000e+03 5.073183099675764723e-02
1.403599999999999909e+03 5.891575049856320051e-02
1.404599999999999909e+03 6.726240143677951477e-02
1.405700000000000045e+03 7.538071299170462369e-02
1.406700000000000045e+03 8.106583215048696056e-02
1.407799999999999955e+03 8.639792021361250574e-02
1.408799999999999955e+03 8.748144773626978510e-02
1.409900000000000091e+03 8.768936594386946004e-02
1.410900000000000091e+03 8.867994247458374502e-02
1.412000000000000000e+03 8.989472410350424214e-02
1.413000000000000000e+03 8.835365471997674858e-02
1.414099999999999909e+03 8.706439838894208805e-02
1.415099999999999909e+03 8.574021004623098852e-02
1.416200000000000045e+03 8.131030331403446554e-02
1.417200000000000045e+03 7.484706636418349268e-02
1.418299999999999955e+03 6.738431907576902802e-02
1.419299999999999955e+03 5.868083642553374724e-02
1.420400000000000091e+03 5.331662487250238280e-02
1.421400000000000091e+03 5.353221756463909242e-02
1.422500000000000000e+03 5.435384080880248381e-02
1.423500000000000000e+03 5.464365933300167899e-02
1.424599999999999909e+03 5.444147860006305628e-02
1.425599999999999909e+03 5.339695262963632671e-02
1.426599999999999909e+03 5.073066300582040888e-02
1.427700000000000045e+03 4.828092672882253189e-02
1.428700000000000045e+03 4.821490018567523017e-02
1.429799999999999955e+03 4.805029265320003712e-02
1.430799999999999955e+03 4.680687878343443853e-02
1.431900000000000091e+03 4.886687619166414642e-02
1.432900000000000091e+03 5.103833991230366518e-02
1.434000000000000000e+03 5.367856697237100017e-02
1.435000000000000000e+03 5.522100721054606920e-02
1.436099999999999909e+03 5.708413387072795719e-02
1.437099999999999909e+03 6.293019201568367249e-02
1.438099999999999909e+03 7.039725804258289976e-02
1.439200000000000045e+03 7.952574942369022848e-02
1.440200000000000045e+03 9.152077579840040000e-02
1.441299999999999955e+03 1.030896909270430095e-01
1.442299999999999955e+03 1.161620267568641285e-01
1.443400000000000091e+03 1.285695688275660387e-01
1.444400000000000091e+03 1.412575846983658012e-01
1.445400000000000091e+03 1.530499674061150395e-01
1.446500000000000000e+03 1.619007661620896210e-01
1.447500000000000000e+03 1.708759079498645694e-01
1.448599999999999909e+03 1.775142249778151049e-01
1.449599999999999909e+03 1.809079664151118649e-01
1.450700000000000045e+03 1.858599582890194668e-01
1.451700000000000045e+03 1.856872957310242434e-01
1.452700000000000045e+03 1.818845337495399728e-01
1.453799999999999955e+03 1.753621776649126884e-01
1.454799999999999955e+03 1.676287665613339362e-01
1.455900000000000091e+03 1.605917798744671554e-01
1.456900000000000091e+03 1.570593154462482932e-01
1.457900000000000091e+03 1.554582066928433814e-01
1.459000000000000000e+03 1.548470943956712087e-01
1.460000000000000000e+03 1.519181620772567520e-01
1.461099999999999909e+03 1.524934465083592205e-01
1.462099999999999909e+03 1.505422978762089858e-01
1.463099999999999909e+03 1.492520347793859226e-01
1.464200000000000045e+03 1.474799049199937429e-01
1.465200000000000045e+03 1.454255893142811784e-01
1.466200000000000045e+03 1.444666329430839835e-01
1.467299999999999955e+03 1.456756612431229780e-01
1.468299999999999955e+03 1.451975770264716803e-01
1.469400000000000091e+03 1.432247275384947172e-01
1.470400000000000091e+03 1.410984427393230101e-01
1.471400000000000091e+03 1.394612116935747825e-01
1.472500000000000000e+03 1.377226789630355830e-01
1.473500000000000000e+03 1.363471437812071863e-01
1.474500000000000000e+03 1.333503627766972621e-01
1.475599999999999909e+03 1.309627171572412263e-01
1.476599999999999909e+03 1.294435635849706390e-01
1.477599999999999909e+03 1.271844710021016456e-01
1.478700000000000045e+03 1.237141179361679333e-01
1.479700000000000045e+03 1.203314592346131362e-01
1.480799999999999955e+03 1.166191391663751464e-01
1.481799999999999955e+03 1.119162675549212893e-01
1.482799999999999955e+03 1.092626114497254330e-01
1.483900000000000091e+03 1.055613598103981865e-01
1.484900000000000091e+03 1.056958735398615123e-01
1.485900000000000091e+03 1.098960663987791353e-01
1.487000000000000000e+03 1.146750659804824102e-01
1.488000000000000000e+03 1.171831815638151031e-01
1.489000000000000000e+03 1.192935696186775141e-01
1.490099999999999909e+03 1.220642853929971572e-01
1.491099999999999909e+03 1.229208829137323072e-01
1.492099999999999909e+03 1.240160761231084985e-01
1.493200000000000045e+03 1.256266060515578709e-01
1.494200000000000045e+03 1.311318688087416140e-01
1.495200000000000045e+03 1.405669286198484857e-01
1.496200000000000045e+03 1.509306779335145565e-01
1.497299999999999955e+03 1.603780220879469920e-01
1.498299999999999955e+03 1.690650276250343642e-01
1.499299999999999955e+03 1.762507264782542660e-01
1.500400000000000091e+03 1.822365815768650921e-01
1.501400000000000091e+03 1.840139310549971929e-01
1.502400000000000091e+03 1.852199281410452647e-01
1.503500000000000000e+03 1.830750256873863169e-01
1.504500000000000000e+03 1.799429464292159886e-01
1.505500000000000000e+03 1.741646180839280800e-01
1.506500000000000000e+03 1.685023240717227477e-01
1.507599999999999909e+03 1.635771006980763775e-01
1.508599999999999909e+03 1.556297833121107477e-01
1.509599999999999909e+03 1.454444194817871572e-01
1.510700000000000045e+03 1.360327890377274751e-01
1.511700000000000045e+03 1.244808947094684370e-01
1.512700000000000045e+03 1.130576383075139468e-01
1.513700000000000045e+03 1.000612089963470175e-01
1.514799999999999955e+03 8.918119920417291735e-02
1.515799999999999955e+03 7.903011380401694930e-02
1.516799999999999955e+03 6.966730977761786958e-02
1.517900000000000091e+03 6.376073009828740756e-02
1.518900000000000091e+03 5.639470797399988300e-02
1.519900000000000091e+03 4.888283035583633473e-02
1.520900000000000091e+03 4.414773238245563863e-02
1.522000000000000000e+03 3.781372508002536076e-02
1.523000000000000000e+03 3.329231815283452411e-02
1.524000000000000000e+03 2.973692274679045483e-02
1.525000000000000000e+03 2.776861445565076761e-02
1.526099999999999909e+03 2.575061734042202038e-02
1.527099999999999909e+03 2.343436642546092158e-02
1.528099999999999909e+03 2.200308698798699586e-02
1.529099999999999909e+03 1.650073434787154014e-02
1.530200000000000045e+03 1.213722184693459723e-02
1.531200000000000045e+03 1.094418737883306667e-02
1.532200000000000045e+03 7.697433468726762318e-03
1.533200000000000045e+03 6.665973975569340973e-03
1.534299999999999955e+03 8.255454420531688209e-03
1.535299999999999955e+03 1.263845231192747484e-02
1.536299999999999955e+03 1.637893416264838212e-02
1.537299999999999955e+03 1.820213551147143935e-02
1.538299999999999955e+03 2.036432206867857045e-02
1.539400000000000091e+03 2.098680458493913659e-02
1.540400000000000091e+03 2.300670525344297029e-02
1.541400000000000091e+03 2.291436569036103127e-02
1.542400000000000091e+03 2.194560943660010810e-02
1.543500000000000000e+03 2.145304493458232570e-02
1.544500000000000000e+03 2.208422685164770916e-02
1.545500000000000000e+03 2.517248558186612264e-02
1.546500000000000000e+03 2.737472509401932264e-02
1.547500000000000000e+03 3.050974373124736364e-02
1.548599999999999909e+03 3.735553032991245637e-02
1.549599999999999909e+03 4.303590512047406058e-02
1.550599999999999909e+03 4.814849418005165416e-02
1.551599999999999909e+03 5.250139505651137128e-02
1.552599999999999909e+03 5.539707394055058687e-02
1.553700000000000045e+03 5.441526063156720133e-02
1.554700000000000045e+03 5.346235792717844715e-02
1.555700000000000045e+03 5.736781995282425051e-02
1.556700000000000045e+03 6.250309129172337830e-02
1.557700000000000045e+03 6.887167551252192099e-02
1.558700000000000045e+03 7.491093923457475823e-02
1.559799999999999955e+03 7.890049908613439023e-02
1.560799999999999955e+03 8.314423614966806597e-02
1.561799999999999955e+03 8.458815320321079467e-02
1.562799999999999955e+03 8.220324988135419009e-02
1.563799999999999955e+03 7.672264917029598952e-02
1.564900000000000091e+03 7.135362346393173127e-02
1.565900000000000091e+03 7.097745103179389781e-02
1.566900000000000091e+03 7.206996144968806639e-02
1.567900000000000091e+03 7.359581533533124387e-02
1.568900000000000091e+03 7.753388882477312005e-02
1.569900000000000091e+03 8.467037589118811547e-02
1.570900000000000091e+03 9.360340143392552326e-02
1.572000000000000000e+03 1.011146630545771558e-01
1.573000000000000000e+03 1.120880751411675730e-01
1.574000000000000000e+03 1.224737522853781846e-01
1.575000000000000000e+03 1.304592355793691705e-01
1.576000000000000000e+03 1.404460762520774453e-01
1.577000000000000000e+03 1.495276780471907485e-01
1.578000000000000000e+03 1.597416812609552539e-01
1.579099999999999909e+03 1.715301632452604641e-01
1.580099999999999909e+03 1.826895292725838893e-01
1.581099999999999909e+03 1.907737390402676758e-01
1.582099999999999909e+03 1.924850609884163899e-01
1.583099999999999909e+03 1.945890629476707545e-01
1.584099999999999909e+03 1.941513938928275951e-01
1.585099999999999909e+03 1.925427806519742491e-01
1.586200000000000045e+03 1.923244945992939603e-01
1.587200000000000045e+03 1.933214387346473828e-01
1.588200000000000045e+03 2.005170725508326757e-01
1.589200000000000045e+03 2.089406104499418326e-01
1.590200000000000045e+03 2.157596607518064424e-01
1.591200000000000045e+03 2.191663362127653503e-01
1.592200000000000045e+03 2.169612377108975365e-01
1.593200000000000045e+03 2.125349954835184241e-01
1.594200000000000045e+03 2.080136578693503879e-01
1.595299999999999955e+03 2.034038345512265145e-01
1.596299999999999955e+03 2.019463775819623219e-01
1.597299999999999955e+03 2.018431452417808192e-01
1.598299999999999955e+03 2.073999115172968088e-01
1.599299999999999955e+03 2.134366908271607410e-01
1.600299999999999955e+03 2.182510339539342481e-01
1.601299999999999955e+03 2.223173205114444828e-01
1.602299999999999955e+03 2.228715607227632345e-01
1.603299999999999955e+03 2.193249506194111520e-01
1.604299999999999955e+03 2.156643076077829346e-01
1.605299999999999955e+03 2.120642050264920919e-01
1.606400000000000091e+03 2.092693075869879737e-01
1.607400000000000091e+03 2.062121032402976506e-01
1.608400000000000091e+03 2.035601076151848932e-01
1.609400000000000091e+03 2.010349145341000510e-01
1.610400000000000091e+03 2.016403933967850226e-01
1.611400000000000091e+03 2.019142054748600534e-01
1.612400000000000091e+03 1.976675311746192709e-01
1.613400000000000091e+03 1.896034237583693050e-01
1.614400000000000091e+03 1.837608908575857625e-01
1.615400000000000091e+03 1.788986010915400993e-01
1.616400000000000091e+03 1.751370468296422900e-01
1.617400000000000091e+03 1.738193003672111603e-01
1.618400000000000091e+03 1.727664529310592445e-01
1.619400000000000091e+03 1.736038083455219705e-01
1.620400000000000091e+03 1.782669660580524229e-01
1.621400000000000091e+03 1.831455648160407734e-01
1.622500000000000000e+03 1.835601339597441872e-01
1.623500000000000000e+03 1.809380905184159727e-01
1.624500000000000000e+03 1.773345333845047223e-01
1.625500000000000000e+03 1.732989169941674679e-01
1.626500000000000000e+03 1.712633021106486630e-01
1.627500000000000000e+03 1.671705526169176004e-01
1.628500000000000000e+03 1.631123034490048473e-01
1.629500000000000000e+03 1.572544283787461472e-01
1.630500000000000000e+03 1.518257962134352268e-01
1.631500000000000000e+03 1.466150090949630835e-01
1.632500000000000000e+03 1.387437438665798939e-01
1.633500000000000000e+03 1.287765096255341357e-01
1.634500000000000000e+03 1.196647922496082428e-01
1.635500000000000000e+03 1.103702470842718858e-01
1.636500000000000000e+03 1.006763188580862556e-01
1.637500000000000000e+03 9.128435332475984265e-02
1.638500000000000000e+03 8.466193109121178395e-02
1.639500000000000000e+03 7.788221521183530394e-02
1.640500000000000000e+03 7.449320441153357841e-02
1.641500000000000000e+03 7.262132919563761557e-02
1.642500000000000000e+03 7.354342102849506513e-02
1.643500000000000000e+03 7.377917152708861337e-02
1.644500000000000000e+03 7.566945073215823603e-02
1.645500000000000000e+03 7.583649631560746007e-02
1.646500000000000000e+03 7.338769580975912366e-02
1.647500000000000000e+03 6.947812532413330522e-02
1.648500000000000000e+03 6.363691921955984265e-02
1.649500000000000000e+03 5.789143584326314484e-02
1.650500000000000000e+03 5.235564166386522111e-02
1.651500000000000000e+03 4.690390629166318187e-02
1.652500000000000000e+03 4.260453041780353639e-02
1.653500000000000000e+03 3.514086281053207389e-02
1.654500000000000000e+03 2.919367780085042885e-02
1.655500000000000000e+03 2.377807441993346621e-02
1.656500000000000000e+03 1.830726714708862460e-02
1.657500000000000000e+03 1.629179711861184973e-02
1.658500000000000000e+03 1.556130187229112609e-02
1.659500000000000000e+03 1.746687992861497424e-02
1.660500000000000000e+03 1.952441867918123033e-02
1.661500000000000000e+03 1.963726667202516166e-02
1.662500000000000000e+03 1.639102819832278374e-02
1.663500000000000000e+03 1.112263424374898210e-02
1.664500000000000000e+03 8.853606284322239339e-03
1.665500000000000000e+03 5.668712990240575532e-03
1.666400000000000091e+03 5.099177417017353685e-03
1.667400000000000091e+03 7.817546801036391602e-03
1.668400000000000091e+03 9.388438495433215972e-03
1.669400000000000091e+03 8.293131333562681409e-03
1.670400000000000091e+03 7.342933905535703118e-03
1.671400000000000091e+03 4.797776681442085175e-03
1.672400000000000091e+03 2.487325981983494602e-04
1.673400000000000091e+03 -4.682879504713979846e-03
1.674400000000000091e+03 -6.100973206350893824e-03
1.675400000000000091e+03 -6.794866465229323048e-03
1.676400000000000091e+03 -8.525130990272957940e-03
1.677400000000000091e+03 -7.114862632398938347e-03
1.678400000000000091e+03 -5.754255024790448127e-03
1.679400000000000091e+03 -6.351788947653174387e-03
1.680400000000000091e+03 -3.819952197663502910e-03
1.681400000000000091e+03 -8.157701041635433007e-04
1.682299999999999955e+03 1.623267277482523573e-03
1.683299999999999955e+03 1.282278300393860371e-03
1.684299999999999955e+03 2.183256867662917815e-03
1.685299999999999955e+03 3.942273411213006833e-03
1.686299999999999955e+03 6.827828991263327693e-03
1.687299999999999955e+03 1.028500899182697298e-02
1.688299999999999955e+03 1.170740975455115962e-02
1.689299999999999955e+03 1.283384875695178784e-02
1.690299999999999955e+03 1.522185143193876926e-02
1.691299999999999955e+03 1.756856420996660839e-02
1.692299999999999955e+03 1.713956514565173270e-02
1.693200000000000045e+03 1.586440154674547548e-02
1.694200000000000045e+03 1.603564622394893294e-02
1.695200000000000045e+03 1.806572835498680696e-02
1.696200000000000045e+03 2.020302073032507334e-02
1.697200000000000045e+03 2.141311630177269304e-02
1.698200000000000045e+03 2.101349181713009148e-02
1.699200000000000045e+03 2.106608159741545777e-02
1.700200000000000045e+03 2.559683384600067169e-02
1.701200000000000045e+03 1.661908278239561387e-02
1.702099999999999909e+03 1.602900292349168643e-02
1.703099999999999909e+03 2.104391014614427971e-02
1.704099999999999909e+03 2.207141363001118017e-02
1.705099999999999909e+03 2.499845544298996344e-02
1.706099999999999909e+03 2.892816110868788593e-02
1.707099999999999909e+03 3.867707849490030492e-02
1.708099999999999909e+03 3.757329151520911320e-02
1.709099999999999909e+03 3.269045317090484015e-02
1.710000000000000000e+03 2.046357454846714150e-02
1.711000000000000000e+03 7.836236400621228795e-03
1.712000000000000000e+03 3.303063339254772024e-02
1.713000000000000000e+03 5.511078590767237717e-02
1.714000000000000000e+03 4.047139208453993942e-02
1.715000000000000000e+03 3.452491224695741073e-02
1.716000000000000000e+03 3.611608887908572540e-02
1.716900000000000091e+03 4.281166412477039468e-02
1.717900000000000091e+03 3.767683034709979478e-02
1.718900000000000091e+03 3.785855697790082436e-02
1.719900000000000091e+03 4.092556527832788560e-02
1.720900000000000091e+03 4.238352923295123781e-02
1.721900000000000091e+03 3.981320867542045838e-02
1.722900000000000091e+03 2.935041165470739580e-02
1.723799999999999955e+03 3.628704391631414755e-02
1.724799999999999955e+03 2.861571854532116155e-02
1.725799999999999955e+03 3.351787394623700900e-02
1.726799999999999955e+03 3.285935840364068161e-02
1.727799999999999955e+03 3.959694213112131822e-02
1.728799999999999955e+03 4.702182462099272625e-02
1.729700000000000045e+03 4.572880453215399932e-02
1.730700000000000045e+03 4.516238490770389802e-02
1.731700000000000045e+03 5.526363434553187293e-02
1.732700000000000045e+03 5.187361553615331411e-02
1.733700000000000045e+03 5.117934047362562161e-02
1.734599999999999909e+03 5.440954586241012608e-02
1.735599999999999909e+03 4.968673231458746453e-02
1.736599999999999909e+03 4.748193202846409666e-02
1.737599999999999909e+03 3.601204194170802564e-02
1.738599999999999909e+03 4.491902534050982304e-02
1.739599999999999909e+03 5.773436836576988779e-02
1.740500000000000000e+03 6.561654228792304644e-02
1.741500000000000000e+03 5.094389755349772869e-02
1.742500000000000000e+03 3.395121108050014325e-02
1.743500000000000000e+03 3.541659090679382532e-02
1.744500000000000000e+03 2.889669506045570990e-02
1.745400000000000091e+03 4.264248636762982964e-02
1.746400000000000091e+03 4.334938739199611923e-02
1.747400000000000091e+03 4.216824271946853497e-02
1.748400000000000091e+03 3.660852525450432327e-02
1.749299999999999955e+03 4.448763991082642366e-02
1.750299999999999955e+03 3.436639095748662831e-02
1.751299999999999955e+03 3.434947789827920428e-02
1.752299999999999955e+03 4.603890099158297611e-02
1.753200000000000045e+03 3.785294730801871954e-02
1.753299999999999955e+03 4.251833250636749550e-02
1.754200000000000045e+03 3.856815395134208929e-02
1.755200000000000045e+03 3.474920595733624329e-02
1.756200000000000045e+03 4.260876895623039173e-02
1.757200000000000045e+03 4.065299116956958003e-02
1.758099999999999909e+03 3.855170647484372493e-02
1.758200000000000045e+03 2.822360864717390894e-02
1.759099999999999909e+03 4.166105941415493286e-02
1.759200000000000045e+03 3.696634550623936755e-02
1.760099999999999909e+03 4.448173500655603491e-02
1.761099999999999909e+03 4.687176923439781429e-02
1.762000000000000000e+03 4.961186082706965650e-02
1.762099999999999909e+03 3.883220506523994697e-02
1.763000000000000000e+03 4.914778824249100425e-02
1.763099999999999909e+03 4.487828029342585956e-02
1.764000000000000000e+03 5.259243813949422697e-02
1.764099999999999909e+03 4.390826316328681755e-02
1.765000000000000000e+03 4.659349410061282976e-02
1.765099999999999909e+03 3.991381684442175948e-02
1.766000000000000000e+03 4.404600401288311790e-02
1.766099999999999909e+03 3.616674832468098205e-02
1.766900000000000091e+03 3.799858614306499821e-02
1.767099999999999909e+03 3.548195671022891934e-02
1.767900000000000091e+03 4.521119173547118175e-02
1.768099999999999909e+03 3.141934169947942918e-02
1.768900000000000091e+03 3.134070375669242847e-02
1.769000000000000000e+03 4.136857700955515194e-02
1.769900000000000091e+03 4.900079890942510286e-02
1.770000000000000000e+03 5.104942376524557179e-02
1.770799999999999955e+03 4.375662719722898247e-02
1.771000000000000000e+03 3.092123091184968350e-02
1.771799999999999955e+03 2.921870608183355089e-02
1.772000000000000000e+03 3.861199517576682089e-02
1.772799999999999955e+03 4.033249415181290598e-02
1.773000000000000000e+03 2.501179290895182150e-02
1.773700000000000045e+03 3.513534400115096018e-02
1.774000000000000000e+03 2.218938217737297103e-02
1.774700000000000045e+03 3.787539831910000099e-02
1.775000000000000000e+03 4.055483993934433373e-02
1.775700000000000045e+03 4.784962915800741734e-02
1.775900000000000091e+03 3.883066489515163422e-02
1.776700000000000045e+03 4.559772927921754843e-02
1.776900000000000091e+03 4.367279154501635396e-02
1.777599999999999909e+03 3.891192972742162082e-02
1.777900000000000091e+03 3.965712703472421691e-02
1.778599999999999909e+03 4.237450369315490240e-02
1.778900000000000091e+03 3.830297750609765878e-02
1.779599999999999909e+03 4.019724469129136446e-02
1.779900000000000091e+03 4.968367721358365324e-02
1.780599999999999909e+03 4.909357541851853968e-02
1.780900000000000091e+03 4.726193859986958790e-02
1.781500000000000000e+03 4.975788357010399454e-02
1.781900000000000091e+03 4.259952815379493274e-02
1.782500000000000000e+03 3.637314520641742044e-02
1.782799999999999955e+03 3.672663763070060927e-02
1.783500000000000000e+03 4.825083182414226235e-02
1.783799999999999955e+03 5.154436105340991919e-02
1.784400000000000091e+03 5.434019415453548302e-02
1.784799999999999955e+03 5.160952328050298632e-02
1.785400000000000091e+03 5.433901615407413233e-02
1.785799999999999955e+03 3.698471975721330518e-02
1.786400000000000091e+03 3.993056332918468176e-02
1.786799999999999955e+03 3.273242859099841778e-02
1.787400000000000091e+03 3.561474287909549563e-02
1.787799999999999955e+03 3.918462925904876715e-02
1.788299999999999955e+03 4.062050100192081403e-02
1.788700000000000045e+03 3.897940963506017764e-02
1.789299999999999955e+03 4.233598973547657296e-02
1.789700000000000045e+03 4.727789405247051491e-02
1.790299999999999955e+03 5.460797493698579114e-02
1.790700000000000045e+03 3.886341660412587218e-02
1.791200000000000045e+03 3.286989985231690559e-02
1.791700000000000045e+03 3.185345083069629490e-02
1.792200000000000045e+03 3.054524583019094242e-02
1.792700000000000045e+03 2.524532554710877397e-02
1.793200000000000045e+03 3.254790686412542544e-02
1.793599999999999909e+03 3.494587732319619222e-02
1.794200000000000045e+03 3.312959938156370687e-02
1.794599999999999909e+03 2.750854186777200797e-02
1.795099999999999909e+03 3.719321120741714282e-02
1.795599999999999909e+03 4.588761615909642266e-02
1.796099999999999909e+03 3.425660346414741847e-02
1.796599999999999909e+03 2.300536823850680979e-02
1.797099999999999909e+03 3.033985108150906093e-02
1.797599999999999909e+03 4.205080550707644693e-02
1.798000000000000000e+03 4.380878759193421179e-02
1.798500000000000000e+03 4.350383982959922513e-02
1.799000000000000000e+03 4.252024908010023502e-02
1.799500000000000000e+03 3.657893819275165326e-02
1.800000000000000000e+03 4.557935922664841516e-02
1.800500000000000000e+03 3.629765681444015180e-02
1.800900000000000091e+03 5.129839725416513591e-02
1.801500000000000000e+03 3.055000017610279978e-02
1.801900000000000091e+03 3.124805769187008475e-02
1.802500000000000000e+03 3.013156371544568196e-02
1.802900000000000091e+03 3.480045333157209819e-02
1.803400000000000091e+03 4.388720118683286237e-02
1.803799999999999955e+03 4.402664315540152917e-02
1.804400000000000091e+03 3.983722749260919238e-02
1.804799999999999955e+03 5.160642746412488074e-02
1.805400000000000091e+03 5.024208223060194073e-02
1.805799999999999955e+03 3.736957388630960525e-02
1.806400000000000091e+03 3.174739686979581588e-02
1.806700000000000045e+03 4.318988149262273368e-02
1.807400000000000091e+03 3.432520451050030674e-02
1.807700000000000045e+03 3.034456951035491984e-02
1.808299999999999955e+03 3.267307123687232528e-02
1.808700000000000045e+03 3.047805706299428277e-02
1.809299999999999955e+03 3.435407991384499538e-02
1.809599999999999909e+03 3.483891571567723083e-02
1.810299999999999955e+03 2.732025524806802608e-02
1.810599999999999909e+03 3.595960336440148786e-02
1.811299999999999955e+03 2.274697576194602625e-02
1.811599999999999909e+03 2.328129227816897601e-02
1.812200000000000045e+03 2.330901161325642929e-02
1.812500000000000000e+03 1.860843091246222603e-02
1.813200000000000045e+03 2.300523351643040879e-02
1.813500000000000000e+03 3.449506043715065695e-02
1.814200000000000045e+03 3.443106224413424593e-02
1.814500000000000000e+03 1.978411092543252980e-02
1.815200000000000045e+03 1.145881060058533303e-02
1.815400000000000091e+03 3.817726956676478767e-02
1.816200000000000045e+03 3.610738193415161112e-02
1.816400000000000091e+03 3.282139653094641452e-02
1.817099999999999909e+03 3.053378856220133677e-02
1.817400000000000091e+03 2.750518305957071891e-02
1.818099999999999909e+03 3.007897052744386290e-02
1.818299999999999955e+03 3.093915379870938731e-02
1.819099999999999909e+03 3.924482132873162443e-02
1.819299999999999955e+03 4.014572793656044636e-02
1.820099999999999909e+03 3.452992916833350773e-02
1.820299999999999955e+03 3.845108196851374643e-02
1.821000000000000000e+03 3.520918823427807848e-02
1.821200000000000045e+03 3.611054283598495729e-02
1.822000000000000000e+03 3.880933181730021608e-02
1.822200000000000045e+03 3.715942853567147375e-02
1.823000000000000000e+03 2.747859722484657929e-02
1.823200000000000045e+03 3.224876016235008608e-02
1.823900000000000091e+03 3.293431897610069048e-02
1.824099999999999909e+03 3.965234257275548208e-02
1.824900000000000091e+03 4.431532560843538110e-02
1.825099999999999909e+03 3.867978466404485560e-02
1.825900000000000091e+03 3.022263022536801624e-02
1.826000000000000000e+03 3.210607055081900196e-02
1.826900000000000091e+03 3.264602916623420698e-02
1.827000000000000000e+03 2.508133945124184361e-02
1.827799999999999955e+03 2.935815069248720599e-02
1.828000000000000000e+03 3.569150348661476180e-02
1.828799999999999955e+03 3.224504961343604981e-02
1.828900000000000091e+03 3.276135928950300868e-02
1.829799999999999955e+03 1.693425905906182499e-02
1.829900000000000091e+03 1.338552381844899941e-02
1.830799999999999955e+03 1.653586976932833880e-02
1.830900000000000091e+03 2.481923388170697783e-02
1.831700000000000045e+03 2.937041742897804342e-02
1.831799999999999955e+03 2.956862452461983537e-02
1.832700000000000045e+03 2.357734651744445437e-02
1.832799999999999955e+03 2.758978934159896784e-02
1.833700000000000045e+03 2.808803612751886725e-02
1.834599999999999909e+03 2.456458089377945922e-02
1.834700000000000045e+03 3.502853569183294463e-02
1.835599999999999909e+03 2.008632150862059776e-02
1.835700000000000045e+03 2.425484622725803535e-02
1.836599999999999909e+03 2.907708098560258733e-02
1.837599999999999909e+03 2.931101662349159392e-02
1.838500000000000000e+03 2.877921103818074575e-02
1.838599999999999909e+03 1.857564040501034908e-02
1.839500000000000000e+03 1.442947638249468534e-02
1.840500000000000000e+03 1.307923815468126603e-02
1.841400000000000091e+03 1.557983745322953466e-02
1.842400000000000091e+03 1.791978552410752878e-02
1.843400000000000091e+03 1.825261261109292765e-02
1.844299999999999955e+03 1.236256043602641970e-02
1.844400000000000091e+03 6.274064289270663182e-03
1.845299999999999955e+03 1.797065044681511736e-02
1.846200000000000045e+03 2.860927608805637415e-02
1.846299999999999955e+03 2.122623664328698173e-02
1.847200000000000045e+03 1.539709665937685074e-02
1.847299999999999955e+03 1.962036524536805646e-02
1.848200000000000045e+03 2.213676214248446947e-02
1.849099999999999909e+03 2.759985938062580607e-02
1.849200000000000045e+03 2.490509433448578891e-02
1.850099999999999909e+03 2.892756127986263748e-02
1.850200000000000045e+03 2.022941371678608699e-02
1.851000000000000000e+03 1.807914807551369227e-02
1.851099999999999909e+03 2.058153386456738204e-02
1.852000000000000000e+03 1.201206362673849955e-02
1.852099999999999909e+03 1.313271325272733284e-02
1.852900000000000091e+03 1.375387215146703715e-02
1.853099999999999909e+03 1.383988112545429111e-02
1.853900000000000091e+03 1.585749805856986189e-02
1.854000000000000000e+03 1.609040246618851852e-02
1.854900000000000091e+03 1.504402600624304975e-02
1.855000000000000000e+03 1.738522148875506351e-02
1.855799999999999955e+03 3.199069641999029850e-02
1.856000000000000000e+03 1.734584930094540747e-02
1.856799999999999955e+03 1.555629763592837611e-02
1.856900000000000091e+03 1.751089323928269048e-02
1.857700000000000045e+03 1.905565406116786070e-02
1.857900000000000091e+03 1.279179797097459124e-02
1.858700000000000045e+03 7.979961217191109540e-03
1.858900000000000091e+03 1.544753141749657596e-02
1.859599999999999909e+03 2.924019887009257981e-02
1.859799999999999955e+03 1.700050114529942299e-02
1.860599999999999909e+03 3.736217736409144612e-03
1.860799999999999955e+03 8.205208063095209906e-03
1.861599999999999909e+03 6.983577752115874282e-03
1.861799999999999955e+03 6.578957105202083884e-03
1.862500000000000000e+03 2.096701838870080811e-02
1.862700000000000045e+03 1.909323180997418018e-02
1.863500000000000000e+03 1.401786066133370659e-02
1.863700000000000045e+03 6.615886014746798910e-03
1.864400000000000091e+03 1.974277136170381891e-02
1.864599999999999909e+03 1.076141161217029907e-02
1.865400000000000091e+03 3.766363413396183173e-03
1.865599999999999909e+03 8.214896879100401159e-03
1.866299999999999955e+03 1.227196409839275727e-02
1.866599999999999909e+03 1.018687972697459622e-02
1.867299999999999955e+03 1.248238461356505208e-02
1.867500000000000000e+03 8.602810008290983149e-03
1.868200000000000045e+03 1.152987247569532171e-02
1.868500000000000000e+03 1.346595540943339511e-02
1.869200000000000045e+03 1.391553099722381281e-02
1.869500000000000000e+03 6.825996548205767213e-03
1.870200000000000045e+03 6.869733094376538965e-03
1.870400000000000091e+03 7.063437708436350916e-03
1.871099999999999909e+03 2.263111900087828171e-02
1.871400000000000091e+03 1.949867908755023929e-02
1.872099999999999909e+03 1.000374184738784047e-02
1.872400000000000091e+03 8.696134951851763537e-03
1.873000000000000000e+03 3.087912484192378414e-03
1.873299999999999955e+03 5.016391829550403449e-03
1.874000000000000000e+03 1.265392010487451438e-02
1.874299999999999955e+03 3.666942117178563151e-03
1.874900000000000091e+03 9.167232641777151372e-03
1.875200000000000045e+03 1.631304794257466828e-02
1.875900000000000091e+03 1.278126085615224894e-02
1.876200000000000045e+03 1.385627637110817441e-02
1.876799999999999955e+03 1.566132878702369488e-02
1.877200000000000045e+03 1.144697016827112522e-02
1.877799999999999955e+03 1.031676406807077381e-02
1.878099999999999909e+03 6.880200344072918972e-03
1.878700000000000045e+03 3.602594189023239531e-03
1.879099999999999909e+03 2.744789358811472804e-03
1.879700000000000045e+03 1.010175761446665751e-02
1.880000000000000000e+03 1.287518476124622016e-02
1.880700000000000045e+03 6.215956911823325957e-03
1.881000000000000000e+03 1.077353142136924444e-02
1.881599999999999909e+03 9.493679312303117054e-03
1.882000000000000000e+03 1.023596773144976046e-02
1.882599999999999909e+03 1.273984453878201396e-02
1.882900000000000091e+03 2.281684622936655787e-03
1.883500000000000000e+03 8.705107322856498603e-03
1.883900000000000091e+03 7.470162104449652729e-03
1.884500000000000000e+03 9.705463786973851648e-03
1.884799999999999955e+03 4.841880537246565606e-03
1.885400000000000091e+03 2.534936006432264230e-03
1.885799999999999955e+03 5.291912759992361756e-03
1.886400000000000091e+03 6.795599741530660917e-03
1.886799999999999955e+03 6.054396932647204341e-03
1.887299999999999955e+03 1.558720897711442580e-02
1.887700000000000045e+03 1.687254112559274585e-02
1.888299999999999955e+03 1.949267510570107734e-02
1.888700000000000045e+03 1.593873978464948118e-02
1.889200000000000045e+03 1.477662968549476111e-02
1.889599999999999909e+03 1.253130837440687845e-02
1.890200000000000045e+03 1.850989107581538229e-02
1.890599999999999909e+03 9.761437452745129126e-03
1.891099999999999909e+03 1.605446665488274860e-02
1.891599999999999909e+03 2.178728509744122521e-02
1.892099999999999909e+03 3.104632611400211586e-02
1.892500000000000000e+03 1.451991423093421107e-02
1.893000000000000000e+03 1.206373096850972548e-02
1.893500000000000000e+03 1.712940367389275201e-02
1.894000000000000000e+03 1.085166315974675499e-02
1.894400000000000091e+03 1.302682722704987493e-02
1.894900000000000091e+03 8.739342713085192227e-03
1.895400000000000091e+03 1.957324964323003957e-02
1.895900000000000091e+03 1.722981078384332176e-02
1.896299999999999955e+03 1.548506729329500280e-02
1.896799999999999955e+03 1.807708474877361970e-02
1.897299999999999955e+03 1.816085792399782170e-02
1.897799999999999955e+03 1.196190563241723154e-02
1.898299999999999955e+03 1.892279791556283897e-02
1.898700000000000045e+03 9.284081003844257829e-03
1.899200000000000045e+03 1.390217653700431127e-02
1.899700000000000045e+03 2.312538798864196415e-02
1.900200000000000045e+03 2.638707430185997099e-02
1.900599999999999909e+03 2.482721110527075226e-02
1.901099999999999909e+03 1.300613287424726497e-02
1.901599999999999909e+03 2.160022619043389797e-02
1.902099999999999909e+03 2.491925449959448563e-02
1.902500000000000000e+03 2.399399072786527823e-02
1.903000000000000000e+03 2.466515629659136663e-02
1.903500000000000000e+03 1.924637014083806566e-02
1.904000000000000000e+03 1.127415543062310760e-02
1.904400000000000091e+03 9.005228708909511492e-03
1.905000000000000000e+03 1.507642766970336903e-02
1.905400000000000091e+03 1.702318701295489969e-02
1.905900000000000091e+03 5.017808768250892927e-03
1.906299999999999955e+03 1.877887709664841781e-02
1.906900000000000091e+03 2.049921527587582337e-02
1.907299999999999955e+03 1.600643521411902054e-02
1.907799999999999955e+03 1.738994895042144870e-02
1.908200000000000045e+03 2.407158314096507351e-02
1.908799999999999955e+03 1.614997999242856128e-02
1.909200000000000045e+03 1.621326584598635490e-02
1.909700000000000045e+03 1.722529232159208945e-02
1.910099999999999909e+03 8.230116516530763468e-03
1.910700000000000045e+03 1.599862751595101593e-02
1.911099999999999909e+03 1.494886584881658168e-02
1.911599999999999909e+03 1.498263133738375261e-02
1.912000000000000000e+03 1.717133354922319513e-02
1.912599999999999909e+03 2.180102218735128355e-02
1.912900000000000091e+03 1.677228354614766076e-02
1.913500000000000000e+03 2.463899935676702735e-02
1.913900000000000091e+03 2.701686627820762757e-02
1.914500000000000000e+03 4.545972808959103384e-03
1.914799999999999955e+03 9.411123942812339022e-03
1.915400000000000091e+03 2.002350125895287908e-02
1.915799999999999955e+03 1.912218825490109506e-02
1.916400000000000091e+03 1.836466908655986011e-02
1.916700000000000045e+03 2.052757440067459749e-02
1.917299999999999955e+03 2.262855042206322886e-02
1.917700000000000045e+03 3.066344360028374488e-02
1.918299999999999955e+03 2.063307948399178970e-02
1.918599999999999909e+03 2.989148645124034206e-02
1.919299999999999955e+03 2.374866630486712968e-02
1.919599999999999909e+03 2.090067881343954728e-02
1.920200000000000045e+03 2.084261126639783482e-02
1.920500000000000000e+03 2.824753538000764758e-02
1.921200000000000045e+03 1.900685755303653524e-02
1.921500000000000000e+03 1.740654221676644214e-02
1.922099999999999909e+03 1.613289363144730995e-02
1.922400000000000091e+03 6.209498325597785640e-03
1.923099999999999909e+03 1.691779197204387047e-02
1.923299999999999955e+03 1.331000070749814579e-02
1.924000000000000000e+03 4.614148179839359758e-03
1.924299999999999955e+03 5.648726021531195844e-03
1.925000000000000000e+03 5.441061044697252484e-03
1.925200000000000045e+03 1.942930882745011120e-02
1.925900000000000091e+03 1.688330575191355348e-02
1.926200000000000045e+03 1.735601544397613605e-02
1.926900000000000091e+03 7.793846994043097075e-03
1.927099999999999909e+03 3.632148524255952859e-03
1.927799999999999955e+03 5.296507341671649952e-03
1.928099999999999909e+03 1.768266108418433541e-02
1.928799999999999955e+03 1.773228689042976106e-02
1.929000000000000000e+03 1.049344752574019393e-02
1.929700000000000045e+03 1.729086444334666101e-02
1.930000000000000000e+03 2.657613180177911122e-02
1.930700000000000045e+03 2.469099914982623642e-02
1.930900000000000091e+03 1.311928108275255481e-02
1.931599999999999909e+03 1.109080567970901696e-02
1.931799999999999955e+03 2.508982321912220370e-02
1.932599999999999909e+03 2.285028042486306893e-02
1.932799999999999955e+03 1.442108590120497885e-02
1.933500000000000000e+03 1.881699609966089662e-02
1.933700000000000045e+03 1.803457070719237387e-02
1.934400000000000091e+03 1.810929895960507532e-02
1.934700000000000045e+03 2.472757119293847450e-02
1.935400000000000091e+03 2.599571544370586629e-02
1.935599999999999909e+03 2.929313657682094604e-02
1.936299999999999955e+03 3.298124605932687553e-02
1.936599999999999909e+03 1.738616652106622293e-02
1.937299999999999955e+03 1.715050117789711226e-02
1.937500000000000000e+03 1.257828853777588976e-02
1.938200000000000045e+03 1.012348512275363863e-02
1.938400000000000091e+03 7.377530870279897825e-03
1.939200000000000045e+03 4.839534003382302621e-03
1.939400000000000091e+03 2.509236335212042604e-02
1.940099999999999909e+03 3.250817863927125267e-02
1.940299999999999955e+03 2.204442700606283959e-02
1.941099999999999909e+03 1.976476715953904076e-02
1.941299999999999955e+03 2.324772450334678525e-02
1.942000000000000000e+03 2.773989040767062611e-02
1.942200000000000045e+03 3.187507348525373679e-02
1.943000000000000000e+03 2.631718928566476740e-02
1.943200000000000045e+03 2.949665501630596362e-02
1.943900000000000091e+03 1.453853785095006110e-02
1.944099999999999909e+03 1.762665141265577773e-02
1.944900000000000091e+03 1.086043637986388970e-02
1.945000000000000000e+03 5.465980076646398921e-03
1.945799999999999955e+03 1.506642377377798853e-02
1.946000000000000000e+03 1.269461695144464067e-02
1.946799999999999955e+03 1.097766202870373992e-02
1.946900000000000091e+03 2.134788976000926569e-02
1.947700000000000045e+03 1.182658385751188604e-02
1.947900000000000091e+03 1.365611269784576184e-02
1.948599999999999909e+03 1.578560244652496211e-02
1.948799999999999955e+03 8.075519580923557275e-03
1.949599999999999909e+03 2.074893975751562758e-02
1.949700000000000045e+03 1.359439496478432631e-02
1.950500000000000000e+03 7.660382205841034624e-03
1.950700000000000045e+03 8.756210193407743328e-03
1.951500000000000000e+03 1.653958532798908976e-02
1.951599999999999909e+03 9.315076006223867167e-03
1.952400000000000091e+03 1.780398057591407388e-02
1.952599999999999909e+03 1.625220468612721680e-02
1.953400000000000091e+03 1.736107831737332061e-02
1.953500000000000000e+03 2.263804017081093994e-02
1.954299999999999955e+03 2.043806382996012777e-02
1.954400000000000091e+03 2.072443436475188486e-02
1.955299999999999955e+03 2.607863718638118652e-02
1.955400000000000091e+03 2.345902603197903835e-02
1.956200000000000045e+03 2.823834203009204305e-02
1.956299999999999955e+03 1.970999363099568136e-02
1.957099999999999909e+03 1.921903381748608919e-02
1.957299999999999955e+03 1.430281416102112402e-02
1.958099999999999909e+03 1.327956379040204360e-02
1.958200000000000045e+03 8.202268410177255414e-03
1.959000000000000000e+03 1.600049192477973059e-02
1.959099999999999909e+03 1.828982969547980966e-02
1.960000000000000000e+03 2.159883590315275423e-02
1.960099999999999909e+03 1.939166837325766168e-02
1.960900000000000091e+03 2.200637209736855393e-02
1.961000000000000000e+03 1.596253297584024344e-02
1.961900000000000091e+03 1.606376706592629877e-02
1.962799999999999955e+03 1.839816655290232861e-02
1.962900000000000091e+03 2.605678020237560746e-02
1.963700000000000045e+03 2.496555681408900093e-02
1.963799999999999955e+03 2.411995255952646341e-02
1.964700000000000045e+03 1.730751817047312610e-02
1.964799999999999955e+03 6.785827961415029537e-03
1.965599999999999909e+03 1.563733116977232551e-02
1.965700000000000045e+03 1.582113850939547914e-02
1.966599999999999909e+03 1.454848429270963125e-02
1.967500000000000000e+03 1.304340074484649364e-02
1.967599999999999909e+03 6.009589254714344311e-03
1.968400000000000091e+03 2.049547901089813010e-02
1.968500000000000000e+03 1.984604781222880365e-02
1.969400000000000091e+03 1.381931099268122846e-02
1.970299999999999955e+03 1.915208875690815188e-02
1.970400000000000091e+03 1.943771599471420114e-02
1.971299999999999955e+03 1.846355430737739098e-02
1.972200000000000045e+03 1.437238696814722300e-02
1.973099999999999909e+03 1.612804049530693756e-02
1.973200000000000045e+03 9.332307947309511839e-03
1.974099999999999909e+03 1.540395991455082228e-02
1.975000000000000000e+03 1.607865322325364305e-02
1.975099999999999909e+03 1.163671317798996643e-02
1.976000000000000000e+03 1.627180309920842061e-02
1.976900000000000091e+03 2.294159025127141815e-02
1.977799999999999955e+03 1.483463829171820583e-02
1.977900000000000091e+03 1.056923551497900016e-02
1.978799999999999955e+03 1.891160816633260730e-02
1.979700000000000045e+03 2.695436123612109797e-02
1.980700000000000045e+03 3.100137409610248529e-02
1.981599999999999909e+03 2.562990484565107197e-02
1.982500000000000000e+03 1.958368097303991168e-02
1.983500000000000000e+03 1.905539424309916560e-02
1.984400000000000091e+03 2.150067189909693824e-02
1.985299999999999955e+03 2.049530239629446249e-02
1.986299999999999955e+03 2.166754042232723818e-02
1.987200000000000045e+03 1.556129112076547194e-02
1.988099999999999909e+03 1.095948263953364608e-02
1.988200000000000045e+03 2.224090320449620753e-02
1.989099999999999909e+03 1.617779216124443434e-02
1.990000000000000000e+03 1.456879426084583054e-02
1.990900000000000091e+03 2.517767530187766268e-03
1.991000000000000000e+03 7.750854369571768751e-03
1.991900000000000091e+03 9.430573620762673290e-03
1.992799999999999955e+03 7.379187289526203085e-03
1.993700000000000045e+03 9.588206010856661216e-03
1.993799999999999955e+03 1.461748826231956330e-02
1.994700000000000045e+03 1.019706144861672742e-02
1.995599999999999909e+03 1.348127338731533627e-02
1.996500000000000000e+03 1.494379624195343870e-02
1.996599999999999909e+03 2.904596128551592549e-02
1.997500000000000000e+03 1.146599419917851762e-02
1.998400000000000091e+03 1.019705681579987332e-02
1.999299999999999955e+03 1.267785580285287275e-02
1.999400000000000091e+03 1.526865084822416618e-02
2.000299999999999955e+03 1.354365008990467134e-02
2.001200000000000045e+03 1.654582234455561490e-02
2.002099999999999909e+03 1.988285467875638285e-02
2.002200000000000045e+03 2.243815028956130941e-02
2.003000000000000000e+03 1.769880223077001380e-02
2.003099999999999909e+03 2.907053370479916604e-02
2.004000000000000000e+03 2.826044766205548092e-02
2.004900000000000091e+03 2.179767202800144549e-02
2.005000000000000000e+03 2.467618508319734463e-02
2.005799999999999955e+03 1.662678161270513336e-02
2.005900000000000091e+03 2.386663172414051418e-02
2.006799999999999955e+03 2.420419868311501216e-02
2.007700000000000045e+03 2.231120325721875491e-02
2.007799999999999955e+03 2.869958086157020638e-02
2.008599999999999909e+03 1.715741117257857384e-02
2.008700000000000045e+03 2.032840340925080175e-02
2.009599999999999909e+03 2.445477648425500861e-02
2.010500000000000000e+03 1.957486564737762405e-02
2.010599999999999909e+03 1.861026062532085759e-02
2.011400000000000091e+03 1.539202342045807581e-02
2.011500000000000000e+03 2.346536888627889089e-02
2.012299999999999955e+03 1.474852593643177778e-02
2.012400000000000091e+03 2.184945420190584006e-02
2.013299999999999955e+03 2.451078731273035813e-02
2.013400000000000091e+03 2.537014339268956614e-02
2.014200000000000045e+03 2.616675977253974522e-02
2.014299999999999955e+03 2.512820657454152909e-02
2.015099999999999909e+03 1.188177383972192913e-02
2.015200000000000045e+03 2.030199950163076930e-02
2.016099999999999909e+03 1.282600594157837226e-02
2.017000000000000000e+03 1.002770671520126881e-03
2.017099999999999909e+03 1.648419335455815482e-02
2.017900000000000091e+03 2.036204173435793643e-02
2.018000000000000000e+03 1.806400514046023476e-02
2.018799999999999955e+03 1.210748423050123784e-02
2.018900000000000091e+03 2.556952270993940665e-02
2.019799999999999955e+03 2.256569763355313271e-02
2.019900000000000091e+03 2.429635986929162828e-02
2.020700000000000045e+03 1.285257938521024677e-02
2.020799999999999955e+03 2.228560580420203135e-02
2.021599999999999909e+03 6.600393707707844990e-03
2.021700000000000045e+03 2.046675114723845237e-02
2.022599999999999909e+03 1.953074928684865597e-02
2.022700000000000045e+03 2.199983400998820060e-02
2.023500000000000000e+03 2.242549285841724180e-02
2.023599999999999909e+03 3.572190251156263235e-02
2.024400000000000091e+03 3.638468021241245826e-02
2.024500000000000000e+03 3.421359808353764687e-02
2.025299999999999955e+03 1.284211181462936203e-02
2.025400000000000091e+03 2.155010318431039781e-02
2.026299999999999955e+03 1.657163961825793702e-02
2.026400000000000091e+03 3.243483574760168409e-02
2.027200000000000045e+03 2.556219301898009916e-02
2.027299999999999955e+03 2.864995416512585574e-02
2.028099999999999909e+03 2.581488589082996110e-02
2.028200000000000045e+03 2.944433100027495781e-02
2.029000000000000000e+03 1.488115088144874136e-02
2.029099999999999909e+03 1.461622673170318888e-02
2.030000000000000000e+03 1.751412141444820547e-02
2.030099999999999909e+03 2.685523698818254382e-02
2.030900000000000091e+03 9.325848037981778610e-03
2.031000000000000000e+03 2.869178405464562279e-02
2.031900000000000091e+03 2.276124409262457807e-02
2.032900000000000091e+03 3.116250202362100957e-02
2.033799999999999955e+03 2.868607317926435626e-02
2.034700000000000045e+03 2.903885907436788011e-02
2.035599999999999909e+03 3.826491094392581171e-02
2.036599999999999909e+03 4.289702488286978310e-02
2.037500000000000000e+03 3.770158956863575717e-02
2.038400000000000091e+03 2.462213607767099049e-02
2.039299999999999955e+03 1.955392779077176624e-02
2.040299999999999955e+03 2.168395950407232819e-02
2.041200000000000045e+03 3.184747988871189373e-02
2.042099999999999909e+03 2.778133998197659937e-02
2.043000000000000000e+03 1.908305425173937794e-02
2.044000000000000000e+03 1.841430516220211172e-02
2.044900000000000091e+03 2.578468173771851502e-02
2.045799999999999955e+03 2.800226824113547647e-02
2.046700000000000045e+03 2.693436867712514782e-02
2.047700000000000045e+03 3.210377209676432142e-02
2.048599999999999909e+03 3.191561775665122808e-02
2.049500000000000000e+03 3.030741415766702307e-02
2.050400000000000091e+03 3.863359005114280764e-02
2.051300000000000182e+03 3.403105398531426629e-02
2.052300000000000182e+03 3.982558150442871286e-02
2.053199999999999818e+03 3.742342788652534835e-02
2.054099999999999909e+03 2.292419262362734717e-02
2.055000000000000000e+03 2.617667318730149822e-02
2.056000000000000000e+03 2.624800499182342040e-02
2.056900000000000091e+03 2.216404425222382249e-02
2.057800000000000182e+03 2.123703521048788539e-02
2.058699999999999818e+03 2.850704191853289937e-02
2.059599999999999909e+03 2.733005139420586344e-02
2.060599999999999909e+03 2.132318565554506412e-02
2.061500000000000000e+03 2.170093712071437947e-02
2.062400000000000091e+03 2.802563565339676044e-02
2.063300000000000182e+03 1.525071926082136910e-02
2.064199999999999818e+03 1.733411463098849525e-02
2.065199999999999818e+03 2.273778967737780099e-02
2.066099999999999909e+03 4.252232661044473561e-02
2.067000000000000000e+03 4.253919337805034395e-02
2.067900000000000091e+03 3.610053199647920985e-02
2.068800000000000182e+03 3.441833830779736370e-02
2.069800000000000182e+03 2.441881229285573079e-02
2.070699999999999818e+03 3.339771579833208243e-02
2.071599999999999909e+03 3.775182921033440331e-02
2.072500000000000000e+03 3.998235416923046071e-02
2.073400000000000091e+03 3.146659311298150713e-02
2.074300000000000182e+03 2.050639049396152380e-02
2.075300000000000182e+03 1.533318117614516050e-02
2.076199999999999818e+03 3.714408881199135481e-02
2.077099999999999909e+03 2.292517222798946819e-02
2.078000000000000000e+03 1.689635205734326545e-02
2.078900000000000091e+03 2.165544072409276294e-02
2.079800000000000182e+03 2.477588791677250851e-02
2.080800000000000182e+03 1.679712618468095012e-02
2.081699999999999818e+03 2.231334881365942477e-02
2.082599999999999909e+03 1.341337120509912550e-02
2.083500000000000000e+03 1.862651520457375698e-02
2.084400000000000091e+03 2.627799611705556107e-02
2.085300000000000182e+03 2.061137357428029920e-02
2.086300000000000182e+03 3.150266200808530398e-02
2.087199999999999818e+03 3.321877461428402595e-02
2.088099999999999909e+03 2.160124461502322887e-02
2.089000000000000000e+03 3.054039641028229168e-02
2.089900000000000091e+03 3.005870583317691441e-02
2.090800000000000182e+03 3.110269532736136683e-02
2.091699999999999818e+03 3.346954899796983351e-02
2.092699999999999818e+03 2.641423929429167344e-02
2.093599999999999909e+03 2.130450948237854608e-02
2.094500000000000000e+03 2.465995623082610846e-02
2.095400000000000091e+03 2.600050753576578499e-02
2.096300000000000182e+03 2.297829618388970430e-02
2.097199999999999818e+03 2.682648690388165016e-02
2.098099999999999909e+03 2.013554455058164799e-02
2.099000000000000000e+03 1.866954804045016861e-02
2.100000000000000000e+03 2.526288156360566653e-02
2.100900000000000091e+03 1.331720917713349710e-02
2.101800000000000182e+03 1.115521289564934751e-02
2.102699999999999818e+03 1.458115383896125584e-02
2.103599999999999909e+03 2.267309644916916042e-02
2.104500000000000000e+03 1.669542412884595511e-02
2.105400000000000091e+03 1.962668159795435963e-02
2.106300000000000182e+03 1.878697950351797957e-02
2.107199999999999818e+03 1.388654846342024518e-02
2.108199999999999818e+03 1.336701121445531271e-02
2.109099999999999909e+03 1.070258938403275024e-02
2.110000000000000000e+03 1.847497039070667910e-02
2.110900000000000091e+03 2.090245334242379210e-02
2.111800000000000182e+03 2.156886658707115115e-02
2.112699999999999818e+03 1.853686541395343362e-02
2.113599999999999909e+03 1.417587381303616820e-02
2.114500000000000000e+03 1.147363559228900889e-02
2.115400000000000091e+03 2.004183327619480856e-02
2.116300000000000182e+03 2.564104484784699572e-02
2.117199999999999818e+03 2.481183937428457775e-02
2.118199999999999818e+03 2.456006984388380693e-02
2.119099999999999909e+03 2.627166701521622960e-02
2.120000000000000000e+03 2.118326742605305610e-02
2.120900000000000091e+03 2.112046317239409804e-02
2.121800000000000182e+03 2.511003664754667131e-02
2.122699999999999818e+03 2.211501587848750325e-02
2.123599999999999909e+03 2.455877912243929415e-02
2.124500000000000000e+03 1.905302412310470178e-02
2.125400000000000091e+03 1.928976288440343093e-02
2.126300000000000182e+03 1.936439679349018575e-02
2.127199999999999818e+03 9.175366728132225425e-03
2.128099999999999909e+03 1.186481723892627085e-02
2.129000000000000000e+03 1.041425603986334027e-02
2.129900000000000091e+03 1.059482362000934395e-02
2.130900000000000091e+03 9.828209270700853303e-03
2.131800000000000182e+03 1.478522834426344509e-02
2.132699999999999818e+03 1.819623912020479697e-02
2.133599999999999909e+03 2.078369431027134867e-02
2.134500000000000000e+03 1.956268585091088669e-02
2.135400000000000091e+03 1.309457325964345602e-02
2.136300000000000182e+03 1.803502092420316422e-02
2.137199999999999818e+03 1.552811068225643312e-02
2.138099999999999909e+03 1.057413782002834118e-02
2.139000000000000000e+03 1.007423943730676938e-02
2.139900000000000091e+03 1.574798628423971364e-02
2.140800000000000182e+03 2.062853152216270400e-02
2.141699999999999818e+03 1.695119583003281555e-02
2.142599999999999909e+03 1.794042231417367766e-02
2.143500000000000000e+03 2.743475148264507002e-02
2.144400000000000091e+03 1.830723656562524559e-02
2.145300000000000182e+03 1.222432740070386777e-02
2.146199999999999818e+03 1.411280979186462295e-02
2.147099999999999909e+03 6.274715779176314769e-03
2.148000000000000000e+03 8.282741894760459883e-03
2.148900000000000091e+03 1.073475334784258078e-02
2.149800000000000182e+03 1.534320528347269362e-02
2.150699999999999818e+03 1.876877903305687600e-02
2.151599999999999909e+03 8.211686706470823841e-03
2.152500000000000000e+03 1.750450061613207774e-03
2.153400000000000091e+03 -9.066922152774609632e-04
2.154300000000000182e+03 -8.270994629340922954e-04
2.155199999999999818e+03 1.355770638988468973e-03
2.156099999999999909e+03 8.830208925210492402e-03
2.157000000000000000e+03 6.823936706079036449e-03
2.157900000000000091e+03 1.171530869543455436e-02
2.158800000000000182e+03 1.113529668506125538e-02
2.159699999999999818e+03 1.300635217023322042e-02
2.160599999999999909e+03 9.916133493349400113e-03
2.161500000000000000e+03 1.970821253546846050e-02
2.162400000000000091e+03 9.147716609508058788e-03
2.163300000000000182e+03 1.034879469050581889e-02
2.164199999999999818e+03 1.443022344818478339e-02
2.165099999999999909e+03 1.465485444095237719e-02
2.166000000000000000e+03 1.472264794450288926e-02
2.166900000000000091e+03 7.064949042859848538e-03
2.167800000000000182e+03 5.662491143475119337e-03
2.168699999999999818e+03 1.097293742087030767e-02
2.169599999999999909e+03 1.326831575622199229e-02
2.170500000000000000e+03 1.325658798323647858e-02
2.171400000000000091e+03 1.646673672524842647e-02
2.172300000000000182e+03 1.171324626499641551e-02
2.173199999999999818e+03 1.741795891895478454e-04
2.174099999999999909e+03 -2.092811037624673319e-03
2.175000000000000000e+03 4.840612213155415407e-03
2.175900000000000091e+03 8.558633632425058022e-03
2.176800000000000182e+03 1.385223518705196166e-02
2.177699999999999818e+03 8.807136152364343495e-03
2.178599999999999909e+03 2.921856049656933099e-03
2.179500000000000000e+03 9.082767865931502121e-03
2.180400000000000091e+03 1.076527510318697582e-02
2.181300000000000182e+03 9.129853669823080956e-03
2.182199999999999818e+03 1.203554938013601597e-02
2.183099999999999909e+03 1.800831506272726479e-02
2.183900000000000091e+03 1.478849902189341772e-02
2.184800000000000182e+03 9.764432332397604206e-03
2.185699999999999818e+03 7.835587223591799350e-03
2.186599999999999909e+03 3.058175639912316928e-03
2.187500000000000000e+03 9.959257351296773794e-03
2.188400000000000091e+03 1.618319166882575821e-02
2.189300000000000182e+03 1.698386279217088679e-02
2.190199999999999818e+03 1.449404084988998448e-02
2.191099999999999909e+03 7.476380644008720835e-03
2.192000000000000000e+03 1.109981242513458088e-02
2.192900000000000091e+03 1.475527765785489449e-02
2.193800000000000182e+03 1.352313291628715747e-02
2.194699999999999818e+03 1.224416641794276103e-02
2.195599999999999909e+03 1.392212810825184735e-02
2.196500000000000000e+03 1.950874522280895973e-02
2.197300000000000182e+03 1.513743249125119525e-02
2.198199999999999818e+03 7.168977532575579112e-03
2.199099999999999909e+03 1.329092619717483700e-02
2.200000000000000000e+03 1.816051750096654357e-02
2.200900000000000091e+03 1.691226191861167766e-02
2.201800000000000182e+03 1.272936324277776365e-02
2.202699999999999818e+03 7.820546154002707556e-03
2.203599999999999909e+03 1.219585900189770408e-02
2.204500000000000000e+03 1.821515609638763716e-02
2.205400000000000091e+03 1.620838448044387842e-02
2.206300000000000182e+03 1.817564183784127485e-02
2.207099999999999909e+03 9.719310387738629500e-03
2.208000000000000000e+03 1.500923256524249946e-02
2.208900000000000091e+03 1.382587343263041654e-02
2.209800000000000182e+03 1.558767763189832650e-02
2.210699999999999818e+03 1.888802156404455201e-02
2.211599999999999909e+03 2.508542556297783943e-02
2.212500000000000000e+03 2.628622023956189019e-02
2.213400000000000091e+03 1.994239745895361529e-02
2.214300000000000182e+03 1.951500331127701063e-02
2.215099999999999909e+03 1.804292648475920580e-02
2.216000000000000000e+03 1.510279337000767705e-02
2.216900000000000091e+03 1.755190299699100481e-02
2.217800000000000182e+03 1.641844493589838389e-02
2.218699999999999818e+03 1.026458707147545613e-02
2.219599999999999909e+03 1.346956672305981394e-02
2.220500000000000000e+03 1.850601339831584730e-02
2.221400000000000091e+03 1.924743002310696366e-02
2.222199999999999818e+03 8.139554935041221767e-03
2.223099999999999909e+03 2.002256127368016655e-02
2.224000000000000000e+03 3.269588333340694986e-02
2.224900000000000091e+03 2.443181527287190125e-02
2.225800000000000182e+03 2.687853870604021977e-02
2.226699999999999818e+03 1.939667856893652689e-02
2.227599999999999909e+03 2.358988609723742733e-02
2.228400000000000091e+03 2.425225826961642864e-02
2.229300000000000182e+03 1.926982182913896183e-02
2.230199999999999818e+03 1.270165701176365416e-02
2.231099999999999909e+03 1.585642484192237647e-02
2.232000000000000000e+03 2.350812357535349978e-02
2.232900000000000091e+03 3.109014563260389247e-02
2.233699999999999818e+03 1.931021846335199271e-02
2.234599999999999909e+03 8.872628482618893225e-03
2.235500000000000000e+03 1.765480109979281759e-02
2.236400000000000091e+03 2.121955547010204168e-02
2.237300000000000182e+03 1.909001568112811756e-02
2.238199999999999818e+03 2.114497083423171053e-02
2.239099999999999909e+03 1.126494141684938888e-02
2.239900000000000091e+03 1.348562312101842312e-02
2.240800000000000182e+03 2.545891368363129015e-02
2.241699999999999818e+03 2.105932814659093599e-02
2.242599999999999909e+03 1.616519847999952145e-02
2.243500000000000000e+03 1.672203879831567902e-02
2.244300000000000182e+03 2.393229673965318813e-02
2.245199999999999818e+03 2.153844592024869303e-02
2.246099999999999909e+03 1.808239396750475902e-02
2.247000000000000000e+03 1.762394434982597624e-02
2.247900000000000091e+03 1.783584044917831818e-02
2.248800000000000182e+03 1.714809764798896907e-02
2.249599999999999909e+03 2.032475089867521317e-02
2.250500000000000000e+03 2.297454146735306360e-02
2.251400000000000091e+03 1.921230700632203109e-02
2.252300000000000182e+03 2.633001525217351299e-02
2.253199999999999818e+03 2.657632717104420339e-02
2.254000000000000000e+03 2.336212884849332011e-02
2.254900000000000091e+03 2.256197121142793430e-02
2.255800000000000182e+03 1.842961412649045394e-02
2.256699999999999818e+03 1.185934436310104312e-02
2.257599999999999909e+03 1.799409865266112657e-02
2.258400000000000091e+03 2.012478134374958566e-02
2.259300000000000182e+03 2.082677059910495454e-02
2.260199999999999818e+03 2.276671471719771481e-02
2.261099999999999909e+03 2.355356694823327462e-02
2.262000000000000000e+03 1.666504976018604381e-02
2.262800000000000182e+03 1.290324037802318378e-02
2.263699999999999818e+03 1.532836388693206361e-02
2.264599999999999909e+03 1.860358628205404513e-02
2.265500000000000000e+03 2.310417114927497059e-02
2.266300000000000182e+03 1.565843702572406945e-02
2.267199999999999818e+03 1.775528679295706666e-02
2.268099999999999909e+03 4.111642503101789817e-03
2.269000000000000000e+03 4.812404286267960886e-03
2.269900000000000091e+03 8.445786990744596004e-03
2.270699999999999818e+03 1.899624527899753182e-02
2.271599999999999909e+03 5.904084515891096750e-03
2.272500000000000000e+03 1.541623212440303668e-02
2.273400000000000091e+03 1.779739517615301636e-02
2.274199999999999818e+03 9.016500250487025428e-03
2.275099999999999909e+03 1.700650481755675708e-02
2.276000000000000000e+03 1.993965104024942453e-02
2.276900000000000091e+03 1.655968742587755546e-02
2.277699999999999818e+03 1.238147973427749723e-02
2.278599999999999909e+03 1.915833885172235976e-02
2.279500000000000000e+03 1.109861534597245819e-02
2.280400000000000091e+03 1.377838761358434784e-02
2.281199999999999818e+03 8.648246390036119779e-03
2.282099999999999909e+03 6.689393927458333299e-03
2.283000000000000000e+03 3.377185268098606679e-03
2.283900000000000091e+03 1.287604786475530366e-02
2.284699999999999818e+03 1.700794369386247548e-02
2.285599999999999909e+03 1.347026466875843147e-02
2.286500000000000000e+03 7.753440311053139307e-03
2.287400000000000091e+03 1.427634130360943936e-02
2.288199999999999818e+03 1.343375444189029433e-02
2.289099999999999909e+03 5.447199899847292824e-03
2.290000000000000000e+03 3.819430814131658317e-03
2.290800000000000182e+03 1.701238925432940058e-02
2.291699999999999818e+03 1.499384402650664680e-02
2.292599999999999909e+03 1.909255080534829480e-02
2.293500000000000000e+03 1.715829892805966969e-02
2.294300000000000182e+03 9.825658162667415263e-03
2.295199999999999818e+03 1.251665175262548640e-02
2.296099999999999909e+03 1.514357345424238201e-02
2.296900000000000091e+03 5.724241114320399205e-03
2.297800000000000182e+03 1.213457218531840097e-02
2.298699999999999818e+03 1.525736874034282382e-02
2.299599999999999909e+03 1.875419850785621859e-02
2.300400000000000091e+03 1.335042269138772726e-02
2.301300000000000182e+03 9.264434104437271542e-03
2.302199999999999818e+03 1.198429291029540211e-02
2.303000000000000000e+03 1.136569977377934089e-02
2.303900000000000091e+03 1.057698258182467044e-02
2.304800000000000182e+03 1.407500171425520898e-02
2.305699999999999818e+03 1.561037578594857630e-02
2.306500000000000000e+03 1.135675756439397457e-02
2.307400000000000091e+03 2.035045276519566876e-02
2.308300000000000182e+03 1.766624945931993818e-02
2.309099999999999909e+03 9.712513958095778804e-03
2.310000000000000000e+03 1.133281847996471352e-02
2.310900000000000091e+03 1.431814167188024886e-02
2.311699999999999818e+03 1.798671245735803878e-02
2.312599999999999909e+03 2.156907697709013055e-02
2.313500000000000000e+03 1.904583841123301188e-02
2.314300000000000182e+03 1.257953223451935970e-02
2.315199999999999818e+03 1.343389878809730584e-02
2.316099999999999909e+03 1.725878320188734341e-02
2.316900000000000091e+03 1.347750284544888856e-02
2.317800000000000182e+03 2.104053923393159678e-02
2.318699999999999818e+03 1.546910234753462454e-02
2.319500000000000000e+03 2.043232552012279671e-02
2.320400000000000091e+03 1.988509993548186888e-02
2.321300000000000182e+03 1.560810489664378117e-02
2.322099999999999909e+03 1.534684450705019187e-02
2.323000000000000000e+03 2.091699373009732466e-02
2.323900000000000091e+03 1.821685772497286596e-02
2.324699999999999818e+03 1.611580381646335672e-02
2.325599999999999909e+03 1.634040603540850428e-02
2.326500000000000000e+03 2.035855313044382386e-02
2.327300000000000182e+03 1.189429363675757398e-02
2.328199999999999818e+03 1.381168684679411410e-02
2.329099999999999909e+03 1.615400747032458978e-02
2.329900000000000091e+03 1.732915394661245848e-02
2.330800000000000182e+03 1.474948144167380001e-02
2.331699999999999818e+03 1.563297196198678435e-02
2.332500000000000000e+03 1.237569173512513207e-02
2.333400000000000091e+03 9.139495514490792935e-03
2.334300000000000182e+03 9.592615257589611616e-03
2.335099999999999909e+03 2.197187896543905533e-02
2.336000000000000000e+03 2.199571939798869794e-02
2.336900000000000091e+03 1.427616403852930912e-02
2.337699999999999818e+03 1.722052702011652239e-02
2.338599999999999909e+03 1.557389879012199829e-02
2.339400000000000091e+03 1.569195839579656110e-02
2.340300000000000182e+03 1.162622378739903983e-02
2.341199999999999818e+03 1.381736727808563145e-02
2.342000000000000000e+03 1.295893179442444802e-02
2.342900000000000091e+03 9.247632365801602972e-03
2.343800000000000182e+03 1.363694841782233519e-02
2.344599999999999909e+03 1.417943612218860311e-02
2.345500000000000000e+03 1.169149753858658367e-02
2.346300000000000182e+03 8.082753525348802467e-03
2.347199999999999818e+03 2.196201861505920824e-02
2.348099999999999909e+03 1.185614188084921361e-02
2.348900000000000091e+03 1.517721392212185126e-02
2.349800000000000182e+03 1.465560431053725306e-02
2.350599999999999909e+03 9.285787561302702442e-03
2.351500000000000000e+03 1.270609920768206620e-02
2.352400000000000091e+03 1.280004605941931564e-02
2.353199999999999818e+03 4.244658372408009056e-03
2.354099999999999909e+03 2.921942414450556628e-03
2.354900000000000091e+03 1.236847096580087624e-02
2.355800000000000182e+03 1.775352395823786428e-02
2.356699999999999818e+03 1.134391151275251225e-02
2.357500000000000000e+03 1.018303512434907965e-02
2.358400000000000091e+03 7.500411068949678663e-03
2.359199999999999818e+03 1.257275461103115992e-02
2.360099999999999909e+03 9.527670584763957978e-03
2.361000000000000000e+03 1.132273358221447430e-02
2.361800000000000182e+03 1.322437109552817257e-02
2.362699999999999818e+03 1.118402262967913355e-02
2.363500000000000000e+03 1.303968257116885215e-02
2.364400000000000091e+03 1.011014423678337215e-02
2.365300000000000182e+03 9.284086314091125058e-03
2.366099999999999909e+03 6.461601201946999898e-03
2.367000000000000000e+03 5.574835945069592236e-03
2.367800000000000182e+03 1.077368372596528186e-02
2.368699999999999818e+03 2.520483076942260300e-03
2.369500000000000000e+03 7.828389764859361444e-03
2.370400000000000091e+03 1.474005143501463944e-02
2.371300000000000182e+03 5.922875175878310368e-03
2.372099999999999909e+03 2.008668882405315395e-04
2.373000000000000000e+03 6.673874178410838832e-03
2.373800000000000182e+03 4.010600417057070752e-03
2.374699999999999818e+03 3.186918486572638039e-03
2.375500000000000000e+03 9.430240678682760488e-03
2.376400000000000091e+03 1.207925665936783639e-02
2.377199999999999818e+03 1.553176903856357330e-02
2.378099999999999909e+03 9.310249623463977969e-03
2.379000000000000000e+03 6.751189470592222630e-03
2.379800000000000182e+03 9.248092405492631951e-03
2.380699999999999818e+03 1.419854667720667554e-02
2.381500000000000000e+03 9.029107318809407451e-03
2.382400000000000091e+03 3.924324381869364990e-03
2.383199999999999818e+03 2.422123357571891785e-03
2.384099999999999909e+03 9.908239610081394366e-03
2.384900000000000091e+03 1.182471622436413392e-02
2.385800000000000182e+03 8.172030330846034862e-03
2.386599999999999909e+03 5.817490704967062838e-03
2.387500000000000000e+03 9.010955479784981889e-03
2.388400000000000091e+03 9.992954289921328337e-03
2.389199999999999818e+03 8.384394899121684966e-03
2.390099999999999909e+03 7.900746564883154299e-03
2.390900000000000091e+03 8.885830980156089048e-03
2.391800000000000182e+03 9.456879620897386957e-03
2.392599999999999909e+03 9.235895761037435370e-03
2.393500000000000000e+03 6.124566258038350794e-03
2.394300000000000182e+03 4.747635241693633906e-03
2.395199999999999818e+03 4.937971561491233917e-03
2.396000000000000000e+03 4.330888448902321317e-03
2.396900000000000091e+03 8.345283825346003562e-03
2.397699999999999818e+03 1.708532412435168069e-03
2.398599999999999909e+03 -5.651653577732573775e-04
2.399400000000000091e+03 1.790123710035848061e-03
2.400300000000000182e+03 7.335923713235873410e-03
2.401099999999999909e+03 9.265925834474351974e-03
2.402000000000000000e+03 1.005964921606872751e-02
2.402800000000000182e+03 1.422534374460884821e-02
2.403699999999999818e+03 1.501791294724717611e-02
2.404500000000000000e+03 7.143921477893130575e-03
2.405400000000000091e+03 9.811688297034193082e-03
2.406199999999999818e+03 6.421223868215862260e-03
2.407099999999999909e+03 5.513815518237432170e-03
2.407900000000000091e+03 6.598570768294470361e-03
2.408800000000000182e+03 5.869289850461700819e-03
2.409599999999999909e+03 7.980872368860473381e-03
2.410500000000000000e+03 9.388925164356088857e-03
2.411300000000000182e+03 9.358596374574703128e-03
2.412199999999999818e+03 7.850015761175612242e-03
2.413000000000000000e+03 1.004438075768322031e-02
2.413400000000000091e+03 4.552123251496537071e-03
2.413900000000000091e+03 5.633607049442257257e-03
2.414199999999999818e+03 3.502523860936174356e-03
2.414699999999999818e+03 5.516743505542094465e-03
2.415099999999999909e+03 7.077150519043652610e-03
2.415599999999999909e+03 1.183904737935921256e-02
2.415900000000000091e+03 9.014704724047330892e-03
2.416400000000000091e+03 5.049925174842955465e-03
2.416800000000000182e+03 2.344402299376271374e-03
2.417300000000000182e+03 1.790296860563225963e-03
2.417699999999999818e+03 2.551300435898256128e-03
2.418099999999999909e+03 1.158572794486954077e-02
2.418500000000000000e+03 1.977918145769956386e-03
2.419000000000000000e+03 7.420066821115690534e-03
2.419400000000000091e+03 5.475474996577234070e-03
2.419800000000000182e+03 8.645759179375368114e-03
2.420199999999999818e+03 2.811185145081798037e-03
2.420699999999999818e+03 4.634466682805944010e-03
2.421099999999999909e+03 3.500888303534249995e-03
2.421500000000000000e+03 4.057080551519148294e-03
2.422000000000000000e+03 2.836144658560606734e-03
2.422400000000000091e+03 6.918958708287814910e-03
2.422800000000000182e+03 6.951544158619593627e-03
2.423199999999999818e+03 7.635455103881983938e-03
2.423699999999999818e+03 1.047111148354856053e-02
2.424099999999999909e+03 1.349640639176044599e-02
2.424500000000000000e+03 8.827807517961507033e-03
2.424900000000000091e+03 1.647562074722261696e-02
2.425400000000000091e+03 1.534524442742545361e-02
2.425699999999999818e+03 9.522767557640881078e-03
2.426300000000000182e+03 9.648758530165352926e-03
2.426599999999999909e+03 1.189089307720523486e-02
2.427099999999999909e+03 1.272085055424888173e-02
2.427400000000000091e+03 1.267874987024221814e-02
2.428000000000000000e+03 1.182392498132484385e-02
2.428300000000000182e+03 1.731491639894301715e-02
2.428800000000000182e+03 1.399786834367844866e-02
2.429099999999999909e+03 2.084274278622602269e-02
2.429699999999999818e+03 1.849115480451442306e-02
2.430000000000000000e+03 2.155785163228585502e-02
2.430500000000000000e+03 1.822440358706715891e-02
2.430800000000000182e+03 1.686612304362726869e-02
2.431400000000000091e+03 1.648363177562472276e-02
2.431699999999999818e+03 1.648850134806468040e-02
2.432300000000000182e+03 1.938421363625193738e-02
2.432500000000000000e+03 1.517640401970749009e-02
2.433099999999999909e+03 1.324821291536500134e-02
2.433400000000000091e+03 2.196429322379889540e-02
2.434000000000000000e+03 1.043104764291563277e-02
2.434199999999999818e+03 1.530248314513015656e-02
2.434800000000000182e+03 1.686446148532124920e-02
2.435000000000000000e+03 1.494311750586691488e-02
2.435699999999999818e+03 1.566056618050339772e-02
2.435900000000000091e+03 1.393116110919868228e-02
2.436500000000000000e+03 1.486225538473083529e-02
2.436699999999999818e+03 2.069501142049798292e-02
2.437400000000000091e+03 1.894219714875887070e-02
2.437599999999999909e+03 2.176104003040892423e-02
2.438300000000000182e+03 2.057444637274257263e-02
2.438400000000000091e+03 1.970290893316744077e-02
2.439099999999999909e+03 1.290432582922238988e-02
2.439300000000000182e+03 1.494392679996942551e-02
2.440000000000000000e+03 1.199992691208007570e-02
2.440099999999999909e+03 1.720398472184487410e-02
2.440800000000000182e+03 1.675409002763035560e-02
2.440900000000000091e+03 6.925794028191098635e-03
2.441699999999999818e+03 1.326542626999160923e-02
2.441800000000000182e+03 1.582476260231616833e-02
2.442500000000000000e+03 1.767528204397750963e-02
2.442599999999999909e+03 1.743475882267290361e-02
2.443400000000000091e+03 1.748798230643498763e-02
2.443500000000000000e+03 1.344850215603468971e-02
2.444199999999999818e+03 1.403714899036790330e-02
2.444300000000000182e+03 2.175852930493425014e-02
2.445099999999999909e+03 1.063231156640862332e-02
2.445199999999999818e+03 1.149870786054712525e-02
2.445900000000000091e+03 1.138772795683557978e-02
2.446000000000000000e+03 1.604773942300246475e-02
2.446800000000000182e+03 1.723241939436003997e-02
2.447699999999999818e+03 1.373612937132126510e-02
2.448500000000000000e+03 1.534853657482692507e-02
2.449400000000000091e+03 1.655799628673166463e-02
2.450199999999999818e+03 2.144160819070014407e-02
2.451099999999999909e+03 2.542492903992408376e-02
2.451900000000000091e+03 2.426765494512714283e-02
2.452699999999999818e+03 2.025117897948828377e-02
2.452800000000000182e+03 1.545567245764880616e-02
2.453599999999999909e+03 1.469762584593284523e-02
2.454400000000000091e+03 8.953813198868895012e-03
2.454500000000000000e+03 7.366281419474771455e-03
2.455300000000000182e+03 1.639643295859096947e-02
2.456099999999999909e+03 1.921785118508630499e-02
2.456199999999999818e+03 1.666233686518434065e-02
2.456900000000000091e+03 1.283955939907045242e-02
2.457000000000000000e+03 2.171201541145487135e-02
2.457800000000000182e+03 2.255910106878660989e-02
2.457900000000000091e+03 1.441537958468546918e-02
2.458599999999999909e+03 1.150290474909713458e-02
2.458699999999999818e+03 1.245922362515076987e-02
2.459500000000000000e+03 5.863506611683714197e-03
2.459599999999999909e+03 6.634746499463800573e-03
2.460300000000000182e+03 1.178123490358843478e-02
2.460400000000000091e+03 1.225906187225316371e-02
2.461099999999999909e+03 2.031537726573644578e-02
2.461300000000000182e+03 1.162098605200428438e-02
2.462000000000000000e+03 1.163391552617175709e-02
2.462099999999999909e+03 1.445079503666755333e-02
2.462800000000000182e+03 1.776354155231327572e-02
2.463000000000000000e+03 1.343824329149557843e-02
2.463699999999999818e+03 1.985209861368384884e-02
2.463800000000000182e+03 1.776735996627761341e-02
2.464500000000000000e+03 2.116461481554692686e-02
2.464699999999999818e+03 1.746100486968293897e-02
2.465300000000000182e+03 2.116582327582796491e-02
2.465500000000000000e+03 1.455833713977439797e-02
2.466199999999999818e+03 1.409153209412053118e-02
2.466400000000000091e+03 1.279040544483980510e-02
2.467000000000000000e+03 1.487249422792365217e-02
2.467199999999999818e+03 1.090892307787284972e-02
2.467900000000000091e+03 2.234864076632581825e-02
2.468099999999999909e+03 2.061722748379647002e-02
2.468699999999999818e+03 1.349353624526705708e-02
2.468900000000000091e+03 1.687438435400647613e-02
2.469500000000000000e+03 1.873849671297058914e-02
2.469800000000000182e+03 1.411087294985492908e-02
2.470400000000000091e+03 1.286645221325828474e-02
2.470599999999999909e+03 1.242007061648221951e-02
2.471199999999999818e+03 1.657606979716173129e-02
2.471500000000000000e+03 1.185534435108524451e-02
2.472000000000000000e+03 1.808948602632531183e-02
2.472300000000000182e+03 1.577283573014599122e-02
2.472900000000000091e+03 1.433030340228336544e-02
2.473199999999999818e+03 1.215550050721788539e-02
2.473699999999999818e+03 1.302588036121800699e-02
2.474000000000000000e+03 1.432926093474080551e-02
2.474599999999999909e+03 1.323138055478640870e-02
2.474900000000000091e+03 1.468716225836338637e-02
2.475400000000000091e+03 1.270964740547461148e-02
2.475699999999999818e+03 1.249430685573503161e-02
2.476199999999999818e+03 1.421045076536847467e-02
2.476500000000000000e+03 1.591142838534619075e-02
2.477099999999999909e+03 8.428832738438600883e-03
2.477400000000000091e+03 9.252168772432008831e-03
2.477900000000000091e+03 2.659998779026779420e-02
2.478199999999999818e+03 2.221428795326799849e-02
2.478699999999999818e+03 1.418198795502587269e-02
2.479099999999999909e+03 8.629078638632390122e-03
2.479599999999999909e+03 6.976411502460146477e-03
2.479900000000000091e+03 1.388232001937814847e-02
2.480400000000000091e+03 2.692387322529211924e-02
2.480800000000000182e+03 2.137257898920882915e-02
2.481199999999999818e+03 1.697031934438296766e-02
2.481599999999999909e+03 1.464178775983172864e-02
2.482099999999999909e+03 9.311630008785211701e-03
2.482500000000000000e+03 7.405019322264396256e-03
2.482900000000000091e+03 1.207013238059936010e-02
2.483300000000000182e+03 1.250679083583275744e-02
2.483800000000000182e+03 1.557297753661720900e-02
2.484199999999999818e+03 1.538534295874440655e-02
2.484599999999999909e+03 1.469705515627666749e-02
2.485000000000000000e+03 1.317238245651202247e-02
2.485400000000000091e+03 1.325357922732822019e-02
2.485800000000000182e+03 1.222973016541407422e-02
2.486300000000000182e+03 9.193449623678039140e-03
2.486699999999999818e+03 1.245245420780557999e-02
2.487099999999999909e+03 7.692934325066885966e-03
2.487500000000000000e+03 1.797336130724467781e-02
2.487900000000000091e+03 1.648464477368304093e-02
2.488400000000000091e+03 1.504789965226279239e-02
2.488800000000000182e+03 1.500911001934984203e-02
2.489199999999999818e+03 1.699048522375420228e-02
2.489599999999999909e+03 1.010696173918108898e-02
2.490099999999999909e+03 1.478478392160990917e-02
2.490400000000000091e+03 1.839419810083100029e-02
2.490900000000000091e+03 1.428234358154525235e-02
2.491300000000000182e+03 7.544454949880730413e-03
2.491699999999999818e+03 4.527634952903631868e-03
2.492099999999999909e+03 4.413213165374779874e-03
2.492599999999999909e+03 -1.762202101688569063e-03
2.492900000000000091e+03 7.515125393096693321e-03
2.493400000000000091e+03 1.245378611219794332e-02
2.493800000000000182e+03 1.531595714298280078e-02
2.494300000000000182e+03 1.423587062800767654e-02
2.494599999999999909e+03 1.490418472046498022e-02
2.495099999999999909e+03 1.734916922447683404e-02
2.495400000000000091e+03 1.237231194455081992e-02
2.496000000000000000e+03 1.091095188516541872e-02
2.496300000000000182e+03 1.238647851259548627e-02
2.496800000000000182e+03 1.212459954965491860e-02
2.497099999999999909e+03 1.225659568087312211e-02
2.497599999999999909e+03 1.295789516902754422e-02
2.497900000000000091e+03 1.350163534288338976e-02
2.498500000000000000e+03 1.481759666440038772e-02
2.498800000000000182e+03 1.644441968212246447e-02
2.499300000000000182e+03 1.531008312229423934e-02
2.499599999999999909e+03 1.259503324548690711e-02
2.500199999999999818e+03 1.678629391522314454e-02
2.500400000000000091e+03 1.253802907904994282e-02
2.501000000000000000e+03 1.100856051948263456e-02
2.501300000000000182e+03 1.360565911641944785e-02
2.501800000000000182e+03 9.757157950604524593e-03
2.502099999999999909e+03 1.232725379266894072e-02
2.502699999999999818e+03 7.915771738013771888e-03
2.502900000000000091e+03 1.281691913257170662e-02
2.503500000000000000e+03 9.057545830183293817e-03
2.503800000000000182e+03 1.274151616793746909e-02
2.504400000000000091e+03 3.766790386525245733e-03
2.504599999999999909e+03 8.391508451713472830e-03
2.505199999999999818e+03 1.157661746245387119e-02
2.505400000000000091e+03 1.070998581792907516e-02
2.506000000000000000e+03 8.831620743760254869e-03
2.506199999999999818e+03 1.351919817594980297e-02
2.506900000000000091e+03 9.971200867388632649e-03
2.507099999999999909e+03 6.825218603842617485e-03
2.507699999999999818e+03 7.510976662041300191e-03
2.507900000000000091e+03 4.661112176350810064e-03
2.508599999999999909e+03 9.001164162375667466e-03
2.508699999999999818e+03 6.376530057566175830e-03
2.509400000000000091e+03 5.999285734102265122e-03
2.509599999999999909e+03 4.344896405755892428e-03
2.510199999999999818e+03 5.430637920552257997e-03
2.510400000000000091e+03 7.327849698848139942e-03
2.511099999999999909e+03 2.572118962519484228e-03
2.511199999999999818e+03 7.634105052596875177e-03
2.511900000000000091e+03 5.441658176248658288e-03
2.512099999999999909e+03 1.094945028655736063e-02
2.512800000000000182e+03 9.314927806196467847e-03
2.512900000000000091e+03 1.671433491553513465e-02
2.513599999999999909e+03 1.567741227936858550e-02
2.513699999999999818e+03 1.368007601724014963e-02
2.514400000000000091e+03 1.303833794830034504e-02
2.514500000000000000e+03 1.488827100019893268e-02
2.515300000000000182e+03 1.362038643541750582e-02
2.515400000000000091e+03 8.634731447557244394e-03
2.516099999999999909e+03 7.894149975735068742e-03
2.516199999999999818e+03 1.262367424128193159e-02
2.516900000000000091e+03 1.280824214283398862e-02
2.517000000000000000e+03 1.270614683553196629e-02
2.517800000000000182e+03 1.275586726125867154e-02
2.517900000000000091e+03 1.424722274204500913e-02
2.518599999999999909e+03 1.325633806968048653e-02
2.518699999999999818e+03 1.908986553370631278e-02
2.519500000000000000e+03 1.430687496987113026e-02
2.520300000000000182e+03 1.290638220026764892e-02
2.520400000000000091e+03 2.000654527323798143e-02
2.521099999999999909e+03 1.433859884751856328e-02
2.521199999999999818e+03 9.670850729192336653e-03
2.522000000000000000e+03 1.178249282410198662e-02
2.522800000000000182e+03 8.402379310155739384e-03
2.523599999999999909e+03 1.322367155253572485e-02
2.523699999999999818e+03 1.157665203715527516e-02
2.524500000000000000e+03 1.175712127352799598e-02
2.525300000000000182e+03 1.077835032517324154e-02
2.526099999999999909e+03 1.161466619171494172e-02
2.527000000000000000e+03 1.003824481605556859e-02
2.527800000000000182e+03 9.702398748828814160e-03
2.528599999999999909e+03 8.787664253115104115e-03
2.528699999999999818e+03 7.087045582192082888e-03
2.529500000000000000e+03 1.013438978486374750e-02
2.530300000000000182e+03 1.022870413977611768e-02
2.531099999999999909e+03 7.643529272092004778e-03
2.531199999999999818e+03 9.226525759209082064e-03
2.531900000000000091e+03 2.266903403588324886e-03
2.532000000000000000e+03 5.907820049551631286e-03
2.532800000000000182e+03 8.085417172221767354e-03
2.533599999999999909e+03 1.142491782613283373e-02
2.533699999999999818e+03 1.157170171282105239e-02
2.534400000000000091e+03 1.542955137313989540e-02
2.534500000000000000e+03 2.337537053257748854e-02
2.535199999999999818e+03 1.252636781070320601e-02
2.535300000000000182e+03 1.225478805812613668e-02
2.536099999999999909e+03 9.449417185614230469e-03
2.536199999999999818e+03 3.148878609699365134e-03
2.536900000000000091e+03 5.939796818665869262e-03
2.537000000000000000e+03 4.175448912881504770e-03
2.537699999999999818e+03 6.305313765404501822e-03
2.537800000000000182e+03 1.250688659355506278e-02
2.538500000000000000e+03 1.588483222143226292e-02
2.538699999999999818e+03 6.522952551897041353e-03
2.539400000000000091e+03 1.265524745660137097e-02
2.539500000000000000e+03 1.164815101995493596e-02
2.540199999999999818e+03 8.915512998179185578e-03
2.540300000000000182e+03 8.901043337448674014e-03
2.541000000000000000e+03 1.605786484567202355e-02
2.541099999999999909e+03 1.914860720543788003e-02
2.541800000000000182e+03 1.739317074583387329e-02
2.542000000000000000e+03 9.486926040722046954e-03
2.542699999999999818e+03 1.017153946515868268e-02
2.542800000000000182e+03 1.352858269244830783e-02
2.543500000000000000e+03 2.009666913777506669e-02
2.543599999999999909e+03 1.111704128925918890e-02
2.544300000000000182e+03 1.769148353034787416e-02
2.544500000000000000e+03 1.695168939133712138e-02
2.545099999999999909e+03 1.342943230782105840e-02
2.545300000000000182e+03 9.946846463445947056e-03
2.546000000000000000e+03 7.601115933819582726e-03
2.546099999999999909e+03 1.120319096747809072e-02
2.546800000000000182e+03 2.384515213143939549e-02
2.547000000000000000e+03 1.068447270792402884e-02
2.547599999999999909e+03 1.183939286752680453e-02
2.547800000000000182e+03 1.229190358641020150e-02
2.548400000000000091e+03 1.830396882251662111e-02
2.548599999999999909e+03 1.533531847492857272e-02
2.549300000000000182e+03 9.696509465324860966e-03
2.549500000000000000e+03 4.863815312387276268e-03
2.550099999999999909e+03 1.867205281493775158e-03
2.550300000000000182e+03 6.604295718706553950e-03
2.550900000000000091e+03 1.114334608991304418e-02
2.551099999999999909e+03 9.994822434035920480e-03
2.551699999999999818e+03 1.015847376929729026e-03
2.551900000000000091e+03 5.371275842829226557e-03
2.552599999999999909e+03 1.485007011004970366e-02
2.552800000000000182e+03 1.587309893427226587e-02
2.553400000000000091e+03 1.337196337736800376e-02
2.553599999999999909e+03 8.480478046814250020e-03
2.554199999999999818e+03 9.024081467285293562e-03
2.554400000000000091e+03 1.524614194831464681e-02
2.555000000000000000e+03 1.575662792945334637e-02
2.555300000000000182e+03 1.005015145374910449e-02
2.555800000000000182e+03 6.829334766749819291e-03
2.556099999999999909e+03 1.083050281161073228e-02
2.556699999999999818e+03 1.016063903184078604e-02
2.556900000000000091e+03 1.611831475028518285e-02
2.557500000000000000e+03 1.225958686017291147e-02
2.557699999999999818e+03 1.548095935249996571e-02
2.558300000000000182e+03 2.168885125816970988e-02
2.558599999999999909e+03 1.279540945855834645e-02
2.559099999999999909e+03 1.019026897733771655e-02
2.559400000000000091e+03 9.058908793891847291e-03
2.560000000000000000e+03 8.731515616158844889e-03
2.560199999999999818e+03 8.140420485131610873e-03
2.560800000000000182e+03 1.239155776985030599e-02
2.561099999999999909e+03 1.453324348216787285e-02
2.561599999999999909e+03 1.569555677776186819e-02
2.561900000000000091e+03 1.031384804799692634e-02
2.562400000000000091e+03 1.175328427281873561e-02
2.562699999999999818e+03 1.497283578705283294e-02
2.563199999999999818e+03 1.223513021709875595e-02
2.563500000000000000e+03 1.472690483533669291e-02
2.564099999999999909e+03 8.762058706229963051e-03
2.564400000000000091e+03 1.030009536523227194e-02
2.564900000000000091e+03 1.977985171103242845e-02
2.565199999999999818e+03 1.756332850236954832e-02
2.565699999999999818e+03 8.373598880154401944e-03
2.566000000000000000e+03 9.811846802473753182e-03
2.566500000000000000e+03 1.790589908609337838e-02
2.566800000000000182e+03 1.444834411433026586e-02
2.567300000000000182e+03 7.379328242459764174e-03
2.567699999999999818e+03 7.215086227446687248e-03
2.568199999999999818e+03 9.628589689067799245e-03
2.568500000000000000e+03 8.454412147503281849e-03
2.569000000000000000e+03 1.230897783333338713e-02
2.569300000000000182e+03 1.746828090970030389e-02
2.569800000000000182e+03 9.650154185988019453e-03
2.570099999999999909e+03 4.865987277806001730e-03
2.570599999999999909e+03 1.212871540222244804e-02
2.571000000000000000e+03 9.980813914714736085e-03
2.571400000000000091e+03 6.784949092289120978e-03
2.571800000000000182e+03 4.418726171756947631e-03
2.572300000000000182e+03 3.473069543496798417e-03
2.572599999999999909e+03 7.722268321648849930e-03
2.573099999999999909e+03 1.074271284455429604e-02
2.573400000000000091e+03 8.616124134767593964e-03
2.573900000000000091e+03 4.238751977880977385e-03
2.574300000000000182e+03 9.540066921120103627e-03
2.574699999999999818e+03 6.423627543857687514e-03
2.575099999999999909e+03 3.347813305410399926e-03
2.575500000000000000e+03 3.073165476263469299e-03
2.575900000000000091e+03 6.716697862817228894e-03
2.576400000000000091e+03 8.374292232753521512e-03
2.576699999999999818e+03 1.204293522272839589e-02
2.577199999999999818e+03 1.464110748289710294e-02
2.577599999999999909e+03 4.048986614459274339e-03
2.578000000000000000e+03 4.732841199203607387e-03
2.578400000000000091e+03 9.287875541493951365e-03
2.578800000000000182e+03 1.373463641036825125e-02
2.579199999999999818e+03 1.080822947376564730e-02
2.579599999999999909e+03 6.660081598648615910e-03
2.580000000000000000e+03 6.003286327518994603e-03
2.580400000000000091e+03 6.094340629420402257e-03
2.580900000000000091e+03 1.516539723149807305e-02
2.581300000000000182e+03 2.078798388083100482e-02
2.581699999999999818e+03 1.306615107694869375e-02
2.582099999999999909e+03 5.356457812148488450e-03
2.582500000000000000e+03 7.964413345830027857e-03
2.582900000000000091e+03 1.103460968958170155e-02
2.583300000000000182e+03 1.572133693846065536e-02
2.583699999999999818e+03 1.494259311726773773e-02
2.584199999999999818e+03 1.021646264449644487e-02
2.584500000000000000e+03 9.952045980674728565e-03
2.585000000000000000e+03 8.667182943098792475e-03
2.585300000000000182e+03 8.652543471762835781e-03
2.585800000000000182e+03 1.837916416028822705e-02
2.586199999999999818e+03 1.490842460599026142e-02
2.586599999999999909e+03 1.135808006779976710e-02
2.587000000000000000e+03 9.587902531905905315e-03
2.587400000000000091e+03 1.241932857600286377e-02
2.587800000000000182e+03 1.067449979764824135e-02
2.588300000000000182e+03 1.344649737437936601e-02
2.588599999999999909e+03 1.289461006441201471e-02
2.589099999999999909e+03 1.239019635717237243e-02
2.589400000000000091e+03 1.224062387439583607e-02
2.589900000000000091e+03 1.534435889599845664e-02
2.590199999999999818e+03 1.179275055407056141e-02
2.590699999999999818e+03 1.164071944605040917e-02
2.591099999999999909e+03 1.247798217593999379e-02
2.591500000000000000e+03 1.465945817203741924e-02
2.591900000000000091e+03 1.433405766670294186e-02
2.592400000000000091e+03 1.037215948899019094e-02
2.592699999999999818e+03 8.296336237527048019e-03
2.593199999999999818e+03 8.726503520759810312e-03
2.593500000000000000e+03 1.217116822975344327e-02
2.594000000000000000e+03 1.045499112500482622e-02
2.594300000000000182e+03 1.110142944256079650e-02
2.594800000000000182e+03 1.517423442858389232e-02
2.595099999999999909e+03 1.532490773526064103e-02
2.595699999999999818e+03 1.314647400597997173e-02
2.596000000000000000e+03 1.186072534002171296e-02
2.596500000000000000e+03 1.637273610238663274e-02
2.596800000000000182e+03 1.313303258390701063e-02
2.597300000000000182e+03 1.172027775134358400e-02
2.597599999999999909e+03 7.949794967338594254e-03
2.598099999999999909e+03 4.906915196308360601e-03
2.598400000000000091e+03 7.553863518822085191e-04
2.598900000000000091e+03 1.450292196017544458e-02
2.599199999999999818e+03 1.380653222640031846e-02
2.599699999999999818e+03 1.503560903929455732e-02
2.600000000000000000e+03 8.425950331261792062e-03
2.600599999999999909e+03 8.853235626321447060e-03
2.600800000000000182e+03 1.381495948743514599e-02
2.601400000000000091e+03 1.358415572067861801e-02
2.601699999999999818e+03 2.825324659025466294e-03
2.602199999999999818e+03 5.793985097757670642e-03
2.602500000000000000e+03 6.335162017948292243e-03
2.603000000000000000e+03 9.723736152506214439e-03
2.603300000000000182e+03 8.829707061637732252e-03
2.603800000000000182e+03 1.221231906413861555e-02
2.604099999999999909e+03 1.053957801584875023e-02
2.604699999999999818e+03 1.431723926534413278e-02
2.604900000000000091e+03 1.049758421359148555e-02
2.605500000000000000e+03 8.462653024409044766e-03
2.605699999999999818e+03 9.754221378815156746e-03
2.606300000000000182e+03 1.106263676359753485e-02
2.606500000000000000e+03 1.263183771334299224e-02
2.607099999999999909e+03 1.444958985377337891e-02
2.607400000000000091e+03 1.026305016220486165e-02
2.607900000000000091e+03 1.500869102580888216e-02
2.608199999999999818e+03 1.309219324025601670e-02
2.608699999999999818e+03 8.233167533797935977e-03
2.609000000000000000e+03 1.171992448219828613e-02
2.609599999999999909e+03 1.186169131544441077e-02
2.609800000000000182e+03 1.325736110503911505e-02
2.610400000000000091e+03 1.174811341376786819e-02
2.610599999999999909e+03 1.062398177702299912e-02
2.611199999999999818e+03 1.077799329203894992e-02
2.611400000000000091e+03 4.316409395420437931e-03
2.612000000000000000e+03 1.499649920159481023e-02
2.612199999999999818e+03 1.860260411190344312e-02
2.612800000000000182e+03 1.545800382722352720e-02
2.613000000000000000e+03 1.695002908360567634e-02
2.613599999999999909e+03 1.894549527603028860e-02
2.613900000000000091e+03 1.348358793507123746e-02
2.614500000000000000e+03 1.404705928512648035e-02
2.614699999999999818e+03 1.225028145485710686e-02
2.615300000000000182e+03 1.155951988711588149e-02
2.615500000000000000e+03 4.003132349673137191e-03
2.616099999999999909e+03 7.269071753075144991e-03
2.616300000000000182e+03 4.965406201478518231e-03
2.616900000000000091e+03 7.908798816106617918e-03
2.617099999999999909e+03 6.175923493396160563e-03
2.617699999999999818e+03 1.360617514680134005e-02
2.617900000000000091e+03 1.131945661591239605e-02
2.618500000000000000e+03 1.482485165878603788e-02
2.618699999999999818e+03 1.162159374432329348e-02
2.619400000000000091e+03 1.648959928780049586e-02
2.619500000000000000e+03 1.282438276847034514e-02
2.620199999999999818e+03 1.067375761170604939e-02
2.620300000000000182e+03 1.169810951838854904e-02
2.621000000000000000e+03 1.549019473721110172e-02
2.621199999999999818e+03 1.140520216546061713e-02
2.621800000000000182e+03 1.255808708859210837e-02
2.622000000000000000e+03 1.162090254534108892e-02
2.622599999999999909e+03 1.493702846616022824e-02
2.622800000000000182e+03 1.441391362859128708e-02
2.623400000000000091e+03 1.330498303743900615e-02
2.623599999999999909e+03 5.805517637525087898e-03
2.624199999999999818e+03 8.452101985673686826e-03
2.624400000000000091e+03 7.756919575751973148e-03
2.625099999999999909e+03 1.300195112224646760e-02
2.625199999999999818e+03 9.800577918589962328e-03
2.625900000000000091e+03 9.869986632067232618e-03
2.626000000000000000e+03 8.867396685165387579e-03
2.626699999999999818e+03 1.636728718332540466e-02
2.626800000000000182e+03 6.242675501589425857e-03
2.627500000000000000e+03 6.256922761479859034e-03
2.627599999999999909e+03 5.850469694883553111e-03
2.628300000000000182e+03 1.280135069561522468e-02
2.628500000000000000e+03 1.820240362852792310e-02
2.629099999999999909e+03 2.151835495427485007e-02
2.629300000000000182e+03 1.376542249024210324e-02
2.629900000000000091e+03 9.595077754691322056e-03
2.630099999999999909e+03 1.065787525782881801e-02
2.630699999999999818e+03 2.207465917395191532e-02
2.630900000000000091e+03 1.882373731758167634e-02
2.631599999999999909e+03 1.330553799966782344e-02
2.631699999999999818e+03 1.064714043277274064e-02
2.632400000000000091e+03 1.438522210049160768e-02
2.632500000000000000e+03 1.177731369985818982e-02
2.633199999999999818e+03 1.419419879903401419e-02
2.633300000000000182e+03 1.931844044473226413e-02
2.634000000000000000e+03 1.691657577485049940e-02
2.634099999999999909e+03 9.377387404972081092e-03
2.634800000000000182e+03 1.157895096909118161e-02
2.634900000000000091e+03 1.598911011553886055e-02
2.635599999999999909e+03 1.805227900231789334e-02
2.635699999999999818e+03 1.528118347532931263e-02
2.636400000000000091e+03 1.559379269015018048e-02
2.636500000000000000e+03 1.137644713956006970e-02
2.637199999999999818e+03 1.432122488062788010e-02
2.637300000000000182e+03 1.247879598738971599e-02
2.638000000000000000e+03 1.565480498402567824e-02
2.638199999999999818e+03 9.576624648345716251e-03
2.638900000000000091e+03 1.453145998269609294e-02
2.639000000000000000e+03 1.174872492729422957e-02
2.639699999999999818e+03 1.522984349282654679e-02
2.639800000000000182e+03 9.219325645622904533e-03
2.640500000000000000e+03 1.528729637852023829e-02
2.640599999999999909e+03 1.345164622724958660e-02
2.641300000000000182e+03 1.182450310226734920e-02
2.641400000000000091e+03 8.797557437064632002e-03
2.642099999999999909e+03 1.363559640279840210e-02
2.642199999999999818e+03 1.141206613970717314e-02
2.642900000000000091e+03 1.202496344995425057e-02
2.643000000000000000e+03 1.358451389039271387e-02
2.643699999999999818e+03 1.306396740692324782e-02
2.643800000000000182e+03 4.654671432540831259e-03
2.644500000000000000e+03 9.629605615918749445e-03
2.644599999999999909e+03 9.239915157972207818e-03
2.645300000000000182e+03 1.851124480629215419e-02
2.645400000000000091e+03 1.324325734833213183e-02
2.646099999999999909e+03 1.264418402792041526e-02
2.646199999999999818e+03 1.458637428478228026e-02
2.647000000000000000e+03 9.929984330843690324e-03
2.647800000000000182e+03 1.528556843603284462e-02
2.648599999999999909e+03 1.884420694899817741e-02
2.648699999999999818e+03 1.593761551500779208e-02
2.649400000000000091e+03 1.452552821246535196e-02
2.649500000000000000e+03 5.201581294619591136e-03
2.650199999999999818e+03 1.190539938270424904e-02
2.650300000000000182e+03 6.942062846621421986e-03
2.651000000000000000e+03 1.599736500261745784e-02
2.651099999999999909e+03 9.730561658972588721e-03
2.651800000000000182e+03 1.345865094121046109e-02
2.651900000000000091e+03 1.302191607367654894e-02
2.652599999999999909e+03 1.670811783419800037e-02
2.652699999999999818e+03 1.632589324583574517e-02
2.653400000000000091e+03 1.603066784759999905e-02
2.653500000000000000e+03 2.338800828661893698e-03
2.654199999999999818e+03 3.089167357694913921e-03
2.654300000000000182e+03 5.556604483731315131e-03
2.655000000000000000e+03 1.523493419649445645e-02
2.655099999999999909e+03 6.982406319714131067e-03
2.655800000000000182e+03 1.313217114760036747e-02
2.656699999999999818e+03 1.148202299835674421e-02
2.657500000000000000e+03 1.311734477827640119e-02
2.658300000000000182e+03 1.323278455897756826e-02
2.659099999999999909e+03 9.453881905117894613e-03
2.659900000000000091e+03 1.262576436547837959e-02
2.660699999999999818e+03 1.442480023037004400e-02
2.661500000000000000e+03 1.263534406216621463e-02
2.662300000000000182e+03 1.099379585624330954e-02
2.663099999999999909e+03 1.083163831073127512e-02
2.663900000000000091e+03 1.476114140289053883e-02
2.664699999999999818e+03 1.752394720776460219e-02
2.665500000000000000e+03 1.281345437100813237e-02
2.666300000000000182e+03 1.471272995233568331e-02
2.667099999999999909e+03 1.545523245490725180e-02
2.667900000000000091e+03 1.209064934308267010e-02
2.668699999999999818e+03 1.300277090746998487e-02
2.669500000000000000e+03 1.302823137038849541e-02
2.670300000000000182e+03 1.363134413553778942e-02
2.671099999999999909e+03 1.170525632246158590e-02
2.672000000000000000e+03 7.190925500413987079e-03
2.672800000000000182e+03 1.202507278716906033e-02
2.673599999999999909e+03 1.480909812074664329e-02
2.674400000000000091e+03 1.638380556250399606e-02
2.675199999999999818e+03 1.307313006252966772e-02
2.676000000000000000e+03 1.275505497786687953e-02
2.676800000000000182e+03 1.065528477335109768e-02
2.677599999999999909e+03 5.702627055421011573e-03
2.678400000000000091e+03 6.609938948620303935e-03
2.679199999999999818e+03 6.766786530674872430e-03
2.680000000000000000e+03 7.340497330388614551e-03
2.680800000000000182e+03 6.587261104391308603e-03
2.681599999999999909e+03 1.007627239517472524e-02
2.682400000000000091e+03 9.886169009551738079e-03
2.683199999999999818e+03 1.018682024610957290e-02
2.684000000000000000e+03 9.332794853681689734e-03
2.684800000000000182e+03 1.199634922695686813e-02
2.685599999999999909e+03 7.044631679983782806e-03
2.686400000000000091e+03 1.017168045346146174e-02
2.687199999999999818e+03 3.787607213844528149e-03
2.688000000000000000e+03 1.110123629644351080e-02
2.688800000000000182e+03 9.673760490490582176e-03
2.689599999999999909e+03 8.253475470105148953e-03
2.690400000000000091e+03 9.725122434855926548e-03
2.691199999999999818e+03 9.022285279430053428e-03
2.692000000000000000e+03 8.539962064006062503e-03
2.692800000000000182e+03 4.191100464153582443e-03
2.693599999999999909e+03 1.006091848632831645e-02
2.694400000000000091e+03 9.865925423686817616e-03
2.695199999999999818e+03 1.067268912012846530e-02
2.696000000000000000e+03 1.313449113537312578e-02
2.696800000000000182e+03 1.538856838951910971e-02
2.697599999999999909e+03 1.130559079629093674e-02
2.698400000000000091e+03 6.171557032936115898e-03
2.699199999999999818e+03 9.806645078298212651e-03
2.700000000000000000e+03 6.296582627119261255e-03
2.700800000000000182e+03 5.391026317632644296e-03
2.701599999999999909e+03 4.661906206280676951e-03
2.702400000000000091e+03 8.186609193999098977e-03
2.703199999999999818e+03 2.687622144081850371e-03
2.704000000000000000e+03 5.789165249864588851e-03
2.704800000000000182e+03 8.957737043022977880e-03
2.705599999999999909e+03 1.083754938479426604e-02
2.706400000000000091e+03 1.073308760106141471e-02
2.707199999999999818e+03 1.381595309975532267e-02
2.708000000000000000e+03 1.228541726952019596e-02
2.708699999999999818e+03 1.319397275466639360e-02
2.709500000000000000e+03 1.567650305972740493e-02
2.710300000000000182e+03 1.111145988206825932e-02
2.711099999999999909e+03 7.870693569966179942e-03
2.711900000000000091e+03 6.267062325784720708e-03
2.712699999999999818e+03 9.043595772157657017e-03
2.713500000000000000e+03 1.583499917690740430e-02
2.714300000000000182e+03 1.565437264629963160e-02
2.715099999999999909e+03 7.909874948216091481e-03
2.715900000000000091e+03 3.632891481636368880e-03
2.716699999999999818e+03 1.220754468453661562e-02
2.717500000000000000e+03 1.335801298613270918e-02
2.718300000000000182e+03 7.052390676341584695e-03
2.719099999999999909e+03 1.275747899033262932e-02
2.719900000000000091e+03 6.854935233809446998e-03
2.720699999999999818e+03 8.100456290108137836e-03
2.721500000000000000e+03 1.157588353912730045e-02
2.722300000000000182e+03 1.135209297143188571e-02
2.723099999999999909e+03 1.054350810778932265e-02
2.723800000000000182e+03 1.168313313183400384e-02
2.724599999999999909e+03 1.178781997970090346e-02
2.725400000000000091e+03 1.271710213402557459e-02
2.726199999999999818e+03 1.031183921356599448e-02
2.727000000000000000e+03 1.072145689033060512e-02
2.727800000000000182e+03 1.205853502212015163e-02
2.728599999999999909e+03 9.459583870382115914e-03
2.729400000000000091e+03 9.072718920726790398e-03
2.730199999999999818e+03 1.468479799660261237e-02
2.731000000000000000e+03 1.387606222436741851e-02
2.731800000000000182e+03 1.342073156418340657e-02
2.732599999999999909e+03 1.607880794719586046e-02
2.733300000000000182e+03 1.112864525012427497e-02
2.734099999999999909e+03 1.054952560642872378e-02
2.734900000000000091e+03 1.171956452466288781e-02
2.735699999999999818e+03 1.105707752693350747e-02
2.736500000000000000e+03 7.264775297685513618e-03
2.737300000000000182e+03 7.554740421169082142e-03
2.738099999999999909e+03 7.987831767810232853e-03
2.738900000000000091e+03 1.010431766608650000e-02
2.739699999999999818e+03 4.027044422083006156e-03
2.740500000000000000e+03 6.118601857456114346e-03
2.741300000000000182e+03 5.029026470888757483e-03
2.742000000000000000e+03 1.720288195929982333e-02
2.742800000000000182e+03 1.719634858931036805e-02
2.743599999999999909e+03 1.173400814803134476e-02
2.744400000000000091e+03 1.756517567463973528e-02
2.745199999999999818e+03 1.078057255238423946e-02
2.746000000000000000e+03 1.409520587606986376e-02
2.746800000000000182e+03 7.049587942543661563e-03
2.747599999999999909e+03 7.436138125402936422e-03
2.748400000000000091e+03 9.609642788202999233e-03
2.749099999999999909e+03 9.963724977560867516e-03
2.749900000000000091e+03 5.172897803567104436e-03
2.750699999999999818e+03 5.515490604062609457e-03
2.751500000000000000e+03 1.231057330328012497e-02
2.752300000000000182e+03 1.265362880482777744e-02
2.753099999999999909e+03 1.105402230660619892e-02
2.753900000000000091e+03 1.131421192434140660e-02
2.754699999999999818e+03 9.696085923483139038e-03
2.755400000000000091e+03 7.842676636297422552e-03
2.756199999999999818e+03 9.126504560119775775e-03
2.757000000000000000e+03 5.812790917875012078e-03
2.757800000000000182e+03 3.426246179861485060e-03
2.758599999999999909e+03 4.128349943420749416e-03
2.759400000000000091e+03 1.186752020654610953e-02
2.760199999999999818e+03 1.471219359008349437e-02
2.760900000000000091e+03 7.844059924439813342e-03
2.761699999999999818e+03 1.085816715475208458e-02
2.762500000000000000e+03 1.099580256619088134e-02
2.763300000000000182e+03 1.523318202158561833e-02
2.764099999999999909e+03 1.226267362266301661e-02
2.764900000000000091e+03 9.566240125789573362e-03
2.765599999999999909e+03 5.665857761362060041e-03
2.766400000000000091e+03 5.186965125661737938e-03
2.767199999999999818e+03 6.647631001060416711e-03
2.768000000000000000e+03 5.496747911354268705e-03
2.768800000000000182e+03 1.192619765008073873e-02
2.769599999999999909e+03 8.380764463804934311e-03
2.770400000000000091e+03 8.535207004036312467e-03
2.771099999999999909e+03 1.088223850093640588e-02
2.771900000000000091e+03 8.912435808146549482e-03
2.772699999999999818e+03 5.049390813018802410e-03
2.773500000000000000e+03 1.214578520376773454e-02
2.774300000000000182e+03 1.942928736965294362e-02
2.775099999999999909e+03 1.026758101845412496e-02
2.775800000000000182e+03 8.231695710367782637e-03
2.776599999999999909e+03 7.576126017695979098e-03
2.777400000000000091e+03 7.035863441792883366e-03
2.778199999999999818e+03 7.021393669412925170e-03
2.779000000000000000e+03 6.685986221005675231e-03
2.779699999999999818e+03 9.308203140640583517e-03
2.780500000000000000e+03 7.790205170972933427e-03
2.781300000000000182e+03 7.740682643782513875e-03
2.782099999999999909e+03 6.282543696982708335e-03
2.782900000000000091e+03 1.270339368356966127e-02
2.783699999999999818e+03 8.788049837995411812e-03
2.784400000000000091e+03 4.105148736169583930e-03
2.785199999999999818e+03 8.966602484476716289e-03
2.786000000000000000e+03 1.242580504631116828e-02
2.786800000000000182e+03 9.694334246618540457e-03
2.787599999999999909e+03 5.047926799568690226e-03
2.788300000000000182e+03 2.739209147548370485e-03
2.789099999999999909e+03 2.756159511300922821e-03
2.789900000000000091e+03 4.347621969160787511e-03
2.790699999999999818e+03 3.425621375663691348e-03
2.791500000000000000e+03 5.815855614716287404e-03
2.792199999999999818e+03 5.333710593827054557e-03
2.793000000000000000e+03 2.317214325466302079e-03
2.793800000000000182e+03 3.734746912327310646e-03
2.794599999999999909e+03 8.989125779352272541e-03
2.795300000000000182e+03 6.950315623395026884e-03
2.796099999999999909e+03 5.917430510874503724e-03
2.796900000000000091e+03 3.141497286327735866e-03
2.797699999999999818e+03 4.349186384977098488e-03
2.798500000000000000e+03 4.880581337956439898e-03
2.799199999999999818e+03 2.193595754157620474e-03
2.800000000000000000e+03 1.030324589051031527e-04
2.800800000000000182e+03 -1.150356628706730505e-04
2.801599999999999909e+03 1.105880864052505817e-03
2.802400000000000091e+03 -2.024054615188824752e-03
2.803099999999999909e+03 1.241168980394217591e-03
2.803900000000000091e+03 5.106211647965368250e-03
2.804699999999999818e+03 2.416136731776382263e-03
2.805500000000000000e+03 5.981713947084044483e-03
2.806199999999999818e+03 6.584019240960459034e-03
2.807000000000000000e+03 9.682544832105222576e-04
2.807800000000000182e+03 1.809162369114123608e-03
2.808599999999999909e+03 8.524515389500816887e-03
2.809300000000000182e+03 9.588159107904415182e-03
2.810099999999999909e+03 8.209381395460846331e-03
2.810900000000000091e+03 7.492134543543055303e-03
2.811699999999999818e+03 1.045909222654607456e-03
2.812400000000000091e+03 4.676481102474827796e-04
2.813199999999999818e+03 1.006118717348405273e-02
2.814000000000000000e+03 8.739666817135047228e-03
2.814800000000000182e+03 3.405528343660621342e-03
2.815500000000000000e+03 2.178621266877231628e-03
2.816300000000000182e+03 3.772439937658509691e-03
2.817099999999999909e+03 6.979736915770405094e-03
2.817900000000000091e+03 2.712523781207884076e-04
2.818599999999999909e+03 -2.105016247481019754e-04
2.819400000000000091e+03 3.105280067329137250e-03
2.820199999999999818e+03 3.123927036658914920e-03
2.821000000000000000e+03 2.933583942162515563e-03
2.821699999999999818e+03 3.846780904538186704e-03
2.822500000000000000e+03 5.836357300037964442e-03
2.823300000000000182e+03 8.002735276256193672e-03
2.824099999999999909e+03 2.834293956683350477e-03
2.824800000000000182e+03 1.024118691239724608e-03
2.825599999999999909e+03 3.377588210653975544e-03
2.826400000000000091e+03 7.249473685723231003e-03
2.827099999999999909e+03 6.618554600685352604e-03
2.827900000000000091e+03 8.861367263954339490e-03
2.828699999999999818e+03 1.434155476878393870e-02
2.829500000000000000e+03 1.237750243725472057e-02
2.830199999999999818e+03 8.747602464656240723e-03
2.831000000000000000e+03 1.246274218018820698e-02
2.831800000000000182e+03 7.709648879834888474e-03
2.832500000000000000e+03 5.076188895455429131e-03
2.833300000000000182e+03 7.938379306658648743e-03
2.834099999999999909e+03 8.494787575913244349e-03
2.834900000000000091e+03 4.784763003784239452e-03
2.835599999999999909e+03 1.118723347765617632e-02
2.836400000000000091e+03 1.052763045453698754e-02
2.837199999999999818e+03 8.706962102669050727e-03
2.837900000000000091e+03 1.515807991227980690e-02
2.838699999999999818e+03 1.538297074098514752e-02
2.839500000000000000e+03 9.036693371985565770e-03
2.840300000000000182e+03 9.847153479410612753e-03
2.841000000000000000e+03 1.377788763476123224e-02
2.841800000000000182e+03 1.000883074123014999e-02
2.842599999999999909e+03 9.792723107537870675e-03
2.843300000000000182e+03 1.327275571547493864e-02
2.844099999999999909e+03 8.308575559206873851e-03
2.844900000000000091e+03 4.684411779059831707e-03
2.845599999999999909e+03 9.600753082618313297e-03
2.846400000000000091e+03 1.182814331502568019e-02
2.847199999999999818e+03 1.365601226487824817e-02
2.847900000000000091e+03 1.490991530596308054e-02
2.848699999999999818e+03 1.546289660680375683e-02
2.849500000000000000e+03 1.085664854664386038e-02
2.850199999999999818e+03 1.331187031865155995e-02
2.851000000000000000e+03 1.577262018178132372e-02
2.851800000000000182e+03 1.040630136856767265e-02
2.852500000000000000e+03 1.044148723486728290e-02
2.853300000000000182e+03 9.463580208034722344e-03
2.854099999999999909e+03 1.170962604900955759e-02
2.854800000000000182e+03 1.476961286353713210e-02
2.855599999999999909e+03 1.201821430988922641e-02
2.856400000000000091e+03 9.419296095698284979e-03
2.857099999999999909e+03 8.022811164562557509e-03
2.857900000000000091e+03 7.493328350277464640e-03
2.858699999999999818e+03 1.304400133521826585e-02
2.859400000000000091e+03 1.356031083061604199e-02
2.860199999999999818e+03 1.419361776351527049e-02
2.861000000000000000e+03 1.292495569944990610e-02
2.861699999999999818e+03 1.167394058616694555e-02
2.862500000000000000e+03 1.123348464925019025e-02
2.863300000000000182e+03 1.227129306658844218e-02
2.864000000000000000e+03 1.202054778117003092e-02
2.864800000000000182e+03 9.541239324218086376e-03
2.865599999999999909e+03 1.659884516548085914e-02
2.866300000000000182e+03 1.405283786701062854e-02
2.867099999999999909e+03 1.184597709653518495e-02
2.867900000000000091e+03 1.418066327773596230e-02
2.868599999999999909e+03 1.341862440241113966e-02
2.869400000000000091e+03 1.472582116471489802e-02
2.870199999999999818e+03 1.164163443409266599e-02
2.870900000000000091e+03 1.003188544821302479e-02
2.871699999999999818e+03 7.548156588962800714e-03
2.872400000000000091e+03 9.221878867223028825e-03
2.873199999999999818e+03 8.761916184771817440e-03
2.874000000000000000e+03 8.808931476261118096e-03
2.874699999999999818e+03 7.603223091532457928e-03
2.875500000000000000e+03 1.087421171276096478e-02
2.876300000000000182e+03 1.018010114163530808e-02
2.877000000000000000e+03 1.254856920622513493e-02
2.877800000000000182e+03 8.505899590919459990e-03
2.878599999999999909e+03 7.552526587331191005e-03
2.879300000000000182e+03 9.756007510021827422e-03
2.880099999999999909e+03 8.716392388778391315e-03
2.880800000000000182e+03 1.356620520127511248e-02
2.881599999999999909e+03 1.542649860747393950e-02
2.882400000000000091e+03 1.436092649669397023e-02
2.883099999999999909e+03 9.033953657377640986e-03
2.883900000000000091e+03 1.153048106998698016e-02
2.884599999999999909e+03 1.077319184852659761e-02
2.885400000000000091e+03 6.457917473302713512e-03
2.886199999999999818e+03 6.112070345432246872e-03
2.886900000000000091e+03 1.015605542572241629e-02
2.887699999999999818e+03 1.191979170273992951e-02
2.888400000000000091e+03 5.246867073346575018e-03
2.889199999999999818e+03 4.690059548942861548e-03
2.890000000000000000e+03 5.513551694612874379e-03
2.890699999999999818e+03 7.278254596878621675e-03
2.891500000000000000e+03 8.140378936484053696e-03
2.892199999999999818e+03 8.837005576007715690e-03
2.893000000000000000e+03 9.949037673247087404e-03
2.893800000000000182e+03 8.505605295079340586e-03
2.894500000000000000e+03 1.204484477617621084e-02
2.895300000000000182e+03 6.837956933602533025e-03
2.896000000000000000e+03 1.067916155936098413e-02
2.896800000000000182e+03 1.141695665429889525e-02
2.897599999999999909e+03 1.187631324581468403e-02
2.898300000000000182e+03 1.119068205944102543e-02
2.899099999999999909e+03 1.525240952679040966e-02
2.899800000000000182e+03 1.057629672184268524e-02
2.900599999999999909e+03 1.192879364898017519e-02
2.901400000000000091e+03 1.164801797642649878e-02
2.902099999999999909e+03 1.356797934996505084e-02
2.902900000000000091e+03 1.777190901622823643e-02
2.903599999999999909e+03 1.566475059427859320e-02
2.904400000000000091e+03 1.635329825960001732e-02
2.905099999999999909e+03 1.256654588710193199e-02
2.905900000000000091e+03 1.557273436155355920e-02
2.906699999999999818e+03 1.241307965472760247e-02
2.907400000000000091e+03 1.149060310906166102e-02
2.908199999999999818e+03 1.400349465169012028e-02
2.908900000000000091e+03 1.457768600216912021e-02
2.909699999999999818e+03 1.318251555616768884e-02
2.910400000000000091e+03 1.444122822907093623e-02
2.911199999999999818e+03 1.433266269253095394e-02
2.911900000000000091e+03 1.564810829443500501e-02
2.912699999999999818e+03 1.765587376420979168e-02
2.913500000000000000e+03 1.279199076582617986e-02
2.914199999999999818e+03 1.154775581307727547e-02
2.915000000000000000e+03 1.648956455245326885e-02
2.915699999999999818e+03 1.473324009112187208e-02
2.916500000000000000e+03 1.219304048686346495e-02
2.917199999999999818e+03 1.717485114352648723e-02
2.918000000000000000e+03 1.340401409094190387e-02
2.918699999999999818e+03 1.340389058091819713e-02
2.919500000000000000e+03 1.404471751511464014e-02
2.920300000000000182e+03 1.438561754673381952e-02
2.921000000000000000e+03 1.632623970842533162e-02
2.921800000000000182e+03 1.319467083194734297e-02
2.922500000000000000e+03 1.081463128555100808e-02
2.923300000000000182e+03 1.390868617943023799e-02
2.924000000000000000e+03 1.447253200066002735e-02
2.924800000000000182e+03 1.781144143886194409e-02
2.925500000000000000e+03 1.838403260484488058e-02
2.926300000000000182e+03 1.860496869125473351e-02
2.927000000000000000e+03 1.842444565000022141e-02
2.927800000000000182e+03 1.901499956335928748e-02
2.928500000000000000e+03 1.928706257080403316e-02
2.929300000000000182e+03 1.992955535317105648e-02
2.930000000000000000e+03 1.735089992177283463e-02
2.930800000000000182e+03 1.312467859483192577e-02
2.931599999999999909e+03 1.918546129029685687e-02
2.932300000000000182e+03 1.725017081754420811e-02
2.933099999999999909e+03 1.449786928568916333e-02
2.933800000000000182e+03 1.760274919543756977e-02
2.934599999999999909e+03 1.495968573442098964e-02
2.935300000000000182e+03 1.544155778494064185e-02
2.936099999999999909e+03 1.446774639644410852e-02
2.936800000000000182e+03 1.843389047672857120e-02
2.937599999999999909e+03 1.639951783036466826e-02
2.938300000000000182e+03 1.625239889296795082e-02
2.939099999999999909e+03 1.309255305885499189e-02
2.939800000000000182e+03 1.247432415694062213e-02
2.940599999999999909e+03 1.441181976350044969e-02
2.941300000000000182e+03 1.530844432759197876e-02
2.942099999999999909e+03 1.209677315215187954e-02
2.942800000000000182e+03 1.177783484486541465e-02
2.943599999999999909e+03 1.464139861662168592e-02
2.944300000000000182e+03 1.501091685399165779e-02
2.945099999999999909e+03 1.352855401488860937e-02
2.945800000000000182e+03 1.368259640640667740e-02
2.946599999999999909e+03 9.741290398602822295e-03
2.947300000000000182e+03 1.155986625779645283e-02
2.948099999999999909e+03 9.159613603955084338e-03
2.948800000000000182e+03 6.394397284005615481e-03
2.949599999999999909e+03 8.507990068420902621e-03
2.950300000000000182e+03 7.710713722914891259e-03
2.951099999999999909e+03 6.641485381134342759e-03
2.951800000000000182e+03 7.146692996779670584e-03
2.952599999999999909e+03 9.128225255828837509e-03
2.953300000000000182e+03 9.029324917155735070e-03
2.954000000000000000e+03 1.156417790080662561e-02
2.954800000000000182e+03 1.303172711427453070e-02
2.955500000000000000e+03 1.441718387920031333e-02
2.956300000000000182e+03 6.113935693466173403e-03
2.957000000000000000e+03 5.436746532697877242e-03
2.957800000000000182e+03 6.671794537496703384e-03
2.958500000000000000e+03 9.042501741209504895e-03
2.959300000000000182e+03 7.701667404009087184e-03
2.960000000000000000e+03 7.262118699254956587e-03
2.960800000000000182e+03 5.304017436813798086e-03
2.961500000000000000e+03 1.056598929150758502e-02
2.962300000000000182e+03 9.326118515365019318e-03
2.963000000000000000e+03 4.562316748980952200e-03
2.963800000000000182e+03 9.065571745734326420e-03
2.964500000000000000e+03 9.026415618605440616e-03
2.965300000000000182e+03 7.260101996422962944e-03
2.966000000000000000e+03 8.612139466749189204e-03
2.966699999999999818e+03 8.119759349697565007e-03
2.967500000000000000e+03 5.873324840780571980e-03
2.968199999999999818e+03 4.719240173142246614e-03
2.969000000000000000e+03 5.198280617875646048e-03
2.969699999999999818e+03 9.050345967829465446e-03
2.970500000000000000e+03 5.470062781282468770e-03
2.971199999999999818e+03 1.001670518895667918e-02
2.972000000000000000e+03 1.001413286295166002e-02
2.972699999999999818e+03 8.421295419247559061e-03
2.973400000000000091e+03 2.993277851247692911e-03
2.974199999999999818e+03 5.599506707067289889e-03
2.974900000000000091e+03 6.320690960661286967e-03
2.975699999999999818e+03 8.236865919470599817e-03
2.976400000000000091e+03 1.028058708450262440e-02
2.977199999999999818e+03 1.010315610073339934e-02
2.977900000000000091e+03 8.159744677628380516e-03
2.978699999999999818e+03 7.196017933144529394e-03
2.979400000000000091e+03 7.395828079459191087e-03
2.980099999999999909e+03 5.134190184892733350e-03
2.980900000000000091e+03 5.487506065870427670e-03
2.981599999999999909e+03 7.454025707221536949e-03
2.982400000000000091e+03 6.329641368264346535e-03
2.983099999999999909e+03 5.246021400652889355e-03
2.983900000000000091e+03 3.126539143315756625e-03
2.984599999999999909e+03 7.255298928518972082e-03
2.985300000000000182e+03 9.743310509524821458e-03
2.986099999999999909e+03 7.105380391924294783e-03
2.986800000000000182e+03 3.607585995407814293e-03
2.987599999999999909e+03 4.566808621404279053e-03
2.988300000000000182e+03 6.509248605063334969e-03
2.989000000000000000e+03 5.717128848585483272e-03
2.989800000000000182e+03 2.289150167543586856e-03
2.990500000000000000e+03 5.001932288771586237e-03
2.991300000000000182e+03 6.057260172700375776e-03
2.992000000000000000e+03 1.258208099708950541e-04
2.992699999999999818e+03 3.991749369067723596e-03
2.993500000000000000e+03 2.952955696898072833e-03
2.994199999999999818e+03 6.273361611564027586e-03
2.995000000000000000e+03 1.262952499073658180e-03
2.995699999999999818e+03 1.087407770553643765e-03
2.996500000000000000e+03 4.181720523718203235e-03
2.997199999999999818e+03 4.600259112974798559e-03
2.997900000000000091e+03 2.939860331997068595e-03
2.998699999999999818e+03 2.954637198973981797e-03
2.999400000000000091e+03 3.529326494775753519e-03
3.000099999999999909e+03 1.318399940865358109e-03
3.000900000000000091e+03 4.354826180273003132e-03
3.001599999999999909e+03 7.846463954696358128e-03
3.002400000000000091e+03 3.998514427483819064e-03
3.003099999999999909e+03 4.737375842461107544e-04
3.003800000000000182e+03 -3.029824661990324292e-04
3.004599999999999909e+03 6.494907456283604500e-04
3.005300000000000182e+03 5.691616900023004078e-04
3.006099999999999909e+03 2.247366127259503056e-03
3.006800000000000182e+03 5.386740095090750049e-04
3.007500000000000000e+03 5.234191739087957519e-03
3.008300000000000182e+03 5.688174503663395547e-03
3.009000000000000000e+03 6.652961438437166551e-03
3.009699999999999818e+03 5.273898475853943876e-03
3.010500000000000000e+03 4.345594309866526034e-03
3.011199999999999818e+03 6.759180868695101145e-03
3.012000000000000000e+03 4.440353115031036961e-03
3.012699999999999818e+03 3.679563954569889123e-03
3.013400000000000091e+03 6.404507240681998892e-03
3.014199999999999818e+03 6.471340560023038264e-03
3.014900000000000091e+03 7.195432734045678277e-03
3.015599999999999909e+03 5.171376386531914213e-03
3.016400000000000091e+03 5.638716704389592008e-03
3.017099999999999909e+03 5.627762572839221066e-03
3.017900000000000091e+03 2.841894830117455001e-03
3.018599999999999909e+03 2.132540557666582227e-03
3.019300000000000182e+03 4.550841083522337398e-03
3.020099999999999909e+03 3.826862408923519931e-03
3.020800000000000182e+03 5.945179871142100385e-03
3.021500000000000000e+03 3.587768986479386753e-03
3.022300000000000182e+03 2.976788616124880459e-03
3.023000000000000000e+03 2.345622591395356629e-03
3.023699999999999818e+03 3.353719831296663248e-03
3.024500000000000000e+03 6.767942940232821170e-03
3.025199999999999818e+03 7.616882899322639094e-03
3.025900000000000091e+03 6.226536483333190708e-03
3.026699999999999818e+03 6.373254400342960244e-03
3.027400000000000091e+03 9.227696124422823248e-03
3.028099999999999909e+03 8.984094467428612937e-03
3.028900000000000091e+03 4.905072194181790343e-03
3.029599999999999909e+03 3.500711721509427825e-03
3.030300000000000182e+03 4.312865899369893591e-05
3.031099999999999909e+03 2.449316016346082467e-03
3.031800000000000182e+03 6.466297367675050319e-03
3.032500000000000000e+03 6.141701480519644318e-03
3.033300000000000182e+03 3.089143396081799227e-03
3.034000000000000000e+03 1.600413635450742339e-03
3.034699999999999818e+03 2.575961583342440200e-03
3.035500000000000000e+03 6.640620126466944412e-03
3.036199999999999818e+03 7.379000639523300778e-03
3.036900000000000091e+03 1.167555300478087532e-02
3.037699999999999818e+03 8.819484097671723838e-03
3.038400000000000091e+03 6.325095475326157970e-03
3.039099999999999909e+03 5.107131359204610498e-03
3.039900000000000091e+03 6.872308240774754884e-03
3.040599999999999909e+03 6.535454554246063544e-03
3.041300000000000182e+03 5.563305999600719198e-03
3.042099999999999909e+03 7.027386050107164994e-03
3.042800000000000182e+03 4.881748589048490530e-03
3.043500000000000000e+03 5.655609415239130217e-03
3.044300000000000182e+03 8.498399882210494125e-03
3.045000000000000000e+03 1.081968245559599730e-02
3.045699999999999818e+03 8.208062258417627918e-03
3.046500000000000000e+03 6.700668160809528789e-03
3.047199999999999818e+03 7.123104570520023479e-03
3.047900000000000091e+03 8.114810873539659089e-03
3.048599999999999909e+03 8.451820158026538549e-03
3.049400000000000091e+03 9.689896299897712492e-03
3.050099999999999909e+03 6.110900346018025703e-03
3.050800000000000182e+03 7.498069296232709804e-03
3.051599999999999909e+03 6.898003038277241393e-03
3.052300000000000182e+03 6.640204835840801331e-03
3.053000000000000000e+03 9.171663161814369233e-03
3.053800000000000182e+03 1.040082572942477648e-02
3.054500000000000000e+03 7.680988493631912828e-03
3.055199999999999818e+03 9.384484541357464293e-03
3.055900000000000091e+03 7.197835087479675931e-03
3.056699999999999818e+03 7.493156502207711130e-03
3.057400000000000091e+03 7.425867534304171277e-03
3.058099999999999909e+03 8.649429900882023639e-03
3.058900000000000091e+03 7.182484108745617810e-03
3.059599999999999909e+03 7.303435317515693040e-03
3.060300000000000182e+03 7.230193750348786787e-03
3.061000000000000000e+03 6.110305061244455591e-03
3.061800000000000182e+03 2.978266396488142478e-03
3.062500000000000000e+03 7.260891242513027241e-03
3.063199999999999818e+03 6.099032787354423737e-03
3.064000000000000000e+03 5.355450292731957912e-03
3.064699999999999818e+03 7.503192565128664893e-03
3.065400000000000091e+03 6.107837330039403434e-03
3.066099999999999909e+03 5.683639152380504794e-03
3.066900000000000091e+03 6.317805367723902665e-03
3.067599999999999909e+03 7.788432928839955985e-03
3.068300000000000182e+03 6.448369135105746705e-03
3.069000000000000000e+03 1.036280614210524122e-02
3.069800000000000182e+03 7.278400392278333055e-03
3.070500000000000000e+03 7.949556801175086326e-03
3.071199999999999818e+03 4.103929167020290911e-03
3.072000000000000000e+03 9.143347623178944015e-04
3.072699999999999818e+03 5.345256088864240238e-03
3.073400000000000091e+03 9.929723219000161430e-03
3.074099999999999909e+03 1.184550398214908110e-02
3.074900000000000091e+03 1.149266947541540199e-02
3.075599999999999909e+03 7.969600324744387926e-03
3.076300000000000182e+03 9.096158306487111753e-03
3.077000000000000000e+03 1.130189317735239007e-02
3.077800000000000182e+03 1.062040191519898411e-02
3.078500000000000000e+03 8.280489847700609612e-03
3.079199999999999818e+03 8.998927565141211921e-03
3.079900000000000091e+03 9.955445442462625832e-03
3.080699999999999818e+03 7.755672403270850654e-03
3.081400000000000091e+03 6.526735873847847903e-03
3.082099999999999909e+03 5.740235823876371421e-03
3.082800000000000182e+03 8.602663330240485975e-03
3.083599999999999909e+03 9.396500152137516465e-03
3.084300000000000182e+03 8.866995839685575323e-03
3.085000000000000000e+03 7.371045970313839374e-03
3.085699999999999818e+03 5.726822620729136830e-03
3.086500000000000000e+03 3.913932227248102455e-03
3.087199999999999818e+03 4.483444074575989972e-03
3.087900000000000091e+03 5.118195250923759931e-03
3.088599999999999909e+03 6.321430616280010809e-03
3.089300000000000182e+03 6.019196957351187136e-03
3.090099999999999909e+03 5.874297810000416245e-03
3.090800000000000182e+03 6.685871964938928588e-03
3.091500000000000000e+03 6.993076262323870071e-03
3.092199999999999818e+03 8.364428462725864710e-03
3.093000000000000000e+03 5.032149234203526882e-03
3.093699999999999818e+03 5.234743613592025314e-03
3.094400000000000091e+03 5.447875822309091939e-03
3.095099999999999909e+03 9.763047356429020371e-03
3.095800000000000182e+03 8.795546194197981921e-03
3.096599999999999909e+03 1.050460783165653098e-02
3.097300000000000182e+03 8.729619182064473834e-03
3.098000000000000000e+03 8.940963797587247672e-03
3.098699999999999818e+03 5.888952957012551052e-03
3.099500000000000000e+03 1.011310168082318016e-02
3.100199999999999818e+03 5.347123786679360176e-03
3.100900000000000091e+03 2.911743100047953052e-03
3.101599999999999909e+03 6.791674984073100066e-03
3.102300000000000182e+03 6.546573020381953913e-03
3.103099999999999909e+03 6.583510255811338141e-03
3.103800000000000182e+03 7.517030150851460729e-03
3.104500000000000000e+03 9.674227654939015000e-03
3.105199999999999818e+03 6.169117832104607443e-03
3.105900000000000091e+03 5.014517128777101415e-03
3.106699999999999818e+03 4.418328559120205008e-03
3.107400000000000091e+03 7.381853999609167861e-03
3.108099999999999909e+03 3.562983733991422798e-03
3.108800000000000182e+03 5.484297705621912419e-03
3.109500000000000000e+03 8.241682274773844477e-03
3.110300000000000182e+03 5.235728166929990920e-03
3.111000000000000000e+03 2.545909019341741596e-03
3.111699999999999818e+03 4.528426123151269023e-03
3.112400000000000091e+03 6.502455815884355603e-03
3.113099999999999909e+03 6.767472271070640831e-03
3.113900000000000091e+03 6.040718909624332930e-03
3.114599999999999909e+03 9.003989137446896315e-03
3.115300000000000182e+03 7.468110894419745759e-03
3.116000000000000000e+03 8.380027514080122183e-03
3.116699999999999818e+03 7.385655142580644858e-03
3.117500000000000000e+03 9.323415116285383927e-03
3.118199999999999818e+03 5.558751078196087422e-03
3.118900000000000091e+03 6.847942994745448431e-03
3.119599999999999909e+03 7.226197023212524093e-03
3.120300000000000182e+03 6.193855283015210073e-03
3.121000000000000000e+03 6.431453673731928056e-03
3.121800000000000182e+03 5.930099744961929258e-03
3.122500000000000000e+03 4.593496672735777539e-03
3.123199999999999818e+03 1.941668727163446987e-03
3.123900000000000091e+03 5.381163448373608646e-03
3.124599999999999909e+03 5.036743427887359001e-03
3.125400000000000091e+03 5.777576825232614427e-03
3.126099999999999909e+03 5.838438111182930532e-03
3.126800000000000182e+03 6.650160703873999463e-03
3.127500000000000000e+03 6.063990736854393479e-03
3.128199999999999818e+03 7.195382888195076682e-03
3.128900000000000091e+03 3.899454902144478593e-03
3.129699999999999818e+03 4.632463646232896047e-03
3.130400000000000091e+03 4.841414150575863024e-03
3.131099999999999909e+03 5.634973347557485981e-03
3.131800000000000182e+03 3.796143308836908391e-03
3.132500000000000000e+03 1.561215890221700521e-03
3.133199999999999818e+03 4.103393458233616301e-03
3.133900000000000091e+03 6.562605739419216828e-03
3.134699999999999818e+03 4.890586777103964229e-03
3.135400000000000091e+03 3.367578607525272688e-03
3.136099999999999909e+03 4.799993197688952676e-03
3.136800000000000182e+03 4.937055502889915563e-03
3.137500000000000000e+03 5.337733130201990570e-03
3.138199999999999818e+03 3.640690613904355548e-03
3.139000000000000000e+03 2.761721424146072398e-03
3.139699999999999818e+03 2.505190752020918649e-03
3.140400000000000091e+03 4.085435042659203535e-03
3.141099999999999909e+03 3.996982020018317351e-03
3.141800000000000182e+03 7.935710957459550779e-04
3.142500000000000000e+03 1.265630528134642583e-03
3.143199999999999818e+03 3.968916744145782605e-03
3.144000000000000000e+03 4.279408793491355258e-03
3.144699999999999818e+03 3.876602820857515033e-03
3.145400000000000091e+03 3.459761248003329678e-03
3.146099999999999909e+03 2.889750837411126944e-03
3.146800000000000182e+03 2.171149520433725451e-03
3.147500000000000000e+03 4.069316035024292399e-03
3.148199999999999818e+03 7.901359233146490121e-03
3.149000000000000000e+03 4.531850560032623168e-03
3.149699999999999818e+03 1.719088150257663209e-03
3.150400000000000091e+03 4.572102239939673796e-03
3.151099999999999909e+03 3.265347211377197037e-03
3.151800000000000182e+03 -9.044857763828424669e-04
3.152500000000000000e+03 -2.737515219092065280e-04
3.153199999999999818e+03 2.912319851309148194e-03
3.153900000000000091e+03 4.904398654287127866e-03
3.154699999999999818e+03 4.832780863430296073e-03
3.155400000000000091e+03 3.769180550907838025e-03
3.156099999999999909e+03 6.165789871368659164e-03
3.156800000000000182e+03 5.015605539380414701e-03
3.157500000000000000e+03 3.081840870568856340e-03
3.158199999999999818e+03 2.750564206351033530e-03
3.158900000000000091e+03 3.525155889668245626e-03
3.159599999999999909e+03 6.012063058231393448e-03
3.160300000000000182e+03 5.097819103597404922e-03
3.161099999999999909e+03 5.021915057700441706e-03
3.161800000000000182e+03 3.151762980610035673e-03
3.162500000000000000e+03 4.736977511832204946e-03
3.163199999999999818e+03 6.485895153444368524e-03
3.163900000000000091e+03 3.264912913846035325e-03
3.164599999999999909e+03 3.419525526241983231e-03
3.165300000000000182e+03 7.741140177221715254e-03
3.166000000000000000e+03 9.010710578918140756e-03
3.166699999999999818e+03 8.356480009277474086e-03
3.167500000000000000e+03 7.050391897721770655e-03
3.168199999999999818e+03 4.604970704671847680e-03
3.168900000000000091e+03 3.464588071551767332e-03
3.169599999999999909e+03 2.625930040493497722e-03
3.170300000000000182e+03 4.064372962135559715e-03
3.171000000000000000e+03 3.801202553641385828e-03
3.171699999999999818e+03 4.520327913093739707e-03
3.172400000000000091e+03 5.878823453498988397e-03
3.173099999999999909e+03 7.309953344072628138e-03
3.173800000000000182e+03 9.054628532436400853e-03
3.174500000000000000e+03 6.709506975506802570e-03
3.175300000000000182e+03 2.008661285690890343e-03
3.176000000000000000e+03 4.013685643462141552e-03
3.176699999999999818e+03 5.191415316127257623e-03
3.177400000000000091e+03 6.946442961951792248e-03
3.178099999999999909e+03 7.841149892524195558e-03
3.178800000000000182e+03 5.139371997842346294e-03
3.179500000000000000e+03 8.689237985158186628e-03
3.180199999999999818e+03 6.301630995224389784e-03
3.180900000000000091e+03 4.448576122232475102e-03
3.181599999999999909e+03 4.170353990559912648e-03
3.182300000000000182e+03 4.952786177278025413e-03
3.183000000000000000e+03 4.293313126690242489e-03
3.183800000000000182e+03 3.468001477215231811e-03
3.184500000000000000e+03 5.551933299365045989e-03
3.185199999999999818e+03 6.422699915967566148e-03
3.185900000000000091e+03 6.579677540754997125e-03
3.186599999999999909e+03 8.246917432554529831e-03
3.187300000000000182e+03 9.207511847030081312e-03
3.188000000000000000e+03 5.864670994775301842e-03
3.188699999999999818e+03 6.338898239280969099e-03
3.189400000000000091e+03 5.980589880203186076e-03
3.190099999999999909e+03 5.404623030036853105e-03
3.190800000000000182e+03 6.267132970259733579e-03
3.191500000000000000e+03 7.312088774554640486e-03
3.192199999999999818e+03 6.474705059940278305e-03
3.192900000000000091e+03 8.565483140869929041e-03
3.193599999999999909e+03 7.245236260475771545e-03
3.194400000000000091e+03 5.363384222912856263e-03
3.195099999999999909e+03 6.147995714927288226e-03
3.195800000000000182e+03 4.758318967851119657e-03
3.196500000000000000e+03 4.656562787920998786e-03
3.197199999999999818e+03 9.006615184751948916e-03
3.197900000000000091e+03 8.160760544652789425e-03
3.198599999999999909e+03 4.113825051100226254e-03
3.199300000000000182e+03 2.055722979996705592e-03
3.200000000000000000e+03 5.411208778879652431e-03
