1.022999999999999972e+02 1.586800187749587865e+00
1.035999999999999943e+02 1.739540927920774083e+00
1.050000000000000000e+02 1.855056153478832570e+00
1.062999999999999972e+02 1.874889608001417685e+00
1.077000000000000028e+02 1.877821693371233280e+00
1.090000000000000000e+02 1.838925488032508992e+00
1.104000000000000057e+02 1.823498090754873679e+00
1.117000000000000028e+02 1.811159993277702718e+00
1.130000000000000000e+02 1.819211966422659810e+00
1.144000000000000057e+02 1.814175158588249737e+00
1.157000000000000028e+02 1.821426240703809096e+00
1.170999999999999943e+02 1.824742156945942551e+00
1.184000000000000057e+02 1.830906297912909819e+00
1.197999999999999972e+02 1.816270554033286189e+00
1.210999999999999943e+02 1.795085639146642542e+00
1.224000000000000057e+02 1.780436589533357150e+00
1.237999999999999972e+02 1.773808749720243272e+00
1.250999999999999943e+02 1.772292540131678251e+00
1.265000000000000000e+02 1.748548401547391773e+00
1.277999999999999972e+02 1.737738231085983465e+00
1.290999999999999943e+02 1.753561069507092451e+00
1.305000000000000000e+02 1.725730645683456244e+00
1.318000000000000114e+02 1.688260431569659215e+00
1.330999999999999943e+02 1.705748297764960952e+00
1.345000000000000000e+02 1.638642709015515564e+00
1.358000000000000114e+02 1.595881317875746941e+00
1.371999999999999886e+02 1.559819589994884570e+00
1.385000000000000000e+02 1.537702649505592989e+00
1.398000000000000114e+02 1.556207380622044667e+00
1.411999999999999886e+02 1.499505904334577089e+00
1.425000000000000000e+02 1.463326315501986663e+00
1.438000000000000114e+02 1.381939174402817994e+00
1.451999999999999886e+02 1.311459829419865386e+00
1.465000000000000000e+02 1.286637918025167249e+00
1.478000000000000114e+02 1.257792004477489289e+00
1.491999999999999886e+02 1.200280197044655495e+00
1.505000000000000000e+02 1.149194405832985044e+00
1.518000000000000114e+02 1.085825995858214377e+00
1.531999999999999886e+02 1.014826347043630950e+00
1.545000000000000000e+02 9.656457431739208230e-01
1.558000000000000114e+02 9.056671980955550705e-01
1.571999999999999886e+02 8.143931752907173083e-01
1.585000000000000000e+02 7.880196935954202342e-01
1.598000000000000114e+02 7.806269164432728669e-01
1.610999999999999943e+02 7.486140904768036064e-01
1.625000000000000000e+02 7.029462750649213554e-01
1.638000000000000114e+02 6.283636651921743477e-01
1.650999999999999943e+02 5.975336041664836007e-01
1.665000000000000000e+02 5.511369884511375661e-01
1.678000000000000114e+02 5.046008283839511499e-01
1.690999999999999943e+02 4.564468076972866273e-01
1.704000000000000057e+02 4.141864583185812521e-01
1.718000000000000114e+02 3.904387661634999285e-01
1.730999999999999943e+02 3.858538950206502616e-01
1.744000000000000057e+02 3.498954826679590013e-01
1.758000000000000114e+02 3.289107543069534900e-01
1.770999999999999943e+02 2.927073526419174399e-01
1.784000000000000057e+02 2.894902413939916541e-01
1.796999999999999886e+02 2.673933763187317236e-01
1.810999999999999943e+02 2.322436263918760124e-01
1.824000000000000057e+02 2.105648684531066794e-01
1.836999999999999886e+02 2.004563684106578647e-01
1.850000000000000000e+02 1.732588702805303582e-01
1.864000000000000057e+02 1.456171139788834390e-01
1.876999999999999886e+02 1.417002780190428080e-01
1.890000000000000000e+02 1.448163059661561614e-01
1.903000000000000114e+02 1.078868015575332184e-01
1.915999999999999943e+02 9.567574512696624955e-02
1.930000000000000000e+02 8.819602968885001393e-02
1.943000000000000114e+02 4.859670180772109743e-02
1.955999999999999943e+02 1.133182399334745592e-02
1.969000000000000057e+02 -2.872655991072496206e-03
1.981999999999999886e+02 -2.229760783088654066e-02
1.995999999999999943e+02 -3.928478666765631427e-02
2.009000000000000057e+02 -3.253192731688701878e-02
2.021999999999999886e+02 -2.570166745144313730e-02
2.035000000000000000e+02 -2.984405002695644446e-02
2.048000000000000114e+02 -2.831066072806025236e-02
2.061999999999999886e+02 -3.423048277618308960e-02
2.075000000000000000e+02 -6.169984523596019899e-02
2.088000000000000114e+02 -6.756772658243809238e-02
2.100999999999999943e+02 -6.178091643250656351e-02
2.114000000000000057e+02 -3.953703932209068350e-02
2.126999999999999886e+02 -1.423035759484957835e-02
2.140999999999999943e+02 -1.137023485850768498e-02
2.154000000000000057e+02 -2.397857741093880127e-02
2.166999999999999886e+02 -2.511934378481218283e-02
2.180000000000000000e+02 -2.304806614093448530e-02
2.193000000000000114e+02 -2.692555969637873414e-02
2.205999999999999943e+02 -3.823940051557563752e-02
2.220000000000000000e+02 -6.814878287958420905e-03
2.233000000000000114e+02 2.906439543228277883e-02
2.245999999999999943e+02 3.125005505821144836e-02
2.259000000000000057e+02 6.359287747454979434e-02
2.271999999999999886e+02 8.716779159484040751e-02
2.285000000000000000e+02 1.142074201233663072e-01
2.298000000000000114e+02 1.589784061927847769e-01
2.310999999999999943e+02 1.827064758172886050e-01
2.325000000000000000e+02 1.944767093146111403e-01
2.338000000000000114e+02 2.266064209336222657e-01
2.350999999999999943e+02 2.446138503750435456e-01
2.364000000000000057e+02 2.552580390494487705e-01
2.376999999999999886e+02 2.623988992124112185e-01
2.390000000000000000e+02 2.516494347257989261e-01
2.403000000000000114e+02 2.239498314256284095e-01
2.415999999999999943e+02 1.976174165590848519e-01
2.429000000000000057e+02 1.850477223280352634e-01
2.441999999999999886e+02 1.532035487721170597e-01
2.455000000000000000e+02 1.193135118959113006e-01
2.469000000000000057e+02 1.128353760760394675e-01
2.481999999999999886e+02 9.725408453413023069e-02
2.495000000000000000e+02 8.445107536450555119e-02
2.508000000000000114e+02 9.538967025961248014e-02
2.520999999999999943e+02 9.289193773373247143e-02
2.534000000000000057e+02 1.043587920464339736e-01
2.546999999999999886e+02 1.104987689870284007e-01
2.560000000000000000e+02 1.134495134644439018e-01
2.573000000000000114e+02 1.436766325842391279e-01
2.586000000000000227e+02 1.578762762848745504e-01
2.598999999999999773e+02 1.793980723588367021e-01
2.611999999999999886e+02 1.882215540608335458e-01
2.625000000000000000e+02 2.294448555100857545e-01
2.638000000000000114e+02 2.668441649771020052e-01
2.651000000000000227e+02 2.806938225620387306e-01
2.663999999999999773e+02 3.249873971013769736e-01
2.676999999999999886e+02 3.641223745683447310e-01
2.690000000000000000e+02 3.971678324514085201e-01
2.703000000000000114e+02 4.431020959538083392e-01
2.716000000000000227e+02 4.696549164103374085e-01
2.728999999999999773e+02 5.281914952806568975e-01
2.741999999999999886e+02 5.496373804120754381e-01
2.755000000000000000e+02 5.771735881315205319e-01
2.768000000000000114e+02 6.019813579496432476e-01
2.781000000000000227e+02 5.880980351310173271e-01
2.793999999999999773e+02 5.878597386490901355e-01
2.806999999999999886e+02 5.805120879943213019e-01
2.820000000000000000e+02 5.720597615057623209e-01
2.833000000000000114e+02 5.518292908782433948e-01
2.846000000000000227e+02 5.125920443287715900e-01
2.858999999999999773e+02 4.659774532459711738e-01
2.871999999999999886e+02 4.210932771981320544e-01
2.885000000000000000e+02 3.784406364315736626e-01
2.898000000000000114e+02 3.206594858287113436e-01
2.911000000000000227e+02 3.049319530973848003e-01
2.923999999999999773e+02 2.997403776889688287e-01
2.936999999999999886e+02 2.861157858909800233e-01
2.950000000000000000e+02 2.622047121840465067e-01
2.963000000000000114e+02 2.618962777303126543e-01
2.976000000000000227e+02 2.654825934634623685e-01
2.988999999999999773e+02 2.762222394247121349e-01
3.001999999999999886e+02 2.795505755931559366e-01
3.015000000000000000e+02 2.997112851331098504e-01
3.028000000000000114e+02 3.000939652187127882e-01
3.041000000000000227e+02 2.954574038593754670e-01
3.053999999999999773e+02 2.938428056149714473e-01
3.066000000000000227e+02 2.982061253661674183e-01
3.078999999999999773e+02 3.069437728427846235e-01
3.091999999999999886e+02 2.785848608118164371e-01
3.105000000000000000e+02 2.658948640919130968e-01
3.118000000000000114e+02 2.345150683978150241e-01
3.131000000000000227e+02 2.211277626028841370e-01
3.143999999999999773e+02 1.847532624352159480e-01
3.156999999999999886e+02 1.963786478237880828e-01
3.170000000000000000e+02 1.837457389800151164e-01
3.183000000000000114e+02 1.537837883175721676e-01
3.196000000000000227e+02 1.479082041992950958e-01
3.208000000000000114e+02 1.544703081643835074e-01
3.221000000000000227e+02 1.519198404824436688e-01
3.233999999999999773e+02 1.586387839823808488e-01
3.246999999999999886e+02 1.604786697345621516e-01
3.260000000000000000e+02 1.697728553977567723e-01
3.273000000000000114e+02 2.037317145098899718e-01
3.286000000000000227e+02 2.362902243096831612e-01
3.298999999999999773e+02 2.842499210527302811e-01
3.311000000000000227e+02 3.139037054061538656e-01
3.323999999999999773e+02 3.408096730476873892e-01
3.336999999999999886e+02 3.543609850337492428e-01
3.350000000000000000e+02 3.666341442179228416e-01
3.363000000000000114e+02 3.596587227185475411e-01
3.376000000000000227e+02 3.370288548235328419e-01
3.388999999999999773e+02 3.153655781458806207e-01
3.401000000000000227e+02 2.938773927195967861e-01
3.413999999999999773e+02 2.614838466800435413e-01
3.426999999999999886e+02 2.327006851126823817e-01
3.440000000000000000e+02 2.167900096639643337e-01
3.453000000000000114e+02 2.033172850323274328e-01
3.465000000000000000e+02 1.785846010813224582e-01
3.478000000000000114e+02 1.737901585344217570e-01
3.491000000000000227e+02 1.801525592159265166e-01
3.503999999999999773e+02 1.647296954667374913e-01
3.516999999999999886e+02 1.585824706861514444e-01
3.530000000000000000e+02 1.407301523663131437e-01
3.541999999999999886e+02 1.361323737668159728e-01
3.555000000000000000e+02 1.379694825775305000e-01
3.568000000000000114e+02 1.203717014119669027e-01
3.581000000000000227e+02 1.259435500551390752e-01
3.593999999999999773e+02 1.224278993104263580e-01
3.606000000000000227e+02 1.155632954458920697e-01
3.618999999999999773e+02 1.180495059993977719e-01
3.631999999999999886e+02 1.246462608596480004e-01
3.645000000000000000e+02 9.076746176888605966e-02
3.658000000000000114e+02 9.751285866454287299e-02
3.670000000000000000e+02 1.115673270146477214e-01
3.683000000000000114e+02 1.046125491453036987e-01
3.696000000000000227e+02 1.213178082456444623e-01
3.708999999999999773e+02 1.207796216248516463e-01
3.721000000000000227e+02 1.298320324940639425e-01
3.733999999999999773e+02 1.335999807322472421e-01
3.746999999999999886e+02 1.344401378021079507e-01
3.760000000000000000e+02 1.509753745134888858e-01
3.771999999999999886e+02 1.846834909854193352e-01
3.785000000000000000e+02 2.147765951559363895e-01
3.798000000000000114e+02 2.331849833319337151e-01
3.811000000000000227e+02 2.684755605540434242e-01
3.823000000000000114e+02 2.620131314111436849e-01
3.836000000000000227e+02 2.554509630646347729e-01
3.848999999999999773e+02 2.398877975182834854e-01
3.861999999999999886e+02 2.208379933260875005e-01
3.873999999999999773e+02 1.979193993742923152e-01
3.886999999999999886e+02 1.790405298910058285e-01
3.900000000000000000e+02 1.679017779636888807e-01
3.911999999999999886e+02 1.624684298361852020e-01
3.925000000000000000e+02 1.498002942611037780e-01
3.938000000000000114e+02 1.412755111971839284e-01
3.951000000000000227e+02 1.331964980098315210e-01
3.963000000000000114e+02 1.249642683734125126e-01
3.976000000000000227e+02 1.344021177469134909e-01
3.988999999999999773e+02 9.840114984709780188e-02
4.001000000000000227e+02 9.033073612418318632e-02
4.013999999999999773e+02 9.900497447359435377e-02
4.026999999999999886e+02 1.058070160683012850e-01
4.038999999999999773e+02 1.088295385208466193e-01
4.051999999999999886e+02 1.090459556893424442e-01
4.065000000000000000e+02 1.074065946668334992e-01
4.076999999999999886e+02 1.050574901170331366e-01
4.090000000000000000e+02 1.041144680776220632e-01
4.103000000000000114e+02 1.040106657987456135e-01
4.115000000000000000e+02 1.045878973165898507e-01
4.128000000000000114e+02 1.016917028921817540e-01
4.141000000000000227e+02 1.020299867970317492e-01
4.153000000000000114e+02 1.021943684001335173e-01
4.166000000000000227e+02 1.016546812329724436e-01
4.178999999999999773e+02 1.035932553605515838e-01
4.191000000000000227e+02 1.056745313906581191e-01
4.203999999999999773e+02 1.087848602248873697e-01
4.216999999999999886e+02 1.114681792810655880e-01
4.228999999999999773e+02 1.167475971385833200e-01
4.241999999999999886e+02 1.235257198788754507e-01
4.255000000000000000e+02 1.306064722413571022e-01
4.266999999999999886e+02 1.366826302905254087e-01
4.280000000000000000e+02 1.395222016985992741e-01
4.291999999999999886e+02 1.386488638133092643e-01
4.305000000000000000e+02 1.376270190788074499e-01
4.318000000000000114e+02 1.327263046736091578e-01
4.330000000000000000e+02 1.287271314571717951e-01
4.343000000000000114e+02 1.247201584322992912e-01
4.355000000000000000e+02 1.220773473712054857e-01
4.368000000000000114e+02 1.222784061108095760e-01
4.381000000000000227e+02 1.240232936387610646e-01
4.393000000000000114e+02 1.248524963084875206e-01
4.406000000000000227e+02 1.258539541743598500e-01
4.418000000000000114e+02 1.282108833431634398e-01
4.431000000000000227e+02 1.347617080667084244e-01
4.443999999999999773e+02 1.432086218959000290e-01
4.456000000000000227e+02 1.578367285470499704e-01
4.468999999999999773e+02 1.784719464768523278e-01
4.481000000000000227e+02 2.054854974314718752e-01
4.493999999999999773e+02 2.352950572478788582e-01
4.506999999999999886e+02 2.630220190437799199e-01
4.518999999999999773e+02 2.901645247315051135e-01
4.531999999999999886e+02 3.149412823749904722e-01
4.543999999999999773e+02 3.327909701018651467e-01
4.556999999999999886e+02 3.405656245917917935e-01
4.568999999999999773e+02 3.348482250336378696e-01
4.581999999999999886e+02 3.197232393047932941e-01
4.593999999999999773e+02 2.996273607200873879e-01
4.606999999999999886e+02 2.764131734868886525e-01
4.620000000000000000e+02 2.493679235205193967e-01
4.631999999999999886e+02 2.241596496342386224e-01
4.645000000000000000e+02 2.028737558261697604e-01
4.656999999999999886e+02 1.820965544498385491e-01
4.670000000000000000e+02 1.650115393321177071e-01
4.681999999999999886e+02 1.504003981209142693e-01
4.695000000000000000e+02 1.383365767001142888e-01
4.706999999999999886e+02 1.309308695997657979e-01
4.720000000000000000e+02 1.268226060954183165e-01
4.731999999999999886e+02 1.248383226736987650e-01
4.745000000000000000e+02 1.234834943590060463e-01
4.756999999999999886e+02 1.240501340895652227e-01
4.770000000000000000e+02 1.200658876943933584e-01
4.781999999999999886e+02 1.128973813907787060e-01
4.795000000000000000e+02 1.079717294263594918e-01
4.806999999999999886e+02 1.045076771830971973e-01
4.820000000000000000e+02 1.046371587949587317e-01
4.831999999999999886e+02 1.047928438651501704e-01
4.845000000000000000e+02 1.039711674922130791e-01
4.856999999999999886e+02 1.062319758855595486e-01
4.870000000000000000e+02 1.079514934496866863e-01
4.881999999999999886e+02 1.100859663806209587e-01
4.895000000000000000e+02 1.117579625706247026e-01
4.906999999999999886e+02 1.144770384101447547e-01
4.920000000000000000e+02 1.164860132127545356e-01
4.931999999999999886e+02 1.146989980687059263e-01
4.945000000000000000e+02 1.088040308628523273e-01
4.956999999999999886e+02 1.049640368157395698e-01
4.970000000000000000e+02 1.017527895159111295e-01
4.981999999999999886e+02 1.022296676557370998e-01
4.993999999999999773e+02 1.025507966104722835e-01
5.006999999999999886e+02 1.022459814818584278e-01
5.018999999999999773e+02 1.047688437022193386e-01
5.031999999999999886e+02 1.061832179748385951e-01
5.043999999999999773e+02 1.038706772568162018e-01
5.056999999999999886e+02 9.749298459120833704e-02
5.068999999999999773e+02 9.056487500423653081e-02
5.081999999999999886e+02 8.598373293431670061e-02
5.093999999999999773e+02 8.275241277045182475e-02
5.106000000000000227e+02 7.656595071488009330e-02
5.118999999999999773e+02 7.030511769033567782e-02
5.131000000000000227e+02 6.629818222163930130e-02
5.143999999999999773e+02 6.417491448570168677e-02
5.156000000000000227e+02 6.137900177090524489e-02
5.168999999999999773e+02 6.147425099792759584e-02
5.181000000000000227e+02 6.190759775300409828e-02
5.192999999999999545e+02 6.177998059255312979e-02
5.206000000000000227e+02 5.981975201374374607e-02
5.217999999999999545e+02 5.688469041093011797e-02
5.231000000000000227e+02 5.241330199550407742e-02
5.242999999999999545e+02 4.864389764479432055e-02
5.255000000000000000e+02 4.394020282659946708e-02
5.267999999999999545e+02 3.896995233833707578e-02
5.280000000000000000e+02 3.567554734275719258e-02
5.292999999999999545e+02 3.787378129869282961e-02
5.305000000000000000e+02 3.918382185668937284e-02
5.317000000000000455e+02 3.858818964749680114e-02
5.330000000000000000e+02 3.521604636570815905e-02
5.342000000000000455e+02 3.096878487789034295e-02
5.353999999999999773e+02 2.777776017069556042e-02
5.367000000000000455e+02 2.257446064269756636e-02
5.378999999999999773e+02 1.820124854284941793e-02
5.392000000000000455e+02 1.737638350033394660e-02
5.403999999999999773e+02 1.822392242786873701e-02
5.416000000000000227e+02 2.176512292907924889e-02
5.428999999999999773e+02 2.752091699379451833e-02
5.441000000000000227e+02 3.212912897998115858e-02
5.452999999999999545e+02 3.398348975485957629e-02
5.466000000000000227e+02 3.537967187821836057e-02
5.477999999999999545e+02 3.398062453143664563e-02
5.490000000000000000e+02 3.253906990131445742e-02
5.502999999999999545e+02 3.405604643087725703e-02
5.515000000000000000e+02 3.669186447726420497e-02
5.527000000000000455e+02 3.837013560783839039e-02
5.540000000000000000e+02 3.730119394707054337e-02
5.552000000000000455e+02 3.374225367012038956e-02
5.563999999999999773e+02 2.698070724883917804e-02
5.577000000000000455e+02 2.206109025358875264e-02
5.588999999999999773e+02 1.718597668854104227e-02
5.601000000000000227e+02 1.261055977961971983e-02
5.613999999999999773e+02 1.125235395970463140e-02
5.626000000000000227e+02 1.446431153693538904e-02
5.637999999999999545e+02 1.877814387573262592e-02
5.650000000000000000e+02 2.372249970945881220e-02
5.662999999999999545e+02 2.653453261605277086e-02
5.675000000000000000e+02 2.551771274952312207e-02
5.687000000000000455e+02 2.543191449467351734e-02
5.700000000000000000e+02 2.609583697855424184e-02
5.712000000000000455e+02 2.410064611082370079e-02
5.723999999999999773e+02 2.119694949970119327e-02
5.736000000000000227e+02 1.768844104968259057e-02
5.748999999999999773e+02 1.458113064941068612e-02
5.761000000000000227e+02 1.046288173573435565e-02
5.772999999999999545e+02 9.271870448792896707e-03
5.786000000000000227e+02 8.995214317680626237e-03
5.797999999999999545e+02 8.759823046252987466e-03
5.810000000000000000e+02 6.864114514410606278e-03
5.822000000000000455e+02 5.667210470952548443e-03
5.835000000000000000e+02 5.427605274125094428e-03
5.847000000000000455e+02 7.968549844491237474e-03
5.858999999999999773e+02 8.391091445276721572e-03
5.871000000000000227e+02 9.924985927509497041e-03
5.883999999999999773e+02 1.190695516794884265e-02
5.896000000000000227e+02 1.501337385908999705e-02
5.907999999999999545e+02 1.899406570038410930e-02
5.920000000000000000e+02 1.918292943814415771e-02
5.932999999999999545e+02 1.609315750652591179e-02
5.945000000000000000e+02 1.798783234709023723e-02
5.957000000000000455e+02 2.016944307719851365e-02
5.968999999999999773e+02 2.400360127138451843e-02
5.981000000000000227e+02 2.745470835360117046e-02
5.993999999999999773e+02 3.045988909394625049e-02
6.006000000000000227e+02 3.023766420014077638e-02
6.017999999999999545e+02 3.002820666147704501e-02
6.030000000000000000e+02 2.982670114271517015e-02
6.042999999999999545e+02 2.674053690040745918e-02
6.055000000000000000e+02 2.352231526200497871e-02
6.067000000000000455e+02 2.341972681340667717e-02
6.078999999999999773e+02 2.646786351433127668e-02
6.091000000000000227e+02 2.627244351272114281e-02
6.103999999999999773e+02 3.071386976213978659e-02
6.116000000000000227e+02 3.437017067469028131e-02
6.127999999999999545e+02 3.515614116513495618e-02
6.140000000000000000e+02 3.755526585418895308e-02
6.152000000000000455e+02 3.789343145658100043e-02
6.165000000000000000e+02 3.466844098825304366e-02
6.177000000000000455e+02 3.105994681514625752e-02
6.188999999999999773e+02 2.932470840937152767e-02
6.201000000000000227e+02 2.800983514653214088e-02
6.212999999999999545e+02 2.286728921854464663e-02
6.225000000000000000e+02 2.369031510771275884e-02
6.237999999999999545e+02 2.159981131150845793e-02
6.250000000000000000e+02 2.136279573138092844e-02
6.262000000000000455e+02 2.755436170139793917e-02
6.273999999999999773e+02 3.038493503668787676e-02
6.286000000000000227e+02 3.257299980114367749e-02
6.297999999999999545e+02 3.743098580013676235e-02
6.310000000000000000e+02 4.366301298177449608e-02
6.322999999999999545e+02 5.119059805649264772e-02
6.335000000000000000e+02 5.896760779959235588e-02
6.347000000000000455e+02 6.731366662883803142e-02
6.358999999999999773e+02 7.161199738016582605e-02
6.371000000000000227e+02 7.884730027508388139e-02
6.382999999999999545e+02 9.135401945252007161e-02
6.395000000000000000e+02 9.883787898620027823e-02
6.407999999999999545e+02 1.049028034948552568e-01
6.420000000000000000e+02 1.126678338866076712e-01
6.432000000000000455e+02 1.210072541381033984e-01
6.443999999999999773e+02 1.288851717151516807e-01
6.456000000000000227e+02 1.340247486895581597e-01
6.467999999999999545e+02 1.390963475033184793e-01
6.480000000000000000e+02 1.423846256133630972e-01
6.492000000000000455e+02 1.468613979320018692e-01
6.503999999999999773e+02 1.542630139672039602e-01
6.517000000000000455e+02 1.604247179117755939e-01
6.528999999999999773e+02 1.669105322841849259e-01
6.541000000000000227e+02 1.778522435561089576e-01
6.552999999999999545e+02 1.898001158821472634e-01
6.565000000000000000e+02 2.050480637473166001e-01
6.577000000000000455e+02 2.240669248388869050e-01
6.588999999999999773e+02 2.473710123116549253e-01
6.601000000000000227e+02 2.753423365666814449e-01
6.612999999999999545e+02 3.067729824149483808e-01
6.625000000000000000e+02 3.400006375503337175e-01
6.637000000000000455e+02 3.742553048274480654e-01
6.650000000000000000e+02 4.072070234575068670e-01
6.662000000000000455e+02 4.356191018623483124e-01
6.673999999999999773e+02 4.578831196096269096e-01
6.686000000000000227e+02 4.740272744348264511e-01
6.697999999999999545e+02 4.812911012297436675e-01
6.710000000000000000e+02 4.800325424422573484e-01
6.722000000000000455e+02 4.694767697021104969e-01
6.733999999999999773e+02 4.508751649154153496e-01
6.746000000000000227e+02 4.283494660558018197e-01
6.757999999999999545e+02 4.043621869536476177e-01
6.770000000000000000e+02 3.800301862427831190e-01
6.782000000000000455e+02 3.560816350884865589e-01
6.793999999999999773e+02 3.344730224059407897e-01
6.806000000000000227e+02 3.169281538151604849e-01
6.817999999999999545e+02 3.027664224445635321e-01
6.830000000000000000e+02 2.922026881794175246e-01
6.842000000000000455e+02 2.847256125210956279e-01
6.853999999999999773e+02 2.784876175656101349e-01
6.866000000000000227e+02 2.716064997650268764e-01
6.877999999999999545e+02 2.663972646572818070e-01
6.890000000000000000e+02 2.626964329822197297e-01
6.902000000000000455e+02 2.604815786738092220e-01
6.913999999999999773e+02 2.612981446727065671e-01
6.926000000000000227e+02 2.691522862882632650e-01
6.937999999999999545e+02 2.820330405961337661e-01
6.950000000000000000e+02 2.993062053257484756e-01
6.962000000000000455e+02 3.219358547367106027e-01
6.973999999999999773e+02 3.388282245185098573e-01
6.986000000000000227e+02 3.485897923763449091e-01
6.997999999999999545e+02 3.493232675959047073e-01
7.010000000000000000e+02 3.406673164201152182e-01
7.022000000000000455e+02 3.238066341222935463e-01
7.033999999999999773e+02 3.013648964119833851e-01
7.046000000000000227e+02 2.741597531896167173e-01
7.057999999999999545e+02 2.447115975502355267e-01
7.070000000000000000e+02 2.209988256624284553e-01
7.082000000000000455e+02 2.007090948077769055e-01
7.093999999999999773e+02 1.772308354049504653e-01
7.106000000000000227e+02 1.554901524993298478e-01
7.117999999999999545e+02 1.342050064664953302e-01
7.130000000000000000e+02 1.160289526332156512e-01
7.142000000000000455e+02 9.930235311933952036e-02
7.153999999999999773e+02 8.633603305307843701e-02
7.166000000000000227e+02 7.456227831624531732e-02
7.177999999999999545e+02 6.316363994820768657e-02
7.190000000000000000e+02 5.769640500710818132e-02
7.202000000000000455e+02 5.265641823748359873e-02
7.213999999999999773e+02 4.394317223918567383e-02
7.226000000000000227e+02 3.549630055214512275e-02
7.237999999999999545e+02 2.778773936039980602e-02
7.250000000000000000e+02 2.207463469595610100e-02
7.262000000000000455e+02 1.644823461953121013e-02
7.272999999999999545e+02 1.583765921571006485e-02
7.285000000000000000e+02 1.733429882520786877e-02
7.297000000000000455e+02 1.639509179713742604e-02
7.308999999999999773e+02 1.842891419906871053e-02
7.321000000000000227e+02 2.104738113694042470e-02
7.332999999999999545e+02 2.157422538577132357e-02
7.345000000000000000e+02 2.145848387477519367e-02
7.357000000000000455e+02 2.061329313557465348e-02
7.368999999999999773e+02 1.839953073994550145e-02
7.381000000000000227e+02 1.432816463591174774e-02
7.392999999999999545e+02 1.383502214041607697e-02
7.405000000000000000e+02 1.488879053142603756e-02
7.416000000000000227e+02 1.386838634997542702e-02
7.427999999999999545e+02 1.657959194305840683e-02
7.440000000000000000e+02 2.105928431473394827e-02
7.452000000000000455e+02 2.900848772304399914e-02
7.463999999999999773e+02 3.917132694981849406e-02
7.476000000000000227e+02 4.616725706529767326e-02
7.487999999999999545e+02 5.120954174298139594e-02
7.500000000000000000e+02 6.017650376847406835e-02
7.511000000000000227e+02 7.249092848992429172e-02
7.522999999999999545e+02 8.534045644485788173e-02
7.535000000000000000e+02 9.457221134529901485e-02
7.547000000000000455e+02 1.008922524482339239e-01
7.558999999999999773e+02 1.003531609663315116e-01
7.571000000000000227e+02 9.377123381602175956e-02
7.582999999999999545e+02 7.926168352162932251e-02
7.595000000000000000e+02 5.655038688472559250e-02
7.606000000000000227e+02 3.496339586279677281e-02
7.617999999999999545e+02 2.031003599575328944e-02
7.630000000000000000e+02 8.150442042799955350e-03
7.642000000000000455e+02 -3.666330281604404488e-04
7.653999999999999773e+02 -7.300067021706976855e-03
7.666000000000000227e+02 -1.097504742039906098e-02
7.677000000000000455e+02 -1.124950694846187094e-02
7.688999999999999773e+02 -9.358438041250003586e-03
7.701000000000000227e+02 -1.035319199178772083e-02
7.712999999999999545e+02 -1.059028582567301917e-02
7.725000000000000000e+02 -6.686802893429878193e-03
7.737000000000000455e+02 -5.149808947036164843e-05
7.747999999999999545e+02 4.508399700527661660e-03
7.760000000000000000e+02 5.057508975921169020e-03
7.772000000000000455e+02 5.419172414939313689e-03
7.783999999999999773e+02 9.069385404773590634e-03
7.796000000000000227e+02 1.463261515802689698e-02
7.807999999999999545e+02 1.882931583144064475e-02
7.818999999999999773e+02 1.945094147216952507e-02
7.831000000000000227e+02 2.070303693328411423e-02
7.842999999999999545e+02 2.457251346734332792e-02
7.855000000000000000e+02 3.012674660791232750e-02
7.867000000000000455e+02 3.340719655614606681e-02
7.877999999999999545e+02 3.172840765544057695e-02
7.890000000000000000e+02 2.893379773894395879e-02
7.902000000000000455e+02 2.418820999071647285e-02
7.913999999999999773e+02 1.687988301966843185e-02
7.926000000000000227e+02 1.065525402893398310e-02
7.937000000000000455e+02 6.975948312667777998e-03
7.948999999999999773e+02 4.859348713815276298e-03
7.961000000000000227e+02 4.966216091585817782e-03
7.972999999999999545e+02 8.112055752185097154e-03
7.983999999999999773e+02 1.013070650755626759e-02
7.996000000000000227e+02 1.319338436084423194e-02
8.007999999999999545e+02 1.399830615652183224e-02
8.020000000000000000e+02 1.166620726574088378e-02
8.031000000000000227e+02 1.242689546090459257e-02
8.042999999999999545e+02 1.715404638235093135e-02
8.055000000000000000e+02 2.239500179447992748e-02
8.067000000000000455e+02 2.733523293222420852e-02
8.077999999999999545e+02 2.988557050719332572e-02
8.090000000000000000e+02 3.305061170227686917e-02
8.102000000000000455e+02 3.852462551188528400e-02
8.113999999999999773e+02 4.679097914447782197e-02
8.125000000000000000e+02 5.388279516780709877e-02
8.137000000000000455e+02 6.127904753990957853e-02
8.148999999999999773e+02 7.169566304595559325e-02
8.161000000000000227e+02 8.382009706627385759e-02
8.172000000000000455e+02 1.008832974527295173e-01
8.183999999999999773e+02 1.207580611334722609e-01
8.196000000000000227e+02 1.485072758346397959e-01
8.207999999999999545e+02 1.902278143819583767e-01
8.218999999999999773e+02 2.472879496707176550e-01
8.231000000000000227e+02 3.162401301451325253e-01
8.242999999999999545e+02 3.873059678518592230e-01
8.253999999999999773e+02 4.444249502778279681e-01
8.266000000000000227e+02 4.786953678398681022e-01
8.277999999999999545e+02 4.809015515038470578e-01
8.290000000000000000e+02 4.504125133227776523e-01
8.301000000000000227e+02 3.889937754478481891e-01
8.312999999999999545e+02 3.163704305658420202e-01
8.325000000000000000e+02 2.414140774574093373e-01
8.336000000000000227e+02 1.762757663775799399e-01
8.347999999999999545e+02 1.245767574445770520e-01
8.360000000000000000e+02 9.160992054630956449e-02
8.371000000000000227e+02 7.173169435605783462e-02
8.382999999999999545e+02 6.425770098353822402e-02
8.395000000000000000e+02 5.889159770640726294e-02
8.406000000000000227e+02 5.539913693735547262e-02
8.417999999999999545e+02 5.295068205934102407e-02
8.430000000000000000e+02 5.278987787636264806e-02
8.441000000000000227e+02 5.004130056315628239e-02
8.452999999999999545e+02 5.010599259790396443e-02
8.465000000000000000e+02 4.584511921000922891e-02
8.476000000000000227e+02 4.321417143383633058e-02
8.487999999999999545e+02 4.001458675308690316e-02
8.500000000000000000e+02 3.847258667412706973e-02
8.511000000000000227e+02 3.523297689733490001e-02
8.522999999999999545e+02 3.031363131009886039e-02
8.535000000000000000e+02 2.560780115163599491e-02
8.546000000000000227e+02 1.968940254904048837e-02
8.557999999999999545e+02 1.966636461102663075e-02
8.570000000000000000e+02 2.557516628539077685e-02
8.581000000000000227e+02 3.322573850652517369e-02
8.592999999999999545e+02 3.859323839529477107e-02
8.605000000000000000e+02 4.150972271805391384e-02
8.616000000000000227e+02 4.505563846516108528e-02
8.627999999999999545e+02 5.002477549453042405e-02
8.638999999999999773e+02 5.264888667916644421e-02
8.651000000000000227e+02 5.586686204799909405e-02
8.662999999999999545e+02 6.351369682011151485e-02
8.673999999999999773e+02 7.630342854354629778e-02
8.686000000000000227e+02 8.864838436884789341e-02
8.697999999999999545e+02 1.038641102419290141e-01
8.708999999999999773e+02 1.121626878189813659e-01
8.721000000000000227e+02 1.149789175626797499e-01
8.732000000000000455e+02 1.153153672850417699e-01
8.743999999999999773e+02 1.158709556560884313e-01
8.756000000000000227e+02 1.115557969543925776e-01
8.767000000000000455e+02 1.100732866247745023e-01
8.778999999999999773e+02 1.136583357884429768e-01
8.790000000000000000e+02 1.214870114306047244e-01
8.802000000000000455e+02 1.276931400969825714e-01
8.813999999999999773e+02 1.305896480366109391e-01
8.825000000000000000e+02 1.285093261608803439e-01
8.837000000000000455e+02 1.210423073925284143e-01
8.847999999999999545e+02 1.109104853498262822e-01
8.860000000000000000e+02 1.000645795233871538e-01
8.871000000000000227e+02 8.463350898509139353e-02
8.882999999999999545e+02 7.470709691976734623e-02
8.895000000000000000e+02 6.720097030001132010e-02
8.906000000000000227e+02 6.563565302062746021e-02
8.917999999999999545e+02 6.317889449676489244e-02
8.928999999999999773e+02 6.111682861803342803e-02
8.941000000000000227e+02 6.064826649753284754e-02
8.952000000000000455e+02 6.191051318698323480e-02
8.963999999999999773e+02 6.315868313748068674e-02
8.976000000000000227e+02 6.511910467750847697e-02
8.987000000000000455e+02 6.333222980582914330e-02
8.998999999999999773e+02 6.218932417317648426e-02
9.010000000000000000e+02 6.189683453077598346e-02
9.022000000000000455e+02 6.052496309296773180e-02
9.032999999999999545e+02 5.731820946575935660e-02
9.045000000000000000e+02 5.317147124062136104e-02
9.056000000000000227e+02 4.995796106675595705e-02
9.067999999999999545e+02 4.935243341955802832e-02
9.078999999999999773e+02 4.708695179724996932e-02
9.091000000000000227e+02 4.765214481577775829e-02
9.102000000000000455e+02 4.640566488783438859e-02
9.113999999999999773e+02 4.815095585421272362e-02
9.126000000000000227e+02 5.179880406329311071e-02
9.137000000000000455e+02 5.038615900201941222e-02
9.148999999999999773e+02 5.006681394853298300e-02
9.160000000000000000e+02 4.907817943215273676e-02
9.172000000000000455e+02 4.746708088347649512e-02
9.182999999999999545e+02 4.666278490283011504e-02
9.195000000000000000e+02 4.817294186931581762e-02
9.206000000000000227e+02 5.140839568007824628e-02
9.217999999999999545e+02 5.393019293531282898e-02
9.228999999999999773e+02 5.614507207376455422e-02
9.241000000000000227e+02 5.528770725782784778e-02
9.252000000000000455e+02 5.199530894784558377e-02
9.263999999999999773e+02 5.120657284441182400e-02
9.275000000000000000e+02 4.774938229846413529e-02
9.287000000000000455e+02 4.232102590884592730e-02
9.297999999999999545e+02 3.813912929633474225e-02
9.310000000000000000e+02 3.535376448918072650e-02
9.321000000000000227e+02 3.633220225315045293e-02
9.332999999999999545e+02 3.975438499513352791e-02
9.343999999999999773e+02 4.024299269450123256e-02
9.355000000000000000e+02 4.111502973921313947e-02
9.367000000000000455e+02 4.159259684647496902e-02
9.377999999999999545e+02 4.593855463466942068e-02
9.390000000000000000e+02 5.053188656278002899e-02
9.401000000000000227e+02 5.299445252879458196e-02
9.412999999999999545e+02 5.057723103928439545e-02
9.423999999999999773e+02 4.875395231170046723e-02
9.436000000000000227e+02 5.469579700523051480e-02
9.447000000000000455e+02 5.935617475991512848e-02
9.458999999999999773e+02 6.021948210929545242e-02
9.470000000000000000e+02 6.358961878769378573e-02
9.481000000000000227e+02 6.739251320135340728e-02
9.492999999999999545e+02 7.215164182970359996e-02
9.503999999999999773e+02 7.652908700076371806e-02
9.516000000000000227e+02 7.872223467668404417e-02
9.527000000000000455e+02 7.682789730408548512e-02
9.538999999999999773e+02 7.609670231828584430e-02
9.550000000000000000e+02 7.655097624085034635e-02
9.562000000000000455e+02 7.046366320204999756e-02
9.572999999999999545e+02 6.536482428501944053e-02
9.583999999999999773e+02 6.121786264660261656e-02
9.596000000000000227e+02 5.534315660289715333e-02
9.607000000000000455e+02 5.091899005317704341e-02
9.618999999999999773e+02 4.707304234912473156e-02
9.630000000000000000e+02 4.231403547883416660e-02
9.641000000000000227e+02 4.007324201562698085e-02
9.652999999999999545e+02 3.680482319670232150e-02
9.663999999999999773e+02 3.212558395951128215e-02
9.676000000000000227e+02 2.834888714432850371e-02
9.687000000000000455e+02 2.527574055327155150e-02
9.697999999999999545e+02 2.030978654826979049e-02
9.710000000000000000e+02 1.644103713216807372e-02
9.721000000000000227e+02 1.640597067692215610e-02
9.732999999999999545e+02 1.488494334916615897e-02
9.743999999999999773e+02 1.210801468519115930e-02
9.755000000000000000e+02 1.067894443778312843e-02
9.767000000000000455e+02 7.659558361651398403e-03
9.777999999999999545e+02 2.724290532488337149e-03
9.790000000000000000e+02 -1.027617499432247061e-03
9.801000000000000227e+02 -4.802603992234364023e-03
9.812000000000000455e+02 -4.558821307292679377e-03
9.823999999999999773e+02 -1.055989594443543450e-03
9.835000000000000000e+02 4.656926868750967466e-03
9.846000000000000227e+02 1.019082385100134221e-02
9.857999999999999545e+02 1.153060404388023263e-02
9.868999999999999773e+02 1.216431303118424567e-02
9.881000000000000227e+02 1.202271367247977063e-02
9.892000000000000455e+02 8.006851240028957373e-03
9.893999999999999773e+02 3.351954427617978224e-03
9.902999999999999545e+02 2.262053115706202412e-03
9.905000000000000000e+02 2.142443199803112375e-03
9.915000000000000000e+02 2.799665082644134818e-03
9.917000000000000455e+02 5.535460567346365060e-03
9.926000000000000227e+02 8.977370319945778346e-03
9.927999999999999545e+02 9.794935678195199058e-03
9.937000000000000455e+02 1.512133947740319437e-02
9.940000000000000000e+02 1.793746019080299722e-02
9.948999999999999773e+02 1.971152182398432096e-02
9.951000000000000227e+02 1.970119173428380027e-02
9.960000000000000000e+02 2.032654505854974286e-02
9.962999999999999545e+02 2.173774985497110845e-02
9.971000000000000227e+02 2.610270863549201889e-02
9.973999999999999773e+02 3.317014886083530234e-02
9.982999999999999545e+02 4.037926040096559421e-02
9.986000000000000227e+02 4.880447575589277193e-02
9.993999999999999773e+02 5.837221942460282115e-02
9.997000000000000455e+02 6.223366339581244688e-02
1.000500000000000000e+03 6.558836026816204645e-02
1.000899999999999977e+03 6.325702177430464479e-02
1.001700000000000045e+03 5.974290689442542102e-02
1.002000000000000000e+03 6.031001889699814239e-02
1.002799999999999955e+03 6.242095448833318017e-02
1.003200000000000045e+03 6.463560472360611875e-02
1.003899999999999977e+03 6.381853363485653907e-02
1.004299999999999955e+03 6.512321866621856303e-02
1.005100000000000023e+03 6.649864121867905820e-02
1.005500000000000000e+03 6.883260405623671530e-02
1.006200000000000045e+03 7.020237287305595986e-02
1.006600000000000023e+03 7.034146701255505896e-02
1.007299999999999955e+03 7.166123171248503509e-02
1.007799999999999955e+03 7.465717320220557895e-02
1.008500000000000000e+03 7.787892751107651501e-02
1.008899999999999977e+03 7.611172496898827022e-02
1.009600000000000023e+03 7.185615261657889163e-02
1.010000000000000000e+03 6.922462478195112734e-02
1.010700000000000045e+03 6.974226208565083296e-02
1.011200000000000045e+03 7.477029136047833036e-02
1.011899999999999977e+03 7.876826455509497449e-02
1.012299999999999955e+03 8.266222117723484586e-02
1.013000000000000000e+03 8.433267543093053709e-02
1.013500000000000000e+03 8.693834111602878612e-02
1.014100000000000023e+03 9.056270641293409640e-02
1.014600000000000023e+03 9.127321856984259296e-02
1.015299999999999955e+03 9.088322526558925696e-02
1.015799999999999955e+03 9.193089969946871554e-02
1.016399999999999977e+03 9.556261387459633050e-02
1.016899999999999977e+03 9.849608898489492503e-02
1.017500000000000000e+03 9.953479903457149169e-02
1.018100000000000023e+03 9.998982861079627749e-02
1.018600000000000023e+03 1.016588003635799931e-01
1.019200000000000045e+03 1.069546140953953339e-01
1.019799999999999955e+03 1.108713045755686244e-01
1.020299999999999955e+03 1.137131143718551618e-01
1.020899999999999977e+03 1.155094583097851790e-01
1.021500000000000000e+03 1.205567712250732171e-01
1.022000000000000000e+03 1.235506904376242054e-01
1.022600000000000023e+03 1.240547296553592416e-01
1.023200000000000045e+03 1.241923054567352913e-01
1.023799999999999955e+03 1.262136559554092874e-01
1.024299999999999955e+03 1.288251541324220706e-01
1.024900000000000091e+03 1.304452694536336610e-01
1.025400000000000091e+03 1.305387529741933450e-01
1.026000000000000000e+03 1.322421903065330862e-01
1.026500000000000000e+03 1.358385148061182490e-01
1.027200000000000045e+03 1.405909776735228822e-01
1.027700000000000045e+03 1.407723571086625936e-01
1.028299999999999955e+03 1.401900505439558908e-01
1.028799999999999955e+03 1.385485210728937266e-01
1.029500000000000000e+03 1.365413437103085159e-01
1.029900000000000091e+03 1.353235247181783230e-01
1.030599999999999909e+03 1.369410103329740669e-01
1.031099999999999909e+03 1.393633751524721298e-01
1.031700000000000045e+03 1.439775563155565041e-01
1.032200000000000045e+03 1.480804583555429266e-01
1.032900000000000091e+03 1.496261289214629031e-01
1.033299999999999955e+03 1.468725052645637463e-01
1.034000000000000000e+03 1.428006031386608865e-01
1.034400000000000091e+03 1.380001519547297550e-01
1.035200000000000045e+03 1.318008784188606508e-01
1.035599999999999909e+03 1.283141799066531419e-01
1.036299999999999955e+03 1.320896241526129389e-01
1.036700000000000045e+03 1.356784855855860394e-01
1.037400000000000091e+03 1.384805350483949427e-01
1.037799999999999955e+03 1.411174882199549563e-01
1.038599999999999909e+03 1.430995772833036084e-01
1.038900000000000091e+03 1.444656767175290790e-01
1.039700000000000045e+03 1.469755674123175704e-01
1.040099999999999909e+03 1.478828727964719147e-01
1.040799999999999955e+03 1.480584198910498972e-01
1.041200000000000045e+03 1.500753668864370505e-01
1.042000000000000000e+03 1.561574113510105499e-01
1.042299999999999955e+03 1.615128870167076847e-01
1.043099999999999909e+03 1.626208345335229954e-01
1.043400000000000091e+03 1.640972500397394618e-01
1.044299999999999955e+03 1.614712357452862679e-01
1.044599999999999909e+03 1.561866212271056653e-01
1.045400000000000091e+03 1.555443564611381224e-01
1.045700000000000045e+03 1.570445395331354910e-01
1.046500000000000000e+03 1.559786214533017967e-01
1.046799999999999955e+03 1.553479480529973977e-01
1.047700000000000045e+03 1.542550875021595769e-01
1.047900000000000091e+03 1.567176052915140450e-01
1.048799999999999955e+03 1.554839749734233389e-01
1.049099999999999909e+03 1.542019523577634610e-01
1.049900000000000091e+03 1.458839154528117077e-01
1.050200000000000045e+03 1.389878339246086170e-01
1.051099999999999909e+03 1.377661099427266445e-01
1.051299999999999955e+03 1.384483841679718386e-01
1.052200000000000045e+03 1.332710189692524194e-01
1.052400000000000091e+03 1.301786396966951864e-01
1.053299999999999955e+03 1.253303765192805008e-01
1.053500000000000000e+03 1.265645429542424094e-01
1.054500000000000000e+03 1.249678001165969443e-01
1.054700000000000045e+03 1.242528171452826347e-01
1.055599999999999909e+03 1.193761865949768408e-01
1.055799999999999955e+03 1.180506916561002984e-01
1.056700000000000045e+03 1.155538218284321017e-01
1.056900000000000091e+03 1.123711829196728795e-01
1.057900000000000091e+03 1.091588683670964566e-01
1.058000000000000000e+03 1.061056777988548250e-01
1.059000000000000000e+03 9.859440304219647955e-02
1.059200000000000045e+03 9.287161249774704419e-02
1.060099999999999909e+03 8.556016927282070195e-02
1.060299999999999955e+03 7.925680129849276001e-02
1.061299999999999955e+03 7.245167075320645134e-02
1.061400000000000091e+03 6.903398921008277456e-02
1.062400000000000091e+03 6.402313950359142525e-02
1.062500000000000000e+03 5.990299382509224613e-02
1.063500000000000000e+03 5.624992626368301163e-02
1.063599999999999909e+03 5.045694520337094119e-02
1.064700000000000045e+03 4.300423602827523062e-02
1.064799999999999955e+03 3.699936143769666508e-02
1.065799999999999955e+03 2.998864240738460807e-02
1.065900000000000091e+03 2.288234466166914546e-02
1.066900000000000091e+03 1.615857925334398745e-02
1.067000000000000000e+03 1.138314873193887154e-02
1.068000000000000000e+03 8.451309522812427630e-03
1.068099999999999909e+03 7.555764458589830576e-03
1.069200000000000045e+03 3.996622908321544737e-03
1.070299999999999955e+03 1.811367144952138759e-03
1.070400000000000091e+03 3.356578550470605549e-03
1.071400000000000091e+03 6.480224117524835924e-03
1.071500000000000000e+03 8.089206192758730679e-03
1.072599999999999909e+03 8.095870320137182191e-03
1.073700000000000045e+03 6.563928391774754255e-03
1.074799999999999955e+03 3.855657455084108166e-03
1.075900000000000091e+03 6.228648192676682592e-03
1.077099999999999909e+03 8.390692667423520906e-03
1.078200000000000045e+03 6.903594574410592752e-03
1.079299999999999955e+03 5.871882549101022607e-03
1.080400000000000091e+03 7.200306615642576916e-03
1.080500000000000000e+03 9.592795032422891943e-03
1.081500000000000000e+03 1.209915181143980667e-02
1.081599999999999909e+03 1.388077370714652266e-02
1.082599999999999909e+03 1.529376150390026820e-02
1.082700000000000045e+03 1.586200574888455006e-02
1.083799999999999955e+03 2.143974041778864623e-02
1.084900000000000091e+03 2.583794397307332541e-02
1.085000000000000000e+03 2.665763102359058889e-02
1.086000000000000000e+03 2.351076961628509668e-02
1.086099999999999909e+03 1.984224977446156016e-02
1.087099999999999909e+03 1.390184714512601033e-02
1.087200000000000045e+03 8.659099599418648360e-03
1.088200000000000045e+03 5.890290561384338604e-03
1.088299999999999955e+03 4.679352580726272963e-03
1.089299999999999955e+03 3.085526068476626606e-03
1.089500000000000000e+03 5.427631776681414964e-03
1.090500000000000000e+03 1.020278343148059430e-02
1.090599999999999909e+03 1.447143530986192902e-02
1.091599999999999909e+03 1.718437617747099744e-02
1.091700000000000045e+03 2.057127984779373586e-02
1.092700000000000045e+03 2.186141584639240965e-02
1.092799999999999955e+03 2.741839050738133221e-02
1.093799999999999955e+03 3.537243136698303009e-02
1.094000000000000000e+03 4.032793889420215050e-02
1.094900000000000091e+03 4.176412050247642338e-02
1.095099999999999909e+03 4.313659913315333327e-02
1.096000000000000000e+03 4.620214519849000917e-02
1.096200000000000045e+03 4.537762063350080782e-02
1.097099999999999909e+03 4.269779536271811615e-02
1.097299999999999955e+03 4.128543498352634650e-02
1.098299999999999955e+03 4.333853959149096963e-02
1.098400000000000091e+03 4.874627632196697202e-02
1.099400000000000091e+03 5.576877081957505589e-02
1.099599999999999909e+03 6.018257562399894484e-02
1.100500000000000000e+03 6.285606595317666523e-02
1.100700000000000045e+03 6.508287885798647032e-02
1.101599999999999909e+03 6.686245781343580497e-02
1.101799999999999955e+03 6.530444723806051732e-02
1.102700000000000045e+03 6.455851208199048230e-02
1.102900000000000091e+03 6.525675666139199582e-02
1.103799999999999955e+03 6.951790104947987159e-02
1.104099999999999909e+03 6.966354159309119665e-02
1.104900000000000091e+03 6.941981088396660671e-02
1.105200000000000045e+03 6.879835147576350562e-02
1.106000000000000000e+03 6.868465761688583027e-02
1.106299999999999955e+03 6.779018552314623747e-02
1.107200000000000045e+03 6.736223741123209541e-02
1.107400000000000091e+03 6.701752142165594284e-02
1.108299999999999955e+03 6.778556062217154510e-02
1.108500000000000000e+03 7.053118923865900336e-02
1.109400000000000091e+03 7.476988667330394800e-02
1.109700000000000045e+03 7.506978962638685693e-02
1.110500000000000000e+03 7.165066935874314646e-02
1.110799999999999955e+03 6.735924832897983994e-02
1.111599999999999909e+03 6.565950667933830032e-02
1.111900000000000091e+03 6.527625640646533833e-02
1.112700000000000045e+03 6.493242553339736989e-02
1.113000000000000000e+03 6.391841700126935089e-02
1.113799999999999955e+03 6.094893200534515915e-02
1.114099999999999909e+03 5.886657396572707313e-02
1.114900000000000091e+03 5.895471894613769914e-02
1.115200000000000045e+03 5.878790449094856152e-02
1.116000000000000000e+03 5.593829147033822780e-02
1.116400000000000091e+03 5.560629540185973996e-02
1.117099999999999909e+03 5.961175672970873973e-02
1.117500000000000000e+03 6.381446408854278551e-02
1.118299999999999955e+03 6.544330032090517335e-02
1.118599999999999909e+03 6.438835778459764403e-02
1.119400000000000091e+03 6.195330169968392420e-02
1.119700000000000045e+03 5.767583864718044129e-02
1.120500000000000000e+03 5.322997910992181142e-02
1.120799999999999955e+03 4.865720934686923460e-02
1.121599999999999909e+03 4.412096720294812757e-02
1.122000000000000000e+03 3.988151823340731206e-02
1.122700000000000045e+03 3.842698411985770446e-02
1.123099999999999909e+03 3.656594717382921633e-02
1.123799999999999955e+03 3.448690292568207943e-02
1.124200000000000045e+03 3.197738895222428102e-02
1.124900000000000091e+03 3.057461289789888473e-02
1.125299999999999955e+03 2.814554689486108152e-02
1.126000000000000000e+03 2.706353057943957502e-02
1.126400000000000091e+03 2.664264361656674268e-02
1.127099999999999909e+03 2.936045989842574894e-02
1.127500000000000000e+03 3.384235764246444622e-02
1.128200000000000045e+03 3.938288666825704581e-02
1.128599999999999909e+03 4.080806911211840027e-02
1.129299999999999955e+03 4.270576484554668151e-02
1.129799999999999955e+03 4.189403224433970591e-02
1.130400000000000091e+03 3.917597997298725987e-02
1.130900000000000091e+03 3.737893318488626215e-02
1.131500000000000000e+03 3.336439425866882108e-02
1.132000000000000000e+03 3.035144575293903524e-02
1.132700000000000045e+03 3.025817903148800975e-02
1.133099999999999909e+03 2.999103392202313173e-02
1.133799999999999955e+03 2.926396765321977872e-02
1.134200000000000045e+03 2.844047009365307382e-02
1.134900000000000091e+03 3.132893587099720711e-02
1.135299999999999955e+03 3.417646819038526462e-02
1.136000000000000000e+03 3.774123674738996681e-02
1.136400000000000091e+03 3.842732922642726201e-02
1.137099999999999909e+03 3.644838939912881798e-02
1.137599999999999909e+03 3.432990566279442435e-02
1.138200000000000045e+03 2.894653676442655171e-02
1.138700000000000045e+03 2.580014498268862200e-02
1.139299999999999955e+03 2.630903364558660057e-02
1.139799999999999955e+03 2.387488950969685400e-02
1.140400000000000091e+03 2.354167681903462928e-02
1.140900000000000091e+03 2.589326195276686268e-02
1.141500000000000000e+03 2.990898210862978288e-02
1.142000000000000000e+03 3.255197570969761006e-02
1.142599999999999909e+03 3.720410328984191661e-02
1.143099999999999909e+03 4.162470099690461500e-02
1.143700000000000045e+03 4.524142094366856437e-02
1.144200000000000045e+03 4.658852964585213224e-02
1.144799999999999955e+03 4.575742123690454410e-02
1.145299999999999955e+03 4.092926839510162978e-02
1.145900000000000091e+03 3.879444894773419888e-02
1.146500000000000000e+03 3.533108450884428486e-02
1.147000000000000000e+03 3.266262658804985203e-02
1.147599999999999909e+03 2.936832324456976895e-02
1.148099999999999909e+03 3.261041499023872164e-02
1.148700000000000045e+03 3.567848383007031499e-02
1.149200000000000045e+03 3.747954710494278557e-02
1.149799999999999955e+03 3.439645968885085558e-02
1.150299999999999955e+03 3.291988997436659514e-02
1.150900000000000091e+03 3.192267324602932749e-02
1.151400000000000091e+03 3.139740979132085719e-02
1.152000000000000000e+03 2.665641545223702835e-02
1.152500000000000000e+03 2.200757897290776463e-02
1.153099999999999909e+03 1.769416369713164988e-02
1.153599999999999909e+03 1.837962022823797642e-02
1.154200000000000045e+03 1.489694379518533181e-02
1.154700000000000045e+03 1.373989747829510409e-02
1.155299999999999955e+03 1.175111751409451538e-02
1.155799999999999955e+03 1.193210000760006745e-02
1.156400000000000091e+03 1.202160501284833469e-02
1.156900000000000091e+03 1.518884961314137874e-02
1.157500000000000000e+03 1.477186358057767934e-02
1.158000000000000000e+03 1.542023068742799131e-02
1.158700000000000045e+03 1.847632470112071934e-02
1.159099999999999909e+03 2.020049489754540545e-02
1.159799999999999955e+03 2.005712718316851606e-02
1.160200000000000045e+03 2.075818637033614855e-02
1.160900000000000091e+03 2.149381520935541440e-02
1.161299999999999955e+03 2.367587141400806505e-02
1.162000000000000000e+03 2.602933312477380412e-02
1.162400000000000091e+03 2.877743953265358978e-02
1.163099999999999909e+03 2.908899473471802943e-02
1.163500000000000000e+03 3.223459522275601979e-02
1.164200000000000045e+03 3.552387866266785987e-02
1.164599999999999909e+03 3.460884990576813813e-02
1.165299999999999955e+03 3.246376921744375393e-02
1.165700000000000045e+03 2.838220941731376540e-02
1.166400000000000091e+03 2.567567214984942114e-02
1.166799999999999955e+03 2.281448390208644372e-02
1.167500000000000000e+03 1.870010764303990311e-02
1.167900000000000091e+03 1.610102101550227663e-02
1.168599999999999909e+03 1.741269474431950820e-02
1.169000000000000000e+03 2.001510970321007665e-02
1.169700000000000045e+03 2.313660854622806573e-02
1.170099999999999909e+03 2.832023188166245264e-02
1.170799999999999955e+03 2.980104283378739310e-02
1.171200000000000045e+03 3.113677944033441114e-02
1.171900000000000091e+03 3.135477951297263588e-02
1.172299999999999955e+03 3.071178977269165347e-02
1.173000000000000000e+03 2.905183799506691825e-02
1.173400000000000091e+03 2.933853189806288203e-02
1.174099999999999909e+03 2.969264944956217372e-02
1.174500000000000000e+03 3.106689321428104944e-02
1.175200000000000045e+03 3.348614554821544020e-02
1.175599999999999909e+03 3.832884462633264627e-02
1.176299999999999955e+03 4.057091020372563528e-02
1.176700000000000045e+03 4.398999592295236433e-02
1.177400000000000091e+03 4.648107164396299978e-02
1.177799999999999955e+03 5.020997772656923819e-02
1.178500000000000000e+03 5.185733040915478653e-02
1.178900000000000091e+03 5.139903094179746473e-02
1.179599999999999909e+03 5.064643101040923467e-02
1.180000000000000000e+03 5.049965044545677573e-02
1.180799999999999955e+03 4.956761842921731526e-02
1.181099999999999909e+03 5.058876149229211278e-02
1.181900000000000091e+03 5.135114090801103093e-02
1.182200000000000045e+03 5.037329492395656305e-02
1.183000000000000000e+03 4.994212729206336243e-02
1.183299999999999955e+03 5.352708555335443374e-02
1.184099999999999909e+03 5.755365945343322853e-02
1.184400000000000091e+03 5.915710385277421490e-02
1.185200000000000045e+03 5.737223473630785608e-02
1.185500000000000000e+03 5.686656608863334406e-02
1.186299999999999955e+03 5.651721859864516917e-02
1.186599999999999909e+03 5.541479365327649231e-02
1.187400000000000091e+03 5.423820811054259894e-02
1.187700000000000045e+03 4.966867457979402822e-02
1.188500000000000000e+03 4.387437072884477901e-02
1.188799999999999955e+03 4.307681094365578556e-02
1.189599999999999909e+03 4.292257653360984776e-02
1.189900000000000091e+03 3.865753560641652098e-02
1.190700000000000045e+03 3.196967686146971743e-02
1.191000000000000000e+03 2.847607542583165466e-02
1.191799999999999955e+03 2.544513102984315850e-02
1.192099999999999909e+03 2.208697399803954964e-02
1.192900000000000091e+03 2.087650773122315048e-02
1.193200000000000045e+03 1.748519218692016694e-02
1.194000000000000000e+03 1.607390363200644767e-02
1.194299999999999955e+03 1.719292412153525240e-02
1.195099999999999909e+03 1.649013358968494034e-02
1.195400000000000091e+03 1.426842080686661733e-02
1.196200000000000045e+03 1.339293363977644979e-02
1.196400000000000091e+03 1.389278763134789083e-02
1.197299999999999955e+03 1.393228704856845461e-02
1.197500000000000000e+03 9.757689290353980388e-03
1.198400000000000091e+03 5.762132153251395619e-03
1.198599999999999909e+03 6.019109634226710998e-03
1.199500000000000000e+03 8.251052647546625735e-03
1.199700000000000045e+03 9.928825770333162340e-03
1.200599999999999909e+03 9.387715862169009398e-03
1.200799999999999955e+03 1.166943742038006361e-02
1.201599999999999909e+03 1.558936488303032386e-02
1.201900000000000091e+03 1.756271113690479474e-02
1.202700000000000045e+03 1.852727240016727520e-02
1.203000000000000000e+03 1.610566740170378541e-02
1.203799999999999955e+03 1.574555894827909044e-02
1.204099999999999909e+03 1.758016898326825520e-02
1.204900000000000091e+03 1.741166647992649363e-02
1.205200000000000045e+03 1.914132010219079735e-02
1.206000000000000000e+03 2.269309322677352803e-02
1.206299999999999955e+03 2.748511803906300566e-02
1.207099999999999909e+03 2.970670913374306304e-02
1.207400000000000091e+03 3.327567092570385410e-02
1.208200000000000045e+03 3.816385354056689438e-02
1.208500000000000000e+03 3.888417042368542964e-02
1.209299999999999955e+03 3.846733623302742155e-02
1.209599999999999909e+03 3.522659807611452226e-02
1.210400000000000091e+03 3.277558684303617798e-02
1.210599999999999909e+03 3.140377974977210523e-02
1.211500000000000000e+03 2.929028702661862216e-02
1.211700000000000045e+03 2.515884221412214433e-02
1.212599999999999909e+03 2.302523575446805207e-02
1.212799999999999955e+03 2.414306826221975649e-02
1.213700000000000045e+03 2.206594811550666863e-02
1.213900000000000091e+03 1.739481550684814776e-02
1.214799999999999955e+03 1.534195907065972683e-02
1.215000000000000000e+03 1.144799503725709572e-02
1.215900000000000091e+03 8.998707048217606877e-03
1.216099999999999909e+03 8.294715656130748072e-03
1.217000000000000000e+03 8.062687769470989335e-03
1.217200000000000045e+03 1.020306210061779247e-02
1.218099999999999909e+03 1.510594537097242548e-02
1.218299999999999955e+03 1.934013456984063142e-02
1.219200000000000045e+03 1.964205356480514322e-02
1.219400000000000091e+03 1.878193336574415437e-02
1.220299999999999955e+03 1.581566158342376932e-02
1.220500000000000000e+03 1.003986566134998024e-02
1.221400000000000091e+03 8.421241454460258805e-03
1.221500000000000000e+03 1.105681127329118281e-02
1.222500000000000000e+03 1.505741327090622320e-02
1.222599999999999909e+03 1.974329931829002169e-02
1.223500000000000000e+03 2.540136838292171573e-02
1.223700000000000045e+03 3.247802490880493526e-02
1.224599999999999909e+03 3.736914785585163101e-02
1.224799999999999955e+03 3.803435225164107647e-02
1.225700000000000045e+03 3.433704201458837729e-02
1.225900000000000091e+03 3.009778256992519385e-02
1.226799999999999955e+03 2.715524360719957092e-02
1.227000000000000000e+03 2.773417398168690623e-02
1.227900000000000091e+03 2.652438916205913239e-02
1.228099999999999909e+03 2.330117201186754014e-02
1.229000000000000000e+03 2.114336609784900692e-02
1.229200000000000045e+03 2.422507001249044750e-02
1.230099999999999909e+03 2.757809809428831901e-02
1.230299999999999955e+03 2.836865664062894477e-02
1.231200000000000045e+03 3.092278977672188733e-02
1.231299999999999955e+03 3.277087986985079138e-02
1.232299999999999955e+03 3.538384444197898576e-02
1.232400000000000091e+03 3.727168528613879206e-02
1.233400000000000091e+03 3.448960578210024525e-02
1.233500000000000000e+03 3.065889629805553657e-02
1.234500000000000000e+03 2.969920214748173609e-02
1.234599999999999909e+03 3.219985857634478921e-02
1.235500000000000000e+03 2.984002932863621255e-02
1.235700000000000045e+03 2.754433959666881954e-02
1.236599999999999909e+03 2.681490753993844012e-02
1.236799999999999955e+03 2.699804761075155074e-02
1.237700000000000045e+03 2.782925812495495865e-02
1.237900000000000091e+03 2.644340320513859088e-02
1.238799999999999955e+03 3.103279298503725664e-02
1.238900000000000091e+03 3.615270061763049825e-02
1.239900000000000091e+03 4.006700863009115404e-02
1.240000000000000000e+03 4.213216074611792622e-02
1.241000000000000000e+03 4.172832732716298676e-02
1.241099999999999909e+03 4.026535562212022606e-02
1.242099999999999909e+03 3.527415042749458551e-02
1.242200000000000045e+03 3.034397441103547921e-02
1.243200000000000045e+03 2.662741484462127078e-02
1.243299999999999955e+03 2.360712400848984094e-02
1.244299999999999955e+03 2.325260378333618080e-02
1.244400000000000091e+03 2.287604716938568955e-02
1.245299999999999955e+03 1.988577688765227197e-02
1.245500000000000000e+03 1.797744813667965375e-02
1.246400000000000091e+03 2.016658585307143370e-02
1.246500000000000000e+03 1.833718046504678387e-02
1.247500000000000000e+03 1.650765270309459409e-02
1.247599999999999909e+03 1.383682073966854831e-02
1.248599999999999909e+03 1.510615074715639800e-02
1.248700000000000045e+03 1.695826976194310040e-02
1.249700000000000045e+03 1.587678617344126172e-02
1.249799999999999955e+03 1.891805799722725764e-02
1.250799999999999955e+03 2.011490243628591759e-02
1.250900000000000091e+03 1.990475779862318703e-02
1.251900000000000091e+03 2.283414427801932350e-02
1.252000000000000000e+03 2.261899798988659810e-02
1.252900000000000091e+03 2.579678244024214209e-02
1.253000000000000000e+03 2.804805952761445578e-02
1.254000000000000000e+03 3.347607292887280761e-02
1.254099999999999909e+03 3.792960124966945901e-02
1.255099999999999909e+03 4.016034154650895138e-02
1.255200000000000045e+03 3.979950306491825823e-02
1.256200000000000045e+03 3.714026576959880005e-02
1.256299999999999955e+03 3.473178967405366607e-02
1.257299999999999955e+03 3.322274965148825504e-02
1.257400000000000091e+03 3.060352601222998334e-02
1.258400000000000091e+03 3.052025187072597567e-02
1.258500000000000000e+03 3.179875769486777831e-02
1.259500000000000000e+03 3.268736162749529689e-02
1.260500000000000000e+03 3.328838711330300154e-02
1.260599999999999909e+03 3.309356722006283336e-02
1.261599999999999909e+03 3.149245318194009852e-02
1.261700000000000045e+03 2.708192870938572194e-02
1.262700000000000045e+03 2.174918563578009251e-02
1.262799999999999955e+03 1.636330848571084309e-02
1.263799999999999955e+03 1.356143730984375219e-02
1.263900000000000091e+03 1.357005907378183718e-02
1.264900000000000091e+03 1.843926013836700434e-02
1.266000000000000000e+03 2.398670030569687028e-02
1.267000000000000000e+03 2.812282988988146909e-02
1.267099999999999909e+03 2.949835068197603771e-02
1.268099999999999909e+03 3.197945487451941265e-02
1.268200000000000045e+03 3.036323330340690019e-02
1.269200000000000045e+03 3.069869318110125811e-02
1.269299999999999955e+03 2.809786705902921761e-02
1.270299999999999955e+03 2.837286412407145561e-02
1.271400000000000091e+03 2.903170089602588946e-02
1.272400000000000091e+03 3.355200348727387094e-02
1.272500000000000000e+03 4.131632208586431126e-02
1.273500000000000000e+03 4.652654844799836154e-02
1.273599999999999909e+03 4.841132166679171234e-02
1.274599999999999909e+03 5.290509027696018579e-02
1.274700000000000045e+03 5.612485497734208406e-02
1.275700000000000045e+03 6.085929594613020965e-02
1.276799999999999955e+03 5.792233999650940601e-02
1.277799999999999955e+03 5.556812494176588402e-02
1.277900000000000091e+03 4.981451579058610718e-02
1.278900000000000091e+03 4.427572448042333547e-02
1.279000000000000000e+03 4.332573528940353302e-02
1.280000000000000000e+03 4.469846569933392383e-02
1.280099999999999909e+03 4.385129412919306496e-02
1.281099999999999909e+03 4.663432762632836737e-02
1.282200000000000045e+03 4.873756029741567464e-02
1.283200000000000045e+03 5.271294742953426538e-02
1.283299999999999955e+03 5.514248565384745338e-02
1.284299999999999955e+03 5.858911948386835711e-02
1.284400000000000091e+03 5.832689978193802971e-02
1.285400000000000091e+03 5.489545919111205041e-02
1.286500000000000000e+03 5.380248426969481967e-02
1.287599999999999909e+03 5.525753349495496347e-02
1.288599999999999909e+03 5.557353547519833931e-02
1.288700000000000045e+03 6.045117589865443841e-02
1.289700000000000045e+03 6.226200676460802441e-02
1.290799999999999955e+03 6.336604007796647897e-02
1.291900000000000091e+03 6.691193023654649907e-02
1.292900000000000091e+03 7.061003025494835827e-02
1.293000000000000000e+03 7.194801060027100625e-02
1.294000000000000000e+03 6.994048360425977884e-02
1.295099999999999909e+03 7.080928501726765911e-02
1.296200000000000045e+03 7.206422809458072620e-02
1.297200000000000045e+03 7.517154037038351055e-02
1.297299999999999955e+03 8.202054756332724517e-02
1.298299999999999955e+03 8.350524030012645982e-02
1.298400000000000091e+03 8.773542145656831881e-02
1.299400000000000091e+03 9.483633379691647214e-02
1.300500000000000000e+03 1.005419108482453749e-01
1.301500000000000000e+03 1.036393470170150211e-01
1.301599999999999909e+03 1.041898450456028163e-01
1.302599999999999909e+03 1.053132473266588098e-01
1.303700000000000045e+03 1.048595733005956709e-01
1.304799999999999955e+03 1.042805958732084814e-01
1.305799999999999955e+03 1.056246469355426043e-01
1.305900000000000091e+03 1.094329184395553545e-01
1.306900000000000091e+03 1.164775538836347046e-01
1.308000000000000000e+03 1.223169673613318242e-01
1.309099999999999909e+03 1.257812106667316188e-01
1.310099999999999909e+03 1.262200913909335698e-01
1.310200000000000045e+03 1.264990229418830325e-01
1.311200000000000045e+03 1.278961747853776809e-01
1.312299999999999955e+03 1.289732110283630107e-01
1.313299999999999955e+03 1.253917416421014286e-01
1.314400000000000091e+03 1.226586656665782787e-01
1.315500000000000000e+03 1.228605189998565189e-01
1.316599999999999909e+03 1.215998952580452236e-01
1.317599999999999909e+03 1.174368928054574102e-01
1.318700000000000045e+03 1.134915936345964188e-01
1.319799999999999955e+03 1.113326324278095802e-01
1.320799999999999955e+03 1.078856685186384834e-01
1.321900000000000091e+03 1.074555483992584715e-01
1.323000000000000000e+03 1.079509983278194862e-01
1.324000000000000000e+03 1.068330194972999247e-01
1.325099999999999909e+03 1.022552835923379311e-01
1.326200000000000045e+03 1.004025876394451788e-01
1.327299999999999955e+03 1.002625139883223243e-01
1.328299999999999955e+03 9.710483627308823251e-02
1.329400000000000091e+03 9.532272802035275661e-02
1.330500000000000000e+03 8.981443129840203932e-02
1.331500000000000000e+03 8.232225426591227579e-02
1.332599999999999909e+03 7.855649831555926166e-02
1.333700000000000045e+03 7.958276632553579200e-02
1.334700000000000045e+03 7.916742991689629250e-02
1.335799999999999955e+03 7.719708902612690271e-02
1.336900000000000091e+03 7.814762650679690781e-02
1.337900000000000091e+03 7.866093893667520931e-02
1.339000000000000000e+03 7.842291002487122853e-02
1.340099999999999909e+03 7.209036468121962637e-02
1.341099999999999909e+03 5.913496062484681348e-02
1.342200000000000045e+03 4.961327884333040228e-02
1.343299999999999955e+03 4.531283321339758807e-02
1.344299999999999955e+03 4.437728477694590640e-02
1.345400000000000091e+03 4.289241281121714683e-02
1.346400000000000091e+03 4.656190770053969530e-02
1.347500000000000000e+03 4.858168026545356399e-02
1.348599999999999909e+03 5.155010086266603037e-02
1.349599999999999909e+03 5.478775314594057366e-02
1.350700000000000045e+03 5.115789686806553049e-02
1.351799999999999955e+03 3.974422193483070909e-02
1.352799999999999955e+03 3.113787055194619513e-02
1.353900000000000091e+03 2.983270027913405981e-02
1.355000000000000000e+03 3.021139068358508206e-02
1.356000000000000000e+03 3.137294604352056093e-02
1.357099999999999909e+03 3.668000423423506406e-02
1.358099999999999909e+03 4.404554110212337975e-02
1.359200000000000045e+03 4.997227384341501599e-02
1.360299999999999955e+03 5.469961390966907033e-02
1.361299999999999955e+03 5.799084933140593451e-02
1.362400000000000091e+03 5.345056354397215159e-02
1.363400000000000091e+03 5.484129879579023592e-02
1.364500000000000000e+03 6.086146634311079273e-02
1.365599999999999909e+03 6.547624198556005470e-02
1.366599999999999909e+03 6.774472516390679655e-02
1.367700000000000045e+03 7.128767743618311115e-02
1.368700000000000045e+03 7.430853465889800114e-02
1.369799999999999955e+03 6.873331895867364205e-02
1.370900000000000091e+03 6.415568898015583388e-02
1.371900000000000091e+03 6.113208807481088081e-02
1.373000000000000000e+03 5.731837325690358753e-02
1.374000000000000000e+03 5.589158009851891151e-02
1.375099999999999909e+03 5.592130413468990313e-02
1.376200000000000045e+03 5.862110832930934878e-02
1.377200000000000045e+03 5.944804046272071651e-02
1.378299999999999955e+03 6.743264718211479380e-02
1.379299999999999955e+03 7.473068652110279042e-02
1.380400000000000091e+03 7.631550306997419986e-02
1.381400000000000091e+03 7.979210842948478155e-02
1.382500000000000000e+03 8.440027654927753642e-02
1.383599999999999909e+03 8.635751541588013169e-02
1.384599999999999909e+03 8.377554591332282696e-02
1.385700000000000045e+03 7.780749118893898197e-02
1.386700000000000045e+03 7.403510175655766967e-02
1.387799999999999955e+03 6.764008679337328578e-02
1.388799999999999955e+03 6.687813805182800386e-02
1.389900000000000091e+03 6.241779370712031982e-02
1.390900000000000091e+03 5.977467362842012188e-02
1.392000000000000000e+03 6.416731354423066414e-02
1.393000000000000000e+03 7.085523089113196504e-02
1.394099999999999909e+03 7.218781742125433831e-02
1.395200000000000045e+03 7.194670952790054030e-02
1.396200000000000045e+03 7.275691176691979900e-02
1.397299999999999955e+03 7.905387543022886210e-02
1.398299999999999955e+03 8.552746739006057697e-02
1.399400000000000091e+03 9.164423336731949976e-02
1.400400000000000091e+03 9.748983394621571485e-02
1.401500000000000000e+03 1.067337216050879140e-01
1.402500000000000000e+03 1.177289847483175000e-01
1.403599999999999909e+03 1.292312658362298750e-01
1.404599999999999909e+03 1.351854245969321411e-01
1.405700000000000045e+03 1.431999823913437386e-01
1.406700000000000045e+03 1.547562227779144817e-01
1.407799999999999955e+03 1.686774796428212042e-01
1.408799999999999955e+03 1.788346717840882394e-01
1.409900000000000091e+03 1.880110933947924667e-01
1.410900000000000091e+03 1.975842336668189037e-01
1.412000000000000000e+03 2.034514902942820558e-01
1.413000000000000000e+03 2.060376623420487330e-01
1.414099999999999909e+03 2.092479670588155427e-01
1.415099999999999909e+03 2.043749899914310553e-01
1.416200000000000045e+03 1.931687125945551753e-01
1.417200000000000045e+03 1.799789641553874164e-01
1.418299999999999955e+03 1.661403827210104489e-01
1.419299999999999955e+03 1.533649200432061488e-01
1.420400000000000091e+03 1.451658445656661411e-01
1.421400000000000091e+03 1.374292629079394423e-01
1.422500000000000000e+03 1.307200346211185582e-01
1.423500000000000000e+03 1.275119733420954082e-01
1.424599999999999909e+03 1.250986736010874512e-01
1.425599999999999909e+03 1.204714730634404152e-01
1.426599999999999909e+03 1.134573416815705671e-01
1.427700000000000045e+03 1.088702756160626894e-01
1.428700000000000045e+03 1.046627353274725003e-01
1.429799999999999955e+03 1.030902260825761751e-01
1.430799999999999955e+03 1.003906836823281051e-01
1.431900000000000091e+03 9.626677824580257004e-02
1.432900000000000091e+03 9.334903221638478354e-02
1.434000000000000000e+03 9.105675228635473628e-02
1.435000000000000000e+03 8.585153373027094859e-02
1.436099999999999909e+03 8.352438463884559461e-02
1.437099999999999909e+03 8.114761170668879919e-02
1.438099999999999909e+03 7.888706603232543968e-02
1.439200000000000045e+03 7.349315943457015998e-02
1.440200000000000045e+03 7.061359020196948666e-02
1.441299999999999955e+03 7.063738342458841801e-02
1.442299999999999955e+03 6.979244727206211640e-02
1.443400000000000091e+03 6.792204346232821877e-02
1.444400000000000091e+03 6.464173175048695819e-02
1.445400000000000091e+03 6.275860279336897829e-02
1.446500000000000000e+03 6.479536076283887169e-02
1.447500000000000000e+03 6.594245372019513773e-02
1.448599999999999909e+03 6.632348431098121500e-02
1.449599999999999909e+03 6.600956237532887294e-02
1.450700000000000045e+03 6.692417128472902266e-02
1.451700000000000045e+03 6.555744263793600313e-02
1.452700000000000045e+03 6.150031981936059100e-02
1.453799999999999955e+03 6.007362348011209552e-02
1.454799999999999955e+03 5.981352048125058996e-02
1.455900000000000091e+03 5.797150791900599481e-02
1.456900000000000091e+03 5.588815843520755777e-02
1.457900000000000091e+03 5.267565933769829956e-02
1.459000000000000000e+03 5.167678507515119368e-02
1.460000000000000000e+03 5.103377394435654885e-02
1.461099999999999909e+03 5.013716003335039889e-02
1.462099999999999909e+03 4.747329147450138342e-02
1.463099999999999909e+03 4.860256961133915810e-02
1.464200000000000045e+03 4.955219401083866410e-02
1.465200000000000045e+03 4.762522109010687565e-02
1.466200000000000045e+03 3.866412571974135737e-02
1.467299999999999955e+03 3.183718322153572533e-02
1.468299999999999955e+03 2.484568068220021492e-02
1.469400000000000091e+03 2.288590065462636075e-02
1.470400000000000091e+03 2.048243648511792470e-02
1.471400000000000091e+03 2.110229799748435803e-02
1.472500000000000000e+03 2.363895271072380400e-02
1.473500000000000000e+03 3.038043663884933826e-02
1.474500000000000000e+03 3.414145226764520730e-02
1.475599999999999909e+03 3.751204582034875501e-02
1.476599999999999909e+03 3.585529295844300940e-02
1.477599999999999909e+03 3.637425805171586729e-02
1.478700000000000045e+03 3.466261197332053123e-02
1.479700000000000045e+03 3.059423775365868736e-02
1.480799999999999955e+03 2.392186398614003923e-02
1.481799999999999955e+03 1.518938137087458111e-02
1.482799999999999955e+03 8.767336383471694208e-03
1.483900000000000091e+03 7.156983187140385227e-03
1.484900000000000091e+03 6.797883465464152689e-03
1.485900000000000091e+03 1.021643900653745538e-02
1.487000000000000000e+03 1.325749282543865065e-02
1.488000000000000000e+03 1.729935266536363273e-02
1.489000000000000000e+03 2.111323482517050293e-02
1.490099999999999909e+03 2.156667847867423798e-02
1.491099999999999909e+03 2.128845398562987171e-02
1.492099999999999909e+03 1.792704820886318468e-02
1.493200000000000045e+03 1.590175503319518624e-02
1.494200000000000045e+03 1.458436736011553547e-02
1.495200000000000045e+03 1.371990945814688563e-02
1.496200000000000045e+03 1.587832843616292233e-02
1.497299999999999955e+03 1.735645642039805245e-02
1.498299999999999955e+03 1.914067069476680857e-02
1.499299999999999955e+03 2.207879095703216277e-02
1.500400000000000091e+03 2.480764962157433473e-02
1.501400000000000091e+03 3.090830255383476138e-02
1.502400000000000091e+03 3.564885985828727261e-02
1.503500000000000000e+03 3.552749134508587786e-02
1.504500000000000000e+03 3.494342406052433625e-02
1.505500000000000000e+03 3.173005809852632447e-02
1.506500000000000000e+03 2.639162367589462446e-02
1.507599999999999909e+03 1.844642583641468991e-02
1.508599999999999909e+03 8.142644299926827395e-03
1.509599999999999909e+03 2.449251311841245914e-03
1.510700000000000045e+03 2.641614370808126420e-03
1.511700000000000045e+03 8.967173114204824574e-03
1.512700000000000045e+03 1.591077773185450503e-02
1.513700000000000045e+03 2.347682789618661670e-02
1.514799999999999955e+03 2.907508668772642441e-02
1.515799999999999955e+03 2.966180106649694143e-02
1.516799999999999955e+03 2.914130172706280025e-02
1.517900000000000091e+03 2.591327839968991104e-02
1.518900000000000091e+03 2.084704585012089190e-02
1.519900000000000091e+03 1.696491441056669630e-02
1.520900000000000091e+03 1.169457955424755592e-02
1.522000000000000000e+03 8.161629300095635947e-03
1.523000000000000000e+03 7.392992417297532606e-03
1.524000000000000000e+03 9.511340609479782687e-03
1.525000000000000000e+03 8.522717885648223995e-03
1.526099999999999909e+03 6.131048691981359419e-03
1.527099999999999909e+03 8.516011268696926234e-03
1.528099999999999909e+03 1.138655084606233353e-02
1.529099999999999909e+03 1.727634182359255935e-02
1.530200000000000045e+03 1.845622348441682339e-02
1.531200000000000045e+03 1.899705644931973247e-02
1.532200000000000045e+03 2.137072382680864358e-02
1.533200000000000045e+03 2.575624731429033629e-02
1.534299999999999955e+03 3.004564224875552053e-02
1.535299999999999955e+03 3.070889415882859658e-02
1.536299999999999955e+03 2.882218104913843865e-02
1.537299999999999955e+03 3.107366314155418294e-02
1.538299999999999955e+03 3.134767102501630903e-02
1.539400000000000091e+03 3.225210864829800017e-02
1.540400000000000091e+03 3.355260451285192735e-02
1.541400000000000091e+03 3.781500883164838622e-02
1.542400000000000091e+03 4.415349266793925503e-02
1.543500000000000000e+03 5.135337265747651203e-02
1.544500000000000000e+03 5.234251837510996846e-02
1.545500000000000000e+03 4.947498906121493290e-02
1.546500000000000000e+03 4.557364574452523603e-02
1.547500000000000000e+03 4.379460121356029689e-02
1.548599999999999909e+03 4.204932149491261845e-02
1.549599999999999909e+03 3.850853351188782137e-02
1.550599999999999909e+03 3.613386980065921850e-02
1.551599999999999909e+03 3.876662281668744048e-02
1.552599999999999909e+03 4.514203135918629095e-02
1.553700000000000045e+03 5.061290203533395926e-02
1.554700000000000045e+03 5.453630663817593538e-02
1.555700000000000045e+03 6.070568688619251696e-02
1.556700000000000045e+03 6.690263950351484079e-02
1.557700000000000045e+03 7.292966424686882221e-02
1.558700000000000045e+03 8.210041643220002128e-02
1.559799999999999955e+03 8.514135790749399746e-02
1.560799999999999955e+03 8.740128930879619007e-02
1.561799999999999955e+03 9.288500492551311771e-02
1.562799999999999955e+03 9.831350563752999649e-02
1.563799999999999955e+03 1.039017511630891122e-01
1.564900000000000091e+03 1.129389073578621616e-01
1.565900000000000091e+03 1.206439866721334964e-01
1.566900000000000091e+03 1.220527565599758002e-01
1.567900000000000091e+03 1.202336831797018724e-01
1.568900000000000091e+03 1.207846668999411344e-01
1.569900000000000091e+03 1.160291193715981550e-01
1.570900000000000091e+03 1.149868918658315253e-01
1.572000000000000000e+03 1.123549889898691340e-01
1.573000000000000000e+03 1.096921889615250778e-01
1.574000000000000000e+03 1.135967666505365431e-01
1.575000000000000000e+03 1.166351962464083070e-01
1.576000000000000000e+03 1.183707313476448364e-01
1.577000000000000000e+03 1.232466271248879031e-01
1.578000000000000000e+03 1.288539387329244168e-01
1.579099999999999909e+03 1.353595977493718960e-01
1.580099999999999909e+03 1.402939712518185278e-01
1.581099999999999909e+03 1.474315563196966494e-01
1.582099999999999909e+03 1.493085999147865106e-01
1.583099999999999909e+03 1.492028529738456677e-01
1.584099999999999909e+03 1.516585435180535790e-01
1.585099999999999909e+03 1.466186062480068220e-01
1.586200000000000045e+03 1.432570532482824732e-01
1.587200000000000045e+03 1.441517013773846168e-01
1.588200000000000045e+03 1.459367683627827150e-01
1.589200000000000045e+03 1.460227207286773909e-01
1.590200000000000045e+03 1.494630957593982568e-01
1.591200000000000045e+03 1.557475216310181265e-01
1.592200000000000045e+03 1.605076376917462799e-01
1.593200000000000045e+03 1.638478407838147022e-01
1.594200000000000045e+03 1.700396171386349131e-01
1.595299999999999955e+03 1.728092256664516824e-01
1.596299999999999955e+03 1.756360022634110840e-01
1.597299999999999955e+03 1.785524851420526582e-01
1.598299999999999955e+03 1.806627995556934207e-01
1.599299999999999955e+03 1.822369955928552221e-01
1.600299999999999955e+03 1.873220005844972169e-01
1.601299999999999955e+03 1.915792285868932743e-01
1.602299999999999955e+03 1.937692897202185627e-01
1.603299999999999955e+03 1.969637233880615068e-01
1.604299999999999955e+03 1.997812889757368815e-01
1.605299999999999955e+03 2.062304930681470583e-01
1.606400000000000091e+03 2.084608601580888454e-01
1.607400000000000091e+03 2.066565587015704031e-01
1.608400000000000091e+03 2.022349530193346956e-01
1.609400000000000091e+03 2.025911681773476802e-01
1.610400000000000091e+03 2.040651094373605590e-01
1.611400000000000091e+03 2.016488788847779490e-01
1.612400000000000091e+03 1.951159563055987478e-01
1.613400000000000091e+03 1.870195000175479128e-01
1.614400000000000091e+03 1.781092503260122695e-01
1.615400000000000091e+03 1.711544657271322767e-01
1.616400000000000091e+03 1.605990187540755620e-01
1.617400000000000091e+03 1.486243103522019715e-01
1.618400000000000091e+03 1.357611158795757056e-01
1.619400000000000091e+03 1.274374566017554000e-01
1.620400000000000091e+03 1.216633390001815307e-01
1.621400000000000091e+03 1.136770821359293221e-01
1.622500000000000000e+03 1.023799450003884393e-01
1.623500000000000000e+03 9.439177809712356870e-02
1.624500000000000000e+03 9.093698476605635572e-02
1.625500000000000000e+03 9.144468182507919929e-02
1.626500000000000000e+03 9.634976255701963033e-02
1.627500000000000000e+03 1.000347838305586379e-01
1.628500000000000000e+03 1.021861283571889600e-01
1.629500000000000000e+03 1.050679551941269829e-01
1.630500000000000000e+03 1.037655703883165192e-01
1.631500000000000000e+03 9.517725911772158265e-02
1.632500000000000000e+03 8.316089847905916432e-02
1.633500000000000000e+03 7.357697241852194370e-02
1.634500000000000000e+03 6.564761222505169358e-02
1.635500000000000000e+03 6.104396928579854109e-02
1.636500000000000000e+03 5.747397170202935002e-02
1.637500000000000000e+03 5.347838192185294659e-02
1.638500000000000000e+03 5.141402078781608792e-02
1.639500000000000000e+03 4.677418054649806756e-02
1.640500000000000000e+03 4.042543352438521254e-02
1.641500000000000000e+03 3.431490576071980630e-02
1.642500000000000000e+03 3.252526221198369372e-02
1.643500000000000000e+03 3.280935590785765549e-02
1.644500000000000000e+03 3.204145506887455530e-02
1.645500000000000000e+03 2.940332882965914635e-02
1.646500000000000000e+03 2.679441509807569538e-02
1.647500000000000000e+03 2.428758607290904675e-02
1.648500000000000000e+03 2.267954742063948981e-02
1.649500000000000000e+03 1.938220490432135401e-02
1.650500000000000000e+03 1.761585636108057434e-02
1.651500000000000000e+03 1.821298820857549655e-02
1.652500000000000000e+03 1.990945928202220508e-02
1.653500000000000000e+03 2.018423804059374729e-02
1.654500000000000000e+03 2.086768304707751695e-02
1.655500000000000000e+03 2.215054170736175526e-02
1.656500000000000000e+03 2.175863118126248469e-02
1.657500000000000000e+03 2.264966145798129674e-02
1.658500000000000000e+03 2.227820703300486052e-02
1.659500000000000000e+03 1.935583186690649493e-02
1.660500000000000000e+03 1.656932781901590893e-02
1.661500000000000000e+03 1.489119554114253126e-02
1.662500000000000000e+03 1.259729731584254171e-02
1.663500000000000000e+03 1.426553925494912500e-02
1.664500000000000000e+03 1.696316785372531388e-02
1.665500000000000000e+03 2.113318054116153366e-02
1.666400000000000091e+03 2.287224296416454777e-02
1.667400000000000091e+03 2.495669101526049732e-02
1.668400000000000091e+03 2.672171649608227895e-02
1.669400000000000091e+03 2.464371679130307122e-02
1.670400000000000091e+03 2.000633898958345883e-02
1.671400000000000091e+03 1.613361587101660652e-02
1.672400000000000091e+03 1.213033230641167790e-02
1.673400000000000091e+03 1.189197369509567039e-02
1.674400000000000091e+03 9.710091044091498369e-03
1.675400000000000091e+03 1.049298817254134056e-02
1.676400000000000091e+03 1.190479808313225918e-02
1.677400000000000091e+03 1.357946966152223482e-02
1.678400000000000091e+03 1.889744655990070743e-02
1.679400000000000091e+03 2.257472099867375431e-02
1.680400000000000091e+03 2.418295771681172601e-02
1.681400000000000091e+03 2.784705272348703825e-02
1.682299999999999955e+03 2.963522965879211712e-02
1.683299999999999955e+03 2.897953230279150250e-02
1.684299999999999955e+03 2.839922566026957529e-02
1.685299999999999955e+03 2.677572603252814654e-02
1.686299999999999955e+03 2.266464168805758239e-02
1.687299999999999955e+03 1.707206944885462929e-02
1.688299999999999955e+03 1.385965097814420566e-02
1.689299999999999955e+03 1.198179820551217335e-02
1.690299999999999955e+03 1.383989739511314911e-02
1.691299999999999955e+03 1.520443204575413348e-02
1.692299999999999955e+03 1.620623594038226103e-02
1.693200000000000045e+03 1.726876498938396606e-02
1.694200000000000045e+03 1.960397866168466993e-02
1.695200000000000045e+03 2.124444763203717570e-02
1.696200000000000045e+03 2.221910824837571019e-02
1.697200000000000045e+03 2.260557077553357330e-02
1.698200000000000045e+03 2.232993712600657432e-02
1.699200000000000045e+03 2.288797256270815039e-02
1.700200000000000045e+03 2.686190718667562718e-02
1.701200000000000045e+03 2.621113457611606162e-02
1.702099999999999909e+03 3.225226382665457442e-02
1.703099999999999909e+03 1.662986822553192551e-02
1.704099999999999909e+03 1.924499365869101336e-02
1.705099999999999909e+03 1.191617688218300081e-02
1.706099999999999909e+03 1.449479092756096078e-02
1.707099999999999909e+03 2.114869669715214312e-02
1.708099999999999909e+03 2.323563292398924188e-02
1.709099999999999909e+03 1.447355346838604881e-02
1.710000000000000000e+03 2.267605502642688897e-02
1.711000000000000000e+03 1.937126160241866776e-02
1.712000000000000000e+03 8.767072648717256014e-03
1.713000000000000000e+03 4.064704334078644669e-03
1.714000000000000000e+03 2.367795746484558511e-02
1.715000000000000000e+03 3.762228065891157214e-02
1.716000000000000000e+03 4.237308997996186433e-02
1.716900000000000091e+03 3.123430625260785465e-02
1.717900000000000091e+03 4.463459463931836874e-02
1.718900000000000091e+03 3.450271948932598365e-02
1.719900000000000091e+03 2.454931228329654963e-02
1.720900000000000091e+03 4.013056272708094563e-02
1.721900000000000091e+03 2.982550384750027456e-02
1.722900000000000091e+03 1.564618495092221298e-02
1.723799999999999955e+03 3.154262842739667672e-02
1.724799999999999955e+03 3.389688866374088172e-02
1.725799999999999955e+03 1.950924919472213359e-02
1.726799999999999955e+03 1.865387272907435140e-02
1.727799999999999955e+03 1.872843671767004947e-02
1.728799999999999955e+03 2.313504825330178760e-02
1.729700000000000045e+03 2.770029865879312242e-02
1.730700000000000045e+03 4.917935350934132463e-03
1.731700000000000045e+03 1.576402090353704738e-02
1.732700000000000045e+03 3.555754906957828837e-02
1.733700000000000045e+03 1.923366265500259242e-02
1.734599999999999909e+03 1.381757954979379727e-02
1.735599999999999909e+03 9.171239517694877719e-03
1.736599999999999909e+03 8.712800446351601225e-03
1.737599999999999909e+03 6.448657913767141814e-03
1.738599999999999909e+03 5.062863052793161248e-03
1.739599999999999909e+03 1.541353350029953280e-02
1.740500000000000000e+03 3.552574624601118752e-02
1.741500000000000000e+03 3.856037573599042922e-02
1.742500000000000000e+03 2.347848163753726153e-02
1.743500000000000000e+03 2.932828635470535045e-02
1.744500000000000000e+03 2.940271773764980071e-02
1.745400000000000091e+03 3.857272610020155007e-02
1.746400000000000091e+03 1.105984493535713473e-02
1.747400000000000091e+03 2.275596853314913737e-02
1.748400000000000091e+03 3.009270342133711293e-02
1.749299999999999955e+03 1.877195084066626135e-02
1.750299999999999955e+03 7.446580953637597228e-03
1.751299999999999955e+03 7.952494847642703479e-03
1.752299999999999955e+03 1.872113583465673942e-02
1.753200000000000045e+03 1.675081741496109791e-02
1.753299999999999955e+03 3.361872618854771372e-02
1.754200000000000045e+03 1.707098500923489443e-02
1.755200000000000045e+03 1.349671558592627045e-02
1.756200000000000045e+03 2.638839287868502068e-02
1.757200000000000045e+03 1.757531605601853758e-02
1.758099999999999909e+03 1.755412666357211715e-02
1.758200000000000045e+03 2.646368160305803685e-02
1.759099999999999909e+03 3.416340570806974258e-02
1.759200000000000045e+03 2.234501396253515959e-02
1.760099999999999909e+03 2.489224366434631200e-02
1.761099999999999909e+03 2.182598866680440092e-02
1.762000000000000000e+03 1.495688534809011191e-02
1.762099999999999909e+03 8.017316423952576196e-03
1.763000000000000000e+03 1.989752359155349051e-02
1.763099999999999909e+03 2.749687889625750808e-02
1.764000000000000000e+03 3.660146188563768999e-02
1.764099999999999909e+03 3.369118485657497664e-02
1.765000000000000000e+03 3.906902099277702323e-02
1.765099999999999909e+03 3.188036171841563543e-02
1.766000000000000000e+03 4.887754170392664965e-02
1.766099999999999909e+03 3.429384103131574713e-02
1.766900000000000091e+03 1.726652464009726523e-02
1.767099999999999909e+03 3.312930391695784876e-02
1.767900000000000091e+03 3.331738811379354043e-02
1.768099999999999909e+03 2.562884595927165596e-02
1.768900000000000091e+03 3.231045344472317088e-02
1.769000000000000000e+03 5.352115183056736780e-02
1.769900000000000091e+03 3.630786877955183289e-02
1.770000000000000000e+03 3.302946440920850185e-02
1.770799999999999955e+03 2.373545341898740391e-02
1.771000000000000000e+03 2.515389091585611483e-02
1.771799999999999955e+03 8.980624510375873060e-03
1.772000000000000000e+03 1.684866404106973720e-02
1.772799999999999955e+03 1.136602819550629195e-02
1.773000000000000000e+03 7.548445125127315608e-03
1.773700000000000045e+03 1.519163672458270081e-02
1.774000000000000000e+03 3.979364154191358804e-02
1.774700000000000045e+03 2.659829927299699887e-02
1.775000000000000000e+03 2.088391107950923059e-02
1.775700000000000045e+03 2.674653017844371913e-02
1.775900000000000091e+03 2.801499591719076865e-02
1.776700000000000045e+03 3.743966401683979789e-02
1.776900000000000091e+03 2.655224529475203044e-02
1.777599999999999909e+03 2.646468336442089203e-02
1.777900000000000091e+03 2.484748459269793541e-02
1.778599999999999909e+03 1.760285489682066745e-02
1.778900000000000091e+03 3.300200848104556384e-02
1.779599999999999909e+03 3.521601589609171107e-02
1.779900000000000091e+03 4.557279532773307607e-02
1.780599999999999909e+03 5.207648901047232798e-02
1.780900000000000091e+03 3.475252536655385610e-02
1.781500000000000000e+03 4.344222016190286972e-02
1.781900000000000091e+03 3.398043707865898433e-02
1.782500000000000000e+03 4.086640997321380059e-02
1.782799999999999955e+03 5.194325597966026331e-02
1.783500000000000000e+03 3.918333514403956469e-02
1.783799999999999955e+03 4.025786401836285028e-02
1.784400000000000091e+03 4.121819341874159714e-02
1.784799999999999955e+03 3.808643199283893999e-02
1.785400000000000091e+03 4.009158590379151982e-02
1.785799999999999955e+03 3.445433710046241771e-02
1.786400000000000091e+03 3.909032680851392411e-02
1.786799999999999955e+03 3.451050727888108072e-02
1.787400000000000091e+03 3.743049950743924242e-02
1.787799999999999955e+03 1.739018861388667500e-02
1.788299999999999955e+03 2.780117875771593791e-02
1.788700000000000045e+03 5.134733796040038406e-03
1.789299999999999955e+03 1.642209456765661435e-02
1.789700000000000045e+03 1.329963768168767636e-02
1.790299999999999955e+03 2.870981124625362341e-02
1.790700000000000045e+03 4.395446965671521988e-02
1.791200000000000045e+03 2.791255879817711172e-02
1.791700000000000045e+03 2.049324275545908597e-02
1.792200000000000045e+03 2.323764084544088782e-02
1.792700000000000045e+03 1.602901132392859848e-02
1.793200000000000045e+03 2.590700890879910068e-02
1.793599999999999909e+03 1.924896006650263225e-02
1.794200000000000045e+03 3.034787290442335361e-02
1.794599999999999909e+03 5.301780548763373319e-02
1.795099999999999909e+03 5.180859331856393912e-02
1.795599999999999909e+03 3.661514230722515834e-02
1.796099999999999909e+03 3.907477415338828086e-02
1.796599999999999909e+03 4.523774628230781136e-02
1.797099999999999909e+03 3.172007888598700476e-02
1.797599999999999909e+03 1.536358988387915084e-02
1.798000000000000000e+03 2.207825924056506378e-02
1.798500000000000000e+03 1.616350225737454849e-02
1.799000000000000000e+03 1.712306267938171894e-02
1.799500000000000000e+03 1.393881415361622120e-02
1.800000000000000000e+03 9.593279299695342890e-03
1.800500000000000000e+03 1.699379164859197294e-02
1.800900000000000091e+03 2.703985483193728154e-02
1.801500000000000000e+03 1.684252402789375783e-02
1.801900000000000091e+03 2.190911977013703174e-02
1.802500000000000000e+03 3.704112973830412520e-02
1.802900000000000091e+03 2.055168000217198060e-02
1.803400000000000091e+03 2.990858829692830817e-02
1.803799999999999955e+03 2.415600810407955018e-02
1.804400000000000091e+03 2.237937235187431248e-02
1.804799999999999955e+03 3.006121835795631109e-02
1.805400000000000091e+03 2.241869311266612638e-02
1.805799999999999955e+03 2.971200367334219522e-02
1.806400000000000091e+03 3.421690033657989738e-02
1.806700000000000045e+03 2.670530795240715766e-02
1.807400000000000091e+03 2.535447444060027339e-02
1.807700000000000045e+03 2.803067567189445122e-02
1.808299999999999955e+03 1.578897916633811502e-02
1.808700000000000045e+03 1.887738161016491722e-02
1.809299999999999955e+03 2.382829272111695526e-02
1.809599999999999909e+03 2.654892807141772532e-02
1.810299999999999955e+03 3.496249933124397080e-02
1.810599999999999909e+03 2.258071285140651058e-02
1.811299999999999955e+03 1.860677453157905809e-02
1.811599999999999909e+03 3.468577716040349007e-02
1.812200000000000045e+03 4.789798173330220288e-02
1.812500000000000000e+03 4.111771568009764399e-02
1.813200000000000045e+03 1.565923050372147046e-02
1.813500000000000000e+03 2.063508111561866004e-02
1.814200000000000045e+03 2.121093108341998851e-02
1.814500000000000000e+03 2.033862113024105522e-02
1.815200000000000045e+03 2.665308998920122921e-02
1.815400000000000091e+03 3.699573766168237632e-02
1.816200000000000045e+03 3.087986120821692437e-02
1.816400000000000091e+03 2.532204933422165655e-02
1.817099999999999909e+03 3.451879166940377552e-02
1.817400000000000091e+03 3.651920810377088517e-02
1.818099999999999909e+03 1.457675577903377526e-02
1.818299999999999955e+03 2.715544608118449638e-02
1.819099999999999909e+03 4.175029948583430794e-02
1.819299999999999955e+03 4.398208852066742142e-02
1.820099999999999909e+03 2.776678995901484329e-02
1.820299999999999955e+03 4.355389145055583305e-03
1.821000000000000000e+03 9.005460780793700382e-03
1.821200000000000045e+03 2.773683313590523739e-02
1.822000000000000000e+03 3.272473237906520227e-02
1.822200000000000045e+03 2.086892536595864184e-02
1.823000000000000000e+03 1.879236717110883970e-02
1.823200000000000045e+03 3.042623208533310267e-02
1.823900000000000091e+03 2.090520946454538578e-02
1.824099999999999909e+03 2.981450075140399877e-02
1.824900000000000091e+03 1.403441549279688116e-02
1.825099999999999909e+03 2.654289794068711433e-02
1.825900000000000091e+03 2.899872417345290138e-02
1.826000000000000000e+03 1.595038171673084787e-02
1.826900000000000091e+03 2.095600687767180254e-02
1.827000000000000000e+03 1.840256383218173697e-02
1.827799999999999955e+03 2.226102881475689604e-02
1.828000000000000000e+03 1.858143649900863975e-02
1.828799999999999955e+03 2.476129238783568096e-02
1.828900000000000091e+03 2.595634435029350873e-02
1.829799999999999955e+03 3.554374305263726525e-02
1.829900000000000091e+03 4.414289117954757480e-02
1.830799999999999955e+03 3.790217854473633408e-02
1.830900000000000091e+03 4.093682167870350830e-02
1.831700000000000045e+03 3.866442444997297834e-02
1.831799999999999955e+03 2.903433556095076640e-02
1.832700000000000045e+03 3.712011596263314894e-02
1.832799999999999955e+03 3.671050790913914924e-02
1.833700000000000045e+03 2.704445273713358688e-02
1.834599999999999909e+03 2.555905970404481753e-02
1.834700000000000045e+03 3.438809625498531752e-02
1.835599999999999909e+03 2.443621772091029293e-02
1.835700000000000045e+03 3.774098978094315993e-02
1.836599999999999909e+03 2.545409846122406033e-02
1.837599999999999909e+03 2.712985239503591661e-02
1.838500000000000000e+03 2.633326192355260956e-02
1.838599999999999909e+03 1.837537611459281670e-02
1.839500000000000000e+03 1.771241041625013987e-02
1.840500000000000000e+03 2.123951916442572141e-02
1.841400000000000091e+03 1.504653960886159769e-02
1.842400000000000091e+03 1.429366423325561554e-02
1.843400000000000091e+03 9.427418394377107269e-03
1.844299999999999955e+03 2.705608771333344389e-03
1.844400000000000091e+03 7.797703501017512646e-03
1.845299999999999955e+03 2.086512303076953206e-02
1.846200000000000045e+03 1.655018134205366725e-02
1.846299999999999955e+03 1.957226728044405770e-02
1.847200000000000045e+03 1.468347144729524427e-02
1.847299999999999955e+03 2.174485728384761493e-02
1.848200000000000045e+03 1.513850405054681381e-02
1.849099999999999909e+03 -3.880341052949205609e-03
1.849200000000000045e+03 3.352623410165707710e-03
1.850099999999999909e+03 5.711172729119298394e-03
1.850200000000000045e+03 1.207556261499388717e-02
1.851000000000000000e+03 1.221915896671969294e-02
1.851099999999999909e+03 1.948033042464393169e-02
1.852000000000000000e+03 2.410149263354082264e-02
1.852099999999999909e+03 1.686621685792186534e-02
1.852900000000000091e+03 3.757573741370432568e-02
1.853099999999999909e+03 4.329293089408462608e-02
1.853900000000000091e+03 3.358158536899358282e-02
1.854000000000000000e+03 2.082409531757859270e-02
1.854900000000000091e+03 2.175466838740269804e-02
1.855000000000000000e+03 2.841861670075802870e-02
1.855799999999999955e+03 2.928558886172414125e-02
1.856000000000000000e+03 1.292285394179663871e-02
1.856799999999999955e+03 1.421219713134487875e-02
1.856900000000000091e+03 2.967041248191732566e-02
1.857700000000000045e+03 1.401905045195865965e-02
1.857900000000000091e+03 1.751646398086520104e-02
1.858700000000000045e+03 1.775876050673304285e-02
1.858900000000000091e+03 2.545799329710498465e-02
1.859599999999999909e+03 1.179827596180316705e-02
1.859799999999999955e+03 7.707503200102588242e-03
1.860599999999999909e+03 8.371858316214840154e-03
1.860799999999999955e+03 1.141033018195098531e-02
1.861599999999999909e+03 1.878979831952527074e-02
1.861799999999999955e+03 2.044396821624989632e-02
1.862500000000000000e+03 1.129004724330734746e-02
1.862700000000000045e+03 1.019032951046322868e-02
1.863500000000000000e+03 9.686929324532633778e-03
1.863700000000000045e+03 1.626011810401551891e-02
1.864400000000000091e+03 2.435342374400601556e-02
1.864599999999999909e+03 2.499285664447870731e-02
1.865400000000000091e+03 2.346326717130407802e-02
1.865599999999999909e+03 1.758326347054285643e-02
1.866299999999999955e+03 2.614833136931875301e-02
1.866599999999999909e+03 1.820681159286072215e-02
1.867299999999999955e+03 5.776739326722187852e-03
1.867500000000000000e+03 7.146704791600385319e-03
1.868200000000000045e+03 2.880366791750849087e-02
1.868500000000000000e+03 2.218884745940707948e-02
1.869200000000000045e+03 2.044579496739253044e-02
1.869500000000000000e+03 9.373815059762648574e-03
1.870200000000000045e+03 1.204491860300670788e-03
1.870400000000000091e+03 6.116673846722603912e-03
1.871099999999999909e+03 2.539854823671953629e-02
1.871400000000000091e+03 1.687822920287740391e-02
1.872099999999999909e+03 1.169494904151413030e-02
1.872400000000000091e+03 1.443530448108356658e-02
1.873000000000000000e+03 1.075975754074385768e-02
1.873299999999999955e+03 1.455532445841051584e-02
1.874000000000000000e+03 2.853487903044243934e-02
1.874299999999999955e+03 2.253146769802225752e-02
1.874900000000000091e+03 3.044119830952799616e-02
1.875200000000000045e+03 2.610558630852762019e-02
1.875900000000000091e+03 1.581730589768325784e-02
1.876200000000000045e+03 1.898172484042749339e-02
1.876799999999999955e+03 1.293961084988087470e-02
1.877200000000000045e+03 2.162180855164782395e-02
1.877799999999999955e+03 4.365226776331860431e-02
1.878099999999999909e+03 2.572833757129996610e-02
1.878700000000000045e+03 2.027566854703444568e-02
1.879099999999999909e+03 2.518018888682577172e-02
1.879700000000000045e+03 3.758594270059719550e-02
1.880000000000000000e+03 3.241344100715401466e-02
1.880700000000000045e+03 1.984754567920663654e-02
1.881000000000000000e+03 6.795502705587819214e-03
1.881599999999999909e+03 1.298668144272949188e-02
1.882000000000000000e+03 2.752859593676450917e-02
1.882599999999999909e+03 1.914195342814355161e-02
1.882900000000000091e+03 9.550387903108309082e-03
1.883500000000000000e+03 2.043713503151302346e-02
1.883900000000000091e+03 3.200907926942673370e-02
1.884500000000000000e+03 2.017663874599448168e-02
1.884799999999999955e+03 1.844834326653813084e-02
1.885400000000000091e+03 1.372086651519420497e-02
1.885799999999999955e+03 1.263045368386156268e-02
1.886400000000000091e+03 7.852104599677304717e-03
1.886799999999999955e+03 1.194693549206529357e-02
1.887299999999999955e+03 2.842250062865347635e-02
1.887700000000000045e+03 2.097754786086312995e-02
1.888299999999999955e+03 2.689749768860385387e-02
1.888700000000000045e+03 1.610585922447450510e-02
1.889200000000000045e+03 1.668740219397725141e-02
1.889599999999999909e+03 1.756806778013358938e-02
1.890200000000000045e+03 1.397952791690757791e-02
1.890599999999999909e+03 1.995652215689450171e-02
1.891099999999999909e+03 3.354126164594254528e-02
1.891599999999999909e+03 2.483680810810027367e-02
1.892099999999999909e+03 2.508840542761705747e-02
1.892500000000000000e+03 2.212952739975708114e-02
1.893000000000000000e+03 1.449290510501496931e-02
1.893500000000000000e+03 2.606288244630676487e-02
1.894000000000000000e+03 4.615612951730058144e-02
1.894400000000000091e+03 3.332004024490788086e-02
1.894900000000000091e+03 1.933001304579391733e-02
1.895400000000000091e+03 3.148524015242355756e-02
1.895900000000000091e+03 2.230291999449826243e-02
1.896299999999999955e+03 3.423373513840793220e-02
1.896799999999999955e+03 3.201159109884731124e-02
1.897299999999999955e+03 3.706774087789616035e-02
1.897799999999999955e+03 3.211779169059748862e-02
1.898299999999999955e+03 1.788486280020608679e-02
1.898700000000000045e+03 2.171833551445584432e-02
1.899200000000000045e+03 5.606779640178204821e-03
1.899700000000000045e+03 1.750017869927928890e-02
1.900200000000000045e+03 1.765528889859748277e-02
1.900599999999999909e+03 2.676692010419853829e-02
1.901099999999999909e+03 4.275325486808838338e-02
1.901599999999999909e+03 2.828604450628499634e-02
1.902099999999999909e+03 1.359688436613593759e-02
1.902500000000000000e+03 6.255655517994457814e-03
1.903000000000000000e+03 1.409935811969057623e-02
1.903500000000000000e+03 2.419657824774611513e-02
1.904000000000000000e+03 2.361279125536852250e-02
1.904400000000000091e+03 1.854912910263822878e-02
1.905000000000000000e+03 1.963983002899840832e-02
1.905400000000000091e+03 1.575821615366547468e-02
1.905900000000000091e+03 1.257014920698952543e-02
1.906299999999999955e+03 2.430925940663066290e-02
1.906900000000000091e+03 3.866994945445908355e-02
1.907299999999999955e+03 2.732205230776861560e-02
1.907799999999999955e+03 1.241332723606655176e-02
1.908200000000000045e+03 2.322362591653810010e-02
1.908799999999999955e+03 1.496497671413096579e-02
1.909200000000000045e+03 1.891842732856225534e-02
1.909700000000000045e+03 2.119761261130475444e-02
1.910099999999999909e+03 2.761623010546610316e-02
1.910700000000000045e+03 2.837807900447925774e-02
1.911099999999999909e+03 2.017243613263246943e-02
1.911599999999999909e+03 1.476038011831400446e-02
1.912000000000000000e+03 3.079156309347235235e-02
1.912599999999999909e+03 3.033288206470089593e-02
1.912900000000000091e+03 2.471580855239090269e-02
1.913500000000000000e+03 1.972053879189987480e-02
1.913900000000000091e+03 3.165268541950128772e-02
1.914500000000000000e+03 1.788872299359809889e-02
1.914799999999999955e+03 3.179229097358874517e-02
1.915400000000000091e+03 3.653450990813039700e-02
1.915799999999999955e+03 2.765051144339474368e-02
1.916400000000000091e+03 1.317713069782470645e-02
1.916700000000000045e+03 1.828562608447859006e-02
1.917299999999999955e+03 2.713070549368929579e-02
1.917700000000000045e+03 2.248294999723287474e-02
1.918299999999999955e+03 2.922182065938790096e-02
1.918599999999999909e+03 2.494098605175387728e-02
1.919299999999999955e+03 2.888374055448256553e-02
1.919599999999999909e+03 3.569921312111832418e-02
1.920200000000000045e+03 1.895928819297001619e-02
1.920500000000000000e+03 2.702951207308086981e-02
1.921200000000000045e+03 2.203424376299876336e-02
1.921500000000000000e+03 1.396868835875401428e-02
1.922099999999999909e+03 4.086687524596775006e-02
1.922400000000000091e+03 4.316462411683689993e-02
1.923099999999999909e+03 3.419226568581813785e-02
1.923299999999999955e+03 2.714903837013932231e-02
1.924000000000000000e+03 1.948760383345280942e-02
1.924299999999999955e+03 1.679375264048974664e-02
1.925000000000000000e+03 2.489216996209700147e-02
1.925200000000000045e+03 2.076657045239288513e-02
1.925900000000000091e+03 1.821824267762513216e-02
1.926200000000000045e+03 2.479214326780009026e-02
1.926900000000000091e+03 1.827027147228765802e-02
1.927099999999999909e+03 2.421718753431826437e-02
1.927799999999999955e+03 2.052819254911683947e-02
1.928099999999999909e+03 2.518231566913791547e-02
1.928799999999999955e+03 1.662008308716887706e-02
1.929000000000000000e+03 3.391760983374236121e-02
1.929700000000000045e+03 2.993631284584734320e-02
1.930000000000000000e+03 2.866725657105899383e-02
1.930700000000000045e+03 3.072085446212136778e-02
1.930900000000000091e+03 1.677919139233390033e-02
1.931599999999999909e+03 1.740783122258728749e-02
1.931799999999999955e+03 7.813046715096114841e-03
1.932599999999999909e+03 5.158164262166840992e-03
1.932799999999999955e+03 2.807099883169634179e-03
1.933500000000000000e+03 2.252146771760434388e-02
1.933700000000000045e+03 1.403484453516867098e-02
1.934400000000000091e+03 2.149427220747985451e-02
1.934700000000000045e+03 2.582172661177671927e-02
1.935400000000000091e+03 1.081792314809465298e-02
1.935599999999999909e+03 2.189875692913616223e-02
1.936299999999999955e+03 2.837623679361137019e-02
1.936599999999999909e+03 2.336847416382801385e-02
1.937299999999999955e+03 2.653747548025393865e-02
1.937500000000000000e+03 2.709546649919538502e-02
1.938200000000000045e+03 2.056027192077016646e-02
1.938400000000000091e+03 2.228549318733999418e-02
1.939200000000000045e+03 1.560889289232728766e-02
1.939400000000000091e+03 1.204552284681918196e-02
1.940099999999999909e+03 2.278215014805486799e-02
1.940299999999999955e+03 2.969813500454004940e-02
1.941099999999999909e+03 3.668271918026064921e-02
1.941299999999999955e+03 2.225943745740666113e-02
1.942000000000000000e+03 1.921585188798409505e-02
1.942200000000000045e+03 2.413345989479937989e-02
1.943000000000000000e+03 1.746096548750754665e-02
1.943200000000000045e+03 1.852366370439086085e-02
1.943900000000000091e+03 1.751288402626220708e-02
1.944099999999999909e+03 2.207540721269590778e-02
1.944900000000000091e+03 3.043404563061277018e-02
1.945000000000000000e+03 2.309225840878214100e-02
1.945799999999999955e+03 2.066300363137976367e-02
1.946000000000000000e+03 1.856654262606458050e-02
1.946799999999999955e+03 3.087803428437226397e-02
1.946900000000000091e+03 3.791937364430657265e-02
1.947700000000000045e+03 3.603858744294775179e-02
1.947900000000000091e+03 4.171391397055967259e-02
1.948599999999999909e+03 2.578051573283514364e-02
1.948799999999999955e+03 1.388784527243618755e-02
1.949599999999999909e+03 8.278900923030935166e-04
1.949700000000000045e+03 7.378354621637916652e-03
1.950500000000000000e+03 2.396522048334383259e-02
1.950700000000000045e+03 2.497289919251529516e-02
1.951500000000000000e+03 2.276949198177702013e-02
1.951599999999999909e+03 2.112352782867368134e-02
1.952400000000000091e+03 2.824367733120288632e-02
1.952599999999999909e+03 2.083233706266963622e-02
1.953400000000000091e+03 2.405391192725992236e-02
1.953500000000000000e+03 2.375832798817846883e-02
1.954299999999999955e+03 1.689296825954536563e-02
1.954400000000000091e+03 5.248767410316726445e-03
1.955299999999999955e+03 7.601072173476162638e-03
1.955400000000000091e+03 2.120508826067602631e-02
1.956200000000000045e+03 2.285400135130995908e-02
1.956299999999999955e+03 2.967795025800392533e-02
1.957099999999999909e+03 2.931944669126000311e-02
1.957299999999999955e+03 2.769564100447798743e-02
1.958099999999999909e+03 3.840405293955255484e-02
1.958200000000000045e+03 2.976609514053693561e-02
1.959000000000000000e+03 1.840068222719928523e-02
1.959099999999999909e+03 1.332845302877330024e-02
1.960000000000000000e+03 2.645832477005531647e-02
1.960099999999999909e+03 3.680326153288207558e-02
1.960900000000000091e+03 3.216077007935032317e-02
1.961000000000000000e+03 2.463944924566266806e-02
1.961900000000000091e+03 1.586551697415693879e-02
1.962799999999999955e+03 1.918427066547130980e-02
1.962900000000000091e+03 1.266474447341408432e-02
1.963700000000000045e+03 1.846465918809635232e-02
1.963799999999999955e+03 1.707884852003041867e-02
1.964700000000000045e+03 3.239129756667492172e-02
1.964799999999999955e+03 3.309326118824473806e-02
1.965599999999999909e+03 2.708983308868380402e-02
1.965700000000000045e+03 2.127463898743082310e-02
1.966599999999999909e+03 3.451472012442780013e-02
1.967500000000000000e+03 3.365610619172533513e-02
1.967599999999999909e+03 3.055414905446249274e-02
1.968400000000000091e+03 2.135321042985800083e-02
1.968500000000000000e+03 2.031801903517769028e-02
1.969400000000000091e+03 2.898604056937557211e-02
1.970299999999999955e+03 3.854938939280756760e-02
1.970400000000000091e+03 3.164397628952231312e-02
1.971299999999999955e+03 2.681347488998497841e-02
1.972200000000000045e+03 2.133018455370401523e-02
1.973099999999999909e+03 2.157545047047478709e-02
1.973200000000000045e+03 8.468911134279156344e-03
1.974099999999999909e+03 5.053506196467316518e-03
1.975000000000000000e+03 1.792588254642501697e-02
1.975099999999999909e+03 1.562463270191013012e-02
1.976000000000000000e+03 1.991653567697471844e-02
1.976900000000000091e+03 1.828240962598650168e-02
1.977799999999999955e+03 1.584199919842542437e-02
1.977900000000000091e+03 1.428864831366282936e-02
1.978799999999999955e+03 1.511298132053283221e-02
1.979700000000000045e+03 1.277273280775496900e-02
1.980700000000000045e+03 1.984113892827422260e-02
1.981599999999999909e+03 1.924058751497502440e-02
1.982500000000000000e+03 1.528126908457677104e-02
1.983500000000000000e+03 2.117822733352107967e-02
1.984400000000000091e+03 2.128093963238838343e-02
1.985299999999999955e+03 3.210980564375959939e-02
1.986299999999999955e+03 2.528303845139281969e-02
1.987200000000000045e+03 7.863682745001555549e-03
1.988099999999999909e+03 3.283728510128220562e-03
1.988200000000000045e+03 1.277594510739058636e-02
1.989099999999999909e+03 1.857504093763582761e-02
1.990000000000000000e+03 1.888340446015410873e-02
1.990900000000000091e+03 1.590029795074970886e-02
1.991000000000000000e+03 3.458083823215810787e-02
1.991900000000000091e+03 2.711727457326569557e-02
1.992799999999999955e+03 1.778045015990657035e-02
1.993700000000000045e+03 1.291289299076108649e-02
1.993799999999999955e+03 1.978013841002684153e-02
1.994700000000000045e+03 2.501137851582723240e-02
1.995599999999999909e+03 1.986721227342011509e-02
1.996500000000000000e+03 1.795535388941939606e-02
1.996599999999999909e+03 3.284442518558641170e-03
1.997500000000000000e+03 1.120164972794349470e-02
1.998400000000000091e+03 2.446516322855014219e-02
1.999299999999999955e+03 8.353512415986610179e-03
1.999400000000000091e+03 3.874362602725306415e-04
2.000299999999999955e+03 6.929369990681664634e-03
2.001200000000000045e+03 7.998940979697163195e-03
2.002099999999999909e+03 1.304953746504204301e-02
2.002200000000000045e+03 1.863176067117900542e-02
2.003000000000000000e+03 1.532369559435314485e-02
2.003099999999999909e+03 1.950751217228080536e-02
2.004000000000000000e+03 1.478408003723919069e-02
2.004900000000000091e+03 2.105043660920430035e-02
2.005000000000000000e+03 8.795680761205048812e-03
2.005799999999999955e+03 2.220682311628012495e-02
2.005900000000000091e+03 1.409898419332831360e-02
2.006799999999999955e+03 2.060670153080459283e-02
2.007700000000000045e+03 1.950683925383814993e-02
2.007799999999999955e+03 1.146162299534712534e-02
2.008599999999999909e+03 2.741229994456964667e-03
2.008700000000000045e+03 1.418047385887976145e-02
2.009599999999999909e+03 1.876162356726732497e-02
2.010500000000000000e+03 2.632500335122522211e-02
2.010599999999999909e+03 1.485676398307080037e-02
2.011400000000000091e+03 1.536886849246296878e-02
2.011500000000000000e+03 1.248854055113752387e-02
2.012299999999999955e+03 1.224111665095205248e-02
2.012400000000000091e+03 1.705237391413304271e-02
2.013299999999999955e+03 1.585955265180093166e-02
2.013400000000000091e+03 2.231584318760014563e-02
2.014200000000000045e+03 1.382921564919324144e-02
2.014299999999999955e+03 2.807113078945141019e-02
2.015099999999999909e+03 2.284080927075798212e-02
2.015200000000000045e+03 2.799131036509620515e-02
2.016099999999999909e+03 2.047449456612997210e-02
2.017000000000000000e+03 2.323984937051768590e-02
2.017099999999999909e+03 2.185647917027293621e-02
2.017900000000000091e+03 1.205875443950026049e-02
2.018000000000000000e+03 1.756147080621895187e-02
2.018799999999999955e+03 1.915904680757728185e-02
2.018900000000000091e+03 1.982096300843913528e-02
2.019799999999999955e+03 2.606442664154415972e-02
2.019900000000000091e+03 2.133762417713310280e-02
2.020700000000000045e+03 7.726026454530529955e-03
2.020799999999999955e+03 7.738082938645890474e-03
2.021599999999999909e+03 1.552148216539330286e-02
2.021700000000000045e+03 3.085677441408224420e-02
2.022599999999999909e+03 3.437820467377090267e-02
2.022700000000000045e+03 1.994511248384581853e-02
2.023500000000000000e+03 1.170566145197225391e-02
2.023599999999999909e+03 2.077248643445170264e-03
2.024400000000000091e+03 8.897857124417972788e-03
2.024500000000000000e+03 1.554349132584455576e-02
2.025299999999999955e+03 2.740715719531843300e-02
2.025400000000000091e+03 2.366332837560655017e-02
2.026299999999999955e+03 2.202671677895970404e-02
2.026400000000000091e+03 1.067432685619653342e-02
2.027200000000000045e+03 1.480753572390390571e-02
2.027299999999999955e+03 1.306452278215064142e-02
2.028099999999999909e+03 6.989938466327429156e-03
2.028200000000000045e+03 2.466110262702297939e-02
2.029000000000000000e+03 3.068157864754555986e-02
2.029099999999999909e+03 2.671452570218603439e-02
2.030000000000000000e+03 2.651079309646941357e-02
2.030099999999999909e+03 2.076354024753768179e-02
2.030900000000000091e+03 1.702993401506033150e-02
2.031000000000000000e+03 2.263005216838463729e-02
2.031900000000000091e+03 1.927706868280687491e-02
2.032900000000000091e+03 2.545323059937321802e-02
2.033799999999999955e+03 2.348806811900268701e-02
2.034700000000000045e+03 3.549723470367061734e-02
2.035599999999999909e+03 3.644639869342057581e-02
2.036599999999999909e+03 2.701600597085237684e-02
2.037500000000000000e+03 1.667748662193742348e-02
2.038400000000000091e+03 2.869405764093185818e-02
2.039299999999999955e+03 2.042279006134012365e-02
2.040299999999999955e+03 2.397654118436675502e-02
2.041200000000000045e+03 2.283055718373080273e-02
2.042099999999999909e+03 2.097175368609396559e-02
2.043000000000000000e+03 1.743230155011170346e-02
2.044000000000000000e+03 2.399968359763811690e-02
2.044900000000000091e+03 1.860199600644453499e-02
2.045799999999999955e+03 1.022448853457191137e-02
2.046700000000000045e+03 1.841075474190246447e-02
2.047700000000000045e+03 1.746174384661036000e-02
2.048599999999999909e+03 2.413087644224151326e-02
2.049500000000000000e+03 2.775115668334540361e-02
2.050400000000000091e+03 3.410892762136738532e-02
2.051300000000000182e+03 3.378001855287252053e-02
2.052300000000000182e+03 1.246649999297803554e-02
2.053199999999999818e+03 1.543434372851949267e-02
2.054099999999999909e+03 1.670062435590008443e-02
2.055000000000000000e+03 1.740583263900368632e-02
2.056000000000000000e+03 2.047583442974472423e-02
2.056900000000000091e+03 2.167153117806405044e-02
2.057800000000000182e+03 1.554843272575354499e-02
2.058699999999999818e+03 1.793509950358090216e-02
2.059599999999999909e+03 2.417676273418713911e-02
2.060599999999999909e+03 2.057950736273751052e-02
2.061500000000000000e+03 2.059307986409771377e-02
2.062400000000000091e+03 8.846163899603815689e-03
2.063300000000000182e+03 1.402644780550012411e-02
2.064199999999999818e+03 2.717941703346438836e-02
2.065199999999999818e+03 1.879076116624602694e-02
2.066099999999999909e+03 9.508218208557970078e-03
2.067000000000000000e+03 1.973301973844902857e-02
2.067900000000000091e+03 2.139698009018984465e-02
2.068800000000000182e+03 1.787596250970688305e-02
2.069800000000000182e+03 2.095713006319350341e-02
2.070699999999999818e+03 2.014179620956222175e-02
2.071599999999999909e+03 1.472289105532730187e-02
2.072500000000000000e+03 9.529930124367549937e-03
2.073400000000000091e+03 2.070335061766012674e-02
2.074300000000000182e+03 1.850523301567923856e-02
2.075300000000000182e+03 2.411333411366781490e-02
2.076199999999999818e+03 3.187184882619716053e-02
2.077099999999999909e+03 3.306821140720109936e-02
2.078000000000000000e+03 2.644975682980753307e-02
2.078900000000000091e+03 2.468836448357895202e-02
2.079800000000000182e+03 1.175629721951030812e-02
2.080800000000000182e+03 2.115988580082704684e-02
2.081699999999999818e+03 2.577353331725343658e-02
2.082599999999999909e+03 2.143373534486658211e-02
2.083500000000000000e+03 2.122194297945420929e-02
2.084400000000000091e+03 3.543492178575657816e-03
2.085300000000000182e+03 6.150135253820722403e-03
2.086300000000000182e+03 1.665744752781700422e-02
2.087199999999999818e+03 2.343906966218799529e-02
2.088099999999999909e+03 1.532169093517690359e-02
2.089000000000000000e+03 1.434512251080175341e-02
2.089900000000000091e+03 2.524298224204889890e-02
2.090800000000000182e+03 1.864141623365105430e-02
2.091699999999999818e+03 3.413845843334640823e-03
2.092699999999999818e+03 3.892383032704275613e-03
2.093599999999999909e+03 2.994622557512170713e-03
2.094500000000000000e+03 1.873891943230883775e-02
2.095400000000000091e+03 1.928752146980859672e-02
2.096300000000000182e+03 1.012952925077320945e-02
2.097199999999999818e+03 8.887336529679811317e-03
2.098099999999999909e+03 1.834815440703850206e-02
2.099000000000000000e+03 1.219366435901198149e-02
2.100000000000000000e+03 2.828516851721757375e-02
2.100900000000000091e+03 2.676878649279215358e-02
2.101800000000000182e+03 9.751387124298224740e-03
2.102699999999999818e+03 2.287093490216481756e-02
2.103599999999999909e+03 2.384581976579972298e-02
2.104500000000000000e+03 1.886191478701552959e-02
2.105400000000000091e+03 9.396989298986491504e-03
2.106300000000000182e+03 1.224248092424021737e-02
2.107199999999999818e+03 2.333881723034377659e-02
2.108199999999999818e+03 1.951727941000862276e-02
2.109099999999999909e+03 8.818879755005802623e-03
2.110000000000000000e+03 1.174906409102497926e-02
2.110900000000000091e+03 1.944632297957523195e-02
2.111800000000000182e+03 3.526836388076244611e-02
2.112699999999999818e+03 2.486936644915091824e-02
2.113599999999999909e+03 2.511254390807146630e-02
2.114500000000000000e+03 2.718922303028007553e-02
2.115400000000000091e+03 1.458632401597053513e-02
2.116300000000000182e+03 1.297484860988221481e-02
2.117199999999999818e+03 3.616598832873439695e-02
2.118199999999999818e+03 2.959890226455534276e-02
2.119099999999999909e+03 2.547163796050144757e-02
2.120000000000000000e+03 2.528955145098962798e-02
2.120900000000000091e+03 2.369950135972052549e-02
2.121800000000000182e+03 2.849404032572850839e-02
2.122699999999999818e+03 2.762176849870822889e-02
2.123599999999999909e+03 2.337668935991316088e-02
2.124500000000000000e+03 2.375893557271091874e-02
2.125400000000000091e+03 1.910922113040392639e-02
2.126300000000000182e+03 1.915573438557855931e-02
2.127199999999999818e+03 1.485183928440202139e-02
2.128099999999999909e+03 1.652581366886429759e-02
2.129000000000000000e+03 1.541406673332711141e-02
2.129900000000000091e+03 2.610882024768174103e-02
2.130900000000000091e+03 2.571031983459586348e-02
2.131800000000000182e+03 2.539156038814988081e-02
2.132699999999999818e+03 2.040389569443838355e-02
2.133599999999999909e+03 1.417624641243192887e-02
2.134500000000000000e+03 1.315593362083071656e-02
2.135400000000000091e+03 1.467431439782213715e-02
2.136300000000000182e+03 2.697387030206494993e-02
2.137199999999999818e+03 1.999004809698414625e-02
2.138099999999999909e+03 2.007906118519188488e-02
2.139000000000000000e+03 1.929166504168496749e-02
2.139900000000000091e+03 2.428734021508031915e-02
2.140800000000000182e+03 2.263369357303564311e-02
2.141699999999999818e+03 2.071746080636715712e-02
2.142599999999999909e+03 1.694380469957311453e-02
2.143500000000000000e+03 2.225239484105696192e-02
2.144400000000000091e+03 2.237883567231078313e-02
2.145300000000000182e+03 1.474524272853912701e-02
2.146199999999999818e+03 1.133740258463709037e-02
2.147099999999999909e+03 1.717496775322226860e-02
2.148000000000000000e+03 1.891114705555667352e-02
2.148900000000000091e+03 1.806594142352953292e-02
2.149800000000000182e+03 1.887793741355103805e-02
2.150699999999999818e+03 2.687429050770945294e-02
2.151599999999999909e+03 1.599390527505544640e-02
2.152500000000000000e+03 1.155530287843273447e-02
2.153400000000000091e+03 2.482374608528999105e-02
2.154300000000000182e+03 2.802585265409655510e-02
2.155199999999999818e+03 1.781886195412197768e-02
2.156099999999999909e+03 2.191981250584830801e-02
2.157000000000000000e+03 1.569173875544189328e-02
2.157900000000000091e+03 9.707166669039205692e-03
2.158800000000000182e+03 8.010669576076255918e-04
2.159699999999999818e+03 1.546008438435709197e-02
2.160599999999999909e+03 7.662090378758918199e-03
2.161500000000000000e+03 8.797324501385719864e-03
2.162400000000000091e+03 1.370548394368676509e-02
2.163300000000000182e+03 1.828379720819097581e-02
2.164199999999999818e+03 1.664165218905674232e-02
2.165099999999999909e+03 5.584121405469917240e-03
2.166000000000000000e+03 8.307107533720128195e-03
2.166900000000000091e+03 2.439178031140324526e-02
2.167800000000000182e+03 9.462671701687786624e-03
2.168699999999999818e+03 1.468323826470900768e-02
2.169599999999999909e+03 2.077898704571087829e-02
2.170500000000000000e+03 1.435086808102162964e-02
2.171400000000000091e+03 6.748864057215780109e-03
2.172300000000000182e+03 1.438741798909815191e-02
2.173199999999999818e+03 9.783176648096355427e-03
2.174099999999999909e+03 5.149636336566443956e-03
2.175000000000000000e+03 3.262614704227091624e-03
2.175900000000000091e+03 1.347840252573728921e-02
2.176800000000000182e+03 2.015025667947665383e-02
2.177699999999999818e+03 2.892412285123840271e-02
2.178599999999999909e+03 1.526127494531823343e-02
2.179500000000000000e+03 1.037097114132570774e-02
2.180400000000000091e+03 2.301274372002655791e-02
2.181300000000000182e+03 2.109557865037912927e-02
2.182199999999999818e+03 1.768450331171658382e-02
2.183099999999999909e+03 1.166652607740008459e-02
2.183900000000000091e+03 1.233981916741392661e-02
2.184800000000000182e+03 1.653197907109450748e-02
2.185699999999999818e+03 2.132802208993396509e-02
2.186599999999999909e+03 1.569013844841320171e-02
2.187500000000000000e+03 1.402392582369751950e-02
2.188400000000000091e+03 1.633246695711759039e-02
2.189300000000000182e+03 2.137207804075584583e-02
2.190199999999999818e+03 3.270316931443932595e-02
2.191099999999999909e+03 1.387453071229487189e-02
2.192000000000000000e+03 1.529468416223845641e-02
2.192900000000000091e+03 1.603929559384451031e-02
2.193800000000000182e+03 9.723168099868204767e-03
2.194699999999999818e+03 1.538465689594122054e-02
2.195599999999999909e+03 2.680007484408607199e-02
2.196500000000000000e+03 1.988160960857988241e-02
2.197300000000000182e+03 1.175960310689465327e-02
2.198199999999999818e+03 1.274365700190306649e-02
2.199099999999999909e+03 2.056901716663820517e-02
2.200000000000000000e+03 2.536011899977483330e-02
2.200900000000000091e+03 2.327543626085852926e-02
2.201800000000000182e+03 1.872871970854528972e-02
2.202699999999999818e+03 9.599613367487319984e-03
2.203599999999999909e+03 1.460621525197410529e-02
2.204500000000000000e+03 1.919994690040841695e-02
2.205400000000000091e+03 2.864276128163470436e-02
2.206300000000000182e+03 3.273129623506929736e-02
2.207099999999999909e+03 1.388991331913983288e-02
2.208000000000000000e+03 1.093317818196877338e-02
2.208900000000000091e+03 1.823516091929752725e-02
2.209800000000000182e+03 1.992715271603113722e-02
2.210699999999999818e+03 3.037030479051519224e-02
2.211599999999999909e+03 2.803308484280626206e-02
2.212500000000000000e+03 2.116202818650713205e-02
2.213400000000000091e+03 8.016264644938526571e-03
2.214300000000000182e+03 1.451776528441083881e-02
2.215099999999999909e+03 2.352036016384979195e-02
2.216000000000000000e+03 3.690488824028121534e-02
2.216900000000000091e+03 2.266353876665679057e-02
2.217800000000000182e+03 2.044184083864684573e-02
2.218699999999999818e+03 1.668397928975677569e-02
2.219599999999999909e+03 8.241984061301920947e-03
2.220500000000000000e+03 1.308612779144553012e-02
2.221400000000000091e+03 1.399892815082312558e-02
2.222199999999999818e+03 2.065367540603839716e-02
2.223099999999999909e+03 1.400659638230306904e-02
2.224000000000000000e+03 9.974932150603337683e-03
2.224900000000000091e+03 1.061523033036883279e-02
2.225800000000000182e+03 1.721136543632298052e-02
2.226699999999999818e+03 2.818050861642836316e-02
2.227599999999999909e+03 2.539229753382574867e-02
2.228400000000000091e+03 2.007007292876957297e-02
2.229300000000000182e+03 2.394126280336503210e-02
2.230199999999999818e+03 2.399032807412828858e-02
2.231099999999999909e+03 1.742099453780648899e-02
2.232000000000000000e+03 1.512731159298974330e-02
2.232900000000000091e+03 2.665730090884525089e-02
2.233699999999999818e+03 2.709766221518805640e-02
2.234599999999999909e+03 2.683228019603361297e-02
2.235500000000000000e+03 2.800743593579665958e-02
2.236400000000000091e+03 1.899414578265043452e-02
2.237300000000000182e+03 1.745637099282728796e-02
2.238199999999999818e+03 2.037195922798269027e-02
2.239099999999999909e+03 1.782950990524725943e-02
2.239900000000000091e+03 1.274655425372873095e-02
2.240800000000000182e+03 3.252499976167839979e-02
2.241699999999999818e+03 2.345132145445738905e-02
2.242599999999999909e+03 1.905946240943527659e-02
2.243500000000000000e+03 2.216721089183734672e-02
2.244300000000000182e+03 1.571836627070836989e-02
2.245199999999999818e+03 1.144574306746010302e-02
2.246099999999999909e+03 2.243586550334086480e-02
2.247000000000000000e+03 2.654090741945701326e-02
2.247900000000000091e+03 2.441700951384188911e-02
2.248800000000000182e+03 2.876537075199415983e-02
2.249599999999999909e+03 2.018071550199547481e-02
2.250500000000000000e+03 2.561383374951950800e-02
2.251400000000000091e+03 1.650033126419216123e-02
2.252300000000000182e+03 1.479010330657029061e-02
2.253199999999999818e+03 1.573036293335650093e-02
2.254000000000000000e+03 1.236754676198425357e-02
2.254900000000000091e+03 1.227619984606713281e-02
2.255800000000000182e+03 2.091633552766400395e-02
2.256699999999999818e+03 2.484264064416369031e-02
2.257599999999999909e+03 2.166181691227129710e-02
2.258400000000000091e+03 2.483042098518097734e-02
2.259300000000000182e+03 2.599761546399114581e-02
2.260199999999999818e+03 1.857481117534211246e-02
2.261099999999999909e+03 1.868480386012722969e-02
2.262000000000000000e+03 1.999195214560558001e-02
2.262800000000000182e+03 2.447776076540707571e-02
2.263699999999999818e+03 2.323445452327706565e-02
2.264599999999999909e+03 2.168497415144490445e-02
2.265500000000000000e+03 1.478467553608022421e-02
2.266300000000000182e+03 1.357371041927684860e-02
2.267199999999999818e+03 1.487809052980520325e-02
2.268099999999999909e+03 1.263111076168150701e-02
2.269000000000000000e+03 1.081656833476771565e-02
2.269900000000000091e+03 2.354877146568463281e-02
2.270699999999999818e+03 1.583558638708074812e-02
2.271599999999999909e+03 9.257917597804525556e-03
2.272500000000000000e+03 3.166197960501335520e-03
2.273400000000000091e+03 1.573498615133903794e-02
2.274199999999999818e+03 9.739473071971028323e-03
2.275099999999999909e+03 1.222336946474936528e-02
2.276000000000000000e+03 2.435192392635107325e-02
2.276900000000000091e+03 1.671725231445916199e-02
2.277699999999999818e+03 8.584507185835766815e-03
2.278599999999999909e+03 1.337865544892140324e-02
2.279500000000000000e+03 1.911594756906802653e-02
2.280400000000000091e+03 1.715056544599082369e-02
2.281199999999999818e+03 1.596079195503188886e-02
2.282099999999999909e+03 1.197834572183228974e-02
2.283000000000000000e+03 1.535113912173104167e-02
2.283900000000000091e+03 2.198884694996567149e-02
2.284699999999999818e+03 2.117071974302925028e-02
2.285599999999999909e+03 1.587758339100371618e-02
2.286500000000000000e+03 2.057305025800293050e-02
2.287400000000000091e+03 1.710522881850814331e-02
2.288199999999999818e+03 2.305644671918758576e-02
2.289099999999999909e+03 2.623083609360191137e-02
2.290000000000000000e+03 1.854128382416992543e-02
2.290800000000000182e+03 1.789919232711482261e-02
2.291699999999999818e+03 1.405111548277115582e-02
2.292599999999999909e+03 1.821218657665340038e-02
2.293500000000000000e+03 2.557948334173089366e-02
2.294300000000000182e+03 3.414501398700956619e-02
2.295199999999999818e+03 2.809904433403691976e-02
2.296099999999999909e+03 2.594869574632334419e-02
2.296900000000000091e+03 2.066160431989170695e-02
2.297800000000000182e+03 1.496710543635182758e-02
2.298699999999999818e+03 2.479924467093832727e-02
2.299599999999999909e+03 2.441402546540748231e-02
2.300400000000000091e+03 2.233153474771951488e-02
2.301300000000000182e+03 1.883320889888357233e-02
2.302199999999999818e+03 2.571576274665399175e-02
2.303000000000000000e+03 2.458819081351405755e-02
2.303900000000000091e+03 1.971277256943197026e-02
2.304800000000000182e+03 1.269659946352759763e-02
2.305699999999999818e+03 1.881874161588979050e-02
2.306500000000000000e+03 1.680491398610479276e-02
2.307400000000000091e+03 1.164656063660571977e-02
2.308300000000000182e+03 1.266236906788480512e-02
2.309099999999999909e+03 5.769824550659474402e-03
2.310000000000000000e+03 1.460343178890455111e-02
2.310900000000000091e+03 1.174973242801899756e-02
2.311699999999999818e+03 2.222742353356459144e-02
2.312599999999999909e+03 1.515452701746049236e-02
2.313500000000000000e+03 1.196356137398070507e-02
2.314300000000000182e+03 1.208458946328588857e-02
2.315199999999999818e+03 2.068951433631720932e-02
2.316099999999999909e+03 1.511013320748924929e-02
2.316900000000000091e+03 2.112680978019429792e-02
2.317800000000000182e+03 1.907674413780815689e-02
2.318699999999999818e+03 1.838278541207548009e-02
2.319500000000000000e+03 2.119073504219312967e-02
2.320400000000000091e+03 1.950309147124223291e-02
2.321300000000000182e+03 2.051502057959782646e-02
2.322099999999999909e+03 1.605972523459375800e-02
2.323000000000000000e+03 2.497783752163048807e-02
2.323900000000000091e+03 2.682470902397698573e-02
2.324699999999999818e+03 1.792519849936415402e-02
2.325599999999999909e+03 1.425994853814261179e-02
2.326500000000000000e+03 7.003134642794308501e-03
2.327300000000000182e+03 1.165678028175882487e-02
2.328199999999999818e+03 1.830949041281400985e-02
2.329099999999999909e+03 1.591925618703390541e-02
2.329900000000000091e+03 1.095958656722028496e-02
2.330800000000000182e+03 1.207156864331955515e-02
2.331699999999999818e+03 2.061030972716972054e-02
2.332500000000000000e+03 2.282540720918368321e-02
2.333400000000000091e+03 1.896405918890484849e-02
2.334300000000000182e+03 1.395677803801391448e-02
2.335099999999999909e+03 1.688602745737645752e-02
2.336000000000000000e+03 1.969814078654122391e-02
2.336900000000000091e+03 1.282832086636606986e-02
2.337699999999999818e+03 2.097380255590377413e-02
2.338599999999999909e+03 2.544834270070979107e-02
2.339400000000000091e+03 1.128660597908198032e-02
2.340300000000000182e+03 1.693793849187853404e-02
2.341199999999999818e+03 1.976524446872344326e-02
2.342000000000000000e+03 2.225063057430388611e-02
2.342900000000000091e+03 8.975299155846211754e-03
2.343800000000000182e+03 1.052589811699985826e-02
2.344599999999999909e+03 1.505012917046581050e-02
2.345500000000000000e+03 2.179587968903438228e-02
2.346300000000000182e+03 1.190182975964926629e-02
2.347199999999999818e+03 1.453580380845853962e-02
2.348099999999999909e+03 2.378505960815862838e-02
2.348900000000000091e+03 2.504482297873194402e-02
2.349800000000000182e+03 1.926350039789573657e-02
2.350599999999999909e+03 9.706501406209645105e-03
2.351500000000000000e+03 8.749558382870115114e-03
2.352400000000000091e+03 1.185009717620084599e-02
2.353199999999999818e+03 1.726789839010802602e-02
2.354099999999999909e+03 1.888386883431694002e-02
2.354900000000000091e+03 2.356704308920791469e-02
2.355800000000000182e+03 1.896045232928488672e-02
2.356699999999999818e+03 1.786964975274624168e-02
2.357500000000000000e+03 5.623402361865587409e-03
2.358400000000000091e+03 1.140436569999990490e-02
2.359199999999999818e+03 1.577183808011123692e-02
2.360099999999999909e+03 1.501718396928773333e-02
2.361000000000000000e+03 1.272744212080752918e-02
2.361800000000000182e+03 1.548673687136499499e-02
2.362699999999999818e+03 1.817988652250049006e-02
2.363500000000000000e+03 1.722337975869120755e-02
2.364400000000000091e+03 7.218671146964672491e-03
2.365300000000000182e+03 1.024391092843483959e-02
2.366099999999999909e+03 1.583738175041432897e-02
2.367000000000000000e+03 2.937960363563411198e-02
2.367800000000000182e+03 1.420135970545957638e-02
2.368699999999999818e+03 1.985921235578688715e-02
2.369500000000000000e+03 6.371170990703486046e-03
2.370400000000000091e+03 3.014352753404254005e-03
2.371300000000000182e+03 1.111620407567481122e-02
2.372099999999999909e+03 2.116078458784890343e-02
2.373000000000000000e+03 2.050782897852692840e-02
2.373800000000000182e+03 1.557644111422282034e-02
2.374699999999999818e+03 9.095356007353594049e-03
2.375500000000000000e+03 9.006680510910981471e-03
2.376400000000000091e+03 1.243965425095575408e-02
2.377199999999999818e+03 1.576288786990169902e-02
2.378099999999999909e+03 1.431422961523761556e-02
2.379000000000000000e+03 1.951991811340205579e-02
2.379800000000000182e+03 1.441930859934242512e-02
2.380699999999999818e+03 1.216495631392069433e-02
2.381500000000000000e+03 -2.114200651129889696e-03
2.382400000000000091e+03 9.687735346637986814e-03
2.383199999999999818e+03 1.530106239584111405e-02
2.384099999999999909e+03 2.036169289093734541e-02
2.384900000000000091e+03 1.910180341091820971e-02
2.385800000000000182e+03 2.480641332486688624e-02
2.386599999999999909e+03 2.395776311777988304e-02
2.387500000000000000e+03 1.642802532904101900e-02
2.388400000000000091e+03 2.164947683580622367e-02
2.389199999999999818e+03 1.086863907771208615e-02
2.390099999999999909e+03 1.927693637435030569e-02
2.390900000000000091e+03 1.568525978653188824e-02
2.391800000000000182e+03 1.387473563763499604e-02
2.392599999999999909e+03 1.712931209043228389e-02
2.393500000000000000e+03 1.315169385697113544e-02
2.394300000000000182e+03 1.495012154792077150e-02
2.395199999999999818e+03 7.773611304542185456e-03
2.396000000000000000e+03 1.272200235184870083e-02
2.396900000000000091e+03 1.294041258195402500e-02
2.397699999999999818e+03 8.836605482570397685e-03
2.398599999999999909e+03 1.789527675159339332e-02
2.399400000000000091e+03 1.853590816541305503e-02
2.400300000000000182e+03 1.230228603755916840e-02
2.401099999999999909e+03 2.632557507198692720e-02
2.402000000000000000e+03 1.925348010130734783e-02
2.402800000000000182e+03 1.198439677268366491e-02
2.403699999999999818e+03 2.723085023931262443e-03
2.404500000000000000e+03 4.770583710564251650e-03
2.405400000000000091e+03 1.444935013763959213e-02
2.406199999999999818e+03 1.212187627535782179e-02
2.407099999999999909e+03 1.974482948763643317e-02
2.407900000000000091e+03 9.352032518475553863e-03
2.408800000000000182e+03 7.289531897792370964e-03
2.409599999999999909e+03 2.160893025312071378e-02
2.410500000000000000e+03 1.760430772245774947e-02
2.411300000000000182e+03 7.803091275948859096e-03
2.412199999999999818e+03 5.502581864781331059e-03
2.413000000000000000e+03 5.056101761508989025e-03
2.413400000000000091e+03 7.402004770326967367e-03
2.413900000000000091e+03 1.322377882937964856e-02
2.414199999999999818e+03 1.424152269557334149e-02
2.414699999999999818e+03 4.078403452643545452e-03
2.415099999999999909e+03 1.513653436485490507e-02
2.415599999999999909e+03 1.606043541729001642e-02
2.415900000000000091e+03 1.483810823356898970e-02
2.416400000000000091e+03 3.400221791901617777e-03
2.416800000000000182e+03 4.855550177499520434e-03
2.417300000000000182e+03 1.373729648852360999e-02
2.417699999999999818e+03 1.169809132854624650e-02
2.418099999999999909e+03 1.685602902483062868e-02
2.418500000000000000e+03 1.720828093718095031e-02
2.419000000000000000e+03 1.554906219326301561e-02
2.419400000000000091e+03 1.259164624394883310e-02
2.419800000000000182e+03 5.408618624088227730e-03
2.420199999999999818e+03 1.413588634872254765e-02
2.420699999999999818e+03 1.755720242649429913e-02
2.421099999999999909e+03 7.985875122728735079e-03
2.421500000000000000e+03 4.242764905671598261e-04
2.422000000000000000e+03 -3.379109069158738998e-03
2.422400000000000091e+03 2.110842341994127389e-03
2.422800000000000182e+03 1.985042384719085118e-02
2.423199999999999818e+03 1.613647437550629407e-02
2.423699999999999818e+03 1.158582141966955914e-02
2.424099999999999909e+03 1.054347326563699616e-02
2.424500000000000000e+03 2.107216504941927110e-02
2.424900000000000091e+03 1.644231296918666207e-02
2.425400000000000091e+03 2.778514946514372246e-03
2.425699999999999818e+03 4.370444009480534651e-03
2.426300000000000182e+03 7.204235872356304186e-03
2.426599999999999909e+03 7.190796526047356016e-03
2.427099999999999909e+03 1.159034465714608823e-02
2.427400000000000091e+03 1.681001000055291905e-02
2.428000000000000000e+03 1.306395807769862930e-02
2.428300000000000182e+03 1.414356342225638746e-04
2.428800000000000182e+03 8.903134145978640682e-03
2.429099999999999909e+03 1.005897376278281317e-02
2.429699999999999818e+03 6.775120603852562498e-03
2.430000000000000000e+03 2.488185773377001725e-02
2.430500000000000000e+03 2.796357629440861248e-02
2.430800000000000182e+03 2.500886679989263936e-02
2.431400000000000091e+03 2.576129067235177067e-02
2.431699999999999818e+03 2.187577330172522927e-02
2.432300000000000182e+03 2.601448362361432481e-02
2.432500000000000000e+03 9.150350081401161656e-03
2.433099999999999909e+03 7.394186563829103706e-03
2.433400000000000091e+03 9.195444887081915403e-03
2.434000000000000000e+03 1.058934969273438338e-02
2.434199999999999818e+03 2.187775845140566347e-02
2.434800000000000182e+03 2.689675841407231788e-02
2.435000000000000000e+03 2.032230688340379288e-02
2.435699999999999818e+03 1.715515370315231006e-02
2.435900000000000091e+03 1.702259875100024106e-02
2.436500000000000000e+03 1.967045103871260803e-02
2.436699999999999818e+03 8.818280356625605304e-03
2.437400000000000091e+03 1.270785858420228100e-02
2.437599999999999909e+03 1.505448977582549315e-02
2.438300000000000182e+03 1.582338856208411956e-02
2.438400000000000091e+03 1.014520211035190196e-02
2.439099999999999909e+03 7.581178862865575047e-03
2.439300000000000182e+03 1.792717010877922443e-02
2.440000000000000000e+03 2.412320503507767860e-02
2.440099999999999909e+03 2.795607379760825517e-02
2.440800000000000182e+03 2.771643078441009961e-02
2.440900000000000091e+03 2.450707862028172340e-02
2.441699999999999818e+03 2.220497803395009295e-02
2.441800000000000182e+03 1.914747124891406915e-02
2.442500000000000000e+03 1.617064880751377387e-02
2.442599999999999909e+03 1.870064040792872306e-02
2.443400000000000091e+03 2.854606525321548918e-02
2.443500000000000000e+03 2.221214706807760064e-02
2.444199999999999818e+03 2.194734374027855137e-02
2.444300000000000182e+03 8.711508372511923837e-03
2.445099999999999909e+03 2.153181597185924168e-02
2.445199999999999818e+03 2.204908313142636342e-02
2.445900000000000091e+03 2.307341137340497561e-02
2.446000000000000000e+03 2.587364400600680042e-02
2.446800000000000182e+03 2.554592369404303648e-02
2.447699999999999818e+03 3.174381059093781682e-02
2.448500000000000000e+03 3.188956370979372651e-02
2.449400000000000091e+03 2.572285201510736419e-02
2.450199999999999818e+03 3.336517137462084032e-02
2.451099999999999909e+03 3.022781706989020184e-02
2.451900000000000091e+03 2.883047717801822535e-02
2.452699999999999818e+03 3.200113586146199895e-02
2.452800000000000182e+03 3.414253491621367653e-02
2.453599999999999909e+03 3.351270037994336093e-02
2.454400000000000091e+03 3.281753950052881952e-02
2.454500000000000000e+03 5.325254981119480202e-02
2.455300000000000182e+03 4.285715677816915453e-02
2.456099999999999909e+03 4.309948734020624395e-02
2.456199999999999818e+03 3.753474728367543062e-02
2.456900000000000091e+03 3.694684681345768856e-02
2.457000000000000000e+03 2.191326743633231072e-02
2.457800000000000182e+03 2.990898028628096589e-02
2.457900000000000091e+03 4.120885831689927864e-02
2.458599999999999909e+03 4.531616053199159777e-02
2.458699999999999818e+03 4.133102373977355637e-02
2.459500000000000000e+03 3.257761426401093591e-02
2.459599999999999909e+03 3.928317205796674760e-02
2.460300000000000182e+03 3.475735817239410802e-02
2.460400000000000091e+03 4.279964531671952288e-02
2.461099999999999909e+03 4.942802910644504555e-02
2.461300000000000182e+03 4.571507174240135862e-02
2.462000000000000000e+03 4.921982575971873414e-02
2.462099999999999909e+03 3.408312707676910969e-02
2.462800000000000182e+03 4.452527537498623955e-02
2.463000000000000000e+03 4.037342868303151616e-02
2.463699999999999818e+03 4.324465533994197031e-02
2.463800000000000182e+03 4.281125490206516560e-02
2.464500000000000000e+03 4.999260950396952619e-02
2.464699999999999818e+03 4.894563216635582775e-02
2.465300000000000182e+03 4.171469382666219416e-02
2.465500000000000000e+03 3.567001747631975278e-02
2.466199999999999818e+03 4.377104366805222718e-02
2.466400000000000091e+03 4.963414682972001196e-02
2.467000000000000000e+03 5.576008942959970877e-02
2.467199999999999818e+03 5.437035725448263052e-02
2.467900000000000091e+03 5.360004220360584104e-02
2.468099999999999909e+03 4.558611519529909978e-02
2.468699999999999818e+03 3.976748925953631913e-02
2.468900000000000091e+03 4.232684458192667587e-02
2.469500000000000000e+03 4.407481217009745489e-02
2.469800000000000182e+03 5.138069339867004648e-02
2.470400000000000091e+03 4.159450734240197761e-02
2.470599999999999909e+03 4.216129017962283454e-02
2.471199999999999818e+03 4.659279978548826195e-02
2.471500000000000000e+03 5.580798869744446611e-02
2.472000000000000000e+03 5.308258518359033895e-02
2.472300000000000182e+03 5.037212299711643637e-02
2.472900000000000091e+03 4.217688194157553916e-02
2.473199999999999818e+03 5.471266673684320458e-02
2.473699999999999818e+03 4.642893559362321065e-02
2.474000000000000000e+03 5.028546956710454319e-02
2.474599999999999909e+03 5.468641297363117937e-02
2.474900000000000091e+03 5.776098158669139976e-02
2.475400000000000091e+03 3.196759153361623806e-02
2.475699999999999818e+03 2.008713699377134149e-02
2.476199999999999818e+03 2.877527199846156847e-02
2.476500000000000000e+03 4.610342970099094023e-02
2.477099999999999909e+03 4.570567719358195613e-02
2.477400000000000091e+03 5.068604263171962165e-02
2.477900000000000091e+03 4.968043718292334404e-02
2.478199999999999818e+03 5.059788087315344324e-02
2.478699999999999818e+03 4.768621104816297279e-02
2.479099999999999909e+03 4.856136269003683698e-02
2.479599999999999909e+03 4.361066324207817785e-02
2.479900000000000091e+03 3.652438074056527095e-02
2.480400000000000091e+03 4.315372290676936645e-02
2.480800000000000182e+03 4.235705532314133770e-02
2.481199999999999818e+03 4.265781327166956460e-02
2.481599999999999909e+03 5.388780827351532382e-02
2.482099999999999909e+03 4.439599299636279306e-02
2.482500000000000000e+03 4.329812512948295888e-02
2.482900000000000091e+03 5.747244335045473274e-02
2.483300000000000182e+03 5.025208249722447340e-02
2.483800000000000182e+03 4.809849505697437466e-02
2.484199999999999818e+03 4.265511583943065732e-02
2.484599999999999909e+03 5.325780228402424848e-02
2.485000000000000000e+03 4.905599044106843942e-02
2.485400000000000091e+03 4.924488437960275466e-02
2.485800000000000182e+03 3.121255726539732406e-02
2.486300000000000182e+03 4.233214725715603310e-02
2.486699999999999818e+03 4.586563231581790995e-02
2.487099999999999909e+03 5.128319123614909214e-02
2.487500000000000000e+03 4.898291283372938065e-02
2.487900000000000091e+03 4.088656870511085673e-02
2.488400000000000091e+03 4.055640125936935125e-02
2.488800000000000182e+03 2.785564687715092608e-02
2.489199999999999818e+03 2.441045252869618321e-02
2.489599999999999909e+03 3.064114228465323470e-02
2.490099999999999909e+03 3.820640592661556090e-02
2.490400000000000091e+03 4.528655919112468953e-02
2.490900000000000091e+03 4.229067528269482568e-02
2.491300000000000182e+03 3.058189683233330375e-02
2.491699999999999818e+03 3.111004750750231973e-02
2.492099999999999909e+03 3.272700450598119842e-02
2.492599999999999909e+03 2.771585748973380905e-02
2.492900000000000091e+03 1.939785298861600171e-02
2.493400000000000091e+03 2.780701899358137275e-02
2.493800000000000182e+03 3.376685982715300904e-02
2.494300000000000182e+03 2.759783460104536790e-02
2.494599999999999909e+03 3.532532281907994898e-02
2.495099999999999909e+03 3.613597053127337588e-02
2.495400000000000091e+03 4.484901932574261035e-02
2.496000000000000000e+03 3.477534975368422321e-02
2.496300000000000182e+03 3.169954413966986906e-02
2.496800000000000182e+03 3.753665387208166004e-02
2.497099999999999909e+03 3.607891138991625030e-02
2.497599999999999909e+03 2.685414290379914762e-02
2.497900000000000091e+03 3.625172118958285700e-02
2.498500000000000000e+03 3.135055892454403914e-02
2.498800000000000182e+03 2.848095437421198362e-02
2.499300000000000182e+03 2.755561743114329915e-02
2.499599999999999909e+03 2.959065963187169912e-02
2.500199999999999818e+03 4.021485884672618139e-02
2.500400000000000091e+03 4.204439110496760446e-02
2.501000000000000000e+03 4.626986472582755167e-02
2.501300000000000182e+03 2.475471685421300194e-02
2.501800000000000182e+03 1.627126297490411044e-02
2.502099999999999909e+03 2.400311851761277593e-02
2.502699999999999818e+03 2.560387768834518699e-02
2.502900000000000091e+03 2.729894863816883371e-02
2.503500000000000000e+03 3.672168028506725412e-02
2.503800000000000182e+03 3.351313946701687391e-02
2.504400000000000091e+03 2.078233580841179831e-02
2.504599999999999909e+03 2.856096926550981407e-02
2.505199999999999818e+03 4.100209847513530681e-02
2.505400000000000091e+03 3.550114685375961587e-02
2.506000000000000000e+03 2.192730119028400010e-02
2.506199999999999818e+03 1.861823025111047220e-02
2.506900000000000091e+03 1.198618728682674696e-02
2.507099999999999909e+03 2.112786045597385767e-02
2.507699999999999818e+03 2.890204779025928178e-02
2.507900000000000091e+03 2.754605128198714392e-02
2.508599999999999909e+03 3.267834261362982662e-02
2.508699999999999818e+03 3.283782674754496395e-02
2.509400000000000091e+03 2.929426716253883192e-02
2.509599999999999909e+03 2.600577938952981782e-02
2.510199999999999818e+03 2.607844564690420947e-02
2.510400000000000091e+03 3.009367722859434061e-02
2.511099999999999909e+03 1.731129763728967916e-02
2.511199999999999818e+03 1.124473643691649254e-02
2.511900000000000091e+03 1.814244914979702347e-02
2.512099999999999909e+03 2.118643109972429689e-02
2.512800000000000182e+03 2.826535521742365442e-02
2.512900000000000091e+03 3.734590513626848823e-02
2.513599999999999909e+03 2.588638800926480049e-02
2.513699999999999818e+03 2.237754910251932988e-02
2.514400000000000091e+03 2.209938212390749265e-02
2.514500000000000000e+03 1.992490682642635708e-02
2.515300000000000182e+03 2.088216793731767496e-02
2.515400000000000091e+03 2.546362633351657509e-02
2.516099999999999909e+03 2.732746656441859684e-02
2.516199999999999818e+03 2.981436960607981509e-02
2.516900000000000091e+03 2.207965725179018152e-02
2.517000000000000000e+03 1.892937038824035745e-02
2.517800000000000182e+03 2.771841719369629725e-02
2.517900000000000091e+03 3.160636684701631505e-02
2.518599999999999909e+03 1.826658079702393397e-02
2.518699999999999818e+03 2.250071350241458074e-02
2.519500000000000000e+03 1.878546155928932648e-02
2.520300000000000182e+03 1.486654556727932952e-02
2.520400000000000091e+03 1.310241935239345006e-02
2.521099999999999909e+03 1.407062413430299960e-02
2.521199999999999818e+03 2.082983763158777549e-02
2.522000000000000000e+03 1.553310739187919315e-02
2.522800000000000182e+03 1.686479534733996075e-02
2.523599999999999909e+03 1.600248224330009725e-02
2.523699999999999818e+03 1.669508321268177789e-02
2.524500000000000000e+03 1.344277458343264356e-02
2.525300000000000182e+03 1.168578228293700588e-02
2.526099999999999909e+03 1.250480202944668356e-02
2.527000000000000000e+03 1.604178353404198815e-02
2.527800000000000182e+03 1.553566005690574202e-02
2.528599999999999909e+03 1.168278175974127482e-02
2.528699999999999818e+03 9.961532652873479610e-03
2.529500000000000000e+03 1.314985005093236362e-02
2.530300000000000182e+03 6.032858244152233471e-03
2.531099999999999909e+03 1.230840289284854984e-02
2.531199999999999818e+03 1.254006157929511353e-02
2.531900000000000091e+03 7.584875983324010362e-03
2.532000000000000000e+03 4.217255792345038154e-03
2.532800000000000182e+03 3.146845989991394529e-03
2.533599999999999909e+03 1.254401102368189269e-03
2.533699999999999818e+03 1.074005426691868742e-02
2.534400000000000091e+03 1.444112058963376022e-02
2.534500000000000000e+03 1.957803949500003943e-02
2.535199999999999818e+03 2.054534632911890479e-02
2.535300000000000182e+03 1.633304207236107447e-02
2.536099999999999909e+03 4.448844021752960953e-04
2.536199999999999818e+03 -2.865829721700189486e-03
2.536900000000000091e+03 2.439755682806453788e-03
2.537000000000000000e+03 1.198189189071429198e-02
2.537699999999999818e+03 4.880386428216761108e-03
2.537800000000000182e+03 -4.590870709364798172e-03
2.538500000000000000e+03 6.928746781194245960e-03
2.538699999999999818e+03 2.478533553969530442e-02
2.539400000000000091e+03 2.034017438920921600e-02
2.539500000000000000e+03 1.391093236894613144e-02
2.540199999999999818e+03 2.490963880789984902e-05
2.540300000000000182e+03 6.181204783575517010e-03
2.541000000000000000e+03 4.531525233172387437e-03
2.541099999999999909e+03 5.094047670494507123e-03
2.541800000000000182e+03 5.579136453544818186e-03
2.542000000000000000e+03 1.073769277253187708e-02
2.542699999999999818e+03 5.687035438928438741e-03
2.542800000000000182e+03 1.102354872540573655e-02
2.543500000000000000e+03 2.033388460392499680e-02
2.543599999999999909e+03 1.031312751981057312e-02
2.544300000000000182e+03 8.119938491020890770e-03
2.544500000000000000e+03 1.400537095030821022e-02
2.545099999999999909e+03 9.077133535306479081e-03
2.545300000000000182e+03 1.351136349884094097e-02
2.546000000000000000e+03 1.321563666244501140e-02
2.546099999999999909e+03 1.933962029305506813e-02
2.546800000000000182e+03 1.620320221118875734e-02
2.547000000000000000e+03 1.496877030467939039e-02
2.547599999999999909e+03 1.935181217830486342e-02
2.547800000000000182e+03 2.287711326587719279e-02
2.548400000000000091e+03 1.586704561833045257e-02
2.548599999999999909e+03 1.127295300207162808e-02
2.549300000000000182e+03 1.065649764999123533e-02
2.549500000000000000e+03 7.009237416232560330e-03
2.550099999999999909e+03 1.571883453394128452e-02
2.550300000000000182e+03 1.223875054232917425e-02
2.550900000000000091e+03 1.066040124610309961e-02
2.551099999999999909e+03 1.266092322367786370e-02
2.551699999999999818e+03 1.555390527014641547e-02
2.551900000000000091e+03 1.772415538805099944e-02
2.552599999999999909e+03 2.432925810638824141e-02
2.552800000000000182e+03 1.497969501717626509e-02
2.553400000000000091e+03 1.027613209837551639e-02
2.553599999999999909e+03 2.154532551817943137e-03
2.554199999999999818e+03 2.832328496813430949e-03
2.554400000000000091e+03 8.541376080764346429e-03
2.555000000000000000e+03 1.486031020204131407e-02
2.555300000000000182e+03 1.243869654770764048e-02
2.555800000000000182e+03 5.526221276675770400e-03
2.556099999999999909e+03 1.418529474375438554e-02
2.556699999999999818e+03 1.873681791031907296e-02
2.556900000000000091e+03 1.264194363478114008e-02
2.557500000000000000e+03 8.216685386785382850e-03
2.557699999999999818e+03 1.743890113953316598e-02
2.558300000000000182e+03 1.575979581201476104e-02
2.558599999999999909e+03 1.007050568426312923e-02
2.559099999999999909e+03 7.574369819393009240e-03
2.559400000000000091e+03 1.504674083624256593e-02
2.560000000000000000e+03 1.538328651230026420e-02
2.560199999999999818e+03 1.309386778133299692e-02
2.560800000000000182e+03 2.086122244713333254e-02
2.561099999999999909e+03 8.587707083376515740e-03
2.561599999999999909e+03 1.297935090458328736e-02
2.561900000000000091e+03 1.082461249253334826e-02
2.562400000000000091e+03 4.706042237995686217e-03
2.562699999999999818e+03 4.967706419546958491e-03
2.563199999999999818e+03 1.168796601524858120e-02
2.563500000000000000e+03 4.723906010438552738e-03
2.564099999999999909e+03 7.761859836882268639e-03
2.564400000000000091e+03 7.813928020968044508e-03
2.564900000000000091e+03 1.372204560243621765e-02
2.565199999999999818e+03 1.420382195498701844e-02
2.565699999999999818e+03 8.952891553367472652e-03
2.566000000000000000e+03 1.338315216288585470e-02
2.566500000000000000e+03 7.914036603405127240e-03
2.566800000000000182e+03 1.156277987499941713e-02
2.567300000000000182e+03 1.060254507040685537e-02
2.567699999999999818e+03 5.500667523734910358e-03
2.568199999999999818e+03 6.837741603436385540e-03
2.568500000000000000e+03 1.728025978309124036e-02
2.569000000000000000e+03 1.302384821942405638e-02
2.569300000000000182e+03 1.181781627445424240e-02
2.569800000000000182e+03 1.183066008339119998e-02
2.570099999999999909e+03 1.389392491649633563e-02
2.570599999999999909e+03 1.725446684958675814e-02
2.571000000000000000e+03 1.927255243469669019e-02
2.571400000000000091e+03 1.760784710498503394e-02
2.571800000000000182e+03 1.315152657220659133e-02
2.572300000000000182e+03 1.597525232672426798e-02
2.572599999999999909e+03 5.050718697816485199e-03
2.573099999999999909e+03 7.473882386395222510e-03
2.573400000000000091e+03 3.418429393410420732e-03
2.573900000000000091e+03 9.334469810705015025e-03
2.574300000000000182e+03 1.427705681989288426e-02
2.574699999999999818e+03 1.729696896587478577e-02
2.575099999999999909e+03 1.560678784455571746e-02
2.575500000000000000e+03 1.861161431342488529e-02
2.575900000000000091e+03 1.415969971682151662e-02
2.576400000000000091e+03 1.615083009779776438e-02
2.576699999999999818e+03 1.190707833262261844e-02
2.577199999999999818e+03 7.995355326551420450e-03
2.577599999999999909e+03 7.537002716819385210e-03
2.578000000000000000e+03 7.286247231365671449e-03
2.578400000000000091e+03 1.231985543440070052e-02
2.578800000000000182e+03 8.962690482374809087e-03
2.579199999999999818e+03 1.090292730909444424e-02
2.579599999999999909e+03 1.126084030683296988e-02
2.580000000000000000e+03 1.725517732431164353e-02
2.580400000000000091e+03 1.886048357687979474e-02
2.580900000000000091e+03 1.700366398733739806e-02
2.581300000000000182e+03 2.189433639610300839e-02
2.581699999999999818e+03 1.612196370898534917e-02
2.582099999999999909e+03 9.250789415052466935e-03
2.582500000000000000e+03 1.892505243381806951e-02
2.582900000000000091e+03 1.917187648844577430e-02
2.583300000000000182e+03 1.123165281903049269e-02
2.583699999999999818e+03 1.989728877460295725e-02
2.584199999999999818e+03 1.073671003065519020e-02
2.584500000000000000e+03 1.370818745423781071e-02
2.585000000000000000e+03 2.140214693004764690e-02
2.585300000000000182e+03 2.339094036417617428e-02
2.585800000000000182e+03 2.132919822946063165e-02
2.586199999999999818e+03 1.940769277999104120e-02
2.586599999999999909e+03 1.554516337715073845e-02
2.587000000000000000e+03 2.104024132429165722e-02
2.587400000000000091e+03 1.288872033233909309e-02
2.587800000000000182e+03 1.070636216653534332e-02
2.588300000000000182e+03 1.665120761026603682e-02
2.588599999999999909e+03 1.331546631884959406e-02
2.589099999999999909e+03 5.444110011973636760e-03
2.589400000000000091e+03 1.023546456682974427e-02
2.589900000000000091e+03 1.370257243990302513e-02
2.590199999999999818e+03 4.034999941125068552e-03
2.590699999999999818e+03 1.284244463488958682e-02
2.591099999999999909e+03 1.596989971346302051e-02
2.591500000000000000e+03 1.390046225947899963e-02
2.591900000000000091e+03 2.242150905883647308e-02
2.592400000000000091e+03 9.480580714708376419e-03
2.592699999999999818e+03 1.697126390867023660e-02
2.593199999999999818e+03 9.969546641274565704e-03
2.593500000000000000e+03 8.740772549853448314e-03
2.594000000000000000e+03 2.065958350585132830e-02
2.594300000000000182e+03 1.862455025371916734e-02
2.594800000000000182e+03 2.137221373467727836e-02
2.595099999999999909e+03 1.832511533316549812e-02
2.595699999999999818e+03 1.615697171555564166e-02
2.596000000000000000e+03 1.113126655780139612e-02
2.596500000000000000e+03 1.835215893067232429e-02
2.596800000000000182e+03 1.535940497516437991e-02
2.597300000000000182e+03 1.235884843553957356e-02
2.597599999999999909e+03 1.705969502538956864e-02
2.598099999999999909e+03 1.183911932513180554e-02
2.598400000000000091e+03 1.731326001362566008e-02
2.598900000000000091e+03 1.448927896854786991e-02
2.599199999999999818e+03 1.183177013338047867e-02
2.599699999999999818e+03 1.943174096323832534e-02
2.600000000000000000e+03 8.970817882018124190e-03
2.600599999999999909e+03 5.599018338919508654e-03
2.600800000000000182e+03 1.579791443717789776e-02
2.601400000000000091e+03 1.015208840032363717e-02
2.601699999999999818e+03 1.786614673959107530e-02
2.602199999999999818e+03 1.182278876900566197e-02
2.602500000000000000e+03 1.493261111941286690e-02
2.603000000000000000e+03 1.250971777775188379e-02
2.603300000000000182e+03 7.908055475587405167e-03
2.603800000000000182e+03 1.849936188057299188e-02
2.604099999999999909e+03 2.217190835809524502e-02
2.604699999999999818e+03 1.919123050447098244e-02
2.604900000000000091e+03 1.932223048128160758e-02
2.605500000000000000e+03 1.684342472922621681e-02
2.605699999999999818e+03 1.133303188547063467e-02
2.606300000000000182e+03 4.349591183136776451e-03
2.606500000000000000e+03 1.708499421489310249e-02
2.607099999999999909e+03 9.896628012412896427e-03
2.607400000000000091e+03 5.935571604239412574e-03
2.607900000000000091e+03 1.374780458143889245e-02
2.608199999999999818e+03 2.020052998371470870e-02
2.608699999999999818e+03 1.919377116414898443e-02
2.609000000000000000e+03 2.426522809835286038e-02
2.609599999999999909e+03 2.669768324205529925e-02
2.609800000000000182e+03 2.117362915778282437e-02
2.610400000000000091e+03 7.937424473045819745e-03
2.610599999999999909e+03 1.433093404464679671e-02
2.611199999999999818e+03 2.131923825345416468e-02
2.611400000000000091e+03 1.870631420611572338e-02
2.612000000000000000e+03 1.395645037241832753e-02
2.612199999999999818e+03 1.232030663836191850e-02
2.612800000000000182e+03 1.559136592968648344e-02
2.613000000000000000e+03 2.601682177723854683e-02
2.613599999999999909e+03 1.805607134947233988e-02
2.613900000000000091e+03 2.000358932479564394e-02
2.614500000000000000e+03 2.266294920159840284e-02
2.614699999999999818e+03 2.420233840042061713e-02
2.615300000000000182e+03 2.121661552211930035e-02
2.615500000000000000e+03 2.508124746329893490e-02
2.616099999999999909e+03 2.954846600196174566e-02
2.616300000000000182e+03 2.709382885700682350e-02
2.616900000000000091e+03 2.035037864709884903e-02
2.617099999999999909e+03 1.273988162092292223e-02
2.617699999999999818e+03 1.155426470510343556e-02
2.617900000000000091e+03 1.694841802380919749e-02
2.618500000000000000e+03 2.385516736231627771e-02
2.618699999999999818e+03 2.394599379877072887e-02
2.619400000000000091e+03 2.494522581755998641e-02
2.619500000000000000e+03 1.930699778162527774e-02
2.620199999999999818e+03 2.089438787360497346e-02
2.620300000000000182e+03 2.469102473324726044e-02
2.621000000000000000e+03 2.308910036371127072e-02
2.621199999999999818e+03 1.292705746763032904e-02
2.621800000000000182e+03 1.254978266377353505e-02
2.622000000000000000e+03 2.108608436263562091e-02
2.622599999999999909e+03 2.379265279649636980e-02
2.622800000000000182e+03 1.487359414271153743e-02
2.623400000000000091e+03 6.722282037719930908e-03
2.623599999999999909e+03 1.616396065780242863e-02
2.624199999999999818e+03 1.131123090685714865e-02
2.624400000000000091e+03 2.179023004197047295e-02
2.625099999999999909e+03 1.751494275736636269e-02
2.625199999999999818e+03 1.770968483767016918e-02
2.625900000000000091e+03 1.188908183703650187e-02
2.626000000000000000e+03 1.715706638131488798e-02
2.626699999999999818e+03 1.218224661287731041e-02
2.626800000000000182e+03 1.365136807797973952e-02
2.627500000000000000e+03 1.996187021039218246e-02
2.627599999999999909e+03 1.589709932572677675e-02
2.628300000000000182e+03 1.398958073769042409e-02
2.628500000000000000e+03 1.895322080285036584e-02
2.629099999999999909e+03 2.606700653689677030e-02
2.629300000000000182e+03 1.684112143094209854e-02
2.629900000000000091e+03 9.791432590830793231e-03
2.630099999999999909e+03 1.079206725226367763e-02
2.630699999999999818e+03 1.930826940924228532e-02
2.630900000000000091e+03 1.917927374862069684e-02
2.631599999999999909e+03 1.525705568593131375e-02
2.631699999999999818e+03 1.215644201252479364e-02
2.632400000000000091e+03 1.273728739285767686e-02
2.632500000000000000e+03 1.518662776749638878e-02
2.633199999999999818e+03 1.025597997956277131e-02
2.633300000000000182e+03 1.071912190050980720e-02
2.634000000000000000e+03 1.572356076164303784e-02
2.634099999999999909e+03 1.892941629596939929e-02
2.634800000000000182e+03 2.831027320919443646e-02
2.634900000000000091e+03 2.477440678412851094e-02
2.635599999999999909e+03 2.465286320834630951e-02
2.635699999999999818e+03 1.909154847535873833e-02
2.636400000000000091e+03 1.859272743273047979e-02
2.636500000000000000e+03 1.417347892455092864e-02
2.637199999999999818e+03 2.259909418184095908e-02
2.637300000000000182e+03 1.224564402267924734e-02
2.638000000000000000e+03 1.454920288846441381e-02
2.638199999999999818e+03 9.345747652214752427e-03
2.638900000000000091e+03 9.656594879342754109e-03
2.639000000000000000e+03 8.053265515006090280e-03
2.639699999999999818e+03 1.566545395538120750e-02
2.639800000000000182e+03 1.432443098232365382e-02
2.640500000000000000e+03 1.578011655567539834e-02
2.640599999999999909e+03 2.095814707737365598e-02
2.641300000000000182e+03 1.807047441237513707e-02
2.641400000000000091e+03 1.327593377389917929e-02
2.642099999999999909e+03 2.531315175910132248e-02
2.642199999999999818e+03 1.648755498726442795e-02
2.642900000000000091e+03 2.498241422577659673e-02
2.643000000000000000e+03 1.323000675137718345e-02
2.643699999999999818e+03 1.373378163937029328e-02
2.643800000000000182e+03 1.829338597020382581e-02
2.644500000000000000e+03 1.577804849671008910e-02
2.644599999999999909e+03 1.680522251494777353e-02
2.645300000000000182e+03 2.378172512910965708e-02
2.645400000000000091e+03 2.027914850765451596e-02
2.646099999999999909e+03 1.853932386927036741e-02
2.646199999999999818e+03 2.619663598224891699e-02
2.647000000000000000e+03 2.310653001054129713e-02
2.647800000000000182e+03 1.857926221759487531e-02
2.648599999999999909e+03 2.008981232045782550e-02
2.648699999999999818e+03 8.696369924169970386e-03
2.649400000000000091e+03 1.357046706798145826e-02
2.649500000000000000e+03 1.433377975545637936e-02
2.650199999999999818e+03 1.522261919509077313e-02
2.650300000000000182e+03 1.703436234724108392e-02
2.651000000000000000e+03 2.088130709388268461e-02
2.651099999999999909e+03 2.346806212886835136e-02
2.651800000000000182e+03 2.592709634366081525e-02
2.651900000000000091e+03 1.997259993901918940e-02
2.652599999999999909e+03 2.258336719137147772e-02
2.652699999999999818e+03 2.222653334253139532e-02
2.653400000000000091e+03 1.349314619227945725e-02
2.653500000000000000e+03 2.028137481380505591e-02
2.654199999999999818e+03 1.927893149652373447e-02
2.654300000000000182e+03 1.375872889592246774e-02
2.655000000000000000e+03 1.621992226864694270e-02
2.655099999999999909e+03 2.334012417964347746e-02
2.655800000000000182e+03 2.946160872301920725e-02
2.656699999999999818e+03 2.245048357582254961e-02
2.657500000000000000e+03 2.343378658571441606e-02
2.658300000000000182e+03 1.672932267523317973e-02
2.659099999999999909e+03 1.648221286220770410e-02
2.659900000000000091e+03 1.421474335632207792e-02
2.660699999999999818e+03 1.335870835476895419e-02
2.661500000000000000e+03 2.127040959346591237e-02
2.662300000000000182e+03 2.516739315373063210e-02
2.663099999999999909e+03 2.571881064239849718e-02
2.663900000000000091e+03 2.226997653835139507e-02
2.664699999999999818e+03 1.999262670547167012e-02
2.665500000000000000e+03 2.209551968099240579e-02
2.666300000000000182e+03 1.986702158858343059e-02
2.667099999999999909e+03 1.973393346765548589e-02
2.667900000000000091e+03 2.946645943885970245e-02
2.668699999999999818e+03 1.752759847862032580e-02
2.669500000000000000e+03 1.312892261389404097e-02
2.670300000000000182e+03 5.581603272923427866e-03
2.671099999999999909e+03 7.152448930634883878e-03
2.672000000000000000e+03 1.233354913881525884e-02
2.672800000000000182e+03 1.797077868988426752e-02
2.673599999999999909e+03 1.867249099616703420e-03
2.674400000000000091e+03 2.067345199815693799e-02
2.675199999999999818e+03 3.323861104785265363e-02
2.676000000000000000e+03 3.285700032544625754e-02
2.676800000000000182e+03 1.891862722094089094e-02
2.677599999999999909e+03 1.606852007152394235e-02
2.678400000000000091e+03 9.079147807595376943e-03
2.679199999999999818e+03 1.343723629683315698e-02
2.680000000000000000e+03 1.427500981323562290e-02
2.680800000000000182e+03 1.804061930841319161e-02
2.681599999999999909e+03 1.512676256539834119e-02
2.682400000000000091e+03 1.944744655081215648e-02
2.683199999999999818e+03 2.274031818073014508e-02
2.684000000000000000e+03 1.904110937641993045e-02
2.684800000000000182e+03 1.895488453993283279e-02
2.685599999999999909e+03 2.024214725595911701e-02
2.686400000000000091e+03 2.171987457583064371e-02
2.687199999999999818e+03 2.204533504415599754e-02
2.688000000000000000e+03 1.773675358086087422e-02
2.688800000000000182e+03 2.422882932207676143e-02
2.689599999999999909e+03 2.971767214580910144e-02
2.690400000000000091e+03 2.038556874658275370e-02
2.691199999999999818e+03 1.627043090715780960e-02
2.692000000000000000e+03 1.851597738370695453e-02
2.692800000000000182e+03 1.680386046026671049e-02
2.693599999999999909e+03 1.406453413114117090e-02
2.694400000000000091e+03 1.879796724579948716e-02
2.695199999999999818e+03 1.863490315142509596e-02
2.696000000000000000e+03 2.235547930829330163e-02
2.696800000000000182e+03 1.802717095952295970e-02
2.697599999999999909e+03 1.546812041603512489e-02
2.698400000000000091e+03 2.279692007878967447e-02
2.699199999999999818e+03 1.700346644847861716e-02
2.700000000000000000e+03 1.673485815524589082e-02
2.700800000000000182e+03 1.897845530850747822e-02
2.701599999999999909e+03 2.269165990193306587e-02
2.702400000000000091e+03 2.157286463415696715e-02
2.703199999999999818e+03 2.319889063124466744e-02
2.704000000000000000e+03 2.449522536356367117e-02
2.704800000000000182e+03 8.428434242757966779e-03
2.705599999999999909e+03 9.550760146082765828e-03
2.706400000000000091e+03 1.822213672701211012e-02
2.707199999999999818e+03 2.471793702258456502e-02
2.708000000000000000e+03 2.322295352276644922e-02
2.708699999999999818e+03 1.399854488743388151e-02
2.709500000000000000e+03 1.933052999983072076e-02
2.710300000000000182e+03 2.195367728377914732e-02
2.711099999999999909e+03 2.368687101818243990e-02
2.711900000000000091e+03 2.267233491223547698e-02
2.712699999999999818e+03 2.498504268552504196e-02
2.713500000000000000e+03 1.369447562784571228e-02
2.714300000000000182e+03 1.417627256679261996e-02
2.715099999999999909e+03 1.695836142581159944e-02
2.715900000000000091e+03 1.298962638110483583e-02
2.716699999999999818e+03 1.531766437895426243e-03
2.717500000000000000e+03 4.809609923657713094e-03
2.718300000000000182e+03 1.453234694320719791e-02
2.719099999999999909e+03 1.620834811368240813e-02
2.719900000000000091e+03 1.708899341572707106e-02
2.720699999999999818e+03 1.773177332431302364e-02
2.721500000000000000e+03 1.615774159759312059e-02
2.722300000000000182e+03 1.537777248821855375e-02
2.723099999999999909e+03 1.623067996732560636e-02
2.723800000000000182e+03 1.485825344494807153e-02
2.724599999999999909e+03 1.791016145704076371e-02
2.725400000000000091e+03 2.141328979281588094e-02
2.726199999999999818e+03 1.613977388814577182e-02
2.727000000000000000e+03 1.882959820968815173e-02
2.727800000000000182e+03 1.256137421364356653e-02
2.728599999999999909e+03 1.059998932746988691e-02
2.729400000000000091e+03 2.009085766798327649e-02
2.730199999999999818e+03 2.360621355305685815e-02
2.731000000000000000e+03 1.286497671798824197e-02
2.731800000000000182e+03 1.884705968600082493e-02
2.732599999999999909e+03 1.938188441196454781e-02
2.733300000000000182e+03 2.470224446708279425e-02
2.734099999999999909e+03 1.702847378336217951e-02
2.734900000000000091e+03 8.936816108391566760e-03
2.735699999999999818e+03 2.051060495291531088e-02
2.736500000000000000e+03 2.334552184176516554e-02
2.737300000000000182e+03 1.868698762301996413e-02
2.738099999999999909e+03 1.791765711666325894e-02
2.738900000000000091e+03 9.373898238838019106e-03
2.739699999999999818e+03 1.346093929420389204e-02
2.740500000000000000e+03 2.115891892005074618e-02
2.741300000000000182e+03 1.893454256100381844e-02
2.742000000000000000e+03 1.447792557712072707e-02
2.742800000000000182e+03 1.142737359825649404e-02
2.743599999999999909e+03 9.370719048524739359e-03
2.744400000000000091e+03 1.159664655911846198e-02
2.745199999999999818e+03 9.770107519449488728e-03
2.746000000000000000e+03 6.551960469711325293e-03
2.746800000000000182e+03 1.282041767831816614e-02
2.747599999999999909e+03 2.078420027635785594e-02
2.748400000000000091e+03 1.199993398971813639e-02
2.749099999999999909e+03 1.245993531622462992e-02
2.749900000000000091e+03 1.157128199598869700e-02
2.750699999999999818e+03 1.261023585386384684e-02
2.751500000000000000e+03 1.035597132846440872e-02
2.752300000000000182e+03 1.219061138611583425e-02
2.753099999999999909e+03 1.646205482188422414e-02
2.753900000000000091e+03 1.683916762346987506e-02
2.754699999999999818e+03 1.603628313524894933e-02
2.755400000000000091e+03 1.109905172939322504e-02
2.756199999999999818e+03 1.171601907903164867e-02
2.757000000000000000e+03 1.147925253280704036e-02
2.757800000000000182e+03 1.515572125133025916e-02
2.758599999999999909e+03 1.942250422798666096e-02
2.759400000000000091e+03 2.084560765044948458e-02
2.760199999999999818e+03 2.019223674286502526e-02
2.760900000000000091e+03 1.815301218276638498e-02
2.761699999999999818e+03 1.236969677357480785e-02
2.762500000000000000e+03 1.626517224277385792e-02
2.763300000000000182e+03 1.596633138534635926e-02
2.764099999999999909e+03 1.903440109092312260e-02
2.764900000000000091e+03 1.241901565892037859e-02
2.765599999999999909e+03 7.689314623568095641e-03
2.766400000000000091e+03 4.947515301765611183e-03
2.767199999999999818e+03 2.112686978240846739e-03
2.768000000000000000e+03 3.646006561180500320e-03
2.768800000000000182e+03 2.084723882158264277e-02
2.769599999999999909e+03 1.257764679611983981e-02
2.770400000000000091e+03 8.287428100343319920e-03
2.771099999999999909e+03 8.617701792045916881e-03
2.771900000000000091e+03 3.236355050495620493e-03
2.772699999999999818e+03 5.093842742107247516e-03
2.773500000000000000e+03 1.258707369003188997e-02
2.774300000000000182e+03 2.322352130140172694e-02
2.775099999999999909e+03 1.761446303716437956e-02
2.775800000000000182e+03 1.040510260534931175e-02
2.776599999999999909e+03 3.593298705087454546e-03
2.777400000000000091e+03 2.439472482830301603e-03
2.778199999999999818e+03 1.245566613558075214e-02
2.779000000000000000e+03 3.547190389796444233e-03
2.779699999999999818e+03 1.895627567455053205e-03
2.780500000000000000e+03 7.352074269014231139e-03
2.781300000000000182e+03 8.304672178710312963e-03
2.782099999999999909e+03 9.098805758697463969e-03
2.782900000000000091e+03 7.557123718221619990e-03
2.783699999999999818e+03 7.512682921459090148e-03
2.784400000000000091e+03 1.261227784524074358e-03
2.785199999999999818e+03 2.665879521028761707e-03
2.786000000000000000e+03 7.700253224588322551e-03
2.786800000000000182e+03 1.237239912369749589e-02
2.787599999999999909e+03 8.823568107136919511e-03
2.788300000000000182e+03 6.499192193973115338e-03
2.789099999999999909e+03 1.074317541306167231e-02
2.789900000000000091e+03 1.189275772506772494e-02
2.790699999999999818e+03 1.184470760364434230e-02
2.791500000000000000e+03 1.237836873075463112e-02
2.792199999999999818e+03 1.432417473088454241e-02
2.793000000000000000e+03 1.058198791241263086e-02
2.793800000000000182e+03 2.635945851198395404e-03
2.794599999999999909e+03 1.206465806093429821e-02
2.795300000000000182e+03 1.131951294691000906e-02
2.796099999999999909e+03 1.169135282382248453e-02
2.796900000000000091e+03 1.363937175234328746e-02
2.797699999999999818e+03 1.047460661638678972e-02
2.798500000000000000e+03 6.070398462612054853e-03
2.799199999999999818e+03 1.094387262884102124e-02
2.800000000000000000e+03 1.740818420846533890e-02
2.800800000000000182e+03 1.734825173421590191e-02
2.801599999999999909e+03 6.522910010440419182e-03
2.802400000000000091e+03 6.044455331350602131e-03
2.803099999999999909e+03 1.064012079973113319e-02
2.803900000000000091e+03 1.389460396467242023e-02
2.804699999999999818e+03 9.860624012495582819e-03
2.805500000000000000e+03 1.415220776087982787e-02
2.806199999999999818e+03 1.397679436189700961e-02
2.807000000000000000e+03 1.352684722557216668e-02
2.807800000000000182e+03 3.477422725165808890e-03
2.808599999999999909e+03 7.943956300176613014e-03
2.809300000000000182e+03 1.256268746275613843e-02
2.810099999999999909e+03 9.177399160855588545e-03
2.810900000000000091e+03 7.856398012027553113e-03
2.811699999999999818e+03 1.042485135311053447e-02
2.812400000000000091e+03 1.175853021748554661e-02
2.813199999999999818e+03 7.749248539056960774e-03
2.814000000000000000e+03 4.341956399304422974e-03
2.814800000000000182e+03 1.068250750994440869e-02
2.815500000000000000e+03 1.657913780921217370e-02
2.816300000000000182e+03 2.124582701310866531e-02
2.817099999999999909e+03 1.906910232956381124e-02
2.817900000000000091e+03 8.799608366506651846e-03
2.818599999999999909e+03 3.107290183588218811e-03
2.819400000000000091e+03 3.566888737709559068e-03
2.820199999999999818e+03 7.810703681866675539e-03
2.821000000000000000e+03 2.697176489263674627e-03
2.821699999999999818e+03 -2.137461340744723458e-03
2.822500000000000000e+03 -4.360867730856333828e-03
2.823300000000000182e+03 1.565946390887804247e-03
2.824099999999999909e+03 1.027507602995867851e-03
2.824800000000000182e+03 1.383568805426380922e-03
2.825599999999999909e+03 3.321343244071451456e-03
2.826400000000000091e+03 5.959128484265587868e-03
2.827099999999999909e+03 2.098389749744882914e-03
2.827900000000000091e+03 7.832572094947549274e-03
2.828699999999999818e+03 8.536144292693427504e-03
2.829500000000000000e+03 4.488738066065152410e-03
2.830199999999999818e+03 3.586067657998087081e-03
2.831000000000000000e+03 3.234644719692479718e-03
2.831800000000000182e+03 9.819984758248041096e-03
2.832500000000000000e+03 8.047288322962059537e-03
2.833300000000000182e+03 9.637091760235895477e-03
2.834099999999999909e+03 1.346939177156970119e-02
2.834900000000000091e+03 1.087887701304501853e-02
2.835599999999999909e+03 6.647020642846927611e-03
2.836400000000000091e+03 9.864006467775944531e-03
2.837199999999999818e+03 1.703160982999034345e-02
2.837900000000000091e+03 1.359668580351285766e-02
2.838699999999999818e+03 4.968914885207596083e-03
2.839500000000000000e+03 2.588595951773587853e-03
2.840300000000000182e+03 5.594631442040486763e-03
2.841000000000000000e+03 1.260421635821149487e-02
2.841800000000000182e+03 1.414345876889497658e-02
2.842599999999999909e+03 1.143168465863305880e-02
2.843300000000000182e+03 4.829687037163873584e-03
2.844099999999999909e+03 1.872717797127740336e-02
2.844900000000000091e+03 1.691327550126085072e-02
2.845599999999999909e+03 4.969190153639486615e-03
2.846400000000000091e+03 1.733189949542364005e-03
2.847199999999999818e+03 3.112111259218707134e-03
2.847900000000000091e+03 6.121660574177774025e-03
2.848699999999999818e+03 1.464992883522696701e-02
2.849500000000000000e+03 8.675440380700151499e-03
2.850199999999999818e+03 7.829905896676685878e-03
2.851000000000000000e+03 5.612970274096567604e-03
2.851800000000000182e+03 1.036379561705547993e-02
2.852500000000000000e+03 1.134984821504030419e-02
2.853300000000000182e+03 1.166772050317560483e-02
2.854099999999999909e+03 1.662968553881553208e-02
2.854800000000000182e+03 6.289040842264082345e-03
2.855599999999999909e+03 2.255410805531497635e-03
2.856400000000000091e+03 6.566928209857596233e-03
2.857099999999999909e+03 5.471051582007442453e-03
2.857900000000000091e+03 1.023425300435849145e-02
2.858699999999999818e+03 1.879987486729989971e-02
2.859400000000000091e+03 1.680842512128460225e-02
2.860199999999999818e+03 1.910457578395501066e-02
2.861000000000000000e+03 8.502493119659598059e-03
2.861699999999999818e+03 3.052091530418918255e-03
2.862500000000000000e+03 1.275010588898817547e-03
2.863300000000000182e+03 9.250521988333726756e-03
2.864000000000000000e+03 1.547355484154130933e-02
2.864800000000000182e+03 2.492579523873641317e-02
2.865599999999999909e+03 2.276059330528252059e-02
2.866300000000000182e+03 1.861539727126802768e-02
2.867099999999999909e+03 1.578428999370011868e-02
2.867900000000000091e+03 2.631160277165902478e-02
2.868599999999999909e+03 2.242912393321733894e-02
2.869400000000000091e+03 2.603299655979817925e-02
2.870199999999999818e+03 2.007546949674519562e-02
2.870900000000000091e+03 1.441740965955063368e-02
2.871699999999999818e+03 1.542824356705795388e-02
2.872400000000000091e+03 2.086480706751158917e-02
2.873199999999999818e+03 2.233847809383629132e-02
2.874000000000000000e+03 2.065871867650961174e-02
2.874699999999999818e+03 2.256425675491837562e-02
2.875500000000000000e+03 2.382246197780360161e-02
2.876300000000000182e+03 2.699144420964706692e-02
2.877000000000000000e+03 2.990816104531898029e-02
2.877800000000000182e+03 2.719399178000645595e-02
2.878599999999999909e+03 1.750606111583927899e-02
2.879300000000000182e+03 1.793449584848042302e-02
2.880099999999999909e+03 1.983467710141695664e-02
2.880800000000000182e+03 2.028490558797409193e-02
2.881599999999999909e+03 2.705327821257240764e-02
2.882400000000000091e+03 2.925154458603552651e-02
2.883099999999999909e+03 2.904343302304591631e-02
2.883900000000000091e+03 4.303793894697838934e-02
2.884599999999999909e+03 3.693516070274268509e-02
2.885400000000000091e+03 3.432049068344722453e-02
2.886199999999999818e+03 4.131864230040675767e-02
2.886900000000000091e+03 4.978659051266181440e-02
2.887699999999999818e+03 5.368474759317379968e-02
2.888400000000000091e+03 4.803155579831021316e-02
2.889199999999999818e+03 4.880203057242027409e-02
2.890000000000000000e+03 4.961637070602046423e-02
2.890699999999999818e+03 5.885649225483673141e-02
2.891500000000000000e+03 5.058920767782587591e-02
2.892199999999999818e+03 5.500027505376895581e-02
2.893000000000000000e+03 4.696193398469359487e-02
2.893800000000000182e+03 5.176315525257323136e-02
2.894500000000000000e+03 5.499928099040635177e-02
2.895300000000000182e+03 5.869557380664222612e-02
2.896000000000000000e+03 6.459369327520643467e-02
2.896800000000000182e+03 6.504882869043293603e-02
2.897599999999999909e+03 7.862604839081363539e-02
2.898300000000000182e+03 7.247971871583995529e-02
2.899099999999999909e+03 8.313219857772108368e-02
2.899800000000000182e+03 7.645084556325265623e-02
2.900599999999999909e+03 9.039722088591442550e-02
2.901400000000000091e+03 1.096048986050816992e-01
2.902099999999999909e+03 1.051158273655316833e-01
2.902900000000000091e+03 1.104823810675171769e-01
2.903599999999999909e+03 1.199090296156635066e-01
2.904400000000000091e+03 1.341286605800471321e-01
2.905099999999999909e+03 1.364235103306761232e-01
2.905900000000000091e+03 1.417550604643474932e-01
2.906699999999999818e+03 1.467486395603853633e-01
2.907400000000000091e+03 1.489431630996354006e-01
2.908199999999999818e+03 1.437665123913152154e-01
2.908900000000000091e+03 1.613893741975651885e-01
2.909699999999999818e+03 1.583709184411466464e-01
2.910400000000000091e+03 1.522432350571309989e-01
2.911199999999999818e+03 1.616248067874401506e-01
2.911900000000000091e+03 1.648826052968461187e-01
2.912699999999999818e+03 1.732377530262538268e-01
2.913500000000000000e+03 1.548592380800440926e-01
2.914199999999999818e+03 1.476651639869892563e-01
2.915000000000000000e+03 1.388317868488568307e-01
2.915699999999999818e+03 1.313274515040372958e-01
2.916500000000000000e+03 1.245371110227028455e-01
2.917199999999999818e+03 1.143874139244599603e-01
2.918000000000000000e+03 1.174750146218496855e-01
2.918699999999999818e+03 9.881283821867156703e-02
2.919500000000000000e+03 1.107968873503108742e-01
2.920300000000000182e+03 1.021200225281504309e-01
2.921000000000000000e+03 8.492980502528553466e-02
2.921800000000000182e+03 6.998203589802887148e-02
2.922500000000000000e+03 6.371461797876290523e-02
2.923300000000000182e+03 6.202996153937263835e-02
2.924000000000000000e+03 5.151979195079561813e-02
2.924800000000000182e+03 5.497721224324816913e-02
2.925500000000000000e+03 4.583856655472091923e-02
2.926300000000000182e+03 4.581967922936977522e-02
2.927000000000000000e+03 6.078457767581550014e-02
2.927800000000000182e+03 4.560974667207719213e-02
2.928500000000000000e+03 4.014706718327012980e-02
2.929300000000000182e+03 3.543145786208952430e-02
2.930000000000000000e+03 2.713597802024472067e-02
2.930800000000000182e+03 3.145376545213081354e-02
2.931599999999999909e+03 3.488394271333780661e-02
2.932300000000000182e+03 3.556528530471871757e-02
2.933099999999999909e+03 3.374014488776247433e-02
2.933800000000000182e+03 2.774541117972538495e-02
2.934599999999999909e+03 3.207927225412454675e-02
2.935300000000000182e+03 2.055357441353828502e-02
2.936099999999999909e+03 1.357437357345844808e-02
2.936800000000000182e+03 1.597248013547631143e-02
2.937599999999999909e+03 1.534804174844118206e-02
2.938300000000000182e+03 1.957284211785935077e-02
2.939099999999999909e+03 2.018602153587559581e-02
2.939800000000000182e+03 3.082045588428714011e-02
2.940599999999999909e+03 1.735158209306202418e-02
2.941300000000000182e+03 1.727954573561201260e-02
2.942099999999999909e+03 1.793713293018928123e-02
2.942800000000000182e+03 1.633914959347253920e-02
2.943599999999999909e+03 2.003840362642356557e-02
2.944300000000000182e+03 2.503699120846344592e-02
2.945099999999999909e+03 1.805053299279086795e-02
2.945800000000000182e+03 1.235153839156368817e-02
2.946599999999999909e+03 1.134184000448415670e-02
2.947300000000000182e+03 7.524351411522006011e-03
2.948099999999999909e+03 5.291465692458641179e-03
2.948800000000000182e+03 1.467112214783660275e-03
2.949599999999999909e+03 6.310665087810749148e-03
2.950300000000000182e+03 2.538342078990657186e-03
2.951099999999999909e+03 6.742792767564084397e-03
2.951800000000000182e+03 1.604793097711868996e-02
2.952599999999999909e+03 1.593308545996920469e-02
2.953300000000000182e+03 1.178117536699373018e-02
2.954000000000000000e+03 9.526622202191550176e-03
2.954800000000000182e+03 1.367520020079238119e-02
2.955500000000000000e+03 1.719351764372437780e-02
2.956300000000000182e+03 9.333506665083368681e-03
2.957000000000000000e+03 9.220790193003209094e-04
2.957800000000000182e+03 9.732957185340264383e-04
2.958500000000000000e+03 1.824986226146537577e-02
2.959300000000000182e+03 1.602004149425443474e-02
2.960000000000000000e+03 6.456493451738932500e-03
2.960800000000000182e+03 1.389310471409206660e-02
2.961500000000000000e+03 6.196339912245732440e-03
2.962300000000000182e+03 4.441591633468801661e-03
2.963000000000000000e+03 8.576508396443204701e-03
2.963800000000000182e+03 1.296788435493029246e-02
2.964500000000000000e+03 5.344591899406917097e-03
2.965300000000000182e+03 -4.200651101899433894e-03
2.966000000000000000e+03 1.050753909061151415e-03
2.966699999999999818e+03 1.042671005686091751e-02
2.967500000000000000e+03 1.071617729507210945e-02
2.968199999999999818e+03 1.217184410227288745e-02
2.969000000000000000e+03 1.055027524511060067e-03
2.969699999999999818e+03 3.246714086206972921e-04
2.970500000000000000e+03 5.801378991007103032e-03
2.971199999999999818e+03 7.424185308359467980e-03
2.972000000000000000e+03 1.103283757410995769e-02
2.972699999999999818e+03 1.327299422008491880e-02
2.973400000000000091e+03 1.622198337311648794e-02
2.974199999999999818e+03 1.113737648671747626e-02
2.974900000000000091e+03 1.128560178919374088e-02
2.975699999999999818e+03 1.198051741115381194e-02
2.976400000000000091e+03 1.323171655877336192e-02
2.977199999999999818e+03 7.697185486738864109e-03
2.977900000000000091e+03 1.649275540682637597e-02
2.978699999999999818e+03 1.807263588219916103e-02
2.979400000000000091e+03 1.863012312136298754e-02
2.980099999999999909e+03 1.618450818644314934e-02
2.980900000000000091e+03 1.042997605848051609e-02
2.981599999999999909e+03 1.896917403670280930e-02
2.982400000000000091e+03 1.689922341488251517e-02
2.983099999999999909e+03 1.097525779526601492e-02
2.983900000000000091e+03 1.520263598085647844e-02
2.984599999999999909e+03 1.572992445437344095e-02
2.985300000000000182e+03 1.842291668613534050e-02
2.986099999999999909e+03 2.092259438288727319e-02
2.986800000000000182e+03 1.239099672068316380e-02
2.987599999999999909e+03 1.424451791996429913e-02
2.988300000000000182e+03 2.406722123421254841e-02
2.989000000000000000e+03 2.439582452209560284e-02
2.989800000000000182e+03 2.196372212984151057e-02
2.990500000000000000e+03 2.440057201107907053e-02
2.991300000000000182e+03 2.970791654797631451e-02
2.992000000000000000e+03 1.939925161686514854e-02
2.992699999999999818e+03 1.606987498398779537e-02
2.993500000000000000e+03 2.087350890667283299e-02
2.994199999999999818e+03 2.295145673534575159e-02
2.995000000000000000e+03 1.783634102103262564e-02
2.995699999999999818e+03 2.273068454522753773e-02
2.996500000000000000e+03 2.277938832274825631e-02
2.997199999999999818e+03 2.097420130640363298e-02
2.997900000000000091e+03 1.931053945541115480e-02
2.998699999999999818e+03 2.524198196066087738e-02
2.999400000000000091e+03 2.318218898684297133e-02
3.000099999999999909e+03 1.586630716881860803e-02
3.000900000000000091e+03 2.163320453320090320e-02
3.001599999999999909e+03 1.819386582411035291e-02
3.002400000000000091e+03 2.047207197932113948e-02
3.003099999999999909e+03 2.076276873383323812e-02
3.003800000000000182e+03 1.517083865123669897e-02
3.004599999999999909e+03 1.593336543050859547e-02
3.005300000000000182e+03 1.289150537992264471e-02
3.006099999999999909e+03 1.385995340469732898e-02
3.006800000000000182e+03 5.465364787033383243e-03
3.007500000000000000e+03 6.175982026404859201e-03
3.008300000000000182e+03 1.907175772807603170e-02
3.009000000000000000e+03 1.431763785549734248e-02
3.009699999999999818e+03 8.367536509230503322e-03
3.010500000000000000e+03 5.976165421023433427e-03
3.011199999999999818e+03 1.082095072185728854e-02
3.012000000000000000e+03 5.885182425464214294e-03
3.012699999999999818e+03 3.768344065168225277e-03
3.013400000000000091e+03 1.256020693796454715e-02
3.014199999999999818e+03 1.211197853049304080e-02
3.014900000000000091e+03 1.288525189207120371e-02
3.015599999999999909e+03 3.763165417741244113e-03
3.016400000000000091e+03 6.444523955600921922e-03
3.017099999999999909e+03 1.385209960851014471e-02
3.017900000000000091e+03 1.152856099361918539e-02
3.018599999999999909e+03 5.687784485956802125e-03
3.019300000000000182e+03 1.004281200525142942e-02
3.020099999999999909e+03 7.486100978159405776e-03
3.020800000000000182e+03 -2.994198172102140697e-03
3.021500000000000000e+03 6.057171886677800710e-03
3.022300000000000182e+03 5.137812215154555044e-03
3.023000000000000000e+03 1.308227992186488005e-02
3.023699999999999818e+03 1.327308745769869777e-02
3.024500000000000000e+03 5.695651855721930307e-03
3.025199999999999818e+03 -2.161882633238930429e-04
3.025900000000000091e+03 3.742976388806890185e-03
3.026699999999999818e+03 3.065477569386802943e-03
3.027400000000000091e+03 6.613804485547197971e-03
3.028099999999999909e+03 7.250294613346044970e-03
3.028900000000000091e+03 7.311054310411360668e-03
3.029599999999999909e+03 6.402165562104356576e-03
3.030300000000000182e+03 1.279565613731013275e-02
3.031099999999999909e+03 9.459247804248971728e-03
3.031800000000000182e+03 1.167347746744042299e-02
3.032500000000000000e+03 5.746857445740350193e-03
3.033300000000000182e+03 1.156429315988789005e-03
3.034000000000000000e+03 8.365979440503400200e-03
3.034699999999999818e+03 1.205835985803935251e-02
3.035500000000000000e+03 1.163215656656094686e-02
3.036199999999999818e+03 1.052937716443579953e-02
3.036900000000000091e+03 9.838484673436426187e-03
3.037699999999999818e+03 1.004316678807502805e-02
3.038400000000000091e+03 8.246819449823186363e-03
3.039099999999999909e+03 8.877508623575171634e-03
3.039900000000000091e+03 6.225739619843916745e-03
3.040599999999999909e+03 4.664674702497476587e-03
3.041300000000000182e+03 1.058538270651714769e-02
3.042099999999999909e+03 1.467576315596128347e-02
3.042800000000000182e+03 1.884337569147306532e-02
3.043500000000000000e+03 1.044858381288736593e-02
3.044300000000000182e+03 6.710748788925968711e-03
3.045000000000000000e+03 8.150406089978077737e-03
3.045699999999999818e+03 1.076443813527988916e-02
3.046500000000000000e+03 7.853639135300691590e-03
3.047199999999999818e+03 1.197680087032467443e-02
3.047900000000000091e+03 1.149468525074970153e-02
3.048599999999999909e+03 5.500164766961752882e-03
3.049400000000000091e+03 1.007378755323531765e-02
3.050099999999999909e+03 8.939680201557083719e-03
3.050800000000000182e+03 1.038733122569366479e-02
3.051599999999999909e+03 2.135274326470546283e-02
3.052300000000000182e+03 1.027049153398007161e-02
3.053000000000000000e+03 8.043281620985647667e-03
3.053800000000000182e+03 1.188821932064116141e-02
3.054500000000000000e+03 6.772000485688925084e-03
3.055199999999999818e+03 5.386054682617194903e-03
3.055900000000000091e+03 1.127845578525194653e-02
3.056699999999999818e+03 1.117470268838893083e-02
3.057400000000000091e+03 1.557764868460187815e-02
3.058099999999999909e+03 1.458805179978573188e-02
3.058900000000000091e+03 2.004607490734112291e-02
3.059599999999999909e+03 1.817635715722240933e-02
3.060300000000000182e+03 1.281511616520444180e-02
3.061000000000000000e+03 9.444648665948003272e-03
3.061800000000000182e+03 8.439974559188868214e-03
3.062500000000000000e+03 1.475428528927888797e-02
3.063199999999999818e+03 1.178416185564893151e-02
3.064000000000000000e+03 8.396136032244708863e-03
3.064699999999999818e+03 7.665283881736165150e-03
3.065400000000000091e+03 5.781870290055829767e-03
3.066099999999999909e+03 1.321720926081267934e-02
3.066900000000000091e+03 1.352431461859435712e-02
3.067599999999999909e+03 1.106868329926729254e-02
3.068300000000000182e+03 7.841622879121067091e-03
3.069000000000000000e+03 1.418988920037257857e-02
3.069800000000000182e+03 1.248134489266524566e-02
3.070500000000000000e+03 1.464006996551063533e-02
3.071199999999999818e+03 8.104543110931370503e-03
3.072000000000000000e+03 7.156802349000239601e-03
3.072699999999999818e+03 1.189184030380505651e-02
3.073400000000000091e+03 1.710570079177773511e-02
3.074099999999999909e+03 1.746892497616571796e-02
3.074900000000000091e+03 1.822467933113953997e-02
3.075599999999999909e+03 1.924360951849713938e-02
3.076300000000000182e+03 1.049046096151870847e-02
3.077000000000000000e+03 1.214357715758267696e-02
3.077800000000000182e+03 1.376535959220210985e-02
3.078500000000000000e+03 6.376020173387605960e-03
3.079199999999999818e+03 5.821233574030772878e-03
3.079900000000000091e+03 1.410973674137884319e-02
3.080699999999999818e+03 1.441588777364696296e-02
3.081400000000000091e+03 1.235229546616338145e-02
3.082099999999999909e+03 9.553837710187810389e-03
3.082800000000000182e+03 1.186849313712278614e-02
3.083599999999999909e+03 1.042504881814601027e-02
3.084300000000000182e+03 8.988757617812148659e-03
3.085000000000000000e+03 1.504346834395936527e-02
3.085699999999999818e+03 1.582329665888923195e-02
3.086500000000000000e+03 7.027127870578724761e-03
3.087199999999999818e+03 8.524426823244994622e-03
3.087900000000000091e+03 7.627150752961948076e-03
3.088599999999999909e+03 1.556622130636165467e-02
3.089300000000000182e+03 6.937164316098886653e-03
3.090099999999999909e+03 9.083289886576745645e-03
3.090800000000000182e+03 6.489058794788782336e-03
3.091500000000000000e+03 5.509333755489414022e-03
3.092199999999999818e+03 1.600308815006333887e-02
3.093000000000000000e+03 2.078356382397489321e-02
3.093699999999999818e+03 1.111253360006117866e-02
3.094400000000000091e+03 1.387323866505639838e-02
3.095099999999999909e+03 1.505075892633538429e-02
3.095800000000000182e+03 8.926142524183139360e-03
3.096599999999999909e+03 1.301270508028710624e-02
3.097300000000000182e+03 1.556656343513556154e-02
3.098000000000000000e+03 1.293465036065995569e-02
3.098699999999999818e+03 1.952914327606674466e-02
3.099500000000000000e+03 9.326927989392106919e-03
3.100199999999999818e+03 1.079657604138675904e-02
3.100900000000000091e+03 1.327098935111915151e-02
3.101599999999999909e+03 1.158987847586700690e-02
3.102300000000000182e+03 9.661048262447647153e-03
3.103099999999999909e+03 9.533000723498677442e-03
3.103800000000000182e+03 8.281680275580748790e-03
3.104500000000000000e+03 1.325407141341002938e-02
3.105199999999999818e+03 1.735296106887447912e-02
3.105900000000000091e+03 1.273827907460903588e-02
3.106699999999999818e+03 1.195203620790366572e-02
3.107400000000000091e+03 8.247435617332639010e-03
3.108099999999999909e+03 1.074624589630078508e-02
3.108800000000000182e+03 1.910194647632874193e-02
3.109500000000000000e+03 1.222869597513245345e-02
3.110300000000000182e+03 1.323082264957447379e-02
3.111000000000000000e+03 9.484686196383505796e-03
3.111699999999999818e+03 4.655310124010244091e-03
3.112400000000000091e+03 8.754304829709142616e-03
3.113099999999999909e+03 1.059051983754076207e-02
3.113900000000000091e+03 1.224302389905337733e-02
3.114599999999999909e+03 1.121255692503563862e-02
3.115300000000000182e+03 9.276818110705964404e-03
3.116000000000000000e+03 1.225637203846996134e-02
3.116699999999999818e+03 1.298598995161980019e-02
3.117500000000000000e+03 1.195346952033496217e-02
3.118199999999999818e+03 1.089950393814724354e-02
3.118900000000000091e+03 1.033568748513951155e-02
3.119599999999999909e+03 1.101483864530058282e-02
3.120300000000000182e+03 1.694898227224690690e-02
3.121000000000000000e+03 6.696712462992210173e-03
3.121800000000000182e+03 9.935833509881954184e-03
3.122500000000000000e+03 1.221961717305937618e-02
3.123199999999999818e+03 1.004453377337665917e-02
3.123900000000000091e+03 1.486338934491661552e-02
3.124599999999999909e+03 1.285656555726175446e-02
3.125400000000000091e+03 1.588708840607076095e-02
3.126099999999999909e+03 9.866199041547438209e-03
3.126800000000000182e+03 9.540309890216897015e-03
3.127500000000000000e+03 1.066013120191825619e-02
3.128199999999999818e+03 1.455570216200116618e-02
3.128900000000000091e+03 6.982919070576265076e-03
3.129699999999999818e+03 4.172966885977937024e-03
3.130400000000000091e+03 5.768764274796474648e-03
3.131099999999999909e+03 9.178681805533685928e-03
3.131800000000000182e+03 6.801710047748378909e-03
3.132500000000000000e+03 1.690667358963621062e-03
3.133199999999999818e+03 5.384486367796339351e-03
3.133900000000000091e+03 4.481656025206498008e-03
3.134699999999999818e+03 9.344577984656743039e-03
3.135400000000000091e+03 5.088619796229828553e-03
3.136099999999999909e+03 1.260454293928695013e-02
3.136800000000000182e+03 9.939914734325906720e-03
3.137500000000000000e+03 5.996553996024060057e-03
3.138199999999999818e+03 7.860543430558052103e-03
3.139000000000000000e+03 9.500254952150550755e-03
3.139699999999999818e+03 1.427344314254323787e-02
3.140400000000000091e+03 1.793698166715732706e-02
3.141099999999999909e+03 1.148850421653237891e-02
3.141800000000000182e+03 8.426687617147697942e-03
3.142500000000000000e+03 1.027223945825313581e-02
3.143199999999999818e+03 1.303472539671978944e-02
3.144000000000000000e+03 1.558009619511008075e-02
3.144699999999999818e+03 1.676060904067824819e-02
3.145400000000000091e+03 1.504421203163535704e-02
3.146099999999999909e+03 1.128672326081676426e-02
3.146800000000000182e+03 1.448162086497714954e-02
3.147500000000000000e+03 1.655982117270319090e-02
3.148199999999999818e+03 1.099850430983073668e-02
3.149000000000000000e+03 9.732321515020748645e-03
3.149699999999999818e+03 1.134912824904400416e-02
3.150400000000000091e+03 1.434287007941622075e-02
3.151099999999999909e+03 1.487410624313571794e-02
3.151800000000000182e+03 1.494593898803608066e-02
3.152500000000000000e+03 1.837008568568867378e-02
3.153199999999999818e+03 1.754290684508533552e-02
3.153900000000000091e+03 1.128880145603833145e-02
3.154699999999999818e+03 1.291799186332225936e-02
3.155400000000000091e+03 1.162229668801431290e-02
3.156099999999999909e+03 7.668952394907223823e-03
3.156800000000000182e+03 1.536619915239617259e-02
3.157500000000000000e+03 2.489454745884840670e-02
3.158199999999999818e+03 1.504514312234575199e-02
3.158900000000000091e+03 9.720048436977404144e-03
3.159599999999999909e+03 1.292186259354705623e-02
3.160300000000000182e+03 1.318126570857937156e-02
3.161099999999999909e+03 1.573649852116085560e-02
3.161800000000000182e+03 1.288918872013992620e-02
3.162500000000000000e+03 1.023135394888682360e-02
3.163199999999999818e+03 1.819924194188154640e-02
3.163900000000000091e+03 1.621678569089494981e-02
3.164599999999999909e+03 1.270570956592784531e-02
3.165300000000000182e+03 1.611829602147177298e-02
3.166000000000000000e+03 1.754063196064467242e-02
3.166699999999999818e+03 9.927903020105478121e-03
3.167500000000000000e+03 1.156625371021698101e-02
3.168199999999999818e+03 1.522267695030122062e-02
3.168900000000000091e+03 1.010708920282333244e-02
3.169599999999999909e+03 1.041028062289833279e-02
3.170300000000000182e+03 1.745452360386542251e-02
3.171000000000000000e+03 1.686815461036164643e-02
3.171699999999999818e+03 1.239022501609375257e-02
3.172400000000000091e+03 1.724060764699500772e-02
3.173099999999999909e+03 1.322867094220935014e-02
3.173800000000000182e+03 1.872658908535727515e-02
3.174500000000000000e+03 2.806234423208219669e-02
3.175300000000000182e+03 1.930593932343966507e-02
3.176000000000000000e+03 1.530770161592435140e-02
3.176699999999999818e+03 1.874061530282080876e-02
3.177400000000000091e+03 1.469439452596607402e-02
3.178099999999999909e+03 1.296590972712016732e-02
3.178800000000000182e+03 1.120388556464580951e-02
3.179500000000000000e+03 1.170931323346020327e-02
3.180199999999999818e+03 1.471416044133772548e-02
3.180900000000000091e+03 1.253403596114884000e-02
3.181599999999999909e+03 1.213869420090685561e-02
3.182300000000000182e+03 1.901596911601486847e-02
3.183000000000000000e+03 1.741837756515630595e-02
3.183800000000000182e+03 1.303837648656721963e-02
3.184500000000000000e+03 2.604285380150670945e-03
3.185199999999999818e+03 1.495980565404470518e-02
3.185900000000000091e+03 1.698236925956670904e-02
3.186599999999999909e+03 1.439218054734360194e-02
3.187300000000000182e+03 9.462682443748777344e-03
3.188000000000000000e+03 1.246276600173382154e-02
3.188699999999999818e+03 1.842515305351833527e-02
3.189400000000000091e+03 1.550148507426309455e-02
3.190099999999999909e+03 1.244258738077727751e-02
3.190800000000000182e+03 6.568118720691682073e-03
3.191500000000000000e+03 1.436262205413432400e-02
3.192199999999999818e+03 1.829539171160895691e-02
3.192900000000000091e+03 1.653808030828969947e-02
3.193599999999999909e+03 2.208215294168541093e-02
3.194400000000000091e+03 1.732782144804383140e-02
3.195099999999999909e+03 1.356116113263712911e-02
3.195800000000000182e+03 1.200823547491242094e-02
3.196500000000000000e+03 1.479657516804347081e-02
3.197199999999999818e+03 1.716681050683473153e-02
3.197900000000000091e+03 1.901588116194099370e-02
3.198599999999999909e+03 2.525110574352695467e-02
3.199300000000000182e+03 1.640255380352115960e-02
3.200000000000000000e+03 1.284551375803138357e-02
