1.022999999999999972e+02 8.993187752646047972e-01
1.035999999999999943e+02 1.204129469423116383e+00
1.050000000000000000e+02 1.465584139137994457e+00
1.062999999999999972e+02 1.675113854643671463e+00
1.077000000000000028e+02 1.831195586548769905e+00
1.090000000000000000e+02 1.937055432599386284e+00
1.104000000000000057e+02 1.999494051657287663e+00
1.117000000000000028e+02 2.027315093226464082e+00
1.130000000000000000e+02 2.029658874404027813e+00
1.144000000000000057e+02 2.015720670874867171e+00
1.157000000000000028e+02 1.995158983617061565e+00
1.170999999999999943e+02 1.976397352127090556e+00
1.184000000000000057e+02 1.963130275033311722e+00
1.197999999999999972e+02 1.954127571365988025e+00
1.210999999999999943e+02 1.947516188417807159e+00
1.224000000000000057e+02 1.943541028105851165e+00
1.237999999999999972e+02 1.943656971168925995e+00
1.250999999999999943e+02 1.948611231359599794e+00
1.265000000000000000e+02 1.956878444080807355e+00
1.277999999999999972e+02 1.965305092447427349e+00
1.290999999999999943e+02 1.971099126447173333e+00
1.305000000000000000e+02 1.972129958312828890e+00
1.318000000000000114e+02 1.967622793694051353e+00
1.330999999999999943e+02 1.959444850586501641e+00
1.345000000000000000e+02 1.950344884423843794e+00
1.358000000000000114e+02 1.941115953681776585e+00
1.371999999999999886e+02 1.930204760201507552e+00
1.385000000000000000e+02 1.914830048625729919e+00
1.398000000000000114e+02 1.892488034478422287e+00
1.411999999999999886e+02 1.862465215592690182e+00
1.425000000000000000e+02 1.825775761454600410e+00
1.438000000000000114e+02 1.783761652954457766e+00
1.451999999999999886e+02 1.736986665980741362e+00
1.465000000000000000e+02 1.685220401084974284e+00
1.478000000000000114e+02 1.628918093862551819e+00
1.491999999999999886e+02 1.570000300761244194e+00
1.505000000000000000e+02 1.510119690853979346e+00
1.518000000000000114e+02 1.449394674488181156e+00
1.531999999999999886e+02 1.388352135335411797e+00
1.545000000000000000e+02 1.330146110628891432e+00
1.558000000000000114e+02 1.278391070580831457e+00
1.571999999999999886e+02 1.233639396836484048e+00
1.585000000000000000e+02 1.194939453682013930e+00
1.598000000000000114e+02 1.163536694761982737e+00
1.610999999999999943e+02 1.141605762797352819e+00
1.625000000000000000e+02 1.128647421026689912e+00
1.638000000000000114e+02 1.122261066982499722e+00
1.650999999999999943e+02 1.120814332153727388e+00
1.665000000000000000e+02 1.124005755732563783e+00
1.678000000000000114e+02 1.132270047580557382e+00
1.690999999999999943e+02 1.144949536465715623e+00
1.704000000000000057e+02 1.159572838851344656e+00
1.718000000000000114e+02 1.174268349526354172e+00
1.730999999999999943e+02 1.188520862379708110e+00
1.744000000000000057e+02 1.201161227121327668e+00
1.758000000000000114e+02 1.210557451769660009e+00
1.770999999999999943e+02 1.215721215732735061e+00
1.784000000000000057e+02 1.215411617455151472e+00
1.796999999999999886e+02 1.207440619571240381e+00
1.810999999999999943e+02 1.189357962116993406e+00
1.824000000000000057e+02 1.160091197126839280e+00
1.836999999999999886e+02 1.120523637570440822e+00
1.850000000000000000e+02 1.071480864994638349e+00
1.864000000000000057e+02 1.012689031111152049e+00
1.876999999999999886e+02 9.443124384626746526e-01
1.890000000000000000e+02 8.682199638285590382e-01
1.903000000000000114e+02 7.873831709152387948e-01
1.915999999999999943e+02 7.045786375140452584e-01
1.930000000000000000e+02 6.214153118761589489e-01
1.943000000000000114e+02 5.382419827706428350e-01
1.955999999999999943e+02 4.560061157177854874e-01
1.969000000000000057e+02 3.776693450496468873e-01
1.981999999999999886e+02 3.063626467513925755e-01
1.995999999999999943e+02 2.431939721115771169e-01
2.009000000000000057e+02 1.878860403210720065e-01
2.021999999999999886e+02 1.399236347463690966e-01
2.035000000000000000e+02 9.892112939095197566e-02
2.048000000000000114e+02 6.505411234848419710e-02
2.061999999999999886e+02 3.817217064351193651e-02
2.075000000000000000e+02 1.648387520357867675e-02
2.088000000000000114e+02 -2.174231514085199751e-03
2.100999999999999943e+02 -1.801141589042751234e-02
2.114000000000000057e+02 -2.970410129940467825e-02
2.126999999999999886e+02 -3.691837199643709100e-02
2.140999999999999943e+02 -4.126563831455883763e-02
2.154000000000000057e+02 -4.483157849819409402e-02
2.166999999999999886e+02 -4.813526150748265175e-02
2.180000000000000000e+02 -4.946439804145098124e-02
2.193000000000000114e+02 -4.666039106757424726e-02
2.205999999999999943e+02 -3.948316065866791513e-02
2.220000000000000000e+02 -2.898533332969141507e-02
2.233000000000000114e+02 -1.505050305115279013e-02
2.245999999999999943e+02 3.086431771447880994e-03
2.259000000000000057e+02 2.499206542293169742e-02
2.271999999999999886e+02 4.980402786575825747e-02
2.285000000000000000e+02 7.731103826242680110e-02
2.298000000000000114e+02 1.075302912225160612e-01
2.310999999999999943e+02 1.401936784386900725e-01
2.325000000000000000e+02 1.743646403041207438e-01
2.338000000000000114e+02 2.083709545059478085e-01
2.350999999999999943e+02 2.403561630790708170e-01
2.364000000000000057e+02 2.685024357143549478e-01
2.376999999999999886e+02 2.908888043297398474e-01
2.390000000000000000e+02 3.058720871924576201e-01
2.403000000000000114e+02 3.125103709995766810e-01
2.415999999999999943e+02 3.100977185377061796e-01
2.429000000000000057e+02 2.980308994817048029e-01
2.441999999999999886e+02 2.770702733217004221e-01
2.455000000000000000e+02 2.496475587625288928e-01
2.469000000000000057e+02 2.182868327487803572e-01
2.481999999999999886e+02 1.850303508712531353e-01
2.495000000000000000e+02 1.520190916263873260e-01
2.508000000000000114e+02 1.212706725565765448e-01
2.520999999999999943e+02 9.411883273482241075e-02
2.534000000000000057e+02 7.128737147179116385e-02
2.546999999999999886e+02 5.307006633206864943e-02
2.560000000000000000e+02 3.911462337042108384e-02
2.573000000000000114e+02 2.870376779997976455e-02
2.586000000000000227e+02 2.151428541142108228e-02
2.598999999999999773e+02 1.749277983190537095e-02
2.611999999999999886e+02 1.576666215743195362e-02
2.625000000000000000e+02 1.455891561232291846e-02
2.638000000000000114e+02 1.267953818282704578e-02
2.651000000000000227e+02 1.028685372337618392e-02
2.663999999999999773e+02 8.111360225807631025e-03
2.676999999999999886e+02 6.601660516916975016e-03
2.690000000000000000e+02 5.827186358856780053e-03
2.703000000000000114e+02 6.100033379231903190e-03
2.716000000000000227e+02 8.385846225347777516e-03
2.728999999999999773e+02 1.348910446919522610e-02
2.741999999999999886e+02 2.131368516767158383e-02
2.755000000000000000e+02 3.136094415027792376e-02
2.768000000000000114e+02 4.309562406623528019e-02
2.781000000000000227e+02 5.552308663920687420e-02
2.793999999999999773e+02 6.687259064973960498e-02
2.806999999999999886e+02 7.523836218160691314e-02
2.820000000000000000e+02 7.994229446473116729e-02
2.833000000000000114e+02 8.169263197631507212e-02
2.846000000000000227e+02 8.113491852437862417e-02
2.858999999999999773e+02 7.838204468114680357e-02
2.871999999999999886e+02 7.404930666190126520e-02
2.885000000000000000e+02 6.926847483051679077e-02
2.898000000000000114e+02 6.475971790111120785e-02
2.911000000000000227e+02 6.079128986425012815e-02
2.923999999999999773e+02 5.756068417982000696e-02
2.936999999999999886e+02 5.537742821999831755e-02
2.950000000000000000e+02 5.466250952049292455e-02
2.963000000000000114e+02 5.552102771008084886e-02
2.976000000000000227e+02 5.778422911820461222e-02
2.988999999999999773e+02 6.151877981706253828e-02
3.001999999999999886e+02 6.681535931343456081e-02
3.015000000000000000e+02 7.337121904898138980e-02
3.028000000000000114e+02 8.051244629832624011e-02
3.041000000000000227e+02 8.728709917927016115e-02
3.053999999999999773e+02 9.272134452540219118e-02
3.066000000000000227e+02 9.608484646513804073e-02
3.078999999999999773e+02 9.706248226496672071e-02
3.091999999999999886e+02 9.631457079177889458e-02
3.105000000000000000e+02 9.525057356006910725e-02
3.118000000000000114e+02 9.455205691649831712e-02
3.131000000000000227e+02 9.377626225730233134e-02
3.143999999999999773e+02 9.268550911624175159e-02
3.156999999999999886e+02 9.186749790785968262e-02
3.170000000000000000e+02 9.187805348253266780e-02
3.183000000000000114e+02 9.275938619710627497e-02
3.196000000000000227e+02 9.424139575187327755e-02
3.208000000000000114e+02 9.581009269522318406e-02
3.221000000000000227e+02 9.705084654046716719e-02
3.233999999999999773e+02 9.798035835677107452e-02
3.246999999999999886e+02 9.862118817344708854e-02
3.260000000000000000e+02 9.880391750489590785e-02
3.273000000000000114e+02 9.867688520923366402e-02
3.286000000000000227e+02 9.862634778975007399e-02
3.298999999999999773e+02 9.868013554402352283e-02
3.311000000000000227e+02 9.874229542103853119e-02
3.323999999999999773e+02 9.912513883226491129e-02
3.336999999999999886e+02 1.000447052448281415e-01
3.350000000000000000e+02 1.011627919032094258e-01
3.363000000000000114e+02 1.023063393361163531e-01
3.376000000000000227e+02 1.038269086225676735e-01
3.388999999999999773e+02 1.060324243524909116e-01
3.401000000000000227e+02 1.088243019537505629e-01
3.413999999999999773e+02 1.116785469419807608e-01
3.426999999999999886e+02 1.140397965984809581e-01
3.440000000000000000e+02 1.159517644823753607e-01
3.453000000000000114e+02 1.176283127980070620e-01
3.465000000000000000e+02 1.187035513215025095e-01
3.478000000000000114e+02 1.187540456088187896e-01
3.491000000000000227e+02 1.180086918050545081e-01
3.503999999999999773e+02 1.171372764954894535e-01
3.516999999999999886e+02 1.166036033891901247e-01
3.530000000000000000e+02 1.162687030352586581e-01
3.541999999999999886e+02 1.158185302607459277e-01
3.555000000000000000e+02 1.153159030910534122e-01
3.568000000000000114e+02 1.149397245470287210e-01
3.581000000000000227e+02 1.146836921074016330e-01
3.593999999999999773e+02 1.146160953052034193e-01
3.606000000000000227e+02 1.149683845610915967e-01
3.618999999999999773e+02 1.158607373795486339e-01
3.631999999999999886e+02 1.172129440469751316e-01
3.645000000000000000e+02 1.186945310335588283e-01
3.658000000000000114e+02 1.195415460907696126e-01
3.670000000000000000e+02 1.189709638678214110e-01
3.683000000000000114e+02 1.171026564726552477e-01
3.696000000000000227e+02 1.152016804015766893e-01
3.708999999999999773e+02 1.145555015852912917e-01
3.721000000000000227e+02 1.148178826103587735e-01
3.733999999999999773e+02 1.145418148506800876e-01
3.746999999999999886e+02 1.134989967709480463e-01
3.760000000000000000e+02 1.127558892267455370e-01
3.771999999999999886e+02 1.127992625174623342e-01
3.785000000000000000e+02 1.130025016469662219e-01
3.798000000000000114e+02 1.125246478659933658e-01
3.811000000000000227e+02 1.110614167081748344e-01
3.823000000000000114e+02 1.091357424556208544e-01
3.836000000000000227e+02 1.076280563062663453e-01
3.848999999999999773e+02 1.068209253342326387e-01
3.861999999999999886e+02 1.064602684128189425e-01
3.873999999999999773e+02 1.066278626339809688e-01
3.886999999999999886e+02 1.077816805916120141e-01
3.900000000000000000e+02 1.103295741496148064e-01
3.911999999999999886e+02 1.144486739603374770e-01
3.925000000000000000e+02 1.196830766468960638e-01
3.938000000000000114e+02 1.249457384097512613e-01
3.951000000000000227e+02 1.291730378569667936e-01
3.963000000000000114e+02 1.316871289775191078e-01
3.976000000000000227e+02 1.322049767417210753e-01
3.988999999999999773e+02 1.305845051141161228e-01
4.001000000000000227e+02 1.265352402339243454e-01
4.013999999999999773e+02 1.203737039369421891e-01
4.026999999999999886e+02 1.136724106584549310e-01
4.038999999999999773e+02 1.079475900430234558e-01
4.051999999999999886e+02 1.037120254961544225e-01
4.065000000000000000e+02 1.014889467613180885e-01
4.076999999999999886e+02 1.018453131849073184e-01
4.090000000000000000e+02 1.042891686621687519e-01
4.103000000000000114e+02 1.077769519434692708e-01
4.115000000000000000e+02 1.120074044660539503e-01
4.128000000000000114e+02 1.175534114000231500e-01
4.141000000000000227e+02 1.251978661889773803e-01
4.153000000000000114e+02 1.353053240787941980e-01
4.166000000000000227e+02 1.475756720468555105e-01
4.178999999999999773e+02 1.612395359282803864e-01
4.191000000000000227e+02 1.756567062469328588e-01
4.203999999999999773e+02 1.907178722661360126e-01
4.216999999999999886e+02 2.061650113551454777e-01
4.228999999999999773e+02 2.210916923156353853e-01
4.241999999999999886e+02 2.347153011422647151e-01
4.255000000000000000e+02 2.464777736423821586e-01
4.266999999999999886e+02 2.555561487643591145e-01
4.280000000000000000e+02 2.612601470673769910e-01
4.291999999999999886e+02 2.632627766266352753e-01
4.305000000000000000e+02 2.612612110067519811e-01
4.318000000000000114e+02 2.551415429832241122e-01
4.330000000000000000e+02 2.455151067826186750e-01
4.343000000000000114e+02 2.337783600691546448e-01
4.355000000000000000e+02 2.216633924679658196e-01
4.368000000000000114e+02 2.108885769359854501e-01
4.381000000000000227e+02 2.032212176504323287e-01
4.393000000000000114e+02 1.999041851911068646e-01
4.406000000000000227e+02 2.010053524254405699e-01
4.418000000000000114e+02 2.066310627126924648e-01
4.431000000000000227e+02 2.183140296813660952e-01
4.443999999999999773e+02 2.379677049973469571e-01
4.456000000000000227e+02 2.657539932755586531e-01
4.468999999999999773e+02 2.995994757877953329e-01
4.481000000000000227e+02 3.360016351705537585e-01
4.493999999999999773e+02 3.705258943014981821e-01
4.506999999999999886e+02 3.985483824330269265e-01
4.518999999999999773e+02 4.165963599507197523e-01
4.531999999999999886e+02 4.227821973486770579e-01
4.543999999999999773e+02 4.164986775130843366e-01
4.556999999999999886e+02 3.990075965503738775e-01
4.568999999999999773e+02 3.735034635142255310e-01
4.581999999999999886e+02 3.432515192248734026e-01
4.593999999999999773e+02 3.108327789317442136e-01
4.606999999999999886e+02 2.793126907794406533e-01
4.620000000000000000e+02 2.517339930187481034e-01
4.631999999999999886e+02 2.291087310831383950e-01
4.645000000000000000e+02 2.103900299994363732e-01
4.656999999999999886e+02 1.942783369902494617e-01
4.670000000000000000e+02 1.804232106284852644e-01
4.681999999999999886e+02 1.690550667904666959e-01
4.695000000000000000e+02 1.597869985017066619e-01
4.706999999999999886e+02 1.514975900445243995e-01
4.720000000000000000e+02 1.435523251230012565e-01
4.731999999999999886e+02 1.363284799132821468e-01
4.745000000000000000e+02 1.303306390217284505e-01
4.756999999999999886e+02 1.254434376822478325e-01
4.770000000000000000e+02 1.212944734268552593e-01
4.781999999999999886e+02 1.175397611084978561e-01
4.795000000000000000e+02 1.136066318655844509e-01
4.806999999999999886e+02 1.090251878770691490e-01
4.820000000000000000e+02 1.042250423782710989e-01
4.831999999999999886e+02 1.000091488691197267e-01
4.845000000000000000e+02 9.612747341274544000e-02
4.856999999999999886e+02 9.178928397677946216e-02
4.870000000000000000e+02 8.720945747188757480e-02
4.881999999999999886e+02 8.341827872343156314e-02
4.895000000000000000e+02 8.128564913636339428e-02
4.906999999999999886e+02 8.086036803945698126e-02
4.920000000000000000e+02 8.097014768230167969e-02
4.931999999999999886e+02 7.996751668997299778e-02
4.945000000000000000e+02 7.709640002424962557e-02
4.956999999999999886e+02 7.289709485844152181e-02
4.970000000000000000e+02 6.863750318863449940e-02
4.981999999999999886e+02 6.531773965754081313e-02
4.993999999999999773e+02 6.292912494377127242e-02
5.006999999999999886e+02 6.101565000353079138e-02
5.018999999999999773e+02 5.956079054470191786e-02
5.031999999999999886e+02 5.871421373241159786e-02
5.043999999999999773e+02 5.827521884032264149e-02
5.056999999999999886e+02 5.786812070050779966e-02
5.068999999999999773e+02 5.724722484143679457e-02
5.081999999999999886e+02 5.634914573351371136e-02
5.093999999999999773e+02 5.521671385637873242e-02
5.106000000000000227e+02 5.366964645685207147e-02
5.118999999999999773e+02 5.141236029668449364e-02
5.131000000000000227e+02 4.895590101437117397e-02
5.143999999999999773e+02 4.748602145570837707e-02
5.156000000000000227e+02 4.738011793425049578e-02
5.168999999999999773e+02 4.778481477314885928e-02
5.181000000000000227e+02 4.780804895587416337e-02
5.192999999999999545e+02 4.736685703430409955e-02
5.206000000000000227e+02 4.694620269628639597e-02
5.217999999999999545e+02 4.695212835737497259e-02
5.231000000000000227e+02 4.720623226576711740e-02
5.242999999999999545e+02 4.713291553160943448e-02
5.255000000000000000e+02 4.642917970223127411e-02
5.267999999999999545e+02 4.537793312176244959e-02
5.280000000000000000e+02 4.463931009244081344e-02
5.292999999999999545e+02 4.468890407226419614e-02
5.305000000000000000e+02 4.547636306848942822e-02
5.317000000000000455e+02 4.684723313772458375e-02
5.330000000000000000e+02 4.929051120384096707e-02
5.342000000000000455e+02 5.422717095460755088e-02
5.353999999999999773e+02 6.344916594208732663e-02
5.367000000000000455e+02 7.837430709051843025e-02
5.378999999999999773e+02 1.000755318093409507e-01
5.392000000000000455e+02 1.291347047499722123e-01
5.403999999999999773e+02 1.637140453102771953e-01
5.416000000000000227e+02 1.971487603424147694e-01
5.428999999999999773e+02 2.189084843183431162e-01
5.441000000000000227e+02 2.201546346327058479e-01
5.452999999999999545e+02 1.996986735737917296e-01
5.466000000000000227e+02 1.649075670150041417e-01
5.477999999999999545e+02 1.269765728393703885e-01
5.490000000000000000e+02 9.487881220457804188e-02
5.502999999999999545e+02 7.239675291141352276e-02
5.515000000000000000e+02 5.881967730776720138e-02
5.527000000000000455e+02 5.098633716941169958e-02
5.540000000000000000e+02 4.561396778964671439e-02
5.552000000000000455e+02 4.138281308093541555e-02
5.563999999999999773e+02 3.881812724674602033e-02
5.577000000000000455e+02 3.817088199866929682e-02
5.588999999999999773e+02 3.851234517807294866e-02
5.601000000000000227e+02 3.901258988905156183e-02
5.613999999999999773e+02 3.979436663110346578e-02
5.626000000000000227e+02 4.122131529079488266e-02
5.637999999999999545e+02 4.329881753181982762e-02
5.650000000000000000e+02 4.565328372335294982e-02
5.662999999999999545e+02 4.781599498876716592e-02
5.675000000000000000e+02 4.969196563685362306e-02
5.687000000000000455e+02 5.132136054488527221e-02
5.700000000000000000e+02 5.246662089707980481e-02
5.712000000000000455e+02 5.297930724493419424e-02
5.723999999999999773e+02 5.311800387040306604e-02
5.736000000000000227e+02 5.320567447495695712e-02
5.748999999999999773e+02 5.333754187261130486e-02
5.761000000000000227e+02 5.356828056274680339e-02
5.772999999999999545e+02 5.401184037612896671e-02
5.786000000000000227e+02 5.470275605088216475e-02
5.797999999999999545e+02 5.536023613808904731e-02
5.810000000000000000e+02 5.525820843674741911e-02
5.822000000000000455e+02 5.380353897107056915e-02
5.835000000000000000e+02 5.108065255448578784e-02
5.847000000000000455e+02 4.761327413566030647e-02
5.858999999999999773e+02 4.408863022163139744e-02
5.871000000000000227e+02 4.117511132524973028e-02
5.883999999999999773e+02 3.909310206757207751e-02
5.896000000000000227e+02 3.748278060266692358e-02
5.907999999999999545e+02 3.594617770507976817e-02
5.920000000000000000e+02 3.484072084609126513e-02
5.932999999999999545e+02 3.537463207560417877e-02
5.945000000000000000e+02 3.880324720727183069e-02
5.957000000000000455e+02 4.609475201901405694e-02
5.968999999999999773e+02 5.836029656876082217e-02
5.981000000000000227e+02 7.715683402872339225e-02
5.993999999999999773e+02 1.049432864988971703e-01
6.006000000000000227e+02 1.453827844851307838e-01
6.017999999999999545e+02 2.016171933916637571e-01
6.030000000000000000e+02 2.720536933549364544e-01
6.042999999999999545e+02 3.466418158594639642e-01
6.055000000000000000e+02 4.080232929262772035e-01
6.067000000000000455e+02 4.388365626678052411e-01
6.078999999999999773e+02 4.308639177271330611e-01
6.091000000000000227e+02 3.887170761466872682e-01
6.103999999999999773e+02 3.261995023309454123e-01
6.116000000000000227e+02 2.599423850574572592e-01
6.127999999999999545e+02 2.031776692879771196e-01
6.140000000000000000e+02 1.616852981027966651e-01
6.152000000000000455e+02 1.343847987974303437e-01
6.165000000000000000e+02 1.168884856215517687e-01
6.177000000000000455e+02 1.046953429672952129e-01
6.188999999999999773e+02 9.451175335529743426e-02
6.201000000000000227e+02 8.454197441376978817e-02
6.212999999999999545e+02 7.489691172142276532e-02
6.225000000000000000e+02 6.693934573016868672e-02
6.237999999999999545e+02 6.121008149928665321e-02
6.250000000000000000e+02 5.651642516592766952e-02
6.262000000000000455e+02 5.156775372446199823e-02
6.273999999999999773e+02 4.645878823423273130e-02
6.286000000000000227e+02 4.178436497928131321e-02
6.297999999999999545e+02 3.731056075423735963e-02
6.310000000000000000e+02 3.262060895448389009e-02
6.322999999999999545e+02 2.832721633526950888e-02
6.335000000000000000e+02 2.533313381092847094e-02
6.347000000000000455e+02 2.356036669985620696e-02
6.358999999999999773e+02 2.238424479898921265e-02
6.371000000000000227e+02 2.139497955173567945e-02
6.382999999999999545e+02 2.035858335567736210e-02
6.395000000000000000e+02 1.901336497042455109e-02
6.407999999999999545e+02 1.692883448771082336e-02
6.420000000000000000e+02 1.394688677785220141e-02
6.432000000000000455e+02 1.087343602773982801e-02
6.443999999999999773e+02 8.898643107795999041e-03
6.456000000000000227e+02 8.261959181742700026e-03
6.467999999999999545e+02 8.395551068043826878e-03
6.480000000000000000e+02 9.026043071869147005e-03
6.492000000000000455e+02 9.994300591855862295e-03
6.503999999999999773e+02 1.090676984968995226e-02
6.517000000000000455e+02 1.169810839098706090e-02
6.528999999999999773e+02 1.260320809692341490e-02
6.541000000000000227e+02 1.359873240433315082e-02
6.552999999999999545e+02 1.418728896062129707e-02
6.565000000000000000e+02 1.378387556839584527e-02
6.577000000000000455e+02 1.264889490452206916e-02
6.588999999999999773e+02 1.193320934896054814e-02
6.601000000000000227e+02 1.231833566092958507e-02
6.612999999999999545e+02 1.351625593140113463e-02
6.625000000000000000e+02 1.541151542557882628e-02
6.637000000000000455e+02 1.842421695137212018e-02
6.650000000000000000e+02 2.224764598038245916e-02
6.662000000000000455e+02 2.553277966153060657e-02
6.673999999999999773e+02 2.728833031502525888e-02
6.686000000000000227e+02 2.772262461627493513e-02
6.697999999999999545e+02 2.776751507389096235e-02
6.710000000000000000e+02 2.801306858240399517e-02
6.722000000000000455e+02 2.798228087510601370e-02
6.733999999999999773e+02 2.669391432051488808e-02
6.746000000000000227e+02 2.378378313482566730e-02
6.757999999999999545e+02 1.974561663892812971e-02
6.770000000000000000e+02 1.551107547700844927e-02
6.782000000000000455e+02 1.212977204375825790e-02
6.793999999999999773e+02 1.012302053555059513e-02
6.806000000000000227e+02 8.962903713394011762e-03
6.817999999999999545e+02 7.465229718827934985e-03
6.830000000000000000e+02 4.796888855314151122e-03
6.842000000000000455e+02 1.497405081015140606e-03
6.853999999999999773e+02 -9.137170220038465327e-04
6.866000000000000227e+02 -1.816141408119515245e-03
6.877999999999999545e+02 -2.090819678682888805e-03
6.890000000000000000e+02 -2.568842729339793855e-03
6.902000000000000455e+02 -3.088082290111961170e-03
6.913999999999999773e+02 -3.262507842298800580e-03
6.926000000000000227e+02 -2.978808224886715476e-03
6.937999999999999545e+02 -2.154812202006193764e-03
6.950000000000000000e+02 -9.811866154136928732e-04
6.962000000000000455e+02 -1.897496177706346852e-04
6.973999999999999773e+02 -4.254641132372099371e-04
6.986000000000000227e+02 -1.771101242180427590e-03
6.997999999999999545e+02 -3.920910358524093767e-03
7.010000000000000000e+02 -6.057641845026305767e-03
7.022000000000000455e+02 -7.372754657257428630e-03
7.033999999999999773e+02 -8.220645132628327106e-03
7.046000000000000227e+02 -9.306452579366178077e-03
7.057999999999999545e+02 -1.024826858903894744e-02
7.070000000000000000e+02 -1.051216878935385367e-02
7.082000000000000455e+02 -1.051694633338220997e-02
7.093999999999999773e+02 -1.087260519771275288e-02
7.106000000000000227e+02 -1.154873768637883907e-02
7.117999999999999545e+02 -1.195793752191744684e-02
7.130000000000000000e+02 -1.147315662308593179e-02
7.142000000000000455e+02 -9.905756306580037335e-03
7.153999999999999773e+02 -7.503030610600456424e-03
7.166000000000000227e+02 -4.629907093482450026e-03
7.177999999999999545e+02 -1.600494576483417909e-03
7.190000000000000000e+02 1.375229232581511724e-03
7.202000000000000455e+02 4.252268107717524157e-03
7.213999999999999773e+02 7.184205459553422157e-03
7.226000000000000227e+02 1.047033090944981051e-02
7.237999999999999545e+02 1.424973299270832633e-02
7.250000000000000000e+02 1.822231424382522030e-02
7.262000000000000455e+02 2.203991175314167980e-02
7.272999999999999545e+02 2.605305521956164175e-02
7.285000000000000000e+02 3.103310766938192911e-02
7.297000000000000455e+02 3.680733783530843600e-02
7.308999999999999773e+02 4.225916391072462308e-02
7.321000000000000227e+02 4.701770757230450126e-02
7.332999999999999545e+02 5.203058594872947418e-02
7.345000000000000000e+02 5.858706828185754334e-02
7.357000000000000455e+02 6.717835080707615369e-02
7.368999999999999773e+02 7.726285965772008990e-02
7.381000000000000227e+02 8.825731653174488656e-02
7.392999999999999545e+02 1.002474593175129436e-01
7.405000000000000000e+02 1.135822319980518968e-01
7.416000000000000227e+02 1.282239022411434115e-01
7.427999999999999545e+02 1.437352076332005790e-01
7.440000000000000000e+02 1.600153843715188540e-01
7.452000000000000455e+02 1.778398067350293599e-01
7.463999999999999773e+02 1.987260876039879665e-01
7.476000000000000227e+02 2.248882826670980384e-01
7.487999999999999545e+02 2.592353478077433770e-01
7.500000000000000000e+02 3.045901529119753315e-01
7.511000000000000227e+02 3.625995875238937627e-01
7.522999999999999545e+02 4.334925991759636110e-01
7.535000000000000000e+02 5.169452041399065223e-01
7.547000000000000455e+02 6.130742396903621216e-01
7.558999999999999773e+02 7.212831125117921127e-01
7.571000000000000227e+02 8.349988379401744876e-01
7.582999999999999545e+02 9.353977192966722587e-01
7.595000000000000000e+02 9.931703584968558651e-01
7.606000000000000227e+02 9.822206555357051450e-01
7.617999999999999545e+02 8.969385818487550788e-01
7.630000000000000000e+02 7.593131620312859598e-01
7.642000000000000455e+02 6.075968980366442951e-01
7.653999999999999773e+02 4.747293135900580996e-01
7.666000000000000227e+02 3.753168292136667139e-01
7.677000000000000455e+02 3.079030510242216079e-01
7.688999999999999773e+02 2.638726993137808785e-01
7.701000000000000227e+02 2.342745125173471554e-01
7.712999999999999545e+02 2.123378004615512071e-01
7.725000000000000000e+02 1.937765661248110338e-01
7.737000000000000455e+02 1.768540417078244831e-01
7.747999999999999545e+02 1.617018158812370265e-01
7.760000000000000000e+02 1.488139388081120562e-01
7.772000000000000455e+02 1.381997961604692626e-01
7.783999999999999773e+02 1.293630649361027785e-01
7.796000000000000227e+02 1.217880019548397141e-01
7.807999999999999545e+02 1.157185561309049815e-01
7.818999999999999773e+02 1.118966607224505805e-01
7.831000000000000227e+02 1.100759453492138051e-01
7.842999999999999545e+02 1.087170408401123001e-01
7.855000000000000000e+02 1.064141404212344266e-01
7.867000000000000455e+02 1.027486876255963577e-01
7.877999999999999545e+02 9.810693750295884641e-02
7.890000000000000000e+02 9.324932894321898147e-02
7.902000000000000455e+02 8.871374795576941752e-02
7.913999999999999773e+02 8.474337126031449008e-02
7.926000000000000227e+02 8.166489485326304532e-02
7.937000000000000455e+02 7.956609861513969095e-02
7.948999999999999773e+02 7.806670049751435192e-02
7.961000000000000227e+02 7.690156159684161108e-02
7.972999999999999545e+02 7.596267435105452659e-02
7.983999999999999773e+02 7.484665696564746229e-02
7.996000000000000227e+02 7.328771514103604723e-02
8.007999999999999545e+02 7.188309750596338921e-02
8.020000000000000000e+02 7.141125204170548080e-02
8.031000000000000227e+02 7.191291759383661164e-02
8.042999999999999545e+02 7.320285262571535334e-02
8.055000000000000000e+02 7.507024982539153846e-02
8.067000000000000455e+02 7.659015372027812296e-02
8.077999999999999545e+02 7.687805613567474938e-02
8.090000000000000000e+02 7.650612424975777870e-02
8.102000000000000455e+02 7.672729939320346859e-02
8.113999999999999773e+02 7.809465598405716802e-02
8.125000000000000000e+02 8.101322441117078665e-02
8.137000000000000455e+02 8.665133248818157607e-02
8.148999999999999773e+02 9.662521697067411042e-02
8.161000000000000227e+02 1.127604873680089492e-01
8.172000000000000455e+02 1.369026452987623377e-01
8.183999999999999773e+02 1.701976984911677815e-01
8.196000000000000227e+02 2.129735629968587118e-01
8.207999999999999545e+02 2.647211507591468727e-01
8.218999999999999773e+02 3.234239605511570748e-01
8.231000000000000227e+02 3.847741238484432280e-01
8.242999999999999545e+02 4.417728721433018535e-01
8.253999999999999773e+02 4.854866945322734995e-01
8.266000000000000227e+02 5.068685230474980763e-01
8.277999999999999545e+02 4.996325855472636412e-01
8.290000000000000000e+02 4.635219097659215581e-01
8.301000000000000227e+02 4.049813044414968255e-01
8.312999999999999545e+02 3.344290301016303868e-01
8.325000000000000000e+02 2.626987064556498552e-01
8.336000000000000227e+02 1.985104276240444166e-01
8.347999999999999545e+02 1.470226995939844516e-01
8.360000000000000000e+02 1.093252891416386513e-01
8.371000000000000227e+02 8.314727175059832831e-02
8.382999999999999545e+02 6.500875545601739192e-02
8.395000000000000000e+02 5.225725897136757059e-02
8.406000000000000227e+02 4.349698746998957588e-02
8.417999999999999545e+02 3.829483570722219676e-02
8.430000000000000000e+02 3.658368591491578670e-02
8.441000000000000227e+02 3.759095951988604412e-02
8.452999999999999545e+02 3.970449747729254408e-02
8.465000000000000000e+02 4.152221727706063154e-02
8.476000000000000227e+02 4.222939672242787684e-02
8.487999999999999545e+02 4.137198343311154769e-02
8.500000000000000000e+02 3.942678366693971870e-02
8.511000000000000227e+02 3.774752887085045666e-02
8.522999999999999545e+02 3.705250405475947473e-02
8.535000000000000000e+02 3.677448013044121167e-02
8.546000000000000227e+02 3.615278610303371276e-02
8.557999999999999545e+02 3.499892708405197284e-02
8.570000000000000000e+02 3.334606679655799377e-02
8.581000000000000227e+02 3.137800987821309784e-02
8.592999999999999545e+02 2.948871103209908806e-02
8.605000000000000000e+02 2.778670132096166048e-02
8.616000000000000227e+02 2.627552298477511122e-02
8.627999999999999545e+02 2.583548813551028722e-02
8.638999999999999773e+02 2.774904402057670055e-02
8.651000000000000227e+02 3.211527003433171934e-02
8.662999999999999545e+02 3.813525633502200252e-02
8.673999999999999773e+02 4.565401662838544650e-02
8.686000000000000227e+02 5.532089654738370915e-02
8.697999999999999545e+02 6.808392910627170114e-02
8.708999999999999773e+02 8.488332752610902587e-02
8.721000000000000227e+02 1.057949374911055368e-01
8.732000000000000455e+02 1.295590502213511686e-01
8.743999999999999773e+02 1.539692050439839255e-01
8.756000000000000227e+02 1.758849607844066298e-01
8.767000000000000455e+02 1.916527690450498533e-01
8.778999999999999773e+02 1.987043350736608649e-01
8.790000000000000000e+02 1.969974154501225594e-01
8.802000000000000455e+02 1.893571939734371989e-01
8.813999999999999773e+02 1.799590852281910403e-01
8.825000000000000000e+02 1.717221587097401692e-01
8.837000000000000455e+02 1.651738890412055294e-01
8.847999999999999545e+02 1.591969907077215585e-01
8.860000000000000000e+02 1.523469454574816195e-01
8.871000000000000227e+02 1.441027132833643531e-01
8.882999999999999545e+02 1.355171632952181238e-01
8.895000000000000000e+02 1.286542787923070086e-01
8.906000000000000227e+02 1.256432000808960225e-01
8.917999999999999545e+02 1.277680130714191342e-01
8.928999999999999773e+02 1.345533617468711030e-01
8.941000000000000227e+02 1.437841506887496679e-01
8.952000000000000455e+02 1.522540872713394333e-01
8.963999999999999773e+02 1.562591130485258550e-01
8.976000000000000227e+02 1.526841079453360450e-01
8.987000000000000455e+02 1.409963213817921612e-01
8.998999999999999773e+02 1.236239264635936308e-01
9.010000000000000000e+02 1.038806275641007415e-01
9.022000000000000455e+02 8.405399357038409458e-02
9.032999999999999545e+02 6.565441459964353743e-02
9.045000000000000000e+02 5.027246432018915578e-02
9.056000000000000227e+02 3.881406131350619709e-02
9.067999999999999545e+02 3.051673644832580273e-02
9.078999999999999773e+02 2.392384395775844219e-02
9.091000000000000227e+02 1.837626529888512772e-02
9.102000000000000455e+02 1.392190010301618333e-02
9.113999999999999773e+02 1.061710290459707412e-02
9.126000000000000227e+02 8.381494368556591246e-03
9.137000000000000455e+02 6.880511581778134961e-03
9.148999999999999773e+02 5.726589667636834517e-03
9.160000000000000000e+02 5.100428426314264005e-03
9.172000000000000455e+02 5.602347442002136857e-03
9.182999999999999545e+02 7.491733668586096628e-03
9.195000000000000000e+02 1.048362287071542831e-02
9.206000000000000227e+02 1.380945041324413425e-02
9.217999999999999545e+02 1.653114328468141200e-02
9.228999999999999773e+02 1.832333168643114629e-02
9.241000000000000227e+02 1.918971649174913696e-02
9.252000000000000455e+02 1.870243104612902968e-02
9.263999999999999773e+02 1.695902249601272116e-02
9.275000000000000000e+02 1.527253221468127982e-02
9.287000000000000455e+02 1.457949439333429756e-02
9.297999999999999545e+02 1.415637631728860341e-02
9.310000000000000000e+02 1.258912963882484991e-02
9.321000000000000227e+02 9.363583600275064006e-03
9.332999999999999545e+02 5.214677013034186605e-03
9.343999999999999773e+02 1.343559152019603315e-03
9.355000000000000000e+02 -1.330337610941150547e-03
9.367000000000000455e+02 -2.568638947765198612e-03
9.377999999999999545e+02 -2.933616442090502228e-03
9.390000000000000000e+02 -3.282998878922238455e-03
9.401000000000000227e+02 -3.976389094636308651e-03
9.412999999999999545e+02 -4.890379398088671656e-03
9.423999999999999773e+02 -5.914052289064180082e-03
9.436000000000000227e+02 -6.962093233805268476e-03
9.447000000000000455e+02 -7.954079722181548254e-03
9.458999999999999773e+02 -8.944059945870896228e-03
9.470000000000000000e+02 -9.750016980768364330e-03
9.481000000000000227e+02 -9.813663768322454517e-03
9.492999999999999545e+02 -8.681774048051947579e-03
9.503999999999999773e+02 -6.183784135347562480e-03
9.516000000000000227e+02 -2.552325127399374290e-03
9.527000000000000455e+02 1.531121545589218206e-03
9.538999999999999773e+02 5.555160441003504507e-03
9.550000000000000000e+02 9.467238841708951885e-03
9.562000000000000455e+02 1.353610368252184878e-02
9.572999999999999545e+02 1.830952444377255406e-02
9.583999999999999773e+02 2.383774691679732549e-02
9.596000000000000227e+02 2.918982627057940468e-02
9.607000000000000455e+02 3.348428815492617006e-02
9.618999999999999773e+02 3.665617765870423511e-02
9.630000000000000000e+02 3.869743920667684245e-02
9.641000000000000227e+02 3.907759082949616852e-02
9.652999999999999545e+02 3.784053735206907576e-02
9.663999999999999773e+02 3.610928198070714745e-02
9.676000000000000227e+02 3.443259982037542161e-02
9.687000000000000455e+02 3.239453800723018223e-02
9.697999999999999545e+02 3.013138602051327469e-02
9.710000000000000000e+02 2.829381077882485787e-02
9.721000000000000227e+02 2.704066542215532304e-02
9.732999999999999545e+02 2.629184534966035741e-02
9.743999999999999773e+02 2.620967172680016902e-02
9.755000000000000000e+02 2.657752362169175930e-02
9.767000000000000455e+02 2.647565441369047201e-02
9.777999999999999545e+02 2.529400006516514463e-02
9.790000000000000000e+02 2.346542183824890104e-02
9.801000000000000227e+02 2.196616899158827102e-02
9.812000000000000455e+02 2.146367807979495529e-02
9.823999999999999773e+02 2.241300793592256035e-02
9.835000000000000000e+02 2.541313490588203647e-02
9.846000000000000227e+02 3.049989674010109703e-02
9.857999999999999545e+02 3.692515538877361170e-02
9.868999999999999773e+02 4.402866896662896434e-02
9.881000000000000227e+02 5.120312439135692173e-02
9.892000000000000455e+02 5.778810318716724043e-02
9.893999999999999773e+02 6.410225134721300733e-02
9.902999999999999545e+02 7.121013995294342425e-02
9.905000000000000000e+02 7.953690308932767628e-02
9.915000000000000000e+02 8.883549916762947807e-02
9.917000000000000455e+02 9.894382749402624855e-02
9.926000000000000227e+02 1.097813930601731630e-01
9.927999999999999545e+02 1.208156615484952817e-01
9.937000000000000455e+02 1.313925099712435485e-01
9.940000000000000000e+02 1.417497797200042986e-01
9.948999999999999773e+02 1.528859880898225665e-01
9.951000000000000227e+02 1.651690464390452306e-01
9.960000000000000000e+02 1.781046452909614830e-01
9.962999999999999545e+02 1.914120945839151156e-01
9.971000000000000227e+02 2.050745977577163037e-01
9.973999999999999773e+02 2.183472272183813456e-01
9.982999999999999545e+02 2.304079454728792664e-01
9.986000000000000227e+02 2.414110112513149775e-01
9.993999999999999773e+02 2.520854731178903685e-01
9.997000000000000455e+02 2.630963114330223673e-01
1.000500000000000000e+03 2.751483736135583169e-01
1.000899999999999977e+03 2.885481787333331605e-01
1.001700000000000045e+03 3.026780216302573101e-01
1.002000000000000000e+03 3.166704136066679776e-01
1.002799999999999955e+03 3.303188967650699803e-01
1.003200000000000045e+03 3.439651881791045418e-01
1.003899999999999977e+03 3.579745515841533665e-01
1.004299999999999955e+03 3.718819115530832553e-01
1.005100000000000023e+03 3.843220685471643305e-01
1.005500000000000000e+03 3.944440236447131487e-01
1.006200000000000045e+03 4.030001068500195238e-01
1.006600000000000023e+03 4.115476283687933834e-01
1.007299999999999955e+03 4.207287223523711317e-01
1.007799999999999955e+03 4.292176481056904636e-01
1.008500000000000000e+03 4.350795724660214137e-01
1.008899999999999977e+03 4.376115732082359600e-01
1.009600000000000023e+03 4.373142715391714064e-01
1.010000000000000000e+03 4.348394203466157126e-01
1.010700000000000045e+03 4.299781321725389960e-01
1.011200000000000045e+03 4.217481422809054026e-01
1.011899999999999977e+03 4.093746252216784454e-01
1.012299999999999955e+03 3.922655931793391781e-01
1.013000000000000000e+03 3.704290419844735172e-01
1.013500000000000000e+03 3.454423575930160029e-01
1.014100000000000023e+03 3.194417871173512724e-01
1.014600000000000023e+03 2.931996163214213302e-01
1.015299999999999955e+03 2.666402692250822715e-01
1.015799999999999955e+03 2.402654187889682880e-01
1.016399999999999977e+03 2.147327263214398319e-01
1.016899999999999977e+03 1.902003399567830932e-01
1.017500000000000000e+03 1.667693872634998242e-01
1.018100000000000023e+03 1.451306744609068278e-01
1.018600000000000023e+03 1.259301353682150404e-01
1.019200000000000045e+03 1.090509655518770715e-01
1.019799999999999955e+03 9.406965048862024614e-02
1.020299999999999955e+03 8.100939922097767643e-02
1.020899999999999977e+03 6.977277787624594496e-02
1.021500000000000000e+03 5.979499650866759719e-02
1.022000000000000000e+03 5.100874141700789677e-02
1.022600000000000023e+03 4.384999000608917619e-02
1.023200000000000045e+03 3.807906845159332587e-02
1.023799999999999955e+03 3.301713205325405853e-02
1.024299999999999955e+03 2.865800597035011305e-02
1.024900000000000091e+03 2.545342528735120013e-02
1.025400000000000091e+03 2.291949154902666458e-02
1.026000000000000000e+03 1.972939937149596409e-02
1.026500000000000000e+03 1.588847704479956838e-02
1.027200000000000045e+03 1.295159481950747954e-02
1.027700000000000045e+03 1.174704268091191633e-02
1.028299999999999955e+03 1.168451182098555197e-02
1.028799999999999955e+03 1.197657735291187894e-02
1.029500000000000000e+03 1.248148836977409915e-02
1.029900000000000091e+03 1.329431801950003642e-02
1.030599999999999909e+03 1.391878123272901474e-02
1.031099999999999909e+03 1.396818296806314613e-02
1.031700000000000045e+03 1.419719967733600388e-02
1.032200000000000045e+03 1.534431534971870612e-02
1.032900000000000091e+03 1.695707946703203448e-02
1.033299999999999955e+03 1.838944232701345688e-02
1.034000000000000000e+03 1.972423883778156445e-02
1.034400000000000091e+03 2.136023024475366267e-02
1.035200000000000045e+03 2.345623802142911274e-02
1.035599999999999909e+03 2.579922624801803122e-02
1.036299999999999955e+03 2.806243309327969421e-02
1.036700000000000045e+03 3.027875387178326910e-02
1.037400000000000091e+03 3.281209945801571992e-02
1.037799999999999955e+03 3.572260898817680719e-02
1.038599999999999909e+03 3.847051382724789304e-02
1.038900000000000091e+03 4.030915963315852973e-02
1.039700000000000045e+03 4.086299889096117743e-02
1.040099999999999909e+03 4.040581680129146092e-02
1.040799999999999955e+03 3.948671042162735928e-02
1.041200000000000045e+03 3.880339023321399683e-02
1.042000000000000000e+03 3.935808842683590630e-02
1.042299999999999955e+03 4.148924861266249653e-02
1.043099999999999909e+03 4.409141777750849589e-02
1.043400000000000091e+03 4.592787475618248516e-02
1.044299999999999955e+03 4.690227266990226046e-02
1.044599999999999909e+03 4.741088424089523468e-02
1.045400000000000091e+03 4.749446191744027823e-02
1.045700000000000045e+03 4.720307030821022098e-02
1.046500000000000000e+03 4.656277983141450527e-02
1.046799999999999955e+03 4.488858292805886219e-02
1.047700000000000045e+03 4.177014216633753718e-02
1.047900000000000091e+03 3.840004334446094764e-02
1.048799999999999955e+03 3.643970481380214010e-02
1.049099999999999909e+03 3.638688557753604058e-02
1.049900000000000091e+03 3.753585248177314371e-02
1.050200000000000045e+03 3.868185157085248654e-02
1.051099999999999909e+03 3.922514123043418371e-02
1.051299999999999955e+03 3.995615870092508737e-02
1.052200000000000045e+03 4.194636483593359999e-02
1.052400000000000091e+03 4.503656480872232637e-02
1.053299999999999955e+03 4.826532359273268818e-02
1.053500000000000000e+03 5.104183221799669934e-02
1.054500000000000000e+03 5.334437678193378052e-02
1.054700000000000045e+03 5.557459829447271293e-02
1.055599999999999909e+03 5.840505021065160729e-02
1.055799999999999955e+03 6.218622287080899369e-02
1.056700000000000045e+03 6.664189300290764006e-02
1.056900000000000091e+03 7.129595682792087830e-02
1.057900000000000091e+03 7.596151650112970000e-02
1.058000000000000000e+03 8.111381324411590099e-02
1.059000000000000000e+03 8.749859413668208130e-02
1.059200000000000045e+03 9.498311325904287838e-02
1.060099999999999909e+03 1.026926459643174028e-01
1.060299999999999955e+03 1.103741237943458159e-01
1.061299999999999955e+03 1.185064361694910251e-01
1.061400000000000091e+03 1.274074922324789916e-01
1.062400000000000091e+03 1.368681959676035231e-01
1.062500000000000000e+03 1.463065984249216911e-01
1.063500000000000000e+03 1.551973161850086491e-01
1.063599999999999909e+03 1.631243916130086236e-01
1.064700000000000045e+03 1.693317036113114460e-01
1.064799999999999955e+03 1.725945493926411833e-01
1.065799999999999955e+03 1.719706055565836111e-01
1.065900000000000091e+03 1.678577363165022485e-01
1.066900000000000091e+03 1.614395043147726638e-01
1.067000000000000000e+03 1.531335000904296417e-01
1.068000000000000000e+03 1.424362148376787096e-01
1.068099999999999909e+03 1.292916219365729535e-01
1.069200000000000045e+03 1.145295765725319048e-01
1.070299999999999955e+03 9.893458300748786405e-02
1.070400000000000091e+03 8.291938421458648623e-02
1.071400000000000091e+03 6.682870487105216362e-02
1.071500000000000000e+03 5.105050959897512036e-02
1.072599999999999909e+03 3.581636637984730170e-02
1.073700000000000045e+03 2.146217292075049826e-02
1.074799999999999955e+03 9.219258628503281677e-03
1.075900000000000091e+03 3.542582515107765969e-04
1.077099999999999909e+03 -5.421299839092565478e-03
1.078200000000000045e+03 -9.242030080677698933e-03
1.079299999999999955e+03 -1.159053047897527083e-02
1.080400000000000091e+03 -1.239889910590383226e-02
1.080500000000000000e+03 -1.164823632647548832e-02
1.081500000000000000e+03 -9.685621316684725479e-03
1.081599999999999909e+03 -7.350800879855444794e-03
1.082599999999999909e+03 -5.376827323831440651e-03
1.082700000000000045e+03 -3.757900772504177596e-03
1.083799999999999955e+03 -2.015633588776523811e-03
1.084900000000000091e+03 1.279062916808682655e-04
1.085000000000000000e+03 2.638755622758180534e-03
1.086000000000000000e+03 5.452040593417015191e-03
1.086099999999999909e+03 8.463129875223868864e-03
1.087099999999999909e+03 1.143462949072129343e-02
1.087200000000000045e+03 1.412675364185658582e-02
1.088200000000000045e+03 1.657203629434685771e-02
1.088299999999999955e+03 1.905691682422168062e-02
1.089299999999999955e+03 2.160552894763425463e-02
1.089500000000000000e+03 2.400533877154245252e-02
1.090500000000000000e+03 2.640490113061368799e-02
1.090599999999999909e+03 2.902223823371420652e-02
1.091599999999999909e+03 3.144834875755303516e-02
1.091700000000000045e+03 3.287709451816804573e-02
1.092700000000000045e+03 3.304287321142269918e-02
1.092799999999999955e+03 3.283164568844636894e-02
1.093799999999999955e+03 3.355335291881152149e-02
1.094000000000000000e+03 3.569438868335413767e-02
1.094900000000000091e+03 3.878027620128692010e-02
1.095099999999999909e+03 4.201614072797295318e-02
1.096000000000000000e+03 4.473923289871348241e-02
1.096200000000000045e+03 4.674186137784482747e-02
1.097099999999999909e+03 4.846539871814958128e-02
1.097299999999999955e+03 5.044490129299873671e-02
1.098299999999999955e+03 5.263622994560922252e-02
1.098400000000000091e+03 5.484427967537012366e-02
1.099400000000000091e+03 5.733158550251687968e-02
1.099599999999999909e+03 6.039364848883105319e-02
1.100500000000000000e+03 6.381129752433205293e-02
1.100700000000000045e+03 6.732120471415542484e-02
1.101599999999999909e+03 7.106903974235433130e-02
1.101799999999999955e+03 7.532350577003013581e-02
1.102700000000000045e+03 8.042594039578748744e-02
1.102900000000000091e+03 8.646781459311210505e-02
1.103799999999999955e+03 9.288977273561008219e-02
1.104099999999999909e+03 9.934339925104737623e-02
1.104900000000000091e+03 1.063761605936645316e-01
1.105200000000000045e+03 1.146586331857983865e-01
1.106000000000000000e+03 1.242594560728642605e-01
1.106299999999999955e+03 1.349618712145716493e-01
1.107200000000000045e+03 1.466947852113149042e-01
1.107400000000000091e+03 1.593852138519790684e-01
1.108299999999999955e+03 1.729372902161270820e-01
1.108500000000000000e+03 1.870595294194565272e-01
1.109400000000000091e+03 2.007945596316220160e-01
1.109700000000000045e+03 2.132782577700052529e-01
1.110500000000000000e+03 2.250789958137507929e-01
1.110799999999999955e+03 2.373381513676370569e-01
1.111599999999999909e+03 2.501174861621071055e-01
1.111900000000000091e+03 2.624271040567145441e-01
1.112700000000000045e+03 2.733313344634157316e-01
1.113000000000000000e+03 2.827909819040222983e-01
1.113799999999999955e+03 2.916645557485608165e-01
1.114099999999999909e+03 3.003782951088599384e-01
1.114900000000000091e+03 3.078032740702719705e-01
1.115200000000000045e+03 3.126086861809893591e-01
1.116000000000000000e+03 3.155198520794394446e-01
1.116400000000000091e+03 3.181168326447235128e-01
1.117099999999999909e+03 3.201155571753828144e-01
1.117500000000000000e+03 3.201257226795961586e-01
1.118299999999999955e+03 3.181129040165731059e-01
1.118599999999999909e+03 3.152783328717966294e-01
1.119400000000000091e+03 3.121158165681930940e-01
1.119700000000000045e+03 3.076077152227695288e-01
1.120500000000000000e+03 3.005071579512453850e-01
1.120799999999999955e+03 2.907576426009597093e-01
1.121599999999999909e+03 2.793515428123851674e-01
1.122000000000000000e+03 2.670974551599518132e-01
1.122700000000000045e+03 2.539504356322423995e-01
1.123099999999999909e+03 2.395091577877595246e-01
1.123799999999999955e+03 2.238386029661282861e-01
1.124200000000000045e+03 2.079946497995258936e-01
1.124900000000000091e+03 1.935853427930107618e-01
1.125299999999999955e+03 1.813056172829357604e-01
1.126000000000000000e+03 1.702031682750632102e-01
1.126400000000000091e+03 1.591446545458168604e-01
1.127099999999999909e+03 1.483226474106585924e-01
1.127500000000000000e+03 1.387463690406132155e-01
1.128200000000000045e+03 1.309954507516986888e-01
1.128599999999999909e+03 1.247025525596129197e-01
1.129299999999999955e+03 1.187165693424130086e-01
1.129799999999999955e+03 1.120203022840792761e-01
1.130400000000000091e+03 1.046944216879975575e-01
1.130900000000000091e+03 9.770483434872823114e-02
1.131500000000000000e+03 9.184857472233209918e-02
1.132000000000000000e+03 8.710048376455548080e-02
1.132700000000000045e+03 8.312065735229728913e-02
1.133099999999999909e+03 8.006773790527985102e-02
1.133799999999999955e+03 7.822282586275630667e-02
1.134200000000000045e+03 7.717366803204955827e-02
1.134900000000000091e+03 7.604347451143228520e-02
1.135299999999999955e+03 7.431704367970518033e-02
1.136000000000000000e+03 7.233888940051025340e-02
1.136400000000000091e+03 7.116186585442724200e-02
1.137099999999999909e+03 7.127337011981896286e-02
1.137599999999999909e+03 7.189209228360783632e-02
1.138200000000000045e+03 7.229058937946009067e-02
1.138700000000000045e+03 7.277362685871932579e-02
1.139299999999999955e+03 7.397823646909307271e-02
1.139799999999999955e+03 7.597823492264808853e-02
1.140400000000000091e+03 7.836484412438571301e-02
1.140900000000000091e+03 8.097103254559115393e-02
1.141500000000000000e+03 8.390928854920065572e-02
1.142000000000000000e+03 8.692824226575163182e-02
1.142599999999999909e+03 8.962495971957032403e-02
1.143099999999999909e+03 9.209017406212596790e-02
1.143700000000000045e+03 9.442401471724065631e-02
1.144200000000000045e+03 9.614587759162633585e-02
1.144799999999999955e+03 9.703188605548621060e-02
1.145299999999999955e+03 9.773940456976115687e-02
1.145900000000000091e+03 9.895814567481134305e-02
1.146500000000000000e+03 1.007490669908883696e-01
1.147000000000000000e+03 1.027440430223926782e-01
1.147599999999999909e+03 1.042271631880991589e-01
1.148099999999999909e+03 1.044330428827314333e-01
1.148700000000000045e+03 1.031723191878485685e-01
1.149200000000000045e+03 1.010516081375415903e-01
1.149799999999999955e+03 9.879773426929223945e-02
1.150299999999999955e+03 9.656074862683416971e-02
1.150900000000000091e+03 9.424531833135321723e-02
1.151400000000000091e+03 9.177288806544613153e-02
1.152000000000000000e+03 8.879273922671825081e-02
1.152500000000000000e+03 8.487231303079351141e-02
1.153099999999999909e+03 8.015905715011391319e-02
1.153599999999999909e+03 7.524723405146906130e-02
1.154200000000000045e+03 7.031835173116179893e-02
1.154700000000000045e+03 6.545203585531145229e-02
1.155299999999999955e+03 6.129500012794937558e-02
1.155799999999999955e+03 5.820035918305239281e-02
1.156400000000000091e+03 5.537927843187040455e-02
1.156900000000000091e+03 5.175782438403669222e-02
1.157500000000000000e+03 4.730310601489390310e-02
1.158000000000000000e+03 4.291042784549910227e-02
1.158700000000000045e+03 3.927119765586402356e-02
1.159099999999999909e+03 3.619793889973186435e-02
1.159799999999999955e+03 3.292411392627710154e-02
1.160200000000000045e+03 2.915234877338968023e-02
1.160900000000000091e+03 2.532861431602793922e-02
1.161299999999999955e+03 2.182037331311056927e-02
1.162000000000000000e+03 1.869879434606381424e-02
1.162400000000000091e+03 1.584130973806330972e-02
1.163099999999999909e+03 1.290784587956525682e-02
1.163500000000000000e+03 9.943322748733347122e-03
1.164200000000000045e+03 7.394767716891696187e-03
1.164599999999999909e+03 5.167979599939341757e-03
1.165299999999999955e+03 2.900545775993087529e-03
1.165700000000000045e+03 7.422805546200699238e-04
1.166400000000000091e+03 -1.014180181669959617e-03
1.166799999999999955e+03 -2.179330321543483402e-03
1.167500000000000000e+03 -2.753918708055265192e-03
1.167900000000000091e+03 -3.270681916186610628e-03
1.168599999999999909e+03 -4.325962698795611690e-03
1.169000000000000000e+03 -5.749099437360960518e-03
1.169700000000000045e+03 -6.693490874224296110e-03
1.170099999999999909e+03 -6.604348428262315704e-03
1.170799999999999955e+03 -5.837847448300729179e-03
1.171200000000000045e+03 -4.990558211218859216e-03
1.171900000000000091e+03 -4.282280559237353762e-03
1.172299999999999955e+03 -3.893426678127000912e-03
1.173000000000000000e+03 -3.939776685903539563e-03
1.173400000000000091e+03 -4.267065101397504549e-03
1.174099999999999909e+03 -4.757553063189488667e-03
1.174500000000000000e+03 -5.117885707441327710e-03
1.175200000000000045e+03 -4.767597176233962473e-03
1.175599999999999909e+03 -3.563687605711417933e-03
1.176299999999999955e+03 -1.755702045486336529e-03
1.176700000000000045e+03 6.403806039373463859e-04
1.177400000000000091e+03 3.353478803196344952e-03
1.177799999999999955e+03 5.602144762573368041e-03
1.178500000000000000e+03 7.023302174221849117e-03
1.178900000000000091e+03 8.008915445464106705e-03
1.179599999999999909e+03 9.065675954484268134e-03
1.180000000000000000e+03 1.037550886262157343e-02
1.180799999999999955e+03 1.171266219723171229e-02
1.181099999999999909e+03 1.289221713496218821e-02
1.181900000000000091e+03 1.447722706773198545e-02
1.182200000000000045e+03 1.748117882438638554e-02
1.183000000000000000e+03 2.196804088689819495e-02
1.183299999999999955e+03 2.672958957356662280e-02
1.184099999999999909e+03 3.101087239368622434e-02
1.184400000000000091e+03 3.534259415030219231e-02
1.185200000000000045e+03 4.007794672227869143e-02
1.185500000000000000e+03 4.492297073693349296e-02
1.186299999999999955e+03 5.006879067038046138e-02
1.186599999999999909e+03 5.604418050228933412e-02
1.187400000000000091e+03 6.253776879693707935e-02
1.187700000000000045e+03 6.858818523726994965e-02
1.188500000000000000e+03 7.353205653165964528e-02
1.188799999999999955e+03 7.720712288049749739e-02
1.189599999999999909e+03 7.994995617717401415e-02
1.189900000000000091e+03 8.259290786051806665e-02
1.190700000000000045e+03 8.588373807527303894e-02
1.191000000000000000e+03 9.003245707442716905e-02
1.191799999999999955e+03 9.477460814772784015e-02
1.192099999999999909e+03 9.951563949682179500e-02
1.192900000000000091e+03 1.038110859334029634e-01
1.193200000000000045e+03 1.079663584963798661e-01
1.194000000000000000e+03 1.127395482131793303e-01
1.194299999999999955e+03 1.186618537154923020e-01
1.195099999999999909e+03 1.254879847037813634e-01
1.195400000000000091e+03 1.325110965189204293e-01
1.196200000000000045e+03 1.397050733002508927e-01
1.196400000000000091e+03 1.474308355002660331e-01
1.197299999999999955e+03 1.556157637457335485e-01
1.197500000000000000e+03 1.643862797369157192e-01
1.198400000000000091e+03 1.737821707581847508e-01
1.198599999999999909e+03 1.829702444270590034e-01
1.199500000000000000e+03 1.916980101541568560e-01
1.199700000000000045e+03 2.011620427162344460e-01
1.200599999999999909e+03 2.122171566550023480e-01
1.200799999999999955e+03 2.242995346946367041e-01
1.201599999999999909e+03 2.361663377956596532e-01
1.201900000000000091e+03 2.465770066730385013e-01
1.202700000000000045e+03 2.548442321205303118e-01
1.203000000000000000e+03 2.613651512596708582e-01
1.203799999999999955e+03 2.668623715114427086e-01
1.204099999999999909e+03 2.714626830949966596e-01
1.204900000000000091e+03 2.752493041302592758e-01
1.205200000000000045e+03 2.787163778809028658e-01
1.206000000000000000e+03 2.817905921727025809e-01
1.206299999999999955e+03 2.833904064835828240e-01
1.207099999999999909e+03 2.821997129054756304e-01
1.207400000000000091e+03 2.777770569170790460e-01
1.208200000000000045e+03 2.710795339622355526e-01
1.208500000000000000e+03 2.631608525118429021e-01
1.209299999999999955e+03 2.540651952791735391e-01
1.209599999999999909e+03 2.439800905874043302e-01
1.210400000000000091e+03 2.337589403033071278e-01
1.210599999999999909e+03 2.237882923839379368e-01
1.211500000000000000e+03 2.135426261610545717e-01
1.211700000000000045e+03 2.022289767574602659e-01
1.212599999999999909e+03 1.895777094296577925e-01
1.212799999999999955e+03 1.764958086293447470e-01
1.213700000000000045e+03 1.641969362526414788e-01
1.213900000000000091e+03 1.524023390668029221e-01
1.214799999999999955e+03 1.401202081695683832e-01
1.215000000000000000e+03 1.275163460780106006e-01
1.215900000000000091e+03 1.154521034013749337e-01
1.216099999999999909e+03 1.048994623065408749e-01
1.217000000000000000e+03 9.664667125692487371e-02
1.217200000000000045e+03 9.026909936955726521e-02
1.218099999999999909e+03 8.467840191230226188e-02
1.218299999999999955e+03 7.949482288713857758e-02
1.219200000000000045e+03 7.481731306684619165e-02
1.219400000000000091e+03 7.045774925825945556e-02
1.220299999999999955e+03 6.606109479971977727e-02
1.220500000000000000e+03 6.202840223469385794e-02
1.221400000000000091e+03 5.960695082849642307e-02
1.221500000000000000e+03 5.923676981352351406e-02
1.222500000000000000e+03 5.959926867994790045e-02
1.222599999999999909e+03 5.945624438055201189e-02
1.223500000000000000e+03 5.924248582150798415e-02
1.223700000000000045e+03 5.975297048489585511e-02
1.224599999999999909e+03 6.106020167779276780e-02
1.224799999999999955e+03 6.317906413800096488e-02
1.225700000000000045e+03 6.569794325801359136e-02
1.225900000000000091e+03 6.784388826881927737e-02
1.226799999999999955e+03 6.985992853505271216e-02
1.227000000000000000e+03 7.261450205773392619e-02
1.227900000000000091e+03 7.635992040520128699e-02
1.228099999999999909e+03 8.084563456049009833e-02
1.229000000000000000e+03 8.590789642413336480e-02
1.229200000000000045e+03 9.179204462249687668e-02
1.230099999999999909e+03 9.888985953537937634e-02
1.230299999999999955e+03 1.069586825420594245e-01
1.231200000000000045e+03 1.151442259081910946e-01
1.231299999999999955e+03 1.234978394067292040e-01
1.232299999999999955e+03 1.334300251751520117e-01
1.232400000000000091e+03 1.456652737910630879e-01
1.233400000000000091e+03 1.590707563172279460e-01
1.233500000000000000e+03 1.722158483968373455e-01
1.234500000000000000e+03 1.847649306965527538e-01
1.234599999999999909e+03 1.968732574595612184e-01
1.235500000000000000e+03 2.080815333635180342e-01
1.235700000000000045e+03 2.176960847976182056e-01
1.236599999999999909e+03 2.257075649410675289e-01
1.236799999999999955e+03 2.324716113628737535e-01
1.237700000000000045e+03 2.376862909175654626e-01
1.237900000000000091e+03 2.407152579927677727e-01
1.238799999999999955e+03 2.417880854975992255e-01
1.238900000000000091e+03 2.414929846035722139e-01
1.239900000000000091e+03 2.398399011219460308e-01
1.240000000000000000e+03 2.369784518580089205e-01
1.241000000000000000e+03 2.332293576134881752e-01
1.241099999999999909e+03 2.281804107230108736e-01
1.242099999999999909e+03 2.214069378179814862e-01
1.242200000000000045e+03 2.135295917739701566e-01
1.243200000000000045e+03 2.056173880967354650e-01
1.243299999999999955e+03 1.984299053716476191e-01
1.244299999999999955e+03 1.921367483442673885e-01
1.244400000000000091e+03 1.862058666527577622e-01
1.245299999999999955e+03 1.798713161272077754e-01
1.245500000000000000e+03 1.729357549944062766e-01
1.246400000000000091e+03 1.660069453521577643e-01
1.246500000000000000e+03 1.596055940271924045e-01
1.247500000000000000e+03 1.531864016501629511e-01
1.247599999999999909e+03 1.462394460486753367e-01
1.248599999999999909e+03 1.395405208319105694e-01
1.248700000000000045e+03 1.337159704852813880e-01
1.249700000000000045e+03 1.280910488633517641e-01
1.249799999999999955e+03 1.221124152805319746e-01
1.250799999999999955e+03 1.159706619415449835e-01
1.250900000000000091e+03 1.098324610372345966e-01
1.251900000000000091e+03 1.040565544257953945e-01
1.252000000000000000e+03 9.904943745161076674e-02
1.252900000000000091e+03 9.434152456604827375e-02
1.253000000000000000e+03 8.932759982174182101e-02
1.254000000000000000e+03 8.425005158561521545e-02
1.254099999999999909e+03 7.956479677217098700e-02
1.255099999999999909e+03 7.524568385543684013e-02
1.255200000000000045e+03 7.129829909637458440e-02
1.256200000000000045e+03 6.835468323536564306e-02
1.256299999999999955e+03 6.691734896388794318e-02
1.257299999999999955e+03 6.630219142420734624e-02
1.257400000000000091e+03 6.529648133350796080e-02
1.258400000000000091e+03 6.350628914430309080e-02
1.258500000000000000e+03 6.135179256469604214e-02
1.259500000000000000e+03 5.918165007242453396e-02
1.260500000000000000e+03 5.715065381197705074e-02
1.260599999999999909e+03 5.532908817560625026e-02
1.261599999999999909e+03 5.362950685489232400e-02
1.261700000000000045e+03 5.220615059176900857e-02
1.262700000000000045e+03 5.125238063057194204e-02
1.262799999999999955e+03 5.034069052070020561e-02
1.263799999999999955e+03 4.900664948215409378e-02
1.263900000000000091e+03 4.748673183272211773e-02
1.264900000000000091e+03 4.638837615063454156e-02
1.266000000000000000e+03 4.629829059277910941e-02
1.267000000000000000e+03 4.717547629112366081e-02
1.267099999999999909e+03 4.811626691197162797e-02
1.268099999999999909e+03 4.865865184430827328e-02
1.268200000000000045e+03 4.966214495270358797e-02
1.269200000000000045e+03 5.182864343599961898e-02
1.269299999999999955e+03 5.449602756209716292e-02
1.270299999999999955e+03 5.681272984314144486e-02
1.271400000000000091e+03 5.888252015046813170e-02
1.272400000000000091e+03 6.161367181248026542e-02
1.272500000000000000e+03 6.599967314392918283e-02
1.273500000000000000e+03 7.177088440312062723e-02
1.273599999999999909e+03 7.735251393955569488e-02
1.274599999999999909e+03 8.192015467477434254e-02
1.274700000000000045e+03 8.620138038501887201e-02
1.275700000000000045e+03 9.118941366868112131e-02
1.276799999999999955e+03 9.717115671182105507e-02
1.277799999999999955e+03 1.038657250560712786e-01
1.277900000000000091e+03 1.104965430383214875e-01
1.278900000000000091e+03 1.157380361683177927e-01
1.279000000000000000e+03 1.188027182341811483e-01
1.280000000000000000e+03 1.200783603441212682e-01
1.280099999999999909e+03 1.199067211976513614e-01
1.281099999999999909e+03 1.184071429570034695e-01
1.282200000000000045e+03 1.166774213970417085e-01
1.283200000000000045e+03 1.156480337398811536e-01
1.283299999999999955e+03 1.142461879437248612e-01
1.284299999999999955e+03 1.108115764644190121e-01
1.284400000000000091e+03 1.050316158803585309e-01
1.285400000000000091e+03 9.724438554864646422e-02
1.286500000000000000e+03 8.758024577283787804e-02
1.287599999999999909e+03 7.664356000464440932e-02
1.288599999999999909e+03 6.574350023981279101e-02
1.288700000000000045e+03 5.571446265068730197e-02
1.289700000000000045e+03 4.617797997719289699e-02
1.290799999999999955e+03 3.650112433335558210e-02
1.291900000000000091e+03 2.712975653990506303e-02
1.292900000000000091e+03 1.939218228358587093e-02
1.293000000000000000e+03 1.368307892708193335e-02
1.294000000000000000e+03 9.010920525169149875e-03
1.295099999999999909e+03 4.676179850121760240e-03
1.296200000000000045e+03 1.086828666829975322e-03
1.297200000000000045e+03 -9.734739246576509927e-04
1.297299999999999955e+03 -1.587785114438059701e-03
1.298299999999999955e+03 -1.833897519842151878e-03
1.298400000000000091e+03 -2.419155925877432538e-03
1.299400000000000091e+03 -3.268715100455895500e-03
1.300500000000000000e+03 -4.132930130283074197e-03
1.301500000000000000e+03 -4.678916460368633817e-03
1.301599999999999909e+03 -4.917068068466831296e-03
1.302599999999999909e+03 -5.640624340789296420e-03
1.303700000000000045e+03 -7.416404973978923260e-03
1.304799999999999955e+03 -9.569409959454447390e-03
1.305799999999999955e+03 -1.086866756937687924e-02
1.305900000000000091e+03 -1.104269412617879531e-02
1.306900000000000091e+03 -1.091705647426103806e-02
1.308000000000000000e+03 -1.094077209989334151e-02
1.309099999999999909e+03 -1.071697550757980816e-02
1.310099999999999909e+03 -1.012323295042073974e-02
1.310200000000000045e+03 -9.510694680700189016e-03
1.311200000000000045e+03 -8.765831618032491473e-03
1.312299999999999955e+03 -7.173344755488261261e-03
1.313299999999999955e+03 -4.369670382169883391e-03
1.314400000000000091e+03 -6.937092122986665294e-04
1.315500000000000000e+03 3.672376633424808464e-03
1.316599999999999909e+03 8.937386500151491692e-03
1.317599999999999909e+03 1.512458922036753230e-02
1.318700000000000045e+03 2.210048425464339675e-02
1.319799999999999955e+03 3.030412482166652821e-02
1.320799999999999955e+03 4.099339012869018806e-02
1.321900000000000091e+03 5.511592178550760862e-02
1.323000000000000000e+03 7.244068335078551746e-02
1.324000000000000000e+03 9.244123350738833733e-02
1.325099999999999909e+03 1.146705623694952852e-01
1.326200000000000045e+03 1.382420250730165834e-01
1.327299999999999955e+03 1.628136105250704846e-01
1.328299999999999955e+03 1.891681569122810602e-01
1.329400000000000091e+03 2.176083515889116748e-01
1.330500000000000000e+03 2.475678158055303335e-01
1.331500000000000000e+03 2.791594418022957935e-01
1.332599999999999909e+03 3.130537566446288666e-01
1.333700000000000045e+03 3.490448972550288520e-01
1.334700000000000045e+03 3.854643718271751895e-01
1.335799999999999955e+03 4.197416543574666314e-01
1.336900000000000091e+03 4.496834837113366512e-01
1.337900000000000091e+03 4.739293267449128377e-01
1.339000000000000000e+03 4.907507830960426976e-01
1.340099999999999909e+03 4.974239127955648598e-01
1.341099999999999909e+03 4.925700111249616264e-01
1.342200000000000045e+03 4.780254743884860269e-01
1.343299999999999955e+03 4.567407612021431307e-01
1.344299999999999955e+03 4.307259816571883393e-01
1.345400000000000091e+03 4.017667011832405377e-01
1.346400000000000091e+03 3.718647240812447130e-01
1.347500000000000000e+03 3.429375424710540132e-01
1.348599999999999909e+03 3.171560159094655718e-01
1.349599999999999909e+03 2.959069762020494210e-01
1.350700000000000045e+03 2.784915923879003330e-01
1.351799999999999955e+03 2.633063872711094433e-01
1.352799999999999955e+03 2.484192176643028604e-01
1.353900000000000091e+03 2.307819985044888556e-01
1.355000000000000000e+03 2.075417959398404566e-01
1.356000000000000000e+03 1.785299144455420317e-01
1.357099999999999909e+03 1.467605592217323118e-01
1.358099999999999909e+03 1.165626857269095873e-01
1.359200000000000045e+03 9.128692960021186908e-02
1.360299999999999955e+03 7.206542669021948067e-02
1.361299999999999955e+03 5.807825814514921969e-02
1.362400000000000091e+03 4.822070091667157027e-02
1.363400000000000091e+03 4.193842912971523784e-02
1.364500000000000000e+03 3.838082264461781246e-02
1.365599999999999909e+03 3.658690492200136757e-02
1.366599999999999909e+03 3.634381895229067683e-02
1.367700000000000045e+03 3.723551896692918473e-02
1.368700000000000045e+03 3.811188665667859105e-02
1.369799999999999955e+03 3.835137388464471275e-02
1.370900000000000091e+03 3.799441879957899532e-02
1.371900000000000091e+03 3.673366246241940858e-02
1.373000000000000000e+03 3.428769235105985635e-02
1.374000000000000000e+03 3.146372165282928374e-02
1.375099999999999909e+03 2.932359815946723736e-02
1.376200000000000045e+03 2.749881487226972510e-02
1.377200000000000045e+03 2.495422668257843771e-02
1.378299999999999955e+03 2.178532593330194389e-02
1.379299999999999955e+03 1.896770551245539199e-02
1.380400000000000091e+03 1.703074807507746341e-02
1.381400000000000091e+03 1.568068522954452898e-02
1.382500000000000000e+03 1.452372000456335355e-02
1.383599999999999909e+03 1.373912751349897279e-02
1.384599999999999909e+03 1.392611991521649009e-02
1.385700000000000045e+03 1.530386856077071978e-02
1.386700000000000045e+03 1.718462389590243861e-02
1.387799999999999955e+03 1.855507078011316840e-02
1.388799999999999955e+03 1.951324158746669396e-02
1.389900000000000091e+03 2.163435765381508183e-02
1.390900000000000091e+03 2.627033015400432811e-02
1.392000000000000000e+03 3.300907499254324834e-02
1.393000000000000000e+03 4.051508998315930810e-02
1.394099999999999909e+03 4.876333510004313143e-02
1.395200000000000045e+03 5.919006804649964981e-02
1.396200000000000045e+03 7.255101281116765888e-02
1.397299999999999955e+03 8.833620769624922486e-02
1.398299999999999955e+03 1.060432140528991124e-01
1.399400000000000091e+03 1.260483086572933842e-01
1.400400000000000091e+03 1.492290479589487295e-01
1.401500000000000000e+03 1.750952106816643927e-01
1.402500000000000000e+03 2.016040936082457435e-01
1.403599999999999909e+03 2.278310583368930720e-01
1.404599999999999909e+03 2.541110639112070246e-01
1.405700000000000045e+03 2.797719688869918508e-01
1.406700000000000045e+03 3.032642490844750238e-01
1.407799999999999955e+03 3.237125066189774358e-01
1.408799999999999955e+03 3.409973377980579645e-01
1.409900000000000091e+03 3.543735613294718978e-01
1.410900000000000091e+03 3.618751787855322144e-01
1.412000000000000000e+03 3.621216568084306142e-01
1.413000000000000000e+03 3.560682388418234812e-01
1.414099999999999909e+03 3.460284421642834118e-01
1.415099999999999909e+03 3.333259973209540261e-01
1.416200000000000045e+03 3.175336775554570279e-01
1.417200000000000045e+03 2.981683750612955652e-01
1.418299999999999955e+03 2.762847121500474623e-01
1.419299999999999955e+03 2.540999365836118518e-01
1.420400000000000091e+03 2.335938445314456602e-01
1.421400000000000091e+03 2.154785536719700523e-01
1.422500000000000000e+03 1.991613653691278740e-01
1.423500000000000000e+03 1.831722530428326889e-01
1.424599999999999909e+03 1.662237507561139527e-01
1.425599999999999909e+03 1.485325849406574084e-01
1.426599999999999909e+03 1.311602779245915895e-01
1.427700000000000045e+03 1.148376268364293545e-01
1.428700000000000045e+03 1.005640016662575353e-01
1.429799999999999955e+03 8.953711331474099866e-02
1.430799999999999955e+03 8.146569958260999056e-02
1.431900000000000091e+03 7.448302366441045264e-02
1.432900000000000091e+03 6.736190867082872402e-02
1.434000000000000000e+03 6.052749865444685684e-02
1.435000000000000000e+03 5.468358375348611466e-02
1.436099999999999909e+03 5.009631261166971883e-02
1.437099999999999909e+03 4.736958357980794454e-02
1.438099999999999909e+03 4.708957815375668793e-02
1.439200000000000045e+03 4.839828999728421760e-02
1.440200000000000045e+03 4.987759515480483935e-02
1.441299999999999955e+03 5.217655217213131025e-02
1.442299999999999955e+03 5.776924834269058645e-02
1.443400000000000091e+03 6.787947197257179766e-02
1.444400000000000091e+03 8.111851540227899005e-02
1.445400000000000091e+03 9.530853466654849726e-02
1.446500000000000000e+03 1.093580753897649277e-01
1.447500000000000000e+03 1.227582637653032577e-01
1.448599999999999909e+03 1.349036003214157398e-01
1.449599999999999909e+03 1.460717316534371479e-01
1.450700000000000045e+03 1.574436727575184158e-01
1.451700000000000045e+03 1.693598193783647787e-01
1.452700000000000045e+03 1.805447687102344489e-01
1.453799999999999955e+03 1.895341983642274686e-01
1.454799999999999955e+03 1.962077409760322189e-01
1.455900000000000091e+03 2.007331464671247567e-01
1.456900000000000091e+03 2.019711644764933256e-01
1.457900000000000091e+03 1.986227176882740530e-01
1.459000000000000000e+03 1.909160947019579446e-01
1.460000000000000000e+03 1.807654594431637451e-01
1.461099999999999909e+03 1.709633125232827289e-01
1.462099999999999909e+03 1.634983520144593916e-01
1.463099999999999909e+03 1.588476207391009143e-01
1.464200000000000045e+03 1.569289702007830023e-01
1.465200000000000045e+03 1.578740871793404832e-01
1.466200000000000045e+03 1.621542685690580132e-01
1.467299999999999955e+03 1.701981985392744257e-01
1.468299999999999955e+03 1.821329706420608541e-01
1.469400000000000091e+03 1.981111824987831782e-01
1.470400000000000091e+03 2.178561592886998910e-01
1.471400000000000091e+03 2.402863230020513274e-01
1.472500000000000000e+03 2.646006809515432101e-01
1.473500000000000000e+03 2.902260613486264962e-01
1.474500000000000000e+03 3.158346896596864739e-01
1.475599999999999909e+03 3.402040018283508105e-01
1.476599999999999909e+03 3.632529449388306464e-01
1.477599999999999909e+03 3.850054630677632872e-01
1.478700000000000045e+03 4.044824413376675309e-01
1.479700000000000045e+03 4.205494989922059501e-01
1.480799999999999955e+03 4.326690475650029621e-01
1.481799999999999955e+03 4.407180962734206231e-01
1.482799999999999955e+03 4.454514450036810569e-01
1.483900000000000091e+03 4.483652905837364200e-01
1.484900000000000091e+03 4.499972067696748068e-01
1.485900000000000091e+03 4.491870872798465752e-01
1.487000000000000000e+03 4.442773818046558132e-01
1.488000000000000000e+03 4.344668973453257865e-01
1.489000000000000000e+03 4.203474774513589196e-01
1.490099999999999909e+03 4.033306455584234618e-01
1.491099999999999909e+03 3.847137657994346149e-01
1.492099999999999909e+03 3.657964822018034967e-01
1.493200000000000045e+03 3.483578317952183978e-01
1.494200000000000045e+03 3.343744130559362371e-01
1.495200000000000045e+03 3.255958984458759975e-01
1.496200000000000045e+03 3.231681535108512082e-01
1.497299999999999955e+03 3.272797273415090080e-01
1.498299999999999955e+03 3.373258639409115189e-01
1.499299999999999955e+03 3.523442618227532463e-01
1.500400000000000091e+03 3.717611442773842700e-01
1.501400000000000091e+03 3.956151344747165233e-01
1.502400000000000091e+03 4.233491478548807030e-01
1.503500000000000000e+03 4.529591455458501503e-01
1.504500000000000000e+03 4.810929648031548878e-01
1.505500000000000000e+03 5.031919591072833153e-01
1.506500000000000000e+03 5.144647231040113677e-01
1.507599999999999909e+03 5.112819985133150169e-01
1.508599999999999909e+03 4.911316225164156779e-01
1.509599999999999909e+03 4.524747401755548903e-01
1.510700000000000045e+03 3.968578823832022984e-01
1.511700000000000045e+03 3.305207837236774915e-01
1.512700000000000045e+03 2.619192561489779858e-01
1.513700000000000045e+03 1.979249393373422594e-01
1.514799999999999955e+03 1.429025842121220968e-01
1.515799999999999955e+03 9.923483789670056732e-02
1.516799999999999955e+03 6.681278253200548245e-02
1.517900000000000091e+03 4.342537152839014147e-02
1.518900000000000091e+03 2.650831333511638466e-02
1.519900000000000091e+03 1.398651343491106105e-02
1.520900000000000091e+03 4.528376833729507930e-03
1.522000000000000000e+03 -2.402595528399940113e-03
1.523000000000000000e+03 -7.268248362376938942e-03
1.524000000000000000e+03 -1.076225200866959622e-02
1.525000000000000000e+03 -1.341638010016132226e-02
1.526099999999999909e+03 -1.530883400656083901e-02
1.527099999999999909e+03 -1.599187267063656784e-02
1.528099999999999909e+03 -1.521984149966407532e-02
1.529099999999999909e+03 -1.367226178605028195e-02
1.530200000000000045e+03 -1.216372104079387062e-02
1.531200000000000045e+03 -1.069631241133679918e-02
1.532200000000000045e+03 -8.928543491745016825e-03
1.533200000000000045e+03 -7.057292567024491328e-03
1.534299999999999955e+03 -5.410833781965952369e-03
1.535299999999999955e+03 -3.344847695199728264e-03
1.536299999999999955e+03 6.129431653701509120e-05
1.537299999999999955e+03 4.296172594349473295e-03
1.538299999999999955e+03 8.158141284426359899e-03
1.539400000000000091e+03 1.193895518265628355e-02
1.540400000000000091e+03 1.689200328060347020e-02
1.541400000000000091e+03 2.285277819901055524e-02
1.542400000000000091e+03 2.837056622717682580e-02
1.543500000000000000e+03 3.276191398879656214e-02
1.544500000000000000e+03 3.672394783882886732e-02
1.545500000000000000e+03 4.114266418392868024e-02
1.546500000000000000e+03 4.568673101331667541e-02
1.547500000000000000e+03 4.932438815146274885e-02
1.548599999999999909e+03 5.196582545842017009e-02
1.549599999999999909e+03 5.416306597876161671e-02
1.550599999999999909e+03 5.557171343170747013e-02
1.551599999999999909e+03 5.531387195271948026e-02
1.552599999999999909e+03 5.389899391567844200e-02
1.553700000000000045e+03 5.321737110383672337e-02
1.554700000000000045e+03 5.441207448196747065e-02
1.555700000000000045e+03 5.719014971018347021e-02
1.556700000000000045e+03 6.115671275832296194e-02
1.557700000000000045e+03 6.657222575765046890e-02
1.558700000000000045e+03 7.370454577003432428e-02
1.559799999999999955e+03 8.224522828214814174e-02
1.560799999999999955e+03 9.171912593305761585e-02
1.561799999999999955e+03 1.020068282325255621e-01
1.562799999999999955e+03 1.126576495954631496e-01
1.563799999999999955e+03 1.225150284332665596e-01
1.564900000000000091e+03 1.309504790028465926e-01
1.565900000000000091e+03 1.377551623972652628e-01
1.566900000000000091e+03 1.418839823046333104e-01
1.567900000000000091e+03 1.427800425836464326e-01
1.568900000000000091e+03 1.419598416715178724e-01
1.569900000000000091e+03 1.415777578573485518e-01
1.570900000000000091e+03 1.428176173266625659e-01
1.572000000000000000e+03 1.459760576124417286e-01
1.573000000000000000e+03 1.509891126010743934e-01
1.574000000000000000e+03 1.578075013249515823e-01
1.575000000000000000e+03 1.656968232170497601e-01
1.576000000000000000e+03 1.720883379110475508e-01
1.577000000000000000e+03 1.737426773480914288e-01
1.578000000000000000e+03 1.692055450678761619e-01
1.579099999999999909e+03 1.591729857594574304e-01
1.580099999999999909e+03 1.452293629704915490e-01
1.581099999999999909e+03 1.290594442594840130e-01
1.582099999999999909e+03 1.122983286623809585e-01
1.583099999999999909e+03 9.662139809966956150e-02
1.584099999999999909e+03 8.368131507035346528e-02
1.585099999999999909e+03 7.439898515205498053e-02
1.586200000000000045e+03 6.856006498901903723e-02
1.587200000000000045e+03 6.558436223362248962e-02
1.588200000000000045e+03 6.513621729443355712e-02
1.589200000000000045e+03 6.695998216585535845e-02
1.590200000000000045e+03 7.057964944528594131e-02
1.591200000000000045e+03 7.522299807688501150e-02
1.592200000000000045e+03 8.012356919696787816e-02
1.593200000000000045e+03 8.515357866796530173e-02
1.594200000000000045e+03 9.088024139227214582e-02
1.595299999999999955e+03 9.763678821237378735e-02
1.596299999999999955e+03 1.049919394824478380e-01
1.597299999999999955e+03 1.121366217131837817e-01
1.598299999999999955e+03 1.183856490503815695e-01
1.599299999999999955e+03 1.235704827678945211e-01
1.600299999999999955e+03 1.279146840042463817e-01
1.601299999999999955e+03 1.314149047357464073e-01
1.602299999999999955e+03 1.336706760766212532e-01
1.603299999999999955e+03 1.344133737107853221e-01
1.604299999999999955e+03 1.343051529771367436e-01
1.605299999999999955e+03 1.349278824141449395e-01
1.606400000000000091e+03 1.377413648352287801e-01
1.607400000000000091e+03 1.430343928657544783e-01
1.608400000000000091e+03 1.500026860202831602e-01
1.609400000000000091e+03 1.583154073358507552e-01
1.610400000000000091e+03 1.688636803874452585e-01
1.611400000000000091e+03 1.820759452469155604e-01
1.612400000000000091e+03 1.963188108163802237e-01
1.613400000000000091e+03 2.088223487300597814e-01
1.614400000000000091e+03 2.173637017182070141e-01
1.615400000000000091e+03 2.200341093798731107e-01
1.616400000000000091e+03 2.148905893918331422e-01
1.617400000000000091e+03 2.015939244547901299e-01
1.618400000000000091e+03 1.824759406143812157e-01
1.619400000000000091e+03 1.610698056604117356e-01
1.620400000000000091e+03 1.399809176597621163e-01
1.621400000000000091e+03 1.203687699418657386e-01
1.622500000000000000e+03 1.030119861096452927e-01
1.623500000000000000e+03 8.890295423020239118e-02
1.624500000000000000e+03 7.848948842490213740e-02
1.625500000000000000e+03 7.130627361281831333e-02
1.626500000000000000e+03 6.672529250992527416e-02
1.627500000000000000e+03 6.395704044479604000e-02
1.628500000000000000e+03 6.168437256827294379e-02
1.629500000000000000e+03 5.900151402763922914e-02
1.630500000000000000e+03 5.616425822797219136e-02
1.631500000000000000e+03 5.362448642935081777e-02
1.632500000000000000e+03 5.087699131267418851e-02
1.633500000000000000e+03 4.731844944853269563e-02
1.634500000000000000e+03 4.351617256252981319e-02
1.635500000000000000e+03 4.023787521557260077e-02
1.636500000000000000e+03 3.728565440805088615e-02
1.637500000000000000e+03 3.427461903177238256e-02
1.638500000000000000e+03 3.130282133266384242e-02
1.639500000000000000e+03 2.849070974542830884e-02
1.640500000000000000e+03 2.583394070143708518e-02
1.641500000000000000e+03 2.335390875077929598e-02
1.642500000000000000e+03 2.116538708714919143e-02
1.643500000000000000e+03 1.940710263580009559e-02
1.644500000000000000e+03 1.787663874934764668e-02
1.645500000000000000e+03 1.619771183755950444e-02
1.646500000000000000e+03 1.427360759867378828e-02
1.647500000000000000e+03 1.214452542536716313e-02
1.648500000000000000e+03 9.935612491504507149e-03
1.649500000000000000e+03 8.060351418279773986e-03
1.650500000000000000e+03 6.749042058112140335e-03
1.651500000000000000e+03 5.651679807740049924e-03
1.652500000000000000e+03 4.365160282987345236e-03
1.653500000000000000e+03 2.886654387162574352e-03
1.654500000000000000e+03 1.518545870620955154e-03
1.655500000000000000e+03 6.496395908668871344e-04
1.656500000000000000e+03 4.614302727069769872e-04
1.657500000000000000e+03 6.423656987378933850e-04
1.658500000000000000e+03 6.543024456830881432e-04
1.659500000000000000e+03 2.901323118114446315e-04
1.660500000000000000e+03 -2.428165060749938966e-04
1.661500000000000000e+03 -4.221670902584656170e-04
1.662500000000000000e+03 1.598478164334836069e-04
1.663500000000000000e+03 1.042007337401242104e-03
1.664500000000000000e+03 1.407120636716487896e-03
1.665500000000000000e+03 1.393145992472554807e-03
1.666400000000000091e+03 1.797946686109374746e-03
1.667400000000000091e+03 2.784872549432682812e-03
1.668400000000000091e+03 3.659131131218224583e-03
1.669400000000000091e+03 3.603345771539889254e-03
1.670400000000000091e+03 2.480825810257958688e-03
1.671400000000000091e+03 1.177759240386019694e-03
1.672400000000000091e+03 6.628444526632208157e-04
1.673400000000000091e+03 9.742827961845834661e-04
1.674400000000000091e+03 1.682906503582490883e-03
1.675400000000000091e+03 2.405133106368665015e-03
1.676400000000000091e+03 2.732644902357352253e-03
1.677400000000000091e+03 2.562779009011949445e-03
1.678400000000000091e+03 2.249379582598828690e-03
1.679400000000000091e+03 2.039578504797302707e-03
1.680400000000000091e+03 1.900785969104072919e-03
1.681400000000000091e+03 1.943322232190583098e-03
1.682299999999999955e+03 2.292653320685143336e-03
1.683299999999999955e+03 2.725612024847657439e-03
1.684299999999999955e+03 3.035826567825429187e-03
1.685299999999999955e+03 3.317286813442235464e-03
1.686299999999999955e+03 3.753505697933401906e-03
1.687299999999999955e+03 4.589944755816785342e-03
1.688299999999999955e+03 6.048641527725152206e-03
1.689299999999999955e+03 7.799579017303085240e-03
1.690299999999999955e+03 9.034842869876198376e-03
1.691299999999999955e+03 9.559773784983512795e-03
1.692299999999999955e+03 9.906198118120632806e-03
1.693200000000000045e+03 1.026758426510424038e-02
1.694200000000000045e+03 1.055395327845699838e-02
1.695200000000000045e+03 1.094573632061459842e-02
1.696200000000000045e+03 1.142323840416507516e-02
1.697200000000000045e+03 1.175477558597663730e-02
1.698200000000000045e+03 1.211517388250374708e-02
1.699200000000000045e+03 1.288231428418911556e-02
1.700200000000000045e+03 1.423405904264477689e-02
1.701200000000000045e+03 1.572526326447431025e-02
1.702099999999999909e+03 1.639393585642118928e-02
1.703099999999999909e+03 1.629096905522807448e-02
1.704099999999999909e+03 1.654943665395861366e-02
1.705099999999999909e+03 1.745710906613763547e-02
1.706099999999999909e+03 1.835938216778785007e-02
1.707099999999999909e+03 1.893634668400975135e-02
1.708099999999999909e+03 1.919927829598110439e-02
1.709099999999999909e+03 1.899868422119053990e-02
1.710000000000000000e+03 1.842534249284675033e-02
1.711000000000000000e+03 1.817505012704868916e-02
1.712000000000000000e+03 1.869491227034602437e-02
1.713000000000000000e+03 1.952018236766681764e-02
1.714000000000000000e+03 2.012470866014115858e-02
1.715000000000000000e+03 2.039845093492063943e-02
1.716000000000000000e+03 2.015266446705942655e-02
1.716900000000000091e+03 1.951028119397009084e-02
1.717900000000000091e+03 1.935668364830717830e-02
1.718900000000000091e+03 2.041691480706199491e-02
1.719900000000000091e+03 2.231718008066770065e-02
1.720900000000000091e+03 2.388156800962550411e-02
1.721900000000000091e+03 2.430933165458621162e-02
1.722900000000000091e+03 2.399285315008158753e-02
1.723799999999999955e+03 2.380687189677195212e-02
1.724799999999999955e+03 2.397139202935984897e-02
1.725799999999999955e+03 2.412526077854437734e-02
1.726799999999999955e+03 2.402105743602717114e-02
1.727799999999999955e+03 2.385757610362111009e-02
1.728799999999999955e+03 2.396190938365882692e-02
1.729700000000000045e+03 2.426011887263181468e-02
1.730700000000000045e+03 2.449448163485200280e-02
1.731700000000000045e+03 2.466770108745895002e-02
1.732700000000000045e+03 2.485636692249327401e-02
1.733700000000000045e+03 2.536048686209492475e-02
1.734599999999999909e+03 2.659167629749242465e-02
1.735599999999999909e+03 2.795541663686681652e-02
1.736599999999999909e+03 2.826592096198343035e-02
1.737599999999999909e+03 2.762973888607376388e-02
1.738599999999999909e+03 2.736327661257034055e-02
1.739599999999999909e+03 2.797916029238195837e-02
1.740500000000000000e+03 2.853673804192108365e-02
1.741500000000000000e+03 2.815602073087787593e-02
1.742500000000000000e+03 2.709882859586987963e-02
1.743500000000000000e+03 2.612754738663557869e-02
1.744500000000000000e+03 2.571571014914787734e-02
1.745400000000000091e+03 2.589489478087982077e-02
1.746400000000000091e+03 2.625951685769254557e-02
1.747400000000000091e+03 2.626374907107685563e-02
1.748400000000000091e+03 2.564597692024374320e-02
1.749299999999999955e+03 2.475073963394181994e-02
1.750299999999999955e+03 2.434650566630641028e-02
1.751299999999999955e+03 2.447721123847235170e-02
1.752299999999999955e+03 2.435736690448834715e-02
1.753200000000000045e+03 2.403090925163920907e-02
1.753299999999999955e+03 2.424629224744771772e-02
1.754200000000000045e+03 2.477185976720661445e-02
1.755200000000000045e+03 2.475455137403795997e-02
1.756200000000000045e+03 2.405778026886480625e-02
1.757200000000000045e+03 2.337960245765999256e-02
1.758099999999999909e+03 2.349765201245310187e-02
1.758200000000000045e+03 2.456505926210702725e-02
1.759099999999999909e+03 2.586829875368741594e-02
1.759200000000000045e+03 2.645863770572343121e-02
1.760099999999999909e+03 2.638843567460910644e-02
1.761099999999999909e+03 2.667554577075281763e-02
1.762000000000000000e+03 2.766601389644520251e-02
1.762099999999999909e+03 2.846641474378347469e-02
1.763000000000000000e+03 2.839210554527664410e-02
1.763099999999999909e+03 2.790863381401210638e-02
1.764000000000000000e+03 2.776391014963395382e-02
1.764099999999999909e+03 2.796691637241886103e-02
1.765000000000000000e+03 2.801994985543103042e-02
1.765099999999999909e+03 2.781502443009514422e-02
1.766000000000000000e+03 2.762839760586850713e-02
1.766099999999999909e+03 2.755946220750486730e-02
1.766900000000000091e+03 2.761581221191738295e-02
1.767099999999999909e+03 2.776911239822582936e-02
1.767900000000000091e+03 2.802638493549618887e-02
1.768099999999999909e+03 2.867233698747150006e-02
1.768900000000000091e+03 2.955465395430552367e-02
1.769000000000000000e+03 2.980890844816128440e-02
1.769900000000000091e+03 2.924768822830964635e-02
1.770000000000000000e+03 2.873199021073991749e-02
1.770799999999999955e+03 2.871919901531299821e-02
1.771000000000000000e+03 2.882143898669094900e-02
1.771799999999999955e+03 2.865779869758886683e-02
1.772000000000000000e+03 2.825542498889151849e-02
1.772799999999999955e+03 2.784014542895547201e-02
1.773000000000000000e+03 2.745309121074728659e-02
1.773700000000000045e+03 2.692586420355727594e-02
1.774000000000000000e+03 2.634071936224083657e-02
1.774700000000000045e+03 2.608147139232872350e-02
1.775000000000000000e+03 2.646254199661707968e-02
1.775700000000000045e+03 2.723906746262335157e-02
1.775900000000000091e+03 2.742037230291456684e-02
1.776700000000000045e+03 2.621046907747620267e-02
1.776900000000000091e+03 2.400708490820714636e-02
1.777599999999999909e+03 2.206089076127315182e-02
1.777900000000000091e+03 2.132452254559879384e-02
1.778599999999999909e+03 2.180864550222052015e-02
1.778900000000000091e+03 2.281910096908705554e-02
1.779599999999999909e+03 2.352858654487764364e-02
1.779900000000000091e+03 2.360739104139721045e-02
1.780599999999999909e+03 2.327799892636275153e-02
1.780900000000000091e+03 2.266578125534776320e-02
1.781500000000000000e+03 2.166638195708518039e-02
1.781900000000000091e+03 2.038260523480157210e-02
1.782500000000000000e+03 1.913043444906957838e-02
1.782799999999999955e+03 1.817531138525557005e-02
1.783500000000000000e+03 1.766255284132337705e-02
1.783799999999999955e+03 1.734736632460508188e-02
1.784400000000000091e+03 1.664801766910748229e-02
1.784799999999999955e+03 1.542878909484598007e-02
1.785400000000000091e+03 1.422230982201394892e-02
1.785799999999999955e+03 1.364495975286340521e-02
1.786400000000000091e+03 1.374294834485183942e-02
1.786799999999999955e+03 1.385348723521433699e-02
1.787400000000000091e+03 1.349972495842731955e-02
1.787799999999999955e+03 1.294137705881697256e-02
1.788299999999999955e+03 1.250177868983507780e-02
1.788700000000000045e+03 1.219898171297164810e-02
1.789299999999999955e+03 1.200818507456961545e-02
1.789700000000000045e+03 1.176757895526993336e-02
1.790299999999999955e+03 1.126003988616856681e-02
1.790700000000000045e+03 1.067551617764739280e-02
1.791200000000000045e+03 1.034971753569247435e-02
1.791700000000000045e+03 1.019887532504137190e-02
1.792200000000000045e+03 1.004617471941303235e-02
1.792700000000000045e+03 1.021748946916963344e-02
1.793200000000000045e+03 1.102911191395398137e-02
1.793599999999999909e+03 1.199961932054336919e-02
1.794200000000000045e+03 1.224724217806440370e-02
1.794599999999999909e+03 1.140678229141420079e-02
1.795099999999999909e+03 1.014054494222613179e-02
1.795599999999999909e+03 9.602885392232654582e-03
1.796099999999999909e+03 1.027067687128930054e-02
1.796599999999999909e+03 1.163000308084252699e-02
1.797099999999999909e+03 1.268844813257497678e-02
1.797599999999999909e+03 1.270345660848392483e-02
1.798000000000000000e+03 1.189125079610292741e-02
1.798500000000000000e+03 1.108653875678998132e-02
1.799000000000000000e+03 1.054455229818694086e-02
1.799500000000000000e+03 9.952684744422313559e-03
1.800000000000000000e+03 9.288299890307463030e-03
1.800500000000000000e+03 8.940032390481677041e-03
1.800900000000000091e+03 9.254697066551659246e-03
1.801500000000000000e+03 1.015842816101919163e-02
1.801900000000000091e+03 1.126486385500354362e-02
1.802500000000000000e+03 1.217883858849320988e-02
1.802900000000000091e+03 1.267744149920400562e-02
1.803400000000000091e+03 1.247856393863659881e-02
1.803799999999999955e+03 1.136431291675931571e-02
1.804400000000000091e+03 9.861010581220696486e-03
1.804799999999999955e+03 8.572647558892068989e-03
1.805400000000000091e+03 7.428685502635262380e-03
1.805799999999999955e+03 6.493340679397281712e-03
1.806400000000000091e+03 6.133794919025213274e-03
1.806700000000000045e+03 6.043656944895964972e-03
1.807400000000000091e+03 5.609101323605278876e-03
1.807700000000000045e+03 5.070780657786414305e-03
1.808299999999999955e+03 4.941778426326353529e-03
1.808700000000000045e+03 5.191571256800002129e-03
1.809299999999999955e+03 5.802557928589508092e-03
1.809599999999999909e+03 6.755156696560550567e-03
1.810299999999999955e+03 7.567214008985169438e-03
1.810599999999999909e+03 7.764227307944492236e-03
1.811299999999999955e+03 7.227628662401028824e-03
1.811599999999999909e+03 6.098572383846774699e-03
1.812200000000000045e+03 5.103446832817418524e-03
1.812500000000000000e+03 5.248071308007744296e-03
1.813200000000000045e+03 6.533480834961537774e-03
1.813500000000000000e+03 7.806848103594521762e-03
1.814200000000000045e+03 8.165832358437175378e-03
1.814500000000000000e+03 7.796506462797929242e-03
1.815200000000000045e+03 7.371757629531155986e-03
1.815400000000000091e+03 7.252853519778570089e-03
1.816200000000000045e+03 7.466450376836366275e-03
1.816400000000000091e+03 7.930891920805567888e-03
1.817099999999999909e+03 8.592133086103622558e-03
1.817400000000000091e+03 9.387897954089296365e-03
1.818099999999999909e+03 1.004327333807341141e-02
1.818299999999999955e+03 1.032200101953498032e-02
1.819099999999999909e+03 1.032270193820180107e-02
1.819299999999999955e+03 1.026030381057627464e-02
1.820099999999999909e+03 1.041044473721367339e-02
1.820299999999999955e+03 1.115845370827759850e-02
1.821000000000000000e+03 1.245541928000899572e-02
1.821200000000000045e+03 1.359344776809479072e-02
1.822000000000000000e+03 1.394423340863921133e-02
1.822200000000000045e+03 1.349712991652455597e-02
1.823000000000000000e+03 1.277117259729965842e-02
1.823200000000000045e+03 1.236049568623451278e-02
1.823900000000000091e+03 1.240971052972316378e-02
1.824099999999999909e+03 1.277682470186012990e-02
1.824900000000000091e+03 1.344726134811365277e-02
1.825099999999999909e+03 1.435443111746748449e-02
1.825900000000000091e+03 1.519293437926048235e-02
1.826000000000000000e+03 1.567386038273890780e-02
1.826900000000000091e+03 1.588033303260751733e-02
1.827000000000000000e+03 1.614295718546706129e-02
1.827799999999999955e+03 1.642769342144206196e-02
1.828000000000000000e+03 1.627019756030270714e-02
1.828799999999999955e+03 1.566290986653193218e-02
1.828900000000000091e+03 1.532204617418559539e-02
1.829799999999999955e+03 1.555124652719894196e-02
1.829900000000000091e+03 1.561492936717092869e-02
1.830799999999999955e+03 1.477592884321052291e-02
1.830900000000000091e+03 1.326993831416965405e-02
1.831700000000000045e+03 1.191121307710898795e-02
1.831799999999999955e+03 1.114510684406088380e-02
1.832700000000000045e+03 1.104454223482496077e-02
1.832799999999999955e+03 1.181835952358589389e-02
1.833700000000000045e+03 1.326076170206994323e-02
1.834599999999999909e+03 1.425247430840738058e-02
1.834700000000000045e+03 1.390093549875773271e-02
1.835599999999999909e+03 1.257953806866691539e-02
1.835700000000000045e+03 1.154693281452178963e-02
1.836599999999999909e+03 1.153438290631765388e-02
1.837599999999999909e+03 1.178110202824933679e-02
1.838500000000000000e+03 1.139570291214255827e-02
1.838599999999999909e+03 1.084423580322508088e-02
1.839500000000000000e+03 1.092812024513986277e-02
1.840500000000000000e+03 1.145915876586584177e-02
1.841400000000000091e+03 1.175944221993558900e-02
1.842400000000000091e+03 1.135218887864535356e-02
1.843400000000000091e+03 1.003871750620436917e-02
1.844299999999999955e+03 8.371927507850150316e-03
1.844400000000000091e+03 7.639919519397292760e-03
1.845299999999999955e+03 8.351551410756209021e-03
1.846200000000000045e+03 9.478075973978133256e-03
1.846299999999999955e+03 9.934099974375661807e-03
1.847200000000000045e+03 9.470549907036090315e-03
1.847299999999999955e+03 8.370888626308279484e-03
1.848200000000000045e+03 7.573582511537786666e-03
1.849099999999999909e+03 8.059592387524624341e-03
1.849200000000000045e+03 9.548941775747306696e-03
1.850099999999999909e+03 1.060354440077025673e-02
1.850200000000000045e+03 1.036110449557779353e-02
1.851000000000000000e+03 9.416488473466523568e-03
1.851099999999999909e+03 8.751610413061114771e-03
1.852000000000000000e+03 8.847513156823874625e-03
1.852099999999999909e+03 9.572586359721756838e-03
1.852900000000000091e+03 1.015963766249885700e-02
1.853099999999999909e+03 9.649968460991796906e-03
1.853900000000000091e+03 7.777218698436805591e-03
1.854000000000000000e+03 5.524391618335143528e-03
1.854900000000000091e+03 4.238385105000422315e-03
1.855000000000000000e+03 4.187748957067509263e-03
1.855799999999999955e+03 4.892551372181534047e-03
1.856000000000000000e+03 5.871972517093685187e-03
1.856799999999999955e+03 6.418155106853780205e-03
1.856900000000000091e+03 6.300607997395728244e-03
1.857700000000000045e+03 6.327920001938843950e-03
1.857900000000000091e+03 6.882581118019067204e-03
1.858700000000000045e+03 7.419035903814290810e-03
1.858900000000000091e+03 7.567976131353027110e-03
1.859599999999999909e+03 7.290244824746309853e-03
1.859799999999999955e+03 6.722900863931862217e-03
1.860599999999999909e+03 6.306663435648935875e-03
1.860799999999999955e+03 6.376420211707321643e-03
1.861599999999999909e+03 6.938896068363158837e-03
1.861799999999999955e+03 7.581811043174200258e-03
1.862500000000000000e+03 7.576422371038919398e-03
1.862700000000000045e+03 6.573809056554946392e-03
1.863500000000000000e+03 4.948312022555844195e-03
1.863700000000000045e+03 3.757798199602735076e-03
1.864400000000000091e+03 3.873303972473779271e-03
1.864599999999999909e+03 4.850993511532447969e-03
1.865400000000000091e+03 5.504961484850121045e-03
1.865599999999999909e+03 5.289561934160641986e-03
1.866299999999999955e+03 4.684865330654561753e-03
1.866599999999999909e+03 4.344219894131757208e-03
1.867299999999999955e+03 4.326444390491919652e-03
1.867500000000000000e+03 4.524005181687227109e-03
1.868200000000000045e+03 5.101315542072579895e-03
1.868500000000000000e+03 6.076831689146664633e-03
1.869200000000000045e+03 6.883025511227429394e-03
1.869500000000000000e+03 6.960770253615630905e-03
1.870200000000000045e+03 6.445467271609725893e-03
1.870400000000000091e+03 5.754526013573907015e-03
1.871099999999999909e+03 5.332866965418490285e-03
1.871400000000000091e+03 5.698169041607093095e-03
1.872099999999999909e+03 6.705761740646408106e-03
1.872400000000000091e+03 7.424835308614175303e-03
1.873000000000000000e+03 7.375905205221855443e-03
1.873299999999999955e+03 7.004237726821316637e-03
1.874000000000000000e+03 6.812091825982208998e-03
1.874299999999999955e+03 7.088841548387335781e-03
1.874900000000000091e+03 8.049591825563539443e-03
1.875200000000000045e+03 9.425137034105969883e-03
1.875900000000000091e+03 1.050434622768750548e-02
1.876200000000000045e+03 1.080020063173763034e-02
1.876799999999999955e+03 1.026963459341365473e-02
1.877200000000000045e+03 9.244551661062371667e-03
1.877799999999999955e+03 8.541984494868513217e-03
1.878099999999999909e+03 8.859006629735804300e-03
1.878700000000000045e+03 9.790098955059153840e-03
1.879099999999999909e+03 1.018608413494019073e-02
1.879700000000000045e+03 9.608227189046504579e-03
1.880000000000000000e+03 9.040241641229304972e-03
1.880700000000000045e+03 9.450816804207557223e-03
1.881000000000000000e+03 1.032009006897498943e-02
1.881599999999999909e+03 1.066331718186423749e-02
1.882000000000000000e+03 1.038392567098924898e-02
1.882599999999999909e+03 9.823475886451497191e-03
1.882900000000000091e+03 9.062520603595806273e-03
1.883500000000000000e+03 8.238106467973566396e-03
1.883900000000000091e+03 7.838461033838804715e-03
1.884500000000000000e+03 8.209640696818090028e-03
1.884799999999999955e+03 9.080810211606980126e-03
1.885400000000000091e+03 9.879196124737647106e-03
1.885799999999999955e+03 1.033661011522198428e-02
1.886400000000000091e+03 1.046262021240652700e-02
1.886799999999999955e+03 1.028089185142900923e-02
1.887299999999999955e+03 9.893029507684949000e-03
1.887700000000000045e+03 9.250258568736067707e-03
1.888299999999999955e+03 7.954024526152032176e-03
1.888700000000000045e+03 6.148484394676315135e-03
1.889200000000000045e+03 4.983472222307230859e-03
1.889599999999999909e+03 5.331865509529816645e-03
1.890200000000000045e+03 6.637726793876241697e-03
1.890599999999999909e+03 7.756910978609797905e-03
1.891099999999999909e+03 8.356773325885687859e-03
1.891599999999999909e+03 8.745707027392548433e-03
1.892099999999999909e+03 9.006038175453087019e-03
1.892500000000000000e+03 8.999144073930528953e-03
1.893000000000000000e+03 8.849755821925889276e-03
1.893500000000000000e+03 8.947594436716634764e-03
1.894000000000000000e+03 9.251633208536577321e-03
1.894400000000000091e+03 9.253270309985630118e-03
1.894900000000000091e+03 8.875696939875452399e-03
1.895400000000000091e+03 8.544437434451997160e-03
1.895900000000000091e+03 8.395897830807994705e-03
1.896299999999999955e+03 8.270400229222702251e-03
1.896799999999999955e+03 8.353727335683271138e-03
1.897299999999999955e+03 8.755872643533287036e-03
1.897799999999999955e+03 9.109484276338751518e-03
1.898299999999999955e+03 9.511273960936771771e-03
1.898700000000000045e+03 1.046999498007628385e-02
1.899200000000000045e+03 1.188752975833176975e-02
1.899700000000000045e+03 1.306566841195349118e-02
1.900200000000000045e+03 1.336555559003328383e-02
1.900599999999999909e+03 1.277049539066914263e-02
1.901099999999999909e+03 1.171343864521487768e-02
1.901599999999999909e+03 1.056926119450166644e-02
1.902099999999999909e+03 9.620977841875995307e-03
1.902500000000000000e+03 9.171781711033133791e-03
1.903000000000000000e+03 9.660860294143546606e-03
1.903500000000000000e+03 1.111495569364922761e-02
1.904000000000000000e+03 1.250284665262049212e-02
1.904400000000000091e+03 1.286777045959312804e-02
1.905000000000000000e+03 1.247230114253845834e-02
1.905400000000000091e+03 1.193029648406222776e-02
1.905900000000000091e+03 1.142444238879949427e-02
1.906299999999999955e+03 1.107390418328534423e-02
1.906900000000000091e+03 1.097243655267802522e-02
1.907299999999999955e+03 1.088247613672415487e-02
1.907799999999999955e+03 1.065354865531027359e-02
1.908200000000000045e+03 1.059885495447355705e-02
1.908799999999999955e+03 1.094399836311842414e-02
1.909200000000000045e+03 1.147522358817684197e-02
1.909700000000000045e+03 1.196598501778544515e-02
1.910099999999999909e+03 1.234127725412659249e-02
1.910700000000000045e+03 1.258638893662891028e-02
1.911099999999999909e+03 1.280640497596197830e-02
1.911599999999999909e+03 1.297379516132062850e-02
1.912000000000000000e+03 1.286752345864377797e-02
1.912599999999999909e+03 1.250481636251887969e-02
1.912900000000000091e+03 1.210178540736032982e-02
1.913500000000000000e+03 1.178164929391508145e-02
1.913900000000000091e+03 1.170010802991448134e-02
1.914500000000000000e+03 1.201055659667945100e-02
1.914799999999999955e+03 1.236015330900293828e-02
1.915400000000000091e+03 1.215343618866515998e-02
1.915799999999999955e+03 1.146928479880068158e-02
1.916400000000000091e+03 1.077490543727086317e-02
1.916700000000000045e+03 1.035350098586394763e-02
1.917299999999999955e+03 1.058086534269213688e-02
1.917700000000000045e+03 1.153381441779600600e-02
1.918299999999999955e+03 1.259433144657515213e-02
1.918599999999999909e+03 1.324480468621370803e-02
1.919299999999999955e+03 1.343097756841547114e-02
1.919599999999999909e+03 1.310336900202698114e-02
1.920200000000000045e+03 1.221354378155138122e-02
1.920500000000000000e+03 1.106173308849199913e-02
1.921200000000000045e+03 1.034194000817291459e-02
1.921500000000000000e+03 1.063461228507053130e-02
1.922099999999999909e+03 1.178067150653576249e-02
1.922400000000000091e+03 1.292332532988856378e-02
1.923099999999999909e+03 1.333905528068182397e-02
1.923299999999999955e+03 1.308233324838695838e-02
1.924000000000000000e+03 1.278604378184901649e-02
1.924299999999999955e+03 1.302661461271907919e-02
1.925000000000000000e+03 1.361594000734062983e-02
1.925200000000000045e+03 1.375677695688174579e-02
1.925900000000000091e+03 1.320803058445967418e-02
1.926200000000000045e+03 1.247141501905211017e-02
1.926900000000000091e+03 1.185820060189391942e-02
1.927099999999999909e+03 1.142491049112258697e-02
1.927799999999999955e+03 1.140232571764970143e-02
1.928099999999999909e+03 1.173406041899443392e-02
1.928799999999999955e+03 1.191405870315417892e-02
1.929000000000000000e+03 1.183035433821267440e-02
1.929700000000000045e+03 1.180861655019647613e-02
1.930000000000000000e+03 1.182946162027476850e-02
1.930700000000000045e+03 1.149545342029664741e-02
1.930900000000000091e+03 1.038313141674289050e-02
1.931599999999999909e+03 8.535367915306426440e-03
1.931799999999999955e+03 6.788366639529604292e-03
1.932599999999999909e+03 5.967909384954322299e-03
1.932799999999999955e+03 6.152897526515445879e-03
1.933500000000000000e+03 7.018510420492544803e-03
1.933700000000000045e+03 8.250420751335581920e-03
1.934400000000000091e+03 9.794278780305795684e-03
1.934700000000000045e+03 1.180296135070920890e-02
1.935400000000000091e+03 1.399740097336513861e-02
1.935599999999999909e+03 1.546293214998364918e-02
1.936299999999999955e+03 1.544304102372549142e-02
1.936599999999999909e+03 1.411705176036715317e-02
1.937299999999999955e+03 1.258874484786172768e-02
1.937500000000000000e+03 1.189808730517324942e-02
1.938200000000000045e+03 1.200904326273628114e-02
1.938400000000000091e+03 1.202387166740800928e-02
1.939200000000000045e+03 1.133363453633508267e-02
1.939400000000000091e+03 1.030633677370516171e-02
1.940099999999999909e+03 9.750632282065664624e-03
1.940299999999999955e+03 9.987397926676581245e-03
1.941099999999999909e+03 1.076849954756428640e-02
1.941299999999999955e+03 1.164771606102877645e-02
1.942000000000000000e+03 1.206485147144727849e-02
1.942200000000000045e+03 1.152551183483311280e-02
1.943000000000000000e+03 1.014769616230667103e-02
1.943200000000000045e+03 8.798098478379319520e-03
1.943900000000000091e+03 8.432817220466175268e-03
1.944099999999999909e+03 9.288982956204243704e-03
1.944900000000000091e+03 1.074100262234627123e-02
1.945000000000000000e+03 1.198226960549796105e-02
1.945799999999999955e+03 1.267568448378205911e-02
1.946000000000000000e+03 1.284154413296260261e-02
1.946799999999999955e+03 1.263830320259499290e-02
1.946900000000000091e+03 1.216291838792467675e-02
1.947700000000000045e+03 1.127664214646085725e-02
1.947900000000000091e+03 1.009944188878996417e-02
1.948599999999999909e+03 9.499283054648668262e-03
1.948799999999999955e+03 1.016576345848440449e-02
1.949599999999999909e+03 1.136387317137895966e-02
1.949700000000000045e+03 1.172721642340060141e-02
1.950500000000000000e+03 1.105737494906822334e-02
1.950700000000000045e+03 1.037610090769423496e-02
1.951500000000000000e+03 1.039716987069571816e-02
1.951599999999999909e+03 1.076946359033609940e-02
1.952400000000000091e+03 1.096881515195359535e-02
1.952599999999999909e+03 1.108616680911172873e-02
1.953400000000000091e+03 1.136898491608218792e-02
1.953500000000000000e+03 1.181360584000138575e-02
1.954299999999999955e+03 1.213703760177112061e-02
1.954400000000000091e+03 1.170219758993752343e-02
1.955299999999999955e+03 1.042704300444149447e-02
1.955400000000000091e+03 9.279485485709176515e-03
1.956200000000000045e+03 8.941028336124937081e-03
1.956299999999999955e+03 9.043056899184474112e-03
1.957099999999999909e+03 9.090101047794859820e-03
1.957299999999999955e+03 9.077629562683181552e-03
1.958099999999999909e+03 9.095403118770523099e-03
1.958200000000000045e+03 9.138078544788610924e-03
1.959000000000000000e+03 9.243143722119272904e-03
1.959099999999999909e+03 9.364134872175371507e-03
1.960000000000000000e+03 9.393823113708402867e-03
1.960099999999999909e+03 9.431626520806413866e-03
1.960900000000000091e+03 9.516532036765463359e-03
1.961000000000000000e+03 8.977280530266681935e-03
1.961900000000000091e+03 7.322922724334815156e-03
1.962799999999999955e+03 5.547314021385668648e-03
1.962900000000000091e+03 5.063204717724001727e-03
1.963700000000000045e+03 5.955578301771563034e-03
1.963799999999999955e+03 7.125010911137351528e-03
1.964700000000000045e+03 7.603485928701766636e-03
1.964799999999999955e+03 7.531452687036776540e-03
1.965599999999999909e+03 7.607991100125937635e-03
1.965700000000000045e+03 7.792674400122651460e-03
1.966599999999999909e+03 7.651419506122355413e-03
1.967500000000000000e+03 7.302228525640646478e-03
1.967599999999999909e+03 7.210414967013656709e-03
1.968400000000000091e+03 7.347533708527744130e-03
1.968500000000000000e+03 7.239313800923934637e-03
1.969400000000000091e+03 6.889557620145763880e-03
1.970299999999999955e+03 6.675489532460353315e-03
1.970400000000000091e+03 6.877069193882423548e-03
1.971299999999999955e+03 7.542263620560158387e-03
1.972200000000000045e+03 8.074753625666130502e-03
1.973099999999999909e+03 7.966656677061461495e-03
1.973200000000000045e+03 7.917286484202382124e-03
1.974099999999999909e+03 8.736182782931147320e-03
1.975000000000000000e+03 9.830348491349541820e-03
1.975099999999999909e+03 1.022562465271217164e-02
1.976000000000000000e+03 9.922426804879600284e-03
1.976900000000000091e+03 9.351377716621651903e-03
1.977799999999999955e+03 8.738036712040883960e-03
1.977900000000000091e+03 8.285567901559992218e-03
1.978799999999999955e+03 8.059453158305824455e-03
1.979700000000000045e+03 7.826995470814251954e-03
1.980700000000000045e+03 7.529483187428999413e-03
1.981599999999999909e+03 7.346554417607846672e-03
1.982500000000000000e+03 7.329134737331554489e-03
1.983500000000000000e+03 7.517357280352706880e-03
1.984400000000000091e+03 8.122091478487105526e-03
1.985299999999999955e+03 9.250764812338340554e-03
1.986299999999999955e+03 1.056231684848767637e-02
1.987200000000000045e+03 1.129445344097400328e-02
1.988099999999999909e+03 1.090059176252179685e-02
1.988200000000000045e+03 9.870107704204839766e-03
1.989099999999999909e+03 9.221993234189195324e-03
1.990000000000000000e+03 9.006873284564214516e-03
1.990900000000000091e+03 8.581393427599367033e-03
1.991000000000000000e+03 8.217013625076985406e-03
1.991900000000000091e+03 8.678501449591206202e-03
1.992799999999999955e+03 9.549535589183231338e-03
1.993700000000000045e+03 9.839448473611137058e-03
1.993799999999999955e+03 9.680770205178238982e-03
1.994700000000000045e+03 9.732782875707293724e-03
1.995599999999999909e+03 9.646421732914786662e-03
1.996500000000000000e+03 8.881132586847348409e-03
1.996599999999999909e+03 8.297145817014166952e-03
1.997500000000000000e+03 8.987506885518883187e-03
1.998400000000000091e+03 1.018335254211241887e-02
1.999299999999999955e+03 1.027773795474974314e-02
1.999400000000000091e+03 9.288615301950454289e-03
2.000299999999999955e+03 8.617810029632324426e-03
2.001200000000000045e+03 8.843060448085426212e-03
2.002099999999999909e+03 9.276718937930691217e-03
2.002200000000000045e+03 9.355764729965562743e-03
2.003000000000000000e+03 9.322213899218355360e-03
2.003099999999999909e+03 9.842976570941054659e-03
2.004000000000000000e+03 1.102531268411992976e-02
2.004900000000000091e+03 1.199011282325193779e-02
2.005000000000000000e+03 1.230968477227915164e-02
2.005799999999999955e+03 1.263268452820002531e-02
2.005900000000000091e+03 1.338703837239169775e-02
2.006799999999999955e+03 1.413387166935997467e-02
2.007700000000000045e+03 1.401511722599420480e-02
2.007799999999999955e+03 1.289346389017421296e-02
2.008599999999999909e+03 1.168557234410190840e-02
2.008700000000000045e+03 1.128089004347379402e-02
2.009599999999999909e+03 1.182945907913757547e-02
2.010500000000000000e+03 1.263644294578015331e-02
2.010599999999999909e+03 1.282163138049209269e-02
2.011400000000000091e+03 1.217286327254462827e-02
2.011500000000000000e+03 1.100187218769451206e-02
2.012299999999999955e+03 9.864757858120444534e-03
2.012400000000000091e+03 9.405864318387153339e-03
2.013299999999999955e+03 9.834460008475869042e-03
2.013400000000000091e+03 1.072206170270766784e-02
2.014200000000000045e+03 1.153070247302118156e-02
2.014299999999999955e+03 1.201953751675466364e-02
2.015099999999999909e+03 1.222030568366153959e-02
2.015200000000000045e+03 1.226495653947948759e-02
2.016099999999999909e+03 1.226371502101427161e-02
2.017000000000000000e+03 1.215389902096552024e-02
2.017099999999999909e+03 1.198053117102021795e-02
2.017900000000000091e+03 1.209411369485544237e-02
2.018000000000000000e+03 1.254063918182476284e-02
2.018799999999999955e+03 1.282345128328331654e-02
2.018900000000000091e+03 1.248496302125608193e-02
2.019799999999999955e+03 1.165913957188502610e-02
2.019900000000000091e+03 1.085563888979104719e-02
2.020700000000000045e+03 1.041309775758997996e-02
2.020799999999999955e+03 1.033088320482413412e-02
2.021599999999999909e+03 1.027392911273422409e-02
2.021700000000000045e+03 9.848985083889314970e-03
2.022599999999999909e+03 9.118949387359282996e-03
2.022700000000000045e+03 8.446556181430545096e-03
2.023500000000000000e+03 7.986884761223715656e-03
2.023599999999999909e+03 7.751279656119372183e-03
2.024400000000000091e+03 7.901338225188108549e-03
2.024500000000000000e+03 8.540456420900802148e-03
2.025299999999999955e+03 9.604314710401233579e-03
2.025400000000000091e+03 1.084213235521303866e-02
2.026299999999999955e+03 1.178836657914251670e-02
2.026400000000000091e+03 1.200419068481135484e-02
2.027200000000000045e+03 1.140496366719865456e-02
2.027299999999999955e+03 1.055581050847965996e-02
2.028099999999999909e+03 1.044013678413309096e-02
2.028200000000000045e+03 1.139609772655258979e-02
2.029000000000000000e+03 1.275283843749091574e-02
2.029099999999999909e+03 1.364917918813915790e-02
2.030000000000000000e+03 1.376396408595551360e-02
2.030099999999999909e+03 1.328278501650213654e-02
2.030900000000000091e+03 1.261240821222059383e-02
2.031000000000000000e+03 1.220724919024516672e-02
2.031900000000000091e+03 1.223222411949433618e-02
2.032900000000000091e+03 1.240489751854716161e-02
2.033799999999999955e+03 1.265997551351466695e-02
2.034700000000000045e+03 1.320117310439795216e-02
2.035599999999999909e+03 1.383508735011667636e-02
2.036599999999999909e+03 1.428391139828961987e-02
2.037500000000000000e+03 1.450963216182407645e-02
2.038400000000000091e+03 1.436124355711562543e-02
2.039299999999999955e+03 1.391687464214026726e-02
2.040299999999999955e+03 1.382836821638759248e-02
2.041200000000000045e+03 1.430927250795967741e-02
2.042099999999999909e+03 1.456412653947038519e-02
2.043000000000000000e+03 1.390835967472216737e-02
2.044000000000000000e+03 1.266027566083958653e-02
2.044900000000000091e+03 1.178863146329097410e-02
2.045799999999999955e+03 1.191751051855777233e-02
2.046700000000000045e+03 1.264609259504670402e-02
2.047700000000000045e+03 1.312272650641315742e-02
2.048599999999999909e+03 1.295831437995076732e-02
2.049500000000000000e+03 1.232751666377090126e-02
2.050400000000000091e+03 1.165553966766962393e-02
2.051300000000000182e+03 1.114646365212169053e-02
2.052300000000000182e+03 1.070169046725292193e-02
2.053199999999999818e+03 1.056901585322370107e-02
2.054099999999999909e+03 1.127992477220153208e-02
2.055000000000000000e+03 1.263353474665111602e-02
2.056000000000000000e+03 1.379301199274801312e-02
2.056900000000000091e+03 1.421448624157796090e-02
2.057800000000000182e+03 1.373554495702470485e-02
2.058699999999999818e+03 1.258304414200710902e-02
2.059599999999999909e+03 1.142266258749648905e-02
2.060599999999999909e+03 1.065882969765994531e-02
2.061500000000000000e+03 1.005305245271354009e-02
2.062400000000000091e+03 9.451716847598067017e-03
2.063300000000000182e+03 9.330411152834981042e-03
2.064199999999999818e+03 9.935889644270858717e-03
2.065199999999999818e+03 1.067796865360189085e-02
2.066099999999999909e+03 1.104687857588095012e-02
2.067000000000000000e+03 1.120968669072663210e-02
2.067900000000000091e+03 1.146307888979419820e-02
2.068800000000000182e+03 1.183122747502153918e-02
2.069800000000000182e+03 1.210506418850679916e-02
2.070699999999999818e+03 1.206473568966694512e-02
2.071599999999999909e+03 1.186402417852706372e-02
2.072500000000000000e+03 1.191195356524340360e-02
2.073400000000000091e+03 1.220739229651424812e-02
2.074300000000000182e+03 1.226047646646646720e-02
2.075300000000000182e+03 1.193889717006882227e-02
2.076199999999999818e+03 1.193899162527304811e-02
2.077099999999999909e+03 1.282745451372966153e-02
2.078000000000000000e+03 1.394465783769457609e-02
2.078900000000000091e+03 1.417897444334920327e-02
2.079800000000000182e+03 1.352169987859308878e-02
2.080800000000000182e+03 1.297571973951574045e-02
2.081699999999999818e+03 1.316269233705653387e-02
2.082599999999999909e+03 1.363164326211176690e-02
2.083500000000000000e+03 1.372036133717424722e-02
2.084400000000000091e+03 1.357146959212280138e-02
2.085300000000000182e+03 1.373216139627229937e-02
2.086300000000000182e+03 1.424887616209389793e-02
2.087199999999999818e+03 1.469384516874200353e-02
2.088099999999999909e+03 1.480738179776373842e-02
2.089000000000000000e+03 1.473285833175835488e-02
2.089900000000000091e+03 1.477130878354946698e-02
2.090800000000000182e+03 1.509244201852791983e-02
2.091699999999999818e+03 1.557165294996632962e-02
2.092699999999999818e+03 1.581398157613226815e-02
2.093599999999999909e+03 1.544026938014866901e-02
2.094500000000000000e+03 1.452989761321758777e-02
2.095400000000000091e+03 1.362584522945862672e-02
2.096300000000000182e+03 1.302531976524761576e-02
2.097199999999999818e+03 1.248067204550256173e-02
2.098099999999999909e+03 1.186636420729258318e-02
2.099000000000000000e+03 1.132408800471839533e-02
2.100000000000000000e+03 1.087319438100648253e-02
2.100900000000000091e+03 1.090829198306445674e-02
2.101800000000000182e+03 1.201711638883301916e-02
2.102699999999999818e+03 1.362699803251094313e-02
2.103599999999999909e+03 1.433179425312610528e-02
2.104500000000000000e+03 1.363886259008671720e-02
2.105400000000000091e+03 1.240911155390896428e-02
2.106300000000000182e+03 1.156751507902950213e-02
2.107199999999999818e+03 1.106823129983273632e-02
2.108199999999999818e+03 1.081462632821815657e-02
2.109099999999999909e+03 1.140396534686150508e-02
2.110000000000000000e+03 1.296123391758836375e-02
2.110900000000000091e+03 1.467053006109992133e-02
2.111800000000000182e+03 1.573139288638569777e-02
2.112699999999999818e+03 1.585470478878197795e-02
2.113599999999999909e+03 1.523578406253334357e-02
2.114500000000000000e+03 1.448558031143225462e-02
2.115400000000000091e+03 1.420537862366387863e-02
2.116300000000000182e+03 1.437248475093251716e-02
2.117199999999999818e+03 1.445968754230662554e-02
2.118199999999999818e+03 1.424866357840655004e-02
2.119099999999999909e+03 1.404066450753045300e-02
2.120000000000000000e+03 1.402893515721672160e-02
2.120900000000000091e+03 1.401658292960595610e-02
2.121800000000000182e+03 1.388835727881035029e-02
2.122699999999999818e+03 1.369947282897471946e-02
2.123599999999999909e+03 1.311402008627215662e-02
2.124500000000000000e+03 1.181715734939519855e-02
2.125400000000000091e+03 1.029675296264940393e-02
2.126300000000000182e+03 9.085955543485206218e-03
2.127199999999999818e+03 8.017001445593306339e-03
2.128099999999999909e+03 6.860223545585884992e-03
2.129000000000000000e+03 5.908805839897066439e-03
2.129900000000000091e+03 5.651407388068706295e-03
2.130900000000000091e+03 6.080704801624205527e-03
2.131800000000000182e+03 6.728558912520338740e-03
2.132699999999999818e+03 7.228184930106728093e-03
2.133599999999999909e+03 7.402703271251300128e-03
2.134500000000000000e+03 7.237883023247258796e-03
2.135400000000000091e+03 6.953009068923819355e-03
2.136300000000000182e+03 6.751552418345540575e-03
2.137199999999999818e+03 6.603872954040178669e-03
2.138099999999999909e+03 6.451225444190284916e-03
2.139000000000000000e+03 6.395961212744216695e-03
2.139900000000000091e+03 6.471906440591730127e-03
2.140800000000000182e+03 6.369884267188184908e-03
2.141699999999999818e+03 5.722221393949598195e-03
2.142599999999999909e+03 4.725838862178934584e-03
2.143500000000000000e+03 4.129209080859319245e-03
2.144400000000000091e+03 4.409635899851011703e-03
2.145300000000000182e+03 5.198622151498525495e-03
2.146199999999999818e+03 5.832329315386390427e-03
2.147099999999999909e+03 6.355876840858393217e-03
2.148000000000000000e+03 7.285499769056669878e-03
2.148900000000000091e+03 8.365240034424108878e-03
2.149800000000000182e+03 8.569982169325425503e-03
2.150699999999999818e+03 7.462255096405374238e-03
2.151599999999999909e+03 5.890407248360082781e-03
2.152500000000000000e+03 5.158267297377838734e-03
2.153400000000000091e+03 5.442280682015431838e-03
2.154300000000000182e+03 5.623335491845566150e-03
2.155199999999999818e+03 5.123764521147086692e-03
2.156099999999999909e+03 4.656457636783697951e-03
2.157000000000000000e+03 4.675629064027801013e-03
2.157900000000000091e+03 4.520749611913619723e-03
2.158800000000000182e+03 3.715946562041578128e-03
2.159699999999999818e+03 2.799226028002899189e-03
2.160599999999999909e+03 2.243598259570230187e-03
2.161500000000000000e+03 1.849872669511180238e-03
2.162400000000000091e+03 1.445733449453810368e-03
2.163300000000000182e+03 1.042628247037378055e-03
2.164199999999999818e+03 5.777962670888414903e-04
2.165099999999999909e+03 2.634939087890834355e-04
2.166000000000000000e+03 6.901581728346870611e-04
2.166900000000000091e+03 2.146928099765873718e-03
2.167800000000000182e+03 4.197547269256128935e-03
2.168699999999999818e+03 6.035384567339530798e-03
2.169599999999999909e+03 7.181637546607664777e-03
2.170500000000000000e+03 7.731846127597927568e-03
2.171400000000000091e+03 7.782071720603114286e-03
2.172300000000000182e+03 7.150010287420540539e-03
2.173199999999999818e+03 5.930839690677758291e-03
2.174099999999999909e+03 4.725756590347135119e-03
2.175000000000000000e+03 4.077498672991473894e-03
2.175900000000000091e+03 4.085630529344430086e-03
2.176800000000000182e+03 4.629750834544090268e-03
2.177699999999999818e+03 5.432549270916211398e-03
2.178599999999999909e+03 5.907722493452895532e-03
2.179500000000000000e+03 5.696526790484521957e-03
2.180400000000000091e+03 5.128185606040325945e-03
2.181300000000000182e+03 4.566911452107637673e-03
2.182199999999999818e+03 3.830108894262487015e-03
2.183099999999999909e+03 2.799964750604811217e-03
2.183900000000000091e+03 2.014088723168953789e-03
2.184800000000000182e+03 1.919523994117247742e-03
2.185699999999999818e+03 2.192301332514938993e-03
2.186599999999999909e+03 2.476162995091880491e-03
2.187500000000000000e+03 3.042980719279229744e-03
2.188400000000000091e+03 4.136046897381897951e-03
2.189300000000000182e+03 5.348180223595969118e-03
2.190199999999999818e+03 6.015610465149989067e-03
2.191099999999999909e+03 5.974649268785545315e-03
2.192000000000000000e+03 5.582754017189881998e-03
2.192900000000000091e+03 5.047266391185346174e-03
2.193800000000000182e+03 4.521712308835389334e-03
2.194699999999999818e+03 4.606290822096387357e-03
2.195599999999999909e+03 5.575175518822764187e-03
2.196500000000000000e+03 6.749193714244596312e-03
2.197300000000000182e+03 7.517243789686328323e-03
2.198199999999999818e+03 8.035759321201051825e-03
2.199099999999999909e+03 8.569160570014546993e-03
2.200000000000000000e+03 9.079589085719737621e-03
2.200900000000000091e+03 9.511565657424610881e-03
2.201800000000000182e+03 9.676553454425279588e-03
2.202699999999999818e+03 9.267525824647522559e-03
2.203599999999999909e+03 8.488706986743539684e-03
2.204500000000000000e+03 7.951849975939419973e-03
2.205400000000000091e+03 7.920854421083988600e-03
2.206300000000000182e+03 8.133542153279996884e-03
2.207099999999999909e+03 8.419677971157316435e-03
2.208000000000000000e+03 9.065936225824557104e-03
2.208900000000000091e+03 1.011626821668281002e-02
2.209800000000000182e+03 1.101280719596161792e-02
2.210699999999999818e+03 1.136299930698070684e-02
2.211599999999999909e+03 1.129313635991529771e-02
2.212500000000000000e+03 1.095680929984756136e-02
2.213400000000000091e+03 1.047264139252184964e-02
2.214300000000000182e+03 1.021722206840109531e-02
2.215099999999999909e+03 1.055976979784408777e-02
2.216000000000000000e+03 1.142817157290901275e-02
2.216900000000000091e+03 1.244051309120668136e-02
2.217800000000000182e+03 1.318512872408194800e-02
2.218699999999999818e+03 1.348469286253382513e-02
2.219599999999999909e+03 1.374401883225800057e-02
2.220500000000000000e+03 1.438158187184204566e-02
2.221400000000000091e+03 1.496630816232989714e-02
2.222199999999999818e+03 1.485051439890201080e-02
2.223099999999999909e+03 1.415204735726352525e-02
2.224000000000000000e+03 1.349136168707111734e-02
2.224900000000000091e+03 1.332701942690556543e-02
2.225800000000000182e+03 1.367054396752434911e-02
2.226699999999999818e+03 1.396077981409538440e-02
2.227599999999999909e+03 1.345033064134207659e-02
2.228400000000000091e+03 1.217465948530381536e-02
2.229300000000000182e+03 1.102358247171216638e-02
2.230199999999999818e+03 1.055800905118034483e-02
2.231099999999999909e+03 1.056334747519125337e-02
2.232000000000000000e+03 1.071175237217084422e-02
2.232900000000000091e+03 1.092439229691642005e-02
2.233699999999999818e+03 1.127894874734794786e-02
2.234599999999999909e+03 1.177726671852254332e-02
2.235500000000000000e+03 1.206362578655632151e-02
2.236400000000000091e+03 1.180971972158197450e-02
2.237300000000000182e+03 1.131602918923854673e-02
2.238199999999999818e+03 1.101789771356643730e-02
2.239099999999999909e+03 1.078382716030064706e-02
2.239900000000000091e+03 1.032872013798770763e-02
2.240800000000000182e+03 9.848605491611244628e-03
2.241699999999999818e+03 9.659064109734213227e-03
2.242599999999999909e+03 9.709492951477365769e-03
2.243500000000000000e+03 9.790565630012229223e-03
2.244300000000000182e+03 9.686662177313974664e-03
2.245199999999999818e+03 9.307808516657667050e-03
2.246099999999999909e+03 8.951791532071328578e-03
2.247000000000000000e+03 8.964702117223725258e-03
2.247900000000000091e+03 9.114540723363036973e-03
2.248800000000000182e+03 8.954765913199843816e-03
2.249599999999999909e+03 8.720775187463201267e-03
2.250500000000000000e+03 9.035414888509864934e-03
2.251400000000000091e+03 9.806867974928950432e-03
2.252300000000000182e+03 1.024276313430827999e-02
2.253199999999999818e+03 9.941551029753657731e-03
2.254000000000000000e+03 9.325242620438826263e-03
2.254900000000000091e+03 8.992026221890466256e-03
2.255800000000000182e+03 9.000900044609521852e-03
2.256699999999999818e+03 8.734976706352332726e-03
2.257599999999999909e+03 7.700833733633576442e-03
2.258400000000000091e+03 6.478675320017135766e-03
2.259300000000000182e+03 6.054156001499646535e-03
2.260199999999999818e+03 6.533205062421802364e-03
2.261099999999999909e+03 7.254240124158522346e-03
2.262000000000000000e+03 7.706649099029454220e-03
2.262800000000000182e+03 7.953751832987694670e-03
2.263699999999999818e+03 8.290108395863055035e-03
2.264599999999999909e+03 8.753370995907767613e-03
2.265500000000000000e+03 8.977369336134896627e-03
2.266300000000000182e+03 8.628824848404874348e-03
2.267199999999999818e+03 8.024897647158951014e-03
2.268099999999999909e+03 7.740357531341461074e-03
2.269000000000000000e+03 7.658649703230369782e-03
2.269900000000000091e+03 7.103740813280700478e-03
2.270699999999999818e+03 5.886512529069653533e-03
2.271599999999999909e+03 4.680942794360250757e-03
2.272500000000000000e+03 4.252952840926591330e-03
2.273400000000000091e+03 4.774485859027818684e-03
2.274199999999999818e+03 5.885969756939408298e-03
2.275099999999999909e+03 7.034437352620243923e-03
2.276000000000000000e+03 7.764554372237834207e-03
2.276900000000000091e+03 7.938247913129472047e-03
2.277699999999999818e+03 7.762275747565404449e-03
2.278599999999999909e+03 7.529976109302873033e-03
2.279500000000000000e+03 7.365618252018760886e-03
2.280400000000000091e+03 7.194229290501355512e-03
2.281199999999999818e+03 6.911179937419278420e-03
2.282099999999999909e+03 6.523442107071999660e-03
2.283000000000000000e+03 6.080064604086950208e-03
2.283900000000000091e+03 5.649002224436610112e-03
2.284699999999999818e+03 5.407144455200614194e-03
2.285599999999999909e+03 5.574617934601160812e-03
2.286500000000000000e+03 6.054485665524819357e-03
2.287400000000000091e+03 6.417831659838330385e-03
2.288199999999999818e+03 6.559976554156186565e-03
2.289099999999999909e+03 6.738107035625554714e-03
2.290000000000000000e+03 7.016795606781946887e-03
2.290800000000000182e+03 7.155392281501050770e-03
2.291699999999999818e+03 6.904143186067482341e-03
2.292599999999999909e+03 6.569073045379458797e-03
2.293500000000000000e+03 6.844017922677832558e-03
2.294300000000000182e+03 7.599453326550956352e-03
2.295199999999999818e+03 7.801399318188914980e-03
2.296099999999999909e+03 6.972125314889731501e-03
2.296900000000000091e+03 5.758657644538043088e-03
2.297800000000000182e+03 4.968059376484069978e-03
2.298699999999999818e+03 4.788924212032659618e-03
2.299599999999999909e+03 5.073147964497189653e-03
2.300400000000000091e+03 5.651071431764704417e-03
2.301300000000000182e+03 6.195464203919051269e-03
2.302199999999999818e+03 6.523292301957272533e-03
2.303000000000000000e+03 6.915185460726638172e-03
2.303900000000000091e+03 7.572362709439577413e-03
2.304800000000000182e+03 8.020862742960589015e-03
2.305699999999999818e+03 7.657139578923012266e-03
2.306500000000000000e+03 6.868760516826074788e-03
2.307400000000000091e+03 6.796312594003260307e-03
2.308300000000000182e+03 7.780254558948205765e-03
2.309099999999999909e+03 9.055532501617577154e-03
2.310000000000000000e+03 9.893450308565414353e-03
2.310900000000000091e+03 1.017111371635791642e-02
2.311699999999999818e+03 1.014058392464983055e-02
2.312599999999999909e+03 1.008652252857650949e-02
2.313500000000000000e+03 1.018613267238373948e-02
2.314300000000000182e+03 1.057501583824583397e-02
2.315199999999999818e+03 1.115888181914779717e-02
2.316099999999999909e+03 1.155967178479230285e-02
2.316900000000000091e+03 1.167514925499685621e-02
2.317800000000000182e+03 1.186582670362243061e-02
2.318699999999999818e+03 1.243416561171529697e-02
2.319500000000000000e+03 1.318609336146459032e-02
2.320400000000000091e+03 1.358116957375798788e-02
2.321300000000000182e+03 1.328111489421132663e-02
2.322099999999999909e+03 1.249839959402924278e-02
2.323000000000000000e+03 1.184535604878322185e-02
2.323900000000000091e+03 1.170940558136435682e-02
2.324699999999999818e+03 1.188532237783928962e-02
2.325599999999999909e+03 1.212735531343125256e-02
2.326500000000000000e+03 1.240238535486917239e-02
2.327300000000000182e+03 1.229480530968297264e-02
2.328199999999999818e+03 1.122562825075633375e-02
2.329099999999999909e+03 9.584777343554078469e-03
2.329900000000000091e+03 8.665007602907573436e-03
2.330800000000000182e+03 8.946097532304700395e-03
2.331699999999999818e+03 9.467999656435324013e-03
2.332500000000000000e+03 9.359972378761216225e-03
2.333400000000000091e+03 8.676130737097689088e-03
2.334300000000000182e+03 7.770369356270259015e-03
2.335099999999999909e+03 6.925895297737589412e-03
2.336000000000000000e+03 6.436170839218520803e-03
2.336900000000000091e+03 6.641115508377563523e-03
2.337699999999999818e+03 7.563888751155219137e-03
2.338599999999999909e+03 8.586528646812054827e-03
2.339400000000000091e+03 9.084460974370206846e-03
2.340300000000000182e+03 9.145679195322668070e-03
2.341199999999999818e+03 9.054319397011154763e-03
2.342000000000000000e+03 8.586035221317442345e-03
2.342900000000000091e+03 7.445019055737821245e-03
2.343800000000000182e+03 6.017633318378179386e-03
2.344599999999999909e+03 5.164161299127860080e-03
2.345500000000000000e+03 5.296361252375881776e-03
2.346300000000000182e+03 6.067321803142538238e-03
2.347199999999999818e+03 6.922092633747375240e-03
2.348099999999999909e+03 7.379300427622572864e-03
2.348900000000000091e+03 7.107889210215518651e-03
2.349800000000000182e+03 6.430878561289127271e-03
2.350599999999999909e+03 6.190289523277785547e-03
2.351500000000000000e+03 6.610638988713156763e-03
2.352400000000000091e+03 7.093627653844230413e-03
2.353199999999999818e+03 7.188466493562103640e-03
2.354099999999999909e+03 6.809625246821436259e-03
2.354900000000000091e+03 6.102966840924045275e-03
2.355800000000000182e+03 5.716226233868549993e-03
2.356699999999999818e+03 6.123088695630900594e-03
2.357500000000000000e+03 6.735197021450551463e-03
2.358400000000000091e+03 6.715173213953266190e-03
2.359199999999999818e+03 6.063064481693572136e-03
2.360099999999999909e+03 5.261263208316224044e-03
2.361000000000000000e+03 4.669242761349812719e-03
2.361800000000000182e+03 4.503176689113408057e-03
2.362699999999999818e+03 4.707678262895533330e-03
2.363500000000000000e+03 4.849839675741745432e-03
2.364400000000000091e+03 4.542264681094354377e-03
2.365300000000000182e+03 3.805375981922644486e-03
2.366099999999999909e+03 2.927125653120606248e-03
2.367000000000000000e+03 2.265004703463197998e-03
2.367800000000000182e+03 2.151766302278486365e-03
2.368699999999999818e+03 2.670550158247172144e-03
2.369500000000000000e+03 3.404036762592566826e-03
2.370400000000000091e+03 3.640578378265976484e-03
2.371300000000000182e+03 3.100418298525862634e-03
2.372099999999999909e+03 2.231367443382618540e-03
2.373000000000000000e+03 1.685589538417815031e-03
2.373800000000000182e+03 1.961378756452714003e-03
2.374699999999999818e+03 3.137913628195101827e-03
2.375500000000000000e+03 4.488504924338965543e-03
2.376400000000000091e+03 5.027483177142135287e-03
2.377199999999999818e+03 4.556279522300034704e-03
2.378099999999999909e+03 3.777105795872700861e-03
2.379000000000000000e+03 3.506201196685549380e-03
2.379800000000000182e+03 3.894386441421228244e-03
2.380699999999999818e+03 4.443167010263876157e-03
2.381500000000000000e+03 4.726354486786547154e-03
2.382400000000000091e+03 4.710781456822707089e-03
2.383199999999999818e+03 4.559719182294774166e-03
2.384099999999999909e+03 4.557712186499024778e-03
2.384900000000000091e+03 4.891951037583231951e-03
2.385800000000000182e+03 5.277079700997566042e-03
2.386599999999999909e+03 5.207648979729990329e-03
2.387500000000000000e+03 4.744989450629379102e-03
2.388400000000000091e+03 4.543233320104787983e-03
2.389199999999999818e+03 4.944322629876317030e-03
2.390099999999999909e+03 5.514977191764585882e-03
2.390900000000000091e+03 5.532886292822706067e-03
2.391800000000000182e+03 4.677941162730715752e-03
2.392599999999999909e+03 3.170064911977377945e-03
2.393500000000000000e+03 1.734543960021411608e-03
2.394300000000000182e+03 1.308333047039276836e-03
2.395199999999999818e+03 2.063263010530121989e-03
2.396000000000000000e+03 3.170155787434494367e-03
2.396900000000000091e+03 3.860477731148196853e-03
2.397699999999999818e+03 4.031212374714310959e-03
2.398599999999999909e+03 3.824247180433037671e-03
2.399400000000000091e+03 3.396420753512887324e-03
2.400300000000000182e+03 3.084360104655364636e-03
2.401099999999999909e+03 3.113742522771445129e-03
2.402000000000000000e+03 3.310659526567187073e-03
2.402800000000000182e+03 3.494648672027246723e-03
2.403699999999999818e+03 3.682457834539026517e-03
2.404500000000000000e+03 3.851357414232179071e-03
2.405400000000000091e+03 3.923164346953470979e-03
2.406199999999999818e+03 3.989956426793033438e-03
2.407099999999999909e+03 4.340097863690215059e-03
2.407900000000000091e+03 4.972450098905265709e-03
2.408800000000000182e+03 5.279572977124374206e-03
2.409599999999999909e+03 4.753949808737971058e-03
2.410500000000000000e+03 3.747048677357625937e-03
2.411300000000000182e+03 2.984272661081865084e-03
2.412199999999999818e+03 2.715576696989417064e-03
2.413000000000000000e+03 2.687249266529584488e-03
2.413400000000000091e+03 2.699484228671265775e-03
2.413900000000000091e+03 2.844305792958351856e-03
2.414199999999999818e+03 3.137468513380970575e-03
2.414699999999999818e+03 3.410537160667036910e-03
2.415099999999999909e+03 3.653117496442924092e-03
2.415599999999999909e+03 4.114601456416349876e-03
2.415900000000000091e+03 4.814927502005674105e-03
2.416400000000000091e+03 5.343974897809246685e-03
2.416800000000000182e+03 5.476675510090784141e-03
2.417300000000000182e+03 5.281478638557083119e-03
2.417699999999999818e+03 4.736092491916640140e-03
2.418099999999999909e+03 4.013226517057657053e-03
2.418500000000000000e+03 3.604876984328436382e-03
2.419000000000000000e+03 3.788637073258889487e-03
2.419400000000000091e+03 4.482257023632136086e-03
2.419800000000000182e+03 5.385011859768486751e-03
2.420199999999999818e+03 6.006681484595231824e-03
2.420699999999999818e+03 5.979160753240665011e-03
2.421099999999999909e+03 5.330376048407823274e-03
2.421500000000000000e+03 4.438103142938070768e-03
2.422000000000000000e+03 3.824542662228864846e-03
2.422400000000000091e+03 3.769884155505473771e-03
2.422800000000000182e+03 4.107201695721885912e-03
2.423199999999999818e+03 4.486697063028664313e-03
2.423699999999999818e+03 4.701746598294101465e-03
2.424099999999999909e+03 4.728937746038485226e-03
2.424500000000000000e+03 4.606667115324152191e-03
2.424900000000000091e+03 4.501741089969259549e-03
2.425400000000000091e+03 4.651035141675978653e-03
2.425699999999999818e+03 4.983440490524501665e-03
2.426300000000000182e+03 5.083408720234390554e-03
2.426599999999999909e+03 4.765613814301366061e-03
2.427099999999999909e+03 4.381687143495936916e-03
2.427400000000000091e+03 4.282984591303282476e-03
2.428000000000000000e+03 4.457173511324365699e-03
2.428300000000000182e+03 4.811614131411250453e-03
2.428800000000000182e+03 5.305406402848761652e-03
2.429099999999999909e+03 5.883134715954375579e-03
2.429699999999999818e+03 6.380028657910439931e-03
2.430000000000000000e+03 6.445345451901679165e-03
2.430500000000000000e+03 5.836364016634809984e-03
2.430800000000000182e+03 4.899953532968764035e-03
2.431400000000000091e+03 4.484068504117343264e-03
2.431699999999999818e+03 5.084756508586916676e-03
2.432300000000000182e+03 6.103658420806780567e-03
2.432500000000000000e+03 6.384183365029744150e-03
2.433099999999999909e+03 5.540638176235086060e-03
2.433400000000000091e+03 4.238321650404137421e-03
2.434000000000000000e+03 3.308411947613913370e-03
2.434199999999999818e+03 3.153286877532541794e-03
2.434800000000000182e+03 3.820619079728665435e-03
2.435000000000000000e+03 5.123525416316636848e-03
2.435699999999999818e+03 6.664397176667577125e-03
2.435900000000000091e+03 7.961893910323460111e-03
2.436500000000000000e+03 8.553542792508136289e-03
2.436699999999999818e+03 8.188740016748907724e-03
2.437400000000000091e+03 7.096564289574144695e-03
2.437599999999999909e+03 5.943278429474825250e-03
2.438300000000000182e+03 5.281208402964893134e-03
2.438400000000000091e+03 5.020025090426823156e-03
2.439099999999999909e+03 4.763454568137953649e-03
2.439300000000000182e+03 4.516394837973843925e-03
2.440000000000000000e+03 4.538958612588904137e-03
2.440099999999999909e+03 4.839651772809715029e-03
2.440800000000000182e+03 5.310335610054887912e-03
2.440900000000000091e+03 5.883900172285972882e-03
2.441699999999999818e+03 6.262824050207062634e-03
2.441800000000000182e+03 6.163113928695633861e-03
2.442500000000000000e+03 5.989503425802860173e-03
2.442599999999999909e+03 6.513722630559956248e-03
2.443400000000000091e+03 7.705638870876985874e-03
2.443500000000000000e+03 8.491912667147773555e-03
2.444199999999999818e+03 7.946144335329132988e-03
2.444300000000000182e+03 6.415859884988071860e-03
2.445099999999999909e+03 5.078626755931172840e-03
2.445199999999999818e+03 4.677658270262325876e-03
2.445900000000000091e+03 5.150594007609508168e-03
2.446000000000000000e+03 6.053980148813493251e-03
2.446800000000000182e+03 6.858103366934143602e-03
2.447699999999999818e+03 7.157506889238045289e-03
2.448500000000000000e+03 7.036191096021745042e-03
2.449400000000000091e+03 6.988321233632018709e-03
2.450199999999999818e+03 7.367463199474628965e-03
2.451099999999999909e+03 8.166176458212392325e-03
2.451900000000000091e+03 9.129422873926871726e-03
2.452699999999999818e+03 9.793779083507047484e-03
2.452800000000000182e+03 9.661017123930295755e-03
2.453599999999999909e+03 8.804442127978765603e-03
2.454400000000000091e+03 8.064161269683598615e-03
2.454500000000000000e+03 8.145158325326591620e-03
2.455300000000000182e+03 8.878317879651931310e-03
2.456099999999999909e+03 9.654555198027169743e-03
2.456199999999999818e+03 1.018675928988049817e-02
2.456900000000000091e+03 1.056850177864853378e-02
2.457000000000000000e+03 1.097937559860328802e-02
2.457800000000000182e+03 1.148412684926581641e-02
2.457900000000000091e+03 1.168580470403613944e-02
2.458599999999999909e+03 1.102144905893070667e-02
2.458699999999999818e+03 9.669011737659060496e-03
2.459500000000000000e+03 8.399665999092073565e-03
2.459599999999999909e+03 7.762266838619363493e-03
2.460300000000000182e+03 7.829038482873498100e-03
2.460400000000000091e+03 8.291375370704607770e-03
2.461099999999999909e+03 8.770549088414490019e-03
2.461300000000000182e+03 9.076171950960183060e-03
2.462000000000000000e+03 9.213623303300996076e-03
2.462099999999999909e+03 9.331244557117687743e-03
2.462800000000000182e+03 9.451699570934170638e-03
2.463000000000000000e+03 9.376478671302385798e-03
2.463699999999999818e+03 9.234414997083009724e-03
2.463800000000000182e+03 9.626137143119408573e-03
2.464500000000000000e+03 1.068978592487650897e-02
2.464699999999999818e+03 1.168537241354694091e-02
2.465300000000000182e+03 1.178181001058753105e-02
2.465500000000000000e+03 1.087764983627341996e-02
2.466199999999999818e+03 9.736361976803175472e-03
2.466400000000000091e+03 9.154283022973268291e-03
2.467000000000000000e+03 9.065189003396452797e-03
2.467199999999999818e+03 8.924034948751932012e-03
2.467900000000000091e+03 8.529044624635724603e-03
2.468099999999999909e+03 8.131562157730413964e-03
2.468699999999999818e+03 8.078676978891641269e-03
2.468900000000000091e+03 8.462105156285308627e-03
2.469500000000000000e+03 9.083708598414900331e-03
2.469800000000000182e+03 9.545891566396728922e-03
2.470400000000000091e+03 9.486271457452292305e-03
2.470599999999999909e+03 9.040429111400117429e-03
2.471199999999999818e+03 8.689480749897976475e-03
2.471500000000000000e+03 8.609902685796082256e-03
2.472000000000000000e+03 8.684077502967632936e-03
2.472300000000000182e+03 8.822624950607134073e-03
2.472900000000000091e+03 9.003015102857584925e-03
2.473199999999999818e+03 9.365219726574412762e-03
2.473699999999999818e+03 1.000679593963974337e-02
2.474000000000000000e+03 1.061527215905960081e-02
2.474599999999999909e+03 1.075596054255471140e-02
2.474900000000000091e+03 1.035860401145986473e-02
2.475400000000000091e+03 9.791841218972486757e-03
2.475699999999999818e+03 9.488499426913980794e-03
2.476199999999999818e+03 9.426636194066150692e-03
2.476500000000000000e+03 9.260923373163473110e-03
2.477099999999999909e+03 8.712760424712136936e-03
2.477400000000000091e+03 7.678078488777811267e-03
2.477900000000000091e+03 6.439379405617007279e-03
2.478199999999999818e+03 5.514432749339023658e-03
2.478699999999999818e+03 5.045091201464652064e-03
2.479099999999999909e+03 4.898389849693721154e-03
2.479599999999999909e+03 5.165514033805093663e-03
2.479900000000000091e+03 5.730081641876117945e-03
2.480400000000000091e+03 5.964246757719724942e-03
2.480800000000000182e+03 5.621438929589541930e-03
2.481199999999999818e+03 5.294780074337902820e-03
2.481599999999999909e+03 5.596065032181683427e-03
2.482099999999999909e+03 6.421128314343655177e-03
2.482500000000000000e+03 7.202773891593097083e-03
2.482900000000000091e+03 7.573310091002599317e-03
2.483300000000000182e+03 7.501192480574681021e-03
2.483800000000000182e+03 7.097359087823321665e-03
2.484199999999999818e+03 6.612766896978441999e-03
2.484599999999999909e+03 6.229884567372237503e-03
2.485000000000000000e+03 5.950303074852423407e-03
2.485400000000000091e+03 5.914012673707651040e-03
2.485800000000000182e+03 6.303227525944801388e-03
2.486300000000000182e+03 6.920826605525191334e-03
2.486699999999999818e+03 7.249897374963044927e-03
2.487099999999999909e+03 6.957805454459601961e-03
2.487500000000000000e+03 6.344933182642897851e-03
2.487900000000000091e+03 6.045268493883350358e-03
2.488400000000000091e+03 6.190966826657337205e-03
2.488800000000000182e+03 6.303592904637790248e-03
2.489199999999999818e+03 5.970262464688338641e-03
2.489599999999999909e+03 5.202977567086347621e-03
2.490099999999999909e+03 4.420714738910737351e-03
2.490400000000000091e+03 4.136362433458813312e-03
2.490900000000000091e+03 4.449351372719029078e-03
2.491300000000000182e+03 5.194889932567454092e-03
2.491699999999999818e+03 6.216431333227031598e-03
2.492099999999999909e+03 7.184674127277803149e-03
2.492599999999999909e+03 7.715840826148220866e-03
2.492900000000000091e+03 7.654361080166297363e-03
2.493400000000000091e+03 7.091815723412335688e-03
2.493800000000000182e+03 6.215911172837688785e-03
2.494300000000000182e+03 5.227292103160564862e-03
2.494599999999999909e+03 4.351096987700841731e-03
2.495099999999999909e+03 3.826752673456500740e-03
2.495400000000000091e+03 3.818200511316132556e-03
2.496000000000000000e+03 4.238039727165856044e-03
2.496300000000000182e+03 4.733115445314697856e-03
2.496800000000000182e+03 4.875156658731212220e-03
2.497099999999999909e+03 4.395000019225795904e-03
2.497599999999999909e+03 3.368175047196986498e-03
2.497900000000000091e+03 2.301036924433764574e-03
2.498500000000000000e+03 1.877192268179342198e-03
2.498800000000000182e+03 2.377126659593204513e-03
2.499300000000000182e+03 3.340250087561529111e-03
2.499599999999999909e+03 4.022651037227725594e-03
2.500199999999999818e+03 4.280013174019853261e-03
2.500400000000000091e+03 4.513289413959408608e-03
2.501000000000000000e+03 4.871783321587724522e-03
2.501300000000000182e+03 5.205731543000064084e-03
2.501800000000000182e+03 5.506565911391911317e-03
2.502099999999999909e+03 5.746442845443129610e-03
2.502699999999999818e+03 5.610423454131905491e-03
2.502900000000000091e+03 5.001087335631253239e-03
2.503500000000000000e+03 4.388139694498388588e-03
2.503800000000000182e+03 4.086562012714209206e-03
2.504400000000000091e+03 3.825804314953137279e-03
2.504599999999999909e+03 3.467167584684444689e-03
2.505199999999999818e+03 3.441590108187857558e-03
2.505400000000000091e+03 4.147879827726561053e-03
2.506000000000000000e+03 5.280540249462737160e-03
2.506199999999999818e+03 5.970599143028505751e-03
2.506900000000000091e+03 5.728301344406870957e-03
2.507099999999999909e+03 5.057098941129337978e-03
2.507699999999999818e+03 4.810381163785330642e-03
2.507900000000000091e+03 5.058402908515811230e-03
2.508599999999999909e+03 5.152064824323523973e-03
2.508699999999999818e+03 4.745552394447150393e-03
2.509400000000000091e+03 3.952958847560319143e-03
2.509599999999999909e+03 3.055688367800671410e-03
2.510199999999999818e+03 2.555796063324163991e-03
2.510400000000000091e+03 2.839945742385811649e-03
2.511099999999999909e+03 3.642457385350652849e-03
2.511199999999999818e+03 4.272794100636001166e-03
2.511900000000000091e+03 4.373532281435164523e-03
2.512099999999999909e+03 4.090005445133430839e-03
2.512800000000000182e+03 3.695508572448710088e-03
2.512900000000000091e+03 3.584275418696738786e-03
2.513599999999999909e+03 4.154660983607946084e-03
2.513699999999999818e+03 5.113927999470947727e-03
2.514400000000000091e+03 5.454922111431300021e-03
2.514500000000000000e+03 4.552131299692063759e-03
2.515300000000000182e+03 2.919757187705354553e-03
2.515400000000000091e+03 1.637768123865704318e-03
2.516099999999999909e+03 1.368255725607448554e-03
2.516199999999999818e+03 2.094370309011158587e-03
2.516900000000000091e+03 3.253078060656057827e-03
2.517000000000000000e+03 4.069581718080340048e-03
2.517800000000000182e+03 4.247049900763391096e-03
2.517900000000000091e+03 4.003324542542838725e-03
2.518599999999999909e+03 3.498080234904961568e-03
2.518699999999999818e+03 2.823559011267240838e-03
2.519500000000000000e+03 2.138529483767520091e-03
2.520300000000000182e+03 1.565516226781937716e-03
2.520400000000000091e+03 1.298583055513063836e-03
2.521099999999999909e+03 1.586514224602252401e-03
2.521199999999999818e+03 2.338235657510577374e-03
2.522000000000000000e+03 3.193402223150775335e-03
2.522800000000000182e+03 4.028998707137482899e-03
2.523599999999999909e+03 4.782918206263480840e-03
2.523699999999999818e+03 5.152451514268760122e-03
2.524500000000000000e+03 4.982292933266569204e-03
2.525300000000000182e+03 4.434308032149277684e-03
2.526099999999999909e+03 3.709497435781142043e-03
2.527000000000000000e+03 2.979880059275791596e-03
2.527800000000000182e+03 2.465916479190777191e-03
2.528599999999999909e+03 2.409641119910706057e-03
2.528699999999999818e+03 2.836649904244445929e-03
2.529500000000000000e+03 3.497174968908109156e-03
2.530300000000000182e+03 4.296563305761905149e-03
2.531099999999999909e+03 5.241922214528913285e-03
2.531199999999999818e+03 5.902957618000330073e-03
2.531900000000000091e+03 5.757055484374916550e-03
2.532000000000000000e+03 5.029915675570643951e-03
2.532800000000000182e+03 4.532024505113640966e-03
2.533599999999999909e+03 4.619264534069703054e-03
2.533699999999999818e+03 4.829443802692189730e-03
2.534400000000000091e+03 4.722396673235091172e-03
2.534500000000000000e+03 4.463547505775294910e-03
2.535199999999999818e+03 4.341150110308656523e-03
2.535300000000000182e+03 4.380513532874296713e-03
2.536099999999999909e+03 4.578537098581244441e-03
2.536199999999999818e+03 4.891001743505303187e-03
2.536900000000000091e+03 5.004388454672054586e-03
2.537000000000000000e+03 4.739050945248355143e-03
2.537699999999999818e+03 4.475977391706124908e-03
2.537800000000000182e+03 4.498795894681157162e-03
2.538500000000000000e+03 4.451065661821034317e-03
2.538699999999999818e+03 4.143360822212316039e-03
2.539400000000000091e+03 4.003174792959940734e-03
2.539500000000000000e+03 4.308613112739837631e-03
2.540199999999999818e+03 4.839522851364593155e-03
2.540300000000000182e+03 5.308092563521256066e-03
2.541000000000000000e+03 5.518040452377531366e-03
2.541099999999999909e+03 5.338501571300768682e-03
2.541800000000000182e+03 4.978254927672345724e-03
2.542000000000000000e+03 4.966056775138513214e-03
2.542699999999999818e+03 5.423758396283121647e-03
2.542800000000000182e+03 5.713761088803046007e-03
2.543500000000000000e+03 5.325894909334757954e-03
2.543599999999999909e+03 4.582928343471813493e-03
2.544300000000000182e+03 4.045389643188596063e-03
2.544500000000000000e+03 3.936892235668797840e-03
2.545099999999999909e+03 4.230231840747045863e-03
2.545300000000000182e+03 4.626983577485610857e-03
2.546000000000000000e+03 4.658178806057304902e-03
2.546099999999999909e+03 4.217513532619049550e-03
2.546800000000000182e+03 3.785992967227716499e-03
2.547000000000000000e+03 3.862236735443424704e-03
2.547599999999999909e+03 4.249384419596777610e-03
2.547800000000000182e+03 4.390869321096913316e-03
2.548400000000000091e+03 4.271753414101821071e-03
2.548599999999999909e+03 4.327834639923356513e-03
2.549300000000000182e+03 4.725192116236141826e-03
2.549500000000000000e+03 5.175612556811091600e-03
2.550099999999999909e+03 5.347345020670727159e-03
2.550300000000000182e+03 5.280405395094760895e-03
2.550900000000000091e+03 5.251906491635908829e-03
2.551099999999999909e+03 5.329555360020874800e-03
2.551699999999999818e+03 5.272611483961359667e-03
2.551900000000000091e+03 5.007152940074158232e-03
2.552599999999999909e+03 4.903529830339247234e-03
2.552800000000000182e+03 5.240210940160798525e-03
2.553400000000000091e+03 5.724414413873042326e-03
2.553599999999999909e+03 5.966706356204227145e-03
2.554199999999999818e+03 6.086676895171739751e-03
2.554400000000000091e+03 6.414749314614049194e-03
2.555000000000000000e+03 6.742133613558079323e-03
2.555300000000000182e+03 6.410152485454264151e-03
2.555800000000000182e+03 5.359952269733845795e-03
2.556099999999999909e+03 4.339922485154206269e-03
2.556699999999999818e+03 3.798155844796244351e-03
2.556900000000000091e+03 3.490974341395789229e-03
2.557500000000000000e+03 3.201730067000041653e-03
2.557699999999999818e+03 3.159326582417876575e-03
2.558300000000000182e+03 3.609537070459641062e-03
2.558599999999999909e+03 4.351633121141322384e-03
2.559099999999999909e+03 5.094111903149593432e-03
2.559400000000000091e+03 5.729318840639895105e-03
2.560000000000000000e+03 6.096033234449148297e-03
2.560199999999999818e+03 6.025397708304200059e-03
2.560800000000000182e+03 5.463698114379541768e-03
2.561099999999999909e+03 4.540266752125139346e-03
2.561599999999999909e+03 3.672402108812152823e-03
2.561900000000000091e+03 3.348247876266293409e-03
2.562400000000000091e+03 3.741628367668895644e-03
2.562699999999999818e+03 4.544840287145713968e-03
2.563199999999999818e+03 5.214770367061999368e-03
2.563500000000000000e+03 5.507570070254052402e-03
2.564099999999999909e+03 5.556821566624709809e-03
2.564400000000000091e+03 5.543462484614188057e-03
2.564900000000000091e+03 5.484680495459555785e-03
2.565199999999999818e+03 5.245661146593652568e-03
2.565699999999999818e+03 4.838709414189039902e-03
2.566000000000000000e+03 4.495310590308955988e-03
2.566500000000000000e+03 4.366061317509290635e-03
2.566800000000000182e+03 4.586136724082553670e-03
2.567300000000000182e+03 5.206452122638228867e-03
2.567699999999999818e+03 5.786946573893663771e-03
2.568199999999999818e+03 5.828285757715513486e-03
2.568500000000000000e+03 5.523412461785297614e-03
2.569000000000000000e+03 5.429524789702738774e-03
2.569300000000000182e+03 5.748137034672382538e-03
2.569800000000000182e+03 6.237347521668005525e-03
2.570099999999999909e+03 6.529666548747560355e-03
2.570599999999999909e+03 6.393303873950951892e-03
2.571000000000000000e+03 5.842360122301939844e-03
2.571400000000000091e+03 5.240999309650443833e-03
2.571800000000000182e+03 5.010210951804755855e-03
2.572300000000000182e+03 5.095067842791595192e-03
2.572599999999999909e+03 5.206685817538995661e-03
2.573099999999999909e+03 5.331951631326506402e-03
2.573400000000000091e+03 5.479927054997183779e-03
2.573900000000000091e+03 5.536694501083367498e-03
2.574300000000000182e+03 5.582025556053498393e-03
2.574699999999999818e+03 5.653396922205887812e-03
2.575099999999999909e+03 5.564257995172666033e-03
2.575500000000000000e+03 5.454886351494074234e-03
2.575900000000000091e+03 5.785135197274571955e-03
2.576400000000000091e+03 6.577620954689195054e-03
2.576699999999999818e+03 7.283197431873866465e-03
2.577199999999999818e+03 7.311330077858597606e-03
2.577599999999999909e+03 6.528387601251068109e-03
2.578000000000000000e+03 5.401599451061446858e-03
2.578400000000000091e+03 4.466147026235194745e-03
2.578800000000000182e+03 3.837445723306627358e-03
2.579199999999999818e+03 3.470680202231753338e-03
2.579599999999999909e+03 3.373979706768447627e-03
2.580000000000000000e+03 3.513444222768627879e-03
2.580400000000000091e+03 3.781308528051059627e-03
2.580900000000000091e+03 4.029989999092632724e-03
2.581300000000000182e+03 4.134864759387377880e-03
2.581699999999999818e+03 4.135623579330182514e-03
2.582099999999999909e+03 4.226823817819245696e-03
2.582500000000000000e+03 4.450270924632978783e-03
2.582900000000000091e+03 4.582798923217751286e-03
2.583300000000000182e+03 4.477434849462064680e-03
2.583699999999999818e+03 4.264317317031301492e-03
2.584199999999999818e+03 4.184231627435731037e-03
2.584500000000000000e+03 4.197517583916825050e-03
2.585000000000000000e+03 3.964019700860619590e-03
2.585300000000000182e+03 3.466959652031517680e-03
2.585800000000000182e+03 2.962310640500895060e-03
2.586199999999999818e+03 2.551731907269061753e-03
2.586599999999999909e+03 2.483332532019088493e-03
2.587000000000000000e+03 2.899461278537207067e-03
2.587400000000000091e+03 3.330320644194134129e-03
2.587800000000000182e+03 3.369417037137494887e-03
2.588300000000000182e+03 3.229523829093544456e-03
2.588599999999999909e+03 3.233375684083293622e-03
2.589099999999999909e+03 3.378155576867447780e-03
2.589400000000000091e+03 3.547023271444731118e-03
2.589900000000000091e+03 3.798126745447722406e-03
2.590199999999999818e+03 4.263222003583069276e-03
2.590699999999999818e+03 4.940865392460014154e-03
2.591099999999999909e+03 5.666823218512913145e-03
2.591500000000000000e+03 6.213453098345752407e-03
2.591900000000000091e+03 6.441318480928524132e-03
2.592400000000000091e+03 6.334138088813827394e-03
2.592699999999999818e+03 5.905086223898771414e-03
2.593199999999999818e+03 5.283527819087323676e-03
2.593500000000000000e+03 4.723508696737380858e-03
2.594000000000000000e+03 4.335365110066236385e-03
2.594300000000000182e+03 4.110308525783114980e-03
2.594800000000000182e+03 4.096452922276947947e-03
2.595099999999999909e+03 4.238304414368971457e-03
2.595699999999999818e+03 4.386360349824361925e-03
2.596000000000000000e+03 4.547309838647249983e-03
2.596500000000000000e+03 4.872919369183261948e-03
2.596800000000000182e+03 5.312570078940617897e-03
2.597300000000000182e+03 5.584372398643123493e-03
2.597599999999999909e+03 5.655744318190549305e-03
2.598099999999999909e+03 5.630282459721717633e-03
2.598400000000000091e+03 5.314970498076415639e-03
2.598900000000000091e+03 4.748608633330828402e-03
2.599199999999999818e+03 4.395074556918587318e-03
2.599699999999999818e+03 4.343402533029005162e-03
2.600000000000000000e+03 4.260646564616355284e-03
2.600599999999999909e+03 4.140542411019586082e-03
2.600800000000000182e+03 4.264163377101413965e-03
2.601400000000000091e+03 4.551705589105857486e-03
2.601699999999999818e+03 4.680806541893933401e-03
2.602199999999999818e+03 4.642465394193362981e-03
2.602500000000000000e+03 4.568925975302172947e-03
2.603000000000000000e+03 4.442755505877950262e-03
2.603300000000000182e+03 4.354855262240372137e-03
2.603800000000000182e+03 4.451145407471189704e-03
2.604099999999999909e+03 4.711528588556912825e-03
2.604699999999999818e+03 5.136483039304326134e-03
2.604900000000000091e+03 5.558061165016762832e-03
2.605500000000000000e+03 5.527118080972076401e-03
2.605699999999999818e+03 5.013310284358465582e-03
2.606300000000000182e+03 4.511703917028986321e-03
2.606500000000000000e+03 4.297987156231408527e-03
2.607099999999999909e+03 4.314720892856112149e-03
2.607400000000000091e+03 4.633990577091514490e-03
2.607900000000000091e+03 5.347790200476673292e-03
2.608199999999999818e+03 6.040345069340210572e-03
2.608699999999999818e+03 6.176814732082857098e-03
2.609000000000000000e+03 5.839204997380313504e-03
2.609599999999999909e+03 5.370330595999449862e-03
2.609800000000000182e+03 4.871352339132647112e-03
2.610400000000000091e+03 4.454286086026742163e-03
2.610599999999999909e+03 4.277385149740196672e-03
2.611199999999999818e+03 4.269897009223942719e-03
2.611400000000000091e+03 4.255142181454659410e-03
2.612000000000000000e+03 4.224050395039104754e-03
2.612199999999999818e+03 4.292761357957575012e-03
2.612800000000000182e+03 4.571676900866026086e-03
2.613000000000000000e+03 5.113032127164967786e-03
2.613599999999999909e+03 5.809615189302915969e-03
2.613900000000000091e+03 6.313232428690347328e-03
2.614500000000000000e+03 6.329556908656471317e-03
2.614699999999999818e+03 6.115926661544384205e-03
2.615300000000000182e+03 6.318234707786614737e-03
2.615500000000000000e+03 7.016926719835635262e-03
2.616099999999999909e+03 7.384501495288967737e-03
2.616300000000000182e+03 6.812659264313734517e-03
2.616900000000000091e+03 5.822477520300180925e-03
2.617099999999999909e+03 5.183432391495343926e-03
2.617699999999999818e+03 4.919558162366887387e-03
2.617900000000000091e+03 4.836948723808144265e-03
2.618500000000000000e+03 5.088829895904510743e-03
2.618699999999999818e+03 5.749174260210406298e-03
2.619400000000000091e+03 6.444829509171625878e-03
2.619500000000000000e+03 6.709408477154859066e-03
2.620199999999999818e+03 6.644685453424208771e-03
2.620300000000000182e+03 6.679279057239122935e-03
2.621000000000000000e+03 6.772414012064678288e-03
2.621199999999999818e+03 6.575747838776520304e-03
2.621800000000000182e+03 6.131818502088189418e-03
2.622000000000000000e+03 5.790633330648210092e-03
2.622599999999999909e+03 5.711977675926795464e-03
2.622800000000000182e+03 5.829944796605351226e-03
2.623400000000000091e+03 6.086696306874682730e-03
2.623599999999999909e+03 6.401377405457838940e-03
2.624199999999999818e+03 6.507287294989907989e-03
2.624400000000000091e+03 6.248320986515552324e-03
2.625099999999999909e+03 5.972868976593971591e-03
2.625199999999999818e+03 6.026280140785550063e-03
2.625900000000000091e+03 6.239232630136364033e-03
2.626000000000000000e+03 6.484822722470860376e-03
2.626699999999999818e+03 6.906553017015927901e-03
2.626800000000000182e+03 7.308186912284195605e-03
2.627500000000000000e+03 7.300108415128039180e-03
2.627599999999999909e+03 7.045108707866275591e-03
2.628300000000000182e+03 7.111840663332371151e-03
2.628500000000000000e+03 7.454677701329125682e-03
2.629099999999999909e+03 7.365067785523411389e-03
2.629300000000000182e+03 6.764804481147448402e-03
2.629900000000000091e+03 6.386325117953096930e-03
2.630099999999999909e+03 6.541045568460819755e-03
2.630699999999999818e+03 6.814736978743543734e-03
2.630900000000000091e+03 6.739208072697866828e-03
2.631599999999999909e+03 6.317012463773257966e-03
2.631699999999999818e+03 6.049119786124311851e-03
2.632400000000000091e+03 6.430686916487429045e-03
2.632500000000000000e+03 7.313285845012440327e-03
2.633199999999999818e+03 7.941832106745577019e-03
2.633300000000000182e+03 7.891720918657826531e-03
2.634000000000000000e+03 7.552265931301639819e-03
2.634099999999999909e+03 7.347813272903531284e-03
2.634800000000000182e+03 7.253419820075145477e-03
2.634900000000000091e+03 7.102148836840758116e-03
2.635599999999999909e+03 6.840491167765102784e-03
2.635699999999999818e+03 6.643154184967961159e-03
2.636400000000000091e+03 6.740406653767154130e-03
2.636500000000000000e+03 7.032186016851552438e-03
2.637199999999999818e+03 7.173498589016733332e-03
2.637300000000000182e+03 7.046056137963710095e-03
2.638000000000000000e+03 6.888820502713527416e-03
2.638199999999999818e+03 6.754814323533513826e-03
2.638900000000000091e+03 6.334238640799539147e-03
2.639000000000000000e+03 5.628972853323425257e-03
2.639699999999999818e+03 5.032357431289207796e-03
2.639800000000000182e+03 4.711180090078211091e-03
2.640500000000000000e+03 4.588387730608849656e-03
2.640599999999999909e+03 4.522107108288216104e-03
2.641300000000000182e+03 4.281009066941653292e-03
2.641400000000000091e+03 3.820981541352342498e-03
2.642099999999999909e+03 3.499722957247929176e-03
2.642199999999999818e+03 3.623146453575533735e-03
2.642900000000000091e+03 4.016298774068180824e-03
2.643000000000000000e+03 4.333656914979595529e-03
2.643699999999999818e+03 4.501024002973040387e-03
2.643800000000000182e+03 4.608194217537222963e-03
2.644500000000000000e+03 4.690931678013427267e-03
2.644599999999999909e+03 4.769483999516656650e-03
2.645300000000000182e+03 4.816680322668760034e-03
2.645400000000000091e+03 4.659985422341137926e-03
2.646099999999999909e+03 4.285518990563767609e-03
2.646199999999999818e+03 4.114296261712057333e-03
2.647000000000000000e+03 4.495500571779617073e-03
2.647800000000000182e+03 5.097108880663451386e-03
2.648599999999999909e+03 5.417002462831093518e-03
2.648699999999999818e+03 5.483101767781378179e-03
2.649400000000000091e+03 5.519378961232391557e-03
2.649500000000000000e+03 5.521106046581486515e-03
2.650199999999999818e+03 5.400317089566336951e-03
2.650300000000000182e+03 5.188300567981637273e-03
2.651000000000000000e+03 5.039197102811480283e-03
2.651099999999999909e+03 5.076997924247378911e-03
2.651800000000000182e+03 5.258110168570775261e-03
2.651900000000000091e+03 5.317380084462607071e-03
2.652599999999999909e+03 5.089256310724902740e-03
2.652699999999999818e+03 4.805035681843696990e-03
2.653400000000000091e+03 4.639499261242063625e-03
2.653500000000000000e+03 4.398987912195702690e-03
2.654199999999999818e+03 4.049614576397860856e-03
2.654300000000000182e+03 3.842059951299328473e-03
2.655000000000000000e+03 3.938422529156444807e-03
2.655099999999999909e+03 4.415456165395442029e-03
2.655800000000000182e+03 5.304222671556032068e-03
2.656699999999999818e+03 6.483402946096974290e-03
2.657500000000000000e+03 7.721698916559934650e-03
2.658300000000000182e+03 8.559391297175953511e-03
2.659099999999999909e+03 8.527520922270565712e-03
2.659900000000000091e+03 7.820522972827776559e-03
2.660699999999999818e+03 7.106783005671338596e-03
2.661500000000000000e+03 6.680634513259749337e-03
2.662300000000000182e+03 6.346549636509874262e-03
2.663099999999999909e+03 5.978983709556627210e-03
2.663900000000000091e+03 5.720213293868841621e-03
2.664699999999999818e+03 5.591157004964791843e-03
2.665500000000000000e+03 5.406273830208716512e-03
2.666300000000000182e+03 5.257447002994030533e-03
2.667099999999999909e+03 5.519814256320488763e-03
2.667900000000000091e+03 6.228733603783042846e-03
2.668699999999999818e+03 6.846126404643133358e-03
2.669500000000000000e+03 6.841985226940163790e-03
2.670300000000000182e+03 6.305545435206167185e-03
2.671099999999999909e+03 5.766317450510704233e-03
2.672000000000000000e+03 5.736083950967713757e-03
2.672800000000000182e+03 6.417852187842685782e-03
2.673599999999999909e+03 7.395870823537781941e-03
2.674400000000000091e+03 7.894626648531695434e-03
2.675199999999999818e+03 7.581325833415117170e-03
2.676000000000000000e+03 6.851213256693741878e-03
2.676800000000000182e+03 6.399479354048664102e-03
2.677599999999999909e+03 6.540242970265546657e-03
2.678400000000000091e+03 6.932660937820448246e-03
2.679199999999999818e+03 7.052588747231436708e-03
2.680000000000000000e+03 6.763589748501334237e-03
2.680800000000000182e+03 6.268938166070021391e-03
2.681599999999999909e+03 5.766870056897202557e-03
2.682400000000000091e+03 5.451392869262576199e-03
2.683199999999999818e+03 5.444484504826892397e-03
2.684000000000000000e+03 5.579620156432202674e-03
2.684800000000000182e+03 5.667432149824862611e-03
2.685599999999999909e+03 5.865883908721085047e-03
2.686400000000000091e+03 6.369621748943577084e-03
2.687199999999999818e+03 6.912019663019120658e-03
2.688000000000000000e+03 7.114511406376216110e-03
2.688800000000000182e+03 6.989385174779351451e-03
2.689599999999999909e+03 6.709393468407507354e-03
2.690400000000000091e+03 6.308629954011931579e-03
2.691199999999999818e+03 5.843574852260561420e-03
2.692000000000000000e+03 5.631577163498031544e-03
2.692800000000000182e+03 5.932509447362363172e-03
2.693599999999999909e+03 6.432669955029764707e-03
2.694400000000000091e+03 6.628197095525647890e-03
2.695199999999999818e+03 6.681447631993910410e-03
2.696000000000000000e+03 7.137940299857824071e-03
2.696800000000000182e+03 7.818119711365159596e-03
2.697599999999999909e+03 7.990565860772626608e-03
2.698400000000000091e+03 7.568641955503251258e-03
2.699199999999999818e+03 7.069372920967587764e-03
2.700000000000000000e+03 6.750031084165352725e-03
2.700800000000000182e+03 6.556691313722029166e-03
2.701599999999999909e+03 6.322754367151038613e-03
2.702400000000000091e+03 5.790364535611753835e-03
2.703199999999999818e+03 4.875337872414342577e-03
2.704000000000000000e+03 3.840943203699974731e-03
2.704800000000000182e+03 3.101307832578174134e-03
2.705599999999999909e+03 3.039152889501965400e-03
2.706400000000000091e+03 3.764840728497067125e-03
2.707199999999999818e+03 4.830123472380899556e-03
2.708000000000000000e+03 5.545396518352917192e-03
2.708699999999999818e+03 5.612017205320969822e-03
2.709500000000000000e+03 5.314357954483727754e-03
2.710300000000000182e+03 5.165890536169720840e-03
2.711099999999999909e+03 5.358036758974286246e-03
2.711900000000000091e+03 5.652448418744175640e-03
2.712699999999999818e+03 5.728461455160299004e-03
2.713500000000000000e+03 5.448717362099824574e-03
2.714300000000000182e+03 4.999159777156632865e-03
2.715099999999999909e+03 4.697836985258042192e-03
2.715900000000000091e+03 4.478249894156541462e-03
2.716699999999999818e+03 4.037284377112629677e-03
2.717500000000000000e+03 3.572447240300007619e-03
2.718300000000000182e+03 3.631566973790032252e-03
2.719099999999999909e+03 4.148066735912972654e-03
2.719900000000000091e+03 4.428451717360960480e-03
2.720699999999999818e+03 4.211491227784443583e-03
2.721500000000000000e+03 4.021834320670616969e-03
2.722300000000000182e+03 4.401082413423089770e-03
2.723099999999999909e+03 5.208141295285135218e-03
2.723800000000000182e+03 5.734584973303619160e-03
2.724599999999999909e+03 5.407237837930803370e-03
2.725400000000000091e+03 4.369023703831694840e-03
2.726199999999999818e+03 3.327225756580663631e-03
2.727000000000000000e+03 2.851744231200385466e-03
2.727800000000000182e+03 2.969721788134876625e-03
2.728599999999999909e+03 3.436971400776353113e-03
2.729400000000000091e+03 4.000098451951281629e-03
2.730199999999999818e+03 4.409779212989063842e-03
2.731000000000000000e+03 4.724660980305304264e-03
2.731800000000000182e+03 5.271218880040635241e-03
2.732599999999999909e+03 5.962809828238685439e-03
2.733300000000000182e+03 6.396615941259099769e-03
2.734099999999999909e+03 6.551672820177338943e-03
2.734900000000000091e+03 6.654359439382554094e-03
2.735699999999999818e+03 6.786638105191091300e-03
2.736500000000000000e+03 6.972932235408194068e-03
2.737300000000000182e+03 7.177608854341318428e-03
2.738099999999999909e+03 7.174378518645115055e-03
2.738900000000000091e+03 6.808679062069103102e-03
2.739699999999999818e+03 6.405902983226186877e-03
2.740500000000000000e+03 6.521175046547568466e-03
2.741300000000000182e+03 7.206613308607594942e-03
2.742000000000000000e+03 7.892014229031704339e-03
2.742800000000000182e+03 7.970548290758220494e-03
2.743599999999999909e+03 7.343800343859795826e-03
2.744400000000000091e+03 6.499581649528741491e-03
2.745199999999999818e+03 6.049530713874531548e-03
2.746000000000000000e+03 6.159687666710718379e-03
2.746800000000000182e+03 6.445887789933981912e-03
2.747599999999999909e+03 6.391082609005501597e-03
2.748400000000000091e+03 5.943507449858053369e-03
2.749099999999999909e+03 5.537616892970000440e-03
2.749900000000000091e+03 5.405935619557081587e-03
2.750699999999999818e+03 5.451542921809540351e-03
2.751500000000000000e+03 5.621038631936634174e-03
2.752300000000000182e+03 5.781331795540614951e-03
2.753099999999999909e+03 5.727563580046932112e-03
2.753900000000000091e+03 5.507259114481771745e-03
2.754699999999999818e+03 5.403076750709260960e-03
2.755400000000000091e+03 5.684379954315314093e-03
2.756199999999999818e+03 6.329888395186512515e-03
2.757000000000000000e+03 6.905081512104829441e-03
2.757800000000000182e+03 6.960990067438154252e-03
2.758599999999999909e+03 6.521424057699347528e-03
2.759400000000000091e+03 5.937536172479424175e-03
2.760199999999999818e+03 5.523533055890095245e-03
2.760900000000000091e+03 5.357149860635643766e-03
2.761699999999999818e+03 5.328916818824063623e-03
2.762500000000000000e+03 5.296430356196313305e-03
2.763300000000000182e+03 5.029750260739885778e-03
2.764099999999999909e+03 4.541659935558771052e-03
2.764900000000000091e+03 4.347870688141056497e-03
2.765599999999999909e+03 4.720150828939764266e-03
2.766400000000000091e+03 5.208018900386152811e-03
2.767199999999999818e+03 5.277037878139760607e-03
2.768000000000000000e+03 4.798340443942581378e-03
2.768800000000000182e+03 3.967223391110184794e-03
2.769599999999999909e+03 3.190910920942015283e-03
2.770400000000000091e+03 2.806569548294972436e-03
2.771099999999999909e+03 2.856368163426196375e-03
2.771900000000000091e+03 3.151923885913964635e-03
2.772699999999999818e+03 3.441755289494580119e-03
2.773500000000000000e+03 3.622125981394001566e-03
2.774300000000000182e+03 3.659051457898621768e-03
2.775099999999999909e+03 3.493268335459927959e-03
2.775800000000000182e+03 3.347741577196465968e-03
2.776599999999999909e+03 3.458968349694988009e-03
2.777400000000000091e+03 3.581593508959958049e-03
2.778199999999999818e+03 3.555760332815089114e-03
2.779000000000000000e+03 3.643355423923255471e-03
2.779699999999999818e+03 3.839847872623766180e-03
2.780500000000000000e+03 3.865268555680407767e-03
2.781300000000000182e+03 3.754138936897037128e-03
2.782099999999999909e+03 3.688806080368898805e-03
2.782900000000000091e+03 3.734618646732337701e-03
2.783699999999999818e+03 3.947197217042936954e-03
2.784400000000000091e+03 4.211190243526532345e-03
2.785199999999999818e+03 4.236983194454447058e-03
2.786000000000000000e+03 3.991831837803220401e-03
2.786800000000000182e+03 3.667176123635894347e-03
2.787599999999999909e+03 3.342473338717578610e-03
2.788300000000000182e+03 3.073380678355842541e-03
2.789099999999999909e+03 3.078107443191674397e-03
2.789900000000000091e+03 3.471494829140096307e-03
2.790699999999999818e+03 3.924639885265817849e-03
2.791500000000000000e+03 3.946976584842762370e-03
2.792199999999999818e+03 3.516166338543281339e-03
2.793000000000000000e+03 3.052537031693367681e-03
2.793800000000000182e+03 2.712286903099845291e-03
2.794599999999999909e+03 2.355524884922846271e-03
2.795300000000000182e+03 2.134603433197694838e-03
2.796099999999999909e+03 2.359005883260530210e-03
2.796900000000000091e+03 2.912187474882969862e-03
2.797699999999999818e+03 3.305513172660593663e-03
2.798500000000000000e+03 3.307974317977157609e-03
2.799199999999999818e+03 3.175722551063415132e-03
2.800000000000000000e+03 3.186449444961974437e-03
2.800800000000000182e+03 3.334305580038149537e-03
2.801599999999999909e+03 3.456648460813290837e-03
2.802400000000000091e+03 3.372174036877958071e-03
2.803099999999999909e+03 3.034075463902419310e-03
2.803900000000000091e+03 2.555144478649458255e-03
2.804699999999999818e+03 2.057380671823449449e-03
2.805500000000000000e+03 1.806085024625102547e-03
2.806199999999999818e+03 2.202963066091351198e-03
2.807000000000000000e+03 3.090136473459223487e-03
2.807800000000000182e+03 3.647774396879690899e-03
2.808599999999999909e+03 3.403921222089908386e-03
2.809300000000000182e+03 2.763389927682014316e-03
2.810099999999999909e+03 2.320922193129377510e-03
2.810900000000000091e+03 2.262846045390944690e-03
2.811699999999999818e+03 2.649886404173124391e-03
2.812400000000000091e+03 3.508134965742228800e-03
2.813199999999999818e+03 4.333363968312999893e-03
2.814000000000000000e+03 4.346920552340406696e-03
2.814800000000000182e+03 3.493699282688993591e-03
2.815500000000000000e+03 2.430629098804825989e-03
2.816300000000000182e+03 1.626537208942576297e-03
2.817099999999999909e+03 1.175647575017394527e-03
2.817900000000000091e+03 1.156872935322566772e-03
2.818599999999999909e+03 1.592592783244438804e-03
2.819400000000000091e+03 2.232430732314586233e-03
2.820199999999999818e+03 2.648099888209174725e-03
2.821000000000000000e+03 2.631300086321522458e-03
2.821699999999999818e+03 2.457633634434912024e-03
2.822500000000000000e+03 2.567847202505270203e-03
2.823300000000000182e+03 2.902735071447181108e-03
2.824099999999999909e+03 2.920807720437180489e-03
2.824800000000000182e+03 2.476765518518908062e-03
2.825599999999999909e+03 2.122610601399567767e-03
2.826400000000000091e+03 2.251690629648317628e-03
2.827099999999999909e+03 2.591838292702239571e-03
2.827900000000000091e+03 2.768489987081025703e-03
2.828699999999999818e+03 2.686948142570648630e-03
2.829500000000000000e+03 2.333935219660823041e-03
2.830199999999999818e+03 1.746328888367198280e-03
2.831000000000000000e+03 1.193041436638956699e-03
2.831800000000000182e+03 1.077742936193647368e-03
2.832500000000000000e+03 1.507267210682539625e-03
2.833300000000000182e+03 2.266711178194427342e-03
2.834099999999999909e+03 3.052501385137596727e-03
2.834900000000000091e+03 3.338591435962609891e-03
2.835599999999999909e+03 2.760885004220321390e-03
2.836400000000000091e+03 1.828414251830807937e-03
2.837199999999999818e+03 1.418138450153726138e-03
2.837900000000000091e+03 1.790923673891938383e-03
2.838699999999999818e+03 2.614405741025250911e-03
2.839500000000000000e+03 3.454094016382283118e-03
2.840300000000000182e+03 3.960324555272422969e-03
2.841000000000000000e+03 3.963908256535772154e-03
2.841800000000000182e+03 3.605575703172473560e-03
2.842599999999999909e+03 3.334391902295529876e-03
2.843300000000000182e+03 3.478949309340374340e-03
2.844099999999999909e+03 3.775148088258045709e-03
2.844900000000000091e+03 3.784021703241211617e-03
2.845599999999999909e+03 3.625182841531208663e-03
2.846400000000000091e+03 3.770218938055363515e-03
2.847199999999999818e+03 4.180514416312590062e-03
2.847900000000000091e+03 4.146965515790465746e-03
2.848699999999999818e+03 3.239723454459597033e-03
2.849500000000000000e+03 2.073681236249958794e-03
2.850199999999999818e+03 1.588207510859658512e-03
2.851000000000000000e+03 1.753448424847364219e-03
2.851800000000000182e+03 1.768626212129841609e-03
2.852500000000000000e+03 1.455470831459084683e-03
2.853300000000000182e+03 1.390995428881578811e-03
2.854099999999999909e+03 1.705894698282513092e-03
2.854800000000000182e+03 1.908490773560125560e-03
2.855599999999999909e+03 1.753346762778949840e-03
2.856400000000000091e+03 1.437141455546515727e-03
2.857099999999999909e+03 1.231177695718363527e-03
2.857900000000000091e+03 1.325753753093739974e-03
2.858699999999999818e+03 1.728249506977666940e-03
2.859400000000000091e+03 2.163120156784974039e-03
2.860199999999999818e+03 2.297562429403387802e-03
2.861000000000000000e+03 2.051814312459934123e-03
2.861699999999999818e+03 1.586845118441756759e-03
2.862500000000000000e+03 1.115249400672137410e-03
2.863300000000000182e+03 8.214640819943768314e-04
2.864000000000000000e+03 7.889009183544695497e-04
2.864800000000000182e+03 9.441572914685751258e-04
2.865599999999999909e+03 1.214212227274089626e-03
2.866300000000000182e+03 1.581923133869512750e-03
2.867099999999999909e+03 1.975138854366907063e-03
2.867900000000000091e+03 2.240654015439747914e-03
2.868599999999999909e+03 2.224439760849265466e-03
2.869400000000000091e+03 1.959606072333320344e-03
2.870199999999999818e+03 1.771932388797229155e-03
2.870900000000000091e+03 2.050087939365631638e-03
2.871699999999999818e+03 2.745723613497604975e-03
2.872400000000000091e+03 3.422400345152623417e-03
2.873199999999999818e+03 3.918545855567904558e-03
2.874000000000000000e+03 4.359739277282358161e-03
2.874699999999999818e+03 4.686393148968095307e-03
2.875500000000000000e+03 4.709809385980946554e-03
2.876300000000000182e+03 4.479085295264794223e-03
2.877000000000000000e+03 4.309959030410375966e-03
2.877800000000000182e+03 4.383668198577954714e-03
2.878599999999999909e+03 4.593559211159713510e-03
2.879300000000000182e+03 4.925491435525286565e-03
2.880099999999999909e+03 5.457643603234075408e-03
2.880800000000000182e+03 5.939589054328615718e-03
2.881599999999999909e+03 6.076414770199635440e-03
2.882400000000000091e+03 5.964184713425334412e-03
2.883099999999999909e+03 5.774293575959139543e-03
2.883900000000000091e+03 5.517837914246006420e-03
2.884599999999999909e+03 5.184503039814644665e-03
2.885400000000000091e+03 4.895159214636492229e-03
2.886199999999999818e+03 4.970438069815180313e-03
2.886900000000000091e+03 5.589942351552874139e-03
2.887699999999999818e+03 6.408511664332448843e-03
2.888400000000000091e+03 6.838507765023964929e-03
2.889199999999999818e+03 6.683567409447820767e-03
2.890000000000000000e+03 6.337445648968386552e-03
2.890699999999999818e+03 6.337602123733328610e-03
2.891500000000000000e+03 6.886391359220276308e-03
2.892199999999999818e+03 7.777916308348299321e-03
2.893000000000000000e+03 8.476311440063593466e-03
2.893800000000000182e+03 8.525850997921151711e-03
2.894500000000000000e+03 8.231354866351965616e-03
2.895300000000000182e+03 8.394262938509772926e-03
2.896000000000000000e+03 9.252743945652064372e-03
2.896800000000000182e+03 1.027522647391879672e-02
2.897599999999999909e+03 1.094122065560820811e-02
2.898300000000000182e+03 1.125127280632574195e-02
2.899099999999999909e+03 1.137727528279795265e-02
2.899800000000000182e+03 1.121924579320821187e-02
2.900599999999999909e+03 1.051313838545452073e-02
2.901400000000000091e+03 9.292057537800695738e-03
2.902099999999999909e+03 8.116787210271269454e-03
2.902900000000000091e+03 7.579861559495828377e-03
2.903599999999999909e+03 7.807781267709483670e-03
2.904400000000000091e+03 8.641744022090721428e-03
2.905099999999999909e+03 9.902831824101955907e-03
2.905900000000000091e+03 1.131437632655587534e-02
2.906699999999999818e+03 1.244935533176324063e-02
2.907400000000000091e+03 1.305505187551047122e-02
2.908199999999999818e+03 1.325285201323047127e-02
2.908900000000000091e+03 1.330961163278863643e-02
2.909699999999999818e+03 1.359445641163038038e-02
2.910400000000000091e+03 1.439468239156357736e-02
2.911199999999999818e+03 1.538687120298421265e-02
2.911900000000000091e+03 1.600195899725789447e-02
2.912699999999999818e+03 1.633648259181481183e-02
2.913500000000000000e+03 1.693279752122847995e-02
2.914199999999999818e+03 1.788449211289438318e-02
2.915000000000000000e+03 1.902150674372375672e-02
2.915699999999999818e+03 2.049910787876467466e-02
2.916500000000000000e+03 2.229276350634255138e-02
2.917199999999999818e+03 2.394571784150189078e-02
2.918000000000000000e+03 2.528860345705380430e-02
2.918699999999999818e+03 2.668392122510226255e-02
2.919500000000000000e+03 2.847358923149262422e-02
2.920300000000000182e+03 3.047852685179072013e-02
2.921000000000000000e+03 3.229720751501077153e-02
2.921800000000000182e+03 3.394093797339813035e-02
2.922500000000000000e+03 3.569875987044209692e-02
2.923300000000000182e+03 3.773181286782750776e-02
2.924000000000000000e+03 4.020055353633529560e-02
2.924800000000000182e+03 4.314756775638799863e-02
2.925500000000000000e+03 4.610421272706501095e-02
2.926300000000000182e+03 4.860441293457324480e-02
2.927000000000000000e+03 5.088203279283068370e-02
2.927800000000000182e+03 5.331529377746810350e-02
2.928500000000000000e+03 5.568878561998914789e-02
2.929300000000000182e+03 5.759198031480718821e-02
2.930000000000000000e+03 5.898011341738552266e-02
2.930800000000000182e+03 6.020653598629731318e-02
2.931599999999999909e+03 6.184381656842344310e-02
2.932300000000000182e+03 6.412478891186308705e-02
2.933099999999999909e+03 6.663063539397573454e-02
2.933800000000000182e+03 6.893914468113988836e-02
2.934599999999999909e+03 7.100169414106848043e-02
2.935300000000000182e+03 7.263049722442260769e-02
2.936099999999999909e+03 7.353074831207453976e-02
2.936800000000000182e+03 7.382043580542055339e-02
2.937599999999999909e+03 7.387211463655017629e-02
2.938300000000000182e+03 7.398822614179928481e-02
2.939099999999999909e+03 7.424936921343473772e-02
2.939800000000000182e+03 7.432080033259452767e-02
2.940599999999999909e+03 7.380403290325490695e-02
2.941300000000000182e+03 7.285348791782050859e-02
2.942099999999999909e+03 7.193430075995665973e-02
2.942800000000000182e+03 7.109834561582248358e-02
2.943599999999999909e+03 6.997022030896604683e-02
2.944300000000000182e+03 6.837374816147531731e-02
2.945099999999999909e+03 6.665539700408890100e-02
2.945800000000000182e+03 6.527286784242254669e-02
2.946599999999999909e+03 6.425260853137379491e-02
2.947300000000000182e+03 6.331498992311598850e-02
2.948099999999999909e+03 6.212383763428058064e-02
2.948800000000000182e+03 6.039329317691603805e-02
2.949599999999999909e+03 5.830605431657220894e-02
2.950300000000000182e+03 5.629048464686604858e-02
2.951099999999999909e+03 5.429025359037291387e-02
2.951800000000000182e+03 5.195380954467866685e-02
2.952599999999999909e+03 4.920844172250395110e-02
2.953300000000000182e+03 4.633338183586032527e-02
2.954000000000000000e+03 4.375219271066212168e-02
2.954800000000000182e+03 4.177697208007459528e-02
2.955500000000000000e+03 4.044744041246810251e-02
2.956300000000000182e+03 3.952002602137570653e-02
2.957000000000000000e+03 3.851924739974825485e-02
2.957800000000000182e+03 3.694270855354330613e-02
2.958500000000000000e+03 3.476335021807423070e-02
2.959300000000000182e+03 3.259313604897313976e-02
2.960000000000000000e+03 3.097063746430052389e-02
2.960800000000000182e+03 2.969241008702432419e-02
2.961500000000000000e+03 2.814333213390526889e-02
2.962300000000000182e+03 2.608207463053352493e-02
2.963000000000000000e+03 2.384778679754925856e-02
2.963800000000000182e+03 2.189094707455561950e-02
2.964500000000000000e+03 2.032230636135524959e-02
2.965300000000000182e+03 1.893132307140583948e-02
2.966000000000000000e+03 1.761157772276877170e-02
2.966699999999999818e+03 1.648551527065464373e-02
2.967500000000000000e+03 1.550889784804393434e-02
2.968199999999999818e+03 1.444697400809120957e-02
2.969000000000000000e+03 1.328126790898241476e-02
2.969699999999999818e+03 1.223241758650021882e-02
2.970500000000000000e+03 1.131142128572671171e-02
2.971199999999999818e+03 1.029778733437343441e-02
2.972000000000000000e+03 9.294103717453958829e-03
2.972699999999999818e+03 8.632879630130272167e-03
2.973400000000000091e+03 8.247601259916900740e-03
2.974199999999999818e+03 7.749763567254239899e-03
2.974900000000000091e+03 6.975318812636240734e-03
2.975699999999999818e+03 6.118356094869964457e-03
2.976400000000000091e+03 5.357538099282916320e-03
2.977199999999999818e+03 4.665925778098120244e-03
2.977900000000000091e+03 4.031869671440904170e-03
2.978699999999999818e+03 3.514163037748028497e-03
2.979400000000000091e+03 3.146315911257886212e-03
2.980099999999999909e+03 2.894621596473981318e-03
2.980900000000000091e+03 2.593414848943859270e-03
2.981599999999999909e+03 2.073844285126515748e-03
2.982400000000000091e+03 1.461377741130986691e-03
2.983099999999999909e+03 1.134630117171272221e-03
2.983900000000000091e+03 1.267479592310448043e-03
2.984599999999999909e+03 1.623309273319199601e-03
2.985300000000000182e+03 1.954667051622630859e-03
2.986099999999999909e+03 2.319788945268202833e-03
2.986800000000000182e+03 2.798947205289247821e-03
2.987599999999999909e+03 3.175421578399084156e-03
2.988300000000000182e+03 3.033495742843229839e-03
2.989000000000000000e+03 2.161740235893285476e-03
2.989800000000000182e+03 1.008693134171372973e-03
2.990500000000000000e+03 4.043047555729044513e-04
2.991300000000000182e+03 5.860409704541460997e-04
2.992000000000000000e+03 1.066783138018731827e-03
2.992699999999999818e+03 1.448895644780490025e-03
2.993500000000000000e+03 1.710457139429142140e-03
2.994199999999999818e+03 1.901394457323199319e-03
2.995000000000000000e+03 1.946042919672307967e-03
2.995699999999999818e+03 1.722536702038415888e-03
2.996500000000000000e+03 1.281563554542379567e-03
2.997199999999999818e+03 8.263690865780163241e-04
2.997900000000000091e+03 4.824859290452421581e-04
2.998699999999999818e+03 1.712532156516438219e-04
2.999400000000000091e+03 -2.649324860057063863e-04
3.000099999999999909e+03 -6.970659862519240635e-04
3.000900000000000091e+03 -7.592136483496170598e-04
3.001599999999999909e+03 -3.821738089405967743e-04
3.002400000000000091e+03 1.396786407330834114e-04
3.003099999999999909e+03 5.335314271995947755e-04
3.003800000000000182e+03 6.945028141405926690e-04
3.004599999999999909e+03 6.372709537912585407e-04
3.005300000000000182e+03 5.094135981735799061e-04
3.006099999999999909e+03 5.249744015361643363e-04
3.006800000000000182e+03 7.152540204704618257e-04
3.007500000000000000e+03 8.900223275757426517e-04
3.008300000000000182e+03 9.109689354675422519e-04
3.009000000000000000e+03 7.703044991877103492e-04
3.009699999999999818e+03 5.457657944256222131e-04
3.010500000000000000e+03 3.992365598792568045e-04
3.011199999999999818e+03 4.079526682852544460e-04
3.012000000000000000e+03 5.330239236927642940e-04
3.012699999999999818e+03 8.169141564150834327e-04
3.013400000000000091e+03 1.231163390629315749e-03
3.014199999999999818e+03 1.463647258226869786e-03
3.014900000000000091e+03 1.297495483324233572e-03
3.015599999999999909e+03 8.922803465882325757e-04
3.016400000000000091e+03 5.004577257012763573e-04
3.017099999999999909e+03 2.590122679632498215e-04
3.017900000000000091e+03 2.010625613222353364e-04
3.018599999999999909e+03 2.592601869280836699e-04
3.019300000000000182e+03 3.317540172137750242e-04
3.020099999999999909e+03 3.869023875250119206e-04
3.020800000000000182e+03 5.191512542386187952e-04
3.021500000000000000e+03 8.155995256142815593e-04
3.022300000000000182e+03 1.190843356322598620e-03
3.023000000000000000e+03 1.525123972174823907e-03
3.023699999999999818e+03 1.837027635436031675e-03
3.024500000000000000e+03 2.122898418843654871e-03
3.025199999999999818e+03 2.126085312478277409e-03
3.025900000000000091e+03 1.636076949858397429e-03
3.026699999999999818e+03 1.029555015534439543e-03
3.027400000000000091e+03 9.310971860987713551e-04
3.028099999999999909e+03 1.345000987721448309e-03
3.028900000000000091e+03 1.737315509777363027e-03
3.029599999999999909e+03 1.859251315511461274e-03
3.030300000000000182e+03 1.976287538213337795e-03
3.031099999999999909e+03 2.325913911896508590e-03
3.031800000000000182e+03 2.721692389111772265e-03
3.032500000000000000e+03 2.941960887038187235e-03
3.033300000000000182e+03 3.187923816198637381e-03
3.034000000000000000e+03 3.668907458595502182e-03
3.034699999999999818e+03 4.147615146701034462e-03
3.035500000000000000e+03 4.345622508757106262e-03
3.036199999999999818e+03 4.339097542813257977e-03
3.036900000000000091e+03 4.279800283952087808e-03
3.037699999999999818e+03 4.174635584645616099e-03
3.038400000000000091e+03 4.104287411769917508e-03
3.039099999999999909e+03 4.360093410078515197e-03
3.039900000000000091e+03 5.122557524985403045e-03
3.040599999999999909e+03 6.148953488204430412e-03
3.041300000000000182e+03 7.004859170935371325e-03
3.042099999999999909e+03 7.464706783532662135e-03
3.042800000000000182e+03 7.604222880973669774e-03
3.043500000000000000e+03 7.593925002630196042e-03
3.044300000000000182e+03 7.590436374016009888e-03
3.045000000000000000e+03 7.816467344492938202e-03
3.045699999999999818e+03 8.322057539211308308e-03
3.046500000000000000e+03 8.801538151996506770e-03
3.047199999999999818e+03 9.044446922454537491e-03
3.047900000000000091e+03 9.214378930474482685e-03
3.048599999999999909e+03 9.385989678282715548e-03
3.049400000000000091e+03 9.336392624367487181e-03
3.050099999999999909e+03 9.101297480325468148e-03
3.050800000000000182e+03 9.181278575134222547e-03
3.051599999999999909e+03 9.836205119899167626e-03
3.052300000000000182e+03 1.067082013671951171e-02
3.053000000000000000e+03 1.121880035633343251e-02
3.053800000000000182e+03 1.152203070503615007e-02
3.054500000000000000e+03 1.186151949919178952e-02
3.055199999999999818e+03 1.220339180372338218e-02
3.055900000000000091e+03 1.228255776082674486e-02
3.056699999999999818e+03 1.214879854872618486e-02
3.057400000000000091e+03 1.213091963589611397e-02
3.058099999999999909e+03 1.231456603076348105e-02
3.058900000000000091e+03 1.255931732567377307e-02
3.059599999999999909e+03 1.279386222698305348e-02
3.060300000000000182e+03 1.294802837856931857e-02
3.061000000000000000e+03 1.299195101164489670e-02
3.061800000000000182e+03 1.305243640635988904e-02
3.062500000000000000e+03 1.315331007104647738e-02
3.063199999999999818e+03 1.305818293268611041e-02
3.064000000000000000e+03 1.266124266352521184e-02
3.064699999999999818e+03 1.223782914491218857e-02
3.065400000000000091e+03 1.197974570180924958e-02
3.066099999999999909e+03 1.168108004107675305e-02
3.066900000000000091e+03 1.111957180737461331e-02
3.067599999999999909e+03 1.040594133112398081e-02
3.068300000000000182e+03 9.902647354106605682e-03
3.069000000000000000e+03 9.788495236973015351e-03
3.069800000000000182e+03 9.791322457221801959e-03
3.070500000000000000e+03 9.588277800320893843e-03
3.071199999999999818e+03 9.186100365266959902e-03
3.072000000000000000e+03 8.818392829312774253e-03
3.072699999999999818e+03 8.728364572455193232e-03
3.073400000000000091e+03 8.895128300884739408e-03
3.074099999999999909e+03 8.989930796780669364e-03
3.074900000000000091e+03 8.793023063302037728e-03
3.075599999999999909e+03 8.411610823574274670e-03
3.076300000000000182e+03 8.057892950829792164e-03
3.077000000000000000e+03 7.920575348153695988e-03
3.077800000000000182e+03 8.095226708131356141e-03
3.078500000000000000e+03 8.410785521728907088e-03
3.079199999999999818e+03 8.528512496326976292e-03
3.079900000000000091e+03 8.346290537613116484e-03
3.080699999999999818e+03 8.062570442842777879e-03
3.081400000000000091e+03 7.877532364302643197e-03
3.082099999999999909e+03 7.887865268756922080e-03
3.082800000000000182e+03 7.993699025910162848e-03
3.083599999999999909e+03 7.911236198645123230e-03
3.084300000000000182e+03 7.609210454675359794e-03
3.085000000000000000e+03 7.365811928716046661e-03
3.085699999999999818e+03 7.255727904648467258e-03
3.086500000000000000e+03 7.084515259034560725e-03
3.087199999999999818e+03 6.836569736950218537e-03
3.087900000000000091e+03 6.713000148575423015e-03
3.088599999999999909e+03 6.792763224574773981e-03
3.089300000000000182e+03 6.984200931506433056e-03
3.090099999999999909e+03 7.187836770405653733e-03
3.090800000000000182e+03 7.310255315899823539e-03
3.091500000000000000e+03 7.211109405680454776e-03
3.092199999999999818e+03 6.806798615336569214e-03
3.093000000000000000e+03 6.242545231476492873e-03
3.093699999999999818e+03 5.832590021342135000e-03
3.094400000000000091e+03 5.757752189855125206e-03
3.095099999999999909e+03 5.895628514736881570e-03
3.095800000000000182e+03 6.002276267581265271e-03
3.096599999999999909e+03 5.954711429372167714e-03
3.097300000000000182e+03 5.751468335291946149e-03
3.098000000000000000e+03 5.443033548160922802e-03
3.098699999999999818e+03 5.170754818385229004e-03
3.099500000000000000e+03 5.108377760348985913e-03
3.100199999999999818e+03 5.302104985501649229e-03
3.100900000000000091e+03 5.636605647623605178e-03
3.101599999999999909e+03 5.870750707434159096e-03
3.102300000000000182e+03 5.803745287188737112e-03
3.103099999999999909e+03 5.546360716415173024e-03
3.103800000000000182e+03 5.460344589140806240e-03
3.104500000000000000e+03 5.738378029945775602e-03
3.105199999999999818e+03 6.147548375006019368e-03
3.105900000000000091e+03 6.333335203237052888e-03
3.106699999999999818e+03 6.251995873615404618e-03
3.107400000000000091e+03 6.114130422218391064e-03
3.108099999999999909e+03 6.034996626433510036e-03
3.108800000000000182e+03 5.965606295134782966e-03
3.109500000000000000e+03 5.887567887380578541e-03
3.110300000000000182e+03 5.844052970688881458e-03
3.111000000000000000e+03 5.806295700407549179e-03
3.111699999999999818e+03 5.707618058500923963e-03
3.112400000000000091e+03 5.575647154348253344e-03
3.113099999999999909e+03 5.477293184471748039e-03
3.113900000000000091e+03 5.481667214480307609e-03
3.114599999999999909e+03 5.665335361538996299e-03
3.115300000000000182e+03 5.921056686795324667e-03
3.116000000000000000e+03 6.048446432551331416e-03
3.116699999999999818e+03 6.105871907363060250e-03
3.117500000000000000e+03 6.261727640926978075e-03
3.118199999999999818e+03 6.458764185065331634e-03
3.118900000000000091e+03 6.484935595387849097e-03
3.119599999999999909e+03 6.256736437703325562e-03
3.120300000000000182e+03 5.921198077099631280e-03
3.121000000000000000e+03 5.605410217030665915e-03
3.121800000000000182e+03 5.251150069714763044e-03
3.122500000000000000e+03 4.875892758065551898e-03
3.123199999999999818e+03 4.695758891904492499e-03
3.123900000000000091e+03 4.837927587568924617e-03
3.124599999999999909e+03 5.170619943947305300e-03
3.125400000000000091e+03 5.439169152020960699e-03
3.126099999999999909e+03 5.486697811774840505e-03
3.126800000000000182e+03 5.300026230219676004e-03
3.127500000000000000e+03 4.888468760114023787e-03
3.128199999999999818e+03 4.316566794765375019e-03
3.128900000000000091e+03 3.829065534801326040e-03
3.129699999999999818e+03 3.688545803413113486e-03
3.130400000000000091e+03 3.827253329551839455e-03
3.131099999999999909e+03 3.899214786184582084e-03
3.131800000000000182e+03 3.780907605651590529e-03
3.132500000000000000e+03 3.687193724282623528e-03
3.133199999999999818e+03 3.712130497546269926e-03
3.133900000000000091e+03 3.720486379883102684e-03
3.134699999999999818e+03 3.691165423129991706e-03
3.135400000000000091e+03 3.688818545801933121e-03
3.136099999999999909e+03 3.662176931445841957e-03
3.136800000000000182e+03 3.584121441057578922e-03
3.137500000000000000e+03 3.507083607816685687e-03
3.138199999999999818e+03 3.343884729632580141e-03
3.139000000000000000e+03 2.921322142527633860e-03
3.139699999999999818e+03 2.420470794521976943e-03
3.140400000000000091e+03 2.327259033609681803e-03
3.141099999999999909e+03 2.708280362480366445e-03
3.141800000000000182e+03 3.078613060751246924e-03
3.142500000000000000e+03 3.127189258712085012e-03
3.143199999999999818e+03 3.020688101233762364e-03
3.144000000000000000e+03 2.945607421994090105e-03
3.144699999999999818e+03 2.805875310923846774e-03
3.145400000000000091e+03 2.499271443664629732e-03
3.146099999999999909e+03 2.201251138277653206e-03
3.146800000000000182e+03 2.144871084422858912e-03
3.147500000000000000e+03 2.274927001650239346e-03
3.148199999999999818e+03 2.363245036438965489e-03
3.149000000000000000e+03 2.348304782112382513e-03
3.149699999999999818e+03 2.297652067898203841e-03
3.150400000000000091e+03 2.173125028168127696e-03
3.151099999999999909e+03 1.948830783514801353e-03
3.151800000000000182e+03 1.783647091726753113e-03
3.152500000000000000e+03 1.794740713386591951e-03
3.153199999999999818e+03 1.863121466269285469e-03
3.153900000000000091e+03 1.871405197593674092e-03
3.154699999999999818e+03 1.955674551304561158e-03
3.155400000000000091e+03 2.242833378034960173e-03
3.156099999999999909e+03 2.563950048153024706e-03
3.156800000000000182e+03 2.728391726114626908e-03
3.157500000000000000e+03 2.687513822616434921e-03
3.158199999999999818e+03 2.347042639836825588e-03
3.158900000000000091e+03 1.744060120853326446e-03
3.159599999999999909e+03 1.249050303015634099e-03
3.160300000000000182e+03 1.148555705015942650e-03
3.161099999999999909e+03 1.303789091770474109e-03
3.161800000000000182e+03 1.427312355778784713e-03
3.162500000000000000e+03 1.363959413934747898e-03
3.163199999999999818e+03 1.122314827103908057e-03
3.163900000000000091e+03 9.070904797976139019e-04
3.164599999999999909e+03 9.346364037849172598e-04
3.165300000000000182e+03 1.152223020804243273e-03
3.166000000000000000e+03 1.345661428268319412e-03
3.166699999999999818e+03 1.449755712151758842e-03
3.167500000000000000e+03 1.563438545523123530e-03
3.168199999999999818e+03 1.721188224789952075e-03
3.168900000000000091e+03 1.842279121167219539e-03
3.169599999999999909e+03 1.835535432971675558e-03
3.170300000000000182e+03 1.647907541840311005e-03
3.171000000000000000e+03 1.332644547504322711e-03
3.171699999999999818e+03 1.099101749422399903e-03
3.172400000000000091e+03 1.108733905170691206e-03
3.173099999999999909e+03 1.269923963921842144e-03
3.173800000000000182e+03 1.413548320123354622e-03
3.174500000000000000e+03 1.489207742881621874e-03
3.175300000000000182e+03 1.522118567491584579e-03
3.176000000000000000e+03 1.567126705079569231e-03
3.176699999999999818e+03 1.672469034354244488e-03
3.177400000000000091e+03 1.867322851723588611e-03
3.178099999999999909e+03 2.129107289197198181e-03
3.178800000000000182e+03 2.270182570827309395e-03
3.179500000000000000e+03 2.151834898502499004e-03
3.180199999999999818e+03 1.975099630750399519e-03
3.180900000000000091e+03 1.977793710060155898e-03
3.181599999999999909e+03 2.038050104290076592e-03
3.182300000000000182e+03 1.922605490921036218e-03
3.183000000000000000e+03 1.702127898458845410e-03
3.183800000000000182e+03 1.610712106602726467e-03
3.184500000000000000e+03 1.690973657831677281e-03
3.185199999999999818e+03 1.839679232405555401e-03
3.185900000000000091e+03 1.986605667159567837e-03
3.186599999999999909e+03 2.071803199566162306e-03
3.187300000000000182e+03 2.071316024395049478e-03
3.188000000000000000e+03 2.003275283268440496e-03
3.188699999999999818e+03 1.844819591853847328e-03
3.189400000000000091e+03 1.687585732640446701e-03
3.190099999999999909e+03 1.841457000206338322e-03
3.190800000000000182e+03 2.465265476611108123e-03
3.191500000000000000e+03 3.261791021406218374e-03
3.192199999999999818e+03 3.765782778622659040e-03
3.192900000000000091e+03 3.798560548576892550e-03
3.193599999999999909e+03 3.485800521229855987e-03
3.194400000000000091e+03 2.975166548450455632e-03
3.195099999999999909e+03 2.345310837076594861e-03
3.195800000000000182e+03 1.763186732902087030e-03
3.196500000000000000e+03 1.564334501430977159e-03
3.197199999999999818e+03 1.964568196350669968e-03
3.197900000000000091e+03 2.703206496641663223e-03
3.198599999999999909e+03 3.271797586119953687e-03
3.199300000000000182e+03 3.458231174821016149e-03
3.200000000000000000e+03 3.437247316197889965e-03
