1.022999999999999972e+02 1.603417443694441058e+00
1.035999999999999943e+02 1.795006016238279489e+00
1.050000000000000000e+02 1.912460201136317650e+00
1.062999999999999972e+02 1.912177984249612273e+00
1.077000000000000028e+02 1.944724903465793631e+00
1.090000000000000000e+02 1.994690460652093211e+00
1.104000000000000057e+02 1.959232482390883989e+00
1.117000000000000028e+02 1.946774180556546829e+00
1.130000000000000000e+02 1.921882910628551766e+00
1.144000000000000057e+02 1.922442887330428896e+00
1.157000000000000028e+02 1.927912626620967629e+00
1.170999999999999943e+02 1.920561298620582225e+00
1.184000000000000057e+02 1.906878569133665380e+00
1.197999999999999972e+02 1.922886806713723473e+00
1.210999999999999943e+02 1.898345841256386723e+00
1.224000000000000057e+02 1.858867006434833602e+00
1.237999999999999972e+02 1.900511294993524114e+00
1.250999999999999943e+02 1.884802559428912838e+00
1.265000000000000000e+02 1.860538719050563117e+00
1.277999999999999972e+02 1.877872369557312293e+00
1.290999999999999943e+02 1.876690658597108374e+00
1.305000000000000000e+02 1.849493790888067757e+00
1.318000000000000114e+02 1.840383408909233909e+00
1.330999999999999943e+02 1.822076742899478186e+00
1.345000000000000000e+02 1.794498388596972527e+00
1.358000000000000114e+02 1.776217773075351447e+00
1.371999999999999886e+02 1.747276237748003780e+00
1.385000000000000000e+02 1.705271083947080601e+00
1.398000000000000114e+02 1.663580305765894440e+00
1.411999999999999886e+02 1.614990410487733730e+00
1.425000000000000000e+02 1.547138418127149473e+00
1.438000000000000114e+02 1.505536247900232993e+00
1.451999999999999886e+02 1.474957062354863568e+00
1.465000000000000000e+02 1.424720341126929357e+00
1.478000000000000114e+02 1.367434462976381493e+00
1.491999999999999886e+02 1.270797404582040713e+00
1.505000000000000000e+02 1.238581011903800100e+00
1.518000000000000114e+02 1.180204253139503612e+00
1.531999999999999886e+02 1.111025544554091304e+00
1.545000000000000000e+02 1.066599562807660995e+00
1.558000000000000114e+02 9.937769247873764478e-01
1.571999999999999886e+02 9.364930239428758130e-01
1.585000000000000000e+02 8.898619786082710981e-01
1.598000000000000114e+02 8.555537462040543328e-01
1.610999999999999943e+02 7.828117477141542935e-01
1.625000000000000000e+02 7.475532694433215664e-01
1.638000000000000114e+02 7.153222437034216785e-01
1.650999999999999943e+02 6.308208276391409353e-01
1.665000000000000000e+02 5.709823044851676244e-01
1.678000000000000114e+02 5.474213854884453223e-01
1.690999999999999943e+02 5.014677192320822208e-01
1.704000000000000057e+02 4.600563443398067998e-01
1.718000000000000114e+02 4.598287547914874374e-01
1.730999999999999943e+02 4.267284027972529925e-01
1.744000000000000057e+02 4.043365545380934734e-01
1.758000000000000114e+02 3.669935685634895250e-01
1.770999999999999943e+02 3.560039955199778006e-01
1.784000000000000057e+02 3.522500779310961949e-01
1.796999999999999886e+02 3.160155569259006092e-01
1.810999999999999943e+02 3.081999220872505552e-01
1.824000000000000057e+02 2.693943526006939426e-01
1.836999999999999886e+02 2.536255414263844932e-01
1.850000000000000000e+02 2.142103981070870855e-01
1.864000000000000057e+02 1.981189042868557182e-01
1.876999999999999886e+02 1.900953458461107082e-01
1.890000000000000000e+02 1.693035695158940368e-01
1.903000000000000114e+02 1.297913900232953999e-01
1.915999999999999943e+02 1.038691435562053567e-01
1.930000000000000000e+02 7.684872286800484287e-02
1.943000000000000114e+02 4.428108463834335567e-02
1.955999999999999943e+02 2.809415100704600043e-02
1.969000000000000057e+02 1.362321398869375741e-02
1.981999999999999886e+02 1.300625038777259313e-03
1.995999999999999943e+02 -2.131946072029082540e-02
2.009000000000000057e+02 -3.608032463297349002e-02
2.021999999999999886e+02 -4.354362759949632899e-02
2.035000000000000000e+02 -6.477956003663588869e-02
2.048000000000000114e+02 -5.077470987047677520e-02
2.061999999999999886e+02 -5.171310579266312490e-02
2.075000000000000000e+02 -4.223296780248126520e-02
2.088000000000000114e+02 -4.228038018646736174e-02
2.100999999999999943e+02 -5.657632733174993572e-02
2.114000000000000057e+02 -4.614124242003143223e-02
2.126999999999999886e+02 -4.233731184806380915e-02
2.140999999999999943e+02 -4.566521360911047350e-02
2.154000000000000057e+02 -4.994250727196790363e-02
2.166999999999999886e+02 -4.096674984169981770e-02
2.180000000000000000e+02 -2.475051345638052541e-02
2.193000000000000114e+02 -9.275413988060763129e-04
2.205999999999999943e+02 3.256997034106811316e-03
2.220000000000000000e+02 1.475277337259754684e-02
2.233000000000000114e+02 2.658292802204129460e-02
2.245999999999999943e+02 3.468126614756161796e-02
2.259000000000000057e+02 7.119631263571361834e-02
2.271999999999999886e+02 1.140249364747099869e-01
2.285000000000000000e+02 1.280165522930411803e-01
2.298000000000000114e+02 1.659439730340023234e-01
2.310999999999999943e+02 1.950966707267240974e-01
2.325000000000000000e+02 2.418050013022901013e-01
2.338000000000000114e+02 2.779855381753464361e-01
2.350999999999999943e+02 2.845766561234387426e-01
2.364000000000000057e+02 3.016395710024446508e-01
2.376999999999999886e+02 2.855433923216086911e-01
2.390000000000000000e+02 2.939863281276714480e-01
2.403000000000000114e+02 2.625371376305912219e-01
2.415999999999999943e+02 2.534619781854658416e-01
2.429000000000000057e+02 2.509243978750004267e-01
2.441999999999999886e+02 2.287939632094369014e-01
2.455000000000000000e+02 1.854728348370314750e-01
2.469000000000000057e+02 1.750380862340703836e-01
2.481999999999999886e+02 1.655929267383073333e-01
2.495000000000000000e+02 1.485139220047309028e-01
2.508000000000000114e+02 1.312183355300247101e-01
2.520999999999999943e+02 1.320875858583117346e-01
2.534000000000000057e+02 1.383701511388324978e-01
2.546999999999999886e+02 1.421386769671039718e-01
2.560000000000000000e+02 1.415189758314229773e-01
2.573000000000000114e+02 1.811117052078826117e-01
2.586000000000000227e+02 2.025347919874977975e-01
2.598999999999999773e+02 2.245648921581934188e-01
2.611999999999999886e+02 2.468123771968780966e-01
2.625000000000000000e+02 2.927527144770719625e-01
2.638000000000000114e+02 3.265685263667966742e-01
2.651000000000000227e+02 3.557663844031170308e-01
2.663999999999999773e+02 3.887869324831990658e-01
2.676999999999999886e+02 4.574972218888060382e-01
2.690000000000000000e+02 5.073908948786850504e-01
2.703000000000000114e+02 5.320682063998822819e-01
2.716000000000000227e+02 5.695589095812776392e-01
2.728999999999999773e+02 6.086025568609778613e-01
2.741999999999999886e+02 6.465514561674328142e-01
2.755000000000000000e+02 6.702767287167084032e-01
2.768000000000000114e+02 6.661673622566544051e-01
2.781000000000000227e+02 6.757405511338971937e-01
2.793999999999999773e+02 6.971937012181783633e-01
2.806999999999999886e+02 7.081871784157787175e-01
2.820000000000000000e+02 6.751395309671137657e-01
2.833000000000000114e+02 6.260378979172279701e-01
2.846000000000000227e+02 5.547856552089592830e-01
2.858999999999999773e+02 4.689102124948805739e-01
2.871999999999999886e+02 4.348019367980392458e-01
2.885000000000000000e+02 4.091061676021094384e-01
2.898000000000000114e+02 3.631070154156375018e-01
2.911000000000000227e+02 3.067312586577624622e-01
2.923999999999999773e+02 2.903609495413751462e-01
2.936999999999999886e+02 2.874619218575240609e-01
2.950000000000000000e+02 2.629239486418763483e-01
2.963000000000000114e+02 2.576296573979363069e-01
2.976000000000000227e+02 2.497511914690894175e-01
2.988999999999999773e+02 2.528160861198323062e-01
3.001999999999999886e+02 2.857543732382374913e-01
3.015000000000000000e+02 2.681218420365339417e-01
3.028000000000000114e+02 2.562443835324559882e-01
3.041000000000000227e+02 2.844280159152138832e-01
3.053999999999999773e+02 2.942437397002338195e-01
3.066000000000000227e+02 2.903266377292918476e-01
3.078999999999999773e+02 2.627233551500163244e-01
3.091999999999999886e+02 2.433634499654990790e-01
3.105000000000000000e+02 2.428295904386580939e-01
3.118000000000000114e+02 2.395361514107939849e-01
3.131000000000000227e+02 2.157742543681622771e-01
3.143999999999999773e+02 1.942948057259104022e-01
3.156999999999999886e+02 1.837441761162947607e-01
3.170000000000000000e+02 1.700026193805787567e-01
3.183000000000000114e+02 1.530703456427338072e-01
3.196000000000000227e+02 1.441613484100119080e-01
3.208000000000000114e+02 1.381607345536237097e-01
3.221000000000000227e+02 1.278273637218064751e-01
3.233999999999999773e+02 1.230373956041531103e-01
3.246999999999999886e+02 1.422971367884238447e-01
3.260000000000000000e+02 1.573403972181724453e-01
3.273000000000000114e+02 1.846174893057278277e-01
3.286000000000000227e+02 2.265894278037199894e-01
3.298999999999999773e+02 2.564871008078036252e-01
3.311000000000000227e+02 2.952864481290058962e-01
3.323999999999999773e+02 3.303637312427172845e-01
3.336999999999999886e+02 3.553104769177719557e-01
3.350000000000000000e+02 3.535671448075851653e-01
3.363000000000000114e+02 3.464416548642804683e-01
3.376000000000000227e+02 3.297524590979565851e-01
3.388999999999999773e+02 3.100433754465600211e-01
3.401000000000000227e+02 2.841520032496626103e-01
3.413999999999999773e+02 2.558553606200790753e-01
3.426999999999999886e+02 2.282891523394520172e-01
3.440000000000000000e+02 2.040687967284526283e-01
3.453000000000000114e+02 1.780150315846668885e-01
3.465000000000000000e+02 1.626089800835203159e-01
3.478000000000000114e+02 1.804033463752275079e-01
3.491000000000000227e+02 1.541651554762313026e-01
3.503999999999999773e+02 1.342392645792807038e-01
3.516999999999999886e+02 1.322332712271552801e-01
3.530000000000000000e+02 1.218506350964778245e-01
3.541999999999999886e+02 1.113652729931925711e-01
3.555000000000000000e+02 1.043038575932351830e-01
3.568000000000000114e+02 1.104017159880668619e-01
3.581000000000000227e+02 1.018631737294004580e-01
3.593999999999999773e+02 9.815981996606014393e-02
3.606000000000000227e+02 9.827850273040815432e-02
3.618999999999999773e+02 8.888095105228110970e-02
3.631999999999999886e+02 9.998337733824763651e-02
3.645000000000000000e+02 1.014929945732812033e-01
3.658000000000000114e+02 9.913329504974613404e-02
3.670000000000000000e+02 1.058078754322410164e-01
3.683000000000000114e+02 9.512453773685003444e-02
3.696000000000000227e+02 1.050251280932325004e-01
3.708999999999999773e+02 1.256743534641304449e-01
3.721000000000000227e+02 1.245494683878592412e-01
3.733999999999999773e+02 1.211488565849626886e-01
3.746999999999999886e+02 1.345071474835398406e-01
3.760000000000000000e+02 1.561456312649485700e-01
3.771999999999999886e+02 1.910581054844882332e-01
3.785000000000000000e+02 2.124314631488548599e-01
3.798000000000000114e+02 2.368655573064738507e-01
3.811000000000000227e+02 2.582555486536522449e-01
3.823000000000000114e+02 2.546865341890547363e-01
3.836000000000000227e+02 2.599241307323214567e-01
3.848999999999999773e+02 2.625587086116110136e-01
3.861999999999999886e+02 2.276268468728548100e-01
3.873999999999999773e+02 1.771688949133612412e-01
3.886999999999999886e+02 1.627893173876460153e-01
3.900000000000000000e+02 1.481522949541091982e-01
3.911999999999999886e+02 1.524808736259128383e-01
3.925000000000000000e+02 1.428520939655605615e-01
3.938000000000000114e+02 1.365985561442058238e-01
3.951000000000000227e+02 1.248568117644623526e-01
3.963000000000000114e+02 1.324759726756798428e-01
3.976000000000000227e+02 1.074738764278345970e-01
3.988999999999999773e+02 1.171002695841655006e-01
4.001000000000000227e+02 1.110804441567690565e-01
4.013999999999999773e+02 1.119630139258237234e-01
4.026999999999999886e+02 1.134486318476222444e-01
4.038999999999999773e+02 1.120319291099977910e-01
4.051999999999999886e+02 1.087225816403051964e-01
4.065000000000000000e+02 1.053349369763555837e-01
4.076999999999999886e+02 1.043041796262575982e-01
4.090000000000000000e+02 1.006660957493158287e-01
4.103000000000000114e+02 9.554335503231925486e-02
4.115000000000000000e+02 9.425110198717134846e-02
4.128000000000000114e+02 9.322135884953870744e-02
4.141000000000000227e+02 9.315033985443868514e-02
4.153000000000000114e+02 9.295693727857877453e-02
4.166000000000000227e+02 9.330714370282859604e-02
4.178999999999999773e+02 9.441748012472155061e-02
4.191000000000000227e+02 9.708158955831797110e-02
4.203999999999999773e+02 1.030230714365346495e-01
4.216999999999999886e+02 1.073030632444615801e-01
4.228999999999999773e+02 1.103781528469895551e-01
4.241999999999999886e+02 1.175128196531984581e-01
4.255000000000000000e+02 1.250377749415634288e-01
4.266999999999999886e+02 1.286239836387441660e-01
4.280000000000000000e+02 1.291882747370270978e-01
4.291999999999999886e+02 1.302672353014397710e-01
4.305000000000000000e+02 1.271444012022835968e-01
4.318000000000000114e+02 1.230812926375982053e-01
4.330000000000000000e+02 1.191764674171970906e-01
4.343000000000000114e+02 1.166286562729577231e-01
4.355000000000000000e+02 1.153162000145311478e-01
4.368000000000000114e+02 1.157771456392357179e-01
4.381000000000000227e+02 1.172648997617705691e-01
4.393000000000000114e+02 1.194189061289366860e-01
4.406000000000000227e+02 1.269962454957700160e-01
4.418000000000000114e+02 1.364135958284603267e-01
4.431000000000000227e+02 1.467391065827654828e-01
4.443999999999999773e+02 1.618641426786962823e-01
4.456000000000000227e+02 1.820031858228934318e-01
4.468999999999999773e+02 2.110998220304509676e-01
4.481000000000000227e+02 2.432417263905687910e-01
4.493999999999999773e+02 2.722965450959369260e-01
4.506999999999999886e+02 2.970453391178533020e-01
4.518999999999999773e+02 3.156971562885124705e-01
4.531999999999999886e+02 3.257050909404305417e-01
4.543999999999999773e+02 3.267269168905887478e-01
4.556999999999999886e+02 3.201549486343449602e-01
4.568999999999999773e+02 3.107461864248088901e-01
4.581999999999999886e+02 2.961058716980544125e-01
4.593999999999999773e+02 2.795774985466051854e-01
4.606999999999999886e+02 2.579505021115470198e-01
4.620000000000000000e+02 2.321619824102878205e-01
4.631999999999999886e+02 2.109731724121059471e-01
4.645000000000000000e+02 1.904193246673236695e-01
4.656999999999999886e+02 1.704240717666566374e-01
4.670000000000000000e+02 1.552191107417302263e-01
4.681999999999999886e+02 1.450885177071217225e-01
4.695000000000000000e+02 1.394480262665730441e-01
4.706999999999999886e+02 1.343794640659030093e-01
4.720000000000000000e+02 1.290220143337727221e-01
4.731999999999999886e+02 1.255269990525932355e-01
4.745000000000000000e+02 1.220489033494034925e-01
4.756999999999999886e+02 1.208731176854940387e-01
4.770000000000000000e+02 1.159324237973270999e-01
4.781999999999999886e+02 1.116182347096363603e-01
4.795000000000000000e+02 1.092490374167936762e-01
4.806999999999999886e+02 1.076238620548335689e-01
4.820000000000000000e+02 1.072091557803944717e-01
4.831999999999999886e+02 1.062326147064690252e-01
4.845000000000000000e+02 1.065586064256035109e-01
4.856999999999999886e+02 1.098710601838110701e-01
4.870000000000000000e+02 1.107357049379988911e-01
4.881999999999999886e+02 1.107182724602688295e-01
4.895000000000000000e+02 1.094143718961744366e-01
4.906999999999999886e+02 1.103650910476706715e-01
4.920000000000000000e+02 1.115001065227299304e-01
4.931999999999999886e+02 1.097041478493704092e-01
4.945000000000000000e+02 1.075022554913898643e-01
4.956999999999999886e+02 1.046126089675369075e-01
4.970000000000000000e+02 1.028903492022218424e-01
4.981999999999999886e+02 1.013759771743214938e-01
4.993999999999999773e+02 9.763472269762607514e-02
5.006999999999999886e+02 9.391522206027264064e-02
5.018999999999999773e+02 8.973556050485428925e-02
5.031999999999999886e+02 8.603695392589888469e-02
5.043999999999999773e+02 8.362041732210200029e-02
5.056999999999999886e+02 8.186732538948728044e-02
5.068999999999999773e+02 8.211582049231061498e-02
5.081999999999999886e+02 8.263765623883057021e-02
5.093999999999999773e+02 7.907497931132206892e-02
5.106000000000000227e+02 7.542259077152786706e-02
5.118999999999999773e+02 6.980118447702517159e-02
5.131000000000000227e+02 6.387065678749205555e-02
5.143999999999999773e+02 5.757676046123445801e-02
5.156000000000000227e+02 5.156810064873618149e-02
5.168999999999999773e+02 4.541578590073871990e-02
5.181000000000000227e+02 4.080318353193930492e-02
5.192999999999999545e+02 3.801157836357781095e-02
5.206000000000000227e+02 3.760597278350040484e-02
5.217999999999999545e+02 3.643423557197644769e-02
5.231000000000000227e+02 3.875798035580233641e-02
5.242999999999999545e+02 4.059744918368796834e-02
5.255000000000000000e+02 4.293909235181750383e-02
5.267999999999999545e+02 4.239460527737913542e-02
5.280000000000000000e+02 4.063414894733945182e-02
5.292999999999999545e+02 3.552564961969185975e-02
5.305000000000000000e+02 3.054660935338470926e-02
5.317000000000000455e+02 2.700055067423462810e-02
5.330000000000000000e+02 2.526597482794169791e-02
5.342000000000000455e+02 2.299228341753847132e-02
5.353999999999999773e+02 2.130717384219436156e-02
5.367000000000000455e+02 2.088900844639439425e-02
5.378999999999999773e+02 1.979527335259169060e-02
5.392000000000000455e+02 1.792882605984632421e-02
5.403999999999999773e+02 1.852130851245957499e-02
5.416000000000000227e+02 1.814999468933864435e-02
5.428999999999999773e+02 1.844689776306233930e-02
5.441000000000000227e+02 1.765688405470458577e-02
5.452999999999999545e+02 1.631738419197028417e-02
5.466000000000000227e+02 1.494449812379871831e-02
5.477999999999999545e+02 1.338561855130510590e-02
5.490000000000000000e+02 1.193742811544426866e-02
5.502999999999999545e+02 1.064880477252410848e-02
5.515000000000000000e+02 1.156984922461491878e-02
5.527000000000000455e+02 1.293232832613878946e-02
5.540000000000000000e+02 1.296412236974960573e-02
5.552000000000000455e+02 1.351093228423302928e-02
5.563999999999999773e+02 1.369747608542878740e-02
5.577000000000000455e+02 1.279745178721644963e-02
5.588999999999999773e+02 1.131704781578110261e-02
5.601000000000000227e+02 1.155285319483135946e-02
5.613999999999999773e+02 1.205428238664701078e-02
5.626000000000000227e+02 1.222383290003496367e-02
5.637999999999999545e+02 1.173985356895469560e-02
5.650000000000000000e+02 9.635970571520293543e-03
5.662999999999999545e+02 8.514272662078156001e-03
5.675000000000000000e+02 8.721587328456178317e-03
5.687000000000000455e+02 9.148660468279111099e-03
5.700000000000000000e+02 8.686971620441373554e-03
5.712000000000000455e+02 7.272934304759134591e-03
5.723999999999999773e+02 8.713973389998738023e-03
5.736000000000000227e+02 1.032448409250826676e-02
5.748999999999999773e+02 9.989922527621930559e-03
5.761000000000000227e+02 8.304819845949402285e-03
5.772999999999999545e+02 6.152917338803742808e-03
5.786000000000000227e+02 7.267441184074713290e-03
5.797999999999999545e+02 8.063212170784374647e-03
5.810000000000000000e+02 7.726330895348656330e-03
5.822000000000000455e+02 6.452559533615791383e-03
5.835000000000000000e+02 4.659614052813114415e-03
5.847000000000000455e+02 4.301664258731777504e-03
5.858999999999999773e+02 2.814150578346006574e-03
5.871000000000000227e+02 1.828869112366208680e-03
5.883999999999999773e+02 1.266588711744269773e-03
5.896000000000000227e+02 3.528061933821939784e-03
5.907999999999999545e+02 9.338809879313228132e-03
5.920000000000000000e+02 1.257753015844815039e-02
5.932999999999999545e+02 1.380974043302731977e-02
5.945000000000000000e+02 1.449481340183435794e-02
5.957000000000000455e+02 1.440653322317165565e-02
5.968999999999999773e+02 1.479151929384413602e-02
5.981000000000000227e+02 1.374921083239700505e-02
5.993999999999999773e+02 1.358731465097024957e-02
6.006000000000000227e+02 1.162765565212529884e-02
6.017999999999999545e+02 1.248408203056856555e-02
6.030000000000000000e+02 1.238370248363713372e-02
6.042999999999999545e+02 1.241333456329193896e-02
6.055000000000000000e+02 1.238302479075873049e-02
6.067000000000000455e+02 1.295823237389506777e-02
6.078999999999999773e+02 1.626719278854816056e-02
6.091000000000000227e+02 2.212539834920355941e-02
6.103999999999999773e+02 2.555155569240442209e-02
6.116000000000000227e+02 2.644478542936661014e-02
6.127999999999999545e+02 2.732172501241446338e-02
6.140000000000000000e+02 2.884248985149956424e-02
6.152000000000000455e+02 2.594251189652576131e-02
6.165000000000000000e+02 2.353835069202991556e-02
6.177000000000000455e+02 1.840941573788701380e-02
6.188999999999999773e+02 1.381305721429549119e-02
6.201000000000000227e+02 1.006152188501119316e-02
6.212999999999999545e+02 9.426533105598634832e-03
6.225000000000000000e+02 8.978207521444077355e-03
6.237999999999999545e+02 8.821033596383257708e-03
6.250000000000000000e+02 1.131138974055014880e-02
6.262000000000000455e+02 1.723901129851498903e-02
6.273999999999999773e+02 2.249469937454405197e-02
6.286000000000000227e+02 2.600798460488577823e-02
6.297999999999999545e+02 2.992913277609378364e-02
6.310000000000000000e+02 3.385532009878591125e-02
6.322999999999999545e+02 3.753738268199705019e-02
6.335000000000000000e+02 4.226459423579883440e-02
6.347000000000000455e+02 4.547895397247726096e-02
6.358999999999999773e+02 4.917420244611826752e-02
6.371000000000000227e+02 5.660687255297849191e-02
6.382999999999999545e+02 7.055380946011917398e-02
6.395000000000000000e+02 8.348875262417956855e-02
6.407999999999999545e+02 9.300970081216164420e-02
6.420000000000000000e+02 1.026008714373761177e-01
6.432000000000000455e+02 1.086662917676139983e-01
6.443999999999999773e+02 1.127277855261931416e-01
6.456000000000000227e+02 1.128949702691101342e-01
6.467999999999999545e+02 1.125214530200739499e-01
6.480000000000000000e+02 1.145948432766197289e-01
6.492000000000000455e+02 1.204270235225214369e-01
6.503999999999999773e+02 1.294988639371051631e-01
6.517000000000000455e+02 1.387104058263242123e-01
6.528999999999999773e+02 1.479386746415105036e-01
6.541000000000000227e+02 1.586605390109366853e-01
6.552999999999999545e+02 1.714188928811805623e-01
6.565000000000000000e+02 1.874462918474028850e-01
6.577000000000000455e+02 2.068243953292524528e-01
6.588999999999999773e+02 2.302096538678592152e-01
6.601000000000000227e+02 2.574052820333104785e-01
6.612999999999999545e+02 2.883732911966516710e-01
6.625000000000000000e+02 3.231377685337356587e-01
6.637000000000000455e+02 3.595857967759363283e-01
6.650000000000000000e+02 3.946047376404925866e-01
6.662000000000000455e+02 4.255938918368876722e-01
6.673999999999999773e+02 4.504374415915070040e-01
6.686000000000000227e+02 4.679288608148410855e-01
6.697999999999999545e+02 4.749848451165864516e-01
6.710000000000000000e+02 4.715724766070144014e-01
6.722000000000000455e+02 4.591920232695911319e-01
6.733999999999999773e+02 4.405752552417449008e-01
6.746000000000000227e+02 4.189416655490048047e-01
6.757999999999999545e+02 3.956546389686630416e-01
6.770000000000000000e+02 3.718205452929032040e-01
6.782000000000000455e+02 3.491269643286344371e-01
6.793999999999999773e+02 3.292742842309389628e-01
6.806000000000000227e+02 3.133425413386192737e-01
6.817999999999999545e+02 2.993501236170039159e-01
6.830000000000000000e+02 2.878942072196125079e-01
6.842000000000000455e+02 2.817304270487076545e-01
6.853999999999999773e+02 2.769815716324857124e-01
6.866000000000000227e+02 2.697984274222667844e-01
6.877999999999999545e+02 2.668694132832062360e-01
6.890000000000000000e+02 2.655828020156374980e-01
6.902000000000000455e+02 2.654202701637672912e-01
6.913999999999999773e+02 2.718096349677160406e-01
6.926000000000000227e+02 2.799240799405909863e-01
6.937999999999999545e+02 2.931477646239659118e-01
6.950000000000000000e+02 3.071736902837337579e-01
6.962000000000000455e+02 3.223696570128420369e-01
6.973999999999999773e+02 3.331946530255872618e-01
6.986000000000000227e+02 3.356752281566019458e-01
6.997999999999999545e+02 3.346296918181902447e-01
7.010000000000000000e+02 3.270572308756044544e-01
7.022000000000000455e+02 3.124033417483141895e-01
7.033999999999999773e+02 2.929424309237237956e-01
7.046000000000000227e+02 2.674771943754179482e-01
7.057999999999999545e+02 2.446983986221401841e-01
7.070000000000000000e+02 2.212052793528216932e-01
7.082000000000000455e+02 1.989963539945465709e-01
7.093999999999999773e+02 1.787540420345562209e-01
7.106000000000000227e+02 1.588424530351122965e-01
7.117999999999999545e+02 1.400306470814857152e-01
7.130000000000000000e+02 1.256309399771547708e-01
7.142000000000000455e+02 1.113940284801327729e-01
7.153999999999999773e+02 9.641670376618588501e-02
7.166000000000000227e+02 8.295711251036651246e-02
7.177999999999999545e+02 7.171174197410307150e-02
7.190000000000000000e+02 6.234491968852622079e-02
7.202000000000000455e+02 5.289730339135996495e-02
7.213999999999999773e+02 4.601721656442678277e-02
7.226000000000000227e+02 3.933297900680765569e-02
7.237999999999999545e+02 3.374138379446905978e-02
7.250000000000000000e+02 2.972233225029103504e-02
7.262000000000000455e+02 2.953992373800220367e-02
7.272999999999999545e+02 2.932321418951992428e-02
7.285000000000000000e+02 2.630200721524399501e-02
7.297000000000000455e+02 2.173706591425784290e-02
7.308999999999999773e+02 1.703691934538973524e-02
7.321000000000000227e+02 1.328458783746589225e-02
7.332999999999999545e+02 1.301960877709508815e-02
7.345000000000000000e+02 1.260219736976780393e-02
7.357000000000000455e+02 1.451109039791962166e-02
7.368999999999999773e+02 1.728133055325996315e-02
7.381000000000000227e+02 2.055789287814057537e-02
7.392999999999999545e+02 2.328722426700604448e-02
7.405000000000000000e+02 2.260748175045301095e-02
7.416000000000000227e+02 2.175737113601376380e-02
7.427999999999999545e+02 1.958131734301986684e-02
7.440000000000000000e+02 1.675852399231014811e-02
7.452000000000000455e+02 1.911196729396382951e-02
7.463999999999999773e+02 2.344400201019793475e-02
7.476000000000000227e+02 3.317784865078260426e-02
7.487999999999999545e+02 4.413187068132929519e-02
7.500000000000000000e+02 5.499461721182753726e-02
7.511000000000000227e+02 7.029524246036515656e-02
7.522999999999999545e+02 8.156962335476763970e-02
7.535000000000000000e+02 8.755780401903252852e-02
7.547000000000000455e+02 8.447288994116865235e-02
7.558999999999999773e+02 7.298517669276710640e-02
7.571000000000000227e+02 6.017302833063648687e-02
7.582999999999999545e+02 4.328454823017575254e-02
7.595000000000000000e+02 2.429284723999815612e-02
7.606000000000000227e+02 6.918159948587195018e-03
7.617999999999999545e+02 -4.936900755288096097e-03
7.630000000000000000e+02 -8.373815484493849284e-03
7.642000000000000455e+02 -9.109556208231084709e-03
7.653999999999999773e+02 -7.678920266659334040e-03
7.666000000000000227e+02 -8.324393448702269160e-03
7.677000000000000455e+02 -8.782862102183857517e-03
7.688999999999999773e+02 -7.286794501069651132e-03
7.701000000000000227e+02 -6.638674822074804721e-03
7.712999999999999545e+02 -8.317979545263538832e-03
7.725000000000000000e+02 -6.475690265601939839e-03
7.737000000000000455e+02 -2.152544494889330629e-03
7.747999999999999545e+02 5.770191684314649253e-03
7.760000000000000000e+02 1.154088025394163324e-02
7.772000000000000455e+02 1.310035930802783827e-02
7.783999999999999773e+02 1.255075661507751988e-02
7.796000000000000227e+02 1.519772888610866277e-02
7.807999999999999545e+02 1.863700490522977871e-02
7.818999999999999773e+02 2.420139990269833466e-02
7.831000000000000227e+02 3.177073944928961863e-02
7.842999999999999545e+02 3.929041274678060636e-02
7.855000000000000000e+02 4.374726184832049281e-02
7.867000000000000455e+02 4.740589095968052169e-02
7.877999999999999545e+02 4.546153183216332383e-02
7.890000000000000000e+02 3.784506787158710417e-02
7.902000000000000455e+02 3.068445489203164983e-02
7.913999999999999773e+02 2.310518610084248692e-02
7.926000000000000227e+02 1.577887674637524704e-02
7.937000000000000455e+02 1.113997063692661986e-02
7.948999999999999773e+02 8.759416679888210738e-03
7.961000000000000227e+02 3.838586360983202699e-03
7.972999999999999545e+02 1.423230064115125039e-03
7.983999999999999773e+02 2.239318504056743951e-03
7.996000000000000227e+02 2.592143073781191971e-03
8.007999999999999545e+02 4.660819137624365102e-03
8.020000000000000000e+02 7.843510005285839193e-03
8.031000000000000227e+02 9.595960712090248479e-03
8.042999999999999545e+02 1.408722036470409604e-02
8.055000000000000000e+02 1.755942572387011666e-02
8.067000000000000455e+02 2.327650676665354162e-02
8.077999999999999545e+02 2.859755013862810488e-02
8.090000000000000000e+02 3.623205915340403649e-02
8.102000000000000455e+02 4.398017926843923037e-02
8.113999999999999773e+02 5.335598970663602003e-02
8.125000000000000000e+02 6.586179485188750626e-02
8.137000000000000455e+02 7.872956761314577057e-02
8.148999999999999773e+02 8.807190600578210238e-02
8.161000000000000227e+02 1.016504706326566698e-01
8.172000000000000455e+02 1.203525799845693300e-01
8.183999999999999773e+02 1.487830217674893651e-01
8.196000000000000227e+02 1.801549273894977599e-01
8.207999999999999545e+02 2.199875207493491858e-01
8.218999999999999773e+02 2.745624307987877821e-01
8.231000000000000227e+02 3.371943344443686930e-01
8.242999999999999545e+02 3.992776007687506845e-01
8.253999999999999773e+02 4.430607229194474250e-01
8.266000000000000227e+02 4.587553492169916813e-01
8.277999999999999545e+02 4.471757107666785025e-01
8.290000000000000000e+02 4.084525850194823948e-01
8.301000000000000227e+02 3.493198901354379604e-01
8.312999999999999545e+02 2.762857309503060077e-01
8.325000000000000000e+02 2.085772360712719320e-01
8.336000000000000227e+02 1.571517620728910547e-01
8.347999999999999545e+02 1.204054458729759414e-01
8.360000000000000000e+02 9.859747792392191401e-02
8.371000000000000227e+02 8.415548581292865704e-02
8.382999999999999545e+02 7.365732905705318911e-02
8.395000000000000000e+02 6.444785973219682718e-02
8.406000000000000227e+02 5.554543710157611169e-02
8.417999999999999545e+02 4.996644549447133710e-02
8.430000000000000000e+02 4.592015833556559873e-02
8.441000000000000227e+02 4.480389837715174212e-02
8.452999999999999545e+02 4.453058283919426874e-02
8.465000000000000000e+02 4.234595442121880798e-02
8.476000000000000227e+02 3.790856407098077557e-02
8.487999999999999545e+02 3.299778551764318002e-02
8.500000000000000000e+02 2.782307598511889885e-02
8.511000000000000227e+02 2.512608589437715159e-02
8.522999999999999545e+02 2.251659721269651249e-02
8.535000000000000000e+02 2.040954759531729557e-02
8.546000000000000227e+02 2.050768972125158185e-02
8.557999999999999545e+02 2.525524861400423385e-02
8.570000000000000000e+02 3.182873772380235416e-02
8.581000000000000227e+02 3.632788633280981117e-02
8.592999999999999545e+02 3.684527068802701671e-02
8.605000000000000000e+02 3.677540869644676386e-02
8.616000000000000227e+02 4.012458201855631512e-02
8.627999999999999545e+02 4.845846151537379354e-02
8.638999999999999773e+02 5.705354495856339303e-02
8.651000000000000227e+02 6.742707042391744843e-02
8.662999999999999545e+02 8.049500727322611571e-02
8.673999999999999773e+02 9.445154159413583772e-02
8.686000000000000227e+02 1.062049477870867509e-01
8.697999999999999545e+02 1.129167839544685803e-01
8.708999999999999773e+02 1.144535415263941425e-01
8.721000000000000227e+02 1.116881557377892853e-01
8.732000000000000455e+02 1.089479542956437591e-01
8.743999999999999773e+02 1.080996785659699422e-01
8.756000000000000227e+02 1.050635019995662667e-01
8.767000000000000455e+02 1.072154377289237653e-01
8.778999999999999773e+02 1.100136412671216674e-01
8.790000000000000000e+02 1.149625899385069289e-01
8.802000000000000455e+02 1.186031583183257965e-01
8.813999999999999773e+02 1.203096210780300046e-01
8.825000000000000000e+02 1.215257025909737831e-01
8.837000000000000455e+02 1.216377424151168923e-01
8.847999999999999545e+02 1.196500269440840813e-01
8.860000000000000000e+02 1.129293189412193255e-01
8.871000000000000227e+02 1.032018212730466677e-01
8.882999999999999545e+02 9.335795133390956124e-02
8.895000000000000000e+02 8.111246630451954265e-02
8.906000000000000227e+02 6.935004232338276564e-02
8.917999999999999545e+02 6.041326882658795694e-02
8.928999999999999773e+02 5.663933808647837048e-02
8.941000000000000227e+02 5.692269815187327858e-02
8.952000000000000455e+02 6.011738534854338400e-02
8.963999999999999773e+02 6.519905545626553112e-02
8.976000000000000227e+02 6.966225018274926906e-02
8.987000000000000455e+02 7.280927385332203183e-02
8.998999999999999773e+02 6.999991909101155318e-02
9.010000000000000000e+02 6.574511487569240087e-02
9.022000000000000455e+02 5.954451742459467706e-02
9.032999999999999545e+02 5.518430047407466704e-02
9.045000000000000000e+02 5.085254884346572524e-02
9.056000000000000227e+02 4.592330560407850704e-02
9.067999999999999545e+02 4.228750491593200045e-02
9.078999999999999773e+02 4.013378445529271893e-02
9.091000000000000227e+02 3.888078271536585251e-02
9.102000000000000455e+02 3.809970330346693773e-02
9.113999999999999773e+02 3.841429914218132818e-02
9.126000000000000227e+02 3.982464311805510720e-02
9.137000000000000455e+02 3.983207601060418518e-02
9.148999999999999773e+02 3.999057035657289927e-02
9.160000000000000000e+02 4.257064513304288644e-02
9.172000000000000455e+02 4.756015602705305351e-02
9.182999999999999545e+02 5.219131961105766271e-02
9.195000000000000000e+02 5.271999869820184759e-02
9.206000000000000227e+02 5.289275152505840821e-02
9.217999999999999545e+02 5.383517158842861250e-02
9.228999999999999773e+02 5.564023454032751559e-02
9.241000000000000227e+02 5.559225129988080993e-02
9.252000000000000455e+02 5.473639114576004522e-02
9.263999999999999773e+02 5.499409380417105003e-02
9.275000000000000000e+02 5.809079015791313721e-02
9.287000000000000455e+02 6.076869616136502950e-02
9.297999999999999545e+02 5.903958146029551768e-02
9.310000000000000000e+02 5.775330295985061507e-02
9.321000000000000227e+02 5.901186191837089895e-02
9.332999999999999545e+02 5.858064618834749049e-02
9.343999999999999773e+02 5.818783713441559591e-02
9.355000000000000000e+02 5.845443751972936863e-02
9.367000000000000455e+02 5.815208827764026256e-02
9.377999999999999545e+02 5.770867759620987303e-02
9.390000000000000000e+02 5.811525646783873705e-02
9.401000000000000227e+02 5.652487740040304520e-02
9.412999999999999545e+02 5.556373132668045861e-02
9.423999999999999773e+02 5.848564914341108922e-02
9.436000000000000227e+02 6.452852519793458863e-02
9.447000000000000455e+02 6.974462819772905831e-02
9.458999999999999773e+02 7.430943765204790774e-02
9.470000000000000000e+02 7.727842072179899602e-02
9.481000000000000227e+02 7.924352715193383467e-02
9.492999999999999545e+02 7.941650587873549938e-02
9.503999999999999773e+02 7.850207151251147042e-02
9.516000000000000227e+02 7.478897549813970369e-02
9.527000000000000455e+02 7.285769168966158005e-02
9.538999999999999773e+02 7.021602497569616463e-02
9.550000000000000000e+02 6.780949415846924955e-02
9.562000000000000455e+02 6.627523065125268120e-02
9.572999999999999545e+02 6.247958987891524818e-02
9.583999999999999773e+02 5.863577466134396732e-02
9.596000000000000227e+02 5.442757610079788921e-02
9.607000000000000455e+02 5.019102930420422243e-02
9.618999999999999773e+02 4.568711925575045379e-02
9.630000000000000000e+02 3.926801349175742389e-02
9.641000000000000227e+02 3.571221376738647341e-02
9.652999999999999545e+02 3.127032427579484741e-02
9.663999999999999773e+02 2.252091843256736475e-02
9.676000000000000227e+02 1.413144698368325181e-02
9.687000000000000455e+02 9.099642082919509600e-03
9.697999999999999545e+02 7.335398291334678522e-03
9.710000000000000000e+02 6.936851216640438182e-03
9.721000000000000227e+02 8.967866542497522284e-03
9.732999999999999545e+02 1.289530776365431508e-02
9.743999999999999773e+02 1.503018162572224148e-02
9.755000000000000000e+02 1.685524804057970949e-02
9.767000000000000455e+02 1.665330435758919855e-02
9.777999999999999545e+02 1.234966014127927142e-02
9.790000000000000000e+02 6.790358757843135279e-03
9.801000000000000227e+02 3.144397060041850128e-03
9.812000000000000455e+02 -2.638093452864422278e-04
9.823999999999999773e+02 -2.513766719220942095e-03
9.835000000000000000e+02 -2.105674272509268277e-03
9.846000000000000227e+02 1.104272399164045459e-03
9.857999999999999545e+02 2.333122828912594787e-03
9.868999999999999773e+02 3.207806420634205964e-03
9.881000000000000227e+02 2.769140947547636504e-03
9.892000000000000455e+02 3.797606748133385782e-03
9.893999999999999773e+02 3.904268892369282436e-03
9.902999999999999545e+02 5.804331476331764210e-03
9.905000000000000000e+02 5.859490898224632878e-03
9.915000000000000000e+02 7.226510996682739170e-03
9.917000000000000455e+02 8.338291348180371099e-03
9.926000000000000227e+02 1.106148722086006467e-02
9.927999999999999545e+02 1.444087203638231079e-02
9.937000000000000455e+02 1.514029747390828809e-02
9.940000000000000000e+02 1.103103231714632967e-02
9.948999999999999773e+02 9.987277774884109269e-03
9.951000000000000227e+02 1.291845464947854669e-02
9.960000000000000000e+02 1.905433019273964149e-02
9.962999999999999545e+02 2.566034213174927039e-02
9.971000000000000227e+02 3.318308174864188775e-02
9.973999999999999773e+02 4.002960795405804961e-02
9.982999999999999545e+02 4.880636481427630402e-02
9.986000000000000227e+02 5.814235639691099633e-02
9.993999999999999773e+02 6.462445347147263708e-02
9.997000000000000455e+02 6.619470614833242172e-02
1.000500000000000000e+03 6.845306429780018131e-02
1.000899999999999977e+03 7.188318390165332472e-02
1.001700000000000045e+03 7.296692126942735945e-02
1.002000000000000000e+03 7.184790156691778229e-02
1.002799999999999955e+03 6.824862351839659780e-02
1.003200000000000045e+03 6.300331788279801837e-02
1.003899999999999977e+03 5.658315810068814677e-02
1.004299999999999955e+03 5.173679176930140455e-02
1.005100000000000023e+03 5.061718229057255575e-02
1.005500000000000000e+03 5.375158736499875689e-02
1.006200000000000045e+03 5.878630822571445647e-02
1.006600000000000023e+03 6.501644654329880035e-02
1.007299999999999955e+03 7.021788658385108572e-02
1.007799999999999955e+03 7.316793290401482630e-02
1.008500000000000000e+03 7.607171576889107389e-02
1.008899999999999977e+03 7.492145640544765894e-02
1.009600000000000023e+03 7.428307802063346954e-02
1.010000000000000000e+03 7.409240112532615441e-02
1.010700000000000045e+03 7.792586352325006627e-02
1.011200000000000045e+03 8.389476751197792737e-02
1.011899999999999977e+03 8.582134318827402963e-02
1.012299999999999955e+03 8.870085286815543313e-02
1.013000000000000000e+03 9.019730431677835947e-02
1.013500000000000000e+03 9.142330858095568114e-02
1.014100000000000023e+03 9.469760934913770689e-02
1.014600000000000023e+03 9.344538639872082553e-02
1.015299999999999955e+03 9.244277622265545391e-02
1.015799999999999955e+03 9.309895293606057498e-02
1.016399999999999977e+03 9.649707972043167215e-02
1.016899999999999977e+03 1.012561816160526540e-01
1.017500000000000000e+03 1.042692980551792326e-01
1.018100000000000023e+03 1.093456538140618606e-01
1.018600000000000023e+03 1.132228898811256657e-01
1.019200000000000045e+03 1.169662978378683549e-01
1.019799999999999955e+03 1.199443019020357271e-01
1.020299999999999955e+03 1.174264171375741517e-01
1.020899999999999977e+03 1.147986813263654204e-01
1.021500000000000000e+03 1.150385324461830339e-01
1.022000000000000000e+03 1.177280917553746448e-01
1.022600000000000023e+03 1.233631848105618267e-01
1.023200000000000045e+03 1.294786200936692833e-01
1.023799999999999955e+03 1.351043134644649979e-01
1.024299999999999955e+03 1.381950704524592122e-01
1.024900000000000091e+03 1.408603489007044796e-01
1.025400000000000091e+03 1.413791009863015480e-01
1.026000000000000000e+03 1.398312735115355143e-01
1.026500000000000000e+03 1.359670032647496696e-01
1.027200000000000045e+03 1.320991469225305803e-01
1.027700000000000045e+03 1.303695096025144773e-01
1.028299999999999955e+03 1.289823677596692864e-01
1.028799999999999955e+03 1.300490679899223290e-01
1.029500000000000000e+03 1.297117861631749136e-01
1.029900000000000091e+03 1.303354487285365015e-01
1.030599999999999909e+03 1.337173928198092665e-01
1.031099999999999909e+03 1.366068833375631286e-01
1.031700000000000045e+03 1.374361275955354456e-01
1.032200000000000045e+03 1.358085258466718015e-01
1.032900000000000091e+03 1.334782474324061052e-01
1.033299999999999955e+03 1.313716029426349186e-01
1.034000000000000000e+03 1.320772555201354947e-01
1.034400000000000091e+03 1.346681475067692535e-01
1.035200000000000045e+03 1.340036258560702020e-01
1.035599999999999909e+03 1.367049843336062276e-01
1.036299999999999955e+03 1.405756556484665798e-01
1.036700000000000045e+03 1.425509309963019222e-01
1.037400000000000091e+03 1.421011901575364167e-01
1.037799999999999955e+03 1.416683459933525402e-01
1.038599999999999909e+03 1.399962291246137358e-01
1.038900000000000091e+03 1.409157916447811298e-01
1.039700000000000045e+03 1.451895613185461564e-01
1.040099999999999909e+03 1.495462350264205875e-01
1.040799999999999955e+03 1.513210828741745062e-01
1.041200000000000045e+03 1.556176863971480417e-01
1.042000000000000000e+03 1.584088851369773454e-01
1.042299999999999955e+03 1.600520654166170398e-01
1.043099999999999909e+03 1.591803491536977755e-01
1.043400000000000091e+03 1.589918612537082054e-01
1.044299999999999955e+03 1.556517525833478188e-01
1.044599999999999909e+03 1.541167393250401085e-01
1.045400000000000091e+03 1.486450103654623489e-01
1.045700000000000045e+03 1.448625807218052175e-01
1.046500000000000000e+03 1.430527638707057847e-01
1.046799999999999955e+03 1.443986152566120729e-01
1.047700000000000045e+03 1.463991054655268409e-01
1.047900000000000091e+03 1.498392271752309601e-01
1.048799999999999955e+03 1.533821554872908388e-01
1.049099999999999909e+03 1.563936601291442408e-01
1.049900000000000091e+03 1.522783660035905429e-01
1.050200000000000045e+03 1.491505183379642774e-01
1.051099999999999909e+03 1.402424907110205177e-01
1.051299999999999955e+03 1.320329498791255329e-01
1.052200000000000045e+03 1.255648039049177267e-01
1.052400000000000091e+03 1.208784163159821734e-01
1.053299999999999955e+03 1.147152221055359328e-01
1.053500000000000000e+03 1.131637365120868322e-01
1.054500000000000000e+03 1.136804752663789220e-01
1.054700000000000045e+03 1.142657222232121572e-01
1.055599999999999909e+03 1.116213097560654899e-01
1.055799999999999955e+03 1.081976512433162896e-01
1.056700000000000045e+03 1.021061291081471062e-01
1.056900000000000091e+03 9.856480402591052958e-02
1.057900000000000091e+03 9.491647126384800126e-02
1.058000000000000000e+03 9.007331852505014169e-02
1.059000000000000000e+03 8.484968686179061859e-02
1.059200000000000045e+03 8.408748387490930232e-02
1.060099999999999909e+03 8.042340678084881900e-02
1.060299999999999955e+03 8.051616668136904464e-02
1.061299999999999955e+03 7.812566603183233871e-02
1.061400000000000091e+03 7.083397170896249539e-02
1.062400000000000091e+03 6.221668642909720937e-02
1.062500000000000000e+03 5.648684877834240364e-02
1.063500000000000000e+03 4.837346488315499848e-02
1.063599999999999909e+03 3.984622350233839316e-02
1.064700000000000045e+03 3.501275421209230909e-02
1.064799999999999955e+03 3.159699218809684101e-02
1.065799999999999955e+03 2.853089908197979294e-02
1.065900000000000091e+03 3.001896713867190439e-02
1.066900000000000091e+03 2.961881927035333456e-02
1.067000000000000000e+03 2.471459928431194580e-02
1.068000000000000000e+03 1.896557018442149647e-02
1.068099999999999909e+03 1.581714844791276206e-02
1.069200000000000045e+03 1.208669651603127247e-02
1.070299999999999955e+03 1.023039068071043139e-02
1.070400000000000091e+03 8.703537643724874526e-03
1.071400000000000091e+03 6.919466079090919562e-03
1.071500000000000000e+03 7.135602234550277208e-03
1.072599999999999909e+03 5.660904149490070085e-03
1.073700000000000045e+03 3.838921924461959588e-03
1.074799999999999955e+03 1.094310773042598932e-03
1.075900000000000091e+03 -4.362297858274825132e-04
1.077099999999999909e+03 -2.719677163754511133e-04
1.078200000000000045e+03 6.541839861659120821e-04
1.079299999999999955e+03 3.579437303075958844e-03
1.080400000000000091e+03 6.095931623790922307e-03
1.080500000000000000e+03 8.533106888959918201e-03
1.081500000000000000e+03 1.166547194710725044e-02
1.081599999999999909e+03 1.458277067489448242e-02
1.082599999999999909e+03 1.927129061379628805e-02
1.082700000000000045e+03 2.245541387754023538e-02
1.083799999999999955e+03 2.265612492856689669e-02
1.084900000000000091e+03 2.110499368649914123e-02
1.085000000000000000e+03 1.891118223516377941e-02
1.086000000000000000e+03 1.820942055689265399e-02
1.086099999999999909e+03 1.749558493257384953e-02
1.087099999999999909e+03 1.807464022320269537e-02
1.087200000000000045e+03 1.957858585856700126e-02
1.088200000000000045e+03 2.085481693333999381e-02
1.088299999999999955e+03 2.202290923639766210e-02
1.089299999999999955e+03 2.328061855762598303e-02
1.089500000000000000e+03 2.072897524184449253e-02
1.090500000000000000e+03 1.644235136941766401e-02
1.090599999999999909e+03 1.396365164600085751e-02
1.091599999999999909e+03 1.345221333330303901e-02
1.091700000000000045e+03 1.378110983537630257e-02
1.092700000000000045e+03 1.680186324422315580e-02
1.092799999999999955e+03 1.914420426972027883e-02
1.093799999999999955e+03 2.347680128057084634e-02
1.094000000000000000e+03 2.941575236196619300e-02
1.094900000000000091e+03 3.817596571620978513e-02
1.095099999999999909e+03 4.146963922721609574e-02
1.096000000000000000e+03 4.082281484329187277e-02
1.096200000000000045e+03 4.018669601613593378e-02
1.097099999999999909e+03 3.796323229046164038e-02
1.097299999999999955e+03 3.769933556987316303e-02
1.098299999999999955e+03 3.762849568512464243e-02
1.098400000000000091e+03 3.966038629546233402e-02
1.099400000000000091e+03 4.808984320015566305e-02
1.099599999999999909e+03 5.591594538408013043e-02
1.100500000000000000e+03 6.306657455642074306e-02
1.100700000000000045e+03 6.528690183060549546e-02
1.101599999999999909e+03 6.238740541244448823e-02
1.101799999999999955e+03 5.841349496413418552e-02
1.102700000000000045e+03 5.694325665049441987e-02
1.102900000000000091e+03 5.792306934853785894e-02
1.103799999999999955e+03 6.100734487944918516e-02
1.104099999999999909e+03 6.667171265048649209e-02
1.104900000000000091e+03 7.579725596206779437e-02
1.105200000000000045e+03 8.189065683694798925e-02
1.106000000000000000e+03 8.613731619080323976e-02
1.106299999999999955e+03 8.856771629472766361e-02
1.107200000000000045e+03 8.783619495193457916e-02
1.107400000000000091e+03 8.333078582267736123e-02
1.108299999999999955e+03 7.938122117704851655e-02
1.108500000000000000e+03 7.469008075884778219e-02
1.109400000000000091e+03 7.181425160376120331e-02
1.109700000000000045e+03 6.966309725716360313e-02
1.110500000000000000e+03 6.839988602199850720e-02
1.110799999999999955e+03 6.753003888501768470e-02
1.111599999999999909e+03 7.107205512404779491e-02
1.111900000000000091e+03 7.367544682104996967e-02
1.112700000000000045e+03 7.287792015087711517e-02
1.113000000000000000e+03 6.963874963088947934e-02
1.113799999999999955e+03 6.626601435098920800e-02
1.114099999999999909e+03 6.358658941576733614e-02
1.114900000000000091e+03 6.185775847298269348e-02
1.115200000000000045e+03 6.139608104857040283e-02
1.116000000000000000e+03 5.960417226572924110e-02
1.116400000000000091e+03 5.820368228632594176e-02
1.117099999999999909e+03 6.014171222236655567e-02
1.117500000000000000e+03 5.856851337444524130e-02
1.118299999999999955e+03 5.763812872029047685e-02
1.118599999999999909e+03 5.593783270651536688e-02
1.119400000000000091e+03 5.408337095949401069e-02
1.119700000000000045e+03 5.293987917968147328e-02
1.120500000000000000e+03 5.356232482367365155e-02
1.120799999999999955e+03 5.453345268470967400e-02
1.121599999999999909e+03 5.232276159978038743e-02
1.122000000000000000e+03 4.597250738474489840e-02
1.122700000000000045e+03 4.178256202809464692e-02
1.123099999999999909e+03 3.819109811753436390e-02
1.123799999999999955e+03 3.667368660154932819e-02
1.124200000000000045e+03 3.323835676351857837e-02
1.124900000000000091e+03 2.920366467324249371e-02
1.125299999999999955e+03 2.313508550490460391e-02
1.126000000000000000e+03 2.170710372560639631e-02
1.126400000000000091e+03 2.192190962576712199e-02
1.127099999999999909e+03 2.217778270278539243e-02
1.127500000000000000e+03 2.067098426360798255e-02
1.128200000000000045e+03 2.206415991540127200e-02
1.128599999999999909e+03 2.444792391609180993e-02
1.129299999999999955e+03 2.977153050642134674e-02
1.129799999999999955e+03 3.444001429733151154e-02
1.130400000000000091e+03 3.624425207261861709e-02
1.130900000000000091e+03 3.567350397024891817e-02
1.131500000000000000e+03 3.848091443765137842e-02
1.132000000000000000e+03 3.811939844134094868e-02
1.132700000000000045e+03 3.799179684330102752e-02
1.133099999999999909e+03 3.326828806266793337e-02
1.133799999999999955e+03 2.869056846099052663e-02
1.134200000000000045e+03 2.445087104108024240e-02
1.134900000000000091e+03 2.521868130117208701e-02
1.135299999999999955e+03 2.630348163027067254e-02
1.136000000000000000e+03 2.744960477008498434e-02
1.136400000000000091e+03 2.861798697148787429e-02
1.137099999999999909e+03 3.243850787915494860e-02
1.137599999999999909e+03 3.255528949590924537e-02
1.138200000000000045e+03 3.264092364744133196e-02
1.138700000000000045e+03 3.032774024331698348e-02
1.139299999999999955e+03 2.817190875404852399e-02
1.139799999999999955e+03 2.637578289168443849e-02
1.140400000000000091e+03 2.552043904177764277e-02
1.140900000000000091e+03 2.509281652830635742e-02
1.141500000000000000e+03 2.349037379960247987e-02
1.142000000000000000e+03 2.116022970926583618e-02
1.142599999999999909e+03 2.225171719290800279e-02
1.143099999999999909e+03 2.194285097248713234e-02
1.143700000000000045e+03 2.070429994234390669e-02
1.144200000000000045e+03 1.809158836560800093e-02
1.144799999999999955e+03 1.736317668076219414e-02
1.145299999999999955e+03 1.816571127696542040e-02
1.145900000000000091e+03 1.752932478720511597e-02
1.146500000000000000e+03 1.705110401381211560e-02
1.147000000000000000e+03 1.701353782153628563e-02
1.147599999999999909e+03 1.703865823458131784e-02
1.148099999999999909e+03 2.037166128403739701e-02
1.148700000000000045e+03 2.357707289703315015e-02
1.149200000000000045e+03 2.575053787284550810e-02
1.149799999999999955e+03 2.685520395575825836e-02
1.150299999999999955e+03 2.946280029307950243e-02
1.150900000000000091e+03 2.740668542337338157e-02
1.151400000000000091e+03 2.502936744374099215e-02
1.152000000000000000e+03 2.406298599492587981e-02
1.152500000000000000e+03 2.504108598279206413e-02
1.153099999999999909e+03 2.141202589651367005e-02
1.153599999999999909e+03 1.970255758976612037e-02
1.154200000000000045e+03 1.743994700673064807e-02
1.154700000000000045e+03 1.896181536893721403e-02
1.155299999999999955e+03 2.127360991051428438e-02
1.155799999999999955e+03 2.347572992154364768e-02
1.156400000000000091e+03 2.538582998711307395e-02
1.156900000000000091e+03 3.036707501215702570e-02
1.157500000000000000e+03 3.528646188176132181e-02
1.158000000000000000e+03 3.724360286140832726e-02
1.158700000000000045e+03 3.286504850400612243e-02
1.159099999999999909e+03 3.078722520249616706e-02
1.159799999999999955e+03 2.509122094223095387e-02
1.160200000000000045e+03 2.265552408000662959e-02
1.160900000000000091e+03 2.027336156226832581e-02
1.161299999999999955e+03 2.057536345021538857e-02
1.162000000000000000e+03 2.165850910060688334e-02
1.162400000000000091e+03 2.283042700907855424e-02
1.163099999999999909e+03 2.177720482925855558e-02
1.163500000000000000e+03 2.169351398001232237e-02
1.164200000000000045e+03 2.331395356269983996e-02
1.164599999999999909e+03 2.670166871572016154e-02
1.165299999999999955e+03 2.814965984318927583e-02
1.165700000000000045e+03 2.949972102574246677e-02
1.166400000000000091e+03 2.920383581715008808e-02
1.166799999999999955e+03 2.973881090309327124e-02
1.167500000000000000e+03 2.481601090625065037e-02
1.167900000000000091e+03 2.033889665561633073e-02
1.168599999999999909e+03 1.820175359262566489e-02
1.169000000000000000e+03 2.230685333997301303e-02
1.169700000000000045e+03 2.930210563513705596e-02
1.170099999999999909e+03 3.713050960005142426e-02
1.170799999999999955e+03 4.128684221124446357e-02
1.171200000000000045e+03 4.176690183748054536e-02
1.171900000000000091e+03 4.316239038595823252e-02
1.172299999999999955e+03 3.960879286499770224e-02
1.173000000000000000e+03 3.086252892614828325e-02
1.173400000000000091e+03 2.829632398370816176e-02
1.174099999999999909e+03 3.088355182546315483e-02
1.174500000000000000e+03 3.526493739671771044e-02
1.175200000000000045e+03 4.233899330952254486e-02
1.175599999999999909e+03 4.956953818739961992e-02
1.176299999999999955e+03 5.146442374417374566e-02
1.176700000000000045e+03 5.312504420655952270e-02
1.177400000000000091e+03 5.544886345628488589e-02
1.177799999999999955e+03 5.093734600124169565e-02
1.178500000000000000e+03 4.641412833798839316e-02
1.178900000000000091e+03 4.954748107266290086e-02
1.179599999999999909e+03 5.271859299707006008e-02
1.180000000000000000e+03 5.321079876302755446e-02
1.180799999999999955e+03 5.591474506439744752e-02
1.181099999999999909e+03 5.714942670176238748e-02
1.181900000000000091e+03 5.629253031213256320e-02
1.182200000000000045e+03 5.556760419802433959e-02
1.183000000000000000e+03 5.316608175699408245e-02
1.183299999999999955e+03 4.827331887241886194e-02
1.184099999999999909e+03 4.506139956800397917e-02
1.184400000000000091e+03 4.907848298378119506e-02
1.185200000000000045e+03 5.036720837614724888e-02
1.185500000000000000e+03 5.244229856286677233e-02
1.186299999999999955e+03 5.596442784459405156e-02
1.186599999999999909e+03 5.935209404617650120e-02
1.187400000000000091e+03 5.925590480382045278e-02
1.187700000000000045e+03 5.575731582938402153e-02
1.188500000000000000e+03 4.943307633631865289e-02
1.188799999999999955e+03 4.154744866258679170e-02
1.189599999999999909e+03 3.623727554652150795e-02
1.189900000000000091e+03 3.424457885842400323e-02
1.190700000000000045e+03 2.844813424942257626e-02
1.191000000000000000e+03 2.653012991329691678e-02
1.191799999999999955e+03 2.422554761346046651e-02
1.192099999999999909e+03 2.055486104248511331e-02
1.192900000000000091e+03 1.596846959509665848e-02
1.193200000000000045e+03 1.362704301950692226e-02
1.194000000000000000e+03 1.533005764966235626e-02
1.194299999999999955e+03 1.869122836143960117e-02
1.195099999999999909e+03 2.249848666671221131e-02
1.195400000000000091e+03 2.691725641742842914e-02
1.196200000000000045e+03 2.817876943197329676e-02
1.196400000000000091e+03 2.938567729026874548e-02
1.197299999999999955e+03 2.577772043457611517e-02
1.197500000000000000e+03 1.927783211424021967e-02
1.198400000000000091e+03 1.410842977866856585e-02
1.198599999999999909e+03 1.058390573307993639e-02
1.199500000000000000e+03 1.009488376168720010e-02
1.199700000000000045e+03 1.142341012016510893e-02
1.200599999999999909e+03 9.625918655761143972e-03
1.200799999999999955e+03 1.028587417905079716e-02
1.201599999999999909e+03 8.903672410004427606e-03
1.201900000000000091e+03 1.128285263922218160e-02
1.202700000000000045e+03 1.252663823142796326e-02
1.203000000000000000e+03 1.433342838032695792e-02
1.203799999999999955e+03 1.537242804425434026e-02
1.204099999999999909e+03 1.712180091051705016e-02
1.204900000000000091e+03 2.267766091800667988e-02
1.205200000000000045e+03 3.081021903099103593e-02
1.206000000000000000e+03 3.369693523515550349e-02
1.206299999999999955e+03 3.398658843666285678e-02
1.207099999999999909e+03 2.968234354388085000e-02
1.207400000000000091e+03 3.004605635891256787e-02
1.208200000000000045e+03 3.043374173046209039e-02
1.208500000000000000e+03 3.134038431691021920e-02
1.209299999999999955e+03 3.174700019209478891e-02
1.209599999999999909e+03 3.187517627473385184e-02
1.210400000000000091e+03 3.532256177125427110e-02
1.210599999999999909e+03 3.822452359126606025e-02
1.211500000000000000e+03 3.910412021660585741e-02
1.211700000000000045e+03 3.662060349714867102e-02
1.212599999999999909e+03 3.073284077719593693e-02
1.212799999999999955e+03 2.912280684339457748e-02
1.213700000000000045e+03 2.765426535118387791e-02
1.213900000000000091e+03 2.915878963093929827e-02
1.214799999999999955e+03 3.107409587938841922e-02
1.215000000000000000e+03 2.890250348699264366e-02
1.215900000000000091e+03 2.879054972059468670e-02
1.216099999999999909e+03 2.928607357175027834e-02
1.217000000000000000e+03 2.972306548801271001e-02
1.217200000000000045e+03 2.878040146068928246e-02
1.218099999999999909e+03 3.048550812750664557e-02
1.218299999999999955e+03 3.519938191796394972e-02
1.219200000000000045e+03 3.849974752360574293e-02
1.219400000000000091e+03 4.250412993017937957e-02
1.220299999999999955e+03 4.259850641038327723e-02
1.220500000000000000e+03 3.870727823978833276e-02
1.221400000000000091e+03 3.859135429434798481e-02
1.221500000000000000e+03 3.947972341382748052e-02
1.222500000000000000e+03 3.555064300236709246e-02
1.222599999999999909e+03 3.223069437485353433e-02
1.223500000000000000e+03 3.339317948959349969e-02
1.223700000000000045e+03 3.353086530098964985e-02
1.224599999999999909e+03 3.332866013222519214e-02
1.224799999999999955e+03 3.090537611258253187e-02
1.225700000000000045e+03 2.755844123374344770e-02
1.225900000000000091e+03 2.432829011299478955e-02
1.226799999999999955e+03 2.230484362661317235e-02
1.227000000000000000e+03 2.266824522414263160e-02
1.227900000000000091e+03 2.009236795295906916e-02
1.228099999999999909e+03 2.040965313312718618e-02
1.229000000000000000e+03 2.640259117335339023e-02
1.229200000000000045e+03 3.457680028614424500e-02
1.230099999999999909e+03 4.255543909339377928e-02
1.230299999999999955e+03 4.627809407784255064e-02
1.231200000000000045e+03 4.762307829315568647e-02
1.231299999999999955e+03 4.643638427669556645e-02
1.232299999999999955e+03 4.263666872971349359e-02
1.232400000000000091e+03 4.117332501411290896e-02
1.233400000000000091e+03 3.929511468159151144e-02
1.233500000000000000e+03 3.833114578828895891e-02
1.234500000000000000e+03 4.105634693095226717e-02
1.234599999999999909e+03 4.448018065486150641e-02
1.235500000000000000e+03 4.753787963432982988e-02
1.235700000000000045e+03 4.724095000264032229e-02
1.236599999999999909e+03 4.487707841413312443e-02
1.236799999999999955e+03 4.282962684573433931e-02
1.237700000000000045e+03 4.022629689835052758e-02
1.237900000000000091e+03 4.129308443821336216e-02
1.238799999999999955e+03 4.217402885533269585e-02
1.238900000000000091e+03 4.110240812427204404e-02
1.239900000000000091e+03 4.010766732777394650e-02
1.240000000000000000e+03 4.107493725065916590e-02
1.241000000000000000e+03 4.100285361620996383e-02
1.241099999999999909e+03 3.965357169124532344e-02
1.242099999999999909e+03 3.789242285723435494e-02
1.242200000000000045e+03 3.412623430031408445e-02
1.243200000000000045e+03 3.092892351873085394e-02
1.243299999999999955e+03 2.988303839098290643e-02
1.244299999999999955e+03 2.860343185987308454e-02
1.244400000000000091e+03 2.840830954358092991e-02
1.245299999999999955e+03 2.808703540947185551e-02
1.245500000000000000e+03 2.813086698269547797e-02
1.246400000000000091e+03 2.542511293486943505e-02
1.246500000000000000e+03 2.362309154887094753e-02
1.247500000000000000e+03 2.352276719906222502e-02
1.247599999999999909e+03 2.266821666333553378e-02
1.248599999999999909e+03 2.149486409263342071e-02
1.248700000000000045e+03 2.028857889679123311e-02
1.249700000000000045e+03 2.032719192626613811e-02
1.249799999999999955e+03 1.725303270270478126e-02
1.250799999999999955e+03 1.582973959265695715e-02
1.250900000000000091e+03 1.429193304312553932e-02
1.251900000000000091e+03 1.510991886211619784e-02
1.252000000000000000e+03 1.483224589880044464e-02
1.252900000000000091e+03 1.796830085257421564e-02
1.253000000000000000e+03 2.147788325970601681e-02
1.254000000000000000e+03 2.392064674209057329e-02
1.254099999999999909e+03 2.667263767451134165e-02
1.255099999999999909e+03 2.921164470434349514e-02
1.255200000000000045e+03 2.761161608853431038e-02
1.256200000000000045e+03 3.189742961691791057e-02
1.256299999999999955e+03 3.342469117735089035e-02
1.257299999999999955e+03 3.077767092082523553e-02
1.257400000000000091e+03 2.694513734749818049e-02
1.258400000000000091e+03 2.364216255942198225e-02
1.258500000000000000e+03 2.181269294673232953e-02
1.259500000000000000e+03 2.003844251527420184e-02
1.260500000000000000e+03 1.897643003841057580e-02
1.260599999999999909e+03 1.895393951183858838e-02
1.261599999999999909e+03 2.260463903036880398e-02
1.261700000000000045e+03 2.843163135765941485e-02
1.262700000000000045e+03 2.923886806449284975e-02
1.262799999999999955e+03 2.867382365588127396e-02
1.263799999999999955e+03 3.338555823371281567e-02
1.263900000000000091e+03 3.207173905905193884e-02
1.264900000000000091e+03 2.916204565644098246e-02
1.266000000000000000e+03 2.348186031254087883e-02
1.267000000000000000e+03 2.086581182113425234e-02
1.267099999999999909e+03 1.792103985740594110e-02
1.268099999999999909e+03 1.938620819673061990e-02
1.268200000000000045e+03 2.013898637801283739e-02
1.269200000000000045e+03 2.046052955926043818e-02
1.269299999999999955e+03 2.390728621660304434e-02
1.270299999999999955e+03 3.094717994944664111e-02
1.271400000000000091e+03 3.196264896539362937e-02
1.272400000000000091e+03 3.352811906585767554e-02
1.272500000000000000e+03 3.487968366985182145e-02
1.273500000000000000e+03 3.811661475326044712e-02
1.273599999999999909e+03 3.811271137755625760e-02
1.274599999999999909e+03 3.767153398067825398e-02
1.274700000000000045e+03 3.669391773396286222e-02
1.275700000000000045e+03 3.634352903937552309e-02
1.276799999999999955e+03 3.531918688930121147e-02
1.277799999999999955e+03 3.765908062713634041e-02
1.277900000000000091e+03 3.609403204578302826e-02
1.278900000000000091e+03 3.438349599187541517e-02
1.279000000000000000e+03 3.522711899826915655e-02
1.280000000000000000e+03 4.064601277000880197e-02
1.280099999999999909e+03 4.466451027023610187e-02
1.281099999999999909e+03 5.341534466751639287e-02
1.282200000000000045e+03 6.142812378531028322e-02
1.283200000000000045e+03 6.682636356413895751e-02
1.283299999999999955e+03 6.735013322437843897e-02
1.284299999999999955e+03 6.822897607952455035e-02
1.284400000000000091e+03 7.001180293029435342e-02
1.285400000000000091e+03 6.828572804568866506e-02
1.286500000000000000e+03 7.058453768170815101e-02
1.287599999999999909e+03 7.669036353578627396e-02
1.288599999999999909e+03 7.906401951658888205e-02
1.288700000000000045e+03 8.263558059916283061e-02
1.289700000000000045e+03 8.048048283009584525e-02
1.290799999999999955e+03 7.673977102831816555e-02
1.291900000000000091e+03 7.317815052131325382e-02
1.292900000000000091e+03 7.098766037446679888e-02
1.293000000000000000e+03 7.252001266197175000e-02
1.294000000000000000e+03 7.041514798555503774e-02
1.295099999999999909e+03 7.805621498956683002e-02
1.296200000000000045e+03 8.462911530424403750e-02
1.297200000000000045e+03 8.941378967195529048e-02
1.297299999999999955e+03 9.349624029011732729e-02
1.298299999999999955e+03 1.027506164814584039e-01
1.298400000000000091e+03 1.083582935570424760e-01
1.299400000000000091e+03 1.084984419836254044e-01
1.300500000000000000e+03 1.060719017059883057e-01
1.301500000000000000e+03 1.036290451864302353e-01
1.301599999999999909e+03 1.070475198153915120e-01
1.302599999999999909e+03 1.136114090291108214e-01
1.303700000000000045e+03 1.168224185697512019e-01
1.304799999999999955e+03 1.229456444380375157e-01
1.305799999999999955e+03 1.290608696945180212e-01
1.305900000000000091e+03 1.401890599568810236e-01
1.306900000000000091e+03 1.424994316341326450e-01
1.308000000000000000e+03 1.388580815042541328e-01
1.309099999999999909e+03 1.369939544699048661e-01
1.310099999999999909e+03 1.353169551810973481e-01
1.310200000000000045e+03 1.339901797940090677e-01
1.311200000000000045e+03 1.288110273391140370e-01
1.312299999999999955e+03 1.247371624282652969e-01
1.313299999999999955e+03 1.219794036539685878e-01
1.314400000000000091e+03 1.162590784622166695e-01
1.315500000000000000e+03 1.120983407060560932e-01
1.316599999999999909e+03 1.088819079921804350e-01
1.317599999999999909e+03 1.063775188456889398e-01
1.318700000000000045e+03 1.063079555712057589e-01
1.319799999999999955e+03 1.061979578031906624e-01
1.320799999999999955e+03 1.023735542806762933e-01
1.321900000000000091e+03 1.001158928188356501e-01
1.323000000000000000e+03 9.769347405747155766e-02
1.324000000000000000e+03 9.564510311708199208e-02
1.325099999999999909e+03 9.162101862770555272e-02
1.326200000000000045e+03 8.774769363993302485e-02
1.327299999999999955e+03 8.759388429640500850e-02
1.328299999999999955e+03 8.753951234507842405e-02
1.329400000000000091e+03 8.550613180244716338e-02
1.330500000000000000e+03 8.299551197406176972e-02
1.331500000000000000e+03 7.687608553237862408e-02
1.332599999999999909e+03 6.995642753331539343e-02
1.333700000000000045e+03 6.253302423829365519e-02
1.334700000000000045e+03 5.577305552276259903e-02
1.335799999999999955e+03 5.247978992266522091e-02
1.336900000000000091e+03 4.751974268875214236e-02
1.337900000000000091e+03 4.624229646986523917e-02
1.339000000000000000e+03 4.569165512157077891e-02
1.340099999999999909e+03 4.691230885804656414e-02
1.341099999999999909e+03 4.654429817323599283e-02
1.342200000000000045e+03 4.492976089553768482e-02
1.343299999999999955e+03 4.415699296303163268e-02
1.344299999999999955e+03 4.636725985248279364e-02
1.345400000000000091e+03 4.765478553463797784e-02
1.346400000000000091e+03 4.813585193580041666e-02
1.347500000000000000e+03 4.564918019729714144e-02
1.348599999999999909e+03 4.666235259568971006e-02
1.349599999999999909e+03 4.732751611978486261e-02
1.350700000000000045e+03 5.053391879651236707e-02
1.351799999999999955e+03 5.039764400030795344e-02
1.352799999999999955e+03 4.891348128557099911e-02
1.353900000000000091e+03 5.073529534646203931e-02
1.355000000000000000e+03 5.322415292059433367e-02
1.356000000000000000e+03 5.419982668070082166e-02
1.357099999999999909e+03 4.762323103882339786e-02
1.358099999999999909e+03 3.854761412048755831e-02
1.359200000000000045e+03 3.206236728628171495e-02
1.360299999999999955e+03 2.823270320516895263e-02
1.361299999999999955e+03 2.995353030984187342e-02
1.362400000000000091e+03 3.415842128654864029e-02
1.363400000000000091e+03 3.780787834824834298e-02
1.364500000000000000e+03 4.549222647305588979e-02
1.365599999999999909e+03 5.222728092221683160e-02
1.366599999999999909e+03 5.823551539949388400e-02
1.367700000000000045e+03 5.993904132058713863e-02
1.368700000000000045e+03 6.016340485818447159e-02
1.369799999999999955e+03 6.198022256905767052e-02
1.370900000000000091e+03 6.594800358885333225e-02
1.371900000000000091e+03 7.315655987556771156e-02
1.373000000000000000e+03 7.945058448683338381e-02
1.374000000000000000e+03 8.015336716680182549e-02
1.375099999999999909e+03 7.798887610032731454e-02
1.376200000000000045e+03 7.353303534903693484e-02
1.377200000000000045e+03 6.710279542867930713e-02
1.378299999999999955e+03 6.095946969129928394e-02
1.379299999999999955e+03 5.937521969197948057e-02
1.380400000000000091e+03 6.090487570035607590e-02
1.381400000000000091e+03 6.305144946653509774e-02
1.382500000000000000e+03 6.645808736154083796e-02
1.383599999999999909e+03 6.946506982561181931e-02
1.384599999999999909e+03 7.211752860083867067e-02
1.385700000000000045e+03 7.225703976148062369e-02
1.386700000000000045e+03 6.952100811337366681e-02
1.387799999999999955e+03 6.257788242030426495e-02
1.388799999999999955e+03 5.940352203794939390e-02
1.389900000000000091e+03 6.197865909470346574e-02
1.390900000000000091e+03 6.401981896419585427e-02
1.392000000000000000e+03 6.711237469291990443e-02
1.393000000000000000e+03 6.855596552762564799e-02
1.394099999999999909e+03 6.866392462143595943e-02
1.395200000000000045e+03 6.755805228503657112e-02
1.396200000000000045e+03 6.602514942980797219e-02
1.397299999999999955e+03 6.330344173870570967e-02
1.398299999999999955e+03 6.711632748706629348e-02
1.399400000000000091e+03 7.580020307340794294e-02
1.400400000000000091e+03 8.682027065216751938e-02
1.401500000000000000e+03 1.003396287357272709e-01
1.402500000000000000e+03 1.172249278288914898e-01
1.403599999999999909e+03 1.288153037878985441e-01
1.404599999999999909e+03 1.350052438921336417e-01
1.405700000000000045e+03 1.408269564748878822e-01
1.406700000000000045e+03 1.472599120409184836e-01
1.407799999999999955e+03 1.521679782405056802e-01
1.408799999999999955e+03 1.581812751391682148e-01
1.409900000000000091e+03 1.647851126898502439e-01
1.410900000000000091e+03 1.766668958115115151e-01
1.412000000000000000e+03 1.868505482424163144e-01
1.413000000000000000e+03 1.926117520944964356e-01
1.414099999999999909e+03 1.945165487164692841e-01
1.415099999999999909e+03 1.923642741779178489e-01
1.416200000000000045e+03 1.876720426919925577e-01
1.417200000000000045e+03 1.796224590694752987e-01
1.418299999999999955e+03 1.673549340049903522e-01
1.419299999999999955e+03 1.540496314366832653e-01
1.420400000000000091e+03 1.442105330769120619e-01
1.421400000000000091e+03 1.392760865768283840e-01
1.422500000000000000e+03 1.336399701058081924e-01
1.423500000000000000e+03 1.305350917253674525e-01
1.424599999999999909e+03 1.321456385627690078e-01
1.425599999999999909e+03 1.287478940058560950e-01
1.426599999999999909e+03 1.241622248604003359e-01
1.427700000000000045e+03 1.190637113149612125e-01
1.428700000000000045e+03 1.133525091705518961e-01
1.429799999999999955e+03 1.077091682171331388e-01
1.430799999999999955e+03 1.002464909586959774e-01
1.431900000000000091e+03 9.305274050577402867e-02
1.432900000000000091e+03 8.786446471664935420e-02
1.434000000000000000e+03 8.628726763172767100e-02
1.435000000000000000e+03 8.257837789526933925e-02
1.436099999999999909e+03 7.320654996745358523e-02
1.437099999999999909e+03 6.765756335322081760e-02
1.438099999999999909e+03 6.569965329558699607e-02
1.439200000000000045e+03 6.611584880494779382e-02
1.440200000000000045e+03 6.593178865497251184e-02
1.441299999999999955e+03 6.502221193605856042e-02
1.442299999999999955e+03 6.071245261342224364e-02
1.443400000000000091e+03 5.640129213868874669e-02
1.444400000000000091e+03 5.091843218008309385e-02
1.445400000000000091e+03 4.512696112446543117e-02
1.446500000000000000e+03 3.837950807280609417e-02
1.447500000000000000e+03 3.536455914531363987e-02
1.448599999999999909e+03 3.583990273992172793e-02
1.449599999999999909e+03 3.585000695350350902e-02
1.450700000000000045e+03 4.171640389840684804e-02
1.451700000000000045e+03 4.707267851528160185e-02
1.452700000000000045e+03 4.679033645680513720e-02
1.453799999999999955e+03 4.777551078177923183e-02
1.454799999999999955e+03 4.902252957296503871e-02
1.455900000000000091e+03 4.961302980893218112e-02
1.456900000000000091e+03 4.555468684839431015e-02
1.457900000000000091e+03 4.026789420521340035e-02
1.459000000000000000e+03 3.708861880402011119e-02
1.460000000000000000e+03 3.642181747689961918e-02
1.461099999999999909e+03 4.232844460181715840e-02
1.462099999999999909e+03 4.523321568417849187e-02
1.463099999999999909e+03 4.630925884031799472e-02
1.464200000000000045e+03 4.578060535794113706e-02
1.465200000000000045e+03 4.283128450787650199e-02
1.466200000000000045e+03 3.742817945578826716e-02
1.467299999999999955e+03 3.136946473419845172e-02
1.468299999999999955e+03 2.744030273021734467e-02
1.469400000000000091e+03 2.307140700706100667e-02
1.470400000000000091e+03 1.819645482158087704e-02
1.471400000000000091e+03 1.555776339856792742e-02
1.472500000000000000e+03 1.422133173985864335e-02
1.473500000000000000e+03 1.382712655989259617e-02
1.474500000000000000e+03 1.048938731368958925e-02
1.475599999999999909e+03 7.645880300091960693e-03
1.476599999999999909e+03 7.401996797899230290e-03
1.477599999999999909e+03 1.269664162467392526e-02
1.478700000000000045e+03 1.692054616300132930e-02
1.479700000000000045e+03 1.505538720196062524e-02
1.480799999999999955e+03 1.280415639538127690e-02
1.481799999999999955e+03 1.357611806867478968e-02
1.482799999999999955e+03 1.558342723907720981e-02
1.483900000000000091e+03 1.719259525002211214e-02
1.484900000000000091e+03 1.894336698139453129e-02
1.485900000000000091e+03 1.675653468955168660e-02
1.487000000000000000e+03 1.635229220207352549e-02
1.488000000000000000e+03 1.686120979275972792e-02
1.489000000000000000e+03 1.341137546434927053e-02
1.490099999999999909e+03 1.002125046529988954e-02
1.491099999999999909e+03 6.971487626699916090e-03
1.492099999999999909e+03 5.926488629067887780e-03
1.493200000000000045e+03 7.721313761432255403e-03
1.494200000000000045e+03 9.967072471311719251e-03
1.495200000000000045e+03 1.637562978003825193e-02
1.496200000000000045e+03 2.238224734808448579e-02
1.497299999999999955e+03 2.781960353126417679e-02
1.498299999999999955e+03 3.002502394305563496e-02
1.499299999999999955e+03 2.887792327698671807e-02
1.500400000000000091e+03 3.074742942780010063e-02
1.501400000000000091e+03 3.103333631047085206e-02
1.502400000000000091e+03 2.851077190893480662e-02
1.503500000000000000e+03 2.814371401983440518e-02
1.504500000000000000e+03 2.350080962985925948e-02
1.505500000000000000e+03 2.063719484660487755e-02
1.506500000000000000e+03 1.803409886326854533e-02
1.507599999999999909e+03 1.624162012532484253e-02
1.508599999999999909e+03 1.574042887145033279e-02
1.509599999999999909e+03 1.300902235103351678e-02
1.510700000000000045e+03 1.436278823479371358e-02
1.511700000000000045e+03 1.563023018717602311e-02
1.512700000000000045e+03 1.577432604480164327e-02
1.513700000000000045e+03 1.635902251725207882e-02
1.514799999999999955e+03 1.466379696811397938e-02
1.515799999999999955e+03 1.152246171560779991e-02
1.516799999999999955e+03 1.132784396378781581e-02
1.517900000000000091e+03 1.328985576602143004e-02
1.518900000000000091e+03 1.281773455631060078e-02
1.519900000000000091e+03 9.405887399495490436e-03
1.520900000000000091e+03 9.021313843843314223e-03
1.522000000000000000e+03 7.831346034508858758e-03
1.523000000000000000e+03 7.477207449843517942e-03
1.524000000000000000e+03 8.486181339775624929e-03
1.525000000000000000e+03 1.249853921179420319e-02
1.526099999999999909e+03 1.714522540403103090e-02
1.527099999999999909e+03 2.446773819621621271e-02
1.528099999999999909e+03 2.801793936050835793e-02
1.529099999999999909e+03 2.892410507303102771e-02
1.530200000000000045e+03 3.028132770609447827e-02
1.531200000000000045e+03 3.023427158086919309e-02
1.532200000000000045e+03 2.627509949490552943e-02
1.533200000000000045e+03 2.243027446771174438e-02
1.534299999999999955e+03 2.046608105725203353e-02
1.535299999999999955e+03 2.005873476131252511e-02
1.536299999999999955e+03 2.262974318537724558e-02
1.537299999999999955e+03 2.483622090668004961e-02
1.538299999999999955e+03 2.878639172778343219e-02
1.539400000000000091e+03 3.253235265033056767e-02
1.540400000000000091e+03 3.386097140023243413e-02
1.541400000000000091e+03 3.170015441500399767e-02
1.542400000000000091e+03 2.823249268439862250e-02
1.543500000000000000e+03 2.512005289213881110e-02
1.544500000000000000e+03 2.373061410482624201e-02
1.545500000000000000e+03 2.402215548751671093e-02
1.546500000000000000e+03 2.780635221770220988e-02
1.547500000000000000e+03 2.967294250479743725e-02
1.548599999999999909e+03 3.611321425696116527e-02
1.549599999999999909e+03 4.216088592092959164e-02
1.550599999999999909e+03 4.567154380058065233e-02
1.551599999999999909e+03 4.669373266118388710e-02
1.552599999999999909e+03 4.766122324961673956e-02
1.553700000000000045e+03 4.610688503407350120e-02
1.554700000000000045e+03 4.570536876944517046e-02
1.555700000000000045e+03 4.696237428648634971e-02
1.556700000000000045e+03 4.872107379357375895e-02
1.557700000000000045e+03 5.049897773885123758e-02
1.558700000000000045e+03 5.292489988539872403e-02
1.559799999999999955e+03 5.665307471208760881e-02
1.560799999999999955e+03 5.878083078766827008e-02
1.561799999999999955e+03 6.147199199319679230e-02
1.562799999999999955e+03 6.735225410858561301e-02
1.563799999999999955e+03 7.134418877164391826e-02
1.564900000000000091e+03 7.693559431354657363e-02
1.565900000000000091e+03 8.561820634967931554e-02
1.566900000000000091e+03 9.961333950318823627e-02
1.567900000000000091e+03 1.127491311341795449e-01
1.568900000000000091e+03 1.199329222894070790e-01
1.569900000000000091e+03 1.264091268984259830e-01
1.570900000000000091e+03 1.287115986255454037e-01
1.572000000000000000e+03 1.283550908184881989e-01
1.573000000000000000e+03 1.283218988410549377e-01
1.574000000000000000e+03 1.222855527981257101e-01
1.575000000000000000e+03 1.176909501490629728e-01
1.576000000000000000e+03 1.183730321516327788e-01
1.577000000000000000e+03 1.241668400014811213e-01
1.578000000000000000e+03 1.278203378964681003e-01
1.579099999999999909e+03 1.326508564287383618e-01
1.580099999999999909e+03 1.434956809174380565e-01
1.581099999999999909e+03 1.510754324107711766e-01
1.582099999999999909e+03 1.575417229616903336e-01
1.583099999999999909e+03 1.664692838865413083e-01
1.584099999999999909e+03 1.705662159681963497e-01
1.585099999999999909e+03 1.736940959611733559e-01
1.586200000000000045e+03 1.788111895079514957e-01
1.587200000000000045e+03 1.815809606126577436e-01
1.588200000000000045e+03 1.821130920455713564e-01
1.589200000000000045e+03 1.839518816403269419e-01
1.590200000000000045e+03 1.889926050427639392e-01
1.591200000000000045e+03 1.872976023501877474e-01
1.592200000000000045e+03 1.861986979698125322e-01
1.593200000000000045e+03 1.906323722803900944e-01
1.594200000000000045e+03 1.942272229828995722e-01
1.595299999999999955e+03 1.983740114533253940e-01
1.596299999999999955e+03 2.052199921183207043e-01
1.597299999999999955e+03 2.056986374356666591e-01
1.598299999999999955e+03 2.049234818956622295e-01
1.599299999999999955e+03 2.030601700919618113e-01
1.600299999999999955e+03 2.007117606170821800e-01
1.601299999999999955e+03 1.942949819373951947e-01
1.602299999999999955e+03 1.882626983583099434e-01
1.603299999999999955e+03 1.871007534210268608e-01
1.604299999999999955e+03 1.893797639595745930e-01
1.605299999999999955e+03 1.986824347968723370e-01
1.606400000000000091e+03 2.056756842509159244e-01
1.607400000000000091e+03 2.078176216682713906e-01
1.608400000000000091e+03 2.084300046660249317e-01
1.609400000000000091e+03 2.065129090982811555e-01
1.610400000000000091e+03 2.039635249563870045e-01
1.611400000000000091e+03 1.993097140573342196e-01
1.612400000000000091e+03 1.937356231971187892e-01
1.613400000000000091e+03 1.866888233970411815e-01
1.614400000000000091e+03 1.783763985567113075e-01
1.615400000000000091e+03 1.712694562408571819e-01
1.616400000000000091e+03 1.619330213995807122e-01
1.617400000000000091e+03 1.539431255947920074e-01
1.618400000000000091e+03 1.471762776817865381e-01
1.619400000000000091e+03 1.385115785957270751e-01
1.620400000000000091e+03 1.286783518296534812e-01
1.621400000000000091e+03 1.226186066570305322e-01
1.622500000000000000e+03 1.193557324165052530e-01
1.623500000000000000e+03 1.130355788754107416e-01
1.624500000000000000e+03 1.063416868490954653e-01
1.625500000000000000e+03 1.001972221633372351e-01
1.626500000000000000e+03 9.708427956878809550e-02
1.627500000000000000e+03 9.470193624940841104e-02
1.628500000000000000e+03 9.312750742426656458e-02
1.629500000000000000e+03 8.795377319127450910e-02
1.630500000000000000e+03 8.128026256965355245e-02
1.631500000000000000e+03 7.998898854979978601e-02
1.632500000000000000e+03 7.641359184791500503e-02
1.633500000000000000e+03 7.238989373443113773e-02
1.634500000000000000e+03 7.013635692615546868e-02
1.635500000000000000e+03 6.779204085763745891e-02
1.636500000000000000e+03 6.689660603365203684e-02
1.637500000000000000e+03 6.041094324712324715e-02
1.638500000000000000e+03 5.467396720787896791e-02
1.639500000000000000e+03 4.913496625072270862e-02
1.640500000000000000e+03 4.493706842529099355e-02
1.641500000000000000e+03 4.417812844818649887e-02
1.642500000000000000e+03 4.091093749782143824e-02
1.643500000000000000e+03 3.856638336427466174e-02
1.644500000000000000e+03 4.105163011435566944e-02
1.645500000000000000e+03 4.333240658038359228e-02
1.646500000000000000e+03 4.301669201048322067e-02
1.647500000000000000e+03 3.669501032804513979e-02
1.648500000000000000e+03 3.014794836962260416e-02
1.649500000000000000e+03 2.389352908154209615e-02
1.650500000000000000e+03 1.968095044918526104e-02
1.651500000000000000e+03 1.713791956703050734e-02
1.652500000000000000e+03 1.471856356437621291e-02
1.653500000000000000e+03 1.542502811355802445e-02
1.654500000000000000e+03 2.255488796812189431e-02
1.655500000000000000e+03 2.903751817323518142e-02
1.656500000000000000e+03 3.283487827896228867e-02
1.657500000000000000e+03 3.389920533197518515e-02
1.658500000000000000e+03 3.063061992080938489e-02
1.659500000000000000e+03 2.650531700673079000e-02
1.660500000000000000e+03 2.380998335629168350e-02
1.661500000000000000e+03 1.751324610948318608e-02
1.662500000000000000e+03 1.202963264623504655e-02
1.663500000000000000e+03 1.222534428645839083e-02
1.664500000000000000e+03 1.560880011666285205e-02
1.665500000000000000e+03 1.809533765232269886e-02
1.666400000000000091e+03 1.968077530627404537e-02
1.667400000000000091e+03 2.109750134275884675e-02
1.668400000000000091e+03 2.072627261838092677e-02
1.669400000000000091e+03 2.197556442268121246e-02
1.670400000000000091e+03 2.425367747446965927e-02
1.671400000000000091e+03 2.091370444502954618e-02
1.672400000000000091e+03 1.703295587786474510e-02
1.673400000000000091e+03 1.473790675669006504e-02
1.674400000000000091e+03 1.298224786118579686e-02
1.675400000000000091e+03 9.653359944860044617e-03
1.676400000000000091e+03 6.194691025090355574e-03
1.677400000000000091e+03 6.255500562526124415e-03
1.678400000000000091e+03 1.108676575778979982e-02
1.679400000000000091e+03 1.603648317002904708e-02
1.680400000000000091e+03 1.800907704412283220e-02
1.681400000000000091e+03 1.723283178399195870e-02
1.682299999999999955e+03 1.456399385740761963e-02
1.683299999999999955e+03 1.313290787334929315e-02
1.684299999999999955e+03 1.157119606014544652e-02
1.685299999999999955e+03 6.773336142262974431e-03
1.686299999999999955e+03 1.872199157492535678e-03
1.687299999999999955e+03 1.365165152145514284e-03
1.688299999999999955e+03 3.589022770412829758e-03
1.689299999999999955e+03 3.553259533993231162e-03
1.690299999999999955e+03 4.129148717703568471e-03
1.691299999999999955e+03 8.645742013670493220e-03
1.692299999999999955e+03 1.190397569844939621e-02
1.693200000000000045e+03 1.758632690351894651e-02
1.694200000000000045e+03 1.970225969825818019e-02
1.695200000000000045e+03 2.002494902022209158e-02
1.696200000000000045e+03 1.989473870969164088e-02
1.697200000000000045e+03 1.985543841888852412e-02
1.698200000000000045e+03 2.043116304677943668e-02
1.699200000000000045e+03 2.113773911568191111e-02
1.700200000000000045e+03 2.191091102056239720e-02
1.701200000000000045e+03 3.090058871583718086e-02
1.702099999999999909e+03 3.049122870694023074e-02
1.703099999999999909e+03 3.113562958569019573e-02
1.704099999999999909e+03 2.341136420880133434e-02
1.705099999999999909e+03 2.812457500739211358e-02
1.706099999999999909e+03 3.827975594323913128e-02
1.707099999999999909e+03 3.400649030251681748e-02
1.708099999999999909e+03 2.721198285502225006e-02
1.709099999999999909e+03 2.463882190392568949e-02
1.710000000000000000e+03 2.458233947904695654e-02
1.711000000000000000e+03 2.336008564656360739e-02
1.712000000000000000e+03 1.779119798952766285e-02
1.713000000000000000e+03 1.664891811004751143e-02
1.714000000000000000e+03 1.483495877518401299e-02
1.715000000000000000e+03 2.980334052552902416e-02
1.716000000000000000e+03 1.064109064799142676e-02
1.716900000000000091e+03 2.462346397776061027e-02
1.717900000000000091e+03 3.810400813551464982e-02
1.718900000000000091e+03 2.859685315385609994e-02
1.719900000000000091e+03 1.946739552814583454e-02
1.720900000000000091e+03 2.611598604049135408e-02
1.721900000000000091e+03 1.399583906213580295e-02
1.722900000000000091e+03 2.109544421224100394e-02
1.723799999999999955e+03 2.920730760533991194e-02
1.724799999999999955e+03 3.262898215683185388e-02
1.725799999999999955e+03 2.513649539514811043e-02
1.726799999999999955e+03 2.642336392523376987e-02
1.727799999999999955e+03 3.156890546888305171e-02
1.728799999999999955e+03 1.990970851287093488e-02
1.729700000000000045e+03 3.000965453685888046e-02
1.730700000000000045e+03 2.307197646548231687e-02
1.731700000000000045e+03 1.579723860282454886e-02
1.732700000000000045e+03 2.660160632111423923e-02
1.733700000000000045e+03 2.492860386785988175e-02
1.734599999999999909e+03 1.695201365290639403e-02
1.735599999999999909e+03 2.559905279590917251e-02
1.736599999999999909e+03 2.656356006627309807e-02
1.737599999999999909e+03 1.559056798087100904e-02
1.738599999999999909e+03 1.528061426037263630e-02
1.739599999999999909e+03 2.206059000183297619e-02
1.740500000000000000e+03 3.008640938087700847e-02
1.741500000000000000e+03 1.266951856154530272e-02
1.742500000000000000e+03 1.106444050611614209e-02
1.743500000000000000e+03 1.616150847850828312e-02
1.744500000000000000e+03 3.227770014528853759e-02
1.745400000000000091e+03 1.863963645022844590e-02
1.746400000000000091e+03 1.895281497036109541e-02
1.747400000000000091e+03 3.142523946233784227e-02
1.748400000000000091e+03 2.844851616414623141e-02
1.749299999999999955e+03 2.725685763896179559e-02
1.750299999999999955e+03 3.699517363707378187e-02
1.751299999999999955e+03 3.902731133771668304e-02
1.752299999999999955e+03 1.696621110963196163e-02
1.753200000000000045e+03 -9.370901270132001026e-04
1.753299999999999955e+03 1.898465927725218744e-02
1.754200000000000045e+03 2.556065458222613745e-02
1.755200000000000045e+03 3.589932945441588752e-02
1.756200000000000045e+03 2.483929099121654979e-02
1.757200000000000045e+03 2.352259696793899263e-02
1.758099999999999909e+03 1.566868777182928163e-02
1.758200000000000045e+03 1.508781125169491970e-02
1.759099999999999909e+03 1.242202101628902232e-02
1.759200000000000045e+03 1.558346885596569031e-02
1.760099999999999909e+03 2.463721812837967040e-02
1.761099999999999909e+03 3.271967305888379834e-02
1.762000000000000000e+03 4.200129483876757774e-02
1.762099999999999909e+03 4.845477205852792568e-02
1.763000000000000000e+03 3.232994392751500218e-02
1.763099999999999909e+03 3.277143444201948558e-02
1.764000000000000000e+03 2.462157902690207886e-02
1.764099999999999909e+03 1.582116480712630197e-02
1.765000000000000000e+03 1.510856364545869537e-02
1.765099999999999909e+03 1.717891850188152034e-02
1.766000000000000000e+03 1.419850984863120502e-02
1.766099999999999909e+03 2.009946424576921492e-02
1.766900000000000091e+03 2.140820677678693246e-02
1.767099999999999909e+03 2.512320891140855730e-02
1.767900000000000091e+03 2.188178402829174876e-02
1.768099999999999909e+03 2.596338551298743580e-02
1.768900000000000091e+03 2.858349008360822410e-02
1.769000000000000000e+03 2.322717499421019308e-02
1.769900000000000091e+03 3.504973314659446532e-02
1.770000000000000000e+03 3.505158198210675535e-02
1.770799999999999955e+03 2.472802151329984294e-02
1.771000000000000000e+03 2.012219067539727096e-02
1.771799999999999955e+03 3.572500347194072778e-02
1.772000000000000000e+03 4.686561674236817965e-02
1.772799999999999955e+03 4.075091616018886032e-02
1.773000000000000000e+03 4.767905941554555910e-02
1.773700000000000045e+03 3.491349963528008610e-02
1.774000000000000000e+03 9.645982048269517717e-03
1.774700000000000045e+03 2.614835452335780366e-02
1.775000000000000000e+03 2.925758351490891779e-02
1.775700000000000045e+03 3.159234451503736829e-02
1.775900000000000091e+03 3.561796048894735195e-02
1.776700000000000045e+03 3.347038518809512808e-02
1.776900000000000091e+03 3.093056670868220975e-02
1.777599999999999909e+03 3.672486548279917801e-02
1.777900000000000091e+03 3.637695022213054130e-02
1.778599999999999909e+03 4.277839216903352171e-02
1.778900000000000091e+03 3.337662735370326705e-02
1.779599999999999909e+03 3.867777985883640024e-02
1.779900000000000091e+03 3.923873591616737488e-02
1.780599999999999909e+03 5.473358202433889486e-02
1.780900000000000091e+03 4.067996836459464305e-02
1.781500000000000000e+03 2.169654975004460529e-02
1.781900000000000091e+03 2.407434573999191890e-02
1.782500000000000000e+03 1.867430283760819834e-02
1.782799999999999955e+03 2.694593282452876701e-02
1.783500000000000000e+03 4.048837964847570164e-02
1.783799999999999955e+03 3.810446620771504311e-02
1.784400000000000091e+03 2.709907498711325996e-02
1.784799999999999955e+03 3.596471396032479423e-02
1.785400000000000091e+03 2.001391598027215529e-02
1.785799999999999955e+03 2.129032313959496048e-02
1.786400000000000091e+03 3.556261189705121201e-02
1.786799999999999955e+03 3.239967098004563339e-02
1.787400000000000091e+03 4.679652985632092727e-02
1.787799999999999955e+03 3.291463952339333809e-02
1.788299999999999955e+03 3.777635757457371152e-02
1.788700000000000045e+03 4.253598968660700363e-02
1.789299999999999955e+03 2.955728069766787314e-02
1.789700000000000045e+03 2.078108864934323508e-02
1.790299999999999955e+03 2.386241818778966212e-02
1.790700000000000045e+03 3.098260165364476529e-02
1.791200000000000045e+03 3.428501869836250715e-02
1.791700000000000045e+03 3.580148192693709264e-02
1.792200000000000045e+03 2.740566504276128676e-02
1.792700000000000045e+03 1.821818789427399887e-02
1.793200000000000045e+03 3.616285710441459467e-02
1.793599999999999909e+03 4.004218654821908863e-02
1.794200000000000045e+03 2.562164494211890964e-02
1.794599999999999909e+03 2.579282416118209437e-02
1.795099999999999909e+03 3.316988407502929892e-02
1.795599999999999909e+03 3.392725423224939724e-02
1.796099999999999909e+03 3.189545773700638853e-02
1.796599999999999909e+03 3.330505597790203720e-02
1.797099999999999909e+03 3.349257154672338754e-02
1.797599999999999909e+03 2.532289398220577414e-02
1.798000000000000000e+03 3.901975015437823130e-02
1.798500000000000000e+03 4.234418378335844113e-02
1.799000000000000000e+03 4.638012702186240094e-02
1.799500000000000000e+03 3.427043267336378485e-02
1.800000000000000000e+03 3.208381025610682752e-02
1.800500000000000000e+03 1.855434725857790790e-02
1.800900000000000091e+03 2.072600611515887370e-02
1.801500000000000000e+03 2.153512975806266827e-02
1.801900000000000091e+03 2.779992787676011795e-02
1.802500000000000000e+03 3.333876568793220363e-02
1.802900000000000091e+03 1.080518852211212640e-02
1.803400000000000091e+03 1.356260036810074190e-02
1.803799999999999955e+03 3.259702269073356390e-02
1.804400000000000091e+03 2.742532549597076139e-02
1.804799999999999955e+03 2.206044528504132879e-02
1.805400000000000091e+03 2.683886413198818127e-02
1.805799999999999955e+03 2.006963645162701537e-02
1.806400000000000091e+03 2.107732021960960489e-02
1.806700000000000045e+03 1.934129488656430307e-02
1.807400000000000091e+03 1.342143537716941268e-02
1.807700000000000045e+03 4.248500107016038585e-02
1.808299999999999955e+03 3.590252695671265065e-02
1.808700000000000045e+03 2.814403085935547610e-02
1.809299999999999955e+03 1.892322935452703248e-02
1.809599999999999909e+03 1.049307214528387780e-02
1.810299999999999955e+03 1.780186134302620682e-02
1.810599999999999909e+03 1.180461145279453061e-02
1.811299999999999955e+03 1.319939453486622741e-02
1.811599999999999909e+03 2.924843018881858464e-02
1.812200000000000045e+03 2.610940402405261679e-02
1.812500000000000000e+03 2.697990446635332995e-02
1.813200000000000045e+03 2.317105892668795339e-02
1.813500000000000000e+03 2.276813995857867451e-02
1.814200000000000045e+03 1.878048474281367869e-02
1.814500000000000000e+03 2.806904657992717947e-02
1.815200000000000045e+03 3.314010253084031382e-02
1.815400000000000091e+03 2.467039239038831475e-02
1.816200000000000045e+03 2.753344332748657378e-02
1.816400000000000091e+03 3.260992582700399101e-02
1.817099999999999909e+03 2.999536299925433663e-02
1.817400000000000091e+03 2.893893879670672575e-02
1.818099999999999909e+03 3.582524345467539423e-02
1.818299999999999955e+03 3.425579215622041179e-02
1.819099999999999909e+03 3.038977807187210819e-02
1.819299999999999955e+03 2.776049900372486862e-02
1.820099999999999909e+03 2.307402685130467007e-02
1.820299999999999955e+03 3.650383963242593427e-02
1.821000000000000000e+03 3.322464301585721647e-02
1.821200000000000045e+03 3.395054736824260067e-02
1.822000000000000000e+03 2.647462777668378731e-02
1.822200000000000045e+03 1.160626940675456298e-02
1.823000000000000000e+03 6.489002550104473917e-03
1.823200000000000045e+03 1.760716737284694425e-02
1.823900000000000091e+03 2.201300769860206619e-02
1.824099999999999909e+03 2.694719321383912125e-02
1.824900000000000091e+03 1.135675276213766495e-02
1.825099999999999909e+03 2.727066717387248082e-02
1.825900000000000091e+03 2.130316173895278539e-02
1.826000000000000000e+03 1.110120490708415078e-02
1.826900000000000091e+03 1.953695044381554072e-02
1.827000000000000000e+03 1.731463166053645933e-02
1.827799999999999955e+03 2.701669007634099201e-02
1.828000000000000000e+03 2.867956258028965880e-02
1.828799999999999955e+03 3.014668242845293042e-02
1.828900000000000091e+03 3.004107120039491846e-02
1.829799999999999955e+03 3.446733707223444826e-02
1.829900000000000091e+03 3.533614224634271800e-02
1.830799999999999955e+03 3.668240364101988532e-02
1.830900000000000091e+03 3.213511935162020883e-02
1.831700000000000045e+03 1.693664120002452006e-02
1.831799999999999955e+03 2.297139837298917131e-02
1.832700000000000045e+03 3.530196702222650196e-02
1.832799999999999955e+03 2.655967121942648390e-02
1.833700000000000045e+03 3.329275800193205737e-02
1.834599999999999909e+03 3.031927239771515722e-02
1.834700000000000045e+03 2.248766131392836154e-02
1.835599999999999909e+03 3.500507876879749986e-02
1.835700000000000045e+03 3.642302297948882273e-02
1.836599999999999909e+03 2.397072386408628103e-02
1.837599999999999909e+03 1.968009196327368676e-02
1.838500000000000000e+03 2.554012192349140037e-02
1.838599999999999909e+03 2.834993043571889734e-02
1.839500000000000000e+03 1.375936405441756036e-02
1.840500000000000000e+03 2.561555694983471548e-02
1.841400000000000091e+03 2.821270083842313328e-02
1.842400000000000091e+03 2.446690267644746272e-02
1.843400000000000091e+03 2.133245514403326465e-02
1.844299999999999955e+03 2.048808380936089843e-02
1.844400000000000091e+03 2.416111298188756973e-02
1.845299999999999955e+03 2.415892621143859997e-02
1.846200000000000045e+03 2.535183566888936021e-02
1.846299999999999955e+03 6.246720753902011009e-03
1.847200000000000045e+03 1.512722208659714185e-02
1.847299999999999955e+03 8.667777128864559422e-03
1.848200000000000045e+03 2.459939555329917690e-02
1.849099999999999909e+03 3.378946451301621801e-02
1.849200000000000045e+03 1.559298071867634000e-02
1.850099999999999909e+03 2.248589480304455379e-02
1.850200000000000045e+03 1.730515011416332988e-02
1.851000000000000000e+03 1.446200578238511503e-02
1.851099999999999909e+03 1.407933864482017669e-02
1.852000000000000000e+03 2.027020348532510702e-02
1.852099999999999909e+03 2.151314232418587852e-02
1.852900000000000091e+03 2.922653587136040190e-02
1.853099999999999909e+03 2.201008700524961781e-02
1.853900000000000091e+03 2.153651538687069086e-02
1.854000000000000000e+03 3.738055982493158902e-02
1.854900000000000091e+03 3.969398091113189586e-02
1.855000000000000000e+03 3.927746829127450739e-02
1.855799999999999955e+03 3.644244176876795804e-02
1.856000000000000000e+03 4.488311634514696030e-02
1.856799999999999955e+03 3.968174409013797838e-02
1.856900000000000091e+03 3.358967747955182714e-02
1.857700000000000045e+03 1.404842118685597184e-02
1.857900000000000091e+03 1.208208563130333014e-02
1.858700000000000045e+03 1.587168815751439574e-02
1.858900000000000091e+03 3.489376209713272725e-02
1.859599999999999909e+03 3.964708505631594354e-02
1.859799999999999955e+03 1.817042060921691959e-02
1.860599999999999909e+03 2.619628188858701481e-02
1.860799999999999955e+03 3.046540823177002616e-02
1.861599999999999909e+03 3.313248873795304056e-02
1.861799999999999955e+03 3.953006292536345723e-02
1.862500000000000000e+03 3.042224723258294544e-02
1.862700000000000045e+03 2.694779572370380877e-02
1.863500000000000000e+03 3.693181122859337528e-02
1.863700000000000045e+03 2.458392786260041318e-02
1.864400000000000091e+03 2.735536027025986874e-02
1.864599999999999909e+03 2.619974835508145916e-02
1.865400000000000091e+03 1.903224399749654794e-02
1.865599999999999909e+03 3.050735828965606827e-02
1.866299999999999955e+03 3.790320323623617288e-02
1.866599999999999909e+03 3.492116201986122243e-02
1.867299999999999955e+03 2.636208566704285883e-02
1.867500000000000000e+03 2.672897645423255586e-02
1.868200000000000045e+03 2.019249024993735250e-03
1.868500000000000000e+03 1.648879643526932059e-02
1.869200000000000045e+03 1.865095985526646349e-02
1.869500000000000000e+03 6.169462890941306531e-03
1.870200000000000045e+03 1.887667255475961384e-02
1.870400000000000091e+03 5.976625549487061054e-03
1.871099999999999909e+03 1.264476282585743835e-02
1.871400000000000091e+03 1.438499567902407766e-02
1.872099999999999909e+03 2.602022050987053831e-02
1.872400000000000091e+03 2.390221893610266352e-02
1.873000000000000000e+03 2.933981095813622750e-02
1.873299999999999955e+03 1.962440304674601538e-02
1.874000000000000000e+03 2.145128197127676647e-02
1.874299999999999955e+03 1.356300109623940174e-02
1.874900000000000091e+03 2.384948073505885682e-02
1.875200000000000045e+03 1.750700040016508335e-02
1.875900000000000091e+03 1.160241786436755872e-02
1.876200000000000045e+03 1.462782158196688186e-02
1.876799999999999955e+03 1.357859618982361696e-02
1.877200000000000045e+03 1.773244310346183336e-02
1.877799999999999955e+03 6.489289106085584409e-03
1.878099999999999909e+03 1.242270015935953431e-02
1.878700000000000045e+03 3.763658778852239928e-02
1.879099999999999909e+03 1.927453683289300640e-02
1.879700000000000045e+03 1.481969756273763400e-02
1.880000000000000000e+03 1.608654713380037321e-02
1.880700000000000045e+03 1.885675848895674439e-02
1.881000000000000000e+03 1.566628553183807560e-02
1.881599999999999909e+03 1.379768320247113864e-02
1.882000000000000000e+03 1.761929114829009074e-02
1.882599999999999909e+03 3.345783120332578020e-02
1.882900000000000091e+03 2.039039494392638069e-02
1.883500000000000000e+03 2.017167743369328858e-02
1.883900000000000091e+03 2.079427857088341630e-02
1.884500000000000000e+03 2.244617855602066420e-02
1.884799999999999955e+03 1.970568070092687529e-02
1.885400000000000091e+03 1.728740688721761704e-02
1.885799999999999955e+03 1.777792284755844165e-02
1.886400000000000091e+03 1.394670491593994963e-02
1.886799999999999955e+03 2.098140278337856657e-02
1.887299999999999955e+03 2.184829722854780831e-02
1.887700000000000045e+03 2.542740853516282928e-02
1.888299999999999955e+03 2.102688705294365745e-02
1.888700000000000045e+03 2.276672226204378216e-02
1.889200000000000045e+03 1.274302654534851392e-02
1.889599999999999909e+03 7.362067186570295588e-03
1.890200000000000045e+03 1.704100153471936607e-02
1.890599999999999909e+03 2.057984009661538438e-02
1.891099999999999909e+03 1.350565251927740053e-02
1.891599999999999909e+03 2.097274634652034064e-02
1.892099999999999909e+03 3.305321319642049588e-02
1.892500000000000000e+03 2.420413650982538786e-02
1.893000000000000000e+03 1.287087778982978943e-02
1.893500000000000000e+03 3.252614443200411293e-02
1.894000000000000000e+03 3.495868565291276875e-02
1.894400000000000091e+03 2.885924507826187133e-02
1.894900000000000091e+03 2.769518592927798853e-02
1.895400000000000091e+03 1.597484566650762827e-02
1.895900000000000091e+03 1.206687066855340398e-02
1.896299999999999955e+03 1.261978744513986284e-02
1.896799999999999955e+03 3.124264454715753800e-02
1.897299999999999955e+03 3.616902892123927127e-02
1.897799999999999955e+03 2.800151450787572924e-02
1.898299999999999955e+03 2.646461025152845384e-02
1.898700000000000045e+03 2.944303163502903081e-02
1.899200000000000045e+03 1.960104314859154387e-02
1.899700000000000045e+03 2.183417911902738734e-02
1.900200000000000045e+03 2.385327723836603436e-02
1.900599999999999909e+03 2.188047168072822235e-02
1.901099999999999909e+03 4.167689967476716217e-02
1.901599999999999909e+03 3.878612101895443504e-02
1.902099999999999909e+03 3.447419461547943792e-02
1.902500000000000000e+03 2.888452045225791548e-02
1.903000000000000000e+03 2.549606667045512670e-02
1.903500000000000000e+03 1.787591549341652208e-02
1.904000000000000000e+03 2.505187972321074041e-02
1.904400000000000091e+03 3.704840082198024992e-02
1.905000000000000000e+03 3.292805089386695305e-02
1.905400000000000091e+03 3.341132657682070045e-02
1.905900000000000091e+03 2.877073101145869935e-02
1.906299999999999955e+03 2.522654047713164885e-02
1.906900000000000091e+03 3.134925780666533018e-02
1.907299999999999955e+03 1.919142961323802576e-02
1.907799999999999955e+03 2.632229393890124503e-02
1.908200000000000045e+03 2.339753653649400203e-02
1.908799999999999955e+03 1.632822663508344194e-02
1.909200000000000045e+03 2.380753273130714609e-02
1.909700000000000045e+03 1.709260854614808034e-02
1.910099999999999909e+03 9.742797116461981641e-03
1.910700000000000045e+03 1.504782214156772865e-02
1.911099999999999909e+03 2.364783547957709231e-02
1.911599999999999909e+03 2.160928564409784342e-02
1.912000000000000000e+03 2.131549637038606532e-02
1.912599999999999909e+03 2.498746245535498831e-02
1.912900000000000091e+03 2.334732302614651173e-02
1.913500000000000000e+03 2.387685187250288693e-02
1.913900000000000091e+03 8.324611978145506422e-03
1.914500000000000000e+03 1.504551655471493901e-02
1.914799999999999955e+03 1.924995052199652418e-02
1.915400000000000091e+03 2.505522633157048276e-02
1.915799999999999955e+03 2.551323993036617305e-02
1.916400000000000091e+03 2.055916259157850381e-02
1.916700000000000045e+03 2.878393070764914685e-02
1.917299999999999955e+03 2.228726259905245907e-02
1.917700000000000045e+03 2.323411719223726288e-02
1.918299999999999955e+03 2.928205444316019784e-02
1.918599999999999909e+03 2.456783735917084099e-02
1.919299999999999955e+03 2.481582398911314630e-02
1.919599999999999909e+03 3.523424819556827264e-02
1.920200000000000045e+03 2.527939456791491665e-02
1.920500000000000000e+03 1.899914062976384987e-02
1.921200000000000045e+03 2.384675019272844421e-02
1.921500000000000000e+03 2.880013366087071786e-02
1.922099999999999909e+03 2.841314708119734717e-02
1.922400000000000091e+03 2.640265531346907418e-02
1.923099999999999909e+03 3.098874625849878939e-02
1.923299999999999955e+03 2.748081985215652251e-02
1.924000000000000000e+03 1.984397336162415856e-02
1.924299999999999955e+03 2.471502714110032639e-02
1.925000000000000000e+03 2.744658564490062153e-02
1.925200000000000045e+03 3.763693402315130415e-02
1.925900000000000091e+03 2.564227657697561863e-02
1.926200000000000045e+03 1.946985525384050883e-02
1.926900000000000091e+03 2.715078430957090089e-02
1.927099999999999909e+03 3.145781201003333694e-02
1.927799999999999955e+03 2.898822980522556755e-02
1.928099999999999909e+03 3.559016988577685947e-02
1.928799999999999955e+03 3.203387053487814079e-02
1.929000000000000000e+03 3.966617800821107404e-02
1.929700000000000045e+03 2.522900567895694154e-02
1.930000000000000000e+03 3.307306205009758610e-02
1.930700000000000045e+03 2.673828582189363354e-02
1.930900000000000091e+03 2.622594877790502405e-02
1.931599999999999909e+03 2.692660945161227254e-02
1.931799999999999955e+03 3.894148984380768619e-02
1.932599999999999909e+03 2.748774094279385349e-02
1.932799999999999955e+03 2.480957712176755370e-02
1.933500000000000000e+03 1.634363435989096697e-02
1.933700000000000045e+03 1.429152897157136282e-02
1.934400000000000091e+03 1.740033003168135750e-02
1.934700000000000045e+03 2.546115152609749327e-02
1.935400000000000091e+03 3.329601405624126736e-02
1.935599999999999909e+03 1.642946013589615534e-02
1.936299999999999955e+03 1.166813451565418269e-02
1.936599999999999909e+03 2.022214952813298702e-02
1.937299999999999955e+03 2.475446435645311388e-02
1.937500000000000000e+03 1.331754573520850526e-02
1.938200000000000045e+03 2.051138388356833417e-02
1.938400000000000091e+03 2.587455355632808929e-02
1.939200000000000045e+03 1.516343241031384466e-02
1.939400000000000091e+03 2.470345622379355871e-02
1.940099999999999909e+03 2.565583228476184252e-02
1.940299999999999955e+03 1.878754514112284876e-02
1.941099999999999909e+03 2.119132411115150216e-02
1.941299999999999955e+03 3.774904198902051533e-02
1.942000000000000000e+03 2.363680092042181463e-02
1.942200000000000045e+03 1.748436481149637581e-02
1.943000000000000000e+03 2.049255135806586636e-02
1.943200000000000045e+03 1.313133711961279003e-02
1.943900000000000091e+03 1.722983434877088660e-02
1.944099999999999909e+03 1.407896605715251714e-02
1.944900000000000091e+03 1.636753535526885850e-02
1.945000000000000000e+03 2.011420234556005743e-02
1.945799999999999955e+03 2.556755945816451686e-02
1.946000000000000000e+03 2.825545093732638111e-02
1.946799999999999955e+03 2.667252098609925945e-02
1.946900000000000091e+03 2.881552536765350642e-02
1.947700000000000045e+03 2.299817658513247237e-02
1.947900000000000091e+03 2.659633638995380009e-02
1.948599999999999909e+03 1.641096099119787252e-02
1.948799999999999955e+03 6.338316471062950888e-03
1.949599999999999909e+03 2.928069656952128272e-02
1.949700000000000045e+03 3.021763371387822805e-02
1.950500000000000000e+03 2.898578739388696021e-02
1.950700000000000045e+03 8.677236432379963060e-03
1.951500000000000000e+03 1.512340897998452199e-02
1.951599999999999909e+03 2.550999499006974258e-02
1.952400000000000091e+03 2.858440836801147411e-02
1.952599999999999909e+03 2.201613562648275721e-02
1.953400000000000091e+03 1.855508573059664029e-03
1.953500000000000000e+03 5.677922356619774687e-03
1.954299999999999955e+03 1.063844380252531273e-02
1.954400000000000091e+03 1.279359086957114131e-02
1.955299999999999955e+03 2.482533276960081220e-02
1.955400000000000091e+03 2.120395480725778201e-02
1.956200000000000045e+03 1.395450010365915927e-02
1.956299999999999955e+03 9.163498855815261496e-03
1.957099999999999909e+03 2.333789003681514471e-02
1.957299999999999955e+03 2.701348755294161880e-02
1.958099999999999909e+03 2.884527591500080090e-02
1.958200000000000045e+03 2.579294040068395161e-02
1.959000000000000000e+03 2.257503140412748729e-02
1.959099999999999909e+03 2.185661617889855454e-02
1.960000000000000000e+03 3.150706359051044098e-02
1.960099999999999909e+03 2.508409889129731632e-02
1.960900000000000091e+03 1.709803315398864335e-02
1.961000000000000000e+03 1.802654718729397587e-02
1.961900000000000091e+03 1.978685342150689891e-02
1.962799999999999955e+03 1.879838554787652272e-02
1.962900000000000091e+03 2.141981286177799954e-02
1.963700000000000045e+03 2.794339885548435473e-02
1.963799999999999955e+03 2.602011519485715463e-02
1.964700000000000045e+03 3.186643436454603823e-02
1.964799999999999955e+03 1.085902269817245330e-02
1.965599999999999909e+03 1.405942270895674945e-02
1.965700000000000045e+03 2.144252425857896827e-02
1.966599999999999909e+03 1.789193813408664416e-02
1.967500000000000000e+03 1.823383526411509470e-02
1.967599999999999909e+03 2.938194769262212139e-02
1.968400000000000091e+03 2.286337554336395281e-02
1.968500000000000000e+03 1.623535715135537502e-02
1.969400000000000091e+03 8.718010692283076346e-03
1.970299999999999955e+03 1.071619721344547159e-02
1.970400000000000091e+03 1.283400467749607962e-02
1.971299999999999955e+03 1.733458663149999718e-02
1.972200000000000045e+03 1.275845902271335527e-02
1.973099999999999909e+03 5.028580641495914057e-03
1.973200000000000045e+03 1.485766416909801123e-02
1.974099999999999909e+03 1.146516058543007796e-02
1.975000000000000000e+03 2.039769379488294565e-02
1.975099999999999909e+03 1.760734837170308681e-02
1.976000000000000000e+03 2.152312786069730116e-02
1.976900000000000091e+03 2.248800237281644784e-02
1.977799999999999955e+03 2.157448713412783367e-02
1.977900000000000091e+03 1.123606977874703865e-02
1.978799999999999955e+03 1.345434428653279058e-02
1.979700000000000045e+03 1.455588918205620932e-02
1.980700000000000045e+03 9.913170424160830385e-03
1.981599999999999909e+03 1.575583580037239265e-02
1.982500000000000000e+03 2.489483769352635739e-02
1.983500000000000000e+03 2.539398032356234361e-02
1.984400000000000091e+03 2.225305574294340200e-02
1.985299999999999955e+03 2.109204402651107188e-02
1.986299999999999955e+03 1.766734805354991736e-02
1.987200000000000045e+03 1.528232838208711496e-02
1.988099999999999909e+03 1.594215761576396606e-02
1.988200000000000045e+03 1.749272505816886966e-02
1.989099999999999909e+03 2.027948495670280418e-02
1.990000000000000000e+03 1.088669301194295988e-02
1.990900000000000091e+03 1.379691570881887153e-02
1.991000000000000000e+03 2.574132952632002952e-02
1.991900000000000091e+03 2.323484250820164257e-02
1.992799999999999955e+03 1.066194128627426241e-02
1.993700000000000045e+03 1.521028096921257095e-02
1.993799999999999955e+03 1.958863942374318434e-02
1.994700000000000045e+03 2.489926290671995099e-02
1.995599999999999909e+03 1.850332773274842788e-02
1.996500000000000000e+03 2.813046714824227537e-02
1.996599999999999909e+03 3.151058686220074845e-02
1.997500000000000000e+03 2.063964028962406508e-02
1.998400000000000091e+03 1.454614348026325027e-02
1.999299999999999955e+03 1.088379916724295342e-02
1.999400000000000091e+03 2.305812313988250470e-02
2.000299999999999955e+03 8.665169786416539871e-03
2.001200000000000045e+03 7.863719909122813406e-03
2.002099999999999909e+03 3.623770843998988869e-03
2.002200000000000045e+03 1.374139823216647023e-02
2.003000000000000000e+03 7.966741165955240275e-03
2.003099999999999909e+03 7.818843787763530423e-03
2.004000000000000000e+03 1.447805102290648099e-02
2.004900000000000091e+03 1.666338125721640584e-02
2.005000000000000000e+03 1.325064870705389315e-02
2.005799999999999955e+03 1.523092512734611562e-02
2.005900000000000091e+03 2.351759613590991352e-02
2.006799999999999955e+03 1.421502603859626720e-02
2.007700000000000045e+03 2.149898112075490295e-02
2.007799999999999955e+03 2.241203872257715307e-02
2.008599999999999909e+03 2.133108367416681680e-02
2.008700000000000045e+03 1.269906619817757695e-02
2.009599999999999909e+03 4.104254663113763441e-03
2.010500000000000000e+03 1.040179778293521054e-02
2.010599999999999909e+03 1.255987441535882584e-02
2.011400000000000091e+03 7.706992374037671678e-03
2.011500000000000000e+03 9.528004898258233060e-03
2.012299999999999955e+03 5.705021149061713717e-03
2.012400000000000091e+03 2.542625103158135252e-02
2.013299999999999955e+03 1.719914679132811264e-02
2.013400000000000091e+03 1.921527655088908423e-02
2.014200000000000045e+03 1.183908579449096179e-02
2.014299999999999955e+03 1.942517143459970494e-02
2.015099999999999909e+03 1.581817017075966281e-02
2.015200000000000045e+03 1.237095676835224187e-02
2.016099999999999909e+03 1.648873661159431028e-02
2.017000000000000000e+03 1.679964745619217173e-02
2.017099999999999909e+03 8.074489398513481561e-03
2.017900000000000091e+03 4.694087618590703399e-03
2.018000000000000000e+03 1.555496617351122615e-02
2.018799999999999955e+03 3.192482542241139448e-02
2.018900000000000091e+03 1.229314801336213112e-02
2.019799999999999955e+03 8.034567044341793529e-03
2.019900000000000091e+03 1.551792121952527866e-02
2.020700000000000045e+03 1.503515314141519454e-02
2.020799999999999955e+03 1.452525124373072948e-02
2.021599999999999909e+03 1.630652912190944451e-02
2.021700000000000045e+03 1.818346117137657758e-02
2.022599999999999909e+03 1.890581936316728176e-02
2.022700000000000045e+03 1.487280379972927974e-02
2.023500000000000000e+03 1.355309483307139823e-03
2.023599999999999909e+03 1.412810294999166869e-02
2.024400000000000091e+03 1.865246071788050075e-02
2.024500000000000000e+03 2.145926706670270995e-02
2.025299999999999955e+03 1.662950145998104076e-02
2.025400000000000091e+03 1.184494739161458948e-02
2.026299999999999955e+03 6.068769140963464759e-03
2.026400000000000091e+03 1.123620237180434148e-02
2.027200000000000045e+03 2.766368624360905637e-02
2.027299999999999955e+03 2.886479672680367786e-02
2.028099999999999909e+03 2.622258327296854083e-02
2.028200000000000045e+03 2.999136846069213463e-02
2.029000000000000000e+03 2.695272174768390330e-02
2.029099999999999909e+03 2.648039411351612096e-02
2.030000000000000000e+03 1.703816845929173596e-02
2.030099999999999909e+03 1.965464664435461958e-02
2.030900000000000091e+03 1.964384791449675163e-02
2.031000000000000000e+03 1.599596117859688679e-02
2.031900000000000091e+03 2.309990742344179143e-02
2.032900000000000091e+03 1.697824606248361096e-02
2.033799999999999955e+03 1.895684227636972377e-02
2.034700000000000045e+03 2.109237616273912722e-02
2.035599999999999909e+03 2.286661189102288244e-02
2.036599999999999909e+03 1.650886237183863542e-02
2.037500000000000000e+03 1.173261365993496022e-02
2.038400000000000091e+03 1.802248820476897578e-02
2.039299999999999955e+03 2.321675185114171341e-02
2.040299999999999955e+03 1.568930127936070049e-02
2.041200000000000045e+03 1.432524064959554699e-02
2.042099999999999909e+03 1.194097101492413646e-02
2.043000000000000000e+03 1.080788954598515400e-02
2.044000000000000000e+03 1.791725675549949576e-02
2.044900000000000091e+03 1.419601391592282234e-02
2.045799999999999955e+03 2.175390407938848983e-02
2.046700000000000045e+03 2.133529093409302149e-02
2.047700000000000045e+03 2.368000697161650250e-02
2.048599999999999909e+03 2.455721416112064195e-02
2.049500000000000000e+03 1.476482175089715090e-02
2.050400000000000091e+03 1.174586506140782791e-02
2.051300000000000182e+03 2.197577094809189877e-02
2.052300000000000182e+03 1.368991650635854179e-02
2.053199999999999818e+03 1.865453813688062318e-02
2.054099999999999909e+03 2.797502100170167968e-02
2.055000000000000000e+03 2.583140934779467462e-02
2.056000000000000000e+03 2.174949493976692169e-02
2.056900000000000091e+03 1.089553286567486109e-02
2.057800000000000182e+03 1.307462119903155147e-02
2.058699999999999818e+03 2.698354502090459517e-02
2.059599999999999909e+03 2.658882277498356844e-02
2.060599999999999909e+03 1.861544846018051841e-02
2.061500000000000000e+03 1.733794050092579350e-02
2.062400000000000091e+03 1.608512268203290962e-02
2.063300000000000182e+03 1.605503761178634498e-02
2.064199999999999818e+03 2.317921929926284458e-02
2.065199999999999818e+03 1.411390093733805307e-02
2.066099999999999909e+03 1.995662485728755958e-02
2.067000000000000000e+03 2.379146518655180301e-02
2.067900000000000091e+03 2.383543429839652880e-02
2.068800000000000182e+03 1.811645355730829438e-02
2.069800000000000182e+03 1.366844455316725861e-02
2.070699999999999818e+03 1.667097519762737387e-02
2.071599999999999909e+03 1.493595148208190851e-02
2.072500000000000000e+03 6.491543831351982707e-03
2.073400000000000091e+03 4.675477436338942340e-03
2.074300000000000182e+03 1.559343811364981638e-02
2.075300000000000182e+03 2.814152098207511887e-02
2.076199999999999818e+03 2.229408714746665757e-02
2.077099999999999909e+03 1.739162340353297281e-02
2.078000000000000000e+03 2.045440122148894230e-02
2.078900000000000091e+03 1.044251709424907394e-02
2.079800000000000182e+03 1.443460729827255457e-02
2.080800000000000182e+03 1.293227638661848325e-02
2.081699999999999818e+03 2.105030258589840955e-02
2.082599999999999909e+03 2.203476150745507789e-02
2.083500000000000000e+03 1.483083465115343259e-02
2.084400000000000091e+03 9.489575850797814238e-03
2.085300000000000182e+03 4.433714573736228723e-03
2.086300000000000182e+03 5.038743475447416721e-03
2.087199999999999818e+03 1.514321890880449689e-02
2.088099999999999909e+03 2.609862729602571707e-02
2.089000000000000000e+03 2.355901187513956968e-02
2.089900000000000091e+03 1.348622453107812397e-02
2.090800000000000182e+03 2.171936587458571724e-02
2.091699999999999818e+03 3.163404059236536725e-02
2.092699999999999818e+03 2.671904217385683358e-02
2.093599999999999909e+03 1.536406953588041052e-02
2.094500000000000000e+03 1.205833989597884098e-02
2.095400000000000091e+03 2.120556203868110418e-02
2.096300000000000182e+03 5.114732126019161558e-03
2.097199999999999818e+03 1.221372400437731841e-02
2.098099999999999909e+03 2.475602017122652612e-02
2.099000000000000000e+03 1.127051547558060099e-02
2.100000000000000000e+03 9.186679999936404190e-03
2.100900000000000091e+03 1.297960838090404800e-02
2.101800000000000182e+03 2.098357297489003917e-02
2.102699999999999818e+03 1.499866084517736606e-02
2.103599999999999909e+03 1.662308534390054271e-02
2.104500000000000000e+03 1.597329422716295758e-02
2.105400000000000091e+03 1.414229428180365823e-02
2.106300000000000182e+03 1.511685138719184515e-02
2.107199999999999818e+03 2.931212657558790805e-02
2.108199999999999818e+03 2.872713162270847456e-02
2.109099999999999909e+03 2.072284806975024235e-02
2.110000000000000000e+03 2.454877777091444419e-02
2.110900000000000091e+03 2.153598244689809010e-02
2.111800000000000182e+03 3.377779190065525322e-02
2.112699999999999818e+03 3.124369849412444305e-02
2.113599999999999909e+03 2.907673307832104453e-02
2.114500000000000000e+03 3.063909523033356286e-02
2.115400000000000091e+03 2.704166875280265142e-02
2.116300000000000182e+03 3.324165604706088434e-02
2.117199999999999818e+03 5.301878640875212073e-02
2.118199999999999818e+03 4.783364802098900859e-02
2.119099999999999909e+03 4.093105199991404347e-02
2.120000000000000000e+03 3.048626247332399120e-02
2.120900000000000091e+03 3.469799979540789947e-02
2.121800000000000182e+03 3.472725499767181229e-02
2.122699999999999818e+03 3.560004177528150460e-02
2.123599999999999909e+03 2.957658603911762774e-02
2.124500000000000000e+03 2.849223277589955569e-02
2.125400000000000091e+03 2.983611986732618779e-02
2.126300000000000182e+03 1.828879291266855001e-02
2.127199999999999818e+03 4.552249577931320387e-03
2.128099999999999909e+03 1.221068851729309804e-02
2.129000000000000000e+03 2.249709474842551821e-02
2.129900000000000091e+03 2.416038931949240909e-02
2.130900000000000091e+03 2.390841523953311787e-02
2.131800000000000182e+03 1.081992505763382934e-02
2.132699999999999818e+03 1.912801585912549118e-02
2.133599999999999909e+03 2.220071404581635752e-02
2.134500000000000000e+03 2.045605727698393550e-02
2.135400000000000091e+03 1.755772695267569447e-02
2.136300000000000182e+03 1.796462443875185971e-02
2.137199999999999818e+03 6.169991168809377605e-03
2.138099999999999909e+03 8.622821044982796265e-03
2.139000000000000000e+03 1.201791304998939269e-02
2.139900000000000091e+03 1.313539596565387740e-02
2.140800000000000182e+03 1.424129873567829378e-02
2.141699999999999818e+03 1.269703357976734517e-02
2.142599999999999909e+03 1.031169070128493993e-02
2.143500000000000000e+03 9.491394288034842724e-03
2.144400000000000091e+03 1.543925372440461095e-02
2.145300000000000182e+03 1.690660557824446436e-02
2.146199999999999818e+03 1.629161245176765499e-02
2.147099999999999909e+03 3.577128893510244257e-03
2.148000000000000000e+03 3.682266378976503836e-03
2.148900000000000091e+03 5.416688461321761405e-03
2.149800000000000182e+03 8.519789605700220717e-03
2.150699999999999818e+03 7.782598049004501792e-03
2.151599999999999909e+03 2.510199660019340334e-02
2.152500000000000000e+03 2.127826807741110132e-02
2.153400000000000091e+03 2.665692163321843611e-02
2.154300000000000182e+03 2.126100734606718376e-02
2.155199999999999818e+03 4.841683907677162002e-03
2.156099999999999909e+03 5.637148406936096610e-03
2.157000000000000000e+03 -8.386307363274570544e-04
2.157900000000000091e+03 -1.438160030293219715e-05
2.158800000000000182e+03 7.178232371368000256e-03
2.159699999999999818e+03 1.007871733978773533e-02
2.160599999999999909e+03 6.854889167123035323e-03
2.161500000000000000e+03 1.624368582852691797e-02
2.162400000000000091e+03 1.211303467300371348e-02
2.163300000000000182e+03 2.089438034588372156e-02
2.164199999999999818e+03 2.250507972784368885e-02
2.165099999999999909e+03 1.887139373508271017e-02
2.166000000000000000e+03 1.509354576798421430e-02
2.166900000000000091e+03 7.727746672581093865e-03
2.167800000000000182e+03 8.884275888545015848e-03
2.168699999999999818e+03 1.278217554453463592e-02
2.169599999999999909e+03 3.098619187362410335e-02
2.170500000000000000e+03 1.905131217332523691e-02
2.171400000000000091e+03 1.489480421270358845e-02
2.172300000000000182e+03 1.885444665601701889e-02
2.173199999999999818e+03 2.044025676533973990e-02
2.174099999999999909e+03 2.069894354786970189e-02
2.175000000000000000e+03 1.165299468999799609e-02
2.175900000000000091e+03 2.174354301274898996e-02
2.176800000000000182e+03 1.478591733102035087e-02
2.177699999999999818e+03 1.232408120567034596e-02
2.178599999999999909e+03 1.895969403717559162e-02
2.179500000000000000e+03 1.373714739295203192e-02
2.180400000000000091e+03 9.283941402201616178e-03
2.181300000000000182e+03 2.442234653560100728e-03
2.182199999999999818e+03 1.847167892698352298e-02
2.183099999999999909e+03 2.398897888804395889e-02
2.183900000000000091e+03 2.762816476306939953e-02
2.184800000000000182e+03 1.504960280551382451e-02
2.185699999999999818e+03 1.062644534284793926e-02
2.186599999999999909e+03 1.149098757205311606e-02
2.187500000000000000e+03 8.540119785986606191e-03
2.188400000000000091e+03 1.490727586852903797e-02
2.189300000000000182e+03 2.158885652059745058e-02
2.190199999999999818e+03 2.126994930085811947e-02
2.191099999999999909e+03 2.647109776563753500e-02
2.192000000000000000e+03 1.803496449314077182e-02
2.192900000000000091e+03 1.318827086998678941e-02
2.193800000000000182e+03 2.351180193718713229e-02
2.194699999999999818e+03 3.011888122394847100e-02
2.195599999999999909e+03 2.305747685090834415e-02
2.196500000000000000e+03 1.234234126082918610e-02
2.197300000000000182e+03 1.454825382825494957e-02
2.198199999999999818e+03 6.951606252956430906e-03
2.199099999999999909e+03 6.822286471173453007e-03
2.200000000000000000e+03 1.732506062036690692e-02
2.200900000000000091e+03 2.145958992334590434e-02
2.201800000000000182e+03 2.235640988763575726e-02
2.202699999999999818e+03 2.027210460995788194e-02
2.203599999999999909e+03 1.515554796525691791e-02
2.204500000000000000e+03 1.239796508814260470e-02
2.205400000000000091e+03 6.236946291965364368e-03
2.206300000000000182e+03 2.392713478662227000e-02
2.207099999999999909e+03 2.670845586914340902e-02
2.208000000000000000e+03 2.495924793718999612e-02
2.208900000000000091e+03 3.074145182742121438e-02
2.209800000000000182e+03 2.725179157979434191e-02
2.210699999999999818e+03 2.341974244567753688e-02
2.211599999999999909e+03 1.843697401793809032e-02
2.212500000000000000e+03 2.246246720296686192e-02
2.213400000000000091e+03 2.101647776844279766e-02
2.214300000000000182e+03 2.313257515245452367e-02
2.215099999999999909e+03 1.413956925024786003e-02
2.216000000000000000e+03 1.670031215858473403e-02
2.216900000000000091e+03 2.138145043052416122e-02
2.217800000000000182e+03 2.735278661358809052e-02
2.218699999999999818e+03 2.684106522434486983e-02
2.219599999999999909e+03 2.701328972954738367e-02
2.220500000000000000e+03 1.977182001885053469e-02
2.221400000000000091e+03 2.126103273852490705e-02
2.222199999999999818e+03 1.595009813210631483e-02
2.223099999999999909e+03 1.505197132975300348e-02
2.224000000000000000e+03 1.350553352636670729e-02
2.224900000000000091e+03 1.511681433272998865e-02
2.225800000000000182e+03 1.852423729552193921e-02
2.226699999999999818e+03 1.983057329074901232e-02
2.227599999999999909e+03 2.324779030700770827e-02
2.228400000000000091e+03 2.318673725861421231e-02
2.229300000000000182e+03 2.184750726398399651e-02
2.230199999999999818e+03 1.835538188487273806e-02
2.231099999999999909e+03 2.352635520263071656e-02
2.232000000000000000e+03 2.195544515602971397e-02
2.232900000000000091e+03 1.195895422241936151e-02
2.233699999999999818e+03 8.783490585570399162e-03
2.234599999999999909e+03 2.094103667477445474e-02
2.235500000000000000e+03 2.514501511328770186e-02
2.236400000000000091e+03 1.746752630201801187e-02
2.237300000000000182e+03 2.944820884648145093e-02
2.238199999999999818e+03 2.664487397474922178e-02
2.239099999999999909e+03 2.502740495976243582e-02
2.239900000000000091e+03 2.477321229782140921e-02
2.240800000000000182e+03 2.328578809856025195e-02
2.241699999999999818e+03 1.780318385674325293e-02
2.242599999999999909e+03 2.661810378117166268e-02
2.243500000000000000e+03 2.218691442225106253e-02
2.244300000000000182e+03 1.876325278401546476e-02
2.245199999999999818e+03 2.153538684043148840e-02
2.246099999999999909e+03 2.717059194217855828e-02
2.247000000000000000e+03 2.578980833345400486e-02
2.247900000000000091e+03 2.137780457704673703e-02
2.248800000000000182e+03 2.090065009502654197e-02
2.249599999999999909e+03 1.511849161690773796e-02
2.250500000000000000e+03 1.822202431701025471e-02
2.251400000000000091e+03 1.828976173592967991e-02
2.252300000000000182e+03 1.286675062791977839e-02
2.253199999999999818e+03 1.191044663993330241e-02
2.254000000000000000e+03 1.696919054492657120e-02
2.254900000000000091e+03 1.812071007005781192e-02
2.255800000000000182e+03 2.154052347870746148e-02
2.256699999999999818e+03 2.343728807272849046e-02
2.257599999999999909e+03 2.007461425299322463e-02
2.258400000000000091e+03 1.690266748562150798e-02
2.259300000000000182e+03 1.560313581660645668e-02
2.260199999999999818e+03 2.128865299109519715e-02
2.261099999999999909e+03 1.759424390657388440e-02
2.262000000000000000e+03 1.878191312581844324e-02
2.262800000000000182e+03 1.778824766646848118e-02
2.263699999999999818e+03 1.641345233685179844e-02
2.264599999999999909e+03 1.542177658351229566e-02
2.265500000000000000e+03 1.905261455763217551e-02
2.266300000000000182e+03 1.847708158614601998e-02
2.267199999999999818e+03 2.995043353220366855e-02
2.268099999999999909e+03 2.347745547836864455e-02
2.269000000000000000e+03 2.413362526992922363e-02
2.269900000000000091e+03 1.692065783715163488e-02
2.270699999999999818e+03 2.202794342508699460e-02
2.271599999999999909e+03 2.265563761154246181e-02
2.272500000000000000e+03 1.976623265019984352e-02
2.273400000000000091e+03 1.317773884463081975e-02
2.274199999999999818e+03 1.058871077766889400e-02
2.275099999999999909e+03 5.996552909007571083e-03
2.276000000000000000e+03 1.577381427950032278e-02
2.276900000000000091e+03 2.759796210056175703e-02
2.277699999999999818e+03 2.924618862327206525e-02
2.278599999999999909e+03 2.179023848646615899e-02
2.279500000000000000e+03 2.068240215317988448e-02
2.280400000000000091e+03 1.699290210912124746e-02
2.281199999999999818e+03 1.798449650496875690e-02
2.282099999999999909e+03 2.700857391861425510e-02
2.283000000000000000e+03 2.735248264382774200e-02
2.283900000000000091e+03 2.734505044010740460e-02
2.284699999999999818e+03 1.846766335702246242e-02
2.285599999999999909e+03 1.725495242703787430e-02
2.286500000000000000e+03 1.752807158323860942e-02
2.287400000000000091e+03 2.346137121802822217e-02
2.288199999999999818e+03 1.228945353565049324e-02
2.289099999999999909e+03 2.390646557571141084e-02
2.290000000000000000e+03 2.286279233336364208e-02
2.290800000000000182e+03 9.092992965657039836e-03
2.291699999999999818e+03 9.763122519182539788e-03
2.292599999999999909e+03 2.010610365018650550e-02
2.293500000000000000e+03 1.807739169808704471e-02
2.294300000000000182e+03 1.516603018528324756e-02
2.295199999999999818e+03 1.826519476797014430e-02
2.296099999999999909e+03 1.894904269319075754e-02
2.296900000000000091e+03 1.786791737196724919e-02
2.297800000000000182e+03 2.199642379174235329e-02
2.298699999999999818e+03 2.971445983467416868e-02
2.299599999999999909e+03 2.138462144147126875e-02
2.300400000000000091e+03 2.472366303004898402e-02
2.301300000000000182e+03 1.684471857678680740e-02
2.302199999999999818e+03 1.754126023713490495e-02
2.303000000000000000e+03 1.948277699887691200e-02
2.303900000000000091e+03 1.751678738386889048e-02
2.304800000000000182e+03 3.207078802131696493e-02
2.305699999999999818e+03 2.129577060293323665e-02
2.306500000000000000e+03 1.491828012732558488e-02
2.307400000000000091e+03 1.554907616767617351e-02
2.308300000000000182e+03 1.880517267469174539e-02
2.309099999999999909e+03 2.135175328635716130e-02
2.310000000000000000e+03 2.371235521450141409e-02
2.310900000000000091e+03 3.286568573804733717e-02
2.311699999999999818e+03 3.068346128479709778e-02
2.312599999999999909e+03 1.397379533476660399e-02
2.313500000000000000e+03 1.531200957851128024e-02
2.314300000000000182e+03 1.105461130921764693e-02
2.315199999999999818e+03 1.980444258936372298e-02
2.316099999999999909e+03 2.779372117198216502e-02
2.316900000000000091e+03 1.979600306778025662e-02
2.317800000000000182e+03 2.233542668484923138e-02
2.318699999999999818e+03 2.449593884304084382e-02
2.319500000000000000e+03 2.365553227834915617e-02
2.320400000000000091e+03 2.508095425266256007e-02
2.321300000000000182e+03 2.404601598358163325e-02
2.322099999999999909e+03 1.861885055657630517e-02
2.323000000000000000e+03 1.332089820823271001e-02
2.323900000000000091e+03 1.398314920155592500e-02
2.324699999999999818e+03 1.460246636865701782e-02
2.325599999999999909e+03 1.559276386254597468e-02
2.326500000000000000e+03 1.091587512244990635e-02
2.327300000000000182e+03 1.339277478148102538e-02
2.328199999999999818e+03 1.771547465138080188e-02
2.329099999999999909e+03 1.194905083987893128e-02
2.329900000000000091e+03 1.261201590943348758e-02
2.330800000000000182e+03 1.206598385633476066e-02
2.331699999999999818e+03 1.009911839553846551e-02
2.332500000000000000e+03 2.117616471079424023e-02
2.333400000000000091e+03 1.965921849825343071e-02
2.334300000000000182e+03 1.836209317416716627e-02
2.335099999999999909e+03 1.881228261228040655e-02
2.336000000000000000e+03 1.425455683075759795e-02
2.336900000000000091e+03 6.028932951887721291e-03
2.337699999999999818e+03 6.530068830845124454e-03
2.338599999999999909e+03 1.248983790729924978e-02
2.339400000000000091e+03 1.742966149148512944e-02
2.340300000000000182e+03 1.363916147103488158e-02
2.341199999999999818e+03 1.169560781243061953e-02
2.342000000000000000e+03 1.309210645655694769e-02
2.342900000000000091e+03 1.541840942687190338e-02
2.343800000000000182e+03 1.881484616593071674e-02
2.344599999999999909e+03 2.097351870528475423e-02
2.345500000000000000e+03 1.870734942619094870e-02
2.346300000000000182e+03 1.473192516212747452e-02
2.347199999999999818e+03 1.607336070365677355e-02
2.348099999999999909e+03 1.290327576387944458e-02
2.348900000000000091e+03 3.039932444106343678e-03
2.349800000000000182e+03 1.263803860689036856e-02
2.350599999999999909e+03 1.115656021752715540e-02
2.351500000000000000e+03 1.834273127700647779e-02
2.352400000000000091e+03 1.492485106994248349e-02
2.353199999999999818e+03 2.280514919550168107e-02
2.354099999999999909e+03 2.648532932334005108e-02
2.354900000000000091e+03 2.367813040585350914e-02
2.355800000000000182e+03 2.404576139354493158e-02
2.356699999999999818e+03 1.147594964796540620e-02
2.357500000000000000e+03 1.447320892041387662e-02
2.358400000000000091e+03 5.451193224977241708e-03
2.359199999999999818e+03 1.240306310176470320e-02
2.360099999999999909e+03 1.556594238884173934e-02
2.361000000000000000e+03 1.126416106543646004e-02
2.361800000000000182e+03 1.002731160405610084e-02
2.362699999999999818e+03 1.000051311510198257e-02
2.363500000000000000e+03 1.291919381856435414e-02
2.364400000000000091e+03 1.870121359417246942e-02
2.365300000000000182e+03 2.037119347333704589e-02
2.366099999999999909e+03 7.757974611811857199e-03
2.367000000000000000e+03 5.562976584664957799e-03
2.367800000000000182e+03 2.014186560478781890e-02
2.368699999999999818e+03 2.037133682152637848e-02
2.369500000000000000e+03 1.531254964143487739e-02
2.370400000000000091e+03 9.844427880005141018e-03
2.371300000000000182e+03 1.133741905525451066e-02
2.372099999999999909e+03 1.098327417275529391e-02
2.373000000000000000e+03 1.248137077772755801e-02
2.373800000000000182e+03 1.887433891289420212e-02
2.374699999999999818e+03 1.573457049992438989e-02
2.375500000000000000e+03 3.347868603618304583e-03
2.376400000000000091e+03 2.987577943671920928e-03
2.377199999999999818e+03 9.682464567127697236e-03
2.378099999999999909e+03 1.407825526221263140e-02
2.379000000000000000e+03 1.235463786561327715e-02
2.379800000000000182e+03 5.613206806963579217e-03
2.380699999999999818e+03 7.895065167638016038e-03
2.381500000000000000e+03 5.305075763017417720e-03
2.382400000000000091e+03 1.035506057308763737e-02
2.383199999999999818e+03 1.179501459112418729e-02
2.384099999999999909e+03 8.475494996534042869e-03
2.384900000000000091e+03 5.469738833735363764e-03
2.385800000000000182e+03 4.426081927060482313e-03
2.386599999999999909e+03 8.270167472764418035e-03
2.387500000000000000e+03 1.026092173285472926e-02
2.388400000000000091e+03 2.063273297026247885e-02
2.389199999999999818e+03 8.829705672843572717e-03
2.390099999999999909e+03 1.129745401049058774e-02
2.390900000000000091e+03 4.007239262837442029e-03
2.391800000000000182e+03 4.852260054860625324e-03
2.392599999999999909e+03 1.197035016848568660e-02
2.393500000000000000e+03 6.629075068989001042e-03
2.394300000000000182e+03 -1.532536937612710270e-03
2.395199999999999818e+03 8.138796433063396132e-03
2.396000000000000000e+03 1.291110882057618439e-02
2.396900000000000091e+03 1.344186098817347699e-02
2.397699999999999818e+03 3.439754025499574836e-03
2.398599999999999909e+03 -1.447229311124188442e-04
2.399400000000000091e+03 1.327795100274210480e-02
2.400300000000000182e+03 9.793415854454942324e-03
2.401099999999999909e+03 1.552916275407557889e-02
2.402000000000000000e+03 8.325929389725667679e-03
2.402800000000000182e+03 1.229053931235852409e-02
2.403699999999999818e+03 1.179895788163553075e-02
2.404500000000000000e+03 1.257307741252431700e-02
2.405400000000000091e+03 1.289174388611084333e-02
2.406199999999999818e+03 1.879705288778163019e-03
2.407099999999999909e+03 1.733379459696951898e-03
2.407900000000000091e+03 1.242130432048844588e-02
2.408800000000000182e+03 1.181827538924265682e-02
2.409599999999999909e+03 6.694418001194816538e-03
2.410500000000000000e+03 1.029332960400526457e-02
2.411300000000000182e+03 8.522747377991933548e-03
2.412199999999999818e+03 1.070689263123843563e-02
2.413000000000000000e+03 6.107568638104146630e-03
2.413400000000000091e+03 3.554084515657705227e-03
2.413900000000000091e+03 1.590849320880673157e-02
2.414199999999999818e+03 1.241565264432006530e-02
2.414699999999999818e+03 1.630722976047908196e-02
2.415099999999999909e+03 1.373376296701891638e-02
2.415599999999999909e+03 1.328515981662087633e-02
2.415900000000000091e+03 9.530526556735845894e-03
2.416400000000000091e+03 1.582899201707724246e-02
2.416800000000000182e+03 1.049800312430226867e-02
2.417300000000000182e+03 7.792380788552769749e-03
2.417699999999999818e+03 9.772846730482624006e-03
2.418099999999999909e+03 1.033468843605611642e-02
2.418500000000000000e+03 5.249465915227397375e-03
2.419000000000000000e+03 8.854409220658433083e-03
2.419400000000000091e+03 1.253113123637441054e-02
2.419800000000000182e+03 1.478017959561065200e-02
2.420199999999999818e+03 1.167090665845652540e-02
2.420699999999999818e+03 7.008631389022072777e-03
2.421099999999999909e+03 7.657590762655261570e-03
2.421500000000000000e+03 3.384772026654883463e-04
2.422000000000000000e+03 4.763353385704582540e-03
2.422400000000000091e+03 5.996143745957667817e-03
2.422800000000000182e+03 4.962289445560633463e-03
2.423199999999999818e+03 5.457466920996629882e-03
2.423699999999999818e+03 8.730219642124104756e-03
2.424099999999999909e+03 1.593006794006865054e-02
2.424500000000000000e+03 1.634062134119776410e-02
2.424900000000000091e+03 1.702132720468825522e-02
2.425400000000000091e+03 1.311552696870994100e-02
2.425699999999999818e+03 6.890468180970642405e-03
2.426300000000000182e+03 1.262911331969161256e-02
2.426599999999999909e+03 1.144678045015995634e-02
2.427099999999999909e+03 8.349907177230803113e-03
2.427400000000000091e+03 1.384399092869939563e-02
2.428000000000000000e+03 7.580737889423974293e-03
2.428300000000000182e+03 1.054697481458403453e-02
2.428800000000000182e+03 1.110867686245714352e-02
2.429099999999999909e+03 8.339959485381697596e-03
2.429699999999999818e+03 1.004872520232640530e-02
2.430000000000000000e+03 1.179116257318035127e-02
2.430500000000000000e+03 9.260081956163925682e-03
2.430800000000000182e+03 1.008903784771225838e-02
2.431400000000000091e+03 4.648542982794499727e-04
2.431699999999999818e+03 2.884756422239694203e-03
2.432300000000000182e+03 1.076680711692402925e-02
2.432500000000000000e+03 1.005245081693581163e-02
2.433099999999999909e+03 9.168497752348818072e-03
2.433400000000000091e+03 1.648576988601632709e-02
2.434000000000000000e+03 1.862673822341960259e-02
2.434199999999999818e+03 2.082895648477977799e-02
2.434800000000000182e+03 2.589660523000972964e-02
2.435000000000000000e+03 2.003469671876956237e-02
2.435699999999999818e+03 1.754660299897876918e-02
2.435900000000000091e+03 1.458040212954816658e-02
2.436500000000000000e+03 1.271977519594275075e-02
2.436699999999999818e+03 1.304038927713551191e-02
2.437400000000000091e+03 1.781365900772984012e-02
2.437599999999999909e+03 2.225101342783709912e-02
2.438300000000000182e+03 1.132999481601434238e-02
2.438400000000000091e+03 8.642897436688756416e-03
2.439099999999999909e+03 1.237752890969937361e-02
2.439300000000000182e+03 1.143340801673430572e-02
2.440000000000000000e+03 2.080729971707398485e-02
2.440099999999999909e+03 2.675243055546222895e-02
2.440800000000000182e+03 2.297706850232029974e-02
2.440900000000000091e+03 1.334411216911180961e-02
2.441699999999999818e+03 1.339168863524914203e-02
2.441800000000000182e+03 1.688499159417434711e-02
2.442500000000000000e+03 1.937062117317760873e-02
2.442599999999999909e+03 7.687397381912285978e-03
2.443400000000000091e+03 1.104850068782611480e-02
2.443500000000000000e+03 1.618179790319745903e-02
2.444199999999999818e+03 1.404173520497057834e-02
2.444300000000000182e+03 1.808077917477623683e-02
2.445099999999999909e+03 2.334971071457185576e-02
2.445199999999999818e+03 1.808323192918272204e-02
2.445900000000000091e+03 1.893505423587232839e-02
2.446000000000000000e+03 1.943598514351496664e-02
2.446800000000000182e+03 2.437346100784931052e-02
2.447699999999999818e+03 1.972002635466195419e-02
2.448500000000000000e+03 2.208165935704060195e-02
2.449400000000000091e+03 2.580608978108100623e-02
2.450199999999999818e+03 2.155553577470595283e-02
2.451099999999999909e+03 1.718730108743721924e-02
2.451900000000000091e+03 2.186893807537372558e-02
2.452699999999999818e+03 2.653569062115810825e-02
2.452800000000000182e+03 2.936334795478668519e-02
2.453599999999999909e+03 2.352729176610800221e-02
2.454400000000000091e+03 2.066341525889150293e-02
2.454500000000000000e+03 2.388972993936912606e-02
2.455300000000000182e+03 2.813059795949337388e-02
2.456099999999999909e+03 2.468545228095913452e-02
2.456199999999999818e+03 2.277137909667851373e-02
2.456900000000000091e+03 2.549496973424865073e-02
2.457000000000000000e+03 2.567812188857071867e-02
2.457800000000000182e+03 3.105433022733681409e-02
2.457900000000000091e+03 3.696364749864039512e-02
2.458599999999999909e+03 3.285218431554137036e-02
2.458699999999999818e+03 3.053337452198037760e-02
2.459500000000000000e+03 2.654927376338741402e-02
2.459599999999999909e+03 2.689084453351171106e-02
2.460300000000000182e+03 3.295301152865320882e-02
2.460400000000000091e+03 3.107387755467205109e-02
2.461099999999999909e+03 3.526626742157626393e-02
2.461300000000000182e+03 3.806798986789439176e-02
2.462000000000000000e+03 3.832608372214480613e-02
2.462099999999999909e+03 4.002770716328819811e-02
2.462800000000000182e+03 3.076283476166501857e-02
2.463000000000000000e+03 2.582997290197724949e-02
2.463699999999999818e+03 2.874022529589220429e-02
2.463800000000000182e+03 3.048539153245667654e-02
2.464500000000000000e+03 3.909799820142811910e-02
2.464699999999999818e+03 3.765584225920279998e-02
2.465300000000000182e+03 3.529660103015568040e-02
2.465500000000000000e+03 3.095516199010271002e-02
2.466199999999999818e+03 2.739357590252036040e-02
2.466400000000000091e+03 3.170718217562204511e-02
2.467000000000000000e+03 2.820694544842101276e-02
2.467199999999999818e+03 3.286464217420796696e-02
2.467900000000000091e+03 3.956450777478020403e-02
2.468099999999999909e+03 3.491885789618820457e-02
2.468699999999999818e+03 2.954187240432933070e-02
2.468900000000000091e+03 3.446678834926285989e-02
2.469500000000000000e+03 3.478890538759576989e-02
2.469800000000000182e+03 3.220673095121914797e-02
2.470400000000000091e+03 3.850623838688204542e-02
2.470599999999999909e+03 3.492655707778161145e-02
2.471199999999999818e+03 3.899151927893219904e-02
2.471500000000000000e+03 3.699694889970058659e-02
2.472000000000000000e+03 2.912373341449459030e-02
2.472300000000000182e+03 3.519229276015793662e-02
2.472900000000000091e+03 3.772155125408778453e-02
2.473199999999999818e+03 3.032060999682849312e-02
2.473699999999999818e+03 3.516452550861460385e-02
2.474000000000000000e+03 3.880658263391313645e-02
2.474599999999999909e+03 3.774714957106098390e-02
2.474900000000000091e+03 3.141004725237676876e-02
2.475400000000000091e+03 2.811473442964547084e-02
2.475699999999999818e+03 2.623647263362126336e-02
2.476199999999999818e+03 3.620196667147582148e-02
2.476500000000000000e+03 3.932858458103997978e-02
2.477099999999999909e+03 2.936894000048362319e-02
2.477400000000000091e+03 4.264151254253724377e-02
2.477900000000000091e+03 4.084341058783390321e-02
2.478199999999999818e+03 4.104762921712577090e-02
2.478699999999999818e+03 3.164082738809469858e-02
2.479099999999999909e+03 3.119361050214707054e-02
2.479599999999999909e+03 4.221074983922345342e-02
2.479900000000000091e+03 3.112896930103202509e-02
2.480400000000000091e+03 2.472118980072846028e-02
2.480800000000000182e+03 2.251405260834331290e-02
2.481199999999999818e+03 2.758563659396488094e-02
2.481599999999999909e+03 2.746556364415718085e-02
2.482099999999999909e+03 4.181541658875023021e-02
2.482500000000000000e+03 4.282106179366285820e-02
2.482900000000000091e+03 3.509145004660978173e-02
2.483300000000000182e+03 2.758595519072032376e-02
2.483800000000000182e+03 3.591813102741949620e-02
2.484199999999999818e+03 3.399027978035320391e-02
2.484599999999999909e+03 3.125857805884889318e-02
2.485000000000000000e+03 2.846761275583038070e-02
2.485400000000000091e+03 3.810307306181316689e-02
2.485800000000000182e+03 3.322920141457751803e-02
2.486300000000000182e+03 3.087262588859611759e-02
2.486699999999999818e+03 3.031836170396852090e-02
2.487099999999999909e+03 2.430788367442848763e-02
2.487500000000000000e+03 2.869767507995233877e-02
2.487900000000000091e+03 3.247767164044479404e-02
2.488400000000000091e+03 2.901092882365104153e-02
2.488800000000000182e+03 3.149502313521477387e-02
2.489199999999999818e+03 4.058032017144727610e-02
2.489599999999999909e+03 3.776985432370874585e-02
2.490099999999999909e+03 3.964746313078483519e-02
2.490400000000000091e+03 3.727925211904694475e-02
2.490900000000000091e+03 3.248478390263125071e-02
2.491300000000000182e+03 2.431311378768953937e-02
2.491699999999999818e+03 1.627881826713313898e-02
2.492099999999999909e+03 2.240660655062633178e-02
2.492599999999999909e+03 2.282895204664710589e-02
2.492900000000000091e+03 2.668017816929741173e-02
2.493400000000000091e+03 2.397818070077223016e-02
2.493800000000000182e+03 2.827393210286250139e-02
2.494300000000000182e+03 2.651142819180461047e-02
2.494599999999999909e+03 2.729240495448510134e-02
2.495099999999999909e+03 2.367247545950908541e-02
2.495400000000000091e+03 1.543666575875692407e-02
2.496000000000000000e+03 1.739425791461438400e-02
2.496300000000000182e+03 2.026802368527317461e-02
2.496800000000000182e+03 1.733833166036685691e-02
2.497099999999999909e+03 3.140548333626038552e-02
2.497599999999999909e+03 2.915433503361061079e-02
2.497900000000000091e+03 2.272118418504205650e-02
2.498500000000000000e+03 2.166308675750407836e-02
2.498800000000000182e+03 1.960426217020730735e-02
2.499300000000000182e+03 1.609581811106867988e-02
2.499599999999999909e+03 2.330803884740494450e-02
2.500199999999999818e+03 2.858690635386371831e-02
2.500400000000000091e+03 2.509167129470585983e-02
2.501000000000000000e+03 2.630908410423612662e-02
2.501300000000000182e+03 1.821590172895778958e-02
2.501800000000000182e+03 1.617769691726935605e-02
2.502099999999999909e+03 2.003264124993467052e-02
2.502699999999999818e+03 2.124348305557305708e-02
2.502900000000000091e+03 1.347495325385600698e-02
2.503500000000000000e+03 1.272419088485572669e-02
2.503800000000000182e+03 1.662843379444034486e-02
2.504400000000000091e+03 2.276770764132959174e-02
2.504599999999999909e+03 2.894091665743304606e-02
2.505199999999999818e+03 2.269787307857938641e-02
2.505400000000000091e+03 1.165705323907072558e-02
2.506000000000000000e+03 8.833502703704202569e-03
2.506199999999999818e+03 2.206231062478471519e-02
2.506900000000000091e+03 2.278904353666157817e-02
2.507099999999999909e+03 1.821256314823406150e-02
2.507699999999999818e+03 1.648094093291588291e-02
2.507900000000000091e+03 1.356927708093215272e-02
2.508599999999999909e+03 1.296056479942201897e-02
2.508699999999999818e+03 1.229829240094737139e-02
2.509400000000000091e+03 1.027834228826990728e-02
2.509599999999999909e+03 1.530149386366418986e-02
2.510199999999999818e+03 1.406868899610647441e-02
2.510400000000000091e+03 1.354519269433843154e-02
2.511099999999999909e+03 1.974916940034610047e-02
2.511199999999999818e+03 1.863448290127499990e-02
2.511900000000000091e+03 1.424043317909324743e-02
2.512099999999999909e+03 1.502422368560670657e-02
2.512800000000000182e+03 9.822490592689789302e-03
2.512900000000000091e+03 1.522284874028864352e-02
2.513599999999999909e+03 1.820429714352986283e-02
2.513699999999999818e+03 2.586952233056691308e-02
2.514400000000000091e+03 1.462669714840243891e-02
2.514500000000000000e+03 1.346234039083636300e-02
2.515300000000000182e+03 1.635694353469371864e-02
2.515400000000000091e+03 1.341291414096319225e-02
2.516099999999999909e+03 1.686328207461303130e-02
2.516199999999999818e+03 1.249273460020994958e-02
2.516900000000000091e+03 1.407113493276245311e-02
2.517000000000000000e+03 1.556671927432912855e-02
2.517800000000000182e+03 1.977299852152095139e-02
2.517900000000000091e+03 1.846688990854439966e-02
2.518599999999999909e+03 1.239459168416217304e-02
2.518699999999999818e+03 1.093967677114991884e-02
2.519500000000000000e+03 1.398150702909918032e-02
2.520300000000000182e+03 1.098031537316615860e-02
2.520400000000000091e+03 8.974798128854771448e-03
2.521099999999999909e+03 9.391512495185865700e-03
2.521199999999999818e+03 1.893110823689378788e-02
2.522000000000000000e+03 1.449395509574142801e-02
2.522800000000000182e+03 8.878033980861137556e-03
2.523599999999999909e+03 1.537419877940535834e-02
2.523699999999999818e+03 2.025235471377177104e-02
2.524500000000000000e+03 1.255562948023548897e-02
2.525300000000000182e+03 1.484436120914977078e-02
2.526099999999999909e+03 1.185985831702820147e-02
2.527000000000000000e+03 1.020264597324831678e-02
2.527800000000000182e+03 1.346539835170391074e-02
2.528599999999999909e+03 7.412620496502791111e-03
2.528699999999999818e+03 6.119149309149061328e-03
2.529500000000000000e+03 1.268688274093646151e-02
2.530300000000000182e+03 1.727112162182449159e-02
2.531099999999999909e+03 1.574326317661771391e-02
2.531199999999999818e+03 1.779208116208852442e-02
2.531900000000000091e+03 1.100204521527095580e-02
2.532000000000000000e+03 5.565179172741374115e-03
2.532800000000000182e+03 7.247607522581297340e-03
2.533599999999999909e+03 1.070283384112221195e-02
2.533699999999999818e+03 4.938590676513338051e-03
2.534400000000000091e+03 -1.454462032773596019e-03
2.534500000000000000e+03 8.331164568388279429e-03
2.535199999999999818e+03 1.085483500923898822e-02
2.535300000000000182e+03 1.646061677533755888e-02
2.536099999999999909e+03 9.999093115190722109e-03
2.536199999999999818e+03 4.452680136144212750e-03
2.536900000000000091e+03 1.035289122231967257e-02
2.537000000000000000e+03 5.842742778044160076e-03
2.537699999999999818e+03 1.436615008907204862e-03
2.537800000000000182e+03 1.187238750718295653e-03
2.538500000000000000e+03 1.152211909066083034e-02
2.538699999999999818e+03 2.438968883396101794e-02
2.539400000000000091e+03 1.939956660715668260e-02
2.539500000000000000e+03 9.113245230512332165e-03
2.540199999999999818e+03 1.287283060522814021e-02
2.540300000000000182e+03 2.112514725829874387e-02
2.541000000000000000e+03 1.336005548472959589e-02
2.541099999999999909e+03 1.184706786196485645e-02
2.541800000000000182e+03 1.772371648150445483e-02
2.542000000000000000e+03 2.197793391136612998e-02
2.542699999999999818e+03 1.832798467936152392e-02
2.542800000000000182e+03 4.828331458421962659e-03
2.543500000000000000e+03 -3.387930802537245795e-03
2.543599999999999909e+03 1.496793073250432191e-02
2.544300000000000182e+03 2.411116969644266222e-02
2.544500000000000000e+03 1.087068104451070771e-02
2.545099999999999909e+03 7.206255060474618321e-03
2.545300000000000182e+03 3.998146772567739982e-03
2.546000000000000000e+03 6.829953632680508396e-03
2.546099999999999909e+03 1.275576631095311567e-02
2.546800000000000182e+03 1.356328820849997743e-02
2.547000000000000000e+03 1.474278580953656409e-02
2.547599999999999909e+03 1.995080407864097127e-02
2.547800000000000182e+03 2.313325352505297278e-02
2.548400000000000091e+03 1.177072612611856223e-02
2.548599999999999909e+03 9.582024557586140204e-03
2.549300000000000182e+03 1.096748395186885987e-02
2.549500000000000000e+03 8.586199426737580256e-03
2.550099999999999909e+03 1.398315641053238245e-02
2.550300000000000182e+03 1.318804764320725270e-02
2.550900000000000091e+03 1.042136617710193343e-02
2.551099999999999909e+03 1.509681629080124321e-02
2.551699999999999818e+03 1.503549852235906009e-02
2.551900000000000091e+03 1.604039900587489811e-02
2.552599999999999909e+03 1.581586016349281060e-02
2.552800000000000182e+03 1.540933501883809745e-02
2.553400000000000091e+03 1.624076582321357098e-02
2.553599999999999909e+03 2.618260036558967691e-02
2.554199999999999818e+03 1.665226167083364711e-02
2.554400000000000091e+03 1.162093928239365560e-02
2.555000000000000000e+03 5.402733953915562701e-03
2.555300000000000182e+03 6.257542272790778300e-03
2.555800000000000182e+03 9.534291095883955583e-03
2.556099999999999909e+03 1.056645307880073673e-02
2.556699999999999818e+03 1.684694917283336563e-02
2.556900000000000091e+03 2.293948243678772120e-02
2.557500000000000000e+03 1.072851911564638543e-02
2.557699999999999818e+03 1.144303630157418594e-02
2.558300000000000182e+03 2.075822610305939203e-02
2.558599999999999909e+03 1.386929312312629170e-02
2.559099999999999909e+03 4.234381869811044106e-03
2.559400000000000091e+03 1.160506516760995144e-02
2.560000000000000000e+03 2.821041110966636747e-02
2.560199999999999818e+03 1.697518615539598402e-02
2.560800000000000182e+03 1.081018183930249066e-02
2.561099999999999909e+03 1.497991510571380219e-02
2.561599999999999909e+03 1.353917188403759922e-02
2.561900000000000091e+03 1.472621479122350821e-02
2.562400000000000091e+03 7.863537823800607895e-03
2.562699999999999818e+03 9.382602603265793526e-03
2.563199999999999818e+03 1.472457438564420823e-02
2.563500000000000000e+03 1.664779281970615171e-02
2.564099999999999909e+03 2.057813333010382467e-02
2.564400000000000091e+03 1.242393161939341767e-02
2.564900000000000091e+03 8.289786877248406238e-03
2.565199999999999818e+03 1.889818120383374850e-02
2.565699999999999818e+03 2.504778478925487328e-02
2.566000000000000000e+03 2.202696951866131916e-02
2.566500000000000000e+03 1.821231811952965518e-02
2.566800000000000182e+03 1.566679606073842490e-02
2.567300000000000182e+03 1.240480748199565206e-02
2.567699999999999818e+03 1.247141095120332319e-02
2.568199999999999818e+03 2.826719104741355886e-03
2.568500000000000000e+03 1.144233517784664506e-02
2.569000000000000000e+03 2.284059705061396162e-02
2.569300000000000182e+03 2.301320495799862031e-02
2.569800000000000182e+03 1.893562675830975581e-02
2.570099999999999909e+03 1.652564242957701296e-02
2.570599999999999909e+03 2.362845671069859627e-02
2.571000000000000000e+03 2.050956908865492548e-02
2.571400000000000091e+03 1.657941144552410595e-02
2.571800000000000182e+03 8.690807521751107642e-03
2.572300000000000182e+03 1.350638163251194346e-02
2.572599999999999909e+03 1.155450495094637389e-02
2.573099999999999909e+03 8.716457877546761324e-03
2.573400000000000091e+03 1.178311537655014549e-02
2.573900000000000091e+03 2.256388150165301865e-02
2.574300000000000182e+03 1.663228042881736285e-02
2.574699999999999818e+03 1.229123716365524040e-02
2.575099999999999909e+03 2.033837679983400981e-02
2.575500000000000000e+03 2.085682696326172578e-02
2.575900000000000091e+03 1.960249623853665274e-02
2.576400000000000091e+03 2.894709687422411179e-02
2.576699999999999818e+03 2.442564734705185425e-02
2.577199999999999818e+03 2.119126841425650332e-02
2.577599999999999909e+03 2.587491676167948118e-02
2.578000000000000000e+03 2.098182510998597428e-02
2.578400000000000091e+03 2.245039863217634241e-02
2.578800000000000182e+03 1.522768865021310002e-02
2.579199999999999818e+03 8.753923516229583646e-03
2.579599999999999909e+03 2.008829657123483575e-02
2.580000000000000000e+03 5.185589115674056268e-03
2.580400000000000091e+03 1.485712313568900156e-02
2.580900000000000091e+03 1.092051821066189997e-02
2.581300000000000182e+03 2.860572960375147057e-03
2.581699999999999818e+03 1.077840143161911714e-02
2.582099999999999909e+03 1.814432143298980518e-02
2.582500000000000000e+03 1.207493338187565907e-02
2.582900000000000091e+03 1.349477490488028633e-02
2.583300000000000182e+03 1.973455342674206026e-02
2.583699999999999818e+03 2.088063530182611427e-02
2.584199999999999818e+03 1.135253826321000296e-02
2.584500000000000000e+03 1.441497749108891849e-02
2.585000000000000000e+03 8.561197067003282687e-03
2.585300000000000182e+03 1.516455428477764614e-02
2.585800000000000182e+03 1.545411101615526070e-02
2.586199999999999818e+03 1.913425653673566512e-02
2.586599999999999909e+03 1.834190520360940574e-02
2.587000000000000000e+03 1.680277373329050125e-02
2.587400000000000091e+03 1.908701345872809707e-02
2.587800000000000182e+03 1.414464447788845239e-02
2.588300000000000182e+03 1.278742696899648479e-02
2.588599999999999909e+03 1.375243757498055205e-02
2.589099999999999909e+03 2.110573954478216219e-02
2.589400000000000091e+03 1.675807713379205352e-02
2.589900000000000091e+03 2.458402295747847202e-02
2.590199999999999818e+03 1.704101201748248542e-02
2.590699999999999818e+03 1.243124399841561908e-02
2.591099999999999909e+03 1.296924924602563603e-02
2.591500000000000000e+03 1.103878961961555182e-02
2.591900000000000091e+03 1.531541954489497315e-02
2.592400000000000091e+03 1.321031811280653015e-02
2.592699999999999818e+03 1.086591933495096619e-02
2.593199999999999818e+03 8.781545732503285434e-03
2.593500000000000000e+03 8.527858309643913948e-03
2.594000000000000000e+03 7.740892915578658114e-03
2.594300000000000182e+03 1.282812600502074123e-02
2.594800000000000182e+03 1.139361748027590063e-02
2.595099999999999909e+03 1.420026490511021484e-02
2.595699999999999818e+03 1.523412735367829507e-02
2.596000000000000000e+03 1.444672995114530852e-02
2.596500000000000000e+03 2.499890526666350560e-02
2.596800000000000182e+03 2.230040589525047329e-02
2.597300000000000182e+03 1.720454884051794697e-02
2.597599999999999909e+03 1.670333347913289038e-02
2.598099999999999909e+03 1.546746007290491359e-02
2.598400000000000091e+03 8.507882764928489938e-03
2.598900000000000091e+03 1.717588772776205627e-02
2.599199999999999818e+03 1.923226405191810068e-02
2.599699999999999818e+03 1.935199007826667039e-02
2.600000000000000000e+03 9.782828459580950042e-03
2.600599999999999909e+03 1.729171323960229309e-02
2.600800000000000182e+03 1.536676628358986732e-02
2.601400000000000091e+03 9.129361324269447131e-03
2.601699999999999818e+03 1.351905505231881799e-02
2.602199999999999818e+03 1.306050608260574467e-02
2.602500000000000000e+03 1.353743806390588292e-02
2.603000000000000000e+03 1.606140723261578751e-02
2.603300000000000182e+03 8.418050764884547899e-03
2.603800000000000182e+03 1.935827147611389812e-02
2.604099999999999909e+03 1.871687256447854275e-02
2.604699999999999818e+03 1.395240224712867780e-02
2.604900000000000091e+03 1.734922110364585379e-02
2.605500000000000000e+03 1.720250805940225919e-02
2.605699999999999818e+03 1.236994108567544132e-02
2.606300000000000182e+03 1.210637988923704035e-02
2.606500000000000000e+03 1.389846302793475673e-02
2.607099999999999909e+03 1.589636020964715901e-02
2.607400000000000091e+03 2.010756886546320732e-02
2.607900000000000091e+03 1.884931401605693599e-02
2.608199999999999818e+03 1.030382795021457173e-02
2.608699999999999818e+03 1.214232631038752834e-02
2.609000000000000000e+03 2.232377163606570278e-02
2.609599999999999909e+03 1.734366484431709710e-02
2.609800000000000182e+03 7.642272023381210463e-03
2.610400000000000091e+03 1.335890130474049788e-02
2.610599999999999909e+03 1.804839354219364700e-02
2.611199999999999818e+03 1.212994837955791265e-02
2.611400000000000091e+03 1.198925247715774793e-02
2.612000000000000000e+03 1.898081967844437307e-02
2.612199999999999818e+03 2.341656121172258631e-02
2.612800000000000182e+03 1.904374002595124460e-02
2.613000000000000000e+03 2.100821879756614718e-02
2.613599999999999909e+03 9.360076610713349843e-03
2.613900000000000091e+03 3.017512005526132475e-03
2.614500000000000000e+03 1.409869920048786862e-02
2.614699999999999818e+03 2.008569405158487295e-02
2.615300000000000182e+03 1.662007828953433741e-02
2.615500000000000000e+03 1.448731682811467587e-02
2.616099999999999909e+03 1.811804123610546297e-02
2.616300000000000182e+03 1.581915538050577413e-02
2.616900000000000091e+03 1.562846790009007197e-02
2.617099999999999909e+03 1.895421843835331382e-02
2.617699999999999818e+03 2.813305474996000491e-02
2.617900000000000091e+03 1.887861976618625259e-02
2.618500000000000000e+03 1.976871352124212264e-02
2.618699999999999818e+03 2.561525719441724164e-02
2.619400000000000091e+03 1.621241554357031808e-02
2.619500000000000000e+03 1.834576989956138507e-02
2.620199999999999818e+03 1.705063048023865852e-02
2.620300000000000182e+03 1.605385644149351712e-02
2.621000000000000000e+03 1.531058252678544652e-02
2.621199999999999818e+03 1.120948941560785672e-02
2.621800000000000182e+03 1.376079252375538714e-02
2.622000000000000000e+03 1.808808899006826565e-02
2.622599999999999909e+03 2.322346455312604765e-02
2.622800000000000182e+03 2.011445434589963221e-02
2.623400000000000091e+03 2.102084500107426895e-02
2.623599999999999909e+03 2.191381407955662192e-02
2.624199999999999818e+03 1.797231652446350247e-02
2.624400000000000091e+03 9.911040417614440726e-03
2.625099999999999909e+03 2.155991292198094350e-02
2.625199999999999818e+03 1.984466496995221027e-02
2.625900000000000091e+03 1.316576176293493897e-02
2.626000000000000000e+03 9.499098871636368208e-03
2.626699999999999818e+03 1.579266633054284691e-02
2.626800000000000182e+03 1.734990813442946478e-02
2.627500000000000000e+03 2.200964565464165815e-02
2.627599999999999909e+03 1.924298961889188767e-02
2.628300000000000182e+03 1.672933426294166692e-02
2.628500000000000000e+03 2.627139881245572905e-02
2.629099999999999909e+03 2.420589057739889333e-02
2.629300000000000182e+03 1.321851623148482049e-02
2.629900000000000091e+03 1.205045405822454882e-02
2.630099999999999909e+03 4.221726905585988440e-03
2.630699999999999818e+03 1.013436258902095446e-02
2.630900000000000091e+03 7.546953846062206747e-03
2.631599999999999909e+03 2.206025957631504650e-02
2.631699999999999818e+03 2.293691433801823415e-02
2.632400000000000091e+03 1.933880884504014450e-02
2.632500000000000000e+03 1.289589734227778242e-02
2.633199999999999818e+03 1.235859716732920152e-02
2.633300000000000182e+03 1.273918547310983439e-02
2.634000000000000000e+03 1.645669612279210964e-02
2.634099999999999909e+03 1.408173305013748697e-02
2.634800000000000182e+03 1.764637575222586380e-02
2.634900000000000091e+03 1.542454106033866977e-02
2.635599999999999909e+03 1.673133401085309668e-02
2.635699999999999818e+03 1.624944860290170046e-02
2.636400000000000091e+03 2.163573606821731637e-02
2.636500000000000000e+03 1.006593586170004620e-02
2.637199999999999818e+03 1.516459824102444481e-02
2.637300000000000182e+03 1.207784746806680326e-02
2.638000000000000000e+03 1.812817117820539684e-02
2.638199999999999818e+03 2.080153530557175487e-02
2.638900000000000091e+03 2.270715658250876609e-02
2.639000000000000000e+03 1.905303475559514195e-02
2.639699999999999818e+03 1.392414019865262712e-02
2.639800000000000182e+03 1.320468982555511595e-02
2.640500000000000000e+03 1.328681802537803186e-02
2.640599999999999909e+03 1.741893515521726610e-02
2.641300000000000182e+03 1.445739535790193514e-02
2.641400000000000091e+03 3.558597033416501486e-03
2.642099999999999909e+03 1.368023333056770166e-02
2.642199999999999818e+03 1.449983017270709169e-02
2.642900000000000091e+03 1.423333474234049489e-02
2.643000000000000000e+03 1.192530454996410319e-02
2.643699999999999818e+03 2.111382075641462727e-02
2.643800000000000182e+03 1.080536036721875363e-02
2.644500000000000000e+03 1.920561232221360340e-02
2.644599999999999909e+03 1.691455521797336284e-02
2.645300000000000182e+03 2.019098947380106729e-02
2.645400000000000091e+03 1.975751128830402492e-02
2.646099999999999909e+03 1.757802714350422540e-02
2.646199999999999818e+03 1.627649298359001157e-02
2.647000000000000000e+03 1.380234661329861855e-02
2.647800000000000182e+03 1.531993972152229620e-02
2.648599999999999909e+03 9.093673169554986405e-03
2.648699999999999818e+03 8.685687831728976585e-03
2.649400000000000091e+03 7.298093924232154639e-03
2.649500000000000000e+03 6.894981511304958989e-03
2.650199999999999818e+03 8.180494868972307265e-03
2.650300000000000182e+03 1.426217957320962369e-02
2.651000000000000000e+03 1.833806529843606120e-02
2.651099999999999909e+03 8.891099418660619591e-03
2.651800000000000182e+03 1.152032882395860949e-02
2.651900000000000091e+03 1.219525267685073189e-02
2.652599999999999909e+03 1.445990459951099205e-02
2.652699999999999818e+03 1.599451773337471489e-02
2.653400000000000091e+03 1.236730436796041818e-02
2.653500000000000000e+03 1.144460574099962977e-02
2.654199999999999818e+03 1.644824705181861108e-02
2.654300000000000182e+03 1.570782663238084673e-02
2.655000000000000000e+03 8.480961769632493555e-03
2.655099999999999909e+03 1.225290585512570432e-02
2.655800000000000182e+03 1.552244491906057920e-02
2.656699999999999818e+03 5.448904984133663525e-03
2.657500000000000000e+03 7.118601868492134555e-03
2.658300000000000182e+03 5.320071466317890553e-03
2.659099999999999909e+03 1.696316815249068397e-02
2.659900000000000091e+03 1.436565491855316089e-02
2.660699999999999818e+03 1.406481125023392384e-02
2.661500000000000000e+03 8.564800606624079979e-03
2.662300000000000182e+03 1.390106473537724985e-02
2.663099999999999909e+03 1.827015128518447509e-02
2.663900000000000091e+03 1.130603803743798763e-02
2.664699999999999818e+03 1.424066964220501059e-02
2.665500000000000000e+03 1.381608906389257541e-02
2.666300000000000182e+03 1.670787719622056702e-02
2.667099999999999909e+03 1.893736641947346352e-02
2.667900000000000091e+03 1.247455180864474530e-02
2.668699999999999818e+03 1.095318100663837668e-02
2.669500000000000000e+03 1.479494162364259138e-02
2.670300000000000182e+03 1.737250825599061244e-02
2.671099999999999909e+03 1.483522966934207668e-02
2.672000000000000000e+03 1.590413727639866659e-02
2.672800000000000182e+03 1.186805881591811510e-02
2.673599999999999909e+03 2.640571361147186352e-03
2.674400000000000091e+03 3.689412016203669469e-03
2.675199999999999818e+03 1.727419293164303774e-02
2.676000000000000000e+03 1.486293305336574763e-02
2.676800000000000182e+03 1.077813761209225722e-02
2.677599999999999909e+03 7.170009343296380663e-03
2.678400000000000091e+03 1.342478966795728965e-02
2.679199999999999818e+03 7.185143496929261367e-03
2.680000000000000000e+03 1.460654281810755926e-02
2.680800000000000182e+03 1.150706408418882692e-02
2.681599999999999909e+03 1.181632897228231810e-02
2.682400000000000091e+03 1.157782885647043979e-02
2.683199999999999818e+03 1.233352735235289030e-02
2.684000000000000000e+03 1.784624883008667506e-02
2.684800000000000182e+03 1.580711339174459273e-02
2.685599999999999909e+03 7.340460372176976778e-03
2.686400000000000091e+03 1.003817607115046161e-02
2.687199999999999818e+03 1.242066268777616139e-02
2.688000000000000000e+03 3.275531312674679479e-03
2.688800000000000182e+03 3.066801535951135978e-03
2.689599999999999909e+03 8.067887244892976706e-03
2.690400000000000091e+03 1.098916098189918478e-02
2.691199999999999818e+03 9.111340411274242851e-03
2.692000000000000000e+03 1.138342866402496448e-02
2.692800000000000182e+03 1.443005099383728659e-02
2.693599999999999909e+03 1.819654784097824579e-02
2.694400000000000091e+03 1.776073039370168472e-02
2.695199999999999818e+03 1.988210920296093823e-02
2.696000000000000000e+03 1.428987960338003356e-02
2.696800000000000182e+03 1.511333255588487648e-02
2.697599999999999909e+03 1.101155063256055444e-02
2.698400000000000091e+03 1.942588612621150984e-02
2.699199999999999818e+03 2.108830918518696251e-02
2.700000000000000000e+03 1.908365281997757845e-02
2.700800000000000182e+03 7.700398017906283019e-03
2.701599999999999909e+03 7.310121472603209325e-03
2.702400000000000091e+03 5.860484201313246461e-03
2.703199999999999818e+03 7.311637842526438544e-03
2.704000000000000000e+03 1.183278164430001320e-02
2.704800000000000182e+03 1.630530635400156622e-02
2.705599999999999909e+03 1.221351942096723930e-02
2.706400000000000091e+03 2.328391539237580424e-02
2.707199999999999818e+03 2.033253897826993103e-02
2.708000000000000000e+03 1.368098676480979277e-02
2.708699999999999818e+03 1.305940959693742756e-02
2.709500000000000000e+03 1.695838310049732622e-02
2.710300000000000182e+03 1.338186339896405182e-02
2.711099999999999909e+03 1.395375707253261946e-02
2.711900000000000091e+03 1.421985671491573198e-02
2.712699999999999818e+03 8.292679763607419333e-03
2.713500000000000000e+03 1.404651894418877320e-02
2.714300000000000182e+03 1.262281123686115683e-02
2.715099999999999909e+03 1.270251346313301666e-02
2.715900000000000091e+03 1.915170640960072584e-02
2.716699999999999818e+03 1.613342999835651673e-02
2.717500000000000000e+03 2.047586160755867843e-02
2.718300000000000182e+03 5.490430653404564099e-03
2.719099999999999909e+03 1.113268585811252528e-02
2.719900000000000091e+03 1.145924872606793668e-02
2.720699999999999818e+03 1.191332597243356661e-02
2.721500000000000000e+03 1.346918430391298369e-02
2.722300000000000182e+03 1.320535429401622357e-02
2.723099999999999909e+03 1.013382451189808256e-02
2.723800000000000182e+03 8.845780707206141874e-03
2.724599999999999909e+03 1.227860868640954020e-02
2.725400000000000091e+03 9.322353048838296491e-03
2.726199999999999818e+03 1.424370781500937724e-02
2.727000000000000000e+03 1.329717355472332871e-02
2.727800000000000182e+03 8.379580754292969419e-03
2.728599999999999909e+03 9.927423584837157325e-03
2.729400000000000091e+03 9.814119580658480987e-03
2.730199999999999818e+03 4.411542590127100899e-03
2.731000000000000000e+03 6.984151084737729928e-03
2.731800000000000182e+03 1.788960615908072663e-02
2.732599999999999909e+03 1.909632799686507287e-02
2.733300000000000182e+03 1.371034008903328737e-02
2.734099999999999909e+03 6.536461387366875909e-03
2.734900000000000091e+03 9.131766665851781192e-03
2.735699999999999818e+03 3.667683886062243249e-03
2.736500000000000000e+03 1.024594249038690390e-02
2.737300000000000182e+03 1.985546766615303368e-02
2.738099999999999909e+03 1.372674673433477849e-02
2.738900000000000091e+03 1.849830150308739984e-02
2.739699999999999818e+03 1.833299115221661418e-02
2.740500000000000000e+03 9.389508591871854881e-03
2.741300000000000182e+03 4.918582500227223694e-03
2.742000000000000000e+03 9.962842009216687708e-03
2.742800000000000182e+03 1.051932177588023667e-02
2.743599999999999909e+03 7.601607523628589949e-03
2.744400000000000091e+03 1.249025819874597168e-02
2.745199999999999818e+03 1.891053253143858831e-02
2.746000000000000000e+03 1.278595029313408724e-02
2.746800000000000182e+03 1.250021917100674167e-02
2.747599999999999909e+03 1.722104579680255182e-02
2.748400000000000091e+03 1.041148040803457561e-02
2.749099999999999909e+03 8.631873386639041940e-03
2.749900000000000091e+03 1.654650594436834349e-02
2.750699999999999818e+03 1.707775861324318037e-02
2.751500000000000000e+03 1.494807712091777985e-02
2.752300000000000182e+03 1.095857408297233083e-02
2.753099999999999909e+03 3.970343185345464113e-03
2.753900000000000091e+03 5.509567174134921697e-03
2.754699999999999818e+03 1.531167008422770585e-02
2.755400000000000091e+03 1.733985228384707714e-02
2.756199999999999818e+03 2.127281182908406093e-02
2.757000000000000000e+03 1.443168040385742201e-02
2.757800000000000182e+03 8.074021588010545439e-03
2.758599999999999909e+03 1.332602277269915279e-02
2.759400000000000091e+03 1.131748776163851028e-02
2.760199999999999818e+03 1.352758255406903351e-02
2.760900000000000091e+03 1.373674343453690910e-02
2.761699999999999818e+03 2.822883911985058641e-03
2.762500000000000000e+03 4.893032856583785090e-03
2.763300000000000182e+03 7.915017902436193367e-03
2.764099999999999909e+03 8.295050410160244303e-03
2.764900000000000091e+03 1.004613462809831465e-02
2.765599999999999909e+03 1.155908302622403808e-02
2.766400000000000091e+03 1.648179928132904176e-02
2.767199999999999818e+03 1.061658826311302414e-02
2.768000000000000000e+03 7.119004458512915093e-03
2.768800000000000182e+03 1.217386182737849668e-02
2.769599999999999909e+03 1.220253734244751594e-02
2.770400000000000091e+03 1.003772356509012587e-02
2.771099999999999909e+03 1.392136308449809859e-02
2.771900000000000091e+03 1.092200874080424995e-02
2.772699999999999818e+03 5.868676364873134065e-03
2.773500000000000000e+03 1.266318172069706011e-02
2.774300000000000182e+03 1.194439648569547638e-02
2.775099999999999909e+03 1.354936642292184357e-02
2.775800000000000182e+03 9.945802906702038218e-03
2.776599999999999909e+03 1.188638425312126511e-02
2.777400000000000091e+03 5.078981878575927929e-03
2.778199999999999818e+03 1.170789508725778028e-02
2.779000000000000000e+03 9.628496202541411003e-03
2.779699999999999818e+03 3.450992203508822589e-03
2.780500000000000000e+03 2.074934079167034973e-03
2.781300000000000182e+03 1.089862192097207014e-02
2.782099999999999909e+03 1.203804383478246365e-02
2.782900000000000091e+03 1.481160101820692271e-02
2.783699999999999818e+03 8.720543251819784514e-03
2.784400000000000091e+03 1.109019921200284260e-02
2.785199999999999818e+03 1.666567545011519991e-02
2.786000000000000000e+03 1.125442252550598946e-02
2.786800000000000182e+03 1.158229791220479615e-02
2.787599999999999909e+03 1.277046416396175263e-02
2.788300000000000182e+03 5.109566757420102613e-03
2.789099999999999909e+03 8.363164330499930563e-03
2.789900000000000091e+03 6.651631673751871865e-03
2.790699999999999818e+03 1.086907427443653193e-02
2.791500000000000000e+03 1.883368553379184684e-02
2.792199999999999818e+03 9.686100805933912927e-03
2.793000000000000000e+03 8.336481281230831777e-03
2.793800000000000182e+03 1.559961138751513911e-02
2.794599999999999909e+03 1.268711729059743276e-02
2.795300000000000182e+03 1.268519231237552614e-02
2.796099999999999909e+03 1.133104512682813619e-02
2.796900000000000091e+03 7.039063297697715355e-03
2.797699999999999818e+03 1.417979119243250111e-02
2.798500000000000000e+03 1.139666906387128142e-02
2.799199999999999818e+03 1.024837294569662209e-02
2.800000000000000000e+03 9.508887726203894483e-03
2.800800000000000182e+03 1.289692358325091569e-02
2.801599999999999909e+03 1.048120897514388458e-02
2.802400000000000091e+03 9.109123114406151439e-03
2.803099999999999909e+03 9.239602208746776346e-03
2.803900000000000091e+03 7.851930207352718349e-03
2.804699999999999818e+03 7.155335938608478781e-03
2.805500000000000000e+03 9.000856533827653744e-03
2.806199999999999818e+03 1.238311214186015898e-02
2.807000000000000000e+03 1.473311712069139134e-02
2.807800000000000182e+03 1.573181870184255093e-02
2.808599999999999909e+03 1.295581053996914395e-02
2.809300000000000182e+03 9.707341155646104919e-03
2.810099999999999909e+03 5.748365025218741230e-03
2.810900000000000091e+03 1.029358929469611703e-02
2.811699999999999818e+03 1.400608243481082232e-02
2.812400000000000091e+03 9.524444293458646238e-03
2.813199999999999818e+03 9.699002044775185266e-03
2.814000000000000000e+03 7.562166954615342010e-03
2.814800000000000182e+03 1.093821192261596430e-02
2.815500000000000000e+03 7.142831396510330305e-03
2.816300000000000182e+03 3.723941022700938928e-03
2.817099999999999909e+03 1.113269771128922239e-02
2.817900000000000091e+03 1.619783948583470787e-02
2.818599999999999909e+03 3.701577851455667856e-03
2.819400000000000091e+03 -6.049129663752803466e-04
2.820199999999999818e+03 2.871497388817558644e-03
2.821000000000000000e+03 2.441728249056644121e-04
2.821699999999999818e+03 -4.376978240799196673e-03
2.822500000000000000e+03 -2.413117777883532974e-03
2.823300000000000182e+03 5.923696961599759017e-03
2.824099999999999909e+03 3.654307348075745612e-03
2.824800000000000182e+03 7.039717520667424996e-03
2.825599999999999909e+03 1.192345082536523139e-02
2.826400000000000091e+03 7.240767841357247277e-03
2.827099999999999909e+03 3.425197928003384691e-03
2.827900000000000091e+03 9.852988907362461666e-04
2.828699999999999818e+03 1.264065395606169548e-03
2.829500000000000000e+03 1.249107162384732912e-02
2.830199999999999818e+03 1.685946708049657419e-02
2.831000000000000000e+03 9.642998058156828159e-03
2.831800000000000182e+03 3.962363760972247018e-03
2.832500000000000000e+03 8.275148979819168041e-03
2.833300000000000182e+03 1.441032234383396796e-02
2.834099999999999909e+03 4.194449335348357857e-03
2.834900000000000091e+03 7.798815949436392961e-03
2.835599999999999909e+03 6.821764347282498892e-03
2.836400000000000091e+03 1.156484362142581358e-02
2.837199999999999818e+03 1.477920125972824981e-02
2.837900000000000091e+03 9.508722399994127064e-03
2.838699999999999818e+03 1.228333692347251954e-02
2.839500000000000000e+03 4.521588519384384455e-03
2.840300000000000182e+03 1.284569586714475083e-02
2.841000000000000000e+03 3.032909915416235301e-03
2.841800000000000182e+03 1.853700286436451086e-02
2.842599999999999909e+03 1.732403109421163864e-02
2.843300000000000182e+03 1.579343987973858346e-02
2.844099999999999909e+03 1.105012968588543407e-02
2.844900000000000091e+03 9.443273050278071928e-03
2.845599999999999909e+03 1.104478589045971952e-02
2.846400000000000091e+03 1.148510271390966626e-02
2.847199999999999818e+03 4.038460016940718586e-03
2.847900000000000091e+03 2.785512697594784426e-03
2.848699999999999818e+03 1.183832150829110599e-02
2.849500000000000000e+03 1.981353419985577152e-02
2.850199999999999818e+03 2.291438899148562358e-02
2.851000000000000000e+03 1.420954928973210130e-02
2.851800000000000182e+03 1.745993497867151870e-02
2.852500000000000000e+03 1.438700935336222411e-02
2.853300000000000182e+03 1.455733343549916146e-02
2.854099999999999909e+03 1.221522735122047149e-02
2.854800000000000182e+03 1.835331109353063525e-02
2.855599999999999909e+03 1.775599301560717991e-02
2.856400000000000091e+03 1.098077379810304469e-02
2.857099999999999909e+03 1.042747756198883491e-02
2.857900000000000091e+03 1.170432719644264388e-02
2.858699999999999818e+03 1.770009763471839387e-02
2.859400000000000091e+03 1.658757453205801646e-02
2.860199999999999818e+03 1.537239272741109525e-02
2.861000000000000000e+03 1.474132098737930552e-02
2.861699999999999818e+03 1.786274114006239713e-02
2.862500000000000000e+03 1.259626592335491221e-02
2.863300000000000182e+03 2.450171392991947958e-02
2.864000000000000000e+03 2.715951410817145362e-02
2.864800000000000182e+03 2.285737137784117287e-02
2.865599999999999909e+03 1.950365580871154733e-02
2.866300000000000182e+03 2.170307944109229475e-02
2.867099999999999909e+03 1.874271245907771499e-02
2.867900000000000091e+03 2.128647120979575841e-02
2.868599999999999909e+03 3.162299778493241759e-02
2.869400000000000091e+03 2.773899812941808124e-02
2.870199999999999818e+03 2.223681403827560202e-02
2.870900000000000091e+03 1.575396202641796140e-02
2.871699999999999818e+03 2.043576588777938630e-02
2.872400000000000091e+03 2.294028764177101845e-02
2.873199999999999818e+03 2.988137737196826238e-02
2.874000000000000000e+03 2.498898107403716567e-02
2.874699999999999818e+03 2.277252059971572595e-02
2.875500000000000000e+03 2.478525971100493941e-02
2.876300000000000182e+03 2.997796993307189420e-02
2.877000000000000000e+03 2.682355233297679595e-02
2.877800000000000182e+03 2.566886484211339595e-02
2.878599999999999909e+03 2.594367078041724672e-02
2.879300000000000182e+03 3.479663686795313182e-02
2.880099999999999909e+03 2.802059180630264018e-02
2.880800000000000182e+03 2.459693892256051978e-02
2.881599999999999909e+03 3.066063922564990496e-02
2.882400000000000091e+03 3.517324812955934660e-02
2.883099999999999909e+03 3.956631716832390011e-02
2.883900000000000091e+03 4.286091831549647402e-02
2.884599999999999909e+03 4.584358325838985837e-02
2.885400000000000091e+03 4.029737048859576010e-02
2.886199999999999818e+03 3.756205690326241270e-02
2.886900000000000091e+03 3.865179886999502157e-02
2.887699999999999818e+03 4.473666784794721324e-02
2.888400000000000091e+03 5.660578327687836031e-02
2.889199999999999818e+03 5.372777990216891231e-02
2.890000000000000000e+03 5.328469046013504379e-02
2.890699999999999818e+03 6.442128144131006873e-02
2.891500000000000000e+03 6.432254944432844179e-02
2.892199999999999818e+03 5.708084717596262347e-02
2.893000000000000000e+03 6.464879160428418925e-02
2.893800000000000182e+03 6.609575815404664101e-02
2.894500000000000000e+03 7.188761342073596294e-02
2.895300000000000182e+03 8.022356918734005471e-02
2.896000000000000000e+03 7.239327005282870930e-02
2.896800000000000182e+03 8.496573421908022727e-02
2.897599999999999909e+03 8.234650635451187806e-02
2.898300000000000182e+03 9.266615527603092040e-02
2.899099999999999909e+03 9.860831210154669124e-02
2.899800000000000182e+03 1.055957850222595390e-01
2.900599999999999909e+03 1.029197375090465938e-01
2.901400000000000091e+03 1.117687550237235067e-01
2.902099999999999909e+03 1.211870426199763290e-01
2.902900000000000091e+03 1.237629938651128997e-01
2.903599999999999909e+03 1.439946668259644569e-01
2.904400000000000091e+03 1.491872123947657613e-01
2.905099999999999909e+03 1.453571824554934500e-01
2.905900000000000091e+03 1.510925867965104419e-01
2.906699999999999818e+03 1.508820355590049511e-01
2.907400000000000091e+03 1.521519754022167825e-01
2.908199999999999818e+03 1.648614676031118775e-01
2.908900000000000091e+03 1.807360363461336106e-01
2.909699999999999818e+03 1.781279495225866483e-01
2.910400000000000091e+03 1.715510375827878631e-01
2.911199999999999818e+03 1.752854364561853284e-01
2.911900000000000091e+03 1.804935324949623887e-01
2.912699999999999818e+03 1.598425627454083120e-01
2.913500000000000000e+03 1.499795449090253474e-01
2.914199999999999818e+03 1.497339086117263629e-01
2.915000000000000000e+03 1.285103480917573759e-01
2.915699999999999818e+03 1.244791991512109036e-01
2.916500000000000000e+03 1.285931253693253506e-01
2.917199999999999818e+03 1.203394456120182310e-01
2.918000000000000000e+03 1.140105333343687938e-01
2.918699999999999818e+03 1.071722003454230188e-01
2.919500000000000000e+03 9.464810021990438527e-02
2.920300000000000182e+03 9.345046237264181821e-02
2.921000000000000000e+03 8.087822933119234725e-02
2.921800000000000182e+03 7.621921736224192279e-02
2.922500000000000000e+03 6.245100574218260397e-02
2.923300000000000182e+03 6.354879296900471652e-02
2.924000000000000000e+03 5.944511008192239487e-02
2.924800000000000182e+03 5.634975883408123443e-02
2.925500000000000000e+03 5.212817858290583195e-02
2.926300000000000182e+03 5.339819543021902259e-02
2.927000000000000000e+03 5.248291543238586127e-02
2.927800000000000182e+03 5.042967012891053785e-02
2.928500000000000000e+03 3.833367353950103973e-02
2.929300000000000182e+03 3.626696745207107914e-02
2.930000000000000000e+03 3.943142947879177407e-02
2.930800000000000182e+03 3.838721054640271968e-02
2.931599999999999909e+03 3.598655480852851890e-02
2.932300000000000182e+03 2.742866556779120085e-02
2.933099999999999909e+03 2.587374660573621421e-02
2.933800000000000182e+03 3.118735773835827965e-02
2.934599999999999909e+03 2.681995833307546789e-02
2.935300000000000182e+03 2.479399684480939128e-02
2.936099999999999909e+03 2.185314039347360793e-02
2.936800000000000182e+03 2.100902129805641907e-02
2.937599999999999909e+03 2.333363304747919365e-02
2.938300000000000182e+03 1.567466098630944035e-02
2.939099999999999909e+03 8.718486732866834177e-03
2.939800000000000182e+03 1.699217866599278537e-02
2.940599999999999909e+03 1.868564021793561042e-02
2.941300000000000182e+03 5.712418775332791382e-03
2.942099999999999909e+03 1.480971983699113509e-02
2.942800000000000182e+03 1.411787020465626874e-02
2.943599999999999909e+03 1.055417512887174905e-02
2.944300000000000182e+03 1.241061887097432044e-02
2.945099999999999909e+03 1.563934369145704786e-02
2.945800000000000182e+03 1.911172695831791016e-02
2.946599999999999909e+03 1.565883020960271918e-02
2.947300000000000182e+03 1.734955041482163368e-02
2.948099999999999909e+03 1.458912879506992812e-02
2.948800000000000182e+03 9.606739591168237183e-03
2.949599999999999909e+03 9.492776619730525223e-03
2.950300000000000182e+03 1.646938726286585955e-02
2.951099999999999909e+03 1.250293553962487404e-02
2.951800000000000182e+03 9.259044012343970592e-03
2.952599999999999909e+03 1.043005180933062950e-02
2.953300000000000182e+03 7.849636376957819239e-03
2.954000000000000000e+03 1.169965147168160365e-02
2.954800000000000182e+03 1.034466926476677179e-02
2.955500000000000000e+03 1.045433246733296247e-02
2.956300000000000182e+03 3.856210435255288949e-03
2.957000000000000000e+03 -2.036055763639325975e-03
2.957800000000000182e+03 6.743140794320401019e-03
2.958500000000000000e+03 1.370611507375663410e-02
2.959300000000000182e+03 1.385050514982183803e-02
2.960000000000000000e+03 6.005530377505972038e-03
2.960800000000000182e+03 2.425606276819885013e-03
2.961500000000000000e+03 4.250633340540134475e-03
2.962300000000000182e+03 8.281816757193397396e-03
2.963000000000000000e+03 2.392421023152493855e-03
2.963800000000000182e+03 6.081465076048201898e-03
2.964500000000000000e+03 1.481691512884064990e-02
2.965300000000000182e+03 1.319246164067868973e-02
2.966000000000000000e+03 1.453139166987184056e-03
2.966699999999999818e+03 2.785851527517434895e-03
2.967500000000000000e+03 4.506622441095660056e-03
2.968199999999999818e+03 -7.151700351452189817e-04
2.969000000000000000e+03 8.327925464928578186e-03
2.969699999999999818e+03 8.213665989625897057e-03
2.970500000000000000e+03 1.015666540054493625e-02
2.971199999999999818e+03 7.068112709617086972e-03
2.972000000000000000e+03 3.997588002674933028e-03
2.972699999999999818e+03 4.505644328738307898e-03
2.973400000000000091e+03 5.518525949480813236e-03
2.974199999999999818e+03 1.631642840401388919e-02
2.974900000000000091e+03 2.263631663950174330e-02
2.975699999999999818e+03 1.958835672117453103e-02
2.976400000000000091e+03 1.207620264486694919e-02
2.977199999999999818e+03 7.779857345117728064e-03
2.977900000000000091e+03 8.933059435936944667e-03
2.978699999999999818e+03 1.741260332708275890e-02
2.979400000000000091e+03 1.556524576847971054e-02
2.980099999999999909e+03 1.092003133900424153e-02
2.980900000000000091e+03 8.205463982737769280e-03
2.981599999999999909e+03 9.403046413667409328e-03
2.982400000000000091e+03 1.643098716680225363e-02
2.983099999999999909e+03 1.962792353054227529e-02
2.983900000000000091e+03 1.172509462101160166e-02
2.984599999999999909e+03 1.668942859044233659e-02
2.985300000000000182e+03 1.428363139129643598e-02
2.986099999999999909e+03 1.233313112499223943e-02
2.986800000000000182e+03 1.759624102498224055e-02
2.987599999999999909e+03 2.523664212584143460e-02
2.988300000000000182e+03 2.303769662045222766e-02
2.989000000000000000e+03 2.621971643748685979e-02
2.989800000000000182e+03 2.366188552577080245e-02
2.990500000000000000e+03 1.930708765075484640e-02
2.991300000000000182e+03 2.048709509214367147e-02
2.992000000000000000e+03 1.224046451196132701e-02
2.992699999999999818e+03 9.328627889539076873e-03
2.993500000000000000e+03 2.071619625658465205e-02
2.994199999999999818e+03 2.294737195360919274e-02
2.995000000000000000e+03 2.828122438098019942e-02
2.995699999999999818e+03 2.519721130667375297e-02
2.996500000000000000e+03 1.765678399464389037e-02
2.997199999999999818e+03 2.205518402597954342e-02
2.997900000000000091e+03 2.497687684507019293e-02
2.998699999999999818e+03 2.028922150383628831e-02
2.999400000000000091e+03 1.185904425453020335e-02
3.000099999999999909e+03 1.245653019572462786e-02
3.000900000000000091e+03 1.920817294864390207e-02
3.001599999999999909e+03 1.212189898232132919e-02
3.002400000000000091e+03 1.518145930826847456e-02
3.003099999999999909e+03 1.252651031441935452e-02
3.003800000000000182e+03 1.663886572990845580e-02
3.004599999999999909e+03 1.259816253466854163e-02
3.005300000000000182e+03 1.558234886268188013e-02
3.006099999999999909e+03 1.567934125756864985e-02
3.006800000000000182e+03 8.957811036425105539e-03
3.007500000000000000e+03 8.391495305823342896e-03
3.008300000000000182e+03 4.155938273063352825e-03
3.009000000000000000e+03 1.073224494621459815e-02
3.009699999999999818e+03 1.311515742857610918e-02
3.010500000000000000e+03 9.854880850076240192e-03
3.011199999999999818e+03 4.020242712732217255e-03
3.012000000000000000e+03 5.569733217954109944e-03
3.012699999999999818e+03 4.751864866852037808e-03
3.013400000000000091e+03 8.621655329227590273e-03
3.014199999999999818e+03 1.159796986265529406e-02
3.014900000000000091e+03 9.155861751344883392e-03
3.015599999999999909e+03 1.001052206811164913e-02
3.016400000000000091e+03 4.653795202038679690e-03
3.017099999999999909e+03 6.769462130147022895e-03
3.017900000000000091e+03 1.967605176594048287e-03
3.018599999999999909e+03 6.408747709678558335e-03
3.019300000000000182e+03 1.002803625390161733e-02
3.020099999999999909e+03 1.086724361148647122e-02
3.020800000000000182e+03 4.290421929647309646e-03
3.021500000000000000e+03 4.733476323064645698e-03
3.022300000000000182e+03 4.781529115392186766e-03
3.023000000000000000e+03 2.180691188235809111e-03
3.023699999999999818e+03 2.778304417064352341e-03
3.024500000000000000e+03 6.272412303931612296e-03
3.025199999999999818e+03 3.627459202872623627e-03
3.025900000000000091e+03 3.756445804447528306e-03
3.026699999999999818e+03 4.670606943395071153e-03
3.027400000000000091e+03 1.251180397342409323e-02
3.028099999999999909e+03 7.880470228878361239e-03
3.028900000000000091e+03 9.061997312452073350e-03
3.029599999999999909e+03 1.231657634553350554e-02
3.030300000000000182e+03 1.041603812588664385e-02
3.031099999999999909e+03 5.609913790149620438e-03
3.031800000000000182e+03 8.860616622868267359e-03
3.032500000000000000e+03 7.646953982780057592e-03
3.033300000000000182e+03 -3.820118846605118860e-03
3.034000000000000000e+03 -5.083010560077445145e-04
3.034699999999999818e+03 9.217911774512175388e-03
3.035500000000000000e+03 1.233857779192704812e-02
3.036199999999999818e+03 7.532122913695801780e-03
3.036900000000000091e+03 4.524520264819550594e-03
3.037699999999999818e+03 5.962940692820811912e-03
3.038400000000000091e+03 9.245909962928936313e-03
3.039099999999999909e+03 4.771551658379336036e-03
3.039900000000000091e+03 4.653915203667367481e-03
3.040599999999999909e+03 1.023106202202406917e-02
3.041300000000000182e+03 1.372220140970229971e-02
3.042099999999999909e+03 7.937581081880596898e-03
3.042800000000000182e+03 1.090656630646028545e-02
3.043500000000000000e+03 7.773813385240353584e-03
3.044300000000000182e+03 1.092279608891622011e-02
3.045000000000000000e+03 6.001990776918230720e-03
3.045699999999999818e+03 8.590673719193612709e-03
3.046500000000000000e+03 7.661314706939493721e-03
3.047199999999999818e+03 9.488223091244231411e-03
3.047900000000000091e+03 1.004943407586620166e-02
3.048599999999999909e+03 8.224514546110631152e-03
3.049400000000000091e+03 1.202813220546555643e-02
3.050099999999999909e+03 7.655967658368896360e-03
3.050800000000000182e+03 2.794981411958315752e-03
3.051599999999999909e+03 2.244708887943532710e-03
3.052300000000000182e+03 7.102653597150421563e-03
3.053000000000000000e+03 1.217250864401023779e-02
3.053800000000000182e+03 9.273131408126931985e-03
3.054500000000000000e+03 8.736760810279797784e-03
3.055199999999999818e+03 1.032472467038926534e-02
3.055900000000000091e+03 9.936841062637265243e-03
3.056699999999999818e+03 5.916307342306895492e-03
3.057400000000000091e+03 2.283968192120205964e-03
3.058099999999999909e+03 2.640475992325029206e-04
3.058900000000000091e+03 6.049456326738532862e-03
3.059599999999999909e+03 1.288863648720536478e-02
3.060300000000000182e+03 1.417222523539800501e-02
3.061000000000000000e+03 9.400449708200590143e-03
3.061800000000000182e+03 1.120321240437170164e-02
3.062500000000000000e+03 5.501771276437184693e-03
3.063199999999999818e+03 4.785438227493109785e-03
3.064000000000000000e+03 7.411648061590267456e-03
3.064699999999999818e+03 1.230601979380150507e-02
3.065400000000000091e+03 6.965783951790737935e-03
3.066099999999999909e+03 7.875234712334441486e-03
3.066900000000000091e+03 5.977380040546333671e-03
3.067599999999999909e+03 8.508189840758347694e-03
3.068300000000000182e+03 1.171592270133995847e-02
3.069000000000000000e+03 1.566116107299445753e-02
3.069800000000000182e+03 1.454967385361016600e-02
3.070500000000000000e+03 1.046667218384445680e-02
3.071199999999999818e+03 1.460834915999376094e-02
3.072000000000000000e+03 9.234461159945660247e-03
3.072699999999999818e+03 7.551321703721341344e-03
3.073400000000000091e+03 6.738483773584072641e-03
3.074099999999999909e+03 3.588325861310709668e-03
3.074900000000000091e+03 5.348926807600377573e-03
3.075599999999999909e+03 1.037541301414093148e-02
3.076300000000000182e+03 1.229444075390118823e-02
3.077000000000000000e+03 1.114026901203761348e-02
3.077800000000000182e+03 4.886425235182621438e-03
3.078500000000000000e+03 2.806053712069890224e-03
3.079199999999999818e+03 8.376296783508365915e-03
3.079900000000000091e+03 1.100359753807117133e-02
3.080699999999999818e+03 1.134467647877980025e-02
3.081400000000000091e+03 7.772836705752426967e-03
3.082099999999999909e+03 1.264167028425063587e-02
3.082800000000000182e+03 1.033428977188141640e-02
3.083599999999999909e+03 9.904630319015304829e-03
3.084300000000000182e+03 8.733970972373949343e-03
3.085000000000000000e+03 7.513845523676608053e-03
3.085699999999999818e+03 1.202008963293597910e-02
3.086500000000000000e+03 6.221643385943045543e-03
3.087199999999999818e+03 7.458955201461966653e-03
3.087900000000000091e+03 4.966995096245922781e-03
3.088599999999999909e+03 8.178650158867133840e-03
3.089300000000000182e+03 1.374123336578175758e-02
3.090099999999999909e+03 1.365275294937094708e-02
3.090800000000000182e+03 1.337865285314035653e-02
3.091500000000000000e+03 1.255759768455145045e-02
3.092199999999999818e+03 9.858435865979026796e-03
3.093000000000000000e+03 1.069431269722533225e-02
3.093699999999999818e+03 4.528728662194576177e-03
3.094400000000000091e+03 6.642161070235354584e-03
3.095099999999999909e+03 9.069289106055093003e-03
3.095800000000000182e+03 9.519847697421540342e-03
3.096599999999999909e+03 9.229043680224221710e-03
3.097300000000000182e+03 7.480604692970735554e-03
3.098000000000000000e+03 6.442889515645791078e-03
3.098699999999999818e+03 8.543834791770552051e-03
3.099500000000000000e+03 8.082130953563124165e-03
3.100199999999999818e+03 1.307999552387619641e-02
3.100900000000000091e+03 1.902835420492671181e-02
3.101599999999999909e+03 1.191989848856948864e-02
3.102300000000000182e+03 1.039763473480594287e-02
3.103099999999999909e+03 6.743462166673869565e-03
3.103800000000000182e+03 1.180720857473482356e-02
3.104500000000000000e+03 1.437562257256573203e-02
3.105199999999999818e+03 1.853730423572786529e-02
3.105900000000000091e+03 1.211194119902115479e-02
3.106699999999999818e+03 1.298977779130230242e-02
3.107400000000000091e+03 6.174668412164402778e-03
3.108099999999999909e+03 1.309218782406113349e-02
3.108800000000000182e+03 1.124010512936918921e-02
3.109500000000000000e+03 1.389965679579878259e-02
3.110300000000000182e+03 9.343817857003835006e-03
3.111000000000000000e+03 3.161459733494960227e-03
3.111699999999999818e+03 4.674008881531323094e-03
3.112400000000000091e+03 5.443568480759429853e-03
3.113099999999999909e+03 5.876645721407849909e-03
3.113900000000000091e+03 7.598803004472508629e-03
3.114599999999999909e+03 9.649291293065135472e-03
3.115300000000000182e+03 1.211434995527061256e-02
3.116000000000000000e+03 7.906352572514291355e-03
3.116699999999999818e+03 8.372140793822615418e-03
3.117500000000000000e+03 6.506346743582878955e-03
3.118199999999999818e+03 1.027758420217859785e-02
3.118900000000000091e+03 2.916194518893647659e-03
3.119599999999999909e+03 4.494740229589482515e-03
3.120300000000000182e+03 5.595327969401618640e-03
3.121000000000000000e+03 1.099859649706292491e-02
3.121800000000000182e+03 1.121746254668305048e-02
3.122500000000000000e+03 8.863507238492704388e-03
3.123199999999999818e+03 7.080281855962893348e-03
3.123900000000000091e+03 3.222753569428281513e-03
3.124599999999999909e+03 6.607353033014667226e-03
3.125400000000000091e+03 6.804345341646970968e-03
3.126099999999999909e+03 1.072869151766686624e-02
3.126800000000000182e+03 1.094484003595684943e-02
3.127500000000000000e+03 7.496490086389509012e-03
3.128199999999999818e+03 7.897730588272285426e-03
3.128900000000000091e+03 9.964171624117886678e-03
3.129699999999999818e+03 9.817004656230969573e-03
3.130400000000000091e+03 1.262593314692754889e-02
3.131099999999999909e+03 1.359026473776056392e-02
3.131800000000000182e+03 1.231874738829914946e-02
3.132500000000000000e+03 1.347257755594663889e-02
3.133199999999999818e+03 9.244495325773257471e-03
3.133900000000000091e+03 9.119679085698254375e-03
3.134699999999999818e+03 1.169661174625060210e-02
3.135400000000000091e+03 1.432214927246746282e-02
3.136099999999999909e+03 9.181041256347770296e-03
3.136800000000000182e+03 7.578337790458236287e-03
3.137500000000000000e+03 1.068515619895362909e-02
3.138199999999999818e+03 1.278914397377220978e-02
3.139000000000000000e+03 4.283772074253431456e-03
3.139699999999999818e+03 9.541078857505481264e-03
3.140400000000000091e+03 9.693946125669174879e-03
3.141099999999999909e+03 1.234498358126246559e-02
3.141800000000000182e+03 1.124982907917038491e-02
3.142500000000000000e+03 8.886285362269309013e-03
3.143199999999999818e+03 9.446054356023764892e-03
3.144000000000000000e+03 1.003585806080804083e-02
3.144699999999999818e+03 6.895082861035396055e-03
3.145400000000000091e+03 8.796952332822731424e-03
3.146099999999999909e+03 7.497521865513868955e-03
3.146800000000000182e+03 9.574012431401549700e-03
3.147500000000000000e+03 9.219390279059384158e-03
3.148199999999999818e+03 7.948129759812939954e-03
3.149000000000000000e+03 8.698291907606719303e-03
3.149699999999999818e+03 6.698894862783102283e-03
3.150400000000000091e+03 4.305460880246759700e-03
3.151099999999999909e+03 9.883554874715235264e-03
3.151800000000000182e+03 9.911541750734133988e-03
3.152500000000000000e+03 7.536609135804761203e-03
3.153199999999999818e+03 1.237352742579474196e-02
3.153900000000000091e+03 1.199568909418852539e-02
3.154699999999999818e+03 6.689495822115778395e-03
3.155400000000000091e+03 5.198044217349708299e-03
3.156099999999999909e+03 1.375879449854161898e-02
3.156800000000000182e+03 1.171166264280983950e-02
3.157500000000000000e+03 9.705502792140297333e-03
3.158199999999999818e+03 7.309606887164870823e-03
3.158900000000000091e+03 2.303308783423155346e-03
3.159599999999999909e+03 5.666642753600363049e-03
3.160300000000000182e+03 7.919833455511612191e-03
3.161099999999999909e+03 8.474375452731920666e-03
3.161800000000000182e+03 1.260244710840265243e-02
3.162500000000000000e+03 5.368443467585491680e-03
3.163199999999999818e+03 4.651601544938299346e-03
3.163900000000000091e+03 9.493378400330959588e-03
3.164599999999999909e+03 7.256968961527053216e-03
3.165300000000000182e+03 8.426228488070258704e-03
3.166000000000000000e+03 6.558686351050277592e-03
3.166699999999999818e+03 7.317515658475113975e-03
3.167500000000000000e+03 6.589860328677145732e-03
3.168199999999999818e+03 2.899780979526145764e-03
3.168900000000000091e+03 6.075353475952810500e-03
3.169599999999999909e+03 1.130996368326228976e-02
3.170300000000000182e+03 1.037666793712811383e-02
3.171000000000000000e+03 1.117432519354307971e-02
3.171699999999999818e+03 6.491529536172062700e-03
3.172400000000000091e+03 6.169479753691597262e-03
3.173099999999999909e+03 3.342069939055340028e-03
3.173800000000000182e+03 5.801960738695776526e-03
3.174500000000000000e+03 3.382393448069341644e-03
3.175300000000000182e+03 4.165020404583582095e-03
3.176000000000000000e+03 8.281153882558098950e-03
3.176699999999999818e+03 1.032285419666631107e-02
3.177400000000000091e+03 1.016428209423262015e-02
3.178099999999999909e+03 2.716163120850412314e-03
3.178800000000000182e+03 1.247347391467994735e-04
3.179500000000000000e+03 2.924041069982686800e-03
3.180199999999999818e+03 5.003830608989638142e-03
3.180900000000000091e+03 8.575154406076932259e-03
3.181599999999999909e+03 1.325829731609324234e-02
3.182300000000000182e+03 1.215283001935271896e-02
3.183000000000000000e+03 8.482060762971845025e-03
3.183800000000000182e+03 8.631000845199727697e-03
3.184500000000000000e+03 1.519761291025390273e-02
3.185199999999999818e+03 6.610310831900735248e-03
3.185900000000000091e+03 6.098832838849876925e-03
3.186599999999999909e+03 1.186501954710557361e-02
3.187300000000000182e+03 1.113728181574623506e-02
3.188000000000000000e+03 8.177799690910442926e-03
3.188699999999999818e+03 8.932427716380628158e-03
3.189400000000000091e+03 8.944099685436161448e-03
3.190099999999999909e+03 8.034623932593746437e-03
3.190800000000000182e+03 1.045996772759854448e-02
3.191500000000000000e+03 1.159668166323847560e-02
3.192199999999999818e+03 5.441609843470116697e-03
3.192900000000000091e+03 4.520627715114501621e-03
3.193599999999999909e+03 6.951514909325548670e-03
3.194400000000000091e+03 5.681802715308931565e-03
3.195099999999999909e+03 7.929784129186240316e-03
3.195800000000000182e+03 1.471619010621956145e-02
3.196500000000000000e+03 1.134098036749373907e-02
3.197199999999999818e+03 1.454733780248425139e-02
3.197900000000000091e+03 1.193627281280054339e-02
3.198599999999999909e+03 3.505702229327971840e-03
3.199300000000000182e+03 7.090453662122806269e-03
3.200000000000000000e+03 5.754551285403740682e-03
