1.022999999999999972e+02 1.104339327926673331e+00
1.035999999999999943e+02 1.185631617291010187e+00
1.050000000000000000e+02 1.219450649748927473e+00
1.062999999999999972e+02 1.223379847782118723e+00
1.077000000000000028e+02 1.209613268056446866e+00
1.090000000000000000e+02 1.187804190778919855e+00
1.104000000000000057e+02 1.154463550249695381e+00
1.117000000000000028e+02 1.120858898590684216e+00
1.130000000000000000e+02 1.099492084200181852e+00
1.144000000000000057e+02 1.094017570363185143e+00
1.157000000000000028e+02 1.094796661163034646e+00
1.170999999999999943e+02 1.086489252970006314e+00
1.184000000000000057e+02 1.086087721686344931e+00
1.197999999999999972e+02 1.085930207895854593e+00
1.210999999999999943e+02 1.092177321669447476e+00
1.224000000000000057e+02 1.094125539775879563e+00
1.237999999999999972e+02 1.100259699411701542e+00
1.250999999999999943e+02 1.109558238526128893e+00
1.265000000000000000e+02 1.106398830876417438e+00
1.277999999999999972e+02 1.100276500335162666e+00
1.290999999999999943e+02 1.087785611603634628e+00
1.305000000000000000e+02 1.089689231519089141e+00
1.318000000000000114e+02 1.095820141144423499e+00
1.330999999999999943e+02 1.087052717781619604e+00
1.345000000000000000e+02 1.059272204555632646e+00
1.358000000000000114e+02 1.020808844408302329e+00
1.371999999999999886e+02 9.970740366531156695e-01
1.385000000000000000e+02 9.829963864106144866e-01
1.398000000000000114e+02 9.512055830540158130e-01
1.411999999999999886e+02 9.112219880389778037e-01
1.425000000000000000e+02 8.679621747395142028e-01
1.438000000000000114e+02 8.225812431087571319e-01
1.451999999999999886e+02 7.835544203758932902e-01
1.465000000000000000e+02 7.415047980319176002e-01
1.478000000000000114e+02 6.929897083849485551e-01
1.491999999999999886e+02 6.530078476138072574e-01
1.505000000000000000e+02 6.036117432750666145e-01
1.518000000000000114e+02 5.503580340089530010e-01
1.531999999999999886e+02 5.024184969285765412e-01
1.545000000000000000e+02 4.624800092833031284e-01
1.558000000000000114e+02 4.292233302029273556e-01
1.571999999999999886e+02 4.014871019690308129e-01
1.585000000000000000e+02 3.713959854825206741e-01
1.598000000000000114e+02 3.592015630739298082e-01
1.610999999999999943e+02 3.542340412417432916e-01
1.625000000000000000e+02 3.554880680687858008e-01
1.638000000000000114e+02 3.598915468597151945e-01
1.650999999999999943e+02 3.717371265677557046e-01
1.665000000000000000e+02 3.828682133425734824e-01
1.678000000000000114e+02 3.810943179194939967e-01
1.690999999999999943e+02 3.836483974904758565e-01
1.704000000000000057e+02 3.892721563242225180e-01
1.718000000000000114e+02 3.863374296911495920e-01
1.730999999999999943e+02 3.803129649588798955e-01
1.744000000000000057e+02 3.678449593245902149e-01
1.758000000000000114e+02 3.621982860372596202e-01
1.770999999999999943e+02 3.495816377177861645e-01
1.784000000000000057e+02 3.352670813573524478e-01
1.796999999999999886e+02 3.053967691799766015e-01
1.810999999999999943e+02 2.795748502067011421e-01
1.824000000000000057e+02 2.493545019851407529e-01
1.836999999999999886e+02 2.128823562767862554e-01
1.850000000000000000e+02 1.784352131298463928e-01
1.864000000000000057e+02 1.434123452619838757e-01
1.876999999999999886e+02 1.117702250241470741e-01
1.890000000000000000e+02 8.843839055304990315e-02
1.903000000000000114e+02 6.828450486268922148e-02
1.915999999999999943e+02 4.286883660560009135e-02
1.930000000000000000e+02 1.304104780138260269e-02
1.943000000000000114e+02 -1.029403805735244239e-02
1.955999999999999943e+02 -1.693174046255747217e-02
1.969000000000000057e+02 -1.971662283445486594e-02
1.981999999999999886e+02 -2.780011205294583704e-02
1.995999999999999943e+02 -3.371433450794887599e-02
2.009000000000000057e+02 -3.773401378731504330e-02
2.021999999999999886e+02 -2.995665135744566068e-02
2.035000000000000000e+02 -2.589987415461302359e-02
2.048000000000000114e+02 -2.585179211039539265e-02
2.061999999999999886e+02 -2.162300264569787939e-02
2.075000000000000000e+02 -1.304150048089891892e-02
2.088000000000000114e+02 -4.706972238910010070e-03
2.100999999999999943e+02 6.509100045853250319e-03
2.114000000000000057e+02 2.153595304654307152e-02
2.126999999999999886e+02 3.686878538386181847e-02
2.140999999999999943e+02 4.516045917637344365e-02
2.154000000000000057e+02 5.009381882347148374e-02
2.166999999999999886e+02 5.810991604976318420e-02
2.180000000000000000e+02 5.885321676631343618e-02
2.193000000000000114e+02 5.257873687902986370e-02
2.205999999999999943e+02 5.554319999513297745e-02
2.220000000000000000e+02 6.221401150047539685e-02
2.233000000000000114e+02 6.785234576291496178e-02
2.245999999999999943e+02 7.314748899725065368e-02
2.259000000000000057e+02 7.637191450749898636e-02
2.271999999999999886e+02 7.923997209407261655e-02
2.285000000000000000e+02 9.295524474605458554e-02
2.298000000000000114e+02 1.057767604141763296e-01
2.310999999999999943e+02 1.145929510242122695e-01
2.325000000000000000e+02 1.259600177233654583e-01
2.338000000000000114e+02 1.399243454811613940e-01
2.350999999999999943e+02 1.565253475122327931e-01
2.364000000000000057e+02 1.690924524658449224e-01
2.376999999999999886e+02 1.779818098851474739e-01
2.390000000000000000e+02 1.823299045297765153e-01
2.403000000000000114e+02 1.881257924929788106e-01
2.415999999999999943e+02 1.978354802706935867e-01
2.429000000000000057e+02 2.048795220085047053e-01
2.441999999999999886e+02 2.073571890444780852e-01
2.455000000000000000e+02 1.987868231001848618e-01
2.469000000000000057e+02 1.928782840890182482e-01
2.481999999999999886e+02 1.823609782965279202e-01
2.495000000000000000e+02 1.662768599503672839e-01
2.508000000000000114e+02 1.516197397088069887e-01
2.520999999999999943e+02 1.393785321858818926e-01
2.534000000000000057e+02 1.324510022060486070e-01
2.546999999999999886e+02 1.177048183768686640e-01
2.560000000000000000e+02 1.004937366614627736e-01
2.573000000000000114e+02 8.848423018254790440e-02
2.586000000000000227e+02 7.606944657408895583e-02
2.598999999999999773e+02 6.411936622705091682e-02
2.611999999999999886e+02 5.015448224852764314e-02
2.625000000000000000e+02 3.099611725569169363e-02
2.638000000000000114e+02 9.618572042453414628e-03
2.651000000000000227e+02 -3.984272342485527425e-03
2.663999999999999773e+02 -7.979259791196152696e-03
2.676999999999999886e+02 -7.309823940867376212e-03
2.690000000000000000e+02 -8.842749412247963639e-03
2.703000000000000114e+02 -1.848315401206660283e-02
2.716000000000000227e+02 -2.593037686309049294e-02
2.728999999999999773e+02 -2.462103671355021089e-02
2.741999999999999886e+02 -1.836551360204579514e-02
2.755000000000000000e+02 -6.840563462960447781e-03
2.768000000000000114e+02 8.120166793437400693e-03
2.781000000000000227e+02 2.624933656901878853e-02
2.793999999999999773e+02 4.850949621014519209e-02
2.806999999999999886e+02 7.032464903958454694e-02
2.820000000000000000e+02 7.632258618863377309e-02
2.833000000000000114e+02 7.009025250599673629e-02
2.846000000000000227e+02 5.877694401899952875e-02
2.858999999999999773e+02 4.658207218433443875e-02
2.871999999999999886e+02 3.353114061393250300e-02
2.885000000000000000e+02 2.405919686627643744e-02
2.898000000000000114e+02 1.200215810167389562e-02
2.911000000000000227e+02 4.850879434201468832e-03
2.923999999999999773e+02 2.159645058977231052e-03
2.936999999999999886e+02 1.643195538381936978e-03
2.950000000000000000e+02 5.448331628973841594e-03
2.963000000000000114e+02 -1.200185448237680794e-04
2.976000000000000227e+02 3.729710049606418595e-03
2.988999999999999773e+02 1.476930049380701694e-02
3.001999999999999886e+02 1.828379183687616968e-02
3.015000000000000000e+02 2.221699381615693455e-02
3.028000000000000114e+02 2.748830613637466558e-02
3.041000000000000227e+02 3.285828975116510814e-02
3.053999999999999773e+02 4.081163834516062655e-02
3.066000000000000227e+02 5.037560306959408540e-02
3.078999999999999773e+02 5.568395290781898155e-02
3.091999999999999886e+02 5.760355016081335905e-02
3.105000000000000000e+02 5.522187058243897828e-02
3.118000000000000114e+02 5.193402514624256838e-02
3.131000000000000227e+02 5.343804267359862636e-02
3.143999999999999773e+02 5.320559312472991631e-02
3.156999999999999886e+02 4.991864532749945571e-02
3.170000000000000000e+02 5.023632291820610829e-02
3.183000000000000114e+02 4.710323449813156454e-02
3.196000000000000227e+02 4.278432239818430460e-02
3.208000000000000114e+02 4.545878495503970218e-02
3.221000000000000227e+02 4.900566506046502568e-02
3.233999999999999773e+02 4.856068539691908714e-02
3.246999999999999886e+02 4.957310362400787346e-02
3.260000000000000000e+02 5.246226816848940933e-02
3.273000000000000114e+02 5.328693497259152922e-02
3.286000000000000227e+02 5.374188899413647608e-02
3.298999999999999773e+02 5.610495831807037204e-02
3.311000000000000227e+02 5.508871319391331345e-02
3.323999999999999773e+02 5.988403470425539277e-02
3.336999999999999886e+02 6.757944990015414544e-02
3.350000000000000000e+02 6.753596095966260537e-02
3.363000000000000114e+02 7.066675352526091691e-02
3.376000000000000227e+02 7.638560092695007020e-02
3.388999999999999773e+02 8.489714023359823392e-02
3.401000000000000227e+02 8.975675634966109873e-02
3.413999999999999773e+02 8.784414622632419345e-02
3.426999999999999886e+02 8.402654034955783779e-02
3.440000000000000000e+02 8.732678802222662573e-02
3.453000000000000114e+02 9.011754307940231246e-02
3.465000000000000000e+02 8.887004511924948003e-02
3.478000000000000114e+02 8.696172261772255885e-02
3.491000000000000227e+02 8.836812912708623402e-02
3.503999999999999773e+02 9.177098222770170566e-02
3.516999999999999886e+02 9.510097842455476902e-02
3.530000000000000000e+02 9.611924559757947795e-02
3.541999999999999886e+02 9.545719122159034009e-02
3.555000000000000000e+02 9.601089660454628638e-02
3.568000000000000114e+02 9.917751010569100800e-02
3.581000000000000227e+02 1.045603805772102601e-01
3.593999999999999773e+02 1.142987280054139493e-01
3.606000000000000227e+02 1.203349175152214345e-01
3.618999999999999773e+02 1.288520412257181946e-01
3.631999999999999886e+02 1.441886878946581629e-01
3.645000000000000000e+02 1.585047082260393758e-01
3.658000000000000114e+02 1.696072200561073162e-01
3.670000000000000000e+02 1.823939383611626885e-01
3.683000000000000114e+02 1.928812144379193905e-01
3.696000000000000227e+02 1.977071797689449184e-01
3.708999999999999773e+02 1.995733107636200876e-01
3.721000000000000227e+02 1.992496719740183830e-01
3.733999999999999773e+02 1.983910433377511495e-01
3.746999999999999886e+02 1.997968251004012263e-01
3.760000000000000000e+02 1.968142539557993786e-01
3.771999999999999886e+02 1.923932683134604582e-01
3.785000000000000000e+02 1.896133106315142647e-01
3.798000000000000114e+02 1.865553794906111840e-01
3.811000000000000227e+02 1.846164033020426531e-01
3.823000000000000114e+02 1.779098081332137760e-01
3.836000000000000227e+02 1.740525694549087399e-01
3.848999999999999773e+02 1.751042020278515965e-01
3.861999999999999886e+02 1.718603475468064024e-01
3.873999999999999773e+02 1.698826408004602273e-01
3.886999999999999886e+02 1.699730165246191860e-01
3.900000000000000000e+02 1.623207427563279903e-01
3.911999999999999886e+02 1.477364456463163278e-01
3.925000000000000000e+02 1.402939154004350097e-01
3.938000000000000114e+02 1.436281955051323111e-01
3.951000000000000227e+02 1.425831862718432153e-01
3.963000000000000114e+02 1.423831175896945744e-01
3.976000000000000227e+02 1.418783739987961035e-01
3.988999999999999773e+02 1.352952214118874341e-01
4.001000000000000227e+02 1.224049456098674077e-01
4.013999999999999773e+02 1.176475392390783498e-01
4.026999999999999886e+02 1.150334468721007919e-01
4.038999999999999773e+02 1.121693527954243513e-01
4.051999999999999886e+02 1.091971025670480377e-01
4.065000000000000000e+02 1.063225285425782041e-01
4.076999999999999886e+02 1.037592433025217031e-01
4.090000000000000000e+02 1.015111152796124017e-01
4.103000000000000114e+02 9.997172889692390596e-02
4.115000000000000000e+02 9.938133486895563140e-02
4.128000000000000114e+02 9.981219080351208528e-02
4.141000000000000227e+02 1.011951704803239205e-01
4.153000000000000114e+02 1.032761953045710779e-01
4.166000000000000227e+02 1.057126959662063881e-01
4.178999999999999773e+02 1.082539095379178723e-01
4.191000000000000227e+02 1.107661702169583096e-01
4.203999999999999773e+02 1.132152602429805921e-01
4.216999999999999886e+02 1.157118443903273897e-01
4.228999999999999773e+02 1.184478906166092915e-01
4.241999999999999886e+02 1.216737837252958310e-01
4.255000000000000000e+02 1.255307537446672117e-01
4.266999999999999886e+02 1.298808788753450794e-01
4.280000000000000000e+02 1.342930365968932060e-01
4.291999999999999886e+02 1.382747544947717511e-01
4.305000000000000000e+02 1.414402374463115952e-01
4.318000000000000114e+02 1.435052165577991035e-01
4.330000000000000000e+02 1.443449382019499905e-01
4.343000000000000114e+02 1.440980317523507526e-01
4.355000000000000000e+02 1.431556665577436438e-01
4.368000000000000114e+02 1.421362585818088387e-01
4.381000000000000227e+02 1.416975748146619141e-01
4.393000000000000114e+02 1.423998460869745908e-01
4.406000000000000227e+02 1.447705947565371132e-01
4.418000000000000114e+02 1.493388486569455220e-01
4.431000000000000227e+02 1.564459011268595767e-01
4.443999999999999773e+02 1.660604112689233469e-01
4.456000000000000227e+02 1.778018225444215616e-01
4.468999999999999773e+02 1.909410450580936724e-01
4.481000000000000227e+02 2.044891702797443644e-01
4.493999999999999773e+02 2.173864685550372933e-01
4.506999999999999886e+02 2.286176015891231983e-01
4.518999999999999773e+02 2.373853763826015151e-01
4.531999999999999886e+02 2.432929740054923795e-01
4.543999999999999773e+02 2.463224226247265336e-01
4.556999999999999886e+02 2.466445313014471452e-01
4.568999999999999773e+02 2.445290678801928241e-01
4.581999999999999886e+02 2.403231356104225669e-01
4.593999999999999773e+02 2.342745958136487339e-01
4.606999999999999886e+02 2.266198473331655916e-01
4.620000000000000000e+02 2.176857626633643128e-01
4.631999999999999886e+02 2.078975339119097376e-01
4.645000000000000000e+02 1.977952934287180442e-01
4.656999999999999886e+02 1.879889421717118592e-01
4.670000000000000000e+02 1.790485139404614789e-01
4.681999999999999886e+02 1.713812954028336999e-01
4.695000000000000000e+02 1.651735350545880388e-01
4.706999999999999886e+02 1.603316847757313979e-01
4.720000000000000000e+02 1.564295330214529600e-01
4.731999999999999886e+02 1.529434946859556943e-01
4.745000000000000000e+02 1.493692238083115797e-01
4.756999999999999886e+02 1.453711199299267676e-01
4.770000000000000000e+02 1.408462320013165181e-01
4.781999999999999886e+02 1.359159771475032530e-01
4.795000000000000000e+02 1.308781202543687350e-01
4.806999999999999886e+02 1.260749821557727024e-01
4.820000000000000000e+02 1.217809511447801030e-01
4.831999999999999886e+02 1.181307358211613756e-01
4.845000000000000000e+02 1.151047819543353778e-01
4.856999999999999886e+02 1.125969377272846433e-01
4.870000000000000000e+02 1.104494616013671215e-01
4.881999999999999886e+02 1.086011329099390577e-01
4.895000000000000000e+02 1.070808512755724584e-01
4.906999999999999886e+02 1.059747238323390239e-01
4.920000000000000000e+02 1.053631158143362584e-01
4.931999999999999886e+02 1.052269635314619367e-01
4.945000000000000000e+02 1.054792325162113437e-01
4.956999999999999886e+02 1.060199699176134630e-01
4.970000000000000000e+02 1.067821984268861879e-01
4.981999999999999886e+02 1.077282478458067294e-01
4.993999999999999773e+02 1.088960403587982406e-01
5.006999999999999886e+02 1.104100292225266566e-01
5.018999999999999773e+02 1.124483734475637264e-01
5.031999999999999886e+02 1.151301651974222240e-01
5.043999999999999773e+02 1.184082831126883617e-01
5.056999999999999886e+02 1.219880789955986172e-01
5.068999999999999773e+02 1.254050262370252078e-01
5.081999999999999886e+02 1.281686341427525633e-01
5.093999999999999773e+02 1.299314575633162827e-01
5.106000000000000227e+02 1.305445476598018073e-01
5.118999999999999773e+02 1.301423021158386040e-01
5.131000000000000227e+02 1.292067023824421401e-01
5.143999999999999773e+02 1.286318053200161404e-01
5.156000000000000227e+02 1.294698741481161153e-01
5.168999999999999773e+02 1.326514514125214650e-01
5.181000000000000227e+02 1.386322885273655048e-01
5.192999999999999545e+02 1.472101164882036461e-01
5.206000000000000227e+02 1.575409411838366025e-01
5.217999999999999545e+02 1.682326472664545380e-01
5.231000000000000227e+02 1.774826745304977638e-01
5.242999999999999545e+02 1.834547450210796682e-01
5.255000000000000000e+02 1.848208013870336619e-01
5.267999999999999545e+02 1.811420783056971462e-01
5.280000000000000000e+02 1.728692068011708494e-01
5.292999999999999545e+02 1.611984805683670530e-01
5.305000000000000000e+02 1.477038353346372124e-01
5.317000000000000455e+02 1.339836935289023256e-01
5.330000000000000000e+02 1.213777615172571545e-01
5.342000000000000455e+02 1.106979763847245751e-01
5.353999999999999773e+02 1.021853757119060291e-01
5.367000000000000455e+02 9.564734884490086464e-02
5.378999999999999773e+02 9.071008043676967447e-02
5.392000000000000455e+02 8.697106472735176286e-02
5.403999999999999773e+02 8.407253704161908592e-02
5.416000000000000227e+02 8.172969750884603868e-02
5.428999999999999773e+02 7.974497611124933827e-02
5.441000000000000227e+02 7.792819328634217890e-02
5.452999999999999545e+02 7.610772978275022471e-02
5.466000000000000227e+02 7.419780632882223836e-02
5.477999999999999545e+02 7.233309493809537971e-02
5.490000000000000000e+02 7.076255552369797863e-02
5.502999999999999545e+02 6.974551731869693683e-02
5.515000000000000000e+02 6.944324336615756432e-02
5.527000000000000455e+02 6.988363458613898460e-02
5.540000000000000000e+02 7.094138438395265756e-02
5.552000000000000455e+02 7.238884304910915557e-02
5.563999999999999773e+02 7.383595019348138111e-02
5.577000000000000455e+02 7.499015927652943891e-02
5.588999999999999773e+02 7.584925283156612741e-02
5.601000000000000227e+02 7.671500448485157886e-02
5.613999999999999773e+02 7.793072771876262406e-02
5.626000000000000227e+02 7.972939831210372474e-02
5.637999999999999545e+02 8.213113773059713130e-02
5.650000000000000000e+02 8.498369520540972888e-02
5.662999999999999545e+02 8.800610018014132230e-02
5.675000000000000000e+02 9.084695338192261271e-02
5.687000000000000455e+02 9.317357426080943861e-02
5.700000000000000000e+02 9.505976366172684544e-02
5.712000000000000455e+02 9.707693830405197954e-02
5.723999999999999773e+02 1.002602796550131903e-01
5.736000000000000227e+02 1.059540976393825717e-01
5.748999999999999773e+02 1.156353757577831820e-01
5.761000000000000227e+02 1.306234838164227474e-01
5.772999999999999545e+02 1.517565927747157872e-01
5.786000000000000227e+02 1.790456985820234048e-01
5.797999999999999545e+02 2.113156286998435218e-01
5.810000000000000000e+02 2.461509800146402804e-01
5.822000000000000455e+02 2.803158153562733124e-01
5.835000000000000000e+02 3.102498455444167025e-01
5.847000000000000455e+02 3.327917732701836662e-01
5.858999999999999773e+02 3.458803417393092605e-01
5.871000000000000227e+02 3.489213791039617041e-01
5.883999999999999773e+02 3.428331557939542362e-01
5.896000000000000227e+02 3.297953414455030430e-01
5.907999999999999545e+02 3.127535669864506818e-01
5.920000000000000000e+02 2.946035786163412329e-01
5.932999999999999545e+02 2.776520915366873510e-01
5.945000000000000000e+02 2.634173267952704123e-01
5.957000000000000455e+02 2.525357993686063729e-01
5.968999999999999773e+02 2.448873474428481245e-01
5.981000000000000227e+02 2.397801709754693866e-01
5.993999999999999773e+02 2.360441392975451969e-01
6.006000000000000227e+02 2.323009577277068693e-01
6.017999999999999545e+02 2.273109553148995321e-01
6.030000000000000000e+02 2.202084418729049475e-01
6.042999999999999545e+02 2.105102833615499769e-01
6.055000000000000000e+02 1.982881325442371057e-01
6.067000000000000455e+02 1.842130257299329776e-01
6.078999999999999773e+02 1.693871871671034923e-01
6.091000000000000227e+02 1.550541831638359569e-01
6.103999999999999773e+02 1.422470566547852922e-01
6.116000000000000227e+02 1.314843169030026349e-01
6.127999999999999545e+02 1.227536761643630014e-01
6.140000000000000000e+02 1.156438258855344570e-01
6.152000000000000455e+02 1.095120549078330424e-01
6.165000000000000000e+02 1.036168873742942254e-01
6.177000000000000455e+02 9.739589190211409009e-02
6.188999999999999773e+02 9.058848738800451272e-02
6.201000000000000227e+02 8.328730571636905333e-02
6.212999999999999545e+02 7.585203973398095545e-02
6.225000000000000000e+02 6.874586098446780480e-02
6.237999999999999545e+02 6.236708000689265841e-02
6.250000000000000000e+02 5.701443370351495094e-02
6.262000000000000455e+02 5.286111363399088187e-02
6.273999999999999773e+02 5.000059907794934810e-02
6.286000000000000227e+02 4.838963406956399427e-02
6.297999999999999545e+02 4.790850060462985283e-02
6.310000000000000000e+02 4.835687955976768898e-02
6.322999999999999545e+02 4.952716645045379673e-02
6.335000000000000000e+02 5.120974885501657081e-02
6.347000000000000455e+02 5.316827997243006587e-02
6.358999999999999773e+02 5.514347082951232687e-02
6.371000000000000227e+02 5.689643895562343512e-02
6.382999999999999545e+02 5.820435037947269824e-02
6.395000000000000000e+02 5.897345516355104872e-02
6.407999999999999545e+02 5.917429223639057712e-02
6.420000000000000000e+02 5.881316884327405375e-02
6.432000000000000455e+02 5.786430645982364174e-02
6.443999999999999773e+02 5.632861122462159281e-02
6.456000000000000227e+02 5.422858844260139422e-02
6.467999999999999545e+02 5.163804991980448789e-02
6.480000000000000000e+02 4.869642986886665165e-02
6.492000000000000455e+02 4.553092649348390586e-02
6.503999999999999773e+02 4.222299465433299731e-02
6.517000000000000455e+02 3.895846204461340945e-02
6.528999999999999773e+02 3.597018458771567007e-02
6.541000000000000227e+02 3.343660797693414483e-02
6.552999999999999545e+02 3.146798296924267074e-02
6.565000000000000000e+02 3.022523891748209526e-02
6.577000000000000455e+02 2.986492619412264155e-02
6.588999999999999773e+02 3.054388609102872548e-02
6.601000000000000227e+02 3.237097807212108852e-02
6.612999999999999545e+02 3.529861748734249016e-02
6.625000000000000000e+02 3.911346250020207582e-02
6.637000000000000455e+02 4.361849811209599082e-02
6.650000000000000000e+02 4.856526292783504284e-02
6.662000000000000455e+02 5.360750951911867623e-02
6.673999999999999773e+02 5.845826634433461122e-02
6.686000000000000227e+02 6.299314233462317836e-02
6.697999999999999545e+02 6.710354068814589068e-02
6.710000000000000000e+02 7.070300877037130616e-02
6.722000000000000455e+02 7.369591730323410417e-02
6.733999999999999773e+02 7.590460260409385984e-02
6.746000000000000227e+02 7.706595628889420513e-02
6.757999999999999545e+02 7.697740952643411516e-02
6.770000000000000000e+02 7.541763415306479423e-02
6.782000000000000455e+02 7.225533392256409948e-02
6.793999999999999773e+02 6.762435833975978527e-02
6.806000000000000227e+02 6.190639263724476843e-02
6.817999999999999545e+02 5.560470818362265449e-02
6.830000000000000000e+02 4.937994221785681204e-02
6.842000000000000455e+02 4.396811845261818646e-02
6.853999999999999773e+02 4.010812954469349101e-02
6.866000000000000227e+02 3.852341061245062592e-02
6.877999999999999545e+02 3.988035241770256090e-02
6.890000000000000000e+02 4.464797764053356210e-02
6.902000000000000455e+02 5.318257751144865597e-02
6.913999999999999773e+02 6.568841475016072573e-02
6.926000000000000227e+02 8.213260972255588543e-02
6.937999999999999545e+02 1.021174805445385914e-01
6.950000000000000000e+02 1.247673133145395241e-01
6.962000000000000455e+02 1.486638207749590435e-01
6.973999999999999773e+02 1.719175395134105444e-01
6.986000000000000227e+02 1.922869394171477786e-01
6.997999999999999545e+02 2.073421816362541192e-01
7.010000000000000000e+02 2.148195999741173701e-01
7.022000000000000455e+02 2.131934354196542425e-01
7.033999999999999773e+02 2.020334800314690926e-01
7.046000000000000227e+02 1.822994060886322931e-01
7.057999999999999545e+02 1.561857909694756019e-01
7.070000000000000000e+02 1.266570070180790819e-01
7.082000000000000455e+02 9.697776868010640761e-02
7.093999999999999773e+02 7.007492461458637856e-02
7.106000000000000227e+02 4.796914656719871578e-02
7.117999999999999545e+02 3.147286978545717206e-02
7.130000000000000000e+02 2.027078625719861901e-02
7.142000000000000455e+02 1.328125509339376197e-02
7.153999999999999773e+02 9.060860287482165251e-03
7.166000000000000227e+02 6.376927949544326964e-03
7.177999999999999545e+02 4.350706978878263360e-03
7.190000000000000000e+02 2.485446901872689473e-03
7.202000000000000455e+02 6.478283893215106091e-04
7.213999999999999773e+02 -1.156055161409434663e-03
7.226000000000000227e+02 -2.871421808834087250e-03
7.237999999999999545e+02 -4.449131490851513347e-03
7.250000000000000000e+02 -5.826729833296952384e-03
7.262000000000000455e+02 -6.965151602433097486e-03
7.272999999999999545e+02 -7.823271439266595018e-03
7.285000000000000000e+02 -8.232372397589074464e-03
7.297000000000000455e+02 -8.082494132223210642e-03
7.308999999999999773e+02 -7.371268220055455893e-03
7.321000000000000227e+02 -6.260497737397461085e-03
7.332999999999999545e+02 -5.020843315838401967e-03
7.345000000000000000e+02 -3.877028339222475875e-03
7.357000000000000455e+02 -2.914266663034590331e-03
7.368999999999999773e+02 -2.031843905057332221e-03
7.381000000000000227e+02 -1.098888433423885012e-03
7.392999999999999545e+02 1.714766646001317056e-05
7.405000000000000000e+02 1.464476106550100486e-03
7.416000000000000227e+02 3.291730294845157494e-03
7.427999999999999545e+02 5.493613835966330503e-03
7.440000000000000000e+02 8.000836527271086920e-03
7.452000000000000455e+02 1.081571449157359664e-02
7.463999999999999773e+02 1.404086962604744922e-02
7.476000000000000227e+02 1.780482252850084865e-02
7.487999999999999545e+02 2.210945755507761484e-02
7.500000000000000000e+02 2.663551518809505886e-02
7.511000000000000227e+02 3.083222417141943950e-02
7.522999999999999545e+02 3.408252381764661360e-02
7.535000000000000000e+02 3.582003416047808975e-02
7.547000000000000455e+02 3.571666199586628898e-02
7.558999999999999773e+02 3.377915704296050037e-02
7.571000000000000227e+02 3.043083846400900655e-02
7.582999999999999545e+02 2.637539892068270844e-02
7.595000000000000000e+02 2.232289159902632603e-02
7.606000000000000227e+02 1.878155018534473017e-02
7.617999999999999545e+02 1.593273614198730675e-02
7.630000000000000000e+02 1.367844102789647458e-02
7.642000000000000455e+02 1.174825130171563634e-02
7.653999999999999773e+02 9.822017326144450583e-03
7.666000000000000227e+02 7.694612430824449012e-03
7.677000000000000455e+02 5.345607229686639983e-03
7.688999999999999773e+02 2.937946253296062384e-03
7.701000000000000227e+02 7.033756713508157671e-04
7.712999999999999545e+02 -1.169444378252968179e-03
7.725000000000000000e+02 -2.535678723501277095e-03
7.737000000000000455e+02 -3.378419476517924205e-03
7.747999999999999545e+02 -3.843040726451377176e-03
7.760000000000000000e+02 -4.092945632845462409e-03
7.772000000000000455e+02 -4.192152473124259593e-03
7.783999999999999773e+02 -4.065718464100764179e-03
7.796000000000000227e+02 -3.567601494258977601e-03
7.807999999999999545e+02 -2.537872798598389285e-03
7.818999999999999773e+02 -9.134814649277681097e-04
7.831000000000000227e+02 1.240112493910905909e-03
7.842999999999999545e+02 3.743144767311267374e-03
7.855000000000000000e+02 6.176724289801234849e-03
7.867000000000000455e+02 7.929558923919137123e-03
7.877999999999999545e+02 8.473047937589635314e-03
7.890000000000000000e+02 7.521133768836606517e-03
7.902000000000000455e+02 5.129947271990693142e-03
7.913999999999999773e+02 1.710429424174952397e-03
7.926000000000000227e+02 -1.963116680970321791e-03
7.937000000000000455e+02 -4.911943051379613449e-03
7.948999999999999773e+02 -6.088459395089988561e-03
7.961000000000000227e+02 -4.526834730127593347e-03
7.972999999999999545e+02 3.162938147643710313e-04
7.983999999999999773e+02 8.421390496060308234e-03
7.996000000000000227e+02 1.932735592422223092e-02
8.007999999999999545e+02 3.229525382720861704e-02
8.020000000000000000e+02 4.650889611626303488e-02
8.031000000000000227e+02 6.126515240966976666e-02
8.042999999999999545e+02 7.620508102052454824e-02
8.055000000000000000e+02 9.135181934610075993e-02
8.067000000000000455e+02 1.070812203171583044e-01
8.077999999999999545e+02 1.239322034632225344e-01
8.090000000000000000e+02 1.421967764270175294e-01
8.102000000000000455e+02 1.616694615033339166e-01
8.113999999999999773e+02 1.816574262959247399e-01
8.125000000000000000e+02 2.010714597418011562e-01
8.137000000000000455e+02 2.185996289931792513e-01
8.148999999999999773e+02 2.330773968989940936e-01
8.161000000000000227e+02 2.439165441358355224e-01
8.172000000000000455e+02 2.512865393219415600e-01
8.183999999999999773e+02 2.561137081514894831e-01
8.196000000000000227e+02 2.597634027892172237e-01
8.207999999999999545e+02 2.635161611560136175e-01
8.218999999999999773e+02 2.681013367924348634e-01
8.231000000000000227e+02 2.733725962368370732e-01
8.242999999999999545e+02 2.781906435152239343e-01
8.253999999999999773e+02 2.806033421556057839e-01
8.266000000000000227e+02 2.784802246772523637e-01
8.277999999999999545e+02 2.702359273352998859e-01
8.290000000000000000e+02 2.553995331883850417e-01
8.301000000000000227e+02 2.349444254988223846e-01
8.312999999999999545e+02 2.111410986705354320e-01
8.325000000000000000e+02 1.870647026301437421e-01
8.336000000000000227e+02 1.659450949283155230e-01
8.347999999999999545e+02 1.504466260029989622e-01
8.360000000000000000e+02 1.420682161668514187e-01
8.371000000000000227e+02 1.408288605626941692e-01
8.382999999999999545e+02 1.454871264615108239e-01
8.395000000000000000e+02 1.539472117961875886e-01
8.406000000000000227e+02 1.638019902414004636e-01
8.417999999999999545e+02 1.728152818335809970e-01
8.430000000000000000e+02 1.791923604716653684e-01
8.441000000000000227e+02 1.817147983701457303e-01
8.452999999999999545e+02 1.798287564099808611e-01
8.465000000000000000e+02 1.735627476427082927e-01
8.476000000000000227e+02 1.633332268541605459e-01
8.487999999999999545e+02 1.498663045037408048e-01
8.500000000000000000e+02 1.341665884295201727e-01
8.511000000000000227e+02 1.173801249875138231e-01
8.522999999999999545e+02 1.006881671594300615e-01
8.535000000000000000e+02 8.511168629692528187e-02
8.546000000000000227e+02 7.129939201933016557e-02
8.557999999999999545e+02 5.941860405755988728e-02
8.570000000000000000e+02 4.927297660759492881e-02
8.581000000000000227e+02 4.045146069118169679e-02
8.592999999999999545e+02 3.250743965368330102e-02
8.605000000000000000e+02 2.521331148202952260e-02
8.616000000000000227e+02 1.858990842896379031e-02
8.627999999999999545e+02 1.284286919564166241e-02
8.638999999999999773e+02 8.305820988523313769e-03
8.651000000000000227e+02 5.323259976373599482e-03
8.662999999999999545e+02 4.092473768560814934e-03
8.673999999999999773e+02 4.576876347725964897e-03
8.686000000000000227e+02 6.651643251831322774e-03
8.697999999999999545e+02 1.022638539740942237e-02
8.708999999999999773e+02 1.526978041976388353e-02
8.721000000000000227e+02 2.180166125480483691e-02
8.732000000000000455e+02 2.975017201130352937e-02
8.743999999999999773e+02 3.884272714192427145e-02
8.756000000000000227e+02 4.863272169351870455e-02
8.767000000000000455e+02 5.860634371970615403e-02
8.778999999999999773e+02 6.818493609260992128e-02
8.790000000000000000e+02 7.675495274673993507e-02
8.802000000000000455e+02 8.393405952479238152e-02
8.813999999999999773e+02 8.969254426374215217e-02
8.825000000000000000e+02 9.424703402035278232e-02
8.837000000000000455e+02 9.792971474988577951e-02
8.847999999999999545e+02 1.010232857634697778e-01
8.860000000000000000e+02 1.037149295908371682e-01
8.871000000000000227e+02 1.061766761409964344e-01
8.882999999999999545e+02 1.086651576027412858e-01
8.895000000000000000e+02 1.114445431574896950e-01
8.906000000000000227e+02 1.147732713348302014e-01
8.917999999999999545e+02 1.191074572512114821e-01
8.928999999999999773e+02 1.250720747552146461e-01
8.941000000000000227e+02 1.331602918783062472e-01
8.952000000000000455e+02 1.434869237644386675e-01
8.963999999999999773e+02 1.556488528387712789e-01
8.976000000000000227e+02 1.688283979029018000e-01
8.987000000000000455e+02 1.819209328241341850e-01
8.998999999999999773e+02 1.936868500987637964e-01
9.010000000000000000e+02 2.028848006690316397e-01
9.022000000000000455e+02 2.084875344139827669e-01
9.032999999999999545e+02 2.099595196627932481e-01
9.045000000000000000e+02 2.072878890166762744e-01
9.056000000000000227e+02 2.007765757771738102e-01
9.067999999999999545e+02 1.908912660025956498e-01
9.078999999999999773e+02 1.781513833101950328e-01
9.091000000000000227e+02 1.631648126448009550e-01
9.102000000000000455e+02 1.465381482104073374e-01
9.113999999999999773e+02 1.288662828926804838e-01
9.126000000000000227e+02 1.107684465294167808e-01
9.137000000000000455e+02 9.287850252488664970e-02
9.148999999999999773e+02 7.587988623574325187e-02
9.160000000000000000e+02 6.044351879693068280e-02
9.172000000000000455e+02 4.709418787270669426e-02
9.182999999999999545e+02 3.611882807625667324e-02
9.195000000000000000e+02 2.751675589214889334e-02
9.206000000000000227e+02 2.106601116256947778e-02
9.217999999999999545e+02 1.630531282046365077e-02
9.228999999999999773e+02 1.269872088216131116e-02
9.241000000000000227e+02 9.789659345296027049e-03
9.252000000000000455e+02 7.258041169764813116e-03
9.263999999999999773e+02 5.016276979550502411e-03
9.275000000000000000e+02 3.166058551227159644e-03
9.287000000000000455e+02 1.912676466377384067e-03
9.297999999999999545e+02 1.464367954661520248e-03
9.310000000000000000e+02 1.961557181800408986e-03
9.321000000000000227e+02 3.440825355697431365e-03
9.332999999999999545e+02 5.788633241581580754e-03
9.343999999999999773e+02 8.849947063135351483e-03
9.355000000000000000e+02 1.246955512217429868e-02
9.367000000000000455e+02 1.649851543965936279e-02
9.377999999999999545e+02 2.079607162563709699e-02
9.390000000000000000e+02 2.514688447951009959e-02
9.401000000000000227e+02 2.926133793997218527e-02
9.412999999999999545e+02 3.280739260530730200e-02
9.423999999999999773e+02 3.547208053222671020e-02
9.436000000000000227e+02 3.700812165395546416e-02
9.447000000000000455e+02 3.726113628942280542e-02
9.458999999999999773e+02 3.622993637731106165e-02
9.470000000000000000e+02 3.407960269776428436e-02
9.481000000000000227e+02 3.113071743717257464e-02
9.492999999999999545e+02 2.775834373201903696e-02
9.503999999999999773e+02 2.430499606509264193e-02
9.516000000000000227e+02 2.108167693243787749e-02
9.527000000000000455e+02 1.834371797350939359e-02
9.538999999999999773e+02 1.625958710264630708e-02
9.550000000000000000e+02 1.487742308855972279e-02
9.562000000000000455e+02 1.407410465514245465e-02
9.572999999999999545e+02 1.358290887298014768e-02
9.583999999999999773e+02 1.311471096466195266e-02
9.596000000000000227e+02 1.241607625463051097e-02
9.607000000000000455e+02 1.125599354818519922e-02
9.618999999999999773e+02 9.512070399123532041e-03
9.630000000000000000e+02 7.239813057917111536e-03
9.641000000000000227e+02 4.632926882785843442e-03
9.652999999999999545e+02 1.962295593959468166e-03
9.663999999999999773e+02 -4.806197574194609186e-04
9.676000000000000227e+02 -2.466655630391096851e-03
9.687000000000000455e+02 -3.894522751559579415e-03
9.697999999999999545e+02 -4.727356978711448089e-03
9.710000000000000000e+02 -5.023542263699045871e-03
9.721000000000000227e+02 -4.916368994156074257e-03
9.732999999999999545e+02 -4.531978288742177612e-03
9.743999999999999773e+02 -3.966277759207348722e-03
9.755000000000000000e+02 -3.289542274248856597e-03
9.767000000000000455e+02 -2.495227031465979597e-03
9.777999999999999545e+02 -1.498532128776075209e-03
9.790000000000000000e+02 -2.121767780846662600e-04
9.801000000000000227e+02 1.359653248097754310e-03
9.812000000000000455e+02 3.153824986913219934e-03
9.823999999999999773e+02 5.053168462778794695e-03
9.835000000000000000e+02 6.906395477949974805e-03
9.846000000000000227e+02 8.504828912577835215e-03
9.857999999999999545e+02 9.617890343274993967e-03
9.868999999999999773e+02 1.010999308173660648e-02
9.881000000000000227e+02 1.001345573917685958e-02
9.892000000000000455e+02 9.453863592133644050e-03
9.893999999999999773e+02 8.558328676827511167e-03
9.902999999999999545e+02 7.451068993520819361e-03
9.905000000000000000e+02 6.234762410232122173e-03
9.915000000000000000e+02 5.057930991497408893e-03
9.917000000000000455e+02 4.067468642398259886e-03
9.926000000000000227e+02 3.341024957109321215e-03
9.927999999999999545e+02 2.935408013303058769e-03
9.937000000000000455e+02 2.964827403874978340e-03
9.940000000000000000e+02 3.505249712036997284e-03
9.948999999999999773e+02 4.512659719054935847e-03
9.951000000000000227e+02 5.849010643998032825e-03
9.960000000000000000e+02 7.337455090035317415e-03
9.962999999999999545e+02 8.735823587638448517e-03
9.971000000000000227e+02 9.938429055839019532e-03
9.973999999999999773e+02 1.094832931611786769e-02
9.982999999999999545e+02 1.181907616499167438e-02
9.986000000000000227e+02 1.266695627881239683e-02
9.993999999999999773e+02 1.365376269458989586e-02
9.997000000000000455e+02 1.488252388829341966e-02
1.000500000000000000e+03 1.641057611744252756e-02
1.000899999999999977e+03 1.826161401703302323e-02
1.001700000000000045e+03 2.030738438310054558e-02
1.002000000000000000e+03 2.225881718028750039e-02
1.002799999999999955e+03 2.390021387161815614e-02
1.003200000000000045e+03 2.508875509438285994e-02
1.003899999999999977e+03 2.573386265145274909e-02
1.004299999999999955e+03 2.586101290390296556e-02
1.005100000000000023e+03 2.563415058165603028e-02
1.005500000000000000e+03 2.536290016336849307e-02
1.006200000000000045e+03 2.548774186299469086e-02
1.006600000000000023e+03 2.643237972547441555e-02
1.007299999999999955e+03 2.834289340952150099e-02
1.007799999999999955e+03 3.114097149574950735e-02
1.008500000000000000e+03 3.470139089095888862e-02
1.008899999999999977e+03 3.883704144204884467e-02
1.009600000000000023e+03 4.327172970182262268e-02
1.010000000000000000e+03 4.772433985160576264e-02
1.010700000000000045e+03 5.194716797771764538e-02
1.011200000000000045e+03 5.577627789068383135e-02
1.011899999999999977e+03 5.914901465245071821e-02
1.012299999999999955e+03 6.198682848154570685e-02
1.013000000000000000e+03 6.408890104007487765e-02
1.013500000000000000e+03 6.532501867034834486e-02
1.014100000000000023e+03 6.574931414024924592e-02
1.014600000000000023e+03 6.551208348067046050e-02
1.015299999999999955e+03 6.478886228061493668e-02
1.015799999999999955e+03 6.376894976345748312e-02
1.016399999999999977e+03 6.257647090742174401e-02
1.016899999999999977e+03 6.127887029829262588e-02
1.017500000000000000e+03 5.991862823402306637e-02
1.018100000000000023e+03 5.841681638262261056e-02
1.018600000000000023e+03 5.658043645431656832e-02
1.019200000000000045e+03 5.427124657288702470e-02
1.019799999999999955e+03 5.147060896961609677e-02
1.020299999999999955e+03 4.823828259072247826e-02
1.020899999999999977e+03 4.469372442851445026e-02
1.021500000000000000e+03 4.099262892129680591e-02
1.022000000000000000e+03 3.723950887369497503e-02
1.022600000000000023e+03 3.350993216672513292e-02
1.023200000000000045e+03 2.988024119206746099e-02
1.023799999999999955e+03 2.638365309789994159e-02
1.024299999999999955e+03 2.303338976396260285e-02
1.024900000000000091e+03 1.984580738274484626e-02
1.025400000000000091e+03 1.687663714183817998e-02
1.026000000000000000e+03 1.421213993023622696e-02
1.026500000000000000e+03 1.195835179076376945e-02
1.027200000000000045e+03 1.023236135644806089e-02
1.027700000000000045e+03 9.074178100554539106e-03
1.028299999999999955e+03 8.422565670285500627e-03
1.028799999999999955e+03 8.167932010937337117e-03
1.029500000000000000e+03 8.196863454695394596e-03
1.029900000000000091e+03 8.375102115935329633e-03
1.030599999999999909e+03 8.471547280535137933e-03
1.031099999999999909e+03 8.231834576806752041e-03
1.031700000000000045e+03 7.465637823095129175e-03
1.032200000000000045e+03 6.148049798493830133e-03
1.032900000000000091e+03 4.468071356792959435e-03
1.033299999999999955e+03 2.737878070381785482e-03
1.034000000000000000e+03 1.261005557391938099e-03
1.034400000000000091e+03 3.557973761465845104e-04
1.035200000000000045e+03 2.894783609992338923e-04
1.035599999999999909e+03 1.153999573073387309e-03
1.036299999999999955e+03 2.735575145204427981e-03
1.036700000000000045e+03 4.599288794222425661e-03
1.037400000000000091e+03 6.264269133970130389e-03
1.037799999999999955e+03 7.394189300106695367e-03
1.038599999999999909e+03 7.890792124815814573e-03
1.038900000000000091e+03 7.832983280368967585e-03
1.039700000000000045e+03 7.387511262367939258e-03
1.040099999999999909e+03 6.874009118721045516e-03
1.040799999999999955e+03 6.647509721692643377e-03
1.041200000000000045e+03 6.982794844274948197e-03
1.042000000000000000e+03 7.938359641913137962e-03
1.042299999999999955e+03 9.374076247514880403e-03
1.043099999999999909e+03 1.107312170564765490e-02
1.043400000000000091e+03 1.284660446964484663e-02
1.044299999999999955e+03 1.455830066271530769e-02
1.044599999999999909e+03 1.610002187457813122e-02
1.045400000000000091e+03 1.743850313191298851e-02
1.045700000000000045e+03 1.869968705104609052e-02
1.046500000000000000e+03 2.007702597431634470e-02
1.046799999999999955e+03 2.174777431429510827e-02
1.047700000000000045e+03 2.377992806366549527e-02
1.047900000000000091e+03 2.611650854296858337e-02
1.048799999999999955e+03 2.866160686899667936e-02
1.049099999999999909e+03 3.131934914298552947e-02
1.049900000000000091e+03 3.397342315988691880e-02
1.050200000000000045e+03 3.652213251100742963e-02
1.051099999999999909e+03 3.893223879595671122e-02
1.051299999999999955e+03 4.124880988750573990e-02
1.052200000000000045e+03 4.352921620267905661e-02
1.052400000000000091e+03 4.579625497280641333e-02
1.053299999999999955e+03 4.799213190002810797e-02
1.053500000000000000e+03 5.000583268444117047e-02
1.054500000000000000e+03 5.181105965716663320e-02
1.054700000000000045e+03 5.349761063919011850e-02
1.055599999999999909e+03 5.521500213750700492e-02
1.055799999999999955e+03 5.712835604813129575e-02
1.056700000000000045e+03 5.933789510345183205e-02
1.056900000000000091e+03 6.181160022233428419e-02
1.057900000000000091e+03 6.437713770378794553e-02
1.058000000000000000e+03 6.674424862145630910e-02
1.059000000000000000e+03 6.856552176013257227e-02
1.059200000000000045e+03 6.959862809159318708e-02
1.060099999999999909e+03 6.991151948351315148e-02
1.060299999999999955e+03 6.990479935540086509e-02
1.061299999999999955e+03 7.016475367084608339e-02
1.061400000000000091e+03 7.124061621074767592e-02
1.062400000000000091e+03 7.349639218137560270e-02
1.062500000000000000e+03 7.701882313093871835e-02
1.063500000000000000e+03 8.162698439760471270e-02
1.063599999999999909e+03 8.690359730926854043e-02
1.064700000000000045e+03 9.230281269814410994e-02
1.064799999999999955e+03 9.728529805314813095e-02
1.065799999999999955e+03 1.014717754976033892e-01
1.065900000000000091e+03 1.046529536823887219e-01
1.066900000000000091e+03 1.067240062459385297e-01
1.067000000000000000e+03 1.076737333646890366e-01
1.068000000000000000e+03 1.076369431614035421e-01
1.068099999999999909e+03 1.068721794187213192e-01
1.069200000000000045e+03 1.056509759306347718e-01
1.070299999999999955e+03 1.041326687830942399e-01
1.070400000000000091e+03 1.023530268696523082e-01
1.071400000000000091e+03 1.002096590008263177e-01
1.071500000000000000e+03 9.753470812643866283e-02
1.072599999999999909e+03 9.411597462649956558e-02
1.073700000000000045e+03 8.981796201938421764e-02
1.074799999999999955e+03 8.474224607996180825e-02
1.075900000000000091e+03 7.923478347205312189e-02
1.077099999999999909e+03 7.379132074035962829e-02
1.078200000000000045e+03 6.881586353805306533e-02
1.079299999999999955e+03 6.453121283457929902e-02
1.080400000000000091e+03 6.103680601304613262e-02
1.080500000000000000e+03 5.834471364787103403e-02
1.081500000000000000e+03 5.643735357903108957e-02
1.081599999999999909e+03 5.524563142915192571e-02
1.082599999999999909e+03 5.467692411190337720e-02
1.082700000000000045e+03 5.463662380678774994e-02
1.083799999999999955e+03 5.501056934398310116e-02
1.084900000000000091e+03 5.566984984500318590e-02
1.085000000000000000e+03 5.642657438206951509e-02
1.086000000000000000e+03 5.715775298192303511e-02
1.086099999999999909e+03 5.785223242936531063e-02
1.087099999999999909e+03 5.864087173200332320e-02
1.087200000000000045e+03 5.973916593225885030e-02
1.088200000000000045e+03 6.127797555537348173e-02
1.088299999999999955e+03 6.320177061903817228e-02
1.089299999999999955e+03 6.530564144224608458e-02
1.089500000000000000e+03 6.734459609678952741e-02
1.090500000000000000e+03 6.913545868602620492e-02
1.090599999999999909e+03 7.055732042194265419e-02
1.091599999999999909e+03 7.163895156950911280e-02
1.091700000000000045e+03 7.250810939326191029e-02
1.092700000000000045e+03 7.341115833153583070e-02
1.092799999999999955e+03 7.456360341792143964e-02
1.093799999999999955e+03 7.598833082092926183e-02
1.094000000000000000e+03 7.749917505657763495e-02
1.094900000000000091e+03 7.879962317761221580e-02
1.095099999999999909e+03 7.962714626435843379e-02
1.096000000000000000e+03 7.990377423428843273e-02
1.096200000000000045e+03 7.967472299242520095e-02
1.097099999999999909e+03 7.913334829514982738e-02
1.097299999999999955e+03 7.854133074804177383e-02
1.098299999999999955e+03 7.820746287758457982e-02
1.098400000000000091e+03 7.828262637833938165e-02
1.099400000000000091e+03 7.868377863173788012e-02
1.099599999999999909e+03 7.911611919633954049e-02
1.100500000000000000e+03 7.916610499040768745e-02
1.100700000000000045e+03 7.847245942580322042e-02
1.101599999999999909e+03 7.693345253252910354e-02
1.101799999999999955e+03 7.462971524060536821e-02
1.102700000000000045e+03 7.179511924771020404e-02
1.102900000000000091e+03 6.875593902513835176e-02
1.103799999999999955e+03 6.594936423777032763e-02
1.104099999999999909e+03 6.369726204933497116e-02
1.104900000000000091e+03 6.215770037907065310e-02
1.105200000000000045e+03 6.130929652243591321e-02
1.106000000000000000e+03 6.097570906704417870e-02
1.106299999999999955e+03 6.087042475031943095e-02
1.107200000000000045e+03 6.073560356492394008e-02
1.107400000000000091e+03 6.033453701134974811e-02
1.108299999999999955e+03 5.950532246904804978e-02
1.108500000000000000e+03 5.819842116092754924e-02
1.109400000000000091e+03 5.653706188635259505e-02
1.109700000000000045e+03 5.464156510316448001e-02
1.110500000000000000e+03 5.267720806141071299e-02
1.110799999999999955e+03 5.084073229773716091e-02
1.111599999999999909e+03 4.932134165647121538e-02
1.111900000000000091e+03 4.819638776667722196e-02
1.112700000000000045e+03 4.750696841909889112e-02
1.113000000000000000e+03 4.726825598569103781e-02
1.113799999999999955e+03 4.745235869244538579e-02
1.114099999999999909e+03 4.789057411989162960e-02
1.114900000000000091e+03 4.829155717621265442e-02
1.115200000000000045e+03 4.823691055958630181e-02
1.116000000000000000e+03 4.736398888707755300e-02
1.116400000000000091e+03 4.545457142813566498e-02
1.117099999999999909e+03 4.251875142921149320e-02
1.117500000000000000e+03 3.874272189554427148e-02
1.118299999999999955e+03 3.454826470548780226e-02
1.118599999999999909e+03 3.043150333729032625e-02
1.119400000000000091e+03 2.681350832636626366e-02
1.119700000000000045e+03 2.389115885413670842e-02
1.120500000000000000e+03 2.164389494723678933e-02
1.120799999999999955e+03 1.982734186576048940e-02
1.121599999999999909e+03 1.811494955247520966e-02
1.122000000000000000e+03 1.619951051685462537e-02
1.122700000000000045e+03 1.389484137617493301e-02
1.123099999999999909e+03 1.114457535731213852e-02
1.123799999999999955e+03 8.070560070440666381e-03
1.124200000000000045e+03 4.785547063829793252e-03
1.124900000000000091e+03 1.462627469295489386e-03
1.125299999999999955e+03 -1.693209804044815744e-03
1.126000000000000000e+03 -4.469797185820661989e-03
1.126400000000000091e+03 -6.714980218033831175e-03
1.127099999999999909e+03 -8.281893211057211879e-03
1.127500000000000000e+03 -9.072661109904520474e-03
1.128200000000000045e+03 -9.054810068130485570e-03
1.128599999999999909e+03 -8.247734621454469103e-03
1.129299999999999955e+03 -6.679941061192772207e-03
1.129799999999999955e+03 -4.497774875729877893e-03
1.130400000000000091e+03 -1.809488442478221319e-03
1.130900000000000091e+03 1.241273000825035338e-03
1.131500000000000000e+03 4.521334261495347194e-03
1.132000000000000000e+03 7.883990088080359421e-03
1.132700000000000045e+03 1.118970333676130163e-02
1.133099999999999909e+03 1.422157146451460095e-02
1.133799999999999955e+03 1.676461970807486407e-02
1.134200000000000045e+03 1.866785724904598473e-02
1.134900000000000091e+03 1.989627473285513620e-02
1.135299999999999955e+03 2.046837129348538092e-02
1.136000000000000000e+03 2.052601645831380120e-02
1.136400000000000091e+03 2.027789798656778539e-02
1.137099999999999909e+03 2.007645445586309779e-02
1.137599999999999909e+03 2.022593399275768658e-02
1.138200000000000045e+03 2.092189533094095111e-02
1.138700000000000045e+03 2.216219928208917542e-02
1.139299999999999955e+03 2.388040561538233575e-02
1.139799999999999955e+03 2.590886202526424334e-02
1.140400000000000091e+03 2.801962386276236200e-02
1.140900000000000091e+03 2.999227551762587499e-02
1.141500000000000000e+03 3.170896837973732896e-02
1.142000000000000000e+03 3.318934893836145844e-02
1.142599999999999909e+03 3.458698802113144288e-02
1.143099999999999909e+03 3.594325482116596249e-02
1.143700000000000045e+03 3.721942218357955634e-02
1.144200000000000045e+03 3.829001035966941857e-02
1.144799999999999955e+03 3.909322205146893714e-02
1.145299999999999955e+03 3.947380721347487631e-02
1.145900000000000091e+03 3.928537620645981138e-02
1.146500000000000000e+03 3.849100413724856895e-02
1.147000000000000000e+03 3.720229400627778071e-02
1.147599999999999909e+03 3.560213796581176982e-02
1.148099999999999909e+03 3.393569019562252265e-02
1.148700000000000045e+03 3.235997954754078754e-02
1.149200000000000045e+03 3.104927144524668309e-02
1.149799999999999955e+03 3.020225735016309962e-02
1.150299999999999955e+03 3.006215949138500015e-02
1.150900000000000091e+03 3.066070157559898021e-02
1.151400000000000091e+03 3.192988708538038733e-02
1.152000000000000000e+03 3.371825533252256757e-02
1.152500000000000000e+03 3.580555067665651403e-02
1.153099999999999909e+03 3.785206712225389764e-02
1.153599999999999909e+03 3.958549020637040783e-02
1.154200000000000045e+03 4.079359493007662235e-02
1.154700000000000045e+03 4.145366304890165526e-02
1.155299999999999955e+03 4.172433498082886438e-02
1.155799999999999955e+03 4.187122187800012413e-02
1.156400000000000091e+03 4.205673281148121501e-02
1.156900000000000091e+03 4.251952193416907999e-02
1.157500000000000000e+03 4.350559077458403950e-02
1.158000000000000000e+03 4.528831683508657835e-02
1.158700000000000045e+03 4.804266873999800402e-02
1.159099999999999909e+03 5.191730040853679423e-02
1.159799999999999955e+03 5.690438685980336864e-02
1.160200000000000045e+03 6.304319431413429875e-02
1.160900000000000091e+03 7.020587206866110708e-02
1.161299999999999955e+03 7.810708295907516086e-02
1.162000000000000000e+03 8.627673897272619685e-02
1.162400000000000091e+03 9.441137827149582995e-02
1.163099999999999909e+03 1.022752332181486035e-01
1.163500000000000000e+03 1.097708846305608110e-01
1.164200000000000045e+03 1.167134936429006786e-01
1.164599999999999909e+03 1.228786692284758592e-01
1.165299999999999955e+03 1.279272055505085992e-01
1.165700000000000045e+03 1.316167222156588712e-01
1.166400000000000091e+03 1.335631949399956886e-01
1.166799999999999955e+03 1.335102212478305461e-01
1.167500000000000000e+03 1.313541143681050405e-01
1.167900000000000091e+03 1.273584857285810501e-01
1.168599999999999909e+03 1.218809423288437777e-01
1.169000000000000000e+03 1.153971203274279378e-01
1.169700000000000045e+03 1.082673183820620777e-01
1.170099999999999909e+03 1.008261193309681475e-01
1.170799999999999955e+03 9.322650486466928232e-02
1.171200000000000045e+03 8.560492607566275169e-02
1.171900000000000091e+03 7.807546592550305975e-02
1.172299999999999955e+03 7.095461570478371616e-02
1.173000000000000000e+03 6.463651575208310962e-02
1.173400000000000091e+03 5.951917657374127674e-02
1.174099999999999909e+03 5.571519640153690944e-02
1.174500000000000000e+03 5.318766699304673662e-02
1.175200000000000045e+03 5.170372200913006533e-02
1.175599999999999909e+03 5.096183003123238436e-02
1.176299999999999955e+03 5.047338083222614041e-02
1.176700000000000045e+03 4.992040869322814794e-02
1.177400000000000091e+03 4.924410377174531783e-02
1.177799999999999955e+03 4.869622258444865348e-02
1.178500000000000000e+03 4.861992318185652528e-02
1.178900000000000091e+03 4.926968224426438170e-02
1.179599999999999909e+03 5.065535757717351539e-02
1.180000000000000000e+03 5.272919660577715661e-02
1.180799999999999955e+03 5.535304029703630446e-02
1.181099999999999909e+03 5.831510855148772099e-02
1.181900000000000091e+03 6.132066868926765169e-02
1.182200000000000045e+03 6.428278133199867572e-02
1.183000000000000000e+03 6.730245986329294605e-02
1.183299999999999955e+03 7.052995255227079152e-02
1.184099999999999909e+03 7.404914587955110927e-02
1.184400000000000091e+03 7.781036652952223742e-02
1.185200000000000045e+03 8.166405321955713670e-02
1.185500000000000000e+03 8.558132999004423869e-02
1.186299999999999955e+03 8.954883692481120649e-02
1.186599999999999909e+03 9.357830069750976143e-02
1.187400000000000091e+03 9.774217921813026233e-02
1.187700000000000045e+03 1.021303935047619404e-01
1.188500000000000000e+03 1.067507679878995502e-01
1.188799999999999955e+03 1.114434809043807484e-01
1.189599999999999909e+03 1.159431139705211777e-01
1.189900000000000091e+03 1.199264401445372108e-01
1.190700000000000045e+03 1.231875113683415235e-01
1.191000000000000000e+03 1.258184325423500616e-01
1.191799999999999955e+03 1.280497206072446215e-01
1.192099999999999909e+03 1.302365011180336429e-01
1.192900000000000091e+03 1.327250814104729559e-01
1.193200000000000045e+03 1.356093046152695991e-01
1.194000000000000000e+03 1.387352129411048018e-01
1.194299999999999955e+03 1.417542105389720808e-01
1.195099999999999909e+03 1.442581723488597367e-01
1.195400000000000091e+03 1.458242321067731440e-01
1.196200000000000045e+03 1.462234685728301953e-01
1.196400000000000091e+03 1.455827208688822427e-01
1.197299999999999955e+03 1.442708910284531409e-01
1.197500000000000000e+03 1.427099790762343945e-01
1.198400000000000091e+03 1.411370767114257241e-01
1.198599999999999909e+03 1.395226336989440763e-01
1.199500000000000000e+03 1.377191185051879763e-01
1.199700000000000045e+03 1.355303206375940983e-01
1.200599999999999909e+03 1.327957955012717406e-01
1.200799999999999955e+03 1.293910505639354613e-01
1.201599999999999909e+03 1.253827089007889251e-01
1.201900000000000091e+03 1.211391987542410620e-01
1.202700000000000045e+03 1.171016997056780057e-01
1.203000000000000000e+03 1.134834955519646305e-01
1.203799999999999955e+03 1.101925295048575559e-01
1.204099999999999909e+03 1.070091059931703725e-01
1.204900000000000091e+03 1.037654290649951683e-01
1.205200000000000045e+03 1.003425970739628276e-01
1.206000000000000000e+03 9.674633896987852588e-02
1.206299999999999955e+03 9.312476949368223011e-02
1.207099999999999909e+03 8.978034248422936403e-02
1.207400000000000091e+03 8.708787450541885522e-02
1.208200000000000045e+03 8.525773372149306195e-02
1.208500000000000000e+03 8.414479868676427721e-02
1.209299999999999955e+03 8.337869660773811198e-02
1.209599999999999909e+03 8.249719806829387825e-02
1.210400000000000091e+03 8.118351897251981086e-02
1.210599999999999909e+03 7.922215158097570264e-02
1.211500000000000000e+03 7.662316825568422918e-02
1.211700000000000045e+03 7.358530090539762425e-02
1.212599999999999909e+03 7.048838646672737906e-02
1.212799999999999955e+03 6.769130256978081461e-02
1.213700000000000045e+03 6.548357961230191759e-02
1.213900000000000091e+03 6.381815415844616091e-02
1.214799999999999955e+03 6.252214793128837989e-02
1.215000000000000000e+03 6.121105027606908722e-02
1.215900000000000091e+03 5.970462252385498603e-02
1.216099999999999909e+03 5.787334939890632912e-02
1.217000000000000000e+03 5.577145159245883166e-02
1.217200000000000045e+03 5.353462212735417280e-02
1.218099999999999909e+03 5.152652062636896291e-02
1.218299999999999955e+03 5.003840641440551740e-02
1.219200000000000045e+03 4.935289706101314566e-02
1.219400000000000091e+03 4.937815681316279348e-02
1.220299999999999955e+03 5.000910373666767050e-02
1.220500000000000000e+03 5.086348337301264955e-02
1.221400000000000091e+03 5.178548749477233926e-02
1.221500000000000000e+03 5.253876066752110469e-02
1.222500000000000000e+03 5.295947533141021069e-02
1.222599999999999909e+03 5.283578375984401831e-02
1.223500000000000000e+03 5.218306349148073287e-02
1.223700000000000045e+03 5.092931880355698604e-02
1.224599999999999909e+03 4.920987526425876779e-02
1.224799999999999955e+03 4.711445884652633309e-02
1.225700000000000045e+03 4.501550634563771663e-02
1.225900000000000091e+03 4.312591506257602847e-02
1.226799999999999955e+03 4.188184653647458733e-02
1.227000000000000000e+03 4.147370067284412987e-02
1.227900000000000091e+03 4.199462991589960476e-02
1.228099999999999909e+03 4.321554258569496043e-02
1.229000000000000000e+03 4.490527330398350059e-02
1.229200000000000045e+03 4.659778343263966394e-02
1.230099999999999909e+03 4.813995167825034505e-02
1.230299999999999955e+03 4.937426795493085607e-02
1.231200000000000045e+03 5.045211752076558809e-02
1.231299999999999955e+03 5.137328845874288008e-02
1.232299999999999955e+03 5.242189950039471275e-02
1.232400000000000091e+03 5.369039805265343052e-02
1.233400000000000091e+03 5.531313522953212880e-02
1.233500000000000000e+03 5.711816526435593844e-02
1.234500000000000000e+03 5.896695650633381608e-02
1.234599999999999909e+03 6.050370506362734435e-02
1.235500000000000000e+03 6.158707917364154849e-02
1.235700000000000045e+03 6.189199745301975780e-02
1.236599999999999909e+03 6.139472261637925199e-02
1.236799999999999955e+03 5.995005630799753182e-02
1.237700000000000045e+03 5.791752401481019275e-02
1.237900000000000091e+03 5.562038050963694080e-02
1.238799999999999955e+03 5.364979391849709900e-02
1.238900000000000091e+03 5.232137180772984675e-02
1.239900000000000091e+03 5.202830184976690170e-02
1.240000000000000000e+03 5.270508287629295519e-02
1.241000000000000000e+03 5.417204117726220902e-02
1.241099999999999909e+03 5.577270288301654222e-02
1.242099999999999909e+03 5.708438830653110585e-02
1.242200000000000045e+03 5.749814170402179486e-02
1.243200000000000045e+03 5.697755235284639175e-02
1.243299999999999955e+03 5.554915498714954603e-02
1.244299999999999955e+03 5.367127952143233016e-02
1.244400000000000091e+03 5.167601610694205760e-02
1.245299999999999955e+03 5.022442393794612769e-02
1.245500000000000000e+03 4.972753515245961764e-02
1.246400000000000091e+03 5.042622636642601908e-02
1.246500000000000000e+03 5.182857884881555965e-02
1.247500000000000000e+03 5.352790865612187809e-02
1.247599999999999909e+03 5.477185065963068034e-02
1.248599999999999909e+03 5.521769043104149399e-02
1.248700000000000045e+03 5.439196189932508918e-02
1.249700000000000045e+03 5.216722216532970746e-02
1.249799999999999955e+03 4.851124016710724185e-02
1.250799999999999955e+03 4.411872901112935674e-02
1.250900000000000091e+03 3.982953734230691711e-02
1.251900000000000091e+03 3.629287870515732206e-02
1.252000000000000000e+03 3.360668201095205754e-02
1.252900000000000091e+03 3.207364386806875467e-02
1.253000000000000000e+03 3.165464335529749595e-02
1.254000000000000000e+03 3.232176036469189273e-02
1.254099999999999909e+03 3.348416063382682328e-02
1.255099999999999909e+03 3.458677342157449874e-02
1.255200000000000045e+03 3.507771388525158379e-02
1.256200000000000045e+03 3.491605793197753715e-02
1.256299999999999955e+03 3.406327517538988714e-02
1.257299999999999955e+03 3.264430611484277905e-02
1.257400000000000091e+03 3.088920959060329624e-02
1.258400000000000091e+03 2.917224081299261973e-02
1.258500000000000000e+03 2.775189806775375800e-02
1.259500000000000000e+03 2.668545968903603474e-02
1.260500000000000000e+03 2.574316940380157875e-02
1.260599999999999909e+03 2.465465275467486686e-02
1.261599999999999909e+03 2.321118802916297130e-02
1.261700000000000045e+03 2.128341919204319171e-02
1.262700000000000045e+03 1.880027819888865914e-02
1.262799999999999955e+03 1.600122034805107063e-02
1.263799999999999955e+03 1.318938035197141784e-02
1.263900000000000091e+03 1.049846374243266350e-02
1.264900000000000091e+03 8.135628928134925469e-03
1.266000000000000000e+03 6.101669090818230209e-03
1.267000000000000000e+03 4.435964951534787301e-03
1.267099999999999909e+03 3.051893101125619998e-03
1.268099999999999909e+03 1.913947015808345779e-03
1.268200000000000045e+03 8.539345184692136203e-04
1.269200000000000045e+03 -2.020383254356719334e-04
1.269299999999999955e+03 -1.306974725681661707e-03
1.270299999999999955e+03 -2.472278587789007200e-03
1.271400000000000091e+03 -3.687889273329776965e-03
1.272400000000000091e+03 -4.783538502616558122e-03
1.272500000000000000e+03 -5.655982699179606076e-03
1.273500000000000000e+03 -6.106710832407347481e-03
1.273599999999999909e+03 -6.085506707955732307e-03
1.274599999999999909e+03 -5.632403752643950004e-03
1.274700000000000045e+03 -4.974577802535759194e-03
1.275700000000000045e+03 -4.404151564975794693e-03
1.276799999999999955e+03 -4.249282522370465519e-03
1.277799999999999955e+03 -4.636258975888354374e-03
1.277900000000000091e+03 -5.448778223053575218e-03
1.278900000000000091e+03 -6.304037788273094550e-03
1.279000000000000000e+03 -6.793685602480815933e-03
1.280000000000000000e+03 -6.476922835006309297e-03
1.280099999999999909e+03 -5.147649420666717407e-03
1.281099999999999909e+03 -2.834073222811282766e-03
1.282200000000000045e+03 1.653649812770748527e-04
1.283200000000000045e+03 3.384885063448749530e-03
1.283299999999999955e+03 6.309713567112429713e-03
1.284299999999999955e+03 8.557954560275542535e-03
1.284400000000000091e+03 9.924492346785974972e-03
1.285400000000000091e+03 1.053443144490475228e-02
1.286500000000000000e+03 1.058312644449545953e-02
1.287599999999999909e+03 1.032123433849782904e-02
1.288599999999999909e+03 1.000303515503296950e-02
1.288700000000000045e+03 9.908299905944478042e-03
1.289700000000000045e+03 1.040069240630523556e-02
1.290799999999999955e+03 1.172326728978797562e-02
1.291900000000000091e+03 1.395834319995119602e-02
1.292900000000000091e+03 1.691965141705410042e-02
1.293000000000000000e+03 2.023483725730882560e-02
1.294000000000000000e+03 2.354975542744292341e-02
1.295099999999999909e+03 2.640216286434041854e-02
1.296200000000000045e+03 2.830464815386601884e-02
1.297200000000000045e+03 2.894088069070803459e-02
1.297299999999999955e+03 2.837284173263023360e-02
1.298299999999999955e+03 2.707523322990542172e-02
1.298400000000000091e+03 2.561544424893562669e-02
1.299400000000000091e+03 2.454778196327442319e-02
1.300500000000000000e+03 2.410947153598739026e-02
1.301500000000000000e+03 2.421193707290151750e-02
1.301599999999999909e+03 2.459243202168158449e-02
1.302599999999999909e+03 2.478833997172506798e-02
1.303700000000000045e+03 2.411809976593595750e-02
1.304799999999999955e+03 2.203353377937801449e-02
1.305799999999999955e+03 1.853170486781067355e-02
1.305900000000000091e+03 1.406622825285686051e-02
1.306900000000000091e+03 9.324377833573791602e-03
1.308000000000000000e+03 5.009877103880094884e-03
1.309099999999999909e+03 1.642456777774563108e-03
1.310099999999999909e+03 -5.335138277438794064e-04
1.310200000000000045e+03 -1.535057961499369317e-03
1.311200000000000045e+03 -1.716140884217451541e-03
1.312299999999999955e+03 -1.624478856564536694e-03
1.313299999999999955e+03 -1.376969430890398688e-03
1.314400000000000091e+03 -1.595839541341452343e-04
1.315500000000000000e+03 3.566585117738502696e-03
1.316599999999999909e+03 1.171439821986524146e-02
1.317599999999999909e+03 2.613421673980771687e-02
1.318700000000000045e+03 4.814817346417407662e-02
1.319799999999999955e+03 7.784085992577410851e-02
1.320799999999999955e+03 1.135732782954397141e-01
1.321900000000000091e+03 1.519968371466483559e-01
1.323000000000000000e+03 1.885870208464742181e-01
1.324000000000000000e+03 2.187198962256729495e-01
1.325099999999999909e+03 2.387215459981543719e-01
1.326200000000000045e+03 2.465039459599758231e-01
1.327299999999999955e+03 2.419026767847671511e-01
1.328299999999999955e+03 2.267191004557747025e-01
1.329400000000000091e+03 2.043149042038810426e-01
1.330500000000000000e+03 1.788644659246533819e-01
1.331500000000000000e+03 1.544262144056148811e-01
1.332599999999999909e+03 1.341601168984907222e-01
1.333700000000000045e+03 1.198995503364305160e-01
1.334700000000000045e+03 1.121839045618421293e-01
1.335799999999999955e+03 1.104880151620229456e-01
1.336900000000000091e+03 1.134811545791467868e-01
1.337900000000000091e+03 1.194030536683759608e-01
1.339000000000000000e+03 1.265467571850078243e-01
1.340099999999999909e+03 1.337646395925644049e-01
1.341099999999999909e+03 1.407389950658674560e-01
1.342200000000000045e+03 1.475665714237217041e-01
1.343299999999999955e+03 1.543631134206703004e-01
1.344299999999999955e+03 1.612253752724127631e-01
1.345400000000000091e+03 1.681956394062870952e-01
1.346400000000000091e+03 1.751672852519347567e-01
1.347500000000000000e+03 1.817894483897244950e-01
1.348599999999999909e+03 1.875915288013202120e-01
1.349599999999999909e+03 1.922694969900226869e-01
1.350700000000000045e+03 1.960438194010670210e-01
1.351799999999999955e+03 1.995549292699917987e-01
1.352799999999999955e+03 2.032802609593304388e-01
1.353900000000000091e+03 2.073376217571391011e-01
1.355000000000000000e+03 2.116890177369300519e-01
1.356000000000000000e+03 2.161738223678487669e-01
1.357099999999999909e+03 2.204753147762033294e-01
1.358099999999999909e+03 2.241255289535055428e-01
1.359200000000000045e+03 2.266827100165086928e-01
1.360299999999999955e+03 2.279294856038240891e-01
1.361299999999999955e+03 2.279793517638724898e-01
1.362400000000000091e+03 2.271045468985849747e-01
1.363400000000000091e+03 2.254836038120358044e-01
1.364500000000000000e+03 2.231989581678983647e-01
1.365599999999999909e+03 2.204384521975945588e-01
1.366599999999999909e+03 2.174742190025931998e-01
1.367700000000000045e+03 2.145847691159162018e-01
1.368700000000000045e+03 2.119238760418631906e-01
1.369799999999999955e+03 2.095183765936736442e-01
1.370900000000000091e+03 2.071800297107734556e-01
1.371900000000000091e+03 2.045533305907342170e-01
1.373000000000000000e+03 2.012205108963972533e-01
1.374000000000000000e+03 1.968784466955061374e-01
1.375099999999999909e+03 1.915473320898070653e-01
1.376200000000000045e+03 1.856849006299116089e-01
1.377200000000000045e+03 1.801585880231012515e-01
1.378299999999999955e+03 1.759908381158814539e-01
1.379299999999999955e+03 1.740444088416741308e-01
1.380400000000000091e+03 1.748428743656281759e-01
1.381400000000000091e+03 1.784000961231433646e-01
1.382500000000000000e+03 1.842758444918636551e-01
1.383599999999999909e+03 1.917452877588247118e-01
1.384599999999999909e+03 2.001235969354925870e-01
1.385700000000000045e+03 2.089550227010378292e-01
1.386700000000000045e+03 2.179954886508159162e-01
1.387799999999999955e+03 2.272415785279474632e-01
1.388799999999999955e+03 2.367269682771631079e-01
1.389900000000000091e+03 2.464553381898842155e-01
1.390900000000000091e+03 2.563531090931385759e-01
1.392000000000000000e+03 2.663337407283641323e-01
1.393000000000000000e+03 2.762079450312902029e-01
1.394099999999999909e+03 2.857048353769855442e-01
1.395200000000000045e+03 2.945561036597458826e-01
1.396200000000000045e+03 3.023949435574733724e-01
1.397299999999999955e+03 3.087099974784736078e-01
1.398299999999999955e+03 3.130022264026115497e-01
1.399400000000000091e+03 3.148890696141872225e-01
1.400400000000000091e+03 3.142570751168638488e-01
1.401500000000000000e+03 3.113340215473833772e-01
1.402500000000000000e+03 3.068274724489162275e-01
1.403599999999999909e+03 3.015625931412658778e-01
1.404599999999999909e+03 2.962165191510977569e-01
1.405700000000000045e+03 2.910977351549677294e-01
1.406700000000000045e+03 2.860119617771358924e-01
1.407799999999999955e+03 2.804195354089543679e-01
1.408799999999999955e+03 2.737352551744804963e-01
1.409900000000000091e+03 2.655133693431409592e-01
1.410900000000000091e+03 2.556534450400370639e-01
1.412000000000000000e+03 2.445484551554119312e-01
1.413000000000000000e+03 2.330600626002028997e-01
1.414099999999999909e+03 2.220792777405511953e-01
1.415099999999999909e+03 2.122065523096189898e-01
1.416200000000000045e+03 2.036662901206846010e-01
1.417200000000000045e+03 1.963405110869681780e-01
1.418299999999999955e+03 1.899294791639125624e-01
1.419299999999999955e+03 1.841134290809688379e-01
1.420400000000000091e+03 1.785657156532635681e-01
1.421400000000000091e+03 1.731606023016921125e-01
1.422500000000000000e+03 1.680344366545151735e-01
1.423500000000000000e+03 1.634947116552769586e-01
1.424599999999999909e+03 1.597755846314277417e-01
1.425599999999999909e+03 1.569581262147313194e-01
1.426599999999999909e+03 1.550507177471051878e-01
1.427700000000000045e+03 1.538804424983271080e-01
1.428700000000000045e+03 1.530731539156156562e-01
1.429799999999999955e+03 1.521381296592249077e-01
1.430799999999999955e+03 1.505121325257877674e-01
1.431900000000000091e+03 1.477685683369796832e-01
1.432900000000000091e+03 1.437265718722022245e-01
1.434000000000000000e+03 1.385117388557659535e-01
1.435000000000000000e+03 1.324679313577441786e-01
1.436099999999999909e+03 1.261725455553229791e-01
1.437099999999999909e+03 1.202421158752734753e-01
1.438099999999999909e+03 1.150350320977032714e-01
1.439200000000000045e+03 1.105706368464312861e-01
1.440200000000000045e+03 1.066332300889243634e-01
1.441299999999999955e+03 1.028151812528042552e-01
1.442299999999999955e+03 9.861346545570781608e-02
1.443400000000000091e+03 9.363278877670200284e-02
1.444400000000000091e+03 8.775991537157612488e-02
1.445400000000000091e+03 8.114823359856297713e-02
1.446500000000000000e+03 7.414701306334690878e-02
1.447500000000000000e+03 6.700950763511655250e-02
1.448599999999999909e+03 5.985285012639651736e-02
1.449599999999999909e+03 5.264977062065349933e-02
1.450700000000000045e+03 4.533306040590360381e-02
1.451700000000000045e+03 3.776947362685668941e-02
1.452700000000000045e+03 2.979536746117659660e-02
1.453799999999999955e+03 2.144285895234678344e-02
1.454799999999999955e+03 1.310304177668606372e-02
1.455900000000000091e+03 5.415568057500460067e-03
1.456900000000000091e+03 -9.160789417082370722e-04
1.457900000000000091e+03 -5.329551185602772814e-03
1.459000000000000000e+03 -7.430509564977422557e-03
1.460000000000000000e+03 -7.096510562545663148e-03
1.461099999999999909e+03 -4.454188296888568835e-03
1.462099999999999909e+03 -8.286846765174490448e-05
1.463099999999999909e+03 4.866223962434013811e-03
1.464200000000000045e+03 8.986551452439314053e-03
1.465200000000000045e+03 1.102762444811338644e-02
1.466200000000000045e+03 1.009227534039941129e-02
1.467299999999999955e+03 5.917903463098041217e-03
1.468299999999999955e+03 -1.013002066641130374e-03
1.469400000000000091e+03 -9.473541053474490714e-03
1.470400000000000091e+03 -1.751999291368623937e-02
1.471400000000000091e+03 -2.282496192788558559e-02
1.472500000000000000e+03 -2.363534156334881967e-02
1.473500000000000000e+03 -1.936738745101337922e-02
1.474500000000000000e+03 -1.048760284914634390e-02
1.475599999999999909e+03 1.730649144457448076e-03
1.476599999999999909e+03 1.544119408672988553e-02
1.477599999999999909e+03 2.879794213626146043e-02
1.478700000000000045e+03 4.025846263578299056e-02
1.479700000000000045e+03 4.887976362668985941e-02
1.480799999999999955e+03 5.470214849451755790e-02
1.481799999999999955e+03 5.850860341280918198e-02
1.482799999999999955e+03 6.108344003508693609e-02
1.483900000000000091e+03 6.298065947309587631e-02
1.484900000000000091e+03 6.461810993127690972e-02
1.485900000000000091e+03 6.624896233784026423e-02
1.487000000000000000e+03 6.792849085958121980e-02
1.488000000000000000e+03 6.971155871611817156e-02
1.489000000000000000e+03 7.155728425925515779e-02
1.490099999999999909e+03 7.337366699771291634e-02
1.491099999999999909e+03 7.527033113646301732e-02
1.492099999999999909e+03 7.743437423350987836e-02
1.493200000000000045e+03 7.989705526141403780e-02
1.494200000000000045e+03 8.259685414126345659e-02
1.495200000000000045e+03 8.552126985795607816e-02
1.496200000000000045e+03 8.869462989085641347e-02
1.497299999999999955e+03 9.209348508421613677e-02
1.498299999999999955e+03 9.572140929360611894e-02
1.499299999999999955e+03 9.950809332169699428e-02
1.500400000000000091e+03 1.032655897117737420e-01
1.501400000000000091e+03 1.068089728130134086e-01
1.502400000000000091e+03 1.100071536839625358e-01
1.503500000000000000e+03 1.127685468562635435e-01
1.504500000000000000e+03 1.150310859008927822e-01
1.505500000000000000e+03 1.167476275599443059e-01
1.506500000000000000e+03 1.178571676886748798e-01
1.507599999999999909e+03 1.182752527456954195e-01
1.508599999999999909e+03 1.180717641476674573e-01
1.509599999999999909e+03 1.174685675143553876e-01
1.510700000000000045e+03 1.166989424673743891e-01
1.511700000000000045e+03 1.160019943427253591e-01
1.512700000000000045e+03 1.157147128468420522e-01
1.513700000000000045e+03 1.161589155362178216e-01
1.514799999999999955e+03 1.174262864052754429e-01
1.515799999999999955e+03 1.192755779476393357e-01
1.516799999999999955e+03 1.212565111861271250e-01
1.517900000000000091e+03 1.228882860144329264e-01
1.518900000000000091e+03 1.238244724793125529e-01
1.519900000000000091e+03 1.238429481636734164e-01
1.520900000000000091e+03 1.227538975862684373e-01
1.522000000000000000e+03 1.204308348093815206e-01
1.523000000000000000e+03 1.169532031105875169e-01
1.524000000000000000e+03 1.125593849770685079e-01
1.525000000000000000e+03 1.075543145176000581e-01
1.526099999999999909e+03 1.022856868959756693e-01
1.527099999999999909e+03 9.721771638770604351e-02
1.528099999999999909e+03 9.291389712625636177e-02
1.529099999999999909e+03 8.985774712821370525e-02
1.530200000000000045e+03 8.831745545728833524e-02
1.531200000000000045e+03 8.827532135704570238e-02
1.532200000000000045e+03 8.943189363097167610e-02
1.533200000000000045e+03 9.145633305995777562e-02
1.534299999999999955e+03 9.407002370626606214e-02
1.535299999999999955e+03 9.706359174667944512e-02
1.536299999999999955e+03 1.002560153397000497e-01
1.537299999999999955e+03 1.034933380173579942e-01
1.538299999999999955e+03 1.066088829343580929e-01
1.539400000000000091e+03 1.094064533609837714e-01
1.540400000000000091e+03 1.115346200650171038e-01
1.541400000000000091e+03 1.121758164435620875e-01
1.542400000000000091e+03 1.108972969861730939e-01
1.543500000000000000e+03 1.081993878371051154e-01
1.544500000000000000e+03 1.052125635182360047e-01
1.545500000000000000e+03 1.032668064657221996e-01
1.546500000000000000e+03 1.035070504517586754e-01
1.547500000000000000e+03 1.066650899164644783e-01
1.548599999999999909e+03 1.129100422576807539e-01
1.549599999999999909e+03 1.217765524909173724e-01
1.550599999999999909e+03 1.317412837664377334e-01
1.551599999999999909e+03 1.403465844768661264e-01
1.552599999999999909e+03 1.461794787550871610e-01
1.553700000000000045e+03 1.490621845400140200e-01
1.554700000000000045e+03 1.494533709835338675e-01
1.555700000000000045e+03 1.481068517435244480e-01
1.556700000000000045e+03 1.459083874557845217e-01
1.557700000000000045e+03 1.438050941194689014e-01
1.558700000000000045e+03 1.426289300647594072e-01
1.559799999999999955e+03 1.428579840047726479e-01
1.560799999999999955e+03 1.442527434266281383e-01
1.561799999999999955e+03 1.461933701325731083e-01
1.562799999999999955e+03 1.484763976923863804e-01
1.563799999999999955e+03 1.510110305028503630e-01
1.564900000000000091e+03 1.535822084781502117e-01
1.565900000000000091e+03 1.559862587974035764e-01
1.566900000000000091e+03 1.582490732799325672e-01
1.567900000000000091e+03 1.607909276862530268e-01
1.568900000000000091e+03 1.642454889810877616e-01
1.569900000000000091e+03 1.692032741879423152e-01
1.570900000000000091e+03 1.759091572874751930e-01
1.572000000000000000e+03 1.842521817830158337e-01
1.573000000000000000e+03 1.937189692829420218e-01
1.574000000000000000e+03 2.034061166835210988e-01
1.575000000000000000e+03 2.122120443048048921e-01
1.576000000000000000e+03 2.192529196980926298e-01
1.577000000000000000e+03 2.241115443486964010e-01
1.578000000000000000e+03 2.269545395291512335e-01
1.579099999999999909e+03 2.282931854532684324e-01
1.580099999999999909e+03 2.287779011746205460e-01
1.581099999999999909e+03 2.290379065061400876e-01
1.582099999999999909e+03 2.296537199580346578e-01
1.583099999999999909e+03 2.309435402897933587e-01
1.584099999999999909e+03 2.329109476917555210e-01
1.585099999999999909e+03 2.354418852165122145e-01
1.586200000000000045e+03 2.384108022400746041e-01
1.587200000000000045e+03 2.416413196192294666e-01
1.588200000000000045e+03 2.449807363767106949e-01
1.589200000000000045e+03 2.481660871870558505e-01
1.590200000000000045e+03 2.508387640438688448e-01
1.591200000000000045e+03 2.526970440688575126e-01
1.592200000000000045e+03 2.534239197105932484e-01
1.593200000000000045e+03 2.525794147846341930e-01
1.594200000000000045e+03 2.497283031901634531e-01
1.595299999999999955e+03 2.446070972106703378e-01
1.596299999999999955e+03 2.370893691712765150e-01
1.597299999999999955e+03 2.272869156116953393e-01
1.598299999999999955e+03 2.156468470000931226e-01
1.599299999999999955e+03 2.027624413678630333e-01
1.600299999999999955e+03 1.893744130888578847e-01
1.601299999999999955e+03 1.763893289137641318e-01
1.602299999999999955e+03 1.644774085836023803e-01
1.603299999999999955e+03 1.539879809322343140e-01
1.604299999999999955e+03 1.449983500303359818e-01
1.605299999999999955e+03 1.373777061106083719e-01
1.606400000000000091e+03 1.308328442879151954e-01
1.607400000000000091e+03 1.250738361114641095e-01
1.608400000000000091e+03 1.198564551066347433e-01
1.609400000000000091e+03 1.150042818033759906e-01
1.610400000000000091e+03 1.105747349229734972e-01
1.611400000000000091e+03 1.068027912014497816e-01
1.612400000000000091e+03 1.038184291201270093e-01
1.613400000000000091e+03 1.016725162013555894e-01
1.614400000000000091e+03 1.003381286094642277e-01
1.615400000000000091e+03 9.962461684875489887e-02
1.616400000000000091e+03 9.916306746128589200e-02
1.617400000000000091e+03 9.842799104339691740e-02
1.618400000000000091e+03 9.683953514058370182e-02
1.619400000000000091e+03 9.400977259872091152e-02
1.620400000000000091e+03 8.988798732693359383e-02
1.621400000000000091e+03 8.464742877567256463e-02
1.622500000000000000e+03 7.861500092531288619e-02
1.623500000000000000e+03 7.225266764726731572e-02
1.624500000000000000e+03 6.603653429990842538e-02
1.625500000000000000e+03 6.024090008254619211e-02
1.626500000000000000e+03 5.497796347864929156e-02
1.627500000000000000e+03 5.024274596132428938e-02
1.628500000000000000e+03 4.600997042601250031e-02
1.629500000000000000e+03 4.237255082501971415e-02
1.630500000000000000e+03 3.954680811381591082e-02
1.631500000000000000e+03 3.769779061753687766e-02
1.632500000000000000e+03 3.689466658412240974e-02
1.633500000000000000e+03 3.706187790462235621e-02
1.634500000000000000e+03 3.789603045650048740e-02
1.635500000000000000e+03 3.888146074975076111e-02
1.636500000000000000e+03 3.954678985963857446e-02
1.637500000000000000e+03 3.957510730020799561e-02
1.638500000000000000e+03 3.886712910600360893e-02
1.639500000000000000e+03 3.755688474514020520e-02
1.640500000000000000e+03 3.595183191770487396e-02
1.641500000000000000e+03 3.430184261289486586e-02
1.642500000000000000e+03 3.278599192761155745e-02
1.643500000000000000e+03 3.148195281286200048e-02
1.644500000000000000e+03 3.028431949007810708e-02
1.645500000000000000e+03 2.897608180894595264e-02
1.646500000000000000e+03 2.741670932195766630e-02
1.647500000000000000e+03 2.560101725752384622e-02
1.648500000000000000e+03 2.370167148855699055e-02
1.649500000000000000e+03 2.194808444685703019e-02
1.650500000000000000e+03 2.054668013027187087e-02
1.651500000000000000e+03 1.958101145043014690e-02
1.652500000000000000e+03 1.908073616948040979e-02
1.653500000000000000e+03 1.897094826205166646e-02
1.654500000000000000e+03 1.898346494787769151e-02
1.655500000000000000e+03 1.874458600725254637e-02
1.656500000000000000e+03 1.799119712344777328e-02
1.657500000000000000e+03 1.669315491248574840e-02
1.658500000000000000e+03 1.506898515478580051e-02
1.659500000000000000e+03 1.339114338667824963e-02
1.660500000000000000e+03 1.195887665962155205e-02
1.661500000000000000e+03 1.106624934534096959e-02
1.662500000000000000e+03 1.089984444529450147e-02
1.663500000000000000e+03 1.145320211382738936e-02
1.664500000000000000e+03 1.243165428792004402e-02
1.665500000000000000e+03 1.338024908273289029e-02
1.666400000000000091e+03 1.393465754967270279e-02
1.667400000000000091e+03 1.389461151642299233e-02
1.668400000000000091e+03 1.322015624795212264e-02
1.669400000000000091e+03 1.194679144291480727e-02
1.670400000000000091e+03 1.020411977254838051e-02
1.671400000000000091e+03 8.197167703787176102e-03
1.672400000000000091e+03 6.116443657115016100e-03
1.673400000000000091e+03 4.138228753284789452e-03
1.674400000000000091e+03 2.354850848996313268e-03
1.675400000000000091e+03 8.540682624376117176e-04
1.676400000000000091e+03 -2.160945166954399144e-04
1.677400000000000091e+03 -7.726183281864427380e-04
1.678400000000000091e+03 -8.389886900671422471e-04
1.679400000000000091e+03 -5.789615120692158216e-04
1.680400000000000091e+03 -2.785915721603956846e-04
1.681400000000000091e+03 -1.905921039498807744e-04
1.682299999999999955e+03 -4.160092645841188905e-04
1.683299999999999955e+03 -8.744125415640082409e-04
1.684299999999999955e+03 -1.325234248352022328e-03
1.685299999999999955e+03 -1.431671470857189855e-03
1.686299999999999955e+03 -8.501416272725067277e-04
1.687299999999999955e+03 5.874330714809403598e-04
1.688299999999999955e+03 2.808216437434362701e-03
1.689299999999999955e+03 5.500095590142058469e-03
1.690299999999999955e+03 8.191844753334892940e-03
1.691299999999999955e+03 1.047706191457023830e-02
1.692299999999999955e+03 1.211568092003149390e-02
1.693200000000000045e+03 1.303318529832196704e-02
1.694200000000000045e+03 1.331583489100044912e-02
1.695200000000000045e+03 1.318792462228422085e-02
1.696200000000000045e+03 1.299596735443433668e-02
1.697200000000000045e+03 1.300846782393475648e-02
1.698200000000000045e+03 1.346209094845186340e-02
1.699200000000000045e+03 1.427128408422053026e-02
1.700200000000000045e+03 1.308850579469853295e-02
1.701200000000000045e+03 6.804356797499518800e-03
1.702099999999999909e+03 4.405152530450119445e-03
1.703099999999999909e+03 7.629121397834962015e-03
1.704099999999999909e+03 1.083089528717889015e-02
1.705099999999999909e+03 -1.646172025430265966e-03
1.706099999999999909e+03 -2.935265120074693947e-03
1.707099999999999909e+03 -1.924301703858976101e-04
1.708099999999999909e+03 -6.849862476293381002e-04
1.709099999999999909e+03 5.205642919407402983e-05
1.710000000000000000e+03 2.206660629096902221e-03
1.711000000000000000e+03 4.500341325298298431e-03
1.712000000000000000e+03 6.444238768025059051e-03
1.713000000000000000e+03 4.437703471690112624e-03
1.714000000000000000e+03 1.787423954768610533e-03
1.715000000000000000e+03 4.091590682981338135e-03
1.716000000000000000e+03 3.893380728072293098e-03
1.716900000000000091e+03 -4.289421118682966959e-03
1.717900000000000091e+03 -6.383793043718053286e-04
1.718900000000000091e+03 7.909704576427738915e-03
1.719900000000000091e+03 1.447479087293186521e-02
1.720900000000000091e+03 1.909730922416849261e-02
1.721900000000000091e+03 2.450794122206882003e-02
1.722900000000000091e+03 2.742189844183826053e-02
1.723799999999999955e+03 2.114434583689693906e-02
1.724799999999999955e+03 1.169289498920825232e-02
1.725799999999999955e+03 1.309961891674754457e-02
1.726799999999999955e+03 1.931242424314203593e-02
1.727799999999999955e+03 2.060956904809026907e-02
1.728799999999999955e+03 1.533791190374010627e-02
1.729700000000000045e+03 1.387032262259908777e-02
1.730700000000000045e+03 1.188137427778599223e-02
1.731700000000000045e+03 1.288409285574460342e-02
1.732700000000000045e+03 1.851952200409841612e-02
1.733700000000000045e+03 1.475211327352081610e-02
1.734599999999999909e+03 1.262072443447008127e-02
1.735599999999999909e+03 1.557659349793573053e-02
1.736599999999999909e+03 1.594843085807298722e-02
1.737599999999999909e+03 7.813122799370774904e-03
1.738599999999999909e+03 9.588963447054649203e-03
1.739599999999999909e+03 1.118112088247892079e-02
1.740500000000000000e+03 1.155309197981477937e-02
1.741500000000000000e+03 8.938629152316938595e-03
1.742500000000000000e+03 8.874666278332058594e-03
1.743500000000000000e+03 7.998368783745527302e-03
1.744500000000000000e+03 8.556769274486253699e-03
1.745400000000000091e+03 1.177662361050840246e-02
1.746400000000000091e+03 1.236036425391139060e-02
1.747400000000000091e+03 1.634109929897556435e-02
1.748400000000000091e+03 1.519673733469385085e-02
1.749299999999999955e+03 1.139476866678778080e-02
1.750299999999999955e+03 8.689468007580166201e-03
1.751299999999999955e+03 8.152184310521419161e-03
1.752299999999999955e+03 8.824270990842001273e-04
1.753200000000000045e+03 -3.692757135109427623e-03
1.753299999999999955e+03 7.053572844921732546e-03
1.754200000000000045e+03 4.210851432049442927e-03
1.755200000000000045e+03 -2.429518510901156753e-03
1.756200000000000045e+03 -2.875971059884352638e-04
1.757200000000000045e+03 4.843875812810296590e-03
1.758099999999999909e+03 3.939205214953627257e-03
1.758200000000000045e+03 -1.984897486887661489e-03
1.759099999999999909e+03 2.174710998967789403e-03
1.759200000000000045e+03 2.258659482142523489e-03
1.760099999999999909e+03 8.082876699200320161e-03
1.761099999999999909e+03 9.635734966977437324e-03
1.762000000000000000e+03 1.058210267971479435e-02
1.762099999999999909e+03 9.894766450684509829e-03
1.763000000000000000e+03 1.093967203018387721e-02
1.763099999999999909e+03 1.503130059194202409e-02
1.764000000000000000e+03 1.902567749094522670e-02
1.764099999999999909e+03 2.361069843977599281e-02
1.765000000000000000e+03 2.147258739802528765e-02
1.765099999999999909e+03 1.531178862578709901e-02
1.766000000000000000e+03 6.667636003253082054e-03
1.766099999999999909e+03 1.093647317009285511e-02
1.766900000000000091e+03 1.582210708579539354e-02
1.767099999999999909e+03 1.967472504912641529e-02
1.767900000000000091e+03 2.041280437944587717e-02
1.768099999999999909e+03 1.999754943288953313e-02
1.768900000000000091e+03 2.110800950552124688e-02
1.769000000000000000e+03 2.002239899089361397e-02
1.769900000000000091e+03 1.906493039050558350e-02
1.770000000000000000e+03 2.349156487668448146e-02
1.770799999999999955e+03 2.916833246255829543e-02
1.771000000000000000e+03 2.830836296934463592e-02
1.771799999999999955e+03 2.430305010654976172e-02
1.772000000000000000e+03 1.832803206616803737e-02
1.772799999999999955e+03 2.198082640449232003e-02
1.773000000000000000e+03 2.555634232948586146e-02
1.773700000000000045e+03 2.168591619705088208e-02
1.774000000000000000e+03 1.405850819707023247e-02
1.774700000000000045e+03 1.672429457060915781e-02
1.775000000000000000e+03 2.582272056691541778e-02
1.775700000000000045e+03 2.433732949157916756e-02
1.775900000000000091e+03 2.462212589529615483e-02
1.776700000000000045e+03 2.357469716685068814e-02
1.776900000000000091e+03 2.168825791550900786e-02
1.777599999999999909e+03 2.418305007374107335e-02
1.777900000000000091e+03 2.725217083482000396e-02
1.778599999999999909e+03 2.604553098602809674e-02
1.778900000000000091e+03 2.325611183487565070e-02
1.779599999999999909e+03 2.519125399366838741e-02
1.779900000000000091e+03 2.162222929333160876e-02
1.780599999999999909e+03 2.284190177923195453e-02
1.780900000000000091e+03 1.936990569648808225e-02
1.781500000000000000e+03 9.072540281278186972e-03
1.781900000000000091e+03 1.524199576708338416e-02
1.782500000000000000e+03 2.076007247654449578e-02
1.782799999999999955e+03 2.383508736623603241e-02
1.783500000000000000e+03 2.207740894530175330e-02
1.783799999999999955e+03 2.153001678194844948e-02
1.784400000000000091e+03 2.627351197336278213e-02
1.784799999999999955e+03 2.943019351037764325e-02
1.785400000000000091e+03 2.713589156074206268e-02
1.785799999999999955e+03 2.482866458240023944e-02
1.786400000000000091e+03 2.583815576585673374e-02
1.786799999999999955e+03 2.630724759283111988e-02
1.787400000000000091e+03 2.884672878805626117e-02
1.787799999999999955e+03 2.639585470008500023e-02
1.788299999999999955e+03 2.899361545889957842e-02
1.788700000000000045e+03 2.334909651790352536e-02
1.789299999999999955e+03 1.325535965316346557e-02
1.789700000000000045e+03 1.577620959830563704e-02
1.790299999999999955e+03 2.415765403042574935e-02
1.790700000000000045e+03 2.478259835391371374e-02
1.791200000000000045e+03 2.561300253848629999e-02
1.791700000000000045e+03 2.557903992125792891e-02
1.792200000000000045e+03 1.651798455269341825e-02
1.792700000000000045e+03 1.624518042729746273e-02
1.793200000000000045e+03 1.892484860888794806e-02
1.793599999999999909e+03 1.873610172101058957e-02
1.794200000000000045e+03 2.042654861313048659e-02
1.794599999999999909e+03 2.293494251590879121e-02
1.795099999999999909e+03 2.130416261762824170e-02
1.795599999999999909e+03 2.160032723254936074e-02
1.796099999999999909e+03 2.015490906645152000e-02
1.796599999999999909e+03 1.894942944290725628e-02
1.797099999999999909e+03 2.575577659902941047e-02
1.797599999999999909e+03 2.723541672635990119e-02
1.798000000000000000e+03 2.236103921905175859e-02
1.798500000000000000e+03 2.004041929410881051e-02
1.799000000000000000e+03 2.027909935970266531e-02
1.799500000000000000e+03 2.330301807703797495e-02
1.800000000000000000e+03 2.761126810107581570e-02
1.800500000000000000e+03 3.100303918261143252e-02
1.800900000000000091e+03 2.854488724795228860e-02
1.801500000000000000e+03 2.412669891129680388e-02
1.801900000000000091e+03 2.369498483738823047e-02
1.802500000000000000e+03 2.512022649503828364e-02
1.802900000000000091e+03 2.539486210077322725e-02
1.803400000000000091e+03 2.405635520066710942e-02
1.803799999999999955e+03 2.227708664652666704e-02
1.804400000000000091e+03 2.406817930065223779e-02
1.804799999999999955e+03 1.992430023418727270e-02
1.805400000000000091e+03 1.287799339048915220e-02
1.805799999999999955e+03 1.924820605022225378e-02
1.806400000000000091e+03 2.517330881623876596e-02
1.806700000000000045e+03 2.320339325863569543e-02
1.807400000000000091e+03 1.858316399783706274e-02
1.807700000000000045e+03 1.386878270840911052e-02
1.808299999999999955e+03 1.429599290865160230e-02
1.808700000000000045e+03 1.993442304623504330e-02
1.809299999999999955e+03 2.351010856146831460e-02
1.809599999999999909e+03 2.234310979776551326e-02
1.810299999999999955e+03 2.143917986553226310e-02
1.810599999999999909e+03 1.660835669633261777e-02
1.811299999999999955e+03 1.767751132355516175e-02
1.811599999999999909e+03 1.959031457881028893e-02
1.812200000000000045e+03 2.501452512107494100e-02
1.812500000000000000e+03 2.263941270985120324e-02
1.813200000000000045e+03 1.760284163110722305e-02
1.813500000000000000e+03 2.048091105422948296e-02
1.814200000000000045e+03 2.294656399139654093e-02
1.814500000000000000e+03 1.862273837594649595e-02
1.815200000000000045e+03 1.792232323849642095e-02
1.815400000000000091e+03 1.909063500114471443e-02
1.816200000000000045e+03 1.776072149628881922e-02
1.816400000000000091e+03 2.570541002063488067e-02
1.817099999999999909e+03 3.263677549539058254e-02
1.817400000000000091e+03 2.773270666882774599e-02
1.818099999999999909e+03 2.559909985855524789e-02
1.818299999999999955e+03 2.725801015057691817e-02
1.819099999999999909e+03 2.633883050708784104e-02
1.819299999999999955e+03 2.417971883498151037e-02
1.820099999999999909e+03 2.468928896878134702e-02
1.820299999999999955e+03 3.200939354388970121e-02
1.821000000000000000e+03 3.049286536372870782e-02
1.821200000000000045e+03 3.025119088791472510e-02
1.822000000000000000e+03 3.237824052710615991e-02
1.822200000000000045e+03 2.911301470201186486e-02
1.823000000000000000e+03 2.072926169134400171e-02
1.823200000000000045e+03 1.761439490184078457e-02
1.823900000000000091e+03 2.303438342557066754e-02
1.824099999999999909e+03 2.776878410116222912e-02
1.824900000000000091e+03 2.848241842692678105e-02
1.825099999999999909e+03 2.861023472716356375e-02
1.825900000000000091e+03 2.777059168813938300e-02
1.826000000000000000e+03 3.240473711720566474e-02
1.826900000000000091e+03 3.049733254386391423e-02
1.827000000000000000e+03 2.592444400231574964e-02
1.827799999999999955e+03 2.242343355749802647e-02
1.828000000000000000e+03 2.376179292616640779e-02
1.828799999999999955e+03 2.067481416366738489e-02
1.828900000000000091e+03 2.036879029372218319e-02
1.829799999999999955e+03 3.010792252329338656e-02
1.829900000000000091e+03 3.357795385169985020e-02
1.830799999999999955e+03 3.673396447147844746e-02
1.830900000000000091e+03 3.957270163579168498e-02
1.831700000000000045e+03 3.224898828298588399e-02
1.831799999999999955e+03 2.942206313393017081e-02
1.832700000000000045e+03 3.066697120311211167e-02
1.832799999999999955e+03 3.183328666740511959e-02
1.833700000000000045e+03 2.455505992055575376e-02
1.834599999999999909e+03 2.337739929542254416e-02
1.834700000000000045e+03 1.953752975507295001e-02
1.835599999999999909e+03 1.855116484944573096e-02
1.835700000000000045e+03 2.437828883464882718e-02
1.836599999999999909e+03 2.790405105927783874e-02
1.837599999999999909e+03 2.334241274197837446e-02
1.838500000000000000e+03 1.901763179026842027e-02
1.838599999999999909e+03 2.033033342882963751e-02
1.839500000000000000e+03 2.059673097625095220e-02
1.840500000000000000e+03 1.944310601895601551e-02
1.841400000000000091e+03 1.586555733683324074e-02
1.842400000000000091e+03 1.881031269940765249e-02
1.843400000000000091e+03 1.631711401342887668e-02
1.844299999999999955e+03 1.703119318787376171e-02
1.844400000000000091e+03 2.228735894270469572e-02
1.845299999999999955e+03 2.555030089826912029e-02
1.846200000000000045e+03 2.715803528747736534e-02
1.846299999999999955e+03 1.979481450928391451e-02
1.847200000000000045e+03 1.996303037785437245e-02
1.847299999999999955e+03 2.126521470703042482e-02
1.848200000000000045e+03 2.306947285811179055e-02
1.849099999999999909e+03 2.187644622771989927e-02
1.849200000000000045e+03 2.451231791133903423e-02
1.850099999999999909e+03 2.822002424229483677e-02
1.850200000000000045e+03 2.480456609487716180e-02
1.851000000000000000e+03 1.853959081555246746e-02
1.851099999999999909e+03 1.598680271709876713e-02
1.852000000000000000e+03 1.907918966759382384e-02
1.852099999999999909e+03 1.924365839536891151e-02
1.852900000000000091e+03 2.311895198481466254e-02
1.853099999999999909e+03 2.351543741217874614e-02
1.853900000000000091e+03 1.685172404241618016e-02
1.854000000000000000e+03 1.521544148152828221e-02
1.854900000000000091e+03 1.541733869278087525e-02
1.855000000000000000e+03 1.144645315305473782e-02
1.855799999999999955e+03 1.162910884138164749e-02
1.856000000000000000e+03 1.139731289894531027e-02
1.856799999999999955e+03 1.207156849000169327e-02
1.856900000000000091e+03 1.022014960119010593e-02
1.857700000000000045e+03 1.516995957635452683e-02
1.857900000000000091e+03 1.700235773264331327e-02
1.858700000000000045e+03 2.286344439880835799e-02
1.858900000000000091e+03 2.302058539533298476e-02
1.859599999999999909e+03 2.015472638289428700e-02
1.859799999999999955e+03 1.830091683666820040e-02
1.860599999999999909e+03 1.437830941274403571e-02
1.860799999999999955e+03 1.169578329590477243e-02
1.861599999999999909e+03 1.361317818596498481e-02
1.861799999999999955e+03 1.004271399360026629e-02
1.862500000000000000e+03 1.440691533142756872e-02
1.862700000000000045e+03 1.780559240151429606e-02
1.863500000000000000e+03 2.020769516745688985e-02
1.863700000000000045e+03 1.875894735488038700e-02
1.864400000000000091e+03 1.876578505036249206e-02
1.864599999999999909e+03 1.769632904964048292e-02
1.865400000000000091e+03 1.994174022103997745e-02
1.865599999999999909e+03 1.527885062634918092e-02
1.866299999999999955e+03 1.710823974993649910e-02
1.866599999999999909e+03 1.406254675094354908e-02
1.867299999999999955e+03 1.317658939603674750e-02
1.867500000000000000e+03 9.991399482050286607e-03
1.868200000000000045e+03 1.305012313947922879e-02
1.868500000000000000e+03 9.726489210175583155e-03
1.869200000000000045e+03 1.075083600754396171e-02
1.869500000000000000e+03 1.228493045925938866e-02
1.870200000000000045e+03 1.499941812716678799e-02
1.870400000000000091e+03 1.887792057227201392e-02
1.871099999999999909e+03 2.576274191805399960e-02
1.871400000000000091e+03 2.236921552426535120e-02
1.872099999999999909e+03 1.751238895386411643e-02
1.872400000000000091e+03 1.726776517884833287e-02
1.873000000000000000e+03 2.128548315999321053e-02
1.873299999999999955e+03 1.720724113304471573e-02
1.874000000000000000e+03 1.878778301288545893e-02
1.874299999999999955e+03 2.085734159126478166e-02
1.874900000000000091e+03 2.068405436742389025e-02
1.875200000000000045e+03 1.619533132820345084e-02
1.875900000000000091e+03 1.748336225366598634e-02
1.876200000000000045e+03 2.232748625795866193e-02
1.876799999999999955e+03 2.428095390073525123e-02
1.877200000000000045e+03 1.851918211910911008e-02
1.877799999999999955e+03 1.731057564915737881e-02
1.878099999999999909e+03 2.419424939774025840e-02
1.878700000000000045e+03 2.424248152118836652e-02
1.879099999999999909e+03 2.207169368076927068e-02
1.879700000000000045e+03 1.610968772253812409e-02
1.880000000000000000e+03 1.282345841252969382e-02
1.880700000000000045e+03 2.119419313249592401e-02
1.881000000000000000e+03 1.840779836698551442e-02
1.881599999999999909e+03 1.494217083113534225e-02
1.882000000000000000e+03 1.322945527656507921e-02
1.882599999999999909e+03 1.993811984521451017e-02
1.882900000000000091e+03 1.952141441496693663e-02
1.883500000000000000e+03 1.629432476819756004e-02
1.883900000000000091e+03 1.726724066545625921e-02
1.884500000000000000e+03 2.405227452868633972e-02
1.884799999999999955e+03 2.507184772877265461e-02
1.885400000000000091e+03 2.665818762424400357e-02
1.885799999999999955e+03 2.309188140160346042e-02
1.886400000000000091e+03 3.029632131752937191e-02
1.886799999999999955e+03 3.413598825647586044e-02
1.887299999999999955e+03 2.631966230785844768e-02
1.887700000000000045e+03 1.534580075152471544e-02
1.888299999999999955e+03 1.378999448979329606e-02
1.888700000000000045e+03 1.468600300394096690e-02
1.889200000000000045e+03 1.399253023937658581e-02
1.889599999999999909e+03 1.600911067247730302e-02
1.890200000000000045e+03 2.086798481927166354e-02
1.890599999999999909e+03 2.164670826840319612e-02
1.891099999999999909e+03 2.601385750754955928e-02
1.891599999999999909e+03 2.454713743950450583e-02
1.892099999999999909e+03 1.972102734532068385e-02
1.892500000000000000e+03 1.322106683351351522e-02
1.893000000000000000e+03 1.230227113160903968e-02
1.893500000000000000e+03 2.083715075971693739e-02
1.894000000000000000e+03 2.515102083995792923e-02
1.894400000000000091e+03 1.820425639079924912e-02
1.894900000000000091e+03 1.793132577589841639e-02
1.895400000000000091e+03 2.237967429824651647e-02
1.895900000000000091e+03 2.689241669421316844e-02
1.896299999999999955e+03 3.134640755004460683e-02
1.896799999999999955e+03 2.902615495457169792e-02
1.897299999999999955e+03 2.205662703817025394e-02
1.897799999999999955e+03 1.376465656904757306e-02
1.898299999999999955e+03 1.309044609082624100e-02
1.898700000000000045e+03 1.765224460060139944e-02
1.899200000000000045e+03 2.134133301174126821e-02
1.899700000000000045e+03 1.841353622882337115e-02
1.900200000000000045e+03 2.073665769009974333e-02
1.900599999999999909e+03 2.312410384957032730e-02
1.901099999999999909e+03 2.251457736335225543e-02
1.901599999999999909e+03 1.657286930831469024e-02
1.902099999999999909e+03 1.276550409335825906e-02
1.902500000000000000e+03 1.692051085171374786e-02
1.903000000000000000e+03 2.617315143843777434e-02
1.903500000000000000e+03 2.668206108090918210e-02
1.904000000000000000e+03 2.279009246525142557e-02
1.904400000000000091e+03 2.912380874088801169e-02
1.905000000000000000e+03 3.308456004751546276e-02
1.905400000000000091e+03 2.810642470663957115e-02
1.905900000000000091e+03 2.774773150402785882e-02
1.906299999999999955e+03 2.855157463440041038e-02
1.906900000000000091e+03 2.593723247039271540e-02
1.907299999999999955e+03 2.521395423557357823e-02
1.907799999999999955e+03 2.836071717916807677e-02
1.908200000000000045e+03 3.151325131627653181e-02
1.908799999999999955e+03 2.376882891937965106e-02
1.909200000000000045e+03 2.430601300966145004e-02
1.909700000000000045e+03 2.959804818062753556e-02
1.910099999999999909e+03 2.959007953451610329e-02
1.910700000000000045e+03 2.427886667373590004e-02
1.911099999999999909e+03 2.623677362639097871e-02
1.911599999999999909e+03 2.348866075907284079e-02
1.912000000000000000e+03 1.781560765594381382e-02
1.912599999999999909e+03 1.766218589036470249e-02
1.912900000000000091e+03 2.173639843986248377e-02
1.913500000000000000e+03 2.508795757798714526e-02
1.913900000000000091e+03 1.845141032392778185e-02
1.914500000000000000e+03 1.606983875634090259e-02
1.914799999999999955e+03 1.739917710046217161e-02
1.915400000000000091e+03 2.024418079731782685e-02
1.915799999999999955e+03 2.418313238293427758e-02
1.916400000000000091e+03 2.542024113972853744e-02
1.916700000000000045e+03 2.544271709244286944e-02
1.917299999999999955e+03 2.059788083653115581e-02
1.917700000000000045e+03 1.837106910307418836e-02
1.918299999999999955e+03 1.894108969633146247e-02
1.918599999999999909e+03 1.751904386302999619e-02
1.919299999999999955e+03 2.138695401186055736e-02
1.919599999999999909e+03 2.426527739654462876e-02
1.920200000000000045e+03 2.325338407695964893e-02
1.920500000000000000e+03 2.286360857770510652e-02
1.921200000000000045e+03 2.010556523118838673e-02
1.921500000000000000e+03 1.973391387676075651e-02
1.922099999999999909e+03 1.660848981396860491e-02
1.922400000000000091e+03 1.152414078908546580e-02
1.923099999999999909e+03 7.744774207342956449e-03
1.923299999999999955e+03 7.847416942319329625e-03
1.924000000000000000e+03 1.484561724226586901e-02
1.924299999999999955e+03 2.037902113719930464e-02
1.925000000000000000e+03 1.876224625211475594e-02
1.925200000000000045e+03 1.401439726069553596e-02
1.925900000000000091e+03 1.674778986538526249e-02
1.926200000000000045e+03 2.352287124757098530e-02
1.926900000000000091e+03 2.509910951473891955e-02
1.927099999999999909e+03 2.773282818846357911e-02
1.927799999999999955e+03 2.071996690088511589e-02
1.928099999999999909e+03 1.250055267477654872e-02
1.928799999999999955e+03 9.193629348187950731e-03
1.929000000000000000e+03 1.255660046005800147e-02
1.929700000000000045e+03 1.174187025417147354e-02
1.930000000000000000e+03 1.183380153299180490e-02
1.930700000000000045e+03 1.199023335602902862e-02
1.930900000000000091e+03 1.498213780452803401e-02
1.931599999999999909e+03 1.479499341784634193e-02
1.931799999999999955e+03 1.624158807317789555e-02
1.932599999999999909e+03 1.227024688237579250e-02
1.932799999999999955e+03 1.688747859331106091e-02
1.933500000000000000e+03 1.454323350866142117e-02
1.933700000000000045e+03 1.524306660530438950e-02
1.934400000000000091e+03 1.648380992694010311e-02
1.934700000000000045e+03 1.843286242194452570e-02
1.935400000000000091e+03 1.142659939420228102e-02
1.935599999999999909e+03 5.423141761039396679e-03
1.936299999999999955e+03 3.603432557603200755e-03
1.936599999999999909e+03 9.606800163718157495e-03
1.937299999999999955e+03 5.972689397182748272e-03
1.937500000000000000e+03 2.007109000743696747e-03
1.938200000000000045e+03 3.051421335924426638e-05
1.938400000000000091e+03 5.364222367889219176e-03
1.939200000000000045e+03 5.885861445310540223e-03
1.939400000000000091e+03 5.560997563562469076e-03
1.940099999999999909e+03 5.465471421284113455e-04
1.940299999999999955e+03 -8.072971551252363384e-04
1.941099999999999909e+03 -1.514002794759313885e-03
1.941299999999999955e+03 8.826219739439028836e-03
1.942000000000000000e+03 1.137524342107085196e-02
1.942200000000000045e+03 8.694178018091818297e-03
1.943000000000000000e+03 5.991981300948883392e-03
1.943200000000000045e+03 5.322618309326562075e-03
1.943900000000000091e+03 7.786203069478789263e-03
1.944099999999999909e+03 9.587967182537524349e-03
1.944900000000000091e+03 4.799424592993089579e-03
1.945000000000000000e+03 8.898561642441281741e-03
1.945799999999999955e+03 4.358255600770528926e-03
1.946000000000000000e+03 -2.198126692547059530e-03
1.946799999999999955e+03 5.020905543666655084e-03
1.946900000000000091e+03 1.172383652432127527e-02
1.947700000000000045e+03 8.901345622588256734e-03
1.947900000000000091e+03 1.117795282164410486e-02
1.948599999999999909e+03 1.600368634853818403e-02
1.948799999999999955e+03 4.689664278208418614e-03
1.949599999999999909e+03 -1.641849220227154568e-03
1.949700000000000045e+03 8.331192547993155478e-03
1.950500000000000000e+03 1.806604332158180670e-02
1.950700000000000045e+03 1.643395689427094158e-02
1.951500000000000000e+03 1.548832706834708459e-02
1.951599999999999909e+03 8.594195638501611612e-03
1.952400000000000091e+03 1.197270730084119741e-03
1.952599999999999909e+03 -1.153654083572936816e-03
1.953400000000000091e+03 1.399483012590831653e-02
1.953500000000000000e+03 2.166422337938949880e-02
1.954299999999999955e+03 2.208791418226397144e-02
1.954400000000000091e+03 1.698742974168321318e-02
1.955299999999999955e+03 1.833905210114654405e-02
1.955400000000000091e+03 1.946978759870127834e-02
1.956200000000000045e+03 2.160908782063782410e-02
1.956299999999999955e+03 2.212133931739250839e-02
1.957099999999999909e+03 1.661846890911796923e-02
1.957299999999999955e+03 1.303635707458734513e-02
1.958099999999999909e+03 8.711620796068599709e-03
1.958200000000000045e+03 1.315274019897634365e-02
1.959000000000000000e+03 1.536896356264549554e-02
1.959099999999999909e+03 1.078504316539384555e-02
1.960000000000000000e+03 9.449904398180608567e-03
1.960099999999999909e+03 1.431766228732295719e-02
1.960900000000000091e+03 8.808022691313217162e-03
1.961000000000000000e+03 8.159471920646182291e-03
1.961900000000000091e+03 1.405343716824979799e-02
1.962799999999999955e+03 1.565623485716384489e-02
1.962900000000000091e+03 1.055882942458174698e-02
1.963700000000000045e+03 1.048693547975885695e-02
1.963799999999999955e+03 1.135054160766570293e-02
1.964700000000000045e+03 8.782172288256860637e-03
1.964799999999999955e+03 8.539171945701026084e-03
1.965599999999999909e+03 1.060126540269274928e-02
1.965700000000000045e+03 6.833487180360408100e-03
1.966599999999999909e+03 8.673419952185016518e-03
1.967500000000000000e+03 1.033291295569794925e-02
1.967599999999999909e+03 1.160843093281229560e-02
1.968400000000000091e+03 8.536019765593413910e-03
1.968500000000000000e+03 5.534634823132818064e-03
1.969400000000000091e+03 3.790366330726268294e-03
1.970299999999999955e+03 7.707487064210058123e-03
1.970400000000000091e+03 1.025893572223561187e-02
1.971299999999999955e+03 7.651634602153505049e-03
1.972200000000000045e+03 8.026911480500869417e-03
1.973099999999999909e+03 3.329495874420994404e-03
1.973200000000000045e+03 2.436097794318402635e-03
1.974099999999999909e+03 5.774006752231670113e-03
1.975000000000000000e+03 1.073465494697320617e-02
1.975099999999999909e+03 1.123949687276275602e-02
1.976000000000000000e+03 9.174428074449325274e-03
1.976900000000000091e+03 3.653206846374693409e-03
1.977799999999999955e+03 3.400843092746205429e-03
1.977900000000000091e+03 6.252623965755036393e-03
1.978799999999999955e+03 1.051515481954563500e-02
1.979700000000000045e+03 8.635742148664277140e-03
1.980700000000000045e+03 2.969510579039265179e-03
1.981599999999999909e+03 2.983685702791226933e-03
1.982500000000000000e+03 6.943539585190446756e-03
1.983500000000000000e+03 7.541265130413895949e-03
1.984400000000000091e+03 2.717892936029535529e-03
1.985299999999999955e+03 1.821471031152369384e-03
1.986299999999999955e+03 3.701771389428811215e-03
1.987200000000000045e+03 3.389134147428766487e-03
1.988099999999999909e+03 5.036385591109056661e-03
1.988200000000000045e+03 1.108881005192586568e-02
1.989099999999999909e+03 7.127455395383070456e-03
1.990000000000000000e+03 6.270811662050803335e-03
1.990900000000000091e+03 6.818791304431778659e-03
1.991000000000000000e+03 6.733371021159072906e-03
1.991900000000000091e+03 4.493666120164850619e-03
1.992799999999999955e+03 4.765301575728150482e-03
1.993700000000000045e+03 4.956890648634619360e-03
1.993799999999999955e+03 9.264448571626242648e-03
1.994700000000000045e+03 8.097869778066885821e-03
1.995599999999999909e+03 9.596133090689778784e-04
1.996500000000000000e+03 1.007263955173537916e-03
1.996599999999999909e+03 5.419536876386368829e-03
1.997500000000000000e+03 5.792334863801863049e-03
1.998400000000000091e+03 5.151434113605856367e-03
1.999299999999999955e+03 5.637308690951709639e-03
1.999400000000000091e+03 5.926955832632537814e-03
2.000299999999999955e+03 1.461903338818997021e-03
2.001200000000000045e+03 1.390771571529875357e-03
2.002099999999999909e+03 5.232069490596195395e-03
2.002200000000000045e+03 7.555677675118383299e-03
2.003000000000000000e+03 8.241609797761780681e-03
2.003099999999999909e+03 1.450639057211689648e-02
2.004000000000000000e+03 1.156962185660555947e-02
2.004900000000000091e+03 7.331237658037939239e-03
2.005000000000000000e+03 1.063680588055613413e-02
2.005799999999999955e+03 1.450320153904085738e-02
2.005900000000000091e+03 1.605196229446402903e-02
2.006799999999999955e+03 9.759086607179154327e-03
2.007700000000000045e+03 6.417603047119269447e-03
2.007799999999999955e+03 1.440804300635411227e-02
2.008599999999999909e+03 1.384416850206546777e-02
2.008700000000000045e+03 1.344452759981117421e-02
2.009599999999999909e+03 1.284500915028274730e-02
2.010500000000000000e+03 1.149536751494120365e-02
2.010599999999999909e+03 1.125135510710821921e-02
2.011400000000000091e+03 1.025950729139094193e-02
2.011500000000000000e+03 9.474546760500286366e-03
2.012299999999999955e+03 7.836994523335794743e-03
2.012400000000000091e+03 1.375054825392957140e-02
2.013299999999999955e+03 1.614620155415563002e-02
2.013400000000000091e+03 1.906564963796303705e-02
2.014200000000000045e+03 1.461973299121713948e-02
2.014299999999999955e+03 1.537377945573426170e-02
2.015099999999999909e+03 1.680259860638420519e-02
2.015200000000000045e+03 2.046309586007735715e-02
2.016099999999999909e+03 1.379240763288291927e-02
2.017000000000000000e+03 8.679057375349717024e-03
2.017099999999999909e+03 1.568148758529987197e-02
2.017900000000000091e+03 1.510191958699948385e-02
2.018000000000000000e+03 1.216042525292390306e-02
2.018799999999999955e+03 9.426844556294330241e-03
2.018900000000000091e+03 1.069051564946649734e-02
2.019799999999999955e+03 9.527185969889826953e-03
2.019900000000000091e+03 6.651678776918789129e-03
2.020700000000000045e+03 6.718803417292322847e-03
2.020799999999999955e+03 1.217072973615692874e-02
2.021599999999999909e+03 9.904225719602286621e-03
2.021700000000000045e+03 1.141582156957256927e-02
2.022599999999999909e+03 1.094494881615990477e-02
2.022700000000000045e+03 1.880732443207394286e-02
2.023500000000000000e+03 1.215356388484077621e-02
2.023599999999999909e+03 1.020157208809254618e-02
2.024400000000000091e+03 9.820995162693546901e-03
2.024500000000000000e+03 1.238970931198265721e-02
2.025299999999999955e+03 6.366342442703969498e-03
2.025400000000000091e+03 1.133690148223333825e-02
2.026299999999999955e+03 1.389794389698847249e-02
2.026400000000000091e+03 1.338306924436325276e-02
2.027200000000000045e+03 1.226208470980802434e-02
2.027299999999999955e+03 2.011994783303907089e-02
2.028099999999999909e+03 1.874515026901672071e-02
2.028200000000000045e+03 1.619265746805794576e-02
2.029000000000000000e+03 1.152008072658875296e-02
2.029099999999999909e+03 1.373942722596211731e-02
2.030000000000000000e+03 1.133593289970925497e-02
2.030099999999999909e+03 1.408606922395385513e-02
2.030900000000000091e+03 1.269699701775995476e-02
2.031000000000000000e+03 1.352933257622071159e-02
2.031900000000000091e+03 1.614812872491027881e-02
2.032900000000000091e+03 2.051438417472063735e-02
2.033799999999999955e+03 2.285166175872552566e-02
2.034700000000000045e+03 2.773709605996766206e-02
2.035599999999999909e+03 3.029428248091136158e-02
2.036599999999999909e+03 3.027401892455712507e-02
2.037500000000000000e+03 2.432500165155750127e-02
2.038400000000000091e+03 2.421933692385241227e-02
2.039299999999999955e+03 2.419401606143596270e-02
2.040299999999999955e+03 1.652400293754912805e-02
2.041200000000000045e+03 1.122341849149845888e-02
2.042099999999999909e+03 9.466025090386881446e-03
2.043000000000000000e+03 1.545389752388194766e-02
2.044000000000000000e+03 1.583637189367053527e-02
2.044900000000000091e+03 1.373765086826166451e-02
2.045799999999999955e+03 1.489235385539311451e-02
2.046700000000000045e+03 1.407372693706003715e-02
2.047700000000000045e+03 1.468929341694754157e-02
2.048599999999999909e+03 1.922246490710766489e-02
2.049500000000000000e+03 1.770700593868571038e-02
2.050400000000000091e+03 1.567709087077422125e-02
2.051300000000000182e+03 1.129700903607910173e-02
2.052300000000000182e+03 9.791866807743358075e-03
2.053199999999999818e+03 1.078979218187149647e-02
2.054099999999999909e+03 1.232238265204256902e-02
2.055000000000000000e+03 8.966017077512636671e-03
2.056000000000000000e+03 1.028394529358734460e-02
2.056900000000000091e+03 1.639264760485553002e-02
2.057800000000000182e+03 1.720009347125028495e-02
2.058699999999999818e+03 1.057901401469161715e-02
2.059599999999999909e+03 5.293156940609219235e-03
2.060599999999999909e+03 6.909164303143043410e-03
2.061500000000000000e+03 8.056335561849245486e-03
2.062400000000000091e+03 5.499979639943832627e-03
2.063300000000000182e+03 1.143840533020101802e-02
2.064199999999999818e+03 1.684387419433771779e-02
2.065199999999999818e+03 1.185607624758783403e-02
2.066099999999999909e+03 8.562694937537817380e-03
2.067000000000000000e+03 1.113372790150799797e-02
2.067900000000000091e+03 9.582225330532370342e-03
2.068800000000000182e+03 5.667847116574826344e-03
2.069800000000000182e+03 6.185186888678541849e-03
2.070699999999999818e+03 1.040755427792478156e-02
2.071599999999999909e+03 6.873497102522090757e-03
2.072500000000000000e+03 3.992464858664103618e-03
2.073400000000000091e+03 3.854313391703965974e-03
2.074300000000000182e+03 8.710821958421493746e-03
2.075300000000000182e+03 7.559463249106700318e-03
2.076199999999999818e+03 1.895553219172930147e-03
2.077099999999999909e+03 2.203656952856902231e-04
2.078000000000000000e+03 2.246805662534647960e-03
2.078900000000000091e+03 4.299892390364627379e-03
2.079800000000000182e+03 8.012264623508276104e-03
2.080800000000000182e+03 7.495886568711610139e-03
2.081699999999999818e+03 8.470588944848264981e-03
2.082599999999999909e+03 5.063016277522616043e-03
2.083500000000000000e+03 2.888872290669566769e-03
2.084400000000000091e+03 6.733242954429254773e-03
2.085300000000000182e+03 9.703365983717194762e-03
2.086300000000000182e+03 9.265701056958237924e-03
2.087199999999999818e+03 9.329769578548998549e-03
2.088099999999999909e+03 9.810827672431340907e-03
2.089000000000000000e+03 5.740057720901763430e-03
2.089900000000000091e+03 6.416378410999585419e-03
2.090800000000000182e+03 7.342251633887412338e-03
2.091699999999999818e+03 8.696006608670965241e-03
2.092699999999999818e+03 6.629993144479991163e-03
2.093599999999999909e+03 3.462031154719524915e-03
2.094500000000000000e+03 1.844100256296548213e-03
2.095400000000000091e+03 3.229580230975834937e-03
2.096300000000000182e+03 7.174091821518272308e-03
2.097199999999999818e+03 8.174051066050819214e-03
2.098099999999999909e+03 5.157364096656577926e-03
2.099000000000000000e+03 5.509668441833943248e-03
2.100000000000000000e+03 9.992266813529680769e-03
2.100900000000000091e+03 9.895586042644222841e-03
2.101800000000000182e+03 7.783530163166242979e-03
2.102699999999999818e+03 5.364990930429041141e-03
2.103599999999999909e+03 7.824929292124790936e-03
2.104500000000000000e+03 1.014643631195405113e-02
2.105400000000000091e+03 1.119919910023831240e-02
2.106300000000000182e+03 1.176130465803549262e-02
2.107199999999999818e+03 1.502031599042915298e-02
2.108199999999999818e+03 1.536177644719700051e-02
2.109099999999999909e+03 1.714098098518573865e-02
2.110000000000000000e+03 1.641999896770303044e-02
2.110900000000000091e+03 1.756015789397183391e-02
2.111800000000000182e+03 1.071751528213888728e-02
2.112699999999999818e+03 8.426591252684210998e-03
2.113599999999999909e+03 1.506083557914866811e-02
2.114500000000000000e+03 2.029237000144448050e-02
2.115400000000000091e+03 1.804542406088642872e-02
2.116300000000000182e+03 1.884850456346535974e-02
2.117199999999999818e+03 2.151117094832828008e-02
2.118199999999999818e+03 2.217638020570380716e-02
2.119099999999999909e+03 2.073662898707292687e-02
2.120000000000000000e+03 2.063603265484261623e-02
2.120900000000000091e+03 1.986399998782292439e-02
2.121800000000000182e+03 1.917568353063144396e-02
2.122699999999999818e+03 1.629911147893743639e-02
2.123599999999999909e+03 1.344202355417938727e-02
2.124500000000000000e+03 1.017272882467408143e-02
2.125400000000000091e+03 7.509330239726256032e-03
2.126300000000000182e+03 8.982149415013971142e-03
2.127199999999999818e+03 1.478548116854507856e-02
2.128099999999999909e+03 1.440558121241651557e-02
2.129000000000000000e+03 9.043843810140686501e-03
2.129900000000000091e+03 5.090349930217733659e-03
2.130900000000000091e+03 7.100400588328536697e-03
2.131800000000000182e+03 1.040028499906724309e-02
2.132699999999999818e+03 9.747073449249665442e-03
2.133599999999999909e+03 1.019268528136135776e-02
2.134500000000000000e+03 1.534939292108456962e-02
2.135400000000000091e+03 1.494159292101629802e-02
2.136300000000000182e+03 1.214571018276745101e-02
2.137199999999999818e+03 1.404191725528003074e-02
2.138099999999999909e+03 1.211893161928037990e-02
2.139000000000000000e+03 1.105815676101077477e-02
2.139900000000000091e+03 9.374553367615457919e-03
2.140800000000000182e+03 6.656027844575163402e-03
2.141699999999999818e+03 6.609090215358068808e-03
2.142599999999999909e+03 6.314750372694027600e-03
2.143500000000000000e+03 2.821082208169283824e-03
2.144400000000000091e+03 3.118704927468987816e-03
2.145300000000000182e+03 -3.735813159810412454e-04
2.146199999999999818e+03 1.698832551624295667e-03
2.147099999999999909e+03 3.550002570279819913e-03
2.148000000000000000e+03 -1.916145330090390959e-03
2.148900000000000091e+03 -3.337393167231588516e-03
2.149800000000000182e+03 1.119245959033087151e-03
2.150699999999999818e+03 7.765962570058252724e-03
2.151599999999999909e+03 7.670294033492322874e-03
2.152500000000000000e+03 7.328862870523343738e-03
2.153400000000000091e+03 3.586048089944843774e-03
2.154300000000000182e+03 5.800046233950551531e-04
2.155199999999999818e+03 6.430846464545113793e-04
2.156099999999999909e+03 1.347600337775654248e-03
2.157000000000000000e+03 4.453611198920897664e-03
2.157900000000000091e+03 4.814271026565695132e-03
2.158800000000000182e+03 -1.648238361407255905e-04
2.159699999999999818e+03 1.170812438925135195e-03
2.160599999999999909e+03 3.180309876114574205e-03
2.161500000000000000e+03 -6.374339901799133982e-05
2.162400000000000091e+03 -1.669248513022498527e-03
2.163300000000000182e+03 -6.484949311557340092e-05
2.164199999999999818e+03 4.344166485332978667e-03
2.165099999999999909e+03 4.406249766296381487e-03
2.166000000000000000e+03 4.383324057165906631e-03
2.166900000000000091e+03 7.307636040921858950e-03
2.167800000000000182e+03 6.622754518654742212e-03
2.168699999999999818e+03 6.177638123777928064e-03
2.169599999999999909e+03 3.700735859677948755e-03
2.170500000000000000e+03 5.170864304546779998e-03
2.171400000000000091e+03 9.929220766365008666e-03
2.172300000000000182e+03 1.309475825010931668e-02
2.173199999999999818e+03 1.019950577789546092e-02
2.174099999999999909e+03 6.723396582555615265e-03
2.175000000000000000e+03 5.291929766901171811e-03
2.175900000000000091e+03 2.836392112778795497e-03
2.176800000000000182e+03 6.350313631812650600e-03
2.177699999999999818e+03 1.098017237429765348e-02
2.178599999999999909e+03 8.140367345281942710e-03
2.179500000000000000e+03 4.293841990355358115e-03
2.180400000000000091e+03 5.452588046840023579e-03
2.181300000000000182e+03 6.209234321908715069e-03
2.182199999999999818e+03 6.852555281979090876e-03
2.183099999999999909e+03 8.387762024373288106e-03
2.183900000000000091e+03 6.633346756668022544e-03
2.184800000000000182e+03 1.011897326860995878e-02
2.185699999999999818e+03 9.326268813603093288e-03
2.186599999999999909e+03 6.881917578747422798e-03
2.187500000000000000e+03 7.621387753199212502e-03
2.188400000000000091e+03 8.985377679961839559e-03
2.189300000000000182e+03 1.300014350471365328e-02
2.190199999999999818e+03 1.429111589408522086e-02
2.191099999999999909e+03 1.094098131233845438e-02
2.192000000000000000e+03 9.473254470295695145e-03
2.192900000000000091e+03 1.280824484077168826e-02
2.193800000000000182e+03 1.321022917289015226e-02
2.194699999999999818e+03 1.267117127939013620e-02
2.195599999999999909e+03 8.327251650790895923e-03
2.196500000000000000e+03 5.807307643731228312e-03
2.197300000000000182e+03 4.395600555881900781e-03
2.198199999999999818e+03 8.765498778551178427e-03
2.199099999999999909e+03 1.120180359050128652e-02
2.200000000000000000e+03 7.099136853663060194e-03
2.200900000000000091e+03 6.220822478490029700e-03
2.201800000000000182e+03 7.729369528391305359e-03
2.202699999999999818e+03 7.865425193520238570e-03
2.203599999999999909e+03 1.070002609120747697e-02
2.204500000000000000e+03 1.171397656035709500e-02
2.205400000000000091e+03 6.394305433255526375e-03
2.206300000000000182e+03 7.778670533841534895e-03
2.207099999999999909e+03 9.010243609805353160e-03
2.208000000000000000e+03 9.313545045057746927e-03
2.208900000000000091e+03 1.092967054728349874e-02
2.209800000000000182e+03 9.821878131431973843e-03
2.210699999999999818e+03 6.022255718755448184e-03
2.211599999999999909e+03 6.827531053545537326e-03
2.212500000000000000e+03 9.288473793598999231e-03
2.213400000000000091e+03 1.108654382429736726e-02
2.214300000000000182e+03 1.536054914056616920e-02
2.215099999999999909e+03 1.814983334342966728e-02
2.216000000000000000e+03 1.938211027189756103e-02
2.216900000000000091e+03 1.869839130128519641e-02
2.217800000000000182e+03 1.876087932123722546e-02
2.218699999999999818e+03 2.196746875042489278e-02
2.219599999999999909e+03 2.423367338501471180e-02
2.220500000000000000e+03 2.245639281943613563e-02
2.221400000000000091e+03 1.978361856229699997e-02
2.222199999999999818e+03 1.697673847774298916e-02
2.223099999999999909e+03 1.950904348529806931e-02
2.224000000000000000e+03 2.197982668506832243e-02
2.224900000000000091e+03 2.188672904450826573e-02
2.225800000000000182e+03 2.027729341217237441e-02
2.226699999999999818e+03 1.968445443037631151e-02
2.227599999999999909e+03 1.864231043992950823e-02
2.228400000000000091e+03 2.038259654129468551e-02
2.229300000000000182e+03 1.912637405587882394e-02
2.230199999999999818e+03 1.667593752488017583e-02
2.231099999999999909e+03 1.567515699710380489e-02
2.232000000000000000e+03 1.466572217851831728e-02
2.232900000000000091e+03 1.935538966576349010e-02
2.233699999999999818e+03 2.195199441534479573e-02
2.234599999999999909e+03 2.420149998230468336e-02
2.235500000000000000e+03 2.543344546913877541e-02
2.236400000000000091e+03 2.259526634373442561e-02
2.237300000000000182e+03 2.028944470634444150e-02
2.238199999999999818e+03 1.953761577449025788e-02
2.239099999999999909e+03 1.729613928870019079e-02
2.239900000000000091e+03 1.590922083375780061e-02
2.240800000000000182e+03 1.255241758425730547e-02
2.241699999999999818e+03 1.393857662149097093e-02
2.242599999999999909e+03 1.630315578642634738e-02
2.243500000000000000e+03 1.865403647050922764e-02
2.244300000000000182e+03 1.984209009567458951e-02
2.245199999999999818e+03 1.956736997986317089e-02
2.246099999999999909e+03 1.967768020735911200e-02
2.247000000000000000e+03 1.868562825927286980e-02
2.247900000000000091e+03 2.118691209183232171e-02
2.248800000000000182e+03 2.300671136298225450e-02
2.249599999999999909e+03 2.307184355088103683e-02
2.250500000000000000e+03 1.879331061425162236e-02
2.251400000000000091e+03 1.474980968906309566e-02
2.252300000000000182e+03 1.151091930542575553e-02
2.253199999999999818e+03 1.530790095101814893e-02
2.254000000000000000e+03 2.488664699466385660e-02
2.254900000000000091e+03 2.520002723824724816e-02
2.255800000000000182e+03 2.308540633482067742e-02
2.256699999999999818e+03 1.986489798371599003e-02
2.257599999999999909e+03 1.896575789484331032e-02
2.258400000000000091e+03 2.267281262956101495e-02
2.259300000000000182e+03 2.489470208292476200e-02
2.260199999999999818e+03 2.606816235783764729e-02
2.261099999999999909e+03 2.461918954041781085e-02
2.262000000000000000e+03 2.625887677315054403e-02
2.262800000000000182e+03 2.837316220286343824e-02
2.263699999999999818e+03 2.734176801819404243e-02
2.264599999999999909e+03 2.290803965301082407e-02
2.265500000000000000e+03 2.602189694777264084e-02
2.266300000000000182e+03 2.760211151878541602e-02
2.267199999999999818e+03 2.974158645749843885e-02
2.268099999999999909e+03 3.412054308560863447e-02
2.269000000000000000e+03 3.895286632767378660e-02
2.269900000000000091e+03 3.475369238522162119e-02
2.270699999999999818e+03 3.053679380826353207e-02
2.271599999999999909e+03 3.020793008909734151e-02
2.272500000000000000e+03 2.824843024162716071e-02
2.273400000000000091e+03 2.440502270728015649e-02
2.274199999999999818e+03 2.639784179381737816e-02
2.275099999999999909e+03 2.786337408416435929e-02
2.276000000000000000e+03 3.156629833636667715e-02
2.276900000000000091e+03 3.103535906186898757e-02
2.277699999999999818e+03 2.931954850359616560e-02
2.278599999999999909e+03 2.948205292511853204e-02
2.279500000000000000e+03 3.304347001750236601e-02
2.280400000000000091e+03 3.681626520903737848e-02
2.281199999999999818e+03 3.716181963301611046e-02
2.282099999999999909e+03 3.781774308536737378e-02
2.283000000000000000e+03 4.046206145516714758e-02
2.283900000000000091e+03 4.109824406542146591e-02
2.284699999999999818e+03 4.042031393229798819e-02
2.285599999999999909e+03 4.124206088091545569e-02
2.286500000000000000e+03 4.779388930509163858e-02
2.287400000000000091e+03 4.690703330772305613e-02
2.288199999999999818e+03 4.733614702315779021e-02
2.289099999999999909e+03 4.691440037438308897e-02
2.290000000000000000e+03 4.992212097341403032e-02
2.290800000000000182e+03 5.211537199736136078e-02
2.291699999999999818e+03 5.496516881397037202e-02
2.292599999999999909e+03 5.245383197803792086e-02
2.293500000000000000e+03 4.616154490065298155e-02
2.294300000000000182e+03 4.377527933413781491e-02
2.295199999999999818e+03 4.333909703739530911e-02
2.296099999999999909e+03 4.580780808897114142e-02
2.296900000000000091e+03 4.434497731390284192e-02
2.297800000000000182e+03 4.198974543565194006e-02
2.298699999999999818e+03 3.893615885115281339e-02
2.299599999999999909e+03 3.752116467444219228e-02
2.300400000000000091e+03 3.475041062459285901e-02
2.301300000000000182e+03 3.249598685401165754e-02
2.302199999999999818e+03 3.493297500106765791e-02
2.303000000000000000e+03 3.370549043793057142e-02
2.303900000000000091e+03 3.165927643783646855e-02
2.304800000000000182e+03 2.585536134976512690e-02
2.305699999999999818e+03 2.243341484899986568e-02
2.306500000000000000e+03 1.855035196977025680e-02
2.307400000000000091e+03 1.478550884344969826e-02
2.308300000000000182e+03 1.845000448685879535e-02
2.309099999999999909e+03 2.201947962529441499e-02
2.310000000000000000e+03 2.218872473861609879e-02
2.310900000000000091e+03 1.701363943404625781e-02
2.311699999999999818e+03 9.990608750622220410e-03
2.312599999999999909e+03 1.305733286867970765e-02
2.313500000000000000e+03 1.639586408599009656e-02
2.314300000000000182e+03 1.702653775931584068e-02
2.315199999999999818e+03 1.573686250117118171e-02
2.316099999999999909e+03 1.056043077602386929e-02
2.316900000000000091e+03 9.088337806822666121e-03
2.317800000000000182e+03 1.053106542613150079e-02
2.318699999999999818e+03 1.425203008091800554e-02
2.319500000000000000e+03 1.830913336544488096e-02
2.320400000000000091e+03 1.892543136095960199e-02
2.321300000000000182e+03 2.043751188127698737e-02
2.322099999999999909e+03 2.183806573184387395e-02
2.323000000000000000e+03 1.870460170997906638e-02
2.323900000000000091e+03 1.714596374370606913e-02
2.324699999999999818e+03 1.756789554495314515e-02
2.325599999999999909e+03 1.913759648470049132e-02
2.326500000000000000e+03 1.344351986915820127e-02
2.327300000000000182e+03 1.045289614040852653e-02
2.328199999999999818e+03 1.265936519493629335e-02
2.329099999999999909e+03 1.373799914476410769e-02
2.329900000000000091e+03 1.292107258135158712e-02
2.330800000000000182e+03 1.242428568478024659e-02
2.331699999999999818e+03 1.367530621997097365e-02
2.332500000000000000e+03 1.017358771945276255e-02
2.333400000000000091e+03 9.267286361627016106e-03
2.334300000000000182e+03 1.024650572853319855e-02
2.335099999999999909e+03 1.097083070721853459e-02
2.336000000000000000e+03 1.041485857000977108e-02
2.336900000000000091e+03 1.105852852603036833e-02
2.337699999999999818e+03 1.024176893209785381e-02
2.338599999999999909e+03 1.128692954519306194e-02
2.339400000000000091e+03 1.279068227504514231e-02
2.340300000000000182e+03 1.167052751741470135e-02
2.341199999999999818e+03 1.092566908510547372e-02
2.342000000000000000e+03 1.182639157825256596e-02
2.342900000000000091e+03 1.519682401200960105e-02
2.343800000000000182e+03 1.272341237646574912e-02
2.344599999999999909e+03 1.215636811593785727e-02
2.345500000000000000e+03 1.185097282161838572e-02
2.346300000000000182e+03 6.970644952249509946e-03
2.347199999999999818e+03 1.235354701013865325e-02
2.348099999999999909e+03 1.530045378556532144e-02
2.348900000000000091e+03 1.761739476211324901e-02
2.349800000000000182e+03 1.767048473514720025e-02
2.350599999999999909e+03 1.469940020803063227e-02
2.351500000000000000e+03 1.269409015772982909e-02
2.352400000000000091e+03 1.553836098548816436e-02
2.353199999999999818e+03 1.596600589950736976e-02
2.354099999999999909e+03 1.234063955026844586e-02
2.354900000000000091e+03 1.026576089354908766e-02
2.355800000000000182e+03 7.647638993860759321e-03
2.356699999999999818e+03 5.596659017529664708e-03
2.357500000000000000e+03 3.464580848879422574e-03
2.358400000000000091e+03 8.196968759990767156e-03
2.359199999999999818e+03 1.288616252186139746e-02
2.360099999999999909e+03 7.323360926443790719e-03
2.361000000000000000e+03 2.157335594629323453e-03
2.361800000000000182e+03 2.000286475707267839e-03
2.362699999999999818e+03 2.024375847329616326e-03
2.363500000000000000e+03 4.126586196596753429e-03
2.364400000000000091e+03 5.237545768847050830e-03
2.365300000000000182e+03 8.443697675184415330e-03
2.366099999999999909e+03 1.017951582768013806e-02
2.367000000000000000e+03 1.299255376237693979e-02
2.367800000000000182e+03 8.578607045921730206e-03
2.368699999999999818e+03 4.823991320926821272e-03
2.369500000000000000e+03 5.628138705330434227e-03
2.370400000000000091e+03 5.799427174637991796e-03
2.371300000000000182e+03 4.686474764047362206e-03
2.372099999999999909e+03 4.785269023523160831e-03
2.373000000000000000e+03 5.079908455486166312e-03
2.373800000000000182e+03 2.749068048198598235e-03
2.374699999999999818e+03 3.846594499376339814e-03
2.375500000000000000e+03 4.217342422083825149e-03
2.376400000000000091e+03 1.640948034927891454e-03
2.377199999999999818e+03 2.081471771771630647e-03
2.378099999999999909e+03 6.961495516002643227e-03
2.379000000000000000e+03 9.322042439689716062e-03
2.379800000000000182e+03 7.434695518431527587e-03
2.380699999999999818e+03 2.255393649801591509e-03
2.381500000000000000e+03 4.095736152873344187e-03
2.382400000000000091e+03 1.865145062168165491e-03
2.383199999999999818e+03 -7.941073073971080445e-04
2.384099999999999909e+03 9.107517929620499806e-04
2.384900000000000091e+03 4.663703009437936489e-03
2.385800000000000182e+03 7.169794380082368523e-03
2.386599999999999909e+03 1.195218737053179228e-02
2.387500000000000000e+03 1.036199715482458150e-02
2.388400000000000091e+03 1.006868074669997138e-03
2.389199999999999818e+03 3.445731032095585033e-04
2.390099999999999909e+03 1.829976157002658355e-03
2.390900000000000091e+03 -6.774725231582907035e-04
2.391800000000000182e+03 -1.151636883471612209e-04
2.392599999999999909e+03 4.075193653773667756e-04
2.393500000000000000e+03 -1.761575779377389265e-03
2.394300000000000182e+03 -4.078389980856123075e-04
2.395199999999999818e+03 3.133717103015758090e-03
2.396000000000000000e+03 5.482869610077326789e-03
2.396900000000000091e+03 6.675713374081898924e-03
2.397699999999999818e+03 7.734943008462916332e-03
2.398599999999999909e+03 7.477861790426632710e-03
2.399400000000000091e+03 6.951959808796615362e-03
2.400300000000000182e+03 5.627533068117745486e-03
2.401099999999999909e+03 3.135273709588821782e-03
2.402000000000000000e+03 1.210450078170179598e-03
2.402800000000000182e+03 2.082108523645356292e-03
2.403699999999999818e+03 3.732194555369586567e-03
2.404500000000000000e+03 4.801895826129037176e-03
2.405400000000000091e+03 6.837122995239416218e-04
2.406199999999999818e+03 -9.154205137677649991e-04
2.407099999999999909e+03 -3.279636066872201623e-03
2.407900000000000091e+03 1.958757682390637692e-03
2.408800000000000182e+03 5.935752130032522812e-03
2.409599999999999909e+03 2.686971208325185899e-03
2.410500000000000000e+03 2.750457146820033550e-03
2.411300000000000182e+03 3.455298175138877669e-03
2.412199999999999818e+03 1.253330120696412048e-03
2.413000000000000000e+03 -1.138576823709542283e-03
2.413400000000000091e+03 -2.751625724636123840e-03
2.413900000000000091e+03 7.067072256725706863e-04
2.414199999999999818e+03 6.247017451227810866e-03
2.414699999999999818e+03 6.701582226271218107e-03
2.415099999999999909e+03 4.158917262345417781e-03
2.415599999999999909e+03 3.493073648238405847e-03
2.415900000000000091e+03 1.925199554038014519e-03
2.416400000000000091e+03 2.993289971503203944e-03
2.416800000000000182e+03 4.896602663270685669e-03
2.417300000000000182e+03 5.071324356814802849e-03
2.417699999999999818e+03 1.498279914964657355e-03
2.418099999999999909e+03 7.071489725140932357e-04
2.418500000000000000e+03 4.912026498038614582e-03
2.419000000000000000e+03 4.287529479495717430e-03
2.419400000000000091e+03 2.965975739307863228e-03
2.419800000000000182e+03 2.454087488918560780e-03
2.420199999999999818e+03 3.342596754956546692e-03
2.420699999999999818e+03 9.105999801051929687e-03
2.421099999999999909e+03 1.032871089432411613e-02
2.421500000000000000e+03 1.100329809236768111e-02
2.422000000000000000e+03 1.152424084173671662e-02
2.422400000000000091e+03 6.956062769878923469e-03
2.422800000000000182e+03 7.368546088319620838e-03
2.423199999999999818e+03 6.728320210007402401e-03
2.423699999999999818e+03 5.929961973698919322e-03
2.424099999999999909e+03 6.332922565709765000e-03
2.424500000000000000e+03 5.743632820151464355e-03
2.424900000000000091e+03 4.226209971506592056e-03
2.425400000000000091e+03 1.077799624203935880e-02
2.425699999999999818e+03 1.424455857209062579e-02
2.426300000000000182e+03 1.309242106167401651e-02
2.426599999999999909e+03 8.651921885180305707e-03
2.427099999999999909e+03 8.075688492672700516e-03
2.427400000000000091e+03 5.911090296863391429e-03
2.428000000000000000e+03 6.835365651181452874e-03
2.428300000000000182e+03 5.826614985557944208e-03
2.428800000000000182e+03 7.060771038136487432e-03
2.429099999999999909e+03 1.245555321383044756e-02
2.429699999999999818e+03 9.467062464598968718e-03
2.430000000000000000e+03 4.792276356406144876e-03
2.430500000000000000e+03 5.369804769909823985e-03
2.430800000000000182e+03 3.432985805630898307e-03
2.431400000000000091e+03 3.228921988240438749e-03
2.431699999999999818e+03 5.567591700809464486e-03
2.432300000000000182e+03 7.767416658165778032e-03
2.432500000000000000e+03 9.915689553569393550e-03
2.433099999999999909e+03 1.146123593447435571e-02
2.433400000000000091e+03 9.811943753386162537e-03
2.434000000000000000e+03 8.788061462996408363e-03
2.434199999999999818e+03 9.246403195149093326e-03
2.434800000000000182e+03 9.874062693075169594e-03
2.435000000000000000e+03 9.310975447449628545e-03
2.435699999999999818e+03 1.230691399978244699e-02
2.435900000000000091e+03 1.584349262884567067e-02
2.436500000000000000e+03 1.702050979786264018e-02
2.436699999999999818e+03 1.272373463749095976e-02
2.437400000000000091e+03 1.114077401673962617e-02
2.437599999999999909e+03 1.270297308614285609e-02
2.438300000000000182e+03 1.583326226686928087e-02
2.438400000000000091e+03 1.402897178223352220e-02
2.439099999999999909e+03 1.231730465327591367e-02
2.439300000000000182e+03 1.365641116412015868e-02
2.440000000000000000e+03 1.423336166268075222e-02
2.440099999999999909e+03 1.503049718650953555e-02
2.440800000000000182e+03 1.660952555810875364e-02
2.440900000000000091e+03 1.564979762354085438e-02
2.441699999999999818e+03 1.635818568737839457e-02
2.441800000000000182e+03 1.502779462444277410e-02
2.442500000000000000e+03 1.706163897325565365e-02
2.442599999999999909e+03 1.539545183176490098e-02
2.443400000000000091e+03 1.389862665186648860e-02
2.443500000000000000e+03 1.511561795437153799e-02
2.444199999999999818e+03 1.523496766059959789e-02
2.444300000000000182e+03 1.155889838270411640e-02
2.445099999999999909e+03 7.394238710367845302e-03
2.445199999999999818e+03 8.864478588443963983e-03
2.445900000000000091e+03 1.273414260564923080e-02
2.446000000000000000e+03 1.320944932971514565e-02
2.446800000000000182e+03 1.348799178833177265e-02
2.447699999999999818e+03 1.440008869373911315e-02
2.448500000000000000e+03 1.419547700810227381e-02
2.449400000000000091e+03 1.221930564272920121e-02
2.450199999999999818e+03 1.514395959325468173e-02
2.451099999999999909e+03 1.799506825847284677e-02
2.451900000000000091e+03 2.050393150676441817e-02
2.452699999999999818e+03 2.014586384678394848e-02
2.452800000000000182e+03 1.968257643521518357e-02
2.453599999999999909e+03 2.004371930852207398e-02
2.454400000000000091e+03 1.902694702626136006e-02
2.454500000000000000e+03 1.567624019995547680e-02
2.455300000000000182e+03 1.587616974058552247e-02
2.456099999999999909e+03 1.662330542010049400e-02
2.456199999999999818e+03 1.904290632086327179e-02
2.456900000000000091e+03 1.985427680598198311e-02
2.457000000000000000e+03 1.916586668551704953e-02
2.457800000000000182e+03 2.123130622593678504e-02
2.457900000000000091e+03 2.401183698685784018e-02
2.458599999999999909e+03 2.466442757918919232e-02
2.458699999999999818e+03 2.144921241846805063e-02
2.459500000000000000e+03 1.887250879395175468e-02
2.459599999999999909e+03 1.872930177345264249e-02
2.460300000000000182e+03 2.120318974300092196e-02
2.460400000000000091e+03 2.173068866178806680e-02
2.461099999999999909e+03 2.262132357286558010e-02
2.461300000000000182e+03 2.140089518384870326e-02
2.462000000000000000e+03 1.687588442001369468e-02
2.462099999999999909e+03 1.528586454249846599e-02
2.462800000000000182e+03 1.808720935480134101e-02
2.463000000000000000e+03 1.902048808703813570e-02
2.463699999999999818e+03 1.952460603503298336e-02
2.463800000000000182e+03 2.018394800165527331e-02
2.464500000000000000e+03 2.242256228700066634e-02
2.464699999999999818e+03 2.105761299335765988e-02
2.465300000000000182e+03 1.859705062957360197e-02
2.465500000000000000e+03 2.077544029852205695e-02
2.466199999999999818e+03 2.068441531177994674e-02
2.466400000000000091e+03 1.995426569984874374e-02
2.467000000000000000e+03 2.053940980547499379e-02
2.467199999999999818e+03 2.149753073568606843e-02
2.467900000000000091e+03 2.077190159006319509e-02
2.468099999999999909e+03 2.146007716838767287e-02
2.468699999999999818e+03 2.032826799059345851e-02
2.468900000000000091e+03 2.257026308166561190e-02
2.469500000000000000e+03 2.313960767448714970e-02
2.469800000000000182e+03 1.931297375396338889e-02
2.470400000000000091e+03 1.730255402029157175e-02
2.470599999999999909e+03 1.741239446429486068e-02
2.471199999999999818e+03 1.657146819136529406e-02
2.471500000000000000e+03 1.762643945586260530e-02
2.472000000000000000e+03 2.054954606560049218e-02
2.472300000000000182e+03 2.296286745435166532e-02
2.472900000000000091e+03 2.392973261982846850e-02
2.473199999999999818e+03 2.516306544095140915e-02
2.473699999999999818e+03 2.662908006479713929e-02
2.474000000000000000e+03 2.243215196695814290e-02
2.474599999999999909e+03 2.247516016759518176e-02
2.474900000000000091e+03 2.516756050072388451e-02
2.475400000000000091e+03 2.214265923597424565e-02
2.475699999999999818e+03 1.803410245101748702e-02
2.476199999999999818e+03 1.599492669508153359e-02
2.476500000000000000e+03 1.581232025423081819e-02
2.477099999999999909e+03 1.528271339059180181e-02
2.477400000000000091e+03 1.480790160115957876e-02
2.477900000000000091e+03 1.782220780762637513e-02
2.478199999999999818e+03 2.027800381308771452e-02
2.478699999999999818e+03 2.149946361472263034e-02
2.479099999999999909e+03 2.239840935228655516e-02
2.479599999999999909e+03 2.106823381336121043e-02
2.479900000000000091e+03 2.059016939838866078e-02
2.480400000000000091e+03 2.480301775685434668e-02
2.480800000000000182e+03 1.838712945188519104e-02
2.481199999999999818e+03 1.105319984457611704e-02
2.481599999999999909e+03 1.044807249487841871e-02
2.482099999999999909e+03 1.214482147273270030e-02
2.482500000000000000e+03 1.115175943407821675e-02
2.482900000000000091e+03 9.467856485194495880e-03
2.483300000000000182e+03 1.007997730286143770e-02
2.483800000000000182e+03 1.364090976688846907e-02
2.484199999999999818e+03 1.558306242748211043e-02
2.484599999999999909e+03 1.857953546060668246e-02
2.485000000000000000e+03 1.406088541906293059e-02
2.485400000000000091e+03 1.147703130822536575e-02
2.485800000000000182e+03 1.297886520033398987e-02
2.486300000000000182e+03 1.501990825860103490e-02
2.486699999999999818e+03 1.344782604039086379e-02
2.487099999999999909e+03 1.433174105048518922e-02
2.487500000000000000e+03 1.173581907788942905e-02
2.487900000000000091e+03 9.417956468766777028e-03
2.488400000000000091e+03 1.343685052144435663e-02
2.488800000000000182e+03 1.534414427502605628e-02
2.489199999999999818e+03 1.345939659642939913e-02
2.489599999999999909e+03 1.345037578469515313e-02
2.490099999999999909e+03 1.221982683605450128e-02
2.490400000000000091e+03 9.358204351861557427e-03
2.490900000000000091e+03 9.402372414859062888e-03
2.491300000000000182e+03 1.345315581235862097e-02
2.491699999999999818e+03 1.173927827409692280e-02
2.492099999999999909e+03 1.015664192526679992e-02
2.492599999999999909e+03 1.070418606878507234e-02
2.492900000000000091e+03 1.293666385595506133e-02
2.493400000000000091e+03 1.058020354092197718e-02
2.493800000000000182e+03 1.222883910094504402e-02
2.494300000000000182e+03 1.289130517971951925e-02
2.494599999999999909e+03 8.789523240010647248e-03
2.495099999999999909e+03 3.787271843004082379e-03
2.495400000000000091e+03 4.816880708091626079e-03
2.496000000000000000e+03 7.106057093278793368e-03
2.496300000000000182e+03 7.486416164684799729e-03
2.496800000000000182e+03 5.737725897509505027e-03
2.497099999999999909e+03 4.614717107234428753e-03
2.497599999999999909e+03 5.757114864659265002e-03
2.497900000000000091e+03 8.895555624674622228e-03
2.498500000000000000e+03 7.625082791912446249e-03
2.498800000000000182e+03 1.414489706745371105e-03
2.499300000000000182e+03 5.916997498428005911e-04
2.499599999999999909e+03 3.410500070545442221e-03
2.500199999999999818e+03 5.863056715860230639e-03
2.500400000000000091e+03 7.815670547372668281e-03
2.501000000000000000e+03 8.645844339771511025e-03
2.501300000000000182e+03 1.031345932270327261e-02
2.501800000000000182e+03 8.638704051489141597e-03
2.502099999999999909e+03 9.865602369604415875e-03
2.502699999999999818e+03 9.173316000318213273e-03
2.502900000000000091e+03 7.814409704321664818e-03
2.503500000000000000e+03 8.090128051137616960e-03
2.503800000000000182e+03 6.017325192564430131e-03
2.504400000000000091e+03 6.296656826060044454e-03
2.504599999999999909e+03 5.928235315725999613e-03
2.505199999999999818e+03 5.881929260568416820e-03
2.505400000000000091e+03 7.489212952777324350e-03
2.506000000000000000e+03 6.367765931706969446e-03
2.506199999999999818e+03 5.605927359187908715e-03
2.506900000000000091e+03 3.859758835336340489e-03
2.507099999999999909e+03 7.070908070089860012e-03
2.507699999999999818e+03 7.501631190990028404e-03
2.507900000000000091e+03 9.211206856453100708e-03
2.508599999999999909e+03 7.878145059950540652e-03
2.508699999999999818e+03 4.321445553761754481e-03
2.509400000000000091e+03 1.783816466540115485e-03
2.509599999999999909e+03 -1.561783434843173586e-03
2.510199999999999818e+03 6.739935910094728162e-04
2.510400000000000091e+03 4.977318327521339583e-03
2.511099999999999909e+03 7.759492337833816256e-03
2.511199999999999818e+03 8.589159871614231168e-03
2.511900000000000091e+03 3.572200378053231283e-03
2.512099999999999909e+03 8.780966816061472596e-04
2.512800000000000182e+03 1.562706160453864032e-03
2.512900000000000091e+03 1.876027613400717102e-03
2.513599999999999909e+03 2.416660806688777138e-03
2.513699999999999818e+03 3.702190001980372631e-03
2.514400000000000091e+03 3.338267501263561705e-03
2.514500000000000000e+03 4.219272697593824326e-03
2.515300000000000182e+03 1.871674164389881085e-03
2.515400000000000091e+03 1.904033487715593460e-03
2.516099999999999909e+03 2.059365053717095509e-03
2.516199999999999818e+03 2.760741952843609719e-03
2.516900000000000091e+03 1.073098634945092358e-03
2.517000000000000000e+03 1.383730830733065353e-03
2.517800000000000182e+03 2.644288196811588575e-03
2.517900000000000091e+03 3.264195482943478728e-03
2.518599999999999909e+03 4.034472221741808827e-03
2.518699999999999818e+03 7.894742864278159189e-03
2.519500000000000000e+03 5.838918032031087217e-03
2.520300000000000182e+03 1.305274368972435869e-03
2.520400000000000091e+03 2.605159746174427488e-03
2.521099999999999909e+03 4.139252531523630180e-03
2.521199999999999818e+03 7.143074570598973577e-03
2.522000000000000000e+03 6.153392142056074085e-03
2.522800000000000182e+03 3.710214512030202832e-03
2.523599999999999909e+03 4.155841799723372990e-03
2.523699999999999818e+03 5.588842807057777494e-03
2.524500000000000000e+03 3.157776667941373377e-03
2.525300000000000182e+03 3.139585612266601426e-03
2.526099999999999909e+03 3.361393548309097624e-03
2.527000000000000000e+03 3.440661694216937214e-03
2.527800000000000182e+03 1.186389079271852470e-03
2.528599999999999909e+03 1.378940609934653071e-03
2.528699999999999818e+03 3.615071057853694141e-03
2.529500000000000000e+03 5.281031982839338827e-03
2.530300000000000182e+03 6.426041357815008917e-03
2.531099999999999909e+03 5.670513296811759488e-03
2.531199999999999818e+03 3.926203740641190376e-03
2.531900000000000091e+03 2.604504537797522334e-03
2.532000000000000000e+03 2.152034126930909078e-03
2.532800000000000182e+03 1.651982550399525192e-03
2.533599999999999909e+03 3.163913354821130779e-03
2.533699999999999818e+03 8.589382196336974029e-03
2.534400000000000091e+03 1.158160593306443303e-02
2.534500000000000000e+03 9.068223332284014795e-03
2.535199999999999818e+03 7.094675976487513185e-03
2.535300000000000182e+03 7.494230196562826074e-03
2.536099999999999909e+03 8.988634814657073258e-03
2.536199999999999818e+03 5.767566383143202940e-03
2.536900000000000091e+03 2.562570894182599618e-03
2.537000000000000000e+03 2.064277582722163704e-03
2.537699999999999818e+03 3.659311243766086470e-03
2.537800000000000182e+03 3.453216763611869321e-03
2.538500000000000000e+03 3.728417597847320190e-03
2.538699999999999818e+03 2.933627013694219653e-03
2.539400000000000091e+03 2.704980318396597340e-03
2.539500000000000000e+03 8.926092601676125426e-04
2.540199999999999818e+03 2.396615999728059828e-03
2.540300000000000182e+03 4.861501064638040423e-03
2.541000000000000000e+03 3.442142180243267825e-03
2.541099999999999909e+03 1.211355037509826956e-03
2.541800000000000182e+03 3.487224447181263079e-03
2.542000000000000000e+03 2.556223858454098434e-03
2.542699999999999818e+03 1.030401218342513140e-03
2.542800000000000182e+03 2.747727974156192500e-03
2.543500000000000000e+03 6.454723781875108812e-03
2.543599999999999909e+03 5.328341047677031921e-03
2.544300000000000182e+03 3.941319560549557711e-03
2.544500000000000000e+03 1.716399890292675048e-03
2.545099999999999909e+03 3.010511119801744916e-03
2.545300000000000182e+03 2.266280927127073755e-03
2.546000000000000000e+03 2.547433132411014867e-03
2.546099999999999909e+03 3.869945756750211175e-03
2.546800000000000182e+03 6.457963179484609191e-03
2.547000000000000000e+03 5.401199097706527522e-03
2.547599999999999909e+03 8.336517605684667237e-03
2.547800000000000182e+03 6.387536053861987001e-03
2.548400000000000091e+03 4.385382961448070632e-03
2.548599999999999909e+03 4.924524746870386285e-03
2.549300000000000182e+03 5.486993245373350883e-03
2.549500000000000000e+03 7.454670989156862368e-03
2.550099999999999909e+03 1.042708100017567321e-02
2.550300000000000182e+03 7.196760354251115384e-03
2.550900000000000091e+03 2.324915951593703890e-03
2.551099999999999909e+03 2.027594838666643261e-03
2.551699999999999818e+03 4.261060487040312268e-03
2.551900000000000091e+03 5.466840000418412421e-03
2.552599999999999909e+03 4.020596316116149295e-03
2.552800000000000182e+03 4.024028862674187967e-03
2.553400000000000091e+03 5.213441248628060062e-03
2.553599999999999909e+03 8.384217220264283607e-03
2.554199999999999818e+03 9.205191347142347574e-03
2.554400000000000091e+03 8.686617633705696201e-03
2.555000000000000000e+03 5.276045245856667530e-03
2.555300000000000182e+03 6.159864239639560937e-03
2.555800000000000182e+03 6.838564511074171799e-03
2.556099999999999909e+03 5.845254970228214858e-03
2.556699999999999818e+03 5.697842336889399027e-03
2.556900000000000091e+03 4.841759876861653766e-03
2.557500000000000000e+03 5.393140233171668865e-03
2.557699999999999818e+03 3.526523755316856960e-03
2.558300000000000182e+03 3.399126422918020626e-03
2.558599999999999909e+03 2.525524186447326673e-03
2.559099999999999909e+03 1.061956956743348793e-03
2.559400000000000091e+03 5.565883021327180458e-04
2.560000000000000000e+03 3.207074962788034923e-03
2.560199999999999818e+03 6.366050485006892121e-03
2.560800000000000182e+03 8.002746553255512402e-03
2.561099999999999909e+03 3.087458621054926192e-03
2.561599999999999909e+03 2.828758676546614531e-03
2.561900000000000091e+03 6.600494148776066272e-03
2.562400000000000091e+03 8.056868655873714730e-03
2.562699999999999818e+03 7.060657154655069698e-03
2.563199999999999818e+03 3.698137892777433357e-03
2.563500000000000000e+03 9.548565678332537453e-04
2.564099999999999909e+03 3.706516405985828266e-03
2.564400000000000091e+03 6.007360634243263595e-03
2.564900000000000091e+03 7.123326803702743383e-03
2.565199999999999818e+03 9.440938544507244262e-03
2.565699999999999818e+03 6.615540295969496790e-03
2.566000000000000000e+03 3.005814862066772016e-03
2.566500000000000000e+03 1.353033961602862455e-03
2.566800000000000182e+03 3.343149676996101227e-03
2.567300000000000182e+03 2.069793678066012953e-03
2.567699999999999818e+03 3.810015121424394340e-03
2.568199999999999818e+03 1.576647016745303092e-03
2.568500000000000000e+03 -2.150520094103705246e-03
2.569000000000000000e+03 -8.310543694547249671e-04
2.569300000000000182e+03 1.970787640067976805e-03
2.569800000000000182e+03 4.191831168728020300e-03
2.570099999999999909e+03 5.837052760827167452e-03
2.570599999999999909e+03 5.742745127545730542e-03
2.571000000000000000e+03 5.690241732346433892e-03
2.571400000000000091e+03 6.105491657510953019e-03
2.571800000000000182e+03 3.726524075755427261e-03
2.572300000000000182e+03 8.612814726071860074e-04
2.572599999999999909e+03 1.932726787795250537e-03
2.573099999999999909e+03 1.363346622323415762e-03
2.573400000000000091e+03 2.174187791329498191e-03
2.573900000000000091e+03 5.652721066920160693e-03
2.574300000000000182e+03 5.224799434019409411e-03
2.574699999999999818e+03 4.806477806343426896e-03
2.575099999999999909e+03 4.844338590465699888e-03
2.575500000000000000e+03 5.510893276747167065e-03
2.575900000000000091e+03 2.561781638221383682e-03
2.576400000000000091e+03 2.172101578475772558e-03
2.576699999999999818e+03 4.394847746676011288e-03
2.577199999999999818e+03 5.596497384216155176e-03
2.577599999999999909e+03 4.497053446350254488e-03
2.578000000000000000e+03 2.804077959570600801e-03
2.578400000000000091e+03 3.045578259659487228e-03
2.578800000000000182e+03 2.957427392890000367e-03
2.579199999999999818e+03 6.739319964905048782e-03
2.579599999999999909e+03 5.578837989127269359e-03
2.580000000000000000e+03 5.019126231398123375e-03
2.580400000000000091e+03 5.428437492538522487e-03
2.580900000000000091e+03 4.543387071759316664e-03
2.581300000000000182e+03 4.191812812305314648e-03
2.581699999999999818e+03 2.841570008566060047e-03
2.582099999999999909e+03 5.828494859849254334e-03
2.582500000000000000e+03 5.726719532099652440e-03
2.582900000000000091e+03 4.426842993162911563e-03
2.583300000000000182e+03 3.810132849337349512e-03
2.583699999999999818e+03 6.190034125284253966e-03
2.584199999999999818e+03 6.998803853000961153e-03
2.584500000000000000e+03 8.554176770923776346e-03
2.585000000000000000e+03 5.846417955145719048e-03
2.585300000000000182e+03 3.494318775887807725e-03
2.585800000000000182e+03 6.724068928885063197e-03
2.586199999999999818e+03 9.011879925899534544e-03
2.586599999999999909e+03 5.749761991369575775e-03
2.587000000000000000e+03 3.416408748920689905e-03
2.587400000000000091e+03 4.310228761070146290e-03
2.587800000000000182e+03 6.632119207445749502e-03
2.588300000000000182e+03 7.881270885220210617e-03
2.588599999999999909e+03 8.167865298284775200e-03
2.589099999999999909e+03 4.227809329100046601e-03
2.589400000000000091e+03 3.775547074236241911e-03
2.589900000000000091e+03 5.316222830876677144e-03
2.590199999999999818e+03 3.617527862353388940e-03
2.590699999999999818e+03 5.259693894215198597e-03
2.591099999999999909e+03 6.977677016311065183e-03
2.591500000000000000e+03 7.710450331729175148e-03
2.591900000000000091e+03 5.416861597288539186e-03
2.592400000000000091e+03 3.740274962345630297e-03
2.592699999999999818e+03 6.393299153093624440e-03
2.593199999999999818e+03 7.151324624145627244e-03
2.593500000000000000e+03 6.045739221672779586e-03
2.594000000000000000e+03 4.507199928613563576e-03
2.594300000000000182e+03 4.102292738414611145e-03
2.594800000000000182e+03 3.101164656857004556e-03
2.595099999999999909e+03 1.983465372040638976e-03
2.595699999999999818e+03 6.032765246864707324e-04
2.596000000000000000e+03 1.551792793590894793e-03
2.596500000000000000e+03 2.140333799615379458e-03
2.596800000000000182e+03 2.489331912368673242e-03
2.597300000000000182e+03 2.854531303497507069e-03
2.597599999999999909e+03 2.508259673002451173e-03
2.598099999999999909e+03 3.963695497255923655e-03
2.598400000000000091e+03 4.842682899059676596e-03
2.598900000000000091e+03 5.041673765487898751e-03
2.599199999999999818e+03 3.984264064708741351e-03
2.599699999999999818e+03 1.887481848109513055e-03
2.600000000000000000e+03 2.369786322223998813e-03
2.600599999999999909e+03 4.722963777689718340e-03
2.600800000000000182e+03 5.653292623927205773e-03
2.601400000000000091e+03 4.841116972583629427e-03
2.601699999999999818e+03 6.033193613112525222e-03
2.602199999999999818e+03 9.379120850772092871e-03
2.602500000000000000e+03 9.701093578192633571e-03
2.603000000000000000e+03 8.814709266544026867e-03
2.603300000000000182e+03 5.696129470646259241e-03
2.603800000000000182e+03 6.861734229587286224e-03
2.604099999999999909e+03 7.129837047668695360e-03
2.604699999999999818e+03 7.961411299325722030e-03
2.604900000000000091e+03 5.896400262429220274e-03
2.605500000000000000e+03 4.917451980675208341e-03
2.605699999999999818e+03 5.508253284208243158e-03
2.606300000000000182e+03 3.732928418151978261e-03
2.606500000000000000e+03 1.592922849416857902e-03
2.607099999999999909e+03 3.184207982302897540e-03
2.607400000000000091e+03 5.346170357351725383e-03
2.607900000000000091e+03 6.304008329086414203e-03
2.608199999999999818e+03 6.956539161950649371e-03
2.608699999999999818e+03 6.840631613575662295e-03
2.609000000000000000e+03 8.195847502780875121e-03
2.609599999999999909e+03 1.067447123145710483e-02
2.609800000000000182e+03 1.193897742964589170e-02
2.610400000000000091e+03 1.012820394443077719e-02
2.610599999999999909e+03 5.451470960939903965e-03
2.611199999999999818e+03 9.097605753510590223e-04
2.611400000000000091e+03 1.207302460179215855e-03
2.612000000000000000e+03 -1.209941001283294402e-03
2.612199999999999818e+03 1.532613605514032088e-04
2.612800000000000182e+03 5.479596866204399647e-03
2.613000000000000000e+03 8.153065168708110988e-03
2.613599999999999909e+03 9.492618077391355019e-03
2.613900000000000091e+03 9.620929842136301952e-03
2.614500000000000000e+03 6.913541274082576557e-03
2.614699999999999818e+03 2.806009851089245888e-03
2.615300000000000182e+03 2.128831738163675016e-03
2.615500000000000000e+03 4.836434416162349072e-03
2.616099999999999909e+03 5.694739422706106106e-03
2.616300000000000182e+03 6.626051063036934169e-03
2.616900000000000091e+03 7.155894100686279943e-03
2.617099999999999909e+03 5.554771733035549809e-03
2.617699999999999818e+03 7.387245763142537627e-03
2.617900000000000091e+03 8.569573877294976716e-03
2.618500000000000000e+03 9.277418094717725799e-03
2.618699999999999818e+03 5.047246973905219515e-03
2.619400000000000091e+03 5.590695568734844502e-03
2.619500000000000000e+03 6.427441999814851453e-03
2.620199999999999818e+03 9.231109468198146414e-03
2.620300000000000182e+03 8.545052146055533149e-03
2.621000000000000000e+03 5.748939186698581727e-03
2.621199999999999818e+03 4.114209563730985252e-03
2.621800000000000182e+03 4.877752509813921070e-03
2.622000000000000000e+03 6.048064014698924067e-03
2.622599999999999909e+03 8.251483321405338536e-03
2.622800000000000182e+03 6.675754561970020755e-03
2.623400000000000091e+03 4.952273866128512753e-03
2.623599999999999909e+03 4.052294269718407019e-03
2.624199999999999818e+03 5.391773290976267265e-03
2.624400000000000091e+03 6.208073277268596687e-03
2.625099999999999909e+03 8.099509512918046106e-03
2.625199999999999818e+03 8.725623386520440714e-03
2.625900000000000091e+03 9.180456588253187514e-03
2.626000000000000000e+03 4.615085218670026204e-03
2.626699999999999818e+03 4.812916284947337843e-03
2.626800000000000182e+03 7.448780730714173529e-03
2.627500000000000000e+03 9.795202780410176835e-03
2.627599999999999909e+03 8.576484019639871864e-03
2.628300000000000182e+03 5.963520241277145764e-03
2.628500000000000000e+03 5.217586672535755137e-03
2.629099999999999909e+03 5.911458852567105099e-03
2.629300000000000182e+03 6.343937240424821558e-03
2.629900000000000091e+03 7.577567234559121588e-03
2.630099999999999909e+03 7.721496183815088586e-03
2.630699999999999818e+03 1.004700835448870365e-02
2.630900000000000091e+03 1.158981964630942038e-02
2.631599999999999909e+03 1.140488281298869186e-02
2.631699999999999818e+03 9.998389698303402837e-03
2.632400000000000091e+03 9.559092601855388380e-03
2.632500000000000000e+03 6.963321539968447306e-03
2.633199999999999818e+03 8.873937488123633671e-03
2.633300000000000182e+03 7.038363503005032329e-03
2.634000000000000000e+03 7.013375632363241276e-03
2.634099999999999909e+03 7.983577405497882182e-03
2.634800000000000182e+03 1.037142672429189859e-02
2.634900000000000091e+03 1.236044827227796017e-02
2.635599999999999909e+03 1.515791807599722527e-02
2.635699999999999818e+03 1.104954735625898916e-02
2.636400000000000091e+03 6.971445711091557758e-03
2.636500000000000000e+03 4.868377348960742368e-03
2.637199999999999818e+03 3.631134988189095494e-03
2.637300000000000182e+03 5.286719523340126931e-03
2.638000000000000000e+03 9.594458585087809951e-03
2.638199999999999818e+03 1.147615412824469494e-02
2.638900000000000091e+03 8.773281426264524507e-03
2.639000000000000000e+03 6.945423686912475733e-03
2.639699999999999818e+03 6.594232938915459488e-03
2.639800000000000182e+03 8.682960202022598287e-03
2.640500000000000000e+03 1.066144501464130409e-02
2.640599999999999909e+03 1.349751650994262392e-02
2.641300000000000182e+03 1.276155469730376815e-02
2.641400000000000091e+03 9.794131819852135157e-03
2.642099999999999909e+03 9.602389608823903855e-03
2.642199999999999818e+03 9.583284981405419678e-03
2.642900000000000091e+03 1.207155579327925075e-02
2.643000000000000000e+03 9.267153907094996534e-03
2.643699999999999818e+03 4.686235776676761500e-03
2.643800000000000182e+03 5.176986803504547360e-03
2.644500000000000000e+03 5.821222988833049325e-03
2.644599999999999909e+03 5.440994994869069283e-03
2.645300000000000182e+03 4.999345048799961992e-03
2.645400000000000091e+03 4.185946465059543244e-03
2.646099999999999909e+03 4.294847462900159250e-03
2.646199999999999818e+03 2.343112792066674461e-03
2.647000000000000000e+03 5.975659226868062016e-03
2.647800000000000182e+03 6.949921692132886991e-03
2.648599999999999909e+03 7.551331332536553517e-03
2.648699999999999818e+03 7.806201178778846353e-03
2.649400000000000091e+03 1.167475653784399298e-02
2.649500000000000000e+03 1.051253833460357584e-02
2.650199999999999818e+03 1.188976337715548330e-02
2.650300000000000182e+03 1.123198208558949529e-02
2.651000000000000000e+03 1.217498836481257542e-02
2.651099999999999909e+03 1.030171511955625500e-02
2.651800000000000182e+03 8.683733031886901876e-03
2.651900000000000091e+03 9.166587282353614793e-03
2.652599999999999909e+03 8.330586742745338391e-03
2.652699999999999818e+03 4.869017071946724409e-03
2.653400000000000091e+03 6.620304245134473950e-03
2.653500000000000000e+03 5.947699569578961121e-03
2.654199999999999818e+03 8.493032629843157849e-03
2.654300000000000182e+03 9.491912559822773127e-03
2.655000000000000000e+03 1.034065721546250857e-02
2.655099999999999909e+03 9.484478911529623663e-03
2.655800000000000182e+03 1.396579269261100445e-02
2.656699999999999818e+03 1.382828082297247324e-02
2.657500000000000000e+03 1.156465555839673517e-02
2.658300000000000182e+03 8.823660638338500645e-03
2.659099999999999909e+03 8.701714089746497710e-03
2.659900000000000091e+03 8.660215333041721558e-03
2.660699999999999818e+03 1.022040786678835196e-02
2.661500000000000000e+03 9.054142678215660114e-03
2.662300000000000182e+03 9.898696097673610750e-03
2.663099999999999909e+03 6.915222225748409064e-03
2.663900000000000091e+03 5.853757727380648132e-03
2.664699999999999818e+03 7.832937639911644392e-03
2.665500000000000000e+03 1.058562200812701234e-02
2.666300000000000182e+03 9.783937536886840036e-03
2.667099999999999909e+03 7.214163503195829621e-03
2.667900000000000091e+03 5.314451878927614267e-03
2.668699999999999818e+03 5.030676096882960406e-03
2.669500000000000000e+03 6.398795699484058873e-03
2.670300000000000182e+03 6.471263138694210298e-03
2.671099999999999909e+03 4.868114128154835477e-03
2.672000000000000000e+03 6.044321052353911206e-03
2.672800000000000182e+03 8.017486358219090559e-03
2.673599999999999909e+03 1.037873392385988205e-02
2.674400000000000091e+03 8.932037626231979777e-03
2.675199999999999818e+03 2.372596977420932639e-03
2.676000000000000000e+03 2.049238524183274578e-03
2.676800000000000182e+03 4.510062971960423182e-03
2.677599999999999909e+03 6.474571634642396073e-03
2.678400000000000091e+03 8.493859776435554176e-03
2.679199999999999818e+03 7.801016804358452267e-03
2.680000000000000000e+03 7.428340933694890791e-03
2.680800000000000182e+03 5.942416438797420986e-03
2.681599999999999909e+03 5.133785864765348823e-03
2.682400000000000091e+03 5.725061279534598632e-03
2.683199999999999818e+03 3.834767431116031106e-03
2.684000000000000000e+03 3.370732870335638176e-03
2.684800000000000182e+03 2.988730907576859358e-03
2.685599999999999909e+03 4.254962129631873098e-03
2.686400000000000091e+03 2.967581318452618827e-03
2.687199999999999818e+03 1.141223205391569007e-03
2.688000000000000000e+03 3.778300048632174304e-03
2.688800000000000182e+03 6.944883837534974319e-03
2.689599999999999909e+03 8.107274027277809603e-03
2.690400000000000091e+03 5.310215645131839517e-03
2.691199999999999818e+03 2.395559804377184882e-03
2.692000000000000000e+03 5.269764888666021545e-03
2.692800000000000182e+03 5.672092115487592685e-03
2.693599999999999909e+03 4.984961432679757033e-03
2.694400000000000091e+03 6.845554210388836783e-03
2.695199999999999818e+03 9.116589801866539777e-03
2.696000000000000000e+03 8.112541296554431208e-03
2.696800000000000182e+03 6.664569173861984233e-03
2.697599999999999909e+03 6.326854242799127837e-03
2.698400000000000091e+03 3.841531353662572777e-03
2.699199999999999818e+03 2.144395482846603307e-03
2.700000000000000000e+03 2.706574994284239363e-03
2.700800000000000182e+03 3.688933812430429497e-03
2.701599999999999909e+03 3.546527103578516263e-03
2.702400000000000091e+03 3.216924324724044874e-03
2.703199999999999818e+03 2.114267865975600225e-03
2.704000000000000000e+03 3.207710167155858501e-03
2.704800000000000182e+03 3.675267659982611387e-03
2.705599999999999909e+03 2.219184615163944437e-03
2.706400000000000091e+03 1.069555573274470891e-03
2.707199999999999818e+03 3.003601706625211743e-03
2.708000000000000000e+03 3.794924131306351943e-03
2.708699999999999818e+03 3.674382528055018023e-03
2.709500000000000000e+03 5.317484875651500020e-03
2.710300000000000182e+03 4.190739497654154613e-03
2.711099999999999909e+03 3.788644057907342415e-03
2.711900000000000091e+03 3.633115153756461685e-03
2.712699999999999818e+03 7.110554926489020752e-03
2.713500000000000000e+03 9.054512247083397816e-03
2.714300000000000182e+03 7.806088406675402644e-03
2.715099999999999909e+03 3.032911479227384018e-03
2.715900000000000091e+03 -2.627702027748472129e-04
2.716699999999999818e+03 1.005197132995468579e-03
2.717500000000000000e+03 3.152886507587151707e-03
2.718300000000000182e+03 4.454361017601113706e-03
2.719099999999999909e+03 3.417392341699094366e-03
2.719900000000000091e+03 3.400928931936127771e-03
2.720699999999999818e+03 3.741700621447306089e-03
2.721500000000000000e+03 3.435541559022627957e-03
2.722300000000000182e+03 5.656106975748302623e-03
2.723099999999999909e+03 6.151020804052128796e-03
2.723800000000000182e+03 6.054796911571238074e-03
2.724599999999999909e+03 5.283498098665306147e-03
2.725400000000000091e+03 5.435546803362972801e-03
2.726199999999999818e+03 5.188676717989803601e-03
2.727000000000000000e+03 4.350587508785638130e-03
2.727800000000000182e+03 4.659040571554362575e-03
2.728599999999999909e+03 5.402781393117892135e-03
2.729400000000000091e+03 3.895884454514367181e-03
2.730199999999999818e+03 4.485382439419692904e-03
2.731000000000000000e+03 7.207092302969741321e-03
2.731800000000000182e+03 1.101181706042094095e-02
2.732599999999999909e+03 1.145009074427522609e-02
2.733300000000000182e+03 8.462101278394524098e-03
2.734099999999999909e+03 8.180412799597113968e-03
2.734900000000000091e+03 8.196165603589683490e-03
2.735699999999999818e+03 8.885495042014236039e-03
2.736500000000000000e+03 7.430515123990153598e-03
2.737300000000000182e+03 3.713673974047959712e-03
2.738099999999999909e+03 6.364151833083496468e-03
2.738900000000000091e+03 8.046632186330759592e-03
2.739699999999999818e+03 6.012649214475812229e-03
2.740500000000000000e+03 5.179166389211894289e-03
2.741300000000000182e+03 7.843239387341393448e-03
2.742000000000000000e+03 9.238108611137670068e-03
2.742800000000000182e+03 9.032036142629769337e-03
2.743599999999999909e+03 5.503611836932841006e-03
2.744400000000000091e+03 5.898202368354841379e-03
2.745199999999999818e+03 1.053817317675222881e-02
2.746000000000000000e+03 1.050672194039854561e-02
2.746800000000000182e+03 8.472584463303562199e-03
2.747599999999999909e+03 6.562513290213694075e-03
2.748400000000000091e+03 6.148117953836011729e-03
2.749099999999999909e+03 6.813592226396189382e-03
2.749900000000000091e+03 7.078015987744111330e-03
2.750699999999999818e+03 6.467369644861370621e-03
2.751500000000000000e+03 3.563197466121614983e-03
2.752300000000000182e+03 5.242440019672590934e-03
2.753099999999999909e+03 7.881864620148008177e-03
2.753900000000000091e+03 1.064054486352520278e-02
2.754699999999999818e+03 1.160196476161646541e-02
2.755400000000000091e+03 6.722688917408623129e-03
2.756199999999999818e+03 3.399092587270668119e-03
2.757000000000000000e+03 4.433784317094996603e-03
2.757800000000000182e+03 4.020981820090936860e-03
2.758599999999999909e+03 6.409779604556501212e-03
2.759400000000000091e+03 8.552579787671208897e-03
2.760199999999999818e+03 9.637763335649977142e-03
2.760900000000000091e+03 9.747244075353470386e-03
2.761699999999999818e+03 8.490038512469627596e-03
2.762500000000000000e+03 8.490518829305536419e-03
2.763300000000000182e+03 8.110127975962661342e-03
2.764099999999999909e+03 1.094054060108454358e-02
2.764900000000000091e+03 1.065032015733055094e-02
2.765599999999999909e+03 8.494963873315972830e-03
2.766400000000000091e+03 7.852238476347205703e-03
2.767199999999999818e+03 7.200456874557567034e-03
2.768000000000000000e+03 8.232475765779302332e-03
2.768800000000000182e+03 9.478619551262361040e-03
2.769599999999999909e+03 6.681946669577974902e-03
2.770400000000000091e+03 4.991906584021262722e-03
2.771099999999999909e+03 3.216084528179263477e-03
2.771900000000000091e+03 3.104797436368451208e-03
2.772699999999999818e+03 4.085757963792228942e-03
2.773500000000000000e+03 3.915491802971914764e-03
2.774300000000000182e+03 2.629093480397727556e-03
2.775099999999999909e+03 2.874835791149063860e-03
2.775800000000000182e+03 2.306482884718645890e-03
2.776599999999999909e+03 2.803185200257718099e-03
2.777400000000000091e+03 3.145973868395601346e-03
2.778199999999999818e+03 3.344133292573566070e-03
2.779000000000000000e+03 3.884978908346378886e-03
2.779699999999999818e+03 3.303890543554038450e-03
2.780500000000000000e+03 3.321289309906107993e-03
2.781300000000000182e+03 3.068466163867610615e-03
2.782099999999999909e+03 3.831628509629239100e-03
2.782900000000000091e+03 2.788159434024181302e-03
2.783699999999999818e+03 2.365531516194381220e-03
2.784400000000000091e+03 1.796860906291775084e-03
2.785199999999999818e+03 6.074302023368442771e-04
2.786000000000000000e+03 5.389451526476825641e-03
2.786800000000000182e+03 7.187186914104999082e-03
2.787599999999999909e+03 4.349455528389441911e-03
2.788300000000000182e+03 2.051939771128174789e-03
2.789099999999999909e+03 3.944871233842592827e-03
2.789900000000000091e+03 5.775751437095978311e-03
2.790699999999999818e+03 7.242183751997670858e-03
2.791500000000000000e+03 4.608445820077806954e-03
2.792199999999999818e+03 8.180080466395974088e-04
2.793000000000000000e+03 2.051407380904968041e-03
2.793800000000000182e+03 6.418949621634002269e-04
2.794599999999999909e+03 -7.478306503565048703e-04
2.795300000000000182e+03 2.183562888861148750e-03
2.796099999999999909e+03 5.762964128159724780e-03
2.796900000000000091e+03 5.641869142147933058e-03
2.797699999999999818e+03 4.129862869948040457e-03
2.798500000000000000e+03 3.072255644597431719e-03
2.799199999999999818e+03 3.827063217724725307e-03
2.800000000000000000e+03 3.356890279192992037e-03
2.800800000000000182e+03 2.664060274475553609e-03
2.801599999999999909e+03 1.459121918230070827e-03
2.802400000000000091e+03 4.225534050774968839e-03
2.803099999999999909e+03 3.616201685730629709e-03
2.803900000000000091e+03 3.259279615304750202e-03
2.804699999999999818e+03 2.991882514698820418e-03
2.805500000000000000e+03 2.719507952905177856e-03
2.806199999999999818e+03 2.237367971618862278e-03
2.807000000000000000e+03 2.771236360824850305e-03
2.807800000000000182e+03 2.427285904978642318e-03
2.808599999999999909e+03 8.384553671213017777e-05
2.809300000000000182e+03 3.819062865760851268e-05
2.810099999999999909e+03 5.311525833375006040e-04
2.810900000000000091e+03 5.060694755507574600e-04
2.811699999999999818e+03 2.651723276966568531e-03
2.812400000000000091e+03 3.128051135706385114e-03
2.813199999999999818e+03 2.680734555578403750e-03
2.814000000000000000e+03 1.387178294710111762e-03
2.814800000000000182e+03 -2.327800974270838200e-04
2.815500000000000000e+03 -2.201047305328579127e-04
2.816300000000000182e+03 5.724280123458079040e-04
2.817099999999999909e+03 4.087649231313476676e-03
2.817900000000000091e+03 5.796720325581436808e-03
2.818599999999999909e+03 7.047544113930055698e-03
2.819400000000000091e+03 5.301570669953892950e-03
2.820199999999999818e+03 3.530580205828048358e-03
2.821000000000000000e+03 3.253798036740097530e-03
2.821699999999999818e+03 3.476242846855093476e-03
2.822500000000000000e+03 1.755627117969003545e-03
2.823300000000000182e+03 8.752183728342524931e-04
2.824099999999999909e+03 7.733050283766989500e-04
2.824800000000000182e+03 1.574542193547461433e-03
2.825599999999999909e+03 4.057568830083494241e-03
2.826400000000000091e+03 3.788100477795937771e-03
2.827099999999999909e+03 2.415355739010182148e-03
2.827900000000000091e+03 3.464822814976615054e-03
2.828699999999999818e+03 4.959106261507061249e-03
2.829500000000000000e+03 2.567283529456348620e-03
2.830199999999999818e+03 7.193821928713528590e-04
2.831000000000000000e+03 2.159292740195366961e-03
2.831800000000000182e+03 4.834864832508715092e-03
2.832500000000000000e+03 4.278948063727041305e-03
2.833300000000000182e+03 -5.279819643349456222e-04
2.834099999999999909e+03 -6.253359530510045183e-04
2.834900000000000091e+03 1.173094146690963156e-03
2.835599999999999909e+03 1.353733639633325448e-03
2.836400000000000091e+03 1.861855098610402763e-04
2.837199999999999818e+03 2.141605781521824237e-03
2.837900000000000091e+03 4.239317676324738660e-03
2.838699999999999818e+03 7.184247095937111929e-03
2.839500000000000000e+03 5.957428814087623557e-03
2.840300000000000182e+03 3.655282030298971380e-03
2.841000000000000000e+03 3.705388182484078627e-03
2.841800000000000182e+03 4.391347695648610203e-03
2.842599999999999909e+03 3.733094056238834071e-03
2.843300000000000182e+03 2.217996518103393377e-03
2.844099999999999909e+03 1.591270073871851876e-03
2.844900000000000091e+03 4.576067582248676859e-03
2.845599999999999909e+03 6.446956975844410700e-03
2.846400000000000091e+03 5.011658254447775782e-03
2.847199999999999818e+03 6.571923100342077009e-03
2.847900000000000091e+03 7.411557669550025707e-03
2.848699999999999818e+03 6.808673601368325258e-03
2.849500000000000000e+03 6.973446828780649476e-03
2.850199999999999818e+03 5.648792702804538227e-03
2.851000000000000000e+03 4.146137546400903082e-03
2.851800000000000182e+03 5.829044982753022429e-03
2.852500000000000000e+03 5.780022013396831498e-03
2.853300000000000182e+03 2.021094013906849819e-03
2.854099999999999909e+03 1.287766028036212759e-03
2.854800000000000182e+03 4.770957995353345901e-03
2.855599999999999909e+03 7.089361858250480854e-03
2.856400000000000091e+03 6.308743604220182905e-03
2.857099999999999909e+03 7.076990388746573143e-03
2.857900000000000091e+03 7.849311481931291190e-03
2.858699999999999818e+03 6.170380579428987045e-03
2.859400000000000091e+03 3.728209136406553277e-03
2.860199999999999818e+03 5.834889714811161872e-03
2.861000000000000000e+03 8.777995261231488072e-03
2.861699999999999818e+03 6.291796320134535742e-03
2.862500000000000000e+03 3.997875599962504717e-03
2.863300000000000182e+03 4.101286813583741170e-03
2.864000000000000000e+03 1.811214102365710536e-03
2.864800000000000182e+03 1.771072268605282168e-03
2.865599999999999909e+03 3.641699876418152439e-03
2.866300000000000182e+03 3.845149468457085586e-03
2.867099999999999909e+03 3.573243963348792050e-03
2.867900000000000091e+03 4.273267111391705619e-03
2.868599999999999909e+03 3.076962269875279168e-03
2.869400000000000091e+03 2.451018256779069482e-03
2.870199999999999818e+03 2.085373747202409929e-03
2.870900000000000091e+03 3.711122723640548383e-03
2.871699999999999818e+03 4.100374231333133584e-03
2.872400000000000091e+03 4.383300783412759707e-03
2.873199999999999818e+03 5.363748154050641814e-03
2.874000000000000000e+03 6.102066793867154046e-03
2.874699999999999818e+03 6.446278427949383993e-03
2.875500000000000000e+03 7.145875338896438139e-03
2.876300000000000182e+03 7.861833359633410220e-03
2.877000000000000000e+03 5.903153145313292174e-03
2.877800000000000182e+03 5.300726997202152846e-03
2.878599999999999909e+03 3.809000079922362884e-03
2.879300000000000182e+03 5.641197262053507938e-03
2.880099999999999909e+03 7.708484228442511257e-03
2.880800000000000182e+03 5.046834608005865315e-03
2.881599999999999909e+03 1.860133866929534812e-03
2.882400000000000091e+03 4.471237832292328240e-03
2.883099999999999909e+03 8.526370327955248157e-03
2.883900000000000091e+03 8.508275622684812606e-03
2.884599999999999909e+03 4.797955745226503352e-03
2.885400000000000091e+03 4.590718809752520821e-03
2.886199999999999818e+03 6.160014748192969500e-03
2.886900000000000091e+03 4.545179174181213609e-03
2.887699999999999818e+03 4.190007606710406673e-03
2.888400000000000091e+03 5.993945937009576355e-03
2.889199999999999818e+03 6.727739895953559549e-03
2.890000000000000000e+03 8.651377237264109427e-03
2.890699999999999818e+03 9.426027405539490894e-03
2.891500000000000000e+03 7.928177945426193723e-03
2.892199999999999818e+03 6.015327934214009103e-03
2.893000000000000000e+03 5.128728953427681356e-03
2.893800000000000182e+03 8.200816773618202146e-03
2.894500000000000000e+03 9.872056887268700065e-03
2.895300000000000182e+03 8.911286465065147017e-03
2.896000000000000000e+03 6.805387321848432869e-03
2.896800000000000182e+03 8.507233621545460395e-03
2.897599999999999909e+03 7.567483377444331714e-03
2.898300000000000182e+03 6.379766555321677787e-03
2.899099999999999909e+03 6.320355473213851508e-03
2.899800000000000182e+03 7.575084053271020565e-03
2.900599999999999909e+03 9.186083384713755046e-03
2.901400000000000091e+03 1.150559748530617481e-02
2.902099999999999909e+03 1.154874368841793744e-02
2.902900000000000091e+03 1.129069695150922668e-02
2.903599999999999909e+03 1.153243696312927953e-02
2.904400000000000091e+03 1.287513228994477746e-02
2.905099999999999909e+03 1.357027901981698419e-02
2.905900000000000091e+03 1.067599474700287390e-02
2.906699999999999818e+03 7.315705437814462239e-03
2.907400000000000091e+03 9.294894194122878955e-03
2.908199999999999818e+03 1.027093737403301198e-02
2.908900000000000091e+03 9.750386003309831351e-03
2.909699999999999818e+03 1.186525150520547668e-02
2.910400000000000091e+03 1.494255249367388433e-02
2.911199999999999818e+03 1.610233470445042100e-02
2.911900000000000091e+03 1.493574352391753741e-02
2.912699999999999818e+03 1.567465057404957701e-02
2.913500000000000000e+03 1.561404423340656544e-02
2.914199999999999818e+03 1.640321995596561583e-02
2.915000000000000000e+03 1.586702117557833511e-02
2.915699999999999818e+03 1.338224222283898937e-02
2.916500000000000000e+03 1.409499983710064963e-02
2.917199999999999818e+03 1.375451695603991525e-02
2.918000000000000000e+03 1.263674533374478659e-02
2.918699999999999818e+03 1.292131275550797466e-02
2.919500000000000000e+03 1.514907461646845463e-02
2.920300000000000182e+03 1.579850952852643320e-02
2.921000000000000000e+03 1.440282156795767016e-02
2.921800000000000182e+03 1.318236921174318135e-02
2.922500000000000000e+03 1.571133224567441977e-02
2.923300000000000182e+03 1.736160979613536257e-02
2.924000000000000000e+03 2.035276448149398593e-02
2.924800000000000182e+03 1.985706719487735986e-02
2.925500000000000000e+03 1.690153691416459297e-02
2.926300000000000182e+03 1.691803822210233288e-02
2.927000000000000000e+03 2.051423039083092453e-02
2.927800000000000182e+03 2.368256515438419210e-02
2.928500000000000000e+03 2.409087082981353073e-02
2.929300000000000182e+03 2.270074419903459970e-02
2.930000000000000000e+03 2.076635343702933068e-02
2.930800000000000182e+03 1.827309642069033929e-02
2.931599999999999909e+03 1.709822384163103837e-02
2.932300000000000182e+03 2.002922116602021824e-02
2.933099999999999909e+03 2.484972091394364174e-02
2.933800000000000182e+03 2.641960705379307189e-02
2.934599999999999909e+03 2.343714296391686755e-02
2.935300000000000182e+03 2.038398443294134679e-02
2.936099999999999909e+03 2.160668195015813531e-02
2.936800000000000182e+03 2.512307796198691434e-02
2.937599999999999909e+03 2.646037009875308599e-02
2.938300000000000182e+03 2.449492363195829650e-02
2.939099999999999909e+03 2.203426258779979385e-02
2.939800000000000182e+03 2.384525829192308405e-02
2.940599999999999909e+03 2.372548987934436707e-02
2.941300000000000182e+03 2.362118408746387288e-02
2.942099999999999909e+03 2.306296530417851348e-02
2.942800000000000182e+03 2.214417263069786562e-02
2.943599999999999909e+03 2.487692854356640323e-02
2.944300000000000182e+03 2.571644882181745029e-02
2.945099999999999909e+03 2.491155070818207307e-02
2.945800000000000182e+03 2.610121606213135909e-02
2.946599999999999909e+03 2.686594447037209815e-02
2.947300000000000182e+03 2.505577452848620212e-02
2.948099999999999909e+03 2.214409328734660842e-02
2.948800000000000182e+03 2.212184461139943964e-02
2.949599999999999909e+03 2.113942109193910068e-02
2.950300000000000182e+03 2.249942579641560358e-02
2.951099999999999909e+03 2.033333061890710974e-02
2.951800000000000182e+03 2.037890158373906885e-02
2.952599999999999909e+03 1.836949797660573924e-02
2.953300000000000182e+03 1.583960600147131526e-02
2.954000000000000000e+03 1.462928430504536331e-02
2.954800000000000182e+03 1.348339124745826303e-02
2.955500000000000000e+03 1.343673816960281459e-02
2.956300000000000182e+03 1.341636625461748236e-02
2.957000000000000000e+03 1.577361046900918606e-02
2.957800000000000182e+03 1.606511132913528150e-02
2.958500000000000000e+03 1.430168869531929857e-02
2.959300000000000182e+03 1.252587511275684781e-02
2.960000000000000000e+03 1.413212563995415103e-02
2.960800000000000182e+03 1.382842581103582887e-02
2.961500000000000000e+03 1.595043396758379431e-02
2.962300000000000182e+03 1.555631283763255282e-02
2.963000000000000000e+03 1.264239213388700100e-02
2.963800000000000182e+03 1.232718041430289069e-02
2.964500000000000000e+03 1.190253779404171208e-02
2.965300000000000182e+03 1.051385212903487021e-02
2.966000000000000000e+03 1.011691702329010206e-02
2.966699999999999818e+03 1.018349553829554777e-02
2.967500000000000000e+03 7.757602132251741403e-03
2.968199999999999818e+03 6.194563255268171337e-03
2.969000000000000000e+03 8.767354625912895938e-03
2.969699999999999818e+03 9.398896183703830259e-03
2.970500000000000000e+03 6.681983222604119879e-03
2.971199999999999818e+03 4.388728682388457099e-03
2.972000000000000000e+03 2.437153272559132444e-03
2.972699999999999818e+03 4.215167247557450800e-03
2.973400000000000091e+03 4.580477632361098714e-03
2.974199999999999818e+03 2.411525352383122982e-03
2.974900000000000091e+03 3.022364801402436206e-03
2.975699999999999818e+03 3.929463221126788114e-03
2.976400000000000091e+03 5.393454729509247064e-03
2.977199999999999818e+03 7.080379743518327995e-03
2.977900000000000091e+03 7.600828030421282258e-03
2.978699999999999818e+03 5.863723375763001816e-03
2.979400000000000091e+03 3.988898175312942385e-03
2.980099999999999909e+03 3.710240287633542917e-03
2.980900000000000091e+03 2.861428622503079961e-03
2.981599999999999909e+03 2.271979581146681484e-03
2.982400000000000091e+03 1.317976299030105148e-03
2.983099999999999909e+03 4.170089562820666245e-04
2.983900000000000091e+03 1.635147306793171586e-03
2.984599999999999909e+03 4.559801031151816848e-03
2.985300000000000182e+03 5.132110557450029337e-03
2.986099999999999909e+03 2.511876504406758241e-03
2.986800000000000182e+03 6.370912452223271476e-04
2.987599999999999909e+03 1.901072538523750511e-03
2.988300000000000182e+03 3.253324617666429001e-03
2.989000000000000000e+03 2.662710896002887760e-03
2.989800000000000182e+03 1.302577485366675095e-03
2.990500000000000000e+03 2.366121149410061256e-03
2.991300000000000182e+03 3.035211042678840829e-03
2.992000000000000000e+03 5.019080278175668680e-03
2.992699999999999818e+03 3.605643496228082018e-03
2.993500000000000000e+03 2.061819909415071785e-03
2.994199999999999818e+03 4.248416632913856392e-03
2.995000000000000000e+03 3.588706300076986364e-03
2.995699999999999818e+03 3.180978320907556708e-03
2.996500000000000000e+03 2.516270612909087771e-03
2.997199999999999818e+03 3.574316328064803313e-03
2.997900000000000091e+03 5.359297140846952003e-03
2.998699999999999818e+03 2.384915880207498506e-03
2.999400000000000091e+03 1.047130155068841514e-03
3.000099999999999909e+03 2.108537364472602010e-03
3.000900000000000091e+03 3.994609438947777091e-03
3.001599999999999909e+03 3.235478508908430553e-03
3.002400000000000091e+03 4.926268093579608612e-03
3.003099999999999909e+03 4.050927281468555234e-03
3.003800000000000182e+03 1.845009607789336974e-03
3.004599999999999909e+03 4.008324234923305051e-04
3.005300000000000182e+03 1.690609141298840936e-03
3.006099999999999909e+03 -3.250920663288302021e-04
3.006800000000000182e+03 -1.650366446121218967e-04
3.007500000000000000e+03 2.153903719850440088e-03
3.008300000000000182e+03 1.771444139466052479e-03
3.009000000000000000e+03 9.485329500991521081e-04
3.009699999999999818e+03 1.245753715663183714e-03
3.010500000000000000e+03 1.641425018365387078e-03
3.011199999999999818e+03 -1.366858279907295242e-04
3.012000000000000000e+03 -4.295819101904598458e-04
3.012699999999999818e+03 2.420608331305518050e-03
3.013400000000000091e+03 3.106477185383520016e-03
3.014199999999999818e+03 3.540968520559479443e-03
3.014900000000000091e+03 1.502376706267170544e-03
3.015599999999999909e+03 9.115951404457612109e-04
3.016400000000000091e+03 3.369815165559005704e-03
3.017099999999999909e+03 3.187465037535576647e-03
3.017900000000000091e+03 3.203207423595975586e-03
3.018599999999999909e+03 5.212752240229228187e-03
3.019300000000000182e+03 6.292230258967453603e-03
3.020099999999999909e+03 4.049482557043197241e-03
3.020800000000000182e+03 4.162853427320065830e-04
3.021500000000000000e+03 2.187738803845314800e-03
3.022300000000000182e+03 3.512455706376516572e-03
3.023000000000000000e+03 1.986313511818838147e-03
3.023699999999999818e+03 1.685513616534994093e-03
3.024500000000000000e+03 4.861395216278581108e-03
3.025199999999999818e+03 4.521300469933176372e-03
3.025900000000000091e+03 3.248267470501961171e-03
3.026699999999999818e+03 2.840478524977954351e-03
3.027400000000000091e+03 1.494065405637064886e-03
3.028099999999999909e+03 -7.457498285069738878e-05
3.028900000000000091e+03 2.139977107948128781e-04
3.029599999999999909e+03 2.160203029868631736e-03
3.030300000000000182e+03 3.403864118071455759e-03
3.031099999999999909e+03 2.871512711327618879e-03
3.031800000000000182e+03 2.639877812238843133e-03
3.032500000000000000e+03 1.794737531814405039e-03
3.033300000000000182e+03 1.105887050207552584e-03
3.034000000000000000e+03 3.074419545518947399e-03
3.034699999999999818e+03 4.065555218883709111e-03
3.035500000000000000e+03 2.624072249708022352e-03
3.036199999999999818e+03 3.500274344595895922e-03
3.036900000000000091e+03 3.474119896057599553e-03
3.037699999999999818e+03 2.422815737288095198e-03
3.038400000000000091e+03 2.414892315264587086e-04
3.039099999999999909e+03 -4.192953393676825320e-04
3.039900000000000091e+03 4.442973431329427054e-04
3.040599999999999909e+03 6.176732768509721671e-04
3.041300000000000182e+03 1.805174313801418979e-03
3.042099999999999909e+03 3.867954625184325586e-03
3.042800000000000182e+03 5.784630258428923033e-03
3.043500000000000000e+03 6.396284430991494574e-03
3.044300000000000182e+03 6.641240377721522106e-03
3.045000000000000000e+03 4.497571773383097701e-03
3.045699999999999818e+03 2.314451256871708287e-03
3.046500000000000000e+03 1.648391648430438169e-03
3.047199999999999818e+03 1.360727833858354054e-03
3.047900000000000091e+03 1.722180656969115632e-03
3.048599999999999909e+03 3.826020634495622564e-03
3.049400000000000091e+03 5.654522662167628388e-03
3.050099999999999909e+03 6.033159936596302862e-03
3.050800000000000182e+03 5.161524386253214108e-03
3.051599999999999909e+03 5.638681962957163216e-03
3.052300000000000182e+03 5.789405152380125083e-03
3.053000000000000000e+03 5.450911464127235900e-03
3.053800000000000182e+03 4.634982901986392859e-03
3.054500000000000000e+03 3.887218396269711499e-03
3.055199999999999818e+03 3.431194174500364503e-03
3.055900000000000091e+03 4.152123817363777974e-03
3.056699999999999818e+03 4.291683618003431545e-03
3.057400000000000091e+03 5.018997180316476028e-03
3.058099999999999909e+03 4.438489812875951769e-03
3.058900000000000091e+03 2.016066103273810354e-04
3.059599999999999909e+03 -6.784048566948162884e-04
3.060300000000000182e+03 2.356931132489269165e-03
3.061000000000000000e+03 3.961985392736604855e-03
3.061800000000000182e+03 4.628609720118330093e-03
3.062500000000000000e+03 4.104285031466433677e-03
3.063199999999999818e+03 4.237370357753195843e-03
3.064000000000000000e+03 2.493724786658011415e-03
3.064699999999999818e+03 2.291961585874335502e-03
3.065400000000000091e+03 1.735006528176099953e-03
3.066099999999999909e+03 3.043332456171521719e-03
3.066900000000000091e+03 4.637690827844937434e-03
3.067599999999999909e+03 3.370944709308539705e-03
3.068300000000000182e+03 4.894603100307685743e-03
3.069000000000000000e+03 6.101170202573576347e-03
3.069800000000000182e+03 5.380560833377840205e-03
3.070500000000000000e+03 4.036179244629395715e-03
3.071199999999999818e+03 5.939734249489608993e-03
3.072000000000000000e+03 7.657473442964423532e-03
3.072699999999999818e+03 6.112633861235200472e-03
3.073400000000000091e+03 5.625313783556018521e-03
3.074099999999999909e+03 7.925096833566753346e-03
3.074900000000000091e+03 7.206135099137003092e-03
3.075599999999999909e+03 6.181819725335605670e-03
3.076300000000000182e+03 6.051515567887426686e-03
3.077000000000000000e+03 5.096776153776945081e-03
3.077800000000000182e+03 4.983479022962934366e-03
3.078500000000000000e+03 4.773816328285008723e-03
3.079199999999999818e+03 5.210565722141954209e-03
3.079900000000000091e+03 6.487385156428465693e-03
3.080699999999999818e+03 6.756867291484305177e-03
3.081400000000000091e+03 5.115598588405347730e-03
3.082099999999999909e+03 5.480940085829351556e-03
3.082800000000000182e+03 5.602181419689177856e-03
3.083599999999999909e+03 3.694973846720284866e-03
3.084300000000000182e+03 4.827061045938500078e-03
3.085000000000000000e+03 7.403240856023046018e-03
3.085699999999999818e+03 7.185210018104322763e-03
3.086500000000000000e+03 5.071702781521429150e-03
3.087199999999999818e+03 6.390768605803372540e-03
3.087900000000000091e+03 8.038145308721931712e-03
3.088599999999999909e+03 8.288743297337922838e-03
3.089300000000000182e+03 8.242049124513936911e-03
3.090099999999999909e+03 6.975703263958814640e-03
3.090800000000000182e+03 5.184732802558610770e-03
3.091500000000000000e+03 6.196756829537614260e-03
3.092199999999999818e+03 6.312329557604886079e-03
3.093000000000000000e+03 5.373209069306416827e-03
3.093699999999999818e+03 4.156483715339547025e-03
3.094400000000000091e+03 3.365039136559869973e-03
3.095099999999999909e+03 2.343398342934677192e-03
3.095800000000000182e+03 2.761894209444917120e-03
3.096599999999999909e+03 5.693549230891398021e-03
3.097300000000000182e+03 7.824763089854573639e-03
3.098000000000000000e+03 7.879762441146201390e-03
3.098699999999999818e+03 7.817007610152890834e-03
3.099500000000000000e+03 5.569097925594967274e-03
3.100199999999999818e+03 3.495526067068184875e-03
3.100900000000000091e+03 3.459863632961417742e-03
3.101599999999999909e+03 4.422774603703274847e-03
3.102300000000000182e+03 5.495005806149326835e-03
3.103099999999999909e+03 4.643936994689552497e-03
3.103800000000000182e+03 4.167654149906619039e-03
3.104500000000000000e+03 5.416560487970636072e-03
3.105199999999999818e+03 6.425247470978102254e-03
3.105900000000000091e+03 5.272755678075321216e-03
3.106699999999999818e+03 3.775369571560822750e-03
3.107400000000000091e+03 3.028879505137496882e-03
3.108099999999999909e+03 3.955827134712811520e-03
3.108800000000000182e+03 5.469858125714500627e-03
3.109500000000000000e+03 4.967098103235288893e-03
3.110300000000000182e+03 2.480889244967449982e-03
3.111000000000000000e+03 2.756467715740678823e-03
3.111699999999999818e+03 5.081489570481728495e-03
3.112400000000000091e+03 6.007073170187109123e-03
3.113099999999999909e+03 6.445548095337215282e-03
3.113900000000000091e+03 6.434964467311635183e-03
3.114599999999999909e+03 6.882954641077632107e-03
3.115300000000000182e+03 5.142163527819604806e-03
3.116000000000000000e+03 1.907092732344436818e-03
3.116699999999999818e+03 1.925951426326395158e-03
3.117500000000000000e+03 3.055739650151708970e-03
3.118199999999999818e+03 3.622402093503421412e-03
3.118900000000000091e+03 4.568591510470332122e-03
3.119599999999999909e+03 2.697195789405096300e-03
3.120300000000000182e+03 2.836564268235160832e-03
3.121000000000000000e+03 4.796366660770460741e-03
3.121800000000000182e+03 4.919549450319682209e-03
3.122500000000000000e+03 4.386068466227388205e-03
3.123199999999999818e+03 5.177594586068286556e-03
3.123900000000000091e+03 4.080971933434181589e-03
3.124599999999999909e+03 3.648482060129328367e-03
3.125400000000000091e+03 3.374713285799931135e-03
3.126099999999999909e+03 2.111475254530982906e-03
3.126800000000000182e+03 2.664338818807855756e-03
3.127500000000000000e+03 3.767440871473526527e-03
3.128199999999999818e+03 3.320365806965698292e-03
3.128900000000000091e+03 3.620496222684781162e-03
3.129699999999999818e+03 3.882505831686664487e-03
3.130400000000000091e+03 4.454170033769475415e-03
3.131099999999999909e+03 6.089084489081037638e-03
3.131800000000000182e+03 6.702076506203993173e-03
3.132500000000000000e+03 5.503165291580135871e-03
3.133199999999999818e+03 6.075999367093636201e-03
3.133900000000000091e+03 5.376432313437649532e-03
3.134699999999999818e+03 4.915203865570587360e-03
3.135400000000000091e+03 4.276338760464846664e-03
3.136099999999999909e+03 5.242961099561008718e-03
3.136800000000000182e+03 5.043096807877013935e-03
3.137500000000000000e+03 4.910175705296731738e-03
3.138199999999999818e+03 5.959636731362972714e-03
3.139000000000000000e+03 5.661120492607053627e-03
3.139699999999999818e+03 4.124458000959986548e-03
3.140400000000000091e+03 3.881143183226032529e-03
3.141099999999999909e+03 3.487605930771172334e-03
3.141800000000000182e+03 3.234629835173077114e-03
3.142500000000000000e+03 1.930031803219045983e-03
3.143199999999999818e+03 3.258151564570502257e-03
3.144000000000000000e+03 4.646422392568935571e-03
3.144699999999999818e+03 5.793444492365198983e-03
3.145400000000000091e+03 6.027903452012721777e-03
3.146099999999999909e+03 3.850818742289285369e-03
3.146800000000000182e+03 2.269991568688097764e-03
3.147500000000000000e+03 7.838002631764519551e-04
3.148199999999999818e+03 2.637906027691272210e-03
3.149000000000000000e+03 3.571827917171026701e-03
3.149699999999999818e+03 2.658840733706933739e-03
3.150400000000000091e+03 2.995409405329037787e-03
3.151099999999999909e+03 5.492425387129267443e-03
3.151800000000000182e+03 5.475902962107668213e-03
3.152500000000000000e+03 3.954694534262810993e-03
3.153199999999999818e+03 4.761658909818454292e-03
3.153900000000000091e+03 4.053927788484800593e-03
3.154699999999999818e+03 2.263640680198539343e-03
3.155400000000000091e+03 4.049620263166168847e-03
3.156099999999999909e+03 5.304773022893913802e-03
3.156800000000000182e+03 3.963754883241316779e-03
3.157500000000000000e+03 2.482783860775630586e-03
3.158199999999999818e+03 1.979125831888852924e-03
3.158900000000000091e+03 3.777354444854707886e-03
3.159599999999999909e+03 3.353670272525204228e-03
3.160300000000000182e+03 1.705401772873444549e-03
3.161099999999999909e+03 1.129856100282090187e-03
3.161800000000000182e+03 2.267394195415622753e-03
3.162500000000000000e+03 2.637383093582688562e-03
3.163199999999999818e+03 3.174318952953776411e-03
3.163900000000000091e+03 3.894202565167194114e-03
3.164599999999999909e+03 3.272123146567926244e-03
3.165300000000000182e+03 3.049153571234083666e-03
3.166000000000000000e+03 9.616287765160502071e-04
3.166699999999999818e+03 -9.744111839038457163e-04
3.167500000000000000e+03 7.864842836522175458e-04
3.168199999999999818e+03 3.642074262061667424e-03
3.168900000000000091e+03 4.167720099700816805e-03
3.169599999999999909e+03 5.141124764454961527e-03
3.170300000000000182e+03 5.061708733378154045e-03
3.171000000000000000e+03 4.477239217640254822e-03
3.171699999999999818e+03 4.281496197580271675e-03
3.172400000000000091e+03 4.515124176551003551e-03
3.173099999999999909e+03 7.299798790539554529e-03
3.173800000000000182e+03 6.764268189696294627e-03
3.174500000000000000e+03 4.503674706948818107e-03
3.175300000000000182e+03 4.266262999370563566e-03
3.176000000000000000e+03 5.616397724988862750e-03
3.176699999999999818e+03 5.886814166917588020e-03
3.177400000000000091e+03 4.237397351465575779e-03
3.178099999999999909e+03 3.958516060058895822e-03
3.178800000000000182e+03 4.955692013308678201e-03
3.179500000000000000e+03 6.608365965713067398e-03
3.180199999999999818e+03 5.867792843509636418e-03
3.180900000000000091e+03 3.867508199115064250e-03
3.181599999999999909e+03 3.969836067279156229e-03
3.182300000000000182e+03 3.833899096909203739e-03
3.183000000000000000e+03 2.855526168506202639e-03
3.183800000000000182e+03 2.349605595203512615e-03
3.184500000000000000e+03 3.782875694461691057e-03
3.185199999999999818e+03 5.610915426814093790e-03
3.185900000000000091e+03 6.253042241003509139e-03
3.186599999999999909e+03 8.058664257670475339e-03
3.187300000000000182e+03 8.817118833781683110e-03
3.188000000000000000e+03 8.005327158046060196e-03
3.188699999999999818e+03 6.546978079396355114e-03
3.189400000000000091e+03 5.274660150682746254e-03
3.190099999999999909e+03 4.730089259710472567e-03
3.190800000000000182e+03 7.300794402030431722e-03
3.191500000000000000e+03 8.197269361648117786e-03
3.192199999999999818e+03 6.087536183929408325e-03
3.192900000000000091e+03 6.097892698898761503e-03
3.193599999999999909e+03 6.387287486030225787e-03
3.194400000000000091e+03 8.469510427782392381e-03
3.195099999999999909e+03 8.930681358024841754e-03
3.195800000000000182e+03 9.962375697508549927e-03
3.196500000000000000e+03 9.688553788864085956e-03
3.197199999999999818e+03 7.359761573977588803e-03
3.197900000000000091e+03 9.060187515616562395e-03
3.198599999999999909e+03 1.022566121640546694e-02
3.199300000000000182e+03 1.032756736897440068e-02
3.200000000000000000e+03 1.060930818295377845e-02
