1.022999999999999972e+02 2.638322232041162785e+00
1.035999999999999943e+02 2.819171103152458890e+00
1.050000000000000000e+02 2.943918152196190796e+00
1.062999999999999972e+02 3.006265750379895074e+00
1.077000000000000028e+02 3.026251396843695485e+00
1.090000000000000000e+02 3.020923437148085533e+00
1.104000000000000057e+02 3.000979706123166224e+00
1.117000000000000028e+02 2.983433431702839478e+00
1.130000000000000000e+02 2.963950969922129364e+00
1.144000000000000057e+02 2.942632926459823661e+00
1.157000000000000028e+02 2.942907506837560749e+00
1.170999999999999943e+02 2.938740656629887482e+00
1.184000000000000057e+02 2.933864484118704929e+00
1.197999999999999972e+02 2.933881699279073274e+00
1.210999999999999943e+02 2.949148625004564650e+00
1.224000000000000057e+02 2.959029702827444819e+00
1.237999999999999972e+02 2.972006726594013770e+00
1.250999999999999943e+02 2.988833261071780711e+00
1.265000000000000000e+02 3.006242568316153552e+00
1.277999999999999972e+02 3.036620682223727385e+00
1.290999999999999943e+02 3.051210349563201696e+00
1.305000000000000000e+02 3.067396924664371305e+00
1.318000000000000114e+02 3.082478876687172686e+00
1.330999999999999943e+02 3.081365046478591552e+00
1.345000000000000000e+02 3.088109622664609422e+00
1.358000000000000114e+02 3.097832594446455090e+00
1.371999999999999886e+02 3.094292577385277632e+00
1.385000000000000000e+02 3.092819167485052478e+00
1.398000000000000114e+02 3.082435671905664698e+00
1.411999999999999886e+02 3.051997377139451295e+00
1.425000000000000000e+02 3.017033809247322118e+00
1.438000000000000114e+02 2.970369123952333545e+00
1.451999999999999886e+02 2.942160530309482436e+00
1.465000000000000000e+02 2.893945841177437917e+00
1.478000000000000114e+02 2.851804701196556380e+00
1.491999999999999886e+02 2.802145473650649699e+00
1.505000000000000000e+02 2.762846326407239150e+00
1.518000000000000114e+02 2.719972854129048212e+00
1.531999999999999886e+02 2.673035789512741900e+00
1.545000000000000000e+02 2.633730860944309526e+00
1.558000000000000114e+02 2.602917536890261729e+00
1.571999999999999886e+02 2.574181869167349035e+00
1.585000000000000000e+02 2.541656446365738731e+00
1.598000000000000114e+02 2.529592624618259400e+00
1.610999999999999943e+02 2.517943945632937552e+00
1.625000000000000000e+02 2.512074189699201821e+00
1.638000000000000114e+02 2.518879144463780584e+00
1.650999999999999943e+02 2.526593307070934546e+00
1.665000000000000000e+02 2.530701174511594154e+00
1.678000000000000114e+02 2.532760062721092442e+00
1.690999999999999943e+02 2.545198047609570136e+00
1.704000000000000057e+02 2.557498057828468951e+00
1.718000000000000114e+02 2.569605108962448980e+00
1.730999999999999943e+02 2.581289208131181123e+00
1.744000000000000057e+02 2.584232094081709619e+00
1.758000000000000114e+02 2.597094657600540479e+00
1.770999999999999943e+02 2.594432215492842975e+00
1.784000000000000057e+02 2.586602772659146510e+00
1.796999999999999886e+02 2.565919208878635338e+00
1.810999999999999943e+02 2.539861244704644250e+00
1.824000000000000057e+02 2.513124153504331382e+00
1.836999999999999886e+02 2.479194457943584950e+00
1.850000000000000000e+02 2.439713534139484885e+00
1.864000000000000057e+02 2.386471257321037154e+00
1.876999999999999886e+02 2.333266092754500143e+00
1.890000000000000000e+02 2.279721801837859552e+00
1.903000000000000114e+02 2.224032334949721523e+00
1.915999999999999943e+02 2.167289757310661980e+00
1.930000000000000000e+02 2.118230120531444438e+00
1.943000000000000114e+02 2.066628996933921769e+00
1.955999999999999943e+02 2.024834877505945929e+00
1.969000000000000057e+02 1.984833087851783473e+00
1.981999999999999886e+02 1.947641914255938689e+00
1.995999999999999943e+02 1.920753781617430933e+00
2.009000000000000057e+02 1.897644117375760997e+00
2.021999999999999886e+02 1.879513030009275942e+00
2.035000000000000000e+02 1.863135578960189775e+00
2.048000000000000114e+02 1.852938780178268408e+00
2.061999999999999886e+02 1.842650040555618540e+00
2.075000000000000000e+02 1.825144353775873363e+00
2.088000000000000114e+02 1.816285165360740583e+00
2.100999999999999943e+02 1.809541045642657275e+00
2.114000000000000057e+02 1.800490254806968338e+00
2.126999999999999886e+02 1.791327979277850035e+00
2.140999999999999943e+02 1.784369199560375652e+00
2.154000000000000057e+02 1.776641063144021926e+00
2.166999999999999886e+02 1.771286457568852502e+00
2.180000000000000000e+02 1.766421846751910163e+00
2.193000000000000114e+02 1.768397587188965669e+00
2.205999999999999943e+02 1.766251784220777665e+00
2.220000000000000000e+02 1.771678126359647720e+00
2.233000000000000114e+02 1.778058843636115771e+00
2.245999999999999943e+02 1.787867614405346250e+00
2.259000000000000057e+02 1.806196453973162974e+00
2.271999999999999886e+02 1.822582004949813150e+00
2.285000000000000000e+02 1.841693941114238786e+00
2.298000000000000114e+02 1.869303512530319900e+00
2.310999999999999943e+02 1.898118225788954616e+00
2.325000000000000000e+02 1.924652762942877127e+00
2.338000000000000114e+02 1.955739252991948396e+00
2.350999999999999943e+02 1.986897031870720420e+00
2.364000000000000057e+02 2.017684544207595465e+00
2.376999999999999886e+02 2.037323123519707124e+00
2.390000000000000000e+02 2.048191237206140602e+00
2.403000000000000114e+02 2.056099282291612873e+00
2.415999999999999943e+02 2.056011041196556199e+00
2.429000000000000057e+02 2.044114948763436246e+00
2.441999999999999886e+02 2.022570114832805466e+00
2.455000000000000000e+02 1.999018134928519430e+00
2.469000000000000057e+02 1.967260820360824614e+00
2.481999999999999886e+02 1.935665959391365210e+00
2.495000000000000000e+02 1.905008063146510500e+00
2.508000000000000114e+02 1.877585416878544411e+00
2.520999999999999943e+02 1.857682662718508348e+00
2.534000000000000057e+02 1.838317528092518804e+00
2.546999999999999886e+02 1.821332213764557340e+00
2.560000000000000000e+02 1.812333451749054136e+00
2.573000000000000114e+02 1.804591652850498829e+00
2.586000000000000227e+02 1.799108935435270284e+00
2.598999999999999773e+02 1.789668006414289581e+00
2.611999999999999886e+02 1.784543854734534030e+00
2.625000000000000000e+02 1.785022652607687998e+00
2.638000000000000114e+02 1.779367978986210463e+00
2.651000000000000227e+02 1.778009817269961879e+00
2.663999999999999773e+02 1.775125029897834494e+00
2.676999999999999886e+02 1.778900776830330210e+00
2.690000000000000000e+02 1.781487849854071159e+00
2.703000000000000114e+02 1.788591342374509008e+00
2.716000000000000227e+02 1.796189902540347383e+00
2.728999999999999773e+02 1.810728800043256426e+00
2.741999999999999886e+02 1.827150084197822100e+00
2.755000000000000000e+02 1.845908263601363286e+00
2.768000000000000114e+02 1.866266994642514998e+00
2.781000000000000227e+02 1.887655147824472079e+00
2.793999999999999773e+02 1.905957570828338277e+00
2.806999999999999886e+02 1.919215922826380538e+00
2.820000000000000000e+02 1.927753247975131368e+00
2.833000000000000114e+02 1.928815482666286441e+00
2.846000000000000227e+02 1.923721028934761712e+00
2.858999999999999773e+02 1.915532910842514980e+00
2.871999999999999886e+02 1.907563240417804895e+00
2.885000000000000000e+02 1.902526193303653912e+00
2.898000000000000114e+02 1.895524658683587882e+00
2.911000000000000227e+02 1.890064549392044935e+00
2.923999999999999773e+02 1.884052724910543208e+00
2.936999999999999886e+02 1.879879027300549232e+00
2.950000000000000000e+02 1.875888738719969639e+00
2.963000000000000114e+02 1.880173822819939833e+00
2.976000000000000227e+02 1.881613327972687433e+00
2.988999999999999773e+02 1.880577247506393768e+00
3.001999999999999886e+02 1.880391328241218574e+00
3.015000000000000000e+02 1.881069665026395166e+00
3.028000000000000114e+02 1.883348701723265961e+00
3.041000000000000227e+02 1.884639364367393766e+00
3.053999999999999773e+02 1.883902445610502463e+00
3.066000000000000227e+02 1.886105500048577577e+00
3.078999999999999773e+02 1.887862792979329241e+00
3.091999999999999886e+02 1.889818803586588825e+00
3.105000000000000000e+02 1.892560133169559622e+00
3.118000000000000114e+02 1.888738622040027737e+00
3.131000000000000227e+02 1.889464513474820473e+00
3.143999999999999773e+02 1.890962484473406535e+00
3.156999999999999886e+02 1.890989507644281531e+00
3.170000000000000000e+02 1.891196971362709256e+00
3.183000000000000114e+02 1.890597805090182826e+00
3.196000000000000227e+02 1.892232854610964798e+00
3.208000000000000114e+02 1.894273784143619688e+00
3.221000000000000227e+02 1.896147058669765961e+00
3.233999999999999773e+02 1.899826847747839498e+00
3.246999999999999886e+02 1.905758468292546359e+00
3.260000000000000000e+02 1.909763014045585017e+00
3.273000000000000114e+02 1.911599775080937036e+00
3.286000000000000227e+02 1.916070072692955595e+00
3.298999999999999773e+02 1.922010467689631685e+00
3.311000000000000227e+02 1.930204042141181908e+00
3.323999999999999773e+02 1.935326739374793936e+00
3.336999999999999886e+02 1.942489124500430098e+00
3.350000000000000000e+02 1.950010398279230728e+00
3.363000000000000114e+02 1.955874445416220242e+00
3.376000000000000227e+02 1.962157303366954819e+00
3.388999999999999773e+02 1.966423522016275793e+00
3.401000000000000227e+02 1.976741668953270636e+00
3.413999999999999773e+02 1.985531361793132943e+00
3.426999999999999886e+02 1.990171517243494170e+00
3.440000000000000000e+02 1.995809208601344364e+00
3.453000000000000114e+02 2.003599023273744617e+00
3.465000000000000000e+02 2.008138885567311238e+00
3.478000000000000114e+02 2.010491080495612870e+00
3.491000000000000227e+02 2.014061544111972246e+00
3.503999999999999773e+02 2.015799989688280114e+00
3.516999999999999886e+02 2.019627840659977469e+00
3.530000000000000000e+02 2.020792098546331683e+00
3.541999999999999886e+02 2.020576205477596421e+00
3.555000000000000000e+02 2.020984804606314800e+00
3.568000000000000114e+02 2.021318365408653950e+00
3.581000000000000227e+02 2.023789007599317458e+00
3.593999999999999773e+02 2.022426389917850287e+00
3.606000000000000227e+02 2.021757084513063241e+00
3.618999999999999773e+02 2.018599372514683576e+00
3.631999999999999886e+02 2.012225098253842326e+00
3.645000000000000000e+02 2.010439062887474648e+00
3.658000000000000114e+02 2.008337291998457896e+00
3.670000000000000000e+02 2.006140424840696657e+00
3.683000000000000114e+02 2.005753003749105812e+00
3.696000000000000227e+02 2.007056196654381175e+00
3.708999999999999773e+02 2.003151024302723737e+00
3.721000000000000227e+02 2.002617428084947804e+00
3.733999999999999773e+02 2.002280591176533342e+00
3.746999999999999886e+02 2.003581572077123063e+00
3.760000000000000000e+02 1.999976215212495356e+00
3.771999999999999886e+02 1.999312034349828071e+00
3.785000000000000000e+02 1.998512188067063766e+00
3.798000000000000114e+02 1.998513914391699009e+00
3.811000000000000227e+02 1.996975777835135801e+00
3.823000000000000114e+02 1.993501915810285574e+00
3.836000000000000227e+02 1.991751964899584504e+00
3.848999999999999773e+02 1.991705730526738716e+00
3.861999999999999886e+02 1.987186937868853809e+00
3.873999999999999773e+02 1.986008214256407722e+00
3.886999999999999886e+02 1.982231774323508944e+00
3.900000000000000000e+02 1.980567946414852010e+00
3.911999999999999886e+02 1.979602096286377400e+00
3.925000000000000000e+02 1.979340302293863818e+00
3.938000000000000114e+02 1.978531016806335030e+00
3.951000000000000227e+02 1.979827716318520281e+00
3.963000000000000114e+02 1.980733477887826055e+00
3.976000000000000227e+02 1.981301716567031246e+00
3.988999999999999773e+02 1.981160183982737966e+00
4.001000000000000227e+02 1.982389202433896713e+00
4.013999999999999773e+02 1.982311555904249234e+00
4.026999999999999886e+02 1.981905595294879863e+00
4.038999999999999773e+02 1.982448490223018167e+00
4.051999999999999886e+02 1.982224357087470024e+00
4.065000000000000000e+02 1.982070045897191157e+00
4.076999999999999886e+02 1.982273335863593555e+00
4.090000000000000000e+02 1.984152951276088483e+00
4.103000000000000114e+02 1.987589851330873181e+00
4.115000000000000000e+02 1.991229537378178316e+00
4.128000000000000114e+02 1.995234257053149607e+00
4.141000000000000227e+02 2.003047664271627060e+00
4.153000000000000114e+02 2.009413635041005008e+00
4.166000000000000227e+02 2.022636145101930794e+00
4.178999999999999773e+02 2.036561818659242462e+00
4.191000000000000227e+02 2.053796194654571750e+00
4.203999999999999773e+02 2.072877376438313490e+00
4.216999999999999886e+02 2.087266055029059153e+00
4.228999999999999773e+02 2.100128219736917767e+00
4.241999999999999886e+02 2.110249892548083928e+00
4.255000000000000000e+02 2.119264927260185338e+00
4.266999999999999886e+02 2.125224320716200932e+00
4.280000000000000000e+02 2.128117444198233343e+00
4.291999999999999886e+02 2.132928910126340671e+00
4.305000000000000000e+02 2.133416164358779454e+00
4.318000000000000114e+02 2.128731053449961497e+00
4.330000000000000000e+02 2.116526117087745629e+00
4.343000000000000114e+02 2.104527539100326639e+00
4.355000000000000000e+02 2.088737574827298715e+00
4.368000000000000114e+02 2.077915040486103315e+00
4.381000000000000227e+02 2.068443975923285993e+00
4.393000000000000114e+02 2.061998030300642437e+00
4.406000000000000227e+02 2.059449968157032629e+00
4.418000000000000114e+02 2.061627602651187274e+00
4.431000000000000227e+02 2.074941043378065508e+00
4.443999999999999773e+02 2.090752703367242393e+00
4.456000000000000227e+02 2.114309731602052267e+00
4.468999999999999773e+02 2.143710297797978725e+00
4.481000000000000227e+02 2.176405266864299470e+00
4.493999999999999773e+02 2.211384772465421200e+00
4.506999999999999886e+02 2.240211129861382933e+00
4.518999999999999773e+02 2.263080014512588445e+00
4.531999999999999886e+02 2.272062683796699289e+00
4.543999999999999773e+02 2.270524329912705142e+00
4.556999999999999886e+02 2.262030333496956480e+00
4.568999999999999773e+02 2.246811681481750256e+00
4.581999999999999886e+02 2.229643802544431175e+00
4.593999999999999773e+02 2.205471640015370660e+00
4.606999999999999886e+02 2.179566611425360012e+00
4.620000000000000000e+02 2.151189523864329267e+00
4.631999999999999886e+02 2.124060534345319606e+00
4.645000000000000000e+02 2.098014708442852871e+00
4.656999999999999886e+02 2.075026088352120990e+00
4.670000000000000000e+02 2.052167603944786922e+00
4.681999999999999886e+02 2.034577235354366298e+00
4.695000000000000000e+02 2.024053770413870801e+00
4.706999999999999886e+02 2.011225046843032604e+00
4.720000000000000000e+02 2.004474123319050172e+00
4.731999999999999886e+02 1.999896400835774246e+00
4.745000000000000000e+02 1.995449700050953679e+00
4.756999999999999886e+02 1.991112500043251243e+00
4.770000000000000000e+02 1.989073494662690900e+00
4.781999999999999886e+02 1.986227792992465435e+00
4.795000000000000000e+02 1.986327180321298735e+00
4.806999999999999886e+02 1.987610129259862246e+00
4.820000000000000000e+02 1.989146534438566372e+00
4.831999999999999886e+02 1.994404359778766178e+00
4.845000000000000000e+02 1.997987845055886780e+00
4.856999999999999886e+02 2.004467274166179980e+00
4.870000000000000000e+02 2.013963742866991868e+00
4.881999999999999886e+02 2.021550903071188454e+00
4.895000000000000000e+02 2.029742985289367141e+00
4.906999999999999886e+02 2.039408685809587229e+00
4.920000000000000000e+02 2.054590980957035740e+00
4.931999999999999886e+02 2.064503419511005688e+00
4.945000000000000000e+02 2.072788209720703545e+00
4.956999999999999886e+02 2.083765947667156393e+00
4.970000000000000000e+02 2.088559736363867714e+00
4.981999999999999886e+02 2.091323337847469155e+00
4.993999999999999773e+02 2.090258601007017880e+00
5.006999999999999886e+02 2.083523992038561090e+00
5.018999999999999773e+02 2.067419200689739167e+00
5.031999999999999886e+02 2.045918536440827218e+00
5.043999999999999773e+02 2.025680670322974386e+00
5.056999999999999886e+02 2.003995499316188589e+00
5.068999999999999773e+02 1.984560684646856199e+00
5.081999999999999886e+02 1.964278532476620986e+00
5.093999999999999773e+02 1.946302748916370673e+00
5.106000000000000227e+02 1.931751820394475905e+00
5.118999999999999773e+02 1.917340948444024473e+00
5.131000000000000227e+02 1.905293734156188190e+00
5.143999999999999773e+02 1.895437328322431725e+00
5.156000000000000227e+02 1.887166322901724813e+00
5.168999999999999773e+02 1.881543964949285552e+00
5.181000000000000227e+02 1.879365590724161539e+00
5.192999999999999545e+02 1.876152835486533554e+00
5.206000000000000227e+02 1.873910358704249823e+00
5.217999999999999545e+02 1.873146723517251422e+00
5.231000000000000227e+02 1.873346907492980273e+00
5.242999999999999545e+02 1.876133575092634009e+00
5.255000000000000000e+02 1.879666769452104091e+00
5.267999999999999545e+02 1.888382924989113532e+00
5.280000000000000000e+02 1.898505660393113414e+00
5.292999999999999545e+02 1.908543509546200667e+00
5.305000000000000000e+02 1.922353134005398756e+00
5.317000000000000455e+02 1.928434612586178876e+00
5.330000000000000000e+02 1.928260003998317984e+00
5.342000000000000455e+02 1.919205243253049531e+00
5.353999999999999773e+02 1.905439667761405165e+00
5.367000000000000455e+02 1.897014083438057330e+00
5.378999999999999773e+02 1.888533787325048507e+00
5.392000000000000455e+02 1.881126288636256083e+00
5.403999999999999773e+02 1.873158651937997243e+00
5.416000000000000227e+02 1.867347656359199970e+00
5.428999999999999773e+02 1.859702330550927485e+00
5.441000000000000227e+02 1.854483293136134581e+00
5.452999999999999545e+02 1.852340212407725950e+00
5.466000000000000227e+02 1.850625187565980045e+00
5.477999999999999545e+02 1.851694949944454605e+00
5.490000000000000000e+02 1.849101939378634984e+00
5.502999999999999545e+02 1.847735003567531287e+00
5.515000000000000000e+02 1.847714642284290720e+00
5.527000000000000455e+02 1.848286868040798225e+00
5.540000000000000000e+02 1.846724339030481499e+00
5.552000000000000455e+02 1.846213400341110589e+00
5.563999999999999773e+02 1.844907201926210716e+00
5.577000000000000455e+02 1.844528283616881481e+00
5.588999999999999773e+02 1.846558490457133717e+00
5.601000000000000227e+02 1.844669158015805666e+00
5.613999999999999773e+02 1.845957910154732984e+00
5.626000000000000227e+02 1.846525712080441251e+00
5.637999999999999545e+02 1.851264453558027379e+00
5.650000000000000000e+02 1.852843235613203632e+00
5.662999999999999545e+02 1.857331519507757545e+00
5.675000000000000000e+02 1.859332120833521174e+00
5.687000000000000455e+02 1.864109411307393049e+00
5.700000000000000000e+02 1.867196089650233093e+00
5.712000000000000455e+02 1.869530111675308248e+00
5.723999999999999773e+02 1.869725179283874938e+00
5.736000000000000227e+02 1.873921597288229268e+00
5.748999999999999773e+02 1.874375617063049448e+00
5.761000000000000227e+02 1.873060310440171961e+00
5.772999999999999545e+02 1.873384228938329565e+00
5.786000000000000227e+02 1.871690365100379561e+00
5.797999999999999545e+02 1.870993320312394959e+00
5.810000000000000000e+02 1.870333184792153824e+00
5.822000000000000455e+02 1.867648457050410826e+00
5.835000000000000000e+02 1.866651393221029576e+00
5.847000000000000455e+02 1.861285823460855804e+00
5.858999999999999773e+02 1.856514917554888511e+00
5.871000000000000227e+02 1.852046911860830036e+00
5.883999999999999773e+02 1.849586423615279029e+00
5.896000000000000227e+02 1.847394038154978491e+00
5.907999999999999545e+02 1.847292712244438251e+00
5.920000000000000000e+02 1.846791265373519453e+00
5.932999999999999545e+02 1.849495972515900144e+00
5.945000000000000000e+02 1.855356271344004160e+00
5.957000000000000455e+02 1.859476507247141974e+00
5.968999999999999773e+02 1.862888019748256463e+00
5.981000000000000227e+02 1.867108174170928558e+00
5.993999999999999773e+02 1.870998575921703821e+00
6.006000000000000227e+02 1.872939505334145327e+00
6.017999999999999545e+02 1.873904450413528711e+00
6.030000000000000000e+02 1.873166453451800662e+00
6.042999999999999545e+02 1.873057020448439136e+00
6.055000000000000000e+02 1.873258664907692328e+00
6.067000000000000455e+02 1.873749090823957797e+00
6.078999999999999773e+02 1.877564798973162974e+00
6.091000000000000227e+02 1.882849239023489663e+00
6.103999999999999773e+02 1.888259163659897322e+00
6.116000000000000227e+02 1.896183977818444832e+00
6.127999999999999545e+02 1.904605271264026234e+00
6.140000000000000000e+02 1.914668808252456333e+00
6.152000000000000455e+02 1.924444927999010124e+00
6.165000000000000000e+02 1.929335302853625311e+00
6.177000000000000455e+02 1.928131251902794885e+00
6.188999999999999773e+02 1.925033396704358024e+00
6.201000000000000227e+02 1.916566008373005170e+00
6.212999999999999545e+02 1.902930858407304804e+00
6.225000000000000000e+02 1.893005187618545415e+00
6.237999999999999545e+02 1.881005219166112408e+00
6.250000000000000000e+02 1.876148832982838854e+00
6.262000000000000455e+02 1.870931593434988160e+00
6.273999999999999773e+02 1.870550554251066755e+00
6.286000000000000227e+02 1.872523405538303987e+00
6.297999999999999545e+02 1.873787053219969412e+00
6.310000000000000000e+02 1.876840007074441763e+00
6.322999999999999545e+02 1.883516896447705147e+00
6.335000000000000000e+02 1.890991278148758115e+00
6.347000000000000455e+02 1.896924277731163233e+00
6.358999999999999773e+02 1.899537444661397734e+00
6.371000000000000227e+02 1.902320819650717532e+00
6.382999999999999545e+02 1.899209370687626075e+00
6.395000000000000000e+02 1.892538645380253293e+00
6.407999999999999545e+02 1.884889623848869489e+00
6.420000000000000000e+02 1.875619411593933306e+00
6.432000000000000455e+02 1.865040037745584689e+00
6.443999999999999773e+02 1.852827406352140382e+00
6.456000000000000227e+02 1.842806982369945112e+00
6.467999999999999545e+02 1.836327709192303592e+00
6.480000000000000000e+02 1.833415656989810572e+00
6.492000000000000455e+02 1.833341363151328451e+00
6.503999999999999773e+02 1.832119562119857159e+00
6.517000000000000455e+02 1.831607557883385251e+00
6.528999999999999773e+02 1.831833071886446840e+00
6.541000000000000227e+02 1.832925059463075046e+00
6.552999999999999545e+02 1.832713149005487985e+00
6.565000000000000000e+02 1.833693002964661867e+00
6.577000000000000455e+02 1.837197744979796932e+00
6.588999999999999773e+02 1.846158284439510355e+00
6.601000000000000227e+02 1.855938454471768750e+00
6.612999999999999545e+02 1.867604317920192214e+00
6.625000000000000000e+02 1.882883549691983127e+00
6.637000000000000455e+02 1.895935233862003688e+00
6.650000000000000000e+02 1.898808804337966283e+00
6.662000000000000455e+02 1.904020910417490997e+00
6.673999999999999773e+02 1.905721260245821114e+00
6.686000000000000227e+02 1.905755378357563146e+00
6.697999999999999545e+02 1.908149077308923580e+00
6.710000000000000000e+02 1.905888535637320969e+00
6.722000000000000455e+02 1.908843894334231184e+00
6.733999999999999773e+02 1.906491958222021887e+00
6.746000000000000227e+02 1.901405663532033774e+00
6.757999999999999545e+02 1.895622076979349035e+00
6.770000000000000000e+02 1.891718467056311415e+00
6.782000000000000455e+02 1.883932911261137599e+00
6.793999999999999773e+02 1.871576389296804477e+00
6.806000000000000227e+02 1.864455780027206799e+00
6.817999999999999545e+02 1.853183570571437899e+00
6.830000000000000000e+02 1.843754614337057784e+00
6.842000000000000455e+02 1.835758388059952395e+00
6.853999999999999773e+02 1.830682839074688317e+00
6.866000000000000227e+02 1.826417732444040487e+00
6.877999999999999545e+02 1.820869569663591037e+00
6.890000000000000000e+02 1.817261766010024537e+00
6.902000000000000455e+02 1.813212545441009071e+00
6.913999999999999773e+02 1.808265049202731678e+00
6.926000000000000227e+02 1.805273119575699470e+00
6.937999999999999545e+02 1.802990018309401421e+00
6.950000000000000000e+02 1.803072531792451638e+00
6.962000000000000455e+02 1.800260961619973843e+00
6.973999999999999773e+02 1.800089246934461373e+00
6.986000000000000227e+02 1.796753875448258375e+00
6.997999999999999545e+02 1.797307401054418996e+00
7.010000000000000000e+02 1.791609351255088134e+00
7.022000000000000455e+02 1.788188729166821700e+00
7.033999999999999773e+02 1.786818854224820452e+00
7.046000000000000227e+02 1.786934990793394462e+00
7.057999999999999545e+02 1.786468528632750186e+00
7.070000000000000000e+02 1.786292730225620184e+00
7.082000000000000455e+02 1.784303253536975165e+00
7.093999999999999773e+02 1.786010013087064197e+00
7.106000000000000227e+02 1.785101257503038941e+00
7.117999999999999545e+02 1.785539599524579746e+00
7.130000000000000000e+02 1.789593691137482567e+00
7.142000000000000455e+02 1.789252246904257548e+00
7.153999999999999773e+02 1.789993699568463104e+00
7.166000000000000227e+02 1.791934035610390996e+00
7.177999999999999545e+02 1.791863808670664859e+00
7.190000000000000000e+02 1.793400513156312881e+00
7.202000000000000455e+02 1.798129441774013015e+00
7.213999999999999773e+02 1.803364021318432764e+00
7.226000000000000227e+02 1.807544838224180772e+00
7.237999999999999545e+02 1.810311857262593360e+00
7.250000000000000000e+02 1.814091346059568677e+00
7.262000000000000455e+02 1.818763969857899232e+00
7.272999999999999545e+02 1.827473274901494582e+00
7.285000000000000000e+02 1.834869020811499718e+00
7.297000000000000455e+02 1.846831853495347175e+00
7.308999999999999773e+02 1.862564141185119260e+00
7.321000000000000227e+02 1.881815028203727813e+00
7.332999999999999545e+02 1.904829383504458074e+00
7.345000000000000000e+02 1.932230985897464004e+00
7.357000000000000455e+02 1.974502292821057159e+00
7.368999999999999773e+02 2.017250518264636305e+00
7.381000000000000227e+02 2.071069474427799761e+00
7.392999999999999545e+02 2.127300169736471958e+00
7.405000000000000000e+02 2.180074435105940012e+00
7.416000000000000227e+02 2.225513571668161994e+00
7.427999999999999545e+02 2.264349660300461586e+00
7.440000000000000000e+02 2.291223270515604149e+00
7.452000000000000455e+02 2.320545450695044476e+00
7.463999999999999773e+02 2.327995978175922076e+00
7.476000000000000227e+02 2.319187254002483822e+00
7.487999999999999545e+02 2.293914491958188862e+00
7.500000000000000000e+02 2.257790776245355957e+00
7.511000000000000227e+02 2.221328461498456086e+00
7.522999999999999545e+02 2.186319785813244820e+00
7.535000000000000000e+02 2.155421260619018398e+00
7.547000000000000455e+02 2.135563370892502810e+00
7.558999999999999773e+02 2.115652574496794003e+00
7.571000000000000227e+02 2.085697911332961674e+00
7.582999999999999545e+02 2.053557970413395495e+00
7.595000000000000000e+02 2.027350517081595527e+00
7.606000000000000227e+02 2.007710158139865975e+00
7.617999999999999545e+02 1.995193752059277070e+00
7.630000000000000000e+02 1.989876071591436757e+00
7.642000000000000455e+02 1.993550108260131015e+00
7.653999999999999773e+02 1.997280410406251150e+00
7.666000000000000227e+02 2.003658108114564129e+00
7.677000000000000455e+02 2.011776436609081120e+00
7.688999999999999773e+02 2.019798322159864323e+00
7.701000000000000227e+02 2.027229347096500156e+00
7.712999999999999545e+02 2.029652813249385179e+00
7.725000000000000000e+02 2.029499956740346445e+00
7.737000000000000455e+02 2.022923360330919351e+00
7.747999999999999545e+02 2.013100088789286701e+00
7.760000000000000000e+02 1.998090744471617164e+00
7.772000000000000455e+02 1.984853377823292853e+00
7.783999999999999773e+02 1.977968773306744810e+00
7.796000000000000227e+02 1.975123046789525771e+00
7.807999999999999545e+02 1.975044200721199017e+00
7.818999999999999773e+02 1.984029391340579096e+00
7.831000000000000227e+02 2.002381629164451837e+00
7.842999999999999545e+02 2.025403522702537540e+00
7.855000000000000000e+02 2.047756361384343915e+00
7.867000000000000455e+02 2.058660526596826745e+00
7.877999999999999545e+02 2.057821255095111379e+00
7.890000000000000000e+02 2.043202857571448039e+00
7.902000000000000455e+02 2.013204929503597640e+00
7.913999999999999773e+02 1.981817584785710462e+00
7.926000000000000227e+02 1.954614400388334339e+00
7.937000000000000455e+02 1.932221379571144482e+00
7.948999999999999773e+02 1.918419049217797046e+00
7.961000000000000227e+02 1.910323456693270083e+00
7.972999999999999545e+02 1.902338750404908518e+00
7.983999999999999773e+02 1.895088588364747917e+00
7.996000000000000227e+02 1.892896595555424000e+00
8.007999999999999545e+02 1.890974278420206600e+00
8.020000000000000000e+02 1.893658849255176024e+00
8.031000000000000227e+02 1.892029955613786285e+00
8.042999999999999545e+02 1.895914777577676125e+00
8.055000000000000000e+02 1.897590467414926430e+00
8.067000000000000455e+02 1.897541259679891512e+00
8.077999999999999545e+02 1.895863647776014682e+00
8.090000000000000000e+02 1.894537963735389408e+00
8.102000000000000455e+02 1.898211532523085499e+00
8.113999999999999773e+02 1.902635618425269293e+00
8.125000000000000000e+02 1.906316723230126575e+00
8.137000000000000455e+02 1.912828506592064270e+00
8.148999999999999773e+02 1.920196951058715795e+00
8.161000000000000227e+02 1.937141812665434504e+00
8.172000000000000455e+02 1.957936649002104623e+00
8.183999999999999773e+02 1.985939432377559655e+00
8.196000000000000227e+02 2.027003055200541581e+00
8.207999999999999545e+02 2.078355632912904927e+00
8.218999999999999773e+02 2.129625834009759799e+00
8.231000000000000227e+02 2.190118227927883243e+00
8.242999999999999545e+02 2.246103587731053342e+00
8.253999999999999773e+02 2.294872304201546420e+00
8.266000000000000227e+02 2.325515780358349716e+00
8.277999999999999545e+02 2.336524517673198353e+00
8.290000000000000000e+02 2.319733671618421589e+00
8.301000000000000227e+02 2.270744274157431963e+00
8.312999999999999545e+02 2.195652816699653620e+00
8.325000000000000000e+02 2.110629395588803803e+00
8.336000000000000227e+02 2.025667001533981715e+00
8.347999999999999545e+02 1.961011628591031730e+00
8.360000000000000000e+02 1.911587912193495775e+00
8.371000000000000227e+02 1.879287990102379569e+00
8.382999999999999545e+02 1.854441430740244590e+00
8.395000000000000000e+02 1.840446530883225185e+00
8.406000000000000227e+02 1.833500578777093937e+00
8.417999999999999545e+02 1.827208438295657489e+00
8.430000000000000000e+02 1.822447157559010877e+00
8.441000000000000227e+02 1.820833315376324979e+00
8.452999999999999545e+02 1.821809932586390124e+00
8.465000000000000000e+02 1.821920532031457318e+00
8.476000000000000227e+02 1.825983907994052968e+00
8.487999999999999545e+02 1.829049975821727125e+00
8.500000000000000000e+02 1.830922383294727229e+00
8.511000000000000227e+02 1.831027208538212658e+00
8.522999999999999545e+02 1.832447126454024078e+00
8.535000000000000000e+02 1.835133095560247840e+00
8.546000000000000227e+02 1.834510551554829894e+00
8.557999999999999545e+02 1.834503285023352248e+00
8.570000000000000000e+02 1.835961464228072826e+00
8.581000000000000227e+02 1.839017738800722279e+00
8.592999999999999545e+02 1.838893614509956143e+00
8.605000000000000000e+02 1.838698075526422171e+00
8.616000000000000227e+02 1.839053969114232245e+00
8.627999999999999545e+02 1.840904984523934695e+00
8.638999999999999773e+02 1.843681140153941245e+00
8.651000000000000227e+02 1.845729871512323372e+00
8.662999999999999545e+02 1.845111308808276007e+00
8.673999999999999773e+02 1.849567842126998540e+00
8.686000000000000227e+02 1.853036765116778950e+00
8.697999999999999545e+02 1.858735888623341603e+00
8.708999999999999773e+02 1.867497990852237111e+00
8.721000000000000227e+02 1.877099586693470989e+00
8.732000000000000455e+02 1.891017136976572033e+00
8.743999999999999773e+02 1.906389984781931668e+00
8.756000000000000227e+02 1.923231861197194803e+00
8.767000000000000455e+02 1.941044654167746852e+00
8.778999999999999773e+02 1.955764067948395191e+00
8.790000000000000000e+02 1.963468914652219510e+00
8.802000000000000455e+02 1.968926734952153534e+00
8.813999999999999773e+02 1.968717176713906003e+00
8.825000000000000000e+02 1.964440262672459525e+00
8.837000000000000455e+02 1.959535335961125169e+00
8.847999999999999545e+02 1.950259966062729777e+00
8.860000000000000000e+02 1.936319684613338366e+00
8.871000000000000227e+02 1.918509618664052674e+00
8.882999999999999545e+02 1.902199649296289152e+00
8.895000000000000000e+02 1.880636938985033701e+00
8.906000000000000227e+02 1.862534346576793176e+00
8.917999999999999545e+02 1.847205557948913723e+00
8.928999999999999773e+02 1.835456088228208715e+00
8.941000000000000227e+02 1.825230332194842431e+00
8.952000000000000455e+02 1.817427333165037462e+00
8.963999999999999773e+02 1.810034260108431159e+00
8.976000000000000227e+02 1.808336914374141902e+00
8.987000000000000455e+02 1.805145481173744404e+00
8.998999999999999773e+02 1.802954987029395939e+00
9.010000000000000000e+02 1.802122281434557660e+00
9.022000000000000455e+02 1.798534391980384894e+00
9.032999999999999545e+02 1.798754669836512887e+00
9.045000000000000000e+02 1.800127599097729680e+00
9.056000000000000227e+02 1.799234461333608204e+00
9.067999999999999545e+02 1.797135073078705458e+00
9.078999999999999773e+02 1.796718359736686033e+00
9.091000000000000227e+02 1.794858104409744914e+00
9.102000000000000455e+02 1.795292377144972473e+00
9.113999999999999773e+02 1.796674479774925892e+00
9.126000000000000227e+02 1.798546289066605963e+00
9.137000000000000455e+02 1.802627008371403772e+00
9.148999999999999773e+02 1.801855381572302628e+00
9.160000000000000000e+02 1.805478994204636312e+00
9.172000000000000455e+02 1.810605205388090333e+00
9.182999999999999545e+02 1.812320783724264972e+00
9.195000000000000000e+02 1.813711808586148999e+00
9.206000000000000227e+02 1.819599448513125939e+00
9.217999999999999545e+02 1.821877442551347537e+00
9.228999999999999773e+02 1.824803429899233498e+00
9.241000000000000227e+02 1.827025116606029176e+00
9.252000000000000455e+02 1.826401095801958974e+00
9.263999999999999773e+02 1.826663967782230724e+00
9.275000000000000000e+02 1.824760670697133547e+00
9.287000000000000455e+02 1.821116823316664801e+00
9.297999999999999545e+02 1.820070379795469151e+00
9.310000000000000000e+02 1.818504675110046653e+00
9.321000000000000227e+02 1.815912590682988048e+00
9.332999999999999545e+02 1.814593164506180578e+00
9.343999999999999773e+02 1.813655243234202796e+00
9.355000000000000000e+02 1.811229846410810307e+00
9.367000000000000455e+02 1.810014831557002157e+00
9.377999999999999545e+02 1.807295480611644134e+00
9.390000000000000000e+02 1.805508511156908025e+00
9.401000000000000227e+02 1.804020989485934701e+00
9.412999999999999545e+02 1.801934215994307253e+00
9.423999999999999773e+02 1.799859417328362854e+00
9.436000000000000227e+02 1.799442833081798865e+00
9.447000000000000455e+02 1.797440363735208768e+00
9.458999999999999773e+02 1.796711143928174659e+00
9.470000000000000000e+02 1.793616795504633155e+00
9.481000000000000227e+02 1.792765724143411399e+00
9.492999999999999545e+02 1.793235904353558618e+00
9.503999999999999773e+02 1.795432084160846209e+00
9.516000000000000227e+02 1.798284976833867566e+00
9.527000000000000455e+02 1.799201521918986524e+00
9.538999999999999773e+02 1.800983980033438403e+00
9.550000000000000000e+02 1.806150019150394526e+00
9.562000000000000455e+02 1.811727455456478619e+00
9.572999999999999545e+02 1.817378549615853878e+00
9.583999999999999773e+02 1.823864801519391454e+00
9.596000000000000227e+02 1.831357055331557682e+00
9.607000000000000455e+02 1.837763627144721079e+00
9.618999999999999773e+02 1.845277248413881521e+00
9.630000000000000000e+02 1.850118988600050862e+00
9.641000000000000227e+02 1.851981522962703464e+00
9.652999999999999545e+02 1.851534166967649941e+00
9.663999999999999773e+02 1.850938866454753695e+00
9.676000000000000227e+02 1.853015120963795948e+00
9.687000000000000455e+02 1.850291429214409700e+00
9.697999999999999545e+02 1.846511218867814552e+00
9.710000000000000000e+02 1.843550419578573241e+00
9.721000000000000227e+02 1.844518104341029030e+00
9.732999999999999545e+02 1.844665712262413049e+00
9.743999999999999773e+02 1.842578314997524780e+00
9.755000000000000000e+02 1.842262865177729747e+00
9.767000000000000455e+02 1.838550404177367703e+00
9.777999999999999545e+02 1.837980883521493913e+00
9.790000000000000000e+02 1.839828388083547317e+00
9.801000000000000227e+02 1.843520778446389397e+00
9.812000000000000455e+02 1.844804136762479452e+00
9.823999999999999773e+02 1.848839577349034480e+00
9.835000000000000000e+02 1.852163080750796498e+00
9.846000000000000227e+02 1.860208949569778003e+00
9.857999999999999545e+02 1.870419666922995994e+00
9.868999999999999773e+02 1.877941870440601457e+00
9.881000000000000227e+02 1.889600711985623294e+00
9.892000000000000455e+02 1.903258341122723074e+00
9.893999999999999773e+02 1.912710978919748728e+00
9.902999999999999545e+02 1.921691036730812652e+00
9.905000000000000000e+02 1.936386360307591481e+00
9.915000000000000000e+02 1.945973900689172753e+00
9.917000000000000455e+02 1.960060037962892077e+00
9.926000000000000227e+02 1.968805726459468941e+00
9.927999999999999545e+02 1.987767353529709791e+00
9.937000000000000455e+02 1.997030123723932293e+00
9.940000000000000000e+02 2.015949217673115523e+00
9.948999999999999773e+02 2.028439198224163409e+00
9.951000000000000227e+02 2.048357370910392383e+00
9.960000000000000000e+02 2.061183191425206118e+00
9.962999999999999545e+02 2.074845183166609264e+00
9.971000000000000227e+02 2.089573993362276561e+00
9.973999999999999773e+02 2.098258655816402030e+00
9.982999999999999545e+02 2.110480626630535372e+00
9.986000000000000227e+02 2.110233867280189468e+00
9.993999999999999773e+02 2.122301361341881965e+00
9.997000000000000455e+02 2.114011423783905386e+00
1.000500000000000000e+03 2.128302022913808322e+00
1.000899999999999977e+03 2.110187186663710079e+00
1.001700000000000045e+03 2.116047331636063511e+00
1.002000000000000000e+03 2.093472247999218716e+00
1.002799999999999955e+03 2.097155129755946312e+00
1.003200000000000045e+03 2.075546741213529778e+00
1.003899999999999977e+03 2.076718485853617846e+00
1.004299999999999955e+03 2.058117551599114137e+00
1.005100000000000023e+03 2.055712097870993738e+00
1.005500000000000000e+03 2.049356933962477534e+00
1.006200000000000045e+03 2.047106682533069488e+00
1.006600000000000023e+03 2.046800847426542447e+00
1.007299999999999955e+03 2.045477988800506797e+00
1.007799999999999955e+03 2.042944152519905909e+00
1.008500000000000000e+03 2.045525752427610922e+00
1.008899999999999977e+03 2.039514055104651558e+00
1.009600000000000023e+03 2.042974359916543747e+00
1.010000000000000000e+03 2.027996618561995756e+00
1.010700000000000045e+03 2.035118855702749308e+00
1.011200000000000045e+03 2.011205033075990745e+00
1.011899999999999977e+03 2.013530215346827301e+00
1.012299999999999955e+03 1.980178342147754789e+00
1.013000000000000000e+03 1.982949747931119999e+00
1.013500000000000000e+03 1.948268150414951938e+00
1.014100000000000023e+03 1.949204901247573840e+00
1.014600000000000023e+03 1.920175575241686916e+00
1.015299999999999955e+03 1.918387759353961330e+00
1.015799999999999955e+03 1.897028546785153535e+00
1.016399999999999977e+03 1.894403499643845912e+00
1.016899999999999977e+03 1.875869218555356710e+00
1.017500000000000000e+03 1.876597183643083699e+00
1.018100000000000023e+03 1.863729007347243893e+00
1.018600000000000023e+03 1.866776930421739866e+00
1.019200000000000045e+03 1.855141819235888168e+00
1.019799999999999955e+03 1.855457753054967407e+00
1.020299999999999955e+03 1.849587971538246611e+00
1.020899999999999977e+03 1.849433693256157474e+00
1.021500000000000000e+03 1.842335706464875988e+00
1.022000000000000000e+03 1.845787698009735411e+00
1.022600000000000023e+03 1.839987045156605605e+00
1.023200000000000045e+03 1.842636172441948661e+00
1.023799999999999955e+03 1.838196892890495038e+00
1.024299999999999955e+03 1.839337055120116471e+00
1.024900000000000091e+03 1.834739070175206432e+00
1.025400000000000091e+03 1.836924459059300130e+00
1.026000000000000000e+03 1.830824883320696594e+00
1.026500000000000000e+03 1.834638046962697500e+00
1.027200000000000045e+03 1.831078572738333632e+00
1.027700000000000045e+03 1.833016436252371317e+00
1.028299999999999955e+03 1.829070680600129117e+00
1.028799999999999955e+03 1.832502049064101746e+00
1.029500000000000000e+03 1.830341771581980970e+00
1.029900000000000091e+03 1.831132434606206782e+00
1.030599999999999909e+03 1.826615559053023974e+00
1.031099999999999909e+03 1.832318266208902813e+00
1.031700000000000045e+03 1.829973159817248840e+00
1.032200000000000045e+03 1.831942967653336307e+00
1.032900000000000091e+03 1.830109875285752530e+00
1.033299999999999955e+03 1.829963451732553148e+00
1.034000000000000000e+03 1.827783987137810984e+00
1.034400000000000091e+03 1.831269932451049964e+00
1.035200000000000045e+03 1.829155713713219278e+00
1.035599999999999909e+03 1.830894115533325150e+00
1.036299999999999955e+03 1.829002537499438308e+00
1.036700000000000045e+03 1.832028321903316659e+00
1.037400000000000091e+03 1.830333160401552917e+00
1.037799999999999955e+03 1.829609995415907076e+00
1.038599999999999909e+03 1.828528314095460905e+00
1.038900000000000091e+03 1.829840955545632752e+00
1.039700000000000045e+03 1.824430814097515174e+00
1.040099999999999909e+03 1.829089620925614668e+00
1.040799999999999955e+03 1.825750664469344420e+00
1.041200000000000045e+03 1.830208959762926746e+00
1.042000000000000000e+03 1.822394428850586223e+00
1.042299999999999955e+03 1.825094870736440056e+00
1.043099999999999909e+03 1.820050666997097499e+00
1.043400000000000091e+03 1.821644982259588152e+00
1.044299999999999955e+03 1.815772704939582649e+00
1.044599999999999909e+03 1.821065636254749709e+00
1.045400000000000091e+03 1.813665099605959341e+00
1.045700000000000045e+03 1.815452729083457672e+00
1.046500000000000000e+03 1.809413504577567222e+00
1.046799999999999955e+03 1.811955511304007116e+00
1.047700000000000045e+03 1.804372163330402845e+00
1.047900000000000091e+03 1.809120602407384482e+00
1.048799999999999955e+03 1.803695288107046046e+00
1.049099999999999909e+03 1.805898371653666290e+00
1.049900000000000091e+03 1.803239052042863833e+00
1.050200000000000045e+03 1.803760371579320454e+00
1.051099999999999909e+03 1.799581900671213930e+00
1.051299999999999955e+03 1.802045062409709519e+00
1.052200000000000045e+03 1.800430335338896848e+00
1.052400000000000091e+03 1.803800346214321504e+00
1.053299999999999955e+03 1.799629013097476138e+00
1.053500000000000000e+03 1.800647043287625815e+00
1.054500000000000000e+03 1.796746490454767642e+00
1.054700000000000045e+03 1.799728810580198068e+00
1.055599999999999909e+03 1.796171828617044275e+00
1.055799999999999955e+03 1.800316773505440393e+00
1.056700000000000045e+03 1.795638419918090811e+00
1.056900000000000091e+03 1.796146932560360510e+00
1.057900000000000091e+03 1.794790351287933960e+00
1.058000000000000000e+03 1.799038777387099497e+00
1.059000000000000000e+03 1.795208795670173885e+00
1.059200000000000045e+03 1.798367718574519269e+00
1.060099999999999909e+03 1.796272761763440862e+00
1.060299999999999955e+03 1.797641995238165480e+00
1.061299999999999955e+03 1.795292379270569061e+00
1.061400000000000091e+03 1.798783481308900978e+00
1.062400000000000091e+03 1.797533291202678907e+00
1.062500000000000000e+03 1.799724548770349486e+00
1.063500000000000000e+03 1.798169052469049456e+00
1.063599999999999909e+03 1.802193949082828706e+00
1.064700000000000045e+03 1.800471469470201757e+00
1.064799999999999955e+03 1.801795042614840803e+00
1.065799999999999955e+03 1.801031335552789603e+00
1.065900000000000091e+03 1.802756663544067495e+00
1.066900000000000091e+03 1.798557728153014290e+00
1.067000000000000000e+03 1.802546066702271244e+00
1.068000000000000000e+03 1.798628177167629127e+00
1.068099999999999909e+03 1.801037838859635976e+00
1.069200000000000045e+03 1.800236430752181427e+00
1.070299999999999955e+03 1.797794124227218848e+00
1.070400000000000091e+03 1.799841856293470599e+00
1.071400000000000091e+03 1.799012799996941636e+00
1.071500000000000000e+03 1.803583948420875327e+00
1.072599999999999909e+03 1.802556652079720267e+00
1.073700000000000045e+03 1.802658871254431583e+00
1.074799999999999955e+03 1.804219539314068754e+00
1.075900000000000091e+03 1.804616177770145047e+00
1.077099999999999909e+03 1.805599386496636205e+00
1.078200000000000045e+03 1.808032309578722518e+00
1.079299999999999955e+03 1.813695683401054470e+00
1.080400000000000091e+03 1.817413841983834821e+00
1.080500000000000000e+03 1.816664572505096942e+00
1.081500000000000000e+03 1.819056381423333590e+00
1.081599999999999909e+03 1.820463445882091635e+00
1.082599999999999909e+03 1.823526739169636146e+00
1.082700000000000045e+03 1.826724648709195264e+00
1.083799999999999955e+03 1.829395556884338303e+00
1.084900000000000091e+03 1.834464927156411074e+00
1.085000000000000000e+03 1.839930435478293713e+00
1.086000000000000000e+03 1.843639545782268518e+00
1.086099999999999909e+03 1.844933009452151662e+00
1.087099999999999909e+03 1.850161740953557121e+00
1.087200000000000045e+03 1.848607529428623941e+00
1.088200000000000045e+03 1.854628854772844448e+00
1.088299999999999955e+03 1.849041072941672414e+00
1.089299999999999955e+03 1.849213833605754642e+00
1.089500000000000000e+03 1.841680081973751104e+00
1.090500000000000000e+03 1.844834272892549976e+00
1.090599999999999909e+03 1.835105645549298226e+00
1.091599999999999909e+03 1.837770612904000567e+00
1.091700000000000045e+03 1.828701572383480523e+00
1.092700000000000045e+03 1.830487765032520198e+00
1.092799999999999955e+03 1.820525610023544294e+00
1.093799999999999955e+03 1.821715308636991937e+00
1.094000000000000000e+03 1.814999018791773056e+00
1.094900000000000091e+03 1.818184244199251731e+00
1.095099999999999909e+03 1.814456091616678091e+00
1.096000000000000000e+03 1.818780703690163092e+00
1.096200000000000045e+03 1.813026927584313608e+00
1.097099999999999909e+03 1.813344398392994883e+00
1.097299999999999955e+03 1.809652880212740955e+00
1.098299999999999955e+03 1.813983777421621202e+00
1.098400000000000091e+03 1.809818071403905826e+00
1.099400000000000091e+03 1.815975775156870586e+00
1.099599999999999909e+03 1.813580182845173860e+00
1.100500000000000000e+03 1.816361788762268725e+00
1.100700000000000045e+03 1.813611997389647623e+00
1.101599999999999909e+03 1.817395419216388808e+00
1.101799999999999955e+03 1.812245035604763910e+00
1.102700000000000045e+03 1.819056833857638944e+00
1.102900000000000091e+03 1.813776646506281010e+00
1.103799999999999955e+03 1.819681434018888710e+00
1.104099999999999909e+03 1.816468199997566257e+00
1.104900000000000091e+03 1.817783207894717146e+00
1.105200000000000045e+03 1.818285431248299666e+00
1.106000000000000000e+03 1.823170253625774118e+00
1.106299999999999955e+03 1.823943593061542190e+00
1.107200000000000045e+03 1.824586742525947214e+00
1.107400000000000091e+03 1.825313716256336649e+00
1.108299999999999955e+03 1.825887368754758100e+00
1.108500000000000000e+03 1.828104708709545667e+00
1.109400000000000091e+03 1.831220953012123953e+00
1.109700000000000045e+03 1.829355620195856513e+00
1.110500000000000000e+03 1.835101840109165883e+00
1.110799999999999955e+03 1.834292082857118533e+00
1.111599999999999909e+03 1.839029337315740031e+00
1.111900000000000091e+03 1.842293458964145314e+00
1.112700000000000045e+03 1.846001697163496047e+00
1.113000000000000000e+03 1.845928395690341395e+00
1.113799999999999955e+03 1.849339685206272232e+00
1.114099999999999909e+03 1.853375699429502976e+00
1.114900000000000091e+03 1.858877131625705115e+00
1.115200000000000045e+03 1.859224884989566062e+00
1.116000000000000000e+03 1.860701953135355247e+00
1.116400000000000091e+03 1.862880057587229299e+00
1.117099999999999909e+03 1.867235923663753461e+00
1.117500000000000000e+03 1.866704349147454645e+00
1.118299999999999955e+03 1.871744747171453227e+00
1.118599999999999909e+03 1.872717778873352223e+00
1.119400000000000091e+03 1.880909795080728530e+00
1.119700000000000045e+03 1.878052744927483531e+00
1.120500000000000000e+03 1.884267049542965644e+00
1.120799999999999955e+03 1.881196026066283666e+00
1.121599999999999909e+03 1.887194356990172794e+00
1.122000000000000000e+03 1.887193229351258550e+00
1.122700000000000045e+03 1.893277443111434533e+00
1.123099999999999909e+03 1.889766336637146882e+00
1.123799999999999955e+03 1.895978626953042978e+00
1.124200000000000045e+03 1.891688185173220127e+00
1.124900000000000091e+03 1.897762638335877661e+00
1.125299999999999955e+03 1.894105055702931750e+00
1.126000000000000000e+03 1.901281163735880853e+00
1.126400000000000091e+03 1.896411894026351019e+00
1.127099999999999909e+03 1.901178948609073993e+00
1.127500000000000000e+03 1.890945855475631987e+00
1.128200000000000045e+03 1.900961004858920722e+00
1.128599999999999909e+03 1.884066521583792175e+00
1.129299999999999955e+03 1.889148768846172111e+00
1.129799999999999955e+03 1.879155144153663581e+00
1.130400000000000091e+03 1.880345365516126410e+00
1.130900000000000091e+03 1.866875448422235184e+00
1.131500000000000000e+03 1.874983772786691594e+00
1.132000000000000000e+03 1.856840229362865191e+00
1.132700000000000045e+03 1.861793673655509407e+00
1.133099999999999909e+03 1.852715137814266111e+00
1.133799999999999955e+03 1.854825268686052464e+00
1.134200000000000045e+03 1.843467179304759673e+00
1.134900000000000091e+03 1.846819030985489052e+00
1.135299999999999955e+03 1.838756037409090993e+00
1.136000000000000000e+03 1.846271532929668835e+00
1.136400000000000091e+03 1.837070694468727394e+00
1.137099999999999909e+03 1.841907308653983888e+00
1.137599999999999909e+03 1.836223044945298755e+00
1.138200000000000045e+03 1.841058040545621832e+00
1.138700000000000045e+03 1.838852201312648260e+00
1.139299999999999955e+03 1.844260648150877646e+00
1.139799999999999955e+03 1.843094921274418319e+00
1.140400000000000091e+03 1.845504423626475710e+00
1.140900000000000091e+03 1.844497468860544886e+00
1.141500000000000000e+03 1.849747228656649867e+00
1.142000000000000000e+03 1.848215035492858149e+00
1.142599999999999909e+03 1.853756445140975151e+00
1.143099999999999909e+03 1.853226907501179355e+00
1.143700000000000045e+03 1.857081636362842181e+00
1.144200000000000045e+03 1.859707306523516124e+00
1.144799999999999955e+03 1.863321244459521964e+00
1.145299999999999955e+03 1.860115738181641776e+00
1.145900000000000091e+03 1.867316632951561584e+00
1.146500000000000000e+03 1.863748158555914802e+00
1.147000000000000000e+03 1.868571930527241687e+00
1.147599999999999909e+03 1.866993028659681642e+00
1.148099999999999909e+03 1.871680835676495125e+00
1.148700000000000045e+03 1.866544467267532204e+00
1.149200000000000045e+03 1.871639121708026821e+00
1.149799999999999955e+03 1.865434445557307086e+00
1.150299999999999955e+03 1.868935853263340885e+00
1.150900000000000091e+03 1.860510083223947619e+00
1.151400000000000091e+03 1.862980344790459597e+00
1.152000000000000000e+03 1.851678670125376680e+00
1.152500000000000000e+03 1.855949322762306952e+00
1.153099999999999909e+03 1.843872622048704946e+00
1.153599999999999909e+03 1.850932758153592816e+00
1.154200000000000045e+03 1.836953580687386900e+00
1.154700000000000045e+03 1.841876140490492419e+00
1.155299999999999955e+03 1.832137297863278169e+00
1.155799999999999955e+03 1.837707251598140079e+00
1.156400000000000091e+03 1.825206809949877274e+00
1.156900000000000091e+03 1.827750722221053836e+00
1.157500000000000000e+03 1.819401351134432465e+00
1.158000000000000000e+03 1.828317138816279774e+00
1.158700000000000045e+03 1.820319817647553684e+00
1.159099999999999909e+03 1.822156087473214114e+00
1.159799999999999955e+03 1.819446465942166968e+00
1.160200000000000045e+03 1.823577259358018399e+00
1.160900000000000091e+03 1.823817874426433949e+00
1.161299999999999955e+03 1.824256139779675712e+00
1.162000000000000000e+03 1.825050561525897619e+00
1.162400000000000091e+03 1.827908417049147749e+00
1.163099999999999909e+03 1.826969762686608378e+00
1.163500000000000000e+03 1.830976102139341144e+00
1.164200000000000045e+03 1.830175642615816001e+00
1.164599999999999909e+03 1.834023756559058249e+00
1.165299999999999955e+03 1.830900852502237441e+00
1.165700000000000045e+03 1.837274680108723857e+00
1.166400000000000091e+03 1.835618523897314613e+00
1.166799999999999955e+03 1.838686273048338204e+00
1.167500000000000000e+03 1.835024845469551025e+00
1.167900000000000091e+03 1.834260716814562819e+00
1.168599999999999909e+03 1.833658119989908686e+00
1.169000000000000000e+03 1.836662261118181982e+00
1.169700000000000045e+03 1.834930363881213111e+00
1.170099999999999909e+03 1.836093557976701485e+00
1.170799999999999955e+03 1.830063964165349333e+00
1.171200000000000045e+03 1.832792384565114396e+00
1.171900000000000091e+03 1.828618174947965525e+00
1.172299999999999955e+03 1.829587568490328442e+00
1.173000000000000000e+03 1.820236842027250113e+00
1.173400000000000091e+03 1.825490438035447971e+00
1.174099999999999909e+03 1.817807821220797981e+00
1.174500000000000000e+03 1.819481095362356582e+00
1.175200000000000045e+03 1.809927436359215047e+00
1.175599999999999909e+03 1.816914141521051018e+00
1.176299999999999955e+03 1.806676661321302557e+00
1.176700000000000045e+03 1.808379742491295294e+00
1.177400000000000091e+03 1.801459630403132284e+00
1.177799999999999955e+03 1.806252780619050924e+00
1.178500000000000000e+03 1.801451106517861112e+00
1.178900000000000091e+03 1.805390320462544773e+00
1.179599999999999909e+03 1.797559411271719920e+00
1.180000000000000000e+03 1.803411157702252021e+00
1.180799999999999955e+03 1.796586346438670656e+00
1.181099999999999909e+03 1.800374886549843678e+00
1.181900000000000091e+03 1.799445591428173286e+00
1.182200000000000045e+03 1.803344394308716403e+00
1.183000000000000000e+03 1.803913817344462878e+00
1.183299999999999955e+03 1.805869976457207926e+00
1.184099999999999909e+03 1.808481639022342158e+00
1.184400000000000091e+03 1.811173851235802656e+00
1.185200000000000045e+03 1.814759937589211392e+00
1.185500000000000000e+03 1.815466912284451118e+00
1.186299999999999955e+03 1.820373792982296957e+00
1.186599999999999909e+03 1.820865212190250215e+00
1.187400000000000091e+03 1.829028037728048561e+00
1.187700000000000045e+03 1.831777027337931907e+00
1.188500000000000000e+03 1.838692050668599975e+00
1.188799999999999955e+03 1.840436216383971146e+00
1.189599999999999909e+03 1.840517646510773986e+00
1.189900000000000091e+03 1.843864262423448475e+00
1.190700000000000045e+03 1.848500046796136997e+00
1.191000000000000000e+03 1.850061973358348544e+00
1.191799999999999955e+03 1.849948242731869863e+00
1.192099999999999909e+03 1.849924615572962727e+00
1.192900000000000091e+03 1.847312799194971156e+00
1.193200000000000045e+03 1.849891931183558436e+00
1.194000000000000000e+03 1.844760853888900876e+00
1.194299999999999955e+03 1.847936512247067231e+00
1.195099999999999909e+03 1.842227547446976255e+00
1.195400000000000091e+03 1.846117501076550260e+00
1.196200000000000045e+03 1.841529703340874180e+00
1.196400000000000091e+03 1.847649907073544373e+00
1.197299999999999955e+03 1.842713627124183740e+00
1.197500000000000000e+03 1.843246867416960644e+00
1.198400000000000091e+03 1.838642938955113326e+00
1.198599999999999909e+03 1.839537933915758483e+00
1.199500000000000000e+03 1.835482677697736653e+00
1.199700000000000045e+03 1.843494564154591897e+00
1.200599999999999909e+03 1.840115928171916382e+00
1.200799999999999955e+03 1.841672665618169669e+00
1.201599999999999909e+03 1.840355571630878151e+00
1.201900000000000091e+03 1.840313407647415911e+00
1.202700000000000045e+03 1.841825649790732156e+00
1.203000000000000000e+03 1.845403643297238716e+00
1.203799999999999955e+03 1.847414832501735660e+00
1.204099999999999909e+03 1.853543630375533269e+00
1.204900000000000091e+03 1.854712335582739957e+00
1.205200000000000045e+03 1.853976494468716929e+00
1.206000000000000000e+03 1.860787130420057611e+00
1.206299999999999955e+03 1.862632234125047637e+00
1.207099999999999909e+03 1.865440575907372667e+00
1.207400000000000091e+03 1.868288030048702142e+00
1.208200000000000045e+03 1.876306130141926820e+00
1.208500000000000000e+03 1.875644836315349284e+00
1.209299999999999955e+03 1.875040677202531869e+00
1.209599999999999909e+03 1.878637882163839645e+00
1.210400000000000091e+03 1.879827023367707906e+00
1.210599999999999909e+03 1.878374262870064815e+00
1.211500000000000000e+03 1.882787525120669825e+00
1.211700000000000045e+03 1.886539726233442016e+00
1.212599999999999909e+03 1.885647053103679305e+00
1.212799999999999955e+03 1.889162037769862135e+00
1.213700000000000045e+03 1.889795876343672187e+00
1.213900000000000091e+03 1.892793183502549548e+00
1.214799999999999955e+03 1.890102537639701819e+00
1.215000000000000000e+03 1.891725731675792721e+00
1.215900000000000091e+03 1.893818691108396512e+00
1.216099999999999909e+03 1.894257343134961413e+00
1.217000000000000000e+03 1.898138787466756794e+00
1.217200000000000045e+03 1.899774739235746468e+00
1.218099999999999909e+03 1.903885570665841964e+00
1.218299999999999955e+03 1.902754669361652606e+00
1.219200000000000045e+03 1.910747543569821127e+00
1.219400000000000091e+03 1.909617748363305889e+00
1.220299999999999955e+03 1.916671266567330445e+00
1.220500000000000000e+03 1.913034340070420614e+00
1.221400000000000091e+03 1.920793324476793407e+00
1.221500000000000000e+03 1.918566141120975788e+00
1.222500000000000000e+03 1.927450184298036273e+00
1.222599999999999909e+03 1.923776959922039120e+00
1.223500000000000000e+03 1.928149798871994225e+00
1.223700000000000045e+03 1.927051587668267674e+00
1.224599999999999909e+03 1.933009372815599480e+00
1.224799999999999955e+03 1.926221084496344993e+00
1.225700000000000045e+03 1.933633184726331056e+00
1.225900000000000091e+03 1.930390644425483027e+00
1.226799999999999955e+03 1.936526151841842180e+00
1.227000000000000000e+03 1.931943222534245441e+00
1.227900000000000091e+03 1.938816788794615054e+00
1.228099999999999909e+03 1.933642773524330227e+00
1.229000000000000000e+03 1.941511703403682398e+00
1.229200000000000045e+03 1.939853551913225616e+00
1.230099999999999909e+03 1.943820008777831676e+00
1.230299999999999955e+03 1.939485277885907966e+00
1.231200000000000045e+03 1.945967863423617494e+00
1.231299999999999955e+03 1.944231939915388230e+00
1.232299999999999955e+03 1.948196524892007009e+00
1.232400000000000091e+03 1.944505534178948114e+00
1.233400000000000091e+03 1.949993440313280146e+00
1.233500000000000000e+03 1.944655701188916952e+00
1.234500000000000000e+03 1.954799841623562351e+00
1.234599999999999909e+03 1.949804091697440400e+00
1.235500000000000000e+03 1.957732536595861772e+00
1.235700000000000045e+03 1.955605698356286393e+00
1.236599999999999909e+03 1.959921979033003581e+00
1.236799999999999955e+03 1.950865841013335489e+00
1.237700000000000045e+03 1.951174100395627109e+00
1.237900000000000091e+03 1.947947175658341079e+00
1.238799999999999955e+03 1.948666804967652544e+00
1.238900000000000091e+03 1.946409228664384372e+00
1.239900000000000091e+03 1.945082470583756606e+00
1.240000000000000000e+03 1.939038242086134067e+00
1.241000000000000000e+03 1.936769711588434140e+00
1.241099999999999909e+03 1.937626916660960541e+00
1.242099999999999909e+03 1.936397524596561226e+00
1.242200000000000045e+03 1.933473895758095695e+00
1.243200000000000045e+03 1.922399628481579859e+00
1.243299999999999955e+03 1.919605379021229519e+00
1.244299999999999955e+03 1.910786993492722630e+00
1.244400000000000091e+03 1.911438505211856764e+00
1.245299999999999955e+03 1.897005575077332473e+00
1.245500000000000000e+03 1.895859013015487538e+00
1.246400000000000091e+03 1.882739778957674748e+00
1.246500000000000000e+03 1.883336081613193880e+00
1.247500000000000000e+03 1.869565801813873218e+00
1.247599999999999909e+03 1.868681233524981833e+00
1.248599999999999909e+03 1.853520117629482211e+00
1.248700000000000045e+03 1.849404432824216293e+00
1.249700000000000045e+03 1.836285058987709551e+00
1.249799999999999955e+03 1.841387542820305034e+00
1.250799999999999955e+03 1.828280198635857889e+00
1.250900000000000091e+03 1.825805412467097488e+00
1.251900000000000091e+03 1.819619303877020311e+00
1.252000000000000000e+03 1.818663321678697598e+00
1.252900000000000091e+03 1.816257403386572156e+00
1.253000000000000000e+03 1.810292998882349735e+00
1.254000000000000000e+03 1.807407560426986137e+00
1.254099999999999909e+03 1.803647395821744714e+00
1.255099999999999909e+03 1.800706631408596659e+00
1.255200000000000045e+03 1.797872430350353934e+00
1.256200000000000045e+03 1.796469111913008954e+00
1.256299999999999955e+03 1.793547994778635246e+00
1.257299999999999955e+03 1.798451648041156758e+00
1.257400000000000091e+03 1.792787801874024423e+00
1.258400000000000091e+03 1.796884435724558582e+00
1.258500000000000000e+03 1.788863089075987789e+00
1.259500000000000000e+03 1.794927821832616122e+00
1.260500000000000000e+03 1.801712157329238950e+00
1.260599999999999909e+03 1.794371518587051462e+00
1.261599999999999909e+03 1.802835524542906853e+00
1.261700000000000045e+03 1.792575908567234144e+00
1.262700000000000045e+03 1.802235180377166790e+00
1.262799999999999955e+03 1.791548789920680340e+00
1.263799999999999955e+03 1.801853383734394631e+00
1.263900000000000091e+03 1.791432053525836565e+00
1.264900000000000091e+03 1.797066808934761006e+00
1.266000000000000000e+03 1.799650374859465884e+00
1.267000000000000000e+03 1.805360682436334629e+00
1.267099999999999909e+03 1.796772078837582942e+00
1.268099999999999909e+03 1.810358028463673996e+00
1.268200000000000045e+03 1.800657252074432835e+00
1.269200000000000045e+03 1.811100896397382476e+00
1.269299999999999955e+03 1.800145763698796753e+00
1.270299999999999955e+03 1.808443672225748422e+00
1.271400000000000091e+03 1.815181258842805345e+00
1.272400000000000091e+03 1.824415154576439324e+00
1.272500000000000000e+03 1.809806494929140586e+00
1.273500000000000000e+03 1.830591562350309509e+00
1.273599999999999909e+03 1.818560320509092332e+00
1.274599999999999909e+03 1.836374222276218049e+00
1.274700000000000045e+03 1.818009873405604493e+00
1.275700000000000045e+03 1.831468990622425519e+00
1.276799999999999955e+03 1.839067492911786506e+00
1.277799999999999955e+03 1.849178426779378936e+00
1.277900000000000091e+03 1.833280211998251419e+00
1.278900000000000091e+03 1.851005742436456991e+00
1.279000000000000000e+03 1.838432330175302054e+00
1.280000000000000000e+03 1.850779785249951681e+00
1.280099999999999909e+03 1.839782427349703875e+00
1.281099999999999909e+03 1.843924403344389118e+00
1.282200000000000045e+03 1.848199337557112631e+00
1.283200000000000045e+03 1.853170992161375930e+00
1.283299999999999955e+03 1.837718361881180318e+00
1.284299999999999955e+03 1.848627294246232511e+00
1.284400000000000091e+03 1.834346276816938293e+00
1.285400000000000091e+03 1.834902233571351626e+00
1.286500000000000000e+03 1.835143440142123605e+00
1.287599999999999909e+03 1.833496928822721861e+00
1.288599999999999909e+03 1.831642467996911217e+00
1.288700000000000045e+03 1.816992160705131587e+00
1.289700000000000045e+03 1.815455440239208462e+00
1.290799999999999955e+03 1.813168496731220269e+00
1.291900000000000091e+03 1.810286278167086982e+00
1.292900000000000091e+03 1.815627408463303949e+00
1.293000000000000000e+03 1.796769118629708784e+00
1.294000000000000000e+03 1.801053169431154233e+00
1.295099999999999909e+03 1.804346373392601288e+00
1.296200000000000045e+03 1.806852072376480267e+00
1.297200000000000045e+03 1.821785008208451462e+00
1.297299999999999955e+03 1.797952193975645763e+00
1.298299999999999955e+03 1.814508406201362334e+00
1.298400000000000091e+03 1.796893838148103661e+00
1.299400000000000091e+03 1.807992271485729052e+00
1.300500000000000000e+03 1.809283497833291898e+00
1.301500000000000000e+03 1.818735868356504914e+00
1.301599999999999909e+03 1.797053295391236372e+00
1.302599999999999909e+03 1.805132252851185726e+00
1.303700000000000045e+03 1.805572126232564134e+00
1.304799999999999955e+03 1.807442554392741263e+00
1.305799999999999955e+03 1.817686060431144446e+00
1.305900000000000091e+03 1.796405657589621008e+00
1.306900000000000091e+03 1.805535570411557433e+00
1.308000000000000000e+03 1.808475678830326228e+00
1.309099999999999909e+03 1.809055548787480650e+00
1.310099999999999909e+03 1.810872271292796709e+00
1.310200000000000045e+03 1.799511632545939710e+00
1.311200000000000045e+03 1.808001969606619852e+00
1.312299999999999955e+03 1.820138702637951855e+00
1.313299999999999955e+03 1.824966932802560615e+00
1.314400000000000091e+03 1.830172233247952640e+00
1.315500000000000000e+03 1.835497832721483924e+00
1.316599999999999909e+03 1.843148737664167092e+00
1.317599999999999909e+03 1.850613756679741373e+00
1.318700000000000045e+03 1.858999497252397326e+00
1.319799999999999955e+03 1.866094204652784194e+00
1.320799999999999955e+03 1.873629452952791041e+00
1.321900000000000091e+03 1.882312984411519841e+00
1.323000000000000000e+03 1.890964395704030965e+00
1.324000000000000000e+03 1.899356104782947918e+00
1.325099999999999909e+03 1.905938351940948516e+00
1.326200000000000045e+03 1.913878510824714496e+00
1.327299999999999955e+03 1.921080272279677370e+00
1.328299999999999955e+03 1.930724120615594730e+00
1.329400000000000091e+03 1.941413408925551476e+00
1.330500000000000000e+03 1.957369300431053283e+00
1.331500000000000000e+03 1.974334859834911526e+00
1.332599999999999909e+03 1.994004671254162808e+00
1.333700000000000045e+03 2.020379591208827375e+00
1.334700000000000045e+03 2.045944808586449781e+00
1.335799999999999955e+03 2.071102711395864659e+00
1.336900000000000091e+03 2.089433819855949004e+00
1.337900000000000091e+03 2.103623776239520460e+00
1.339000000000000000e+03 2.107251104323208057e+00
1.340099999999999909e+03 2.103509439027253070e+00
1.341099999999999909e+03 2.090443480785693975e+00
1.342200000000000045e+03 2.074008878561686586e+00
1.343299999999999955e+03 2.061500454858422593e+00
1.344299999999999955e+03 2.050346425714695275e+00
1.345400000000000091e+03 2.041097142382636509e+00
1.346400000000000091e+03 2.032818935600482213e+00
1.347500000000000000e+03 2.027478644172583166e+00
1.348599999999999909e+03 2.024022946585343430e+00
1.349599999999999909e+03 2.019323365066616027e+00
1.350700000000000045e+03 2.019830769919693125e+00
1.351799999999999955e+03 2.021841475446865655e+00
1.352799999999999955e+03 2.026630566308064818e+00
1.353900000000000091e+03 2.030920247913571508e+00
1.355000000000000000e+03 2.033658485623730527e+00
1.356000000000000000e+03 2.039754116393547978e+00
1.357099999999999909e+03 2.047575055263530341e+00
1.358099999999999909e+03 2.051854947778395832e+00
1.359200000000000045e+03 2.054561098439598332e+00
1.360299999999999955e+03 2.056328619894508325e+00
1.361299999999999955e+03 2.057681111897742277e+00
1.362400000000000091e+03 2.055959827032495024e+00
1.363400000000000091e+03 2.051338957406025010e+00
1.364500000000000000e+03 2.044643450700772469e+00
1.365599999999999909e+03 2.037012960316261445e+00
1.366599999999999909e+03 2.028541893369752991e+00
1.367700000000000045e+03 2.017071859691337288e+00
1.368700000000000045e+03 2.010229961879182792e+00
1.369799999999999955e+03 2.002153660533812829e+00
1.370900000000000091e+03 1.992749770948919918e+00
1.371900000000000091e+03 1.987402294603474395e+00
1.373000000000000000e+03 1.982309785655967271e+00
1.374000000000000000e+03 1.976046467381439520e+00
1.375099999999999909e+03 1.973635553720850977e+00
1.376200000000000045e+03 1.968426642449815356e+00
1.377200000000000045e+03 1.957065356271243672e+00
1.378299999999999955e+03 1.951686982287883954e+00
1.379299999999999955e+03 1.950998866189045167e+00
1.380400000000000091e+03 1.948472170879030907e+00
1.381400000000000091e+03 1.945527154465058306e+00
1.382500000000000000e+03 1.941838622109195889e+00
1.383599999999999909e+03 1.939770087939358900e+00
1.384599999999999909e+03 1.936589750926682951e+00
1.385700000000000045e+03 1.934873420749825268e+00
1.386700000000000045e+03 1.932475934183925492e+00
1.387799999999999955e+03 1.930958109817243473e+00
1.388799999999999955e+03 1.928294169629384269e+00
1.389900000000000091e+03 1.923345790929470889e+00
1.390900000000000091e+03 1.916884337012019213e+00
1.392000000000000000e+03 1.911240724322231133e+00
1.393000000000000000e+03 1.908988270426413614e+00
1.394099999999999909e+03 1.904655089936620360e+00
1.395200000000000045e+03 1.900745162408182143e+00
1.396200000000000045e+03 1.894536639781765341e+00
1.397299999999999955e+03 1.889882931284293299e+00
1.398299999999999955e+03 1.885449868593147116e+00
1.399400000000000091e+03 1.881084002017706647e+00
1.400400000000000091e+03 1.877162752917223898e+00
1.401500000000000000e+03 1.873849352017211700e+00
1.402500000000000000e+03 1.874472771899153845e+00
1.403599999999999909e+03 1.873095559997814741e+00
1.404599999999999909e+03 1.874262512460117325e+00
1.405700000000000045e+03 1.870279712473947642e+00
1.406700000000000045e+03 1.870683350983499915e+00
1.407799999999999955e+03 1.873184580830851820e+00
1.408799999999999955e+03 1.869496123404931209e+00
1.409900000000000091e+03 1.869117664274549506e+00
1.410900000000000091e+03 1.869042944474468726e+00
1.412000000000000000e+03 1.867864633478470093e+00
1.413000000000000000e+03 1.865769083053228306e+00
1.414099999999999909e+03 1.865063073814880346e+00
1.415099999999999909e+03 1.862621088102688782e+00
1.416200000000000045e+03 1.860976748345376741e+00
1.417200000000000045e+03 1.856963741266119960e+00
1.418299999999999955e+03 1.856340804462140781e+00
1.419299999999999955e+03 1.856725320073443708e+00
1.420400000000000091e+03 1.857999040654191303e+00
1.421400000000000091e+03 1.861001935588864065e+00
1.422500000000000000e+03 1.861291089131666077e+00
1.423500000000000000e+03 1.862761303055263884e+00
1.424599999999999909e+03 1.866984174439694444e+00
1.425599999999999909e+03 1.868058348197108476e+00
1.426599999999999909e+03 1.870515903745251896e+00
1.427700000000000045e+03 1.873103324168981842e+00
1.428700000000000045e+03 1.876095466566695125e+00
1.429799999999999955e+03 1.881882890681390030e+00
1.430799999999999955e+03 1.886487687734386576e+00
1.431900000000000091e+03 1.890592179018880215e+00
1.432900000000000091e+03 1.894585350557770997e+00
1.434000000000000000e+03 1.897557433853544362e+00
1.435000000000000000e+03 1.898450439697894954e+00
1.436099999999999909e+03 1.897725706611376850e+00
1.437099999999999909e+03 1.893189126606992456e+00
1.438099999999999909e+03 1.886487185304506653e+00
1.439200000000000045e+03 1.880531295069356235e+00
1.440200000000000045e+03 1.873460728768693961e+00
1.441299999999999955e+03 1.867221852963054651e+00
1.442299999999999955e+03 1.860055160706688637e+00
1.443400000000000091e+03 1.854493076917523187e+00
1.444400000000000091e+03 1.849737657324829865e+00
1.445400000000000091e+03 1.843846974439254938e+00
1.446500000000000000e+03 1.837585076799970185e+00
1.447500000000000000e+03 1.830843419059699162e+00
1.448599999999999909e+03 1.826798563719167046e+00
1.449599999999999909e+03 1.820526912064064806e+00
1.450700000000000045e+03 1.836543079517493959e+00
1.451700000000000045e+03 1.831845766257877983e+00
1.452700000000000045e+03 1.828231444581366993e+00
1.453799999999999955e+03 1.825595449472144916e+00
1.454799999999999955e+03 1.819109247976084864e+00
1.455900000000000091e+03 1.815044712766816115e+00
1.456900000000000091e+03 1.811272392291690236e+00
1.457900000000000091e+03 1.807093390494546092e+00
1.459000000000000000e+03 1.805032325018429695e+00
1.460000000000000000e+03 1.805361063537348043e+00
1.461099999999999909e+03 1.801453838126859441e+00
1.462099999999999909e+03 1.793904179240697339e+00
1.463099999999999909e+03 1.793331278082445079e+00
1.464200000000000045e+03 1.788744915645757549e+00
1.465200000000000045e+03 1.789354600649357474e+00
1.466200000000000045e+03 1.784839006221530244e+00
1.467299999999999955e+03 1.787242337112657564e+00
1.468299999999999955e+03 1.785145885303618174e+00
1.469400000000000091e+03 1.788085186317022179e+00
1.470400000000000091e+03 1.789828877306584465e+00
1.471400000000000091e+03 1.789348804930821268e+00
1.472500000000000000e+03 1.796180150026382316e+00
1.473500000000000000e+03 1.802349831496535160e+00
1.474500000000000000e+03 1.808862095291478012e+00
1.475599999999999909e+03 1.819615337638390118e+00
1.476599999999999909e+03 1.826703251370350944e+00
1.477599999999999909e+03 1.832712675823903181e+00
1.478700000000000045e+03 1.839096453282844879e+00
1.479700000000000045e+03 1.844578496552496283e+00
1.480799999999999955e+03 1.845873049181485870e+00
1.481799999999999955e+03 1.849187710032417664e+00
1.482799999999999955e+03 1.856547895230422629e+00
1.483900000000000091e+03 1.858004384178260526e+00
1.484900000000000091e+03 1.861907187616404613e+00
1.485900000000000091e+03 1.868217622167178016e+00
1.487000000000000000e+03 1.873791099838284957e+00
1.488000000000000000e+03 1.874316448716889072e+00
1.489000000000000000e+03 1.874924570469129526e+00
1.490099999999999909e+03 1.871914305629100328e+00
1.491099999999999909e+03 1.867881108170362126e+00
1.492099999999999909e+03 1.865122110583355086e+00
1.493200000000000045e+03 1.860751594934748843e+00
1.494200000000000045e+03 1.855736885262811331e+00
1.495200000000000045e+03 1.841761221476895027e+00
1.496200000000000045e+03 1.836011162019743681e+00
1.497299999999999955e+03 1.831111801410743478e+00
1.498299999999999955e+03 1.826591620776639724e+00
1.499299999999999955e+03 1.820802399186244980e+00
1.500400000000000091e+03 1.819411229918469486e+00
1.501400000000000091e+03 1.819722222994281324e+00
1.502400000000000091e+03 1.819612489924902876e+00
1.503500000000000000e+03 1.821038306353314873e+00
1.504500000000000000e+03 1.825179867976763459e+00
1.505500000000000000e+03 1.825962859674805872e+00
1.506500000000000000e+03 1.827720630246858047e+00
1.507599999999999909e+03 1.833746368630182477e+00
1.508599999999999909e+03 1.834141357970139552e+00
1.509599999999999909e+03 1.837525796252074350e+00
1.510700000000000045e+03 1.843652997151630890e+00
1.511700000000000045e+03 1.847290756256327438e+00
1.512700000000000045e+03 1.849214054778199445e+00
1.513700000000000045e+03 1.849232341826815063e+00
1.514799999999999955e+03 1.852817023830698462e+00
1.515799999999999955e+03 1.856743351184025892e+00
1.516799999999999955e+03 1.855100624450870539e+00
1.517900000000000091e+03 1.861260922279472485e+00
1.518900000000000091e+03 1.868060553985141370e+00
1.519900000000000091e+03 1.871001174949520340e+00
1.520900000000000091e+03 1.874771405215203801e+00
1.522000000000000000e+03 1.873289913513275007e+00
1.523000000000000000e+03 1.874207721804203031e+00
1.524000000000000000e+03 1.882017296123264405e+00
1.525000000000000000e+03 1.883276726130066470e+00
1.526099999999999909e+03 1.880782856364775268e+00
1.527099999999999909e+03 1.880425809671501636e+00
1.528099999999999909e+03 1.875502945182385917e+00
1.529099999999999909e+03 1.866480101705978223e+00
1.530200000000000045e+03 1.862015872249940029e+00
1.531200000000000045e+03 1.858568416166783699e+00
1.532200000000000045e+03 1.850600938210540392e+00
1.533200000000000045e+03 1.841096658156932575e+00
1.534299999999999955e+03 1.831763838284064194e+00
1.535299999999999955e+03 1.822050986184603039e+00
1.536299999999999955e+03 1.809839118771647604e+00
1.537299999999999955e+03 1.804142053005733493e+00
1.538299999999999955e+03 1.803534813251254088e+00
1.539400000000000091e+03 1.799019730725127886e+00
1.540400000000000091e+03 1.796989880416224761e+00
1.541400000000000091e+03 1.797434307994079550e+00
1.542400000000000091e+03 1.793958312352785578e+00
1.543500000000000000e+03 1.792616355612912438e+00
1.544500000000000000e+03 1.793228835623293493e+00
1.545500000000000000e+03 1.798558896189338174e+00
1.546500000000000000e+03 1.799722892778747640e+00
1.547500000000000000e+03 1.797928939676557869e+00
1.548599999999999909e+03 1.799275348185354950e+00
1.549599999999999909e+03 1.805999545247314542e+00
1.550599999999999909e+03 1.808207148400511333e+00
1.551599999999999909e+03 1.811592883592215708e+00
1.552599999999999909e+03 1.814193654646023113e+00
1.553700000000000045e+03 1.819653032144320060e+00
1.554700000000000045e+03 1.824099061415554335e+00
1.555700000000000045e+03 1.829933279849280225e+00
1.556700000000000045e+03 1.836311293292044455e+00
1.557700000000000045e+03 1.841536795795200021e+00
1.558700000000000045e+03 1.845550325458066743e+00
1.559799999999999955e+03 1.854604118048285288e+00
1.560799999999999955e+03 1.865135853027989565e+00
1.561799999999999955e+03 1.873148829144671845e+00
1.562799999999999955e+03 1.882154742314827267e+00
1.563799999999999955e+03 1.892275192020635544e+00
1.564900000000000091e+03 1.901676553189092234e+00
1.565900000000000091e+03 1.910448037182528092e+00
1.566900000000000091e+03 1.917771371285779569e+00
1.567900000000000091e+03 1.924368271331237112e+00
1.568900000000000091e+03 1.926088876631806945e+00
1.569900000000000091e+03 1.924774278934813232e+00
1.570900000000000091e+03 1.919072389882207075e+00
1.572000000000000000e+03 1.918449434677385046e+00
1.573000000000000000e+03 1.912966372329774956e+00
1.574000000000000000e+03 1.907915025097646211e+00
1.575000000000000000e+03 1.908279799695842716e+00
1.576000000000000000e+03 1.914338670292246913e+00
1.577000000000000000e+03 1.916422602418057286e+00
1.578000000000000000e+03 1.922477960517797735e+00
1.579099999999999909e+03 1.925545020540273322e+00
1.580099999999999909e+03 1.929508667926220777e+00
1.581099999999999909e+03 1.934651680934061257e+00
1.582099999999999909e+03 1.938097923611293183e+00
1.583099999999999909e+03 1.938434926496825694e+00
1.584099999999999909e+03 1.937251212345509899e+00
1.585099999999999909e+03 1.933453868944199128e+00
1.586200000000000045e+03 1.932099549484181722e+00
1.587200000000000045e+03 1.936524177559600934e+00
1.588200000000000045e+03 1.938957280512793258e+00
1.589200000000000045e+03 1.939673525137401988e+00
1.590200000000000045e+03 1.946336732885742382e+00
1.591200000000000045e+03 1.952729036950654251e+00
1.592200000000000045e+03 1.961636767102536094e+00
1.593200000000000045e+03 1.970747146111558656e+00
1.594200000000000045e+03 1.978536186776590933e+00
1.595299999999999955e+03 1.988893901494512173e+00
1.596299999999999955e+03 1.998086831938880259e+00
1.597299999999999955e+03 2.007641826740627522e+00
1.598299999999999955e+03 2.020093506776553749e+00
1.599299999999999955e+03 2.023928804201375442e+00
1.600299999999999955e+03 2.036305573400791324e+00
1.601299999999999955e+03 2.040427910235205644e+00
1.602299999999999955e+03 2.045117476314305183e+00
1.603299999999999955e+03 2.051085615370112691e+00
1.604299999999999955e+03 2.054646615855006520e+00
1.605299999999999955e+03 2.061792459058114257e+00
1.606400000000000091e+03 2.065162130204193147e+00
1.607400000000000091e+03 2.065666731230685560e+00
1.608400000000000091e+03 2.069880492141035866e+00
1.609400000000000091e+03 2.074176836207814123e+00
1.610400000000000091e+03 2.071974092804111489e+00
1.611400000000000091e+03 2.069239085401584965e+00
1.612400000000000091e+03 2.066602404246490998e+00
1.613400000000000091e+03 2.061688727635755836e+00
1.614400000000000091e+03 2.059629877690373423e+00
1.615400000000000091e+03 2.054372174992117550e+00
1.616400000000000091e+03 2.049667663505724047e+00
1.617400000000000091e+03 2.044309314266957500e+00
1.618400000000000091e+03 2.039555078770768581e+00
1.619400000000000091e+03 2.037339401749725276e+00
1.620400000000000091e+03 2.032113021755352467e+00
1.621400000000000091e+03 2.024601223263870153e+00
1.622500000000000000e+03 2.019057219050401031e+00
1.623500000000000000e+03 2.014705290816345862e+00
1.624500000000000000e+03 2.009545498524370810e+00
1.625500000000000000e+03 2.003915364375471686e+00
1.626500000000000000e+03 2.003080545915958854e+00
1.627500000000000000e+03 2.001091443495152777e+00
1.628500000000000000e+03 1.994187141928275953e+00
1.629500000000000000e+03 1.989140116388025792e+00
1.630500000000000000e+03 1.981932086100482993e+00
1.631500000000000000e+03 1.972788459861831711e+00
1.632500000000000000e+03 1.969898770642299679e+00
1.633500000000000000e+03 1.959213366023583092e+00
1.634500000000000000e+03 1.951466219855703788e+00
1.635500000000000000e+03 1.942029188059626765e+00
1.636500000000000000e+03 1.939213400940328569e+00
1.637500000000000000e+03 1.932683999942869990e+00
1.638500000000000000e+03 1.928139468415765112e+00
1.639500000000000000e+03 1.921481097489278866e+00
1.640500000000000000e+03 1.912633892241392353e+00
1.641500000000000000e+03 1.907842260532296441e+00
1.642500000000000000e+03 1.904816993856103036e+00
1.643500000000000000e+03 1.899475445604876578e+00
1.644500000000000000e+03 1.894406991052561828e+00
1.645500000000000000e+03 1.891768172538805803e+00
1.646500000000000000e+03 1.890885905600546257e+00
1.647500000000000000e+03 1.883533032336837110e+00
1.648500000000000000e+03 1.882313713660435095e+00
1.649500000000000000e+03 1.880960503656855742e+00
1.650500000000000000e+03 1.873245162822164911e+00
1.651500000000000000e+03 1.873792643463912722e+00
1.652500000000000000e+03 1.867276227836987212e+00
1.653500000000000000e+03 1.861600758778781062e+00
1.654500000000000000e+03 1.856475100157386260e+00
1.655500000000000000e+03 1.852167704180914143e+00
1.656500000000000000e+03 1.852300931744268908e+00
1.657500000000000000e+03 1.848255839971052472e+00
1.658500000000000000e+03 1.844561334436744415e+00
1.659500000000000000e+03 1.841296921050963320e+00
1.660500000000000000e+03 1.835511909360474814e+00
1.661500000000000000e+03 1.831771432216882323e+00
1.662500000000000000e+03 1.826880520934480945e+00
1.663500000000000000e+03 1.822903597487411043e+00
1.664500000000000000e+03 1.816323070421107078e+00
1.665500000000000000e+03 1.815266971490276937e+00
1.666400000000000091e+03 1.813509807188899092e+00
1.667400000000000091e+03 1.811760356851226161e+00
1.668400000000000091e+03 1.811659589006852089e+00
1.669400000000000091e+03 1.810359048509999402e+00
1.670400000000000091e+03 1.807110081475092667e+00
1.671400000000000091e+03 1.800971877639879537e+00
1.672400000000000091e+03 1.803024850566830484e+00
1.673400000000000091e+03 1.802037541013231881e+00
1.674400000000000091e+03 1.802047042646405473e+00
1.675400000000000091e+03 1.800783150853749959e+00
1.676400000000000091e+03 1.799881547779687674e+00
1.677400000000000091e+03 1.802075809666455308e+00
1.678400000000000091e+03 1.801230802355026750e+00
1.679400000000000091e+03 1.801568767036451524e+00
1.680400000000000091e+03 1.798961132597654888e+00
1.681400000000000091e+03 1.799563182705874675e+00
1.682299999999999955e+03 1.800286177153631817e+00
1.683299999999999955e+03 1.798114483360019555e+00
1.684299999999999955e+03 1.796763330283451365e+00
1.685299999999999955e+03 1.798373549800488025e+00
1.686299999999999955e+03 1.795305509987684900e+00
1.687299999999999955e+03 1.796144289456231835e+00
1.688299999999999955e+03 1.793868278578208741e+00
1.689299999999999955e+03 1.795403179377981218e+00
1.690299999999999955e+03 1.792690380553469076e+00
1.691299999999999955e+03 1.796768194050341272e+00
1.692299999999999955e+03 1.798705784016414011e+00
1.693200000000000045e+03 1.799194840698819631e+00
1.694200000000000045e+03 1.800572518557313151e+00
1.695200000000000045e+03 1.799842209567304785e+00
1.696200000000000045e+03 1.800994034820549095e+00
1.697200000000000045e+03 1.802981493804328039e+00
1.698200000000000045e+03 1.804856348132004795e+00
1.699200000000000045e+03 1.805375688715573856e+00
1.700200000000000045e+03 1.805710019327578575e+00
1.701200000000000045e+03 1.802509630179712108e+00
1.702099999999999909e+03 1.807504986287342463e+00
1.703099999999999909e+03 1.807051123496666190e+00
1.704099999999999909e+03 1.808730516098997487e+00
1.705099999999999909e+03 1.809534047797494605e+00
1.706099999999999909e+03 1.807258400493311656e+00
1.707099999999999909e+03 1.806357780127233470e+00
1.708099999999999909e+03 1.808998379616904462e+00
1.709099999999999909e+03 1.803383809021073869e+00
1.710000000000000000e+03 1.803670892930028691e+00
1.711000000000000000e+03 1.805849704986084214e+00
1.712000000000000000e+03 1.803305162779589743e+00
1.713000000000000000e+03 1.804137365102090440e+00
1.714000000000000000e+03 1.802611816013574231e+00
1.715000000000000000e+03 1.801518793005708829e+00
1.716000000000000000e+03 1.801675626517532214e+00
1.716900000000000091e+03 1.803130709433350409e+00
1.717900000000000091e+03 1.802567266420147529e+00
1.718900000000000091e+03 1.804670853641266559e+00
1.719900000000000091e+03 1.805272052816482287e+00
1.720900000000000091e+03 1.808116582539701422e+00
1.721900000000000091e+03 1.809895990271932931e+00
1.722900000000000091e+03 1.812371263265752042e+00
1.723799999999999955e+03 1.810989116844348601e+00
1.724799999999999955e+03 1.813993579921895805e+00
1.725799999999999955e+03 1.815607577368245185e+00
1.726799999999999955e+03 1.816102987401413182e+00
1.727799999999999955e+03 1.813639942205140576e+00
1.728799999999999955e+03 1.811612988868156471e+00
1.729700000000000045e+03 1.813874356695804657e+00
1.730700000000000045e+03 1.812127169702552276e+00
1.731700000000000045e+03 1.812233737343496465e+00
1.732700000000000045e+03 1.812301298920588222e+00
1.733700000000000045e+03 1.811263529595593225e+00
1.734599999999999909e+03 1.809646392252953984e+00
1.735599999999999909e+03 1.809465147248231265e+00
1.736599999999999909e+03 1.807767714712409823e+00
1.737599999999999909e+03 1.806226188366583774e+00
1.738599999999999909e+03 1.807003874547129074e+00
1.739599999999999909e+03 1.809207478176200423e+00
1.740500000000000000e+03 1.809630475513101633e+00
1.741500000000000000e+03 1.811929235409622141e+00
1.742500000000000000e+03 1.810184288729106195e+00
1.743500000000000000e+03 1.809547504714785759e+00
1.744500000000000000e+03 1.814598700686834265e+00
1.745400000000000091e+03 1.813021201528656423e+00
1.746400000000000091e+03 1.813921092994163153e+00
1.747400000000000091e+03 1.815401825721127294e+00
1.748400000000000091e+03 1.813200372346883249e+00
1.749299999999999955e+03 1.815722561127791845e+00
1.750299999999999955e+03 1.813307711059771288e+00
1.751299999999999955e+03 1.815527282444777457e+00
1.752299999999999955e+03 1.813819074558683520e+00
1.753200000000000045e+03 1.804307097498305978e+00
1.753299999999999955e+03 1.811020408239540025e+00
1.754200000000000045e+03 1.810466439769852443e+00
1.755200000000000045e+03 1.808990535421791002e+00
1.756200000000000045e+03 1.809357832673761823e+00
1.757200000000000045e+03 1.810600076316923657e+00
1.758099999999999909e+03 1.813675831535619620e+00
1.758200000000000045e+03 1.807415379532481436e+00
1.759099999999999909e+03 1.810961484412516365e+00
1.759200000000000045e+03 1.808014751507895923e+00
1.760099999999999909e+03 1.809295521216430336e+00
1.761099999999999909e+03 1.810826550411446023e+00
1.762000000000000000e+03 1.812761047594861674e+00
1.762099999999999909e+03 1.809441962498204104e+00
1.763000000000000000e+03 1.815912633993162828e+00
1.763099999999999909e+03 1.811230333490612576e+00
1.764000000000000000e+03 1.811547893840552037e+00
1.764099999999999909e+03 1.810223957139395212e+00
1.765000000000000000e+03 1.811725467725181948e+00
1.765099999999999909e+03 1.811057701513312246e+00
1.766000000000000000e+03 1.812732024221823890e+00
1.766099999999999909e+03 1.812353574144354607e+00
1.766900000000000091e+03 1.815233281738350968e+00
1.767099999999999909e+03 1.810716187007858302e+00
1.767900000000000091e+03 1.813974662904467516e+00
1.768099999999999909e+03 1.814095670060594578e+00
1.768900000000000091e+03 1.819270889874761599e+00
1.769000000000000000e+03 1.814119910406096103e+00
1.769900000000000091e+03 1.817458261816758958e+00
1.770000000000000000e+03 1.816034645189332997e+00
1.770799999999999955e+03 1.816251307042038077e+00
1.771000000000000000e+03 1.814210049511809197e+00
1.771799999999999955e+03 1.819415545566713144e+00
1.772000000000000000e+03 1.820484616644819864e+00
1.772799999999999955e+03 1.822477659679268891e+00
1.773000000000000000e+03 1.816278982737490111e+00
1.773700000000000045e+03 1.818266301074676905e+00
1.774000000000000000e+03 1.815647978647714211e+00
1.774700000000000045e+03 1.821142521631897715e+00
1.775000000000000000e+03 1.818113675474919200e+00
1.775700000000000045e+03 1.820118000511063094e+00
1.775900000000000091e+03 1.815629264282823785e+00
1.776700000000000045e+03 1.817644598510052889e+00
1.776900000000000091e+03 1.813850791946250096e+00
1.777599999999999909e+03 1.817258161397652172e+00
1.777900000000000091e+03 1.815894893641754271e+00
1.778599999999999909e+03 1.818471705027106422e+00
1.778900000000000091e+03 1.811757544927041996e+00
1.779599999999999909e+03 1.816250118630141408e+00
1.779900000000000091e+03 1.813487797623453357e+00
1.780599999999999909e+03 1.815302909107047391e+00
1.780900000000000091e+03 1.810639424772119588e+00
1.781500000000000000e+03 1.813860573560232448e+00
1.781900000000000091e+03 1.810279045293249345e+00
1.782500000000000000e+03 1.812885184826811713e+00
1.782799999999999955e+03 1.810299666831628684e+00
1.783500000000000000e+03 1.813271546263975909e+00
1.783799999999999955e+03 1.809890907966179574e+00
1.784400000000000091e+03 1.809742990067330970e+00
1.784799999999999955e+03 1.809188650470692439e+00
1.785400000000000091e+03 1.809889621169133100e+00
1.785799999999999955e+03 1.805868613374828513e+00
1.786400000000000091e+03 1.806552538652817175e+00
1.786799999999999955e+03 1.802984958004264948e+00
1.787400000000000091e+03 1.807473669495583524e+00
1.787799999999999955e+03 1.803732335448527513e+00
1.788299999999999955e+03 1.804295013977138762e+00
1.788700000000000045e+03 1.805560801345813093e+00
1.789299999999999955e+03 1.806051205073801347e+00
1.789700000000000045e+03 1.803422653810048404e+00
1.790299999999999955e+03 1.804160467168852033e+00
1.790700000000000045e+03 1.802773701584208244e+00
1.791200000000000045e+03 1.804378907465761461e+00
1.791700000000000045e+03 1.804709302185617092e+00
1.792200000000000045e+03 1.803801087948861070e+00
1.792700000000000045e+03 1.805472892847771682e+00
1.793200000000000045e+03 1.808527558022728687e+00
1.793599999999999909e+03 1.806083941599553544e+00
1.794200000000000045e+03 1.805989590648102494e+00
1.794599999999999909e+03 1.804815275647679407e+00
1.795099999999999909e+03 1.808960176819858212e+00
1.795599999999999909e+03 1.808048893960977788e+00
1.796099999999999909e+03 1.808895968956808042e+00
1.796599999999999909e+03 1.806156347005266616e+00
1.797099999999999909e+03 1.808239167869472697e+00
1.797599999999999909e+03 1.808450155544746085e+00
1.798000000000000000e+03 1.811471573703573590e+00
1.798500000000000000e+03 1.809462155739575362e+00
1.799000000000000000e+03 1.810062824105026724e+00
1.799500000000000000e+03 1.808296067920957650e+00
1.800000000000000000e+03 1.810032495608009606e+00
1.800500000000000000e+03 1.808478188044493118e+00
1.800900000000000091e+03 1.809074703665747741e+00
1.801500000000000000e+03 1.807325751529606395e+00
1.801900000000000091e+03 1.809753800223085518e+00
1.802500000000000000e+03 1.809275100593365160e+00
1.802900000000000091e+03 1.808505958187651252e+00
1.803400000000000091e+03 1.806122705472877898e+00
1.803799999999999955e+03 1.808189942831740504e+00
1.804400000000000091e+03 1.805996602100202741e+00
1.804799999999999955e+03 1.808024001973417283e+00
1.805400000000000091e+03 1.803372936983080876e+00
1.805799999999999955e+03 1.806825041090805328e+00
1.806400000000000091e+03 1.803969352363826273e+00
1.806700000000000045e+03 1.808278951473375251e+00
1.807400000000000091e+03 1.802629780787078806e+00
1.807700000000000045e+03 1.804167462500165575e+00
1.808299999999999955e+03 1.802462763710533267e+00
1.808700000000000045e+03 1.806263652249722629e+00
1.809299999999999955e+03 1.801911942317726778e+00
1.809599999999999909e+03 1.800382121705925043e+00
1.810299999999999955e+03 1.801094468588077424e+00
1.810599999999999909e+03 1.803618270839044024e+00
1.811299999999999955e+03 1.801910380418991098e+00
1.811599999999999909e+03 1.804798102436646623e+00
1.812200000000000045e+03 1.801765028997137641e+00
1.812500000000000000e+03 1.803250345046684577e+00
1.813200000000000045e+03 1.800774615726811190e+00
1.813500000000000000e+03 1.802961850892492501e+00
1.814200000000000045e+03 1.801652926863035908e+00
1.814500000000000000e+03 1.804965786624166402e+00
1.815200000000000045e+03 1.803460809333636394e+00
1.815400000000000091e+03 1.804221346123859870e+00
1.816200000000000045e+03 1.803939340411243819e+00
1.816400000000000091e+03 1.804210776069826494e+00
1.817099999999999909e+03 1.803823969814695616e+00
1.817400000000000091e+03 1.808057258721873728e+00
1.818099999999999909e+03 1.805844185495296461e+00
1.818299999999999955e+03 1.809994596132992406e+00
1.819099999999999909e+03 1.806287443466516818e+00
1.819299999999999955e+03 1.806496274557215287e+00
1.820099999999999909e+03 1.809026373342760952e+00
1.820299999999999955e+03 1.814458322708030202e+00
1.821000000000000000e+03 1.810838177885033984e+00
1.821200000000000045e+03 1.813365902997375212e+00
1.822000000000000000e+03 1.812745450846573458e+00
1.822200000000000045e+03 1.812793985483312165e+00
1.823000000000000000e+03 1.812285185932924980e+00
1.823200000000000045e+03 1.813266567532424656e+00
1.823900000000000091e+03 1.814002902157054731e+00
1.824099999999999909e+03 1.815844686415701847e+00
1.824900000000000091e+03 1.814577599365525762e+00
1.825099999999999909e+03 1.817432894120329712e+00
1.825900000000000091e+03 1.815732423844562238e+00
1.826000000000000000e+03 1.820317004364382374e+00
1.826900000000000091e+03 1.815381818686762072e+00
1.827000000000000000e+03 1.816774398858277628e+00
1.827799999999999955e+03 1.813563603776811251e+00
1.828000000000000000e+03 1.815435337001277016e+00
1.828799999999999955e+03 1.814245542397508348e+00
1.828900000000000091e+03 1.815104159703312181e+00
1.829799999999999955e+03 1.814830759685732042e+00
1.829900000000000091e+03 1.817059344425469014e+00
1.830799999999999955e+03 1.815937156381062012e+00
1.830900000000000091e+03 1.814690002316609041e+00
1.831700000000000045e+03 1.811561153795980150e+00
1.831799999999999955e+03 1.815077620967460392e+00
1.832700000000000045e+03 1.809154110952639005e+00
1.832799999999999955e+03 1.812666285616080897e+00
1.833700000000000045e+03 1.810617184323417339e+00
1.834599999999999909e+03 1.807676156291225578e+00
1.834700000000000045e+03 1.811924931947069828e+00
1.835599999999999909e+03 1.809298506379372729e+00
1.835700000000000045e+03 1.812057844814347840e+00
1.836599999999999909e+03 1.807930813049147822e+00
1.837599999999999909e+03 1.807573699937068623e+00
1.838500000000000000e+03 1.805647103602309178e+00
1.838599999999999909e+03 1.809655186492789447e+00
1.839500000000000000e+03 1.805821218796833882e+00
1.840500000000000000e+03 1.804431230197637070e+00
1.841400000000000091e+03 1.805798037859397187e+00
1.842400000000000091e+03 1.806466675614544659e+00
1.843400000000000091e+03 1.807439201147265306e+00
1.844299999999999955e+03 1.809227821850601714e+00
1.844400000000000091e+03 1.804658893131577235e+00
1.845299999999999955e+03 1.805788095282316874e+00
1.846200000000000045e+03 1.807161943246179403e+00
1.846299999999999955e+03 1.803048158748667529e+00
1.847200000000000045e+03 1.806792483265624583e+00
1.847299999999999955e+03 1.807379333966143697e+00
1.848200000000000045e+03 1.807713587509880204e+00
1.849099999999999909e+03 1.809115733980462881e+00
1.849200000000000045e+03 1.803587204367368413e+00
1.850099999999999909e+03 1.808741848409068487e+00
1.850200000000000045e+03 1.805398932258569733e+00
1.851000000000000000e+03 1.807240287321723260e+00
1.851099999999999909e+03 1.803126995740200966e+00
1.852000000000000000e+03 1.806177885424337104e+00
1.852099999999999909e+03 1.803395899690831694e+00
1.852900000000000091e+03 1.808061937052507506e+00
1.853099999999999909e+03 1.805865109844674299e+00
1.853900000000000091e+03 1.807454167089732833e+00
1.854000000000000000e+03 1.805767775908430073e+00
1.854900000000000091e+03 1.807899874437794319e+00
1.855000000000000000e+03 1.803273516533113963e+00
1.855799999999999955e+03 1.807276806600432328e+00
1.856000000000000000e+03 1.803183140487761627e+00
1.856799999999999955e+03 1.807131872362622182e+00
1.856900000000000091e+03 1.801102395225641528e+00
1.857700000000000045e+03 1.801147035832181276e+00
1.857900000000000091e+03 1.801066801704084730e+00
1.858700000000000045e+03 1.805517498960856226e+00
1.858900000000000091e+03 1.800433370592895876e+00
1.859599999999999909e+03 1.804375405288734857e+00
1.859799999999999955e+03 1.801105379780392868e+00
1.860599999999999909e+03 1.804794030819739437e+00
1.860799999999999955e+03 1.804886245517676624e+00
1.861599999999999909e+03 1.805098409825813821e+00
1.861799999999999955e+03 1.800563371209833452e+00
1.862500000000000000e+03 1.804761194260807278e+00
1.862700000000000045e+03 1.800976380369750274e+00
1.863500000000000000e+03 1.804705261944401506e+00
1.863700000000000045e+03 1.799549069605978158e+00
1.864400000000000091e+03 1.802174340062080882e+00
1.864599999999999909e+03 1.799609955934119432e+00
1.865400000000000091e+03 1.802584678471596646e+00
1.865599999999999909e+03 1.802452120210098929e+00
1.866299999999999955e+03 1.807640347722058394e+00
1.866599999999999909e+03 1.801612312694700346e+00
1.867299999999999955e+03 1.804228124057234872e+00
1.867500000000000000e+03 1.801472133422674426e+00
1.868200000000000045e+03 1.805485165375903645e+00
1.868500000000000000e+03 1.801742663222516860e+00
1.869200000000000045e+03 1.806494704102887594e+00
1.869500000000000000e+03 1.805525216968903113e+00
1.870200000000000045e+03 1.807699496486560253e+00
1.870400000000000091e+03 1.805143278499997894e+00
1.871099999999999909e+03 1.807788469951738142e+00
1.871400000000000091e+03 1.804064711940920773e+00
1.872099999999999909e+03 1.807936744998930756e+00
1.872400000000000091e+03 1.806524342805222227e+00
1.873000000000000000e+03 1.811199267879400665e+00
1.873299999999999955e+03 1.807816765902408029e+00
1.874000000000000000e+03 1.811063581330126793e+00
1.874299999999999955e+03 1.806202699587164062e+00
1.874900000000000091e+03 1.807076465046175695e+00
1.875200000000000045e+03 1.806130515831631200e+00
1.875900000000000091e+03 1.808114226534604185e+00
1.876200000000000045e+03 1.807795529787268096e+00
1.876799999999999955e+03 1.809022258432489982e+00
1.877200000000000045e+03 1.805391447255633830e+00
1.877799999999999955e+03 1.806979735345966009e+00
1.878099999999999909e+03 1.805771458938003837e+00
1.878700000000000045e+03 1.808706270371467362e+00
1.879099999999999909e+03 1.804420133575978635e+00
1.879700000000000045e+03 1.808638713226011552e+00
1.880000000000000000e+03 1.801704317758702212e+00
1.880700000000000045e+03 1.806554680434875770e+00
1.881000000000000000e+03 1.803023955673946244e+00
1.881599999999999909e+03 1.804665509458610817e+00
1.882000000000000000e+03 1.801830559828572431e+00
1.882599999999999909e+03 1.804008663555934699e+00
1.882900000000000091e+03 1.804677373154305098e+00
1.883500000000000000e+03 1.807104229426192088e+00
1.883900000000000091e+03 1.805526466850641887e+00
1.884500000000000000e+03 1.805431936786492830e+00
1.884799999999999955e+03 1.800398296217902594e+00
1.885400000000000091e+03 1.803365354829479239e+00
1.885799999999999955e+03 1.801194820307148614e+00
1.886400000000000091e+03 1.805676856232661498e+00
1.886799999999999955e+03 1.803966424764904763e+00
1.887299999999999955e+03 1.804343742215114288e+00
1.887700000000000045e+03 1.801442018875963225e+00
1.888299999999999955e+03 1.805430239602598963e+00
1.888700000000000045e+03 1.803066917713693540e+00
1.889200000000000045e+03 1.804191715101941540e+00
1.889599999999999909e+03 1.804596259578627571e+00
1.890200000000000045e+03 1.806541193525825317e+00
1.890599999999999909e+03 1.802794701442510972e+00
1.891099999999999909e+03 1.807321647551524579e+00
1.891599999999999909e+03 1.806334498109526399e+00
1.892099999999999909e+03 1.807091197444923525e+00
1.892500000000000000e+03 1.804860856594955099e+00
1.893000000000000000e+03 1.807424645599404966e+00
1.893500000000000000e+03 1.808379536050689795e+00
1.894000000000000000e+03 1.807631033012463639e+00
1.894400000000000091e+03 1.805059796259348648e+00
1.894900000000000091e+03 1.806403277334653446e+00
1.895400000000000091e+03 1.807854521896012923e+00
1.895900000000000091e+03 1.807970348578378461e+00
1.896299999999999955e+03 1.807436409041518033e+00
1.896799999999999955e+03 1.808649448877670318e+00
1.897299999999999955e+03 1.809986897665081473e+00
1.897799999999999955e+03 1.810880568499217746e+00
1.898299999999999955e+03 1.810833988496170832e+00
1.898700000000000045e+03 1.810102409555982339e+00
1.899200000000000045e+03 1.808542836645663954e+00
1.899700000000000045e+03 1.808783651225732036e+00
1.900200000000000045e+03 1.809030736511686444e+00
1.900599999999999909e+03 1.810198779534692992e+00
1.901099999999999909e+03 1.808557478085559334e+00
1.901599999999999909e+03 1.809084998283534418e+00
1.902099999999999909e+03 1.808273748471049602e+00
1.902500000000000000e+03 1.810135136901441788e+00
1.903000000000000000e+03 1.807806599878453380e+00
1.903500000000000000e+03 1.808651176513158987e+00
1.904000000000000000e+03 1.806507384734318267e+00
1.904400000000000091e+03 1.808883863543211401e+00
1.905000000000000000e+03 1.807111036715296715e+00
1.905400000000000091e+03 1.807612130906923520e+00
1.905900000000000091e+03 1.806497340252047890e+00
1.906299999999999955e+03 1.808009494687880414e+00
1.906900000000000091e+03 1.806295913337707892e+00
1.907299999999999955e+03 1.804328416831399329e+00
1.907799999999999955e+03 1.802869664075241074e+00
1.908200000000000045e+03 1.803895427276408725e+00
1.908799999999999955e+03 1.805376572061434093e+00
1.909200000000000045e+03 1.806527940132396148e+00
1.909700000000000045e+03 1.803658926403848062e+00
1.910099999999999909e+03 1.804851738646756631e+00
1.910700000000000045e+03 1.803046945223230280e+00
1.911099999999999909e+03 1.805625157618912846e+00
1.911599999999999909e+03 1.803912683968394326e+00
1.912000000000000000e+03 1.805078457134890568e+00
1.912599999999999909e+03 1.806005271394411027e+00
1.912900000000000091e+03 1.805689069781015510e+00
1.913500000000000000e+03 1.806835989774279616e+00
1.913900000000000091e+03 1.807477463998992562e+00
1.914500000000000000e+03 1.804316995107543953e+00
1.914799999999999955e+03 1.807452627268821388e+00
1.915400000000000091e+03 1.806979257167429687e+00
1.915799999999999955e+03 1.806254370653862962e+00
1.916400000000000091e+03 1.804733983585040891e+00
1.916700000000000045e+03 1.805599794921988854e+00
1.917299999999999955e+03 1.806403986754270052e+00
1.917700000000000045e+03 1.809935932578320861e+00
1.918299999999999955e+03 1.810235473350703783e+00
1.918599999999999909e+03 1.807976610831072861e+00
1.919299999999999955e+03 1.808592019896812841e+00
1.919599999999999909e+03 1.810583129381273970e+00
1.920200000000000045e+03 1.811795380951815249e+00
1.920500000000000000e+03 1.812106888248036896e+00
1.921200000000000045e+03 1.811964378810523524e+00
1.921500000000000000e+03 1.808945493940706140e+00
1.922099999999999909e+03 1.807510803622387918e+00
1.922400000000000091e+03 1.808682935253225432e+00
1.923099999999999909e+03 1.808443889487781897e+00
1.923299999999999955e+03 1.808454422700749298e+00
1.924000000000000000e+03 1.809482538170018140e+00
1.924299999999999955e+03 1.809585702266017782e+00
1.925000000000000000e+03 1.808619177815921075e+00
1.925200000000000045e+03 1.809408363202431369e+00
1.925900000000000091e+03 1.812026723070225831e+00
1.926200000000000045e+03 1.809874372817562804e+00
1.926900000000000091e+03 1.809226870844199864e+00
1.927099999999999909e+03 1.811014405799023841e+00
1.927799999999999955e+03 1.809476727423654729e+00
1.928099999999999909e+03 1.807619775829517383e+00
1.928799999999999955e+03 1.809174886050574305e+00
1.929000000000000000e+03 1.807721777665051377e+00
1.929700000000000045e+03 1.807255589507656079e+00
1.930000000000000000e+03 1.805205895776558878e+00
1.930700000000000045e+03 1.806667889371769142e+00
1.930900000000000091e+03 1.807215815110313928e+00
1.931599999999999909e+03 1.803648360292319452e+00
1.931799999999999955e+03 1.806177951718707986e+00
1.932599999999999909e+03 1.805799089239827682e+00
1.932799999999999955e+03 1.805340953969203355e+00
1.933500000000000000e+03 1.804698727388154955e+00
1.933700000000000045e+03 1.801261417087600458e+00
1.934400000000000091e+03 1.801957299724698869e+00
1.934700000000000045e+03 1.804286649752008254e+00
1.935400000000000091e+03 1.802947424335930249e+00
1.935599999999999909e+03 1.801921125408544766e+00
1.936299999999999955e+03 1.801734763548396678e+00
1.936599999999999909e+03 1.803393001960288844e+00
1.937299999999999955e+03 1.803962345532546641e+00
1.937500000000000000e+03 1.802794870256883231e+00
1.938200000000000045e+03 1.804241942844429625e+00
1.938400000000000091e+03 1.804585314226441861e+00
1.939200000000000045e+03 1.802424512923530564e+00
1.939400000000000091e+03 1.803666141672669365e+00
1.940099999999999909e+03 1.801493601608045836e+00
1.940299999999999955e+03 1.802042508460040882e+00
1.941099999999999909e+03 1.804884667944145260e+00
1.941299999999999955e+03 1.807259725992051980e+00
1.942000000000000000e+03 1.805465613667834646e+00
1.942200000000000045e+03 1.804067211016881611e+00
1.943000000000000000e+03 1.804326840444507862e+00
1.943200000000000045e+03 1.803004393292101604e+00
1.943900000000000091e+03 1.804384578868327038e+00
1.944099999999999909e+03 1.803963479470715336e+00
1.944900000000000091e+03 1.806243161822797871e+00
1.945000000000000000e+03 1.804275575562265699e+00
1.945799999999999955e+03 1.805890920371617137e+00
1.946000000000000000e+03 1.806015532011036706e+00
1.946799999999999955e+03 1.806082614489668448e+00
1.946900000000000091e+03 1.805556020287299113e+00
1.947700000000000045e+03 1.804644050954497203e+00
1.947900000000000091e+03 1.805983500504678263e+00
1.948599999999999909e+03 1.806767926351685594e+00
1.948799999999999955e+03 1.805469158163818033e+00
1.949599999999999909e+03 1.805841147501932475e+00
1.949700000000000045e+03 1.804973081171891147e+00
1.950500000000000000e+03 1.807601138932324547e+00
1.950700000000000045e+03 1.807904722208277803e+00
1.951500000000000000e+03 1.807301690967986207e+00
1.951599999999999909e+03 1.807663528045075463e+00
1.952400000000000091e+03 1.806576174913695931e+00
1.952599999999999909e+03 1.802854858087918233e+00
1.953400000000000091e+03 1.804054878684984375e+00
1.953500000000000000e+03 1.804534017516110200e+00
1.954299999999999955e+03 1.804647532341505212e+00
1.954400000000000091e+03 1.802156037609429218e+00
1.955299999999999955e+03 1.805211682230853709e+00
1.955400000000000091e+03 1.802769426773663586e+00
1.956200000000000045e+03 1.804059429875926490e+00
1.956299999999999955e+03 1.801816608483669313e+00
1.957099999999999909e+03 1.803633446159538245e+00
1.957299999999999955e+03 1.802084162463950090e+00
1.958099999999999909e+03 1.803533211974734929e+00
1.958200000000000045e+03 1.800345320506705260e+00
1.959000000000000000e+03 1.801603984979029960e+00
1.959099999999999909e+03 1.799165190528417391e+00
1.960000000000000000e+03 1.803057659815077374e+00
1.960099999999999909e+03 1.801757767502343732e+00
1.960900000000000091e+03 1.802527634647625998e+00
1.961000000000000000e+03 1.799711456341117621e+00
1.961900000000000091e+03 1.801798371884887784e+00
1.962799999999999955e+03 1.803050329921395356e+00
1.962900000000000091e+03 1.802229648933311390e+00
1.963700000000000045e+03 1.805051447037486545e+00
1.963799999999999955e+03 1.801015500329256946e+00
1.964700000000000045e+03 1.804524772618463002e+00
1.964799999999999955e+03 1.802037595884362631e+00
1.965599999999999909e+03 1.804207602487058582e+00
1.965700000000000045e+03 1.802525505725967925e+00
1.966599999999999909e+03 1.805978256971715989e+00
1.967500000000000000e+03 1.805357110125931142e+00
1.967599999999999909e+03 1.803867726220214296e+00
1.968400000000000091e+03 1.808235163685641300e+00
1.968500000000000000e+03 1.804770907497243781e+00
1.969400000000000091e+03 1.806902251935378345e+00
1.970299999999999955e+03 1.807564388789645538e+00
1.970400000000000091e+03 1.803283116642557138e+00
1.971299999999999955e+03 1.804730369210465923e+00
1.972200000000000045e+03 1.806395622379135535e+00
1.973099999999999909e+03 1.808762027256074711e+00
1.973200000000000045e+03 1.805202023122090882e+00
1.974099999999999909e+03 1.807000074968423631e+00
1.975000000000000000e+03 1.809389115465455111e+00
1.975099999999999909e+03 1.805246704596460861e+00
1.976000000000000000e+03 1.806348123557646623e+00
1.976900000000000091e+03 1.806649101467888485e+00
1.977799999999999955e+03 1.807932863462216488e+00
1.977900000000000091e+03 1.803509356169656019e+00
1.978799999999999955e+03 1.803944180632793604e+00
1.979700000000000045e+03 1.803427781434777222e+00
1.980700000000000045e+03 1.804183669990610195e+00
1.981599999999999909e+03 1.803443117011328534e+00
1.982500000000000000e+03 1.804170762252370386e+00
1.983500000000000000e+03 1.804072920038120476e+00
1.984400000000000091e+03 1.803971519685983793e+00
1.985299999999999955e+03 1.803307692034938681e+00
1.986299999999999955e+03 1.803627947019125211e+00
1.987200000000000045e+03 1.803938124832846102e+00
1.988099999999999909e+03 1.803060679196839766e+00
1.988200000000000045e+03 1.811192611586207146e+00
1.989099999999999909e+03 1.805234223643066072e+00
1.990000000000000000e+03 1.803456010948911503e+00
1.990900000000000091e+03 1.801398318633368856e+00
1.991000000000000000e+03 1.808307223557366283e+00
1.991900000000000091e+03 1.806106265900476071e+00
1.992799999999999955e+03 1.805510213510860940e+00
1.993700000000000045e+03 1.804673145695841363e+00
1.993799999999999955e+03 1.810280666551303597e+00
1.994700000000000045e+03 1.808612334163449908e+00
1.995599999999999909e+03 1.807408779198774296e+00
1.996500000000000000e+03 1.805740942367985324e+00
1.996599999999999909e+03 1.812301670361310180e+00
1.997500000000000000e+03 1.808820233869048666e+00
1.998400000000000091e+03 1.807152121816510526e+00
1.999299999999999955e+03 1.805157546357005094e+00
1.999400000000000091e+03 1.808628513499503709e+00
2.000299999999999955e+03 1.806314395505496107e+00
2.001200000000000045e+03 1.805544136824688062e+00
2.002099999999999909e+03 1.803002242925632714e+00
2.002200000000000045e+03 1.810067283184260134e+00
2.003000000000000000e+03 1.804880077018412576e+00
2.003099999999999909e+03 1.809817675373562196e+00
2.004000000000000000e+03 1.806514751245456241e+00
2.004900000000000091e+03 1.804300089044430733e+00
2.005000000000000000e+03 1.810920762502566284e+00
2.005799999999999955e+03 1.803620660030960776e+00
2.005900000000000091e+03 1.808306651763206707e+00
2.006799999999999955e+03 1.804377790815973492e+00
2.007700000000000045e+03 1.801001180296664117e+00
2.007799999999999955e+03 1.806652352803801431e+00
2.008599999999999909e+03 1.801850281440005253e+00
2.008700000000000045e+03 1.806960019323368805e+00
2.009599999999999909e+03 1.803856461784610676e+00
2.010500000000000000e+03 1.799662950169270692e+00
2.010599999999999909e+03 1.807340566051398367e+00
2.011400000000000091e+03 1.801947206529495249e+00
2.011500000000000000e+03 1.807623203224408170e+00
2.012299999999999955e+03 1.802512957009382744e+00
2.012400000000000091e+03 1.809743808653623720e+00
2.013299999999999955e+03 1.803455042726909152e+00
2.013400000000000091e+03 1.809601380764822132e+00
2.014200000000000045e+03 1.804230725769550236e+00
2.014299999999999955e+03 1.810023052896994056e+00
2.015099999999999909e+03 1.805675801615185261e+00
2.015200000000000045e+03 1.811856549727499877e+00
2.016099999999999909e+03 1.807880633843166995e+00
2.017000000000000000e+03 1.802666196778621277e+00
2.017099999999999909e+03 1.810097326116012928e+00
2.017900000000000091e+03 1.803713184453654916e+00
2.018000000000000000e+03 1.812154997698510295e+00
2.018799999999999955e+03 1.806544343094496297e+00
2.018900000000000091e+03 1.810241440599489771e+00
2.019799999999999955e+03 1.803151918072947613e+00
2.019900000000000091e+03 1.809046408819001028e+00
2.020700000000000045e+03 1.804613508853356585e+00
2.020799999999999955e+03 1.810736143082799510e+00
2.021599999999999909e+03 1.803944686510815520e+00
2.021700000000000045e+03 1.811535858513565911e+00
2.022599999999999909e+03 1.808028741909802894e+00
2.022700000000000045e+03 1.814567984323967487e+00
2.023500000000000000e+03 1.807477180019511964e+00
2.023599999999999909e+03 1.812030381910961330e+00
2.024400000000000091e+03 1.804713603980537151e+00
2.024500000000000000e+03 1.812102183192023430e+00
2.025299999999999955e+03 1.805488227963429448e+00
2.025400000000000091e+03 1.811336924759044065e+00
2.026299999999999955e+03 1.804810061147343436e+00
2.026400000000000091e+03 1.810479295510456943e+00
2.027200000000000045e+03 1.804593088991778949e+00
2.027299999999999955e+03 1.810919912686511202e+00
2.028099999999999909e+03 1.803564063215128632e+00
2.028200000000000045e+03 1.809652898177843916e+00
2.029000000000000000e+03 1.803090541294222193e+00
2.029099999999999909e+03 1.808833943878928041e+00
2.030000000000000000e+03 1.804498876608445324e+00
2.030099999999999909e+03 1.808887910973740576e+00
2.030900000000000091e+03 1.801023270294121126e+00
2.031000000000000000e+03 1.808829355040095566e+00
2.031900000000000091e+03 1.809538317026660348e+00
2.032900000000000091e+03 1.810688255326299068e+00
2.033799999999999955e+03 1.810621057124722988e+00
2.034700000000000045e+03 1.811297613622714131e+00
2.035599999999999909e+03 1.812746018159830941e+00
2.036599999999999909e+03 1.813133005495457972e+00
2.037500000000000000e+03 1.812766058807348868e+00
2.038400000000000091e+03 1.810961468118463369e+00
2.039299999999999955e+03 1.810643550684798209e+00
2.040299999999999955e+03 1.813720563559616750e+00
2.041200000000000045e+03 1.811842009143998622e+00
2.042099999999999909e+03 1.809108562568987111e+00
2.043000000000000000e+03 1.811088277407209901e+00
2.044000000000000000e+03 1.813072000426510844e+00
2.044900000000000091e+03 1.811345087901665041e+00
2.045799999999999955e+03 1.808855548436329563e+00
2.046700000000000045e+03 1.810153385856200003e+00
2.047700000000000045e+03 1.809624298660481134e+00
2.048599999999999909e+03 1.810544081181403531e+00
2.049500000000000000e+03 1.806603839591407246e+00
2.050400000000000091e+03 1.806977425765356138e+00
2.051300000000000182e+03 1.807844615919321107e+00
2.052300000000000182e+03 1.808790038667332567e+00
2.053199999999999818e+03 1.805267316141150324e+00
2.054099999999999909e+03 1.806565428405592089e+00
2.055000000000000000e+03 1.805615327685356597e+00
2.056000000000000000e+03 1.804392775070544186e+00
2.056900000000000091e+03 1.803870778789026685e+00
2.057800000000000182e+03 1.803703302451019397e+00
2.058699999999999818e+03 1.805162803792377257e+00
2.059599999999999909e+03 1.803792400439916177e+00
2.060599999999999909e+03 1.803074555798140910e+00
2.061500000000000000e+03 1.804996719149834838e+00
2.062400000000000091e+03 1.803643711999652455e+00
2.063300000000000182e+03 1.802516594496879287e+00
2.064199999999999818e+03 1.805092715783322088e+00
2.065199999999999818e+03 1.808384788736603577e+00
2.066099999999999909e+03 1.805898002502655864e+00
2.067000000000000000e+03 1.804859556455676639e+00
2.067900000000000091e+03 1.806098952595837748e+00
2.068800000000000182e+03 1.804578014351862825e+00
2.069800000000000182e+03 1.805611664432597463e+00
2.070699999999999818e+03 1.809162675810211063e+00
2.071599999999999909e+03 1.807827592119172433e+00
2.072500000000000000e+03 1.806653751955183296e+00
2.073400000000000091e+03 1.804541077937121374e+00
2.074300000000000182e+03 1.803898615353924484e+00
2.075300000000000182e+03 1.806894722144022802e+00
2.076199999999999818e+03 1.808043129373496871e+00
2.077099999999999909e+03 1.803404279081904482e+00
2.078000000000000000e+03 1.805137657453802724e+00
2.078900000000000091e+03 1.804854032845861322e+00
2.079800000000000182e+03 1.804532718635072586e+00
2.080800000000000182e+03 1.805098747244828550e+00
2.081699999999999818e+03 1.803427595954535834e+00
2.082599999999999909e+03 1.801788875136375312e+00
2.083500000000000000e+03 1.805257132013516230e+00
2.084400000000000091e+03 1.803083472619302352e+00
2.085300000000000182e+03 1.803232040579201501e+00
2.086300000000000182e+03 1.805045747118733113e+00
2.087199999999999818e+03 1.806611587716262290e+00
2.088099999999999909e+03 1.805192501386575055e+00
2.089000000000000000e+03 1.803821313753548372e+00
2.089900000000000091e+03 1.804171623119551704e+00
2.090800000000000182e+03 1.805582217834333481e+00
2.091699999999999818e+03 1.803931753271992289e+00
2.092699999999999818e+03 1.805364676315798445e+00
2.093599999999999909e+03 1.806540135904843192e+00
2.094500000000000000e+03 1.806855601424967928e+00
2.095400000000000091e+03 1.807291563003005974e+00
2.096300000000000182e+03 1.807650001585361155e+00
2.097199999999999818e+03 1.806090524531066110e+00
2.098099999999999909e+03 1.806628326308747923e+00
2.099000000000000000e+03 1.806502397942066684e+00
2.100000000000000000e+03 1.806578245553788653e+00
2.100900000000000091e+03 1.806530944163873720e+00
2.101800000000000182e+03 1.805786534748189398e+00
2.102699999999999818e+03 1.805058931236941167e+00
2.103599999999999909e+03 1.806093819116904697e+00
2.104500000000000000e+03 1.807517182453627802e+00
2.105400000000000091e+03 1.806524011884186098e+00
2.106300000000000182e+03 1.806587322697320142e+00
2.107199999999999818e+03 1.807974631559548406e+00
2.108199999999999818e+03 1.808186578068127215e+00
2.109099999999999909e+03 1.808498215136277176e+00
2.110000000000000000e+03 1.811232182622513065e+00
2.110900000000000091e+03 1.812652607399956484e+00
2.111800000000000182e+03 1.816215097429106917e+00
2.112699999999999818e+03 1.815804495367017601e+00
2.113599999999999909e+03 1.819096281541709770e+00
2.114500000000000000e+03 1.821471091249922791e+00
2.115400000000000091e+03 1.823164251168519545e+00
2.116300000000000182e+03 1.825912079300414659e+00
2.117199999999999818e+03 1.827143082979180155e+00
2.118199999999999818e+03 1.830493528098474654e+00
2.119099999999999909e+03 1.834492334011184944e+00
2.120000000000000000e+03 1.835702846241165531e+00
2.120900000000000091e+03 1.834319283105867449e+00
2.121800000000000182e+03 1.836977727022645501e+00
2.122699999999999818e+03 1.836915685293345923e+00
2.123599999999999909e+03 1.837288229422726626e+00
2.124500000000000000e+03 1.835057663286176588e+00
2.125400000000000091e+03 1.832683275075076113e+00
2.126300000000000182e+03 1.831782544333785623e+00
2.127199999999999818e+03 1.829689009210583750e+00
2.128099999999999909e+03 1.828347662912341409e+00
2.129000000000000000e+03 1.825830274879804982e+00
2.129900000000000091e+03 1.824218062816952202e+00
2.130900000000000091e+03 1.822169135657489836e+00
2.131800000000000182e+03 1.819330834993754920e+00
2.132699999999999818e+03 1.817944026121430134e+00
2.133599999999999909e+03 1.816020511836873297e+00
2.134500000000000000e+03 1.813927055809004152e+00
2.135400000000000091e+03 1.812673310456307529e+00
2.136300000000000182e+03 1.811837288870137286e+00
2.137199999999999818e+03 1.811029883147747377e+00
2.138099999999999909e+03 1.808744748303771965e+00
2.139000000000000000e+03 1.808136449568371829e+00
2.139900000000000091e+03 1.809349755280240446e+00
2.140800000000000182e+03 1.807528621086798237e+00
2.141699999999999818e+03 1.805298134338335636e+00
2.142599999999999909e+03 1.806769652686927463e+00
2.143500000000000000e+03 1.806338219802996470e+00
2.144400000000000091e+03 1.805963050043056128e+00
2.145300000000000182e+03 1.804448358555151399e+00
2.146199999999999818e+03 1.803441112578397121e+00
2.147099999999999909e+03 1.804852470656509000e+00
2.148000000000000000e+03 1.803433843808401882e+00
2.148900000000000091e+03 1.803414797088355837e+00
2.149800000000000182e+03 1.802242733479053394e+00
2.150699999999999818e+03 1.802413825545357451e+00
2.151599999999999909e+03 1.802702779597894489e+00
2.152500000000000000e+03 1.800053076898878945e+00
2.153400000000000091e+03 1.799870789750584787e+00
2.154300000000000182e+03 1.800178648531707948e+00
2.155199999999999818e+03 1.801417795545837031e+00
2.156099999999999909e+03 1.799809941152728632e+00
2.157000000000000000e+03 1.799105274829820411e+00
2.157900000000000091e+03 1.799570869816061736e+00
2.158800000000000182e+03 1.800365562479998349e+00
2.159699999999999818e+03 1.799525263703587008e+00
2.160599999999999909e+03 1.799648651517195663e+00
2.161500000000000000e+03 1.799406285704906239e+00
2.162400000000000091e+03 1.799914713213177642e+00
2.163300000000000182e+03 1.802902779343166895e+00
2.164199999999999818e+03 1.802737877934177835e+00
2.165099999999999909e+03 1.801080326970107004e+00
2.166000000000000000e+03 1.802058879120854273e+00
2.166900000000000091e+03 1.800601373922410264e+00
2.167800000000000182e+03 1.800109099685981207e+00
2.168699999999999818e+03 1.801299410083363028e+00
2.169599999999999909e+03 1.802889019486822120e+00
2.170500000000000000e+03 1.802620799152470310e+00
2.171400000000000091e+03 1.802243027878772885e+00
2.172300000000000182e+03 1.801310181859949511e+00
2.173199999999999818e+03 1.800423246760797902e+00
2.174099999999999909e+03 1.799604215246863648e+00
2.175000000000000000e+03 1.799903093554462874e+00
2.175900000000000091e+03 1.801001654781482886e+00
2.176800000000000182e+03 1.800577696799294580e+00
2.177699999999999818e+03 1.800348687691568417e+00
2.178599999999999909e+03 1.800872028511624201e+00
2.179500000000000000e+03 1.799979499961378737e+00
2.180400000000000091e+03 1.800610380607658767e+00
2.181300000000000182e+03 1.799697263438159611e+00
2.182199999999999818e+03 1.800151747938250502e+00
2.183099999999999909e+03 1.799168078932024128e+00
2.183900000000000091e+03 1.800101264704689674e+00
2.184800000000000182e+03 1.800219609453438396e+00
2.185699999999999818e+03 1.800532644463276988e+00
2.186599999999999909e+03 1.798770596413780121e+00
2.187500000000000000e+03 1.800482678290616700e+00
2.188400000000000091e+03 1.801278564465906395e+00
2.189300000000000182e+03 1.802832268501147528e+00
2.190199999999999818e+03 1.802826877286100693e+00
2.191099999999999909e+03 1.802434590052656160e+00
2.192000000000000000e+03 1.803076290562813710e+00
2.192900000000000091e+03 1.803914208712386502e+00
2.193800000000000182e+03 1.804726458858569638e+00
2.194699999999999818e+03 1.804481578356147864e+00
2.195599999999999909e+03 1.804316078705541004e+00
2.196500000000000000e+03 1.803995667228494693e+00
2.197300000000000182e+03 1.804751741256091391e+00
2.198199999999999818e+03 1.804139941354066412e+00
2.199099999999999909e+03 1.803128976082251311e+00
2.200000000000000000e+03 1.803129349611838350e+00
2.200900000000000091e+03 1.802742797321590151e+00
2.201800000000000182e+03 1.803918368961690000e+00
2.202699999999999818e+03 1.803499478460499628e+00
2.203599999999999909e+03 1.803768992514987790e+00
2.204500000000000000e+03 1.803178100826546393e+00
2.205400000000000091e+03 1.801274568368887552e+00
2.206300000000000182e+03 1.802670712037718115e+00
2.207099999999999909e+03 1.803897128969523589e+00
2.208000000000000000e+03 1.804921214577205113e+00
2.208900000000000091e+03 1.802830278243990891e+00
2.209800000000000182e+03 1.805295345890050474e+00
2.210699999999999818e+03 1.809645751854652040e+00
2.211599999999999909e+03 1.816464560681000595e+00
2.212500000000000000e+03 1.834657453283981221e+00
2.213400000000000091e+03 1.833048757186011235e+00
2.214300000000000182e+03 1.811923712155570021e+00
2.215099999999999909e+03 1.807705665684028684e+00
2.216000000000000000e+03 1.808568775540604134e+00
2.216900000000000091e+03 1.809281022048784271e+00
2.217800000000000182e+03 1.809249789453396540e+00
2.218699999999999818e+03 1.810779482650478611e+00
2.219599999999999909e+03 1.810227319785402855e+00
2.220500000000000000e+03 1.809170519773143582e+00
2.221400000000000091e+03 1.810162859852186390e+00
2.222199999999999818e+03 1.810105699439132465e+00
2.223099999999999909e+03 1.809289707570508110e+00
2.224000000000000000e+03 1.809022333230210444e+00
2.224900000000000091e+03 1.808966946973449064e+00
2.225800000000000182e+03 1.807331898881462617e+00
2.226699999999999818e+03 1.808744237671760846e+00
2.227599999999999909e+03 1.807400332053484826e+00
2.228400000000000091e+03 1.808809356615245001e+00
2.229300000000000182e+03 1.809531093136187874e+00
2.230199999999999818e+03 1.809765555968576800e+00
2.231099999999999909e+03 1.807588557954098674e+00
2.232000000000000000e+03 1.807507344547176986e+00
2.232900000000000091e+03 1.808524696791363295e+00
2.233699999999999818e+03 1.810580575382823465e+00
2.234599999999999909e+03 1.810823868844181783e+00
2.235500000000000000e+03 1.809974115917840409e+00
2.236400000000000091e+03 1.809690519032769673e+00
2.237300000000000182e+03 1.810752930033274755e+00
2.238199999999999818e+03 1.809955499342208229e+00
2.239099999999999909e+03 1.808077304543267427e+00
2.239900000000000091e+03 1.808466928619608005e+00
2.240800000000000182e+03 1.810675868394067134e+00
2.241699999999999818e+03 1.808962831815152494e+00
2.242599999999999909e+03 1.809049514225702371e+00
2.243500000000000000e+03 1.807544481806353298e+00
2.244300000000000182e+03 1.807959267511898727e+00
2.245199999999999818e+03 1.807863167359367695e+00
2.246099999999999909e+03 1.806101314134982649e+00
2.247000000000000000e+03 1.806594300429872790e+00
2.247900000000000091e+03 1.805772816315608820e+00
2.248800000000000182e+03 1.807015851872270096e+00
2.249599999999999909e+03 1.807881565696493720e+00
2.250500000000000000e+03 1.807283217407843701e+00
2.251400000000000091e+03 1.806875146439194557e+00
2.252300000000000182e+03 1.805260794353183984e+00
2.253199999999999818e+03 1.806523528903717146e+00
2.254000000000000000e+03 1.806865383035722639e+00
2.254900000000000091e+03 1.806751855505424054e+00
2.255800000000000182e+03 1.806573661624206961e+00
2.256699999999999818e+03 1.806811856104258318e+00
2.257599999999999909e+03 1.805638503780278237e+00
2.258400000000000091e+03 1.806360542084002319e+00
2.259300000000000182e+03 1.805361282566411596e+00
2.260199999999999818e+03 1.805534520711487900e+00
2.261099999999999909e+03 1.807401492927932951e+00
2.262000000000000000e+03 1.807036692236200004e+00
2.262800000000000182e+03 1.807533781448071197e+00
2.263699999999999818e+03 1.808247855681357485e+00
2.264599999999999909e+03 1.806947867342497460e+00
2.265500000000000000e+03 1.808581401155147095e+00
2.266300000000000182e+03 1.806903906820843009e+00
2.267199999999999818e+03 1.806356020056142819e+00
2.268099999999999909e+03 1.807000635714522296e+00
2.269000000000000000e+03 1.807178208782462825e+00
2.269900000000000091e+03 1.805502636819094064e+00
2.270699999999999818e+03 1.805019741997077709e+00
2.271599999999999909e+03 1.804243742062422662e+00
2.272500000000000000e+03 1.804674436021381556e+00
2.273400000000000091e+03 1.804445278817205844e+00
2.274199999999999818e+03 1.803781392734588485e+00
2.275099999999999909e+03 1.803816796137585055e+00
2.276000000000000000e+03 1.804393307723032969e+00
2.276900000000000091e+03 1.803912639266308737e+00
2.277699999999999818e+03 1.802755121019839812e+00
2.278599999999999909e+03 1.802329392589462342e+00
2.279500000000000000e+03 1.803903925207289483e+00
2.280400000000000091e+03 1.802552412712782104e+00
2.281199999999999818e+03 1.802996267114681084e+00
2.282099999999999909e+03 1.801751086187498574e+00
2.283000000000000000e+03 1.803286558308987431e+00
2.283900000000000091e+03 1.803176634596661998e+00
2.284699999999999818e+03 1.804013479312982060e+00
2.285599999999999909e+03 1.803666693856692316e+00
2.286500000000000000e+03 1.803587810035326644e+00
2.287400000000000091e+03 1.804114760623519720e+00
2.288199999999999818e+03 1.803365796289841505e+00
2.289099999999999909e+03 1.804061409584973630e+00
2.290000000000000000e+03 1.803377673082448895e+00
2.290800000000000182e+03 1.803115746100976136e+00
2.291699999999999818e+03 1.805289739148009831e+00
2.292599999999999909e+03 1.805102085572258153e+00
2.293500000000000000e+03 1.806129082512957895e+00
2.294300000000000182e+03 1.806889255600348632e+00
2.295199999999999818e+03 1.804563969463174988e+00
2.296099999999999909e+03 1.802605731583148962e+00
2.296900000000000091e+03 1.803191448897092153e+00
2.297800000000000182e+03 1.804791141221574469e+00
2.298699999999999818e+03 1.803013861142732654e+00
2.299599999999999909e+03 1.803434476330791458e+00
2.300400000000000091e+03 1.802997815513381452e+00
2.301300000000000182e+03 1.802993261267546110e+00
2.302199999999999818e+03 1.802716964514127218e+00
2.303000000000000000e+03 1.803548149386038357e+00
2.303900000000000091e+03 1.803378775783158749e+00
2.304800000000000182e+03 1.803523140021933813e+00
2.305699999999999818e+03 1.803760227325369003e+00
2.306500000000000000e+03 1.803970722149971895e+00
2.307400000000000091e+03 1.804295467630544270e+00
2.308300000000000182e+03 1.802962071386951859e+00
2.309099999999999909e+03 1.804735805644328117e+00
2.310000000000000000e+03 1.804502394189453351e+00
2.310900000000000091e+03 1.804684635816007132e+00
2.311699999999999818e+03 1.804052627472001236e+00
2.312599999999999909e+03 1.804548211596442853e+00
2.313500000000000000e+03 1.804340508895437178e+00
2.314300000000000182e+03 1.804536347585795397e+00
2.315199999999999818e+03 1.806114018594800363e+00
2.316099999999999909e+03 1.805508838406881589e+00
2.316900000000000091e+03 1.805558973154142599e+00
2.317800000000000182e+03 1.804580032175459037e+00
2.318699999999999818e+03 1.806548883268746408e+00
2.319500000000000000e+03 1.807384195365067558e+00
2.320400000000000091e+03 1.808278579246211049e+00
2.321300000000000182e+03 1.807426224719750785e+00
2.322099999999999909e+03 1.805425610219759447e+00
2.323000000000000000e+03 1.803710377056263692e+00
2.323900000000000091e+03 1.803199761332047402e+00
2.324699999999999818e+03 1.803755860856841142e+00
2.325599999999999909e+03 1.803028483078855437e+00
2.326500000000000000e+03 1.802985087417583676e+00
2.327300000000000182e+03 1.800757780789288498e+00
2.328199999999999818e+03 1.801692057413278425e+00
2.329099999999999909e+03 1.802459391983228132e+00
2.329900000000000091e+03 1.803055402768046100e+00
2.330800000000000182e+03 1.803305562062459622e+00
2.331699999999999818e+03 1.803318018626058894e+00
2.332500000000000000e+03 1.804113537880168039e+00
2.333400000000000091e+03 1.804291656062563920e+00
2.334300000000000182e+03 1.804636107993927041e+00
2.335099999999999909e+03 1.803918833096340046e+00
2.336000000000000000e+03 1.802620276167816726e+00
2.336900000000000091e+03 1.802635742711673261e+00
2.337699999999999818e+03 1.802499388628365118e+00
2.338599999999999909e+03 1.804886096896907377e+00
2.339400000000000091e+03 1.805438514940530759e+00
2.340300000000000182e+03 1.804740380664029420e+00
2.341199999999999818e+03 1.804204727643081929e+00
2.342000000000000000e+03 1.805462208081549225e+00
2.342900000000000091e+03 1.805670267977690591e+00
2.343800000000000182e+03 1.805335333490319716e+00
2.344599999999999909e+03 1.803057896277548089e+00
2.345500000000000000e+03 1.802202878039032008e+00
2.346300000000000182e+03 1.803032347040517180e+00
2.347199999999999818e+03 1.802639715178297797e+00
2.348099999999999909e+03 1.803122701662501326e+00
2.348900000000000091e+03 1.802835159422994105e+00
2.349800000000000182e+03 1.802607394004415609e+00
2.350599999999999909e+03 1.804136886183777211e+00
2.351500000000000000e+03 1.803865896463624052e+00
2.352400000000000091e+03 1.803040934857820243e+00
2.353199999999999818e+03 1.802564081619077996e+00
2.354099999999999909e+03 1.802107063971644996e+00
2.354900000000000091e+03 1.802807333477189466e+00
2.355800000000000182e+03 1.803329380011244654e+00
2.356699999999999818e+03 1.803126659033208679e+00
2.357500000000000000e+03 1.802553753031733041e+00
2.358400000000000091e+03 1.803467825543850767e+00
2.359199999999999818e+03 1.803508651073977065e+00
2.360099999999999909e+03 1.801637042096167596e+00
2.361000000000000000e+03 1.802619569262683186e+00
2.361800000000000182e+03 1.804331159529976913e+00
2.362699999999999818e+03 1.803153707324785859e+00
2.363500000000000000e+03 1.801457528200298031e+00
2.364400000000000091e+03 1.803150061898434187e+00
2.365300000000000182e+03 1.804337396290897511e+00
2.366099999999999909e+03 1.802963957525793637e+00
2.367000000000000000e+03 1.803977249809225469e+00
2.367800000000000182e+03 1.803102511413990694e+00
2.368699999999999818e+03 1.802306539247177986e+00
2.369500000000000000e+03 1.803180822303596997e+00
2.370400000000000091e+03 1.800907690295772134e+00
2.371300000000000182e+03 1.801298331654443308e+00
2.372099999999999909e+03 1.801777476937103550e+00
2.373000000000000000e+03 1.802466293780204731e+00
2.373800000000000182e+03 1.802009875920035142e+00
2.374699999999999818e+03 1.801733279562094614e+00
2.375500000000000000e+03 1.800921003921257091e+00
2.376400000000000091e+03 1.801751098442718080e+00
2.377199999999999818e+03 1.801832150172855362e+00
2.378099999999999909e+03 1.801587680598106589e+00
2.379000000000000000e+03 1.800060218203736628e+00
2.379800000000000182e+03 1.798856879880893045e+00
2.380699999999999818e+03 1.799583498749683486e+00
2.381500000000000000e+03 1.799944183772966833e+00
2.382400000000000091e+03 1.801011817199473120e+00
2.383199999999999818e+03 1.800587573179627032e+00
2.384099999999999909e+03 1.801970628907124672e+00
2.384900000000000091e+03 1.802400943142072887e+00
2.385800000000000182e+03 1.801568946504721325e+00
2.386599999999999909e+03 1.801395643013886660e+00
2.387500000000000000e+03 1.802806568870978232e+00
2.388400000000000091e+03 1.804954971529370678e+00
2.389199999999999818e+03 1.804280339425151647e+00
2.390099999999999909e+03 1.803375242908719089e+00
2.390900000000000091e+03 1.802693450302251588e+00
2.391800000000000182e+03 1.802870565896911748e+00
2.392599999999999909e+03 1.801932979853657191e+00
2.393500000000000000e+03 1.802308897674651744e+00
2.394300000000000182e+03 1.802051569159723199e+00
2.395199999999999818e+03 1.800761611367007076e+00
2.396000000000000000e+03 1.801050668122537335e+00
2.396900000000000091e+03 1.801815129498460788e+00
2.397699999999999818e+03 1.802661597367237745e+00
2.398599999999999909e+03 1.801841220214543515e+00
2.399400000000000091e+03 1.801193732711089179e+00
2.400300000000000182e+03 1.800774732088177732e+00
2.401099999999999909e+03 1.801291523705579101e+00
2.402000000000000000e+03 1.801106807844439439e+00
2.402800000000000182e+03 1.800818271997222109e+00
2.403699999999999818e+03 1.802435047875114549e+00
2.404500000000000000e+03 1.802648238990924856e+00
2.405400000000000091e+03 1.802861620705132228e+00
2.406199999999999818e+03 1.802830113112829036e+00
2.407099999999999909e+03 1.802514502977440092e+00
2.407900000000000091e+03 1.802092444294214335e+00
2.408800000000000182e+03 1.803580612966277252e+00
2.409599999999999909e+03 1.803943963517164351e+00
2.410500000000000000e+03 1.805677259324941719e+00
2.411300000000000182e+03 1.804226071198080872e+00
2.412199999999999818e+03 1.802035094004196258e+00
2.413000000000000000e+03 1.801050557719639844e+00
2.413400000000000091e+03 1.799688040859729998e+00
2.413900000000000091e+03 1.803294828509135694e+00
2.414199999999999818e+03 1.800483244431535290e+00
2.414699999999999818e+03 1.802780040321408928e+00
2.415099999999999909e+03 1.800271625673378617e+00
2.415599999999999909e+03 1.801467823311420080e+00
2.415900000000000091e+03 1.800787974999838115e+00
2.416400000000000091e+03 1.803754665356350317e+00
2.416800000000000182e+03 1.802163290178414146e+00
2.417300000000000182e+03 1.802733685384528828e+00
2.417699999999999818e+03 1.801195151621021617e+00
2.418099999999999909e+03 1.804000147422847977e+00
2.418500000000000000e+03 1.801291205192871114e+00
2.419000000000000000e+03 1.803676370843410925e+00
2.419400000000000091e+03 1.800904450430307113e+00
2.419800000000000182e+03 1.802611243221733828e+00
2.420199999999999818e+03 1.800634403391873306e+00
2.420699999999999818e+03 1.803762318665224518e+00
2.421099999999999909e+03 1.803469190899013253e+00
2.421500000000000000e+03 1.804245647331440994e+00
2.422000000000000000e+03 1.801115779367350234e+00
2.422400000000000091e+03 1.803587324757122134e+00
2.422800000000000182e+03 1.802400594827362257e+00
2.423199999999999818e+03 1.804080331688264538e+00
2.423699999999999818e+03 1.801991144958839497e+00
2.424099999999999909e+03 1.804767297405029502e+00
2.424500000000000000e+03 1.803233050784673441e+00
2.424900000000000091e+03 1.803316293495276001e+00
2.425400000000000091e+03 1.803486473558655101e+00
2.425699999999999818e+03 1.804144320088136855e+00
2.426300000000000182e+03 1.802958720041081486e+00
2.426599999999999909e+03 1.803691189156328312e+00
2.427099999999999909e+03 1.802731513608813119e+00
2.427400000000000091e+03 1.804750341293319460e+00
2.428000000000000000e+03 1.804035626981597362e+00
2.428300000000000182e+03 1.803087151532718257e+00
2.428800000000000182e+03 1.802228594640484571e+00
2.429099999999999909e+03 1.805157050384463613e+00
2.429699999999999818e+03 1.804045500658809420e+00
2.430000000000000000e+03 1.805549443156623690e+00
2.430500000000000000e+03 1.802123229216485711e+00
2.430800000000000182e+03 1.803280269901361921e+00
2.431400000000000091e+03 1.801882976362240596e+00
2.431699999999999818e+03 1.803959960797466566e+00
2.432300000000000182e+03 1.804722332563753806e+00
2.432500000000000000e+03 1.805735680317463121e+00
2.433099999999999909e+03 1.803991646658035686e+00
2.433400000000000091e+03 1.804733428979803378e+00
2.434000000000000000e+03 1.804204566239124174e+00
2.434199999999999818e+03 1.804092203073351053e+00
2.434800000000000182e+03 1.803688628283094841e+00
2.435000000000000000e+03 1.807565645231766993e+00
2.435699999999999818e+03 1.804242319445969356e+00
2.435900000000000091e+03 1.805740165909331729e+00
2.436500000000000000e+03 1.804225244246075555e+00
2.436699999999999818e+03 1.806399420044101367e+00
2.437400000000000091e+03 1.806513785745608391e+00
2.437599999999999909e+03 1.806544655817625689e+00
2.438300000000000182e+03 1.803881862075649600e+00
2.438400000000000091e+03 1.806483288832714917e+00
2.439099999999999909e+03 1.806549163436241168e+00
2.439300000000000182e+03 1.808218402239178291e+00
2.440000000000000000e+03 1.804780644847004289e+00
2.440099999999999909e+03 1.805953898446333916e+00
2.440800000000000182e+03 1.805811804988721736e+00
2.440900000000000091e+03 1.806001859823631372e+00
2.441699999999999818e+03 1.804131111869834880e+00
2.441800000000000182e+03 1.805592069737780747e+00
2.442500000000000000e+03 1.806037461644858677e+00
2.442599999999999909e+03 1.804744359364283346e+00
2.443400000000000091e+03 1.804276627986191039e+00
2.443500000000000000e+03 1.805416326489446943e+00
2.444199999999999818e+03 1.803751941056938923e+00
2.444300000000000182e+03 1.804994137192074355e+00
2.445099999999999909e+03 1.804479857684845534e+00
2.445199999999999818e+03 1.804416523162452712e+00
2.445900000000000091e+03 1.802442671514362216e+00
2.446000000000000000e+03 1.805673513676495645e+00
2.446800000000000182e+03 1.804812763469265224e+00
2.447699999999999818e+03 1.803408107374896874e+00
2.448500000000000000e+03 1.803867841419116269e+00
2.449400000000000091e+03 1.803645879977470168e+00
2.450199999999999818e+03 1.802788847691545904e+00
2.451099999999999909e+03 1.802769474168189445e+00
2.451900000000000091e+03 1.803114763017050093e+00
2.452699999999999818e+03 1.803737705157201665e+00
2.452800000000000182e+03 1.802865061594426610e+00
2.453599999999999909e+03 1.804158642832941251e+00
2.454400000000000091e+03 1.804675459551448258e+00
2.454500000000000000e+03 1.802931175474409953e+00
2.455300000000000182e+03 1.804108195034459960e+00
2.456099999999999909e+03 1.804201337200298738e+00
2.456199999999999818e+03 1.802108626901871347e+00
2.456900000000000091e+03 1.804137217775735325e+00
2.457000000000000000e+03 1.801133714302085798e+00
2.457800000000000182e+03 1.803589979692774126e+00
2.457900000000000091e+03 1.802642907241343684e+00
2.458599999999999909e+03 1.803106015206029644e+00
2.458699999999999818e+03 1.802813201738099336e+00
2.459500000000000000e+03 1.804585166301922783e+00
2.459599999999999909e+03 1.802560863667790114e+00
2.460300000000000182e+03 1.804251641856905675e+00
2.460400000000000091e+03 1.804544199336292953e+00
2.461099999999999909e+03 1.805349648076127078e+00
2.461300000000000182e+03 1.804091855889483398e+00
2.462000000000000000e+03 1.805638488116110052e+00
2.462099999999999909e+03 1.804741968729559831e+00
2.462800000000000182e+03 1.806528324070698410e+00
2.463000000000000000e+03 1.804894572839310651e+00
2.463699999999999818e+03 1.805310595086059955e+00
2.463800000000000182e+03 1.803057230209134332e+00
2.464500000000000000e+03 1.804311296920185992e+00
2.464699999999999818e+03 1.801886509560464367e+00
2.465300000000000182e+03 1.804373337333958105e+00
2.465500000000000000e+03 1.802812073118101210e+00
2.466199999999999818e+03 1.804867244758091571e+00
2.466400000000000091e+03 1.804304491538859523e+00
2.467000000000000000e+03 1.804941227201848353e+00
2.467199999999999818e+03 1.802330124598797267e+00
2.467900000000000091e+03 1.802404676935455585e+00
2.468099999999999909e+03 1.800703075877131853e+00
2.468699999999999818e+03 1.804066676339815878e+00
2.468900000000000091e+03 1.801619499347060227e+00
2.469500000000000000e+03 1.801982176029023330e+00
2.469800000000000182e+03 1.801226447056810009e+00
2.470400000000000091e+03 1.802724801516817577e+00
2.470599999999999909e+03 1.801164873546796219e+00
2.471199999999999818e+03 1.802753904995318956e+00
2.471500000000000000e+03 1.801435506177128554e+00
2.472000000000000000e+03 1.802034988642641222e+00
2.472300000000000182e+03 1.800842790807942073e+00
2.472900000000000091e+03 1.802258157293475938e+00
2.473199999999999818e+03 1.800501462680530462e+00
2.473699999999999818e+03 1.802807478804532071e+00
2.474000000000000000e+03 1.800473965266542464e+00
2.474599999999999909e+03 1.802554196558439514e+00
2.474900000000000091e+03 1.801854558991646593e+00
2.475400000000000091e+03 1.801854590130390621e+00
2.475699999999999818e+03 1.801677193246901787e+00
2.476199999999999818e+03 1.804179805939889691e+00
2.476500000000000000e+03 1.800618819250194624e+00
2.477099999999999909e+03 1.801905919340800244e+00
2.477400000000000091e+03 1.801138757857491335e+00
2.477900000000000091e+03 1.801528801595727591e+00
2.478199999999999818e+03 1.801618012950749304e+00
2.478699999999999818e+03 1.803063683821755303e+00
2.479099999999999909e+03 1.800911760038453435e+00
2.479599999999999909e+03 1.802558577749066471e+00
2.479900000000000091e+03 1.802916834520561506e+00
2.480400000000000091e+03 1.804030454055999488e+00
2.480800000000000182e+03 1.801839547238740069e+00
2.481199999999999818e+03 1.803721711055114474e+00
2.481599999999999909e+03 1.802037507695661844e+00
2.482099999999999909e+03 1.804086595387771830e+00
2.482500000000000000e+03 1.800913634156357634e+00
2.482900000000000091e+03 1.801581721260632873e+00
2.483300000000000182e+03 1.801933118630205444e+00
2.483800000000000182e+03 1.804110029564026885e+00
2.484199999999999818e+03 1.802378669705374303e+00
2.484599999999999909e+03 1.802943167454901241e+00
2.485000000000000000e+03 1.800775147298467216e+00
2.485400000000000091e+03 1.802234340137470969e+00
2.485800000000000182e+03 1.802161425223820723e+00
2.486300000000000182e+03 1.803388416125238258e+00
2.486699999999999818e+03 1.801656645289017922e+00
2.487099999999999909e+03 1.802149171969078978e+00
2.487500000000000000e+03 1.801059710889701071e+00
2.487900000000000091e+03 1.804253893680073828e+00
2.488400000000000091e+03 1.804773684652184018e+00
2.488800000000000182e+03 1.807383460650750617e+00
2.489199999999999818e+03 1.804004672323598735e+00
2.489599999999999909e+03 1.803675417416356286e+00
2.490099999999999909e+03 1.802007273024993417e+00
2.490400000000000091e+03 1.804495790731396321e+00
2.490900000000000091e+03 1.803094152680701612e+00
2.491300000000000182e+03 1.803008243750142237e+00
2.491699999999999818e+03 1.801782261837678645e+00
2.492099999999999909e+03 1.802629221419861150e+00
2.492599999999999909e+03 1.802218065819703563e+00
2.492900000000000091e+03 1.804146797740871611e+00
2.493400000000000091e+03 1.800729285331327256e+00
2.493800000000000182e+03 1.802702324420793145e+00
2.494300000000000182e+03 1.801375675078184191e+00
2.494599999999999909e+03 1.803297426005795900e+00
2.495099999999999909e+03 1.800828492069032061e+00
2.495400000000000091e+03 1.801265977599922241e+00
2.496000000000000000e+03 1.800174613305321802e+00
2.496300000000000182e+03 1.801537565190012069e+00
2.496800000000000182e+03 1.800685250461668163e+00
2.497099999999999909e+03 1.801314229216690155e+00
2.497599999999999909e+03 1.801744661320354934e+00
2.497900000000000091e+03 1.801354369629526886e+00
2.498500000000000000e+03 1.801293970306524939e+00
2.498800000000000182e+03 1.802330056627940102e+00
2.499300000000000182e+03 1.800680349117070644e+00
2.499599999999999909e+03 1.803134560360461158e+00
2.500199999999999818e+03 1.800191902441279801e+00
2.500400000000000091e+03 1.800282368604344985e+00
2.501000000000000000e+03 1.800454272299515823e+00
2.501300000000000182e+03 1.801920105334086530e+00
2.501800000000000182e+03 1.803406091916983645e+00
2.502099999999999909e+03 1.802979439302744513e+00
2.502699999999999818e+03 1.800848339333701809e+00
2.502900000000000091e+03 1.801369595050005490e+00
2.503500000000000000e+03 1.800912094239901728e+00
2.503800000000000182e+03 1.803010331426580404e+00
2.504400000000000091e+03 1.801833674953708719e+00
2.504599999999999909e+03 1.803955604914700972e+00
2.505199999999999818e+03 1.801996149498568345e+00
2.505400000000000091e+03 1.802758327885996437e+00
2.506000000000000000e+03 1.802633884071101367e+00
2.506199999999999818e+03 1.804809174835827701e+00
2.506900000000000091e+03 1.803106195157258451e+00
2.507099999999999909e+03 1.803348377152943049e+00
2.507699999999999818e+03 1.801800242869911806e+00
2.507900000000000091e+03 1.803783996973889359e+00
2.508599999999999909e+03 1.802433132151847861e+00
2.508699999999999818e+03 1.803496909993075104e+00
2.509400000000000091e+03 1.802836505362347630e+00
2.509599999999999909e+03 1.804824083507932553e+00
2.510199999999999818e+03 1.804177094349133759e+00
2.510400000000000091e+03 1.803675528918965654e+00
2.511099999999999909e+03 1.802523694368539431e+00
2.511199999999999818e+03 1.803863982961097401e+00
2.511900000000000091e+03 1.802571416283919481e+00
2.512099999999999909e+03 1.803991581146327849e+00
2.512800000000000182e+03 1.801685228524054772e+00
2.512900000000000091e+03 1.802193735698540911e+00
2.513599999999999909e+03 1.802552720311478840e+00
2.513699999999999818e+03 1.802615449343743181e+00
2.514400000000000091e+03 1.802124577689196538e+00
2.514500000000000000e+03 1.803555858396275413e+00
2.515300000000000182e+03 1.802568582934702901e+00
2.515400000000000091e+03 1.802825904127173251e+00
2.516099999999999909e+03 1.801806013338809187e+00
2.516199999999999818e+03 1.802983567269061949e+00
2.516900000000000091e+03 1.801892866628129752e+00
2.517000000000000000e+03 1.802979069065647089e+00
2.517800000000000182e+03 1.801788984267332694e+00
2.517900000000000091e+03 1.803881105483427394e+00
2.518599999999999909e+03 1.802591299014346449e+00
2.518699999999999818e+03 1.804171980631177785e+00
2.519500000000000000e+03 1.801613377749347711e+00
2.520300000000000182e+03 1.800795236346821815e+00
2.520400000000000091e+03 1.802754959780667132e+00
2.521099999999999909e+03 1.802278111771885794e+00
2.521199999999999818e+03 1.802709902147181742e+00
2.522000000000000000e+03 1.801087140367260808e+00
2.522800000000000182e+03 1.802233424539057216e+00
2.523599999999999909e+03 1.801560571287126544e+00
2.523699999999999818e+03 1.803305866229844456e+00
2.524500000000000000e+03 1.802191324073775913e+00
2.525300000000000182e+03 1.801707361754557590e+00
2.526099999999999909e+03 1.802296771027733335e+00
2.527000000000000000e+03 1.802014089916986084e+00
2.527800000000000182e+03 1.802506406810490791e+00
2.528599999999999909e+03 1.802879545573622178e+00
2.528699999999999818e+03 1.802455246954989043e+00
2.529500000000000000e+03 1.803197613704791147e+00
2.530300000000000182e+03 1.803179854205988475e+00
2.531099999999999909e+03 1.803575456541994138e+00
2.531199999999999818e+03 1.801527217365499034e+00
2.531900000000000091e+03 1.803698729896859643e+00
2.532000000000000000e+03 1.802606018953597955e+00
2.532800000000000182e+03 1.803440689875401182e+00
2.533599999999999909e+03 1.803492185219595534e+00
2.533699999999999818e+03 1.803692865136511836e+00
2.534400000000000091e+03 1.803275720662430581e+00
2.534500000000000000e+03 1.802163792291938904e+00
2.535199999999999818e+03 1.802498530920559894e+00
2.535300000000000182e+03 1.803307812488033290e+00
2.536099999999999909e+03 1.803696692140853486e+00
2.536199999999999818e+03 1.802954279554988881e+00
2.536900000000000091e+03 1.803111589283669991e+00
2.537000000000000000e+03 1.801948855298287855e+00
2.537699999999999818e+03 1.801732402179307968e+00
2.537800000000000182e+03 1.801456569748044467e+00
2.538500000000000000e+03 1.803254529413223617e+00
2.538699999999999818e+03 1.802010808129348218e+00
2.539400000000000091e+03 1.802219764765873977e+00
2.539500000000000000e+03 1.801744647224748475e+00
2.540199999999999818e+03 1.803295853128994208e+00
2.540300000000000182e+03 1.801400182081632551e+00
2.541000000000000000e+03 1.802825444593502580e+00
2.541099999999999909e+03 1.803631333786819502e+00
2.541800000000000182e+03 1.804149670450447829e+00
2.542000000000000000e+03 1.801684707324577861e+00
2.542699999999999818e+03 1.803229737418294842e+00
2.542800000000000182e+03 1.802464817752870152e+00
2.543500000000000000e+03 1.801777159892695268e+00
2.543599999999999909e+03 1.801285667614122454e+00
2.544300000000000182e+03 1.802619992795888582e+00
2.544500000000000000e+03 1.801636850051961503e+00
2.545099999999999909e+03 1.803965389554886833e+00
2.545300000000000182e+03 1.802668554190943295e+00
2.546000000000000000e+03 1.803333509643443522e+00
2.546099999999999909e+03 1.801449758174243465e+00
2.546800000000000182e+03 1.802569026862024248e+00
2.547000000000000000e+03 1.801757974528432893e+00
2.547599999999999909e+03 1.801038381941689748e+00
2.547800000000000182e+03 1.800731902246622607e+00
2.548400000000000091e+03 1.802114393119045088e+00
2.548599999999999909e+03 1.802256660355186835e+00
2.549300000000000182e+03 1.800342692748072126e+00
2.549500000000000000e+03 1.800742731639246585e+00
2.550099999999999909e+03 1.802023825131429335e+00
2.550300000000000182e+03 1.801385974885287622e+00
2.550900000000000091e+03 1.801831675899010499e+00
2.551099999999999909e+03 1.802150769547360198e+00
2.551699999999999818e+03 1.801121657185537517e+00
2.551900000000000091e+03 1.801532300018124477e+00
2.552599999999999909e+03 1.802916991840386229e+00
2.552800000000000182e+03 1.803010997149757877e+00
2.553400000000000091e+03 1.801831897631010815e+00
2.553599999999999909e+03 1.802062450785913983e+00
2.554199999999999818e+03 1.802001490228849701e+00
2.554400000000000091e+03 1.801822570391254263e+00
2.555000000000000000e+03 1.800801969028802629e+00
2.555300000000000182e+03 1.801577702918545132e+00
2.555800000000000182e+03 1.802391922784154277e+00
2.556099999999999909e+03 1.803289090149260421e+00
2.556699999999999818e+03 1.802763475926570269e+00
2.556900000000000091e+03 1.802477921996812116e+00
2.557500000000000000e+03 1.804619993677325951e+00
2.557699999999999818e+03 1.802827891626091805e+00
2.558300000000000182e+03 1.803910127416938236e+00
2.558599999999999909e+03 1.803447089005112192e+00
2.559099999999999909e+03 1.802608489808862124e+00
2.559400000000000091e+03 1.801842553986889639e+00
2.560000000000000000e+03 1.802311034036549575e+00
2.560199999999999818e+03 1.802853479525725611e+00
2.560800000000000182e+03 1.803126352065534066e+00
2.561099999999999909e+03 1.803120534950892084e+00
2.561599999999999909e+03 1.803237881666591491e+00
2.561900000000000091e+03 1.802849417483617822e+00
2.562400000000000091e+03 1.802859696423182889e+00
2.562699999999999818e+03 1.801624411688662608e+00
2.563199999999999818e+03 1.802039234398116641e+00
2.563500000000000000e+03 1.802524347552217021e+00
2.564099999999999909e+03 1.802680571326906067e+00
2.564400000000000091e+03 1.802890346698305946e+00
2.564900000000000091e+03 1.802201178262410997e+00
2.565199999999999818e+03 1.803073999456813459e+00
2.565699999999999818e+03 1.802413923457814260e+00
2.566000000000000000e+03 1.802607234013059223e+00
2.566500000000000000e+03 1.802142670895185983e+00
2.566800000000000182e+03 1.802574757571310027e+00
2.567300000000000182e+03 1.802773115386562930e+00
2.567699999999999818e+03 1.801657515159910350e+00
2.568199999999999818e+03 1.799066416885470421e+00
2.568500000000000000e+03 1.799810814362891032e+00
2.569000000000000000e+03 1.800383103690022191e+00
2.569300000000000182e+03 1.801413458476374130e+00
2.569800000000000182e+03 1.801498698309237145e+00
2.570099999999999909e+03 1.801426856470021542e+00
2.570599999999999909e+03 1.800790188425936300e+00
2.571000000000000000e+03 1.801536439921777255e+00
2.571400000000000091e+03 1.801910598316897927e+00
2.571800000000000182e+03 1.799942369935046971e+00
2.572300000000000182e+03 1.800008223520267903e+00
2.572599999999999909e+03 1.801031850779565735e+00
2.573099999999999909e+03 1.801361375247671814e+00
2.573400000000000091e+03 1.801171060245499778e+00
2.573900000000000091e+03 1.800677951903878249e+00
2.574300000000000182e+03 1.800959978938854400e+00
2.574699999999999818e+03 1.801184985061627497e+00
2.575099999999999909e+03 1.800023434842869863e+00
2.575500000000000000e+03 1.800082231524765097e+00
2.575900000000000091e+03 1.801074801833122407e+00
2.576400000000000091e+03 1.800999894303203508e+00
2.576699999999999818e+03 1.801333213648881548e+00
2.577199999999999818e+03 1.800889114758873921e+00
2.577599999999999909e+03 1.800759969088437051e+00
2.578000000000000000e+03 1.800398580700030893e+00
2.578400000000000091e+03 1.803217818886352575e+00
2.578800000000000182e+03 1.801854457402038090e+00
2.579199999999999818e+03 1.802359833346529383e+00
2.579599999999999909e+03 1.802515959342903207e+00
2.580000000000000000e+03 1.802591996047843814e+00
2.580400000000000091e+03 1.800533097042268382e+00
2.580900000000000091e+03 1.802412103480792283e+00
2.581300000000000182e+03 1.801453236911093381e+00
2.581699999999999818e+03 1.804035035304782264e+00
2.582099999999999909e+03 1.801647360362942152e+00
2.582500000000000000e+03 1.801532506743262818e+00
2.582900000000000091e+03 1.802035458637840204e+00
2.583300000000000182e+03 1.802824929084145822e+00
2.583699999999999818e+03 1.801810735657559670e+00
2.584199999999999818e+03 1.801328869490308904e+00
2.584500000000000000e+03 1.800839094578285060e+00
2.585000000000000000e+03 1.801299998933598712e+00
2.585300000000000182e+03 1.800941223870597296e+00
2.585800000000000182e+03 1.802909728650417431e+00
2.586199999999999818e+03 1.802013376419641100e+00
2.586599999999999909e+03 1.803097909478676319e+00
2.587000000000000000e+03 1.802277936962877192e+00
2.587400000000000091e+03 1.802749557380407319e+00
2.587800000000000182e+03 1.802555565817500982e+00
2.588300000000000182e+03 1.803471058595135901e+00
2.588599999999999909e+03 1.802004052913032783e+00
2.589099999999999909e+03 1.801989599926523189e+00
2.589400000000000091e+03 1.801778121999287663e+00
2.589900000000000091e+03 1.801578367231432276e+00
2.590199999999999818e+03 1.801200382935606914e+00
2.590699999999999818e+03 1.802431181137875482e+00
2.591099999999999909e+03 1.801956023410128616e+00
2.591500000000000000e+03 1.802859946856634199e+00
2.591900000000000091e+03 1.800606659871230253e+00
2.592400000000000091e+03 1.801608316709892854e+00
2.592699999999999818e+03 1.801069337965186090e+00
2.593199999999999818e+03 1.802420984663048786e+00
2.593500000000000000e+03 1.801094496230436270e+00
2.594000000000000000e+03 1.800879213137645873e+00
2.594300000000000182e+03 1.799439141250972929e+00
2.594800000000000182e+03 1.801868066085459574e+00
2.595099999999999909e+03 1.801515759889430468e+00
2.595699999999999818e+03 1.802320900371650936e+00
2.596000000000000000e+03 1.802070808630369836e+00
2.596500000000000000e+03 1.802060377792030765e+00
2.596800000000000182e+03 1.800600341488445721e+00
2.597300000000000182e+03 1.802396536420609152e+00
2.597599999999999909e+03 1.801139134148067367e+00
2.598099999999999909e+03 1.803953720769856606e+00
2.598400000000000091e+03 1.801295432405872754e+00
2.598900000000000091e+03 1.801517906232649624e+00
2.599199999999999818e+03 1.800498036514905476e+00
2.599699999999999818e+03 1.804458990445811484e+00
2.600000000000000000e+03 1.801230255064690589e+00
2.600599999999999909e+03 1.804151405498502614e+00
2.600800000000000182e+03 1.801810958367219717e+00
2.601400000000000091e+03 1.803038103392204050e+00
2.601699999999999818e+03 1.801161965305543289e+00
2.602199999999999818e+03 1.803920288784877979e+00
2.602500000000000000e+03 1.801886849909526189e+00
2.603000000000000000e+03 1.802821642954612447e+00
2.603300000000000182e+03 1.800962318969913101e+00
2.603800000000000182e+03 1.804712196927632739e+00
2.604099999999999909e+03 1.802518456194715624e+00
2.604699999999999818e+03 1.804249173175509702e+00
2.604900000000000091e+03 1.803072413844222233e+00
2.605500000000000000e+03 1.804730075837520209e+00
2.605699999999999818e+03 1.802888543204522742e+00
2.606300000000000182e+03 1.805012607517588741e+00
2.606500000000000000e+03 1.804401875207169548e+00
2.607099999999999909e+03 1.804777372035590854e+00
2.607400000000000091e+03 1.804680445083889806e+00
2.607900000000000091e+03 1.805841130402271677e+00
2.608199999999999818e+03 1.804297030743756469e+00
2.608699999999999818e+03 1.806220667220535647e+00
2.609000000000000000e+03 1.803562144645201037e+00
2.609599999999999909e+03 1.804892129437455361e+00
2.609800000000000182e+03 1.803920336618143105e+00
2.610400000000000091e+03 1.806263824444438670e+00
2.610599999999999909e+03 1.805551797137377346e+00
2.611199999999999818e+03 1.805870231232154177e+00
2.611400000000000091e+03 1.804498012778407823e+00
2.612000000000000000e+03 1.804505748870756987e+00
2.612199999999999818e+03 1.804019826001139526e+00
2.612800000000000182e+03 1.807622098748258743e+00
2.613000000000000000e+03 1.805085252493165759e+00
2.613599999999999909e+03 1.805747567621321936e+00
2.613900000000000091e+03 1.804252044569045310e+00
2.614500000000000000e+03 1.806246991678823743e+00
2.614699999999999818e+03 1.804580737571376048e+00
2.615300000000000182e+03 1.806517213684115442e+00
2.615500000000000000e+03 1.803281115008487534e+00
2.616099999999999909e+03 1.805280506731143264e+00
2.616300000000000182e+03 1.805011979617829665e+00
2.616900000000000091e+03 1.806996435522961075e+00
2.617099999999999909e+03 1.804656871404846541e+00
2.617699999999999818e+03 1.806218158790602768e+00
2.617900000000000091e+03 1.804308019462220969e+00
2.618500000000000000e+03 1.805897690824903368e+00
2.618699999999999818e+03 1.802706537872363679e+00
2.619400000000000091e+03 1.804814456102068254e+00
2.619500000000000000e+03 1.803204073556587073e+00
2.620199999999999818e+03 1.804685915968995413e+00
2.620300000000000182e+03 1.803090437664445211e+00
2.621000000000000000e+03 1.806779651700540112e+00
2.621199999999999818e+03 1.804156753168745242e+00
2.621800000000000182e+03 1.805552550593172656e+00
2.622000000000000000e+03 1.803764582100869873e+00
2.622599999999999909e+03 1.806219098522423794e+00
2.622800000000000182e+03 1.804286785824734451e+00
2.623400000000000091e+03 1.805597324795834790e+00
2.623599999999999909e+03 1.803074500220417598e+00
2.624199999999999818e+03 1.807047683818964190e+00
2.624400000000000091e+03 1.803677273893283362e+00
2.625099999999999909e+03 1.807189065345438106e+00
2.625199999999999818e+03 1.805237627297430425e+00
2.625900000000000091e+03 1.806533584862846542e+00
2.626000000000000000e+03 1.803302321446204282e+00
2.626699999999999818e+03 1.805594901105825434e+00
2.626800000000000182e+03 1.802156595729029531e+00
2.627500000000000000e+03 1.806211953523483071e+00
2.627599999999999909e+03 1.803427264382212458e+00
2.628300000000000182e+03 1.805784879935003362e+00
2.628500000000000000e+03 1.804230568872858820e+00
2.629099999999999909e+03 1.807996136290337841e+00
2.629300000000000182e+03 1.804463517726753841e+00
2.629900000000000091e+03 1.806951657274792788e+00
2.630099999999999909e+03 1.804394152203478763e+00
2.630699999999999818e+03 1.806200472750467911e+00
2.630900000000000091e+03 1.804094426638203297e+00
2.631599999999999909e+03 1.806841504060954673e+00
2.631699999999999818e+03 1.803470408039409945e+00
2.632400000000000091e+03 1.807405351293049689e+00
2.632500000000000000e+03 1.805658508681045493e+00
2.633199999999999818e+03 1.807954111505591266e+00
2.633300000000000182e+03 1.804843215548397550e+00
2.634000000000000000e+03 1.806545186321575125e+00
2.634099999999999909e+03 1.804176020505195321e+00
2.634800000000000182e+03 1.806280321572744318e+00
2.634900000000000091e+03 1.803624741510051699e+00
2.635599999999999909e+03 1.805218721944646498e+00
2.635699999999999818e+03 1.803693830374922591e+00
2.636400000000000091e+03 1.805973256155876339e+00
2.636500000000000000e+03 1.802932233238552007e+00
2.637199999999999818e+03 1.806542022418828219e+00
2.637300000000000182e+03 1.802749306282826591e+00
2.638000000000000000e+03 1.805617688839458168e+00
2.638199999999999818e+03 1.804835741624372103e+00
2.638900000000000091e+03 1.806757816160629471e+00
2.639000000000000000e+03 1.802516484342645331e+00
2.639699999999999818e+03 1.806380126935634989e+00
2.639800000000000182e+03 1.805550052738677191e+00
2.640500000000000000e+03 1.807039398800818431e+00
2.640599999999999909e+03 1.803124454120722087e+00
2.641300000000000182e+03 1.805194279348611763e+00
2.641400000000000091e+03 1.801837135652993860e+00
2.642099999999999909e+03 1.804860879385624894e+00
2.642199999999999818e+03 1.803932566622535649e+00
2.642900000000000091e+03 1.807209226604920893e+00
2.643000000000000000e+03 1.803710649688726964e+00
2.643699999999999818e+03 1.805421155616093953e+00
2.643800000000000182e+03 1.802249648238357205e+00
2.644500000000000000e+03 1.806204323988723770e+00
2.644599999999999909e+03 1.803141559571553865e+00
2.645300000000000182e+03 1.806048087788130641e+00
2.645400000000000091e+03 1.802320936761889314e+00
2.646099999999999909e+03 1.804874757510499084e+00
2.646199999999999818e+03 1.800173930123443844e+00
2.647000000000000000e+03 1.802581753886639993e+00
2.647800000000000182e+03 1.804566878204427960e+00
2.648599999999999909e+03 1.805900533081311377e+00
2.648699999999999818e+03 1.802171597759967714e+00
2.649400000000000091e+03 1.805712748357073183e+00
2.649500000000000000e+03 1.801966772205653378e+00
2.650199999999999818e+03 1.804696139664311527e+00
2.650300000000000182e+03 1.802124367949748951e+00
2.651000000000000000e+03 1.806480422875840208e+00
2.651099999999999909e+03 1.803712620983030313e+00
2.651800000000000182e+03 1.806106300589190417e+00
2.651900000000000091e+03 1.802416821170442329e+00
2.652599999999999909e+03 1.805467872431493204e+00
2.652699999999999818e+03 1.802833203940284346e+00
2.653400000000000091e+03 1.805782015576022026e+00
2.653500000000000000e+03 1.801278460032236683e+00
2.654199999999999818e+03 1.806175996853726096e+00
2.654300000000000182e+03 1.802838040288498700e+00
2.655000000000000000e+03 1.806415279606787161e+00
2.655099999999999909e+03 1.804166175551737750e+00
2.655800000000000182e+03 1.806857383171754705e+00
2.656699999999999818e+03 1.807589050003836073e+00
2.657500000000000000e+03 1.807832646459928583e+00
2.658300000000000182e+03 1.806976098042725631e+00
2.659099999999999909e+03 1.808130787133472861e+00
2.659900000000000091e+03 1.807650445235330805e+00
2.660699999999999818e+03 1.807782694605407636e+00
2.661500000000000000e+03 1.807392591774068746e+00
2.662300000000000182e+03 1.807411885673557927e+00
2.663099999999999909e+03 1.807118373848195958e+00
2.663900000000000091e+03 1.807834088140242823e+00
2.664699999999999818e+03 1.807056660218162580e+00
2.665500000000000000e+03 1.806705143081387188e+00
2.666300000000000182e+03 1.806030218433558154e+00
2.667099999999999909e+03 1.805161187828763891e+00
2.667900000000000091e+03 1.806806280973131784e+00
2.668699999999999818e+03 1.806040726125372364e+00
2.669500000000000000e+03 1.805782572878140257e+00
2.670300000000000182e+03 1.805990586440206158e+00
2.671099999999999909e+03 1.806002347133942143e+00
2.672000000000000000e+03 1.806157620092651017e+00
2.672800000000000182e+03 1.806038400937546307e+00
2.673599999999999909e+03 1.806643133354707276e+00
2.674400000000000091e+03 1.807450205932735310e+00
2.675199999999999818e+03 1.807372206744223275e+00
2.676000000000000000e+03 1.806857461024475198e+00
2.676800000000000182e+03 1.806763306795278412e+00
2.677599999999999909e+03 1.806950279925253477e+00
2.678400000000000091e+03 1.806488332730388668e+00
2.679199999999999818e+03 1.806622275932706856e+00
2.680000000000000000e+03 1.806431169556813821e+00
2.680800000000000182e+03 1.805539743375745854e+00
2.681599999999999909e+03 1.807610902351529214e+00
2.682400000000000091e+03 1.807006048285521027e+00
2.683199999999999818e+03 1.807250993240338666e+00
2.684000000000000000e+03 1.807097768266127336e+00
2.684800000000000182e+03 1.805503034719842415e+00
2.685599999999999909e+03 1.805847822491799315e+00
2.686400000000000091e+03 1.806243799332631239e+00
2.687199999999999818e+03 1.808345116422251264e+00
2.688000000000000000e+03 1.806829256119051763e+00
2.688800000000000182e+03 1.806314447396380807e+00
2.689599999999999909e+03 1.808661111173736513e+00
2.690400000000000091e+03 1.808158833400322019e+00
2.691199999999999818e+03 1.804873249600761786e+00
2.692000000000000000e+03 1.804638627110734861e+00
2.692800000000000182e+03 1.804199126178384960e+00
2.693599999999999909e+03 1.803955699975544613e+00
2.694400000000000091e+03 1.806247583311702876e+00
2.695199999999999818e+03 1.805801935260411106e+00
2.696000000000000000e+03 1.804793652028145123e+00
2.696800000000000182e+03 1.805113872051052670e+00
2.697599999999999909e+03 1.805617374481806259e+00
2.698400000000000091e+03 1.805207289614062738e+00
2.699199999999999818e+03 1.804530951218477730e+00
2.700000000000000000e+03 1.804911749592722936e+00
2.700800000000000182e+03 1.805471021360803174e+00
2.701599999999999909e+03 1.804689140813922066e+00
2.702400000000000091e+03 1.804602919959436447e+00
2.703199999999999818e+03 1.804878854770014307e+00
2.704000000000000000e+03 1.805157899911455033e+00
2.704800000000000182e+03 1.805711942330432862e+00
2.705599999999999909e+03 1.806804645344032068e+00
2.706400000000000091e+03 1.806027481344000707e+00
2.707199999999999818e+03 1.805696218412111032e+00
2.708000000000000000e+03 1.806872462160517667e+00
2.708699999999999818e+03 1.806251067496710050e+00
2.709500000000000000e+03 1.805844495530709581e+00
2.710300000000000182e+03 1.805434156438879834e+00
2.711099999999999909e+03 1.805291021641116878e+00
2.711900000000000091e+03 1.806354688896689265e+00
2.712699999999999818e+03 1.804675848325794529e+00
2.713500000000000000e+03 1.805051799826373538e+00
2.714300000000000182e+03 1.805626372959752590e+00
2.715099999999999909e+03 1.805307599551304154e+00
2.715900000000000091e+03 1.804472681775596277e+00
2.716699999999999818e+03 1.804205655896738758e+00
2.717500000000000000e+03 1.804116551252778811e+00
2.718300000000000182e+03 1.805985814608076501e+00
2.719099999999999909e+03 1.805302357152752002e+00
2.719900000000000091e+03 1.804647924644784629e+00
2.720699999999999818e+03 1.804039433615191257e+00
2.721500000000000000e+03 1.803633625982377975e+00
2.722300000000000182e+03 1.804063015969953554e+00
2.723099999999999909e+03 1.804309141446111653e+00
2.723800000000000182e+03 1.805739254059012255e+00
2.724599999999999909e+03 1.805810152957777026e+00
2.725400000000000091e+03 1.805893885242044528e+00
2.726199999999999818e+03 1.804211297262323654e+00
2.727000000000000000e+03 1.804355371135613728e+00
2.727800000000000182e+03 1.805923887863887023e+00
2.728599999999999909e+03 1.806234540289125112e+00
2.729400000000000091e+03 1.805410247963194381e+00
2.730199999999999818e+03 1.805451702765067612e+00
2.731000000000000000e+03 1.805429387798007435e+00
2.731800000000000182e+03 1.806360124802173894e+00
2.732599999999999909e+03 1.806572696367596320e+00
2.733300000000000182e+03 1.807373666266844703e+00
2.734099999999999909e+03 1.806011173440426720e+00
2.734900000000000091e+03 1.806178542704762524e+00
2.735699999999999818e+03 1.806633437576409484e+00
2.736500000000000000e+03 1.806877675481048939e+00
2.737300000000000182e+03 1.806282172444726442e+00
2.738099999999999909e+03 1.805621380894314898e+00
2.738900000000000091e+03 1.805022292038494403e+00
2.739699999999999818e+03 1.804954188759312128e+00
2.740500000000000000e+03 1.805897071311420854e+00
2.741300000000000182e+03 1.806069539692875647e+00
2.742000000000000000e+03 1.806465752812255632e+00
2.742800000000000182e+03 1.805510825277257814e+00
2.743599999999999909e+03 1.805847788217013861e+00
2.744400000000000091e+03 1.805582623811059273e+00
2.745199999999999818e+03 1.804575724288278060e+00
2.746000000000000000e+03 1.806311148547786738e+00
2.746800000000000182e+03 1.806170154369090008e+00
2.747599999999999909e+03 1.806076227199826523e+00
2.748400000000000091e+03 1.806943178593928279e+00
2.749099999999999909e+03 1.806409689729207235e+00
2.749900000000000091e+03 1.805011296795615339e+00
2.750699999999999818e+03 1.804681353648745601e+00
2.751500000000000000e+03 1.804652221560443248e+00
2.752300000000000182e+03 1.805437500171273246e+00
2.753099999999999909e+03 1.804872471571129955e+00
2.753900000000000091e+03 1.806081344955793755e+00
2.754699999999999818e+03 1.804978888485385680e+00
2.755400000000000091e+03 1.805714344944170824e+00
2.756199999999999818e+03 1.804045495703231472e+00
2.757000000000000000e+03 1.803503135982935657e+00
2.757800000000000182e+03 1.803113542605208064e+00
2.758599999999999909e+03 1.804058645767834701e+00
2.759400000000000091e+03 1.803369209261742601e+00
2.760199999999999818e+03 1.804176564267323091e+00
2.760900000000000091e+03 1.804850873949134238e+00
2.761699999999999818e+03 1.803033401086567400e+00
2.762500000000000000e+03 1.803537845074267176e+00
2.763300000000000182e+03 1.804002584342675020e+00
2.764099999999999909e+03 1.802807388905758534e+00
2.764900000000000091e+03 1.802665114413400937e+00
2.765599999999999909e+03 1.804511870149424047e+00
2.766400000000000091e+03 1.803154981638458665e+00
2.767199999999999818e+03 1.803361259063030353e+00
2.768000000000000000e+03 1.801889407660065112e+00
2.768800000000000182e+03 1.801812853812181370e+00
2.769599999999999909e+03 1.802537388224026094e+00
2.770400000000000091e+03 1.802871889786940462e+00
2.771099999999999909e+03 1.801685122279367723e+00
2.771900000000000091e+03 1.801834214986372862e+00
2.772699999999999818e+03 1.801313011386230345e+00
2.773500000000000000e+03 1.802070377177476201e+00
2.774300000000000182e+03 1.802300105027087040e+00
2.775099999999999909e+03 1.801572871356728722e+00
2.775800000000000182e+03 1.800049464121292742e+00
2.776599999999999909e+03 1.801378290650710090e+00
2.777400000000000091e+03 1.801742255952753613e+00
2.778199999999999818e+03 1.802237885823566588e+00
2.779000000000000000e+03 1.802407338263377845e+00
2.779699999999999818e+03 1.803280238663276247e+00
2.780500000000000000e+03 1.803463154598797580e+00
2.781300000000000182e+03 1.802911937310067048e+00
2.782099999999999909e+03 1.803120316352812225e+00
2.782900000000000091e+03 1.802164022226274698e+00
2.783699999999999818e+03 1.801235717754195775e+00
2.784400000000000091e+03 1.800962051875479197e+00
2.785199999999999818e+03 1.801524210539845461e+00
2.786000000000000000e+03 1.800900415301027735e+00
2.786800000000000182e+03 1.801230559041540280e+00
2.787599999999999909e+03 1.800623410760571641e+00
2.788300000000000182e+03 1.799776135749095562e+00
2.789099999999999909e+03 1.799798125090177114e+00
2.789900000000000091e+03 1.799632125628926049e+00
2.790699999999999818e+03 1.799498429851362102e+00
2.791500000000000000e+03 1.799417753323233171e+00
2.792199999999999818e+03 1.799590642160054044e+00
2.793000000000000000e+03 1.800005632904160269e+00
2.793800000000000182e+03 1.799824914065998316e+00
2.794599999999999909e+03 1.800073831798244983e+00
2.795300000000000182e+03 1.799462875438655907e+00
2.796099999999999909e+03 1.799256533817767734e+00
2.796900000000000091e+03 1.799869251727273411e+00
2.797699999999999818e+03 1.800491839024762397e+00
2.798500000000000000e+03 1.799737890078191072e+00
2.799199999999999818e+03 1.800076555979526649e+00
2.800000000000000000e+03 1.800473108832877145e+00
2.800800000000000182e+03 1.799690483595229651e+00
2.801599999999999909e+03 1.800139317275531781e+00
2.802400000000000091e+03 1.800307692296232664e+00
2.803099999999999909e+03 1.800331026593892769e+00
2.803900000000000091e+03 1.800220732374386401e+00
2.804699999999999818e+03 1.800416682020321790e+00
2.805500000000000000e+03 1.801026901543847814e+00
2.806199999999999818e+03 1.801171094586288657e+00
2.807000000000000000e+03 1.801559416684221704e+00
2.807800000000000182e+03 1.800827112199839375e+00
2.808599999999999909e+03 1.800842506596076698e+00
2.809300000000000182e+03 1.800807635061122181e+00
2.810099999999999909e+03 1.800884413945869955e+00
2.810900000000000091e+03 1.801741718420281746e+00
2.811699999999999818e+03 1.800775556782439724e+00
2.812400000000000091e+03 1.800009063244714769e+00
2.813199999999999818e+03 1.799458410014113552e+00
2.814000000000000000e+03 1.798867694731461464e+00
2.814800000000000182e+03 1.798978940134521753e+00
2.815500000000000000e+03 1.800241033215780773e+00
2.816300000000000182e+03 1.800069952163660059e+00
2.817099999999999909e+03 1.799424270119728497e+00
2.817900000000000091e+03 1.799306979143700858e+00
2.818599999999999909e+03 1.799896341676874956e+00
2.819400000000000091e+03 1.801409945551889935e+00
2.820199999999999818e+03 1.800868336829549721e+00
2.821000000000000000e+03 1.799949053138244714e+00
2.821699999999999818e+03 1.800008111584513237e+00
2.822500000000000000e+03 1.800147155288816858e+00
2.823300000000000182e+03 1.800627860155726401e+00
2.824099999999999909e+03 1.800753408566008185e+00
2.824800000000000182e+03 1.800398172372432937e+00
2.825599999999999909e+03 1.801760014019702760e+00
2.826400000000000091e+03 1.801374997678448775e+00
2.827099999999999909e+03 1.801746329693674209e+00
2.827900000000000091e+03 1.802134815711366800e+00
2.828699999999999818e+03 1.801141310284412045e+00
2.829500000000000000e+03 1.801259278600475522e+00
2.830199999999999818e+03 1.801736196709136761e+00
2.831000000000000000e+03 1.800795839663437592e+00
2.831800000000000182e+03 1.800598044365850248e+00
2.832500000000000000e+03 1.799849762937873132e+00
2.833300000000000182e+03 1.799563157736619123e+00
2.834099999999999909e+03 1.800470798879802548e+00
2.834900000000000091e+03 1.800914916509972263e+00
2.835599999999999909e+03 1.802316276014166441e+00
2.836400000000000091e+03 1.802506150978509192e+00
2.837199999999999818e+03 1.802882169105971766e+00
2.837900000000000091e+03 1.802726763473339489e+00
2.838699999999999818e+03 1.802291536142298867e+00
2.839500000000000000e+03 1.800365821868090688e+00
2.840300000000000182e+03 1.800793734522436074e+00
2.841000000000000000e+03 1.801886402341168703e+00
2.841800000000000182e+03 1.803026743795269171e+00
2.842599999999999909e+03 1.803507377968110559e+00
2.843300000000000182e+03 1.803066994268161860e+00
2.844099999999999909e+03 1.803024779322843330e+00
2.844900000000000091e+03 1.803852706989585108e+00
2.845599999999999909e+03 1.803958371602246924e+00
2.846400000000000091e+03 1.804430690533280091e+00
2.847199999999999818e+03 1.805157571317659304e+00
2.847900000000000091e+03 1.805244745780430371e+00
2.848699999999999818e+03 1.805653705061556424e+00
2.849500000000000000e+03 1.805459149213151759e+00
2.850199999999999818e+03 1.804951253963233304e+00
2.851000000000000000e+03 1.805496038334164499e+00
2.851800000000000182e+03 1.804603577711239915e+00
2.852500000000000000e+03 1.806193088977477768e+00
2.853300000000000182e+03 1.805166471722118526e+00
2.854099999999999909e+03 1.805831109732620288e+00
2.854800000000000182e+03 1.805075956412014904e+00
2.855599999999999909e+03 1.805906692469084085e+00
2.856400000000000091e+03 1.805542451276847427e+00
2.857099999999999909e+03 1.805377795365513682e+00
2.857900000000000091e+03 1.805321201095994921e+00
2.858699999999999818e+03 1.804673817225891819e+00
2.859400000000000091e+03 1.804279173301854389e+00
2.860199999999999818e+03 1.804097053615463464e+00
2.861000000000000000e+03 1.804176368117015317e+00
2.861699999999999818e+03 1.804642764532236265e+00
2.862500000000000000e+03 1.804241957362866744e+00
2.863300000000000182e+03 1.804215070412773958e+00
2.864000000000000000e+03 1.804379872171526955e+00
2.864800000000000182e+03 1.802846164335290213e+00
2.865599999999999909e+03 1.802358230886749180e+00
2.866300000000000182e+03 1.803198159026305980e+00
2.867099999999999909e+03 1.803026411751406988e+00
2.867900000000000091e+03 1.803551979762431312e+00
2.868599999999999909e+03 1.804011088241135319e+00
2.869400000000000091e+03 1.803906992990504499e+00
2.870199999999999818e+03 1.803274519013561283e+00
2.870900000000000091e+03 1.804079324328719647e+00
2.871699999999999818e+03 1.805157500095528444e+00
2.872400000000000091e+03 1.803418643278450473e+00
2.873199999999999818e+03 1.803088103658330610e+00
2.874000000000000000e+03 1.804599948118375874e+00
2.874699999999999818e+03 1.802535953039418049e+00
2.875500000000000000e+03 1.804330714219893439e+00
2.876300000000000182e+03 1.804871562286634923e+00
2.877000000000000000e+03 1.805516855429190493e+00
2.877800000000000182e+03 1.803927008413914734e+00
2.878599999999999909e+03 1.805080705266965513e+00
2.879300000000000182e+03 1.805086010076384140e+00
2.880099999999999909e+03 1.804840015909872086e+00
2.880800000000000182e+03 1.806582982201703214e+00
2.881599999999999909e+03 1.806109541366672566e+00
2.882400000000000091e+03 1.805483819825650871e+00
2.883099999999999909e+03 1.806208290224878832e+00
2.883900000000000091e+03 1.807539850177145357e+00
2.884599999999999909e+03 1.807262016125989135e+00
2.885400000000000091e+03 1.806144459986846362e+00
2.886199999999999818e+03 1.806676902006522312e+00
2.886900000000000091e+03 1.807403138262414277e+00
2.887699999999999818e+03 1.808832942150062628e+00
2.888400000000000091e+03 1.810662389613668877e+00
2.889199999999999818e+03 1.810997916663327434e+00
2.890000000000000000e+03 1.811469571818300928e+00
2.890699999999999818e+03 1.810896893915534989e+00
2.891500000000000000e+03 1.811632727068511306e+00
2.892199999999999818e+03 1.812329668025672191e+00
2.893000000000000000e+03 1.814128840910354423e+00
2.893800000000000182e+03 1.815252287794766106e+00
2.894500000000000000e+03 1.816862074435001251e+00
2.895300000000000182e+03 1.816815046350682028e+00
2.896000000000000000e+03 1.817513350218038726e+00
2.896800000000000182e+03 1.818416431615846429e+00
2.897599999999999909e+03 1.819366410327553529e+00
2.898300000000000182e+03 1.820137191078084582e+00
2.899099999999999909e+03 1.819887287389763575e+00
2.899800000000000182e+03 1.820290445337843011e+00
2.900599999999999909e+03 1.822234512922357164e+00
2.901400000000000091e+03 1.822028588686748662e+00
2.902099999999999909e+03 1.822029817963941589e+00
2.902900000000000091e+03 1.821953314635351262e+00
2.903599999999999909e+03 1.823609188666466263e+00
2.904400000000000091e+03 1.824469645713138855e+00
2.905099999999999909e+03 1.824736863461063896e+00
2.905900000000000091e+03 1.824467840716053946e+00
2.906699999999999818e+03 1.825366899483817473e+00
2.907400000000000091e+03 1.822771571729571383e+00
2.908199999999999818e+03 1.821527468106151293e+00
2.908900000000000091e+03 1.822159799626631438e+00
2.909699999999999818e+03 1.820998577699478593e+00
2.910400000000000091e+03 1.820850735157764078e+00
2.911199999999999818e+03 1.820971156556954407e+00
2.911900000000000091e+03 1.822060157188804874e+00
2.912699999999999818e+03 1.822230474407766421e+00
2.913500000000000000e+03 1.819822112853875407e+00
2.914199999999999818e+03 1.819885024032383836e+00
2.915000000000000000e+03 1.820375190649706987e+00
2.915699999999999818e+03 1.820399735564565580e+00
2.916500000000000000e+03 1.820786120659951601e+00
2.917199999999999818e+03 1.821071131245447061e+00
2.918000000000000000e+03 1.821411629127043463e+00
2.918699999999999818e+03 1.822651970394261411e+00
2.919500000000000000e+03 1.823091349311549703e+00
2.920300000000000182e+03 1.823843088734650619e+00
2.921000000000000000e+03 1.824368983220718832e+00
2.921800000000000182e+03 1.826217657541981509e+00
2.922500000000000000e+03 1.825978609642252115e+00
2.923300000000000182e+03 1.827590619788440840e+00
2.924000000000000000e+03 1.828543588558778410e+00
2.924800000000000182e+03 1.830568150716864517e+00
2.925500000000000000e+03 1.831162819423714838e+00
2.926300000000000182e+03 1.831962253665797569e+00
2.927000000000000000e+03 1.833254336433467468e+00
2.927800000000000182e+03 1.833394326584566469e+00
2.928500000000000000e+03 1.835752165999429808e+00
2.929300000000000182e+03 1.837061634168802193e+00
2.930000000000000000e+03 1.837092340516504718e+00
2.930800000000000182e+03 1.839277767650267181e+00
2.931599999999999909e+03 1.840196853814039413e+00
2.932300000000000182e+03 1.841251985005992298e+00
2.933099999999999909e+03 1.842026809345390204e+00
2.933800000000000182e+03 1.841889677710485618e+00
2.934599999999999909e+03 1.842171406396392319e+00
2.935300000000000182e+03 1.842866207253701649e+00
2.936099999999999909e+03 1.843629540204545947e+00
2.936800000000000182e+03 1.843861989546743629e+00
2.937599999999999909e+03 1.843259483629575923e+00
2.938300000000000182e+03 1.843836048117881710e+00
2.939099999999999909e+03 1.843551796049935687e+00
2.939800000000000182e+03 1.845436472637189684e+00
2.940599999999999909e+03 1.844826766078483837e+00
2.941300000000000182e+03 1.843824685856602752e+00
2.942099999999999909e+03 1.842719502858973790e+00
2.942800000000000182e+03 1.842681565299864044e+00
2.943599999999999909e+03 1.841291003417393934e+00
2.944300000000000182e+03 1.840890521135817304e+00
2.945099999999999909e+03 1.840688107785025229e+00
2.945800000000000182e+03 1.840948919214655533e+00
2.946599999999999909e+03 1.839707124827780094e+00
2.947300000000000182e+03 1.838725304035100816e+00
2.948099999999999909e+03 1.837858979771355150e+00
2.948800000000000182e+03 1.836841953028295338e+00
2.949599999999999909e+03 1.837264263555919097e+00
2.950300000000000182e+03 1.836387815049925765e+00
2.951099999999999909e+03 1.834793950995519340e+00
2.951800000000000182e+03 1.833470225724471714e+00
2.952599999999999909e+03 1.831570934095584358e+00
2.953300000000000182e+03 1.832372164766176370e+00
2.954000000000000000e+03 1.829887273456760166e+00
2.954800000000000182e+03 1.829384015095465665e+00
2.955500000000000000e+03 1.828631487859079474e+00
2.956300000000000182e+03 1.826654037761988647e+00
2.957000000000000000e+03 1.826047890685588815e+00
2.957800000000000182e+03 1.823345739860765757e+00
2.958500000000000000e+03 1.821657122711311638e+00
2.959300000000000182e+03 1.820354200075242179e+00
2.960000000000000000e+03 1.821281869201235137e+00
2.960800000000000182e+03 1.820792653635775915e+00
2.961500000000000000e+03 1.819291649101080210e+00
2.962300000000000182e+03 1.817874666215107071e+00
2.963000000000000000e+03 1.816511453265092335e+00
2.963800000000000182e+03 1.816494042407485354e+00
2.964500000000000000e+03 1.814559598089892090e+00
2.965300000000000182e+03 1.813855024924592385e+00
2.966000000000000000e+03 1.813929179870387154e+00
2.966699999999999818e+03 1.812472529313178482e+00
2.967500000000000000e+03 1.812293377212619294e+00
2.968199999999999818e+03 1.811623546148619202e+00
2.969000000000000000e+03 1.809671378759543758e+00
2.969699999999999818e+03 1.807554430390691858e+00
2.970500000000000000e+03 1.807335847951250241e+00
2.971199999999999818e+03 1.807029526291882737e+00
2.972000000000000000e+03 1.806159386102694553e+00
2.972699999999999818e+03 1.806059670452725419e+00
2.973400000000000091e+03 1.805981934761792695e+00
2.974199999999999818e+03 1.806574370709070232e+00
2.974900000000000091e+03 1.805329452428551473e+00
2.975699999999999818e+03 1.804122114095622731e+00
2.976400000000000091e+03 1.803266105660537022e+00
2.977199999999999818e+03 1.803517164492712821e+00
2.977900000000000091e+03 1.802529966985801257e+00
2.978699999999999818e+03 1.802508438883674291e+00
2.979400000000000091e+03 1.803586866500796360e+00
2.980099999999999909e+03 1.803875266338346162e+00
2.980900000000000091e+03 1.802804649063011189e+00
2.981599999999999909e+03 1.802028850249041581e+00
2.982400000000000091e+03 1.801991556079536094e+00
2.983099999999999909e+03 1.801781677694411776e+00
2.983900000000000091e+03 1.802143279357713235e+00
2.984599999999999909e+03 1.801084171624655506e+00
2.985300000000000182e+03 1.801355379263196665e+00
2.986099999999999909e+03 1.802328965895926727e+00
2.986800000000000182e+03 1.801926018805949159e+00
2.987599999999999909e+03 1.801853780187166576e+00
2.988300000000000182e+03 1.800438176138654089e+00
2.989000000000000000e+03 1.801326457172466533e+00
2.989800000000000182e+03 1.802242550227568074e+00
2.990500000000000000e+03 1.801749376488293031e+00
2.991300000000000182e+03 1.801878530264195977e+00
2.992000000000000000e+03 1.803024383846650203e+00
2.992699999999999818e+03 1.802781035402463816e+00
2.993500000000000000e+03 1.803060187358695110e+00
2.994199999999999818e+03 1.802791993631904566e+00
2.995000000000000000e+03 1.802243719351324547e+00
2.995699999999999818e+03 1.801486586814224911e+00
2.996500000000000000e+03 1.802141904149544560e+00
2.997199999999999818e+03 1.803134264411855536e+00
2.997900000000000091e+03 1.800771440918307320e+00
2.998699999999999818e+03 1.801190908089921328e+00
2.999400000000000091e+03 1.802236029632082515e+00
3.000099999999999909e+03 1.802305813820761049e+00
3.000900000000000091e+03 1.803038802991240974e+00
3.001599999999999909e+03 1.802077022332363443e+00
3.002400000000000091e+03 1.802301563129220963e+00
3.003099999999999909e+03 1.801192154410206303e+00
3.003800000000000182e+03 1.800843363810243458e+00
3.004599999999999909e+03 1.800641304661630304e+00
3.005300000000000182e+03 1.800972002322257515e+00
3.006099999999999909e+03 1.800572664270606360e+00
3.006800000000000182e+03 1.801617027758309231e+00
3.007500000000000000e+03 1.800229974942971101e+00
3.008300000000000182e+03 1.800528713691049498e+00
3.009000000000000000e+03 1.799357808231424327e+00
3.009699999999999818e+03 1.798639463524586146e+00
3.010500000000000000e+03 1.799957975111302177e+00
3.011199999999999818e+03 1.800276628670581580e+00
3.012000000000000000e+03 1.799051789791124012e+00
3.012699999999999818e+03 1.798691508681899531e+00
3.013400000000000091e+03 1.799252916775157418e+00
3.014199999999999818e+03 1.799975865990238288e+00
3.014900000000000091e+03 1.799936478911099869e+00
3.015599999999999909e+03 1.798999341394283746e+00
3.016400000000000091e+03 1.798939846857838587e+00
3.017099999999999909e+03 1.799346385473612697e+00
3.017900000000000091e+03 1.799105205033610710e+00
3.018599999999999909e+03 1.799511289025889971e+00
3.019300000000000182e+03 1.799436091655266967e+00
3.020099999999999909e+03 1.798885183246855979e+00
3.020800000000000182e+03 1.798403964650877596e+00
3.021500000000000000e+03 1.799551143143595100e+00
3.022300000000000182e+03 1.800351991493928328e+00
3.023000000000000000e+03 1.800341552605783990e+00
3.023699999999999818e+03 1.800280859313218906e+00
3.024500000000000000e+03 1.800159346349882838e+00
3.025199999999999818e+03 1.800376563965681687e+00
3.025900000000000091e+03 1.800031120255099815e+00
3.026699999999999818e+03 1.800261019581107735e+00
3.027400000000000091e+03 1.800098898401825354e+00
3.028099999999999909e+03 1.799966998992403866e+00
3.028900000000000091e+03 1.800550908126780314e+00
3.029599999999999909e+03 1.800220968498976504e+00
3.030300000000000182e+03 1.800294378057317290e+00
3.031099999999999909e+03 1.800669785895823383e+00
3.031800000000000182e+03 1.800933659047568414e+00
3.032500000000000000e+03 1.801529970271047665e+00
3.033300000000000182e+03 1.801523838205619565e+00
3.034000000000000000e+03 1.801051258671953148e+00
3.034699999999999818e+03 1.801339249760322447e+00
3.035500000000000000e+03 1.801750641864100055e+00
3.036199999999999818e+03 1.802143123125190094e+00
3.036900000000000091e+03 1.802683897963900383e+00
3.037699999999999818e+03 1.802389743378402631e+00
3.038400000000000091e+03 1.803572608156898349e+00
3.039099999999999909e+03 1.802563299567366384e+00
3.039900000000000091e+03 1.802745966631842611e+00
3.040599999999999909e+03 1.802651325639349711e+00
3.041300000000000182e+03 1.802796414894292321e+00
3.042099999999999909e+03 1.804068664764349572e+00
3.042800000000000182e+03 1.803259473440791849e+00
3.043500000000000000e+03 1.803614200162607872e+00
3.044300000000000182e+03 1.803509800901477167e+00
3.045000000000000000e+03 1.803825308726853649e+00
3.045699999999999818e+03 1.803917034276576681e+00
3.046500000000000000e+03 1.803540776799890555e+00
3.047199999999999818e+03 1.803902617239818040e+00
3.047900000000000091e+03 1.804532409919906266e+00
3.048599999999999909e+03 1.804637195803071803e+00
3.049400000000000091e+03 1.805137020409485205e+00
3.050099999999999909e+03 1.804771407178560771e+00
3.050800000000000182e+03 1.805305355049495741e+00
3.051599999999999909e+03 1.805475399758739607e+00
3.052300000000000182e+03 1.805965084639830964e+00
3.053000000000000000e+03 1.806456777544675818e+00
3.053800000000000182e+03 1.805919972675097629e+00
3.054500000000000000e+03 1.806278380880938839e+00
3.055199999999999818e+03 1.805780288803880085e+00
3.055900000000000091e+03 1.806551407506303386e+00
3.056699999999999818e+03 1.806635642229270644e+00
3.057400000000000091e+03 1.805871460994064925e+00
3.058099999999999909e+03 1.806448130040716693e+00
3.058900000000000091e+03 1.806463005990504911e+00
3.059599999999999909e+03 1.806452929245090155e+00
3.060300000000000182e+03 1.806532668678016984e+00
3.061000000000000000e+03 1.806772714162223181e+00
3.061800000000000182e+03 1.806276499000061264e+00
3.062500000000000000e+03 1.806552732289986141e+00
3.063199999999999818e+03 1.806855999808996138e+00
3.064000000000000000e+03 1.807042385229082226e+00
3.064699999999999818e+03 1.807244407359753335e+00
3.065400000000000091e+03 1.806885351103076243e+00
3.066099999999999909e+03 1.806819311580406984e+00
3.066900000000000091e+03 1.806263321023631407e+00
3.067599999999999909e+03 1.806860766726132494e+00
3.068300000000000182e+03 1.808722921708635800e+00
3.069000000000000000e+03 1.808244372916062215e+00
3.069800000000000182e+03 1.807706272665439817e+00
3.070500000000000000e+03 1.807571148009319284e+00
3.071199999999999818e+03 1.807044288344705540e+00
3.072000000000000000e+03 1.807398377548008694e+00
3.072699999999999818e+03 1.807334630473776960e+00
3.073400000000000091e+03 1.807326965723863754e+00
3.074099999999999909e+03 1.807597699621088072e+00
3.074900000000000091e+03 1.807947549992578118e+00
3.075599999999999909e+03 1.807553033525726160e+00
3.076300000000000182e+03 1.807760654317625892e+00
3.077000000000000000e+03 1.807150044997238858e+00
3.077800000000000182e+03 1.807534870416405592e+00
3.078500000000000000e+03 1.807825454890152228e+00
3.079199999999999818e+03 1.807873052491162147e+00
3.079900000000000091e+03 1.807579078059063926e+00
3.080699999999999818e+03 1.807059181127053993e+00
3.081400000000000091e+03 1.807210956537132818e+00
3.082099999999999909e+03 1.806106042091375263e+00
3.082800000000000182e+03 1.805542885399044728e+00
3.083599999999999909e+03 1.807248063819917983e+00
3.084300000000000182e+03 1.806928064889101515e+00
3.085000000000000000e+03 1.806592567856377451e+00
3.085699999999999818e+03 1.806828790444013011e+00
3.086500000000000000e+03 1.805992939062058378e+00
3.087199999999999818e+03 1.805960368465244992e+00
3.087900000000000091e+03 1.805421424052238821e+00
3.088599999999999909e+03 1.805829191638883113e+00
3.089300000000000182e+03 1.805977098787743262e+00
3.090099999999999909e+03 1.805139541558351102e+00
3.090800000000000182e+03 1.805017798880971691e+00
3.091500000000000000e+03 1.805761445617219518e+00
3.092199999999999818e+03 1.805577055721894419e+00
3.093000000000000000e+03 1.805261429220924585e+00
3.093699999999999818e+03 1.804839962248691032e+00
3.094400000000000091e+03 1.805857657168930208e+00
3.095099999999999909e+03 1.805373466352679701e+00
3.095800000000000182e+03 1.805216710022969684e+00
3.096599999999999909e+03 1.805355783531104485e+00
3.097300000000000182e+03 1.805556309868356912e+00
3.098000000000000000e+03 1.805223168827348346e+00
3.098699999999999818e+03 1.805301523163104660e+00
3.099500000000000000e+03 1.805024961519072546e+00
3.100199999999999818e+03 1.804357410009679086e+00
3.100900000000000091e+03 1.805038849340713458e+00
3.101599999999999909e+03 1.805105435656302326e+00
3.102300000000000182e+03 1.805567943800362896e+00
3.103099999999999909e+03 1.805432110550314162e+00
3.103800000000000182e+03 1.805689744966135768e+00
3.104500000000000000e+03 1.804955886122264319e+00
3.105199999999999818e+03 1.804578332443958155e+00
3.105900000000000091e+03 1.804251499230273170e+00
3.106699999999999818e+03 1.804390608757764802e+00
3.107400000000000091e+03 1.803917429407287942e+00
3.108099999999999909e+03 1.804196441765685277e+00
3.108800000000000182e+03 1.805165331101246329e+00
3.109500000000000000e+03 1.805138700096821314e+00
3.110300000000000182e+03 1.804746375728694785e+00
3.111000000000000000e+03 1.804779481870051550e+00
3.111699999999999818e+03 1.804228502041373083e+00
3.112400000000000091e+03 1.803516115089071725e+00
3.113099999999999909e+03 1.803941624751481454e+00
3.113900000000000091e+03 1.804281987520310437e+00
3.114599999999999909e+03 1.804262123190265132e+00
3.115300000000000182e+03 1.804323062528552013e+00
3.116000000000000000e+03 1.804638581185718849e+00
3.116699999999999818e+03 1.803756723875315382e+00
3.117500000000000000e+03 1.803351128468329900e+00
3.118199999999999818e+03 1.803570443973967041e+00
3.118900000000000091e+03 1.803598729851518145e+00
3.119599999999999909e+03 1.803428573804689350e+00
3.120300000000000182e+03 1.803174290647736155e+00
3.121000000000000000e+03 1.802809308469448535e+00
3.121800000000000182e+03 1.803449353365069729e+00
3.122500000000000000e+03 1.803302665314444830e+00
3.123199999999999818e+03 1.803293724385683694e+00
3.123900000000000091e+03 1.803425699944924965e+00
3.124599999999999909e+03 1.803022132188478954e+00
3.125400000000000091e+03 1.802918892512543891e+00
3.126099999999999909e+03 1.803485427078438397e+00
3.126800000000000182e+03 1.803278452909905960e+00
3.127500000000000000e+03 1.803210398539002002e+00
3.128199999999999818e+03 1.803280313732671170e+00
3.128900000000000091e+03 1.801520257892738730e+00
3.129699999999999818e+03 1.802310205699453327e+00
3.130400000000000091e+03 1.802816502202753801e+00
3.131099999999999909e+03 1.802557854816332572e+00
3.131800000000000182e+03 1.803101174892449921e+00
3.132500000000000000e+03 1.802203732634869437e+00
3.133199999999999818e+03 1.801826063706362113e+00
3.133900000000000091e+03 1.801514840297333553e+00
3.134699999999999818e+03 1.801891319222058252e+00
3.135400000000000091e+03 1.802567032531478430e+00
3.136099999999999909e+03 1.802279254403068798e+00
3.136800000000000182e+03 1.802062463511307833e+00
3.137500000000000000e+03 1.801569170536016617e+00
3.138199999999999818e+03 1.801768161975970006e+00
3.139000000000000000e+03 1.801814355662366252e+00
3.139699999999999818e+03 1.801346316427613115e+00
3.140400000000000091e+03 1.800352591794698975e+00
3.141099999999999909e+03 1.800992597175525844e+00
3.141800000000000182e+03 1.801374498079775233e+00
3.142500000000000000e+03 1.800729215238514369e+00
3.143199999999999818e+03 1.801166773045584257e+00
3.144000000000000000e+03 1.801245921968602337e+00
3.144699999999999818e+03 1.800991044288337894e+00
3.145400000000000091e+03 1.801303585616582659e+00
3.146099999999999909e+03 1.801574299912456212e+00
3.146800000000000182e+03 1.800910727767881303e+00
3.147500000000000000e+03 1.801438122240828665e+00
3.148199999999999818e+03 1.801007877349421582e+00
3.149000000000000000e+03 1.801050194756576461e+00
3.149699999999999818e+03 1.801558230782209780e+00
3.150400000000000091e+03 1.800956318785574828e+00
3.151099999999999909e+03 1.800458118027695509e+00
3.151800000000000182e+03 1.801057141466717582e+00
3.152500000000000000e+03 1.800971030547205753e+00
3.153199999999999818e+03 1.800671119109325202e+00
3.153900000000000091e+03 1.800857764984167053e+00
3.154699999999999818e+03 1.800673803282470509e+00
3.155400000000000091e+03 1.801078107854248822e+00
3.156099999999999909e+03 1.801019012118517004e+00
3.156800000000000182e+03 1.801262796039191150e+00
3.157500000000000000e+03 1.801233483423973603e+00
3.158199999999999818e+03 1.801017228411615934e+00
3.158900000000000091e+03 1.801172043648595400e+00
3.159599999999999909e+03 1.800574330885847951e+00
3.160300000000000182e+03 1.800544813454076021e+00
3.161099999999999909e+03 1.801177078036344303e+00
3.161800000000000182e+03 1.800475580216365667e+00
3.162500000000000000e+03 1.800636127357555960e+00
3.163199999999999818e+03 1.800298021222567213e+00
3.163900000000000091e+03 1.801132995798840897e+00
3.164599999999999909e+03 1.800535990124450425e+00
3.165300000000000182e+03 1.800446127738167368e+00
3.166000000000000000e+03 1.800547481700144559e+00
3.166699999999999818e+03 1.800502862183126940e+00
3.167500000000000000e+03 1.801230581659168717e+00
3.168199999999999818e+03 1.801551662358616523e+00
3.168900000000000091e+03 1.800949495220564467e+00
3.169599999999999909e+03 1.800611298187362763e+00
3.170300000000000182e+03 1.800809012959639910e+00
3.171000000000000000e+03 1.800265741679416776e+00
3.171699999999999818e+03 1.800786154899030267e+00
3.172400000000000091e+03 1.800798517133263221e+00
3.173099999999999909e+03 1.801176847161217953e+00
3.173800000000000182e+03 1.800549246557966443e+00
3.174500000000000000e+03 1.800223614910311021e+00
3.175300000000000182e+03 1.800683561081374728e+00
3.176000000000000000e+03 1.801589996070730892e+00
3.176699999999999818e+03 1.800743219844816556e+00
3.177400000000000091e+03 1.801048882842442023e+00
3.178099999999999909e+03 1.801529306057613411e+00
3.178800000000000182e+03 1.800915302481907787e+00
3.179500000000000000e+03 1.800732113749739849e+00
3.180199999999999818e+03 1.801581280270904584e+00
3.180900000000000091e+03 1.800915589784528592e+00
3.181599999999999909e+03 1.800612332655399328e+00
3.182300000000000182e+03 1.801348676878458788e+00
3.183000000000000000e+03 1.801276418580335381e+00
3.183800000000000182e+03 1.801152333385813042e+00
3.184500000000000000e+03 1.801272519747175949e+00
3.185199999999999818e+03 1.801811020871533220e+00
3.185900000000000091e+03 1.801391782785891404e+00
3.186599999999999909e+03 1.801024139714044292e+00
3.187300000000000182e+03 1.800938629821757120e+00
3.188000000000000000e+03 1.801641635196457480e+00
3.188699999999999818e+03 1.801272217837710965e+00
3.189400000000000091e+03 1.801351555765116297e+00
3.190099999999999909e+03 1.801613534992666299e+00
3.190800000000000182e+03 1.801831015007288483e+00
3.191500000000000000e+03 1.802254716165626380e+00
3.192199999999999818e+03 1.802047944203192920e+00
3.192900000000000091e+03 1.801834873554976957e+00
3.193599999999999909e+03 1.801496260270509353e+00
3.194400000000000091e+03 1.802187064836674679e+00
3.195099999999999909e+03 1.801608717986989072e+00
3.195800000000000182e+03 1.801763634964025584e+00
3.196500000000000000e+03 1.802221278729027487e+00
3.197199999999999818e+03 1.801701904134780374e+00
3.197900000000000091e+03 1.801692204330039848e+00
3.198599999999999909e+03 1.802445536438276541e+00
3.199300000000000182e+03 1.802079381695658178e+00
3.200000000000000000e+03 1.802647558352637569e+00
