1.022999999999999972e+02 2.301986626489682219e+00
1.035999999999999943e+02 2.384035922257909057e+00
1.050000000000000000e+02 2.414951620286047707e+00
1.062999999999999972e+02 2.387201337758711794e+00
1.077000000000000028e+02 2.395520335785441102e+00
1.090000000000000000e+02 2.371735426160584304e+00
1.104000000000000057e+02 2.362050825089350159e+00
1.117000000000000028e+02 2.338732081815363184e+00
1.130000000000000000e+02 2.351524081057843496e+00
1.144000000000000057e+02 2.330053464408734065e+00
1.157000000000000028e+02 2.333331522917015732e+00
1.170999999999999943e+02 2.346739551917403244e+00
1.184000000000000057e+02 2.364778846266881285e+00
1.197999999999999972e+02 2.372180787536303015e+00
1.210999999999999943e+02 2.406251490942397098e+00
1.224000000000000057e+02 2.413529577177783825e+00
1.237999999999999972e+02 2.428447009941468782e+00
1.250999999999999943e+02 2.430582506270337895e+00
1.265000000000000000e+02 2.488995781576293531e+00
1.277999999999999972e+02 2.510067128525743207e+00
1.290999999999999943e+02 2.520480996808609930e+00
1.305000000000000000e+02 2.534781397477987142e+00
1.318000000000000114e+02 2.557990828252919790e+00
1.330999999999999943e+02 2.558484237725171084e+00
1.345000000000000000e+02 2.530216313126818051e+00
1.358000000000000114e+02 2.528925895966414039e+00
1.371999999999999886e+02 2.515565243523401939e+00
1.385000000000000000e+02 2.514250735267181902e+00
1.398000000000000114e+02 2.494071400550646800e+00
1.411999999999999886e+02 2.466452881648667272e+00
1.425000000000000000e+02 2.424346270620447275e+00
1.438000000000000114e+02 2.408999807320390207e+00
1.451999999999999886e+02 2.368216402443412694e+00
1.465000000000000000e+02 2.348166210138090015e+00
1.478000000000000114e+02 2.311223044253255754e+00
1.491999999999999886e+02 2.249313619268950681e+00
1.505000000000000000e+02 2.234593546503365502e+00
1.518000000000000114e+02 2.223505905549093775e+00
1.531999999999999886e+02 2.200551566606303133e+00
1.545000000000000000e+02 2.168998257700920806e+00
1.558000000000000114e+02 2.151031654572530094e+00
1.571999999999999886e+02 2.150824465024305354e+00
1.585000000000000000e+02 2.140508217518077405e+00
1.598000000000000114e+02 2.135975279622970291e+00
1.610999999999999943e+02 2.144172479972539236e+00
1.625000000000000000e+02 2.160311374522821737e+00
1.638000000000000114e+02 2.161285405833540008e+00
1.650999999999999943e+02 2.206836593493337162e+00
1.665000000000000000e+02 2.164316963647568315e+00
1.678000000000000114e+02 2.192917676256303849e+00
1.690999999999999943e+02 2.198250304362571850e+00
1.704000000000000057e+02 2.218614689722039124e+00
1.718000000000000114e+02 2.250859810254921101e+00
1.730999999999999943e+02 2.291451650309719312e+00
1.744000000000000057e+02 2.264710034215977164e+00
1.758000000000000114e+02 2.281481653590789360e+00
1.770999999999999943e+02 2.284436004849107249e+00
1.784000000000000057e+02 2.294968074047952111e+00
1.796999999999999886e+02 2.277734113734067201e+00
1.810999999999999943e+02 2.237273988610649855e+00
1.824000000000000057e+02 2.243290011904868209e+00
1.836999999999999886e+02 2.207692789564360325e+00
1.850000000000000000e+02 2.182069657772953697e+00
1.864000000000000057e+02 2.108069545220976782e+00
1.876999999999999886e+02 2.074229454156730323e+00
1.890000000000000000e+02 2.020922017341912014e+00
1.903000000000000114e+02 1.979745891233872346e+00
1.915999999999999943e+02 1.913499084878594214e+00
1.930000000000000000e+02 1.872847304441274119e+00
1.943000000000000114e+02 1.824391686552969682e+00
1.955999999999999943e+02 1.777149481791952867e+00
1.969000000000000057e+02 1.723620138806445601e+00
1.981999999999999886e+02 1.682364314731358501e+00
1.995999999999999943e+02 1.647667022149148952e+00
2.009000000000000057e+02 1.617878710342359971e+00
2.021999999999999886e+02 1.585493904503584517e+00
2.035000000000000000e+02 1.541853449611478410e+00
2.048000000000000114e+02 1.524256294689877000e+00
2.061999999999999886e+02 1.501135453856908830e+00
2.075000000000000000e+02 1.484334042128847120e+00
2.088000000000000114e+02 1.457035219678482818e+00
2.100999999999999943e+02 1.462058397585205949e+00
2.114000000000000057e+02 1.423821713793825383e+00
2.126999999999999886e+02 1.416513884809102564e+00
2.140999999999999943e+02 1.409032651961773963e+00
2.154000000000000057e+02 1.398952806154359685e+00
2.166999999999999886e+02 1.393929455116016403e+00
2.180000000000000000e+02 1.378007890568873739e+00
2.193000000000000114e+02 1.380932263653951608e+00
2.205999999999999943e+02 1.375510120650872414e+00
2.220000000000000000e+02 1.390480967309887239e+00
2.233000000000000114e+02 1.385093087213875807e+00
2.245999999999999943e+02 1.388602876649358109e+00
2.259000000000000057e+02 1.404085397754932352e+00
2.271999999999999886e+02 1.408400208372651896e+00
2.285000000000000000e+02 1.442858949840847282e+00
2.298000000000000114e+02 1.452460970295065712e+00
2.310999999999999943e+02 1.459713410139442002e+00
2.325000000000000000e+02 1.470887186744652908e+00
2.338000000000000114e+02 1.488289875470552248e+00
2.350999999999999943e+02 1.527809196877806253e+00
2.364000000000000057e+02 1.530139128247605562e+00
2.376999999999999886e+02 1.547923849550578712e+00
2.390000000000000000e+02 1.551818597307548231e+00
2.403000000000000114e+02 1.550531369110523139e+00
2.415999999999999943e+02 1.553676993986893518e+00
2.429000000000000057e+02 1.534188759692439286e+00
2.441999999999999886e+02 1.508217472608563314e+00
2.455000000000000000e+02 1.514264749847068492e+00
2.469000000000000057e+02 1.482767161953012502e+00
2.481999999999999886e+02 1.455304304554231543e+00
2.495000000000000000e+02 1.421216824785274779e+00
2.508000000000000114e+02 1.415319530409648419e+00
2.520999999999999943e+02 1.404988969231850904e+00
2.534000000000000057e+02 1.393949210084825863e+00
2.546999999999999886e+02 1.380784617838951567e+00
2.560000000000000000e+02 1.369994708033412056e+00
2.573000000000000114e+02 1.380750088814385546e+00
2.586000000000000227e+02 1.362750490903670508e+00
2.598999999999999773e+02 1.370164116057755788e+00
2.611999999999999886e+02 1.374813426826211327e+00
2.625000000000000000e+02 1.358666078511729491e+00
2.638000000000000114e+02 1.362154672497120078e+00
2.651000000000000227e+02 1.368156926887726943e+00
2.663999999999999773e+02 1.364559665912994157e+00
2.676999999999999886e+02 1.370821874444936750e+00
2.690000000000000000e+02 1.361935102815460930e+00
2.703000000000000114e+02 1.376066467859567100e+00
2.716000000000000227e+02 1.383689501048975590e+00
2.728999999999999773e+02 1.388541898025048793e+00
2.741999999999999886e+02 1.397979468851933138e+00
2.755000000000000000e+02 1.415233915239958007e+00
2.768000000000000114e+02 1.416032286286232678e+00
2.781000000000000227e+02 1.442862059845639644e+00
2.793999999999999773e+02 1.471581081951688796e+00
2.806999999999999886e+02 1.470526520832711626e+00
2.820000000000000000e+02 1.483759419968610160e+00
2.833000000000000114e+02 1.499782531874858993e+00
2.846000000000000227e+02 1.494282196027720611e+00
2.858999999999999773e+02 1.474875587837813029e+00
2.871999999999999886e+02 1.475069049879660144e+00
2.885000000000000000e+02 1.495007349214027226e+00
2.898000000000000114e+02 1.472817977841532233e+00
2.911000000000000227e+02 1.472315554603628396e+00
2.923999999999999773e+02 1.477972381909381960e+00
2.936999999999999886e+02 1.478132176161630396e+00
2.950000000000000000e+02 1.485233151837010768e+00
2.963000000000000114e+02 1.475168723069335552e+00
2.976000000000000227e+02 1.492143253898144728e+00
2.988999999999999773e+02 1.486631829167074814e+00
3.001999999999999886e+02 1.496500102079532768e+00
3.015000000000000000e+02 1.495936619628438047e+00
3.028000000000000114e+02 1.501158784458761941e+00
3.041000000000000227e+02 1.486205134260553118e+00
3.053999999999999773e+02 1.508071175165550226e+00
3.066000000000000227e+02 1.496900675697343974e+00
3.078999999999999773e+02 1.495805675431195247e+00
3.091999999999999886e+02 1.492447831936753788e+00
3.105000000000000000e+02 1.495015467088739891e+00
3.118000000000000114e+02 1.484529544500485354e+00
3.131000000000000227e+02 1.487252702634696000e+00
3.143999999999999773e+02 1.474705129519614744e+00
3.156999999999999886e+02 1.486303474452458362e+00
3.170000000000000000e+02 1.475339934654110730e+00
3.183000000000000114e+02 1.473694426693076487e+00
3.196000000000000227e+02 1.470956578107712742e+00
3.208000000000000114e+02 1.481584230192656948e+00
3.221000000000000227e+02 1.474840090007335069e+00
3.233999999999999773e+02 1.488243545459456030e+00
3.246999999999999886e+02 1.470060371230032192e+00
3.260000000000000000e+02 1.474768064210596474e+00
3.273000000000000114e+02 1.488690340424172476e+00
3.286000000000000227e+02 1.489397213026740996e+00
3.298999999999999773e+02 1.502975548308632670e+00
3.311000000000000227e+02 1.501635846273878139e+00
3.323999999999999773e+02 1.516437490285854395e+00
3.336999999999999886e+02 1.509263800722604465e+00
3.350000000000000000e+02 1.525943476811958188e+00
3.363000000000000114e+02 1.521422464957056020e+00
3.376000000000000227e+02 1.531621435623675254e+00
3.388999999999999773e+02 1.543611564334899544e+00
3.401000000000000227e+02 1.529938847056307116e+00
3.413999999999999773e+02 1.551786764243201944e+00
3.426999999999999886e+02 1.540770459738794118e+00
3.440000000000000000e+02 1.553649859429423907e+00
3.453000000000000114e+02 1.559819265221123130e+00
3.465000000000000000e+02 1.547231002457420068e+00
3.478000000000000114e+02 1.543498964941024676e+00
3.491000000000000227e+02 1.550332699158122551e+00
3.503999999999999773e+02 1.551234364462309667e+00
3.516999999999999886e+02 1.540696564158431148e+00
3.530000000000000000e+02 1.545579582887339321e+00
3.541999999999999886e+02 1.548459222048136574e+00
3.555000000000000000e+02 1.566905814472155489e+00
3.568000000000000114e+02 1.551089598538803349e+00
3.581000000000000227e+02 1.544935740913518041e+00
3.593999999999999773e+02 1.544908690802942575e+00
3.606000000000000227e+02 1.547731869802999816e+00
3.618999999999999773e+02 1.562335547859298401e+00
3.631999999999999886e+02 1.570606116110928596e+00
3.645000000000000000e+02 1.554412114965464609e+00
3.658000000000000114e+02 1.561561264450640252e+00
3.670000000000000000e+02 1.562632870307659960e+00
3.683000000000000114e+02 1.566430192677200184e+00
3.696000000000000227e+02 1.545738136016709730e+00
3.708999999999999773e+02 1.546175614421943623e+00
3.721000000000000227e+02 1.557629263396207220e+00
3.733999999999999773e+02 1.556159529837970679e+00
3.746999999999999886e+02 1.560841388255073126e+00
3.760000000000000000e+02 1.553644096391453067e+00
3.771999999999999886e+02 1.549965745473612433e+00
3.785000000000000000e+02 1.554814248106633823e+00
3.798000000000000114e+02 1.556734607417968430e+00
3.811000000000000227e+02 1.562972645180382480e+00
3.823000000000000114e+02 1.559428398853628606e+00
3.836000000000000227e+02 1.566530335034298060e+00
3.848999999999999773e+02 1.579011624195626240e+00
3.861999999999999886e+02 1.583422323303477652e+00
3.873999999999999773e+02 1.578305553438202224e+00
3.886999999999999886e+02 1.582790171213019015e+00
3.900000000000000000e+02 1.587115452788724568e+00
3.911999999999999886e+02 1.588244846432718349e+00
3.925000000000000000e+02 1.588949728297394115e+00
3.938000000000000114e+02 1.580247457420898893e+00
3.951000000000000227e+02 1.582875906605931693e+00
3.963000000000000114e+02 1.579266112041177283e+00
3.976000000000000227e+02 1.582236709189871915e+00
3.988999999999999773e+02 1.579495732183522128e+00
4.001000000000000227e+02 1.554374742689373257e+00
4.013999999999999773e+02 1.556599144977598215e+00
4.026999999999999886e+02 1.559327581185257383e+00
4.038999999999999773e+02 1.557001850939438992e+00
4.051999999999999886e+02 1.546441270597628481e+00
4.065000000000000000e+02 1.577694767916308027e+00
4.076999999999999886e+02 1.546686047532142227e+00
4.090000000000000000e+02 1.561609414852110467e+00
4.103000000000000114e+02 1.562336311132714650e+00
4.115000000000000000e+02 1.552568117310039852e+00
4.128000000000000114e+02 1.553908038904060041e+00
4.141000000000000227e+02 1.556551185011651572e+00
4.153000000000000114e+02 1.559437645385381765e+00
4.166000000000000227e+02 1.566813520906942037e+00
4.178999999999999773e+02 1.553202314020011521e+00
4.191000000000000227e+02 1.555623791148736057e+00
4.203999999999999773e+02 1.547800818585170379e+00
4.216999999999999886e+02 1.554826431943342246e+00
4.228999999999999773e+02 1.548550236144686787e+00
4.241999999999999886e+02 1.558725568513096071e+00
4.255000000000000000e+02 1.567290049043455369e+00
4.266999999999999886e+02 1.560417752854825091e+00
4.280000000000000000e+02 1.564424964723683642e+00
4.291999999999999886e+02 1.573467911410556308e+00
4.305000000000000000e+02 1.580233917874076077e+00
4.318000000000000114e+02 1.575673408973887746e+00
4.330000000000000000e+02 1.580008756876387865e+00
4.343000000000000114e+02 1.582995958294963312e+00
4.355000000000000000e+02 1.577976428746782123e+00
4.368000000000000114e+02 1.559883461883829980e+00
4.381000000000000227e+02 1.576134875172695127e+00
4.393000000000000114e+02 1.574386941312655219e+00
4.406000000000000227e+02 1.572353981436616088e+00
4.418000000000000114e+02 1.585234332024322734e+00
4.431000000000000227e+02 1.585568853621101226e+00
4.443999999999999773e+02 1.588554379508136272e+00
4.456000000000000227e+02 1.595927435477958012e+00
4.468999999999999773e+02 1.612495515426782822e+00
4.481000000000000227e+02 1.634928515899230606e+00
4.493999999999999773e+02 1.665100102551844596e+00
4.506999999999999886e+02 1.687124535931572744e+00
4.518999999999999773e+02 1.698591836162876456e+00
4.531999999999999886e+02 1.692279975584197738e+00
4.543999999999999773e+02 1.718691632822233251e+00
4.556999999999999886e+02 1.712619510554666435e+00
4.568999999999999773e+02 1.712145647609406129e+00
4.581999999999999886e+02 1.708447811878091027e+00
4.593999999999999773e+02 1.700052555799657750e+00
4.606999999999999886e+02 1.680133014935083713e+00
4.620000000000000000e+02 1.670629266062779061e+00
4.631999999999999886e+02 1.652272931451205906e+00
4.645000000000000000e+02 1.659334740159872590e+00
4.656999999999999886e+02 1.638128787678619913e+00
4.670000000000000000e+02 1.619043508180915580e+00
4.681999999999999886e+02 1.612799887015861300e+00
4.695000000000000000e+02 1.601984424113404026e+00
4.706999999999999886e+02 1.608310848876514987e+00
4.720000000000000000e+02 1.598538326575470458e+00
4.731999999999999886e+02 1.578154375756713357e+00
4.745000000000000000e+02 1.582969617512090865e+00
4.756999999999999886e+02 1.571808484364710656e+00
4.770000000000000000e+02 1.557812689835001541e+00
4.781999999999999886e+02 1.561654265932533425e+00
4.795000000000000000e+02 1.562398819976315911e+00
4.806999999999999886e+02 1.575489949838341674e+00
4.820000000000000000e+02 1.569366451192454104e+00
4.831999999999999886e+02 1.581370556606817912e+00
4.845000000000000000e+02 1.578854927558623666e+00
4.856999999999999886e+02 1.592595498741947280e+00
4.870000000000000000e+02 1.605526516872986198e+00
4.881999999999999886e+02 1.611325975747658124e+00
4.895000000000000000e+02 1.610527138255934743e+00
4.906999999999999886e+02 1.599357702164097006e+00
4.920000000000000000e+02 1.606479533944845883e+00
4.931999999999999886e+02 1.597037050594186658e+00
4.945000000000000000e+02 1.572903879662047588e+00
4.956999999999999886e+02 1.563702086833551164e+00
4.970000000000000000e+02 1.542767052003057637e+00
4.981999999999999886e+02 1.526530889203449703e+00
4.993999999999999773e+02 1.523488742720986666e+00
5.006999999999999886e+02 1.514640547024968420e+00
5.018999999999999773e+02 1.514681213953672723e+00
5.031999999999999886e+02 1.503384637433531124e+00
5.043999999999999773e+02 1.484520598831855498e+00
5.056999999999999886e+02 1.498703103908775480e+00
5.068999999999999773e+02 1.490479197537804001e+00
5.081999999999999886e+02 1.495071148492184587e+00
5.093999999999999773e+02 1.490206018228702689e+00
5.106000000000000227e+02 1.493842272954733819e+00
5.118999999999999773e+02 1.490178619095819057e+00
5.131000000000000227e+02 1.493940123497654149e+00
5.143999999999999773e+02 1.505402563104254909e+00
5.156000000000000227e+02 1.490770937708348454e+00
5.168999999999999773e+02 1.492355267429284149e+00
5.181000000000000227e+02 1.505973943958178962e+00
5.192999999999999545e+02 1.507687868727929370e+00
5.206000000000000227e+02 1.494105537737240086e+00
5.217999999999999545e+02 1.491747184457658415e+00
5.231000000000000227e+02 1.507796739483386883e+00
5.242999999999999545e+02 1.496629054331132247e+00
5.255000000000000000e+02 1.502248578553285085e+00
5.267999999999999545e+02 1.501092256500663025e+00
5.280000000000000000e+02 1.496407964130246571e+00
5.292999999999999545e+02 1.496190951593834750e+00
5.305000000000000000e+02 1.500715693719252730e+00
5.317000000000000455e+02 1.513376076328616371e+00
5.330000000000000000e+02 1.498909432437529166e+00
5.342000000000000455e+02 1.499357666634884678e+00
5.353999999999999773e+02 1.522874026892778510e+00
5.367000000000000455e+02 1.523865100205245682e+00
5.378999999999999773e+02 1.531778444773065573e+00
5.392000000000000455e+02 1.546754824769317249e+00
5.403999999999999773e+02 1.558883106852970268e+00
5.416000000000000227e+02 1.583378975045553805e+00
5.428999999999999773e+02 1.584644735074225874e+00
5.441000000000000227e+02 1.590258891743953740e+00
5.452999999999999545e+02 1.613685288216351710e+00
5.466000000000000227e+02 1.610057181815364835e+00
5.477999999999999545e+02 1.622885282336115731e+00
5.490000000000000000e+02 1.619254300963720139e+00
5.502999999999999545e+02 1.638075592501940125e+00
5.515000000000000000e+02 1.637982889918109919e+00
5.527000000000000455e+02 1.641292840305810241e+00
5.540000000000000000e+02 1.651821193648103758e+00
5.552000000000000455e+02 1.658539268477477568e+00
5.563999999999999773e+02 1.690057512599167477e+00
5.577000000000000455e+02 1.705235551597399590e+00
5.588999999999999773e+02 1.732688400292358377e+00
5.601000000000000227e+02 1.750609091093495495e+00
5.613999999999999773e+02 1.739079650961219414e+00
5.626000000000000227e+02 1.736001911253951757e+00
5.637999999999999545e+02 1.701813375861055411e+00
5.650000000000000000e+02 1.658191924250823845e+00
5.662999999999999545e+02 1.618781668658620498e+00
5.675000000000000000e+02 1.580445333742285019e+00
5.687000000000000455e+02 1.550421942949319343e+00
5.700000000000000000e+02 1.531176229290107882e+00
5.712000000000000455e+02 1.512058355852028857e+00
5.723999999999999773e+02 1.495801827868181277e+00
5.736000000000000227e+02 1.490473816351773451e+00
5.748999999999999773e+02 1.476803270114499300e+00
5.761000000000000227e+02 1.469144318056643028e+00
5.772999999999999545e+02 1.474477620966359259e+00
5.786000000000000227e+02 1.456827530128684378e+00
5.797999999999999545e+02 1.458466614139978690e+00
5.810000000000000000e+02 1.452989043243374079e+00
5.822000000000000455e+02 1.455861828714910766e+00
5.835000000000000000e+02 1.446137318980891262e+00
5.847000000000000455e+02 1.448189766239583509e+00
5.858999999999999773e+02 1.443119399225518240e+00
5.871000000000000227e+02 1.451478337357059223e+00
5.883999999999999773e+02 1.439965921354287470e+00
5.896000000000000227e+02 1.442297489383108866e+00
5.907999999999999545e+02 1.448197090458694936e+00
5.920000000000000000e+02 1.450259894310885755e+00
5.932999999999999545e+02 1.442857861622790061e+00
5.945000000000000000e+02 1.437924138685810815e+00
5.957000000000000455e+02 1.446441975436571603e+00
5.968999999999999773e+02 1.452631205295513039e+00
5.981000000000000227e+02 1.452919654673734406e+00
5.993999999999999773e+02 1.443457105190263601e+00
6.006000000000000227e+02 1.443747004602728756e+00
6.017999999999999545e+02 1.447749394862960504e+00
6.030000000000000000e+02 1.451480582333263269e+00
6.042999999999999545e+02 1.439403983851285762e+00
6.055000000000000000e+02 1.445614286209636612e+00
6.067000000000000455e+02 1.442888461076474949e+00
6.078999999999999773e+02 1.440576245835410552e+00
6.091000000000000227e+02 1.433586091482509595e+00
6.103999999999999773e+02 1.440772812048914497e+00
6.116000000000000227e+02 1.445624516595499731e+00
6.127999999999999545e+02 1.449792231662784037e+00
6.140000000000000000e+02 1.449969622026658023e+00
6.152000000000000455e+02 1.450700618472740011e+00
6.165000000000000000e+02 1.457084558311190214e+00
6.177000000000000455e+02 1.450379188581124357e+00
6.188999999999999773e+02 1.448085180145030737e+00
6.201000000000000227e+02 1.444137910931906355e+00
6.212999999999999545e+02 1.437294872172360405e+00
6.225000000000000000e+02 1.445351785732921446e+00
6.237999999999999545e+02 1.438373374127848381e+00
6.250000000000000000e+02 1.431670647846619682e+00
6.262000000000000455e+02 1.429799875226388517e+00
6.273999999999999773e+02 1.436769098845548154e+00
6.286000000000000227e+02 1.437667002940139716e+00
6.297999999999999545e+02 1.429449973253548167e+00
6.310000000000000000e+02 1.435880217342426546e+00
6.322999999999999545e+02 1.419786639412532248e+00
6.335000000000000000e+02 1.424703093564155365e+00
6.347000000000000455e+02 1.429348414428922354e+00
6.358999999999999773e+02 1.424732013810982689e+00
6.371000000000000227e+02 1.420946847253645728e+00
6.382999999999999545e+02 1.427818418726649163e+00
6.395000000000000000e+02 1.430682597641533604e+00
6.407999999999999545e+02 1.433136183611436021e+00
6.420000000000000000e+02 1.426455100443593471e+00
6.432000000000000455e+02 1.430577859003172803e+00
6.443999999999999773e+02 1.427779180214313381e+00
6.456000000000000227e+02 1.427615630947610237e+00
6.467999999999999545e+02 1.424960801595236859e+00
6.480000000000000000e+02 1.427992352065366788e+00
6.492000000000000455e+02 1.423541142562087192e+00
6.503999999999999773e+02 1.437815513755978714e+00
6.517000000000000455e+02 1.445857463281095878e+00
6.528999999999999773e+02 1.457237098519188478e+00
6.541000000000000227e+02 1.443088404692278282e+00
6.552999999999999545e+02 1.440320534508572781e+00
6.565000000000000000e+02 1.446164256890538402e+00
6.577000000000000455e+02 1.453681242359535108e+00
6.588999999999999773e+02 1.455093312208312062e+00
6.601000000000000227e+02 1.442198362068945361e+00
6.612999999999999545e+02 1.462934836613187128e+00
6.625000000000000000e+02 1.469227628579186762e+00
6.637000000000000455e+02 1.462457331107642755e+00
6.650000000000000000e+02 1.458469638148358172e+00
6.662000000000000455e+02 1.481749288515718188e+00
6.673999999999999773e+02 1.472346197313648464e+00
6.686000000000000227e+02 1.510539331516789652e+00
6.697999999999999545e+02 1.492655771365088757e+00
6.710000000000000000e+02 1.524196338383824623e+00
6.722000000000000455e+02 1.520242926445769749e+00
6.733999999999999773e+02 1.539833287710371312e+00
6.746000000000000227e+02 1.539791627449691891e+00
6.757999999999999545e+02 1.539475653214454232e+00
6.770000000000000000e+02 1.550175903519217302e+00
6.782000000000000455e+02 1.532443102988996664e+00
6.793999999999999773e+02 1.541342656287162383e+00
6.806000000000000227e+02 1.545508201451439634e+00
6.817999999999999545e+02 1.560841648009600346e+00
6.830000000000000000e+02 1.575349249628202219e+00
6.842000000000000455e+02 1.588890920844564736e+00
6.853999999999999773e+02 1.595043740706218127e+00
6.866000000000000227e+02 1.590730534396306295e+00
6.877999999999999545e+02 1.552059440927964884e+00
6.890000000000000000e+02 1.507647325918584080e+00
6.902000000000000455e+02 1.490748466058790633e+00
6.913999999999999773e+02 1.467417023217340910e+00
6.926000000000000227e+02 1.460716202224608073e+00
6.937999999999999545e+02 1.442270782908917415e+00
6.950000000000000000e+02 1.430675071524550868e+00
6.962000000000000455e+02 1.424534722420535360e+00
6.973999999999999773e+02 1.425532595315848861e+00
6.986000000000000227e+02 1.427935126090309703e+00
6.997999999999999545e+02 1.412144203417686761e+00
7.010000000000000000e+02 1.420014912708186472e+00
7.022000000000000455e+02 1.420330686600105752e+00
7.033999999999999773e+02 1.415888165683396371e+00
7.046000000000000227e+02 1.409766795300096964e+00
7.057999999999999545e+02 1.417522199394178894e+00
7.070000000000000000e+02 1.408183309752658818e+00
7.082000000000000455e+02 1.410763014272535365e+00
7.093999999999999773e+02 1.411244732589604034e+00
7.106000000000000227e+02 1.402052030731574916e+00
7.117999999999999545e+02 1.402541055912297052e+00
7.130000000000000000e+02 1.410893967135360194e+00
7.142000000000000455e+02 1.409850172191791318e+00
7.153999999999999773e+02 1.410635676263887639e+00
7.166000000000000227e+02 1.404263827881250259e+00
7.177999999999999545e+02 1.421632639540699961e+00
7.190000000000000000e+02 1.424120852439330065e+00
7.202000000000000455e+02 1.429144237180555610e+00
7.213999999999999773e+02 1.425881159968467760e+00
7.226000000000000227e+02 1.412638908921628911e+00
7.237999999999999545e+02 1.405160814084697840e+00
7.250000000000000000e+02 1.416391260818293585e+00
7.262000000000000455e+02 1.418767807720209051e+00
7.272999999999999545e+02 1.425090043698395093e+00
7.285000000000000000e+02 1.431138044409853372e+00
7.297000000000000455e+02 1.426071262216946023e+00
7.308999999999999773e+02 1.431426969330233945e+00
7.321000000000000227e+02 1.433549991219192909e+00
7.332999999999999545e+02 1.440045593474200913e+00
7.345000000000000000e+02 1.437812081631817174e+00
7.357000000000000455e+02 1.430648947185429121e+00
7.368999999999999773e+02 1.428562001635114820e+00
7.381000000000000227e+02 1.417031121821254347e+00
7.392999999999999545e+02 1.423129009799642963e+00
7.405000000000000000e+02 1.401866666752392243e+00
7.416000000000000227e+02 1.402187437057441644e+00
7.427999999999999545e+02 1.406605450992077122e+00
7.440000000000000000e+02 1.416393932169463188e+00
7.452000000000000455e+02 1.422802399758825054e+00
7.463999999999999773e+02 1.428935535004119739e+00
7.476000000000000227e+02 1.426035140612978314e+00
7.487999999999999545e+02 1.445885314924288956e+00
7.500000000000000000e+02 1.445963586104484833e+00
7.511000000000000227e+02 1.461594917918673797e+00
7.522999999999999545e+02 1.477661548640274658e+00
7.535000000000000000e+02 1.498971939476083870e+00
7.547000000000000455e+02 1.503463692857396339e+00
7.558999999999999773e+02 1.509234901487861213e+00
7.571000000000000227e+02 1.512324049009760918e+00
7.582999999999999545e+02 1.500415169619300881e+00
7.595000000000000000e+02 1.494309554897818915e+00
7.606000000000000227e+02 1.474894287492690248e+00
7.617999999999999545e+02 1.480119275814006485e+00
7.630000000000000000e+02 1.480392160817183056e+00
7.642000000000000455e+02 1.478685326049459903e+00
7.653999999999999773e+02 1.474997397754726158e+00
7.666000000000000227e+02 1.488323359397336620e+00
7.677000000000000455e+02 1.475994187787967871e+00
7.688999999999999773e+02 1.488341266727392753e+00
7.701000000000000227e+02 1.466651592168159990e+00
7.712999999999999545e+02 1.470921937235431631e+00
7.725000000000000000e+02 1.466256852886751449e+00
7.737000000000000455e+02 1.456341142373622555e+00
7.747999999999999545e+02 1.451110205536731090e+00
7.760000000000000000e+02 1.460082211639238237e+00
7.772000000000000455e+02 1.445339837497793267e+00
7.783999999999999773e+02 1.448780648913774449e+00
7.796000000000000227e+02 1.455068751751567468e+00
7.807999999999999545e+02 1.435777466678928693e+00
7.818999999999999773e+02 1.433257634508436240e+00
7.831000000000000227e+02 1.444534089687041778e+00
7.842999999999999545e+02 1.425949074482878220e+00
7.855000000000000000e+02 1.426138687289698836e+00
7.867000000000000455e+02 1.435723517758770162e+00
7.877999999999999545e+02 1.419838420155551173e+00
7.890000000000000000e+02 1.421460255747451829e+00
7.902000000000000455e+02 1.416678206319246236e+00
7.913999999999999773e+02 1.419588260559337067e+00
7.926000000000000227e+02 1.407259634185257013e+00
7.937000000000000455e+02 1.407895234562790199e+00
7.948999999999999773e+02 1.408676650952792819e+00
7.961000000000000227e+02 1.411457141720377839e+00
7.972999999999999545e+02 1.410819799885376202e+00
7.983999999999999773e+02 1.417173270574909827e+00
7.996000000000000227e+02 1.413689717518144207e+00
8.007999999999999545e+02 1.414345147737736452e+00
8.020000000000000000e+02 1.421711047575004994e+00
8.031000000000000227e+02 1.426941820726690402e+00
8.042999999999999545e+02 1.421184001870482216e+00
8.055000000000000000e+02 1.429706828556494225e+00
8.067000000000000455e+02 1.437950381016246171e+00
8.077999999999999545e+02 1.438485202845787736e+00
8.090000000000000000e+02 1.441166290678633111e+00
8.102000000000000455e+02 1.442707585080562849e+00
8.113999999999999773e+02 1.448826801850366053e+00
8.125000000000000000e+02 1.451805222843199461e+00
8.137000000000000455e+02 1.457218741930489614e+00
8.148999999999999773e+02 1.461921631187402149e+00
8.161000000000000227e+02 1.444879230468038012e+00
8.172000000000000455e+02 1.480929437546143923e+00
8.183999999999999773e+02 1.492804884927552811e+00
8.196000000000000227e+02 1.526738014713847624e+00
8.207999999999999545e+02 1.541210790804884434e+00
8.218999999999999773e+02 1.581333216414506859e+00
8.231000000000000227e+02 1.600556506061155737e+00
8.242999999999999545e+02 1.655617700205692655e+00
8.253999999999999773e+02 1.681176527671143450e+00
8.266000000000000227e+02 1.726677251541785196e+00
8.277999999999999545e+02 1.725019420132392511e+00
8.290000000000000000e+02 1.720924058439844417e+00
8.301000000000000227e+02 1.696599437699975121e+00
8.312999999999999545e+02 1.651314681685236208e+00
8.325000000000000000e+02 1.593954772904593753e+00
8.336000000000000227e+02 1.530110709680253089e+00
8.347999999999999545e+02 1.514200281593884867e+00
8.360000000000000000e+02 1.458643349533341960e+00
8.371000000000000227e+02 1.458371153343895443e+00
8.382999999999999545e+02 1.436833920813205934e+00
8.395000000000000000e+02 1.427360681666185682e+00
8.406000000000000227e+02 1.433121797144124798e+00
8.417999999999999545e+02 1.412142543810770201e+00
8.430000000000000000e+02 1.411864101942880367e+00
8.441000000000000227e+02 1.394756107672258993e+00
8.452999999999999545e+02 1.412459568364867968e+00
8.465000000000000000e+02 1.400813723719502191e+00
8.476000000000000227e+02 1.397223806988693307e+00
8.487999999999999545e+02 1.400111365278741360e+00
8.500000000000000000e+02 1.406456483158776916e+00
8.511000000000000227e+02 1.392639538948494682e+00
8.522999999999999545e+02 1.401146953330165257e+00
8.535000000000000000e+02 1.397409716682605829e+00
8.546000000000000227e+02 1.395400316219548742e+00
8.557999999999999545e+02 1.395696436916161742e+00
8.570000000000000000e+02 1.409690804589176727e+00
8.581000000000000227e+02 1.399461301675315461e+00
8.592999999999999545e+02 1.399901923235963963e+00
8.605000000000000000e+02 1.399188046386073747e+00
8.616000000000000227e+02 1.396741573732696695e+00
8.627999999999999545e+02 1.387797767609148192e+00
8.638999999999999773e+02 1.403394366971218776e+00
8.651000000000000227e+02 1.390836592593273302e+00
8.662999999999999545e+02 1.403117188324310982e+00
8.673999999999999773e+02 1.410490279740768127e+00
8.686000000000000227e+02 1.412952626660716637e+00
8.697999999999999545e+02 1.410211914024547042e+00
8.708999999999999773e+02 1.399517869776415679e+00
8.721000000000000227e+02 1.414991344688148134e+00
8.732000000000000455e+02 1.415428883429009632e+00
8.743999999999999773e+02 1.418614402330159008e+00
8.756000000000000227e+02 1.426720131963559179e+00
8.767000000000000455e+02 1.432802287198755797e+00
8.778999999999999773e+02 1.427305426405107713e+00
8.790000000000000000e+02 1.444826952119183883e+00
8.802000000000000455e+02 1.448886655174259186e+00
8.813999999999999773e+02 1.446573537952560384e+00
8.825000000000000000e+02 1.447880533777956336e+00
8.837000000000000455e+02 1.455273497930521520e+00
8.847999999999999545e+02 1.444260179386220422e+00
8.860000000000000000e+02 1.444694326715860955e+00
8.871000000000000227e+02 1.449332795303480248e+00
8.882999999999999545e+02 1.452811774777957865e+00
8.895000000000000000e+02 1.425825529341954834e+00
8.906000000000000227e+02 1.420882325954403447e+00
8.917999999999999545e+02 1.404905291514089605e+00
8.928999999999999773e+02 1.408953213759920775e+00
8.941000000000000227e+02 1.408790738630673500e+00
8.952000000000000455e+02 1.400929558562908239e+00
8.963999999999999773e+02 1.406282436773397926e+00
8.976000000000000227e+02 1.411926763353092085e+00
8.987000000000000455e+02 1.408416539569755210e+00
8.998999999999999773e+02 1.409700033253592721e+00
9.010000000000000000e+02 1.412145644410903511e+00
9.022000000000000455e+02 1.415608636993397784e+00
9.032999999999999545e+02 1.421980501772904582e+00
9.045000000000000000e+02 1.413514273613893479e+00
9.056000000000000227e+02 1.401695882488923184e+00
9.067999999999999545e+02 1.410101406261051071e+00
9.078999999999999773e+02 1.414287081403314383e+00
9.091000000000000227e+02 1.406824122357891227e+00
9.102000000000000455e+02 1.402851437863060768e+00
9.113999999999999773e+02 1.405721693758108071e+00
9.126000000000000227e+02 1.404803012231894188e+00
9.137000000000000455e+02 1.391494650737868932e+00
9.148999999999999773e+02 1.403833178169969331e+00
9.160000000000000000e+02 1.397658930223019125e+00
9.172000000000000455e+02 1.398188029113405451e+00
9.182999999999999545e+02 1.389672069494196194e+00
9.195000000000000000e+02 1.399532573874232133e+00
9.206000000000000227e+02 1.399764413526377815e+00
9.217999999999999545e+02 1.398096903135453761e+00
9.228999999999999773e+02 1.397886477326939492e+00
9.241000000000000227e+02 1.408333036490468260e+00
9.252000000000000455e+02 1.415130857951156340e+00
9.263999999999999773e+02 1.397096209717086035e+00
9.275000000000000000e+02 1.405351544177859457e+00
9.287000000000000455e+02 1.406593604373894690e+00
9.297999999999999545e+02 1.407980352315258088e+00
9.310000000000000000e+02 1.406149193936789610e+00
9.321000000000000227e+02 1.408409819864816948e+00
9.332999999999999545e+02 1.399991952481161706e+00
9.343999999999999773e+02 1.410587196544207389e+00
9.355000000000000000e+02 1.407430074248947838e+00
9.367000000000000455e+02 1.418173848479179933e+00
9.377999999999999545e+02 1.428188291597089377e+00
9.390000000000000000e+02 1.426051925924718189e+00
9.401000000000000227e+02 1.420690693418080075e+00
9.412999999999999545e+02 1.425872174688268101e+00
9.423999999999999773e+02 1.420944284118548673e+00
9.436000000000000227e+02 1.428029288489256476e+00
9.447000000000000455e+02 1.443177279389235457e+00
9.458999999999999773e+02 1.438537312902451903e+00
9.470000000000000000e+02 1.429054256276923507e+00
9.481000000000000227e+02 1.444353058768387044e+00
9.492999999999999545e+02 1.439704615439262980e+00
9.503999999999999773e+02 1.446350966984208286e+00
9.516000000000000227e+02 1.434358779846618637e+00
9.527000000000000455e+02 1.440562612095395600e+00
9.538999999999999773e+02 1.439719350472995263e+00
9.550000000000000000e+02 1.437992669881007712e+00
9.562000000000000455e+02 1.441551469574763322e+00
9.572999999999999545e+02 1.444375283266681853e+00
9.583999999999999773e+02 1.443377570907877105e+00
9.596000000000000227e+02 1.436204112676826128e+00
9.607000000000000455e+02 1.450637315697307361e+00
9.618999999999999773e+02 1.444929050232212298e+00
9.630000000000000000e+02 1.454659886490088372e+00
9.641000000000000227e+02 1.460126738063978191e+00
9.652999999999999545e+02 1.465005451420780869e+00
9.663999999999999773e+02 1.462231262667407883e+00
9.676000000000000227e+02 1.456215517940366411e+00
9.687000000000000455e+02 1.463299323164547916e+00
9.697999999999999545e+02 1.461989985095618838e+00
9.710000000000000000e+02 1.464360653026415937e+00
9.721000000000000227e+02 1.449050815217256316e+00
9.732999999999999545e+02 1.449794924723300182e+00
9.743999999999999773e+02 1.470288004510952318e+00
9.755000000000000000e+02 1.445528775679981281e+00
9.767000000000000455e+02 1.456736099354717595e+00
9.777999999999999545e+02 1.443758513021171197e+00
9.790000000000000000e+02 1.446852847183756285e+00
9.801000000000000227e+02 1.449061227743568825e+00
9.812000000000000455e+02 1.454515311232046137e+00
9.823999999999999773e+02 1.444765818392854451e+00
9.835000000000000000e+02 1.450955521950200389e+00
9.846000000000000227e+02 1.428349588697430006e+00
9.857999999999999545e+02 1.449895667517262732e+00
9.868999999999999773e+02 1.452390938098744755e+00
9.881000000000000227e+02 1.438778649228451778e+00
9.892000000000000455e+02 1.460038841792281383e+00
9.893999999999999773e+02 1.429080956626556986e+00
9.902999999999999545e+02 1.440340665789377583e+00
9.905000000000000000e+02 1.423380209040701505e+00
9.915000000000000000e+02 1.437925763796321865e+00
9.917000000000000455e+02 1.428037919881431916e+00
9.926000000000000227e+02 1.441565232013532594e+00
9.927999999999999545e+02 1.434296714516952731e+00
9.937000000000000455e+02 1.438837289229833116e+00
9.940000000000000000e+02 1.431490431838132071e+00
9.948999999999999773e+02 1.434472300825314406e+00
9.951000000000000227e+02 1.432912885007160408e+00
9.960000000000000000e+02 1.438532035678429466e+00
9.962999999999999545e+02 1.439590693016717493e+00
9.971000000000000227e+02 1.443176898779294781e+00
9.973999999999999773e+02 1.436318722696124039e+00
9.982999999999999545e+02 1.436859375464182742e+00
9.986000000000000227e+02 1.450004419213529960e+00
9.993999999999999773e+02 1.459997762250648368e+00
9.997000000000000455e+02 1.451251111943063776e+00
1.000500000000000000e+03 1.462845772849749038e+00
1.000899999999999977e+03 1.458928751200929907e+00
1.001700000000000045e+03 1.453686332659430702e+00
1.002000000000000000e+03 1.466015311433626955e+00
1.002799999999999955e+03 1.468517279562258748e+00
1.003200000000000045e+03 1.466799347648830354e+00
1.003899999999999977e+03 1.475934692597177245e+00
1.004299999999999955e+03 1.492180689420674833e+00
1.005100000000000023e+03 1.487051161632542140e+00
1.005500000000000000e+03 1.491340394175527662e+00
1.006200000000000045e+03 1.493862573871513888e+00
1.006600000000000023e+03 1.505583489875856662e+00
1.007299999999999955e+03 1.508229589836642015e+00
1.007799999999999955e+03 1.523927746511430925e+00
1.008500000000000000e+03 1.524075370216339431e+00
1.008899999999999977e+03 1.546962573918923001e+00
1.009600000000000023e+03 1.536949833023538048e+00
1.010000000000000000e+03 1.576744582319335564e+00
1.010700000000000045e+03 1.565547839426967069e+00
1.011200000000000045e+03 1.591714302309124474e+00
1.011899999999999977e+03 1.582866524206209657e+00
1.012299999999999955e+03 1.626342466334477654e+00
1.013000000000000000e+03 1.622299952333992712e+00
1.013500000000000000e+03 1.650262163694815154e+00
1.014100000000000023e+03 1.653571280373480112e+00
1.014600000000000023e+03 1.666988109901918369e+00
1.015299999999999955e+03 1.678754214928425359e+00
1.015799999999999955e+03 1.677982838845348157e+00
1.016399999999999977e+03 1.674374467548994438e+00
1.016899999999999977e+03 1.642701137963496150e+00
1.017500000000000000e+03 1.664036494404305788e+00
1.018100000000000023e+03 1.632511386876587034e+00
1.018600000000000023e+03 1.628565879119622029e+00
1.019200000000000045e+03 1.587619377865796322e+00
1.019799999999999955e+03 1.603024658609978559e+00
1.020299999999999955e+03 1.559300306203117881e+00
1.020899999999999977e+03 1.567050961036372314e+00
1.021500000000000000e+03 1.534480119274950649e+00
1.022000000000000000e+03 1.534466641986610869e+00
1.022600000000000023e+03 1.515072846272525364e+00
1.023200000000000045e+03 1.510776241886467863e+00
1.023799999999999955e+03 1.502700267790822997e+00
1.024299999999999955e+03 1.504315244131720908e+00
1.024900000000000091e+03 1.490892542642616503e+00
1.025400000000000091e+03 1.488906342404287653e+00
1.026000000000000000e+03 1.475233820117377137e+00
1.026500000000000000e+03 1.482550869441437547e+00
1.027200000000000045e+03 1.477804125761663867e+00
1.027700000000000045e+03 1.490314812909332431e+00
1.028299999999999955e+03 1.470489672516757551e+00
1.028799999999999955e+03 1.473049425637512178e+00
1.029500000000000000e+03 1.467717497629574153e+00
1.029900000000000091e+03 1.462010799760940394e+00
1.030599999999999909e+03 1.461976203790189333e+00
1.031099999999999909e+03 1.446626783224121304e+00
1.031700000000000045e+03 1.464021091661328544e+00
1.032200000000000045e+03 1.469203694328973464e+00
1.032900000000000091e+03 1.463243664408358180e+00
1.033299999999999955e+03 1.444531297858498320e+00
1.034000000000000000e+03 1.439440336968172307e+00
1.034400000000000091e+03 1.447546466260093645e+00
1.035200000000000045e+03 1.436986545233300605e+00
1.035599999999999909e+03 1.431308308995881351e+00
1.036299999999999955e+03 1.435539338328317704e+00
1.036700000000000045e+03 1.433526858289709605e+00
1.037400000000000091e+03 1.430819358411729025e+00
1.037799999999999955e+03 1.425877537938367245e+00
1.038599999999999909e+03 1.426956157780043144e+00
1.038900000000000091e+03 1.435799571878832559e+00
1.039700000000000045e+03 1.418339339843884384e+00
1.040099999999999909e+03 1.425407642767981820e+00
1.040799999999999955e+03 1.407918000479813081e+00
1.041200000000000045e+03 1.426025656645510287e+00
1.042000000000000000e+03 1.412086085446175865e+00
1.042299999999999955e+03 1.407509892921786410e+00
1.043099999999999909e+03 1.410168873884419805e+00
1.043400000000000091e+03 1.425233234423018747e+00
1.044299999999999955e+03 1.407037900810975906e+00
1.044599999999999909e+03 1.413218685537868780e+00
1.045400000000000091e+03 1.401361036670593530e+00
1.045700000000000045e+03 1.415056983926238132e+00
1.046500000000000000e+03 1.408956813504675720e+00
1.046799999999999955e+03 1.410290815352221339e+00
1.047700000000000045e+03 1.392267968283228630e+00
1.047900000000000091e+03 1.403397627214097332e+00
1.048799999999999955e+03 1.399059033446959699e+00
1.049099999999999909e+03 1.407227406413255277e+00
1.049900000000000091e+03 1.401379964014349611e+00
1.050200000000000045e+03 1.423280879377278874e+00
1.051099999999999909e+03 1.407663462829311207e+00
1.051299999999999955e+03 1.395800250240847973e+00
1.052200000000000045e+03 1.401330448106867355e+00
1.052400000000000091e+03 1.403263542817959619e+00
1.053299999999999955e+03 1.400141271515050967e+00
1.053500000000000000e+03 1.395587593970921025e+00
1.054500000000000000e+03 1.409579983137136727e+00
1.054700000000000045e+03 1.407768078843661064e+00
1.055599999999999909e+03 1.407874507966296429e+00
1.055799999999999955e+03 1.407946451387670495e+00
1.056700000000000045e+03 1.412651819005825482e+00
1.056900000000000091e+03 1.406441377561923112e+00
1.057900000000000091e+03 1.408203478139161469e+00
1.058000000000000000e+03 1.403850255578528827e+00
1.059000000000000000e+03 1.417949380013245220e+00
1.059200000000000045e+03 1.401519584193851697e+00
1.060099999999999909e+03 1.409864893104631145e+00
1.060299999999999955e+03 1.415921730201563422e+00
1.061299999999999955e+03 1.398326010422103582e+00
1.061400000000000091e+03 1.404229422524435167e+00
1.062400000000000091e+03 1.400839266251073800e+00
1.062500000000000000e+03 1.396238803474082246e+00
1.063500000000000000e+03 1.407767626883648759e+00
1.063599999999999909e+03 1.416376305034099836e+00
1.064700000000000045e+03 1.399962942877359895e+00
1.064799999999999955e+03 1.412503228063004990e+00
1.065799999999999955e+03 1.395827648181831693e+00
1.065900000000000091e+03 1.400044811529614019e+00
1.066900000000000091e+03 1.394770291827812647e+00
1.067000000000000000e+03 1.409732380972857024e+00
1.068000000000000000e+03 1.400061780941313616e+00
1.068099999999999909e+03 1.395840144634298730e+00
1.069200000000000045e+03 1.399314437311257153e+00
1.070299999999999955e+03 1.405708986915873426e+00
1.070400000000000091e+03 1.407311659163410722e+00
1.071400000000000091e+03 1.397380093229877440e+00
1.071500000000000000e+03 1.391812973296190803e+00
1.072599999999999909e+03 1.404265246450532523e+00
1.073700000000000045e+03 1.397980893981099815e+00
1.074799999999999955e+03 1.406145762441689095e+00
1.075900000000000091e+03 1.411119459105524943e+00
1.077099999999999909e+03 1.410881534581357677e+00
1.078200000000000045e+03 1.399646408200997838e+00
1.079299999999999955e+03 1.407330201790871538e+00
1.080400000000000091e+03 1.417774948468570662e+00
1.080500000000000000e+03 1.403239784910354393e+00
1.081500000000000000e+03 1.416497573476285465e+00
1.081599999999999909e+03 1.405548743933427103e+00
1.082599999999999909e+03 1.420146528384693907e+00
1.082700000000000045e+03 1.408122167595564411e+00
1.083799999999999955e+03 1.416812854089658291e+00
1.084900000000000091e+03 1.427582523962801053e+00
1.085000000000000000e+03 1.410587969523976470e+00
1.086000000000000000e+03 1.429044471761748314e+00
1.086099999999999909e+03 1.420389586479037014e+00
1.087099999999999909e+03 1.422949668215648167e+00
1.087200000000000045e+03 1.421957400367022117e+00
1.088200000000000045e+03 1.436838911083211823e+00
1.088299999999999955e+03 1.433343758654951783e+00
1.089299999999999955e+03 1.428119744412096992e+00
1.089500000000000000e+03 1.428881260500949768e+00
1.090500000000000000e+03 1.433219178691925721e+00
1.090599999999999909e+03 1.431702102066434890e+00
1.091599999999999909e+03 1.436181595101482023e+00
1.091700000000000045e+03 1.425085235640092263e+00
1.092700000000000045e+03 1.437458223063114326e+00
1.092799999999999955e+03 1.426801159593639623e+00
1.093799999999999955e+03 1.432528502146889871e+00
1.094000000000000000e+03 1.427592474519205901e+00
1.094900000000000091e+03 1.437062223109309311e+00
1.095099999999999909e+03 1.418640945601383763e+00
1.096000000000000000e+03 1.427702226379949479e+00
1.096200000000000045e+03 1.416683576243222387e+00
1.097099999999999909e+03 1.424341350654487526e+00
1.097299999999999955e+03 1.415146675956628242e+00
1.098299999999999955e+03 1.412356858646898861e+00
1.098400000000000091e+03 1.421509610478614238e+00
1.099400000000000091e+03 1.430204208355619899e+00
1.099599999999999909e+03 1.407652699611862790e+00
1.100500000000000000e+03 1.414543206603250391e+00
1.100700000000000045e+03 1.403041418515287519e+00
1.101599999999999909e+03 1.413184604162562863e+00
1.101799999999999955e+03 1.416214993604018701e+00
1.102700000000000045e+03 1.417233652954249967e+00
1.102900000000000091e+03 1.412302923990172765e+00
1.103799999999999955e+03 1.418392180343788889e+00
1.104099999999999909e+03 1.414804595735441151e+00
1.104900000000000091e+03 1.423452935330951297e+00
1.105200000000000045e+03 1.415037416290855887e+00
1.106000000000000000e+03 1.415959058099308443e+00
1.106299999999999955e+03 1.407456646752976770e+00
1.107200000000000045e+03 1.423543375952354806e+00
1.107400000000000091e+03 1.405844634739864984e+00
1.108299999999999955e+03 1.428691687380158726e+00
1.108500000000000000e+03 1.418301026067922299e+00
1.109400000000000091e+03 1.415235535073009920e+00
1.109700000000000045e+03 1.414849065369843562e+00
1.110500000000000000e+03 1.407344830650411049e+00
1.110799999999999955e+03 1.412724739929919870e+00
1.111599999999999909e+03 1.416058125774101617e+00
1.111900000000000091e+03 1.414779767271516331e+00
1.112700000000000045e+03 1.426720597636901955e+00
1.113000000000000000e+03 1.416366305820859095e+00
1.113799999999999955e+03 1.426631441378728882e+00
1.114099999999999909e+03 1.409980234352249617e+00
1.114900000000000091e+03 1.410490938394133975e+00
1.115200000000000045e+03 1.410478354587285432e+00
1.116000000000000000e+03 1.423069130302549334e+00
1.116400000000000091e+03 1.413061139434421465e+00
1.117099999999999909e+03 1.423075852334365621e+00
1.117500000000000000e+03 1.404663682227646149e+00
1.118299999999999955e+03 1.422460025509676651e+00
1.118599999999999909e+03 1.419531367934166566e+00
1.119400000000000091e+03 1.419708078472444734e+00
1.119700000000000045e+03 1.401180678750983066e+00
1.120500000000000000e+03 1.431624972958288167e+00
1.120799999999999955e+03 1.407756070273588289e+00
1.121599999999999909e+03 1.420816069830654449e+00
1.122000000000000000e+03 1.406652008042317270e+00
1.122700000000000045e+03 1.407564287926662105e+00
1.123099999999999909e+03 1.413653201995375808e+00
1.123799999999999955e+03 1.400049385426707094e+00
1.124200000000000045e+03 1.399134257036832585e+00
1.124900000000000091e+03 1.407821288954106187e+00
1.125299999999999955e+03 1.389559475177122971e+00
1.126000000000000000e+03 1.398305512826923058e+00
1.126400000000000091e+03 1.392156504090109381e+00
1.127099999999999909e+03 1.405447261729251052e+00
1.127500000000000000e+03 1.397301204993300905e+00
1.128200000000000045e+03 1.396356704298689744e+00
1.128599999999999909e+03 1.395962501533791089e+00
1.129299999999999955e+03 1.393620001284967991e+00
1.129799999999999955e+03 1.398979454850580506e+00
1.130400000000000091e+03 1.405583971224115603e+00
1.130900000000000091e+03 1.401083876708786091e+00
1.131500000000000000e+03 1.402068765476937928e+00
1.132000000000000000e+03 1.400166560678778760e+00
1.132700000000000045e+03 1.403398587186692303e+00
1.133099999999999909e+03 1.402254490134704712e+00
1.133799999999999955e+03 1.416406744781401494e+00
1.134200000000000045e+03 1.414435704575494945e+00
1.134900000000000091e+03 1.415750986806702194e+00
1.135299999999999955e+03 1.432194968700403859e+00
1.136000000000000000e+03 1.446668526771316410e+00
1.136400000000000091e+03 1.421754058805965837e+00
1.137099999999999909e+03 1.439324627060602824e+00
1.137599999999999909e+03 1.443133247177272427e+00
1.138200000000000045e+03 1.446250390355275250e+00
1.138700000000000045e+03 1.449731280459662042e+00
1.139299999999999955e+03 1.467303291186553560e+00
1.139799999999999955e+03 1.467950520632940403e+00
1.140400000000000091e+03 1.478484774475947949e+00
1.140900000000000091e+03 1.495082863486378644e+00
1.141500000000000000e+03 1.505930022559909931e+00
1.142000000000000000e+03 1.543517562557596312e+00
1.142599999999999909e+03 1.531864536265712173e+00
1.143099999999999909e+03 1.532919425614955644e+00
1.143700000000000045e+03 1.550358699932850470e+00
1.144200000000000045e+03 1.576551180221871684e+00
1.144799999999999955e+03 1.595776356808714880e+00
1.145299999999999955e+03 1.607360252646722776e+00
1.145900000000000091e+03 1.622960873554488259e+00
1.146500000000000000e+03 1.628058684999097450e+00
1.147000000000000000e+03 1.628555283630593875e+00
1.147599999999999909e+03 1.646047747434356001e+00
1.148099999999999909e+03 1.662912058795487091e+00
1.148700000000000045e+03 1.636979945444672291e+00
1.149200000000000045e+03 1.654367779671871652e+00
1.149799999999999955e+03 1.616113068646135131e+00
1.150299999999999955e+03 1.635015813593000855e+00
1.150900000000000091e+03 1.590549901122243259e+00
1.151400000000000091e+03 1.611853819895091799e+00
1.152000000000000000e+03 1.545003448544403746e+00
1.152500000000000000e+03 1.592341713596578279e+00
1.153099999999999909e+03 1.517149526582322050e+00
1.153599999999999909e+03 1.546629484812941158e+00
1.154200000000000045e+03 1.483231484231346320e+00
1.154700000000000045e+03 1.508521468552415312e+00
1.155299999999999955e+03 1.453543131493266083e+00
1.155799999999999955e+03 1.481984285930809220e+00
1.156400000000000091e+03 1.442780832872727625e+00
1.156900000000000091e+03 1.452394819180018004e+00
1.157500000000000000e+03 1.425808054032761563e+00
1.158000000000000000e+03 1.443073416490247229e+00
1.158700000000000045e+03 1.401256829122083047e+00
1.159099999999999909e+03 1.421101142288602848e+00
1.159799999999999955e+03 1.420811693970451151e+00
1.160200000000000045e+03 1.418951302739888343e+00
1.160900000000000091e+03 1.400659583914216855e+00
1.161299999999999955e+03 1.402318953809510216e+00
1.162000000000000000e+03 1.410230383665619147e+00
1.162400000000000091e+03 1.418028847245939472e+00
1.163099999999999909e+03 1.394026770394233283e+00
1.163500000000000000e+03 1.420631556630857828e+00
1.164200000000000045e+03 1.401493842235165044e+00
1.164599999999999909e+03 1.402184029318511049e+00
1.165299999999999955e+03 1.409732661618132488e+00
1.165700000000000045e+03 1.404345013957530863e+00
1.166400000000000091e+03 1.404778582096787298e+00
1.166799999999999955e+03 1.408959345401936236e+00
1.167500000000000000e+03 1.402869037625130488e+00
1.167900000000000091e+03 1.414043785940765297e+00
1.168599999999999909e+03 1.402943545621514687e+00
1.169000000000000000e+03 1.429221012193883533e+00
1.169700000000000045e+03 1.409713122255003670e+00
1.170099999999999909e+03 1.419973659729955262e+00
1.170799999999999955e+03 1.416649302126134380e+00
1.171200000000000045e+03 1.416234542354233739e+00
1.171900000000000091e+03 1.417369419736223879e+00
1.172299999999999955e+03 1.425037018724895077e+00
1.173000000000000000e+03 1.411717370045536324e+00
1.173400000000000091e+03 1.424989926222452130e+00
1.174099999999999909e+03 1.427514889494212458e+00
1.174500000000000000e+03 1.428318794081286480e+00
1.175200000000000045e+03 1.422192440173898564e+00
1.175599999999999909e+03 1.423404909193913159e+00
1.176299999999999955e+03 1.439395588551176219e+00
1.176700000000000045e+03 1.429667079828700782e+00
1.177400000000000091e+03 1.436078815991896240e+00
1.177799999999999955e+03 1.430744557856783672e+00
1.178500000000000000e+03 1.465497359838532354e+00
1.178900000000000091e+03 1.449431504589925535e+00
1.179599999999999909e+03 1.460234915992127736e+00
1.180000000000000000e+03 1.466763041014761182e+00
1.180799999999999955e+03 1.475693750370214108e+00
1.181099999999999909e+03 1.478453036680731136e+00
1.181900000000000091e+03 1.486301360349956635e+00
1.182200000000000045e+03 1.479140511349537945e+00
1.183000000000000000e+03 1.469964824281363214e+00
1.183299999999999955e+03 1.495308715526294741e+00
1.184099999999999909e+03 1.510931202930333450e+00
1.184400000000000091e+03 1.499400433381562037e+00
1.185200000000000045e+03 1.504379505422076102e+00
1.185500000000000000e+03 1.505041701109310237e+00
1.186299999999999955e+03 1.517659992874934138e+00
1.186599999999999909e+03 1.501049566180678863e+00
1.187400000000000091e+03 1.524711576364446097e+00
1.187700000000000045e+03 1.517453123865590392e+00
1.188500000000000000e+03 1.538647093010663047e+00
1.188799999999999955e+03 1.540623749495999562e+00
1.189599999999999909e+03 1.543605442755480839e+00
1.189900000000000091e+03 1.536380512657793629e+00
1.190700000000000045e+03 1.537138889671321174e+00
1.191000000000000000e+03 1.543499148455385717e+00
1.191799999999999955e+03 1.547476522392948084e+00
1.192099999999999909e+03 1.562753202541938835e+00
1.192900000000000091e+03 1.551272118435587988e+00
1.193200000000000045e+03 1.561171997811153567e+00
1.194000000000000000e+03 1.546383327013357567e+00
1.194299999999999955e+03 1.554085080127330265e+00
1.195099999999999909e+03 1.563199466863308240e+00
1.195400000000000091e+03 1.549928794437574364e+00
1.196200000000000045e+03 1.564916809399091724e+00
1.196400000000000091e+03 1.582162361834192899e+00
1.197299999999999955e+03 1.567875708249492739e+00
1.197500000000000000e+03 1.573901358067598455e+00
1.198400000000000091e+03 1.594392948186079906e+00
1.198599999999999909e+03 1.597436696870856210e+00
1.199500000000000000e+03 1.597243816685122164e+00
1.199700000000000045e+03 1.602878691616594242e+00
1.200599999999999909e+03 1.626110788219482961e+00
1.200799999999999955e+03 1.627539911967575748e+00
1.201599999999999909e+03 1.643231833894795102e+00
1.201900000000000091e+03 1.636712681074530495e+00
1.202700000000000045e+03 1.646762620818361222e+00
1.203000000000000000e+03 1.651284617075076122e+00
1.203799999999999955e+03 1.677093074306950538e+00
1.204099999999999909e+03 1.685397321055416953e+00
1.204900000000000091e+03 1.686638672200405420e+00
1.205200000000000045e+03 1.689720678157209832e+00
1.206000000000000000e+03 1.696665562190585286e+00
1.206299999999999955e+03 1.709590659546045277e+00
1.207099999999999909e+03 1.698445013767523992e+00
1.207400000000000091e+03 1.699038727890469058e+00
1.208200000000000045e+03 1.706981831546909856e+00
1.208500000000000000e+03 1.727410564980557339e+00
1.209299999999999955e+03 1.712168580296176357e+00
1.209599999999999909e+03 1.708122459934393378e+00
1.210400000000000091e+03 1.703581875682954383e+00
1.210599999999999909e+03 1.727922726228607209e+00
1.211500000000000000e+03 1.691634600373859820e+00
1.211700000000000045e+03 1.706965521690129384e+00
1.212599999999999909e+03 1.686136178888637538e+00
1.212799999999999955e+03 1.704946789280654240e+00
1.213700000000000045e+03 1.707793184056747737e+00
1.213900000000000091e+03 1.713563714541875838e+00
1.214799999999999955e+03 1.717203220876274639e+00
1.215000000000000000e+03 1.727124607310771331e+00
1.215900000000000091e+03 1.710981625070427503e+00
1.216099999999999909e+03 1.729153008955381932e+00
1.217000000000000000e+03 1.724873001989061905e+00
1.217200000000000045e+03 1.722260181478629804e+00
1.218099999999999909e+03 1.736173250450654404e+00
1.218299999999999955e+03 1.738331497902223299e+00
1.219200000000000045e+03 1.733211237112779468e+00
1.219400000000000091e+03 1.737314944924692295e+00
1.220299999999999955e+03 1.728107962639051420e+00
1.220500000000000000e+03 1.737540407827734779e+00
1.221400000000000091e+03 1.727158799545718493e+00
1.221500000000000000e+03 1.728525354415100690e+00
1.222500000000000000e+03 1.713772465803489187e+00
1.222599999999999909e+03 1.706254698424372940e+00
1.223500000000000000e+03 1.673032658808530693e+00
1.223700000000000045e+03 1.687528836298120893e+00
1.224599999999999909e+03 1.663329736527327629e+00
1.224799999999999955e+03 1.684687987544036814e+00
1.225700000000000045e+03 1.613652746015718398e+00
1.225900000000000091e+03 1.654390229055946460e+00
1.226799999999999955e+03 1.593021443386930747e+00
1.227000000000000000e+03 1.608191183880274489e+00
1.227900000000000091e+03 1.542388231092969297e+00
1.228099999999999909e+03 1.581267359474010759e+00
1.229000000000000000e+03 1.522503812582886251e+00
1.229200000000000045e+03 1.550629244453205491e+00
1.230099999999999909e+03 1.503071818996992715e+00
1.230299999999999955e+03 1.517508550214480945e+00
1.231200000000000045e+03 1.481474532283737933e+00
1.231299999999999955e+03 1.511087119835819115e+00
1.232299999999999955e+03 1.468948422684855482e+00
1.232400000000000091e+03 1.477323091760732066e+00
1.233400000000000091e+03 1.463496517983384537e+00
1.233500000000000000e+03 1.469802108957022790e+00
1.234500000000000000e+03 1.452953653287432312e+00
1.234599999999999909e+03 1.464744207756498717e+00
1.235500000000000000e+03 1.434387594005333000e+00
1.235700000000000045e+03 1.443451054001746225e+00
1.236599999999999909e+03 1.448013176443677219e+00
1.236799999999999955e+03 1.456762731291657786e+00
1.237700000000000045e+03 1.444988362697405160e+00
1.237900000000000091e+03 1.433895022846072509e+00
1.238799999999999955e+03 1.417128715824663043e+00
1.238900000000000091e+03 1.429561443576767177e+00
1.239900000000000091e+03 1.442447829664793568e+00
1.240000000000000000e+03 1.438203701424500824e+00
1.241000000000000000e+03 1.417325472934665820e+00
1.241099999999999909e+03 1.425643956250262745e+00
1.242099999999999909e+03 1.436302222311431009e+00
1.242200000000000045e+03 1.416312515702623953e+00
1.243200000000000045e+03 1.439376371337956595e+00
1.243299999999999955e+03 1.425373926085035770e+00
1.244299999999999955e+03 1.417119663178304068e+00
1.244400000000000091e+03 1.443086922816760431e+00
1.245299999999999955e+03 1.422778608373005849e+00
1.245500000000000000e+03 1.432768866616457748e+00
1.246400000000000091e+03 1.411123607733217877e+00
1.246500000000000000e+03 1.410968626228134681e+00
1.247500000000000000e+03 1.418749305607316380e+00
1.247599999999999909e+03 1.413294179894769131e+00
1.248599999999999909e+03 1.411214131094217894e+00
1.248700000000000045e+03 1.404444918298500822e+00
1.249700000000000045e+03 1.410913876755847562e+00
1.249799999999999955e+03 1.404706278558926158e+00
1.250799999999999955e+03 1.412596702956424588e+00
1.250900000000000091e+03 1.401531984174509304e+00
1.251900000000000091e+03 1.413788823848706633e+00
1.252000000000000000e+03 1.407625951054873203e+00
1.252900000000000091e+03 1.419901024865801720e+00
1.253000000000000000e+03 1.399897551893458436e+00
1.254000000000000000e+03 1.406805384386487612e+00
1.254099999999999909e+03 1.400661237921286828e+00
1.255099999999999909e+03 1.411464012378521371e+00
1.255200000000000045e+03 1.398136307736586037e+00
1.256200000000000045e+03 1.402009268747693049e+00
1.256299999999999955e+03 1.383014555857411398e+00
1.257299999999999955e+03 1.407684613835858967e+00
1.257400000000000091e+03 1.398874096200307893e+00
1.258400000000000091e+03 1.402644122548350358e+00
1.258500000000000000e+03 1.396241385986608075e+00
1.259500000000000000e+03 1.407475923276417129e+00
1.260500000000000000e+03 1.428041845922767061e+00
1.260599999999999909e+03 1.399374456171108561e+00
1.261599999999999909e+03 1.407571524425152543e+00
1.261700000000000045e+03 1.404562092005724683e+00
1.262700000000000045e+03 1.419750563780881381e+00
1.262799999999999955e+03 1.409557063995706683e+00
1.263799999999999955e+03 1.417015701903284741e+00
1.263900000000000091e+03 1.416532442388823032e+00
1.264900000000000091e+03 1.399085867404318506e+00
1.266000000000000000e+03 1.404831502280991185e+00
1.267000000000000000e+03 1.403440257812499148e+00
1.267099999999999909e+03 1.417355241194573345e+00
1.268099999999999909e+03 1.404765487090500864e+00
1.268200000000000045e+03 1.410537582889107577e+00
1.269200000000000045e+03 1.414118268201735695e+00
1.269299999999999955e+03 1.410824138581768805e+00
1.270299999999999955e+03 1.397664902747080662e+00
1.271400000000000091e+03 1.398835032631318809e+00
1.272400000000000091e+03 1.397704406285330325e+00
1.272500000000000000e+03 1.382221503206030100e+00
1.273500000000000000e+03 1.401497583207809816e+00
1.273599999999999909e+03 1.390303567656774764e+00
1.274599999999999909e+03 1.393907074842263505e+00
1.274700000000000045e+03 1.392121118909795507e+00
1.275700000000000045e+03 1.380082729914842377e+00
1.276799999999999955e+03 1.393597116632954602e+00
1.277799999999999955e+03 1.397475823781072268e+00
1.277900000000000091e+03 1.383986308130354059e+00
1.278900000000000091e+03 1.412138921961304749e+00
1.279000000000000000e+03 1.378045182083445619e+00
1.280000000000000000e+03 1.406236557734202863e+00
1.280099999999999909e+03 1.376887927546394774e+00
1.281099999999999909e+03 1.398032470211645562e+00
1.282200000000000045e+03 1.403154941936303857e+00
1.283200000000000045e+03 1.423965535302796681e+00
1.283299999999999955e+03 1.394431416630650844e+00
1.284299999999999955e+03 1.431180688577759597e+00
1.284400000000000091e+03 1.426668982666448926e+00
1.285400000000000091e+03 1.442406326981815701e+00
1.286500000000000000e+03 1.446168721236852361e+00
1.287599999999999909e+03 1.453980869303937995e+00
1.288599999999999909e+03 1.473243931570236809e+00
1.288700000000000045e+03 1.453701335502648906e+00
1.289700000000000045e+03 1.468036025847581749e+00
1.290799999999999955e+03 1.485310965974651509e+00
1.291900000000000091e+03 1.475767807736829473e+00
1.292900000000000091e+03 1.492765100027275471e+00
1.293000000000000000e+03 1.455414134548392857e+00
1.294000000000000000e+03 1.474840043561252090e+00
1.295099999999999909e+03 1.494539580475339857e+00
1.296200000000000045e+03 1.501823785484200480e+00
1.297200000000000045e+03 1.517742948129764180e+00
1.297299999999999955e+03 1.490301725669325394e+00
1.298299999999999955e+03 1.537220661365441776e+00
1.298400000000000091e+03 1.479651118720255232e+00
1.299400000000000091e+03 1.504379077932381570e+00
1.300500000000000000e+03 1.509049823104372967e+00
1.301500000000000000e+03 1.549351332631963007e+00
1.301599999999999909e+03 1.498606749395057669e+00
1.302599999999999909e+03 1.507031260505759196e+00
1.303700000000000045e+03 1.532958898331178377e+00
1.304799999999999955e+03 1.529846926461676748e+00
1.305799999999999955e+03 1.562780863253062869e+00
1.305900000000000091e+03 1.532731458788922918e+00
1.306900000000000091e+03 1.558468279312887894e+00
1.308000000000000000e+03 1.576103259087741515e+00
1.309099999999999909e+03 1.580215737904679507e+00
1.310099999999999909e+03 1.626900188428871630e+00
1.310200000000000045e+03 1.543606977843483774e+00
1.311200000000000045e+03 1.612687973951910436e+00
1.312299999999999955e+03 1.633201457593169259e+00
1.313299999999999955e+03 1.660680511007111448e+00
1.314400000000000091e+03 1.635161816179899752e+00
1.315500000000000000e+03 1.617467573053159580e+00
1.316599999999999909e+03 1.612316275777748276e+00
1.317599999999999909e+03 1.628561863512526520e+00
1.318700000000000045e+03 1.610764447639023045e+00
1.319799999999999955e+03 1.588139637498966472e+00
1.320799999999999955e+03 1.551649895787210465e+00
1.321900000000000091e+03 1.561128635078380400e+00
1.323000000000000000e+03 1.569743050577845800e+00
1.324000000000000000e+03 1.557771037013329529e+00
1.325099999999999909e+03 1.526205526944313995e+00
1.326200000000000045e+03 1.532265527111483339e+00
1.327299999999999955e+03 1.526500289135520827e+00
1.328299999999999955e+03 1.523559385519064779e+00
1.329400000000000091e+03 1.539252851484379070e+00
1.330500000000000000e+03 1.516419855316352150e+00
1.331500000000000000e+03 1.513869722183895705e+00
1.332599999999999909e+03 1.521514378249705146e+00
1.333700000000000045e+03 1.503055986729169735e+00
1.334700000000000045e+03 1.512454270240698229e+00
1.335799999999999955e+03 1.486462442430637632e+00
1.336900000000000091e+03 1.500818122875357208e+00
1.337900000000000091e+03 1.498934551748815514e+00
1.339000000000000000e+03 1.486683136413691875e+00
1.340099999999999909e+03 1.519009086742707737e+00
1.341099999999999909e+03 1.475963971300096267e+00
1.342200000000000045e+03 1.497575458997827624e+00
1.343299999999999955e+03 1.496182151296810758e+00
1.344299999999999955e+03 1.474332985610686153e+00
1.345400000000000091e+03 1.500354026961362219e+00
1.346400000000000091e+03 1.487439466924988629e+00
1.347500000000000000e+03 1.488048693167412839e+00
1.348599999999999909e+03 1.476182780571084985e+00
1.349599999999999909e+03 1.492063352490665240e+00
1.350700000000000045e+03 1.465475760088140289e+00
1.351799999999999955e+03 1.457022376204971437e+00
1.352799999999999955e+03 1.467766690702281718e+00
1.353900000000000091e+03 1.462741543377878761e+00
1.355000000000000000e+03 1.473023204498104866e+00
1.356000000000000000e+03 1.454753480157738421e+00
1.357099999999999909e+03 1.481899902490573462e+00
1.358099999999999909e+03 1.460383549321154106e+00
1.359200000000000045e+03 1.454112380894433620e+00
1.360299999999999955e+03 1.469642432367628260e+00
1.361299999999999955e+03 1.448144572628947913e+00
1.362400000000000091e+03 1.472315814004193424e+00
1.363400000000000091e+03 1.477786138746050693e+00
1.364500000000000000e+03 1.482899436012941274e+00
1.365599999999999909e+03 1.483229010381967194e+00
1.366599999999999909e+03 1.474938518515003905e+00
1.367700000000000045e+03 1.468527343939787455e+00
1.368700000000000045e+03 1.492928277379176771e+00
1.369799999999999955e+03 1.498474365292259414e+00
1.370900000000000091e+03 1.504138298604391188e+00
1.371900000000000091e+03 1.506196305325882667e+00
1.373000000000000000e+03 1.496695511531015432e+00
1.374000000000000000e+03 1.509262113859199728e+00
1.375099999999999909e+03 1.484893261781749185e+00
1.376200000000000045e+03 1.493317896688811874e+00
1.377200000000000045e+03 1.494750299569750362e+00
1.378299999999999955e+03 1.469241686415792003e+00
1.379299999999999955e+03 1.497853239900766464e+00
1.380400000000000091e+03 1.481107984282384438e+00
1.381400000000000091e+03 1.476384469697391122e+00
1.382500000000000000e+03 1.471418369689587058e+00
1.383599999999999909e+03 1.465433212539026808e+00
1.384599999999999909e+03 1.464301053899936811e+00
1.385700000000000045e+03 1.471850820475438804e+00
1.386700000000000045e+03 1.459111290833682739e+00
1.387799999999999955e+03 1.481475001507368994e+00
1.388799999999999955e+03 1.471754187292728666e+00
1.389900000000000091e+03 1.481404234114232166e+00
1.390900000000000091e+03 1.464507127621624161e+00
1.392000000000000000e+03 1.479576300296169933e+00
1.393000000000000000e+03 1.480020716023938698e+00
1.394099999999999909e+03 1.492705666213629545e+00
1.395200000000000045e+03 1.497506150861656504e+00
1.396200000000000045e+03 1.504223270438366455e+00
1.397299999999999955e+03 1.484621777739373760e+00
1.398299999999999955e+03 1.467073155367096371e+00
1.399400000000000091e+03 1.485873561428419531e+00
1.400400000000000091e+03 1.504179423371777125e+00
1.401500000000000000e+03 1.484992060392161362e+00
1.402500000000000000e+03 1.482039459006414539e+00
1.403599999999999909e+03 1.468871793689855654e+00
1.404599999999999909e+03 1.482316171662969584e+00
1.405700000000000045e+03 1.499767513719863610e+00
1.406700000000000045e+03 1.468605089199658043e+00
1.407799999999999955e+03 1.458053550305380419e+00
1.408799999999999955e+03 1.456217965975497908e+00
1.409900000000000091e+03 1.472141857295676370e+00
1.410900000000000091e+03 1.471365613113505555e+00
1.412000000000000000e+03 1.482923135982685547e+00
1.413000000000000000e+03 1.468484563742417093e+00
1.414099999999999909e+03 1.455502589467347674e+00
1.415099999999999909e+03 1.463061473050267791e+00
1.416200000000000045e+03 1.473850106427883722e+00
1.417200000000000045e+03 1.456041230990673840e+00
1.418299999999999955e+03 1.463552238899406222e+00
1.419299999999999955e+03 1.471754999634699690e+00
1.420400000000000091e+03 1.478066714753654587e+00
1.421400000000000091e+03 1.477211445886929209e+00
1.422500000000000000e+03 1.470293486459732790e+00
1.423500000000000000e+03 1.469018141189384785e+00
1.424599999999999909e+03 1.476268373547997559e+00
1.425599999999999909e+03 1.460616764478238849e+00
1.426599999999999909e+03 1.447550749690251326e+00
1.427700000000000045e+03 1.446378875418651511e+00
1.428700000000000045e+03 1.446191226855783496e+00
1.429799999999999955e+03 1.456141197450756097e+00
1.430799999999999955e+03 1.458245968118643265e+00
1.431900000000000091e+03 1.446884756417265772e+00
1.432900000000000091e+03 1.460268882766271314e+00
1.434000000000000000e+03 1.437208892019488093e+00
1.435000000000000000e+03 1.461072758511070102e+00
1.436099999999999909e+03 1.428868633152485801e+00
1.437099999999999909e+03 1.438618710916132803e+00
1.438099999999999909e+03 1.461247687343177448e+00
1.439200000000000045e+03 1.443848793623148774e+00
1.440200000000000045e+03 1.468274676050569383e+00
1.441299999999999955e+03 1.455869130112459331e+00
1.442299999999999955e+03 1.478870195991258463e+00
1.443400000000000091e+03 1.486105591716234908e+00
1.444400000000000091e+03 1.475798308030399131e+00
1.445400000000000091e+03 1.479981557303595041e+00
1.446500000000000000e+03 1.487540191932397171e+00
1.447500000000000000e+03 1.493818080547283600e+00
1.448599999999999909e+03 1.502983288469240009e+00
1.449599999999999909e+03 1.520862539692006132e+00
1.450700000000000045e+03 1.512554505023549378e+00
1.451700000000000045e+03 1.536054057532591166e+00
1.452700000000000045e+03 1.517494897855318658e+00
1.453799999999999955e+03 1.502778760713396444e+00
1.454799999999999955e+03 1.485222075049761559e+00
1.455900000000000091e+03 1.477788485540283858e+00
1.456900000000000091e+03 1.476898199207483886e+00
1.457900000000000091e+03 1.438578140381928439e+00
1.459000000000000000e+03 1.438779676014752873e+00
1.460000000000000000e+03 1.433445532587630300e+00
1.461099999999999909e+03 1.438373429803863068e+00
1.462099999999999909e+03 1.429058232679106588e+00
1.463099999999999909e+03 1.450003487163041171e+00
1.464200000000000045e+03 1.437553974634377285e+00
1.465200000000000045e+03 1.465695787927369764e+00
1.466200000000000045e+03 1.460894717876786375e+00
1.467299999999999955e+03 1.466813291331147795e+00
1.468299999999999955e+03 1.470344099331200249e+00
1.469400000000000091e+03 1.487018471814179232e+00
1.470400000000000091e+03 1.486759196694572571e+00
1.471400000000000091e+03 1.481532123173971982e+00
1.472500000000000000e+03 1.481014840305390434e+00
1.473500000000000000e+03 1.504237002956442915e+00
1.474500000000000000e+03 1.471790208884988793e+00
1.475599999999999909e+03 1.472067569108476359e+00
1.476599999999999909e+03 1.472139780824244681e+00
1.477599999999999909e+03 1.488817659932501369e+00
1.478700000000000045e+03 1.465598129985534293e+00
1.479700000000000045e+03 1.460684655719556080e+00
1.480799999999999955e+03 1.457374426753081265e+00
1.481799999999999955e+03 1.448227556023804041e+00
1.482799999999999955e+03 1.448250306980205959e+00
1.483900000000000091e+03 1.458152267002003510e+00
1.484900000000000091e+03 1.464846358392220882e+00
1.485900000000000091e+03 1.449062809646677774e+00
1.487000000000000000e+03 1.436168804866051252e+00
1.488000000000000000e+03 1.445918006063169114e+00
1.489000000000000000e+03 1.436276335670995330e+00
1.490099999999999909e+03 1.452286248837361793e+00
1.491099999999999909e+03 1.455385342544582850e+00
1.492099999999999909e+03 1.447873098363970490e+00
1.493200000000000045e+03 1.433988660229022161e+00
1.494200000000000045e+03 1.462188644610954436e+00
1.495200000000000045e+03 1.462708409380497176e+00
1.496200000000000045e+03 1.458159492190632012e+00
1.497299999999999955e+03 1.437313357896987442e+00
1.498299999999999955e+03 1.462197646015553465e+00
1.499299999999999955e+03 1.469983271473565223e+00
1.500400000000000091e+03 1.472067943620447794e+00
1.501400000000000091e+03 1.454365855659736306e+00
1.502400000000000091e+03 1.449708339027043547e+00
1.503500000000000000e+03 1.446855803544212282e+00
1.504500000000000000e+03 1.454450921808740027e+00
1.505500000000000000e+03 1.443145461663829732e+00
1.506500000000000000e+03 1.445061335235162003e+00
1.507599999999999909e+03 1.434265684922661377e+00
1.508599999999999909e+03 1.439797678682104287e+00
1.509599999999999909e+03 1.424942585442951160e+00
1.510700000000000045e+03 1.438991118936789215e+00
1.511700000000000045e+03 1.426442199065567795e+00
1.512700000000000045e+03 1.420924132322998856e+00
1.513700000000000045e+03 1.427832421673593588e+00
1.514799999999999955e+03 1.415802452623703855e+00
1.515799999999999955e+03 1.414403442741958727e+00
1.516799999999999955e+03 1.416939876990722214e+00
1.517900000000000091e+03 1.431589442624913611e+00
1.518900000000000091e+03 1.423526099419131885e+00
1.519900000000000091e+03 1.422342002070569045e+00
1.520900000000000091e+03 1.424932899149442989e+00
1.522000000000000000e+03 1.423118930751463562e+00
1.523000000000000000e+03 1.426063217097616187e+00
1.524000000000000000e+03 1.425583029316596972e+00
1.525000000000000000e+03 1.442635897278014445e+00
1.526099999999999909e+03 1.420236319115203649e+00
1.527099999999999909e+03 1.418807909030767700e+00
1.528099999999999909e+03 1.425583517846185533e+00
1.529099999999999909e+03 1.432537716421759200e+00
1.530200000000000045e+03 1.421147179835523300e+00
1.531200000000000045e+03 1.411566954295073950e+00
1.532200000000000045e+03 1.425117343141960813e+00
1.533200000000000045e+03 1.423266261391247012e+00
1.534299999999999955e+03 1.416339845351117566e+00
1.535299999999999955e+03 1.411555026956673009e+00
1.536299999999999955e+03 1.410390329596573622e+00
1.537299999999999955e+03 1.392983550064265330e+00
1.538299999999999955e+03 1.421393266168401226e+00
1.539400000000000091e+03 1.400882855146375672e+00
1.540400000000000091e+03 1.409286797482244058e+00
1.541400000000000091e+03 1.391908583113449005e+00
1.542400000000000091e+03 1.389982024845587638e+00
1.543500000000000000e+03 1.406311358297130720e+00
1.544500000000000000e+03 1.408025376474372647e+00
1.545500000000000000e+03 1.396759149647876397e+00
1.546500000000000000e+03 1.417408490803933496e+00
1.547500000000000000e+03 1.416524989662786060e+00
1.548599999999999909e+03 1.404790897800457072e+00
1.549599999999999909e+03 1.437007336246033384e+00
1.550599999999999909e+03 1.435170480497713674e+00
1.551599999999999909e+03 1.437294812740987471e+00
1.552599999999999909e+03 1.426583998643470963e+00
1.553700000000000045e+03 1.428398055269344491e+00
1.554700000000000045e+03 1.419348398369639774e+00
1.555700000000000045e+03 1.429256655756205197e+00
1.556700000000000045e+03 1.442640470609873882e+00
1.557700000000000045e+03 1.425703846341697556e+00
1.558700000000000045e+03 1.423611066880377196e+00
1.559799999999999955e+03 1.434557215709471256e+00
1.560799999999999955e+03 1.437763789291686134e+00
1.561799999999999955e+03 1.444611427095702005e+00
1.562799999999999955e+03 1.457743086913379837e+00
1.563799999999999955e+03 1.453886522784917812e+00
1.564900000000000091e+03 1.470676880807459508e+00
1.565900000000000091e+03 1.483519993456882791e+00
1.566900000000000091e+03 1.469617935066247938e+00
1.567900000000000091e+03 1.484136741523592207e+00
1.568900000000000091e+03 1.506437610940450700e+00
1.569900000000000091e+03 1.521318902341745938e+00
1.570900000000000091e+03 1.523485411096539677e+00
1.572000000000000000e+03 1.537732876800586235e+00
1.573000000000000000e+03 1.544552345748524402e+00
1.574000000000000000e+03 1.546255067247775283e+00
1.575000000000000000e+03 1.541017615117318940e+00
1.576000000000000000e+03 1.571368663370027452e+00
1.577000000000000000e+03 1.558867719678552977e+00
1.578000000000000000e+03 1.548025559778969606e+00
1.579099999999999909e+03 1.550104135722183196e+00
1.580099999999999909e+03 1.556829592627382519e+00
1.581099999999999909e+03 1.556607740337961010e+00
1.582099999999999909e+03 1.543137081914816466e+00
1.583099999999999909e+03 1.540441976010700431e+00
1.584099999999999909e+03 1.532614444337317305e+00
1.585099999999999909e+03 1.541040960783494063e+00
1.586200000000000045e+03 1.535713303872753288e+00
1.587200000000000045e+03 1.522926197139797821e+00
1.588200000000000045e+03 1.510970727776688838e+00
1.589200000000000045e+03 1.538016519802800630e+00
1.590200000000000045e+03 1.542008610956853154e+00
1.591200000000000045e+03 1.545843503507186689e+00
1.592200000000000045e+03 1.541882309773137116e+00
1.593200000000000045e+03 1.534936761826425577e+00
1.594200000000000045e+03 1.566702834174127590e+00
1.595299999999999955e+03 1.560105444439887634e+00
1.596299999999999955e+03 1.562985149988096456e+00
1.597299999999999955e+03 1.552407751632140398e+00
1.598299999999999955e+03 1.566439868747869113e+00
1.599299999999999955e+03 1.568344091098732740e+00
1.600299999999999955e+03 1.595704885857282651e+00
1.601299999999999955e+03 1.582488441774073884e+00
1.602299999999999955e+03 1.589906847713894456e+00
1.603299999999999955e+03 1.590343605803370641e+00
1.604299999999999955e+03 1.597112353286992859e+00
1.605299999999999955e+03 1.592899763080934727e+00
1.606400000000000091e+03 1.585359883660564684e+00
1.607400000000000091e+03 1.576989249780212488e+00
1.608400000000000091e+03 1.570786326781191455e+00
1.609400000000000091e+03 1.588417052444211608e+00
1.610400000000000091e+03 1.567388805900275406e+00
1.611400000000000091e+03 1.577366738052285999e+00
1.612400000000000091e+03 1.559671943735633670e+00
1.613400000000000091e+03 1.550313840129163623e+00
1.614400000000000091e+03 1.555803724916264397e+00
1.615400000000000091e+03 1.538773911076809942e+00
1.616400000000000091e+03 1.539265157747533141e+00
1.617400000000000091e+03 1.532916401897201686e+00
1.618400000000000091e+03 1.524732177218086182e+00
1.619400000000000091e+03 1.516214188355817116e+00
1.620400000000000091e+03 1.527740421337762777e+00
1.621400000000000091e+03 1.512042407311672498e+00
1.622500000000000000e+03 1.513719976477421847e+00
1.623500000000000000e+03 1.484146136593986753e+00
1.624500000000000000e+03 1.511068001471696398e+00
1.625500000000000000e+03 1.499378410211886781e+00
1.626500000000000000e+03 1.500564389566695578e+00
1.627500000000000000e+03 1.501753341691018262e+00
1.628500000000000000e+03 1.501773863754489735e+00
1.629500000000000000e+03 1.492425022676445723e+00
1.630500000000000000e+03 1.483409025933942527e+00
1.631500000000000000e+03 1.470205638716146623e+00
1.632500000000000000e+03 1.477762706737202780e+00
1.633500000000000000e+03 1.467905631777479458e+00
1.634500000000000000e+03 1.453522638114794097e+00
1.635500000000000000e+03 1.444831868020848953e+00
1.636500000000000000e+03 1.470327543038388418e+00
1.637500000000000000e+03 1.449904582868989600e+00
1.638500000000000000e+03 1.450264051517495378e+00
1.639500000000000000e+03 1.429661996770748233e+00
1.640500000000000000e+03 1.427334616692406799e+00
1.641500000000000000e+03 1.440441112415369318e+00
1.642500000000000000e+03 1.448351229471861235e+00
1.643500000000000000e+03 1.421522209248894608e+00
1.644500000000000000e+03 1.425234529719929810e+00
1.645500000000000000e+03 1.420888386393902580e+00
1.646500000000000000e+03 1.422081904747076297e+00
1.647500000000000000e+03 1.430162236565338363e+00
1.648500000000000000e+03 1.416907533408191977e+00
1.649500000000000000e+03 1.418266241385550686e+00
1.650500000000000000e+03 1.436096188832856724e+00
1.651500000000000000e+03 1.430900218688405223e+00
1.652500000000000000e+03 1.420151533314876202e+00
1.653500000000000000e+03 1.407210226711864909e+00
1.654500000000000000e+03 1.415793815786342336e+00
1.655500000000000000e+03 1.421013766150911684e+00
1.656500000000000000e+03 1.417650850310218980e+00
1.657500000000000000e+03 1.416640625433802869e+00
1.658500000000000000e+03 1.429937962629174164e+00
1.659500000000000000e+03 1.427240553889814079e+00
1.660500000000000000e+03 1.422686398833228338e+00
1.661500000000000000e+03 1.421159607881052001e+00
1.662500000000000000e+03 1.402947547766436154e+00
1.663500000000000000e+03 1.399386935443891034e+00
1.664500000000000000e+03 1.408632448854694408e+00
1.665500000000000000e+03 1.415011745076497851e+00
1.666400000000000091e+03 1.420209286752230238e+00
1.667400000000000091e+03 1.398248589163965105e+00
1.668400000000000091e+03 1.409341207079823688e+00
1.669400000000000091e+03 1.402884782862457547e+00
1.670400000000000091e+03 1.394733365215173881e+00
1.671400000000000091e+03 1.407168828832620733e+00
1.672400000000000091e+03 1.397485672863193695e+00
1.673400000000000091e+03 1.402655000549564601e+00
1.674400000000000091e+03 1.407314556201775702e+00
1.675400000000000091e+03 1.408760620401027674e+00
1.676400000000000091e+03 1.388740655285652714e+00
1.677400000000000091e+03 1.400144594382917607e+00
1.678400000000000091e+03 1.417971619064650968e+00
1.679400000000000091e+03 1.417707520843753510e+00
1.680400000000000091e+03 1.408135528047218532e+00
1.681400000000000091e+03 1.412932068263375696e+00
1.682299999999999955e+03 1.407741930990680901e+00
1.683299999999999955e+03 1.418958559193919999e+00
1.684299999999999955e+03 1.404953143314584096e+00
1.685299999999999955e+03 1.407526682649780314e+00
1.686299999999999955e+03 1.416021281105433127e+00
1.687299999999999955e+03 1.415874888530589404e+00
1.688299999999999955e+03 1.403863398351855807e+00
1.689299999999999955e+03 1.401328478041700576e+00
1.690299999999999955e+03 1.406750615393386861e+00
1.691299999999999955e+03 1.418439477424636497e+00
1.692299999999999955e+03 1.403168811662351079e+00
1.693200000000000045e+03 1.391615155912870661e+00
1.694200000000000045e+03 1.385985571532266425e+00
1.695200000000000045e+03 1.409355380283969339e+00
1.696200000000000045e+03 1.410668698337328220e+00
1.697200000000000045e+03 1.398058238591710412e+00
1.698200000000000045e+03 1.411406457479331911e+00
1.699200000000000045e+03 1.402680395611551667e+00
1.700200000000000045e+03 1.398867593786985442e+00
1.701200000000000045e+03 1.417126236153891883e+00
1.702099999999999909e+03 1.428758743143572874e+00
1.703099999999999909e+03 1.412690614474850781e+00
1.704099999999999909e+03 1.427030190639950513e+00
1.705099999999999909e+03 1.418418659766833567e+00
1.706099999999999909e+03 1.423227570964047839e+00
1.707099999999999909e+03 1.429050646455065188e+00
1.708099999999999909e+03 1.454258785097849671e+00
1.709099999999999909e+03 1.451057192461744361e+00
1.710000000000000000e+03 1.450738808418023051e+00
1.711000000000000000e+03 1.470495497026748755e+00
1.712000000000000000e+03 1.469142823380454432e+00
1.713000000000000000e+03 1.471356857787836425e+00
1.714000000000000000e+03 1.467943327335067050e+00
1.715000000000000000e+03 1.458047016258794404e+00
1.716000000000000000e+03 1.471819976774623839e+00
1.716900000000000091e+03 1.486271577612177985e+00
1.717900000000000091e+03 1.500890838940851291e+00
1.718900000000000091e+03 1.506642589231080409e+00
1.719900000000000091e+03 1.498917576758899584e+00
1.720900000000000091e+03 1.510281751785040427e+00
1.721900000000000091e+03 1.529658992149817820e+00
1.722900000000000091e+03 1.529585124889039527e+00
1.723799999999999955e+03 1.525065440261031746e+00
1.724799999999999955e+03 1.549209801731571190e+00
1.725799999999999955e+03 1.536991926702536926e+00
1.726799999999999955e+03 1.545079608565639750e+00
1.727799999999999955e+03 1.531812976289960382e+00
1.728799999999999955e+03 1.548596456821388578e+00
1.729700000000000045e+03 1.539236418193553169e+00
1.730700000000000045e+03 1.563699698509219971e+00
1.731700000000000045e+03 1.544577456591333053e+00
1.732700000000000045e+03 1.531421642312794429e+00
1.733700000000000045e+03 1.534495491569779491e+00
1.734599999999999909e+03 1.525417967498195582e+00
1.735599999999999909e+03 1.525564548063203629e+00
1.736599999999999909e+03 1.518344276881362420e+00
1.737599999999999909e+03 1.500329936935520081e+00
1.738599999999999909e+03 1.510369928149869923e+00
1.739599999999999909e+03 1.492840576814186582e+00
1.740500000000000000e+03 1.490705400784414714e+00
1.741500000000000000e+03 1.472631157656127288e+00
1.742500000000000000e+03 1.460192546705123107e+00
1.743500000000000000e+03 1.451165546820875285e+00
1.744500000000000000e+03 1.452921190774381754e+00
1.745400000000000091e+03 1.431527000663871618e+00
1.746400000000000091e+03 1.428286766271722019e+00
1.747400000000000091e+03 1.435837785601796091e+00
1.748400000000000091e+03 1.419198073363472812e+00
1.749299999999999955e+03 1.428444527520905893e+00
1.750299999999999955e+03 1.417094261367363828e+00
1.751299999999999955e+03 1.425121144658463734e+00
1.752299999999999955e+03 1.418893410275301692e+00
1.753200000000000045e+03 1.389450218176394358e+00
1.753299999999999955e+03 1.420993716375759552e+00
1.754200000000000045e+03 1.397174429540819718e+00
1.755200000000000045e+03 1.402656672412813332e+00
1.756200000000000045e+03 1.399866477648542995e+00
1.757200000000000045e+03 1.399763201685963354e+00
1.758099999999999909e+03 1.420987321780000645e+00
1.758200000000000045e+03 1.391934659974538357e+00
1.759099999999999909e+03 1.415029838862632783e+00
1.759200000000000045e+03 1.394927267912627444e+00
1.760099999999999909e+03 1.411581732951635360e+00
1.761099999999999909e+03 1.416630885238828963e+00
1.762000000000000000e+03 1.409504374177070973e+00
1.762099999999999909e+03 1.403368083923593801e+00
1.763000000000000000e+03 1.417341791299691733e+00
1.763099999999999909e+03 1.413872637196528892e+00
1.764000000000000000e+03 1.402942556910013794e+00
1.764099999999999909e+03 1.398697138831157094e+00
1.765000000000000000e+03 1.417062013369201345e+00
1.765099999999999909e+03 1.407759042669575189e+00
1.766000000000000000e+03 1.398955119483811904e+00
1.766099999999999909e+03 1.398603082962045274e+00
1.766900000000000091e+03 1.398186432027509030e+00
1.767099999999999909e+03 1.406392775904963033e+00
1.767900000000000091e+03 1.403573625652321244e+00
1.768099999999999909e+03 1.419242557839435426e+00
1.768900000000000091e+03 1.413053939696528705e+00
1.769000000000000000e+03 1.410463276336985983e+00
1.769900000000000091e+03 1.414743666743822237e+00
1.770000000000000000e+03 1.407419402906775252e+00
1.770799999999999955e+03 1.409500064540074149e+00
1.771000000000000000e+03 1.409605257128720091e+00
1.771799999999999955e+03 1.403178780853095553e+00
1.772000000000000000e+03 1.401201405094717467e+00
1.772799999999999955e+03 1.398709899410704116e+00
1.773000000000000000e+03 1.381689772526188298e+00
1.773700000000000045e+03 1.412301012363093244e+00
1.774000000000000000e+03 1.417112556405722312e+00
1.774700000000000045e+03 1.409647968197423440e+00
1.775000000000000000e+03 1.398195364091247450e+00
1.775700000000000045e+03 1.409024112595953948e+00
1.775900000000000091e+03 1.414825502256811918e+00
1.776700000000000045e+03 1.415089133460170068e+00
1.776900000000000091e+03 1.406212333448281893e+00
1.777599999999999909e+03 1.415769833050414039e+00
1.777900000000000091e+03 1.407951537586621837e+00
1.778599999999999909e+03 1.412271876213752719e+00
1.778900000000000091e+03 1.413574852325234055e+00
1.779599999999999909e+03 1.417021537701574463e+00
1.779900000000000091e+03 1.415073113571616359e+00
1.780599999999999909e+03 1.413623213858192340e+00
1.780900000000000091e+03 1.426086248801919698e+00
1.781500000000000000e+03 1.421758364195153224e+00
1.781900000000000091e+03 1.417113707798982603e+00
1.782500000000000000e+03 1.409655248689823503e+00
1.782799999999999955e+03 1.427893758273696134e+00
1.783500000000000000e+03 1.419280460229426222e+00
1.783799999999999955e+03 1.429089579201774374e+00
1.784400000000000091e+03 1.418855688311971397e+00
1.784799999999999955e+03 1.436398752673836210e+00
1.785400000000000091e+03 1.433088565952818305e+00
1.785799999999999955e+03 1.425069799590896080e+00
1.786400000000000091e+03 1.418948659577289551e+00
1.786799999999999955e+03 1.415070825899173323e+00
1.787400000000000091e+03 1.430532958756908668e+00
1.787799999999999955e+03 1.426218696382233642e+00
1.788299999999999955e+03 1.412696229674666348e+00
1.788700000000000045e+03 1.426236865624239680e+00
1.789299999999999955e+03 1.420766897518719318e+00
1.789700000000000045e+03 1.429986509943355744e+00
1.790299999999999955e+03 1.417049782799533642e+00
1.790700000000000045e+03 1.426017802581084570e+00
1.791200000000000045e+03 1.420744073278570996e+00
1.791700000000000045e+03 1.424585037530835097e+00
1.792200000000000045e+03 1.424586536123334302e+00
1.792700000000000045e+03 1.426888074841566212e+00
1.793200000000000045e+03 1.419577325140598534e+00
1.793599999999999909e+03 1.420100058343684246e+00
1.794200000000000045e+03 1.431161247493175415e+00
1.794599999999999909e+03 1.416364079966841549e+00
1.795099999999999909e+03 1.419522336603290302e+00
1.795599999999999909e+03 1.409521544995924192e+00
1.796099999999999909e+03 1.422750038031527886e+00
1.796599999999999909e+03 1.426106336516900219e+00
1.797099999999999909e+03 1.420066622266638046e+00
1.797599999999999909e+03 1.437197092568295309e+00
1.798000000000000000e+03 1.409736703186755147e+00
1.798500000000000000e+03 1.423093382961691855e+00
1.799000000000000000e+03 1.411858713881877669e+00
1.799500000000000000e+03 1.412559500012336544e+00
1.800000000000000000e+03 1.428000732175805698e+00
1.800500000000000000e+03 1.401314682978549442e+00
1.800900000000000091e+03 1.415177570499346116e+00
1.801500000000000000e+03 1.421926015970520485e+00
1.801900000000000091e+03 1.438570322421392822e+00
1.802500000000000000e+03 1.404810233433146704e+00
1.802900000000000091e+03 1.427440993532420155e+00
1.803400000000000091e+03 1.420250629013050547e+00
1.803799999999999955e+03 1.431207578709951855e+00
1.804400000000000091e+03 1.419557192457735928e+00
1.804799999999999955e+03 1.424201668811082344e+00
1.805400000000000091e+03 1.420733854490193071e+00
1.805799999999999955e+03 1.433835883353754115e+00
1.806400000000000091e+03 1.423439464628343698e+00
1.806700000000000045e+03 1.422977204207494628e+00
1.807400000000000091e+03 1.427675761338820903e+00
1.807700000000000045e+03 1.429806687476495419e+00
1.808299999999999955e+03 1.433272904993661001e+00
1.808700000000000045e+03 1.440097271560542014e+00
1.809299999999999955e+03 1.432332567184477101e+00
1.809599999999999909e+03 1.432837544691232923e+00
1.810299999999999955e+03 1.433783242091162702e+00
1.810599999999999909e+03 1.445364243836958495e+00
1.811299999999999955e+03 1.418039734910430560e+00
1.811599999999999909e+03 1.432517761821263225e+00
1.812200000000000045e+03 1.439398673412362273e+00
1.812500000000000000e+03 1.444677754960054461e+00
1.813200000000000045e+03 1.423453335608207526e+00
1.813500000000000000e+03 1.437017528672954070e+00
1.814200000000000045e+03 1.436032294180860314e+00
1.814500000000000000e+03 1.427083989828694000e+00
1.815200000000000045e+03 1.431752396005469441e+00
1.815400000000000091e+03 1.427047580188480547e+00
1.816200000000000045e+03 1.437266420321175353e+00
1.816400000000000091e+03 1.434827868254618499e+00
1.817099999999999909e+03 1.433482355959176058e+00
1.817400000000000091e+03 1.434949181848948152e+00
1.818099999999999909e+03 1.426762171650529654e+00
1.818299999999999955e+03 1.440281889038939278e+00
1.819099999999999909e+03 1.432081644879787286e+00
1.819299999999999955e+03 1.428730330449168306e+00
1.820099999999999909e+03 1.426031691774673815e+00
1.820299999999999955e+03 1.426913988100869446e+00
1.821000000000000000e+03 1.433923278983182836e+00
1.821200000000000045e+03 1.431183483017629765e+00
1.822000000000000000e+03 1.426135497943831210e+00
1.822200000000000045e+03 1.429877491035479009e+00
1.823000000000000000e+03 1.423508058036675239e+00
1.823200000000000045e+03 1.443716656805470233e+00
1.823900000000000091e+03 1.431560781485013756e+00
1.824099999999999909e+03 1.445364197983217913e+00
1.824900000000000091e+03 1.426338279966328004e+00
1.825099999999999909e+03 1.423489655095192097e+00
1.825900000000000091e+03 1.424558333980638025e+00
1.826000000000000000e+03 1.422687212848630756e+00
1.826900000000000091e+03 1.421394513210241239e+00
1.827000000000000000e+03 1.434429966664443112e+00
1.827799999999999955e+03 1.429958165281018490e+00
1.828000000000000000e+03 1.447220922033456869e+00
1.828799999999999955e+03 1.440422072734765191e+00
1.828900000000000091e+03 1.433688455991140920e+00
1.829799999999999955e+03 1.437943913802941953e+00
1.829900000000000091e+03 1.439331673074238704e+00
1.830799999999999955e+03 1.437707974531586386e+00
1.830900000000000091e+03 1.433813763526265772e+00
1.831700000000000045e+03 1.448523502207623270e+00
1.831799999999999955e+03 1.435097155793262136e+00
1.832700000000000045e+03 1.443625751246901956e+00
1.832799999999999955e+03 1.436904882034040876e+00
1.833700000000000045e+03 1.443845686046195675e+00
1.834599999999999909e+03 1.436022560103050294e+00
1.834700000000000045e+03 1.447810512445930842e+00
1.835599999999999909e+03 1.444257202985153699e+00
1.835700000000000045e+03 1.444561728889142804e+00
1.836599999999999909e+03 1.446585029179451531e+00
1.837599999999999909e+03 1.445340294292328132e+00
1.838500000000000000e+03 1.441906017955468799e+00
1.838599999999999909e+03 1.429480215595966941e+00
1.839500000000000000e+03 1.428688676720911488e+00
1.840500000000000000e+03 1.438394155410825714e+00
1.841400000000000091e+03 1.440119833448878062e+00
1.842400000000000091e+03 1.435252204887005778e+00
1.843400000000000091e+03 1.428528859854441446e+00
1.844299999999999955e+03 1.432066882085232029e+00
1.844400000000000091e+03 1.426831188129091155e+00
1.845299999999999955e+03 1.427531243540785866e+00
1.846200000000000045e+03 1.430954674679725702e+00
1.846299999999999955e+03 1.434135681087988390e+00
1.847200000000000045e+03 1.429820514105111462e+00
1.847299999999999955e+03 1.420232992057236521e+00
1.848200000000000045e+03 1.427208436279510551e+00
1.849099999999999909e+03 1.425924784985719063e+00
1.849200000000000045e+03 1.415071801076523750e+00
1.850099999999999909e+03 1.426729164903460356e+00
1.850200000000000045e+03 1.430832346154482515e+00
1.851000000000000000e+03 1.418783982599386206e+00
1.851099999999999909e+03 1.416589555678810175e+00
1.852000000000000000e+03 1.417673796771658612e+00
1.852099999999999909e+03 1.408247668109849915e+00
1.852900000000000091e+03 1.424103696774540184e+00
1.853099999999999909e+03 1.421261001856366057e+00
1.853900000000000091e+03 1.420030045397603136e+00
1.854000000000000000e+03 1.419876595361106775e+00
1.854900000000000091e+03 1.423148506608950203e+00
1.855000000000000000e+03 1.413636698224507215e+00
1.855799999999999955e+03 1.438547099381433769e+00
1.856000000000000000e+03 1.429811560855898112e+00
1.856799999999999955e+03 1.424154636579809452e+00
1.856900000000000091e+03 1.422893268400896583e+00
1.857700000000000045e+03 1.431510537868321720e+00
1.857900000000000091e+03 1.424149349792417363e+00
1.858700000000000045e+03 1.435896987476993569e+00
1.858900000000000091e+03 1.444363823875069786e+00
1.859599999999999909e+03 1.433979509350592707e+00
1.859799999999999955e+03 1.422171328008670077e+00
1.860599999999999909e+03 1.425403916172577334e+00
1.860799999999999955e+03 1.441197469815383325e+00
1.861599999999999909e+03 1.447547226283560917e+00
1.861799999999999955e+03 1.433453205105859718e+00
1.862500000000000000e+03 1.434252943777171607e+00
1.862700000000000045e+03 1.419626165244479932e+00
1.863500000000000000e+03 1.430093971087264437e+00
1.863700000000000045e+03 1.420945432468150305e+00
1.864400000000000091e+03 1.449474737672124869e+00
1.864599999999999909e+03 1.426454784020058542e+00
1.865400000000000091e+03 1.440247050799562167e+00
1.865599999999999909e+03 1.435983326226685453e+00
1.866299999999999955e+03 1.441392002282962714e+00
1.866599999999999909e+03 1.427067039722277553e+00
1.867299999999999955e+03 1.449226195988257748e+00
1.867500000000000000e+03 1.420423602583977818e+00
1.868200000000000045e+03 1.442314671047285612e+00
1.868500000000000000e+03 1.418494318761764017e+00
1.869200000000000045e+03 1.434534631381786607e+00
1.869500000000000000e+03 1.428951377865542716e+00
1.870200000000000045e+03 1.438191579984689161e+00
1.870400000000000091e+03 1.423388425602212015e+00
1.871099999999999909e+03 1.428500229174237468e+00
1.871400000000000091e+03 1.414872064941636864e+00
1.872099999999999909e+03 1.436405246629116617e+00
1.872400000000000091e+03 1.422759778029363931e+00
1.873000000000000000e+03 1.438346693653621777e+00
1.873299999999999955e+03 1.429269507378321924e+00
1.874000000000000000e+03 1.420422905511578238e+00
1.874299999999999955e+03 1.422011751775433153e+00
1.874900000000000091e+03 1.419927130994480757e+00
1.875200000000000045e+03 1.423491495172848564e+00
1.875900000000000091e+03 1.424549714366837527e+00
1.876200000000000045e+03 1.422891691993490637e+00
1.876799999999999955e+03 1.434469806020319149e+00
1.877200000000000045e+03 1.437497623823644544e+00
1.877799999999999955e+03 1.427506578083857836e+00
1.878099999999999909e+03 1.426626187848748728e+00
1.878700000000000045e+03 1.424253989677899623e+00
1.879099999999999909e+03 1.432710102104700178e+00
1.879700000000000045e+03 1.432288035817559591e+00
1.880000000000000000e+03 1.408059240939567358e+00
1.880700000000000045e+03 1.432237179413232475e+00
1.881000000000000000e+03 1.407006975553435124e+00
1.881599999999999909e+03 1.434668913514219213e+00
1.882000000000000000e+03 1.438835111768816954e+00
1.882599999999999909e+03 1.431125753260307443e+00
1.882900000000000091e+03 1.428204260565489214e+00
1.883500000000000000e+03 1.423543337904187078e+00
1.883900000000000091e+03 1.434024759539020977e+00
1.884500000000000000e+03 1.443829378671473984e+00
1.884799999999999955e+03 1.425694447250702490e+00
1.885400000000000091e+03 1.436984700758805467e+00
1.885799999999999955e+03 1.434174464111256597e+00
1.886400000000000091e+03 1.432975875986009395e+00
1.886799999999999955e+03 1.435849337163773054e+00
1.887299999999999955e+03 1.444858084217834460e+00
1.887700000000000045e+03 1.429138927370930956e+00
1.888299999999999955e+03 1.437354367522718501e+00
1.888700000000000045e+03 1.437150510952240001e+00
1.889200000000000045e+03 1.441511454780118218e+00
1.889599999999999909e+03 1.433623616428794545e+00
1.890200000000000045e+03 1.435803464629968218e+00
1.890599999999999909e+03 1.456213846049726701e+00
1.891099999999999909e+03 1.443350343476165865e+00
1.891599999999999909e+03 1.434851604809319170e+00
1.892099999999999909e+03 1.443678321418543353e+00
1.892500000000000000e+03 1.438208412016673821e+00
1.893000000000000000e+03 1.455149451834379271e+00
1.893500000000000000e+03 1.443512435120064996e+00
1.894000000000000000e+03 1.438381733858725697e+00
1.894400000000000091e+03 1.441121335615496157e+00
1.894900000000000091e+03 1.436641636048510362e+00
1.895400000000000091e+03 1.438571236665825204e+00
1.895900000000000091e+03 1.439159235408011384e+00
1.896299999999999955e+03 1.432879937791253111e+00
1.896799999999999955e+03 1.431621962389243219e+00
1.897299999999999955e+03 1.446328940278387654e+00
1.897799999999999955e+03 1.449023064099863589e+00
1.898299999999999955e+03 1.422946293969063580e+00
1.898700000000000045e+03 1.429675113135870035e+00
1.899200000000000045e+03 1.434152449748622438e+00
1.899700000000000045e+03 1.437569273364853073e+00
1.900200000000000045e+03 1.436075537634501575e+00
1.900599999999999909e+03 1.430097301132088106e+00
1.901099999999999909e+03 1.433275399121082039e+00
1.901599999999999909e+03 1.438737769109097009e+00
1.902099999999999909e+03 1.432248292497777076e+00
1.902500000000000000e+03 1.430414289665223215e+00
1.903000000000000000e+03 1.425791570619807214e+00
1.903500000000000000e+03 1.434138865983345168e+00
1.904000000000000000e+03 1.426027885474650203e+00
1.904400000000000091e+03 1.432395855269449569e+00
1.905000000000000000e+03 1.442981509776143589e+00
1.905400000000000091e+03 1.443415921603664609e+00
1.905900000000000091e+03 1.435345068444524141e+00
1.906299999999999955e+03 1.438168417955663081e+00
1.906900000000000091e+03 1.426667530984378818e+00
1.907299999999999955e+03 1.436478570860216353e+00
1.907799999999999955e+03 1.436649587103121295e+00
1.908200000000000045e+03 1.442245055617855209e+00
1.908799999999999955e+03 1.435569151063301074e+00
1.909200000000000045e+03 1.435098777997541930e+00
1.909700000000000045e+03 1.426058354261519279e+00
1.910099999999999909e+03 1.437181395633748027e+00
1.910700000000000045e+03 1.441908390958581920e+00
1.911099999999999909e+03 1.444599029750208929e+00
1.911599999999999909e+03 1.441408793813842237e+00
1.912000000000000000e+03 1.444769330087056103e+00
1.912599999999999909e+03 1.436523562038956925e+00
1.912900000000000091e+03 1.446375357096329584e+00
1.913500000000000000e+03 1.436409197205989363e+00
1.913900000000000091e+03 1.447467283879306787e+00
1.914500000000000000e+03 1.434197578456905875e+00
1.914799999999999955e+03 1.446271167812846814e+00
1.915400000000000091e+03 1.432706823969166487e+00
1.915799999999999955e+03 1.435690051958378399e+00
1.916400000000000091e+03 1.432994864124946366e+00
1.916700000000000045e+03 1.461848157091524048e+00
1.917299999999999955e+03 1.435062804303349537e+00
1.917700000000000045e+03 1.445798670751810455e+00
1.918299999999999955e+03 1.431681466815282855e+00
1.918599999999999909e+03 1.444846267158565789e+00
1.919299999999999955e+03 1.438721881990946638e+00
1.919599999999999909e+03 1.441424758507495740e+00
1.920200000000000045e+03 1.439783225139690925e+00
1.920500000000000000e+03 1.440148973511770070e+00
1.921200000000000045e+03 1.449508102328497472e+00
1.921500000000000000e+03 1.434626867935212324e+00
1.922099999999999909e+03 1.443720565588665572e+00
1.922400000000000091e+03 1.437289151508164942e+00
1.923099999999999909e+03 1.424881517169832801e+00
1.923299999999999955e+03 1.430019815612850520e+00
1.924000000000000000e+03 1.421236126137416900e+00
1.924299999999999955e+03 1.438754958172149268e+00
1.925000000000000000e+03 1.432794530480021367e+00
1.925200000000000045e+03 1.438622965122351438e+00
1.925900000000000091e+03 1.421406386867341221e+00
1.926200000000000045e+03 1.441883367892778267e+00
1.926900000000000091e+03 1.417803209281288446e+00
1.927099999999999909e+03 1.436448713669175925e+00
1.927799999999999955e+03 1.434362572446480355e+00
1.928099999999999909e+03 1.420535826927636469e+00
1.928799999999999955e+03 1.443872377142867425e+00
1.929000000000000000e+03 1.442335251223292980e+00
1.929700000000000045e+03 1.415382453240859428e+00
1.930000000000000000e+03 1.425735025886344820e+00
1.930700000000000045e+03 1.431995387887966542e+00
1.930900000000000091e+03 1.424087453468789288e+00
1.931599999999999909e+03 1.434830717251937449e+00
1.931799999999999955e+03 1.436510788004851324e+00
1.932599999999999909e+03 1.429541200900500186e+00
1.932799999999999955e+03 1.431688482049258360e+00
1.933500000000000000e+03 1.423908610604835090e+00
1.933700000000000045e+03 1.440406521097302273e+00
1.934400000000000091e+03 1.425367687232014013e+00
1.934700000000000045e+03 1.427953788484506159e+00
1.935400000000000091e+03 1.428965028693824024e+00
1.935599999999999909e+03 1.424234988018799664e+00
1.936299999999999955e+03 1.440723523157036556e+00
1.936599999999999909e+03 1.431748150984241574e+00
1.937299999999999955e+03 1.424864194414766638e+00
1.937500000000000000e+03 1.431794428681951281e+00
1.938200000000000045e+03 1.421058517011397404e+00
1.938400000000000091e+03 1.423834917054931148e+00
1.939200000000000045e+03 1.434453996327230696e+00
1.939400000000000091e+03 1.433704666085930057e+00
1.940099999999999909e+03 1.440066987151256361e+00
1.940299999999999955e+03 1.450184168038560095e+00
1.941099999999999909e+03 1.445516198857353940e+00
1.941299999999999955e+03 1.431383247196609476e+00
1.942000000000000000e+03 1.422425284389091438e+00
1.942200000000000045e+03 1.439153261741118239e+00
1.943000000000000000e+03 1.430909644821744653e+00
1.943200000000000045e+03 1.443191472522878938e+00
1.943900000000000091e+03 1.437101264758053665e+00
1.944099999999999909e+03 1.437431005864205025e+00
1.944900000000000091e+03 1.434609378249433354e+00
1.945000000000000000e+03 1.442382141757430070e+00
1.945799999999999955e+03 1.435675896152894593e+00
1.946000000000000000e+03 1.443418941063596250e+00
1.946799999999999955e+03 1.428939719290441390e+00
1.946900000000000091e+03 1.428938713929442050e+00
1.947700000000000045e+03 1.425760934164754579e+00
1.947900000000000091e+03 1.441950394161647608e+00
1.948599999999999909e+03 1.419746905601355635e+00
1.948799999999999955e+03 1.440514193109281527e+00
1.949599999999999909e+03 1.423687506244095902e+00
1.949700000000000045e+03 1.431407232727026635e+00
1.950500000000000000e+03 1.429769897194453465e+00
1.950700000000000045e+03 1.433198699757283645e+00
1.951500000000000000e+03 1.422886489600669879e+00
1.951599999999999909e+03 1.425888015562338351e+00
1.952400000000000091e+03 1.425251703452722118e+00
1.952599999999999909e+03 1.413578977809019310e+00
1.953400000000000091e+03 1.424601219674740848e+00
1.953500000000000000e+03 1.422536001548956319e+00
1.954299999999999955e+03 1.411861340433380185e+00
1.954400000000000091e+03 1.426855394954339662e+00
1.955299999999999955e+03 1.421537654985415289e+00
1.955400000000000091e+03 1.412591331308852283e+00
1.956200000000000045e+03 1.413606578859722740e+00
1.956299999999999955e+03 1.415848365366219719e+00
1.957099999999999909e+03 1.419381677461935443e+00
1.957299999999999955e+03 1.418217157763954850e+00
1.958099999999999909e+03 1.423739412445533814e+00
1.958200000000000045e+03 1.412185043330182577e+00
1.959000000000000000e+03 1.421158302187568889e+00
1.959099999999999909e+03 1.414025468536204366e+00
1.960000000000000000e+03 1.426772373318873299e+00
1.960099999999999909e+03 1.419985020532584796e+00
1.960900000000000091e+03 1.437201895602813639e+00
1.961000000000000000e+03 1.423444402117381102e+00
1.961900000000000091e+03 1.424821247964974225e+00
1.962799999999999955e+03 1.421022019036747963e+00
1.962900000000000091e+03 1.428778747821896067e+00
1.963700000000000045e+03 1.420409944620076859e+00
1.963799999999999955e+03 1.427770693696730930e+00
1.964700000000000045e+03 1.433885187379695392e+00
1.964799999999999955e+03 1.423003082922469575e+00
1.965599999999999909e+03 1.424004121484087948e+00
1.965700000000000045e+03 1.416443640366490619e+00
1.966599999999999909e+03 1.429162997150810410e+00
1.967500000000000000e+03 1.424221581752566523e+00
1.967599999999999909e+03 1.433074419520538045e+00
1.968400000000000091e+03 1.445920149013868450e+00
1.968500000000000000e+03 1.424900498030608365e+00
1.969400000000000091e+03 1.429975305988544942e+00
1.970299999999999955e+03 1.426147673062786891e+00
1.970400000000000091e+03 1.428453869919266594e+00
1.971299999999999955e+03 1.432833522369919566e+00
1.972200000000000045e+03 1.428002293779276233e+00
1.973099999999999909e+03 1.432364265180405827e+00
1.973200000000000045e+03 1.420784505746691462e+00
1.974099999999999909e+03 1.423271728300776973e+00
1.975000000000000000e+03 1.419701116162813470e+00
1.975099999999999909e+03 1.409614365206545150e+00
1.976000000000000000e+03 1.417345021104322145e+00
1.976900000000000091e+03 1.419210894226992536e+00
1.977799999999999955e+03 1.411945826364084278e+00
1.977900000000000091e+03 1.416985163769474587e+00
1.978799999999999955e+03 1.407553953022878002e+00
1.979700000000000045e+03 1.414146883708654157e+00
1.980700000000000045e+03 1.407955069633919365e+00
1.981599999999999909e+03 1.400156747841505567e+00
1.982500000000000000e+03 1.420135277986976474e+00
1.983500000000000000e+03 1.414749668298731722e+00
1.984400000000000091e+03 1.412474246805427880e+00
1.985299999999999955e+03 1.409133406405415512e+00
1.986299999999999955e+03 1.422210307914111294e+00
1.987200000000000045e+03 1.403701349855819513e+00
1.988099999999999909e+03 1.405954636396672397e+00
1.988200000000000045e+03 1.413407448896021767e+00
1.989099999999999909e+03 1.414297591087028350e+00
1.990000000000000000e+03 1.407802931228474996e+00
1.990900000000000091e+03 1.414866812534476992e+00
1.991000000000000000e+03 1.406769297364061755e+00
1.991900000000000091e+03 1.405887705782218333e+00
1.992799999999999955e+03 1.411243369840595063e+00
1.993700000000000045e+03 1.404847811104781297e+00
1.993799999999999955e+03 1.426657153291226221e+00
1.994700000000000045e+03 1.408591244554614041e+00
1.995599999999999909e+03 1.413119105171592338e+00
1.996500000000000000e+03 1.400544877032888103e+00
1.996599999999999909e+03 1.422996031321597465e+00
1.997500000000000000e+03 1.414298387727868977e+00
1.998400000000000091e+03 1.414784771112413964e+00
1.999299999999999955e+03 1.397997315296596543e+00
1.999400000000000091e+03 1.393937289836331805e+00
2.000299999999999955e+03 1.401159018791904742e+00
2.001200000000000045e+03 1.402165172110101166e+00
2.002099999999999909e+03 1.400810574541314857e+00
2.002200000000000045e+03 1.421636795970362632e+00
2.003000000000000000e+03 1.393322460938601015e+00
2.003099999999999909e+03 1.409156896355537647e+00
2.004000000000000000e+03 1.402088455918732546e+00
2.004900000000000091e+03 1.401134424568381887e+00
2.005000000000000000e+03 1.408721884208688602e+00
2.005799999999999955e+03 1.406603694227117840e+00
2.005900000000000091e+03 1.410241284050285149e+00
2.006799999999999955e+03 1.408796886912595081e+00
2.007700000000000045e+03 1.395056544071471727e+00
2.007799999999999955e+03 1.416958883544724657e+00
2.008599999999999909e+03 1.392909236461794542e+00
2.008700000000000045e+03 1.411238598374357167e+00
2.009599999999999909e+03 1.404865773337236057e+00
2.010500000000000000e+03 1.400623637518750186e+00
2.010599999999999909e+03 1.407631135658445665e+00
2.011400000000000091e+03 1.394645726438277666e+00
2.011500000000000000e+03 1.421879214180212125e+00
2.012299999999999955e+03 1.399672575389851126e+00
2.012400000000000091e+03 1.423495502042734229e+00
2.013299999999999955e+03 1.399987384558311510e+00
2.013400000000000091e+03 1.409044669104470016e+00
2.014200000000000045e+03 1.390707404380736589e+00
2.014299999999999955e+03 1.421632545439048378e+00
2.015099999999999909e+03 1.403283016168574315e+00
2.015200000000000045e+03 1.417970395272467377e+00
2.016099999999999909e+03 1.408555697053517353e+00
2.017000000000000000e+03 1.403988576798469889e+00
2.017099999999999909e+03 1.429371644339793246e+00
2.017900000000000091e+03 1.403511338332741776e+00
2.018000000000000000e+03 1.414294024437204200e+00
2.018799999999999955e+03 1.397591403219678785e+00
2.018900000000000091e+03 1.426464904352840568e+00
2.019799999999999955e+03 1.407756984700730962e+00
2.019900000000000091e+03 1.421825883588915929e+00
2.020700000000000045e+03 1.406147945450916481e+00
2.020799999999999955e+03 1.418795331620441802e+00
2.021599999999999909e+03 1.400903020391555343e+00
2.021700000000000045e+03 1.420807989285376660e+00
2.022599999999999909e+03 1.408312675758337074e+00
2.022700000000000045e+03 1.417021663323497549e+00
2.023500000000000000e+03 1.413898902797877444e+00
2.023599999999999909e+03 1.424789189555024649e+00
2.024400000000000091e+03 1.405709034053161277e+00
2.024500000000000000e+03 1.421875147797861283e+00
2.025299999999999955e+03 1.399674428544766869e+00
2.025400000000000091e+03 1.425817620836024924e+00
2.026299999999999955e+03 1.410650386466119510e+00
2.026400000000000091e+03 1.418348591274108728e+00
2.027200000000000045e+03 1.399148519919655831e+00
2.027299999999999955e+03 1.426784891403263922e+00
2.028099999999999909e+03 1.402305465782241800e+00
2.028200000000000045e+03 1.422177800010831827e+00
2.029000000000000000e+03 1.409435526030181629e+00
2.029099999999999909e+03 1.409044709903357617e+00
2.030000000000000000e+03 1.407851775236125480e+00
2.030099999999999909e+03 1.416170796899710593e+00
2.030900000000000091e+03 1.411080594914429831e+00
2.031000000000000000e+03 1.409520098806368749e+00
2.031900000000000091e+03 1.409311119717737926e+00
2.032900000000000091e+03 1.413627764617355176e+00
2.033799999999999955e+03 1.419754556570366866e+00
2.034700000000000045e+03 1.434943466182021954e+00
2.035599999999999909e+03 1.413329124522228364e+00
2.036599999999999909e+03 1.429965954759223612e+00
2.037500000000000000e+03 1.420848879082793337e+00
2.038400000000000091e+03 1.423153745838106943e+00
2.039299999999999955e+03 1.416745213608340048e+00
2.040299999999999955e+03 1.421038729626858066e+00
2.041200000000000045e+03 1.418976031275024141e+00
2.042099999999999909e+03 1.426169249961100061e+00
2.043000000000000000e+03 1.415380825742641679e+00
2.044000000000000000e+03 1.417663497751679547e+00
2.044900000000000091e+03 1.415945711753791691e+00
2.045799999999999955e+03 1.417858038730140269e+00
2.046700000000000045e+03 1.411405294581624448e+00
2.047700000000000045e+03 1.413491335684633476e+00
2.048599999999999909e+03 1.420302643573619683e+00
2.049500000000000000e+03 1.417654202634836658e+00
2.050400000000000091e+03 1.411907726006270014e+00
2.051300000000000182e+03 1.415799581661100648e+00
2.052300000000000182e+03 1.416776904344418941e+00
2.053199999999999818e+03 1.413927525011830166e+00
2.054099999999999909e+03 1.414350679586346082e+00
2.055000000000000000e+03 1.410763111045254092e+00
2.056000000000000000e+03 1.411724390216121616e+00
2.056900000000000091e+03 1.401202757981286240e+00
2.057800000000000182e+03 1.406528542855495223e+00
2.058699999999999818e+03 1.409665183317476478e+00
2.059599999999999909e+03 1.411887605470012019e+00
2.060599999999999909e+03 1.403712015605492303e+00
2.061500000000000000e+03 1.411398493991479430e+00
2.062400000000000091e+03 1.399744943784477114e+00
2.063300000000000182e+03 1.404141285612397594e+00
2.064199999999999818e+03 1.407257938061393432e+00
2.065199999999999818e+03 1.410189455334906583e+00
2.066099999999999909e+03 1.412205323341875651e+00
2.067000000000000000e+03 1.405999220263340010e+00
2.067900000000000091e+03 1.412939716274637103e+00
2.068800000000000182e+03 1.407819694028638047e+00
2.069800000000000182e+03 1.416766193437986932e+00
2.070699999999999818e+03 1.411637086072652147e+00
2.071599999999999909e+03 1.412901302141871707e+00
2.072500000000000000e+03 1.402275121262155810e+00
2.073400000000000091e+03 1.411761482204038742e+00
2.074300000000000182e+03 1.411917303394799816e+00
2.075300000000000182e+03 1.411703373923852700e+00
2.076199999999999818e+03 1.410936448058081938e+00
2.077099999999999909e+03 1.409982315470700076e+00
2.078000000000000000e+03 1.412136912824506041e+00
2.078900000000000091e+03 1.404947883678206999e+00
2.079800000000000182e+03 1.413689647634392532e+00
2.080800000000000182e+03 1.397695285820491184e+00
2.081699999999999818e+03 1.406981514596660210e+00
2.082599999999999909e+03 1.417184508857294079e+00
2.083500000000000000e+03 1.406853193472739294e+00
2.084400000000000091e+03 1.406966800366538761e+00
2.085300000000000182e+03 1.409828150265771685e+00
2.086300000000000182e+03 1.405348436764550124e+00
2.087199999999999818e+03 1.409854851337638326e+00
2.088099999999999909e+03 1.401144425134444260e+00
2.089000000000000000e+03 1.415374433320111702e+00
2.089900000000000091e+03 1.406470603142911502e+00
2.090800000000000182e+03 1.403069190988143422e+00
2.091699999999999818e+03 1.412338007723422884e+00
2.092699999999999818e+03 1.413522711571864265e+00
2.093599999999999909e+03 1.411212611715706666e+00
2.094500000000000000e+03 1.414044849745181409e+00
2.095400000000000091e+03 1.402901759772419821e+00
2.096300000000000182e+03 1.412346650927826852e+00
2.097199999999999818e+03 1.405238029793653087e+00
2.098099999999999909e+03 1.410081176745386911e+00
2.099000000000000000e+03 1.407378448871641874e+00
2.100000000000000000e+03 1.419211175195671304e+00
2.100900000000000091e+03 1.413925163373665361e+00
2.101800000000000182e+03 1.414341515146910977e+00
2.102699999999999818e+03 1.411992154775272512e+00
2.103599999999999909e+03 1.414427829735985798e+00
2.104500000000000000e+03 1.404885211177306026e+00
2.105400000000000091e+03 1.401785218329222094e+00
2.106300000000000182e+03 1.406422213565400980e+00
2.107199999999999818e+03 1.411979723488944183e+00
2.108199999999999818e+03 1.416798716788959966e+00
2.109099999999999909e+03 1.416083269794770505e+00
2.110000000000000000e+03 1.413519487829878685e+00
2.110900000000000091e+03 1.414272767725747393e+00
2.111800000000000182e+03 1.422405501062995903e+00
2.112699999999999818e+03 1.424262207957728288e+00
2.113599999999999909e+03 1.430917079757700883e+00
2.114500000000000000e+03 1.442373181678431315e+00
2.115400000000000091e+03 1.436837310332317541e+00
2.116300000000000182e+03 1.453096868166204647e+00
2.117199999999999818e+03 1.449772223387229886e+00
2.118199999999999818e+03 1.459750957937205662e+00
2.119099999999999909e+03 1.454571486806568670e+00
2.120000000000000000e+03 1.457892617807083679e+00
2.120900000000000091e+03 1.467685303507176187e+00
2.121800000000000182e+03 1.474334331356945471e+00
2.122699999999999818e+03 1.472842004308842601e+00
2.123599999999999909e+03 1.483930486441691121e+00
2.124500000000000000e+03 1.477250666295975234e+00
2.125400000000000091e+03 1.473712500866305897e+00
2.126300000000000182e+03 1.469799521775597917e+00
2.127199999999999818e+03 1.466252408815852393e+00
2.128099999999999909e+03 1.481412095316864352e+00
2.129000000000000000e+03 1.468409813683378751e+00
2.129900000000000091e+03 1.462441970978185068e+00
2.130900000000000091e+03 1.454429567756828412e+00
2.131800000000000182e+03 1.461244141158105192e+00
2.132699999999999818e+03 1.452109572332378251e+00
2.133599999999999909e+03 1.444081235664257612e+00
2.134500000000000000e+03 1.430480650775680429e+00
2.135400000000000091e+03 1.433016188730236395e+00
2.136300000000000182e+03 1.442603108638739862e+00
2.137199999999999818e+03 1.425643303322323696e+00
2.138099999999999909e+03 1.426499587503850197e+00
2.139000000000000000e+03 1.425681803780692869e+00
2.139900000000000091e+03 1.420588192761017998e+00
2.140800000000000182e+03 1.416418598636734583e+00
2.141699999999999818e+03 1.412058547363711725e+00
2.142599999999999909e+03 1.422006783444090816e+00
2.143500000000000000e+03 1.406299114002971029e+00
2.144400000000000091e+03 1.417360349524933172e+00
2.145300000000000182e+03 1.414473387217147549e+00
2.146199999999999818e+03 1.417721627764588321e+00
2.147099999999999909e+03 1.416874659046065243e+00
2.148000000000000000e+03 1.410813221972215592e+00
2.148900000000000091e+03 1.415357244307132278e+00
2.149800000000000182e+03 1.418969338353960996e+00
2.150699999999999818e+03 1.411592339175232080e+00
2.151599999999999909e+03 1.411287730620476522e+00
2.152500000000000000e+03 1.417128402851053570e+00
2.153400000000000091e+03 1.405079080084901566e+00
2.154300000000000182e+03 1.416134066163354577e+00
2.155199999999999818e+03 1.413581603597255043e+00
2.156099999999999909e+03 1.401515427453864815e+00
2.157000000000000000e+03 1.408091902906480453e+00
2.157900000000000091e+03 1.409631568477763386e+00
2.158800000000000182e+03 1.401653284183567605e+00
2.159699999999999818e+03 1.404492897104880456e+00
2.160599999999999909e+03 1.407890821746583532e+00
2.161500000000000000e+03 1.401765620875018437e+00
2.162400000000000091e+03 1.393954371608994380e+00
2.163300000000000182e+03 1.399958554509896036e+00
2.164199999999999818e+03 1.403160156156494143e+00
2.165099999999999909e+03 1.402436315359766317e+00
2.166000000000000000e+03 1.403017621882606480e+00
2.166900000000000091e+03 1.405091855305449444e+00
2.167800000000000182e+03 1.411838478613029579e+00
2.168699999999999818e+03 1.402876250819854898e+00
2.169599999999999909e+03 1.415418274240603180e+00
2.170500000000000000e+03 1.407570144484977526e+00
2.171400000000000091e+03 1.413189217550037347e+00
2.172300000000000182e+03 1.410759794853246429e+00
2.173199999999999818e+03 1.399528061913001720e+00
2.174099999999999909e+03 1.402145059268537164e+00
2.175000000000000000e+03 1.405509639890104578e+00
2.175900000000000091e+03 1.409622290925243382e+00
2.176800000000000182e+03 1.408113235332914215e+00
2.177699999999999818e+03 1.410723764394063329e+00
2.178599999999999909e+03 1.419518264019500320e+00
2.179500000000000000e+03 1.407691420066096377e+00
2.180400000000000091e+03 1.409545793123469615e+00
2.181300000000000182e+03 1.404083811606591903e+00
2.182199999999999818e+03 1.410623052885735307e+00
2.183099999999999909e+03 1.406655132663329422e+00
2.183900000000000091e+03 1.399492712131404915e+00
2.184800000000000182e+03 1.407341690589014149e+00
2.185699999999999818e+03 1.403551080385221583e+00
2.186599999999999909e+03 1.403887840172831414e+00
2.187500000000000000e+03 1.401968454502207084e+00
2.188400000000000091e+03 1.404554686644309269e+00
2.189300000000000182e+03 1.405260615942171665e+00
2.190199999999999818e+03 1.401453899849708584e+00
2.191099999999999909e+03 1.401778920704017217e+00
2.192000000000000000e+03 1.412254906861874604e+00
2.192900000000000091e+03 1.410697174351161376e+00
2.193800000000000182e+03 1.415155707503492177e+00
2.194699999999999818e+03 1.408890071665939381e+00
2.195599999999999909e+03 1.406383163032710826e+00
2.196500000000000000e+03 1.416106998975214193e+00
2.197300000000000182e+03 1.415290500321504163e+00
2.198199999999999818e+03 1.417295917344383316e+00
2.199099999999999909e+03 1.418546716446859035e+00
2.200000000000000000e+03 1.415086697832280693e+00
2.200900000000000091e+03 1.416521798458447057e+00
2.201800000000000182e+03 1.421912814730962538e+00
2.202699999999999818e+03 1.410905728420742689e+00
2.203599999999999909e+03 1.416670802638137827e+00
2.204500000000000000e+03 1.422624804175493418e+00
2.205400000000000091e+03 1.414056885697727806e+00
2.206300000000000182e+03 1.415292817408247528e+00
2.207099999999999909e+03 1.422376379446836259e+00
2.208000000000000000e+03 1.413608548560300493e+00
2.208900000000000091e+03 1.405023950442835456e+00
2.209800000000000182e+03 1.413803187106993597e+00
2.210699999999999818e+03 1.416163760700481111e+00
2.211599999999999909e+03 1.413423835408490481e+00
2.212500000000000000e+03 1.411247682754357191e+00
2.213400000000000091e+03 1.408312987101054237e+00
2.214300000000000182e+03 1.413690841504331219e+00
2.215099999999999909e+03 1.402623590193377234e+00
2.216000000000000000e+03 1.420855506386124345e+00
2.216900000000000091e+03 1.415265718188264854e+00
2.217800000000000182e+03 1.419129142783865039e+00
2.218699999999999818e+03 1.415425058649999013e+00
2.219599999999999909e+03 1.420232754744021442e+00
2.220500000000000000e+03 1.421634009864489512e+00
2.221400000000000091e+03 1.415083535806861637e+00
2.222199999999999818e+03 1.426326569628129093e+00
2.223099999999999909e+03 1.421854193822662760e+00
2.224000000000000000e+03 1.421734915398128685e+00
2.224900000000000091e+03 1.418582675761734357e+00
2.225800000000000182e+03 1.426418175852629089e+00
2.226699999999999818e+03 1.424778642843214316e+00
2.227599999999999909e+03 1.421809845449018672e+00
2.228400000000000091e+03 1.416562933560876703e+00
2.229300000000000182e+03 1.422122306029536043e+00
2.230199999999999818e+03 1.414214567741866047e+00
2.231099999999999909e+03 1.418444552413221205e+00
2.232000000000000000e+03 1.417740848840328471e+00
2.232900000000000091e+03 1.423868275144481110e+00
2.233699999999999818e+03 1.418795993187029536e+00
2.234599999999999909e+03 1.418657064313958882e+00
2.235500000000000000e+03 1.423454524171189561e+00
2.236400000000000091e+03 1.411916018611072410e+00
2.237300000000000182e+03 1.422031067140390181e+00
2.238199999999999818e+03 1.425497527973904610e+00
2.239099999999999909e+03 1.419650296739672246e+00
2.239900000000000091e+03 1.415890508810614179e+00
2.240800000000000182e+03 1.410416409699088769e+00
2.241699999999999818e+03 1.409693456210378448e+00
2.242599999999999909e+03 1.413724565221823326e+00
2.243500000000000000e+03 1.421371029647758411e+00
2.244300000000000182e+03 1.413984972120535755e+00
2.245199999999999818e+03 1.419728415695915125e+00
2.246099999999999909e+03 1.415382458974966839e+00
2.247000000000000000e+03 1.415793977085716637e+00
2.247900000000000091e+03 1.415252015394933505e+00
2.248800000000000182e+03 1.414137009018402447e+00
2.249599999999999909e+03 1.410352685296556441e+00
2.250500000000000000e+03 1.411520549322612617e+00
2.251400000000000091e+03 1.417834240950756053e+00
2.252300000000000182e+03 1.427962329370349837e+00
2.253199999999999818e+03 1.413875075758882716e+00
2.254000000000000000e+03 1.419426317813600180e+00
2.254900000000000091e+03 1.414295345793360692e+00
2.255800000000000182e+03 1.411450763793063112e+00
2.256699999999999818e+03 1.416428579392954967e+00
2.257599999999999909e+03 1.411671903580894005e+00
2.258400000000000091e+03 1.424095437570670253e+00
2.259300000000000182e+03 1.415898562082288370e+00
2.260199999999999818e+03 1.414573271045354241e+00
2.261099999999999909e+03 1.416493951543255525e+00
2.262000000000000000e+03 1.416312315742607630e+00
2.262800000000000182e+03 1.421671876575517635e+00
2.263699999999999818e+03 1.420150709129583078e+00
2.264599999999999909e+03 1.405052758660976675e+00
2.265500000000000000e+03 1.412322088368566320e+00
2.266300000000000182e+03 1.408499270252332458e+00
2.267199999999999818e+03 1.415004641225472870e+00
2.268099999999999909e+03 1.414240113240146535e+00
2.269000000000000000e+03 1.419981382549071247e+00
2.269900000000000091e+03 1.416535234141858224e+00
2.270699999999999818e+03 1.408682793071223571e+00
2.271599999999999909e+03 1.409060805183914855e+00
2.272500000000000000e+03 1.409437828182652730e+00
2.273400000000000091e+03 1.408089619969851825e+00
2.274199999999999818e+03 1.420536529545685545e+00
2.275099999999999909e+03 1.416121189047400142e+00
2.276000000000000000e+03 1.422438113744995514e+00
2.276900000000000091e+03 1.422429111754456077e+00
2.277699999999999818e+03 1.410145293375435482e+00
2.278599999999999909e+03 1.426052257386580591e+00
2.279500000000000000e+03 1.409924918038397479e+00
2.280400000000000091e+03 1.419503589102551810e+00
2.281199999999999818e+03 1.411427345078154039e+00
2.282099999999999909e+03 1.415632817765934526e+00
2.283000000000000000e+03 1.422335009212826185e+00
2.283900000000000091e+03 1.422125111552051901e+00
2.284699999999999818e+03 1.425947835619706394e+00
2.285599999999999909e+03 1.414016825938906763e+00
2.286500000000000000e+03 1.412264570808223763e+00
2.287400000000000091e+03 1.409741721522667302e+00
2.288199999999999818e+03 1.413368454112786443e+00
2.289099999999999909e+03 1.411804052884002125e+00
2.290000000000000000e+03 1.422930881138939618e+00
2.290800000000000182e+03 1.420403837311425166e+00
2.291699999999999818e+03 1.414219207030742442e+00
2.292599999999999909e+03 1.411302389746885710e+00
2.293500000000000000e+03 1.417814432309815187e+00
2.294300000000000182e+03 1.413162429100196515e+00
2.295199999999999818e+03 1.407352197927428161e+00
2.296099999999999909e+03 1.408279126603932285e+00
2.296900000000000091e+03 1.418644020276019546e+00
2.297800000000000182e+03 1.408204237346958987e+00
2.298699999999999818e+03 1.425893849795448753e+00
2.299599999999999909e+03 1.417183867323263069e+00
2.300400000000000091e+03 1.415216638007384287e+00
2.301300000000000182e+03 1.419610570495420054e+00
2.302199999999999818e+03 1.419762324375975604e+00
2.303000000000000000e+03 1.410268272862240657e+00
2.303900000000000091e+03 1.419098130552153947e+00
2.304800000000000182e+03 1.426772597822998145e+00
2.305699999999999818e+03 1.413603811359765317e+00
2.306500000000000000e+03 1.411239490723625201e+00
2.307400000000000091e+03 1.415631244707336700e+00
2.308300000000000182e+03 1.414036736083458479e+00
2.309099999999999909e+03 1.413599497786323544e+00
2.310000000000000000e+03 1.419150333139120868e+00
2.310900000000000091e+03 1.420064463347198824e+00
2.311699999999999818e+03 1.409187714393611568e+00
2.312599999999999909e+03 1.416477602239001987e+00
2.313500000000000000e+03 1.424929441661686447e+00
2.314300000000000182e+03 1.415977832335877151e+00
2.315199999999999818e+03 1.410503395809540317e+00
2.316099999999999909e+03 1.412764631697998263e+00
2.316900000000000091e+03 1.417734827898448735e+00
2.317800000000000182e+03 1.406254059933744971e+00
2.318699999999999818e+03 1.414707326017357714e+00
2.319500000000000000e+03 1.413868692705773755e+00
2.320400000000000091e+03 1.414190596103849007e+00
2.321300000000000182e+03 1.405988480530060203e+00
2.322099999999999909e+03 1.410956529277810789e+00
2.323000000000000000e+03 1.417669459251877040e+00
2.323900000000000091e+03 1.410235012221765283e+00
2.324699999999999818e+03 1.412489423707572911e+00
2.325599999999999909e+03 1.415131370346448536e+00
2.326500000000000000e+03 1.418742887444751410e+00
2.327300000000000182e+03 1.423130579726219924e+00
2.328199999999999818e+03 1.420922405001797451e+00
2.329099999999999909e+03 1.421817003478783370e+00
2.329900000000000091e+03 1.411841744367769103e+00
2.330800000000000182e+03 1.415450337299948291e+00
2.331699999999999818e+03 1.414981663472656637e+00
2.332500000000000000e+03 1.415094225387174331e+00
2.333400000000000091e+03 1.418313531728254695e+00
2.334300000000000182e+03 1.412401648391967468e+00
2.335099999999999909e+03 1.412121502159657593e+00
2.336000000000000000e+03 1.415144122024642792e+00
2.336900000000000091e+03 1.417777921205404468e+00
2.337699999999999818e+03 1.407384322886371164e+00
2.338599999999999909e+03 1.407875934495971038e+00
2.339400000000000091e+03 1.406421360695312872e+00
2.340300000000000182e+03 1.410412392781529078e+00
2.341199999999999818e+03 1.405647202793640860e+00
2.342000000000000000e+03 1.413335053799085195e+00
2.342900000000000091e+03 1.408760675312939359e+00
2.343800000000000182e+03 1.409050827713907772e+00
2.344599999999999909e+03 1.406808138655312845e+00
2.345500000000000000e+03 1.402031100674181463e+00
2.346300000000000182e+03 1.405043670394422461e+00
2.347199999999999818e+03 1.408835543038682747e+00
2.348099999999999909e+03 1.405416399226161239e+00
2.348900000000000091e+03 1.406283151569436507e+00
2.349800000000000182e+03 1.410268484852214232e+00
2.350599999999999909e+03 1.417959264396255969e+00
2.351500000000000000e+03 1.407121921517719754e+00
2.352400000000000091e+03 1.410715512744859623e+00
2.353199999999999818e+03 1.421919102292414028e+00
2.354099999999999909e+03 1.410486515263412510e+00
2.354900000000000091e+03 1.405684974371907092e+00
2.355800000000000182e+03 1.420404364038138967e+00
2.356699999999999818e+03 1.403492663455065070e+00
2.357500000000000000e+03 1.412550321846350654e+00
2.358400000000000091e+03 1.406372245927030917e+00
2.359199999999999818e+03 1.414454179218041618e+00
2.360099999999999909e+03 1.412570704272546829e+00
2.361000000000000000e+03 1.405602748426040716e+00
2.361800000000000182e+03 1.411729809157985738e+00
2.362699999999999818e+03 1.405342661642069224e+00
2.363500000000000000e+03 1.405014721130106725e+00
2.364400000000000091e+03 1.408402046825414589e+00
2.365300000000000182e+03 1.407875915736566563e+00
2.366099999999999909e+03 1.404216818406912592e+00
2.367000000000000000e+03 1.403099392268045920e+00
2.367800000000000182e+03 1.402175770333671023e+00
2.368699999999999818e+03 1.412215999613606776e+00
2.369500000000000000e+03 1.408744570538531082e+00
2.370400000000000091e+03 1.411930601884807457e+00
2.371300000000000182e+03 1.401401058641490449e+00
2.372099999999999909e+03 1.401056267549068313e+00
2.373000000000000000e+03 1.403453862281037523e+00
2.373800000000000182e+03 1.404674500359080591e+00
2.374699999999999818e+03 1.408835270218280478e+00
2.375500000000000000e+03 1.402797619409089869e+00
2.376400000000000091e+03 1.410094959260531855e+00
2.377199999999999818e+03 1.404444305178576213e+00
2.378099999999999909e+03 1.406639302971145700e+00
2.379000000000000000e+03 1.405889336996120731e+00
2.379800000000000182e+03 1.414560494582237871e+00
2.380699999999999818e+03 1.406346989065336617e+00
2.381500000000000000e+03 1.407162564730646492e+00
2.382400000000000091e+03 1.403262437054719314e+00
2.383199999999999818e+03 1.408200097467852796e+00
2.384099999999999909e+03 1.405277712763730147e+00
2.384900000000000091e+03 1.406479852099990602e+00
2.385800000000000182e+03 1.411612337245112370e+00
2.386599999999999909e+03 1.410256576490483971e+00
2.387500000000000000e+03 1.400835508370141591e+00
2.388400000000000091e+03 1.405571137029286932e+00
2.389199999999999818e+03 1.401256993370198156e+00
2.390099999999999909e+03 1.397332895933292463e+00
2.390900000000000091e+03 1.403836426748238830e+00
2.391800000000000182e+03 1.408175310293745541e+00
2.392599999999999909e+03 1.405819847151868807e+00
2.393500000000000000e+03 1.402280066876952169e+00
2.394300000000000182e+03 1.394994745244282797e+00
2.395199999999999818e+03 1.403070880165113943e+00
2.396000000000000000e+03 1.405434123841877714e+00
2.396900000000000091e+03 1.403657776438099747e+00
2.397699999999999818e+03 1.396162520784874239e+00
2.398599999999999909e+03 1.410152332678147769e+00
2.399400000000000091e+03 1.405215240970512314e+00
2.400300000000000182e+03 1.403232868112169518e+00
2.401099999999999909e+03 1.408744121239750458e+00
2.402000000000000000e+03 1.397287308323075905e+00
2.402800000000000182e+03 1.407926900047587582e+00
2.403699999999999818e+03 1.407910136867434270e+00
2.404500000000000000e+03 1.406114815153453712e+00
2.405400000000000091e+03 1.404317046814011816e+00
2.406199999999999818e+03 1.402911852847606999e+00
2.407099999999999909e+03 1.404467420747137929e+00
2.407900000000000091e+03 1.406219459654675541e+00
2.408800000000000182e+03 1.405796769559966464e+00
2.409599999999999909e+03 1.414661761248680261e+00
2.410500000000000000e+03 1.409690392496236955e+00
2.411300000000000182e+03 1.409856335775395930e+00
2.412199999999999818e+03 1.407252029572744867e+00
2.413000000000000000e+03 1.397919867393617954e+00
2.413400000000000091e+03 1.401556959434063554e+00
2.413900000000000091e+03 1.410068464042130154e+00
2.414199999999999818e+03 1.405546488064020938e+00
2.414699999999999818e+03 1.402032173419925920e+00
2.415099999999999909e+03 1.398808423079241692e+00
2.415599999999999909e+03 1.406653471418098711e+00
2.415900000000000091e+03 1.399861999623115194e+00
2.416400000000000091e+03 1.398601770923915799e+00
2.416800000000000182e+03 1.402861047620801216e+00
2.417300000000000182e+03 1.408954598313216566e+00
2.417699999999999818e+03 1.402343945343926590e+00
2.418099999999999909e+03 1.411582852429211776e+00
2.418500000000000000e+03 1.398893831220471506e+00
2.419000000000000000e+03 1.403511266196936669e+00
2.419400000000000091e+03 1.405002096790794353e+00
2.419800000000000182e+03 1.401770935386164929e+00
2.420199999999999818e+03 1.408570025522744018e+00
2.420699999999999818e+03 1.407356410884170073e+00
2.421099999999999909e+03 1.405494618002008256e+00
2.421500000000000000e+03 1.400652171530750056e+00
2.422000000000000000e+03 1.408468998788770632e+00
2.422400000000000091e+03 1.408807364604862222e+00
2.422800000000000182e+03 1.413003614102379624e+00
2.423199999999999818e+03 1.402290432658964692e+00
2.423699999999999818e+03 1.405223283143359092e+00
2.424099999999999909e+03 1.411233972601472875e+00
2.424500000000000000e+03 1.415420368412662722e+00
2.424900000000000091e+03 1.407483780585424782e+00
2.425400000000000091e+03 1.413886305760439832e+00
2.425699999999999818e+03 1.410473110535393593e+00
2.426300000000000182e+03 1.418802198978968976e+00
2.426599999999999909e+03 1.400563557830073913e+00
2.427099999999999909e+03 1.413152931881151098e+00
2.427400000000000091e+03 1.411086935314904700e+00
2.428000000000000000e+03 1.409454513523900721e+00
2.428300000000000182e+03 1.407717326939791347e+00
2.428800000000000182e+03 1.414558928891586076e+00
2.429099999999999909e+03 1.412085892272373577e+00
2.429699999999999818e+03 1.415160171133776901e+00
2.430000000000000000e+03 1.408510991703247894e+00
2.430500000000000000e+03 1.411255185483634822e+00
2.430800000000000182e+03 1.409897132666964037e+00
2.431400000000000091e+03 1.417726729787747608e+00
2.431699999999999818e+03 1.402938719470824269e+00
2.432300000000000182e+03 1.410485158463171684e+00
2.432500000000000000e+03 1.410677329452100892e+00
2.433099999999999909e+03 1.414407674890710176e+00
2.433400000000000091e+03 1.419211709614802697e+00
2.434000000000000000e+03 1.416566040330335063e+00
2.434199999999999818e+03 1.417015020129273051e+00
2.434800000000000182e+03 1.414018358691751853e+00
2.435000000000000000e+03 1.420183069200000592e+00
2.435699999999999818e+03 1.412644428312635814e+00
2.435900000000000091e+03 1.413807212176460437e+00
2.436500000000000000e+03 1.407149299041726698e+00
2.436699999999999818e+03 1.413393460831171566e+00
2.437400000000000091e+03 1.422642936383834433e+00
2.437599999999999909e+03 1.415365179438280885e+00
2.438300000000000182e+03 1.417733845888809352e+00
2.438400000000000091e+03 1.416142983582357795e+00
2.439099999999999909e+03 1.413410291066263147e+00
2.439300000000000182e+03 1.410751948363912600e+00
2.440000000000000000e+03 1.409280186402278368e+00
2.440099999999999909e+03 1.411527577998288097e+00
2.440800000000000182e+03 1.413788157892098774e+00
2.440900000000000091e+03 1.413696299691482139e+00
2.441699999999999818e+03 1.415940627768655258e+00
2.441800000000000182e+03 1.412679989137041625e+00
2.442500000000000000e+03 1.412788962227184530e+00
2.442599999999999909e+03 1.403498796006658944e+00
2.443400000000000091e+03 1.410618166569755694e+00
2.443500000000000000e+03 1.403674761552898609e+00
2.444199999999999818e+03 1.414932945712546575e+00
2.444300000000000182e+03 1.420783056146523338e+00
2.445099999999999909e+03 1.425738045713234703e+00
2.445199999999999818e+03 1.408609613997111154e+00
2.445900000000000091e+03 1.413342638533038764e+00
2.446000000000000000e+03 1.408986392662356035e+00
2.446800000000000182e+03 1.413486921386106321e+00
2.447699999999999818e+03 1.414703880485053356e+00
2.448500000000000000e+03 1.420082644582058240e+00
2.449400000000000091e+03 1.416880494222310549e+00
2.450199999999999818e+03 1.416258363175711743e+00
2.451099999999999909e+03 1.414476834911880365e+00
2.451900000000000091e+03 1.419408908109037082e+00
2.452699999999999818e+03 1.428816499141349672e+00
2.452800000000000182e+03 1.413254868750347448e+00
2.453599999999999909e+03 1.418653562640394883e+00
2.454400000000000091e+03 1.422127267171055420e+00
2.454500000000000000e+03 1.426774745292499702e+00
2.455300000000000182e+03 1.423248199812241044e+00
2.456099999999999909e+03 1.424423308624320761e+00
2.456199999999999818e+03 1.416249443271376807e+00
2.456900000000000091e+03 1.426808438539217017e+00
2.457000000000000000e+03 1.416248587381960578e+00
2.457800000000000182e+03 1.414410253290138586e+00
2.457900000000000091e+03 1.423549571064405717e+00
2.458599999999999909e+03 1.418795755296612393e+00
2.458699999999999818e+03 1.409738552332671535e+00
2.459500000000000000e+03 1.415988812326297364e+00
2.459599999999999909e+03 1.406977160331984056e+00
2.460300000000000182e+03 1.422978540381415025e+00
2.460400000000000091e+03 1.420999220039904865e+00
2.461099999999999909e+03 1.418975123365273205e+00
2.461300000000000182e+03 1.415082847846296232e+00
2.462000000000000000e+03 1.415972084328567027e+00
2.462099999999999909e+03 1.422203236430822582e+00
2.462800000000000182e+03 1.411569697144456903e+00
2.463000000000000000e+03 1.420635203017398096e+00
2.463699999999999818e+03 1.417571324273720013e+00
2.463800000000000182e+03 1.420649595356667572e+00
2.464500000000000000e+03 1.423377275507344386e+00
2.464699999999999818e+03 1.419480109399094747e+00
2.465300000000000182e+03 1.423183353304942500e+00
2.465500000000000000e+03 1.417126002561100551e+00
2.466199999999999818e+03 1.423992594978385595e+00
2.466400000000000091e+03 1.417739691702119220e+00
2.467000000000000000e+03 1.432012434671059875e+00
2.467199999999999818e+03 1.430422871014201514e+00
2.467900000000000091e+03 1.419010846296197004e+00
2.468099999999999909e+03 1.412050072821673385e+00
2.468699999999999818e+03 1.422831615451864984e+00
2.468900000000000091e+03 1.418607714774205775e+00
2.469500000000000000e+03 1.417441193065889671e+00
2.469800000000000182e+03 1.415867160939381364e+00
2.470400000000000091e+03 1.415056959250532431e+00
2.470599999999999909e+03 1.414118017625372481e+00
2.471199999999999818e+03 1.418686751375410449e+00
2.471500000000000000e+03 1.423461372487852650e+00
2.472000000000000000e+03 1.426529999373987501e+00
2.472300000000000182e+03 1.418747300505182496e+00
2.472900000000000091e+03 1.421748699281355499e+00
2.473199999999999818e+03 1.421364973564955392e+00
2.473699999999999818e+03 1.423786132953475780e+00
2.474000000000000000e+03 1.419230315441994295e+00
2.474599999999999909e+03 1.425225582692580373e+00
2.474900000000000091e+03 1.417692276674409557e+00
2.475400000000000091e+03 1.417641834767589870e+00
2.475699999999999818e+03 1.410009925018474775e+00
2.476199999999999818e+03 1.422096102422133468e+00
2.476500000000000000e+03 1.413234690884117795e+00
2.477099999999999909e+03 1.422341036147980686e+00
2.477400000000000091e+03 1.425787246928029939e+00
2.477900000000000091e+03 1.415564428893035576e+00
2.478199999999999818e+03 1.421086685778912173e+00
2.478699999999999818e+03 1.416818105933137728e+00
2.479099999999999909e+03 1.418570066438156640e+00
2.479599999999999909e+03 1.417272240245467385e+00
2.479900000000000091e+03 1.416055384659485217e+00
2.480400000000000091e+03 1.414918228302104897e+00
2.480800000000000182e+03 1.413344096089140356e+00
2.481199999999999818e+03 1.416181886648628208e+00
2.481599999999999909e+03 1.416195390544946697e+00
2.482099999999999909e+03 1.414636684287458257e+00
2.482500000000000000e+03 1.412893217357034992e+00
2.482900000000000091e+03 1.417313606553748606e+00
2.483300000000000182e+03 1.418136258192928656e+00
2.483800000000000182e+03 1.423411138775755314e+00
2.484199999999999818e+03 1.410665907919987916e+00
2.484599999999999909e+03 1.420669944666711926e+00
2.485000000000000000e+03 1.413531810382350651e+00
2.485400000000000091e+03 1.416121557252847829e+00
2.485800000000000182e+03 1.414215115321500127e+00
2.486300000000000182e+03 1.413183299473068644e+00
2.486699999999999818e+03 1.420470285004793887e+00
2.487099999999999909e+03 1.414269465308437779e+00
2.487500000000000000e+03 1.416984562007261195e+00
2.487900000000000091e+03 1.417169600057698320e+00
2.488400000000000091e+03 1.420066138263055278e+00
2.488800000000000182e+03 1.413635885622253285e+00
2.489199999999999818e+03 1.408425682441037718e+00
2.489599999999999909e+03 1.415939636474334185e+00
2.490099999999999909e+03 1.413304457227700928e+00
2.490400000000000091e+03 1.407379077636872866e+00
2.490900000000000091e+03 1.414206591893387488e+00
2.491300000000000182e+03 1.408279688482184433e+00
2.491699999999999818e+03 1.413319928170138962e+00
2.492099999999999909e+03 1.418646705988627854e+00
2.492599999999999909e+03 1.406858610414384536e+00
2.492900000000000091e+03 1.413917408038261270e+00
2.493400000000000091e+03 1.409362987120521771e+00
2.493800000000000182e+03 1.408786605615905296e+00
2.494300000000000182e+03 1.408683039335731912e+00
2.494599999999999909e+03 1.414132403553265638e+00
2.495099999999999909e+03 1.410796355809945668e+00
2.495400000000000091e+03 1.409610284084294340e+00
2.496000000000000000e+03 1.406733073419186297e+00
2.496300000000000182e+03 1.414158124029935237e+00
2.496800000000000182e+03 1.408453992495830587e+00
2.497099999999999909e+03 1.410849669023825470e+00
2.497599999999999909e+03 1.407984514949740529e+00
2.497900000000000091e+03 1.410768520597932119e+00
2.498500000000000000e+03 1.399138326418700506e+00
2.498800000000000182e+03 1.403632952771237896e+00
2.499300000000000182e+03 1.408051288428998404e+00
2.499599999999999909e+03 1.413841571030326039e+00
2.500199999999999818e+03 1.409785538046347098e+00
2.500400000000000091e+03 1.409130171282942712e+00
2.501000000000000000e+03 1.403337912582516944e+00
2.501300000000000182e+03 1.420357931663708717e+00
2.501800000000000182e+03 1.413264724474813994e+00
2.502099999999999909e+03 1.411010524018833534e+00
2.502699999999999818e+03 1.413611440532664076e+00
2.502900000000000091e+03 1.412157159131923523e+00
2.503500000000000000e+03 1.409965371298354642e+00
2.503800000000000182e+03 1.404021395076333167e+00
2.504400000000000091e+03 1.404921501680008511e+00
2.504599999999999909e+03 1.411835098548050560e+00
2.505199999999999818e+03 1.410271288952771540e+00
2.505400000000000091e+03 1.410971159272698117e+00
2.506000000000000000e+03 1.410228296860375208e+00
2.506199999999999818e+03 1.409705541292606279e+00
2.506900000000000091e+03 1.407788246434156454e+00
2.507099999999999909e+03 1.410058039825401233e+00
2.507699999999999818e+03 1.405949588920516469e+00
2.507900000000000091e+03 1.410009063074764590e+00
2.508599999999999909e+03 1.409714013701610646e+00
2.508699999999999818e+03 1.407941700288374287e+00
2.509400000000000091e+03 1.407079363288309626e+00
2.509599999999999909e+03 1.405471729082361509e+00
2.510199999999999818e+03 1.410250019134835053e+00
2.510400000000000091e+03 1.409472150707774762e+00
2.511099999999999909e+03 1.408820032381786325e+00
2.511199999999999818e+03 1.409028091103993630e+00
2.511900000000000091e+03 1.408593023592329407e+00
2.512099999999999909e+03 1.410203937946190589e+00
2.512800000000000182e+03 1.408768640049294918e+00
2.512900000000000091e+03 1.410371054636858856e+00
2.513599999999999909e+03 1.412952937929583763e+00
2.513699999999999818e+03 1.410944959293449985e+00
2.514400000000000091e+03 1.406120835722070472e+00
2.514500000000000000e+03 1.415163236193128338e+00
2.515300000000000182e+03 1.406502583350680791e+00
2.515400000000000091e+03 1.407849602706459091e+00
2.516099999999999909e+03 1.407287347507433672e+00
2.516199999999999818e+03 1.408226937115490740e+00
2.516900000000000091e+03 1.404465242734370234e+00
2.517000000000000000e+03 1.404354833005125869e+00
2.517800000000000182e+03 1.412673947628581894e+00
2.517900000000000091e+03 1.410000000927547292e+00
2.518599999999999909e+03 1.401229707331014041e+00
2.518699999999999818e+03 1.405725307061487239e+00
2.519500000000000000e+03 1.407013832216014393e+00
2.520300000000000182e+03 1.408859216229689570e+00
2.520400000000000091e+03 1.408344779736520058e+00
2.521099999999999909e+03 1.404235240102706062e+00
2.521199999999999818e+03 1.412582089068465940e+00
2.522000000000000000e+03 1.407471173012863286e+00
2.522800000000000182e+03 1.402641866204011212e+00
2.523599999999999909e+03 1.413703590098152274e+00
2.523699999999999818e+03 1.407517029385090046e+00
2.524500000000000000e+03 1.404282426193298017e+00
2.525300000000000182e+03 1.399055220734081839e+00
2.526099999999999909e+03 1.405806034147105477e+00
2.527000000000000000e+03 1.408466302750233545e+00
2.527800000000000182e+03 1.404038085544157433e+00
2.528599999999999909e+03 1.406155313659636752e+00
2.528699999999999818e+03 1.406343891860998729e+00
2.529500000000000000e+03 1.407779454195179136e+00
2.530300000000000182e+03 1.409426907305256549e+00
2.531099999999999909e+03 1.405963493353080240e+00
2.531199999999999818e+03 1.409807723373474930e+00
2.531900000000000091e+03 1.409610536100518008e+00
2.532000000000000000e+03 1.407194093841328097e+00
2.532800000000000182e+03 1.407889007649026469e+00
2.533599999999999909e+03 1.409615981139900276e+00
2.533699999999999818e+03 1.410039371428481569e+00
2.534400000000000091e+03 1.409813030438520798e+00
2.534500000000000000e+03 1.407627422216037427e+00
2.535199999999999818e+03 1.407978311766310275e+00
2.535300000000000182e+03 1.414886839260345530e+00
2.536099999999999909e+03 1.404313948923042732e+00
2.536199999999999818e+03 1.404414528762143899e+00
2.536900000000000091e+03 1.412238661416617136e+00
2.537000000000000000e+03 1.397163419862271327e+00
2.537699999999999818e+03 1.408168089280058988e+00
2.537800000000000182e+03 1.408459455479997402e+00
2.538500000000000000e+03 1.403079466860870816e+00
2.538699999999999818e+03 1.406047005583948462e+00
2.539400000000000091e+03 1.409382020971215344e+00
2.539500000000000000e+03 1.407466479928290770e+00
2.540199999999999818e+03 1.407751600347202814e+00
2.540300000000000182e+03 1.403237456026505514e+00
2.541000000000000000e+03 1.405103316581920669e+00
2.541099999999999909e+03 1.408088182904450036e+00
2.541800000000000182e+03 1.403879157975316705e+00
2.542000000000000000e+03 1.399417027665668556e+00
2.542699999999999818e+03 1.407133609925528051e+00
2.542800000000000182e+03 1.403461751930268342e+00
2.543500000000000000e+03 1.407538655898499025e+00
2.543599999999999909e+03 1.400844206502057876e+00
2.544300000000000182e+03 1.407740267009956803e+00
2.544500000000000000e+03 1.403881187370526584e+00
2.545099999999999909e+03 1.401016364739266384e+00
2.545300000000000182e+03 1.409747937740449375e+00
2.546000000000000000e+03 1.410384765438180477e+00
2.546099999999999909e+03 1.401471779035126319e+00
2.546800000000000182e+03 1.403047541515907159e+00
2.547000000000000000e+03 1.400063975962385188e+00
2.547599999999999909e+03 1.405082519449085687e+00
2.547800000000000182e+03 1.407348534419615049e+00
2.548400000000000091e+03 1.402429733638812515e+00
2.548599999999999909e+03 1.402907801575350000e+00
2.549300000000000182e+03 1.410581191241244259e+00
2.549500000000000000e+03 1.407364077031738825e+00
2.550099999999999909e+03 1.402014460805314666e+00
2.550300000000000182e+03 1.406966753441080797e+00
2.550900000000000091e+03 1.403845697425813110e+00
2.551099999999999909e+03 1.402319583356169463e+00
2.551699999999999818e+03 1.404657261463614137e+00
2.551900000000000091e+03 1.407789404625206631e+00
2.552599999999999909e+03 1.403020407217203447e+00
2.552800000000000182e+03 1.403746682825028458e+00
2.553400000000000091e+03 1.404851418025298226e+00
2.553599999999999909e+03 1.406585883595923292e+00
2.554199999999999818e+03 1.407294779787381156e+00
2.554400000000000091e+03 1.407805509212984640e+00
2.555000000000000000e+03 1.409738362517507726e+00
2.555300000000000182e+03 1.406999281593014350e+00
2.555800000000000182e+03 1.405444649876266938e+00
2.556099999999999909e+03 1.408218060271373639e+00
2.556699999999999818e+03 1.398085628135285585e+00
2.556900000000000091e+03 1.402140874869878040e+00
2.557500000000000000e+03 1.406041018703255929e+00
2.557699999999999818e+03 1.399100669950739340e+00
2.558300000000000182e+03 1.407665865811781769e+00
2.558599999999999909e+03 1.405992807370943121e+00
2.559099999999999909e+03 1.406430053672131919e+00
2.559400000000000091e+03 1.401530724217136870e+00
2.560000000000000000e+03 1.405397228146585853e+00
2.560199999999999818e+03 1.405990491086841265e+00
2.560800000000000182e+03 1.407020063419718303e+00
2.561099999999999909e+03 1.402133130370969427e+00
2.561599999999999909e+03 1.412117607237395767e+00
2.561900000000000091e+03 1.403143253961454784e+00
2.562400000000000091e+03 1.403517509392789187e+00
2.562699999999999818e+03 1.409632938317847639e+00
2.563199999999999818e+03 1.400434591593436195e+00
2.563500000000000000e+03 1.406582750157933326e+00
2.564099999999999909e+03 1.407371309352780653e+00
2.564400000000000091e+03 1.410027977196045779e+00
2.564900000000000091e+03 1.403672145514311742e+00
2.565199999999999818e+03 1.405958775953186191e+00
2.565699999999999818e+03 1.407336088927396034e+00
2.566000000000000000e+03 1.413872296812520357e+00
2.566500000000000000e+03 1.412432602414669391e+00
2.566800000000000182e+03 1.407971058254563479e+00
2.567300000000000182e+03 1.411798954127575056e+00
2.567699999999999818e+03 1.403488647710916970e+00
2.568199999999999818e+03 1.398676798675160038e+00
2.568500000000000000e+03 1.402255485648104649e+00
2.569000000000000000e+03 1.410936760752455887e+00
2.569300000000000182e+03 1.407120225925045043e+00
2.569800000000000182e+03 1.403745859909671267e+00
2.570099999999999909e+03 1.404461108343865394e+00
2.570599999999999909e+03 1.410888085632446831e+00
2.571000000000000000e+03 1.409529213232532330e+00
2.571400000000000091e+03 1.409222974044230359e+00
2.571800000000000182e+03 1.406052935663582470e+00
2.572300000000000182e+03 1.406941292133607524e+00
2.572599999999999909e+03 1.404812291730048956e+00
2.573099999999999909e+03 1.402198398462335405e+00
2.573400000000000091e+03 1.399498779573870477e+00
2.573900000000000091e+03 1.398272296650122204e+00
2.574300000000000182e+03 1.403139528713409856e+00
2.574699999999999818e+03 1.409307881391543171e+00
2.575099999999999909e+03 1.402911379093572553e+00
2.575500000000000000e+03 1.400663226007123452e+00
2.575900000000000091e+03 1.400033891856881985e+00
2.576400000000000091e+03 1.405343348397398495e+00
2.576699999999999818e+03 1.404080373117776226e+00
2.577199999999999818e+03 1.408998249507991574e+00
2.577599999999999909e+03 1.402829273183844316e+00
2.578000000000000000e+03 1.405473349029713548e+00
2.578400000000000091e+03 1.407283014458904802e+00
2.578800000000000182e+03 1.401740724355543088e+00
2.579199999999999818e+03 1.405825504683981597e+00
2.579599999999999909e+03 1.404982523236774306e+00
2.580000000000000000e+03 1.407016741545417560e+00
2.580400000000000091e+03 1.410687057433934299e+00
2.580900000000000091e+03 1.408819014324387053e+00
2.581300000000000182e+03 1.409823390909521024e+00
2.581699999999999818e+03 1.402869156969878794e+00
2.582099999999999909e+03 1.403209373068093901e+00
2.582500000000000000e+03 1.406300972714768838e+00
2.582900000000000091e+03 1.402341572817135118e+00
2.583300000000000182e+03 1.408916671442415280e+00
2.583699999999999818e+03 1.402909903112840695e+00
2.584199999999999818e+03 1.402346728890446981e+00
2.584500000000000000e+03 1.399574199038054578e+00
2.585000000000000000e+03 1.400060156161944569e+00
2.585300000000000182e+03 1.408152528357542455e+00
2.585800000000000182e+03 1.405327129932747887e+00
2.586199999999999818e+03 1.402142723546979663e+00
2.586599999999999909e+03 1.402220689913716178e+00
2.587000000000000000e+03 1.405994914219698133e+00
2.587400000000000091e+03 1.406875036927378142e+00
2.587800000000000182e+03 1.405735997215306066e+00
2.588300000000000182e+03 1.412347563463228317e+00
2.588599999999999909e+03 1.404859025660955441e+00
2.589099999999999909e+03 1.409645762592109497e+00
2.589400000000000091e+03 1.412822801210008139e+00
2.589900000000000091e+03 1.403466277750757829e+00
2.590199999999999818e+03 1.410093418811582344e+00
2.590699999999999818e+03 1.404235123849903788e+00
2.591099999999999909e+03 1.411887440764697965e+00
2.591500000000000000e+03 1.408479980528721143e+00
2.591900000000000091e+03 1.413063733889189377e+00
2.592400000000000091e+03 1.410270753456578152e+00
2.592699999999999818e+03 1.402921718328641543e+00
2.593199999999999818e+03 1.399784679510843954e+00
2.593500000000000000e+03 1.411709607367197750e+00
2.594000000000000000e+03 1.406279079732481119e+00
2.594300000000000182e+03 1.407119482689640488e+00
2.594800000000000182e+03 1.405815487578291556e+00
2.595099999999999909e+03 1.410350148094586586e+00
2.595699999999999818e+03 1.405145844630580454e+00
2.596000000000000000e+03 1.404520553664500460e+00
2.596500000000000000e+03 1.404474815716799219e+00
2.596800000000000182e+03 1.409603287771155067e+00
2.597300000000000182e+03 1.406670007042805315e+00
2.597599999999999909e+03 1.407065218063605849e+00
2.598099999999999909e+03 1.409479677896025240e+00
2.598400000000000091e+03 1.402465009853794298e+00
2.598900000000000091e+03 1.406141978977915707e+00
2.599199999999999818e+03 1.407134727218368520e+00
2.599699999999999818e+03 1.403621622957437864e+00
2.600000000000000000e+03 1.410362352188494262e+00
2.600599999999999909e+03 1.404174189412882745e+00
2.600800000000000182e+03 1.403489829998843419e+00
2.601400000000000091e+03 1.401855250641576012e+00
2.601699999999999818e+03 1.396201605004282920e+00
2.602199999999999818e+03 1.408353247451321399e+00
2.602500000000000000e+03 1.408086195989546985e+00
2.603000000000000000e+03 1.406852676614649633e+00
2.603300000000000182e+03 1.406981245137275405e+00
2.603800000000000182e+03 1.407607488633876081e+00
2.604099999999999909e+03 1.406906348677801066e+00
2.604699999999999818e+03 1.407130382338943608e+00
2.604900000000000091e+03 1.408274704708669889e+00
2.605500000000000000e+03 1.403367934747703494e+00
2.605699999999999818e+03 1.405515996915292387e+00
2.606300000000000182e+03 1.404735921364224316e+00
2.606500000000000000e+03 1.402342891112455359e+00
2.607099999999999909e+03 1.411853770931394081e+00
2.607400000000000091e+03 1.407837148424493590e+00
2.607900000000000091e+03 1.411168783738618648e+00
2.608199999999999818e+03 1.403836330923229569e+00
2.608699999999999818e+03 1.413564580138006566e+00
2.609000000000000000e+03 1.402724294433435048e+00
2.609599999999999909e+03 1.404864474967645549e+00
2.609800000000000182e+03 1.405122092804123701e+00
2.610400000000000091e+03 1.409519778385963429e+00
2.610599999999999909e+03 1.408346456612918240e+00
2.611199999999999818e+03 1.406570311328910972e+00
2.611400000000000091e+03 1.408059642602113470e+00
2.612000000000000000e+03 1.409787822843230565e+00
2.612199999999999818e+03 1.404673150862270736e+00
2.612800000000000182e+03 1.413212044273834511e+00
2.613000000000000000e+03 1.413064372494213572e+00
2.613599999999999909e+03 1.405323502528313062e+00
2.613900000000000091e+03 1.406163414933551792e+00
2.614500000000000000e+03 1.407718973364022963e+00
2.614699999999999818e+03 1.411249769386271558e+00
2.615300000000000182e+03 1.407439938915411970e+00
2.615500000000000000e+03 1.406826944850882333e+00
2.616099999999999909e+03 1.409219054052851527e+00
2.616300000000000182e+03 1.409846998684217922e+00
2.616900000000000091e+03 1.411822376941632484e+00
2.617099999999999909e+03 1.411833900942288222e+00
2.617699999999999818e+03 1.408660789151930492e+00
2.617900000000000091e+03 1.405340209947854246e+00
2.618500000000000000e+03 1.408381455621074307e+00
2.618699999999999818e+03 1.410016695079637117e+00
2.619400000000000091e+03 1.412840396625307582e+00
2.619500000000000000e+03 1.405176084229303068e+00
2.620199999999999818e+03 1.412149832798477833e+00
2.620300000000000182e+03 1.404680211130531875e+00
2.621000000000000000e+03 1.412489604354918882e+00
2.621199999999999818e+03 1.411222273864512822e+00
2.621800000000000182e+03 1.404377644729826402e+00
2.622000000000000000e+03 1.407208030758972939e+00
2.622599999999999909e+03 1.403066717619285919e+00
2.622800000000000182e+03 1.409404702270633747e+00
2.623400000000000091e+03 1.405673909889931794e+00
2.623599999999999909e+03 1.408288728795796141e+00
2.624199999999999818e+03 1.404156894872401251e+00
2.624400000000000091e+03 1.405101307907122843e+00
2.625099999999999909e+03 1.412749309454042868e+00
2.625199999999999818e+03 1.403777684536701598e+00
2.625900000000000091e+03 1.410408282512109812e+00
2.626000000000000000e+03 1.411156608327209572e+00
2.626699999999999818e+03 1.407034555786524255e+00
2.626800000000000182e+03 1.400093997547446678e+00
2.627500000000000000e+03 1.413156632723099326e+00
2.627599999999999909e+03 1.402708232873109750e+00
2.628300000000000182e+03 1.408956831558530132e+00
2.628500000000000000e+03 1.402214136475747885e+00
2.629099999999999909e+03 1.414669645863215086e+00
2.629300000000000182e+03 1.407733281497747235e+00
2.629900000000000091e+03 1.407370477206045356e+00
2.630099999999999909e+03 1.403715371208763552e+00
2.630699999999999818e+03 1.405647656395371037e+00
2.630900000000000091e+03 1.409859813254533245e+00
2.631599999999999909e+03 1.407231355453029797e+00
2.631699999999999818e+03 1.406879181113817268e+00
2.632400000000000091e+03 1.411916977933907580e+00
2.632500000000000000e+03 1.406595349695999753e+00
2.633199999999999818e+03 1.406267117744036677e+00
2.633300000000000182e+03 1.406311989091680426e+00
2.634000000000000000e+03 1.414057649770568803e+00
2.634099999999999909e+03 1.406444208105201321e+00
2.634800000000000182e+03 1.412543912603344332e+00
2.634900000000000091e+03 1.409483231869617992e+00
2.635599999999999909e+03 1.412271455846785928e+00
2.635699999999999818e+03 1.410862926654161464e+00
2.636400000000000091e+03 1.414896567472744504e+00
2.636500000000000000e+03 1.406221806026457966e+00
2.637199999999999818e+03 1.413383822146152990e+00
2.637300000000000182e+03 1.410302583427154310e+00
2.638000000000000000e+03 1.411249984226248921e+00
2.638199999999999818e+03 1.406284281834887517e+00
2.638900000000000091e+03 1.413464247723696054e+00
2.639000000000000000e+03 1.412652991086192467e+00
2.639699999999999818e+03 1.412780544895207990e+00
2.639800000000000182e+03 1.413829754264231520e+00
2.640500000000000000e+03 1.414168717806207676e+00
2.640599999999999909e+03 1.405239931919305185e+00
2.641300000000000182e+03 1.414729324800335197e+00
2.641400000000000091e+03 1.413692133388628536e+00
2.642099999999999909e+03 1.409902549519560955e+00
2.642199999999999818e+03 1.405932358561985840e+00
2.642900000000000091e+03 1.410256477999794367e+00
2.643000000000000000e+03 1.411685746921526707e+00
2.643699999999999818e+03 1.410196535667300299e+00
2.643800000000000182e+03 1.410787021678554298e+00
2.644500000000000000e+03 1.412625653116105662e+00
2.644599999999999909e+03 1.407392753152840070e+00
2.645300000000000182e+03 1.409041374747620923e+00
2.645400000000000091e+03 1.406286299820580066e+00
2.646099999999999909e+03 1.410642671261562286e+00
2.646199999999999818e+03 1.413918609768421542e+00
2.647000000000000000e+03 1.408604257249808978e+00
2.647800000000000182e+03 1.407438613736942123e+00
2.648599999999999909e+03 1.413254976849606104e+00
2.648699999999999818e+03 1.403821618359254897e+00
2.649400000000000091e+03 1.412368603856223315e+00
2.649500000000000000e+03 1.402716080242361718e+00
2.650199999999999818e+03 1.414805254798384704e+00
2.650300000000000182e+03 1.408690525973889329e+00
2.651000000000000000e+03 1.414127674368443000e+00
2.651099999999999909e+03 1.406753523577738862e+00
2.651800000000000182e+03 1.414696928655382102e+00
2.651900000000000091e+03 1.411273608052586503e+00
2.652599999999999909e+03 1.412773247020281620e+00
2.652699999999999818e+03 1.406420872298769220e+00
2.653400000000000091e+03 1.409602147534753325e+00
2.653500000000000000e+03 1.406984509354424651e+00
2.654199999999999818e+03 1.410588086841823463e+00
2.654300000000000182e+03 1.407548816787407508e+00
2.655000000000000000e+03 1.410951077338502557e+00
2.655099999999999909e+03 1.404967146690657698e+00
2.655800000000000182e+03 1.408610880078491556e+00
2.656699999999999818e+03 1.408389953809149553e+00
2.657500000000000000e+03 1.407544775764438372e+00
2.658300000000000182e+03 1.409196641899249869e+00
2.659099999999999909e+03 1.411473713013777775e+00
2.659900000000000091e+03 1.412502578488445959e+00
2.660699999999999818e+03 1.409575287527158993e+00
2.661500000000000000e+03 1.406646805380527221e+00
2.662300000000000182e+03 1.409758701836526074e+00
2.663099999999999909e+03 1.418498017843451420e+00
2.663900000000000091e+03 1.404940351655996178e+00
2.664699999999999818e+03 1.411389278405627667e+00
2.665500000000000000e+03 1.409709240544569919e+00
2.666300000000000182e+03 1.411365271054468407e+00
2.667099999999999909e+03 1.408432986848687563e+00
2.667900000000000091e+03 1.405082210427688327e+00
2.668699999999999818e+03 1.406320949170371426e+00
2.669500000000000000e+03 1.416117778265713500e+00
2.670300000000000182e+03 1.408173640939344606e+00
2.671099999999999909e+03 1.410040170958454242e+00
2.672000000000000000e+03 1.411280898529774452e+00
2.672800000000000182e+03 1.405628555722548079e+00
2.673599999999999909e+03 1.410420773838648500e+00
2.674400000000000091e+03 1.412707150414045154e+00
2.675199999999999818e+03 1.413113195330801819e+00
2.676000000000000000e+03 1.413519359710550871e+00
2.676800000000000182e+03 1.407024917452039503e+00
2.677599999999999909e+03 1.409730572643939528e+00
2.678400000000000091e+03 1.399466916994925869e+00
2.679199999999999818e+03 1.406775323617896589e+00
2.680000000000000000e+03 1.402157366171755459e+00
2.680800000000000182e+03 1.404445283104251985e+00
2.681599999999999909e+03 1.408827783484620344e+00
2.682400000000000091e+03 1.400228190524815952e+00
2.683199999999999818e+03 1.410476310333375949e+00
2.684000000000000000e+03 1.408577387692639737e+00
2.684800000000000182e+03 1.407515747182915167e+00
2.685599999999999909e+03 1.400585033175465677e+00
2.686400000000000091e+03 1.398892160171114840e+00
2.687199999999999818e+03 1.405166168381239977e+00
2.688000000000000000e+03 1.408506563306939574e+00
2.688800000000000182e+03 1.409540801049222081e+00
2.689599999999999909e+03 1.413512625326174943e+00
2.690400000000000091e+03 1.407622996214128674e+00
2.691199999999999818e+03 1.401730790291545237e+00
2.692000000000000000e+03 1.409691819614839803e+00
2.692800000000000182e+03 1.413876344246120631e+00
2.693599999999999909e+03 1.412391807241963226e+00
2.694400000000000091e+03 1.404604496868651964e+00
2.695199999999999818e+03 1.408159751541999460e+00
2.696000000000000000e+03 1.407513233342851722e+00
2.696800000000000182e+03 1.399719593330295719e+00
2.697599999999999909e+03 1.410213434817320310e+00
2.698400000000000091e+03 1.407463579645438001e+00
2.699199999999999818e+03 1.401978164398784532e+00
2.700000000000000000e+03 1.402380657083313498e+00
2.700800000000000182e+03 1.401520643292043733e+00
2.701599999999999909e+03 1.412445641285929199e+00
2.702400000000000091e+03 1.407166461355378040e+00
2.703199999999999818e+03 1.404411424224186744e+00
2.704000000000000000e+03 1.409025557951222973e+00
2.704800000000000182e+03 1.412166976939640994e+00
2.705599999999999909e+03 1.403933142826584657e+00
2.706400000000000091e+03 1.409813680767859623e+00
2.707199999999999818e+03 1.407476798751149616e+00
2.708000000000000000e+03 1.404506324082686497e+00
2.708699999999999818e+03 1.402799475304694177e+00
2.709500000000000000e+03 1.401513465912582079e+00
2.710300000000000182e+03 1.403390672327886834e+00
2.711099999999999909e+03 1.408644013468241640e+00
2.711900000000000091e+03 1.399549991408741478e+00
2.712699999999999818e+03 1.403537822404105517e+00
2.713500000000000000e+03 1.402882722444803720e+00
2.714300000000000182e+03 1.404338571062505370e+00
2.715099999999999909e+03 1.409807400011023448e+00
2.715900000000000091e+03 1.404716454542128012e+00
2.716699999999999818e+03 1.402158495726352205e+00
2.717500000000000000e+03 1.408474704807314071e+00
2.718300000000000182e+03 1.399574981050889511e+00
2.719099999999999909e+03 1.402087346407749013e+00
2.719900000000000091e+03 1.409040924241484083e+00
2.720699999999999818e+03 1.405210861205430373e+00
2.721500000000000000e+03 1.402859706193215539e+00
2.722300000000000182e+03 1.407277867629534995e+00
2.723099999999999909e+03 1.403232594881691497e+00
2.723800000000000182e+03 1.404900377404157297e+00
2.724599999999999909e+03 1.409532475199636536e+00
2.725400000000000091e+03 1.406966554339771358e+00
2.726199999999999818e+03 1.405458262990631368e+00
2.727000000000000000e+03 1.406279277855556842e+00
2.727800000000000182e+03 1.404769606576798946e+00
2.728599999999999909e+03 1.406649815901603651e+00
2.729400000000000091e+03 1.403655184182152071e+00
2.730199999999999818e+03 1.401507062476643251e+00
2.731000000000000000e+03 1.408688164441776358e+00
2.731800000000000182e+03 1.401661274596727180e+00
2.732599999999999909e+03 1.406723251357328675e+00
2.733300000000000182e+03 1.403511754485119223e+00
2.734099999999999909e+03 1.403694253800480185e+00
2.734900000000000091e+03 1.408334172006346918e+00
2.735699999999999818e+03 1.403846129760500050e+00
2.736500000000000000e+03 1.402965981173013965e+00
2.737300000000000182e+03 1.412492732206586776e+00
2.738099999999999909e+03 1.405239968283775065e+00
2.738900000000000091e+03 1.410308108951815464e+00
2.739699999999999818e+03 1.406451701353325090e+00
2.740500000000000000e+03 1.407482531978061502e+00
2.741300000000000182e+03 1.406599860487645515e+00
2.742000000000000000e+03 1.404865818902172325e+00
2.742800000000000182e+03 1.408235538515289154e+00
2.743599999999999909e+03 1.404798393944060031e+00
2.744400000000000091e+03 1.407104746490084768e+00
2.745199999999999818e+03 1.410475794492495494e+00
2.746000000000000000e+03 1.407035827319833121e+00
2.746800000000000182e+03 1.404445732386662371e+00
2.747599999999999909e+03 1.405474510689082912e+00
2.748400000000000091e+03 1.406503286276829634e+00
2.749099999999999909e+03 1.412432138449229990e+00
2.749900000000000091e+03 1.404512127678746447e+00
2.750699999999999818e+03 1.404900667769323874e+00
2.751500000000000000e+03 1.402730822176026848e+00
2.752300000000000182e+03 1.405463696556484621e+00
2.753099999999999909e+03 1.402439155394896941e+00
2.753900000000000091e+03 1.401759304146384277e+00
2.754699999999999818e+03 1.404918989281987773e+00
2.755400000000000091e+03 1.407439320787498227e+00
2.756199999999999818e+03 1.408039298030598241e+00
2.757000000000000000e+03 1.397965182283080310e+00
2.757800000000000182e+03 1.407530402579405093e+00
2.758599999999999909e+03 1.407061524034399991e+00
2.759400000000000091e+03 1.409582475628427423e+00
2.760199999999999818e+03 1.406762726177239298e+00
2.760900000000000091e+03 1.406291981638889022e+00
2.761699999999999818e+03 1.402187063449824800e+00
2.762500000000000000e+03 1.408341386870296974e+00
2.763300000000000182e+03 1.403165162660336085e+00
2.764099999999999909e+03 1.406968686677918301e+00
2.764900000000000091e+03 1.405639475825295248e+00
2.765599999999999909e+03 1.407090606637157348e+00
2.766400000000000091e+03 1.403833971279597082e+00
2.767199999999999818e+03 1.409351043781615020e+00
2.768000000000000000e+03 1.404594021856199859e+00
2.768800000000000182e+03 1.402618193158276849e+00
2.769599999999999909e+03 1.410278539820584598e+00
2.770400000000000091e+03 1.405517357035799053e+00
2.771099999999999909e+03 1.406752822189636820e+00
2.771900000000000091e+03 1.406273926288687637e+00
2.772699999999999818e+03 1.401078909388305371e+00
2.773500000000000000e+03 1.402312729219849841e+00
2.774300000000000182e+03 1.403760966334873128e+00
2.775099999999999909e+03 1.409069684946112844e+00
2.775800000000000182e+03 1.406014144444982517e+00
2.776599999999999909e+03 1.406604265327168202e+00
2.777400000000000091e+03 1.411915221849600943e+00
2.778199999999999818e+03 1.404778747209109557e+00
2.779000000000000000e+03 1.406655530474547389e+00
2.779699999999999818e+03 1.405311679907559563e+00
2.780500000000000000e+03 1.404611073403444266e+00
2.781300000000000182e+03 1.400472690273062648e+00
2.782099999999999909e+03 1.405141132607740095e+00
2.782900000000000091e+03 1.400785258556245916e+00
2.783699999999999818e+03 1.401155781657293264e+00
2.784400000000000091e+03 1.406900484446936161e+00
2.785199999999999818e+03 1.402110700500181828e+00
2.786000000000000000e+03 1.403125318251999820e+00
2.786800000000000182e+03 1.405860687218300820e+00
2.787599999999999909e+03 1.403217752763797677e+00
2.788300000000000182e+03 1.401218807578664460e+00
2.789099999999999909e+03 1.402447120376762335e+00
2.789900000000000091e+03 1.403029527168072832e+00
2.790699999999999818e+03 1.405764873736594867e+00
2.791500000000000000e+03 1.406131695755353128e+00
2.792199999999999818e+03 1.403482334842698576e+00
2.793000000000000000e+03 1.402555000624744475e+00
2.793800000000000182e+03 1.402488720356625640e+00
2.794599999999999909e+03 1.400913063289962901e+00
2.795300000000000182e+03 1.402354377934574625e+00
2.796099999999999909e+03 1.400992547702151869e+00
2.796900000000000091e+03 1.402648973748750860e+00
2.797699999999999818e+03 1.405815470098646713e+00
2.798500000000000000e+03 1.399489404614270516e+00
2.799199999999999818e+03 1.403734355051419413e+00
2.800000000000000000e+03 1.404958629158713501e+00
2.800800000000000182e+03 1.401001582646159482e+00
2.801599999999999909e+03 1.404167963612350079e+00
2.802400000000000091e+03 1.411870382217421005e+00
2.803099999999999909e+03 1.402294232991978529e+00
2.803900000000000091e+03 1.402868306337288207e+00
2.804699999999999818e+03 1.399768329530284516e+00
2.805500000000000000e+03 1.399044078832709204e+00
2.806199999999999818e+03 1.400480789287966044e+00
2.807000000000000000e+03 1.398025371469402645e+00
2.807800000000000182e+03 1.408760869534235294e+00
2.808599999999999909e+03 1.401546031975094753e+00
2.809300000000000182e+03 1.399953003491324566e+00
2.810099999999999909e+03 1.404417928311589847e+00
2.810900000000000091e+03 1.402607226438795429e+00
2.811699999999999818e+03 1.408155717266788898e+00
2.812400000000000091e+03 1.409808332358075900e+00
2.813199999999999818e+03 1.407346200519776103e+00
2.814000000000000000e+03 1.400333645904030977e+00
2.814800000000000182e+03 1.408267041604107428e+00
2.815500000000000000e+03 1.404284575603384599e+00
2.816300000000000182e+03 1.401817176531496401e+00
2.817099999999999909e+03 1.403467172250066897e+00
2.817900000000000091e+03 1.405117284326980576e+00
2.818599999999999909e+03 1.406333775090661486e+00
2.819400000000000091e+03 1.407116387031687177e+00
2.820199999999999818e+03 1.406814004931882911e+00
2.821000000000000000e+03 1.401953995855881319e+00
2.821699999999999818e+03 1.403602812773039998e+00
2.822500000000000000e+03 1.407856791112606087e+00
2.823300000000000182e+03 1.399301397732776842e+00
2.824099999999999909e+03 1.401166318457709448e+00
2.824800000000000182e+03 1.401510979688828318e+00
2.825599999999999909e+03 1.407286694783855818e+00
2.826400000000000091e+03 1.401764642818650319e+00
2.827099999999999909e+03 1.404064246301814256e+00
2.827900000000000091e+03 1.406364274502711842e+00
2.828699999999999818e+03 1.408012457135408679e+00
2.829500000000000000e+03 1.407051174935541216e+00
2.830199999999999818e+03 1.405219002212798163e+00
2.831000000000000000e+03 1.408606998189838366e+00
2.831800000000000182e+03 1.403944711977913151e+00
2.832500000000000000e+03 1.397539010509824875e+00
2.833300000000000182e+03 1.405279853102335830e+00
2.834099999999999909e+03 1.402790114581723424e+00
2.834900000000000091e+03 1.405743232497319584e+00
2.835599999999999909e+03 1.403469584055848651e+00
2.836400000000000091e+03 1.407948170962388001e+00
2.837199999999999818e+03 1.404801667548611022e+00
2.837900000000000091e+03 1.398820301355307549e+00
2.838699999999999818e+03 1.405915275423311961e+00
2.839500000000000000e+03 1.401675253651079700e+00
2.840300000000000182e+03 1.402666895848794004e+00
2.841000000000000000e+03 1.405839710937685672e+00
2.841800000000000182e+03 1.410322372581585215e+00
2.842599999999999909e+03 1.406296733887584693e+00
2.843300000000000182e+03 1.399432073835213064e+00
2.844099999999999909e+03 1.403696901515721684e+00
2.844900000000000091e+03 1.411674671396341063e+00
2.845599999999999909e+03 1.401093877221702089e+00
2.846400000000000091e+03 1.404705472230351582e+00
2.847199999999999818e+03 1.403730672082728725e+00
2.847900000000000091e+03 1.402755243720207323e+00
2.848699999999999818e+03 1.405931476583116124e+00
2.849500000000000000e+03 1.408015814611632832e+00
2.850199999999999818e+03 1.409226251665176566e+00
2.851000000000000000e+03 1.407812933442558201e+00
2.851800000000000182e+03 1.401805925606072201e+00
2.852500000000000000e+03 1.401921518480375051e+00
2.853300000000000182e+03 1.397223448031116533e+00
2.854099999999999909e+03 1.407842189521221865e+00
2.854800000000000182e+03 1.405331972022211939e+00
2.855599999999999909e+03 1.407637007372297688e+00
2.856400000000000091e+03 1.407534179816337438e+00
2.857099999999999909e+03 1.405022094950862499e+00
2.857900000000000091e+03 1.406232862322781996e+00
2.858699999999999818e+03 1.402404815366426583e+00
2.859400000000000091e+03 1.403396289821347231e+00
2.860199999999999818e+03 1.408114208070996964e+00
2.861000000000000000e+03 1.404722627256744127e+00
2.861699999999999818e+03 1.408784815257282164e+00
2.862500000000000000e+03 1.408681697815475697e+00
2.863300000000000182e+03 1.407701150276074120e+00
2.864000000000000000e+03 1.406281466562474991e+00
2.864800000000000182e+03 1.403983525140438893e+00
2.865599999999999909e+03 1.406952303462571274e+00
2.866300000000000182e+03 1.408166126372584204e+00
2.867099999999999909e+03 1.411356615561926375e+00
2.867900000000000091e+03 1.406642514349627060e+00
2.868599999999999909e+03 1.405221487067321640e+00
2.869400000000000091e+03 1.404678815491506638e+00
2.870199999999999818e+03 1.407651884460407565e+00
2.870900000000000091e+03 1.406010893062299649e+00
2.871699999999999818e+03 1.408106423655010708e+00
2.872400000000000091e+03 1.410202958876666246e+00
2.873199999999999818e+03 1.413180146123419245e+00
2.874000000000000000e+03 1.411539738758670781e+00
2.874699999999999818e+03 1.409678929325888896e+00
2.875500000000000000e+03 1.411118183421893768e+00
2.876300000000000182e+03 1.407276360327032849e+00
2.877000000000000000e+03 1.412238181096572065e+00
2.877800000000000182e+03 1.405973825791902554e+00
2.878599999999999909e+03 1.408515617411167042e+00
2.879300000000000182e+03 1.411278952683231447e+00
2.880099999999999909e+03 1.408095782866769730e+00
2.880800000000000182e+03 1.406013386219086225e+00
2.881599999999999909e+03 1.405252795725163706e+00
2.882400000000000091e+03 1.413749922143710425e+00
2.883099999999999909e+03 1.406597831720949099e+00
2.883900000000000091e+03 1.409366111874791327e+00
2.884599999999999909e+03 1.408165984260668857e+00
2.885400000000000091e+03 1.410274659206917303e+00
2.886199999999999818e+03 1.414590906104162604e+00
2.886900000000000091e+03 1.413392339782411522e+00
2.887699999999999818e+03 1.410648713993089221e+00
2.888400000000000091e+03 1.412981997250812416e+00
2.889199999999999818e+03 1.412004581154647775e+00
2.890000000000000000e+03 1.411468950053134552e+00
2.890699999999999818e+03 1.410050037802267786e+00
2.891500000000000000e+03 1.417026494370693612e+00
2.892199999999999818e+03 1.416934955152977738e+00
2.893000000000000000e+03 1.418391015381121001e+00
2.893800000000000182e+03 1.424269360027685449e+00
2.894500000000000000e+03 1.419316480616162002e+00
2.895300000000000182e+03 1.422986900206349548e+00
2.896000000000000000e+03 1.421793155080879334e+00
2.896800000000000182e+03 1.423475510496590823e+00
2.897599999999999909e+03 1.420069805849037081e+00
2.898300000000000182e+03 1.429057042317191772e+00
2.899099999999999909e+03 1.430079438797480895e+00
2.899800000000000182e+03 1.429553014173585934e+00
2.900599999999999909e+03 1.424598130194181467e+00
2.901400000000000091e+03 1.434481511010615939e+00
2.902099999999999909e+03 1.435729703434375670e+00
2.902900000000000091e+03 1.425457303028092371e+00
2.903599999999999909e+03 1.432910683474774238e+00
2.904400000000000091e+03 1.434826163425790391e+00
2.905099999999999909e+03 1.432530749223721589e+00
2.905900000000000091e+03 1.431343813775168172e+00
2.906699999999999818e+03 1.429713513961152094e+00
2.907400000000000091e+03 1.426530465239109979e+00
2.908199999999999818e+03 1.423346863594258771e+00
2.908900000000000091e+03 1.426154328595768073e+00
2.909699999999999818e+03 1.424968373232157415e+00
2.910400000000000091e+03 1.428888569806663122e+00
2.911199999999999818e+03 1.421264918976594238e+00
2.911900000000000091e+03 1.425631445653577467e+00
2.912699999999999818e+03 1.428223342659724837e+00
2.913500000000000000e+03 1.431039096863977900e+00
2.914199999999999818e+03 1.425412673713430278e+00
2.915000000000000000e+03 1.423563077354354389e+00
2.915699999999999818e+03 1.425492479199084617e+00
2.916500000000000000e+03 1.420975557857519833e+00
2.917199999999999818e+03 1.419570921426256627e+00
2.918000000000000000e+03 1.422170051992558193e+00
2.918699999999999818e+03 1.420321600421398323e+00
2.919500000000000000e+03 1.419140670748259891e+00
2.920300000000000182e+03 1.421075692120311595e+00
2.921000000000000000e+03 1.420786243220363732e+00
2.921800000000000182e+03 1.421165299412553873e+00
2.922500000000000000e+03 1.420431829709012828e+00
2.923300000000000182e+03 1.417248879249505711e+00
2.924000000000000000e+03 1.428322170698633320e+00
2.924800000000000182e+03 1.426700563317416792e+00
2.925500000000000000e+03 1.428421742385218796e+00
2.926300000000000182e+03 1.424794949389317278e+00
2.927000000000000000e+03 1.424511454377890507e+00
2.927800000000000182e+03 1.424228555941758678e+00
2.928500000000000000e+03 1.426399431895021497e+00
2.929300000000000182e+03 1.425449011636196861e+00
2.930000000000000000e+03 1.419144503150473025e+00
2.930800000000000182e+03 1.427565770351877150e+00
2.931599999999999909e+03 1.423046137443417569e+00
2.932300000000000182e+03 1.423436506741949437e+00
2.933099999999999909e+03 1.428069858096614686e+00
2.933800000000000182e+03 1.429355950766670436e+00
2.934599999999999909e+03 1.418135289235993968e+00
2.935300000000000182e+03 1.423665902108464776e+00
2.936099999999999909e+03 1.423613271586185114e+00
2.936800000000000182e+03 1.426913529555263738e+00
2.937599999999999909e+03 1.422615836431787129e+00
2.938300000000000182e+03 1.429495559194159382e+00
2.939099999999999909e+03 1.425868861253319020e+00
2.939800000000000182e+03 1.427609094463305750e+00
2.940599999999999909e+03 1.425100420604423990e+00
2.941300000000000182e+03 1.425947484560400991e+00
2.942099999999999909e+03 1.432837543784993839e+00
2.942800000000000182e+03 1.427196801019726458e+00
2.943599999999999909e+03 1.424017039604937196e+00
2.944300000000000182e+03 1.431584196262409403e+00
2.945099999999999909e+03 1.424598129182031103e+00
2.945800000000000182e+03 1.424553734749116618e+00
2.946599999999999909e+03 1.422045537511696933e+00
2.947300000000000182e+03 1.425138858355700089e+00
2.948099999999999909e+03 1.426216848352567235e+00
2.948800000000000182e+03 1.423260903829545398e+00
2.949599999999999909e+03 1.428375693006393776e+00
2.950300000000000182e+03 1.431026249201981848e+00
2.951099999999999909e+03 1.425155404395967329e+00
2.951800000000000182e+03 1.423320796062484739e+00
2.952599999999999909e+03 1.426197813359465938e+00
2.953300000000000182e+03 1.427954335746039360e+00
2.954000000000000000e+03 1.421856017788437621e+00
2.954800000000000182e+03 1.421817346883745392e+00
2.955500000000000000e+03 1.426269942851568384e+00
2.956300000000000182e+03 1.420618410843930812e+00
2.957000000000000000e+03 1.422153210805512824e+00
2.957800000000000182e+03 1.417622976142511648e+00
2.958500000000000000e+03 1.423203403827218327e+00
2.959300000000000182e+03 1.419796238618349138e+00
2.960000000000000000e+03 1.420659273780234599e+00
2.960800000000000182e+03 1.413878558267530172e+00
2.961500000000000000e+03 1.420138639285451143e+00
2.962300000000000182e+03 1.415830121293711885e+00
2.963000000000000000e+03 1.415794624559877590e+00
2.963800000000000182e+03 1.415759433301445602e+00
2.964500000000000000e+03 1.410098344721777863e+00
2.965300000000000182e+03 1.415464833045732007e+00
2.966000000000000000e+03 1.415205308991460020e+00
2.966699999999999818e+03 1.411343163068713880e+00
2.967500000000000000e+03 1.408380685386290576e+00
2.968199999999999818e+03 1.409922507994849861e+00
2.969000000000000000e+03 1.414844643816756120e+00
2.969699999999999818e+03 1.417290054219031425e+00
2.970500000000000000e+03 1.409368855379660168e+00
2.971199999999999818e+03 1.409560252657629853e+00
2.972000000000000000e+03 1.406369842300077000e+00
2.972699999999999818e+03 1.412424358839486471e+00
2.973400000000000091e+03 1.409684676198830200e+00
2.974199999999999818e+03 1.409425640445767236e+00
2.974900000000000091e+03 1.410520435634334824e+00
2.975699999999999818e+03 1.405296685100151821e+00
2.976400000000000091e+03 1.405488383401143571e+00
2.977199999999999818e+03 1.403874096695358231e+00
2.977900000000000091e+03 1.405872144282193981e+00
2.978699999999999818e+03 1.410581137126245332e+00
2.979400000000000091e+03 1.408289291009642508e+00
2.980099999999999909e+03 1.411193024741319579e+00
2.980900000000000091e+03 1.409126377353399295e+00
2.981599999999999909e+03 1.407736968910157538e+00
2.982400000000000091e+03 1.409285744229130666e+00
2.983099999999999909e+03 1.403599802022854393e+00
2.983900000000000091e+03 1.406731216966308429e+00
2.984599999999999909e+03 1.406923288251004545e+00
2.985300000000000182e+03 1.405984172701320700e+00
2.986099999999999909e+03 1.405270836945695434e+00
2.986800000000000182e+03 1.407046493639825702e+00
2.987599999999999909e+03 1.406106406264342912e+00
2.988300000000000182e+03 1.406071356285265583e+00
2.989000000000000000e+03 1.405130338429465331e+00
2.989800000000000182e+03 1.410077188367450107e+00
2.990500000000000000e+03 1.405511771651115183e+00
2.991300000000000182e+03 1.402756902830598618e+00
2.992000000000000000e+03 1.406119055191036971e+00
2.992699999999999818e+03 1.406989049834517003e+00
2.993500000000000000e+03 1.410579313595821782e+00
2.994199999999999818e+03 1.402380613427726130e+00
2.995000000000000000e+03 1.407558083938643234e+00
2.995699999999999818e+03 1.402984109056614415e+00
2.996500000000000000e+03 1.407028582693566010e+00
2.997199999999999818e+03 1.411527949611262933e+00
2.997900000000000091e+03 1.408766496192813689e+00
2.998699999999999818e+03 1.410770201004373003e+00
2.999400000000000091e+03 1.406871589317157056e+00
3.000099999999999909e+03 1.405922916416686652e+00
3.000900000000000091e+03 1.407244477780135172e+00
3.001599999999999909e+03 1.406748832248400749e+00
3.002400000000000091e+03 1.403526193846532433e+00
3.003099999999999909e+03 1.403710314688586536e+00
3.003800000000000182e+03 1.409575802431347391e+00
3.004599999999999909e+03 1.404986331557243284e+00
3.005300000000000182e+03 1.403122871709626684e+00
3.006099999999999909e+03 1.405351308141483235e+00
3.006800000000000182e+03 1.405760399729099053e+00
3.007500000000000000e+03 1.404804093387275410e+00
3.008300000000000182e+03 1.406122016110768591e+00
3.009000000000000000e+03 1.404253803879472740e+00
3.009699999999999818e+03 1.404205068200121476e+00
3.010500000000000000e+03 1.401196137065143787e+00
3.011199999999999818e+03 1.400006895448099087e+00
3.012000000000000000e+03 1.401776995522957536e+00
3.012699999999999818e+03 1.400358109715614585e+00
3.013400000000000091e+03 1.404633331469239188e+00
3.014199999999999818e+03 1.401845682555248329e+00
3.014900000000000091e+03 1.396321373965175416e+00
3.015599999999999909e+03 1.400595696504906007e+00
3.016400000000000091e+03 1.402134915544267946e+00
3.017099999999999909e+03 1.402533690446690073e+00
3.017900000000000091e+03 1.399282653056387771e+00
3.018599999999999909e+03 1.402416570126966633e+00
3.019300000000000182e+03 1.402356617392230831e+00
3.020099999999999909e+03 1.400013806827775209e+00
3.020800000000000182e+03 1.402005646755507096e+00
3.021500000000000000e+03 1.403084173179464766e+00
3.022300000000000182e+03 1.400965713659829914e+00
3.023000000000000000e+03 1.406838056841462237e+00
3.023699999999999818e+03 1.398779187034955962e+00
3.024500000000000000e+03 1.400082498537850606e+00
3.025199999999999818e+03 1.405269504697435945e+00
3.025900000000000091e+03 1.406572489607457399e+00
3.026699999999999818e+03 1.398732314039385249e+00
3.027400000000000091e+03 1.399118147718226846e+00
3.028099999999999909e+03 1.401332298798767306e+00
3.028900000000000091e+03 1.401716717843951354e+00
3.029599999999999909e+03 1.408276017240578160e+00
3.030300000000000182e+03 1.399737639173110670e+00
3.031099999999999909e+03 1.398974843307726479e+00
3.031800000000000182e+03 1.403245583428119225e+00
3.032500000000000000e+03 1.404541178163744464e+00
3.033300000000000182e+03 1.401715315308333265e+00
3.034000000000000000e+03 1.401406193043711834e+00
3.034699999999999818e+03 1.399263760484944497e+00
3.035500000000000000e+03 1.401471735175568112e+00
3.036199999999999818e+03 1.399784710552024691e+00
3.036900000000000091e+03 1.406803606804614359e+00
3.037699999999999818e+03 1.402364656400651555e+00
3.038400000000000091e+03 1.402049208580201212e+00
3.039099999999999909e+03 1.405859501165838799e+00
3.039900000000000091e+03 1.407147737517665087e+00
3.040599999999999909e+03 1.406371263719704556e+00
3.041300000000000182e+03 1.404217145170611136e+00
3.042099999999999909e+03 1.406649961972102458e+00
3.042800000000000182e+03 1.409771089868954830e+00
3.043500000000000000e+03 1.405547779195129854e+00
3.044300000000000182e+03 1.402699317457271277e+00
3.045000000000000000e+03 1.401915249154522591e+00
3.045699999999999818e+03 1.405722749361249635e+00
3.046500000000000000e+03 1.404477616568464482e+00
3.047199999999999818e+03 1.398406852763595110e+00
3.047900000000000091e+03 1.403821198889561694e+00
3.048599999999999909e+03 1.404410583229560805e+00
3.049400000000000091e+03 1.407527539791156190e+00
3.050099999999999909e+03 1.402598552395201148e+00
3.050800000000000182e+03 1.405254534496058305e+00
3.051599999999999909e+03 1.403081132113501051e+00
3.052300000000000182e+03 1.403436146052086109e+00
3.053000000000000000e+03 1.405400727229400015e+00
3.053800000000000182e+03 1.410816500681624452e+00
3.054500000000000000e+03 1.404956648592772472e+00
3.055199999999999818e+03 1.403467144834426694e+00
3.055900000000000091e+03 1.399674022738953916e+00
3.056699999999999818e+03 1.410615197330079340e+00
3.057400000000000091e+03 1.403365701422901068e+00
3.058099999999999909e+03 1.408781470776418132e+00
3.058900000000000091e+03 1.405213396539094717e+00
3.059599999999999909e+03 1.401182332188303237e+00
3.060300000000000182e+03 1.406597971352976595e+00
3.061000000000000000e+03 1.401872468839180375e+00
3.061800000000000182e+03 1.407980073605328730e+00
3.062500000000000000e+03 1.407863158724938835e+00
3.063199999999999818e+03 1.410051633690038830e+00
3.064000000000000000e+03 1.407857345227628176e+00
3.064699999999999818e+03 1.404046480367491689e+00
3.065400000000000091e+03 1.407617446705910158e+00
3.066099999999999909e+03 1.405649868437723216e+00
3.066900000000000091e+03 1.408989916274780096e+00
3.067599999999999909e+03 1.408405500481183070e+00
3.068300000000000182e+03 1.402739973527449280e+00
3.069000000000000000e+03 1.405155052548108463e+00
3.069800000000000182e+03 1.407108206435288444e+00
3.070500000000000000e+03 1.406981940148075649e+00
3.071199999999999818e+03 1.404081924315110363e+00
3.072000000000000000e+03 1.409500345556412348e+00
3.072699999999999818e+03 1.408909793964159496e+00
3.073400000000000091e+03 1.409011867246772409e+00
3.074099999999999909e+03 1.407263298104495020e+00
3.074900000000000091e+03 1.405975922276718748e+00
3.075599999999999909e+03 1.404918666562356977e+00
3.076300000000000182e+03 1.409412983471087788e+00
3.077000000000000000e+03 1.409048687975102521e+00
3.077800000000000182e+03 1.407063429077766603e+00
3.078500000000000000e+03 1.407623068209150397e+00
3.079199999999999818e+03 1.407719130633946936e+00
3.079900000000000091e+03 1.410824855787605525e+00
3.080699999999999818e+03 1.404898333952149025e+00
3.081400000000000091e+03 1.403370305051162337e+00
3.082099999999999909e+03 1.406011399016214636e+00
3.082800000000000182e+03 1.408652717850840785e+00
3.083599999999999909e+03 1.402487086213388690e+00
3.084300000000000182e+03 1.405590943424203099e+00
3.085000000000000000e+03 1.403362672818029955e+00
3.085699999999999818e+03 1.409944740472617530e+00
3.086500000000000000e+03 1.407947020336380639e+00
3.087199999999999818e+03 1.406179898691968910e+00
3.087900000000000091e+03 1.409515728303979865e+00
3.088599999999999909e+03 1.401017442352914033e+00
3.089300000000000182e+03 1.407833578671397134e+00
3.090099999999999909e+03 1.407455337989187427e+00
3.090800000000000182e+03 1.406611965667903918e+00
3.091500000000000000e+03 1.410876328029188054e+00
3.092199999999999818e+03 1.407012668257555443e+00
3.093000000000000000e+03 1.409186649645027600e+00
3.093699999999999818e+03 1.405784736134813251e+00
3.094400000000000091e+03 1.407493232040329501e+00
3.095099999999999909e+03 1.401067188847494815e+00
3.095800000000000182e+03 1.403936466580098852e+00
3.096599999999999909e+03 1.403318690006302605e+00
3.097300000000000182e+03 1.404792890273579342e+00
3.098000000000000000e+03 1.406499554716049261e+00
3.098699999999999818e+03 1.405647422971932015e+00
3.099500000000000000e+03 1.405492346462005715e+00
3.100199999999999818e+03 1.409059737398145273e+00
3.100900000000000091e+03 1.406343881057648293e+00
3.101599999999999909e+03 1.404324808792463353e+00
3.102300000000000182e+03 1.398346564888423904e+00
3.103099999999999909e+03 1.403542755546805854e+00
3.103800000000000182e+03 1.404548009698340261e+00
3.104500000000000000e+03 1.410444681618908014e+00
3.105199999999999818e+03 1.406324818188047221e+00
3.105900000000000091e+03 1.404067091533221179e+00
3.106699999999999818e+03 1.406236088155834452e+00
3.107400000000000091e+03 1.403044049052728504e+00
3.108099999999999909e+03 1.405445624524810144e+00
3.108800000000000182e+03 1.405282532579026133e+00
3.109500000000000000e+03 1.405352051643994571e+00
3.110300000000000182e+03 1.403088491176941455e+00
3.111000000000000000e+03 1.401523506805831154e+00
3.111699999999999818e+03 1.406724192889781788e+00
3.112400000000000091e+03 1.402824481202981755e+00
3.113099999999999909e+03 1.407325872045816384e+00
3.113900000000000091e+03 1.402956984174944299e+00
3.114599999999999909e+03 1.406524927226893373e+00
3.115300000000000182e+03 1.404722279555574271e+00
3.116000000000000000e+03 1.406889285096769582e+00
3.116699999999999818e+03 1.403683404379918453e+00
3.117500000000000000e+03 1.401644213923808335e+00
3.118199999999999818e+03 1.404978800419664831e+00
3.118900000000000091e+03 1.399432170753473592e+00
3.119599999999999909e+03 1.404402971675451361e+00
3.120300000000000182e+03 1.405400174818909553e+00
3.121000000000000000e+03 1.404058727280158569e+00
3.121800000000000182e+03 1.404353611347873620e+00
3.122500000000000000e+03 1.402542758624284014e+00
3.123199999999999818e+03 1.404240412602290489e+00
3.123900000000000091e+03 1.402896062245510000e+00
3.124599999999999909e+03 1.405061571781799579e+00
3.125400000000000091e+03 1.400906962769991493e+00
3.126099999999999909e+03 1.399091816435183544e+00
3.126800000000000182e+03 1.400085664169410382e+00
3.127500000000000000e+03 1.403421513065734816e+00
3.128199999999999818e+03 1.405352593721816312e+00
3.128900000000000091e+03 1.400489605124657366e+00
3.129699999999999818e+03 1.402420049295571403e+00
3.130400000000000091e+03 1.400366538231748059e+00
3.131099999999999909e+03 1.403234461334438965e+00
3.131800000000000182e+03 1.406806306005409679e+00
3.132500000000000000e+03 1.403109988378558048e+00
3.133199999999999818e+03 1.407385846864157575e+00
3.133900000000000091e+03 1.401107486789819223e+00
3.134699999999999818e+03 1.405383737766696228e+00
3.135400000000000091e+03 1.404029700158620164e+00
3.136099999999999909e+03 1.403848272686471610e+00
3.136800000000000182e+03 1.405778922849885371e+00
3.137500000000000000e+03 1.403014731342575816e+00
3.138199999999999818e+03 1.405649634551286553e+00
3.139000000000000000e+03 1.402883867467820345e+00
3.139699999999999818e+03 1.404579503938223839e+00
3.140400000000000091e+03 1.406040488228625707e+00
3.141099999999999909e+03 1.403272499298958698e+00
3.141800000000000182e+03 1.401913256067470748e+00
3.142500000000000000e+03 1.403843718207473223e+00
3.143199999999999818e+03 1.403893977056563491e+00
3.144000000000000000e+03 1.403708870977930845e+00
3.144699999999999818e+03 1.403523435422224797e+00
3.145400000000000091e+03 1.410393293128654690e+00
3.146099999999999909e+03 1.402445920314922656e+00
3.146800000000000182e+03 1.402965207978688289e+00
3.147500000000000000e+03 1.402307903562823865e+00
3.148199999999999818e+03 1.405180279703227564e+00
3.149000000000000000e+03 1.404993408946962896e+00
3.149699999999999818e+03 1.405512506658387561e+00
3.150400000000000091e+03 1.403206042399121722e+00
3.151099999999999909e+03 1.402076086255946930e+00
3.151800000000000182e+03 1.402594298542348739e+00
3.152500000000000000e+03 1.402170171433908763e+00
3.153199999999999818e+03 1.406222359299467151e+00
3.153900000000000091e+03 1.405798281690486151e+00
3.154699999999999818e+03 1.403488341383788196e+00
3.155400000000000091e+03 1.405420584435465026e+00
3.156099999999999909e+03 1.407353273889488499e+00
3.156800000000000182e+03 1.403862861690009955e+00
3.157500000000000000e+03 1.407682329682640177e+00
3.158199999999999818e+03 1.407256967303313289e+00
3.158900000000000091e+03 1.400461403516733094e+00
3.159599999999999909e+03 1.403337839917641716e+00
3.160300000000000182e+03 1.402439072176349555e+00
3.161099999999999909e+03 1.402956081983667280e+00
3.161800000000000182e+03 1.407250316393193090e+00
3.162500000000000000e+03 1.404462382731926473e+00
3.163199999999999818e+03 1.407341054984850404e+00
3.163900000000000091e+03 1.409984332074316615e+00
3.164599999999999909e+03 1.405541467867995831e+00
3.165300000000000182e+03 1.401333301113070862e+00
3.166000000000000000e+03 1.404685412939286060e+00
3.166699999999999818e+03 1.400948184432522448e+00
3.167500000000000000e+03 1.404064694710120964e+00
3.168199999999999818e+03 1.407418515324197150e+00
3.168900000000000091e+03 1.403206656771435634e+00
3.169599999999999909e+03 1.403486754487593524e+00
3.170300000000000182e+03 1.400218828990114295e+00
3.171000000000000000e+03 1.405702914456747221e+00
3.171699999999999818e+03 1.401724268115322358e+00
3.172400000000000091e+03 1.404843685831619116e+00
3.173099999999999909e+03 1.407727330553066203e+00
3.173800000000000182e+03 1.404693715236834839e+00
3.174500000000000000e+03 1.408525132969313143e+00
3.175300000000000182e+03 1.406200907791905097e+00
3.176000000000000000e+03 1.402928512116796256e+00
3.176699999999999818e+03 1.404629375072990793e+00
3.177400000000000091e+03 1.407752187358101814e+00
3.178099999999999909e+03 1.405189107644174262e+00
3.178800000000000182e+03 1.401914180485403394e+00
3.179500000000000000e+03 1.407408116631580830e+00
3.180199999999999818e+03 1.406977141903355433e+00
3.180900000000000091e+03 1.403700752981169586e+00
3.181599999999999909e+03 1.411331671355481987e+00
3.182300000000000182e+03 1.406631763922332912e+00
3.183000000000000000e+03 1.407149031312133980e+00
3.183800000000000182e+03 1.403395881336172657e+00
3.184500000000000000e+03 1.406997466905877792e+00
3.185199999999999818e+03 1.406090937075579195e+00
3.185900000000000091e+03 1.406370901293563902e+00
3.186599999999999909e+03 1.403564690050201680e+00
3.187300000000000182e+03 1.405031460117856401e+00
3.188000000000000000e+03 1.410298281583459490e+00
3.188699999999999818e+03 1.407491253643050610e+00
3.189400000000000091e+03 1.408246577464335125e+00
3.190099999999999909e+03 1.405200692872767165e+00
3.190800000000000182e+03 1.408807340938847075e+00
3.191500000000000000e+03 1.403146238042239702e+00
3.192199999999999818e+03 1.403188138203006252e+00
3.192900000000000091e+03 1.407984771640836463e+00
3.193599999999999909e+03 1.411118457882102772e+00
3.194400000000000091e+03 1.408307811925100905e+00
3.195099999999999909e+03 1.409539691639450254e+00
3.195800000000000182e+03 1.410296161958028760e+00
3.196500000000000000e+03 1.407484008612609916e+00
3.197199999999999818e+03 1.409668111360444120e+00
3.197900000000000091e+03 1.408282923771638329e+00
3.198599999999999909e+03 1.409753688656192772e+00
3.199300000000000182e+03 1.411462962563804213e+00
3.200000000000000000e+03 1.411499137768581935e+00
