1.022999999999999972e+02 2.520019528950987464e+00
1.035999999999999943e+02 2.598379894332846884e+00
1.050000000000000000e+02 2.644006055039316294e+00
1.062999999999999972e+02 2.638861928988483818e+00
1.077000000000000028e+02 2.618416017338253354e+00
1.090000000000000000e+02 2.620249644505748154e+00
1.104000000000000057e+02 2.578638529673750845e+00
1.117000000000000028e+02 2.548801498274209543e+00
1.130000000000000000e+02 2.549041276840074310e+00
1.144000000000000057e+02 2.542526274096955863e+00
1.157000000000000028e+02 2.534573005065695828e+00
1.170999999999999943e+02 2.525569662885835509e+00
1.184000000000000057e+02 2.551102779760070938e+00
1.197999999999999972e+02 2.552997852138799928e+00
1.210999999999999943e+02 2.556705819366506205e+00
1.224000000000000057e+02 2.584845838965649456e+00
1.237999999999999972e+02 2.590239509752021441e+00
1.250999999999999943e+02 2.612145435806286109e+00
1.265000000000000000e+02 2.608166791785023086e+00
1.277999999999999972e+02 2.622785869789771684e+00
1.290999999999999943e+02 2.639877394427532664e+00
1.305000000000000000e+02 2.647204540436862708e+00
1.318000000000000114e+02 2.631996384849067283e+00
1.330999999999999943e+02 2.628364640702121058e+00
1.345000000000000000e+02 2.630063844884779733e+00
1.358000000000000114e+02 2.612333817821347992e+00
1.371999999999999886e+02 2.599016762610360409e+00
1.385000000000000000e+02 2.597418978275833013e+00
1.398000000000000114e+02 2.571938553237377967e+00
1.411999999999999886e+02 2.537039056370098855e+00
1.425000000000000000e+02 2.518815102661800864e+00
1.438000000000000114e+02 2.479682074643549505e+00
1.451999999999999886e+02 2.441299585598682764e+00
1.465000000000000000e+02 2.377152497708482137e+00
1.478000000000000114e+02 2.336475825091046232e+00
1.491999999999999886e+02 2.303605517438707118e+00
1.505000000000000000e+02 2.268351207290092653e+00
1.518000000000000114e+02 2.229664542974229224e+00
1.531999999999999886e+02 2.172762833036192553e+00
1.545000000000000000e+02 2.134393550461681777e+00
1.558000000000000114e+02 2.094549310354230975e+00
1.571999999999999886e+02 2.073910157037326396e+00
1.585000000000000000e+02 2.033473468221862923e+00
1.598000000000000114e+02 2.014608428350559421e+00
1.610999999999999943e+02 2.024536893904533397e+00
1.625000000000000000e+02 2.021874000416059580e+00
1.638000000000000114e+02 1.995730370653589603e+00
1.650999999999999943e+02 2.001282372961139977e+00
1.665000000000000000e+02 1.996065287976847902e+00
1.678000000000000114e+02 1.984923518330063530e+00
1.690999999999999943e+02 2.006690131725424209e+00
1.704000000000000057e+02 1.993668501977017282e+00
1.718000000000000114e+02 2.022628982989974400e+00
1.730999999999999943e+02 1.973845961511989211e+00
1.744000000000000057e+02 1.962187483511747654e+00
1.758000000000000114e+02 1.962062818313984991e+00
1.770999999999999943e+02 1.947065473843485162e+00
1.784000000000000057e+02 1.915605763581022858e+00
1.796999999999999886e+02 1.884632108485458701e+00
1.810999999999999943e+02 1.862167237091665095e+00
1.824000000000000057e+02 1.837956002688700075e+00
1.836999999999999886e+02 1.811470139826664827e+00
1.850000000000000000e+02 1.790604927269918267e+00
1.864000000000000057e+02 1.738499369528398564e+00
1.876999999999999886e+02 1.736384288864100345e+00
1.890000000000000000e+02 1.683788694829037924e+00
1.903000000000000114e+02 1.675542813194528913e+00
1.915999999999999943e+02 1.657511521999664783e+00
1.930000000000000000e+02 1.632982539028500879e+00
1.943000000000000114e+02 1.616192068913712143e+00
1.955999999999999943e+02 1.606486116188898139e+00
1.969000000000000057e+02 1.590280193624670213e+00
1.981999999999999886e+02 1.573375441015616660e+00
1.995999999999999943e+02 1.562635200061900598e+00
2.009000000000000057e+02 1.580114629019222061e+00
2.021999999999999886e+02 1.596646738466472648e+00
2.035000000000000000e+02 1.574579060315013823e+00
2.048000000000000114e+02 1.581538832941281614e+00
2.061999999999999886e+02 1.576705145087231585e+00
2.075000000000000000e+02 1.580561464915908543e+00
2.088000000000000114e+02 1.595230162923885198e+00
2.100999999999999943e+02 1.620190220082146526e+00
2.114000000000000057e+02 1.617871495690333283e+00
2.126999999999999886e+02 1.606516700467623515e+00
2.140999999999999943e+02 1.641058474558574787e+00
2.154000000000000057e+02 1.637578071706670357e+00
2.166999999999999886e+02 1.653265739805874102e+00
2.180000000000000000e+02 1.680849193784069939e+00
2.193000000000000114e+02 1.682965907037722308e+00
2.205999999999999943e+02 1.701086141857475198e+00
2.220000000000000000e+02 1.721697669380916507e+00
2.233000000000000114e+02 1.730478411728759269e+00
2.245999999999999943e+02 1.757532811554187724e+00
2.259000000000000057e+02 1.756298842367593371e+00
2.271999999999999886e+02 1.789136801523791620e+00
2.285000000000000000e+02 1.799382903615820428e+00
2.298000000000000114e+02 1.813047545454473664e+00
2.310999999999999943e+02 1.833188211477113638e+00
2.325000000000000000e+02 1.856487840961483338e+00
2.338000000000000114e+02 1.872848140173156484e+00
2.350999999999999943e+02 1.893562799600693847e+00
2.364000000000000057e+02 1.913316061643016486e+00
2.376999999999999886e+02 1.939555003204920025e+00
2.390000000000000000e+02 1.959113530552786475e+00
2.403000000000000114e+02 1.966130954779018003e+00
2.415999999999999943e+02 1.959000099226530400e+00
2.429000000000000057e+02 1.956349026919652179e+00
2.441999999999999886e+02 1.946994413358352105e+00
2.455000000000000000e+02 1.914013122600519701e+00
2.469000000000000057e+02 1.897092933806049375e+00
2.481999999999999886e+02 1.877187211599070871e+00
2.495000000000000000e+02 1.854826624024831894e+00
2.508000000000000114e+02 1.839342967060853207e+00
2.520999999999999943e+02 1.820871109446166924e+00
2.534000000000000057e+02 1.798207657932372250e+00
2.546999999999999886e+02 1.786962368554209979e+00
2.560000000000000000e+02 1.758445080123811621e+00
2.573000000000000114e+02 1.739078223678936386e+00
2.586000000000000227e+02 1.730738126508356789e+00
2.598999999999999773e+02 1.712059464987785384e+00
2.611999999999999886e+02 1.707352373719704941e+00
2.625000000000000000e+02 1.693238021831013018e+00
2.638000000000000114e+02 1.665564584802367465e+00
2.651000000000000227e+02 1.644245552866238747e+00
2.663999999999999773e+02 1.648011000901302481e+00
2.676999999999999886e+02 1.636475631062260128e+00
2.690000000000000000e+02 1.622072846886129627e+00
2.703000000000000114e+02 1.609083416838930081e+00
2.716000000000000227e+02 1.594964148407499893e+00
2.728999999999999773e+02 1.579178065331762415e+00
2.741999999999999886e+02 1.591864122418554794e+00
2.755000000000000000e+02 1.586950267797021974e+00
2.768000000000000114e+02 1.589619685526651338e+00
2.781000000000000227e+02 1.599609693918579101e+00
2.793999999999999773e+02 1.601772814631137631e+00
2.806999999999999886e+02 1.608174367004933325e+00
2.820000000000000000e+02 1.617207220610918705e+00
2.833000000000000114e+02 1.611561766311211841e+00
2.846000000000000227e+02 1.599817263568635184e+00
2.858999999999999773e+02 1.604256531715996470e+00
2.871999999999999886e+02 1.598434835936825227e+00
2.885000000000000000e+02 1.602896826705236810e+00
2.898000000000000114e+02 1.590642455945893818e+00
2.911000000000000227e+02 1.609101794659194340e+00
2.923999999999999773e+02 1.595248450521145500e+00
2.936999999999999886e+02 1.606878649084161781e+00
2.950000000000000000e+02 1.613883070572029288e+00
2.963000000000000114e+02 1.603207965751221709e+00
2.976000000000000227e+02 1.606328865298664033e+00
2.988999999999999773e+02 1.599700357362349168e+00
3.001999999999999886e+02 1.588430990751052985e+00
3.015000000000000000e+02 1.596353641513899690e+00
3.028000000000000114e+02 1.603680968606948198e+00
3.041000000000000227e+02 1.611085992559164293e+00
3.053999999999999773e+02 1.587301342060827958e+00
3.066000000000000227e+02 1.593639984519413355e+00
3.078999999999999773e+02 1.600324810816825982e+00
3.091999999999999886e+02 1.599533231267003419e+00
3.105000000000000000e+02 1.594227380184289888e+00
3.118000000000000114e+02 1.592365211007669146e+00
3.131000000000000227e+02 1.589764945495964588e+00
3.143999999999999773e+02 1.600196814967443260e+00
3.156999999999999886e+02 1.596797044143587030e+00
3.170000000000000000e+02 1.604949497176252793e+00
3.183000000000000114e+02 1.603990968303750098e+00
3.196000000000000227e+02 1.590400865015412002e+00
3.208000000000000114e+02 1.588907101858163751e+00
3.221000000000000227e+02 1.590865279793841180e+00
3.233999999999999773e+02 1.595195995231588615e+00
3.246999999999999886e+02 1.587291080621181738e+00
3.260000000000000000e+02 1.591903566721633911e+00
3.273000000000000114e+02 1.585763464148034707e+00
3.286000000000000227e+02 1.584431598485034343e+00
3.298999999999999773e+02 1.588588788458656031e+00
3.311000000000000227e+02 1.585778307459211334e+00
3.323999999999999773e+02 1.587646600999787827e+00
3.336999999999999886e+02 1.597314315090979875e+00
3.350000000000000000e+02 1.602588355791879859e+00
3.363000000000000114e+02 1.599805174914510797e+00
3.376000000000000227e+02 1.610657614544084737e+00
3.388999999999999773e+02 1.612909895520308057e+00
3.401000000000000227e+02 1.619174541169125847e+00
3.413999999999999773e+02 1.622669180259681765e+00
3.426999999999999886e+02 1.624749767873308270e+00
3.440000000000000000e+02 1.629353406018305472e+00
3.453000000000000114e+02 1.634852657830484279e+00
3.465000000000000000e+02 1.634863655651172198e+00
3.478000000000000114e+02 1.647319560102757929e+00
3.491000000000000227e+02 1.644910543513175449e+00
3.503999999999999773e+02 1.632928173111462877e+00
3.516999999999999886e+02 1.650665497503482237e+00
3.530000000000000000e+02 1.654755083332499987e+00
3.541999999999999886e+02 1.659608789746020330e+00
3.555000000000000000e+02 1.663050305437820287e+00
3.568000000000000114e+02 1.670115430537323808e+00
3.581000000000000227e+02 1.661473635212264988e+00
3.593999999999999773e+02 1.680829621992242950e+00
3.606000000000000227e+02 1.678211770024379046e+00
3.618999999999999773e+02 1.699385530900850538e+00
3.631999999999999886e+02 1.695305555087483595e+00
3.645000000000000000e+02 1.698261668628238352e+00
3.658000000000000114e+02 1.708668576884046164e+00
3.670000000000000000e+02 1.703755493798702059e+00
3.683000000000000114e+02 1.707794520358653978e+00
3.696000000000000227e+02 1.725022841829859432e+00
3.708999999999999773e+02 1.715869042193792993e+00
3.721000000000000227e+02 1.712396744768597046e+00
3.733999999999999773e+02 1.724988776635532517e+00
3.746999999999999886e+02 1.735081352521198106e+00
3.760000000000000000e+02 1.723272695664676446e+00
3.771999999999999886e+02 1.724667697460106286e+00
3.785000000000000000e+02 1.731075148108755180e+00
3.798000000000000114e+02 1.750292362863159257e+00
3.811000000000000227e+02 1.728994303688229150e+00
3.823000000000000114e+02 1.742249142837149822e+00
3.836000000000000227e+02 1.741784146009666800e+00
3.848999999999999773e+02 1.754413576180138490e+00
3.861999999999999886e+02 1.739491133775691756e+00
3.873999999999999773e+02 1.749027952019914345e+00
3.886999999999999886e+02 1.753596666168784957e+00
3.900000000000000000e+02 1.746344586369229068e+00
3.911999999999999886e+02 1.767548376123980525e+00
3.925000000000000000e+02 1.757746593703632065e+00
3.938000000000000114e+02 1.758181155228752734e+00
3.951000000000000227e+02 1.768311505936584149e+00
3.963000000000000114e+02 1.769766078363357309e+00
3.976000000000000227e+02 1.784352257237218575e+00
3.988999999999999773e+02 1.772010656253962813e+00
4.001000000000000227e+02 1.771016802802774404e+00
4.013999999999999773e+02 1.771906376176901832e+00
4.026999999999999886e+02 1.763695176999001246e+00
4.038999999999999773e+02 1.755854716487732725e+00
4.051999999999999886e+02 1.761025613071204976e+00
4.065000000000000000e+02 1.759566068232552016e+00
4.076999999999999886e+02 1.751059310672675062e+00
4.090000000000000000e+02 1.741412701246178418e+00
4.103000000000000114e+02 1.745615984795568565e+00
4.115000000000000000e+02 1.731491154454711134e+00
4.128000000000000114e+02 1.716912097507719226e+00
4.141000000000000227e+02 1.738624586462488519e+00
4.153000000000000114e+02 1.741041690484955939e+00
4.166000000000000227e+02 1.724838250200024570e+00
4.178999999999999773e+02 1.725396275954052427e+00
4.191000000000000227e+02 1.723166733050563781e+00
4.203999999999999773e+02 1.721454986380950958e+00
4.216999999999999886e+02 1.725223480470792881e+00
4.228999999999999773e+02 1.726756557222689947e+00
4.241999999999999886e+02 1.732671716371173343e+00
4.255000000000000000e+02 1.726421629316833739e+00
4.266999999999999886e+02 1.732278369828162079e+00
4.280000000000000000e+02 1.756598680450859984e+00
4.291999999999999886e+02 1.761439677641706947e+00
4.305000000000000000e+02 1.761697819913411678e+00
4.318000000000000114e+02 1.774079141791962355e+00
4.330000000000000000e+02 1.757569977791864524e+00
4.343000000000000114e+02 1.756912738972749244e+00
4.355000000000000000e+02 1.765209743295160560e+00
4.368000000000000114e+02 1.758416893409669557e+00
4.381000000000000227e+02 1.755741359915489852e+00
4.393000000000000114e+02 1.774887648548864716e+00
4.406000000000000227e+02 1.779492781247124178e+00
4.418000000000000114e+02 1.781168624102141163e+00
4.431000000000000227e+02 1.798457616660652736e+00
4.443999999999999773e+02 1.822512332488512410e+00
4.456000000000000227e+02 1.833261770531135593e+00
4.468999999999999773e+02 1.843160800730412774e+00
4.481000000000000227e+02 1.855395129408164978e+00
4.493999999999999773e+02 1.907654100495354221e+00
4.506999999999999886e+02 1.913625644792208202e+00
4.518999999999999773e+02 1.921517469811488743e+00
4.531999999999999886e+02 1.926478334749448518e+00
4.543999999999999773e+02 1.941127182666212425e+00
4.556999999999999886e+02 1.936755747524076421e+00
4.568999999999999773e+02 1.941101833400908250e+00
4.581999999999999886e+02 1.927663364117067069e+00
4.593999999999999773e+02 1.919472318777756925e+00
4.606999999999999886e+02 1.909312349159321798e+00
4.620000000000000000e+02 1.904821157196886272e+00
4.631999999999999886e+02 1.865299244395754563e+00
4.645000000000000000e+02 1.852278582868785772e+00
4.656999999999999886e+02 1.837008092727508091e+00
4.670000000000000000e+02 1.829495919181850061e+00
4.681999999999999886e+02 1.810558493450635797e+00
4.695000000000000000e+02 1.790341296506612334e+00
4.706999999999999886e+02 1.792911536222779212e+00
4.720000000000000000e+02 1.797969382375373515e+00
4.731999999999999886e+02 1.772668844833480417e+00
4.745000000000000000e+02 1.769056746461736829e+00
4.756999999999999886e+02 1.761804839579211412e+00
4.770000000000000000e+02 1.764142983270535980e+00
4.781999999999999886e+02 1.754483785907482440e+00
4.795000000000000000e+02 1.752885749572127727e+00
4.806999999999999886e+02 1.764233402087809210e+00
4.820000000000000000e+02 1.766089811531638576e+00
4.831999999999999886e+02 1.775879996401202199e+00
4.845000000000000000e+02 1.794307277049196125e+00
4.856999999999999886e+02 1.831702403687978764e+00
4.870000000000000000e+02 1.855703298448709848e+00
4.881999999999999886e+02 1.897707140475660470e+00
4.895000000000000000e+02 1.945999106812980273e+00
4.906999999999999886e+02 1.993461762254007841e+00
4.920000000000000000e+02 2.024589850691131065e+00
4.931999999999999886e+02 2.044960666621038037e+00
4.945000000000000000e+02 2.055824567984912754e+00
4.956999999999999886e+02 2.069895244153912461e+00
4.970000000000000000e+02 2.091229894731350125e+00
4.981999999999999886e+02 2.096199388074545311e+00
4.993999999999999773e+02 2.050800941612662243e+00
5.006999999999999886e+02 2.033631456501226342e+00
5.018999999999999773e+02 2.016721492589202303e+00
5.031999999999999886e+02 1.958077019973086585e+00
5.043999999999999773e+02 1.911434272758154140e+00
5.056999999999999886e+02 1.871059984393415920e+00
5.068999999999999773e+02 1.827993695177963840e+00
5.081999999999999886e+02 1.787838265955842942e+00
5.093999999999999773e+02 1.771617957921769682e+00
5.106000000000000227e+02 1.744304977844091109e+00
5.118999999999999773e+02 1.735476590212599479e+00
5.131000000000000227e+02 1.713590726189135216e+00
5.143999999999999773e+02 1.712305340951707500e+00
5.156000000000000227e+02 1.708203023683418920e+00
5.168999999999999773e+02 1.704650294742851013e+00
5.181000000000000227e+02 1.706139819306383476e+00
5.192999999999999545e+02 1.703969829300613359e+00
5.206000000000000227e+02 1.702632154305625090e+00
5.217999999999999545e+02 1.690467925602588961e+00
5.231000000000000227e+02 1.701613748727752951e+00
5.242999999999999545e+02 1.703058501120400026e+00
5.255000000000000000e+02 1.679472661063764694e+00
5.267999999999999545e+02 1.683707996959528996e+00
5.280000000000000000e+02 1.693281464838563899e+00
5.292999999999999545e+02 1.695254828288164539e+00
5.305000000000000000e+02 1.688778667144135603e+00
5.317000000000000455e+02 1.701854794939977822e+00
5.330000000000000000e+02 1.698458821569104993e+00
5.342000000000000455e+02 1.706036797617582090e+00
5.353999999999999773e+02 1.698963619065223529e+00
5.367000000000000455e+02 1.710334507854349262e+00
5.378999999999999773e+02 1.704372226035488991e+00
5.392000000000000455e+02 1.709534620306697894e+00
5.403999999999999773e+02 1.704260821880003718e+00
5.416000000000000227e+02 1.715334778717632069e+00
5.428999999999999773e+02 1.706098006152583446e+00
5.441000000000000227e+02 1.708982950282300184e+00
5.452999999999999545e+02 1.718354075963713479e+00
5.466000000000000227e+02 1.719961164032451917e+00
5.477999999999999545e+02 1.700246508529031919e+00
5.490000000000000000e+02 1.714123632490689886e+00
5.502999999999999545e+02 1.722352390582659432e+00
5.515000000000000000e+02 1.711932113863147809e+00
5.527000000000000455e+02 1.725664702089379166e+00
5.540000000000000000e+02 1.712686259199571293e+00
5.552000000000000455e+02 1.720054078359386951e+00
5.563999999999999773e+02 1.730672929232568658e+00
5.577000000000000455e+02 1.735069084443519261e+00
5.588999999999999773e+02 1.731116323341373553e+00
5.601000000000000227e+02 1.733100504581481793e+00
5.613999999999999773e+02 1.750508697992768425e+00
5.626000000000000227e+02 1.750083631498484227e+00
5.637999999999999545e+02 1.741300145708059244e+00
5.650000000000000000e+02 1.738315819199119039e+00
5.662999999999999545e+02 1.728384927229910550e+00
5.675000000000000000e+02 1.726239377040368339e+00
5.687000000000000455e+02 1.715160435235312697e+00
5.700000000000000000e+02 1.727889614998231238e+00
5.712000000000000455e+02 1.732680988940518585e+00
5.723999999999999773e+02 1.719459165562903902e+00
5.736000000000000227e+02 1.716016973286232261e+00
5.748999999999999773e+02 1.718246340806633299e+00
5.761000000000000227e+02 1.713661566831739425e+00
5.772999999999999545e+02 1.700128575817503540e+00
5.786000000000000227e+02 1.696668615040290096e+00
5.797999999999999545e+02 1.695619324828830488e+00
5.810000000000000000e+02 1.683060466172502601e+00
5.822000000000000455e+02 1.696212815053880441e+00
5.835000000000000000e+02 1.696009450274234887e+00
5.847000000000000455e+02 1.680877395886654302e+00
5.858999999999999773e+02 1.675405790180489518e+00
5.871000000000000227e+02 1.688134994602611627e+00
5.883999999999999773e+02 1.683228552471294215e+00
5.896000000000000227e+02 1.685290793382186569e+00
5.907999999999999545e+02 1.702723817152250518e+00
5.920000000000000000e+02 1.717174273067463286e+00
5.932999999999999545e+02 1.739177064052199073e+00
5.945000000000000000e+02 1.764464833353458495e+00
5.957000000000000455e+02 1.774663070778146334e+00
5.968999999999999773e+02 1.770473836428612113e+00
5.981000000000000227e+02 1.761293751149152431e+00
5.993999999999999773e+02 1.748402388675439401e+00
6.006000000000000227e+02 1.719392141287549025e+00
6.017999999999999545e+02 1.712189150432812612e+00
6.030000000000000000e+02 1.702557438463396355e+00
6.042999999999999545e+02 1.703337245971372704e+00
6.055000000000000000e+02 1.690130728699559048e+00
6.067000000000000455e+02 1.678631140955440637e+00
6.078999999999999773e+02 1.694112809901918038e+00
6.091000000000000227e+02 1.708887649465300029e+00
6.103999999999999773e+02 1.692670750669740265e+00
6.116000000000000227e+02 1.702022995704245645e+00
6.127999999999999545e+02 1.696802353695437526e+00
6.140000000000000000e+02 1.687291250786397967e+00
6.152000000000000455e+02 1.700653617498384618e+00
6.165000000000000000e+02 1.673406149818809752e+00
6.177000000000000455e+02 1.670608226928125495e+00
6.188999999999999773e+02 1.661943403440438338e+00
6.201000000000000227e+02 1.653275422304421038e+00
6.212999999999999545e+02 1.631434761023073721e+00
6.225000000000000000e+02 1.641227967866528026e+00
6.237999999999999545e+02 1.628828612690568667e+00
6.250000000000000000e+02 1.629889834723804443e+00
6.262000000000000455e+02 1.646570172387580744e+00
6.273999999999999773e+02 1.637749847667817837e+00
6.286000000000000227e+02 1.632797098825842452e+00
6.297999999999999545e+02 1.623255365498636138e+00
6.310000000000000000e+02 1.633214589175750131e+00
6.322999999999999545e+02 1.617503452005119913e+00
6.335000000000000000e+02 1.623021238916144471e+00
6.347000000000000455e+02 1.631413397108582020e+00
6.358999999999999773e+02 1.622586000266990958e+00
6.371000000000000227e+02 1.613899918965744362e+00
6.382999999999999545e+02 1.621295809186742876e+00
6.395000000000000000e+02 1.609592714069895791e+00
6.407999999999999545e+02 1.618287928392337038e+00
6.420000000000000000e+02 1.611325099501873970e+00
6.432000000000000455e+02 1.620747495303492158e+00
6.443999999999999773e+02 1.618674535322520924e+00
6.456000000000000227e+02 1.612001059031818784e+00
6.467999999999999545e+02 1.607484360561505454e+00
6.480000000000000000e+02 1.620664107091003059e+00
6.492000000000000455e+02 1.617447170499092035e+00
6.503999999999999773e+02 1.616966011253996083e+00
6.517000000000000455e+02 1.618934633030631343e+00
6.528999999999999773e+02 1.619178662648721678e+00
6.541000000000000227e+02 1.618705251814538837e+00
6.552999999999999545e+02 1.620683464918952543e+00
6.565000000000000000e+02 1.626267845736324213e+00
6.577000000000000455e+02 1.619317866971626385e+00
6.588999999999999773e+02 1.617701750850794040e+00
6.601000000000000227e+02 1.623441992859312233e+00
6.612999999999999545e+02 1.638851418168977059e+00
6.625000000000000000e+02 1.637536036994191813e+00
6.637000000000000455e+02 1.655847731095657638e+00
6.650000000000000000e+02 1.667387287355394987e+00
6.662000000000000455e+02 1.684998569905109989e+00
6.673999999999999773e+02 1.686592996168858161e+00
6.686000000000000227e+02 1.719677152533268583e+00
6.697999999999999545e+02 1.738333387588967049e+00
6.710000000000000000e+02 1.752666580420218612e+00
6.722000000000000455e+02 1.746631170508344155e+00
6.733999999999999773e+02 1.767340308985040132e+00
6.746000000000000227e+02 1.780543447749929120e+00
6.757999999999999545e+02 1.767578564496183002e+00
6.770000000000000000e+02 1.776021078091348349e+00
6.782000000000000455e+02 1.787509536790409692e+00
6.793999999999999773e+02 1.789599697158770208e+00
6.806000000000000227e+02 1.793286787811881222e+00
6.817999999999999545e+02 1.792925091344089505e+00
6.830000000000000000e+02 1.798649584395533685e+00
6.842000000000000455e+02 1.772511831930303927e+00
6.853999999999999773e+02 1.753610495988839890e+00
6.866000000000000227e+02 1.723835188762226078e+00
6.877999999999999545e+02 1.701008046292740383e+00
6.890000000000000000e+02 1.670924986491944431e+00
6.902000000000000455e+02 1.648953351752321383e+00
6.913999999999999773e+02 1.651779933577578685e+00
6.926000000000000227e+02 1.639957876496828559e+00
6.937999999999999545e+02 1.633939184484142215e+00
6.950000000000000000e+02 1.624292872362147033e+00
6.962000000000000455e+02 1.630616563911401862e+00
6.973999999999999773e+02 1.613566886680289247e+00
6.986000000000000227e+02 1.615977142288685275e+00
6.997999999999999545e+02 1.622751006945043706e+00
7.010000000000000000e+02 1.619940986491780199e+00
7.022000000000000455e+02 1.618441869076162609e+00
7.033999999999999773e+02 1.625523660499015977e+00
7.046000000000000227e+02 1.613999495469170320e+00
7.057999999999999545e+02 1.617746234807676098e+00
7.070000000000000000e+02 1.606077723509977018e+00
7.082000000000000455e+02 1.618854333665641354e+00
7.093999999999999773e+02 1.622180236091379735e+00
7.106000000000000227e+02 1.616922522731975898e+00
7.117999999999999545e+02 1.614141934256210442e+00
7.130000000000000000e+02 1.606412244677771328e+00
7.142000000000000455e+02 1.607278174605772048e+00
7.153999999999999773e+02 1.603777281120269294e+00
7.166000000000000227e+02 1.601299123267173385e+00
7.177999999999999545e+02 1.610631881864520443e+00
7.190000000000000000e+02 1.606121071069265049e+00
7.202000000000000455e+02 1.608466950300568854e+00
7.213999999999999773e+02 1.608046391715184154e+00
7.226000000000000227e+02 1.599604879088864839e+00
7.237999999999999545e+02 1.611157570381115178e+00
7.250000000000000000e+02 1.603743074756996734e+00
7.262000000000000455e+02 1.607425877697778560e+00
7.272999999999999545e+02 1.614035287011515551e+00
7.285000000000000000e+02 1.607359298266173298e+00
7.297000000000000455e+02 1.592356515205488154e+00
7.308999999999999773e+02 1.607309371486140170e+00
7.321000000000000227e+02 1.597424164937865987e+00
7.332999999999999545e+02 1.603767274660542252e+00
7.345000000000000000e+02 1.592715374432961184e+00
7.357000000000000455e+02 1.605212015353070010e+00
7.368999999999999773e+02 1.599723421703005855e+00
7.381000000000000227e+02 1.598772992622458533e+00
7.392999999999999545e+02 1.609682177913179579e+00
7.405000000000000000e+02 1.612841366129152298e+00
7.416000000000000227e+02 1.615274129525680724e+00
7.427999999999999545e+02 1.622545704940007605e+00
7.440000000000000000e+02 1.635391847983441505e+00
7.452000000000000455e+02 1.649566909328881392e+00
7.463999999999999773e+02 1.630775823291495064e+00
7.476000000000000227e+02 1.641593318077203767e+00
7.487999999999999545e+02 1.659458307129185961e+00
7.500000000000000000e+02 1.667949357268504240e+00
7.511000000000000227e+02 1.672047839467506458e+00
7.522999999999999545e+02 1.693759979520920833e+00
7.535000000000000000e+02 1.704626052237896427e+00
7.547000000000000455e+02 1.710657290979954004e+00
7.558999999999999773e+02 1.712144124958094427e+00
7.571000000000000227e+02 1.708496104899763779e+00
7.582999999999999545e+02 1.688252211523840973e+00
7.595000000000000000e+02 1.678435474028162844e+00
7.606000000000000227e+02 1.675819847201243551e+00
7.617999999999999545e+02 1.671296761622350635e+00
7.630000000000000000e+02 1.666776226999795663e+00
7.642000000000000455e+02 1.651817280810183419e+00
7.653999999999999773e+02 1.648034992025505518e+00
7.666000000000000227e+02 1.653377158512911782e+00
7.677000000000000455e+02 1.624439325305991888e+00
7.688999999999999773e+02 1.624930612879889491e+00
7.701000000000000227e+02 1.621304572643237796e+00
7.712999999999999545e+02 1.618270511961723779e+00
7.725000000000000000e+02 1.607580864897002915e+00
7.737000000000000455e+02 1.597922281032973846e+00
7.747999999999999545e+02 1.601378242787484973e+00
7.760000000000000000e+02 1.602187432224729591e+00
7.772000000000000455e+02 1.597841993692151963e+00
7.783999999999999773e+02 1.589813009500084195e+00
7.796000000000000227e+02 1.601695138544248387e+00
7.807999999999999545e+02 1.602818579390114406e+00
7.818999999999999773e+02 1.597750153329198008e+00
7.831000000000000227e+02 1.603309919129079164e+00
7.842999999999999545e+02 1.604448397186896580e+00
7.855000000000000000e+02 1.594370982168635820e+00
7.867000000000000455e+02 1.614715582240590974e+00
7.877999999999999545e+02 1.604645361362964984e+00
7.890000000000000000e+02 1.622646802986977166e+00
7.902000000000000455e+02 1.619233306350100321e+00
7.913999999999999773e+02 1.612127815816095433e+00
7.926000000000000227e+02 1.603693376952792349e+00
7.937000000000000455e+02 1.621877553929806481e+00
7.948999999999999773e+02 1.604872482621710450e+00
7.961000000000000227e+02 1.602067034507483223e+00
7.972999999999999545e+02 1.607551706479235509e+00
7.983999999999999773e+02 1.614079726765209388e+00
7.996000000000000227e+02 1.611881219258992193e+00
8.007999999999999545e+02 1.620495886353662707e+00
8.020000000000000000e+02 1.621714050736998258e+00
8.031000000000000227e+02 1.634936802720821758e+00
8.042999999999999545e+02 1.642391727941376445e+00
8.055000000000000000e+02 1.651929734157668861e+00
8.067000000000000455e+02 1.664886363203129882e+00
8.077999999999999545e+02 1.681263858880498896e+00
8.090000000000000000e+02 1.690090252475161314e+00
8.102000000000000455e+02 1.697145534999981331e+00
8.113999999999999773e+02 1.701241638194089800e+00
8.125000000000000000e+02 1.723597673992599111e+00
8.137000000000000455e+02 1.727414598578387972e+00
8.148999999999999773e+02 1.742373107458081716e+00
8.161000000000000227e+02 1.756897779408223670e+00
8.172000000000000455e+02 1.771433883899873996e+00
8.183999999999999773e+02 1.810791469490949490e+00
8.196000000000000227e+02 1.851508811259041432e+00
8.207999999999999545e+02 1.883480033955984068e+00
8.218999999999999773e+02 1.918889583794410880e+00
8.231000000000000227e+02 1.948520697931501733e+00
8.242999999999999545e+02 1.947234724906783176e+00
8.253999999999999773e+02 1.972283565934616067e+00
8.266000000000000227e+02 1.984701091261918737e+00
8.277999999999999545e+02 1.978079432266028670e+00
8.290000000000000000e+02 1.975627802244992459e+00
8.301000000000000227e+02 1.933426292921807121e+00
8.312999999999999545e+02 1.893147086891814990e+00
8.325000000000000000e+02 1.823063876977385256e+00
8.336000000000000227e+02 1.781560430763190928e+00
8.347999999999999545e+02 1.742874930988189686e+00
8.360000000000000000e+02 1.714909009759021163e+00
8.371000000000000227e+02 1.707360357303953968e+00
8.382999999999999545e+02 1.682515193201656878e+00
8.395000000000000000e+02 1.695548274830366298e+00
8.406000000000000227e+02 1.667864214058243144e+00
8.417999999999999545e+02 1.673149524425033841e+00
8.430000000000000000e+02 1.659039083136574222e+00
8.441000000000000227e+02 1.662094355923010358e+00
8.452999999999999545e+02 1.668141595029934532e+00
8.465000000000000000e+02 1.662397262864731440e+00
8.476000000000000227e+02 1.659642232901826997e+00
8.487999999999999545e+02 1.661970245144461789e+00
8.500000000000000000e+02 1.654141030937979595e+00
8.511000000000000227e+02 1.657971803581682169e+00
8.522999999999999545e+02 1.668386765407937844e+00
8.535000000000000000e+02 1.662659428023573582e+00
8.546000000000000227e+02 1.660224160270753924e+00
8.557999999999999545e+02 1.671705357281753290e+00
8.570000000000000000e+02 1.659551839262734640e+00
8.581000000000000227e+02 1.671793740159708053e+00
8.592999999999999545e+02 1.676259805606672870e+00
8.605000000000000000e+02 1.677886348482539258e+00
8.616000000000000227e+02 1.676371878907193746e+00
8.627999999999999545e+02 1.681451630459493751e+00
8.638999999999999773e+02 1.668406560161481478e+00
8.651000000000000227e+02 1.676940526681895971e+00
8.662999999999999545e+02 1.689528901311378339e+00
8.673999999999999773e+02 1.693879418531047953e+00
8.686000000000000227e+02 1.679338845452166273e+00
8.697999999999999545e+02 1.672145074286153887e+00
8.708999999999999773e+02 1.679804547820106908e+00
8.721000000000000227e+02 1.674264368150811588e+00
8.732000000000000455e+02 1.661219632969097360e+00
8.743999999999999773e+02 1.673544322983953503e+00
8.756000000000000227e+02 1.671911750489927462e+00
8.767000000000000455e+02 1.669680292531906751e+00
8.778999999999999773e+02 1.677065127134647948e+00
8.790000000000000000e+02 1.667025126141882030e+00
8.802000000000000455e+02 1.667503858474257639e+00
8.813999999999999773e+02 1.670089710360236790e+00
8.825000000000000000e+02 1.659898239201602399e+00
8.837000000000000455e+02 1.660232041385052204e+00
8.847999999999999545e+02 1.663275737414933841e+00
8.860000000000000000e+02 1.661056704786008753e+00
8.871000000000000227e+02 1.662299913030922838e+00
8.882999999999999545e+02 1.637655371240028135e+00
8.895000000000000000e+02 1.633176496749975337e+00
8.906000000000000227e+02 1.628546753832098792e+00
8.917999999999999545e+02 1.618494216654356777e+00
8.928999999999999773e+02 1.617478109241984763e+00
8.941000000000000227e+02 1.613599926590898459e+00
8.952000000000000455e+02 1.609872136959863198e+00
8.963999999999999773e+02 1.603882697842242688e+00
8.976000000000000227e+02 1.612668781887652392e+00
8.987000000000000455e+02 1.600194481446721495e+00
8.998999999999999773e+02 1.601895711743531292e+00
9.010000000000000000e+02 1.606012735523697499e+00
9.022000000000000455e+02 1.608170478680774007e+00
9.032999999999999545e+02 1.610480864036539561e+00
9.045000000000000000e+02 1.613849778353631859e+00
9.056000000000000227e+02 1.608612991128264280e+00
9.067999999999999545e+02 1.613796598212429156e+00
9.078999999999999773e+02 1.616867766006053753e+00
9.091000000000000227e+02 1.605585066214188172e+00
9.102000000000000455e+02 1.603517496824228505e+00
9.113999999999999773e+02 1.591622769126238568e+00
9.126000000000000227e+02 1.605277239661706545e+00
9.137000000000000455e+02 1.610619347158763315e+00
9.148999999999999773e+02 1.598567181882915023e+00
9.160000000000000000e+02 1.595285466470032221e+00
9.172000000000000455e+02 1.594877530699346346e+00
9.182999999999999545e+02 1.600372627013208149e+00
9.195000000000000000e+02 1.593908805325354727e+00
9.206000000000000227e+02 1.598950946222476910e+00
9.217999999999999545e+02 1.597027210052530899e+00
9.228999999999999773e+02 1.596314105612148149e+00
9.241000000000000227e+02 1.603176798175660167e+00
9.252000000000000455e+02 1.593521013667311026e+00
9.263999999999999773e+02 1.595381931319869606e+00
9.275000000000000000e+02 1.601791842700166946e+00
9.287000000000000455e+02 1.602743800062527146e+00
9.297999999999999545e+02 1.605060607786650939e+00
9.310000000000000000e+02 1.591901126082235329e+00
9.321000000000000227e+02 1.593000713119174794e+00
9.332999999999999545e+02 1.608520307245699055e+00
9.343999999999999773e+02 1.607648252115516652e+00
9.355000000000000000e+02 1.608749010209463481e+00
9.367000000000000455e+02 1.600431882000577843e+00
9.377999999999999545e+02 1.613683454638919157e+00
9.390000000000000000e+02 1.614934996907483322e+00
9.401000000000000227e+02 1.621961562638607468e+00
9.412999999999999545e+02 1.615764097001972877e+00
9.423999999999999773e+02 1.629634011994081977e+00
9.436000000000000227e+02 1.627691617363514309e+00
9.447000000000000455e+02 1.631375604191038775e+00
9.458999999999999773e+02 1.630038897421855149e+00
9.470000000000000000e+02 1.633874624186161917e+00
9.481000000000000227e+02 1.632535313675475441e+00
9.492999999999999545e+02 1.620841138848922336e+00
9.503999999999999773e+02 1.619495778328520430e+00
9.516000000000000227e+02 1.611598955416048806e+00
9.527000000000000455e+02 1.612381112096023195e+00
9.538999999999999773e+02 1.606762231328424440e+00
9.550000000000000000e+02 1.605559423085515913e+00
9.562000000000000455e+02 1.604202159964005947e+00
9.572999999999999545e+02 1.598725910747815337e+00
9.583999999999999773e+02 1.612766943702779621e+00
9.596000000000000227e+02 1.614761575091620216e+00
9.607000000000000455e+02 1.615534838502162840e+00
9.618999999999999773e+02 1.629278329583929485e+00
9.630000000000000000e+02 1.627762102000833710e+00
9.641000000000000227e+02 1.616930574062487302e+00
9.652999999999999545e+02 1.625333373318833319e+00
9.663999999999999773e+02 1.617700677184386260e+00
9.676000000000000227e+02 1.622895499902539562e+00
9.687000000000000455e+02 1.619381049519629912e+00
9.697999999999999545e+02 1.635273090819726605e+00
9.710000000000000000e+02 1.615552244587394881e+00
9.721000000000000227e+02 1.622119613228459434e+00
9.732999999999999545e+02 1.622876450448780483e+00
9.743999999999999773e+02 1.620113482080345779e+00
9.755000000000000000e+02 1.617500322073141650e+00
9.767000000000000455e+02 1.615802174833433025e+00
9.777999999999999545e+02 1.621141995094287802e+00
9.790000000000000000e+02 1.613928389054114287e+00
9.801000000000000227e+02 1.617887695620824573e+00
9.812000000000000455e+02 1.634711714658361625e+00
9.823999999999999773e+02 1.620596349809744208e+00
9.835000000000000000e+02 1.624706178401110090e+00
9.846000000000000227e+02 1.625443878935822761e+00
9.857999999999999545e+02 1.635836640154577415e+00
9.868999999999999773e+02 1.624000202773584700e+00
9.881000000000000227e+02 1.624271136651878056e+00
9.892000000000000455e+02 1.633896180104357665e+00
9.893999999999999773e+02 1.630701062726233053e+00
9.902999999999999545e+02 1.650723002230381597e+00
9.905000000000000000e+02 1.622958196476586235e+00
9.915000000000000000e+02 1.653736976459567076e+00
9.917000000000000455e+02 1.634602472780899207e+00
9.926000000000000227e+02 1.649682212549304250e+00
9.927999999999999545e+02 1.651397424112491796e+00
9.937000000000000455e+02 1.658050104694404503e+00
9.940000000000000000e+02 1.667129099513743551e+00
9.948999999999999773e+02 1.690210533699772588e+00
9.951000000000000227e+02 1.661621683634685542e+00
9.960000000000000000e+02 1.677068320906712984e+00
9.962999999999999545e+02 1.685839154957172292e+00
9.971000000000000227e+02 1.684032324892857257e+00
9.973999999999999773e+02 1.690783233389794749e+00
9.982999999999999545e+02 1.686993107471204789e+00
9.986000000000000227e+02 1.705130180013214591e+00
9.993999999999999773e+02 1.697473351346135306e+00
9.997000000000000455e+02 1.704135907096311797e+00
1.000500000000000000e+03 1.717629349104818459e+00
1.000899999999999977e+03 1.716798402136100243e+00
1.001700000000000045e+03 1.736705058527148626e+00
1.002000000000000000e+03 1.742975971302955118e+00
1.002799999999999955e+03 1.734094081702241441e+00
1.003200000000000045e+03 1.756996585718386017e+00
1.003899999999999977e+03 1.766228212351504734e+00
1.004299999999999955e+03 1.772226772879106793e+00
1.005100000000000023e+03 1.774978940962067098e+00
1.005500000000000000e+03 1.786082270940905881e+00
1.006200000000000045e+03 1.782641970212192062e+00
1.006600000000000023e+03 1.797953181453048721e+00
1.007299999999999955e+03 1.808607540884338505e+00
1.007799999999999955e+03 1.813618092503367585e+00
1.008500000000000000e+03 1.826872037399571713e+00
1.008899999999999977e+03 1.818015388694203871e+00
1.009600000000000023e+03 1.830347680832713486e+00
1.010000000000000000e+03 1.827421302997218167e+00
1.010700000000000045e+03 1.815790653234440555e+00
1.011200000000000045e+03 1.827071769049962491e+00
1.011899999999999977e+03 1.833556553008839574e+00
1.012299999999999955e+03 1.851830627557236930e+00
1.013000000000000000e+03 1.839757508787420504e+00
1.013500000000000000e+03 1.886332421635987577e+00
1.014100000000000023e+03 1.875528558497714826e+00
1.014600000000000023e+03 1.914738721125737841e+00
1.015299999999999955e+03 1.920542883573571613e+00
1.015799999999999955e+03 1.923937828334147060e+00
1.016399999999999977e+03 1.946748756402351122e+00
1.016899999999999977e+03 1.897603343718702096e+00
1.017500000000000000e+03 1.937635114779679313e+00
1.018100000000000023e+03 1.870166596551662508e+00
1.018600000000000023e+03 1.919396775846599956e+00
1.019200000000000045e+03 1.837355409537473339e+00
1.019799999999999955e+03 1.842665598217444911e+00
1.020299999999999955e+03 1.774450941311660035e+00
1.020899999999999977e+03 1.791336062766646808e+00
1.021500000000000000e+03 1.737583365445171779e+00
1.022000000000000000e+03 1.751997325269597727e+00
1.022600000000000023e+03 1.716545380703954793e+00
1.023200000000000045e+03 1.716475248678365428e+00
1.023799999999999955e+03 1.685699303963715145e+00
1.024299999999999955e+03 1.691255280275647532e+00
1.024900000000000091e+03 1.671150068653690424e+00
1.025400000000000091e+03 1.680975249760454204e+00
1.026000000000000000e+03 1.665577135517259943e+00
1.026500000000000000e+03 1.662167350168951563e+00
1.027200000000000045e+03 1.648054251599146536e+00
1.027700000000000045e+03 1.651045571875630280e+00
1.028299999999999955e+03 1.639202929604170800e+00
1.028799999999999955e+03 1.643905280957364434e+00
1.029500000000000000e+03 1.636888563421768472e+00
1.029900000000000091e+03 1.635338835576001681e+00
1.030599999999999909e+03 1.627659326070106438e+00
1.031099999999999909e+03 1.636473714705229288e+00
1.031700000000000045e+03 1.630932805514905048e+00
1.032200000000000045e+03 1.624278171368456869e+00
1.032900000000000091e+03 1.629583277812588493e+00
1.033299999999999955e+03 1.624722382253850128e+00
1.034000000000000000e+03 1.614118639149827228e+00
1.034400000000000091e+03 1.618169688201296363e+00
1.035200000000000045e+03 1.618047525623558469e+00
1.035599999999999909e+03 1.610957457357143907e+00
1.036299999999999955e+03 1.613672383177458647e+00
1.036700000000000045e+03 1.617784170309208847e+00
1.037400000000000091e+03 1.604967355260791484e+00
1.037799999999999955e+03 1.618073143905654154e+00
1.038599999999999909e+03 1.613832578689125885e+00
1.038900000000000091e+03 1.607020308298508615e+00
1.039700000000000045e+03 1.605193485837617784e+00
1.040099999999999909e+03 1.608306990419402283e+00
1.040799999999999955e+03 1.592981928366944855e+00
1.041200000000000045e+03 1.604285048322700247e+00
1.042000000000000000e+03 1.602487818231938199e+00
1.042299999999999955e+03 1.603624377622573149e+00
1.043099999999999909e+03 1.604439846487232924e+00
1.043400000000000091e+03 1.607100743762478912e+00
1.044299999999999955e+03 1.622910861443724650e+00
1.044599999999999909e+03 1.605108123903666861e+00
1.045400000000000091e+03 1.598695466380188446e+00
1.045700000000000045e+03 1.603066934116420761e+00
1.046500000000000000e+03 1.594828539838108794e+00
1.046799999999999955e+03 1.598340755746474606e+00
1.047700000000000045e+03 1.602268753672619006e+00
1.047900000000000091e+03 1.599145179488283830e+00
1.048799999999999955e+03 1.601525828749058578e+00
1.049099999999999909e+03 1.597263137126168520e+00
1.049900000000000091e+03 1.594896390571925116e+00
1.050200000000000045e+03 1.588038677599348025e+00
1.051099999999999909e+03 1.599425670392460974e+00
1.051299999999999955e+03 1.605600583803380665e+00
1.052200000000000045e+03 1.594533346357752013e+00
1.052400000000000091e+03 1.595339805943314815e+00
1.053299999999999955e+03 1.601881511876150022e+00
1.053500000000000000e+03 1.594336048293433672e+00
1.054500000000000000e+03 1.602878996482901108e+00
1.054700000000000045e+03 1.594522088120264414e+00
1.055599999999999909e+03 1.601672630638439010e+00
1.055799999999999955e+03 1.593259026918625310e+00
1.056700000000000045e+03 1.602567379769675782e+00
1.056900000000000091e+03 1.601418203413597308e+00
1.057900000000000091e+03 1.604334448120556367e+00
1.058000000000000000e+03 1.593218419347859793e+00
1.059000000000000000e+03 1.606513305609295283e+00
1.059200000000000045e+03 1.591179796856239559e+00
1.060099999999999909e+03 1.600177617807100328e+00
1.060299999999999955e+03 1.610536846615919115e+00
1.061299999999999955e+03 1.602718468160710508e+00
1.061400000000000091e+03 1.594878107478518325e+00
1.062400000000000091e+03 1.606289596955180254e+00
1.062500000000000000e+03 1.596421859249102182e+00
1.063500000000000000e+03 1.601804689843180363e+00
1.063599999999999909e+03 1.591387163610338940e+00
1.064700000000000045e+03 1.609903957173919320e+00
1.064799999999999955e+03 1.608389768834552536e+00
1.065799999999999955e+03 1.614570500230025685e+00
1.065900000000000091e+03 1.597662006180268657e+00
1.066900000000000091e+03 1.605012418071476876e+00
1.067000000000000000e+03 1.608824674289885293e+00
1.068000000000000000e+03 1.605273107801872268e+00
1.068099999999999909e+03 1.606407890166787533e+00
1.069200000000000045e+03 1.608369093859301380e+00
1.070299999999999955e+03 1.604189859231534676e+00
1.070400000000000091e+03 1.604627508569490546e+00
1.071400000000000091e+03 1.607121803193789056e+00
1.071500000000000000e+03 1.602570439049624706e+00
1.072599999999999909e+03 1.614140595689096180e+00
1.073700000000000045e+03 1.608851793975021538e+00
1.074799999999999955e+03 1.616591821616058855e+00
1.075900000000000091e+03 1.620474588624494228e+00
1.077099999999999909e+03 1.611565659692382857e+00
1.078200000000000045e+03 1.625075276015510939e+00
1.079299999999999955e+03 1.623519971624360014e+00
1.080400000000000091e+03 1.624823883418672343e+00
1.080500000000000000e+03 1.626146424016072345e+00
1.081500000000000000e+03 1.639270896512486253e+00
1.081599999999999909e+03 1.639842720191218017e+00
1.082599999999999909e+03 1.635587172677628542e+00
1.082700000000000045e+03 1.645777033191530681e+00
1.083799999999999955e+03 1.647585796320547802e+00
1.084900000000000091e+03 1.653005960746192216e+00
1.085000000000000000e+03 1.651451215401583239e+00
1.086000000000000000e+03 1.662199496355260431e+00
1.086099999999999909e+03 1.659633298181677041e+00
1.087099999999999909e+03 1.660589125764989182e+00
1.087200000000000045e+03 1.670730464425146167e+00
1.088200000000000045e+03 1.670194417528687802e+00
1.088299999999999955e+03 1.661669000085850056e+00
1.089299999999999955e+03 1.666962460808417923e+00
1.089500000000000000e+03 1.677670584562525269e+00
1.090500000000000000e+03 1.663075470973474745e+00
1.090599999999999909e+03 1.679086299065340349e+00
1.091599999999999909e+03 1.673382699984306443e+00
1.091700000000000045e+03 1.666681243050479599e+00
1.092700000000000045e+03 1.666314344947846582e+00
1.092799999999999955e+03 1.664941131161625787e+00
1.093799999999999955e+03 1.667348297344350083e+00
1.094000000000000000e+03 1.666121292360199790e+00
1.094900000000000091e+03 1.659599553909479663e+00
1.095099999999999909e+03 1.667743071974941316e+00
1.096000000000000000e+03 1.662304418078371926e+00
1.096200000000000045e+03 1.656309986042438620e+00
1.097099999999999909e+03 1.677191237949092306e+00
1.097299999999999955e+03 1.669988704958953685e+00
1.098299999999999955e+03 1.684393759057513984e+00
1.098400000000000091e+03 1.663318363979038983e+00
1.099400000000000091e+03 1.674673268517513414e+00
1.099599999999999909e+03 1.668423854445722387e+00
1.100500000000000000e+03 1.662736593317092115e+00
1.100700000000000045e+03 1.655963140607236372e+00
1.101599999999999909e+03 1.664555157416852227e+00
1.101799999999999955e+03 1.648292726184651169e+00
1.102700000000000045e+03 1.653199663358778881e+00
1.102900000000000091e+03 1.656137949394240971e+00
1.103799999999999955e+03 1.651377319232826268e+00
1.104099999999999909e+03 1.658685579174184355e+00
1.104900000000000091e+03 1.654080896435846437e+00
1.105200000000000045e+03 1.642719043787437494e+00
1.106000000000000000e+03 1.666955637913862365e+00
1.106299999999999955e+03 1.641966989863161475e+00
1.107200000000000045e+03 1.651292302968766723e+00
1.107400000000000091e+03 1.654730607716378366e+00
1.108299999999999955e+03 1.654421181001090257e+00
1.108500000000000000e+03 1.658463413298018496e+00
1.109400000000000091e+03 1.670866119334522004e+00
1.109700000000000045e+03 1.662962667630788927e+00
1.110500000000000000e+03 1.668169921978244652e+00
1.110799999999999955e+03 1.662626521793635792e+00
1.111599999999999909e+03 1.667970097445335753e+00
1.111900000000000091e+03 1.660721514262486265e+00
1.112700000000000045e+03 1.685174831889255875e+00
1.113000000000000000e+03 1.656935758771805656e+00
1.113799999999999955e+03 1.669419039675040128e+00
1.114099999999999909e+03 1.669336495824316646e+00
1.114900000000000091e+03 1.666674892532772345e+00
1.115200000000000045e+03 1.647770122211704047e+00
1.116000000000000000e+03 1.664862086124217821e+00
1.116400000000000091e+03 1.658285921037943478e+00
1.117099999999999909e+03 1.665238077794212179e+00
1.117500000000000000e+03 1.649314516398325825e+00
1.118299999999999955e+03 1.651156355965441414e+00
1.118599999999999909e+03 1.627702396476959024e+00
1.119400000000000091e+03 1.645387401157424989e+00
1.119700000000000045e+03 1.640537210567957871e+00
1.120500000000000000e+03 1.646051379398266512e+00
1.120799999999999955e+03 1.621082845374574921e+00
1.121599999999999909e+03 1.637908659674399248e+00
1.122000000000000000e+03 1.637966923662509844e+00
1.122700000000000045e+03 1.631800564055037039e+00
1.123099999999999909e+03 1.616462916989538590e+00
1.123799999999999955e+03 1.627100074697772847e+00
1.124200000000000045e+03 1.606807630936091469e+00
1.124900000000000091e+03 1.628840703253139344e+00
1.125299999999999955e+03 1.609478807939304090e+00
1.126000000000000000e+03 1.622085119178435786e+00
1.126400000000000091e+03 1.612304266176229239e+00
1.127099999999999909e+03 1.625077247719637796e+00
1.127500000000000000e+03 1.621845811527358627e+00
1.128200000000000045e+03 1.621774350536921316e+00
1.128599999999999909e+03 1.615608620311200783e+00
1.129299999999999955e+03 1.622717496406053339e+00
1.129799999999999955e+03 1.608273064349033499e+00
1.130400000000000091e+03 1.629326494761919708e+00
1.130900000000000091e+03 1.625007758833020066e+00
1.131500000000000000e+03 1.628223000415552235e+00
1.132000000000000000e+03 1.613135510336234812e+00
1.132700000000000045e+03 1.620032879406773763e+00
1.133099999999999909e+03 1.616898375409567379e+00
1.133799999999999955e+03 1.633417895008889120e+00
1.134200000000000045e+03 1.635526143010347155e+00
1.134900000000000091e+03 1.626645106078683511e+00
1.135299999999999955e+03 1.614731712191464164e+00
1.136000000000000000e+03 1.637045974570880746e+00
1.136400000000000091e+03 1.636815253851249263e+00
1.137099999999999909e+03 1.655490736599176227e+00
1.137599999999999909e+03 1.631358556566560036e+00
1.138200000000000045e+03 1.659128688467729207e+00
1.138700000000000045e+03 1.650174539819154518e+00
1.139299999999999955e+03 1.673965337703114287e+00
1.139799999999999955e+03 1.674955520375887685e+00
1.140400000000000091e+03 1.667050558430934748e+00
1.140900000000000091e+03 1.670925840806856799e+00
1.141500000000000000e+03 1.679537352455759303e+00
1.142000000000000000e+03 1.701688126149532243e+00
1.142599999999999909e+03 1.703392397086303856e+00
1.143099999999999909e+03 1.713191137768318217e+00
1.143700000000000045e+03 1.707854922543558196e+00
1.144200000000000045e+03 1.718747945172338643e+00
1.144799999999999955e+03 1.737891431447870394e+00
1.145299999999999955e+03 1.735918599664472595e+00
1.145900000000000091e+03 1.730852225533418887e+00
1.146500000000000000e+03 1.732869729593064401e+00
1.147000000000000000e+03 1.739289219580916646e+00
1.147599999999999909e+03 1.752890416095533643e+00
1.148099999999999909e+03 1.751526742307054185e+00
1.148700000000000045e+03 1.744994269781507956e+00
1.149200000000000045e+03 1.759196542308099076e+00
1.149799999999999955e+03 1.742910358198031640e+00
1.150299999999999955e+03 1.755345453069342199e+00
1.150900000000000091e+03 1.757005853740987167e+00
1.151400000000000091e+03 1.755135371998522320e+00
1.152000000000000000e+03 1.735624282608276614e+00
1.152500000000000000e+03 1.751773247756645446e+00
1.153099999999999909e+03 1.726965370034695191e+00
1.153599999999999909e+03 1.722812087199714348e+00
1.154200000000000045e+03 1.710298413338400714e+00
1.154700000000000045e+03 1.719302434919902201e+00
1.155299999999999955e+03 1.683417597337385052e+00
1.155799999999999955e+03 1.702043729757886315e+00
1.156400000000000091e+03 1.662350060990133827e+00
1.156900000000000091e+03 1.679252397001165686e+00
1.157500000000000000e+03 1.644269912175267523e+00
1.158000000000000000e+03 1.659467647545526336e+00
1.158700000000000045e+03 1.646951475589132352e+00
1.159099999999999909e+03 1.665158969133586631e+00
1.159799999999999955e+03 1.632183210495246728e+00
1.160200000000000045e+03 1.645384084081442211e+00
1.160900000000000091e+03 1.610180405975945916e+00
1.161299999999999955e+03 1.644922613981524284e+00
1.162000000000000000e+03 1.607851187769035795e+00
1.162400000000000091e+03 1.615816495758581439e+00
1.163099999999999909e+03 1.607106011453480088e+00
1.163500000000000000e+03 1.621229301360370245e+00
1.164200000000000045e+03 1.601332790195415523e+00
1.164599999999999909e+03 1.617627673110344944e+00
1.165299999999999955e+03 1.598717998650366789e+00
1.165700000000000045e+03 1.604055974918983551e+00
1.166400000000000091e+03 1.599421655803901610e+00
1.166799999999999955e+03 1.605858857621504709e+00
1.167500000000000000e+03 1.615737076287296237e+00
1.167900000000000091e+03 1.606564550104827571e+00
1.168599999999999909e+03 1.610321422058161867e+00
1.169000000000000000e+03 1.611720152618568935e+00
1.169700000000000045e+03 1.598608979890434378e+00
1.170099999999999909e+03 1.608170109841650319e+00
1.170799999999999955e+03 1.612448346972485069e+00
1.171200000000000045e+03 1.623658225151642043e+00
1.171900000000000091e+03 1.623151910401217091e+00
1.172299999999999955e+03 1.623622067099008026e+00
1.173000000000000000e+03 1.612259306034530715e+00
1.173400000000000091e+03 1.618680632476215298e+00
1.174099999999999909e+03 1.607370304937146832e+00
1.174500000000000000e+03 1.620095786484041511e+00
1.175200000000000045e+03 1.625062368743277919e+00
1.175599999999999909e+03 1.619937006591278816e+00
1.176299999999999955e+03 1.623514681513235969e+00
1.176700000000000045e+03 1.621536636267022047e+00
1.177400000000000091e+03 1.629400968272284755e+00
1.177799999999999955e+03 1.631880758798789577e+00
1.178500000000000000e+03 1.628353076101284325e+00
1.178900000000000091e+03 1.631762142695613704e+00
1.179599999999999909e+03 1.642326622179317575e+00
1.180000000000000000e+03 1.643249596041873817e+00
1.180799999999999955e+03 1.653159393656274734e+00
1.181099999999999909e+03 1.639029071449436437e+00
1.181900000000000091e+03 1.630501037108857076e+00
1.182200000000000045e+03 1.646417717292045779e+00
1.183000000000000000e+03 1.647054242930044321e+00
1.183299999999999955e+03 1.659225144999296964e+00
1.184099999999999909e+03 1.660149648270283107e+00
1.184400000000000091e+03 1.648051473095082597e+00
1.185200000000000045e+03 1.665197704617191299e+00
1.185500000000000000e+03 1.664387952226707101e+00
1.186299999999999955e+03 1.666939135106430436e+00
1.186599999999999909e+03 1.669614245893418447e+00
1.187400000000000091e+03 1.674550194432400163e+00
1.187700000000000045e+03 1.675333012183909398e+00
1.188500000000000000e+03 1.691675758801231888e+00
1.188799999999999955e+03 1.682339845914474274e+00
1.189599999999999909e+03 1.689982140874921601e+00
1.189900000000000091e+03 1.677112809513239933e+00
1.190700000000000045e+03 1.686242582722977890e+00
1.191000000000000000e+03 1.705948997838740322e+00
1.191799999999999955e+03 1.702314893740120016e+00
1.192099999999999909e+03 1.690247246793327163e+00
1.192900000000000091e+03 1.707476078538082254e+00
1.193200000000000045e+03 1.714666674786742062e+00
1.194000000000000000e+03 1.705838696555109335e+00
1.194299999999999955e+03 1.721117672711262259e+00
1.195099999999999909e+03 1.724820649217735369e+00
1.195400000000000091e+03 1.723762483568755277e+00
1.196200000000000045e+03 1.729238200216772547e+00
1.196400000000000091e+03 1.733110919165224306e+00
1.197299999999999955e+03 1.756666272853533162e+00
1.197500000000000000e+03 1.751556271653997854e+00
1.198400000000000091e+03 1.747001959621039768e+00
1.198599999999999909e+03 1.752016555762756056e+00
1.199500000000000000e+03 1.759717452825671602e+00
1.199700000000000045e+03 1.766195158525102116e+00
1.200599999999999909e+03 1.776419123099229225e+00
1.200799999999999955e+03 1.784695380660892283e+00
1.201599999999999909e+03 1.768219303692623923e+00
1.201900000000000091e+03 1.791098331532479770e+00
1.202700000000000045e+03 1.751771537890976393e+00
1.203000000000000000e+03 1.796080533882366437e+00
1.203799999999999955e+03 1.783924643783094677e+00
1.204099999999999909e+03 1.789114540285902999e+00
1.204900000000000091e+03 1.785446473011415458e+00
1.205200000000000045e+03 1.800182976734063134e+00
1.206000000000000000e+03 1.781260388311485698e+00
1.206299999999999955e+03 1.786217102766618270e+00
1.207099999999999909e+03 1.770090602579271311e+00
1.207400000000000091e+03 1.786618769197602985e+00
1.208200000000000045e+03 1.773709583322623962e+00
1.208500000000000000e+03 1.780327013574071637e+00
1.209299999999999955e+03 1.754921432622313260e+00
1.209599999999999909e+03 1.776596851594407500e+00
1.210400000000000091e+03 1.754900471674376572e+00
1.210599999999999909e+03 1.769202007844475455e+00
1.211500000000000000e+03 1.764274010533097403e+00
1.211700000000000045e+03 1.783532794187542958e+00
1.212599999999999909e+03 1.772387707563696901e+00
1.212799999999999955e+03 1.769763988718669578e+00
1.213700000000000045e+03 1.753298902387770974e+00
1.213900000000000091e+03 1.776447487969688765e+00
1.214799999999999955e+03 1.772731687350115104e+00
1.215000000000000000e+03 1.774991013288531594e+00
1.215900000000000091e+03 1.776895072473638537e+00
1.216099999999999909e+03 1.774818990674742469e+00
1.217000000000000000e+03 1.781544456884920358e+00
1.217200000000000045e+03 1.787441257022335694e+00
1.218099999999999909e+03 1.786520273771106115e+00
1.218299999999999955e+03 1.773212403742891574e+00
1.219200000000000045e+03 1.800904127106132346e+00
1.219400000000000091e+03 1.793364798701936547e+00
1.220299999999999955e+03 1.810517765333632179e+00
1.220500000000000000e+03 1.803291847829299410e+00
1.221400000000000091e+03 1.823805791446787117e+00
1.221500000000000000e+03 1.829383384346053187e+00
1.222500000000000000e+03 1.827535883703541586e+00
1.222599999999999909e+03 1.830045539091713636e+00
1.223500000000000000e+03 1.830791077055599736e+00
1.223700000000000045e+03 1.833429868891946590e+00
1.224599999999999909e+03 1.874567260370095578e+00
1.224799999999999955e+03 1.836015474339010467e+00
1.225700000000000045e+03 1.839382416250030516e+00
1.225900000000000091e+03 1.839882293402875124e+00
1.226799999999999955e+03 1.838174231413595372e+00
1.227000000000000000e+03 1.842468031745447155e+00
1.227900000000000091e+03 1.844945302595872860e+00
1.228099999999999909e+03 1.847134315070074306e+00
1.229000000000000000e+03 1.859221208930374569e+00
1.229200000000000045e+03 1.833056471080306116e+00
1.230099999999999909e+03 1.840600061323242054e+00
1.230299999999999955e+03 1.824095703171041638e+00
1.231200000000000045e+03 1.843051595588593550e+00
1.231299999999999955e+03 1.827945952338824842e+00
1.232299999999999955e+03 1.826803594197647929e+00
1.232400000000000091e+03 1.828745370691449379e+00
1.233400000000000091e+03 1.827801210318948488e+00
1.233500000000000000e+03 1.836751020426438563e+00
1.234500000000000000e+03 1.814083977617282573e+00
1.234599999999999909e+03 1.814926704172600047e+00
1.235500000000000000e+03 1.804987503986604125e+00
1.235700000000000045e+03 1.801102159162679461e+00
1.236599999999999909e+03 1.793796647619150031e+00
1.236799999999999955e+03 1.789185361924240603e+00
1.237700000000000045e+03 1.794105923066485753e+00
1.237900000000000091e+03 1.789443727883528901e+00
1.238799999999999955e+03 1.770400863143501979e+00
1.238900000000000091e+03 1.776369136420392181e+00
1.239900000000000091e+03 1.771156177080577265e+00
1.240000000000000000e+03 1.760866236752019365e+00
1.241000000000000000e+03 1.747083039792680870e+00
1.241099999999999909e+03 1.756897817998906319e+00
1.242099999999999909e+03 1.729865790223546806e+00
1.242200000000000045e+03 1.755638451108195497e+00
1.243200000000000045e+03 1.717585956547661663e+00
1.243299999999999955e+03 1.727380184561147836e+00
1.244299999999999955e+03 1.719856939809160767e+00
1.244400000000000091e+03 1.733300276685248775e+00
1.245299999999999955e+03 1.716338436643675580e+00
1.245500000000000000e+03 1.707713036879160429e+00
1.246400000000000091e+03 1.690517551960947440e+00
1.246500000000000000e+03 1.695105949703390236e+00
1.247500000000000000e+03 1.669788971355744112e+00
1.247599999999999909e+03 1.696931105060472733e+00
1.248599999999999909e+03 1.666500824066932562e+00
1.248700000000000045e+03 1.680566000140579330e+00
1.249700000000000045e+03 1.643777083484204926e+00
1.249799999999999955e+03 1.658538490938676668e+00
1.250799999999999955e+03 1.642026871588677661e+00
1.250900000000000091e+03 1.643707380676140861e+00
1.251900000000000091e+03 1.650994378614709213e+00
1.252000000000000000e+03 1.649423510288879680e+00
1.252900000000000091e+03 1.636822508808230658e+00
1.253000000000000000e+03 1.633874693200177752e+00
1.254000000000000000e+03 1.607038304416100738e+00
1.254099999999999909e+03 1.618284172749132166e+00
1.255099999999999909e+03 1.607550072985562739e+00
1.255200000000000045e+03 1.617293486931012936e+00
1.256200000000000045e+03 1.592927650002308848e+00
1.256299999999999955e+03 1.599846989807920838e+00
1.257299999999999955e+03 1.613920028954173969e+00
1.257400000000000091e+03 1.623240712101644334e+00
1.258400000000000091e+03 1.594873338387020834e+00
1.258500000000000000e+03 1.599426846211867259e+00
1.259500000000000000e+03 1.595622885046707351e+00
1.260500000000000000e+03 1.622895807044438810e+00
1.260599999999999909e+03 1.577946688374798789e+00
1.261599999999999909e+03 1.613215616964389865e+00
1.261700000000000045e+03 1.598784236029797245e+00
1.262700000000000045e+03 1.598982475736417497e+00
1.262799999999999955e+03 1.597670585139016497e+00
1.263799999999999955e+03 1.603838686386552359e+00
1.263900000000000091e+03 1.592964341344095480e+00
1.264900000000000091e+03 1.597375655417841323e+00
1.266000000000000000e+03 1.590268198832771818e+00
1.267000000000000000e+03 1.605111480779339628e+00
1.267099999999999909e+03 1.606476008506427355e+00
1.268099999999999909e+03 1.593570717304231277e+00
1.268200000000000045e+03 1.590981264143738416e+00
1.269200000000000045e+03 1.606938796485176013e+00
1.269299999999999955e+03 1.587691946768617246e+00
1.270299999999999955e+03 1.595907005206928853e+00
1.271400000000000091e+03 1.607162009286037696e+00
1.272400000000000091e+03 1.596558157816888812e+00
1.272500000000000000e+03 1.592441840558412869e+00
1.273500000000000000e+03 1.607220232090676548e+00
1.273599999999999909e+03 1.582392089928858381e+00
1.274599999999999909e+03 1.602041584957506704e+00
1.274700000000000045e+03 1.604099353506142522e+00
1.275700000000000045e+03 1.592718246259380077e+00
1.276799999999999955e+03 1.596715850479659471e+00
1.277799999999999955e+03 1.619361716393032280e+00
1.277900000000000091e+03 1.584922042814384646e+00
1.278900000000000091e+03 1.601467242367824451e+00
1.279000000000000000e+03 1.597149569712584816e+00
1.280000000000000000e+03 1.614194384161817597e+00
1.280099999999999909e+03 1.602071780639955367e+00
1.281099999999999909e+03 1.613974733916583970e+00
1.282200000000000045e+03 1.624938304092915509e+00
1.283200000000000045e+03 1.641737423032001875e+00
1.283299999999999955e+03 1.601655308310959258e+00
1.284299999999999955e+03 1.639197636865376673e+00
1.284400000000000091e+03 1.610364438536987297e+00
1.285400000000000091e+03 1.640747201716687975e+00
1.286500000000000000e+03 1.650144068367263461e+00
1.287599999999999909e+03 1.648134249832197362e+00
1.288599999999999909e+03 1.682080056083635755e+00
1.288700000000000045e+03 1.641868282803465195e+00
1.289700000000000045e+03 1.668617841029081950e+00
1.290799999999999955e+03 1.669818873058680042e+00
1.291900000000000091e+03 1.678307578089648811e+00
1.292900000000000091e+03 1.679647975535532245e+00
1.293000000000000000e+03 1.663260060644237148e+00
1.294000000000000000e+03 1.686887401365015693e+00
1.295099999999999909e+03 1.698915523080040790e+00
1.296200000000000045e+03 1.684665931680449535e+00
1.297200000000000045e+03 1.728776718852201633e+00
1.297299999999999955e+03 1.673274463291556158e+00
1.298299999999999955e+03 1.732249240352632835e+00
1.298400000000000091e+03 1.683115600420957758e+00
1.299400000000000091e+03 1.710497881768693995e+00
1.300500000000000000e+03 1.718719200337432529e+00
1.301500000000000000e+03 1.740102179039912489e+00
1.301599999999999909e+03 1.715998512576621504e+00
1.302599999999999909e+03 1.722753585620646177e+00
1.303700000000000045e+03 1.725154337236218582e+00
1.304799999999999955e+03 1.733772541774553977e+00
1.305799999999999955e+03 1.763404930289817374e+00
1.305900000000000091e+03 1.724395684165947795e+00
1.306900000000000091e+03 1.757945946954436511e+00
1.308000000000000000e+03 1.757870903228661241e+00
1.309099999999999909e+03 1.756991412962208177e+00
1.310099999999999909e+03 1.785392542130181281e+00
1.310200000000000045e+03 1.762194441576810933e+00
1.311200000000000045e+03 1.763501624430320769e+00
1.312299999999999955e+03 1.783259313835547477e+00
1.313299999999999955e+03 1.797879880902728544e+00
1.314400000000000091e+03 1.780916257576462769e+00
1.315500000000000000e+03 1.794826724629630332e+00
1.316599999999999909e+03 1.775061978070590518e+00
1.317599999999999909e+03 1.786733258290377657e+00
1.318700000000000045e+03 1.769896089700196296e+00
1.319799999999999955e+03 1.784482191471638224e+00
1.320799999999999955e+03 1.776356903047379143e+00
1.321900000000000091e+03 1.788564047637525301e+00
1.323000000000000000e+03 1.778173938886167704e+00
1.324000000000000000e+03 1.784175754083850762e+00
1.325099999999999909e+03 1.814295428531527143e+00
1.326200000000000045e+03 1.788093079964622412e+00
1.327299999999999955e+03 1.802380749903551793e+00
1.328299999999999955e+03 1.815178905722166558e+00
1.329400000000000091e+03 1.824419652285217852e+00
1.330500000000000000e+03 1.826903890214202297e+00
1.331500000000000000e+03 1.823014848360256179e+00
1.332599999999999909e+03 1.824396551347191586e+00
1.333700000000000045e+03 1.811361999921893062e+00
1.334700000000000045e+03 1.810082095946559777e+00
1.335799999999999955e+03 1.801201907622069776e+00
1.336900000000000091e+03 1.819727589590007355e+00
1.337900000000000091e+03 1.816847640767816019e+00
1.339000000000000000e+03 1.838091374632177866e+00
1.340099999999999909e+03 1.836753369422601923e+00
1.341099999999999909e+03 1.824580365212311373e+00
1.342200000000000045e+03 1.825942644029083795e+00
1.343299999999999955e+03 1.823509175265326743e+00
1.344299999999999955e+03 1.805454307806083847e+00
1.345400000000000091e+03 1.799333940436885992e+00
1.346400000000000091e+03 1.790493846090060792e+00
1.347500000000000000e+03 1.804259282816483623e+00
1.348599999999999909e+03 1.791954044671767221e+00
1.349599999999999909e+03 1.779512833239084602e+00
1.350700000000000045e+03 1.778905426006369694e+00
1.351799999999999955e+03 1.763836496757446470e+00
1.352799999999999955e+03 1.759580777529646589e+00
1.353900000000000091e+03 1.745228383139699302e+00
1.355000000000000000e+03 1.728203488433654567e+00
1.356000000000000000e+03 1.739353887961451850e+00
1.357099999999999909e+03 1.739121956581662687e+00
1.358099999999999909e+03 1.738183791261078692e+00
1.359200000000000045e+03 1.737195469144289461e+00
1.360299999999999955e+03 1.734026344625533289e+00
1.361299999999999955e+03 1.727327595265607751e+00
1.362400000000000091e+03 1.725364824761130844e+00
1.363400000000000091e+03 1.711966467935331249e+00
1.364500000000000000e+03 1.692474549884648072e+00
1.365599999999999909e+03 1.686401066272653848e+00
1.366599999999999909e+03 1.690553331547909099e+00
1.367700000000000045e+03 1.695053031453674697e+00
1.368700000000000045e+03 1.705657473231545040e+00
1.369799999999999955e+03 1.681917980399863399e+00
1.370900000000000091e+03 1.683781974509247714e+00
1.371900000000000091e+03 1.683496918657001018e+00
1.373000000000000000e+03 1.701704018809680141e+00
1.374000000000000000e+03 1.681033842240417853e+00
1.375099999999999909e+03 1.694844297413630407e+00
1.376200000000000045e+03 1.677799749858953415e+00
1.377200000000000045e+03 1.696939519580801914e+00
1.378299999999999955e+03 1.703491240339534141e+00
1.379299999999999955e+03 1.674369969674486702e+00
1.380400000000000091e+03 1.684086769694408403e+00
1.381400000000000091e+03 1.696522070488790890e+00
1.382500000000000000e+03 1.703640607720392053e+00
1.383599999999999909e+03 1.689581130200410897e+00
1.384599999999999909e+03 1.708568957343997274e+00
1.385700000000000045e+03 1.702783773337595230e+00
1.386700000000000045e+03 1.685309158172193289e+00
1.387799999999999955e+03 1.708271690695113199e+00
1.388799999999999955e+03 1.679567443544405236e+00
1.389900000000000091e+03 1.690334839697253955e+00
1.390900000000000091e+03 1.701109856720105729e+00
1.392000000000000000e+03 1.693228589375832094e+00
1.393000000000000000e+03 1.704341804879175415e+00
1.394099999999999909e+03 1.708707527532670412e+00
1.395200000000000045e+03 1.697786925986055850e+00
1.396200000000000045e+03 1.687156960880864309e+00
1.397299999999999955e+03 1.703039638071874640e+00
1.398299999999999955e+03 1.700179015890197487e+00
1.399400000000000091e+03 1.696711102778118541e+00
1.400400000000000091e+03 1.688872761095424391e+00
1.401500000000000000e+03 1.677123745573373625e+00
1.402500000000000000e+03 1.674566828864617163e+00
1.403599999999999909e+03 1.670264435126389113e+00
1.404599999999999909e+03 1.681610360651685454e+00
1.405700000000000045e+03 1.667027743436922949e+00
1.406700000000000045e+03 1.681842364570863113e+00
1.407799999999999955e+03 1.666085721557610810e+00
1.408799999999999955e+03 1.652193538484088675e+00
1.409900000000000091e+03 1.659969924380495954e+00
1.410900000000000091e+03 1.676743945650026602e+00
1.412000000000000000e+03 1.648999032478650761e+00
1.413000000000000000e+03 1.653633748720755969e+00
1.414099999999999909e+03 1.684300204380609456e+00
1.415099999999999909e+03 1.659852378603264622e+00
1.416200000000000045e+03 1.649317767274648849e+00
1.417200000000000045e+03 1.649741435962123859e+00
1.418299999999999955e+03 1.647984216367026855e+00
1.419299999999999955e+03 1.623439186013269309e+00
1.420400000000000091e+03 1.645256989080249310e+00
1.421400000000000091e+03 1.646604027911280133e+00
1.422500000000000000e+03 1.635139986693031844e+00
1.423500000000000000e+03 1.646093099513625146e+00
1.424599999999999909e+03 1.603306221617490479e+00
1.425599999999999909e+03 1.614212486911578592e+00
1.426599999999999909e+03 1.589388637851866237e+00
1.427700000000000045e+03 1.593874799421734600e+00
1.428700000000000045e+03 1.621449446568671737e+00
1.429799999999999955e+03 1.593251453219560299e+00
1.430799999999999955e+03 1.573631414076869239e+00
1.431900000000000091e+03 1.590029620055665172e+00
1.432900000000000091e+03 1.601183555794045477e+00
1.434000000000000000e+03 1.590702249912119948e+00
1.435000000000000000e+03 1.604471145881029237e+00
1.436099999999999909e+03 1.590597799069881413e+00
1.437099999999999909e+03 1.593633566499915943e+00
1.438099999999999909e+03 1.588710455856856996e+00
1.439200000000000045e+03 1.603030623778915364e+00
1.440200000000000045e+03 1.606222529955362743e+00
1.441299999999999955e+03 1.613813403738688645e+00
1.442299999999999955e+03 1.616105615659611638e+00
1.443400000000000091e+03 1.643352128000345136e+00
1.444400000000000091e+03 1.606312904246492534e+00
1.445400000000000091e+03 1.635153556950972087e+00
1.446500000000000000e+03 1.641340316529142251e+00
1.447500000000000000e+03 1.645546558429281436e+00
1.448599999999999909e+03 1.669060870529772922e+00
1.449599999999999909e+03 1.669851256747214352e+00
1.450700000000000045e+03 1.696074520488312309e+00
1.451700000000000045e+03 1.710784326076372430e+00
1.452700000000000045e+03 1.727897100319565782e+00
1.453799999999999955e+03 1.748764171847182691e+00
1.454799999999999955e+03 1.764312504584722330e+00
1.455900000000000091e+03 1.777235842756222040e+00
1.456900000000000091e+03 1.781323164414700289e+00
1.457900000000000091e+03 1.759481598076961140e+00
1.459000000000000000e+03 1.763634200283012543e+00
1.460000000000000000e+03 1.757947139891556931e+00
1.461099999999999909e+03 1.745223252981141338e+00
1.462099999999999909e+03 1.756703476474049230e+00
1.463099999999999909e+03 1.743730807971556773e+00
1.464200000000000045e+03 1.725869683456100256e+00
1.465200000000000045e+03 1.725695945456598324e+00
1.466200000000000045e+03 1.720012148275388064e+00
1.467299999999999955e+03 1.713611653270197044e+00
1.468299999999999955e+03 1.726610989715832600e+00
1.469400000000000091e+03 1.745770844258512922e+00
1.470400000000000091e+03 1.732783371207590850e+00
1.471400000000000091e+03 1.744683678996135523e+00
1.472500000000000000e+03 1.752300505715691514e+00
1.473500000000000000e+03 1.737513950346887048e+00
1.474500000000000000e+03 1.719377396394150326e+00
1.475599999999999909e+03 1.708519871767063547e+00
1.476599999999999909e+03 1.707219998890371127e+00
1.477599999999999909e+03 1.708460164503878609e+00
1.478700000000000045e+03 1.675732024423187694e+00
1.479700000000000045e+03 1.680018751817677902e+00
1.480799999999999955e+03 1.676235072422153749e+00
1.481799999999999955e+03 1.684416869548352347e+00
1.482799999999999955e+03 1.662126707282117755e+00
1.483900000000000091e+03 1.673842754274658784e+00
1.484900000000000091e+03 1.677340102314165637e+00
1.485900000000000091e+03 1.693155051299903846e+00
1.487000000000000000e+03 1.654140231947367257e+00
1.488000000000000000e+03 1.677052895920476461e+00
1.489000000000000000e+03 1.642977700132428387e+00
1.490099999999999909e+03 1.648967133458249190e+00
1.491099999999999909e+03 1.650992802933492154e+00
1.492099999999999909e+03 1.662480814448827227e+00
1.493200000000000045e+03 1.659864744998664987e+00
1.494200000000000045e+03 1.667656501312460238e+00
1.495200000000000045e+03 1.657898021019956536e+00
1.496200000000000045e+03 1.634294250276637772e+00
1.497299999999999955e+03 1.658024224132138569e+00
1.498299999999999955e+03 1.682247320165600080e+00
1.499299999999999955e+03 1.683165943483701188e+00
1.500400000000000091e+03 1.657045951234425329e+00
1.501400000000000091e+03 1.679428392576842510e+00
1.502400000000000091e+03 1.678326157901617099e+00
1.503500000000000000e+03 1.675716545422197390e+00
1.504500000000000000e+03 1.692749834520145047e+00
1.505500000000000000e+03 1.695250878705951258e+00
1.506500000000000000e+03 1.695229326670719683e+00
1.507599999999999909e+03 1.694546063393427726e+00
1.508599999999999909e+03 1.710813525430383342e+00
1.509599999999999909e+03 1.708470377547356644e+00
1.510700000000000045e+03 1.718679310885687705e+00
1.511700000000000045e+03 1.742634653391396338e+00
1.512700000000000045e+03 1.738986975396981105e+00
1.513700000000000045e+03 1.746033879395856747e+00
1.514799999999999955e+03 1.750725043006720050e+00
1.515799999999999955e+03 1.743560721585237783e+00
1.516799999999999955e+03 1.773052102514834028e+00
1.517900000000000091e+03 1.784075816508100987e+00
1.518900000000000091e+03 1.779165700003014106e+00
1.519900000000000091e+03 1.781398255565451727e+00
1.520900000000000091e+03 1.793155032014101868e+00
1.522000000000000000e+03 1.796780008243808791e+00
1.523000000000000000e+03 1.806196745859080632e+00
1.524000000000000000e+03 1.780123020803607181e+00
1.525000000000000000e+03 1.803844459760121532e+00
1.526099999999999909e+03 1.798525212723518507e+00
1.527099999999999909e+03 1.798998606919929300e+00
1.528099999999999909e+03 1.792854934674705802e+00
1.529099999999999909e+03 1.781790686364560949e+00
1.530200000000000045e+03 1.751002288842075538e+00
1.531200000000000045e+03 1.759861228347727069e+00
1.532200000000000045e+03 1.763292036573976374e+00
1.533200000000000045e+03 1.742055414059279661e+00
1.534299999999999955e+03 1.717418523982047418e+00
1.535299999999999955e+03 1.713561785783076719e+00
1.536299999999999955e+03 1.709887666848444621e+00
1.537299999999999955e+03 1.698559021388783119e+00
1.538299999999999955e+03 1.685876014939706513e+00
1.539400000000000091e+03 1.685984769794436344e+00
1.540400000000000091e+03 1.684572792104380490e+00
1.541400000000000091e+03 1.670555364883925309e+00
1.542400000000000091e+03 1.676670853972224151e+00
1.543500000000000000e+03 1.662672502756441073e+00
1.544500000000000000e+03 1.637078770645523207e+00
1.545500000000000000e+03 1.661491878422362678e+00
1.546500000000000000e+03 1.656567983777821551e+00
1.547500000000000000e+03 1.659167400660177316e+00
1.548599999999999909e+03 1.653754479302430580e+00
1.549599999999999909e+03 1.662700066644938746e+00
1.550599999999999909e+03 1.668416104316747139e+00
1.551599999999999909e+03 1.651932532417686339e+00
1.552599999999999909e+03 1.653913650106163979e+00
1.553700000000000045e+03 1.659156217279764922e+00
1.554700000000000045e+03 1.657915672676672170e+00
1.555700000000000045e+03 1.646083194143126871e+00
1.556700000000000045e+03 1.665220374358623578e+00
1.557700000000000045e+03 1.659397141049184121e+00
1.558700000000000045e+03 1.655637047581151045e+00
1.559799999999999955e+03 1.665752193532763048e+00
1.560799999999999955e+03 1.646264310031329448e+00
1.561799999999999955e+03 1.653836556471459440e+00
1.562799999999999955e+03 1.632819601137130761e+00
1.563799999999999955e+03 1.655319956301953832e+00
1.564900000000000091e+03 1.660020418491326533e+00
1.565900000000000091e+03 1.660106630654213378e+00
1.566900000000000091e+03 1.677175288639323858e+00
1.567900000000000091e+03 1.661684328317694748e+00
1.568900000000000091e+03 1.668149708383101171e+00
1.569900000000000091e+03 1.672913350472726046e+00
1.570900000000000091e+03 1.685238982306914712e+00
1.572000000000000000e+03 1.684195061677323801e+00
1.573000000000000000e+03 1.682474696362365796e+00
1.574000000000000000e+03 1.706001186551202142e+00
1.575000000000000000e+03 1.707053046075951652e+00
1.576000000000000000e+03 1.717562064599114757e+00
1.577000000000000000e+03 1.717434710627446126e+00
1.578000000000000000e+03 1.727455101930741366e+00
1.579099999999999909e+03 1.730787019570935170e+00
1.580099999999999909e+03 1.726394768461800844e+00
1.581099999999999909e+03 1.758632494360671039e+00
1.582099999999999909e+03 1.758734820562724677e+00
1.583099999999999909e+03 1.752138408651929824e+00
1.584099999999999909e+03 1.764301343074760497e+00
1.585099999999999909e+03 1.760991467403352662e+00
1.586200000000000045e+03 1.761131650711241781e+00
1.587200000000000045e+03 1.743549245982165541e+00
1.588200000000000045e+03 1.777797085250957476e+00
1.589200000000000045e+03 1.763500708838697362e+00
1.590200000000000045e+03 1.770911852004626308e+00
1.591200000000000045e+03 1.785571143922487281e+00
1.592200000000000045e+03 1.794213320162687753e+00
1.593200000000000045e+03 1.782182972926295683e+00
1.594200000000000045e+03 1.774465856374085160e+00
1.595299999999999955e+03 1.793137185835229630e+00
1.596299999999999955e+03 1.783537719043339242e+00
1.597299999999999955e+03 1.796196375017408364e+00
1.598299999999999955e+03 1.798687388859278702e+00
1.599299999999999955e+03 1.767014562586590731e+00
1.600299999999999955e+03 1.777973797610651774e+00
1.601299999999999955e+03 1.798268427103286271e+00
1.602299999999999955e+03 1.804417494887925244e+00
1.603299999999999955e+03 1.786911640923120936e+00
1.604299999999999955e+03 1.791173993338829318e+00
1.605299999999999955e+03 1.788186901075986768e+00
1.606400000000000091e+03 1.793674158290263110e+00
1.607400000000000091e+03 1.815593309729279570e+00
1.608400000000000091e+03 1.808132420562341469e+00
1.609400000000000091e+03 1.801712022314699624e+00
1.610400000000000091e+03 1.805327887233182826e+00
1.611400000000000091e+03 1.791475604001348199e+00
1.612400000000000091e+03 1.785410580065937891e+00
1.613400000000000091e+03 1.774674745170112367e+00
1.614400000000000091e+03 1.748877079651867561e+00
1.615400000000000091e+03 1.754763164014922827e+00
1.616400000000000091e+03 1.730519087870280748e+00
1.617400000000000091e+03 1.747500470837592079e+00
1.618400000000000091e+03 1.720827848054007125e+00
1.619400000000000091e+03 1.718065350965205296e+00
1.620400000000000091e+03 1.720506248252838155e+00
1.621400000000000091e+03 1.703359544313042484e+00
1.622500000000000000e+03 1.715517495764003142e+00
1.623500000000000000e+03 1.696635250716007404e+00
1.624500000000000000e+03 1.704119403325717874e+00
1.625500000000000000e+03 1.690612777954270562e+00
1.626500000000000000e+03 1.676582802869208022e+00
1.627500000000000000e+03 1.681472322557612920e+00
1.628500000000000000e+03 1.677163676961022531e+00
1.629500000000000000e+03 1.672334624023910754e+00
1.630500000000000000e+03 1.676886140464126429e+00
1.631500000000000000e+03 1.664935685851581582e+00
1.632500000000000000e+03 1.658021789884683850e+00
1.633500000000000000e+03 1.654061596108372001e+00
1.634500000000000000e+03 1.638974486237757322e+00
1.635500000000000000e+03 1.654487257812227163e+00
1.636500000000000000e+03 1.636439561720727909e+00
1.637500000000000000e+03 1.637173360059228422e+00
1.638500000000000000e+03 1.627642162783677238e+00
1.639500000000000000e+03 1.635511123409136847e+00
1.640500000000000000e+03 1.620580229876058098e+00
1.641500000000000000e+03 1.643772972805721544e+00
1.642500000000000000e+03 1.624135811564820564e+00
1.643500000000000000e+03 1.627656236909051035e+00
1.644500000000000000e+03 1.619679386952060485e+00
1.645500000000000000e+03 1.613963887593658608e+00
1.646500000000000000e+03 1.622188298568946418e+00
1.647500000000000000e+03 1.622919139171315361e+00
1.648500000000000000e+03 1.622428527211502214e+00
1.649500000000000000e+03 1.613216460413698483e+00
1.650500000000000000e+03 1.621093460406424214e+00
1.651500000000000000e+03 1.598090806532897590e+00
1.652500000000000000e+03 1.618528581820785295e+00
1.653500000000000000e+03 1.621518442091315793e+00
1.654500000000000000e+03 1.615080009943476780e+00
1.655500000000000000e+03 1.619113222664255058e+00
1.656500000000000000e+03 1.616159332104883273e+00
1.657500000000000000e+03 1.611454472561827167e+00
1.658500000000000000e+03 1.609714819293018850e+00
1.659500000000000000e+03 1.606922606364894479e+00
1.660500000000000000e+03 1.619332912707370120e+00
1.661500000000000000e+03 1.598526805557059616e+00
1.662500000000000000e+03 1.608135135854974918e+00
1.663500000000000000e+03 1.635758374000295445e+00
1.664500000000000000e+03 1.603384696207076798e+00
1.665500000000000000e+03 1.597939417475526147e+00
1.666400000000000091e+03 1.620139147049580730e+00
1.667400000000000091e+03 1.611184804869075338e+00
1.668400000000000091e+03 1.613252135136033161e+00
1.669400000000000091e+03 1.595876914897774945e+00
1.670400000000000091e+03 1.598807313433870725e+00
1.671400000000000091e+03 1.618201552415323041e+00
1.672400000000000091e+03 1.604304870676164230e+00
1.673400000000000091e+03 1.602665215665442844e+00
1.674400000000000091e+03 1.591552783324044595e+00
1.675400000000000091e+03 1.609535528816363525e+00
1.676400000000000091e+03 1.625941125557391009e+00
1.677400000000000091e+03 1.616562173675551106e+00
1.678400000000000091e+03 1.603839477089377352e+00
1.679400000000000091e+03 1.608126561881680905e+00
1.680400000000000091e+03 1.615568029657969307e+00
1.681400000000000091e+03 1.599130578070558917e+00
1.682299999999999955e+03 1.604276779740156256e+00
1.683299999999999955e+03 1.607134903660822012e+00
1.684299999999999955e+03 1.610338308951137165e+00
1.685299999999999955e+03 1.602642524022304560e+00
1.686299999999999955e+03 1.609521967098449302e+00
1.687299999999999955e+03 1.605147438457658282e+00
1.688299999999999955e+03 1.596016716896869747e+00
1.689299999999999955e+03 1.616239828750410723e+00
1.690299999999999955e+03 1.602343259654152252e+00
1.691299999999999955e+03 1.607783366260242763e+00
1.692299999999999955e+03 1.597030320070210951e+00
1.693200000000000045e+03 1.608614695867480071e+00
1.694200000000000045e+03 1.620195518411049918e+00
1.695200000000000045e+03 1.619448711647110573e+00
1.696200000000000045e+03 1.614995193748336444e+00
1.697200000000000045e+03 1.608593853156588205e+00
1.698200000000000045e+03 1.604999871990772764e+00
1.699200000000000045e+03 1.603333892665893545e+00
1.700200000000000045e+03 1.614876138992180632e+00
1.701200000000000045e+03 1.616366630023281070e+00
1.702099999999999909e+03 1.612383178533026484e+00
1.703099999999999909e+03 1.608212658993227517e+00
1.704099999999999909e+03 1.611968391885166163e+00
1.705099999999999909e+03 1.628418372524651936e+00
1.706099999999999909e+03 1.624926595188645351e+00
1.707099999999999909e+03 1.620012090966263196e+00
1.708099999999999909e+03 1.617557372150460582e+00
1.709099999999999909e+03 1.617387365690378553e+00
1.710000000000000000e+03 1.616148015826864182e+00
1.711000000000000000e+03 1.619314200640542989e+00
1.712000000000000000e+03 1.633425210505017544e+00
1.713000000000000000e+03 1.634102549301306162e+00
1.714000000000000000e+03 1.638658416686338715e+00
1.715000000000000000e+03 1.629417520961609744e+00
1.716000000000000000e+03 1.636782948528479276e+00
1.716900000000000091e+03 1.638128259992811531e+00
1.717900000000000091e+03 1.649192347691894378e+00
1.718900000000000091e+03 1.641497011229037239e+00
1.719900000000000091e+03 1.645290109651557753e+00
1.720900000000000091e+03 1.643587387633220098e+00
1.721900000000000091e+03 1.631428641717717287e+00
1.722900000000000091e+03 1.646698903973296435e+00
1.723799999999999955e+03 1.636816425055030999e+00
1.724799999999999955e+03 1.641798259604559940e+00
1.725799999999999955e+03 1.643759130171564609e+00
1.726799999999999955e+03 1.656342031300549689e+00
1.727799999999999955e+03 1.645522766431988471e+00
1.728799999999999955e+03 1.635219623422302426e+00
1.729700000000000045e+03 1.641036428095899113e+00
1.730700000000000045e+03 1.641168864159965102e+00
1.731700000000000045e+03 1.631178731889847411e+00
1.732700000000000045e+03 1.636608510227887781e+00
1.733700000000000045e+03 1.635107853846069270e+00
1.734599999999999909e+03 1.637322032593730103e+00
1.735599999999999909e+03 1.632068893214353666e+00
1.736599999999999909e+03 1.628222084957987814e+00
1.737599999999999909e+03 1.631820747281399697e+00
1.738599999999999909e+03 1.614625138618328126e+00
1.739599999999999909e+03 1.628325176130632546e+00
1.740500000000000000e+03 1.616606023310481310e+00
1.741500000000000000e+03 1.616956181775910384e+00
1.742500000000000000e+03 1.630271734117441751e+00
1.743500000000000000e+03 1.605705249413893476e+00
1.744500000000000000e+03 1.615619134135793056e+00
1.745400000000000091e+03 1.611826777643412090e+00
1.746400000000000091e+03 1.599479616963773498e+00
1.747400000000000091e+03 1.605622018030769871e+00
1.748400000000000091e+03 1.612643659371461702e+00
1.749299999999999955e+03 1.607192755328902933e+00
1.750299999999999955e+03 1.613834727012589676e+00
1.751299999999999955e+03 1.601409082905729475e+00
1.752299999999999955e+03 1.586292862274206517e+00
1.753200000000000045e+03 1.578196851569631853e+00
1.753299999999999955e+03 1.612511131121098895e+00
1.754200000000000045e+03 1.600378279783635005e+00
1.755200000000000045e+03 1.596025867885337624e+00
1.756200000000000045e+03 1.604347214266771404e+00
1.757200000000000045e+03 1.595334998434923879e+00
1.758099999999999909e+03 1.610169811704052378e+00
1.758200000000000045e+03 1.587765180991639768e+00
1.759099999999999909e+03 1.606446095803242491e+00
1.759200000000000045e+03 1.594169655471141755e+00
1.760099999999999909e+03 1.609095642259327885e+00
1.761099999999999909e+03 1.598032139810434460e+00
1.762000000000000000e+03 1.615413465791000647e+00
1.762099999999999909e+03 1.603331851291450949e+00
1.763000000000000000e+03 1.602962377681000028e+00
1.763099999999999909e+03 1.609061939569082833e+00
1.764000000000000000e+03 1.603134166799191407e+00
1.764099999999999909e+03 1.610691449002398246e+00
1.765000000000000000e+03 1.601827711104442109e+00
1.765099999999999909e+03 1.605397833588588119e+00
1.766000000000000000e+03 1.618871720466913633e+00
1.766099999999999909e+03 1.614334644352200643e+00
1.766900000000000091e+03 1.612826038639149973e+00
1.767099999999999909e+03 1.621993742605046585e+00
1.767900000000000091e+03 1.606552339419771380e+00
1.768099999999999909e+03 1.617085284465331396e+00
1.768900000000000091e+03 1.617568182961671264e+00
1.769000000000000000e+03 1.627126468002366266e+00
1.769900000000000091e+03 1.618174091304976248e+00
1.770000000000000000e+03 1.611359977491644946e+00
1.770799999999999955e+03 1.619093512356772457e+00
1.771000000000000000e+03 1.605603955882070499e+00
1.771799999999999955e+03 1.614425485181224085e+00
1.772000000000000000e+03 1.625582170801494364e+00
1.772799999999999955e+03 1.621519440335342122e+00
1.773000000000000000e+03 1.611263182329836452e+00
1.773700000000000045e+03 1.620880814523450120e+00
1.774000000000000000e+03 1.622865332573795838e+00
1.774700000000000045e+03 1.605884435256661247e+00
1.775000000000000000e+03 1.613580760076949394e+00
1.775700000000000045e+03 1.601939530959844094e+00
1.775900000000000091e+03 1.610084526374416347e+00
1.776700000000000045e+03 1.615319550315100772e+00
1.776900000000000091e+03 1.629707876026754709e+00
1.777599999999999909e+03 1.620250491625188083e+00
1.777900000000000091e+03 1.627904966393033392e+00
1.778599999999999909e+03 1.629265094347079446e+00
1.778900000000000091e+03 1.603599546606713888e+00
1.779599999999999909e+03 1.616571208923311520e+00
1.779900000000000091e+03 1.619761957258938123e+00
1.780599999999999909e+03 1.617990807151963750e+00
1.780900000000000091e+03 1.628109874687503122e+00
1.781500000000000000e+03 1.614537306237168623e+00
1.781900000000000091e+03 1.613769131324332751e+00
1.782500000000000000e+03 1.607821815869560300e+00
1.782799999999999955e+03 1.611781298867170253e+00
1.783500000000000000e+03 1.616846579056177680e+00
1.783799999999999955e+03 1.634376369646398652e+00
1.784400000000000091e+03 1.627276771937031130e+00
1.784799999999999955e+03 1.612663800869790443e+00
1.785400000000000091e+03 1.637499921195703978e+00
1.785799999999999955e+03 1.613943455021412010e+00
1.786400000000000091e+03 1.635677407125223581e+00
1.786799999999999955e+03 1.626004085257229725e+00
1.787400000000000091e+03 1.620367453507498112e+00
1.787799999999999955e+03 1.621908520122619102e+00
1.788299999999999955e+03 1.621531877613014094e+00
1.788700000000000045e+03 1.618668314158368204e+00
1.789299999999999955e+03 1.621950159135462810e+00
1.789700000000000045e+03 1.627458754319201395e+00
1.790299999999999955e+03 1.624674585193116361e+00
1.790700000000000045e+03 1.616001552176909772e+00
1.791200000000000045e+03 1.630245994732067993e+00
1.791700000000000045e+03 1.629354853203071052e+00
1.792200000000000045e+03 1.624478763073907928e+00
1.792700000000000045e+03 1.631506539365079611e+00
1.793200000000000045e+03 1.613654038523503420e+00
1.793599999999999909e+03 1.626354990606881046e+00
1.794200000000000045e+03 1.623462078640439676e+00
1.794599999999999909e+03 1.623129771499727259e+00
1.795099999999999909e+03 1.620491110282316294e+00
1.795599999999999909e+03 1.612241458116181692e+00
1.796099999999999909e+03 1.621449990216892401e+00
1.796599999999999909e+03 1.632771781524946064e+00
1.797099999999999909e+03 1.624544118884735378e+00
1.797599999999999909e+03 1.621835269446983085e+00
1.798000000000000000e+03 1.630314897774269856e+00
1.798500000000000000e+03 1.609272166300981022e+00
1.799000000000000000e+03 1.630491816108583958e+00
1.799500000000000000e+03 1.624240633695194447e+00
1.800000000000000000e+03 1.630108984126260818e+00
1.800500000000000000e+03 1.626036275810319509e+00
1.800900000000000091e+03 1.615133371578455268e+00
1.801500000000000000e+03 1.626924142284258412e+00
1.801900000000000091e+03 1.634683720728259848e+00
1.802500000000000000e+03 1.630996592650657329e+00
1.802900000000000091e+03 1.620386329126399128e+00
1.803400000000000091e+03 1.625976813897933804e+00
1.803799999999999955e+03 1.633969412050425563e+00
1.804400000000000091e+03 1.640162853012768762e+00
1.804799999999999955e+03 1.628095118426157617e+00
1.805400000000000091e+03 1.623001692745518199e+00
1.805799999999999955e+03 1.636429983118033560e+00
1.806400000000000091e+03 1.633778062706404022e+00
1.806700000000000045e+03 1.636827352038792815e+00
1.807400000000000091e+03 1.630293373432831316e+00
1.807700000000000045e+03 1.636489777958308078e+00
1.808299999999999955e+03 1.623941824432555192e+00
1.808700000000000045e+03 1.636138351531363666e+00
1.809299999999999955e+03 1.627910896592044576e+00
1.809599999999999909e+03 1.638477234653562986e+00
1.810299999999999955e+03 1.628303608458151697e+00
1.810599999999999909e+03 1.623679088090937306e+00
1.811299999999999955e+03 1.631894000335515793e+00
1.811599999999999909e+03 1.635728807165191867e+00
1.812200000000000045e+03 1.634226151010675698e+00
1.812500000000000000e+03 1.635689459366054255e+00
1.813200000000000045e+03 1.635299793879698926e+00
1.813500000000000000e+03 1.621209733500407424e+00
1.814200000000000045e+03 1.621909850991783308e+00
1.814500000000000000e+03 1.619343338757355699e+00
1.815200000000000045e+03 1.634027498165675496e+00
1.815400000000000091e+03 1.626669865691041439e+00
1.816200000000000045e+03 1.628289182344570207e+00
1.816400000000000091e+03 1.619010938025778223e+00
1.817099999999999909e+03 1.641111394095509102e+00
1.817400000000000091e+03 1.627587672310733646e+00
1.818099999999999909e+03 1.642858059155953843e+00
1.818299999999999955e+03 1.632730137735270759e+00
1.819099999999999909e+03 1.640310783233159153e+00
1.819299999999999955e+03 1.644910959394116023e+00
1.820099999999999909e+03 1.620600629074187449e+00
1.820299999999999955e+03 1.633790432746173638e+00
1.821000000000000000e+03 1.638590313486942840e+00
1.821200000000000045e+03 1.645603677371212603e+00
1.822000000000000000e+03 1.632447262410886335e+00
1.822200000000000045e+03 1.634288244452348993e+00
1.823000000000000000e+03 1.638636031175653152e+00
1.823200000000000045e+03 1.631277756573783044e+00
1.823900000000000091e+03 1.631408372626991232e+00
1.824099999999999909e+03 1.634047007629091386e+00
1.824900000000000091e+03 1.636519077196072924e+00
1.825099999999999909e+03 1.635910391053190249e+00
1.825900000000000091e+03 1.643419073977584022e+00
1.826000000000000000e+03 1.633432165610152920e+00
1.826900000000000091e+03 1.636537086489076920e+00
1.827000000000000000e+03 1.641260636815991880e+00
1.827799999999999955e+03 1.655611597186559036e+00
1.828000000000000000e+03 1.639141250352298851e+00
1.828799999999999955e+03 1.645502941226536953e+00
1.828900000000000091e+03 1.635572844988413932e+00
1.829799999999999955e+03 1.646315839232801004e+00
1.829900000000000091e+03 1.635803352316540948e+00
1.830799999999999955e+03 1.633512009937276410e+00
1.830900000000000091e+03 1.634405242117134671e+00
1.831700000000000045e+03 1.636652804735342803e+00
1.831799999999999955e+03 1.646766845287243486e+00
1.832700000000000045e+03 1.637107267173439462e+00
1.832799999999999955e+03 1.641751069188298162e+00
1.833700000000000045e+03 1.637009875532817960e+00
1.834599999999999909e+03 1.643979435724877813e+00
1.834700000000000045e+03 1.646072696735229712e+00
1.835599999999999909e+03 1.634753824813546697e+00
1.835700000000000045e+03 1.637617004291570089e+00
1.836599999999999909e+03 1.630541231929192092e+00
1.837599999999999909e+03 1.643470782424023557e+00
1.838500000000000000e+03 1.637294634020681761e+00
1.838599999999999909e+03 1.641873004233379563e+00
1.839500000000000000e+03 1.634928140057550383e+00
1.840500000000000000e+03 1.630931789267477949e+00
1.841400000000000091e+03 1.634298376546481135e+00
1.842400000000000091e+03 1.634860588985458607e+00
1.843400000000000091e+03 1.630008569662108053e+00
1.844299999999999955e+03 1.628726299355017337e+00
1.844400000000000091e+03 1.631825615498795568e+00
1.845299999999999955e+03 1.635219388597259682e+00
1.846200000000000045e+03 1.641993345190956521e+00
1.846299999999999955e+03 1.626172682537842862e+00
1.847200000000000045e+03 1.637001734672594466e+00
1.847299999999999955e+03 1.629547079847654567e+00
1.848200000000000045e+03 1.618106159451233816e+00
1.849099999999999909e+03 1.624323455045729725e+00
1.849200000000000045e+03 1.621392857167258894e+00
1.850099999999999909e+03 1.626247589666192317e+00
1.850200000000000045e+03 1.623345571768203932e+00
1.851000000000000000e+03 1.628725285088558961e+00
1.851099999999999909e+03 1.616663662952997127e+00
1.852000000000000000e+03 1.631030154637302276e+00
1.852099999999999909e+03 1.629438606037445059e+00
1.852900000000000091e+03 1.629889835139254561e+00
1.853099999999999909e+03 1.626554758834727110e+00
1.853900000000000091e+03 1.625484557813066333e+00
1.854000000000000000e+03 1.629084295498747892e+00
1.854900000000000091e+03 1.616903440428907546e+00
1.855000000000000000e+03 1.641897826339812072e+00
1.855799999999999955e+03 1.636162182453345215e+00
1.856000000000000000e+03 1.628946943398276392e+00
1.856799999999999955e+03 1.632148124017158475e+00
1.856900000000000091e+03 1.643409012517864198e+00
1.857700000000000045e+03 1.626686898345297339e+00
1.857900000000000091e+03 1.624520670943221168e+00
1.858700000000000045e+03 1.636706222092613183e+00
1.858900000000000091e+03 1.634679781671655618e+00
1.859599999999999909e+03 1.617064847504102731e+00
1.859799999999999955e+03 1.623922496895075396e+00
1.860599999999999909e+03 1.635484751985021079e+00
1.860799999999999955e+03 1.613893537702991932e+00
1.861599999999999909e+03 1.620776075947085060e+00
1.861799999999999955e+03 1.620119696184419755e+00
1.862500000000000000e+03 1.643599293786470739e+00
1.862700000000000045e+03 1.638459473104048714e+00
1.863500000000000000e+03 1.634012349438808798e+00
1.863700000000000045e+03 1.629366063051848279e+00
1.864400000000000091e+03 1.628443474056893603e+00
1.864599999999999909e+03 1.625881564121689271e+00
1.865400000000000091e+03 1.632181036543471908e+00
1.865599999999999909e+03 1.639575260161083792e+00
1.866299999999999955e+03 1.639396959925764063e+00
1.866599999999999909e+03 1.612439986231048117e+00
1.867299999999999955e+03 1.639882691526850511e+00
1.867500000000000000e+03 1.620559309175075624e+00
1.868200000000000045e+03 1.643300360455072440e+00
1.868500000000000000e+03 1.623090490069106995e+00
1.869200000000000045e+03 1.629404797160069585e+00
1.869500000000000000e+03 1.629797032056619965e+00
1.870200000000000045e+03 1.638688248852335327e+00
1.870400000000000091e+03 1.622228737325049686e+00
1.871099999999999909e+03 1.635216558116727503e+00
1.871400000000000091e+03 1.630595795678827509e+00
1.872099999999999909e+03 1.622085330471395137e+00
1.872400000000000091e+03 1.629026606474833994e+00
1.873000000000000000e+03 1.623932869953687907e+00
1.873299999999999955e+03 1.620230097057552943e+00
1.874000000000000000e+03 1.641680878665202181e+00
1.874299999999999955e+03 1.626655881826304606e+00
1.874900000000000091e+03 1.631876437431921012e+00
1.875200000000000045e+03 1.629839952735574693e+00
1.875900000000000091e+03 1.643088659330588452e+00
1.876200000000000045e+03 1.626519194092675979e+00
1.876799999999999955e+03 1.629293490386927834e+00
1.877200000000000045e+03 1.627743135002362562e+00
1.877799999999999955e+03 1.628664995637825630e+00
1.878099999999999909e+03 1.613577358005925388e+00
1.878700000000000045e+03 1.641393622342273373e+00
1.879099999999999909e+03 1.632960912501524975e+00
1.879700000000000045e+03 1.631843582339207233e+00
1.880000000000000000e+03 1.622630773444475816e+00
1.880700000000000045e+03 1.636384001619691109e+00
1.881000000000000000e+03 1.611224298644525321e+00
1.881599999999999909e+03 1.624120300727374344e+00
1.882000000000000000e+03 1.628131161131553428e+00
1.882599999999999909e+03 1.641497436328919868e+00
1.882900000000000091e+03 1.624920534795868843e+00
1.883500000000000000e+03 1.636947363813027412e+00
1.883900000000000091e+03 1.620999624735788514e+00
1.884500000000000000e+03 1.639182520836075518e+00
1.884799999999999955e+03 1.636701424173045316e+00
1.885400000000000091e+03 1.643998041435125845e+00
1.885799999999999955e+03 1.627550267917476479e+00
1.886400000000000091e+03 1.633458661406954837e+00
1.886799999999999955e+03 1.638755295860931049e+00
1.887299999999999955e+03 1.651491096924194935e+00
1.887700000000000045e+03 1.631815917431501006e+00
1.888299999999999955e+03 1.645379369222703891e+00
1.888700000000000045e+03 1.633250175927373871e+00
1.889200000000000045e+03 1.640565353926225045e+00
1.889599999999999909e+03 1.630886197634906498e+00
1.890200000000000045e+03 1.642728085899618273e+00
1.890599999999999909e+03 1.624721465737738235e+00
1.891099999999999909e+03 1.623475319860675947e+00
1.891599999999999909e+03 1.635483358278335908e+00
1.892099999999999909e+03 1.638682101846749894e+00
1.892500000000000000e+03 1.637174329702530073e+00
1.893000000000000000e+03 1.623490150868827309e+00
1.893500000000000000e+03 1.626331596915975952e+00
1.894000000000000000e+03 1.644972018671924996e+00
1.894400000000000091e+03 1.639158056072141934e+00
1.894900000000000091e+03 1.639163004697241854e+00
1.895400000000000091e+03 1.615425014262680259e+00
1.895900000000000091e+03 1.634287321570495166e+00
1.896299999999999955e+03 1.630112443405287381e+00
1.896799999999999955e+03 1.651070653502753061e+00
1.897299999999999955e+03 1.638451947618334348e+00
1.897799999999999955e+03 1.640362665370587614e+00
1.898299999999999955e+03 1.631332410149963108e+00
1.898700000000000045e+03 1.624715578583334485e+00
1.899200000000000045e+03 1.637162821976925642e+00
1.899700000000000045e+03 1.621009631066579804e+00
1.900200000000000045e+03 1.636272464352202638e+00
1.900599999999999909e+03 1.639163029555957607e+00
1.901099999999999909e+03 1.639045581267886131e+00
1.901599999999999909e+03 1.638433320557815653e+00
1.902099999999999909e+03 1.642385558294708003e+00
1.902500000000000000e+03 1.637354920943075998e+00
1.903000000000000000e+03 1.626964237493195409e+00
1.903500000000000000e+03 1.636845861794014478e+00
1.904000000000000000e+03 1.633988000534195795e+00
1.904400000000000091e+03 1.649580545479338634e+00
1.905000000000000000e+03 1.627898775827946620e+00
1.905400000000000091e+03 1.637904390128702925e+00
1.905900000000000091e+03 1.620730544581850285e+00
1.906299999999999955e+03 1.633960158244609717e+00
1.906900000000000091e+03 1.630551172091456058e+00
1.907299999999999955e+03 1.636649387949235201e+00
1.907799999999999955e+03 1.639847122663549150e+00
1.908200000000000045e+03 1.637520063210651022e+00
1.908799999999999955e+03 1.627802108398835212e+00
1.909200000000000045e+03 1.637490353147728950e+00
1.909700000000000045e+03 1.632389939460861195e+00
1.910099999999999909e+03 1.647041296239490027e+00
1.910700000000000045e+03 1.628412265297752848e+00
1.911099999999999909e+03 1.641164749924374666e+00
1.911599999999999909e+03 1.655148083765756173e+00
1.912000000000000000e+03 1.634200620181643027e+00
1.912599999999999909e+03 1.630557969311460464e+00
1.912900000000000091e+03 1.629276040217239263e+00
1.913500000000000000e+03 1.627179945247607673e+00
1.913900000000000091e+03 1.635409231127078034e+00
1.914500000000000000e+03 1.637348907425719258e+00
1.914799999999999955e+03 1.636593144683113010e+00
1.915400000000000091e+03 1.641139239450758458e+00
1.915799999999999955e+03 1.636322663507217889e+00
1.916400000000000091e+03 1.636351301898437249e+00
1.916700000000000045e+03 1.640120662941044749e+00
1.917299999999999955e+03 1.631578734400366493e+00
1.917700000000000045e+03 1.648357563979301998e+00
1.918299999999999955e+03 1.631762731571126057e+00
1.918599999999999909e+03 1.630090957386354455e+00
1.919299999999999955e+03 1.628669111088249188e+00
1.919599999999999909e+03 1.636705847735238084e+00
1.920200000000000045e+03 1.636576942924639955e+00
1.920500000000000000e+03 1.632284601627772558e+00
1.921200000000000045e+03 1.638095499487715934e+00
1.921500000000000000e+03 1.633776260205234143e+00
1.922099999999999909e+03 1.637250174547582038e+00
1.922400000000000091e+03 1.636575621952288007e+00
1.923099999999999909e+03 1.625794221287559793e+00
1.923299999999999955e+03 1.631833724525329599e+00
1.924000000000000000e+03 1.632675737480586919e+00
1.924299999999999955e+03 1.621758994182495695e+00
1.925000000000000000e+03 1.655707380750511382e+00
1.925200000000000045e+03 1.636226376659858595e+00
1.925900000000000091e+03 1.633295650264710019e+00
1.926200000000000045e+03 1.638909296386930059e+00
1.926900000000000091e+03 1.629411687656965757e+00
1.927099999999999909e+03 1.634967044846984185e+00
1.927799999999999955e+03 1.617287209926061564e+00
1.928099999999999909e+03 1.621074100696818565e+00
1.928799999999999955e+03 1.623886602451867889e+00
1.929000000000000000e+03 1.620111244059692979e+00
1.929700000000000045e+03 1.622062530787375279e+00
1.930000000000000000e+03 1.630423970920715115e+00
1.930700000000000045e+03 1.628879536535519534e+00
1.930900000000000091e+03 1.622291781395203136e+00
1.931599999999999909e+03 1.617354702673140743e+00
1.931799999999999955e+03 1.626544187926310947e+00
1.932599999999999909e+03 1.627324568950553108e+00
1.932799999999999955e+03 1.614558639554251496e+00
1.933500000000000000e+03 1.619863578587872111e+00
1.933700000000000045e+03 1.621980335576408638e+00
1.934400000000000091e+03 1.635010672579005231e+00
1.934700000000000045e+03 1.632559775749304887e+00
1.935400000000000091e+03 1.631985789708123580e+00
1.935599999999999909e+03 1.628372307096964011e+00
1.936299999999999955e+03 1.616841838809054410e+00
1.936599999999999909e+03 1.625490541658472843e+00
1.937299999999999955e+03 1.615860131107099917e+00
1.937500000000000000e+03 1.620032590797142458e+00
1.938200000000000045e+03 1.622430048074904096e+00
1.938400000000000091e+03 1.631227014901003303e+00
1.939200000000000045e+03 1.621106507174311595e+00
1.939400000000000091e+03 1.630786802181822148e+00
1.940099999999999909e+03 1.625681540464296804e+00
1.940299999999999955e+03 1.633503164297715582e+00
1.941099999999999909e+03 1.618861816160284128e+00
1.941299999999999955e+03 1.639932577464325636e+00
1.942000000000000000e+03 1.617204040426050815e+00
1.942200000000000045e+03 1.627131621001546957e+00
1.943000000000000000e+03 1.615740846585901780e+00
1.943200000000000045e+03 1.631179083298454291e+00
1.943900000000000091e+03 1.628650415400564100e+00
1.944099999999999909e+03 1.625983524930977087e+00
1.944900000000000091e+03 1.617817618547515934e+00
1.945000000000000000e+03 1.632275510136614205e+00
1.945799999999999955e+03 1.620990754573828907e+00
1.946000000000000000e+03 1.630802670349702055e+00
1.946799999999999955e+03 1.634493757297423411e+00
1.946900000000000091e+03 1.630265281105368169e+00
1.947700000000000045e+03 1.629029408858005068e+00
1.947900000000000091e+03 1.631960195299376304e+00
1.948599999999999909e+03 1.634263674701875280e+00
1.948799999999999955e+03 1.618287007525921473e+00
1.949599999999999909e+03 1.619964465233660889e+00
1.949700000000000045e+03 1.621480955825738368e+00
1.950500000000000000e+03 1.626507368726478164e+00
1.950700000000000045e+03 1.622460447671047357e+00
1.951500000000000000e+03 1.630663255341488815e+00
1.951599999999999909e+03 1.631234262795001166e+00
1.952400000000000091e+03 1.635566791792121499e+00
1.952599999999999909e+03 1.633715057108632518e+00
1.953400000000000091e+03 1.629222394821042252e+00
1.953500000000000000e+03 1.629528141081896475e+00
1.954299999999999955e+03 1.630081154514945174e+00
1.954400000000000091e+03 1.632023884209427012e+00
1.955299999999999955e+03 1.626885006880034235e+00
1.955400000000000091e+03 1.621170350889033385e+00
1.956200000000000045e+03 1.644746337833277172e+00
1.956299999999999955e+03 1.619967399775481098e+00
1.957099999999999909e+03 1.625493852187267274e+00
1.957299999999999955e+03 1.622295771002921549e+00
1.958099999999999909e+03 1.623974680809533444e+00
1.958200000000000045e+03 1.611266368415108508e+00
1.959000000000000000e+03 1.629666864750813904e+00
1.959099999999999909e+03 1.620287538409528105e+00
1.960000000000000000e+03 1.624275828921190268e+00
1.960099999999999909e+03 1.625788623826404100e+00
1.960900000000000091e+03 1.639038387598724000e+00
1.961000000000000000e+03 1.620153108130320208e+00
1.961900000000000091e+03 1.622375997750005849e+00
1.962799999999999955e+03 1.630006857832262179e+00
1.962900000000000091e+03 1.630883157472829970e+00
1.963700000000000045e+03 1.624808276062923440e+00
1.963799999999999955e+03 1.627111731030718600e+00
1.964700000000000045e+03 1.624976255886908971e+00
1.964799999999999955e+03 1.631518669178887437e+00
1.965599999999999909e+03 1.616632480342543587e+00
1.965700000000000045e+03 1.627936565775960132e+00
1.966599999999999909e+03 1.619215613168748957e+00
1.967500000000000000e+03 1.611668591228934133e+00
1.967599999999999909e+03 1.624003640319336750e+00
1.968400000000000091e+03 1.622951548960402501e+00
1.968500000000000000e+03 1.621165189727240330e+00
1.969400000000000091e+03 1.614357151959674663e+00
1.970299999999999955e+03 1.621694573760689817e+00
1.970400000000000091e+03 1.615741061846740712e+00
1.971299999999999955e+03 1.621885678955609533e+00
1.972200000000000045e+03 1.615055947574814743e+00
1.973099999999999909e+03 1.613624592884048692e+00
1.973200000000000045e+03 1.613492860684613950e+00
1.974099999999999909e+03 1.624239716940185430e+00
1.975000000000000000e+03 1.613840062028190081e+00
1.975099999999999909e+03 1.612152031452540157e+00
1.976000000000000000e+03 1.626463434779585659e+00
1.976900000000000091e+03 1.617390836794162068e+00
1.977799999999999955e+03 1.619291673061233228e+00
1.977900000000000091e+03 1.623113557732016154e+00
1.978799999999999955e+03 1.613851264802700802e+00
1.979700000000000045e+03 1.610696418189613066e+00
1.980700000000000045e+03 1.614827969560140408e+00
1.981599999999999909e+03 1.614947217416675240e+00
1.982500000000000000e+03 1.612904915969748387e+00
1.983500000000000000e+03 1.609203672459192935e+00
1.984400000000000091e+03 1.612016377085125463e+00
1.985299999999999955e+03 1.606825993424579435e+00
1.986299999999999955e+03 1.609821872799691578e+00
1.987200000000000045e+03 1.611041276150976254e+00
1.988099999999999909e+03 1.619084344046402224e+00
1.988200000000000045e+03 1.607821819821666498e+00
1.989099999999999909e+03 1.611069251717755169e+00
1.990000000000000000e+03 1.610243646336869006e+00
1.990900000000000091e+03 1.604041066331933330e+00
1.991000000000000000e+03 1.619156449746666837e+00
1.991900000000000091e+03 1.600178892734753777e+00
1.992799999999999955e+03 1.612777147112512077e+00
1.993700000000000045e+03 1.595680413581783252e+00
1.993799999999999955e+03 1.615010543948596666e+00
1.994700000000000045e+03 1.608563413524769281e+00
1.995599999999999909e+03 1.605099270910821163e+00
1.996500000000000000e+03 1.608779021594224368e+00
1.996599999999999909e+03 1.609332637284322409e+00
1.997500000000000000e+03 1.607858443350368871e+00
1.998400000000000091e+03 1.602519749918325687e+00
1.999299999999999955e+03 1.601090891822912976e+00
1.999400000000000091e+03 1.614988960687859132e+00
2.000299999999999955e+03 1.608050139184477700e+00
2.001200000000000045e+03 1.603343559792693496e+00
2.002099999999999909e+03 1.601027693346513736e+00
2.002200000000000045e+03 1.599327428998523537e+00
2.003000000000000000e+03 1.594110496313888570e+00
2.003099999999999909e+03 1.610377494313625091e+00
2.004000000000000000e+03 1.601389190534695528e+00
2.004900000000000091e+03 1.601158928882486565e+00
2.005000000000000000e+03 1.610177714209143796e+00
2.005799999999999955e+03 1.597580591016410700e+00
2.005900000000000091e+03 1.601774813894850436e+00
2.006799999999999955e+03 1.598693448963945052e+00
2.007700000000000045e+03 1.589974623795066044e+00
2.007799999999999955e+03 1.604701567744129198e+00
2.008599999999999909e+03 1.601164560318624641e+00
2.008700000000000045e+03 1.609908855932112193e+00
2.009599999999999909e+03 1.603879491636743815e+00
2.010500000000000000e+03 1.599505035141862486e+00
2.010599999999999909e+03 1.606617447870368309e+00
2.011400000000000091e+03 1.600732576193496959e+00
2.011500000000000000e+03 1.618342909191607726e+00
2.012299999999999955e+03 1.591258553055462821e+00
2.012400000000000091e+03 1.603672711710369070e+00
2.013299999999999955e+03 1.605398179670594283e+00
2.013400000000000091e+03 1.615748804426574647e+00
2.014200000000000045e+03 1.604334733329609186e+00
2.014299999999999955e+03 1.613212513905264434e+00
2.015099999999999909e+03 1.614513347651129305e+00
2.015200000000000045e+03 1.620023773567866865e+00
2.016099999999999909e+03 1.610111221678267368e+00
2.017000000000000000e+03 1.604648546654403374e+00
2.017099999999999909e+03 1.620150302536904396e+00
2.017900000000000091e+03 1.612168144857775820e+00
2.018000000000000000e+03 1.616436843429671644e+00
2.018799999999999955e+03 1.606158370451719941e+00
2.018900000000000091e+03 1.620766129783530962e+00
2.019799999999999955e+03 1.601821616492253408e+00
2.019900000000000091e+03 1.614396518954962279e+00
2.020700000000000045e+03 1.596529343966001102e+00
2.020799999999999955e+03 1.623009510640913922e+00
2.021599999999999909e+03 1.618644017698356308e+00
2.021700000000000045e+03 1.614168782010733549e+00
2.022599999999999909e+03 1.605431963259377426e+00
2.022700000000000045e+03 1.618064803653419315e+00
2.023500000000000000e+03 1.603473968066458033e+00
2.023599999999999909e+03 1.622697458870481224e+00
2.024400000000000091e+03 1.607889484229764410e+00
2.024500000000000000e+03 1.614930072424676677e+00
2.025299999999999955e+03 1.598945561118970016e+00
2.025400000000000091e+03 1.627228744696017415e+00
2.026299999999999955e+03 1.613482272982823984e+00
2.026400000000000091e+03 1.623557832023034608e+00
2.027200000000000045e+03 1.608265347875919460e+00
2.027299999999999955e+03 1.620996098999493151e+00
2.028099999999999909e+03 1.608860614301787839e+00
2.028200000000000045e+03 1.625179230796806706e+00
2.029000000000000000e+03 1.612261513421031189e+00
2.029099999999999909e+03 1.625026887844075230e+00
2.030000000000000000e+03 1.595142222421159328e+00
2.030099999999999909e+03 1.608697368607844513e+00
2.030900000000000091e+03 1.602211455251850936e+00
2.031000000000000000e+03 1.617154886662178992e+00
2.031900000000000091e+03 1.613714355249302734e+00
2.032900000000000091e+03 1.609139778918585506e+00
2.033799999999999955e+03 1.615843697203120044e+00
2.034700000000000045e+03 1.632516611236442872e+00
2.035599999999999909e+03 1.629247293888675507e+00
2.036599999999999909e+03 1.614491880280527702e+00
2.037500000000000000e+03 1.615538190873162749e+00
2.038400000000000091e+03 1.617522059864944906e+00
2.039299999999999955e+03 1.607261339171158987e+00
2.040299999999999955e+03 1.626753613857929714e+00
2.041200000000000045e+03 1.608191926401571159e+00
2.042099999999999909e+03 1.622219237476821618e+00
2.043000000000000000e+03 1.609671506616344727e+00
2.044000000000000000e+03 1.619171860589671219e+00
2.044900000000000091e+03 1.618866399025485681e+00
2.045799999999999955e+03 1.612520944334030037e+00
2.046700000000000045e+03 1.613525804880064696e+00
2.047700000000000045e+03 1.621697043632192692e+00
2.048599999999999909e+03 1.614580162339267710e+00
2.049500000000000000e+03 1.614629255850791312e+00
2.050400000000000091e+03 1.604855702967820097e+00
2.051300000000000182e+03 1.609048841060939150e+00
2.052300000000000182e+03 1.602850207784833669e+00
2.053199999999999818e+03 1.600612200631189586e+00
2.054099999999999909e+03 1.617266571680822995e+00
2.055000000000000000e+03 1.609351499369530591e+00
2.056000000000000000e+03 1.613528399554798654e+00
2.056900000000000091e+03 1.614677165179999818e+00
2.057800000000000182e+03 1.616011223120634277e+00
2.058699999999999818e+03 1.602207101201873263e+00
2.059599999999999909e+03 1.603341142996390412e+00
2.060599999999999909e+03 1.603525028193284685e+00
2.061500000000000000e+03 1.607679997778360237e+00
2.062400000000000091e+03 1.603501327719232483e+00
2.063300000000000182e+03 1.613330911541285495e+00
2.064199999999999818e+03 1.612742048338225098e+00
2.065199999999999818e+03 1.604948936513758362e+00
2.066099999999999909e+03 1.608897491607161223e+00
2.067000000000000000e+03 1.610000213795679036e+00
2.067900000000000091e+03 1.605790661511161899e+00
2.068800000000000182e+03 1.609539326124319603e+00
2.069800000000000182e+03 1.605508883082598759e+00
2.070699999999999818e+03 1.606215106986589980e+00
2.071599999999999909e+03 1.600276092997509281e+00
2.072500000000000000e+03 1.604958440854762136e+00
2.073400000000000091e+03 1.602804579880166447e+00
2.074300000000000182e+03 1.608430209001994848e+00
2.075300000000000182e+03 1.610255699691615305e+00
2.076199999999999818e+03 1.613977198410557756e+00
2.077099999999999909e+03 1.617506004130315089e+00
2.078000000000000000e+03 1.617041326172785398e+00
2.078900000000000091e+03 1.602696750851419161e+00
2.079800000000000182e+03 1.599748653860502801e+00
2.080800000000000182e+03 1.611436994056318017e+00
2.081699999999999818e+03 1.610953519619022556e+00
2.082599999999999909e+03 1.607421813711496394e+00
2.083500000000000000e+03 1.613398219413799684e+00
2.084400000000000091e+03 1.610237693670405035e+00
2.085300000000000182e+03 1.614305224023876217e+00
2.086300000000000182e+03 1.604661567186230098e+00
2.087199999999999818e+03 1.607197722280312435e+00
2.088099999999999909e+03 1.598301983035358642e+00
2.089000000000000000e+03 1.609021894022502730e+00
2.089900000000000091e+03 1.610023601364999113e+00
2.090800000000000182e+03 1.599585500842192420e+00
2.091699999999999818e+03 1.612015899040132094e+00
2.092699999999999818e+03 1.610909014967164321e+00
2.093599999999999909e+03 1.611323371863674137e+00
2.094500000000000000e+03 1.614786073529671961e+00
2.095400000000000091e+03 1.618246218919613622e+00
2.096300000000000182e+03 1.608153841849018439e+00
2.097199999999999818e+03 1.607406572724227267e+00
2.098099999999999909e+03 1.608564287694605577e+00
2.099000000000000000e+03 1.605899215682561554e+00
2.100000000000000000e+03 1.605139168046836984e+00
2.100900000000000091e+03 1.608768991873415377e+00
2.101800000000000182e+03 1.607046013386187688e+00
2.102699999999999818e+03 1.610861176635672631e+00
2.103599999999999909e+03 1.617159322784473829e+00
2.104500000000000000e+03 1.607585936070689225e+00
2.105400000000000091e+03 1.610435951417677813e+00
2.106300000000000182e+03 1.614622434889160463e+00
2.107199999999999818e+03 1.617084968364163489e+00
2.108199999999999818e+03 1.615334649514904575e+00
2.109099999999999909e+03 1.611857162308627078e+00
2.110000000000000000e+03 1.616224077734591758e+00
2.110900000000000091e+03 1.611397510625013574e+00
2.111800000000000182e+03 1.611545127404280020e+00
2.112699999999999818e+03 1.613221775460329299e+00
2.113599999999999909e+03 1.615087132404422032e+00
2.114500000000000000e+03 1.618866251800904488e+00
2.115400000000000091e+03 1.621876621903817428e+00
2.116300000000000182e+03 1.618365689448827416e+00
2.117199999999999818e+03 1.621945478182867939e+00
2.118199999999999818e+03 1.621303307905076041e+00
2.119099999999999909e+03 1.621232943568036156e+00
2.120000000000000000e+03 1.620775289722729884e+00
2.120900000000000091e+03 1.627031826072525167e+00
2.121800000000000182e+03 1.626184362045990817e+00
2.122699999999999818e+03 1.629749564739628731e+00
2.123599999999999909e+03 1.616795763740903169e+00
2.124500000000000000e+03 1.626693015227965944e+00
2.125400000000000091e+03 1.617761324512146048e+00
2.126300000000000182e+03 1.616125396656875379e+00
2.127199999999999818e+03 1.623712072560224762e+00
2.128099999999999909e+03 1.617840324912342087e+00
2.129000000000000000e+03 1.621193310440559587e+00
2.129900000000000091e+03 1.626275519636564137e+00
2.130900000000000091e+03 1.623084145793982414e+00
2.131800000000000182e+03 1.612191249484227207e+00
2.132699999999999818e+03 1.614185618510541209e+00
2.133599999999999909e+03 1.619835199619453325e+00
2.134500000000000000e+03 1.610658031894320663e+00
2.135400000000000091e+03 1.614184438593944559e+00
2.136300000000000182e+03 1.607114771057351899e+00
2.137199999999999818e+03 1.612754929429899509e+00
2.138099999999999909e+03 1.612998543643113347e+00
2.139000000000000000e+03 1.608998728704591930e+00
2.139900000000000091e+03 1.610970529132452311e+00
2.140800000000000182e+03 1.614868346286111089e+00
2.141699999999999818e+03 1.610857139449681785e+00
2.142599999999999909e+03 1.602597222749364114e+00
2.143500000000000000e+03 1.605328872872092472e+00
2.144400000000000091e+03 1.608637601225330505e+00
2.145300000000000182e+03 1.607698062631445657e+00
2.146199999999999818e+03 1.610230393901249224e+00
2.147099999999999909e+03 1.605808832575899459e+00
2.148000000000000000e+03 1.608915324310387085e+00
2.148900000000000091e+03 1.603519770637768183e+00
2.149800000000000182e+03 1.611645207750629138e+00
2.150699999999999818e+03 1.618998034649869355e+00
2.151599999999999909e+03 1.601993714971296612e+00
2.152500000000000000e+03 1.617655952706379630e+00
2.153400000000000091e+03 1.605279902970416117e+00
2.154300000000000182e+03 1.614560330420672152e+00
2.155199999999999818e+03 1.607783492692514971e+00
2.156099999999999909e+03 1.607580460186010418e+00
2.157000000000000000e+03 1.608535853089955170e+00
2.157900000000000091e+03 1.602325847323646579e+00
2.158800000000000182e+03 1.604630397226764593e+00
2.159699999999999818e+03 1.608288865372837551e+00
2.160599999999999909e+03 1.609234081075134659e+00
2.161500000000000000e+03 1.606689343242786672e+00
2.162400000000000091e+03 1.608791933735560953e+00
2.163300000000000182e+03 1.604496079653502161e+00
2.164199999999999818e+03 1.609695706208984722e+00
2.165099999999999909e+03 1.607719881964522868e+00
2.166000000000000000e+03 1.605740570695733060e+00
2.166900000000000091e+03 1.615009668375434693e+00
2.167800000000000182e+03 1.608368836936397095e+00
2.168699999999999818e+03 1.607350904265481661e+00
2.169599999999999909e+03 1.613318223522210548e+00
2.170500000000000000e+03 1.601422777583238144e+00
2.171400000000000091e+03 1.598647188747547965e+00
2.172300000000000182e+03 1.609658917720618865e+00
2.173199999999999818e+03 1.607655904097110788e+00
2.174099999999999909e+03 1.607592737729347743e+00
2.175000000000000000e+03 1.616856364882629959e+00
2.175900000000000091e+03 1.612318869793840648e+00
2.176800000000000182e+03 1.611860295126498421e+00
2.177699999999999818e+03 1.611982533022271902e+00
2.178599999999999909e+03 1.602376296831923730e+00
2.179500000000000000e+03 1.606383036494694494e+00
2.180400000000000091e+03 1.602799551598657057e+00
2.181300000000000182e+03 1.606997927039806928e+00
2.182199999999999818e+03 1.604576469328814037e+00
2.183099999999999909e+03 1.609745905790710419e+00
2.183900000000000091e+03 1.618031388367159984e+00
2.184800000000000182e+03 1.605279163192194769e+00
2.185699999999999818e+03 1.611224459448172164e+00
2.186599999999999909e+03 1.608595036306656789e+00
2.187500000000000000e+03 1.618437488152417725e+00
2.188400000000000091e+03 1.608200374954313672e+00
2.189300000000000182e+03 1.603221984707351000e+00
2.190199999999999818e+03 1.604090736421545538e+00
2.191099999999999909e+03 1.616272686553068327e+00
2.192000000000000000e+03 1.610505895618578265e+00
2.192900000000000091e+03 1.622689934495708863e+00
2.193800000000000182e+03 1.612232895579047476e+00
2.194699999999999818e+03 1.608407860968441572e+00
2.195599999999999909e+03 1.613562399825023697e+00
2.196500000000000000e+03 1.611099239969297381e+00
2.197300000000000182e+03 1.619769004937420043e+00
2.198199999999999818e+03 1.609290312079423746e+00
2.199099999999999909e+03 1.613463944735003430e+00
2.200000000000000000e+03 1.605907984386824694e+00
2.200900000000000091e+03 1.620832802198588274e+00
2.201800000000000182e+03 1.612097919051430184e+00
2.202699999999999818e+03 1.606096044698921199e+00
2.203599999999999909e+03 1.618480879840848985e+00
2.204500000000000000e+03 1.610908511865771997e+00
2.205400000000000091e+03 1.616836553280382782e+00
2.206300000000000182e+03 1.611606231766698594e+00
2.207099999999999909e+03 1.614595975234363490e+00
2.208000000000000000e+03 1.617193408699325374e+00
2.208900000000000091e+03 1.623316140384016615e+00
2.209800000000000182e+03 1.613373189802563390e+00
2.210699999999999818e+03 1.630468486666912575e+00
2.211599999999999909e+03 1.623459547075405851e+00
2.212500000000000000e+03 1.615269651271472151e+00
2.213400000000000091e+03 1.605113735025100352e+00
2.214300000000000182e+03 1.613780667692323201e+00
2.215099999999999909e+03 1.610679068013583848e+00
2.216000000000000000e+03 1.617385159574865172e+00
2.216900000000000091e+03 1.621737272898856386e+00
2.217800000000000182e+03 1.622163635461111308e+00
2.218699999999999818e+03 1.618858166076085459e+00
2.219599999999999909e+03 1.613585956843852420e+00
2.220500000000000000e+03 1.622058965584679990e+00
2.221400000000000091e+03 1.618746555986310565e+00
2.222199999999999818e+03 1.617985622739035234e+00
2.223099999999999909e+03 1.625280719326207324e+00
2.224000000000000000e+03 1.620782714178920836e+00
2.224900000000000091e+03 1.620016996372758866e+00
2.225800000000000182e+03 1.615709619180055290e+00
2.226699999999999818e+03 1.622217209903417112e+00
2.227599999999999909e+03 1.623414051294532978e+00
2.228400000000000091e+03 1.621461456065255158e+00
2.229300000000000182e+03 1.616160675335975405e+00
2.230199999999999818e+03 1.615580787538792640e+00
2.231099999999999909e+03 1.611651941958274215e+00
2.232000000000000000e+03 1.620520928315117182e+00
2.232900000000000091e+03 1.616194604268721191e+00
2.233699999999999818e+03 1.614623308495255927e+00
2.234599999999999909e+03 1.612852867911037658e+00
2.235500000000000000e+03 1.619752582746903480e+00
2.236400000000000091e+03 1.621725247598404307e+00
2.237300000000000182e+03 1.623105771775759321e+00
2.238199999999999818e+03 1.615807843673036537e+00
2.239099999999999909e+03 1.617579454438508701e+00
2.239900000000000091e+03 1.623888273441457253e+00
2.240800000000000182e+03 1.624080785900104074e+00
2.241699999999999818e+03 1.613810920534048732e+00
2.242599999999999909e+03 1.624659386350423729e+00
2.243500000000000000e+03 1.623465888103238441e+00
2.244300000000000182e+03 1.617728084499854502e+00
2.245199999999999818e+03 1.618702964135302347e+00
2.246099999999999909e+03 1.616120484379085287e+00
2.247000000000000000e+03 1.611559438086906937e+00
2.247900000000000091e+03 1.610355460583817289e+00
2.248800000000000182e+03 1.615673807924266958e+00
2.249599999999999909e+03 1.620004327532201360e+00
2.250500000000000000e+03 1.615632967268297637e+00
2.251400000000000091e+03 1.614621504756504233e+00
2.252300000000000182e+03 1.607870395121248963e+00
2.253199999999999818e+03 1.622092809748828746e+00
2.254000000000000000e+03 1.609795598644640391e+00
2.254900000000000091e+03 1.619072137079461182e+00
2.255800000000000182e+03 1.607360895836123404e+00
2.256699999999999818e+03 1.622580071953457104e+00
2.257599999999999909e+03 1.610069912634821021e+00
2.258400000000000091e+03 1.612414113188684439e+00
2.259300000000000182e+03 1.610794394314754685e+00
2.260199999999999818e+03 1.608578151255999789e+00
2.261099999999999909e+03 1.613893769274942214e+00
2.262000000000000000e+03 1.621391665654066561e+00
2.262800000000000182e+03 1.611040545368555899e+00
2.263699999999999818e+03 1.620522334340491311e+00
2.264599999999999909e+03 1.616117160547655862e+00
2.265500000000000000e+03 1.618059831300308504e+00
2.266300000000000182e+03 1.613451505662343299e+00
2.267199999999999818e+03 1.616384792609999899e+00
2.268099999999999909e+03 1.604027158040453260e+00
2.269000000000000000e+03 1.616491317082512147e+00
2.269900000000000091e+03 1.606113020297865290e+00
2.270699999999999818e+03 1.610433457016519965e+00
2.271599999999999909e+03 1.618928101467078440e+00
2.272500000000000000e+03 1.617287035985005339e+00
2.273400000000000091e+03 1.627772432561812810e+00
2.274199999999999818e+03 1.612408563694240016e+00
2.275099999999999909e+03 1.618717928503892844e+00
2.276000000000000000e+03 1.612495189980610810e+00
2.276900000000000091e+03 1.618008896788925011e+00
2.277699999999999818e+03 1.619742220914579089e+00
2.278599999999999909e+03 1.612915337822987016e+00
2.279500000000000000e+03 1.621813841423618285e+00
2.280400000000000091e+03 1.614185778666395787e+00
2.281199999999999818e+03 1.613724174160915403e+00
2.282099999999999909e+03 1.612862806021676754e+00
2.283000000000000000e+03 1.618177195346989894e+00
2.283900000000000091e+03 1.616716215181907002e+00
2.284699999999999818e+03 1.614854840581297468e+00
2.285599999999999909e+03 1.616381149420194507e+00
2.286500000000000000e+03 1.610927064710138357e+00
2.287400000000000091e+03 1.608661109099884134e+00
2.288199999999999818e+03 1.613375823619662253e+00
2.289099999999999909e+03 1.613102677798379680e+00
2.290000000000000000e+03 1.614624567599572513e+00
2.290800000000000182e+03 1.609358685069469885e+00
2.291699999999999818e+03 1.608282555260445168e+00
2.292599999999999909e+03 1.616790748029865554e+00
2.293500000000000000e+03 1.618709634054167790e+00
2.294300000000000182e+03 1.616033088943638285e+00
2.295199999999999818e+03 1.617950356048880156e+00
2.296099999999999909e+03 1.619267668963516593e+00
2.296900000000000091e+03 1.612987968309107734e+00
2.297800000000000182e+03 1.617501713372382355e+00
2.298699999999999818e+03 1.619416328867030686e+00
2.299599999999999909e+03 1.610929230852133909e+00
2.300400000000000091e+03 1.613441248302019959e+00
2.301300000000000182e+03 1.624557712151289079e+00
2.302199999999999818e+03 1.616463456231736595e+00
2.303000000000000000e+03 1.617373220174800563e+00
2.303900000000000091e+03 1.612475660575802161e+00
2.304800000000000182e+03 1.607775264790975323e+00
2.305699999999999818e+03 1.613688091260892188e+00
2.306500000000000000e+03 1.613792105781131303e+00
2.307400000000000091e+03 1.619105057353301014e+00
2.308300000000000182e+03 1.609988301561320334e+00
2.309099999999999909e+03 1.612894732162704070e+00
2.310000000000000000e+03 1.608983958547466564e+00
2.310900000000000091e+03 1.611688504324569227e+00
2.311699999999999818e+03 1.616198243537568136e+00
2.312599999999999909e+03 1.613686709065651481e+00
2.313500000000000000e+03 1.616590993740052662e+00
2.314300000000000182e+03 1.610664199817013031e+00
2.315199999999999818e+03 1.623001771088109058e+00
2.316099999999999909e+03 1.617071544562391994e+00
2.316900000000000091e+03 1.608928694599001785e+00
2.317800000000000182e+03 1.615846373864233465e+00
2.318699999999999818e+03 1.616336624796146593e+00
2.319500000000000000e+03 1.610395608742781315e+00
2.320400000000000091e+03 1.623745674286519725e+00
2.321300000000000182e+03 1.620816762634482711e+00
2.322099999999999909e+03 1.614065220504577569e+00
2.323000000000000000e+03 1.610728581884958821e+00
2.323900000000000091e+03 1.612418043521817168e+00
2.324699999999999818e+03 1.614911698470952839e+00
2.325599999999999909e+03 1.607947512921065192e+00
2.326500000000000000e+03 1.607822348972993254e+00
2.327300000000000182e+03 1.611319403169576558e+00
2.328199999999999818e+03 1.616628704446164466e+00
2.329099999999999909e+03 1.617709764643071813e+00
2.329900000000000091e+03 1.616574316690848390e+00
2.330800000000000182e+03 1.605766827382580253e+00
2.331699999999999818e+03 1.609663649734220714e+00
2.332500000000000000e+03 1.610739121179181277e+00
2.333400000000000091e+03 1.612620062658967290e+00
2.334300000000000182e+03 1.612282583009849057e+00
2.335099999999999909e+03 1.611742009667482156e+00
2.336000000000000000e+03 1.613822077247104581e+00
2.336900000000000091e+03 1.610252807497905669e+00
2.337699999999999818e+03 1.611927198161548613e+00
2.338599999999999909e+03 1.608757144905490488e+00
2.339400000000000091e+03 1.605584502742192443e+00
2.340300000000000182e+03 1.610485426623914584e+00
2.341199999999999818e+03 1.608116950107372212e+00
2.342000000000000000e+03 1.604736264804410117e+00
2.342900000000000091e+03 1.603373108778181066e+00
2.343800000000000182e+03 1.603624559462935029e+00
2.344599999999999909e+03 1.610948340077851704e+00
2.345500000000000000e+03 1.609379322681775193e+00
2.346300000000000182e+03 1.614278142252657089e+00
2.347199999999999818e+03 1.607448560452803044e+00
2.348099999999999909e+03 1.608705376876320869e+00
2.348900000000000091e+03 1.605510615062191837e+00
2.349800000000000182e+03 1.615465418076857951e+00
2.350599999999999909e+03 1.610851181536785859e+00
2.351500000000000000e+03 1.614128142802810029e+00
2.352400000000000091e+03 1.612343379343096572e+00
2.353199999999999818e+03 1.613593981330795568e+00
2.354099999999999909e+03 1.607754640707708793e+00
2.354900000000000091e+03 1.599683130714159240e+00
2.355800000000000182e+03 1.609032369139788754e+00
2.356699999999999818e+03 1.607642754060206958e+00
2.357500000000000000e+03 1.607467282763091587e+00
2.358400000000000091e+03 1.608912150253367424e+00
2.359199999999999818e+03 1.610153275540830764e+00
2.360099999999999909e+03 1.604903106653850831e+00
2.361000000000000000e+03 1.599040749420550966e+00
2.361800000000000182e+03 1.605145628479421660e+00
2.362699999999999818e+03 1.606786668234060134e+00
2.363500000000000000e+03 1.609441682257887196e+00
2.364400000000000091e+03 1.611081066717549914e+00
2.365300000000000182e+03 1.606221622237944624e+00
2.366099999999999909e+03 1.602780386636238674e+00
2.367000000000000000e+03 1.609696252744755363e+00
2.367800000000000182e+03 1.598530380874956691e+00
2.368699999999999818e+03 1.596503324996361606e+00
2.369500000000000000e+03 1.601791137810893106e+00
2.370400000000000091e+03 1.612771727674557898e+00
2.371300000000000182e+03 1.603421302009568894e+00
2.372099999999999909e+03 1.602200680682656753e+00
2.373000000000000000e+03 1.607283894411345448e+00
2.373800000000000182e+03 1.607687993691845119e+00
2.374699999999999818e+03 1.597305378123347275e+00
2.375500000000000000e+03 1.602182274678201512e+00
2.376400000000000091e+03 1.606855912297830091e+00
2.377199999999999818e+03 1.599923740420343909e+00
2.378099999999999909e+03 1.600318864247801898e+00
2.379000000000000000e+03 1.605601239988585727e+00
2.379800000000000182e+03 1.607420637638424354e+00
2.380699999999999818e+03 1.611073156726263944e+00
2.381500000000000000e+03 1.609630224765369988e+00
2.382400000000000091e+03 1.604719698862424604e+00
2.383199999999999818e+03 1.603271909839689258e+00
2.384099999999999909e+03 1.607124275755926313e+00
2.384900000000000091e+03 1.602001873213756422e+00
2.385800000000000182e+03 1.602588293984683609e+00
2.386599999999999909e+03 1.609294989245405372e+00
2.387500000000000000e+03 1.599267352587909086e+00
2.388400000000000091e+03 1.605156516232831621e+00
2.389199999999999818e+03 1.604717223450449648e+00
2.390099999999999909e+03 1.607135230740336374e+00
2.390900000000000091e+03 1.600770008797610888e+00
2.391800000000000182e+03 1.600120956722566934e+00
2.392599999999999909e+03 1.601104846283841310e+00
2.393500000000000000e+03 1.601270220015676982e+00
2.394300000000000182e+03 1.606135613874393409e+00
2.395199999999999818e+03 1.607525879208671293e+00
2.396000000000000000e+03 1.603598619468908248e+00
2.396900000000000091e+03 1.610508355710221773e+00
2.397699999999999818e+03 1.600644956660243201e+00
2.398599999999999909e+03 1.602438892043337226e+00
2.399400000000000091e+03 1.601981050179280164e+00
2.400300000000000182e+03 1.603977888217119174e+00
2.401099999999999909e+03 1.604745804139387388e+00
2.402000000000000000e+03 1.606331723504614395e+00
2.402800000000000182e+03 1.599519990154711691e+00
2.403699999999999818e+03 1.603151275798887720e+00
2.404500000000000000e+03 1.606987535970245018e+00
2.405400000000000091e+03 1.601602478646100058e+00
2.406199999999999818e+03 1.610151408578900156e+00
2.407099999999999909e+03 1.602302278738719110e+00
2.407900000000000091e+03 1.611262144984012767e+00
2.408800000000000182e+03 1.605458445431630077e+00
2.409599999999999909e+03 1.602933148396194829e+00
2.410500000000000000e+03 1.606765541588451196e+00
2.411300000000000182e+03 1.604237017312913238e+00
2.412199999999999818e+03 1.603553408520157708e+00
2.413000000000000000e+03 1.601636643429735107e+00
2.413400000000000091e+03 1.597215994124743688e+00
2.413900000000000091e+03 1.608231302925350326e+00
2.414199999999999818e+03 1.610196331706182926e+00
2.414699999999999818e+03 1.607841715355951440e+00
2.415099999999999909e+03 1.605574589971405342e+00
2.415599999999999909e+03 1.604982644473375908e+00
2.415900000000000091e+03 1.597303007044690082e+00
2.416400000000000091e+03 1.601912562535820816e+00
2.416800000000000182e+03 1.607647364432929882e+00
2.417300000000000182e+03 1.600275251207913696e+00
2.417699999999999818e+03 1.598553517948885672e+00
2.418099999999999909e+03 1.597605521115793126e+00
2.418500000000000000e+03 1.604438836306165461e+00
2.419000000000000000e+03 1.607880522644764998e+00
2.419400000000000091e+03 1.609512615335738861e+00
2.419800000000000182e+03 1.601708181200627301e+00
2.420199999999999818e+03 1.609316489191002564e+00
2.420699999999999818e+03 1.615887298182896004e+00
2.421099999999999909e+03 1.607900500385809339e+00
2.421500000000000000e+03 1.609295526635945661e+00
2.422000000000000000e+03 1.605872150649753083e+00
2.422400000000000091e+03 1.603932138835062693e+00
2.422800000000000182e+03 1.610328526965628226e+00
2.423199999999999818e+03 1.604941771250439908e+00
2.423699999999999818e+03 1.615595254653683810e+00
2.424099999999999909e+03 1.604096683904897125e+00
2.424500000000000000e+03 1.606254262730415938e+00
2.424900000000000091e+03 1.605718399335249069e+00
2.425400000000000091e+03 1.603399700720788079e+00
2.425699999999999818e+03 1.609602630706340909e+00
2.426300000000000182e+03 1.601556057974230729e+00
2.426599999999999909e+03 1.611014989846611734e+00
2.427099999999999909e+03 1.611687599310004826e+00
2.427400000000000091e+03 1.611807743876403576e+00
2.428000000000000000e+03 1.606591198333637838e+00
2.428300000000000182e+03 1.613010642935309047e+00
2.428800000000000182e+03 1.604740236418785493e+00
2.429099999999999909e+03 1.608649348099594700e+00
2.429699999999999818e+03 1.607965759937526551e+00
2.430000000000000000e+03 1.614793894600592195e+00
2.430500000000000000e+03 1.615052257070723085e+00
2.430800000000000182e+03 1.607130191371088479e+00
2.431400000000000091e+03 1.601000637782882263e+00
2.431699999999999818e+03 1.601935822797625697e+00
2.432300000000000182e+03 1.616625177756908505e+00
2.432500000000000000e+03 1.606841103113639591e+00
2.433099999999999909e+03 1.613342924636851139e+00
2.433400000000000091e+03 1.611540888363622859e+00
2.434000000000000000e+03 1.604769224540260497e+00
2.434199999999999818e+03 1.610259915691917065e+00
2.434800000000000182e+03 1.603515165569175949e+00
2.435000000000000000e+03 1.605470522023610291e+00
2.435699999999999818e+03 1.617116047364402398e+00
2.435900000000000091e+03 1.609138548727613083e+00
2.436500000000000000e+03 1.617694958358865787e+00
2.436699999999999818e+03 1.607028857533691069e+00
2.437400000000000091e+03 1.614201509725925021e+00
2.437599999999999909e+03 1.608014262009602069e+00
2.438300000000000182e+03 1.604392712005152877e+00
2.438400000000000091e+03 1.613335431379072427e+00
2.439099999999999909e+03 1.614338478820962042e+00
2.439300000000000182e+03 1.616387097810513485e+00
2.440000000000000000e+03 1.615935055218250982e+00
2.440099999999999909e+03 1.609939358279460775e+00
2.440800000000000182e+03 1.611010848543004803e+00
2.440900000000000091e+03 1.607620892396116830e+00
2.441699999999999818e+03 1.606084560762210955e+00
2.441800000000000182e+03 1.612326787742724310e+00
2.442500000000000000e+03 1.610535677912313446e+00
2.442599999999999909e+03 1.615381746994166257e+00
2.443400000000000091e+03 1.614989452474839604e+00
2.443500000000000000e+03 1.613684581989924594e+00
2.444199999999999818e+03 1.618222042815416817e+00
2.444300000000000182e+03 1.607646190520488849e+00
2.445099999999999909e+03 1.619008459379463361e+00
2.445199999999999818e+03 1.614426204266442344e+00
2.445900000000000091e+03 1.617551175139449793e+00
2.446000000000000000e+03 1.609628471492540847e+00
2.446800000000000182e+03 1.617023479148631759e+00
2.447699999999999818e+03 1.613147252472531878e+00
2.448500000000000000e+03 1.620642280276679337e+00
2.449400000000000091e+03 1.616769569841059795e+00
2.450199999999999818e+03 1.612839201174675496e+00
2.451099999999999909e+03 1.614320157202601802e+00
2.451900000000000091e+03 1.616934153857558343e+00
2.452699999999999818e+03 1.627021835059719868e+00
2.452800000000000182e+03 1.619000848396610959e+00
2.453599999999999909e+03 1.617070734021140987e+00
2.454400000000000091e+03 1.616531339977755444e+00
2.454500000000000000e+03 1.619506223628838004e+00
2.455300000000000182e+03 1.620960614769671571e+00
2.456099999999999909e+03 1.615157220977420316e+00
2.456199999999999818e+03 1.614899363807323462e+00
2.456900000000000091e+03 1.622592060044197204e+00
2.457000000000000000e+03 1.615702231338241646e+00
2.457800000000000182e+03 1.615516779856022600e+00
2.457900000000000091e+03 1.618350465542243155e+00
2.458599999999999909e+03 1.622543960935562302e+00
2.458699999999999818e+03 1.611171096039773376e+00
2.459500000000000000e+03 1.619411737148748198e+00
2.459599999999999909e+03 1.618740686629642767e+00
2.460300000000000182e+03 1.621260100064904064e+00
2.460400000000000091e+03 1.618529659814858856e+00
2.461099999999999909e+03 1.615433633854413076e+00
2.461300000000000182e+03 1.617296222784565085e+00
2.462000000000000000e+03 1.610437738816404618e+00
2.462099999999999909e+03 1.618934845852232574e+00
2.462800000000000182e+03 1.618105663808570904e+00
2.463000000000000000e+03 1.620371833190636934e+00
2.463699999999999818e+03 1.621211323688687145e+00
2.463800000000000182e+03 1.625709138884875227e+00
2.464500000000000000e+03 1.619752231827316757e+00
2.464699999999999818e+03 1.618947956054367809e+00
2.465300000000000182e+03 1.620995670258927213e+00
2.465500000000000000e+03 1.618547589511404983e+00
2.466199999999999818e+03 1.618918563319724946e+00
2.466400000000000091e+03 1.616302788065681950e+00
2.467000000000000000e+03 1.620376052235999120e+00
2.467199999999999818e+03 1.627403958470448053e+00
2.467900000000000091e+03 1.621421512469906956e+00
2.468099999999999909e+03 1.609971087989402694e+00
2.468699999999999818e+03 1.621639043086655851e+00
2.468900000000000091e+03 1.615331298462380438e+00
2.469500000000000000e+03 1.614583265753508634e+00
2.469800000000000182e+03 1.613712381923825712e+00
2.470400000000000091e+03 1.619796634008411562e+00
2.470599999999999909e+03 1.615178204314303256e+00
2.471199999999999818e+03 1.618359883287213696e+00
2.471500000000000000e+03 1.620142032766476836e+00
2.472000000000000000e+03 1.617550004840633937e+00
2.472300000000000182e+03 1.617299508584844281e+00
2.472900000000000091e+03 1.622568839236756766e+00
2.473199999999999818e+03 1.620422210178009692e+00
2.473699999999999818e+03 1.630506340704309221e+00
2.474000000000000000e+03 1.619641982217562060e+00
2.474599999999999909e+03 1.618261106812482364e+00
2.474900000000000091e+03 1.621950666810845432e+00
2.475400000000000091e+03 1.625375048851983806e+00
2.475699999999999818e+03 1.615004297673395595e+00
2.476199999999999818e+03 1.612923121758687905e+00
2.476500000000000000e+03 1.622053780234614884e+00
2.477099999999999909e+03 1.620254079164998418e+00
2.477400000000000091e+03 1.615728871025147173e+00
2.477900000000000091e+03 1.617593381831299970e+00
2.478199999999999818e+03 1.625877580477100626e+00
2.478699999999999818e+03 1.615560296281728814e+00
2.479099999999999909e+03 1.619145865943671492e+00
2.479599999999999909e+03 1.626240562744008189e+00
2.479900000000000091e+03 1.617358814668012013e+00
2.480400000000000091e+03 1.621297894142686546e+00
2.480800000000000182e+03 1.610011070219147911e+00
2.481199999999999818e+03 1.619692171439414352e+00
2.481599999999999909e+03 1.618121228783432564e+00
2.482099999999999909e+03 1.617672539340832216e+00
2.482500000000000000e+03 1.617992761336863428e+00
2.482900000000000091e+03 1.621285950094905282e+00
2.483300000000000182e+03 1.618486450612661720e+00
2.483800000000000182e+03 1.620524559718060198e+00
2.484199999999999818e+03 1.613827875889448871e+00
2.484599999999999909e+03 1.623729965059410141e+00
2.485000000000000000e+03 1.618660219307122228e+00
2.485400000000000091e+03 1.615256384763176012e+00
2.485800000000000182e+03 1.613387756972751275e+00
2.486300000000000182e+03 1.617008543361793338e+00
2.486699999999999818e+03 1.610593120403445377e+00
2.487099999999999909e+03 1.614799354496039285e+00
2.487500000000000000e+03 1.617916068439430921e+00
2.487900000000000091e+03 1.608835369011541117e+00
2.488400000000000091e+03 1.613063533899166124e+00
2.488800000000000182e+03 1.613103689735041257e+00
2.489199999999999818e+03 1.612342898894976395e+00
2.489599999999999909e+03 1.619047836743013669e+00
2.490099999999999909e+03 1.617409612516638395e+00
2.490400000000000091e+03 1.618731580356877142e+00
2.490900000000000091e+03 1.612564212975841516e+00
2.491300000000000182e+03 1.614658358334959187e+00
2.491699999999999818e+03 1.612060170344442378e+00
2.492099999999999909e+03 1.610796079725317353e+00
2.492599999999999909e+03 1.617140747633046827e+00
2.492900000000000091e+03 1.611951547579618005e+00
2.493400000000000091e+03 1.610441416365029799e+00
2.493800000000000182e+03 1.617082373696896669e+00
2.494300000000000182e+03 1.607051414848427173e+00
2.494599999999999909e+03 1.610092751118424426e+00
2.495099999999999909e+03 1.601594615505361308e+00
2.495400000000000091e+03 1.606449563522937440e+00
2.496000000000000000e+03 1.610415250350635707e+00
2.496300000000000182e+03 1.616193428872122029e+00
2.496800000000000182e+03 1.613034538894505099e+00
2.497099999999999909e+03 1.606699589831124264e+00
2.497599999999999909e+03 1.612346222654868599e+00
2.497900000000000091e+03 1.618127371410340576e+00
2.498500000000000000e+03 1.606898648840813015e+00
2.498800000000000182e+03 1.615333072220316524e+00
2.499300000000000182e+03 1.608078809275011345e+00
2.499599999999999909e+03 1.616936099016835993e+00
2.500199999999999818e+03 1.613819757935723631e+00
2.500400000000000091e+03 1.607866774637976892e+00
2.501000000000000000e+03 1.611278740262243048e+00
2.501300000000000182e+03 1.611359525450353658e+00
2.501800000000000182e+03 1.611433637085658788e+00
2.502099999999999909e+03 1.606480116262945623e+00
2.502699999999999818e+03 1.608689549505496919e+00
2.502900000000000091e+03 1.607675894094349189e+00
2.503500000000000000e+03 1.611337723818631718e+00
2.503800000000000182e+03 1.613064754462142814e+00
2.504400000000000091e+03 1.616271084646695888e+00
2.504599999999999909e+03 1.615944103647191321e+00
2.505199999999999818e+03 1.606274776582344188e+00
2.505400000000000091e+03 1.604157729629802631e+00
2.506000000000000000e+03 1.612044573558123473e+00
2.506199999999999818e+03 1.611653238280345457e+00
2.506900000000000091e+03 1.601633054576744986e+00
2.507099999999999909e+03 1.612026311560363911e+00
2.507699999999999818e+03 1.608655019010485798e+00
2.507900000000000091e+03 1.612192410262454079e+00
2.508599999999999909e+03 1.605924797275733784e+00
2.508699999999999818e+03 1.612570792056397195e+00
2.509400000000000091e+03 1.611502214714652936e+00
2.509599999999999909e+03 1.607707820097075579e+00
2.510199999999999818e+03 1.606075987181369458e+00
2.510400000000000091e+03 1.611027440381029407e+00
2.511099999999999909e+03 1.617893251093982521e+00
2.511199999999999818e+03 1.612462061239201327e+00
2.511900000000000091e+03 1.604574040811429736e+00
2.512099999999999909e+03 1.610961211194553044e+00
2.512800000000000182e+03 1.602890477790776425e+00
2.512900000000000091e+03 1.602534912832375591e+00
2.513599999999999909e+03 1.605781920702165966e+00
2.513699999999999818e+03 1.600825943984041544e+00
2.514400000000000091e+03 1.602646305908897340e+00
2.514500000000000000e+03 1.610247614783988590e+00
2.515300000000000182e+03 1.610950600083850937e+00
2.515400000000000091e+03 1.607703197258104844e+00
2.516099999999999909e+03 1.613227401029491803e+00
2.516199999999999818e+03 1.609570994740221250e+00
2.516900000000000091e+03 1.605102793551541396e+00
2.517000000000000000e+03 1.606818970200286190e+00
2.517800000000000182e+03 1.602387558953575430e+00
2.517900000000000091e+03 1.609951493827350033e+00
2.518599999999999909e+03 1.603003500671155157e+00
2.518699999999999818e+03 1.605099960976662521e+00
2.519500000000000000e+03 1.609727689915179782e+00
2.520300000000000182e+03 1.605511941712546742e+00
2.520400000000000091e+03 1.616654978431229184e+00
2.521099999999999909e+03 1.605090886245230664e+00
2.521199999999999818e+03 1.616431915421688403e+00
2.522000000000000000e+03 1.605193389501700096e+00
2.522800000000000182e+03 1.602610615759854307e+00
2.523599999999999909e+03 1.606374688808659634e+00
2.523699999999999818e+03 1.609710305825485577e+00
2.524500000000000000e+03 1.607197828344664181e+00
2.525300000000000182e+03 1.604683059428707592e+00
2.526099999999999909e+03 1.605450867011063654e+00
2.527000000000000000e+03 1.606523316548628566e+00
2.527800000000000182e+03 1.611046341522467173e+00
2.528599999999999909e+03 1.608512928278541532e+00
2.528699999999999818e+03 1.615637730123429483e+00
2.529500000000000000e+03 1.607816231876905144e+00
2.530300000000000182e+03 1.606257535290935623e+00
2.531099999999999909e+03 1.604734432340888750e+00
2.531199999999999818e+03 1.610047340463486965e+00
2.531900000000000091e+03 1.607677351325141002e+00
2.532000000000000000e+03 1.611722752098532219e+00
2.532800000000000182e+03 1.609395833722876645e+00
2.533599999999999909e+03 1.607260655404127991e+00
2.533699999999999818e+03 1.600671569903401315e+00
2.534400000000000091e+03 1.606832137579356612e+00
2.534500000000000000e+03 1.605064547940360242e+00
2.535199999999999818e+03 1.604505225814027769e+00
2.535300000000000182e+03 1.607995829715562319e+00
2.536099999999999909e+03 1.601544652085770126e+00
2.536199999999999818e+03 1.603607925195168482e+00
2.536900000000000091e+03 1.604702433343283108e+00
2.537000000000000000e+03 1.599636381110108418e+00
2.537699999999999818e+03 1.608494394607770106e+00
2.537800000000000182e+03 1.602986627379896944e+00
2.538500000000000000e+03 1.612498588178005621e+00
2.538699999999999818e+03 1.599221962626456994e+00
2.539400000000000091e+03 1.607003118710259582e+00
2.539500000000000000e+03 1.608015806674250037e+00
2.540199999999999818e+03 1.612274719445601079e+00
2.540300000000000182e+03 1.605296602423478491e+00
2.541000000000000000e+03 1.604453033753252766e+00
2.541099999999999909e+03 1.608439786730885945e+00
2.541800000000000182e+03 1.605711302616390723e+00
2.542000000000000000e+03 1.603623295258310932e+00
2.542699999999999818e+03 1.609082076676422446e+00
2.542800000000000182e+03 1.609908883176232264e+00
2.543500000000000000e+03 1.609283447703016678e+00
2.543599999999999909e+03 1.600478153048222163e+00
2.544300000000000182e+03 1.602509220237969156e+00
2.544500000000000000e+03 1.602990655739420678e+00
2.545099999999999909e+03 1.607146721009161006e+00
2.545300000000000182e+03 1.604245103725953525e+00
2.546000000000000000e+03 1.608401814961251342e+00
2.546099999999999909e+03 1.609902858550692262e+00
2.546800000000000182e+03 1.601831754415189879e+00
2.547000000000000000e+03 1.596053958302492415e+00
2.547599999999999909e+03 1.608159815776737167e+00
2.547800000000000182e+03 1.604227245375644095e+00
2.548400000000000091e+03 1.602853763892584160e+00
2.548599999999999909e+03 1.608835097162773842e+00
2.549300000000000182e+03 1.602410660580510182e+00
2.549500000000000000e+03 1.598960276015509274e+00
2.550099999999999909e+03 1.606833047069817777e+00
2.550300000000000182e+03 1.601886191409125804e+00
2.550900000000000091e+03 1.609773781181079499e+00
2.551099999999999909e+03 1.608171593450827830e+00
2.551699999999999818e+03 1.615465900760605589e+00
2.551900000000000091e+03 1.614458041819005318e+00
2.552599999999999909e+03 1.609513081919024424e+00
2.552800000000000182e+03 1.610031116635606496e+00
2.553400000000000091e+03 1.611603608016145328e+00
2.553599999999999909e+03 1.599926855842322526e+00
2.554199999999999818e+03 1.617081965277185063e+00
2.554400000000000091e+03 1.598853926654568491e+00
2.555000000000000000e+03 1.608154990188752187e+00
2.555300000000000182e+03 1.609130713348060127e+00
2.555800000000000182e+03 1.606638798481373698e+00
2.556099999999999909e+03 1.598172736220517587e+00
2.556699999999999818e+03 1.610630030457170125e+00
2.556900000000000091e+03 1.612025334214819194e+00
2.557500000000000000e+03 1.612713091246472663e+00
2.557699999999999818e+03 1.610946241001323331e+00
2.558300000000000182e+03 1.600379307964786779e+00
2.558599999999999909e+03 1.607760562730765175e+00
2.559099999999999909e+03 1.610514531610908850e+00
2.559400000000000091e+03 1.610043307237047694e+00
2.560000000000000000e+03 1.610684084349228939e+00
2.560199999999999818e+03 1.605167951050874509e+00
2.560800000000000182e+03 1.618699624796009484e+00
2.561099999999999909e+03 1.609341959498954644e+00
2.561599999999999909e+03 1.608471581755318125e+00
2.561900000000000091e+03 1.607197913383583643e+00
2.562400000000000091e+03 1.605027685511959179e+00
2.562699999999999818e+03 1.605472113935203060e+00
2.563199999999999818e+03 1.602429385557611941e+00
2.563500000000000000e+03 1.608799926479923315e+00
2.564099999999999909e+03 1.608106070379377250e+00
2.564400000000000091e+03 1.603487036981819491e+00
2.564900000000000091e+03 1.598922108588846314e+00
2.565199999999999818e+03 1.604282256138333418e+00
2.565699999999999818e+03 1.607780899880834058e+00
2.566000000000000000e+03 1.610135457717349894e+00
2.566500000000000000e+03 1.607296479111772758e+00
2.566800000000000182e+03 1.613880346514514175e+00
2.567300000000000182e+03 1.611270268986475074e+00
2.567699999999999818e+03 1.609188027626665463e+00
2.568199999999999818e+03 1.609082472368387196e+00
2.568500000000000000e+03 1.600272221834593056e+00
2.569000000000000000e+03 1.604129524494181558e+00
2.569300000000000182e+03 1.612451251209336966e+00
2.569800000000000182e+03 1.608310910830629048e+00
2.570099999999999909e+03 1.606904768743707246e+00
2.570599999999999909e+03 1.605689860657571355e+00
2.571000000000000000e+03 1.608108905903226971e+00
2.571400000000000091e+03 1.608593086355470270e+00
2.571800000000000182e+03 1.598331697776577354e+00
2.572300000000000182e+03 1.605966797680189462e+00
2.572599999999999909e+03 1.608400175713771141e+00
2.573099999999999909e+03 1.608654041229312215e+00
2.573400000000000091e+03 1.601360446389709313e+00
2.573900000000000091e+03 1.608574913487658353e+00
2.574300000000000182e+03 1.602766870013583755e+00
2.574699999999999818e+03 1.604877018682600687e+00
2.575099999999999909e+03 1.601424421812023269e+00
2.575500000000000000e+03 1.615644521843504933e+00
2.575900000000000091e+03 1.601136111259701345e+00
2.576400000000000091e+03 1.604706611362201496e+00
2.576699999999999818e+03 1.607399641076454389e+00
2.577199999999999818e+03 1.603553921920909620e+00
2.577599999999999909e+03 1.606262332981772900e+00
2.578000000000000000e+03 1.605379152219558847e+00
2.578400000000000091e+03 1.608506642818098520e+00
2.578800000000000182e+03 1.607841696917658325e+00
2.579199999999999818e+03 1.609057319546563836e+00
2.579599999999999909e+03 1.607747458458525402e+00
2.580000000000000000e+03 1.603257906738913441e+00
2.580400000000000091e+03 1.598492141707493097e+00
2.580900000000000091e+03 1.605919994016717700e+00
2.581300000000000182e+03 1.598818164359681049e+00
2.581699999999999818e+03 1.607522660577828999e+00
2.582099999999999909e+03 1.606812890667532079e+00
2.582500000000000000e+03 1.608700494208717080e+00
2.582900000000000091e+03 1.607349552890865230e+00
2.583300000000000182e+03 1.608817898464406149e+00
2.583699999999999818e+03 1.612786849767735564e+00
2.584199999999999818e+03 1.608509753526849106e+00
2.584500000000000000e+03 1.610975902103288115e+00
2.585000000000000000e+03 1.610742186732039283e+00
2.585300000000000182e+03 1.600633677319863502e+00
2.585800000000000182e+03 1.601741555302994113e+00
2.586199999999999818e+03 1.609052753833118077e+00
2.586599999999999909e+03 1.603757917407586220e+00
2.587000000000000000e+03 1.607234888913271931e+00
2.587400000000000091e+03 1.615950399091034217e+00
2.587800000000000182e+03 1.604988051755673828e+00
2.588300000000000182e+03 1.608000199441176781e+00
2.588599999999999909e+03 1.607432905436129822e+00
2.589099999999999909e+03 1.607044621043335564e+00
2.589400000000000091e+03 1.605822323699443333e+00
2.589900000000000091e+03 1.610542360492942526e+00
2.590199999999999818e+03 1.608691918669999943e+00
2.590699999999999818e+03 1.604915314564201001e+00
2.591099999999999909e+03 1.604729705853539024e+00
2.591500000000000000e+03 1.609260059265170462e+00
2.591900000000000091e+03 1.607383632407706875e+00
2.592400000000000091e+03 1.604051943069531028e+00
2.592699999999999818e+03 1.604271163759154017e+00
2.593199999999999818e+03 1.604361027175117860e+00
2.593500000000000000e+03 1.598166027457319949e+00
2.594000000000000000e+03 1.605943193317993067e+00
2.594300000000000182e+03 1.606797569095653078e+00
2.594800000000000182e+03 1.607737154915571010e+00
2.595099999999999909e+03 1.601542820049767446e+00
2.595699999999999818e+03 1.605918507739852341e+00
2.596000000000000000e+03 1.606328886039778414e+00
2.596500000000000000e+03 1.606860709847960145e+00
2.596800000000000182e+03 1.608550649786667952e+00
2.597300000000000182e+03 1.602062829419916401e+00
2.597599999999999909e+03 1.604786529111176918e+00
2.598099999999999909e+03 1.606404305522654674e+00
2.598400000000000091e+03 1.603372021542744719e+00
2.598900000000000091e+03 1.605642808073039607e+00
2.599199999999999818e+03 1.611151406290568522e+00
2.599699999999999818e+03 1.613813767447572323e+00
2.600000000000000000e+03 1.604174831372369159e+00
2.600599999999999909e+03 1.607307466171924215e+00
2.600800000000000182e+03 1.602756929440672717e+00
2.601400000000000091e+03 1.604627959074862886e+00
2.601699999999999818e+03 1.609468055873027215e+00
2.602199999999999818e+03 1.607054843378662445e+00
2.602500000000000000e+03 1.606123273789833439e+00
2.603000000000000000e+03 1.609269228339003766e+00
2.603300000000000182e+03 1.608769489180560397e+00
2.603800000000000182e+03 1.602327749472862939e+00
2.604099999999999909e+03 1.609061373410605178e+00
2.604699999999999818e+03 1.604966906992635778e+00
2.604900000000000091e+03 1.613206655788787414e+00
2.605500000000000000e+03 1.611228176710436388e+00
2.605699999999999818e+03 1.613070212838198625e+00
2.606300000000000182e+03 1.614082557843408594e+00
2.606500000000000000e+03 1.605651508819154749e+00
2.607099999999999909e+03 1.606921250887309416e+00
2.607400000000000091e+03 1.607226717899143065e+00
2.607900000000000091e+03 1.609135771458431119e+00
2.608199999999999818e+03 1.609444928936661690e+00
2.608699999999999818e+03 1.603675451964859722e+00
2.609000000000000000e+03 1.600735371241414517e+00
2.609599999999999909e+03 1.614633213225003416e+00
2.609800000000000182e+03 1.605310350526007790e+00
2.610400000000000091e+03 1.609171372936587963e+00
2.610599999999999909e+03 1.603456176257445520e+00
2.611199999999999818e+03 1.607547319077359482e+00
2.611400000000000091e+03 1.602030091653982469e+00
2.612000000000000000e+03 1.603788603469417762e+00
2.612199999999999818e+03 1.616685416789662710e+00
2.612800000000000182e+03 1.612621061035821146e+00
2.613000000000000000e+03 1.603680175861245782e+00
2.613599999999999909e+03 1.609715774265020549e+00
2.613900000000000091e+03 1.606757955117933845e+00
2.614500000000000000e+03 1.613001650045347013e+00
2.614699999999999818e+03 1.609622353671382955e+00
2.615300000000000182e+03 1.605183203148477178e+00
2.615500000000000000e+03 1.604763367075938252e+00
2.616099999999999909e+03 1.611033230984977305e+00
2.616300000000000182e+03 1.606341126390446794e+00
2.616900000000000091e+03 1.610903339542455459e+00
2.617099999999999909e+03 1.607061089766369522e+00
2.617699999999999818e+03 1.611628472204171825e+00
2.617900000000000091e+03 1.612289806774793943e+00
2.618500000000000000e+03 1.608079072620489658e+00
2.618699999999999818e+03 1.603778907572478429e+00
2.619400000000000091e+03 1.606452691100483721e+00
2.619500000000000000e+03 1.605788248876275581e+00
2.620199999999999818e+03 1.604612120184708557e+00
2.620300000000000182e+03 1.607798650385092953e+00
2.621000000000000000e+03 1.612610204668334379e+00
2.621199999999999818e+03 1.600572808538348824e+00
2.621800000000000182e+03 1.604780692237894435e+00
2.622000000000000000e+03 1.610318748298961378e+00
2.622599999999999909e+03 1.605935604040542142e+00
2.622800000000000182e+03 1.608679074035363810e+00
2.623400000000000091e+03 1.610087890138286015e+00
2.623599999999999909e+03 1.605534855478483180e+00
2.624199999999999818e+03 1.607392062707230673e+00
2.624400000000000091e+03 1.603249990762619648e+00
2.625099999999999909e+03 1.604695625082976695e+00
2.625199999999999818e+03 1.607629954428304364e+00
2.625900000000000091e+03 1.612706868099764268e+00
2.626000000000000000e+03 1.606205979815242602e+00
2.626699999999999818e+03 1.602942601137922640e+00
2.626800000000000182e+03 1.605427365629346959e+00
2.627500000000000000e+03 1.609886788106004385e+00
2.627599999999999909e+03 1.604649134051491233e+00
2.628300000000000182e+03 1.612548520516319694e+00
2.628500000000000000e+03 1.603871306967652899e+00
2.629099999999999909e+03 1.608995967658913617e+00
2.629300000000000182e+03 1.602448369571713327e+00
2.629900000000000091e+03 1.612517540539488037e+00
2.630099999999999909e+03 1.608342981845281239e+00
2.630699999999999818e+03 1.615397988592309320e+00
2.630900000000000091e+03 1.610581007145230226e+00
2.631599999999999909e+03 1.611202416344289734e+00
2.631699999999999818e+03 1.611313510102168056e+00
2.632400000000000091e+03 1.616230537113115373e+00
2.632500000000000000e+03 1.607525253796891151e+00
2.633199999999999818e+03 1.609889101131399824e+00
2.633300000000000182e+03 1.607612948734785885e+00
2.634000000000000000e+03 1.615993671248865393e+00
2.634099999999999909e+03 1.608778423877108565e+00
2.634800000000000182e+03 1.615876309879180184e+00
2.634900000000000091e+03 1.612314789044244856e+00
2.635599999999999909e+03 1.613397863777129571e+00
2.635699999999999818e+03 1.611328378406083450e+00
2.636400000000000091e+03 1.609630619160290710e+00
2.636500000000000000e+03 1.607325458008184382e+00
2.637199999999999818e+03 1.614884221475186177e+00
2.637300000000000182e+03 1.605692917340179715e+00
2.638000000000000000e+03 1.610257898248978803e+00
2.638199999999999818e+03 1.606647497052011708e+00
2.638900000000000091e+03 1.613151626382273607e+00
2.639000000000000000e+03 1.604369120859751696e+00
2.639699999999999818e+03 1.618411681623286968e+00
2.639800000000000182e+03 1.606187994584136858e+00
2.640500000000000000e+03 1.611205771725509051e+00
2.640599999999999909e+03 1.606498542008997665e+00
2.641300000000000182e+03 1.608513196637835874e+00
2.641400000000000091e+03 1.605515735075563333e+00
2.642099999999999909e+03 1.615283485548310471e+00
2.642199999999999818e+03 1.604533410994036791e+00
2.642900000000000091e+03 1.611516610664285309e+00
2.643000000000000000e+03 1.602256871566986263e+00
2.643699999999999818e+03 1.608179252631314116e+00
2.643800000000000182e+03 1.606023263240774268e+00
2.644500000000000000e+03 1.615171283914536460e+00
2.644599999999999909e+03 1.603747801088379443e+00
2.645300000000000182e+03 1.610328030780891817e+00
2.645400000000000091e+03 1.604710681790085136e+00
2.646099999999999909e+03 1.616463757657259581e+00
2.646199999999999818e+03 1.604595022034978724e+00
2.647000000000000000e+03 1.609380351985559399e+00
2.647800000000000182e+03 1.611057705915776683e+00
2.648599999999999909e+03 1.613049643997963356e+00
2.648699999999999818e+03 1.604818347865078820e+00
2.649400000000000091e+03 1.611004925229798879e+00
2.649500000000000000e+03 1.609458144254389822e+00
2.650199999999999818e+03 1.607666877427297303e+00
2.650300000000000182e+03 1.610642578184138474e+00
2.651000000000000000e+03 1.607992807576618555e+00
2.651099999999999909e+03 1.605127953569841948e+00
2.651800000000000182e+03 1.618237869248694727e+00
2.651900000000000091e+03 1.605664905418206612e+00
2.652599999999999909e+03 1.612960232540814998e+00
2.652699999999999818e+03 1.607716086493676810e+00
2.653400000000000091e+03 1.609190928934846720e+00
2.653500000000000000e+03 1.609552305690475915e+00
2.654199999999999818e+03 1.618149988511097703e+00
2.654300000000000182e+03 1.607496800647925772e+00
2.655000000000000000e+03 1.611144372879797615e+00
2.655099999999999909e+03 1.607367549736855805e+00
2.655800000000000182e+03 1.610179930452219077e+00
2.656699999999999818e+03 1.611438134225950058e+00
2.657500000000000000e+03 1.612696941238203729e+00
2.658300000000000182e+03 1.617196018578006322e+00
2.659099999999999909e+03 1.613056121719423475e+00
2.659900000000000091e+03 1.615612676826214011e+00
2.660699999999999818e+03 1.611038616203514184e+00
2.661500000000000000e+03 1.606895014597909288e+00
2.662300000000000182e+03 1.610533071251719406e+00
2.663099999999999909e+03 1.610496461521821576e+00
2.663900000000000091e+03 1.613704285761580204e+00
2.664699999999999818e+03 1.614317423385371875e+00
2.665500000000000000e+03 1.612767002992778753e+00
2.666300000000000182e+03 1.604506646707172690e+00
2.667099999999999909e+03 1.602304153021959943e+00
2.667900000000000091e+03 1.613741505063958304e+00
2.668699999999999818e+03 1.609590964773659705e+00
2.669500000000000000e+03 1.603272603089130888e+00
2.670300000000000182e+03 1.609517598932060700e+00
2.671099999999999909e+03 1.608397388089075397e+00
2.672000000000000000e+03 1.605325990221284416e+00
2.672800000000000182e+03 1.610491330103857699e+00
2.673599999999999909e+03 1.603949682913861530e+00
2.674400000000000091e+03 1.605863626609973283e+00
2.675199999999999818e+03 1.608646031823150579e+00
2.676000000000000000e+03 1.607524081544901895e+00
2.676800000000000182e+03 1.604882508542981645e+00
2.677599999999999909e+03 1.606798062027473772e+00
2.678400000000000091e+03 1.603286702862712243e+00
2.679199999999999818e+03 1.614105783981363063e+00
2.680000000000000000e+03 1.609073973584520534e+00
2.680800000000000182e+03 1.603605517486798027e+00
2.681599999999999909e+03 1.608564432510576792e+00
2.682400000000000091e+03 1.609613357830138369e+00
2.683199999999999818e+03 1.613923256675237949e+00
2.684000000000000000e+03 1.608450891056694587e+00
2.684800000000000182e+03 1.608847724425860992e+00
2.685599999999999909e+03 1.613594828285869864e+00
2.686400000000000091e+03 1.604202621376994209e+00
2.687199999999999818e+03 1.604816046609669478e+00
2.688000000000000000e+03 1.608911921074488438e+00
2.688800000000000182e+03 1.608220134931499290e+00
2.689599999999999909e+03 1.610576215321073867e+00
2.690400000000000091e+03 1.607053015919643224e+00
2.691199999999999818e+03 1.609409493971751814e+00
2.692000000000000000e+03 1.609805925983541997e+00
2.692800000000000182e+03 1.611291917267653195e+00
2.693599999999999909e+03 1.604495810325009320e+00
2.694400000000000091e+03 1.606634936595903396e+00
2.695199999999999818e+03 1.603977619854556336e+00
2.696000000000000000e+03 1.600882800674991113e+00
2.696800000000000182e+03 1.601713007510923603e+00
2.697599999999999909e+03 1.610398008681813264e+00
2.698400000000000091e+03 1.604464895734570185e+00
2.699199999999999818e+03 1.603767700744769042e+00
2.700000000000000000e+03 1.609182934991868485e+00
2.700800000000000182e+03 1.604773686478358830e+00
2.701599999999999909e+03 1.601891223736135572e+00
2.702400000000000091e+03 1.601847206900813836e+00
2.703199999999999818e+03 1.604424886303315922e+00
2.704000000000000000e+03 1.607003317465285130e+00
2.704800000000000182e+03 1.599090187479506930e+00
2.705599999999999909e+03 1.601012056975097853e+00
2.706400000000000091e+03 1.609057420541194494e+00
2.707199999999999818e+03 1.610106572494272248e+00
2.708000000000000000e+03 1.607655506704323667e+00
2.708699999999999818e+03 1.603014945025409421e+00
2.709500000000000000e+03 1.608658520541929482e+00
2.710300000000000182e+03 1.606204592360715777e+00
2.711099999999999909e+03 1.610755669166763937e+00
2.711900000000000091e+03 1.604358543170049778e+00
2.712699999999999818e+03 1.606281892278954793e+00
2.713500000000000000e+03 1.602290386220419194e+00
2.714300000000000182e+03 1.599830753036664222e+00
2.715099999999999909e+03 1.607451687308602439e+00
2.715900000000000091e+03 1.604114429745525650e+00
2.716699999999999818e+03 1.605379914377281558e+00
2.717500000000000000e+03 1.605768269453800245e+00
2.718300000000000182e+03 1.613614350059453306e+00
2.719099999999999909e+03 1.605447187269088527e+00
2.719900000000000091e+03 1.597276252574480360e+00
2.720699999999999818e+03 1.605343581849848267e+00
2.721500000000000000e+03 1.602217630929332781e+00
2.722300000000000182e+03 1.602603185759870152e+00
2.723099999999999909e+03 1.605184664698659391e+00
2.723800000000000182e+03 1.604252090280368304e+00
2.724599999999999909e+03 1.600682148853370679e+00
2.725400000000000091e+03 1.606120298193033147e+00
2.726199999999999818e+03 1.604306786977304000e+00
2.727000000000000000e+03 1.604031001478336549e+00
2.727800000000000182e+03 1.611011031266715854e+00
2.728599999999999909e+03 1.601278378817052594e+00
2.729400000000000091e+03 1.606279961446856586e+00
2.730199999999999818e+03 1.609302899729553982e+00
2.731000000000000000e+03 1.604184037984043076e+00
2.731800000000000182e+03 1.610728687785266899e+00
2.732599999999999909e+03 1.601864403994835317e+00
2.733300000000000182e+03 1.603345626225247456e+00
2.734099999999999909e+03 1.612315440948402623e+00
2.734900000000000091e+03 1.609833180592153301e+00
2.735699999999999818e+03 1.607790115102153417e+00
2.736500000000000000e+03 1.615001829406794931e+00
2.737300000000000182e+03 1.601495802784638656e+00
2.738099999999999909e+03 1.612015301557794489e+00
2.738900000000000091e+03 1.611733255020062705e+00
2.739699999999999818e+03 1.606377692232949128e+00
2.740500000000000000e+03 1.613373440257803937e+00
2.741300000000000182e+03 1.613752001555307292e+00
2.742000000000000000e+03 1.611481876526811963e+00
2.742800000000000182e+03 1.604795522658159612e+00
2.743599999999999909e+03 1.610249167574988149e+00
2.744400000000000091e+03 1.611287926810040627e+00
2.745199999999999818e+03 1.606804727914219466e+00
2.746000000000000000e+03 1.609167722122883060e+00
2.746800000000000182e+03 1.611752132413331928e+00
2.747599999999999909e+03 1.604833689517115802e+00
2.748400000000000091e+03 1.605427761016571697e+00
2.749099999999999909e+03 1.604916066655039275e+00
2.749900000000000091e+03 1.618556813983668796e+00
2.750699999999999818e+03 1.609420196629606448e+00
2.751500000000000000e+03 1.606473872977265183e+00
2.752300000000000182e+03 1.607508820915719117e+00
2.753099999999999909e+03 1.607215720477858101e+00
2.753900000000000091e+03 1.604486930648651777e+00
2.754699999999999818e+03 1.611055777790301846e+00
2.755400000000000091e+03 1.603674993268754845e+00
2.756199999999999818e+03 1.600499198369759180e+00
2.757000000000000000e+03 1.603967931982421380e+00
2.757800000000000182e+03 1.600346621975015315e+00
2.758599999999999909e+03 1.611129552780230956e+00
2.759400000000000091e+03 1.608837176892124354e+00
2.760199999999999818e+03 1.599226408056241944e+00
2.760900000000000091e+03 1.599147252166887911e+00
2.761699999999999818e+03 1.604169197451249085e+00
2.762500000000000000e+03 1.603202417804259872e+00
2.763300000000000182e+03 1.607782245877549698e+00
2.764099999999999909e+03 1.607480493760562679e+00
2.764900000000000091e+03 1.604514137663574092e+00
2.765599999999999909e+03 1.605764709415435920e+00
2.766400000000000091e+03 1.603461904241494596e+00
2.767199999999999818e+03 1.604267357584829856e+00
2.768000000000000000e+03 1.603295193509773009e+00
2.768800000000000182e+03 1.603655350001124136e+00
2.769599999999999909e+03 1.602459254598492366e+00
2.770400000000000091e+03 1.607931231451497300e+00
2.771099999999999909e+03 1.605844953992853874e+00
2.771900000000000091e+03 1.603090076836005684e+00
2.772699999999999818e+03 1.602780335171598569e+00
2.773500000000000000e+03 1.599577607481846631e+00
2.774300000000000182e+03 1.603271368262363383e+00
2.775099999999999909e+03 1.603627444742069308e+00
2.775800000000000182e+03 1.601979530297530596e+00
2.776599999999999909e+03 1.605674248081929489e+00
2.777400000000000091e+03 1.604247624832558339e+00
2.778199999999999818e+03 1.604379104074795004e+00
2.779000000000000000e+03 1.608297573959064142e+00
2.779699999999999818e+03 1.605977517178083236e+00
2.780500000000000000e+03 1.604324603308521446e+00
2.781300000000000182e+03 1.609804173154621765e+00
2.782099999999999909e+03 1.608596152486725828e+00
2.782900000000000091e+03 1.604710845072548686e+00
2.783699999999999818e+03 1.603054031695976045e+00
2.784400000000000091e+03 1.605188801366007612e+00
2.785199999999999818e+03 1.601298739188996345e+00
2.786000000000000000e+03 1.602316867733450945e+00
2.786800000000000182e+03 1.608246130999229084e+00
2.787599999999999909e+03 1.604575887689040581e+00
2.788300000000000182e+03 1.609390152427276899e+00
2.789099999999999909e+03 1.605047383761075475e+00
2.789900000000000091e+03 1.606734625142615558e+00
2.790699999999999818e+03 1.607304638067188929e+00
2.791500000000000000e+03 1.598263420421607961e+00
2.792199999999999818e+03 1.603301863175109920e+00
2.793000000000000000e+03 1.602304599869631696e+00
2.793800000000000182e+03 1.607568340771743376e+00
2.794599999999999909e+03 1.601201885251898549e+00
2.795300000000000182e+03 1.602215457915276087e+00
2.796099999999999909e+03 1.604571524127371474e+00
2.796900000000000091e+03 1.607375598259545013e+00
2.797699999999999818e+03 1.602568812987057667e+00
2.798500000000000000e+03 1.598207368946980456e+00
2.799199999999999818e+03 1.602129937071031573e+00
2.800000000000000000e+03 1.604261521547621694e+00
2.800800000000000182e+03 1.602584673938873161e+00
2.801599999999999909e+03 1.606284722915304330e+00
2.802400000000000091e+03 1.605278931196662873e+00
2.803099999999999909e+03 1.599564492764560475e+00
2.803900000000000091e+03 1.603040340681927134e+00
2.804699999999999818e+03 1.600686137349750737e+00
2.805500000000000000e+03 1.602143769861094968e+00
2.806199999999999818e+03 1.602030991548033523e+00
2.807000000000000000e+03 1.603488473056433605e+00
2.807800000000000182e+03 1.599334937243141574e+00
2.808599999999999909e+03 1.598097624562941466e+00
2.809300000000000182e+03 1.605616136248122494e+00
2.810099999999999909e+03 1.605726106161337263e+00
2.810900000000000091e+03 1.604263312637141059e+00
2.811699999999999818e+03 1.603922827901817838e+00
2.812400000000000091e+03 1.600885246509801352e+00
2.813199999999999818e+03 1.601891645031944256e+00
2.814000000000000000e+03 1.599076429742984917e+00
2.814800000000000182e+03 1.604578953698540200e+00
2.815500000000000000e+03 1.606485046320888399e+00
2.816300000000000182e+03 1.601193645744310778e+00
2.817099999999999909e+03 1.600624332732633048e+00
2.817900000000000091e+03 1.605905034530544784e+00
2.818599999999999909e+03 1.604210409523710412e+00
2.819400000000000091e+03 1.599588342609270741e+00
2.820199999999999818e+03 1.603970377472010655e+00
2.821000000000000000e+03 1.607002645105177985e+00
2.821699999999999818e+03 1.603728967298072128e+00
2.822500000000000000e+03 1.599552563165619556e+00
2.823300000000000182e+03 1.602359604436629059e+00
2.824099999999999909e+03 1.599307669295319201e+00
2.824800000000000182e+03 1.603918669738330305e+00
2.825599999999999909e+03 1.601090849291648022e+00
2.826400000000000091e+03 1.604125010715031330e+00
2.827099999999999909e+03 1.600844604070399635e+00
2.827900000000000091e+03 1.605684346253425376e+00
2.828699999999999818e+03 1.600597443337147485e+00
2.829500000000000000e+03 1.601602001263798369e+00
2.830199999999999818e+03 1.603058285342275013e+00
2.831000000000000000e+03 1.603386123868450142e+00
2.831800000000000182e+03 1.602584862105169261e+00
2.832500000000000000e+03 1.601557321758284802e+00
2.833300000000000182e+03 1.603692055049107612e+00
2.834099999999999909e+03 1.604697774629685769e+00
2.834900000000000091e+03 1.600505810366164905e+00
2.835599999999999909e+03 1.605127913441714904e+00
2.836400000000000091e+03 1.604325649416349364e+00
2.837199999999999818e+03 1.603749185984997938e+00
2.837900000000000091e+03 1.603851021672092036e+00
2.838699999999999818e+03 1.605084014684802884e+00
2.839500000000000000e+03 1.607901384096354080e+00
2.840300000000000182e+03 1.604835786772713657e+00
2.841000000000000000e+03 1.603579877651529761e+00
2.841800000000000182e+03 1.599833127929021437e+00
2.842599999999999909e+03 1.605822105015162427e+00
2.843300000000000182e+03 1.605698304921720609e+00
2.844099999999999909e+03 1.605801086227139685e+00
2.844900000000000091e+03 1.604771122477004486e+00
2.845599999999999909e+03 1.605100609484557461e+00
2.846400000000000091e+03 1.604297023842515824e+00
2.847199999999999818e+03 1.603266555118014081e+00
2.847900000000000091e+03 1.607451224977539894e+00
2.848699999999999818e+03 1.603926497669941664e+00
2.849500000000000000e+03 1.608113288216781234e+00
2.850199999999999818e+03 1.606629687600681589e+00
2.851000000000000000e+03 1.604011044817298837e+00
2.851800000000000182e+03 1.605023239308009053e+00
2.852500000000000000e+03 1.603765840421897737e+00
2.853300000000000182e+03 1.611363783094700519e+00
2.854099999999999909e+03 1.603521414376136267e+00
2.854800000000000182e+03 1.604989611672273719e+00
2.855599999999999909e+03 1.603050665655236573e+00
2.856400000000000091e+03 1.600884005367553486e+00
2.857099999999999909e+03 1.602353417635318689e+00
2.857900000000000091e+03 1.602232385922561564e+00
2.858699999999999818e+03 1.600747369351322558e+00
2.859400000000000091e+03 1.603128273642008494e+00
2.860199999999999818e+03 1.612561895351256158e+00
2.861000000000000000e+03 1.606756373114192504e+00
2.861699999999999818e+03 1.609823584609274549e+00
2.862500000000000000e+03 1.605609208425093470e+00
2.863300000000000182e+03 1.607312304887622112e+00
2.864000000000000000e+03 1.607878032484972852e+00
2.864800000000000182e+03 1.608672124051198082e+00
2.865599999999999909e+03 1.605139206019098097e+00
2.866300000000000182e+03 1.605933935946571189e+00
2.867099999999999909e+03 1.603539315823553135e+00
2.867900000000000091e+03 1.601600038401481907e+00
2.868599999999999909e+03 1.605587269559418218e+00
2.869400000000000091e+03 1.611628505999522121e+00
2.870199999999999818e+03 1.602393759634518577e+00
2.870900000000000091e+03 1.603875986078340476e+00
2.871699999999999818e+03 1.600340421191449147e+00
2.872400000000000091e+03 1.607300060030128375e+00
2.873199999999999818e+03 1.608557444549367332e+00
2.874000000000000000e+03 1.608218015051183336e+00
2.874699999999999818e+03 1.604226072735861264e+00
2.875500000000000000e+03 1.610052292907651506e+00
2.876300000000000182e+03 1.606517085004872225e+00
2.877000000000000000e+03 1.604351729193967513e+00
2.877800000000000182e+03 1.609269167499808750e+00
2.878599999999999909e+03 1.606647635522676199e+00
2.879300000000000182e+03 1.606997158756957811e+00
2.880099999999999909e+03 1.607118815994134753e+00
2.880800000000000182e+03 1.604497201829246267e+00
2.881599999999999909e+03 1.604390981258331683e+00
2.882400000000000091e+03 1.607945382673506174e+00
2.883099999999999909e+03 1.611730612878809810e+00
2.883900000000000091e+03 1.602702960082622363e+00
2.884599999999999909e+03 1.609465467794001015e+00
2.885400000000000091e+03 1.610737001171191674e+00
2.886199999999999818e+03 1.614757383999828821e+00
2.886900000000000091e+03 1.613512642872630742e+00
2.887699999999999818e+03 1.612268127223792202e+00
2.888400000000000091e+03 1.614460424385396387e+00
2.889199999999999818e+03 1.615737695286509013e+00
2.890000000000000000e+03 1.615182646234580410e+00
2.890699999999999818e+03 1.612335744309803420e+00
2.891500000000000000e+03 1.618659771619259224e+00
2.892199999999999818e+03 1.618795189540201962e+00
2.893000000000000000e+03 1.616637716496183819e+00
2.893800000000000182e+03 1.622509694152614923e+00
2.894500000000000000e+03 1.615764476804447236e+00
2.895300000000000182e+03 1.623017131647508604e+00
2.896000000000000000e+03 1.626141520826994480e+00
2.896800000000000182e+03 1.626971994587208092e+00
2.897599999999999909e+03 1.624359054155545712e+00
2.898300000000000182e+03 1.625650474326393757e+00
2.899099999999999909e+03 1.627172933011179490e+00
2.899800000000000182e+03 1.625939571423339558e+00
2.900599999999999909e+03 1.630681689387887268e+00
2.901400000000000091e+03 1.626232190180851411e+00
2.902099999999999909e+03 1.625690129500640513e+00
2.902900000000000091e+03 1.632047047684853869e+00
2.903599999999999909e+03 1.627367768192704123e+00
2.904400000000000091e+03 1.627978298915056188e+00
2.905099999999999909e+03 1.629510227665654565e+00
2.905900000000000091e+03 1.628972497500809968e+00
2.906699999999999818e+03 1.626594086822840346e+00
2.907400000000000091e+03 1.628129186448810106e+00
2.908199999999999818e+03 1.624830397019456640e+00
2.908900000000000091e+03 1.630743138174807427e+00
2.909699999999999818e+03 1.633434211792960111e+00
2.910400000000000091e+03 1.630828280105951267e+00
2.911199999999999818e+03 1.626839630827441985e+00
2.911900000000000091e+03 1.627920762936520438e+00
2.912699999999999818e+03 1.622548639412295657e+00
2.913500000000000000e+03 1.625936723892603242e+00
2.914199999999999818e+03 1.625867858598652793e+00
2.915000000000000000e+03 1.620264193802820829e+00
2.915699999999999818e+03 1.629885158234266607e+00
2.916500000000000000e+03 1.628665895394814322e+00
2.917199999999999818e+03 1.626062321078678208e+00
2.918000000000000000e+03 1.616764594185518211e+00
2.918699999999999818e+03 1.628704404928676297e+00
2.919500000000000000e+03 1.628180155597958034e+00
2.920300000000000182e+03 1.623268310238688894e+00
2.921000000000000000e+03 1.620434476633996645e+00
2.921800000000000182e+03 1.619448797143724361e+00
2.922500000000000000e+03 1.626089632453345368e+00
2.923300000000000182e+03 1.626493155307481064e+00
2.924000000000000000e+03 1.624123494397060607e+00
2.924800000000000182e+03 1.628459284871733193e+00
2.925500000000000000e+03 1.625859485163274831e+00
2.926300000000000182e+03 1.622102951559200035e+00
2.927000000000000000e+03 1.628756864212372868e+00
2.927800000000000182e+03 1.624075478593538735e+00
2.928500000000000000e+03 1.622864793316803222e+00
2.929300000000000182e+03 1.619339553542890942e+00
2.930000000000000000e+03 1.622296700324695973e+00
2.930800000000000182e+03 1.628034681389900040e+00
2.931599999999999909e+03 1.617330526692694281e+00
2.932300000000000182e+03 1.620291326584023972e+00
2.933099999999999909e+03 1.620010093301784915e+00
2.933800000000000182e+03 1.629463147476791551e+00
2.934599999999999909e+03 1.623621937718011443e+00
2.935300000000000182e+03 1.625198173217808240e+00
2.936099999999999909e+03 1.623065585107084541e+00
2.936800000000000182e+03 1.633225169697832380e+00
2.937599999999999909e+03 1.631558695765297440e+00
2.938300000000000182e+03 1.629196259223703036e+00
2.939099999999999909e+03 1.631474852392706953e+00
2.939800000000000182e+03 1.631666063085775775e+00
2.940599999999999909e+03 1.621875617795582647e+00
2.941300000000000182e+03 1.635765838775234071e+00
2.942099999999999909e+03 1.628296181034310175e+00
2.942800000000000182e+03 1.629418747098261733e+00
2.943599999999999909e+03 1.627522164291542284e+00
2.944300000000000182e+03 1.631667087331315047e+00
2.945099999999999909e+03 1.630468710288164758e+00
2.945800000000000182e+03 1.629270492960251948e+00
2.946599999999999909e+03 1.626677419082795728e+00
2.947300000000000182e+03 1.630130115506374988e+00
2.948099999999999909e+03 1.627769977192162765e+00
2.948800000000000182e+03 1.623083186869410222e+00
2.949599999999999909e+03 1.628632941453195038e+00
2.950300000000000182e+03 1.616731306453943917e+00
2.951099999999999909e+03 1.629033177891263673e+00
2.951800000000000182e+03 1.626906099785505377e+00
2.952599999999999909e+03 1.628271496090341941e+00
2.953300000000000182e+03 1.623349701730617101e+00
2.954000000000000000e+03 1.624250008924994049e+00
2.954800000000000182e+03 1.618161606909494843e+00
2.955500000000000000e+03 1.623489686835088541e+00
2.956300000000000182e+03 1.623692633122836293e+00
2.957000000000000000e+03 1.616669494279378894e+00
2.957800000000000182e+03 1.618504139540171360e+00
2.958500000000000000e+03 1.622205473851470403e+00
2.959300000000000182e+03 1.619844149443715464e+00
2.960000000000000000e+03 1.617248986018404278e+00
2.960800000000000182e+03 1.613953175090393932e+00
2.961500000000000000e+03 1.617891153395690784e+00
2.962300000000000182e+03 1.613194296508459358e+00
2.963000000000000000e+03 1.616433783721372031e+00
2.963800000000000182e+03 1.613136480425186647e+00
2.964500000000000000e+03 1.610071737042006124e+00
2.965300000000000182e+03 1.612378797731887303e+00
2.966000000000000000e+03 1.619827026674205861e+00
2.966699999999999818e+03 1.611387687343674324e+00
2.967500000000000000e+03 1.615099229797110514e+00
2.968199999999999818e+03 1.611331607301225377e+00
2.969000000000000000e+03 1.611303764781253589e+00
2.969699999999999818e+03 1.610340588331619305e+00
2.970500000000000000e+03 1.612651796093899081e+00
2.971199999999999818e+03 1.607477643092868114e+00
2.972000000000000000e+03 1.610257302170088556e+00
2.972699999999999818e+03 1.613272077478332456e+00
2.973400000000000091e+03 1.608329343841637726e+00
2.974199999999999818e+03 1.608067207721903147e+00
2.974900000000000091e+03 1.608273290633311259e+00
2.975699999999999818e+03 1.606605740691638307e+00
2.976400000000000091e+03 1.607514300714531386e+00
2.977199999999999818e+03 1.606314458031796732e+00
2.977900000000000091e+03 1.606988799977697502e+00
2.978699999999999818e+03 1.608600816506570608e+00
2.979400000000000091e+03 1.603180478999284286e+00
2.980099999999999909e+03 1.604792108129631911e+00
2.980900000000000091e+03 1.611094466996132235e+00
2.981599999999999909e+03 1.604732823581724421e+00
2.982400000000000091e+03 1.611037119886810531e+00
2.983099999999999909e+03 1.605141953180627690e+00
2.983900000000000091e+03 1.600652483215134314e+00
2.984599999999999909e+03 1.605080930742779577e+00
2.985300000000000182e+03 1.607162969769229788e+00
2.986099999999999909e+03 1.607132091847710997e+00
2.986800000000000182e+03 1.606396284254763662e+00
2.987599999999999909e+03 1.604720227405327160e+00
2.988300000000000182e+03 1.607742198069370243e+00
2.989000000000000000e+03 1.608414956183045863e+00
2.989800000000000182e+03 1.605561983913278645e+00
2.990500000000000000e+03 1.609289809227238743e+00
2.991300000000000182e+03 1.606670188744642624e+00
2.992000000000000000e+03 1.604754636367884402e+00
2.992699999999999818e+03 1.604719579115957639e+00
2.993500000000000000e+03 1.606330786398988186e+00
2.994199999999999818e+03 1.607000863079810049e+00
2.995000000000000000e+03 1.606729263519855122e+00
2.995699999999999818e+03 1.611635483963294035e+00
2.996500000000000000e+03 1.605006874301704300e+00
2.997199999999999818e+03 1.608029596255700966e+00
2.997900000000000091e+03 1.611288312265864331e+00
2.998699999999999818e+03 1.602769581076590510e+00
2.999400000000000091e+03 1.607676418005345997e+00
3.000099999999999909e+03 1.603394139278179420e+00
3.000900000000000091e+03 1.607123029771951650e+00
3.001599999999999909e+03 1.607080814335147601e+00
3.002400000000000091e+03 1.608216702586193314e+00
3.003099999999999909e+03 1.599919409673125514e+00
3.003800000000000182e+03 1.597514852129707563e+00
3.004599999999999909e+03 1.604308960791155814e+00
3.005300000000000182e+03 1.603554308833081921e+00
3.006099999999999909e+03 1.600674569424397786e+00
3.006800000000000182e+03 1.603221754143000499e+00
3.007500000000000000e+03 1.599158723167185769e+00
3.008300000000000182e+03 1.607607858357247510e+00
3.009000000000000000e+03 1.600472129065330318e+00
3.009699999999999818e+03 1.599946737258218343e+00
3.010500000000000000e+03 1.603200258897032882e+00
3.011199999999999818e+03 1.600546570677427116e+00
3.012000000000000000e+03 1.600727011515498344e+00
3.012699999999999818e+03 1.600670132584931515e+00
3.013400000000000091e+03 1.599902936059801606e+00
3.014199999999999818e+03 1.602917953247673388e+00
3.014900000000000091e+03 1.596708996917092005e+00
3.015599999999999909e+03 1.599958981102088895e+00
3.016400000000000091e+03 1.602026088496844913e+00
3.017099999999999909e+03 1.599833292528044293e+00
3.017900000000000091e+03 1.599532105557045947e+00
3.018599999999999909e+03 1.603490850344903684e+00
3.019300000000000182e+03 1.606502850746215572e+00
3.020099999999999909e+03 1.599094942097750494e+00
3.020800000000000182e+03 1.596894125112466867e+00
3.021500000000000000e+03 1.603219877525843273e+00
3.022300000000000182e+03 1.603860132773141878e+00
3.023000000000000000e+03 1.606158433452968826e+00
3.023699999999999818e+03 1.603715827879087286e+00
3.024500000000000000e+03 1.603641980350813290e+00
3.025199999999999818e+03 1.599298881130022609e+00
3.025900000000000091e+03 1.603490902937531937e+00
3.026699999999999818e+03 1.603176476724282651e+00
3.027400000000000091e+03 1.602386349532732401e+00
3.028099999999999909e+03 1.600408397250994819e+00
3.028900000000000091e+03 1.601988648472470356e+00
3.029599999999999909e+03 1.606654287212204935e+00
3.030300000000000182e+03 1.602061185607817073e+00
3.031099999999999909e+03 1.605301610623219855e+00
3.031800000000000182e+03 1.604267045859775198e+00
3.032500000000000000e+03 1.607982015460818426e+00
3.033300000000000182e+03 1.602906385848377191e+00
3.034000000000000000e+03 1.604956898711644708e+00
3.034699999999999818e+03 1.604868006961643667e+00
3.035500000000000000e+03 1.599072746927985289e+00
3.036199999999999818e+03 1.605400280430000270e+00
3.036900000000000091e+03 1.602930232986860437e+00
3.037699999999999818e+03 1.607831588561168923e+00
3.038400000000000091e+03 1.601790648655562199e+00
3.039099999999999909e+03 1.599553473721301078e+00
3.039900000000000091e+03 1.604453818904215012e+00
3.040599999999999909e+03 1.601738258909627399e+00
3.041300000000000182e+03 1.608543269527847652e+00
3.042099999999999909e+03 1.604634948869953837e+00
3.042800000000000182e+03 1.605725375411648503e+00
3.043500000000000000e+03 1.601574989580179187e+00
3.044300000000000182e+03 1.601472139025832186e+00
3.045000000000000000e+03 1.603751070232850129e+00
3.045699999999999818e+03 1.602455057352958789e+00
3.046500000000000000e+03 1.601872724156085503e+00
3.047199999999999818e+03 1.607010989939284373e+00
3.047900000000000091e+03 1.607142740436756645e+00
3.048599999999999909e+03 1.601549812248699078e+00
3.049400000000000091e+03 1.603109993486860230e+00
3.050099999999999909e+03 1.604192670732355719e+00
3.050800000000000182e+03 1.606229310727314896e+00
3.051599999999999909e+03 1.608981770231868058e+00
3.052300000000000182e+03 1.603379639405027035e+00
3.053000000000000000e+03 1.605175809233274409e+00
3.053800000000000182e+03 1.607688114143916325e+00
3.054500000000000000e+03 1.608528613694643949e+00
3.055199999999999818e+03 1.606979793959159686e+00
3.055900000000000091e+03 1.603757133795832290e+00
3.056699999999999818e+03 1.608179226166158493e+00
3.057400000000000091e+03 1.607582975830724514e+00
3.058099999999999909e+03 1.604834261543993890e+00
3.058900000000000091e+03 1.605191887054279176e+00
3.059599999999999909e+03 1.603635765896606724e+00
3.060300000000000182e+03 1.606622574594830821e+00
3.061000000000000000e+03 1.608413552586758222e+00
3.061800000000000182e+03 1.602787332861585590e+00
3.062500000000000000e+03 1.610080586148022075e+00
3.063199999999999818e+03 1.609237946520905460e+00
3.064000000000000000e+03 1.610069921301849005e+00
3.064699999999999818e+03 1.606352261134954995e+00
3.065400000000000091e+03 1.606464044464552376e+00
3.066099999999999909e+03 1.603940445629874034e+00
3.066900000000000091e+03 1.610997425441603959e+00
3.067599999999999909e+03 1.608232608759737392e+00
3.068300000000000182e+03 1.609060670431441631e+00
3.069000000000000000e+03 1.607970806987093271e+00
3.069800000000000182e+03 1.608557894022792034e+00
3.070500000000000000e+03 1.604349090026076619e+00
3.071199999999999818e+03 1.603495408435006597e+00
3.072000000000000000e+03 1.604079809578845994e+00
3.072699999999999818e+03 1.607782323858673701e+00
3.073400000000000091e+03 1.609325991721216820e+00
3.074099999999999909e+03 1.613749238319728496e+00
3.074900000000000091e+03 1.608332448956755867e+00
3.075599999999999909e+03 1.610835150017738471e+00
3.076300000000000182e+03 1.610456759225128431e+00
3.077000000000000000e+03 1.609116944797112092e+00
3.077800000000000182e+03 1.603692731730900434e+00
3.078500000000000000e+03 1.609076388967411786e+00
3.079199999999999818e+03 1.607253011930606768e+00
3.079900000000000091e+03 1.606389581396962418e+00
3.080699999999999818e+03 1.603361943274321133e+00
3.081400000000000091e+03 1.608746609660113513e+00
3.082099999999999909e+03 1.608602299731122232e+00
3.082800000000000182e+03 1.606052424098296294e+00
3.083599999999999909e+03 1.603741524899086279e+00
3.084300000000000182e+03 1.605518838976229379e+00
3.085000000000000000e+03 1.609461624667253066e+00
3.085699999999999818e+03 1.608110764205253007e+00
3.086500000000000000e+03 1.604592527220987996e+00
3.087199999999999818e+03 1.608053804291213140e+00
3.087900000000000091e+03 1.605496166377168965e+00
3.088599999999999909e+03 1.604863573658198872e+00
3.089300000000000182e+03 1.604470989664350977e+00
3.090099999999999909e+03 1.604559452855859547e+00
3.090800000000000182e+03 1.602719745785669669e+00
3.091500000000000000e+03 1.606903499038515815e+00
3.092199999999999818e+03 1.608918810980999980e+00
3.093000000000000000e+03 1.605148462761389450e+00
3.093699999999999818e+03 1.599929506160920445e+00
3.094400000000000091e+03 1.605560161609520753e+00
3.095099999999999909e+03 1.599855854898380558e+00
3.095800000000000182e+03 1.601868641833897211e+00
3.096599999999999909e+03 1.605087935996668103e+00
3.097300000000000182e+03 1.606859810187233117e+00
3.098000000000000000e+03 1.599459832696857653e+00
3.098699999999999818e+03 1.602678608644972247e+00
3.099500000000000000e+03 1.603483429592746035e+00
3.100199999999999818e+03 1.600907092514378682e+00
3.100900000000000091e+03 1.604850652869052041e+00
3.101599999999999909e+03 1.601306229310882401e+00
3.102300000000000182e+03 1.605733320708522482e+00
3.103099999999999909e+03 1.607986473042791742e+00
3.103800000000000182e+03 1.602988902189104170e+00
3.104500000000000000e+03 1.606691697473883185e+00
3.105199999999999818e+03 1.604350692998206762e+00
3.105900000000000091e+03 1.599590119910204056e+00
3.106699999999999818e+03 1.601357719716683725e+00
3.107400000000000091e+03 1.606512082896003335e+00
3.108099999999999909e+03 1.601022011864019046e+00
3.108800000000000182e+03 1.607628987190223402e+00
3.109500000000000000e+03 1.601652144275147460e+00
3.110300000000000182e+03 1.606565977726867933e+00
3.111000000000000000e+03 1.606396621950042292e+00
3.111699999999999818e+03 1.605984562697331919e+00
3.112400000000000091e+03 1.600001375125465364e+00
3.113099999999999909e+03 1.605885283893187410e+00
3.113900000000000091e+03 1.603533259517264886e+00
3.114599999999999909e+03 1.604330119922976028e+00
3.115300000000000182e+03 1.609246925947750428e+00
3.116000000000000000e+03 1.607377684783098282e+00
3.116699999999999818e+03 1.608416676061905859e+00
3.117500000000000000e+03 1.606788240916090293e+00
3.118199999999999818e+03 1.603461127626196525e+00
3.118900000000000091e+03 1.603770953784022346e+00
3.119599999999999909e+03 1.604565667411490537e+00
3.120300000000000182e+03 1.602933730630107023e+00
3.121000000000000000e+03 1.602028889700449321e+00
3.121800000000000182e+03 1.601608785708667604e+00
3.122500000000000000e+03 1.602644765107753777e+00
3.123199999999999818e+03 1.603437872151838528e+00
3.123900000000000091e+03 1.602530861851779065e+00
3.124599999999999909e+03 1.607938436660781401e+00
3.125400000000000091e+03 1.605087592278456654e+00
3.126099999999999909e+03 1.601020505463363275e+00
3.126800000000000182e+03 1.600839965176381607e+00
3.127500000000000000e+03 1.604547937661104706e+00
3.128199999999999818e+03 1.603394772321437234e+00
3.128900000000000091e+03 1.607346819265191185e+00
3.129699999999999818e+03 1.605949816295382693e+00
3.130400000000000091e+03 1.600660409835105602e+00
3.131099999999999909e+03 1.606802278247273286e+00
3.131800000000000182e+03 1.603456966785862692e+00
3.132500000000000000e+03 1.601813602563058714e+00
3.133199999999999818e+03 1.603089979056596448e+00
3.133900000000000091e+03 1.601688744375628248e+00
3.134699999999999818e+03 1.606129933383281472e+00
3.135400000000000091e+03 1.604241051659816231e+00
3.136099999999999909e+03 1.603081857860640946e+00
3.136800000000000182e+03 1.604845030926107752e+00
3.137500000000000000e+03 1.606121210330059279e+00
3.138199999999999818e+03 1.607153828070549295e+00
3.139000000000000000e+03 1.605505648886861092e+00
3.139699999999999818e+03 1.602637850196522606e+00
3.140400000000000091e+03 1.602694304824968219e+00
3.141099999999999909e+03 1.604944975712435662e+00
3.141800000000000182e+03 1.601343128353745371e+00
3.142500000000000000e+03 1.599203274738833169e+00
3.143199999999999818e+03 1.599014059541248978e+00
3.144000000000000000e+03 1.601996432175718299e+00
3.144699999999999818e+03 1.603027228448312247e+00
3.145400000000000091e+03 1.605522546376848991e+00
3.146099999999999909e+03 1.601427281080153753e+00
3.146800000000000182e+03 1.605631720607564317e+00
3.147500000000000000e+03 1.600557810793016067e+00
3.148199999999999818e+03 1.604030272812461577e+00
3.149000000000000000e+03 1.604816580176674279e+00
3.149699999999999818e+03 1.604625633982234456e+00
3.150400000000000091e+03 1.601502092028173951e+00
3.151099999999999909e+03 1.606686822732537934e+00
3.151800000000000182e+03 1.606250952238429175e+00
3.152500000000000000e+03 1.608503978034722559e+00
3.153199999999999818e+03 1.604155528368903960e+00
3.153900000000000091e+03 1.603962934181210054e+00
3.154699999999999818e+03 1.606216054429174367e+00
3.155400000000000091e+03 1.602109106756104628e+00
3.156099999999999909e+03 1.604851618938539559e+00
3.156800000000000182e+03 1.602211024643098281e+00
3.157500000000000000e+03 1.602261723604082144e+00
3.158199999999999818e+03 1.601333061595561436e+00
3.158900000000000091e+03 1.603586817256143160e+00
3.159599999999999909e+03 1.604861619136495499e+00
3.160300000000000182e+03 1.605156994177283414e+00
3.161099999999999909e+03 1.605942215511148907e+00
3.161800000000000182e+03 1.600847583324365608e+00
3.162500000000000000e+03 1.605797679606728590e+00
3.163199999999999818e+03 1.604867374198686303e+00
3.163900000000000091e+03 1.601485449058513533e+00
3.164599999999999909e+03 1.604966673566405655e+00
3.165300000000000182e+03 1.605261330793768204e+00
3.166000000000000000e+03 1.602613114137841688e+00
3.166699999999999818e+03 1.604378873135296146e+00
3.167500000000000000e+03 1.604918498370386581e+00
3.168199999999999818e+03 1.603495335237297148e+00
3.168900000000000091e+03 1.601090015357269580e+00
3.169599999999999909e+03 1.602610748415661979e+00
3.170300000000000182e+03 1.605113752375303404e+00
3.171000000000000000e+03 1.605162324697461340e+00
3.171699999999999818e+03 1.604474151629148748e+00
3.172400000000000091e+03 1.605013614948445078e+00
3.173099999999999909e+03 1.606290048194513709e+00
3.173800000000000182e+03 1.608303807471705094e+00
3.174500000000000000e+03 1.606878183775088953e+00
3.175300000000000182e+03 1.606189263760529062e+00
3.176000000000000000e+03 1.606237407331178701e+00
3.176699999999999818e+03 1.607022965888341037e+00
3.177400000000000091e+03 1.607562833156666926e+00
3.178099999999999909e+03 1.605151925573288452e+00
3.178800000000000182e+03 1.602740178270382732e+00
3.179500000000000000e+03 1.608937048042724971e+00
3.180199999999999818e+03 1.609231260393309437e+00
3.180900000000000091e+03 1.607557003046836241e+00
3.181599999999999909e+03 1.605636055044797006e+00
3.182300000000000182e+03 1.606668125745135400e+00
3.183000000000000000e+03 1.604007776866139157e+00
3.183800000000000182e+03 1.606763341119175736e+00
3.184500000000000000e+03 1.608288440125944074e+00
3.185199999999999818e+03 1.607351009932486585e+00
3.185900000000000091e+03 1.607644916147341174e+00
3.186599999999999909e+03 1.609663489620680510e+00
3.187300000000000182e+03 1.607000814556912571e+00
3.188000000000000000e+03 1.606308875562909133e+00
3.188699999999999818e+03 1.608821055845363945e+00
3.189400000000000091e+03 1.610101346831356750e+00
3.190099999999999909e+03 1.609162895825193118e+00
3.190800000000000182e+03 1.612909640165764991e+00
3.191500000000000000e+03 1.609258174778100736e+00
3.192199999999999818e+03 1.605852221842912320e+00
3.192900000000000091e+03 1.604172231299482387e+00
3.193599999999999909e+03 1.608413948821255435e+00
3.194400000000000091e+03 1.610929369980636627e+00
3.195099999999999909e+03 1.607274607341041994e+00
3.195800000000000182e+03 1.609543711389099130e+00
3.196500000000000000e+03 1.610578926359599983e+00
3.197199999999999818e+03 1.611120535032973144e+00
3.197900000000000091e+03 1.606722461991027640e+00
3.198599999999999909e+03 1.611463102629906441e+00
3.199300000000000182e+03 1.610522628003784540e+00
3.200000000000000000e+03 1.612539963096270679e+00
