1.062999999999999972e+02 1.947880092262552765e+00
1.077000000000000028e+02 1.951457606267751999e+00
1.090000000000000000e+02 1.930653939441629774e+00
1.104000000000000057e+02 1.909965973437266040e+00
1.117000000000000028e+02 1.909335726051090809e+00
1.130000000000000000e+02 1.903575438286594590e+00
1.144000000000000057e+02 1.886749018841106462e+00
1.157000000000000028e+02 1.896876019316419804e+00
1.170999999999999943e+02 1.889059640718286914e+00
1.184000000000000057e+02 1.893778706693684200e+00
1.197999999999999972e+02 1.912932655776025559e+00
1.210999999999999943e+02 1.917912972306998753e+00
1.224000000000000057e+02 1.955160519005998410e+00
1.237999999999999972e+02 1.947439436302574656e+00
1.250999999999999943e+02 1.959835784597144581e+00
1.265000000000000000e+02 1.975472362956419037e+00
1.277999999999999972e+02 1.994081138319782731e+00
1.290999999999999943e+02 1.977802823478173266e+00
1.305000000000000000e+02 2.003569354146820025e+00
1.318000000000000114e+02 2.022303270953800691e+00
1.330999999999999943e+02 1.978513975876432518e+00
1.345000000000000000e+02 1.980848530450435963e+00
1.358000000000000114e+02 2.008356715709136875e+00
1.371999999999999886e+02 1.962459594128387774e+00
1.385000000000000000e+02 1.964753466504447932e+00
1.398000000000000114e+02 1.932208828115557164e+00
1.411999999999999886e+02 1.910069628818695797e+00
1.425000000000000000e+02 1.858347104449896037e+00
1.438000000000000114e+02 1.809022895115793172e+00
1.451999999999999886e+02 1.772408494038329785e+00
1.465000000000000000e+02 1.725445943257600145e+00
1.478000000000000114e+02 1.672876955564632784e+00
1.491999999999999886e+02 1.607093611248763931e+00
1.505000000000000000e+02 1.569096787442345153e+00
1.518000000000000114e+02 1.499954900686494508e+00
1.531999999999999886e+02 1.415811337134511128e+00
1.545000000000000000e+02 1.370881611267899647e+00
1.558000000000000114e+02 1.296951692810315304e+00
1.571999999999999886e+02 1.190734174132423995e+00
1.585000000000000000e+02 1.122252162220039207e+00
1.598000000000000114e+02 1.032759796893448545e+00
1.610999999999999943e+02 9.652442995848522500e-01
1.625000000000000000e+02 8.746647000406320149e-01
1.638000000000000114e+02 8.075697269776782594e-01
1.650999999999999943e+02 7.726942812587566101e-01
1.665000000000000000e+02 6.800119009235168210e-01
1.678000000000000114e+02 6.395831953385671120e-01
1.690999999999999943e+02 5.906560513651792910e-01
1.704000000000000057e+02 5.760349657226796483e-01
1.718000000000000114e+02 5.068269412987564948e-01
1.730999999999999943e+02 4.861184248655523454e-01
1.744000000000000057e+02 4.451754478375780089e-01
1.758000000000000114e+02 4.090951914040899529e-01
1.770999999999999943e+02 4.120118322350670992e-01
1.784000000000000057e+02 3.818519171594306205e-01
1.796999999999999886e+02 3.713146951206764967e-01
1.810999999999999943e+02 3.677082891898038608e-01
1.824000000000000057e+02 3.534074001567680812e-01
1.836999999999999886e+02 3.468580724925431902e-01
1.850000000000000000e+02 3.354857930892073403e-01
1.864000000000000057e+02 3.549848045644153349e-01
1.876999999999999886e+02 3.631043048483721947e-01
1.890000000000000000e+02 3.555926783054088602e-01
1.903000000000000114e+02 3.670689577585273256e-01
1.915999999999999943e+02 3.733131323791836764e-01
1.930000000000000000e+02 3.707600656101063819e-01
1.943000000000000114e+02 3.900887152745349806e-01
1.955999999999999943e+02 4.011701797811330628e-01
1.969000000000000057e+02 4.333294799613901516e-01
1.981999999999999886e+02 4.546388773473819533e-01
1.995999999999999943e+02 4.812717088338003268e-01
2.009000000000000057e+02 4.943024295403358193e-01
2.021999999999999886e+02 5.388613050478582300e-01
2.035000000000000000e+02 5.773684411148787277e-01
2.048000000000000114e+02 5.892272321160805237e-01
2.061999999999999886e+02 6.202795977604822486e-01
2.075000000000000000e+02 6.801549075474639938e-01
2.088000000000000114e+02 6.970229193177139848e-01
2.100999999999999943e+02 7.373618031499994396e-01
2.114000000000000057e+02 8.006399715256734551e-01
2.126999999999999886e+02 8.096040914045559145e-01
2.140999999999999943e+02 8.589689516271434844e-01
2.154000000000000057e+02 8.926396229910709135e-01
2.166999999999999886e+02 9.378485177622014612e-01
2.180000000000000000e+02 9.720322222106801968e-01
2.193000000000000114e+02 1.041026601452204492e+00
2.205999999999999943e+02 1.068568793883458046e+00
2.220000000000000000e+02 1.101321120855138558e+00
2.233000000000000114e+02 1.158989847577870158e+00
2.245999999999999943e+02 1.193083582745888549e+00
2.259000000000000057e+02 1.232256520083063300e+00
2.271999999999999886e+02 1.282027762584815989e+00
2.285000000000000000e+02 1.337026524037469910e+00
2.298000000000000114e+02 1.362491456710813509e+00
2.310999999999999943e+02 1.408766677991144078e+00
2.325000000000000000e+02 1.428524483889320518e+00
2.338000000000000114e+02 1.467304996941274364e+00
2.350999999999999943e+02 1.485488296145697884e+00
2.364000000000000057e+02 1.541489146458706383e+00
2.376999999999999886e+02 1.551605280697275990e+00
2.390000000000000000e+02 1.570807027545453760e+00
2.403000000000000114e+02 1.583064896900211682e+00
2.415999999999999943e+02 1.588649935755308107e+00
2.429000000000000057e+02 1.597791750387069776e+00
2.441999999999999886e+02 1.577427613979480725e+00
2.455000000000000000e+02 1.583164671494650122e+00
2.469000000000000057e+02 1.561177602029892864e+00
2.481999999999999886e+02 1.570980278368444782e+00
2.495000000000000000e+02 1.533103376940357698e+00
2.508000000000000114e+02 1.498348871846369335e+00
2.520999999999999943e+02 1.461869135001685471e+00
2.534000000000000057e+02 1.423939632488869123e+00
2.546999999999999886e+02 1.388579149675774005e+00
2.560000000000000000e+02 1.363832073438898007e+00
2.573000000000000114e+02 1.325155638432455207e+00
2.586000000000000227e+02 1.305003543675217426e+00
2.598999999999999773e+02 1.253569899508027774e+00
2.611999999999999886e+02 1.223716439688365742e+00
2.625000000000000000e+02 1.204907054003281575e+00
2.638000000000000114e+02 1.162152167190484420e+00
2.651000000000000227e+02 1.129605986682908014e+00
2.663999999999999773e+02 1.109360243082495812e+00
2.676999999999999886e+02 1.057365227816117415e+00
2.690000000000000000e+02 1.040604561728284194e+00
2.703000000000000114e+02 1.023923250055772893e+00
2.716000000000000227e+02 9.946635090540442148e-01
2.728999999999999773e+02 9.671454145547819792e-01
2.741999999999999886e+02 9.344115338955513161e-01
2.755000000000000000e+02 9.213739484613497899e-01
2.768000000000000114e+02 8.695691100064660839e-01
2.781000000000000227e+02 8.732518122630342772e-01
2.793999999999999773e+02 8.441451157012231921e-01
2.806999999999999886e+02 8.365657798646838339e-01
2.820000000000000000e+02 7.933861413191118928e-01
2.833000000000000114e+02 7.756400605114396329e-01
2.846000000000000227e+02 7.395606427830994090e-01
2.858999999999999773e+02 7.134478051994663783e-01
2.871999999999999886e+02 6.758232924771945260e-01
2.885000000000000000e+02 6.375627437166431211e-01
2.898000000000000114e+02 6.117861873841484721e-01
2.911000000000000227e+02 5.792348675046142814e-01
2.923999999999999773e+02 5.540083568587222951e-01
2.936999999999999886e+02 5.221424642233409852e-01
2.950000000000000000e+02 5.142317918927943321e-01
2.963000000000000114e+02 4.890641211539376032e-01
2.976000000000000227e+02 4.724883304486595659e-01
2.988999999999999773e+02 4.559805483045569208e-01
3.001999999999999886e+02 4.669542810452407822e-01
3.015000000000000000e+02 4.517071052893407712e-01
3.028000000000000114e+02 4.502408604861901087e-01
3.041000000000000227e+02 4.342908941445200455e-01
3.053999999999999773e+02 4.434679036653110806e-01
3.066000000000000227e+02 4.310159184009992317e-01
3.078999999999999773e+02 4.326379779377054202e-01
3.091999999999999886e+02 4.271870002872106831e-01
3.105000000000000000e+02 4.192820169371950789e-01
3.118000000000000114e+02 3.988274019614052035e-01
3.131000000000000227e+02 4.141885725576475163e-01
3.143999999999999773e+02 4.097111985780906851e-01
3.156999999999999886e+02 3.887468248602688470e-01
3.170000000000000000e+02 3.902926335687890713e-01
3.183000000000000114e+02 3.766085096914251751e-01
3.196000000000000227e+02 3.763230533898749841e-01
3.208000000000000114e+02 3.593941872283201722e-01
3.221000000000000227e+02 3.640154697832367892e-01
3.233999999999999773e+02 3.862689148522165938e-01
3.246999999999999886e+02 3.655975460687771461e-01
3.260000000000000000e+02 3.643819837004351192e-01
3.273000000000000114e+02 3.667486677800973482e-01
3.286000000000000227e+02 3.774822793915226793e-01
3.298999999999999773e+02 3.901183930397955635e-01
3.311000000000000227e+02 3.953720524992937468e-01
3.323999999999999773e+02 3.964753401920412257e-01
3.336999999999999886e+02 4.279165666662264611e-01
3.350000000000000000e+02 4.381809632768172147e-01
3.363000000000000114e+02 4.414790486630817967e-01
3.376000000000000227e+02 4.585161333956986329e-01
3.388999999999999773e+02 4.664741542458521462e-01
3.401000000000000227e+02 4.733812816650813105e-01
3.413999999999999773e+02 4.999626217601847999e-01
3.426999999999999886e+02 4.807983614090395874e-01
3.440000000000000000e+02 4.969638050494764037e-01
3.453000000000000114e+02 4.993851416945939148e-01
3.465000000000000000e+02 5.093631944419554358e-01
3.478000000000000114e+02 5.188577699190768389e-01
3.491000000000000227e+02 5.052773110100241549e-01
3.503999999999999773e+02 5.140823922984765204e-01
3.516999999999999886e+02 5.327172876820660541e-01
3.530000000000000000e+02 5.357552832109248042e-01
3.541999999999999886e+02 5.407112659533834798e-01
3.555000000000000000e+02 5.498491652925989737e-01
3.568000000000000114e+02 5.667078208263778283e-01
3.581000000000000227e+02 5.811096101086433707e-01
3.593999999999999773e+02 5.940436041632287667e-01
3.606000000000000227e+02 5.793294832840605313e-01
3.618999999999999773e+02 5.918676014659065565e-01
3.631999999999999886e+02 5.982653205661033757e-01
3.645000000000000000e+02 6.030503586026572105e-01
3.658000000000000114e+02 6.161376845446306927e-01
3.670000000000000000e+02 6.106134872057220608e-01
3.683000000000000114e+02 6.274220523790781101e-01
3.696000000000000227e+02 6.186667947940379664e-01
3.708999999999999773e+02 6.434561959727896907e-01
3.721000000000000227e+02 6.474962449135014397e-01
3.733999999999999773e+02 6.418372618691068343e-01
3.746999999999999886e+02 6.531489679063862130e-01
3.760000000000000000e+02 6.341816481610064171e-01
3.771999999999999886e+02 6.611486518605981244e-01
3.785000000000000000e+02 6.687644357566757680e-01
3.798000000000000114e+02 6.783204132131869235e-01
3.811000000000000227e+02 6.851302562877972235e-01
3.823000000000000114e+02 6.900450304106334753e-01
3.836000000000000227e+02 6.984651504372074715e-01
3.848999999999999773e+02 6.801106983573559361e-01
3.861999999999999886e+02 6.871529450822098095e-01
3.873999999999999773e+02 6.924425694184119795e-01
3.886999999999999886e+02 6.777672602784704514e-01
3.900000000000000000e+02 6.697252984264159270e-01
3.911999999999999886e+02 6.700301326018731629e-01
3.925000000000000000e+02 6.635959238446667019e-01
3.938000000000000114e+02 6.646598434496633345e-01
3.951000000000000227e+02 6.520026150364142126e-01
3.963000000000000114e+02 6.512621353442877847e-01
3.976000000000000227e+02 6.387891529474735153e-01
3.988999999999999773e+02 6.278332054701872833e-01
4.001000000000000227e+02 6.199643713322799954e-01
4.013999999999999773e+02 6.079114644059536721e-01
4.026999999999999886e+02 5.945250900544376549e-01
4.038999999999999773e+02 6.062031212502745348e-01
4.051999999999999886e+02 5.995747627294297777e-01
4.065000000000000000e+02 5.734850325252606185e-01
4.076999999999999886e+02 5.947495753022837839e-01
4.090000000000000000e+02 5.747043491737204857e-01
4.103000000000000114e+02 5.666091606413254933e-01
4.115000000000000000e+02 5.753318232787267839e-01
4.128000000000000114e+02 5.803021350086645658e-01
4.141000000000000227e+02 5.709379334882400681e-01
4.153000000000000114e+02 5.632458837750685676e-01
4.166000000000000227e+02 5.572276311234181101e-01
4.178999999999999773e+02 5.586077976466335970e-01
4.191000000000000227e+02 5.565158905035959558e-01
4.203999999999999773e+02 5.540989278444423682e-01
4.216999999999999886e+02 5.530752671531320441e-01
4.228999999999999773e+02 5.491499481403556704e-01
4.241999999999999886e+02 5.572190720838979816e-01
4.255000000000000000e+02 5.606709198407228145e-01
4.266999999999999886e+02 5.536266187820343410e-01
4.280000000000000000e+02 5.680463884771518313e-01
4.291999999999999886e+02 5.643715338265319348e-01
4.305000000000000000e+02 5.745722473252370399e-01
4.318000000000000114e+02 5.833092199328279159e-01
4.330000000000000000e+02 5.683408349351685152e-01
4.343000000000000114e+02 5.635221705685939941e-01
4.355000000000000000e+02 5.800585993489211223e-01
4.368000000000000114e+02 5.656977872388686546e-01
4.381000000000000227e+02 5.748752772154437363e-01
4.393000000000000114e+02 5.836069173332980586e-01
4.406000000000000227e+02 5.913447663620337025e-01
4.418000000000000114e+02 6.103865211046490824e-01
4.431000000000000227e+02 6.310273337144847172e-01
4.443999999999999773e+02 6.519789471039678652e-01
4.456000000000000227e+02 6.825237673048942799e-01
4.468999999999999773e+02 7.418665982329852859e-01
4.481000000000000227e+02 7.856788925089526199e-01
4.493999999999999773e+02 8.630598573244986360e-01
4.506999999999999886e+02 9.453157507743726873e-01
4.518999999999999773e+02 1.006641334218773665e+00
4.531999999999999886e+02 1.054899113293959578e+00
4.543999999999999773e+02 1.090953423307154058e+00
4.556999999999999886e+02 1.079227171512553651e+00
4.568999999999999773e+02 1.072885204307400198e+00
4.581999999999999886e+02 1.053431446668053439e+00
4.593999999999999773e+02 1.021082064474101214e+00
4.606999999999999886e+02 9.682459239005221097e-01
4.620000000000000000e+02 9.120107442814113785e-01
4.631999999999999886e+02 8.744595218211481669e-01
4.645000000000000000e+02 8.221431052578828114e-01
4.656999999999999886e+02 7.795338229609473091e-01
4.670000000000000000e+02 7.346066583932114868e-01
4.681999999999999886e+02 7.027538351836175590e-01
4.695000000000000000e+02 6.800746149083281011e-01
4.706999999999999886e+02 6.509760917035642969e-01
4.720000000000000000e+02 6.348519669982853886e-01
4.731999999999999886e+02 6.135018983644405788e-01
4.745000000000000000e+02 5.977604106350828950e-01
4.756999999999999886e+02 5.893767448795130814e-01
4.770000000000000000e+02 5.781460992005722499e-01
4.781999999999999886e+02 5.582140406059180604e-01
4.795000000000000000e+02 5.632346558516170276e-01
4.806999999999999886e+02 5.624438199043353404e-01
4.820000000000000000e+02 5.538099225416677207e-01
4.831999999999999886e+02 5.334161173850612281e-01
4.845000000000000000e+02 5.286411277516256391e-01
4.856999999999999886e+02 5.234081177940990148e-01
4.870000000000000000e+02 5.213413336819046062e-01
4.881999999999999886e+02 5.186730854477306085e-01
4.895000000000000000e+02 5.135175933890059330e-01
4.906999999999999886e+02 5.021013419649582588e-01
4.920000000000000000e+02 5.034295729587175972e-01
4.931999999999999886e+02 4.921112240159686291e-01
4.945000000000000000e+02 5.026901658312149523e-01
4.956999999999999886e+02 4.998952915250995388e-01
4.970000000000000000e+02 4.933036499788389095e-01
4.981999999999999886e+02 5.006372356114892064e-01
4.993999999999999773e+02 4.941506392452595375e-01
5.006999999999999886e+02 4.856077016480708219e-01
5.018999999999999773e+02 4.867833980141728079e-01
5.031999999999999886e+02 4.924497208160890649e-01
5.043999999999999773e+02 4.989737115900185205e-01
5.056999999999999886e+02 4.807501616153225243e-01
5.068999999999999773e+02 4.831649366056693928e-01
5.081999999999999886e+02 4.865825948542054635e-01
5.093999999999999773e+02 4.764449003779938629e-01
5.106000000000000227e+02 4.863820698810926713e-01
5.118999999999999773e+02 4.808673753858889732e-01
5.131000000000000227e+02 4.753337208705363803e-01
5.143999999999999773e+02 4.861029426439344991e-01
5.156000000000000227e+02 4.774747554732088339e-01
5.168999999999999773e+02 4.784493663339544067e-01
5.181000000000000227e+02 4.630756452092372188e-01
5.192999999999999545e+02 4.759773820201166350e-01
5.206000000000000227e+02 4.754471143976539693e-01
5.217999999999999545e+02 4.619133505069812351e-01
5.231000000000000227e+02 4.584302798296717718e-01
5.242999999999999545e+02 4.736194046775219491e-01
5.255000000000000000e+02 4.642668057901355727e-01
5.267999999999999545e+02 4.562101871424882882e-01
5.280000000000000000e+02 4.674217806566730027e-01
5.292999999999999545e+02 4.571419933378692568e-01
5.305000000000000000e+02 4.553218094642524916e-01
5.317000000000000455e+02 4.492471516150297606e-01
5.330000000000000000e+02 4.492985063675388746e-01
5.342000000000000455e+02 4.446558019568327969e-01
5.353999999999999773e+02 4.550680964739945988e-01
5.367000000000000455e+02 4.521548789314503991e-01
5.378999999999999773e+02 4.518624968090954042e-01
5.392000000000000455e+02 4.361838708592298275e-01
5.403999999999999773e+02 4.409885603965128520e-01
5.416000000000000227e+02 4.475411728522271093e-01
5.428999999999999773e+02 4.451472779410988179e-01
5.441000000000000227e+02 4.376111299242709807e-01
5.452999999999999545e+02 4.404675195232831131e-01
5.466000000000000227e+02 4.389151644009434694e-01
5.477999999999999545e+02 4.333911193656212468e-01
5.490000000000000000e+02 4.463362985499366165e-01
5.502999999999999545e+02 4.319859271005465073e-01
5.515000000000000000e+02 4.366966677552515108e-01
5.527000000000000455e+02 4.312703269709472487e-01
5.540000000000000000e+02 4.327318922147166402e-01
5.552000000000000455e+02 4.432892657149379301e-01
5.563999999999999773e+02 4.365078122477479838e-01
5.577000000000000455e+02 4.383821256847966752e-01
5.588999999999999773e+02 4.323114903633922812e-01
5.601000000000000227e+02 4.394582749168434721e-01
5.613999999999999773e+02 4.407176560206537141e-01
5.626000000000000227e+02 4.388799471844881950e-01
5.637999999999999545e+02 4.358554608744944492e-01
5.650000000000000000e+02 4.287008361437639192e-01
5.662999999999999545e+02 4.334548223917565335e-01
5.675000000000000000e+02 4.302533901728186616e-01
5.687000000000000455e+02 4.372014363080001242e-01
5.700000000000000000e+02 4.392844080109954419e-01
5.712000000000000455e+02 4.236834253879287471e-01
5.723999999999999773e+02 4.307576634492499279e-01
5.736000000000000227e+02 4.310481086626389291e-01
5.748999999999999773e+02 4.319206513207713982e-01
5.761000000000000227e+02 4.380940386220969485e-01
5.772999999999999545e+02 4.385112949800180071e-01
5.786000000000000227e+02 4.355287642685376492e-01
5.797999999999999545e+02 4.388822665725296002e-01
5.810000000000000000e+02 4.379505936162079727e-01
5.822000000000000455e+02 4.337642095165926692e-01
5.835000000000000000e+02 4.548172328305554735e-01
5.847000000000000455e+02 4.292057211830691554e-01
5.858999999999999773e+02 4.382896008084422035e-01
5.871000000000000227e+02 4.463372741954353407e-01
5.883999999999999773e+02 4.425598131255760181e-01
5.896000000000000227e+02 4.374443721479845948e-01
5.907999999999999545e+02 4.462191398131890030e-01
5.920000000000000000e+02 4.465627812880608727e-01
5.932999999999999545e+02 4.494158451536944821e-01
5.945000000000000000e+02 4.605505462416300544e-01
5.957000000000000455e+02 4.653216425346233809e-01
5.968999999999999773e+02 4.618005637509219885e-01
5.981000000000000227e+02 4.787052036246488562e-01
5.993999999999999773e+02 4.722141737342004930e-01
6.006000000000000227e+02 4.796395907110313495e-01
6.017999999999999545e+02 4.795077539348083229e-01
6.030000000000000000e+02 4.795197748430505835e-01
6.042999999999999545e+02 4.638152170206889524e-01
6.055000000000000000e+02 4.790867093745964089e-01
6.067000000000000455e+02 4.722648545013773402e-01
6.078999999999999773e+02 4.685510947041423568e-01
6.091000000000000227e+02 4.735856965720078859e-01
6.103999999999999773e+02 4.694182382224718064e-01
6.116000000000000227e+02 4.659877008796210474e-01
6.127999999999999545e+02 4.668579948314491856e-01
6.140000000000000000e+02 4.721807085487592093e-01
6.152000000000000455e+02 4.665110932221043782e-01
6.165000000000000000e+02 4.746532723375384011e-01
6.177000000000000455e+02 4.707593574765639444e-01
6.188999999999999773e+02 4.729553301626621131e-01
6.201000000000000227e+02 4.648912931159349116e-01
6.212999999999999545e+02 4.574160515586354059e-01
6.225000000000000000e+02 4.560336217243887158e-01
6.237999999999999545e+02 4.492924846155952334e-01
6.250000000000000000e+02 4.618917861640607914e-01
6.262000000000000455e+02 4.529123789128363109e-01
6.273999999999999773e+02 4.603039078547183638e-01
6.286000000000000227e+02 4.443177040912048570e-01
6.297999999999999545e+02 4.476859246619434018e-01
6.310000000000000000e+02 4.507563572144964725e-01
6.322999999999999545e+02 4.369880281628734653e-01
6.335000000000000000e+02 4.394587796764179988e-01
6.347000000000000455e+02 4.431222910300480766e-01
6.358999999999999773e+02 4.451462562424302050e-01
6.371000000000000227e+02 4.503025381769500401e-01
6.382999999999999545e+02 4.515815999499653843e-01
6.395000000000000000e+02 4.522637544281814526e-01
6.407999999999999545e+02 4.465277443809818059e-01
6.420000000000000000e+02 4.546726852665809449e-01
6.432000000000000455e+02 4.499792085779055761e-01
6.443999999999999773e+02 4.415494536560235495e-01
6.456000000000000227e+02 4.556740495225326537e-01
6.467999999999999545e+02 4.547130584617050109e-01
6.480000000000000000e+02 4.601785885876667481e-01
6.492000000000000455e+02 4.529397950825754804e-01
6.503999999999999773e+02 4.564641398693657370e-01
6.517000000000000455e+02 4.572984168692955653e-01
6.528999999999999773e+02 4.706998090901991505e-01
6.541000000000000227e+02 4.673492516771471372e-01
6.552999999999999545e+02 4.729778425790100993e-01
6.565000000000000000e+02 4.542087946995165826e-01
6.577000000000000455e+02 4.760100225629153026e-01
6.588999999999999773e+02 4.797003160827081336e-01
6.601000000000000227e+02 4.893855107858901543e-01
6.612999999999999545e+02 5.023727547216152445e-01
6.625000000000000000e+02 5.192638678490986148e-01
6.637000000000000455e+02 5.499553237519881899e-01
6.650000000000000000e+02 5.736151349959952572e-01
6.662000000000000455e+02 6.029862824521543541e-01
6.673999999999999773e+02 6.317724415725189946e-01
6.686000000000000227e+02 6.844299841585489430e-01
6.697999999999999545e+02 7.120507587929298943e-01
6.710000000000000000e+02 7.476417714977379170e-01
6.722000000000000455e+02 7.826503724941351603e-01
6.733999999999999773e+02 7.912456358692840919e-01
6.746000000000000227e+02 7.917354724425644807e-01
6.757999999999999545e+02 7.983877666560567077e-01
6.770000000000000000e+02 7.748389901179923989e-01
6.782000000000000455e+02 7.475239279543115511e-01
6.793999999999999773e+02 7.182442518492169192e-01
6.806000000000000227e+02 6.967735585096936912e-01
6.817999999999999545e+02 6.647663618252238615e-01
6.830000000000000000e+02 6.324462001521817811e-01
6.842000000000000455e+02 5.960507781230328650e-01
6.853999999999999773e+02 5.862832650069196294e-01
6.866000000000000227e+02 5.616091267199058157e-01
6.877999999999999545e+02 5.212653231105270901e-01
6.890000000000000000e+02 5.125363702592009574e-01
6.902000000000000455e+02 5.053126824676440476e-01
6.913999999999999773e+02 4.851290956117731423e-01
6.926000000000000227e+02 4.860404070548681732e-01
6.937999999999999545e+02 4.708237802584852583e-01
6.950000000000000000e+02 4.752059651578135480e-01
6.962000000000000455e+02 4.642086656749504492e-01
6.973999999999999773e+02 4.723684196018602122e-01
6.986000000000000227e+02 4.666524060718199030e-01
6.997999999999999545e+02 4.758785568141424283e-01
7.010000000000000000e+02 4.713741304435321577e-01
7.022000000000000455e+02 4.676255247022131356e-01
7.033999999999999773e+02 4.715806553547897684e-01
7.046000000000000227e+02 4.752383378436466077e-01
7.057999999999999545e+02 4.900818994713683763e-01
7.070000000000000000e+02 4.765220452680392627e-01
7.082000000000000455e+02 4.715755319987540162e-01
7.093999999999999773e+02 4.728289651089634393e-01
7.106000000000000227e+02 4.715149031181412598e-01
7.117999999999999545e+02 4.685392387386884128e-01
7.130000000000000000e+02 4.691964593738792710e-01
7.142000000000000455e+02 4.684948990494955390e-01
7.153999999999999773e+02 4.602273884504304857e-01
7.166000000000000227e+02 4.449944492008385266e-01
7.177999999999999545e+02 4.524736178835297440e-01
7.190000000000000000e+02 4.384498094965113002e-01
7.202000000000000455e+02 4.391189506452866098e-01
7.213999999999999773e+02 4.408521705982998418e-01
7.226000000000000227e+02 4.239452308302089079e-01
7.237999999999999545e+02 4.256817596672884396e-01
7.250000000000000000e+02 4.292417865154710133e-01
7.262000000000000455e+02 4.114196804231131099e-01
7.272999999999999545e+02 4.104326501870375066e-01
7.285000000000000000e+02 4.120278319142458012e-01
7.297000000000000455e+02 4.064930058433864346e-01
7.308999999999999773e+02 4.111302587033023870e-01
7.321000000000000227e+02 4.086356371536395415e-01
7.332999999999999545e+02 4.094842726514548170e-01
7.345000000000000000e+02 4.100324137068593888e-01
7.357000000000000455e+02 4.096720256878286781e-01
7.368999999999999773e+02 4.103783240667584487e-01
7.381000000000000227e+02 4.072873811549824752e-01
7.392999999999999545e+02 4.169704889779756729e-01
7.405000000000000000e+02 4.129729553249860130e-01
7.416000000000000227e+02 4.282960150343027017e-01
7.427999999999999545e+02 4.205011601023270762e-01
7.440000000000000000e+02 4.321860244788359728e-01
7.452000000000000455e+02 4.403778655162520761e-01
7.463999999999999773e+02 4.408110957226308857e-01
7.476000000000000227e+02 4.584563992148864009e-01
7.487999999999999545e+02 4.794636492190051946e-01
7.500000000000000000e+02 4.831140645170205472e-01
7.511000000000000227e+02 4.881405039204034235e-01
7.522999999999999545e+02 4.950011678478696275e-01
7.535000000000000000e+02 5.050694173323189151e-01
7.547000000000000455e+02 5.046226952941890165e-01
7.558999999999999773e+02 5.145506545803738563e-01
7.571000000000000227e+02 5.162473003344710820e-01
7.582999999999999545e+02 4.961258206526960590e-01
7.595000000000000000e+02 4.891245068583707778e-01
7.606000000000000227e+02 4.746421041604953484e-01
7.617999999999999545e+02 4.447331274972297632e-01
7.630000000000000000e+02 4.325307317131422136e-01
7.642000000000000455e+02 4.154369275072937184e-01
7.653999999999999773e+02 4.145352515095471757e-01
7.666000000000000227e+02 4.046183817960327112e-01
7.677000000000000455e+02 4.029547165721292235e-01
7.688999999999999773e+02 3.974702259579486752e-01
7.701000000000000227e+02 3.948916593825284593e-01
7.712999999999999545e+02 3.920085048474061806e-01
7.725000000000000000e+02 3.955528771852426240e-01
7.737000000000000455e+02 3.934387569539858354e-01
7.747999999999999545e+02 3.908669472218397334e-01
7.760000000000000000e+02 3.944208553958003516e-01
7.772000000000000455e+02 3.889433336282970277e-01
7.783999999999999773e+02 4.064425381672371884e-01
7.796000000000000227e+02 3.951482324604402852e-01
7.807999999999999545e+02 4.117421951643954192e-01
7.818999999999999773e+02 4.091861237040122501e-01
7.831000000000000227e+02 4.159836804559483570e-01
7.842999999999999545e+02 4.160395818306937832e-01
7.855000000000000000e+02 4.045945099330494621e-01
7.867000000000000455e+02 4.181538884716486382e-01
7.877999999999999545e+02 4.211339369774888541e-01
7.890000000000000000e+02 4.113788871640566835e-01
7.902000000000000455e+02 4.096052263966175055e-01
7.913999999999999773e+02 4.273347345169095646e-01
7.926000000000000227e+02 4.320200962722262061e-01
7.937000000000000455e+02 4.256497440875422478e-01
7.948999999999999773e+02 4.303425617592864794e-01
7.961000000000000227e+02 4.368846395211355982e-01
7.972999999999999545e+02 4.372836632942350699e-01
7.983999999999999773e+02 4.295367275157054854e-01
7.996000000000000227e+02 4.359380837598204605e-01
8.007999999999999545e+02 4.463447253841369422e-01
8.020000000000000000e+02 4.399884303172375555e-01
8.031000000000000227e+02 4.422503674173030586e-01
8.042999999999999545e+02 4.569844341773244278e-01
8.055000000000000000e+02 4.614127722912940155e-01
8.067000000000000455e+02 4.750858621552816463e-01
8.077999999999999545e+02 4.856875683658469223e-01
8.090000000000000000e+02 5.010730548683587360e-01
8.102000000000000455e+02 5.056817699889258888e-01
8.113999999999999773e+02 5.254005043813708697e-01
8.125000000000000000e+02 5.468269719307208288e-01
8.137000000000000455e+02 5.750508652458797831e-01
8.148999999999999773e+02 6.197933321488926506e-01
8.161000000000000227e+02 6.582338575927935143e-01
8.172000000000000455e+02 7.358869544518751304e-01
8.183999999999999773e+02 7.953660410232810118e-01
8.196000000000000227e+02 8.621298909778806197e-01
8.207999999999999545e+02 9.229047131958768579e-01
8.218999999999999773e+02 9.597718214865585962e-01
8.231000000000000227e+02 9.969673209964431404e-01
8.242999999999999545e+02 1.013015230405021505e+00
8.253999999999999773e+02 1.014701258834972197e+00
8.266000000000000227e+02 9.857857947547052913e-01
8.277999999999999545e+02 9.432552956199122818e-01
8.290000000000000000e+02 8.782862275283941367e-01
8.301000000000000227e+02 8.004536302426941141e-01
8.312999999999999545e+02 7.078924770843404435e-01
8.325000000000000000e+02 6.371123060383692138e-01
8.336000000000000227e+02 5.845675155861692618e-01
8.347999999999999545e+02 5.346342747890326930e-01
8.360000000000000000e+02 4.998566381599502950e-01
8.371000000000000227e+02 4.720359636142490434e-01
8.382999999999999545e+02 4.672877033835729499e-01
8.395000000000000000e+02 4.478200115617128052e-01
8.406000000000000227e+02 4.452391628250156885e-01
8.417999999999999545e+02 4.328937170026646020e-01
8.430000000000000000e+02 4.193048277381445366e-01
8.441000000000000227e+02 4.235467789222867596e-01
8.452999999999999545e+02 4.051458265760311539e-01
8.465000000000000000e+02 4.095460962637793578e-01
8.476000000000000227e+02 4.088292958010698031e-01
8.487999999999999545e+02 4.040785346487674179e-01
8.500000000000000000e+02 4.008801812982366042e-01
8.511000000000000227e+02 4.054466268336945345e-01
8.522999999999999545e+02 4.039593945720889590e-01
8.535000000000000000e+02 4.001429573909895399e-01
8.546000000000000227e+02 4.006773914091752986e-01
8.557999999999999545e+02 4.037004229449203119e-01
8.570000000000000000e+02 4.029953607887786227e-01
8.581000000000000227e+02 3.943614774690276104e-01
8.592999999999999545e+02 4.036104615936323414e-01
8.605000000000000000e+02 4.081980959642446671e-01
8.616000000000000227e+02 4.065653019428793202e-01
8.627999999999999545e+02 4.077342758838827241e-01
8.638999999999999773e+02 4.113954418501356569e-01
8.651000000000000227e+02 4.092986182870462231e-01
8.662999999999999545e+02 4.282251003877374229e-01
8.673999999999999773e+02 4.149181307334475211e-01
8.686000000000000227e+02 4.310515740875088819e-01
8.697999999999999545e+02 4.250650820629028881e-01
8.708999999999999773e+02 4.413651661748561050e-01
8.721000000000000227e+02 4.425509973841400546e-01
8.732000000000000455e+02 4.471684144264599370e-01
8.743999999999999773e+02 4.656692755410711815e-01
8.756000000000000227e+02 4.731027188916999138e-01
8.767000000000000455e+02 4.877172967690895367e-01
8.778999999999999773e+02 4.943791511622612767e-01
8.790000000000000000e+02 4.985465294534906500e-01
8.802000000000000455e+02 5.045895115348910664e-01
8.813999999999999773e+02 4.820563902546812773e-01
8.825000000000000000e+02 4.812256439950471920e-01
8.837000000000000455e+02 4.638334494214245152e-01
8.847999999999999545e+02 4.604979117347792195e-01
8.860000000000000000e+02 4.523152996250157099e-01
8.871000000000000227e+02 4.503824054425163426e-01
8.882999999999999545e+02 4.365640545333068223e-01
8.895000000000000000e+02 4.343133271135690698e-01
8.906000000000000227e+02 4.195459342994194429e-01
8.917999999999999545e+02 4.105611109455654661e-01
8.928999999999999773e+02 4.115882235001079859e-01
8.941000000000000227e+02 3.985263149698731744e-01
8.952000000000000455e+02 4.048732890591599243e-01
8.963999999999999773e+02 4.022953934853316094e-01
8.976000000000000227e+02 4.051979342488948310e-01
8.987000000000000455e+02 4.021469543092954790e-01
8.998999999999999773e+02 4.016009133604871995e-01
9.010000000000000000e+02 4.005832150611578490e-01
9.022000000000000455e+02 3.968985675900547627e-01
9.032999999999999545e+02 3.864680402112220525e-01
9.045000000000000000e+02 3.964215952305881752e-01
9.056000000000000227e+02 3.917881200395887942e-01
9.067999999999999545e+02 3.891910151762835168e-01
9.078999999999999773e+02 3.884745827605582957e-01
9.091000000000000227e+02 3.929366585971288961e-01
9.102000000000000455e+02 3.945727693025600780e-01
9.113999999999999773e+02 4.002912930595515228e-01
9.126000000000000227e+02 3.904594685072091398e-01
9.137000000000000455e+02 3.969620039817392532e-01
9.148999999999999773e+02 4.034658026901214445e-01
9.160000000000000000e+02 4.118570983777721795e-01
9.172000000000000455e+02 4.072013908912445190e-01
9.182999999999999545e+02 4.248720466535004237e-01
9.195000000000000000e+02 4.054293430066155945e-01
9.206000000000000227e+02 4.059564908040350084e-01
9.217999999999999545e+02 4.171825724527003509e-01
9.228999999999999773e+02 4.273104049653875247e-01
9.241000000000000227e+02 4.284682431373550981e-01
9.252000000000000455e+02 4.286805433461360337e-01
9.263999999999999773e+02 4.391284656617119864e-01
9.275000000000000000e+02 4.410733841465156457e-01
9.287000000000000455e+02 4.420725768256109078e-01
9.297999999999999545e+02 4.471683664230989841e-01
9.310000000000000000e+02 4.432805778675390496e-01
9.321000000000000227e+02 4.376557434167105409e-01
9.332999999999999545e+02 4.372311954235278963e-01
9.343999999999999773e+02 4.306540842671315872e-01
9.355000000000000000e+02 4.258084255044162214e-01
9.367000000000000455e+02 4.321629592487976623e-01
9.377999999999999545e+02 4.260508597479624182e-01
9.390000000000000000e+02 4.216716003973712823e-01
9.401000000000000227e+02 4.255000036149447773e-01
9.412999999999999545e+02 4.230119486770149706e-01
9.423999999999999773e+02 4.162569321602584971e-01
9.436000000000000227e+02 4.249816739785255981e-01
9.447000000000000455e+02 4.205928037211970061e-01
9.458999999999999773e+02 4.049786946216107353e-01
9.470000000000000000e+02 4.203440674498369334e-01
9.481000000000000227e+02 4.131024834060021966e-01
9.492999999999999545e+02 4.289489820896651429e-01
9.503999999999999773e+02 4.240775045007972310e-01
9.516000000000000227e+02 4.279059236494869856e-01
9.527000000000000455e+02 4.174913142589981030e-01
9.538999999999999773e+02 4.238512581789090627e-01
9.550000000000000000e+02 4.321131909674155169e-01
9.562000000000000455e+02 4.313510396058113372e-01
9.572999999999999545e+02 4.286870832596333392e-01
9.583999999999999773e+02 4.312496444338563273e-01
9.596000000000000227e+02 4.352388793810844092e-01
9.607000000000000455e+02 4.181484628695355532e-01
9.618999999999999773e+02 4.172207803973321250e-01
9.630000000000000000e+02 4.185120755691928984e-01
9.641000000000000227e+02 4.217065740837407928e-01
9.652999999999999545e+02 4.215705145583118485e-01
9.663999999999999773e+02 4.096922703016729894e-01
9.676000000000000227e+02 4.079654948006785076e-01
9.687000000000000455e+02 4.078248555942320941e-01
9.697999999999999545e+02 4.075249001432444951e-01
9.710000000000000000e+02 4.157997865119342218e-01
9.721000000000000227e+02 4.112118274579510402e-01
9.732999999999999545e+02 4.077335781745807797e-01
9.743999999999999773e+02 4.040945267805410857e-01
9.755000000000000000e+02 4.056985223390809359e-01
9.767000000000000455e+02 4.127078735373858054e-01
9.777999999999999545e+02 4.046141951674729342e-01
9.790000000000000000e+02 4.127388161465215255e-01
9.801000000000000227e+02 4.081406328161066854e-01
9.812000000000000455e+02 4.106999880135248637e-01
9.823999999999999773e+02 4.081676118872000214e-01
9.835000000000000000e+02 4.080214681293490853e-01
9.846000000000000227e+02 4.134472677425238274e-01
9.857999999999999545e+02 4.088428534196126840e-01
9.868999999999999773e+02 4.190488413426229908e-01
9.881000000000000227e+02 4.138059214546692122e-01
9.892000000000000455e+02 4.187584829815952925e-01
9.893999999999999773e+02 4.069330323369120261e-01
9.902999999999999545e+02 4.225353735197365790e-01
9.905000000000000000e+02 4.111586767282621735e-01
9.915000000000000000e+02 4.220093783532649079e-01
9.917000000000000455e+02 4.108197668848991291e-01
9.926000000000000227e+02 4.272228318871517661e-01
9.927999999999999545e+02 4.170953463767252400e-01
9.937000000000000455e+02 4.421663763284530146e-01
9.940000000000000000e+02 4.293605453649811943e-01
9.948999999999999773e+02 4.368582896906107460e-01
9.951000000000000227e+02 4.356438759526043980e-01
9.960000000000000000e+02 4.420778822587621004e-01
9.962999999999999545e+02 4.416151827565648613e-01
9.971000000000000227e+02 4.482572419244881812e-01
9.973999999999999773e+02 4.516889175294098724e-01
9.982999999999999545e+02 4.617815127874838055e-01
9.986000000000000227e+02 4.653952661893191456e-01
9.993999999999999773e+02 4.662119898773665061e-01
9.997000000000000455e+02 4.816328811681847011e-01
1.000500000000000000e+03 4.918818747650467449e-01
1.000899999999999977e+03 4.926722073071986840e-01
1.001700000000000045e+03 5.177226510564134632e-01
1.002000000000000000e+03 4.873034644354876654e-01
1.002799999999999955e+03 5.213701350321759964e-01
1.003200000000000045e+03 4.958247695462303928e-01
1.003899999999999977e+03 5.092015001787035811e-01
1.004299999999999955e+03 4.885598618366445156e-01
1.005100000000000023e+03 4.836040073542025031e-01
1.005500000000000000e+03 4.765530550656499331e-01
1.006200000000000045e+03 4.771777595856218079e-01
1.006600000000000023e+03 4.605906176862681889e-01
1.007299999999999955e+03 4.661127885746515487e-01
1.007799999999999955e+03 4.601074836526526379e-01
1.008500000000000000e+03 4.558431840016251568e-01
1.008899999999999977e+03 4.438170801599179427e-01
1.009600000000000023e+03 4.561261480172977834e-01
1.010000000000000000e+03 4.676795865203403624e-01
1.010700000000000045e+03 4.599291408992238761e-01
1.011200000000000045e+03 4.498017030360311752e-01
1.011899999999999977e+03 4.526931116698321711e-01
1.012299999999999955e+03 4.607064212483164001e-01
1.013000000000000000e+03 4.560173839920419470e-01
1.013500000000000000e+03 4.613314975440265808e-01
1.014100000000000023e+03 4.566218560472939947e-01
1.014600000000000023e+03 4.592662166465986129e-01
1.015299999999999955e+03 4.605890558272091595e-01
1.015799999999999955e+03 4.640075073590815835e-01
1.016399999999999977e+03 4.578317248541312057e-01
1.016899999999999977e+03 4.649504719385959550e-01
1.017500000000000000e+03 4.592378379427491941e-01
1.018100000000000023e+03 4.673192633451258016e-01
1.018600000000000023e+03 4.612851804515928911e-01
1.019200000000000045e+03 4.736499135018389373e-01
1.019799999999999955e+03 4.620510647446093300e-01
1.020299999999999955e+03 4.650861269148095500e-01
1.020899999999999977e+03 4.700294597127212537e-01
1.021500000000000000e+03 4.782347727638305290e-01
1.022000000000000000e+03 4.695139091071677262e-01
1.022600000000000023e+03 4.723619252953548120e-01
1.023200000000000045e+03 4.576126900432073152e-01
1.023799999999999955e+03 4.793319722477329958e-01
1.024299999999999955e+03 4.692816413790784624e-01
1.024900000000000091e+03 4.717093019375490082e-01
1.025400000000000091e+03 4.745377867748254985e-01
1.026000000000000000e+03 4.794738064469591388e-01
1.026500000000000000e+03 4.748209641365607192e-01
1.027200000000000045e+03 4.685113224515694008e-01
1.027700000000000045e+03 4.646714801551873886e-01
1.028299999999999955e+03 4.667499530957067710e-01
1.028799999999999955e+03 4.723332563257485184e-01
1.029500000000000000e+03 4.572043284284468823e-01
1.029900000000000091e+03 4.563957295475399856e-01
1.030599999999999909e+03 4.641717597910581250e-01
1.031099999999999909e+03 4.653396206668387047e-01
1.031700000000000045e+03 4.608127739080447594e-01
1.032200000000000045e+03 4.678602679647282381e-01
1.032900000000000091e+03 4.577673819021665924e-01
1.033299999999999955e+03 4.596159215676840493e-01
1.034000000000000000e+03 4.518561894310637039e-01
1.034400000000000091e+03 4.565071000794576617e-01
1.035200000000000045e+03 4.529352823649813731e-01
1.035599999999999909e+03 4.577331889279825927e-01
1.036299999999999955e+03 4.482858334574944537e-01
1.036700000000000045e+03 4.583133977701250861e-01
1.037400000000000091e+03 4.488803357842480746e-01
1.037799999999999955e+03 4.527804451692725163e-01
1.038599999999999909e+03 4.583825056420197108e-01
1.038900000000000091e+03 4.523873266739081300e-01
1.039700000000000045e+03 4.487848973127337993e-01
1.040099999999999909e+03 4.426605591205522439e-01
1.040799999999999955e+03 4.460239742983549416e-01
1.041200000000000045e+03 4.559313182428808009e-01
1.042000000000000000e+03 4.386385623651965493e-01
1.042299999999999955e+03 4.439389757223645705e-01
1.043099999999999909e+03 4.490849039057799308e-01
1.043400000000000091e+03 4.452952140868111641e-01
1.044299999999999955e+03 4.420046193289924874e-01
1.044599999999999909e+03 4.517978930682325367e-01
1.045400000000000091e+03 4.457522807378882512e-01
1.045700000000000045e+03 4.446111172934225086e-01
1.046500000000000000e+03 4.394527372934623477e-01
1.046799999999999955e+03 4.346773252375216723e-01
1.047700000000000045e+03 4.368109678540409435e-01
1.047900000000000091e+03 4.352031940734649718e-01
1.048799999999999955e+03 4.341610626374803328e-01
1.049099999999999909e+03 4.358834926040765501e-01
1.049900000000000091e+03 4.377244576536874487e-01
1.050200000000000045e+03 4.384905876813568470e-01
1.051099999999999909e+03 4.240481902087209209e-01
1.051299999999999955e+03 4.323873213053939235e-01
1.052200000000000045e+03 4.218493318046201979e-01
1.052400000000000091e+03 4.320772745024031303e-01
1.053299999999999955e+03 4.217166175446232512e-01
1.053500000000000000e+03 4.270825351638135037e-01
1.054500000000000000e+03 4.139098800341261541e-01
1.054700000000000045e+03 4.180449615304205890e-01
1.055599999999999909e+03 4.086459702829998708e-01
1.055799999999999955e+03 4.160923682446369121e-01
1.056700000000000045e+03 4.134358410495803660e-01
1.056900000000000091e+03 4.183245084233332967e-01
1.057900000000000091e+03 4.124650220076863105e-01
1.058000000000000000e+03 4.179655907336397025e-01
1.059000000000000000e+03 4.202755981635098448e-01
1.059200000000000045e+03 4.180804867758872168e-01
1.060099999999999909e+03 4.082525460667196238e-01
1.060299999999999955e+03 4.210908231003468449e-01
1.061299999999999955e+03 4.067682751561259580e-01
1.061400000000000091e+03 4.113343552128052028e-01
1.062400000000000091e+03 4.044720823193585502e-01
1.062500000000000000e+03 4.054387632971548916e-01
1.063500000000000000e+03 4.064834441382659813e-01
1.063599999999999909e+03 4.100294742145797477e-01
1.064700000000000045e+03 4.049625171464068529e-01
1.064799999999999955e+03 4.125092906113195235e-01
1.065799999999999955e+03 4.050292873179590081e-01
1.065900000000000091e+03 4.096442527542428769e-01
1.066900000000000091e+03 3.994784494553655363e-01
1.067000000000000000e+03 4.019156106507129622e-01
1.068000000000000000e+03 4.112106010037142600e-01
1.068099999999999909e+03 3.980507221632530457e-01
1.069200000000000045e+03 4.056543965343455405e-01
1.070299999999999955e+03 3.991089279636532705e-01
1.070400000000000091e+03 4.016363911871526082e-01
1.071400000000000091e+03 3.976707314828190065e-01
1.071500000000000000e+03 4.011314262601751168e-01
1.072599999999999909e+03 4.006992861151645879e-01
1.073700000000000045e+03 4.054610601113527446e-01
1.074799999999999955e+03 4.050034652600408847e-01
1.075900000000000091e+03 4.056468456003609613e-01
1.077099999999999909e+03 4.021986003992101821e-01
1.078200000000000045e+03 4.020438614025806379e-01
1.079299999999999955e+03 4.033877716671587788e-01
1.080400000000000091e+03 4.063423106534455598e-01
1.080500000000000000e+03 3.996281298094525591e-01
1.081500000000000000e+03 3.974972521920452362e-01
1.081599999999999909e+03 3.985796147868175265e-01
1.082599999999999909e+03 4.011158730948619078e-01
1.082700000000000045e+03 3.951048376297658371e-01
1.083799999999999955e+03 4.019754465905706620e-01
1.084900000000000091e+03 4.020898215309490209e-01
1.085000000000000000e+03 3.981777161015361832e-01
1.086000000000000000e+03 4.043757830011662779e-01
1.086099999999999909e+03 3.964310857984700842e-01
1.087099999999999909e+03 4.134617773191910373e-01
1.087200000000000045e+03 4.039981880379979740e-01
1.088200000000000045e+03 4.061467649072628694e-01
1.088299999999999955e+03 4.076927384403405408e-01
1.089299999999999955e+03 3.993010148666131243e-01
1.089500000000000000e+03 4.062245964930363273e-01
1.090500000000000000e+03 4.096462231373907414e-01
1.090599999999999909e+03 4.044194077759779016e-01
1.091599999999999909e+03 4.000093571595439990e-01
1.091700000000000045e+03 4.003449961206848595e-01
1.092700000000000045e+03 4.018855318232901763e-01
1.092799999999999955e+03 4.141317882550717422e-01
1.093799999999999955e+03 4.048858495614390818e-01
1.094000000000000000e+03 4.064862198342854560e-01
1.094900000000000091e+03 4.068991175894755008e-01
1.095099999999999909e+03 4.015628548511524509e-01
1.096000000000000000e+03 4.004497166118696772e-01
1.096200000000000045e+03 4.182213559188741048e-01
1.097099999999999909e+03 4.123517646151832472e-01
1.097299999999999955e+03 4.021489039262284848e-01
1.098299999999999955e+03 4.096145450279872202e-01
1.098400000000000091e+03 4.007301438101195656e-01
1.099400000000000091e+03 4.086525685502224170e-01
1.099599999999999909e+03 4.055889520690826311e-01
1.100500000000000000e+03 4.075155563219906019e-01
1.100700000000000045e+03 4.080182735491077461e-01
1.101599999999999909e+03 4.231214672613519134e-01
1.101799999999999955e+03 4.133419306639540269e-01
1.102700000000000045e+03 4.178961681081098112e-01
1.102900000000000091e+03 4.136531107872931101e-01
1.103799999999999955e+03 4.100538249079776487e-01
1.104099999999999909e+03 4.079797044408501883e-01
1.104900000000000091e+03 4.230319738846840538e-01
1.105200000000000045e+03 4.051996408282789730e-01
1.106000000000000000e+03 4.109331992025436753e-01
1.106299999999999955e+03 4.182378751315928844e-01
1.107200000000000045e+03 4.128231053002199835e-01
1.107400000000000091e+03 4.120453791889175377e-01
1.108299999999999955e+03 4.077004208010913677e-01
1.108500000000000000e+03 4.126276252352107932e-01
1.109400000000000091e+03 4.172270528222233321e-01
1.109700000000000045e+03 4.093209565967136920e-01
1.110500000000000000e+03 4.119210786975476268e-01
1.110799999999999955e+03 4.155430596264333420e-01
1.111599999999999909e+03 4.074186231312149631e-01
1.111900000000000091e+03 4.162603595203657192e-01
1.112700000000000045e+03 4.263773901115133214e-01
1.113000000000000000e+03 4.095278471596992542e-01
1.113799999999999955e+03 4.179457126616641927e-01
1.114099999999999909e+03 4.197734769371537222e-01
1.114900000000000091e+03 4.189600544238071267e-01
1.115200000000000045e+03 4.185246432612838019e-01
1.116000000000000000e+03 4.268168165028676242e-01
1.116400000000000091e+03 4.107916967512325046e-01
1.117099999999999909e+03 4.261860925524362798e-01
1.117500000000000000e+03 4.106578597759362736e-01
1.118299999999999955e+03 4.237527271275355334e-01
1.118599999999999909e+03 4.220161709554184348e-01
1.119400000000000091e+03 4.152727869015234718e-01
1.119700000000000045e+03 4.181442063758072369e-01
1.120500000000000000e+03 4.195142412191144032e-01
1.120799999999999955e+03 4.191247850521321316e-01
1.121599999999999909e+03 4.213016411704469388e-01
1.122000000000000000e+03 4.213958251360499507e-01
1.122700000000000045e+03 4.234097611262878091e-01
1.123099999999999909e+03 4.137718846388005467e-01
1.123799999999999955e+03 4.197959301605995730e-01
1.124200000000000045e+03 4.231653066291715115e-01
1.124900000000000091e+03 4.254860661859719562e-01
1.125299999999999955e+03 4.095243262459863920e-01
1.126000000000000000e+03 4.135261884335339477e-01
1.126400000000000091e+03 4.156646953031326586e-01
1.127099999999999909e+03 4.164276226749412668e-01
1.127500000000000000e+03 4.102804406099570533e-01
1.128200000000000045e+03 4.227574232568820367e-01
1.128599999999999909e+03 4.065115198278875797e-01
1.129299999999999955e+03 4.083212441929963132e-01
1.129799999999999955e+03 4.173482851858333897e-01
1.130400000000000091e+03 4.167676422259778413e-01
1.130900000000000091e+03 4.187662055950179263e-01
1.131500000000000000e+03 4.224322379090679203e-01
1.132000000000000000e+03 4.053980998283150949e-01
1.132700000000000045e+03 4.204058962694309787e-01
1.133099999999999909e+03 4.085921021558425181e-01
1.133799999999999955e+03 4.193561936011508395e-01
1.134200000000000045e+03 4.252726110787242719e-01
1.134900000000000091e+03 4.209204576291751265e-01
1.135299999999999955e+03 4.074947416704083891e-01
1.136000000000000000e+03 4.136423993328544046e-01
1.136400000000000091e+03 4.168584471709828598e-01
1.137099999999999909e+03 4.183092943579009848e-01
1.137599999999999909e+03 4.137000386594786305e-01
1.138200000000000045e+03 4.121669770922909426e-01
1.138700000000000045e+03 4.129769281676789472e-01
1.139299999999999955e+03 4.150271237280025449e-01
1.139799999999999955e+03 4.142029365324293999e-01
1.140400000000000091e+03 4.111688625163233968e-01
1.140900000000000091e+03 4.129852783701179475e-01
1.141500000000000000e+03 4.148433016374621918e-01
1.142000000000000000e+03 4.101363537040479956e-01
1.142599999999999909e+03 4.121251513464410099e-01
1.143099999999999909e+03 4.141225686739967715e-01
1.143700000000000045e+03 4.177631220309346860e-01
1.144200000000000045e+03 4.198999757480411654e-01
1.144799999999999955e+03 4.155316139253217855e-01
1.145299999999999955e+03 4.145999467875906008e-01
1.145900000000000091e+03 4.201842829388092171e-01
1.146500000000000000e+03 4.107619593312220596e-01
1.147000000000000000e+03 4.067955741040519269e-01
1.147599999999999909e+03 4.025195915582773232e-01
1.148099999999999909e+03 4.076717419989117630e-01
1.148700000000000045e+03 4.042165326094171451e-01
1.149200000000000045e+03 4.116642237267809090e-01
1.149799999999999955e+03 4.191215682846606283e-01
1.150299999999999955e+03 4.141799552872088563e-01
1.150900000000000091e+03 4.138069922912174792e-01
1.151400000000000091e+03 4.060262986203648228e-01
1.152000000000000000e+03 4.174619867181416089e-01
1.152500000000000000e+03 4.123157931979507529e-01
1.153099999999999909e+03 4.139376061938792040e-01
1.153599999999999909e+03 4.136807568958213999e-01
1.154200000000000045e+03 4.172663621266859968e-01
1.154700000000000045e+03 4.170165083327340705e-01
1.155299999999999955e+03 4.109634875451004254e-01
1.155799999999999955e+03 4.072113541750244647e-01
1.156400000000000091e+03 4.075967298703257469e-01
1.156900000000000091e+03 4.135038650615045497e-01
1.157500000000000000e+03 4.151722353328272108e-01
1.158000000000000000e+03 4.183196998571010461e-01
1.158700000000000045e+03 4.064129894437940038e-01
1.159099999999999909e+03 4.114672565513505798e-01
1.159799999999999955e+03 4.082721633199377642e-01
1.160200000000000045e+03 4.184220256201345856e-01
1.160900000000000091e+03 4.098055944235614589e-01
1.161299999999999955e+03 4.102519776163164322e-01
1.162000000000000000e+03 4.046366722972298269e-01
1.162400000000000091e+03 4.070132016191103097e-01
1.163099999999999909e+03 4.099324665557117497e-01
1.163500000000000000e+03 4.149597187383898822e-01
1.164200000000000045e+03 4.067254184763553493e-01
1.164599999999999909e+03 4.104058380793045857e-01
1.165299999999999955e+03 4.031905159979895514e-01
1.165700000000000045e+03 4.112817164588817853e-01
1.166400000000000091e+03 4.101290887952747655e-01
1.166799999999999955e+03 4.050814553191079970e-01
1.167500000000000000e+03 4.005388082384505610e-01
1.167900000000000091e+03 4.100747054573899431e-01
1.168599999999999909e+03 4.004419834811118739e-01
1.169000000000000000e+03 4.116134712422120923e-01
1.169700000000000045e+03 4.062425371500421045e-01
1.170099999999999909e+03 4.157894716044338024e-01
1.170799999999999955e+03 4.105731924289902635e-01
1.171200000000000045e+03 4.092617178286322988e-01
1.171900000000000091e+03 4.098282468005793877e-01
1.172299999999999955e+03 4.225040634167623876e-01
1.173000000000000000e+03 4.087571011039640156e-01
1.173400000000000091e+03 4.088929763272317053e-01
1.174099999999999909e+03 4.098186373123609560e-01
1.174500000000000000e+03 4.087940151915206433e-01
1.175200000000000045e+03 4.089152389875982951e-01
1.175599999999999909e+03 4.070487487393582016e-01
1.176299999999999955e+03 4.026014571812786547e-01
1.176700000000000045e+03 4.150334378475856179e-01
1.177400000000000091e+03 4.072784023254945041e-01
1.177799999999999955e+03 4.129637791271658642e-01
1.178500000000000000e+03 4.178673117341887289e-01
1.178900000000000091e+03 4.165042709081838157e-01
1.179599999999999909e+03 4.235402133566170679e-01
1.180000000000000000e+03 4.099850280664511515e-01
1.180799999999999955e+03 4.062355254608166488e-01
1.181099999999999909e+03 4.166672734337245609e-01
1.181900000000000091e+03 4.219306953264388427e-01
1.182200000000000045e+03 4.231901061543651976e-01
1.183000000000000000e+03 4.276175812337392745e-01
1.183299999999999955e+03 4.153568091366018900e-01
1.184099999999999909e+03 4.250962842478882009e-01
1.184400000000000091e+03 4.296485398404037426e-01
1.185200000000000045e+03 4.309575159948299539e-01
1.185500000000000000e+03 4.269395152891674039e-01
1.186299999999999955e+03 4.361675384881902873e-01
1.186599999999999909e+03 4.278667619275672851e-01
1.187400000000000091e+03 4.410547958999133655e-01
1.187700000000000045e+03 4.370582948199805973e-01
1.188500000000000000e+03 4.359172900317735966e-01
1.188799999999999955e+03 4.479094599496344364e-01
1.189599999999999909e+03 4.454195678498727995e-01
1.189900000000000091e+03 4.470343731114407859e-01
1.190700000000000045e+03 4.521334078615809604e-01
1.191000000000000000e+03 4.532708301147778118e-01
1.191799999999999955e+03 4.405887246035577465e-01
1.192099999999999909e+03 4.330600457301351236e-01
1.192900000000000091e+03 4.334866154088362622e-01
1.193200000000000045e+03 4.290513930898065542e-01
1.194000000000000000e+03 4.451533234424330798e-01
1.194299999999999955e+03 4.371193554486076938e-01
1.195099999999999909e+03 4.331169349094282639e-01
1.195400000000000091e+03 4.437056654793326560e-01
1.196200000000000045e+03 4.360676799561124528e-01
1.196400000000000091e+03 4.287885396164808349e-01
1.197299999999999955e+03 4.283153051941478995e-01
1.197500000000000000e+03 4.330672271237350768e-01
1.198400000000000091e+03 4.278142033552115864e-01
1.198599999999999909e+03 4.277512656464573793e-01
1.199500000000000000e+03 4.227019850534353695e-01
1.199700000000000045e+03 4.305498975165341080e-01
1.200599999999999909e+03 4.263295589098279881e-01
1.200799999999999955e+03 4.277238269031097273e-01
1.201599999999999909e+03 4.166058814383127307e-01
1.201900000000000091e+03 4.232447780098628765e-01
1.202700000000000045e+03 4.119952393950838676e-01
1.203000000000000000e+03 4.308610906820170561e-01
1.203799999999999955e+03 4.280096205957736877e-01
1.204099999999999909e+03 4.293719618834946905e-01
1.204900000000000091e+03 4.232432237603810932e-01
1.205200000000000045e+03 4.267266039299853486e-01
1.206000000000000000e+03 4.292078908937453363e-01
1.206299999999999955e+03 4.240846064804754678e-01
1.207099999999999909e+03 4.237879268807808186e-01
1.207400000000000091e+03 4.294034779941247604e-01
1.208200000000000045e+03 4.224982561689150651e-01
1.208500000000000000e+03 4.330706341150611927e-01
1.209299999999999955e+03 4.198909532015938639e-01
1.209599999999999909e+03 4.284513012043449920e-01
1.210400000000000091e+03 4.164607438593308508e-01
1.210599999999999909e+03 4.264885872944876866e-01
1.211500000000000000e+03 4.226180210890519984e-01
1.211700000000000045e+03 4.305021745941777223e-01
1.212599999999999909e+03 4.157244072917592459e-01
1.212799999999999955e+03 4.190891651182854782e-01
1.213700000000000045e+03 4.136265051737691434e-01
1.213900000000000091e+03 4.158087238751191905e-01
1.214799999999999955e+03 4.078937699999684585e-01
1.215000000000000000e+03 4.145233332745879018e-01
1.215900000000000091e+03 4.089444101104216522e-01
1.216099999999999909e+03 4.084266687286470798e-01
1.217000000000000000e+03 4.081798561604054187e-01
1.217200000000000045e+03 4.176100706305385102e-01
1.218099999999999909e+03 4.117218173559244465e-01
1.218299999999999955e+03 4.128488546422816596e-01
1.219200000000000045e+03 4.114625277583396912e-01
1.219400000000000091e+03 4.167287453618301885e-01
1.220299999999999955e+03 4.194854731889224309e-01
1.220500000000000000e+03 4.068227818922951489e-01
1.221400000000000091e+03 4.114528130216787982e-01
1.221500000000000000e+03 4.103787950700442666e-01
1.222500000000000000e+03 4.179969116854047040e-01
1.222599999999999909e+03 4.096183394953738510e-01
1.223500000000000000e+03 4.154356697727917269e-01
1.223700000000000045e+03 4.131842441014066947e-01
1.224599999999999909e+03 4.188430954600527722e-01
1.224799999999999955e+03 4.104364810220497706e-01
1.225700000000000045e+03 4.144654354277943487e-01
1.225900000000000091e+03 4.136790814966910257e-01
1.226799999999999955e+03 4.081000473513989868e-01
1.227000000000000000e+03 4.147641825559934547e-01
1.227900000000000091e+03 4.161631702237613140e-01
1.228099999999999909e+03 4.148551702320169565e-01
1.229000000000000000e+03 4.270536703000475387e-01
1.229200000000000045e+03 4.151163430296423984e-01
1.230099999999999909e+03 4.238504157192330424e-01
1.230299999999999955e+03 4.122187983435879333e-01
1.231200000000000045e+03 4.259597455744069672e-01
1.231299999999999955e+03 4.208107110986725186e-01
1.232299999999999955e+03 4.179482860414807099e-01
1.232400000000000091e+03 4.144236076836625426e-01
1.233400000000000091e+03 4.218906576980517853e-01
1.233500000000000000e+03 4.216938698571316979e-01
1.234500000000000000e+03 4.255061774887038961e-01
1.234599999999999909e+03 4.146451055487372361e-01
1.235500000000000000e+03 4.150077759595101057e-01
1.235700000000000045e+03 4.177597857905246959e-01
1.236599999999999909e+03 4.307585747794495656e-01
1.236799999999999955e+03 4.190459120030500806e-01
1.237700000000000045e+03 4.182688426640234769e-01
1.237900000000000091e+03 4.146690322931691486e-01
1.238799999999999955e+03 4.195728101868816395e-01
1.238900000000000091e+03 4.211289102089099678e-01
1.239900000000000091e+03 4.153938538160508176e-01
1.240000000000000000e+03 4.122551648161685289e-01
1.241000000000000000e+03 4.133778018531164555e-01
1.241099999999999909e+03 4.133865805763975998e-01
1.242099999999999909e+03 4.128607037902010113e-01
1.242200000000000045e+03 4.146880066366054884e-01
1.243200000000000045e+03 4.111815080876588535e-01
1.243299999999999955e+03 4.179945100822826110e-01
1.244299999999999955e+03 4.098370299452667176e-01
1.244400000000000091e+03 4.129621508430825205e-01
1.245299999999999955e+03 4.119900243102794235e-01
1.245500000000000000e+03 4.119356579521908923e-01
1.246400000000000091e+03 4.131475261906400465e-01
1.246500000000000000e+03 4.079066884330893039e-01
1.247500000000000000e+03 4.076467284343438524e-01
1.247599999999999909e+03 4.128936791003556817e-01
1.248599999999999909e+03 4.071427093466168934e-01
1.248700000000000045e+03 4.087008761707014992e-01
1.249700000000000045e+03 3.998097102301773065e-01
1.249799999999999955e+03 4.131931207040100418e-01
1.250799999999999955e+03 4.066402400083464763e-01
1.250900000000000091e+03 3.996485670004668589e-01
1.251900000000000091e+03 4.094754492566436421e-01
1.252000000000000000e+03 4.124982452530730481e-01
1.252900000000000091e+03 4.111467393749997923e-01
1.253000000000000000e+03 4.163308823082717547e-01
1.254000000000000000e+03 4.096520472357041975e-01
1.254099999999999909e+03 4.002775740739466515e-01
1.255099999999999909e+03 3.948142818728341830e-01
1.255200000000000045e+03 3.979274130776820351e-01
1.256200000000000045e+03 4.051637607061796542e-01
1.256299999999999955e+03 3.970825970274671768e-01
1.257299999999999955e+03 4.091781514768735306e-01
1.257400000000000091e+03 3.892153379113862388e-01
1.258400000000000091e+03 4.068530498045386246e-01
1.258500000000000000e+03 4.007486293533431554e-01
1.259500000000000000e+03 4.010684164724862000e-01
1.260500000000000000e+03 4.135924691164400424e-01
1.260599999999999909e+03 4.001055480994817892e-01
1.261599999999999909e+03 4.092664729053479000e-01
1.261700000000000045e+03 3.952509857064681054e-01
1.262700000000000045e+03 4.034367407877079703e-01
1.262799999999999955e+03 3.980961949972576241e-01
1.263799999999999955e+03 4.054604655941815849e-01
1.263900000000000091e+03 4.024513521421779205e-01
1.264900000000000091e+03 4.016422171180492606e-01
1.266000000000000000e+03 4.056148018649635145e-01
1.267000000000000000e+03 4.077589658333278799e-01
1.267099999999999909e+03 4.010203594369376456e-01
1.268099999999999909e+03 4.047751898198841958e-01
1.268200000000000045e+03 4.030415007289114282e-01
1.269200000000000045e+03 4.054735813460615401e-01
1.269299999999999955e+03 3.976934166374653801e-01
1.270299999999999955e+03 4.073965825127365825e-01
1.271400000000000091e+03 3.988273048973608459e-01
1.272400000000000091e+03 4.047846005648614853e-01
1.272500000000000000e+03 4.055038278967156296e-01
1.273500000000000000e+03 4.095126911762880795e-01
1.273599999999999909e+03 4.080442160393004669e-01
1.274599999999999909e+03 4.062072149016002220e-01
1.274700000000000045e+03 4.095831743951964810e-01
1.275700000000000045e+03 4.059286267197512732e-01
1.276799999999999955e+03 4.087455018705052900e-01
1.277799999999999955e+03 4.107445211791903583e-01
1.277900000000000091e+03 4.050204844292785156e-01
1.278900000000000091e+03 4.203580531487973171e-01
1.279000000000000000e+03 4.072447425466846904e-01
1.280000000000000000e+03 4.190813510866657765e-01
1.280099999999999909e+03 4.131680286442851457e-01
1.281099999999999909e+03 4.136682110421195935e-01
1.282200000000000045e+03 4.215436492693355741e-01
1.283200000000000045e+03 4.196439199676171294e-01
1.283299999999999955e+03 4.052828483751529376e-01
1.284299999999999955e+03 4.245917445173353344e-01
1.284400000000000091e+03 4.273541412623463875e-01
1.285400000000000091e+03 4.299107946017525772e-01
1.286500000000000000e+03 4.230207242870248630e-01
1.287599999999999909e+03 4.257041965499827052e-01
1.288599999999999909e+03 4.320027891792110331e-01
1.288700000000000045e+03 4.199150842147102436e-01
1.289700000000000045e+03 4.287384810991518580e-01
1.290799999999999955e+03 4.221032635201483196e-01
1.291900000000000091e+03 4.179008853573547566e-01
1.292900000000000091e+03 4.270236163829402298e-01
1.293000000000000000e+03 4.151964444460830017e-01
1.294000000000000000e+03 4.323997580810471364e-01
1.295099999999999909e+03 4.222318020113083881e-01
1.296200000000000045e+03 4.215712600436772872e-01
1.297200000000000045e+03 4.256117492796999136e-01
1.297299999999999955e+03 4.169113737105678563e-01
1.298299999999999955e+03 4.371963121177737666e-01
1.298400000000000091e+03 4.170333322910649843e-01
1.299400000000000091e+03 4.223538958911826069e-01
1.300500000000000000e+03 4.181667331809166832e-01
1.301500000000000000e+03 4.266366494348514671e-01
1.301599999999999909e+03 4.106248023642020128e-01
1.302599999999999909e+03 4.308951246036999416e-01
1.303700000000000045e+03 4.261241874413152497e-01
1.304799999999999955e+03 4.253159382111478815e-01
1.305799999999999955e+03 4.371277226587453879e-01
1.305900000000000091e+03 4.124432902087344366e-01
1.306900000000000091e+03 4.320167439018244848e-01
1.308000000000000000e+03 4.296986261624632375e-01
1.309099999999999909e+03 4.373359850242625191e-01
1.310099999999999909e+03 4.417827825127654262e-01
1.310200000000000045e+03 4.225837925979282206e-01
1.311200000000000045e+03 4.366198203962202151e-01
1.312299999999999955e+03 4.397758623632070374e-01
1.313299999999999955e+03 4.375634167886022219e-01
1.314400000000000091e+03 4.287646883584855240e-01
1.315500000000000000e+03 4.441238133401601562e-01
1.316599999999999909e+03 4.466491480328872998e-01
1.317599999999999909e+03 4.473186246954336531e-01
1.318700000000000045e+03 4.368325231572496858e-01
1.319799999999999955e+03 4.422394713231032615e-01
1.320799999999999955e+03 4.403781903092260364e-01
1.321900000000000091e+03 4.451163110070849305e-01
1.323000000000000000e+03 4.385214521285440981e-01
1.324000000000000000e+03 4.285408883044125594e-01
1.325099999999999909e+03 4.314243859047269258e-01
1.326200000000000045e+03 4.271996907296263801e-01
1.327299999999999955e+03 4.270403236127510715e-01
1.328299999999999955e+03 4.236645688075010296e-01
1.329400000000000091e+03 4.307952868846382510e-01
1.330500000000000000e+03 4.345419962130346314e-01
1.331500000000000000e+03 4.304948464891568127e-01
1.332599999999999909e+03 4.262787763912167516e-01
1.333700000000000045e+03 4.276599882261347130e-01
1.334700000000000045e+03 4.188661516161351628e-01
1.335799999999999955e+03 4.277169361964651695e-01
1.336900000000000091e+03 4.233366520081577322e-01
1.337900000000000091e+03 4.269351714163858724e-01
1.339000000000000000e+03 4.176339041667590513e-01
1.340099999999999909e+03 4.263325924285901181e-01
1.341099999999999909e+03 4.285828642806359667e-01
1.342200000000000045e+03 4.281182491476696605e-01
1.343299999999999955e+03 4.171196410436748825e-01
1.344299999999999955e+03 4.188670920534363074e-01
1.345400000000000091e+03 4.243582659387826750e-01
1.346400000000000091e+03 4.220319341351408959e-01
1.347500000000000000e+03 4.214080911954185549e-01
1.348599999999999909e+03 4.304840523205279990e-01
1.349599999999999909e+03 4.334405801083319187e-01
1.350700000000000045e+03 4.246566979336429681e-01
1.351799999999999955e+03 4.317043559810711528e-01
1.352799999999999955e+03 4.385875056235257752e-01
1.353900000000000091e+03 4.328725304059478640e-01
1.355000000000000000e+03 4.373792361898166114e-01
1.356000000000000000e+03 4.316666948833782769e-01
1.357099999999999909e+03 4.317490811473673196e-01
1.358099999999999909e+03 4.393350164597107366e-01
1.359200000000000045e+03 4.501667426854931708e-01
1.360299999999999955e+03 4.420748208680786440e-01
1.361299999999999955e+03 4.600820293793252413e-01
1.362400000000000091e+03 4.593309684029041051e-01
1.363400000000000091e+03 4.621662013535300373e-01
1.364500000000000000e+03 4.725162970056391298e-01
1.365599999999999909e+03 4.849225533664295873e-01
1.366599999999999909e+03 4.913597334719679299e-01
1.367700000000000045e+03 4.892615684826454592e-01
1.368700000000000045e+03 4.912656593697942720e-01
1.369799999999999955e+03 5.030142139909639099e-01
1.370900000000000091e+03 5.120357396511902026e-01
1.371900000000000091e+03 5.108057690447065369e-01
1.373000000000000000e+03 5.263366079070785908e-01
1.374000000000000000e+03 5.305879818620213850e-01
1.375099999999999909e+03 5.358703688476330607e-01
1.376200000000000045e+03 5.404732297129387630e-01
1.377200000000000045e+03 5.367799670346234953e-01
1.378299999999999955e+03 5.330867043563083385e-01
1.379299999999999955e+03 5.385712886765434693e-01
1.380400000000000091e+03 5.396160881038617463e-01
1.381400000000000091e+03 5.398990848795957032e-01
1.382500000000000000e+03 5.401820816553296600e-01
1.383599999999999909e+03 5.383736003325078068e-01
1.384599999999999909e+03 5.375199299015358534e-01
1.385700000000000045e+03 5.321245517904067412e-01
1.386700000000000045e+03 5.267291736792777401e-01
1.387799999999999955e+03 5.171310871928964659e-01
1.388799999999999955e+03 5.095900349973354615e-01
1.389900000000000091e+03 5.111436072059263314e-01
1.390900000000000091e+03 4.912434248129582404e-01
1.392000000000000000e+03 4.962320132342579182e-01
1.393000000000000000e+03 4.869714649778175697e-01
1.394099999999999909e+03 4.938551862587240993e-01
1.395200000000000045e+03 4.816736573835321833e-01
1.396200000000000045e+03 4.796276320287918837e-01
1.397299999999999955e+03 4.696762278712749983e-01
1.398299999999999955e+03 4.678026905123029433e-01
1.399400000000000091e+03 4.736684243100106051e-01
1.400400000000000091e+03 4.683589831674532800e-01
1.401500000000000000e+03 4.668338599098781905e-01
1.402500000000000000e+03 4.646216412988040667e-01
1.403599999999999909e+03 4.699831121975558967e-01
1.404599999999999909e+03 4.799967185187624108e-01
1.405700000000000045e+03 4.900164878303746585e-01
1.406700000000000045e+03 4.750699476784846498e-01
1.407799999999999955e+03 4.804453370036626536e-01
1.408799999999999955e+03 4.742806272776019516e-01
1.409900000000000091e+03 4.751805975086232925e-01
1.410900000000000091e+03 4.657399518505546121e-01
1.412000000000000000e+03 4.757793079004745684e-01
1.413000000000000000e+03 4.780641943236306202e-01
1.414099999999999909e+03 4.765566761197437828e-01
1.415099999999999909e+03 4.653882852863917563e-01
1.416200000000000045e+03 4.697470980920789851e-01
1.417200000000000045e+03 4.573665311579898085e-01
1.418299999999999955e+03 4.765749747840540840e-01
1.419299999999999955e+03 4.602210956907925588e-01
1.420400000000000091e+03 4.666597038809584541e-01
1.421400000000000091e+03 4.620458221112430097e-01
1.422500000000000000e+03 4.705630871884708410e-01
1.423500000000000000e+03 4.538516958486595310e-01
1.424599999999999909e+03 4.481973658331349641e-01
1.425599999999999909e+03 4.504950280370319526e-01
1.426599999999999909e+03 4.583286197617586488e-01
1.427700000000000045e+03 4.407378799657991619e-01
1.428700000000000045e+03 4.355974804330108863e-01
1.429799999999999955e+03 4.372046220908435976e-01
1.430799999999999955e+03 4.337931447930825080e-01
1.431900000000000091e+03 4.333238642716788491e-01
1.432900000000000091e+03 4.292181058784121928e-01
1.434000000000000000e+03 4.242447968941075453e-01
1.435000000000000000e+03 4.281051660760426536e-01
1.436099999999999909e+03 4.252092492211335117e-01
1.437099999999999909e+03 4.320182862956902237e-01
1.438099999999999909e+03 4.225343633516877029e-01
1.439200000000000045e+03 4.217162429799889978e-01
1.440200000000000045e+03 4.139601938497163292e-01
1.441299999999999955e+03 4.219868392279585434e-01
1.442299999999999955e+03 4.206470885165822238e-01
1.443400000000000091e+03 4.187858213741416646e-01
1.444400000000000091e+03 4.148403374788108278e-01
1.445400000000000091e+03 4.159279150035082306e-01
1.446500000000000000e+03 4.173628348804248045e-01
1.447500000000000000e+03 4.175819342047306648e-01
1.448599999999999909e+03 4.171055919329099138e-01
1.449599999999999909e+03 4.188874996599311062e-01
1.450700000000000045e+03 4.175407732210320022e-01
1.451700000000000045e+03 4.125417465678791196e-01
1.452700000000000045e+03 4.087569442087597427e-01
1.453799999999999955e+03 4.061870911190577638e-01
1.454799999999999955e+03 4.069205333148366299e-01
1.455900000000000091e+03 4.055651881759701483e-01
1.456900000000000091e+03 4.108218087668796259e-01
1.457900000000000091e+03 4.115534311060354833e-01
1.459000000000000000e+03 4.006181601935788761e-01
1.460000000000000000e+03 4.029127729966802685e-01
1.461099999999999909e+03 4.012005442905882124e-01
1.462099999999999909e+03 3.960014869951355987e-01
1.463099999999999909e+03 3.962010675356842371e-01
1.464200000000000045e+03 4.011055315566119384e-01
1.465200000000000045e+03 4.051387901465317021e-01
1.466200000000000045e+03 3.945238909568314356e-01
1.467299999999999955e+03 3.947168557531943733e-01
1.468299999999999955e+03 4.008398090587364515e-01
1.469400000000000091e+03 3.998092575503719437e-01
1.470400000000000091e+03 4.034889439637288633e-01
1.471400000000000091e+03 4.080412831998246892e-01
1.472500000000000000e+03 3.911165660061247107e-01
1.473500000000000000e+03 4.099857219034266920e-01
1.474500000000000000e+03 4.089468724170944869e-01
1.475599999999999909e+03 3.998683510449750900e-01
1.476599999999999909e+03 3.972502318360214835e-01
1.477599999999999909e+03 3.982998829789013984e-01
1.478700000000000045e+03 4.000474592155128239e-01
1.479700000000000045e+03 4.012692595622188163e-01
1.480799999999999955e+03 3.961927992895774575e-01
1.481799999999999955e+03 4.044085842825832500e-01
1.482799999999999955e+03 4.156008679670430972e-01
1.483900000000000091e+03 4.036925086256675232e-01
1.484900000000000091e+03 4.094587307380017083e-01
1.485900000000000091e+03 4.115484246364473631e-01
1.487000000000000000e+03 3.908688656458069732e-01
1.488000000000000000e+03 4.025866204813272065e-01
1.489000000000000000e+03 4.055467984601894282e-01
1.490099999999999909e+03 4.007953008088473990e-01
1.491099999999999909e+03 4.077845882559367197e-01
1.492099999999999909e+03 4.000474557701700906e-01
1.493200000000000045e+03 4.119464977722761545e-01
1.494200000000000045e+03 4.124476521816575203e-01
1.495200000000000045e+03 3.971574925790306021e-01
1.496200000000000045e+03 4.074793974983674238e-01
1.497299999999999955e+03 4.021830013156733608e-01
1.498299999999999955e+03 4.063628623626552860e-01
1.499299999999999955e+03 4.137037399458958764e-01
1.500400000000000091e+03 4.064688194842717706e-01
1.501400000000000091e+03 4.059048430861721957e-01
1.502400000000000091e+03 4.085019792534138050e-01
1.503500000000000000e+03 4.149652968514594975e-01
1.504500000000000000e+03 4.177386178484734924e-01
1.505500000000000000e+03 4.141822678831837412e-01
1.506500000000000000e+03 4.088645524451723912e-01
1.507599999999999909e+03 4.044228191354347635e-01
1.508599999999999909e+03 4.147565278195434191e-01
1.509599999999999909e+03 4.136552996409531002e-01
1.510700000000000045e+03 4.162487097870795627e-01
1.511700000000000045e+03 4.037020110179597165e-01
1.512700000000000045e+03 4.059400951409540825e-01
1.513700000000000045e+03 4.183933287816953839e-01
1.514799999999999955e+03 4.091830290400069181e-01
1.515799999999999955e+03 4.156495846603123767e-01
1.516799999999999955e+03 4.148922794127837266e-01
1.517900000000000091e+03 4.176592635105895179e-01
1.518900000000000091e+03 4.149609000405997672e-01
1.519900000000000091e+03 4.154348664968418037e-01
1.520900000000000091e+03 4.130860339739102494e-01
1.522000000000000000e+03 4.206153217649295506e-01
1.523000000000000000e+03 4.179122041241263852e-01
1.524000000000000000e+03 4.201492870253901724e-01
1.525000000000000000e+03 4.211508993124729594e-01
1.526099999999999909e+03 4.172081506733199552e-01
1.527099999999999909e+03 4.127332754210196186e-01
1.528099999999999909e+03 4.223881545293758921e-01
1.529099999999999909e+03 4.179113796417367466e-01
1.530200000000000045e+03 4.217384200511525294e-01
1.531200000000000045e+03 4.176121613753667750e-01
1.532200000000000045e+03 4.161357564964410782e-01
1.533200000000000045e+03 4.176646175821881468e-01
1.534299999999999955e+03 4.193706327410966495e-01
1.535299999999999955e+03 4.170079299381002635e-01
1.536299999999999955e+03 4.125204454560459921e-01
1.537299999999999955e+03 4.147564674828240205e-01
1.538299999999999955e+03 4.127444507931980477e-01
1.539400000000000091e+03 4.181682206078873310e-01
1.540400000000000091e+03 4.269590916606474940e-01
1.541400000000000091e+03 4.134334496909646273e-01
1.542400000000000091e+03 4.131904986372609834e-01
1.543500000000000000e+03 4.170233667221544538e-01
1.544500000000000000e+03 4.206805132995236618e-01
1.545500000000000000e+03 4.197294900079940883e-01
1.546500000000000000e+03 4.256940022194951601e-01
1.547500000000000000e+03 4.100218920441042192e-01
1.548599999999999909e+03 4.262765349437077078e-01
1.549599999999999909e+03 4.260356992920513175e-01
1.550599999999999909e+03 4.201153760709100404e-01
1.551599999999999909e+03 4.216485213218363337e-01
1.552599999999999909e+03 4.141269418475582165e-01
1.553700000000000045e+03 4.222308048093019184e-01
1.554700000000000045e+03 4.314041062899598988e-01
1.555700000000000045e+03 4.331192760858235125e-01
1.556700000000000045e+03 4.167090259638818739e-01
1.557700000000000045e+03 4.258876814473231964e-01
1.558700000000000045e+03 4.242256134334965734e-01
1.559799999999999955e+03 4.351885720983861283e-01
1.560799999999999955e+03 4.317498044175431815e-01
1.561799999999999955e+03 4.258193492551932136e-01
1.562799999999999955e+03 4.262924599240675572e-01
1.563799999999999955e+03 4.214269415763999271e-01
1.564900000000000091e+03 4.267064409806797243e-01
1.565900000000000091e+03 4.287837377986002396e-01
1.566900000000000091e+03 4.251636081830580394e-01
1.567900000000000091e+03 4.275986575216009222e-01
1.568900000000000091e+03 4.189892025268299736e-01
1.569900000000000091e+03 4.180392223806540519e-01
1.570900000000000091e+03 4.181588310589496316e-01
1.572000000000000000e+03 4.243404246326102358e-01
1.573000000000000000e+03 4.257107713425742346e-01
1.574000000000000000e+03 4.290441784772768274e-01
1.575000000000000000e+03 4.345202993708350281e-01
1.576000000000000000e+03 4.323270580441250788e-01
1.577000000000000000e+03 4.329889955613367425e-01
1.578000000000000000e+03 4.404349666708970434e-01
1.579099999999999909e+03 4.307450366422592714e-01
1.580099999999999909e+03 4.394451705710327727e-01
1.581099999999999909e+03 4.217147690888956579e-01
1.582099999999999909e+03 4.400654155071310192e-01
1.583099999999999909e+03 4.412703618798880512e-01
1.584099999999999909e+03 4.346125985818334314e-01
1.585099999999999909e+03 4.365336003040767299e-01
1.586200000000000045e+03 4.418535040499336208e-01
1.587200000000000045e+03 4.439573685824310667e-01
1.588200000000000045e+03 4.460629990137865986e-01
1.589200000000000045e+03 4.483493119023742590e-01
1.590200000000000045e+03 4.422266776315958992e-01
1.591200000000000045e+03 4.393242147664965236e-01
1.592200000000000045e+03 4.528921370841419991e-01
1.593200000000000045e+03 4.514251119196249773e-01
1.594200000000000045e+03 4.564061714439933692e-01
1.595299999999999955e+03 4.595988920228718522e-01
1.596299999999999955e+03 4.640481875150654911e-01
1.597299999999999955e+03 4.552382613285624879e-01
1.598299999999999955e+03 4.532373138759035469e-01
1.599299999999999955e+03 4.668350143062494073e-01
1.600299999999999955e+03 4.720109202244978652e-01
1.601299999999999955e+03 4.649930066979715004e-01
1.602299999999999955e+03 4.631759370947921006e-01
1.603299999999999955e+03 4.557964159917443081e-01
1.604299999999999955e+03 4.597221581485288477e-01
1.605299999999999955e+03 4.503662259229558873e-01
1.606400000000000091e+03 4.557310470934369806e-01
1.607400000000000091e+03 4.555317793046655961e-01
1.608400000000000091e+03 4.449148765512881409e-01
1.609400000000000091e+03 4.459730898924401110e-01
1.610400000000000091e+03 4.466734299237452022e-01
1.611400000000000091e+03 4.527674694984374915e-01
1.612400000000000091e+03 4.567077756664159049e-01
1.613400000000000091e+03 4.426688496520885252e-01
1.614400000000000091e+03 4.422942939804440643e-01
1.615400000000000091e+03 4.534339580597344654e-01
1.616400000000000091e+03 4.442469952948450151e-01
1.617400000000000091e+03 4.481951073288787391e-01
1.618400000000000091e+03 4.508859042296761155e-01
1.619400000000000091e+03 4.476374282153025019e-01
1.620400000000000091e+03 4.463696004641894977e-01
1.621400000000000091e+03 4.433011174773526242e-01
1.622500000000000000e+03 4.492403613999850776e-01
1.623500000000000000e+03 4.369833850477995441e-01
1.624500000000000000e+03 4.425654955719491301e-01
1.625500000000000000e+03 4.459877566684090633e-01
1.626500000000000000e+03 4.391349266141392205e-01
1.627500000000000000e+03 4.420190008417864691e-01
1.628500000000000000e+03 4.418388293932865585e-01
1.629500000000000000e+03 4.434638564138148609e-01
1.630500000000000000e+03 4.470756539858616874e-01
1.631500000000000000e+03 4.497875217156663274e-01
1.632500000000000000e+03 4.384198944831626532e-01
1.633500000000000000e+03 4.398691629504880574e-01
1.634500000000000000e+03 4.449322462726268412e-01
1.635500000000000000e+03 4.359080009704337511e-01
1.636500000000000000e+03 4.279651151412410814e-01
1.637500000000000000e+03 4.406222436212660631e-01
1.638500000000000000e+03 4.399094163765283616e-01
1.639500000000000000e+03 4.366661143057014027e-01
1.640500000000000000e+03 4.388474737888614641e-01
1.641500000000000000e+03 4.372323818496283154e-01
1.642500000000000000e+03 4.372457698847218022e-01
1.643500000000000000e+03 4.291174612372789521e-01
1.644500000000000000e+03 4.285880851891014087e-01
1.645500000000000000e+03 4.360243994246594812e-01
1.646500000000000000e+03 4.284367088451439542e-01
1.647500000000000000e+03 4.279095723674725127e-01
1.648500000000000000e+03 4.226735832916044822e-01
1.649500000000000000e+03 4.279443179822030041e-01
1.650500000000000000e+03 4.308623518721775847e-01
1.651500000000000000e+03 4.316074717261050298e-01
1.652500000000000000e+03 4.209327370646996913e-01
1.653500000000000000e+03 4.169633492978068734e-01
1.654500000000000000e+03 4.204288953667479900e-01
1.655500000000000000e+03 4.184547229876056096e-01
1.656500000000000000e+03 4.170248143140447006e-01
1.657500000000000000e+03 4.099693999992156668e-01
1.658500000000000000e+03 4.163435893931904386e-01
1.659500000000000000e+03 4.227211469674536093e-01
1.660500000000000000e+03 4.025905504643605970e-01
1.661500000000000000e+03 4.131466333016010628e-01
1.662500000000000000e+03 4.158963542767714072e-01
1.663500000000000000e+03 4.135603240657474977e-01
1.664500000000000000e+03 4.044997652738722693e-01
1.665500000000000000e+03 4.128863129388942177e-01
1.666400000000000091e+03 4.050957963806299800e-01
1.667400000000000091e+03 4.089409402469944554e-01
1.668400000000000091e+03 4.053309518620168417e-01
1.669400000000000091e+03 4.080873389770247606e-01
1.670400000000000091e+03 4.072062114707175606e-01
1.671400000000000091e+03 4.006833143965673472e-01
1.672400000000000091e+03 4.089031208707233911e-01
1.673400000000000091e+03 4.078410987383978004e-01
1.674400000000000091e+03 4.106034401172061754e-01
1.675400000000000091e+03 4.079029484396201055e-01
1.676400000000000091e+03 4.048374218467441499e-01
1.677400000000000091e+03 4.081488773811074444e-01
1.678400000000000091e+03 4.067233329326006563e-01
1.679400000000000091e+03 4.120426193716705821e-01
1.680400000000000091e+03 4.056950274238200760e-01
1.681400000000000091e+03 4.102875505038675041e-01
1.682299999999999955e+03 4.012015553970877946e-01
1.683299999999999955e+03 4.101744570824111258e-01
1.684299999999999955e+03 4.083847538708979541e-01
1.685299999999999955e+03 3.983810926263151586e-01
1.686299999999999955e+03 4.091854305380423495e-01
1.687299999999999955e+03 4.064822652149968629e-01
1.688299999999999955e+03 4.096225435932931425e-01
1.689299999999999955e+03 4.133123595439399112e-01
1.690299999999999955e+03 3.954441802051467114e-01
1.691299999999999955e+03 4.031534450456863428e-01
1.692299999999999955e+03 4.070275806160410514e-01
1.693200000000000045e+03 4.070642324077208274e-01
1.694200000000000045e+03 4.081982243573324953e-01
1.695200000000000045e+03 4.058578092751615185e-01
1.696200000000000045e+03 4.064435273723372988e-01
1.697200000000000045e+03 4.028212950895741495e-01
1.698200000000000045e+03 4.028578863927385068e-01
1.699200000000000045e+03 4.107655960491207181e-01
1.700200000000000045e+03 4.089732358816984270e-01
1.701200000000000045e+03 3.980242057683151535e-01
1.702099999999999909e+03 4.160097976543775111e-01
1.703099999999999909e+03 3.990124713914797727e-01
1.704099999999999909e+03 4.030800804079430200e-01
1.705099999999999909e+03 4.084323120338068658e-01
1.706099999999999909e+03 4.053546497740697641e-01
1.707099999999999909e+03 4.121764270712429123e-01
1.708099999999999909e+03 4.127660476342631668e-01
1.709099999999999909e+03 4.122554398045355506e-01
1.710000000000000000e+03 4.025718228579769908e-01
1.711000000000000000e+03 4.114172250288700150e-01
1.712000000000000000e+03 4.094378922688077793e-01
1.713000000000000000e+03 4.122305813586016887e-01
1.714000000000000000e+03 4.108014749954663758e-01
1.715000000000000000e+03 3.998223362440446182e-01
1.716000000000000000e+03 4.136356571385504388e-01
1.716900000000000091e+03 4.182686819599341632e-01
1.717900000000000091e+03 4.059980814793232029e-01
1.718900000000000091e+03 4.086096883291122084e-01
1.719900000000000091e+03 4.222521336777169121e-01
1.720900000000000091e+03 4.151230854989957364e-01
1.721900000000000091e+03 4.127726184645623131e-01
1.722900000000000091e+03 4.194343079841943434e-01
1.723799999999999955e+03 4.192914152590397348e-01
1.724799999999999955e+03 4.145479955319023024e-01
1.725799999999999955e+03 4.177168855714937235e-01
1.726799999999999955e+03 4.221756223263174457e-01
1.727799999999999955e+03 4.106169138055602019e-01
1.728799999999999955e+03 4.189433073208119751e-01
1.729700000000000045e+03 4.175102199283919902e-01
1.730700000000000045e+03 4.138655593014491929e-01
1.731700000000000045e+03 4.168532869840114174e-01
1.732700000000000045e+03 4.183675616800787145e-01
1.733700000000000045e+03 4.206197190206318881e-01
1.734599999999999909e+03 4.195536360386784014e-01
1.735599999999999909e+03 4.168271227191895356e-01
1.736599999999999909e+03 4.211089430673781164e-01
1.737599999999999909e+03 4.170897863881425915e-01
1.738599999999999909e+03 4.154678037511153055e-01
1.739599999999999909e+03 4.190130556557180030e-01
1.740500000000000000e+03 4.168365578903493462e-01
1.741500000000000000e+03 4.109659689022839291e-01
1.742500000000000000e+03 4.154352149501653324e-01
1.743500000000000000e+03 4.200907343068602806e-01
1.744500000000000000e+03 4.258564308473958837e-01
1.745400000000000091e+03 4.242322647209326725e-01
1.746400000000000091e+03 4.170621159535928824e-01
1.747400000000000091e+03 4.263423978899268385e-01
1.748400000000000091e+03 4.226824601395162140e-01
1.749299999999999955e+03 4.245691207910941012e-01
1.750299999999999955e+03 4.112875560273893671e-01
1.751299999999999955e+03 4.209428678662030521e-01
1.752299999999999955e+03 4.167223704156419739e-01
1.753200000000000045e+03 4.170664224073272752e-01
1.753299999999999955e+03 4.198897543636698759e-01
1.754200000000000045e+03 4.173538397109814446e-01
1.755200000000000045e+03 4.187286840067228066e-01
1.756200000000000045e+03 4.152433222460665263e-01
1.757200000000000045e+03 4.206252935659466896e-01
1.758099999999999909e+03 4.224670957859321119e-01
1.758200000000000045e+03 4.152911536953969862e-01
1.759099999999999909e+03 4.248929226485667066e-01
1.759200000000000045e+03 4.178880551771273488e-01
1.760099999999999909e+03 4.184715236270417082e-01
1.761099999999999909e+03 4.226376651930416339e-01
1.762000000000000000e+03 4.229313518333531197e-01
1.762099999999999909e+03 4.165540374202847951e-01
1.763000000000000000e+03 4.273938698791897584e-01
1.763099999999999909e+03 4.218932645279313554e-01
1.764000000000000000e+03 4.227665168528297879e-01
1.764099999999999909e+03 4.230222553062154001e-01
1.765000000000000000e+03 4.209182542284656825e-01
1.765099999999999909e+03 4.190221436450331516e-01
1.766000000000000000e+03 4.220361924142475019e-01
1.766099999999999909e+03 4.219778668136612843e-01
1.766900000000000091e+03 4.224096882906422934e-01
1.767099999999999909e+03 4.201689738927071871e-01
1.767900000000000091e+03 4.160973329462859249e-01
1.768099999999999909e+03 4.189062108827569242e-01
1.768900000000000091e+03 4.183213728735833414e-01
1.769000000000000000e+03 4.152570008781933941e-01
1.769900000000000091e+03 4.185004570448314642e-01
1.770000000000000000e+03 4.167366633241881835e-01
1.770799999999999955e+03 4.177477834039651228e-01
1.771000000000000000e+03 4.119785143910636993e-01
1.771799999999999955e+03 4.168058293095932565e-01
1.772000000000000000e+03 4.123509251206614601e-01
1.772799999999999955e+03 4.232935982561945032e-01
1.773000000000000000e+03 4.083164056471473846e-01
1.773700000000000045e+03 4.180704639563599390e-01
1.774000000000000000e+03 4.070291572367294441e-01
1.774700000000000045e+03 4.137711389937496209e-01
1.775000000000000000e+03 4.094089343937847847e-01
1.775700000000000045e+03 4.133711664186884294e-01
1.775900000000000091e+03 4.103169324784985972e-01
1.776700000000000045e+03 4.116651574722407503e-01
1.776900000000000091e+03 4.093845604918727732e-01
1.777599999999999909e+03 4.129306435144053933e-01
1.777900000000000091e+03 4.067940071033084859e-01
1.778599999999999909e+03 4.106572074150331986e-01
1.778900000000000091e+03 4.047489461766345387e-01
1.779599999999999909e+03 4.072618100843688471e-01
1.779900000000000091e+03 4.054552256782229525e-01
1.780599999999999909e+03 3.999516331195623331e-01
1.780900000000000091e+03 4.056054698318903307e-01
1.781500000000000000e+03 4.110643776208971478e-01
1.781900000000000091e+03 3.987628893371510386e-01
1.782500000000000000e+03 4.169627693105809052e-01
1.782799999999999955e+03 4.108572819701808987e-01
1.783500000000000000e+03 4.128012623998169595e-01
1.783799999999999955e+03 4.060259355658962233e-01
1.784400000000000091e+03 3.965246522064729828e-01
1.784799999999999955e+03 4.000825769183747882e-01
1.785400000000000091e+03 4.109782779279310683e-01
1.785799999999999955e+03 4.088565355815772517e-01
1.786400000000000091e+03 4.010198632084530646e-01
1.786799999999999955e+03 4.080550144228815013e-01
1.787400000000000091e+03 4.067086260843210122e-01
1.787799999999999955e+03 4.087206678797349335e-01
1.788299999999999955e+03 4.045640249132071986e-01
1.788700000000000045e+03 4.009072455710413485e-01
1.789299999999999955e+03 4.096848635613172251e-01
1.789700000000000045e+03 4.056133189728003408e-01
1.790299999999999955e+03 4.071553495063843786e-01
1.790700000000000045e+03 4.071826357326271406e-01
1.791200000000000045e+03 4.077900207559441714e-01
1.791700000000000045e+03 4.022946373396565911e-01
1.792200000000000045e+03 4.171878865811360360e-01
1.792700000000000045e+03 4.082770215724939034e-01
1.793200000000000045e+03 4.071758127885073963e-01
1.793599999999999909e+03 4.094608127142817522e-01
1.794200000000000045e+03 3.984601169695882183e-01
1.794599999999999909e+03 4.089785546794769688e-01
1.795099999999999909e+03 4.024292373191849514e-01
1.795599999999999909e+03 4.092277597253576871e-01
1.796099999999999909e+03 4.024724298204084283e-01
1.796599999999999909e+03 4.079940819192431900e-01
1.797099999999999909e+03 3.987740682726079178e-01
1.797599999999999909e+03 4.080455971674857851e-01
1.798000000000000000e+03 4.040339440003182236e-01
1.798500000000000000e+03 4.042127484843472396e-01
1.799000000000000000e+03 4.087289058676359943e-01
1.799500000000000000e+03 4.083137145756861597e-01
1.800000000000000000e+03 4.046363749327452353e-01
1.800500000000000000e+03 4.116710730952966579e-01
1.800900000000000091e+03 4.027785348402434518e-01
1.801500000000000000e+03 4.065229200758825323e-01
1.801900000000000091e+03 4.106343687244874419e-01
1.802500000000000000e+03 3.961901195258444308e-01
1.802900000000000091e+03 4.052111705153947363e-01
1.803400000000000091e+03 4.078467160406715752e-01
1.803799999999999955e+03 4.091299972825132580e-01
1.804400000000000091e+03 3.997149874392494362e-01
1.804799999999999955e+03 4.074322109529979197e-01
1.805400000000000091e+03 4.076653325412447071e-01
1.805799999999999955e+03 4.079722785750854452e-01
1.806400000000000091e+03 4.093223458439136930e-01
1.806700000000000045e+03 4.013952840757092355e-01
1.807400000000000091e+03 4.030159256130254608e-01
1.807700000000000045e+03 4.052903566011167857e-01
1.808299999999999955e+03 4.022531814868410271e-01
1.808700000000000045e+03 4.065597573076902282e-01
1.809299999999999955e+03 4.085194144250978154e-01
1.809599999999999909e+03 4.033296337364594697e-01
1.810299999999999955e+03 4.090411694254822428e-01
1.810599999999999909e+03 4.077701023584631712e-01
1.811299999999999955e+03 4.015914184120748520e-01
1.811599999999999909e+03 4.116441113086234949e-01
1.812200000000000045e+03 4.102516948561468757e-01
1.812500000000000000e+03 4.085816050084041806e-01
1.813200000000000045e+03 4.072340020064981747e-01
1.813500000000000000e+03 4.115079488414250530e-01
1.814200000000000045e+03 4.064331398954056929e-01
1.814500000000000000e+03 4.091815478276714657e-01
1.815200000000000045e+03 4.028443901867015398e-01
1.815400000000000091e+03 4.135965373425273262e-01
1.816200000000000045e+03 4.031425338706179917e-01
1.816400000000000091e+03 4.080700664373574926e-01
1.817099999999999909e+03 4.019506243327040096e-01
1.817400000000000091e+03 4.053483390412141452e-01
1.818099999999999909e+03 4.050198233219621802e-01
1.818299999999999955e+03 4.084340730426303523e-01
1.819099999999999909e+03 4.075276647716143952e-01
1.819299999999999955e+03 4.105770361060819829e-01
1.820099999999999909e+03 4.085455499801231571e-01
1.820299999999999955e+03 4.108385055472147385e-01
1.821000000000000000e+03 4.090008851986009497e-01
1.821200000000000045e+03 4.167244391290572114e-01
1.822000000000000000e+03 4.092647586950868832e-01
1.822200000000000045e+03 4.152860149101105236e-01
1.823000000000000000e+03 4.078508528399164001e-01
1.823200000000000045e+03 4.136534328909490243e-01
1.823900000000000091e+03 3.971392716384251620e-01
1.824099999999999909e+03 4.118266097707297124e-01
1.824900000000000091e+03 4.077913823226165246e-01
1.825099999999999909e+03 4.022926105754976445e-01
1.825900000000000091e+03 4.136091327573357956e-01
1.826000000000000000e+03 4.166072343218108487e-01
1.826900000000000091e+03 4.060351467346376975e-01
1.827000000000000000e+03 4.149507406701475887e-01
1.827799999999999955e+03 4.086819315670770503e-01
1.828000000000000000e+03 4.063345986308773417e-01
1.828799999999999955e+03 3.997896590359276692e-01
1.828900000000000091e+03 4.086117899623611383e-01
1.829799999999999955e+03 4.119157562699097275e-01
1.829900000000000091e+03 4.016722631467672389e-01
1.830799999999999955e+03 4.089654239975298311e-01
1.830900000000000091e+03 4.099560627706238525e-01
1.831700000000000045e+03 4.104766537769982682e-01
1.831799999999999955e+03 4.112789950349999279e-01
1.832700000000000045e+03 4.067691550539842549e-01
1.832799999999999955e+03 4.122210739586297801e-01
1.833700000000000045e+03 4.066729564330439084e-01
1.834599999999999909e+03 4.000990055684723878e-01
1.834700000000000045e+03 4.063988916057960643e-01
1.835599999999999909e+03 4.077413173007499725e-01
1.835700000000000045e+03 4.095867086700450410e-01
1.836599999999999909e+03 4.111692667760092346e-01
1.837599999999999909e+03 4.094014182152206360e-01
1.838500000000000000e+03 4.088976457987796298e-01
1.838599999999999909e+03 4.105274667412629475e-01
1.839500000000000000e+03 4.102734027745239542e-01
1.840500000000000000e+03 4.090498240388834028e-01
1.841400000000000091e+03 4.086257424871011512e-01
1.842400000000000091e+03 4.088922340992345306e-01
1.843400000000000091e+03 4.033806636021478043e-01
1.844299999999999955e+03 4.109226560354355962e-01
1.844400000000000091e+03 4.089160511237541762e-01
1.845299999999999955e+03 4.036776986074029905e-01
1.846200000000000045e+03 4.027691215626032495e-01
1.846299999999999955e+03 4.124426457158244519e-01
1.847200000000000045e+03 4.123431838487104928e-01
1.847299999999999955e+03 4.054926262401242210e-01
1.848200000000000045e+03 4.070835376004278694e-01
1.849099999999999909e+03 4.064339328104015769e-01
1.849200000000000045e+03 4.056381482914268588e-01
1.850099999999999909e+03 4.020347243879475729e-01
1.850200000000000045e+03 4.020373336502764405e-01
1.851000000000000000e+03 4.102796866808686715e-01
1.851099999999999909e+03 4.079709775010592065e-01
1.852000000000000000e+03 4.041718226787905932e-01
1.852099999999999909e+03 4.060448614094071540e-01
1.852900000000000091e+03 4.008908244610318028e-01
1.853099999999999909e+03 4.069211513640212941e-01
1.853900000000000091e+03 4.036499261521822035e-01
1.854000000000000000e+03 4.085427503764248458e-01
1.854900000000000091e+03 4.077289178079194776e-01
1.855000000000000000e+03 4.112847308264864221e-01
1.855799999999999955e+03 4.093488897578199670e-01
1.856000000000000000e+03 4.091548551827405289e-01
1.856799999999999955e+03 4.073743576463646487e-01
1.856900000000000091e+03 4.072076000621817626e-01
1.857700000000000045e+03 4.044501388113369567e-01
1.857900000000000091e+03 4.105022362316922413e-01
1.858700000000000045e+03 4.045467575623453715e-01
1.858900000000000091e+03 4.096716879977730930e-01
1.859599999999999909e+03 4.110703717886510788e-01
1.859799999999999955e+03 4.073375532844805136e-01
1.860599999999999909e+03 4.117288462419000927e-01
1.860799999999999955e+03 4.027488171759781022e-01
1.861599999999999909e+03 4.120057709625170594e-01
1.861799999999999955e+03 3.977794474875492869e-01
1.862500000000000000e+03 4.066022726978960056e-01
1.862700000000000045e+03 4.048103328356315589e-01
1.863500000000000000e+03 4.074395635645718938e-01
1.863700000000000045e+03 4.095896430680111000e-01
1.864400000000000091e+03 4.082740069954827744e-01
1.864599999999999909e+03 4.025441704897334549e-01
1.865400000000000091e+03 4.068335153079017941e-01
1.865599999999999909e+03 4.075067075287861496e-01
1.866299999999999955e+03 4.099347222964644932e-01
1.866599999999999909e+03 4.085254658258667404e-01
1.867299999999999955e+03 4.143601623571973591e-01
1.867500000000000000e+03 4.080393280625339014e-01
1.868200000000000045e+03 4.079854465860310309e-01
1.868500000000000000e+03 4.139372790834432991e-01
1.869200000000000045e+03 4.120276915848495869e-01
1.869500000000000000e+03 4.066822822683311967e-01
1.870200000000000045e+03 4.062133360769741297e-01
1.870400000000000091e+03 4.050595867701876074e-01
1.871099999999999909e+03 4.064602914430946456e-01
1.871400000000000091e+03 4.070053680932111950e-01
1.872099999999999909e+03 4.110656941478176285e-01
1.872400000000000091e+03 4.004881779844299827e-01
1.873000000000000000e+03 4.147222710946536495e-01
1.873299999999999955e+03 4.107042933735103318e-01
1.874000000000000000e+03 4.143947964164366171e-01
1.874299999999999955e+03 4.158436538127017190e-01
1.874900000000000091e+03 4.038206781450656702e-01
1.875200000000000045e+03 4.025431898218010396e-01
1.875900000000000091e+03 4.110764137121648565e-01
1.876200000000000045e+03 4.125720593755469734e-01
1.876799999999999955e+03 4.082744302943892012e-01
1.877200000000000045e+03 4.099907243762018760e-01
1.877799999999999955e+03 4.107842503563836623e-01
1.878099999999999909e+03 4.021339400775804651e-01
1.878700000000000045e+03 4.148119033221459584e-01
1.879099999999999909e+03 4.125403935160040225e-01
1.879700000000000045e+03 3.994705486169864428e-01
1.880000000000000000e+03 4.042999992333015657e-01
1.880700000000000045e+03 4.055830932942572353e-01
1.881000000000000000e+03 4.077363942689815612e-01
1.881599999999999909e+03 4.115062572632613991e-01
1.882000000000000000e+03 4.051416432660998046e-01
1.882599999999999909e+03 4.035602624968472329e-01
1.882900000000000091e+03 4.112156607244105699e-01
1.883500000000000000e+03 4.111923427048714830e-01
1.883900000000000091e+03 4.056003915731417608e-01
1.884500000000000000e+03 4.055210095624299238e-01
1.884799999999999955e+03 4.105426613098729360e-01
1.885400000000000091e+03 4.080205729484189248e-01
1.885799999999999955e+03 4.085059449990027791e-01
1.886400000000000091e+03 4.070971873630507276e-01
1.886799999999999955e+03 4.045800448845279229e-01
1.887299999999999955e+03 4.042703871414463079e-01
1.887700000000000045e+03 4.021608838368181393e-01
1.888299999999999955e+03 4.098105893678188894e-01
1.888700000000000045e+03 4.054026308002625090e-01
1.889200000000000045e+03 4.058393274414313634e-01
1.889599999999999909e+03 4.084558919179162029e-01
1.890200000000000045e+03 4.127116033197248957e-01
1.890599999999999909e+03 4.065990315347891015e-01
1.891099999999999909e+03 4.146371153788841468e-01
1.891599999999999909e+03 4.071960488637503262e-01
1.892099999999999909e+03 4.123745522649466810e-01
1.892500000000000000e+03 4.034465154993872038e-01
1.893000000000000000e+03 4.087774645279061980e-01
1.893500000000000000e+03 4.025292225253211953e-01
1.894000000000000000e+03 4.120335023937557462e-01
1.894400000000000091e+03 4.140870907277574564e-01
1.894900000000000091e+03 4.032908295242804697e-01
1.895400000000000091e+03 4.116575078441710445e-01
1.895900000000000091e+03 4.071169674774791636e-01
1.896299999999999955e+03 4.052544383494909863e-01
1.896799999999999955e+03 4.092290247920820634e-01
1.897299999999999955e+03 4.077385949620946914e-01
1.897799999999999955e+03 4.042901535725807460e-01
1.898299999999999955e+03 4.088987632899450109e-01
1.898700000000000045e+03 4.079260444840764332e-01
1.899200000000000045e+03 4.038134550240348730e-01
1.899700000000000045e+03 4.104188929882173209e-01
1.900200000000000045e+03 4.197373613507269230e-01
1.900599999999999909e+03 4.117681067135807171e-01
1.901099999999999909e+03 4.129470672358150907e-01
1.901599999999999909e+03 4.117823749583175430e-01
1.902099999999999909e+03 4.129710609518959519e-01
1.902500000000000000e+03 4.085535164912229567e-01
1.903000000000000000e+03 4.101532123361937843e-01
1.903500000000000000e+03 4.131451817253853354e-01
1.904000000000000000e+03 4.082810576857293094e-01
1.904400000000000091e+03 4.102962919949033616e-01
1.905000000000000000e+03 4.111455956283355251e-01
1.905400000000000091e+03 4.085911668928307039e-01
1.905900000000000091e+03 4.115468780044467256e-01
1.906299999999999955e+03 4.129936220315098550e-01
1.906900000000000091e+03 4.136545067748571558e-01
1.907299999999999955e+03 4.101423180044050931e-01
1.907799999999999955e+03 4.108320732867656866e-01
1.908200000000000045e+03 4.086264882174845958e-01
1.908799999999999955e+03 4.021277784224016050e-01
1.909200000000000045e+03 4.050089648930040309e-01
1.909700000000000045e+03 4.180846062949853947e-01
1.910099999999999909e+03 4.136160166065577237e-01
1.910700000000000045e+03 4.120345523944743404e-01
1.911099999999999909e+03 4.122906470040372251e-01
1.911599999999999909e+03 4.082594545327803415e-01
1.912000000000000000e+03 4.144045660777539442e-01
1.912599999999999909e+03 4.130263844658237371e-01
1.912900000000000091e+03 4.071534263401120346e-01
1.913500000000000000e+03 4.062111457282855942e-01
1.913900000000000091e+03 4.119435244905510496e-01
1.914500000000000000e+03 4.130691397269056209e-01
1.914799999999999955e+03 4.150145035942532368e-01
1.915400000000000091e+03 4.117605397883890017e-01
1.915799999999999955e+03 4.077594113270329723e-01
1.916400000000000091e+03 4.121616745929114201e-01
1.916700000000000045e+03 4.018406199984216332e-01
1.917299999999999955e+03 4.070506932902664410e-01
1.917700000000000045e+03 4.100770307156586525e-01
1.918299999999999955e+03 4.063102429488126277e-01
1.918599999999999909e+03 4.141068255574853474e-01
1.919299999999999955e+03 4.114646614866380725e-01
1.919599999999999909e+03 4.085688653904831491e-01
1.920200000000000045e+03 4.126270849541577301e-01
1.920500000000000000e+03 4.101115406718537915e-01
1.921200000000000045e+03 4.126485838288891927e-01
1.921500000000000000e+03 4.147181805800796983e-01
1.922099999999999909e+03 4.077224726804443145e-01
1.922400000000000091e+03 4.051561883457802660e-01
1.923099999999999909e+03 4.132628752090208302e-01
1.923299999999999955e+03 4.153181196801336572e-01
1.924000000000000000e+03 4.125232536245602710e-01
1.924299999999999955e+03 4.128407468840491479e-01
1.925000000000000000e+03 4.054993267851893513e-01
1.925200000000000045e+03 4.115121617248297947e-01
1.925900000000000091e+03 4.085671736506428231e-01
1.926200000000000045e+03 4.105664637922012417e-01
1.926900000000000091e+03 4.160182910472376427e-01
1.927099999999999909e+03 4.082788414756956530e-01
1.927799999999999955e+03 4.076567596995964160e-01
1.928099999999999909e+03 4.071407111419583225e-01
1.928799999999999955e+03 4.093932607400586066e-01
1.929000000000000000e+03 4.060022554621669499e-01
1.929700000000000045e+03 4.118931980267883097e-01
1.930000000000000000e+03 4.134933214786296607e-01
1.930700000000000045e+03 4.002836409340211898e-01
1.930900000000000091e+03 4.142738872142806006e-01
1.931599999999999909e+03 4.058344359621252062e-01
1.931799999999999955e+03 4.135200590226476569e-01
1.932599999999999909e+03 4.102431756719056022e-01
1.932799999999999955e+03 4.062421085009287336e-01
1.933500000000000000e+03 4.171345486427290306e-01
1.933700000000000045e+03 4.027998403960919016e-01
1.934400000000000091e+03 4.003626890597793420e-01
1.934700000000000045e+03 4.089538536380656342e-01
1.935400000000000091e+03 4.059186793181790431e-01
1.935599999999999909e+03 4.105025021542454411e-01
1.936299999999999955e+03 4.051760286030088309e-01
1.936599999999999909e+03 4.060990980608649714e-01
1.937299999999999955e+03 4.067248781583973627e-01
1.937500000000000000e+03 4.097603893893186355e-01
1.938200000000000045e+03 4.138142679003382618e-01
1.938400000000000091e+03 4.091970107223168451e-01
1.939200000000000045e+03 4.090602497077422406e-01
1.939400000000000091e+03 4.107467524517541824e-01
1.940099999999999909e+03 4.127131464671763839e-01
1.940299999999999955e+03 4.044184231696353882e-01
1.941099999999999909e+03 4.125443985066452046e-01
1.941299999999999955e+03 4.073130667173612274e-01
1.942000000000000000e+03 4.062569675084344301e-01
1.942200000000000045e+03 4.052106578508751777e-01
1.943000000000000000e+03 4.206211046587735591e-01
1.943200000000000045e+03 4.081062401864108957e-01
1.943900000000000091e+03 4.082111026224495287e-01
1.944099999999999909e+03 4.090797045922585085e-01
1.944900000000000091e+03 3.998132798052633219e-01
1.945000000000000000e+03 4.110149902440233816e-01
1.945799999999999955e+03 4.147591896056264660e-01
1.946000000000000000e+03 4.119889039396544272e-01
1.946799999999999955e+03 4.099955206117291695e-01
1.946900000000000091e+03 4.135401279842091382e-01
1.947700000000000045e+03 4.081013297511743021e-01
1.947900000000000091e+03 4.110503839409817561e-01
1.948599999999999909e+03 4.083125088648410506e-01
1.948799999999999955e+03 4.049023970990697219e-01
1.949599999999999909e+03 4.041178466911263811e-01
1.949700000000000045e+03 4.068372135163442205e-01
1.950500000000000000e+03 4.045190679461022620e-01
1.950700000000000045e+03 4.080021597426545243e-01
1.951500000000000000e+03 4.112439274829013947e-01
1.951599999999999909e+03 4.047377775436406533e-01
1.952400000000000091e+03 4.095375922235571231e-01
1.952599999999999909e+03 4.095615142836450118e-01
1.953400000000000091e+03 4.139649921079132100e-01
1.953500000000000000e+03 4.101482158946784251e-01
1.954299999999999955e+03 4.130244977548337970e-01
1.954400000000000091e+03 4.126614085158286649e-01
1.955299999999999955e+03 4.128502080188667378e-01
1.955400000000000091e+03 4.084297763721947416e-01
1.956200000000000045e+03 4.053849965451408188e-01
1.956299999999999955e+03 4.063162591373414290e-01
1.957099999999999909e+03 4.103886594878094485e-01
1.957299999999999955e+03 4.092137632443912931e-01
1.958099999999999909e+03 4.082922900523045517e-01
1.958200000000000045e+03 4.171249466138664541e-01
1.959000000000000000e+03 4.134893172580030307e-01
1.959099999999999909e+03 4.134667835143625569e-01
1.960000000000000000e+03 4.115831260431287442e-01
1.960099999999999909e+03 4.092277950246965834e-01
1.960900000000000091e+03 4.044895169207697871e-01
1.961000000000000000e+03 4.132822072274057734e-01
1.961900000000000091e+03 4.112424248960169226e-01
1.962799999999999955e+03 4.090379226689520031e-01
1.962900000000000091e+03 4.153273381400585107e-01
1.963700000000000045e+03 4.109695140137015201e-01
1.963799999999999955e+03 4.018168214932918980e-01
1.964700000000000045e+03 4.113630268542673440e-01
1.964799999999999955e+03 4.087651925222361982e-01
1.965599999999999909e+03 4.025262933351944628e-01
1.965700000000000045e+03 4.103081301811229986e-01
1.966599999999999909e+03 4.119597555965546776e-01
1.967500000000000000e+03 4.051476424393526954e-01
1.967599999999999909e+03 4.044263989413301452e-01
1.968400000000000091e+03 4.074600047826764104e-01
1.968500000000000000e+03 4.063526237530760143e-01
1.969400000000000091e+03 4.076420738663679710e-01
1.970299999999999955e+03 4.073853712287177631e-01
1.970400000000000091e+03 4.122507389397141453e-01
1.971299999999999955e+03 4.093849107477918747e-01
1.972200000000000045e+03 4.067909795141508300e-01
1.973099999999999909e+03 4.093471700589322304e-01
1.973200000000000045e+03 4.087816748025516200e-01
1.974099999999999909e+03 4.117258384660593129e-01
1.975000000000000000e+03 4.111921549841807133e-01
1.975099999999999909e+03 4.102284122545711287e-01
1.976000000000000000e+03 4.073816718973719553e-01
1.976900000000000091e+03 4.095178767956315635e-01
1.977799999999999955e+03 4.054335039247706218e-01
1.977900000000000091e+03 4.080980161877257317e-01
1.978799999999999955e+03 4.082604694323780925e-01
1.979700000000000045e+03 4.048760453744112975e-01
1.980700000000000045e+03 4.035511683488777201e-01
1.981599999999999909e+03 4.050953610702682783e-01
1.982500000000000000e+03 4.102259820912772526e-01
1.983500000000000000e+03 4.051944526654060463e-01
1.984400000000000091e+03 4.062707324643909934e-01
1.985299999999999955e+03 4.086918454939568734e-01
1.986299999999999955e+03 4.073380526116607281e-01
1.987200000000000045e+03 4.074411748490860963e-01
1.988099999999999909e+03 4.078355190288594501e-01
1.988200000000000045e+03 4.121644929724948558e-01
1.989099999999999909e+03 4.114878485872909830e-01
1.990000000000000000e+03 4.093620539276003334e-01
1.990900000000000091e+03 4.006217314630932669e-01
1.991000000000000000e+03 4.063521396169101352e-01
1.991900000000000091e+03 4.054620570711615080e-01
1.992799999999999955e+03 4.055556648811680098e-01
1.993700000000000045e+03 4.007671506787583993e-01
1.993799999999999955e+03 4.148453072337794922e-01
1.994700000000000045e+03 4.085181149867522787e-01
1.995599999999999909e+03 4.111382449299842978e-01
1.996500000000000000e+03 4.030386008064867354e-01
1.996599999999999909e+03 4.155914065662208445e-01
1.997500000000000000e+03 4.016835701874719722e-01
1.998400000000000091e+03 4.077870591747563278e-01
1.999299999999999955e+03 4.053011561545877273e-01
1.999400000000000091e+03 4.048919452265841712e-01
2.000299999999999955e+03 4.055994620292903141e-01
2.001200000000000045e+03 4.101469527684650229e-01
2.002099999999999909e+03 3.970549273361599352e-01
2.002200000000000045e+03 4.059967493589407561e-01
2.003000000000000000e+03 4.041904775097766023e-01
2.003099999999999909e+03 4.088553385965464360e-01
2.004000000000000000e+03 4.096428370311078759e-01
2.004900000000000091e+03 4.082926950219050166e-01
2.005000000000000000e+03 4.139340864637987005e-01
2.005799999999999955e+03 4.027792978048391759e-01
2.005900000000000091e+03 4.070826738233472297e-01
2.006799999999999955e+03 4.082404327353146289e-01
2.007700000000000045e+03 4.057032643401550231e-01
2.007799999999999955e+03 4.022477095361980948e-01
2.008599999999999909e+03 4.046557245155874560e-01
2.008700000000000045e+03 4.074239678795376074e-01
2.009599999999999909e+03 4.071038324518378992e-01
2.010500000000000000e+03 4.048431648823547779e-01
2.010599999999999909e+03 4.095691921899330956e-01
2.011400000000000091e+03 4.049551635846075359e-01
2.011500000000000000e+03 4.059954660028303741e-01
2.012299999999999955e+03 4.023366081704065622e-01
2.012400000000000091e+03 4.082490756097161277e-01
2.013299999999999955e+03 4.119881595499853000e-01
2.013400000000000091e+03 4.073889468415309301e-01
2.014200000000000045e+03 4.062451207753582927e-01
2.014299999999999955e+03 4.059414499967924916e-01
2.015099999999999909e+03 4.014710806737193383e-01
2.015200000000000045e+03 4.058515403524011189e-01
2.016099999999999909e+03 4.035524152036396028e-01
2.017000000000000000e+03 4.033783510630443714e-01
2.017099999999999909e+03 4.093275319597143858e-01
2.017900000000000091e+03 4.058073130429175057e-01
2.018000000000000000e+03 4.028052452074117884e-01
2.018799999999999955e+03 4.010172123253871734e-01
2.018900000000000091e+03 4.097112771017994426e-01
2.019799999999999955e+03 4.026589289758003565e-01
2.019900000000000091e+03 4.191483335813441236e-01
2.020700000000000045e+03 4.003954383552161822e-01
2.020799999999999955e+03 4.065740788102651382e-01
2.021599999999999909e+03 3.979322262156341772e-01
2.021700000000000045e+03 4.070444853799302098e-01
2.022599999999999909e+03 4.013192865896182959e-01
2.022700000000000045e+03 4.135524557126127321e-01
2.023500000000000000e+03 4.062652235203168538e-01
2.023599999999999909e+03 4.042708169600022772e-01
2.024400000000000091e+03 4.049615279432721149e-01
2.024500000000000000e+03 4.092135600652643257e-01
2.025299999999999955e+03 4.007245223954562507e-01
2.025400000000000091e+03 4.067443585339518553e-01
2.026299999999999955e+03 4.015599407525453635e-01
2.026400000000000091e+03 4.105117189965885593e-01
2.027200000000000045e+03 4.016104092680842230e-01
2.027299999999999955e+03 4.021812145082497847e-01
2.028099999999999909e+03 4.026338057919401914e-01
2.028200000000000045e+03 4.076975970608409106e-01
2.029000000000000000e+03 4.040444129260369888e-01
2.029099999999999909e+03 4.061861422869785798e-01
2.030000000000000000e+03 3.995886429005977569e-01
2.030099999999999909e+03 4.058413995097087668e-01
2.030900000000000091e+03 3.984256480862821692e-01
2.031000000000000000e+03 3.988537257251278390e-01
2.031900000000000091e+03 4.014275253533296506e-01
2.032900000000000091e+03 4.069316291087934911e-01
2.033799999999999955e+03 4.069662906944638836e-01
2.034700000000000045e+03 4.064136994383278356e-01
2.035599999999999909e+03 4.125059447759942821e-01
2.036599999999999909e+03 4.031542262919976527e-01
2.037500000000000000e+03 4.037708886632305205e-01
2.038400000000000091e+03 4.047780583227844065e-01
2.039299999999999955e+03 4.100888267241986629e-01
2.040299999999999955e+03 4.063994962453496007e-01
2.041200000000000045e+03 3.970315757737401530e-01
2.042099999999999909e+03 4.050820591294614914e-01
2.043000000000000000e+03 4.041278081086203677e-01
2.044000000000000000e+03 4.010178500593843953e-01
2.044900000000000091e+03 3.994728121555339295e-01
2.045799999999999955e+03 4.098784272435893050e-01
2.046700000000000045e+03 3.987298479184259170e-01
2.047700000000000045e+03 4.020812557480931138e-01
2.048599999999999909e+03 4.022962225086024191e-01
2.049500000000000000e+03 3.985883092465922761e-01
2.050400000000000091e+03 3.997817127238720292e-01
2.051300000000000182e+03 4.033291323860515587e-01
2.052300000000000182e+03 4.007940448800932920e-01
2.053199999999999818e+03 4.002198539545219758e-01
2.054099999999999909e+03 4.045526353692148191e-01
2.055000000000000000e+03 3.990685097585609520e-01
2.056000000000000000e+03 3.967237553084137502e-01
2.056900000000000091e+03 4.091106994524741913e-01
2.057800000000000182e+03 4.038184164287715872e-01
2.058699999999999818e+03 3.967544346165786107e-01
2.059599999999999909e+03 4.054125681891462829e-01
2.060599999999999909e+03 4.009006654402859082e-01
2.061500000000000000e+03 4.020892996700063948e-01
2.062400000000000091e+03 4.044581053415301497e-01
2.063300000000000182e+03 3.952197003875436709e-01
2.064199999999999818e+03 3.950288895499021735e-01
2.065199999999999818e+03 4.046788423142411162e-01
2.066099999999999909e+03 4.003549303854015418e-01
2.067000000000000000e+03 3.991793850986601333e-01
2.067900000000000091e+03 4.076537085131885507e-01
2.068800000000000182e+03 4.052967171541367875e-01
2.069800000000000182e+03 3.966333395879924062e-01
2.070699999999999818e+03 4.041265771587242983e-01
2.071599999999999909e+03 4.090603534612527459e-01
2.072500000000000000e+03 4.013777411279605967e-01
2.073400000000000091e+03 4.011856626033467599e-01
2.074300000000000182e+03 3.996128279838851993e-01
2.075300000000000182e+03 4.008014957777885634e-01
2.076199999999999818e+03 4.013988453408222634e-01
2.077099999999999909e+03 4.067336583443698084e-01
2.078000000000000000e+03 4.071356092980922270e-01
2.078900000000000091e+03 4.089202732739630752e-01
2.079800000000000182e+03 4.047810551787898725e-01
2.080800000000000182e+03 4.053815341914603909e-01
2.081699999999999818e+03 4.053900012236654748e-01
2.082599999999999909e+03 4.059918926384786797e-01
2.083500000000000000e+03 4.048156106047346436e-01
2.084400000000000091e+03 4.014646387372669545e-01
2.085300000000000182e+03 4.074073678704890900e-01
2.086300000000000182e+03 4.014856177706302431e-01
2.087199999999999818e+03 4.016951303685843411e-01
2.088099999999999909e+03 4.068525924784014980e-01
2.089000000000000000e+03 4.003357365161607784e-01
2.089900000000000091e+03 4.062888267843732248e-01
2.090800000000000182e+03 4.009590877098875294e-01
2.091699999999999818e+03 4.039461891457917786e-01
2.092699999999999818e+03 4.049547645978838206e-01
2.093599999999999909e+03 4.069556031858979628e-01
2.094500000000000000e+03 4.077694597414391331e-01
2.095400000000000091e+03 4.016473242591571124e-01
2.096300000000000182e+03 4.078159912629099049e-01
2.097199999999999818e+03 4.171614703198232021e-01
2.098099999999999909e+03 4.118349264913391816e-01
2.099000000000000000e+03 4.126575473458980459e-01
2.100000000000000000e+03 4.150694641720192868e-01
2.100900000000000091e+03 4.156977476128299598e-01
2.101800000000000182e+03 4.169234667553968210e-01
2.102699999999999818e+03 4.143788531361096705e-01
2.103599999999999909e+03 4.213674990074988136e-01
2.104500000000000000e+03 4.194221676273909294e-01
2.105400000000000091e+03 4.246303268072952886e-01
2.106300000000000182e+03 4.254706786215894376e-01
2.107199999999999818e+03 4.320774790796416687e-01
2.108199999999999818e+03 4.283511130059585170e-01
2.109099999999999909e+03 4.401353749853647579e-01
2.110000000000000000e+03 4.479488869042838051e-01
2.110900000000000091e+03 4.505955698784823160e-01
2.111800000000000182e+03 4.574240003485472439e-01
2.112699999999999818e+03 4.676408151607540642e-01
2.113599999999999909e+03 4.772670270487490152e-01
2.114500000000000000e+03 4.835148887763540126e-01
2.115400000000000091e+03 4.933523093467114817e-01
2.116300000000000182e+03 5.105661080456216361e-01
2.117199999999999818e+03 5.152383130796145405e-01
2.118199999999999818e+03 5.416352652020414160e-01
2.119099999999999909e+03 5.521009890043722113e-01
2.120000000000000000e+03 5.615769030874233625e-01
2.120900000000000091e+03 5.840200775562017776e-01
2.121800000000000182e+03 5.885259924151984290e-01
2.122699999999999818e+03 6.042072829959894698e-01
2.123599999999999909e+03 6.187007304824431175e-01
2.124500000000000000e+03 6.112510574249743200e-01
2.125400000000000091e+03 6.183721548435168192e-01
2.126300000000000182e+03 6.332852449876920087e-01
2.127199999999999818e+03 6.274397308963687303e-01
2.128099999999999909e+03 6.247902570193102356e-01
2.129000000000000000e+03 6.225420399521123249e-01
2.129900000000000091e+03 6.258905506172732780e-01
2.130900000000000091e+03 6.228478879609214980e-01
2.131800000000000182e+03 6.220057039280056932e-01
2.132699999999999818e+03 6.097694015065262541e-01
2.133599999999999909e+03 6.023304394351286506e-01
2.134500000000000000e+03 5.910907707121665355e-01
2.135400000000000091e+03 5.774484683167677712e-01
2.136300000000000182e+03 5.776108577832812507e-01
2.137199999999999818e+03 5.607633913343210708e-01
2.138099999999999909e+03 5.633304659220228494e-01
2.139000000000000000e+03 5.416730863633582027e-01
2.139900000000000091e+03 5.354308367502942367e-01
2.140800000000000182e+03 5.275863042490953614e-01
2.141699999999999818e+03 5.203424384013205506e-01
2.142599999999999909e+03 5.132988151622182027e-01
2.143500000000000000e+03 5.214888990751046505e-01
2.144400000000000091e+03 5.044239303101933913e-01
2.145300000000000182e+03 5.001884878771184484e-01
2.146199999999999818e+03 4.979597968006689857e-01
2.147099999999999909e+03 4.895139874038098027e-01
2.148000000000000000e+03 5.003302666493478768e-01
2.148900000000000091e+03 4.971050913755598599e-01
2.149800000000000182e+03 4.810340598587271588e-01
2.150699999999999818e+03 4.888519110908065013e-01
2.151599999999999909e+03 4.798066709778878725e-01
2.152500000000000000e+03 4.691534277352323312e-01
2.153400000000000091e+03 4.749727200180514641e-01
2.154300000000000182e+03 4.689411497950118357e-01
2.155199999999999818e+03 4.717532555015291895e-01
2.156099999999999909e+03 4.669299200680477879e-01
2.157000000000000000e+03 4.637157478586184101e-01
2.157900000000000091e+03 4.544693152914148770e-01
2.158800000000000182e+03 4.619176445114395180e-01
2.159699999999999818e+03 4.627319967032600401e-01
2.160599999999999909e+03 4.641528893941637701e-01
2.161500000000000000e+03 4.543049460253160698e-01
2.162400000000000091e+03 4.611653227287291212e-01
2.163300000000000182e+03 4.519215665022314754e-01
2.164199999999999818e+03 4.559693319814693280e-01
2.165099999999999909e+03 4.537761282366733484e-01
2.166000000000000000e+03 4.564201479609707457e-01
2.166900000000000091e+03 4.471769738168788755e-01
2.167800000000000182e+03 4.592993319824049125e-01
2.168699999999999818e+03 4.583237201984092790e-01
2.169599999999999909e+03 4.535183306894629562e-01
2.170500000000000000e+03 4.547641515110009136e-01
2.171400000000000091e+03 4.519777120148971705e-01
2.172300000000000182e+03 4.522189772190278179e-01
2.173199999999999818e+03 4.496367814165359023e-01
2.174099999999999909e+03 4.440274678114132789e-01
2.175000000000000000e+03 4.458885257386159817e-01
2.175900000000000091e+03 4.449249355237727688e-01
2.176800000000000182e+03 4.457807993678318814e-01
2.177699999999999818e+03 4.417899661877056072e-01
2.178599999999999909e+03 4.462866279584442597e-01
2.179500000000000000e+03 4.431063269451155917e-01
2.180400000000000091e+03 4.377026460464421564e-01
2.181300000000000182e+03 4.383645826951815261e-01
2.182199999999999818e+03 4.398374380889397695e-01
2.183099999999999909e+03 4.305912209858184236e-01
2.183900000000000091e+03 4.367198809459527098e-01
2.184800000000000182e+03 4.250438411089539903e-01
2.185699999999999818e+03 4.267238147938073878e-01
2.186599999999999909e+03 4.263813771116707341e-01
2.187500000000000000e+03 4.248252259009745457e-01
2.188400000000000091e+03 4.269155266364857981e-01
2.189300000000000182e+03 4.245512247345881174e-01
2.190199999999999818e+03 4.211741135373617828e-01
2.191099999999999909e+03 4.238768201931683022e-01
2.192000000000000000e+03 4.172573136089399726e-01
2.192900000000000091e+03 4.195571982206282025e-01
2.193800000000000182e+03 4.119223914956354204e-01
2.194699999999999818e+03 4.136158218951601628e-01
2.195599999999999909e+03 4.078046192357919764e-01
2.196500000000000000e+03 4.161961599360743391e-01
2.197300000000000182e+03 4.176915235266137061e-01
2.198199999999999818e+03 4.110684026336989816e-01
2.199099999999999909e+03 4.062707866651857902e-01
2.200000000000000000e+03 4.061429315888172020e-01
2.200900000000000091e+03 4.076407954534171929e-01
2.201800000000000182e+03 4.069051652715127698e-01
2.202699999999999818e+03 4.031217701495143357e-01
2.203599999999999909e+03 4.107195119751820833e-01
2.204500000000000000e+03 4.038871819463771828e-01
2.205400000000000091e+03 4.055926437973025878e-01
2.206300000000000182e+03 4.062824236657237020e-01
2.207099999999999909e+03 4.041250949413208171e-01
2.208000000000000000e+03 4.025776694775151099e-01
2.208900000000000091e+03 4.018439856007687827e-01
2.209800000000000182e+03 4.047741105594557243e-01
2.210699999999999818e+03 4.099451603821142598e-01
2.211599999999999909e+03 4.029009273801962832e-01
2.212500000000000000e+03 3.966686674162288040e-01
2.213400000000000091e+03 4.036752095423733477e-01
2.214300000000000182e+03 4.035533818009064966e-01
2.215099999999999909e+03 4.003746528054987763e-01
2.216000000000000000e+03 4.002521928666137874e-01
2.216900000000000091e+03 4.001296628152403168e-01
2.217800000000000182e+03 4.000070302354274965e-01
2.218699999999999818e+03 3.990684079585976596e-01
2.219599999999999909e+03 4.007813117881130482e-01
2.220500000000000000e+03 4.016785594264978276e-01
2.221400000000000091e+03 4.023718774122517772e-01
2.222199999999999818e+03 3.977578801608114278e-01
2.223099999999999909e+03 3.980417972189765341e-01
2.224000000000000000e+03 4.058813631498130459e-01
2.224900000000000091e+03 4.033068156343603272e-01
2.225800000000000182e+03 4.037952619885742944e-01
2.226699999999999818e+03 4.051008356345300321e-01
2.227599999999999909e+03 3.990488254001522961e-01
2.228400000000000091e+03 3.968778542640307161e-01
2.229300000000000182e+03 4.022706050889672258e-01
2.230199999999999818e+03 4.076650095360893067e-01
2.231099999999999909e+03 4.089701136040928553e-01
2.232000000000000000e+03 4.031145593245346603e-01
2.232900000000000091e+03 4.007346989954194139e-01
2.233699999999999818e+03 4.020373059810515848e-01
2.234599999999999909e+03 4.037491901408602479e-01
2.235500000000000000e+03 4.064848418400748842e-01
2.236400000000000091e+03 4.032817643903162108e-01
2.237300000000000182e+03 4.045830713633215558e-01
2.238199999999999818e+03 4.105963775214026557e-01
2.239099999999999909e+03 3.955043221261648756e-01
2.239900000000000091e+03 3.982371515177814958e-01
2.240800000000000182e+03 3.974851358456041317e-01
2.241699999999999818e+03 4.127256494606488246e-01
2.242599999999999909e+03 4.029505959113285907e-01
2.243500000000000000e+03 3.999399960956230848e-01
2.244300000000000182e+03 4.004152036712785856e-01
2.245199999999999818e+03 3.982219050353654755e-01
2.246099999999999909e+03 4.054685771772410519e-01
2.247000000000000000e+03 4.001940999773566654e-01
2.247900000000000091e+03 4.074422572723007674e-01
2.248800000000000182e+03 4.075040768461045682e-01
2.249599999999999909e+03 4.120842796472433678e-01
2.250500000000000000e+03 4.018719298491875702e-01
2.251400000000000091e+03 3.990527059623782402e-01
2.252300000000000182e+03 4.032200093563074184e-01
2.253199999999999818e+03 4.049209581362184784e-01
2.254000000000000000e+03 4.031258861567621476e-01
2.254900000000000091e+03 4.058539184849598302e-01
2.255800000000000182e+03 4.054963520150997036e-01
2.256699999999999818e+03 4.067837079993646410e-01
2.257599999999999909e+03 4.093053802307762834e-01
2.258400000000000091e+03 4.044168379244663658e-01
2.259300000000000182e+03 4.015841336178950227e-01
2.260199999999999818e+03 4.041032897824811676e-01
2.261099999999999909e+03 4.025031498319892043e-01
2.262000000000000000e+03 4.048154824342137803e-01
2.262800000000000182e+03 4.075398229587297028e-01
2.263699999999999818e+03 4.051119924711618636e-01
2.264599999999999909e+03 4.092783719782550067e-01
2.265500000000000000e+03 4.105589722611724390e-01
2.266300000000000182e+03 4.046215174927675351e-01
2.267199999999999818e+03 4.021869876803166322e-01
2.268099999999999909e+03 4.026386093241706710e-01
2.269000000000000000e+03 4.068034816216116734e-01
2.269900000000000091e+03 4.062221980366674812e-01
2.270699999999999818e+03 4.066717333885945251e-01
2.271599999999999909e+03 4.044363322638417357e-01
2.272500000000000000e+03 4.028184747700741530e-01
2.273400000000000091e+03 4.049167616498159927e-01
2.274199999999999818e+03 4.043291395597714555e-01
2.275099999999999909e+03 4.066330393792847442e-01
2.276000000000000000e+03 4.101768103176102742e-01
2.276900000000000091e+03 4.035918625726799824e-01
2.277699999999999818e+03 4.129234357892349605e-01
2.278599999999999909e+03 4.090225550609012384e-01
2.279500000000000000e+03 4.051189826506604863e-01
2.280400000000000091e+03 4.026608885310639097e-01
2.281199999999999818e+03 4.126160820309524024e-01
2.282099999999999909e+03 4.043612227502871304e-01
2.283000000000000000e+03 4.072802619991402473e-01
2.283900000000000091e+03 4.052301702137798833e-01
2.284699999999999818e+03 4.017284705280219081e-01
2.285599999999999909e+03 4.017454421118619168e-01
2.286500000000000000e+03 4.015540828831526965e-01
2.287400000000000091e+03 4.034336262943297724e-01
2.288199999999999818e+03 4.109086678782075674e-01
2.289099999999999909e+03 4.009724957301456505e-01
2.290000000000000000e+03 4.080329983288772944e-01
2.290800000000000182e+03 4.094958438362705233e-01
2.291699999999999818e+03 4.028685826214021826e-01
2.292599999999999909e+03 4.149092618265185495e-01
2.293500000000000000e+03 4.070329720550516783e-01
2.294300000000000182e+03 4.113976195754116549e-01
2.295199999999999818e+03 4.126489560418136748e-01
2.296099999999999909e+03 4.074630005027757851e-01
2.296900000000000091e+03 4.012353693602841442e-01
2.297800000000000182e+03 4.082977011491785158e-01
2.298699999999999818e+03 4.122452801014243606e-01
2.299599999999999909e+03 4.095436722423747011e-01
2.300400000000000091e+03 4.060083638912958537e-01
2.301300000000000182e+03 4.074595081049360301e-01
2.302199999999999818e+03 4.093258020258719876e-01
2.303000000000000000e+03 4.049526554741255113e-01
2.303900000000000091e+03 4.111847360985055322e-01
2.304800000000000182e+03 4.084720098463954230e-01
2.305699999999999818e+03 4.011789606735635116e-01
2.306500000000000000e+03 4.084507786594896439e-01
2.307400000000000091e+03 4.098953939180870476e-01
2.308300000000000182e+03 4.042600282485823704e-01
2.309099999999999909e+03 4.050769792607926689e-01
2.310000000000000000e+03 4.077675937141511109e-01
2.310900000000000091e+03 4.081662333450336577e-01
2.311699999999999818e+03 4.104391044027379531e-01
2.312599999999999909e+03 4.054168117899782930e-01
2.313500000000000000e+03 4.131073587249634582e-01
2.314300000000000182e+03 4.089148979362778324e-01
2.315199999999999818e+03 4.053450330747419006e-01
2.316099999999999909e+03 4.082385682718137621e-01
2.316900000000000091e+03 4.067506801964250740e-01
2.317800000000000182e+03 4.100602224477796209e-01
2.318699999999999818e+03 4.100303068863119238e-01
2.319500000000000000e+03 4.139652857987530243e-01
2.320400000000000091e+03 4.120541787294166869e-01
2.321300000000000182e+03 4.074260354102833270e-01
2.322099999999999909e+03 4.094787065370232848e-01
2.323000000000000000e+03 4.073523855558954798e-01
2.323900000000000091e+03 4.127463635961937660e-01
2.324699999999999818e+03 4.112439780271242573e-01
2.325599999999999909e+03 4.047225083975788951e-01
2.326500000000000000e+03 4.086512322326888991e-01
2.327300000000000182e+03 4.065153888299561369e-01
2.328199999999999818e+03 4.035405573126886747e-01
2.329099999999999909e+03 4.062117141251142538e-01
2.329900000000000091e+03 4.057436849100484189e-01
2.330800000000000182e+03 4.100876958502888137e-01
2.331699999999999818e+03 4.135945880231403082e-01
2.332500000000000000e+03 4.041201019190194255e-01
2.333400000000000091e+03 4.082524233125988666e-01
2.334300000000000182e+03 4.073578603261634457e-01
2.335099999999999909e+03 4.104418995709808726e-01
2.336000000000000000e+03 4.064012244085630221e-01
2.336900000000000091e+03 4.048723889547708454e-01
2.337699999999999818e+03 4.027125174875386127e-01
2.338599999999999909e+03 4.104044936949242106e-01
2.339400000000000091e+03 4.063543558239550157e-01
2.340300000000000182e+03 4.062862486935611139e-01
2.341199999999999818e+03 4.024403095725482271e-01
2.342000000000000000e+03 4.118106046448131163e-01
2.342900000000000091e+03 4.010352344458321117e-01
2.343800000000000182e+03 4.049479623858858179e-01
2.344599999999999909e+03 4.099103850478616473e-01
2.345500000000000000e+03 4.005933570860016890e-01
2.346300000000000182e+03 4.091242474877144764e-01
2.347199999999999818e+03 4.077831217074330827e-01
2.348099999999999909e+03 4.013969092000479466e-01
2.348900000000000091e+03 4.086670650047148912e-01
2.349800000000000182e+03 4.083710871832459954e-01
2.350599999999999909e+03 4.101757704921007996e-01
2.351500000000000000e+03 4.117691972166531156e-01
2.352400000000000091e+03 4.062104229948345635e-01
2.353199999999999818e+03 4.080106864860867932e-01
2.354099999999999909e+03 4.041288788495215334e-01
2.354900000000000091e+03 4.061364899816408136e-01
2.355800000000000182e+03 4.070907151440978367e-01
2.356699999999999818e+03 4.114121507123316701e-01
2.357500000000000000e+03 4.060470689074225925e-01
2.358400000000000091e+03 4.017312331365620048e-01
2.359199999999999818e+03 4.039423834252118262e-01
2.360099999999999909e+03 4.048884580879107964e-01
2.361000000000000000e+03 4.089942737701481867e-01
2.361800000000000182e+03 4.006637688231918792e-01
2.362699999999999818e+03 4.047668444910107466e-01
2.363500000000000000e+03 4.010677470293770863e-01
2.364400000000000091e+03 4.104416263006936960e-01
2.365300000000000182e+03 4.067386364042274716e-01
2.366099999999999909e+03 4.026104308543446142e-01
2.367000000000000000e+03 4.081862201459615092e-01
2.367800000000000182e+03 4.074302454374633120e-01
2.368699999999999818e+03 3.999165614638754973e-01
2.369500000000000000e+03 4.088681624083188026e-01
2.370400000000000091e+03 4.093736374278486578e-01
2.371300000000000182e+03 4.060752326126889078e-01
2.372099999999999909e+03 4.095346240942038807e-01
2.373000000000000000e+03 4.089784823069408937e-01
2.373800000000000182e+03 4.056726076197711417e-01
2.374699999999999818e+03 4.044776391563236206e-01
2.375500000000000000e+03 4.043375896797202218e-01
2.376400000000000091e+03 4.041956516969807400e-01
2.377199999999999818e+03 3.983406309202730533e-01
2.378099999999999909e+03 4.159653998555647436e-01
2.379000000000000000e+03 4.014307807024516395e-01
2.379800000000000182e+03 4.057254410785003373e-01
2.380699999999999818e+03 3.990120322781338658e-01
2.381500000000000000e+03 4.064801935065697203e-01
2.382400000000000091e+03 4.090786487435172925e-01
2.383199999999999818e+03 4.006619604094346365e-01
2.384099999999999909e+03 4.013499449086280757e-01
2.384900000000000091e+03 4.039434470143738465e-01
2.385800000000000182e+03 4.071719496146719575e-01
2.386599999999999909e+03 4.019207481891611256e-01
2.387500000000000000e+03 4.112950748332565021e-01
2.388400000000000091e+03 4.043425328775701044e-01
2.389199999999999818e+03 4.065058947287863989e-01
2.390099999999999909e+03 4.061225783609886952e-01
2.390900000000000091e+03 3.997961562114645262e-01
2.391800000000000182e+03 4.036523329730536402e-01
2.392599999999999909e+03 4.049610215065094221e-01
2.393500000000000000e+03 4.075422909084142620e-01
2.394300000000000182e+03 4.111845381005311828e-01
2.395199999999999818e+03 4.059060461430530897e-01
2.396000000000000000e+03 4.065718286894850486e-01
2.396900000000000091e+03 4.027741974581383055e-01
2.397699999999999818e+03 4.074738918514034802e-01
2.398599999999999909e+03 4.011208215107220365e-01
2.399400000000000091e+03 3.951887530178336827e-01
2.400300000000000182e+03 4.034993277635670617e-01
2.401099999999999909e+03 4.009648255980213238e-01
2.402000000000000000e+03 4.062982491177153932e-01
2.402800000000000182e+03 4.075896070534097415e-01
2.403699999999999818e+03 4.048365766246867503e-01
2.404500000000000000e+03 4.039964100990772189e-01
2.405400000000000091e+03 4.080505937237084990e-01
2.406199999999999818e+03 4.061428420103433412e-01
2.407099999999999909e+03 4.040197827903292405e-01
2.407900000000000091e+03 4.102015561571363822e-01
2.408800000000000182e+03 4.074361496425654705e-01
2.409599999999999909e+03 4.016848806403718330e-01
2.410500000000000000e+03 4.046681514244797051e-01
2.411300000000000182e+03 4.053061660597715998e-01
2.412199999999999818e+03 4.001862042630105476e-01
2.413000000000000000e+03 3.995410677101319252e-01
2.413400000000000091e+03 3.949870594750403696e-01
2.413900000000000091e+03 3.999330707818460340e-01
2.414199999999999818e+03 4.010473877627358519e-01
2.414699999999999818e+03 4.071461432486558896e-01
2.415099999999999909e+03 4.007989055818957369e-01
2.415599999999999909e+03 4.041144201672389746e-01
2.415900000000000091e+03 4.013858485548488786e-01
2.416400000000000091e+03 4.017164156392076801e-01
2.416800000000000182e+03 3.981823367725620400e-01
2.417300000000000182e+03 4.020872814364796488e-01
2.417699999999999818e+03 4.029657179618343910e-01
2.418099999999999909e+03 4.026668493910637858e-01
2.418500000000000000e+03 4.071153688954564087e-01
2.419000000000000000e+03 4.045231673823897478e-01
2.419400000000000091e+03 4.064219244782646401e-01
2.419800000000000182e+03 4.050942427666486267e-01
2.420199999999999818e+03 4.034081960434484637e-01
2.420699999999999818e+03 4.039523222647527501e-01
2.421099999999999909e+03 4.041789295164496809e-01
2.421500000000000000e+03 4.107114286280034721e-01
2.422000000000000000e+03 4.070522169129866530e-01
2.422400000000000091e+03 4.048608779106953603e-01
2.422800000000000182e+03 3.991795633311397973e-01
2.423199999999999818e+03 4.109741564904475508e-01
2.423699999999999818e+03 4.064708156332468292e-01
2.424099999999999909e+03 4.025491049293690726e-01
2.424500000000000000e+03 4.112332226192295659e-01
2.424900000000000091e+03 4.041675050917235001e-01
2.425400000000000091e+03 4.077732672348640675e-01
2.425699999999999818e+03 4.053559157110862010e-01
2.426300000000000182e+03 4.081044036445605760e-01
2.426599999999999909e+03 4.125315249366178216e-01
2.427099999999999909e+03 4.099095571022601248e-01
2.427400000000000091e+03 4.025916305598938871e-01
2.428000000000000000e+03 4.077049587608642667e-01
2.428300000000000182e+03 4.101928089955709233e-01
2.428800000000000182e+03 4.040201167633698520e-01
2.429099999999999909e+03 4.068794128146754341e-01
2.429699999999999818e+03 4.075078473220438702e-01
2.430000000000000000e+03 4.097710361138049984e-01
2.430500000000000000e+03 4.061399568960201711e-01
2.430800000000000182e+03 4.103070110877908849e-01
2.431400000000000091e+03 4.108937964929384457e-01
2.431699999999999818e+03 4.097711189399846354e-01
2.432300000000000182e+03 4.061439789992571381e-01
2.432500000000000000e+03 4.105190817781669832e-01
2.433099999999999909e+03 4.094190406235316271e-01
2.433400000000000091e+03 4.093383515925861360e-01
2.434000000000000000e+03 4.082572363442020236e-01
2.434199999999999818e+03 4.100849737114720117e-01
2.434800000000000182e+03 4.125898769886582329e-01
2.435000000000000000e+03 4.082596477179104566e-01
2.435699999999999818e+03 4.133301353358672103e-01
2.435900000000000091e+03 4.070764525572866943e-01
2.436500000000000000e+03 4.045545384153059199e-01
2.436699999999999818e+03 4.142542467944084206e-01
2.437400000000000091e+03 4.086774700418353001e-01
2.437599999999999909e+03 4.057810096025381563e-01
2.438300000000000182e+03 4.123795045744154120e-01
2.438400000000000091e+03 4.095301936793838138e-01
2.439099999999999909e+03 4.097352078292690880e-01
2.439300000000000182e+03 4.051296591236270284e-01
2.440000000000000000e+03 4.068786694843904428e-01
2.440099999999999909e+03 4.157474226714606980e-01
2.440800000000000182e+03 4.154545282786283877e-01
2.440900000000000091e+03 4.109189665070413500e-01
2.441699999999999818e+03 4.047644702850232146e-01
2.441800000000000182e+03 4.136023012079032002e-01
2.442500000000000000e+03 4.131344473275115337e-01
2.442599999999999909e+03 4.094182100120885570e-01
2.443400000000000091e+03 4.183318126954513327e-01
2.443500000000000000e+03 4.095285575852889437e-01
2.444199999999999818e+03 4.099703877707529531e-01
2.444300000000000182e+03 4.139359756179251670e-01
2.445099999999999909e+03 4.189884653927008484e-01
2.445199999999999818e+03 4.149101483264284740e-01
2.445900000000000091e+03 4.193199968716433967e-01
2.446000000000000000e+03 4.182501209795662089e-01
2.446800000000000182e+03 4.164783191906127890e-01
2.447699999999999818e+03 4.125041509294918862e-01
2.448500000000000000e+03 4.127011323456590275e-01
2.449400000000000091e+03 4.178747810190864276e-01
2.450199999999999818e+03 4.143150447519376445e-01
2.451099999999999909e+03 4.214190074902105509e-01
2.451900000000000091e+03 4.176821359414295554e-01
2.452699999999999818e+03 4.197013192752673261e-01
2.452800000000000182e+03 4.247158180015750406e-01
2.453599999999999909e+03 4.209867642790670605e-01
2.454400000000000091e+03 4.208806612092006461e-01
2.454500000000000000e+03 4.288694993687004464e-01
2.455300000000000182e+03 4.227425460300372473e-01
2.456099999999999909e+03 4.214222709484755081e-01
2.456199999999999818e+03 4.272938456666636742e-01
2.456900000000000091e+03 4.275950110491003042e-01
2.457000000000000000e+03 4.242519754356286477e-01
2.457800000000000182e+03 4.255880482564403100e-01
2.457900000000000091e+03 4.237650682164427751e-01
2.458599999999999909e+03 4.272468598616926405e-01
2.458699999999999818e+03 4.230690529362223229e-01
2.459500000000000000e+03 4.261088282424775331e-01
2.459599999999999909e+03 4.249305881899457238e-01
2.460300000000000182e+03 4.295007082724402458e-01
2.460400000000000091e+03 4.246684675820693311e-01
2.461099999999999909e+03 4.270775719656160208e-01
2.461300000000000182e+03 4.331402521914187176e-01
2.462000000000000000e+03 4.253047468002738585e-01
2.462099999999999909e+03 4.237309612963757743e-01
2.462800000000000182e+03 4.304367562411817727e-01
2.463000000000000000e+03 4.224165787742312217e-01
2.463699999999999818e+03 4.323398660465156418e-01
2.463800000000000182e+03 4.289898311965498756e-01
2.464500000000000000e+03 4.249717346221412173e-01
2.464699999999999818e+03 4.321610397483538479e-01
2.465300000000000182e+03 4.255894632621051721e-01
2.465500000000000000e+03 4.300094105324304139e-01
2.466199999999999818e+03 4.348451113583746142e-01
2.466400000000000091e+03 4.361773095858225702e-01
2.467000000000000000e+03 4.274881889243000721e-01
2.467199999999999818e+03 4.297703661629703187e-01
2.467900000000000091e+03 4.289855269000993898e-01
2.468099999999999909e+03 4.329649464797232783e-01
2.468699999999999818e+03 4.365349828362258267e-01
2.468900000000000091e+03 4.246444613020803893e-01
2.469500000000000000e+03 4.263822629921485419e-01
2.469800000000000182e+03 4.319049238702011295e-01
2.470400000000000091e+03 4.302724792647966146e-01
2.470599999999999909e+03 4.287143531303833632e-01
2.471199999999999818e+03 4.341696464687385681e-01
2.471500000000000000e+03 4.336414358897129895e-01
2.472000000000000000e+03 4.324552163253139181e-01
2.472300000000000182e+03 4.308880342739319635e-01
2.472900000000000091e+03 4.277197977074753688e-01
2.473199999999999818e+03 4.379653115639383643e-01
2.473699999999999818e+03 4.234206682934082422e-01
2.474000000000000000e+03 4.324453620507109908e-01
2.474599999999999909e+03 4.308016687764094632e-01
2.474900000000000091e+03 4.262874689043982812e-01
2.475400000000000091e+03 4.317033500669451573e-01
2.475699999999999818e+03 4.327445956313068498e-01
2.476199999999999818e+03 4.239590994811762159e-01
2.476500000000000000e+03 4.261679535118004236e-01
2.477099999999999909e+03 4.216264145411775521e-01
2.477400000000000091e+03 4.305011474433618757e-01
2.477900000000000091e+03 4.290360153199150317e-01
2.478199999999999818e+03 4.312057536335186514e-01
2.478699999999999818e+03 4.295287656768299600e-01
2.479099999999999909e+03 4.291351272196365918e-01
2.479599999999999909e+03 4.224514279527828986e-01
2.479900000000000091e+03 4.319917567831995653e-01
2.480400000000000091e+03 4.251201250007925481e-01
2.480800000000000182e+03 4.230823687593047722e-01
2.481199999999999818e+03 4.319101533319160691e-01
2.481599999999999909e+03 4.310895089058632834e-01
2.482099999999999909e+03 4.339438524746000447e-01
2.482500000000000000e+03 4.273276037363101798e-01
2.482900000000000091e+03 4.266694434326240848e-01
2.483300000000000182e+03 4.325667053056708178e-01
2.483800000000000182e+03 4.219983234242347114e-01
2.484199999999999818e+03 4.335290555927808209e-01
2.484599999999999909e+03 4.233992184270833903e-01
2.485000000000000000e+03 4.267827882458171684e-01
2.485400000000000091e+03 4.328262077728549095e-01
2.485800000000000182e+03 4.219685872522297987e-01
2.486300000000000182e+03 4.286051712365152033e-01
2.486699999999999818e+03 4.283071999413897712e-01
2.487099999999999909e+03 4.280745587137462782e-01
2.487500000000000000e+03 4.273631938500452310e-01
2.487900000000000091e+03 4.177907086395964420e-01
2.488400000000000091e+03 4.238506046297160768e-01
2.488800000000000182e+03 4.242107210227788472e-01
2.489199999999999818e+03 4.222732467178520466e-01
2.489599999999999909e+03 4.234797452589629807e-01
2.490099999999999909e+03 4.282120641342040401e-01
2.490400000000000091e+03 4.279619961099998537e-01
2.490900000000000091e+03 4.245000838513040553e-01
2.491300000000000182e+03 4.270260238071153513e-01
2.491699999999999818e+03 4.233685408549921481e-01
2.492099999999999909e+03 4.211029009390502842e-01
2.492599999999999909e+03 4.207389253068324897e-01
2.492900000000000091e+03 4.164859134447149169e-01
2.493400000000000091e+03 4.211209258149417045e-01
2.493800000000000182e+03 4.270731217797655299e-01
2.494300000000000182e+03 4.124850616843422912e-01
2.494599999999999909e+03 4.179057944757357257e-01
2.495099999999999909e+03 4.154552042213219831e-01
2.495400000000000091e+03 4.178641201063744703e-01
2.496000000000000000e+03 4.173574201034694897e-01
2.496300000000000182e+03 4.234768070570603671e-01
2.496800000000000182e+03 4.175459250268345190e-01
2.497099999999999909e+03 4.177969604305784568e-01
2.497599999999999909e+03 4.196752212389382453e-01
2.497900000000000091e+03 4.186407261807979507e-01
2.498500000000000000e+03 4.192296047183946550e-01
2.498800000000000182e+03 4.199247935168734513e-01
2.499300000000000182e+03 4.181435155599534381e-01
2.499599999999999909e+03 4.179530608769020383e-01
2.500199999999999818e+03 4.207202504094382234e-01
2.500400000000000091e+03 4.203349968505809553e-01
2.501000000000000000e+03 4.194288252578428078e-01
2.501300000000000182e+03 4.164150693926108038e-01
2.501800000000000182e+03 4.164193970210024465e-01
2.502099999999999909e+03 4.218530959746769615e-01
2.502699999999999818e+03 4.129827301688228092e-01
2.502900000000000091e+03 4.118492268703871639e-01
2.503500000000000000e+03 4.108415349763432922e-01
2.503800000000000182e+03 4.142511040904498509e-01
2.504400000000000091e+03 4.158133586490163069e-01
2.504599999999999909e+03 4.157877790655541972e-01
2.505199999999999818e+03 4.160512881544511377e-01
2.505400000000000091e+03 4.201596882391436805e-01
2.506000000000000000e+03 4.137073337517378491e-01
2.506199999999999818e+03 4.123437714845918367e-01
2.506900000000000091e+03 4.085640476975471169e-01
2.507099999999999909e+03 4.158541571092337907e-01
2.507699999999999818e+03 4.154979690422441196e-01
2.507900000000000091e+03 4.080430222527453576e-01
2.508599999999999909e+03 4.116551123135843704e-01
2.508699999999999818e+03 4.119978532319847897e-01
2.509400000000000091e+03 4.106189577371058830e-01
2.509599999999999909e+03 4.065881064289416091e-01
2.510199999999999818e+03 4.059179669132369495e-01
2.510400000000000091e+03 4.149107871389941526e-01
2.511099999999999909e+03 4.113624306803868036e-01
2.511199999999999818e+03 4.127768991695474621e-01
2.511900000000000091e+03 4.142224653470146234e-01
2.512099999999999909e+03 4.106458138684514481e-01
2.512800000000000182e+03 4.106095683387572803e-01
2.512900000000000091e+03 4.059006249148356393e-01
2.513599999999999909e+03 4.117498087926328432e-01
2.513699999999999818e+03 4.162062829956177934e-01
2.514400000000000091e+03 4.079253150942527828e-01
2.514500000000000000e+03 4.129939284988056181e-01
2.515300000000000182e+03 4.047504226674779049e-01
2.515400000000000091e+03 4.128380676798598659e-01
2.516099999999999909e+03 4.104379592209643213e-01
2.516199999999999818e+03 4.109393027689717259e-01
2.516900000000000091e+03 4.033770310578167484e-01
2.517000000000000000e+03 4.179914806316781251e-01
2.517800000000000182e+03 4.099372619795659811e-01
2.517900000000000091e+03 4.123872941927797520e-01
2.518599999999999909e+03 4.089337646024823192e-01
2.518699999999999818e+03 4.076569886323310188e-01
2.519500000000000000e+03 4.094136715204613752e-01
2.520300000000000182e+03 4.124201441917891287e-01
2.520400000000000091e+03 4.096362282633754792e-01
2.521099999999999909e+03 4.060120876823626879e-01
2.521199999999999818e+03 4.035977913163246722e-01
2.522000000000000000e+03 4.062230630649770191e-01
2.522800000000000182e+03 4.097683247540547802e-01
2.523599999999999909e+03 4.066397446848221131e-01
2.523699999999999818e+03 4.046512365534774003e-01
2.524500000000000000e+03 4.056655983952066058e-01
2.525300000000000182e+03 4.039715050966394827e-01
2.526099999999999909e+03 4.079373731073355769e-01
2.527000000000000000e+03 4.078933755988254362e-01
2.527800000000000182e+03 4.089494267948612372e-01
2.528599999999999909e+03 4.043042421575187562e-01
2.528699999999999818e+03 3.998938066091748400e-01
2.529500000000000000e+03 4.046250447112522686e-01
2.530300000000000182e+03 4.068486893100957125e-01
2.531099999999999909e+03 4.038417967268473352e-01
2.531199999999999818e+03 4.048756987718959421e-01
2.531900000000000091e+03 4.078730524903849686e-01
2.532000000000000000e+03 4.034525553739242154e-01
2.532800000000000182e+03 4.044569183451090510e-01
2.533599999999999909e+03 4.072528326926517783e-01
2.533699999999999818e+03 4.102311646689024704e-01
2.534400000000000091e+03 4.080023304677411478e-01
2.534500000000000000e+03 3.999052265779509119e-01
2.535199999999999818e+03 4.076569241310605274e-01
2.535300000000000182e+03 4.091262084072466720e-01
2.536099999999999909e+03 4.059966919907211369e-01
2.536199999999999818e+03 4.046626975998854348e-01
2.536900000000000091e+03 4.058705412472298213e-01
2.537000000000000000e+03 4.038919147739699622e-01
2.537699999999999818e+03 4.079368958302552195e-01
2.537800000000000182e+03 3.989904987087397048e-01
2.538500000000000000e+03 4.097845720845617046e-01
2.538699999999999818e+03 4.016966545831023860e-01
2.539400000000000091e+03 4.035173957988081317e-01
2.539500000000000000e+03 4.007065353288251086e-01
2.540199999999999818e+03 3.972475394879387833e-01
2.540300000000000182e+03 4.092865307460762936e-01
2.541000000000000000e+03 4.019453308129303792e-01
2.541099999999999909e+03 4.017692658094798031e-01
2.541800000000000182e+03 4.059857565905444221e-01
2.542000000000000000e+03 4.036055904480637113e-01
2.542699999999999818e+03 4.027837047106325730e-01
2.542800000000000182e+03 4.056594869409647641e-01
2.543500000000000000e+03 4.006771974914604684e-01
2.543599999999999909e+03 4.048829300054535008e-01
2.544300000000000182e+03 4.033993264107443855e-01
2.544500000000000000e+03 4.069358301022091284e-01
2.545099999999999909e+03 4.034859705632458660e-01
2.545300000000000182e+03 4.070280296343214976e-01
2.546000000000000000e+03 4.055481317651307704e-01
2.546099999999999909e+03 4.055938263247706455e-01
2.546800000000000182e+03 4.029962222030187835e-01
2.547000000000000000e+03 4.065544738214919573e-01
2.547599999999999909e+03 4.114279862856126679e-01
2.547800000000000182e+03 4.053343003268111699e-01
2.548400000000000091e+03 3.970057966873262179e-01
2.548599999999999909e+03 3.999696698753047452e-01
2.549300000000000182e+03 4.025785654142005066e-01
2.549500000000000000e+03 4.031049242452734993e-01
2.550099999999999909e+03 4.066125230415842950e-01
2.550300000000000182e+03 4.047128597603517619e-01
2.550900000000000091e+03 4.040495313181219905e-01
2.551099999999999909e+03 3.999930451035800805e-01
2.551699999999999818e+03 4.010437022576595623e-01
2.551900000000000091e+03 4.020331701470136188e-01
2.552599999999999909e+03 4.055131792681380687e-01
2.552800000000000182e+03 4.045084402408318791e-01
2.553400000000000091e+03 4.020620986243277906e-01
2.553599999999999909e+03 4.034897341987280228e-01
2.554199999999999818e+03 4.060886418933524200e-01
2.554400000000000091e+03 4.061799906553454909e-01
2.555000000000000000e+03 4.041721467606234075e-01
2.555300000000000182e+03 3.953286216205133541e-01
2.555800000000000182e+03 4.081954940493663919e-01
2.556099999999999909e+03 4.078429288411798415e-01
2.556699999999999818e+03 3.990085135795328197e-01
2.556900000000000091e+03 4.006962040426584881e-01
2.557500000000000000e+03 4.067704040577910241e-01
2.557699999999999818e+03 4.016295116326508707e-01
2.558300000000000182e+03 4.021995035041993072e-01
2.558599999999999909e+03 4.060579123645106092e-01
2.559099999999999909e+03 4.035716161698888471e-01
2.559400000000000091e+03 4.078620063506589455e-01
2.560000000000000000e+03 4.049415648217559727e-01
2.560199999999999818e+03 4.033224972211509884e-01
2.560800000000000182e+03 4.058686361100866113e-01
2.561099999999999909e+03 4.040277701543359412e-01
2.561599999999999909e+03 4.070137471883312763e-01
2.561900000000000091e+03 4.091061675003877518e-01
2.562400000000000091e+03 4.068340254678127210e-01
2.562699999999999818e+03 4.063064193773549548e-01
2.563199999999999818e+03 4.110608096495326769e-01
2.563500000000000000e+03 4.056914327279760868e-01
2.564099999999999909e+03 4.009537119346806566e-01
2.564400000000000091e+03 4.041977529917608614e-01
2.564900000000000091e+03 4.040727942205412648e-01
2.565199999999999818e+03 4.090507158534677501e-01
2.565699999999999818e+03 4.010139877860554591e-01
2.566000000000000000e+03 4.036092980926725415e-01
2.566500000000000000e+03 4.098647462914977724e-01
2.566800000000000182e+03 4.071443050142845577e-01
2.567300000000000182e+03 4.048144146852882819e-01
2.567699999999999818e+03 3.981887011997831682e-01
2.568199999999999818e+03 4.026285565337796024e-01
2.568500000000000000e+03 4.028142200624301728e-01
2.569000000000000000e+03 4.024257377956490522e-01
2.569300000000000182e+03 4.034932149538980051e-01
2.569800000000000182e+03 4.066355184223825470e-01
2.570099999999999909e+03 4.043889492766022387e-01
2.570599999999999909e+03 4.086358663777107658e-01
2.571000000000000000e+03 4.050629750529142203e-01
2.571400000000000091e+03 4.024626648490580716e-01
2.571800000000000182e+03 4.017861949645289976e-01
2.572300000000000182e+03 4.082125607157419123e-01
2.572599999999999909e+03 4.125467032994107885e-01
2.573099999999999909e+03 4.033571681061792202e-01
2.573400000000000091e+03 4.059728794644253957e-01
2.573900000000000091e+03 4.011489270351462633e-01
2.574300000000000182e+03 4.035638133078345291e-01
2.574699999999999818e+03 4.053463161636107759e-01
2.575099999999999909e+03 3.982968968457154535e-01
2.575500000000000000e+03 4.066688663003946713e-01
2.575900000000000091e+03 4.000518037617224465e-01
2.576400000000000091e+03 4.035675199282200976e-01
2.576699999999999818e+03 4.086135174533359615e-01
2.577199999999999818e+03 4.040003416197741060e-01
2.577599999999999909e+03 4.037754946869693273e-01
2.578000000000000000e+03 4.044306778233509592e-01
2.578400000000000091e+03 4.096996435652572877e-01
2.578800000000000182e+03 4.066281469523201353e-01
2.579199999999999818e+03 4.017775927453607898e-01
2.579599999999999909e+03 4.061689884458080657e-01
2.580000000000000000e+03 4.022030222760079043e-01
2.580400000000000091e+03 4.021667601003051096e-01
2.580900000000000091e+03 4.019664929065731585e-01
2.581300000000000182e+03 4.045787288173900431e-01
2.581699999999999818e+03 3.990882935054931857e-01
2.582099999999999909e+03 4.001272021418462166e-01
2.582500000000000000e+03 4.010457770435956193e-01
2.582900000000000091e+03 4.062984274480013758e-01
2.583300000000000182e+03 4.032217441597804042e-01
2.583699999999999818e+03 4.056051905386932055e-01
2.584199999999999818e+03 4.115582037832588580e-01
2.584500000000000000e+03 4.051309015015192583e-01
2.585000000000000000e+03 4.148333767832684260e-01
2.585300000000000182e+03 4.075337862390967514e-01
2.585800000000000182e+03 4.004948006774359248e-01
2.586199999999999818e+03 4.010736335719807255e-01
2.586599999999999909e+03 4.035444413598915925e-01
2.587000000000000000e+03 4.072392612067547990e-01
2.587400000000000091e+03 4.116592345820846433e-01
2.587800000000000182e+03 4.032104941422338662e-01
2.588300000000000182e+03 4.034729395805631835e-01
2.588599999999999909e+03 4.111478503112036553e-01
2.589099999999999909e+03 4.029934804826503791e-01
2.589400000000000091e+03 4.060059757763980204e-01
2.589900000000000091e+03 4.055975016737283778e-01
2.590199999999999818e+03 4.092863385432510270e-01
2.590699999999999818e+03 4.084212404757250892e-01
2.591099999999999909e+03 4.036951383198094656e-01
2.591500000000000000e+03 4.050705237050692409e-01
2.591900000000000091e+03 4.045327435148482476e-01
2.592400000000000091e+03 4.074507309250269271e-01
2.592699999999999818e+03 4.140210038343853372e-01
2.593199999999999818e+03 4.012272380280005879e-01
2.593500000000000000e+03 4.093101479531571774e-01
2.594000000000000000e+03 4.069138764537430508e-01
2.594300000000000182e+03 4.023768247715073798e-01
2.594800000000000182e+03 4.068635463503028071e-01
2.595099999999999909e+03 4.067596458496052780e-01
2.595699999999999818e+03 4.081360504933894684e-01
2.596000000000000000e+03 4.067024543244365242e-01
2.596500000000000000e+03 4.054335543709332024e-01
2.596800000000000182e+03 4.048674788038616468e-01
2.597300000000000182e+03 4.031701048854373637e-01
2.597599999999999909e+03 4.043629194247427283e-01
2.598099999999999909e+03 4.031130387518451763e-01
2.598400000000000091e+03 4.016356823979686519e-01
2.598900000000000091e+03 4.052638281414950305e-01
2.599199999999999818e+03 4.026827775341820792e-01
2.599699999999999818e+03 4.094029704824789784e-01
2.600000000000000000e+03 4.063952402135827535e-01
2.600599999999999909e+03 4.075751375765492290e-01
2.600800000000000182e+03 4.007741633806576886e-01
2.601400000000000091e+03 4.068506298655770737e-01
2.601699999999999818e+03 4.062632794591334862e-01
2.602199999999999818e+03 4.034712767679645151e-01
2.602500000000000000e+03 4.073070442843527705e-01
2.603000000000000000e+03 4.009739850392961547e-01
2.603300000000000182e+03 4.034585544576861360e-01
2.603800000000000182e+03 4.040047311668146235e-01
2.604099999999999909e+03 4.047224163527317065e-01
2.604699999999999818e+03 4.099120512698255503e-01
2.604900000000000091e+03 4.099891968252031837e-01
2.605500000000000000e+03 4.029853244852803495e-01
2.605699999999999818e+03 4.081382329779151830e-01
2.606300000000000182e+03 4.073435285440289988e-01
2.606500000000000000e+03 4.025033244670870314e-01
2.607099999999999909e+03 4.081603054614463266e-01
2.607400000000000091e+03 4.084371806448672260e-01
2.607900000000000091e+03 4.027760710438786362e-01
2.608199999999999818e+03 4.085854139334695878e-01
2.608699999999999818e+03 4.111212159758189655e-01
2.609000000000000000e+03 4.085102580250412618e-01
2.609599999999999909e+03 4.008597546862197603e-01
2.609800000000000182e+03 4.077663550597493414e-01
2.610400000000000091e+03 4.061042281868937343e-01
2.610599999999999909e+03 4.016770962146838375e-01
2.611199999999999818e+03 4.007117247545811667e-01
2.611400000000000091e+03 4.036029191519415193e-01
2.612000000000000000e+03 4.046268426987522093e-01
2.612199999999999818e+03 4.050831803511292240e-01
2.612800000000000182e+03 4.027779792029255179e-01
2.613000000000000000e+03 4.021074077245485601e-01
2.613599999999999909e+03 4.033672148808129521e-01
2.613900000000000091e+03 4.069290872777376888e-01
2.614500000000000000e+03 4.057306647477287309e-01
2.614699999999999818e+03 4.064029414820118369e-01
2.615300000000000182e+03 4.056539439204301378e-01
2.615500000000000000e+03 4.027553619757962555e-01
2.616099999999999909e+03 4.124561057936131925e-01
2.616300000000000182e+03 4.102531891811943554e-01
2.616900000000000091e+03 4.077183977154621997e-01
2.617099999999999909e+03 4.045971413669445793e-01
2.617699999999999818e+03 4.038662098679485779e-01
2.617900000000000091e+03 4.060752960093244601e-01
2.618500000000000000e+03 4.071178381455227702e-01
2.618699999999999818e+03 4.073304257289964148e-01
2.619400000000000091e+03 3.999313181743409662e-01
2.619500000000000000e+03 4.043467706187512389e-01
2.620199999999999818e+03 4.022939812367325452e-01
2.620300000000000182e+03 4.107331832979558839e-01
2.621000000000000000e+03 4.039906372334274853e-01
2.621199999999999818e+03 4.073019694680290459e-01
2.621800000000000182e+03 4.019093961659256919e-01
2.622000000000000000e+03 4.065477160183411098e-01
2.622599999999999909e+03 4.020498916424745106e-01
2.622800000000000182e+03 4.080253056649679744e-01
2.623400000000000091e+03 4.084157667947503345e-01
2.623599999999999909e+03 4.016883126565721773e-01
2.624199999999999818e+03 4.078899190652647277e-01
2.624400000000000091e+03 4.060681333577202956e-01
2.625099999999999909e+03 4.049167543869419128e-01
2.625199999999999818e+03 4.053120265926439814e-01
2.625900000000000091e+03 4.101740643473241743e-01
2.626000000000000000e+03 4.067893577200367150e-01
2.626699999999999818e+03 4.123179229539328805e-01
2.626800000000000182e+03 4.084904057115518183e-01
2.627500000000000000e+03 4.066721806837492181e-01
2.627599999999999909e+03 4.021470943621663907e-01
2.628300000000000182e+03 4.132683843726692174e-01
2.628500000000000000e+03 4.080941474543555714e-01
2.629099999999999909e+03 4.100695430861868163e-01
2.629300000000000182e+03 4.075603957738410110e-01
2.629900000000000091e+03 4.053101554944338325e-01
2.630099999999999909e+03 4.061320398028599454e-01
2.630699999999999818e+03 4.094593960099934260e-01
2.630900000000000091e+03 4.051503356999241467e-01
2.631599999999999909e+03 4.104908630177642737e-01
2.631699999999999818e+03 4.046155225201981120e-01
2.632400000000000091e+03 4.061739580349593148e-01
2.632500000000000000e+03 4.031857089421433948e-01
2.633199999999999818e+03 4.040842594713453528e-01
2.633300000000000182e+03 4.089145418570123702e-01
2.634000000000000000e+03 4.057838978881780911e-01
2.634099999999999909e+03 4.065898184269627902e-01
2.634800000000000182e+03 4.094912518015642044e-01
2.634900000000000091e+03 4.078450650590556004e-01
2.635599999999999909e+03 4.096313048324281558e-01
2.635699999999999818e+03 4.041763337340605888e-01
2.636400000000000091e+03 4.050863116264032948e-01
2.636500000000000000e+03 4.058793014094801421e-01
2.637199999999999818e+03 4.079032083776994444e-01
2.637300000000000182e+03 4.071350077096486109e-01
2.638000000000000000e+03 4.049182578828441903e-01
2.638199999999999818e+03 4.043601148074539853e-01
2.638900000000000091e+03 4.097454607810202543e-01
2.639000000000000000e+03 4.020322856714341198e-01
2.639699999999999818e+03 4.105555346124953320e-01
2.639800000000000182e+03 4.082164174574014481e-01
2.640500000000000000e+03 4.068992622244671509e-01
2.640599999999999909e+03 4.047682154992652270e-01
2.641300000000000182e+03 4.081558618623415402e-01
2.641400000000000091e+03 4.089380378451942244e-01
2.642099999999999909e+03 4.067318621972578208e-01
2.642199999999999818e+03 4.088508046314219269e-01
2.642900000000000091e+03 4.062011852448036975e-01
2.643000000000000000e+03 4.058494196356806638e-01
2.643699999999999818e+03 4.058938284175030997e-01
2.643800000000000182e+03 4.086763299598814014e-01
2.644500000000000000e+03 4.087163404140671252e-01
2.644599999999999909e+03 4.036558451278808857e-01
2.645300000000000182e+03 4.144470792366599654e-01
2.645400000000000091e+03 4.076047450278404982e-01
2.646099999999999909e+03 4.112336806771647035e-01
2.646199999999999818e+03 4.088632122253058609e-01
2.647000000000000000e+03 4.083663511940474611e-01
2.647800000000000182e+03 4.035085264737178212e-01
2.648599999999999909e+03 4.030274607646481821e-01
2.648699999999999818e+03 4.044373733129272841e-01
2.649400000000000091e+03 4.024951646619628898e-01
2.649500000000000000e+03 4.074917958026262332e-01
2.650199999999999818e+03 4.053211224439037808e-01
2.650300000000000182e+03 4.062818253998319862e-01
2.651000000000000000e+03 4.047890601185257786e-01
2.651099999999999909e+03 4.041733307841088862e-01
2.651800000000000182e+03 4.091845956472535684e-01
2.651900000000000091e+03 4.083519822454600989e-01
2.652599999999999909e+03 4.122376987220470190e-01
2.652699999999999818e+03 4.019756385987246494e-01
2.653400000000000091e+03 4.146197738632770857e-01
2.653500000000000000e+03 4.059305685172918676e-01
2.654199999999999818e+03 4.109511710179137856e-01
2.654300000000000182e+03 4.053932190508860445e-01
2.655000000000000000e+03 4.063842341532024061e-01
2.655099999999999909e+03 3.994517387964415245e-01
2.655800000000000182e+03 4.110086413988716658e-01
2.656699999999999818e+03 4.068258263722870915e-01
2.657500000000000000e+03 4.107168049438247315e-01
2.658300000000000182e+03 4.074295625902156770e-01
2.659099999999999909e+03 4.030188222256802510e-01
2.659900000000000091e+03 4.060134597932258393e-01
2.660699999999999818e+03 4.076622449081981903e-01
2.661500000000000000e+03 4.068415512622381436e-01
2.662300000000000182e+03 4.078172946744904603e-01
2.663099999999999909e+03 4.072208416098729855e-01
2.663900000000000091e+03 4.081969700643962584e-01
2.664699999999999818e+03 4.087239710776189860e-01
2.665500000000000000e+03 4.105998834331830438e-01
2.666300000000000182e+03 4.041575171192218208e-01
2.667099999999999909e+03 4.096313077483704213e-01
2.667900000000000091e+03 4.099338944004000118e-01
2.668699999999999818e+03 4.050620423854022767e-01
2.669500000000000000e+03 4.033384566001768090e-01
2.670300000000000182e+03 4.085913346099820376e-01
2.671099999999999909e+03 4.021401396068685630e-01
2.672000000000000000e+03 4.028915078483258916e-01
2.672800000000000182e+03 4.047691874062137041e-01
2.673599999999999909e+03 4.052960231800235569e-01
2.674400000000000091e+03 4.064989277973812820e-01
2.675199999999999818e+03 4.083783208928180586e-01
2.676000000000000000e+03 4.075536204609001012e-01
2.676800000000000182e+03 4.017686656514393162e-01
2.677599999999999909e+03 4.045499981014111235e-01
2.678400000000000091e+03 4.118432161859912899e-01
2.679199999999999818e+03 4.062808984680807423e-01
2.680000000000000000e+03 4.047776050899579148e-01
2.680800000000000182e+03 4.066588144628947576e-01
2.681599999999999909e+03 4.044776158052718062e-01
2.682400000000000091e+03 4.070366890922479386e-01
2.683199999999999818e+03 4.025962678155866059e-01
2.684000000000000000e+03 4.038006122454830815e-01
2.684800000000000182e+03 4.059090190685657462e-01
2.685599999999999909e+03 4.100518490580618569e-01
2.686400000000000091e+03 4.074160416517048633e-01
2.687199999999999818e+03 4.022924286634737001e-01
2.688000000000000000e+03 4.050801530474446577e-01
2.688800000000000182e+03 4.047028384612305074e-01
2.689599999999999909e+03 4.172183838431124947e-01
2.690400000000000091e+03 4.014587303373990390e-01
2.691199999999999818e+03 4.037955442858643385e-01
2.692000000000000000e+03 4.068122071421730879e-01
2.692800000000000182e+03 4.071134010548472237e-01
2.693599999999999909e+03 4.019802955141211220e-01
2.694400000000000091e+03 4.077157677994380780e-01
2.695199999999999818e+03 4.084699774503578462e-01
2.696000000000000000e+03 4.035601322480895647e-01
2.696800000000000182e+03 4.056732082313170284e-01
2.697599999999999909e+03 4.052937211113306071e-01
2.698400000000000091e+03 4.017400001147219957e-01
2.699199999999999818e+03 4.074816458401737118e-01
2.700000000000000000e+03 4.036997984504975823e-01
2.700800000000000182e+03 4.024115696333736003e-01
2.701599999999999909e+03 4.077026254351219792e-01
2.702400000000000091e+03 4.023293953481869023e-01
2.703199999999999818e+03 4.021745304651389019e-01
2.704000000000000000e+03 4.061060716418327110e-01
2.704800000000000182e+03 4.041349049331571242e-01
2.705599999999999909e+03 4.053425520905291624e-01
2.706400000000000091e+03 4.056418050856809843e-01
2.707199999999999818e+03 4.109398769893005676e-01
2.708000000000000000e+03 4.019219883438279739e-01
2.708699999999999818e+03 4.040386590117643895e-01
2.709500000000000000e+03 4.145683927639716160e-01
2.710300000000000182e+03 4.100932618196426738e-01
2.711099999999999909e+03 3.994747875118580538e-01
2.711900000000000091e+03 4.036393720130474483e-01
2.712699999999999818e+03 4.064401515508850316e-01
2.713500000000000000e+03 4.092418577452009432e-01
2.714300000000000182e+03 4.061257983248032222e-01
2.715099999999999909e+03 4.034636147227351199e-01
2.715900000000000091e+03 4.010278444338146175e-01
2.716699999999999818e+03 4.070187625468554282e-01
2.717500000000000000e+03 4.027596288329353125e-01
2.718300000000000182e+03 4.023723842770367543e-01
2.719099999999999909e+03 4.060873229455244093e-01
2.719900000000000091e+03 4.036484017165575811e-01
2.720699999999999818e+03 4.039444115861852147e-01
2.721500000000000000e+03 4.149591547203941300e-01
2.722300000000000182e+03 4.040798193232179591e-01
2.723099999999999909e+03 4.082539535358558069e-01
2.723800000000000182e+03 4.076373177549921789e-01
2.724599999999999909e+03 4.067919173702516100e-01
2.725400000000000091e+03 4.091420145600629388e-01
2.726199999999999818e+03 4.055559544160897145e-01
2.727000000000000000e+03 4.060791205042718066e-01
2.727800000000000182e+03 4.052316198377597378e-01
2.728599999999999909e+03 4.052974113768495479e-01
2.729400000000000091e+03 4.083337848902189871e-01
2.730199999999999818e+03 4.104568153060860758e-01
2.731000000000000000e+03 4.059504530202693307e-01
2.731800000000000182e+03 4.078446039605582163e-01
2.732599999999999909e+03 4.044788371325296339e-01
2.733300000000000182e+03 4.013401550016190700e-01
2.734099999999999909e+03 4.133010452099795673e-01
2.734900000000000091e+03 4.067294770582927654e-01
2.735699999999999818e+03 4.054195841205283091e-01
2.736500000000000000e+03 4.029641106396036343e-01
2.737300000000000182e+03 4.071480634541435051e-01
2.738099999999999909e+03 4.074397391424415260e-01
2.738900000000000091e+03 4.100220413842444733e-01
2.739699999999999818e+03 4.055019940649459698e-01
2.740500000000000000e+03 4.037298948385433794e-01
2.741300000000000182e+03 4.035612939127430354e-01
2.742000000000000000e+03 4.063727847954042849e-01
2.742800000000000182e+03 4.073505207841274789e-01
2.743599999999999909e+03 4.060346566575594451e-01
2.744400000000000091e+03 4.042590722041611295e-01
2.745199999999999818e+03 4.086777087763361904e-01
2.746000000000000000e+03 4.075896928735651126e-01
2.746800000000000182e+03 4.012212245349124906e-01
2.747599999999999909e+03 4.024264401472127384e-01
2.748400000000000091e+03 4.089135169311731710e-01
2.749099999999999909e+03 4.105793610361748724e-01
2.749900000000000091e+03 4.032858130107487837e-01
2.750699999999999818e+03 4.077077529859866600e-01
2.751500000000000000e+03 4.061555430831321201e-01
2.752300000000000182e+03 4.059815303367002581e-01
2.753099999999999909e+03 4.025881328520299896e-01
2.753900000000000091e+03 4.106912838338496741e-01
2.754699999999999818e+03 4.045364372194165115e-01
2.755400000000000091e+03 4.045902769718718872e-01
2.756199999999999818e+03 4.057942216150012271e-01
2.757000000000000000e+03 4.083791129803120978e-01
2.757800000000000182e+03 4.086625967114493330e-01
2.758599999999999909e+03 4.043408169698055055e-01
2.759400000000000091e+03 4.048529536600949941e-01
2.760199999999999818e+03 4.035221126248956236e-01
2.760900000000000091e+03 4.067979439949402920e-01
2.761699999999999818e+03 4.017790873636820081e-01
2.762500000000000000e+03 4.018282157708241153e-01
2.763300000000000182e+03 4.083315309712582941e-01
2.764099999999999909e+03 4.042307237287270372e-01
2.764900000000000091e+03 4.047400839373601622e-01
2.765599999999999909e+03 4.080170849089342355e-01
2.766400000000000091e+03 3.995286942759619930e-01
2.767199999999999818e+03 4.046509505989950295e-01
2.768000000000000000e+03 4.086207172937996179e-01
2.768800000000000182e+03 4.012799554152104431e-01
2.769599999999999909e+03 4.031714931333958418e-01
2.770400000000000091e+03 3.990587652122830065e-01
2.771099999999999909e+03 4.060312360142102617e-01
2.771900000000000091e+03 4.063059590420111111e-01
2.772699999999999818e+03 4.005721410882112088e-01
2.773500000000000000e+03 4.010758776667290304e-01
2.774300000000000182e+03 4.052780195301747268e-01
2.775099999999999909e+03 4.032383507721660210e-01
2.775800000000000182e+03 4.058226089371271827e-01
2.776599999999999909e+03 4.040123984841831883e-01
2.777400000000000091e+03 4.031263171453435823e-01
2.778199999999999818e+03 4.040905417109889042e-01
2.779000000000000000e+03 4.066747284170109111e-01
2.779699999999999818e+03 4.076388813318458926e-01
2.780500000000000000e+03 4.030457809690885518e-01
2.781300000000000182e+03 4.026188751716294756e-01
2.782099999999999909e+03 4.021912045258116408e-01
2.782900000000000091e+03 4.033845482349786571e-01
2.783699999999999818e+03 3.994797292458858728e-01
2.784400000000000091e+03 4.027577849991240133e-01
2.785199999999999818e+03 4.023274013777148328e-01
2.786000000000000000e+03 3.984182214468475203e-01
2.786800000000000182e+03 4.058706785810400897e-01
2.787599999999999909e+03 4.038151201109733135e-01
2.788300000000000182e+03 3.999020844589459833e-01
2.789099999999999909e+03 4.027164336588487936e-01
2.789900000000000091e+03 4.020498158596835236e-01
2.790699999999999818e+03 4.053288198076437920e-01
2.791500000000000000e+03 4.060544271355382984e-01
2.792199999999999818e+03 4.007415329011398963e-01
2.793000000000000000e+03 4.019299101613192371e-01
2.793800000000000182e+03 4.014918619625640339e-01
2.794599999999999909e+03 4.017501900201560505e-01
2.795300000000000182e+03 4.008459274182016308e-01
2.796099999999999909e+03 4.024978955868191988e-01
2.796900000000000091e+03 4.036849206808495460e-01
2.797699999999999818e+03 3.999880330796845018e-01
2.798500000000000000e+03 4.025695449191986075e-01
2.799199999999999818e+03 4.074780696154940984e-01
2.800000000000000000e+03 4.023818275744968642e-01
2.800800000000000182e+03 4.096186207731620232e-01
2.801599999999999909e+03 4.026573123986742497e-01
2.802400000000000091e+03 4.019793637037449296e-01
2.803099999999999909e+03 4.024650256926202152e-01
2.803900000000000091e+03 4.001551410066354064e-01
2.804699999999999818e+03 4.041342207310459900e-01
2.805500000000000000e+03 4.048519839716435698e-01
2.806199999999999818e+03 4.055694911113674750e-01
2.807000000000000000e+03 4.027899779449710671e-01
2.807800000000000182e+03 3.976771860430471928e-01
2.808599999999999909e+03 4.053883877004076375e-01
2.809300000000000182e+03 4.019058132711383347e-01
2.810099999999999909e+03 4.009876673077245046e-01
2.810900000000000091e+03 4.052023154462149335e-01
2.811699999999999818e+03 4.061505963070141112e-01
2.812400000000000091e+03 4.031302456213685104e-01
2.813199999999999818e+03 3.994077435430080647e-01
2.814000000000000000e+03 3.984856848130569063e-01
2.814800000000000182e+03 4.041030202689969153e-01
2.815500000000000000e+03 4.043487058551101798e-01
2.816300000000000182e+03 4.017899595823646308e-01
2.817099999999999909e+03 4.027355313957819982e-01
2.817900000000000091e+03 4.060186853871112223e-01
2.818599999999999909e+03 3.990150197601919912e-01
2.819400000000000091e+03 4.062734639814413740e-01
2.820199999999999818e+03 3.978628307930646146e-01
2.821000000000000000e+03 4.048891607728937192e-01
2.821699999999999818e+03 4.063019838812851892e-01
2.822500000000000000e+03 4.046724499168395939e-01
2.823300000000000182e+03 4.051487174999509056e-01
2.824099999999999909e+03 4.049224344866359515e-01
2.824800000000000182e+03 3.979044999294879537e-01
2.825599999999999909e+03 4.002525689394252906e-01
2.826400000000000091e+03 4.063496476949554070e-01
2.827099999999999909e+03 4.047163252909320441e-01
2.827900000000000091e+03 4.026133778556036380e-01
2.828699999999999818e+03 4.007437819755265140e-01
2.829500000000000000e+03 3.986387798894735490e-01
2.830199999999999818e+03 4.077889455404852259e-01
2.831000000000000000e+03 4.005240274342047324e-01
2.831800000000000182e+03 4.002939845499571270e-01
2.832500000000000000e+03 4.012369300491844260e-01
2.833300000000000182e+03 4.064045293908402634e-01
2.834099999999999909e+03 4.050014924986018450e-01
2.834900000000000091e+03 4.078238867268410006e-01
2.835599999999999909e+03 4.061856206599945840e-01
2.836400000000000091e+03 4.029025609990026235e-01
2.837199999999999818e+03 4.033769100368641003e-01
2.837900000000000091e+03 4.087857274401209273e-01
2.838699999999999818e+03 4.040911867964794846e-01
2.839500000000000000e+03 4.043310633249057040e-01
2.840300000000000182e+03 4.033955760178817851e-01
2.841000000000000000e+03 4.036355569446662406e-01
2.841800000000000182e+03 4.059925030016510727e-01
2.842599999999999909e+03 4.064685547260397658e-01
2.843300000000000182e+03 4.050626226994130108e-01
2.844099999999999909e+03 4.038916353097446454e-01
2.844900000000000091e+03 3.982481305535890970e-01
2.845599999999999909e+03 4.102596422525116582e-01
2.846400000000000091e+03 4.076767420521849594e-01
2.847199999999999818e+03 4.010892408107104012e-01
2.847900000000000091e+03 4.076910853119304901e-01
2.848699999999999818e+03 4.053425577128747515e-01
2.849500000000000000e+03 4.079422261930368276e-01
2.850199999999999818e+03 4.063005633162573571e-01
2.851000000000000000e+03 4.067803527926007745e-01
2.851800000000000182e+03 4.044311405317638219e-01
2.852500000000000000e+03 4.060907105053651600e-01
2.853300000000000182e+03 4.079872223876226944e-01
2.854099999999999909e+03 4.016271974937841160e-01
2.854800000000000182e+03 4.075361157104640530e-01
2.855599999999999909e+03 4.120316474945081575e-01
2.856400000000000091e+03 4.068504426880461544e-01
2.857099999999999909e+03 4.111124663511508959e-01
2.857900000000000091e+03 4.035684409203504908e-01
2.858699999999999818e+03 4.106670863082306777e-01
2.859400000000000091e+03 4.061924775057513815e-01
2.860199999999999818e+03 4.090420978731040824e-01
2.861000000000000000e+03 4.095299414589988474e-01
2.861699999999999818e+03 4.067090636737309972e-01
2.862500000000000000e+03 4.055428172282560806e-01
2.863300000000000182e+03 4.053227239085564482e-01
2.864000000000000000e+03 4.174029601539933632e-01
2.864800000000000182e+03 4.055940750971864794e-01
2.865599999999999909e+03 4.162607308475294032e-01
2.866300000000000182e+03 4.106019361110529453e-01
2.867099999999999909e+03 4.054151275984780312e-01
2.867900000000000091e+03 4.085137996360375112e-01
2.868599999999999909e+03 4.104304204402466349e-01
2.869400000000000091e+03 4.061903429250905972e-01
2.870199999999999818e+03 4.111886151590607996e-01
2.870900000000000091e+03 4.114507165847465786e-01
2.871699999999999818e+03 4.008120632303809883e-01
2.872400000000000091e+03 4.131630276630333665e-01
2.873199999999999818e+03 4.089236712591854950e-01
2.874000000000000000e+03 4.101376195537996261e-01
2.874699999999999818e+03 4.085068336455632831e-01
2.875500000000000000e+03 4.054530205404074383e-01
2.876300000000000182e+03 4.118897915279985944e-01
2.877000000000000000e+03 4.081254505782840880e-01
2.877800000000000182e+03 4.121936017688893616e-01
2.878599999999999909e+03 4.134154469699741763e-01
2.879300000000000182e+03 4.120268078162609982e-01
2.880099999999999909e+03 4.101636793393146352e-01
2.880800000000000182e+03 4.111514493503895529e-01
2.881599999999999909e+03 4.092895801008648582e-01
2.882400000000000091e+03 4.100421059964672876e-01
2.883099999999999909e+03 4.119844619256747276e-01
2.883900000000000091e+03 4.212983320716026658e-01
2.884599999999999909e+03 4.113570902391429085e-01
2.885400000000000091e+03 4.144933801178544153e-01
2.886199999999999818e+03 4.152533777103348256e-01
2.886900000000000091e+03 4.157769499548515935e-01
2.887699999999999818e+03 4.222509307535745604e-01
2.888400000000000091e+03 4.127822383380468363e-01
2.889199999999999818e+03 4.147376139851009502e-01
2.890000000000000000e+03 4.171711938714713908e-01
2.890699999999999818e+03 4.203214106364274727e-01
2.891500000000000000e+03 4.253796434495109580e-01
2.892199999999999818e+03 4.163852097696463805e-01
2.893000000000000000e+03 4.185878552523690788e-01
2.893800000000000182e+03 4.219843080559950721e-01
2.894500000000000000e+03 4.210926810857843483e-01
2.895300000000000182e+03 4.218709940230310762e-01
2.896000000000000000e+03 4.293279961833253999e-01
2.896800000000000182e+03 4.239096286585177231e-01
2.897599999999999909e+03 4.266015087443729703e-01
2.898300000000000182e+03 4.259553742976031621e-01
2.899099999999999909e+03 4.276968900394818585e-01
2.899800000000000182e+03 4.375561265941483313e-01
2.900599999999999909e+03 4.333348679450160779e-01
2.901400000000000091e+03 4.357994582696409491e-01
2.902099999999999909e+03 4.318179615083484468e-01
2.902900000000000091e+03 4.316584521848849665e-01
2.903599999999999909e+03 4.358009932406198272e-01
2.904400000000000091e+03 4.406635136214219206e-01
2.905099999999999909e+03 4.407490653496033417e-01
2.905900000000000091e+03 4.413142689645730976e-01
2.906699999999999818e+03 4.430767307794277188e-01
2.907400000000000091e+03 4.395799945792527863e-01
2.908199999999999818e+03 4.511530258921317982e-01
2.908900000000000091e+03 4.507697319301813277e-01
2.909699999999999818e+03 4.446448208592041484e-01
2.910400000000000091e+03 4.540760363902998642e-01
2.911199999999999818e+03 4.565702873654381988e-01
2.911900000000000091e+03 4.490110153430708628e-01
2.912699999999999818e+03 4.471977992317388573e-01
2.913500000000000000e+03 4.540081906774845466e-01
2.914199999999999818e+03 4.471674410758662566e-01
2.915000000000000000e+03 4.568589015336250725e-01
2.915699999999999818e+03 4.524157808065957798e-01
2.916500000000000000e+03 4.496504538966088482e-01
2.917199999999999818e+03 4.523998822704783929e-01
2.918000000000000000e+03 4.532335593628138426e-01
2.918699999999999818e+03 4.495121195765012789e-01
2.919500000000000000e+03 4.498689125372911102e-01
2.920300000000000182e+03 4.490277312089879791e-01
2.921000000000000000e+03 4.441081448248691554e-01
2.921800000000000182e+03 4.466290077954034876e-01
2.922500000000000000e+03 4.498725982053352057e-01
2.923300000000000182e+03 4.423137354112105513e-01
2.924000000000000000e+03 4.433993781711031978e-01
2.924800000000000182e+03 4.375209426304087490e-01
2.925500000000000000e+03 4.386091666950304724e-01
2.926300000000000182e+03 4.344127472568711790e-01
2.927000000000000000e+03 4.410317992633621120e-01
2.927800000000000182e+03 4.308275140386893520e-01
2.928500000000000000e+03 4.386536252647643686e-01
2.929300000000000182e+03 4.375863672951720851e-01
2.930000000000000000e+03 4.384444326203366105e-01
2.930800000000000182e+03 4.287190581861609617e-01
2.931599999999999909e+03 4.295787472566224285e-01
2.932300000000000182e+03 4.318842330069302404e-01
2.933099999999999909e+03 4.296185518681894799e-01
2.933800000000000182e+03 4.302425587563297738e-01
2.934599999999999909e+03 4.320722674811128816e-01
2.935300000000000182e+03 4.254744191847018020e-01
2.936099999999999909e+03 4.318837888637664379e-01
2.936800000000000182e+03 4.370923110888742524e-01
2.937599999999999909e+03 4.384484560898149197e-01
2.938300000000000182e+03 4.296832026488976997e-01
2.939099999999999909e+03 4.267018673299555198e-01
2.939800000000000182e+03 4.280609874272888193e-01
2.940599999999999909e+03 4.332806853425457128e-01
2.941300000000000182e+03 4.317497291471165677e-01
2.942099999999999909e+03 4.304607934833813432e-01
2.942800000000000182e+03 4.272422596732902145e-01
2.943599999999999909e+03 4.295749001390704036e-01
2.944300000000000182e+03 4.314269349620502569e-01
2.945099999999999909e+03 4.289349994491269413e-01
2.945800000000000182e+03 4.278923300269946717e-01
2.946599999999999909e+03 4.285412654379437969e-01
2.947300000000000182e+03 4.270174834674216324e-01
2.948099999999999909e+03 4.279106063538887228e-01
2.948800000000000182e+03 4.239718787917718945e-01
2.949599999999999909e+03 4.280094986002505042e-01
2.950300000000000182e+03 4.276981212099343344e-01
2.951099999999999909e+03 4.247279220085955487e-01
2.951800000000000182e+03 4.273203715430973770e-01
2.952599999999999909e+03 4.274959560186757934e-01
2.953300000000000182e+03 4.206563535789644148e-01
2.954000000000000000e+03 4.273666980311354169e-01
2.954800000000000182e+03 4.282718155597923793e-01
2.955500000000000000e+03 4.209476010145299374e-01
2.956300000000000182e+03 4.218539753587006724e-01
2.957000000000000000e+03 4.210665257542697826e-01
2.957800000000000182e+03 4.234286238357513610e-01
2.958500000000000000e+03 4.228854564713902531e-01
2.959300000000000182e+03 4.223430628543256571e-01
2.960000000000000000e+03 4.205896579831147064e-01
2.960800000000000182e+03 4.183517393754220826e-01
2.961500000000000000e+03 4.204779143059578228e-01
2.962300000000000182e+03 4.155735657893660506e-01
2.963000000000000000e+03 4.186719468815350287e-01
2.963800000000000182e+03 4.113413528285000398e-01
2.964500000000000000e+03 4.146844411106984651e-01
2.965300000000000182e+03 4.168162438886312549e-01
2.966000000000000000e+03 4.204059573903438096e-01
2.966699999999999818e+03 4.108885741029184580e-01
2.967500000000000000e+03 4.120519775317886269e-01
2.968199999999999818e+03 4.134594138447851841e-01
2.969000000000000000e+03 4.165683953787206462e-01
2.969699999999999818e+03 4.116620459741670568e-01
2.970500000000000000e+03 4.060255684392989339e-01
2.971199999999999818e+03 4.149698039512653147e-01
2.972000000000000000e+03 4.100623722378287095e-01
2.972699999999999818e+03 4.083143700776252771e-01
2.973400000000000091e+03 4.133751303163145097e-01
2.974199999999999818e+03 4.128443445112199295e-01
2.974900000000000091e+03 4.132869554175219173e-01
2.975699999999999818e+03 4.086207818773576195e-01
2.976400000000000091e+03 4.037100150751979366e-01
2.977199999999999818e+03 4.099942639418552304e-01
2.977900000000000091e+03 4.067869729645288146e-01
2.978699999999999818e+03 4.089357031901748041e-01
2.979400000000000091e+03 4.028054433427339931e-01
2.980099999999999909e+03 4.056857774101618186e-01
2.980900000000000091e+03 4.068621680452794154e-01
2.981599999999999909e+03 4.080393441140352517e-01
2.982400000000000091e+03 4.043429453319163369e-01
2.983099999999999909e+03 4.096646639178044280e-01
2.983900000000000091e+03 4.071868034476747167e-01
2.984599999999999909e+03 4.073906539022122408e-01
2.985300000000000182e+03 4.063753200345602279e-01
2.986099999999999909e+03 4.080431899824767950e-01
2.986800000000000182e+03 4.070279893394633253e-01
2.987599999999999909e+03 4.118693794135025454e-01
2.988300000000000182e+03 4.064613870172776311e-01
2.989000000000000000e+03 4.054457374933087555e-01
2.989800000000000182e+03 4.107782035889142591e-01
2.990500000000000000e+03 4.063441265186252260e-01
2.991300000000000182e+03 4.102132819857214341e-01
2.992000000000000000e+03 4.065104298918126302e-01
2.992699999999999818e+03 4.079375589069096364e-01
2.993500000000000000e+03 4.078988110326554617e-01
2.994199999999999818e+03 4.083488748812530433e-01
2.995000000000000000e+03 4.092879981485708640e-01
2.995699999999999818e+03 4.077820534942473985e-01
2.996500000000000000e+03 4.055416983455512603e-01
2.997199999999999818e+03 4.091712766853516925e-01
2.997900000000000091e+03 4.059513549851171965e-01
2.998699999999999818e+03 4.103161036584237475e-01
2.999400000000000091e+03 4.075842919053151436e-01
3.000099999999999909e+03 4.026480049167469599e-01
3.000900000000000091e+03 4.106865121094797066e-01
3.001599999999999909e+03 4.091768904845459187e-01
3.002400000000000091e+03 4.076663891347522828e-01
3.003099999999999909e+03 4.059099983604207429e-01
3.003800000000000182e+03 4.075829667800441314e-01
3.004599999999999909e+03 4.016589063968917239e-01
3.005300000000000182e+03 4.038211188669727503e-01
3.006099999999999909e+03 4.054933500595359619e-01
3.006800000000000182e+03 4.047136436407399729e-01
3.007500000000000000e+03 4.054046657817605981e-01
3.008300000000000182e+03 4.080577949744121358e-01
3.009000000000000000e+03 4.060498374762664953e-01
3.009699999999999818e+03 4.015866876489899151e-01
3.010500000000000000e+03 4.008027876006678980e-01
3.011199999999999818e+03 4.044365673161897656e-01
3.012000000000000000e+03 4.026695289282327672e-01
3.012699999999999818e+03 4.055669465424595055e-01
3.013400000000000091e+03 4.010963440501353339e-01
3.014199999999999818e+03 4.017821808722747412e-01
3.014900000000000091e+03 4.041874280827597588e-01
3.015599999999999909e+03 4.016778273884539785e-01
3.016400000000000091e+03 4.033449676807386308e-01
3.017099999999999909e+03 4.055035575164762651e-01
3.017900000000000091e+03 4.020067907268121687e-01
3.018599999999999909e+03 4.014589841687145055e-01
3.019300000000000182e+03 4.031238100855724094e-01
3.020099999999999909e+03 3.969157784857102467e-01
3.020800000000000182e+03 4.059603251497369003e-01
3.021500000000000000e+03 4.017174511176734852e-01
3.022300000000000182e+03 3.982104797283462227e-01
3.023000000000000000e+03 4.055338275552386462e-01
3.023699999999999818e+03 3.998080448619738547e-01
3.024500000000000000e+03 4.022065430846052392e-01
3.025199999999999818e+03 4.016488783550783426e-01
3.025900000000000091e+03 3.981334198382283640e-01
3.026699999999999818e+03 4.037331117232753619e-01
3.027400000000000091e+03 3.979963498803048005e-01
3.028099999999999909e+03 3.996516522848558295e-01
3.028900000000000091e+03 3.990874283127304745e-01
3.029599999999999909e+03 3.992616488537804043e-01
3.030300000000000182e+03 4.033810724746626497e-01
3.031099999999999909e+03 4.023203784851900888e-01
3.031800000000000182e+03 4.015048685091028302e-01
3.032500000000000000e+03 4.043895572076409151e-01
3.033300000000000182e+03 3.988821618108531197e-01
3.034000000000000000e+03 4.000369988948219158e-01
3.034699999999999818e+03 4.039070983429606798e-01
3.035500000000000000e+03 4.011095983725720959e-01
3.036199999999999818e+03 4.047319205836513722e-01
3.036900000000000091e+03 3.989666401219582048e-01
3.037699999999999818e+03 4.035758641023028948e-01
3.038400000000000091e+03 4.017600625417987459e-01
3.039099999999999909e+03 3.999424161534114175e-01
3.039900000000000091e+03 4.010896061107008248e-01
3.040599999999999909e+03 4.012469466684713826e-01
3.041300000000000182e+03 4.023924030576152555e-01
3.042099999999999909e+03 3.983425807717045908e-01
3.042800000000000182e+03 4.019595648018132739e-01
3.043500000000000000e+03 4.031022009918795446e-01
3.044300000000000182e+03 4.037490849451513264e-01
3.045000000000000000e+03 3.999393903168070863e-01
3.045699999999999818e+03 4.060303373278916772e-01
3.046500000000000000e+03 4.046935784387063473e-01
3.047199999999999818e+03 4.021168316535021492e-01
3.047900000000000091e+03 4.017674152755896233e-01
3.048599999999999909e+03 4.053808337250925931e-01
3.049400000000000091e+03 3.993301273236121163e-01
3.050099999999999909e+03 4.009593331515265424e-01
3.050800000000000182e+03 4.050668839845414926e-01
3.051599999999999909e+03 4.059516149431069421e-01
3.052300000000000182e+03 4.048516993725242985e-01
3.053000000000000000e+03 4.000299148140587513e-01
3.053800000000000182e+03 4.031434541378004499e-01
3.054500000000000000e+03 4.040239857142902125e-01
3.055199999999999818e+03 4.046555684329159464e-01
3.055900000000000091e+03 4.057826771435910640e-01
3.056699999999999818e+03 4.046748914778607875e-01
3.057400000000000091e+03 4.033173326664917790e-01
3.058099999999999909e+03 4.024548750310291689e-01
3.058900000000000091e+03 4.078004744379056801e-01
3.059599999999999909e+03 4.004773975312062029e-01
3.060300000000000182e+03 4.030892885145827553e-01
3.061000000000000000e+03 4.007308497306011352e-01
3.061800000000000182e+03 4.043358238332520616e-01
3.062500000000000000e+03 4.037148614222719201e-01
3.063199999999999818e+03 4.075682038883609581e-01
3.064000000000000000e+03 4.061994620859526450e-01
3.064699999999999818e+03 4.001033211353359209e-01
3.065400000000000091e+03 4.009696934552374192e-01
3.066099999999999909e+03 4.045723678398427947e-01
3.066900000000000091e+03 4.004605549305864653e-01
3.067599999999999909e+03 4.038134970742601193e-01
3.068300000000000182e+03 4.031834112997846331e-01
3.069000000000000000e+03 4.018051281761430005e-01
3.069800000000000182e+03 4.021686472258854117e-01
3.070500000000000000e+03 4.020331529412099481e-01
3.071199999999999818e+03 4.046370371804018928e-01
3.072000000000000000e+03 4.054966781231212902e-01
3.072699999999999818e+03 4.068540946869447783e-01
3.073400000000000091e+03 4.094573312545750077e-01
3.074099999999999909e+03 4.020884298131865986e-01
3.074900000000000091e+03 4.049392028911949493e-01
3.075599999999999909e+03 4.057949217536608311e-01
3.076300000000000182e+03 4.066500136527895215e-01
3.077000000000000000e+03 4.052591798390046685e-01
3.077800000000000182e+03 4.041164626821092121e-01
3.078500000000000000e+03 3.999776427797986367e-01
3.079199999999999818e+03 4.053216310345320594e-01
3.079900000000000091e+03 4.036763005647526770e-01
3.080699999999999818e+03 4.055252608117071444e-01
3.081400000000000091e+03 4.028786458004550153e-01
3.082099999999999909e+03 4.047263466303843704e-01
3.082800000000000182e+03 4.048250223633349520e-01
3.083599999999999909e+03 4.079213281913385281e-01
3.084300000000000182e+03 4.090185282414817713e-01
3.085000000000000000e+03 4.063658646649421780e-01
3.085699999999999818e+03 4.029614146797639296e-01
3.086500000000000000e+03 4.070563304601488852e-01
3.087199999999999818e+03 4.006480454844792427e-01
3.087900000000000091e+03 4.052425813768864016e-01
3.088599999999999909e+03 4.038336333178177417e-01
3.089300000000000182e+03 3.984198361252825893e-01
3.090099999999999909e+03 4.040149773321412008e-01
3.090800000000000182e+03 4.056063294652825224e-01
3.091500000000000000e+03 4.031918111712192720e-01
3.092199999999999818e+03 4.037804050631183528e-01
3.093000000000000000e+03 4.088763161585144412e-01
3.093699999999999818e+03 4.019500889326084736e-01
3.094400000000000091e+03 4.037890856265505257e-01
3.095099999999999909e+03 4.041245516942706950e-01
3.095800000000000182e+03 4.087197978790142461e-01
3.096599999999999909e+03 4.045429514083328515e-01
3.097300000000000182e+03 3.998625318483194913e-01
3.098000000000000000e+03 4.079676337431645261e-01
3.098699999999999818e+03 4.022816148235982547e-01
3.099500000000000000e+03 4.071277473556481619e-01
3.100199999999999818e+03 4.034452025586587887e-01
3.100900000000000091e+03 4.012661959662661704e-01
3.101599999999999909e+03 4.051087748287366952e-01
3.102300000000000182e+03 4.092030123295433697e-01
3.103099999999999909e+03 4.040093284533621265e-01
3.103800000000000182e+03 4.030817105624726615e-01
3.104500000000000000e+03 4.049155811296553664e-01
3.105199999999999818e+03 4.042377024410055975e-01
3.105900000000000091e+03 4.060711463775840135e-01
3.106699999999999818e+03 4.053919936029233839e-01
3.107400000000000091e+03 4.049633051380479021e-01
3.108099999999999909e+03 4.062933023202032756e-01
3.108800000000000182e+03 4.038523096246327548e-01
3.109500000000000000e+03 4.046785329588036828e-01
3.110300000000000182e+03 4.077677530657759508e-01
3.111000000000000000e+03 4.045694784172656489e-01
3.111699999999999818e+03 4.041367394803398461e-01
3.112400000000000091e+03 4.092386189791690776e-01
3.113099999999999909e+03 4.088054370044588715e-01
3.113900000000000091e+03 4.033377487740525957e-01
3.114599999999999909e+03 4.034058198373102755e-01
3.115300000000000182e+03 4.049840578261222346e-01
3.116000000000000000e+03 4.002668261295781460e-01
3.116699999999999818e+03 4.000810142552584381e-01
3.117500000000000000e+03 4.041770382877616918e-01
3.118199999999999818e+03 4.044947419499395624e-01
3.118900000000000091e+03 4.063240195735453031e-01
3.119599999999999909e+03 4.058851406028411435e-01
3.120300000000000182e+03 4.051935703650631493e-01
3.121000000000000000e+03 4.029885918093636943e-01
3.121800000000000182e+03 4.085994367307074771e-01
3.122500000000000000e+03 4.046279612005555526e-01
3.123199999999999818e+03 4.064563923850745830e-01
3.123900000000000091e+03 4.085373035311612444e-01
3.124599999999999909e+03 4.048148464446703065e-01
3.125400000000000091e+03 4.068953448574554321e-01
3.126099999999999909e+03 4.069567954312912628e-01
3.126800000000000182e+03 4.034834211883097099e-01
3.127500000000000000e+03 4.020285046446401278e-01
3.128199999999999818e+03 4.048659798804211674e-01
3.128900000000000091e+03 4.036626251104379892e-01
3.129699999999999818e+03 4.065005740757243746e-01
3.130400000000000091e+03 4.063070375366910070e-01
3.131099999999999909e+03 4.040913542749104415e-01
3.131800000000000182e+03 4.031383589811298185e-01
3.132500000000000000e+03 4.090102918997953196e-01
3.133199999999999818e+03 4.062872158840231118e-01
3.133900000000000091e+03 4.022984697534355836e-01
3.134699999999999818e+03 4.043783019942542856e-01
3.135400000000000091e+03 4.039288164123203684e-01
3.136099999999999909e+03 4.052499421305038041e-01
3.136800000000000182e+03 4.055589845720899422e-01
3.137500000000000000e+03 4.043492495731901837e-01
3.138199999999999818e+03 4.038982263308688592e-01
3.139000000000000000e+03 4.029403989979289946e-01
3.139699999999999818e+03 4.032480773849290712e-01
3.140400000000000091e+03 4.053284270735873496e-01
3.141099999999999909e+03 4.071558865660552806e-01
3.141800000000000182e+03 4.064501977261629206e-01
3.142500000000000000e+03 4.054906200988540044e-01
3.143199999999999818e+03 4.022495712517429323e-01
3.144000000000000000e+03 4.025558393466024398e-01
3.144699999999999818e+03 4.053971266116124239e-01
3.145400000000000091e+03 4.039286181645524443e-01
3.146099999999999909e+03 4.049953912243852150e-01
3.146800000000000182e+03 4.027649359249791949e-01
3.147500000000000000e+03 4.048461476191128061e-01
3.148199999999999818e+03 4.026144846775228658e-01
3.149000000000000000e+03 4.057109922985771000e-01
3.149699999999999818e+03 4.047473577912884535e-01
3.150400000000000091e+03 4.075909708636538675e-01
3.151099999999999909e+03 4.084041732643900469e-01
3.151800000000000182e+03 4.092174469376352874e-01
3.152500000000000000e+03 4.036813835793254257e-01
3.153199999999999818e+03 4.062718981098302207e-01
3.153900000000000091e+03 4.053062437818963359e-01
3.154699999999999818e+03 4.007826761500947743e-01
3.155400000000000091e+03 4.031193180587402947e-01
3.156099999999999909e+03 4.039314491623672287e-01
3.156800000000000182e+03 4.080486228396235648e-01
3.157500000000000000e+03 4.070816299616092371e-01
3.158199999999999818e+03 4.053512395503026666e-01
3.158900000000000091e+03 4.074353929840841548e-01
3.159599999999999909e+03 4.011251429938414437e-01
3.160300000000000182e+03 4.029545664803623750e-01
3.161099999999999909e+03 4.080926216629398029e-01
3.161800000000000182e+03 4.058512444014230058e-01
3.162500000000000000e+03 4.038635662818791383e-01
3.163199999999999818e+03 4.039119082214386869e-01
3.163900000000000091e+03 4.072704664033994226e-01
3.164599999999999909e+03 4.083378621149471588e-01
3.165300000000000182e+03 4.027827025221467627e-01
3.166000000000000000e+03 4.030852013949840495e-01
3.166699999999999818e+03 4.031328866382891674e-01
3.167500000000000000e+03 4.070031756522921040e-01
3.168199999999999818e+03 4.067964184680454287e-01
3.168900000000000091e+03 4.032754306085535867e-01
3.169599999999999909e+03 4.020479393461919848e-01
3.170300000000000182e+03 4.077052422386672759e-01
3.171000000000000000e+03 4.069879951247494798e-01
3.171699999999999818e+03 4.042296953902648204e-01
3.172400000000000091e+03 4.086141601713226823e-01
3.173099999999999909e+03 4.022826404378486154e-01
3.173800000000000182e+03 4.043711124786782407e-01
3.174500000000000000e+03 4.090127405533253713e-01
3.175300000000000182e+03 4.070180718072489157e-01
3.176000000000000000e+03 4.065547229499738013e-01
3.176699999999999818e+03 4.027712456744495517e-01
3.177400000000000091e+03 4.053719749822937146e-01
3.178099999999999909e+03 4.061852586370701124e-01
3.178800000000000182e+03 4.072542450256877999e-01
3.179500000000000000e+03 4.062791899230212556e-01
3.180199999999999818e+03 4.053037742043072988e-01
3.180900000000000091e+03 4.025386436849147098e-01
3.181599999999999909e+03 4.053971704306057466e-01
3.182300000000000182e+03 4.056995265261140182e-01
3.183000000000000000e+03 4.088151184796347537e-01
3.183800000000000182e+03 4.065601843396995929e-01
3.184500000000000000e+03 4.073743959837869966e-01
3.185199999999999818e+03 4.056301754861374453e-01
3.185900000000000091e+03 4.049089915131084405e-01
3.186599999999999909e+03 4.011161955153234038e-01
3.187300000000000182e+03 4.067936628774611596e-01
3.188000000000000000e+03 4.063282515111548698e-01
3.188699999999999818e+03 4.063747981277998633e-01
3.189400000000000091e+03 4.061652243483231395e-01
3.190099999999999909e+03 4.041625279528446302e-01
3.190800000000000182e+03 4.057458007654975995e-01
3.191500000000000000e+03 4.039985898489424909e-01
3.192199999999999818e+03 4.063510892360441273e-01
3.192900000000000091e+03 4.076790726428705103e-01
3.193599999999999909e+03 4.059312770260009029e-01
3.194400000000000091e+03 4.046956911371168975e-01
3.195099999999999909e+03 4.083318264621850213e-01
3.195800000000000182e+03 4.081220614184051798e-01
3.196500000000000000e+03 4.112468105389996964e-01
3.197199999999999818e+03 4.025713329485785530e-01
3.197900000000000091e+03 4.069790920194027439e-01
3.198599999999999909e+03 4.044592716120404274e-01
3.199300000000000182e+03 4.063019893033332774e-01
3.200000000000000000e+03 4.066024388757687458e-01
