task,variant,scheme,label,feature,model,analyte,true,n,mean_score,frac_pred_pos
T4,native,qm9s_to_sers,fg_primary_amine,F1,majority,8-hydroxyquinoline,0,1,0.019,0.0
T4,native,qm9s_to_sers,fg_primary_amine,F1,majority,L-alanine,1,31,0.019,0.0
T4,native,qm9s_to_sers,fg_primary_amine,F1,majority,L-arginine,1,31,0.019,0.0
T4,native,qm9s_to_sers,fg_primary_amine,F1,majority,L-asparagine,1,31,0.019,0.0
T4,native,qm9s_to_sers,fg_primary_amine,F1,majority,L-aspartic acid,1,21,0.019,0.0
T4,native,qm9s_to_sers,fg_primary_amine,F1,majority,L-cysteine,1,31,0.019,0.0
T4,native,qm9s_to_sers,fg_primary_amine,F1,majority,L-glutamic acid,1,31,0.019,0.0
T4,native,qm9s_to_sers,fg_primary_amine,F1,majority,L-glutamine,1,31,0.019,0.0
T4,native,qm9s_to_sers,fg_primary_amine,F1,majority,L-glycine,1,51,0.019,0.0
T4,native,qm9s_to_sers,fg_primary_amine,F1,majority,L-histidine,1,31,0.019,0.0
T4,native,qm9s_to_sers,fg_primary_amine,F1,majority,L-isoleucine,1,31,0.019,0.0
T4,native,qm9s_to_sers,fg_primary_amine,F1,majority,L-leucine,1,31,0.019,0.0
T4,native,qm9s_to_sers,fg_primary_amine,F1,majority,L-lysine,1,31,0.019,0.0
T4,native,qm9s_to_sers,fg_primary_amine,F1,majority,L-methionine,1,31,0.019,0.0
T4,native,qm9s_to_sers,fg_primary_amine,F1,majority,L-phenylalanine,1,31,0.019,0.0
T4,native,qm9s_to_sers,fg_primary_amine,F1,majority,L-proline,0,31,0.019,0.0
T4,native,qm9s_to_sers,fg_primary_amine,F1,majority,L-serine,1,21,0.019,0.0
T4,native,qm9s_to_sers,fg_primary_amine,F1,majority,L-threonine,1,31,0.019,0.0
T4,native,qm9s_to_sers,fg_primary_amine,F1,majority,L-tryptophan,1,21,0.019,0.0
T4,native,qm9s_to_sers,fg_primary_amine,F1,majority,L-tyrosine,1,31,0.019,0.0
T4,native,qm9s_to_sers,fg_primary_amine,F1,majority,L-valine,1,31,0.019,0.0
T4,native,qm9s_to_sers,fg_primary_amine,F1,majority,indole+indole-d6,0,4,0.019,0.0
T4,native,qm9s_to_sers,fg_primary_amine,F1,majority,indole-3-acetic acid,0,1,0.019,0.0
T4,native,qm9s_to_sers,fg_primary_amine,F1,majority,isatin,0,1,0.019,0.0
T4,native,qm9s_to_sers,fg_primary_amine,F1,majority,oxindole,0,1,0.019,0.0
T4,native,qm9s_to_sers,fg_primary_amine,F1,majority,tryptophol,0,1,0.019,0.0
T4,native,qm9s_to_sers,fg_primary_amine,F1,lr,8-hydroxyquinoline,0,1,0.9806,1.0
T4,native,qm9s_to_sers,fg_primary_amine,F1,lr,L-alanine,1,31,0.4753,0.5484
T4,native,qm9s_to_sers,fg_primary_amine,F1,lr,L-arginine,1,31,0.4932,0.7097
T4,native,qm9s_to_sers,fg_primary_amine,F1,lr,L-asparagine,1,31,0.4239,0.1935
T4,native,qm9s_to_sers,fg_primary_amine,F1,lr,L-aspartic acid,1,21,0.5031,0.7619
T4,native,qm9s_to_sers,fg_primary_amine,F1,lr,L-cysteine,1,31,0.4528,0.4839
T4,native,qm9s_to_sers,fg_primary_amine,F1,lr,L-glutamic acid,1,31,0.6297,0.8065
T4,native,qm9s_to_sers,fg_primary_amine,F1,lr,L-glutamine,1,31,0.3983,0.1935
T4,native,qm9s_to_sers,fg_primary_amine,F1,lr,L-glycine,1,51,0.4375,0.3333
T4,native,qm9s_to_sers,fg_primary_amine,F1,lr,L-histidine,1,31,0.3646,0.0968
T4,native,qm9s_to_sers,fg_primary_amine,F1,lr,L-isoleucine,1,31,0.4582,0.3548
T4,native,qm9s_to_sers,fg_primary_amine,F1,lr,L-leucine,1,31,0.5441,0.6129
T4,native,qm9s_to_sers,fg_primary_amine,F1,lr,L-lysine,1,31,0.3496,0.0323
T4,native,qm9s_to_sers,fg_primary_amine,F1,lr,L-methionine,1,31,0.3778,0.2903
T4,native,qm9s_to_sers,fg_primary_amine,F1,lr,L-phenylalanine,1,31,0.3628,0.1613
T4,native,qm9s_to_sers,fg_primary_amine,F1,lr,L-proline,0,31,0.3883,0.0
T4,native,qm9s_to_sers,fg_primary_amine,F1,lr,L-serine,1,21,0.5679,0.9524
T4,native,qm9s_to_sers,fg_primary_amine,F1,lr,L-threonine,1,31,0.4408,0.4516
T4,native,qm9s_to_sers,fg_primary_amine,F1,lr,L-tryptophan,1,21,0.8546,1.0
T4,native,qm9s_to_sers,fg_primary_amine,F1,lr,L-tyrosine,1,31,0.5612,0.6452
T4,native,qm9s_to_sers,fg_primary_amine,F1,lr,L-valine,1,31,0.481,0.5484
T4,native,qm9s_to_sers,fg_primary_amine,F1,lr,indole+indole-d6,0,4,0.7485,1.0
T4,native,qm9s_to_sers,fg_primary_amine,F1,lr,indole-3-acetic acid,0,1,0.99,1.0
T4,native,qm9s_to_sers,fg_primary_amine,F1,lr,isatin,0,1,0.9818,1.0
T4,native,qm9s_to_sers,fg_primary_amine,F1,lr,oxindole,0,1,0.7893,1.0
T4,native,qm9s_to_sers,fg_primary_amine,F1,lr,tryptophol,0,1,0.7141,1.0
T4,native,qm9s_to_sers,fg_primary_amine,F1,hgb,8-hydroxyquinoline,0,1,0.748,1.0
T4,native,qm9s_to_sers,fg_primary_amine,F1,hgb,L-alanine,1,31,0.6081,0.7742
T4,native,qm9s_to_sers,fg_primary_amine,F1,hgb,L-arginine,1,31,0.6706,0.9032
T4,native,qm9s_to_sers,fg_primary_amine,F1,hgb,L-asparagine,1,31,0.5543,0.8065
T4,native,qm9s_to_sers,fg_primary_amine,F1,hgb,L-aspartic acid,1,21,0.5795,0.7619
T4,native,qm9s_to_sers,fg_primary_amine,F1,hgb,L-cysteine,1,31,0.4567,0.6129
T4,native,qm9s_to_sers,fg_primary_amine,F1,hgb,L-glutamic acid,1,31,0.6301,0.7419
T4,native,qm9s_to_sers,fg_primary_amine,F1,hgb,L-glutamine,1,31,0.4411,0.8387
T4,native,qm9s_to_sers,fg_primary_amine,F1,hgb,L-glycine,1,51,0.6631,0.8431
T4,native,qm9s_to_sers,fg_primary_amine,F1,hgb,L-histidine,1,31,0.2745,0.3226
T4,native,qm9s_to_sers,fg_primary_amine,F1,hgb,L-isoleucine,1,31,0.68,0.9677
T4,native,qm9s_to_sers,fg_primary_amine,F1,hgb,L-leucine,1,31,0.6019,0.6774
T4,native,qm9s_to_sers,fg_primary_amine,F1,hgb,L-lysine,1,31,0.29,0.4194
T4,native,qm9s_to_sers,fg_primary_amine,F1,hgb,L-methionine,1,31,0.2755,0.4516
T4,native,qm9s_to_sers,fg_primary_amine,F1,hgb,L-phenylalanine,1,31,0.2652,0.2903
T4,native,qm9s_to_sers,fg_primary_amine,F1,hgb,L-proline,0,31,0.3604,0.5161
T4,native,qm9s_to_sers,fg_primary_amine,F1,hgb,L-serine,1,21,0.4497,1.0
T4,native,qm9s_to_sers,fg_primary_amine,F1,hgb,L-threonine,1,31,0.4016,0.6774
T4,native,qm9s_to_sers,fg_primary_amine,F1,hgb,L-tryptophan,1,21,0.3145,0.619
T4,native,qm9s_to_sers,fg_primary_amine,F1,hgb,L-tyrosine,1,31,0.8325,1.0
T4,native,qm9s_to_sers,fg_primary_amine,F1,hgb,L-valine,1,31,0.6195,0.7419
T4,native,qm9s_to_sers,fg_primary_amine,F1,hgb,indole+indole-d6,0,4,0.1278,0.5
T4,native,qm9s_to_sers,fg_primary_amine,F1,hgb,indole-3-acetic acid,0,1,0.9767,1.0
T4,native,qm9s_to_sers,fg_primary_amine,F1,hgb,isatin,0,1,0.6118,1.0
T4,native,qm9s_to_sers,fg_primary_amine,F1,hgb,oxindole,0,1,0.3755,1.0
T4,native,qm9s_to_sers,fg_primary_amine,F1,hgb,tryptophol,0,1,0.9341,1.0
T4,native,qm9s_to_sers,fg_primary_amine,F1,knn,8-hydroxyquinoline,0,1,0.0,0.0
T4,native,qm9s_to_sers,fg_primary_amine,F1,knn,L-alanine,1,31,0.025,0.2581
T4,native,qm9s_to_sers,fg_primary_amine,F1,knn,L-arginine,1,31,0.0282,0.2258
T4,native,qm9s_to_sers,fg_primary_amine,F1,knn,L-asparagine,1,31,0.003,0.0
T4,native,qm9s_to_sers,fg_primary_amine,F1,knn,L-aspartic acid,1,21,0.0552,0.5238
T4,native,qm9s_to_sers,fg_primary_amine,F1,knn,L-cysteine,1,31,0.0329,0.2581
T4,native,qm9s_to_sers,fg_primary_amine,F1,knn,L-glutamic acid,1,31,0.0416,0.4194
T4,native,qm9s_to_sers,fg_primary_amine,F1,knn,L-glutamine,1,31,0.0421,0.3548
T4,native,qm9s_to_sers,fg_primary_amine,F1,knn,L-glycine,1,51,0.0183,0.1569
T4,native,qm9s_to_sers,fg_primary_amine,F1,knn,L-histidine,1,31,0.0,0.0
T4,native,qm9s_to_sers,fg_primary_amine,F1,knn,L-isoleucine,1,31,0.0155,0.1613
T4,native,qm9s_to_sers,fg_primary_amine,F1,knn,L-leucine,1,31,0.0062,0.0323
T4,native,qm9s_to_sers,fg_primary_amine,F1,knn,L-lysine,1,31,0.0,0.0
T4,native,qm9s_to_sers,fg_primary_amine,F1,knn,L-methionine,1,31,0.0193,0.1935
T4,native,qm9s_to_sers,fg_primary_amine,F1,knn,L-phenylalanine,1,31,0.0066,0.0645
T4,native,qm9s_to_sers,fg_primary_amine,F1,knn,L-proline,0,31,0.0322,0.2581
T4,native,qm9s_to_sers,fg_primary_amine,F1,knn,L-serine,1,21,0.0186,0.1429
T4,native,qm9s_to_sers,fg_primary_amine,F1,knn,L-threonine,1,31,0.0388,0.2581
T4,native,qm9s_to_sers,fg_primary_amine,F1,knn,L-tryptophan,1,21,0.0057,0.0476
T4,native,qm9s_to_sers,fg_primary_amine,F1,knn,L-tyrosine,1,31,0.0094,0.0968
T4,native,qm9s_to_sers,fg_primary_amine,F1,knn,L-valine,1,31,0.0025,0.0
T4,native,qm9s_to_sers,fg_primary_amine,F1,knn,indole+indole-d6,0,4,0.0251,0.25
T4,native,qm9s_to_sers,fg_primary_amine,F1,knn,indole-3-acetic acid,0,1,0.0,0.0
T4,native,qm9s_to_sers,fg_primary_amine,F1,knn,isatin,0,1,0.0,0.0
T4,native,qm9s_to_sers,fg_primary_amine,F1,knn,oxindole,0,1,0.0,0.0
T4,native,qm9s_to_sers,fg_primary_amine,F1,knn,tryptophol,0,1,0.089,0.0
T4,native,qm9s_to_sers,fg_primary_amine,F1pos,majority,8-hydroxyquinoline,0,1,0.019,0.0
T4,native,qm9s_to_sers,fg_primary_amine,F1pos,majority,L-alanine,1,31,0.019,0.0
T4,native,qm9s_to_sers,fg_primary_amine,F1pos,majority,L-arginine,1,31,0.019,0.0
T4,native,qm9s_to_sers,fg_primary_amine,F1pos,majority,L-asparagine,1,31,0.019,0.0
T4,native,qm9s_to_sers,fg_primary_amine,F1pos,majority,L-aspartic acid,1,21,0.019,0.0
T4,native,qm9s_to_sers,fg_primary_amine,F1pos,majority,L-cysteine,1,31,0.019,0.0
T4,native,qm9s_to_sers,fg_primary_amine,F1pos,majority,L-glutamic acid,1,31,0.019,0.0
T4,native,qm9s_to_sers,fg_primary_amine,F1pos,majority,L-glutamine,1,31,0.019,0.0
T4,native,qm9s_to_sers,fg_primary_amine,F1pos,majority,L-glycine,1,51,0.019,0.0
T4,native,qm9s_to_sers,fg_primary_amine,F1pos,majority,L-histidine,1,31,0.019,0.0
T4,native,qm9s_to_sers,fg_primary_amine,F1pos,majority,L-isoleucine,1,31,0.019,0.0
T4,native,qm9s_to_sers,fg_primary_amine,F1pos,majority,L-leucine,1,31,0.019,0.0
T4,native,qm9s_to_sers,fg_primary_amine,F1pos,majority,L-lysine,1,31,0.019,0.0
T4,native,qm9s_to_sers,fg_primary_amine,F1pos,majority,L-methionine,1,31,0.019,0.0
T4,native,qm9s_to_sers,fg_primary_amine,F1pos,majority,L-phenylalanine,1,31,0.019,0.0
T4,native,qm9s_to_sers,fg_primary_amine,F1pos,majority,L-proline,0,31,0.019,0.0
T4,native,qm9s_to_sers,fg_primary_amine,F1pos,majority,L-serine,1,21,0.019,0.0
T4,native,qm9s_to_sers,fg_primary_amine,F1pos,majority,L-threonine,1,31,0.019,0.0
T4,native,qm9s_to_sers,fg_primary_amine,F1pos,majority,L-tryptophan,1,21,0.019,0.0
T4,native,qm9s_to_sers,fg_primary_amine,F1pos,majority,L-tyrosine,1,31,0.019,0.0
T4,native,qm9s_to_sers,fg_primary_amine,F1pos,majority,L-valine,1,31,0.019,0.0
T4,native,qm9s_to_sers,fg_primary_amine,F1pos,majority,indole+indole-d6,0,4,0.019,0.0
T4,native,qm9s_to_sers,fg_primary_amine,F1pos,majority,indole-3-acetic acid,0,1,0.019,0.0
T4,native,qm9s_to_sers,fg_primary_amine,F1pos,majority,isatin,0,1,0.019,0.0
T4,native,qm9s_to_sers,fg_primary_amine,F1pos,majority,oxindole,0,1,0.019,0.0
T4,native,qm9s_to_sers,fg_primary_amine,F1pos,majority,tryptophol,0,1,0.019,0.0
T4,native,qm9s_to_sers,fg_primary_amine,F1pos,lr,8-hydroxyquinoline,0,1,0.3223,1.0
T4,native,qm9s_to_sers,fg_primary_amine,F1pos,lr,L-alanine,1,31,0.6114,0.8065
T4,native,qm9s_to_sers,fg_primary_amine,F1pos,lr,L-arginine,1,31,0.6991,0.9032
T4,native,qm9s_to_sers,fg_primary_amine,F1pos,lr,L-asparagine,1,31,0.5205,0.8065
T4,native,qm9s_to_sers,fg_primary_amine,F1pos,lr,L-aspartic acid,1,21,0.673,0.9524
T4,native,qm9s_to_sers,fg_primary_amine,F1pos,lr,L-cysteine,1,31,0.6527,0.7419
T4,native,qm9s_to_sers,fg_primary_amine,F1pos,lr,L-glutamic acid,1,31,0.6308,0.7742
T4,native,qm9s_to_sers,fg_primary_amine,F1pos,lr,L-glutamine,1,31,0.4898,0.6129
T4,native,qm9s_to_sers,fg_primary_amine,F1pos,lr,L-glycine,1,51,0.6469,0.8824
T4,native,qm9s_to_sers,fg_primary_amine,F1pos,lr,L-histidine,1,31,0.3127,0.3226
T4,native,qm9s_to_sers,fg_primary_amine,F1pos,lr,L-isoleucine,1,31,0.5233,0.7419
T4,native,qm9s_to_sers,fg_primary_amine,F1pos,lr,L-leucine,1,31,0.6553,0.8387
T4,native,qm9s_to_sers,fg_primary_amine,F1pos,lr,L-lysine,1,31,0.1873,0.1613
T4,native,qm9s_to_sers,fg_primary_amine,F1pos,lr,L-methionine,1,31,0.2213,0.1935
T4,native,qm9s_to_sers,fg_primary_amine,F1pos,lr,L-phenylalanine,1,31,0.3705,0.5161
T4,native,qm9s_to_sers,fg_primary_amine,F1pos,lr,L-proline,0,31,0.5,0.7419
T4,native,qm9s_to_sers,fg_primary_amine,F1pos,lr,L-serine,1,21,0.6208,0.9048
T4,native,qm9s_to_sers,fg_primary_amine,F1pos,lr,L-threonine,1,31,0.5149,0.7742
T4,native,qm9s_to_sers,fg_primary_amine,F1pos,lr,L-tryptophan,1,21,0.7878,1.0
T4,native,qm9s_to_sers,fg_primary_amine,F1pos,lr,L-tyrosine,1,31,0.741,1.0
T4,native,qm9s_to_sers,fg_primary_amine,F1pos,lr,L-valine,1,31,0.6002,0.8065
T4,native,qm9s_to_sers,fg_primary_amine,F1pos,lr,indole+indole-d6,0,4,0.4605,0.5
T4,native,qm9s_to_sers,fg_primary_amine,F1pos,lr,indole-3-acetic acid,0,1,0.9984,1.0
T4,native,qm9s_to_sers,fg_primary_amine,F1pos,lr,isatin,0,1,0.8863,1.0
T4,native,qm9s_to_sers,fg_primary_amine,F1pos,lr,oxindole,0,1,0.7201,1.0
T4,native,qm9s_to_sers,fg_primary_amine,F1pos,lr,tryptophol,0,1,0.9158,1.0
T4,native,qm9s_to_sers,fg_primary_amine,F1pos,hgb,8-hydroxyquinoline,0,1,0.1311,1.0
T4,native,qm9s_to_sers,fg_primary_amine,F1pos,hgb,L-alanine,1,31,0.5463,0.8065
T4,native,qm9s_to_sers,fg_primary_amine,F1pos,hgb,L-arginine,1,31,0.5344,0.9032
T4,native,qm9s_to_sers,fg_primary_amine,F1pos,hgb,L-asparagine,1,31,0.4199,1.0
T4,native,qm9s_to_sers,fg_primary_amine,F1pos,hgb,L-aspartic acid,1,21,0.5694,1.0
T4,native,qm9s_to_sers,fg_primary_amine,F1pos,hgb,L-cysteine,1,31,0.4985,0.871
T4,native,qm9s_to_sers,fg_primary_amine,F1pos,hgb,L-glutamic acid,1,31,0.5296,0.8387
T4,native,qm9s_to_sers,fg_primary_amine,F1pos,hgb,L-glutamine,1,31,0.3329,0.9355
T4,native,qm9s_to_sers,fg_primary_amine,F1pos,hgb,L-glycine,1,51,0.5039,0.9608
T4,native,qm9s_to_sers,fg_primary_amine,F1pos,hgb,L-histidine,1,31,0.3256,0.8065
T4,native,qm9s_to_sers,fg_primary_amine,F1pos,hgb,L-isoleucine,1,31,0.3827,0.9677
T4,native,qm9s_to_sers,fg_primary_amine,F1pos,hgb,L-leucine,1,31,0.4876,0.9677
T4,native,qm9s_to_sers,fg_primary_amine,F1pos,hgb,L-lysine,1,31,0.2005,0.871
T4,native,qm9s_to_sers,fg_primary_amine,F1pos,hgb,L-methionine,1,31,0.1965,0.6452
T4,native,qm9s_to_sers,fg_primary_amine,F1pos,hgb,L-phenylalanine,1,31,0.319,0.6452
T4,native,qm9s_to_sers,fg_primary_amine,F1pos,hgb,L-proline,0,31,0.4076,0.9032
T4,native,qm9s_to_sers,fg_primary_amine,F1pos,hgb,L-serine,1,21,0.4316,0.9524
T4,native,qm9s_to_sers,fg_primary_amine,F1pos,hgb,L-threonine,1,31,0.3554,0.871
T4,native,qm9s_to_sers,fg_primary_amine,F1pos,hgb,L-tryptophan,1,21,0.5101,0.9524
T4,native,qm9s_to_sers,fg_primary_amine,F1pos,hgb,L-tyrosine,1,31,0.5658,1.0
T4,native,qm9s_to_sers,fg_primary_amine,F1pos,hgb,L-valine,1,31,0.5233,0.9677
T4,native,qm9s_to_sers,fg_primary_amine,F1pos,hgb,indole+indole-d6,0,4,0.198,1.0
T4,native,qm9s_to_sers,fg_primary_amine,F1pos,hgb,indole-3-acetic acid,0,1,0.8617,1.0
T4,native,qm9s_to_sers,fg_primary_amine,F1pos,hgb,isatin,0,1,0.2385,1.0
T4,native,qm9s_to_sers,fg_primary_amine,F1pos,hgb,oxindole,0,1,0.2906,1.0
T4,native,qm9s_to_sers,fg_primary_amine,F1pos,hgb,tryptophol,0,1,0.8715,1.0
T4,native,qm9s_to_sers,fg_primary_amine,F1pos,knn,8-hydroxyquinoline,0,1,0.0,0.0
T4,native,qm9s_to_sers,fg_primary_amine,F1pos,knn,L-alanine,1,31,0.0292,0.2903
T4,native,qm9s_to_sers,fg_primary_amine,F1pos,knn,L-arginine,1,31,0.0298,0.2903
T4,native,qm9s_to_sers,fg_primary_amine,F1pos,knn,L-asparagine,1,31,0.0063,0.0323
T4,native,qm9s_to_sers,fg_primary_amine,F1pos,knn,L-aspartic acid,1,21,0.0279,0.2381
T4,native,qm9s_to_sers,fg_primary_amine,F1pos,knn,L-cysteine,1,31,0.0255,0.1935
T4,native,qm9s_to_sers,fg_primary_amine,F1pos,knn,L-glutamic acid,1,31,0.016,0.1613
T4,native,qm9s_to_sers,fg_primary_amine,F1pos,knn,L-glutamine,1,31,0.0069,0.0645
T4,native,qm9s_to_sers,fg_primary_amine,F1pos,knn,L-glycine,1,51,0.0097,0.098
T4,native,qm9s_to_sers,fg_primary_amine,F1pos,knn,L-histidine,1,31,0.0378,0.2581
T4,native,qm9s_to_sers,fg_primary_amine,F1pos,knn,L-isoleucine,1,31,0.0123,0.0968
T4,native,qm9s_to_sers,fg_primary_amine,F1pos,knn,L-leucine,1,31,0.0226,0.2258
T4,native,qm9s_to_sers,fg_primary_amine,F1pos,knn,L-lysine,1,31,0.0219,0.1935
T4,native,qm9s_to_sers,fg_primary_amine,F1pos,knn,L-methionine,1,31,0.0097,0.0968
T4,native,qm9s_to_sers,fg_primary_amine,F1pos,knn,L-phenylalanine,1,31,0.0434,0.3871
T4,native,qm9s_to_sers,fg_primary_amine,F1pos,knn,L-proline,0,31,0.0031,0.0323
T4,native,qm9s_to_sers,fg_primary_amine,F1pos,knn,L-serine,1,21,0.0,0.0
T4,native,qm9s_to_sers,fg_primary_amine,F1pos,knn,L-threonine,1,31,0.0099,0.0645
T4,native,qm9s_to_sers,fg_primary_amine,F1pos,knn,L-tryptophan,1,21,0.127,0.9048
T4,native,qm9s_to_sers,fg_primary_amine,F1pos,knn,L-tyrosine,1,31,0.0062,0.0645
T4,native,qm9s_to_sers,fg_primary_amine,F1pos,knn,L-valine,1,31,0.0069,0.0645
T4,native,qm9s_to_sers,fg_primary_amine,F1pos,knn,indole+indole-d6,0,4,0.0481,0.25
T4,native,qm9s_to_sers,fg_primary_amine,F1pos,knn,indole-3-acetic acid,0,1,0.0,0.0
T4,native,qm9s_to_sers,fg_primary_amine,F1pos,knn,isatin,0,1,0.0,0.0
T4,native,qm9s_to_sers,fg_primary_amine,F1pos,knn,oxindole,0,1,0.0,0.0
T4,native,qm9s_to_sers,fg_primary_amine,F1pos,knn,tryptophol,0,1,0.189,1.0
T4,native,qm9s_to_sers,fg_primary_amine,F2,majority,8-hydroxyquinoline,0,1,0.019,0.0
T4,native,qm9s_to_sers,fg_primary_amine,F2,majority,L-alanine,1,31,0.019,0.0
T4,native,qm9s_to_sers,fg_primary_amine,F2,majority,L-arginine,1,31,0.019,0.0
T4,native,qm9s_to_sers,fg_primary_amine,F2,majority,L-asparagine,1,31,0.019,0.0
T4,native,qm9s_to_sers,fg_primary_amine,F2,majority,L-aspartic acid,1,21,0.019,0.0
T4,native,qm9s_to_sers,fg_primary_amine,F2,majority,L-cysteine,1,31,0.019,0.0
T4,native,qm9s_to_sers,fg_primary_amine,F2,majority,L-glutamic acid,1,31,0.019,0.0
T4,native,qm9s_to_sers,fg_primary_amine,F2,majority,L-glutamine,1,31,0.019,0.0
T4,native,qm9s_to_sers,fg_primary_amine,F2,majority,L-glycine,1,51,0.019,0.0
T4,native,qm9s_to_sers,fg_primary_amine,F2,majority,L-histidine,1,31,0.019,0.0
T4,native,qm9s_to_sers,fg_primary_amine,F2,majority,L-isoleucine,1,31,0.019,0.0
T4,native,qm9s_to_sers,fg_primary_amine,F2,majority,L-leucine,1,31,0.019,0.0
T4,native,qm9s_to_sers,fg_primary_amine,F2,majority,L-lysine,1,31,0.019,0.0
T4,native,qm9s_to_sers,fg_primary_amine,F2,majority,L-methionine,1,31,0.019,0.0
T4,native,qm9s_to_sers,fg_primary_amine,F2,majority,L-phenylalanine,1,31,0.019,0.0
T4,native,qm9s_to_sers,fg_primary_amine,F2,majority,L-proline,0,31,0.019,0.0
T4,native,qm9s_to_sers,fg_primary_amine,F2,majority,L-serine,1,21,0.019,0.0
T4,native,qm9s_to_sers,fg_primary_amine,F2,majority,L-threonine,1,31,0.019,0.0
T4,native,qm9s_to_sers,fg_primary_amine,F2,majority,L-tryptophan,1,21,0.019,0.0
T4,native,qm9s_to_sers,fg_primary_amine,F2,majority,L-tyrosine,1,31,0.019,0.0
T4,native,qm9s_to_sers,fg_primary_amine,F2,majority,L-valine,1,31,0.019,0.0
T4,native,qm9s_to_sers,fg_primary_amine,F2,majority,indole+indole-d6,0,4,0.019,0.0
T4,native,qm9s_to_sers,fg_primary_amine,F2,majority,indole-3-acetic acid,0,1,0.019,0.0
T4,native,qm9s_to_sers,fg_primary_amine,F2,majority,isatin,0,1,0.019,0.0
T4,native,qm9s_to_sers,fg_primary_amine,F2,majority,oxindole,0,1,0.019,0.0
T4,native,qm9s_to_sers,fg_primary_amine,F2,majority,tryptophol,0,1,0.019,0.0
T4,native,qm9s_to_sers,fg_primary_amine,F2,lr,8-hydroxyquinoline,0,1,0.9977,1.0
T4,native,qm9s_to_sers,fg_primary_amine,F2,lr,L-alanine,1,31,0.4076,0.4839
T4,native,qm9s_to_sers,fg_primary_amine,F2,lr,L-arginine,1,31,0.3586,0.3871
T4,native,qm9s_to_sers,fg_primary_amine,F2,lr,L-asparagine,1,31,0.3975,0.4839
T4,native,qm9s_to_sers,fg_primary_amine,F2,lr,L-aspartic acid,1,21,0.6893,1.0
T4,native,qm9s_to_sers,fg_primary_amine,F2,lr,L-cysteine,1,31,0.5101,0.9677
T4,native,qm9s_to_sers,fg_primary_amine,F2,lr,L-glutamic acid,1,31,0.5655,0.5806
T4,native,qm9s_to_sers,fg_primary_amine,F2,lr,L-glutamine,1,31,0.4671,1.0
T4,native,qm9s_to_sers,fg_primary_amine,F2,lr,L-glycine,1,51,0.3629,0.5686
T4,native,qm9s_to_sers,fg_primary_amine,F2,lr,L-histidine,1,31,0.4427,0.9032
T4,native,qm9s_to_sers,fg_primary_amine,F2,lr,L-isoleucine,1,31,0.4417,0.5806
T4,native,qm9s_to_sers,fg_primary_amine,F2,lr,L-leucine,1,31,0.3551,0.3226
T4,native,qm9s_to_sers,fg_primary_amine,F2,lr,L-lysine,1,31,0.3936,0.6774
T4,native,qm9s_to_sers,fg_primary_amine,F2,lr,L-methionine,1,31,0.4502,0.4194
T4,native,qm9s_to_sers,fg_primary_amine,F2,lr,L-phenylalanine,1,31,0.4473,0.8387
T4,native,qm9s_to_sers,fg_primary_amine,F2,lr,L-proline,0,31,0.4505,0.9032
T4,native,qm9s_to_sers,fg_primary_amine,F2,lr,L-serine,1,21,0.4954,0.4762
T4,native,qm9s_to_sers,fg_primary_amine,F2,lr,L-threonine,1,31,0.4742,1.0
T4,native,qm9s_to_sers,fg_primary_amine,F2,lr,L-tryptophan,1,21,0.4266,0.4762
T4,native,qm9s_to_sers,fg_primary_amine,F2,lr,L-tyrosine,1,31,0.3562,0.3548
T4,native,qm9s_to_sers,fg_primary_amine,F2,lr,L-valine,1,31,0.2948,0.2903
T4,native,qm9s_to_sers,fg_primary_amine,F2,lr,indole+indole-d6,0,4,0.7171,0.75
T4,native,qm9s_to_sers,fg_primary_amine,F2,lr,indole-3-acetic acid,0,1,0.9987,1.0
T4,native,qm9s_to_sers,fg_primary_amine,F2,lr,isatin,0,1,0.9959,1.0
T4,native,qm9s_to_sers,fg_primary_amine,F2,lr,oxindole,0,1,0.8716,1.0
T4,native,qm9s_to_sers,fg_primary_amine,F2,lr,tryptophol,0,1,0.8262,1.0
T4,native,qm9s_to_sers,fg_primary_amine,F2,hgb,8-hydroxyquinoline,0,1,0.2374,1.0
T4,native,qm9s_to_sers,fg_primary_amine,F2,hgb,L-alanine,1,31,0.3357,0.9355
T4,native,qm9s_to_sers,fg_primary_amine,F2,hgb,L-arginine,1,31,0.2544,0.9032
T4,native,qm9s_to_sers,fg_primary_amine,F2,hgb,L-asparagine,1,31,0.3702,1.0
T4,native,qm9s_to_sers,fg_primary_amine,F2,hgb,L-aspartic acid,1,21,0.3827,1.0
T4,native,qm9s_to_sers,fg_primary_amine,F2,hgb,L-cysteine,1,31,0.5376,1.0
T4,native,qm9s_to_sers,fg_primary_amine,F2,hgb,L-glutamic acid,1,31,0.2638,0.871
T4,native,qm9s_to_sers,fg_primary_amine,F2,hgb,L-glutamine,1,31,0.3373,1.0
T4,native,qm9s_to_sers,fg_primary_amine,F2,hgb,L-glycine,1,51,0.2618,0.9412
T4,native,qm9s_to_sers,fg_primary_amine,F2,hgb,L-histidine,1,31,0.2713,0.9355
T4,native,qm9s_to_sers,fg_primary_amine,F2,hgb,L-isoleucine,1,31,0.2674,1.0
T4,native,qm9s_to_sers,fg_primary_amine,F2,hgb,L-leucine,1,31,0.4637,0.9677
T4,native,qm9s_to_sers,fg_primary_amine,F2,hgb,L-lysine,1,31,0.1913,1.0
T4,native,qm9s_to_sers,fg_primary_amine,F2,hgb,L-methionine,1,31,0.3182,0.9355
T4,native,qm9s_to_sers,fg_primary_amine,F2,hgb,L-phenylalanine,1,31,0.2824,0.6774
T4,native,qm9s_to_sers,fg_primary_amine,F2,hgb,L-proline,0,31,0.3366,0.9677
T4,native,qm9s_to_sers,fg_primary_amine,F2,hgb,L-serine,1,21,0.5033,1.0
T4,native,qm9s_to_sers,fg_primary_amine,F2,hgb,L-threonine,1,31,0.2988,0.9677
T4,native,qm9s_to_sers,fg_primary_amine,F2,hgb,L-tryptophan,1,21,0.2911,1.0
T4,native,qm9s_to_sers,fg_primary_amine,F2,hgb,L-tyrosine,1,31,0.2908,1.0
T4,native,qm9s_to_sers,fg_primary_amine,F2,hgb,L-valine,1,31,0.3484,0.9677
T4,native,qm9s_to_sers,fg_primary_amine,F2,hgb,indole+indole-d6,0,4,0.1279,1.0
T4,native,qm9s_to_sers,fg_primary_amine,F2,hgb,indole-3-acetic acid,0,1,0.1693,1.0
T4,native,qm9s_to_sers,fg_primary_amine,F2,hgb,isatin,0,1,0.028,0.0
T4,native,qm9s_to_sers,fg_primary_amine,F2,hgb,oxindole,0,1,0.0547,1.0
T4,native,qm9s_to_sers,fg_primary_amine,F2,hgb,tryptophol,0,1,0.6606,1.0
T4,native,qm9s_to_sers,fg_primary_amine,F2,knn,8-hydroxyquinoline,0,1,0.089,0.0
T4,native,qm9s_to_sers,fg_primary_amine,F2,knn,L-alanine,1,31,0.1012,0.8065
T4,native,qm9s_to_sers,fg_primary_amine,F2,knn,L-arginine,1,31,0.1152,0.871
T4,native,qm9s_to_sers,fg_primary_amine,F2,knn,L-asparagine,1,31,0.1115,0.6774
T4,native,qm9s_to_sers,fg_primary_amine,F2,knn,L-aspartic acid,1,21,0.1117,0.8095
T4,native,qm9s_to_sers,fg_primary_amine,F2,knn,L-cysteine,1,31,0.0763,0.5161
T4,native,qm9s_to_sers,fg_primary_amine,F2,knn,L-glutamic acid,1,31,0.0918,0.871
T4,native,qm9s_to_sers,fg_primary_amine,F2,knn,L-glutamine,1,31,0.0552,0.4839
T4,native,qm9s_to_sers,fg_primary_amine,F2,knn,L-glycine,1,51,0.1008,0.7647
T4,native,qm9s_to_sers,fg_primary_amine,F2,knn,L-histidine,1,31,0.0221,0.2258
T4,native,qm9s_to_sers,fg_primary_amine,F2,knn,L-isoleucine,1,31,0.0918,0.8387
T4,native,qm9s_to_sers,fg_primary_amine,F2,knn,L-leucine,1,31,0.0718,0.7097
T4,native,qm9s_to_sers,fg_primary_amine,F2,knn,L-lysine,1,31,0.0127,0.129
T4,native,qm9s_to_sers,fg_primary_amine,F2,knn,L-methionine,1,31,0.0064,0.0323
T4,native,qm9s_to_sers,fg_primary_amine,F2,knn,L-phenylalanine,1,31,0.0415,0.3548
T4,native,qm9s_to_sers,fg_primary_amine,F2,knn,L-proline,0,31,0.0067,0.0645
T4,native,qm9s_to_sers,fg_primary_amine,F2,knn,L-serine,1,21,0.0986,0.9048
T4,native,qm9s_to_sers,fg_primary_amine,F2,knn,L-threonine,1,31,0.0289,0.2903
T4,native,qm9s_to_sers,fg_primary_amine,F2,knn,L-tryptophan,1,21,0.0552,0.5238
T4,native,qm9s_to_sers,fg_primary_amine,F2,knn,L-tyrosine,1,31,0.1187,0.9032
T4,native,qm9s_to_sers,fg_primary_amine,F2,knn,L-valine,1,31,0.0066,0.0645
T4,native,qm9s_to_sers,fg_primary_amine,F2,knn,indole+indole-d6,0,4,0.0,0.0
T4,native,qm9s_to_sers,fg_primary_amine,F2,knn,indole-3-acetic acid,0,1,0.088,0.0
T4,native,qm9s_to_sers,fg_primary_amine,F2,knn,isatin,0,1,0.1047,1.0
T4,native,qm9s_to_sers,fg_primary_amine,F2,knn,oxindole,0,1,0.0,0.0
T4,native,qm9s_to_sers,fg_primary_amine,F2,knn,tryptophol,0,1,0.0,0.0
T4,native,qm9s_to_sers,fg_primary_amine,F3,majority,8-hydroxyquinoline,0,1,0.019,0.0
T4,native,qm9s_to_sers,fg_primary_amine,F3,majority,L-alanine,1,31,0.019,0.0
T4,native,qm9s_to_sers,fg_primary_amine,F3,majority,L-arginine,1,31,0.019,0.0
T4,native,qm9s_to_sers,fg_primary_amine,F3,majority,L-asparagine,1,31,0.019,0.0
T4,native,qm9s_to_sers,fg_primary_amine,F3,majority,L-aspartic acid,1,21,0.019,0.0
T4,native,qm9s_to_sers,fg_primary_amine,F3,majority,L-cysteine,1,31,0.019,0.0
T4,native,qm9s_to_sers,fg_primary_amine,F3,majority,L-glutamic acid,1,31,0.019,0.0
T4,native,qm9s_to_sers,fg_primary_amine,F3,majority,L-glutamine,1,31,0.019,0.0
T4,native,qm9s_to_sers,fg_primary_amine,F3,majority,L-glycine,1,51,0.019,0.0
T4,native,qm9s_to_sers,fg_primary_amine,F3,majority,L-histidine,1,31,0.019,0.0
T4,native,qm9s_to_sers,fg_primary_amine,F3,majority,L-isoleucine,1,31,0.019,0.0
T4,native,qm9s_to_sers,fg_primary_amine,F3,majority,L-leucine,1,31,0.019,0.0
T4,native,qm9s_to_sers,fg_primary_amine,F3,majority,L-lysine,1,31,0.019,0.0
T4,native,qm9s_to_sers,fg_primary_amine,F3,majority,L-methionine,1,31,0.019,0.0
T4,native,qm9s_to_sers,fg_primary_amine,F3,majority,L-phenylalanine,1,31,0.019,0.0
T4,native,qm9s_to_sers,fg_primary_amine,F3,majority,L-proline,0,31,0.019,0.0
T4,native,qm9s_to_sers,fg_primary_amine,F3,majority,L-serine,1,21,0.019,0.0
T4,native,qm9s_to_sers,fg_primary_amine,F3,majority,L-threonine,1,31,0.019,0.0
T4,native,qm9s_to_sers,fg_primary_amine,F3,majority,L-tryptophan,1,21,0.019,0.0
T4,native,qm9s_to_sers,fg_primary_amine,F3,majority,L-tyrosine,1,31,0.019,0.0
T4,native,qm9s_to_sers,fg_primary_amine,F3,majority,L-valine,1,31,0.019,0.0
T4,native,qm9s_to_sers,fg_primary_amine,F3,majority,indole+indole-d6,0,4,0.019,0.0
T4,native,qm9s_to_sers,fg_primary_amine,F3,majority,indole-3-acetic acid,0,1,0.019,0.0
T4,native,qm9s_to_sers,fg_primary_amine,F3,majority,isatin,0,1,0.019,0.0
T4,native,qm9s_to_sers,fg_primary_amine,F3,majority,oxindole,0,1,0.019,0.0
T4,native,qm9s_to_sers,fg_primary_amine,F3,majority,tryptophol,0,1,0.019,0.0
T4,native,qm9s_to_sers,fg_primary_amine,F3,lr,8-hydroxyquinoline,0,1,0.9943,1.0
T4,native,qm9s_to_sers,fg_primary_amine,F3,lr,L-alanine,1,31,0.5302,1.0
T4,native,qm9s_to_sers,fg_primary_amine,F3,lr,L-arginine,1,31,0.4947,0.9677
T4,native,qm9s_to_sers,fg_primary_amine,F3,lr,L-asparagine,1,31,0.4876,0.9677
T4,native,qm9s_to_sers,fg_primary_amine,F3,lr,L-aspartic acid,1,21,0.6976,1.0
T4,native,qm9s_to_sers,fg_primary_amine,F3,lr,L-cysteine,1,31,0.5065,1.0
T4,native,qm9s_to_sers,fg_primary_amine,F3,lr,L-glutamic acid,1,31,0.6338,0.9355
T4,native,qm9s_to_sers,fg_primary_amine,F3,lr,L-glutamine,1,31,0.5246,1.0
T4,native,qm9s_to_sers,fg_primary_amine,F3,lr,L-glycine,1,51,0.4811,0.9412
T4,native,qm9s_to_sers,fg_primary_amine,F3,lr,L-histidine,1,31,0.5207,1.0
T4,native,qm9s_to_sers,fg_primary_amine,F3,lr,L-isoleucine,1,31,0.5942,1.0
T4,native,qm9s_to_sers,fg_primary_amine,F3,lr,L-leucine,1,31,0.4784,1.0
T4,native,qm9s_to_sers,fg_primary_amine,F3,lr,L-lysine,1,31,0.5411,1.0
T4,native,qm9s_to_sers,fg_primary_amine,F3,lr,L-methionine,1,31,0.5171,0.8387
T4,native,qm9s_to_sers,fg_primary_amine,F3,lr,L-phenylalanine,1,31,0.5232,0.9677
T4,native,qm9s_to_sers,fg_primary_amine,F3,lr,L-proline,0,31,0.5214,1.0
T4,native,qm9s_to_sers,fg_primary_amine,F3,lr,L-serine,1,21,0.5383,0.7619
T4,native,qm9s_to_sers,fg_primary_amine,F3,lr,L-threonine,1,31,0.499,1.0
T4,native,qm9s_to_sers,fg_primary_amine,F3,lr,L-tryptophan,1,21,0.5829,0.8571
T4,native,qm9s_to_sers,fg_primary_amine,F3,lr,L-tyrosine,1,31,0.452,0.7742
T4,native,qm9s_to_sers,fg_primary_amine,F3,lr,L-valine,1,31,0.3852,0.7742
T4,native,qm9s_to_sers,fg_primary_amine,F3,lr,indole+indole-d6,0,4,0.6997,1.0
T4,native,qm9s_to_sers,fg_primary_amine,F3,lr,indole-3-acetic acid,0,1,0.9969,1.0
T4,native,qm9s_to_sers,fg_primary_amine,F3,lr,isatin,0,1,0.9905,1.0
T4,native,qm9s_to_sers,fg_primary_amine,F3,lr,oxindole,0,1,0.9318,1.0
T4,native,qm9s_to_sers,fg_primary_amine,F3,lr,tryptophol,0,1,0.6885,1.0
T4,native,qm9s_to_sers,fg_primary_amine,F3,hgb,8-hydroxyquinoline,0,1,0.2728,1.0
T4,native,qm9s_to_sers,fg_primary_amine,F3,hgb,L-alanine,1,31,0.7658,1.0
T4,native,qm9s_to_sers,fg_primary_amine,F3,hgb,L-arginine,1,31,0.7042,1.0
T4,native,qm9s_to_sers,fg_primary_amine,F3,hgb,L-asparagine,1,31,0.7099,1.0
T4,native,qm9s_to_sers,fg_primary_amine,F3,hgb,L-aspartic acid,1,21,0.5524,1.0
T4,native,qm9s_to_sers,fg_primary_amine,F3,hgb,L-cysteine,1,31,0.7263,1.0
T4,native,qm9s_to_sers,fg_primary_amine,F3,hgb,L-glutamic acid,1,31,0.7712,1.0
T4,native,qm9s_to_sers,fg_primary_amine,F3,hgb,L-glutamine,1,31,0.5941,1.0
T4,native,qm9s_to_sers,fg_primary_amine,F3,hgb,L-glycine,1,51,0.6498,1.0
T4,native,qm9s_to_sers,fg_primary_amine,F3,hgb,L-histidine,1,31,0.6922,1.0
T4,native,qm9s_to_sers,fg_primary_amine,F3,hgb,L-isoleucine,1,31,0.7517,1.0
T4,native,qm9s_to_sers,fg_primary_amine,F3,hgb,L-leucine,1,31,0.6599,1.0
T4,native,qm9s_to_sers,fg_primary_amine,F3,hgb,L-lysine,1,31,0.4698,1.0
T4,native,qm9s_to_sers,fg_primary_amine,F3,hgb,L-methionine,1,31,0.7592,1.0
T4,native,qm9s_to_sers,fg_primary_amine,F3,hgb,L-phenylalanine,1,31,0.6167,1.0
T4,native,qm9s_to_sers,fg_primary_amine,F3,hgb,L-proline,0,31,0.62,1.0
T4,native,qm9s_to_sers,fg_primary_amine,F3,hgb,L-serine,1,21,0.6716,1.0
T4,native,qm9s_to_sers,fg_primary_amine,F3,hgb,L-threonine,1,31,0.5496,1.0
T4,native,qm9s_to_sers,fg_primary_amine,F3,hgb,L-tryptophan,1,21,0.617,1.0
T4,native,qm9s_to_sers,fg_primary_amine,F3,hgb,L-tyrosine,1,31,0.7605,1.0
T4,native,qm9s_to_sers,fg_primary_amine,F3,hgb,L-valine,1,31,0.7408,1.0
T4,native,qm9s_to_sers,fg_primary_amine,F3,hgb,indole+indole-d6,0,4,0.1229,1.0
T4,native,qm9s_to_sers,fg_primary_amine,F3,hgb,indole-3-acetic acid,0,1,0.0417,1.0
T4,native,qm9s_to_sers,fg_primary_amine,F3,hgb,isatin,0,1,0.0564,1.0
T4,native,qm9s_to_sers,fg_primary_amine,F3,hgb,oxindole,0,1,0.3397,1.0
T4,native,qm9s_to_sers,fg_primary_amine,F3,hgb,tryptophol,0,1,0.5992,1.0
T4,native,qm9s_to_sers,fg_primary_amine,F3,knn,8-hydroxyquinoline,0,1,0.0954,1.0
T4,native,qm9s_to_sers,fg_primary_amine,F3,knn,L-alanine,1,31,0.0,0.0
T4,native,qm9s_to_sers,fg_primary_amine,F3,knn,L-arginine,1,31,0.0,0.0
T4,native,qm9s_to_sers,fg_primary_amine,F3,knn,L-asparagine,1,31,0.0,0.0
T4,native,qm9s_to_sers,fg_primary_amine,F3,knn,L-aspartic acid,1,21,0.0,0.0
T4,native,qm9s_to_sers,fg_primary_amine,F3,knn,L-cysteine,1,31,0.0,0.0
T4,native,qm9s_to_sers,fg_primary_amine,F3,knn,L-glutamic acid,1,31,0.0356,0.3226
T4,native,qm9s_to_sers,fg_primary_amine,F3,knn,L-glutamine,1,31,0.0,0.0
T4,native,qm9s_to_sers,fg_primary_amine,F3,knn,L-glycine,1,51,0.0,0.0
T4,native,qm9s_to_sers,fg_primary_amine,F3,knn,L-histidine,1,31,0.0,0.0
T4,native,qm9s_to_sers,fg_primary_amine,F3,knn,L-isoleucine,1,31,0.0,0.0
T4,native,qm9s_to_sers,fg_primary_amine,F3,knn,L-leucine,1,31,0.0,0.0
T4,native,qm9s_to_sers,fg_primary_amine,F3,knn,L-lysine,1,31,0.0,0.0
T4,native,qm9s_to_sers,fg_primary_amine,F3,knn,L-methionine,1,31,0.0,0.0
T4,native,qm9s_to_sers,fg_primary_amine,F3,knn,L-phenylalanine,1,31,0.0,0.0
T4,native,qm9s_to_sers,fg_primary_amine,F3,knn,L-proline,0,31,0.0,0.0
T4,native,qm9s_to_sers,fg_primary_amine,F3,knn,L-serine,1,21,0.0592,0.5714
T4,native,qm9s_to_sers,fg_primary_amine,F3,knn,L-threonine,1,31,0.0,0.0
T4,native,qm9s_to_sers,fg_primary_amine,F3,knn,L-tryptophan,1,21,0.0456,0.4762
T4,native,qm9s_to_sers,fg_primary_amine,F3,knn,L-tyrosine,1,31,0.0,0.0
T4,native,qm9s_to_sers,fg_primary_amine,F3,knn,L-valine,1,31,0.0035,0.0323
T4,native,qm9s_to_sers,fg_primary_amine,F3,knn,indole+indole-d6,0,4,0.0,0.0
T4,native,qm9s_to_sers,fg_primary_amine,F3,knn,indole-3-acetic acid,0,1,0.0944,1.0
T4,native,qm9s_to_sers,fg_primary_amine,F3,knn,isatin,0,1,0.1006,1.0
T4,native,qm9s_to_sers,fg_primary_amine,F3,knn,oxindole,0,1,0.0979,1.0
T4,native,qm9s_to_sers,fg_primary_amine,F3,knn,tryptophol,0,1,0.0,0.0
T4,native,qm9s_to_sers,fg_secondary_amine,F1,majority,8-hydroxyquinoline,0,1,0.1044,0.0
T4,native,qm9s_to_sers,fg_secondary_amine,F1,majority,L-alanine,0,31,0.1044,0.0
T4,native,qm9s_to_sers,fg_secondary_amine,F1,majority,L-arginine,0,31,0.1044,0.0
T4,native,qm9s_to_sers,fg_secondary_amine,F1,majority,L-asparagine,0,31,0.1044,0.0
T4,native,qm9s_to_sers,fg_secondary_amine,F1,majority,L-aspartic acid,0,21,0.1044,0.0
T4,native,qm9s_to_sers,fg_secondary_amine,F1,majority,L-cysteine,0,31,0.1044,0.0
T4,native,qm9s_to_sers,fg_secondary_amine,F1,majority,L-glutamic acid,0,31,0.1044,0.0
T4,native,qm9s_to_sers,fg_secondary_amine,F1,majority,L-glutamine,0,31,0.1044,0.0
T4,native,qm9s_to_sers,fg_secondary_amine,F1,majority,L-glycine,0,51,0.1044,0.0
T4,native,qm9s_to_sers,fg_secondary_amine,F1,majority,L-histidine,0,31,0.1044,0.0
T4,native,qm9s_to_sers,fg_secondary_amine,F1,majority,L-isoleucine,0,31,0.1044,0.0
T4,native,qm9s_to_sers,fg_secondary_amine,F1,majority,L-leucine,0,31,0.1044,0.0
T4,native,qm9s_to_sers,fg_secondary_amine,F1,majority,L-lysine,0,31,0.1044,0.0
T4,native,qm9s_to_sers,fg_secondary_amine,F1,majority,L-methionine,0,31,0.1044,0.0
T4,native,qm9s_to_sers,fg_secondary_amine,F1,majority,L-phenylalanine,0,31,0.1044,0.0
T4,native,qm9s_to_sers,fg_secondary_amine,F1,majority,L-proline,1,31,0.1044,0.0
T4,native,qm9s_to_sers,fg_secondary_amine,F1,majority,L-serine,0,21,0.1044,0.0
T4,native,qm9s_to_sers,fg_secondary_amine,F1,majority,L-threonine,0,31,0.1044,0.0
T4,native,qm9s_to_sers,fg_secondary_amine,F1,majority,L-tryptophan,0,21,0.1044,0.0
T4,native,qm9s_to_sers,fg_secondary_amine,F1,majority,L-tyrosine,0,31,0.1044,0.0
T4,native,qm9s_to_sers,fg_secondary_amine,F1,majority,L-valine,0,31,0.1044,0.0
T4,native,qm9s_to_sers,fg_secondary_amine,F1,majority,indole+indole-d6,0,4,0.1044,0.0
T4,native,qm9s_to_sers,fg_secondary_amine,F1,majority,indole-3-acetic acid,0,1,0.1044,0.0
T4,native,qm9s_to_sers,fg_secondary_amine,F1,majority,isatin,0,1,0.1044,0.0
T4,native,qm9s_to_sers,fg_secondary_amine,F1,majority,oxindole,0,1,0.1044,0.0
T4,native,qm9s_to_sers,fg_secondary_amine,F1,majority,tryptophol,0,1,0.1044,0.0
T4,native,qm9s_to_sers,fg_secondary_amine,F1,lr,8-hydroxyquinoline,0,1,0.3162,0.0
T4,native,qm9s_to_sers,fg_secondary_amine,F1,lr,L-alanine,0,31,0.4383,0.2258
T4,native,qm9s_to_sers,fg_secondary_amine,F1,lr,L-arginine,0,31,0.4331,0.2258
T4,native,qm9s_to_sers,fg_secondary_amine,F1,lr,L-asparagine,0,31,0.4079,0.0645
T4,native,qm9s_to_sers,fg_secondary_amine,F1,lr,L-aspartic acid,0,21,0.4001,0.0
T4,native,qm9s_to_sers,fg_secondary_amine,F1,lr,L-cysteine,0,31,0.4222,0.0
T4,native,qm9s_to_sers,fg_secondary_amine,F1,lr,L-glutamic acid,0,31,0.4364,0.2903
T4,native,qm9s_to_sers,fg_secondary_amine,F1,lr,L-glutamine,0,31,0.4197,0.129
T4,native,qm9s_to_sers,fg_secondary_amine,F1,lr,L-glycine,0,51,0.4217,0.1569
T4,native,qm9s_to_sers,fg_secondary_amine,F1,lr,L-histidine,0,31,0.4035,0.0
T4,native,qm9s_to_sers,fg_secondary_amine,F1,lr,L-isoleucine,0,31,0.4336,0.0968
T4,native,qm9s_to_sers,fg_secondary_amine,F1,lr,L-leucine,0,31,0.4712,0.6452
T4,native,qm9s_to_sers,fg_secondary_amine,F1,lr,L-lysine,0,31,0.3835,0.0
T4,native,qm9s_to_sers,fg_secondary_amine,F1,lr,L-methionine,0,31,0.3622,0.0
T4,native,qm9s_to_sers,fg_secondary_amine,F1,lr,L-phenylalanine,0,31,0.3977,0.0
T4,native,qm9s_to_sers,fg_secondary_amine,F1,lr,L-proline,1,31,0.4042,0.0645
T4,native,qm9s_to_sers,fg_secondary_amine,F1,lr,L-serine,0,21,0.5201,0.5238
T4,native,qm9s_to_sers,fg_secondary_amine,F1,lr,L-threonine,0,31,0.4124,0.0
T4,native,qm9s_to_sers,fg_secondary_amine,F1,lr,L-tryptophan,0,21,0.4539,0.5714
T4,native,qm9s_to_sers,fg_secondary_amine,F1,lr,L-tyrosine,0,31,0.4536,0.3226
T4,native,qm9s_to_sers,fg_secondary_amine,F1,lr,L-valine,0,31,0.4477,0.4194
T4,native,qm9s_to_sers,fg_secondary_amine,F1,lr,indole+indole-d6,0,4,0.322,0.25
T4,native,qm9s_to_sers,fg_secondary_amine,F1,lr,indole-3-acetic acid,0,1,0.2795,0.0
T4,native,qm9s_to_sers,fg_secondary_amine,F1,lr,isatin,0,1,0.7703,1.0
T4,native,qm9s_to_sers,fg_secondary_amine,F1,lr,oxindole,0,1,0.5412,1.0
T4,native,qm9s_to_sers,fg_secondary_amine,F1,lr,tryptophol,0,1,0.3697,0.0
T4,native,qm9s_to_sers,fg_secondary_amine,F1,hgb,8-hydroxyquinoline,0,1,0.2287,0.0
T4,native,qm9s_to_sers,fg_secondary_amine,F1,hgb,L-alanine,0,31,0.2299,0.0
T4,native,qm9s_to_sers,fg_secondary_amine,F1,hgb,L-arginine,0,31,0.2046,0.0
T4,native,qm9s_to_sers,fg_secondary_amine,F1,hgb,L-asparagine,0,31,0.2021,0.0
T4,native,qm9s_to_sers,fg_secondary_amine,F1,hgb,L-aspartic acid,0,21,0.2756,0.0
T4,native,qm9s_to_sers,fg_secondary_amine,F1,hgb,L-cysteine,0,31,0.2773,0.0
T4,native,qm9s_to_sers,fg_secondary_amine,F1,hgb,L-glutamic acid,0,31,0.2201,0.0
T4,native,qm9s_to_sers,fg_secondary_amine,F1,hgb,L-glutamine,0,31,0.2728,0.0
T4,native,qm9s_to_sers,fg_secondary_amine,F1,hgb,L-glycine,0,51,0.2044,0.0
T4,native,qm9s_to_sers,fg_secondary_amine,F1,hgb,L-histidine,0,31,0.2529,0.0
T4,native,qm9s_to_sers,fg_secondary_amine,F1,hgb,L-isoleucine,0,31,0.2433,0.0
T4,native,qm9s_to_sers,fg_secondary_amine,F1,hgb,L-leucine,0,31,0.2165,0.0
T4,native,qm9s_to_sers,fg_secondary_amine,F1,hgb,L-lysine,0,31,0.2733,0.0
T4,native,qm9s_to_sers,fg_secondary_amine,F1,hgb,L-methionine,0,31,0.2284,0.0
T4,native,qm9s_to_sers,fg_secondary_amine,F1,hgb,L-phenylalanine,0,31,0.2536,0.0
T4,native,qm9s_to_sers,fg_secondary_amine,F1,hgb,L-proline,1,31,0.257,0.0
T4,native,qm9s_to_sers,fg_secondary_amine,F1,hgb,L-serine,0,21,0.2905,0.0
T4,native,qm9s_to_sers,fg_secondary_amine,F1,hgb,L-threonine,0,31,0.2862,0.0
T4,native,qm9s_to_sers,fg_secondary_amine,F1,hgb,L-tryptophan,0,21,0.2995,0.2381
T4,native,qm9s_to_sers,fg_secondary_amine,F1,hgb,L-tyrosine,0,31,0.1827,0.0
T4,native,qm9s_to_sers,fg_secondary_amine,F1,hgb,L-valine,0,31,0.231,0.0
T4,native,qm9s_to_sers,fg_secondary_amine,F1,hgb,indole+indole-d6,0,4,0.2184,0.0
T4,native,qm9s_to_sers,fg_secondary_amine,F1,hgb,indole-3-acetic acid,0,1,0.274,0.0
T4,native,qm9s_to_sers,fg_secondary_amine,F1,hgb,isatin,0,1,0.5387,1.0
T4,native,qm9s_to_sers,fg_secondary_amine,F1,hgb,oxindole,0,1,0.482,1.0
T4,native,qm9s_to_sers,fg_secondary_amine,F1,hgb,tryptophol,0,1,0.246,0.0
T4,native,qm9s_to_sers,fg_secondary_amine,F1,knn,8-hydroxyquinoline,0,1,0.0,0.0
T4,native,qm9s_to_sers,fg_secondary_amine,F1,knn,L-alanine,0,31,0.0967,0.6774
T4,native,qm9s_to_sers,fg_secondary_amine,F1,knn,L-arginine,0,31,0.0638,0.4516
T4,native,qm9s_to_sers,fg_secondary_amine,F1,knn,L-asparagine,0,31,0.1178,0.7742
T4,native,qm9s_to_sers,fg_secondary_amine,F1,knn,L-aspartic acid,0,21,0.0882,0.5714
T4,native,qm9s_to_sers,fg_secondary_amine,F1,knn,L-cysteine,0,31,0.1162,0.7742
T4,native,qm9s_to_sers,fg_secondary_amine,F1,knn,L-glutamic acid,0,31,0.0509,0.3226
T4,native,qm9s_to_sers,fg_secondary_amine,F1,knn,L-glutamine,0,31,0.1649,0.8387
T4,native,qm9s_to_sers,fg_secondary_amine,F1,knn,L-glycine,0,51,0.0827,0.5294
T4,native,qm9s_to_sers,fg_secondary_amine,F1,knn,L-histidine,0,31,0.0742,0.5484
T4,native,qm9s_to_sers,fg_secondary_amine,F1,knn,L-isoleucine,0,31,0.1238,0.6774
T4,native,qm9s_to_sers,fg_secondary_amine,F1,knn,L-leucine,0,31,0.0569,0.5484
T4,native,qm9s_to_sers,fg_secondary_amine,F1,knn,L-lysine,0,31,0.0829,0.5806
T4,native,qm9s_to_sers,fg_secondary_amine,F1,knn,L-methionine,0,31,0.0319,0.2581
T4,native,qm9s_to_sers,fg_secondary_amine,F1,knn,L-phenylalanine,0,31,0.0685,0.5161
T4,native,qm9s_to_sers,fg_secondary_amine,F1,knn,L-proline,1,31,0.1191,0.8387
T4,native,qm9s_to_sers,fg_secondary_amine,F1,knn,L-serine,0,21,0.0275,0.1429
T4,native,qm9s_to_sers,fg_secondary_amine,F1,knn,L-threonine,0,31,0.086,0.6129
T4,native,qm9s_to_sers,fg_secondary_amine,F1,knn,L-tryptophan,0,21,0.0,0.0
T4,native,qm9s_to_sers,fg_secondary_amine,F1,knn,L-tyrosine,0,31,0.0547,0.4516
T4,native,qm9s_to_sers,fg_secondary_amine,F1,knn,L-valine,0,31,0.1529,0.8065
T4,native,qm9s_to_sers,fg_secondary_amine,F1,knn,indole+indole-d6,0,4,0.0825,0.5
T4,native,qm9s_to_sers,fg_secondary_amine,F1,knn,indole-3-acetic acid,0,1,0.0881,0.0
T4,native,qm9s_to_sers,fg_secondary_amine,F1,knn,isatin,0,1,0.0977,1.0
T4,native,qm9s_to_sers,fg_secondary_amine,F1,knn,oxindole,0,1,0.3931,1.0
T4,native,qm9s_to_sers,fg_secondary_amine,F1,knn,tryptophol,0,1,0.0,0.0
T4,native,qm9s_to_sers,fg_secondary_amine,F1pos,majority,8-hydroxyquinoline,0,1,0.1044,0.0
T4,native,qm9s_to_sers,fg_secondary_amine,F1pos,majority,L-alanine,0,31,0.1044,0.0
T4,native,qm9s_to_sers,fg_secondary_amine,F1pos,majority,L-arginine,0,31,0.1044,0.0
T4,native,qm9s_to_sers,fg_secondary_amine,F1pos,majority,L-asparagine,0,31,0.1044,0.0
T4,native,qm9s_to_sers,fg_secondary_amine,F1pos,majority,L-aspartic acid,0,21,0.1044,0.0
T4,native,qm9s_to_sers,fg_secondary_amine,F1pos,majority,L-cysteine,0,31,0.1044,0.0
T4,native,qm9s_to_sers,fg_secondary_amine,F1pos,majority,L-glutamic acid,0,31,0.1044,0.0
T4,native,qm9s_to_sers,fg_secondary_amine,F1pos,majority,L-glutamine,0,31,0.1044,0.0
T4,native,qm9s_to_sers,fg_secondary_amine,F1pos,majority,L-glycine,0,51,0.1044,0.0
T4,native,qm9s_to_sers,fg_secondary_amine,F1pos,majority,L-histidine,0,31,0.1044,0.0
T4,native,qm9s_to_sers,fg_secondary_amine,F1pos,majority,L-isoleucine,0,31,0.1044,0.0
T4,native,qm9s_to_sers,fg_secondary_amine,F1pos,majority,L-leucine,0,31,0.1044,0.0
T4,native,qm9s_to_sers,fg_secondary_amine,F1pos,majority,L-lysine,0,31,0.1044,0.0
T4,native,qm9s_to_sers,fg_secondary_amine,F1pos,majority,L-methionine,0,31,0.1044,0.0
T4,native,qm9s_to_sers,fg_secondary_amine,F1pos,majority,L-phenylalanine,0,31,0.1044,0.0
T4,native,qm9s_to_sers,fg_secondary_amine,F1pos,majority,L-proline,1,31,0.1044,0.0
T4,native,qm9s_to_sers,fg_secondary_amine,F1pos,majority,L-serine,0,21,0.1044,0.0
T4,native,qm9s_to_sers,fg_secondary_amine,F1pos,majority,L-threonine,0,31,0.1044,0.0
T4,native,qm9s_to_sers,fg_secondary_amine,F1pos,majority,L-tryptophan,0,21,0.1044,0.0
T4,native,qm9s_to_sers,fg_secondary_amine,F1pos,majority,L-tyrosine,0,31,0.1044,0.0
T4,native,qm9s_to_sers,fg_secondary_amine,F1pos,majority,L-valine,0,31,0.1044,0.0
T4,native,qm9s_to_sers,fg_secondary_amine,F1pos,majority,indole+indole-d6,0,4,0.1044,0.0
T4,native,qm9s_to_sers,fg_secondary_amine,F1pos,majority,indole-3-acetic acid,0,1,0.1044,0.0
T4,native,qm9s_to_sers,fg_secondary_amine,F1pos,majority,isatin,0,1,0.1044,0.0
T4,native,qm9s_to_sers,fg_secondary_amine,F1pos,majority,oxindole,0,1,0.1044,0.0
T4,native,qm9s_to_sers,fg_secondary_amine,F1pos,majority,tryptophol,0,1,0.1044,0.0
T4,native,qm9s_to_sers,fg_secondary_amine,F1pos,lr,8-hydroxyquinoline,0,1,0.1879,0.0
T4,native,qm9s_to_sers,fg_secondary_amine,F1pos,lr,L-alanine,0,31,0.2918,0.0323
T4,native,qm9s_to_sers,fg_secondary_amine,F1pos,lr,L-arginine,0,31,0.3014,0.0323
T4,native,qm9s_to_sers,fg_secondary_amine,F1pos,lr,L-asparagine,0,31,0.2673,0.0
T4,native,qm9s_to_sers,fg_secondary_amine,F1pos,lr,L-aspartic acid,0,21,0.3025,0.0952
T4,native,qm9s_to_sers,fg_secondary_amine,F1pos,lr,L-cysteine,0,31,0.2536,0.0
T4,native,qm9s_to_sers,fg_secondary_amine,F1pos,lr,L-glutamic acid,0,31,0.2592,0.0
T4,native,qm9s_to_sers,fg_secondary_amine,F1pos,lr,L-glutamine,0,31,0.3539,0.129
T4,native,qm9s_to_sers,fg_secondary_amine,F1pos,lr,L-glycine,0,51,0.2894,0.0
T4,native,qm9s_to_sers,fg_secondary_amine,F1pos,lr,L-histidine,0,31,0.3277,0.0
T4,native,qm9s_to_sers,fg_secondary_amine,F1pos,lr,L-isoleucine,0,31,0.3194,0.0968
T4,native,qm9s_to_sers,fg_secondary_amine,F1pos,lr,L-leucine,0,31,0.2875,0.0
T4,native,qm9s_to_sers,fg_secondary_amine,F1pos,lr,L-lysine,0,31,0.3107,0.0
T4,native,qm9s_to_sers,fg_secondary_amine,F1pos,lr,L-methionine,0,31,0.2372,0.0
T4,native,qm9s_to_sers,fg_secondary_amine,F1pos,lr,L-phenylalanine,0,31,0.3703,0.1935
T4,native,qm9s_to_sers,fg_secondary_amine,F1pos,lr,L-proline,1,31,0.3281,0.0645
T4,native,qm9s_to_sers,fg_secondary_amine,F1pos,lr,L-serine,0,21,0.2794,0.0
T4,native,qm9s_to_sers,fg_secondary_amine,F1pos,lr,L-threonine,0,31,0.3709,0.0645
T4,native,qm9s_to_sers,fg_secondary_amine,F1pos,lr,L-tryptophan,0,21,0.1964,0.0
T4,native,qm9s_to_sers,fg_secondary_amine,F1pos,lr,L-tyrosine,0,31,0.2568,0.0
T4,native,qm9s_to_sers,fg_secondary_amine,F1pos,lr,L-valine,0,31,0.3103,0.0
T4,native,qm9s_to_sers,fg_secondary_amine,F1pos,lr,indole+indole-d6,0,4,0.2271,0.0
T4,native,qm9s_to_sers,fg_secondary_amine,F1pos,lr,indole-3-acetic acid,0,1,0.3807,0.0
T4,native,qm9s_to_sers,fg_secondary_amine,F1pos,lr,isatin,0,1,0.3014,0.0
T4,native,qm9s_to_sers,fg_secondary_amine,F1pos,lr,oxindole,0,1,0.3339,0.0
T4,native,qm9s_to_sers,fg_secondary_amine,F1pos,lr,tryptophol,0,1,0.2243,0.0
T4,native,qm9s_to_sers,fg_secondary_amine,F1pos,hgb,8-hydroxyquinoline,0,1,0.156,0.0
T4,native,qm9s_to_sers,fg_secondary_amine,F1pos,hgb,L-alanine,0,31,0.2157,0.0
T4,native,qm9s_to_sers,fg_secondary_amine,F1pos,hgb,L-arginine,0,31,0.2063,0.0
T4,native,qm9s_to_sers,fg_secondary_amine,F1pos,hgb,L-asparagine,0,31,0.2164,0.0
T4,native,qm9s_to_sers,fg_secondary_amine,F1pos,hgb,L-aspartic acid,0,21,0.2541,0.0476
T4,native,qm9s_to_sers,fg_secondary_amine,F1pos,hgb,L-cysteine,0,31,0.227,0.0
T4,native,qm9s_to_sers,fg_secondary_amine,F1pos,hgb,L-glutamic acid,0,31,0.2082,0.0
T4,native,qm9s_to_sers,fg_secondary_amine,F1pos,hgb,L-glutamine,0,31,0.2921,0.0
T4,native,qm9s_to_sers,fg_secondary_amine,F1pos,hgb,L-glycine,0,51,0.2102,0.0
T4,native,qm9s_to_sers,fg_secondary_amine,F1pos,hgb,L-histidine,0,31,0.301,0.0
T4,native,qm9s_to_sers,fg_secondary_amine,F1pos,hgb,L-isoleucine,0,31,0.2471,0.0
T4,native,qm9s_to_sers,fg_secondary_amine,F1pos,hgb,L-leucine,0,31,0.2055,0.0
T4,native,qm9s_to_sers,fg_secondary_amine,F1pos,hgb,L-lysine,0,31,0.2892,0.0323
T4,native,qm9s_to_sers,fg_secondary_amine,F1pos,hgb,L-methionine,0,31,0.2277,0.0
T4,native,qm9s_to_sers,fg_secondary_amine,F1pos,hgb,L-phenylalanine,0,31,0.2981,0.0
T4,native,qm9s_to_sers,fg_secondary_amine,F1pos,hgb,L-proline,1,31,0.2838,0.0
T4,native,qm9s_to_sers,fg_secondary_amine,F1pos,hgb,L-serine,0,21,0.2159,0.0
T4,native,qm9s_to_sers,fg_secondary_amine,F1pos,hgb,L-threonine,0,31,0.3308,0.0323
T4,native,qm9s_to_sers,fg_secondary_amine,F1pos,hgb,L-tryptophan,0,21,0.1289,0.0
T4,native,qm9s_to_sers,fg_secondary_amine,F1pos,hgb,L-tyrosine,0,31,0.1663,0.0
T4,native,qm9s_to_sers,fg_secondary_amine,F1pos,hgb,L-valine,0,31,0.2352,0.0323
T4,native,qm9s_to_sers,fg_secondary_amine,F1pos,hgb,indole+indole-d6,0,4,0.1587,0.0
T4,native,qm9s_to_sers,fg_secondary_amine,F1pos,hgb,indole-3-acetic acid,0,1,0.3586,0.0
T4,native,qm9s_to_sers,fg_secondary_amine,F1pos,hgb,isatin,0,1,0.2637,0.0
T4,native,qm9s_to_sers,fg_secondary_amine,F1pos,hgb,oxindole,0,1,0.3201,0.0
T4,native,qm9s_to_sers,fg_secondary_amine,F1pos,hgb,tryptophol,0,1,0.1884,0.0
T4,native,qm9s_to_sers,fg_secondary_amine,F1pos,knn,8-hydroxyquinoline,0,1,0.2024,1.0
T4,native,qm9s_to_sers,fg_secondary_amine,F1pos,knn,L-alanine,0,31,0.0477,0.0968
T4,native,qm9s_to_sers,fg_secondary_amine,F1pos,knn,L-arginine,0,31,0.0257,0.0323
T4,native,qm9s_to_sers,fg_secondary_amine,F1pos,knn,L-asparagine,0,31,0.0637,0.1935
T4,native,qm9s_to_sers,fg_secondary_amine,F1pos,knn,L-aspartic acid,0,21,0.1655,0.7619
T4,native,qm9s_to_sers,fg_secondary_amine,F1pos,knn,L-cysteine,0,31,0.0706,0.2903
T4,native,qm9s_to_sers,fg_secondary_amine,F1pos,knn,L-glutamic acid,0,31,0.0866,0.3226
T4,native,qm9s_to_sers,fg_secondary_amine,F1pos,knn,L-glutamine,0,31,0.127,0.4839
T4,native,qm9s_to_sers,fg_secondary_amine,F1pos,knn,L-glycine,0,51,0.0468,0.1176
T4,native,qm9s_to_sers,fg_secondary_amine,F1pos,knn,L-histidine,0,31,0.035,0.129
T4,native,qm9s_to_sers,fg_secondary_amine,F1pos,knn,L-isoleucine,0,31,0.0439,0.0645
T4,native,qm9s_to_sers,fg_secondary_amine,F1pos,knn,L-leucine,0,31,0.0604,0.129
T4,native,qm9s_to_sers,fg_secondary_amine,F1pos,knn,L-lysine,0,31,0.0454,0.1935
T4,native,qm9s_to_sers,fg_secondary_amine,F1pos,knn,L-methionine,0,31,0.113,0.4194
T4,native,qm9s_to_sers,fg_secondary_amine,F1pos,knn,L-phenylalanine,0,31,0.0917,0.4516
T4,native,qm9s_to_sers,fg_secondary_amine,F1pos,knn,L-proline,1,31,0.0676,0.129
T4,native,qm9s_to_sers,fg_secondary_amine,F1pos,knn,L-serine,0,21,0.0987,0.2857
T4,native,qm9s_to_sers,fg_secondary_amine,F1pos,knn,L-threonine,0,31,0.0611,0.1613
T4,native,qm9s_to_sers,fg_secondary_amine,F1pos,knn,L-tryptophan,0,21,0.0642,0.1429
T4,native,qm9s_to_sers,fg_secondary_amine,F1pos,knn,L-tyrosine,0,31,0.0066,0.0323
T4,native,qm9s_to_sers,fg_secondary_amine,F1pos,knn,L-valine,0,31,0.1,0.3226
T4,native,qm9s_to_sers,fg_secondary_amine,F1pos,knn,indole+indole-d6,0,4,0.1493,0.75
T4,native,qm9s_to_sers,fg_secondary_amine,F1pos,knn,indole-3-acetic acid,0,1,0.1124,1.0
T4,native,qm9s_to_sers,fg_secondary_amine,F1pos,knn,isatin,0,1,0.098,0.0
T4,native,qm9s_to_sers,fg_secondary_amine,F1pos,knn,oxindole,0,1,0.1982,1.0
T4,native,qm9s_to_sers,fg_secondary_amine,F1pos,knn,tryptophol,0,1,0.0945,0.0
T4,native,qm9s_to_sers,fg_secondary_amine,F2,majority,8-hydroxyquinoline,0,1,0.1044,0.0
T4,native,qm9s_to_sers,fg_secondary_amine,F2,majority,L-alanine,0,31,0.1044,0.0
T4,native,qm9s_to_sers,fg_secondary_amine,F2,majority,L-arginine,0,31,0.1044,0.0
T4,native,qm9s_to_sers,fg_secondary_amine,F2,majority,L-asparagine,0,31,0.1044,0.0
T4,native,qm9s_to_sers,fg_secondary_amine,F2,majority,L-aspartic acid,0,21,0.1044,0.0
T4,native,qm9s_to_sers,fg_secondary_amine,F2,majority,L-cysteine,0,31,0.1044,0.0
T4,native,qm9s_to_sers,fg_secondary_amine,F2,majority,L-glutamic acid,0,31,0.1044,0.0
T4,native,qm9s_to_sers,fg_secondary_amine,F2,majority,L-glutamine,0,31,0.1044,0.0
T4,native,qm9s_to_sers,fg_secondary_amine,F2,majority,L-glycine,0,51,0.1044,0.0
T4,native,qm9s_to_sers,fg_secondary_amine,F2,majority,L-histidine,0,31,0.1044,0.0
T4,native,qm9s_to_sers,fg_secondary_amine,F2,majority,L-isoleucine,0,31,0.1044,0.0
T4,native,qm9s_to_sers,fg_secondary_amine,F2,majority,L-leucine,0,31,0.1044,0.0
T4,native,qm9s_to_sers,fg_secondary_amine,F2,majority,L-lysine,0,31,0.1044,0.0
T4,native,qm9s_to_sers,fg_secondary_amine,F2,majority,L-methionine,0,31,0.1044,0.0
T4,native,qm9s_to_sers,fg_secondary_amine,F2,majority,L-phenylalanine,0,31,0.1044,0.0
T4,native,qm9s_to_sers,fg_secondary_amine,F2,majority,L-proline,1,31,0.1044,0.0
T4,native,qm9s_to_sers,fg_secondary_amine,F2,majority,L-serine,0,21,0.1044,0.0
T4,native,qm9s_to_sers,fg_secondary_amine,F2,majority,L-threonine,0,31,0.1044,0.0
T4,native,qm9s_to_sers,fg_secondary_amine,F2,majority,L-tryptophan,0,21,0.1044,0.0
T4,native,qm9s_to_sers,fg_secondary_amine,F2,majority,L-tyrosine,0,31,0.1044,0.0
T4,native,qm9s_to_sers,fg_secondary_amine,F2,majority,L-valine,0,31,0.1044,0.0
T4,native,qm9s_to_sers,fg_secondary_amine,F2,majority,indole+indole-d6,0,4,0.1044,0.0
T4,native,qm9s_to_sers,fg_secondary_amine,F2,majority,indole-3-acetic acid,0,1,0.1044,0.0
T4,native,qm9s_to_sers,fg_secondary_amine,F2,majority,isatin,0,1,0.1044,0.0
T4,native,qm9s_to_sers,fg_secondary_amine,F2,majority,oxindole,0,1,0.1044,0.0
T4,native,qm9s_to_sers,fg_secondary_amine,F2,majority,tryptophol,0,1,0.1044,0.0
T4,native,qm9s_to_sers,fg_secondary_amine,F2,lr,8-hydroxyquinoline,0,1,0.1071,0.0
T4,native,qm9s_to_sers,fg_secondary_amine,F2,lr,L-alanine,0,31,0.363,0.0
T4,native,qm9s_to_sers,fg_secondary_amine,F2,lr,L-arginine,0,31,0.4082,0.0
T4,native,qm9s_to_sers,fg_secondary_amine,F2,lr,L-asparagine,0,31,0.3534,0.0
T4,native,qm9s_to_sers,fg_secondary_amine,F2,lr,L-aspartic acid,0,21,0.4072,0.0
T4,native,qm9s_to_sers,fg_secondary_amine,F2,lr,L-cysteine,0,31,0.3982,0.0
T4,native,qm9s_to_sers,fg_secondary_amine,F2,lr,L-glutamic acid,0,31,0.3064,0.0968
T4,native,qm9s_to_sers,fg_secondary_amine,F2,lr,L-glutamine,0,31,0.4203,0.0
T4,native,qm9s_to_sers,fg_secondary_amine,F2,lr,L-glycine,0,51,0.3757,0.0
T4,native,qm9s_to_sers,fg_secondary_amine,F2,lr,L-histidine,0,31,0.3715,0.0
T4,native,qm9s_to_sers,fg_secondary_amine,F2,lr,L-isoleucine,0,31,0.3058,0.0323
T4,native,qm9s_to_sers,fg_secondary_amine,F2,lr,L-leucine,0,31,0.365,0.0
T4,native,qm9s_to_sers,fg_secondary_amine,F2,lr,L-lysine,0,31,0.3727,0.0
T4,native,qm9s_to_sers,fg_secondary_amine,F2,lr,L-methionine,0,31,0.3519,0.0
T4,native,qm9s_to_sers,fg_secondary_amine,F2,lr,L-phenylalanine,0,31,0.4017,0.0
T4,native,qm9s_to_sers,fg_secondary_amine,F2,lr,L-proline,1,31,0.4003,0.0
T4,native,qm9s_to_sers,fg_secondary_amine,F2,lr,L-serine,0,21,0.3289,0.0
T4,native,qm9s_to_sers,fg_secondary_amine,F2,lr,L-threonine,0,31,0.3983,0.0
T4,native,qm9s_to_sers,fg_secondary_amine,F2,lr,L-tryptophan,0,21,0.2684,0.0
T4,native,qm9s_to_sers,fg_secondary_amine,F2,lr,L-tyrosine,0,31,0.3554,0.0323
T4,native,qm9s_to_sers,fg_secondary_amine,F2,lr,L-valine,0,31,0.338,0.0
T4,native,qm9s_to_sers,fg_secondary_amine,F2,lr,indole+indole-d6,0,4,0.0911,0.0
T4,native,qm9s_to_sers,fg_secondary_amine,F2,lr,indole-3-acetic acid,0,1,0.068,0.0
T4,native,qm9s_to_sers,fg_secondary_amine,F2,lr,isatin,0,1,0.91,1.0
T4,native,qm9s_to_sers,fg_secondary_amine,F2,lr,oxindole,0,1,0.6341,1.0
T4,native,qm9s_to_sers,fg_secondary_amine,F2,lr,tryptophol,0,1,0.3297,0.0
T4,native,qm9s_to_sers,fg_secondary_amine,F2,hgb,8-hydroxyquinoline,0,1,0.2512,0.0
T4,native,qm9s_to_sers,fg_secondary_amine,F2,hgb,L-alanine,0,31,0.1797,0.0645
T4,native,qm9s_to_sers,fg_secondary_amine,F2,hgb,L-arginine,0,31,0.1304,0.0
T4,native,qm9s_to_sers,fg_secondary_amine,F2,hgb,L-asparagine,0,31,0.1113,0.0
T4,native,qm9s_to_sers,fg_secondary_amine,F2,hgb,L-aspartic acid,0,21,0.2612,0.2381
T4,native,qm9s_to_sers,fg_secondary_amine,F2,hgb,L-cysteine,0,31,0.2391,0.0645
T4,native,qm9s_to_sers,fg_secondary_amine,F2,hgb,L-glutamic acid,0,31,0.1202,0.0
T4,native,qm9s_to_sers,fg_secondary_amine,F2,hgb,L-glutamine,0,31,0.2462,0.0
T4,native,qm9s_to_sers,fg_secondary_amine,F2,hgb,L-glycine,0,51,0.1807,0.0
T4,native,qm9s_to_sers,fg_secondary_amine,F2,hgb,L-histidine,0,31,0.192,0.0
T4,native,qm9s_to_sers,fg_secondary_amine,F2,hgb,L-isoleucine,0,31,0.1256,0.0
T4,native,qm9s_to_sers,fg_secondary_amine,F2,hgb,L-leucine,0,31,0.1701,0.0
T4,native,qm9s_to_sers,fg_secondary_amine,F2,hgb,L-lysine,0,31,0.155,0.0
T4,native,qm9s_to_sers,fg_secondary_amine,F2,hgb,L-methionine,0,31,0.188,0.0
T4,native,qm9s_to_sers,fg_secondary_amine,F2,hgb,L-phenylalanine,0,31,0.2674,0.2258
T4,native,qm9s_to_sers,fg_secondary_amine,F2,hgb,L-proline,1,31,0.2808,0.1613
T4,native,qm9s_to_sers,fg_secondary_amine,F2,hgb,L-serine,0,21,0.1531,0.0
T4,native,qm9s_to_sers,fg_secondary_amine,F2,hgb,L-threonine,0,31,0.2164,0.0
T4,native,qm9s_to_sers,fg_secondary_amine,F2,hgb,L-tryptophan,0,21,0.1845,0.0
T4,native,qm9s_to_sers,fg_secondary_amine,F2,hgb,L-tyrosine,0,31,0.1104,0.0
T4,native,qm9s_to_sers,fg_secondary_amine,F2,hgb,L-valine,0,31,0.0955,0.0
T4,native,qm9s_to_sers,fg_secondary_amine,F2,hgb,indole+indole-d6,0,4,0.1876,0.0
T4,native,qm9s_to_sers,fg_secondary_amine,F2,hgb,indole-3-acetic acid,0,1,0.2309,0.0
T4,native,qm9s_to_sers,fg_secondary_amine,F2,hgb,isatin,0,1,0.2931,0.0
T4,native,qm9s_to_sers,fg_secondary_amine,F2,hgb,oxindole,0,1,0.3897,0.0
T4,native,qm9s_to_sers,fg_secondary_amine,F2,hgb,tryptophol,0,1,0.0841,0.0
T4,native,qm9s_to_sers,fg_secondary_amine,F2,knn,8-hydroxyquinoline,0,1,0.0992,0.0
T4,native,qm9s_to_sers,fg_secondary_amine,F2,knn,L-alanine,0,31,0.1247,0.3871
T4,native,qm9s_to_sers,fg_secondary_amine,F2,knn,L-arginine,0,31,0.1434,0.4194
T4,native,qm9s_to_sers,fg_secondary_amine,F2,knn,L-asparagine,0,31,0.1313,0.4194
T4,native,qm9s_to_sers,fg_secondary_amine,F2,knn,L-aspartic acid,0,21,0.1788,0.4762
T4,native,qm9s_to_sers,fg_secondary_amine,F2,knn,L-cysteine,0,31,0.1274,0.4194
T4,native,qm9s_to_sers,fg_secondary_amine,F2,knn,L-glutamic acid,0,31,0.0959,0.2258
T4,native,qm9s_to_sers,fg_secondary_amine,F2,knn,L-glutamine,0,31,0.1451,0.3871
T4,native,qm9s_to_sers,fg_secondary_amine,F2,knn,L-glycine,0,51,0.0896,0.1765
T4,native,qm9s_to_sers,fg_secondary_amine,F2,knn,L-histidine,0,31,0.1071,0.3226
T4,native,qm9s_to_sers,fg_secondary_amine,F2,knn,L-isoleucine,0,31,0.0706,0.1935
T4,native,qm9s_to_sers,fg_secondary_amine,F2,knn,L-leucine,0,31,0.1313,0.3226
T4,native,qm9s_to_sers,fg_secondary_amine,F2,knn,L-lysine,0,31,0.044,0.129
T4,native,qm9s_to_sers,fg_secondary_amine,F2,knn,L-methionine,0,31,0.1351,0.4516
T4,native,qm9s_to_sers,fg_secondary_amine,F2,knn,L-phenylalanine,0,31,0.0997,0.3226
T4,native,qm9s_to_sers,fg_secondary_amine,F2,knn,L-proline,1,31,0.1043,0.3226
T4,native,qm9s_to_sers,fg_secondary_amine,F2,knn,L-serine,0,21,0.0906,0.2381
T4,native,qm9s_to_sers,fg_secondary_amine,F2,knn,L-threonine,0,31,0.2821,0.7742
T4,native,qm9s_to_sers,fg_secondary_amine,F2,knn,L-tryptophan,0,21,0.1937,0.8571
T4,native,qm9s_to_sers,fg_secondary_amine,F2,knn,L-tyrosine,0,31,0.0883,0.1613
T4,native,qm9s_to_sers,fg_secondary_amine,F2,knn,L-valine,0,31,0.102,0.1613
T4,native,qm9s_to_sers,fg_secondary_amine,F2,knn,indole+indole-d6,0,4,0.1492,0.75
T4,native,qm9s_to_sers,fg_secondary_amine,F2,knn,indole-3-acetic acid,0,1,0.098,0.0
T4,native,qm9s_to_sers,fg_secondary_amine,F2,knn,isatin,0,1,0.0998,0.0
T4,native,qm9s_to_sers,fg_secondary_amine,F2,knn,oxindole,0,1,0.205,1.0
T4,native,qm9s_to_sers,fg_secondary_amine,F2,knn,tryptophol,0,1,0.0,0.0
T4,native,qm9s_to_sers,fg_secondary_amine,F3,majority,8-hydroxyquinoline,0,1,0.1044,0.0
T4,native,qm9s_to_sers,fg_secondary_amine,F3,majority,L-alanine,0,31,0.1044,0.0
T4,native,qm9s_to_sers,fg_secondary_amine,F3,majority,L-arginine,0,31,0.1044,0.0
T4,native,qm9s_to_sers,fg_secondary_amine,F3,majority,L-asparagine,0,31,0.1044,0.0
T4,native,qm9s_to_sers,fg_secondary_amine,F3,majority,L-aspartic acid,0,21,0.1044,0.0
T4,native,qm9s_to_sers,fg_secondary_amine,F3,majority,L-cysteine,0,31,0.1044,0.0
T4,native,qm9s_to_sers,fg_secondary_amine,F3,majority,L-glutamic acid,0,31,0.1044,0.0
T4,native,qm9s_to_sers,fg_secondary_amine,F3,majority,L-glutamine,0,31,0.1044,0.0
T4,native,qm9s_to_sers,fg_secondary_amine,F3,majority,L-glycine,0,51,0.1044,0.0
T4,native,qm9s_to_sers,fg_secondary_amine,F3,majority,L-histidine,0,31,0.1044,0.0
T4,native,qm9s_to_sers,fg_secondary_amine,F3,majority,L-isoleucine,0,31,0.1044,0.0
T4,native,qm9s_to_sers,fg_secondary_amine,F3,majority,L-leucine,0,31,0.1044,0.0
T4,native,qm9s_to_sers,fg_secondary_amine,F3,majority,L-lysine,0,31,0.1044,0.0
T4,native,qm9s_to_sers,fg_secondary_amine,F3,majority,L-methionine,0,31,0.1044,0.0
T4,native,qm9s_to_sers,fg_secondary_amine,F3,majority,L-phenylalanine,0,31,0.1044,0.0
T4,native,qm9s_to_sers,fg_secondary_amine,F3,majority,L-proline,1,31,0.1044,0.0
T4,native,qm9s_to_sers,fg_secondary_amine,F3,majority,L-serine,0,21,0.1044,0.0
T4,native,qm9s_to_sers,fg_secondary_amine,F3,majority,L-threonine,0,31,0.1044,0.0
T4,native,qm9s_to_sers,fg_secondary_amine,F3,majority,L-tryptophan,0,21,0.1044,0.0
T4,native,qm9s_to_sers,fg_secondary_amine,F3,majority,L-tyrosine,0,31,0.1044,0.0
T4,native,qm9s_to_sers,fg_secondary_amine,F3,majority,L-valine,0,31,0.1044,0.0
T4,native,qm9s_to_sers,fg_secondary_amine,F3,majority,indole+indole-d6,0,4,0.1044,0.0
T4,native,qm9s_to_sers,fg_secondary_amine,F3,majority,indole-3-acetic acid,0,1,0.1044,0.0
T4,native,qm9s_to_sers,fg_secondary_amine,F3,majority,isatin,0,1,0.1044,0.0
T4,native,qm9s_to_sers,fg_secondary_amine,F3,majority,oxindole,0,1,0.1044,0.0
T4,native,qm9s_to_sers,fg_secondary_amine,F3,majority,tryptophol,0,1,0.1044,0.0
T4,native,qm9s_to_sers,fg_secondary_amine,F3,lr,8-hydroxyquinoline,0,1,0.158,0.0
T4,native,qm9s_to_sers,fg_secondary_amine,F3,lr,L-alanine,0,31,0.4633,0.2258
T4,native,qm9s_to_sers,fg_secondary_amine,F3,lr,L-arginine,0,31,0.4731,0.2903
T4,native,qm9s_to_sers,fg_secondary_amine,F3,lr,L-asparagine,0,31,0.4343,0.0
T4,native,qm9s_to_sers,fg_secondary_amine,F3,lr,L-aspartic acid,0,21,0.4856,0.1905
T4,native,qm9s_to_sers,fg_secondary_amine,F3,lr,L-cysteine,0,31,0.4776,0.1613
T4,native,qm9s_to_sers,fg_secondary_amine,F3,lr,L-glutamic acid,0,31,0.4154,0.2903
T4,native,qm9s_to_sers,fg_secondary_amine,F3,lr,L-glutamine,0,31,0.4831,0.2903
T4,native,qm9s_to_sers,fg_secondary_amine,F3,lr,L-glycine,0,51,0.4632,0.2941
T4,native,qm9s_to_sers,fg_secondary_amine,F3,lr,L-histidine,0,31,0.4563,0.129
T4,native,qm9s_to_sers,fg_secondary_amine,F3,lr,L-isoleucine,0,31,0.4454,0.3548
T4,native,qm9s_to_sers,fg_secondary_amine,F3,lr,L-leucine,0,31,0.4493,0.0323
T4,native,qm9s_to_sers,fg_secondary_amine,F3,lr,L-lysine,0,31,0.4465,0.0
T4,native,qm9s_to_sers,fg_secondary_amine,F3,lr,L-methionine,0,31,0.4481,0.129
T4,native,qm9s_to_sers,fg_secondary_amine,F3,lr,L-phenylalanine,0,31,0.4833,0.2258
T4,native,qm9s_to_sers,fg_secondary_amine,F3,lr,L-proline,1,31,0.4662,0.0
T4,native,qm9s_to_sers,fg_secondary_amine,F3,lr,L-serine,0,21,0.4596,0.3333
T4,native,qm9s_to_sers,fg_secondary_amine,F3,lr,L-threonine,0,31,0.4796,0.1935
T4,native,qm9s_to_sers,fg_secondary_amine,F3,lr,L-tryptophan,0,21,0.2742,0.0476
T4,native,qm9s_to_sers,fg_secondary_amine,F3,lr,L-tyrosine,0,31,0.4059,0.3226
T4,native,qm9s_to_sers,fg_secondary_amine,F3,lr,L-valine,0,31,0.4375,0.0
T4,native,qm9s_to_sers,fg_secondary_amine,F3,lr,indole+indole-d6,0,4,0.1086,0.0
T4,native,qm9s_to_sers,fg_secondary_amine,F3,lr,indole-3-acetic acid,0,1,0.1284,0.0
T4,native,qm9s_to_sers,fg_secondary_amine,F3,lr,isatin,0,1,0.9706,1.0
T4,native,qm9s_to_sers,fg_secondary_amine,F3,lr,oxindole,0,1,0.8731,1.0
T4,native,qm9s_to_sers,fg_secondary_amine,F3,lr,tryptophol,0,1,0.4133,0.0
T4,native,qm9s_to_sers,fg_secondary_amine,F3,hgb,8-hydroxyquinoline,0,1,0.1284,0.0
T4,native,qm9s_to_sers,fg_secondary_amine,F3,hgb,L-alanine,0,31,0.3463,0.2581
T4,native,qm9s_to_sers,fg_secondary_amine,F3,hgb,L-arginine,0,31,0.2914,0.129
T4,native,qm9s_to_sers,fg_secondary_amine,F3,hgb,L-asparagine,0,31,0.3192,0.0
T4,native,qm9s_to_sers,fg_secondary_amine,F3,hgb,L-aspartic acid,0,21,0.2534,0.0952
T4,native,qm9s_to_sers,fg_secondary_amine,F3,hgb,L-cysteine,0,31,0.2361,0.0
T4,native,qm9s_to_sers,fg_secondary_amine,F3,hgb,L-glutamic acid,0,31,0.2642,0.0323
T4,native,qm9s_to_sers,fg_secondary_amine,F3,hgb,L-glutamine,0,31,0.2805,0.0
T4,native,qm9s_to_sers,fg_secondary_amine,F3,hgb,L-glycine,0,51,0.3043,0.1373
T4,native,qm9s_to_sers,fg_secondary_amine,F3,hgb,L-histidine,0,31,0.2212,0.0
T4,native,qm9s_to_sers,fg_secondary_amine,F3,hgb,L-isoleucine,0,31,0.3367,0.0968
T4,native,qm9s_to_sers,fg_secondary_amine,F3,hgb,L-leucine,0,31,0.346,0.1935
T4,native,qm9s_to_sers,fg_secondary_amine,F3,hgb,L-lysine,0,31,0.3063,0.0968
T4,native,qm9s_to_sers,fg_secondary_amine,F3,hgb,L-methionine,0,31,0.2809,0.0323
T4,native,qm9s_to_sers,fg_secondary_amine,F3,hgb,L-phenylalanine,0,31,0.2158,0.0
T4,native,qm9s_to_sers,fg_secondary_amine,F3,hgb,L-proline,1,31,0.2258,0.0
T4,native,qm9s_to_sers,fg_secondary_amine,F3,hgb,L-serine,0,21,0.2319,0.0476
T4,native,qm9s_to_sers,fg_secondary_amine,F3,hgb,L-threonine,0,31,0.2509,0.0645
T4,native,qm9s_to_sers,fg_secondary_amine,F3,hgb,L-tryptophan,0,21,0.2005,0.0
T4,native,qm9s_to_sers,fg_secondary_amine,F3,hgb,L-tyrosine,0,31,0.3786,0.3871
T4,native,qm9s_to_sers,fg_secondary_amine,F3,hgb,L-valine,0,31,0.3252,0.0
T4,native,qm9s_to_sers,fg_secondary_amine,F3,hgb,indole+indole-d6,0,4,0.0501,0.0
T4,native,qm9s_to_sers,fg_secondary_amine,F3,hgb,indole-3-acetic acid,0,1,0.102,0.0
T4,native,qm9s_to_sers,fg_secondary_amine,F3,hgb,isatin,0,1,0.2431,0.0
T4,native,qm9s_to_sers,fg_secondary_amine,F3,hgb,oxindole,0,1,0.188,0.0
T4,native,qm9s_to_sers,fg_secondary_amine,F3,hgb,tryptophol,0,1,0.0612,0.0
T4,native,qm9s_to_sers,fg_secondary_amine,F3,knn,8-hydroxyquinoline,0,1,0.0,0.0
T4,native,qm9s_to_sers,fg_secondary_amine,F3,knn,L-alanine,0,31,0.0088,0.0
T4,native,qm9s_to_sers,fg_secondary_amine,F3,knn,L-arginine,0,31,0.0089,0.0
T4,native,qm9s_to_sers,fg_secondary_amine,F3,knn,L-asparagine,0,31,0.0,0.0
T4,native,qm9s_to_sers,fg_secondary_amine,F3,knn,L-aspartic acid,0,21,0.0173,0.0
T4,native,qm9s_to_sers,fg_secondary_amine,F3,knn,L-cysteine,0,31,0.0244,0.0
T4,native,qm9s_to_sers,fg_secondary_amine,F3,knn,L-glutamic acid,0,31,0.003,0.0
T4,native,qm9s_to_sers,fg_secondary_amine,F3,knn,L-glutamine,0,31,0.0,0.0
T4,native,qm9s_to_sers,fg_secondary_amine,F3,knn,L-glycine,0,51,0.0,0.0
T4,native,qm9s_to_sers,fg_secondary_amine,F3,knn,L-histidine,0,31,0.0,0.0
T4,native,qm9s_to_sers,fg_secondary_amine,F3,knn,L-isoleucine,0,31,0.0121,0.0
T4,native,qm9s_to_sers,fg_secondary_amine,F3,knn,L-leucine,0,31,0.0,0.0
T4,native,qm9s_to_sers,fg_secondary_amine,F3,knn,L-lysine,0,31,0.0,0.0
T4,native,qm9s_to_sers,fg_secondary_amine,F3,knn,L-methionine,0,31,0.0654,0.0968
T4,native,qm9s_to_sers,fg_secondary_amine,F3,knn,L-phenylalanine,0,31,0.0031,0.0
T4,native,qm9s_to_sers,fg_secondary_amine,F3,knn,L-proline,1,31,0.0,0.0
T4,native,qm9s_to_sers,fg_secondary_amine,F3,knn,L-serine,0,21,0.0,0.0
T4,native,qm9s_to_sers,fg_secondary_amine,F3,knn,L-threonine,0,31,0.0,0.0
T4,native,qm9s_to_sers,fg_secondary_amine,F3,knn,L-tryptophan,0,21,0.1517,0.5238
T4,native,qm9s_to_sers,fg_secondary_amine,F3,knn,L-tyrosine,0,31,0.0,0.0
T4,native,qm9s_to_sers,fg_secondary_amine,F3,knn,L-valine,0,31,0.041,0.0
T4,native,qm9s_to_sers,fg_secondary_amine,F3,knn,indole+indole-d6,0,4,0.1581,0.5
T4,native,qm9s_to_sers,fg_secondary_amine,F3,knn,indole-3-acetic acid,0,1,0.0,0.0
T4,native,qm9s_to_sers,fg_secondary_amine,F3,knn,isatin,0,1,0.2957,1.0
T4,native,qm9s_to_sers,fg_secondary_amine,F3,knn,oxindole,0,1,0.0964,0.0
T4,native,qm9s_to_sers,fg_secondary_amine,F3,knn,tryptophol,0,1,0.0,0.0
T4,native,qm9s_to_sers,fg_amide,F1,majority,8-hydroxyquinoline,0,1,0.0686,0.0
T4,native,qm9s_to_sers,fg_amide,F1,majority,L-alanine,0,31,0.0686,0.0
T4,native,qm9s_to_sers,fg_amide,F1,majority,L-arginine,0,31,0.0686,0.0
T4,native,qm9s_to_sers,fg_amide,F1,majority,L-asparagine,1,31,0.0686,0.0
T4,native,qm9s_to_sers,fg_amide,F1,majority,L-aspartic acid,0,21,0.0686,0.0
T4,native,qm9s_to_sers,fg_amide,F1,majority,L-cysteine,0,31,0.0686,0.0
T4,native,qm9s_to_sers,fg_amide,F1,majority,L-glutamic acid,0,31,0.0686,0.0
T4,native,qm9s_to_sers,fg_amide,F1,majority,L-glutamine,1,31,0.0686,0.0
T4,native,qm9s_to_sers,fg_amide,F1,majority,L-glycine,0,51,0.0686,0.0
T4,native,qm9s_to_sers,fg_amide,F1,majority,L-histidine,0,31,0.0686,0.0
T4,native,qm9s_to_sers,fg_amide,F1,majority,L-isoleucine,0,31,0.0686,0.0
T4,native,qm9s_to_sers,fg_amide,F1,majority,L-leucine,0,31,0.0686,0.0
T4,native,qm9s_to_sers,fg_amide,F1,majority,L-lysine,0,31,0.0686,0.0
T4,native,qm9s_to_sers,fg_amide,F1,majority,L-methionine,0,31,0.0686,0.0
T4,native,qm9s_to_sers,fg_amide,F1,majority,L-phenylalanine,0,31,0.0686,0.0
T4,native,qm9s_to_sers,fg_amide,F1,majority,L-proline,0,31,0.0686,0.0
T4,native,qm9s_to_sers,fg_amide,F1,majority,L-serine,0,21,0.0686,0.0
T4,native,qm9s_to_sers,fg_amide,F1,majority,L-threonine,0,31,0.0686,0.0
T4,native,qm9s_to_sers,fg_amide,F1,majority,L-tryptophan,0,21,0.0686,0.0
T4,native,qm9s_to_sers,fg_amide,F1,majority,L-tyrosine,0,31,0.0686,0.0
T4,native,qm9s_to_sers,fg_amide,F1,majority,L-valine,0,31,0.0686,0.0
T4,native,qm9s_to_sers,fg_amide,F1,majority,indole+indole-d6,0,4,0.0686,0.0
T4,native,qm9s_to_sers,fg_amide,F1,majority,indole-3-acetic acid,0,1,0.0686,0.0
T4,native,qm9s_to_sers,fg_amide,F1,majority,isatin,1,1,0.0686,0.0
T4,native,qm9s_to_sers,fg_amide,F1,majority,oxindole,1,1,0.0686,0.0
T4,native,qm9s_to_sers,fg_amide,F1,majority,tryptophol,0,1,0.0686,0.0
T4,native,qm9s_to_sers,fg_amide,F1,lr,8-hydroxyquinoline,0,1,0.6975,1.0
T4,native,qm9s_to_sers,fg_amide,F1,lr,L-alanine,0,31,0.4323,0.4516
T4,native,qm9s_to_sers,fg_amide,F1,lr,L-arginine,0,31,0.4435,0.3871
T4,native,qm9s_to_sers,fg_amide,F1,lr,L-asparagine,1,31,0.4311,0.3226
T4,native,qm9s_to_sers,fg_amide,F1,lr,L-aspartic acid,0,21,0.3855,0.2381
T4,native,qm9s_to_sers,fg_amide,F1,lr,L-cysteine,0,31,0.2869,0.0
T4,native,qm9s_to_sers,fg_amide,F1,lr,L-glutamic acid,0,31,0.6327,0.9677
T4,native,qm9s_to_sers,fg_amide,F1,lr,L-glutamine,1,31,0.3067,0.0
T4,native,qm9s_to_sers,fg_amide,F1,lr,L-glycine,0,51,0.4247,0.3333
T4,native,qm9s_to_sers,fg_amide,F1,lr,L-histidine,0,31,0.2831,0.0
T4,native,qm9s_to_sers,fg_amide,F1,lr,L-isoleucine,0,31,0.4988,0.5806
T4,native,qm9s_to_sers,fg_amide,F1,lr,L-leucine,0,31,0.5149,0.6452
T4,native,qm9s_to_sers,fg_amide,F1,lr,L-lysine,0,31,0.3126,0.0
T4,native,qm9s_to_sers,fg_amide,F1,lr,L-methionine,0,31,0.3254,0.0
T4,native,qm9s_to_sers,fg_amide,F1,lr,L-phenylalanine,0,31,0.2816,0.0
T4,native,qm9s_to_sers,fg_amide,F1,lr,L-proline,0,31,0.299,0.0
T4,native,qm9s_to_sers,fg_amide,F1,lr,L-serine,0,21,0.606,0.7143
T4,native,qm9s_to_sers,fg_amide,F1,lr,L-threonine,0,31,0.3165,0.0
T4,native,qm9s_to_sers,fg_amide,F1,lr,L-tryptophan,0,21,0.7351,0.9524
T4,native,qm9s_to_sers,fg_amide,F1,lr,L-tyrosine,0,31,0.5488,0.8387
T4,native,qm9s_to_sers,fg_amide,F1,lr,L-valine,0,31,0.4583,0.6452
T4,native,qm9s_to_sers,fg_amide,F1,lr,indole+indole-d6,0,4,0.5032,0.5
T4,native,qm9s_to_sers,fg_amide,F1,lr,indole-3-acetic acid,0,1,0.6929,1.0
T4,native,qm9s_to_sers,fg_amide,F1,lr,isatin,1,1,0.4451,0.0
T4,native,qm9s_to_sers,fg_amide,F1,lr,oxindole,1,1,0.5186,1.0
T4,native,qm9s_to_sers,fg_amide,F1,lr,tryptophol,0,1,0.3725,0.0
T4,native,qm9s_to_sers,fg_amide,F1,hgb,8-hydroxyquinoline,0,1,0.7219,1.0
T4,native,qm9s_to_sers,fg_amide,F1,hgb,L-alanine,0,31,0.5964,0.6452
T4,native,qm9s_to_sers,fg_amide,F1,hgb,L-arginine,0,31,0.6228,0.8065
T4,native,qm9s_to_sers,fg_amide,F1,hgb,L-asparagine,1,31,0.5937,0.7742
T4,native,qm9s_to_sers,fg_amide,F1,hgb,L-aspartic acid,0,21,0.3528,0.4286
T4,native,qm9s_to_sers,fg_amide,F1,hgb,L-cysteine,0,31,0.2693,0.0968
T4,native,qm9s_to_sers,fg_amide,F1,hgb,L-glutamic acid,0,31,0.7216,0.8387
T4,native,qm9s_to_sers,fg_amide,F1,hgb,L-glutamine,1,31,0.2869,0.2258
T4,native,qm9s_to_sers,fg_amide,F1,hgb,L-glycine,0,51,0.4575,0.5294
T4,native,qm9s_to_sers,fg_amide,F1,hgb,L-histidine,0,31,0.2778,0.0645
T4,native,qm9s_to_sers,fg_amide,F1,hgb,L-isoleucine,0,31,0.63,0.6452
T4,native,qm9s_to_sers,fg_amide,F1,hgb,L-leucine,0,31,0.6342,0.9677
T4,native,qm9s_to_sers,fg_amide,F1,hgb,L-lysine,0,31,0.5378,0.7742
T4,native,qm9s_to_sers,fg_amide,F1,hgb,L-methionine,0,31,0.3266,0.1935
T4,native,qm9s_to_sers,fg_amide,F1,hgb,L-phenylalanine,0,31,0.2144,0.0645
T4,native,qm9s_to_sers,fg_amide,F1,hgb,L-proline,0,31,0.3212,0.2903
T4,native,qm9s_to_sers,fg_amide,F1,hgb,L-serine,0,21,0.5684,0.5714
T4,native,qm9s_to_sers,fg_amide,F1,hgb,L-threonine,0,31,0.3469,0.3226
T4,native,qm9s_to_sers,fg_amide,F1,hgb,L-tryptophan,0,21,0.3849,0.4762
T4,native,qm9s_to_sers,fg_amide,F1,hgb,L-tyrosine,0,31,0.7352,0.871
T4,native,qm9s_to_sers,fg_amide,F1,hgb,L-valine,0,31,0.5504,0.8387
T4,native,qm9s_to_sers,fg_amide,F1,hgb,indole+indole-d6,0,4,0.3501,0.5
T4,native,qm9s_to_sers,fg_amide,F1,hgb,indole-3-acetic acid,0,1,0.1831,0.0
T4,native,qm9s_to_sers,fg_amide,F1,hgb,isatin,1,1,0.4577,1.0
T4,native,qm9s_to_sers,fg_amide,F1,hgb,oxindole,1,1,0.692,1.0
T4,native,qm9s_to_sers,fg_amide,F1,hgb,tryptophol,0,1,0.2684,0.0
T4,native,qm9s_to_sers,fg_amide,F1,knn,8-hydroxyquinoline,0,1,0.0,0.0
T4,native,qm9s_to_sers,fg_amide,F1,knn,L-alanine,0,31,0.0614,0.3871
T4,native,qm9s_to_sers,fg_amide,F1,knn,L-arginine,0,31,0.1024,0.5161
T4,native,qm9s_to_sers,fg_amide,F1,knn,L-asparagine,1,31,0.0671,0.4839
T4,native,qm9s_to_sers,fg_amide,F1,knn,L-aspartic acid,0,21,0.0411,0.2857
T4,native,qm9s_to_sers,fg_amide,F1,knn,L-cysteine,0,31,0.0892,0.6452
T4,native,qm9s_to_sers,fg_amide,F1,knn,L-glutamic acid,0,31,0.1232,0.7097
T4,native,qm9s_to_sers,fg_amide,F1,knn,L-glutamine,1,31,0.0729,0.5484
T4,native,qm9s_to_sers,fg_amide,F1,knn,L-glycine,0,51,0.0461,0.3137
T4,native,qm9s_to_sers,fg_amide,F1,knn,L-histidine,0,31,0.0641,0.4839
T4,native,qm9s_to_sers,fg_amide,F1,knn,L-isoleucine,0,31,0.0858,0.5161
T4,native,qm9s_to_sers,fg_amide,F1,knn,L-leucine,0,31,0.0886,0.7097
T4,native,qm9s_to_sers,fg_amide,F1,knn,L-lysine,0,31,0.1251,0.8065
T4,native,qm9s_to_sers,fg_amide,F1,knn,L-methionine,0,31,0.075,0.4516
T4,native,qm9s_to_sers,fg_amide,F1,knn,L-phenylalanine,0,31,0.0391,0.3226
T4,native,qm9s_to_sers,fg_amide,F1,knn,L-proline,0,31,0.0481,0.4194
T4,native,qm9s_to_sers,fg_amide,F1,knn,L-serine,0,21,0.0225,0.1905
T4,native,qm9s_to_sers,fg_amide,F1,knn,L-threonine,0,31,0.0695,0.5806
T4,native,qm9s_to_sers,fg_amide,F1,knn,L-tryptophan,0,21,0.1127,0.7143
T4,native,qm9s_to_sers,fg_amide,F1,knn,L-tyrosine,0,31,0.0781,0.4839
T4,native,qm9s_to_sers,fg_amide,F1,knn,L-valine,0,31,0.1878,0.8387
T4,native,qm9s_to_sers,fg_amide,F1,knn,indole+indole-d6,0,4,0.0,0.0
T4,native,qm9s_to_sers,fg_amide,F1,knn,indole-3-acetic acid,0,1,0.0873,0.0
T4,native,qm9s_to_sers,fg_amide,F1,knn,isatin,1,1,0.0,0.0
T4,native,qm9s_to_sers,fg_amide,F1,knn,oxindole,1,1,0.0,0.0
T4,native,qm9s_to_sers,fg_amide,F1,knn,tryptophol,0,1,0.089,0.0
T4,native,qm9s_to_sers,fg_amide,F1pos,majority,8-hydroxyquinoline,0,1,0.0686,0.0
T4,native,qm9s_to_sers,fg_amide,F1pos,majority,L-alanine,0,31,0.0686,0.0
T4,native,qm9s_to_sers,fg_amide,F1pos,majority,L-arginine,0,31,0.0686,0.0
T4,native,qm9s_to_sers,fg_amide,F1pos,majority,L-asparagine,1,31,0.0686,0.0
T4,native,qm9s_to_sers,fg_amide,F1pos,majority,L-aspartic acid,0,21,0.0686,0.0
T4,native,qm9s_to_sers,fg_amide,F1pos,majority,L-cysteine,0,31,0.0686,0.0
T4,native,qm9s_to_sers,fg_amide,F1pos,majority,L-glutamic acid,0,31,0.0686,0.0
T4,native,qm9s_to_sers,fg_amide,F1pos,majority,L-glutamine,1,31,0.0686,0.0
T4,native,qm9s_to_sers,fg_amide,F1pos,majority,L-glycine,0,51,0.0686,0.0
T4,native,qm9s_to_sers,fg_amide,F1pos,majority,L-histidine,0,31,0.0686,0.0
T4,native,qm9s_to_sers,fg_amide,F1pos,majority,L-isoleucine,0,31,0.0686,0.0
T4,native,qm9s_to_sers,fg_amide,F1pos,majority,L-leucine,0,31,0.0686,0.0
T4,native,qm9s_to_sers,fg_amide,F1pos,majority,L-lysine,0,31,0.0686,0.0
T4,native,qm9s_to_sers,fg_amide,F1pos,majority,L-methionine,0,31,0.0686,0.0
T4,native,qm9s_to_sers,fg_amide,F1pos,majority,L-phenylalanine,0,31,0.0686,0.0
T4,native,qm9s_to_sers,fg_amide,F1pos,majority,L-proline,0,31,0.0686,0.0
T4,native,qm9s_to_sers,fg_amide,F1pos,majority,L-serine,0,21,0.0686,0.0
T4,native,qm9s_to_sers,fg_amide,F1pos,majority,L-threonine,0,31,0.0686,0.0
T4,native,qm9s_to_sers,fg_amide,F1pos,majority,L-tryptophan,0,21,0.0686,0.0
T4,native,qm9s_to_sers,fg_amide,F1pos,majority,L-tyrosine,0,31,0.0686,0.0
T4,native,qm9s_to_sers,fg_amide,F1pos,majority,L-valine,0,31,0.0686,0.0
T4,native,qm9s_to_sers,fg_amide,F1pos,majority,indole+indole-d6,0,4,0.0686,0.0
T4,native,qm9s_to_sers,fg_amide,F1pos,majority,indole-3-acetic acid,0,1,0.0686,0.0
T4,native,qm9s_to_sers,fg_amide,F1pos,majority,isatin,1,1,0.0686,0.0
T4,native,qm9s_to_sers,fg_amide,F1pos,majority,oxindole,1,1,0.0686,0.0
T4,native,qm9s_to_sers,fg_amide,F1pos,majority,tryptophol,0,1,0.0686,0.0
T4,native,qm9s_to_sers,fg_amide,F1pos,lr,8-hydroxyquinoline,0,1,0.8683,1.0
T4,native,qm9s_to_sers,fg_amide,F1pos,lr,L-alanine,0,31,0.6157,0.6452
T4,native,qm9s_to_sers,fg_amide,F1pos,lr,L-arginine,0,31,0.6989,0.7419
T4,native,qm9s_to_sers,fg_amide,F1pos,lr,L-asparagine,1,31,0.7727,0.9355
T4,native,qm9s_to_sers,fg_amide,F1pos,lr,L-aspartic acid,0,21,0.4603,0.619
T4,native,qm9s_to_sers,fg_amide,F1pos,lr,L-cysteine,0,31,0.2405,0.129
T4,native,qm9s_to_sers,fg_amide,F1pos,lr,L-glutamic acid,0,31,0.7083,0.7097
T4,native,qm9s_to_sers,fg_amide,F1pos,lr,L-glutamine,1,31,0.3797,0.3226
T4,native,qm9s_to_sers,fg_amide,F1pos,lr,L-glycine,0,51,0.5638,0.549
T4,native,qm9s_to_sers,fg_amide,F1pos,lr,L-histidine,0,31,0.2563,0.129
T4,native,qm9s_to_sers,fg_amide,F1pos,lr,L-isoleucine,0,31,0.6648,0.6774
T4,native,qm9s_to_sers,fg_amide,F1pos,lr,L-leucine,0,31,0.6242,0.9677
T4,native,qm9s_to_sers,fg_amide,F1pos,lr,L-lysine,0,31,0.5999,0.9355
T4,native,qm9s_to_sers,fg_amide,F1pos,lr,L-methionine,0,31,0.3115,0.1935
T4,native,qm9s_to_sers,fg_amide,F1pos,lr,L-phenylalanine,0,31,0.2115,0.0968
T4,native,qm9s_to_sers,fg_amide,F1pos,lr,L-proline,0,31,0.3302,0.3226
T4,native,qm9s_to_sers,fg_amide,F1pos,lr,L-serine,0,21,0.6011,0.8095
T4,native,qm9s_to_sers,fg_amide,F1pos,lr,L-threonine,0,31,0.3858,0.3226
T4,native,qm9s_to_sers,fg_amide,F1pos,lr,L-tryptophan,0,21,0.6052,0.7619
T4,native,qm9s_to_sers,fg_amide,F1pos,lr,L-tyrosine,0,31,0.7684,0.9355
T4,native,qm9s_to_sers,fg_amide,F1pos,lr,L-valine,0,31,0.5773,0.9032
T4,native,qm9s_to_sers,fg_amide,F1pos,lr,indole+indole-d6,0,4,0.5977,0.75
T4,native,qm9s_to_sers,fg_amide,F1pos,lr,indole-3-acetic acid,0,1,0.43,0.0
T4,native,qm9s_to_sers,fg_amide,F1pos,lr,isatin,1,1,0.7138,1.0
T4,native,qm9s_to_sers,fg_amide,F1pos,lr,oxindole,1,1,0.6041,1.0
T4,native,qm9s_to_sers,fg_amide,F1pos,lr,tryptophol,0,1,0.1309,0.0
T4,native,qm9s_to_sers,fg_amide,F1pos,hgb,8-hydroxyquinoline,0,1,0.4569,1.0
T4,native,qm9s_to_sers,fg_amide,F1pos,hgb,L-alanine,0,31,0.6013,0.6452
T4,native,qm9s_to_sers,fg_amide,F1pos,hgb,L-arginine,0,31,0.6397,0.6452
T4,native,qm9s_to_sers,fg_amide,F1pos,hgb,L-asparagine,1,31,0.7349,0.9032
T4,native,qm9s_to_sers,fg_amide,F1pos,hgb,L-aspartic acid,0,21,0.4703,0.5238
T4,native,qm9s_to_sers,fg_amide,F1pos,hgb,L-cysteine,0,31,0.2692,0.1613
T4,native,qm9s_to_sers,fg_amide,F1pos,hgb,L-glutamic acid,0,31,0.6303,0.6774
T4,native,qm9s_to_sers,fg_amide,F1pos,hgb,L-glutamine,1,31,0.3488,0.3226
T4,native,qm9s_to_sers,fg_amide,F1pos,hgb,L-glycine,0,51,0.5305,0.4706
T4,native,qm9s_to_sers,fg_amide,F1pos,hgb,L-histidine,0,31,0.2796,0.129
T4,native,qm9s_to_sers,fg_amide,F1pos,hgb,L-isoleucine,0,31,0.5961,0.6774
T4,native,qm9s_to_sers,fg_amide,F1pos,hgb,L-leucine,0,31,0.3941,0.3226
T4,native,qm9s_to_sers,fg_amide,F1pos,hgb,L-lysine,0,31,0.6158,0.9355
T4,native,qm9s_to_sers,fg_amide,F1pos,hgb,L-methionine,0,31,0.3409,0.1935
T4,native,qm9s_to_sers,fg_amide,F1pos,hgb,L-phenylalanine,0,31,0.2587,0.0968
T4,native,qm9s_to_sers,fg_amide,F1pos,hgb,L-proline,0,31,0.3353,0.3226
T4,native,qm9s_to_sers,fg_amide,F1pos,hgb,L-serine,0,21,0.4137,0.4762
T4,native,qm9s_to_sers,fg_amide,F1pos,hgb,L-threonine,0,31,0.4028,0.3226
T4,native,qm9s_to_sers,fg_amide,F1pos,hgb,L-tryptophan,0,21,0.305,0.0476
T4,native,qm9s_to_sers,fg_amide,F1pos,hgb,L-tyrosine,0,31,0.6547,0.6452
T4,native,qm9s_to_sers,fg_amide,F1pos,hgb,L-valine,0,31,0.4039,0.3226
T4,native,qm9s_to_sers,fg_amide,F1pos,hgb,indole+indole-d6,0,4,0.4626,0.5
T4,native,qm9s_to_sers,fg_amide,F1pos,hgb,indole-3-acetic acid,0,1,0.4011,0.0
T4,native,qm9s_to_sers,fg_amide,F1pos,hgb,isatin,1,1,0.7119,1.0
T4,native,qm9s_to_sers,fg_amide,F1pos,hgb,oxindole,1,1,0.6749,1.0
T4,native,qm9s_to_sers,fg_amide,F1pos,hgb,tryptophol,0,1,0.2211,0.0
T4,native,qm9s_to_sers,fg_amide,F1pos,knn,8-hydroxyquinoline,0,1,0.0,0.0
T4,native,qm9s_to_sers,fg_amide,F1pos,knn,L-alanine,0,31,0.0865,0.5484
T4,native,qm9s_to_sers,fg_amide,F1pos,knn,L-arginine,0,31,0.0954,0.6452
T4,native,qm9s_to_sers,fg_amide,F1pos,knn,L-asparagine,1,31,0.0735,0.4516
T4,native,qm9s_to_sers,fg_amide,F1pos,knn,L-aspartic acid,0,21,0.0328,0.3333
T4,native,qm9s_to_sers,fg_amide,F1pos,knn,L-cysteine,0,31,0.0445,0.3871
T4,native,qm9s_to_sers,fg_amide,F1pos,knn,L-glutamic acid,0,31,0.0916,0.4516
T4,native,qm9s_to_sers,fg_amide,F1pos,knn,L-glutamine,1,31,0.0575,0.4839
T4,native,qm9s_to_sers,fg_amide,F1pos,knn,L-glycine,0,51,0.061,0.3529
T4,native,qm9s_to_sers,fg_amide,F1pos,knn,L-histidine,0,31,0.0253,0.1613
T4,native,qm9s_to_sers,fg_amide,F1pos,knn,L-isoleucine,0,31,0.0347,0.2903
T4,native,qm9s_to_sers,fg_amide,F1pos,knn,L-leucine,0,31,0.0162,0.1613
T4,native,qm9s_to_sers,fg_amide,F1pos,knn,L-lysine,0,31,0.0833,0.6452
T4,native,qm9s_to_sers,fg_amide,F1pos,knn,L-methionine,0,31,0.0615,0.4194
T4,native,qm9s_to_sers,fg_amide,F1pos,knn,L-phenylalanine,0,31,0.0096,0.0645
T4,native,qm9s_to_sers,fg_amide,F1pos,knn,L-proline,0,31,0.0192,0.1613
T4,native,qm9s_to_sers,fg_amide,F1pos,knn,L-serine,0,21,0.1009,0.7143
T4,native,qm9s_to_sers,fg_amide,F1pos,knn,L-threonine,0,31,0.0448,0.3548
T4,native,qm9s_to_sers,fg_amide,F1pos,knn,L-tryptophan,0,21,0.1234,0.5238
T4,native,qm9s_to_sers,fg_amide,F1pos,knn,L-tyrosine,0,31,0.1279,0.6129
T4,native,qm9s_to_sers,fg_amide,F1pos,knn,L-valine,0,31,0.1023,0.8065
T4,native,qm9s_to_sers,fg_amide,F1pos,knn,indole+indole-d6,0,4,0.1041,0.75
T4,native,qm9s_to_sers,fg_amide,F1pos,knn,indole-3-acetic acid,0,1,0.212,1.0
T4,native,qm9s_to_sers,fg_amide,F1pos,knn,isatin,1,1,0.0962,1.0
T4,native,qm9s_to_sers,fg_amide,F1pos,knn,oxindole,1,1,0.0,0.0
T4,native,qm9s_to_sers,fg_amide,F1pos,knn,tryptophol,0,1,0.0,0.0
T4,native,qm9s_to_sers,fg_amide,F2,majority,8-hydroxyquinoline,0,1,0.0686,0.0
T4,native,qm9s_to_sers,fg_amide,F2,majority,L-alanine,0,31,0.0686,0.0
T4,native,qm9s_to_sers,fg_amide,F2,majority,L-arginine,0,31,0.0686,0.0
T4,native,qm9s_to_sers,fg_amide,F2,majority,L-asparagine,1,31,0.0686,0.0
T4,native,qm9s_to_sers,fg_amide,F2,majority,L-aspartic acid,0,21,0.0686,0.0
T4,native,qm9s_to_sers,fg_amide,F2,majority,L-cysteine,0,31,0.0686,0.0
T4,native,qm9s_to_sers,fg_amide,F2,majority,L-glutamic acid,0,31,0.0686,0.0
T4,native,qm9s_to_sers,fg_amide,F2,majority,L-glutamine,1,31,0.0686,0.0
T4,native,qm9s_to_sers,fg_amide,F2,majority,L-glycine,0,51,0.0686,0.0
T4,native,qm9s_to_sers,fg_amide,F2,majority,L-histidine,0,31,0.0686,0.0
T4,native,qm9s_to_sers,fg_amide,F2,majority,L-isoleucine,0,31,0.0686,0.0
T4,native,qm9s_to_sers,fg_amide,F2,majority,L-leucine,0,31,0.0686,0.0
T4,native,qm9s_to_sers,fg_amide,F2,majority,L-lysine,0,31,0.0686,0.0
T4,native,qm9s_to_sers,fg_amide,F2,majority,L-methionine,0,31,0.0686,0.0
T4,native,qm9s_to_sers,fg_amide,F2,majority,L-phenylalanine,0,31,0.0686,0.0
T4,native,qm9s_to_sers,fg_amide,F2,majority,L-proline,0,31,0.0686,0.0
T4,native,qm9s_to_sers,fg_amide,F2,majority,L-serine,0,21,0.0686,0.0
T4,native,qm9s_to_sers,fg_amide,F2,majority,L-threonine,0,31,0.0686,0.0
T4,native,qm9s_to_sers,fg_amide,F2,majority,L-tryptophan,0,21,0.0686,0.0
T4,native,qm9s_to_sers,fg_amide,F2,majority,L-tyrosine,0,31,0.0686,0.0
T4,native,qm9s_to_sers,fg_amide,F2,majority,L-valine,0,31,0.0686,0.0
T4,native,qm9s_to_sers,fg_amide,F2,majority,indole+indole-d6,0,4,0.0686,0.0
T4,native,qm9s_to_sers,fg_amide,F2,majority,indole-3-acetic acid,0,1,0.0686,0.0
T4,native,qm9s_to_sers,fg_amide,F2,majority,isatin,1,1,0.0686,0.0
T4,native,qm9s_to_sers,fg_amide,F2,majority,oxindole,1,1,0.0686,0.0
T4,native,qm9s_to_sers,fg_amide,F2,majority,tryptophol,0,1,0.0686,0.0
T4,native,qm9s_to_sers,fg_amide,F2,lr,8-hydroxyquinoline,0,1,0.9651,1.0
T4,native,qm9s_to_sers,fg_amide,F2,lr,L-alanine,0,31,0.5654,0.9032
T4,native,qm9s_to_sers,fg_amide,F2,lr,L-arginine,0,31,0.5413,0.9677
T4,native,qm9s_to_sers,fg_amide,F2,lr,L-asparagine,1,31,0.5567,0.9677
T4,native,qm9s_to_sers,fg_amide,F2,lr,L-aspartic acid,0,21,0.5453,0.5238
T4,native,qm9s_to_sers,fg_amide,F2,lr,L-cysteine,0,31,0.3653,0.129
T4,native,qm9s_to_sers,fg_amide,F2,lr,L-glutamic acid,0,31,0.8031,0.9677
T4,native,qm9s_to_sers,fg_amide,F2,lr,L-glutamine,1,31,0.4191,0.4516
T4,native,qm9s_to_sers,fg_amide,F2,lr,L-glycine,0,51,0.5001,0.549
T4,native,qm9s_to_sers,fg_amide,F2,lr,L-histidine,0,31,0.3504,0.0
T4,native,qm9s_to_sers,fg_amide,F2,lr,L-isoleucine,0,31,0.6499,0.9355
T4,native,qm9s_to_sers,fg_amide,F2,lr,L-leucine,0,31,0.577,0.9677
T4,native,qm9s_to_sers,fg_amide,F2,lr,L-lysine,0,31,0.426,0.9032
T4,native,qm9s_to_sers,fg_amide,F2,lr,L-methionine,0,31,0.4616,0.7742
T4,native,qm9s_to_sers,fg_amide,F2,lr,L-phenylalanine,0,31,0.353,0.0968
T4,native,qm9s_to_sers,fg_amide,F2,lr,L-proline,0,31,0.4105,0.3226
T4,native,qm9s_to_sers,fg_amide,F2,lr,L-serine,0,21,0.7334,0.9524
T4,native,qm9s_to_sers,fg_amide,F2,lr,L-threonine,0,31,0.4251,0.3226
T4,native,qm9s_to_sers,fg_amide,F2,lr,L-tryptophan,0,21,0.6519,0.9524
T4,native,qm9s_to_sers,fg_amide,F2,lr,L-tyrosine,0,31,0.6421,0.9677
T4,native,qm9s_to_sers,fg_amide,F2,lr,L-valine,0,31,0.4698,0.9355
T4,native,qm9s_to_sers,fg_amide,F2,lr,indole+indole-d6,0,4,0.6376,0.75
T4,native,qm9s_to_sers,fg_amide,F2,lr,indole-3-acetic acid,0,1,0.9776,1.0
T4,native,qm9s_to_sers,fg_amide,F2,lr,isatin,1,1,0.6954,1.0
T4,native,qm9s_to_sers,fg_amide,F2,lr,oxindole,1,1,0.6287,1.0
T4,native,qm9s_to_sers,fg_amide,F2,lr,tryptophol,0,1,0.5022,1.0
T4,native,qm9s_to_sers,fg_amide,F2,hgb,8-hydroxyquinoline,0,1,0.9164,1.0
T4,native,qm9s_to_sers,fg_amide,F2,hgb,L-alanine,0,31,0.67,0.871
T4,native,qm9s_to_sers,fg_amide,F2,hgb,L-arginine,0,31,0.6003,0.6774
T4,native,qm9s_to_sers,fg_amide,F2,hgb,L-asparagine,1,31,0.711,0.9032
T4,native,qm9s_to_sers,fg_amide,F2,hgb,L-aspartic acid,0,21,0.3787,0.6667
T4,native,qm9s_to_sers,fg_amide,F2,hgb,L-cysteine,0,31,0.374,0.4194
T4,native,qm9s_to_sers,fg_amide,F2,hgb,L-glutamic acid,0,31,0.6802,0.9677
T4,native,qm9s_to_sers,fg_amide,F2,hgb,L-glutamine,1,31,0.4348,0.5484
T4,native,qm9s_to_sers,fg_amide,F2,hgb,L-glycine,0,51,0.5374,0.6471
T4,native,qm9s_to_sers,fg_amide,F2,hgb,L-histidine,0,31,0.243,0.2258
T4,native,qm9s_to_sers,fg_amide,F2,hgb,L-isoleucine,0,31,0.646,0.8387
T4,native,qm9s_to_sers,fg_amide,F2,hgb,L-leucine,0,31,0.4508,0.7742
T4,native,qm9s_to_sers,fg_amide,F2,hgb,L-lysine,0,31,0.6069,0.9677
T4,native,qm9s_to_sers,fg_amide,F2,hgb,L-methionine,0,31,0.3626,0.4516
T4,native,qm9s_to_sers,fg_amide,F2,hgb,L-phenylalanine,0,31,0.3296,0.4194
T4,native,qm9s_to_sers,fg_amide,F2,hgb,L-proline,0,31,0.4024,0.4516
T4,native,qm9s_to_sers,fg_amide,F2,hgb,L-serine,0,21,0.6334,0.9524
T4,native,qm9s_to_sers,fg_amide,F2,hgb,L-threonine,0,31,0.4301,0.6774
T4,native,qm9s_to_sers,fg_amide,F2,hgb,L-tryptophan,0,21,0.613,0.9048
T4,native,qm9s_to_sers,fg_amide,F2,hgb,L-tyrosine,0,31,0.6717,0.6774
T4,native,qm9s_to_sers,fg_amide,F2,hgb,L-valine,0,31,0.3968,0.4194
T4,native,qm9s_to_sers,fg_amide,F2,hgb,indole+indole-d6,0,4,0.7852,1.0
T4,native,qm9s_to_sers,fg_amide,F2,hgb,indole-3-acetic acid,0,1,0.9238,1.0
T4,native,qm9s_to_sers,fg_amide,F2,hgb,isatin,1,1,0.8411,1.0
T4,native,qm9s_to_sers,fg_amide,F2,hgb,oxindole,1,1,0.9194,1.0
T4,native,qm9s_to_sers,fg_amide,F2,hgb,tryptophol,0,1,0.2646,0.0
T4,native,qm9s_to_sers,fg_amide,F2,knn,8-hydroxyquinoline,0,1,0.0911,0.0
T4,native,qm9s_to_sers,fg_amide,F2,knn,L-alanine,0,31,0.143,0.7419
T4,native,qm9s_to_sers,fg_amide,F2,knn,L-arginine,0,31,0.1809,0.9677
T4,native,qm9s_to_sers,fg_amide,F2,knn,L-asparagine,1,31,0.1612,0.8065
T4,native,qm9s_to_sers,fg_amide,F2,knn,L-aspartic acid,0,21,0.0851,0.4762
T4,native,qm9s_to_sers,fg_amide,F2,knn,L-cysteine,0,31,0.0875,0.6129
T4,native,qm9s_to_sers,fg_amide,F2,knn,L-glutamic acid,0,31,0.0662,0.3226
T4,native,qm9s_to_sers,fg_amide,F2,knn,L-glutamine,1,31,0.1218,0.7097
T4,native,qm9s_to_sers,fg_amide,F2,knn,L-glycine,0,51,0.1139,0.6471
T4,native,qm9s_to_sers,fg_amide,F2,knn,L-histidine,0,31,0.1172,0.6452
T4,native,qm9s_to_sers,fg_amide,F2,knn,L-isoleucine,0,31,0.078,0.5161
T4,native,qm9s_to_sers,fg_amide,F2,knn,L-leucine,0,31,0.1895,0.9677
T4,native,qm9s_to_sers,fg_amide,F2,knn,L-lysine,0,31,0.108,0.7097
T4,native,qm9s_to_sers,fg_amide,F2,knn,L-methionine,0,31,0.0414,0.3226
T4,native,qm9s_to_sers,fg_amide,F2,knn,L-phenylalanine,0,31,0.0919,0.8387
T4,native,qm9s_to_sers,fg_amide,F2,knn,L-proline,0,31,0.0839,0.5484
T4,native,qm9s_to_sers,fg_amide,F2,knn,L-serine,0,21,0.0468,0.4762
T4,native,qm9s_to_sers,fg_amide,F2,knn,L-threonine,0,31,0.1438,0.7097
T4,native,qm9s_to_sers,fg_amide,F2,knn,L-tryptophan,0,21,0.1415,0.9524
T4,native,qm9s_to_sers,fg_amide,F2,knn,L-tyrosine,0,31,0.1482,0.8387
T4,native,qm9s_to_sers,fg_amide,F2,knn,L-valine,0,31,0.0987,0.7097
T4,native,qm9s_to_sers,fg_amide,F2,knn,indole+indole-d6,0,4,0.0,0.0
T4,native,qm9s_to_sers,fg_amide,F2,knn,indole-3-acetic acid,0,1,0.091,0.0
T4,native,qm9s_to_sers,fg_amide,F2,knn,isatin,1,1,0.3941,1.0
T4,native,qm9s_to_sers,fg_amide,F2,knn,oxindole,1,1,0.0974,1.0
T4,native,qm9s_to_sers,fg_amide,F2,knn,tryptophol,0,1,0.0953,1.0
T4,native,qm9s_to_sers,fg_amide,F3,majority,8-hydroxyquinoline,0,1,0.0686,0.0
T4,native,qm9s_to_sers,fg_amide,F3,majority,L-alanine,0,31,0.0686,0.0
T4,native,qm9s_to_sers,fg_amide,F3,majority,L-arginine,0,31,0.0686,0.0
T4,native,qm9s_to_sers,fg_amide,F3,majority,L-asparagine,1,31,0.0686,0.0
T4,native,qm9s_to_sers,fg_amide,F3,majority,L-aspartic acid,0,21,0.0686,0.0
T4,native,qm9s_to_sers,fg_amide,F3,majority,L-cysteine,0,31,0.0686,0.0
T4,native,qm9s_to_sers,fg_amide,F3,majority,L-glutamic acid,0,31,0.0686,0.0
T4,native,qm9s_to_sers,fg_amide,F3,majority,L-glutamine,1,31,0.0686,0.0
T4,native,qm9s_to_sers,fg_amide,F3,majority,L-glycine,0,51,0.0686,0.0
T4,native,qm9s_to_sers,fg_amide,F3,majority,L-histidine,0,31,0.0686,0.0
T4,native,qm9s_to_sers,fg_amide,F3,majority,L-isoleucine,0,31,0.0686,0.0
T4,native,qm9s_to_sers,fg_amide,F3,majority,L-leucine,0,31,0.0686,0.0
T4,native,qm9s_to_sers,fg_amide,F3,majority,L-lysine,0,31,0.0686,0.0
T4,native,qm9s_to_sers,fg_amide,F3,majority,L-methionine,0,31,0.0686,0.0
T4,native,qm9s_to_sers,fg_amide,F3,majority,L-phenylalanine,0,31,0.0686,0.0
T4,native,qm9s_to_sers,fg_amide,F3,majority,L-proline,0,31,0.0686,0.0
T4,native,qm9s_to_sers,fg_amide,F3,majority,L-serine,0,21,0.0686,0.0
T4,native,qm9s_to_sers,fg_amide,F3,majority,L-threonine,0,31,0.0686,0.0
T4,native,qm9s_to_sers,fg_amide,F3,majority,L-tryptophan,0,21,0.0686,0.0
T4,native,qm9s_to_sers,fg_amide,F3,majority,L-tyrosine,0,31,0.0686,0.0
T4,native,qm9s_to_sers,fg_amide,F3,majority,L-valine,0,31,0.0686,0.0
T4,native,qm9s_to_sers,fg_amide,F3,majority,indole+indole-d6,0,4,0.0686,0.0
T4,native,qm9s_to_sers,fg_amide,F3,majority,indole-3-acetic acid,0,1,0.0686,0.0
T4,native,qm9s_to_sers,fg_amide,F3,majority,isatin,1,1,0.0686,0.0
T4,native,qm9s_to_sers,fg_amide,F3,majority,oxindole,1,1,0.0686,0.0
T4,native,qm9s_to_sers,fg_amide,F3,majority,tryptophol,0,1,0.0686,0.0
T4,native,qm9s_to_sers,fg_amide,F3,lr,8-hydroxyquinoline,0,1,0.8825,1.0
T4,native,qm9s_to_sers,fg_amide,F3,lr,L-alanine,0,31,0.5167,0.6452
T4,native,qm9s_to_sers,fg_amide,F3,lr,L-arginine,0,31,0.4746,0.4839
T4,native,qm9s_to_sers,fg_amide,F3,lr,L-asparagine,1,31,0.4525,0.4839
T4,native,qm9s_to_sers,fg_amide,F3,lr,L-aspartic acid,0,21,0.4068,0.4286
T4,native,qm9s_to_sers,fg_amide,F3,lr,L-cysteine,0,31,0.3682,0.0645
T4,native,qm9s_to_sers,fg_amide,F3,lr,L-glutamic acid,0,31,0.7616,0.9677
T4,native,qm9s_to_sers,fg_amide,F3,lr,L-glutamine,1,31,0.3317,0.0
T4,native,qm9s_to_sers,fg_amide,F3,lr,L-glycine,0,51,0.4433,0.5098
T4,native,qm9s_to_sers,fg_amide,F3,lr,L-histidine,0,31,0.3101,0.0
T4,native,qm9s_to_sers,fg_amide,F3,lr,L-isoleucine,0,31,0.5802,0.6774
T4,native,qm9s_to_sers,fg_amide,F3,lr,L-leucine,0,31,0.4991,0.6452
T4,native,qm9s_to_sers,fg_amide,F3,lr,L-lysine,0,31,0.3286,0.0
T4,native,qm9s_to_sers,fg_amide,F3,lr,L-methionine,0,31,0.4604,0.3871
T4,native,qm9s_to_sers,fg_amide,F3,lr,L-phenylalanine,0,31,0.2796,0.0
T4,native,qm9s_to_sers,fg_amide,F3,lr,L-proline,0,31,0.3268,0.0
T4,native,qm9s_to_sers,fg_amide,F3,lr,L-serine,0,21,0.7263,0.9524
T4,native,qm9s_to_sers,fg_amide,F3,lr,L-threonine,0,31,0.342,0.0
T4,native,qm9s_to_sers,fg_amide,F3,lr,L-tryptophan,0,21,0.7007,0.9524
T4,native,qm9s_to_sers,fg_amide,F3,lr,L-tyrosine,0,31,0.5758,0.7742
T4,native,qm9s_to_sers,fg_amide,F3,lr,L-valine,0,31,0.3758,0.0
T4,native,qm9s_to_sers,fg_amide,F3,lr,indole+indole-d6,0,4,0.6969,0.75
T4,native,qm9s_to_sers,fg_amide,F3,lr,indole-3-acetic acid,0,1,0.881,1.0
T4,native,qm9s_to_sers,fg_amide,F3,lr,isatin,1,1,0.5206,1.0
T4,native,qm9s_to_sers,fg_amide,F3,lr,oxindole,1,1,0.6925,1.0
T4,native,qm9s_to_sers,fg_amide,F3,lr,tryptophol,0,1,0.4693,1.0
T4,native,qm9s_to_sers,fg_amide,F3,hgb,8-hydroxyquinoline,0,1,0.5258,1.0
T4,native,qm9s_to_sers,fg_amide,F3,hgb,L-alanine,0,31,0.7038,1.0
T4,native,qm9s_to_sers,fg_amide,F3,hgb,L-arginine,0,31,0.5481,0.871
T4,native,qm9s_to_sers,fg_amide,F3,hgb,L-asparagine,1,31,0.5799,0.9677
T4,native,qm9s_to_sers,fg_amide,F3,hgb,L-aspartic acid,0,21,0.4129,0.7143
T4,native,qm9s_to_sers,fg_amide,F3,hgb,L-cysteine,0,31,0.7632,1.0
T4,native,qm9s_to_sers,fg_amide,F3,hgb,L-glutamic acid,0,31,0.6804,0.9677
T4,native,qm9s_to_sers,fg_amide,F3,hgb,L-glutamine,1,31,0.55,0.9355
T4,native,qm9s_to_sers,fg_amide,F3,hgb,L-glycine,0,51,0.5452,0.9216
T4,native,qm9s_to_sers,fg_amide,F3,hgb,L-histidine,0,31,0.5959,0.9355
T4,native,qm9s_to_sers,fg_amide,F3,hgb,L-isoleucine,0,31,0.6837,1.0
T4,native,qm9s_to_sers,fg_amide,F3,hgb,L-leucine,0,31,0.4655,0.9355
T4,native,qm9s_to_sers,fg_amide,F3,hgb,L-lysine,0,31,0.4927,1.0
T4,native,qm9s_to_sers,fg_amide,F3,hgb,L-methionine,0,31,0.7902,1.0
T4,native,qm9s_to_sers,fg_amide,F3,hgb,L-phenylalanine,0,31,0.4333,0.8387
T4,native,qm9s_to_sers,fg_amide,F3,hgb,L-proline,0,31,0.4905,0.9677
T4,native,qm9s_to_sers,fg_amide,F3,hgb,L-serine,0,21,0.6046,0.9524
T4,native,qm9s_to_sers,fg_amide,F3,hgb,L-threonine,0,31,0.5633,0.9677
T4,native,qm9s_to_sers,fg_amide,F3,hgb,L-tryptophan,0,21,0.3268,0.4762
T4,native,qm9s_to_sers,fg_amide,F3,hgb,L-tyrosine,0,31,0.5784,0.871
T4,native,qm9s_to_sers,fg_amide,F3,hgb,L-valine,0,31,0.4337,0.8065
T4,native,qm9s_to_sers,fg_amide,F3,hgb,indole+indole-d6,0,4,0.287,0.5
T4,native,qm9s_to_sers,fg_amide,F3,hgb,indole-3-acetic acid,0,1,0.762,1.0
T4,native,qm9s_to_sers,fg_amide,F3,hgb,isatin,1,1,0.2255,0.0
T4,native,qm9s_to_sers,fg_amide,F3,hgb,oxindole,1,1,0.3617,1.0
T4,native,qm9s_to_sers,fg_amide,F3,hgb,tryptophol,0,1,0.2145,0.0
T4,native,qm9s_to_sers,fg_amide,F3,knn,8-hydroxyquinoline,0,1,0.1032,1.0
T4,native,qm9s_to_sers,fg_amide,F3,knn,L-alanine,0,31,0.021,0.0645
T4,native,qm9s_to_sers,fg_amide,F3,knn,L-arginine,0,31,0.039,0.3226
T4,native,qm9s_to_sers,fg_amide,F3,knn,L-asparagine,1,31,0.0232,0.0
T4,native,qm9s_to_sers,fg_amide,F3,knn,L-aspartic acid,0,21,0.0088,0.0
T4,native,qm9s_to_sers,fg_amide,F3,knn,L-cysteine,0,31,0.0311,0.3226
T4,native,qm9s_to_sers,fg_amide,F3,knn,L-glutamic acid,0,31,0.0407,0.3226
T4,native,qm9s_to_sers,fg_amide,F3,knn,L-glutamine,1,31,0.006,0.0
T4,native,qm9s_to_sers,fg_amide,F3,knn,L-glycine,0,51,0.02,0.0196
T4,native,qm9s_to_sers,fg_amide,F3,knn,L-histidine,0,31,0.0,0.0
T4,native,qm9s_to_sers,fg_amide,F3,knn,L-isoleucine,0,31,0.0363,0.1613
T4,native,qm9s_to_sers,fg_amide,F3,knn,L-leucine,0,31,0.127,0.6452
T4,native,qm9s_to_sers,fg_amide,F3,knn,L-lysine,0,31,0.003,0.0
T4,native,qm9s_to_sers,fg_amide,F3,knn,L-methionine,0,31,0.0031,0.0323
T4,native,qm9s_to_sers,fg_amide,F3,knn,L-phenylalanine,0,31,0.003,0.0323
T4,native,qm9s_to_sers,fg_amide,F3,knn,L-proline,0,31,0.0,0.0
T4,native,qm9s_to_sers,fg_amide,F3,knn,L-serine,0,21,0.1235,0.7619
T4,native,qm9s_to_sers,fg_amide,F3,knn,L-threonine,0,31,0.0062,0.0645
T4,native,qm9s_to_sers,fg_amide,F3,knn,L-tryptophan,0,21,0.1774,0.9524
T4,native,qm9s_to_sers,fg_amide,F3,knn,L-tyrosine,0,31,0.0578,0.3871
T4,native,qm9s_to_sers,fg_amide,F3,knn,L-valine,0,31,0.0756,0.6774
T4,native,qm9s_to_sers,fg_amide,F3,knn,indole+indole-d6,0,4,0.0491,0.5
T4,native,qm9s_to_sers,fg_amide,F3,knn,indole-3-acetic acid,0,1,0.1049,1.0
T4,native,qm9s_to_sers,fg_amide,F3,knn,isatin,1,1,0.1025,1.0
T4,native,qm9s_to_sers,fg_amide,F3,knn,oxindole,1,1,0.0,0.0
T4,native,qm9s_to_sers,fg_amide,F3,knn,tryptophol,0,1,0.0,0.0
T4,native,qm9s_to_sers,fg_hydroxyl_aliphatic,F1,majority,8-hydroxyquinoline,0,1,0.2887,0.0
T4,native,qm9s_to_sers,fg_hydroxyl_aliphatic,F1,majority,L-alanine,0,31,0.2887,0.0
T4,native,qm9s_to_sers,fg_hydroxyl_aliphatic,F1,majority,L-arginine,0,31,0.2887,0.0
T4,native,qm9s_to_sers,fg_hydroxyl_aliphatic,F1,majority,L-asparagine,0,31,0.2887,0.0
T4,native,qm9s_to_sers,fg_hydroxyl_aliphatic,F1,majority,L-aspartic acid,0,21,0.2887,0.0
T4,native,qm9s_to_sers,fg_hydroxyl_aliphatic,F1,majority,L-cysteine,0,31,0.2887,0.0
T4,native,qm9s_to_sers,fg_hydroxyl_aliphatic,F1,majority,L-glutamic acid,0,31,0.2887,0.0
T4,native,qm9s_to_sers,fg_hydroxyl_aliphatic,F1,majority,L-glutamine,0,31,0.2887,0.0
T4,native,qm9s_to_sers,fg_hydroxyl_aliphatic,F1,majority,L-glycine,0,51,0.2887,0.0
T4,native,qm9s_to_sers,fg_hydroxyl_aliphatic,F1,majority,L-histidine,0,31,0.2887,0.0
T4,native,qm9s_to_sers,fg_hydroxyl_aliphatic,F1,majority,L-isoleucine,0,31,0.2887,0.0
T4,native,qm9s_to_sers,fg_hydroxyl_aliphatic,F1,majority,L-leucine,0,31,0.2887,0.0
T4,native,qm9s_to_sers,fg_hydroxyl_aliphatic,F1,majority,L-lysine,0,31,0.2887,0.0
T4,native,qm9s_to_sers,fg_hydroxyl_aliphatic,F1,majority,L-methionine,0,31,0.2887,0.0
T4,native,qm9s_to_sers,fg_hydroxyl_aliphatic,F1,majority,L-phenylalanine,0,31,0.2887,0.0
T4,native,qm9s_to_sers,fg_hydroxyl_aliphatic,F1,majority,L-proline,0,31,0.2887,0.0
T4,native,qm9s_to_sers,fg_hydroxyl_aliphatic,F1,majority,L-serine,1,21,0.2887,0.0
T4,native,qm9s_to_sers,fg_hydroxyl_aliphatic,F1,majority,L-threonine,1,31,0.2887,0.0
T4,native,qm9s_to_sers,fg_hydroxyl_aliphatic,F1,majority,L-tryptophan,0,21,0.2887,0.0
T4,native,qm9s_to_sers,fg_hydroxyl_aliphatic,F1,majority,L-tyrosine,0,31,0.2887,0.0
T4,native,qm9s_to_sers,fg_hydroxyl_aliphatic,F1,majority,L-valine,0,31,0.2887,0.0
T4,native,qm9s_to_sers,fg_hydroxyl_aliphatic,F1,majority,indole+indole-d6,0,4,0.2887,0.0
T4,native,qm9s_to_sers,fg_hydroxyl_aliphatic,F1,majority,indole-3-acetic acid,0,1,0.2887,0.0
T4,native,qm9s_to_sers,fg_hydroxyl_aliphatic,F1,majority,isatin,0,1,0.2887,0.0
T4,native,qm9s_to_sers,fg_hydroxyl_aliphatic,F1,majority,oxindole,0,1,0.2887,0.0
T4,native,qm9s_to_sers,fg_hydroxyl_aliphatic,F1,majority,tryptophol,1,1,0.2887,0.0
T4,native,qm9s_to_sers,fg_hydroxyl_aliphatic,F1,lr,8-hydroxyquinoline,0,1,0.4366,0.0
T4,native,qm9s_to_sers,fg_hydroxyl_aliphatic,F1,lr,L-alanine,0,31,0.3967,0.0
T4,native,qm9s_to_sers,fg_hydroxyl_aliphatic,F1,lr,L-arginine,0,31,0.3849,0.0
T4,native,qm9s_to_sers,fg_hydroxyl_aliphatic,F1,lr,L-asparagine,0,31,0.3816,0.0
T4,native,qm9s_to_sers,fg_hydroxyl_aliphatic,F1,lr,L-aspartic acid,0,21,0.4301,0.381
T4,native,qm9s_to_sers,fg_hydroxyl_aliphatic,F1,lr,L-cysteine,0,31,0.4171,0.0968
T4,native,qm9s_to_sers,fg_hydroxyl_aliphatic,F1,lr,L-glutamic acid,0,31,0.4422,0.3226
T4,native,qm9s_to_sers,fg_hydroxyl_aliphatic,F1,lr,L-glutamine,0,31,0.3921,0.0
T4,native,qm9s_to_sers,fg_hydroxyl_aliphatic,F1,lr,L-glycine,0,51,0.3815,0.0
T4,native,qm9s_to_sers,fg_hydroxyl_aliphatic,F1,lr,L-histidine,0,31,0.3826,0.0
T4,native,qm9s_to_sers,fg_hydroxyl_aliphatic,F1,lr,L-isoleucine,0,31,0.3867,0.0
T4,native,qm9s_to_sers,fg_hydroxyl_aliphatic,F1,lr,L-leucine,0,31,0.376,0.0
T4,native,qm9s_to_sers,fg_hydroxyl_aliphatic,F1,lr,L-lysine,0,31,0.3647,0.0
T4,native,qm9s_to_sers,fg_hydroxyl_aliphatic,F1,lr,L-methionine,0,31,0.3821,0.0968
T4,native,qm9s_to_sers,fg_hydroxyl_aliphatic,F1,lr,L-phenylalanine,0,31,0.3939,0.0323
T4,native,qm9s_to_sers,fg_hydroxyl_aliphatic,F1,lr,L-proline,0,31,0.3875,0.0
T4,native,qm9s_to_sers,fg_hydroxyl_aliphatic,F1,lr,L-serine,1,21,0.4144,0.1905
T4,native,qm9s_to_sers,fg_hydroxyl_aliphatic,F1,lr,L-threonine,1,31,0.3881,0.0
T4,native,qm9s_to_sers,fg_hydroxyl_aliphatic,F1,lr,L-tryptophan,0,21,0.3756,0.3333
T4,native,qm9s_to_sers,fg_hydroxyl_aliphatic,F1,lr,L-tyrosine,0,31,0.3795,0.0323
T4,native,qm9s_to_sers,fg_hydroxyl_aliphatic,F1,lr,L-valine,0,31,0.3795,0.0
T4,native,qm9s_to_sers,fg_hydroxyl_aliphatic,F1,lr,indole+indole-d6,0,4,0.3596,0.25
T4,native,qm9s_to_sers,fg_hydroxyl_aliphatic,F1,lr,indole-3-acetic acid,0,1,0.383,0.0
T4,native,qm9s_to_sers,fg_hydroxyl_aliphatic,F1,lr,isatin,0,1,0.5892,1.0
T4,native,qm9s_to_sers,fg_hydroxyl_aliphatic,F1,lr,oxindole,0,1,0.578,1.0
T4,native,qm9s_to_sers,fg_hydroxyl_aliphatic,F1,lr,tryptophol,1,1,0.4559,1.0
T4,native,qm9s_to_sers,fg_hydroxyl_aliphatic,F1,hgb,8-hydroxyquinoline,0,1,0.4663,0.0
T4,native,qm9s_to_sers,fg_hydroxyl_aliphatic,F1,hgb,L-alanine,0,31,0.2919,0.0
T4,native,qm9s_to_sers,fg_hydroxyl_aliphatic,F1,hgb,L-arginine,0,31,0.2691,0.0
T4,native,qm9s_to_sers,fg_hydroxyl_aliphatic,F1,hgb,L-asparagine,0,31,0.2487,0.0
T4,native,qm9s_to_sers,fg_hydroxyl_aliphatic,F1,hgb,L-aspartic acid,0,21,0.2247,0.0
T4,native,qm9s_to_sers,fg_hydroxyl_aliphatic,F1,hgb,L-cysteine,0,31,0.3043,0.0
T4,native,qm9s_to_sers,fg_hydroxyl_aliphatic,F1,hgb,L-glutamic acid,0,31,0.2879,0.0
T4,native,qm9s_to_sers,fg_hydroxyl_aliphatic,F1,hgb,L-glutamine,0,31,0.2786,0.0
T4,native,qm9s_to_sers,fg_hydroxyl_aliphatic,F1,hgb,L-glycine,0,51,0.266,0.0
T4,native,qm9s_to_sers,fg_hydroxyl_aliphatic,F1,hgb,L-histidine,0,31,0.1783,0.0
T4,native,qm9s_to_sers,fg_hydroxyl_aliphatic,F1,hgb,L-isoleucine,0,31,0.2663,0.0
T4,native,qm9s_to_sers,fg_hydroxyl_aliphatic,F1,hgb,L-leucine,0,31,0.2369,0.0
T4,native,qm9s_to_sers,fg_hydroxyl_aliphatic,F1,hgb,L-lysine,0,31,0.1476,0.0
T4,native,qm9s_to_sers,fg_hydroxyl_aliphatic,F1,hgb,L-methionine,0,31,0.2257,0.0
T4,native,qm9s_to_sers,fg_hydroxyl_aliphatic,F1,hgb,L-phenylalanine,0,31,0.2238,0.0323
T4,native,qm9s_to_sers,fg_hydroxyl_aliphatic,F1,hgb,L-proline,0,31,0.1966,0.0
T4,native,qm9s_to_sers,fg_hydroxyl_aliphatic,F1,hgb,L-serine,1,21,0.3176,0.0
T4,native,qm9s_to_sers,fg_hydroxyl_aliphatic,F1,hgb,L-threonine,1,31,0.24,0.0
T4,native,qm9s_to_sers,fg_hydroxyl_aliphatic,F1,hgb,L-tryptophan,0,21,0.3651,0.0952
T4,native,qm9s_to_sers,fg_hydroxyl_aliphatic,F1,hgb,L-tyrosine,0,31,0.2885,0.0
T4,native,qm9s_to_sers,fg_hydroxyl_aliphatic,F1,hgb,L-valine,0,31,0.2406,0.0
T4,native,qm9s_to_sers,fg_hydroxyl_aliphatic,F1,hgb,indole+indole-d6,0,4,0.4009,0.25
T4,native,qm9s_to_sers,fg_hydroxyl_aliphatic,F1,hgb,indole-3-acetic acid,0,1,0.3686,0.0
T4,native,qm9s_to_sers,fg_hydroxyl_aliphatic,F1,hgb,isatin,0,1,0.3317,0.0
T4,native,qm9s_to_sers,fg_hydroxyl_aliphatic,F1,hgb,oxindole,0,1,0.2486,0.0
T4,native,qm9s_to_sers,fg_hydroxyl_aliphatic,F1,hgb,tryptophol,1,1,0.4611,0.0
T4,native,qm9s_to_sers,fg_hydroxyl_aliphatic,F1,knn,8-hydroxyquinoline,0,1,0.3858,1.0
T4,native,qm9s_to_sers,fg_hydroxyl_aliphatic,F1,knn,L-alanine,0,31,0.1766,0.1935
T4,native,qm9s_to_sers,fg_hydroxyl_aliphatic,F1,knn,L-arginine,0,31,0.1777,0.1935
T4,native,qm9s_to_sers,fg_hydroxyl_aliphatic,F1,knn,L-asparagine,0,31,0.2134,0.2903
T4,native,qm9s_to_sers,fg_hydroxyl_aliphatic,F1,knn,L-aspartic acid,0,21,0.2467,0.5238
T4,native,qm9s_to_sers,fg_hydroxyl_aliphatic,F1,knn,L-cysteine,0,31,0.3024,0.5806
T4,native,qm9s_to_sers,fg_hydroxyl_aliphatic,F1,knn,L-glutamic acid,0,31,0.2537,0.4516
T4,native,qm9s_to_sers,fg_hydroxyl_aliphatic,F1,knn,L-glutamine,0,31,0.3318,0.7097
T4,native,qm9s_to_sers,fg_hydroxyl_aliphatic,F1,knn,L-glycine,0,51,0.2072,0.3922
T4,native,qm9s_to_sers,fg_hydroxyl_aliphatic,F1,knn,L-histidine,0,31,0.2229,0.1935
T4,native,qm9s_to_sers,fg_hydroxyl_aliphatic,F1,knn,L-isoleucine,0,31,0.2007,0.2258
T4,native,qm9s_to_sers,fg_hydroxyl_aliphatic,F1,knn,L-leucine,0,31,0.2849,0.6129
T4,native,qm9s_to_sers,fg_hydroxyl_aliphatic,F1,knn,L-lysine,0,31,0.3109,0.5806
T4,native,qm9s_to_sers,fg_hydroxyl_aliphatic,F1,knn,L-methionine,0,31,0.273,0.3871
T4,native,qm9s_to_sers,fg_hydroxyl_aliphatic,F1,knn,L-phenylalanine,0,31,0.3042,0.6774
T4,native,qm9s_to_sers,fg_hydroxyl_aliphatic,F1,knn,L-proline,0,31,0.1933,0.3226
T4,native,qm9s_to_sers,fg_hydroxyl_aliphatic,F1,knn,L-serine,1,21,0.2276,0.3333
T4,native,qm9s_to_sers,fg_hydroxyl_aliphatic,F1,knn,L-threonine,1,31,0.3217,0.6129
T4,native,qm9s_to_sers,fg_hydroxyl_aliphatic,F1,knn,L-tryptophan,0,21,0.2241,0.2857
T4,native,qm9s_to_sers,fg_hydroxyl_aliphatic,F1,knn,L-tyrosine,0,31,0.1922,0.2903
T4,native,qm9s_to_sers,fg_hydroxyl_aliphatic,F1,knn,L-valine,0,31,0.2341,0.1935
T4,native,qm9s_to_sers,fg_hydroxyl_aliphatic,F1,knn,indole+indole-d6,0,4,0.2458,0.5
T4,native,qm9s_to_sers,fg_hydroxyl_aliphatic,F1,knn,indole-3-acetic acid,0,1,0.3591,1.0
T4,native,qm9s_to_sers,fg_hydroxyl_aliphatic,F1,knn,isatin,0,1,0.5009,1.0
T4,native,qm9s_to_sers,fg_hydroxyl_aliphatic,F1,knn,oxindole,0,1,0.2983,1.0
T4,native,qm9s_to_sers,fg_hydroxyl_aliphatic,F1,knn,tryptophol,1,1,0.289,0.0
T4,native,qm9s_to_sers,fg_hydroxyl_aliphatic,F1pos,majority,8-hydroxyquinoline,0,1,0.2887,0.0
T4,native,qm9s_to_sers,fg_hydroxyl_aliphatic,F1pos,majority,L-alanine,0,31,0.2887,0.0
T4,native,qm9s_to_sers,fg_hydroxyl_aliphatic,F1pos,majority,L-arginine,0,31,0.2887,0.0
T4,native,qm9s_to_sers,fg_hydroxyl_aliphatic,F1pos,majority,L-asparagine,0,31,0.2887,0.0
T4,native,qm9s_to_sers,fg_hydroxyl_aliphatic,F1pos,majority,L-aspartic acid,0,21,0.2887,0.0
T4,native,qm9s_to_sers,fg_hydroxyl_aliphatic,F1pos,majority,L-cysteine,0,31,0.2887,0.0
T4,native,qm9s_to_sers,fg_hydroxyl_aliphatic,F1pos,majority,L-glutamic acid,0,31,0.2887,0.0
T4,native,qm9s_to_sers,fg_hydroxyl_aliphatic,F1pos,majority,L-glutamine,0,31,0.2887,0.0
T4,native,qm9s_to_sers,fg_hydroxyl_aliphatic,F1pos,majority,L-glycine,0,51,0.2887,0.0
T4,native,qm9s_to_sers,fg_hydroxyl_aliphatic,F1pos,majority,L-histidine,0,31,0.2887,0.0
T4,native,qm9s_to_sers,fg_hydroxyl_aliphatic,F1pos,majority,L-isoleucine,0,31,0.2887,0.0
T4,native,qm9s_to_sers,fg_hydroxyl_aliphatic,F1pos,majority,L-leucine,0,31,0.2887,0.0
T4,native,qm9s_to_sers,fg_hydroxyl_aliphatic,F1pos,majority,L-lysine,0,31,0.2887,0.0
T4,native,qm9s_to_sers,fg_hydroxyl_aliphatic,F1pos,majority,L-methionine,0,31,0.2887,0.0
T4,native,qm9s_to_sers,fg_hydroxyl_aliphatic,F1pos,majority,L-phenylalanine,0,31,0.2887,0.0
T4,native,qm9s_to_sers,fg_hydroxyl_aliphatic,F1pos,majority,L-proline,0,31,0.2887,0.0
T4,native,qm9s_to_sers,fg_hydroxyl_aliphatic,F1pos,majority,L-serine,1,21,0.2887,0.0
T4,native,qm9s_to_sers,fg_hydroxyl_aliphatic,F1pos,majority,L-threonine,1,31,0.2887,0.0
T4,native,qm9s_to_sers,fg_hydroxyl_aliphatic,F1pos,majority,L-tryptophan,0,21,0.2887,0.0
T4,native,qm9s_to_sers,fg_hydroxyl_aliphatic,F1pos,majority,L-tyrosine,0,31,0.2887,0.0
T4,native,qm9s_to_sers,fg_hydroxyl_aliphatic,F1pos,majority,L-valine,0,31,0.2887,0.0
T4,native,qm9s_to_sers,fg_hydroxyl_aliphatic,F1pos,majority,indole+indole-d6,0,4,0.2887,0.0
T4,native,qm9s_to_sers,fg_hydroxyl_aliphatic,F1pos,majority,indole-3-acetic acid,0,1,0.2887,0.0
T4,native,qm9s_to_sers,fg_hydroxyl_aliphatic,F1pos,majority,isatin,0,1,0.2887,0.0
T4,native,qm9s_to_sers,fg_hydroxyl_aliphatic,F1pos,majority,oxindole,0,1,0.2887,0.0
T4,native,qm9s_to_sers,fg_hydroxyl_aliphatic,F1pos,majority,tryptophol,1,1,0.2887,0.0
T4,native,qm9s_to_sers,fg_hydroxyl_aliphatic,F1pos,lr,8-hydroxyquinoline,0,1,0.3002,0.0
T4,native,qm9s_to_sers,fg_hydroxyl_aliphatic,F1pos,lr,L-alanine,0,31,0.372,0.1935
T4,native,qm9s_to_sers,fg_hydroxyl_aliphatic,F1pos,lr,L-arginine,0,31,0.3338,0.1613
T4,native,qm9s_to_sers,fg_hydroxyl_aliphatic,F1pos,lr,L-asparagine,0,31,0.3305,0.0645
T4,native,qm9s_to_sers,fg_hydroxyl_aliphatic,F1pos,lr,L-aspartic acid,0,21,0.3446,0.1429
T4,native,qm9s_to_sers,fg_hydroxyl_aliphatic,F1pos,lr,L-cysteine,0,31,0.4498,0.4516
T4,native,qm9s_to_sers,fg_hydroxyl_aliphatic,F1pos,lr,L-glutamic acid,0,31,0.2958,0.0968
T4,native,qm9s_to_sers,fg_hydroxyl_aliphatic,F1pos,lr,L-glutamine,0,31,0.4597,0.4516
T4,native,qm9s_to_sers,fg_hydroxyl_aliphatic,F1pos,lr,L-glycine,0,51,0.3811,0.2745
T4,native,qm9s_to_sers,fg_hydroxyl_aliphatic,F1pos,lr,L-histidine,0,31,0.3316,0.1613
T4,native,qm9s_to_sers,fg_hydroxyl_aliphatic,F1pos,lr,L-isoleucine,0,31,0.3217,0.1613
T4,native,qm9s_to_sers,fg_hydroxyl_aliphatic,F1pos,lr,L-leucine,0,31,0.3539,0.0323
T4,native,qm9s_to_sers,fg_hydroxyl_aliphatic,F1pos,lr,L-lysine,0,31,0.2406,0.0323
T4,native,qm9s_to_sers,fg_hydroxyl_aliphatic,F1pos,lr,L-methionine,0,31,0.2513,0.0
T4,native,qm9s_to_sers,fg_hydroxyl_aliphatic,F1pos,lr,L-phenylalanine,0,31,0.4971,0.5806
T4,native,qm9s_to_sers,fg_hydroxyl_aliphatic,F1pos,lr,L-proline,0,31,0.4459,0.5484
T4,native,qm9s_to_sers,fg_hydroxyl_aliphatic,F1pos,lr,L-serine,1,21,0.2846,0.0
T4,native,qm9s_to_sers,fg_hydroxyl_aliphatic,F1pos,lr,L-threonine,1,31,0.4713,0.5161
T4,native,qm9s_to_sers,fg_hydroxyl_aliphatic,F1pos,lr,L-tryptophan,0,21,0.2479,0.0952
T4,native,qm9s_to_sers,fg_hydroxyl_aliphatic,F1pos,lr,L-tyrosine,0,31,0.4022,0.2903
T4,native,qm9s_to_sers,fg_hydroxyl_aliphatic,F1pos,lr,L-valine,0,31,0.3833,0.0
T4,native,qm9s_to_sers,fg_hydroxyl_aliphatic,F1pos,lr,indole+indole-d6,0,4,0.2345,0.0
T4,native,qm9s_to_sers,fg_hydroxyl_aliphatic,F1pos,lr,indole-3-acetic acid,0,1,0.2433,0.0
T4,native,qm9s_to_sers,fg_hydroxyl_aliphatic,F1pos,lr,isatin,0,1,0.2275,0.0
T4,native,qm9s_to_sers,fg_hydroxyl_aliphatic,F1pos,lr,oxindole,0,1,0.1289,0.0
T4,native,qm9s_to_sers,fg_hydroxyl_aliphatic,F1pos,lr,tryptophol,1,1,0.5902,1.0
T4,native,qm9s_to_sers,fg_hydroxyl_aliphatic,F1pos,hgb,8-hydroxyquinoline,0,1,0.4262,0.0
T4,native,qm9s_to_sers,fg_hydroxyl_aliphatic,F1pos,hgb,L-alanine,0,31,0.3476,0.0
T4,native,qm9s_to_sers,fg_hydroxyl_aliphatic,F1pos,hgb,L-arginine,0,31,0.3636,0.0645
T4,native,qm9s_to_sers,fg_hydroxyl_aliphatic,F1pos,hgb,L-asparagine,0,31,0.3201,0.0
T4,native,qm9s_to_sers,fg_hydroxyl_aliphatic,F1pos,hgb,L-aspartic acid,0,21,0.2869,0.0
T4,native,qm9s_to_sers,fg_hydroxyl_aliphatic,F1pos,hgb,L-cysteine,0,31,0.3632,0.0645
T4,native,qm9s_to_sers,fg_hydroxyl_aliphatic,F1pos,hgb,L-glutamic acid,0,31,0.3216,0.0
T4,native,qm9s_to_sers,fg_hydroxyl_aliphatic,F1pos,hgb,L-glutamine,0,31,0.3393,0.0
T4,native,qm9s_to_sers,fg_hydroxyl_aliphatic,F1pos,hgb,L-glycine,0,51,0.3595,0.0
T4,native,qm9s_to_sers,fg_hydroxyl_aliphatic,F1pos,hgb,L-histidine,0,31,0.2655,0.0323
T4,native,qm9s_to_sers,fg_hydroxyl_aliphatic,F1pos,hgb,L-isoleucine,0,31,0.3065,0.0
T4,native,qm9s_to_sers,fg_hydroxyl_aliphatic,F1pos,hgb,L-leucine,0,31,0.3642,0.0
T4,native,qm9s_to_sers,fg_hydroxyl_aliphatic,F1pos,hgb,L-lysine,0,31,0.1829,0.0
T4,native,qm9s_to_sers,fg_hydroxyl_aliphatic,F1pos,hgb,L-methionine,0,31,0.2482,0.0
T4,native,qm9s_to_sers,fg_hydroxyl_aliphatic,F1pos,hgb,L-phenylalanine,0,31,0.4192,0.0968
T4,native,qm9s_to_sers,fg_hydroxyl_aliphatic,F1pos,hgb,L-proline,0,31,0.3404,0.0
T4,native,qm9s_to_sers,fg_hydroxyl_aliphatic,F1pos,hgb,L-serine,1,21,0.3182,0.0
T4,native,qm9s_to_sers,fg_hydroxyl_aliphatic,F1pos,hgb,L-threonine,1,31,0.4246,0.1935
T4,native,qm9s_to_sers,fg_hydroxyl_aliphatic,F1pos,hgb,L-tryptophan,0,21,0.3214,0.0
T4,native,qm9s_to_sers,fg_hydroxyl_aliphatic,F1pos,hgb,L-tyrosine,0,31,0.4165,0.0645
T4,native,qm9s_to_sers,fg_hydroxyl_aliphatic,F1pos,hgb,L-valine,0,31,0.4349,0.1935
T4,native,qm9s_to_sers,fg_hydroxyl_aliphatic,F1pos,hgb,indole+indole-d6,0,4,0.305,0.0
T4,native,qm9s_to_sers,fg_hydroxyl_aliphatic,F1pos,hgb,indole-3-acetic acid,0,1,0.4003,0.0
T4,native,qm9s_to_sers,fg_hydroxyl_aliphatic,F1pos,hgb,isatin,0,1,0.2496,0.0
T4,native,qm9s_to_sers,fg_hydroxyl_aliphatic,F1pos,hgb,oxindole,0,1,0.2153,0.0
T4,native,qm9s_to_sers,fg_hydroxyl_aliphatic,F1pos,hgb,tryptophol,1,1,0.5461,1.0
T4,native,qm9s_to_sers,fg_hydroxyl_aliphatic,F1pos,knn,8-hydroxyquinoline,0,1,0.3089,1.0
T4,native,qm9s_to_sers,fg_hydroxyl_aliphatic,F1pos,knn,L-alanine,0,31,0.3839,0.6129
T4,native,qm9s_to_sers,fg_hydroxyl_aliphatic,F1pos,knn,L-arginine,0,31,0.3022,0.3871
T4,native,qm9s_to_sers,fg_hydroxyl_aliphatic,F1pos,knn,L-asparagine,0,31,0.3423,0.5806
T4,native,qm9s_to_sers,fg_hydroxyl_aliphatic,F1pos,knn,L-aspartic acid,0,21,0.3675,0.4762
T4,native,qm9s_to_sers,fg_hydroxyl_aliphatic,F1pos,knn,L-cysteine,0,31,0.3047,0.3871
T4,native,qm9s_to_sers,fg_hydroxyl_aliphatic,F1pos,knn,L-glutamic acid,0,31,0.32,0.5484
T4,native,qm9s_to_sers,fg_hydroxyl_aliphatic,F1pos,knn,L-glutamine,0,31,0.3929,0.5484
T4,native,qm9s_to_sers,fg_hydroxyl_aliphatic,F1pos,knn,L-glycine,0,51,0.3661,0.6863
T4,native,qm9s_to_sers,fg_hydroxyl_aliphatic,F1pos,knn,L-histidine,0,31,0.3837,0.6452
T4,native,qm9s_to_sers,fg_hydroxyl_aliphatic,F1pos,knn,L-isoleucine,0,31,0.3648,0.5484
T4,native,qm9s_to_sers,fg_hydroxyl_aliphatic,F1pos,knn,L-leucine,0,31,0.332,0.6129
T4,native,qm9s_to_sers,fg_hydroxyl_aliphatic,F1pos,knn,L-lysine,0,31,0.3192,0.4194
T4,native,qm9s_to_sers,fg_hydroxyl_aliphatic,F1pos,knn,L-methionine,0,31,0.2626,0.2903
T4,native,qm9s_to_sers,fg_hydroxyl_aliphatic,F1pos,knn,L-phenylalanine,0,31,0.3787,0.6129
T4,native,qm9s_to_sers,fg_hydroxyl_aliphatic,F1pos,knn,L-proline,0,31,0.3832,0.6452
T4,native,qm9s_to_sers,fg_hydroxyl_aliphatic,F1pos,knn,L-serine,1,21,0.2631,0.3333
T4,native,qm9s_to_sers,fg_hydroxyl_aliphatic,F1pos,knn,L-threonine,1,31,0.407,0.7097
T4,native,qm9s_to_sers,fg_hydroxyl_aliphatic,F1pos,knn,L-tryptophan,0,21,0.2744,0.3333
T4,native,qm9s_to_sers,fg_hydroxyl_aliphatic,F1pos,knn,L-tyrosine,0,31,0.3228,0.4839
T4,native,qm9s_to_sers,fg_hydroxyl_aliphatic,F1pos,knn,L-valine,0,31,0.3092,0.6129
T4,native,qm9s_to_sers,fg_hydroxyl_aliphatic,F1pos,knn,indole+indole-d6,0,4,0.3059,0.5
T4,native,qm9s_to_sers,fg_hydroxyl_aliphatic,F1pos,knn,indole-3-acetic acid,0,1,0.4909,1.0
T4,native,qm9s_to_sers,fg_hydroxyl_aliphatic,F1pos,knn,isatin,0,1,0.4139,1.0
T4,native,qm9s_to_sers,fg_hydroxyl_aliphatic,F1pos,knn,oxindole,0,1,0.302,0.0
T4,native,qm9s_to_sers,fg_hydroxyl_aliphatic,F1pos,knn,tryptophol,1,1,0.4121,1.0
T4,native,qm9s_to_sers,fg_hydroxyl_aliphatic,F2,majority,8-hydroxyquinoline,0,1,0.2887,0.0
T4,native,qm9s_to_sers,fg_hydroxyl_aliphatic,F2,majority,L-alanine,0,31,0.2887,0.0
T4,native,qm9s_to_sers,fg_hydroxyl_aliphatic,F2,majority,L-arginine,0,31,0.2887,0.0
T4,native,qm9s_to_sers,fg_hydroxyl_aliphatic,F2,majority,L-asparagine,0,31,0.2887,0.0
T4,native,qm9s_to_sers,fg_hydroxyl_aliphatic,F2,majority,L-aspartic acid,0,21,0.2887,0.0
T4,native,qm9s_to_sers,fg_hydroxyl_aliphatic,F2,majority,L-cysteine,0,31,0.2887,0.0
T4,native,qm9s_to_sers,fg_hydroxyl_aliphatic,F2,majority,L-glutamic acid,0,31,0.2887,0.0
T4,native,qm9s_to_sers,fg_hydroxyl_aliphatic,F2,majority,L-glutamine,0,31,0.2887,0.0
T4,native,qm9s_to_sers,fg_hydroxyl_aliphatic,F2,majority,L-glycine,0,51,0.2887,0.0
T4,native,qm9s_to_sers,fg_hydroxyl_aliphatic,F2,majority,L-histidine,0,31,0.2887,0.0
T4,native,qm9s_to_sers,fg_hydroxyl_aliphatic,F2,majority,L-isoleucine,0,31,0.2887,0.0
T4,native,qm9s_to_sers,fg_hydroxyl_aliphatic,F2,majority,L-leucine,0,31,0.2887,0.0
T4,native,qm9s_to_sers,fg_hydroxyl_aliphatic,F2,majority,L-lysine,0,31,0.2887,0.0
T4,native,qm9s_to_sers,fg_hydroxyl_aliphatic,F2,majority,L-methionine,0,31,0.2887,0.0
T4,native,qm9s_to_sers,fg_hydroxyl_aliphatic,F2,majority,L-phenylalanine,0,31,0.2887,0.0
T4,native,qm9s_to_sers,fg_hydroxyl_aliphatic,F2,majority,L-proline,0,31,0.2887,0.0
T4,native,qm9s_to_sers,fg_hydroxyl_aliphatic,F2,majority,L-serine,1,21,0.2887,0.0
T4,native,qm9s_to_sers,fg_hydroxyl_aliphatic,F2,majority,L-threonine,1,31,0.2887,0.0
T4,native,qm9s_to_sers,fg_hydroxyl_aliphatic,F2,majority,L-tryptophan,0,21,0.2887,0.0
T4,native,qm9s_to_sers,fg_hydroxyl_aliphatic,F2,majority,L-tyrosine,0,31,0.2887,0.0
T4,native,qm9s_to_sers,fg_hydroxyl_aliphatic,F2,majority,L-valine,0,31,0.2887,0.0
T4,native,qm9s_to_sers,fg_hydroxyl_aliphatic,F2,majority,indole+indole-d6,0,4,0.2887,0.0
T4,native,qm9s_to_sers,fg_hydroxyl_aliphatic,F2,majority,indole-3-acetic acid,0,1,0.2887,0.0
T4,native,qm9s_to_sers,fg_hydroxyl_aliphatic,F2,majority,isatin,0,1,0.2887,0.0
T4,native,qm9s_to_sers,fg_hydroxyl_aliphatic,F2,majority,oxindole,0,1,0.2887,0.0
T4,native,qm9s_to_sers,fg_hydroxyl_aliphatic,F2,majority,tryptophol,1,1,0.2887,0.0
T4,native,qm9s_to_sers,fg_hydroxyl_aliphatic,F2,lr,8-hydroxyquinoline,0,1,0.3787,0.0
T4,native,qm9s_to_sers,fg_hydroxyl_aliphatic,F2,lr,L-alanine,0,31,0.3234,0.0
T4,native,qm9s_to_sers,fg_hydroxyl_aliphatic,F2,lr,L-arginine,0,31,0.3386,0.0
T4,native,qm9s_to_sers,fg_hydroxyl_aliphatic,F2,lr,L-asparagine,0,31,0.3307,0.0
T4,native,qm9s_to_sers,fg_hydroxyl_aliphatic,F2,lr,L-aspartic acid,0,21,0.4014,0.0
T4,native,qm9s_to_sers,fg_hydroxyl_aliphatic,F2,lr,L-cysteine,0,31,0.4405,0.1935
T4,native,qm9s_to_sers,fg_hydroxyl_aliphatic,F2,lr,L-glutamic acid,0,31,0.3155,0.2581
T4,native,qm9s_to_sers,fg_hydroxyl_aliphatic,F2,lr,L-glutamine,0,31,0.3855,0.0
T4,native,qm9s_to_sers,fg_hydroxyl_aliphatic,F2,lr,L-glycine,0,51,0.3407,0.0
T4,native,qm9s_to_sers,fg_hydroxyl_aliphatic,F2,lr,L-histidine,0,31,0.36,0.0
T4,native,qm9s_to_sers,fg_hydroxyl_aliphatic,F2,lr,L-isoleucine,0,31,0.2737,0.0
T4,native,qm9s_to_sers,fg_hydroxyl_aliphatic,F2,lr,L-leucine,0,31,0.3336,0.0
T4,native,qm9s_to_sers,fg_hydroxyl_aliphatic,F2,lr,L-lysine,0,31,0.3404,0.0
T4,native,qm9s_to_sers,fg_hydroxyl_aliphatic,F2,lr,L-methionine,0,31,0.4175,0.1613
T4,native,qm9s_to_sers,fg_hydroxyl_aliphatic,F2,lr,L-phenylalanine,0,31,0.4097,0.0323
T4,native,qm9s_to_sers,fg_hydroxyl_aliphatic,F2,lr,L-proline,0,31,0.3784,0.0
T4,native,qm9s_to_sers,fg_hydroxyl_aliphatic,F2,lr,L-serine,1,21,0.3438,0.0
T4,native,qm9s_to_sers,fg_hydroxyl_aliphatic,F2,lr,L-threonine,1,31,0.3771,0.0
T4,native,qm9s_to_sers,fg_hydroxyl_aliphatic,F2,lr,L-tryptophan,0,21,0.2653,0.0
T4,native,qm9s_to_sers,fg_hydroxyl_aliphatic,F2,lr,L-tyrosine,0,31,0.3068,0.0
T4,native,qm9s_to_sers,fg_hydroxyl_aliphatic,F2,lr,L-valine,0,31,0.3577,0.0
T4,native,qm9s_to_sers,fg_hydroxyl_aliphatic,F2,lr,indole+indole-d6,0,4,0.1883,0.25
T4,native,qm9s_to_sers,fg_hydroxyl_aliphatic,F2,lr,indole-3-acetic acid,0,1,0.356,0.0
T4,native,qm9s_to_sers,fg_hydroxyl_aliphatic,F2,lr,isatin,0,1,0.3982,0.0
T4,native,qm9s_to_sers,fg_hydroxyl_aliphatic,F2,lr,oxindole,0,1,0.5716,1.0
T4,native,qm9s_to_sers,fg_hydroxyl_aliphatic,F2,lr,tryptophol,1,1,0.4495,0.0
T4,native,qm9s_to_sers,fg_hydroxyl_aliphatic,F2,hgb,8-hydroxyquinoline,0,1,0.5952,1.0
T4,native,qm9s_to_sers,fg_hydroxyl_aliphatic,F2,hgb,L-alanine,0,31,0.2738,0.0
T4,native,qm9s_to_sers,fg_hydroxyl_aliphatic,F2,hgb,L-arginine,0,31,0.2889,0.0
T4,native,qm9s_to_sers,fg_hydroxyl_aliphatic,F2,hgb,L-asparagine,0,31,0.2819,0.0
T4,native,qm9s_to_sers,fg_hydroxyl_aliphatic,F2,hgb,L-aspartic acid,0,21,0.2182,0.0
T4,native,qm9s_to_sers,fg_hydroxyl_aliphatic,F2,hgb,L-cysteine,0,31,0.5343,0.5484
T4,native,qm9s_to_sers,fg_hydroxyl_aliphatic,F2,hgb,L-glutamic acid,0,31,0.319,0.0645
T4,native,qm9s_to_sers,fg_hydroxyl_aliphatic,F2,hgb,L-glutamine,0,31,0.2573,0.0
T4,native,qm9s_to_sers,fg_hydroxyl_aliphatic,F2,hgb,L-glycine,0,51,0.2832,0.0
T4,native,qm9s_to_sers,fg_hydroxyl_aliphatic,F2,hgb,L-histidine,0,31,0.2229,0.0
T4,native,qm9s_to_sers,fg_hydroxyl_aliphatic,F2,hgb,L-isoleucine,0,31,0.2791,0.0
T4,native,qm9s_to_sers,fg_hydroxyl_aliphatic,F2,hgb,L-leucine,0,31,0.3321,0.0
T4,native,qm9s_to_sers,fg_hydroxyl_aliphatic,F2,hgb,L-lysine,0,31,0.1927,0.0
T4,native,qm9s_to_sers,fg_hydroxyl_aliphatic,F2,hgb,L-methionine,0,31,0.4487,0.4194
T4,native,qm9s_to_sers,fg_hydroxyl_aliphatic,F2,hgb,L-phenylalanine,0,31,0.3244,0.0645
T4,native,qm9s_to_sers,fg_hydroxyl_aliphatic,F2,hgb,L-proline,0,31,0.2948,0.0
T4,native,qm9s_to_sers,fg_hydroxyl_aliphatic,F2,hgb,L-serine,1,21,0.4133,0.381
T4,native,qm9s_to_sers,fg_hydroxyl_aliphatic,F2,hgb,L-threonine,1,31,0.2963,0.0
T4,native,qm9s_to_sers,fg_hydroxyl_aliphatic,F2,hgb,L-tryptophan,0,21,0.5408,0.8571
T4,native,qm9s_to_sers,fg_hydroxyl_aliphatic,F2,hgb,L-tyrosine,0,31,0.3619,0.0
T4,native,qm9s_to_sers,fg_hydroxyl_aliphatic,F2,hgb,L-valine,0,31,0.4424,0.3871
T4,native,qm9s_to_sers,fg_hydroxyl_aliphatic,F2,hgb,indole+indole-d6,0,4,0.4756,0.75
T4,native,qm9s_to_sers,fg_hydroxyl_aliphatic,F2,hgb,indole-3-acetic acid,0,1,0.5961,1.0
T4,native,qm9s_to_sers,fg_hydroxyl_aliphatic,F2,hgb,isatin,0,1,0.513,1.0
T4,native,qm9s_to_sers,fg_hydroxyl_aliphatic,F2,hgb,oxindole,0,1,0.5474,1.0
T4,native,qm9s_to_sers,fg_hydroxyl_aliphatic,F2,hgb,tryptophol,1,1,0.2984,0.0
T4,native,qm9s_to_sers,fg_hydroxyl_aliphatic,F2,knn,8-hydroxyquinoline,0,1,0.3567,1.0
T4,native,qm9s_to_sers,fg_hydroxyl_aliphatic,F2,knn,L-alanine,0,31,0.3167,0.7097
T4,native,qm9s_to_sers,fg_hydroxyl_aliphatic,F2,knn,L-arginine,0,31,0.3017,0.7742
T4,native,qm9s_to_sers,fg_hydroxyl_aliphatic,F2,knn,L-asparagine,0,31,0.2885,0.7419
T4,native,qm9s_to_sers,fg_hydroxyl_aliphatic,F2,knn,L-aspartic acid,0,21,0.4731,0.9048
T4,native,qm9s_to_sers,fg_hydroxyl_aliphatic,F2,knn,L-cysteine,0,31,0.3175,0.6129
T4,native,qm9s_to_sers,fg_hydroxyl_aliphatic,F2,knn,L-glutamic acid,0,31,0.3647,0.7097
T4,native,qm9s_to_sers,fg_hydroxyl_aliphatic,F2,knn,L-glutamine,0,31,0.1917,0.2581
T4,native,qm9s_to_sers,fg_hydroxyl_aliphatic,F2,knn,L-glycine,0,51,0.2515,0.5882
T4,native,qm9s_to_sers,fg_hydroxyl_aliphatic,F2,knn,L-histidine,0,31,0.2246,0.3871
T4,native,qm9s_to_sers,fg_hydroxyl_aliphatic,F2,knn,L-isoleucine,0,31,0.3153,0.7419
T4,native,qm9s_to_sers,fg_hydroxyl_aliphatic,F2,knn,L-leucine,0,31,0.3665,0.8065
T4,native,qm9s_to_sers,fg_hydroxyl_aliphatic,F2,knn,L-lysine,0,31,0.2731,0.5161
T4,native,qm9s_to_sers,fg_hydroxyl_aliphatic,F2,knn,L-methionine,0,31,0.3887,0.9355
T4,native,qm9s_to_sers,fg_hydroxyl_aliphatic,F2,knn,L-phenylalanine,0,31,0.3079,0.6774
T4,native,qm9s_to_sers,fg_hydroxyl_aliphatic,F2,knn,L-proline,0,31,0.1899,0.2903
T4,native,qm9s_to_sers,fg_hydroxyl_aliphatic,F2,knn,L-serine,1,21,0.3136,0.7143
T4,native,qm9s_to_sers,fg_hydroxyl_aliphatic,F2,knn,L-threonine,1,31,0.1364,0.2903
T4,native,qm9s_to_sers,fg_hydroxyl_aliphatic,F2,knn,L-tryptophan,0,21,0.4059,0.9524
T4,native,qm9s_to_sers,fg_hydroxyl_aliphatic,F2,knn,L-tyrosine,0,31,0.2755,0.6452
T4,native,qm9s_to_sers,fg_hydroxyl_aliphatic,F2,knn,L-valine,0,31,0.3655,0.871
T4,native,qm9s_to_sers,fg_hydroxyl_aliphatic,F2,knn,indole+indole-d6,0,4,0.4001,0.5
T4,native,qm9s_to_sers,fg_hydroxyl_aliphatic,F2,knn,indole-3-acetic acid,0,1,0.3321,1.0
T4,native,qm9s_to_sers,fg_hydroxyl_aliphatic,F2,knn,isatin,0,1,0.2056,0.0
T4,native,qm9s_to_sers,fg_hydroxyl_aliphatic,F2,knn,oxindole,0,1,0.5993,1.0
T4,native,qm9s_to_sers,fg_hydroxyl_aliphatic,F2,knn,tryptophol,1,1,0.3037,1.0
T4,native,qm9s_to_sers,fg_hydroxyl_aliphatic,F3,majority,8-hydroxyquinoline,0,1,0.2887,0.0
T4,native,qm9s_to_sers,fg_hydroxyl_aliphatic,F3,majority,L-alanine,0,31,0.2887,0.0
T4,native,qm9s_to_sers,fg_hydroxyl_aliphatic,F3,majority,L-arginine,0,31,0.2887,0.0
T4,native,qm9s_to_sers,fg_hydroxyl_aliphatic,F3,majority,L-asparagine,0,31,0.2887,0.0
T4,native,qm9s_to_sers,fg_hydroxyl_aliphatic,F3,majority,L-aspartic acid,0,21,0.2887,0.0
T4,native,qm9s_to_sers,fg_hydroxyl_aliphatic,F3,majority,L-cysteine,0,31,0.2887,0.0
T4,native,qm9s_to_sers,fg_hydroxyl_aliphatic,F3,majority,L-glutamic acid,0,31,0.2887,0.0
T4,native,qm9s_to_sers,fg_hydroxyl_aliphatic,F3,majority,L-glutamine,0,31,0.2887,0.0
T4,native,qm9s_to_sers,fg_hydroxyl_aliphatic,F3,majority,L-glycine,0,51,0.2887,0.0
T4,native,qm9s_to_sers,fg_hydroxyl_aliphatic,F3,majority,L-histidine,0,31,0.2887,0.0
T4,native,qm9s_to_sers,fg_hydroxyl_aliphatic,F3,majority,L-isoleucine,0,31,0.2887,0.0
T4,native,qm9s_to_sers,fg_hydroxyl_aliphatic,F3,majority,L-leucine,0,31,0.2887,0.0
T4,native,qm9s_to_sers,fg_hydroxyl_aliphatic,F3,majority,L-lysine,0,31,0.2887,0.0
T4,native,qm9s_to_sers,fg_hydroxyl_aliphatic,F3,majority,L-methionine,0,31,0.2887,0.0
T4,native,qm9s_to_sers,fg_hydroxyl_aliphatic,F3,majority,L-phenylalanine,0,31,0.2887,0.0
T4,native,qm9s_to_sers,fg_hydroxyl_aliphatic,F3,majority,L-proline,0,31,0.2887,0.0
T4,native,qm9s_to_sers,fg_hydroxyl_aliphatic,F3,majority,L-serine,1,21,0.2887,0.0
T4,native,qm9s_to_sers,fg_hydroxyl_aliphatic,F3,majority,L-threonine,1,31,0.2887,0.0
T4,native,qm9s_to_sers,fg_hydroxyl_aliphatic,F3,majority,L-tryptophan,0,21,0.2887,0.0
T4,native,qm9s_to_sers,fg_hydroxyl_aliphatic,F3,majority,L-tyrosine,0,31,0.2887,0.0
T4,native,qm9s_to_sers,fg_hydroxyl_aliphatic,F3,majority,L-valine,0,31,0.2887,0.0
T4,native,qm9s_to_sers,fg_hydroxyl_aliphatic,F3,majority,indole+indole-d6,0,4,0.2887,0.0
T4,native,qm9s_to_sers,fg_hydroxyl_aliphatic,F3,majority,indole-3-acetic acid,0,1,0.2887,0.0
T4,native,qm9s_to_sers,fg_hydroxyl_aliphatic,F3,majority,isatin,0,1,0.2887,0.0
T4,native,qm9s_to_sers,fg_hydroxyl_aliphatic,F3,majority,oxindole,0,1,0.2887,0.0
T4,native,qm9s_to_sers,fg_hydroxyl_aliphatic,F3,majority,tryptophol,1,1,0.2887,0.0
T4,native,qm9s_to_sers,fg_hydroxyl_aliphatic,F3,lr,8-hydroxyquinoline,0,1,0.2836,0.0
T4,native,qm9s_to_sers,fg_hydroxyl_aliphatic,F3,lr,L-alanine,0,31,0.3004,0.0
T4,native,qm9s_to_sers,fg_hydroxyl_aliphatic,F3,lr,L-arginine,0,31,0.3068,0.0
T4,native,qm9s_to_sers,fg_hydroxyl_aliphatic,F3,lr,L-asparagine,0,31,0.3106,0.0
T4,native,qm9s_to_sers,fg_hydroxyl_aliphatic,F3,lr,L-aspartic acid,0,21,0.3468,0.0
T4,native,qm9s_to_sers,fg_hydroxyl_aliphatic,F3,lr,L-cysteine,0,31,0.3448,0.0
T4,native,qm9s_to_sers,fg_hydroxyl_aliphatic,F3,lr,L-glutamic acid,0,31,0.3347,0.2258
T4,native,qm9s_to_sers,fg_hydroxyl_aliphatic,F3,lr,L-glutamine,0,31,0.322,0.0
T4,native,qm9s_to_sers,fg_hydroxyl_aliphatic,F3,lr,L-glycine,0,51,0.3063,0.0
T4,native,qm9s_to_sers,fg_hydroxyl_aliphatic,F3,lr,L-histidine,0,31,0.3199,0.0
T4,native,qm9s_to_sers,fg_hydroxyl_aliphatic,F3,lr,L-isoleucine,0,31,0.3029,0.0
T4,native,qm9s_to_sers,fg_hydroxyl_aliphatic,F3,lr,L-leucine,0,31,0.2815,0.0
T4,native,qm9s_to_sers,fg_hydroxyl_aliphatic,F3,lr,L-lysine,0,31,0.3036,0.0
T4,native,qm9s_to_sers,fg_hydroxyl_aliphatic,F3,lr,L-methionine,0,31,0.3378,0.0
T4,native,qm9s_to_sers,fg_hydroxyl_aliphatic,F3,lr,L-phenylalanine,0,31,0.3392,0.0
T4,native,qm9s_to_sers,fg_hydroxyl_aliphatic,F3,lr,L-proline,0,31,0.327,0.0
T4,native,qm9s_to_sers,fg_hydroxyl_aliphatic,F3,lr,L-serine,1,21,0.2718,0.0
T4,native,qm9s_to_sers,fg_hydroxyl_aliphatic,F3,lr,L-threonine,1,31,0.3211,0.0
T4,native,qm9s_to_sers,fg_hydroxyl_aliphatic,F3,lr,L-tryptophan,0,21,0.1763,0.0
T4,native,qm9s_to_sers,fg_hydroxyl_aliphatic,F3,lr,L-tyrosine,0,31,0.2749,0.0
T4,native,qm9s_to_sers,fg_hydroxyl_aliphatic,F3,lr,L-valine,0,31,0.2967,0.0
T4,native,qm9s_to_sers,fg_hydroxyl_aliphatic,F3,lr,indole+indole-d6,0,4,0.1708,0.0
T4,native,qm9s_to_sers,fg_hydroxyl_aliphatic,F3,lr,indole-3-acetic acid,0,1,0.309,0.0
T4,native,qm9s_to_sers,fg_hydroxyl_aliphatic,F3,lr,isatin,0,1,0.5564,1.0
T4,native,qm9s_to_sers,fg_hydroxyl_aliphatic,F3,lr,oxindole,0,1,0.6082,1.0
T4,native,qm9s_to_sers,fg_hydroxyl_aliphatic,F3,lr,tryptophol,1,1,0.4248,0.0
T4,native,qm9s_to_sers,fg_hydroxyl_aliphatic,F3,hgb,8-hydroxyquinoline,0,1,0.2764,0.0
T4,native,qm9s_to_sers,fg_hydroxyl_aliphatic,F3,hgb,L-alanine,0,31,0.3071,0.0
T4,native,qm9s_to_sers,fg_hydroxyl_aliphatic,F3,hgb,L-arginine,0,31,0.2704,0.0
T4,native,qm9s_to_sers,fg_hydroxyl_aliphatic,F3,hgb,L-asparagine,0,31,0.2847,0.0
T4,native,qm9s_to_sers,fg_hydroxyl_aliphatic,F3,hgb,L-aspartic acid,0,21,0.2475,0.0
T4,native,qm9s_to_sers,fg_hydroxyl_aliphatic,F3,hgb,L-cysteine,0,31,0.3142,0.0
T4,native,qm9s_to_sers,fg_hydroxyl_aliphatic,F3,hgb,L-glutamic acid,0,31,0.3122,0.0
T4,native,qm9s_to_sers,fg_hydroxyl_aliphatic,F3,hgb,L-glutamine,0,31,0.2695,0.0
T4,native,qm9s_to_sers,fg_hydroxyl_aliphatic,F3,hgb,L-glycine,0,51,0.2697,0.0
T4,native,qm9s_to_sers,fg_hydroxyl_aliphatic,F3,hgb,L-histidine,0,31,0.2576,0.0
T4,native,qm9s_to_sers,fg_hydroxyl_aliphatic,F3,hgb,L-isoleucine,0,31,0.3404,0.0323
T4,native,qm9s_to_sers,fg_hydroxyl_aliphatic,F3,hgb,L-leucine,0,31,0.2795,0.0
T4,native,qm9s_to_sers,fg_hydroxyl_aliphatic,F3,hgb,L-lysine,0,31,0.2237,0.0
T4,native,qm9s_to_sers,fg_hydroxyl_aliphatic,F3,hgb,L-methionine,0,31,0.3864,0.129
T4,native,qm9s_to_sers,fg_hydroxyl_aliphatic,F3,hgb,L-phenylalanine,0,31,0.2401,0.0
T4,native,qm9s_to_sers,fg_hydroxyl_aliphatic,F3,hgb,L-proline,0,31,0.2647,0.0
T4,native,qm9s_to_sers,fg_hydroxyl_aliphatic,F3,hgb,L-serine,1,21,0.3153,0.0
T4,native,qm9s_to_sers,fg_hydroxyl_aliphatic,F3,hgb,L-threonine,1,31,0.3323,0.0
T4,native,qm9s_to_sers,fg_hydroxyl_aliphatic,F3,hgb,L-tryptophan,0,21,0.2992,0.0
T4,native,qm9s_to_sers,fg_hydroxyl_aliphatic,F3,hgb,L-tyrosine,0,31,0.3435,0.0
T4,native,qm9s_to_sers,fg_hydroxyl_aliphatic,F3,hgb,L-valine,0,31,0.2742,0.0
T4,native,qm9s_to_sers,fg_hydroxyl_aliphatic,F3,hgb,indole+indole-d6,0,4,0.2301,0.0
T4,native,qm9s_to_sers,fg_hydroxyl_aliphatic,F3,hgb,indole-3-acetic acid,0,1,0.2616,0.0
T4,native,qm9s_to_sers,fg_hydroxyl_aliphatic,F3,hgb,isatin,0,1,0.2989,0.0
T4,native,qm9s_to_sers,fg_hydroxyl_aliphatic,F3,hgb,oxindole,0,1,0.4792,0.0
T4,native,qm9s_to_sers,fg_hydroxyl_aliphatic,F3,hgb,tryptophol,1,1,0.1542,0.0
T4,native,qm9s_to_sers,fg_hydroxyl_aliphatic,F3,knn,8-hydroxyquinoline,0,1,0.387,1.0
T4,native,qm9s_to_sers,fg_hydroxyl_aliphatic,F3,knn,L-alanine,0,31,0.3691,0.9677
T4,native,qm9s_to_sers,fg_hydroxyl_aliphatic,F3,knn,L-arginine,0,31,0.3993,1.0
T4,native,qm9s_to_sers,fg_hydroxyl_aliphatic,F3,knn,L-asparagine,0,31,0.4472,1.0
T4,native,qm9s_to_sers,fg_hydroxyl_aliphatic,F3,knn,L-aspartic acid,0,21,0.3245,0.7143
T4,native,qm9s_to_sers,fg_hydroxyl_aliphatic,F3,knn,L-cysteine,0,31,0.4364,1.0
T4,native,qm9s_to_sers,fg_hydroxyl_aliphatic,F3,knn,L-glutamic acid,0,31,0.4356,1.0
T4,native,qm9s_to_sers,fg_hydroxyl_aliphatic,F3,knn,L-glutamine,0,31,0.4008,1.0
T4,native,qm9s_to_sers,fg_hydroxyl_aliphatic,F3,knn,L-glycine,0,51,0.4209,0.9412
T4,native,qm9s_to_sers,fg_hydroxyl_aliphatic,F3,knn,L-histidine,0,31,0.414,1.0
T4,native,qm9s_to_sers,fg_hydroxyl_aliphatic,F3,knn,L-isoleucine,0,31,0.4123,1.0
T4,native,qm9s_to_sers,fg_hydroxyl_aliphatic,F3,knn,L-leucine,0,31,0.4693,1.0
T4,native,qm9s_to_sers,fg_hydroxyl_aliphatic,F3,knn,L-lysine,0,31,0.4784,1.0
T4,native,qm9s_to_sers,fg_hydroxyl_aliphatic,F3,knn,L-methionine,0,31,0.5681,1.0
T4,native,qm9s_to_sers,fg_hydroxyl_aliphatic,F3,knn,L-phenylalanine,0,31,0.4488,1.0
T4,native,qm9s_to_sers,fg_hydroxyl_aliphatic,F3,knn,L-proline,0,31,0.3807,1.0
T4,native,qm9s_to_sers,fg_hydroxyl_aliphatic,F3,knn,L-serine,1,21,0.3455,0.619
T4,native,qm9s_to_sers,fg_hydroxyl_aliphatic,F3,knn,L-threonine,1,31,0.4151,1.0
T4,native,qm9s_to_sers,fg_hydroxyl_aliphatic,F3,knn,L-tryptophan,0,21,0.5487,0.9524
T4,native,qm9s_to_sers,fg_hydroxyl_aliphatic,F3,knn,L-tyrosine,0,31,0.4608,1.0
T4,native,qm9s_to_sers,fg_hydroxyl_aliphatic,F3,knn,L-valine,0,31,0.4871,0.9677
T4,native,qm9s_to_sers,fg_hydroxyl_aliphatic,F3,knn,indole+indole-d6,0,4,0.4751,0.75
T4,native,qm9s_to_sers,fg_hydroxyl_aliphatic,F3,knn,indole-3-acetic acid,0,1,0.2915,0.0
T4,native,qm9s_to_sers,fg_hydroxyl_aliphatic,F3,knn,isatin,0,1,0.4888,1.0
T4,native,qm9s_to_sers,fg_hydroxyl_aliphatic,F3,knn,oxindole,0,1,0.7052,1.0
T4,native,qm9s_to_sers,fg_hydroxyl_aliphatic,F3,knn,tryptophol,1,1,0.6056,1.0
T4,native,qm9s_to_sers,fg_phenol,F1,majority,8-hydroxyquinoline,1,1,0.0296,0.0
T4,native,qm9s_to_sers,fg_phenol,F1,majority,L-alanine,0,31,0.0296,0.0
T4,native,qm9s_to_sers,fg_phenol,F1,majority,L-arginine,0,31,0.0296,0.0
T4,native,qm9s_to_sers,fg_phenol,F1,majority,L-asparagine,0,31,0.0296,0.0
T4,native,qm9s_to_sers,fg_phenol,F1,majority,L-aspartic acid,0,21,0.0296,0.0
T4,native,qm9s_to_sers,fg_phenol,F1,majority,L-cysteine,0,31,0.0296,0.0
T4,native,qm9s_to_sers,fg_phenol,F1,majority,L-glutamic acid,0,31,0.0296,0.0
T4,native,qm9s_to_sers,fg_phenol,F1,majority,L-glutamine,0,31,0.0296,0.0
T4,native,qm9s_to_sers,fg_phenol,F1,majority,L-glycine,0,51,0.0296,0.0
T4,native,qm9s_to_sers,fg_phenol,F1,majority,L-histidine,0,31,0.0296,0.0
T4,native,qm9s_to_sers,fg_phenol,F1,majority,L-isoleucine,0,31,0.0296,0.0
T4,native,qm9s_to_sers,fg_phenol,F1,majority,L-leucine,0,31,0.0296,0.0
T4,native,qm9s_to_sers,fg_phenol,F1,majority,L-lysine,0,31,0.0296,0.0
T4,native,qm9s_to_sers,fg_phenol,F1,majority,L-methionine,0,31,0.0296,0.0
T4,native,qm9s_to_sers,fg_phenol,F1,majority,L-phenylalanine,0,31,0.0296,0.0
T4,native,qm9s_to_sers,fg_phenol,F1,majority,L-proline,0,31,0.0296,0.0
T4,native,qm9s_to_sers,fg_phenol,F1,majority,L-serine,0,21,0.0296,0.0
T4,native,qm9s_to_sers,fg_phenol,F1,majority,L-threonine,0,31,0.0296,0.0
T4,native,qm9s_to_sers,fg_phenol,F1,majority,L-tryptophan,0,21,0.0296,0.0
T4,native,qm9s_to_sers,fg_phenol,F1,majority,L-tyrosine,1,31,0.0296,0.0
T4,native,qm9s_to_sers,fg_phenol,F1,majority,L-valine,0,31,0.0296,0.0
T4,native,qm9s_to_sers,fg_phenol,F1,majority,indole+indole-d6,0,4,0.0296,0.0
T4,native,qm9s_to_sers,fg_phenol,F1,majority,indole-3-acetic acid,0,1,0.0296,0.0
T4,native,qm9s_to_sers,fg_phenol,F1,majority,isatin,0,1,0.0296,0.0
T4,native,qm9s_to_sers,fg_phenol,F1,majority,oxindole,0,1,0.0296,0.0
T4,native,qm9s_to_sers,fg_phenol,F1,majority,tryptophol,0,1,0.0296,0.0
T4,native,qm9s_to_sers,fg_phenol,F1,lr,8-hydroxyquinoline,1,1,0.6562,1.0
T4,native,qm9s_to_sers,fg_phenol,F1,lr,L-alanine,0,31,0.8037,1.0
T4,native,qm9s_to_sers,fg_phenol,F1,lr,L-arginine,0,31,0.7961,1.0
T4,native,qm9s_to_sers,fg_phenol,F1,lr,L-asparagine,0,31,0.7538,1.0
T4,native,qm9s_to_sers,fg_phenol,F1,lr,L-aspartic acid,0,21,0.6406,0.7143
T4,native,qm9s_to_sers,fg_phenol,F1,lr,L-cysteine,0,31,0.5663,0.9355
T4,native,qm9s_to_sers,fg_phenol,F1,lr,L-glutamic acid,0,31,0.9124,1.0
T4,native,qm9s_to_sers,fg_phenol,F1,lr,L-glutamine,0,31,0.5655,0.8387
T4,native,qm9s_to_sers,fg_phenol,F1,lr,L-glycine,0,51,0.7609,1.0
T4,native,qm9s_to_sers,fg_phenol,F1,lr,L-histidine,0,31,0.5369,0.8065
T4,native,qm9s_to_sers,fg_phenol,F1,lr,L-isoleucine,0,31,0.8811,1.0
T4,native,qm9s_to_sers,fg_phenol,F1,lr,L-leucine,0,31,0.7091,0.871
T4,native,qm9s_to_sers,fg_phenol,F1,lr,L-lysine,0,31,0.5968,0.9355
T4,native,qm9s_to_sers,fg_phenol,F1,lr,L-methionine,0,31,0.5619,0.7742
T4,native,qm9s_to_sers,fg_phenol,F1,lr,L-phenylalanine,0,31,0.4415,0.4194
T4,native,qm9s_to_sers,fg_phenol,F1,lr,L-proline,0,31,0.5759,0.9677
T4,native,qm9s_to_sers,fg_phenol,F1,lr,L-serine,0,21,0.8497,1.0
T4,native,qm9s_to_sers,fg_phenol,F1,lr,L-threonine,0,31,0.6127,1.0
T4,native,qm9s_to_sers,fg_phenol,F1,lr,L-tryptophan,0,21,0.9523,1.0
T4,native,qm9s_to_sers,fg_phenol,F1,lr,L-tyrosine,1,31,0.8534,1.0
T4,native,qm9s_to_sers,fg_phenol,F1,lr,L-valine,0,31,0.677,0.9355
T4,native,qm9s_to_sers,fg_phenol,F1,lr,indole+indole-d6,0,4,0.5605,0.5
T4,native,qm9s_to_sers,fg_phenol,F1,lr,indole-3-acetic acid,0,1,0.6376,1.0
T4,native,qm9s_to_sers,fg_phenol,F1,lr,isatin,0,1,0.8393,1.0
T4,native,qm9s_to_sers,fg_phenol,F1,lr,oxindole,0,1,0.7772,1.0
T4,native,qm9s_to_sers,fg_phenol,F1,lr,tryptophol,0,1,0.6154,1.0
T4,native,qm9s_to_sers,fg_phenol,F1,hgb,8-hydroxyquinoline,1,1,0.7551,1.0
T4,native,qm9s_to_sers,fg_phenol,F1,hgb,L-alanine,0,31,0.7823,1.0
T4,native,qm9s_to_sers,fg_phenol,F1,hgb,L-arginine,0,31,0.8648,1.0
T4,native,qm9s_to_sers,fg_phenol,F1,hgb,L-asparagine,0,31,0.7279,0.9355
T4,native,qm9s_to_sers,fg_phenol,F1,hgb,L-aspartic acid,0,21,0.5766,0.9524
T4,native,qm9s_to_sers,fg_phenol,F1,hgb,L-cysteine,0,31,0.7029,0.9677
T4,native,qm9s_to_sers,fg_phenol,F1,hgb,L-glutamic acid,0,31,0.8595,1.0
T4,native,qm9s_to_sers,fg_phenol,F1,hgb,L-glutamine,0,31,0.6041,0.871
T4,native,qm9s_to_sers,fg_phenol,F1,hgb,L-glycine,0,51,0.8217,1.0
T4,native,qm9s_to_sers,fg_phenol,F1,hgb,L-histidine,0,31,0.4596,0.8387
T4,native,qm9s_to_sers,fg_phenol,F1,hgb,L-isoleucine,0,31,0.8988,1.0
T4,native,qm9s_to_sers,fg_phenol,F1,hgb,L-leucine,0,31,0.5351,0.8387
T4,native,qm9s_to_sers,fg_phenol,F1,hgb,L-lysine,0,31,0.568,0.9032
T4,native,qm9s_to_sers,fg_phenol,F1,hgb,L-methionine,0,31,0.645,0.9355
T4,native,qm9s_to_sers,fg_phenol,F1,hgb,L-phenylalanine,0,31,0.3292,0.6129
T4,native,qm9s_to_sers,fg_phenol,F1,hgb,L-proline,0,31,0.6278,0.9032
T4,native,qm9s_to_sers,fg_phenol,F1,hgb,L-serine,0,21,0.6399,1.0
T4,native,qm9s_to_sers,fg_phenol,F1,hgb,L-threonine,0,31,0.7169,1.0
T4,native,qm9s_to_sers,fg_phenol,F1,hgb,L-tryptophan,0,21,0.7176,1.0
T4,native,qm9s_to_sers,fg_phenol,F1,hgb,L-tyrosine,1,31,0.8622,1.0
T4,native,qm9s_to_sers,fg_phenol,F1,hgb,L-valine,0,31,0.6451,0.9032
T4,native,qm9s_to_sers,fg_phenol,F1,hgb,indole+indole-d6,0,4,0.2518,0.25
T4,native,qm9s_to_sers,fg_phenol,F1,hgb,indole-3-acetic acid,0,1,0.5813,1.0
T4,native,qm9s_to_sers,fg_phenol,F1,hgb,isatin,0,1,0.4817,1.0
T4,native,qm9s_to_sers,fg_phenol,F1,hgb,oxindole,0,1,0.5627,1.0
T4,native,qm9s_to_sers,fg_phenol,F1,hgb,tryptophol,0,1,0.8546,1.0
T4,native,qm9s_to_sers,fg_phenol,F1,knn,8-hydroxyquinoline,1,1,0.317,1.0
T4,native,qm9s_to_sers,fg_phenol,F1,knn,L-alanine,0,31,0.0706,0.4839
T4,native,qm9s_to_sers,fg_phenol,F1,knn,L-arginine,0,31,0.1013,0.6774
T4,native,qm9s_to_sers,fg_phenol,F1,knn,L-asparagine,0,31,0.0709,0.4194
T4,native,qm9s_to_sers,fg_phenol,F1,knn,L-aspartic acid,0,21,0.0,0.0
T4,native,qm9s_to_sers,fg_phenol,F1,knn,L-cysteine,0,31,0.0493,0.3871
T4,native,qm9s_to_sers,fg_phenol,F1,knn,L-glutamic acid,0,31,0.0538,0.4194
T4,native,qm9s_to_sers,fg_phenol,F1,knn,L-glutamine,0,31,0.0448,0.3871
T4,native,qm9s_to_sers,fg_phenol,F1,knn,L-glycine,0,51,0.0675,0.3725
T4,native,qm9s_to_sers,fg_phenol,F1,knn,L-histidine,0,31,0.0,0.0
T4,native,qm9s_to_sers,fg_phenol,F1,knn,L-isoleucine,0,31,0.0536,0.4194
T4,native,qm9s_to_sers,fg_phenol,F1,knn,L-leucine,0,31,0.064,0.6452
T4,native,qm9s_to_sers,fg_phenol,F1,knn,L-lysine,0,31,0.0155,0.1613
T4,native,qm9s_to_sers,fg_phenol,F1,knn,L-methionine,0,31,0.1283,0.7097
T4,native,qm9s_to_sers,fg_phenol,F1,knn,L-phenylalanine,0,31,0.0063,0.0323
T4,native,qm9s_to_sers,fg_phenol,F1,knn,L-proline,0,31,0.0257,0.2581
T4,native,qm9s_to_sers,fg_phenol,F1,knn,L-serine,0,21,0.1204,0.5714
T4,native,qm9s_to_sers,fg_phenol,F1,knn,L-threonine,0,31,0.0456,0.4516
T4,native,qm9s_to_sers,fg_phenol,F1,knn,L-tryptophan,0,21,0.1241,0.9048
T4,native,qm9s_to_sers,fg_phenol,F1,knn,L-tyrosine,1,31,0.1754,0.9032
T4,native,qm9s_to_sers,fg_phenol,F1,knn,L-valine,0,31,0.0192,0.129
T4,native,qm9s_to_sers,fg_phenol,F1,knn,indole+indole-d6,0,4,0.1662,0.75
T4,native,qm9s_to_sers,fg_phenol,F1,knn,indole-3-acetic acid,0,1,0.2799,1.0
T4,native,qm9s_to_sers,fg_phenol,F1,knn,isatin,0,1,0.0952,1.0
T4,native,qm9s_to_sers,fg_phenol,F1,knn,oxindole,0,1,0.0,0.0
T4,native,qm9s_to_sers,fg_phenol,F1,knn,tryptophol,0,1,0.3413,1.0
T4,native,qm9s_to_sers,fg_phenol,F1pos,majority,8-hydroxyquinoline,1,1,0.0296,0.0
T4,native,qm9s_to_sers,fg_phenol,F1pos,majority,L-alanine,0,31,0.0296,0.0
T4,native,qm9s_to_sers,fg_phenol,F1pos,majority,L-arginine,0,31,0.0296,0.0
T4,native,qm9s_to_sers,fg_phenol,F1pos,majority,L-asparagine,0,31,0.0296,0.0
T4,native,qm9s_to_sers,fg_phenol,F1pos,majority,L-aspartic acid,0,21,0.0296,0.0
T4,native,qm9s_to_sers,fg_phenol,F1pos,majority,L-cysteine,0,31,0.0296,0.0
T4,native,qm9s_to_sers,fg_phenol,F1pos,majority,L-glutamic acid,0,31,0.0296,0.0
T4,native,qm9s_to_sers,fg_phenol,F1pos,majority,L-glutamine,0,31,0.0296,0.0
T4,native,qm9s_to_sers,fg_phenol,F1pos,majority,L-glycine,0,51,0.0296,0.0
T4,native,qm9s_to_sers,fg_phenol,F1pos,majority,L-histidine,0,31,0.0296,0.0
T4,native,qm9s_to_sers,fg_phenol,F1pos,majority,L-isoleucine,0,31,0.0296,0.0
T4,native,qm9s_to_sers,fg_phenol,F1pos,majority,L-leucine,0,31,0.0296,0.0
T4,native,qm9s_to_sers,fg_phenol,F1pos,majority,L-lysine,0,31,0.0296,0.0
T4,native,qm9s_to_sers,fg_phenol,F1pos,majority,L-methionine,0,31,0.0296,0.0
T4,native,qm9s_to_sers,fg_phenol,F1pos,majority,L-phenylalanine,0,31,0.0296,0.0
T4,native,qm9s_to_sers,fg_phenol,F1pos,majority,L-proline,0,31,0.0296,0.0
T4,native,qm9s_to_sers,fg_phenol,F1pos,majority,L-serine,0,21,0.0296,0.0
T4,native,qm9s_to_sers,fg_phenol,F1pos,majority,L-threonine,0,31,0.0296,0.0
T4,native,qm9s_to_sers,fg_phenol,F1pos,majority,L-tryptophan,0,21,0.0296,0.0
T4,native,qm9s_to_sers,fg_phenol,F1pos,majority,L-tyrosine,1,31,0.0296,0.0
T4,native,qm9s_to_sers,fg_phenol,F1pos,majority,L-valine,0,31,0.0296,0.0
T4,native,qm9s_to_sers,fg_phenol,F1pos,majority,indole+indole-d6,0,4,0.0296,0.0
T4,native,qm9s_to_sers,fg_phenol,F1pos,majority,indole-3-acetic acid,0,1,0.0296,0.0
T4,native,qm9s_to_sers,fg_phenol,F1pos,majority,isatin,0,1,0.0296,0.0
T4,native,qm9s_to_sers,fg_phenol,F1pos,majority,oxindole,0,1,0.0296,0.0
T4,native,qm9s_to_sers,fg_phenol,F1pos,majority,tryptophol,0,1,0.0296,0.0
T4,native,qm9s_to_sers,fg_phenol,F1pos,lr,8-hydroxyquinoline,1,1,0.588,1.0
T4,native,qm9s_to_sers,fg_phenol,F1pos,lr,L-alanine,0,31,0.8907,1.0
T4,native,qm9s_to_sers,fg_phenol,F1pos,lr,L-arginine,0,31,0.8826,1.0
T4,native,qm9s_to_sers,fg_phenol,F1pos,lr,L-asparagine,0,31,0.8322,1.0
T4,native,qm9s_to_sers,fg_phenol,F1pos,lr,L-aspartic acid,0,21,0.6371,0.8571
T4,native,qm9s_to_sers,fg_phenol,F1pos,lr,L-cysteine,0,31,0.7326,1.0
T4,native,qm9s_to_sers,fg_phenol,F1pos,lr,L-glutamic acid,0,31,0.9053,1.0
T4,native,qm9s_to_sers,fg_phenol,F1pos,lr,L-glutamine,0,31,0.6707,0.871
T4,native,qm9s_to_sers,fg_phenol,F1pos,lr,L-glycine,0,51,0.7903,0.9608
T4,native,qm9s_to_sers,fg_phenol,F1pos,lr,L-histidine,0,31,0.6084,0.9032
T4,native,qm9s_to_sers,fg_phenol,F1pos,lr,L-isoleucine,0,31,0.9362,1.0
T4,native,qm9s_to_sers,fg_phenol,F1pos,lr,L-leucine,0,31,0.7711,0.9032
T4,native,qm9s_to_sers,fg_phenol,F1pos,lr,L-lysine,0,31,0.6184,0.9677
T4,native,qm9s_to_sers,fg_phenol,F1pos,lr,L-methionine,0,31,0.7723,1.0
T4,native,qm9s_to_sers,fg_phenol,F1pos,lr,L-phenylalanine,0,31,0.3859,0.5806
T4,native,qm9s_to_sers,fg_phenol,F1pos,lr,L-proline,0,31,0.639,1.0
T4,native,qm9s_to_sers,fg_phenol,F1pos,lr,L-serine,0,21,0.8931,1.0
T4,native,qm9s_to_sers,fg_phenol,F1pos,lr,L-threonine,0,31,0.7014,1.0
T4,native,qm9s_to_sers,fg_phenol,F1pos,lr,L-tryptophan,0,21,0.9575,1.0
T4,native,qm9s_to_sers,fg_phenol,F1pos,lr,L-tyrosine,1,31,0.9364,1.0
T4,native,qm9s_to_sers,fg_phenol,F1pos,lr,L-valine,0,31,0.7439,0.9355
T4,native,qm9s_to_sers,fg_phenol,F1pos,lr,indole+indole-d6,0,4,0.5935,0.75
T4,native,qm9s_to_sers,fg_phenol,F1pos,lr,indole-3-acetic acid,0,1,0.3045,0.0
T4,native,qm9s_to_sers,fg_phenol,F1pos,lr,isatin,0,1,0.7077,1.0
T4,native,qm9s_to_sers,fg_phenol,F1pos,lr,oxindole,0,1,0.4906,1.0
T4,native,qm9s_to_sers,fg_phenol,F1pos,lr,tryptophol,0,1,0.7637,1.0
T4,native,qm9s_to_sers,fg_phenol,F1pos,hgb,8-hydroxyquinoline,1,1,0.8631,1.0
T4,native,qm9s_to_sers,fg_phenol,F1pos,hgb,L-alanine,0,31,0.8191,1.0
T4,native,qm9s_to_sers,fg_phenol,F1pos,hgb,L-arginine,0,31,0.7782,1.0
T4,native,qm9s_to_sers,fg_phenol,F1pos,hgb,L-asparagine,0,31,0.7967,1.0
T4,native,qm9s_to_sers,fg_phenol,F1pos,hgb,L-aspartic acid,0,21,0.5745,0.7619
T4,native,qm9s_to_sers,fg_phenol,F1pos,hgb,L-cysteine,0,31,0.7485,0.9677
T4,native,qm9s_to_sers,fg_phenol,F1pos,hgb,L-glutamic acid,0,31,0.8371,1.0
T4,native,qm9s_to_sers,fg_phenol,F1pos,hgb,L-glutamine,0,31,0.6862,1.0
T4,native,qm9s_to_sers,fg_phenol,F1pos,hgb,L-glycine,0,51,0.6811,0.9608
T4,native,qm9s_to_sers,fg_phenol,F1pos,hgb,L-histidine,0,31,0.6009,0.9355
T4,native,qm9s_to_sers,fg_phenol,F1pos,hgb,L-isoleucine,0,31,0.8433,1.0
T4,native,qm9s_to_sers,fg_phenol,F1pos,hgb,L-leucine,0,31,0.6774,1.0
T4,native,qm9s_to_sers,fg_phenol,F1pos,hgb,L-lysine,0,31,0.6879,1.0
T4,native,qm9s_to_sers,fg_phenol,F1pos,hgb,L-methionine,0,31,0.7955,1.0
T4,native,qm9s_to_sers,fg_phenol,F1pos,hgb,L-phenylalanine,0,31,0.4141,0.6774
T4,native,qm9s_to_sers,fg_phenol,F1pos,hgb,L-proline,0,31,0.5859,0.9677
T4,native,qm9s_to_sers,fg_phenol,F1pos,hgb,L-serine,0,21,0.7579,1.0
T4,native,qm9s_to_sers,fg_phenol,F1pos,hgb,L-threonine,0,31,0.6999,1.0
T4,native,qm9s_to_sers,fg_phenol,F1pos,hgb,L-tryptophan,0,21,0.7612,1.0
T4,native,qm9s_to_sers,fg_phenol,F1pos,hgb,L-tyrosine,1,31,0.8366,1.0
T4,native,qm9s_to_sers,fg_phenol,F1pos,hgb,L-valine,0,31,0.7701,1.0
T4,native,qm9s_to_sers,fg_phenol,F1pos,hgb,indole+indole-d6,0,4,0.3329,0.5
T4,native,qm9s_to_sers,fg_phenol,F1pos,hgb,indole-3-acetic acid,0,1,0.334,1.0
T4,native,qm9s_to_sers,fg_phenol,F1pos,hgb,isatin,0,1,0.7483,1.0
T4,native,qm9s_to_sers,fg_phenol,F1pos,hgb,oxindole,0,1,0.4209,1.0
T4,native,qm9s_to_sers,fg_phenol,F1pos,hgb,tryptophol,0,1,0.8368,1.0
T4,native,qm9s_to_sers,fg_phenol,F1pos,knn,8-hydroxyquinoline,1,1,0.0,0.0
T4,native,qm9s_to_sers,fg_phenol,F1pos,knn,L-alanine,0,31,0.0683,0.4194
T4,native,qm9s_to_sers,fg_phenol,F1pos,knn,L-arginine,0,31,0.0873,0.5484
T4,native,qm9s_to_sers,fg_phenol,F1pos,knn,L-asparagine,0,31,0.0867,0.6774
T4,native,qm9s_to_sers,fg_phenol,F1pos,knn,L-aspartic acid,0,21,0.047,0.3333
T4,native,qm9s_to_sers,fg_phenol,F1pos,knn,L-cysteine,0,31,0.0605,0.3871
T4,native,qm9s_to_sers,fg_phenol,F1pos,knn,L-glutamic acid,0,31,0.1326,0.7742
T4,native,qm9s_to_sers,fg_phenol,F1pos,knn,L-glutamine,0,31,0.0451,0.3548
T4,native,qm9s_to_sers,fg_phenol,F1pos,knn,L-glycine,0,51,0.0792,0.7255
T4,native,qm9s_to_sers,fg_phenol,F1pos,knn,L-histidine,0,31,0.0143,0.129
T4,native,qm9s_to_sers,fg_phenol,F1pos,knn,L-isoleucine,0,31,0.103,0.6774
T4,native,qm9s_to_sers,fg_phenol,F1pos,knn,L-leucine,0,31,0.0907,0.7097
T4,native,qm9s_to_sers,fg_phenol,F1pos,knn,L-lysine,0,31,0.0135,0.129
T4,native,qm9s_to_sers,fg_phenol,F1pos,knn,L-methionine,0,31,0.0529,0.3548
T4,native,qm9s_to_sers,fg_phenol,F1pos,knn,L-phenylalanine,0,31,0.0098,0.0968
T4,native,qm9s_to_sers,fg_phenol,F1pos,knn,L-proline,0,31,0.0254,0.2581
T4,native,qm9s_to_sers,fg_phenol,F1pos,knn,L-serine,0,21,0.0578,0.381
T4,native,qm9s_to_sers,fg_phenol,F1pos,knn,L-threonine,0,31,0.0289,0.2903
T4,native,qm9s_to_sers,fg_phenol,F1pos,knn,L-tryptophan,0,21,0.0952,0.7619
T4,native,qm9s_to_sers,fg_phenol,F1pos,knn,L-tyrosine,1,31,0.1147,0.871
T4,native,qm9s_to_sers,fg_phenol,F1pos,knn,L-valine,0,31,0.0727,0.7097
T4,native,qm9s_to_sers,fg_phenol,F1pos,knn,indole+indole-d6,0,4,0.0284,0.25
T4,native,qm9s_to_sers,fg_phenol,F1pos,knn,indole-3-acetic acid,0,1,0.0,0.0
T4,native,qm9s_to_sers,fg_phenol,F1pos,knn,isatin,0,1,0.0,0.0
T4,native,qm9s_to_sers,fg_phenol,F1pos,knn,oxindole,0,1,0.0,0.0
T4,native,qm9s_to_sers,fg_phenol,F1pos,knn,tryptophol,0,1,0.0999,1.0
T4,native,qm9s_to_sers,fg_phenol,F2,majority,8-hydroxyquinoline,1,1,0.0296,0.0
T4,native,qm9s_to_sers,fg_phenol,F2,majority,L-alanine,0,31,0.0296,0.0
T4,native,qm9s_to_sers,fg_phenol,F2,majority,L-arginine,0,31,0.0296,0.0
T4,native,qm9s_to_sers,fg_phenol,F2,majority,L-asparagine,0,31,0.0296,0.0
T4,native,qm9s_to_sers,fg_phenol,F2,majority,L-aspartic acid,0,21,0.0296,0.0
T4,native,qm9s_to_sers,fg_phenol,F2,majority,L-cysteine,0,31,0.0296,0.0
T4,native,qm9s_to_sers,fg_phenol,F2,majority,L-glutamic acid,0,31,0.0296,0.0
T4,native,qm9s_to_sers,fg_phenol,F2,majority,L-glutamine,0,31,0.0296,0.0
T4,native,qm9s_to_sers,fg_phenol,F2,majority,L-glycine,0,51,0.0296,0.0
T4,native,qm9s_to_sers,fg_phenol,F2,majority,L-histidine,0,31,0.0296,0.0
T4,native,qm9s_to_sers,fg_phenol,F2,majority,L-isoleucine,0,31,0.0296,0.0
T4,native,qm9s_to_sers,fg_phenol,F2,majority,L-leucine,0,31,0.0296,0.0
T4,native,qm9s_to_sers,fg_phenol,F2,majority,L-lysine,0,31,0.0296,0.0
T4,native,qm9s_to_sers,fg_phenol,F2,majority,L-methionine,0,31,0.0296,0.0
T4,native,qm9s_to_sers,fg_phenol,F2,majority,L-phenylalanine,0,31,0.0296,0.0
T4,native,qm9s_to_sers,fg_phenol,F2,majority,L-proline,0,31,0.0296,0.0
T4,native,qm9s_to_sers,fg_phenol,F2,majority,L-serine,0,21,0.0296,0.0
T4,native,qm9s_to_sers,fg_phenol,F2,majority,L-threonine,0,31,0.0296,0.0
T4,native,qm9s_to_sers,fg_phenol,F2,majority,L-tryptophan,0,21,0.0296,0.0
T4,native,qm9s_to_sers,fg_phenol,F2,majority,L-tyrosine,1,31,0.0296,0.0
T4,native,qm9s_to_sers,fg_phenol,F2,majority,L-valine,0,31,0.0296,0.0
T4,native,qm9s_to_sers,fg_phenol,F2,majority,indole+indole-d6,0,4,0.0296,0.0
T4,native,qm9s_to_sers,fg_phenol,F2,majority,indole-3-acetic acid,0,1,0.0296,0.0
T4,native,qm9s_to_sers,fg_phenol,F2,majority,isatin,0,1,0.0296,0.0
T4,native,qm9s_to_sers,fg_phenol,F2,majority,oxindole,0,1,0.0296,0.0
T4,native,qm9s_to_sers,fg_phenol,F2,majority,tryptophol,0,1,0.0296,0.0
T4,native,qm9s_to_sers,fg_phenol,F2,lr,8-hydroxyquinoline,1,1,0.6576,1.0
T4,native,qm9s_to_sers,fg_phenol,F2,lr,L-alanine,0,31,0.9183,1.0
T4,native,qm9s_to_sers,fg_phenol,F2,lr,L-arginine,0,31,0.9153,1.0
T4,native,qm9s_to_sers,fg_phenol,F2,lr,L-asparagine,0,31,0.8198,0.9677
T4,native,qm9s_to_sers,fg_phenol,F2,lr,L-aspartic acid,0,21,0.7022,1.0
T4,native,qm9s_to_sers,fg_phenol,F2,lr,L-cysteine,0,31,0.5836,0.9355
T4,native,qm9s_to_sers,fg_phenol,F2,lr,L-glutamic acid,0,31,0.9819,1.0
T4,native,qm9s_to_sers,fg_phenol,F2,lr,L-glutamine,0,31,0.651,1.0
T4,native,qm9s_to_sers,fg_phenol,F2,lr,L-glycine,0,51,0.8501,1.0
T4,native,qm9s_to_sers,fg_phenol,F2,lr,L-histidine,0,31,0.6471,1.0
T4,native,qm9s_to_sers,fg_phenol,F2,lr,L-isoleucine,0,31,0.9766,1.0
T4,native,qm9s_to_sers,fg_phenol,F2,lr,L-leucine,0,31,0.718,0.9677
T4,native,qm9s_to_sers,fg_phenol,F2,lr,L-lysine,0,31,0.6962,1.0
T4,native,qm9s_to_sers,fg_phenol,F2,lr,L-methionine,0,31,0.5875,0.8065
T4,native,qm9s_to_sers,fg_phenol,F2,lr,L-phenylalanine,0,31,0.5164,1.0
T4,native,qm9s_to_sers,fg_phenol,F2,lr,L-proline,0,31,0.6743,1.0
T4,native,qm9s_to_sers,fg_phenol,F2,lr,L-serine,0,21,0.5725,0.619
T4,native,qm9s_to_sers,fg_phenol,F2,lr,L-threonine,0,31,0.7416,1.0
T4,native,qm9s_to_sers,fg_phenol,F2,lr,L-tryptophan,0,21,0.8613,0.9524
T4,native,qm9s_to_sers,fg_phenol,F2,lr,L-tyrosine,1,31,0.9205,1.0
T4,native,qm9s_to_sers,fg_phenol,F2,lr,L-valine,0,31,0.707,0.9677
T4,native,qm9s_to_sers,fg_phenol,F2,lr,indole+indole-d6,0,4,0.8605,1.0
T4,native,qm9s_to_sers,fg_phenol,F2,lr,indole-3-acetic acid,0,1,0.5776,1.0
T4,native,qm9s_to_sers,fg_phenol,F2,lr,isatin,0,1,0.9681,1.0
T4,native,qm9s_to_sers,fg_phenol,F2,lr,oxindole,0,1,0.4612,1.0
T4,native,qm9s_to_sers,fg_phenol,F2,lr,tryptophol,0,1,0.8078,1.0
T4,native,qm9s_to_sers,fg_phenol,F2,hgb,8-hydroxyquinoline,1,1,0.0068,0.0
T4,native,qm9s_to_sers,fg_phenol,F2,hgb,L-alanine,0,31,0.6965,1.0
T4,native,qm9s_to_sers,fg_phenol,F2,hgb,L-arginine,0,31,0.8798,1.0
T4,native,qm9s_to_sers,fg_phenol,F2,hgb,L-asparagine,0,31,0.7314,0.9355
T4,native,qm9s_to_sers,fg_phenol,F2,hgb,L-aspartic acid,0,21,0.791,1.0
T4,native,qm9s_to_sers,fg_phenol,F2,hgb,L-cysteine,0,31,0.6645,0.9677
T4,native,qm9s_to_sers,fg_phenol,F2,hgb,L-glutamic acid,0,31,0.7009,1.0
T4,native,qm9s_to_sers,fg_phenol,F2,hgb,L-glutamine,0,31,0.7328,1.0
T4,native,qm9s_to_sers,fg_phenol,F2,hgb,L-glycine,0,51,0.7199,0.9804
T4,native,qm9s_to_sers,fg_phenol,F2,hgb,L-histidine,0,31,0.7931,1.0
T4,native,qm9s_to_sers,fg_phenol,F2,hgb,L-isoleucine,0,31,0.8204,1.0
T4,native,qm9s_to_sers,fg_phenol,F2,hgb,L-leucine,0,31,0.5273,0.871
T4,native,qm9s_to_sers,fg_phenol,F2,hgb,L-lysine,0,31,0.7466,1.0
T4,native,qm9s_to_sers,fg_phenol,F2,hgb,L-methionine,0,31,0.6595,0.871
T4,native,qm9s_to_sers,fg_phenol,F2,hgb,L-phenylalanine,0,31,0.4711,1.0
T4,native,qm9s_to_sers,fg_phenol,F2,hgb,L-proline,0,31,0.7383,1.0
T4,native,qm9s_to_sers,fg_phenol,F2,hgb,L-serine,0,21,0.3742,0.5238
T4,native,qm9s_to_sers,fg_phenol,F2,hgb,L-threonine,0,31,0.8633,1.0
T4,native,qm9s_to_sers,fg_phenol,F2,hgb,L-tryptophan,0,21,0.2078,0.5238
T4,native,qm9s_to_sers,fg_phenol,F2,hgb,L-tyrosine,1,31,0.5414,1.0
T4,native,qm9s_to_sers,fg_phenol,F2,hgb,L-valine,0,31,0.645,0.9677
T4,native,qm9s_to_sers,fg_phenol,F2,hgb,indole+indole-d6,0,4,0.0077,0.0
T4,native,qm9s_to_sers,fg_phenol,F2,hgb,indole-3-acetic acid,0,1,0.002,0.0
T4,native,qm9s_to_sers,fg_phenol,F2,hgb,isatin,0,1,0.0171,0.0
T4,native,qm9s_to_sers,fg_phenol,F2,hgb,oxindole,0,1,0.0028,0.0
T4,native,qm9s_to_sers,fg_phenol,F2,hgb,tryptophol,0,1,0.9156,1.0
T4,native,qm9s_to_sers,fg_phenol,F2,knn,8-hydroxyquinoline,1,1,0.1839,1.0
T4,native,qm9s_to_sers,fg_phenol,F2,knn,L-alanine,0,31,0.0221,0.2258
T4,native,qm9s_to_sers,fg_phenol,F2,knn,L-arginine,0,31,0.0644,0.5806
T4,native,qm9s_to_sers,fg_phenol,F2,knn,L-asparagine,0,31,0.0496,0.3871
T4,native,qm9s_to_sers,fg_phenol,F2,knn,L-aspartic acid,0,21,0.0144,0.0476
T4,native,qm9s_to_sers,fg_phenol,F2,knn,L-cysteine,0,31,0.0425,0.2581
T4,native,qm9s_to_sers,fg_phenol,F2,knn,L-glutamic acid,0,31,0.0226,0.2258
T4,native,qm9s_to_sers,fg_phenol,F2,knn,L-glutamine,0,31,0.0288,0.2258
T4,native,qm9s_to_sers,fg_phenol,F2,knn,L-glycine,0,51,0.0742,0.5098
T4,native,qm9s_to_sers,fg_phenol,F2,knn,L-histidine,0,31,0.0411,0.2903
T4,native,qm9s_to_sers,fg_phenol,F2,knn,L-isoleucine,0,31,0.0033,0.0323
T4,native,qm9s_to_sers,fg_phenol,F2,knn,L-leucine,0,31,0.0383,0.3871
T4,native,qm9s_to_sers,fg_phenol,F2,knn,L-lysine,0,31,0.0,0.0
T4,native,qm9s_to_sers,fg_phenol,F2,knn,L-methionine,0,31,0.0064,0.0645
T4,native,qm9s_to_sers,fg_phenol,F2,knn,L-phenylalanine,0,31,0.0031,0.0323
T4,native,qm9s_to_sers,fg_phenol,F2,knn,L-proline,0,31,0.0,0.0
T4,native,qm9s_to_sers,fg_phenol,F2,knn,L-serine,0,21,0.0144,0.0952
T4,native,qm9s_to_sers,fg_phenol,F2,knn,L-threonine,0,31,0.0527,0.3871
T4,native,qm9s_to_sers,fg_phenol,F2,knn,L-tryptophan,0,21,0.0826,0.5714
T4,native,qm9s_to_sers,fg_phenol,F2,knn,L-tyrosine,1,31,0.1341,0.6774
T4,native,qm9s_to_sers,fg_phenol,F2,knn,L-valine,0,31,0.0444,0.4516
T4,native,qm9s_to_sers,fg_phenol,F2,knn,indole+indole-d6,0,4,0.2243,1.0
T4,native,qm9s_to_sers,fg_phenol,F2,knn,indole-3-acetic acid,0,1,0.2963,1.0
T4,native,qm9s_to_sers,fg_phenol,F2,knn,isatin,0,1,0.0,0.0
T4,native,qm9s_to_sers,fg_phenol,F2,knn,oxindole,0,1,0.0,0.0
T4,native,qm9s_to_sers,fg_phenol,F2,knn,tryptophol,0,1,0.3004,1.0
T4,native,qm9s_to_sers,fg_phenol,F3,majority,8-hydroxyquinoline,1,1,0.0296,0.0
T4,native,qm9s_to_sers,fg_phenol,F3,majority,L-alanine,0,31,0.0296,0.0
T4,native,qm9s_to_sers,fg_phenol,F3,majority,L-arginine,0,31,0.0296,0.0
T4,native,qm9s_to_sers,fg_phenol,F3,majority,L-asparagine,0,31,0.0296,0.0
T4,native,qm9s_to_sers,fg_phenol,F3,majority,L-aspartic acid,0,21,0.0296,0.0
T4,native,qm9s_to_sers,fg_phenol,F3,majority,L-cysteine,0,31,0.0296,0.0
T4,native,qm9s_to_sers,fg_phenol,F3,majority,L-glutamic acid,0,31,0.0296,0.0
T4,native,qm9s_to_sers,fg_phenol,F3,majority,L-glutamine,0,31,0.0296,0.0
T4,native,qm9s_to_sers,fg_phenol,F3,majority,L-glycine,0,51,0.0296,0.0
T4,native,qm9s_to_sers,fg_phenol,F3,majority,L-histidine,0,31,0.0296,0.0
T4,native,qm9s_to_sers,fg_phenol,F3,majority,L-isoleucine,0,31,0.0296,0.0
T4,native,qm9s_to_sers,fg_phenol,F3,majority,L-leucine,0,31,0.0296,0.0
T4,native,qm9s_to_sers,fg_phenol,F3,majority,L-lysine,0,31,0.0296,0.0
T4,native,qm9s_to_sers,fg_phenol,F3,majority,L-methionine,0,31,0.0296,0.0
T4,native,qm9s_to_sers,fg_phenol,F3,majority,L-phenylalanine,0,31,0.0296,0.0
T4,native,qm9s_to_sers,fg_phenol,F3,majority,L-proline,0,31,0.0296,0.0
T4,native,qm9s_to_sers,fg_phenol,F3,majority,L-serine,0,21,0.0296,0.0
T4,native,qm9s_to_sers,fg_phenol,F3,majority,L-threonine,0,31,0.0296,0.0
T4,native,qm9s_to_sers,fg_phenol,F3,majority,L-tryptophan,0,21,0.0296,0.0
T4,native,qm9s_to_sers,fg_phenol,F3,majority,L-tyrosine,1,31,0.0296,0.0
T4,native,qm9s_to_sers,fg_phenol,F3,majority,L-valine,0,31,0.0296,0.0
T4,native,qm9s_to_sers,fg_phenol,F3,majority,indole+indole-d6,0,4,0.0296,0.0
T4,native,qm9s_to_sers,fg_phenol,F3,majority,indole-3-acetic acid,0,1,0.0296,0.0
T4,native,qm9s_to_sers,fg_phenol,F3,majority,isatin,0,1,0.0296,0.0
T4,native,qm9s_to_sers,fg_phenol,F3,majority,oxindole,0,1,0.0296,0.0
T4,native,qm9s_to_sers,fg_phenol,F3,majority,tryptophol,0,1,0.0296,0.0
T4,native,qm9s_to_sers,fg_phenol,F3,lr,8-hydroxyquinoline,1,1,0.0097,0.0
T4,native,qm9s_to_sers,fg_phenol,F3,lr,L-alanine,0,31,0.1566,0.0968
T4,native,qm9s_to_sers,fg_phenol,F3,lr,L-arginine,0,31,0.1574,0.0323
T4,native,qm9s_to_sers,fg_phenol,F3,lr,L-asparagine,0,31,0.1288,0.0968
T4,native,qm9s_to_sers,fg_phenol,F3,lr,L-aspartic acid,0,21,0.3492,0.4762
T4,native,qm9s_to_sers,fg_phenol,F3,lr,L-cysteine,0,31,0.0075,0.0
T4,native,qm9s_to_sers,fg_phenol,F3,lr,L-glutamic acid,0,31,0.4178,0.3226
T4,native,qm9s_to_sers,fg_phenol,F3,lr,L-glutamine,0,31,0.0457,0.0
T4,native,qm9s_to_sers,fg_phenol,F3,lr,L-glycine,0,51,0.1501,0.1961
T4,native,qm9s_to_sers,fg_phenol,F3,lr,L-histidine,0,31,0.0557,0.0
T4,native,qm9s_to_sers,fg_phenol,F3,lr,L-isoleucine,0,31,0.2895,0.5161
T4,native,qm9s_to_sers,fg_phenol,F3,lr,L-leucine,0,31,0.1287,0.0
T4,native,qm9s_to_sers,fg_phenol,F3,lr,L-lysine,0,31,0.0497,0.0
T4,native,qm9s_to_sers,fg_phenol,F3,lr,L-methionine,0,31,0.0177,0.0
T4,native,qm9s_to_sers,fg_phenol,F3,lr,L-phenylalanine,0,31,0.0612,0.0
T4,native,qm9s_to_sers,fg_phenol,F3,lr,L-proline,0,31,0.0455,0.0
T4,native,qm9s_to_sers,fg_phenol,F3,lr,L-serine,0,21,0.2365,0.381
T4,native,qm9s_to_sers,fg_phenol,F3,lr,L-threonine,0,31,0.0406,0.0
T4,native,qm9s_to_sers,fg_phenol,F3,lr,L-tryptophan,0,21,0.3806,0.7143
T4,native,qm9s_to_sers,fg_phenol,F3,lr,L-tyrosine,1,31,0.1907,0.1613
T4,native,qm9s_to_sers,fg_phenol,F3,lr,L-valine,0,31,0.0745,0.0
T4,native,qm9s_to_sers,fg_phenol,F3,lr,indole+indole-d6,0,4,0.3093,0.5
T4,native,qm9s_to_sers,fg_phenol,F3,lr,indole-3-acetic acid,0,1,0.0063,0.0
T4,native,qm9s_to_sers,fg_phenol,F3,lr,isatin,0,1,0.204,0.0
T4,native,qm9s_to_sers,fg_phenol,F3,lr,oxindole,0,1,0.1705,0.0
T4,native,qm9s_to_sers,fg_phenol,F3,lr,tryptophol,0,1,0.0617,0.0
T4,native,qm9s_to_sers,fg_phenol,F3,hgb,8-hydroxyquinoline,1,1,0.0005,0.0
T4,native,qm9s_to_sers,fg_phenol,F3,hgb,L-alanine,0,31,0.0391,0.5484
T4,native,qm9s_to_sers,fg_phenol,F3,hgb,L-arginine,0,31,0.0486,0.6129
T4,native,qm9s_to_sers,fg_phenol,F3,hgb,L-asparagine,0,31,0.0692,0.6452
T4,native,qm9s_to_sers,fg_phenol,F3,hgb,L-aspartic acid,0,21,0.0779,0.7143
T4,native,qm9s_to_sers,fg_phenol,F3,hgb,L-cysteine,0,31,0.0073,0.0
T4,native,qm9s_to_sers,fg_phenol,F3,hgb,L-glutamic acid,0,31,0.017,0.0968
T4,native,qm9s_to_sers,fg_phenol,F3,hgb,L-glutamine,0,31,0.0412,0.3871
T4,native,qm9s_to_sers,fg_phenol,F3,hgb,L-glycine,0,51,0.0736,0.6471
T4,native,qm9s_to_sers,fg_phenol,F3,hgb,L-histidine,0,31,0.0326,0.1935
T4,native,qm9s_to_sers,fg_phenol,F3,hgb,L-isoleucine,0,31,0.0472,0.3871
T4,native,qm9s_to_sers,fg_phenol,F3,hgb,L-leucine,0,31,0.0505,0.3548
T4,native,qm9s_to_sers,fg_phenol,F3,hgb,L-lysine,0,31,0.0874,0.7419
T4,native,qm9s_to_sers,fg_phenol,F3,hgb,L-methionine,0,31,0.0023,0.0
T4,native,qm9s_to_sers,fg_phenol,F3,hgb,L-phenylalanine,0,31,0.1525,0.9355
T4,native,qm9s_to_sers,fg_phenol,F3,hgb,L-proline,0,31,0.0702,0.7742
T4,native,qm9s_to_sers,fg_phenol,F3,hgb,L-serine,0,21,0.0332,0.2381
T4,native,qm9s_to_sers,fg_phenol,F3,hgb,L-threonine,0,31,0.0565,0.5806
T4,native,qm9s_to_sers,fg_phenol,F3,hgb,L-tryptophan,0,21,0.0126,0.0952
T4,native,qm9s_to_sers,fg_phenol,F3,hgb,L-tyrosine,1,31,0.0346,0.3548
T4,native,qm9s_to_sers,fg_phenol,F3,hgb,L-valine,0,31,0.0165,0.0968
T4,native,qm9s_to_sers,fg_phenol,F3,hgb,indole+indole-d6,0,4,0.0668,0.25
T4,native,qm9s_to_sers,fg_phenol,F3,hgb,indole-3-acetic acid,0,1,0.0007,0.0
T4,native,qm9s_to_sers,fg_phenol,F3,hgb,isatin,0,1,0.1,1.0
T4,native,qm9s_to_sers,fg_phenol,F3,hgb,oxindole,0,1,0.0801,1.0
T4,native,qm9s_to_sers,fg_phenol,F3,hgb,tryptophol,0,1,0.0318,0.0
T4,native,qm9s_to_sers,fg_phenol,F3,knn,8-hydroxyquinoline,1,1,0.3144,1.0
T4,native,qm9s_to_sers,fg_phenol,F3,knn,L-alanine,0,31,0.0062,0.0645
T4,native,qm9s_to_sers,fg_phenol,F3,knn,L-arginine,0,31,0.0346,0.3548
T4,native,qm9s_to_sers,fg_phenol,F3,knn,L-asparagine,0,31,0.0,0.0
T4,native,qm9s_to_sers,fg_phenol,F3,knn,L-aspartic acid,0,21,0.0473,0.4762
T4,native,qm9s_to_sers,fg_phenol,F3,knn,L-cysteine,0,31,0.0,0.0
T4,native,qm9s_to_sers,fg_phenol,F3,knn,L-glutamic acid,0,31,0.0029,0.0323
T4,native,qm9s_to_sers,fg_phenol,F3,knn,L-glutamine,0,31,0.0702,0.7097
T4,native,qm9s_to_sers,fg_phenol,F3,knn,L-glycine,0,51,0.0412,0.3922
T4,native,qm9s_to_sers,fg_phenol,F3,knn,L-histidine,0,31,0.0995,1.0
T4,native,qm9s_to_sers,fg_phenol,F3,knn,L-isoleucine,0,31,0.0029,0.0323
T4,native,qm9s_to_sers,fg_phenol,F3,knn,L-leucine,0,31,0.0177,0.1935
T4,native,qm9s_to_sers,fg_phenol,F3,knn,L-lysine,0,31,0.0963,0.9677
T4,native,qm9s_to_sers,fg_phenol,F3,knn,L-methionine,0,31,0.0,0.0
T4,native,qm9s_to_sers,fg_phenol,F3,knn,L-phenylalanine,0,31,0.0722,0.6774
T4,native,qm9s_to_sers,fg_phenol,F3,knn,L-proline,0,31,0.0726,0.7097
T4,native,qm9s_to_sers,fg_phenol,F3,knn,L-serine,0,21,0.0,0.0
T4,native,qm9s_to_sers,fg_phenol,F3,knn,L-threonine,0,31,0.0606,0.6129
T4,native,qm9s_to_sers,fg_phenol,F3,knn,L-tryptophan,0,21,0.0049,0.0476
T4,native,qm9s_to_sers,fg_phenol,F3,knn,L-tyrosine,1,31,0.0032,0.0323
T4,native,qm9s_to_sers,fg_phenol,F3,knn,L-valine,0,31,0.0065,0.0645
T4,native,qm9s_to_sers,fg_phenol,F3,knn,indole+indole-d6,0,4,0.0723,0.75
T4,native,qm9s_to_sers,fg_phenol,F3,knn,indole-3-acetic acid,0,1,0.4118,1.0
T4,native,qm9s_to_sers,fg_phenol,F3,knn,isatin,0,1,0.0,0.0
T4,native,qm9s_to_sers,fg_phenol,F3,knn,oxindole,0,1,0.0,0.0
T4,native,qm9s_to_sers,fg_phenol,F3,knn,tryptophol,0,1,0.0,0.0
T4,native,qm9s_to_sers,fg_ketone,F1,majority,8-hydroxyquinoline,0,1,0.1166,0.0
T4,native,qm9s_to_sers,fg_ketone,F1,majority,L-alanine,0,31,0.1166,0.0
T4,native,qm9s_to_sers,fg_ketone,F1,majority,L-arginine,0,31,0.1166,0.0
T4,native,qm9s_to_sers,fg_ketone,F1,majority,L-asparagine,0,31,0.1166,0.0
T4,native,qm9s_to_sers,fg_ketone,F1,majority,L-aspartic acid,0,21,0.1166,0.0
T4,native,qm9s_to_sers,fg_ketone,F1,majority,L-cysteine,0,31,0.1166,0.0
T4,native,qm9s_to_sers,fg_ketone,F1,majority,L-glutamic acid,0,31,0.1166,0.0
T4,native,qm9s_to_sers,fg_ketone,F1,majority,L-glutamine,0,31,0.1166,0.0
T4,native,qm9s_to_sers,fg_ketone,F1,majority,L-glycine,0,51,0.1166,0.0
T4,native,qm9s_to_sers,fg_ketone,F1,majority,L-histidine,0,31,0.1166,0.0
T4,native,qm9s_to_sers,fg_ketone,F1,majority,L-isoleucine,0,31,0.1166,0.0
T4,native,qm9s_to_sers,fg_ketone,F1,majority,L-leucine,0,31,0.1166,0.0
T4,native,qm9s_to_sers,fg_ketone,F1,majority,L-lysine,0,31,0.1166,0.0
T4,native,qm9s_to_sers,fg_ketone,F1,majority,L-methionine,0,31,0.1166,0.0
T4,native,qm9s_to_sers,fg_ketone,F1,majority,L-phenylalanine,0,31,0.1166,0.0
T4,native,qm9s_to_sers,fg_ketone,F1,majority,L-proline,0,31,0.1166,0.0
T4,native,qm9s_to_sers,fg_ketone,F1,majority,L-serine,0,21,0.1166,0.0
T4,native,qm9s_to_sers,fg_ketone,F1,majority,L-threonine,0,31,0.1166,0.0
T4,native,qm9s_to_sers,fg_ketone,F1,majority,L-tryptophan,0,21,0.1166,0.0
T4,native,qm9s_to_sers,fg_ketone,F1,majority,L-tyrosine,0,31,0.1166,0.0
T4,native,qm9s_to_sers,fg_ketone,F1,majority,L-valine,0,31,0.1166,0.0
T4,native,qm9s_to_sers,fg_ketone,F1,majority,indole+indole-d6,0,4,0.1166,0.0
T4,native,qm9s_to_sers,fg_ketone,F1,majority,indole-3-acetic acid,0,1,0.1166,0.0
T4,native,qm9s_to_sers,fg_ketone,F1,majority,isatin,1,1,0.1166,0.0
T4,native,qm9s_to_sers,fg_ketone,F1,majority,oxindole,0,1,0.1166,0.0
T4,native,qm9s_to_sers,fg_ketone,F1,majority,tryptophol,0,1,0.1166,0.0
T4,native,qm9s_to_sers,fg_ketone,F1,lr,8-hydroxyquinoline,0,1,0.7134,1.0
T4,native,qm9s_to_sers,fg_ketone,F1,lr,L-alanine,0,31,0.7153,1.0
T4,native,qm9s_to_sers,fg_ketone,F1,lr,L-arginine,0,31,0.6846,1.0
T4,native,qm9s_to_sers,fg_ketone,F1,lr,L-asparagine,0,31,0.6412,1.0
T4,native,qm9s_to_sers,fg_ketone,F1,lr,L-aspartic acid,0,21,0.6534,1.0
T4,native,qm9s_to_sers,fg_ketone,F1,lr,L-cysteine,0,31,0.4941,1.0
T4,native,qm9s_to_sers,fg_ketone,F1,lr,L-glutamic acid,0,31,0.8208,1.0
T4,native,qm9s_to_sers,fg_ketone,F1,lr,L-glutamine,0,31,0.4938,1.0
T4,native,qm9s_to_sers,fg_ketone,F1,lr,L-glycine,0,51,0.6215,1.0
T4,native,qm9s_to_sers,fg_ketone,F1,lr,L-histidine,0,31,0.4816,0.9677
T4,native,qm9s_to_sers,fg_ketone,F1,lr,L-isoleucine,0,31,0.7752,1.0
T4,native,qm9s_to_sers,fg_ketone,F1,lr,L-leucine,0,31,0.5739,1.0
T4,native,qm9s_to_sers,fg_ketone,F1,lr,L-lysine,0,31,0.5051,1.0
T4,native,qm9s_to_sers,fg_ketone,F1,lr,L-methionine,0,31,0.5369,0.9355
T4,native,qm9s_to_sers,fg_ketone,F1,lr,L-phenylalanine,0,31,0.4694,1.0
T4,native,qm9s_to_sers,fg_ketone,F1,lr,L-proline,0,31,0.4947,1.0
T4,native,qm9s_to_sers,fg_ketone,F1,lr,L-serine,0,21,0.7808,0.9524
T4,native,qm9s_to_sers,fg_ketone,F1,lr,L-threonine,0,31,0.4915,1.0
T4,native,qm9s_to_sers,fg_ketone,F1,lr,L-tryptophan,0,21,0.5792,0.8571
T4,native,qm9s_to_sers,fg_ketone,F1,lr,L-tyrosine,0,31,0.6745,1.0
T4,native,qm9s_to_sers,fg_ketone,F1,lr,L-valine,0,31,0.5165,0.9677
T4,native,qm9s_to_sers,fg_ketone,F1,lr,indole+indole-d6,0,4,0.448,0.5
T4,native,qm9s_to_sers,fg_ketone,F1,lr,indole-3-acetic acid,0,1,0.667,1.0
T4,native,qm9s_to_sers,fg_ketone,F1,lr,isatin,1,1,0.7559,1.0
T4,native,qm9s_to_sers,fg_ketone,F1,lr,oxindole,0,1,0.63,1.0
T4,native,qm9s_to_sers,fg_ketone,F1,lr,tryptophol,0,1,0.5565,1.0
T4,native,qm9s_to_sers,fg_ketone,F1,hgb,8-hydroxyquinoline,0,1,0.3153,0.0
T4,native,qm9s_to_sers,fg_ketone,F1,hgb,L-alanine,0,31,0.336,0.3548
T4,native,qm9s_to_sers,fg_ketone,F1,hgb,L-arginine,0,31,0.2735,0.129
T4,native,qm9s_to_sers,fg_ketone,F1,hgb,L-asparagine,0,31,0.2745,0.0645
T4,native,qm9s_to_sers,fg_ketone,F1,hgb,L-aspartic acid,0,21,0.42,0.4762
T4,native,qm9s_to_sers,fg_ketone,F1,hgb,L-cysteine,0,31,0.292,0.1935
T4,native,qm9s_to_sers,fg_ketone,F1,hgb,L-glutamic acid,0,31,0.4683,0.6129
T4,native,qm9s_to_sers,fg_ketone,F1,hgb,L-glutamine,0,31,0.2756,0.0968
T4,native,qm9s_to_sers,fg_ketone,F1,hgb,L-glycine,0,51,0.2489,0.0784
T4,native,qm9s_to_sers,fg_ketone,F1,hgb,L-histidine,0,31,0.2518,0.0
T4,native,qm9s_to_sers,fg_ketone,F1,hgb,L-isoleucine,0,31,0.3999,0.4516
T4,native,qm9s_to_sers,fg_ketone,F1,hgb,L-leucine,0,31,0.2576,0.0
T4,native,qm9s_to_sers,fg_ketone,F1,hgb,L-lysine,0,31,0.2963,0.0968
T4,native,qm9s_to_sers,fg_ketone,F1,hgb,L-methionine,0,31,0.3552,0.1613
T4,native,qm9s_to_sers,fg_ketone,F1,hgb,L-phenylalanine,0,31,0.3013,0.129
T4,native,qm9s_to_sers,fg_ketone,F1,hgb,L-proline,0,31,0.2646,0.0
T4,native,qm9s_to_sers,fg_ketone,F1,hgb,L-serine,0,21,0.417,0.4286
T4,native,qm9s_to_sers,fg_ketone,F1,hgb,L-threonine,0,31,0.2538,0.129
T4,native,qm9s_to_sers,fg_ketone,F1,hgb,L-tryptophan,0,21,0.2928,0.2381
T4,native,qm9s_to_sers,fg_ketone,F1,hgb,L-tyrosine,0,31,0.25,0.0323
T4,native,qm9s_to_sers,fg_ketone,F1,hgb,L-valine,0,31,0.2514,0.0645
T4,native,qm9s_to_sers,fg_ketone,F1,hgb,indole+indole-d6,0,4,0.2645,0.0
T4,native,qm9s_to_sers,fg_ketone,F1,hgb,indole-3-acetic acid,0,1,0.1762,0.0
T4,native,qm9s_to_sers,fg_ketone,F1,hgb,isatin,1,1,0.2849,0.0
T4,native,qm9s_to_sers,fg_ketone,F1,hgb,oxindole,0,1,0.3707,0.0
T4,native,qm9s_to_sers,fg_ketone,F1,hgb,tryptophol,0,1,0.2154,0.0
T4,native,qm9s_to_sers,fg_ketone,F1,knn,8-hydroxyquinoline,0,1,0.1897,1.0
T4,native,qm9s_to_sers,fg_ketone,F1,knn,L-alanine,0,31,0.1058,0.4194
T4,native,qm9s_to_sers,fg_ketone,F1,knn,L-arginine,0,31,0.102,0.4839
T4,native,qm9s_to_sers,fg_ketone,F1,knn,L-asparagine,0,31,0.0764,0.3871
T4,native,qm9s_to_sers,fg_ketone,F1,knn,L-aspartic acid,0,21,0.1887,0.8095
T4,native,qm9s_to_sers,fg_ketone,F1,knn,L-cysteine,0,31,0.1595,0.7097
T4,native,qm9s_to_sers,fg_ketone,F1,knn,L-glutamic acid,0,31,0.0979,0.4194
T4,native,qm9s_to_sers,fg_ketone,F1,knn,L-glutamine,0,31,0.0509,0.3226
T4,native,qm9s_to_sers,fg_ketone,F1,knn,L-glycine,0,51,0.0622,0.4118
T4,native,qm9s_to_sers,fg_ketone,F1,knn,L-histidine,0,31,0.0769,0.3871
T4,native,qm9s_to_sers,fg_ketone,F1,knn,L-isoleucine,0,31,0.1426,0.7097
T4,native,qm9s_to_sers,fg_ketone,F1,knn,L-leucine,0,31,0.0284,0.1613
T4,native,qm9s_to_sers,fg_ketone,F1,knn,L-lysine,0,31,0.1106,0.5161
T4,native,qm9s_to_sers,fg_ketone,F1,knn,L-methionine,0,31,0.1012,0.5484
T4,native,qm9s_to_sers,fg_ketone,F1,knn,L-phenylalanine,0,31,0.0687,0.3226
T4,native,qm9s_to_sers,fg_ketone,F1,knn,L-proline,0,31,0.1347,0.6452
T4,native,qm9s_to_sers,fg_ketone,F1,knn,L-serine,0,21,0.1576,0.8571
T4,native,qm9s_to_sers,fg_ketone,F1,knn,L-threonine,0,31,0.1073,0.7097
T4,native,qm9s_to_sers,fg_ketone,F1,knn,L-tryptophan,0,21,0.0047,0.0476
T4,native,qm9s_to_sers,fg_ketone,F1,knn,L-tyrosine,0,31,0.0161,0.0968
T4,native,qm9s_to_sers,fg_ketone,F1,knn,L-valine,0,31,0.152,0.8387
T4,native,qm9s_to_sers,fg_ketone,F1,knn,indole+indole-d6,0,4,0.0711,0.5
T4,native,qm9s_to_sers,fg_ketone,F1,knn,indole-3-acetic acid,0,1,0.2627,1.0
T4,native,qm9s_to_sers,fg_ketone,F1,knn,isatin,1,1,0.0,0.0
T4,native,qm9s_to_sers,fg_ketone,F1,knn,oxindole,0,1,0.0,0.0
T4,native,qm9s_to_sers,fg_ketone,F1,knn,tryptophol,0,1,0.2015,1.0
T4,native,qm9s_to_sers,fg_ketone,F1pos,majority,8-hydroxyquinoline,0,1,0.1166,0.0
T4,native,qm9s_to_sers,fg_ketone,F1pos,majority,L-alanine,0,31,0.1166,0.0
T4,native,qm9s_to_sers,fg_ketone,F1pos,majority,L-arginine,0,31,0.1166,0.0
T4,native,qm9s_to_sers,fg_ketone,F1pos,majority,L-asparagine,0,31,0.1166,0.0
T4,native,qm9s_to_sers,fg_ketone,F1pos,majority,L-aspartic acid,0,21,0.1166,0.0
T4,native,qm9s_to_sers,fg_ketone,F1pos,majority,L-cysteine,0,31,0.1166,0.0
T4,native,qm9s_to_sers,fg_ketone,F1pos,majority,L-glutamic acid,0,31,0.1166,0.0
T4,native,qm9s_to_sers,fg_ketone,F1pos,majority,L-glutamine,0,31,0.1166,0.0
T4,native,qm9s_to_sers,fg_ketone,F1pos,majority,L-glycine,0,51,0.1166,0.0
T4,native,qm9s_to_sers,fg_ketone,F1pos,majority,L-histidine,0,31,0.1166,0.0
T4,native,qm9s_to_sers,fg_ketone,F1pos,majority,L-isoleucine,0,31,0.1166,0.0
T4,native,qm9s_to_sers,fg_ketone,F1pos,majority,L-leucine,0,31,0.1166,0.0
T4,native,qm9s_to_sers,fg_ketone,F1pos,majority,L-lysine,0,31,0.1166,0.0
T4,native,qm9s_to_sers,fg_ketone,F1pos,majority,L-methionine,0,31,0.1166,0.0
T4,native,qm9s_to_sers,fg_ketone,F1pos,majority,L-phenylalanine,0,31,0.1166,0.0
T4,native,qm9s_to_sers,fg_ketone,F1pos,majority,L-proline,0,31,0.1166,0.0
T4,native,qm9s_to_sers,fg_ketone,F1pos,majority,L-serine,0,21,0.1166,0.0
T4,native,qm9s_to_sers,fg_ketone,F1pos,majority,L-threonine,0,31,0.1166,0.0
T4,native,qm9s_to_sers,fg_ketone,F1pos,majority,L-tryptophan,0,21,0.1166,0.0
T4,native,qm9s_to_sers,fg_ketone,F1pos,majority,L-tyrosine,0,31,0.1166,0.0
T4,native,qm9s_to_sers,fg_ketone,F1pos,majority,L-valine,0,31,0.1166,0.0
T4,native,qm9s_to_sers,fg_ketone,F1pos,majority,indole+indole-d6,0,4,0.1166,0.0
T4,native,qm9s_to_sers,fg_ketone,F1pos,majority,indole-3-acetic acid,0,1,0.1166,0.0
T4,native,qm9s_to_sers,fg_ketone,F1pos,majority,isatin,1,1,0.1166,0.0
T4,native,qm9s_to_sers,fg_ketone,F1pos,majority,oxindole,0,1,0.1166,0.0
T4,native,qm9s_to_sers,fg_ketone,F1pos,majority,tryptophol,0,1,0.1166,0.0
T4,native,qm9s_to_sers,fg_ketone,F1pos,lr,8-hydroxyquinoline,0,1,0.6544,1.0
T4,native,qm9s_to_sers,fg_ketone,F1pos,lr,L-alanine,0,31,0.5909,0.6774
T4,native,qm9s_to_sers,fg_ketone,F1pos,lr,L-arginine,0,31,0.5049,0.6129
T4,native,qm9s_to_sers,fg_ketone,F1pos,lr,L-asparagine,0,31,0.5041,0.6774
T4,native,qm9s_to_sers,fg_ketone,F1pos,lr,L-aspartic acid,0,21,0.3578,0.381
T4,native,qm9s_to_sers,fg_ketone,F1pos,lr,L-cysteine,0,31,0.4045,0.3871
T4,native,qm9s_to_sers,fg_ketone,F1pos,lr,L-glutamic acid,0,31,0.5562,0.6129
T4,native,qm9s_to_sers,fg_ketone,F1pos,lr,L-glutamine,0,31,0.3329,0.1935
T4,native,qm9s_to_sers,fg_ketone,F1pos,lr,L-glycine,0,51,0.4014,0.3529
T4,native,qm9s_to_sers,fg_ketone,F1pos,lr,L-histidine,0,31,0.3355,0.2258
T4,native,qm9s_to_sers,fg_ketone,F1pos,lr,L-isoleucine,0,31,0.5796,0.7097
T4,native,qm9s_to_sers,fg_ketone,F1pos,lr,L-leucine,0,31,0.3532,0.2581
T4,native,qm9s_to_sers,fg_ketone,F1pos,lr,L-lysine,0,31,0.553,0.9032
T4,native,qm9s_to_sers,fg_ketone,F1pos,lr,L-methionine,0,31,0.4817,0.5484
T4,native,qm9s_to_sers,fg_ketone,F1pos,lr,L-phenylalanine,0,31,0.3295,0.2258
T4,native,qm9s_to_sers,fg_ketone,F1pos,lr,L-proline,0,31,0.3435,0.1935
T4,native,qm9s_to_sers,fg_ketone,F1pos,lr,L-serine,0,21,0.4271,0.4762
T4,native,qm9s_to_sers,fg_ketone,F1pos,lr,L-threonine,0,31,0.3121,0.2903
T4,native,qm9s_to_sers,fg_ketone,F1pos,lr,L-tryptophan,0,21,0.2687,0.2381
T4,native,qm9s_to_sers,fg_ketone,F1pos,lr,L-tyrosine,0,31,0.4717,0.6452
T4,native,qm9s_to_sers,fg_ketone,F1pos,lr,L-valine,0,31,0.2531,0.2581
T4,native,qm9s_to_sers,fg_ketone,F1pos,lr,indole+indole-d6,0,4,0.2924,0.25
T4,native,qm9s_to_sers,fg_ketone,F1pos,lr,indole-3-acetic acid,0,1,0.3243,0.0
T4,native,qm9s_to_sers,fg_ketone,F1pos,lr,isatin,1,1,0.1794,0.0
T4,native,qm9s_to_sers,fg_ketone,F1pos,lr,oxindole,0,1,0.6296,1.0
T4,native,qm9s_to_sers,fg_ketone,F1pos,lr,tryptophol,0,1,0.3791,0.0
T4,native,qm9s_to_sers,fg_ketone,F1pos,hgb,8-hydroxyquinoline,0,1,0.7577,1.0
T4,native,qm9s_to_sers,fg_ketone,F1pos,hgb,L-alanine,0,31,0.4481,0.4194
T4,native,qm9s_to_sers,fg_ketone,F1pos,hgb,L-arginine,0,31,0.3887,0.3548
T4,native,qm9s_to_sers,fg_ketone,F1pos,hgb,L-asparagine,0,31,0.4771,0.4839
T4,native,qm9s_to_sers,fg_ketone,F1pos,hgb,L-aspartic acid,0,21,0.4523,0.4762
T4,native,qm9s_to_sers,fg_ketone,F1pos,hgb,L-cysteine,0,31,0.359,0.2903
T4,native,qm9s_to_sers,fg_ketone,F1pos,hgb,L-glutamic acid,0,31,0.4246,0.3226
T4,native,qm9s_to_sers,fg_ketone,F1pos,hgb,L-glutamine,0,31,0.4078,0.2581
T4,native,qm9s_to_sers,fg_ketone,F1pos,hgb,L-glycine,0,51,0.3846,0.2353
T4,native,qm9s_to_sers,fg_ketone,F1pos,hgb,L-histidine,0,31,0.3886,0.1613
T4,native,qm9s_to_sers,fg_ketone,F1pos,hgb,L-isoleucine,0,31,0.4644,0.4516
T4,native,qm9s_to_sers,fg_ketone,F1pos,hgb,L-leucine,0,31,0.3216,0.2903
T4,native,qm9s_to_sers,fg_ketone,F1pos,hgb,L-lysine,0,31,0.5223,0.871
T4,native,qm9s_to_sers,fg_ketone,F1pos,hgb,L-methionine,0,31,0.4291,0.4194
T4,native,qm9s_to_sers,fg_ketone,F1pos,hgb,L-phenylalanine,0,31,0.3835,0.0968
T4,native,qm9s_to_sers,fg_ketone,F1pos,hgb,L-proline,0,31,0.3598,0.129
T4,native,qm9s_to_sers,fg_ketone,F1pos,hgb,L-serine,0,21,0.3365,0.2857
T4,native,qm9s_to_sers,fg_ketone,F1pos,hgb,L-threonine,0,31,0.389,0.2258
T4,native,qm9s_to_sers,fg_ketone,F1pos,hgb,L-tryptophan,0,21,0.2011,0.0476
T4,native,qm9s_to_sers,fg_ketone,F1pos,hgb,L-tyrosine,0,31,0.3548,0.129
T4,native,qm9s_to_sers,fg_ketone,F1pos,hgb,L-valine,0,31,0.2924,0.1935
T4,native,qm9s_to_sers,fg_ketone,F1pos,hgb,indole+indole-d6,0,4,0.3071,0.25
T4,native,qm9s_to_sers,fg_ketone,F1pos,hgb,indole-3-acetic acid,0,1,0.5092,1.0
T4,native,qm9s_to_sers,fg_ketone,F1pos,hgb,isatin,1,1,0.2216,0.0
T4,native,qm9s_to_sers,fg_ketone,F1pos,hgb,oxindole,0,1,0.4474,0.0
T4,native,qm9s_to_sers,fg_ketone,F1pos,hgb,tryptophol,0,1,0.3588,0.0
T4,native,qm9s_to_sers,fg_ketone,F1pos,knn,8-hydroxyquinoline,0,1,0.0995,1.0
T4,native,qm9s_to_sers,fg_ketone,F1pos,knn,L-alanine,0,31,0.1155,0.4516
T4,native,qm9s_to_sers,fg_ketone,F1pos,knn,L-arginine,0,31,0.1747,0.5484
T4,native,qm9s_to_sers,fg_ketone,F1pos,knn,L-asparagine,0,31,0.111,0.5161
T4,native,qm9s_to_sers,fg_ketone,F1pos,knn,L-aspartic acid,0,21,0.1174,0.4762
T4,native,qm9s_to_sers,fg_ketone,F1pos,knn,L-cysteine,0,31,0.1046,0.3871
T4,native,qm9s_to_sers,fg_ketone,F1pos,knn,L-glutamic acid,0,31,0.1625,0.7419
T4,native,qm9s_to_sers,fg_ketone,F1pos,knn,L-glutamine,0,31,0.0768,0.3226
T4,native,qm9s_to_sers,fg_ketone,F1pos,knn,L-glycine,0,51,0.1357,0.5882
T4,native,qm9s_to_sers,fg_ketone,F1pos,knn,L-histidine,0,31,0.0742,0.3871
T4,native,qm9s_to_sers,fg_ketone,F1pos,knn,L-isoleucine,0,31,0.1431,0.6452
T4,native,qm9s_to_sers,fg_ketone,F1pos,knn,L-leucine,0,31,0.0898,0.5484
T4,native,qm9s_to_sers,fg_ketone,F1pos,knn,L-lysine,0,31,0.0218,0.0
T4,native,qm9s_to_sers,fg_ketone,F1pos,knn,L-methionine,0,31,0.0992,0.4839
T4,native,qm9s_to_sers,fg_ketone,F1pos,knn,L-phenylalanine,0,31,0.0858,0.2581
T4,native,qm9s_to_sers,fg_ketone,F1pos,knn,L-proline,0,31,0.0836,0.4194
T4,native,qm9s_to_sers,fg_ketone,F1pos,knn,L-serine,0,21,0.0903,0.5238
T4,native,qm9s_to_sers,fg_ketone,F1pos,knn,L-threonine,0,31,0.1224,0.4839
T4,native,qm9s_to_sers,fg_ketone,F1pos,knn,L-tryptophan,0,21,0.151,0.619
T4,native,qm9s_to_sers,fg_ketone,F1pos,knn,L-tyrosine,0,31,0.1292,0.5484
T4,native,qm9s_to_sers,fg_ketone,F1pos,knn,L-valine,0,31,0.116,0.4516
T4,native,qm9s_to_sers,fg_ketone,F1pos,knn,indole+indole-d6,0,4,0.0522,0.25
T4,native,qm9s_to_sers,fg_ketone,F1pos,knn,indole-3-acetic acid,0,1,0.0944,0.0
T4,native,qm9s_to_sers,fg_ketone,F1pos,knn,isatin,1,1,0.1952,1.0
T4,native,qm9s_to_sers,fg_ketone,F1pos,knn,oxindole,0,1,0.0972,0.0
T4,native,qm9s_to_sers,fg_ketone,F1pos,knn,tryptophol,0,1,0.0,0.0
T4,native,qm9s_to_sers,fg_ketone,F2,majority,8-hydroxyquinoline,0,1,0.1166,0.0
T4,native,qm9s_to_sers,fg_ketone,F2,majority,L-alanine,0,31,0.1166,0.0
T4,native,qm9s_to_sers,fg_ketone,F2,majority,L-arginine,0,31,0.1166,0.0
T4,native,qm9s_to_sers,fg_ketone,F2,majority,L-asparagine,0,31,0.1166,0.0
T4,native,qm9s_to_sers,fg_ketone,F2,majority,L-aspartic acid,0,21,0.1166,0.0
T4,native,qm9s_to_sers,fg_ketone,F2,majority,L-cysteine,0,31,0.1166,0.0
T4,native,qm9s_to_sers,fg_ketone,F2,majority,L-glutamic acid,0,31,0.1166,0.0
T4,native,qm9s_to_sers,fg_ketone,F2,majority,L-glutamine,0,31,0.1166,0.0
T4,native,qm9s_to_sers,fg_ketone,F2,majority,L-glycine,0,51,0.1166,0.0
T4,native,qm9s_to_sers,fg_ketone,F2,majority,L-histidine,0,31,0.1166,0.0
T4,native,qm9s_to_sers,fg_ketone,F2,majority,L-isoleucine,0,31,0.1166,0.0
T4,native,qm9s_to_sers,fg_ketone,F2,majority,L-leucine,0,31,0.1166,0.0
T4,native,qm9s_to_sers,fg_ketone,F2,majority,L-lysine,0,31,0.1166,0.0
T4,native,qm9s_to_sers,fg_ketone,F2,majority,L-methionine,0,31,0.1166,0.0
T4,native,qm9s_to_sers,fg_ketone,F2,majority,L-phenylalanine,0,31,0.1166,0.0
T4,native,qm9s_to_sers,fg_ketone,F2,majority,L-proline,0,31,0.1166,0.0
T4,native,qm9s_to_sers,fg_ketone,F2,majority,L-serine,0,21,0.1166,0.0
T4,native,qm9s_to_sers,fg_ketone,F2,majority,L-threonine,0,31,0.1166,0.0
T4,native,qm9s_to_sers,fg_ketone,F2,majority,L-tryptophan,0,21,0.1166,0.0
T4,native,qm9s_to_sers,fg_ketone,F2,majority,L-tyrosine,0,31,0.1166,0.0
T4,native,qm9s_to_sers,fg_ketone,F2,majority,L-valine,0,31,0.1166,0.0
T4,native,qm9s_to_sers,fg_ketone,F2,majority,indole+indole-d6,0,4,0.1166,0.0
T4,native,qm9s_to_sers,fg_ketone,F2,majority,indole-3-acetic acid,0,1,0.1166,0.0
T4,native,qm9s_to_sers,fg_ketone,F2,majority,isatin,1,1,0.1166,0.0
T4,native,qm9s_to_sers,fg_ketone,F2,majority,oxindole,0,1,0.1166,0.0
T4,native,qm9s_to_sers,fg_ketone,F2,majority,tryptophol,0,1,0.1166,0.0
T4,native,qm9s_to_sers,fg_ketone,F2,lr,8-hydroxyquinoline,0,1,0.9519,1.0
T4,native,qm9s_to_sers,fg_ketone,F2,lr,L-alanine,0,31,0.7195,1.0
T4,native,qm9s_to_sers,fg_ketone,F2,lr,L-arginine,0,31,0.6733,1.0
T4,native,qm9s_to_sers,fg_ketone,F2,lr,L-asparagine,0,31,0.6433,0.9677
T4,native,qm9s_to_sers,fg_ketone,F2,lr,L-aspartic acid,0,21,0.7058,0.7143
T4,native,qm9s_to_sers,fg_ketone,F2,lr,L-cysteine,0,31,0.5021,0.7097
T4,native,qm9s_to_sers,fg_ketone,F2,lr,L-glutamic acid,0,31,0.7262,0.9355
T4,native,qm9s_to_sers,fg_ketone,F2,lr,L-glutamine,0,31,0.5108,0.8065
T4,native,qm9s_to_sers,fg_ketone,F2,lr,L-glycine,0,51,0.5786,0.8039
T4,native,qm9s_to_sers,fg_ketone,F2,lr,L-histidine,0,31,0.4751,0.5806
T4,native,qm9s_to_sers,fg_ketone,F2,lr,L-isoleucine,0,31,0.7799,1.0
T4,native,qm9s_to_sers,fg_ketone,F2,lr,L-leucine,0,31,0.434,0.3548
T4,native,qm9s_to_sers,fg_ketone,F2,lr,L-lysine,0,31,0.5216,0.9677
T4,native,qm9s_to_sers,fg_ketone,F2,lr,L-methionine,0,31,0.6154,1.0
T4,native,qm9s_to_sers,fg_ketone,F2,lr,L-phenylalanine,0,31,0.4875,0.8065
T4,native,qm9s_to_sers,fg_ketone,F2,lr,L-proline,0,31,0.5346,0.871
T4,native,qm9s_to_sers,fg_ketone,F2,lr,L-serine,0,21,0.6127,0.4762
T4,native,qm9s_to_sers,fg_ketone,F2,lr,L-threonine,0,31,0.5086,0.6129
T4,native,qm9s_to_sers,fg_ketone,F2,lr,L-tryptophan,0,21,0.0895,0.0
T4,native,qm9s_to_sers,fg_ketone,F2,lr,L-tyrosine,0,31,0.5701,0.5484
T4,native,qm9s_to_sers,fg_ketone,F2,lr,L-valine,0,31,0.3834,0.3226
T4,native,qm9s_to_sers,fg_ketone,F2,lr,indole+indole-d6,0,4,0.2604,0.25
T4,native,qm9s_to_sers,fg_ketone,F2,lr,indole-3-acetic acid,0,1,0.9431,1.0
T4,native,qm9s_to_sers,fg_ketone,F2,lr,isatin,1,1,0.893,1.0
T4,native,qm9s_to_sers,fg_ketone,F2,lr,oxindole,0,1,0.0481,0.0
T4,native,qm9s_to_sers,fg_ketone,F2,lr,tryptophol,0,1,0.633,1.0
T4,native,qm9s_to_sers,fg_ketone,F2,hgb,8-hydroxyquinoline,0,1,0.6876,1.0
T4,native,qm9s_to_sers,fg_ketone,F2,hgb,L-alanine,0,31,0.4167,0.5484
T4,native,qm9s_to_sers,fg_ketone,F2,hgb,L-arginine,0,31,0.3718,0.3871
T4,native,qm9s_to_sers,fg_ketone,F2,hgb,L-asparagine,0,31,0.3578,0.4194
T4,native,qm9s_to_sers,fg_ketone,F2,hgb,L-aspartic acid,0,21,0.3736,0.3333
T4,native,qm9s_to_sers,fg_ketone,F2,hgb,L-cysteine,0,31,0.3653,0.3548
T4,native,qm9s_to_sers,fg_ketone,F2,hgb,L-glutamic acid,0,31,0.3875,0.3226
T4,native,qm9s_to_sers,fg_ketone,F2,hgb,L-glutamine,0,31,0.3902,0.3871
T4,native,qm9s_to_sers,fg_ketone,F2,hgb,L-glycine,0,51,0.3072,0.3333
T4,native,qm9s_to_sers,fg_ketone,F2,hgb,L-histidine,0,31,0.304,0.1613
T4,native,qm9s_to_sers,fg_ketone,F2,hgb,L-isoleucine,0,31,0.3347,0.2581
T4,native,qm9s_to_sers,fg_ketone,F2,hgb,L-leucine,0,31,0.2575,0.2581
T4,native,qm9s_to_sers,fg_ketone,F2,hgb,L-lysine,0,31,0.5912,0.9355
T4,native,qm9s_to_sers,fg_ketone,F2,hgb,L-methionine,0,31,0.2873,0.2258
T4,native,qm9s_to_sers,fg_ketone,F2,hgb,L-phenylalanine,0,31,0.3889,0.5161
T4,native,qm9s_to_sers,fg_ketone,F2,hgb,L-proline,0,31,0.4602,0.7742
T4,native,qm9s_to_sers,fg_ketone,F2,hgb,L-serine,0,21,0.189,0.1429
T4,native,qm9s_to_sers,fg_ketone,F2,hgb,L-threonine,0,31,0.3859,0.3226
T4,native,qm9s_to_sers,fg_ketone,F2,hgb,L-tryptophan,0,21,0.1608,0.0
T4,native,qm9s_to_sers,fg_ketone,F2,hgb,L-tyrosine,0,31,0.4166,0.5484
T4,native,qm9s_to_sers,fg_ketone,F2,hgb,L-valine,0,31,0.2566,0.2903
T4,native,qm9s_to_sers,fg_ketone,F2,hgb,indole+indole-d6,0,4,0.4896,0.5
T4,native,qm9s_to_sers,fg_ketone,F2,hgb,indole-3-acetic acid,0,1,0.5986,1.0
T4,native,qm9s_to_sers,fg_ketone,F2,hgb,isatin,1,1,0.371,0.0
T4,native,qm9s_to_sers,fg_ketone,F2,hgb,oxindole,0,1,0.2117,0.0
T4,native,qm9s_to_sers,fg_ketone,F2,hgb,tryptophol,0,1,0.4389,1.0
T4,native,qm9s_to_sers,fg_ketone,F2,knn,8-hydroxyquinoline,0,1,0.0939,0.0
T4,native,qm9s_to_sers,fg_ketone,F2,knn,L-alanine,0,31,0.1577,0.6452
T4,native,qm9s_to_sers,fg_ketone,F2,knn,L-arginine,0,31,0.1181,0.5806
T4,native,qm9s_to_sers,fg_ketone,F2,knn,L-asparagine,0,31,0.0917,0.5161
T4,native,qm9s_to_sers,fg_ketone,F2,knn,L-aspartic acid,0,21,0.1672,1.0
T4,native,qm9s_to_sers,fg_ketone,F2,knn,L-cysteine,0,31,0.125,0.6129
T4,native,qm9s_to_sers,fg_ketone,F2,knn,L-glutamic acid,0,31,0.1065,0.5161
T4,native,qm9s_to_sers,fg_ketone,F2,knn,L-glutamine,0,31,0.0905,0.4194
T4,native,qm9s_to_sers,fg_ketone,F2,knn,L-glycine,0,51,0.0707,0.3922
T4,native,qm9s_to_sers,fg_ketone,F2,knn,L-histidine,0,31,0.0888,0.4516
T4,native,qm9s_to_sers,fg_ketone,F2,knn,L-isoleucine,0,31,0.17,0.7419
T4,native,qm9s_to_sers,fg_ketone,F2,knn,L-leucine,0,31,0.0255,0.2258
T4,native,qm9s_to_sers,fg_ketone,F2,knn,L-lysine,0,31,0.1806,0.9355
T4,native,qm9s_to_sers,fg_ketone,F2,knn,L-methionine,0,31,0.1014,0.4839
T4,native,qm9s_to_sers,fg_ketone,F2,knn,L-phenylalanine,0,31,0.1561,0.9032
T4,native,qm9s_to_sers,fg_ketone,F2,knn,L-proline,0,31,0.1633,0.7742
T4,native,qm9s_to_sers,fg_ketone,F2,knn,L-serine,0,21,0.0657,0.4286
T4,native,qm9s_to_sers,fg_ketone,F2,knn,L-threonine,0,31,0.0853,0.3548
T4,native,qm9s_to_sers,fg_ketone,F2,knn,L-tryptophan,0,21,0.0704,0.619
T4,native,qm9s_to_sers,fg_ketone,F2,knn,L-tyrosine,0,31,0.0763,0.3871
T4,native,qm9s_to_sers,fg_ketone,F2,knn,L-valine,0,31,0.061,0.2903
T4,native,qm9s_to_sers,fg_ketone,F2,knn,indole+indole-d6,0,4,0.0728,0.25
T4,native,qm9s_to_sers,fg_ketone,F2,knn,indole-3-acetic acid,0,1,0.0931,0.0
T4,native,qm9s_to_sers,fg_ketone,F2,knn,isatin,1,1,0.0,0.0
T4,native,qm9s_to_sers,fg_ketone,F2,knn,oxindole,0,1,0.1004,1.0
T4,native,qm9s_to_sers,fg_ketone,F2,knn,tryptophol,0,1,0.0948,0.0
T4,native,qm9s_to_sers,fg_ketone,F3,majority,8-hydroxyquinoline,0,1,0.1166,0.0
T4,native,qm9s_to_sers,fg_ketone,F3,majority,L-alanine,0,31,0.1166,0.0
T4,native,qm9s_to_sers,fg_ketone,F3,majority,L-arginine,0,31,0.1166,0.0
T4,native,qm9s_to_sers,fg_ketone,F3,majority,L-asparagine,0,31,0.1166,0.0
T4,native,qm9s_to_sers,fg_ketone,F3,majority,L-aspartic acid,0,21,0.1166,0.0
T4,native,qm9s_to_sers,fg_ketone,F3,majority,L-cysteine,0,31,0.1166,0.0
T4,native,qm9s_to_sers,fg_ketone,F3,majority,L-glutamic acid,0,31,0.1166,0.0
T4,native,qm9s_to_sers,fg_ketone,F3,majority,L-glutamine,0,31,0.1166,0.0
T4,native,qm9s_to_sers,fg_ketone,F3,majority,L-glycine,0,51,0.1166,0.0
T4,native,qm9s_to_sers,fg_ketone,F3,majority,L-histidine,0,31,0.1166,0.0
T4,native,qm9s_to_sers,fg_ketone,F3,majority,L-isoleucine,0,31,0.1166,0.0
T4,native,qm9s_to_sers,fg_ketone,F3,majority,L-leucine,0,31,0.1166,0.0
T4,native,qm9s_to_sers,fg_ketone,F3,majority,L-lysine,0,31,0.1166,0.0
T4,native,qm9s_to_sers,fg_ketone,F3,majority,L-methionine,0,31,0.1166,0.0
T4,native,qm9s_to_sers,fg_ketone,F3,majority,L-phenylalanine,0,31,0.1166,0.0
T4,native,qm9s_to_sers,fg_ketone,F3,majority,L-proline,0,31,0.1166,0.0
T4,native,qm9s_to_sers,fg_ketone,F3,majority,L-serine,0,21,0.1166,0.0
T4,native,qm9s_to_sers,fg_ketone,F3,majority,L-threonine,0,31,0.1166,0.0
T4,native,qm9s_to_sers,fg_ketone,F3,majority,L-tryptophan,0,21,0.1166,0.0
T4,native,qm9s_to_sers,fg_ketone,F3,majority,L-tyrosine,0,31,0.1166,0.0
T4,native,qm9s_to_sers,fg_ketone,F3,majority,L-valine,0,31,0.1166,0.0
T4,native,qm9s_to_sers,fg_ketone,F3,majority,indole+indole-d6,0,4,0.1166,0.0
T4,native,qm9s_to_sers,fg_ketone,F3,majority,indole-3-acetic acid,0,1,0.1166,0.0
T4,native,qm9s_to_sers,fg_ketone,F3,majority,isatin,1,1,0.1166,0.0
T4,native,qm9s_to_sers,fg_ketone,F3,majority,oxindole,0,1,0.1166,0.0
T4,native,qm9s_to_sers,fg_ketone,F3,majority,tryptophol,0,1,0.1166,0.0
T4,native,qm9s_to_sers,fg_ketone,F3,lr,8-hydroxyquinoline,0,1,0.6645,1.0
T4,native,qm9s_to_sers,fg_ketone,F3,lr,L-alanine,0,31,0.6837,1.0
T4,native,qm9s_to_sers,fg_ketone,F3,lr,L-arginine,0,31,0.6387,1.0
T4,native,qm9s_to_sers,fg_ketone,F3,lr,L-asparagine,0,31,0.5932,1.0
T4,native,qm9s_to_sers,fg_ketone,F3,lr,L-aspartic acid,0,21,0.6446,1.0
T4,native,qm9s_to_sers,fg_ketone,F3,lr,L-cysteine,0,31,0.5178,1.0
T4,native,qm9s_to_sers,fg_ketone,F3,lr,L-glutamic acid,0,31,0.7395,1.0
T4,native,qm9s_to_sers,fg_ketone,F3,lr,L-glutamine,0,31,0.4574,0.871
T4,native,qm9s_to_sers,fg_ketone,F3,lr,L-glycine,0,51,0.5626,1.0
T4,native,qm9s_to_sers,fg_ketone,F3,lr,L-histidine,0,31,0.4664,0.9677
T4,native,qm9s_to_sers,fg_ketone,F3,lr,L-isoleucine,0,31,0.7503,1.0
T4,native,qm9s_to_sers,fg_ketone,F3,lr,L-leucine,0,31,0.4567,0.871
T4,native,qm9s_to_sers,fg_ketone,F3,lr,L-lysine,0,31,0.4631,1.0
T4,native,qm9s_to_sers,fg_ketone,F3,lr,L-methionine,0,31,0.6278,1.0
T4,native,qm9s_to_sers,fg_ketone,F3,lr,L-phenylalanine,0,31,0.457,0.9355
T4,native,qm9s_to_sers,fg_ketone,F3,lr,L-proline,0,31,0.4729,1.0
T4,native,qm9s_to_sers,fg_ketone,F3,lr,L-serine,0,21,0.6721,0.9524
T4,native,qm9s_to_sers,fg_ketone,F3,lr,L-threonine,0,31,0.4715,0.9355
T4,native,qm9s_to_sers,fg_ketone,F3,lr,L-tryptophan,0,21,0.1853,0.0
T4,native,qm9s_to_sers,fg_ketone,F3,lr,L-tyrosine,0,31,0.5491,1.0
T4,native,qm9s_to_sers,fg_ketone,F3,lr,L-valine,0,31,0.4335,0.5806
T4,native,qm9s_to_sers,fg_ketone,F3,lr,indole+indole-d6,0,4,0.3999,0.5
T4,native,qm9s_to_sers,fg_ketone,F3,lr,indole-3-acetic acid,0,1,0.777,1.0
T4,native,qm9s_to_sers,fg_ketone,F3,lr,isatin,1,1,0.8357,1.0
T4,native,qm9s_to_sers,fg_ketone,F3,lr,oxindole,0,1,0.2442,0.0
T4,native,qm9s_to_sers,fg_ketone,F3,lr,tryptophol,0,1,0.5139,1.0
T4,native,qm9s_to_sers,fg_ketone,F3,hgb,8-hydroxyquinoline,0,1,0.8632,1.0
T4,native,qm9s_to_sers,fg_ketone,F3,hgb,L-alanine,0,31,0.4397,0.6452
T4,native,qm9s_to_sers,fg_ketone,F3,hgb,L-arginine,0,31,0.412,0.6452
T4,native,qm9s_to_sers,fg_ketone,F3,hgb,L-asparagine,0,31,0.4179,0.7097
T4,native,qm9s_to_sers,fg_ketone,F3,hgb,L-aspartic acid,0,21,0.4576,0.619
T4,native,qm9s_to_sers,fg_ketone,F3,hgb,L-cysteine,0,31,0.6732,0.9032
T4,native,qm9s_to_sers,fg_ketone,F3,hgb,L-glutamic acid,0,31,0.3987,0.5806
T4,native,qm9s_to_sers,fg_ketone,F3,hgb,L-glutamine,0,31,0.5925,0.8387
T4,native,qm9s_to_sers,fg_ketone,F3,hgb,L-glycine,0,51,0.4472,0.8431
T4,native,qm9s_to_sers,fg_ketone,F3,hgb,L-histidine,0,31,0.6934,0.9355
T4,native,qm9s_to_sers,fg_ketone,F3,hgb,L-isoleucine,0,31,0.4497,0.6774
T4,native,qm9s_to_sers,fg_ketone,F3,hgb,L-leucine,0,31,0.4518,0.9355
T4,native,qm9s_to_sers,fg_ketone,F3,hgb,L-lysine,0,31,0.4848,0.871
T4,native,qm9s_to_sers,fg_ketone,F3,hgb,L-methionine,0,31,0.5985,0.871
T4,native,qm9s_to_sers,fg_ketone,F3,hgb,L-phenylalanine,0,31,0.5779,0.9677
T4,native,qm9s_to_sers,fg_ketone,F3,hgb,L-proline,0,31,0.5636,0.7742
T4,native,qm9s_to_sers,fg_ketone,F3,hgb,L-serine,0,21,0.4106,0.7143
T4,native,qm9s_to_sers,fg_ketone,F3,hgb,L-threonine,0,31,0.5223,0.8065
T4,native,qm9s_to_sers,fg_ketone,F3,hgb,L-tryptophan,0,21,0.5138,0.9524
T4,native,qm9s_to_sers,fg_ketone,F3,hgb,L-tyrosine,0,31,0.3513,0.5806
T4,native,qm9s_to_sers,fg_ketone,F3,hgb,L-valine,0,31,0.4347,0.8065
T4,native,qm9s_to_sers,fg_ketone,F3,hgb,indole+indole-d6,0,4,0.353,0.75
T4,native,qm9s_to_sers,fg_ketone,F3,hgb,indole-3-acetic acid,0,1,0.636,1.0
T4,native,qm9s_to_sers,fg_ketone,F3,hgb,isatin,1,1,0.2997,0.0
T4,native,qm9s_to_sers,fg_ketone,F3,hgb,oxindole,0,1,0.1705,0.0
T4,native,qm9s_to_sers,fg_ketone,F3,hgb,tryptophol,0,1,0.6987,1.0
T4,native,qm9s_to_sers,fg_ketone,F3,knn,8-hydroxyquinoline,0,1,0.3859,1.0
T4,native,qm9s_to_sers,fg_ketone,F3,knn,L-alanine,0,31,0.204,1.0
T4,native,qm9s_to_sers,fg_ketone,F3,knn,L-arginine,0,31,0.1892,1.0
T4,native,qm9s_to_sers,fg_ketone,F3,knn,L-asparagine,0,31,0.2297,1.0
T4,native,qm9s_to_sers,fg_ketone,F3,knn,L-aspartic acid,0,21,0.2264,1.0
T4,native,qm9s_to_sers,fg_ketone,F3,knn,L-cysteine,0,31,0.2998,1.0
T4,native,qm9s_to_sers,fg_ketone,F3,knn,L-glutamic acid,0,31,0.1764,1.0
T4,native,qm9s_to_sers,fg_ketone,F3,knn,L-glutamine,0,31,0.268,1.0
T4,native,qm9s_to_sers,fg_ketone,F3,knn,L-glycine,0,51,0.1752,0.9608
T4,native,qm9s_to_sers,fg_ketone,F3,knn,L-histidine,0,31,0.2225,1.0
T4,native,qm9s_to_sers,fg_ketone,F3,knn,L-isoleucine,0,31,0.1323,1.0
T4,native,qm9s_to_sers,fg_ketone,F3,knn,L-leucine,0,31,0.1396,0.3548
T4,native,qm9s_to_sers,fg_ketone,F3,knn,L-lysine,0,31,0.1449,0.4194
T4,native,qm9s_to_sers,fg_ketone,F3,knn,L-methionine,0,31,0.3076,1.0
T4,native,qm9s_to_sers,fg_ketone,F3,knn,L-phenylalanine,0,31,0.2504,1.0
T4,native,qm9s_to_sers,fg_ketone,F3,knn,L-proline,0,31,0.2883,1.0
T4,native,qm9s_to_sers,fg_ketone,F3,knn,L-serine,0,21,0.0748,0.5238
T4,native,qm9s_to_sers,fg_ketone,F3,knn,L-threonine,0,31,0.2918,1.0
T4,native,qm9s_to_sers,fg_ketone,F3,knn,L-tryptophan,0,21,0.0226,0.0
T4,native,qm9s_to_sers,fg_ketone,F3,knn,L-tyrosine,0,31,0.1778,0.8065
T4,native,qm9s_to_sers,fg_ketone,F3,knn,L-valine,0,31,0.2207,0.9677
T4,native,qm9s_to_sers,fg_ketone,F3,knn,indole+indole-d6,0,4,0.0774,0.5
T4,native,qm9s_to_sers,fg_ketone,F3,knn,indole-3-acetic acid,0,1,0.2903,1.0
T4,native,qm9s_to_sers,fg_ketone,F3,knn,isatin,1,1,0.2903,1.0
T4,native,qm9s_to_sers,fg_ketone,F3,knn,oxindole,0,1,0.0964,0.0
T4,native,qm9s_to_sers,fg_ketone,F3,knn,tryptophol,0,1,0.2023,1.0
T4,native,qm9s_to_sers,fg_aromatic_ring,F1,majority,8-hydroxyquinoline,1,1,0.1695,0.0
T4,native,qm9s_to_sers,fg_aromatic_ring,F1,majority,L-alanine,0,31,0.1695,0.0
T4,native,qm9s_to_sers,fg_aromatic_ring,F1,majority,L-arginine,0,31,0.1695,0.0
T4,native,qm9s_to_sers,fg_aromatic_ring,F1,majority,L-asparagine,0,31,0.1695,0.0
T4,native,qm9s_to_sers,fg_aromatic_ring,F1,majority,L-aspartic acid,0,21,0.1695,0.0
T4,native,qm9s_to_sers,fg_aromatic_ring,F1,majority,L-cysteine,0,31,0.1695,0.0
T4,native,qm9s_to_sers,fg_aromatic_ring,F1,majority,L-glutamic acid,0,31,0.1695,0.0
T4,native,qm9s_to_sers,fg_aromatic_ring,F1,majority,L-glutamine,0,31,0.1695,0.0
T4,native,qm9s_to_sers,fg_aromatic_ring,F1,majority,L-glycine,0,51,0.1695,0.0
T4,native,qm9s_to_sers,fg_aromatic_ring,F1,majority,L-histidine,1,31,0.1695,0.0
T4,native,qm9s_to_sers,fg_aromatic_ring,F1,majority,L-isoleucine,0,31,0.1695,0.0
T4,native,qm9s_to_sers,fg_aromatic_ring,F1,majority,L-leucine,0,31,0.1695,0.0
T4,native,qm9s_to_sers,fg_aromatic_ring,F1,majority,L-lysine,0,31,0.1695,0.0
T4,native,qm9s_to_sers,fg_aromatic_ring,F1,majority,L-methionine,0,31,0.1695,0.0
T4,native,qm9s_to_sers,fg_aromatic_ring,F1,majority,L-phenylalanine,1,31,0.1695,0.0
T4,native,qm9s_to_sers,fg_aromatic_ring,F1,majority,L-proline,0,31,0.1695,0.0
T4,native,qm9s_to_sers,fg_aromatic_ring,F1,majority,L-serine,0,21,0.1695,0.0
T4,native,qm9s_to_sers,fg_aromatic_ring,F1,majority,L-threonine,0,31,0.1695,0.0
T4,native,qm9s_to_sers,fg_aromatic_ring,F1,majority,L-tryptophan,1,21,0.1695,0.0
T4,native,qm9s_to_sers,fg_aromatic_ring,F1,majority,L-tyrosine,1,31,0.1695,0.0
T4,native,qm9s_to_sers,fg_aromatic_ring,F1,majority,L-valine,0,31,0.1695,0.0
T4,native,qm9s_to_sers,fg_aromatic_ring,F1,majority,indole+indole-d6,1,4,0.1695,0.0
T4,native,qm9s_to_sers,fg_aromatic_ring,F1,majority,indole-3-acetic acid,1,1,0.1695,0.0
T4,native,qm9s_to_sers,fg_aromatic_ring,F1,majority,isatin,1,1,0.1695,0.0
T4,native,qm9s_to_sers,fg_aromatic_ring,F1,majority,oxindole,1,1,0.1695,0.0
T4,native,qm9s_to_sers,fg_aromatic_ring,F1,majority,tryptophol,1,1,0.1695,0.0
T4,native,qm9s_to_sers,fg_aromatic_ring,F1,lr,8-hydroxyquinoline,1,1,0.6966,1.0
T4,native,qm9s_to_sers,fg_aromatic_ring,F1,lr,L-alanine,0,31,0.7308,1.0
T4,native,qm9s_to_sers,fg_aromatic_ring,F1,lr,L-arginine,0,31,0.7468,1.0
T4,native,qm9s_to_sers,fg_aromatic_ring,F1,lr,L-asparagine,0,31,0.7496,1.0
T4,native,qm9s_to_sers,fg_aromatic_ring,F1,lr,L-aspartic acid,0,21,0.6126,1.0
T4,native,qm9s_to_sers,fg_aromatic_ring,F1,lr,L-cysteine,0,31,0.7301,1.0
T4,native,qm9s_to_sers,fg_aromatic_ring,F1,lr,L-glutamic acid,0,31,0.6285,0.7742
T4,native,qm9s_to_sers,fg_aromatic_ring,F1,lr,L-glutamine,0,31,0.7008,1.0
T4,native,qm9s_to_sers,fg_aromatic_ring,F1,lr,L-glycine,0,51,0.7672,1.0
T4,native,qm9s_to_sers,fg_aromatic_ring,F1,lr,L-histidine,1,31,0.698,1.0
T4,native,qm9s_to_sers,fg_aromatic_ring,F1,lr,L-isoleucine,0,31,0.7315,1.0
T4,native,qm9s_to_sers,fg_aromatic_ring,F1,lr,L-leucine,0,31,0.7458,1.0
T4,native,qm9s_to_sers,fg_aromatic_ring,F1,lr,L-lysine,0,31,0.7343,1.0
T4,native,qm9s_to_sers,fg_aromatic_ring,F1,lr,L-methionine,0,31,0.6239,0.9355
T4,native,qm9s_to_sers,fg_aromatic_ring,F1,lr,L-phenylalanine,1,31,0.5865,1.0
T4,native,qm9s_to_sers,fg_aromatic_ring,F1,lr,L-proline,0,31,0.7191,1.0
T4,native,qm9s_to_sers,fg_aromatic_ring,F1,lr,L-serine,0,21,0.6683,0.9524
T4,native,qm9s_to_sers,fg_aromatic_ring,F1,lr,L-threonine,0,31,0.7564,1.0
T4,native,qm9s_to_sers,fg_aromatic_ring,F1,lr,L-tryptophan,1,21,0.9428,1.0
T4,native,qm9s_to_sers,fg_aromatic_ring,F1,lr,L-tyrosine,1,31,0.8029,1.0
T4,native,qm9s_to_sers,fg_aromatic_ring,F1,lr,L-valine,0,31,0.7559,1.0
T4,native,qm9s_to_sers,fg_aromatic_ring,F1,lr,indole+indole-d6,1,4,0.6816,1.0
T4,native,qm9s_to_sers,fg_aromatic_ring,F1,lr,indole-3-acetic acid,1,1,0.5361,1.0
T4,native,qm9s_to_sers,fg_aromatic_ring,F1,lr,isatin,1,1,0.8823,1.0
T4,native,qm9s_to_sers,fg_aromatic_ring,F1,lr,oxindole,1,1,0.799,1.0
T4,native,qm9s_to_sers,fg_aromatic_ring,F1,lr,tryptophol,1,1,0.7194,1.0
T4,native,qm9s_to_sers,fg_aromatic_ring,F1,hgb,8-hydroxyquinoline,1,1,0.9703,1.0
T4,native,qm9s_to_sers,fg_aromatic_ring,F1,hgb,L-alanine,0,31,0.8286,1.0
T4,native,qm9s_to_sers,fg_aromatic_ring,F1,hgb,L-arginine,0,31,0.8752,1.0
T4,native,qm9s_to_sers,fg_aromatic_ring,F1,hgb,L-asparagine,0,31,0.8899,1.0
T4,native,qm9s_to_sers,fg_aromatic_ring,F1,hgb,L-aspartic acid,0,21,0.7403,0.8571
T4,native,qm9s_to_sers,fg_aromatic_ring,F1,hgb,L-cysteine,0,31,0.8432,0.9677
T4,native,qm9s_to_sers,fg_aromatic_ring,F1,hgb,L-glutamic acid,0,31,0.8672,1.0
T4,native,qm9s_to_sers,fg_aromatic_ring,F1,hgb,L-glutamine,0,31,0.8342,1.0
T4,native,qm9s_to_sers,fg_aromatic_ring,F1,hgb,L-glycine,0,51,0.8977,1.0
T4,native,qm9s_to_sers,fg_aromatic_ring,F1,hgb,L-histidine,1,31,0.8162,1.0
T4,native,qm9s_to_sers,fg_aromatic_ring,F1,hgb,L-isoleucine,0,31,0.8782,1.0
T4,native,qm9s_to_sers,fg_aromatic_ring,F1,hgb,L-leucine,0,31,0.8681,1.0
T4,native,qm9s_to_sers,fg_aromatic_ring,F1,hgb,L-lysine,0,31,0.8763,1.0
T4,native,qm9s_to_sers,fg_aromatic_ring,F1,hgb,L-methionine,0,31,0.8835,0.9677
T4,native,qm9s_to_sers,fg_aromatic_ring,F1,hgb,L-phenylalanine,1,31,0.6074,0.6774
T4,native,qm9s_to_sers,fg_aromatic_ring,F1,hgb,L-proline,0,31,0.8388,0.9677
T4,native,qm9s_to_sers,fg_aromatic_ring,F1,hgb,L-serine,0,21,0.8064,1.0
T4,native,qm9s_to_sers,fg_aromatic_ring,F1,hgb,L-threonine,0,31,0.8913,1.0
T4,native,qm9s_to_sers,fg_aromatic_ring,F1,hgb,L-tryptophan,1,21,0.9619,1.0
T4,native,qm9s_to_sers,fg_aromatic_ring,F1,hgb,L-tyrosine,1,31,0.9129,1.0
T4,native,qm9s_to_sers,fg_aromatic_ring,F1,hgb,L-valine,0,31,0.8958,1.0
T4,native,qm9s_to_sers,fg_aromatic_ring,F1,hgb,indole+indole-d6,1,4,0.7073,0.75
T4,native,qm9s_to_sers,fg_aromatic_ring,F1,hgb,indole-3-acetic acid,1,1,0.7855,1.0
T4,native,qm9s_to_sers,fg_aromatic_ring,F1,hgb,isatin,1,1,0.975,1.0
T4,native,qm9s_to_sers,fg_aromatic_ring,F1,hgb,oxindole,1,1,0.9564,1.0
T4,native,qm9s_to_sers,fg_aromatic_ring,F1,hgb,tryptophol,1,1,0.9262,1.0
T4,native,qm9s_to_sers,fg_aromatic_ring,F1,knn,8-hydroxyquinoline,1,1,0.5234,1.0
T4,native,qm9s_to_sers,fg_aromatic_ring,F1,knn,L-alanine,0,31,0.2066,0.3226
T4,native,qm9s_to_sers,fg_aromatic_ring,F1,knn,L-arginine,0,31,0.2745,0.4839
T4,native,qm9s_to_sers,fg_aromatic_ring,F1,knn,L-asparagine,0,31,0.1854,0.3226
T4,native,qm9s_to_sers,fg_aromatic_ring,F1,knn,L-aspartic acid,0,21,0.0191,0.0
T4,native,qm9s_to_sers,fg_aromatic_ring,F1,knn,L-cysteine,0,31,0.2751,0.5484
T4,native,qm9s_to_sers,fg_aromatic_ring,F1,knn,L-glutamic acid,0,31,0.2159,0.4839
T4,native,qm9s_to_sers,fg_aromatic_ring,F1,knn,L-glutamine,0,31,0.2281,0.4516
T4,native,qm9s_to_sers,fg_aromatic_ring,F1,knn,L-glycine,0,51,0.2439,0.3529
T4,native,qm9s_to_sers,fg_aromatic_ring,F1,knn,L-histidine,1,31,0.1404,0.1935
T4,native,qm9s_to_sers,fg_aromatic_ring,F1,knn,L-isoleucine,0,31,0.1734,0.2903
T4,native,qm9s_to_sers,fg_aromatic_ring,F1,knn,L-leucine,0,31,0.3506,0.7097
T4,native,qm9s_to_sers,fg_aromatic_ring,F1,knn,L-lysine,0,31,0.1935,0.1935
T4,native,qm9s_to_sers,fg_aromatic_ring,F1,knn,L-methionine,0,31,0.2603,0.5161
T4,native,qm9s_to_sers,fg_aromatic_ring,F1,knn,L-phenylalanine,1,31,0.0574,0.0645
T4,native,qm9s_to_sers,fg_aromatic_ring,F1,knn,L-proline,0,31,0.2078,0.2903
T4,native,qm9s_to_sers,fg_aromatic_ring,F1,knn,L-serine,0,21,0.2188,0.5238
T4,native,qm9s_to_sers,fg_aromatic_ring,F1,knn,L-threonine,0,31,0.2821,0.6452
T4,native,qm9s_to_sers,fg_aromatic_ring,F1,knn,L-tryptophan,1,21,0.6548,0.9524
T4,native,qm9s_to_sers,fg_aromatic_ring,F1,knn,L-tyrosine,1,31,0.5081,0.7419
T4,native,qm9s_to_sers,fg_aromatic_ring,F1,knn,L-valine,0,31,0.1035,0.0968
T4,native,qm9s_to_sers,fg_aromatic_ring,F1,knn,indole+indole-d6,1,4,0.4578,1.0
T4,native,qm9s_to_sers,fg_aromatic_ring,F1,knn,indole-3-acetic acid,1,1,0.383,1.0
T4,native,qm9s_to_sers,fg_aromatic_ring,F1,knn,isatin,1,1,0.0952,0.0
T4,native,qm9s_to_sers,fg_aromatic_ring,F1,knn,oxindole,1,1,0.1997,0.0
T4,native,qm9s_to_sers,fg_aromatic_ring,F1,knn,tryptophol,1,1,0.4439,1.0
T4,native,qm9s_to_sers,fg_aromatic_ring,F1pos,majority,8-hydroxyquinoline,1,1,0.1695,0.0
T4,native,qm9s_to_sers,fg_aromatic_ring,F1pos,majority,L-alanine,0,31,0.1695,0.0
T4,native,qm9s_to_sers,fg_aromatic_ring,F1pos,majority,L-arginine,0,31,0.1695,0.0
T4,native,qm9s_to_sers,fg_aromatic_ring,F1pos,majority,L-asparagine,0,31,0.1695,0.0
T4,native,qm9s_to_sers,fg_aromatic_ring,F1pos,majority,L-aspartic acid,0,21,0.1695,0.0
T4,native,qm9s_to_sers,fg_aromatic_ring,F1pos,majority,L-cysteine,0,31,0.1695,0.0
T4,native,qm9s_to_sers,fg_aromatic_ring,F1pos,majority,L-glutamic acid,0,31,0.1695,0.0
T4,native,qm9s_to_sers,fg_aromatic_ring,F1pos,majority,L-glutamine,0,31,0.1695,0.0
T4,native,qm9s_to_sers,fg_aromatic_ring,F1pos,majority,L-glycine,0,51,0.1695,0.0
T4,native,qm9s_to_sers,fg_aromatic_ring,F1pos,majority,L-histidine,1,31,0.1695,0.0
T4,native,qm9s_to_sers,fg_aromatic_ring,F1pos,majority,L-isoleucine,0,31,0.1695,0.0
T4,native,qm9s_to_sers,fg_aromatic_ring,F1pos,majority,L-leucine,0,31,0.1695,0.0
T4,native,qm9s_to_sers,fg_aromatic_ring,F1pos,majority,L-lysine,0,31,0.1695,0.0
T4,native,qm9s_to_sers,fg_aromatic_ring,F1pos,majority,L-methionine,0,31,0.1695,0.0
T4,native,qm9s_to_sers,fg_aromatic_ring,F1pos,majority,L-phenylalanine,1,31,0.1695,0.0
T4,native,qm9s_to_sers,fg_aromatic_ring,F1pos,majority,L-proline,0,31,0.1695,0.0
T4,native,qm9s_to_sers,fg_aromatic_ring,F1pos,majority,L-serine,0,21,0.1695,0.0
T4,native,qm9s_to_sers,fg_aromatic_ring,F1pos,majority,L-threonine,0,31,0.1695,0.0
T4,native,qm9s_to_sers,fg_aromatic_ring,F1pos,majority,L-tryptophan,1,21,0.1695,0.0
T4,native,qm9s_to_sers,fg_aromatic_ring,F1pos,majority,L-tyrosine,1,31,0.1695,0.0
T4,native,qm9s_to_sers,fg_aromatic_ring,F1pos,majority,L-valine,0,31,0.1695,0.0
T4,native,qm9s_to_sers,fg_aromatic_ring,F1pos,majority,indole+indole-d6,1,4,0.1695,0.0
T4,native,qm9s_to_sers,fg_aromatic_ring,F1pos,majority,indole-3-acetic acid,1,1,0.1695,0.0
T4,native,qm9s_to_sers,fg_aromatic_ring,F1pos,majority,isatin,1,1,0.1695,0.0
T4,native,qm9s_to_sers,fg_aromatic_ring,F1pos,majority,oxindole,1,1,0.1695,0.0
T4,native,qm9s_to_sers,fg_aromatic_ring,F1pos,majority,tryptophol,1,1,0.1695,0.0
T4,native,qm9s_to_sers,fg_aromatic_ring,F1pos,lr,8-hydroxyquinoline,1,1,0.948,1.0
T4,native,qm9s_to_sers,fg_aromatic_ring,F1pos,lr,L-alanine,0,31,0.8126,0.9032
T4,native,qm9s_to_sers,fg_aromatic_ring,F1pos,lr,L-arginine,0,31,0.8519,0.9355
T4,native,qm9s_to_sers,fg_aromatic_ring,F1pos,lr,L-asparagine,0,31,0.9149,0.9677
T4,native,qm9s_to_sers,fg_aromatic_ring,F1pos,lr,L-aspartic acid,0,21,0.8338,1.0
T4,native,qm9s_to_sers,fg_aromatic_ring,F1pos,lr,L-cysteine,0,31,0.9008,1.0
T4,native,qm9s_to_sers,fg_aromatic_ring,F1pos,lr,L-glutamic acid,0,31,0.876,1.0
T4,native,qm9s_to_sers,fg_aromatic_ring,F1pos,lr,L-glutamine,0,31,0.8565,1.0
T4,native,qm9s_to_sers,fg_aromatic_ring,F1pos,lr,L-glycine,0,51,0.8713,0.9608
T4,native,qm9s_to_sers,fg_aromatic_ring,F1pos,lr,L-histidine,1,31,0.8914,1.0
T4,native,qm9s_to_sers,fg_aromatic_ring,F1pos,lr,L-isoleucine,0,31,0.8769,0.9677
T4,native,qm9s_to_sers,fg_aromatic_ring,F1pos,lr,L-leucine,0,31,0.9239,1.0
T4,native,qm9s_to_sers,fg_aromatic_ring,F1pos,lr,L-lysine,0,31,0.8465,1.0
T4,native,qm9s_to_sers,fg_aromatic_ring,F1pos,lr,L-methionine,0,31,0.9199,1.0
T4,native,qm9s_to_sers,fg_aromatic_ring,F1pos,lr,L-phenylalanine,1,31,0.7067,0.871
T4,native,qm9s_to_sers,fg_aromatic_ring,F1pos,lr,L-proline,0,31,0.8457,1.0
T4,native,qm9s_to_sers,fg_aromatic_ring,F1pos,lr,L-serine,0,21,0.8396,0.9524
T4,native,qm9s_to_sers,fg_aromatic_ring,F1pos,lr,L-threonine,0,31,0.9088,1.0
T4,native,qm9s_to_sers,fg_aromatic_ring,F1pos,lr,L-tryptophan,1,21,0.9499,1.0
T4,native,qm9s_to_sers,fg_aromatic_ring,F1pos,lr,L-tyrosine,1,31,0.9218,1.0
T4,native,qm9s_to_sers,fg_aromatic_ring,F1pos,lr,L-valine,0,31,0.9445,1.0
T4,native,qm9s_to_sers,fg_aromatic_ring,F1pos,lr,indole+indole-d6,1,4,0.7905,0.75
T4,native,qm9s_to_sers,fg_aromatic_ring,F1pos,lr,indole-3-acetic acid,1,1,0.8164,1.0
T4,native,qm9s_to_sers,fg_aromatic_ring,F1pos,lr,isatin,1,1,0.9798,1.0
T4,native,qm9s_to_sers,fg_aromatic_ring,F1pos,lr,oxindole,1,1,0.9576,1.0
T4,native,qm9s_to_sers,fg_aromatic_ring,F1pos,lr,tryptophol,1,1,0.9471,1.0
T4,native,qm9s_to_sers,fg_aromatic_ring,F1pos,hgb,8-hydroxyquinoline,1,1,0.9285,1.0
T4,native,qm9s_to_sers,fg_aromatic_ring,F1pos,hgb,L-alanine,0,31,0.8303,1.0
T4,native,qm9s_to_sers,fg_aromatic_ring,F1pos,hgb,L-arginine,0,31,0.8597,1.0
T4,native,qm9s_to_sers,fg_aromatic_ring,F1pos,hgb,L-asparagine,0,31,0.8825,1.0
T4,native,qm9s_to_sers,fg_aromatic_ring,F1pos,hgb,L-aspartic acid,0,21,0.759,0.9048
T4,native,qm9s_to_sers,fg_aromatic_ring,F1pos,hgb,L-cysteine,0,31,0.8737,1.0
T4,native,qm9s_to_sers,fg_aromatic_ring,F1pos,hgb,L-glutamic acid,0,31,0.8838,1.0
T4,native,qm9s_to_sers,fg_aromatic_ring,F1pos,hgb,L-glutamine,0,31,0.8547,1.0
T4,native,qm9s_to_sers,fg_aromatic_ring,F1pos,hgb,L-glycine,0,51,0.8105,0.9608
T4,native,qm9s_to_sers,fg_aromatic_ring,F1pos,hgb,L-histidine,1,31,0.859,0.9677
T4,native,qm9s_to_sers,fg_aromatic_ring,F1pos,hgb,L-isoleucine,0,31,0.8995,1.0
T4,native,qm9s_to_sers,fg_aromatic_ring,F1pos,hgb,L-leucine,0,31,0.9015,1.0
T4,native,qm9s_to_sers,fg_aromatic_ring,F1pos,hgb,L-lysine,0,31,0.8848,1.0
T4,native,qm9s_to_sers,fg_aromatic_ring,F1pos,hgb,L-methionine,0,31,0.9351,1.0
T4,native,qm9s_to_sers,fg_aromatic_ring,F1pos,hgb,L-phenylalanine,1,31,0.5859,0.6774
T4,native,qm9s_to_sers,fg_aromatic_ring,F1pos,hgb,L-proline,0,31,0.8202,0.9677
T4,native,qm9s_to_sers,fg_aromatic_ring,F1pos,hgb,L-serine,0,21,0.8916,1.0
T4,native,qm9s_to_sers,fg_aromatic_ring,F1pos,hgb,L-threonine,0,31,0.887,1.0
T4,native,qm9s_to_sers,fg_aromatic_ring,F1pos,hgb,L-tryptophan,1,21,0.9493,1.0
T4,native,qm9s_to_sers,fg_aromatic_ring,F1pos,hgb,L-tyrosine,1,31,0.876,1.0
T4,native,qm9s_to_sers,fg_aromatic_ring,F1pos,hgb,L-valine,0,31,0.9091,1.0
T4,native,qm9s_to_sers,fg_aromatic_ring,F1pos,hgb,indole+indole-d6,1,4,0.8145,1.0
T4,native,qm9s_to_sers,fg_aromatic_ring,F1pos,hgb,indole-3-acetic acid,1,1,0.6153,1.0
T4,native,qm9s_to_sers,fg_aromatic_ring,F1pos,hgb,isatin,1,1,0.9623,1.0
T4,native,qm9s_to_sers,fg_aromatic_ring,F1pos,hgb,oxindole,1,1,0.8854,1.0
T4,native,qm9s_to_sers,fg_aromatic_ring,F1pos,hgb,tryptophol,1,1,0.9329,1.0
T4,native,qm9s_to_sers,fg_aromatic_ring,F1pos,knn,8-hydroxyquinoline,1,1,0.1984,1.0
T4,native,qm9s_to_sers,fg_aromatic_ring,F1pos,knn,L-alanine,0,31,0.2168,0.6452
T4,native,qm9s_to_sers,fg_aromatic_ring,F1pos,knn,L-arginine,0,31,0.2426,0.8065
T4,native,qm9s_to_sers,fg_aromatic_ring,F1pos,knn,L-asparagine,0,31,0.3184,0.9355
T4,native,qm9s_to_sers,fg_aromatic_ring,F1pos,knn,L-aspartic acid,0,21,0.1849,0.5238
T4,native,qm9s_to_sers,fg_aromatic_ring,F1pos,knn,L-cysteine,0,31,0.3308,0.871
T4,native,qm9s_to_sers,fg_aromatic_ring,F1pos,knn,L-glutamic acid,0,31,0.3509,0.9355
T4,native,qm9s_to_sers,fg_aromatic_ring,F1pos,knn,L-glutamine,0,31,0.1568,0.5484
T4,native,qm9s_to_sers,fg_aromatic_ring,F1pos,knn,L-glycine,0,51,0.2301,0.6667
T4,native,qm9s_to_sers,fg_aromatic_ring,F1pos,knn,L-histidine,1,31,0.1386,0.6129
T4,native,qm9s_to_sers,fg_aromatic_ring,F1pos,knn,L-isoleucine,0,31,0.3378,1.0
T4,native,qm9s_to_sers,fg_aromatic_ring,F1pos,knn,L-leucine,0,31,0.2231,0.6774
T4,native,qm9s_to_sers,fg_aromatic_ring,F1pos,knn,L-lysine,0,31,0.1461,0.4194
T4,native,qm9s_to_sers,fg_aromatic_ring,F1pos,knn,L-methionine,0,31,0.2527,0.7419
T4,native,qm9s_to_sers,fg_aromatic_ring,F1pos,knn,L-phenylalanine,1,31,0.1259,0.4194
T4,native,qm9s_to_sers,fg_aromatic_ring,F1pos,knn,L-proline,0,31,0.1934,0.5806
T4,native,qm9s_to_sers,fg_aromatic_ring,F1pos,knn,L-serine,0,21,0.1902,0.5714
T4,native,qm9s_to_sers,fg_aromatic_ring,F1pos,knn,L-threonine,0,31,0.1971,0.7097
T4,native,qm9s_to_sers,fg_aromatic_ring,F1pos,knn,L-tryptophan,1,21,0.303,0.9048
T4,native,qm9s_to_sers,fg_aromatic_ring,F1pos,knn,L-tyrosine,1,31,0.3741,0.9355
T4,native,qm9s_to_sers,fg_aromatic_ring,F1pos,knn,L-valine,0,31,0.3215,0.9032
T4,native,qm9s_to_sers,fg_aromatic_ring,F1pos,knn,indole+indole-d6,1,4,0.1507,0.25
T4,native,qm9s_to_sers,fg_aromatic_ring,F1pos,knn,indole-3-acetic acid,1,1,0.1972,1.0
T4,native,qm9s_to_sers,fg_aromatic_ring,F1pos,knn,isatin,1,1,0.2928,1.0
T4,native,qm9s_to_sers,fg_aromatic_ring,F1pos,knn,oxindole,1,1,0.112,1.0
T4,native,qm9s_to_sers,fg_aromatic_ring,F1pos,knn,tryptophol,1,1,0.5023,1.0
T4,native,qm9s_to_sers,fg_aromatic_ring,F2,majority,8-hydroxyquinoline,1,1,0.1695,0.0
T4,native,qm9s_to_sers,fg_aromatic_ring,F2,majority,L-alanine,0,31,0.1695,0.0
T4,native,qm9s_to_sers,fg_aromatic_ring,F2,majority,L-arginine,0,31,0.1695,0.0
T4,native,qm9s_to_sers,fg_aromatic_ring,F2,majority,L-asparagine,0,31,0.1695,0.0
T4,native,qm9s_to_sers,fg_aromatic_ring,F2,majority,L-aspartic acid,0,21,0.1695,0.0
T4,native,qm9s_to_sers,fg_aromatic_ring,F2,majority,L-cysteine,0,31,0.1695,0.0
T4,native,qm9s_to_sers,fg_aromatic_ring,F2,majority,L-glutamic acid,0,31,0.1695,0.0
T4,native,qm9s_to_sers,fg_aromatic_ring,F2,majority,L-glutamine,0,31,0.1695,0.0
T4,native,qm9s_to_sers,fg_aromatic_ring,F2,majority,L-glycine,0,51,0.1695,0.0
T4,native,qm9s_to_sers,fg_aromatic_ring,F2,majority,L-histidine,1,31,0.1695,0.0
T4,native,qm9s_to_sers,fg_aromatic_ring,F2,majority,L-isoleucine,0,31,0.1695,0.0
T4,native,qm9s_to_sers,fg_aromatic_ring,F2,majority,L-leucine,0,31,0.1695,0.0
T4,native,qm9s_to_sers,fg_aromatic_ring,F2,majority,L-lysine,0,31,0.1695,0.0
T4,native,qm9s_to_sers,fg_aromatic_ring,F2,majority,L-methionine,0,31,0.1695,0.0
T4,native,qm9s_to_sers,fg_aromatic_ring,F2,majority,L-phenylalanine,1,31,0.1695,0.0
T4,native,qm9s_to_sers,fg_aromatic_ring,F2,majority,L-proline,0,31,0.1695,0.0
T4,native,qm9s_to_sers,fg_aromatic_ring,F2,majority,L-serine,0,21,0.1695,0.0
T4,native,qm9s_to_sers,fg_aromatic_ring,F2,majority,L-threonine,0,31,0.1695,0.0
T4,native,qm9s_to_sers,fg_aromatic_ring,F2,majority,L-tryptophan,1,21,0.1695,0.0
T4,native,qm9s_to_sers,fg_aromatic_ring,F2,majority,L-tyrosine,1,31,0.1695,0.0
T4,native,qm9s_to_sers,fg_aromatic_ring,F2,majority,L-valine,0,31,0.1695,0.0
T4,native,qm9s_to_sers,fg_aromatic_ring,F2,majority,indole+indole-d6,1,4,0.1695,0.0
T4,native,qm9s_to_sers,fg_aromatic_ring,F2,majority,indole-3-acetic acid,1,1,0.1695,0.0
T4,native,qm9s_to_sers,fg_aromatic_ring,F2,majority,isatin,1,1,0.1695,0.0
T4,native,qm9s_to_sers,fg_aromatic_ring,F2,majority,oxindole,1,1,0.1695,0.0
T4,native,qm9s_to_sers,fg_aromatic_ring,F2,majority,tryptophol,1,1,0.1695,0.0
T4,native,qm9s_to_sers,fg_aromatic_ring,F2,lr,8-hydroxyquinoline,1,1,0.1272,0.0
T4,native,qm9s_to_sers,fg_aromatic_ring,F2,lr,L-alanine,0,31,0.9358,1.0
T4,native,qm9s_to_sers,fg_aromatic_ring,F2,lr,L-arginine,0,31,0.9504,1.0
T4,native,qm9s_to_sers,fg_aromatic_ring,F2,lr,L-asparagine,0,31,0.8983,0.9355
T4,native,qm9s_to_sers,fg_aromatic_ring,F2,lr,L-aspartic acid,0,21,0.8368,1.0
T4,native,qm9s_to_sers,fg_aromatic_ring,F2,lr,L-cysteine,0,31,0.8402,0.9677
T4,native,qm9s_to_sers,fg_aromatic_ring,F2,lr,L-glutamic acid,0,31,0.907,0.9677
T4,native,qm9s_to_sers,fg_aromatic_ring,F2,lr,L-glutamine,0,31,0.8377,0.9355
T4,native,qm9s_to_sers,fg_aromatic_ring,F2,lr,L-glycine,0,51,0.9429,1.0
T4,native,qm9s_to_sers,fg_aromatic_ring,F2,lr,L-histidine,1,31,0.8812,1.0
T4,native,qm9s_to_sers,fg_aromatic_ring,F2,lr,L-isoleucine,0,31,0.9665,1.0
T4,native,qm9s_to_sers,fg_aromatic_ring,F2,lr,L-leucine,0,31,0.8839,0.9032
T4,native,qm9s_to_sers,fg_aromatic_ring,F2,lr,L-lysine,0,31,0.8961,1.0
T4,native,qm9s_to_sers,fg_aromatic_ring,F2,lr,L-methionine,0,31,0.6895,0.8065
T4,native,qm9s_to_sers,fg_aromatic_ring,F2,lr,L-phenylalanine,1,31,0.7586,1.0
T4,native,qm9s_to_sers,fg_aromatic_ring,F2,lr,L-proline,0,31,0.8578,1.0
T4,native,qm9s_to_sers,fg_aromatic_ring,F2,lr,L-serine,0,21,0.8876,1.0
T4,native,qm9s_to_sers,fg_aromatic_ring,F2,lr,L-threonine,0,31,0.9104,1.0
T4,native,qm9s_to_sers,fg_aromatic_ring,F2,lr,L-tryptophan,1,21,0.9681,1.0
T4,native,qm9s_to_sers,fg_aromatic_ring,F2,lr,L-tyrosine,1,31,0.9656,1.0
T4,native,qm9s_to_sers,fg_aromatic_ring,F2,lr,L-valine,0,31,0.9155,1.0
T4,native,qm9s_to_sers,fg_aromatic_ring,F2,lr,indole+indole-d6,1,4,0.987,1.0
T4,native,qm9s_to_sers,fg_aromatic_ring,F2,lr,indole-3-acetic acid,1,1,0.0607,0.0
T4,native,qm9s_to_sers,fg_aromatic_ring,F2,lr,isatin,1,1,0.9881,1.0
T4,native,qm9s_to_sers,fg_aromatic_ring,F2,lr,oxindole,1,1,0.997,1.0
T4,native,qm9s_to_sers,fg_aromatic_ring,F2,lr,tryptophol,1,1,0.9246,1.0
T4,native,qm9s_to_sers,fg_aromatic_ring,F2,hgb,8-hydroxyquinoline,1,1,0.0259,0.0
T4,native,qm9s_to_sers,fg_aromatic_ring,F2,hgb,L-alanine,0,31,0.8831,0.9355
T4,native,qm9s_to_sers,fg_aromatic_ring,F2,hgb,L-arginine,0,31,0.9665,1.0
T4,native,qm9s_to_sers,fg_aromatic_ring,F2,hgb,L-asparagine,0,31,0.9191,1.0
T4,native,qm9s_to_sers,fg_aromatic_ring,F2,hgb,L-aspartic acid,0,21,0.8845,1.0
T4,native,qm9s_to_sers,fg_aromatic_ring,F2,hgb,L-cysteine,0,31,0.8197,0.9355
T4,native,qm9s_to_sers,fg_aromatic_ring,F2,hgb,L-glutamic acid,0,31,0.9478,1.0
T4,native,qm9s_to_sers,fg_aromatic_ring,F2,hgb,L-glutamine,0,31,0.8564,1.0
T4,native,qm9s_to_sers,fg_aromatic_ring,F2,hgb,L-glycine,0,51,0.8616,0.9608
T4,native,qm9s_to_sers,fg_aromatic_ring,F2,hgb,L-histidine,1,31,0.9224,1.0
T4,native,qm9s_to_sers,fg_aromatic_ring,F2,hgb,L-isoleucine,0,31,0.9439,1.0
T4,native,qm9s_to_sers,fg_aromatic_ring,F2,hgb,L-leucine,0,31,0.818,0.871
T4,native,qm9s_to_sers,fg_aromatic_ring,F2,hgb,L-lysine,0,31,0.8283,1.0
T4,native,qm9s_to_sers,fg_aromatic_ring,F2,hgb,L-methionine,0,31,0.7983,0.9032
T4,native,qm9s_to_sers,fg_aromatic_ring,F2,hgb,L-phenylalanine,1,31,0.5279,0.6452
T4,native,qm9s_to_sers,fg_aromatic_ring,F2,hgb,L-proline,0,31,0.7969,0.9677
T4,native,qm9s_to_sers,fg_aromatic_ring,F2,hgb,L-serine,0,21,0.5283,0.5238
T4,native,qm9s_to_sers,fg_aromatic_ring,F2,hgb,L-threonine,0,31,0.9125,1.0
T4,native,qm9s_to_sers,fg_aromatic_ring,F2,hgb,L-tryptophan,1,21,0.5523,0.5238
T4,native,qm9s_to_sers,fg_aromatic_ring,F2,hgb,L-tyrosine,1,31,0.9568,1.0
T4,native,qm9s_to_sers,fg_aromatic_ring,F2,hgb,L-valine,0,31,0.9216,0.9677
T4,native,qm9s_to_sers,fg_aromatic_ring,F2,hgb,indole+indole-d6,1,4,0.2105,0.25
T4,native,qm9s_to_sers,fg_aromatic_ring,F2,hgb,indole-3-acetic acid,1,1,0.0133,0.0
T4,native,qm9s_to_sers,fg_aromatic_ring,F2,hgb,isatin,1,1,0.4182,1.0
T4,native,qm9s_to_sers,fg_aromatic_ring,F2,hgb,oxindole,1,1,0.1309,0.0
T4,native,qm9s_to_sers,fg_aromatic_ring,F2,hgb,tryptophol,1,1,0.9501,1.0
T4,native,qm9s_to_sers,fg_aromatic_ring,F2,knn,8-hydroxyquinoline,1,1,0.2752,1.0
T4,native,qm9s_to_sers,fg_aromatic_ring,F2,knn,L-alanine,0,31,0.0791,0.1613
T4,native,qm9s_to_sers,fg_aromatic_ring,F2,knn,L-arginine,0,31,0.1157,0.3226
T4,native,qm9s_to_sers,fg_aromatic_ring,F2,knn,L-asparagine,0,31,0.1197,0.2581
T4,native,qm9s_to_sers,fg_aromatic_ring,F2,knn,L-aspartic acid,0,21,0.0825,0.0476
T4,native,qm9s_to_sers,fg_aromatic_ring,F2,knn,L-cysteine,0,31,0.1427,0.3871
T4,native,qm9s_to_sers,fg_aromatic_ring,F2,knn,L-glutamic acid,0,31,0.1308,0.2903
T4,native,qm9s_to_sers,fg_aromatic_ring,F2,knn,L-glutamine,0,31,0.1643,0.5161
T4,native,qm9s_to_sers,fg_aromatic_ring,F2,knn,L-glycine,0,51,0.2145,0.6471
T4,native,qm9s_to_sers,fg_aromatic_ring,F2,knn,L-histidine,1,31,0.2589,0.5806
T4,native,qm9s_to_sers,fg_aromatic_ring,F2,knn,L-isoleucine,0,31,0.0639,0.0968
T4,native,qm9s_to_sers,fg_aromatic_ring,F2,knn,L-leucine,0,31,0.187,0.6129
T4,native,qm9s_to_sers,fg_aromatic_ring,F2,knn,L-lysine,0,31,0.2359,0.7097
T4,native,qm9s_to_sers,fg_aromatic_ring,F2,knn,L-methionine,0,31,0.0198,0.0323
T4,native,qm9s_to_sers,fg_aromatic_ring,F2,knn,L-phenylalanine,1,31,0.0253,0.0645
T4,native,qm9s_to_sers,fg_aromatic_ring,F2,knn,L-proline,0,31,0.1455,0.4839
T4,native,qm9s_to_sers,fg_aromatic_ring,F2,knn,L-serine,0,21,0.1272,0.2381
T4,native,qm9s_to_sers,fg_aromatic_ring,F2,knn,L-threonine,0,31,0.2164,0.5806
T4,native,qm9s_to_sers,fg_aromatic_ring,F2,knn,L-tryptophan,1,21,0.2663,0.619
T4,native,qm9s_to_sers,fg_aromatic_ring,F2,knn,L-tyrosine,1,31,0.3002,0.6774
T4,native,qm9s_to_sers,fg_aromatic_ring,F2,knn,L-valine,0,31,0.2098,0.7419
T4,native,qm9s_to_sers,fg_aromatic_ring,F2,knn,indole+indole-d6,1,4,0.398,0.75
T4,native,qm9s_to_sers,fg_aromatic_ring,F2,knn,indole-3-acetic acid,1,1,0.391,1.0
T4,native,qm9s_to_sers,fg_aromatic_ring,F2,knn,isatin,1,1,0.2069,1.0
T4,native,qm9s_to_sers,fg_aromatic_ring,F2,knn,oxindole,1,1,0.302,1.0
T4,native,qm9s_to_sers,fg_aromatic_ring,F2,knn,tryptophol,1,1,0.4956,1.0
T4,native,qm9s_to_sers,fg_aromatic_ring,F3,majority,8-hydroxyquinoline,1,1,0.1695,0.0
T4,native,qm9s_to_sers,fg_aromatic_ring,F3,majority,L-alanine,0,31,0.1695,0.0
T4,native,qm9s_to_sers,fg_aromatic_ring,F3,majority,L-arginine,0,31,0.1695,0.0
T4,native,qm9s_to_sers,fg_aromatic_ring,F3,majority,L-asparagine,0,31,0.1695,0.0
T4,native,qm9s_to_sers,fg_aromatic_ring,F3,majority,L-aspartic acid,0,21,0.1695,0.0
T4,native,qm9s_to_sers,fg_aromatic_ring,F3,majority,L-cysteine,0,31,0.1695,0.0
T4,native,qm9s_to_sers,fg_aromatic_ring,F3,majority,L-glutamic acid,0,31,0.1695,0.0
T4,native,qm9s_to_sers,fg_aromatic_ring,F3,majority,L-glutamine,0,31,0.1695,0.0
T4,native,qm9s_to_sers,fg_aromatic_ring,F3,majority,L-glycine,0,51,0.1695,0.0
T4,native,qm9s_to_sers,fg_aromatic_ring,F3,majority,L-histidine,1,31,0.1695,0.0
T4,native,qm9s_to_sers,fg_aromatic_ring,F3,majority,L-isoleucine,0,31,0.1695,0.0
T4,native,qm9s_to_sers,fg_aromatic_ring,F3,majority,L-leucine,0,31,0.1695,0.0
T4,native,qm9s_to_sers,fg_aromatic_ring,F3,majority,L-lysine,0,31,0.1695,0.0
T4,native,qm9s_to_sers,fg_aromatic_ring,F3,majority,L-methionine,0,31,0.1695,0.0
T4,native,qm9s_to_sers,fg_aromatic_ring,F3,majority,L-phenylalanine,1,31,0.1695,0.0
T4,native,qm9s_to_sers,fg_aromatic_ring,F3,majority,L-proline,0,31,0.1695,0.0
T4,native,qm9s_to_sers,fg_aromatic_ring,F3,majority,L-serine,0,21,0.1695,0.0
T4,native,qm9s_to_sers,fg_aromatic_ring,F3,majority,L-threonine,0,31,0.1695,0.0
T4,native,qm9s_to_sers,fg_aromatic_ring,F3,majority,L-tryptophan,1,21,0.1695,0.0
T4,native,qm9s_to_sers,fg_aromatic_ring,F3,majority,L-tyrosine,1,31,0.1695,0.0
T4,native,qm9s_to_sers,fg_aromatic_ring,F3,majority,L-valine,0,31,0.1695,0.0
T4,native,qm9s_to_sers,fg_aromatic_ring,F3,majority,indole+indole-d6,1,4,0.1695,0.0
T4,native,qm9s_to_sers,fg_aromatic_ring,F3,majority,indole-3-acetic acid,1,1,0.1695,0.0
T4,native,qm9s_to_sers,fg_aromatic_ring,F3,majority,isatin,1,1,0.1695,0.0
T4,native,qm9s_to_sers,fg_aromatic_ring,F3,majority,oxindole,1,1,0.1695,0.0
T4,native,qm9s_to_sers,fg_aromatic_ring,F3,majority,tryptophol,1,1,0.1695,0.0
T4,native,qm9s_to_sers,fg_aromatic_ring,F3,lr,8-hydroxyquinoline,1,1,0.0176,0.0
T4,native,qm9s_to_sers,fg_aromatic_ring,F3,lr,L-alanine,0,31,0.1508,0.0
T4,native,qm9s_to_sers,fg_aromatic_ring,F3,lr,L-arginine,0,31,0.1732,0.0
T4,native,qm9s_to_sers,fg_aromatic_ring,F3,lr,L-asparagine,0,31,0.1478,0.0
T4,native,qm9s_to_sers,fg_aromatic_ring,F3,lr,L-aspartic acid,0,21,0.1044,0.0
T4,native,qm9s_to_sers,fg_aromatic_ring,F3,lr,L-cysteine,0,31,0.0385,0.0
T4,native,qm9s_to_sers,fg_aromatic_ring,F3,lr,L-glutamic acid,0,31,0.1739,0.0
T4,native,qm9s_to_sers,fg_aromatic_ring,F3,lr,L-glutamine,0,31,0.0745,0.0
T4,native,qm9s_to_sers,fg_aromatic_ring,F3,lr,L-glycine,0,51,0.1348,0.0
T4,native,qm9s_to_sers,fg_aromatic_ring,F3,lr,L-histidine,1,31,0.0795,0.0
T4,native,qm9s_to_sers,fg_aromatic_ring,F3,lr,L-isoleucine,0,31,0.1843,0.0
T4,native,qm9s_to_sers,fg_aromatic_ring,F3,lr,L-leucine,0,31,0.2212,0.0
T4,native,qm9s_to_sers,fg_aromatic_ring,F3,lr,L-lysine,0,31,0.0659,0.0
T4,native,qm9s_to_sers,fg_aromatic_ring,F3,lr,L-methionine,0,31,0.029,0.0
T4,native,qm9s_to_sers,fg_aromatic_ring,F3,lr,L-phenylalanine,1,31,0.073,0.0
T4,native,qm9s_to_sers,fg_aromatic_ring,F3,lr,L-proline,0,31,0.0675,0.0
T4,native,qm9s_to_sers,fg_aromatic_ring,F3,lr,L-serine,0,21,0.1643,0.0476
T4,native,qm9s_to_sers,fg_aromatic_ring,F3,lr,L-threonine,0,31,0.0756,0.0
T4,native,qm9s_to_sers,fg_aromatic_ring,F3,lr,L-tryptophan,1,21,0.713,0.9048
T4,native,qm9s_to_sers,fg_aromatic_ring,F3,lr,L-tyrosine,1,31,0.3109,0.1935
T4,native,qm9s_to_sers,fg_aromatic_ring,F3,lr,L-valine,0,31,0.1658,0.0
T4,native,qm9s_to_sers,fg_aromatic_ring,F3,lr,indole+indole-d6,1,4,0.714,0.75
T4,native,qm9s_to_sers,fg_aromatic_ring,F3,lr,indole-3-acetic acid,1,1,0.0067,0.0
T4,native,qm9s_to_sers,fg_aromatic_ring,F3,lr,isatin,1,1,0.2425,0.0
T4,native,qm9s_to_sers,fg_aromatic_ring,F3,lr,oxindole,1,1,0.5589,1.0
T4,native,qm9s_to_sers,fg_aromatic_ring,F3,lr,tryptophol,1,1,0.1719,0.0
T4,native,qm9s_to_sers,fg_aromatic_ring,F3,hgb,8-hydroxyquinoline,1,1,0.1585,0.0
T4,native,qm9s_to_sers,fg_aromatic_ring,F3,hgb,L-alanine,0,31,0.4535,0.871
T4,native,qm9s_to_sers,fg_aromatic_ring,F3,hgb,L-arginine,0,31,0.5106,0.9355
T4,native,qm9s_to_sers,fg_aromatic_ring,F3,hgb,L-asparagine,0,31,0.5656,0.9032
T4,native,qm9s_to_sers,fg_aromatic_ring,F3,hgb,L-aspartic acid,0,21,0.6813,0.9524
T4,native,qm9s_to_sers,fg_aromatic_ring,F3,hgb,L-cysteine,0,31,0.3648,0.7097
T4,native,qm9s_to_sers,fg_aromatic_ring,F3,hgb,L-glutamic acid,0,31,0.3318,0.5484
T4,native,qm9s_to_sers,fg_aromatic_ring,F3,hgb,L-glutamine,0,31,0.5154,0.9032
T4,native,qm9s_to_sers,fg_aromatic_ring,F3,hgb,L-glycine,0,51,0.5005,0.8627
T4,native,qm9s_to_sers,fg_aromatic_ring,F3,hgb,L-histidine,1,31,0.4481,0.9355
T4,native,qm9s_to_sers,fg_aromatic_ring,F3,hgb,L-isoleucine,0,31,0.4024,0.6129
T4,native,qm9s_to_sers,fg_aromatic_ring,F3,hgb,L-leucine,0,31,0.4174,0.5806
T4,native,qm9s_to_sers,fg_aromatic_ring,F3,hgb,L-lysine,0,31,0.5579,1.0
T4,native,qm9s_to_sers,fg_aromatic_ring,F3,hgb,L-methionine,0,31,0.2122,0.2903
T4,native,qm9s_to_sers,fg_aromatic_ring,F3,hgb,L-phenylalanine,1,31,0.6162,1.0
T4,native,qm9s_to_sers,fg_aromatic_ring,F3,hgb,L-proline,0,31,0.458,0.8387
T4,native,qm9s_to_sers,fg_aromatic_ring,F3,hgb,L-serine,0,21,0.3319,0.4762
T4,native,qm9s_to_sers,fg_aromatic_ring,F3,hgb,L-threonine,0,31,0.5468,0.871
T4,native,qm9s_to_sers,fg_aromatic_ring,F3,hgb,L-tryptophan,1,21,0.1468,0.0952
T4,native,qm9s_to_sers,fg_aromatic_ring,F3,hgb,L-tyrosine,1,31,0.5779,1.0
T4,native,qm9s_to_sers,fg_aromatic_ring,F3,hgb,L-valine,0,31,0.5588,0.871
T4,native,qm9s_to_sers,fg_aromatic_ring,F3,hgb,indole+indole-d6,1,4,0.5258,0.75
T4,native,qm9s_to_sers,fg_aromatic_ring,F3,hgb,indole-3-acetic acid,1,1,0.0577,0.0
T4,native,qm9s_to_sers,fg_aromatic_ring,F3,hgb,isatin,1,1,0.7002,1.0
T4,native,qm9s_to_sers,fg_aromatic_ring,F3,hgb,oxindole,1,1,0.7445,1.0
T4,native,qm9s_to_sers,fg_aromatic_ring,F3,hgb,tryptophol,1,1,0.9628,1.0
T4,native,qm9s_to_sers,fg_aromatic_ring,F3,knn,8-hydroxyquinoline,1,1,0.4155,1.0
T4,native,qm9s_to_sers,fg_aromatic_ring,F3,knn,L-alanine,0,31,0.0929,0.0323
T4,native,qm9s_to_sers,fg_aromatic_ring,F3,knn,L-arginine,0,31,0.1322,0.3548
T4,native,qm9s_to_sers,fg_aromatic_ring,F3,knn,L-asparagine,0,31,0.0994,0.0323
T4,native,qm9s_to_sers,fg_aromatic_ring,F3,knn,L-aspartic acid,0,21,0.1385,0.5238
T4,native,qm9s_to_sers,fg_aromatic_ring,F3,knn,L-cysteine,0,31,0.0694,0.0
T4,native,qm9s_to_sers,fg_aromatic_ring,F3,knn,L-glutamic acid,0,31,0.0494,0.0323
T4,native,qm9s_to_sers,fg_aromatic_ring,F3,knn,L-glutamine,0,31,0.1702,0.7419
T4,native,qm9s_to_sers,fg_aromatic_ring,F3,knn,L-glycine,0,51,0.1243,0.3725
T4,native,qm9s_to_sers,fg_aromatic_ring,F3,knn,L-histidine,1,31,0.195,1.0
T4,native,qm9s_to_sers,fg_aromatic_ring,F3,knn,L-isoleucine,0,31,0.0603,0.0323
T4,native,qm9s_to_sers,fg_aromatic_ring,F3,knn,L-leucine,0,31,0.1154,0.1935
T4,native,qm9s_to_sers,fg_aromatic_ring,F3,knn,L-lysine,0,31,0.1717,0.7742
T4,native,qm9s_to_sers,fg_aromatic_ring,F3,knn,L-methionine,0,31,0.009,0.0
T4,native,qm9s_to_sers,fg_aromatic_ring,F3,knn,L-phenylalanine,1,31,0.1091,0.0968
T4,native,qm9s_to_sers,fg_aromatic_ring,F3,knn,L-proline,0,31,0.1611,0.6452
T4,native,qm9s_to_sers,fg_aromatic_ring,F3,knn,L-serine,0,21,0.0505,0.0
T4,native,qm9s_to_sers,fg_aromatic_ring,F3,knn,L-threonine,0,31,0.1606,0.6129
T4,native,qm9s_to_sers,fg_aromatic_ring,F3,knn,L-tryptophan,1,21,0.0886,0.0476
T4,native,qm9s_to_sers,fg_aromatic_ring,F3,knn,L-tyrosine,1,31,0.1139,0.1613
T4,native,qm9s_to_sers,fg_aromatic_ring,F3,knn,L-valine,0,31,0.1409,0.4839
T4,native,qm9s_to_sers,fg_aromatic_ring,F3,knn,indole+indole-d6,1,4,0.2206,0.75
T4,native,qm9s_to_sers,fg_aromatic_ring,F3,knn,indole-3-acetic acid,1,1,0.5105,1.0
T4,native,qm9s_to_sers,fg_aromatic_ring,F3,knn,isatin,1,1,0.0959,0.0
T4,native,qm9s_to_sers,fg_aromatic_ring,F3,knn,oxindole,1,1,0.0,0.0
T4,native,qm9s_to_sers,fg_aromatic_ring,F3,knn,tryptophol,1,1,0.0994,0.0
T4,native,qm9s_to_sers,fg_pyrrole_ring,F1,majority,8-hydroxyquinoline,0,1,0.0189,0.0
T4,native,qm9s_to_sers,fg_pyrrole_ring,F1,majority,L-alanine,0,31,0.0189,0.0
T4,native,qm9s_to_sers,fg_pyrrole_ring,F1,majority,L-arginine,0,31,0.0189,0.0
T4,native,qm9s_to_sers,fg_pyrrole_ring,F1,majority,L-asparagine,0,31,0.0189,0.0
T4,native,qm9s_to_sers,fg_pyrrole_ring,F1,majority,L-aspartic acid,0,21,0.0189,0.0
T4,native,qm9s_to_sers,fg_pyrrole_ring,F1,majority,L-cysteine,0,31,0.0189,0.0
T4,native,qm9s_to_sers,fg_pyrrole_ring,F1,majority,L-glutamic acid,0,31,0.0189,0.0
T4,native,qm9s_to_sers,fg_pyrrole_ring,F1,majority,L-glutamine,0,31,0.0189,0.0
T4,native,qm9s_to_sers,fg_pyrrole_ring,F1,majority,L-glycine,0,51,0.0189,0.0
T4,native,qm9s_to_sers,fg_pyrrole_ring,F1,majority,L-histidine,0,31,0.0189,0.0
T4,native,qm9s_to_sers,fg_pyrrole_ring,F1,majority,L-isoleucine,0,31,0.0189,0.0
T4,native,qm9s_to_sers,fg_pyrrole_ring,F1,majority,L-leucine,0,31,0.0189,0.0
T4,native,qm9s_to_sers,fg_pyrrole_ring,F1,majority,L-lysine,0,31,0.0189,0.0
T4,native,qm9s_to_sers,fg_pyrrole_ring,F1,majority,L-methionine,0,31,0.0189,0.0
T4,native,qm9s_to_sers,fg_pyrrole_ring,F1,majority,L-phenylalanine,0,31,0.0189,0.0
T4,native,qm9s_to_sers,fg_pyrrole_ring,F1,majority,L-proline,0,31,0.0189,0.0
T4,native,qm9s_to_sers,fg_pyrrole_ring,F1,majority,L-serine,0,21,0.0189,0.0
T4,native,qm9s_to_sers,fg_pyrrole_ring,F1,majority,L-threonine,0,31,0.0189,0.0
T4,native,qm9s_to_sers,fg_pyrrole_ring,F1,majority,L-tryptophan,1,21,0.0189,0.0
T4,native,qm9s_to_sers,fg_pyrrole_ring,F1,majority,L-tyrosine,0,31,0.0189,0.0
T4,native,qm9s_to_sers,fg_pyrrole_ring,F1,majority,L-valine,0,31,0.0189,0.0
T4,native,qm9s_to_sers,fg_pyrrole_ring,F1,majority,indole+indole-d6,1,4,0.0189,0.0
T4,native,qm9s_to_sers,fg_pyrrole_ring,F1,majority,indole-3-acetic acid,1,1,0.0189,0.0
T4,native,qm9s_to_sers,fg_pyrrole_ring,F1,majority,isatin,0,1,0.0189,0.0
T4,native,qm9s_to_sers,fg_pyrrole_ring,F1,majority,oxindole,0,1,0.0189,0.0
T4,native,qm9s_to_sers,fg_pyrrole_ring,F1,majority,tryptophol,1,1,0.0189,0.0
T4,native,qm9s_to_sers,fg_pyrrole_ring,F1,lr,8-hydroxyquinoline,0,1,0.1423,0.0
T4,native,qm9s_to_sers,fg_pyrrole_ring,F1,lr,L-alanine,0,31,0.3035,0.3548
T4,native,qm9s_to_sers,fg_pyrrole_ring,F1,lr,L-arginine,0,31,0.3177,0.3226
T4,native,qm9s_to_sers,fg_pyrrole_ring,F1,lr,L-asparagine,0,31,0.286,0.0968
T4,native,qm9s_to_sers,fg_pyrrole_ring,F1,lr,L-aspartic acid,0,21,0.3406,0.5238
T4,native,qm9s_to_sers,fg_pyrrole_ring,F1,lr,L-cysteine,0,31,0.4131,0.9355
T4,native,qm9s_to_sers,fg_pyrrole_ring,F1,lr,L-glutamic acid,0,31,0.1244,0.0323
T4,native,qm9s_to_sers,fg_pyrrole_ring,F1,lr,L-glutamine,0,31,0.4096,0.8065
T4,native,qm9s_to_sers,fg_pyrrole_ring,F1,lr,L-glycine,0,51,0.2985,0.4314
T4,native,qm9s_to_sers,fg_pyrrole_ring,F1,lr,L-histidine,0,31,0.3704,0.6452
T4,native,qm9s_to_sers,fg_pyrrole_ring,F1,lr,L-isoleucine,0,31,0.2821,0.3548
T4,native,qm9s_to_sers,fg_pyrrole_ring,F1,lr,L-leucine,0,31,0.2673,0.0645
T4,native,qm9s_to_sers,fg_pyrrole_ring,F1,lr,L-lysine,0,31,0.3093,0.1935
T4,native,qm9s_to_sers,fg_pyrrole_ring,F1,lr,L-methionine,0,31,0.1941,0.0645
T4,native,qm9s_to_sers,fg_pyrrole_ring,F1,lr,L-phenylalanine,0,31,0.3861,0.6774
T4,native,qm9s_to_sers,fg_pyrrole_ring,F1,lr,L-proline,0,31,0.361,0.6129
T4,native,qm9s_to_sers,fg_pyrrole_ring,F1,lr,L-serine,0,21,0.0782,0.0476
T4,native,qm9s_to_sers,fg_pyrrole_ring,F1,lr,L-threonine,0,31,0.4198,0.8065
T4,native,qm9s_to_sers,fg_pyrrole_ring,F1,lr,L-tryptophan,1,21,0.2012,0.1429
T4,native,qm9s_to_sers,fg_pyrrole_ring,F1,lr,L-tyrosine,0,31,0.228,0.0323
T4,native,qm9s_to_sers,fg_pyrrole_ring,F1,lr,L-valine,0,31,0.2905,0.1613
T4,native,qm9s_to_sers,fg_pyrrole_ring,F1,lr,indole+indole-d6,1,4,0.0166,0.0
T4,native,qm9s_to_sers,fg_pyrrole_ring,F1,lr,indole-3-acetic acid,1,1,0.046,0.0
T4,native,qm9s_to_sers,fg_pyrrole_ring,F1,lr,isatin,0,1,0.0275,0.0
T4,native,qm9s_to_sers,fg_pyrrole_ring,F1,lr,oxindole,0,1,0.017,0.0
T4,native,qm9s_to_sers,fg_pyrrole_ring,F1,lr,tryptophol,1,1,0.3477,0.0
T4,native,qm9s_to_sers,fg_pyrrole_ring,F1,hgb,8-hydroxyquinoline,0,1,0.4676,1.0
T4,native,qm9s_to_sers,fg_pyrrole_ring,F1,hgb,L-alanine,0,31,0.2322,0.6452
T4,native,qm9s_to_sers,fg_pyrrole_ring,F1,hgb,L-arginine,0,31,0.2874,0.8387
T4,native,qm9s_to_sers,fg_pyrrole_ring,F1,hgb,L-asparagine,0,31,0.2282,0.9032
T4,native,qm9s_to_sers,fg_pyrrole_ring,F1,hgb,L-aspartic acid,0,21,0.3186,0.5238
T4,native,qm9s_to_sers,fg_pyrrole_ring,F1,hgb,L-cysteine,0,31,0.492,1.0
T4,native,qm9s_to_sers,fg_pyrrole_ring,F1,hgb,L-glutamic acid,0,31,0.1433,0.4839
T4,native,qm9s_to_sers,fg_pyrrole_ring,F1,hgb,L-glutamine,0,31,0.3365,1.0
T4,native,qm9s_to_sers,fg_pyrrole_ring,F1,hgb,L-glycine,0,51,0.2889,0.8235
T4,native,qm9s_to_sers,fg_pyrrole_ring,F1,hgb,L-histidine,0,31,0.2694,1.0
T4,native,qm9s_to_sers,fg_pyrrole_ring,F1,hgb,L-isoleucine,0,31,0.2048,0.6452
T4,native,qm9s_to_sers,fg_pyrrole_ring,F1,hgb,L-leucine,0,31,0.2593,1.0
T4,native,qm9s_to_sers,fg_pyrrole_ring,F1,hgb,L-lysine,0,31,0.2309,1.0
T4,native,qm9s_to_sers,fg_pyrrole_ring,F1,hgb,L-methionine,0,31,0.1757,0.7097
T4,native,qm9s_to_sers,fg_pyrrole_ring,F1,hgb,L-phenylalanine,0,31,0.3392,1.0
T4,native,qm9s_to_sers,fg_pyrrole_ring,F1,hgb,L-proline,0,31,0.3493,1.0
T4,native,qm9s_to_sers,fg_pyrrole_ring,F1,hgb,L-serine,0,21,0.0511,0.0952
T4,native,qm9s_to_sers,fg_pyrrole_ring,F1,hgb,L-threonine,0,31,0.4378,1.0
T4,native,qm9s_to_sers,fg_pyrrole_ring,F1,hgb,L-tryptophan,1,21,0.1935,0.8095
T4,native,qm9s_to_sers,fg_pyrrole_ring,F1,hgb,L-tyrosine,0,31,0.2529,0.9032
T4,native,qm9s_to_sers,fg_pyrrole_ring,F1,hgb,L-valine,0,31,0.3262,1.0
T4,native,qm9s_to_sers,fg_pyrrole_ring,F1,hgb,indole+indole-d6,1,4,0.1006,0.25
T4,native,qm9s_to_sers,fg_pyrrole_ring,F1,hgb,indole-3-acetic acid,1,1,0.3079,1.0
T4,native,qm9s_to_sers,fg_pyrrole_ring,F1,hgb,isatin,0,1,0.0954,0.0
T4,native,qm9s_to_sers,fg_pyrrole_ring,F1,hgb,oxindole,0,1,0.088,0.0
T4,native,qm9s_to_sers,fg_pyrrole_ring,F1,hgb,tryptophol,1,1,0.4217,1.0
T4,native,qm9s_to_sers,fg_pyrrole_ring,F1,knn,8-hydroxyquinoline,0,1,0.0,0.0
T4,native,qm9s_to_sers,fg_pyrrole_ring,F1,knn,L-alanine,0,31,0.0031,0.0323
T4,native,qm9s_to_sers,fg_pyrrole_ring,F1,knn,L-arginine,0,31,0.042,0.2258
T4,native,qm9s_to_sers,fg_pyrrole_ring,F1,knn,L-asparagine,0,31,0.0034,0.0323
T4,native,qm9s_to_sers,fg_pyrrole_ring,F1,knn,L-aspartic acid,0,21,0.0,0.0
T4,native,qm9s_to_sers,fg_pyrrole_ring,F1,knn,L-cysteine,0,31,0.0347,0.3226
T4,native,qm9s_to_sers,fg_pyrrole_ring,F1,knn,L-glutamic acid,0,31,0.0157,0.129
T4,native,qm9s_to_sers,fg_pyrrole_ring,F1,knn,L-glutamine,0,31,0.0194,0.1935
T4,native,qm9s_to_sers,fg_pyrrole_ring,F1,knn,L-glycine,0,51,0.0274,0.0784
T4,native,qm9s_to_sers,fg_pyrrole_ring,F1,knn,L-histidine,0,31,0.003,0.0323
T4,native,qm9s_to_sers,fg_pyrrole_ring,F1,knn,L-isoleucine,0,31,0.0065,0.0645
T4,native,qm9s_to_sers,fg_pyrrole_ring,F1,knn,L-leucine,0,31,0.0,0.0
T4,native,qm9s_to_sers,fg_pyrrole_ring,F1,knn,L-lysine,0,31,0.0,0.0
T4,native,qm9s_to_sers,fg_pyrrole_ring,F1,knn,L-methionine,0,31,0.0062,0.0645
T4,native,qm9s_to_sers,fg_pyrrole_ring,F1,knn,L-phenylalanine,0,31,0.0,0.0
T4,native,qm9s_to_sers,fg_pyrrole_ring,F1,knn,L-proline,0,31,0.0,0.0
T4,native,qm9s_to_sers,fg_pyrrole_ring,F1,knn,L-serine,0,21,0.0,0.0
T4,native,qm9s_to_sers,fg_pyrrole_ring,F1,knn,L-threonine,0,31,0.0131,0.129
T4,native,qm9s_to_sers,fg_pyrrole_ring,F1,knn,L-tryptophan,1,21,0.1707,0.7143
T4,native,qm9s_to_sers,fg_pyrrole_ring,F1,knn,L-tyrosine,0,31,0.0157,0.1613
T4,native,qm9s_to_sers,fg_pyrrole_ring,F1,knn,L-valine,0,31,0.0,0.0
T4,native,qm9s_to_sers,fg_pyrrole_ring,F1,knn,indole+indole-d6,1,4,0.078,0.5
T4,native,qm9s_to_sers,fg_pyrrole_ring,F1,knn,indole-3-acetic acid,1,1,0.0,0.0
T4,native,qm9s_to_sers,fg_pyrrole_ring,F1,knn,isatin,0,1,0.0,0.0
T4,native,qm9s_to_sers,fg_pyrrole_ring,F1,knn,oxindole,0,1,0.0,0.0
T4,native,qm9s_to_sers,fg_pyrrole_ring,F1,knn,tryptophol,1,1,0.0,0.0
T4,native,qm9s_to_sers,fg_pyrrole_ring,F1pos,majority,8-hydroxyquinoline,0,1,0.0189,0.0
T4,native,qm9s_to_sers,fg_pyrrole_ring,F1pos,majority,L-alanine,0,31,0.0189,0.0
T4,native,qm9s_to_sers,fg_pyrrole_ring,F1pos,majority,L-arginine,0,31,0.0189,0.0
T4,native,qm9s_to_sers,fg_pyrrole_ring,F1pos,majority,L-asparagine,0,31,0.0189,0.0
T4,native,qm9s_to_sers,fg_pyrrole_ring,F1pos,majority,L-aspartic acid,0,21,0.0189,0.0
T4,native,qm9s_to_sers,fg_pyrrole_ring,F1pos,majority,L-cysteine,0,31,0.0189,0.0
T4,native,qm9s_to_sers,fg_pyrrole_ring,F1pos,majority,L-glutamic acid,0,31,0.0189,0.0
T4,native,qm9s_to_sers,fg_pyrrole_ring,F1pos,majority,L-glutamine,0,31,0.0189,0.0
T4,native,qm9s_to_sers,fg_pyrrole_ring,F1pos,majority,L-glycine,0,51,0.0189,0.0
T4,native,qm9s_to_sers,fg_pyrrole_ring,F1pos,majority,L-histidine,0,31,0.0189,0.0
T4,native,qm9s_to_sers,fg_pyrrole_ring,F1pos,majority,L-isoleucine,0,31,0.0189,0.0
T4,native,qm9s_to_sers,fg_pyrrole_ring,F1pos,majority,L-leucine,0,31,0.0189,0.0
T4,native,qm9s_to_sers,fg_pyrrole_ring,F1pos,majority,L-lysine,0,31,0.0189,0.0
T4,native,qm9s_to_sers,fg_pyrrole_ring,F1pos,majority,L-methionine,0,31,0.0189,0.0
T4,native,qm9s_to_sers,fg_pyrrole_ring,F1pos,majority,L-phenylalanine,0,31,0.0189,0.0
T4,native,qm9s_to_sers,fg_pyrrole_ring,F1pos,majority,L-proline,0,31,0.0189,0.0
T4,native,qm9s_to_sers,fg_pyrrole_ring,F1pos,majority,L-serine,0,21,0.0189,0.0
T4,native,qm9s_to_sers,fg_pyrrole_ring,F1pos,majority,L-threonine,0,31,0.0189,0.0
T4,native,qm9s_to_sers,fg_pyrrole_ring,F1pos,majority,L-tryptophan,1,21,0.0189,0.0
T4,native,qm9s_to_sers,fg_pyrrole_ring,F1pos,majority,L-tyrosine,0,31,0.0189,0.0
T4,native,qm9s_to_sers,fg_pyrrole_ring,F1pos,majority,L-valine,0,31,0.0189,0.0
T4,native,qm9s_to_sers,fg_pyrrole_ring,F1pos,majority,indole+indole-d6,1,4,0.0189,0.0
T4,native,qm9s_to_sers,fg_pyrrole_ring,F1pos,majority,indole-3-acetic acid,1,1,0.0189,0.0
T4,native,qm9s_to_sers,fg_pyrrole_ring,F1pos,majority,isatin,0,1,0.0189,0.0
T4,native,qm9s_to_sers,fg_pyrrole_ring,F1pos,majority,oxindole,0,1,0.0189,0.0
T4,native,qm9s_to_sers,fg_pyrrole_ring,F1pos,majority,tryptophol,1,1,0.0189,0.0
T4,native,qm9s_to_sers,fg_pyrrole_ring,F1pos,lr,8-hydroxyquinoline,0,1,0.739,1.0
T4,native,qm9s_to_sers,fg_pyrrole_ring,F1pos,lr,L-alanine,0,31,0.3235,0.3226
T4,native,qm9s_to_sers,fg_pyrrole_ring,F1pos,lr,L-arginine,0,31,0.3682,0.3871
T4,native,qm9s_to_sers,fg_pyrrole_ring,F1pos,lr,L-asparagine,0,31,0.3492,0.4839
T4,native,qm9s_to_sers,fg_pyrrole_ring,F1pos,lr,L-aspartic acid,0,21,0.4984,0.5238
T4,native,qm9s_to_sers,fg_pyrrole_ring,F1pos,lr,L-cysteine,0,31,0.6671,0.871
T4,native,qm9s_to_sers,fg_pyrrole_ring,F1pos,lr,L-glutamic acid,0,31,0.3097,0.4516
T4,native,qm9s_to_sers,fg_pyrrole_ring,F1pos,lr,L-glutamine,0,31,0.6097,0.7419
T4,native,qm9s_to_sers,fg_pyrrole_ring,F1pos,lr,L-glycine,0,51,0.3808,0.549
T4,native,qm9s_to_sers,fg_pyrrole_ring,F1pos,lr,L-histidine,0,31,0.4737,0.7419
T4,native,qm9s_to_sers,fg_pyrrole_ring,F1pos,lr,L-isoleucine,0,31,0.381,0.5161
T4,native,qm9s_to_sers,fg_pyrrole_ring,F1pos,lr,L-leucine,0,31,0.4946,0.6452
T4,native,qm9s_to_sers,fg_pyrrole_ring,F1pos,lr,L-lysine,0,31,0.2228,0.1613
T4,native,qm9s_to_sers,fg_pyrrole_ring,F1pos,lr,L-methionine,0,31,0.3717,0.4516
T4,native,qm9s_to_sers,fg_pyrrole_ring,F1pos,lr,L-phenylalanine,0,31,0.5254,0.7419
T4,native,qm9s_to_sers,fg_pyrrole_ring,F1pos,lr,L-proline,0,31,0.4111,0.7097
T4,native,qm9s_to_sers,fg_pyrrole_ring,F1pos,lr,L-serine,0,21,0.3046,0.5238
T4,native,qm9s_to_sers,fg_pyrrole_ring,F1pos,lr,L-threonine,0,31,0.4967,0.6774
T4,native,qm9s_to_sers,fg_pyrrole_ring,F1pos,lr,L-tryptophan,1,21,0.8127,1.0
T4,native,qm9s_to_sers,fg_pyrrole_ring,F1pos,lr,L-tyrosine,0,31,0.3996,0.4516
T4,native,qm9s_to_sers,fg_pyrrole_ring,F1pos,lr,L-valine,0,31,0.6776,0.8065
T4,native,qm9s_to_sers,fg_pyrrole_ring,F1pos,lr,indole+indole-d6,1,4,0.5087,0.75
T4,native,qm9s_to_sers,fg_pyrrole_ring,F1pos,lr,indole-3-acetic acid,1,1,0.433,1.0
T4,native,qm9s_to_sers,fg_pyrrole_ring,F1pos,lr,isatin,0,1,0.9383,1.0
T4,native,qm9s_to_sers,fg_pyrrole_ring,F1pos,lr,oxindole,0,1,0.6549,1.0
T4,native,qm9s_to_sers,fg_pyrrole_ring,F1pos,lr,tryptophol,1,1,0.5648,1.0
T4,native,qm9s_to_sers,fg_pyrrole_ring,F1pos,hgb,8-hydroxyquinoline,0,1,0.6304,1.0
T4,native,qm9s_to_sers,fg_pyrrole_ring,F1pos,hgb,L-alanine,0,31,0.2482,0.3548
T4,native,qm9s_to_sers,fg_pyrrole_ring,F1pos,hgb,L-arginine,0,31,0.3426,0.5161
T4,native,qm9s_to_sers,fg_pyrrole_ring,F1pos,hgb,L-asparagine,0,31,0.2244,0.3871
T4,native,qm9s_to_sers,fg_pyrrole_ring,F1pos,hgb,L-aspartic acid,0,21,0.3801,0.4762
T4,native,qm9s_to_sers,fg_pyrrole_ring,F1pos,hgb,L-cysteine,0,31,0.5968,0.9355
T4,native,qm9s_to_sers,fg_pyrrole_ring,F1pos,hgb,L-glutamic acid,0,31,0.2836,0.5161
T4,native,qm9s_to_sers,fg_pyrrole_ring,F1pos,hgb,L-glutamine,0,31,0.4187,0.6774
T4,native,qm9s_to_sers,fg_pyrrole_ring,F1pos,hgb,L-glycine,0,51,0.2654,0.4902
T4,native,qm9s_to_sers,fg_pyrrole_ring,F1pos,hgb,L-histidine,0,31,0.3375,0.5484
T4,native,qm9s_to_sers,fg_pyrrole_ring,F1pos,hgb,L-isoleucine,0,31,0.3034,0.6452
T4,native,qm9s_to_sers,fg_pyrrole_ring,F1pos,hgb,L-leucine,0,31,0.4335,0.6774
T4,native,qm9s_to_sers,fg_pyrrole_ring,F1pos,hgb,L-lysine,0,31,0.2063,0.3226
T4,native,qm9s_to_sers,fg_pyrrole_ring,F1pos,hgb,L-methionine,0,31,0.3944,0.6452
T4,native,qm9s_to_sers,fg_pyrrole_ring,F1pos,hgb,L-phenylalanine,0,31,0.3224,0.5806
T4,native,qm9s_to_sers,fg_pyrrole_ring,F1pos,hgb,L-proline,0,31,0.3022,0.7742
T4,native,qm9s_to_sers,fg_pyrrole_ring,F1pos,hgb,L-serine,0,21,0.2509,0.5714
T4,native,qm9s_to_sers,fg_pyrrole_ring,F1pos,hgb,L-threonine,0,31,0.3755,0.5806
T4,native,qm9s_to_sers,fg_pyrrole_ring,F1pos,hgb,L-tryptophan,1,21,0.694,1.0
T4,native,qm9s_to_sers,fg_pyrrole_ring,F1pos,hgb,L-tyrosine,0,31,0.3317,0.7742
T4,native,qm9s_to_sers,fg_pyrrole_ring,F1pos,hgb,L-valine,0,31,0.5781,0.8387
T4,native,qm9s_to_sers,fg_pyrrole_ring,F1pos,hgb,indole+indole-d6,1,4,0.544,1.0
T4,native,qm9s_to_sers,fg_pyrrole_ring,F1pos,hgb,indole-3-acetic acid,1,1,0.1712,0.0
T4,native,qm9s_to_sers,fg_pyrrole_ring,F1pos,hgb,isatin,0,1,0.7114,1.0
T4,native,qm9s_to_sers,fg_pyrrole_ring,F1pos,hgb,oxindole,0,1,0.5373,1.0
T4,native,qm9s_to_sers,fg_pyrrole_ring,F1pos,hgb,tryptophol,1,1,0.5649,1.0
T4,native,qm9s_to_sers,fg_pyrrole_ring,F1pos,knn,8-hydroxyquinoline,0,1,0.0989,1.0
T4,native,qm9s_to_sers,fg_pyrrole_ring,F1pos,knn,L-alanine,0,31,0.0319,0.2903
T4,native,qm9s_to_sers,fg_pyrrole_ring,F1pos,knn,L-arginine,0,31,0.0407,0.3226
T4,native,qm9s_to_sers,fg_pyrrole_ring,F1pos,knn,L-asparagine,0,31,0.0258,0.2258
T4,native,qm9s_to_sers,fg_pyrrole_ring,F1pos,knn,L-aspartic acid,0,21,0.0233,0.1905
T4,native,qm9s_to_sers,fg_pyrrole_ring,F1pos,knn,L-cysteine,0,31,0.0354,0.2903
T4,native,qm9s_to_sers,fg_pyrrole_ring,F1pos,knn,L-glutamic acid,0,31,0.0159,0.129
T4,native,qm9s_to_sers,fg_pyrrole_ring,F1pos,knn,L-glutamine,0,31,0.0222,0.129
T4,native,qm9s_to_sers,fg_pyrrole_ring,F1pos,knn,L-glycine,0,51,0.0136,0.1373
T4,native,qm9s_to_sers,fg_pyrrole_ring,F1pos,knn,L-histidine,0,31,0.0097,0.0968
T4,native,qm9s_to_sers,fg_pyrrole_ring,F1pos,knn,L-isoleucine,0,31,0.0161,0.1613
T4,native,qm9s_to_sers,fg_pyrrole_ring,F1pos,knn,L-leucine,0,31,0.0,0.0
T4,native,qm9s_to_sers,fg_pyrrole_ring,F1pos,knn,L-lysine,0,31,0.0168,0.1613
T4,native,qm9s_to_sers,fg_pyrrole_ring,F1pos,knn,L-methionine,0,31,0.035,0.3226
T4,native,qm9s_to_sers,fg_pyrrole_ring,F1pos,knn,L-phenylalanine,0,31,0.0128,0.0968
T4,native,qm9s_to_sers,fg_pyrrole_ring,F1pos,knn,L-proline,0,31,0.0159,0.1613
T4,native,qm9s_to_sers,fg_pyrrole_ring,F1pos,knn,L-serine,0,21,0.0,0.0
T4,native,qm9s_to_sers,fg_pyrrole_ring,F1pos,knn,L-threonine,0,31,0.0202,0.1935
T4,native,qm9s_to_sers,fg_pyrrole_ring,F1pos,knn,L-tryptophan,1,21,0.024,0.1905
T4,native,qm9s_to_sers,fg_pyrrole_ring,F1pos,knn,L-tyrosine,0,31,0.0318,0.2903
T4,native,qm9s_to_sers,fg_pyrrole_ring,F1pos,knn,L-valine,0,31,0.0125,0.0968
T4,native,qm9s_to_sers,fg_pyrrole_ring,F1pos,knn,indole+indole-d6,1,4,0.0259,0.25
T4,native,qm9s_to_sers,fg_pyrrole_ring,F1pos,knn,indole-3-acetic acid,1,1,0.0999,1.0
T4,native,qm9s_to_sers,fg_pyrrole_ring,F1pos,knn,isatin,0,1,0.0959,1.0
T4,native,qm9s_to_sers,fg_pyrrole_ring,F1pos,knn,oxindole,0,1,0.0,0.0
T4,native,qm9s_to_sers,fg_pyrrole_ring,F1pos,knn,tryptophol,1,1,0.0,0.0
T4,native,qm9s_to_sers,fg_pyrrole_ring,F2,majority,8-hydroxyquinoline,0,1,0.0189,0.0
T4,native,qm9s_to_sers,fg_pyrrole_ring,F2,majority,L-alanine,0,31,0.0189,0.0
T4,native,qm9s_to_sers,fg_pyrrole_ring,F2,majority,L-arginine,0,31,0.0189,0.0
T4,native,qm9s_to_sers,fg_pyrrole_ring,F2,majority,L-asparagine,0,31,0.0189,0.0
T4,native,qm9s_to_sers,fg_pyrrole_ring,F2,majority,L-aspartic acid,0,21,0.0189,0.0
T4,native,qm9s_to_sers,fg_pyrrole_ring,F2,majority,L-cysteine,0,31,0.0189,0.0
T4,native,qm9s_to_sers,fg_pyrrole_ring,F2,majority,L-glutamic acid,0,31,0.0189,0.0
T4,native,qm9s_to_sers,fg_pyrrole_ring,F2,majority,L-glutamine,0,31,0.0189,0.0
T4,native,qm9s_to_sers,fg_pyrrole_ring,F2,majority,L-glycine,0,51,0.0189,0.0
T4,native,qm9s_to_sers,fg_pyrrole_ring,F2,majority,L-histidine,0,31,0.0189,0.0
T4,native,qm9s_to_sers,fg_pyrrole_ring,F2,majority,L-isoleucine,0,31,0.0189,0.0
T4,native,qm9s_to_sers,fg_pyrrole_ring,F2,majority,L-leucine,0,31,0.0189,0.0
T4,native,qm9s_to_sers,fg_pyrrole_ring,F2,majority,L-lysine,0,31,0.0189,0.0
T4,native,qm9s_to_sers,fg_pyrrole_ring,F2,majority,L-methionine,0,31,0.0189,0.0
T4,native,qm9s_to_sers,fg_pyrrole_ring,F2,majority,L-phenylalanine,0,31,0.0189,0.0
T4,native,qm9s_to_sers,fg_pyrrole_ring,F2,majority,L-proline,0,31,0.0189,0.0
T4,native,qm9s_to_sers,fg_pyrrole_ring,F2,majority,L-serine,0,21,0.0189,0.0
T4,native,qm9s_to_sers,fg_pyrrole_ring,F2,majority,L-threonine,0,31,0.0189,0.0
T4,native,qm9s_to_sers,fg_pyrrole_ring,F2,majority,L-tryptophan,1,21,0.0189,0.0
T4,native,qm9s_to_sers,fg_pyrrole_ring,F2,majority,L-tyrosine,0,31,0.0189,0.0
T4,native,qm9s_to_sers,fg_pyrrole_ring,F2,majority,L-valine,0,31,0.0189,0.0
T4,native,qm9s_to_sers,fg_pyrrole_ring,F2,majority,indole+indole-d6,1,4,0.0189,0.0
T4,native,qm9s_to_sers,fg_pyrrole_ring,F2,majority,indole-3-acetic acid,1,1,0.0189,0.0
T4,native,qm9s_to_sers,fg_pyrrole_ring,F2,majority,isatin,0,1,0.0189,0.0
T4,native,qm9s_to_sers,fg_pyrrole_ring,F2,majority,oxindole,0,1,0.0189,0.0
T4,native,qm9s_to_sers,fg_pyrrole_ring,F2,majority,tryptophol,1,1,0.0189,0.0
T4,native,qm9s_to_sers,fg_pyrrole_ring,F2,lr,8-hydroxyquinoline,0,1,0.0,0.0
T4,native,qm9s_to_sers,fg_pyrrole_ring,F2,lr,L-alanine,0,31,0.2394,0.3226
T4,native,qm9s_to_sers,fg_pyrrole_ring,F2,lr,L-arginine,0,31,0.2961,0.4194
T4,native,qm9s_to_sers,fg_pyrrole_ring,F2,lr,L-asparagine,0,31,0.2165,0.3548
T4,native,qm9s_to_sers,fg_pyrrole_ring,F2,lr,L-aspartic acid,0,21,0.2741,0.4762
T4,native,qm9s_to_sers,fg_pyrrole_ring,F2,lr,L-cysteine,0,31,0.2274,0.2258
T4,native,qm9s_to_sers,fg_pyrrole_ring,F2,lr,L-glutamic acid,0,31,0.0463,0.0323
T4,native,qm9s_to_sers,fg_pyrrole_ring,F2,lr,L-glutamine,0,31,0.3356,0.6129
T4,native,qm9s_to_sers,fg_pyrrole_ring,F2,lr,L-glycine,0,51,0.3193,0.5882
T4,native,qm9s_to_sers,fg_pyrrole_ring,F2,lr,L-histidine,0,31,0.3375,0.7097
T4,native,qm9s_to_sers,fg_pyrrole_ring,F2,lr,L-isoleucine,0,31,0.185,0.3226
T4,native,qm9s_to_sers,fg_pyrrole_ring,F2,lr,L-leucine,0,31,0.2075,0.4194
T4,native,qm9s_to_sers,fg_pyrrole_ring,F2,lr,L-lysine,0,31,0.1692,0.0323
T4,native,qm9s_to_sers,fg_pyrrole_ring,F2,lr,L-methionine,0,31,0.0461,0.0
T4,native,qm9s_to_sers,fg_pyrrole_ring,F2,lr,L-phenylalanine,0,31,0.4315,0.6452
T4,native,qm9s_to_sers,fg_pyrrole_ring,F2,lr,L-proline,0,31,0.2688,0.5484
T4,native,qm9s_to_sers,fg_pyrrole_ring,F2,lr,L-serine,0,21,0.0339,0.0476
T4,native,qm9s_to_sers,fg_pyrrole_ring,F2,lr,L-threonine,0,31,0.3311,0.6774
T4,native,qm9s_to_sers,fg_pyrrole_ring,F2,lr,L-tryptophan,1,21,0.0301,0.0
T4,native,qm9s_to_sers,fg_pyrrole_ring,F2,lr,L-tyrosine,0,31,0.1485,0.0645
T4,native,qm9s_to_sers,fg_pyrrole_ring,F2,lr,L-valine,0,31,0.3184,0.6774
T4,native,qm9s_to_sers,fg_pyrrole_ring,F2,lr,indole+indole-d6,1,4,0.0084,0.0
T4,native,qm9s_to_sers,fg_pyrrole_ring,F2,lr,indole-3-acetic acid,1,1,0.0,0.0
T4,native,qm9s_to_sers,fg_pyrrole_ring,F2,lr,isatin,0,1,0.0,0.0
T4,native,qm9s_to_sers,fg_pyrrole_ring,F2,lr,oxindole,0,1,0.0,0.0
T4,native,qm9s_to_sers,fg_pyrrole_ring,F2,lr,tryptophol,1,1,0.1118,0.0
T4,native,qm9s_to_sers,fg_pyrrole_ring,F2,hgb,8-hydroxyquinoline,0,1,0.0002,0.0
T4,native,qm9s_to_sers,fg_pyrrole_ring,F2,hgb,L-alanine,0,31,0.036,0.2581
T4,native,qm9s_to_sers,fg_pyrrole_ring,F2,hgb,L-arginine,0,31,0.0721,0.6129
T4,native,qm9s_to_sers,fg_pyrrole_ring,F2,hgb,L-asparagine,0,31,0.0422,0.6452
T4,native,qm9s_to_sers,fg_pyrrole_ring,F2,hgb,L-aspartic acid,0,21,0.1456,0.5238
T4,native,qm9s_to_sers,fg_pyrrole_ring,F2,hgb,L-cysteine,0,31,0.133,0.9032
T4,native,qm9s_to_sers,fg_pyrrole_ring,F2,hgb,L-glutamic acid,0,31,0.0059,0.0
T4,native,qm9s_to_sers,fg_pyrrole_ring,F2,hgb,L-glutamine,0,31,0.3296,0.8065
T4,native,qm9s_to_sers,fg_pyrrole_ring,F2,hgb,L-glycine,0,51,0.0396,0.451
T4,native,qm9s_to_sers,fg_pyrrole_ring,F2,hgb,L-histidine,0,31,0.1337,0.7742
T4,native,qm9s_to_sers,fg_pyrrole_ring,F2,hgb,L-isoleucine,0,31,0.1118,0.3548
T4,native,qm9s_to_sers,fg_pyrrole_ring,F2,hgb,L-leucine,0,31,0.0854,0.6774
T4,native,qm9s_to_sers,fg_pyrrole_ring,F2,hgb,L-lysine,0,31,0.0507,0.4839
T4,native,qm9s_to_sers,fg_pyrrole_ring,F2,hgb,L-methionine,0,31,0.0904,0.5806
T4,native,qm9s_to_sers,fg_pyrrole_ring,F2,hgb,L-phenylalanine,0,31,0.0465,0.5484
T4,native,qm9s_to_sers,fg_pyrrole_ring,F2,hgb,L-proline,0,31,0.09,0.5484
T4,native,qm9s_to_sers,fg_pyrrole_ring,F2,hgb,L-serine,0,21,0.0296,0.0476
T4,native,qm9s_to_sers,fg_pyrrole_ring,F2,hgb,L-threonine,0,31,0.1539,0.8387
T4,native,qm9s_to_sers,fg_pyrrole_ring,F2,hgb,L-tryptophan,1,21,0.001,0.0
T4,native,qm9s_to_sers,fg_pyrrole_ring,F2,hgb,L-tyrosine,0,31,0.0409,0.3548
T4,native,qm9s_to_sers,fg_pyrrole_ring,F2,hgb,L-valine,0,31,0.2433,0.8065
T4,native,qm9s_to_sers,fg_pyrrole_ring,F2,hgb,indole+indole-d6,1,4,0.0008,0.0
T4,native,qm9s_to_sers,fg_pyrrole_ring,F2,hgb,indole-3-acetic acid,1,1,0.0001,0.0
T4,native,qm9s_to_sers,fg_pyrrole_ring,F2,hgb,isatin,0,1,0.0001,0.0
T4,native,qm9s_to_sers,fg_pyrrole_ring,F2,hgb,oxindole,0,1,0.0013,0.0
T4,native,qm9s_to_sers,fg_pyrrole_ring,F2,hgb,tryptophol,1,1,0.0049,0.0
T4,native,qm9s_to_sers,fg_pyrrole_ring,F2,knn,8-hydroxyquinoline,0,1,0.0,0.0
T4,native,qm9s_to_sers,fg_pyrrole_ring,F2,knn,L-alanine,0,31,0.0252,0.2581
T4,native,qm9s_to_sers,fg_pyrrole_ring,F2,knn,L-arginine,0,31,0.0223,0.2258
T4,native,qm9s_to_sers,fg_pyrrole_ring,F2,knn,L-asparagine,0,31,0.0257,0.1935
T4,native,qm9s_to_sers,fg_pyrrole_ring,F2,knn,L-aspartic acid,0,21,0.0,0.0
T4,native,qm9s_to_sers,fg_pyrrole_ring,F2,knn,L-cysteine,0,31,0.0228,0.1935
T4,native,qm9s_to_sers,fg_pyrrole_ring,F2,knn,L-glutamic acid,0,31,0.0388,0.3226
T4,native,qm9s_to_sers,fg_pyrrole_ring,F2,knn,L-glutamine,0,31,0.0063,0.0645
T4,native,qm9s_to_sers,fg_pyrrole_ring,F2,knn,L-glycine,0,51,0.0299,0.2941
T4,native,qm9s_to_sers,fg_pyrrole_ring,F2,knn,L-histidine,0,31,0.0131,0.129
T4,native,qm9s_to_sers,fg_pyrrole_ring,F2,knn,L-isoleucine,0,31,0.0159,0.1613
T4,native,qm9s_to_sers,fg_pyrrole_ring,F2,knn,L-leucine,0,31,0.0455,0.4516
T4,native,qm9s_to_sers,fg_pyrrole_ring,F2,knn,L-lysine,0,31,0.0,0.0
T4,native,qm9s_to_sers,fg_pyrrole_ring,F2,knn,L-methionine,0,31,0.0,0.0
T4,native,qm9s_to_sers,fg_pyrrole_ring,F2,knn,L-phenylalanine,0,31,0.003,0.0323
T4,native,qm9s_to_sers,fg_pyrrole_ring,F2,knn,L-proline,0,31,0.0,0.0
T4,native,qm9s_to_sers,fg_pyrrole_ring,F2,knn,L-serine,0,21,0.005,0.0476
T4,native,qm9s_to_sers,fg_pyrrole_ring,F2,knn,L-threonine,0,31,0.0,0.0
T4,native,qm9s_to_sers,fg_pyrrole_ring,F2,knn,L-tryptophan,1,21,0.0514,0.5238
T4,native,qm9s_to_sers,fg_pyrrole_ring,F2,knn,L-tyrosine,0,31,0.0671,0.6452
T4,native,qm9s_to_sers,fg_pyrrole_ring,F2,knn,L-valine,0,31,0.0677,0.6452
T4,native,qm9s_to_sers,fg_pyrrole_ring,F2,knn,indole+indole-d6,1,4,0.1482,0.5
T4,native,qm9s_to_sers,fg_pyrrole_ring,F2,knn,indole-3-acetic acid,1,1,0.0,0.0
T4,native,qm9s_to_sers,fg_pyrrole_ring,F2,knn,isatin,0,1,0.0,0.0
T4,native,qm9s_to_sers,fg_pyrrole_ring,F2,knn,oxindole,0,1,0.0,0.0
T4,native,qm9s_to_sers,fg_pyrrole_ring,F2,knn,tryptophol,1,1,0.0,0.0
T4,native,qm9s_to_sers,fg_pyrrole_ring,F3,majority,8-hydroxyquinoline,0,1,0.0189,0.0
T4,native,qm9s_to_sers,fg_pyrrole_ring,F3,majority,L-alanine,0,31,0.0189,0.0
T4,native,qm9s_to_sers,fg_pyrrole_ring,F3,majority,L-arginine,0,31,0.0189,0.0
T4,native,qm9s_to_sers,fg_pyrrole_ring,F3,majority,L-asparagine,0,31,0.0189,0.0
T4,native,qm9s_to_sers,fg_pyrrole_ring,F3,majority,L-aspartic acid,0,21,0.0189,0.0
T4,native,qm9s_to_sers,fg_pyrrole_ring,F3,majority,L-cysteine,0,31,0.0189,0.0
T4,native,qm9s_to_sers,fg_pyrrole_ring,F3,majority,L-glutamic acid,0,31,0.0189,0.0
T4,native,qm9s_to_sers,fg_pyrrole_ring,F3,majority,L-glutamine,0,31,0.0189,0.0
T4,native,qm9s_to_sers,fg_pyrrole_ring,F3,majority,L-glycine,0,51,0.0189,0.0
T4,native,qm9s_to_sers,fg_pyrrole_ring,F3,majority,L-histidine,0,31,0.0189,0.0
T4,native,qm9s_to_sers,fg_pyrrole_ring,F3,majority,L-isoleucine,0,31,0.0189,0.0
T4,native,qm9s_to_sers,fg_pyrrole_ring,F3,majority,L-leucine,0,31,0.0189,0.0
T4,native,qm9s_to_sers,fg_pyrrole_ring,F3,majority,L-lysine,0,31,0.0189,0.0
T4,native,qm9s_to_sers,fg_pyrrole_ring,F3,majority,L-methionine,0,31,0.0189,0.0
T4,native,qm9s_to_sers,fg_pyrrole_ring,F3,majority,L-phenylalanine,0,31,0.0189,0.0
T4,native,qm9s_to_sers,fg_pyrrole_ring,F3,majority,L-proline,0,31,0.0189,0.0
T4,native,qm9s_to_sers,fg_pyrrole_ring,F3,majority,L-serine,0,21,0.0189,0.0
T4,native,qm9s_to_sers,fg_pyrrole_ring,F3,majority,L-threonine,0,31,0.0189,0.0
T4,native,qm9s_to_sers,fg_pyrrole_ring,F3,majority,L-tryptophan,1,21,0.0189,0.0
T4,native,qm9s_to_sers,fg_pyrrole_ring,F3,majority,L-tyrosine,0,31,0.0189,0.0
T4,native,qm9s_to_sers,fg_pyrrole_ring,F3,majority,L-valine,0,31,0.0189,0.0
T4,native,qm9s_to_sers,fg_pyrrole_ring,F3,majority,indole+indole-d6,1,4,0.0189,0.0
T4,native,qm9s_to_sers,fg_pyrrole_ring,F3,majority,indole-3-acetic acid,1,1,0.0189,0.0
T4,native,qm9s_to_sers,fg_pyrrole_ring,F3,majority,isatin,0,1,0.0189,0.0
T4,native,qm9s_to_sers,fg_pyrrole_ring,F3,majority,oxindole,0,1,0.0189,0.0
T4,native,qm9s_to_sers,fg_pyrrole_ring,F3,majority,tryptophol,1,1,0.0189,0.0
T4,native,qm9s_to_sers,fg_pyrrole_ring,F3,lr,8-hydroxyquinoline,0,1,0.0,0.0
T4,native,qm9s_to_sers,fg_pyrrole_ring,F3,lr,L-alanine,0,31,0.0017,0.0
T4,native,qm9s_to_sers,fg_pyrrole_ring,F3,lr,L-arginine,0,31,0.0038,0.0
T4,native,qm9s_to_sers,fg_pyrrole_ring,F3,lr,L-asparagine,0,31,0.0037,0.0
T4,native,qm9s_to_sers,fg_pyrrole_ring,F3,lr,L-aspartic acid,0,21,0.0042,0.0
T4,native,qm9s_to_sers,fg_pyrrole_ring,F3,lr,L-cysteine,0,31,0.0008,0.0
T4,native,qm9s_to_sers,fg_pyrrole_ring,F3,lr,L-glutamic acid,0,31,0.0006,0.0
T4,native,qm9s_to_sers,fg_pyrrole_ring,F3,lr,L-glutamine,0,31,0.0036,0.0
T4,native,qm9s_to_sers,fg_pyrrole_ring,F3,lr,L-glycine,0,51,0.0043,0.0
T4,native,qm9s_to_sers,fg_pyrrole_ring,F3,lr,L-histidine,0,31,0.0026,0.0
T4,native,qm9s_to_sers,fg_pyrrole_ring,F3,lr,L-isoleucine,0,31,0.0019,0.0
T4,native,qm9s_to_sers,fg_pyrrole_ring,F3,lr,L-leucine,0,31,0.0025,0.0
T4,native,qm9s_to_sers,fg_pyrrole_ring,F3,lr,L-lysine,0,31,0.0017,0.0
T4,native,qm9s_to_sers,fg_pyrrole_ring,F3,lr,L-methionine,0,31,0.0002,0.0
T4,native,qm9s_to_sers,fg_pyrrole_ring,F3,lr,L-phenylalanine,0,31,0.0061,0.0
T4,native,qm9s_to_sers,fg_pyrrole_ring,F3,lr,L-proline,0,31,0.0041,0.0
T4,native,qm9s_to_sers,fg_pyrrole_ring,F3,lr,L-serine,0,21,0.0005,0.0
T4,native,qm9s_to_sers,fg_pyrrole_ring,F3,lr,L-threonine,0,31,0.0028,0.0
T4,native,qm9s_to_sers,fg_pyrrole_ring,F3,lr,L-tryptophan,1,21,0.0,0.0
T4,native,qm9s_to_sers,fg_pyrrole_ring,F3,lr,L-tyrosine,0,31,0.0026,0.0
T4,native,qm9s_to_sers,fg_pyrrole_ring,F3,lr,L-valine,0,31,0.0065,0.0
T4,native,qm9s_to_sers,fg_pyrrole_ring,F3,lr,indole+indole-d6,1,4,0.0009,0.0
T4,native,qm9s_to_sers,fg_pyrrole_ring,F3,lr,indole-3-acetic acid,1,1,0.0,0.0
T4,native,qm9s_to_sers,fg_pyrrole_ring,F3,lr,isatin,0,1,0.0,0.0
T4,native,qm9s_to_sers,fg_pyrrole_ring,F3,lr,oxindole,0,1,0.0,0.0
T4,native,qm9s_to_sers,fg_pyrrole_ring,F3,lr,tryptophol,1,1,0.0019,0.0
T4,native,qm9s_to_sers,fg_pyrrole_ring,F3,hgb,8-hydroxyquinoline,0,1,0.0021,0.0
T4,native,qm9s_to_sers,fg_pyrrole_ring,F3,hgb,L-alanine,0,31,0.0065,0.0323
T4,native,qm9s_to_sers,fg_pyrrole_ring,F3,hgb,L-arginine,0,31,0.0067,0.0323
T4,native,qm9s_to_sers,fg_pyrrole_ring,F3,hgb,L-asparagine,0,31,0.0118,0.1935
T4,native,qm9s_to_sers,fg_pyrrole_ring,F3,hgb,L-aspartic acid,0,21,0.0067,0.0476
T4,native,qm9s_to_sers,fg_pyrrole_ring,F3,hgb,L-cysteine,0,31,0.0256,0.4194
T4,native,qm9s_to_sers,fg_pyrrole_ring,F3,hgb,L-glutamic acid,0,31,0.0053,0.0
T4,native,qm9s_to_sers,fg_pyrrole_ring,F3,hgb,L-glutamine,0,31,0.0224,0.2903
T4,native,qm9s_to_sers,fg_pyrrole_ring,F3,hgb,L-glycine,0,51,0.0062,0.0
T4,native,qm9s_to_sers,fg_pyrrole_ring,F3,hgb,L-histidine,0,31,0.0137,0.2258
T4,native,qm9s_to_sers,fg_pyrrole_ring,F3,hgb,L-isoleucine,0,31,0.0052,0.0
T4,native,qm9s_to_sers,fg_pyrrole_ring,F3,hgb,L-leucine,0,31,0.0038,0.0
T4,native,qm9s_to_sers,fg_pyrrole_ring,F3,hgb,L-lysine,0,31,0.008,0.0
T4,native,qm9s_to_sers,fg_pyrrole_ring,F3,hgb,L-methionine,0,31,0.0303,0.4516
T4,native,qm9s_to_sers,fg_pyrrole_ring,F3,hgb,L-phenylalanine,0,31,0.0066,0.0645
T4,native,qm9s_to_sers,fg_pyrrole_ring,F3,hgb,L-proline,0,31,0.0137,0.129
T4,native,qm9s_to_sers,fg_pyrrole_ring,F3,hgb,L-serine,0,21,0.0071,0.0
T4,native,qm9s_to_sers,fg_pyrrole_ring,F3,hgb,L-threonine,0,31,0.0107,0.0645
T4,native,qm9s_to_sers,fg_pyrrole_ring,F3,hgb,L-tryptophan,1,21,0.0023,0.0
T4,native,qm9s_to_sers,fg_pyrrole_ring,F3,hgb,L-tyrosine,0,31,0.0157,0.2258
T4,native,qm9s_to_sers,fg_pyrrole_ring,F3,hgb,L-valine,0,31,0.0063,0.0323
T4,native,qm9s_to_sers,fg_pyrrole_ring,F3,hgb,indole+indole-d6,1,4,0.0028,0.0
T4,native,qm9s_to_sers,fg_pyrrole_ring,F3,hgb,indole-3-acetic acid,1,1,0.0014,0.0
T4,native,qm9s_to_sers,fg_pyrrole_ring,F3,hgb,isatin,0,1,0.0027,0.0
T4,native,qm9s_to_sers,fg_pyrrole_ring,F3,hgb,oxindole,0,1,0.003,0.0
T4,native,qm9s_to_sers,fg_pyrrole_ring,F3,hgb,tryptophol,1,1,0.013,0.0
T4,native,qm9s_to_sers,fg_pyrrole_ring,F3,knn,8-hydroxyquinoline,0,1,0.0,0.0
T4,native,qm9s_to_sers,fg_pyrrole_ring,F3,knn,L-alanine,0,31,0.0,0.0
T4,native,qm9s_to_sers,fg_pyrrole_ring,F3,knn,L-arginine,0,31,0.0,0.0
T4,native,qm9s_to_sers,fg_pyrrole_ring,F3,knn,L-asparagine,0,31,0.0,0.0
T4,native,qm9s_to_sers,fg_pyrrole_ring,F3,knn,L-aspartic acid,0,21,0.0,0.0
T4,native,qm9s_to_sers,fg_pyrrole_ring,F3,knn,L-cysteine,0,31,0.0,0.0
T4,native,qm9s_to_sers,fg_pyrrole_ring,F3,knn,L-glutamic acid,0,31,0.0,0.0
T4,native,qm9s_to_sers,fg_pyrrole_ring,F3,knn,L-glutamine,0,31,0.0,0.0
T4,native,qm9s_to_sers,fg_pyrrole_ring,F3,knn,L-glycine,0,51,0.0,0.0
T4,native,qm9s_to_sers,fg_pyrrole_ring,F3,knn,L-histidine,0,31,0.0,0.0
T4,native,qm9s_to_sers,fg_pyrrole_ring,F3,knn,L-isoleucine,0,31,0.0,0.0
T4,native,qm9s_to_sers,fg_pyrrole_ring,F3,knn,L-leucine,0,31,0.0,0.0
T4,native,qm9s_to_sers,fg_pyrrole_ring,F3,knn,L-lysine,0,31,0.0,0.0
T4,native,qm9s_to_sers,fg_pyrrole_ring,F3,knn,L-methionine,0,31,0.0,0.0
T4,native,qm9s_to_sers,fg_pyrrole_ring,F3,knn,L-phenylalanine,0,31,0.0,0.0
T4,native,qm9s_to_sers,fg_pyrrole_ring,F3,knn,L-proline,0,31,0.0,0.0
T4,native,qm9s_to_sers,fg_pyrrole_ring,F3,knn,L-serine,0,21,0.0,0.0
T4,native,qm9s_to_sers,fg_pyrrole_ring,F3,knn,L-threonine,0,31,0.0,0.0
T4,native,qm9s_to_sers,fg_pyrrole_ring,F3,knn,L-tryptophan,1,21,0.0,0.0
T4,native,qm9s_to_sers,fg_pyrrole_ring,F3,knn,L-tyrosine,0,31,0.0,0.0
T4,native,qm9s_to_sers,fg_pyrrole_ring,F3,knn,L-valine,0,31,0.0,0.0
T4,native,qm9s_to_sers,fg_pyrrole_ring,F3,knn,indole+indole-d6,1,4,0.0486,0.5
T4,native,qm9s_to_sers,fg_pyrrole_ring,F3,knn,indole-3-acetic acid,1,1,0.0,0.0
T4,native,qm9s_to_sers,fg_pyrrole_ring,F3,knn,isatin,0,1,0.0,0.0
T4,native,qm9s_to_sers,fg_pyrrole_ring,F3,knn,oxindole,0,1,0.0,0.0
T4,native,qm9s_to_sers,fg_pyrrole_ring,F3,knn,tryptophol,1,1,0.0,0.0
T4,native,qm9s_to_sers,fg_imidazole_ring,F1,majority,8-hydroxyquinoline,0,1,0.0114,0.0
T4,native,qm9s_to_sers,fg_imidazole_ring,F1,majority,L-alanine,0,31,0.0114,0.0
T4,native,qm9s_to_sers,fg_imidazole_ring,F1,majority,L-arginine,0,31,0.0114,0.0
T4,native,qm9s_to_sers,fg_imidazole_ring,F1,majority,L-asparagine,0,31,0.0114,0.0
T4,native,qm9s_to_sers,fg_imidazole_ring,F1,majority,L-aspartic acid,0,21,0.0114,0.0
T4,native,qm9s_to_sers,fg_imidazole_ring,F1,majority,L-cysteine,0,31,0.0114,0.0
T4,native,qm9s_to_sers,fg_imidazole_ring,F1,majority,L-glutamic acid,0,31,0.0114,0.0
T4,native,qm9s_to_sers,fg_imidazole_ring,F1,majority,L-glutamine,0,31,0.0114,0.0
T4,native,qm9s_to_sers,fg_imidazole_ring,F1,majority,L-glycine,0,51,0.0114,0.0
T4,native,qm9s_to_sers,fg_imidazole_ring,F1,majority,L-histidine,1,31,0.0114,0.0
T4,native,qm9s_to_sers,fg_imidazole_ring,F1,majority,L-isoleucine,0,31,0.0114,0.0
T4,native,qm9s_to_sers,fg_imidazole_ring,F1,majority,L-leucine,0,31,0.0114,0.0
T4,native,qm9s_to_sers,fg_imidazole_ring,F1,majority,L-lysine,0,31,0.0114,0.0
T4,native,qm9s_to_sers,fg_imidazole_ring,F1,majority,L-methionine,0,31,0.0114,0.0
T4,native,qm9s_to_sers,fg_imidazole_ring,F1,majority,L-phenylalanine,0,31,0.0114,0.0
T4,native,qm9s_to_sers,fg_imidazole_ring,F1,majority,L-proline,0,31,0.0114,0.0
T4,native,qm9s_to_sers,fg_imidazole_ring,F1,majority,L-serine,0,21,0.0114,0.0
T4,native,qm9s_to_sers,fg_imidazole_ring,F1,majority,L-threonine,0,31,0.0114,0.0
T4,native,qm9s_to_sers,fg_imidazole_ring,F1,majority,L-tryptophan,0,21,0.0114,0.0
T4,native,qm9s_to_sers,fg_imidazole_ring,F1,majority,L-tyrosine,0,31,0.0114,0.0
T4,native,qm9s_to_sers,fg_imidazole_ring,F1,majority,L-valine,0,31,0.0114,0.0
T4,native,qm9s_to_sers,fg_imidazole_ring,F1,majority,indole+indole-d6,0,4,0.0114,0.0
T4,native,qm9s_to_sers,fg_imidazole_ring,F1,majority,indole-3-acetic acid,0,1,0.0114,0.0
T4,native,qm9s_to_sers,fg_imidazole_ring,F1,majority,isatin,0,1,0.0114,0.0
T4,native,qm9s_to_sers,fg_imidazole_ring,F1,majority,oxindole,0,1,0.0114,0.0
T4,native,qm9s_to_sers,fg_imidazole_ring,F1,majority,tryptophol,0,1,0.0114,0.0
T4,native,qm9s_to_sers,fg_imidazole_ring,F1,lr,8-hydroxyquinoline,0,1,0.0,0.0
T4,native,qm9s_to_sers,fg_imidazole_ring,F1,lr,L-alanine,0,31,0.2359,0.2903
T4,native,qm9s_to_sers,fg_imidazole_ring,F1,lr,L-arginine,0,31,0.1,0.0968
T4,native,qm9s_to_sers,fg_imidazole_ring,F1,lr,L-asparagine,0,31,0.1188,0.0
T4,native,qm9s_to_sers,fg_imidazole_ring,F1,lr,L-aspartic acid,0,21,0.292,0.5238
T4,native,qm9s_to_sers,fg_imidazole_ring,F1,lr,L-cysteine,0,31,0.4262,0.8065
T4,native,qm9s_to_sers,fg_imidazole_ring,F1,lr,L-glutamic acid,0,31,0.0869,0.0968
T4,native,qm9s_to_sers,fg_imidazole_ring,F1,lr,L-glutamine,0,31,0.3967,0.7419
T4,native,qm9s_to_sers,fg_imidazole_ring,F1,lr,L-glycine,0,51,0.3074,0.451
T4,native,qm9s_to_sers,fg_imidazole_ring,F1,lr,L-histidine,1,31,0.3603,0.6452
T4,native,qm9s_to_sers,fg_imidazole_ring,F1,lr,L-isoleucine,0,31,0.1943,0.2903
T4,native,qm9s_to_sers,fg_imidazole_ring,F1,lr,L-leucine,0,31,0.0831,0.0645
T4,native,qm9s_to_sers,fg_imidazole_ring,F1,lr,L-lysine,0,31,0.2653,0.3871
T4,native,qm9s_to_sers,fg_imidazole_ring,F1,lr,L-methionine,0,31,0.2639,0.3871
T4,native,qm9s_to_sers,fg_imidazole_ring,F1,lr,L-phenylalanine,0,31,0.1448,0.2903
T4,native,qm9s_to_sers,fg_imidazole_ring,F1,lr,L-proline,0,31,0.4704,0.6774
T4,native,qm9s_to_sers,fg_imidazole_ring,F1,lr,L-serine,0,21,0.0598,0.0476
T4,native,qm9s_to_sers,fg_imidazole_ring,F1,lr,L-threonine,0,31,0.3062,0.6129
T4,native,qm9s_to_sers,fg_imidazole_ring,F1,lr,L-tryptophan,0,21,0.0075,0.0
T4,native,qm9s_to_sers,fg_imidazole_ring,F1,lr,L-tyrosine,0,31,0.1379,0.2258
T4,native,qm9s_to_sers,fg_imidazole_ring,F1,lr,L-valine,0,31,0.1178,0.1613
T4,native,qm9s_to_sers,fg_imidazole_ring,F1,lr,indole+indole-d6,0,4,0.0946,0.25
T4,native,qm9s_to_sers,fg_imidazole_ring,F1,lr,indole-3-acetic acid,0,1,0.0,0.0
T4,native,qm9s_to_sers,fg_imidazole_ring,F1,lr,isatin,0,1,0.0012,0.0
T4,native,qm9s_to_sers,fg_imidazole_ring,F1,lr,oxindole,0,1,0.0047,0.0
T4,native,qm9s_to_sers,fg_imidazole_ring,F1,lr,tryptophol,0,1,0.0034,0.0
T4,native,qm9s_to_sers,fg_imidazole_ring,F1,hgb,8-hydroxyquinoline,0,1,0.0693,1.0
T4,native,qm9s_to_sers,fg_imidazole_ring,F1,hgb,L-alanine,0,31,0.1132,0.3548
T4,native,qm9s_to_sers,fg_imidazole_ring,F1,hgb,L-arginine,0,31,0.0711,0.2258
T4,native,qm9s_to_sers,fg_imidazole_ring,F1,hgb,L-asparagine,0,31,0.0815,0.5161
T4,native,qm9s_to_sers,fg_imidazole_ring,F1,hgb,L-aspartic acid,0,21,0.0437,0.4762
T4,native,qm9s_to_sers,fg_imidazole_ring,F1,hgb,L-cysteine,0,31,0.284,0.9032
T4,native,qm9s_to_sers,fg_imidazole_ring,F1,hgb,L-glutamic acid,0,31,0.0494,0.1613
T4,native,qm9s_to_sers,fg_imidazole_ring,F1,hgb,L-glutamine,0,31,0.2533,0.7419
T4,native,qm9s_to_sers,fg_imidazole_ring,F1,hgb,L-glycine,0,51,0.2371,0.6078
T4,native,qm9s_to_sers,fg_imidazole_ring,F1,hgb,L-histidine,1,31,0.2504,0.7097
T4,native,qm9s_to_sers,fg_imidazole_ring,F1,hgb,L-isoleucine,0,31,0.0517,0.2258
T4,native,qm9s_to_sers,fg_imidazole_ring,F1,hgb,L-leucine,0,31,0.1211,0.6774
T4,native,qm9s_to_sers,fg_imidazole_ring,F1,hgb,L-lysine,0,31,0.3001,0.9032
T4,native,qm9s_to_sers,fg_imidazole_ring,F1,hgb,L-methionine,0,31,0.1433,0.7742
T4,native,qm9s_to_sers,fg_imidazole_ring,F1,hgb,L-phenylalanine,0,31,0.1279,0.2903
T4,native,qm9s_to_sers,fg_imidazole_ring,F1,hgb,L-proline,0,31,0.3492,0.871
T4,native,qm9s_to_sers,fg_imidazole_ring,F1,hgb,L-serine,0,21,0.0696,0.4286
T4,native,qm9s_to_sers,fg_imidazole_ring,F1,hgb,L-threonine,0,31,0.3023,0.9677
T4,native,qm9s_to_sers,fg_imidazole_ring,F1,hgb,L-tryptophan,0,21,0.0254,0.0
T4,native,qm9s_to_sers,fg_imidazole_ring,F1,hgb,L-tyrosine,0,31,0.0841,0.4839
T4,native,qm9s_to_sers,fg_imidazole_ring,F1,hgb,L-valine,0,31,0.1164,0.6452
T4,native,qm9s_to_sers,fg_imidazole_ring,F1,hgb,indole+indole-d6,0,4,0.0126,0.0
T4,native,qm9s_to_sers,fg_imidazole_ring,F1,hgb,indole-3-acetic acid,0,1,0.0218,0.0
T4,native,qm9s_to_sers,fg_imidazole_ring,F1,hgb,isatin,0,1,0.0808,1.0
T4,native,qm9s_to_sers,fg_imidazole_ring,F1,hgb,oxindole,0,1,0.0155,0.0
T4,native,qm9s_to_sers,fg_imidazole_ring,F1,hgb,tryptophol,0,1,0.1932,1.0
T4,native,qm9s_to_sers,fg_imidazole_ring,F1,knn,8-hydroxyquinoline,0,1,0.0,0.0
T4,native,qm9s_to_sers,fg_imidazole_ring,F1,knn,L-alanine,0,31,0.0158,0.129
T4,native,qm9s_to_sers,fg_imidazole_ring,F1,knn,L-arginine,0,31,0.0192,0.1935
T4,native,qm9s_to_sers,fg_imidazole_ring,F1,knn,L-asparagine,0,31,0.0249,0.1613
T4,native,qm9s_to_sers,fg_imidazole_ring,F1,knn,L-aspartic acid,0,21,0.0,0.0
T4,native,qm9s_to_sers,fg_imidazole_ring,F1,knn,L-cysteine,0,31,0.0031,0.0323
T4,native,qm9s_to_sers,fg_imidazole_ring,F1,knn,L-glutamic acid,0,31,0.0344,0.3548
T4,native,qm9s_to_sers,fg_imidazole_ring,F1,knn,L-glutamine,0,31,0.0387,0.3226
T4,native,qm9s_to_sers,fg_imidazole_ring,F1,knn,L-glycine,0,51,0.0383,0.3333
T4,native,qm9s_to_sers,fg_imidazole_ring,F1,knn,L-histidine,1,31,0.0067,0.0645
T4,native,qm9s_to_sers,fg_imidazole_ring,F1,knn,L-isoleucine,0,31,0.0063,0.0645
T4,native,qm9s_to_sers,fg_imidazole_ring,F1,knn,L-leucine,0,31,0.0654,0.6452
T4,native,qm9s_to_sers,fg_imidazole_ring,F1,knn,L-lysine,0,31,0.006,0.0645
T4,native,qm9s_to_sers,fg_imidazole_ring,F1,knn,L-methionine,0,31,0.0126,0.129
T4,native,qm9s_to_sers,fg_imidazole_ring,F1,knn,L-phenylalanine,0,31,0.0,0.0
T4,native,qm9s_to_sers,fg_imidazole_ring,F1,knn,L-proline,0,31,0.0092,0.0968
T4,native,qm9s_to_sers,fg_imidazole_ring,F1,knn,L-serine,0,21,0.0046,0.0476
T4,native,qm9s_to_sers,fg_imidazole_ring,F1,knn,L-threonine,0,31,0.053,0.3871
T4,native,qm9s_to_sers,fg_imidazole_ring,F1,knn,L-tryptophan,0,21,0.0872,0.8095
T4,native,qm9s_to_sers,fg_imidazole_ring,F1,knn,L-tyrosine,0,31,0.1069,0.6774
T4,native,qm9s_to_sers,fg_imidazole_ring,F1,knn,L-valine,0,31,0.0341,0.3548
T4,native,qm9s_to_sers,fg_imidazole_ring,F1,knn,indole+indole-d6,0,4,0.0,0.0
T4,native,qm9s_to_sers,fg_imidazole_ring,F1,knn,indole-3-acetic acid,0,1,0.0,0.0
T4,native,qm9s_to_sers,fg_imidazole_ring,F1,knn,isatin,0,1,0.0,0.0
T4,native,qm9s_to_sers,fg_imidazole_ring,F1,knn,oxindole,0,1,0.0,0.0
T4,native,qm9s_to_sers,fg_imidazole_ring,F1,knn,tryptophol,0,1,0.0,0.0
T4,native,qm9s_to_sers,fg_imidazole_ring,F1pos,majority,8-hydroxyquinoline,0,1,0.0114,0.0
T4,native,qm9s_to_sers,fg_imidazole_ring,F1pos,majority,L-alanine,0,31,0.0114,0.0
T4,native,qm9s_to_sers,fg_imidazole_ring,F1pos,majority,L-arginine,0,31,0.0114,0.0
T4,native,qm9s_to_sers,fg_imidazole_ring,F1pos,majority,L-asparagine,0,31,0.0114,0.0
T4,native,qm9s_to_sers,fg_imidazole_ring,F1pos,majority,L-aspartic acid,0,21,0.0114,0.0
T4,native,qm9s_to_sers,fg_imidazole_ring,F1pos,majority,L-cysteine,0,31,0.0114,0.0
T4,native,qm9s_to_sers,fg_imidazole_ring,F1pos,majority,L-glutamic acid,0,31,0.0114,0.0
T4,native,qm9s_to_sers,fg_imidazole_ring,F1pos,majority,L-glutamine,0,31,0.0114,0.0
T4,native,qm9s_to_sers,fg_imidazole_ring,F1pos,majority,L-glycine,0,51,0.0114,0.0
T4,native,qm9s_to_sers,fg_imidazole_ring,F1pos,majority,L-histidine,1,31,0.0114,0.0
T4,native,qm9s_to_sers,fg_imidazole_ring,F1pos,majority,L-isoleucine,0,31,0.0114,0.0
T4,native,qm9s_to_sers,fg_imidazole_ring,F1pos,majority,L-leucine,0,31,0.0114,0.0
T4,native,qm9s_to_sers,fg_imidazole_ring,F1pos,majority,L-lysine,0,31,0.0114,0.0
T4,native,qm9s_to_sers,fg_imidazole_ring,F1pos,majority,L-methionine,0,31,0.0114,0.0
T4,native,qm9s_to_sers,fg_imidazole_ring,F1pos,majority,L-phenylalanine,0,31,0.0114,0.0
T4,native,qm9s_to_sers,fg_imidazole_ring,F1pos,majority,L-proline,0,31,0.0114,0.0
T4,native,qm9s_to_sers,fg_imidazole_ring,F1pos,majority,L-serine,0,21,0.0114,0.0
T4,native,qm9s_to_sers,fg_imidazole_ring,F1pos,majority,L-threonine,0,31,0.0114,0.0
T4,native,qm9s_to_sers,fg_imidazole_ring,F1pos,majority,L-tryptophan,0,21,0.0114,0.0
T4,native,qm9s_to_sers,fg_imidazole_ring,F1pos,majority,L-tyrosine,0,31,0.0114,0.0
T4,native,qm9s_to_sers,fg_imidazole_ring,F1pos,majority,L-valine,0,31,0.0114,0.0
T4,native,qm9s_to_sers,fg_imidazole_ring,F1pos,majority,indole+indole-d6,0,4,0.0114,0.0
T4,native,qm9s_to_sers,fg_imidazole_ring,F1pos,majority,indole-3-acetic acid,0,1,0.0114,0.0
T4,native,qm9s_to_sers,fg_imidazole_ring,F1pos,majority,isatin,0,1,0.0114,0.0
T4,native,qm9s_to_sers,fg_imidazole_ring,F1pos,majority,oxindole,0,1,0.0114,0.0
T4,native,qm9s_to_sers,fg_imidazole_ring,F1pos,majority,tryptophol,0,1,0.0114,0.0
T4,native,qm9s_to_sers,fg_imidazole_ring,F1pos,lr,8-hydroxyquinoline,0,1,0.8511,1.0
T4,native,qm9s_to_sers,fg_imidazole_ring,F1pos,lr,L-alanine,0,31,0.4564,0.7419
T4,native,qm9s_to_sers,fg_imidazole_ring,F1pos,lr,L-arginine,0,31,0.491,0.9355
T4,native,qm9s_to_sers,fg_imidazole_ring,F1pos,lr,L-asparagine,0,31,0.4918,0.8387
T4,native,qm9s_to_sers,fg_imidazole_ring,F1pos,lr,L-aspartic acid,0,21,0.3608,0.7143
T4,native,qm9s_to_sers,fg_imidazole_ring,F1pos,lr,L-cysteine,0,31,0.5299,0.9032
T4,native,qm9s_to_sers,fg_imidazole_ring,F1pos,lr,L-glutamic acid,0,31,0.5352,0.871
T4,native,qm9s_to_sers,fg_imidazole_ring,F1pos,lr,L-glutamine,0,31,0.4459,0.6774
T4,native,qm9s_to_sers,fg_imidazole_ring,F1pos,lr,L-glycine,0,51,0.5711,0.9412
T4,native,qm9s_to_sers,fg_imidazole_ring,F1pos,lr,L-histidine,1,31,0.3887,0.7419
T4,native,qm9s_to_sers,fg_imidazole_ring,F1pos,lr,L-isoleucine,0,31,0.5619,0.9032
T4,native,qm9s_to_sers,fg_imidazole_ring,F1pos,lr,L-leucine,0,31,0.6264,0.7419
T4,native,qm9s_to_sers,fg_imidazole_ring,F1pos,lr,L-lysine,0,31,0.3588,0.8065
T4,native,qm9s_to_sers,fg_imidazole_ring,F1pos,lr,L-methionine,0,31,0.6274,1.0
T4,native,qm9s_to_sers,fg_imidazole_ring,F1pos,lr,L-phenylalanine,0,31,0.2113,0.3548
T4,native,qm9s_to_sers,fg_imidazole_ring,F1pos,lr,L-proline,0,31,0.5571,0.8065
T4,native,qm9s_to_sers,fg_imidazole_ring,F1pos,lr,L-serine,0,21,0.425,0.8571
T4,native,qm9s_to_sers,fg_imidazole_ring,F1pos,lr,L-threonine,0,31,0.4995,0.8065
T4,native,qm9s_to_sers,fg_imidazole_ring,F1pos,lr,L-tryptophan,0,21,0.6632,0.9048
T4,native,qm9s_to_sers,fg_imidazole_ring,F1pos,lr,L-tyrosine,0,31,0.617,0.9355
T4,native,qm9s_to_sers,fg_imidazole_ring,F1pos,lr,L-valine,0,31,0.4922,0.8387
T4,native,qm9s_to_sers,fg_imidazole_ring,F1pos,lr,indole+indole-d6,0,4,0.5745,1.0
T4,native,qm9s_to_sers,fg_imidazole_ring,F1pos,lr,indole-3-acetic acid,0,1,0.1511,0.0
T4,native,qm9s_to_sers,fg_imidazole_ring,F1pos,lr,isatin,0,1,0.6078,1.0
T4,native,qm9s_to_sers,fg_imidazole_ring,F1pos,lr,oxindole,0,1,0.5205,1.0
T4,native,qm9s_to_sers,fg_imidazole_ring,F1pos,lr,tryptophol,0,1,0.2826,1.0
T4,native,qm9s_to_sers,fg_imidazole_ring,F1pos,hgb,8-hydroxyquinoline,0,1,0.1904,1.0
T4,native,qm9s_to_sers,fg_imidazole_ring,F1pos,hgb,L-alanine,0,31,0.458,1.0
T4,native,qm9s_to_sers,fg_imidazole_ring,F1pos,hgb,L-arginine,0,31,0.4453,1.0
T4,native,qm9s_to_sers,fg_imidazole_ring,F1pos,hgb,L-asparagine,0,31,0.4649,0.9355
T4,native,qm9s_to_sers,fg_imidazole_ring,F1pos,hgb,L-aspartic acid,0,21,0.3422,0.6667
T4,native,qm9s_to_sers,fg_imidazole_ring,F1pos,hgb,L-cysteine,0,31,0.5362,0.9355
T4,native,qm9s_to_sers,fg_imidazole_ring,F1pos,hgb,L-glutamic acid,0,31,0.4139,0.9677
T4,native,qm9s_to_sers,fg_imidazole_ring,F1pos,hgb,L-glutamine,0,31,0.4737,0.7419
T4,native,qm9s_to_sers,fg_imidazole_ring,F1pos,hgb,L-glycine,0,51,0.452,1.0
T4,native,qm9s_to_sers,fg_imidazole_ring,F1pos,hgb,L-histidine,1,31,0.3845,0.8387
T4,native,qm9s_to_sers,fg_imidazole_ring,F1pos,hgb,L-isoleucine,0,31,0.464,1.0
T4,native,qm9s_to_sers,fg_imidazole_ring,F1pos,hgb,L-leucine,0,31,0.4742,0.8387
T4,native,qm9s_to_sers,fg_imidazole_ring,F1pos,hgb,L-lysine,0,31,0.364,0.9032
T4,native,qm9s_to_sers,fg_imidazole_ring,F1pos,hgb,L-methionine,0,31,0.5205,1.0
T4,native,qm9s_to_sers,fg_imidazole_ring,F1pos,hgb,L-phenylalanine,0,31,0.192,0.5806
T4,native,qm9s_to_sers,fg_imidazole_ring,F1pos,hgb,L-proline,0,31,0.5428,0.9355
T4,native,qm9s_to_sers,fg_imidazole_ring,F1pos,hgb,L-serine,0,21,0.4046,0.9524
T4,native,qm9s_to_sers,fg_imidazole_ring,F1pos,hgb,L-threonine,0,31,0.5405,0.9677
T4,native,qm9s_to_sers,fg_imidazole_ring,F1pos,hgb,L-tryptophan,0,21,0.5287,1.0
T4,native,qm9s_to_sers,fg_imidazole_ring,F1pos,hgb,L-tyrosine,0,31,0.5886,1.0
T4,native,qm9s_to_sers,fg_imidazole_ring,F1pos,hgb,L-valine,0,31,0.4775,0.9032
T4,native,qm9s_to_sers,fg_imidazole_ring,F1pos,hgb,indole+indole-d6,0,4,0.1097,0.75
T4,native,qm9s_to_sers,fg_imidazole_ring,F1pos,hgb,indole-3-acetic acid,0,1,0.1262,1.0
T4,native,qm9s_to_sers,fg_imidazole_ring,F1pos,hgb,isatin,0,1,0.2094,1.0
T4,native,qm9s_to_sers,fg_imidazole_ring,F1pos,hgb,oxindole,0,1,0.1094,1.0
T4,native,qm9s_to_sers,fg_imidazole_ring,F1pos,hgb,tryptophol,0,1,0.4376,1.0
T4,native,qm9s_to_sers,fg_imidazole_ring,F1pos,knn,8-hydroxyquinoline,0,1,0.0,0.0
T4,native,qm9s_to_sers,fg_imidazole_ring,F1pos,knn,L-alanine,0,31,0.0161,0.1613
T4,native,qm9s_to_sers,fg_imidazole_ring,F1pos,knn,L-arginine,0,31,0.0128,0.0968
T4,native,qm9s_to_sers,fg_imidazole_ring,F1pos,knn,L-asparagine,0,31,0.0441,0.3226
T4,native,qm9s_to_sers,fg_imidazole_ring,F1pos,knn,L-aspartic acid,0,21,0.0095,0.0952
T4,native,qm9s_to_sers,fg_imidazole_ring,F1pos,knn,L-cysteine,0,31,0.0132,0.129
T4,native,qm9s_to_sers,fg_imidazole_ring,F1pos,knn,L-glutamic acid,0,31,0.0481,0.3871
T4,native,qm9s_to_sers,fg_imidazole_ring,F1pos,knn,L-glutamine,0,31,0.0098,0.0968
T4,native,qm9s_to_sers,fg_imidazole_ring,F1pos,knn,L-glycine,0,51,0.0114,0.098
T4,native,qm9s_to_sers,fg_imidazole_ring,F1pos,knn,L-histidine,1,31,0.0,0.0
T4,native,qm9s_to_sers,fg_imidazole_ring,F1pos,knn,L-isoleucine,0,31,0.0197,0.1935
T4,native,qm9s_to_sers,fg_imidazole_ring,F1pos,knn,L-leucine,0,31,0.0517,0.4516
T4,native,qm9s_to_sers,fg_imidazole_ring,F1pos,knn,L-lysine,0,31,0.0095,0.0968
T4,native,qm9s_to_sers,fg_imidazole_ring,F1pos,knn,L-methionine,0,31,0.0157,0.0968
T4,native,qm9s_to_sers,fg_imidazole_ring,F1pos,knn,L-phenylalanine,0,31,0.0101,0.0968
T4,native,qm9s_to_sers,fg_imidazole_ring,F1pos,knn,L-proline,0,31,0.0231,0.2258
T4,native,qm9s_to_sers,fg_imidazole_ring,F1pos,knn,L-serine,0,21,0.0242,0.1905
T4,native,qm9s_to_sers,fg_imidazole_ring,F1pos,knn,L-threonine,0,31,0.0454,0.3871
T4,native,qm9s_to_sers,fg_imidazole_ring,F1pos,knn,L-tryptophan,0,21,0.0681,0.619
T4,native,qm9s_to_sers,fg_imidazole_ring,F1pos,knn,L-tyrosine,0,31,0.0352,0.3548
T4,native,qm9s_to_sers,fg_imidazole_ring,F1pos,knn,L-valine,0,31,0.0157,0.1613
T4,native,qm9s_to_sers,fg_imidazole_ring,F1pos,knn,indole+indole-d6,0,4,0.0,0.0
T4,native,qm9s_to_sers,fg_imidazole_ring,F1pos,knn,indole-3-acetic acid,0,1,0.0,0.0
T4,native,qm9s_to_sers,fg_imidazole_ring,F1pos,knn,isatin,0,1,0.0968,1.0
T4,native,qm9s_to_sers,fg_imidazole_ring,F1pos,knn,oxindole,0,1,0.0,0.0
T4,native,qm9s_to_sers,fg_imidazole_ring,F1pos,knn,tryptophol,0,1,0.0,0.0
T4,native,qm9s_to_sers,fg_imidazole_ring,F2,majority,8-hydroxyquinoline,0,1,0.0114,0.0
T4,native,qm9s_to_sers,fg_imidazole_ring,F2,majority,L-alanine,0,31,0.0114,0.0
T4,native,qm9s_to_sers,fg_imidazole_ring,F2,majority,L-arginine,0,31,0.0114,0.0
T4,native,qm9s_to_sers,fg_imidazole_ring,F2,majority,L-asparagine,0,31,0.0114,0.0
T4,native,qm9s_to_sers,fg_imidazole_ring,F2,majority,L-aspartic acid,0,21,0.0114,0.0
T4,native,qm9s_to_sers,fg_imidazole_ring,F2,majority,L-cysteine,0,31,0.0114,0.0
T4,native,qm9s_to_sers,fg_imidazole_ring,F2,majority,L-glutamic acid,0,31,0.0114,0.0
T4,native,qm9s_to_sers,fg_imidazole_ring,F2,majority,L-glutamine,0,31,0.0114,0.0
T4,native,qm9s_to_sers,fg_imidazole_ring,F2,majority,L-glycine,0,51,0.0114,0.0
T4,native,qm9s_to_sers,fg_imidazole_ring,F2,majority,L-histidine,1,31,0.0114,0.0
T4,native,qm9s_to_sers,fg_imidazole_ring,F2,majority,L-isoleucine,0,31,0.0114,0.0
T4,native,qm9s_to_sers,fg_imidazole_ring,F2,majority,L-leucine,0,31,0.0114,0.0
T4,native,qm9s_to_sers,fg_imidazole_ring,F2,majority,L-lysine,0,31,0.0114,0.0
T4,native,qm9s_to_sers,fg_imidazole_ring,F2,majority,L-methionine,0,31,0.0114,0.0
T4,native,qm9s_to_sers,fg_imidazole_ring,F2,majority,L-phenylalanine,0,31,0.0114,0.0
T4,native,qm9s_to_sers,fg_imidazole_ring,F2,majority,L-proline,0,31,0.0114,0.0
T4,native,qm9s_to_sers,fg_imidazole_ring,F2,majority,L-serine,0,21,0.0114,0.0
T4,native,qm9s_to_sers,fg_imidazole_ring,F2,majority,L-threonine,0,31,0.0114,0.0
T4,native,qm9s_to_sers,fg_imidazole_ring,F2,majority,L-tryptophan,0,21,0.0114,0.0
T4,native,qm9s_to_sers,fg_imidazole_ring,F2,majority,L-tyrosine,0,31,0.0114,0.0
T4,native,qm9s_to_sers,fg_imidazole_ring,F2,majority,L-valine,0,31,0.0114,0.0
T4,native,qm9s_to_sers,fg_imidazole_ring,F2,majority,indole+indole-d6,0,4,0.0114,0.0
T4,native,qm9s_to_sers,fg_imidazole_ring,F2,majority,indole-3-acetic acid,0,1,0.0114,0.0
T4,native,qm9s_to_sers,fg_imidazole_ring,F2,majority,isatin,0,1,0.0114,0.0
T4,native,qm9s_to_sers,fg_imidazole_ring,F2,majority,oxindole,0,1,0.0114,0.0
T4,native,qm9s_to_sers,fg_imidazole_ring,F2,majority,tryptophol,0,1,0.0114,0.0
T4,native,qm9s_to_sers,fg_imidazole_ring,F2,lr,8-hydroxyquinoline,0,1,0.0,0.0
T4,native,qm9s_to_sers,fg_imidazole_ring,F2,lr,L-alanine,0,31,0.1461,0.2581
T4,native,qm9s_to_sers,fg_imidazole_ring,F2,lr,L-arginine,0,31,0.14,0.3548
T4,native,qm9s_to_sers,fg_imidazole_ring,F2,lr,L-asparagine,0,31,0.0391,0.129
T4,native,qm9s_to_sers,fg_imidazole_ring,F2,lr,L-aspartic acid,0,21,0.0582,0.0476
T4,native,qm9s_to_sers,fg_imidazole_ring,F2,lr,L-cysteine,0,31,0.1436,0.6129
T4,native,qm9s_to_sers,fg_imidazole_ring,F2,lr,L-glutamic acid,0,31,0.0208,0.0323
T4,native,qm9s_to_sers,fg_imidazole_ring,F2,lr,L-glutamine,0,31,0.4046,0.7097
T4,native,qm9s_to_sers,fg_imidazole_ring,F2,lr,L-glycine,0,51,0.3048,0.4118
T4,native,qm9s_to_sers,fg_imidazole_ring,F2,lr,L-histidine,1,31,0.3826,0.7097
T4,native,qm9s_to_sers,fg_imidazole_ring,F2,lr,L-isoleucine,0,31,0.0725,0.2581
T4,native,qm9s_to_sers,fg_imidazole_ring,F2,lr,L-leucine,0,31,0.0391,0.129
T4,native,qm9s_to_sers,fg_imidazole_ring,F2,lr,L-lysine,0,31,0.3183,0.9032
T4,native,qm9s_to_sers,fg_imidazole_ring,F2,lr,L-methionine,0,31,0.0893,0.4516
T4,native,qm9s_to_sers,fg_imidazole_ring,F2,lr,L-phenylalanine,0,31,0.0979,0.2903
T4,native,qm9s_to_sers,fg_imidazole_ring,F2,lr,L-proline,0,31,0.4215,0.6774
T4,native,qm9s_to_sers,fg_imidazole_ring,F2,lr,L-serine,0,21,0.0222,0.0476
T4,native,qm9s_to_sers,fg_imidazole_ring,F2,lr,L-threonine,0,31,0.3864,0.7097
T4,native,qm9s_to_sers,fg_imidazole_ring,F2,lr,L-tryptophan,0,21,0.0011,0.0
T4,native,qm9s_to_sers,fg_imidazole_ring,F2,lr,L-tyrosine,0,31,0.0534,0.1613
T4,native,qm9s_to_sers,fg_imidazole_ring,F2,lr,L-valine,0,31,0.0598,0.1935
T4,native,qm9s_to_sers,fg_imidazole_ring,F2,lr,indole+indole-d6,0,4,0.0,0.0
T4,native,qm9s_to_sers,fg_imidazole_ring,F2,lr,indole-3-acetic acid,0,1,0.0,0.0
T4,native,qm9s_to_sers,fg_imidazole_ring,F2,lr,isatin,0,1,0.0,0.0
T4,native,qm9s_to_sers,fg_imidazole_ring,F2,lr,oxindole,0,1,0.0008,0.0
T4,native,qm9s_to_sers,fg_imidazole_ring,F2,lr,tryptophol,0,1,0.0008,0.0
T4,native,qm9s_to_sers,fg_imidazole_ring,F2,hgb,8-hydroxyquinoline,0,1,0.0005,0.0
T4,native,qm9s_to_sers,fg_imidazole_ring,F2,hgb,L-alanine,0,31,0.0156,0.3548
T4,native,qm9s_to_sers,fg_imidazole_ring,F2,hgb,L-arginine,0,31,0.1184,0.7097
T4,native,qm9s_to_sers,fg_imidazole_ring,F2,hgb,L-asparagine,0,31,0.0261,0.7419
T4,native,qm9s_to_sers,fg_imidazole_ring,F2,hgb,L-aspartic acid,0,21,0.0216,0.6667
T4,native,qm9s_to_sers,fg_imidazole_ring,F2,hgb,L-cysteine,0,31,0.1558,0.871
T4,native,qm9s_to_sers,fg_imidazole_ring,F2,hgb,L-glutamic acid,0,31,0.0015,0.0323
T4,native,qm9s_to_sers,fg_imidazole_ring,F2,hgb,L-glutamine,0,31,0.4607,0.8065
T4,native,qm9s_to_sers,fg_imidazole_ring,F2,hgb,L-glycine,0,51,0.0653,0.6863
T4,native,qm9s_to_sers,fg_imidazole_ring,F2,hgb,L-histidine,1,31,0.1241,0.871
T4,native,qm9s_to_sers,fg_imidazole_ring,F2,hgb,L-isoleucine,0,31,0.014,0.3548
T4,native,qm9s_to_sers,fg_imidazole_ring,F2,hgb,L-leucine,0,31,0.0394,0.5161
T4,native,qm9s_to_sers,fg_imidazole_ring,F2,hgb,L-lysine,0,31,0.2015,0.871
T4,native,qm9s_to_sers,fg_imidazole_ring,F2,hgb,L-methionine,0,31,0.0761,0.7097
T4,native,qm9s_to_sers,fg_imidazole_ring,F2,hgb,L-phenylalanine,0,31,0.062,0.4194
T4,native,qm9s_to_sers,fg_imidazole_ring,F2,hgb,L-proline,0,31,0.2702,0.9032
T4,native,qm9s_to_sers,fg_imidazole_ring,F2,hgb,L-serine,0,21,0.0036,0.0952
T4,native,qm9s_to_sers,fg_imidazole_ring,F2,hgb,L-threonine,0,31,0.3165,0.9355
T4,native,qm9s_to_sers,fg_imidazole_ring,F2,hgb,L-tryptophan,0,21,0.0045,0.0
T4,native,qm9s_to_sers,fg_imidazole_ring,F2,hgb,L-tyrosine,0,31,0.027,0.3548
T4,native,qm9s_to_sers,fg_imidazole_ring,F2,hgb,L-valine,0,31,0.0674,0.9032
T4,native,qm9s_to_sers,fg_imidazole_ring,F2,hgb,indole+indole-d6,0,4,0.0084,0.5
T4,native,qm9s_to_sers,fg_imidazole_ring,F2,hgb,indole-3-acetic acid,0,1,0.0005,0.0
T4,native,qm9s_to_sers,fg_imidazole_ring,F2,hgb,isatin,0,1,0.0053,0.0
T4,native,qm9s_to_sers,fg_imidazole_ring,F2,hgb,oxindole,0,1,0.0045,0.0
T4,native,qm9s_to_sers,fg_imidazole_ring,F2,hgb,tryptophol,0,1,0.0075,0.0
T4,native,qm9s_to_sers,fg_imidazole_ring,F2,knn,8-hydroxyquinoline,0,1,0.0,0.0
T4,native,qm9s_to_sers,fg_imidazole_ring,F2,knn,L-alanine,0,31,0.0,0.0
T4,native,qm9s_to_sers,fg_imidazole_ring,F2,knn,L-arginine,0,31,0.0,0.0
T4,native,qm9s_to_sers,fg_imidazole_ring,F2,knn,L-asparagine,0,31,0.0,0.0
T4,native,qm9s_to_sers,fg_imidazole_ring,F2,knn,L-aspartic acid,0,21,0.0,0.0
T4,native,qm9s_to_sers,fg_imidazole_ring,F2,knn,L-cysteine,0,31,0.0,0.0
T4,native,qm9s_to_sers,fg_imidazole_ring,F2,knn,L-glutamic acid,0,31,0.0,0.0
T4,native,qm9s_to_sers,fg_imidazole_ring,F2,knn,L-glutamine,0,31,0.0193,0.1935
T4,native,qm9s_to_sers,fg_imidazole_ring,F2,knn,L-glycine,0,51,0.0,0.0
T4,native,qm9s_to_sers,fg_imidazole_ring,F2,knn,L-histidine,1,31,0.0124,0.129
T4,native,qm9s_to_sers,fg_imidazole_ring,F2,knn,L-isoleucine,0,31,0.0,0.0
T4,native,qm9s_to_sers,fg_imidazole_ring,F2,knn,L-leucine,0,31,0.0,0.0
T4,native,qm9s_to_sers,fg_imidazole_ring,F2,knn,L-lysine,0,31,0.0,0.0
T4,native,qm9s_to_sers,fg_imidazole_ring,F2,knn,L-methionine,0,31,0.0,0.0
T4,native,qm9s_to_sers,fg_imidazole_ring,F2,knn,L-phenylalanine,0,31,0.0128,0.129
T4,native,qm9s_to_sers,fg_imidazole_ring,F2,knn,L-proline,0,31,0.0,0.0
T4,native,qm9s_to_sers,fg_imidazole_ring,F2,knn,L-serine,0,21,0.0,0.0
T4,native,qm9s_to_sers,fg_imidazole_ring,F2,knn,L-threonine,0,31,0.0255,0.1935
T4,native,qm9s_to_sers,fg_imidazole_ring,F2,knn,L-tryptophan,0,21,0.0047,0.0476
T4,native,qm9s_to_sers,fg_imidazole_ring,F2,knn,L-tyrosine,0,31,0.0064,0.0645
T4,native,qm9s_to_sers,fg_imidazole_ring,F2,knn,L-valine,0,31,0.0,0.0
T4,native,qm9s_to_sers,fg_imidazole_ring,F2,knn,indole+indole-d6,0,4,0.0,0.0
T4,native,qm9s_to_sers,fg_imidazole_ring,F2,knn,indole-3-acetic acid,0,1,0.0,0.0
T4,native,qm9s_to_sers,fg_imidazole_ring,F2,knn,isatin,0,1,0.0,0.0
T4,native,qm9s_to_sers,fg_imidazole_ring,F2,knn,oxindole,0,1,0.0,0.0
T4,native,qm9s_to_sers,fg_imidazole_ring,F2,knn,tryptophol,0,1,0.0,0.0
T4,native,qm9s_to_sers,fg_imidazole_ring,F3,majority,8-hydroxyquinoline,0,1,0.0114,0.0
T4,native,qm9s_to_sers,fg_imidazole_ring,F3,majority,L-alanine,0,31,0.0114,0.0
T4,native,qm9s_to_sers,fg_imidazole_ring,F3,majority,L-arginine,0,31,0.0114,0.0
T4,native,qm9s_to_sers,fg_imidazole_ring,F3,majority,L-asparagine,0,31,0.0114,0.0
T4,native,qm9s_to_sers,fg_imidazole_ring,F3,majority,L-aspartic acid,0,21,0.0114,0.0
T4,native,qm9s_to_sers,fg_imidazole_ring,F3,majority,L-cysteine,0,31,0.0114,0.0
T4,native,qm9s_to_sers,fg_imidazole_ring,F3,majority,L-glutamic acid,0,31,0.0114,0.0
T4,native,qm9s_to_sers,fg_imidazole_ring,F3,majority,L-glutamine,0,31,0.0114,0.0
T4,native,qm9s_to_sers,fg_imidazole_ring,F3,majority,L-glycine,0,51,0.0114,0.0
T4,native,qm9s_to_sers,fg_imidazole_ring,F3,majority,L-histidine,1,31,0.0114,0.0
T4,native,qm9s_to_sers,fg_imidazole_ring,F3,majority,L-isoleucine,0,31,0.0114,0.0
T4,native,qm9s_to_sers,fg_imidazole_ring,F3,majority,L-leucine,0,31,0.0114,0.0
T4,native,qm9s_to_sers,fg_imidazole_ring,F3,majority,L-lysine,0,31,0.0114,0.0
T4,native,qm9s_to_sers,fg_imidazole_ring,F3,majority,L-methionine,0,31,0.0114,0.0
T4,native,qm9s_to_sers,fg_imidazole_ring,F3,majority,L-phenylalanine,0,31,0.0114,0.0
T4,native,qm9s_to_sers,fg_imidazole_ring,F3,majority,L-proline,0,31,0.0114,0.0
T4,native,qm9s_to_sers,fg_imidazole_ring,F3,majority,L-serine,0,21,0.0114,0.0
T4,native,qm9s_to_sers,fg_imidazole_ring,F3,majority,L-threonine,0,31,0.0114,0.0
T4,native,qm9s_to_sers,fg_imidazole_ring,F3,majority,L-tryptophan,0,21,0.0114,0.0
T4,native,qm9s_to_sers,fg_imidazole_ring,F3,majority,L-tyrosine,0,31,0.0114,0.0
T4,native,qm9s_to_sers,fg_imidazole_ring,F3,majority,L-valine,0,31,0.0114,0.0
T4,native,qm9s_to_sers,fg_imidazole_ring,F3,majority,indole+indole-d6,0,4,0.0114,0.0
T4,native,qm9s_to_sers,fg_imidazole_ring,F3,majority,indole-3-acetic acid,0,1,0.0114,0.0
T4,native,qm9s_to_sers,fg_imidazole_ring,F3,majority,isatin,0,1,0.0114,0.0
T4,native,qm9s_to_sers,fg_imidazole_ring,F3,majority,oxindole,0,1,0.0114,0.0
T4,native,qm9s_to_sers,fg_imidazole_ring,F3,majority,tryptophol,0,1,0.0114,0.0
T4,native,qm9s_to_sers,fg_imidazole_ring,F3,lr,8-hydroxyquinoline,0,1,0.0,0.0
T4,native,qm9s_to_sers,fg_imidazole_ring,F3,lr,L-alanine,0,31,0.0,0.0
T4,native,qm9s_to_sers,fg_imidazole_ring,F3,lr,L-arginine,0,31,0.0,0.0
T4,native,qm9s_to_sers,fg_imidazole_ring,F3,lr,L-asparagine,0,31,0.0,0.0
T4,native,qm9s_to_sers,fg_imidazole_ring,F3,lr,L-aspartic acid,0,21,0.0,0.0
T4,native,qm9s_to_sers,fg_imidazole_ring,F3,lr,L-cysteine,0,31,0.0,0.0
T4,native,qm9s_to_sers,fg_imidazole_ring,F3,lr,L-glutamic acid,0,31,0.0,0.0
T4,native,qm9s_to_sers,fg_imidazole_ring,F3,lr,L-glutamine,0,31,0.0,0.0
T4,native,qm9s_to_sers,fg_imidazole_ring,F3,lr,L-glycine,0,51,0.0,0.0
T4,native,qm9s_to_sers,fg_imidazole_ring,F3,lr,L-histidine,1,31,0.0,0.0
T4,native,qm9s_to_sers,fg_imidazole_ring,F3,lr,L-isoleucine,0,31,0.0,0.0
T4,native,qm9s_to_sers,fg_imidazole_ring,F3,lr,L-leucine,0,31,0.0,0.0
T4,native,qm9s_to_sers,fg_imidazole_ring,F3,lr,L-lysine,0,31,0.0,0.0
T4,native,qm9s_to_sers,fg_imidazole_ring,F3,lr,L-methionine,0,31,0.0,0.0
T4,native,qm9s_to_sers,fg_imidazole_ring,F3,lr,L-phenylalanine,0,31,0.0,0.0
T4,native,qm9s_to_sers,fg_imidazole_ring,F3,lr,L-proline,0,31,0.0,0.0
T4,native,qm9s_to_sers,fg_imidazole_ring,F3,lr,L-serine,0,21,0.0,0.0
T4,native,qm9s_to_sers,fg_imidazole_ring,F3,lr,L-threonine,0,31,0.0,0.0
T4,native,qm9s_to_sers,fg_imidazole_ring,F3,lr,L-tryptophan,0,21,0.0,0.0
T4,native,qm9s_to_sers,fg_imidazole_ring,F3,lr,L-tyrosine,0,31,0.0,0.0
T4,native,qm9s_to_sers,fg_imidazole_ring,F3,lr,L-valine,0,31,0.0,0.0
T4,native,qm9s_to_sers,fg_imidazole_ring,F3,lr,indole+indole-d6,0,4,0.0,0.0
T4,native,qm9s_to_sers,fg_imidazole_ring,F3,lr,indole-3-acetic acid,0,1,0.0,0.0
T4,native,qm9s_to_sers,fg_imidazole_ring,F3,lr,isatin,0,1,0.0,0.0
T4,native,qm9s_to_sers,fg_imidazole_ring,F3,lr,oxindole,0,1,0.0,0.0
T4,native,qm9s_to_sers,fg_imidazole_ring,F3,lr,tryptophol,0,1,0.0,0.0
T4,native,qm9s_to_sers,fg_imidazole_ring,F3,hgb,8-hydroxyquinoline,0,1,0.0006,0.0
T4,native,qm9s_to_sers,fg_imidazole_ring,F3,hgb,L-alanine,0,31,0.004,0.3871
T4,native,qm9s_to_sers,fg_imidazole_ring,F3,hgb,L-arginine,0,31,0.0109,0.6774
T4,native,qm9s_to_sers,fg_imidazole_ring,F3,hgb,L-asparagine,0,31,0.0086,0.6129
T4,native,qm9s_to_sers,fg_imidazole_ring,F3,hgb,L-aspartic acid,0,21,0.0116,0.7143
T4,native,qm9s_to_sers,fg_imidazole_ring,F3,hgb,L-cysteine,0,31,0.0012,0.0
T4,native,qm9s_to_sers,fg_imidazole_ring,F3,hgb,L-glutamic acid,0,31,0.0024,0.1935
T4,native,qm9s_to_sers,fg_imidazole_ring,F3,hgb,L-glutamine,0,31,0.0026,0.0645
T4,native,qm9s_to_sers,fg_imidazole_ring,F3,hgb,L-glycine,0,51,0.0049,0.3333
T4,native,qm9s_to_sers,fg_imidazole_ring,F3,hgb,L-histidine,1,31,0.0033,0.1935
T4,native,qm9s_to_sers,fg_imidazole_ring,F3,hgb,L-isoleucine,0,31,0.0026,0.129
T4,native,qm9s_to_sers,fg_imidazole_ring,F3,hgb,L-leucine,0,31,0.0019,0.0645
T4,native,qm9s_to_sers,fg_imidazole_ring,F3,hgb,L-lysine,0,31,0.0057,0.3548
T4,native,qm9s_to_sers,fg_imidazole_ring,F3,hgb,L-methionine,0,31,0.0011,0.0323
T4,native,qm9s_to_sers,fg_imidazole_ring,F3,hgb,L-phenylalanine,0,31,0.0097,0.7097
T4,native,qm9s_to_sers,fg_imidazole_ring,F3,hgb,L-proline,0,31,0.0038,0.3548
T4,native,qm9s_to_sers,fg_imidazole_ring,F3,hgb,L-serine,0,21,0.0053,0.4286
T4,native,qm9s_to_sers,fg_imidazole_ring,F3,hgb,L-threonine,0,31,0.0033,0.2581
T4,native,qm9s_to_sers,fg_imidazole_ring,F3,hgb,L-tryptophan,0,21,0.0014,0.0476
T4,native,qm9s_to_sers,fg_imidazole_ring,F3,hgb,L-tyrosine,0,31,0.0041,0.3226
T4,native,qm9s_to_sers,fg_imidazole_ring,F3,hgb,L-valine,0,31,0.0028,0.0968
T4,native,qm9s_to_sers,fg_imidazole_ring,F3,hgb,indole+indole-d6,0,4,0.0025,0.0
T4,native,qm9s_to_sers,fg_imidazole_ring,F3,hgb,indole-3-acetic acid,0,1,0.0004,0.0
T4,native,qm9s_to_sers,fg_imidazole_ring,F3,hgb,isatin,0,1,0.001,0.0
T4,native,qm9s_to_sers,fg_imidazole_ring,F3,hgb,oxindole,0,1,0.0033,0.0
T4,native,qm9s_to_sers,fg_imidazole_ring,F3,hgb,tryptophol,0,1,0.0011,0.0
T4,native,qm9s_to_sers,fg_imidazole_ring,F3,knn,8-hydroxyquinoline,0,1,0.0,0.0
T4,native,qm9s_to_sers,fg_imidazole_ring,F3,knn,L-alanine,0,31,0.0,0.0
T4,native,qm9s_to_sers,fg_imidazole_ring,F3,knn,L-arginine,0,31,0.0,0.0
T4,native,qm9s_to_sers,fg_imidazole_ring,F3,knn,L-asparagine,0,31,0.0,0.0
T4,native,qm9s_to_sers,fg_imidazole_ring,F3,knn,L-aspartic acid,0,21,0.0,0.0
T4,native,qm9s_to_sers,fg_imidazole_ring,F3,knn,L-cysteine,0,31,0.0,0.0
T4,native,qm9s_to_sers,fg_imidazole_ring,F3,knn,L-glutamic acid,0,31,0.0,0.0
T4,native,qm9s_to_sers,fg_imidazole_ring,F3,knn,L-glutamine,0,31,0.0,0.0
T4,native,qm9s_to_sers,fg_imidazole_ring,F3,knn,L-glycine,0,51,0.0,0.0
T4,native,qm9s_to_sers,fg_imidazole_ring,F3,knn,L-histidine,1,31,0.0,0.0
T4,native,qm9s_to_sers,fg_imidazole_ring,F3,knn,L-isoleucine,0,31,0.0,0.0
T4,native,qm9s_to_sers,fg_imidazole_ring,F3,knn,L-leucine,0,31,0.0,0.0
T4,native,qm9s_to_sers,fg_imidazole_ring,F3,knn,L-lysine,0,31,0.0,0.0
T4,native,qm9s_to_sers,fg_imidazole_ring,F3,knn,L-methionine,0,31,0.0,0.0
T4,native,qm9s_to_sers,fg_imidazole_ring,F3,knn,L-phenylalanine,0,31,0.0,0.0
T4,native,qm9s_to_sers,fg_imidazole_ring,F3,knn,L-proline,0,31,0.0,0.0
T4,native,qm9s_to_sers,fg_imidazole_ring,F3,knn,L-serine,0,21,0.0,0.0
T4,native,qm9s_to_sers,fg_imidazole_ring,F3,knn,L-threonine,0,31,0.0,0.0
T4,native,qm9s_to_sers,fg_imidazole_ring,F3,knn,L-tryptophan,0,21,0.0047,0.0476
T4,native,qm9s_to_sers,fg_imidazole_ring,F3,knn,L-tyrosine,0,31,0.0,0.0
T4,native,qm9s_to_sers,fg_imidazole_ring,F3,knn,L-valine,0,31,0.0,0.0
T4,native,qm9s_to_sers,fg_imidazole_ring,F3,knn,indole+indole-d6,0,4,0.0,0.0
T4,native,qm9s_to_sers,fg_imidazole_ring,F3,knn,indole-3-acetic acid,0,1,0.0,0.0
T4,native,qm9s_to_sers,fg_imidazole_ring,F3,knn,isatin,0,1,0.0,0.0
T4,native,qm9s_to_sers,fg_imidazole_ring,F3,knn,oxindole,0,1,0.0,0.0
T4,native,qm9s_to_sers,fg_imidazole_ring,F3,knn,tryptophol,0,1,0.0,0.0
T4,native,qm9s_to_sers,fg_lactam,F1,majority,8-hydroxyquinoline,0,1,0.0443,0.0
T4,native,qm9s_to_sers,fg_lactam,F1,majority,L-alanine,0,31,0.0443,0.0
T4,native,qm9s_to_sers,fg_lactam,F1,majority,L-arginine,0,31,0.0443,0.0
T4,native,qm9s_to_sers,fg_lactam,F1,majority,L-asparagine,0,31,0.0443,0.0
T4,native,qm9s_to_sers,fg_lactam,F1,majority,L-aspartic acid,0,21,0.0443,0.0
T4,native,qm9s_to_sers,fg_lactam,F1,majority,L-cysteine,0,31,0.0443,0.0
T4,native,qm9s_to_sers,fg_lactam,F1,majority,L-glutamic acid,0,31,0.0443,0.0
T4,native,qm9s_to_sers,fg_lactam,F1,majority,L-glutamine,0,31,0.0443,0.0
T4,native,qm9s_to_sers,fg_lactam,F1,majority,L-glycine,0,51,0.0443,0.0
T4,native,qm9s_to_sers,fg_lactam,F1,majority,L-histidine,0,31,0.0443,0.0
T4,native,qm9s_to_sers,fg_lactam,F1,majority,L-isoleucine,0,31,0.0443,0.0
T4,native,qm9s_to_sers,fg_lactam,F1,majority,L-leucine,0,31,0.0443,0.0
T4,native,qm9s_to_sers,fg_lactam,F1,majority,L-lysine,0,31,0.0443,0.0
T4,native,qm9s_to_sers,fg_lactam,F1,majority,L-methionine,0,31,0.0443,0.0
T4,native,qm9s_to_sers,fg_lactam,F1,majority,L-phenylalanine,0,31,0.0443,0.0
T4,native,qm9s_to_sers,fg_lactam,F1,majority,L-proline,0,31,0.0443,0.0
T4,native,qm9s_to_sers,fg_lactam,F1,majority,L-serine,0,21,0.0443,0.0
T4,native,qm9s_to_sers,fg_lactam,F1,majority,L-threonine,0,31,0.0443,0.0
T4,native,qm9s_to_sers,fg_lactam,F1,majority,L-tryptophan,0,21,0.0443,0.0
T4,native,qm9s_to_sers,fg_lactam,F1,majority,L-tyrosine,0,31,0.0443,0.0
T4,native,qm9s_to_sers,fg_lactam,F1,majority,L-valine,0,31,0.0443,0.0
T4,native,qm9s_to_sers,fg_lactam,F1,majority,indole+indole-d6,0,4,0.0443,0.0
T4,native,qm9s_to_sers,fg_lactam,F1,majority,indole-3-acetic acid,0,1,0.0443,0.0
T4,native,qm9s_to_sers,fg_lactam,F1,majority,isatin,1,1,0.0443,0.0
T4,native,qm9s_to_sers,fg_lactam,F1,majority,oxindole,1,1,0.0443,0.0
T4,native,qm9s_to_sers,fg_lactam,F1,majority,tryptophol,0,1,0.0443,0.0
T4,native,qm9s_to_sers,fg_lactam,F1,lr,8-hydroxyquinoline,0,1,0.9356,1.0
T4,native,qm9s_to_sers,fg_lactam,F1,lr,L-alanine,0,31,0.6309,0.6452
T4,native,qm9s_to_sers,fg_lactam,F1,lr,L-arginine,0,31,0.6658,0.9355
T4,native,qm9s_to_sers,fg_lactam,F1,lr,L-asparagine,0,31,0.6367,0.9677
T4,native,qm9s_to_sers,fg_lactam,F1,lr,L-aspartic acid,0,21,0.6122,0.619
T4,native,qm9s_to_sers,fg_lactam,F1,lr,L-cysteine,0,31,0.3403,0.0
T4,native,qm9s_to_sers,fg_lactam,F1,lr,L-glutamic acid,0,31,0.8836,0.9677
T4,native,qm9s_to_sers,fg_lactam,F1,lr,L-glutamine,0,31,0.4136,0.3548
T4,native,qm9s_to_sers,fg_lactam,F1,lr,L-glycine,0,51,0.5979,0.5882
T4,native,qm9s_to_sers,fg_lactam,F1,lr,L-histidine,0,31,0.3823,0.0
T4,native,qm9s_to_sers,fg_lactam,F1,lr,L-isoleucine,0,31,0.7375,0.9032
T4,native,qm9s_to_sers,fg_lactam,F1,lr,L-leucine,0,31,0.6657,0.9355
T4,native,qm9s_to_sers,fg_lactam,F1,lr,L-lysine,0,31,0.4313,0.2903
T4,native,qm9s_to_sers,fg_lactam,F1,lr,L-methionine,0,31,0.4517,0.6129
T4,native,qm9s_to_sers,fg_lactam,F1,lr,L-phenylalanine,0,31,0.378,0.2581
T4,native,qm9s_to_sers,fg_lactam,F1,lr,L-proline,0,31,0.3942,0.2903
T4,native,qm9s_to_sers,fg_lactam,F1,lr,L-serine,0,21,0.8281,0.9524
T4,native,qm9s_to_sers,fg_lactam,F1,lr,L-threonine,0,31,0.4198,0.3226
T4,native,qm9s_to_sers,fg_lactam,F1,lr,L-tryptophan,0,21,0.7298,0.9524
T4,native,qm9s_to_sers,fg_lactam,F1,lr,L-tyrosine,0,31,0.7391,0.9677
T4,native,qm9s_to_sers,fg_lactam,F1,lr,L-valine,0,31,0.5998,0.8065
T4,native,qm9s_to_sers,fg_lactam,F1,lr,indole+indole-d6,0,4,0.5578,0.75
T4,native,qm9s_to_sers,fg_lactam,F1,lr,indole-3-acetic acid,0,1,0.9597,1.0
T4,native,qm9s_to_sers,fg_lactam,F1,lr,isatin,1,1,0.6596,1.0
T4,native,qm9s_to_sers,fg_lactam,F1,lr,oxindole,1,1,0.0681,0.0
T4,native,qm9s_to_sers,fg_lactam,F1,lr,tryptophol,0,1,0.6162,1.0
T4,native,qm9s_to_sers,fg_lactam,F1,hgb,8-hydroxyquinoline,0,1,0.5829,1.0
T4,native,qm9s_to_sers,fg_lactam,F1,hgb,L-alanine,0,31,0.347,0.5484
T4,native,qm9s_to_sers,fg_lactam,F1,hgb,L-arginine,0,31,0.3057,0.3548
T4,native,qm9s_to_sers,fg_lactam,F1,hgb,L-asparagine,0,31,0.3583,0.4194
T4,native,qm9s_to_sers,fg_lactam,F1,hgb,L-aspartic acid,0,21,0.589,0.9048
T4,native,qm9s_to_sers,fg_lactam,F1,hgb,L-cysteine,0,31,0.4185,0.7742
T4,native,qm9s_to_sers,fg_lactam,F1,hgb,L-glutamic acid,0,31,0.4276,0.4839
T4,native,qm9s_to_sers,fg_lactam,F1,hgb,L-glutamine,0,31,0.4999,1.0
T4,native,qm9s_to_sers,fg_lactam,F1,hgb,L-glycine,0,51,0.331,0.4902
T4,native,qm9s_to_sers,fg_lactam,F1,hgb,L-histidine,0,31,0.4842,0.9355
T4,native,qm9s_to_sers,fg_lactam,F1,hgb,L-isoleucine,0,31,0.4432,0.6452
T4,native,qm9s_to_sers,fg_lactam,F1,hgb,L-leucine,0,31,0.5307,1.0
T4,native,qm9s_to_sers,fg_lactam,F1,hgb,L-lysine,0,31,0.4885,1.0
T4,native,qm9s_to_sers,fg_lactam,F1,hgb,L-methionine,0,31,0.4285,0.8065
T4,native,qm9s_to_sers,fg_lactam,F1,hgb,L-phenylalanine,0,31,0.4645,0.9355
T4,native,qm9s_to_sers,fg_lactam,F1,hgb,L-proline,0,31,0.4866,1.0
T4,native,qm9s_to_sers,fg_lactam,F1,hgb,L-serine,0,21,0.4251,0.4286
T4,native,qm9s_to_sers,fg_lactam,F1,hgb,L-threonine,0,31,0.5166,1.0
T4,native,qm9s_to_sers,fg_lactam,F1,hgb,L-tryptophan,0,21,0.0891,0.0
T4,native,qm9s_to_sers,fg_lactam,F1,hgb,L-tyrosine,0,31,0.2692,0.129
T4,native,qm9s_to_sers,fg_lactam,F1,hgb,L-valine,0,31,0.3491,0.3548
T4,native,qm9s_to_sers,fg_lactam,F1,hgb,indole+indole-d6,0,4,0.1352,0.0
T4,native,qm9s_to_sers,fg_lactam,F1,hgb,indole-3-acetic acid,0,1,0.5624,1.0
T4,native,qm9s_to_sers,fg_lactam,F1,hgb,isatin,1,1,0.3728,1.0
T4,native,qm9s_to_sers,fg_lactam,F1,hgb,oxindole,1,1,0.1779,0.0
T4,native,qm9s_to_sers,fg_lactam,F1,hgb,tryptophol,0,1,0.5716,1.0
T4,native,qm9s_to_sers,fg_lactam,F1,knn,8-hydroxyquinoline,0,1,0.0907,0.0
T4,native,qm9s_to_sers,fg_lactam,F1,knn,L-alanine,0,31,0.1342,0.5484
T4,native,qm9s_to_sers,fg_lactam,F1,knn,L-arginine,0,31,0.1919,0.8065
T4,native,qm9s_to_sers,fg_lactam,F1,knn,L-asparagine,0,31,0.157,0.7742
T4,native,qm9s_to_sers,fg_lactam,F1,knn,L-aspartic acid,0,21,0.0365,0.2857
T4,native,qm9s_to_sers,fg_lactam,F1,knn,L-cysteine,0,31,0.0577,0.5161
T4,native,qm9s_to_sers,fg_lactam,F1,knn,L-glutamic acid,0,31,0.2206,0.8065
T4,native,qm9s_to_sers,fg_lactam,F1,knn,L-glutamine,0,31,0.0608,0.3871
T4,native,qm9s_to_sers,fg_lactam,F1,knn,L-glycine,0,51,0.1012,0.4706
T4,native,qm9s_to_sers,fg_lactam,F1,knn,L-histidine,0,31,0.0645,0.4516
T4,native,qm9s_to_sers,fg_lactam,F1,knn,L-isoleucine,0,31,0.1604,0.6774
T4,native,qm9s_to_sers,fg_lactam,F1,knn,L-leucine,0,31,0.1519,0.7097
T4,native,qm9s_to_sers,fg_lactam,F1,knn,L-lysine,0,31,0.1314,0.8065
T4,native,qm9s_to_sers,fg_lactam,F1,knn,L-methionine,0,31,0.095,0.4516
T4,native,qm9s_to_sers,fg_lactam,F1,knn,L-phenylalanine,0,31,0.0391,0.3226
T4,native,qm9s_to_sers,fg_lactam,F1,knn,L-proline,0,31,0.0635,0.4194
T4,native,qm9s_to_sers,fg_lactam,F1,knn,L-serine,0,21,0.0596,0.3333
T4,native,qm9s_to_sers,fg_lactam,F1,knn,L-threonine,0,31,0.1201,0.8387
T4,native,qm9s_to_sers,fg_lactam,F1,knn,L-tryptophan,0,21,0.1833,0.8095
T4,native,qm9s_to_sers,fg_lactam,F1,knn,L-tyrosine,0,31,0.1375,0.7742
T4,native,qm9s_to_sers,fg_lactam,F1,knn,L-valine,0,31,0.2589,0.8387
T4,native,qm9s_to_sers,fg_lactam,F1,knn,indole+indole-d6,0,4,0.0,0.0
T4,native,qm9s_to_sers,fg_lactam,F1,knn,indole-3-acetic acid,0,1,0.1733,1.0
T4,native,qm9s_to_sers,fg_lactam,F1,knn,isatin,1,1,0.0,0.0
T4,native,qm9s_to_sers,fg_lactam,F1,knn,oxindole,1,1,0.0,0.0
T4,native,qm9s_to_sers,fg_lactam,F1,knn,tryptophol,0,1,0.0855,0.0
T4,native,qm9s_to_sers,fg_lactam,F1pos,majority,8-hydroxyquinoline,0,1,0.0443,0.0
T4,native,qm9s_to_sers,fg_lactam,F1pos,majority,L-alanine,0,31,0.0443,0.0
T4,native,qm9s_to_sers,fg_lactam,F1pos,majority,L-arginine,0,31,0.0443,0.0
T4,native,qm9s_to_sers,fg_lactam,F1pos,majority,L-asparagine,0,31,0.0443,0.0
T4,native,qm9s_to_sers,fg_lactam,F1pos,majority,L-aspartic acid,0,21,0.0443,0.0
T4,native,qm9s_to_sers,fg_lactam,F1pos,majority,L-cysteine,0,31,0.0443,0.0
T4,native,qm9s_to_sers,fg_lactam,F1pos,majority,L-glutamic acid,0,31,0.0443,0.0
T4,native,qm9s_to_sers,fg_lactam,F1pos,majority,L-glutamine,0,31,0.0443,0.0
T4,native,qm9s_to_sers,fg_lactam,F1pos,majority,L-glycine,0,51,0.0443,0.0
T4,native,qm9s_to_sers,fg_lactam,F1pos,majority,L-histidine,0,31,0.0443,0.0
T4,native,qm9s_to_sers,fg_lactam,F1pos,majority,L-isoleucine,0,31,0.0443,0.0
T4,native,qm9s_to_sers,fg_lactam,F1pos,majority,L-leucine,0,31,0.0443,0.0
T4,native,qm9s_to_sers,fg_lactam,F1pos,majority,L-lysine,0,31,0.0443,0.0
T4,native,qm9s_to_sers,fg_lactam,F1pos,majority,L-methionine,0,31,0.0443,0.0
T4,native,qm9s_to_sers,fg_lactam,F1pos,majority,L-phenylalanine,0,31,0.0443,0.0
T4,native,qm9s_to_sers,fg_lactam,F1pos,majority,L-proline,0,31,0.0443,0.0
T4,native,qm9s_to_sers,fg_lactam,F1pos,majority,L-serine,0,21,0.0443,0.0
T4,native,qm9s_to_sers,fg_lactam,F1pos,majority,L-threonine,0,31,0.0443,0.0
T4,native,qm9s_to_sers,fg_lactam,F1pos,majority,L-tryptophan,0,21,0.0443,0.0
T4,native,qm9s_to_sers,fg_lactam,F1pos,majority,L-tyrosine,0,31,0.0443,0.0
T4,native,qm9s_to_sers,fg_lactam,F1pos,majority,L-valine,0,31,0.0443,0.0
T4,native,qm9s_to_sers,fg_lactam,F1pos,majority,indole+indole-d6,0,4,0.0443,0.0
T4,native,qm9s_to_sers,fg_lactam,F1pos,majority,indole-3-acetic acid,0,1,0.0443,0.0
T4,native,qm9s_to_sers,fg_lactam,F1pos,majority,isatin,1,1,0.0443,0.0
T4,native,qm9s_to_sers,fg_lactam,F1pos,majority,oxindole,1,1,0.0443,0.0
T4,native,qm9s_to_sers,fg_lactam,F1pos,majority,tryptophol,0,1,0.0443,0.0
T4,native,qm9s_to_sers,fg_lactam,F1pos,lr,8-hydroxyquinoline,0,1,0.811,1.0
T4,native,qm9s_to_sers,fg_lactam,F1pos,lr,L-alanine,0,31,0.6147,0.8065
T4,native,qm9s_to_sers,fg_lactam,F1pos,lr,L-arginine,0,31,0.5649,0.7097
T4,native,qm9s_to_sers,fg_lactam,F1pos,lr,L-asparagine,0,31,0.6291,0.8065
T4,native,qm9s_to_sers,fg_lactam,F1pos,lr,L-aspartic acid,0,21,0.7711,0.9524
T4,native,qm9s_to_sers,fg_lactam,F1pos,lr,L-cysteine,0,31,0.4185,0.5806
T4,native,qm9s_to_sers,fg_lactam,F1pos,lr,L-glutamic acid,0,31,0.6341,0.7419
T4,native,qm9s_to_sers,fg_lactam,F1pos,lr,L-glutamine,0,31,0.7316,1.0
T4,native,qm9s_to_sers,fg_lactam,F1pos,lr,L-glycine,0,51,0.5712,0.8431
T4,native,qm9s_to_sers,fg_lactam,F1pos,lr,L-histidine,0,31,0.5692,0.7742
T4,native,qm9s_to_sers,fg_lactam,F1pos,lr,L-isoleucine,0,31,0.6769,0.8387
T4,native,qm9s_to_sers,fg_lactam,F1pos,lr,L-leucine,0,31,0.4631,0.3548
T4,native,qm9s_to_sers,fg_lactam,F1pos,lr,L-lysine,0,31,0.7638,1.0
T4,native,qm9s_to_sers,fg_lactam,F1pos,lr,L-methionine,0,31,0.4542,0.5484
T4,native,qm9s_to_sers,fg_lactam,F1pos,lr,L-phenylalanine,0,31,0.5232,0.6452
T4,native,qm9s_to_sers,fg_lactam,F1pos,lr,L-proline,0,31,0.6306,0.871
T4,native,qm9s_to_sers,fg_lactam,F1pos,lr,L-serine,0,21,0.5029,0.4762
T4,native,qm9s_to_sers,fg_lactam,F1pos,lr,L-threonine,0,31,0.6613,0.9355
T4,native,qm9s_to_sers,fg_lactam,F1pos,lr,L-tryptophan,0,21,0.3016,0.1905
T4,native,qm9s_to_sers,fg_lactam,F1pos,lr,L-tyrosine,0,31,0.4434,0.4839
T4,native,qm9s_to_sers,fg_lactam,F1pos,lr,L-valine,0,31,0.412,0.3226
T4,native,qm9s_to_sers,fg_lactam,F1pos,lr,indole+indole-d6,0,4,0.257,0.25
T4,native,qm9s_to_sers,fg_lactam,F1pos,lr,indole-3-acetic acid,0,1,0.7055,1.0
T4,native,qm9s_to_sers,fg_lactam,F1pos,lr,isatin,1,1,0.6357,1.0
T4,native,qm9s_to_sers,fg_lactam,F1pos,lr,oxindole,1,1,0.3292,0.0
T4,native,qm9s_to_sers,fg_lactam,F1pos,lr,tryptophol,0,1,0.3861,0.0
T4,native,qm9s_to_sers,fg_lactam,F1pos,hgb,8-hydroxyquinoline,0,1,0.3117,0.0
T4,native,qm9s_to_sers,fg_lactam,F1pos,hgb,L-alanine,0,31,0.357,0.4516
T4,native,qm9s_to_sers,fg_lactam,F1pos,hgb,L-arginine,0,31,0.3399,0.3548
T4,native,qm9s_to_sers,fg_lactam,F1pos,hgb,L-asparagine,0,31,0.3932,0.3871
T4,native,qm9s_to_sers,fg_lactam,F1pos,hgb,L-aspartic acid,0,21,0.5909,0.9524
T4,native,qm9s_to_sers,fg_lactam,F1pos,hgb,L-cysteine,0,31,0.3794,0.6452
T4,native,qm9s_to_sers,fg_lactam,F1pos,hgb,L-glutamic acid,0,31,0.3453,0.3871
T4,native,qm9s_to_sers,fg_lactam,F1pos,hgb,L-glutamine,0,31,0.5646,1.0
T4,native,qm9s_to_sers,fg_lactam,F1pos,hgb,L-glycine,0,51,0.287,0.3529
T4,native,qm9s_to_sers,fg_lactam,F1pos,hgb,L-histidine,0,31,0.473,0.7419
T4,native,qm9s_to_sers,fg_lactam,F1pos,hgb,L-isoleucine,0,31,0.355,0.4516
T4,native,qm9s_to_sers,fg_lactam,F1pos,hgb,L-leucine,0,31,0.3493,0.3548
T4,native,qm9s_to_sers,fg_lactam,F1pos,hgb,L-lysine,0,31,0.6841,1.0
T4,native,qm9s_to_sers,fg_lactam,F1pos,hgb,L-methionine,0,31,0.4128,0.5484
T4,native,qm9s_to_sers,fg_lactam,F1pos,hgb,L-phenylalanine,0,31,0.4319,0.7742
T4,native,qm9s_to_sers,fg_lactam,F1pos,hgb,L-proline,0,31,0.5143,0.8065
T4,native,qm9s_to_sers,fg_lactam,F1pos,hgb,L-serine,0,21,0.3994,0.4762
T4,native,qm9s_to_sers,fg_lactam,F1pos,hgb,L-threonine,0,31,0.6033,1.0
T4,native,qm9s_to_sers,fg_lactam,F1pos,hgb,L-tryptophan,0,21,0.2621,0.2381
T4,native,qm9s_to_sers,fg_lactam,F1pos,hgb,L-tyrosine,0,31,0.208,0.0
T4,native,qm9s_to_sers,fg_lactam,F1pos,hgb,L-valine,0,31,0.3525,0.3548
T4,native,qm9s_to_sers,fg_lactam,F1pos,hgb,indole+indole-d6,0,4,0.1474,0.0
T4,native,qm9s_to_sers,fg_lactam,F1pos,hgb,indole-3-acetic acid,0,1,0.6951,1.0
T4,native,qm9s_to_sers,fg_lactam,F1pos,hgb,isatin,1,1,0.7332,1.0
T4,native,qm9s_to_sers,fg_lactam,F1pos,hgb,oxindole,1,1,0.1694,0.0
T4,native,qm9s_to_sers,fg_lactam,F1pos,hgb,tryptophol,0,1,0.4911,1.0
T4,native,qm9s_to_sers,fg_lactam,F1pos,knn,8-hydroxyquinoline,0,1,0.0,0.0
T4,native,qm9s_to_sers,fg_lactam,F1pos,knn,L-alanine,0,31,0.0322,0.2581
T4,native,qm9s_to_sers,fg_lactam,F1pos,knn,L-arginine,0,31,0.0535,0.3226
T4,native,qm9s_to_sers,fg_lactam,F1pos,knn,L-asparagine,0,31,0.0574,0.3871
T4,native,qm9s_to_sers,fg_lactam,F1pos,knn,L-aspartic acid,0,21,0.0378,0.3333
T4,native,qm9s_to_sers,fg_lactam,F1pos,knn,L-cysteine,0,31,0.0252,0.1613
T4,native,qm9s_to_sers,fg_lactam,F1pos,knn,L-glutamic acid,0,31,0.076,0.4516
T4,native,qm9s_to_sers,fg_lactam,F1pos,knn,L-glutamine,0,31,0.0571,0.3871
T4,native,qm9s_to_sers,fg_lactam,F1pos,knn,L-glycine,0,51,0.0553,0.2941
T4,native,qm9s_to_sers,fg_lactam,F1pos,knn,L-histidine,0,31,0.0187,0.129
T4,native,qm9s_to_sers,fg_lactam,F1pos,knn,L-isoleucine,0,31,0.044,0.3548
T4,native,qm9s_to_sers,fg_lactam,F1pos,knn,L-leucine,0,31,0.0224,0.1935
T4,native,qm9s_to_sers,fg_lactam,F1pos,knn,L-lysine,0,31,0.0666,0.6129
T4,native,qm9s_to_sers,fg_lactam,F1pos,knn,L-methionine,0,31,0.0356,0.2581
T4,native,qm9s_to_sers,fg_lactam,F1pos,knn,L-phenylalanine,0,31,0.0096,0.0323
T4,native,qm9s_to_sers,fg_lactam,F1pos,knn,L-proline,0,31,0.0224,0.1935
T4,native,qm9s_to_sers,fg_lactam,F1pos,knn,L-serine,0,21,0.052,0.4286
T4,native,qm9s_to_sers,fg_lactam,F1pos,knn,L-threonine,0,31,0.0355,0.3226
T4,native,qm9s_to_sers,fg_lactam,F1pos,knn,L-tryptophan,0,21,0.0854,0.4286
T4,native,qm9s_to_sers,fg_lactam,F1pos,knn,L-tyrosine,0,31,0.0807,0.4194
T4,native,qm9s_to_sers,fg_lactam,F1pos,knn,L-valine,0,31,0.0323,0.2903
T4,native,qm9s_to_sers,fg_lactam,F1pos,knn,indole+indole-d6,0,4,0.0548,0.5
T4,native,qm9s_to_sers,fg_lactam,F1pos,knn,indole-3-acetic acid,0,1,0.212,1.0
T4,native,qm9s_to_sers,fg_lactam,F1pos,knn,isatin,1,1,0.1953,1.0
T4,native,qm9s_to_sers,fg_lactam,F1pos,knn,oxindole,1,1,0.0,0.0
T4,native,qm9s_to_sers,fg_lactam,F1pos,knn,tryptophol,0,1,0.0,0.0
T4,native,qm9s_to_sers,fg_lactam,F2,majority,8-hydroxyquinoline,0,1,0.0443,0.0
T4,native,qm9s_to_sers,fg_lactam,F2,majority,L-alanine,0,31,0.0443,0.0
T4,native,qm9s_to_sers,fg_lactam,F2,majority,L-arginine,0,31,0.0443,0.0
T4,native,qm9s_to_sers,fg_lactam,F2,majority,L-asparagine,0,31,0.0443,0.0
T4,native,qm9s_to_sers,fg_lactam,F2,majority,L-aspartic acid,0,21,0.0443,0.0
T4,native,qm9s_to_sers,fg_lactam,F2,majority,L-cysteine,0,31,0.0443,0.0
T4,native,qm9s_to_sers,fg_lactam,F2,majority,L-glutamic acid,0,31,0.0443,0.0
T4,native,qm9s_to_sers,fg_lactam,F2,majority,L-glutamine,0,31,0.0443,0.0
T4,native,qm9s_to_sers,fg_lactam,F2,majority,L-glycine,0,51,0.0443,0.0
T4,native,qm9s_to_sers,fg_lactam,F2,majority,L-histidine,0,31,0.0443,0.0
T4,native,qm9s_to_sers,fg_lactam,F2,majority,L-isoleucine,0,31,0.0443,0.0
T4,native,qm9s_to_sers,fg_lactam,F2,majority,L-leucine,0,31,0.0443,0.0
T4,native,qm9s_to_sers,fg_lactam,F2,majority,L-lysine,0,31,0.0443,0.0
T4,native,qm9s_to_sers,fg_lactam,F2,majority,L-methionine,0,31,0.0443,0.0
T4,native,qm9s_to_sers,fg_lactam,F2,majority,L-phenylalanine,0,31,0.0443,0.0
T4,native,qm9s_to_sers,fg_lactam,F2,majority,L-proline,0,31,0.0443,0.0
T4,native,qm9s_to_sers,fg_lactam,F2,majority,L-serine,0,21,0.0443,0.0
T4,native,qm9s_to_sers,fg_lactam,F2,majority,L-threonine,0,31,0.0443,0.0
T4,native,qm9s_to_sers,fg_lactam,F2,majority,L-tryptophan,0,21,0.0443,0.0
T4,native,qm9s_to_sers,fg_lactam,F2,majority,L-tyrosine,0,31,0.0443,0.0
T4,native,qm9s_to_sers,fg_lactam,F2,majority,L-valine,0,31,0.0443,0.0
T4,native,qm9s_to_sers,fg_lactam,F2,majority,indole+indole-d6,0,4,0.0443,0.0
T4,native,qm9s_to_sers,fg_lactam,F2,majority,indole-3-acetic acid,0,1,0.0443,0.0
T4,native,qm9s_to_sers,fg_lactam,F2,majority,isatin,1,1,0.0443,0.0
T4,native,qm9s_to_sers,fg_lactam,F2,majority,oxindole,1,1,0.0443,0.0
T4,native,qm9s_to_sers,fg_lactam,F2,majority,tryptophol,0,1,0.0443,0.0
T4,native,qm9s_to_sers,fg_lactam,F2,lr,8-hydroxyquinoline,0,1,0.9981,1.0
T4,native,qm9s_to_sers,fg_lactam,F2,lr,L-alanine,0,31,0.6116,0.871
T4,native,qm9s_to_sers,fg_lactam,F2,lr,L-arginine,0,31,0.639,0.9032
T4,native,qm9s_to_sers,fg_lactam,F2,lr,L-asparagine,0,31,0.6664,0.9677
T4,native,qm9s_to_sers,fg_lactam,F2,lr,L-aspartic acid,0,21,0.687,0.7143
T4,native,qm9s_to_sers,fg_lactam,F2,lr,L-cysteine,0,31,0.3021,0.0
T4,native,qm9s_to_sers,fg_lactam,F2,lr,L-glutamic acid,0,31,0.8484,1.0
T4,native,qm9s_to_sers,fg_lactam,F2,lr,L-glutamine,0,31,0.4826,0.6774
T4,native,qm9s_to_sers,fg_lactam,F2,lr,L-glycine,0,51,0.5574,0.5294
T4,native,qm9s_to_sers,fg_lactam,F2,lr,L-histidine,0,31,0.3825,0.0645
T4,native,qm9s_to_sers,fg_lactam,F2,lr,L-isoleucine,0,31,0.7276,0.9677
T4,native,qm9s_to_sers,fg_lactam,F2,lr,L-leucine,0,31,0.6748,1.0
T4,native,qm9s_to_sers,fg_lactam,F2,lr,L-lysine,0,31,0.4699,0.6774
T4,native,qm9s_to_sers,fg_lactam,F2,lr,L-methionine,0,31,0.4327,0.3871
T4,native,qm9s_to_sers,fg_lactam,F2,lr,L-phenylalanine,0,31,0.4242,0.3226
T4,native,qm9s_to_sers,fg_lactam,F2,lr,L-proline,0,31,0.479,0.3548
T4,native,qm9s_to_sers,fg_lactam,F2,lr,L-serine,0,21,0.8561,0.9524
T4,native,qm9s_to_sers,fg_lactam,F2,lr,L-threonine,0,31,0.4908,0.4839
T4,native,qm9s_to_sers,fg_lactam,F2,lr,L-tryptophan,0,21,0.4764,0.4762
T4,native,qm9s_to_sers,fg_lactam,F2,lr,L-tyrosine,0,31,0.6759,0.9677
T4,native,qm9s_to_sers,fg_lactam,F2,lr,L-valine,0,31,0.5574,0.9677
T4,native,qm9s_to_sers,fg_lactam,F2,lr,indole+indole-d6,0,4,0.2534,0.25
T4,native,qm9s_to_sers,fg_lactam,F2,lr,indole-3-acetic acid,0,1,0.9989,1.0
T4,native,qm9s_to_sers,fg_lactam,F2,lr,isatin,1,1,0.6223,1.0
T4,native,qm9s_to_sers,fg_lactam,F2,lr,oxindole,1,1,0.0063,0.0
T4,native,qm9s_to_sers,fg_lactam,F2,lr,tryptophol,0,1,0.7669,1.0
T4,native,qm9s_to_sers,fg_lactam,F2,hgb,8-hydroxyquinoline,0,1,0.332,1.0
T4,native,qm9s_to_sers,fg_lactam,F2,hgb,L-alanine,0,31,0.4503,0.9032
T4,native,qm9s_to_sers,fg_lactam,F2,hgb,L-arginine,0,31,0.4039,1.0
T4,native,qm9s_to_sers,fg_lactam,F2,hgb,L-asparagine,0,31,0.4637,0.8387
T4,native,qm9s_to_sers,fg_lactam,F2,hgb,L-aspartic acid,0,21,0.5554,1.0
T4,native,qm9s_to_sers,fg_lactam,F2,hgb,L-cysteine,0,31,0.3273,0.7742
T4,native,qm9s_to_sers,fg_lactam,F2,hgb,L-glutamic acid,0,31,0.3322,0.9032
T4,native,qm9s_to_sers,fg_lactam,F2,hgb,L-glutamine,0,31,0.584,1.0
T4,native,qm9s_to_sers,fg_lactam,F2,hgb,L-glycine,0,51,0.3903,0.8235
T4,native,qm9s_to_sers,fg_lactam,F2,hgb,L-histidine,0,31,0.4134,0.9355
T4,native,qm9s_to_sers,fg_lactam,F2,hgb,L-isoleucine,0,31,0.4098,0.9677
T4,native,qm9s_to_sers,fg_lactam,F2,hgb,L-leucine,0,31,0.3858,0.8065
T4,native,qm9s_to_sers,fg_lactam,F2,hgb,L-lysine,0,31,0.6294,1.0
T4,native,qm9s_to_sers,fg_lactam,F2,hgb,L-methionine,0,31,0.3231,0.7097
T4,native,qm9s_to_sers,fg_lactam,F2,hgb,L-phenylalanine,0,31,0.5667,1.0
T4,native,qm9s_to_sers,fg_lactam,F2,hgb,L-proline,0,31,0.6312,1.0
T4,native,qm9s_to_sers,fg_lactam,F2,hgb,L-serine,0,21,0.2398,0.5238
T4,native,qm9s_to_sers,fg_lactam,F2,hgb,L-threonine,0,31,0.5164,0.9355
T4,native,qm9s_to_sers,fg_lactam,F2,hgb,L-tryptophan,0,21,0.108,0.0476
T4,native,qm9s_to_sers,fg_lactam,F2,hgb,L-tyrosine,0,31,0.4215,1.0
T4,native,qm9s_to_sers,fg_lactam,F2,hgb,L-valine,0,31,0.329,0.5484
T4,native,qm9s_to_sers,fg_lactam,F2,hgb,indole+indole-d6,0,4,0.0787,0.0
T4,native,qm9s_to_sers,fg_lactam,F2,hgb,indole-3-acetic acid,0,1,0.2287,1.0
T4,native,qm9s_to_sers,fg_lactam,F2,hgb,isatin,1,1,0.145,0.0
T4,native,qm9s_to_sers,fg_lactam,F2,hgb,oxindole,1,1,0.1827,1.0
T4,native,qm9s_to_sers,fg_lactam,F2,hgb,tryptophol,0,1,0.4249,1.0
T4,native,qm9s_to_sers,fg_lactam,F2,knn,8-hydroxyquinoline,0,1,0.0911,1.0
T4,native,qm9s_to_sers,fg_lactam,F2,knn,L-alanine,0,31,0.1489,0.7097
T4,native,qm9s_to_sers,fg_lactam,F2,knn,L-arginine,0,31,0.1872,0.9677
T4,native,qm9s_to_sers,fg_lactam,F2,knn,L-asparagine,0,31,0.177,0.8387
T4,native,qm9s_to_sers,fg_lactam,F2,knn,L-aspartic acid,0,21,0.0762,0.4762
T4,native,qm9s_to_sers,fg_lactam,F2,knn,L-cysteine,0,31,0.0712,0.5484
T4,native,qm9s_to_sers,fg_lactam,F2,knn,L-glutamic acid,0,31,0.0859,0.3871
T4,native,qm9s_to_sers,fg_lactam,F2,knn,L-glutamine,0,31,0.1091,0.6774
T4,native,qm9s_to_sers,fg_lactam,F2,knn,L-glycine,0,51,0.1313,0.7255
T4,native,qm9s_to_sers,fg_lactam,F2,knn,L-histidine,0,31,0.1045,0.5806
T4,native,qm9s_to_sers,fg_lactam,F2,knn,L-isoleucine,0,31,0.1062,0.7419
T4,native,qm9s_to_sers,fg_lactam,F2,knn,L-leucine,0,31,0.2052,0.9677
T4,native,qm9s_to_sers,fg_lactam,F2,knn,L-lysine,0,31,0.127,0.8387
T4,native,qm9s_to_sers,fg_lactam,F2,knn,L-methionine,0,31,0.0415,0.3548
T4,native,qm9s_to_sers,fg_lactam,F2,knn,L-phenylalanine,0,31,0.0919,0.8387
T4,native,qm9s_to_sers,fg_lactam,F2,knn,L-proline,0,31,0.0905,0.5806
T4,native,qm9s_to_sers,fg_lactam,F2,knn,L-serine,0,21,0.0653,0.5714
T4,native,qm9s_to_sers,fg_lactam,F2,knn,L-threonine,0,31,0.1372,0.7742
T4,native,qm9s_to_sers,fg_lactam,F2,knn,L-tryptophan,0,21,0.1415,0.9524
T4,native,qm9s_to_sers,fg_lactam,F2,knn,L-tyrosine,0,31,0.1514,0.8387
T4,native,qm9s_to_sers,fg_lactam,F2,knn,L-valine,0,31,0.1385,0.8065
T4,native,qm9s_to_sers,fg_lactam,F2,knn,indole+indole-d6,0,4,0.0,0.0
T4,native,qm9s_to_sers,fg_lactam,F2,knn,indole-3-acetic acid,0,1,0.091,1.0
T4,native,qm9s_to_sers,fg_lactam,F2,knn,isatin,1,1,0.297,1.0
T4,native,qm9s_to_sers,fg_lactam,F2,knn,oxindole,1,1,0.0,0.0
T4,native,qm9s_to_sers,fg_lactam,F2,knn,tryptophol,0,1,0.0953,1.0
T4,native,qm9s_to_sers,fg_lactam,F3,majority,8-hydroxyquinoline,0,1,0.0443,0.0
T4,native,qm9s_to_sers,fg_lactam,F3,majority,L-alanine,0,31,0.0443,0.0
T4,native,qm9s_to_sers,fg_lactam,F3,majority,L-arginine,0,31,0.0443,0.0
T4,native,qm9s_to_sers,fg_lactam,F3,majority,L-asparagine,0,31,0.0443,0.0
T4,native,qm9s_to_sers,fg_lactam,F3,majority,L-aspartic acid,0,21,0.0443,0.0
T4,native,qm9s_to_sers,fg_lactam,F3,majority,L-cysteine,0,31,0.0443,0.0
T4,native,qm9s_to_sers,fg_lactam,F3,majority,L-glutamic acid,0,31,0.0443,0.0
T4,native,qm9s_to_sers,fg_lactam,F3,majority,L-glutamine,0,31,0.0443,0.0
T4,native,qm9s_to_sers,fg_lactam,F3,majority,L-glycine,0,51,0.0443,0.0
T4,native,qm9s_to_sers,fg_lactam,F3,majority,L-histidine,0,31,0.0443,0.0
T4,native,qm9s_to_sers,fg_lactam,F3,majority,L-isoleucine,0,31,0.0443,0.0
T4,native,qm9s_to_sers,fg_lactam,F3,majority,L-leucine,0,31,0.0443,0.0
T4,native,qm9s_to_sers,fg_lactam,F3,majority,L-lysine,0,31,0.0443,0.0
T4,native,qm9s_to_sers,fg_lactam,F3,majority,L-methionine,0,31,0.0443,0.0
T4,native,qm9s_to_sers,fg_lactam,F3,majority,L-phenylalanine,0,31,0.0443,0.0
T4,native,qm9s_to_sers,fg_lactam,F3,majority,L-proline,0,31,0.0443,0.0
T4,native,qm9s_to_sers,fg_lactam,F3,majority,L-serine,0,21,0.0443,0.0
T4,native,qm9s_to_sers,fg_lactam,F3,majority,L-threonine,0,31,0.0443,0.0
T4,native,qm9s_to_sers,fg_lactam,F3,majority,L-tryptophan,0,21,0.0443,0.0
T4,native,qm9s_to_sers,fg_lactam,F3,majority,L-tyrosine,0,31,0.0443,0.0
T4,native,qm9s_to_sers,fg_lactam,F3,majority,L-valine,0,31,0.0443,0.0
T4,native,qm9s_to_sers,fg_lactam,F3,majority,indole+indole-d6,0,4,0.0443,0.0
T4,native,qm9s_to_sers,fg_lactam,F3,majority,indole-3-acetic acid,0,1,0.0443,0.0
T4,native,qm9s_to_sers,fg_lactam,F3,majority,isatin,1,1,0.0443,0.0
T4,native,qm9s_to_sers,fg_lactam,F3,majority,oxindole,1,1,0.0443,0.0
T4,native,qm9s_to_sers,fg_lactam,F3,majority,tryptophol,0,1,0.0443,0.0
T4,native,qm9s_to_sers,fg_lactam,F3,lr,8-hydroxyquinoline,0,1,0.9935,1.0
T4,native,qm9s_to_sers,fg_lactam,F3,lr,L-alanine,0,31,0.7657,1.0
T4,native,qm9s_to_sers,fg_lactam,F3,lr,L-arginine,0,31,0.7382,1.0
T4,native,qm9s_to_sers,fg_lactam,F3,lr,L-asparagine,0,31,0.7404,1.0
T4,native,qm9s_to_sers,fg_lactam,F3,lr,L-aspartic acid,0,21,0.6728,1.0
T4,native,qm9s_to_sers,fg_lactam,F3,lr,L-cysteine,0,31,0.4567,0.7742
T4,native,qm9s_to_sers,fg_lactam,F3,lr,L-glutamic acid,0,31,0.9284,1.0
T4,native,qm9s_to_sers,fg_lactam,F3,lr,L-glutamine,0,31,0.546,1.0
T4,native,qm9s_to_sers,fg_lactam,F3,lr,L-glycine,0,51,0.6898,1.0
T4,native,qm9s_to_sers,fg_lactam,F3,lr,L-histidine,0,31,0.5052,1.0
T4,native,qm9s_to_sers,fg_lactam,F3,lr,L-isoleucine,0,31,0.8278,1.0
T4,native,qm9s_to_sers,fg_lactam,F3,lr,L-leucine,0,31,0.7927,1.0
T4,native,qm9s_to_sers,fg_lactam,F3,lr,L-lysine,0,31,0.549,1.0
T4,native,qm9s_to_sers,fg_lactam,F3,lr,L-methionine,0,31,0.5706,0.9355
T4,native,qm9s_to_sers,fg_lactam,F3,lr,L-phenylalanine,0,31,0.4778,0.8387
T4,native,qm9s_to_sers,fg_lactam,F3,lr,L-proline,0,31,0.5536,1.0
T4,native,qm9s_to_sers,fg_lactam,F3,lr,L-serine,0,21,0.901,0.9524
T4,native,qm9s_to_sers,fg_lactam,F3,lr,L-threonine,0,31,0.5723,0.9355
T4,native,qm9s_to_sers,fg_lactam,F3,lr,L-tryptophan,0,21,0.6146,0.5238
T4,native,qm9s_to_sers,fg_lactam,F3,lr,L-tyrosine,0,31,0.7992,0.9677
T4,native,qm9s_to_sers,fg_lactam,F3,lr,L-valine,0,31,0.6881,1.0
T4,native,qm9s_to_sers,fg_lactam,F3,lr,indole+indole-d6,0,4,0.7657,0.75
T4,native,qm9s_to_sers,fg_lactam,F3,lr,indole-3-acetic acid,0,1,0.9972,1.0
T4,native,qm9s_to_sers,fg_lactam,F3,lr,isatin,1,1,0.6115,1.0
T4,native,qm9s_to_sers,fg_lactam,F3,lr,oxindole,1,1,0.564,1.0
T4,native,qm9s_to_sers,fg_lactam,F3,lr,tryptophol,0,1,0.8132,1.0
T4,native,qm9s_to_sers,fg_lactam,F3,hgb,8-hydroxyquinoline,0,1,0.1539,0.0
T4,native,qm9s_to_sers,fg_lactam,F3,hgb,L-alanine,0,31,0.4099,0.8065
T4,native,qm9s_to_sers,fg_lactam,F3,hgb,L-arginine,0,31,0.388,0.8387
T4,native,qm9s_to_sers,fg_lactam,F3,hgb,L-asparagine,0,31,0.2905,0.5484
T4,native,qm9s_to_sers,fg_lactam,F3,hgb,L-aspartic acid,0,21,0.3481,0.7143
T4,native,qm9s_to_sers,fg_lactam,F3,hgb,L-cysteine,0,31,0.4195,0.8387
T4,native,qm9s_to_sers,fg_lactam,F3,hgb,L-glutamic acid,0,31,0.3158,0.6452
T4,native,qm9s_to_sers,fg_lactam,F3,hgb,L-glutamine,0,31,0.5152,0.871
T4,native,qm9s_to_sers,fg_lactam,F3,hgb,L-glycine,0,51,0.3472,0.7451
T4,native,qm9s_to_sers,fg_lactam,F3,hgb,L-histidine,0,31,0.4815,0.8387
T4,native,qm9s_to_sers,fg_lactam,F3,hgb,L-isoleucine,0,31,0.3922,0.8065
T4,native,qm9s_to_sers,fg_lactam,F3,hgb,L-leucine,0,31,0.3429,0.871
T4,native,qm9s_to_sers,fg_lactam,F3,hgb,L-lysine,0,31,0.2451,0.4516
T4,native,qm9s_to_sers,fg_lactam,F3,hgb,L-methionine,0,31,0.4074,0.8387
T4,native,qm9s_to_sers,fg_lactam,F3,hgb,L-phenylalanine,0,31,0.3235,0.5161
T4,native,qm9s_to_sers,fg_lactam,F3,hgb,L-proline,0,31,0.3603,0.6774
T4,native,qm9s_to_sers,fg_lactam,F3,hgb,L-serine,0,21,0.3027,0.5238
T4,native,qm9s_to_sers,fg_lactam,F3,hgb,L-threonine,0,31,0.2996,0.4839
T4,native,qm9s_to_sers,fg_lactam,F3,hgb,L-tryptophan,0,21,0.1841,0.4286
T4,native,qm9s_to_sers,fg_lactam,F3,hgb,L-tyrosine,0,31,0.2863,0.5806
T4,native,qm9s_to_sers,fg_lactam,F3,hgb,L-valine,0,31,0.2878,0.6129
T4,native,qm9s_to_sers,fg_lactam,F3,hgb,indole+indole-d6,0,4,0.0806,0.0
T4,native,qm9s_to_sers,fg_lactam,F3,hgb,indole-3-acetic acid,0,1,0.2358,0.0
T4,native,qm9s_to_sers,fg_lactam,F3,hgb,isatin,1,1,0.0843,0.0
T4,native,qm9s_to_sers,fg_lactam,F3,hgb,oxindole,1,1,0.1062,0.0
T4,native,qm9s_to_sers,fg_lactam,F3,hgb,tryptophol,0,1,0.5727,1.0
T4,native,qm9s_to_sers,fg_lactam,F3,knn,8-hydroxyquinoline,0,1,0.1032,1.0
T4,native,qm9s_to_sers,fg_lactam,F3,knn,L-alanine,0,31,0.0519,0.3548
T4,native,qm9s_to_sers,fg_lactam,F3,knn,L-arginine,0,31,0.039,0.3871
T4,native,qm9s_to_sers,fg_lactam,F3,knn,L-asparagine,0,31,0.0232,0.2581
T4,native,qm9s_to_sers,fg_lactam,F3,knn,L-aspartic acid,0,21,0.0131,0.1429
T4,native,qm9s_to_sers,fg_lactam,F3,knn,L-cysteine,0,31,0.0494,0.3226
T4,native,qm9s_to_sers,fg_lactam,F3,knn,L-glutamic acid,0,31,0.0407,0.3226
T4,native,qm9s_to_sers,fg_lactam,F3,knn,L-glutamine,0,31,0.018,0.1935
T4,native,qm9s_to_sers,fg_lactam,F3,knn,L-glycine,0,51,0.0459,0.4902
T4,native,qm9s_to_sers,fg_lactam,F3,knn,L-histidine,0,31,0.006,0.0645
T4,native,qm9s_to_sers,fg_lactam,F3,knn,L-isoleucine,0,31,0.0393,0.3548
T4,native,qm9s_to_sers,fg_lactam,F3,knn,L-leucine,0,31,0.1329,0.7097
T4,native,qm9s_to_sers,fg_lactam,F3,knn,L-lysine,0,31,0.0911,0.9677
T4,native,qm9s_to_sers,fg_lactam,F3,knn,L-methionine,0,31,0.0031,0.0323
T4,native,qm9s_to_sers,fg_lactam,F3,knn,L-phenylalanine,0,31,0.0641,0.6774
T4,native,qm9s_to_sers,fg_lactam,F3,knn,L-proline,0,31,0.0089,0.0968
T4,native,qm9s_to_sers,fg_lactam,F3,knn,L-serine,0,21,0.1235,0.7619
T4,native,qm9s_to_sers,fg_lactam,F3,knn,L-threonine,0,31,0.012,0.129
T4,native,qm9s_to_sers,fg_lactam,F3,knn,L-tryptophan,0,21,0.1774,0.9524
T4,native,qm9s_to_sers,fg_lactam,F3,knn,L-tyrosine,0,31,0.0608,0.5806
T4,native,qm9s_to_sers,fg_lactam,F3,knn,L-valine,0,31,0.1053,1.0
T4,native,qm9s_to_sers,fg_lactam,F3,knn,indole+indole-d6,0,4,0.0491,0.5
T4,native,qm9s_to_sers,fg_lactam,F3,knn,indole-3-acetic acid,0,1,0.1049,1.0
T4,native,qm9s_to_sers,fg_lactam,F3,knn,isatin,1,1,0.1025,1.0
T4,native,qm9s_to_sers,fg_lactam,F3,knn,oxindole,1,1,0.0952,1.0
T4,native,qm9s_to_sers,fg_lactam,F3,knn,tryptophol,0,1,0.0,0.0
