method,position,layer,label,C,set,centred,auroc
baseline_lr,-,-1,fg_primary_amine,0.001,qm9s_val,0,0.7136
baseline_lr,-,-1,fg_primary_amine,0.001,R0,0,0.6591
baseline_lr,-,-1,fg_primary_amine,0.001,R2,0,0.6316
baseline_lr,-,-1,fg_primary_amine,0.001,R2,1,0.6316
baseline_lr,-,-1,fg_primary_amine,0.001,R3,0,0.2632
baseline_lr,-,-1,fg_primary_amine,0.001,R3,1,0.2632
baseline_lr,-,-1,fg_primary_amine,0.001,R4,0,0.8947
baseline_lr,-,-1,fg_primary_amine,0.001,R4,1,0.8947
baseline_lr,-,-1,fg_primary_amine,0.001,R5,0,0.8947
baseline_lr,-,-1,fg_primary_amine,0.001,R5,1,0.8947
baseline_lr,-,-1,fg_primary_amine,0.001,R6,0,0.8947
baseline_lr,-,-1,fg_primary_amine,0.001,R6,1,0.8947
baseline_lr,-,-1,fg_primary_amine,0.001,R8,0,0.3158
baseline_lr,-,-1,fg_primary_amine,0.001,R8,1,0.3158
baseline_lr,-,-1,fg_primary_amine,0.001,R9,0,0.7368
baseline_lr,-,-1,fg_primary_amine,0.001,R9,1,0.7368
baseline_lr,-,-1,fg_secondary_amine,0.001,qm9s_val,0,0.7058
baseline_lr,-,-1,fg_secondary_amine,0.001,R0,0,0.7138
baseline_lr,-,-1,fg_secondary_amine,0.001,R2,0,0.5263
baseline_lr,-,-1,fg_secondary_amine,0.001,R2,1,0.5263
baseline_lr,-,-1,fg_secondary_amine,0.001,R3,0,0.8421
baseline_lr,-,-1,fg_secondary_amine,0.001,R3,1,0.8421
baseline_lr,-,-1,fg_secondary_amine,0.001,R4,0,1.0
baseline_lr,-,-1,fg_secondary_amine,0.001,R4,1,1.0
baseline_lr,-,-1,fg_secondary_amine,0.001,R5,0,0.8947
baseline_lr,-,-1,fg_secondary_amine,0.001,R5,1,0.8947
baseline_lr,-,-1,fg_secondary_amine,0.001,R6,0,0.6842
baseline_lr,-,-1,fg_secondary_amine,0.001,R6,1,0.6842
baseline_lr,-,-1,fg_secondary_amine,0.001,R8,0,0.8947
baseline_lr,-,-1,fg_secondary_amine,0.001,R8,1,0.8947
baseline_lr,-,-1,fg_secondary_amine,0.001,R9,0,0.6316
baseline_lr,-,-1,fg_secondary_amine,0.001,R9,1,0.6316
baseline_lr,-,-1,fg_amide,0.001,qm9s_val,0,0.731
baseline_lr,-,-1,fg_amide,0.001,R0,0,0.754
baseline_lr,-,-1,fg_amide,0.001,R2,0,0.9722
baseline_lr,-,-1,fg_amide,0.001,R2,1,0.9722
baseline_lr,-,-1,fg_amide,0.001,R3,0,0.5556
baseline_lr,-,-1,fg_amide,0.001,R3,1,0.5556
baseline_lr,-,-1,fg_amide,0.001,R4,0,0.6667
baseline_lr,-,-1,fg_amide,0.001,R4,1,0.6667
baseline_lr,-,-1,fg_amide,0.001,R5,0,0.8056
baseline_lr,-,-1,fg_amide,0.001,R5,1,0.8056
baseline_lr,-,-1,fg_amide,0.001,R6,0,0.8333
baseline_lr,-,-1,fg_amide,0.001,R6,1,0.8333
baseline_lr,-,-1,fg_amide,0.001,R8,0,0.75
baseline_lr,-,-1,fg_amide,0.001,R8,1,0.75
baseline_lr,-,-1,fg_amide,0.001,R9,0,0.5278
baseline_lr,-,-1,fg_amide,0.001,R9,1,0.5
baseline_lr,-,-1,fg_guanidine,0.001,qm9s_val,0,0.9386
baseline_lr,-,-1,fg_guanidine,0.001,R0,0,0.9567
baseline_lr,-,-1,fg_guanidine,0.001,R2,0,0.9474
baseline_lr,-,-1,fg_guanidine,0.001,R2,1,0.9474
baseline_lr,-,-1,fg_guanidine,0.001,R3,0,0.4211
baseline_lr,-,-1,fg_guanidine,0.001,R3,1,0.4211
baseline_lr,-,-1,fg_guanidine,0.001,R4,0,0.1053
baseline_lr,-,-1,fg_guanidine,0.001,R4,1,0.1053
baseline_lr,-,-1,fg_guanidine,0.001,R5,0,0.1579
baseline_lr,-,-1,fg_guanidine,0.001,R5,1,0.1579
baseline_lr,-,-1,fg_guanidine,0.001,R6,0,0.4211
baseline_lr,-,-1,fg_guanidine,0.001,R6,1,0.4211
baseline_lr,-,-1,fg_guanidine,0.001,R8,0,0.7368
baseline_lr,-,-1,fg_guanidine,0.001,R8,1,0.7368
baseline_lr,-,-1,fg_guanidine,0.001,R9,0,0.6316
baseline_lr,-,-1,fg_guanidine,0.001,R9,1,0.6316
baseline_lr,-,-1,fg_hydroxyl_aliphatic,0.001,qm9s_val,0,0.6822
baseline_lr,-,-1,fg_hydroxyl_aliphatic,0.001,R0,0,0.6868
baseline_lr,-,-1,fg_hydroxyl_aliphatic,0.001,R2,0,0.8056
baseline_lr,-,-1,fg_hydroxyl_aliphatic,0.001,R2,1,0.8056
baseline_lr,-,-1,fg_hydroxyl_aliphatic,0.001,R3,0,0.6389
baseline_lr,-,-1,fg_hydroxyl_aliphatic,0.001,R3,1,0.6389
baseline_lr,-,-1,fg_hydroxyl_aliphatic,0.001,R4,0,0.75
baseline_lr,-,-1,fg_hydroxyl_aliphatic,0.001,R4,1,0.75
baseline_lr,-,-1,fg_hydroxyl_aliphatic,0.001,R5,0,0.8056
baseline_lr,-,-1,fg_hydroxyl_aliphatic,0.001,R5,1,0.8056
baseline_lr,-,-1,fg_hydroxyl_aliphatic,0.001,R6,0,0.75
baseline_lr,-,-1,fg_hydroxyl_aliphatic,0.001,R6,1,0.75
baseline_lr,-,-1,fg_hydroxyl_aliphatic,0.001,R8,0,0.3333
baseline_lr,-,-1,fg_hydroxyl_aliphatic,0.001,R8,1,0.3333
baseline_lr,-,-1,fg_hydroxyl_aliphatic,0.001,R9,0,0.6111
baseline_lr,-,-1,fg_hydroxyl_aliphatic,0.001,R9,1,0.6389
baseline_lr,-,-1,fg_phenol,0.001,qm9s_val,0,0.9325
baseline_lr,-,-1,fg_phenol,0.001,R0,0,0.9063
baseline_lr,-,-1,fg_phenol,0.001,R2,0,0.9474
baseline_lr,-,-1,fg_phenol,0.001,R2,1,0.9474
baseline_lr,-,-1,fg_phenol,0.001,R3,0,0.8421
baseline_lr,-,-1,fg_phenol,0.001,R3,1,0.8421
baseline_lr,-,-1,fg_phenol,0.001,R4,0,0.8421
baseline_lr,-,-1,fg_phenol,0.001,R4,1,0.8421
baseline_lr,-,-1,fg_phenol,0.001,R5,0,0.6316
baseline_lr,-,-1,fg_phenol,0.001,R5,1,0.6316
baseline_lr,-,-1,fg_phenol,0.001,R6,0,0.5263
baseline_lr,-,-1,fg_phenol,0.001,R6,1,0.5263
baseline_lr,-,-1,fg_phenol,0.001,R8,0,0.1579
baseline_lr,-,-1,fg_phenol,0.001,R8,1,0.1579
baseline_lr,-,-1,fg_phenol,0.001,R9,0,0.8421
baseline_lr,-,-1,fg_phenol,0.001,R9,1,0.8421
baseline_lr,-,-1,fg_aromatic_ring,0.001,qm9s_val,0,0.9638
baseline_lr,-,-1,fg_aromatic_ring,0.001,R0,0,0.9688
baseline_lr,-,-1,fg_aromatic_ring,0.001,R2,0,1.0
baseline_lr,-,-1,fg_aromatic_ring,0.001,R2,1,1.0
baseline_lr,-,-1,fg_aromatic_ring,0.001,R3,0,0.9688
baseline_lr,-,-1,fg_aromatic_ring,0.001,R3,1,0.9688
baseline_lr,-,-1,fg_aromatic_ring,0.001,R4,0,0.875
baseline_lr,-,-1,fg_aromatic_ring,0.001,R4,1,0.875
baseline_lr,-,-1,fg_aromatic_ring,0.001,R5,0,0.7969
baseline_lr,-,-1,fg_aromatic_ring,0.001,R5,1,0.7969
baseline_lr,-,-1,fg_aromatic_ring,0.001,R6,0,0.8281
baseline_lr,-,-1,fg_aromatic_ring,0.001,R6,1,0.8281
baseline_lr,-,-1,fg_aromatic_ring,0.001,R8,0,0.75
baseline_lr,-,-1,fg_aromatic_ring,0.001,R8,1,0.75
baseline_lr,-,-1,fg_aromatic_ring,0.001,R9,0,0.5625
baseline_lr,-,-1,fg_aromatic_ring,0.001,R9,1,0.5625
baseline_lr,-,-1,fg_benzene_ring,0.001,qm9s_val,0,0.969
baseline_lr,-,-1,fg_benzene_ring,0.001,R0,0,0.9827
baseline_lr,-,-1,fg_benzene_ring,0.001,R2,0,1.0
baseline_lr,-,-1,fg_benzene_ring,0.001,R2,1,1.0
baseline_lr,-,-1,fg_benzene_ring,0.001,R3,0,0.9608
baseline_lr,-,-1,fg_benzene_ring,0.001,R3,1,0.9608
baseline_lr,-,-1,fg_benzene_ring,0.001,R4,0,0.8824
baseline_lr,-,-1,fg_benzene_ring,0.001,R4,1,0.8824
baseline_lr,-,-1,fg_benzene_ring,0.001,R5,0,0.902
baseline_lr,-,-1,fg_benzene_ring,0.001,R5,1,0.902
baseline_lr,-,-1,fg_benzene_ring,0.001,R6,0,0.8824
baseline_lr,-,-1,fg_benzene_ring,0.001,R6,1,0.8824
baseline_lr,-,-1,fg_benzene_ring,0.001,R8,0,0.451
baseline_lr,-,-1,fg_benzene_ring,0.001,R8,1,0.451
baseline_lr,-,-1,fg_benzene_ring,0.001,R9,0,0.3137
baseline_lr,-,-1,fg_benzene_ring,0.001,R9,1,0.2941
baseline_lr,-,-1,fg_pyrrole_ring,0.001,qm9s_val,0,0.9534
baseline_lr,-,-1,fg_pyrrole_ring,0.001,R0,0,0.9466
baseline_lr,-,-1,fg_pyrrole_ring,0.001,R2,0,1.0
baseline_lr,-,-1,fg_pyrrole_ring,0.001,R2,1,1.0
baseline_lr,-,-1,fg_pyrrole_ring,0.001,R3,0,1.0
baseline_lr,-,-1,fg_pyrrole_ring,0.001,R3,1,1.0
baseline_lr,-,-1,fg_pyrrole_ring,0.001,R4,0,1.0
baseline_lr,-,-1,fg_pyrrole_ring,0.001,R4,1,1.0
baseline_lr,-,-1,fg_pyrrole_ring,0.001,R5,0,1.0
baseline_lr,-,-1,fg_pyrrole_ring,0.001,R5,1,1.0
baseline_lr,-,-1,fg_pyrrole_ring,0.001,R6,0,1.0
baseline_lr,-,-1,fg_pyrrole_ring,0.001,R6,1,1.0
baseline_lr,-,-1,fg_pyrrole_ring,0.001,R8,0,1.0
baseline_lr,-,-1,fg_pyrrole_ring,0.001,R8,1,1.0
baseline_lr,-,-1,fg_pyrrole_ring,0.001,R9,0,0.9474
baseline_lr,-,-1,fg_pyrrole_ring,0.001,R9,1,0.9474
baseline_lr,-,-1,fg_imidazole_ring,0.001,qm9s_val,0,0.9283
baseline_lr,-,-1,fg_imidazole_ring,0.001,R0,0,0.9355
baseline_lr,-,-1,fg_imidazole_ring,0.001,R2,0,1.0
baseline_lr,-,-1,fg_imidazole_ring,0.001,R2,1,1.0
baseline_lr,-,-1,fg_imidazole_ring,0.001,R3,0,0.9474
baseline_lr,-,-1,fg_imidazole_ring,0.001,R3,1,0.9474
baseline_lr,-,-1,fg_imidazole_ring,0.001,R4,0,1.0
baseline_lr,-,-1,fg_imidazole_ring,0.001,R4,1,1.0
baseline_lr,-,-1,fg_imidazole_ring,0.001,R5,0,1.0
baseline_lr,-,-1,fg_imidazole_ring,0.001,R5,1,1.0
baseline_lr,-,-1,fg_imidazole_ring,0.001,R6,0,1.0
baseline_lr,-,-1,fg_imidazole_ring,0.001,R6,1,1.0
baseline_lr,-,-1,fg_imidazole_ring,0.001,R8,0,0.5263
baseline_lr,-,-1,fg_imidazole_ring,0.001,R8,1,0.5263
baseline_lr,-,-1,fg_imidazole_ring,0.001,R9,0,0.8947
baseline_lr,-,-1,fg_imidazole_ring,0.001,R9,1,0.8947
probe_lr,last,0,fg_primary_amine,0.001,qm9s_val,0,0.5
probe_lr,last,0,fg_primary_amine,0.001,R0,0,0.5
probe_lr,last,0,fg_primary_amine,0.001,R2,0,0.5
probe_lr,last,0,fg_primary_amine,0.001,R2,1,0.5
probe_lr,last,0,fg_primary_amine,0.001,R3,0,0.5
probe_lr,last,0,fg_primary_amine,0.001,R3,1,0.5
probe_lr,last,0,fg_primary_amine,0.001,R4,0,0.5
probe_lr,last,0,fg_primary_amine,0.001,R4,1,0.5
probe_lr,last,0,fg_primary_amine,0.001,R5,0,0.5
probe_lr,last,0,fg_primary_amine,0.001,R5,1,0.5
probe_lr,last,0,fg_primary_amine,0.001,R6,0,0.5
probe_lr,last,0,fg_primary_amine,0.001,R6,1,0.5
probe_lr,last,0,fg_primary_amine,0.001,R8,0,0.5
probe_lr,last,0,fg_primary_amine,0.001,R8,1,0.5
probe_lr,last,0,fg_primary_amine,0.001,R9,0,0.5
probe_lr,last,0,fg_primary_amine,0.001,R9,1,0.5
probe_lr,last,0,fg_secondary_amine,0.001,qm9s_val,0,0.5
probe_lr,last,0,fg_secondary_amine,0.001,R0,0,0.5
probe_lr,last,0,fg_secondary_amine,0.001,R2,0,0.5
probe_lr,last,0,fg_secondary_amine,0.001,R2,1,0.5
probe_lr,last,0,fg_secondary_amine,0.001,R3,0,0.5
probe_lr,last,0,fg_secondary_amine,0.001,R3,1,0.5
probe_lr,last,0,fg_secondary_amine,0.001,R4,0,0.5
probe_lr,last,0,fg_secondary_amine,0.001,R4,1,0.5
probe_lr,last,0,fg_secondary_amine,0.001,R5,0,0.5
probe_lr,last,0,fg_secondary_amine,0.001,R5,1,0.5
probe_lr,last,0,fg_secondary_amine,0.001,R6,0,0.5
probe_lr,last,0,fg_secondary_amine,0.001,R6,1,0.5
probe_lr,last,0,fg_secondary_amine,0.001,R8,0,0.5
probe_lr,last,0,fg_secondary_amine,0.001,R8,1,0.5
probe_lr,last,0,fg_secondary_amine,0.001,R9,0,0.5
probe_lr,last,0,fg_secondary_amine,0.001,R9,1,0.5
probe_lr,last,0,fg_amide,0.001,qm9s_val,0,0.5
probe_lr,last,0,fg_amide,0.001,R0,0,0.5
probe_lr,last,0,fg_amide,0.001,R2,0,0.5
probe_lr,last,0,fg_amide,0.001,R2,1,0.5
probe_lr,last,0,fg_amide,0.001,R3,0,0.5
probe_lr,last,0,fg_amide,0.001,R3,1,0.5
probe_lr,last,0,fg_amide,0.001,R4,0,0.5
probe_lr,last,0,fg_amide,0.001,R4,1,0.5
probe_lr,last,0,fg_amide,0.001,R5,0,0.5
probe_lr,last,0,fg_amide,0.001,R5,1,0.5
probe_lr,last,0,fg_amide,0.001,R6,0,0.5
probe_lr,last,0,fg_amide,0.001,R6,1,0.5
probe_lr,last,0,fg_amide,0.001,R8,0,0.5
probe_lr,last,0,fg_amide,0.001,R8,1,0.5
probe_lr,last,0,fg_amide,0.001,R9,0,0.5
probe_lr,last,0,fg_amide,0.001,R9,1,0.5
probe_lr,last,0,fg_guanidine,0.001,qm9s_val,0,0.5
probe_lr,last,0,fg_guanidine,0.001,R0,0,0.5
probe_lr,last,0,fg_guanidine,0.001,R2,0,0.5
probe_lr,last,0,fg_guanidine,0.001,R2,1,0.5
probe_lr,last,0,fg_guanidine,0.001,R3,0,0.5
probe_lr,last,0,fg_guanidine,0.001,R3,1,0.5
probe_lr,last,0,fg_guanidine,0.001,R4,0,0.5
probe_lr,last,0,fg_guanidine,0.001,R4,1,0.5
probe_lr,last,0,fg_guanidine,0.001,R5,0,0.5
probe_lr,last,0,fg_guanidine,0.001,R5,1,0.5
probe_lr,last,0,fg_guanidine,0.001,R6,0,0.5
probe_lr,last,0,fg_guanidine,0.001,R6,1,0.5
probe_lr,last,0,fg_guanidine,0.001,R8,0,0.5
probe_lr,last,0,fg_guanidine,0.001,R8,1,0.5
probe_lr,last,0,fg_guanidine,0.001,R9,0,0.5
probe_lr,last,0,fg_guanidine,0.001,R9,1,0.5
probe_lr,last,0,fg_hydroxyl_aliphatic,0.001,qm9s_val,0,0.5
probe_lr,last,0,fg_hydroxyl_aliphatic,0.001,R0,0,0.5
probe_lr,last,0,fg_hydroxyl_aliphatic,0.001,R2,0,0.5
probe_lr,last,0,fg_hydroxyl_aliphatic,0.001,R2,1,0.5
probe_lr,last,0,fg_hydroxyl_aliphatic,0.001,R3,0,0.5
probe_lr,last,0,fg_hydroxyl_aliphatic,0.001,R3,1,0.5
probe_lr,last,0,fg_hydroxyl_aliphatic,0.001,R4,0,0.5
probe_lr,last,0,fg_hydroxyl_aliphatic,0.001,R4,1,0.5
probe_lr,last,0,fg_hydroxyl_aliphatic,0.001,R5,0,0.5
probe_lr,last,0,fg_hydroxyl_aliphatic,0.001,R5,1,0.5
probe_lr,last,0,fg_hydroxyl_aliphatic,0.001,R6,0,0.5
probe_lr,last,0,fg_hydroxyl_aliphatic,0.001,R6,1,0.5
probe_lr,last,0,fg_hydroxyl_aliphatic,0.001,R8,0,0.5
probe_lr,last,0,fg_hydroxyl_aliphatic,0.001,R8,1,0.5
probe_lr,last,0,fg_hydroxyl_aliphatic,0.001,R9,0,0.5
probe_lr,last,0,fg_hydroxyl_aliphatic,0.001,R9,1,0.5
probe_lr,last,0,fg_phenol,0.001,qm9s_val,0,0.5
probe_lr,last,0,fg_phenol,0.001,R0,0,0.5
probe_lr,last,0,fg_phenol,0.001,R2,0,0.5
probe_lr,last,0,fg_phenol,0.001,R2,1,0.5
probe_lr,last,0,fg_phenol,0.001,R3,0,0.5
probe_lr,last,0,fg_phenol,0.001,R3,1,0.5
probe_lr,last,0,fg_phenol,0.001,R4,0,0.5
probe_lr,last,0,fg_phenol,0.001,R4,1,0.5
probe_lr,last,0,fg_phenol,0.001,R5,0,0.5
probe_lr,last,0,fg_phenol,0.001,R5,1,0.5
probe_lr,last,0,fg_phenol,0.001,R6,0,0.5
probe_lr,last,0,fg_phenol,0.001,R6,1,0.5
probe_lr,last,0,fg_phenol,0.001,R8,0,0.5
probe_lr,last,0,fg_phenol,0.001,R8,1,0.5
probe_lr,last,0,fg_phenol,0.001,R9,0,0.5
probe_lr,last,0,fg_phenol,0.001,R9,1,0.5
probe_lr,last,0,fg_aromatic_ring,0.001,qm9s_val,0,0.5
probe_lr,last,0,fg_aromatic_ring,0.001,R0,0,0.5
probe_lr,last,0,fg_aromatic_ring,0.001,R2,0,0.5
probe_lr,last,0,fg_aromatic_ring,0.001,R2,1,0.5
probe_lr,last,0,fg_aromatic_ring,0.001,R3,0,0.5
probe_lr,last,0,fg_aromatic_ring,0.001,R3,1,0.5
probe_lr,last,0,fg_aromatic_ring,0.001,R4,0,0.5
probe_lr,last,0,fg_aromatic_ring,0.001,R4,1,0.5
probe_lr,last,0,fg_aromatic_ring,0.001,R5,0,0.5
probe_lr,last,0,fg_aromatic_ring,0.001,R5,1,0.5
probe_lr,last,0,fg_aromatic_ring,0.001,R6,0,0.5
probe_lr,last,0,fg_aromatic_ring,0.001,R6,1,0.5
probe_lr,last,0,fg_aromatic_ring,0.001,R8,0,0.5
probe_lr,last,0,fg_aromatic_ring,0.001,R8,1,0.5
probe_lr,last,0,fg_aromatic_ring,0.001,R9,0,0.5
probe_lr,last,0,fg_aromatic_ring,0.001,R9,1,0.5
probe_lr,last,0,fg_benzene_ring,0.001,qm9s_val,0,0.5
probe_lr,last,0,fg_benzene_ring,0.001,R0,0,0.5
probe_lr,last,0,fg_benzene_ring,0.001,R2,0,0.5
probe_lr,last,0,fg_benzene_ring,0.001,R2,1,0.5
probe_lr,last,0,fg_benzene_ring,0.001,R3,0,0.5
probe_lr,last,0,fg_benzene_ring,0.001,R3,1,0.5
probe_lr,last,0,fg_benzene_ring,0.001,R4,0,0.5
probe_lr,last,0,fg_benzene_ring,0.001,R4,1,0.5
probe_lr,last,0,fg_benzene_ring,0.001,R5,0,0.5
probe_lr,last,0,fg_benzene_ring,0.001,R5,1,0.5
probe_lr,last,0,fg_benzene_ring,0.001,R6,0,0.5
probe_lr,last,0,fg_benzene_ring,0.001,R6,1,0.5
probe_lr,last,0,fg_benzene_ring,0.001,R8,0,0.5
probe_lr,last,0,fg_benzene_ring,0.001,R8,1,0.5
probe_lr,last,0,fg_benzene_ring,0.001,R9,0,0.5
probe_lr,last,0,fg_benzene_ring,0.001,R9,1,0.5
probe_lr,last,0,fg_pyrrole_ring,0.001,qm9s_val,0,0.5
probe_lr,last,0,fg_pyrrole_ring,0.001,R0,0,0.5
probe_lr,last,0,fg_pyrrole_ring,0.001,R2,0,0.5
probe_lr,last,0,fg_pyrrole_ring,0.001,R2,1,0.5
probe_lr,last,0,fg_pyrrole_ring,0.001,R3,0,0.5
probe_lr,last,0,fg_pyrrole_ring,0.001,R3,1,0.5
probe_lr,last,0,fg_pyrrole_ring,0.001,R4,0,0.5
probe_lr,last,0,fg_pyrrole_ring,0.001,R4,1,0.5
probe_lr,last,0,fg_pyrrole_ring,0.001,R5,0,0.5
probe_lr,last,0,fg_pyrrole_ring,0.001,R5,1,0.5
probe_lr,last,0,fg_pyrrole_ring,0.001,R6,0,0.5
probe_lr,last,0,fg_pyrrole_ring,0.001,R6,1,0.5
probe_lr,last,0,fg_pyrrole_ring,0.001,R8,0,0.5
probe_lr,last,0,fg_pyrrole_ring,0.001,R8,1,0.5
probe_lr,last,0,fg_pyrrole_ring,0.001,R9,0,0.5
probe_lr,last,0,fg_pyrrole_ring,0.001,R9,1,0.5
probe_lr,last,0,fg_imidazole_ring,0.001,qm9s_val,0,0.5
probe_lr,last,0,fg_imidazole_ring,0.001,R0,0,0.5
probe_lr,last,0,fg_imidazole_ring,0.001,R2,0,0.5
probe_lr,last,0,fg_imidazole_ring,0.001,R2,1,0.5
probe_lr,last,0,fg_imidazole_ring,0.001,R3,0,0.5
probe_lr,last,0,fg_imidazole_ring,0.001,R3,1,0.5
probe_lr,last,0,fg_imidazole_ring,0.001,R4,0,0.5
probe_lr,last,0,fg_imidazole_ring,0.001,R4,1,0.5
probe_lr,last,0,fg_imidazole_ring,0.001,R5,0,0.5
probe_lr,last,0,fg_imidazole_ring,0.001,R5,1,0.5
probe_lr,last,0,fg_imidazole_ring,0.001,R6,0,0.5
probe_lr,last,0,fg_imidazole_ring,0.001,R6,1,0.5
probe_lr,last,0,fg_imidazole_ring,0.001,R8,0,0.5
probe_lr,last,0,fg_imidazole_ring,0.001,R8,1,0.5
probe_lr,last,0,fg_imidazole_ring,0.001,R9,0,0.5
probe_lr,last,0,fg_imidazole_ring,0.001,R9,1,0.5
probe_mm,last,0,fg_primary_amine,,qm9s_val,0,0.5
probe_mm,last,0,fg_primary_amine,,R0,0,0.5
probe_mm,last,0,fg_primary_amine,,R2,0,0.5
probe_mm,last,0,fg_primary_amine,,R2,1,0.5
probe_mm,last,0,fg_primary_amine,,R3,0,0.5
probe_mm,last,0,fg_primary_amine,,R3,1,0.5
probe_mm,last,0,fg_primary_amine,,R4,0,0.5
probe_mm,last,0,fg_primary_amine,,R4,1,0.5
probe_mm,last,0,fg_primary_amine,,R5,0,0.5
probe_mm,last,0,fg_primary_amine,,R5,1,0.5
probe_mm,last,0,fg_primary_amine,,R6,0,0.5
probe_mm,last,0,fg_primary_amine,,R6,1,0.5
probe_mm,last,0,fg_primary_amine,,R8,0,0.5
probe_mm,last,0,fg_primary_amine,,R8,1,0.5
probe_mm,last,0,fg_primary_amine,,R9,0,0.5
probe_mm,last,0,fg_primary_amine,,R9,1,0.5
probe_mm,last,0,fg_secondary_amine,,qm9s_val,0,0.5
probe_mm,last,0,fg_secondary_amine,,R0,0,0.5
probe_mm,last,0,fg_secondary_amine,,R2,0,0.5
probe_mm,last,0,fg_secondary_amine,,R2,1,0.5
probe_mm,last,0,fg_secondary_amine,,R3,0,0.5
probe_mm,last,0,fg_secondary_amine,,R3,1,0.5
probe_mm,last,0,fg_secondary_amine,,R4,0,0.5
probe_mm,last,0,fg_secondary_amine,,R4,1,0.5
probe_mm,last,0,fg_secondary_amine,,R5,0,0.5
probe_mm,last,0,fg_secondary_amine,,R5,1,0.5
probe_mm,last,0,fg_secondary_amine,,R6,0,0.5
probe_mm,last,0,fg_secondary_amine,,R6,1,0.5
probe_mm,last,0,fg_secondary_amine,,R8,0,0.5
probe_mm,last,0,fg_secondary_amine,,R8,1,0.5
probe_mm,last,0,fg_secondary_amine,,R9,0,0.5
probe_mm,last,0,fg_secondary_amine,,R9,1,0.5
probe_mm,last,0,fg_amide,,qm9s_val,0,0.5
probe_mm,last,0,fg_amide,,R0,0,0.5
probe_mm,last,0,fg_amide,,R2,0,0.5
probe_mm,last,0,fg_amide,,R2,1,0.5
probe_mm,last,0,fg_amide,,R3,0,0.5
probe_mm,last,0,fg_amide,,R3,1,0.5
probe_mm,last,0,fg_amide,,R4,0,0.5
probe_mm,last,0,fg_amide,,R4,1,0.5
probe_mm,last,0,fg_amide,,R5,0,0.5
probe_mm,last,0,fg_amide,,R5,1,0.5
probe_mm,last,0,fg_amide,,R6,0,0.5
probe_mm,last,0,fg_amide,,R6,1,0.5
probe_mm,last,0,fg_amide,,R8,0,0.5
probe_mm,last,0,fg_amide,,R8,1,0.5
probe_mm,last,0,fg_amide,,R9,0,0.5
probe_mm,last,0,fg_amide,,R9,1,0.5
probe_mm,last,0,fg_guanidine,,qm9s_val,0,0.5
probe_mm,last,0,fg_guanidine,,R0,0,0.5
probe_mm,last,0,fg_guanidine,,R2,0,0.5
probe_mm,last,0,fg_guanidine,,R2,1,0.5
probe_mm,last,0,fg_guanidine,,R3,0,0.5
probe_mm,last,0,fg_guanidine,,R3,1,0.5
probe_mm,last,0,fg_guanidine,,R4,0,0.5
probe_mm,last,0,fg_guanidine,,R4,1,0.5
probe_mm,last,0,fg_guanidine,,R5,0,0.5
probe_mm,last,0,fg_guanidine,,R5,1,0.5
probe_mm,last,0,fg_guanidine,,R6,0,0.5
probe_mm,last,0,fg_guanidine,,R6,1,0.5
probe_mm,last,0,fg_guanidine,,R8,0,0.5
probe_mm,last,0,fg_guanidine,,R8,1,0.5
probe_mm,last,0,fg_guanidine,,R9,0,0.5
probe_mm,last,0,fg_guanidine,,R9,1,0.5
probe_mm,last,0,fg_hydroxyl_aliphatic,,qm9s_val,0,0.5
probe_mm,last,0,fg_hydroxyl_aliphatic,,R0,0,0.5
probe_mm,last,0,fg_hydroxyl_aliphatic,,R2,0,0.5
probe_mm,last,0,fg_hydroxyl_aliphatic,,R2,1,0.5
probe_mm,last,0,fg_hydroxyl_aliphatic,,R3,0,0.5
probe_mm,last,0,fg_hydroxyl_aliphatic,,R3,1,0.5
probe_mm,last,0,fg_hydroxyl_aliphatic,,R4,0,0.5
probe_mm,last,0,fg_hydroxyl_aliphatic,,R4,1,0.5
probe_mm,last,0,fg_hydroxyl_aliphatic,,R5,0,0.5
probe_mm,last,0,fg_hydroxyl_aliphatic,,R5,1,0.5
probe_mm,last,0,fg_hydroxyl_aliphatic,,R6,0,0.5
probe_mm,last,0,fg_hydroxyl_aliphatic,,R6,1,0.5
probe_mm,last,0,fg_hydroxyl_aliphatic,,R8,0,0.5
probe_mm,last,0,fg_hydroxyl_aliphatic,,R8,1,0.5
probe_mm,last,0,fg_hydroxyl_aliphatic,,R9,0,0.5
probe_mm,last,0,fg_hydroxyl_aliphatic,,R9,1,0.5
probe_mm,last,0,fg_phenol,,qm9s_val,0,0.5
probe_mm,last,0,fg_phenol,,R0,0,0.5
probe_mm,last,0,fg_phenol,,R2,0,0.5
probe_mm,last,0,fg_phenol,,R2,1,0.5
probe_mm,last,0,fg_phenol,,R3,0,0.5
probe_mm,last,0,fg_phenol,,R3,1,0.5
probe_mm,last,0,fg_phenol,,R4,0,0.5
probe_mm,last,0,fg_phenol,,R4,1,0.5
probe_mm,last,0,fg_phenol,,R5,0,0.5
probe_mm,last,0,fg_phenol,,R5,1,0.5
probe_mm,last,0,fg_phenol,,R6,0,0.5
probe_mm,last,0,fg_phenol,,R6,1,0.5
probe_mm,last,0,fg_phenol,,R8,0,0.5
probe_mm,last,0,fg_phenol,,R8,1,0.5
probe_mm,last,0,fg_phenol,,R9,0,0.5
probe_mm,last,0,fg_phenol,,R9,1,0.5
probe_mm,last,0,fg_aromatic_ring,,qm9s_val,0,0.5
probe_mm,last,0,fg_aromatic_ring,,R0,0,0.5
probe_mm,last,0,fg_aromatic_ring,,R2,0,0.5
probe_mm,last,0,fg_aromatic_ring,,R2,1,0.5
probe_mm,last,0,fg_aromatic_ring,,R3,0,0.5
probe_mm,last,0,fg_aromatic_ring,,R3,1,0.5
probe_mm,last,0,fg_aromatic_ring,,R4,0,0.5
probe_mm,last,0,fg_aromatic_ring,,R4,1,0.5
probe_mm,last,0,fg_aromatic_ring,,R5,0,0.5
probe_mm,last,0,fg_aromatic_ring,,R5,1,0.5
probe_mm,last,0,fg_aromatic_ring,,R6,0,0.5
probe_mm,last,0,fg_aromatic_ring,,R6,1,0.5
probe_mm,last,0,fg_aromatic_ring,,R8,0,0.5
probe_mm,last,0,fg_aromatic_ring,,R8,1,0.5
probe_mm,last,0,fg_aromatic_ring,,R9,0,0.5
probe_mm,last,0,fg_aromatic_ring,,R9,1,0.5
probe_mm,last,0,fg_benzene_ring,,qm9s_val,0,0.5
probe_mm,last,0,fg_benzene_ring,,R0,0,0.5
probe_mm,last,0,fg_benzene_ring,,R2,0,0.5
probe_mm,last,0,fg_benzene_ring,,R2,1,0.5
probe_mm,last,0,fg_benzene_ring,,R3,0,0.5
probe_mm,last,0,fg_benzene_ring,,R3,1,0.5
probe_mm,last,0,fg_benzene_ring,,R4,0,0.5
probe_mm,last,0,fg_benzene_ring,,R4,1,0.5
probe_mm,last,0,fg_benzene_ring,,R5,0,0.5
probe_mm,last,0,fg_benzene_ring,,R5,1,0.5
probe_mm,last,0,fg_benzene_ring,,R6,0,0.5
probe_mm,last,0,fg_benzene_ring,,R6,1,0.5
probe_mm,last,0,fg_benzene_ring,,R8,0,0.5
probe_mm,last,0,fg_benzene_ring,,R8,1,0.5
probe_mm,last,0,fg_benzene_ring,,R9,0,0.5
probe_mm,last,0,fg_benzene_ring,,R9,1,0.5
probe_mm,last,0,fg_pyrrole_ring,,qm9s_val,0,0.5
probe_mm,last,0,fg_pyrrole_ring,,R0,0,0.5
probe_mm,last,0,fg_pyrrole_ring,,R2,0,0.5
probe_mm,last,0,fg_pyrrole_ring,,R2,1,0.5
probe_mm,last,0,fg_pyrrole_ring,,R3,0,0.5
probe_mm,last,0,fg_pyrrole_ring,,R3,1,0.5
probe_mm,last,0,fg_pyrrole_ring,,R4,0,0.5
probe_mm,last,0,fg_pyrrole_ring,,R4,1,0.5
probe_mm,last,0,fg_pyrrole_ring,,R5,0,0.5
probe_mm,last,0,fg_pyrrole_ring,,R5,1,0.5
probe_mm,last,0,fg_pyrrole_ring,,R6,0,0.5
probe_mm,last,0,fg_pyrrole_ring,,R6,1,0.5
probe_mm,last,0,fg_pyrrole_ring,,R8,0,0.5
probe_mm,last,0,fg_pyrrole_ring,,R8,1,0.5
probe_mm,last,0,fg_pyrrole_ring,,R9,0,0.5
probe_mm,last,0,fg_pyrrole_ring,,R9,1,0.5
probe_mm,last,0,fg_imidazole_ring,,qm9s_val,0,0.5
probe_mm,last,0,fg_imidazole_ring,,R0,0,0.5
probe_mm,last,0,fg_imidazole_ring,,R2,0,0.5
probe_mm,last,0,fg_imidazole_ring,,R2,1,0.5
probe_mm,last,0,fg_imidazole_ring,,R3,0,0.5
probe_mm,last,0,fg_imidazole_ring,,R3,1,0.5
probe_mm,last,0,fg_imidazole_ring,,R4,0,0.5
probe_mm,last,0,fg_imidazole_ring,,R4,1,0.5
probe_mm,last,0,fg_imidazole_ring,,R5,0,0.5
probe_mm,last,0,fg_imidazole_ring,,R5,1,0.5
probe_mm,last,0,fg_imidazole_ring,,R6,0,0.5
probe_mm,last,0,fg_imidazole_ring,,R6,1,0.5
probe_mm,last,0,fg_imidazole_ring,,R8,0,0.5
probe_mm,last,0,fg_imidazole_ring,,R8,1,0.5
probe_mm,last,0,fg_imidazole_ring,,R9,0,0.5
probe_mm,last,0,fg_imidazole_ring,,R9,1,0.5
probe_lr,last,3,fg_primary_amine,0.01,qm9s_val,0,0.8227
probe_lr,last,3,fg_primary_amine,0.01,R0,0,0.8568
probe_lr,last,3,fg_primary_amine,0.01,R2,0,0.8947
probe_lr,last,3,fg_primary_amine,0.01,R2,1,0.8947
probe_lr,last,3,fg_primary_amine,0.01,R3,0,0.3684
probe_lr,last,3,fg_primary_amine,0.01,R3,1,0.3684
probe_lr,last,3,fg_primary_amine,0.01,R4,0,0.7368
probe_lr,last,3,fg_primary_amine,0.01,R4,1,0.7368
probe_lr,last,3,fg_primary_amine,0.01,R5,0,0.5789
probe_lr,last,3,fg_primary_amine,0.01,R5,1,0.5789
probe_lr,last,3,fg_primary_amine,0.01,R6,0,0.5263
probe_lr,last,3,fg_primary_amine,0.01,R6,1,0.5263
probe_lr,last,3,fg_primary_amine,0.01,R8,0,0.3158
probe_lr,last,3,fg_primary_amine,0.01,R8,1,0.3158
probe_lr,last,3,fg_primary_amine,0.01,R9,0,0.8947
probe_lr,last,3,fg_primary_amine,0.01,R9,1,0.8947
probe_lr,last,3,fg_secondary_amine,0.01,qm9s_val,0,0.6158
probe_lr,last,3,fg_secondary_amine,0.01,R0,0,0.6815
probe_lr,last,3,fg_secondary_amine,0.01,R2,0,0.6842
probe_lr,last,3,fg_secondary_amine,0.01,R2,1,0.6842
probe_lr,last,3,fg_secondary_amine,0.01,R3,0,0.5263
probe_lr,last,3,fg_secondary_amine,0.01,R3,1,0.5263
probe_lr,last,3,fg_secondary_amine,0.01,R4,0,0.8421
probe_lr,last,3,fg_secondary_amine,0.01,R4,1,0.8421
probe_lr,last,3,fg_secondary_amine,0.01,R5,0,0.3684
probe_lr,last,3,fg_secondary_amine,0.01,R5,1,0.3684
probe_lr,last,3,fg_secondary_amine,0.01,R6,0,0.1579
probe_lr,last,3,fg_secondary_amine,0.01,R6,1,0.1579
probe_lr,last,3,fg_secondary_amine,0.01,R8,0,0.8947
probe_lr,last,3,fg_secondary_amine,0.01,R8,1,0.8947
probe_lr,last,3,fg_secondary_amine,0.01,R9,0,0.1053
probe_lr,last,3,fg_secondary_amine,0.01,R9,1,0.1053
probe_lr,last,3,fg_amide,0.01,qm9s_val,0,0.7791
probe_lr,last,3,fg_amide,0.01,R0,0,0.7842
probe_lr,last,3,fg_amide,0.01,R2,0,0.9722
probe_lr,last,3,fg_amide,0.01,R2,1,0.9722
probe_lr,last,3,fg_amide,0.01,R3,0,0.6944
probe_lr,last,3,fg_amide,0.01,R3,1,0.6944
probe_lr,last,3,fg_amide,0.01,R4,0,1.0
probe_lr,last,3,fg_amide,0.01,R4,1,1.0
probe_lr,last,3,fg_amide,0.01,R5,0,0.8333
probe_lr,last,3,fg_amide,0.01,R5,1,0.8333
probe_lr,last,3,fg_amide,0.01,R6,0,0.7222
probe_lr,last,3,fg_amide,0.01,R6,1,0.7222
probe_lr,last,3,fg_amide,0.01,R8,0,0.3611
probe_lr,last,3,fg_amide,0.01,R8,1,0.3611
probe_lr,last,3,fg_amide,0.01,R9,0,0.6667
probe_lr,last,3,fg_amide,0.01,R9,1,0.6667
probe_lr,last,3,fg_guanidine,0.01,qm9s_val,0,0.8775
probe_lr,last,3,fg_guanidine,0.01,R0,0,0.8902
probe_lr,last,3,fg_guanidine,0.01,R2,0,0.6842
probe_lr,last,3,fg_guanidine,0.01,R2,1,0.6842
probe_lr,last,3,fg_guanidine,0.01,R3,0,0.5263
probe_lr,last,3,fg_guanidine,0.01,R3,1,0.5263
probe_lr,last,3,fg_guanidine,0.01,R4,0,0.6316
probe_lr,last,3,fg_guanidine,0.01,R4,1,0.6316
probe_lr,last,3,fg_guanidine,0.01,R5,0,0.1053
probe_lr,last,3,fg_guanidine,0.01,R5,1,0.1053
probe_lr,last,3,fg_guanidine,0.01,R6,0,0.7368
probe_lr,last,3,fg_guanidine,0.01,R6,1,0.7368
probe_lr,last,3,fg_guanidine,0.01,R8,0,0.4737
probe_lr,last,3,fg_guanidine,0.01,R8,1,0.4737
probe_lr,last,3,fg_guanidine,0.01,R9,0,0.6842
probe_lr,last,3,fg_guanidine,0.01,R9,1,0.6842
probe_lr,last,3,fg_hydroxyl_aliphatic,0.01,qm9s_val,0,0.6823
probe_lr,last,3,fg_hydroxyl_aliphatic,0.01,R0,0,0.6777
probe_lr,last,3,fg_hydroxyl_aliphatic,0.01,R2,0,0.9167
probe_lr,last,3,fg_hydroxyl_aliphatic,0.01,R2,1,0.9167
probe_lr,last,3,fg_hydroxyl_aliphatic,0.01,R3,0,0.7222
probe_lr,last,3,fg_hydroxyl_aliphatic,0.01,R3,1,0.7222
probe_lr,last,3,fg_hydroxyl_aliphatic,0.01,R4,0,0.3611
probe_lr,last,3,fg_hydroxyl_aliphatic,0.01,R4,1,0.3611
probe_lr,last,3,fg_hydroxyl_aliphatic,0.01,R5,0,0.5
probe_lr,last,3,fg_hydroxyl_aliphatic,0.01,R5,1,0.5
probe_lr,last,3,fg_hydroxyl_aliphatic,0.01,R6,0,0.6389
probe_lr,last,3,fg_hydroxyl_aliphatic,0.01,R6,1,0.6389
probe_lr,last,3,fg_hydroxyl_aliphatic,0.01,R8,0,0.7222
probe_lr,last,3,fg_hydroxyl_aliphatic,0.01,R8,1,0.7222
probe_lr,last,3,fg_hydroxyl_aliphatic,0.01,R9,0,0.4722
probe_lr,last,3,fg_hydroxyl_aliphatic,0.01,R9,1,0.4722
probe_lr,last,3,fg_phenol,0.01,qm9s_val,0,0.9048
probe_lr,last,3,fg_phenol,0.01,R0,0,0.8556
probe_lr,last,3,fg_phenol,0.01,R2,0,0.4211
probe_lr,last,3,fg_phenol,0.01,R2,1,0.4211
probe_lr,last,3,fg_phenol,0.01,R3,0,0.4211
probe_lr,last,3,fg_phenol,0.01,R3,1,0.4211
probe_lr,last,3,fg_phenol,0.01,R4,0,0.4211
probe_lr,last,3,fg_phenol,0.01,R4,1,0.4211
probe_lr,last,3,fg_phenol,0.01,R5,0,0.7368
probe_lr,last,3,fg_phenol,0.01,R5,1,0.7368
probe_lr,last,3,fg_phenol,0.01,R6,0,0.2632
probe_lr,last,3,fg_phenol,0.01,R6,1,0.2632
probe_lr,last,3,fg_phenol,0.01,R8,0,0.3684
probe_lr,last,3,fg_phenol,0.01,R8,1,0.3684
probe_lr,last,3,fg_phenol,0.01,R9,0,0.0
probe_lr,last,3,fg_phenol,0.01,R9,1,0.0
probe_lr,last,3,fg_aromatic_ring,0.01,qm9s_val,0,0.9451
probe_lr,last,3,fg_aromatic_ring,0.01,R0,0,0.9456
probe_lr,last,3,fg_aromatic_ring,0.01,R2,0,0.8281
probe_lr,last,3,fg_aromatic_ring,0.01,R2,1,0.8281
probe_lr,last,3,fg_aromatic_ring,0.01,R3,0,0.8438
probe_lr,last,3,fg_aromatic_ring,0.01,R3,1,0.8438
probe_lr,last,3,fg_aromatic_ring,0.01,R4,0,0.3594
probe_lr,last,3,fg_aromatic_ring,0.01,R4,1,0.3594
probe_lr,last,3,fg_aromatic_ring,0.01,R5,0,0.3438
probe_lr,last,3,fg_aromatic_ring,0.01,R5,1,0.3438
probe_lr,last,3,fg_aromatic_ring,0.01,R6,0,0.1875
probe_lr,last,3,fg_aromatic_ring,0.01,R6,1,0.1875
probe_lr,last,3,fg_aromatic_ring,0.01,R8,0,0.4531
probe_lr,last,3,fg_aromatic_ring,0.01,R8,1,0.4531
probe_lr,last,3,fg_aromatic_ring,0.01,R9,0,0.5312
probe_lr,last,3,fg_aromatic_ring,0.01,R9,1,0.5156
probe_lr,last,3,fg_benzene_ring,0.01,qm9s_val,0,0.9618
probe_lr,last,3,fg_benzene_ring,0.01,R0,0,0.9304
probe_lr,last,3,fg_benzene_ring,0.01,R2,0,0.8431
probe_lr,last,3,fg_benzene_ring,0.01,R2,1,0.8431
probe_lr,last,3,fg_benzene_ring,0.01,R3,0,0.549
probe_lr,last,3,fg_benzene_ring,0.01,R3,1,0.549
probe_lr,last,3,fg_benzene_ring,0.01,R4,0,0.6863
probe_lr,last,3,fg_benzene_ring,0.01,R4,1,0.6863
probe_lr,last,3,fg_benzene_ring,0.01,R5,0,0.4902
probe_lr,last,3,fg_benzene_ring,0.01,R5,1,0.4902
probe_lr,last,3,fg_benzene_ring,0.01,R6,0,0.5098
probe_lr,last,3,fg_benzene_ring,0.01,R6,1,0.5098
probe_lr,last,3,fg_benzene_ring,0.01,R8,0,0.549
probe_lr,last,3,fg_benzene_ring,0.01,R8,1,0.549
probe_lr,last,3,fg_benzene_ring,0.01,R9,0,0.4706
probe_lr,last,3,fg_benzene_ring,0.01,R9,1,0.451
probe_lr,last,3,fg_pyrrole_ring,0.01,qm9s_val,0,0.8688
probe_lr,last,3,fg_pyrrole_ring,0.01,R0,0,0.8964
probe_lr,last,3,fg_pyrrole_ring,0.01,R2,0,1.0
probe_lr,last,3,fg_pyrrole_ring,0.01,R2,1,1.0
probe_lr,last,3,fg_pyrrole_ring,0.01,R3,0,1.0
probe_lr,last,3,fg_pyrrole_ring,0.01,R3,1,1.0
probe_lr,last,3,fg_pyrrole_ring,0.01,R4,0,1.0
probe_lr,last,3,fg_pyrrole_ring,0.01,R4,1,1.0
probe_lr,last,3,fg_pyrrole_ring,0.01,R5,0,0.9474
probe_lr,last,3,fg_pyrrole_ring,0.01,R5,1,0.9474
probe_lr,last,3,fg_pyrrole_ring,0.01,R6,0,0.9474
probe_lr,last,3,fg_pyrrole_ring,0.01,R6,1,0.9474
probe_lr,last,3,fg_pyrrole_ring,0.01,R8,0,1.0
probe_lr,last,3,fg_pyrrole_ring,0.01,R8,1,1.0
probe_lr,last,3,fg_pyrrole_ring,0.01,R9,0,1.0
probe_lr,last,3,fg_pyrrole_ring,0.01,R9,1,1.0
probe_lr,last,3,fg_imidazole_ring,0.01,qm9s_val,0,0.9132
probe_lr,last,3,fg_imidazole_ring,0.01,R0,0,0.8772
probe_lr,last,3,fg_imidazole_ring,0.01,R2,0,0.2105
probe_lr,last,3,fg_imidazole_ring,0.01,R2,1,0.2105
probe_lr,last,3,fg_imidazole_ring,0.01,R3,0,1.0
probe_lr,last,3,fg_imidazole_ring,0.01,R3,1,1.0
probe_lr,last,3,fg_imidazole_ring,0.01,R4,0,0.0
probe_lr,last,3,fg_imidazole_ring,0.01,R4,1,0.0
probe_lr,last,3,fg_imidazole_ring,0.01,R5,0,0.0526
probe_lr,last,3,fg_imidazole_ring,0.01,R5,1,0.0526
probe_lr,last,3,fg_imidazole_ring,0.01,R6,0,0.2105
probe_lr,last,3,fg_imidazole_ring,0.01,R6,1,0.2105
probe_lr,last,3,fg_imidazole_ring,0.01,R8,0,0.6842
probe_lr,last,3,fg_imidazole_ring,0.01,R8,1,0.6842
probe_lr,last,3,fg_imidazole_ring,0.01,R9,0,0.5263
probe_lr,last,3,fg_imidazole_ring,0.01,R9,1,0.5263
probe_mm,last,3,fg_primary_amine,,qm9s_val,0,0.5614
probe_mm,last,3,fg_primary_amine,,R0,0,0.6218
probe_mm,last,3,fg_primary_amine,,R2,0,0.6316
probe_mm,last,3,fg_primary_amine,,R2,1,0.6316
probe_mm,last,3,fg_primary_amine,,R3,0,0.6316
probe_mm,last,3,fg_primary_amine,,R3,1,0.6316
probe_mm,last,3,fg_primary_amine,,R4,0,0.0
probe_mm,last,3,fg_primary_amine,,R4,1,0.0
probe_mm,last,3,fg_primary_amine,,R5,0,0.0
probe_mm,last,3,fg_primary_amine,,R5,1,0.0
probe_mm,last,3,fg_primary_amine,,R6,0,0.0526
probe_mm,last,3,fg_primary_amine,,R6,1,0.0526
probe_mm,last,3,fg_primary_amine,,R8,0,0.2105
probe_mm,last,3,fg_primary_amine,,R8,1,0.2105
probe_mm,last,3,fg_primary_amine,,R9,0,0.7895
probe_mm,last,3,fg_primary_amine,,R9,1,0.7895
probe_mm,last,3,fg_secondary_amine,,qm9s_val,0,0.6302
probe_mm,last,3,fg_secondary_amine,,R0,0,0.623
probe_mm,last,3,fg_secondary_amine,,R2,0,0.3684
probe_mm,last,3,fg_secondary_amine,,R2,1,0.3684
probe_mm,last,3,fg_secondary_amine,,R3,0,0.4211
probe_mm,last,3,fg_secondary_amine,,R3,1,0.4211
probe_mm,last,3,fg_secondary_amine,,R4,0,1.0
probe_mm,last,3,fg_secondary_amine,,R4,1,1.0
probe_mm,last,3,fg_secondary_amine,,R5,0,1.0
probe_mm,last,3,fg_secondary_amine,,R5,1,1.0
probe_mm,last,3,fg_secondary_amine,,R6,0,0.8947
probe_mm,last,3,fg_secondary_amine,,R6,1,0.8947
probe_mm,last,3,fg_secondary_amine,,R8,0,0.7895
probe_mm,last,3,fg_secondary_amine,,R8,1,0.7895
probe_mm,last,3,fg_secondary_amine,,R9,0,0.2105
probe_mm,last,3,fg_secondary_amine,,R9,1,0.2105
probe_mm,last,3,fg_amide,,qm9s_val,0,0.6117
probe_mm,last,3,fg_amide,,R0,0,0.6586
probe_mm,last,3,fg_amide,,R2,0,0.8889
probe_mm,last,3,fg_amide,,R2,1,0.8889
probe_mm,last,3,fg_amide,,R3,0,0.9444
probe_mm,last,3,fg_amide,,R3,1,0.9444
probe_mm,last,3,fg_amide,,R4,0,0.6111
probe_mm,last,3,fg_amide,,R4,1,0.6111
probe_mm,last,3,fg_amide,,R5,0,0.6111
probe_mm,last,3,fg_amide,,R5,1,0.6111
probe_mm,last,3,fg_amide,,R6,0,0.5556
probe_mm,last,3,fg_amide,,R6,1,0.5556
probe_mm,last,3,fg_amide,,R8,0,0.3333
probe_mm,last,3,fg_amide,,R8,1,0.3333
probe_mm,last,3,fg_amide,,R9,0,0.6667
probe_mm,last,3,fg_amide,,R9,1,0.6667
probe_mm,last,3,fg_guanidine,,qm9s_val,0,0.6442
probe_mm,last,3,fg_guanidine,,R0,0,0.6607
probe_mm,last,3,fg_guanidine,,R2,0,0.0
probe_mm,last,3,fg_guanidine,,R2,1,0.0
probe_mm,last,3,fg_guanidine,,R3,0,0.1579
probe_mm,last,3,fg_guanidine,,R3,1,0.1579
probe_mm,last,3,fg_guanidine,,R4,0,0.0526
probe_mm,last,3,fg_guanidine,,R4,1,0.0526
probe_mm,last,3,fg_guanidine,,R5,0,0.3158
probe_mm,last,3,fg_guanidine,,R5,1,0.3158
probe_mm,last,3,fg_guanidine,,R6,0,0.8421
probe_mm,last,3,fg_guanidine,,R6,1,0.8421
probe_mm,last,3,fg_guanidine,,R8,0,0.7368
probe_mm,last,3,fg_guanidine,,R8,1,0.7368
probe_mm,last,3,fg_guanidine,,R9,0,0.1053
probe_mm,last,3,fg_guanidine,,R9,1,0.1053
probe_mm,last,3,fg_hydroxyl_aliphatic,,qm9s_val,0,0.5975
probe_mm,last,3,fg_hydroxyl_aliphatic,,R0,0,0.6244
probe_mm,last,3,fg_hydroxyl_aliphatic,,R2,0,0.8056
probe_mm,last,3,fg_hydroxyl_aliphatic,,R2,1,0.8056
probe_mm,last,3,fg_hydroxyl_aliphatic,,R3,0,0.6667
probe_mm,last,3,fg_hydroxyl_aliphatic,,R3,1,0.6667
probe_mm,last,3,fg_hydroxyl_aliphatic,,R4,0,0.3611
probe_mm,last,3,fg_hydroxyl_aliphatic,,R4,1,0.3611
probe_mm,last,3,fg_hydroxyl_aliphatic,,R5,0,0.3611
probe_mm,last,3,fg_hydroxyl_aliphatic,,R5,1,0.3611
probe_mm,last,3,fg_hydroxyl_aliphatic,,R6,0,0.5
probe_mm,last,3,fg_hydroxyl_aliphatic,,R6,1,0.5
probe_mm,last,3,fg_hydroxyl_aliphatic,,R8,0,0.8333
probe_mm,last,3,fg_hydroxyl_aliphatic,,R8,1,0.8333
probe_mm,last,3,fg_hydroxyl_aliphatic,,R9,0,0.5278
probe_mm,last,3,fg_hydroxyl_aliphatic,,R9,1,0.5278
probe_mm,last,3,fg_phenol,,qm9s_val,0,0.7996
probe_mm,last,3,fg_phenol,,R0,0,0.7441
probe_mm,last,3,fg_phenol,,R2,0,0.9474
probe_mm,last,3,fg_phenol,,R2,1,0.9474
probe_mm,last,3,fg_phenol,,R3,0,0.7895
probe_mm,last,3,fg_phenol,,R3,1,0.7895
probe_mm,last,3,fg_phenol,,R4,0,0.8947
probe_mm,last,3,fg_phenol,,R4,1,0.8947
probe_mm,last,3,fg_phenol,,R5,0,0.7368
probe_mm,last,3,fg_phenol,,R5,1,0.7368
probe_mm,last,3,fg_phenol,,R6,0,0.7368
probe_mm,last,3,fg_phenol,,R6,1,0.7368
probe_mm,last,3,fg_phenol,,R8,0,0.5789
probe_mm,last,3,fg_phenol,,R8,1,0.5789
probe_mm,last,3,fg_phenol,,R9,0,0.0
probe_mm,last,3,fg_phenol,,R9,1,0.0
probe_mm,last,3,fg_aromatic_ring,,qm9s_val,0,0.8437
probe_mm,last,3,fg_aromatic_ring,,R0,0,0.8234
probe_mm,last,3,fg_aromatic_ring,,R2,0,0.7812
probe_mm,last,3,fg_aromatic_ring,,R2,1,0.7812
probe_mm,last,3,fg_aromatic_ring,,R3,0,0.8125
probe_mm,last,3,fg_aromatic_ring,,R3,1,0.8125
probe_mm,last,3,fg_aromatic_ring,,R4,0,0.7031
probe_mm,last,3,fg_aromatic_ring,,R4,1,0.7031
probe_mm,last,3,fg_aromatic_ring,,R5,0,0.5
probe_mm,last,3,fg_aromatic_ring,,R5,1,0.5
probe_mm,last,3,fg_aromatic_ring,,R6,0,0.7031
probe_mm,last,3,fg_aromatic_ring,,R6,1,0.7031
probe_mm,last,3,fg_aromatic_ring,,R8,0,0.3281
probe_mm,last,3,fg_aromatic_ring,,R8,1,0.3281
probe_mm,last,3,fg_aromatic_ring,,R9,0,0.5781
probe_mm,last,3,fg_aromatic_ring,,R9,1,0.5781
probe_mm,last,3,fg_benzene_ring,,qm9s_val,0,0.8162
probe_mm,last,3,fg_benzene_ring,,R0,0,0.7924
probe_mm,last,3,fg_benzene_ring,,R2,0,0.9412
probe_mm,last,3,fg_benzene_ring,,R2,1,0.9412
probe_mm,last,3,fg_benzene_ring,,R3,0,0.7451
probe_mm,last,3,fg_benzene_ring,,R3,1,0.7451
probe_mm,last,3,fg_benzene_ring,,R4,0,0.902
probe_mm,last,3,fg_benzene_ring,,R4,1,0.902
probe_mm,last,3,fg_benzene_ring,,R5,0,0.6078
probe_mm,last,3,fg_benzene_ring,,R5,1,0.6078
probe_mm,last,3,fg_benzene_ring,,R6,0,0.8431
probe_mm,last,3,fg_benzene_ring,,R6,1,0.8431
probe_mm,last,3,fg_benzene_ring,,R8,0,0.2745
probe_mm,last,3,fg_benzene_ring,,R8,1,0.2745
probe_mm,last,3,fg_benzene_ring,,R9,0,0.4706
probe_mm,last,3,fg_benzene_ring,,R9,1,0.4706
probe_mm,last,3,fg_pyrrole_ring,,qm9s_val,0,0.7268
probe_mm,last,3,fg_pyrrole_ring,,R0,0,0.7656
probe_mm,last,3,fg_pyrrole_ring,,R2,0,0.7895
probe_mm,last,3,fg_pyrrole_ring,,R2,1,0.7895
probe_mm,last,3,fg_pyrrole_ring,,R3,0,0.8421
probe_mm,last,3,fg_pyrrole_ring,,R3,1,0.8421
probe_mm,last,3,fg_pyrrole_ring,,R4,0,0.9474
probe_mm,last,3,fg_pyrrole_ring,,R4,1,0.9474
probe_mm,last,3,fg_pyrrole_ring,,R5,0,0.3684
probe_mm,last,3,fg_pyrrole_ring,,R5,1,0.3684
probe_mm,last,3,fg_pyrrole_ring,,R6,0,0.7895
probe_mm,last,3,fg_pyrrole_ring,,R6,1,0.7895
probe_mm,last,3,fg_pyrrole_ring,,R8,0,0.0526
probe_mm,last,3,fg_pyrrole_ring,,R8,1,0.0526
probe_mm,last,3,fg_pyrrole_ring,,R9,0,0.5263
probe_mm,last,3,fg_pyrrole_ring,,R9,1,0.5263
probe_mm,last,3,fg_imidazole_ring,,qm9s_val,0,0.7946
probe_mm,last,3,fg_imidazole_ring,,R0,0,0.773
probe_mm,last,3,fg_imidazole_ring,,R2,0,0.3158
probe_mm,last,3,fg_imidazole_ring,,R2,1,0.3158
probe_mm,last,3,fg_imidazole_ring,,R3,0,0.8947
probe_mm,last,3,fg_imidazole_ring,,R3,1,0.8947
probe_mm,last,3,fg_imidazole_ring,,R4,0,0.0526
probe_mm,last,3,fg_imidazole_ring,,R4,1,0.0526
probe_mm,last,3,fg_imidazole_ring,,R5,0,0.0526
probe_mm,last,3,fg_imidazole_ring,,R5,1,0.0526
probe_mm,last,3,fg_imidazole_ring,,R6,0,0.2632
probe_mm,last,3,fg_imidazole_ring,,R6,1,0.2632
probe_mm,last,3,fg_imidazole_ring,,R8,0,0.5263
probe_mm,last,3,fg_imidazole_ring,,R8,1,0.5263
probe_mm,last,3,fg_imidazole_ring,,R9,0,0.8421
probe_mm,last,3,fg_imidazole_ring,,R9,1,0.8421
probe_lr,last,6,fg_primary_amine,0.01,qm9s_val,0,0.8441
probe_lr,last,6,fg_primary_amine,0.01,R0,0,0.814
probe_lr,last,6,fg_primary_amine,0.01,R2,0,0.6316
probe_lr,last,6,fg_primary_amine,0.01,R2,1,0.6316
probe_lr,last,6,fg_primary_amine,0.01,R3,0,0.2105
probe_lr,last,6,fg_primary_amine,0.01,R3,1,0.2105
probe_lr,last,6,fg_primary_amine,0.01,R4,0,0.2105
probe_lr,last,6,fg_primary_amine,0.01,R4,1,0.2105
probe_lr,last,6,fg_primary_amine,0.01,R5,0,0.1579
probe_lr,last,6,fg_primary_amine,0.01,R5,1,0.1579
probe_lr,last,6,fg_primary_amine,0.01,R6,0,0.4211
probe_lr,last,6,fg_primary_amine,0.01,R6,1,0.4211
probe_lr,last,6,fg_primary_amine,0.01,R8,0,0.2105
probe_lr,last,6,fg_primary_amine,0.01,R8,1,0.2105
probe_lr,last,6,fg_primary_amine,0.01,R9,0,0.8947
probe_lr,last,6,fg_primary_amine,0.01,R9,1,0.8947
probe_lr,last,6,fg_secondary_amine,0.01,qm9s_val,0,0.6369
probe_lr,last,6,fg_secondary_amine,0.01,R0,0,0.6634
probe_lr,last,6,fg_secondary_amine,0.01,R2,0,0.6316
probe_lr,last,6,fg_secondary_amine,0.01,R2,1,0.6316
probe_lr,last,6,fg_secondary_amine,0.01,R3,0,0.6842
probe_lr,last,6,fg_secondary_amine,0.01,R3,1,0.6842
probe_lr,last,6,fg_secondary_amine,0.01,R4,0,0.2105
probe_lr,last,6,fg_secondary_amine,0.01,R4,1,0.2105
probe_lr,last,6,fg_secondary_amine,0.01,R5,0,0.1579
probe_lr,last,6,fg_secondary_amine,0.01,R5,1,0.1579
probe_lr,last,6,fg_secondary_amine,0.01,R6,0,0.4737
probe_lr,last,6,fg_secondary_amine,0.01,R6,1,0.4737
probe_lr,last,6,fg_secondary_amine,0.01,R8,0,0.8421
probe_lr,last,6,fg_secondary_amine,0.01,R8,1,0.8421
probe_lr,last,6,fg_secondary_amine,0.01,R9,0,0.2105
probe_lr,last,6,fg_secondary_amine,0.01,R9,1,0.2105
probe_lr,last,6,fg_amide,0.01,qm9s_val,0,0.7704
probe_lr,last,6,fg_amide,0.01,R0,0,0.7781
probe_lr,last,6,fg_amide,0.01,R2,0,0.6111
probe_lr,last,6,fg_amide,0.01,R2,1,0.6111
probe_lr,last,6,fg_amide,0.01,R3,0,0.4722
probe_lr,last,6,fg_amide,0.01,R3,1,0.4722
probe_lr,last,6,fg_amide,0.01,R4,0,0.8611
probe_lr,last,6,fg_amide,0.01,R4,1,0.8611
probe_lr,last,6,fg_amide,0.01,R5,0,0.8056
probe_lr,last,6,fg_amide,0.01,R5,1,0.8056
probe_lr,last,6,fg_amide,0.01,R6,0,0.75
probe_lr,last,6,fg_amide,0.01,R6,1,0.75
probe_lr,last,6,fg_amide,0.01,R8,0,0.4167
probe_lr,last,6,fg_amide,0.01,R8,1,0.4167
probe_lr,last,6,fg_amide,0.01,R9,0,0.8056
probe_lr,last,6,fg_amide,0.01,R9,1,0.8056
probe_lr,last,6,fg_guanidine,0.01,qm9s_val,0,0.8727
probe_lr,last,6,fg_guanidine,0.01,R0,0,0.8872
probe_lr,last,6,fg_guanidine,0.01,R2,0,0.8947
probe_lr,last,6,fg_guanidine,0.01,R2,1,0.8947
probe_lr,last,6,fg_guanidine,0.01,R3,0,0.2105
probe_lr,last,6,fg_guanidine,0.01,R3,1,0.2105
probe_lr,last,6,fg_guanidine,0.01,R4,0,0.5263
probe_lr,last,6,fg_guanidine,0.01,R4,1,0.5263
probe_lr,last,6,fg_guanidine,0.01,R5,0,0.1579
probe_lr,last,6,fg_guanidine,0.01,R5,1,0.1579
probe_lr,last,6,fg_guanidine,0.01,R6,0,0.9474
probe_lr,last,6,fg_guanidine,0.01,R6,1,0.9474
probe_lr,last,6,fg_guanidine,0.01,R8,0,0.0526
probe_lr,last,6,fg_guanidine,0.01,R8,1,0.0526
probe_lr,last,6,fg_guanidine,0.01,R9,0,0.3684
probe_lr,last,6,fg_guanidine,0.01,R9,1,0.3684
probe_lr,last,6,fg_hydroxyl_aliphatic,0.01,qm9s_val,0,0.6741
probe_lr,last,6,fg_hydroxyl_aliphatic,0.01,R0,0,0.6724
probe_lr,last,6,fg_hydroxyl_aliphatic,0.01,R2,0,0.8333
probe_lr,last,6,fg_hydroxyl_aliphatic,0.01,R2,1,0.8333
probe_lr,last,6,fg_hydroxyl_aliphatic,0.01,R3,0,0.8889
probe_lr,last,6,fg_hydroxyl_aliphatic,0.01,R3,1,0.8889
probe_lr,last,6,fg_hydroxyl_aliphatic,0.01,R4,0,0.75
probe_lr,last,6,fg_hydroxyl_aliphatic,0.01,R4,1,0.75
probe_lr,last,6,fg_hydroxyl_aliphatic,0.01,R5,0,0.5278
probe_lr,last,6,fg_hydroxyl_aliphatic,0.01,R5,1,0.5278
probe_lr,last,6,fg_hydroxyl_aliphatic,0.01,R6,0,0.8056
probe_lr,last,6,fg_hydroxyl_aliphatic,0.01,R6,1,0.8056
probe_lr,last,6,fg_hydroxyl_aliphatic,0.01,R8,0,0.5556
probe_lr,last,6,fg_hydroxyl_aliphatic,0.01,R8,1,0.5556
probe_lr,last,6,fg_hydroxyl_aliphatic,0.01,R9,0,0.6111
probe_lr,last,6,fg_hydroxyl_aliphatic,0.01,R9,1,0.6111
probe_lr,last,6,fg_phenol,0.01,qm9s_val,0,0.9038
probe_lr,last,6,fg_phenol,0.01,R0,0,0.8558
probe_lr,last,6,fg_phenol,0.01,R2,0,0.8421
probe_lr,last,6,fg_phenol,0.01,R2,1,0.8421
probe_lr,last,6,fg_phenol,0.01,R3,0,0.5789
probe_lr,last,6,fg_phenol,0.01,R3,1,0.5789
probe_lr,last,6,fg_phenol,0.01,R4,0,0.5263
probe_lr,last,6,fg_phenol,0.01,R4,1,0.5263
probe_lr,last,6,fg_phenol,0.01,R5,0,0.6842
probe_lr,last,6,fg_phenol,0.01,R5,1,0.6842
probe_lr,last,6,fg_phenol,0.01,R6,0,0.3684
probe_lr,last,6,fg_phenol,0.01,R6,1,0.3684
probe_lr,last,6,fg_phenol,0.01,R8,0,0.3158
probe_lr,last,6,fg_phenol,0.01,R8,1,0.3158
probe_lr,last,6,fg_phenol,0.01,R9,0,0.0
probe_lr,last,6,fg_phenol,0.01,R9,1,0.0
probe_lr,last,6,fg_aromatic_ring,0.01,qm9s_val,0,0.9422
probe_lr,last,6,fg_aromatic_ring,0.01,R0,0,0.9385
probe_lr,last,6,fg_aromatic_ring,0.01,R2,0,0.9219
probe_lr,last,6,fg_aromatic_ring,0.01,R2,1,0.9219
probe_lr,last,6,fg_aromatic_ring,0.01,R3,0,0.9688
probe_lr,last,6,fg_aromatic_ring,0.01,R3,1,0.9688
probe_lr,last,6,fg_aromatic_ring,0.01,R4,0,0.4844
probe_lr,last,6,fg_aromatic_ring,0.01,R4,1,0.4844
probe_lr,last,6,fg_aromatic_ring,0.01,R5,0,0.5625
probe_lr,last,6,fg_aromatic_ring,0.01,R5,1,0.5625
probe_lr,last,6,fg_aromatic_ring,0.01,R6,0,0.4219
probe_lr,last,6,fg_aromatic_ring,0.01,R6,1,0.4219
probe_lr,last,6,fg_aromatic_ring,0.01,R8,0,0.6562
probe_lr,last,6,fg_aromatic_ring,0.01,R8,1,0.6562
probe_lr,last,6,fg_aromatic_ring,0.01,R9,0,0.4531
probe_lr,last,6,fg_aromatic_ring,0.01,R9,1,0.4531
probe_lr,last,6,fg_benzene_ring,0.01,qm9s_val,0,0.9576
probe_lr,last,6,fg_benzene_ring,0.01,R0,0,0.9196
probe_lr,last,6,fg_benzene_ring,0.01,R2,0,0.8039
probe_lr,last,6,fg_benzene_ring,0.01,R2,1,0.8039
probe_lr,last,6,fg_benzene_ring,0.01,R3,0,0.6863
probe_lr,last,6,fg_benzene_ring,0.01,R3,1,0.6863
probe_lr,last,6,fg_benzene_ring,0.01,R4,0,0.7451
probe_lr,last,6,fg_benzene_ring,0.01,R4,1,0.7451
probe_lr,last,6,fg_benzene_ring,0.01,R5,0,0.5294
probe_lr,last,6,fg_benzene_ring,0.01,R5,1,0.5294
probe_lr,last,6,fg_benzene_ring,0.01,R6,0,0.6471
probe_lr,last,6,fg_benzene_ring,0.01,R6,1,0.6471
probe_lr,last,6,fg_benzene_ring,0.01,R8,0,0.3725
probe_lr,last,6,fg_benzene_ring,0.01,R8,1,0.3725
probe_lr,last,6,fg_benzene_ring,0.01,R9,0,0.5294
probe_lr,last,6,fg_benzene_ring,0.01,R9,1,0.5098
probe_lr,last,6,fg_pyrrole_ring,0.01,qm9s_val,0,0.8733
probe_lr,last,6,fg_pyrrole_ring,0.01,R0,0,0.8892
probe_lr,last,6,fg_pyrrole_ring,0.01,R2,0,1.0
probe_lr,last,6,fg_pyrrole_ring,0.01,R2,1,1.0
probe_lr,last,6,fg_pyrrole_ring,0.01,R3,0,1.0
probe_lr,last,6,fg_pyrrole_ring,0.01,R3,1,1.0
probe_lr,last,6,fg_pyrrole_ring,0.01,R4,0,1.0
probe_lr,last,6,fg_pyrrole_ring,0.01,R4,1,1.0
probe_lr,last,6,fg_pyrrole_ring,0.01,R5,0,1.0
probe_lr,last,6,fg_pyrrole_ring,0.01,R5,1,1.0
probe_lr,last,6,fg_pyrrole_ring,0.01,R6,0,0.9474
probe_lr,last,6,fg_pyrrole_ring,0.01,R6,1,0.9474
probe_lr,last,6,fg_pyrrole_ring,0.01,R8,0,0.9474
probe_lr,last,6,fg_pyrrole_ring,0.01,R8,1,0.9474
probe_lr,last,6,fg_pyrrole_ring,0.01,R9,0,1.0
probe_lr,last,6,fg_pyrrole_ring,0.01,R9,1,1.0
probe_lr,last,6,fg_imidazole_ring,0.01,qm9s_val,0,0.9099
probe_lr,last,6,fg_imidazole_ring,0.01,R0,0,0.8854
probe_lr,last,6,fg_imidazole_ring,0.01,R2,0,0.2105
probe_lr,last,6,fg_imidazole_ring,0.01,R2,1,0.2105
probe_lr,last,6,fg_imidazole_ring,0.01,R3,0,1.0
probe_lr,last,6,fg_imidazole_ring,0.01,R3,1,1.0
probe_lr,last,6,fg_imidazole_ring,0.01,R4,0,0.1053
probe_lr,last,6,fg_imidazole_ring,0.01,R4,1,0.1053
probe_lr,last,6,fg_imidazole_ring,0.01,R5,0,0.0526
probe_lr,last,6,fg_imidazole_ring,0.01,R5,1,0.0526
probe_lr,last,6,fg_imidazole_ring,0.01,R6,0,0.2632
probe_lr,last,6,fg_imidazole_ring,0.01,R6,1,0.2632
probe_lr,last,6,fg_imidazole_ring,0.01,R8,0,0.9474
probe_lr,last,6,fg_imidazole_ring,0.01,R8,1,0.9474
probe_lr,last,6,fg_imidazole_ring,0.01,R9,0,0.1053
probe_lr,last,6,fg_imidazole_ring,0.01,R9,1,0.1053
probe_mm,last,6,fg_primary_amine,,qm9s_val,0,0.584
probe_mm,last,6,fg_primary_amine,,R0,0,0.6315
probe_mm,last,6,fg_primary_amine,,R2,0,0.6842
probe_mm,last,6,fg_primary_amine,,R2,1,0.6842
probe_mm,last,6,fg_primary_amine,,R3,0,0.5263
probe_mm,last,6,fg_primary_amine,,R3,1,0.5263
probe_mm,last,6,fg_primary_amine,,R4,0,0.0
probe_mm,last,6,fg_primary_amine,,R4,1,0.0
probe_mm,last,6,fg_primary_amine,,R5,0,0.0
probe_mm,last,6,fg_primary_amine,,R5,1,0.0
probe_mm,last,6,fg_primary_amine,,R6,0,0.0526
probe_mm,last,6,fg_primary_amine,,R6,1,0.0526
probe_mm,last,6,fg_primary_amine,,R8,0,0.2105
probe_mm,last,6,fg_primary_amine,,R8,1,0.2105
probe_mm,last,6,fg_primary_amine,,R9,0,0.7895
probe_mm,last,6,fg_primary_amine,,R9,1,0.7895
probe_mm,last,6,fg_secondary_amine,,qm9s_val,0,0.6297
probe_mm,last,6,fg_secondary_amine,,R0,0,0.6246
probe_mm,last,6,fg_secondary_amine,,R2,0,0.3684
probe_mm,last,6,fg_secondary_amine,,R2,1,0.3684
probe_mm,last,6,fg_secondary_amine,,R3,0,0.4737
probe_mm,last,6,fg_secondary_amine,,R3,1,0.4737
probe_mm,last,6,fg_secondary_amine,,R4,0,1.0
probe_mm,last,6,fg_secondary_amine,,R4,1,1.0
probe_mm,last,6,fg_secondary_amine,,R5,0,1.0
probe_mm,last,6,fg_secondary_amine,,R5,1,1.0
probe_mm,last,6,fg_secondary_amine,,R6,0,0.9474
probe_mm,last,6,fg_secondary_amine,,R6,1,0.9474
probe_mm,last,6,fg_secondary_amine,,R8,0,0.7368
probe_mm,last,6,fg_secondary_amine,,R8,1,0.7368
probe_mm,last,6,fg_secondary_amine,,R9,0,0.2105
probe_mm,last,6,fg_secondary_amine,,R9,1,0.2105
probe_mm,last,6,fg_amide,,qm9s_val,0,0.6331
probe_mm,last,6,fg_amide,,R0,0,0.6715
probe_mm,last,6,fg_amide,,R2,0,0.9444
probe_mm,last,6,fg_amide,,R2,1,0.9444
probe_mm,last,6,fg_amide,,R3,0,0.9444
probe_mm,last,6,fg_amide,,R3,1,0.9444
probe_mm,last,6,fg_amide,,R4,0,0.6111
probe_mm,last,6,fg_amide,,R4,1,0.6111
probe_mm,last,6,fg_amide,,R5,0,0.7222
probe_mm,last,6,fg_amide,,R5,1,0.7222
probe_mm,last,6,fg_amide,,R6,0,0.6111
probe_mm,last,6,fg_amide,,R6,1,0.6111
probe_mm,last,6,fg_amide,,R8,0,0.4167
probe_mm,last,6,fg_amide,,R8,1,0.4167
probe_mm,last,6,fg_amide,,R9,0,0.6389
probe_mm,last,6,fg_amide,,R9,1,0.6389
probe_mm,last,6,fg_guanidine,,qm9s_val,0,0.6632
probe_mm,last,6,fg_guanidine,,R0,0,0.6636
probe_mm,last,6,fg_guanidine,,R2,0,0.1579
probe_mm,last,6,fg_guanidine,,R2,1,0.1579
probe_mm,last,6,fg_guanidine,,R3,0,0.0
probe_mm,last,6,fg_guanidine,,R3,1,0.0
probe_mm,last,6,fg_guanidine,,R4,0,0.1053
probe_mm,last,6,fg_guanidine,,R4,1,0.1053
probe_mm,last,6,fg_guanidine,,R5,0,0.1053
probe_mm,last,6,fg_guanidine,,R5,1,0.1053
probe_mm,last,6,fg_guanidine,,R6,0,0.7895
probe_mm,last,6,fg_guanidine,,R6,1,0.7895
probe_mm,last,6,fg_guanidine,,R8,0,0.6316
probe_mm,last,6,fg_guanidine,,R8,1,0.6316
probe_mm,last,6,fg_guanidine,,R9,0,0.1053
probe_mm,last,6,fg_guanidine,,R9,1,0.1053
probe_mm,last,6,fg_hydroxyl_aliphatic,,qm9s_val,0,0.5983
probe_mm,last,6,fg_hydroxyl_aliphatic,,R0,0,0.6262
probe_mm,last,6,fg_hydroxyl_aliphatic,,R2,0,0.75
probe_mm,last,6,fg_hydroxyl_aliphatic,,R2,1,0.75
probe_mm,last,6,fg_hydroxyl_aliphatic,,R3,0,0.6667
probe_mm,last,6,fg_hydroxyl_aliphatic,,R3,1,0.6667
probe_mm,last,6,fg_hydroxyl_aliphatic,,R4,0,0.3889
probe_mm,last,6,fg_hydroxyl_aliphatic,,R4,1,0.3889
probe_mm,last,6,fg_hydroxyl_aliphatic,,R5,0,0.3333
probe_mm,last,6,fg_hydroxyl_aliphatic,,R5,1,0.3333
probe_mm,last,6,fg_hydroxyl_aliphatic,,R6,0,0.5
probe_mm,last,6,fg_hydroxyl_aliphatic,,R6,1,0.5
probe_mm,last,6,fg_hydroxyl_aliphatic,,R8,0,0.8056
probe_mm,last,6,fg_hydroxyl_aliphatic,,R8,1,0.8056
probe_mm,last,6,fg_hydroxyl_aliphatic,,R9,0,0.5556
probe_mm,last,6,fg_hydroxyl_aliphatic,,R9,1,0.5556
probe_mm,last,6,fg_phenol,,qm9s_val,0,0.8043
probe_mm,last,6,fg_phenol,,R0,0,0.7473
probe_mm,last,6,fg_phenol,,R2,0,0.9474
probe_mm,last,6,fg_phenol,,R2,1,0.9474
probe_mm,last,6,fg_phenol,,R3,0,0.7895
probe_mm,last,6,fg_phenol,,R3,1,0.7895
probe_mm,last,6,fg_phenol,,R4,0,0.8947
probe_mm,last,6,fg_phenol,,R4,1,0.8947
probe_mm,last,6,fg_phenol,,R5,0,0.6316
probe_mm,last,6,fg_phenol,,R5,1,0.6316
probe_mm,last,6,fg_phenol,,R6,0,0.6842
probe_mm,last,6,fg_phenol,,R6,1,0.6842
probe_mm,last,6,fg_phenol,,R8,0,0.5789
probe_mm,last,6,fg_phenol,,R8,1,0.5789
probe_mm,last,6,fg_phenol,,R9,0,0.0
probe_mm,last,6,fg_phenol,,R9,1,0.0
probe_mm,last,6,fg_aromatic_ring,,qm9s_val,0,0.844
probe_mm,last,6,fg_aromatic_ring,,R0,0,0.8255
probe_mm,last,6,fg_aromatic_ring,,R2,0,0.7656
probe_mm,last,6,fg_aromatic_ring,,R2,1,0.7656
probe_mm,last,6,fg_aromatic_ring,,R3,0,0.8281
probe_mm,last,6,fg_aromatic_ring,,R3,1,0.8281
probe_mm,last,6,fg_aromatic_ring,,R4,0,0.6875
probe_mm,last,6,fg_aromatic_ring,,R4,1,0.6875
probe_mm,last,6,fg_aromatic_ring,,R5,0,0.4844
probe_mm,last,6,fg_aromatic_ring,,R5,1,0.4844
probe_mm,last,6,fg_aromatic_ring,,R6,0,0.6562
probe_mm,last,6,fg_aromatic_ring,,R6,1,0.6562
probe_mm,last,6,fg_aromatic_ring,,R8,0,0.3438
probe_mm,last,6,fg_aromatic_ring,,R8,1,0.3438
probe_mm,last,6,fg_aromatic_ring,,R9,0,0.5625
probe_mm,last,6,fg_aromatic_ring,,R9,1,0.5625
probe_mm,last,6,fg_benzene_ring,,qm9s_val,0,0.819
probe_mm,last,6,fg_benzene_ring,,R0,0,0.7923
probe_mm,last,6,fg_benzene_ring,,R2,0,0.8824
probe_mm,last,6,fg_benzene_ring,,R2,1,0.8824
probe_mm,last,6,fg_benzene_ring,,R3,0,0.7843
probe_mm,last,6,fg_benzene_ring,,R3,1,0.7843
probe_mm,last,6,fg_benzene_ring,,R4,0,0.902
probe_mm,last,6,fg_benzene_ring,,R4,1,0.902
probe_mm,last,6,fg_benzene_ring,,R5,0,0.6471
probe_mm,last,6,fg_benzene_ring,,R5,1,0.6471
probe_mm,last,6,fg_benzene_ring,,R6,0,0.8431
probe_mm,last,6,fg_benzene_ring,,R6,1,0.8431
probe_mm,last,6,fg_benzene_ring,,R8,0,0.2941
probe_mm,last,6,fg_benzene_ring,,R8,1,0.2941
probe_mm,last,6,fg_benzene_ring,,R9,0,0.451
probe_mm,last,6,fg_benzene_ring,,R9,1,0.451
probe_mm,last,6,fg_pyrrole_ring,,qm9s_val,0,0.7371
probe_mm,last,6,fg_pyrrole_ring,,R0,0,0.7726
probe_mm,last,6,fg_pyrrole_ring,,R2,0,0.7895
probe_mm,last,6,fg_pyrrole_ring,,R2,1,0.7895
probe_mm,last,6,fg_pyrrole_ring,,R3,0,0.9474
probe_mm,last,6,fg_pyrrole_ring,,R3,1,0.9474
probe_mm,last,6,fg_pyrrole_ring,,R4,0,0.9474
probe_mm,last,6,fg_pyrrole_ring,,R4,1,0.9474
probe_mm,last,6,fg_pyrrole_ring,,R5,0,0.3684
probe_mm,last,6,fg_pyrrole_ring,,R5,1,0.3684
probe_mm,last,6,fg_pyrrole_ring,,R6,0,0.7895
probe_mm,last,6,fg_pyrrole_ring,,R6,1,0.7895
probe_mm,last,6,fg_pyrrole_ring,,R8,0,0.0526
probe_mm,last,6,fg_pyrrole_ring,,R8,1,0.0526
probe_mm,last,6,fg_pyrrole_ring,,R9,0,0.4737
probe_mm,last,6,fg_pyrrole_ring,,R9,1,0.4737
probe_mm,last,6,fg_imidazole_ring,,qm9s_val,0,0.7922
probe_mm,last,6,fg_imidazole_ring,,R0,0,0.7769
probe_mm,last,6,fg_imidazole_ring,,R2,0,0.3158
probe_mm,last,6,fg_imidazole_ring,,R2,1,0.3158
probe_mm,last,6,fg_imidazole_ring,,R3,0,0.8421
probe_mm,last,6,fg_imidazole_ring,,R3,1,0.8421
probe_mm,last,6,fg_imidazole_ring,,R4,0,0.0526
probe_mm,last,6,fg_imidazole_ring,,R4,1,0.0526
probe_mm,last,6,fg_imidazole_ring,,R5,0,0.0526
probe_mm,last,6,fg_imidazole_ring,,R5,1,0.0526
probe_mm,last,6,fg_imidazole_ring,,R6,0,0.0526
probe_mm,last,6,fg_imidazole_ring,,R6,1,0.0526
probe_mm,last,6,fg_imidazole_ring,,R8,0,0.5263
probe_mm,last,6,fg_imidazole_ring,,R8,1,0.5263
probe_mm,last,6,fg_imidazole_ring,,R9,0,0.8421
probe_mm,last,6,fg_imidazole_ring,,R9,1,0.8421
probe_lr,last,9,fg_primary_amine,0.001,qm9s_val,0,0.815
probe_lr,last,9,fg_primary_amine,0.001,R0,0,0.8076
probe_lr,last,9,fg_primary_amine,0.001,R2,0,0.8421
probe_lr,last,9,fg_primary_amine,0.001,R2,1,0.8421
probe_lr,last,9,fg_primary_amine,0.001,R3,0,0.4211
probe_lr,last,9,fg_primary_amine,0.001,R3,1,0.4211
probe_lr,last,9,fg_primary_amine,0.001,R4,0,0.1053
probe_lr,last,9,fg_primary_amine,0.001,R4,1,0.1053
probe_lr,last,9,fg_primary_amine,0.001,R5,0,0.1579
probe_lr,last,9,fg_primary_amine,0.001,R5,1,0.1579
probe_lr,last,9,fg_primary_amine,0.001,R6,0,0.2105
probe_lr,last,9,fg_primary_amine,0.001,R6,1,0.2105
probe_lr,last,9,fg_primary_amine,0.001,R8,0,0.4211
probe_lr,last,9,fg_primary_amine,0.001,R8,1,0.4211
probe_lr,last,9,fg_primary_amine,0.001,R9,0,0.8947
probe_lr,last,9,fg_primary_amine,0.001,R9,1,0.8947
probe_lr,last,9,fg_secondary_amine,0.001,qm9s_val,0,0.6257
probe_lr,last,9,fg_secondary_amine,0.001,R0,0,0.6814
probe_lr,last,9,fg_secondary_amine,0.001,R2,0,0.5263
probe_lr,last,9,fg_secondary_amine,0.001,R2,1,0.5263
probe_lr,last,9,fg_secondary_amine,0.001,R3,0,0.4211
probe_lr,last,9,fg_secondary_amine,0.001,R3,1,0.4211
probe_lr,last,9,fg_secondary_amine,0.001,R4,0,0.4211
probe_lr,last,9,fg_secondary_amine,0.001,R4,1,0.4211
probe_lr,last,9,fg_secondary_amine,0.001,R5,0,0.4737
probe_lr,last,9,fg_secondary_amine,0.001,R5,1,0.4737
probe_lr,last,9,fg_secondary_amine,0.001,R6,0,0.6842
probe_lr,last,9,fg_secondary_amine,0.001,R6,1,0.6842
probe_lr,last,9,fg_secondary_amine,0.001,R8,0,0.8421
probe_lr,last,9,fg_secondary_amine,0.001,R8,1,0.8421
probe_lr,last,9,fg_secondary_amine,0.001,R9,0,0.2632
probe_lr,last,9,fg_secondary_amine,0.001,R9,1,0.2632
probe_lr,last,9,fg_amide,0.001,qm9s_val,0,0.7657
probe_lr,last,9,fg_amide,0.001,R0,0,0.7724
probe_lr,last,9,fg_amide,0.001,R2,0,0.8333
probe_lr,last,9,fg_amide,0.001,R2,1,0.8333
probe_lr,last,9,fg_amide,0.001,R3,0,0.3889
probe_lr,last,9,fg_amide,0.001,R3,1,0.3889
probe_lr,last,9,fg_amide,0.001,R4,0,0.8333
probe_lr,last,9,fg_amide,0.001,R4,1,0.8333
probe_lr,last,9,fg_amide,0.001,R5,0,0.8611
probe_lr,last,9,fg_amide,0.001,R5,1,0.8611
probe_lr,last,9,fg_amide,0.001,R6,0,0.75
probe_lr,last,9,fg_amide,0.001,R6,1,0.75
probe_lr,last,9,fg_amide,0.001,R8,0,0.5556
probe_lr,last,9,fg_amide,0.001,R8,1,0.5556
probe_lr,last,9,fg_amide,0.001,R9,0,0.7222
probe_lr,last,9,fg_amide,0.001,R9,1,0.6944
probe_lr,last,9,fg_guanidine,0.001,qm9s_val,0,0.86
probe_lr,last,9,fg_guanidine,0.001,R0,0,0.8709
probe_lr,last,9,fg_guanidine,0.001,R2,0,0.5263
probe_lr,last,9,fg_guanidine,0.001,R2,1,0.5263
probe_lr,last,9,fg_guanidine,0.001,R3,0,0.3158
probe_lr,last,9,fg_guanidine,0.001,R3,1,0.3158
probe_lr,last,9,fg_guanidine,0.001,R4,0,0.1053
probe_lr,last,9,fg_guanidine,0.001,R4,1,0.1053
probe_lr,last,9,fg_guanidine,0.001,R5,0,0.0
probe_lr,last,9,fg_guanidine,0.001,R5,1,0.0
probe_lr,last,9,fg_guanidine,0.001,R6,0,0.6316
probe_lr,last,9,fg_guanidine,0.001,R6,1,0.6316
probe_lr,last,9,fg_guanidine,0.001,R8,0,0.2105
probe_lr,last,9,fg_guanidine,0.001,R8,1,0.2105
probe_lr,last,9,fg_guanidine,0.001,R9,0,0.2632
probe_lr,last,9,fg_guanidine,0.001,R9,1,0.2632
probe_lr,last,9,fg_hydroxyl_aliphatic,0.001,qm9s_val,0,0.6738
probe_lr,last,9,fg_hydroxyl_aliphatic,0.001,R0,0,0.6742
probe_lr,last,9,fg_hydroxyl_aliphatic,0.001,R2,0,1.0
probe_lr,last,9,fg_hydroxyl_aliphatic,0.001,R2,1,1.0
probe_lr,last,9,fg_hydroxyl_aliphatic,0.001,R3,0,0.8611
probe_lr,last,9,fg_hydroxyl_aliphatic,0.001,R3,1,0.8611
probe_lr,last,9,fg_hydroxyl_aliphatic,0.001,R4,0,0.9167
probe_lr,last,9,fg_hydroxyl_aliphatic,0.001,R4,1,0.9167
probe_lr,last,9,fg_hydroxyl_aliphatic,0.001,R5,0,0.5556
probe_lr,last,9,fg_hydroxyl_aliphatic,0.001,R5,1,0.5556
probe_lr,last,9,fg_hydroxyl_aliphatic,0.001,R6,0,0.7778
probe_lr,last,9,fg_hydroxyl_aliphatic,0.001,R6,1,0.7778
probe_lr,last,9,fg_hydroxyl_aliphatic,0.001,R8,0,0.4444
probe_lr,last,9,fg_hydroxyl_aliphatic,0.001,R8,1,0.4444
probe_lr,last,9,fg_hydroxyl_aliphatic,0.001,R9,0,0.6111
probe_lr,last,9,fg_hydroxyl_aliphatic,0.001,R9,1,0.6111
probe_lr,last,9,fg_phenol,0.001,qm9s_val,0,0.9104
probe_lr,last,9,fg_phenol,0.001,R0,0,0.8599
probe_lr,last,9,fg_phenol,0.001,R2,0,0.7895
probe_lr,last,9,fg_phenol,0.001,R2,1,0.7895
probe_lr,last,9,fg_phenol,0.001,R3,0,0.7895
probe_lr,last,9,fg_phenol,0.001,R3,1,0.7895
probe_lr,last,9,fg_phenol,0.001,R4,0,0.7895
probe_lr,last,9,fg_phenol,0.001,R4,1,0.7895
probe_lr,last,9,fg_phenol,0.001,R5,0,0.5263
probe_lr,last,9,fg_phenol,0.001,R5,1,0.5263
probe_lr,last,9,fg_phenol,0.001,R6,0,0.5263
probe_lr,last,9,fg_phenol,0.001,R6,1,0.5263
probe_lr,last,9,fg_phenol,0.001,R8,0,0.2632
probe_lr,last,9,fg_phenol,0.001,R8,1,0.2632
probe_lr,last,9,fg_phenol,0.001,R9,0,0.2105
probe_lr,last,9,fg_phenol,0.001,R9,1,0.2105
probe_lr,last,9,fg_aromatic_ring,0.001,qm9s_val,0,0.932
probe_lr,last,9,fg_aromatic_ring,0.001,R0,0,0.9295
probe_lr,last,9,fg_aromatic_ring,0.001,R2,0,0.875
probe_lr,last,9,fg_aromatic_ring,0.001,R2,1,0.875
probe_lr,last,9,fg_aromatic_ring,0.001,R3,0,0.9375
probe_lr,last,9,fg_aromatic_ring,0.001,R3,1,0.9375
probe_lr,last,9,fg_aromatic_ring,0.001,R4,0,0.6094
probe_lr,last,9,fg_aromatic_ring,0.001,R4,1,0.6094
probe_lr,last,9,fg_aromatic_ring,0.001,R5,0,0.5
probe_lr,last,9,fg_aromatic_ring,0.001,R5,1,0.5
probe_lr,last,9,fg_aromatic_ring,0.001,R6,0,0.5781
probe_lr,last,9,fg_aromatic_ring,0.001,R6,1,0.5781
probe_lr,last,9,fg_aromatic_ring,0.001,R8,0,0.6094
probe_lr,last,9,fg_aromatic_ring,0.001,R8,1,0.6094
probe_lr,last,9,fg_aromatic_ring,0.001,R9,0,0.5469
probe_lr,last,9,fg_aromatic_ring,0.001,R9,1,0.5781
probe_lr,last,9,fg_benzene_ring,0.001,qm9s_val,0,0.9554
probe_lr,last,9,fg_benzene_ring,0.001,R0,0,0.9115
probe_lr,last,9,fg_benzene_ring,0.001,R2,0,0.7843
probe_lr,last,9,fg_benzene_ring,0.001,R2,1,0.7843
probe_lr,last,9,fg_benzene_ring,0.001,R3,0,0.7059
probe_lr,last,9,fg_benzene_ring,0.001,R3,1,0.7059
probe_lr,last,9,fg_benzene_ring,0.001,R4,0,0.7255
probe_lr,last,9,fg_benzene_ring,0.001,R4,1,0.7255
probe_lr,last,9,fg_benzene_ring,0.001,R5,0,0.451
probe_lr,last,9,fg_benzene_ring,0.001,R5,1,0.451
probe_lr,last,9,fg_benzene_ring,0.001,R6,0,0.6078
probe_lr,last,9,fg_benzene_ring,0.001,R6,1,0.6078
probe_lr,last,9,fg_benzene_ring,0.001,R8,0,0.3137
probe_lr,last,9,fg_benzene_ring,0.001,R8,1,0.3137
probe_lr,last,9,fg_benzene_ring,0.001,R9,0,0.5686
probe_lr,last,9,fg_benzene_ring,0.001,R9,1,0.549
probe_lr,last,9,fg_pyrrole_ring,0.001,qm9s_val,0,0.8747
probe_lr,last,9,fg_pyrrole_ring,0.001,R0,0,0.8952
probe_lr,last,9,fg_pyrrole_ring,0.001,R2,0,1.0
probe_lr,last,9,fg_pyrrole_ring,0.001,R2,1,1.0
probe_lr,last,9,fg_pyrrole_ring,0.001,R3,0,1.0
probe_lr,last,9,fg_pyrrole_ring,0.001,R3,1,1.0
probe_lr,last,9,fg_pyrrole_ring,0.001,R4,0,1.0
probe_lr,last,9,fg_pyrrole_ring,0.001,R4,1,1.0
probe_lr,last,9,fg_pyrrole_ring,0.001,R5,0,0.9474
probe_lr,last,9,fg_pyrrole_ring,0.001,R5,1,0.9474
probe_lr,last,9,fg_pyrrole_ring,0.001,R6,0,1.0
probe_lr,last,9,fg_pyrrole_ring,0.001,R6,1,1.0
probe_lr,last,9,fg_pyrrole_ring,0.001,R8,0,1.0
probe_lr,last,9,fg_pyrrole_ring,0.001,R8,1,1.0
probe_lr,last,9,fg_pyrrole_ring,0.001,R9,0,1.0
probe_lr,last,9,fg_pyrrole_ring,0.001,R9,1,1.0
probe_lr,last,9,fg_imidazole_ring,0.001,qm9s_val,0,0.9218
probe_lr,last,9,fg_imidazole_ring,0.001,R0,0,0.8748
probe_lr,last,9,fg_imidazole_ring,0.001,R2,0,0.1053
probe_lr,last,9,fg_imidazole_ring,0.001,R2,1,0.1053
probe_lr,last,9,fg_imidazole_ring,0.001,R3,0,1.0
probe_lr,last,9,fg_imidazole_ring,0.001,R3,1,1.0
probe_lr,last,9,fg_imidazole_ring,0.001,R4,0,0.1053
probe_lr,last,9,fg_imidazole_ring,0.001,R4,1,0.1053
probe_lr,last,9,fg_imidazole_ring,0.001,R5,0,0.1579
probe_lr,last,9,fg_imidazole_ring,0.001,R5,1,0.1579
probe_lr,last,9,fg_imidazole_ring,0.001,R6,0,0.3158
probe_lr,last,9,fg_imidazole_ring,0.001,R6,1,0.3158
probe_lr,last,9,fg_imidazole_ring,0.001,R8,0,0.9474
probe_lr,last,9,fg_imidazole_ring,0.001,R8,1,0.9474
probe_lr,last,9,fg_imidazole_ring,0.001,R9,0,0.5263
probe_lr,last,9,fg_imidazole_ring,0.001,R9,1,0.5263
probe_mm,last,9,fg_primary_amine,,qm9s_val,0,0.593
probe_mm,last,9,fg_primary_amine,,R0,0,0.6386
probe_mm,last,9,fg_primary_amine,,R2,0,0.6842
probe_mm,last,9,fg_primary_amine,,R2,1,0.6842
probe_mm,last,9,fg_primary_amine,,R3,0,0.5789
probe_mm,last,9,fg_primary_amine,,R3,1,0.5789
probe_mm,last,9,fg_primary_amine,,R4,0,0.0
probe_mm,last,9,fg_primary_amine,,R4,1,0.0
probe_mm,last,9,fg_primary_amine,,R5,0,0.0
probe_mm,last,9,fg_primary_amine,,R5,1,0.0
probe_mm,last,9,fg_primary_amine,,R6,0,0.0526
probe_mm,last,9,fg_primary_amine,,R6,1,0.0526
probe_mm,last,9,fg_primary_amine,,R8,0,0.2632
probe_mm,last,9,fg_primary_amine,,R8,1,0.2632
probe_mm,last,9,fg_primary_amine,,R9,0,0.7895
probe_mm,last,9,fg_primary_amine,,R9,1,0.7895
probe_mm,last,9,fg_secondary_amine,,qm9s_val,0,0.6289
probe_mm,last,9,fg_secondary_amine,,R0,0,0.6233
probe_mm,last,9,fg_secondary_amine,,R2,0,0.3158
probe_mm,last,9,fg_secondary_amine,,R2,1,0.3158
probe_mm,last,9,fg_secondary_amine,,R3,0,0.4211
probe_mm,last,9,fg_secondary_amine,,R3,1,0.4211
probe_mm,last,9,fg_secondary_amine,,R4,0,1.0
probe_mm,last,9,fg_secondary_amine,,R4,1,1.0
probe_mm,last,9,fg_secondary_amine,,R5,0,1.0
probe_mm,last,9,fg_secondary_amine,,R5,1,1.0
probe_mm,last,9,fg_secondary_amine,,R6,0,0.8947
probe_mm,last,9,fg_secondary_amine,,R6,1,0.8947
probe_mm,last,9,fg_secondary_amine,,R8,0,0.7368
probe_mm,last,9,fg_secondary_amine,,R8,1,0.7368
probe_mm,last,9,fg_secondary_amine,,R9,0,0.2105
probe_mm,last,9,fg_secondary_amine,,R9,1,0.2105
probe_mm,last,9,fg_amide,,qm9s_val,0,0.6433
probe_mm,last,9,fg_amide,,R0,0,0.6825
probe_mm,last,9,fg_amide,,R2,0,0.9167
probe_mm,last,9,fg_amide,,R2,1,0.9167
probe_mm,last,9,fg_amide,,R3,0,0.9444
probe_mm,last,9,fg_amide,,R3,1,0.9444
probe_mm,last,9,fg_amide,,R4,0,0.5556
probe_mm,last,9,fg_amide,,R4,1,0.5556
probe_mm,last,9,fg_amide,,R5,0,0.6667
probe_mm,last,9,fg_amide,,R5,1,0.6667
probe_mm,last,9,fg_amide,,R6,0,0.6389
probe_mm,last,9,fg_amide,,R6,1,0.6389
probe_mm,last,9,fg_amide,,R8,0,0.4444
probe_mm,last,9,fg_amide,,R8,1,0.4444
probe_mm,last,9,fg_amide,,R9,0,0.6667
probe_mm,last,9,fg_amide,,R9,1,0.6667
probe_mm,last,9,fg_guanidine,,qm9s_val,0,0.6608
probe_mm,last,9,fg_guanidine,,R0,0,0.6659
probe_mm,last,9,fg_guanidine,,R2,0,0.0
probe_mm,last,9,fg_guanidine,,R2,1,0.0
probe_mm,last,9,fg_guanidine,,R3,0,0.1579
probe_mm,last,9,fg_guanidine,,R3,1,0.1579
probe_mm,last,9,fg_guanidine,,R4,0,0.0
probe_mm,last,9,fg_guanidine,,R4,1,0.0
probe_mm,last,9,fg_guanidine,,R5,0,0.1053
probe_mm,last,9,fg_guanidine,,R5,1,0.1053
probe_mm,last,9,fg_guanidine,,R6,0,0.3684
probe_mm,last,9,fg_guanidine,,R6,1,0.3684
probe_mm,last,9,fg_guanidine,,R8,0,0.5789
probe_mm,last,9,fg_guanidine,,R8,1,0.5789
probe_mm,last,9,fg_guanidine,,R9,0,0.1053
probe_mm,last,9,fg_guanidine,,R9,1,0.1053
probe_mm,last,9,fg_hydroxyl_aliphatic,,qm9s_val,0,0.5991
probe_mm,last,9,fg_hydroxyl_aliphatic,,R0,0,0.6266
probe_mm,last,9,fg_hydroxyl_aliphatic,,R2,0,0.7778
probe_mm,last,9,fg_hydroxyl_aliphatic,,R2,1,0.7778
probe_mm,last,9,fg_hydroxyl_aliphatic,,R3,0,0.6667
probe_mm,last,9,fg_hydroxyl_aliphatic,,R3,1,0.6667
probe_mm,last,9,fg_hydroxyl_aliphatic,,R4,0,0.5278
probe_mm,last,9,fg_hydroxyl_aliphatic,,R4,1,0.5278
probe_mm,last,9,fg_hydroxyl_aliphatic,,R5,0,0.4444
probe_mm,last,9,fg_hydroxyl_aliphatic,,R5,1,0.4444
probe_mm,last,9,fg_hydroxyl_aliphatic,,R6,0,0.5
probe_mm,last,9,fg_hydroxyl_aliphatic,,R6,1,0.5
probe_mm,last,9,fg_hydroxyl_aliphatic,,R8,0,0.75
probe_mm,last,9,fg_hydroxyl_aliphatic,,R8,1,0.75
probe_mm,last,9,fg_hydroxyl_aliphatic,,R9,0,0.5556
probe_mm,last,9,fg_hydroxyl_aliphatic,,R9,1,0.5556
probe_mm,last,9,fg_phenol,,qm9s_val,0,0.8039
probe_mm,last,9,fg_phenol,,R0,0,0.7466
probe_mm,last,9,fg_phenol,,R2,0,0.9474
probe_mm,last,9,fg_phenol,,R2,1,0.9474
probe_mm,last,9,fg_phenol,,R3,0,0.7895
probe_mm,last,9,fg_phenol,,R3,1,0.7895
probe_mm,last,9,fg_phenol,,R4,0,0.8947
probe_mm,last,9,fg_phenol,,R4,1,0.8947
probe_mm,last,9,fg_phenol,,R5,0,0.6842
probe_mm,last,9,fg_phenol,,R5,1,0.6842
probe_mm,last,9,fg_phenol,,R6,0,0.6316
probe_mm,last,9,fg_phenol,,R6,1,0.6316
probe_mm,last,9,fg_phenol,,R8,0,0.5263
probe_mm,last,9,fg_phenol,,R8,1,0.5263
probe_mm,last,9,fg_phenol,,R9,0,0.0
probe_mm,last,9,fg_phenol,,R9,1,0.0
probe_mm,last,9,fg_aromatic_ring,,qm9s_val,0,0.8437
probe_mm,last,9,fg_aromatic_ring,,R0,0,0.8248
probe_mm,last,9,fg_aromatic_ring,,R2,0,0.75
probe_mm,last,9,fg_aromatic_ring,,R2,1,0.75
probe_mm,last,9,fg_aromatic_ring,,R3,0,0.8281
probe_mm,last,9,fg_aromatic_ring,,R3,1,0.8281
probe_mm,last,9,fg_aromatic_ring,,R4,0,0.6719
probe_mm,last,9,fg_aromatic_ring,,R4,1,0.6719
probe_mm,last,9,fg_aromatic_ring,,R5,0,0.5312
probe_mm,last,9,fg_aromatic_ring,,R5,1,0.5312
probe_mm,last,9,fg_aromatic_ring,,R6,0,0.6094
probe_mm,last,9,fg_aromatic_ring,,R6,1,0.6094
probe_mm,last,9,fg_aromatic_ring,,R8,0,0.2812
probe_mm,last,9,fg_aromatic_ring,,R8,1,0.2812
probe_mm,last,9,fg_aromatic_ring,,R9,0,0.5781
probe_mm,last,9,fg_aromatic_ring,,R9,1,0.5625
probe_mm,last,9,fg_benzene_ring,,qm9s_val,0,0.8122
probe_mm,last,9,fg_benzene_ring,,R0,0,0.7872
probe_mm,last,9,fg_benzene_ring,,R2,0,0.8627
probe_mm,last,9,fg_benzene_ring,,R2,1,0.8627
probe_mm,last,9,fg_benzene_ring,,R3,0,0.7843
probe_mm,last,9,fg_benzene_ring,,R3,1,0.7843
probe_mm,last,9,fg_benzene_ring,,R4,0,0.8627
probe_mm,last,9,fg_benzene_ring,,R4,1,0.8627
probe_mm,last,9,fg_benzene_ring,,R5,0,0.7059
probe_mm,last,9,fg_benzene_ring,,R5,1,0.7059
probe_mm,last,9,fg_benzene_ring,,R6,0,0.8039
probe_mm,last,9,fg_benzene_ring,,R6,1,0.8039
probe_mm,last,9,fg_benzene_ring,,R8,0,0.2745
probe_mm,last,9,fg_benzene_ring,,R8,1,0.2745
probe_mm,last,9,fg_benzene_ring,,R9,0,0.451
probe_mm,last,9,fg_benzene_ring,,R9,1,0.451
probe_mm,last,9,fg_pyrrole_ring,,qm9s_val,0,0.7355
probe_mm,last,9,fg_pyrrole_ring,,R0,0,0.7716
probe_mm,last,9,fg_pyrrole_ring,,R2,0,0.7368
probe_mm,last,9,fg_pyrrole_ring,,R2,1,0.7368
probe_mm,last,9,fg_pyrrole_ring,,R3,0,0.8947
probe_mm,last,9,fg_pyrrole_ring,,R3,1,0.8947
probe_mm,last,9,fg_pyrrole_ring,,R4,0,0.9474
probe_mm,last,9,fg_pyrrole_ring,,R4,1,0.9474
probe_mm,last,9,fg_pyrrole_ring,,R5,0,0.4737
probe_mm,last,9,fg_pyrrole_ring,,R5,1,0.4737
probe_mm,last,9,fg_pyrrole_ring,,R6,0,0.7895
probe_mm,last,9,fg_pyrrole_ring,,R6,1,0.7895
probe_mm,last,9,fg_pyrrole_ring,,R8,0,0.0526
probe_mm,last,9,fg_pyrrole_ring,,R8,1,0.0526
probe_mm,last,9,fg_pyrrole_ring,,R9,0,0.5263
probe_mm,last,9,fg_pyrrole_ring,,R9,1,0.5263
probe_mm,last,9,fg_imidazole_ring,,qm9s_val,0,0.7959
probe_mm,last,9,fg_imidazole_ring,,R0,0,0.7753
probe_mm,last,9,fg_imidazole_ring,,R2,0,0.2632
probe_mm,last,9,fg_imidazole_ring,,R2,1,0.2632
probe_mm,last,9,fg_imidazole_ring,,R3,0,0.8947
probe_mm,last,9,fg_imidazole_ring,,R3,1,0.8947
probe_mm,last,9,fg_imidazole_ring,,R4,0,0.1053
probe_mm,last,9,fg_imidazole_ring,,R4,1,0.1053
probe_mm,last,9,fg_imidazole_ring,,R5,0,0.0526
probe_mm,last,9,fg_imidazole_ring,,R5,1,0.0526
probe_mm,last,9,fg_imidazole_ring,,R6,0,0.0526
probe_mm,last,9,fg_imidazole_ring,,R6,1,0.0526
probe_mm,last,9,fg_imidazole_ring,,R8,0,0.3684
probe_mm,last,9,fg_imidazole_ring,,R8,1,0.3684
probe_mm,last,9,fg_imidazole_ring,,R9,0,0.8421
probe_mm,last,9,fg_imidazole_ring,,R9,1,0.8421
probe_lr,last,12,fg_primary_amine,0.001,qm9s_val,0,0.8237
probe_lr,last,12,fg_primary_amine,0.001,R0,0,0.8013
probe_lr,last,12,fg_primary_amine,0.001,R2,0,0.9474
probe_lr,last,12,fg_primary_amine,0.001,R2,1,0.9474
probe_lr,last,12,fg_primary_amine,0.001,R3,0,0.3684
probe_lr,last,12,fg_primary_amine,0.001,R3,1,0.3684
probe_lr,last,12,fg_primary_amine,0.001,R4,0,0.0526
probe_lr,last,12,fg_primary_amine,0.001,R4,1,0.0526
probe_lr,last,12,fg_primary_amine,0.001,R5,0,0.0526
probe_lr,last,12,fg_primary_amine,0.001,R5,1,0.0526
probe_lr,last,12,fg_primary_amine,0.001,R6,0,0.3158
probe_lr,last,12,fg_primary_amine,0.001,R6,1,0.3158
probe_lr,last,12,fg_primary_amine,0.001,R8,0,0.5263
probe_lr,last,12,fg_primary_amine,0.001,R8,1,0.5263
probe_lr,last,12,fg_primary_amine,0.001,R9,0,0.8947
probe_lr,last,12,fg_primary_amine,0.001,R9,1,0.8947
probe_lr,last,12,fg_secondary_amine,0.001,qm9s_val,0,0.6297
probe_lr,last,12,fg_secondary_amine,0.001,R0,0,0.6779
probe_lr,last,12,fg_secondary_amine,0.001,R2,0,0.5263
probe_lr,last,12,fg_secondary_amine,0.001,R2,1,0.5263
probe_lr,last,12,fg_secondary_amine,0.001,R3,0,0.4211
probe_lr,last,12,fg_secondary_amine,0.001,R3,1,0.4211
probe_lr,last,12,fg_secondary_amine,0.001,R4,0,0.2105
probe_lr,last,12,fg_secondary_amine,0.001,R4,1,0.2105
probe_lr,last,12,fg_secondary_amine,0.001,R5,0,0.5789
probe_lr,last,12,fg_secondary_amine,0.001,R5,1,0.5789
probe_lr,last,12,fg_secondary_amine,0.001,R6,0,0.7368
probe_lr,last,12,fg_secondary_amine,0.001,R6,1,0.7368
probe_lr,last,12,fg_secondary_amine,0.001,R8,0,0.6842
probe_lr,last,12,fg_secondary_amine,0.001,R8,1,0.6842
probe_lr,last,12,fg_secondary_amine,0.001,R9,0,0.5263
probe_lr,last,12,fg_secondary_amine,0.001,R9,1,0.5263
probe_lr,last,12,fg_amide,0.001,qm9s_val,0,0.7483
probe_lr,last,12,fg_amide,0.001,R0,0,0.7712
probe_lr,last,12,fg_amide,0.001,R2,0,0.6111
probe_lr,last,12,fg_amide,0.001,R2,1,0.6111
probe_lr,last,12,fg_amide,0.001,R3,0,0.0556
probe_lr,last,12,fg_amide,0.001,R3,1,0.0556
probe_lr,last,12,fg_amide,0.001,R4,0,0.8611
probe_lr,last,12,fg_amide,0.001,R4,1,0.8611
probe_lr,last,12,fg_amide,0.001,R5,0,0.9722
probe_lr,last,12,fg_amide,0.001,R5,1,0.9722
probe_lr,last,12,fg_amide,0.001,R6,0,0.8333
probe_lr,last,12,fg_amide,0.001,R6,1,0.8333
probe_lr,last,12,fg_amide,0.001,R8,0,0.4444
probe_lr,last,12,fg_amide,0.001,R8,1,0.4444
probe_lr,last,12,fg_amide,0.001,R9,0,0.6667
probe_lr,last,12,fg_amide,0.001,R9,1,0.6667
probe_lr,last,12,fg_guanidine,0.001,qm9s_val,0,0.8527
probe_lr,last,12,fg_guanidine,0.001,R0,0,0.8523
probe_lr,last,12,fg_guanidine,0.001,R2,0,0.7368
probe_lr,last,12,fg_guanidine,0.001,R2,1,0.7368
probe_lr,last,12,fg_guanidine,0.001,R3,0,0.3684
probe_lr,last,12,fg_guanidine,0.001,R3,1,0.3684
probe_lr,last,12,fg_guanidine,0.001,R4,0,0.2105
probe_lr,last,12,fg_guanidine,0.001,R4,1,0.2105
probe_lr,last,12,fg_guanidine,0.001,R5,0,0.0526
probe_lr,last,12,fg_guanidine,0.001,R5,1,0.0526
probe_lr,last,12,fg_guanidine,0.001,R6,0,0.3684
probe_lr,last,12,fg_guanidine,0.001,R6,1,0.3684
probe_lr,last,12,fg_guanidine,0.001,R8,0,0.3158
probe_lr,last,12,fg_guanidine,0.001,R8,1,0.3158
probe_lr,last,12,fg_guanidine,0.001,R9,0,0.1053
probe_lr,last,12,fg_guanidine,0.001,R9,1,0.1053
probe_lr,last,12,fg_hydroxyl_aliphatic,0.001,qm9s_val,0,0.6743
probe_lr,last,12,fg_hydroxyl_aliphatic,0.001,R0,0,0.6771
probe_lr,last,12,fg_hydroxyl_aliphatic,0.001,R2,0,1.0
probe_lr,last,12,fg_hydroxyl_aliphatic,0.001,R2,1,1.0
probe_lr,last,12,fg_hydroxyl_aliphatic,0.001,R3,0,0.8056
probe_lr,last,12,fg_hydroxyl_aliphatic,0.001,R3,1,0.8056
probe_lr,last,12,fg_hydroxyl_aliphatic,0.001,R4,0,0.9444
probe_lr,last,12,fg_hydroxyl_aliphatic,0.001,R4,1,0.9444
probe_lr,last,12,fg_hydroxyl_aliphatic,0.001,R5,0,0.5833
probe_lr,last,12,fg_hydroxyl_aliphatic,0.001,R5,1,0.5833
probe_lr,last,12,fg_hydroxyl_aliphatic,0.001,R6,0,0.5556
probe_lr,last,12,fg_hydroxyl_aliphatic,0.001,R6,1,0.5556
probe_lr,last,12,fg_hydroxyl_aliphatic,0.001,R8,0,0.5833
probe_lr,last,12,fg_hydroxyl_aliphatic,0.001,R8,1,0.5833
probe_lr,last,12,fg_hydroxyl_aliphatic,0.001,R9,0,0.5833
probe_lr,last,12,fg_hydroxyl_aliphatic,0.001,R9,1,0.5833
probe_lr,last,12,fg_phenol,0.001,qm9s_val,0,0.9064
probe_lr,last,12,fg_phenol,0.001,R0,0,0.855
probe_lr,last,12,fg_phenol,0.001,R2,0,0.6842
probe_lr,last,12,fg_phenol,0.001,R2,1,0.6842
probe_lr,last,12,fg_phenol,0.001,R3,0,0.7368
probe_lr,last,12,fg_phenol,0.001,R3,1,0.7368
probe_lr,last,12,fg_phenol,0.001,R4,0,0.6316
probe_lr,last,12,fg_phenol,0.001,R4,1,0.6316
probe_lr,last,12,fg_phenol,0.001,R5,0,0.4211
probe_lr,last,12,fg_phenol,0.001,R5,1,0.4211
probe_lr,last,12,fg_phenol,0.001,R6,0,0.5789
probe_lr,last,12,fg_phenol,0.001,R6,1,0.5789
probe_lr,last,12,fg_phenol,0.001,R8,0,0.5263
probe_lr,last,12,fg_phenol,0.001,R8,1,0.5263
probe_lr,last,12,fg_phenol,0.001,R9,0,0.2105
probe_lr,last,12,fg_phenol,0.001,R9,1,0.2105
probe_lr,last,12,fg_aromatic_ring,0.001,qm9s_val,0,0.931
probe_lr,last,12,fg_aromatic_ring,0.001,R0,0,0.9276
probe_lr,last,12,fg_aromatic_ring,0.001,R2,0,0.8281
probe_lr,last,12,fg_aromatic_ring,0.001,R2,1,0.8281
probe_lr,last,12,fg_aromatic_ring,0.001,R3,0,0.9375
probe_lr,last,12,fg_aromatic_ring,0.001,R3,1,0.9375
probe_lr,last,12,fg_aromatic_ring,0.001,R4,0,0.5625
probe_lr,last,12,fg_aromatic_ring,0.001,R4,1,0.5625
probe_lr,last,12,fg_aromatic_ring,0.001,R5,0,0.4219
probe_lr,last,12,fg_aromatic_ring,0.001,R5,1,0.4219
probe_lr,last,12,fg_aromatic_ring,0.001,R6,0,0.4688
probe_lr,last,12,fg_aromatic_ring,0.001,R6,1,0.4688
probe_lr,last,12,fg_aromatic_ring,0.001,R8,0,0.6562
probe_lr,last,12,fg_aromatic_ring,0.001,R8,1,0.6562
probe_lr,last,12,fg_aromatic_ring,0.001,R9,0,0.5312
probe_lr,last,12,fg_aromatic_ring,0.001,R9,1,0.5312
probe_lr,last,12,fg_benzene_ring,0.001,qm9s_val,0,0.9584
probe_lr,last,12,fg_benzene_ring,0.001,R0,0,0.909
probe_lr,last,12,fg_benzene_ring,0.001,R2,0,0.8431
probe_lr,last,12,fg_benzene_ring,0.001,R2,1,0.8431
probe_lr,last,12,fg_benzene_ring,0.001,R3,0,0.7059
probe_lr,last,12,fg_benzene_ring,0.001,R3,1,0.7059
probe_lr,last,12,fg_benzene_ring,0.001,R4,0,0.7059
probe_lr,last,12,fg_benzene_ring,0.001,R4,1,0.7059
probe_lr,last,12,fg_benzene_ring,0.001,R5,0,0.5294
probe_lr,last,12,fg_benzene_ring,0.001,R5,1,0.5294
probe_lr,last,12,fg_benzene_ring,0.001,R6,0,0.5686
probe_lr,last,12,fg_benzene_ring,0.001,R6,1,0.5686
probe_lr,last,12,fg_benzene_ring,0.001,R8,0,0.3529
probe_lr,last,12,fg_benzene_ring,0.001,R8,1,0.3529
probe_lr,last,12,fg_benzene_ring,0.001,R9,0,0.5882
probe_lr,last,12,fg_benzene_ring,0.001,R9,1,0.5882
probe_lr,last,12,fg_pyrrole_ring,0.001,qm9s_val,0,0.8753
probe_lr,last,12,fg_pyrrole_ring,0.001,R0,0,0.8794
probe_lr,last,12,fg_pyrrole_ring,0.001,R2,0,1.0
probe_lr,last,12,fg_pyrrole_ring,0.001,R2,1,1.0
probe_lr,last,12,fg_pyrrole_ring,0.001,R3,0,0.9474
probe_lr,last,12,fg_pyrrole_ring,0.001,R3,1,0.9474
probe_lr,last,12,fg_pyrrole_ring,0.001,R4,0,1.0
probe_lr,last,12,fg_pyrrole_ring,0.001,R4,1,1.0
probe_lr,last,12,fg_pyrrole_ring,0.001,R5,0,0.8421
probe_lr,last,12,fg_pyrrole_ring,0.001,R5,1,0.8421
probe_lr,last,12,fg_pyrrole_ring,0.001,R6,0,0.9474
probe_lr,last,12,fg_pyrrole_ring,0.001,R6,1,0.9474
probe_lr,last,12,fg_pyrrole_ring,0.001,R8,0,0.9474
probe_lr,last,12,fg_pyrrole_ring,0.001,R8,1,0.9474
probe_lr,last,12,fg_pyrrole_ring,0.001,R9,0,1.0
probe_lr,last,12,fg_pyrrole_ring,0.001,R9,1,1.0
probe_lr,last,12,fg_imidazole_ring,0.001,qm9s_val,0,0.9235
probe_lr,last,12,fg_imidazole_ring,0.001,R0,0,0.8708
probe_lr,last,12,fg_imidazole_ring,0.001,R2,0,0.1579
probe_lr,last,12,fg_imidazole_ring,0.001,R2,1,0.1579
probe_lr,last,12,fg_imidazole_ring,0.001,R3,0,1.0
probe_lr,last,12,fg_imidazole_ring,0.001,R3,1,1.0
probe_lr,last,12,fg_imidazole_ring,0.001,R4,0,0.0
probe_lr,last,12,fg_imidazole_ring,0.001,R4,1,0.0
probe_lr,last,12,fg_imidazole_ring,0.001,R5,0,0.1579
probe_lr,last,12,fg_imidazole_ring,0.001,R5,1,0.1579
probe_lr,last,12,fg_imidazole_ring,0.001,R6,0,0.2632
probe_lr,last,12,fg_imidazole_ring,0.001,R6,1,0.2632
probe_lr,last,12,fg_imidazole_ring,0.001,R8,0,1.0
probe_lr,last,12,fg_imidazole_ring,0.001,R8,1,1.0
probe_lr,last,12,fg_imidazole_ring,0.001,R9,0,0.6316
probe_lr,last,12,fg_imidazole_ring,0.001,R9,1,0.6316
probe_mm,last,12,fg_primary_amine,,qm9s_val,0,0.6027
probe_mm,last,12,fg_primary_amine,,R0,0,0.6457
probe_mm,last,12,fg_primary_amine,,R2,0,0.7368
probe_mm,last,12,fg_primary_amine,,R2,1,0.7368
probe_mm,last,12,fg_primary_amine,,R3,0,0.4737
probe_mm,last,12,fg_primary_amine,,R3,1,0.4737
probe_mm,last,12,fg_primary_amine,,R4,0,0.0
probe_mm,last,12,fg_primary_amine,,R4,1,0.0
probe_mm,last,12,fg_primary_amine,,R5,0,0.0
probe_mm,last,12,fg_primary_amine,,R5,1,0.0
probe_mm,last,12,fg_primary_amine,,R6,0,0.0526
probe_mm,last,12,fg_primary_amine,,R6,1,0.0526
probe_mm,last,12,fg_primary_amine,,R8,0,0.1579
probe_mm,last,12,fg_primary_amine,,R8,1,0.1579
probe_mm,last,12,fg_primary_amine,,R9,0,0.7895
probe_mm,last,12,fg_primary_amine,,R9,1,0.7895
probe_mm,last,12,fg_secondary_amine,,qm9s_val,0,0.6284
probe_mm,last,12,fg_secondary_amine,,R0,0,0.6273
probe_mm,last,12,fg_secondary_amine,,R2,0,0.3684
probe_mm,last,12,fg_secondary_amine,,R2,1,0.3684
probe_mm,last,12,fg_secondary_amine,,R3,0,0.4737
probe_mm,last,12,fg_secondary_amine,,R3,1,0.4737
probe_mm,last,12,fg_secondary_amine,,R4,0,1.0
probe_mm,last,12,fg_secondary_amine,,R4,1,1.0
probe_mm,last,12,fg_secondary_amine,,R5,0,1.0
probe_mm,last,12,fg_secondary_amine,,R5,1,1.0
probe_mm,last,12,fg_secondary_amine,,R6,0,0.8947
probe_mm,last,12,fg_secondary_amine,,R6,1,0.8947
probe_mm,last,12,fg_secondary_amine,,R8,0,0.7368
probe_mm,last,12,fg_secondary_amine,,R8,1,0.7368
probe_mm,last,12,fg_secondary_amine,,R9,0,0.2105
probe_mm,last,12,fg_secondary_amine,,R9,1,0.2105
probe_mm,last,12,fg_amide,,qm9s_val,0,0.6435
probe_mm,last,12,fg_amide,,R0,0,0.6825
probe_mm,last,12,fg_amide,,R2,0,0.8889
probe_mm,last,12,fg_amide,,R2,1,0.8889
probe_mm,last,12,fg_amide,,R3,0,0.9444
probe_mm,last,12,fg_amide,,R3,1,0.9444
probe_mm,last,12,fg_amide,,R4,0,0.5
probe_mm,last,12,fg_amide,,R4,1,0.5
probe_mm,last,12,fg_amide,,R5,0,0.5833
probe_mm,last,12,fg_amide,,R5,1,0.5833
probe_mm,last,12,fg_amide,,R6,0,0.6667
probe_mm,last,12,fg_amide,,R6,1,0.6667
probe_mm,last,12,fg_amide,,R8,0,0.3889
probe_mm,last,12,fg_amide,,R8,1,0.3889
probe_mm,last,12,fg_amide,,R9,0,0.6667
probe_mm,last,12,fg_amide,,R9,1,0.6667
probe_mm,last,12,fg_guanidine,,qm9s_val,0,0.6542
probe_mm,last,12,fg_guanidine,,R0,0,0.66
probe_mm,last,12,fg_guanidine,,R2,0,0.0
probe_mm,last,12,fg_guanidine,,R2,1,0.0
probe_mm,last,12,fg_guanidine,,R3,0,0.0
probe_mm,last,12,fg_guanidine,,R3,1,0.0
probe_mm,last,12,fg_guanidine,,R4,0,0.0526
probe_mm,last,12,fg_guanidine,,R4,1,0.0526
probe_mm,last,12,fg_guanidine,,R5,0,0.1053
probe_mm,last,12,fg_guanidine,,R5,1,0.1053
probe_mm,last,12,fg_guanidine,,R6,0,0.3684
probe_mm,last,12,fg_guanidine,,R6,1,0.3684
probe_mm,last,12,fg_guanidine,,R8,0,0.5789
probe_mm,last,12,fg_guanidine,,R8,1,0.5789
probe_mm,last,12,fg_guanidine,,R9,0,0.1053
probe_mm,last,12,fg_guanidine,,R9,1,0.1053
probe_mm,last,12,fg_hydroxyl_aliphatic,,qm9s_val,0,0.6013
probe_mm,last,12,fg_hydroxyl_aliphatic,,R0,0,0.6286
probe_mm,last,12,fg_hydroxyl_aliphatic,,R2,0,0.7778
probe_mm,last,12,fg_hydroxyl_aliphatic,,R2,1,0.7778
probe_mm,last,12,fg_hydroxyl_aliphatic,,R3,0,0.7778
probe_mm,last,12,fg_hydroxyl_aliphatic,,R3,1,0.7778
probe_mm,last,12,fg_hydroxyl_aliphatic,,R4,0,0.5
probe_mm,last,12,fg_hydroxyl_aliphatic,,R4,1,0.5
probe_mm,last,12,fg_hydroxyl_aliphatic,,R5,0,0.4444
probe_mm,last,12,fg_hydroxyl_aliphatic,,R5,1,0.4444
probe_mm,last,12,fg_hydroxyl_aliphatic,,R6,0,0.5833
probe_mm,last,12,fg_hydroxyl_aliphatic,,R6,1,0.5833
probe_mm,last,12,fg_hydroxyl_aliphatic,,R8,0,0.75
probe_mm,last,12,fg_hydroxyl_aliphatic,,R8,1,0.75
probe_mm,last,12,fg_hydroxyl_aliphatic,,R9,0,0.5556
probe_mm,last,12,fg_hydroxyl_aliphatic,,R9,1,0.5556
probe_mm,last,12,fg_phenol,,qm9s_val,0,0.8065
probe_mm,last,12,fg_phenol,,R0,0,0.756
probe_mm,last,12,fg_phenol,,R2,0,0.8947
probe_mm,last,12,fg_phenol,,R2,1,0.8947
probe_mm,last,12,fg_phenol,,R3,0,0.7895
probe_mm,last,12,fg_phenol,,R3,1,0.7895
probe_mm,last,12,fg_phenol,,R4,0,0.8947
probe_mm,last,12,fg_phenol,,R4,1,0.8947
probe_mm,last,12,fg_phenol,,R5,0,0.6316
probe_mm,last,12,fg_phenol,,R5,1,0.6316
probe_mm,last,12,fg_phenol,,R6,0,0.6316
probe_mm,last,12,fg_phenol,,R6,1,0.6316
probe_mm,last,12,fg_phenol,,R8,0,0.4211
probe_mm,last,12,fg_phenol,,R8,1,0.4211
probe_mm,last,12,fg_phenol,,R9,0,0.0
probe_mm,last,12,fg_phenol,,R9,1,0.0
probe_mm,last,12,fg_aromatic_ring,,qm9s_val,0,0.8473
probe_mm,last,12,fg_aromatic_ring,,R0,0,0.8296
probe_mm,last,12,fg_aromatic_ring,,R2,0,0.7656
probe_mm,last,12,fg_aromatic_ring,,R2,1,0.7656
probe_mm,last,12,fg_aromatic_ring,,R3,0,0.8281
probe_mm,last,12,fg_aromatic_ring,,R3,1,0.8281
probe_mm,last,12,fg_aromatic_ring,,R4,0,0.6875
probe_mm,last,12,fg_aromatic_ring,,R4,1,0.6875
probe_mm,last,12,fg_aromatic_ring,,R5,0,0.5
probe_mm,last,12,fg_aromatic_ring,,R5,1,0.5
probe_mm,last,12,fg_aromatic_ring,,R6,0,0.6094
probe_mm,last,12,fg_aromatic_ring,,R6,1,0.6094
probe_mm,last,12,fg_aromatic_ring,,R8,0,0.2656
probe_mm,last,12,fg_aromatic_ring,,R8,1,0.2656
probe_mm,last,12,fg_aromatic_ring,,R9,0,0.5781
probe_mm,last,12,fg_aromatic_ring,,R9,1,0.5625
probe_mm,last,12,fg_benzene_ring,,qm9s_val,0,0.8152
probe_mm,last,12,fg_benzene_ring,,R0,0,0.793
probe_mm,last,12,fg_benzene_ring,,R2,0,0.8824
probe_mm,last,12,fg_benzene_ring,,R2,1,0.8824
probe_mm,last,12,fg_benzene_ring,,R3,0,0.7843
probe_mm,last,12,fg_benzene_ring,,R3,1,0.7843
probe_mm,last,12,fg_benzene_ring,,R4,0,0.8824
probe_mm,last,12,fg_benzene_ring,,R4,1,0.8824
probe_mm,last,12,fg_benzene_ring,,R5,0,0.6863
probe_mm,last,12,fg_benzene_ring,,R5,1,0.6863
probe_mm,last,12,fg_benzene_ring,,R6,0,0.8039
probe_mm,last,12,fg_benzene_ring,,R6,1,0.8039
probe_mm,last,12,fg_benzene_ring,,R8,0,0.2549
probe_mm,last,12,fg_benzene_ring,,R8,1,0.2549
probe_mm,last,12,fg_benzene_ring,,R9,0,0.451
probe_mm,last,12,fg_benzene_ring,,R9,1,0.451
probe_mm,last,12,fg_pyrrole_ring,,qm9s_val,0,0.7418
probe_mm,last,12,fg_pyrrole_ring,,R0,0,0.7754
probe_mm,last,12,fg_pyrrole_ring,,R2,0,0.7895
probe_mm,last,12,fg_pyrrole_ring,,R2,1,0.7895
probe_mm,last,12,fg_pyrrole_ring,,R3,0,0.9474
probe_mm,last,12,fg_pyrrole_ring,,R3,1,0.9474
probe_mm,last,12,fg_pyrrole_ring,,R4,0,0.9474
probe_mm,last,12,fg_pyrrole_ring,,R4,1,0.9474
probe_mm,last,12,fg_pyrrole_ring,,R5,0,0.3684
probe_mm,last,12,fg_pyrrole_ring,,R5,1,0.3684
probe_mm,last,12,fg_pyrrole_ring,,R6,0,0.7895
probe_mm,last,12,fg_pyrrole_ring,,R6,1,0.7895
probe_mm,last,12,fg_pyrrole_ring,,R8,0,0.0526
probe_mm,last,12,fg_pyrrole_ring,,R8,1,0.0526
probe_mm,last,12,fg_pyrrole_ring,,R9,0,0.5263
probe_mm,last,12,fg_pyrrole_ring,,R9,1,0.5263
probe_mm,last,12,fg_imidazole_ring,,qm9s_val,0,0.7943
probe_mm,last,12,fg_imidazole_ring,,R0,0,0.7764
probe_mm,last,12,fg_imidazole_ring,,R2,0,0.2632
probe_mm,last,12,fg_imidazole_ring,,R2,1,0.2632
probe_mm,last,12,fg_imidazole_ring,,R3,0,0.8421
probe_mm,last,12,fg_imidazole_ring,,R3,1,0.8421
probe_mm,last,12,fg_imidazole_ring,,R4,0,0.1053
probe_mm,last,12,fg_imidazole_ring,,R4,1,0.1053
probe_mm,last,12,fg_imidazole_ring,,R5,0,0.1053
probe_mm,last,12,fg_imidazole_ring,,R5,1,0.1053
probe_mm,last,12,fg_imidazole_ring,,R6,0,0.0526
probe_mm,last,12,fg_imidazole_ring,,R6,1,0.0526
probe_mm,last,12,fg_imidazole_ring,,R8,0,0.3158
probe_mm,last,12,fg_imidazole_ring,,R8,1,0.3158
probe_mm,last,12,fg_imidazole_ring,,R9,0,0.8421
probe_mm,last,12,fg_imidazole_ring,,R9,1,0.8421
probe_lr,last,15,fg_primary_amine,0.001,qm9s_val,0,0.8074
probe_lr,last,15,fg_primary_amine,0.001,R0,0,0.8047
probe_lr,last,15,fg_primary_amine,0.001,R2,0,1.0
probe_lr,last,15,fg_primary_amine,0.001,R2,1,1.0
probe_lr,last,15,fg_primary_amine,0.001,R3,0,0.5263
probe_lr,last,15,fg_primary_amine,0.001,R3,1,0.5263
probe_lr,last,15,fg_primary_amine,0.001,R4,0,0.1053
probe_lr,last,15,fg_primary_amine,0.001,R4,1,0.1053
probe_lr,last,15,fg_primary_amine,0.001,R5,0,0.0526
probe_lr,last,15,fg_primary_amine,0.001,R5,1,0.0526
probe_lr,last,15,fg_primary_amine,0.001,R6,0,0.4211
probe_lr,last,15,fg_primary_amine,0.001,R6,1,0.4211
probe_lr,last,15,fg_primary_amine,0.001,R8,0,0.5263
probe_lr,last,15,fg_primary_amine,0.001,R8,1,0.5263
probe_lr,last,15,fg_primary_amine,0.001,R9,0,0.8421
probe_lr,last,15,fg_primary_amine,0.001,R9,1,0.8421
probe_lr,last,15,fg_secondary_amine,0.001,qm9s_val,0,0.6315
probe_lr,last,15,fg_secondary_amine,0.001,R0,0,0.6649
probe_lr,last,15,fg_secondary_amine,0.001,R2,0,0.5263
probe_lr,last,15,fg_secondary_amine,0.001,R2,1,0.5263
probe_lr,last,15,fg_secondary_amine,0.001,R3,0,0.3158
probe_lr,last,15,fg_secondary_amine,0.001,R3,1,0.3158
probe_lr,last,15,fg_secondary_amine,0.001,R4,0,0.5263
probe_lr,last,15,fg_secondary_amine,0.001,R4,1,0.5263
probe_lr,last,15,fg_secondary_amine,0.001,R5,0,0.7368
probe_lr,last,15,fg_secondary_amine,0.001,R5,1,0.7368
probe_lr,last,15,fg_secondary_amine,0.001,R6,0,0.8947
probe_lr,last,15,fg_secondary_amine,0.001,R6,1,0.8947
probe_lr,last,15,fg_secondary_amine,0.001,R8,0,0.7368
probe_lr,last,15,fg_secondary_amine,0.001,R8,1,0.7368
probe_lr,last,15,fg_secondary_amine,0.001,R9,0,0.6316
probe_lr,last,15,fg_secondary_amine,0.001,R9,1,0.6316
probe_lr,last,15,fg_amide,0.001,qm9s_val,0,0.7541
probe_lr,last,15,fg_amide,0.001,R0,0,0.7853
probe_lr,last,15,fg_amide,0.001,R2,0,0.6389
probe_lr,last,15,fg_amide,0.001,R2,1,0.6389
probe_lr,last,15,fg_amide,0.001,R3,0,0.1389
probe_lr,last,15,fg_amide,0.001,R3,1,0.1389
probe_lr,last,15,fg_amide,0.001,R4,0,0.75
probe_lr,last,15,fg_amide,0.001,R4,1,0.75
probe_lr,last,15,fg_amide,0.001,R5,0,0.9167
probe_lr,last,15,fg_amide,0.001,R5,1,0.9167
probe_lr,last,15,fg_amide,0.001,R6,0,0.7222
probe_lr,last,15,fg_amide,0.001,R6,1,0.7222
probe_lr,last,15,fg_amide,0.001,R8,0,0.4722
probe_lr,last,15,fg_amide,0.001,R8,1,0.4722
probe_lr,last,15,fg_amide,0.001,R9,0,0.7222
probe_lr,last,15,fg_amide,0.001,R9,1,0.7222
probe_lr,last,15,fg_guanidine,0.001,qm9s_val,0,0.8537
probe_lr,last,15,fg_guanidine,0.001,R0,0,0.8642
probe_lr,last,15,fg_guanidine,0.001,R2,0,0.9474
probe_lr,last,15,fg_guanidine,0.001,R2,1,0.9474
probe_lr,last,15,fg_guanidine,0.001,R3,0,0.4737
probe_lr,last,15,fg_guanidine,0.001,R3,1,0.4737
probe_lr,last,15,fg_guanidine,0.001,R4,0,0.0
probe_lr,last,15,fg_guanidine,0.001,R4,1,0.0
probe_lr,last,15,fg_guanidine,0.001,R5,0,0.1579
probe_lr,last,15,fg_guanidine,0.001,R5,1,0.1579
probe_lr,last,15,fg_guanidine,0.001,R6,0,0.3158
probe_lr,last,15,fg_guanidine,0.001,R6,1,0.3158
probe_lr,last,15,fg_guanidine,0.001,R8,0,0.5789
probe_lr,last,15,fg_guanidine,0.001,R8,1,0.5789
probe_lr,last,15,fg_guanidine,0.001,R9,0,0.3684
probe_lr,last,15,fg_guanidine,0.001,R9,1,0.3684
probe_lr,last,15,fg_hydroxyl_aliphatic,0.001,qm9s_val,0,0.6764
probe_lr,last,15,fg_hydroxyl_aliphatic,0.001,R0,0,0.6775
probe_lr,last,15,fg_hydroxyl_aliphatic,0.001,R2,0,0.8889
probe_lr,last,15,fg_hydroxyl_aliphatic,0.001,R2,1,0.8889
probe_lr,last,15,fg_hydroxyl_aliphatic,0.001,R3,0,0.6111
probe_lr,last,15,fg_hydroxyl_aliphatic,0.001,R3,1,0.6111
probe_lr,last,15,fg_hydroxyl_aliphatic,0.001,R4,0,0.6667
probe_lr,last,15,fg_hydroxyl_aliphatic,0.001,R4,1,0.6667
probe_lr,last,15,fg_hydroxyl_aliphatic,0.001,R5,0,0.5833
probe_lr,last,15,fg_hydroxyl_aliphatic,0.001,R5,1,0.5833
probe_lr,last,15,fg_hydroxyl_aliphatic,0.001,R6,0,0.6667
probe_lr,last,15,fg_hydroxyl_aliphatic,0.001,R6,1,0.6667
probe_lr,last,15,fg_hydroxyl_aliphatic,0.001,R8,0,0.5278
probe_lr,last,15,fg_hydroxyl_aliphatic,0.001,R8,1,0.5278
probe_lr,last,15,fg_hydroxyl_aliphatic,0.001,R9,0,0.6667
probe_lr,last,15,fg_hydroxyl_aliphatic,0.001,R9,1,0.6667
probe_lr,last,15,fg_phenol,0.001,qm9s_val,0,0.9018
probe_lr,last,15,fg_phenol,0.001,R0,0,0.8499
probe_lr,last,15,fg_phenol,0.001,R2,0,0.7368
probe_lr,last,15,fg_phenol,0.001,R2,1,0.7368
probe_lr,last,15,fg_phenol,0.001,R3,0,0.9474
probe_lr,last,15,fg_phenol,0.001,R3,1,0.9474
probe_lr,last,15,fg_phenol,0.001,R4,0,0.7368
probe_lr,last,15,fg_phenol,0.001,R4,1,0.7368
probe_lr,last,15,fg_phenol,0.001,R5,0,0.0526
probe_lr,last,15,fg_phenol,0.001,R5,1,0.0526
probe_lr,last,15,fg_phenol,0.001,R6,0,0.3684
probe_lr,last,15,fg_phenol,0.001,R6,1,0.3684
probe_lr,last,15,fg_phenol,0.001,R8,0,0.2632
probe_lr,last,15,fg_phenol,0.001,R8,1,0.2632
probe_lr,last,15,fg_phenol,0.001,R9,0,0.0526
probe_lr,last,15,fg_phenol,0.001,R9,1,0.0526
probe_lr,last,15,fg_aromatic_ring,0.001,qm9s_val,0,0.9325
probe_lr,last,15,fg_aromatic_ring,0.001,R0,0,0.9296
probe_lr,last,15,fg_aromatic_ring,0.001,R2,0,0.8906
probe_lr,last,15,fg_aromatic_ring,0.001,R2,1,0.8906
probe_lr,last,15,fg_aromatic_ring,0.001,R3,0,0.9688
probe_lr,last,15,fg_aromatic_ring,0.001,R3,1,0.9688
probe_lr,last,15,fg_aromatic_ring,0.001,R4,0,0.6719
probe_lr,last,15,fg_aromatic_ring,0.001,R4,1,0.6719
probe_lr,last,15,fg_aromatic_ring,0.001,R5,0,0.3125
probe_lr,last,15,fg_aromatic_ring,0.001,R5,1,0.3125
probe_lr,last,15,fg_aromatic_ring,0.001,R6,0,0.4062
probe_lr,last,15,fg_aromatic_ring,0.001,R6,1,0.4062
probe_lr,last,15,fg_aromatic_ring,0.001,R8,0,0.5625
probe_lr,last,15,fg_aromatic_ring,0.001,R8,1,0.5625
probe_lr,last,15,fg_aromatic_ring,0.001,R9,0,0.4844
probe_lr,last,15,fg_aromatic_ring,0.001,R9,1,0.5
probe_lr,last,15,fg_benzene_ring,0.001,qm9s_val,0,0.9494
probe_lr,last,15,fg_benzene_ring,0.001,R0,0,0.9191
probe_lr,last,15,fg_benzene_ring,0.001,R2,0,0.8039
probe_lr,last,15,fg_benzene_ring,0.001,R2,1,0.8039
probe_lr,last,15,fg_benzene_ring,0.001,R3,0,0.6863
probe_lr,last,15,fg_benzene_ring,0.001,R3,1,0.6863
probe_lr,last,15,fg_benzene_ring,0.001,R4,0,0.7059
probe_lr,last,15,fg_benzene_ring,0.001,R4,1,0.7059
probe_lr,last,15,fg_benzene_ring,0.001,R5,0,0.4314
probe_lr,last,15,fg_benzene_ring,0.001,R5,1,0.4314
probe_lr,last,15,fg_benzene_ring,0.001,R6,0,0.3333
probe_lr,last,15,fg_benzene_ring,0.001,R6,1,0.3333
probe_lr,last,15,fg_benzene_ring,0.001,R8,0,0.3922
probe_lr,last,15,fg_benzene_ring,0.001,R8,1,0.3922
probe_lr,last,15,fg_benzene_ring,0.001,R9,0,0.5882
probe_lr,last,15,fg_benzene_ring,0.001,R9,1,0.5882
probe_lr,last,15,fg_pyrrole_ring,0.001,qm9s_val,0,0.8742
probe_lr,last,15,fg_pyrrole_ring,0.001,R0,0,0.8927
probe_lr,last,15,fg_pyrrole_ring,0.001,R2,0,1.0
probe_lr,last,15,fg_pyrrole_ring,0.001,R2,1,1.0
probe_lr,last,15,fg_pyrrole_ring,0.001,R3,0,0.9474
probe_lr,last,15,fg_pyrrole_ring,0.001,R3,1,0.9474
probe_lr,last,15,fg_pyrrole_ring,0.001,R4,0,1.0
probe_lr,last,15,fg_pyrrole_ring,0.001,R4,1,1.0
probe_lr,last,15,fg_pyrrole_ring,0.001,R5,0,0.7895
probe_lr,last,15,fg_pyrrole_ring,0.001,R5,1,0.7895
probe_lr,last,15,fg_pyrrole_ring,0.001,R6,0,1.0
probe_lr,last,15,fg_pyrrole_ring,0.001,R6,1,1.0
probe_lr,last,15,fg_pyrrole_ring,0.001,R8,0,1.0
probe_lr,last,15,fg_pyrrole_ring,0.001,R8,1,1.0
probe_lr,last,15,fg_pyrrole_ring,0.001,R9,0,1.0
probe_lr,last,15,fg_pyrrole_ring,0.001,R9,1,1.0
probe_lr,last,15,fg_imidazole_ring,0.001,qm9s_val,0,0.913
probe_lr,last,15,fg_imidazole_ring,0.001,R0,0,0.8719
probe_lr,last,15,fg_imidazole_ring,0.001,R2,0,0.3158
probe_lr,last,15,fg_imidazole_ring,0.001,R2,1,0.3158
probe_lr,last,15,fg_imidazole_ring,0.001,R3,0,1.0
probe_lr,last,15,fg_imidazole_ring,0.001,R3,1,1.0
probe_lr,last,15,fg_imidazole_ring,0.001,R4,0,0.1053
probe_lr,last,15,fg_imidazole_ring,0.001,R4,1,0.1053
probe_lr,last,15,fg_imidazole_ring,0.001,R5,0,0.0526
probe_lr,last,15,fg_imidazole_ring,0.001,R5,1,0.0526
probe_lr,last,15,fg_imidazole_ring,0.001,R6,0,0.1579
probe_lr,last,15,fg_imidazole_ring,0.001,R6,1,0.1579
probe_lr,last,15,fg_imidazole_ring,0.001,R8,0,0.6316
probe_lr,last,15,fg_imidazole_ring,0.001,R8,1,0.6316
probe_lr,last,15,fg_imidazole_ring,0.001,R9,0,0.5263
probe_lr,last,15,fg_imidazole_ring,0.001,R9,1,0.5789
probe_mm,last,15,fg_primary_amine,,qm9s_val,0,0.6032
probe_mm,last,15,fg_primary_amine,,R0,0,0.6446
probe_mm,last,15,fg_primary_amine,,R2,0,0.7895
probe_mm,last,15,fg_primary_amine,,R2,1,0.7895
probe_mm,last,15,fg_primary_amine,,R3,0,0.4737
probe_mm,last,15,fg_primary_amine,,R3,1,0.4737
probe_mm,last,15,fg_primary_amine,,R4,0,0.0
probe_mm,last,15,fg_primary_amine,,R4,1,0.0
probe_mm,last,15,fg_primary_amine,,R5,0,0.0
probe_mm,last,15,fg_primary_amine,,R5,1,0.0
probe_mm,last,15,fg_primary_amine,,R6,0,0.0526
probe_mm,last,15,fg_primary_amine,,R6,1,0.0526
probe_mm,last,15,fg_primary_amine,,R8,0,0.3158
probe_mm,last,15,fg_primary_amine,,R8,1,0.3158
probe_mm,last,15,fg_primary_amine,,R9,0,0.7895
probe_mm,last,15,fg_primary_amine,,R9,1,0.7895
probe_mm,last,15,fg_secondary_amine,,qm9s_val,0,0.6266
probe_mm,last,15,fg_secondary_amine,,R0,0,0.6263
probe_mm,last,15,fg_secondary_amine,,R2,0,0.3684
probe_mm,last,15,fg_secondary_amine,,R2,1,0.3684
probe_mm,last,15,fg_secondary_amine,,R3,0,0.4737
probe_mm,last,15,fg_secondary_amine,,R3,1,0.4737
probe_mm,last,15,fg_secondary_amine,,R4,0,1.0
probe_mm,last,15,fg_secondary_amine,,R4,1,1.0
probe_mm,last,15,fg_secondary_amine,,R5,0,1.0
probe_mm,last,15,fg_secondary_amine,,R5,1,1.0
probe_mm,last,15,fg_secondary_amine,,R6,0,0.8421
probe_mm,last,15,fg_secondary_amine,,R6,1,0.8421
probe_mm,last,15,fg_secondary_amine,,R8,0,0.6316
probe_mm,last,15,fg_secondary_amine,,R8,1,0.6316
probe_mm,last,15,fg_secondary_amine,,R9,0,0.2105
probe_mm,last,15,fg_secondary_amine,,R9,1,0.2105
probe_mm,last,15,fg_amide,,qm9s_val,0,0.6362
probe_mm,last,15,fg_amide,,R0,0,0.6854
probe_mm,last,15,fg_amide,,R2,0,0.9444
probe_mm,last,15,fg_amide,,R2,1,0.9444
probe_mm,last,15,fg_amide,,R3,0,0.9444
probe_mm,last,15,fg_amide,,R3,1,0.9444
probe_mm,last,15,fg_amide,,R4,0,0.5278
probe_mm,last,15,fg_amide,,R4,1,0.5278
probe_mm,last,15,fg_amide,,R5,0,0.5556
probe_mm,last,15,fg_amide,,R5,1,0.5556
probe_mm,last,15,fg_amide,,R6,0,0.6667
probe_mm,last,15,fg_amide,,R6,1,0.6667
probe_mm,last,15,fg_amide,,R8,0,0.3611
probe_mm,last,15,fg_amide,,R8,1,0.3611
probe_mm,last,15,fg_amide,,R9,0,0.6111
probe_mm,last,15,fg_amide,,R9,1,0.6111
probe_mm,last,15,fg_guanidine,,qm9s_val,0,0.6463
probe_mm,last,15,fg_guanidine,,R0,0,0.6576
probe_mm,last,15,fg_guanidine,,R2,0,0.0
probe_mm,last,15,fg_guanidine,,R2,1,0.0
probe_mm,last,15,fg_guanidine,,R3,0,0.0
probe_mm,last,15,fg_guanidine,,R3,1,0.0
probe_mm,last,15,fg_guanidine,,R4,0,0.0526
probe_mm,last,15,fg_guanidine,,R4,1,0.0526
probe_mm,last,15,fg_guanidine,,R5,0,0.0526
probe_mm,last,15,fg_guanidine,,R5,1,0.0526
probe_mm,last,15,fg_guanidine,,R6,0,0.3158
probe_mm,last,15,fg_guanidine,,R6,1,0.3158
probe_mm,last,15,fg_guanidine,,R8,0,0.2632
probe_mm,last,15,fg_guanidine,,R8,1,0.2632
probe_mm,last,15,fg_guanidine,,R9,0,0.1053
probe_mm,last,15,fg_guanidine,,R9,1,0.1053
probe_mm,last,15,fg_hydroxyl_aliphatic,,qm9s_val,0,0.5992
probe_mm,last,15,fg_hydroxyl_aliphatic,,R0,0,0.628
probe_mm,last,15,fg_hydroxyl_aliphatic,,R2,0,0.7222
probe_mm,last,15,fg_hydroxyl_aliphatic,,R2,1,0.7222
probe_mm,last,15,fg_hydroxyl_aliphatic,,R3,0,0.7222
probe_mm,last,15,fg_hydroxyl_aliphatic,,R3,1,0.7222
probe_mm,last,15,fg_hydroxyl_aliphatic,,R4,0,0.5278
probe_mm,last,15,fg_hydroxyl_aliphatic,,R4,1,0.5278
probe_mm,last,15,fg_hydroxyl_aliphatic,,R5,0,0.4444
probe_mm,last,15,fg_hydroxyl_aliphatic,,R5,1,0.4444
probe_mm,last,15,fg_hydroxyl_aliphatic,,R6,0,0.5278
probe_mm,last,15,fg_hydroxyl_aliphatic,,R6,1,0.5278
probe_mm,last,15,fg_hydroxyl_aliphatic,,R8,0,0.8056
probe_mm,last,15,fg_hydroxyl_aliphatic,,R8,1,0.8056
probe_mm,last,15,fg_hydroxyl_aliphatic,,R9,0,0.5556
probe_mm,last,15,fg_hydroxyl_aliphatic,,R9,1,0.5556
probe_mm,last,15,fg_phenol,,qm9s_val,0,0.8065
probe_mm,last,15,fg_phenol,,R0,0,0.7556
probe_mm,last,15,fg_phenol,,R2,0,0.8947
probe_mm,last,15,fg_phenol,,R2,1,0.8947
probe_mm,last,15,fg_phenol,,R3,0,0.7895
probe_mm,last,15,fg_phenol,,R3,1,0.7895
probe_mm,last,15,fg_phenol,,R4,0,0.8947
probe_mm,last,15,fg_phenol,,R4,1,0.8947
probe_mm,last,15,fg_phenol,,R5,0,0.6842
probe_mm,last,15,fg_phenol,,R5,1,0.6842
probe_mm,last,15,fg_phenol,,R6,0,0.6316
probe_mm,last,15,fg_phenol,,R6,1,0.6316
probe_mm,last,15,fg_phenol,,R8,0,0.5263
probe_mm,last,15,fg_phenol,,R8,1,0.5263
probe_mm,last,15,fg_phenol,,R9,0,0.0
probe_mm,last,15,fg_phenol,,R9,1,0.0
probe_mm,last,15,fg_aromatic_ring,,qm9s_val,0,0.8458
probe_mm,last,15,fg_aromatic_ring,,R0,0,0.8277
probe_mm,last,15,fg_aromatic_ring,,R2,0,0.75
probe_mm,last,15,fg_aromatic_ring,,R2,1,0.75
probe_mm,last,15,fg_aromatic_ring,,R3,0,0.8438
probe_mm,last,15,fg_aromatic_ring,,R3,1,0.8438
probe_mm,last,15,fg_aromatic_ring,,R4,0,0.7031
probe_mm,last,15,fg_aromatic_ring,,R4,1,0.7031
probe_mm,last,15,fg_aromatic_ring,,R5,0,0.5156
probe_mm,last,15,fg_aromatic_ring,,R5,1,0.5156
probe_mm,last,15,fg_aromatic_ring,,R6,0,0.5938
probe_mm,last,15,fg_aromatic_ring,,R6,1,0.5938
probe_mm,last,15,fg_aromatic_ring,,R8,0,0.25
probe_mm,last,15,fg_aromatic_ring,,R8,1,0.25
probe_mm,last,15,fg_aromatic_ring,,R9,0,0.5625
probe_mm,last,15,fg_aromatic_ring,,R9,1,0.5625
probe_mm,last,15,fg_benzene_ring,,qm9s_val,0,0.8092
probe_mm,last,15,fg_benzene_ring,,R0,0,0.7948
probe_mm,last,15,fg_benzene_ring,,R2,0,0.8824
probe_mm,last,15,fg_benzene_ring,,R2,1,0.8824
probe_mm,last,15,fg_benzene_ring,,R3,0,0.7843
probe_mm,last,15,fg_benzene_ring,,R3,1,0.7843
probe_mm,last,15,fg_benzene_ring,,R4,0,0.902
probe_mm,last,15,fg_benzene_ring,,R4,1,0.902
probe_mm,last,15,fg_benzene_ring,,R5,0,0.7059
probe_mm,last,15,fg_benzene_ring,,R5,1,0.7059
probe_mm,last,15,fg_benzene_ring,,R6,0,0.7843
probe_mm,last,15,fg_benzene_ring,,R6,1,0.7843
probe_mm,last,15,fg_benzene_ring,,R8,0,0.2549
probe_mm,last,15,fg_benzene_ring,,R8,1,0.2549
probe_mm,last,15,fg_benzene_ring,,R9,0,0.451
probe_mm,last,15,fg_benzene_ring,,R9,1,0.451
probe_mm,last,15,fg_pyrrole_ring,,qm9s_val,0,0.74
probe_mm,last,15,fg_pyrrole_ring,,R0,0,0.7683
probe_mm,last,15,fg_pyrrole_ring,,R2,0,0.8421
probe_mm,last,15,fg_pyrrole_ring,,R2,1,0.8421
probe_mm,last,15,fg_pyrrole_ring,,R3,0,0.8947
probe_mm,last,15,fg_pyrrole_ring,,R3,1,0.8947
probe_mm,last,15,fg_pyrrole_ring,,R4,0,0.9474
probe_mm,last,15,fg_pyrrole_ring,,R4,1,0.9474
probe_mm,last,15,fg_pyrrole_ring,,R5,0,0.3684
probe_mm,last,15,fg_pyrrole_ring,,R5,1,0.3684
probe_mm,last,15,fg_pyrrole_ring,,R6,0,0.8421
probe_mm,last,15,fg_pyrrole_ring,,R6,1,0.8421
probe_mm,last,15,fg_pyrrole_ring,,R8,0,0.0526
probe_mm,last,15,fg_pyrrole_ring,,R8,1,0.0526
probe_mm,last,15,fg_pyrrole_ring,,R9,0,0.5263
probe_mm,last,15,fg_pyrrole_ring,,R9,1,0.4737
probe_mm,last,15,fg_imidazole_ring,,qm9s_val,0,0.7918
probe_mm,last,15,fg_imidazole_ring,,R0,0,0.7727
probe_mm,last,15,fg_imidazole_ring,,R2,0,0.3158
probe_mm,last,15,fg_imidazole_ring,,R2,1,0.3158
probe_mm,last,15,fg_imidazole_ring,,R3,0,0.8421
probe_mm,last,15,fg_imidazole_ring,,R3,1,0.8421
probe_mm,last,15,fg_imidazole_ring,,R4,0,0.1053
probe_mm,last,15,fg_imidazole_ring,,R4,1,0.1053
probe_mm,last,15,fg_imidazole_ring,,R5,0,0.0526
probe_mm,last,15,fg_imidazole_ring,,R5,1,0.0526
probe_mm,last,15,fg_imidazole_ring,,R6,0,0.1053
probe_mm,last,15,fg_imidazole_ring,,R6,1,0.1053
probe_mm,last,15,fg_imidazole_ring,,R8,0,0.2632
probe_mm,last,15,fg_imidazole_ring,,R8,1,0.2632
probe_mm,last,15,fg_imidazole_ring,,R9,0,0.8421
probe_mm,last,15,fg_imidazole_ring,,R9,1,0.8421
probe_lr,last,18,fg_primary_amine,0.001,qm9s_val,0,0.8316
probe_lr,last,18,fg_primary_amine,0.001,R0,0,0.8098
probe_lr,last,18,fg_primary_amine,0.001,R2,0,0.9474
probe_lr,last,18,fg_primary_amine,0.001,R2,1,0.9474
probe_lr,last,18,fg_primary_amine,0.001,R3,0,0.5789
probe_lr,last,18,fg_primary_amine,0.001,R3,1,0.5789
probe_lr,last,18,fg_primary_amine,0.001,R4,0,0.2105
probe_lr,last,18,fg_primary_amine,0.001,R4,1,0.2105
probe_lr,last,18,fg_primary_amine,0.001,R5,0,0.0526
probe_lr,last,18,fg_primary_amine,0.001,R5,1,0.0526
probe_lr,last,18,fg_primary_amine,0.001,R6,0,0.3158
probe_lr,last,18,fg_primary_amine,0.001,R6,1,0.3158
probe_lr,last,18,fg_primary_amine,0.001,R8,0,0.4211
probe_lr,last,18,fg_primary_amine,0.001,R8,1,0.4211
probe_lr,last,18,fg_primary_amine,0.001,R9,0,0.8421
probe_lr,last,18,fg_primary_amine,0.001,R9,1,0.8421
probe_lr,last,18,fg_secondary_amine,0.001,qm9s_val,0,0.6077
probe_lr,last,18,fg_secondary_amine,0.001,R0,0,0.6699
probe_lr,last,18,fg_secondary_amine,0.001,R2,0,0.2105
probe_lr,last,18,fg_secondary_amine,0.001,R2,1,0.2105
probe_lr,last,18,fg_secondary_amine,0.001,R3,0,0.4737
probe_lr,last,18,fg_secondary_amine,0.001,R3,1,0.4737
probe_lr,last,18,fg_secondary_amine,0.001,R4,0,0.5789
probe_lr,last,18,fg_secondary_amine,0.001,R4,1,0.5789
probe_lr,last,18,fg_secondary_amine,0.001,R5,0,0.3158
probe_lr,last,18,fg_secondary_amine,0.001,R5,1,0.3158
probe_lr,last,18,fg_secondary_amine,0.001,R6,0,0.6842
probe_lr,last,18,fg_secondary_amine,0.001,R6,1,0.6842
probe_lr,last,18,fg_secondary_amine,0.001,R8,0,0.7368
probe_lr,last,18,fg_secondary_amine,0.001,R8,1,0.7368
probe_lr,last,18,fg_secondary_amine,0.001,R9,0,0.5263
probe_lr,last,18,fg_secondary_amine,0.001,R9,1,0.5263
probe_lr,last,18,fg_amide,0.001,qm9s_val,0,0.79
probe_lr,last,18,fg_amide,0.001,R0,0,0.7854
probe_lr,last,18,fg_amide,0.001,R2,0,0.6944
probe_lr,last,18,fg_amide,0.001,R2,1,0.6944
probe_lr,last,18,fg_amide,0.001,R3,0,0.3611
probe_lr,last,18,fg_amide,0.001,R3,1,0.3611
probe_lr,last,18,fg_amide,0.001,R4,0,0.8889
probe_lr,last,18,fg_amide,0.001,R4,1,0.8889
probe_lr,last,18,fg_amide,0.001,R5,0,0.9167
probe_lr,last,18,fg_amide,0.001,R5,1,0.9167
probe_lr,last,18,fg_amide,0.001,R6,0,0.6667
probe_lr,last,18,fg_amide,0.001,R6,1,0.6667
probe_lr,last,18,fg_amide,0.001,R8,0,0.6667
probe_lr,last,18,fg_amide,0.001,R8,1,0.6667
probe_lr,last,18,fg_amide,0.001,R9,0,0.6944
probe_lr,last,18,fg_amide,0.001,R9,1,0.6944
probe_lr,last,18,fg_guanidine,0.001,qm9s_val,0,0.8906
probe_lr,last,18,fg_guanidine,0.001,R0,0,0.8855
probe_lr,last,18,fg_guanidine,0.001,R2,0,0.7895
probe_lr,last,18,fg_guanidine,0.001,R2,1,0.7895
probe_lr,last,18,fg_guanidine,0.001,R3,0,0.5789
probe_lr,last,18,fg_guanidine,0.001,R3,1,0.5789
probe_lr,last,18,fg_guanidine,0.001,R4,0,0.3158
probe_lr,last,18,fg_guanidine,0.001,R4,1,0.3158
probe_lr,last,18,fg_guanidine,0.001,R5,0,0.1579
probe_lr,last,18,fg_guanidine,0.001,R5,1,0.1579
probe_lr,last,18,fg_guanidine,0.001,R6,0,0.5263
probe_lr,last,18,fg_guanidine,0.001,R6,1,0.5263
probe_lr,last,18,fg_guanidine,0.001,R8,0,0.3158
probe_lr,last,18,fg_guanidine,0.001,R8,1,0.3158
probe_lr,last,18,fg_guanidine,0.001,R9,0,0.6316
probe_lr,last,18,fg_guanidine,0.001,R9,1,0.5789
probe_lr,last,18,fg_hydroxyl_aliphatic,0.001,qm9s_val,0,0.6696
probe_lr,last,18,fg_hydroxyl_aliphatic,0.001,R0,0,0.6751
probe_lr,last,18,fg_hydroxyl_aliphatic,0.001,R2,0,0.9167
probe_lr,last,18,fg_hydroxyl_aliphatic,0.001,R2,1,0.9167
probe_lr,last,18,fg_hydroxyl_aliphatic,0.001,R3,0,0.6111
probe_lr,last,18,fg_hydroxyl_aliphatic,0.001,R3,1,0.6111
probe_lr,last,18,fg_hydroxyl_aliphatic,0.001,R4,0,0.6389
probe_lr,last,18,fg_hydroxyl_aliphatic,0.001,R4,1,0.6389
probe_lr,last,18,fg_hydroxyl_aliphatic,0.001,R5,0,0.5
probe_lr,last,18,fg_hydroxyl_aliphatic,0.001,R5,1,0.5
probe_lr,last,18,fg_hydroxyl_aliphatic,0.001,R6,0,0.6389
probe_lr,last,18,fg_hydroxyl_aliphatic,0.001,R6,1,0.6389
probe_lr,last,18,fg_hydroxyl_aliphatic,0.001,R8,0,0.6111
probe_lr,last,18,fg_hydroxyl_aliphatic,0.001,R8,1,0.6111
probe_lr,last,18,fg_hydroxyl_aliphatic,0.001,R9,0,0.5556
probe_lr,last,18,fg_hydroxyl_aliphatic,0.001,R9,1,0.5556
probe_lr,last,18,fg_phenol,0.001,qm9s_val,0,0.912
probe_lr,last,18,fg_phenol,0.001,R0,0,0.8487
probe_lr,last,18,fg_phenol,0.001,R2,0,0.8421
probe_lr,last,18,fg_phenol,0.001,R2,1,0.8421
probe_lr,last,18,fg_phenol,0.001,R3,0,1.0
probe_lr,last,18,fg_phenol,0.001,R3,1,1.0
probe_lr,last,18,fg_phenol,0.001,R4,0,0.6842
probe_lr,last,18,fg_phenol,0.001,R4,1,0.6842
probe_lr,last,18,fg_phenol,0.001,R5,0,0.4737
probe_lr,last,18,fg_phenol,0.001,R5,1,0.4737
probe_lr,last,18,fg_phenol,0.001,R6,0,0.3684
probe_lr,last,18,fg_phenol,0.001,R6,1,0.3684
probe_lr,last,18,fg_phenol,0.001,R8,0,0.0526
probe_lr,last,18,fg_phenol,0.001,R8,1,0.0526
probe_lr,last,18,fg_phenol,0.001,R9,0,0.0526
probe_lr,last,18,fg_phenol,0.001,R9,1,0.0526
probe_lr,last,18,fg_aromatic_ring,0.001,qm9s_val,0,0.9387
probe_lr,last,18,fg_aromatic_ring,0.001,R0,0,0.939
probe_lr,last,18,fg_aromatic_ring,0.001,R2,0,0.8906
probe_lr,last,18,fg_aromatic_ring,0.001,R2,1,0.8906
probe_lr,last,18,fg_aromatic_ring,0.001,R3,0,0.9531
probe_lr,last,18,fg_aromatic_ring,0.001,R3,1,0.9531
probe_lr,last,18,fg_aromatic_ring,0.001,R4,0,0.5781
probe_lr,last,18,fg_aromatic_ring,0.001,R4,1,0.5781
probe_lr,last,18,fg_aromatic_ring,0.001,R5,0,0.25
probe_lr,last,18,fg_aromatic_ring,0.001,R5,1,0.25
probe_lr,last,18,fg_aromatic_ring,0.001,R6,0,0.3594
probe_lr,last,18,fg_aromatic_ring,0.001,R6,1,0.3594
probe_lr,last,18,fg_aromatic_ring,0.001,R8,0,0.625
probe_lr,last,18,fg_aromatic_ring,0.001,R8,1,0.625
probe_lr,last,18,fg_aromatic_ring,0.001,R9,0,0.5938
probe_lr,last,18,fg_aromatic_ring,0.001,R9,1,0.5938
probe_lr,last,18,fg_benzene_ring,0.001,qm9s_val,0,0.9601
probe_lr,last,18,fg_benzene_ring,0.001,R0,0,0.9249
probe_lr,last,18,fg_benzene_ring,0.001,R2,0,0.8431
probe_lr,last,18,fg_benzene_ring,0.001,R2,1,0.8431
probe_lr,last,18,fg_benzene_ring,0.001,R3,0,0.7843
probe_lr,last,18,fg_benzene_ring,0.001,R3,1,0.7843
probe_lr,last,18,fg_benzene_ring,0.001,R4,0,0.6863
probe_lr,last,18,fg_benzene_ring,0.001,R4,1,0.6863
probe_lr,last,18,fg_benzene_ring,0.001,R5,0,0.4314
probe_lr,last,18,fg_benzene_ring,0.001,R5,1,0.4314
probe_lr,last,18,fg_benzene_ring,0.001,R6,0,0.3529
probe_lr,last,18,fg_benzene_ring,0.001,R6,1,0.3529
probe_lr,last,18,fg_benzene_ring,0.001,R8,0,0.451
probe_lr,last,18,fg_benzene_ring,0.001,R8,1,0.451
probe_lr,last,18,fg_benzene_ring,0.001,R9,0,0.5882
probe_lr,last,18,fg_benzene_ring,0.001,R9,1,0.5882
probe_lr,last,18,fg_pyrrole_ring,0.001,qm9s_val,0,0.9102
probe_lr,last,18,fg_pyrrole_ring,0.001,R0,0,0.9017
probe_lr,last,18,fg_pyrrole_ring,0.001,R2,0,1.0
probe_lr,last,18,fg_pyrrole_ring,0.001,R2,1,1.0
probe_lr,last,18,fg_pyrrole_ring,0.001,R3,0,0.8421
probe_lr,last,18,fg_pyrrole_ring,0.001,R3,1,0.8421
probe_lr,last,18,fg_pyrrole_ring,0.001,R4,0,0.9474
probe_lr,last,18,fg_pyrrole_ring,0.001,R4,1,0.9474
probe_lr,last,18,fg_pyrrole_ring,0.001,R5,0,0.6316
probe_lr,last,18,fg_pyrrole_ring,0.001,R5,1,0.6316
probe_lr,last,18,fg_pyrrole_ring,0.001,R6,0,0.8947
probe_lr,last,18,fg_pyrrole_ring,0.001,R6,1,0.8947
probe_lr,last,18,fg_pyrrole_ring,0.001,R8,0,1.0
probe_lr,last,18,fg_pyrrole_ring,0.001,R8,1,1.0
probe_lr,last,18,fg_pyrrole_ring,0.001,R9,0,0.8947
probe_lr,last,18,fg_pyrrole_ring,0.001,R9,1,0.8947
probe_lr,last,18,fg_imidazole_ring,0.001,qm9s_val,0,0.9389
probe_lr,last,18,fg_imidazole_ring,0.001,R0,0,0.8816
probe_lr,last,18,fg_imidazole_ring,0.001,R2,0,0.5789
probe_lr,last,18,fg_imidazole_ring,0.001,R2,1,0.5789
probe_lr,last,18,fg_imidazole_ring,0.001,R3,0,1.0
probe_lr,last,18,fg_imidazole_ring,0.001,R3,1,1.0
probe_lr,last,18,fg_imidazole_ring,0.001,R4,0,0.0526
probe_lr,last,18,fg_imidazole_ring,0.001,R4,1,0.0526
probe_lr,last,18,fg_imidazole_ring,0.001,R5,0,0.0526
probe_lr,last,18,fg_imidazole_ring,0.001,R5,1,0.0526
probe_lr,last,18,fg_imidazole_ring,0.001,R6,0,0.2105
probe_lr,last,18,fg_imidazole_ring,0.001,R6,1,0.2105
probe_lr,last,18,fg_imidazole_ring,0.001,R8,0,0.8421
probe_lr,last,18,fg_imidazole_ring,0.001,R8,1,0.8421
probe_lr,last,18,fg_imidazole_ring,0.001,R9,0,0.5789
probe_lr,last,18,fg_imidazole_ring,0.001,R9,1,0.5263
probe_mm,last,18,fg_primary_amine,,qm9s_val,0,0.5911
probe_mm,last,18,fg_primary_amine,,R0,0,0.645
probe_mm,last,18,fg_primary_amine,,R2,0,0.6842
probe_mm,last,18,fg_primary_amine,,R2,1,0.6842
probe_mm,last,18,fg_primary_amine,,R3,0,0.4737
probe_mm,last,18,fg_primary_amine,,R3,1,0.4737
probe_mm,last,18,fg_primary_amine,,R4,0,0.0
probe_mm,last,18,fg_primary_amine,,R4,1,0.0
probe_mm,last,18,fg_primary_amine,,R5,0,0.0
probe_mm,last,18,fg_primary_amine,,R5,1,0.0
probe_mm,last,18,fg_primary_amine,,R6,0,0.0526
probe_mm,last,18,fg_primary_amine,,R6,1,0.0526
probe_mm,last,18,fg_primary_amine,,R8,0,0.2632
probe_mm,last,18,fg_primary_amine,,R8,1,0.2632
probe_mm,last,18,fg_primary_amine,,R9,0,0.7895
probe_mm,last,18,fg_primary_amine,,R9,1,0.7895
probe_mm,last,18,fg_secondary_amine,,qm9s_val,0,0.6253
probe_mm,last,18,fg_secondary_amine,,R0,0,0.6252
probe_mm,last,18,fg_secondary_amine,,R2,0,0.3684
probe_mm,last,18,fg_secondary_amine,,R2,1,0.3684
probe_mm,last,18,fg_secondary_amine,,R3,0,0.5263
probe_mm,last,18,fg_secondary_amine,,R3,1,0.5263
probe_mm,last,18,fg_secondary_amine,,R4,0,1.0
probe_mm,last,18,fg_secondary_amine,,R4,1,1.0
probe_mm,last,18,fg_secondary_amine,,R5,0,1.0
probe_mm,last,18,fg_secondary_amine,,R5,1,1.0
probe_mm,last,18,fg_secondary_amine,,R6,0,0.7895
probe_mm,last,18,fg_secondary_amine,,R6,1,0.7895
probe_mm,last,18,fg_secondary_amine,,R8,0,0.5789
probe_mm,last,18,fg_secondary_amine,,R8,1,0.5789
probe_mm,last,18,fg_secondary_amine,,R9,0,0.2632
probe_mm,last,18,fg_secondary_amine,,R9,1,0.2105
probe_mm,last,18,fg_amide,,qm9s_val,0,0.6251
probe_mm,last,18,fg_amide,,R0,0,0.6785
probe_mm,last,18,fg_amide,,R2,0,0.9444
probe_mm,last,18,fg_amide,,R2,1,0.9444
probe_mm,last,18,fg_amide,,R3,0,0.9444
probe_mm,last,18,fg_amide,,R3,1,0.9444
probe_mm,last,18,fg_amide,,R4,0,0.6389
probe_mm,last,18,fg_amide,,R4,1,0.6389
probe_mm,last,18,fg_amide,,R5,0,0.5833
probe_mm,last,18,fg_amide,,R5,1,0.5833
probe_mm,last,18,fg_amide,,R6,0,0.6667
probe_mm,last,18,fg_amide,,R6,1,0.6667
probe_mm,last,18,fg_amide,,R8,0,0.3056
probe_mm,last,18,fg_amide,,R8,1,0.3056
probe_mm,last,18,fg_amide,,R9,0,0.6111
probe_mm,last,18,fg_amide,,R9,1,0.6111
probe_mm,last,18,fg_guanidine,,qm9s_val,0,0.6345
probe_mm,last,18,fg_guanidine,,R0,0,0.6532
probe_mm,last,18,fg_guanidine,,R2,0,0.0
probe_mm,last,18,fg_guanidine,,R2,1,0.0
probe_mm,last,18,fg_guanidine,,R3,0,0.0
probe_mm,last,18,fg_guanidine,,R3,1,0.0
probe_mm,last,18,fg_guanidine,,R4,0,0.0526
probe_mm,last,18,fg_guanidine,,R4,1,0.0526
probe_mm,last,18,fg_guanidine,,R5,0,0.0526
probe_mm,last,18,fg_guanidine,,R5,1,0.0526
probe_mm,last,18,fg_guanidine,,R6,0,0.3158
probe_mm,last,18,fg_guanidine,,R6,1,0.3158
probe_mm,last,18,fg_guanidine,,R8,0,0.2632
probe_mm,last,18,fg_guanidine,,R8,1,0.2632
probe_mm,last,18,fg_guanidine,,R9,0,0.1053
probe_mm,last,18,fg_guanidine,,R9,1,0.1053
probe_mm,last,18,fg_hydroxyl_aliphatic,,qm9s_val,0,0.5996
probe_mm,last,18,fg_hydroxyl_aliphatic,,R0,0,0.6277
probe_mm,last,18,fg_hydroxyl_aliphatic,,R2,0,0.6944
probe_mm,last,18,fg_hydroxyl_aliphatic,,R2,1,0.6944
probe_mm,last,18,fg_hydroxyl_aliphatic,,R3,0,0.7222
probe_mm,last,18,fg_hydroxyl_aliphatic,,R3,1,0.7222
probe_mm,last,18,fg_hydroxyl_aliphatic,,R4,0,0.5
probe_mm,last,18,fg_hydroxyl_aliphatic,,R4,1,0.5
probe_mm,last,18,fg_hydroxyl_aliphatic,,R5,0,0.4167
probe_mm,last,18,fg_hydroxyl_aliphatic,,R5,1,0.4167
probe_mm,last,18,fg_hydroxyl_aliphatic,,R6,0,0.4722
probe_mm,last,18,fg_hydroxyl_aliphatic,,R6,1,0.4722
probe_mm,last,18,fg_hydroxyl_aliphatic,,R8,0,0.75
probe_mm,last,18,fg_hydroxyl_aliphatic,,R8,1,0.75
probe_mm,last,18,fg_hydroxyl_aliphatic,,R9,0,0.5833
probe_mm,last,18,fg_hydroxyl_aliphatic,,R9,1,0.5833
probe_mm,last,18,fg_phenol,,qm9s_val,0,0.8039
probe_mm,last,18,fg_phenol,,R0,0,0.755
probe_mm,last,18,fg_phenol,,R2,0,0.8421
probe_mm,last,18,fg_phenol,,R2,1,0.8421
probe_mm,last,18,fg_phenol,,R3,0,0.7895
probe_mm,last,18,fg_phenol,,R3,1,0.7895
probe_mm,last,18,fg_phenol,,R4,0,0.8947
probe_mm,last,18,fg_phenol,,R4,1,0.8947
probe_mm,last,18,fg_phenol,,R5,0,0.6842
probe_mm,last,18,fg_phenol,,R5,1,0.6842
probe_mm,last,18,fg_phenol,,R6,0,0.4211
probe_mm,last,18,fg_phenol,,R6,1,0.4211
probe_mm,last,18,fg_phenol,,R8,0,0.5263
probe_mm,last,18,fg_phenol,,R8,1,0.5263
probe_mm,last,18,fg_phenol,,R9,0,0.0
probe_mm,last,18,fg_phenol,,R9,1,0.0
probe_mm,last,18,fg_aromatic_ring,,qm9s_val,0,0.8421
probe_mm,last,18,fg_aromatic_ring,,R0,0,0.8271
probe_mm,last,18,fg_aromatic_ring,,R2,0,0.75
probe_mm,last,18,fg_aromatic_ring,,R2,1,0.75
probe_mm,last,18,fg_aromatic_ring,,R3,0,0.8281
probe_mm,last,18,fg_aromatic_ring,,R3,1,0.8281
probe_mm,last,18,fg_aromatic_ring,,R4,0,0.6875
probe_mm,last,18,fg_aromatic_ring,,R4,1,0.6875
probe_mm,last,18,fg_aromatic_ring,,R5,0,0.5312
probe_mm,last,18,fg_aromatic_ring,,R5,1,0.5312
probe_mm,last,18,fg_aromatic_ring,,R6,0,0.5469
probe_mm,last,18,fg_aromatic_ring,,R6,1,0.5469
probe_mm,last,18,fg_aromatic_ring,,R8,0,0.25
probe_mm,last,18,fg_aromatic_ring,,R8,1,0.25
probe_mm,last,18,fg_aromatic_ring,,R9,0,0.5625
probe_mm,last,18,fg_aromatic_ring,,R9,1,0.5625
probe_mm,last,18,fg_benzene_ring,,qm9s_val,0,0.8149
probe_mm,last,18,fg_benzene_ring,,R0,0,0.8
probe_mm,last,18,fg_benzene_ring,,R2,0,0.8824
probe_mm,last,18,fg_benzene_ring,,R2,1,0.8824
probe_mm,last,18,fg_benzene_ring,,R3,0,0.7255
probe_mm,last,18,fg_benzene_ring,,R3,1,0.7255
probe_mm,last,18,fg_benzene_ring,,R4,0,0.8824
probe_mm,last,18,fg_benzene_ring,,R4,1,0.8824
probe_mm,last,18,fg_benzene_ring,,R5,0,0.6667
probe_mm,last,18,fg_benzene_ring,,R5,1,0.6667
probe_mm,last,18,fg_benzene_ring,,R6,0,0.7255
probe_mm,last,18,fg_benzene_ring,,R6,1,0.7255
probe_mm,last,18,fg_benzene_ring,,R8,0,0.2549
probe_mm,last,18,fg_benzene_ring,,R8,1,0.2549
probe_mm,last,18,fg_benzene_ring,,R9,0,0.451
probe_mm,last,18,fg_benzene_ring,,R9,1,0.4118
probe_mm,last,18,fg_pyrrole_ring,,qm9s_val,0,0.7364
probe_mm,last,18,fg_pyrrole_ring,,R0,0,0.766
probe_mm,last,18,fg_pyrrole_ring,,R2,0,0.8421
probe_mm,last,18,fg_pyrrole_ring,,R2,1,0.8421
probe_mm,last,18,fg_pyrrole_ring,,R3,0,0.8947
probe_mm,last,18,fg_pyrrole_ring,,R3,1,0.8947
probe_mm,last,18,fg_pyrrole_ring,,R4,0,0.9474
probe_mm,last,18,fg_pyrrole_ring,,R4,1,0.9474
probe_mm,last,18,fg_pyrrole_ring,,R5,0,0.4211
probe_mm,last,18,fg_pyrrole_ring,,R5,1,0.4211
probe_mm,last,18,fg_pyrrole_ring,,R6,0,0.8421
probe_mm,last,18,fg_pyrrole_ring,,R6,1,0.8421
probe_mm,last,18,fg_pyrrole_ring,,R8,0,0.0526
probe_mm,last,18,fg_pyrrole_ring,,R8,1,0.0526
probe_mm,last,18,fg_pyrrole_ring,,R9,0,0.4737
probe_mm,last,18,fg_pyrrole_ring,,R9,1,0.4737
probe_mm,last,18,fg_imidazole_ring,,qm9s_val,0,0.7822
probe_mm,last,18,fg_imidazole_ring,,R0,0,0.7714
probe_mm,last,18,fg_imidazole_ring,,R2,0,0.3158
probe_mm,last,18,fg_imidazole_ring,,R2,1,0.3158
probe_mm,last,18,fg_imidazole_ring,,R3,0,0.8421
probe_mm,last,18,fg_imidazole_ring,,R3,1,0.8421
probe_mm,last,18,fg_imidazole_ring,,R4,0,0.1053
probe_mm,last,18,fg_imidazole_ring,,R4,1,0.1053
probe_mm,last,18,fg_imidazole_ring,,R5,0,0.1053
probe_mm,last,18,fg_imidazole_ring,,R5,1,0.1053
probe_mm,last,18,fg_imidazole_ring,,R6,0,0.1053
probe_mm,last,18,fg_imidazole_ring,,R6,1,0.1053
probe_mm,last,18,fg_imidazole_ring,,R8,0,0.3158
probe_mm,last,18,fg_imidazole_ring,,R8,1,0.3158
probe_mm,last,18,fg_imidazole_ring,,R9,0,0.8421
probe_mm,last,18,fg_imidazole_ring,,R9,1,0.8421
probe_lr,last,21,fg_primary_amine,0.001,qm9s_val,0,0.8483
probe_lr,last,21,fg_primary_amine,0.001,R0,0,0.8221
probe_lr,last,21,fg_primary_amine,0.001,R2,0,0.7895
probe_lr,last,21,fg_primary_amine,0.001,R2,1,0.7895
probe_lr,last,21,fg_primary_amine,0.001,R3,0,0.4211
probe_lr,last,21,fg_primary_amine,0.001,R3,1,0.4211
probe_lr,last,21,fg_primary_amine,0.001,R4,0,0.2105
probe_lr,last,21,fg_primary_amine,0.001,R4,1,0.2105
probe_lr,last,21,fg_primary_amine,0.001,R5,0,0.0
probe_lr,last,21,fg_primary_amine,0.001,R5,1,0.0
probe_lr,last,21,fg_primary_amine,0.001,R6,0,0.4211
probe_lr,last,21,fg_primary_amine,0.001,R6,1,0.4211
probe_lr,last,21,fg_primary_amine,0.001,R8,0,0.4737
probe_lr,last,21,fg_primary_amine,0.001,R8,1,0.4737
probe_lr,last,21,fg_primary_amine,0.001,R9,0,0.8421
probe_lr,last,21,fg_primary_amine,0.001,R9,1,0.8421
probe_lr,last,21,fg_secondary_amine,0.001,qm9s_val,0,0.6242
probe_lr,last,21,fg_secondary_amine,0.001,R0,0,0.6793
probe_lr,last,21,fg_secondary_amine,0.001,R2,0,0.7368
probe_lr,last,21,fg_secondary_amine,0.001,R2,1,0.7368
probe_lr,last,21,fg_secondary_amine,0.001,R3,0,0.4211
probe_lr,last,21,fg_secondary_amine,0.001,R3,1,0.4211
probe_lr,last,21,fg_secondary_amine,0.001,R4,0,0.1579
probe_lr,last,21,fg_secondary_amine,0.001,R4,1,0.1579
probe_lr,last,21,fg_secondary_amine,0.001,R5,0,0.0526
probe_lr,last,21,fg_secondary_amine,0.001,R5,1,0.0526
probe_lr,last,21,fg_secondary_amine,0.001,R6,0,0.3684
probe_lr,last,21,fg_secondary_amine,0.001,R6,1,0.3684
probe_lr,last,21,fg_secondary_amine,0.001,R8,0,0.6842
probe_lr,last,21,fg_secondary_amine,0.001,R8,1,0.6842
probe_lr,last,21,fg_secondary_amine,0.001,R9,0,0.1579
probe_lr,last,21,fg_secondary_amine,0.001,R9,1,0.1579
probe_lr,last,21,fg_amide,0.001,qm9s_val,0,0.8019
probe_lr,last,21,fg_amide,0.001,R0,0,0.8065
probe_lr,last,21,fg_amide,0.001,R2,0,0.5556
probe_lr,last,21,fg_amide,0.001,R2,1,0.5556
probe_lr,last,21,fg_amide,0.001,R3,0,0.5833
probe_lr,last,21,fg_amide,0.001,R3,1,0.5833
probe_lr,last,21,fg_amide,0.001,R4,0,0.8889
probe_lr,last,21,fg_amide,0.001,R4,1,0.8889
probe_lr,last,21,fg_amide,0.001,R5,0,0.9167
probe_lr,last,21,fg_amide,0.001,R5,1,0.9167
probe_lr,last,21,fg_amide,0.001,R6,0,0.6667
probe_lr,last,21,fg_amide,0.001,R6,1,0.6667
probe_lr,last,21,fg_amide,0.001,R8,0,0.3056
probe_lr,last,21,fg_amide,0.001,R8,1,0.3056
probe_lr,last,21,fg_amide,0.001,R9,0,0.6389
probe_lr,last,21,fg_amide,0.001,R9,1,0.6389
probe_lr,last,21,fg_guanidine,0.001,qm9s_val,0,0.9271
probe_lr,last,21,fg_guanidine,0.001,R0,0,0.9356
probe_lr,last,21,fg_guanidine,0.001,R2,0,0.4211
probe_lr,last,21,fg_guanidine,0.001,R2,1,0.4211
probe_lr,last,21,fg_guanidine,0.001,R3,0,0.7368
probe_lr,last,21,fg_guanidine,0.001,R3,1,0.7368
probe_lr,last,21,fg_guanidine,0.001,R4,0,0.5789
probe_lr,last,21,fg_guanidine,0.001,R4,1,0.5789
probe_lr,last,21,fg_guanidine,0.001,R5,0,0.1053
probe_lr,last,21,fg_guanidine,0.001,R5,1,0.1053
probe_lr,last,21,fg_guanidine,0.001,R6,0,0.3158
probe_lr,last,21,fg_guanidine,0.001,R6,1,0.3158
probe_lr,last,21,fg_guanidine,0.001,R8,0,0.4737
probe_lr,last,21,fg_guanidine,0.001,R8,1,0.4737
probe_lr,last,21,fg_guanidine,0.001,R9,0,0.6842
probe_lr,last,21,fg_guanidine,0.001,R9,1,0.6842
probe_lr,last,21,fg_hydroxyl_aliphatic,0.001,qm9s_val,0,0.6791
probe_lr,last,21,fg_hydroxyl_aliphatic,0.001,R0,0,0.6766
probe_lr,last,21,fg_hydroxyl_aliphatic,0.001,R2,0,0.75
probe_lr,last,21,fg_hydroxyl_aliphatic,0.001,R2,1,0.75
probe_lr,last,21,fg_hydroxyl_aliphatic,0.001,R3,0,0.6944
probe_lr,last,21,fg_hydroxyl_aliphatic,0.001,R3,1,0.6944
probe_lr,last,21,fg_hydroxyl_aliphatic,0.001,R4,0,0.4444
probe_lr,last,21,fg_hydroxyl_aliphatic,0.001,R4,1,0.4444
probe_lr,last,21,fg_hydroxyl_aliphatic,0.001,R5,0,0.5556
probe_lr,last,21,fg_hydroxyl_aliphatic,0.001,R5,1,0.5556
probe_lr,last,21,fg_hydroxyl_aliphatic,0.001,R6,0,0.5833
probe_lr,last,21,fg_hydroxyl_aliphatic,0.001,R6,1,0.5833
probe_lr,last,21,fg_hydroxyl_aliphatic,0.001,R8,0,0.5556
probe_lr,last,21,fg_hydroxyl_aliphatic,0.001,R8,1,0.5556
probe_lr,last,21,fg_hydroxyl_aliphatic,0.001,R9,0,0.4722
probe_lr,last,21,fg_hydroxyl_aliphatic,0.001,R9,1,0.3889
probe_lr,last,21,fg_phenol,0.001,qm9s_val,0,0.9186
probe_lr,last,21,fg_phenol,0.001,R0,0,0.8656
probe_lr,last,21,fg_phenol,0.001,R2,0,0.6842
probe_lr,last,21,fg_phenol,0.001,R2,1,0.6842
probe_lr,last,21,fg_phenol,0.001,R3,0,0.9474
probe_lr,last,21,fg_phenol,0.001,R3,1,0.9474
probe_lr,last,21,fg_phenol,0.001,R4,0,0.6316
probe_lr,last,21,fg_phenol,0.001,R4,1,0.6316
probe_lr,last,21,fg_phenol,0.001,R5,0,0.3684
probe_lr,last,21,fg_phenol,0.001,R5,1,0.3684
probe_lr,last,21,fg_phenol,0.001,R6,0,0.1579
probe_lr,last,21,fg_phenol,0.001,R6,1,0.1579
probe_lr,last,21,fg_phenol,0.001,R8,0,0.1053
probe_lr,last,21,fg_phenol,0.001,R8,1,0.1053
probe_lr,last,21,fg_phenol,0.001,R9,0,0.0526
probe_lr,last,21,fg_phenol,0.001,R9,1,0.0526
probe_lr,last,21,fg_aromatic_ring,0.001,qm9s_val,0,0.9484
probe_lr,last,21,fg_aromatic_ring,0.001,R0,0,0.9515
probe_lr,last,21,fg_aromatic_ring,0.001,R2,0,0.8906
probe_lr,last,21,fg_aromatic_ring,0.001,R2,1,0.8906
probe_lr,last,21,fg_aromatic_ring,0.001,R3,0,0.8438
probe_lr,last,21,fg_aromatic_ring,0.001,R3,1,0.8438
probe_lr,last,21,fg_aromatic_ring,0.001,R4,0,0.4688
probe_lr,last,21,fg_aromatic_ring,0.001,R4,1,0.4688
probe_lr,last,21,fg_aromatic_ring,0.001,R5,0,0.3594
probe_lr,last,21,fg_aromatic_ring,0.001,R5,1,0.3594
probe_lr,last,21,fg_aromatic_ring,0.001,R6,0,0.2969
probe_lr,last,21,fg_aromatic_ring,0.001,R6,1,0.2969
probe_lr,last,21,fg_aromatic_ring,0.001,R8,0,0.4375
probe_lr,last,21,fg_aromatic_ring,0.001,R8,1,0.4375
probe_lr,last,21,fg_aromatic_ring,0.001,R9,0,0.5781
probe_lr,last,21,fg_aromatic_ring,0.001,R9,1,0.5781
probe_lr,last,21,fg_benzene_ring,0.001,qm9s_val,0,0.9757
probe_lr,last,21,fg_benzene_ring,0.001,R0,0,0.947
probe_lr,last,21,fg_benzene_ring,0.001,R2,0,0.7647
probe_lr,last,21,fg_benzene_ring,0.001,R2,1,0.7647
probe_lr,last,21,fg_benzene_ring,0.001,R3,0,0.6471
probe_lr,last,21,fg_benzene_ring,0.001,R3,1,0.6471
probe_lr,last,21,fg_benzene_ring,0.001,R4,0,0.5882
probe_lr,last,21,fg_benzene_ring,0.001,R4,1,0.5882
probe_lr,last,21,fg_benzene_ring,0.001,R5,0,0.4706
probe_lr,last,21,fg_benzene_ring,0.001,R5,1,0.4706
probe_lr,last,21,fg_benzene_ring,0.001,R6,0,0.2549
probe_lr,last,21,fg_benzene_ring,0.001,R6,1,0.2549
probe_lr,last,21,fg_benzene_ring,0.001,R8,0,0.451
probe_lr,last,21,fg_benzene_ring,0.001,R8,1,0.451
probe_lr,last,21,fg_benzene_ring,0.001,R9,0,0.5882
probe_lr,last,21,fg_benzene_ring,0.001,R9,1,0.5882
probe_lr,last,21,fg_pyrrole_ring,0.001,qm9s_val,0,0.8945
probe_lr,last,21,fg_pyrrole_ring,0.001,R0,0,0.9129
probe_lr,last,21,fg_pyrrole_ring,0.001,R2,0,1.0
probe_lr,last,21,fg_pyrrole_ring,0.001,R2,1,1.0
probe_lr,last,21,fg_pyrrole_ring,0.001,R3,0,1.0
probe_lr,last,21,fg_pyrrole_ring,0.001,R3,1,1.0
probe_lr,last,21,fg_pyrrole_ring,0.001,R4,0,0.9474
probe_lr,last,21,fg_pyrrole_ring,0.001,R4,1,0.9474
probe_lr,last,21,fg_pyrrole_ring,0.001,R5,0,0.9474
probe_lr,last,21,fg_pyrrole_ring,0.001,R5,1,0.9474
probe_lr,last,21,fg_pyrrole_ring,0.001,R6,0,0.8947
probe_lr,last,21,fg_pyrrole_ring,0.001,R6,1,0.8947
probe_lr,last,21,fg_pyrrole_ring,0.001,R8,0,0.8947
probe_lr,last,21,fg_pyrrole_ring,0.001,R8,1,0.8947
probe_lr,last,21,fg_pyrrole_ring,0.001,R9,0,0.9474
probe_lr,last,21,fg_pyrrole_ring,0.001,R9,1,0.9474
probe_lr,last,21,fg_imidazole_ring,0.001,qm9s_val,0,0.9469
probe_lr,last,21,fg_imidazole_ring,0.001,R0,0,0.8935
probe_lr,last,21,fg_imidazole_ring,0.001,R2,0,0.7368
probe_lr,last,21,fg_imidazole_ring,0.001,R2,1,0.7368
probe_lr,last,21,fg_imidazole_ring,0.001,R3,0,0.9474
probe_lr,last,21,fg_imidazole_ring,0.001,R3,1,0.9474
probe_lr,last,21,fg_imidazole_ring,0.001,R4,0,0.1053
probe_lr,last,21,fg_imidazole_ring,0.001,R4,1,0.1053
probe_lr,last,21,fg_imidazole_ring,0.001,R5,0,0.2632
probe_lr,last,21,fg_imidazole_ring,0.001,R5,1,0.2632
probe_lr,last,21,fg_imidazole_ring,0.001,R6,0,0.2632
probe_lr,last,21,fg_imidazole_ring,0.001,R6,1,0.2632
probe_lr,last,21,fg_imidazole_ring,0.001,R8,0,0.4737
probe_lr,last,21,fg_imidazole_ring,0.001,R8,1,0.4737
probe_lr,last,21,fg_imidazole_ring,0.001,R9,0,0.7895
probe_lr,last,21,fg_imidazole_ring,0.001,R9,1,0.7895
probe_mm,last,21,fg_primary_amine,,qm9s_val,0,0.5867
probe_mm,last,21,fg_primary_amine,,R0,0,0.6577
probe_mm,last,21,fg_primary_amine,,R2,0,0.5263
probe_mm,last,21,fg_primary_amine,,R2,1,0.5263
probe_mm,last,21,fg_primary_amine,,R3,0,0.6842
probe_mm,last,21,fg_primary_amine,,R3,1,0.6842
probe_mm,last,21,fg_primary_amine,,R4,0,0.0
probe_mm,last,21,fg_primary_amine,,R4,1,0.0
probe_mm,last,21,fg_primary_amine,,R5,0,0.0
probe_mm,last,21,fg_primary_amine,,R5,1,0.0
probe_mm,last,21,fg_primary_amine,,R6,0,0.1579
probe_mm,last,21,fg_primary_amine,,R6,1,0.1579
probe_mm,last,21,fg_primary_amine,,R8,0,0.3158
probe_mm,last,21,fg_primary_amine,,R8,1,0.3158
probe_mm,last,21,fg_primary_amine,,R9,0,0.7895
probe_mm,last,21,fg_primary_amine,,R9,1,0.7895
probe_mm,last,21,fg_secondary_amine,,qm9s_val,0,0.6234
probe_mm,last,21,fg_secondary_amine,,R0,0,0.6291
probe_mm,last,21,fg_secondary_amine,,R2,0,0.4211
probe_mm,last,21,fg_secondary_amine,,R2,1,0.4211
probe_mm,last,21,fg_secondary_amine,,R3,0,0.4737
probe_mm,last,21,fg_secondary_amine,,R3,1,0.4737
probe_mm,last,21,fg_secondary_amine,,R4,0,1.0
probe_mm,last,21,fg_secondary_amine,,R4,1,1.0
probe_mm,last,21,fg_secondary_amine,,R5,0,1.0
probe_mm,last,21,fg_secondary_amine,,R5,1,1.0
probe_mm,last,21,fg_secondary_amine,,R6,0,0.7368
probe_mm,last,21,fg_secondary_amine,,R6,1,0.7368
probe_mm,last,21,fg_secondary_amine,,R8,0,0.6842
probe_mm,last,21,fg_secondary_amine,,R8,1,0.6842
probe_mm,last,21,fg_secondary_amine,,R9,0,0.2632
probe_mm,last,21,fg_secondary_amine,,R9,1,0.2632
probe_mm,last,21,fg_amide,,qm9s_val,0,0.6541
probe_mm,last,21,fg_amide,,R0,0,0.6967
probe_mm,last,21,fg_amide,,R2,0,0.8611
probe_mm,last,21,fg_amide,,R2,1,0.8611
probe_mm,last,21,fg_amide,,R3,0,0.9444
probe_mm,last,21,fg_amide,,R3,1,0.9444
probe_mm,last,21,fg_amide,,R4,0,0.5278
probe_mm,last,21,fg_amide,,R4,1,0.5278
probe_mm,last,21,fg_amide,,R5,0,0.6944
probe_mm,last,21,fg_amide,,R5,1,0.6944
probe_mm,last,21,fg_amide,,R6,0,0.6389
probe_mm,last,21,fg_amide,,R6,1,0.6389
probe_mm,last,21,fg_amide,,R8,0,0.4167
probe_mm,last,21,fg_amide,,R8,1,0.4167
probe_mm,last,21,fg_amide,,R9,0,0.6111
probe_mm,last,21,fg_amide,,R9,1,0.6111
probe_mm,last,21,fg_guanidine,,qm9s_val,0,0.6942
probe_mm,last,21,fg_guanidine,,R0,0,0.6901
probe_mm,last,21,fg_guanidine,,R2,0,0.0
probe_mm,last,21,fg_guanidine,,R2,1,0.0
probe_mm,last,21,fg_guanidine,,R3,0,0.0526
probe_mm,last,21,fg_guanidine,,R3,1,0.0526
probe_mm,last,21,fg_guanidine,,R4,0,0.1053
probe_mm,last,21,fg_guanidine,,R4,1,0.1053
probe_mm,last,21,fg_guanidine,,R5,0,0.0
probe_mm,last,21,fg_guanidine,,R5,1,0.0
probe_mm,last,21,fg_guanidine,,R6,0,0.3158
probe_mm,last,21,fg_guanidine,,R6,1,0.3158
probe_mm,last,21,fg_guanidine,,R8,0,0.4211
probe_mm,last,21,fg_guanidine,,R8,1,0.4211
probe_mm,last,21,fg_guanidine,,R9,0,0.1053
probe_mm,last,21,fg_guanidine,,R9,1,0.1053
probe_mm,last,21,fg_hydroxyl_aliphatic,,qm9s_val,0,0.6035
probe_mm,last,21,fg_hydroxyl_aliphatic,,R0,0,0.632
probe_mm,last,21,fg_hydroxyl_aliphatic,,R2,0,0.6944
probe_mm,last,21,fg_hydroxyl_aliphatic,,R2,1,0.6944
probe_mm,last,21,fg_hydroxyl_aliphatic,,R3,0,0.7222
probe_mm,last,21,fg_hydroxyl_aliphatic,,R3,1,0.7222
probe_mm,last,21,fg_hydroxyl_aliphatic,,R4,0,0.5
probe_mm,last,21,fg_hydroxyl_aliphatic,,R4,1,0.5
probe_mm,last,21,fg_hydroxyl_aliphatic,,R5,0,0.3889
probe_mm,last,21,fg_hydroxyl_aliphatic,,R5,1,0.3889
probe_mm,last,21,fg_hydroxyl_aliphatic,,R6,0,0.5
probe_mm,last,21,fg_hydroxyl_aliphatic,,R6,1,0.5
probe_mm,last,21,fg_hydroxyl_aliphatic,,R8,0,0.75
probe_mm,last,21,fg_hydroxyl_aliphatic,,R8,1,0.75
probe_mm,last,21,fg_hydroxyl_aliphatic,,R9,0,0.5556
probe_mm,last,21,fg_hydroxyl_aliphatic,,R9,1,0.5556
probe_mm,last,21,fg_phenol,,qm9s_val,0,0.805
probe_mm,last,21,fg_phenol,,R0,0,0.7557
probe_mm,last,21,fg_phenol,,R2,0,0.8947
probe_mm,last,21,fg_phenol,,R2,1,0.8947
probe_mm,last,21,fg_phenol,,R3,0,0.6316
probe_mm,last,21,fg_phenol,,R3,1,0.6316
probe_mm,last,21,fg_phenol,,R4,0,0.8947
probe_mm,last,21,fg_phenol,,R4,1,0.8947
probe_mm,last,21,fg_phenol,,R5,0,0.5263
probe_mm,last,21,fg_phenol,,R5,1,0.5263
probe_mm,last,21,fg_phenol,,R6,0,0.6316
probe_mm,last,21,fg_phenol,,R6,1,0.6316
probe_mm,last,21,fg_phenol,,R8,0,0.4737
probe_mm,last,21,fg_phenol,,R8,1,0.4737
probe_mm,last,21,fg_phenol,,R9,0,0.0
probe_mm,last,21,fg_phenol,,R9,1,0.0
probe_mm,last,21,fg_aromatic_ring,,qm9s_val,0,0.8443
probe_mm,last,21,fg_aromatic_ring,,R0,0,0.8291
probe_mm,last,21,fg_aromatic_ring,,R2,0,0.7344
probe_mm,last,21,fg_aromatic_ring,,R2,1,0.7344
probe_mm,last,21,fg_aromatic_ring,,R3,0,0.7812
probe_mm,last,21,fg_aromatic_ring,,R3,1,0.7812
probe_mm,last,21,fg_aromatic_ring,,R4,0,0.6875
probe_mm,last,21,fg_aromatic_ring,,R4,1,0.6875
probe_mm,last,21,fg_aromatic_ring,,R5,0,0.4688
probe_mm,last,21,fg_aromatic_ring,,R5,1,0.4688
probe_mm,last,21,fg_aromatic_ring,,R6,0,0.6094
probe_mm,last,21,fg_aromatic_ring,,R6,1,0.6094
probe_mm,last,21,fg_aromatic_ring,,R8,0,0.25
probe_mm,last,21,fg_aromatic_ring,,R8,1,0.25
probe_mm,last,21,fg_aromatic_ring,,R9,0,0.5625
probe_mm,last,21,fg_aromatic_ring,,R9,1,0.5469
probe_mm,last,21,fg_benzene_ring,,qm9s_val,0,0.8189
probe_mm,last,21,fg_benzene_ring,,R0,0,0.7993
probe_mm,last,21,fg_benzene_ring,,R2,0,0.8824
probe_mm,last,21,fg_benzene_ring,,R2,1,0.8824
probe_mm,last,21,fg_benzene_ring,,R3,0,0.7255
probe_mm,last,21,fg_benzene_ring,,R3,1,0.7255
probe_mm,last,21,fg_benzene_ring,,R4,0,0.8824
probe_mm,last,21,fg_benzene_ring,,R4,1,0.8824
probe_mm,last,21,fg_benzene_ring,,R5,0,0.6471
probe_mm,last,21,fg_benzene_ring,,R5,1,0.6471
probe_mm,last,21,fg_benzene_ring,,R6,0,0.7451
probe_mm,last,21,fg_benzene_ring,,R6,1,0.7451
probe_mm,last,21,fg_benzene_ring,,R8,0,0.2549
probe_mm,last,21,fg_benzene_ring,,R8,1,0.2549
probe_mm,last,21,fg_benzene_ring,,R9,0,0.451
probe_mm,last,21,fg_benzene_ring,,R9,1,0.4118
probe_mm,last,21,fg_pyrrole_ring,,qm9s_val,0,0.7377
probe_mm,last,21,fg_pyrrole_ring,,R0,0,0.7696
probe_mm,last,21,fg_pyrrole_ring,,R2,0,0.8421
probe_mm,last,21,fg_pyrrole_ring,,R2,1,0.8421
probe_mm,last,21,fg_pyrrole_ring,,R3,0,0.8947
probe_mm,last,21,fg_pyrrole_ring,,R3,1,0.8947
probe_mm,last,21,fg_pyrrole_ring,,R4,0,0.9474
probe_mm,last,21,fg_pyrrole_ring,,R4,1,0.9474
probe_mm,last,21,fg_pyrrole_ring,,R5,0,0.4211
probe_mm,last,21,fg_pyrrole_ring,,R5,1,0.4211
probe_mm,last,21,fg_pyrrole_ring,,R6,0,0.8421
probe_mm,last,21,fg_pyrrole_ring,,R6,1,0.8421
probe_mm,last,21,fg_pyrrole_ring,,R8,0,0.0526
probe_mm,last,21,fg_pyrrole_ring,,R8,1,0.0526
probe_mm,last,21,fg_pyrrole_ring,,R9,0,0.4737
probe_mm,last,21,fg_pyrrole_ring,,R9,1,0.4211
probe_mm,last,21,fg_imidazole_ring,,qm9s_val,0,0.787
probe_mm,last,21,fg_imidazole_ring,,R0,0,0.78
probe_mm,last,21,fg_imidazole_ring,,R2,0,0.2632
probe_mm,last,21,fg_imidazole_ring,,R2,1,0.2632
probe_mm,last,21,fg_imidazole_ring,,R3,0,0.8421
probe_mm,last,21,fg_imidazole_ring,,R3,1,0.8421
probe_mm,last,21,fg_imidazole_ring,,R4,0,0.1053
probe_mm,last,21,fg_imidazole_ring,,R4,1,0.1053
probe_mm,last,21,fg_imidazole_ring,,R5,0,0.0526
probe_mm,last,21,fg_imidazole_ring,,R5,1,0.0526
probe_mm,last,21,fg_imidazole_ring,,R6,0,0.1579
probe_mm,last,21,fg_imidazole_ring,,R6,1,0.1579
probe_mm,last,21,fg_imidazole_ring,,R8,0,0.3684
probe_mm,last,21,fg_imidazole_ring,,R8,1,0.3684
probe_mm,last,21,fg_imidazole_ring,,R9,0,0.8421
probe_mm,last,21,fg_imidazole_ring,,R9,1,0.8421
probe_lr,last,24,fg_primary_amine,0.001,qm9s_val,0,0.8359
probe_lr,last,24,fg_primary_amine,0.001,R0,0,0.8533
probe_lr,last,24,fg_primary_amine,0.001,R2,0,0.9474
probe_lr,last,24,fg_primary_amine,0.001,R2,1,0.9474
probe_lr,last,24,fg_primary_amine,0.001,R3,0,0.6842
probe_lr,last,24,fg_primary_amine,0.001,R3,1,0.6842
probe_lr,last,24,fg_primary_amine,0.001,R4,0,0.1579
probe_lr,last,24,fg_primary_amine,0.001,R4,1,0.1579
probe_lr,last,24,fg_primary_amine,0.001,R5,0,0.0526
probe_lr,last,24,fg_primary_amine,0.001,R5,1,0.0526
probe_lr,last,24,fg_primary_amine,0.001,R6,0,0.3158
probe_lr,last,24,fg_primary_amine,0.001,R6,1,0.3158
probe_lr,last,24,fg_primary_amine,0.001,R8,0,0.5263
probe_lr,last,24,fg_primary_amine,0.001,R8,1,0.5263
probe_lr,last,24,fg_primary_amine,0.001,R9,0,0.8421
probe_lr,last,24,fg_primary_amine,0.001,R9,1,0.8421
probe_lr,last,24,fg_secondary_amine,0.001,qm9s_val,0,0.6257
probe_lr,last,24,fg_secondary_amine,0.001,R0,0,0.6658
probe_lr,last,24,fg_secondary_amine,0.001,R2,0,0.9474
probe_lr,last,24,fg_secondary_amine,0.001,R2,1,0.9474
probe_lr,last,24,fg_secondary_amine,0.001,R3,0,0.3684
probe_lr,last,24,fg_secondary_amine,0.001,R3,1,0.3684
probe_lr,last,24,fg_secondary_amine,0.001,R4,0,0.1053
probe_lr,last,24,fg_secondary_amine,0.001,R4,1,0.1053
probe_lr,last,24,fg_secondary_amine,0.001,R5,0,0.0526
probe_lr,last,24,fg_secondary_amine,0.001,R5,1,0.0526
probe_lr,last,24,fg_secondary_amine,0.001,R6,0,0.2632
probe_lr,last,24,fg_secondary_amine,0.001,R6,1,0.2632
probe_lr,last,24,fg_secondary_amine,0.001,R8,0,0.7895
probe_lr,last,24,fg_secondary_amine,0.001,R8,1,0.7895
probe_lr,last,24,fg_secondary_amine,0.001,R9,0,0.2105
probe_lr,last,24,fg_secondary_amine,0.001,R9,1,0.2105
probe_lr,last,24,fg_amide,0.001,qm9s_val,0,0.796
probe_lr,last,24,fg_amide,0.001,R0,0,0.8094
probe_lr,last,24,fg_amide,0.001,R2,0,0.8889
probe_lr,last,24,fg_amide,0.001,R2,1,0.8889
probe_lr,last,24,fg_amide,0.001,R3,0,0.6944
probe_lr,last,24,fg_amide,0.001,R3,1,0.6944
probe_lr,last,24,fg_amide,0.001,R4,0,0.8056
probe_lr,last,24,fg_amide,0.001,R4,1,0.8056
probe_lr,last,24,fg_amide,0.001,R5,0,0.75
probe_lr,last,24,fg_amide,0.001,R5,1,0.75
probe_lr,last,24,fg_amide,0.001,R6,0,0.5833
probe_lr,last,24,fg_amide,0.001,R6,1,0.5833
probe_lr,last,24,fg_amide,0.001,R8,0,0.6111
probe_lr,last,24,fg_amide,0.001,R8,1,0.6111
probe_lr,last,24,fg_amide,0.001,R9,0,0.6389
probe_lr,last,24,fg_amide,0.001,R9,1,0.6389
probe_lr,last,24,fg_guanidine,0.001,qm9s_val,0,0.9235
probe_lr,last,24,fg_guanidine,0.001,R0,0,0.9383
probe_lr,last,24,fg_guanidine,0.001,R2,0,0.7368
probe_lr,last,24,fg_guanidine,0.001,R2,1,0.7368
probe_lr,last,24,fg_guanidine,0.001,R3,0,0.6316
probe_lr,last,24,fg_guanidine,0.001,R3,1,0.6316
probe_lr,last,24,fg_guanidine,0.001,R4,0,0.6842
probe_lr,last,24,fg_guanidine,0.001,R4,1,0.6842
probe_lr,last,24,fg_guanidine,0.001,R5,0,0.3158
probe_lr,last,24,fg_guanidine,0.001,R5,1,0.3158
probe_lr,last,24,fg_guanidine,0.001,R6,0,0.6316
probe_lr,last,24,fg_guanidine,0.001,R6,1,0.6316
probe_lr,last,24,fg_guanidine,0.001,R8,0,0.4211
probe_lr,last,24,fg_guanidine,0.001,R8,1,0.4211
probe_lr,last,24,fg_guanidine,0.001,R9,0,0.5789
probe_lr,last,24,fg_guanidine,0.001,R9,1,0.5789
probe_lr,last,24,fg_hydroxyl_aliphatic,0.001,qm9s_val,0,0.6848
probe_lr,last,24,fg_hydroxyl_aliphatic,0.001,R0,0,0.6874
probe_lr,last,24,fg_hydroxyl_aliphatic,0.001,R2,0,0.8056
probe_lr,last,24,fg_hydroxyl_aliphatic,0.001,R2,1,0.8056
probe_lr,last,24,fg_hydroxyl_aliphatic,0.001,R3,0,0.8333
probe_lr,last,24,fg_hydroxyl_aliphatic,0.001,R3,1,0.8333
probe_lr,last,24,fg_hydroxyl_aliphatic,0.001,R4,0,0.4444
probe_lr,last,24,fg_hydroxyl_aliphatic,0.001,R4,1,0.4444
probe_lr,last,24,fg_hydroxyl_aliphatic,0.001,R5,0,0.6389
probe_lr,last,24,fg_hydroxyl_aliphatic,0.001,R5,1,0.6389
probe_lr,last,24,fg_hydroxyl_aliphatic,0.001,R6,0,0.4722
probe_lr,last,24,fg_hydroxyl_aliphatic,0.001,R6,1,0.4722
probe_lr,last,24,fg_hydroxyl_aliphatic,0.001,R8,0,0.7222
probe_lr,last,24,fg_hydroxyl_aliphatic,0.001,R8,1,0.7222
probe_lr,last,24,fg_hydroxyl_aliphatic,0.001,R9,0,0.5
probe_lr,last,24,fg_hydroxyl_aliphatic,0.001,R9,1,0.5
probe_lr,last,24,fg_phenol,0.001,qm9s_val,0,0.9214
probe_lr,last,24,fg_phenol,0.001,R0,0,0.8817
probe_lr,last,24,fg_phenol,0.001,R2,0,0.7895
probe_lr,last,24,fg_phenol,0.001,R2,1,0.7895
probe_lr,last,24,fg_phenol,0.001,R3,0,0.8947
probe_lr,last,24,fg_phenol,0.001,R3,1,0.8947
probe_lr,last,24,fg_phenol,0.001,R4,0,0.3684
probe_lr,last,24,fg_phenol,0.001,R4,1,0.3684
probe_lr,last,24,fg_phenol,0.001,R5,0,0.5263
probe_lr,last,24,fg_phenol,0.001,R5,1,0.5263
probe_lr,last,24,fg_phenol,0.001,R6,0,0.0
probe_lr,last,24,fg_phenol,0.001,R6,1,0.0
probe_lr,last,24,fg_phenol,0.001,R8,0,0.0
probe_lr,last,24,fg_phenol,0.001,R8,1,0.0
probe_lr,last,24,fg_phenol,0.001,R9,0,0.0
probe_lr,last,24,fg_phenol,0.001,R9,1,0.0
probe_lr,last,24,fg_aromatic_ring,0.001,qm9s_val,0,0.9523
probe_lr,last,24,fg_aromatic_ring,0.001,R0,0,0.955
probe_lr,last,24,fg_aromatic_ring,0.001,R2,0,0.9219
probe_lr,last,24,fg_aromatic_ring,0.001,R2,1,0.9219
probe_lr,last,24,fg_aromatic_ring,0.001,R3,0,0.8594
probe_lr,last,24,fg_aromatic_ring,0.001,R3,1,0.8594
probe_lr,last,24,fg_aromatic_ring,0.001,R4,0,0.5469
probe_lr,last,24,fg_aromatic_ring,0.001,R4,1,0.5469
probe_lr,last,24,fg_aromatic_ring,0.001,R5,0,0.5938
probe_lr,last,24,fg_aromatic_ring,0.001,R5,1,0.5938
probe_lr,last,24,fg_aromatic_ring,0.001,R6,0,0.5469
probe_lr,last,24,fg_aromatic_ring,0.001,R6,1,0.5469
probe_lr,last,24,fg_aromatic_ring,0.001,R8,0,0.3438
probe_lr,last,24,fg_aromatic_ring,0.001,R8,1,0.3438
probe_lr,last,24,fg_aromatic_ring,0.001,R9,0,0.5938
probe_lr,last,24,fg_aromatic_ring,0.001,R9,1,0.5938
probe_lr,last,24,fg_benzene_ring,0.001,qm9s_val,0,0.9784
probe_lr,last,24,fg_benzene_ring,0.001,R0,0,0.9565
probe_lr,last,24,fg_benzene_ring,0.001,R2,0,0.7843
probe_lr,last,24,fg_benzene_ring,0.001,R2,1,0.7843
probe_lr,last,24,fg_benzene_ring,0.001,R3,0,0.549
probe_lr,last,24,fg_benzene_ring,0.001,R3,1,0.549
probe_lr,last,24,fg_benzene_ring,0.001,R4,0,0.6667
probe_lr,last,24,fg_benzene_ring,0.001,R4,1,0.6667
probe_lr,last,24,fg_benzene_ring,0.001,R5,0,0.3725
probe_lr,last,24,fg_benzene_ring,0.001,R5,1,0.3725
probe_lr,last,24,fg_benzene_ring,0.001,R6,0,0.4902
probe_lr,last,24,fg_benzene_ring,0.001,R6,1,0.4902
probe_lr,last,24,fg_benzene_ring,0.001,R8,0,0.2745
probe_lr,last,24,fg_benzene_ring,0.001,R8,1,0.2745
probe_lr,last,24,fg_benzene_ring,0.001,R9,0,0.549
probe_lr,last,24,fg_benzene_ring,0.001,R9,1,0.5294
probe_lr,last,24,fg_pyrrole_ring,0.001,qm9s_val,0,0.9125
probe_lr,last,24,fg_pyrrole_ring,0.001,R0,0,0.92
probe_lr,last,24,fg_pyrrole_ring,0.001,R2,0,1.0
probe_lr,last,24,fg_pyrrole_ring,0.001,R2,1,1.0
probe_lr,last,24,fg_pyrrole_ring,0.001,R3,0,0.9474
probe_lr,last,24,fg_pyrrole_ring,0.001,R3,1,0.9474
probe_lr,last,24,fg_pyrrole_ring,0.001,R4,0,0.8947
probe_lr,last,24,fg_pyrrole_ring,0.001,R4,1,0.8947
probe_lr,last,24,fg_pyrrole_ring,0.001,R5,0,1.0
probe_lr,last,24,fg_pyrrole_ring,0.001,R5,1,1.0
probe_lr,last,24,fg_pyrrole_ring,0.001,R6,0,0.7368
probe_lr,last,24,fg_pyrrole_ring,0.001,R6,1,0.7368
probe_lr,last,24,fg_pyrrole_ring,0.001,R8,0,0.9474
probe_lr,last,24,fg_pyrrole_ring,0.001,R8,1,0.9474
probe_lr,last,24,fg_pyrrole_ring,0.001,R9,0,0.8421
probe_lr,last,24,fg_pyrrole_ring,0.001,R9,1,0.8421
probe_lr,last,24,fg_imidazole_ring,0.001,qm9s_val,0,0.9417
probe_lr,last,24,fg_imidazole_ring,0.001,R0,0,0.8827
probe_lr,last,24,fg_imidazole_ring,0.001,R2,0,0.6316
probe_lr,last,24,fg_imidazole_ring,0.001,R2,1,0.6316
probe_lr,last,24,fg_imidazole_ring,0.001,R3,0,0.9474
probe_lr,last,24,fg_imidazole_ring,0.001,R3,1,0.9474
probe_lr,last,24,fg_imidazole_ring,0.001,R4,0,0.4211
probe_lr,last,24,fg_imidazole_ring,0.001,R4,1,0.4211
probe_lr,last,24,fg_imidazole_ring,0.001,R5,0,0.6842
probe_lr,last,24,fg_imidazole_ring,0.001,R5,1,0.6842
probe_lr,last,24,fg_imidazole_ring,0.001,R6,0,0.2632
probe_lr,last,24,fg_imidazole_ring,0.001,R6,1,0.2632
probe_lr,last,24,fg_imidazole_ring,0.001,R8,0,0.5263
probe_lr,last,24,fg_imidazole_ring,0.001,R8,1,0.5263
probe_lr,last,24,fg_imidazole_ring,0.001,R9,0,0.8947
probe_lr,last,24,fg_imidazole_ring,0.001,R9,1,0.8947
probe_mm,last,24,fg_primary_amine,,qm9s_val,0,0.5875
probe_mm,last,24,fg_primary_amine,,R0,0,0.6735
probe_mm,last,24,fg_primary_amine,,R2,0,0.4211
probe_mm,last,24,fg_primary_amine,,R2,1,0.4211
probe_mm,last,24,fg_primary_amine,,R3,0,0.4737
probe_mm,last,24,fg_primary_amine,,R3,1,0.4737
probe_mm,last,24,fg_primary_amine,,R4,0,0.1579
probe_mm,last,24,fg_primary_amine,,R4,1,0.1579
probe_mm,last,24,fg_primary_amine,,R5,0,0.1579
probe_mm,last,24,fg_primary_amine,,R5,1,0.1579
probe_mm,last,24,fg_primary_amine,,R6,0,0.7368
probe_mm,last,24,fg_primary_amine,,R6,1,0.7368
probe_mm,last,24,fg_primary_amine,,R8,0,0.1053
probe_mm,last,24,fg_primary_amine,,R8,1,0.1053
probe_mm,last,24,fg_primary_amine,,R9,0,0.6842
probe_mm,last,24,fg_primary_amine,,R9,1,0.6842
probe_mm,last,24,fg_secondary_amine,,qm9s_val,0,0.6269
probe_mm,last,24,fg_secondary_amine,,R0,0,0.6329
probe_mm,last,24,fg_secondary_amine,,R2,0,0.4211
probe_mm,last,24,fg_secondary_amine,,R2,1,0.4211
probe_mm,last,24,fg_secondary_amine,,R3,0,0.3684
probe_mm,last,24,fg_secondary_amine,,R3,1,0.3684
probe_mm,last,24,fg_secondary_amine,,R4,0,1.0
probe_mm,last,24,fg_secondary_amine,,R4,1,1.0
probe_mm,last,24,fg_secondary_amine,,R5,0,1.0
probe_mm,last,24,fg_secondary_amine,,R5,1,1.0
probe_mm,last,24,fg_secondary_amine,,R6,0,0.6842
probe_mm,last,24,fg_secondary_amine,,R6,1,0.6842
probe_mm,last,24,fg_secondary_amine,,R8,0,0.7368
probe_mm,last,24,fg_secondary_amine,,R8,1,0.7368
probe_mm,last,24,fg_secondary_amine,,R9,0,0.2632
probe_mm,last,24,fg_secondary_amine,,R9,1,0.2632
probe_mm,last,24,fg_amide,,qm9s_val,0,0.671
probe_mm,last,24,fg_amide,,R0,0,0.6695
probe_mm,last,24,fg_amide,,R2,0,0.5
probe_mm,last,24,fg_amide,,R2,1,0.5
probe_mm,last,24,fg_amide,,R3,0,0.6111
probe_mm,last,24,fg_amide,,R3,1,0.6111
probe_mm,last,24,fg_amide,,R4,0,0.2778
probe_mm,last,24,fg_amide,,R4,1,0.2778
probe_mm,last,24,fg_amide,,R5,0,0.3056
probe_mm,last,24,fg_amide,,R5,1,0.3056
probe_mm,last,24,fg_amide,,R6,0,0.2778
probe_mm,last,24,fg_amide,,R6,1,0.2778
probe_mm,last,24,fg_amide,,R8,0,0.4167
probe_mm,last,24,fg_amide,,R8,1,0.4167
probe_mm,last,24,fg_amide,,R9,0,0.5833
probe_mm,last,24,fg_amide,,R9,1,0.5833
probe_mm,last,24,fg_guanidine,,qm9s_val,0,0.7792
probe_mm,last,24,fg_guanidine,,R0,0,0.7592
probe_mm,last,24,fg_guanidine,,R2,0,0.4737
probe_mm,last,24,fg_guanidine,,R2,1,0.4737
probe_mm,last,24,fg_guanidine,,R3,0,0.8947
probe_mm,last,24,fg_guanidine,,R3,1,0.8947
probe_mm,last,24,fg_guanidine,,R4,0,0.3684
probe_mm,last,24,fg_guanidine,,R4,1,0.3684
probe_mm,last,24,fg_guanidine,,R5,0,0.0
probe_mm,last,24,fg_guanidine,,R5,1,0.0
probe_mm,last,24,fg_guanidine,,R6,0,0.3158
probe_mm,last,24,fg_guanidine,,R6,1,0.3158
probe_mm,last,24,fg_guanidine,,R8,0,0.4737
probe_mm,last,24,fg_guanidine,,R8,1,0.4737
probe_mm,last,24,fg_guanidine,,R9,0,0.0
probe_mm,last,24,fg_guanidine,,R9,1,0.0
probe_mm,last,24,fg_hydroxyl_aliphatic,,qm9s_val,0,0.6115
probe_mm,last,24,fg_hydroxyl_aliphatic,,R0,0,0.6466
probe_mm,last,24,fg_hydroxyl_aliphatic,,R2,0,0.5833
probe_mm,last,24,fg_hydroxyl_aliphatic,,R2,1,0.5833
probe_mm,last,24,fg_hydroxyl_aliphatic,,R3,0,0.6667
probe_mm,last,24,fg_hydroxyl_aliphatic,,R3,1,0.6667
probe_mm,last,24,fg_hydroxyl_aliphatic,,R4,0,0.3611
probe_mm,last,24,fg_hydroxyl_aliphatic,,R4,1,0.3611
probe_mm,last,24,fg_hydroxyl_aliphatic,,R5,0,0.4444
probe_mm,last,24,fg_hydroxyl_aliphatic,,R5,1,0.4444
probe_mm,last,24,fg_hydroxyl_aliphatic,,R6,0,0.4444
probe_mm,last,24,fg_hydroxyl_aliphatic,,R6,1,0.4444
probe_mm,last,24,fg_hydroxyl_aliphatic,,R8,0,0.7778
probe_mm,last,24,fg_hydroxyl_aliphatic,,R8,1,0.7778
probe_mm,last,24,fg_hydroxyl_aliphatic,,R9,0,0.5833
probe_mm,last,24,fg_hydroxyl_aliphatic,,R9,1,0.5833
probe_mm,last,24,fg_phenol,,qm9s_val,0,0.8076
probe_mm,last,24,fg_phenol,,R0,0,0.7614
probe_mm,last,24,fg_phenol,,R2,0,0.8421
probe_mm,last,24,fg_phenol,,R2,1,0.8421
probe_mm,last,24,fg_phenol,,R3,0,0.6842
probe_mm,last,24,fg_phenol,,R3,1,0.6842
probe_mm,last,24,fg_phenol,,R4,0,0.8947
probe_mm,last,24,fg_phenol,,R4,1,0.8947
probe_mm,last,24,fg_phenol,,R5,0,0.5789
probe_mm,last,24,fg_phenol,,R5,1,0.5789
probe_mm,last,24,fg_phenol,,R6,0,0.6842
probe_mm,last,24,fg_phenol,,R6,1,0.6842
probe_mm,last,24,fg_phenol,,R8,0,0.4737
probe_mm,last,24,fg_phenol,,R8,1,0.4737
probe_mm,last,24,fg_phenol,,R9,0,0.0
probe_mm,last,24,fg_phenol,,R9,1,0.0
probe_mm,last,24,fg_aromatic_ring,,qm9s_val,0,0.85
probe_mm,last,24,fg_aromatic_ring,,R0,0,0.8326
probe_mm,last,24,fg_aromatic_ring,,R2,0,0.7656
probe_mm,last,24,fg_aromatic_ring,,R2,1,0.7656
probe_mm,last,24,fg_aromatic_ring,,R3,0,0.8281
probe_mm,last,24,fg_aromatic_ring,,R3,1,0.8281
probe_mm,last,24,fg_aromatic_ring,,R4,0,0.6875
probe_mm,last,24,fg_aromatic_ring,,R4,1,0.6875
probe_mm,last,24,fg_aromatic_ring,,R5,0,0.4688
probe_mm,last,24,fg_aromatic_ring,,R5,1,0.4688
probe_mm,last,24,fg_aromatic_ring,,R6,0,0.6094
probe_mm,last,24,fg_aromatic_ring,,R6,1,0.6094
probe_mm,last,24,fg_aromatic_ring,,R8,0,0.2188
probe_mm,last,24,fg_aromatic_ring,,R8,1,0.2188
probe_mm,last,24,fg_aromatic_ring,,R9,0,0.5469
probe_mm,last,24,fg_aromatic_ring,,R9,1,0.5156
probe_mm,last,24,fg_benzene_ring,,qm9s_val,0,0.8256
probe_mm,last,24,fg_benzene_ring,,R0,0,0.8171
probe_mm,last,24,fg_benzene_ring,,R2,0,0.8431
probe_mm,last,24,fg_benzene_ring,,R2,1,0.8431
probe_mm,last,24,fg_benzene_ring,,R3,0,0.7451
probe_mm,last,24,fg_benzene_ring,,R3,1,0.7451
probe_mm,last,24,fg_benzene_ring,,R4,0,0.7059
probe_mm,last,24,fg_benzene_ring,,R4,1,0.7059
probe_mm,last,24,fg_benzene_ring,,R5,0,0.5294
probe_mm,last,24,fg_benzene_ring,,R5,1,0.5294
probe_mm,last,24,fg_benzene_ring,,R6,0,0.6863
probe_mm,last,24,fg_benzene_ring,,R6,1,0.6863
probe_mm,last,24,fg_benzene_ring,,R8,0,0.2353
probe_mm,last,24,fg_benzene_ring,,R8,1,0.2353
probe_mm,last,24,fg_benzene_ring,,R9,0,0.4118
probe_mm,last,24,fg_benzene_ring,,R9,1,0.3922
probe_mm,last,24,fg_pyrrole_ring,,qm9s_val,0,0.7556
probe_mm,last,24,fg_pyrrole_ring,,R0,0,0.7857
probe_mm,last,24,fg_pyrrole_ring,,R2,0,0.8421
probe_mm,last,24,fg_pyrrole_ring,,R2,1,0.8421
probe_mm,last,24,fg_pyrrole_ring,,R3,0,0.9474
probe_mm,last,24,fg_pyrrole_ring,,R3,1,0.9474
probe_mm,last,24,fg_pyrrole_ring,,R4,0,0.9474
probe_mm,last,24,fg_pyrrole_ring,,R4,1,0.9474
probe_mm,last,24,fg_pyrrole_ring,,R5,0,0.3684
probe_mm,last,24,fg_pyrrole_ring,,R5,1,0.3684
probe_mm,last,24,fg_pyrrole_ring,,R6,0,0.8947
probe_mm,last,24,fg_pyrrole_ring,,R6,1,0.8947
probe_mm,last,24,fg_pyrrole_ring,,R8,0,0.0526
probe_mm,last,24,fg_pyrrole_ring,,R8,1,0.0526
probe_mm,last,24,fg_pyrrole_ring,,R9,0,0.5263
probe_mm,last,24,fg_pyrrole_ring,,R9,1,0.4211
probe_mm,last,24,fg_imidazole_ring,,qm9s_val,0,0.7886
probe_mm,last,24,fg_imidazole_ring,,R0,0,0.7926
probe_mm,last,24,fg_imidazole_ring,,R2,0,0.2632
probe_mm,last,24,fg_imidazole_ring,,R2,1,0.2632
probe_mm,last,24,fg_imidazole_ring,,R3,0,0.7895
probe_mm,last,24,fg_imidazole_ring,,R3,1,0.7895
probe_mm,last,24,fg_imidazole_ring,,R4,0,0.0526
probe_mm,last,24,fg_imidazole_ring,,R4,1,0.0526
probe_mm,last,24,fg_imidazole_ring,,R5,0,0.1579
probe_mm,last,24,fg_imidazole_ring,,R5,1,0.1579
probe_mm,last,24,fg_imidazole_ring,,R6,0,0.2105
probe_mm,last,24,fg_imidazole_ring,,R6,1,0.2105
probe_mm,last,24,fg_imidazole_ring,,R8,0,0.4211
probe_mm,last,24,fg_imidazole_ring,,R8,1,0.4211
probe_mm,last,24,fg_imidazole_ring,,R9,0,0.8421
probe_mm,last,24,fg_imidazole_ring,,R9,1,0.8421
probe_lr,last,27,fg_primary_amine,0.001,qm9s_val,0,0.8334
probe_lr,last,27,fg_primary_amine,0.001,R0,0,0.8558
probe_lr,last,27,fg_primary_amine,0.001,R2,0,1.0
probe_lr,last,27,fg_primary_amine,0.001,R2,1,1.0
probe_lr,last,27,fg_primary_amine,0.001,R3,0,0.8947
probe_lr,last,27,fg_primary_amine,0.001,R3,1,0.8947
probe_lr,last,27,fg_primary_amine,0.001,R4,0,0.1053
probe_lr,last,27,fg_primary_amine,0.001,R4,1,0.1053
probe_lr,last,27,fg_primary_amine,0.001,R5,0,0.0526
probe_lr,last,27,fg_primary_amine,0.001,R5,1,0.0526
probe_lr,last,27,fg_primary_amine,0.001,R6,0,0.2632
probe_lr,last,27,fg_primary_amine,0.001,R6,1,0.2632
probe_lr,last,27,fg_primary_amine,0.001,R8,0,0.5263
probe_lr,last,27,fg_primary_amine,0.001,R8,1,0.5263
probe_lr,last,27,fg_primary_amine,0.001,R9,0,0.7368
probe_lr,last,27,fg_primary_amine,0.001,R9,1,0.7368
probe_lr,last,27,fg_secondary_amine,0.001,qm9s_val,0,0.6305
probe_lr,last,27,fg_secondary_amine,0.001,R0,0,0.6816
probe_lr,last,27,fg_secondary_amine,0.001,R2,0,1.0
probe_lr,last,27,fg_secondary_amine,0.001,R2,1,1.0
probe_lr,last,27,fg_secondary_amine,0.001,R3,0,0.3158
probe_lr,last,27,fg_secondary_amine,0.001,R3,1,0.3158
probe_lr,last,27,fg_secondary_amine,0.001,R4,0,0.1053
probe_lr,last,27,fg_secondary_amine,0.001,R4,1,0.1053
probe_lr,last,27,fg_secondary_amine,0.001,R5,0,0.0526
probe_lr,last,27,fg_secondary_amine,0.001,R5,1,0.0526
probe_lr,last,27,fg_secondary_amine,0.001,R6,0,0.1053
probe_lr,last,27,fg_secondary_amine,0.001,R6,1,0.1053
probe_lr,last,27,fg_secondary_amine,0.001,R8,0,0.7895
probe_lr,last,27,fg_secondary_amine,0.001,R8,1,0.7895
probe_lr,last,27,fg_secondary_amine,0.001,R9,0,0.1579
probe_lr,last,27,fg_secondary_amine,0.001,R9,1,0.1579
probe_lr,last,27,fg_amide,0.001,qm9s_val,0,0.8047
probe_lr,last,27,fg_amide,0.001,R0,0,0.8072
probe_lr,last,27,fg_amide,0.001,R2,0,0.7778
probe_lr,last,27,fg_amide,0.001,R2,1,0.7778
probe_lr,last,27,fg_amide,0.001,R3,0,0.4722
probe_lr,last,27,fg_amide,0.001,R3,1,0.4722
probe_lr,last,27,fg_amide,0.001,R4,0,0.8611
probe_lr,last,27,fg_amide,0.001,R4,1,0.8611
probe_lr,last,27,fg_amide,0.001,R5,0,0.8333
probe_lr,last,27,fg_amide,0.001,R5,1,0.8333
probe_lr,last,27,fg_amide,0.001,R6,0,0.6944
probe_lr,last,27,fg_amide,0.001,R6,1,0.6944
probe_lr,last,27,fg_amide,0.001,R8,0,0.4722
probe_lr,last,27,fg_amide,0.001,R8,1,0.4722
probe_lr,last,27,fg_amide,0.001,R9,0,0.6389
probe_lr,last,27,fg_amide,0.001,R9,1,0.6389
probe_lr,last,27,fg_guanidine,0.001,qm9s_val,0,0.9225
probe_lr,last,27,fg_guanidine,0.001,R0,0,0.9413
probe_lr,last,27,fg_guanidine,0.001,R2,0,0.8947
probe_lr,last,27,fg_guanidine,0.001,R2,1,0.8947
probe_lr,last,27,fg_guanidine,0.001,R3,0,0.5263
probe_lr,last,27,fg_guanidine,0.001,R3,1,0.5263
probe_lr,last,27,fg_guanidine,0.001,R4,0,0.8947
probe_lr,last,27,fg_guanidine,0.001,R4,1,0.8947
probe_lr,last,27,fg_guanidine,0.001,R5,0,0.6842
probe_lr,last,27,fg_guanidine,0.001,R5,1,0.6842
probe_lr,last,27,fg_guanidine,0.001,R6,0,0.7368
probe_lr,last,27,fg_guanidine,0.001,R6,1,0.7368
probe_lr,last,27,fg_guanidine,0.001,R8,0,0.7895
probe_lr,last,27,fg_guanidine,0.001,R8,1,0.7895
probe_lr,last,27,fg_guanidine,0.001,R9,0,0.6316
probe_lr,last,27,fg_guanidine,0.001,R9,1,0.6316
probe_lr,last,27,fg_hydroxyl_aliphatic,0.001,qm9s_val,0,0.6897
probe_lr,last,27,fg_hydroxyl_aliphatic,0.001,R0,0,0.6901
probe_lr,last,27,fg_hydroxyl_aliphatic,0.001,R2,0,0.8889
probe_lr,last,27,fg_hydroxyl_aliphatic,0.001,R2,1,0.8889
probe_lr,last,27,fg_hydroxyl_aliphatic,0.001,R3,0,0.75
probe_lr,last,27,fg_hydroxyl_aliphatic,0.001,R3,1,0.75
probe_lr,last,27,fg_hydroxyl_aliphatic,0.001,R4,0,0.4167
probe_lr,last,27,fg_hydroxyl_aliphatic,0.001,R4,1,0.4167
probe_lr,last,27,fg_hydroxyl_aliphatic,0.001,R5,0,0.5278
probe_lr,last,27,fg_hydroxyl_aliphatic,0.001,R5,1,0.5278
probe_lr,last,27,fg_hydroxyl_aliphatic,0.001,R6,0,0.4444
probe_lr,last,27,fg_hydroxyl_aliphatic,0.001,R6,1,0.4444
probe_lr,last,27,fg_hydroxyl_aliphatic,0.001,R8,0,0.5556
probe_lr,last,27,fg_hydroxyl_aliphatic,0.001,R8,1,0.5556
probe_lr,last,27,fg_hydroxyl_aliphatic,0.001,R9,0,0.5556
probe_lr,last,27,fg_hydroxyl_aliphatic,0.001,R9,1,0.5556
probe_lr,last,27,fg_phenol,0.001,qm9s_val,0,0.9226
probe_lr,last,27,fg_phenol,0.001,R0,0,0.8829
probe_lr,last,27,fg_phenol,0.001,R2,0,0.7895
probe_lr,last,27,fg_phenol,0.001,R2,1,0.7895
probe_lr,last,27,fg_phenol,0.001,R3,0,0.7895
probe_lr,last,27,fg_phenol,0.001,R3,1,0.7895
probe_lr,last,27,fg_phenol,0.001,R4,0,0.3158
probe_lr,last,27,fg_phenol,0.001,R4,1,0.3158
probe_lr,last,27,fg_phenol,0.001,R5,0,0.7895
probe_lr,last,27,fg_phenol,0.001,R5,1,0.7895
probe_lr,last,27,fg_phenol,0.001,R6,0,0.1053
probe_lr,last,27,fg_phenol,0.001,R6,1,0.1053
probe_lr,last,27,fg_phenol,0.001,R8,0,0.0526
probe_lr,last,27,fg_phenol,0.001,R8,1,0.0526
probe_lr,last,27,fg_phenol,0.001,R9,0,0.0
probe_lr,last,27,fg_phenol,0.001,R9,1,0.0
probe_lr,last,27,fg_aromatic_ring,0.001,qm9s_val,0,0.9546
probe_lr,last,27,fg_aromatic_ring,0.001,R0,0,0.9568
probe_lr,last,27,fg_aromatic_ring,0.001,R2,0,0.875
probe_lr,last,27,fg_aromatic_ring,0.001,R2,1,0.875
probe_lr,last,27,fg_aromatic_ring,0.001,R3,0,0.8438
probe_lr,last,27,fg_aromatic_ring,0.001,R3,1,0.8438
probe_lr,last,27,fg_aromatic_ring,0.001,R4,0,0.4844
probe_lr,last,27,fg_aromatic_ring,0.001,R4,1,0.4844
probe_lr,last,27,fg_aromatic_ring,0.001,R5,0,0.5469
probe_lr,last,27,fg_aromatic_ring,0.001,R5,1,0.5469
probe_lr,last,27,fg_aromatic_ring,0.001,R6,0,0.4531
probe_lr,last,27,fg_aromatic_ring,0.001,R6,1,0.4531
probe_lr,last,27,fg_aromatic_ring,0.001,R8,0,0.4688
probe_lr,last,27,fg_aromatic_ring,0.001,R8,1,0.4688
probe_lr,last,27,fg_aromatic_ring,0.001,R9,0,0.6562
probe_lr,last,27,fg_aromatic_ring,0.001,R9,1,0.6562
probe_lr,last,27,fg_benzene_ring,0.001,qm9s_val,0,0.979
probe_lr,last,27,fg_benzene_ring,0.001,R0,0,0.9552
probe_lr,last,27,fg_benzene_ring,0.001,R2,0,0.7059
probe_lr,last,27,fg_benzene_ring,0.001,R2,1,0.7059
probe_lr,last,27,fg_benzene_ring,0.001,R3,0,0.5686
probe_lr,last,27,fg_benzene_ring,0.001,R3,1,0.5686
probe_lr,last,27,fg_benzene_ring,0.001,R4,0,0.6667
probe_lr,last,27,fg_benzene_ring,0.001,R4,1,0.6667
probe_lr,last,27,fg_benzene_ring,0.001,R5,0,0.3529
probe_lr,last,27,fg_benzene_ring,0.001,R5,1,0.3529
probe_lr,last,27,fg_benzene_ring,0.001,R6,0,0.4902
probe_lr,last,27,fg_benzene_ring,0.001,R6,1,0.4902
probe_lr,last,27,fg_benzene_ring,0.001,R8,0,0.2745
probe_lr,last,27,fg_benzene_ring,0.001,R8,1,0.2745
probe_lr,last,27,fg_benzene_ring,0.001,R9,0,0.5882
probe_lr,last,27,fg_benzene_ring,0.001,R9,1,0.5686
probe_lr,last,27,fg_pyrrole_ring,0.001,qm9s_val,0,0.9122
probe_lr,last,27,fg_pyrrole_ring,0.001,R0,0,0.9224
probe_lr,last,27,fg_pyrrole_ring,0.001,R2,0,1.0
probe_lr,last,27,fg_pyrrole_ring,0.001,R2,1,1.0
probe_lr,last,27,fg_pyrrole_ring,0.001,R3,0,0.9474
probe_lr,last,27,fg_pyrrole_ring,0.001,R3,1,0.9474
probe_lr,last,27,fg_pyrrole_ring,0.001,R4,0,0.9474
probe_lr,last,27,fg_pyrrole_ring,0.001,R4,1,0.9474
probe_lr,last,27,fg_pyrrole_ring,0.001,R5,0,1.0
probe_lr,last,27,fg_pyrrole_ring,0.001,R5,1,1.0
probe_lr,last,27,fg_pyrrole_ring,0.001,R6,0,0.8947
probe_lr,last,27,fg_pyrrole_ring,0.001,R6,1,0.8947
probe_lr,last,27,fg_pyrrole_ring,0.001,R8,0,1.0
probe_lr,last,27,fg_pyrrole_ring,0.001,R8,1,1.0
probe_lr,last,27,fg_pyrrole_ring,0.001,R9,0,0.9474
probe_lr,last,27,fg_pyrrole_ring,0.001,R9,1,0.9474
probe_lr,last,27,fg_imidazole_ring,0.001,qm9s_val,0,0.9478
probe_lr,last,27,fg_imidazole_ring,0.001,R0,0,0.8795
probe_lr,last,27,fg_imidazole_ring,0.001,R2,0,0.3684
probe_lr,last,27,fg_imidazole_ring,0.001,R2,1,0.3684
probe_lr,last,27,fg_imidazole_ring,0.001,R3,0,0.8947
probe_lr,last,27,fg_imidazole_ring,0.001,R3,1,0.8947
probe_lr,last,27,fg_imidazole_ring,0.001,R4,0,0.5789
probe_lr,last,27,fg_imidazole_ring,0.001,R4,1,0.5789
probe_lr,last,27,fg_imidazole_ring,0.001,R5,0,0.8947
probe_lr,last,27,fg_imidazole_ring,0.001,R5,1,0.8947
probe_lr,last,27,fg_imidazole_ring,0.001,R6,0,0.5263
probe_lr,last,27,fg_imidazole_ring,0.001,R6,1,0.5263
probe_lr,last,27,fg_imidazole_ring,0.001,R8,0,0.8421
probe_lr,last,27,fg_imidazole_ring,0.001,R8,1,0.8421
probe_lr,last,27,fg_imidazole_ring,0.001,R9,0,0.8947
probe_lr,last,27,fg_imidazole_ring,0.001,R9,1,0.8947
probe_mm,last,27,fg_primary_amine,,qm9s_val,0,0.5884
probe_mm,last,27,fg_primary_amine,,R0,0,0.6729
probe_mm,last,27,fg_primary_amine,,R2,0,0.4737
probe_mm,last,27,fg_primary_amine,,R2,1,0.4737
probe_mm,last,27,fg_primary_amine,,R3,0,0.4737
probe_mm,last,27,fg_primary_amine,,R3,1,0.4737
probe_mm,last,27,fg_primary_amine,,R4,0,0.2632
probe_mm,last,27,fg_primary_amine,,R4,1,0.2632
probe_mm,last,27,fg_primary_amine,,R5,0,0.2632
probe_mm,last,27,fg_primary_amine,,R5,1,0.2632
probe_mm,last,27,fg_primary_amine,,R6,0,0.6842
probe_mm,last,27,fg_primary_amine,,R6,1,0.6842
probe_mm,last,27,fg_primary_amine,,R8,0,0.1053
probe_mm,last,27,fg_primary_amine,,R8,1,0.1053
probe_mm,last,27,fg_primary_amine,,R9,0,0.6842
probe_mm,last,27,fg_primary_amine,,R9,1,0.6842
probe_mm,last,27,fg_secondary_amine,,qm9s_val,0,0.6296
probe_mm,last,27,fg_secondary_amine,,R0,0,0.6358
probe_mm,last,27,fg_secondary_amine,,R2,0,0.4737
probe_mm,last,27,fg_secondary_amine,,R2,1,0.4737
probe_mm,last,27,fg_secondary_amine,,R3,0,0.3684
probe_mm,last,27,fg_secondary_amine,,R3,1,0.3684
probe_mm,last,27,fg_secondary_amine,,R4,0,0.9474
probe_mm,last,27,fg_secondary_amine,,R4,1,0.9474
probe_mm,last,27,fg_secondary_amine,,R5,0,0.9474
probe_mm,last,27,fg_secondary_amine,,R5,1,0.9474
probe_mm,last,27,fg_secondary_amine,,R6,0,0.6842
probe_mm,last,27,fg_secondary_amine,,R6,1,0.6842
probe_mm,last,27,fg_secondary_amine,,R8,0,0.7368
probe_mm,last,27,fg_secondary_amine,,R8,1,0.7368
probe_mm,last,27,fg_secondary_amine,,R9,0,0.2632
probe_mm,last,27,fg_secondary_amine,,R9,1,0.2632
probe_mm,last,27,fg_amide,,qm9s_val,0,0.6527
probe_mm,last,27,fg_amide,,R0,0,0.6438
probe_mm,last,27,fg_amide,,R2,0,0.5
probe_mm,last,27,fg_amide,,R2,1,0.5
probe_mm,last,27,fg_amide,,R3,0,0.5556
probe_mm,last,27,fg_amide,,R3,1,0.5556
probe_mm,last,27,fg_amide,,R4,0,0.3611
probe_mm,last,27,fg_amide,,R4,1,0.3611
probe_mm,last,27,fg_amide,,R5,0,0.3056
probe_mm,last,27,fg_amide,,R5,1,0.3056
probe_mm,last,27,fg_amide,,R6,0,0.3611
probe_mm,last,27,fg_amide,,R6,1,0.3611
probe_mm,last,27,fg_amide,,R8,0,0.3611
probe_mm,last,27,fg_amide,,R8,1,0.3611
probe_mm,last,27,fg_amide,,R9,0,0.5833
probe_mm,last,27,fg_amide,,R9,1,0.5833
probe_mm,last,27,fg_guanidine,,qm9s_val,0,0.7724
probe_mm,last,27,fg_guanidine,,R0,0,0.7478
probe_mm,last,27,fg_guanidine,,R2,0,0.7368
probe_mm,last,27,fg_guanidine,,R2,1,0.7368
probe_mm,last,27,fg_guanidine,,R3,0,0.9474
probe_mm,last,27,fg_guanidine,,R3,1,0.9474
probe_mm,last,27,fg_guanidine,,R4,0,0.3684
probe_mm,last,27,fg_guanidine,,R4,1,0.3684
probe_mm,last,27,fg_guanidine,,R5,0,0.0
probe_mm,last,27,fg_guanidine,,R5,1,0.0
probe_mm,last,27,fg_guanidine,,R6,0,0.4737
probe_mm,last,27,fg_guanidine,,R6,1,0.4737
probe_mm,last,27,fg_guanidine,,R8,0,0.6842
probe_mm,last,27,fg_guanidine,,R8,1,0.6842
probe_mm,last,27,fg_guanidine,,R9,0,0.0
probe_mm,last,27,fg_guanidine,,R9,1,0.0
probe_mm,last,27,fg_hydroxyl_aliphatic,,qm9s_val,0,0.6125
probe_mm,last,27,fg_hydroxyl_aliphatic,,R0,0,0.6471
probe_mm,last,27,fg_hydroxyl_aliphatic,,R2,0,0.5
probe_mm,last,27,fg_hydroxyl_aliphatic,,R2,1,0.5
probe_mm,last,27,fg_hydroxyl_aliphatic,,R3,0,0.6667
probe_mm,last,27,fg_hydroxyl_aliphatic,,R3,1,0.6667
probe_mm,last,27,fg_hydroxyl_aliphatic,,R4,0,0.3333
probe_mm,last,27,fg_hydroxyl_aliphatic,,R4,1,0.3333
probe_mm,last,27,fg_hydroxyl_aliphatic,,R5,0,0.3889
probe_mm,last,27,fg_hydroxyl_aliphatic,,R5,1,0.3889
probe_mm,last,27,fg_hydroxyl_aliphatic,,R6,0,0.4444
probe_mm,last,27,fg_hydroxyl_aliphatic,,R6,1,0.4444
probe_mm,last,27,fg_hydroxyl_aliphatic,,R8,0,0.7222
probe_mm,last,27,fg_hydroxyl_aliphatic,,R8,1,0.7222
probe_mm,last,27,fg_hydroxyl_aliphatic,,R9,0,0.5833
probe_mm,last,27,fg_hydroxyl_aliphatic,,R9,1,0.5833
probe_mm,last,27,fg_phenol,,qm9s_val,0,0.8086
probe_mm,last,27,fg_phenol,,R0,0,0.7524
probe_mm,last,27,fg_phenol,,R2,0,0.9474
probe_mm,last,27,fg_phenol,,R2,1,0.9474
probe_mm,last,27,fg_phenol,,R3,0,0.7368
probe_mm,last,27,fg_phenol,,R3,1,0.7368
probe_mm,last,27,fg_phenol,,R4,0,0.8947
probe_mm,last,27,fg_phenol,,R4,1,0.8947
probe_mm,last,27,fg_phenol,,R5,0,0.4737
probe_mm,last,27,fg_phenol,,R5,1,0.4737
probe_mm,last,27,fg_phenol,,R6,0,0.7368
probe_mm,last,27,fg_phenol,,R6,1,0.7368
probe_mm,last,27,fg_phenol,,R8,0,0.4737
probe_mm,last,27,fg_phenol,,R8,1,0.4737
probe_mm,last,27,fg_phenol,,R9,0,0.0
probe_mm,last,27,fg_phenol,,R9,1,0.0
probe_mm,last,27,fg_aromatic_ring,,qm9s_val,0,0.8496
probe_mm,last,27,fg_aromatic_ring,,R0,0,0.8292
probe_mm,last,27,fg_aromatic_ring,,R2,0,0.7656
probe_mm,last,27,fg_aromatic_ring,,R2,1,0.7656
probe_mm,last,27,fg_aromatic_ring,,R3,0,0.8281
probe_mm,last,27,fg_aromatic_ring,,R3,1,0.8281
probe_mm,last,27,fg_aromatic_ring,,R4,0,0.7031
probe_mm,last,27,fg_aromatic_ring,,R4,1,0.7031
probe_mm,last,27,fg_aromatic_ring,,R5,0,0.4219
probe_mm,last,27,fg_aromatic_ring,,R5,1,0.4219
probe_mm,last,27,fg_aromatic_ring,,R6,0,0.625
probe_mm,last,27,fg_aromatic_ring,,R6,1,0.625
probe_mm,last,27,fg_aromatic_ring,,R8,0,0.2188
probe_mm,last,27,fg_aromatic_ring,,R8,1,0.2188
probe_mm,last,27,fg_aromatic_ring,,R9,0,0.5156
probe_mm,last,27,fg_aromatic_ring,,R9,1,0.5156
probe_mm,last,27,fg_benzene_ring,,qm9s_val,0,0.8255
probe_mm,last,27,fg_benzene_ring,,R0,0,0.8101
probe_mm,last,27,fg_benzene_ring,,R2,0,0.8824
probe_mm,last,27,fg_benzene_ring,,R2,1,0.8824
probe_mm,last,27,fg_benzene_ring,,R3,0,0.7451
probe_mm,last,27,fg_benzene_ring,,R3,1,0.7451
probe_mm,last,27,fg_benzene_ring,,R4,0,0.7255
probe_mm,last,27,fg_benzene_ring,,R4,1,0.7255
probe_mm,last,27,fg_benzene_ring,,R5,0,0.5098
probe_mm,last,27,fg_benzene_ring,,R5,1,0.5098
probe_mm,last,27,fg_benzene_ring,,R6,0,0.6863
probe_mm,last,27,fg_benzene_ring,,R6,1,0.6863
probe_mm,last,27,fg_benzene_ring,,R8,0,0.2549
probe_mm,last,27,fg_benzene_ring,,R8,1,0.2549
probe_mm,last,27,fg_benzene_ring,,R9,0,0.3922
probe_mm,last,27,fg_benzene_ring,,R9,1,0.3922
probe_mm,last,27,fg_pyrrole_ring,,qm9s_val,0,0.7588
probe_mm,last,27,fg_pyrrole_ring,,R0,0,0.7838
probe_mm,last,27,fg_pyrrole_ring,,R2,0,0.8947
probe_mm,last,27,fg_pyrrole_ring,,R2,1,0.8947
probe_mm,last,27,fg_pyrrole_ring,,R3,0,0.9474
probe_mm,last,27,fg_pyrrole_ring,,R3,1,0.9474
probe_mm,last,27,fg_pyrrole_ring,,R4,0,0.9474
probe_mm,last,27,fg_pyrrole_ring,,R4,1,0.9474
probe_mm,last,27,fg_pyrrole_ring,,R5,0,0.3158
probe_mm,last,27,fg_pyrrole_ring,,R5,1,0.3158
probe_mm,last,27,fg_pyrrole_ring,,R6,0,0.8947
probe_mm,last,27,fg_pyrrole_ring,,R6,1,0.8947
probe_mm,last,27,fg_pyrrole_ring,,R8,0,0.0526
probe_mm,last,27,fg_pyrrole_ring,,R8,1,0.0526
probe_mm,last,27,fg_pyrrole_ring,,R9,0,0.3684
probe_mm,last,27,fg_pyrrole_ring,,R9,1,0.3158
probe_mm,last,27,fg_imidazole_ring,,qm9s_val,0,0.787
probe_mm,last,27,fg_imidazole_ring,,R0,0,0.7946
probe_mm,last,27,fg_imidazole_ring,,R2,0,0.2105
probe_mm,last,27,fg_imidazole_ring,,R2,1,0.2105
probe_mm,last,27,fg_imidazole_ring,,R3,0,0.7895
probe_mm,last,27,fg_imidazole_ring,,R3,1,0.7895
probe_mm,last,27,fg_imidazole_ring,,R4,0,0.0526
probe_mm,last,27,fg_imidazole_ring,,R4,1,0.0526
probe_mm,last,27,fg_imidazole_ring,,R5,0,0.1579
probe_mm,last,27,fg_imidazole_ring,,R5,1,0.1579
probe_mm,last,27,fg_imidazole_ring,,R6,0,0.1579
probe_mm,last,27,fg_imidazole_ring,,R6,1,0.1579
probe_mm,last,27,fg_imidazole_ring,,R8,0,0.4211
probe_mm,last,27,fg_imidazole_ring,,R8,1,0.4211
probe_mm,last,27,fg_imidazole_ring,,R9,0,0.8421
probe_mm,last,27,fg_imidazole_ring,,R9,1,0.8421
probe_lr,last,30,fg_primary_amine,0.001,qm9s_val,0,0.8182
probe_lr,last,30,fg_primary_amine,0.001,R0,0,0.8539
probe_lr,last,30,fg_primary_amine,0.001,R2,0,0.8421
probe_lr,last,30,fg_primary_amine,0.001,R2,1,0.8421
probe_lr,last,30,fg_primary_amine,0.001,R3,0,0.8421
probe_lr,last,30,fg_primary_amine,0.001,R3,1,0.8421
probe_lr,last,30,fg_primary_amine,0.001,R4,0,0.2632
probe_lr,last,30,fg_primary_amine,0.001,R4,1,0.2632
probe_lr,last,30,fg_primary_amine,0.001,R5,0,0.0
probe_lr,last,30,fg_primary_amine,0.001,R5,1,0.0
probe_lr,last,30,fg_primary_amine,0.001,R6,0,0.3158
probe_lr,last,30,fg_primary_amine,0.001,R6,1,0.3158
probe_lr,last,30,fg_primary_amine,0.001,R8,0,0.5789
probe_lr,last,30,fg_primary_amine,0.001,R8,1,0.5789
probe_lr,last,30,fg_primary_amine,0.001,R9,0,0.6316
probe_lr,last,30,fg_primary_amine,0.001,R9,1,0.6316
probe_lr,last,30,fg_secondary_amine,0.001,qm9s_val,0,0.6394
probe_lr,last,30,fg_secondary_amine,0.001,R0,0,0.6822
probe_lr,last,30,fg_secondary_amine,0.001,R2,0,0.9474
probe_lr,last,30,fg_secondary_amine,0.001,R2,1,0.9474
probe_lr,last,30,fg_secondary_amine,0.001,R3,0,0.3158
probe_lr,last,30,fg_secondary_amine,0.001,R3,1,0.3158
probe_lr,last,30,fg_secondary_amine,0.001,R4,0,0.1053
probe_lr,last,30,fg_secondary_amine,0.001,R4,1,0.1053
probe_lr,last,30,fg_secondary_amine,0.001,R5,0,0.1053
probe_lr,last,30,fg_secondary_amine,0.001,R5,1,0.1053
probe_lr,last,30,fg_secondary_amine,0.001,R6,0,0.1053
probe_lr,last,30,fg_secondary_amine,0.001,R6,1,0.1053
probe_lr,last,30,fg_secondary_amine,0.001,R8,0,0.7895
probe_lr,last,30,fg_secondary_amine,0.001,R8,1,0.7895
probe_lr,last,30,fg_secondary_amine,0.001,R9,0,0.1579
probe_lr,last,30,fg_secondary_amine,0.001,R9,1,0.1579
probe_lr,last,30,fg_amide,0.001,qm9s_val,0,0.8019
probe_lr,last,30,fg_amide,0.001,R0,0,0.8013
probe_lr,last,30,fg_amide,0.001,R2,0,0.8611
probe_lr,last,30,fg_amide,0.001,R2,1,0.8611
probe_lr,last,30,fg_amide,0.001,R3,0,0.4167
probe_lr,last,30,fg_amide,0.001,R3,1,0.4167
probe_lr,last,30,fg_amide,0.001,R4,0,0.8333
probe_lr,last,30,fg_amide,0.001,R4,1,0.8333
probe_lr,last,30,fg_amide,0.001,R5,0,0.7222
probe_lr,last,30,fg_amide,0.001,R5,1,0.7222
probe_lr,last,30,fg_amide,0.001,R6,0,0.5556
probe_lr,last,30,fg_amide,0.001,R6,1,0.5556
probe_lr,last,30,fg_amide,0.001,R8,0,0.5556
probe_lr,last,30,fg_amide,0.001,R8,1,0.5556
probe_lr,last,30,fg_amide,0.001,R9,0,0.6111
probe_lr,last,30,fg_amide,0.001,R9,1,0.6111
probe_lr,last,30,fg_guanidine,0.001,qm9s_val,0,0.9268
probe_lr,last,30,fg_guanidine,0.001,R0,0,0.9416
probe_lr,last,30,fg_guanidine,0.001,R2,0,0.7895
probe_lr,last,30,fg_guanidine,0.001,R2,1,0.7895
probe_lr,last,30,fg_guanidine,0.001,R3,0,0.6316
probe_lr,last,30,fg_guanidine,0.001,R3,1,0.6316
probe_lr,last,30,fg_guanidine,0.001,R4,0,0.9474
probe_lr,last,30,fg_guanidine,0.001,R4,1,0.9474
probe_lr,last,30,fg_guanidine,0.001,R5,0,0.7368
probe_lr,last,30,fg_guanidine,0.001,R5,1,0.7368
probe_lr,last,30,fg_guanidine,0.001,R6,0,0.7368
probe_lr,last,30,fg_guanidine,0.001,R6,1,0.7368
probe_lr,last,30,fg_guanidine,0.001,R8,0,0.9474
probe_lr,last,30,fg_guanidine,0.001,R8,1,0.9474
probe_lr,last,30,fg_guanidine,0.001,R9,0,0.6842
probe_lr,last,30,fg_guanidine,0.001,R9,1,0.6842
probe_lr,last,30,fg_hydroxyl_aliphatic,0.001,qm9s_val,0,0.6891
probe_lr,last,30,fg_hydroxyl_aliphatic,0.001,R0,0,0.6897
probe_lr,last,30,fg_hydroxyl_aliphatic,0.001,R2,0,0.8056
probe_lr,last,30,fg_hydroxyl_aliphatic,0.001,R2,1,0.8056
probe_lr,last,30,fg_hydroxyl_aliphatic,0.001,R3,0,0.8333
probe_lr,last,30,fg_hydroxyl_aliphatic,0.001,R3,1,0.8333
probe_lr,last,30,fg_hydroxyl_aliphatic,0.001,R4,0,0.3056
probe_lr,last,30,fg_hydroxyl_aliphatic,0.001,R4,1,0.3056
probe_lr,last,30,fg_hydroxyl_aliphatic,0.001,R5,0,0.4722
probe_lr,last,30,fg_hydroxyl_aliphatic,0.001,R5,1,0.4722
probe_lr,last,30,fg_hydroxyl_aliphatic,0.001,R6,0,0.4167
probe_lr,last,30,fg_hydroxyl_aliphatic,0.001,R6,1,0.4167
probe_lr,last,30,fg_hydroxyl_aliphatic,0.001,R8,0,0.6667
probe_lr,last,30,fg_hydroxyl_aliphatic,0.001,R8,1,0.6667
probe_lr,last,30,fg_hydroxyl_aliphatic,0.001,R9,0,0.5556
probe_lr,last,30,fg_hydroxyl_aliphatic,0.001,R9,1,0.5556
probe_lr,last,30,fg_phenol,0.001,qm9s_val,0,0.925
probe_lr,last,30,fg_phenol,0.001,R0,0,0.8802
probe_lr,last,30,fg_phenol,0.001,R2,0,0.6842
probe_lr,last,30,fg_phenol,0.001,R2,1,0.6842
probe_lr,last,30,fg_phenol,0.001,R3,0,0.8421
probe_lr,last,30,fg_phenol,0.001,R3,1,0.8421
probe_lr,last,30,fg_phenol,0.001,R4,0,0.3158
probe_lr,last,30,fg_phenol,0.001,R4,1,0.3158
probe_lr,last,30,fg_phenol,0.001,R5,0,0.6316
probe_lr,last,30,fg_phenol,0.001,R5,1,0.6316
probe_lr,last,30,fg_phenol,0.001,R6,0,0.0526
probe_lr,last,30,fg_phenol,0.001,R6,1,0.0526
probe_lr,last,30,fg_phenol,0.001,R8,0,0.0526
probe_lr,last,30,fg_phenol,0.001,R8,1,0.0526
probe_lr,last,30,fg_phenol,0.001,R9,0,0.0
probe_lr,last,30,fg_phenol,0.001,R9,1,0.0
probe_lr,last,30,fg_aromatic_ring,0.001,qm9s_val,0,0.9526
probe_lr,last,30,fg_aromatic_ring,0.001,R0,0,0.9531
probe_lr,last,30,fg_aromatic_ring,0.001,R2,0,0.8906
probe_lr,last,30,fg_aromatic_ring,0.001,R2,1,0.8906
probe_lr,last,30,fg_aromatic_ring,0.001,R3,0,0.8438
probe_lr,last,30,fg_aromatic_ring,0.001,R3,1,0.8438
probe_lr,last,30,fg_aromatic_ring,0.001,R4,0,0.5625
probe_lr,last,30,fg_aromatic_ring,0.001,R4,1,0.5625
probe_lr,last,30,fg_aromatic_ring,0.001,R5,0,0.5
probe_lr,last,30,fg_aromatic_ring,0.001,R5,1,0.5
probe_lr,last,30,fg_aromatic_ring,0.001,R6,0,0.4688
probe_lr,last,30,fg_aromatic_ring,0.001,R6,1,0.4688
probe_lr,last,30,fg_aromatic_ring,0.001,R8,0,0.3906
probe_lr,last,30,fg_aromatic_ring,0.001,R8,1,0.3906
probe_lr,last,30,fg_aromatic_ring,0.001,R9,0,0.625
probe_lr,last,30,fg_aromatic_ring,0.001,R9,1,0.625
probe_lr,last,30,fg_benzene_ring,0.001,qm9s_val,0,0.9751
probe_lr,last,30,fg_benzene_ring,0.001,R0,0,0.9504
probe_lr,last,30,fg_benzene_ring,0.001,R2,0,0.7843
probe_lr,last,30,fg_benzene_ring,0.001,R2,1,0.7843
probe_lr,last,30,fg_benzene_ring,0.001,R3,0,0.6078
probe_lr,last,30,fg_benzene_ring,0.001,R3,1,0.6078
probe_lr,last,30,fg_benzene_ring,0.001,R4,0,0.6863
probe_lr,last,30,fg_benzene_ring,0.001,R4,1,0.6863
probe_lr,last,30,fg_benzene_ring,0.001,R5,0,0.3333
probe_lr,last,30,fg_benzene_ring,0.001,R5,1,0.3333
probe_lr,last,30,fg_benzene_ring,0.001,R6,0,0.5294
probe_lr,last,30,fg_benzene_ring,0.001,R6,1,0.5294
probe_lr,last,30,fg_benzene_ring,0.001,R8,0,0.2353
probe_lr,last,30,fg_benzene_ring,0.001,R8,1,0.2353
probe_lr,last,30,fg_benzene_ring,0.001,R9,0,0.5686
probe_lr,last,30,fg_benzene_ring,0.001,R9,1,0.5294
probe_lr,last,30,fg_pyrrole_ring,0.001,qm9s_val,0,0.8985
probe_lr,last,30,fg_pyrrole_ring,0.001,R0,0,0.9259
probe_lr,last,30,fg_pyrrole_ring,0.001,R2,0,1.0
probe_lr,last,30,fg_pyrrole_ring,0.001,R2,1,1.0
probe_lr,last,30,fg_pyrrole_ring,0.001,R3,0,0.8947
probe_lr,last,30,fg_pyrrole_ring,0.001,R3,1,0.8947
probe_lr,last,30,fg_pyrrole_ring,0.001,R4,0,1.0
probe_lr,last,30,fg_pyrrole_ring,0.001,R4,1,1.0
probe_lr,last,30,fg_pyrrole_ring,0.001,R5,0,1.0
probe_lr,last,30,fg_pyrrole_ring,0.001,R5,1,1.0
probe_lr,last,30,fg_pyrrole_ring,0.001,R6,0,0.8947
probe_lr,last,30,fg_pyrrole_ring,0.001,R6,1,0.8947
probe_lr,last,30,fg_pyrrole_ring,0.001,R8,0,0.9474
probe_lr,last,30,fg_pyrrole_ring,0.001,R8,1,0.9474
probe_lr,last,30,fg_pyrrole_ring,0.001,R9,0,0.9474
probe_lr,last,30,fg_pyrrole_ring,0.001,R9,1,0.9474
probe_lr,last,30,fg_imidazole_ring,0.001,qm9s_val,0,0.9424
probe_lr,last,30,fg_imidazole_ring,0.001,R0,0,0.8793
probe_lr,last,30,fg_imidazole_ring,0.001,R2,0,0.4737
probe_lr,last,30,fg_imidazole_ring,0.001,R2,1,0.4737
probe_lr,last,30,fg_imidazole_ring,0.001,R3,0,0.8947
probe_lr,last,30,fg_imidazole_ring,0.001,R3,1,0.8947
probe_lr,last,30,fg_imidazole_ring,0.001,R4,0,0.7368
probe_lr,last,30,fg_imidazole_ring,0.001,R4,1,0.7368
probe_lr,last,30,fg_imidazole_ring,0.001,R5,0,0.7895
probe_lr,last,30,fg_imidazole_ring,0.001,R5,1,0.7895
probe_lr,last,30,fg_imidazole_ring,0.001,R6,0,0.7368
probe_lr,last,30,fg_imidazole_ring,0.001,R6,1,0.7368
probe_lr,last,30,fg_imidazole_ring,0.001,R8,0,0.8947
probe_lr,last,30,fg_imidazole_ring,0.001,R8,1,0.8947
probe_lr,last,30,fg_imidazole_ring,0.001,R9,0,0.8421
probe_lr,last,30,fg_imidazole_ring,0.001,R9,1,0.8421
probe_mm,last,30,fg_primary_amine,,qm9s_val,0,0.5712
probe_mm,last,30,fg_primary_amine,,R0,0,0.6467
probe_mm,last,30,fg_primary_amine,,R2,0,0.4737
probe_mm,last,30,fg_primary_amine,,R2,1,0.4737
probe_mm,last,30,fg_primary_amine,,R3,0,0.5263
probe_mm,last,30,fg_primary_amine,,R3,1,0.5263
probe_mm,last,30,fg_primary_amine,,R4,0,0.4737
probe_mm,last,30,fg_primary_amine,,R4,1,0.4737
probe_mm,last,30,fg_primary_amine,,R5,0,0.3684
probe_mm,last,30,fg_primary_amine,,R5,1,0.3684
probe_mm,last,30,fg_primary_amine,,R6,0,0.7895
probe_mm,last,30,fg_primary_amine,,R6,1,0.7895
probe_mm,last,30,fg_primary_amine,,R8,0,0.0526
probe_mm,last,30,fg_primary_amine,,R8,1,0.0526
probe_mm,last,30,fg_primary_amine,,R9,0,0.4211
probe_mm,last,30,fg_primary_amine,,R9,1,0.4211
probe_mm,last,30,fg_secondary_amine,,qm9s_val,0,0.6272
probe_mm,last,30,fg_secondary_amine,,R0,0,0.6371
probe_mm,last,30,fg_secondary_amine,,R2,0,0.5263
probe_mm,last,30,fg_secondary_amine,,R2,1,0.5263
probe_mm,last,30,fg_secondary_amine,,R3,0,0.3684
probe_mm,last,30,fg_secondary_amine,,R3,1,0.3684
probe_mm,last,30,fg_secondary_amine,,R4,0,0.8947
probe_mm,last,30,fg_secondary_amine,,R4,1,0.8947
probe_mm,last,30,fg_secondary_amine,,R5,0,0.7368
probe_mm,last,30,fg_secondary_amine,,R5,1,0.7368
probe_mm,last,30,fg_secondary_amine,,R6,0,0.6316
probe_mm,last,30,fg_secondary_amine,,R6,1,0.6316
probe_mm,last,30,fg_secondary_amine,,R8,0,0.7895
probe_mm,last,30,fg_secondary_amine,,R8,1,0.7895
probe_mm,last,30,fg_secondary_amine,,R9,0,0.2632
probe_mm,last,30,fg_secondary_amine,,R9,1,0.2632
probe_mm,last,30,fg_amide,,qm9s_val,0,0.6327
probe_mm,last,30,fg_amide,,R0,0,0.6093
probe_mm,last,30,fg_amide,,R2,0,0.4444
probe_mm,last,30,fg_amide,,R2,1,0.4444
probe_mm,last,30,fg_amide,,R3,0,0.5556
probe_mm,last,30,fg_amide,,R3,1,0.5556
probe_mm,last,30,fg_amide,,R4,0,0.25
probe_mm,last,30,fg_amide,,R4,1,0.25
probe_mm,last,30,fg_amide,,R5,0,0.2778
probe_mm,last,30,fg_amide,,R5,1,0.2778
probe_mm,last,30,fg_amide,,R6,0,0.2778
probe_mm,last,30,fg_amide,,R6,1,0.2778
probe_mm,last,30,fg_amide,,R8,0,0.3611
probe_mm,last,30,fg_amide,,R8,1,0.3611
probe_mm,last,30,fg_amide,,R9,0,0.6111
probe_mm,last,30,fg_amide,,R9,1,0.6111
probe_mm,last,30,fg_guanidine,,qm9s_val,0,0.7652
probe_mm,last,30,fg_guanidine,,R0,0,0.7308
probe_mm,last,30,fg_guanidine,,R2,0,0.7895
probe_mm,last,30,fg_guanidine,,R2,1,0.7895
probe_mm,last,30,fg_guanidine,,R3,0,1.0
probe_mm,last,30,fg_guanidine,,R3,1,1.0
probe_mm,last,30,fg_guanidine,,R4,0,0.4211
probe_mm,last,30,fg_guanidine,,R4,1,0.4211
probe_mm,last,30,fg_guanidine,,R5,0,0.0526
probe_mm,last,30,fg_guanidine,,R5,1,0.0526
probe_mm,last,30,fg_guanidine,,R6,0,0.5263
probe_mm,last,30,fg_guanidine,,R6,1,0.5263
probe_mm,last,30,fg_guanidine,,R8,0,0.6842
probe_mm,last,30,fg_guanidine,,R8,1,0.6842
probe_mm,last,30,fg_guanidine,,R9,0,0.0526
probe_mm,last,30,fg_guanidine,,R9,1,0.0526
probe_mm,last,30,fg_hydroxyl_aliphatic,,qm9s_val,0,0.6107
probe_mm,last,30,fg_hydroxyl_aliphatic,,R0,0,0.6477
probe_mm,last,30,fg_hydroxyl_aliphatic,,R2,0,0.4722
probe_mm,last,30,fg_hydroxyl_aliphatic,,R2,1,0.4722
probe_mm,last,30,fg_hydroxyl_aliphatic,,R3,0,0.7222
probe_mm,last,30,fg_hydroxyl_aliphatic,,R3,1,0.7222
probe_mm,last,30,fg_hydroxyl_aliphatic,,R4,0,0.3611
probe_mm,last,30,fg_hydroxyl_aliphatic,,R4,1,0.3611
probe_mm,last,30,fg_hydroxyl_aliphatic,,R5,0,0.3889
probe_mm,last,30,fg_hydroxyl_aliphatic,,R5,1,0.3889
probe_mm,last,30,fg_hydroxyl_aliphatic,,R6,0,0.5556
probe_mm,last,30,fg_hydroxyl_aliphatic,,R6,1,0.5556
probe_mm,last,30,fg_hydroxyl_aliphatic,,R8,0,0.6111
probe_mm,last,30,fg_hydroxyl_aliphatic,,R8,1,0.6111
probe_mm,last,30,fg_hydroxyl_aliphatic,,R9,0,0.5833
probe_mm,last,30,fg_hydroxyl_aliphatic,,R9,1,0.5833
probe_mm,last,30,fg_phenol,,qm9s_val,0,0.8028
probe_mm,last,30,fg_phenol,,R0,0,0.7453
probe_mm,last,30,fg_phenol,,R2,0,0.9474
probe_mm,last,30,fg_phenol,,R2,1,0.9474
probe_mm,last,30,fg_phenol,,R3,0,0.7368
probe_mm,last,30,fg_phenol,,R3,1,0.7368
probe_mm,last,30,fg_phenol,,R4,0,0.9474
probe_mm,last,30,fg_phenol,,R4,1,0.9474
probe_mm,last,30,fg_phenol,,R5,0,0.4737
probe_mm,last,30,fg_phenol,,R5,1,0.4737
probe_mm,last,30,fg_phenol,,R6,0,0.8947
probe_mm,last,30,fg_phenol,,R6,1,0.8947
probe_mm,last,30,fg_phenol,,R8,0,0.4737
probe_mm,last,30,fg_phenol,,R8,1,0.4737
probe_mm,last,30,fg_phenol,,R9,0,0.0
probe_mm,last,30,fg_phenol,,R9,1,0.0
probe_mm,last,30,fg_aromatic_ring,,qm9s_val,0,0.8446
probe_mm,last,30,fg_aromatic_ring,,R0,0,0.821
probe_mm,last,30,fg_aromatic_ring,,R2,0,0.7656
probe_mm,last,30,fg_aromatic_ring,,R2,1,0.7656
probe_mm,last,30,fg_aromatic_ring,,R3,0,0.7969
probe_mm,last,30,fg_aromatic_ring,,R3,1,0.7969
probe_mm,last,30,fg_aromatic_ring,,R4,0,0.7344
probe_mm,last,30,fg_aromatic_ring,,R4,1,0.7344
probe_mm,last,30,fg_aromatic_ring,,R5,0,0.4375
probe_mm,last,30,fg_aromatic_ring,,R5,1,0.4375
probe_mm,last,30,fg_aromatic_ring,,R6,0,0.6562
probe_mm,last,30,fg_aromatic_ring,,R6,1,0.6562
probe_mm,last,30,fg_aromatic_ring,,R8,0,0.2188
probe_mm,last,30,fg_aromatic_ring,,R8,1,0.2188
probe_mm,last,30,fg_aromatic_ring,,R9,0,0.5156
probe_mm,last,30,fg_aromatic_ring,,R9,1,0.5156
probe_mm,last,30,fg_benzene_ring,,qm9s_val,0,0.8227
probe_mm,last,30,fg_benzene_ring,,R0,0,0.7979
probe_mm,last,30,fg_benzene_ring,,R2,0,0.8431
probe_mm,last,30,fg_benzene_ring,,R2,1,0.8431
probe_mm,last,30,fg_benzene_ring,,R3,0,0.7059
probe_mm,last,30,fg_benzene_ring,,R3,1,0.7059
probe_mm,last,30,fg_benzene_ring,,R4,0,0.6471
probe_mm,last,30,fg_benzene_ring,,R4,1,0.6471
probe_mm,last,30,fg_benzene_ring,,R5,0,0.6078
probe_mm,last,30,fg_benzene_ring,,R5,1,0.6078
probe_mm,last,30,fg_benzene_ring,,R6,0,0.6863
probe_mm,last,30,fg_benzene_ring,,R6,1,0.6863
probe_mm,last,30,fg_benzene_ring,,R8,0,0.2941
probe_mm,last,30,fg_benzene_ring,,R8,1,0.2941
probe_mm,last,30,fg_benzene_ring,,R9,0,0.4118
probe_mm,last,30,fg_benzene_ring,,R9,1,0.3922
probe_mm,last,30,fg_pyrrole_ring,,qm9s_val,0,0.7487
probe_mm,last,30,fg_pyrrole_ring,,R0,0,0.7731
probe_mm,last,30,fg_pyrrole_ring,,R2,0,0.8421
probe_mm,last,30,fg_pyrrole_ring,,R2,1,0.8421
probe_mm,last,30,fg_pyrrole_ring,,R3,0,0.9474
probe_mm,last,30,fg_pyrrole_ring,,R3,1,0.9474
probe_mm,last,30,fg_pyrrole_ring,,R4,0,0.8947
probe_mm,last,30,fg_pyrrole_ring,,R4,1,0.8947
probe_mm,last,30,fg_pyrrole_ring,,R5,0,0.2632
probe_mm,last,30,fg_pyrrole_ring,,R5,1,0.2632
probe_mm,last,30,fg_pyrrole_ring,,R6,0,0.8947
probe_mm,last,30,fg_pyrrole_ring,,R6,1,0.8947
probe_mm,last,30,fg_pyrrole_ring,,R8,0,0.0526
probe_mm,last,30,fg_pyrrole_ring,,R8,1,0.0526
probe_mm,last,30,fg_pyrrole_ring,,R9,0,0.3684
probe_mm,last,30,fg_pyrrole_ring,,R9,1,0.3158
probe_mm,last,30,fg_imidazole_ring,,qm9s_val,0,0.781
probe_mm,last,30,fg_imidazole_ring,,R0,0,0.7921
probe_mm,last,30,fg_imidazole_ring,,R2,0,0.2105
probe_mm,last,30,fg_imidazole_ring,,R2,1,0.2105
probe_mm,last,30,fg_imidazole_ring,,R3,0,0.7368
probe_mm,last,30,fg_imidazole_ring,,R3,1,0.7368
probe_mm,last,30,fg_imidazole_ring,,R4,0,0.0526
probe_mm,last,30,fg_imidazole_ring,,R4,1,0.0526
probe_mm,last,30,fg_imidazole_ring,,R5,0,0.2632
probe_mm,last,30,fg_imidazole_ring,,R5,1,0.2632
probe_mm,last,30,fg_imidazole_ring,,R6,0,0.2632
probe_mm,last,30,fg_imidazole_ring,,R6,1,0.2632
probe_mm,last,30,fg_imidazole_ring,,R8,0,0.3684
probe_mm,last,30,fg_imidazole_ring,,R8,1,0.3684
probe_mm,last,30,fg_imidazole_ring,,R9,0,0.8421
probe_mm,last,30,fg_imidazole_ring,,R9,1,0.8421
probe_lr,last,33,fg_primary_amine,0.001,qm9s_val,0,0.8199
probe_lr,last,33,fg_primary_amine,0.001,R0,0,0.8571
probe_lr,last,33,fg_primary_amine,0.001,R2,0,0.5789
probe_lr,last,33,fg_primary_amine,0.001,R2,1,0.5789
probe_lr,last,33,fg_primary_amine,0.001,R3,0,0.8421
probe_lr,last,33,fg_primary_amine,0.001,R3,1,0.8421
probe_lr,last,33,fg_primary_amine,0.001,R4,0,0.2105
probe_lr,last,33,fg_primary_amine,0.001,R4,1,0.2105
probe_lr,last,33,fg_primary_amine,0.001,R5,0,0.0526
probe_lr,last,33,fg_primary_amine,0.001,R5,1,0.0526
probe_lr,last,33,fg_primary_amine,0.001,R6,0,0.5263
probe_lr,last,33,fg_primary_amine,0.001,R6,1,0.5263
probe_lr,last,33,fg_primary_amine,0.001,R8,0,0.5263
probe_lr,last,33,fg_primary_amine,0.001,R8,1,0.5263
probe_lr,last,33,fg_primary_amine,0.001,R9,0,0.7368
probe_lr,last,33,fg_primary_amine,0.001,R9,1,0.7368
probe_lr,last,33,fg_secondary_amine,0.001,qm9s_val,0,0.6322
probe_lr,last,33,fg_secondary_amine,0.001,R0,0,0.6743
probe_lr,last,33,fg_secondary_amine,0.001,R2,0,1.0
probe_lr,last,33,fg_secondary_amine,0.001,R2,1,1.0
probe_lr,last,33,fg_secondary_amine,0.001,R3,0,0.2105
probe_lr,last,33,fg_secondary_amine,0.001,R3,1,0.2105
probe_lr,last,33,fg_secondary_amine,0.001,R4,0,0.2105
probe_lr,last,33,fg_secondary_amine,0.001,R4,1,0.2105
probe_lr,last,33,fg_secondary_amine,0.001,R5,0,0.0526
probe_lr,last,33,fg_secondary_amine,0.001,R5,1,0.0526
probe_lr,last,33,fg_secondary_amine,0.001,R6,0,0.1053
probe_lr,last,33,fg_secondary_amine,0.001,R6,1,0.1053
probe_lr,last,33,fg_secondary_amine,0.001,R8,0,0.7895
probe_lr,last,33,fg_secondary_amine,0.001,R8,1,0.7895
probe_lr,last,33,fg_secondary_amine,0.001,R9,0,0.2105
probe_lr,last,33,fg_secondary_amine,0.001,R9,1,0.2105
probe_lr,last,33,fg_amide,0.001,qm9s_val,0,0.8049
probe_lr,last,33,fg_amide,0.001,R0,0,0.7963
probe_lr,last,33,fg_amide,0.001,R2,0,0.9167
probe_lr,last,33,fg_amide,0.001,R2,1,0.9167
probe_lr,last,33,fg_amide,0.001,R3,0,0.3611
probe_lr,last,33,fg_amide,0.001,R3,1,0.3611
probe_lr,last,33,fg_amide,0.001,R4,0,0.8611
probe_lr,last,33,fg_amide,0.001,R4,1,0.8611
probe_lr,last,33,fg_amide,0.001,R5,0,0.6667
probe_lr,last,33,fg_amide,0.001,R5,1,0.6667
probe_lr,last,33,fg_amide,0.001,R6,0,0.8333
probe_lr,last,33,fg_amide,0.001,R6,1,0.8333
probe_lr,last,33,fg_amide,0.001,R8,0,0.6389
probe_lr,last,33,fg_amide,0.001,R8,1,0.6389
probe_lr,last,33,fg_amide,0.001,R9,0,0.6389
probe_lr,last,33,fg_amide,0.001,R9,1,0.6389
probe_lr,last,33,fg_guanidine,0.001,qm9s_val,0,0.9262
probe_lr,last,33,fg_guanidine,0.001,R0,0,0.9394
probe_lr,last,33,fg_guanidine,0.001,R2,0,0.8947
probe_lr,last,33,fg_guanidine,0.001,R2,1,0.8947
probe_lr,last,33,fg_guanidine,0.001,R3,0,0.7368
probe_lr,last,33,fg_guanidine,0.001,R3,1,0.7368
probe_lr,last,33,fg_guanidine,0.001,R4,0,0.9474
probe_lr,last,33,fg_guanidine,0.001,R4,1,0.9474
probe_lr,last,33,fg_guanidine,0.001,R5,0,0.8421
probe_lr,last,33,fg_guanidine,0.001,R5,1,0.8421
probe_lr,last,33,fg_guanidine,0.001,R6,0,0.7368
probe_lr,last,33,fg_guanidine,0.001,R6,1,0.7368
probe_lr,last,33,fg_guanidine,0.001,R8,0,0.9474
probe_lr,last,33,fg_guanidine,0.001,R8,1,0.9474
probe_lr,last,33,fg_guanidine,0.001,R9,0,0.6842
probe_lr,last,33,fg_guanidine,0.001,R9,1,0.6842
probe_lr,last,33,fg_hydroxyl_aliphatic,0.001,qm9s_val,0,0.6839
probe_lr,last,33,fg_hydroxyl_aliphatic,0.001,R0,0,0.6875
probe_lr,last,33,fg_hydroxyl_aliphatic,0.001,R2,0,0.6389
probe_lr,last,33,fg_hydroxyl_aliphatic,0.001,R2,1,0.6389
probe_lr,last,33,fg_hydroxyl_aliphatic,0.001,R3,0,0.8611
probe_lr,last,33,fg_hydroxyl_aliphatic,0.001,R3,1,0.8611
probe_lr,last,33,fg_hydroxyl_aliphatic,0.001,R4,0,0.5
probe_lr,last,33,fg_hydroxyl_aliphatic,0.001,R4,1,0.5
probe_lr,last,33,fg_hydroxyl_aliphatic,0.001,R5,0,0.3333
probe_lr,last,33,fg_hydroxyl_aliphatic,0.001,R5,1,0.3333
probe_lr,last,33,fg_hydroxyl_aliphatic,0.001,R6,0,0.4722
probe_lr,last,33,fg_hydroxyl_aliphatic,0.001,R6,1,0.4722
probe_lr,last,33,fg_hydroxyl_aliphatic,0.001,R8,0,0.7222
probe_lr,last,33,fg_hydroxyl_aliphatic,0.001,R8,1,0.7222
probe_lr,last,33,fg_hydroxyl_aliphatic,0.001,R9,0,0.5278
probe_lr,last,33,fg_hydroxyl_aliphatic,0.001,R9,1,0.5278
probe_lr,last,33,fg_phenol,0.001,qm9s_val,0,0.926
probe_lr,last,33,fg_phenol,0.001,R0,0,0.8789
probe_lr,last,33,fg_phenol,0.001,R2,0,0.6842
probe_lr,last,33,fg_phenol,0.001,R2,1,0.6842
probe_lr,last,33,fg_phenol,0.001,R3,0,0.8421
probe_lr,last,33,fg_phenol,0.001,R3,1,0.8421
probe_lr,last,33,fg_phenol,0.001,R4,0,0.3684
probe_lr,last,33,fg_phenol,0.001,R4,1,0.3684
probe_lr,last,33,fg_phenol,0.001,R5,0,0.5263
probe_lr,last,33,fg_phenol,0.001,R5,1,0.5263
probe_lr,last,33,fg_phenol,0.001,R6,0,0.1053
probe_lr,last,33,fg_phenol,0.001,R6,1,0.1053
probe_lr,last,33,fg_phenol,0.001,R8,0,0.0526
probe_lr,last,33,fg_phenol,0.001,R8,1,0.0526
probe_lr,last,33,fg_phenol,0.001,R9,0,0.0
probe_lr,last,33,fg_phenol,0.001,R9,1,0.0
probe_lr,last,33,fg_aromatic_ring,0.001,qm9s_val,0,0.9522
probe_lr,last,33,fg_aromatic_ring,0.001,R0,0,0.9504
probe_lr,last,33,fg_aromatic_ring,0.001,R2,0,0.8906
probe_lr,last,33,fg_aromatic_ring,0.001,R2,1,0.8906
probe_lr,last,33,fg_aromatic_ring,0.001,R3,0,0.8281
probe_lr,last,33,fg_aromatic_ring,0.001,R3,1,0.8281
probe_lr,last,33,fg_aromatic_ring,0.001,R4,0,0.5156
probe_lr,last,33,fg_aromatic_ring,0.001,R4,1,0.5156
probe_lr,last,33,fg_aromatic_ring,0.001,R5,0,0.5625
probe_lr,last,33,fg_aromatic_ring,0.001,R5,1,0.5625
probe_lr,last,33,fg_aromatic_ring,0.001,R6,0,0.4219
probe_lr,last,33,fg_aromatic_ring,0.001,R6,1,0.4219
probe_lr,last,33,fg_aromatic_ring,0.001,R8,0,0.4375
probe_lr,last,33,fg_aromatic_ring,0.001,R8,1,0.4375
probe_lr,last,33,fg_aromatic_ring,0.001,R9,0,0.6562
probe_lr,last,33,fg_aromatic_ring,0.001,R9,1,0.6562
probe_lr,last,33,fg_benzene_ring,0.001,qm9s_val,0,0.973
probe_lr,last,33,fg_benzene_ring,0.001,R0,0,0.9503
probe_lr,last,33,fg_benzene_ring,0.001,R2,0,0.6471
probe_lr,last,33,fg_benzene_ring,0.001,R2,1,0.6471
probe_lr,last,33,fg_benzene_ring,0.001,R3,0,0.6078
probe_lr,last,33,fg_benzene_ring,0.001,R3,1,0.6078
probe_lr,last,33,fg_benzene_ring,0.001,R4,0,0.7255
probe_lr,last,33,fg_benzene_ring,0.001,R4,1,0.7255
probe_lr,last,33,fg_benzene_ring,0.001,R5,0,0.3333
probe_lr,last,33,fg_benzene_ring,0.001,R5,1,0.3333
probe_lr,last,33,fg_benzene_ring,0.001,R6,0,0.5882
probe_lr,last,33,fg_benzene_ring,0.001,R6,1,0.5882
probe_lr,last,33,fg_benzene_ring,0.001,R8,0,0.1765
probe_lr,last,33,fg_benzene_ring,0.001,R8,1,0.1765
probe_lr,last,33,fg_benzene_ring,0.001,R9,0,0.5294
probe_lr,last,33,fg_benzene_ring,0.001,R9,1,0.5294
probe_lr,last,33,fg_pyrrole_ring,0.001,qm9s_val,0,0.896
probe_lr,last,33,fg_pyrrole_ring,0.001,R0,0,0.9256
probe_lr,last,33,fg_pyrrole_ring,0.001,R2,0,1.0
probe_lr,last,33,fg_pyrrole_ring,0.001,R2,1,1.0
probe_lr,last,33,fg_pyrrole_ring,0.001,R3,0,1.0
probe_lr,last,33,fg_pyrrole_ring,0.001,R3,1,1.0
probe_lr,last,33,fg_pyrrole_ring,0.001,R4,0,1.0
probe_lr,last,33,fg_pyrrole_ring,0.001,R4,1,1.0
probe_lr,last,33,fg_pyrrole_ring,0.001,R5,0,1.0
probe_lr,last,33,fg_pyrrole_ring,0.001,R5,1,1.0
probe_lr,last,33,fg_pyrrole_ring,0.001,R6,0,0.7895
probe_lr,last,33,fg_pyrrole_ring,0.001,R6,1,0.7895
probe_lr,last,33,fg_pyrrole_ring,0.001,R8,0,1.0
probe_lr,last,33,fg_pyrrole_ring,0.001,R8,1,1.0
probe_lr,last,33,fg_pyrrole_ring,0.001,R9,0,0.9474
probe_lr,last,33,fg_pyrrole_ring,0.001,R9,1,0.9474
probe_lr,last,33,fg_imidazole_ring,0.001,qm9s_val,0,0.938
probe_lr,last,33,fg_imidazole_ring,0.001,R0,0,0.8793
probe_lr,last,33,fg_imidazole_ring,0.001,R2,0,0.4737
probe_lr,last,33,fg_imidazole_ring,0.001,R2,1,0.4737
probe_lr,last,33,fg_imidazole_ring,0.001,R3,0,0.8947
probe_lr,last,33,fg_imidazole_ring,0.001,R3,1,0.8947
probe_lr,last,33,fg_imidazole_ring,0.001,R4,0,0.7368
probe_lr,last,33,fg_imidazole_ring,0.001,R4,1,0.7368
probe_lr,last,33,fg_imidazole_ring,0.001,R5,0,0.7895
probe_lr,last,33,fg_imidazole_ring,0.001,R5,1,0.7895
probe_lr,last,33,fg_imidazole_ring,0.001,R6,0,0.6316
probe_lr,last,33,fg_imidazole_ring,0.001,R6,1,0.6316
probe_lr,last,33,fg_imidazole_ring,0.001,R8,0,0.8947
probe_lr,last,33,fg_imidazole_ring,0.001,R8,1,0.8947
probe_lr,last,33,fg_imidazole_ring,0.001,R9,0,0.8947
probe_lr,last,33,fg_imidazole_ring,0.001,R9,1,0.8947
probe_mm,last,33,fg_primary_amine,,qm9s_val,0,0.555
probe_mm,last,33,fg_primary_amine,,R0,0,0.6292
probe_mm,last,33,fg_primary_amine,,R2,0,0.5789
probe_mm,last,33,fg_primary_amine,,R2,1,0.5789
probe_mm,last,33,fg_primary_amine,,R3,0,0.5263
probe_mm,last,33,fg_primary_amine,,R3,1,0.5263
probe_mm,last,33,fg_primary_amine,,R4,0,0.4737
probe_mm,last,33,fg_primary_amine,,R4,1,0.4737
probe_mm,last,33,fg_primary_amine,,R5,0,0.3684
probe_mm,last,33,fg_primary_amine,,R5,1,0.3684
probe_mm,last,33,fg_primary_amine,,R6,0,0.8421
probe_mm,last,33,fg_primary_amine,,R6,1,0.8421
probe_mm,last,33,fg_primary_amine,,R8,0,0.0526
probe_mm,last,33,fg_primary_amine,,R8,1,0.0526
probe_mm,last,33,fg_primary_amine,,R9,0,0.4211
probe_mm,last,33,fg_primary_amine,,R9,1,0.4211
probe_mm,last,33,fg_secondary_amine,,qm9s_val,0,0.623
probe_mm,last,33,fg_secondary_amine,,R0,0,0.6356
probe_mm,last,33,fg_secondary_amine,,R2,0,0.4737
probe_mm,last,33,fg_secondary_amine,,R2,1,0.4737
probe_mm,last,33,fg_secondary_amine,,R3,0,0.3158
probe_mm,last,33,fg_secondary_amine,,R3,1,0.3158
probe_mm,last,33,fg_secondary_amine,,R4,0,0.8421
probe_mm,last,33,fg_secondary_amine,,R4,1,0.8421
probe_mm,last,33,fg_secondary_amine,,R5,0,0.7368
probe_mm,last,33,fg_secondary_amine,,R5,1,0.7368
probe_mm,last,33,fg_secondary_amine,,R6,0,0.4211
probe_mm,last,33,fg_secondary_amine,,R6,1,0.4211
probe_mm,last,33,fg_secondary_amine,,R8,0,0.8947
probe_mm,last,33,fg_secondary_amine,,R8,1,0.8947
probe_mm,last,33,fg_secondary_amine,,R9,0,0.2632
probe_mm,last,33,fg_secondary_amine,,R9,1,0.2632
probe_mm,last,33,fg_amide,,qm9s_val,0,0.619
probe_mm,last,33,fg_amide,,R0,0,0.5895
probe_mm,last,33,fg_amide,,R2,0,0.4444
probe_mm,last,33,fg_amide,,R2,1,0.4444
probe_mm,last,33,fg_amide,,R3,0,0.5556
probe_mm,last,33,fg_amide,,R3,1,0.5556
probe_mm,last,33,fg_amide,,R4,0,0.2222
probe_mm,last,33,fg_amide,,R4,1,0.2222
probe_mm,last,33,fg_amide,,R5,0,0.2778
probe_mm,last,33,fg_amide,,R5,1,0.2778
probe_mm,last,33,fg_amide,,R6,0,0.2778
probe_mm,last,33,fg_amide,,R6,1,0.2778
probe_mm,last,33,fg_amide,,R8,0,0.4167
probe_mm,last,33,fg_amide,,R8,1,0.4167
probe_mm,last,33,fg_amide,,R9,0,0.5556
probe_mm,last,33,fg_amide,,R9,1,0.5556
probe_mm,last,33,fg_guanidine,,qm9s_val,0,0.7556
probe_mm,last,33,fg_guanidine,,R0,0,0.7239
probe_mm,last,33,fg_guanidine,,R2,0,0.8421
probe_mm,last,33,fg_guanidine,,R2,1,0.8421
probe_mm,last,33,fg_guanidine,,R3,0,1.0
probe_mm,last,33,fg_guanidine,,R3,1,1.0
probe_mm,last,33,fg_guanidine,,R4,0,0.4211
probe_mm,last,33,fg_guanidine,,R4,1,0.4211
probe_mm,last,33,fg_guanidine,,R5,0,0.0526
probe_mm,last,33,fg_guanidine,,R5,1,0.0526
probe_mm,last,33,fg_guanidine,,R6,0,0.5263
probe_mm,last,33,fg_guanidine,,R6,1,0.5263
probe_mm,last,33,fg_guanidine,,R8,0,0.6842
probe_mm,last,33,fg_guanidine,,R8,1,0.6842
probe_mm,last,33,fg_guanidine,,R9,0,0.0526
probe_mm,last,33,fg_guanidine,,R9,1,0.0526
probe_mm,last,33,fg_hydroxyl_aliphatic,,qm9s_val,0,0.6086
probe_mm,last,33,fg_hydroxyl_aliphatic,,R0,0,0.6474
probe_mm,last,33,fg_hydroxyl_aliphatic,,R2,0,0.4722
probe_mm,last,33,fg_hydroxyl_aliphatic,,R2,1,0.4722
probe_mm,last,33,fg_hydroxyl_aliphatic,,R3,0,0.7778
probe_mm,last,33,fg_hydroxyl_aliphatic,,R3,1,0.7778
probe_mm,last,33,fg_hydroxyl_aliphatic,,R4,0,0.3889
probe_mm,last,33,fg_hydroxyl_aliphatic,,R4,1,0.3889
probe_mm,last,33,fg_hydroxyl_aliphatic,,R5,0,0.4167
probe_mm,last,33,fg_hydroxyl_aliphatic,,R5,1,0.4167
probe_mm,last,33,fg_hydroxyl_aliphatic,,R6,0,0.5556
probe_mm,last,33,fg_hydroxyl_aliphatic,,R6,1,0.5556
probe_mm,last,33,fg_hydroxyl_aliphatic,,R8,0,0.5833
probe_mm,last,33,fg_hydroxyl_aliphatic,,R8,1,0.5833
probe_mm,last,33,fg_hydroxyl_aliphatic,,R9,0,0.5833
probe_mm,last,33,fg_hydroxyl_aliphatic,,R9,1,0.5833
probe_mm,last,33,fg_phenol,,qm9s_val,0,0.8003
probe_mm,last,33,fg_phenol,,R0,0,0.7408
probe_mm,last,33,fg_phenol,,R2,0,0.9474
probe_mm,last,33,fg_phenol,,R2,1,0.9474
probe_mm,last,33,fg_phenol,,R3,0,0.7895
probe_mm,last,33,fg_phenol,,R3,1,0.7895
probe_mm,last,33,fg_phenol,,R4,0,0.9474
probe_mm,last,33,fg_phenol,,R4,1,0.9474
probe_mm,last,33,fg_phenol,,R5,0,0.5263
probe_mm,last,33,fg_phenol,,R5,1,0.5263
probe_mm,last,33,fg_phenol,,R6,0,0.8947
probe_mm,last,33,fg_phenol,,R6,1,0.8947
probe_mm,last,33,fg_phenol,,R8,0,0.4737
probe_mm,last,33,fg_phenol,,R8,1,0.4737
probe_mm,last,33,fg_phenol,,R9,0,0.0
probe_mm,last,33,fg_phenol,,R9,1,0.0
probe_mm,last,33,fg_aromatic_ring,,qm9s_val,0,0.8399
probe_mm,last,33,fg_aromatic_ring,,R0,0,0.8141
probe_mm,last,33,fg_aromatic_ring,,R2,0,0.7656
probe_mm,last,33,fg_aromatic_ring,,R2,1,0.7656
probe_mm,last,33,fg_aromatic_ring,,R3,0,0.7969
probe_mm,last,33,fg_aromatic_ring,,R3,1,0.7969
probe_mm,last,33,fg_aromatic_ring,,R4,0,0.7188
probe_mm,last,33,fg_aromatic_ring,,R4,1,0.7188
probe_mm,last,33,fg_aromatic_ring,,R5,0,0.5156
probe_mm,last,33,fg_aromatic_ring,,R5,1,0.5156
probe_mm,last,33,fg_aromatic_ring,,R6,0,0.7031
probe_mm,last,33,fg_aromatic_ring,,R6,1,0.7031
probe_mm,last,33,fg_aromatic_ring,,R8,0,0.2344
probe_mm,last,33,fg_aromatic_ring,,R8,1,0.2344
probe_mm,last,33,fg_aromatic_ring,,R9,0,0.5312
probe_mm,last,33,fg_aromatic_ring,,R9,1,0.5312
probe_mm,last,33,fg_benzene_ring,,qm9s_val,0,0.8207
probe_mm,last,33,fg_benzene_ring,,R0,0,0.7919
probe_mm,last,33,fg_benzene_ring,,R2,0,0.8627
probe_mm,last,33,fg_benzene_ring,,R2,1,0.8627
probe_mm,last,33,fg_benzene_ring,,R3,0,0.6667
probe_mm,last,33,fg_benzene_ring,,R3,1,0.6667
probe_mm,last,33,fg_benzene_ring,,R4,0,0.6471
probe_mm,last,33,fg_benzene_ring,,R4,1,0.6471
probe_mm,last,33,fg_benzene_ring,,R5,0,0.6078
probe_mm,last,33,fg_benzene_ring,,R5,1,0.6078
probe_mm,last,33,fg_benzene_ring,,R6,0,0.6863
probe_mm,last,33,fg_benzene_ring,,R6,1,0.6863
probe_mm,last,33,fg_benzene_ring,,R8,0,0.2941
probe_mm,last,33,fg_benzene_ring,,R8,1,0.2941
probe_mm,last,33,fg_benzene_ring,,R9,0,0.3922
probe_mm,last,33,fg_benzene_ring,,R9,1,0.3922
probe_mm,last,33,fg_pyrrole_ring,,qm9s_val,0,0.74
probe_mm,last,33,fg_pyrrole_ring,,R0,0,0.7651
probe_mm,last,33,fg_pyrrole_ring,,R2,0,0.8947
probe_mm,last,33,fg_pyrrole_ring,,R2,1,0.8947
probe_mm,last,33,fg_pyrrole_ring,,R3,0,0.8947
probe_mm,last,33,fg_pyrrole_ring,,R3,1,0.8947
probe_mm,last,33,fg_pyrrole_ring,,R4,0,0.8947
probe_mm,last,33,fg_pyrrole_ring,,R4,1,0.8947
probe_mm,last,33,fg_pyrrole_ring,,R5,0,0.1579
probe_mm,last,33,fg_pyrrole_ring,,R5,1,0.1579
probe_mm,last,33,fg_pyrrole_ring,,R6,0,0.8947
probe_mm,last,33,fg_pyrrole_ring,,R6,1,0.8947
probe_mm,last,33,fg_pyrrole_ring,,R8,0,0.2632
probe_mm,last,33,fg_pyrrole_ring,,R8,1,0.2632
probe_mm,last,33,fg_pyrrole_ring,,R9,0,0.4737
probe_mm,last,33,fg_pyrrole_ring,,R9,1,0.4211
probe_mm,last,33,fg_imidazole_ring,,qm9s_val,0,0.7766
probe_mm,last,33,fg_imidazole_ring,,R0,0,0.7914
probe_mm,last,33,fg_imidazole_ring,,R2,0,0.2632
probe_mm,last,33,fg_imidazole_ring,,R2,1,0.2632
probe_mm,last,33,fg_imidazole_ring,,R3,0,0.7368
probe_mm,last,33,fg_imidazole_ring,,R3,1,0.7368
probe_mm,last,33,fg_imidazole_ring,,R4,0,0.0526
probe_mm,last,33,fg_imidazole_ring,,R4,1,0.0526
probe_mm,last,33,fg_imidazole_ring,,R5,0,0.2632
probe_mm,last,33,fg_imidazole_ring,,R5,1,0.2632
probe_mm,last,33,fg_imidazole_ring,,R6,0,0.3158
probe_mm,last,33,fg_imidazole_ring,,R6,1,0.3158
probe_mm,last,33,fg_imidazole_ring,,R8,0,0.4211
probe_mm,last,33,fg_imidazole_ring,,R8,1,0.4211
probe_mm,last,33,fg_imidazole_ring,,R9,0,0.8421
probe_mm,last,33,fg_imidazole_ring,,R9,1,0.8421
probe_lr,last,36,fg_primary_amine,0.001,qm9s_val,0,0.8045
probe_lr,last,36,fg_primary_amine,0.001,R0,0,0.8505
probe_lr,last,36,fg_primary_amine,0.001,R2,0,0.5263
probe_lr,last,36,fg_primary_amine,0.001,R2,1,0.5263
probe_lr,last,36,fg_primary_amine,0.001,R3,0,0.8421
probe_lr,last,36,fg_primary_amine,0.001,R3,1,0.8421
probe_lr,last,36,fg_primary_amine,0.001,R4,0,0.2105
probe_lr,last,36,fg_primary_amine,0.001,R4,1,0.2105
probe_lr,last,36,fg_primary_amine,0.001,R5,0,0.1579
probe_lr,last,36,fg_primary_amine,0.001,R5,1,0.1579
probe_lr,last,36,fg_primary_amine,0.001,R6,0,0.1579
probe_lr,last,36,fg_primary_amine,0.001,R6,1,0.1579
probe_lr,last,36,fg_primary_amine,0.001,R8,0,0.5263
probe_lr,last,36,fg_primary_amine,0.001,R8,1,0.5263
probe_lr,last,36,fg_primary_amine,0.001,R9,0,0.8421
probe_lr,last,36,fg_primary_amine,0.001,R9,1,0.8421
probe_lr,last,36,fg_secondary_amine,0.001,qm9s_val,0,0.6207
probe_lr,last,36,fg_secondary_amine,0.001,R0,0,0.6568
probe_lr,last,36,fg_secondary_amine,0.001,R2,0,0.9474
probe_lr,last,36,fg_secondary_amine,0.001,R2,1,0.9474
probe_lr,last,36,fg_secondary_amine,0.001,R3,0,0.2105
probe_lr,last,36,fg_secondary_amine,0.001,R3,1,0.2105
probe_lr,last,36,fg_secondary_amine,0.001,R4,0,0.2632
probe_lr,last,36,fg_secondary_amine,0.001,R4,1,0.2632
probe_lr,last,36,fg_secondary_amine,0.001,R5,0,0.0526
probe_lr,last,36,fg_secondary_amine,0.001,R5,1,0.0526
probe_lr,last,36,fg_secondary_amine,0.001,R6,0,0.3158
probe_lr,last,36,fg_secondary_amine,0.001,R6,1,0.3158
probe_lr,last,36,fg_secondary_amine,0.001,R8,0,0.7368
probe_lr,last,36,fg_secondary_amine,0.001,R8,1,0.7368
probe_lr,last,36,fg_secondary_amine,0.001,R9,0,0.2105
probe_lr,last,36,fg_secondary_amine,0.001,R9,1,0.2105
probe_lr,last,36,fg_amide,0.001,qm9s_val,0,0.8027
probe_lr,last,36,fg_amide,0.001,R0,0,0.7883
probe_lr,last,36,fg_amide,0.001,R2,0,0.9167
probe_lr,last,36,fg_amide,0.001,R2,1,0.9167
probe_lr,last,36,fg_amide,0.001,R3,0,0.5
probe_lr,last,36,fg_amide,0.001,R3,1,0.5
probe_lr,last,36,fg_amide,0.001,R4,0,0.8056
probe_lr,last,36,fg_amide,0.001,R4,1,0.8056
probe_lr,last,36,fg_amide,0.001,R5,0,0.5556
probe_lr,last,36,fg_amide,0.001,R5,1,0.5556
probe_lr,last,36,fg_amide,0.001,R6,0,0.6667
probe_lr,last,36,fg_amide,0.001,R6,1,0.6667
probe_lr,last,36,fg_amide,0.001,R8,0,0.5278
probe_lr,last,36,fg_amide,0.001,R8,1,0.5278
probe_lr,last,36,fg_amide,0.001,R9,0,0.6389
probe_lr,last,36,fg_amide,0.001,R9,1,0.6389
probe_lr,last,36,fg_guanidine,0.001,qm9s_val,0,0.9186
probe_lr,last,36,fg_guanidine,0.001,R0,0,0.9279
probe_lr,last,36,fg_guanidine,0.001,R2,0,0.9474
probe_lr,last,36,fg_guanidine,0.001,R2,1,0.9474
probe_lr,last,36,fg_guanidine,0.001,R3,0,0.7368
probe_lr,last,36,fg_guanidine,0.001,R3,1,0.7368
probe_lr,last,36,fg_guanidine,0.001,R4,0,0.7368
probe_lr,last,36,fg_guanidine,0.001,R4,1,0.7368
probe_lr,last,36,fg_guanidine,0.001,R5,0,0.2632
probe_lr,last,36,fg_guanidine,0.001,R5,1,0.2632
probe_lr,last,36,fg_guanidine,0.001,R6,0,0.7368
probe_lr,last,36,fg_guanidine,0.001,R6,1,0.7368
probe_lr,last,36,fg_guanidine,0.001,R8,0,0.9474
probe_lr,last,36,fg_guanidine,0.001,R8,1,0.9474
probe_lr,last,36,fg_guanidine,0.001,R9,0,0.5263
probe_lr,last,36,fg_guanidine,0.001,R9,1,0.5263
probe_lr,last,36,fg_hydroxyl_aliphatic,0.001,qm9s_val,0,0.6767
probe_lr,last,36,fg_hydroxyl_aliphatic,0.001,R0,0,0.6863
probe_lr,last,36,fg_hydroxyl_aliphatic,0.001,R2,0,0.7222
probe_lr,last,36,fg_hydroxyl_aliphatic,0.001,R2,1,0.7222
probe_lr,last,36,fg_hydroxyl_aliphatic,0.001,R3,0,0.7778
probe_lr,last,36,fg_hydroxyl_aliphatic,0.001,R3,1,0.7778
probe_lr,last,36,fg_hydroxyl_aliphatic,0.001,R4,0,0.3056
probe_lr,last,36,fg_hydroxyl_aliphatic,0.001,R4,1,0.3056
probe_lr,last,36,fg_hydroxyl_aliphatic,0.001,R5,0,0.3889
probe_lr,last,36,fg_hydroxyl_aliphatic,0.001,R5,1,0.3889
probe_lr,last,36,fg_hydroxyl_aliphatic,0.001,R6,0,0.3889
probe_lr,last,36,fg_hydroxyl_aliphatic,0.001,R6,1,0.3889
probe_lr,last,36,fg_hydroxyl_aliphatic,0.001,R8,0,0.7222
probe_lr,last,36,fg_hydroxyl_aliphatic,0.001,R8,1,0.7222
probe_lr,last,36,fg_hydroxyl_aliphatic,0.001,R9,0,0.5
probe_lr,last,36,fg_hydroxyl_aliphatic,0.001,R9,1,0.5
probe_lr,last,36,fg_phenol,0.001,qm9s_val,0,0.9169
probe_lr,last,36,fg_phenol,0.001,R0,0,0.8697
probe_lr,last,36,fg_phenol,0.001,R2,0,0.6842
probe_lr,last,36,fg_phenol,0.001,R2,1,0.6842
probe_lr,last,36,fg_phenol,0.001,R3,0,0.7368
probe_lr,last,36,fg_phenol,0.001,R3,1,0.7368
probe_lr,last,36,fg_phenol,0.001,R4,0,0.2632
probe_lr,last,36,fg_phenol,0.001,R4,1,0.2632
probe_lr,last,36,fg_phenol,0.001,R5,0,0.6316
probe_lr,last,36,fg_phenol,0.001,R5,1,0.6316
probe_lr,last,36,fg_phenol,0.001,R6,0,0.1053
probe_lr,last,36,fg_phenol,0.001,R6,1,0.1053
probe_lr,last,36,fg_phenol,0.001,R8,0,0.0526
probe_lr,last,36,fg_phenol,0.001,R8,1,0.0526
probe_lr,last,36,fg_phenol,0.001,R9,0,0.0
probe_lr,last,36,fg_phenol,0.001,R9,1,0.0
probe_lr,last,36,fg_aromatic_ring,0.001,qm9s_val,0,0.9492
probe_lr,last,36,fg_aromatic_ring,0.001,R0,0,0.9483
probe_lr,last,36,fg_aromatic_ring,0.001,R2,0,0.8906
probe_lr,last,36,fg_aromatic_ring,0.001,R2,1,0.8906
probe_lr,last,36,fg_aromatic_ring,0.001,R3,0,0.8438
probe_lr,last,36,fg_aromatic_ring,0.001,R3,1,0.8438
probe_lr,last,36,fg_aromatic_ring,0.001,R4,0,0.5312
probe_lr,last,36,fg_aromatic_ring,0.001,R4,1,0.5312
probe_lr,last,36,fg_aromatic_ring,0.001,R5,0,0.625
probe_lr,last,36,fg_aromatic_ring,0.001,R5,1,0.625
probe_lr,last,36,fg_aromatic_ring,0.001,R6,0,0.5938
probe_lr,last,36,fg_aromatic_ring,0.001,R6,1,0.5938
probe_lr,last,36,fg_aromatic_ring,0.001,R8,0,0.3906
probe_lr,last,36,fg_aromatic_ring,0.001,R8,1,0.3906
probe_lr,last,36,fg_aromatic_ring,0.001,R9,0,0.7031
probe_lr,last,36,fg_aromatic_ring,0.001,R9,1,0.7031
probe_lr,last,36,fg_benzene_ring,0.001,qm9s_val,0,0.9683
probe_lr,last,36,fg_benzene_ring,0.001,R0,0,0.9439
probe_lr,last,36,fg_benzene_ring,0.001,R2,0,0.7255
probe_lr,last,36,fg_benzene_ring,0.001,R2,1,0.7255
probe_lr,last,36,fg_benzene_ring,0.001,R3,0,0.7059
probe_lr,last,36,fg_benzene_ring,0.001,R3,1,0.7059
probe_lr,last,36,fg_benzene_ring,0.001,R4,0,0.7059
probe_lr,last,36,fg_benzene_ring,0.001,R4,1,0.7059
probe_lr,last,36,fg_benzene_ring,0.001,R5,0,0.3725
probe_lr,last,36,fg_benzene_ring,0.001,R5,1,0.3725
probe_lr,last,36,fg_benzene_ring,0.001,R6,0,0.6863
probe_lr,last,36,fg_benzene_ring,0.001,R6,1,0.6863
probe_lr,last,36,fg_benzene_ring,0.001,R8,0,0.1961
probe_lr,last,36,fg_benzene_ring,0.001,R8,1,0.1961
probe_lr,last,36,fg_benzene_ring,0.001,R9,0,0.5882
probe_lr,last,36,fg_benzene_ring,0.001,R9,1,0.5882
probe_lr,last,36,fg_pyrrole_ring,0.001,qm9s_val,0,0.8882
probe_lr,last,36,fg_pyrrole_ring,0.001,R0,0,0.9205
probe_lr,last,36,fg_pyrrole_ring,0.001,R2,0,1.0
probe_lr,last,36,fg_pyrrole_ring,0.001,R2,1,1.0
probe_lr,last,36,fg_pyrrole_ring,0.001,R3,0,0.7895
probe_lr,last,36,fg_pyrrole_ring,0.001,R3,1,0.7895
probe_lr,last,36,fg_pyrrole_ring,0.001,R4,0,1.0
probe_lr,last,36,fg_pyrrole_ring,0.001,R4,1,1.0
probe_lr,last,36,fg_pyrrole_ring,0.001,R5,0,0.8947
probe_lr,last,36,fg_pyrrole_ring,0.001,R5,1,0.8947
probe_lr,last,36,fg_pyrrole_ring,0.001,R6,0,0.8421
probe_lr,last,36,fg_pyrrole_ring,0.001,R6,1,0.8421
probe_lr,last,36,fg_pyrrole_ring,0.001,R8,0,0.9474
probe_lr,last,36,fg_pyrrole_ring,0.001,R8,1,0.9474
probe_lr,last,36,fg_pyrrole_ring,0.001,R9,0,0.8947
probe_lr,last,36,fg_pyrrole_ring,0.001,R9,1,0.9474
probe_lr,last,36,fg_imidazole_ring,0.001,qm9s_val,0,0.933
probe_lr,last,36,fg_imidazole_ring,0.001,R0,0,0.8831
probe_lr,last,36,fg_imidazole_ring,0.001,R2,0,0.4737
probe_lr,last,36,fg_imidazole_ring,0.001,R2,1,0.4737
probe_lr,last,36,fg_imidazole_ring,0.001,R3,0,0.8421
probe_lr,last,36,fg_imidazole_ring,0.001,R3,1,0.8421
probe_lr,last,36,fg_imidazole_ring,0.001,R4,0,0.4737
probe_lr,last,36,fg_imidazole_ring,0.001,R4,1,0.4737
probe_lr,last,36,fg_imidazole_ring,0.001,R5,0,0.4211
probe_lr,last,36,fg_imidazole_ring,0.001,R5,1,0.4211
probe_lr,last,36,fg_imidazole_ring,0.001,R6,0,0.7895
probe_lr,last,36,fg_imidazole_ring,0.001,R6,1,0.7895
probe_lr,last,36,fg_imidazole_ring,0.001,R8,0,0.8947
probe_lr,last,36,fg_imidazole_ring,0.001,R8,1,0.8947
probe_lr,last,36,fg_imidazole_ring,0.001,R9,0,0.9474
probe_lr,last,36,fg_imidazole_ring,0.001,R9,1,0.9474
probe_mm,last,36,fg_primary_amine,,qm9s_val,0,0.5566
probe_mm,last,36,fg_primary_amine,,R0,0,0.6294
probe_mm,last,36,fg_primary_amine,,R2,0,0.6842
probe_mm,last,36,fg_primary_amine,,R2,1,0.6842
probe_mm,last,36,fg_primary_amine,,R3,0,0.5263
probe_mm,last,36,fg_primary_amine,,R3,1,0.5263
probe_mm,last,36,fg_primary_amine,,R4,0,0.4737
probe_mm,last,36,fg_primary_amine,,R4,1,0.4737
probe_mm,last,36,fg_primary_amine,,R5,0,0.3684
probe_mm,last,36,fg_primary_amine,,R5,1,0.3684
probe_mm,last,36,fg_primary_amine,,R6,0,0.8421
probe_mm,last,36,fg_primary_amine,,R6,1,0.8421
probe_mm,last,36,fg_primary_amine,,R8,0,0.0526
probe_mm,last,36,fg_primary_amine,,R8,1,0.0526
probe_mm,last,36,fg_primary_amine,,R9,0,0.4211
probe_mm,last,36,fg_primary_amine,,R9,1,0.4211
probe_mm,last,36,fg_secondary_amine,,qm9s_val,0,0.6217
probe_mm,last,36,fg_secondary_amine,,R0,0,0.6331
probe_mm,last,36,fg_secondary_amine,,R2,0,0.4211
probe_mm,last,36,fg_secondary_amine,,R2,1,0.4211
probe_mm,last,36,fg_secondary_amine,,R3,0,0.2632
probe_mm,last,36,fg_secondary_amine,,R3,1,0.2632
probe_mm,last,36,fg_secondary_amine,,R4,0,0.8947
probe_mm,last,36,fg_secondary_amine,,R4,1,0.8947
probe_mm,last,36,fg_secondary_amine,,R5,0,0.7895
probe_mm,last,36,fg_secondary_amine,,R5,1,0.7895
probe_mm,last,36,fg_secondary_amine,,R6,0,0.4737
probe_mm,last,36,fg_secondary_amine,,R6,1,0.4737
probe_mm,last,36,fg_secondary_amine,,R8,0,0.8947
probe_mm,last,36,fg_secondary_amine,,R8,1,0.8947
probe_mm,last,36,fg_secondary_amine,,R9,0,0.2632
probe_mm,last,36,fg_secondary_amine,,R9,1,0.2632
probe_mm,last,36,fg_amide,,qm9s_val,0,0.615
probe_mm,last,36,fg_amide,,R0,0,0.5837
probe_mm,last,36,fg_amide,,R2,0,0.3889
probe_mm,last,36,fg_amide,,R2,1,0.3889
probe_mm,last,36,fg_amide,,R3,0,0.5556
probe_mm,last,36,fg_amide,,R3,1,0.5556
probe_mm,last,36,fg_amide,,R4,0,0.1944
probe_mm,last,36,fg_amide,,R4,1,0.1944
probe_mm,last,36,fg_amide,,R5,0,0.2778
probe_mm,last,36,fg_amide,,R5,1,0.2778
probe_mm,last,36,fg_amide,,R6,0,0.2778
probe_mm,last,36,fg_amide,,R6,1,0.2778
probe_mm,last,36,fg_amide,,R8,0,0.4444
probe_mm,last,36,fg_amide,,R8,1,0.4444
probe_mm,last,36,fg_amide,,R9,0,0.6111
probe_mm,last,36,fg_amide,,R9,1,0.6111
probe_mm,last,36,fg_guanidine,,qm9s_val,0,0.7508
probe_mm,last,36,fg_guanidine,,R0,0,0.7241
probe_mm,last,36,fg_guanidine,,R2,0,0.8421
probe_mm,last,36,fg_guanidine,,R2,1,0.8421
probe_mm,last,36,fg_guanidine,,R3,0,0.9474
probe_mm,last,36,fg_guanidine,,R3,1,0.9474
probe_mm,last,36,fg_guanidine,,R4,0,0.4211
probe_mm,last,36,fg_guanidine,,R4,1,0.4211
probe_mm,last,36,fg_guanidine,,R5,0,0.0526
probe_mm,last,36,fg_guanidine,,R5,1,0.0526
probe_mm,last,36,fg_guanidine,,R6,0,0.5263
probe_mm,last,36,fg_guanidine,,R6,1,0.5263
probe_mm,last,36,fg_guanidine,,R8,0,0.6842
probe_mm,last,36,fg_guanidine,,R8,1,0.6842
probe_mm,last,36,fg_guanidine,,R9,0,0.0526
probe_mm,last,36,fg_guanidine,,R9,1,0.0526
probe_mm,last,36,fg_hydroxyl_aliphatic,,qm9s_val,0,0.6089
probe_mm,last,36,fg_hydroxyl_aliphatic,,R0,0,0.6477
probe_mm,last,36,fg_hydroxyl_aliphatic,,R2,0,0.4722
probe_mm,last,36,fg_hydroxyl_aliphatic,,R2,1,0.4722
probe_mm,last,36,fg_hydroxyl_aliphatic,,R3,0,0.75
probe_mm,last,36,fg_hydroxyl_aliphatic,,R3,1,0.75
probe_mm,last,36,fg_hydroxyl_aliphatic,,R4,0,0.4167
probe_mm,last,36,fg_hydroxyl_aliphatic,,R4,1,0.4167
probe_mm,last,36,fg_hydroxyl_aliphatic,,R5,0,0.4167
probe_mm,last,36,fg_hydroxyl_aliphatic,,R5,1,0.4167
probe_mm,last,36,fg_hydroxyl_aliphatic,,R6,0,0.5833
probe_mm,last,36,fg_hydroxyl_aliphatic,,R6,1,0.5833
probe_mm,last,36,fg_hydroxyl_aliphatic,,R8,0,0.6111
probe_mm,last,36,fg_hydroxyl_aliphatic,,R8,1,0.6111
probe_mm,last,36,fg_hydroxyl_aliphatic,,R9,0,0.5833
probe_mm,last,36,fg_hydroxyl_aliphatic,,R9,1,0.5833
probe_mm,last,36,fg_phenol,,qm9s_val,0,0.8026
probe_mm,last,36,fg_phenol,,R0,0,0.7422
probe_mm,last,36,fg_phenol,,R2,0,0.8947
probe_mm,last,36,fg_phenol,,R2,1,0.8947
probe_mm,last,36,fg_phenol,,R3,0,0.7368
probe_mm,last,36,fg_phenol,,R3,1,0.7368
probe_mm,last,36,fg_phenol,,R4,0,0.9474
probe_mm,last,36,fg_phenol,,R4,1,0.9474
probe_mm,last,36,fg_phenol,,R5,0,0.5789
probe_mm,last,36,fg_phenol,,R5,1,0.5789
probe_mm,last,36,fg_phenol,,R6,0,0.8421
probe_mm,last,36,fg_phenol,,R6,1,0.8421
probe_mm,last,36,fg_phenol,,R8,0,0.4737
probe_mm,last,36,fg_phenol,,R8,1,0.4737
probe_mm,last,36,fg_phenol,,R9,0,0.0
probe_mm,last,36,fg_phenol,,R9,1,0.0
probe_mm,last,36,fg_aromatic_ring,,qm9s_val,0,0.8399
probe_mm,last,36,fg_aromatic_ring,,R0,0,0.8141
probe_mm,last,36,fg_aromatic_ring,,R2,0,0.7656
probe_mm,last,36,fg_aromatic_ring,,R2,1,0.7656
probe_mm,last,36,fg_aromatic_ring,,R3,0,0.7812
probe_mm,last,36,fg_aromatic_ring,,R3,1,0.7812
probe_mm,last,36,fg_aromatic_ring,,R4,0,0.7188
probe_mm,last,36,fg_aromatic_ring,,R4,1,0.7188
probe_mm,last,36,fg_aromatic_ring,,R5,0,0.5469
probe_mm,last,36,fg_aromatic_ring,,R5,1,0.5469
probe_mm,last,36,fg_aromatic_ring,,R6,0,0.6875
probe_mm,last,36,fg_aromatic_ring,,R6,1,0.6875
probe_mm,last,36,fg_aromatic_ring,,R8,0,0.3281
probe_mm,last,36,fg_aromatic_ring,,R8,1,0.3281
probe_mm,last,36,fg_aromatic_ring,,R9,0,0.5312
probe_mm,last,36,fg_aromatic_ring,,R9,1,0.5312
probe_mm,last,36,fg_benzene_ring,,qm9s_val,0,0.8252
probe_mm,last,36,fg_benzene_ring,,R0,0,0.7952
probe_mm,last,36,fg_benzene_ring,,R2,0,0.8627
probe_mm,last,36,fg_benzene_ring,,R2,1,0.8627
probe_mm,last,36,fg_benzene_ring,,R3,0,0.6275
probe_mm,last,36,fg_benzene_ring,,R3,1,0.6275
probe_mm,last,36,fg_benzene_ring,,R4,0,0.6275
probe_mm,last,36,fg_benzene_ring,,R4,1,0.6275
probe_mm,last,36,fg_benzene_ring,,R5,0,0.6078
probe_mm,last,36,fg_benzene_ring,,R5,1,0.6078
probe_mm,last,36,fg_benzene_ring,,R6,0,0.6863
probe_mm,last,36,fg_benzene_ring,,R6,1,0.6863
probe_mm,last,36,fg_benzene_ring,,R8,0,0.2941
probe_mm,last,36,fg_benzene_ring,,R8,1,0.2941
probe_mm,last,36,fg_benzene_ring,,R9,0,0.3922
probe_mm,last,36,fg_benzene_ring,,R9,1,0.3922
probe_mm,last,36,fg_pyrrole_ring,,qm9s_val,0,0.7374
probe_mm,last,36,fg_pyrrole_ring,,R0,0,0.7617
probe_mm,last,36,fg_pyrrole_ring,,R2,0,0.8947
probe_mm,last,36,fg_pyrrole_ring,,R2,1,0.8947
probe_mm,last,36,fg_pyrrole_ring,,R3,0,0.8421
probe_mm,last,36,fg_pyrrole_ring,,R3,1,0.8421
probe_mm,last,36,fg_pyrrole_ring,,R4,0,0.8947
probe_mm,last,36,fg_pyrrole_ring,,R4,1,0.8947
probe_mm,last,36,fg_pyrrole_ring,,R5,0,0.2105
probe_mm,last,36,fg_pyrrole_ring,,R5,1,0.2105
probe_mm,last,36,fg_pyrrole_ring,,R6,0,0.8947
probe_mm,last,36,fg_pyrrole_ring,,R6,1,0.8947
probe_mm,last,36,fg_pyrrole_ring,,R8,0,0.2632
probe_mm,last,36,fg_pyrrole_ring,,R8,1,0.2632
probe_mm,last,36,fg_pyrrole_ring,,R9,0,0.4211
probe_mm,last,36,fg_pyrrole_ring,,R9,1,0.4211
probe_mm,last,36,fg_imidazole_ring,,qm9s_val,0,0.7765
probe_mm,last,36,fg_imidazole_ring,,R0,0,0.7979
probe_mm,last,36,fg_imidazole_ring,,R2,0,0.2632
probe_mm,last,36,fg_imidazole_ring,,R2,1,0.2632
probe_mm,last,36,fg_imidazole_ring,,R3,0,0.7368
probe_mm,last,36,fg_imidazole_ring,,R3,1,0.7368
probe_mm,last,36,fg_imidazole_ring,,R4,0,0.0526
probe_mm,last,36,fg_imidazole_ring,,R4,1,0.0526
probe_mm,last,36,fg_imidazole_ring,,R5,0,0.2632
probe_mm,last,36,fg_imidazole_ring,,R5,1,0.2632
probe_mm,last,36,fg_imidazole_ring,,R6,0,0.3158
probe_mm,last,36,fg_imidazole_ring,,R6,1,0.3158
probe_mm,last,36,fg_imidazole_ring,,R8,0,0.5789
probe_mm,last,36,fg_imidazole_ring,,R8,1,0.5789
probe_mm,last,36,fg_imidazole_ring,,R9,0,0.8421
probe_mm,last,36,fg_imidazole_ring,,R9,1,0.8421
probe_lr,mean,0,fg_primary_amine,0.01,qm9s_val,0,0.6703
probe_lr,mean,0,fg_primary_amine,0.01,R0,0,0.5571
probe_lr,mean,0,fg_primary_amine,0.01,R2,0,0.5263
probe_lr,mean,0,fg_primary_amine,0.01,R2,1,0.5263
probe_lr,mean,0,fg_primary_amine,0.01,R3,0,0.0
probe_lr,mean,0,fg_primary_amine,0.01,R3,1,0.0
probe_lr,mean,0,fg_primary_amine,0.01,R4,0,0.7895
probe_lr,mean,0,fg_primary_amine,0.01,R4,1,0.7895
probe_lr,mean,0,fg_primary_amine,0.01,R5,0,0.6842
probe_lr,mean,0,fg_primary_amine,0.01,R5,1,0.6842
probe_lr,mean,0,fg_primary_amine,0.01,R6,0,0.4737
probe_lr,mean,0,fg_primary_amine,0.01,R6,1,0.4737
probe_lr,mean,0,fg_primary_amine,0.01,R8,0,0.3158
probe_lr,mean,0,fg_primary_amine,0.01,R8,1,0.3158
probe_lr,mean,0,fg_primary_amine,0.01,R9,0,0.6842
probe_lr,mean,0,fg_primary_amine,0.01,R9,1,0.6842
probe_lr,mean,0,fg_secondary_amine,0.01,qm9s_val,0,0.6546
probe_lr,mean,0,fg_secondary_amine,0.01,R0,0,0.6641
probe_lr,mean,0,fg_secondary_amine,0.01,R2,0,0.5789
probe_lr,mean,0,fg_secondary_amine,0.01,R2,1,0.5789
probe_lr,mean,0,fg_secondary_amine,0.01,R3,0,0.3158
probe_lr,mean,0,fg_secondary_amine,0.01,R3,1,0.3158
probe_lr,mean,0,fg_secondary_amine,0.01,R4,0,0.9474
probe_lr,mean,0,fg_secondary_amine,0.01,R4,1,0.9474
probe_lr,mean,0,fg_secondary_amine,0.01,R5,0,1.0
probe_lr,mean,0,fg_secondary_amine,0.01,R5,1,1.0
probe_lr,mean,0,fg_secondary_amine,0.01,R6,0,0.5789
probe_lr,mean,0,fg_secondary_amine,0.01,R6,1,0.5789
probe_lr,mean,0,fg_secondary_amine,0.01,R8,0,0.7895
probe_lr,mean,0,fg_secondary_amine,0.01,R8,1,0.7895
probe_lr,mean,0,fg_secondary_amine,0.01,R9,0,0.2105
probe_lr,mean,0,fg_secondary_amine,0.01,R9,1,0.2105
probe_lr,mean,0,fg_amide,0.01,qm9s_val,0,0.6816
probe_lr,mean,0,fg_amide,0.01,R0,0,0.6801
probe_lr,mean,0,fg_amide,0.01,R2,0,0.9167
probe_lr,mean,0,fg_amide,0.01,R2,1,0.9167
probe_lr,mean,0,fg_amide,0.01,R3,0,0.4444
probe_lr,mean,0,fg_amide,0.01,R3,1,0.4444
probe_lr,mean,0,fg_amide,0.01,R4,0,0.8611
probe_lr,mean,0,fg_amide,0.01,R4,1,0.8611
probe_lr,mean,0,fg_amide,0.01,R5,0,0.6667
probe_lr,mean,0,fg_amide,0.01,R5,1,0.6667
probe_lr,mean,0,fg_amide,0.01,R6,0,0.6389
probe_lr,mean,0,fg_amide,0.01,R6,1,0.6389
probe_lr,mean,0,fg_amide,0.01,R8,0,0.3056
probe_lr,mean,0,fg_amide,0.01,R8,1,0.3056
probe_lr,mean,0,fg_amide,0.01,R9,0,0.8056
probe_lr,mean,0,fg_amide,0.01,R9,1,0.8056
probe_lr,mean,0,fg_guanidine,0.01,qm9s_val,0,0.8165
probe_lr,mean,0,fg_guanidine,0.01,R0,0,0.8283
probe_lr,mean,0,fg_guanidine,0.01,R2,0,0.9474
probe_lr,mean,0,fg_guanidine,0.01,R2,1,0.9474
probe_lr,mean,0,fg_guanidine,0.01,R3,0,0.5263
probe_lr,mean,0,fg_guanidine,0.01,R3,1,0.5263
probe_lr,mean,0,fg_guanidine,0.01,R4,0,0.5789
probe_lr,mean,0,fg_guanidine,0.01,R4,1,0.5789
probe_lr,mean,0,fg_guanidine,0.01,R5,0,0.5789
probe_lr,mean,0,fg_guanidine,0.01,R5,1,0.5789
probe_lr,mean,0,fg_guanidine,0.01,R6,0,0.8421
probe_lr,mean,0,fg_guanidine,0.01,R6,1,0.8421
probe_lr,mean,0,fg_guanidine,0.01,R8,0,0.4211
probe_lr,mean,0,fg_guanidine,0.01,R8,1,0.4211
probe_lr,mean,0,fg_guanidine,0.01,R9,0,0.2105
probe_lr,mean,0,fg_guanidine,0.01,R9,1,0.2632
probe_lr,mean,0,fg_hydroxyl_aliphatic,0.01,qm9s_val,0,0.6208
probe_lr,mean,0,fg_hydroxyl_aliphatic,0.01,R0,0,0.6344
probe_lr,mean,0,fg_hydroxyl_aliphatic,0.01,R2,0,0.6389
probe_lr,mean,0,fg_hydroxyl_aliphatic,0.01,R2,1,0.6389
probe_lr,mean,0,fg_hydroxyl_aliphatic,0.01,R3,0,0.6111
probe_lr,mean,0,fg_hydroxyl_aliphatic,0.01,R3,1,0.6111
probe_lr,mean,0,fg_hydroxyl_aliphatic,0.01,R4,0,0.6111
probe_lr,mean,0,fg_hydroxyl_aliphatic,0.01,R4,1,0.6111
probe_lr,mean,0,fg_hydroxyl_aliphatic,0.01,R5,0,0.4722
probe_lr,mean,0,fg_hydroxyl_aliphatic,0.01,R5,1,0.4722
probe_lr,mean,0,fg_hydroxyl_aliphatic,0.01,R6,0,0.4722
probe_lr,mean,0,fg_hydroxyl_aliphatic,0.01,R6,1,0.4722
probe_lr,mean,0,fg_hydroxyl_aliphatic,0.01,R8,0,0.6667
probe_lr,mean,0,fg_hydroxyl_aliphatic,0.01,R8,1,0.6667
probe_lr,mean,0,fg_hydroxyl_aliphatic,0.01,R9,0,0.5278
probe_lr,mean,0,fg_hydroxyl_aliphatic,0.01,R9,1,0.5278
probe_lr,mean,0,fg_phenol,0.01,qm9s_val,0,0.8518
probe_lr,mean,0,fg_phenol,0.01,R0,0,0.8082
probe_lr,mean,0,fg_phenol,0.01,R2,0,0.6316
probe_lr,mean,0,fg_phenol,0.01,R2,1,0.6316
probe_lr,mean,0,fg_phenol,0.01,R3,0,0.5789
probe_lr,mean,0,fg_phenol,0.01,R3,1,0.5789
probe_lr,mean,0,fg_phenol,0.01,R4,0,0.5263
probe_lr,mean,0,fg_phenol,0.01,R4,1,0.5263
probe_lr,mean,0,fg_phenol,0.01,R5,0,0.4737
probe_lr,mean,0,fg_phenol,0.01,R5,1,0.4737
probe_lr,mean,0,fg_phenol,0.01,R6,0,0.5789
probe_lr,mean,0,fg_phenol,0.01,R6,1,0.5789
probe_lr,mean,0,fg_phenol,0.01,R8,0,0.1579
probe_lr,mean,0,fg_phenol,0.01,R8,1,0.1579
probe_lr,mean,0,fg_phenol,0.01,R9,0,0.4211
probe_lr,mean,0,fg_phenol,0.01,R9,1,0.4211
probe_lr,mean,0,fg_aromatic_ring,0.01,qm9s_val,0,0.8873
probe_lr,mean,0,fg_aromatic_ring,0.01,R0,0,0.8814
probe_lr,mean,0,fg_aromatic_ring,0.01,R2,0,0.6406
probe_lr,mean,0,fg_aromatic_ring,0.01,R2,1,0.6406
probe_lr,mean,0,fg_aromatic_ring,0.01,R3,0,0.75
probe_lr,mean,0,fg_aromatic_ring,0.01,R3,1,0.75
probe_lr,mean,0,fg_aromatic_ring,0.01,R4,0,0.5156
probe_lr,mean,0,fg_aromatic_ring,0.01,R4,1,0.5156
probe_lr,mean,0,fg_aromatic_ring,0.01,R5,0,0.1875
probe_lr,mean,0,fg_aromatic_ring,0.01,R5,1,0.1875
probe_lr,mean,0,fg_aromatic_ring,0.01,R6,0,0.25
probe_lr,mean,0,fg_aromatic_ring,0.01,R6,1,0.25
probe_lr,mean,0,fg_aromatic_ring,0.01,R8,0,0.6875
probe_lr,mean,0,fg_aromatic_ring,0.01,R8,1,0.6875
probe_lr,mean,0,fg_aromatic_ring,0.01,R9,0,0.4531
probe_lr,mean,0,fg_aromatic_ring,0.01,R9,1,0.4219
probe_lr,mean,0,fg_benzene_ring,0.01,qm9s_val,0,0.8299
probe_lr,mean,0,fg_benzene_ring,0.01,R0,0,0.7663
probe_lr,mean,0,fg_benzene_ring,0.01,R2,0,0.7059
probe_lr,mean,0,fg_benzene_ring,0.01,R2,1,0.7059
probe_lr,mean,0,fg_benzene_ring,0.01,R3,0,0.5294
probe_lr,mean,0,fg_benzene_ring,0.01,R3,1,0.5294
probe_lr,mean,0,fg_benzene_ring,0.01,R4,0,0.6863
probe_lr,mean,0,fg_benzene_ring,0.01,R4,1,0.6863
probe_lr,mean,0,fg_benzene_ring,0.01,R5,0,0.1961
probe_lr,mean,0,fg_benzene_ring,0.01,R5,1,0.1961
probe_lr,mean,0,fg_benzene_ring,0.01,R6,0,0.6863
probe_lr,mean,0,fg_benzene_ring,0.01,R6,1,0.6863
probe_lr,mean,0,fg_benzene_ring,0.01,R8,0,0.4902
probe_lr,mean,0,fg_benzene_ring,0.01,R8,1,0.4902
probe_lr,mean,0,fg_benzene_ring,0.01,R9,0,0.4706
probe_lr,mean,0,fg_benzene_ring,0.01,R9,1,0.4706
probe_lr,mean,0,fg_pyrrole_ring,0.01,qm9s_val,0,0.7782
probe_lr,mean,0,fg_pyrrole_ring,0.01,R0,0,0.8122
probe_lr,mean,0,fg_pyrrole_ring,0.01,R2,0,0.9474
probe_lr,mean,0,fg_pyrrole_ring,0.01,R2,1,0.9474
probe_lr,mean,0,fg_pyrrole_ring,0.01,R3,0,1.0
probe_lr,mean,0,fg_pyrrole_ring,0.01,R3,1,1.0
probe_lr,mean,0,fg_pyrrole_ring,0.01,R4,0,1.0
probe_lr,mean,0,fg_pyrrole_ring,0.01,R4,1,1.0
probe_lr,mean,0,fg_pyrrole_ring,0.01,R5,0,0.2632
probe_lr,mean,0,fg_pyrrole_ring,0.01,R5,1,0.2632
probe_lr,mean,0,fg_pyrrole_ring,0.01,R6,0,0.3684
probe_lr,mean,0,fg_pyrrole_ring,0.01,R6,1,0.3684
probe_lr,mean,0,fg_pyrrole_ring,0.01,R8,0,0.7368
probe_lr,mean,0,fg_pyrrole_ring,0.01,R8,1,0.7368
probe_lr,mean,0,fg_pyrrole_ring,0.01,R9,0,0.9474
probe_lr,mean,0,fg_pyrrole_ring,0.01,R9,1,0.8947
probe_lr,mean,0,fg_imidazole_ring,0.01,qm9s_val,0,0.8747
probe_lr,mean,0,fg_imidazole_ring,0.01,R0,0,0.8395
probe_lr,mean,0,fg_imidazole_ring,0.01,R2,0,0.5263
probe_lr,mean,0,fg_imidazole_ring,0.01,R2,1,0.5263
probe_lr,mean,0,fg_imidazole_ring,0.01,R3,0,1.0
probe_lr,mean,0,fg_imidazole_ring,0.01,R3,1,1.0
probe_lr,mean,0,fg_imidazole_ring,0.01,R4,0,0.1579
probe_lr,mean,0,fg_imidazole_ring,0.01,R4,1,0.1579
probe_lr,mean,0,fg_imidazole_ring,0.01,R5,0,0.1053
probe_lr,mean,0,fg_imidazole_ring,0.01,R5,1,0.1053
probe_lr,mean,0,fg_imidazole_ring,0.01,R6,0,0.0526
probe_lr,mean,0,fg_imidazole_ring,0.01,R6,1,0.0526
probe_lr,mean,0,fg_imidazole_ring,0.01,R8,0,0.7368
probe_lr,mean,0,fg_imidazole_ring,0.01,R8,1,0.7368
probe_lr,mean,0,fg_imidazole_ring,0.01,R9,0,0.0
probe_lr,mean,0,fg_imidazole_ring,0.01,R9,1,0.0
probe_mm,mean,0,fg_primary_amine,,qm9s_val,0,0.6296
probe_mm,mean,0,fg_primary_amine,,R0,0,0.5492
probe_mm,mean,0,fg_primary_amine,,R2,0,0.5263
probe_mm,mean,0,fg_primary_amine,,R2,1,0.5263
probe_mm,mean,0,fg_primary_amine,,R3,0,0.0526
probe_mm,mean,0,fg_primary_amine,,R3,1,0.0526
probe_mm,mean,0,fg_primary_amine,,R4,0,0.7895
probe_mm,mean,0,fg_primary_amine,,R4,1,0.7895
probe_mm,mean,0,fg_primary_amine,,R5,0,0.4737
probe_mm,mean,0,fg_primary_amine,,R5,1,0.4737
probe_mm,mean,0,fg_primary_amine,,R6,0,0.3158
probe_mm,mean,0,fg_primary_amine,,R6,1,0.3158
probe_mm,mean,0,fg_primary_amine,,R8,0,0.2105
probe_mm,mean,0,fg_primary_amine,,R8,1,0.2105
probe_mm,mean,0,fg_primary_amine,,R9,0,0.5789
probe_mm,mean,0,fg_primary_amine,,R9,1,0.5789
probe_mm,mean,0,fg_secondary_amine,,qm9s_val,0,0.6077
probe_mm,mean,0,fg_secondary_amine,,R0,0,0.5929
probe_mm,mean,0,fg_secondary_amine,,R2,0,1.0
probe_mm,mean,0,fg_secondary_amine,,R2,1,1.0
probe_mm,mean,0,fg_secondary_amine,,R3,0,0.6842
probe_mm,mean,0,fg_secondary_amine,,R3,1,0.6842
probe_mm,mean,0,fg_secondary_amine,,R4,0,0.6316
probe_mm,mean,0,fg_secondary_amine,,R4,1,0.6316
probe_mm,mean,0,fg_secondary_amine,,R5,0,0.6316
probe_mm,mean,0,fg_secondary_amine,,R5,1,0.6316
probe_mm,mean,0,fg_secondary_amine,,R6,0,0.0526
probe_mm,mean,0,fg_secondary_amine,,R6,1,0.0526
probe_mm,mean,0,fg_secondary_amine,,R8,0,0.7895
probe_mm,mean,0,fg_secondary_amine,,R8,1,0.7895
probe_mm,mean,0,fg_secondary_amine,,R9,0,0.2105
probe_mm,mean,0,fg_secondary_amine,,R9,1,0.2105
probe_mm,mean,0,fg_amide,,qm9s_val,0,0.6168
probe_mm,mean,0,fg_amide,,R0,0,0.5958
probe_mm,mean,0,fg_amide,,R2,0,0.6944
probe_mm,mean,0,fg_amide,,R2,1,0.6944
probe_mm,mean,0,fg_amide,,R3,0,0.5278
probe_mm,mean,0,fg_amide,,R3,1,0.5278
probe_mm,mean,0,fg_amide,,R4,0,0.9167
probe_mm,mean,0,fg_amide,,R4,1,0.9167
probe_mm,mean,0,fg_amide,,R5,0,0.6111
probe_mm,mean,0,fg_amide,,R5,1,0.6111
probe_mm,mean,0,fg_amide,,R6,0,0.7778
probe_mm,mean,0,fg_amide,,R6,1,0.7778
probe_mm,mean,0,fg_amide,,R8,0,0.7222
probe_mm,mean,0,fg_amide,,R8,1,0.7222
probe_mm,mean,0,fg_amide,,R9,0,0.5556
probe_mm,mean,0,fg_amide,,R9,1,0.5556
probe_mm,mean,0,fg_guanidine,,qm9s_val,0,0.8014
probe_mm,mean,0,fg_guanidine,,R0,0,0.7809
probe_mm,mean,0,fg_guanidine,,R2,0,0.7895
probe_mm,mean,0,fg_guanidine,,R2,1,0.7895
probe_mm,mean,0,fg_guanidine,,R3,0,0.6842
probe_mm,mean,0,fg_guanidine,,R3,1,0.6842
probe_mm,mean,0,fg_guanidine,,R4,0,0.6316
probe_mm,mean,0,fg_guanidine,,R4,1,0.6316
probe_mm,mean,0,fg_guanidine,,R5,0,0.6316
probe_mm,mean,0,fg_guanidine,,R5,1,0.6316
probe_mm,mean,0,fg_guanidine,,R6,0,0.1579
probe_mm,mean,0,fg_guanidine,,R6,1,0.1579
probe_mm,mean,0,fg_guanidine,,R8,0,0.3158
probe_mm,mean,0,fg_guanidine,,R8,1,0.3158
probe_mm,mean,0,fg_guanidine,,R9,0,0.4211
probe_mm,mean,0,fg_guanidine,,R9,1,0.4211
probe_mm,mean,0,fg_hydroxyl_aliphatic,,qm9s_val,0,0.5955
probe_mm,mean,0,fg_hydroxyl_aliphatic,,R0,0,0.6118
probe_mm,mean,0,fg_hydroxyl_aliphatic,,R2,0,0.5278
probe_mm,mean,0,fg_hydroxyl_aliphatic,,R2,1,0.5278
probe_mm,mean,0,fg_hydroxyl_aliphatic,,R3,0,0.5556
probe_mm,mean,0,fg_hydroxyl_aliphatic,,R3,1,0.5556
probe_mm,mean,0,fg_hydroxyl_aliphatic,,R4,0,0.8333
probe_mm,mean,0,fg_hydroxyl_aliphatic,,R4,1,0.8333
probe_mm,mean,0,fg_hydroxyl_aliphatic,,R5,0,0.6944
probe_mm,mean,0,fg_hydroxyl_aliphatic,,R5,1,0.6944
probe_mm,mean,0,fg_hydroxyl_aliphatic,,R6,0,0.6111
probe_mm,mean,0,fg_hydroxyl_aliphatic,,R6,1,0.6111
probe_mm,mean,0,fg_hydroxyl_aliphatic,,R8,0,0.5278
probe_mm,mean,0,fg_hydroxyl_aliphatic,,R8,1,0.5278
probe_mm,mean,0,fg_hydroxyl_aliphatic,,R9,0,0.6667
probe_mm,mean,0,fg_hydroxyl_aliphatic,,R9,1,0.6667
probe_mm,mean,0,fg_phenol,,qm9s_val,0,0.7137
probe_mm,mean,0,fg_phenol,,R0,0,0.719
probe_mm,mean,0,fg_phenol,,R2,0,0.3684
probe_mm,mean,0,fg_phenol,,R2,1,0.3684
probe_mm,mean,0,fg_phenol,,R3,0,0.3684
probe_mm,mean,0,fg_phenol,,R3,1,0.3684
probe_mm,mean,0,fg_phenol,,R4,0,0.2105
probe_mm,mean,0,fg_phenol,,R4,1,0.2105
probe_mm,mean,0,fg_phenol,,R5,0,0.1053
probe_mm,mean,0,fg_phenol,,R5,1,0.1053
probe_mm,mean,0,fg_phenol,,R6,0,0.4211
probe_mm,mean,0,fg_phenol,,R6,1,0.4211
probe_mm,mean,0,fg_phenol,,R8,0,0.0
probe_mm,mean,0,fg_phenol,,R8,1,0.0
probe_mm,mean,0,fg_phenol,,R9,0,0.7895
probe_mm,mean,0,fg_phenol,,R9,1,0.7895
probe_mm,mean,0,fg_aromatic_ring,,qm9s_val,0,0.763
probe_mm,mean,0,fg_aromatic_ring,,R0,0,0.778
probe_mm,mean,0,fg_aromatic_ring,,R2,0,0.3906
probe_mm,mean,0,fg_aromatic_ring,,R2,1,0.3906
probe_mm,mean,0,fg_aromatic_ring,,R3,0,0.5938
probe_mm,mean,0,fg_aromatic_ring,,R3,1,0.5938
probe_mm,mean,0,fg_aromatic_ring,,R4,0,0.5312
probe_mm,mean,0,fg_aromatic_ring,,R4,1,0.5312
probe_mm,mean,0,fg_aromatic_ring,,R5,0,0.125
probe_mm,mean,0,fg_aromatic_ring,,R5,1,0.125
probe_mm,mean,0,fg_aromatic_ring,,R6,0,0.5
probe_mm,mean,0,fg_aromatic_ring,,R6,1,0.5
probe_mm,mean,0,fg_aromatic_ring,,R8,0,0.4219
probe_mm,mean,0,fg_aromatic_ring,,R8,1,0.4219
probe_mm,mean,0,fg_aromatic_ring,,R9,0,0.3906
probe_mm,mean,0,fg_aromatic_ring,,R9,1,0.3594
probe_mm,mean,0,fg_benzene_ring,,qm9s_val,0,0.6834
probe_mm,mean,0,fg_benzene_ring,,R0,0,0.6246
probe_mm,mean,0,fg_benzene_ring,,R2,0,0.4902
probe_mm,mean,0,fg_benzene_ring,,R2,1,0.4902
probe_mm,mean,0,fg_benzene_ring,,R3,0,0.5098
probe_mm,mean,0,fg_benzene_ring,,R3,1,0.5098
probe_mm,mean,0,fg_benzene_ring,,R4,0,0.5098
probe_mm,mean,0,fg_benzene_ring,,R4,1,0.5098
probe_mm,mean,0,fg_benzene_ring,,R5,0,0.2157
probe_mm,mean,0,fg_benzene_ring,,R5,1,0.2157
probe_mm,mean,0,fg_benzene_ring,,R6,0,0.7647
probe_mm,mean,0,fg_benzene_ring,,R6,1,0.7647
probe_mm,mean,0,fg_benzene_ring,,R8,0,0.549
probe_mm,mean,0,fg_benzene_ring,,R8,1,0.549
probe_mm,mean,0,fg_benzene_ring,,R9,0,0.3137
probe_mm,mean,0,fg_benzene_ring,,R9,1,0.3137
probe_mm,mean,0,fg_pyrrole_ring,,qm9s_val,0,0.686
probe_mm,mean,0,fg_pyrrole_ring,,R0,0,0.7216
probe_mm,mean,0,fg_pyrrole_ring,,R2,0,0.6842
probe_mm,mean,0,fg_pyrrole_ring,,R2,1,0.6842
probe_mm,mean,0,fg_pyrrole_ring,,R3,0,1.0
probe_mm,mean,0,fg_pyrrole_ring,,R3,1,1.0
probe_mm,mean,0,fg_pyrrole_ring,,R4,0,1.0
probe_mm,mean,0,fg_pyrrole_ring,,R4,1,1.0
probe_mm,mean,0,fg_pyrrole_ring,,R5,0,0.6842
probe_mm,mean,0,fg_pyrrole_ring,,R5,1,0.6842
probe_mm,mean,0,fg_pyrrole_ring,,R6,0,0.8421
probe_mm,mean,0,fg_pyrrole_ring,,R6,1,0.8421
probe_mm,mean,0,fg_pyrrole_ring,,R8,0,0.7895
probe_mm,mean,0,fg_pyrrole_ring,,R8,1,0.7895
probe_mm,mean,0,fg_pyrrole_ring,,R9,0,0.9474
probe_mm,mean,0,fg_pyrrole_ring,,R9,1,1.0
probe_mm,mean,0,fg_imidazole_ring,,qm9s_val,0,0.7863
probe_mm,mean,0,fg_imidazole_ring,,R0,0,0.7611
probe_mm,mean,0,fg_imidazole_ring,,R2,0,0.1579
probe_mm,mean,0,fg_imidazole_ring,,R2,1,0.1579
probe_mm,mean,0,fg_imidazole_ring,,R3,0,0.8947
probe_mm,mean,0,fg_imidazole_ring,,R3,1,0.8947
probe_mm,mean,0,fg_imidazole_ring,,R4,0,0.3684
probe_mm,mean,0,fg_imidazole_ring,,R4,1,0.3684
probe_mm,mean,0,fg_imidazole_ring,,R5,0,0.1579
probe_mm,mean,0,fg_imidazole_ring,,R5,1,0.1579
probe_mm,mean,0,fg_imidazole_ring,,R6,0,0.2105
probe_mm,mean,0,fg_imidazole_ring,,R6,1,0.2105
probe_mm,mean,0,fg_imidazole_ring,,R8,0,0.3158
probe_mm,mean,0,fg_imidazole_ring,,R8,1,0.3158
probe_mm,mean,0,fg_imidazole_ring,,R9,0,0.0
probe_mm,mean,0,fg_imidazole_ring,,R9,1,0.0
probe_lr,mean,3,fg_primary_amine,0.01,qm9s_val,0,0.8505
probe_lr,mean,3,fg_primary_amine,0.01,R0,0,0.8923
probe_lr,mean,3,fg_primary_amine,0.01,R2,0,1.0
probe_lr,mean,3,fg_primary_amine,0.01,R2,1,1.0
probe_lr,mean,3,fg_primary_amine,0.01,R3,0,0.0526
probe_lr,mean,3,fg_primary_amine,0.01,R3,1,0.0526
probe_lr,mean,3,fg_primary_amine,0.01,R4,0,0.5789
probe_lr,mean,3,fg_primary_amine,0.01,R4,1,0.5789
probe_lr,mean,3,fg_primary_amine,0.01,R5,0,0.5789
probe_lr,mean,3,fg_primary_amine,0.01,R5,1,0.5789
probe_lr,mean,3,fg_primary_amine,0.01,R6,0,0.5263
probe_lr,mean,3,fg_primary_amine,0.01,R6,1,0.5263
probe_lr,mean,3,fg_primary_amine,0.01,R8,0,0.5263
probe_lr,mean,3,fg_primary_amine,0.01,R8,1,0.5263
probe_lr,mean,3,fg_primary_amine,0.01,R9,0,0.7895
probe_lr,mean,3,fg_primary_amine,0.01,R9,1,0.7895
probe_lr,mean,3,fg_secondary_amine,0.01,qm9s_val,0,0.6836
probe_lr,mean,3,fg_secondary_amine,0.01,R0,0,0.696
probe_lr,mean,3,fg_secondary_amine,0.01,R2,0,0.6316
probe_lr,mean,3,fg_secondary_amine,0.01,R2,1,0.6316
probe_lr,mean,3,fg_secondary_amine,0.01,R3,0,0.8947
probe_lr,mean,3,fg_secondary_amine,0.01,R3,1,0.8947
probe_lr,mean,3,fg_secondary_amine,0.01,R4,0,0.9474
probe_lr,mean,3,fg_secondary_amine,0.01,R4,1,0.9474
probe_lr,mean,3,fg_secondary_amine,0.01,R5,0,1.0
probe_lr,mean,3,fg_secondary_amine,0.01,R5,1,1.0
probe_lr,mean,3,fg_secondary_amine,0.01,R6,0,0.8947
probe_lr,mean,3,fg_secondary_amine,0.01,R6,1,0.8947
probe_lr,mean,3,fg_secondary_amine,0.01,R8,0,1.0
probe_lr,mean,3,fg_secondary_amine,0.01,R8,1,1.0
probe_lr,mean,3,fg_secondary_amine,0.01,R9,0,0.7895
probe_lr,mean,3,fg_secondary_amine,0.01,R9,1,0.7895
probe_lr,mean,3,fg_amide,0.01,qm9s_val,0,0.8194
probe_lr,mean,3,fg_amide,0.01,R0,0,0.8111
probe_lr,mean,3,fg_amide,0.01,R2,0,0.8333
probe_lr,mean,3,fg_amide,0.01,R2,1,0.8333
probe_lr,mean,3,fg_amide,0.01,R3,0,0.25
probe_lr,mean,3,fg_amide,0.01,R3,1,0.25
probe_lr,mean,3,fg_amide,0.01,R4,0,0.9444
probe_lr,mean,3,fg_amide,0.01,R4,1,0.9444
probe_lr,mean,3,fg_amide,0.01,R5,0,0.7222
probe_lr,mean,3,fg_amide,0.01,R5,1,0.7222
probe_lr,mean,3,fg_amide,0.01,R6,0,0.8889
probe_lr,mean,3,fg_amide,0.01,R6,1,0.8889
probe_lr,mean,3,fg_amide,0.01,R8,0,0.6111
probe_lr,mean,3,fg_amide,0.01,R8,1,0.6111
probe_lr,mean,3,fg_amide,0.01,R9,0,0.6389
probe_lr,mean,3,fg_amide,0.01,R9,1,0.6389
probe_lr,mean,3,fg_guanidine,0.01,qm9s_val,0,0.9152
probe_lr,mean,3,fg_guanidine,0.01,R0,0,0.9526
probe_lr,mean,3,fg_guanidine,0.01,R2,0,1.0
probe_lr,mean,3,fg_guanidine,0.01,R2,1,1.0
probe_lr,mean,3,fg_guanidine,0.01,R3,0,1.0
probe_lr,mean,3,fg_guanidine,0.01,R3,1,1.0
probe_lr,mean,3,fg_guanidine,0.01,R4,0,0.9474
probe_lr,mean,3,fg_guanidine,0.01,R4,1,0.9474
probe_lr,mean,3,fg_guanidine,0.01,R5,0,0.1053
probe_lr,mean,3,fg_guanidine,0.01,R5,1,0.1053
probe_lr,mean,3,fg_guanidine,0.01,R6,0,0.6316
probe_lr,mean,3,fg_guanidine,0.01,R6,1,0.6316
probe_lr,mean,3,fg_guanidine,0.01,R8,0,0.4737
probe_lr,mean,3,fg_guanidine,0.01,R8,1,0.4737
probe_lr,mean,3,fg_guanidine,0.01,R9,0,0.6316
probe_lr,mean,3,fg_guanidine,0.01,R9,1,0.6316
probe_lr,mean,3,fg_hydroxyl_aliphatic,0.01,qm9s_val,0,0.7369
probe_lr,mean,3,fg_hydroxyl_aliphatic,0.01,R0,0,0.7156
probe_lr,mean,3,fg_hydroxyl_aliphatic,0.01,R2,0,1.0
probe_lr,mean,3,fg_hydroxyl_aliphatic,0.01,R2,1,1.0
probe_lr,mean,3,fg_hydroxyl_aliphatic,0.01,R3,0,0.2222
probe_lr,mean,3,fg_hydroxyl_aliphatic,0.01,R3,1,0.2222
probe_lr,mean,3,fg_hydroxyl_aliphatic,0.01,R4,0,0.8333
probe_lr,mean,3,fg_hydroxyl_aliphatic,0.01,R4,1,0.8333
probe_lr,mean,3,fg_hydroxyl_aliphatic,0.01,R5,0,0.6944
probe_lr,mean,3,fg_hydroxyl_aliphatic,0.01,R5,1,0.6944
probe_lr,mean,3,fg_hydroxyl_aliphatic,0.01,R6,0,0.6389
probe_lr,mean,3,fg_hydroxyl_aliphatic,0.01,R6,1,0.6389
probe_lr,mean,3,fg_hydroxyl_aliphatic,0.01,R8,0,0.6111
probe_lr,mean,3,fg_hydroxyl_aliphatic,0.01,R8,1,0.6111
probe_lr,mean,3,fg_hydroxyl_aliphatic,0.01,R9,0,0.6111
probe_lr,mean,3,fg_hydroxyl_aliphatic,0.01,R9,1,0.5833
probe_lr,mean,3,fg_phenol,0.01,qm9s_val,0,0.9073
probe_lr,mean,3,fg_phenol,0.01,R0,0,0.8946
probe_lr,mean,3,fg_phenol,0.01,R2,0,0.8421
probe_lr,mean,3,fg_phenol,0.01,R2,1,0.8421
probe_lr,mean,3,fg_phenol,0.01,R3,0,0.3158
probe_lr,mean,3,fg_phenol,0.01,R3,1,0.3158
probe_lr,mean,3,fg_phenol,0.01,R4,0,0.8421
probe_lr,mean,3,fg_phenol,0.01,R4,1,0.8421
probe_lr,mean,3,fg_phenol,0.01,R5,0,0.6842
probe_lr,mean,3,fg_phenol,0.01,R5,1,0.6842
probe_lr,mean,3,fg_phenol,0.01,R6,0,0.5263
probe_lr,mean,3,fg_phenol,0.01,R6,1,0.5263
probe_lr,mean,3,fg_phenol,0.01,R8,0,0.4211
probe_lr,mean,3,fg_phenol,0.01,R8,1,0.4211
probe_lr,mean,3,fg_phenol,0.01,R9,0,0.6316
probe_lr,mean,3,fg_phenol,0.01,R9,1,0.6316
probe_lr,mean,3,fg_aromatic_ring,0.01,qm9s_val,0,0.9662
probe_lr,mean,3,fg_aromatic_ring,0.01,R0,0,0.9686
probe_lr,mean,3,fg_aromatic_ring,0.01,R2,0,0.9688
probe_lr,mean,3,fg_aromatic_ring,0.01,R2,1,0.9688
probe_lr,mean,3,fg_aromatic_ring,0.01,R3,0,0.9219
probe_lr,mean,3,fg_aromatic_ring,0.01,R3,1,0.9219
probe_lr,mean,3,fg_aromatic_ring,0.01,R4,0,0.625
probe_lr,mean,3,fg_aromatic_ring,0.01,R4,1,0.625
probe_lr,mean,3,fg_aromatic_ring,0.01,R5,0,0.7188
probe_lr,mean,3,fg_aromatic_ring,0.01,R5,1,0.7188
probe_lr,mean,3,fg_aromatic_ring,0.01,R6,0,0.6094
probe_lr,mean,3,fg_aromatic_ring,0.01,R6,1,0.6094
probe_lr,mean,3,fg_aromatic_ring,0.01,R8,0,0.5156
probe_lr,mean,3,fg_aromatic_ring,0.01,R8,1,0.5156
probe_lr,mean,3,fg_aromatic_ring,0.01,R9,0,0.7812
probe_lr,mean,3,fg_aromatic_ring,0.01,R9,1,0.7812
probe_lr,mean,3,fg_benzene_ring,0.01,qm9s_val,0,0.9798
probe_lr,mean,3,fg_benzene_ring,0.01,R0,0,0.981
probe_lr,mean,3,fg_benzene_ring,0.01,R2,0,0.8627
probe_lr,mean,3,fg_benzene_ring,0.01,R2,1,0.8627
probe_lr,mean,3,fg_benzene_ring,0.01,R3,0,0.5882
probe_lr,mean,3,fg_benzene_ring,0.01,R3,1,0.5882
probe_lr,mean,3,fg_benzene_ring,0.01,R4,0,0.6078
probe_lr,mean,3,fg_benzene_ring,0.01,R4,1,0.6078
probe_lr,mean,3,fg_benzene_ring,0.01,R5,0,0.2353
probe_lr,mean,3,fg_benzene_ring,0.01,R5,1,0.2353
probe_lr,mean,3,fg_benzene_ring,0.01,R6,0,0.3333
probe_lr,mean,3,fg_benzene_ring,0.01,R6,1,0.3333
probe_lr,mean,3,fg_benzene_ring,0.01,R8,0,0.4902
probe_lr,mean,3,fg_benzene_ring,0.01,R8,1,0.4902
probe_lr,mean,3,fg_benzene_ring,0.01,R9,0,0.4314
probe_lr,mean,3,fg_benzene_ring,0.01,R9,1,0.4314
probe_lr,mean,3,fg_pyrrole_ring,0.01,qm9s_val,0,0.9224
probe_lr,mean,3,fg_pyrrole_ring,0.01,R0,0,0.9142
probe_lr,mean,3,fg_pyrrole_ring,0.01,R2,0,1.0
probe_lr,mean,3,fg_pyrrole_ring,0.01,R2,1,1.0
probe_lr,mean,3,fg_pyrrole_ring,0.01,R3,0,1.0
probe_lr,mean,3,fg_pyrrole_ring,0.01,R3,1,1.0
probe_lr,mean,3,fg_pyrrole_ring,0.01,R4,0,1.0
probe_lr,mean,3,fg_pyrrole_ring,0.01,R4,1,1.0
probe_lr,mean,3,fg_pyrrole_ring,0.01,R5,0,1.0
probe_lr,mean,3,fg_pyrrole_ring,0.01,R5,1,1.0
probe_lr,mean,3,fg_pyrrole_ring,0.01,R6,0,0.8421
probe_lr,mean,3,fg_pyrrole_ring,0.01,R6,1,0.8421
probe_lr,mean,3,fg_pyrrole_ring,0.01,R8,0,1.0
probe_lr,mean,3,fg_pyrrole_ring,0.01,R8,1,1.0
probe_lr,mean,3,fg_pyrrole_ring,0.01,R9,0,1.0
probe_lr,mean,3,fg_pyrrole_ring,0.01,R9,1,1.0
probe_lr,mean,3,fg_imidazole_ring,0.01,qm9s_val,0,0.9393
probe_lr,mean,3,fg_imidazole_ring,0.01,R0,0,0.9155
probe_lr,mean,3,fg_imidazole_ring,0.01,R2,0,0.6842
probe_lr,mean,3,fg_imidazole_ring,0.01,R2,1,0.6842
probe_lr,mean,3,fg_imidazole_ring,0.01,R3,0,1.0
probe_lr,mean,3,fg_imidazole_ring,0.01,R3,1,1.0
probe_lr,mean,3,fg_imidazole_ring,0.01,R4,0,0.6316
probe_lr,mean,3,fg_imidazole_ring,0.01,R4,1,0.6316
probe_lr,mean,3,fg_imidazole_ring,0.01,R5,0,0.6842
probe_lr,mean,3,fg_imidazole_ring,0.01,R5,1,0.6842
probe_lr,mean,3,fg_imidazole_ring,0.01,R6,0,0.4737
probe_lr,mean,3,fg_imidazole_ring,0.01,R6,1,0.4737
probe_lr,mean,3,fg_imidazole_ring,0.01,R8,0,0.3158
probe_lr,mean,3,fg_imidazole_ring,0.01,R8,1,0.3158
probe_lr,mean,3,fg_imidazole_ring,0.01,R9,0,0.4737
probe_lr,mean,3,fg_imidazole_ring,0.01,R9,1,0.4737
probe_mm,mean,3,fg_primary_amine,,qm9s_val,0,0.7021
probe_mm,mean,3,fg_primary_amine,,R0,0,0.6702
probe_mm,mean,3,fg_primary_amine,,R2,0,0.8421
probe_mm,mean,3,fg_primary_amine,,R2,1,0.8421
probe_mm,mean,3,fg_primary_amine,,R3,0,0.2632
probe_mm,mean,3,fg_primary_amine,,R3,1,0.2632
probe_mm,mean,3,fg_primary_amine,,R4,0,0.2632
probe_mm,mean,3,fg_primary_amine,,R4,1,0.2632
probe_mm,mean,3,fg_primary_amine,,R5,0,0.1053
probe_mm,mean,3,fg_primary_amine,,R5,1,0.1053
probe_mm,mean,3,fg_primary_amine,,R6,0,0.1053
probe_mm,mean,3,fg_primary_amine,,R6,1,0.1053
probe_mm,mean,3,fg_primary_amine,,R8,0,0.1579
probe_mm,mean,3,fg_primary_amine,,R8,1,0.1579
probe_mm,mean,3,fg_primary_amine,,R9,0,0.7895
probe_mm,mean,3,fg_primary_amine,,R9,1,0.7895
probe_mm,mean,3,fg_secondary_amine,,qm9s_val,0,0.6395
probe_mm,mean,3,fg_secondary_amine,,R0,0,0.646
probe_mm,mean,3,fg_secondary_amine,,R2,0,0.5263
probe_mm,mean,3,fg_secondary_amine,,R2,1,0.5263
probe_mm,mean,3,fg_secondary_amine,,R3,0,0.3684
probe_mm,mean,3,fg_secondary_amine,,R3,1,0.3684
probe_mm,mean,3,fg_secondary_amine,,R4,0,1.0
probe_mm,mean,3,fg_secondary_amine,,R4,1,1.0
probe_mm,mean,3,fg_secondary_amine,,R5,0,1.0
probe_mm,mean,3,fg_secondary_amine,,R5,1,1.0
probe_mm,mean,3,fg_secondary_amine,,R6,0,0.6842
probe_mm,mean,3,fg_secondary_amine,,R6,1,0.6842
probe_mm,mean,3,fg_secondary_amine,,R8,0,0.7895
probe_mm,mean,3,fg_secondary_amine,,R8,1,0.7895
probe_mm,mean,3,fg_secondary_amine,,R9,0,0.2105
probe_mm,mean,3,fg_secondary_amine,,R9,1,0.2105
probe_mm,mean,3,fg_amide,,qm9s_val,0,0.7184
probe_mm,mean,3,fg_amide,,R0,0,0.6937
probe_mm,mean,3,fg_amide,,R2,0,0.8056
probe_mm,mean,3,fg_amide,,R2,1,0.8056
probe_mm,mean,3,fg_amide,,R3,0,0.8333
probe_mm,mean,3,fg_amide,,R3,1,0.8333
probe_mm,mean,3,fg_amide,,R4,0,0.7778
probe_mm,mean,3,fg_amide,,R4,1,0.7778
probe_mm,mean,3,fg_amide,,R5,0,0.7778
probe_mm,mean,3,fg_amide,,R5,1,0.7778
probe_mm,mean,3,fg_amide,,R6,0,0.8611
probe_mm,mean,3,fg_amide,,R6,1,0.8611
probe_mm,mean,3,fg_amide,,R8,0,0.4167
probe_mm,mean,3,fg_amide,,R8,1,0.4167
probe_mm,mean,3,fg_amide,,R9,0,0.6389
probe_mm,mean,3,fg_amide,,R9,1,0.6389
probe_mm,mean,3,fg_guanidine,,qm9s_val,0,0.8287
probe_mm,mean,3,fg_guanidine,,R0,0,0.8425
probe_mm,mean,3,fg_guanidine,,R2,0,0.6842
probe_mm,mean,3,fg_guanidine,,R2,1,0.6842
probe_mm,mean,3,fg_guanidine,,R3,0,0.3158
probe_mm,mean,3,fg_guanidine,,R3,1,0.3158
probe_mm,mean,3,fg_guanidine,,R4,0,0.1053
probe_mm,mean,3,fg_guanidine,,R4,1,0.1053
probe_mm,mean,3,fg_guanidine,,R5,0,0.0
probe_mm,mean,3,fg_guanidine,,R5,1,0.0
probe_mm,mean,3,fg_guanidine,,R6,0,0.0526
probe_mm,mean,3,fg_guanidine,,R6,1,0.0526
probe_mm,mean,3,fg_guanidine,,R8,0,0.3684
probe_mm,mean,3,fg_guanidine,,R8,1,0.3684
probe_mm,mean,3,fg_guanidine,,R9,0,0.6842
probe_mm,mean,3,fg_guanidine,,R9,1,0.6842
probe_mm,mean,3,fg_hydroxyl_aliphatic,,qm9s_val,0,0.6204
probe_mm,mean,3,fg_hydroxyl_aliphatic,,R0,0,0.6451
probe_mm,mean,3,fg_hydroxyl_aliphatic,,R2,0,0.6944
probe_mm,mean,3,fg_hydroxyl_aliphatic,,R2,1,0.6944
probe_mm,mean,3,fg_hydroxyl_aliphatic,,R3,0,0.5833
probe_mm,mean,3,fg_hydroxyl_aliphatic,,R3,1,0.5833
probe_mm,mean,3,fg_hydroxyl_aliphatic,,R4,0,0.5
probe_mm,mean,3,fg_hydroxyl_aliphatic,,R4,1,0.5
probe_mm,mean,3,fg_hydroxyl_aliphatic,,R5,0,0.4444
probe_mm,mean,3,fg_hydroxyl_aliphatic,,R5,1,0.4444
probe_mm,mean,3,fg_hydroxyl_aliphatic,,R6,0,0.5278
probe_mm,mean,3,fg_hydroxyl_aliphatic,,R6,1,0.5278
probe_mm,mean,3,fg_hydroxyl_aliphatic,,R8,0,0.75
probe_mm,mean,3,fg_hydroxyl_aliphatic,,R8,1,0.75
probe_mm,mean,3,fg_hydroxyl_aliphatic,,R9,0,0.5556
probe_mm,mean,3,fg_hydroxyl_aliphatic,,R9,1,0.5556
probe_mm,mean,3,fg_phenol,,qm9s_val,0,0.8417
probe_mm,mean,3,fg_phenol,,R0,0,0.7975
probe_mm,mean,3,fg_phenol,,R2,0,0.8947
probe_mm,mean,3,fg_phenol,,R2,1,0.8947
probe_mm,mean,3,fg_phenol,,R3,0,0.7895
probe_mm,mean,3,fg_phenol,,R3,1,0.7895
probe_mm,mean,3,fg_phenol,,R4,0,0.8947
probe_mm,mean,3,fg_phenol,,R4,1,0.8947
probe_mm,mean,3,fg_phenol,,R5,0,0.3684
probe_mm,mean,3,fg_phenol,,R5,1,0.3684
probe_mm,mean,3,fg_phenol,,R6,0,0.5263
probe_mm,mean,3,fg_phenol,,R6,1,0.5263
probe_mm,mean,3,fg_phenol,,R8,0,0.3684
probe_mm,mean,3,fg_phenol,,R8,1,0.3684
probe_mm,mean,3,fg_phenol,,R9,0,0.0526
probe_mm,mean,3,fg_phenol,,R9,1,0.0526
probe_mm,mean,3,fg_aromatic_ring,,qm9s_val,0,0.8867
probe_mm,mean,3,fg_aromatic_ring,,R0,0,0.8766
probe_mm,mean,3,fg_aromatic_ring,,R2,0,0.7656
probe_mm,mean,3,fg_aromatic_ring,,R2,1,0.7656
probe_mm,mean,3,fg_aromatic_ring,,R3,0,0.8281
probe_mm,mean,3,fg_aromatic_ring,,R3,1,0.8281
probe_mm,mean,3,fg_aromatic_ring,,R4,0,0.75
probe_mm,mean,3,fg_aromatic_ring,,R4,1,0.75
probe_mm,mean,3,fg_aromatic_ring,,R5,0,0.3594
probe_mm,mean,3,fg_aromatic_ring,,R5,1,0.3594
probe_mm,mean,3,fg_aromatic_ring,,R6,0,0.5312
probe_mm,mean,3,fg_aromatic_ring,,R6,1,0.5312
probe_mm,mean,3,fg_aromatic_ring,,R8,0,0.2656
probe_mm,mean,3,fg_aromatic_ring,,R8,1,0.2656
probe_mm,mean,3,fg_aromatic_ring,,R9,0,0.6406
probe_mm,mean,3,fg_aromatic_ring,,R9,1,0.6406
probe_mm,mean,3,fg_benzene_ring,,qm9s_val,0,0.8436
probe_mm,mean,3,fg_benzene_ring,,R0,0,0.8197
probe_mm,mean,3,fg_benzene_ring,,R2,0,0.8824
probe_mm,mean,3,fg_benzene_ring,,R2,1,0.8824
probe_mm,mean,3,fg_benzene_ring,,R3,0,0.7451
probe_mm,mean,3,fg_benzene_ring,,R3,1,0.7451
probe_mm,mean,3,fg_benzene_ring,,R4,0,0.8824
probe_mm,mean,3,fg_benzene_ring,,R4,1,0.8824
probe_mm,mean,3,fg_benzene_ring,,R5,0,0.5098
probe_mm,mean,3,fg_benzene_ring,,R5,1,0.5098
probe_mm,mean,3,fg_benzene_ring,,R6,0,0.8431
probe_mm,mean,3,fg_benzene_ring,,R6,1,0.8431
probe_mm,mean,3,fg_benzene_ring,,R8,0,0.1961
probe_mm,mean,3,fg_benzene_ring,,R8,1,0.1961
probe_mm,mean,3,fg_benzene_ring,,R9,0,0.4902
probe_mm,mean,3,fg_benzene_ring,,R9,1,0.4706
probe_mm,mean,3,fg_pyrrole_ring,,qm9s_val,0,0.7906
probe_mm,mean,3,fg_pyrrole_ring,,R0,0,0.8111
probe_mm,mean,3,fg_pyrrole_ring,,R2,0,0.9474
probe_mm,mean,3,fg_pyrrole_ring,,R2,1,0.9474
probe_mm,mean,3,fg_pyrrole_ring,,R3,0,0.9474
probe_mm,mean,3,fg_pyrrole_ring,,R3,1,0.9474
probe_mm,mean,3,fg_pyrrole_ring,,R4,0,0.9474
probe_mm,mean,3,fg_pyrrole_ring,,R4,1,0.9474
probe_mm,mean,3,fg_pyrrole_ring,,R5,0,0.4211
probe_mm,mean,3,fg_pyrrole_ring,,R5,1,0.4211
probe_mm,mean,3,fg_pyrrole_ring,,R6,0,0.5789
probe_mm,mean,3,fg_pyrrole_ring,,R6,1,0.5789
probe_mm,mean,3,fg_pyrrole_ring,,R8,0,0.2105
probe_mm,mean,3,fg_pyrrole_ring,,R8,1,0.2105
probe_mm,mean,3,fg_pyrrole_ring,,R9,0,0.8421
probe_mm,mean,3,fg_pyrrole_ring,,R9,1,0.7895
probe_mm,mean,3,fg_imidazole_ring,,qm9s_val,0,0.8536
probe_mm,mean,3,fg_imidazole_ring,,R0,0,0.8363
probe_mm,mean,3,fg_imidazole_ring,,R2,0,0.3684
probe_mm,mean,3,fg_imidazole_ring,,R2,1,0.3684
probe_mm,mean,3,fg_imidazole_ring,,R3,0,0.8947
probe_mm,mean,3,fg_imidazole_ring,,R3,1,0.8947
probe_mm,mean,3,fg_imidazole_ring,,R4,0,0.3158
probe_mm,mean,3,fg_imidazole_ring,,R4,1,0.3158
probe_mm,mean,3,fg_imidazole_ring,,R5,0,0.0
probe_mm,mean,3,fg_imidazole_ring,,R5,1,0.0
probe_mm,mean,3,fg_imidazole_ring,,R6,0,0.1053
probe_mm,mean,3,fg_imidazole_ring,,R6,1,0.1053
probe_mm,mean,3,fg_imidazole_ring,,R8,0,0.4737
probe_mm,mean,3,fg_imidazole_ring,,R8,1,0.4737
probe_mm,mean,3,fg_imidazole_ring,,R9,0,0.7368
probe_mm,mean,3,fg_imidazole_ring,,R9,1,0.7368
probe_lr,mean,6,fg_primary_amine,0.001,qm9s_val,0,0.8461
probe_lr,mean,6,fg_primary_amine,0.001,R0,0,0.8739
probe_lr,mean,6,fg_primary_amine,0.001,R2,0,0.9474
probe_lr,mean,6,fg_primary_amine,0.001,R2,1,0.9474
probe_lr,mean,6,fg_primary_amine,0.001,R3,0,0.1053
probe_lr,mean,6,fg_primary_amine,0.001,R3,1,0.1053
probe_lr,mean,6,fg_primary_amine,0.001,R4,0,0.5263
probe_lr,mean,6,fg_primary_amine,0.001,R4,1,0.5263
probe_lr,mean,6,fg_primary_amine,0.001,R5,0,0.4737
probe_lr,mean,6,fg_primary_amine,0.001,R5,1,0.4737
probe_lr,mean,6,fg_primary_amine,0.001,R6,0,0.4737
probe_lr,mean,6,fg_primary_amine,0.001,R6,1,0.4737
probe_lr,mean,6,fg_primary_amine,0.001,R8,0,0.6316
probe_lr,mean,6,fg_primary_amine,0.001,R8,1,0.6316
probe_lr,mean,6,fg_primary_amine,0.001,R9,0,0.8421
probe_lr,mean,6,fg_primary_amine,0.001,R9,1,0.8421
probe_lr,mean,6,fg_secondary_amine,0.001,qm9s_val,0,0.6773
probe_lr,mean,6,fg_secondary_amine,0.001,R0,0,0.6947
probe_lr,mean,6,fg_secondary_amine,0.001,R2,0,0.8421
probe_lr,mean,6,fg_secondary_amine,0.001,R2,1,0.8421
probe_lr,mean,6,fg_secondary_amine,0.001,R3,0,0.6842
probe_lr,mean,6,fg_secondary_amine,0.001,R3,1,0.6842
probe_lr,mean,6,fg_secondary_amine,0.001,R4,0,0.8947
probe_lr,mean,6,fg_secondary_amine,0.001,R4,1,0.8947
probe_lr,mean,6,fg_secondary_amine,0.001,R5,0,1.0
probe_lr,mean,6,fg_secondary_amine,0.001,R5,1,1.0
probe_lr,mean,6,fg_secondary_amine,0.001,R6,0,0.9474
probe_lr,mean,6,fg_secondary_amine,0.001,R6,1,0.9474
probe_lr,mean,6,fg_secondary_amine,0.001,R8,0,0.8947
probe_lr,mean,6,fg_secondary_amine,0.001,R8,1,0.8947
probe_lr,mean,6,fg_secondary_amine,0.001,R9,0,0.7368
probe_lr,mean,6,fg_secondary_amine,0.001,R9,1,0.7895
probe_lr,mean,6,fg_amide,0.001,qm9s_val,0,0.8009
probe_lr,mean,6,fg_amide,0.001,R0,0,0.805
probe_lr,mean,6,fg_amide,0.001,R2,0,0.9167
probe_lr,mean,6,fg_amide,0.001,R2,1,0.9167
probe_lr,mean,6,fg_amide,0.001,R3,0,0.4167
probe_lr,mean,6,fg_amide,0.001,R3,1,0.4167
probe_lr,mean,6,fg_amide,0.001,R4,0,1.0
probe_lr,mean,6,fg_amide,0.001,R4,1,1.0
probe_lr,mean,6,fg_amide,0.001,R5,0,0.8611
probe_lr,mean,6,fg_amide,0.001,R5,1,0.8611
probe_lr,mean,6,fg_amide,0.001,R6,0,0.9444
probe_lr,mean,6,fg_amide,0.001,R6,1,0.9444
probe_lr,mean,6,fg_amide,0.001,R8,0,0.7222
probe_lr,mean,6,fg_amide,0.001,R8,1,0.7222
probe_lr,mean,6,fg_amide,0.001,R9,0,0.6389
probe_lr,mean,6,fg_amide,0.001,R9,1,0.6389
probe_lr,mean,6,fg_guanidine,0.001,qm9s_val,0,0.9212
probe_lr,mean,6,fg_guanidine,0.001,R0,0,0.9378
probe_lr,mean,6,fg_guanidine,0.001,R2,0,1.0
probe_lr,mean,6,fg_guanidine,0.001,R2,1,1.0
probe_lr,mean,6,fg_guanidine,0.001,R3,0,1.0
probe_lr,mean,6,fg_guanidine,0.001,R3,1,1.0
probe_lr,mean,6,fg_guanidine,0.001,R4,0,0.7895
probe_lr,mean,6,fg_guanidine,0.001,R4,1,0.7895
probe_lr,mean,6,fg_guanidine,0.001,R5,0,0.2632
probe_lr,mean,6,fg_guanidine,0.001,R5,1,0.2632
probe_lr,mean,6,fg_guanidine,0.001,R6,0,0.7895
probe_lr,mean,6,fg_guanidine,0.001,R6,1,0.7895
probe_lr,mean,6,fg_guanidine,0.001,R8,0,0.6316
probe_lr,mean,6,fg_guanidine,0.001,R8,1,0.6316
probe_lr,mean,6,fg_guanidine,0.001,R9,0,0.6842
probe_lr,mean,6,fg_guanidine,0.001,R9,1,0.7368
probe_lr,mean,6,fg_hydroxyl_aliphatic,0.001,qm9s_val,0,0.7301
probe_lr,mean,6,fg_hydroxyl_aliphatic,0.001,R0,0,0.714
probe_lr,mean,6,fg_hydroxyl_aliphatic,0.001,R2,0,0.9722
probe_lr,mean,6,fg_hydroxyl_aliphatic,0.001,R2,1,0.9722
probe_lr,mean,6,fg_hydroxyl_aliphatic,0.001,R3,0,0.6389
probe_lr,mean,6,fg_hydroxyl_aliphatic,0.001,R3,1,0.6389
probe_lr,mean,6,fg_hydroxyl_aliphatic,0.001,R4,0,0.6389
probe_lr,mean,6,fg_hydroxyl_aliphatic,0.001,R4,1,0.6389
probe_lr,mean,6,fg_hydroxyl_aliphatic,0.001,R5,0,0.6667
probe_lr,mean,6,fg_hydroxyl_aliphatic,0.001,R5,1,0.6667
probe_lr,mean,6,fg_hydroxyl_aliphatic,0.001,R6,0,0.5556
probe_lr,mean,6,fg_hydroxyl_aliphatic,0.001,R6,1,0.5556
probe_lr,mean,6,fg_hydroxyl_aliphatic,0.001,R8,0,0.5833
probe_lr,mean,6,fg_hydroxyl_aliphatic,0.001,R8,1,0.5833
probe_lr,mean,6,fg_hydroxyl_aliphatic,0.001,R9,0,0.6111
probe_lr,mean,6,fg_hydroxyl_aliphatic,0.001,R9,1,0.6111
probe_lr,mean,6,fg_phenol,0.001,qm9s_val,0,0.9207
probe_lr,mean,6,fg_phenol,0.001,R0,0,0.9003
probe_lr,mean,6,fg_phenol,0.001,R2,0,0.8421
probe_lr,mean,6,fg_phenol,0.001,R2,1,0.8421
probe_lr,mean,6,fg_phenol,0.001,R3,0,0.4737
probe_lr,mean,6,fg_phenol,0.001,R3,1,0.4737
probe_lr,mean,6,fg_phenol,0.001,R4,0,0.5789
probe_lr,mean,6,fg_phenol,0.001,R4,1,0.5789
probe_lr,mean,6,fg_phenol,0.001,R5,0,0.5789
probe_lr,mean,6,fg_phenol,0.001,R5,1,0.5789
probe_lr,mean,6,fg_phenol,0.001,R6,0,0.7368
probe_lr,mean,6,fg_phenol,0.001,R6,1,0.7368
probe_lr,mean,6,fg_phenol,0.001,R8,0,0.3158
probe_lr,mean,6,fg_phenol,0.001,R8,1,0.3158
probe_lr,mean,6,fg_phenol,0.001,R9,0,0.7895
probe_lr,mean,6,fg_phenol,0.001,R9,1,0.7895
probe_lr,mean,6,fg_aromatic_ring,0.001,qm9s_val,0,0.9582
probe_lr,mean,6,fg_aromatic_ring,0.001,R0,0,0.9661
probe_lr,mean,6,fg_aromatic_ring,0.001,R2,0,0.9375
probe_lr,mean,6,fg_aromatic_ring,0.001,R2,1,0.9375
probe_lr,mean,6,fg_aromatic_ring,0.001,R3,0,0.8594
probe_lr,mean,6,fg_aromatic_ring,0.001,R3,1,0.8594
probe_lr,mean,6,fg_aromatic_ring,0.001,R4,0,0.5938
probe_lr,mean,6,fg_aromatic_ring,0.001,R4,1,0.5938
probe_lr,mean,6,fg_aromatic_ring,0.001,R5,0,0.6719
probe_lr,mean,6,fg_aromatic_ring,0.001,R5,1,0.6719
probe_lr,mean,6,fg_aromatic_ring,0.001,R6,0,0.5469
probe_lr,mean,6,fg_aromatic_ring,0.001,R6,1,0.5469
probe_lr,mean,6,fg_aromatic_ring,0.001,R8,0,0.5625
probe_lr,mean,6,fg_aromatic_ring,0.001,R8,1,0.5625
probe_lr,mean,6,fg_aromatic_ring,0.001,R9,0,0.5312
probe_lr,mean,6,fg_aromatic_ring,0.001,R9,1,0.5312
probe_lr,mean,6,fg_benzene_ring,0.001,qm9s_val,0,0.9595
probe_lr,mean,6,fg_benzene_ring,0.001,R0,0,0.9783
probe_lr,mean,6,fg_benzene_ring,0.001,R2,0,0.8824
probe_lr,mean,6,fg_benzene_ring,0.001,R2,1,0.8824
probe_lr,mean,6,fg_benzene_ring,0.001,R3,0,0.5686
probe_lr,mean,6,fg_benzene_ring,0.001,R3,1,0.5686
probe_lr,mean,6,fg_benzene_ring,0.001,R4,0,0.6863
probe_lr,mean,6,fg_benzene_ring,0.001,R4,1,0.6863
probe_lr,mean,6,fg_benzene_ring,0.001,R5,0,0.4902
probe_lr,mean,6,fg_benzene_ring,0.001,R5,1,0.4902
probe_lr,mean,6,fg_benzene_ring,0.001,R6,0,0.3922
probe_lr,mean,6,fg_benzene_ring,0.001,R6,1,0.3922
probe_lr,mean,6,fg_benzene_ring,0.001,R8,0,0.6275
probe_lr,mean,6,fg_benzene_ring,0.001,R8,1,0.6275
probe_lr,mean,6,fg_benzene_ring,0.001,R9,0,0.5098
probe_lr,mean,6,fg_benzene_ring,0.001,R9,1,0.5098
probe_lr,mean,6,fg_pyrrole_ring,0.001,qm9s_val,0,0.9122
probe_lr,mean,6,fg_pyrrole_ring,0.001,R0,0,0.9151
probe_lr,mean,6,fg_pyrrole_ring,0.001,R2,0,1.0
probe_lr,mean,6,fg_pyrrole_ring,0.001,R2,1,1.0
probe_lr,mean,6,fg_pyrrole_ring,0.001,R3,0,1.0
probe_lr,mean,6,fg_pyrrole_ring,0.001,R3,1,1.0
probe_lr,mean,6,fg_pyrrole_ring,0.001,R4,0,1.0
probe_lr,mean,6,fg_pyrrole_ring,0.001,R4,1,1.0
probe_lr,mean,6,fg_pyrrole_ring,0.001,R5,0,1.0
probe_lr,mean,6,fg_pyrrole_ring,0.001,R5,1,1.0
probe_lr,mean,6,fg_pyrrole_ring,0.001,R6,0,0.7895
probe_lr,mean,6,fg_pyrrole_ring,0.001,R6,1,0.7895
probe_lr,mean,6,fg_pyrrole_ring,0.001,R8,0,1.0
probe_lr,mean,6,fg_pyrrole_ring,0.001,R8,1,1.0
probe_lr,mean,6,fg_pyrrole_ring,0.001,R9,0,1.0
probe_lr,mean,6,fg_pyrrole_ring,0.001,R9,1,1.0
probe_lr,mean,6,fg_imidazole_ring,0.001,qm9s_val,0,0.9507
probe_lr,mean,6,fg_imidazole_ring,0.001,R0,0,0.9247
probe_lr,mean,6,fg_imidazole_ring,0.001,R2,0,0.7895
probe_lr,mean,6,fg_imidazole_ring,0.001,R2,1,0.7895
probe_lr,mean,6,fg_imidazole_ring,0.001,R3,0,1.0
probe_lr,mean,6,fg_imidazole_ring,0.001,R3,1,1.0
probe_lr,mean,6,fg_imidazole_ring,0.001,R4,0,0.7368
probe_lr,mean,6,fg_imidazole_ring,0.001,R4,1,0.7368
probe_lr,mean,6,fg_imidazole_ring,0.001,R5,0,0.5263
probe_lr,mean,6,fg_imidazole_ring,0.001,R5,1,0.5263
probe_lr,mean,6,fg_imidazole_ring,0.001,R6,0,0.1053
probe_lr,mean,6,fg_imidazole_ring,0.001,R6,1,0.1053
probe_lr,mean,6,fg_imidazole_ring,0.001,R8,0,0.7368
probe_lr,mean,6,fg_imidazole_ring,0.001,R8,1,0.7368
probe_lr,mean,6,fg_imidazole_ring,0.001,R9,0,0.3158
probe_lr,mean,6,fg_imidazole_ring,0.001,R9,1,0.2632
probe_mm,mean,6,fg_primary_amine,,qm9s_val,0,0.7109
probe_mm,mean,6,fg_primary_amine,,R0,0,0.6697
probe_mm,mean,6,fg_primary_amine,,R2,0,0.7368
probe_mm,mean,6,fg_primary_amine,,R2,1,0.7368
probe_mm,mean,6,fg_primary_amine,,R3,0,0.3684
probe_mm,mean,6,fg_primary_amine,,R3,1,0.3684
probe_mm,mean,6,fg_primary_amine,,R4,0,0.3684
probe_mm,mean,6,fg_primary_amine,,R4,1,0.3684
probe_mm,mean,6,fg_primary_amine,,R5,0,0.1053
probe_mm,mean,6,fg_primary_amine,,R5,1,0.1053
probe_mm,mean,6,fg_primary_amine,,R6,0,0.3684
probe_mm,mean,6,fg_primary_amine,,R6,1,0.3684
probe_mm,mean,6,fg_primary_amine,,R8,0,0.4211
probe_mm,mean,6,fg_primary_amine,,R8,1,0.4211
probe_mm,mean,6,fg_primary_amine,,R9,0,0.7895
probe_mm,mean,6,fg_primary_amine,,R9,1,0.7895
probe_mm,mean,6,fg_secondary_amine,,qm9s_val,0,0.6395
probe_mm,mean,6,fg_secondary_amine,,R0,0,0.6512
probe_mm,mean,6,fg_secondary_amine,,R2,0,0.6842
probe_mm,mean,6,fg_secondary_amine,,R2,1,0.6842
probe_mm,mean,6,fg_secondary_amine,,R3,0,0.3684
probe_mm,mean,6,fg_secondary_amine,,R3,1,0.3684
probe_mm,mean,6,fg_secondary_amine,,R4,0,1.0
probe_mm,mean,6,fg_secondary_amine,,R4,1,1.0
probe_mm,mean,6,fg_secondary_amine,,R5,0,0.9474
probe_mm,mean,6,fg_secondary_amine,,R5,1,0.9474
probe_mm,mean,6,fg_secondary_amine,,R6,0,0.7368
probe_mm,mean,6,fg_secondary_amine,,R6,1,0.7368
probe_mm,mean,6,fg_secondary_amine,,R8,0,0.8421
probe_mm,mean,6,fg_secondary_amine,,R8,1,0.8421
probe_mm,mean,6,fg_secondary_amine,,R9,0,0.2105
probe_mm,mean,6,fg_secondary_amine,,R9,1,0.2105
probe_mm,mean,6,fg_amide,,qm9s_val,0,0.7205
probe_mm,mean,6,fg_amide,,R0,0,0.6868
probe_mm,mean,6,fg_amide,,R2,0,0.6944
probe_mm,mean,6,fg_amide,,R2,1,0.6944
probe_mm,mean,6,fg_amide,,R3,0,0.5556
probe_mm,mean,6,fg_amide,,R3,1,0.5556
probe_mm,mean,6,fg_amide,,R4,0,0.7222
probe_mm,mean,6,fg_amide,,R4,1,0.7222
probe_mm,mean,6,fg_amide,,R5,0,0.9167
probe_mm,mean,6,fg_amide,,R5,1,0.9167
probe_mm,mean,6,fg_amide,,R6,0,0.9167
probe_mm,mean,6,fg_amide,,R6,1,0.9167
probe_mm,mean,6,fg_amide,,R8,0,0.4167
probe_mm,mean,6,fg_amide,,R8,1,0.4167
probe_mm,mean,6,fg_amide,,R9,0,0.6111
probe_mm,mean,6,fg_amide,,R9,1,0.6111
probe_mm,mean,6,fg_guanidine,,qm9s_val,0,0.8128
probe_mm,mean,6,fg_guanidine,,R0,0,0.8374
probe_mm,mean,6,fg_guanidine,,R2,0,0.6316
probe_mm,mean,6,fg_guanidine,,R2,1,0.6316
probe_mm,mean,6,fg_guanidine,,R3,0,0.1053
probe_mm,mean,6,fg_guanidine,,R3,1,0.1053
probe_mm,mean,6,fg_guanidine,,R4,0,0.0
probe_mm,mean,6,fg_guanidine,,R4,1,0.0
probe_mm,mean,6,fg_guanidine,,R5,0,0.0
probe_mm,mean,6,fg_guanidine,,R5,1,0.0
probe_mm,mean,6,fg_guanidine,,R6,0,0.1053
probe_mm,mean,6,fg_guanidine,,R6,1,0.1053
probe_mm,mean,6,fg_guanidine,,R8,0,0.5263
probe_mm,mean,6,fg_guanidine,,R8,1,0.5263
probe_mm,mean,6,fg_guanidine,,R9,0,0.5263
probe_mm,mean,6,fg_guanidine,,R9,1,0.5263
probe_mm,mean,6,fg_hydroxyl_aliphatic,,qm9s_val,0,0.6208
probe_mm,mean,6,fg_hydroxyl_aliphatic,,R0,0,0.6456
probe_mm,mean,6,fg_hydroxyl_aliphatic,,R2,0,0.7222
probe_mm,mean,6,fg_hydroxyl_aliphatic,,R2,1,0.7222
probe_mm,mean,6,fg_hydroxyl_aliphatic,,R3,0,0.5833
probe_mm,mean,6,fg_hydroxyl_aliphatic,,R3,1,0.5833
probe_mm,mean,6,fg_hydroxyl_aliphatic,,R4,0,0.5556
probe_mm,mean,6,fg_hydroxyl_aliphatic,,R4,1,0.5556
probe_mm,mean,6,fg_hydroxyl_aliphatic,,R5,0,0.4722
probe_mm,mean,6,fg_hydroxyl_aliphatic,,R5,1,0.4722
probe_mm,mean,6,fg_hydroxyl_aliphatic,,R6,0,0.5556
probe_mm,mean,6,fg_hydroxyl_aliphatic,,R6,1,0.5556
probe_mm,mean,6,fg_hydroxyl_aliphatic,,R8,0,0.8056
probe_mm,mean,6,fg_hydroxyl_aliphatic,,R8,1,0.8056
probe_mm,mean,6,fg_hydroxyl_aliphatic,,R9,0,0.5833
probe_mm,mean,6,fg_hydroxyl_aliphatic,,R9,1,0.5833
probe_mm,mean,6,fg_phenol,,qm9s_val,0,0.8582
probe_mm,mean,6,fg_phenol,,R0,0,0.808
probe_mm,mean,6,fg_phenol,,R2,0,0.8947
probe_mm,mean,6,fg_phenol,,R2,1,0.8947
probe_mm,mean,6,fg_phenol,,R3,0,0.7895
probe_mm,mean,6,fg_phenol,,R3,1,0.7895
probe_mm,mean,6,fg_phenol,,R4,0,0.8947
probe_mm,mean,6,fg_phenol,,R4,1,0.8947
probe_mm,mean,6,fg_phenol,,R5,0,0.4737
probe_mm,mean,6,fg_phenol,,R5,1,0.4737
probe_mm,mean,6,fg_phenol,,R6,0,0.7895
probe_mm,mean,6,fg_phenol,,R6,1,0.7895
probe_mm,mean,6,fg_phenol,,R8,0,0.3684
probe_mm,mean,6,fg_phenol,,R8,1,0.3684
probe_mm,mean,6,fg_phenol,,R9,0,0.0
probe_mm,mean,6,fg_phenol,,R9,1,0.0
probe_mm,mean,6,fg_aromatic_ring,,qm9s_val,0,0.8935
probe_mm,mean,6,fg_aromatic_ring,,R0,0,0.8849
probe_mm,mean,6,fg_aromatic_ring,,R2,0,0.7969
probe_mm,mean,6,fg_aromatic_ring,,R2,1,0.7969
probe_mm,mean,6,fg_aromatic_ring,,R3,0,0.875
probe_mm,mean,6,fg_aromatic_ring,,R3,1,0.875
probe_mm,mean,6,fg_aromatic_ring,,R4,0,0.75
probe_mm,mean,6,fg_aromatic_ring,,R4,1,0.75
probe_mm,mean,6,fg_aromatic_ring,,R5,0,0.4375
probe_mm,mean,6,fg_aromatic_ring,,R5,1,0.4375
probe_mm,mean,6,fg_aromatic_ring,,R6,0,0.5781
probe_mm,mean,6,fg_aromatic_ring,,R6,1,0.5781
probe_mm,mean,6,fg_aromatic_ring,,R8,0,0.2969
probe_mm,mean,6,fg_aromatic_ring,,R8,1,0.2969
probe_mm,mean,6,fg_aromatic_ring,,R9,0,0.6406
probe_mm,mean,6,fg_aromatic_ring,,R9,1,0.6406
probe_mm,mean,6,fg_benzene_ring,,qm9s_val,0,0.8559
probe_mm,mean,6,fg_benzene_ring,,R0,0,0.8398
probe_mm,mean,6,fg_benzene_ring,,R2,0,0.9412
probe_mm,mean,6,fg_benzene_ring,,R2,1,0.9412
probe_mm,mean,6,fg_benzene_ring,,R3,0,0.7647
probe_mm,mean,6,fg_benzene_ring,,R3,1,0.7647
probe_mm,mean,6,fg_benzene_ring,,R4,0,0.8627
probe_mm,mean,6,fg_benzene_ring,,R4,1,0.8627
probe_mm,mean,6,fg_benzene_ring,,R5,0,0.6078
probe_mm,mean,6,fg_benzene_ring,,R5,1,0.6078
probe_mm,mean,6,fg_benzene_ring,,R6,0,0.8235
probe_mm,mean,6,fg_benzene_ring,,R6,1,0.8235
probe_mm,mean,6,fg_benzene_ring,,R8,0,0.2353
probe_mm,mean,6,fg_benzene_ring,,R8,1,0.2353
probe_mm,mean,6,fg_benzene_ring,,R9,0,0.4706
probe_mm,mean,6,fg_benzene_ring,,R9,1,0.451
probe_mm,mean,6,fg_pyrrole_ring,,qm9s_val,0,0.8025
probe_mm,mean,6,fg_pyrrole_ring,,R0,0,0.8156
probe_mm,mean,6,fg_pyrrole_ring,,R2,0,0.9474
probe_mm,mean,6,fg_pyrrole_ring,,R2,1,0.9474
probe_mm,mean,6,fg_pyrrole_ring,,R3,0,0.9474
probe_mm,mean,6,fg_pyrrole_ring,,R3,1,0.9474
probe_mm,mean,6,fg_pyrrole_ring,,R4,0,0.9474
probe_mm,mean,6,fg_pyrrole_ring,,R4,1,0.9474
probe_mm,mean,6,fg_pyrrole_ring,,R5,0,0.4737
probe_mm,mean,6,fg_pyrrole_ring,,R5,1,0.4737
probe_mm,mean,6,fg_pyrrole_ring,,R6,0,0.6316
probe_mm,mean,6,fg_pyrrole_ring,,R6,1,0.6316
probe_mm,mean,6,fg_pyrrole_ring,,R8,0,0.2105
probe_mm,mean,6,fg_pyrrole_ring,,R8,1,0.2105
probe_mm,mean,6,fg_pyrrole_ring,,R9,0,0.8421
probe_mm,mean,6,fg_pyrrole_ring,,R9,1,0.7895
probe_mm,mean,6,fg_imidazole_ring,,qm9s_val,0,0.863
probe_mm,mean,6,fg_imidazole_ring,,R0,0,0.8396
probe_mm,mean,6,fg_imidazole_ring,,R2,0,0.3684
probe_mm,mean,6,fg_imidazole_ring,,R2,1,0.3684
probe_mm,mean,6,fg_imidazole_ring,,R3,0,0.8947
probe_mm,mean,6,fg_imidazole_ring,,R3,1,0.8947
probe_mm,mean,6,fg_imidazole_ring,,R4,0,0.3684
probe_mm,mean,6,fg_imidazole_ring,,R4,1,0.3684
probe_mm,mean,6,fg_imidazole_ring,,R5,0,0.1053
probe_mm,mean,6,fg_imidazole_ring,,R5,1,0.1053
probe_mm,mean,6,fg_imidazole_ring,,R6,0,0.1053
probe_mm,mean,6,fg_imidazole_ring,,R6,1,0.1053
probe_mm,mean,6,fg_imidazole_ring,,R8,0,0.6842
probe_mm,mean,6,fg_imidazole_ring,,R8,1,0.6842
probe_mm,mean,6,fg_imidazole_ring,,R9,0,0.6842
probe_mm,mean,6,fg_imidazole_ring,,R9,1,0.6842
probe_lr,mean,9,fg_primary_amine,0.001,qm9s_val,0,0.9119
probe_lr,mean,9,fg_primary_amine,0.001,R0,0,0.9141
probe_lr,mean,9,fg_primary_amine,0.001,R2,0,0.8421
probe_lr,mean,9,fg_primary_amine,0.001,R2,1,0.8421
probe_lr,mean,9,fg_primary_amine,0.001,R3,0,0.2105
probe_lr,mean,9,fg_primary_amine,0.001,R3,1,0.2105
probe_lr,mean,9,fg_primary_amine,0.001,R4,0,0.5263
probe_lr,mean,9,fg_primary_amine,0.001,R4,1,0.5263
probe_lr,mean,9,fg_primary_amine,0.001,R5,0,0.4737
probe_lr,mean,9,fg_primary_amine,0.001,R5,1,0.4737
probe_lr,mean,9,fg_primary_amine,0.001,R6,0,0.6842
probe_lr,mean,9,fg_primary_amine,0.001,R6,1,0.6842
probe_lr,mean,9,fg_primary_amine,0.001,R8,0,0.6842
probe_lr,mean,9,fg_primary_amine,0.001,R8,1,0.6842
probe_lr,mean,9,fg_primary_amine,0.001,R9,0,0.8421
probe_lr,mean,9,fg_primary_amine,0.001,R9,1,0.8421
probe_lr,mean,9,fg_secondary_amine,0.001,qm9s_val,0,0.7069
probe_lr,mean,9,fg_secondary_amine,0.001,R0,0,0.6963
probe_lr,mean,9,fg_secondary_amine,0.001,R2,0,0.7895
probe_lr,mean,9,fg_secondary_amine,0.001,R2,1,0.7895
probe_lr,mean,9,fg_secondary_amine,0.001,R3,0,0.7895
probe_lr,mean,9,fg_secondary_amine,0.001,R3,1,0.7895
probe_lr,mean,9,fg_secondary_amine,0.001,R4,0,0.8947
probe_lr,mean,9,fg_secondary_amine,0.001,R4,1,0.8947
probe_lr,mean,9,fg_secondary_amine,0.001,R5,0,0.8947
probe_lr,mean,9,fg_secondary_amine,0.001,R5,1,0.8947
probe_lr,mean,9,fg_secondary_amine,0.001,R6,0,0.4737
probe_lr,mean,9,fg_secondary_amine,0.001,R6,1,0.4737
probe_lr,mean,9,fg_secondary_amine,0.001,R8,0,0.9474
probe_lr,mean,9,fg_secondary_amine,0.001,R8,1,0.9474
probe_lr,mean,9,fg_secondary_amine,0.001,R9,0,0.5789
probe_lr,mean,9,fg_secondary_amine,0.001,R9,1,0.5263
probe_lr,mean,9,fg_amide,0.001,qm9s_val,0,0.8246
probe_lr,mean,9,fg_amide,0.001,R0,0,0.8346
probe_lr,mean,9,fg_amide,0.001,R2,0,1.0
probe_lr,mean,9,fg_amide,0.001,R2,1,1.0
probe_lr,mean,9,fg_amide,0.001,R3,0,0.3611
probe_lr,mean,9,fg_amide,0.001,R3,1,0.3611
probe_lr,mean,9,fg_amide,0.001,R4,0,0.8611
probe_lr,mean,9,fg_amide,0.001,R4,1,0.8611
probe_lr,mean,9,fg_amide,0.001,R5,0,0.8333
probe_lr,mean,9,fg_amide,0.001,R5,1,0.8333
probe_lr,mean,9,fg_amide,0.001,R6,0,0.8611
probe_lr,mean,9,fg_amide,0.001,R6,1,0.8611
probe_lr,mean,9,fg_amide,0.001,R8,0,0.5833
probe_lr,mean,9,fg_amide,0.001,R8,1,0.5833
probe_lr,mean,9,fg_amide,0.001,R9,0,0.6389
probe_lr,mean,9,fg_amide,0.001,R9,1,0.6389
probe_lr,mean,9,fg_guanidine,0.001,qm9s_val,0,0.949
probe_lr,mean,9,fg_guanidine,0.001,R0,0,0.948
probe_lr,mean,9,fg_guanidine,0.001,R2,0,1.0
probe_lr,mean,9,fg_guanidine,0.001,R2,1,1.0
probe_lr,mean,9,fg_guanidine,0.001,R3,0,0.7895
probe_lr,mean,9,fg_guanidine,0.001,R3,1,0.7895
probe_lr,mean,9,fg_guanidine,0.001,R4,0,0.6842
probe_lr,mean,9,fg_guanidine,0.001,R4,1,0.6842
probe_lr,mean,9,fg_guanidine,0.001,R5,0,0.5789
probe_lr,mean,9,fg_guanidine,0.001,R5,1,0.5789
probe_lr,mean,9,fg_guanidine,0.001,R6,0,0.6842
probe_lr,mean,9,fg_guanidine,0.001,R6,1,0.6842
probe_lr,mean,9,fg_guanidine,0.001,R8,0,0.5789
probe_lr,mean,9,fg_guanidine,0.001,R8,1,0.5789
probe_lr,mean,9,fg_guanidine,0.001,R9,0,0.6842
probe_lr,mean,9,fg_guanidine,0.001,R9,1,0.6842
probe_lr,mean,9,fg_hydroxyl_aliphatic,0.001,qm9s_val,0,0.7415
probe_lr,mean,9,fg_hydroxyl_aliphatic,0.001,R0,0,0.7248
probe_lr,mean,9,fg_hydroxyl_aliphatic,0.001,R2,0,1.0
probe_lr,mean,9,fg_hydroxyl_aliphatic,0.001,R2,1,1.0
probe_lr,mean,9,fg_hydroxyl_aliphatic,0.001,R3,0,0.4167
probe_lr,mean,9,fg_hydroxyl_aliphatic,0.001,R3,1,0.4167
probe_lr,mean,9,fg_hydroxyl_aliphatic,0.001,R4,0,0.8056
probe_lr,mean,9,fg_hydroxyl_aliphatic,0.001,R4,1,0.8056
probe_lr,mean,9,fg_hydroxyl_aliphatic,0.001,R5,0,0.5833
probe_lr,mean,9,fg_hydroxyl_aliphatic,0.001,R5,1,0.5833
probe_lr,mean,9,fg_hydroxyl_aliphatic,0.001,R6,0,0.7222
probe_lr,mean,9,fg_hydroxyl_aliphatic,0.001,R6,1,0.7222
probe_lr,mean,9,fg_hydroxyl_aliphatic,0.001,R8,0,0.5278
probe_lr,mean,9,fg_hydroxyl_aliphatic,0.001,R8,1,0.5278
probe_lr,mean,9,fg_hydroxyl_aliphatic,0.001,R9,0,0.5278
probe_lr,mean,9,fg_hydroxyl_aliphatic,0.001,R9,1,0.5278
probe_lr,mean,9,fg_phenol,0.001,qm9s_val,0,0.9163
probe_lr,mean,9,fg_phenol,0.001,R0,0,0.9126
probe_lr,mean,9,fg_phenol,0.001,R2,0,0.8947
probe_lr,mean,9,fg_phenol,0.001,R2,1,0.8947
probe_lr,mean,9,fg_phenol,0.001,R3,0,0.8421
probe_lr,mean,9,fg_phenol,0.001,R3,1,0.8421
probe_lr,mean,9,fg_phenol,0.001,R4,0,0.4211
probe_lr,mean,9,fg_phenol,0.001,R4,1,0.4211
probe_lr,mean,9,fg_phenol,0.001,R5,0,0.4737
probe_lr,mean,9,fg_phenol,0.001,R5,1,0.4737
probe_lr,mean,9,fg_phenol,0.001,R6,0,0.4737
probe_lr,mean,9,fg_phenol,0.001,R6,1,0.4737
probe_lr,mean,9,fg_phenol,0.001,R8,0,0.2632
probe_lr,mean,9,fg_phenol,0.001,R8,1,0.2632
probe_lr,mean,9,fg_phenol,0.001,R9,0,0.7895
probe_lr,mean,9,fg_phenol,0.001,R9,1,0.7895
probe_lr,mean,9,fg_aromatic_ring,0.001,qm9s_val,0,0.9644
probe_lr,mean,9,fg_aromatic_ring,0.001,R0,0,0.9761
probe_lr,mean,9,fg_aromatic_ring,0.001,R2,0,1.0
probe_lr,mean,9,fg_aromatic_ring,0.001,R2,1,1.0
probe_lr,mean,9,fg_aromatic_ring,0.001,R3,0,0.9219
probe_lr,mean,9,fg_aromatic_ring,0.001,R3,1,0.9219
probe_lr,mean,9,fg_aromatic_ring,0.001,R4,0,0.6562
probe_lr,mean,9,fg_aromatic_ring,0.001,R4,1,0.6562
probe_lr,mean,9,fg_aromatic_ring,0.001,R5,0,0.5781
probe_lr,mean,9,fg_aromatic_ring,0.001,R5,1,0.5781
probe_lr,mean,9,fg_aromatic_ring,0.001,R6,0,0.6875
probe_lr,mean,9,fg_aromatic_ring,0.001,R6,1,0.6875
probe_lr,mean,9,fg_aromatic_ring,0.001,R8,0,0.4531
probe_lr,mean,9,fg_aromatic_ring,0.001,R8,1,0.4531
probe_lr,mean,9,fg_aromatic_ring,0.001,R9,0,0.8125
probe_lr,mean,9,fg_aromatic_ring,0.001,R9,1,0.8125
probe_lr,mean,9,fg_benzene_ring,0.001,qm9s_val,0,0.9883
probe_lr,mean,9,fg_benzene_ring,0.001,R0,0,0.9893
probe_lr,mean,9,fg_benzene_ring,0.001,R2,0,0.9608
probe_lr,mean,9,fg_benzene_ring,0.001,R2,1,0.9608
probe_lr,mean,9,fg_benzene_ring,0.001,R3,0,0.7255
probe_lr,mean,9,fg_benzene_ring,0.001,R3,1,0.7255
probe_lr,mean,9,fg_benzene_ring,0.001,R4,0,0.6863
probe_lr,mean,9,fg_benzene_ring,0.001,R4,1,0.6863
probe_lr,mean,9,fg_benzene_ring,0.001,R5,0,0.4314
probe_lr,mean,9,fg_benzene_ring,0.001,R5,1,0.4314
probe_lr,mean,9,fg_benzene_ring,0.001,R6,0,0.4314
probe_lr,mean,9,fg_benzene_ring,0.001,R6,1,0.4314
probe_lr,mean,9,fg_benzene_ring,0.001,R8,0,0.5294
probe_lr,mean,9,fg_benzene_ring,0.001,R8,1,0.5294
probe_lr,mean,9,fg_benzene_ring,0.001,R9,0,0.5686
probe_lr,mean,9,fg_benzene_ring,0.001,R9,1,0.5882
probe_lr,mean,9,fg_pyrrole_ring,0.001,qm9s_val,0,0.932
probe_lr,mean,9,fg_pyrrole_ring,0.001,R0,0,0.9315
probe_lr,mean,9,fg_pyrrole_ring,0.001,R2,0,1.0
probe_lr,mean,9,fg_pyrrole_ring,0.001,R2,1,1.0
probe_lr,mean,9,fg_pyrrole_ring,0.001,R3,0,0.9474
probe_lr,mean,9,fg_pyrrole_ring,0.001,R3,1,0.9474
probe_lr,mean,9,fg_pyrrole_ring,0.001,R4,0,0.8947
probe_lr,mean,9,fg_pyrrole_ring,0.001,R4,1,0.8947
probe_lr,mean,9,fg_pyrrole_ring,0.001,R5,0,0.9474
probe_lr,mean,9,fg_pyrrole_ring,0.001,R5,1,0.9474
probe_lr,mean,9,fg_pyrrole_ring,0.001,R6,0,0.8947
probe_lr,mean,9,fg_pyrrole_ring,0.001,R6,1,0.8947
probe_lr,mean,9,fg_pyrrole_ring,0.001,R8,0,1.0
probe_lr,mean,9,fg_pyrrole_ring,0.001,R8,1,1.0
probe_lr,mean,9,fg_pyrrole_ring,0.001,R9,0,1.0
probe_lr,mean,9,fg_pyrrole_ring,0.001,R9,1,1.0
probe_lr,mean,9,fg_imidazole_ring,0.001,qm9s_val,0,0.9555
probe_lr,mean,9,fg_imidazole_ring,0.001,R0,0,0.925
probe_lr,mean,9,fg_imidazole_ring,0.001,R2,0,0.9474
probe_lr,mean,9,fg_imidazole_ring,0.001,R2,1,0.9474
probe_lr,mean,9,fg_imidazole_ring,0.001,R3,0,1.0
probe_lr,mean,9,fg_imidazole_ring,0.001,R3,1,1.0
probe_lr,mean,9,fg_imidazole_ring,0.001,R4,0,0.9474
probe_lr,mean,9,fg_imidazole_ring,0.001,R4,1,0.9474
probe_lr,mean,9,fg_imidazole_ring,0.001,R5,0,0.8947
probe_lr,mean,9,fg_imidazole_ring,0.001,R5,1,0.8947
probe_lr,mean,9,fg_imidazole_ring,0.001,R6,0,0.6316
probe_lr,mean,9,fg_imidazole_ring,0.001,R6,1,0.6316
probe_lr,mean,9,fg_imidazole_ring,0.001,R8,0,1.0
probe_lr,mean,9,fg_imidazole_ring,0.001,R8,1,1.0
probe_lr,mean,9,fg_imidazole_ring,0.001,R9,0,0.1579
probe_lr,mean,9,fg_imidazole_ring,0.001,R9,1,0.1579
probe_mm,mean,9,fg_primary_amine,,qm9s_val,0,0.697
probe_mm,mean,9,fg_primary_amine,,R0,0,0.7042
probe_mm,mean,9,fg_primary_amine,,R2,0,0.6842
probe_mm,mean,9,fg_primary_amine,,R2,1,0.6842
probe_mm,mean,9,fg_primary_amine,,R3,0,0.6842
probe_mm,mean,9,fg_primary_amine,,R3,1,0.6842
probe_mm,mean,9,fg_primary_amine,,R4,0,0.1053
probe_mm,mean,9,fg_primary_amine,,R4,1,0.1053
probe_mm,mean,9,fg_primary_amine,,R5,0,0.0526
probe_mm,mean,9,fg_primary_amine,,R5,1,0.0526
probe_mm,mean,9,fg_primary_amine,,R6,0,0.3684
probe_mm,mean,9,fg_primary_amine,,R6,1,0.3684
probe_mm,mean,9,fg_primary_amine,,R8,0,0.3684
probe_mm,mean,9,fg_primary_amine,,R8,1,0.3684
probe_mm,mean,9,fg_primary_amine,,R9,0,0.7895
probe_mm,mean,9,fg_primary_amine,,R9,1,0.7895
probe_mm,mean,9,fg_secondary_amine,,qm9s_val,0,0.6353
probe_mm,mean,9,fg_secondary_amine,,R0,0,0.6473
probe_mm,mean,9,fg_secondary_amine,,R2,0,0.6842
probe_mm,mean,9,fg_secondary_amine,,R2,1,0.6842
probe_mm,mean,9,fg_secondary_amine,,R3,0,0.4211
probe_mm,mean,9,fg_secondary_amine,,R3,1,0.4211
probe_mm,mean,9,fg_secondary_amine,,R4,0,1.0
probe_mm,mean,9,fg_secondary_amine,,R4,1,1.0
probe_mm,mean,9,fg_secondary_amine,,R5,0,0.9474
probe_mm,mean,9,fg_secondary_amine,,R5,1,0.9474
probe_mm,mean,9,fg_secondary_amine,,R6,0,0.6842
probe_mm,mean,9,fg_secondary_amine,,R6,1,0.6842
probe_mm,mean,9,fg_secondary_amine,,R8,0,0.7368
probe_mm,mean,9,fg_secondary_amine,,R8,1,0.7368
probe_mm,mean,9,fg_secondary_amine,,R9,0,0.2632
probe_mm,mean,9,fg_secondary_amine,,R9,1,0.2632
probe_mm,mean,9,fg_amide,,qm9s_val,0,0.7215
probe_mm,mean,9,fg_amide,,R0,0,0.6946
probe_mm,mean,9,fg_amide,,R2,0,0.7778
probe_mm,mean,9,fg_amide,,R2,1,0.7778
probe_mm,mean,9,fg_amide,,R3,0,0.5278
probe_mm,mean,9,fg_amide,,R3,1,0.5278
probe_mm,mean,9,fg_amide,,R4,0,0.6667
probe_mm,mean,9,fg_amide,,R4,1,0.6667
probe_mm,mean,9,fg_amide,,R5,0,0.9167
probe_mm,mean,9,fg_amide,,R5,1,0.9167
probe_mm,mean,9,fg_amide,,R6,0,0.9167
probe_mm,mean,9,fg_amide,,R6,1,0.9167
probe_mm,mean,9,fg_amide,,R8,0,0.4444
probe_mm,mean,9,fg_amide,,R8,1,0.4444
probe_mm,mean,9,fg_amide,,R9,0,0.6111
probe_mm,mean,9,fg_amide,,R9,1,0.6111
probe_mm,mean,9,fg_guanidine,,qm9s_val,0,0.8323
probe_mm,mean,9,fg_guanidine,,R0,0,0.8352
probe_mm,mean,9,fg_guanidine,,R2,0,0.7368
probe_mm,mean,9,fg_guanidine,,R2,1,0.7368
probe_mm,mean,9,fg_guanidine,,R3,0,0.1579
probe_mm,mean,9,fg_guanidine,,R3,1,0.1579
probe_mm,mean,9,fg_guanidine,,R4,0,0.0
probe_mm,mean,9,fg_guanidine,,R4,1,0.0
probe_mm,mean,9,fg_guanidine,,R5,0,0.0
probe_mm,mean,9,fg_guanidine,,R5,1,0.0
probe_mm,mean,9,fg_guanidine,,R6,0,0.0526
probe_mm,mean,9,fg_guanidine,,R6,1,0.0526
probe_mm,mean,9,fg_guanidine,,R8,0,0.5263
probe_mm,mean,9,fg_guanidine,,R8,1,0.5263
probe_mm,mean,9,fg_guanidine,,R9,0,0.5789
probe_mm,mean,9,fg_guanidine,,R9,1,0.5789
probe_mm,mean,9,fg_hydroxyl_aliphatic,,qm9s_val,0,0.6239
probe_mm,mean,9,fg_hydroxyl_aliphatic,,R0,0,0.649
probe_mm,mean,9,fg_hydroxyl_aliphatic,,R2,0,0.7222
probe_mm,mean,9,fg_hydroxyl_aliphatic,,R2,1,0.7222
probe_mm,mean,9,fg_hydroxyl_aliphatic,,R3,0,0.5556
probe_mm,mean,9,fg_hydroxyl_aliphatic,,R3,1,0.5556
probe_mm,mean,9,fg_hydroxyl_aliphatic,,R4,0,0.5556
probe_mm,mean,9,fg_hydroxyl_aliphatic,,R4,1,0.5556
probe_mm,mean,9,fg_hydroxyl_aliphatic,,R5,0,0.3889
probe_mm,mean,9,fg_hydroxyl_aliphatic,,R5,1,0.3889
probe_mm,mean,9,fg_hydroxyl_aliphatic,,R6,0,0.6111
probe_mm,mean,9,fg_hydroxyl_aliphatic,,R6,1,0.6111
probe_mm,mean,9,fg_hydroxyl_aliphatic,,R8,0,0.8333
probe_mm,mean,9,fg_hydroxyl_aliphatic,,R8,1,0.8333
probe_mm,mean,9,fg_hydroxyl_aliphatic,,R9,0,0.6111
probe_mm,mean,9,fg_hydroxyl_aliphatic,,R9,1,0.6111
probe_mm,mean,9,fg_phenol,,qm9s_val,0,0.849
probe_mm,mean,9,fg_phenol,,R0,0,0.7973
probe_mm,mean,9,fg_phenol,,R2,0,0.8421
probe_mm,mean,9,fg_phenol,,R2,1,0.8421
probe_mm,mean,9,fg_phenol,,R3,0,0.7895
probe_mm,mean,9,fg_phenol,,R3,1,0.7895
probe_mm,mean,9,fg_phenol,,R4,0,0.8421
probe_mm,mean,9,fg_phenol,,R4,1,0.8421
probe_mm,mean,9,fg_phenol,,R5,0,0.3684
probe_mm,mean,9,fg_phenol,,R5,1,0.3684
probe_mm,mean,9,fg_phenol,,R6,0,0.6842
probe_mm,mean,9,fg_phenol,,R6,1,0.6842
probe_mm,mean,9,fg_phenol,,R8,0,0.3158
probe_mm,mean,9,fg_phenol,,R8,1,0.3158
probe_mm,mean,9,fg_phenol,,R9,0,0.0
probe_mm,mean,9,fg_phenol,,R9,1,0.0
probe_mm,mean,9,fg_aromatic_ring,,qm9s_val,0,0.8847
probe_mm,mean,9,fg_aromatic_ring,,R0,0,0.8788
probe_mm,mean,9,fg_aromatic_ring,,R2,0,0.875
probe_mm,mean,9,fg_aromatic_ring,,R2,1,0.875
probe_mm,mean,9,fg_aromatic_ring,,R3,0,0.8594
probe_mm,mean,9,fg_aromatic_ring,,R3,1,0.8594
probe_mm,mean,9,fg_aromatic_ring,,R4,0,0.7812
probe_mm,mean,9,fg_aromatic_ring,,R4,1,0.7812
probe_mm,mean,9,fg_aromatic_ring,,R5,0,0.4062
probe_mm,mean,9,fg_aromatic_ring,,R5,1,0.4062
probe_mm,mean,9,fg_aromatic_ring,,R6,0,0.625
probe_mm,mean,9,fg_aromatic_ring,,R6,1,0.625
probe_mm,mean,9,fg_aromatic_ring,,R8,0,0.2812
probe_mm,mean,9,fg_aromatic_ring,,R8,1,0.2812
probe_mm,mean,9,fg_aromatic_ring,,R9,0,0.625
probe_mm,mean,9,fg_aromatic_ring,,R9,1,0.625
probe_mm,mean,9,fg_benzene_ring,,qm9s_val,0,0.8616
probe_mm,mean,9,fg_benzene_ring,,R0,0,0.8339
probe_mm,mean,9,fg_benzene_ring,,R2,0,0.9412
probe_mm,mean,9,fg_benzene_ring,,R2,1,0.9412
probe_mm,mean,9,fg_benzene_ring,,R3,0,0.7255
probe_mm,mean,9,fg_benzene_ring,,R3,1,0.7255
probe_mm,mean,9,fg_benzene_ring,,R4,0,0.8824
probe_mm,mean,9,fg_benzene_ring,,R4,1,0.8824
probe_mm,mean,9,fg_benzene_ring,,R5,0,0.6078
probe_mm,mean,9,fg_benzene_ring,,R5,1,0.6078
probe_mm,mean,9,fg_benzene_ring,,R6,0,0.8235
probe_mm,mean,9,fg_benzene_ring,,R6,1,0.8235
probe_mm,mean,9,fg_benzene_ring,,R8,0,0.1569
probe_mm,mean,9,fg_benzene_ring,,R8,1,0.1569
probe_mm,mean,9,fg_benzene_ring,,R9,0,0.451
probe_mm,mean,9,fg_benzene_ring,,R9,1,0.451
probe_mm,mean,9,fg_pyrrole_ring,,qm9s_val,0,0.7933
probe_mm,mean,9,fg_pyrrole_ring,,R0,0,0.8193
probe_mm,mean,9,fg_pyrrole_ring,,R2,0,0.9474
probe_mm,mean,9,fg_pyrrole_ring,,R2,1,0.9474
probe_mm,mean,9,fg_pyrrole_ring,,R3,0,0.9474
probe_mm,mean,9,fg_pyrrole_ring,,R3,1,0.9474
probe_mm,mean,9,fg_pyrrole_ring,,R4,0,0.9474
probe_mm,mean,9,fg_pyrrole_ring,,R4,1,0.9474
probe_mm,mean,9,fg_pyrrole_ring,,R5,0,0.5263
probe_mm,mean,9,fg_pyrrole_ring,,R5,1,0.5263
probe_mm,mean,9,fg_pyrrole_ring,,R6,0,0.6842
probe_mm,mean,9,fg_pyrrole_ring,,R6,1,0.6842
probe_mm,mean,9,fg_pyrrole_ring,,R8,0,0.2632
probe_mm,mean,9,fg_pyrrole_ring,,R8,1,0.2632
probe_mm,mean,9,fg_pyrrole_ring,,R9,0,0.7895
probe_mm,mean,9,fg_pyrrole_ring,,R9,1,0.7895
probe_mm,mean,9,fg_imidazole_ring,,qm9s_val,0,0.8495
probe_mm,mean,9,fg_imidazole_ring,,R0,0,0.8378
probe_mm,mean,9,fg_imidazole_ring,,R2,0,0.6316
probe_mm,mean,9,fg_imidazole_ring,,R2,1,0.6316
probe_mm,mean,9,fg_imidazole_ring,,R3,0,0.8947
probe_mm,mean,9,fg_imidazole_ring,,R3,1,0.8947
probe_mm,mean,9,fg_imidazole_ring,,R4,0,0.4211
probe_mm,mean,9,fg_imidazole_ring,,R4,1,0.4211
probe_mm,mean,9,fg_imidazole_ring,,R5,0,0.0526
probe_mm,mean,9,fg_imidazole_ring,,R5,1,0.0526
probe_mm,mean,9,fg_imidazole_ring,,R6,0,0.2105
probe_mm,mean,9,fg_imidazole_ring,,R6,1,0.2105
probe_mm,mean,9,fg_imidazole_ring,,R8,0,0.7368
probe_mm,mean,9,fg_imidazole_ring,,R8,1,0.7368
probe_mm,mean,9,fg_imidazole_ring,,R9,0,0.8421
probe_mm,mean,9,fg_imidazole_ring,,R9,1,0.8421
probe_lr,mean,12,fg_primary_amine,0.001,qm9s_val,0,0.8884
probe_lr,mean,12,fg_primary_amine,0.001,R0,0,0.8897
probe_lr,mean,12,fg_primary_amine,0.001,R2,0,0.8421
probe_lr,mean,12,fg_primary_amine,0.001,R2,1,0.8421
probe_lr,mean,12,fg_primary_amine,0.001,R3,0,0.5789
probe_lr,mean,12,fg_primary_amine,0.001,R3,1,0.5789
probe_lr,mean,12,fg_primary_amine,0.001,R4,0,0.2105
probe_lr,mean,12,fg_primary_amine,0.001,R4,1,0.2105
probe_lr,mean,12,fg_primary_amine,0.001,R5,0,0.2632
probe_lr,mean,12,fg_primary_amine,0.001,R5,1,0.2632
probe_lr,mean,12,fg_primary_amine,0.001,R6,0,0.4211
probe_lr,mean,12,fg_primary_amine,0.001,R6,1,0.4211
probe_lr,mean,12,fg_primary_amine,0.001,R8,0,0.7368
probe_lr,mean,12,fg_primary_amine,0.001,R8,1,0.7368
probe_lr,mean,12,fg_primary_amine,0.001,R9,0,0.8947
probe_lr,mean,12,fg_primary_amine,0.001,R9,1,0.8947
probe_lr,mean,12,fg_secondary_amine,0.001,qm9s_val,0,0.7125
probe_lr,mean,12,fg_secondary_amine,0.001,R0,0,0.7147
probe_lr,mean,12,fg_secondary_amine,0.001,R2,0,0.7368
probe_lr,mean,12,fg_secondary_amine,0.001,R2,1,0.7368
probe_lr,mean,12,fg_secondary_amine,0.001,R3,0,0.8421
probe_lr,mean,12,fg_secondary_amine,0.001,R3,1,0.8421
probe_lr,mean,12,fg_secondary_amine,0.001,R4,0,0.7368
probe_lr,mean,12,fg_secondary_amine,0.001,R4,1,0.7368
probe_lr,mean,12,fg_secondary_amine,0.001,R5,0,0.7368
probe_lr,mean,12,fg_secondary_amine,0.001,R5,1,0.7368
probe_lr,mean,12,fg_secondary_amine,0.001,R6,0,0.4211
probe_lr,mean,12,fg_secondary_amine,0.001,R6,1,0.4211
probe_lr,mean,12,fg_secondary_amine,0.001,R8,0,0.8947
probe_lr,mean,12,fg_secondary_amine,0.001,R8,1,0.8947
probe_lr,mean,12,fg_secondary_amine,0.001,R9,0,0.5789
probe_lr,mean,12,fg_secondary_amine,0.001,R9,1,0.5789
probe_lr,mean,12,fg_amide,0.001,qm9s_val,0,0.8056
probe_lr,mean,12,fg_amide,0.001,R0,0,0.8311
probe_lr,mean,12,fg_amide,0.001,R2,0,0.8611
probe_lr,mean,12,fg_amide,0.001,R2,1,0.8611
probe_lr,mean,12,fg_amide,0.001,R3,0,0.3333
probe_lr,mean,12,fg_amide,0.001,R3,1,0.3333
probe_lr,mean,12,fg_amide,0.001,R4,0,0.8889
probe_lr,mean,12,fg_amide,0.001,R4,1,0.8889
probe_lr,mean,12,fg_amide,0.001,R5,0,0.9167
probe_lr,mean,12,fg_amide,0.001,R5,1,0.9167
probe_lr,mean,12,fg_amide,0.001,R6,0,0.8889
probe_lr,mean,12,fg_amide,0.001,R6,1,0.8889
probe_lr,mean,12,fg_amide,0.001,R8,0,0.8056
probe_lr,mean,12,fg_amide,0.001,R8,1,0.8056
probe_lr,mean,12,fg_amide,0.001,R9,0,0.7222
probe_lr,mean,12,fg_amide,0.001,R9,1,0.7222
probe_lr,mean,12,fg_guanidine,0.001,qm9s_val,0,0.9379
probe_lr,mean,12,fg_guanidine,0.001,R0,0,0.9497
probe_lr,mean,12,fg_guanidine,0.001,R2,0,1.0
probe_lr,mean,12,fg_guanidine,0.001,R2,1,1.0
probe_lr,mean,12,fg_guanidine,0.001,R3,0,0.6842
probe_lr,mean,12,fg_guanidine,0.001,R3,1,0.6842
probe_lr,mean,12,fg_guanidine,0.001,R4,0,0.7368
probe_lr,mean,12,fg_guanidine,0.001,R4,1,0.7368
probe_lr,mean,12,fg_guanidine,0.001,R5,0,0.8421
probe_lr,mean,12,fg_guanidine,0.001,R5,1,0.8421
probe_lr,mean,12,fg_guanidine,0.001,R6,0,0.9474
probe_lr,mean,12,fg_guanidine,0.001,R6,1,0.9474
probe_lr,mean,12,fg_guanidine,0.001,R8,0,0.3684
probe_lr,mean,12,fg_guanidine,0.001,R8,1,0.3684
probe_lr,mean,12,fg_guanidine,0.001,R9,0,0.5789
probe_lr,mean,12,fg_guanidine,0.001,R9,1,0.5789
probe_lr,mean,12,fg_hydroxyl_aliphatic,0.001,qm9s_val,0,0.7302
probe_lr,mean,12,fg_hydroxyl_aliphatic,0.001,R0,0,0.7205
probe_lr,mean,12,fg_hydroxyl_aliphatic,0.001,R2,0,1.0
probe_lr,mean,12,fg_hydroxyl_aliphatic,0.001,R2,1,1.0
probe_lr,mean,12,fg_hydroxyl_aliphatic,0.001,R3,0,0.6667
probe_lr,mean,12,fg_hydroxyl_aliphatic,0.001,R3,1,0.6667
probe_lr,mean,12,fg_hydroxyl_aliphatic,0.001,R4,0,0.6111
probe_lr,mean,12,fg_hydroxyl_aliphatic,0.001,R4,1,0.6111
probe_lr,mean,12,fg_hydroxyl_aliphatic,0.001,R5,0,0.5
probe_lr,mean,12,fg_hydroxyl_aliphatic,0.001,R5,1,0.5
probe_lr,mean,12,fg_hydroxyl_aliphatic,0.001,R6,0,0.5833
probe_lr,mean,12,fg_hydroxyl_aliphatic,0.001,R6,1,0.5833
probe_lr,mean,12,fg_hydroxyl_aliphatic,0.001,R8,0,0.5
probe_lr,mean,12,fg_hydroxyl_aliphatic,0.001,R8,1,0.5
probe_lr,mean,12,fg_hydroxyl_aliphatic,0.001,R9,0,0.5833
probe_lr,mean,12,fg_hydroxyl_aliphatic,0.001,R9,1,0.5833
probe_lr,mean,12,fg_phenol,0.001,qm9s_val,0,0.9383
probe_lr,mean,12,fg_phenol,0.001,R0,0,0.905
probe_lr,mean,12,fg_phenol,0.001,R2,0,0.9474
probe_lr,mean,12,fg_phenol,0.001,R2,1,0.9474
probe_lr,mean,12,fg_phenol,0.001,R3,0,1.0
probe_lr,mean,12,fg_phenol,0.001,R3,1,1.0
probe_lr,mean,12,fg_phenol,0.001,R4,0,0.4211
probe_lr,mean,12,fg_phenol,0.001,R4,1,0.4211
probe_lr,mean,12,fg_phenol,0.001,R5,0,0.4737
probe_lr,mean,12,fg_phenol,0.001,R5,1,0.4737
probe_lr,mean,12,fg_phenol,0.001,R6,0,0.6316
probe_lr,mean,12,fg_phenol,0.001,R6,1,0.6316
probe_lr,mean,12,fg_phenol,0.001,R8,0,0.2105
probe_lr,mean,12,fg_phenol,0.001,R8,1,0.2105
probe_lr,mean,12,fg_phenol,0.001,R9,0,0.7895
probe_lr,mean,12,fg_phenol,0.001,R9,1,0.7895
probe_lr,mean,12,fg_aromatic_ring,0.001,qm9s_val,0,0.9661
probe_lr,mean,12,fg_aromatic_ring,0.001,R0,0,0.9744
probe_lr,mean,12,fg_aromatic_ring,0.001,R2,0,1.0
probe_lr,mean,12,fg_aromatic_ring,0.001,R2,1,1.0
probe_lr,mean,12,fg_aromatic_ring,0.001,R3,0,0.9062
probe_lr,mean,12,fg_aromatic_ring,0.001,R3,1,0.9062
probe_lr,mean,12,fg_aromatic_ring,0.001,R4,0,0.7344
probe_lr,mean,12,fg_aromatic_ring,0.001,R4,1,0.7344
probe_lr,mean,12,fg_aromatic_ring,0.001,R5,0,0.7188
probe_lr,mean,12,fg_aromatic_ring,0.001,R5,1,0.7188
probe_lr,mean,12,fg_aromatic_ring,0.001,R6,0,0.75
probe_lr,mean,12,fg_aromatic_ring,0.001,R6,1,0.75
probe_lr,mean,12,fg_aromatic_ring,0.001,R8,0,0.375
probe_lr,mean,12,fg_aromatic_ring,0.001,R8,1,0.375
probe_lr,mean,12,fg_aromatic_ring,0.001,R9,0,0.9062
probe_lr,mean,12,fg_aromatic_ring,0.001,R9,1,0.9062
probe_lr,mean,12,fg_benzene_ring,0.001,qm9s_val,0,0.9876
probe_lr,mean,12,fg_benzene_ring,0.001,R0,0,0.9849
probe_lr,mean,12,fg_benzene_ring,0.001,R2,0,0.902
probe_lr,mean,12,fg_benzene_ring,0.001,R2,1,0.902
probe_lr,mean,12,fg_benzene_ring,0.001,R3,0,0.5098
probe_lr,mean,12,fg_benzene_ring,0.001,R3,1,0.5098
probe_lr,mean,12,fg_benzene_ring,0.001,R4,0,0.7059
probe_lr,mean,12,fg_benzene_ring,0.001,R4,1,0.7059
probe_lr,mean,12,fg_benzene_ring,0.001,R5,0,0.4706
probe_lr,mean,12,fg_benzene_ring,0.001,R5,1,0.4706
probe_lr,mean,12,fg_benzene_ring,0.001,R6,0,0.451
probe_lr,mean,12,fg_benzene_ring,0.001,R6,1,0.451
probe_lr,mean,12,fg_benzene_ring,0.001,R8,0,0.5686
probe_lr,mean,12,fg_benzene_ring,0.001,R8,1,0.5686
probe_lr,mean,12,fg_benzene_ring,0.001,R9,0,0.5686
probe_lr,mean,12,fg_benzene_ring,0.001,R9,1,0.549
probe_lr,mean,12,fg_pyrrole_ring,0.001,qm9s_val,0,0.9248
probe_lr,mean,12,fg_pyrrole_ring,0.001,R0,0,0.926
probe_lr,mean,12,fg_pyrrole_ring,0.001,R2,0,1.0
probe_lr,mean,12,fg_pyrrole_ring,0.001,R2,1,1.0
probe_lr,mean,12,fg_pyrrole_ring,0.001,R3,0,1.0
probe_lr,mean,12,fg_pyrrole_ring,0.001,R3,1,1.0
probe_lr,mean,12,fg_pyrrole_ring,0.001,R4,0,0.9474
probe_lr,mean,12,fg_pyrrole_ring,0.001,R4,1,0.9474
probe_lr,mean,12,fg_pyrrole_ring,0.001,R5,0,0.9474
probe_lr,mean,12,fg_pyrrole_ring,0.001,R5,1,0.9474
probe_lr,mean,12,fg_pyrrole_ring,0.001,R6,0,0.9474
probe_lr,mean,12,fg_pyrrole_ring,0.001,R6,1,0.9474
probe_lr,mean,12,fg_pyrrole_ring,0.001,R8,0,1.0
probe_lr,mean,12,fg_pyrrole_ring,0.001,R8,1,1.0
probe_lr,mean,12,fg_pyrrole_ring,0.001,R9,0,1.0
probe_lr,mean,12,fg_pyrrole_ring,0.001,R9,1,1.0
probe_lr,mean,12,fg_imidazole_ring,0.001,qm9s_val,0,0.9556
probe_lr,mean,12,fg_imidazole_ring,0.001,R0,0,0.9279
probe_lr,mean,12,fg_imidazole_ring,0.001,R2,0,0.9474
probe_lr,mean,12,fg_imidazole_ring,0.001,R2,1,0.9474
probe_lr,mean,12,fg_imidazole_ring,0.001,R3,0,1.0
probe_lr,mean,12,fg_imidazole_ring,0.001,R3,1,1.0
probe_lr,mean,12,fg_imidazole_ring,0.001,R4,0,0.9474
probe_lr,mean,12,fg_imidazole_ring,0.001,R4,1,0.9474
probe_lr,mean,12,fg_imidazole_ring,0.001,R5,0,0.5789
probe_lr,mean,12,fg_imidazole_ring,0.001,R5,1,0.5789
probe_lr,mean,12,fg_imidazole_ring,0.001,R6,0,0.5789
probe_lr,mean,12,fg_imidazole_ring,0.001,R6,1,0.5789
probe_lr,mean,12,fg_imidazole_ring,0.001,R8,0,0.6316
probe_lr,mean,12,fg_imidazole_ring,0.001,R8,1,0.6316
probe_lr,mean,12,fg_imidazole_ring,0.001,R9,0,0.5263
probe_lr,mean,12,fg_imidazole_ring,0.001,R9,1,0.5263
probe_mm,mean,12,fg_primary_amine,,qm9s_val,0,0.7017
probe_mm,mean,12,fg_primary_amine,,R0,0,0.7088
probe_mm,mean,12,fg_primary_amine,,R2,0,0.6842
probe_mm,mean,12,fg_primary_amine,,R2,1,0.6842
probe_mm,mean,12,fg_primary_amine,,R3,0,0.7895
probe_mm,mean,12,fg_primary_amine,,R3,1,0.7895
probe_mm,mean,12,fg_primary_amine,,R4,0,0.1053
probe_mm,mean,12,fg_primary_amine,,R4,1,0.1053
probe_mm,mean,12,fg_primary_amine,,R5,0,0.2105
probe_mm,mean,12,fg_primary_amine,,R5,1,0.2105
probe_mm,mean,12,fg_primary_amine,,R6,0,0.4737
probe_mm,mean,12,fg_primary_amine,,R6,1,0.4737
probe_mm,mean,12,fg_primary_amine,,R8,0,0.2632
probe_mm,mean,12,fg_primary_amine,,R8,1,0.2632
probe_mm,mean,12,fg_primary_amine,,R9,0,0.7895
probe_mm,mean,12,fg_primary_amine,,R9,1,0.7895
probe_mm,mean,12,fg_secondary_amine,,qm9s_val,0,0.6397
probe_mm,mean,12,fg_secondary_amine,,R0,0,0.6498
probe_mm,mean,12,fg_secondary_amine,,R2,0,0.6316
probe_mm,mean,12,fg_secondary_amine,,R2,1,0.6316
probe_mm,mean,12,fg_secondary_amine,,R3,0,0.5263
probe_mm,mean,12,fg_secondary_amine,,R3,1,0.5263
probe_mm,mean,12,fg_secondary_amine,,R4,0,1.0
probe_mm,mean,12,fg_secondary_amine,,R4,1,1.0
probe_mm,mean,12,fg_secondary_amine,,R5,0,0.8947
probe_mm,mean,12,fg_secondary_amine,,R5,1,0.8947
probe_mm,mean,12,fg_secondary_amine,,R6,0,0.7368
probe_mm,mean,12,fg_secondary_amine,,R6,1,0.7368
probe_mm,mean,12,fg_secondary_amine,,R8,0,0.7368
probe_mm,mean,12,fg_secondary_amine,,R8,1,0.7368
probe_mm,mean,12,fg_secondary_amine,,R9,0,0.2105
probe_mm,mean,12,fg_secondary_amine,,R9,1,0.2105
probe_mm,mean,12,fg_amide,,qm9s_val,0,0.7344
probe_mm,mean,12,fg_amide,,R0,0,0.695
probe_mm,mean,12,fg_amide,,R2,0,0.7222
probe_mm,mean,12,fg_amide,,R2,1,0.7222
probe_mm,mean,12,fg_amide,,R3,0,0.2778
probe_mm,mean,12,fg_amide,,R3,1,0.2778
probe_mm,mean,12,fg_amide,,R4,0,0.6389
probe_mm,mean,12,fg_amide,,R4,1,0.6389
probe_mm,mean,12,fg_amide,,R5,0,0.8333
probe_mm,mean,12,fg_amide,,R5,1,0.8333
probe_mm,mean,12,fg_amide,,R6,0,0.8333
probe_mm,mean,12,fg_amide,,R6,1,0.8333
probe_mm,mean,12,fg_amide,,R8,0,0.6111
probe_mm,mean,12,fg_amide,,R8,1,0.6111
probe_mm,mean,12,fg_amide,,R9,0,0.6111
probe_mm,mean,12,fg_amide,,R9,1,0.6111
probe_mm,mean,12,fg_guanidine,,qm9s_val,0,0.81
probe_mm,mean,12,fg_guanidine,,R0,0,0.8059
probe_mm,mean,12,fg_guanidine,,R2,0,0.6316
probe_mm,mean,12,fg_guanidine,,R2,1,0.6316
probe_mm,mean,12,fg_guanidine,,R3,0,0.0526
probe_mm,mean,12,fg_guanidine,,R3,1,0.0526
probe_mm,mean,12,fg_guanidine,,R4,0,0.0
probe_mm,mean,12,fg_guanidine,,R4,1,0.0
probe_mm,mean,12,fg_guanidine,,R5,0,0.0
probe_mm,mean,12,fg_guanidine,,R5,1,0.0
probe_mm,mean,12,fg_guanidine,,R6,0,0.1579
probe_mm,mean,12,fg_guanidine,,R6,1,0.1579
probe_mm,mean,12,fg_guanidine,,R8,0,0.4737
probe_mm,mean,12,fg_guanidine,,R8,1,0.4737
probe_mm,mean,12,fg_guanidine,,R9,0,0.4211
probe_mm,mean,12,fg_guanidine,,R9,1,0.4211
probe_mm,mean,12,fg_hydroxyl_aliphatic,,qm9s_val,0,0.6218
probe_mm,mean,12,fg_hydroxyl_aliphatic,,R0,0,0.6535
probe_mm,mean,12,fg_hydroxyl_aliphatic,,R2,0,0.6944
probe_mm,mean,12,fg_hydroxyl_aliphatic,,R2,1,0.6944
probe_mm,mean,12,fg_hydroxyl_aliphatic,,R3,0,0.5833
probe_mm,mean,12,fg_hydroxyl_aliphatic,,R3,1,0.5833
probe_mm,mean,12,fg_hydroxyl_aliphatic,,R4,0,0.5278
probe_mm,mean,12,fg_hydroxyl_aliphatic,,R4,1,0.5278
probe_mm,mean,12,fg_hydroxyl_aliphatic,,R5,0,0.3889
probe_mm,mean,12,fg_hydroxyl_aliphatic,,R5,1,0.3889
probe_mm,mean,12,fg_hydroxyl_aliphatic,,R6,0,0.5556
probe_mm,mean,12,fg_hydroxyl_aliphatic,,R6,1,0.5556
probe_mm,mean,12,fg_hydroxyl_aliphatic,,R8,0,0.7222
probe_mm,mean,12,fg_hydroxyl_aliphatic,,R8,1,0.7222
probe_mm,mean,12,fg_hydroxyl_aliphatic,,R9,0,0.5556
probe_mm,mean,12,fg_hydroxyl_aliphatic,,R9,1,0.5556
probe_mm,mean,12,fg_phenol,,qm9s_val,0,0.8483
probe_mm,mean,12,fg_phenol,,R0,0,0.7996
probe_mm,mean,12,fg_phenol,,R2,0,0.8421
probe_mm,mean,12,fg_phenol,,R2,1,0.8421
probe_mm,mean,12,fg_phenol,,R3,0,0.7368
probe_mm,mean,12,fg_phenol,,R3,1,0.7368
probe_mm,mean,12,fg_phenol,,R4,0,0.8947
probe_mm,mean,12,fg_phenol,,R4,1,0.8947
probe_mm,mean,12,fg_phenol,,R5,0,0.4211
probe_mm,mean,12,fg_phenol,,R5,1,0.4211
probe_mm,mean,12,fg_phenol,,R6,0,0.6842
probe_mm,mean,12,fg_phenol,,R6,1,0.6842
probe_mm,mean,12,fg_phenol,,R8,0,0.3158
probe_mm,mean,12,fg_phenol,,R8,1,0.3158
probe_mm,mean,12,fg_phenol,,R9,0,0.0
probe_mm,mean,12,fg_phenol,,R9,1,0.0
probe_mm,mean,12,fg_aromatic_ring,,qm9s_val,0,0.885
probe_mm,mean,12,fg_aromatic_ring,,R0,0,0.8784
probe_mm,mean,12,fg_aromatic_ring,,R2,0,0.8906
probe_mm,mean,12,fg_aromatic_ring,,R2,1,0.8906
probe_mm,mean,12,fg_aromatic_ring,,R3,0,0.8438
probe_mm,mean,12,fg_aromatic_ring,,R3,1,0.8438
probe_mm,mean,12,fg_aromatic_ring,,R4,0,0.7969
probe_mm,mean,12,fg_aromatic_ring,,R4,1,0.7969
probe_mm,mean,12,fg_aromatic_ring,,R5,0,0.4688
probe_mm,mean,12,fg_aromatic_ring,,R5,1,0.4688
probe_mm,mean,12,fg_aromatic_ring,,R6,0,0.6719
probe_mm,mean,12,fg_aromatic_ring,,R6,1,0.6719
probe_mm,mean,12,fg_aromatic_ring,,R8,0,0.25
probe_mm,mean,12,fg_aromatic_ring,,R8,1,0.25
probe_mm,mean,12,fg_aromatic_ring,,R9,0,0.5781
probe_mm,mean,12,fg_aromatic_ring,,R9,1,0.5625
probe_mm,mean,12,fg_benzene_ring,,qm9s_val,0,0.8571
probe_mm,mean,12,fg_benzene_ring,,R0,0,0.8326
probe_mm,mean,12,fg_benzene_ring,,R2,0,0.9412
probe_mm,mean,12,fg_benzene_ring,,R2,1,0.9412
probe_mm,mean,12,fg_benzene_ring,,R3,0,0.7451
probe_mm,mean,12,fg_benzene_ring,,R3,1,0.7451
probe_mm,mean,12,fg_benzene_ring,,R4,0,0.8824
probe_mm,mean,12,fg_benzene_ring,,R4,1,0.8824
probe_mm,mean,12,fg_benzene_ring,,R5,0,0.6078
probe_mm,mean,12,fg_benzene_ring,,R5,1,0.6078
probe_mm,mean,12,fg_benzene_ring,,R6,0,0.8235
probe_mm,mean,12,fg_benzene_ring,,R6,1,0.8235
probe_mm,mean,12,fg_benzene_ring,,R8,0,0.2157
probe_mm,mean,12,fg_benzene_ring,,R8,1,0.2157
probe_mm,mean,12,fg_benzene_ring,,R9,0,0.4902
probe_mm,mean,12,fg_benzene_ring,,R9,1,0.4902
probe_mm,mean,12,fg_pyrrole_ring,,qm9s_val,0,0.7981
probe_mm,mean,12,fg_pyrrole_ring,,R0,0,0.8172
probe_mm,mean,12,fg_pyrrole_ring,,R2,0,0.9474
probe_mm,mean,12,fg_pyrrole_ring,,R2,1,0.9474
probe_mm,mean,12,fg_pyrrole_ring,,R3,0,0.9474
probe_mm,mean,12,fg_pyrrole_ring,,R3,1,0.9474
probe_mm,mean,12,fg_pyrrole_ring,,R4,0,0.9474
probe_mm,mean,12,fg_pyrrole_ring,,R4,1,0.9474
probe_mm,mean,12,fg_pyrrole_ring,,R5,0,0.5263
probe_mm,mean,12,fg_pyrrole_ring,,R5,1,0.5263
probe_mm,mean,12,fg_pyrrole_ring,,R6,0,0.7368
probe_mm,mean,12,fg_pyrrole_ring,,R6,1,0.7368
probe_mm,mean,12,fg_pyrrole_ring,,R8,0,0.2105
probe_mm,mean,12,fg_pyrrole_ring,,R8,1,0.2105
probe_mm,mean,12,fg_pyrrole_ring,,R9,0,0.5263
probe_mm,mean,12,fg_pyrrole_ring,,R9,1,0.5263
probe_mm,mean,12,fg_imidazole_ring,,qm9s_val,0,0.8479
probe_mm,mean,12,fg_imidazole_ring,,R0,0,0.8319
probe_mm,mean,12,fg_imidazole_ring,,R2,0,0.6316
probe_mm,mean,12,fg_imidazole_ring,,R2,1,0.6316
probe_mm,mean,12,fg_imidazole_ring,,R3,0,0.8947
probe_mm,mean,12,fg_imidazole_ring,,R3,1,0.8947
probe_mm,mean,12,fg_imidazole_ring,,R4,0,0.4737
probe_mm,mean,12,fg_imidazole_ring,,R4,1,0.4737
probe_mm,mean,12,fg_imidazole_ring,,R5,0,0.1579
probe_mm,mean,12,fg_imidazole_ring,,R5,1,0.1579
probe_mm,mean,12,fg_imidazole_ring,,R6,0,0.3158
probe_mm,mean,12,fg_imidazole_ring,,R6,1,0.3158
probe_mm,mean,12,fg_imidazole_ring,,R8,0,0.3684
probe_mm,mean,12,fg_imidazole_ring,,R8,1,0.3684
probe_mm,mean,12,fg_imidazole_ring,,R9,0,0.8421
probe_mm,mean,12,fg_imidazole_ring,,R9,1,0.8421
probe_lr,mean,15,fg_primary_amine,0.001,qm9s_val,0,0.8631
probe_lr,mean,15,fg_primary_amine,0.001,R0,0,0.8694
probe_lr,mean,15,fg_primary_amine,0.001,R2,0,0.8947
probe_lr,mean,15,fg_primary_amine,0.001,R2,1,0.8947
probe_lr,mean,15,fg_primary_amine,0.001,R3,0,0.7895
probe_lr,mean,15,fg_primary_amine,0.001,R3,1,0.7895
probe_lr,mean,15,fg_primary_amine,0.001,R4,0,0.4737
probe_lr,mean,15,fg_primary_amine,0.001,R4,1,0.4737
probe_lr,mean,15,fg_primary_amine,0.001,R5,0,0.2105
probe_lr,mean,15,fg_primary_amine,0.001,R5,1,0.2105
probe_lr,mean,15,fg_primary_amine,0.001,R6,0,0.4737
probe_lr,mean,15,fg_primary_amine,0.001,R6,1,0.4737
probe_lr,mean,15,fg_primary_amine,0.001,R8,0,0.7895
probe_lr,mean,15,fg_primary_amine,0.001,R8,1,0.7895
probe_lr,mean,15,fg_primary_amine,0.001,R9,0,0.8947
probe_lr,mean,15,fg_primary_amine,0.001,R9,1,0.8947
probe_lr,mean,15,fg_secondary_amine,0.001,qm9s_val,0,0.6838
probe_lr,mean,15,fg_secondary_amine,0.001,R0,0,0.7103
probe_lr,mean,15,fg_secondary_amine,0.001,R2,0,0.8421
probe_lr,mean,15,fg_secondary_amine,0.001,R2,1,0.8421
probe_lr,mean,15,fg_secondary_amine,0.001,R3,0,0.6842
probe_lr,mean,15,fg_secondary_amine,0.001,R3,1,0.6842
probe_lr,mean,15,fg_secondary_amine,0.001,R4,0,0.9474
probe_lr,mean,15,fg_secondary_amine,0.001,R4,1,0.9474
probe_lr,mean,15,fg_secondary_amine,0.001,R5,0,0.7368
probe_lr,mean,15,fg_secondary_amine,0.001,R5,1,0.7368
probe_lr,mean,15,fg_secondary_amine,0.001,R6,0,0.6842
probe_lr,mean,15,fg_secondary_amine,0.001,R6,1,0.6842
probe_lr,mean,15,fg_secondary_amine,0.001,R8,0,0.9474
probe_lr,mean,15,fg_secondary_amine,0.001,R8,1,0.9474
probe_lr,mean,15,fg_secondary_amine,0.001,R9,0,0.9474
probe_lr,mean,15,fg_secondary_amine,0.001,R9,1,0.9474
probe_lr,mean,15,fg_amide,0.001,qm9s_val,0,0.8283
probe_lr,mean,15,fg_amide,0.001,R0,0,0.8221
probe_lr,mean,15,fg_amide,0.001,R2,0,0.8056
probe_lr,mean,15,fg_amide,0.001,R2,1,0.8056
probe_lr,mean,15,fg_amide,0.001,R3,0,0.5556
probe_lr,mean,15,fg_amide,0.001,R3,1,0.5556
probe_lr,mean,15,fg_amide,0.001,R4,0,0.8611
probe_lr,mean,15,fg_amide,0.001,R4,1,0.8611
probe_lr,mean,15,fg_amide,0.001,R5,0,0.8889
probe_lr,mean,15,fg_amide,0.001,R5,1,0.8889
probe_lr,mean,15,fg_amide,0.001,R6,0,0.8889
probe_lr,mean,15,fg_amide,0.001,R6,1,0.8889
probe_lr,mean,15,fg_amide,0.001,R8,0,0.8333
probe_lr,mean,15,fg_amide,0.001,R8,1,0.8333
probe_lr,mean,15,fg_amide,0.001,R9,0,0.6111
probe_lr,mean,15,fg_amide,0.001,R9,1,0.6111
probe_lr,mean,15,fg_guanidine,0.001,qm9s_val,0,0.9328
probe_lr,mean,15,fg_guanidine,0.001,R0,0,0.9468
probe_lr,mean,15,fg_guanidine,0.001,R2,0,1.0
probe_lr,mean,15,fg_guanidine,0.001,R2,1,1.0
probe_lr,mean,15,fg_guanidine,0.001,R3,0,0.4737
probe_lr,mean,15,fg_guanidine,0.001,R3,1,0.4737
probe_lr,mean,15,fg_guanidine,0.001,R4,0,1.0
probe_lr,mean,15,fg_guanidine,0.001,R4,1,1.0
probe_lr,mean,15,fg_guanidine,0.001,R5,0,0.8947
probe_lr,mean,15,fg_guanidine,0.001,R5,1,0.8947
probe_lr,mean,15,fg_guanidine,0.001,R6,0,0.8947
probe_lr,mean,15,fg_guanidine,0.001,R6,1,0.8947
probe_lr,mean,15,fg_guanidine,0.001,R8,0,0.0526
probe_lr,mean,15,fg_guanidine,0.001,R8,1,0.0526
probe_lr,mean,15,fg_guanidine,0.001,R9,0,0.6842
probe_lr,mean,15,fg_guanidine,0.001,R9,1,0.6842
probe_lr,mean,15,fg_hydroxyl_aliphatic,0.001,qm9s_val,0,0.7216
probe_lr,mean,15,fg_hydroxyl_aliphatic,0.001,R0,0,0.7186
probe_lr,mean,15,fg_hydroxyl_aliphatic,0.001,R2,0,0.9722
probe_lr,mean,15,fg_hydroxyl_aliphatic,0.001,R2,1,0.9722
probe_lr,mean,15,fg_hydroxyl_aliphatic,0.001,R3,0,0.5
probe_lr,mean,15,fg_hydroxyl_aliphatic,0.001,R3,1,0.5
probe_lr,mean,15,fg_hydroxyl_aliphatic,0.001,R4,0,0.6944
probe_lr,mean,15,fg_hydroxyl_aliphatic,0.001,R4,1,0.6944
probe_lr,mean,15,fg_hydroxyl_aliphatic,0.001,R5,0,0.5278
probe_lr,mean,15,fg_hydroxyl_aliphatic,0.001,R5,1,0.5278
probe_lr,mean,15,fg_hydroxyl_aliphatic,0.001,R6,0,0.6389
probe_lr,mean,15,fg_hydroxyl_aliphatic,0.001,R6,1,0.6389
probe_lr,mean,15,fg_hydroxyl_aliphatic,0.001,R8,0,0.5278
probe_lr,mean,15,fg_hydroxyl_aliphatic,0.001,R8,1,0.5278
probe_lr,mean,15,fg_hydroxyl_aliphatic,0.001,R9,0,0.5278
probe_lr,mean,15,fg_hydroxyl_aliphatic,0.001,R9,1,0.5278
probe_lr,mean,15,fg_phenol,0.001,qm9s_val,0,0.9346
probe_lr,mean,15,fg_phenol,0.001,R0,0,0.9061
probe_lr,mean,15,fg_phenol,0.001,R2,0,1.0
probe_lr,mean,15,fg_phenol,0.001,R2,1,1.0
probe_lr,mean,15,fg_phenol,0.001,R3,0,0.8421
probe_lr,mean,15,fg_phenol,0.001,R3,1,0.8421
probe_lr,mean,15,fg_phenol,0.001,R4,0,0.6842
probe_lr,mean,15,fg_phenol,0.001,R4,1,0.6842
probe_lr,mean,15,fg_phenol,0.001,R5,0,0.5263
probe_lr,mean,15,fg_phenol,0.001,R5,1,0.5263
probe_lr,mean,15,fg_phenol,0.001,R6,0,0.2632
probe_lr,mean,15,fg_phenol,0.001,R6,1,0.2632
probe_lr,mean,15,fg_phenol,0.001,R8,0,0.1579
probe_lr,mean,15,fg_phenol,0.001,R8,1,0.1579
probe_lr,mean,15,fg_phenol,0.001,R9,0,0.7368
probe_lr,mean,15,fg_phenol,0.001,R9,1,0.7368
probe_lr,mean,15,fg_aromatic_ring,0.001,qm9s_val,0,0.967
probe_lr,mean,15,fg_aromatic_ring,0.001,R0,0,0.972
probe_lr,mean,15,fg_aromatic_ring,0.001,R2,0,0.9688
probe_lr,mean,15,fg_aromatic_ring,0.001,R2,1,0.9688
probe_lr,mean,15,fg_aromatic_ring,0.001,R3,0,0.9688
probe_lr,mean,15,fg_aromatic_ring,0.001,R3,1,0.9688
probe_lr,mean,15,fg_aromatic_ring,0.001,R4,0,0.5938
probe_lr,mean,15,fg_aromatic_ring,0.001,R4,1,0.5938
probe_lr,mean,15,fg_aromatic_ring,0.001,R5,0,0.5156
probe_lr,mean,15,fg_aromatic_ring,0.001,R5,1,0.5156
probe_lr,mean,15,fg_aromatic_ring,0.001,R6,0,0.3906
probe_lr,mean,15,fg_aromatic_ring,0.001,R6,1,0.3906
probe_lr,mean,15,fg_aromatic_ring,0.001,R8,0,0.4531
probe_lr,mean,15,fg_aromatic_ring,0.001,R8,1,0.4531
probe_lr,mean,15,fg_aromatic_ring,0.001,R9,0,0.5469
probe_lr,mean,15,fg_aromatic_ring,0.001,R9,1,0.5469
probe_lr,mean,15,fg_benzene_ring,0.001,qm9s_val,0,0.9856
probe_lr,mean,15,fg_benzene_ring,0.001,R0,0,0.9813
probe_lr,mean,15,fg_benzene_ring,0.001,R2,0,0.9608
probe_lr,mean,15,fg_benzene_ring,0.001,R2,1,0.9608
probe_lr,mean,15,fg_benzene_ring,0.001,R3,0,0.7843
probe_lr,mean,15,fg_benzene_ring,0.001,R3,1,0.7843
probe_lr,mean,15,fg_benzene_ring,0.001,R4,0,0.6667
probe_lr,mean,15,fg_benzene_ring,0.001,R4,1,0.6667
probe_lr,mean,15,fg_benzene_ring,0.001,R5,0,0.3529
probe_lr,mean,15,fg_benzene_ring,0.001,R5,1,0.3529
probe_lr,mean,15,fg_benzene_ring,0.001,R6,0,0.1765
probe_lr,mean,15,fg_benzene_ring,0.001,R6,1,0.1765
probe_lr,mean,15,fg_benzene_ring,0.001,R8,0,0.6078
probe_lr,mean,15,fg_benzene_ring,0.001,R8,1,0.6078
probe_lr,mean,15,fg_benzene_ring,0.001,R9,0,0.6275
probe_lr,mean,15,fg_benzene_ring,0.001,R9,1,0.6275
probe_lr,mean,15,fg_pyrrole_ring,0.001,qm9s_val,0,0.9245
probe_lr,mean,15,fg_pyrrole_ring,0.001,R0,0,0.924
probe_lr,mean,15,fg_pyrrole_ring,0.001,R2,0,1.0
probe_lr,mean,15,fg_pyrrole_ring,0.001,R2,1,1.0
probe_lr,mean,15,fg_pyrrole_ring,0.001,R3,0,1.0
probe_lr,mean,15,fg_pyrrole_ring,0.001,R3,1,1.0
probe_lr,mean,15,fg_pyrrole_ring,0.001,R4,0,0.9474
probe_lr,mean,15,fg_pyrrole_ring,0.001,R4,1,0.9474
probe_lr,mean,15,fg_pyrrole_ring,0.001,R5,0,0.9474
probe_lr,mean,15,fg_pyrrole_ring,0.001,R5,1,0.9474
probe_lr,mean,15,fg_pyrrole_ring,0.001,R6,0,0.9474
probe_lr,mean,15,fg_pyrrole_ring,0.001,R6,1,0.9474
probe_lr,mean,15,fg_pyrrole_ring,0.001,R8,0,1.0
probe_lr,mean,15,fg_pyrrole_ring,0.001,R8,1,1.0
probe_lr,mean,15,fg_pyrrole_ring,0.001,R9,0,1.0
probe_lr,mean,15,fg_pyrrole_ring,0.001,R9,1,1.0
probe_lr,mean,15,fg_imidazole_ring,0.001,qm9s_val,0,0.9503
probe_lr,mean,15,fg_imidazole_ring,0.001,R0,0,0.9357
probe_lr,mean,15,fg_imidazole_ring,0.001,R2,0,0.9474
probe_lr,mean,15,fg_imidazole_ring,0.001,R2,1,0.9474
probe_lr,mean,15,fg_imidazole_ring,0.001,R3,0,1.0
probe_lr,mean,15,fg_imidazole_ring,0.001,R3,1,1.0
probe_lr,mean,15,fg_imidazole_ring,0.001,R4,0,1.0
probe_lr,mean,15,fg_imidazole_ring,0.001,R4,1,1.0
probe_lr,mean,15,fg_imidazole_ring,0.001,R5,0,0.5789
probe_lr,mean,15,fg_imidazole_ring,0.001,R5,1,0.5789
probe_lr,mean,15,fg_imidazole_ring,0.001,R6,0,0.6842
probe_lr,mean,15,fg_imidazole_ring,0.001,R6,1,0.6842
probe_lr,mean,15,fg_imidazole_ring,0.001,R8,0,0.4211
probe_lr,mean,15,fg_imidazole_ring,0.001,R8,1,0.4211
probe_lr,mean,15,fg_imidazole_ring,0.001,R9,0,0.0
probe_lr,mean,15,fg_imidazole_ring,0.001,R9,1,0.0
probe_mm,mean,15,fg_primary_amine,,qm9s_val,0,0.686
probe_mm,mean,15,fg_primary_amine,,R0,0,0.7345
probe_mm,mean,15,fg_primary_amine,,R2,0,0.6842
probe_mm,mean,15,fg_primary_amine,,R2,1,0.6842
probe_mm,mean,15,fg_primary_amine,,R3,0,0.7895
probe_mm,mean,15,fg_primary_amine,,R3,1,0.7895
probe_mm,mean,15,fg_primary_amine,,R4,0,0.2105
probe_mm,mean,15,fg_primary_amine,,R4,1,0.2105
probe_mm,mean,15,fg_primary_amine,,R5,0,0.1579
probe_mm,mean,15,fg_primary_amine,,R5,1,0.1579
probe_mm,mean,15,fg_primary_amine,,R6,0,0.4737
probe_mm,mean,15,fg_primary_amine,,R6,1,0.4737
probe_mm,mean,15,fg_primary_amine,,R8,0,0.4211
probe_mm,mean,15,fg_primary_amine,,R8,1,0.4211
probe_mm,mean,15,fg_primary_amine,,R9,0,0.7895
probe_mm,mean,15,fg_primary_amine,,R9,1,0.7895
probe_mm,mean,15,fg_secondary_amine,,qm9s_val,0,0.6375
probe_mm,mean,15,fg_secondary_amine,,R0,0,0.6434
probe_mm,mean,15,fg_secondary_amine,,R2,0,0.4737
probe_mm,mean,15,fg_secondary_amine,,R2,1,0.4737
probe_mm,mean,15,fg_secondary_amine,,R3,0,0.3684
probe_mm,mean,15,fg_secondary_amine,,R3,1,0.3684
probe_mm,mean,15,fg_secondary_amine,,R4,0,1.0
probe_mm,mean,15,fg_secondary_amine,,R4,1,1.0
probe_mm,mean,15,fg_secondary_amine,,R5,0,1.0
probe_mm,mean,15,fg_secondary_amine,,R5,1,1.0
probe_mm,mean,15,fg_secondary_amine,,R6,0,0.6842
probe_mm,mean,15,fg_secondary_amine,,R6,1,0.6842
probe_mm,mean,15,fg_secondary_amine,,R8,0,0.7368
probe_mm,mean,15,fg_secondary_amine,,R8,1,0.7368
probe_mm,mean,15,fg_secondary_amine,,R9,0,0.2105
probe_mm,mean,15,fg_secondary_amine,,R9,1,0.2105
probe_mm,mean,15,fg_amide,,qm9s_val,0,0.7892
probe_mm,mean,15,fg_amide,,R0,0,0.7598
probe_mm,mean,15,fg_amide,,R2,0,0.7778
probe_mm,mean,15,fg_amide,,R2,1,0.7778
probe_mm,mean,15,fg_amide,,R3,0,0.7778
probe_mm,mean,15,fg_amide,,R3,1,0.7778
probe_mm,mean,15,fg_amide,,R4,0,0.7778
probe_mm,mean,15,fg_amide,,R4,1,0.7778
probe_mm,mean,15,fg_amide,,R5,0,0.6944
probe_mm,mean,15,fg_amide,,R5,1,0.6944
probe_mm,mean,15,fg_amide,,R6,0,0.9167
probe_mm,mean,15,fg_amide,,R6,1,0.9167
probe_mm,mean,15,fg_amide,,R8,0,0.6944
probe_mm,mean,15,fg_amide,,R8,1,0.6944
probe_mm,mean,15,fg_amide,,R9,0,0.6111
probe_mm,mean,15,fg_amide,,R9,1,0.6111
probe_mm,mean,15,fg_guanidine,,qm9s_val,0,0.8261
probe_mm,mean,15,fg_guanidine,,R0,0,0.8208
probe_mm,mean,15,fg_guanidine,,R2,0,0.4737
probe_mm,mean,15,fg_guanidine,,R2,1,0.4737
probe_mm,mean,15,fg_guanidine,,R3,0,0.0526
probe_mm,mean,15,fg_guanidine,,R3,1,0.0526
probe_mm,mean,15,fg_guanidine,,R4,0,0.0526
probe_mm,mean,15,fg_guanidine,,R4,1,0.0526
probe_mm,mean,15,fg_guanidine,,R5,0,0.3684
probe_mm,mean,15,fg_guanidine,,R5,1,0.3684
probe_mm,mean,15,fg_guanidine,,R6,0,0.4211
probe_mm,mean,15,fg_guanidine,,R6,1,0.4211
probe_mm,mean,15,fg_guanidine,,R8,0,0.5263
probe_mm,mean,15,fg_guanidine,,R8,1,0.5263
probe_mm,mean,15,fg_guanidine,,R9,0,0.3684
probe_mm,mean,15,fg_guanidine,,R9,1,0.3684
probe_mm,mean,15,fg_hydroxyl_aliphatic,,qm9s_val,0,0.6277
probe_mm,mean,15,fg_hydroxyl_aliphatic,,R0,0,0.6553
probe_mm,mean,15,fg_hydroxyl_aliphatic,,R2,0,0.6389
probe_mm,mean,15,fg_hydroxyl_aliphatic,,R2,1,0.6389
probe_mm,mean,15,fg_hydroxyl_aliphatic,,R3,0,0.6389
probe_mm,mean,15,fg_hydroxyl_aliphatic,,R3,1,0.6389
probe_mm,mean,15,fg_hydroxyl_aliphatic,,R4,0,0.3889
probe_mm,mean,15,fg_hydroxyl_aliphatic,,R4,1,0.3889
probe_mm,mean,15,fg_hydroxyl_aliphatic,,R5,0,0.3611
probe_mm,mean,15,fg_hydroxyl_aliphatic,,R5,1,0.3611
probe_mm,mean,15,fg_hydroxyl_aliphatic,,R6,0,0.5833
probe_mm,mean,15,fg_hydroxyl_aliphatic,,R6,1,0.5833
probe_mm,mean,15,fg_hydroxyl_aliphatic,,R8,0,0.6667
probe_mm,mean,15,fg_hydroxyl_aliphatic,,R8,1,0.6667
probe_mm,mean,15,fg_hydroxyl_aliphatic,,R9,0,0.5278
probe_mm,mean,15,fg_hydroxyl_aliphatic,,R9,1,0.5278
probe_mm,mean,15,fg_phenol,,qm9s_val,0,0.8398
probe_mm,mean,15,fg_phenol,,R0,0,0.7882
probe_mm,mean,15,fg_phenol,,R2,0,0.8421
probe_mm,mean,15,fg_phenol,,R2,1,0.8421
probe_mm,mean,15,fg_phenol,,R3,0,0.7368
probe_mm,mean,15,fg_phenol,,R3,1,0.7368
probe_mm,mean,15,fg_phenol,,R4,0,0.8947
probe_mm,mean,15,fg_phenol,,R4,1,0.8947
probe_mm,mean,15,fg_phenol,,R5,0,0.4737
probe_mm,mean,15,fg_phenol,,R5,1,0.4737
probe_mm,mean,15,fg_phenol,,R6,0,0.6842
probe_mm,mean,15,fg_phenol,,R6,1,0.6842
probe_mm,mean,15,fg_phenol,,R8,0,0.3684
probe_mm,mean,15,fg_phenol,,R8,1,0.3684
probe_mm,mean,15,fg_phenol,,R9,0,0.0
probe_mm,mean,15,fg_phenol,,R9,1,0.0
probe_mm,mean,15,fg_aromatic_ring,,qm9s_val,0,0.8765
probe_mm,mean,15,fg_aromatic_ring,,R0,0,0.8674
probe_mm,mean,15,fg_aromatic_ring,,R2,0,0.8906
probe_mm,mean,15,fg_aromatic_ring,,R2,1,0.8906
probe_mm,mean,15,fg_aromatic_ring,,R3,0,0.8125
probe_mm,mean,15,fg_aromatic_ring,,R3,1,0.8125
probe_mm,mean,15,fg_aromatic_ring,,R4,0,0.75
probe_mm,mean,15,fg_aromatic_ring,,R4,1,0.75
probe_mm,mean,15,fg_aromatic_ring,,R5,0,0.4688
probe_mm,mean,15,fg_aromatic_ring,,R5,1,0.4688
probe_mm,mean,15,fg_aromatic_ring,,R6,0,0.6406
probe_mm,mean,15,fg_aromatic_ring,,R6,1,0.6406
probe_mm,mean,15,fg_aromatic_ring,,R8,0,0.2656
probe_mm,mean,15,fg_aromatic_ring,,R8,1,0.2656
probe_mm,mean,15,fg_aromatic_ring,,R9,0,0.5469
probe_mm,mean,15,fg_aromatic_ring,,R9,1,0.5469
probe_mm,mean,15,fg_benzene_ring,,qm9s_val,0,0.8524
probe_mm,mean,15,fg_benzene_ring,,R0,0,0.8386
probe_mm,mean,15,fg_benzene_ring,,R2,0,0.9412
probe_mm,mean,15,fg_benzene_ring,,R2,1,0.9412
probe_mm,mean,15,fg_benzene_ring,,R3,0,0.7059
probe_mm,mean,15,fg_benzene_ring,,R3,1,0.7059
probe_mm,mean,15,fg_benzene_ring,,R4,0,0.8627
probe_mm,mean,15,fg_benzene_ring,,R4,1,0.8627
probe_mm,mean,15,fg_benzene_ring,,R5,0,0.5686
probe_mm,mean,15,fg_benzene_ring,,R5,1,0.5686
probe_mm,mean,15,fg_benzene_ring,,R6,0,0.8235
probe_mm,mean,15,fg_benzene_ring,,R6,1,0.8235
probe_mm,mean,15,fg_benzene_ring,,R8,0,0.2157
probe_mm,mean,15,fg_benzene_ring,,R8,1,0.2157
probe_mm,mean,15,fg_benzene_ring,,R9,0,0.4706
probe_mm,mean,15,fg_benzene_ring,,R9,1,0.4706
probe_mm,mean,15,fg_pyrrole_ring,,qm9s_val,0,0.7844
probe_mm,mean,15,fg_pyrrole_ring,,R0,0,0.8111
probe_mm,mean,15,fg_pyrrole_ring,,R2,0,0.9474
probe_mm,mean,15,fg_pyrrole_ring,,R2,1,0.9474
probe_mm,mean,15,fg_pyrrole_ring,,R3,0,0.9474
probe_mm,mean,15,fg_pyrrole_ring,,R3,1,0.9474
probe_mm,mean,15,fg_pyrrole_ring,,R4,0,0.9474
probe_mm,mean,15,fg_pyrrole_ring,,R4,1,0.9474
probe_mm,mean,15,fg_pyrrole_ring,,R5,0,0.4737
probe_mm,mean,15,fg_pyrrole_ring,,R5,1,0.4737
probe_mm,mean,15,fg_pyrrole_ring,,R6,0,0.7368
probe_mm,mean,15,fg_pyrrole_ring,,R6,1,0.7368
probe_mm,mean,15,fg_pyrrole_ring,,R8,0,0.0526
probe_mm,mean,15,fg_pyrrole_ring,,R8,1,0.0526
probe_mm,mean,15,fg_pyrrole_ring,,R9,0,0.5263
probe_mm,mean,15,fg_pyrrole_ring,,R9,1,0.4737
probe_mm,mean,15,fg_imidazole_ring,,qm9s_val,0,0.8375
probe_mm,mean,15,fg_imidazole_ring,,R0,0,0.8244
probe_mm,mean,15,fg_imidazole_ring,,R2,0,0.6316
probe_mm,mean,15,fg_imidazole_ring,,R2,1,0.6316
probe_mm,mean,15,fg_imidazole_ring,,R3,0,0.8421
probe_mm,mean,15,fg_imidazole_ring,,R3,1,0.8421
probe_mm,mean,15,fg_imidazole_ring,,R4,0,0.3158
probe_mm,mean,15,fg_imidazole_ring,,R4,1,0.3158
probe_mm,mean,15,fg_imidazole_ring,,R5,0,0.1579
probe_mm,mean,15,fg_imidazole_ring,,R5,1,0.1579
probe_mm,mean,15,fg_imidazole_ring,,R6,0,0.2105
probe_mm,mean,15,fg_imidazole_ring,,R6,1,0.2105
probe_mm,mean,15,fg_imidazole_ring,,R8,0,0.5789
probe_mm,mean,15,fg_imidazole_ring,,R8,1,0.5789
probe_mm,mean,15,fg_imidazole_ring,,R9,0,0.8421
probe_mm,mean,15,fg_imidazole_ring,,R9,1,0.8421
probe_lr,mean,18,fg_primary_amine,0.001,qm9s_val,0,0.8729
probe_lr,mean,18,fg_primary_amine,0.001,R0,0,0.8741
probe_lr,mean,18,fg_primary_amine,0.001,R2,0,0.9474
probe_lr,mean,18,fg_primary_amine,0.001,R2,1,0.9474
probe_lr,mean,18,fg_primary_amine,0.001,R3,0,0.2632
probe_lr,mean,18,fg_primary_amine,0.001,R3,1,0.2632
probe_lr,mean,18,fg_primary_amine,0.001,R4,0,0.5789
probe_lr,mean,18,fg_primary_amine,0.001,R4,1,0.5789
probe_lr,mean,18,fg_primary_amine,0.001,R5,0,0.5263
probe_lr,mean,18,fg_primary_amine,0.001,R5,1,0.5263
probe_lr,mean,18,fg_primary_amine,0.001,R6,0,0.6842
probe_lr,mean,18,fg_primary_amine,0.001,R6,1,0.6842
probe_lr,mean,18,fg_primary_amine,0.001,R8,0,0.6842
probe_lr,mean,18,fg_primary_amine,0.001,R8,1,0.6842
probe_lr,mean,18,fg_primary_amine,0.001,R9,0,0.8947
probe_lr,mean,18,fg_primary_amine,0.001,R9,1,0.8947
probe_lr,mean,18,fg_secondary_amine,0.001,qm9s_val,0,0.6671
probe_lr,mean,18,fg_secondary_amine,0.001,R0,0,0.699
probe_lr,mean,18,fg_secondary_amine,0.001,R2,0,0.6842
probe_lr,mean,18,fg_secondary_amine,0.001,R2,1,0.6842
probe_lr,mean,18,fg_secondary_amine,0.001,R3,0,0.9474
probe_lr,mean,18,fg_secondary_amine,0.001,R3,1,0.9474
probe_lr,mean,18,fg_secondary_amine,0.001,R4,0,0.8421
probe_lr,mean,18,fg_secondary_amine,0.001,R4,1,0.8421
probe_lr,mean,18,fg_secondary_amine,0.001,R5,0,0.7895
probe_lr,mean,18,fg_secondary_amine,0.001,R5,1,0.7895
probe_lr,mean,18,fg_secondary_amine,0.001,R6,0,0.5789
probe_lr,mean,18,fg_secondary_amine,0.001,R6,1,0.5789
probe_lr,mean,18,fg_secondary_amine,0.001,R8,0,0.9474
probe_lr,mean,18,fg_secondary_amine,0.001,R8,1,0.9474
probe_lr,mean,18,fg_secondary_amine,0.001,R9,0,0.8421
probe_lr,mean,18,fg_secondary_amine,0.001,R9,1,0.8947
probe_lr,mean,18,fg_amide,0.001,qm9s_val,0,0.8272
probe_lr,mean,18,fg_amide,0.001,R0,0,0.8151
probe_lr,mean,18,fg_amide,0.001,R2,0,0.8611
probe_lr,mean,18,fg_amide,0.001,R2,1,0.8611
probe_lr,mean,18,fg_amide,0.001,R3,0,0.3889
probe_lr,mean,18,fg_amide,0.001,R3,1,0.3889
probe_lr,mean,18,fg_amide,0.001,R4,0,0.7778
probe_lr,mean,18,fg_amide,0.001,R4,1,0.7778
probe_lr,mean,18,fg_amide,0.001,R5,0,0.7778
probe_lr,mean,18,fg_amide,0.001,R5,1,0.7778
probe_lr,mean,18,fg_amide,0.001,R6,0,0.7778
probe_lr,mean,18,fg_amide,0.001,R6,1,0.7778
probe_lr,mean,18,fg_amide,0.001,R8,0,0.6111
probe_lr,mean,18,fg_amide,0.001,R8,1,0.6111
probe_lr,mean,18,fg_amide,0.001,R9,0,0.6111
probe_lr,mean,18,fg_amide,0.001,R9,1,0.6111
probe_lr,mean,18,fg_guanidine,0.001,qm9s_val,0,0.9485
probe_lr,mean,18,fg_guanidine,0.001,R0,0,0.9439
probe_lr,mean,18,fg_guanidine,0.001,R2,0,1.0
probe_lr,mean,18,fg_guanidine,0.001,R2,1,1.0
probe_lr,mean,18,fg_guanidine,0.001,R3,0,0.7368
probe_lr,mean,18,fg_guanidine,0.001,R3,1,0.7368
probe_lr,mean,18,fg_guanidine,0.001,R4,0,0.9474
probe_lr,mean,18,fg_guanidine,0.001,R4,1,0.9474
probe_lr,mean,18,fg_guanidine,0.001,R5,0,0.7368
probe_lr,mean,18,fg_guanidine,0.001,R5,1,0.7368
probe_lr,mean,18,fg_guanidine,0.001,R6,0,0.7895
probe_lr,mean,18,fg_guanidine,0.001,R6,1,0.7895
probe_lr,mean,18,fg_guanidine,0.001,R8,0,0.7895
probe_lr,mean,18,fg_guanidine,0.001,R8,1,0.7895
probe_lr,mean,18,fg_guanidine,0.001,R9,0,0.6316
probe_lr,mean,18,fg_guanidine,0.001,R9,1,0.6316
probe_lr,mean,18,fg_hydroxyl_aliphatic,0.001,qm9s_val,0,0.7142
probe_lr,mean,18,fg_hydroxyl_aliphatic,0.001,R0,0,0.7117
probe_lr,mean,18,fg_hydroxyl_aliphatic,0.001,R2,0,0.8611
probe_lr,mean,18,fg_hydroxyl_aliphatic,0.001,R2,1,0.8611
probe_lr,mean,18,fg_hydroxyl_aliphatic,0.001,R3,0,0.6944
probe_lr,mean,18,fg_hydroxyl_aliphatic,0.001,R3,1,0.6944
probe_lr,mean,18,fg_hydroxyl_aliphatic,0.001,R4,0,0.6111
probe_lr,mean,18,fg_hydroxyl_aliphatic,0.001,R4,1,0.6111
probe_lr,mean,18,fg_hydroxyl_aliphatic,0.001,R5,0,0.4722
probe_lr,mean,18,fg_hydroxyl_aliphatic,0.001,R5,1,0.4722
probe_lr,mean,18,fg_hydroxyl_aliphatic,0.001,R6,0,0.4722
probe_lr,mean,18,fg_hydroxyl_aliphatic,0.001,R6,1,0.4722
probe_lr,mean,18,fg_hydroxyl_aliphatic,0.001,R8,0,0.5278
probe_lr,mean,18,fg_hydroxyl_aliphatic,0.001,R8,1,0.5278
probe_lr,mean,18,fg_hydroxyl_aliphatic,0.001,R9,0,0.5278
probe_lr,mean,18,fg_hydroxyl_aliphatic,0.001,R9,1,0.5278
probe_lr,mean,18,fg_phenol,0.001,qm9s_val,0,0.9258
probe_lr,mean,18,fg_phenol,0.001,R0,0,0.9077
probe_lr,mean,18,fg_phenol,0.001,R2,0,0.8421
probe_lr,mean,18,fg_phenol,0.001,R2,1,0.8421
probe_lr,mean,18,fg_phenol,0.001,R3,0,0.8947
probe_lr,mean,18,fg_phenol,0.001,R3,1,0.8947
probe_lr,mean,18,fg_phenol,0.001,R4,0,0.3684
probe_lr,mean,18,fg_phenol,0.001,R4,1,0.3684
probe_lr,mean,18,fg_phenol,0.001,R5,0,0.5263
probe_lr,mean,18,fg_phenol,0.001,R5,1,0.5263
probe_lr,mean,18,fg_phenol,0.001,R6,0,0.2632
probe_lr,mean,18,fg_phenol,0.001,R6,1,0.2632
probe_lr,mean,18,fg_phenol,0.001,R8,0,0.0526
probe_lr,mean,18,fg_phenol,0.001,R8,1,0.0526
probe_lr,mean,18,fg_phenol,0.001,R9,0,0.8421
probe_lr,mean,18,fg_phenol,0.001,R9,1,0.8421
probe_lr,mean,18,fg_aromatic_ring,0.001,qm9s_val,0,0.9652
probe_lr,mean,18,fg_aromatic_ring,0.001,R0,0,0.9698
probe_lr,mean,18,fg_aromatic_ring,0.001,R2,0,0.9531
probe_lr,mean,18,fg_aromatic_ring,0.001,R2,1,0.9531
probe_lr,mean,18,fg_aromatic_ring,0.001,R3,0,0.9062
probe_lr,mean,18,fg_aromatic_ring,0.001,R3,1,0.9062
probe_lr,mean,18,fg_aromatic_ring,0.001,R4,0,0.5938
probe_lr,mean,18,fg_aromatic_ring,0.001,R4,1,0.5938
probe_lr,mean,18,fg_aromatic_ring,0.001,R5,0,0.4531
probe_lr,mean,18,fg_aromatic_ring,0.001,R5,1,0.4531
probe_lr,mean,18,fg_aromatic_ring,0.001,R6,0,0.5156
probe_lr,mean,18,fg_aromatic_ring,0.001,R6,1,0.5156
probe_lr,mean,18,fg_aromatic_ring,0.001,R8,0,0.4531
probe_lr,mean,18,fg_aromatic_ring,0.001,R8,1,0.4531
probe_lr,mean,18,fg_aromatic_ring,0.001,R9,0,0.5469
probe_lr,mean,18,fg_aromatic_ring,0.001,R9,1,0.5469
probe_lr,mean,18,fg_benzene_ring,0.001,qm9s_val,0,0.9873
probe_lr,mean,18,fg_benzene_ring,0.001,R0,0,0.9818
probe_lr,mean,18,fg_benzene_ring,0.001,R2,0,0.9608
probe_lr,mean,18,fg_benzene_ring,0.001,R2,1,0.9608
probe_lr,mean,18,fg_benzene_ring,0.001,R3,0,0.7843
probe_lr,mean,18,fg_benzene_ring,0.001,R3,1,0.7843
probe_lr,mean,18,fg_benzene_ring,0.001,R4,0,0.8235
probe_lr,mean,18,fg_benzene_ring,0.001,R4,1,0.8235
probe_lr,mean,18,fg_benzene_ring,0.001,R5,0,0.7059
probe_lr,mean,18,fg_benzene_ring,0.001,R5,1,0.7059
probe_lr,mean,18,fg_benzene_ring,0.001,R6,0,0.5686
probe_lr,mean,18,fg_benzene_ring,0.001,R6,1,0.5686
probe_lr,mean,18,fg_benzene_ring,0.001,R8,0,0.7451
probe_lr,mean,18,fg_benzene_ring,0.001,R8,1,0.7451
probe_lr,mean,18,fg_benzene_ring,0.001,R9,0,0.7843
probe_lr,mean,18,fg_benzene_ring,0.001,R9,1,0.7843
probe_lr,mean,18,fg_pyrrole_ring,0.001,qm9s_val,0,0.9275
probe_lr,mean,18,fg_pyrrole_ring,0.001,R0,0,0.9228
probe_lr,mean,18,fg_pyrrole_ring,0.001,R2,0,1.0
probe_lr,mean,18,fg_pyrrole_ring,0.001,R2,1,1.0
probe_lr,mean,18,fg_pyrrole_ring,0.001,R3,0,1.0
probe_lr,mean,18,fg_pyrrole_ring,0.001,R3,1,1.0
probe_lr,mean,18,fg_pyrrole_ring,0.001,R4,0,1.0
probe_lr,mean,18,fg_pyrrole_ring,0.001,R4,1,1.0
probe_lr,mean,18,fg_pyrrole_ring,0.001,R5,0,1.0
probe_lr,mean,18,fg_pyrrole_ring,0.001,R5,1,1.0
probe_lr,mean,18,fg_pyrrole_ring,0.001,R6,0,0.8947
probe_lr,mean,18,fg_pyrrole_ring,0.001,R6,1,0.8947
probe_lr,mean,18,fg_pyrrole_ring,0.001,R8,0,1.0
probe_lr,mean,18,fg_pyrrole_ring,0.001,R8,1,1.0
probe_lr,mean,18,fg_pyrrole_ring,0.001,R9,0,1.0
probe_lr,mean,18,fg_pyrrole_ring,0.001,R9,1,1.0
probe_lr,mean,18,fg_imidazole_ring,0.001,qm9s_val,0,0.9502
probe_lr,mean,18,fg_imidazole_ring,0.001,R0,0,0.9392
probe_lr,mean,18,fg_imidazole_ring,0.001,R2,0,1.0
probe_lr,mean,18,fg_imidazole_ring,0.001,R2,1,1.0
probe_lr,mean,18,fg_imidazole_ring,0.001,R3,0,1.0
probe_lr,mean,18,fg_imidazole_ring,0.001,R3,1,1.0
probe_lr,mean,18,fg_imidazole_ring,0.001,R4,0,0.5789
probe_lr,mean,18,fg_imidazole_ring,0.001,R4,1,0.5789
probe_lr,mean,18,fg_imidazole_ring,0.001,R5,0,0.5789
probe_lr,mean,18,fg_imidazole_ring,0.001,R5,1,0.5789
probe_lr,mean,18,fg_imidazole_ring,0.001,R6,0,0.5263
probe_lr,mean,18,fg_imidazole_ring,0.001,R6,1,0.5263
probe_lr,mean,18,fg_imidazole_ring,0.001,R8,0,0.6316
probe_lr,mean,18,fg_imidazole_ring,0.001,R8,1,0.6316
probe_lr,mean,18,fg_imidazole_ring,0.001,R9,0,0.4211
probe_lr,mean,18,fg_imidazole_ring,0.001,R9,1,0.4211
probe_mm,mean,18,fg_primary_amine,,qm9s_val,0,0.6797
probe_mm,mean,18,fg_primary_amine,,R0,0,0.7303
probe_mm,mean,18,fg_primary_amine,,R2,0,0.7895
probe_mm,mean,18,fg_primary_amine,,R2,1,0.7895
probe_mm,mean,18,fg_primary_amine,,R3,0,0.7368
probe_mm,mean,18,fg_primary_amine,,R3,1,0.7368
probe_mm,mean,18,fg_primary_amine,,R4,0,0.0
probe_mm,mean,18,fg_primary_amine,,R4,1,0.0
probe_mm,mean,18,fg_primary_amine,,R5,0,0.0526
probe_mm,mean,18,fg_primary_amine,,R5,1,0.0526
probe_mm,mean,18,fg_primary_amine,,R6,0,0.2105
probe_mm,mean,18,fg_primary_amine,,R6,1,0.2105
probe_mm,mean,18,fg_primary_amine,,R8,0,0.5789
probe_mm,mean,18,fg_primary_amine,,R8,1,0.5789
probe_mm,mean,18,fg_primary_amine,,R9,0,0.7895
probe_mm,mean,18,fg_primary_amine,,R9,1,0.7895
probe_mm,mean,18,fg_secondary_amine,,qm9s_val,0,0.635
probe_mm,mean,18,fg_secondary_amine,,R0,0,0.6435
probe_mm,mean,18,fg_secondary_amine,,R2,0,0.4211
probe_mm,mean,18,fg_secondary_amine,,R2,1,0.4211
probe_mm,mean,18,fg_secondary_amine,,R3,0,0.4737
probe_mm,mean,18,fg_secondary_amine,,R3,1,0.4737
probe_mm,mean,18,fg_secondary_amine,,R4,0,1.0
probe_mm,mean,18,fg_secondary_amine,,R4,1,1.0
probe_mm,mean,18,fg_secondary_amine,,R5,0,1.0
probe_mm,mean,18,fg_secondary_amine,,R5,1,1.0
probe_mm,mean,18,fg_secondary_amine,,R6,0,0.8947
probe_mm,mean,18,fg_secondary_amine,,R6,1,0.8947
probe_mm,mean,18,fg_secondary_amine,,R8,0,0.7368
probe_mm,mean,18,fg_secondary_amine,,R8,1,0.7368
probe_mm,mean,18,fg_secondary_amine,,R9,0,0.2105
probe_mm,mean,18,fg_secondary_amine,,R9,1,0.2105
probe_mm,mean,18,fg_amide,,qm9s_val,0,0.7803
probe_mm,mean,18,fg_amide,,R0,0,0.7531
probe_mm,mean,18,fg_amide,,R2,0,0.9167
probe_mm,mean,18,fg_amide,,R2,1,0.9167
probe_mm,mean,18,fg_amide,,R3,0,0.3889
probe_mm,mean,18,fg_amide,,R3,1,0.3889
probe_mm,mean,18,fg_amide,,R4,0,0.6389
probe_mm,mean,18,fg_amide,,R4,1,0.6389
probe_mm,mean,18,fg_amide,,R5,0,0.5833
probe_mm,mean,18,fg_amide,,R5,1,0.5833
probe_mm,mean,18,fg_amide,,R6,0,0.7222
probe_mm,mean,18,fg_amide,,R6,1,0.7222
probe_mm,mean,18,fg_amide,,R8,0,0.7222
probe_mm,mean,18,fg_amide,,R8,1,0.7222
probe_mm,mean,18,fg_amide,,R9,0,0.6389
probe_mm,mean,18,fg_amide,,R9,1,0.6389
probe_mm,mean,18,fg_guanidine,,qm9s_val,0,0.7852
probe_mm,mean,18,fg_guanidine,,R0,0,0.7926
probe_mm,mean,18,fg_guanidine,,R2,0,0.3158
probe_mm,mean,18,fg_guanidine,,R2,1,0.3158
probe_mm,mean,18,fg_guanidine,,R3,0,0.0526
probe_mm,mean,18,fg_guanidine,,R3,1,0.0526
probe_mm,mean,18,fg_guanidine,,R4,0,0.0526
probe_mm,mean,18,fg_guanidine,,R4,1,0.0526
probe_mm,mean,18,fg_guanidine,,R5,0,0.1579
probe_mm,mean,18,fg_guanidine,,R5,1,0.1579
probe_mm,mean,18,fg_guanidine,,R6,0,0.4737
probe_mm,mean,18,fg_guanidine,,R6,1,0.4737
probe_mm,mean,18,fg_guanidine,,R8,0,0.7895
probe_mm,mean,18,fg_guanidine,,R8,1,0.7895
probe_mm,mean,18,fg_guanidine,,R9,0,0.3158
probe_mm,mean,18,fg_guanidine,,R9,1,0.3158
probe_mm,mean,18,fg_hydroxyl_aliphatic,,qm9s_val,0,0.6296
probe_mm,mean,18,fg_hydroxyl_aliphatic,,R0,0,0.6556
probe_mm,mean,18,fg_hydroxyl_aliphatic,,R2,0,0.8056
probe_mm,mean,18,fg_hydroxyl_aliphatic,,R2,1,0.8056
probe_mm,mean,18,fg_hydroxyl_aliphatic,,R3,0,0.6111
probe_mm,mean,18,fg_hydroxyl_aliphatic,,R3,1,0.6111
probe_mm,mean,18,fg_hydroxyl_aliphatic,,R4,0,0.3889
probe_mm,mean,18,fg_hydroxyl_aliphatic,,R4,1,0.3889
probe_mm,mean,18,fg_hydroxyl_aliphatic,,R5,0,0.3611
probe_mm,mean,18,fg_hydroxyl_aliphatic,,R5,1,0.3611
probe_mm,mean,18,fg_hydroxyl_aliphatic,,R6,0,0.5278
probe_mm,mean,18,fg_hydroxyl_aliphatic,,R6,1,0.5278
probe_mm,mean,18,fg_hydroxyl_aliphatic,,R8,0,0.6944
probe_mm,mean,18,fg_hydroxyl_aliphatic,,R8,1,0.6944
probe_mm,mean,18,fg_hydroxyl_aliphatic,,R9,0,0.5278
probe_mm,mean,18,fg_hydroxyl_aliphatic,,R9,1,0.5278
probe_mm,mean,18,fg_phenol,,qm9s_val,0,0.8412
probe_mm,mean,18,fg_phenol,,R0,0,0.7899
probe_mm,mean,18,fg_phenol,,R2,0,0.7895
probe_mm,mean,18,fg_phenol,,R2,1,0.7895
probe_mm,mean,18,fg_phenol,,R3,0,0.7368
probe_mm,mean,18,fg_phenol,,R3,1,0.7368
probe_mm,mean,18,fg_phenol,,R4,0,0.7895
probe_mm,mean,18,fg_phenol,,R4,1,0.7895
probe_mm,mean,18,fg_phenol,,R5,0,0.4737
probe_mm,mean,18,fg_phenol,,R5,1,0.4737
probe_mm,mean,18,fg_phenol,,R6,0,0.6842
probe_mm,mean,18,fg_phenol,,R6,1,0.6842
probe_mm,mean,18,fg_phenol,,R8,0,0.3684
probe_mm,mean,18,fg_phenol,,R8,1,0.3684
probe_mm,mean,18,fg_phenol,,R9,0,0.0
probe_mm,mean,18,fg_phenol,,R9,1,0.0
probe_mm,mean,18,fg_aromatic_ring,,qm9s_val,0,0.8773
probe_mm,mean,18,fg_aromatic_ring,,R0,0,0.8685
probe_mm,mean,18,fg_aromatic_ring,,R2,0,0.8281
probe_mm,mean,18,fg_aromatic_ring,,R2,1,0.8281
probe_mm,mean,18,fg_aromatic_ring,,R3,0,0.8281
probe_mm,mean,18,fg_aromatic_ring,,R3,1,0.8281
probe_mm,mean,18,fg_aromatic_ring,,R4,0,0.7344
probe_mm,mean,18,fg_aromatic_ring,,R4,1,0.7344
probe_mm,mean,18,fg_aromatic_ring,,R5,0,0.4531
probe_mm,mean,18,fg_aromatic_ring,,R5,1,0.4531
probe_mm,mean,18,fg_aromatic_ring,,R6,0,0.6406
probe_mm,mean,18,fg_aromatic_ring,,R6,1,0.6406
probe_mm,mean,18,fg_aromatic_ring,,R8,0,0.2969
probe_mm,mean,18,fg_aromatic_ring,,R8,1,0.2969
probe_mm,mean,18,fg_aromatic_ring,,R9,0,0.5156
probe_mm,mean,18,fg_aromatic_ring,,R9,1,0.5156
probe_mm,mean,18,fg_benzene_ring,,qm9s_val,0,0.8477
probe_mm,mean,18,fg_benzene_ring,,R0,0,0.8332
probe_mm,mean,18,fg_benzene_ring,,R2,0,0.902
probe_mm,mean,18,fg_benzene_ring,,R2,1,0.902
probe_mm,mean,18,fg_benzene_ring,,R3,0,0.7647
probe_mm,mean,18,fg_benzene_ring,,R3,1,0.7647
probe_mm,mean,18,fg_benzene_ring,,R4,0,0.8627
probe_mm,mean,18,fg_benzene_ring,,R4,1,0.8627
probe_mm,mean,18,fg_benzene_ring,,R5,0,0.549
probe_mm,mean,18,fg_benzene_ring,,R5,1,0.549
probe_mm,mean,18,fg_benzene_ring,,R6,0,0.7843
probe_mm,mean,18,fg_benzene_ring,,R6,1,0.7843
probe_mm,mean,18,fg_benzene_ring,,R8,0,0.2353
probe_mm,mean,18,fg_benzene_ring,,R8,1,0.2353
probe_mm,mean,18,fg_benzene_ring,,R9,0,0.3922
probe_mm,mean,18,fg_benzene_ring,,R9,1,0.3922
probe_mm,mean,18,fg_pyrrole_ring,,qm9s_val,0,0.7895
probe_mm,mean,18,fg_pyrrole_ring,,R0,0,0.8132
probe_mm,mean,18,fg_pyrrole_ring,,R2,0,0.9474
probe_mm,mean,18,fg_pyrrole_ring,,R2,1,0.9474
probe_mm,mean,18,fg_pyrrole_ring,,R3,0,0.9474
probe_mm,mean,18,fg_pyrrole_ring,,R3,1,0.9474
probe_mm,mean,18,fg_pyrrole_ring,,R4,0,0.9474
probe_mm,mean,18,fg_pyrrole_ring,,R4,1,0.9474
probe_mm,mean,18,fg_pyrrole_ring,,R5,0,0.3158
probe_mm,mean,18,fg_pyrrole_ring,,R5,1,0.3158
probe_mm,mean,18,fg_pyrrole_ring,,R6,0,0.7368
probe_mm,mean,18,fg_pyrrole_ring,,R6,1,0.7368
probe_mm,mean,18,fg_pyrrole_ring,,R8,0,0.0526
probe_mm,mean,18,fg_pyrrole_ring,,R8,1,0.0526
probe_mm,mean,18,fg_pyrrole_ring,,R9,0,0.4211
probe_mm,mean,18,fg_pyrrole_ring,,R9,1,0.4211
probe_mm,mean,18,fg_imidazole_ring,,qm9s_val,0,0.8399
probe_mm,mean,18,fg_imidazole_ring,,R0,0,0.8316
probe_mm,mean,18,fg_imidazole_ring,,R2,0,0.5263
probe_mm,mean,18,fg_imidazole_ring,,R2,1,0.5263
probe_mm,mean,18,fg_imidazole_ring,,R3,0,0.8947
probe_mm,mean,18,fg_imidazole_ring,,R3,1,0.8947
probe_mm,mean,18,fg_imidazole_ring,,R4,0,0.2632
probe_mm,mean,18,fg_imidazole_ring,,R4,1,0.2632
probe_mm,mean,18,fg_imidazole_ring,,R5,0,0.2105
probe_mm,mean,18,fg_imidazole_ring,,R5,1,0.2105
probe_mm,mean,18,fg_imidazole_ring,,R6,0,0.2632
probe_mm,mean,18,fg_imidazole_ring,,R6,1,0.2632
probe_mm,mean,18,fg_imidazole_ring,,R8,0,0.5789
probe_mm,mean,18,fg_imidazole_ring,,R8,1,0.5789
probe_mm,mean,18,fg_imidazole_ring,,R9,0,0.8421
probe_mm,mean,18,fg_imidazole_ring,,R9,1,0.8421
probe_lr,mean,21,fg_primary_amine,0.001,qm9s_val,0,0.8744
probe_lr,mean,21,fg_primary_amine,0.001,R0,0,0.8789
probe_lr,mean,21,fg_primary_amine,0.001,R2,0,0.9474
probe_lr,mean,21,fg_primary_amine,0.001,R2,1,0.9474
probe_lr,mean,21,fg_primary_amine,0.001,R3,0,0.2632
probe_lr,mean,21,fg_primary_amine,0.001,R3,1,0.2632
probe_lr,mean,21,fg_primary_amine,0.001,R4,0,0.4211
probe_lr,mean,21,fg_primary_amine,0.001,R4,1,0.4211
probe_lr,mean,21,fg_primary_amine,0.001,R5,0,0.4211
probe_lr,mean,21,fg_primary_amine,0.001,R5,1,0.4211
probe_lr,mean,21,fg_primary_amine,0.001,R6,0,0.3158
probe_lr,mean,21,fg_primary_amine,0.001,R6,1,0.3158
probe_lr,mean,21,fg_primary_amine,0.001,R8,0,0.6842
probe_lr,mean,21,fg_primary_amine,0.001,R8,1,0.6842
probe_lr,mean,21,fg_primary_amine,0.001,R9,0,0.8947
probe_lr,mean,21,fg_primary_amine,0.001,R9,1,0.8947
probe_lr,mean,21,fg_secondary_amine,0.001,qm9s_val,0,0.6832
probe_lr,mean,21,fg_secondary_amine,0.001,R0,0,0.7146
probe_lr,mean,21,fg_secondary_amine,0.001,R2,0,0.5263
probe_lr,mean,21,fg_secondary_amine,0.001,R2,1,0.5263
probe_lr,mean,21,fg_secondary_amine,0.001,R3,0,0.6842
probe_lr,mean,21,fg_secondary_amine,0.001,R3,1,0.6842
probe_lr,mean,21,fg_secondary_amine,0.001,R4,0,0.4211
probe_lr,mean,21,fg_secondary_amine,0.001,R4,1,0.4211
probe_lr,mean,21,fg_secondary_amine,0.001,R5,0,0.4211
probe_lr,mean,21,fg_secondary_amine,0.001,R5,1,0.4211
probe_lr,mean,21,fg_secondary_amine,0.001,R6,0,0.2105
probe_lr,mean,21,fg_secondary_amine,0.001,R6,1,0.2105
probe_lr,mean,21,fg_secondary_amine,0.001,R8,0,0.7368
probe_lr,mean,21,fg_secondary_amine,0.001,R8,1,0.7368
probe_lr,mean,21,fg_secondary_amine,0.001,R9,0,0.8421
probe_lr,mean,21,fg_secondary_amine,0.001,R9,1,0.8421
probe_lr,mean,21,fg_amide,0.001,qm9s_val,0,0.8265
probe_lr,mean,21,fg_amide,0.001,R0,0,0.8104
probe_lr,mean,21,fg_amide,0.001,R2,0,0.75
probe_lr,mean,21,fg_amide,0.001,R2,1,0.75
probe_lr,mean,21,fg_amide,0.001,R3,0,0.5
probe_lr,mean,21,fg_amide,0.001,R3,1,0.5
probe_lr,mean,21,fg_amide,0.001,R4,0,1.0
probe_lr,mean,21,fg_amide,0.001,R4,1,1.0
probe_lr,mean,21,fg_amide,0.001,R5,0,0.8056
probe_lr,mean,21,fg_amide,0.001,R5,1,0.8056
probe_lr,mean,21,fg_amide,0.001,R6,0,0.9167
probe_lr,mean,21,fg_amide,0.001,R6,1,0.9167
probe_lr,mean,21,fg_amide,0.001,R8,0,0.5
probe_lr,mean,21,fg_amide,0.001,R8,1,0.5
probe_lr,mean,21,fg_amide,0.001,R9,0,0.6111
probe_lr,mean,21,fg_amide,0.001,R9,1,0.6111
probe_lr,mean,21,fg_guanidine,0.001,qm9s_val,0,0.9406
probe_lr,mean,21,fg_guanidine,0.001,R0,0,0.9395
probe_lr,mean,21,fg_guanidine,0.001,R2,0,0.8947
probe_lr,mean,21,fg_guanidine,0.001,R2,1,0.8947
probe_lr,mean,21,fg_guanidine,0.001,R3,0,0.7895
probe_lr,mean,21,fg_guanidine,0.001,R3,1,0.7895
probe_lr,mean,21,fg_guanidine,0.001,R4,0,1.0
probe_lr,mean,21,fg_guanidine,0.001,R4,1,1.0
probe_lr,mean,21,fg_guanidine,0.001,R5,0,0.7368
probe_lr,mean,21,fg_guanidine,0.001,R5,1,0.7368
probe_lr,mean,21,fg_guanidine,0.001,R6,0,0.6842
probe_lr,mean,21,fg_guanidine,0.001,R6,1,0.6842
probe_lr,mean,21,fg_guanidine,0.001,R8,0,0.7368
probe_lr,mean,21,fg_guanidine,0.001,R8,1,0.7368
probe_lr,mean,21,fg_guanidine,0.001,R9,0,0.6842
probe_lr,mean,21,fg_guanidine,0.001,R9,1,0.6842
probe_lr,mean,21,fg_hydroxyl_aliphatic,0.001,qm9s_val,0,0.7102
probe_lr,mean,21,fg_hydroxyl_aliphatic,0.001,R0,0,0.7104
probe_lr,mean,21,fg_hydroxyl_aliphatic,0.001,R2,0,0.8333
probe_lr,mean,21,fg_hydroxyl_aliphatic,0.001,R2,1,0.8333
probe_lr,mean,21,fg_hydroxyl_aliphatic,0.001,R3,0,0.7222
probe_lr,mean,21,fg_hydroxyl_aliphatic,0.001,R3,1,0.7222
probe_lr,mean,21,fg_hydroxyl_aliphatic,0.001,R4,0,0.6667
probe_lr,mean,21,fg_hydroxyl_aliphatic,0.001,R4,1,0.6667
probe_lr,mean,21,fg_hydroxyl_aliphatic,0.001,R5,0,0.6111
probe_lr,mean,21,fg_hydroxyl_aliphatic,0.001,R5,1,0.6111
probe_lr,mean,21,fg_hydroxyl_aliphatic,0.001,R6,0,0.5833
probe_lr,mean,21,fg_hydroxyl_aliphatic,0.001,R6,1,0.5833
probe_lr,mean,21,fg_hydroxyl_aliphatic,0.001,R8,0,0.5
probe_lr,mean,21,fg_hydroxyl_aliphatic,0.001,R8,1,0.5
probe_lr,mean,21,fg_hydroxyl_aliphatic,0.001,R9,0,0.5278
probe_lr,mean,21,fg_hydroxyl_aliphatic,0.001,R9,1,0.5278
probe_lr,mean,21,fg_phenol,0.001,qm9s_val,0,0.9319
probe_lr,mean,21,fg_phenol,0.001,R0,0,0.9087
probe_lr,mean,21,fg_phenol,0.001,R2,0,0.7895
probe_lr,mean,21,fg_phenol,0.001,R2,1,0.7895
probe_lr,mean,21,fg_phenol,0.001,R3,0,0.8947
probe_lr,mean,21,fg_phenol,0.001,R3,1,0.8947
probe_lr,mean,21,fg_phenol,0.001,R4,0,0.4211
probe_lr,mean,21,fg_phenol,0.001,R4,1,0.4211
probe_lr,mean,21,fg_phenol,0.001,R5,0,0.5263
probe_lr,mean,21,fg_phenol,0.001,R5,1,0.5263
probe_lr,mean,21,fg_phenol,0.001,R6,0,0.3158
probe_lr,mean,21,fg_phenol,0.001,R6,1,0.3158
probe_lr,mean,21,fg_phenol,0.001,R8,0,0.1053
probe_lr,mean,21,fg_phenol,0.001,R8,1,0.1053
probe_lr,mean,21,fg_phenol,0.001,R9,0,0.6842
probe_lr,mean,21,fg_phenol,0.001,R9,1,0.6842
probe_lr,mean,21,fg_aromatic_ring,0.001,qm9s_val,0,0.9664
probe_lr,mean,21,fg_aromatic_ring,0.001,R0,0,0.9688
probe_lr,mean,21,fg_aromatic_ring,0.001,R2,0,0.9531
probe_lr,mean,21,fg_aromatic_ring,0.001,R2,1,0.9531
probe_lr,mean,21,fg_aromatic_ring,0.001,R3,0,0.9375
probe_lr,mean,21,fg_aromatic_ring,0.001,R3,1,0.9375
probe_lr,mean,21,fg_aromatic_ring,0.001,R4,0,0.6406
probe_lr,mean,21,fg_aromatic_ring,0.001,R4,1,0.6406
probe_lr,mean,21,fg_aromatic_ring,0.001,R5,0,0.4844
probe_lr,mean,21,fg_aromatic_ring,0.001,R5,1,0.4844
probe_lr,mean,21,fg_aromatic_ring,0.001,R6,0,0.4062
probe_lr,mean,21,fg_aromatic_ring,0.001,R6,1,0.4062
probe_lr,mean,21,fg_aromatic_ring,0.001,R8,0,0.4531
probe_lr,mean,21,fg_aromatic_ring,0.001,R8,1,0.4531
probe_lr,mean,21,fg_aromatic_ring,0.001,R9,0,0.5469
probe_lr,mean,21,fg_aromatic_ring,0.001,R9,1,0.5469
probe_lr,mean,21,fg_benzene_ring,0.001,qm9s_val,0,0.987
probe_lr,mean,21,fg_benzene_ring,0.001,R0,0,0.9809
probe_lr,mean,21,fg_benzene_ring,0.001,R2,0,0.9412
probe_lr,mean,21,fg_benzene_ring,0.001,R2,1,0.9412
probe_lr,mean,21,fg_benzene_ring,0.001,R3,0,0.7843
probe_lr,mean,21,fg_benzene_ring,0.001,R3,1,0.7843
probe_lr,mean,21,fg_benzene_ring,0.001,R4,0,0.8431
probe_lr,mean,21,fg_benzene_ring,0.001,R4,1,0.8431
probe_lr,mean,21,fg_benzene_ring,0.001,R5,0,0.5686
probe_lr,mean,21,fg_benzene_ring,0.001,R5,1,0.5686
probe_lr,mean,21,fg_benzene_ring,0.001,R6,0,0.4706
probe_lr,mean,21,fg_benzene_ring,0.001,R6,1,0.4706
probe_lr,mean,21,fg_benzene_ring,0.001,R8,0,0.7843
probe_lr,mean,21,fg_benzene_ring,0.001,R8,1,0.7843
probe_lr,mean,21,fg_benzene_ring,0.001,R9,0,0.6863
probe_lr,mean,21,fg_benzene_ring,0.001,R9,1,0.6863
probe_lr,mean,21,fg_pyrrole_ring,0.001,qm9s_val,0,0.9225
probe_lr,mean,21,fg_pyrrole_ring,0.001,R0,0,0.9287
probe_lr,mean,21,fg_pyrrole_ring,0.001,R2,0,1.0
probe_lr,mean,21,fg_pyrrole_ring,0.001,R2,1,1.0
probe_lr,mean,21,fg_pyrrole_ring,0.001,R3,0,1.0
probe_lr,mean,21,fg_pyrrole_ring,0.001,R3,1,1.0
probe_lr,mean,21,fg_pyrrole_ring,0.001,R4,0,1.0
probe_lr,mean,21,fg_pyrrole_ring,0.001,R4,1,1.0
probe_lr,mean,21,fg_pyrrole_ring,0.001,R5,0,1.0
probe_lr,mean,21,fg_pyrrole_ring,0.001,R5,1,1.0
probe_lr,mean,21,fg_pyrrole_ring,0.001,R6,0,1.0
probe_lr,mean,21,fg_pyrrole_ring,0.001,R6,1,1.0
probe_lr,mean,21,fg_pyrrole_ring,0.001,R8,0,1.0
probe_lr,mean,21,fg_pyrrole_ring,0.001,R8,1,1.0
probe_lr,mean,21,fg_pyrrole_ring,0.001,R9,0,1.0
probe_lr,mean,21,fg_pyrrole_ring,0.001,R9,1,1.0
probe_lr,mean,21,fg_imidazole_ring,0.001,qm9s_val,0,0.9645
probe_lr,mean,21,fg_imidazole_ring,0.001,R0,0,0.9441
probe_lr,mean,21,fg_imidazole_ring,0.001,R2,0,1.0
probe_lr,mean,21,fg_imidazole_ring,0.001,R2,1,1.0
probe_lr,mean,21,fg_imidazole_ring,0.001,R3,0,1.0
probe_lr,mean,21,fg_imidazole_ring,0.001,R3,1,1.0
probe_lr,mean,21,fg_imidazole_ring,0.001,R4,0,0.8421
probe_lr,mean,21,fg_imidazole_ring,0.001,R4,1,0.8421
probe_lr,mean,21,fg_imidazole_ring,0.001,R5,0,0.2632
probe_lr,mean,21,fg_imidazole_ring,0.001,R5,1,0.2632
probe_lr,mean,21,fg_imidazole_ring,0.001,R6,0,0.3684
probe_lr,mean,21,fg_imidazole_ring,0.001,R6,1,0.3684
probe_lr,mean,21,fg_imidazole_ring,0.001,R8,0,0.7895
probe_lr,mean,21,fg_imidazole_ring,0.001,R8,1,0.7895
probe_lr,mean,21,fg_imidazole_ring,0.001,R9,0,0.3158
probe_lr,mean,21,fg_imidazole_ring,0.001,R9,1,0.3158
probe_mm,mean,21,fg_primary_amine,,qm9s_val,0,0.6495
probe_mm,mean,21,fg_primary_amine,,R0,0,0.7097
probe_mm,mean,21,fg_primary_amine,,R2,0,0.7895
probe_mm,mean,21,fg_primary_amine,,R2,1,0.7895
probe_mm,mean,21,fg_primary_amine,,R3,0,0.6316
probe_mm,mean,21,fg_primary_amine,,R3,1,0.6316
probe_mm,mean,21,fg_primary_amine,,R4,0,0.2105
probe_mm,mean,21,fg_primary_amine,,R4,1,0.2105
probe_mm,mean,21,fg_primary_amine,,R5,0,0.2632
probe_mm,mean,21,fg_primary_amine,,R5,1,0.2632
probe_mm,mean,21,fg_primary_amine,,R6,0,0.3684
probe_mm,mean,21,fg_primary_amine,,R6,1,0.3684
probe_mm,mean,21,fg_primary_amine,,R8,0,0.3684
probe_mm,mean,21,fg_primary_amine,,R8,1,0.3684
probe_mm,mean,21,fg_primary_amine,,R9,0,0.7895
probe_mm,mean,21,fg_primary_amine,,R9,1,0.7895
probe_mm,mean,21,fg_secondary_amine,,qm9s_val,0,0.6337
probe_mm,mean,21,fg_secondary_amine,,R0,0,0.6424
probe_mm,mean,21,fg_secondary_amine,,R2,0,0.4737
probe_mm,mean,21,fg_secondary_amine,,R2,1,0.4737
probe_mm,mean,21,fg_secondary_amine,,R3,0,0.4737
probe_mm,mean,21,fg_secondary_amine,,R3,1,0.4737
probe_mm,mean,21,fg_secondary_amine,,R4,0,1.0
probe_mm,mean,21,fg_secondary_amine,,R4,1,1.0
probe_mm,mean,21,fg_secondary_amine,,R5,0,1.0
probe_mm,mean,21,fg_secondary_amine,,R5,1,1.0
probe_mm,mean,21,fg_secondary_amine,,R6,0,0.7895
probe_mm,mean,21,fg_secondary_amine,,R6,1,0.7895
probe_mm,mean,21,fg_secondary_amine,,R8,0,0.7368
probe_mm,mean,21,fg_secondary_amine,,R8,1,0.7368
probe_mm,mean,21,fg_secondary_amine,,R9,0,0.2105
probe_mm,mean,21,fg_secondary_amine,,R9,1,0.2105
probe_mm,mean,21,fg_amide,,qm9s_val,0,0.7611
probe_mm,mean,21,fg_amide,,R0,0,0.7487
probe_mm,mean,21,fg_amide,,R2,0,0.8611
probe_mm,mean,21,fg_amide,,R2,1,0.8611
probe_mm,mean,21,fg_amide,,R3,0,0.6667
probe_mm,mean,21,fg_amide,,R3,1,0.6667
probe_mm,mean,21,fg_amide,,R4,0,0.8333
probe_mm,mean,21,fg_amide,,R4,1,0.8333
probe_mm,mean,21,fg_amide,,R5,0,0.7222
probe_mm,mean,21,fg_amide,,R5,1,0.7222
probe_mm,mean,21,fg_amide,,R6,0,0.7778
probe_mm,mean,21,fg_amide,,R6,1,0.7778
probe_mm,mean,21,fg_amide,,R8,0,0.8333
probe_mm,mean,21,fg_amide,,R8,1,0.8333
probe_mm,mean,21,fg_amide,,R9,0,0.6111
probe_mm,mean,21,fg_amide,,R9,1,0.6111
probe_mm,mean,21,fg_guanidine,,qm9s_val,0,0.8096
probe_mm,mean,21,fg_guanidine,,R0,0,0.8145
probe_mm,mean,21,fg_guanidine,,R2,0,0.1579
probe_mm,mean,21,fg_guanidine,,R2,1,0.1579
probe_mm,mean,21,fg_guanidine,,R3,0,0.0526
probe_mm,mean,21,fg_guanidine,,R3,1,0.0526
probe_mm,mean,21,fg_guanidine,,R4,0,0.2632
probe_mm,mean,21,fg_guanidine,,R4,1,0.2632
probe_mm,mean,21,fg_guanidine,,R5,0,0.1053
probe_mm,mean,21,fg_guanidine,,R5,1,0.1053
probe_mm,mean,21,fg_guanidine,,R6,0,0.4737
probe_mm,mean,21,fg_guanidine,,R6,1,0.4737
probe_mm,mean,21,fg_guanidine,,R8,0,0.4737
probe_mm,mean,21,fg_guanidine,,R8,1,0.4737
probe_mm,mean,21,fg_guanidine,,R9,0,0.3684
probe_mm,mean,21,fg_guanidine,,R9,1,0.3684
probe_mm,mean,21,fg_hydroxyl_aliphatic,,qm9s_val,0,0.6266
probe_mm,mean,21,fg_hydroxyl_aliphatic,,R0,0,0.6521
probe_mm,mean,21,fg_hydroxyl_aliphatic,,R2,0,0.7778
probe_mm,mean,21,fg_hydroxyl_aliphatic,,R2,1,0.7778
probe_mm,mean,21,fg_hydroxyl_aliphatic,,R3,0,0.6111
probe_mm,mean,21,fg_hydroxyl_aliphatic,,R3,1,0.6111
probe_mm,mean,21,fg_hydroxyl_aliphatic,,R4,0,0.5
probe_mm,mean,21,fg_hydroxyl_aliphatic,,R4,1,0.5
probe_mm,mean,21,fg_hydroxyl_aliphatic,,R5,0,0.3611
probe_mm,mean,21,fg_hydroxyl_aliphatic,,R5,1,0.3611
probe_mm,mean,21,fg_hydroxyl_aliphatic,,R6,0,0.5278
probe_mm,mean,21,fg_hydroxyl_aliphatic,,R6,1,0.5278
probe_mm,mean,21,fg_hydroxyl_aliphatic,,R8,0,0.7222
probe_mm,mean,21,fg_hydroxyl_aliphatic,,R8,1,0.7222
probe_mm,mean,21,fg_hydroxyl_aliphatic,,R9,0,0.5556
probe_mm,mean,21,fg_hydroxyl_aliphatic,,R9,1,0.5556
probe_mm,mean,21,fg_phenol,,qm9s_val,0,0.8373
probe_mm,mean,21,fg_phenol,,R0,0,0.7847
probe_mm,mean,21,fg_phenol,,R2,0,0.7895
probe_mm,mean,21,fg_phenol,,R2,1,0.7895
probe_mm,mean,21,fg_phenol,,R3,0,0.7368
probe_mm,mean,21,fg_phenol,,R3,1,0.7368
probe_mm,mean,21,fg_phenol,,R4,0,0.8421
probe_mm,mean,21,fg_phenol,,R4,1,0.8421
probe_mm,mean,21,fg_phenol,,R5,0,0.4737
probe_mm,mean,21,fg_phenol,,R5,1,0.4737
probe_mm,mean,21,fg_phenol,,R6,0,0.6842
probe_mm,mean,21,fg_phenol,,R6,1,0.6842
probe_mm,mean,21,fg_phenol,,R8,0,0.3684
probe_mm,mean,21,fg_phenol,,R8,1,0.3684
probe_mm,mean,21,fg_phenol,,R9,0,0.0
probe_mm,mean,21,fg_phenol,,R9,1,0.0
probe_mm,mean,21,fg_aromatic_ring,,qm9s_val,0,0.8759
probe_mm,mean,21,fg_aromatic_ring,,R0,0,0.8669
probe_mm,mean,21,fg_aromatic_ring,,R2,0,0.8906
probe_mm,mean,21,fg_aromatic_ring,,R2,1,0.8906
probe_mm,mean,21,fg_aromatic_ring,,R3,0,0.8594
probe_mm,mean,21,fg_aromatic_ring,,R3,1,0.8594
probe_mm,mean,21,fg_aromatic_ring,,R4,0,0.7812
probe_mm,mean,21,fg_aromatic_ring,,R4,1,0.7812
probe_mm,mean,21,fg_aromatic_ring,,R5,0,0.4688
probe_mm,mean,21,fg_aromatic_ring,,R5,1,0.4688
probe_mm,mean,21,fg_aromatic_ring,,R6,0,0.6562
probe_mm,mean,21,fg_aromatic_ring,,R6,1,0.6562
probe_mm,mean,21,fg_aromatic_ring,,R8,0,0.2656
probe_mm,mean,21,fg_aromatic_ring,,R8,1,0.2656
probe_mm,mean,21,fg_aromatic_ring,,R9,0,0.5312
probe_mm,mean,21,fg_aromatic_ring,,R9,1,0.5156
probe_mm,mean,21,fg_benzene_ring,,qm9s_val,0,0.8461
probe_mm,mean,21,fg_benzene_ring,,R0,0,0.8311
probe_mm,mean,21,fg_benzene_ring,,R2,0,0.902
probe_mm,mean,21,fg_benzene_ring,,R2,1,0.902
probe_mm,mean,21,fg_benzene_ring,,R3,0,0.7647
probe_mm,mean,21,fg_benzene_ring,,R3,1,0.7647
probe_mm,mean,21,fg_benzene_ring,,R4,0,0.8627
probe_mm,mean,21,fg_benzene_ring,,R4,1,0.8627
probe_mm,mean,21,fg_benzene_ring,,R5,0,0.5294
probe_mm,mean,21,fg_benzene_ring,,R5,1,0.5294
probe_mm,mean,21,fg_benzene_ring,,R6,0,0.7059
probe_mm,mean,21,fg_benzene_ring,,R6,1,0.7059
probe_mm,mean,21,fg_benzene_ring,,R8,0,0.2157
probe_mm,mean,21,fg_benzene_ring,,R8,1,0.2157
probe_mm,mean,21,fg_benzene_ring,,R9,0,0.3922
probe_mm,mean,21,fg_benzene_ring,,R9,1,0.3725
probe_mm,mean,21,fg_pyrrole_ring,,qm9s_val,0,0.7985
probe_mm,mean,21,fg_pyrrole_ring,,R0,0,0.8194
probe_mm,mean,21,fg_pyrrole_ring,,R2,0,0.9474
probe_mm,mean,21,fg_pyrrole_ring,,R2,1,0.9474
probe_mm,mean,21,fg_pyrrole_ring,,R3,0,0.9474
probe_mm,mean,21,fg_pyrrole_ring,,R3,1,0.9474
probe_mm,mean,21,fg_pyrrole_ring,,R4,0,0.9474
probe_mm,mean,21,fg_pyrrole_ring,,R4,1,0.9474
probe_mm,mean,21,fg_pyrrole_ring,,R5,0,0.3684
probe_mm,mean,21,fg_pyrrole_ring,,R5,1,0.3684
probe_mm,mean,21,fg_pyrrole_ring,,R6,0,0.8421
probe_mm,mean,21,fg_pyrrole_ring,,R6,1,0.8421
probe_mm,mean,21,fg_pyrrole_ring,,R8,0,0.0526
probe_mm,mean,21,fg_pyrrole_ring,,R8,1,0.0526
probe_mm,mean,21,fg_pyrrole_ring,,R9,0,0.4211
probe_mm,mean,21,fg_pyrrole_ring,,R9,1,0.4211
probe_mm,mean,21,fg_imidazole_ring,,qm9s_val,0,0.8422
probe_mm,mean,21,fg_imidazole_ring,,R0,0,0.8452
probe_mm,mean,21,fg_imidazole_ring,,R2,0,0.6842
probe_mm,mean,21,fg_imidazole_ring,,R2,1,0.6842
probe_mm,mean,21,fg_imidazole_ring,,R3,0,0.8947
probe_mm,mean,21,fg_imidazole_ring,,R3,1,0.8947
probe_mm,mean,21,fg_imidazole_ring,,R4,0,0.5263
probe_mm,mean,21,fg_imidazole_ring,,R4,1,0.5263
probe_mm,mean,21,fg_imidazole_ring,,R5,0,0.3158
probe_mm,mean,21,fg_imidazole_ring,,R5,1,0.3158
probe_mm,mean,21,fg_imidazole_ring,,R6,0,0.1579
probe_mm,mean,21,fg_imidazole_ring,,R6,1,0.1579
probe_mm,mean,21,fg_imidazole_ring,,R8,0,0.6316
probe_mm,mean,21,fg_imidazole_ring,,R8,1,0.6316
probe_mm,mean,21,fg_imidazole_ring,,R9,0,0.8421
probe_mm,mean,21,fg_imidazole_ring,,R9,1,0.8421
probe_lr,mean,24,fg_primary_amine,0.001,qm9s_val,0,0.893
probe_lr,mean,24,fg_primary_amine,0.001,R0,0,0.8885
probe_lr,mean,24,fg_primary_amine,0.001,R2,0,1.0
probe_lr,mean,24,fg_primary_amine,0.001,R2,1,1.0
probe_lr,mean,24,fg_primary_amine,0.001,R3,0,0.2105
probe_lr,mean,24,fg_primary_amine,0.001,R3,1,0.2105
probe_lr,mean,24,fg_primary_amine,0.001,R4,0,0.1579
probe_lr,mean,24,fg_primary_amine,0.001,R4,1,0.1579
probe_lr,mean,24,fg_primary_amine,0.001,R5,0,0.2632
probe_lr,mean,24,fg_primary_amine,0.001,R5,1,0.2632
probe_lr,mean,24,fg_primary_amine,0.001,R6,0,0.2632
probe_lr,mean,24,fg_primary_amine,0.001,R6,1,0.2632
probe_lr,mean,24,fg_primary_amine,0.001,R8,0,0.6842
probe_lr,mean,24,fg_primary_amine,0.001,R8,1,0.6842
probe_lr,mean,24,fg_primary_amine,0.001,R9,0,0.8947
probe_lr,mean,24,fg_primary_amine,0.001,R9,1,0.8947
probe_lr,mean,24,fg_secondary_amine,0.001,qm9s_val,0,0.6846
probe_lr,mean,24,fg_secondary_amine,0.001,R0,0,0.7212
probe_lr,mean,24,fg_secondary_amine,0.001,R2,0,0.6842
probe_lr,mean,24,fg_secondary_amine,0.001,R2,1,0.6842
probe_lr,mean,24,fg_secondary_amine,0.001,R3,0,0.8421
probe_lr,mean,24,fg_secondary_amine,0.001,R3,1,0.8421
probe_lr,mean,24,fg_secondary_amine,0.001,R4,0,0.8947
probe_lr,mean,24,fg_secondary_amine,0.001,R4,1,0.8947
probe_lr,mean,24,fg_secondary_amine,0.001,R5,0,0.4737
probe_lr,mean,24,fg_secondary_amine,0.001,R5,1,0.4737
probe_lr,mean,24,fg_secondary_amine,0.001,R6,0,0.4737
probe_lr,mean,24,fg_secondary_amine,0.001,R6,1,0.4737
probe_lr,mean,24,fg_secondary_amine,0.001,R8,0,0.9474
probe_lr,mean,24,fg_secondary_amine,0.001,R8,1,0.9474
probe_lr,mean,24,fg_secondary_amine,0.001,R9,0,0.8421
probe_lr,mean,24,fg_secondary_amine,0.001,R9,1,0.8421
probe_lr,mean,24,fg_amide,0.001,qm9s_val,0,0.8289
probe_lr,mean,24,fg_amide,0.001,R0,0,0.8234
probe_lr,mean,24,fg_amide,0.001,R2,0,0.9167
probe_lr,mean,24,fg_amide,0.001,R2,1,0.9167
probe_lr,mean,24,fg_amide,0.001,R3,0,0.4722
probe_lr,mean,24,fg_amide,0.001,R3,1,0.4722
probe_lr,mean,24,fg_amide,0.001,R4,0,0.9722
probe_lr,mean,24,fg_amide,0.001,R4,1,0.9722
probe_lr,mean,24,fg_amide,0.001,R5,0,0.9722
probe_lr,mean,24,fg_amide,0.001,R5,1,0.9722
probe_lr,mean,24,fg_amide,0.001,R6,0,0.8333
probe_lr,mean,24,fg_amide,0.001,R6,1,0.8333
probe_lr,mean,24,fg_amide,0.001,R8,0,0.4444
probe_lr,mean,24,fg_amide,0.001,R8,1,0.4444
probe_lr,mean,24,fg_amide,0.001,R9,0,0.6111
probe_lr,mean,24,fg_amide,0.001,R9,1,0.6111
probe_lr,mean,24,fg_guanidine,0.001,qm9s_val,0,0.9407
probe_lr,mean,24,fg_guanidine,0.001,R0,0,0.9468
probe_lr,mean,24,fg_guanidine,0.001,R2,0,0.7895
probe_lr,mean,24,fg_guanidine,0.001,R2,1,0.7895
probe_lr,mean,24,fg_guanidine,0.001,R3,0,0.8947
probe_lr,mean,24,fg_guanidine,0.001,R3,1,0.8947
probe_lr,mean,24,fg_guanidine,0.001,R4,0,1.0
probe_lr,mean,24,fg_guanidine,0.001,R4,1,1.0
probe_lr,mean,24,fg_guanidine,0.001,R5,0,0.9474
probe_lr,mean,24,fg_guanidine,0.001,R5,1,0.9474
probe_lr,mean,24,fg_guanidine,0.001,R6,0,0.5789
probe_lr,mean,24,fg_guanidine,0.001,R6,1,0.5789
probe_lr,mean,24,fg_guanidine,0.001,R8,0,0.6316
probe_lr,mean,24,fg_guanidine,0.001,R8,1,0.6316
probe_lr,mean,24,fg_guanidine,0.001,R9,0,0.6842
probe_lr,mean,24,fg_guanidine,0.001,R9,1,0.6842
probe_lr,mean,24,fg_hydroxyl_aliphatic,0.001,qm9s_val,0,0.7298
probe_lr,mean,24,fg_hydroxyl_aliphatic,0.001,R0,0,0.7198
probe_lr,mean,24,fg_hydroxyl_aliphatic,0.001,R2,0,0.9722
probe_lr,mean,24,fg_hydroxyl_aliphatic,0.001,R2,1,0.9722
probe_lr,mean,24,fg_hydroxyl_aliphatic,0.001,R3,0,0.5278
probe_lr,mean,24,fg_hydroxyl_aliphatic,0.001,R3,1,0.5278
probe_lr,mean,24,fg_hydroxyl_aliphatic,0.001,R4,0,0.8333
probe_lr,mean,24,fg_hydroxyl_aliphatic,0.001,R4,1,0.8333
probe_lr,mean,24,fg_hydroxyl_aliphatic,0.001,R5,0,0.8333
probe_lr,mean,24,fg_hydroxyl_aliphatic,0.001,R5,1,0.8333
probe_lr,mean,24,fg_hydroxyl_aliphatic,0.001,R6,0,0.6667
probe_lr,mean,24,fg_hydroxyl_aliphatic,0.001,R6,1,0.6667
probe_lr,mean,24,fg_hydroxyl_aliphatic,0.001,R8,0,0.4167
probe_lr,mean,24,fg_hydroxyl_aliphatic,0.001,R8,1,0.4167
probe_lr,mean,24,fg_hydroxyl_aliphatic,0.001,R9,0,0.5
probe_lr,mean,24,fg_hydroxyl_aliphatic,0.001,R9,1,0.5
probe_lr,mean,24,fg_phenol,0.001,qm9s_val,0,0.9262
probe_lr,mean,24,fg_phenol,0.001,R0,0,0.9132
probe_lr,mean,24,fg_phenol,0.001,R2,0,0.7895
probe_lr,mean,24,fg_phenol,0.001,R2,1,0.7895
probe_lr,mean,24,fg_phenol,0.001,R3,0,1.0
probe_lr,mean,24,fg_phenol,0.001,R3,1,1.0
probe_lr,mean,24,fg_phenol,0.001,R4,0,0.5263
probe_lr,mean,24,fg_phenol,0.001,R4,1,0.5263
probe_lr,mean,24,fg_phenol,0.001,R5,0,0.6316
probe_lr,mean,24,fg_phenol,0.001,R5,1,0.6316
probe_lr,mean,24,fg_phenol,0.001,R6,0,0.1579
probe_lr,mean,24,fg_phenol,0.001,R6,1,0.1579
probe_lr,mean,24,fg_phenol,0.001,R8,0,0.1053
probe_lr,mean,24,fg_phenol,0.001,R8,1,0.1053
probe_lr,mean,24,fg_phenol,0.001,R9,0,0.8421
probe_lr,mean,24,fg_phenol,0.001,R9,1,0.8421
probe_lr,mean,24,fg_aromatic_ring,0.001,qm9s_val,0,0.9656
probe_lr,mean,24,fg_aromatic_ring,0.001,R0,0,0.9722
probe_lr,mean,24,fg_aromatic_ring,0.001,R2,0,0.9844
probe_lr,mean,24,fg_aromatic_ring,0.001,R2,1,0.9844
probe_lr,mean,24,fg_aromatic_ring,0.001,R3,0,0.9062
probe_lr,mean,24,fg_aromatic_ring,0.001,R3,1,0.9062
probe_lr,mean,24,fg_aromatic_ring,0.001,R4,0,0.6094
probe_lr,mean,24,fg_aromatic_ring,0.001,R4,1,0.6094
probe_lr,mean,24,fg_aromatic_ring,0.001,R5,0,0.4375
probe_lr,mean,24,fg_aromatic_ring,0.001,R5,1,0.4375
probe_lr,mean,24,fg_aromatic_ring,0.001,R6,0,0.3594
probe_lr,mean,24,fg_aromatic_ring,0.001,R6,1,0.3594
probe_lr,mean,24,fg_aromatic_ring,0.001,R8,0,0.3906
probe_lr,mean,24,fg_aromatic_ring,0.001,R8,1,0.3906
probe_lr,mean,24,fg_aromatic_ring,0.001,R9,0,0.6406
probe_lr,mean,24,fg_aromatic_ring,0.001,R9,1,0.6406
probe_lr,mean,24,fg_benzene_ring,0.001,qm9s_val,0,0.9853
probe_lr,mean,24,fg_benzene_ring,0.001,R0,0,0.9853
probe_lr,mean,24,fg_benzene_ring,0.001,R2,0,0.9412
probe_lr,mean,24,fg_benzene_ring,0.001,R2,1,0.9412
probe_lr,mean,24,fg_benzene_ring,0.001,R3,0,0.6667
probe_lr,mean,24,fg_benzene_ring,0.001,R3,1,0.6667
probe_lr,mean,24,fg_benzene_ring,0.001,R4,0,0.7255
probe_lr,mean,24,fg_benzene_ring,0.001,R4,1,0.7255
probe_lr,mean,24,fg_benzene_ring,0.001,R5,0,0.4902
probe_lr,mean,24,fg_benzene_ring,0.001,R5,1,0.4902
probe_lr,mean,24,fg_benzene_ring,0.001,R6,0,0.5294
probe_lr,mean,24,fg_benzene_ring,0.001,R6,1,0.5294
probe_lr,mean,24,fg_benzene_ring,0.001,R8,0,0.8431
probe_lr,mean,24,fg_benzene_ring,0.001,R8,1,0.8431
probe_lr,mean,24,fg_benzene_ring,0.001,R9,0,0.7647
probe_lr,mean,24,fg_benzene_ring,0.001,R9,1,0.7647
probe_lr,mean,24,fg_pyrrole_ring,0.001,qm9s_val,0,0.9291
probe_lr,mean,24,fg_pyrrole_ring,0.001,R0,0,0.9321
probe_lr,mean,24,fg_pyrrole_ring,0.001,R2,0,1.0
probe_lr,mean,24,fg_pyrrole_ring,0.001,R2,1,1.0
probe_lr,mean,24,fg_pyrrole_ring,0.001,R3,0,1.0
probe_lr,mean,24,fg_pyrrole_ring,0.001,R3,1,1.0
probe_lr,mean,24,fg_pyrrole_ring,0.001,R4,0,0.9474
probe_lr,mean,24,fg_pyrrole_ring,0.001,R4,1,0.9474
probe_lr,mean,24,fg_pyrrole_ring,0.001,R5,0,1.0
probe_lr,mean,24,fg_pyrrole_ring,0.001,R5,1,1.0
probe_lr,mean,24,fg_pyrrole_ring,0.001,R6,0,1.0
probe_lr,mean,24,fg_pyrrole_ring,0.001,R6,1,1.0
probe_lr,mean,24,fg_pyrrole_ring,0.001,R8,0,1.0
probe_lr,mean,24,fg_pyrrole_ring,0.001,R8,1,1.0
probe_lr,mean,24,fg_pyrrole_ring,0.001,R9,0,1.0
probe_lr,mean,24,fg_pyrrole_ring,0.001,R9,1,1.0
probe_lr,mean,24,fg_imidazole_ring,0.001,qm9s_val,0,0.967
probe_lr,mean,24,fg_imidazole_ring,0.001,R0,0,0.9384
probe_lr,mean,24,fg_imidazole_ring,0.001,R2,0,1.0
probe_lr,mean,24,fg_imidazole_ring,0.001,R2,1,1.0
probe_lr,mean,24,fg_imidazole_ring,0.001,R3,0,0.9474
probe_lr,mean,24,fg_imidazole_ring,0.001,R3,1,0.9474
probe_lr,mean,24,fg_imidazole_ring,0.001,R4,0,0.6316
probe_lr,mean,24,fg_imidazole_ring,0.001,R4,1,0.6316
probe_lr,mean,24,fg_imidazole_ring,0.001,R5,0,0.2632
probe_lr,mean,24,fg_imidazole_ring,0.001,R5,1,0.2632
probe_lr,mean,24,fg_imidazole_ring,0.001,R6,0,0.2632
probe_lr,mean,24,fg_imidazole_ring,0.001,R6,1,0.2632
probe_lr,mean,24,fg_imidazole_ring,0.001,R8,0,0.7895
probe_lr,mean,24,fg_imidazole_ring,0.001,R8,1,0.7895
probe_lr,mean,24,fg_imidazole_ring,0.001,R9,0,0.5789
probe_lr,mean,24,fg_imidazole_ring,0.001,R9,1,0.5789
probe_mm,mean,24,fg_primary_amine,,qm9s_val,0,0.6811
probe_mm,mean,24,fg_primary_amine,,R0,0,0.7166
probe_mm,mean,24,fg_primary_amine,,R2,0,0.6842
probe_mm,mean,24,fg_primary_amine,,R2,1,0.6842
probe_mm,mean,24,fg_primary_amine,,R3,0,0.5789
probe_mm,mean,24,fg_primary_amine,,R3,1,0.5789
probe_mm,mean,24,fg_primary_amine,,R4,0,0.4211
probe_mm,mean,24,fg_primary_amine,,R4,1,0.4211
probe_mm,mean,24,fg_primary_amine,,R5,0,0.3158
probe_mm,mean,24,fg_primary_amine,,R5,1,0.3158
probe_mm,mean,24,fg_primary_amine,,R6,0,0.4737
probe_mm,mean,24,fg_primary_amine,,R6,1,0.4737
probe_mm,mean,24,fg_primary_amine,,R8,0,0.4211
probe_mm,mean,24,fg_primary_amine,,R8,1,0.4211
probe_mm,mean,24,fg_primary_amine,,R9,0,0.7895
probe_mm,mean,24,fg_primary_amine,,R9,1,0.7895
probe_mm,mean,24,fg_secondary_amine,,qm9s_val,0,0.6371
probe_mm,mean,24,fg_secondary_amine,,R0,0,0.6497
probe_mm,mean,24,fg_secondary_amine,,R2,0,0.5263
probe_mm,mean,24,fg_secondary_amine,,R2,1,0.5263
probe_mm,mean,24,fg_secondary_amine,,R3,0,0.5263
probe_mm,mean,24,fg_secondary_amine,,R3,1,0.5263
probe_mm,mean,24,fg_secondary_amine,,R4,0,1.0
probe_mm,mean,24,fg_secondary_amine,,R4,1,1.0
probe_mm,mean,24,fg_secondary_amine,,R5,0,1.0
probe_mm,mean,24,fg_secondary_amine,,R5,1,1.0
probe_mm,mean,24,fg_secondary_amine,,R6,0,0.7895
probe_mm,mean,24,fg_secondary_amine,,R6,1,0.7895
probe_mm,mean,24,fg_secondary_amine,,R8,0,0.7368
probe_mm,mean,24,fg_secondary_amine,,R8,1,0.7368
probe_mm,mean,24,fg_secondary_amine,,R9,0,0.2105
probe_mm,mean,24,fg_secondary_amine,,R9,1,0.2105
probe_mm,mean,24,fg_amide,,qm9s_val,0,0.7554
probe_mm,mean,24,fg_amide,,R0,0,0.724
probe_mm,mean,24,fg_amide,,R2,0,0.8611
probe_mm,mean,24,fg_amide,,R2,1,0.8611
probe_mm,mean,24,fg_amide,,R3,0,0.4722
probe_mm,mean,24,fg_amide,,R3,1,0.4722
probe_mm,mean,24,fg_amide,,R4,0,0.8889
probe_mm,mean,24,fg_amide,,R4,1,0.8889
probe_mm,mean,24,fg_amide,,R5,0,0.9167
probe_mm,mean,24,fg_amide,,R5,1,0.9167
probe_mm,mean,24,fg_amide,,R6,0,0.75
probe_mm,mean,24,fg_amide,,R6,1,0.75
probe_mm,mean,24,fg_amide,,R8,0,0.6667
probe_mm,mean,24,fg_amide,,R8,1,0.6667
probe_mm,mean,24,fg_amide,,R9,0,0.6389
probe_mm,mean,24,fg_amide,,R9,1,0.6389
probe_mm,mean,24,fg_guanidine,,qm9s_val,0,0.8101
probe_mm,mean,24,fg_guanidine,,R0,0,0.8335
probe_mm,mean,24,fg_guanidine,,R2,0,0.0526
probe_mm,mean,24,fg_guanidine,,R2,1,0.0526
probe_mm,mean,24,fg_guanidine,,R3,0,0.2105
probe_mm,mean,24,fg_guanidine,,R3,1,0.2105
probe_mm,mean,24,fg_guanidine,,R4,0,0.2632
probe_mm,mean,24,fg_guanidine,,R4,1,0.2632
probe_mm,mean,24,fg_guanidine,,R5,0,0.0
probe_mm,mean,24,fg_guanidine,,R5,1,0.0
probe_mm,mean,24,fg_guanidine,,R6,0,0.2632
probe_mm,mean,24,fg_guanidine,,R6,1,0.2632
probe_mm,mean,24,fg_guanidine,,R8,0,0.6316
probe_mm,mean,24,fg_guanidine,,R8,1,0.6316
probe_mm,mean,24,fg_guanidine,,R9,0,0.5263
probe_mm,mean,24,fg_guanidine,,R9,1,0.5263
probe_mm,mean,24,fg_hydroxyl_aliphatic,,qm9s_val,0,0.6279
probe_mm,mean,24,fg_hydroxyl_aliphatic,,R0,0,0.6514
probe_mm,mean,24,fg_hydroxyl_aliphatic,,R2,0,0.75
probe_mm,mean,24,fg_hydroxyl_aliphatic,,R2,1,0.75
probe_mm,mean,24,fg_hydroxyl_aliphatic,,R3,0,0.4722
probe_mm,mean,24,fg_hydroxyl_aliphatic,,R3,1,0.4722
probe_mm,mean,24,fg_hydroxyl_aliphatic,,R4,0,0.5
probe_mm,mean,24,fg_hydroxyl_aliphatic,,R4,1,0.5
probe_mm,mean,24,fg_hydroxyl_aliphatic,,R5,0,0.3333
probe_mm,mean,24,fg_hydroxyl_aliphatic,,R5,1,0.3333
probe_mm,mean,24,fg_hydroxyl_aliphatic,,R6,0,0.4722
probe_mm,mean,24,fg_hydroxyl_aliphatic,,R6,1,0.4722
probe_mm,mean,24,fg_hydroxyl_aliphatic,,R8,0,0.8056
probe_mm,mean,24,fg_hydroxyl_aliphatic,,R8,1,0.8056
probe_mm,mean,24,fg_hydroxyl_aliphatic,,R9,0,0.5833
probe_mm,mean,24,fg_hydroxyl_aliphatic,,R9,1,0.5833
probe_mm,mean,24,fg_phenol,,qm9s_val,0,0.8448
probe_mm,mean,24,fg_phenol,,R0,0,0.7942
probe_mm,mean,24,fg_phenol,,R2,0,0.7895
probe_mm,mean,24,fg_phenol,,R2,1,0.7895
probe_mm,mean,24,fg_phenol,,R3,0,0.6842
probe_mm,mean,24,fg_phenol,,R3,1,0.6842
probe_mm,mean,24,fg_phenol,,R4,0,0.7368
probe_mm,mean,24,fg_phenol,,R4,1,0.7368
probe_mm,mean,24,fg_phenol,,R5,0,0.4737
probe_mm,mean,24,fg_phenol,,R5,1,0.4737
probe_mm,mean,24,fg_phenol,,R6,0,0.6316
probe_mm,mean,24,fg_phenol,,R6,1,0.6316
probe_mm,mean,24,fg_phenol,,R8,0,0.3684
probe_mm,mean,24,fg_phenol,,R8,1,0.3684
probe_mm,mean,24,fg_phenol,,R9,0,0.0
probe_mm,mean,24,fg_phenol,,R9,1,0.0
probe_mm,mean,24,fg_aromatic_ring,,qm9s_val,0,0.8825
probe_mm,mean,24,fg_aromatic_ring,,R0,0,0.8749
probe_mm,mean,24,fg_aromatic_ring,,R2,0,0.8594
probe_mm,mean,24,fg_aromatic_ring,,R2,1,0.8594
probe_mm,mean,24,fg_aromatic_ring,,R3,0,0.8594
probe_mm,mean,24,fg_aromatic_ring,,R3,1,0.8594
probe_mm,mean,24,fg_aromatic_ring,,R4,0,0.7812
probe_mm,mean,24,fg_aromatic_ring,,R4,1,0.7812
probe_mm,mean,24,fg_aromatic_ring,,R5,0,0.4531
probe_mm,mean,24,fg_aromatic_ring,,R5,1,0.4531
probe_mm,mean,24,fg_aromatic_ring,,R6,0,0.6406
probe_mm,mean,24,fg_aromatic_ring,,R6,1,0.6406
probe_mm,mean,24,fg_aromatic_ring,,R8,0,0.2812
probe_mm,mean,24,fg_aromatic_ring,,R8,1,0.2812
probe_mm,mean,24,fg_aromatic_ring,,R9,0,0.5469
probe_mm,mean,24,fg_aromatic_ring,,R9,1,0.5469
probe_mm,mean,24,fg_benzene_ring,,qm9s_val,0,0.8611
probe_mm,mean,24,fg_benzene_ring,,R0,0,0.8428
probe_mm,mean,24,fg_benzene_ring,,R2,0,0.8627
probe_mm,mean,24,fg_benzene_ring,,R2,1,0.8627
probe_mm,mean,24,fg_benzene_ring,,R3,0,0.7647
probe_mm,mean,24,fg_benzene_ring,,R3,1,0.7647
probe_mm,mean,24,fg_benzene_ring,,R4,0,0.8431
probe_mm,mean,24,fg_benzene_ring,,R4,1,0.8431
probe_mm,mean,24,fg_benzene_ring,,R5,0,0.4902
probe_mm,mean,24,fg_benzene_ring,,R5,1,0.4902
probe_mm,mean,24,fg_benzene_ring,,R6,0,0.7843
probe_mm,mean,24,fg_benzene_ring,,R6,1,0.7843
probe_mm,mean,24,fg_benzene_ring,,R8,0,0.2157
probe_mm,mean,24,fg_benzene_ring,,R8,1,0.2157
probe_mm,mean,24,fg_benzene_ring,,R9,0,0.4118
probe_mm,mean,24,fg_benzene_ring,,R9,1,0.4118
probe_mm,mean,24,fg_pyrrole_ring,,qm9s_val,0,0.8009
probe_mm,mean,24,fg_pyrrole_ring,,R0,0,0.819
probe_mm,mean,24,fg_pyrrole_ring,,R2,0,0.9474
probe_mm,mean,24,fg_pyrrole_ring,,R2,1,0.9474
probe_mm,mean,24,fg_pyrrole_ring,,R3,0,0.9474
probe_mm,mean,24,fg_pyrrole_ring,,R3,1,0.9474
probe_mm,mean,24,fg_pyrrole_ring,,R4,0,0.9474
probe_mm,mean,24,fg_pyrrole_ring,,R4,1,0.9474
probe_mm,mean,24,fg_pyrrole_ring,,R5,0,0.3158
probe_mm,mean,24,fg_pyrrole_ring,,R5,1,0.3158
probe_mm,mean,24,fg_pyrrole_ring,,R6,0,0.8421
probe_mm,mean,24,fg_pyrrole_ring,,R6,1,0.8421
probe_mm,mean,24,fg_pyrrole_ring,,R8,0,0.1053
probe_mm,mean,24,fg_pyrrole_ring,,R8,1,0.1053
probe_mm,mean,24,fg_pyrrole_ring,,R9,0,0.4737
probe_mm,mean,24,fg_pyrrole_ring,,R9,1,0.4737
probe_mm,mean,24,fg_imidazole_ring,,qm9s_val,0,0.8518
probe_mm,mean,24,fg_imidazole_ring,,R0,0,0.8525
probe_mm,mean,24,fg_imidazole_ring,,R2,0,0.7368
probe_mm,mean,24,fg_imidazole_ring,,R2,1,0.7368
probe_mm,mean,24,fg_imidazole_ring,,R3,0,0.8947
probe_mm,mean,24,fg_imidazole_ring,,R3,1,0.8947
probe_mm,mean,24,fg_imidazole_ring,,R4,0,0.6842
probe_mm,mean,24,fg_imidazole_ring,,R4,1,0.6842
probe_mm,mean,24,fg_imidazole_ring,,R5,0,0.3158
probe_mm,mean,24,fg_imidazole_ring,,R5,1,0.3158
probe_mm,mean,24,fg_imidazole_ring,,R6,0,0.2632
probe_mm,mean,24,fg_imidazole_ring,,R6,1,0.2632
probe_mm,mean,24,fg_imidazole_ring,,R8,0,0.7368
probe_mm,mean,24,fg_imidazole_ring,,R8,1,0.7368
probe_mm,mean,24,fg_imidazole_ring,,R9,0,0.8421
probe_mm,mean,24,fg_imidazole_ring,,R9,1,0.8421
probe_lr,mean,27,fg_primary_amine,0.001,qm9s_val,0,0.891
probe_lr,mean,27,fg_primary_amine,0.001,R0,0,0.8956
probe_lr,mean,27,fg_primary_amine,0.001,R2,0,0.8947
probe_lr,mean,27,fg_primary_amine,0.001,R2,1,0.8947
probe_lr,mean,27,fg_primary_amine,0.001,R3,0,0.6316
probe_lr,mean,27,fg_primary_amine,0.001,R3,1,0.6316
probe_lr,mean,27,fg_primary_amine,0.001,R4,0,0.3158
probe_lr,mean,27,fg_primary_amine,0.001,R4,1,0.3158
probe_lr,mean,27,fg_primary_amine,0.001,R5,0,0.5263
probe_lr,mean,27,fg_primary_amine,0.001,R5,1,0.5263
probe_lr,mean,27,fg_primary_amine,0.001,R6,0,0.2105
probe_lr,mean,27,fg_primary_amine,0.001,R6,1,0.2105
probe_lr,mean,27,fg_primary_amine,0.001,R8,0,0.6842
probe_lr,mean,27,fg_primary_amine,0.001,R8,1,0.6842
probe_lr,mean,27,fg_primary_amine,0.001,R9,0,0.8421
probe_lr,mean,27,fg_primary_amine,0.001,R9,1,0.8421
probe_lr,mean,27,fg_secondary_amine,0.001,qm9s_val,0,0.6865
probe_lr,mean,27,fg_secondary_amine,0.001,R0,0,0.7228
probe_lr,mean,27,fg_secondary_amine,0.001,R2,0,0.3684
probe_lr,mean,27,fg_secondary_amine,0.001,R2,1,0.3684
probe_lr,mean,27,fg_secondary_amine,0.001,R3,0,0.6316
probe_lr,mean,27,fg_secondary_amine,0.001,R3,1,0.6316
probe_lr,mean,27,fg_secondary_amine,0.001,R4,0,0.8947
probe_lr,mean,27,fg_secondary_amine,0.001,R4,1,0.8947
probe_lr,mean,27,fg_secondary_amine,0.001,R5,0,0.6842
probe_lr,mean,27,fg_secondary_amine,0.001,R5,1,0.6842
probe_lr,mean,27,fg_secondary_amine,0.001,R6,0,0.7368
probe_lr,mean,27,fg_secondary_amine,0.001,R6,1,0.7368
probe_lr,mean,27,fg_secondary_amine,0.001,R8,0,1.0
probe_lr,mean,27,fg_secondary_amine,0.001,R8,1,1.0
probe_lr,mean,27,fg_secondary_amine,0.001,R9,0,1.0
probe_lr,mean,27,fg_secondary_amine,0.001,R9,1,1.0
probe_lr,mean,27,fg_amide,0.001,qm9s_val,0,0.8253
probe_lr,mean,27,fg_amide,0.001,R0,0,0.8229
probe_lr,mean,27,fg_amide,0.001,R2,0,0.9722
probe_lr,mean,27,fg_amide,0.001,R2,1,0.9722
probe_lr,mean,27,fg_amide,0.001,R3,0,0.4722
probe_lr,mean,27,fg_amide,0.001,R3,1,0.4722
probe_lr,mean,27,fg_amide,0.001,R4,0,0.9722
probe_lr,mean,27,fg_amide,0.001,R4,1,0.9722
probe_lr,mean,27,fg_amide,0.001,R5,0,0.9722
probe_lr,mean,27,fg_amide,0.001,R5,1,0.9722
probe_lr,mean,27,fg_amide,0.001,R6,0,0.8056
probe_lr,mean,27,fg_amide,0.001,R6,1,0.8056
probe_lr,mean,27,fg_amide,0.001,R8,0,0.4167
probe_lr,mean,27,fg_amide,0.001,R8,1,0.4167
probe_lr,mean,27,fg_amide,0.001,R9,0,0.6389
probe_lr,mean,27,fg_amide,0.001,R9,1,0.6389
probe_lr,mean,27,fg_guanidine,0.001,qm9s_val,0,0.9377
probe_lr,mean,27,fg_guanidine,0.001,R0,0,0.9584
probe_lr,mean,27,fg_guanidine,0.001,R2,0,0.7895
probe_lr,mean,27,fg_guanidine,0.001,R2,1,0.7895
probe_lr,mean,27,fg_guanidine,0.001,R3,0,1.0
probe_lr,mean,27,fg_guanidine,0.001,R3,1,1.0
probe_lr,mean,27,fg_guanidine,0.001,R4,0,0.9474
probe_lr,mean,27,fg_guanidine,0.001,R4,1,0.9474
probe_lr,mean,27,fg_guanidine,0.001,R5,0,0.6316
probe_lr,mean,27,fg_guanidine,0.001,R5,1,0.6316
probe_lr,mean,27,fg_guanidine,0.001,R6,0,0.5789
probe_lr,mean,27,fg_guanidine,0.001,R6,1,0.5789
probe_lr,mean,27,fg_guanidine,0.001,R8,0,0.3158
probe_lr,mean,27,fg_guanidine,0.001,R8,1,0.3158
probe_lr,mean,27,fg_guanidine,0.001,R9,0,0.6842
probe_lr,mean,27,fg_guanidine,0.001,R9,1,0.6842
probe_lr,mean,27,fg_hydroxyl_aliphatic,0.001,qm9s_val,0,0.7309
probe_lr,mean,27,fg_hydroxyl_aliphatic,0.001,R0,0,0.7138
probe_lr,mean,27,fg_hydroxyl_aliphatic,0.001,R2,0,0.9722
probe_lr,mean,27,fg_hydroxyl_aliphatic,0.001,R2,1,0.9722
probe_lr,mean,27,fg_hydroxyl_aliphatic,0.001,R3,0,0.5556
probe_lr,mean,27,fg_hydroxyl_aliphatic,0.001,R3,1,0.5556
probe_lr,mean,27,fg_hydroxyl_aliphatic,0.001,R4,0,0.8889
probe_lr,mean,27,fg_hydroxyl_aliphatic,0.001,R4,1,0.8889
probe_lr,mean,27,fg_hydroxyl_aliphatic,0.001,R5,0,0.8333
probe_lr,mean,27,fg_hydroxyl_aliphatic,0.001,R5,1,0.8333
probe_lr,mean,27,fg_hydroxyl_aliphatic,0.001,R6,0,0.5833
probe_lr,mean,27,fg_hydroxyl_aliphatic,0.001,R6,1,0.5833
probe_lr,mean,27,fg_hydroxyl_aliphatic,0.001,R8,0,0.2778
probe_lr,mean,27,fg_hydroxyl_aliphatic,0.001,R8,1,0.2778
probe_lr,mean,27,fg_hydroxyl_aliphatic,0.001,R9,0,0.5278
probe_lr,mean,27,fg_hydroxyl_aliphatic,0.001,R9,1,0.5278
probe_lr,mean,27,fg_phenol,0.001,qm9s_val,0,0.9252
probe_lr,mean,27,fg_phenol,0.001,R0,0,0.9121
probe_lr,mean,27,fg_phenol,0.001,R2,0,0.8421
probe_lr,mean,27,fg_phenol,0.001,R2,1,0.8421
probe_lr,mean,27,fg_phenol,0.001,R3,0,0.8421
probe_lr,mean,27,fg_phenol,0.001,R3,1,0.8421
probe_lr,mean,27,fg_phenol,0.001,R4,0,0.5263
probe_lr,mean,27,fg_phenol,0.001,R4,1,0.5263
probe_lr,mean,27,fg_phenol,0.001,R5,0,0.5789
probe_lr,mean,27,fg_phenol,0.001,R5,1,0.5789
probe_lr,mean,27,fg_phenol,0.001,R6,0,0.3684
probe_lr,mean,27,fg_phenol,0.001,R6,1,0.3684
probe_lr,mean,27,fg_phenol,0.001,R8,0,0.1579
probe_lr,mean,27,fg_phenol,0.001,R8,1,0.1579
probe_lr,mean,27,fg_phenol,0.001,R9,0,0.8421
probe_lr,mean,27,fg_phenol,0.001,R9,1,0.8421
probe_lr,mean,27,fg_aromatic_ring,0.001,qm9s_val,0,0.9667
probe_lr,mean,27,fg_aromatic_ring,0.001,R0,0,0.9734
probe_lr,mean,27,fg_aromatic_ring,0.001,R2,0,1.0
probe_lr,mean,27,fg_aromatic_ring,0.001,R2,1,1.0
probe_lr,mean,27,fg_aromatic_ring,0.001,R3,0,0.8906
probe_lr,mean,27,fg_aromatic_ring,0.001,R3,1,0.8906
probe_lr,mean,27,fg_aromatic_ring,0.001,R4,0,0.6562
probe_lr,mean,27,fg_aromatic_ring,0.001,R4,1,0.6562
probe_lr,mean,27,fg_aromatic_ring,0.001,R5,0,0.5156
probe_lr,mean,27,fg_aromatic_ring,0.001,R5,1,0.5156
probe_lr,mean,27,fg_aromatic_ring,0.001,R6,0,0.4688
probe_lr,mean,27,fg_aromatic_ring,0.001,R6,1,0.4688
probe_lr,mean,27,fg_aromatic_ring,0.001,R8,0,0.5938
probe_lr,mean,27,fg_aromatic_ring,0.001,R8,1,0.5938
probe_lr,mean,27,fg_aromatic_ring,0.001,R9,0,0.7969
probe_lr,mean,27,fg_aromatic_ring,0.001,R9,1,0.7969
probe_lr,mean,27,fg_benzene_ring,0.001,qm9s_val,0,0.9831
probe_lr,mean,27,fg_benzene_ring,0.001,R0,0,0.9851
probe_lr,mean,27,fg_benzene_ring,0.001,R2,0,0.8039
probe_lr,mean,27,fg_benzene_ring,0.001,R2,1,0.8039
probe_lr,mean,27,fg_benzene_ring,0.001,R3,0,0.6275
probe_lr,mean,27,fg_benzene_ring,0.001,R3,1,0.6275
probe_lr,mean,27,fg_benzene_ring,0.001,R4,0,0.6863
probe_lr,mean,27,fg_benzene_ring,0.001,R4,1,0.6863
probe_lr,mean,27,fg_benzene_ring,0.001,R5,0,0.451
probe_lr,mean,27,fg_benzene_ring,0.001,R5,1,0.451
probe_lr,mean,27,fg_benzene_ring,0.001,R6,0,0.4314
probe_lr,mean,27,fg_benzene_ring,0.001,R6,1,0.4314
probe_lr,mean,27,fg_benzene_ring,0.001,R8,0,0.902
probe_lr,mean,27,fg_benzene_ring,0.001,R8,1,0.902
probe_lr,mean,27,fg_benzene_ring,0.001,R9,0,0.6275
probe_lr,mean,27,fg_benzene_ring,0.001,R9,1,0.6275
probe_lr,mean,27,fg_pyrrole_ring,0.001,qm9s_val,0,0.9207
probe_lr,mean,27,fg_pyrrole_ring,0.001,R0,0,0.9354
probe_lr,mean,27,fg_pyrrole_ring,0.001,R2,0,1.0
probe_lr,mean,27,fg_pyrrole_ring,0.001,R2,1,1.0
probe_lr,mean,27,fg_pyrrole_ring,0.001,R3,0,0.9474
probe_lr,mean,27,fg_pyrrole_ring,0.001,R3,1,0.9474
probe_lr,mean,27,fg_pyrrole_ring,0.001,R4,0,0.9474
probe_lr,mean,27,fg_pyrrole_ring,0.001,R4,1,0.9474
probe_lr,mean,27,fg_pyrrole_ring,0.001,R5,0,1.0
probe_lr,mean,27,fg_pyrrole_ring,0.001,R5,1,1.0
probe_lr,mean,27,fg_pyrrole_ring,0.001,R6,0,1.0
probe_lr,mean,27,fg_pyrrole_ring,0.001,R6,1,1.0
probe_lr,mean,27,fg_pyrrole_ring,0.001,R8,0,1.0
probe_lr,mean,27,fg_pyrrole_ring,0.001,R8,1,1.0
probe_lr,mean,27,fg_pyrrole_ring,0.001,R9,0,1.0
probe_lr,mean,27,fg_pyrrole_ring,0.001,R9,1,1.0
probe_lr,mean,27,fg_imidazole_ring,0.001,qm9s_val,0,0.961
probe_lr,mean,27,fg_imidazole_ring,0.001,R0,0,0.9374
probe_lr,mean,27,fg_imidazole_ring,0.001,R2,0,0.9474
probe_lr,mean,27,fg_imidazole_ring,0.001,R2,1,0.9474
probe_lr,mean,27,fg_imidazole_ring,0.001,R3,0,0.9474
probe_lr,mean,27,fg_imidazole_ring,0.001,R3,1,0.9474
probe_lr,mean,27,fg_imidazole_ring,0.001,R4,0,0.7368
probe_lr,mean,27,fg_imidazole_ring,0.001,R4,1,0.7368
probe_lr,mean,27,fg_imidazole_ring,0.001,R5,0,0.7895
probe_lr,mean,27,fg_imidazole_ring,0.001,R5,1,0.7895
probe_lr,mean,27,fg_imidazole_ring,0.001,R6,0,0.4211
probe_lr,mean,27,fg_imidazole_ring,0.001,R6,1,0.4211
probe_lr,mean,27,fg_imidazole_ring,0.001,R8,0,0.8421
probe_lr,mean,27,fg_imidazole_ring,0.001,R8,1,0.8421
probe_lr,mean,27,fg_imidazole_ring,0.001,R9,0,0.8947
probe_lr,mean,27,fg_imidazole_ring,0.001,R9,1,0.8947
probe_mm,mean,27,fg_primary_amine,,qm9s_val,0,0.6983
probe_mm,mean,27,fg_primary_amine,,R0,0,0.7189
probe_mm,mean,27,fg_primary_amine,,R2,0,0.5789
probe_mm,mean,27,fg_primary_amine,,R2,1,0.5789
probe_mm,mean,27,fg_primary_amine,,R3,0,0.5789
probe_mm,mean,27,fg_primary_amine,,R3,1,0.5789
probe_mm,mean,27,fg_primary_amine,,R4,0,0.4211
probe_mm,mean,27,fg_primary_amine,,R4,1,0.4211
probe_mm,mean,27,fg_primary_amine,,R5,0,0.4211
probe_mm,mean,27,fg_primary_amine,,R5,1,0.4211
probe_mm,mean,27,fg_primary_amine,,R6,0,0.3684
probe_mm,mean,27,fg_primary_amine,,R6,1,0.3684
probe_mm,mean,27,fg_primary_amine,,R8,0,0.5263
probe_mm,mean,27,fg_primary_amine,,R8,1,0.5263
probe_mm,mean,27,fg_primary_amine,,R9,0,0.7895
probe_mm,mean,27,fg_primary_amine,,R9,1,0.7895
probe_mm,mean,27,fg_secondary_amine,,qm9s_val,0,0.6351
probe_mm,mean,27,fg_secondary_amine,,R0,0,0.6486
probe_mm,mean,27,fg_secondary_amine,,R2,0,0.5263
probe_mm,mean,27,fg_secondary_amine,,R2,1,0.5263
probe_mm,mean,27,fg_secondary_amine,,R3,0,0.5789
probe_mm,mean,27,fg_secondary_amine,,R3,1,0.5789
probe_mm,mean,27,fg_secondary_amine,,R4,0,0.9474
probe_mm,mean,27,fg_secondary_amine,,R4,1,0.9474
probe_mm,mean,27,fg_secondary_amine,,R5,0,0.9474
probe_mm,mean,27,fg_secondary_amine,,R5,1,0.9474
probe_mm,mean,27,fg_secondary_amine,,R6,0,0.7368
probe_mm,mean,27,fg_secondary_amine,,R6,1,0.7368
probe_mm,mean,27,fg_secondary_amine,,R8,0,0.7368
probe_mm,mean,27,fg_secondary_amine,,R8,1,0.7368
probe_mm,mean,27,fg_secondary_amine,,R9,0,0.2105
probe_mm,mean,27,fg_secondary_amine,,R9,1,0.2105
probe_mm,mean,27,fg_amide,,qm9s_val,0,0.7105
probe_mm,mean,27,fg_amide,,R0,0,0.6807
probe_mm,mean,27,fg_amide,,R2,0,0.8333
probe_mm,mean,27,fg_amide,,R2,1,0.8333
probe_mm,mean,27,fg_amide,,R3,0,0.3333
probe_mm,mean,27,fg_amide,,R3,1,0.3333
probe_mm,mean,27,fg_amide,,R4,0,0.8333
probe_mm,mean,27,fg_amide,,R4,1,0.8333
probe_mm,mean,27,fg_amide,,R5,0,0.8889
probe_mm,mean,27,fg_amide,,R5,1,0.8889
probe_mm,mean,27,fg_amide,,R6,0,0.6944
probe_mm,mean,27,fg_amide,,R6,1,0.6944
probe_mm,mean,27,fg_amide,,R8,0,0.4722
probe_mm,mean,27,fg_amide,,R8,1,0.4722
probe_mm,mean,27,fg_amide,,R9,0,0.6111
probe_mm,mean,27,fg_amide,,R9,1,0.6111
probe_mm,mean,27,fg_guanidine,,qm9s_val,0,0.7808
probe_mm,mean,27,fg_guanidine,,R0,0,0.799
probe_mm,mean,27,fg_guanidine,,R2,0,0.0526
probe_mm,mean,27,fg_guanidine,,R2,1,0.0526
probe_mm,mean,27,fg_guanidine,,R3,0,0.1053
probe_mm,mean,27,fg_guanidine,,R3,1,0.1053
probe_mm,mean,27,fg_guanidine,,R4,0,0.1053
probe_mm,mean,27,fg_guanidine,,R4,1,0.1053
probe_mm,mean,27,fg_guanidine,,R5,0,0.0526
probe_mm,mean,27,fg_guanidine,,R5,1,0.0526
probe_mm,mean,27,fg_guanidine,,R6,0,0.3158
probe_mm,mean,27,fg_guanidine,,R6,1,0.3158
probe_mm,mean,27,fg_guanidine,,R8,0,0.8421
probe_mm,mean,27,fg_guanidine,,R8,1,0.8421
probe_mm,mean,27,fg_guanidine,,R9,0,0.3158
probe_mm,mean,27,fg_guanidine,,R9,1,0.3158
probe_mm,mean,27,fg_hydroxyl_aliphatic,,qm9s_val,0,0.6253
probe_mm,mean,27,fg_hydroxyl_aliphatic,,R0,0,0.6475
probe_mm,mean,27,fg_hydroxyl_aliphatic,,R2,0,0.8333
probe_mm,mean,27,fg_hydroxyl_aliphatic,,R2,1,0.8333
probe_mm,mean,27,fg_hydroxyl_aliphatic,,R3,0,0.4444
probe_mm,mean,27,fg_hydroxyl_aliphatic,,R3,1,0.4444
probe_mm,mean,27,fg_hydroxyl_aliphatic,,R4,0,0.6111
probe_mm,mean,27,fg_hydroxyl_aliphatic,,R4,1,0.6111
probe_mm,mean,27,fg_hydroxyl_aliphatic,,R5,0,0.3333
probe_mm,mean,27,fg_hydroxyl_aliphatic,,R5,1,0.3333
probe_mm,mean,27,fg_hydroxyl_aliphatic,,R6,0,0.5
probe_mm,mean,27,fg_hydroxyl_aliphatic,,R6,1,0.5
probe_mm,mean,27,fg_hydroxyl_aliphatic,,R8,0,0.75
probe_mm,mean,27,fg_hydroxyl_aliphatic,,R8,1,0.75
probe_mm,mean,27,fg_hydroxyl_aliphatic,,R9,0,0.6111
probe_mm,mean,27,fg_hydroxyl_aliphatic,,R9,1,0.6111
probe_mm,mean,27,fg_phenol,,qm9s_val,0,0.8381
probe_mm,mean,27,fg_phenol,,R0,0,0.7923
probe_mm,mean,27,fg_phenol,,R2,0,0.7895
probe_mm,mean,27,fg_phenol,,R2,1,0.7895
probe_mm,mean,27,fg_phenol,,R3,0,0.6842
probe_mm,mean,27,fg_phenol,,R3,1,0.6842
probe_mm,mean,27,fg_phenol,,R4,0,0.7368
probe_mm,mean,27,fg_phenol,,R4,1,0.7368
probe_mm,mean,27,fg_phenol,,R5,0,0.4211
probe_mm,mean,27,fg_phenol,,R5,1,0.4211
probe_mm,mean,27,fg_phenol,,R6,0,0.5789
probe_mm,mean,27,fg_phenol,,R6,1,0.5789
probe_mm,mean,27,fg_phenol,,R8,0,0.3158
probe_mm,mean,27,fg_phenol,,R8,1,0.3158
probe_mm,mean,27,fg_phenol,,R9,0,0.0
probe_mm,mean,27,fg_phenol,,R9,1,0.0
probe_mm,mean,27,fg_aromatic_ring,,qm9s_val,0,0.8776
probe_mm,mean,27,fg_aromatic_ring,,R0,0,0.871
probe_mm,mean,27,fg_aromatic_ring,,R2,0,0.9062
probe_mm,mean,27,fg_aromatic_ring,,R2,1,0.9062
probe_mm,mean,27,fg_aromatic_ring,,R3,0,0.875
probe_mm,mean,27,fg_aromatic_ring,,R3,1,0.875
probe_mm,mean,27,fg_aromatic_ring,,R4,0,0.8438
probe_mm,mean,27,fg_aromatic_ring,,R4,1,0.8438
probe_mm,mean,27,fg_aromatic_ring,,R5,0,0.5
probe_mm,mean,27,fg_aromatic_ring,,R5,1,0.5
probe_mm,mean,27,fg_aromatic_ring,,R6,0,0.6875
probe_mm,mean,27,fg_aromatic_ring,,R6,1,0.6875
probe_mm,mean,27,fg_aromatic_ring,,R8,0,0.3125
probe_mm,mean,27,fg_aromatic_ring,,R8,1,0.3125
probe_mm,mean,27,fg_aromatic_ring,,R9,0,0.5781
probe_mm,mean,27,fg_aromatic_ring,,R9,1,0.5781
probe_mm,mean,27,fg_benzene_ring,,qm9s_val,0,0.8604
probe_mm,mean,27,fg_benzene_ring,,R0,0,0.8442
probe_mm,mean,27,fg_benzene_ring,,R2,0,0.8824
probe_mm,mean,27,fg_benzene_ring,,R2,1,0.8824
probe_mm,mean,27,fg_benzene_ring,,R3,0,0.8235
probe_mm,mean,27,fg_benzene_ring,,R3,1,0.8235
probe_mm,mean,27,fg_benzene_ring,,R4,0,0.8824
probe_mm,mean,27,fg_benzene_ring,,R4,1,0.8824
probe_mm,mean,27,fg_benzene_ring,,R5,0,0.549
probe_mm,mean,27,fg_benzene_ring,,R5,1,0.549
probe_mm,mean,27,fg_benzene_ring,,R6,0,0.8039
probe_mm,mean,27,fg_benzene_ring,,R6,1,0.8039
probe_mm,mean,27,fg_benzene_ring,,R8,0,0.2353
probe_mm,mean,27,fg_benzene_ring,,R8,1,0.2353
probe_mm,mean,27,fg_benzene_ring,,R9,0,0.4314
probe_mm,mean,27,fg_benzene_ring,,R9,1,0.4314
probe_mm,mean,27,fg_pyrrole_ring,,qm9s_val,0,0.7889
probe_mm,mean,27,fg_pyrrole_ring,,R0,0,0.8041
probe_mm,mean,27,fg_pyrrole_ring,,R2,0,0.9474
probe_mm,mean,27,fg_pyrrole_ring,,R2,1,0.9474
probe_mm,mean,27,fg_pyrrole_ring,,R3,0,0.9474
probe_mm,mean,27,fg_pyrrole_ring,,R3,1,0.9474
probe_mm,mean,27,fg_pyrrole_ring,,R4,0,0.9474
probe_mm,mean,27,fg_pyrrole_ring,,R4,1,0.9474
probe_mm,mean,27,fg_pyrrole_ring,,R5,0,0.3158
probe_mm,mean,27,fg_pyrrole_ring,,R5,1,0.3158
probe_mm,mean,27,fg_pyrrole_ring,,R6,0,0.8421
probe_mm,mean,27,fg_pyrrole_ring,,R6,1,0.8421
probe_mm,mean,27,fg_pyrrole_ring,,R8,0,0.1579
probe_mm,mean,27,fg_pyrrole_ring,,R8,1,0.1579
probe_mm,mean,27,fg_pyrrole_ring,,R9,0,0.5263
probe_mm,mean,27,fg_pyrrole_ring,,R9,1,0.5263
probe_mm,mean,27,fg_imidazole_ring,,qm9s_val,0,0.8445
probe_mm,mean,27,fg_imidazole_ring,,R0,0,0.8497
probe_mm,mean,27,fg_imidazole_ring,,R2,0,0.7368
probe_mm,mean,27,fg_imidazole_ring,,R2,1,0.7368
probe_mm,mean,27,fg_imidazole_ring,,R3,0,0.7895
probe_mm,mean,27,fg_imidazole_ring,,R3,1,0.7895
probe_mm,mean,27,fg_imidazole_ring,,R4,0,0.7895
probe_mm,mean,27,fg_imidazole_ring,,R4,1,0.7895
probe_mm,mean,27,fg_imidazole_ring,,R5,0,0.4737
probe_mm,mean,27,fg_imidazole_ring,,R5,1,0.4737
probe_mm,mean,27,fg_imidazole_ring,,R6,0,0.4737
probe_mm,mean,27,fg_imidazole_ring,,R6,1,0.4737
probe_mm,mean,27,fg_imidazole_ring,,R8,0,0.7368
probe_mm,mean,27,fg_imidazole_ring,,R8,1,0.7368
probe_mm,mean,27,fg_imidazole_ring,,R9,0,0.8421
probe_mm,mean,27,fg_imidazole_ring,,R9,1,0.8421
probe_lr,mean,30,fg_primary_amine,0.001,qm9s_val,0,0.8951
probe_lr,mean,30,fg_primary_amine,0.001,R0,0,0.8849
probe_lr,mean,30,fg_primary_amine,0.001,R2,0,0.8421
probe_lr,mean,30,fg_primary_amine,0.001,R2,1,0.8421
probe_lr,mean,30,fg_primary_amine,0.001,R3,0,0.1579
probe_lr,mean,30,fg_primary_amine,0.001,R3,1,0.1579
probe_lr,mean,30,fg_primary_amine,0.001,R4,0,0.4211
probe_lr,mean,30,fg_primary_amine,0.001,R4,1,0.4211
probe_lr,mean,30,fg_primary_amine,0.001,R5,0,0.4737
probe_lr,mean,30,fg_primary_amine,0.001,R5,1,0.4737
probe_lr,mean,30,fg_primary_amine,0.001,R6,0,0.3158
probe_lr,mean,30,fg_primary_amine,0.001,R6,1,0.3158
probe_lr,mean,30,fg_primary_amine,0.001,R8,0,0.6842
probe_lr,mean,30,fg_primary_amine,0.001,R8,1,0.6842
probe_lr,mean,30,fg_primary_amine,0.001,R9,0,0.7895
probe_lr,mean,30,fg_primary_amine,0.001,R9,1,0.7895
probe_lr,mean,30,fg_secondary_amine,0.001,qm9s_val,0,0.6926
probe_lr,mean,30,fg_secondary_amine,0.001,R0,0,0.7273
probe_lr,mean,30,fg_secondary_amine,0.001,R2,0,0.8421
probe_lr,mean,30,fg_secondary_amine,0.001,R2,1,0.8421
probe_lr,mean,30,fg_secondary_amine,0.001,R3,0,0.6316
probe_lr,mean,30,fg_secondary_amine,0.001,R3,1,0.6316
probe_lr,mean,30,fg_secondary_amine,0.001,R4,0,0.7895
probe_lr,mean,30,fg_secondary_amine,0.001,R4,1,0.7895
probe_lr,mean,30,fg_secondary_amine,0.001,R5,0,0.7895
probe_lr,mean,30,fg_secondary_amine,0.001,R5,1,0.7895
probe_lr,mean,30,fg_secondary_amine,0.001,R6,0,0.4737
probe_lr,mean,30,fg_secondary_amine,0.001,R6,1,0.4737
probe_lr,mean,30,fg_secondary_amine,0.001,R8,0,1.0
probe_lr,mean,30,fg_secondary_amine,0.001,R8,1,1.0
probe_lr,mean,30,fg_secondary_amine,0.001,R9,0,1.0
probe_lr,mean,30,fg_secondary_amine,0.001,R9,1,1.0
probe_lr,mean,30,fg_amide,0.001,qm9s_val,0,0.8173
probe_lr,mean,30,fg_amide,0.001,R0,0,0.8202
probe_lr,mean,30,fg_amide,0.001,R2,0,0.9722
probe_lr,mean,30,fg_amide,0.001,R2,1,0.9722
probe_lr,mean,30,fg_amide,0.001,R3,0,0.5
probe_lr,mean,30,fg_amide,0.001,R3,1,0.5
probe_lr,mean,30,fg_amide,0.001,R4,0,1.0
probe_lr,mean,30,fg_amide,0.001,R4,1,1.0
probe_lr,mean,30,fg_amide,0.001,R5,0,0.9722
probe_lr,mean,30,fg_amide,0.001,R5,1,0.9722
probe_lr,mean,30,fg_amide,0.001,R6,0,0.8611
probe_lr,mean,30,fg_amide,0.001,R6,1,0.8611
probe_lr,mean,30,fg_amide,0.001,R8,0,0.5
probe_lr,mean,30,fg_amide,0.001,R8,1,0.5
probe_lr,mean,30,fg_amide,0.001,R9,0,0.6111
probe_lr,mean,30,fg_amide,0.001,R9,1,0.6111
probe_lr,mean,30,fg_guanidine,0.001,qm9s_val,0,0.9385
probe_lr,mean,30,fg_guanidine,0.001,R0,0,0.9548
probe_lr,mean,30,fg_guanidine,0.001,R2,0,0.6842
probe_lr,mean,30,fg_guanidine,0.001,R2,1,0.6842
probe_lr,mean,30,fg_guanidine,0.001,R3,0,1.0
probe_lr,mean,30,fg_guanidine,0.001,R3,1,1.0
probe_lr,mean,30,fg_guanidine,0.001,R4,0,1.0
probe_lr,mean,30,fg_guanidine,0.001,R4,1,1.0
probe_lr,mean,30,fg_guanidine,0.001,R5,0,0.7368
probe_lr,mean,30,fg_guanidine,0.001,R5,1,0.7368
probe_lr,mean,30,fg_guanidine,0.001,R6,0,0.6316
probe_lr,mean,30,fg_guanidine,0.001,R6,1,0.6316
probe_lr,mean,30,fg_guanidine,0.001,R8,0,0.6842
probe_lr,mean,30,fg_guanidine,0.001,R8,1,0.6842
probe_lr,mean,30,fg_guanidine,0.001,R9,0,0.5789
probe_lr,mean,30,fg_guanidine,0.001,R9,1,0.5789
probe_lr,mean,30,fg_hydroxyl_aliphatic,0.001,qm9s_val,0,0.7317
probe_lr,mean,30,fg_hydroxyl_aliphatic,0.001,R0,0,0.7162
probe_lr,mean,30,fg_hydroxyl_aliphatic,0.001,R2,0,1.0
probe_lr,mean,30,fg_hydroxyl_aliphatic,0.001,R2,1,1.0
probe_lr,mean,30,fg_hydroxyl_aliphatic,0.001,R3,0,0.5833
probe_lr,mean,30,fg_hydroxyl_aliphatic,0.001,R3,1,0.5833
probe_lr,mean,30,fg_hydroxyl_aliphatic,0.001,R4,0,0.8889
probe_lr,mean,30,fg_hydroxyl_aliphatic,0.001,R4,1,0.8889
probe_lr,mean,30,fg_hydroxyl_aliphatic,0.001,R5,0,0.7222
probe_lr,mean,30,fg_hydroxyl_aliphatic,0.001,R5,1,0.7222
probe_lr,mean,30,fg_hydroxyl_aliphatic,0.001,R6,0,0.3889
probe_lr,mean,30,fg_hydroxyl_aliphatic,0.001,R6,1,0.3889
probe_lr,mean,30,fg_hydroxyl_aliphatic,0.001,R8,0,0.4167
probe_lr,mean,30,fg_hydroxyl_aliphatic,0.001,R8,1,0.4167
probe_lr,mean,30,fg_hydroxyl_aliphatic,0.001,R9,0,0.6111
probe_lr,mean,30,fg_hydroxyl_aliphatic,0.001,R9,1,0.6111
probe_lr,mean,30,fg_phenol,0.001,qm9s_val,0,0.9232
probe_lr,mean,30,fg_phenol,0.001,R0,0,0.9086
probe_lr,mean,30,fg_phenol,0.001,R2,0,0.7895
probe_lr,mean,30,fg_phenol,0.001,R2,1,0.7895
probe_lr,mean,30,fg_phenol,0.001,R3,0,0.7895
probe_lr,mean,30,fg_phenol,0.001,R3,1,0.7895
probe_lr,mean,30,fg_phenol,0.001,R4,0,0.7368
probe_lr,mean,30,fg_phenol,0.001,R4,1,0.7368
probe_lr,mean,30,fg_phenol,0.001,R5,0,0.5263
probe_lr,mean,30,fg_phenol,0.001,R5,1,0.5263
probe_lr,mean,30,fg_phenol,0.001,R6,0,0.3684
probe_lr,mean,30,fg_phenol,0.001,R6,1,0.3684
probe_lr,mean,30,fg_phenol,0.001,R8,0,0.4211
probe_lr,mean,30,fg_phenol,0.001,R8,1,0.4211
probe_lr,mean,30,fg_phenol,0.001,R9,0,0.7368
probe_lr,mean,30,fg_phenol,0.001,R9,1,0.7368
probe_lr,mean,30,fg_aromatic_ring,0.001,qm9s_val,0,0.9666
probe_lr,mean,30,fg_aromatic_ring,0.001,R0,0,0.9722
probe_lr,mean,30,fg_aromatic_ring,0.001,R2,0,0.9844
probe_lr,mean,30,fg_aromatic_ring,0.001,R2,1,0.9844
probe_lr,mean,30,fg_aromatic_ring,0.001,R3,0,0.875
probe_lr,mean,30,fg_aromatic_ring,0.001,R3,1,0.875
probe_lr,mean,30,fg_aromatic_ring,0.001,R4,0,0.6562
probe_lr,mean,30,fg_aromatic_ring,0.001,R4,1,0.6562
probe_lr,mean,30,fg_aromatic_ring,0.001,R5,0,0.5
probe_lr,mean,30,fg_aromatic_ring,0.001,R5,1,0.5
probe_lr,mean,30,fg_aromatic_ring,0.001,R6,0,0.5469
probe_lr,mean,30,fg_aromatic_ring,0.001,R6,1,0.5469
probe_lr,mean,30,fg_aromatic_ring,0.001,R8,0,0.5938
probe_lr,mean,30,fg_aromatic_ring,0.001,R8,1,0.5938
probe_lr,mean,30,fg_aromatic_ring,0.001,R9,0,0.7812
probe_lr,mean,30,fg_aromatic_ring,0.001,R9,1,0.7656
probe_lr,mean,30,fg_benzene_ring,0.001,qm9s_val,0,0.9859
probe_lr,mean,30,fg_benzene_ring,0.001,R0,0,0.983
probe_lr,mean,30,fg_benzene_ring,0.001,R2,0,0.7255
probe_lr,mean,30,fg_benzene_ring,0.001,R2,1,0.7255
probe_lr,mean,30,fg_benzene_ring,0.001,R3,0,0.6863
probe_lr,mean,30,fg_benzene_ring,0.001,R3,1,0.6863
probe_lr,mean,30,fg_benzene_ring,0.001,R4,0,0.6471
probe_lr,mean,30,fg_benzene_ring,0.001,R4,1,0.6471
probe_lr,mean,30,fg_benzene_ring,0.001,R5,0,0.3333
probe_lr,mean,30,fg_benzene_ring,0.001,R5,1,0.3333
probe_lr,mean,30,fg_benzene_ring,0.001,R6,0,0.2941
probe_lr,mean,30,fg_benzene_ring,0.001,R6,1,0.2941
probe_lr,mean,30,fg_benzene_ring,0.001,R8,0,0.8039
probe_lr,mean,30,fg_benzene_ring,0.001,R8,1,0.8039
probe_lr,mean,30,fg_benzene_ring,0.001,R9,0,0.5686
probe_lr,mean,30,fg_benzene_ring,0.001,R9,1,0.5882
probe_lr,mean,30,fg_pyrrole_ring,0.001,qm9s_val,0,0.9188
probe_lr,mean,30,fg_pyrrole_ring,0.001,R0,0,0.9331
probe_lr,mean,30,fg_pyrrole_ring,0.001,R2,0,1.0
probe_lr,mean,30,fg_pyrrole_ring,0.001,R2,1,1.0
probe_lr,mean,30,fg_pyrrole_ring,0.001,R3,0,1.0
probe_lr,mean,30,fg_pyrrole_ring,0.001,R3,1,1.0
probe_lr,mean,30,fg_pyrrole_ring,0.001,R4,0,1.0
probe_lr,mean,30,fg_pyrrole_ring,0.001,R4,1,1.0
probe_lr,mean,30,fg_pyrrole_ring,0.001,R5,0,1.0
probe_lr,mean,30,fg_pyrrole_ring,0.001,R5,1,1.0
probe_lr,mean,30,fg_pyrrole_ring,0.001,R6,0,1.0
probe_lr,mean,30,fg_pyrrole_ring,0.001,R6,1,1.0
probe_lr,mean,30,fg_pyrrole_ring,0.001,R8,0,1.0
probe_lr,mean,30,fg_pyrrole_ring,0.001,R8,1,1.0
probe_lr,mean,30,fg_pyrrole_ring,0.001,R9,0,1.0
probe_lr,mean,30,fg_pyrrole_ring,0.001,R9,1,1.0
probe_lr,mean,30,fg_imidazole_ring,0.001,qm9s_val,0,0.9617
probe_lr,mean,30,fg_imidazole_ring,0.001,R0,0,0.9325
probe_lr,mean,30,fg_imidazole_ring,0.001,R2,0,0.9474
probe_lr,mean,30,fg_imidazole_ring,0.001,R2,1,0.9474
probe_lr,mean,30,fg_imidazole_ring,0.001,R3,0,0.9474
probe_lr,mean,30,fg_imidazole_ring,0.001,R3,1,0.9474
probe_lr,mean,30,fg_imidazole_ring,0.001,R4,0,0.8947
probe_lr,mean,30,fg_imidazole_ring,0.001,R4,1,0.8947
probe_lr,mean,30,fg_imidazole_ring,0.001,R5,0,0.7895
probe_lr,mean,30,fg_imidazole_ring,0.001,R5,1,0.7895
probe_lr,mean,30,fg_imidazole_ring,0.001,R6,0,0.6842
probe_lr,mean,30,fg_imidazole_ring,0.001,R6,1,0.6842
probe_lr,mean,30,fg_imidazole_ring,0.001,R8,0,0.7895
probe_lr,mean,30,fg_imidazole_ring,0.001,R8,1,0.7895
probe_lr,mean,30,fg_imidazole_ring,0.001,R9,0,0.9474
probe_lr,mean,30,fg_imidazole_ring,0.001,R9,1,0.9474
probe_mm,mean,30,fg_primary_amine,,qm9s_val,0,0.7079
probe_mm,mean,30,fg_primary_amine,,R0,0,0.7098
probe_mm,mean,30,fg_primary_amine,,R2,0,0.5789
probe_mm,mean,30,fg_primary_amine,,R2,1,0.5789
probe_mm,mean,30,fg_primary_amine,,R3,0,0.4737
probe_mm,mean,30,fg_primary_amine,,R3,1,0.4737
probe_mm,mean,30,fg_primary_amine,,R4,0,0.3684
probe_mm,mean,30,fg_primary_amine,,R4,1,0.3684
probe_mm,mean,30,fg_primary_amine,,R5,0,0.2632
probe_mm,mean,30,fg_primary_amine,,R5,1,0.2632
probe_mm,mean,30,fg_primary_amine,,R6,0,0.3158
probe_mm,mean,30,fg_primary_amine,,R6,1,0.3158
probe_mm,mean,30,fg_primary_amine,,R8,0,0.5263
probe_mm,mean,30,fg_primary_amine,,R8,1,0.5263
probe_mm,mean,30,fg_primary_amine,,R9,0,0.7895
probe_mm,mean,30,fg_primary_amine,,R9,1,0.7895
probe_mm,mean,30,fg_secondary_amine,,qm9s_val,0,0.6362
probe_mm,mean,30,fg_secondary_amine,,R0,0,0.6519
probe_mm,mean,30,fg_secondary_amine,,R2,0,0.5789
probe_mm,mean,30,fg_secondary_amine,,R2,1,0.5789
probe_mm,mean,30,fg_secondary_amine,,R3,0,0.5789
probe_mm,mean,30,fg_secondary_amine,,R3,1,0.5789
probe_mm,mean,30,fg_secondary_amine,,R4,0,1.0
probe_mm,mean,30,fg_secondary_amine,,R4,1,1.0
probe_mm,mean,30,fg_secondary_amine,,R5,0,0.9474
probe_mm,mean,30,fg_secondary_amine,,R5,1,0.9474
probe_mm,mean,30,fg_secondary_amine,,R6,0,0.7368
probe_mm,mean,30,fg_secondary_amine,,R6,1,0.7368
probe_mm,mean,30,fg_secondary_amine,,R8,0,0.8421
probe_mm,mean,30,fg_secondary_amine,,R8,1,0.8421
probe_mm,mean,30,fg_secondary_amine,,R9,0,0.2105
probe_mm,mean,30,fg_secondary_amine,,R9,1,0.2105
probe_mm,mean,30,fg_amide,,qm9s_val,0,0.6581
probe_mm,mean,30,fg_amide,,R0,0,0.6226
probe_mm,mean,30,fg_amide,,R2,0,0.5833
probe_mm,mean,30,fg_amide,,R2,1,0.5833
probe_mm,mean,30,fg_amide,,R3,0,0.0833
probe_mm,mean,30,fg_amide,,R3,1,0.0833
probe_mm,mean,30,fg_amide,,R4,0,0.6667
probe_mm,mean,30,fg_amide,,R4,1,0.6667
probe_mm,mean,30,fg_amide,,R5,0,0.7222
probe_mm,mean,30,fg_amide,,R5,1,0.7222
probe_mm,mean,30,fg_amide,,R6,0,0.6944
probe_mm,mean,30,fg_amide,,R6,1,0.6944
probe_mm,mean,30,fg_amide,,R8,0,0.4722
probe_mm,mean,30,fg_amide,,R8,1,0.4722
probe_mm,mean,30,fg_amide,,R9,0,0.5556
probe_mm,mean,30,fg_amide,,R9,1,0.5556
probe_mm,mean,30,fg_guanidine,,qm9s_val,0,0.7612
probe_mm,mean,30,fg_guanidine,,R0,0,0.7785
probe_mm,mean,30,fg_guanidine,,R2,0,0.0526
probe_mm,mean,30,fg_guanidine,,R2,1,0.0526
probe_mm,mean,30,fg_guanidine,,R3,0,0.1053
probe_mm,mean,30,fg_guanidine,,R3,1,0.1053
probe_mm,mean,30,fg_guanidine,,R4,0,0.0526
probe_mm,mean,30,fg_guanidine,,R4,1,0.0526
probe_mm,mean,30,fg_guanidine,,R5,0,0.0526
probe_mm,mean,30,fg_guanidine,,R5,1,0.0526
probe_mm,mean,30,fg_guanidine,,R6,0,0.3158
probe_mm,mean,30,fg_guanidine,,R6,1,0.3158
probe_mm,mean,30,fg_guanidine,,R8,0,0.7895
probe_mm,mean,30,fg_guanidine,,R8,1,0.7895
probe_mm,mean,30,fg_guanidine,,R9,0,0.2632
probe_mm,mean,30,fg_guanidine,,R9,1,0.2632
probe_mm,mean,30,fg_hydroxyl_aliphatic,,qm9s_val,0,0.6184
probe_mm,mean,30,fg_hydroxyl_aliphatic,,R0,0,0.6402
probe_mm,mean,30,fg_hydroxyl_aliphatic,,R2,0,0.8611
probe_mm,mean,30,fg_hydroxyl_aliphatic,,R2,1,0.8611
probe_mm,mean,30,fg_hydroxyl_aliphatic,,R3,0,0.4167
probe_mm,mean,30,fg_hydroxyl_aliphatic,,R3,1,0.4167
probe_mm,mean,30,fg_hydroxyl_aliphatic,,R4,0,0.5
probe_mm,mean,30,fg_hydroxyl_aliphatic,,R4,1,0.5
probe_mm,mean,30,fg_hydroxyl_aliphatic,,R5,0,0.25
probe_mm,mean,30,fg_hydroxyl_aliphatic,,R5,1,0.25
probe_mm,mean,30,fg_hydroxyl_aliphatic,,R6,0,0.4167
probe_mm,mean,30,fg_hydroxyl_aliphatic,,R6,1,0.4167
probe_mm,mean,30,fg_hydroxyl_aliphatic,,R8,0,0.8056
probe_mm,mean,30,fg_hydroxyl_aliphatic,,R8,1,0.8056
probe_mm,mean,30,fg_hydroxyl_aliphatic,,R9,0,0.6389
probe_mm,mean,30,fg_hydroxyl_aliphatic,,R9,1,0.6389
probe_mm,mean,30,fg_phenol,,qm9s_val,0,0.8383
probe_mm,mean,30,fg_phenol,,R0,0,0.7958
probe_mm,mean,30,fg_phenol,,R2,0,0.7895
probe_mm,mean,30,fg_phenol,,R2,1,0.7895
probe_mm,mean,30,fg_phenol,,R3,0,0.6842
probe_mm,mean,30,fg_phenol,,R3,1,0.6842
probe_mm,mean,30,fg_phenol,,R4,0,0.5789
probe_mm,mean,30,fg_phenol,,R4,1,0.5789
probe_mm,mean,30,fg_phenol,,R5,0,0.4737
probe_mm,mean,30,fg_phenol,,R5,1,0.4737
probe_mm,mean,30,fg_phenol,,R6,0,0.4737
probe_mm,mean,30,fg_phenol,,R6,1,0.4737
probe_mm,mean,30,fg_phenol,,R8,0,0.3684
probe_mm,mean,30,fg_phenol,,R8,1,0.3684
probe_mm,mean,30,fg_phenol,,R9,0,0.0
probe_mm,mean,30,fg_phenol,,R9,1,0.0
probe_mm,mean,30,fg_aromatic_ring,,qm9s_val,0,0.8778
probe_mm,mean,30,fg_aromatic_ring,,R0,0,0.8716
probe_mm,mean,30,fg_aromatic_ring,,R2,0,0.8906
probe_mm,mean,30,fg_aromatic_ring,,R2,1,0.8906
probe_mm,mean,30,fg_aromatic_ring,,R3,0,0.8594
probe_mm,mean,30,fg_aromatic_ring,,R3,1,0.8594
probe_mm,mean,30,fg_aromatic_ring,,R4,0,0.8438
probe_mm,mean,30,fg_aromatic_ring,,R4,1,0.8438
probe_mm,mean,30,fg_aromatic_ring,,R5,0,0.5156
probe_mm,mean,30,fg_aromatic_ring,,R5,1,0.5156
probe_mm,mean,30,fg_aromatic_ring,,R6,0,0.6719
probe_mm,mean,30,fg_aromatic_ring,,R6,1,0.6719
probe_mm,mean,30,fg_aromatic_ring,,R8,0,0.3594
probe_mm,mean,30,fg_aromatic_ring,,R8,1,0.3594
probe_mm,mean,30,fg_aromatic_ring,,R9,0,0.625
probe_mm,mean,30,fg_aromatic_ring,,R9,1,0.625
probe_mm,mean,30,fg_benzene_ring,,qm9s_val,0,0.8614
probe_mm,mean,30,fg_benzene_ring,,R0,0,0.8434
probe_mm,mean,30,fg_benzene_ring,,R2,0,0.902
probe_mm,mean,30,fg_benzene_ring,,R2,1,0.902
probe_mm,mean,30,fg_benzene_ring,,R3,0,0.8824
probe_mm,mean,30,fg_benzene_ring,,R3,1,0.8824
probe_mm,mean,30,fg_benzene_ring,,R4,0,0.8824
probe_mm,mean,30,fg_benzene_ring,,R4,1,0.8824
probe_mm,mean,30,fg_benzene_ring,,R5,0,0.5098
probe_mm,mean,30,fg_benzene_ring,,R5,1,0.5098
probe_mm,mean,30,fg_benzene_ring,,R6,0,0.8039
probe_mm,mean,30,fg_benzene_ring,,R6,1,0.8039
probe_mm,mean,30,fg_benzene_ring,,R8,0,0.2353
probe_mm,mean,30,fg_benzene_ring,,R8,1,0.2353
probe_mm,mean,30,fg_benzene_ring,,R9,0,0.5098
probe_mm,mean,30,fg_benzene_ring,,R9,1,0.4902
probe_mm,mean,30,fg_pyrrole_ring,,qm9s_val,0,0.7845
probe_mm,mean,30,fg_pyrrole_ring,,R0,0,0.7964
probe_mm,mean,30,fg_pyrrole_ring,,R2,0,0.9474
probe_mm,mean,30,fg_pyrrole_ring,,R2,1,0.9474
probe_mm,mean,30,fg_pyrrole_ring,,R3,0,0.9474
probe_mm,mean,30,fg_pyrrole_ring,,R3,1,0.9474
probe_mm,mean,30,fg_pyrrole_ring,,R4,0,0.9474
probe_mm,mean,30,fg_pyrrole_ring,,R4,1,0.9474
probe_mm,mean,30,fg_pyrrole_ring,,R5,0,0.2632
probe_mm,mean,30,fg_pyrrole_ring,,R5,1,0.2632
probe_mm,mean,30,fg_pyrrole_ring,,R6,0,0.7368
probe_mm,mean,30,fg_pyrrole_ring,,R6,1,0.7368
probe_mm,mean,30,fg_pyrrole_ring,,R8,0,0.2105
probe_mm,mean,30,fg_pyrrole_ring,,R8,1,0.2105
probe_mm,mean,30,fg_pyrrole_ring,,R9,0,0.6842
probe_mm,mean,30,fg_pyrrole_ring,,R9,1,0.6842
probe_mm,mean,30,fg_imidazole_ring,,qm9s_val,0,0.8456
probe_mm,mean,30,fg_imidazole_ring,,R0,0,0.8472
probe_mm,mean,30,fg_imidazole_ring,,R2,0,0.7368
probe_mm,mean,30,fg_imidazole_ring,,R2,1,0.7368
probe_mm,mean,30,fg_imidazole_ring,,R3,0,0.7895
probe_mm,mean,30,fg_imidazole_ring,,R3,1,0.7895
probe_mm,mean,30,fg_imidazole_ring,,R4,0,0.7895
probe_mm,mean,30,fg_imidazole_ring,,R4,1,0.7895
probe_mm,mean,30,fg_imidazole_ring,,R5,0,0.4737
probe_mm,mean,30,fg_imidazole_ring,,R5,1,0.4737
probe_mm,mean,30,fg_imidazole_ring,,R6,0,0.6842
probe_mm,mean,30,fg_imidazole_ring,,R6,1,0.6842
probe_mm,mean,30,fg_imidazole_ring,,R8,0,0.7895
probe_mm,mean,30,fg_imidazole_ring,,R8,1,0.7895
probe_mm,mean,30,fg_imidazole_ring,,R9,0,0.8421
probe_mm,mean,30,fg_imidazole_ring,,R9,1,0.8421
probe_lr,mean,33,fg_primary_amine,0.001,qm9s_val,0,0.8888
probe_lr,mean,33,fg_primary_amine,0.001,R0,0,0.8707
probe_lr,mean,33,fg_primary_amine,0.001,R2,0,0.8421
probe_lr,mean,33,fg_primary_amine,0.001,R2,1,0.8421
probe_lr,mean,33,fg_primary_amine,0.001,R3,0,0.3158
probe_lr,mean,33,fg_primary_amine,0.001,R3,1,0.3158
probe_lr,mean,33,fg_primary_amine,0.001,R4,0,0.3684
probe_lr,mean,33,fg_primary_amine,0.001,R4,1,0.3684
probe_lr,mean,33,fg_primary_amine,0.001,R5,0,0.5263
probe_lr,mean,33,fg_primary_amine,0.001,R5,1,0.5263
probe_lr,mean,33,fg_primary_amine,0.001,R6,0,0.3158
probe_lr,mean,33,fg_primary_amine,0.001,R6,1,0.3158
probe_lr,mean,33,fg_primary_amine,0.001,R8,0,0.6842
probe_lr,mean,33,fg_primary_amine,0.001,R8,1,0.6842
probe_lr,mean,33,fg_primary_amine,0.001,R9,0,0.8421
probe_lr,mean,33,fg_primary_amine,0.001,R9,1,0.8421
probe_lr,mean,33,fg_secondary_amine,0.001,qm9s_val,0,0.6891
probe_lr,mean,33,fg_secondary_amine,0.001,R0,0,0.7182
probe_lr,mean,33,fg_secondary_amine,0.001,R2,0,0.8947
probe_lr,mean,33,fg_secondary_amine,0.001,R2,1,0.8947
probe_lr,mean,33,fg_secondary_amine,0.001,R3,0,0.5263
probe_lr,mean,33,fg_secondary_amine,0.001,R3,1,0.5263
probe_lr,mean,33,fg_secondary_amine,0.001,R4,0,0.7368
probe_lr,mean,33,fg_secondary_amine,0.001,R4,1,0.7368
probe_lr,mean,33,fg_secondary_amine,0.001,R5,0,0.7368
probe_lr,mean,33,fg_secondary_amine,0.001,R5,1,0.7368
probe_lr,mean,33,fg_secondary_amine,0.001,R6,0,0.3684
probe_lr,mean,33,fg_secondary_amine,0.001,R6,1,0.3684
probe_lr,mean,33,fg_secondary_amine,0.001,R8,0,1.0
probe_lr,mean,33,fg_secondary_amine,0.001,R8,1,1.0
probe_lr,mean,33,fg_secondary_amine,0.001,R9,0,1.0
probe_lr,mean,33,fg_secondary_amine,0.001,R9,1,1.0
probe_lr,mean,33,fg_amide,0.001,qm9s_val,0,0.8193
probe_lr,mean,33,fg_amide,0.001,R0,0,0.8144
probe_lr,mean,33,fg_amide,0.001,R2,0,0.9722
probe_lr,mean,33,fg_amide,0.001,R2,1,0.9722
probe_lr,mean,33,fg_amide,0.001,R3,0,0.4444
probe_lr,mean,33,fg_amide,0.001,R3,1,0.4444
probe_lr,mean,33,fg_amide,0.001,R4,0,0.9722
probe_lr,mean,33,fg_amide,0.001,R4,1,0.9722
probe_lr,mean,33,fg_amide,0.001,R5,0,0.9167
probe_lr,mean,33,fg_amide,0.001,R5,1,0.9167
probe_lr,mean,33,fg_amide,0.001,R6,0,0.8333
probe_lr,mean,33,fg_amide,0.001,R6,1,0.8333
probe_lr,mean,33,fg_amide,0.001,R8,0,0.5
probe_lr,mean,33,fg_amide,0.001,R8,1,0.5
probe_lr,mean,33,fg_amide,0.001,R9,0,0.6111
probe_lr,mean,33,fg_amide,0.001,R9,1,0.6111
probe_lr,mean,33,fg_guanidine,0.001,qm9s_val,0,0.9347
probe_lr,mean,33,fg_guanidine,0.001,R0,0,0.9506
probe_lr,mean,33,fg_guanidine,0.001,R2,0,0.7368
probe_lr,mean,33,fg_guanidine,0.001,R2,1,0.7368
probe_lr,mean,33,fg_guanidine,0.001,R3,0,0.7895
probe_lr,mean,33,fg_guanidine,0.001,R3,1,0.7895
probe_lr,mean,33,fg_guanidine,0.001,R4,0,1.0
probe_lr,mean,33,fg_guanidine,0.001,R4,1,1.0
probe_lr,mean,33,fg_guanidine,0.001,R5,0,0.3158
probe_lr,mean,33,fg_guanidine,0.001,R5,1,0.3158
probe_lr,mean,33,fg_guanidine,0.001,R6,0,0.5263
probe_lr,mean,33,fg_guanidine,0.001,R6,1,0.5263
probe_lr,mean,33,fg_guanidine,0.001,R8,0,0.6842
probe_lr,mean,33,fg_guanidine,0.001,R8,1,0.6842
probe_lr,mean,33,fg_guanidine,0.001,R9,0,0.6842
probe_lr,mean,33,fg_guanidine,0.001,R9,1,0.6842
probe_lr,mean,33,fg_hydroxyl_aliphatic,0.001,qm9s_val,0,0.7314
probe_lr,mean,33,fg_hydroxyl_aliphatic,0.001,R0,0,0.7136
probe_lr,mean,33,fg_hydroxyl_aliphatic,0.001,R2,0,0.9722
probe_lr,mean,33,fg_hydroxyl_aliphatic,0.001,R2,1,0.9722
probe_lr,mean,33,fg_hydroxyl_aliphatic,0.001,R3,0,0.5833
probe_lr,mean,33,fg_hydroxyl_aliphatic,0.001,R3,1,0.5833
probe_lr,mean,33,fg_hydroxyl_aliphatic,0.001,R4,0,0.8333
probe_lr,mean,33,fg_hydroxyl_aliphatic,0.001,R4,1,0.8333
probe_lr,mean,33,fg_hydroxyl_aliphatic,0.001,R5,0,0.8611
probe_lr,mean,33,fg_hydroxyl_aliphatic,0.001,R5,1,0.8611
probe_lr,mean,33,fg_hydroxyl_aliphatic,0.001,R6,0,0.4722
probe_lr,mean,33,fg_hydroxyl_aliphatic,0.001,R6,1,0.4722
probe_lr,mean,33,fg_hydroxyl_aliphatic,0.001,R8,0,0.5278
probe_lr,mean,33,fg_hydroxyl_aliphatic,0.001,R8,1,0.5278
probe_lr,mean,33,fg_hydroxyl_aliphatic,0.001,R9,0,0.5556
probe_lr,mean,33,fg_hydroxyl_aliphatic,0.001,R9,1,0.5556
probe_lr,mean,33,fg_phenol,0.001,qm9s_val,0,0.9227
probe_lr,mean,33,fg_phenol,0.001,R0,0,0.9057
probe_lr,mean,33,fg_phenol,0.001,R2,0,0.9474
probe_lr,mean,33,fg_phenol,0.001,R2,1,0.9474
probe_lr,mean,33,fg_phenol,0.001,R3,0,0.8947
probe_lr,mean,33,fg_phenol,0.001,R3,1,0.8947
probe_lr,mean,33,fg_phenol,0.001,R4,0,0.6316
probe_lr,mean,33,fg_phenol,0.001,R4,1,0.6316
probe_lr,mean,33,fg_phenol,0.001,R5,0,0.5263
probe_lr,mean,33,fg_phenol,0.001,R5,1,0.5263
probe_lr,mean,33,fg_phenol,0.001,R6,0,0.3684
probe_lr,mean,33,fg_phenol,0.001,R6,1,0.3684
probe_lr,mean,33,fg_phenol,0.001,R8,0,0.4211
probe_lr,mean,33,fg_phenol,0.001,R8,1,0.4211
probe_lr,mean,33,fg_phenol,0.001,R9,0,0.6842
probe_lr,mean,33,fg_phenol,0.001,R9,1,0.6842
probe_lr,mean,33,fg_aromatic_ring,0.001,qm9s_val,0,0.9676
probe_lr,mean,33,fg_aromatic_ring,0.001,R0,0,0.9711
probe_lr,mean,33,fg_aromatic_ring,0.001,R2,0,1.0
probe_lr,mean,33,fg_aromatic_ring,0.001,R2,1,1.0
probe_lr,mean,33,fg_aromatic_ring,0.001,R3,0,0.9062
probe_lr,mean,33,fg_aromatic_ring,0.001,R3,1,0.9062
probe_lr,mean,33,fg_aromatic_ring,0.001,R4,0,0.5938
probe_lr,mean,33,fg_aromatic_ring,0.001,R4,1,0.5938
probe_lr,mean,33,fg_aromatic_ring,0.001,R5,0,0.5312
probe_lr,mean,33,fg_aromatic_ring,0.001,R5,1,0.5312
probe_lr,mean,33,fg_aromatic_ring,0.001,R6,0,0.5781
probe_lr,mean,33,fg_aromatic_ring,0.001,R6,1,0.5781
probe_lr,mean,33,fg_aromatic_ring,0.001,R8,0,0.4219
probe_lr,mean,33,fg_aromatic_ring,0.001,R8,1,0.4219
probe_lr,mean,33,fg_aromatic_ring,0.001,R9,0,0.7344
probe_lr,mean,33,fg_aromatic_ring,0.001,R9,1,0.7344
probe_lr,mean,33,fg_benzene_ring,0.001,qm9s_val,0,0.9834
probe_lr,mean,33,fg_benzene_ring,0.001,R0,0,0.9828
probe_lr,mean,33,fg_benzene_ring,0.001,R2,0,0.8235
probe_lr,mean,33,fg_benzene_ring,0.001,R2,1,0.8235
probe_lr,mean,33,fg_benzene_ring,0.001,R3,0,0.7843
probe_lr,mean,33,fg_benzene_ring,0.001,R3,1,0.7843
probe_lr,mean,33,fg_benzene_ring,0.001,R4,0,0.6667
probe_lr,mean,33,fg_benzene_ring,0.001,R4,1,0.6667
probe_lr,mean,33,fg_benzene_ring,0.001,R5,0,0.4706
probe_lr,mean,33,fg_benzene_ring,0.001,R5,1,0.4706
probe_lr,mean,33,fg_benzene_ring,0.001,R6,0,0.3922
probe_lr,mean,33,fg_benzene_ring,0.001,R6,1,0.3922
probe_lr,mean,33,fg_benzene_ring,0.001,R8,0,0.8824
probe_lr,mean,33,fg_benzene_ring,0.001,R8,1,0.8824
probe_lr,mean,33,fg_benzene_ring,0.001,R9,0,0.5686
probe_lr,mean,33,fg_benzene_ring,0.001,R9,1,0.5882
probe_lr,mean,33,fg_pyrrole_ring,0.001,qm9s_val,0,0.9187
probe_lr,mean,33,fg_pyrrole_ring,0.001,R0,0,0.9302
probe_lr,mean,33,fg_pyrrole_ring,0.001,R2,0,1.0
probe_lr,mean,33,fg_pyrrole_ring,0.001,R2,1,1.0
probe_lr,mean,33,fg_pyrrole_ring,0.001,R3,0,0.7895
probe_lr,mean,33,fg_pyrrole_ring,0.001,R3,1,0.7895
probe_lr,mean,33,fg_pyrrole_ring,0.001,R4,0,1.0
probe_lr,mean,33,fg_pyrrole_ring,0.001,R4,1,1.0
probe_lr,mean,33,fg_pyrrole_ring,0.001,R5,0,1.0
probe_lr,mean,33,fg_pyrrole_ring,0.001,R5,1,1.0
probe_lr,mean,33,fg_pyrrole_ring,0.001,R6,0,1.0
probe_lr,mean,33,fg_pyrrole_ring,0.001,R6,1,1.0
probe_lr,mean,33,fg_pyrrole_ring,0.001,R8,0,1.0
probe_lr,mean,33,fg_pyrrole_ring,0.001,R8,1,1.0
probe_lr,mean,33,fg_pyrrole_ring,0.001,R9,0,1.0
probe_lr,mean,33,fg_pyrrole_ring,0.001,R9,1,1.0
probe_lr,mean,33,fg_imidazole_ring,0.001,qm9s_val,0,0.9612
probe_lr,mean,33,fg_imidazole_ring,0.001,R0,0,0.9329
probe_lr,mean,33,fg_imidazole_ring,0.001,R2,0,0.9474
probe_lr,mean,33,fg_imidazole_ring,0.001,R2,1,0.9474
probe_lr,mean,33,fg_imidazole_ring,0.001,R3,0,0.9474
probe_lr,mean,33,fg_imidazole_ring,0.001,R3,1,0.9474
probe_lr,mean,33,fg_imidazole_ring,0.001,R4,0,0.8421
probe_lr,mean,33,fg_imidazole_ring,0.001,R4,1,0.8421
probe_lr,mean,33,fg_imidazole_ring,0.001,R5,0,0.7368
probe_lr,mean,33,fg_imidazole_ring,0.001,R5,1,0.7368
probe_lr,mean,33,fg_imidazole_ring,0.001,R6,0,0.6842
probe_lr,mean,33,fg_imidazole_ring,0.001,R6,1,0.6842
probe_lr,mean,33,fg_imidazole_ring,0.001,R8,0,0.9474
probe_lr,mean,33,fg_imidazole_ring,0.001,R8,1,0.9474
probe_lr,mean,33,fg_imidazole_ring,0.001,R9,0,0.7895
probe_lr,mean,33,fg_imidazole_ring,0.001,R9,1,0.7895
probe_mm,mean,33,fg_primary_amine,,qm9s_val,0,0.7109
probe_mm,mean,33,fg_primary_amine,,R0,0,0.7055
probe_mm,mean,33,fg_primary_amine,,R2,0,0.5263
probe_mm,mean,33,fg_primary_amine,,R2,1,0.5263
probe_mm,mean,33,fg_primary_amine,,R3,0,0.6842
probe_mm,mean,33,fg_primary_amine,,R3,1,0.6842
probe_mm,mean,33,fg_primary_amine,,R4,0,0.3684
probe_mm,mean,33,fg_primary_amine,,R4,1,0.3684
probe_mm,mean,33,fg_primary_amine,,R5,0,0.4211
probe_mm,mean,33,fg_primary_amine,,R5,1,0.4211
probe_mm,mean,33,fg_primary_amine,,R6,0,0.3158
probe_mm,mean,33,fg_primary_amine,,R6,1,0.3158
probe_mm,mean,33,fg_primary_amine,,R8,0,0.5263
probe_mm,mean,33,fg_primary_amine,,R8,1,0.5263
probe_mm,mean,33,fg_primary_amine,,R9,0,0.7895
probe_mm,mean,33,fg_primary_amine,,R9,1,0.7895
probe_mm,mean,33,fg_secondary_amine,,qm9s_val,0,0.637
probe_mm,mean,33,fg_secondary_amine,,R0,0,0.6512
probe_mm,mean,33,fg_secondary_amine,,R2,0,0.5789
probe_mm,mean,33,fg_secondary_amine,,R2,1,0.5789
probe_mm,mean,33,fg_secondary_amine,,R3,0,0.6316
probe_mm,mean,33,fg_secondary_amine,,R3,1,0.6316
probe_mm,mean,33,fg_secondary_amine,,R4,0,1.0
probe_mm,mean,33,fg_secondary_amine,,R4,1,1.0
probe_mm,mean,33,fg_secondary_amine,,R5,0,1.0
probe_mm,mean,33,fg_secondary_amine,,R5,1,1.0
probe_mm,mean,33,fg_secondary_amine,,R6,0,0.7368
probe_mm,mean,33,fg_secondary_amine,,R6,1,0.7368
probe_mm,mean,33,fg_secondary_amine,,R8,0,0.7895
probe_mm,mean,33,fg_secondary_amine,,R8,1,0.7895
probe_mm,mean,33,fg_secondary_amine,,R9,0,0.2105
probe_mm,mean,33,fg_secondary_amine,,R9,1,0.2105
probe_mm,mean,33,fg_amide,,qm9s_val,0,0.6625
probe_mm,mean,33,fg_amide,,R0,0,0.6248
probe_mm,mean,33,fg_amide,,R2,0,0.5833
probe_mm,mean,33,fg_amide,,R2,1,0.5833
probe_mm,mean,33,fg_amide,,R3,0,0.1667
probe_mm,mean,33,fg_amide,,R3,1,0.1667
probe_mm,mean,33,fg_amide,,R4,0,0.6667
probe_mm,mean,33,fg_amide,,R4,1,0.6667
probe_mm,mean,33,fg_amide,,R5,0,0.75
probe_mm,mean,33,fg_amide,,R5,1,0.75
probe_mm,mean,33,fg_amide,,R6,0,0.75
probe_mm,mean,33,fg_amide,,R6,1,0.75
probe_mm,mean,33,fg_amide,,R8,0,0.4722
probe_mm,mean,33,fg_amide,,R8,1,0.4722
probe_mm,mean,33,fg_amide,,R9,0,0.5833
probe_mm,mean,33,fg_amide,,R9,1,0.5833
probe_mm,mean,33,fg_guanidine,,qm9s_val,0,0.7608
probe_mm,mean,33,fg_guanidine,,R0,0,0.7769
probe_mm,mean,33,fg_guanidine,,R2,0,0.0526
probe_mm,mean,33,fg_guanidine,,R2,1,0.0526
probe_mm,mean,33,fg_guanidine,,R3,0,0.0526
probe_mm,mean,33,fg_guanidine,,R3,1,0.0526
probe_mm,mean,33,fg_guanidine,,R4,0,0.0526
probe_mm,mean,33,fg_guanidine,,R4,1,0.0526
probe_mm,mean,33,fg_guanidine,,R5,0,0.0
probe_mm,mean,33,fg_guanidine,,R5,1,0.0
probe_mm,mean,33,fg_guanidine,,R6,0,0.2632
probe_mm,mean,33,fg_guanidine,,R6,1,0.2632
probe_mm,mean,33,fg_guanidine,,R8,0,0.7895
probe_mm,mean,33,fg_guanidine,,R8,1,0.7895
probe_mm,mean,33,fg_guanidine,,R9,0,0.2632
probe_mm,mean,33,fg_guanidine,,R9,1,0.2632
probe_mm,mean,33,fg_hydroxyl_aliphatic,,qm9s_val,0,0.6156
probe_mm,mean,33,fg_hydroxyl_aliphatic,,R0,0,0.6399
probe_mm,mean,33,fg_hydroxyl_aliphatic,,R2,0,0.8611
probe_mm,mean,33,fg_hydroxyl_aliphatic,,R2,1,0.8611
probe_mm,mean,33,fg_hydroxyl_aliphatic,,R3,0,0.4167
probe_mm,mean,33,fg_hydroxyl_aliphatic,,R3,1,0.4167
probe_mm,mean,33,fg_hydroxyl_aliphatic,,R4,0,0.4444
probe_mm,mean,33,fg_hydroxyl_aliphatic,,R4,1,0.4444
probe_mm,mean,33,fg_hydroxyl_aliphatic,,R5,0,0.25
probe_mm,mean,33,fg_hydroxyl_aliphatic,,R5,1,0.25
probe_mm,mean,33,fg_hydroxyl_aliphatic,,R6,0,0.4167
probe_mm,mean,33,fg_hydroxyl_aliphatic,,R6,1,0.4167
probe_mm,mean,33,fg_hydroxyl_aliphatic,,R8,0,0.75
probe_mm,mean,33,fg_hydroxyl_aliphatic,,R8,1,0.75
probe_mm,mean,33,fg_hydroxyl_aliphatic,,R9,0,0.5556
probe_mm,mean,33,fg_hydroxyl_aliphatic,,R9,1,0.5556
probe_mm,mean,33,fg_phenol,,qm9s_val,0,0.8387
probe_mm,mean,33,fg_phenol,,R0,0,0.7978
probe_mm,mean,33,fg_phenol,,R2,0,0.7895
probe_mm,mean,33,fg_phenol,,R2,1,0.7895
probe_mm,mean,33,fg_phenol,,R3,0,0.6842
probe_mm,mean,33,fg_phenol,,R3,1,0.6842
probe_mm,mean,33,fg_phenol,,R4,0,0.5789
probe_mm,mean,33,fg_phenol,,R4,1,0.5789
probe_mm,mean,33,fg_phenol,,R5,0,0.4737
probe_mm,mean,33,fg_phenol,,R5,1,0.4737
probe_mm,mean,33,fg_phenol,,R6,0,0.6316
probe_mm,mean,33,fg_phenol,,R6,1,0.6316
probe_mm,mean,33,fg_phenol,,R8,0,0.3684
probe_mm,mean,33,fg_phenol,,R8,1,0.3684
probe_mm,mean,33,fg_phenol,,R9,0,0.0
probe_mm,mean,33,fg_phenol,,R9,1,0.0
probe_mm,mean,33,fg_aromatic_ring,,qm9s_val,0,0.8783
probe_mm,mean,33,fg_aromatic_ring,,R0,0,0.8725
probe_mm,mean,33,fg_aromatic_ring,,R2,0,0.8906
probe_mm,mean,33,fg_aromatic_ring,,R2,1,0.8906
probe_mm,mean,33,fg_aromatic_ring,,R3,0,0.875
probe_mm,mean,33,fg_aromatic_ring,,R3,1,0.875
probe_mm,mean,33,fg_aromatic_ring,,R4,0,0.8125
probe_mm,mean,33,fg_aromatic_ring,,R4,1,0.8125
probe_mm,mean,33,fg_aromatic_ring,,R5,0,0.5
probe_mm,mean,33,fg_aromatic_ring,,R5,1,0.5
probe_mm,mean,33,fg_aromatic_ring,,R6,0,0.6875
probe_mm,mean,33,fg_aromatic_ring,,R6,1,0.6875
probe_mm,mean,33,fg_aromatic_ring,,R8,0,0.3281
probe_mm,mean,33,fg_aromatic_ring,,R8,1,0.3281
probe_mm,mean,33,fg_aromatic_ring,,R9,0,0.5938
probe_mm,mean,33,fg_aromatic_ring,,R9,1,0.5938
probe_mm,mean,33,fg_benzene_ring,,qm9s_val,0,0.8647
probe_mm,mean,33,fg_benzene_ring,,R0,0,0.8448
probe_mm,mean,33,fg_benzene_ring,,R2,0,0.902
probe_mm,mean,33,fg_benzene_ring,,R2,1,0.902
probe_mm,mean,33,fg_benzene_ring,,R3,0,0.8627
probe_mm,mean,33,fg_benzene_ring,,R3,1,0.8627
probe_mm,mean,33,fg_benzene_ring,,R4,0,0.8627
probe_mm,mean,33,fg_benzene_ring,,R4,1,0.8627
probe_mm,mean,33,fg_benzene_ring,,R5,0,0.5098
probe_mm,mean,33,fg_benzene_ring,,R5,1,0.5098
probe_mm,mean,33,fg_benzene_ring,,R6,0,0.8039
probe_mm,mean,33,fg_benzene_ring,,R6,1,0.8039
probe_mm,mean,33,fg_benzene_ring,,R8,0,0.2157
probe_mm,mean,33,fg_benzene_ring,,R8,1,0.2157
probe_mm,mean,33,fg_benzene_ring,,R9,0,0.4706
probe_mm,mean,33,fg_benzene_ring,,R9,1,0.451
probe_mm,mean,33,fg_pyrrole_ring,,qm9s_val,0,0.7835
probe_mm,mean,33,fg_pyrrole_ring,,R0,0,0.7962
probe_mm,mean,33,fg_pyrrole_ring,,R2,0,0.8947
probe_mm,mean,33,fg_pyrrole_ring,,R2,1,0.8947
probe_mm,mean,33,fg_pyrrole_ring,,R3,0,0.9474
probe_mm,mean,33,fg_pyrrole_ring,,R3,1,0.9474
probe_mm,mean,33,fg_pyrrole_ring,,R4,0,0.9474
probe_mm,mean,33,fg_pyrrole_ring,,R4,1,0.9474
probe_mm,mean,33,fg_pyrrole_ring,,R5,0,0.2105
probe_mm,mean,33,fg_pyrrole_ring,,R5,1,0.2105
probe_mm,mean,33,fg_pyrrole_ring,,R6,0,0.7368
probe_mm,mean,33,fg_pyrrole_ring,,R6,1,0.7368
probe_mm,mean,33,fg_pyrrole_ring,,R8,0,0.1579
probe_mm,mean,33,fg_pyrrole_ring,,R8,1,0.1579
probe_mm,mean,33,fg_pyrrole_ring,,R9,0,0.5789
probe_mm,mean,33,fg_pyrrole_ring,,R9,1,0.5789
probe_mm,mean,33,fg_imidazole_ring,,qm9s_val,0,0.8465
probe_mm,mean,33,fg_imidazole_ring,,R0,0,0.8446
probe_mm,mean,33,fg_imidazole_ring,,R2,0,0.7895
probe_mm,mean,33,fg_imidazole_ring,,R2,1,0.7895
probe_mm,mean,33,fg_imidazole_ring,,R3,0,0.7895
probe_mm,mean,33,fg_imidazole_ring,,R3,1,0.7895
probe_mm,mean,33,fg_imidazole_ring,,R4,0,0.7895
probe_mm,mean,33,fg_imidazole_ring,,R4,1,0.7895
probe_mm,mean,33,fg_imidazole_ring,,R5,0,0.4737
probe_mm,mean,33,fg_imidazole_ring,,R5,1,0.4737
probe_mm,mean,33,fg_imidazole_ring,,R6,0,0.5789
probe_mm,mean,33,fg_imidazole_ring,,R6,1,0.5789
probe_mm,mean,33,fg_imidazole_ring,,R8,0,0.7895
probe_mm,mean,33,fg_imidazole_ring,,R8,1,0.7895
probe_mm,mean,33,fg_imidazole_ring,,R9,0,0.8421
probe_mm,mean,33,fg_imidazole_ring,,R9,1,0.8421
probe_lr,mean,36,fg_primary_amine,0.001,qm9s_val,0,0.8671
probe_lr,mean,36,fg_primary_amine,0.001,R0,0,0.8422
probe_lr,mean,36,fg_primary_amine,0.001,R2,0,0.8421
probe_lr,mean,36,fg_primary_amine,0.001,R2,1,0.8421
probe_lr,mean,36,fg_primary_amine,0.001,R3,0,0.0526
probe_lr,mean,36,fg_primary_amine,0.001,R3,1,0.0526
probe_lr,mean,36,fg_primary_amine,0.001,R4,0,0.2632
probe_lr,mean,36,fg_primary_amine,0.001,R4,1,0.2632
probe_lr,mean,36,fg_primary_amine,0.001,R5,0,0.4737
probe_lr,mean,36,fg_primary_amine,0.001,R5,1,0.4737
probe_lr,mean,36,fg_primary_amine,0.001,R6,0,0.4211
probe_lr,mean,36,fg_primary_amine,0.001,R6,1,0.4211
probe_lr,mean,36,fg_primary_amine,0.001,R8,0,0.7368
probe_lr,mean,36,fg_primary_amine,0.001,R8,1,0.7368
probe_lr,mean,36,fg_primary_amine,0.001,R9,0,0.8947
probe_lr,mean,36,fg_primary_amine,0.001,R9,1,0.8947
probe_lr,mean,36,fg_secondary_amine,0.001,qm9s_val,0,0.6807
probe_lr,mean,36,fg_secondary_amine,0.001,R0,0,0.6993
probe_lr,mean,36,fg_secondary_amine,0.001,R2,0,0.8947
probe_lr,mean,36,fg_secondary_amine,0.001,R2,1,0.8947
probe_lr,mean,36,fg_secondary_amine,0.001,R3,0,0.6842
probe_lr,mean,36,fg_secondary_amine,0.001,R3,1,0.6842
probe_lr,mean,36,fg_secondary_amine,0.001,R4,0,0.8421
probe_lr,mean,36,fg_secondary_amine,0.001,R4,1,0.8421
probe_lr,mean,36,fg_secondary_amine,0.001,R5,0,0.7368
probe_lr,mean,36,fg_secondary_amine,0.001,R5,1,0.7368
probe_lr,mean,36,fg_secondary_amine,0.001,R6,0,0.6316
probe_lr,mean,36,fg_secondary_amine,0.001,R6,1,0.6316
probe_lr,mean,36,fg_secondary_amine,0.001,R8,0,1.0
probe_lr,mean,36,fg_secondary_amine,0.001,R8,1,1.0
probe_lr,mean,36,fg_secondary_amine,0.001,R9,0,0.8947
probe_lr,mean,36,fg_secondary_amine,0.001,R9,1,0.8947
probe_lr,mean,36,fg_amide,0.001,qm9s_val,0,0.8057
probe_lr,mean,36,fg_amide,0.001,R0,0,0.8021
probe_lr,mean,36,fg_amide,0.001,R2,0,0.9167
probe_lr,mean,36,fg_amide,0.001,R2,1,0.9167
probe_lr,mean,36,fg_amide,0.001,R3,0,0.4444
probe_lr,mean,36,fg_amide,0.001,R3,1,0.4444
probe_lr,mean,36,fg_amide,0.001,R4,0,0.9722
probe_lr,mean,36,fg_amide,0.001,R4,1,0.9722
probe_lr,mean,36,fg_amide,0.001,R5,0,0.8889
probe_lr,mean,36,fg_amide,0.001,R5,1,0.8889
probe_lr,mean,36,fg_amide,0.001,R6,0,0.8056
probe_lr,mean,36,fg_amide,0.001,R6,1,0.8056
probe_lr,mean,36,fg_amide,0.001,R8,0,0.5278
probe_lr,mean,36,fg_amide,0.001,R8,1,0.5278
probe_lr,mean,36,fg_amide,0.001,R9,0,0.5833
probe_lr,mean,36,fg_amide,0.001,R9,1,0.5833
probe_lr,mean,36,fg_guanidine,0.001,qm9s_val,0,0.9329
probe_lr,mean,36,fg_guanidine,0.001,R0,0,0.9382
probe_lr,mean,36,fg_guanidine,0.001,R2,0,0.8421
probe_lr,mean,36,fg_guanidine,0.001,R2,1,0.8421
probe_lr,mean,36,fg_guanidine,0.001,R3,0,0.8421
probe_lr,mean,36,fg_guanidine,0.001,R3,1,0.8421
probe_lr,mean,36,fg_guanidine,0.001,R4,0,0.9474
probe_lr,mean,36,fg_guanidine,0.001,R4,1,0.9474
probe_lr,mean,36,fg_guanidine,0.001,R5,0,0.3158
probe_lr,mean,36,fg_guanidine,0.001,R5,1,0.3158
probe_lr,mean,36,fg_guanidine,0.001,R6,0,0.2632
probe_lr,mean,36,fg_guanidine,0.001,R6,1,0.2632
probe_lr,mean,36,fg_guanidine,0.001,R8,0,0.6842
probe_lr,mean,36,fg_guanidine,0.001,R8,1,0.6842
probe_lr,mean,36,fg_guanidine,0.001,R9,0,0.5789
probe_lr,mean,36,fg_guanidine,0.001,R9,1,0.5789
probe_lr,mean,36,fg_hydroxyl_aliphatic,0.001,qm9s_val,0,0.7141
probe_lr,mean,36,fg_hydroxyl_aliphatic,0.001,R0,0,0.713
probe_lr,mean,36,fg_hydroxyl_aliphatic,0.001,R2,0,0.9722
probe_lr,mean,36,fg_hydroxyl_aliphatic,0.001,R2,1,0.9722
probe_lr,mean,36,fg_hydroxyl_aliphatic,0.001,R3,0,0.5
probe_lr,mean,36,fg_hydroxyl_aliphatic,0.001,R3,1,0.5
probe_lr,mean,36,fg_hydroxyl_aliphatic,0.001,R4,0,0.7222
probe_lr,mean,36,fg_hydroxyl_aliphatic,0.001,R4,1,0.7222
probe_lr,mean,36,fg_hydroxyl_aliphatic,0.001,R5,0,0.6944
probe_lr,mean,36,fg_hydroxyl_aliphatic,0.001,R5,1,0.6944
probe_lr,mean,36,fg_hydroxyl_aliphatic,0.001,R6,0,0.5556
probe_lr,mean,36,fg_hydroxyl_aliphatic,0.001,R6,1,0.5556
probe_lr,mean,36,fg_hydroxyl_aliphatic,0.001,R8,0,0.3056
probe_lr,mean,36,fg_hydroxyl_aliphatic,0.001,R8,1,0.3056
probe_lr,mean,36,fg_hydroxyl_aliphatic,0.001,R9,0,0.6389
probe_lr,mean,36,fg_hydroxyl_aliphatic,0.001,R9,1,0.6389
probe_lr,mean,36,fg_phenol,0.001,qm9s_val,0,0.9269
probe_lr,mean,36,fg_phenol,0.001,R0,0,0.9048
probe_lr,mean,36,fg_phenol,0.001,R2,0,0.8947
probe_lr,mean,36,fg_phenol,0.001,R2,1,0.8947
probe_lr,mean,36,fg_phenol,0.001,R3,0,1.0
probe_lr,mean,36,fg_phenol,0.001,R3,1,1.0
probe_lr,mean,36,fg_phenol,0.001,R4,0,0.7368
probe_lr,mean,36,fg_phenol,0.001,R4,1,0.7368
probe_lr,mean,36,fg_phenol,0.001,R5,0,0.4211
probe_lr,mean,36,fg_phenol,0.001,R5,1,0.4211
probe_lr,mean,36,fg_phenol,0.001,R6,0,0.3158
probe_lr,mean,36,fg_phenol,0.001,R6,1,0.3158
probe_lr,mean,36,fg_phenol,0.001,R8,0,0.2632
probe_lr,mean,36,fg_phenol,0.001,R8,1,0.2632
probe_lr,mean,36,fg_phenol,0.001,R9,0,0.7368
probe_lr,mean,36,fg_phenol,0.001,R9,1,0.7368
probe_lr,mean,36,fg_aromatic_ring,0.001,qm9s_val,0,0.965
probe_lr,mean,36,fg_aromatic_ring,0.001,R0,0,0.9683
probe_lr,mean,36,fg_aromatic_ring,0.001,R2,0,0.9844
probe_lr,mean,36,fg_aromatic_ring,0.001,R2,1,0.9844
probe_lr,mean,36,fg_aromatic_ring,0.001,R3,0,0.9062
probe_lr,mean,36,fg_aromatic_ring,0.001,R3,1,0.9062
probe_lr,mean,36,fg_aromatic_ring,0.001,R4,0,0.625
probe_lr,mean,36,fg_aromatic_ring,0.001,R4,1,0.625
probe_lr,mean,36,fg_aromatic_ring,0.001,R5,0,0.5625
probe_lr,mean,36,fg_aromatic_ring,0.001,R5,1,0.5625
probe_lr,mean,36,fg_aromatic_ring,0.001,R6,0,0.5
probe_lr,mean,36,fg_aromatic_ring,0.001,R6,1,0.5
probe_lr,mean,36,fg_aromatic_ring,0.001,R8,0,0.4375
probe_lr,mean,36,fg_aromatic_ring,0.001,R8,1,0.4375
probe_lr,mean,36,fg_aromatic_ring,0.001,R9,0,0.7656
probe_lr,mean,36,fg_aromatic_ring,0.001,R9,1,0.7656
probe_lr,mean,36,fg_benzene_ring,0.001,qm9s_val,0,0.9823
probe_lr,mean,36,fg_benzene_ring,0.001,R0,0,0.9814
probe_lr,mean,36,fg_benzene_ring,0.001,R2,0,0.8431
probe_lr,mean,36,fg_benzene_ring,0.001,R2,1,0.8431
probe_lr,mean,36,fg_benzene_ring,0.001,R3,0,0.6667
probe_lr,mean,36,fg_benzene_ring,0.001,R3,1,0.6667
probe_lr,mean,36,fg_benzene_ring,0.001,R4,0,0.5882
probe_lr,mean,36,fg_benzene_ring,0.001,R4,1,0.5882
probe_lr,mean,36,fg_benzene_ring,0.001,R5,0,0.3725
probe_lr,mean,36,fg_benzene_ring,0.001,R5,1,0.3725
probe_lr,mean,36,fg_benzene_ring,0.001,R6,0,0.3137
probe_lr,mean,36,fg_benzene_ring,0.001,R6,1,0.3137
probe_lr,mean,36,fg_benzene_ring,0.001,R8,0,0.8627
probe_lr,mean,36,fg_benzene_ring,0.001,R8,1,0.8627
probe_lr,mean,36,fg_benzene_ring,0.001,R9,0,0.6078
probe_lr,mean,36,fg_benzene_ring,0.001,R9,1,0.6078
probe_lr,mean,36,fg_pyrrole_ring,0.001,qm9s_val,0,0.913
probe_lr,mean,36,fg_pyrrole_ring,0.001,R0,0,0.9211
probe_lr,mean,36,fg_pyrrole_ring,0.001,R2,0,1.0
probe_lr,mean,36,fg_pyrrole_ring,0.001,R2,1,1.0
probe_lr,mean,36,fg_pyrrole_ring,0.001,R3,0,1.0
probe_lr,mean,36,fg_pyrrole_ring,0.001,R3,1,1.0
probe_lr,mean,36,fg_pyrrole_ring,0.001,R4,0,1.0
probe_lr,mean,36,fg_pyrrole_ring,0.001,R4,1,1.0
probe_lr,mean,36,fg_pyrrole_ring,0.001,R5,0,1.0
probe_lr,mean,36,fg_pyrrole_ring,0.001,R5,1,1.0
probe_lr,mean,36,fg_pyrrole_ring,0.001,R6,0,0.8947
probe_lr,mean,36,fg_pyrrole_ring,0.001,R6,1,0.8947
probe_lr,mean,36,fg_pyrrole_ring,0.001,R8,0,1.0
probe_lr,mean,36,fg_pyrrole_ring,0.001,R8,1,1.0
probe_lr,mean,36,fg_pyrrole_ring,0.001,R9,0,1.0
probe_lr,mean,36,fg_pyrrole_ring,0.001,R9,1,1.0
probe_lr,mean,36,fg_imidazole_ring,0.001,qm9s_val,0,0.9619
probe_lr,mean,36,fg_imidazole_ring,0.001,R0,0,0.9284
probe_lr,mean,36,fg_imidazole_ring,0.001,R2,0,0.9474
probe_lr,mean,36,fg_imidazole_ring,0.001,R2,1,0.9474
probe_lr,mean,36,fg_imidazole_ring,0.001,R3,0,0.8947
probe_lr,mean,36,fg_imidazole_ring,0.001,R3,1,0.8947
probe_lr,mean,36,fg_imidazole_ring,0.001,R4,0,0.6316
probe_lr,mean,36,fg_imidazole_ring,0.001,R4,1,0.6316
probe_lr,mean,36,fg_imidazole_ring,0.001,R5,0,0.5263
probe_lr,mean,36,fg_imidazole_ring,0.001,R5,1,0.5263
probe_lr,mean,36,fg_imidazole_ring,0.001,R6,0,0.3158
probe_lr,mean,36,fg_imidazole_ring,0.001,R6,1,0.3158
probe_lr,mean,36,fg_imidazole_ring,0.001,R8,0,0.9474
probe_lr,mean,36,fg_imidazole_ring,0.001,R8,1,0.9474
probe_lr,mean,36,fg_imidazole_ring,0.001,R9,0,1.0
probe_lr,mean,36,fg_imidazole_ring,0.001,R9,1,0.9474
probe_mm,mean,36,fg_primary_amine,,qm9s_val,0,0.6714
probe_mm,mean,36,fg_primary_amine,,R0,0,0.6912
probe_mm,mean,36,fg_primary_amine,,R2,0,0.3684
probe_mm,mean,36,fg_primary_amine,,R2,1,0.3684
probe_mm,mean,36,fg_primary_amine,,R3,0,0.6842
probe_mm,mean,36,fg_primary_amine,,R3,1,0.6842
probe_mm,mean,36,fg_primary_amine,,R4,0,0.1579
probe_mm,mean,36,fg_primary_amine,,R4,1,0.1579
probe_mm,mean,36,fg_primary_amine,,R5,0,0.2632
probe_mm,mean,36,fg_primary_amine,,R5,1,0.2632
probe_mm,mean,36,fg_primary_amine,,R6,0,0.2632
probe_mm,mean,36,fg_primary_amine,,R6,1,0.2632
probe_mm,mean,36,fg_primary_amine,,R8,0,0.5263
probe_mm,mean,36,fg_primary_amine,,R8,1,0.5263
probe_mm,mean,36,fg_primary_amine,,R9,0,0.7895
probe_mm,mean,36,fg_primary_amine,,R9,1,0.7895
probe_mm,mean,36,fg_secondary_amine,,qm9s_val,0,0.6355
probe_mm,mean,36,fg_secondary_amine,,R0,0,0.6461
probe_mm,mean,36,fg_secondary_amine,,R2,0,0.5263
probe_mm,mean,36,fg_secondary_amine,,R2,1,0.5263
probe_mm,mean,36,fg_secondary_amine,,R3,0,0.5789
probe_mm,mean,36,fg_secondary_amine,,R3,1,0.5789
probe_mm,mean,36,fg_secondary_amine,,R4,0,1.0
probe_mm,mean,36,fg_secondary_amine,,R4,1,1.0
probe_mm,mean,36,fg_secondary_amine,,R5,0,1.0
probe_mm,mean,36,fg_secondary_amine,,R5,1,1.0
probe_mm,mean,36,fg_secondary_amine,,R6,0,0.8947
probe_mm,mean,36,fg_secondary_amine,,R6,1,0.8947
probe_mm,mean,36,fg_secondary_amine,,R8,0,0.8421
probe_mm,mean,36,fg_secondary_amine,,R8,1,0.8421
probe_mm,mean,36,fg_secondary_amine,,R9,0,0.2105
probe_mm,mean,36,fg_secondary_amine,,R9,1,0.2105
probe_mm,mean,36,fg_amide,,qm9s_val,0,0.7
probe_mm,mean,36,fg_amide,,R0,0,0.6812
probe_mm,mean,36,fg_amide,,R2,0,0.75
probe_mm,mean,36,fg_amide,,R2,1,0.75
probe_mm,mean,36,fg_amide,,R3,0,0.3889
probe_mm,mean,36,fg_amide,,R3,1,0.3889
probe_mm,mean,36,fg_amide,,R4,0,0.6944
probe_mm,mean,36,fg_amide,,R4,1,0.6944
probe_mm,mean,36,fg_amide,,R5,0,0.8056
probe_mm,mean,36,fg_amide,,R5,1,0.8056
probe_mm,mean,36,fg_amide,,R6,0,0.8333
probe_mm,mean,36,fg_amide,,R6,1,0.8333
probe_mm,mean,36,fg_amide,,R8,0,0.3611
probe_mm,mean,36,fg_amide,,R8,1,0.3611
probe_mm,mean,36,fg_amide,,R9,0,0.6111
probe_mm,mean,36,fg_amide,,R9,1,0.6111
probe_mm,mean,36,fg_guanidine,,qm9s_val,0,0.7703
probe_mm,mean,36,fg_guanidine,,R0,0,0.7896
probe_mm,mean,36,fg_guanidine,,R2,0,0.1579
probe_mm,mean,36,fg_guanidine,,R2,1,0.1579
probe_mm,mean,36,fg_guanidine,,R3,0,0.1579
probe_mm,mean,36,fg_guanidine,,R3,1,0.1579
probe_mm,mean,36,fg_guanidine,,R4,0,0.1579
probe_mm,mean,36,fg_guanidine,,R4,1,0.1579
probe_mm,mean,36,fg_guanidine,,R5,0,0.0
probe_mm,mean,36,fg_guanidine,,R5,1,0.0
probe_mm,mean,36,fg_guanidine,,R6,0,0.4211
probe_mm,mean,36,fg_guanidine,,R6,1,0.4211
probe_mm,mean,36,fg_guanidine,,R8,0,0.8421
probe_mm,mean,36,fg_guanidine,,R8,1,0.8421
probe_mm,mean,36,fg_guanidine,,R9,0,0.2105
probe_mm,mean,36,fg_guanidine,,R9,1,0.2105
probe_mm,mean,36,fg_hydroxyl_aliphatic,,qm9s_val,0,0.6165
probe_mm,mean,36,fg_hydroxyl_aliphatic,,R0,0,0.6374
probe_mm,mean,36,fg_hydroxyl_aliphatic,,R2,0,0.8889
probe_mm,mean,36,fg_hydroxyl_aliphatic,,R2,1,0.8889
probe_mm,mean,36,fg_hydroxyl_aliphatic,,R3,0,0.5278
probe_mm,mean,36,fg_hydroxyl_aliphatic,,R3,1,0.5278
probe_mm,mean,36,fg_hydroxyl_aliphatic,,R4,0,0.3333
probe_mm,mean,36,fg_hydroxyl_aliphatic,,R4,1,0.3333
probe_mm,mean,36,fg_hydroxyl_aliphatic,,R5,0,0.3056
probe_mm,mean,36,fg_hydroxyl_aliphatic,,R5,1,0.3056
probe_mm,mean,36,fg_hydroxyl_aliphatic,,R6,0,0.5
probe_mm,mean,36,fg_hydroxyl_aliphatic,,R6,1,0.5
probe_mm,mean,36,fg_hydroxyl_aliphatic,,R8,0,0.7778
probe_mm,mean,36,fg_hydroxyl_aliphatic,,R8,1,0.7778
probe_mm,mean,36,fg_hydroxyl_aliphatic,,R9,0,0.5556
probe_mm,mean,36,fg_hydroxyl_aliphatic,,R9,1,0.5556
probe_mm,mean,36,fg_phenol,,qm9s_val,0,0.8355
probe_mm,mean,36,fg_phenol,,R0,0,0.792
probe_mm,mean,36,fg_phenol,,R2,0,0.7368
probe_mm,mean,36,fg_phenol,,R2,1,0.7368
probe_mm,mean,36,fg_phenol,,R3,0,0.6316
probe_mm,mean,36,fg_phenol,,R3,1,0.6316
probe_mm,mean,36,fg_phenol,,R4,0,0.7368
probe_mm,mean,36,fg_phenol,,R4,1,0.7368
probe_mm,mean,36,fg_phenol,,R5,0,0.4211
probe_mm,mean,36,fg_phenol,,R5,1,0.4211
probe_mm,mean,36,fg_phenol,,R6,0,0.6842
probe_mm,mean,36,fg_phenol,,R6,1,0.6842
probe_mm,mean,36,fg_phenol,,R8,0,0.4211
probe_mm,mean,36,fg_phenol,,R8,1,0.4211
probe_mm,mean,36,fg_phenol,,R9,0,0.0
probe_mm,mean,36,fg_phenol,,R9,1,0.0
probe_mm,mean,36,fg_aromatic_ring,,qm9s_val,0,0.8766
probe_mm,mean,36,fg_aromatic_ring,,R0,0,0.8677
probe_mm,mean,36,fg_aromatic_ring,,R2,0,0.875
probe_mm,mean,36,fg_aromatic_ring,,R2,1,0.875
probe_mm,mean,36,fg_aromatic_ring,,R3,0,0.8594
probe_mm,mean,36,fg_aromatic_ring,,R3,1,0.8594
probe_mm,mean,36,fg_aromatic_ring,,R4,0,0.7969
probe_mm,mean,36,fg_aromatic_ring,,R4,1,0.7969
probe_mm,mean,36,fg_aromatic_ring,,R5,0,0.4219
probe_mm,mean,36,fg_aromatic_ring,,R5,1,0.4219
probe_mm,mean,36,fg_aromatic_ring,,R6,0,0.6562
probe_mm,mean,36,fg_aromatic_ring,,R6,1,0.6562
probe_mm,mean,36,fg_aromatic_ring,,R8,0,0.3125
probe_mm,mean,36,fg_aromatic_ring,,R8,1,0.3125
probe_mm,mean,36,fg_aromatic_ring,,R9,0,0.5781
probe_mm,mean,36,fg_aromatic_ring,,R9,1,0.5781
probe_mm,mean,36,fg_benzene_ring,,qm9s_val,0,0.8624
probe_mm,mean,36,fg_benzene_ring,,R0,0,0.8423
probe_mm,mean,36,fg_benzene_ring,,R2,0,0.8824
probe_mm,mean,36,fg_benzene_ring,,R2,1,0.8824
probe_mm,mean,36,fg_benzene_ring,,R3,0,0.7255
probe_mm,mean,36,fg_benzene_ring,,R3,1,0.7255
probe_mm,mean,36,fg_benzene_ring,,R4,0,0.8627
probe_mm,mean,36,fg_benzene_ring,,R4,1,0.8627
probe_mm,mean,36,fg_benzene_ring,,R5,0,0.5098
probe_mm,mean,36,fg_benzene_ring,,R5,1,0.5098
probe_mm,mean,36,fg_benzene_ring,,R6,0,0.7451
probe_mm,mean,36,fg_benzene_ring,,R6,1,0.7451
probe_mm,mean,36,fg_benzene_ring,,R8,0,0.1961
probe_mm,mean,36,fg_benzene_ring,,R8,1,0.1961
probe_mm,mean,36,fg_benzene_ring,,R9,0,0.451
probe_mm,mean,36,fg_benzene_ring,,R9,1,0.451
probe_mm,mean,36,fg_pyrrole_ring,,qm9s_val,0,0.7818
probe_mm,mean,36,fg_pyrrole_ring,,R0,0,0.7969
probe_mm,mean,36,fg_pyrrole_ring,,R2,0,0.9474
probe_mm,mean,36,fg_pyrrole_ring,,R2,1,0.9474
probe_mm,mean,36,fg_pyrrole_ring,,R3,0,0.9474
probe_mm,mean,36,fg_pyrrole_ring,,R3,1,0.9474
probe_mm,mean,36,fg_pyrrole_ring,,R4,0,0.9474
probe_mm,mean,36,fg_pyrrole_ring,,R4,1,0.9474
probe_mm,mean,36,fg_pyrrole_ring,,R5,0,0.2632
probe_mm,mean,36,fg_pyrrole_ring,,R5,1,0.2632
probe_mm,mean,36,fg_pyrrole_ring,,R6,0,0.7368
probe_mm,mean,36,fg_pyrrole_ring,,R6,1,0.7368
probe_mm,mean,36,fg_pyrrole_ring,,R8,0,0.1053
probe_mm,mean,36,fg_pyrrole_ring,,R8,1,0.1053
probe_mm,mean,36,fg_pyrrole_ring,,R9,0,0.5789
probe_mm,mean,36,fg_pyrrole_ring,,R9,1,0.5789
probe_mm,mean,36,fg_imidazole_ring,,qm9s_val,0,0.8466
probe_mm,mean,36,fg_imidazole_ring,,R0,0,0.8412
probe_mm,mean,36,fg_imidazole_ring,,R2,0,0.7895
probe_mm,mean,36,fg_imidazole_ring,,R2,1,0.7895
probe_mm,mean,36,fg_imidazole_ring,,R3,0,0.8421
probe_mm,mean,36,fg_imidazole_ring,,R3,1,0.8421
probe_mm,mean,36,fg_imidazole_ring,,R4,0,0.5263
probe_mm,mean,36,fg_imidazole_ring,,R4,1,0.5263
probe_mm,mean,36,fg_imidazole_ring,,R5,0,0.3158
probe_mm,mean,36,fg_imidazole_ring,,R5,1,0.3158
probe_mm,mean,36,fg_imidazole_ring,,R6,0,0.3684
probe_mm,mean,36,fg_imidazole_ring,,R6,1,0.3684
probe_mm,mean,36,fg_imidazole_ring,,R8,0,0.6842
probe_mm,mean,36,fg_imidazole_ring,,R8,1,0.6842
probe_mm,mean,36,fg_imidazole_ring,,R9,0,0.8421
probe_mm,mean,36,fg_imidazole_ring,,R9,1,0.8421
random_lr,last,0,fg_primary_amine,0.001,qm9s_val,0,0.5
random_lr,last,0,fg_primary_amine,0.001,R0,0,0.5
random_lr,last,0,fg_primary_amine,0.001,R2,0,0.5
random_lr,last,0,fg_primary_amine,0.001,R2,1,0.5
random_lr,last,0,fg_primary_amine,0.001,R3,0,0.5
random_lr,last,0,fg_primary_amine,0.001,R3,1,0.5
random_lr,last,0,fg_primary_amine,0.001,R4,0,0.5
random_lr,last,0,fg_primary_amine,0.001,R4,1,0.5
random_lr,last,0,fg_primary_amine,0.001,R5,0,0.5
random_lr,last,0,fg_primary_amine,0.001,R5,1,0.5
random_lr,last,0,fg_primary_amine,0.001,R6,0,0.5
random_lr,last,0,fg_primary_amine,0.001,R6,1,0.5
random_lr,last,0,fg_primary_amine,0.001,R8,0,0.5
random_lr,last,0,fg_primary_amine,0.001,R8,1,0.5
random_lr,last,0,fg_primary_amine,0.001,R9,0,0.5
random_lr,last,0,fg_primary_amine,0.001,R9,1,0.5
random_lr,last,0,fg_secondary_amine,0.001,qm9s_val,0,0.5
random_lr,last,0,fg_secondary_amine,0.001,R0,0,0.5
random_lr,last,0,fg_secondary_amine,0.001,R2,0,0.5
random_lr,last,0,fg_secondary_amine,0.001,R2,1,0.5
random_lr,last,0,fg_secondary_amine,0.001,R3,0,0.5
random_lr,last,0,fg_secondary_amine,0.001,R3,1,0.5
random_lr,last,0,fg_secondary_amine,0.001,R4,0,0.5
random_lr,last,0,fg_secondary_amine,0.001,R4,1,0.5
random_lr,last,0,fg_secondary_amine,0.001,R5,0,0.5
random_lr,last,0,fg_secondary_amine,0.001,R5,1,0.5
random_lr,last,0,fg_secondary_amine,0.001,R6,0,0.5
random_lr,last,0,fg_secondary_amine,0.001,R6,1,0.5
random_lr,last,0,fg_secondary_amine,0.001,R8,0,0.5
random_lr,last,0,fg_secondary_amine,0.001,R8,1,0.5
random_lr,last,0,fg_secondary_amine,0.001,R9,0,0.5
random_lr,last,0,fg_secondary_amine,0.001,R9,1,0.5
random_lr,last,0,fg_amide,0.001,qm9s_val,0,0.5
random_lr,last,0,fg_amide,0.001,R0,0,0.5
random_lr,last,0,fg_amide,0.001,R2,0,0.5
random_lr,last,0,fg_amide,0.001,R2,1,0.5
random_lr,last,0,fg_amide,0.001,R3,0,0.5
random_lr,last,0,fg_amide,0.001,R3,1,0.5
random_lr,last,0,fg_amide,0.001,R4,0,0.5
random_lr,last,0,fg_amide,0.001,R4,1,0.5
random_lr,last,0,fg_amide,0.001,R5,0,0.5
random_lr,last,0,fg_amide,0.001,R5,1,0.5
random_lr,last,0,fg_amide,0.001,R6,0,0.5
random_lr,last,0,fg_amide,0.001,R6,1,0.5
random_lr,last,0,fg_amide,0.001,R8,0,0.5
random_lr,last,0,fg_amide,0.001,R8,1,0.5
random_lr,last,0,fg_amide,0.001,R9,0,0.5
random_lr,last,0,fg_amide,0.001,R9,1,0.5
random_lr,last,0,fg_guanidine,0.001,qm9s_val,0,0.5
random_lr,last,0,fg_guanidine,0.001,R0,0,0.5
random_lr,last,0,fg_guanidine,0.001,R2,0,0.5
random_lr,last,0,fg_guanidine,0.001,R2,1,0.5
random_lr,last,0,fg_guanidine,0.001,R3,0,0.5
random_lr,last,0,fg_guanidine,0.001,R3,1,0.5
random_lr,last,0,fg_guanidine,0.001,R4,0,0.5
random_lr,last,0,fg_guanidine,0.001,R4,1,0.5
random_lr,last,0,fg_guanidine,0.001,R5,0,0.5
random_lr,last,0,fg_guanidine,0.001,R5,1,0.5
random_lr,last,0,fg_guanidine,0.001,R6,0,0.5
random_lr,last,0,fg_guanidine,0.001,R6,1,0.5
random_lr,last,0,fg_guanidine,0.001,R8,0,0.5
random_lr,last,0,fg_guanidine,0.001,R8,1,0.5
random_lr,last,0,fg_guanidine,0.001,R9,0,0.5
random_lr,last,0,fg_guanidine,0.001,R9,1,0.5
random_lr,last,0,fg_hydroxyl_aliphatic,0.001,qm9s_val,0,0.5
random_lr,last,0,fg_hydroxyl_aliphatic,0.001,R0,0,0.5
random_lr,last,0,fg_hydroxyl_aliphatic,0.001,R2,0,0.5
random_lr,last,0,fg_hydroxyl_aliphatic,0.001,R2,1,0.5
random_lr,last,0,fg_hydroxyl_aliphatic,0.001,R3,0,0.5
random_lr,last,0,fg_hydroxyl_aliphatic,0.001,R3,1,0.5
random_lr,last,0,fg_hydroxyl_aliphatic,0.001,R4,0,0.5
random_lr,last,0,fg_hydroxyl_aliphatic,0.001,R4,1,0.5
random_lr,last,0,fg_hydroxyl_aliphatic,0.001,R5,0,0.5
random_lr,last,0,fg_hydroxyl_aliphatic,0.001,R5,1,0.5
random_lr,last,0,fg_hydroxyl_aliphatic,0.001,R6,0,0.5
random_lr,last,0,fg_hydroxyl_aliphatic,0.001,R6,1,0.5
random_lr,last,0,fg_hydroxyl_aliphatic,0.001,R8,0,0.5
random_lr,last,0,fg_hydroxyl_aliphatic,0.001,R8,1,0.5
random_lr,last,0,fg_hydroxyl_aliphatic,0.001,R9,0,0.5
random_lr,last,0,fg_hydroxyl_aliphatic,0.001,R9,1,0.5
random_lr,last,0,fg_phenol,0.001,qm9s_val,0,0.5
random_lr,last,0,fg_phenol,0.001,R0,0,0.5
random_lr,last,0,fg_phenol,0.001,R2,0,0.5
random_lr,last,0,fg_phenol,0.001,R2,1,0.5
random_lr,last,0,fg_phenol,0.001,R3,0,0.5
random_lr,last,0,fg_phenol,0.001,R3,1,0.5
random_lr,last,0,fg_phenol,0.001,R4,0,0.5
random_lr,last,0,fg_phenol,0.001,R4,1,0.5
random_lr,last,0,fg_phenol,0.001,R5,0,0.5
random_lr,last,0,fg_phenol,0.001,R5,1,0.5
random_lr,last,0,fg_phenol,0.001,R6,0,0.5
random_lr,last,0,fg_phenol,0.001,R6,1,0.5
random_lr,last,0,fg_phenol,0.001,R8,0,0.5
random_lr,last,0,fg_phenol,0.001,R8,1,0.5
random_lr,last,0,fg_phenol,0.001,R9,0,0.5
random_lr,last,0,fg_phenol,0.001,R9,1,0.5
random_lr,last,0,fg_aromatic_ring,0.001,qm9s_val,0,0.5
random_lr,last,0,fg_aromatic_ring,0.001,R0,0,0.5
random_lr,last,0,fg_aromatic_ring,0.001,R2,0,0.5
random_lr,last,0,fg_aromatic_ring,0.001,R2,1,0.5
random_lr,last,0,fg_aromatic_ring,0.001,R3,0,0.5
random_lr,last,0,fg_aromatic_ring,0.001,R3,1,0.5
random_lr,last,0,fg_aromatic_ring,0.001,R4,0,0.5
random_lr,last,0,fg_aromatic_ring,0.001,R4,1,0.5
random_lr,last,0,fg_aromatic_ring,0.001,R5,0,0.5
random_lr,last,0,fg_aromatic_ring,0.001,R5,1,0.5
random_lr,last,0,fg_aromatic_ring,0.001,R6,0,0.5
random_lr,last,0,fg_aromatic_ring,0.001,R6,1,0.5
random_lr,last,0,fg_aromatic_ring,0.001,R8,0,0.5
random_lr,last,0,fg_aromatic_ring,0.001,R8,1,0.5
random_lr,last,0,fg_aromatic_ring,0.001,R9,0,0.5
random_lr,last,0,fg_aromatic_ring,0.001,R9,1,0.5
random_lr,last,0,fg_benzene_ring,0.001,qm9s_val,0,0.5
random_lr,last,0,fg_benzene_ring,0.001,R0,0,0.5
random_lr,last,0,fg_benzene_ring,0.001,R2,0,0.5
random_lr,last,0,fg_benzene_ring,0.001,R2,1,0.5
random_lr,last,0,fg_benzene_ring,0.001,R3,0,0.5
random_lr,last,0,fg_benzene_ring,0.001,R3,1,0.5
random_lr,last,0,fg_benzene_ring,0.001,R4,0,0.5
random_lr,last,0,fg_benzene_ring,0.001,R4,1,0.5
random_lr,last,0,fg_benzene_ring,0.001,R5,0,0.5
random_lr,last,0,fg_benzene_ring,0.001,R5,1,0.5
random_lr,last,0,fg_benzene_ring,0.001,R6,0,0.5
random_lr,last,0,fg_benzene_ring,0.001,R6,1,0.5
random_lr,last,0,fg_benzene_ring,0.001,R8,0,0.5
random_lr,last,0,fg_benzene_ring,0.001,R8,1,0.5
random_lr,last,0,fg_benzene_ring,0.001,R9,0,0.5
random_lr,last,0,fg_benzene_ring,0.001,R9,1,0.5
random_lr,last,0,fg_pyrrole_ring,0.001,qm9s_val,0,0.5
random_lr,last,0,fg_pyrrole_ring,0.001,R0,0,0.5
random_lr,last,0,fg_pyrrole_ring,0.001,R2,0,0.5
random_lr,last,0,fg_pyrrole_ring,0.001,R2,1,0.5
random_lr,last,0,fg_pyrrole_ring,0.001,R3,0,0.5
random_lr,last,0,fg_pyrrole_ring,0.001,R3,1,0.5
random_lr,last,0,fg_pyrrole_ring,0.001,R4,0,0.5
random_lr,last,0,fg_pyrrole_ring,0.001,R4,1,0.5
random_lr,last,0,fg_pyrrole_ring,0.001,R5,0,0.5
random_lr,last,0,fg_pyrrole_ring,0.001,R5,1,0.5
random_lr,last,0,fg_pyrrole_ring,0.001,R6,0,0.5
random_lr,last,0,fg_pyrrole_ring,0.001,R6,1,0.5
random_lr,last,0,fg_pyrrole_ring,0.001,R8,0,0.5
random_lr,last,0,fg_pyrrole_ring,0.001,R8,1,0.5
random_lr,last,0,fg_pyrrole_ring,0.001,R9,0,0.5
random_lr,last,0,fg_pyrrole_ring,0.001,R9,1,0.5
random_lr,last,0,fg_imidazole_ring,0.001,qm9s_val,0,0.5
random_lr,last,0,fg_imidazole_ring,0.001,R0,0,0.5
random_lr,last,0,fg_imidazole_ring,0.001,R2,0,0.5
random_lr,last,0,fg_imidazole_ring,0.001,R2,1,0.5
random_lr,last,0,fg_imidazole_ring,0.001,R3,0,0.5
random_lr,last,0,fg_imidazole_ring,0.001,R3,1,0.5
random_lr,last,0,fg_imidazole_ring,0.001,R4,0,0.5
random_lr,last,0,fg_imidazole_ring,0.001,R4,1,0.5
random_lr,last,0,fg_imidazole_ring,0.001,R5,0,0.5
random_lr,last,0,fg_imidazole_ring,0.001,R5,1,0.5
random_lr,last,0,fg_imidazole_ring,0.001,R6,0,0.5
random_lr,last,0,fg_imidazole_ring,0.001,R6,1,0.5
random_lr,last,0,fg_imidazole_ring,0.001,R8,0,0.5
random_lr,last,0,fg_imidazole_ring,0.001,R8,1,0.5
random_lr,last,0,fg_imidazole_ring,0.001,R9,0,0.5
random_lr,last,0,fg_imidazole_ring,0.001,R9,1,0.5
random_mm,last,0,fg_primary_amine,,qm9s_val,0,0.5
random_mm,last,0,fg_primary_amine,,R0,0,0.5
random_mm,last,0,fg_primary_amine,,R2,0,0.5
random_mm,last,0,fg_primary_amine,,R2,1,0.5
random_mm,last,0,fg_primary_amine,,R3,0,0.5
random_mm,last,0,fg_primary_amine,,R3,1,0.5
random_mm,last,0,fg_primary_amine,,R4,0,0.5
random_mm,last,0,fg_primary_amine,,R4,1,0.5
random_mm,last,0,fg_primary_amine,,R5,0,0.5
random_mm,last,0,fg_primary_amine,,R5,1,0.5
random_mm,last,0,fg_primary_amine,,R6,0,0.5
random_mm,last,0,fg_primary_amine,,R6,1,0.5
random_mm,last,0,fg_primary_amine,,R8,0,0.5
random_mm,last,0,fg_primary_amine,,R8,1,0.5
random_mm,last,0,fg_primary_amine,,R9,0,0.5
random_mm,last,0,fg_primary_amine,,R9,1,0.5
random_mm,last,0,fg_secondary_amine,,qm9s_val,0,0.5
random_mm,last,0,fg_secondary_amine,,R0,0,0.5
random_mm,last,0,fg_secondary_amine,,R2,0,0.5
random_mm,last,0,fg_secondary_amine,,R2,1,0.5
random_mm,last,0,fg_secondary_amine,,R3,0,0.5
random_mm,last,0,fg_secondary_amine,,R3,1,0.5
random_mm,last,0,fg_secondary_amine,,R4,0,0.5
random_mm,last,0,fg_secondary_amine,,R4,1,0.5
random_mm,last,0,fg_secondary_amine,,R5,0,0.5
random_mm,last,0,fg_secondary_amine,,R5,1,0.5
random_mm,last,0,fg_secondary_amine,,R6,0,0.5
random_mm,last,0,fg_secondary_amine,,R6,1,0.5
random_mm,last,0,fg_secondary_amine,,R8,0,0.5
random_mm,last,0,fg_secondary_amine,,R8,1,0.5
random_mm,last,0,fg_secondary_amine,,R9,0,0.5
random_mm,last,0,fg_secondary_amine,,R9,1,0.5
random_mm,last,0,fg_amide,,qm9s_val,0,0.5
random_mm,last,0,fg_amide,,R0,0,0.5
random_mm,last,0,fg_amide,,R2,0,0.5
random_mm,last,0,fg_amide,,R2,1,0.5
random_mm,last,0,fg_amide,,R3,0,0.5
random_mm,last,0,fg_amide,,R3,1,0.5
random_mm,last,0,fg_amide,,R4,0,0.5
random_mm,last,0,fg_amide,,R4,1,0.5
random_mm,last,0,fg_amide,,R5,0,0.5
random_mm,last,0,fg_amide,,R5,1,0.5
random_mm,last,0,fg_amide,,R6,0,0.5
random_mm,last,0,fg_amide,,R6,1,0.5
random_mm,last,0,fg_amide,,R8,0,0.5
random_mm,last,0,fg_amide,,R8,1,0.5
random_mm,last,0,fg_amide,,R9,0,0.5
random_mm,last,0,fg_amide,,R9,1,0.5
random_mm,last,0,fg_guanidine,,qm9s_val,0,0.5
random_mm,last,0,fg_guanidine,,R0,0,0.5
random_mm,last,0,fg_guanidine,,R2,0,0.5
random_mm,last,0,fg_guanidine,,R2,1,0.5
random_mm,last,0,fg_guanidine,,R3,0,0.5
random_mm,last,0,fg_guanidine,,R3,1,0.5
random_mm,last,0,fg_guanidine,,R4,0,0.5
random_mm,last,0,fg_guanidine,,R4,1,0.5
random_mm,last,0,fg_guanidine,,R5,0,0.5
random_mm,last,0,fg_guanidine,,R5,1,0.5
random_mm,last,0,fg_guanidine,,R6,0,0.5
random_mm,last,0,fg_guanidine,,R6,1,0.5
random_mm,last,0,fg_guanidine,,R8,0,0.5
random_mm,last,0,fg_guanidine,,R8,1,0.5
random_mm,last,0,fg_guanidine,,R9,0,0.5
random_mm,last,0,fg_guanidine,,R9,1,0.5
random_mm,last,0,fg_hydroxyl_aliphatic,,qm9s_val,0,0.5
random_mm,last,0,fg_hydroxyl_aliphatic,,R0,0,0.5
random_mm,last,0,fg_hydroxyl_aliphatic,,R2,0,0.5
random_mm,last,0,fg_hydroxyl_aliphatic,,R2,1,0.5
random_mm,last,0,fg_hydroxyl_aliphatic,,R3,0,0.5
random_mm,last,0,fg_hydroxyl_aliphatic,,R3,1,0.5
random_mm,last,0,fg_hydroxyl_aliphatic,,R4,0,0.5
random_mm,last,0,fg_hydroxyl_aliphatic,,R4,1,0.5
random_mm,last,0,fg_hydroxyl_aliphatic,,R5,0,0.5
random_mm,last,0,fg_hydroxyl_aliphatic,,R5,1,0.5
random_mm,last,0,fg_hydroxyl_aliphatic,,R6,0,0.5
random_mm,last,0,fg_hydroxyl_aliphatic,,R6,1,0.5
random_mm,last,0,fg_hydroxyl_aliphatic,,R8,0,0.5
random_mm,last,0,fg_hydroxyl_aliphatic,,R8,1,0.5
random_mm,last,0,fg_hydroxyl_aliphatic,,R9,0,0.5
random_mm,last,0,fg_hydroxyl_aliphatic,,R9,1,0.5
random_mm,last,0,fg_phenol,,qm9s_val,0,0.5
random_mm,last,0,fg_phenol,,R0,0,0.5
random_mm,last,0,fg_phenol,,R2,0,0.5
random_mm,last,0,fg_phenol,,R2,1,0.5
random_mm,last,0,fg_phenol,,R3,0,0.5
random_mm,last,0,fg_phenol,,R3,1,0.5
random_mm,last,0,fg_phenol,,R4,0,0.5
random_mm,last,0,fg_phenol,,R4,1,0.5
random_mm,last,0,fg_phenol,,R5,0,0.5
random_mm,last,0,fg_phenol,,R5,1,0.5
random_mm,last,0,fg_phenol,,R6,0,0.5
random_mm,last,0,fg_phenol,,R6,1,0.5
random_mm,last,0,fg_phenol,,R8,0,0.5
random_mm,last,0,fg_phenol,,R8,1,0.5
random_mm,last,0,fg_phenol,,R9,0,0.5
random_mm,last,0,fg_phenol,,R9,1,0.5
random_mm,last,0,fg_aromatic_ring,,qm9s_val,0,0.5
random_mm,last,0,fg_aromatic_ring,,R0,0,0.5
random_mm,last,0,fg_aromatic_ring,,R2,0,0.5
random_mm,last,0,fg_aromatic_ring,,R2,1,0.5
random_mm,last,0,fg_aromatic_ring,,R3,0,0.5
random_mm,last,0,fg_aromatic_ring,,R3,1,0.5
random_mm,last,0,fg_aromatic_ring,,R4,0,0.5
random_mm,last,0,fg_aromatic_ring,,R4,1,0.5
random_mm,last,0,fg_aromatic_ring,,R5,0,0.5
random_mm,last,0,fg_aromatic_ring,,R5,1,0.5
random_mm,last,0,fg_aromatic_ring,,R6,0,0.5
random_mm,last,0,fg_aromatic_ring,,R6,1,0.5
random_mm,last,0,fg_aromatic_ring,,R8,0,0.5
random_mm,last,0,fg_aromatic_ring,,R8,1,0.5
random_mm,last,0,fg_aromatic_ring,,R9,0,0.5
random_mm,last,0,fg_aromatic_ring,,R9,1,0.5
random_mm,last,0,fg_benzene_ring,,qm9s_val,0,0.5
random_mm,last,0,fg_benzene_ring,,R0,0,0.5
random_mm,last,0,fg_benzene_ring,,R2,0,0.5
random_mm,last,0,fg_benzene_ring,,R2,1,0.5
random_mm,last,0,fg_benzene_ring,,R3,0,0.5
random_mm,last,0,fg_benzene_ring,,R3,1,0.5
random_mm,last,0,fg_benzene_ring,,R4,0,0.5
random_mm,last,0,fg_benzene_ring,,R4,1,0.5
random_mm,last,0,fg_benzene_ring,,R5,0,0.5
random_mm,last,0,fg_benzene_ring,,R5,1,0.5
random_mm,last,0,fg_benzene_ring,,R6,0,0.5
random_mm,last,0,fg_benzene_ring,,R6,1,0.5
random_mm,last,0,fg_benzene_ring,,R8,0,0.5
random_mm,last,0,fg_benzene_ring,,R8,1,0.5
random_mm,last,0,fg_benzene_ring,,R9,0,0.5
random_mm,last,0,fg_benzene_ring,,R9,1,0.5
random_mm,last,0,fg_pyrrole_ring,,qm9s_val,0,0.5
random_mm,last,0,fg_pyrrole_ring,,R0,0,0.5
random_mm,last,0,fg_pyrrole_ring,,R2,0,0.5
random_mm,last,0,fg_pyrrole_ring,,R2,1,0.5
random_mm,last,0,fg_pyrrole_ring,,R3,0,0.5
random_mm,last,0,fg_pyrrole_ring,,R3,1,0.5
random_mm,last,0,fg_pyrrole_ring,,R4,0,0.5
random_mm,last,0,fg_pyrrole_ring,,R4,1,0.5
random_mm,last,0,fg_pyrrole_ring,,R5,0,0.5
random_mm,last,0,fg_pyrrole_ring,,R5,1,0.5
random_mm,last,0,fg_pyrrole_ring,,R6,0,0.5
random_mm,last,0,fg_pyrrole_ring,,R6,1,0.5
random_mm,last,0,fg_pyrrole_ring,,R8,0,0.5
random_mm,last,0,fg_pyrrole_ring,,R8,1,0.5
random_mm,last,0,fg_pyrrole_ring,,R9,0,0.5
random_mm,last,0,fg_pyrrole_ring,,R9,1,0.5
random_mm,last,0,fg_imidazole_ring,,qm9s_val,0,0.5
random_mm,last,0,fg_imidazole_ring,,R0,0,0.5
random_mm,last,0,fg_imidazole_ring,,R2,0,0.5
random_mm,last,0,fg_imidazole_ring,,R2,1,0.5
random_mm,last,0,fg_imidazole_ring,,R3,0,0.5
random_mm,last,0,fg_imidazole_ring,,R3,1,0.5
random_mm,last,0,fg_imidazole_ring,,R4,0,0.5
random_mm,last,0,fg_imidazole_ring,,R4,1,0.5
random_mm,last,0,fg_imidazole_ring,,R5,0,0.5
random_mm,last,0,fg_imidazole_ring,,R5,1,0.5
random_mm,last,0,fg_imidazole_ring,,R6,0,0.5
random_mm,last,0,fg_imidazole_ring,,R6,1,0.5
random_mm,last,0,fg_imidazole_ring,,R8,0,0.5
random_mm,last,0,fg_imidazole_ring,,R8,1,0.5
random_mm,last,0,fg_imidazole_ring,,R9,0,0.5
random_mm,last,0,fg_imidazole_ring,,R9,1,0.5
random_lr,last,3,fg_primary_amine,0.001,qm9s_val,0,0.7514
random_lr,last,3,fg_primary_amine,0.001,R0,0,0.6935
random_lr,last,3,fg_primary_amine,0.001,R2,0,0.7895
random_lr,last,3,fg_primary_amine,0.001,R2,1,0.7895
random_lr,last,3,fg_primary_amine,0.001,R3,0,0.1053
random_lr,last,3,fg_primary_amine,0.001,R3,1,0.1053
random_lr,last,3,fg_primary_amine,0.001,R4,0,0.2105
random_lr,last,3,fg_primary_amine,0.001,R4,1,0.2105
random_lr,last,3,fg_primary_amine,0.001,R5,0,0.6842
random_lr,last,3,fg_primary_amine,0.001,R5,1,0.6842
random_lr,last,3,fg_primary_amine,0.001,R6,0,0.6316
random_lr,last,3,fg_primary_amine,0.001,R6,1,0.6316
random_lr,last,3,fg_primary_amine,0.001,R8,0,0.1053
random_lr,last,3,fg_primary_amine,0.001,R8,1,0.1053
random_lr,last,3,fg_primary_amine,0.001,R9,0,0.7368
random_lr,last,3,fg_primary_amine,0.001,R9,1,0.7368
random_lr,last,3,fg_secondary_amine,0.001,qm9s_val,0,0.6203
random_lr,last,3,fg_secondary_amine,0.001,R0,0,0.6532
random_lr,last,3,fg_secondary_amine,0.001,R2,0,0.8421
random_lr,last,3,fg_secondary_amine,0.001,R2,1,0.8421
random_lr,last,3,fg_secondary_amine,0.001,R3,0,0.3684
random_lr,last,3,fg_secondary_amine,0.001,R3,1,0.3684
random_lr,last,3,fg_secondary_amine,0.001,R4,0,0.3158
random_lr,last,3,fg_secondary_amine,0.001,R4,1,0.3158
random_lr,last,3,fg_secondary_amine,0.001,R5,0,0.6842
random_lr,last,3,fg_secondary_amine,0.001,R5,1,0.6842
random_lr,last,3,fg_secondary_amine,0.001,R6,0,0.4737
random_lr,last,3,fg_secondary_amine,0.001,R6,1,0.4737
random_lr,last,3,fg_secondary_amine,0.001,R8,0,1.0
random_lr,last,3,fg_secondary_amine,0.001,R8,1,1.0
random_lr,last,3,fg_secondary_amine,0.001,R9,0,0.1579
random_lr,last,3,fg_secondary_amine,0.001,R9,1,0.1579
random_lr,last,3,fg_amide,0.001,qm9s_val,0,0.7319
random_lr,last,3,fg_amide,0.001,R0,0,0.7467
random_lr,last,3,fg_amide,0.001,R2,0,0.5278
random_lr,last,3,fg_amide,0.001,R2,1,0.5278
random_lr,last,3,fg_amide,0.001,R3,0,0.5556
random_lr,last,3,fg_amide,0.001,R3,1,0.5556
random_lr,last,3,fg_amide,0.001,R4,0,0.9444
random_lr,last,3,fg_amide,0.001,R4,1,0.9444
random_lr,last,3,fg_amide,0.001,R5,0,0.8056
random_lr,last,3,fg_amide,0.001,R5,1,0.8056
random_lr,last,3,fg_amide,0.001,R6,0,0.5833
random_lr,last,3,fg_amide,0.001,R6,1,0.5833
random_lr,last,3,fg_amide,0.001,R8,0,0.3611
random_lr,last,3,fg_amide,0.001,R8,1,0.3611
random_lr,last,3,fg_amide,0.001,R9,0,0.75
random_lr,last,3,fg_amide,0.001,R9,1,0.7778
random_lr,last,3,fg_guanidine,0.001,qm9s_val,0,0.8943
random_lr,last,3,fg_guanidine,0.001,R0,0,0.8919
random_lr,last,3,fg_guanidine,0.001,R2,0,0.6316
random_lr,last,3,fg_guanidine,0.001,R2,1,0.6316
random_lr,last,3,fg_guanidine,0.001,R3,0,0.8421
random_lr,last,3,fg_guanidine,0.001,R3,1,0.8421
random_lr,last,3,fg_guanidine,0.001,R4,0,0.2632
random_lr,last,3,fg_guanidine,0.001,R4,1,0.2632
random_lr,last,3,fg_guanidine,0.001,R5,0,0.1053
random_lr,last,3,fg_guanidine,0.001,R5,1,0.1053
random_lr,last,3,fg_guanidine,0.001,R6,0,0.9474
random_lr,last,3,fg_guanidine,0.001,R6,1,0.9474
random_lr,last,3,fg_guanidine,0.001,R8,0,0.3158
random_lr,last,3,fg_guanidine,0.001,R8,1,0.3158
random_lr,last,3,fg_guanidine,0.001,R9,0,0.8421
random_lr,last,3,fg_guanidine,0.001,R9,1,0.8421
random_lr,last,3,fg_hydroxyl_aliphatic,0.001,qm9s_val,0,0.6658
random_lr,last,3,fg_hydroxyl_aliphatic,0.001,R0,0,0.6698
random_lr,last,3,fg_hydroxyl_aliphatic,0.001,R2,0,0.8056
random_lr,last,3,fg_hydroxyl_aliphatic,0.001,R2,1,0.8056
random_lr,last,3,fg_hydroxyl_aliphatic,0.001,R3,0,0.2222
random_lr,last,3,fg_hydroxyl_aliphatic,0.001,R3,1,0.2222
random_lr,last,3,fg_hydroxyl_aliphatic,0.001,R4,0,0.6111
random_lr,last,3,fg_hydroxyl_aliphatic,0.001,R4,1,0.6111
random_lr,last,3,fg_hydroxyl_aliphatic,0.001,R5,0,0.5278
random_lr,last,3,fg_hydroxyl_aliphatic,0.001,R5,1,0.5278
random_lr,last,3,fg_hydroxyl_aliphatic,0.001,R6,0,0.7222
random_lr,last,3,fg_hydroxyl_aliphatic,0.001,R6,1,0.7222
random_lr,last,3,fg_hydroxyl_aliphatic,0.001,R8,0,0.7778
random_lr,last,3,fg_hydroxyl_aliphatic,0.001,R8,1,0.7778
random_lr,last,3,fg_hydroxyl_aliphatic,0.001,R9,0,0.3611
random_lr,last,3,fg_hydroxyl_aliphatic,0.001,R9,1,0.3611
random_lr,last,3,fg_phenol,0.001,qm9s_val,0,0.8885
random_lr,last,3,fg_phenol,0.001,R0,0,0.8411
random_lr,last,3,fg_phenol,0.001,R2,0,0.3158
random_lr,last,3,fg_phenol,0.001,R2,1,0.3158
random_lr,last,3,fg_phenol,0.001,R3,0,0.5789
random_lr,last,3,fg_phenol,0.001,R3,1,0.5789
random_lr,last,3,fg_phenol,0.001,R4,0,0.7368
random_lr,last,3,fg_phenol,0.001,R4,1,0.7368
random_lr,last,3,fg_phenol,0.001,R5,0,0.6842
random_lr,last,3,fg_phenol,0.001,R5,1,0.6842
random_lr,last,3,fg_phenol,0.001,R6,0,0.9474
random_lr,last,3,fg_phenol,0.001,R6,1,0.9474
random_lr,last,3,fg_phenol,0.001,R8,0,0.0526
random_lr,last,3,fg_phenol,0.001,R8,1,0.0526
random_lr,last,3,fg_phenol,0.001,R9,0,0.0
random_lr,last,3,fg_phenol,0.001,R9,1,0.0
random_lr,last,3,fg_aromatic_ring,0.001,qm9s_val,0,0.9343
random_lr,last,3,fg_aromatic_ring,0.001,R0,0,0.9301
random_lr,last,3,fg_aromatic_ring,0.001,R2,0,0.8438
random_lr,last,3,fg_aromatic_ring,0.001,R2,1,0.8438
random_lr,last,3,fg_aromatic_ring,0.001,R3,0,0.8125
random_lr,last,3,fg_aromatic_ring,0.001,R3,1,0.8125
random_lr,last,3,fg_aromatic_ring,0.001,R4,0,0.7031
random_lr,last,3,fg_aromatic_ring,0.001,R4,1,0.7031
random_lr,last,3,fg_aromatic_ring,0.001,R5,0,0.4531
random_lr,last,3,fg_aromatic_ring,0.001,R5,1,0.4531
random_lr,last,3,fg_aromatic_ring,0.001,R6,0,0.625
random_lr,last,3,fg_aromatic_ring,0.001,R6,1,0.625
random_lr,last,3,fg_aromatic_ring,0.001,R8,0,0.5
random_lr,last,3,fg_aromatic_ring,0.001,R8,1,0.5
random_lr,last,3,fg_aromatic_ring,0.001,R9,0,0.5625
random_lr,last,3,fg_aromatic_ring,0.001,R9,1,0.5625
random_lr,last,3,fg_benzene_ring,0.001,qm9s_val,0,0.9299
random_lr,last,3,fg_benzene_ring,0.001,R0,0,0.8773
random_lr,last,3,fg_benzene_ring,0.001,R2,0,0.7451
random_lr,last,3,fg_benzene_ring,0.001,R2,1,0.7451
random_lr,last,3,fg_benzene_ring,0.001,R3,0,0.6078
random_lr,last,3,fg_benzene_ring,0.001,R3,1,0.6078
random_lr,last,3,fg_benzene_ring,0.001,R4,0,0.7451
random_lr,last,3,fg_benzene_ring,0.001,R4,1,0.7451
random_lr,last,3,fg_benzene_ring,0.001,R5,0,0.5098
random_lr,last,3,fg_benzene_ring,0.001,R5,1,0.5098
random_lr,last,3,fg_benzene_ring,0.001,R6,0,0.6078
random_lr,last,3,fg_benzene_ring,0.001,R6,1,0.6078
random_lr,last,3,fg_benzene_ring,0.001,R8,0,0.6078
random_lr,last,3,fg_benzene_ring,0.001,R8,1,0.6078
random_lr,last,3,fg_benzene_ring,0.001,R9,0,0.5882
random_lr,last,3,fg_benzene_ring,0.001,R9,1,0.5882
random_lr,last,3,fg_pyrrole_ring,0.001,qm9s_val,0,0.8439
random_lr,last,3,fg_pyrrole_ring,0.001,R0,0,0.8387
random_lr,last,3,fg_pyrrole_ring,0.001,R2,0,1.0
random_lr,last,3,fg_pyrrole_ring,0.001,R2,1,1.0
random_lr,last,3,fg_pyrrole_ring,0.001,R3,0,1.0
random_lr,last,3,fg_pyrrole_ring,0.001,R3,1,1.0
random_lr,last,3,fg_pyrrole_ring,0.001,R4,0,1.0
random_lr,last,3,fg_pyrrole_ring,0.001,R4,1,1.0
random_lr,last,3,fg_pyrrole_ring,0.001,R5,0,0.4737
random_lr,last,3,fg_pyrrole_ring,0.001,R5,1,0.4737
random_lr,last,3,fg_pyrrole_ring,0.001,R6,0,0.9474
random_lr,last,3,fg_pyrrole_ring,0.001,R6,1,0.9474
random_lr,last,3,fg_pyrrole_ring,0.001,R8,0,0.5789
random_lr,last,3,fg_pyrrole_ring,0.001,R8,1,0.5789
random_lr,last,3,fg_pyrrole_ring,0.001,R9,0,1.0
random_lr,last,3,fg_pyrrole_ring,0.001,R9,1,1.0
random_lr,last,3,fg_imidazole_ring,0.001,qm9s_val,0,0.8761
random_lr,last,3,fg_imidazole_ring,0.001,R0,0,0.8609
random_lr,last,3,fg_imidazole_ring,0.001,R2,0,0.3158
random_lr,last,3,fg_imidazole_ring,0.001,R2,1,0.3158
random_lr,last,3,fg_imidazole_ring,0.001,R3,0,1.0
random_lr,last,3,fg_imidazole_ring,0.001,R3,1,1.0
random_lr,last,3,fg_imidazole_ring,0.001,R4,0,0.8421
random_lr,last,3,fg_imidazole_ring,0.001,R4,1,0.8421
random_lr,last,3,fg_imidazole_ring,0.001,R5,0,0.2632
random_lr,last,3,fg_imidazole_ring,0.001,R5,1,0.2632
random_lr,last,3,fg_imidazole_ring,0.001,R6,0,0.1579
random_lr,last,3,fg_imidazole_ring,0.001,R6,1,0.1579
random_lr,last,3,fg_imidazole_ring,0.001,R8,0,0.8421
random_lr,last,3,fg_imidazole_ring,0.001,R8,1,0.8421
random_lr,last,3,fg_imidazole_ring,0.001,R9,0,0.3158
random_lr,last,3,fg_imidazole_ring,0.001,R9,1,0.3158
random_mm,last,3,fg_primary_amine,,qm9s_val,0,0.6403
random_mm,last,3,fg_primary_amine,,R0,0,0.6092
random_mm,last,3,fg_primary_amine,,R2,0,0.4737
random_mm,last,3,fg_primary_amine,,R2,1,0.4737
random_mm,last,3,fg_primary_amine,,R3,0,0.0526
random_mm,last,3,fg_primary_amine,,R3,1,0.0526
random_mm,last,3,fg_primary_amine,,R4,0,0.4211
random_mm,last,3,fg_primary_amine,,R4,1,0.4211
random_mm,last,3,fg_primary_amine,,R5,0,0.2632
random_mm,last,3,fg_primary_amine,,R5,1,0.2632
random_mm,last,3,fg_primary_amine,,R6,0,0.1053
random_mm,last,3,fg_primary_amine,,R6,1,0.1053
random_mm,last,3,fg_primary_amine,,R8,0,0.3158
random_mm,last,3,fg_primary_amine,,R8,1,0.3158
random_mm,last,3,fg_primary_amine,,R9,0,0.8947
random_mm,last,3,fg_primary_amine,,R9,1,0.8947
random_mm,last,3,fg_secondary_amine,,qm9s_val,0,0.6416
random_mm,last,3,fg_secondary_amine,,R0,0,0.6409
random_mm,last,3,fg_secondary_amine,,R2,0,0.7895
random_mm,last,3,fg_secondary_amine,,R2,1,0.7895
random_mm,last,3,fg_secondary_amine,,R3,0,0.4211
random_mm,last,3,fg_secondary_amine,,R3,1,0.4211
random_mm,last,3,fg_secondary_amine,,R4,0,0.8947
random_mm,last,3,fg_secondary_amine,,R4,1,0.8947
random_mm,last,3,fg_secondary_amine,,R5,0,0.8947
random_mm,last,3,fg_secondary_amine,,R5,1,0.8947
random_mm,last,3,fg_secondary_amine,,R6,0,0.4211
random_mm,last,3,fg_secondary_amine,,R6,1,0.4211
random_mm,last,3,fg_secondary_amine,,R8,0,0.7895
random_mm,last,3,fg_secondary_amine,,R8,1,0.7895
random_mm,last,3,fg_secondary_amine,,R9,0,0.2105
random_mm,last,3,fg_secondary_amine,,R9,1,0.2105
random_mm,last,3,fg_amide,,qm9s_val,0,0.6946
random_mm,last,3,fg_amide,,R0,0,0.6821
random_mm,last,3,fg_amide,,R2,0,0.8056
random_mm,last,3,fg_amide,,R2,1,0.8056
random_mm,last,3,fg_amide,,R3,0,0.5833
random_mm,last,3,fg_amide,,R3,1,0.5833
random_mm,last,3,fg_amide,,R4,0,0.8611
random_mm,last,3,fg_amide,,R4,1,0.8611
random_mm,last,3,fg_amide,,R5,0,0.9444
random_mm,last,3,fg_amide,,R5,1,0.9444
random_mm,last,3,fg_amide,,R6,0,0.8056
random_mm,last,3,fg_amide,,R6,1,0.8056
random_mm,last,3,fg_amide,,R8,0,0.7222
random_mm,last,3,fg_amide,,R8,1,0.7222
random_mm,last,3,fg_amide,,R9,0,0.5833
random_mm,last,3,fg_amide,,R9,1,0.5833
random_mm,last,3,fg_guanidine,,qm9s_val,0,0.8346
random_mm,last,3,fg_guanidine,,R0,0,0.8394
random_mm,last,3,fg_guanidine,,R2,0,0.5263
random_mm,last,3,fg_guanidine,,R2,1,0.5263
random_mm,last,3,fg_guanidine,,R3,0,0.5263
random_mm,last,3,fg_guanidine,,R3,1,0.5263
random_mm,last,3,fg_guanidine,,R4,0,0.1053
random_mm,last,3,fg_guanidine,,R4,1,0.1053
random_mm,last,3,fg_guanidine,,R5,0,0.2105
random_mm,last,3,fg_guanidine,,R5,1,0.2105
random_mm,last,3,fg_guanidine,,R6,0,0.3158
random_mm,last,3,fg_guanidine,,R6,1,0.3158
random_mm,last,3,fg_guanidine,,R8,0,0.2632
random_mm,last,3,fg_guanidine,,R8,1,0.2632
random_mm,last,3,fg_guanidine,,R9,0,0.4211
random_mm,last,3,fg_guanidine,,R9,1,0.4211
random_mm,last,3,fg_hydroxyl_aliphatic,,qm9s_val,0,0.6218
random_mm,last,3,fg_hydroxyl_aliphatic,,R0,0,0.6407
random_mm,last,3,fg_hydroxyl_aliphatic,,R2,0,0.6944
random_mm,last,3,fg_hydroxyl_aliphatic,,R2,1,0.6944
random_mm,last,3,fg_hydroxyl_aliphatic,,R3,0,0.4722
random_mm,last,3,fg_hydroxyl_aliphatic,,R3,1,0.4722
random_mm,last,3,fg_hydroxyl_aliphatic,,R4,0,0.7222
random_mm,last,3,fg_hydroxyl_aliphatic,,R4,1,0.7222
random_mm,last,3,fg_hydroxyl_aliphatic,,R5,0,0.5
random_mm,last,3,fg_hydroxyl_aliphatic,,R5,1,0.5
random_mm,last,3,fg_hydroxyl_aliphatic,,R6,0,0.6111
random_mm,last,3,fg_hydroxyl_aliphatic,,R6,1,0.6111
random_mm,last,3,fg_hydroxyl_aliphatic,,R8,0,0.8056
random_mm,last,3,fg_hydroxyl_aliphatic,,R8,1,0.8056
random_mm,last,3,fg_hydroxyl_aliphatic,,R9,0,0.5556
random_mm,last,3,fg_hydroxyl_aliphatic,,R9,1,0.5556
random_mm,last,3,fg_phenol,,qm9s_val,0,0.8369
random_mm,last,3,fg_phenol,,R0,0,0.7936
random_mm,last,3,fg_phenol,,R2,0,0.9474
random_mm,last,3,fg_phenol,,R2,1,0.9474
random_mm,last,3,fg_phenol,,R3,0,0.7368
random_mm,last,3,fg_phenol,,R3,1,0.7368
random_mm,last,3,fg_phenol,,R4,0,0.8421
random_mm,last,3,fg_phenol,,R4,1,0.8421
random_mm,last,3,fg_phenol,,R5,0,0.3684
random_mm,last,3,fg_phenol,,R5,1,0.3684
random_mm,last,3,fg_phenol,,R6,0,0.4737
random_mm,last,3,fg_phenol,,R6,1,0.4737
random_mm,last,3,fg_phenol,,R8,0,0.0526
random_mm,last,3,fg_phenol,,R8,1,0.0526
random_mm,last,3,fg_phenol,,R9,0,0.2105
random_mm,last,3,fg_phenol,,R9,1,0.2105
random_mm,last,3,fg_aromatic_ring,,qm9s_val,0,0.8755
random_mm,last,3,fg_aromatic_ring,,R0,0,0.8667
random_mm,last,3,fg_aromatic_ring,,R2,0,0.7188
random_mm,last,3,fg_aromatic_ring,,R2,1,0.7188
random_mm,last,3,fg_aromatic_ring,,R3,0,0.7656
random_mm,last,3,fg_aromatic_ring,,R3,1,0.7656
random_mm,last,3,fg_aromatic_ring,,R4,0,0.7344
random_mm,last,3,fg_aromatic_ring,,R4,1,0.7344
random_mm,last,3,fg_aromatic_ring,,R5,0,0.375
random_mm,last,3,fg_aromatic_ring,,R5,1,0.375
random_mm,last,3,fg_aromatic_ring,,R6,0,0.5156
random_mm,last,3,fg_aromatic_ring,,R6,1,0.5156
random_mm,last,3,fg_aromatic_ring,,R8,0,0.4219
random_mm,last,3,fg_aromatic_ring,,R8,1,0.4219
random_mm,last,3,fg_aromatic_ring,,R9,0,0.6094
random_mm,last,3,fg_aromatic_ring,,R9,1,0.6094
random_mm,last,3,fg_benzene_ring,,qm9s_val,0,0.8367
random_mm,last,3,fg_benzene_ring,,R0,0,0.8054
random_mm,last,3,fg_benzene_ring,,R2,0,0.8627
random_mm,last,3,fg_benzene_ring,,R2,1,0.8627
random_mm,last,3,fg_benzene_ring,,R3,0,0.6275
random_mm,last,3,fg_benzene_ring,,R3,1,0.6275
random_mm,last,3,fg_benzene_ring,,R4,0,0.8824
random_mm,last,3,fg_benzene_ring,,R4,1,0.8824
random_mm,last,3,fg_benzene_ring,,R5,0,0.4314
random_mm,last,3,fg_benzene_ring,,R5,1,0.4314
random_mm,last,3,fg_benzene_ring,,R6,0,0.6667
random_mm,last,3,fg_benzene_ring,,R6,1,0.6667
random_mm,last,3,fg_benzene_ring,,R8,0,0.2941
random_mm,last,3,fg_benzene_ring,,R8,1,0.2941
random_mm,last,3,fg_benzene_ring,,R9,0,0.5098
random_mm,last,3,fg_benzene_ring,,R9,1,0.5098
random_mm,last,3,fg_pyrrole_ring,,qm9s_val,0,0.7822
random_mm,last,3,fg_pyrrole_ring,,R0,0,0.7893
random_mm,last,3,fg_pyrrole_ring,,R2,0,0.8421
random_mm,last,3,fg_pyrrole_ring,,R2,1,0.8421
random_mm,last,3,fg_pyrrole_ring,,R3,0,0.9474
random_mm,last,3,fg_pyrrole_ring,,R3,1,0.9474
random_mm,last,3,fg_pyrrole_ring,,R4,0,0.9474
random_mm,last,3,fg_pyrrole_ring,,R4,1,0.9474
random_mm,last,3,fg_pyrrole_ring,,R5,0,0.2632
random_mm,last,3,fg_pyrrole_ring,,R5,1,0.2632
random_mm,last,3,fg_pyrrole_ring,,R6,0,0.4737
random_mm,last,3,fg_pyrrole_ring,,R6,1,0.4737
random_mm,last,3,fg_pyrrole_ring,,R8,0,0.4211
random_mm,last,3,fg_pyrrole_ring,,R8,1,0.4211
random_mm,last,3,fg_pyrrole_ring,,R9,0,0.7895
random_mm,last,3,fg_pyrrole_ring,,R9,1,0.7895
random_mm,last,3,fg_imidazole_ring,,qm9s_val,0,0.8341
random_mm,last,3,fg_imidazole_ring,,R0,0,0.82
random_mm,last,3,fg_imidazole_ring,,R2,0,0.2632
random_mm,last,3,fg_imidazole_ring,,R2,1,0.2632
random_mm,last,3,fg_imidazole_ring,,R3,0,0.8947
random_mm,last,3,fg_imidazole_ring,,R3,1,0.8947
random_mm,last,3,fg_imidazole_ring,,R4,0,0.4737
random_mm,last,3,fg_imidazole_ring,,R4,1,0.4737
random_mm,last,3,fg_imidazole_ring,,R5,0,0.5263
random_mm,last,3,fg_imidazole_ring,,R5,1,0.5263
random_mm,last,3,fg_imidazole_ring,,R6,0,0.2105
random_mm,last,3,fg_imidazole_ring,,R6,1,0.2105
random_mm,last,3,fg_imidazole_ring,,R8,0,0.6316
random_mm,last,3,fg_imidazole_ring,,R8,1,0.6316
random_mm,last,3,fg_imidazole_ring,,R9,0,0.7895
random_mm,last,3,fg_imidazole_ring,,R9,1,0.7895
random_lr,last,6,fg_primary_amine,0.001,qm9s_val,0,0.736
random_lr,last,6,fg_primary_amine,0.001,R0,0,0.6818
random_lr,last,6,fg_primary_amine,0.001,R2,0,0.4211
random_lr,last,6,fg_primary_amine,0.001,R2,1,0.4211
random_lr,last,6,fg_primary_amine,0.001,R3,0,0.1053
random_lr,last,6,fg_primary_amine,0.001,R3,1,0.1053
random_lr,last,6,fg_primary_amine,0.001,R4,0,0.3684
random_lr,last,6,fg_primary_amine,0.001,R4,1,0.3684
random_lr,last,6,fg_primary_amine,0.001,R5,0,0.8421
random_lr,last,6,fg_primary_amine,0.001,R5,1,0.8421
random_lr,last,6,fg_primary_amine,0.001,R6,0,0.5263
random_lr,last,6,fg_primary_amine,0.001,R6,1,0.5263
random_lr,last,6,fg_primary_amine,0.001,R8,0,0.4737
random_lr,last,6,fg_primary_amine,0.001,R8,1,0.4737
random_lr,last,6,fg_primary_amine,0.001,R9,0,0.7895
random_lr,last,6,fg_primary_amine,0.001,R9,1,0.7895
random_lr,last,6,fg_secondary_amine,0.001,qm9s_val,0,0.6087
random_lr,last,6,fg_secondary_amine,0.001,R0,0,0.6514
random_lr,last,6,fg_secondary_amine,0.001,R2,0,0.8421
random_lr,last,6,fg_secondary_amine,0.001,R2,1,0.8421
random_lr,last,6,fg_secondary_amine,0.001,R3,0,0.3158
random_lr,last,6,fg_secondary_amine,0.001,R3,1,0.3158
random_lr,last,6,fg_secondary_amine,0.001,R4,0,0.4211
random_lr,last,6,fg_secondary_amine,0.001,R4,1,0.4211
random_lr,last,6,fg_secondary_amine,0.001,R5,0,0.6842
random_lr,last,6,fg_secondary_amine,0.001,R5,1,0.6842
random_lr,last,6,fg_secondary_amine,0.001,R6,0,0.4211
random_lr,last,6,fg_secondary_amine,0.001,R6,1,0.4211
random_lr,last,6,fg_secondary_amine,0.001,R8,0,1.0
random_lr,last,6,fg_secondary_amine,0.001,R8,1,1.0
random_lr,last,6,fg_secondary_amine,0.001,R9,0,0.1579
random_lr,last,6,fg_secondary_amine,0.001,R9,1,0.1579
random_lr,last,6,fg_amide,0.001,qm9s_val,0,0.7234
random_lr,last,6,fg_amide,0.001,R0,0,0.7453
random_lr,last,6,fg_amide,0.001,R2,0,0.5278
random_lr,last,6,fg_amide,0.001,R2,1,0.5278
random_lr,last,6,fg_amide,0.001,R3,0,0.3889
random_lr,last,6,fg_amide,0.001,R3,1,0.3889
random_lr,last,6,fg_amide,0.001,R4,0,0.9444
random_lr,last,6,fg_amide,0.001,R4,1,0.9444
random_lr,last,6,fg_amide,0.001,R5,0,0.7778
random_lr,last,6,fg_amide,0.001,R5,1,0.7778
random_lr,last,6,fg_amide,0.001,R6,0,0.3611
random_lr,last,6,fg_amide,0.001,R6,1,0.3611
random_lr,last,6,fg_amide,0.001,R8,0,0.3889
random_lr,last,6,fg_amide,0.001,R8,1,0.3889
random_lr,last,6,fg_amide,0.001,R9,0,0.7222
random_lr,last,6,fg_amide,0.001,R9,1,0.7222
random_lr,last,6,fg_guanidine,0.001,qm9s_val,0,0.8905
random_lr,last,6,fg_guanidine,0.001,R0,0,0.8911
random_lr,last,6,fg_guanidine,0.001,R2,0,0.8947
random_lr,last,6,fg_guanidine,0.001,R2,1,0.8947
random_lr,last,6,fg_guanidine,0.001,R3,0,0.8421
random_lr,last,6,fg_guanidine,0.001,R3,1,0.8421
random_lr,last,6,fg_guanidine,0.001,R4,0,0.3158
random_lr,last,6,fg_guanidine,0.001,R4,1,0.3158
random_lr,last,6,fg_guanidine,0.001,R5,0,0.3158
random_lr,last,6,fg_guanidine,0.001,R5,1,0.3158
random_lr,last,6,fg_guanidine,0.001,R6,0,0.6842
random_lr,last,6,fg_guanidine,0.001,R6,1,0.6842
random_lr,last,6,fg_guanidine,0.001,R8,0,0.4211
random_lr,last,6,fg_guanidine,0.001,R8,1,0.4211
random_lr,last,6,fg_guanidine,0.001,R9,0,0.7895
random_lr,last,6,fg_guanidine,0.001,R9,1,0.7895
random_lr,last,6,fg_hydroxyl_aliphatic,0.001,qm9s_val,0,0.6619
random_lr,last,6,fg_hydroxyl_aliphatic,0.001,R0,0,0.6658
random_lr,last,6,fg_hydroxyl_aliphatic,0.001,R2,0,0.8333
random_lr,last,6,fg_hydroxyl_aliphatic,0.001,R2,1,0.8333
random_lr,last,6,fg_hydroxyl_aliphatic,0.001,R3,0,0.2778
random_lr,last,6,fg_hydroxyl_aliphatic,0.001,R3,1,0.2778
random_lr,last,6,fg_hydroxyl_aliphatic,0.001,R4,0,0.7778
random_lr,last,6,fg_hydroxyl_aliphatic,0.001,R4,1,0.7778
random_lr,last,6,fg_hydroxyl_aliphatic,0.001,R5,0,0.3333
random_lr,last,6,fg_hydroxyl_aliphatic,0.001,R5,1,0.3333
random_lr,last,6,fg_hydroxyl_aliphatic,0.001,R6,0,0.6667
random_lr,last,6,fg_hydroxyl_aliphatic,0.001,R6,1,0.6667
random_lr,last,6,fg_hydroxyl_aliphatic,0.001,R8,0,0.8056
random_lr,last,6,fg_hydroxyl_aliphatic,0.001,R8,1,0.8056
random_lr,last,6,fg_hydroxyl_aliphatic,0.001,R9,0,0.3333
random_lr,last,6,fg_hydroxyl_aliphatic,0.001,R9,1,0.3611
random_lr,last,6,fg_phenol,0.001,qm9s_val,0,0.8778
random_lr,last,6,fg_phenol,0.001,R0,0,0.8397
random_lr,last,6,fg_phenol,0.001,R2,0,0.3158
random_lr,last,6,fg_phenol,0.001,R2,1,0.3158
random_lr,last,6,fg_phenol,0.001,R3,0,0.4211
random_lr,last,6,fg_phenol,0.001,R3,1,0.4211
random_lr,last,6,fg_phenol,0.001,R4,0,0.6316
random_lr,last,6,fg_phenol,0.001,R4,1,0.6316
random_lr,last,6,fg_phenol,0.001,R5,0,0.5263
random_lr,last,6,fg_phenol,0.001,R5,1,0.5263
random_lr,last,6,fg_phenol,0.001,R6,0,0.9474
random_lr,last,6,fg_phenol,0.001,R6,1,0.9474
random_lr,last,6,fg_phenol,0.001,R8,0,0.0
random_lr,last,6,fg_phenol,0.001,R8,1,0.0
random_lr,last,6,fg_phenol,0.001,R9,0,0.0
random_lr,last,6,fg_phenol,0.001,R9,1,0.0
random_lr,last,6,fg_aromatic_ring,0.001,qm9s_val,0,0.9304
random_lr,last,6,fg_aromatic_ring,0.001,R0,0,0.9271
random_lr,last,6,fg_aromatic_ring,0.001,R2,0,0.8438
random_lr,last,6,fg_aromatic_ring,0.001,R2,1,0.8438
random_lr,last,6,fg_aromatic_ring,0.001,R3,0,0.8438
random_lr,last,6,fg_aromatic_ring,0.001,R3,1,0.8438
random_lr,last,6,fg_aromatic_ring,0.001,R4,0,0.7188
random_lr,last,6,fg_aromatic_ring,0.001,R4,1,0.7188
random_lr,last,6,fg_aromatic_ring,0.001,R5,0,0.4688
random_lr,last,6,fg_aromatic_ring,0.001,R5,1,0.4688
random_lr,last,6,fg_aromatic_ring,0.001,R6,0,0.5
random_lr,last,6,fg_aromatic_ring,0.001,R6,1,0.5
random_lr,last,6,fg_aromatic_ring,0.001,R8,0,0.4688
random_lr,last,6,fg_aromatic_ring,0.001,R8,1,0.4688
random_lr,last,6,fg_aromatic_ring,0.001,R9,0,0.5625
random_lr,last,6,fg_aromatic_ring,0.001,R9,1,0.5625
random_lr,last,6,fg_benzene_ring,0.001,qm9s_val,0,0.9204
random_lr,last,6,fg_benzene_ring,0.001,R0,0,0.8631
random_lr,last,6,fg_benzene_ring,0.001,R2,0,0.8039
random_lr,last,6,fg_benzene_ring,0.001,R2,1,0.8039
random_lr,last,6,fg_benzene_ring,0.001,R3,0,0.5882
random_lr,last,6,fg_benzene_ring,0.001,R3,1,0.5882
random_lr,last,6,fg_benzene_ring,0.001,R4,0,0.7255
random_lr,last,6,fg_benzene_ring,0.001,R4,1,0.7255
random_lr,last,6,fg_benzene_ring,0.001,R5,0,0.4902
random_lr,last,6,fg_benzene_ring,0.001,R5,1,0.4902
random_lr,last,6,fg_benzene_ring,0.001,R6,0,0.451
random_lr,last,6,fg_benzene_ring,0.001,R6,1,0.451
random_lr,last,6,fg_benzene_ring,0.001,R8,0,0.7059
random_lr,last,6,fg_benzene_ring,0.001,R8,1,0.7059
random_lr,last,6,fg_benzene_ring,0.001,R9,0,0.5882
random_lr,last,6,fg_benzene_ring,0.001,R9,1,0.5882
random_lr,last,6,fg_pyrrole_ring,0.001,qm9s_val,0,0.84
random_lr,last,6,fg_pyrrole_ring,0.001,R0,0,0.8372
random_lr,last,6,fg_pyrrole_ring,0.001,R2,0,1.0
random_lr,last,6,fg_pyrrole_ring,0.001,R2,1,1.0
random_lr,last,6,fg_pyrrole_ring,0.001,R3,0,1.0
random_lr,last,6,fg_pyrrole_ring,0.001,R3,1,1.0
random_lr,last,6,fg_pyrrole_ring,0.001,R4,0,1.0
random_lr,last,6,fg_pyrrole_ring,0.001,R4,1,1.0
random_lr,last,6,fg_pyrrole_ring,0.001,R5,0,0.5263
random_lr,last,6,fg_pyrrole_ring,0.001,R5,1,0.5263
random_lr,last,6,fg_pyrrole_ring,0.001,R6,0,0.8947
random_lr,last,6,fg_pyrrole_ring,0.001,R6,1,0.8947
random_lr,last,6,fg_pyrrole_ring,0.001,R8,0,0.7895
random_lr,last,6,fg_pyrrole_ring,0.001,R8,1,0.7895
random_lr,last,6,fg_pyrrole_ring,0.001,R9,0,1.0
random_lr,last,6,fg_pyrrole_ring,0.001,R9,1,1.0
random_lr,last,6,fg_imidazole_ring,0.001,qm9s_val,0,0.8552
random_lr,last,6,fg_imidazole_ring,0.001,R0,0,0.8667
random_lr,last,6,fg_imidazole_ring,0.001,R2,0,0.4737
random_lr,last,6,fg_imidazole_ring,0.001,R2,1,0.4737
random_lr,last,6,fg_imidazole_ring,0.001,R3,0,1.0
random_lr,last,6,fg_imidazole_ring,0.001,R3,1,1.0
random_lr,last,6,fg_imidazole_ring,0.001,R4,0,1.0
random_lr,last,6,fg_imidazole_ring,0.001,R4,1,1.0
random_lr,last,6,fg_imidazole_ring,0.001,R5,0,0.2632
random_lr,last,6,fg_imidazole_ring,0.001,R5,1,0.2632
random_lr,last,6,fg_imidazole_ring,0.001,R6,0,0.3158
random_lr,last,6,fg_imidazole_ring,0.001,R6,1,0.3158
random_lr,last,6,fg_imidazole_ring,0.001,R8,0,0.7895
random_lr,last,6,fg_imidazole_ring,0.001,R8,1,0.7895
random_lr,last,6,fg_imidazole_ring,0.001,R9,0,0.3158
random_lr,last,6,fg_imidazole_ring,0.001,R9,1,0.3158
random_mm,last,6,fg_primary_amine,,qm9s_val,0,0.6456
random_mm,last,6,fg_primary_amine,,R0,0,0.6129
random_mm,last,6,fg_primary_amine,,R2,0,0.4737
random_mm,last,6,fg_primary_amine,,R2,1,0.4737
random_mm,last,6,fg_primary_amine,,R3,0,0.0
random_mm,last,6,fg_primary_amine,,R3,1,0.0
random_mm,last,6,fg_primary_amine,,R4,0,0.4211
random_mm,last,6,fg_primary_amine,,R4,1,0.4211
random_mm,last,6,fg_primary_amine,,R5,0,0.2632
random_mm,last,6,fg_primary_amine,,R5,1,0.2632
random_mm,last,6,fg_primary_amine,,R6,0,0.2632
random_mm,last,6,fg_primary_amine,,R6,1,0.2632
random_mm,last,6,fg_primary_amine,,R8,0,0.3158
random_mm,last,6,fg_primary_amine,,R8,1,0.3158
random_mm,last,6,fg_primary_amine,,R9,0,0.8947
random_mm,last,6,fg_primary_amine,,R9,1,0.8947
random_mm,last,6,fg_secondary_amine,,qm9s_val,0,0.6426
random_mm,last,6,fg_secondary_amine,,R0,0,0.6418
random_mm,last,6,fg_secondary_amine,,R2,0,0.7368
random_mm,last,6,fg_secondary_amine,,R2,1,0.7368
random_mm,last,6,fg_secondary_amine,,R3,0,0.4211
random_mm,last,6,fg_secondary_amine,,R3,1,0.4211
random_mm,last,6,fg_secondary_amine,,R4,0,0.8947
random_mm,last,6,fg_secondary_amine,,R4,1,0.8947
random_mm,last,6,fg_secondary_amine,,R5,0,0.9474
random_mm,last,6,fg_secondary_amine,,R5,1,0.9474
random_mm,last,6,fg_secondary_amine,,R6,0,0.3684
random_mm,last,6,fg_secondary_amine,,R6,1,0.3684
random_mm,last,6,fg_secondary_amine,,R8,0,0.7895
random_mm,last,6,fg_secondary_amine,,R8,1,0.7895
random_mm,last,6,fg_secondary_amine,,R9,0,0.2105
random_mm,last,6,fg_secondary_amine,,R9,1,0.2105
random_mm,last,6,fg_amide,,qm9s_val,0,0.695
random_mm,last,6,fg_amide,,R0,0,0.6822
random_mm,last,6,fg_amide,,R2,0,0.8056
random_mm,last,6,fg_amide,,R2,1,0.8056
random_mm,last,6,fg_amide,,R3,0,0.6111
random_mm,last,6,fg_amide,,R3,1,0.6111
random_mm,last,6,fg_amide,,R4,0,0.9167
random_mm,last,6,fg_amide,,R4,1,0.9167
random_mm,last,6,fg_amide,,R5,0,0.9444
random_mm,last,6,fg_amide,,R5,1,0.9444
random_mm,last,6,fg_amide,,R6,0,0.8333
random_mm,last,6,fg_amide,,R6,1,0.8333
random_mm,last,6,fg_amide,,R8,0,0.7222
random_mm,last,6,fg_amide,,R8,1,0.7222
random_mm,last,6,fg_amide,,R9,0,0.5833
random_mm,last,6,fg_amide,,R9,1,0.5833
random_mm,last,6,fg_guanidine,,qm9s_val,0,0.8385
random_mm,last,6,fg_guanidine,,R0,0,0.8384
random_mm,last,6,fg_guanidine,,R2,0,0.5263
random_mm,last,6,fg_guanidine,,R2,1,0.5263
random_mm,last,6,fg_guanidine,,R3,0,0.4737
random_mm,last,6,fg_guanidine,,R3,1,0.4737
random_mm,last,6,fg_guanidine,,R4,0,0.1053
random_mm,last,6,fg_guanidine,,R4,1,0.1053
random_mm,last,6,fg_guanidine,,R5,0,0.2105
random_mm,last,6,fg_guanidine,,R5,1,0.2105
random_mm,last,6,fg_guanidine,,R6,0,0.3158
random_mm,last,6,fg_guanidine,,R6,1,0.3158
random_mm,last,6,fg_guanidine,,R8,0,0.3684
random_mm,last,6,fg_guanidine,,R8,1,0.3684
random_mm,last,6,fg_guanidine,,R9,0,0.4211
random_mm,last,6,fg_guanidine,,R9,1,0.4211
random_mm,last,6,fg_hydroxyl_aliphatic,,qm9s_val,0,0.6237
random_mm,last,6,fg_hydroxyl_aliphatic,,R0,0,0.6411
random_mm,last,6,fg_hydroxyl_aliphatic,,R2,0,0.6944
random_mm,last,6,fg_hydroxyl_aliphatic,,R2,1,0.6944
random_mm,last,6,fg_hydroxyl_aliphatic,,R3,0,0.4722
random_mm,last,6,fg_hydroxyl_aliphatic,,R3,1,0.4722
random_mm,last,6,fg_hydroxyl_aliphatic,,R4,0,0.7222
random_mm,last,6,fg_hydroxyl_aliphatic,,R4,1,0.7222
random_mm,last,6,fg_hydroxyl_aliphatic,,R5,0,0.4444
random_mm,last,6,fg_hydroxyl_aliphatic,,R5,1,0.4444
random_mm,last,6,fg_hydroxyl_aliphatic,,R6,0,0.6111
random_mm,last,6,fg_hydroxyl_aliphatic,,R6,1,0.6111
random_mm,last,6,fg_hydroxyl_aliphatic,,R8,0,0.8056
random_mm,last,6,fg_hydroxyl_aliphatic,,R8,1,0.8056
random_mm,last,6,fg_hydroxyl_aliphatic,,R9,0,0.6111
random_mm,last,6,fg_hydroxyl_aliphatic,,R9,1,0.5833
random_mm,last,6,fg_phenol,,qm9s_val,0,0.8339
random_mm,last,6,fg_phenol,,R0,0,0.7934
random_mm,last,6,fg_phenol,,R2,0,0.9474
random_mm,last,6,fg_phenol,,R2,1,0.9474
random_mm,last,6,fg_phenol,,R3,0,0.6842
random_mm,last,6,fg_phenol,,R3,1,0.6842
random_mm,last,6,fg_phenol,,R4,0,0.8421
random_mm,last,6,fg_phenol,,R4,1,0.8421
random_mm,last,6,fg_phenol,,R5,0,0.3158
random_mm,last,6,fg_phenol,,R5,1,0.3158
random_mm,last,6,fg_phenol,,R6,0,0.4737
random_mm,last,6,fg_phenol,,R6,1,0.4737
random_mm,last,6,fg_phenol,,R8,0,0.1053
random_mm,last,6,fg_phenol,,R8,1,0.1053
random_mm,last,6,fg_phenol,,R9,0,0.2105
random_mm,last,6,fg_phenol,,R9,1,0.2105
random_mm,last,6,fg_aromatic_ring,,qm9s_val,0,0.8754
random_mm,last,6,fg_aromatic_ring,,R0,0,0.8665
random_mm,last,6,fg_aromatic_ring,,R2,0,0.6875
random_mm,last,6,fg_aromatic_ring,,R2,1,0.6875
random_mm,last,6,fg_aromatic_ring,,R3,0,0.7812
random_mm,last,6,fg_aromatic_ring,,R3,1,0.7812
random_mm,last,6,fg_aromatic_ring,,R4,0,0.7344
random_mm,last,6,fg_aromatic_ring,,R4,1,0.7344
random_mm,last,6,fg_aromatic_ring,,R5,0,0.4062
random_mm,last,6,fg_aromatic_ring,,R5,1,0.4062
random_mm,last,6,fg_aromatic_ring,,R6,0,0.5
random_mm,last,6,fg_aromatic_ring,,R6,1,0.5
random_mm,last,6,fg_aromatic_ring,,R8,0,0.5
random_mm,last,6,fg_aromatic_ring,,R8,1,0.5
random_mm,last,6,fg_aromatic_ring,,R9,0,0.6406
random_mm,last,6,fg_aromatic_ring,,R9,1,0.6562
random_mm,last,6,fg_benzene_ring,,qm9s_val,0,0.8404
random_mm,last,6,fg_benzene_ring,,R0,0,0.8033
random_mm,last,6,fg_benzene_ring,,R2,0,0.8627
random_mm,last,6,fg_benzene_ring,,R2,1,0.8627
random_mm,last,6,fg_benzene_ring,,R3,0,0.6471
random_mm,last,6,fg_benzene_ring,,R3,1,0.6471
random_mm,last,6,fg_benzene_ring,,R4,0,0.8627
random_mm,last,6,fg_benzene_ring,,R4,1,0.8627
random_mm,last,6,fg_benzene_ring,,R5,0,0.4902
random_mm,last,6,fg_benzene_ring,,R5,1,0.4902
random_mm,last,6,fg_benzene_ring,,R6,0,0.6471
random_mm,last,6,fg_benzene_ring,,R6,1,0.6471
random_mm,last,6,fg_benzene_ring,,R8,0,0.3137
random_mm,last,6,fg_benzene_ring,,R8,1,0.3137
random_mm,last,6,fg_benzene_ring,,R9,0,0.549
random_mm,last,6,fg_benzene_ring,,R9,1,0.549
random_mm,last,6,fg_pyrrole_ring,,qm9s_val,0,0.7855
random_mm,last,6,fg_pyrrole_ring,,R0,0,0.7878
random_mm,last,6,fg_pyrrole_ring,,R2,0,0.7895
random_mm,last,6,fg_pyrrole_ring,,R2,1,0.7895
random_mm,last,6,fg_pyrrole_ring,,R3,0,0.9474
random_mm,last,6,fg_pyrrole_ring,,R3,1,0.9474
random_mm,last,6,fg_pyrrole_ring,,R4,0,0.9474
random_mm,last,6,fg_pyrrole_ring,,R4,1,0.9474
random_mm,last,6,fg_pyrrole_ring,,R5,0,0.2105
random_mm,last,6,fg_pyrrole_ring,,R5,1,0.2105
random_mm,last,6,fg_pyrrole_ring,,R6,0,0.4737
random_mm,last,6,fg_pyrrole_ring,,R6,1,0.4737
random_mm,last,6,fg_pyrrole_ring,,R8,0,0.4211
random_mm,last,6,fg_pyrrole_ring,,R8,1,0.4211
random_mm,last,6,fg_pyrrole_ring,,R9,0,0.7895
random_mm,last,6,fg_pyrrole_ring,,R9,1,0.7895
random_mm,last,6,fg_imidazole_ring,,qm9s_val,0,0.8337
random_mm,last,6,fg_imidazole_ring,,R0,0,0.8249
random_mm,last,6,fg_imidazole_ring,,R2,0,0.3158
random_mm,last,6,fg_imidazole_ring,,R2,1,0.3158
random_mm,last,6,fg_imidazole_ring,,R3,0,0.8947
random_mm,last,6,fg_imidazole_ring,,R3,1,0.8947
random_mm,last,6,fg_imidazole_ring,,R4,0,0.5263
random_mm,last,6,fg_imidazole_ring,,R4,1,0.5263
random_mm,last,6,fg_imidazole_ring,,R5,0,0.5263
random_mm,last,6,fg_imidazole_ring,,R5,1,0.5263
random_mm,last,6,fg_imidazole_ring,,R6,0,0.2105
random_mm,last,6,fg_imidazole_ring,,R6,1,0.2105
random_mm,last,6,fg_imidazole_ring,,R8,0,0.6842
random_mm,last,6,fg_imidazole_ring,,R8,1,0.6842
random_mm,last,6,fg_imidazole_ring,,R9,0,0.7895
random_mm,last,6,fg_imidazole_ring,,R9,1,0.7895
random_lr,last,9,fg_primary_amine,0.001,qm9s_val,0,0.6918
random_lr,last,9,fg_primary_amine,0.001,R0,0,0.6865
random_lr,last,9,fg_primary_amine,0.001,R2,0,0.3684
random_lr,last,9,fg_primary_amine,0.001,R2,1,0.3684
random_lr,last,9,fg_primary_amine,0.001,R3,0,0.2105
random_lr,last,9,fg_primary_amine,0.001,R3,1,0.2105
random_lr,last,9,fg_primary_amine,0.001,R4,0,0.4737
random_lr,last,9,fg_primary_amine,0.001,R4,1,0.4737
random_lr,last,9,fg_primary_amine,0.001,R5,0,0.7368
random_lr,last,9,fg_primary_amine,0.001,R5,1,0.7368
random_lr,last,9,fg_primary_amine,0.001,R6,0,0.5789
random_lr,last,9,fg_primary_amine,0.001,R6,1,0.5789
random_lr,last,9,fg_primary_amine,0.001,R8,0,0.1053
random_lr,last,9,fg_primary_amine,0.001,R8,1,0.1053
random_lr,last,9,fg_primary_amine,0.001,R9,0,0.6842
random_lr,last,9,fg_primary_amine,0.001,R9,1,0.6842
random_lr,last,9,fg_secondary_amine,0.001,qm9s_val,0,0.6088
random_lr,last,9,fg_secondary_amine,0.001,R0,0,0.6482
random_lr,last,9,fg_secondary_amine,0.001,R2,0,0.7368
random_lr,last,9,fg_secondary_amine,0.001,R2,1,0.7368
random_lr,last,9,fg_secondary_amine,0.001,R3,0,0.3684
random_lr,last,9,fg_secondary_amine,0.001,R3,1,0.3684
random_lr,last,9,fg_secondary_amine,0.001,R4,0,0.3684
random_lr,last,9,fg_secondary_amine,0.001,R4,1,0.3684
random_lr,last,9,fg_secondary_amine,0.001,R5,0,0.4211
random_lr,last,9,fg_secondary_amine,0.001,R5,1,0.4211
random_lr,last,9,fg_secondary_amine,0.001,R6,0,0.4211
random_lr,last,9,fg_secondary_amine,0.001,R6,1,0.4211
random_lr,last,9,fg_secondary_amine,0.001,R8,0,1.0
random_lr,last,9,fg_secondary_amine,0.001,R8,1,1.0
random_lr,last,9,fg_secondary_amine,0.001,R9,0,0.1579
random_lr,last,9,fg_secondary_amine,0.001,R9,1,0.1579
random_lr,last,9,fg_amide,0.001,qm9s_val,0,0.705
random_lr,last,9,fg_amide,0.001,R0,0,0.7476
random_lr,last,9,fg_amide,0.001,R2,0,0.7778
random_lr,last,9,fg_amide,0.001,R2,1,0.7778
random_lr,last,9,fg_amide,0.001,R3,0,0.6944
random_lr,last,9,fg_amide,0.001,R3,1,0.6944
random_lr,last,9,fg_amide,0.001,R4,0,0.8056
random_lr,last,9,fg_amide,0.001,R4,1,0.8056
random_lr,last,9,fg_amide,0.001,R5,0,0.8611
random_lr,last,9,fg_amide,0.001,R5,1,0.8611
random_lr,last,9,fg_amide,0.001,R6,0,0.5
random_lr,last,9,fg_amide,0.001,R6,1,0.5
random_lr,last,9,fg_amide,0.001,R8,0,0.5278
random_lr,last,9,fg_amide,0.001,R8,1,0.5278
random_lr,last,9,fg_amide,0.001,R9,0,0.7778
random_lr,last,9,fg_amide,0.001,R9,1,0.7778
random_lr,last,9,fg_guanidine,0.001,qm9s_val,0,0.8858
random_lr,last,9,fg_guanidine,0.001,R0,0,0.8916
random_lr,last,9,fg_guanidine,0.001,R2,0,0.8421
random_lr,last,9,fg_guanidine,0.001,R2,1,0.8421
random_lr,last,9,fg_guanidine,0.001,R3,0,0.8421
random_lr,last,9,fg_guanidine,0.001,R3,1,0.8421
random_lr,last,9,fg_guanidine,0.001,R4,0,0.4211
random_lr,last,9,fg_guanidine,0.001,R4,1,0.4211
random_lr,last,9,fg_guanidine,0.001,R5,0,0.2632
random_lr,last,9,fg_guanidine,0.001,R5,1,0.2632
random_lr,last,9,fg_guanidine,0.001,R6,0,0.5789
random_lr,last,9,fg_guanidine,0.001,R6,1,0.5789
random_lr,last,9,fg_guanidine,0.001,R8,0,0.6842
random_lr,last,9,fg_guanidine,0.001,R8,1,0.6842
random_lr,last,9,fg_guanidine,0.001,R9,0,0.7895
random_lr,last,9,fg_guanidine,0.001,R9,1,0.7895
random_lr,last,9,fg_hydroxyl_aliphatic,0.001,qm9s_val,0,0.6512
random_lr,last,9,fg_hydroxyl_aliphatic,0.001,R0,0,0.6619
random_lr,last,9,fg_hydroxyl_aliphatic,0.001,R2,0,0.7778
random_lr,last,9,fg_hydroxyl_aliphatic,0.001,R2,1,0.7778
random_lr,last,9,fg_hydroxyl_aliphatic,0.001,R3,0,0.25
random_lr,last,9,fg_hydroxyl_aliphatic,0.001,R3,1,0.25
random_lr,last,9,fg_hydroxyl_aliphatic,0.001,R4,0,0.9167
random_lr,last,9,fg_hydroxyl_aliphatic,0.001,R4,1,0.9167
random_lr,last,9,fg_hydroxyl_aliphatic,0.001,R5,0,0.5278
random_lr,last,9,fg_hydroxyl_aliphatic,0.001,R5,1,0.5278
random_lr,last,9,fg_hydroxyl_aliphatic,0.001,R6,0,0.6389
random_lr,last,9,fg_hydroxyl_aliphatic,0.001,R6,1,0.6389
random_lr,last,9,fg_hydroxyl_aliphatic,0.001,R8,0,0.7778
random_lr,last,9,fg_hydroxyl_aliphatic,0.001,R8,1,0.7778
random_lr,last,9,fg_hydroxyl_aliphatic,0.001,R9,0,0.3611
random_lr,last,9,fg_hydroxyl_aliphatic,0.001,R9,1,0.4167
random_lr,last,9,fg_phenol,0.001,qm9s_val,0,0.8607
random_lr,last,9,fg_phenol,0.001,R0,0,0.8231
random_lr,last,9,fg_phenol,0.001,R2,0,0.2632
random_lr,last,9,fg_phenol,0.001,R2,1,0.2632
random_lr,last,9,fg_phenol,0.001,R3,0,0.4737
random_lr,last,9,fg_phenol,0.001,R3,1,0.4737
random_lr,last,9,fg_phenol,0.001,R4,0,0.5263
random_lr,last,9,fg_phenol,0.001,R4,1,0.5263
random_lr,last,9,fg_phenol,0.001,R5,0,0.5789
random_lr,last,9,fg_phenol,0.001,R5,1,0.5789
random_lr,last,9,fg_phenol,0.001,R6,0,0.7895
random_lr,last,9,fg_phenol,0.001,R6,1,0.7895
random_lr,last,9,fg_phenol,0.001,R8,0,0.0526
random_lr,last,9,fg_phenol,0.001,R8,1,0.0526
random_lr,last,9,fg_phenol,0.001,R9,0,0.0
random_lr,last,9,fg_phenol,0.001,R9,1,0.0
random_lr,last,9,fg_aromatic_ring,0.001,qm9s_val,0,0.9254
random_lr,last,9,fg_aromatic_ring,0.001,R0,0,0.925
random_lr,last,9,fg_aromatic_ring,0.001,R2,0,0.8438
random_lr,last,9,fg_aromatic_ring,0.001,R2,1,0.8438
random_lr,last,9,fg_aromatic_ring,0.001,R3,0,0.8125
random_lr,last,9,fg_aromatic_ring,0.001,R3,1,0.8125
random_lr,last,9,fg_aromatic_ring,0.001,R4,0,0.7188
random_lr,last,9,fg_aromatic_ring,0.001,R4,1,0.7188
random_lr,last,9,fg_aromatic_ring,0.001,R5,0,0.5
random_lr,last,9,fg_aromatic_ring,0.001,R5,1,0.5
random_lr,last,9,fg_aromatic_ring,0.001,R6,0,0.5469
random_lr,last,9,fg_aromatic_ring,0.001,R6,1,0.5469
random_lr,last,9,fg_aromatic_ring,0.001,R8,0,0.5
random_lr,last,9,fg_aromatic_ring,0.001,R8,1,0.5
random_lr,last,9,fg_aromatic_ring,0.001,R9,0,0.5469
random_lr,last,9,fg_aromatic_ring,0.001,R9,1,0.5469
random_lr,last,9,fg_benzene_ring,0.001,qm9s_val,0,0.9242
random_lr,last,9,fg_benzene_ring,0.001,R0,0,0.8501
random_lr,last,9,fg_benzene_ring,0.001,R2,0,0.8431
random_lr,last,9,fg_benzene_ring,0.001,R2,1,0.8431
random_lr,last,9,fg_benzene_ring,0.001,R3,0,0.549
random_lr,last,9,fg_benzene_ring,0.001,R3,1,0.549
random_lr,last,9,fg_benzene_ring,0.001,R4,0,0.6667
random_lr,last,9,fg_benzene_ring,0.001,R4,1,0.6667
random_lr,last,9,fg_benzene_ring,0.001,R5,0,0.4118
random_lr,last,9,fg_benzene_ring,0.001,R5,1,0.4118
random_lr,last,9,fg_benzene_ring,0.001,R6,0,0.451
random_lr,last,9,fg_benzene_ring,0.001,R6,1,0.451
random_lr,last,9,fg_benzene_ring,0.001,R8,0,0.6275
random_lr,last,9,fg_benzene_ring,0.001,R8,1,0.6275
random_lr,last,9,fg_benzene_ring,0.001,R9,0,0.5882
random_lr,last,9,fg_benzene_ring,0.001,R9,1,0.5882
random_lr,last,9,fg_pyrrole_ring,0.001,qm9s_val,0,0.8273
random_lr,last,9,fg_pyrrole_ring,0.001,R0,0,0.8258
random_lr,last,9,fg_pyrrole_ring,0.001,R2,0,0.9474
random_lr,last,9,fg_pyrrole_ring,0.001,R2,1,0.9474
random_lr,last,9,fg_pyrrole_ring,0.001,R3,0,0.9474
random_lr,last,9,fg_pyrrole_ring,0.001,R3,1,0.9474
random_lr,last,9,fg_pyrrole_ring,0.001,R4,0,1.0
random_lr,last,9,fg_pyrrole_ring,0.001,R4,1,1.0
random_lr,last,9,fg_pyrrole_ring,0.001,R5,0,0.4211
random_lr,last,9,fg_pyrrole_ring,0.001,R5,1,0.4211
random_lr,last,9,fg_pyrrole_ring,0.001,R6,0,1.0
random_lr,last,9,fg_pyrrole_ring,0.001,R6,1,1.0
random_lr,last,9,fg_pyrrole_ring,0.001,R8,0,0.6842
random_lr,last,9,fg_pyrrole_ring,0.001,R8,1,0.6842
random_lr,last,9,fg_pyrrole_ring,0.001,R9,0,1.0
random_lr,last,9,fg_pyrrole_ring,0.001,R9,1,1.0
random_lr,last,9,fg_imidazole_ring,0.001,qm9s_val,0,0.8483
random_lr,last,9,fg_imidazole_ring,0.001,R0,0,0.8612
random_lr,last,9,fg_imidazole_ring,0.001,R2,0,0.4211
random_lr,last,9,fg_imidazole_ring,0.001,R2,1,0.4211
random_lr,last,9,fg_imidazole_ring,0.001,R3,0,1.0
random_lr,last,9,fg_imidazole_ring,0.001,R3,1,1.0
random_lr,last,9,fg_imidazole_ring,0.001,R4,0,0.9474
random_lr,last,9,fg_imidazole_ring,0.001,R4,1,0.9474
random_lr,last,9,fg_imidazole_ring,0.001,R5,0,0.5263
random_lr,last,9,fg_imidazole_ring,0.001,R5,1,0.5263
random_lr,last,9,fg_imidazole_ring,0.001,R6,0,0.3158
random_lr,last,9,fg_imidazole_ring,0.001,R6,1,0.3158
random_lr,last,9,fg_imidazole_ring,0.001,R8,0,0.9474
random_lr,last,9,fg_imidazole_ring,0.001,R8,1,0.9474
random_lr,last,9,fg_imidazole_ring,0.001,R9,0,0.4211
random_lr,last,9,fg_imidazole_ring,0.001,R9,1,0.4211
random_mm,last,9,fg_primary_amine,,qm9s_val,0,0.647
random_mm,last,9,fg_primary_amine,,R0,0,0.6167
random_mm,last,9,fg_primary_amine,,R2,0,0.5263
random_mm,last,9,fg_primary_amine,,R2,1,0.5263
random_mm,last,9,fg_primary_amine,,R3,0,0.0
random_mm,last,9,fg_primary_amine,,R3,1,0.0
random_mm,last,9,fg_primary_amine,,R4,0,0.4211
random_mm,last,9,fg_primary_amine,,R4,1,0.4211
random_mm,last,9,fg_primary_amine,,R5,0,0.2632
random_mm,last,9,fg_primary_amine,,R5,1,0.2632
random_mm,last,9,fg_primary_amine,,R6,0,0.2632
random_mm,last,9,fg_primary_amine,,R6,1,0.2632
random_mm,last,9,fg_primary_amine,,R8,0,0.3158
random_mm,last,9,fg_primary_amine,,R8,1,0.3158
random_mm,last,9,fg_primary_amine,,R9,0,0.8947
random_mm,last,9,fg_primary_amine,,R9,1,0.8947
random_mm,last,9,fg_secondary_amine,,qm9s_val,0,0.6447
random_mm,last,9,fg_secondary_amine,,R0,0,0.6414
random_mm,last,9,fg_secondary_amine,,R2,0,0.6842
random_mm,last,9,fg_secondary_amine,,R2,1,0.6842
random_mm,last,9,fg_secondary_amine,,R3,0,0.4211
random_mm,last,9,fg_secondary_amine,,R3,1,0.4211
random_mm,last,9,fg_secondary_amine,,R4,0,0.8947
random_mm,last,9,fg_secondary_amine,,R4,1,0.8947
random_mm,last,9,fg_secondary_amine,,R5,0,0.8947
random_mm,last,9,fg_secondary_amine,,R5,1,0.8947
random_mm,last,9,fg_secondary_amine,,R6,0,0.3158
random_mm,last,9,fg_secondary_amine,,R6,1,0.3158
random_mm,last,9,fg_secondary_amine,,R8,0,0.8421
random_mm,last,9,fg_secondary_amine,,R8,1,0.8421
random_mm,last,9,fg_secondary_amine,,R9,0,0.2105
random_mm,last,9,fg_secondary_amine,,R9,1,0.2105
random_mm,last,9,fg_amide,,qm9s_val,0,0.6971
random_mm,last,9,fg_amide,,R0,0,0.6825
random_mm,last,9,fg_amide,,R2,0,0.8333
random_mm,last,9,fg_amide,,R2,1,0.8333
random_mm,last,9,fg_amide,,R3,0,0.5833
random_mm,last,9,fg_amide,,R3,1,0.5833
random_mm,last,9,fg_amide,,R4,0,0.9167
random_mm,last,9,fg_amide,,R4,1,0.9167
random_mm,last,9,fg_amide,,R5,0,0.9444
random_mm,last,9,fg_amide,,R5,1,0.9444
random_mm,last,9,fg_amide,,R6,0,0.8333
random_mm,last,9,fg_amide,,R6,1,0.8333
random_mm,last,9,fg_amide,,R8,0,0.7222
random_mm,last,9,fg_amide,,R8,1,0.7222
random_mm,last,9,fg_amide,,R9,0,0.5556
random_mm,last,9,fg_amide,,R9,1,0.5556
random_mm,last,9,fg_guanidine,,qm9s_val,0,0.8365
random_mm,last,9,fg_guanidine,,R0,0,0.8389
random_mm,last,9,fg_guanidine,,R2,0,0.5263
random_mm,last,9,fg_guanidine,,R2,1,0.5263
random_mm,last,9,fg_guanidine,,R3,0,0.4737
random_mm,last,9,fg_guanidine,,R3,1,0.4737
random_mm,last,9,fg_guanidine,,R4,0,0.1579
random_mm,last,9,fg_guanidine,,R4,1,0.1579
random_mm,last,9,fg_guanidine,,R5,0,0.3684
random_mm,last,9,fg_guanidine,,R5,1,0.3684
random_mm,last,9,fg_guanidine,,R6,0,0.3684
random_mm,last,9,fg_guanidine,,R6,1,0.3684
random_mm,last,9,fg_guanidine,,R8,0,0.3684
random_mm,last,9,fg_guanidine,,R8,1,0.3684
random_mm,last,9,fg_guanidine,,R9,0,0.4211
random_mm,last,9,fg_guanidine,,R9,1,0.4211
random_mm,last,9,fg_hydroxyl_aliphatic,,qm9s_val,0,0.6217
random_mm,last,9,fg_hydroxyl_aliphatic,,R0,0,0.6412
random_mm,last,9,fg_hydroxyl_aliphatic,,R2,0,0.6944
random_mm,last,9,fg_hydroxyl_aliphatic,,R2,1,0.6944
random_mm,last,9,fg_hydroxyl_aliphatic,,R3,0,0.4444
random_mm,last,9,fg_hydroxyl_aliphatic,,R3,1,0.4444
random_mm,last,9,fg_hydroxyl_aliphatic,,R4,0,0.6944
random_mm,last,9,fg_hydroxyl_aliphatic,,R4,1,0.6944
random_mm,last,9,fg_hydroxyl_aliphatic,,R5,0,0.4167
random_mm,last,9,fg_hydroxyl_aliphatic,,R5,1,0.4167
random_mm,last,9,fg_hydroxyl_aliphatic,,R6,0,0.5833
random_mm,last,9,fg_hydroxyl_aliphatic,,R6,1,0.5833
random_mm,last,9,fg_hydroxyl_aliphatic,,R8,0,0.8056
random_mm,last,9,fg_hydroxyl_aliphatic,,R8,1,0.8056
random_mm,last,9,fg_hydroxyl_aliphatic,,R9,0,0.5833
random_mm,last,9,fg_hydroxyl_aliphatic,,R9,1,0.6111
random_mm,last,9,fg_phenol,,qm9s_val,0,0.8344
random_mm,last,9,fg_phenol,,R0,0,0.7942
random_mm,last,9,fg_phenol,,R2,0,0.9474
random_mm,last,9,fg_phenol,,R2,1,0.9474
random_mm,last,9,fg_phenol,,R3,0,0.6842
random_mm,last,9,fg_phenol,,R3,1,0.6842
random_mm,last,9,fg_phenol,,R4,0,0.7895
random_mm,last,9,fg_phenol,,R4,1,0.7895
random_mm,last,9,fg_phenol,,R5,0,0.3158
random_mm,last,9,fg_phenol,,R5,1,0.3158
random_mm,last,9,fg_phenol,,R6,0,0.4737
random_mm,last,9,fg_phenol,,R6,1,0.4737
random_mm,last,9,fg_phenol,,R8,0,0.2105
random_mm,last,9,fg_phenol,,R8,1,0.2105
random_mm,last,9,fg_phenol,,R9,0,0.2105
random_mm,last,9,fg_phenol,,R9,1,0.1579
random_mm,last,9,fg_aromatic_ring,,qm9s_val,0,0.8744
random_mm,last,9,fg_aromatic_ring,,R0,0,0.8659
random_mm,last,9,fg_aromatic_ring,,R2,0,0.6562
random_mm,last,9,fg_aromatic_ring,,R2,1,0.6562
random_mm,last,9,fg_aromatic_ring,,R3,0,0.7812
random_mm,last,9,fg_aromatic_ring,,R3,1,0.7812
random_mm,last,9,fg_aromatic_ring,,R4,0,0.75
random_mm,last,9,fg_aromatic_ring,,R4,1,0.75
random_mm,last,9,fg_aromatic_ring,,R5,0,0.4062
random_mm,last,9,fg_aromatic_ring,,R5,1,0.4062
random_mm,last,9,fg_aromatic_ring,,R6,0,0.5
random_mm,last,9,fg_aromatic_ring,,R6,1,0.5
random_mm,last,9,fg_aromatic_ring,,R8,0,0.5
random_mm,last,9,fg_aromatic_ring,,R8,1,0.5
random_mm,last,9,fg_aromatic_ring,,R9,0,0.6562
random_mm,last,9,fg_aromatic_ring,,R9,1,0.6562
random_mm,last,9,fg_benzene_ring,,qm9s_val,0,0.845
random_mm,last,9,fg_benzene_ring,,R0,0,0.8054
random_mm,last,9,fg_benzene_ring,,R2,0,0.8039
random_mm,last,9,fg_benzene_ring,,R2,1,0.8039
random_mm,last,9,fg_benzene_ring,,R3,0,0.6471
random_mm,last,9,fg_benzene_ring,,R3,1,0.6471
random_mm,last,9,fg_benzene_ring,,R4,0,0.8627
random_mm,last,9,fg_benzene_ring,,R4,1,0.8627
random_mm,last,9,fg_benzene_ring,,R5,0,0.3922
random_mm,last,9,fg_benzene_ring,,R5,1,0.3922
random_mm,last,9,fg_benzene_ring,,R6,0,0.6078
random_mm,last,9,fg_benzene_ring,,R6,1,0.6078
random_mm,last,9,fg_benzene_ring,,R8,0,0.3137
random_mm,last,9,fg_benzene_ring,,R8,1,0.3137
random_mm,last,9,fg_benzene_ring,,R9,0,0.549
random_mm,last,9,fg_benzene_ring,,R9,1,0.549
random_mm,last,9,fg_pyrrole_ring,,qm9s_val,0,0.7888
random_mm,last,9,fg_pyrrole_ring,,R0,0,0.7869
random_mm,last,9,fg_pyrrole_ring,,R2,0,0.7895
random_mm,last,9,fg_pyrrole_ring,,R2,1,0.7895
random_mm,last,9,fg_pyrrole_ring,,R3,0,0.9474
random_mm,last,9,fg_pyrrole_ring,,R3,1,0.9474
random_mm,last,9,fg_pyrrole_ring,,R4,0,0.9474
random_mm,last,9,fg_pyrrole_ring,,R4,1,0.9474
random_mm,last,9,fg_pyrrole_ring,,R5,0,0.1579
random_mm,last,9,fg_pyrrole_ring,,R5,1,0.1579
random_mm,last,9,fg_pyrrole_ring,,R6,0,0.5263
random_mm,last,9,fg_pyrrole_ring,,R6,1,0.5263
random_mm,last,9,fg_pyrrole_ring,,R8,0,0.4211
random_mm,last,9,fg_pyrrole_ring,,R8,1,0.4211
random_mm,last,9,fg_pyrrole_ring,,R9,0,0.7895
random_mm,last,9,fg_pyrrole_ring,,R9,1,0.7895
random_mm,last,9,fg_imidazole_ring,,qm9s_val,0,0.8357
random_mm,last,9,fg_imidazole_ring,,R0,0,0.8239
random_mm,last,9,fg_imidazole_ring,,R2,0,0.2632
random_mm,last,9,fg_imidazole_ring,,R2,1,0.2632
random_mm,last,9,fg_imidazole_ring,,R3,0,0.8947
random_mm,last,9,fg_imidazole_ring,,R3,1,0.8947
random_mm,last,9,fg_imidazole_ring,,R4,0,0.5789
random_mm,last,9,fg_imidazole_ring,,R4,1,0.5789
random_mm,last,9,fg_imidazole_ring,,R5,0,0.4737
random_mm,last,9,fg_imidazole_ring,,R5,1,0.4737
random_mm,last,9,fg_imidazole_ring,,R6,0,0.2105
random_mm,last,9,fg_imidazole_ring,,R6,1,0.2105
random_mm,last,9,fg_imidazole_ring,,R8,0,0.6842
random_mm,last,9,fg_imidazole_ring,,R8,1,0.6842
random_mm,last,9,fg_imidazole_ring,,R9,0,0.7895
random_mm,last,9,fg_imidazole_ring,,R9,1,0.7895
random_lr,last,12,fg_primary_amine,0.001,qm9s_val,0,0.6913
random_lr,last,12,fg_primary_amine,0.001,R0,0,0.6866
random_lr,last,12,fg_primary_amine,0.001,R2,0,0.0526
random_lr,last,12,fg_primary_amine,0.001,R2,1,0.0526
random_lr,last,12,fg_primary_amine,0.001,R3,0,0.3684
random_lr,last,12,fg_primary_amine,0.001,R3,1,0.3684
random_lr,last,12,fg_primary_amine,0.001,R4,0,0.7368
random_lr,last,12,fg_primary_amine,0.001,R4,1,0.7368
random_lr,last,12,fg_primary_amine,0.001,R5,0,0.8947
random_lr,last,12,fg_primary_amine,0.001,R5,1,0.8947
random_lr,last,12,fg_primary_amine,0.001,R6,0,0.5789
random_lr,last,12,fg_primary_amine,0.001,R6,1,0.5789
random_lr,last,12,fg_primary_amine,0.001,R8,0,0.2632
random_lr,last,12,fg_primary_amine,0.001,R8,1,0.2632
random_lr,last,12,fg_primary_amine,0.001,R9,0,0.5789
random_lr,last,12,fg_primary_amine,0.001,R9,1,0.5789
random_lr,last,12,fg_secondary_amine,0.001,qm9s_val,0,0.6033
random_lr,last,12,fg_secondary_amine,0.001,R0,0,0.6396
random_lr,last,12,fg_secondary_amine,0.001,R2,0,0.8947
random_lr,last,12,fg_secondary_amine,0.001,R2,1,0.8947
random_lr,last,12,fg_secondary_amine,0.001,R3,0,0.3684
random_lr,last,12,fg_secondary_amine,0.001,R3,1,0.3684
random_lr,last,12,fg_secondary_amine,0.001,R4,0,0.3684
random_lr,last,12,fg_secondary_amine,0.001,R4,1,0.3684
random_lr,last,12,fg_secondary_amine,0.001,R5,0,0.3158
random_lr,last,12,fg_secondary_amine,0.001,R5,1,0.3158
random_lr,last,12,fg_secondary_amine,0.001,R6,0,0.3684
random_lr,last,12,fg_secondary_amine,0.001,R6,1,0.3684
random_lr,last,12,fg_secondary_amine,0.001,R8,0,0.6842
random_lr,last,12,fg_secondary_amine,0.001,R8,1,0.6842
random_lr,last,12,fg_secondary_amine,0.001,R9,0,0.1579
random_lr,last,12,fg_secondary_amine,0.001,R9,1,0.1579
random_lr,last,12,fg_amide,0.001,qm9s_val,0,0.7131
random_lr,last,12,fg_amide,0.001,R0,0,0.7413
random_lr,last,12,fg_amide,0.001,R2,0,0.8056
random_lr,last,12,fg_amide,0.001,R2,1,0.8056
random_lr,last,12,fg_amide,0.001,R3,0,0.7778
random_lr,last,12,fg_amide,0.001,R3,1,0.7778
random_lr,last,12,fg_amide,0.001,R4,0,0.7222
random_lr,last,12,fg_amide,0.001,R4,1,0.7222
random_lr,last,12,fg_amide,0.001,R5,0,0.8889
random_lr,last,12,fg_amide,0.001,R5,1,0.8889
random_lr,last,12,fg_amide,0.001,R6,0,0.3333
random_lr,last,12,fg_amide,0.001,R6,1,0.3333
random_lr,last,12,fg_amide,0.001,R8,0,0.6667
random_lr,last,12,fg_amide,0.001,R8,1,0.6667
random_lr,last,12,fg_amide,0.001,R9,0,0.8056
random_lr,last,12,fg_amide,0.001,R9,1,0.8056
random_lr,last,12,fg_guanidine,0.001,qm9s_val,0,0.8755
random_lr,last,12,fg_guanidine,0.001,R0,0,0.886
random_lr,last,12,fg_guanidine,0.001,R2,0,0.9474
random_lr,last,12,fg_guanidine,0.001,R2,1,0.9474
random_lr,last,12,fg_guanidine,0.001,R3,0,0.8947
random_lr,last,12,fg_guanidine,0.001,R3,1,0.8947
random_lr,last,12,fg_guanidine,0.001,R4,0,0.4737
random_lr,last,12,fg_guanidine,0.001,R4,1,0.4737
random_lr,last,12,fg_guanidine,0.001,R5,0,0.3158
random_lr,last,12,fg_guanidine,0.001,R5,1,0.3158
random_lr,last,12,fg_guanidine,0.001,R6,0,0.7895
random_lr,last,12,fg_guanidine,0.001,R6,1,0.7895
random_lr,last,12,fg_guanidine,0.001,R8,0,0.6842
random_lr,last,12,fg_guanidine,0.001,R8,1,0.6842
random_lr,last,12,fg_guanidine,0.001,R9,0,0.7368
random_lr,last,12,fg_guanidine,0.001,R9,1,0.7368
random_lr,last,12,fg_hydroxyl_aliphatic,0.001,qm9s_val,0,0.6496
random_lr,last,12,fg_hydroxyl_aliphatic,0.001,R0,0,0.6611
random_lr,last,12,fg_hydroxyl_aliphatic,0.001,R2,0,0.7222
random_lr,last,12,fg_hydroxyl_aliphatic,0.001,R2,1,0.7222
random_lr,last,12,fg_hydroxyl_aliphatic,0.001,R3,0,0.4167
random_lr,last,12,fg_hydroxyl_aliphatic,0.001,R3,1,0.4167
random_lr,last,12,fg_hydroxyl_aliphatic,0.001,R4,0,0.7778
random_lr,last,12,fg_hydroxyl_aliphatic,0.001,R4,1,0.7778
random_lr,last,12,fg_hydroxyl_aliphatic,0.001,R5,0,0.4167
random_lr,last,12,fg_hydroxyl_aliphatic,0.001,R5,1,0.4167
random_lr,last,12,fg_hydroxyl_aliphatic,0.001,R6,0,0.5556
random_lr,last,12,fg_hydroxyl_aliphatic,0.001,R6,1,0.5556
random_lr,last,12,fg_hydroxyl_aliphatic,0.001,R8,0,0.75
random_lr,last,12,fg_hydroxyl_aliphatic,0.001,R8,1,0.75
random_lr,last,12,fg_hydroxyl_aliphatic,0.001,R9,0,0.4444
random_lr,last,12,fg_hydroxyl_aliphatic,0.001,R9,1,0.4444
random_lr,last,12,fg_phenol,0.001,qm9s_val,0,0.8522
random_lr,last,12,fg_phenol,0.001,R0,0,0.8316
random_lr,last,12,fg_phenol,0.001,R2,0,0.4211
random_lr,last,12,fg_phenol,0.001,R2,1,0.4211
random_lr,last,12,fg_phenol,0.001,R3,0,0.5789
random_lr,last,12,fg_phenol,0.001,R3,1,0.5789
random_lr,last,12,fg_phenol,0.001,R4,0,0.6842
random_lr,last,12,fg_phenol,0.001,R4,1,0.6842
random_lr,last,12,fg_phenol,0.001,R5,0,0.5263
random_lr,last,12,fg_phenol,0.001,R5,1,0.5263
random_lr,last,12,fg_phenol,0.001,R6,0,0.6842
random_lr,last,12,fg_phenol,0.001,R6,1,0.6842
random_lr,last,12,fg_phenol,0.001,R8,0,0.0526
random_lr,last,12,fg_phenol,0.001,R8,1,0.0526
random_lr,last,12,fg_phenol,0.001,R9,0,0.0
random_lr,last,12,fg_phenol,0.001,R9,1,0.0
random_lr,last,12,fg_aromatic_ring,0.001,qm9s_val,0,0.925
random_lr,last,12,fg_aromatic_ring,0.001,R0,0,0.9236
random_lr,last,12,fg_aromatic_ring,0.001,R2,0,0.7969
random_lr,last,12,fg_aromatic_ring,0.001,R2,1,0.7969
random_lr,last,12,fg_aromatic_ring,0.001,R3,0,0.8594
random_lr,last,12,fg_aromatic_ring,0.001,R3,1,0.8594
random_lr,last,12,fg_aromatic_ring,0.001,R4,0,0.7031
random_lr,last,12,fg_aromatic_ring,0.001,R4,1,0.7031
random_lr,last,12,fg_aromatic_ring,0.001,R5,0,0.5156
random_lr,last,12,fg_aromatic_ring,0.001,R5,1,0.5156
random_lr,last,12,fg_aromatic_ring,0.001,R6,0,0.5625
random_lr,last,12,fg_aromatic_ring,0.001,R6,1,0.5625
random_lr,last,12,fg_aromatic_ring,0.001,R8,0,0.6094
random_lr,last,12,fg_aromatic_ring,0.001,R8,1,0.6094
random_lr,last,12,fg_aromatic_ring,0.001,R9,0,0.5938
random_lr,last,12,fg_aromatic_ring,0.001,R9,1,0.5938
random_lr,last,12,fg_benzene_ring,0.001,qm9s_val,0,0.9124
random_lr,last,12,fg_benzene_ring,0.001,R0,0,0.8458
random_lr,last,12,fg_benzene_ring,0.001,R2,0,0.8235
random_lr,last,12,fg_benzene_ring,0.001,R2,1,0.8235
random_lr,last,12,fg_benzene_ring,0.001,R3,0,0.5882
random_lr,last,12,fg_benzene_ring,0.001,R3,1,0.5882
random_lr,last,12,fg_benzene_ring,0.001,R4,0,0.7059
random_lr,last,12,fg_benzene_ring,0.001,R4,1,0.7059
random_lr,last,12,fg_benzene_ring,0.001,R5,0,0.4118
random_lr,last,12,fg_benzene_ring,0.001,R5,1,0.4118
random_lr,last,12,fg_benzene_ring,0.001,R6,0,0.4314
random_lr,last,12,fg_benzene_ring,0.001,R6,1,0.4314
random_lr,last,12,fg_benzene_ring,0.001,R8,0,0.7059
random_lr,last,12,fg_benzene_ring,0.001,R8,1,0.7059
random_lr,last,12,fg_benzene_ring,0.001,R9,0,0.6078
random_lr,last,12,fg_benzene_ring,0.001,R9,1,0.6078
random_lr,last,12,fg_pyrrole_ring,0.001,qm9s_val,0,0.8228
random_lr,last,12,fg_pyrrole_ring,0.001,R0,0,0.8104
random_lr,last,12,fg_pyrrole_ring,0.001,R2,0,0.9474
random_lr,last,12,fg_pyrrole_ring,0.001,R2,1,0.9474
random_lr,last,12,fg_pyrrole_ring,0.001,R3,0,0.9474
random_lr,last,12,fg_pyrrole_ring,0.001,R3,1,0.9474
random_lr,last,12,fg_pyrrole_ring,0.001,R4,0,1.0
random_lr,last,12,fg_pyrrole_ring,0.001,R4,1,1.0
random_lr,last,12,fg_pyrrole_ring,0.001,R5,0,0.4211
random_lr,last,12,fg_pyrrole_ring,0.001,R5,1,0.4211
random_lr,last,12,fg_pyrrole_ring,0.001,R6,0,0.9474
random_lr,last,12,fg_pyrrole_ring,0.001,R6,1,0.9474
random_lr,last,12,fg_pyrrole_ring,0.001,R8,0,0.7895
random_lr,last,12,fg_pyrrole_ring,0.001,R8,1,0.7895
random_lr,last,12,fg_pyrrole_ring,0.001,R9,0,1.0
random_lr,last,12,fg_pyrrole_ring,0.001,R9,1,1.0
random_lr,last,12,fg_imidazole_ring,0.001,qm9s_val,0,0.8428
random_lr,last,12,fg_imidazole_ring,0.001,R0,0,0.8505
random_lr,last,12,fg_imidazole_ring,0.001,R2,0,0.4211
random_lr,last,12,fg_imidazole_ring,0.001,R2,1,0.4211
random_lr,last,12,fg_imidazole_ring,0.001,R3,0,1.0
random_lr,last,12,fg_imidazole_ring,0.001,R3,1,1.0
random_lr,last,12,fg_imidazole_ring,0.001,R4,0,0.9474
random_lr,last,12,fg_imidazole_ring,0.001,R4,1,0.9474
random_lr,last,12,fg_imidazole_ring,0.001,R5,0,0.4211
random_lr,last,12,fg_imidazole_ring,0.001,R5,1,0.4211
random_lr,last,12,fg_imidazole_ring,0.001,R6,0,0.3158
random_lr,last,12,fg_imidazole_ring,0.001,R6,1,0.3158
random_lr,last,12,fg_imidazole_ring,0.001,R8,0,0.9474
random_lr,last,12,fg_imidazole_ring,0.001,R8,1,0.9474
random_lr,last,12,fg_imidazole_ring,0.001,R9,0,0.3158
random_lr,last,12,fg_imidazole_ring,0.001,R9,1,0.3158
random_mm,last,12,fg_primary_amine,,qm9s_val,0,0.6437
random_mm,last,12,fg_primary_amine,,R0,0,0.6163
random_mm,last,12,fg_primary_amine,,R2,0,0.5263
random_mm,last,12,fg_primary_amine,,R2,1,0.5263
random_mm,last,12,fg_primary_amine,,R3,0,0.0
random_mm,last,12,fg_primary_amine,,R3,1,0.0
random_mm,last,12,fg_primary_amine,,R4,0,0.4737
random_mm,last,12,fg_primary_amine,,R4,1,0.4737
random_mm,last,12,fg_primary_amine,,R5,0,0.3158
random_mm,last,12,fg_primary_amine,,R5,1,0.3158
random_mm,last,12,fg_primary_amine,,R6,0,0.2632
random_mm,last,12,fg_primary_amine,,R6,1,0.2632
random_mm,last,12,fg_primary_amine,,R8,0,0.3158
random_mm,last,12,fg_primary_amine,,R8,1,0.3158
random_mm,last,12,fg_primary_amine,,R9,0,0.8947
random_mm,last,12,fg_primary_amine,,R9,1,0.8947
random_mm,last,12,fg_secondary_amine,,qm9s_val,0,0.6454
random_mm,last,12,fg_secondary_amine,,R0,0,0.6378
random_mm,last,12,fg_secondary_amine,,R2,0,0.7368
random_mm,last,12,fg_secondary_amine,,R2,1,0.7368
random_mm,last,12,fg_secondary_amine,,R3,0,0.3684
random_mm,last,12,fg_secondary_amine,,R3,1,0.3684
random_mm,last,12,fg_secondary_amine,,R4,0,0.8947
random_mm,last,12,fg_secondary_amine,,R4,1,0.8947
random_mm,last,12,fg_secondary_amine,,R5,0,0.8947
random_mm,last,12,fg_secondary_amine,,R5,1,0.8947
random_mm,last,12,fg_secondary_amine,,R6,0,0.4211
random_mm,last,12,fg_secondary_amine,,R6,1,0.4211
random_mm,last,12,fg_secondary_amine,,R8,0,0.8947
random_mm,last,12,fg_secondary_amine,,R8,1,0.8947
random_mm,last,12,fg_secondary_amine,,R9,0,0.2105
random_mm,last,12,fg_secondary_amine,,R9,1,0.2105
random_mm,last,12,fg_amide,,qm9s_val,0,0.6962
random_mm,last,12,fg_amide,,R0,0,0.682
random_mm,last,12,fg_amide,,R2,0,0.8333
random_mm,last,12,fg_amide,,R2,1,0.8333
random_mm,last,12,fg_amide,,R3,0,0.5556
random_mm,last,12,fg_amide,,R3,1,0.5556
random_mm,last,12,fg_amide,,R4,0,0.9167
random_mm,last,12,fg_amide,,R4,1,0.9167
random_mm,last,12,fg_amide,,R5,0,0.9722
random_mm,last,12,fg_amide,,R5,1,0.9722
random_mm,last,12,fg_amide,,R6,0,0.8333
random_mm,last,12,fg_amide,,R6,1,0.8333
random_mm,last,12,fg_amide,,R8,0,0.6944
random_mm,last,12,fg_amide,,R8,1,0.6944
random_mm,last,12,fg_amide,,R9,0,0.5833
random_mm,last,12,fg_amide,,R9,1,0.5833
random_mm,last,12,fg_guanidine,,qm9s_val,0,0.8371
random_mm,last,12,fg_guanidine,,R0,0,0.8407
random_mm,last,12,fg_guanidine,,R2,0,0.5263
random_mm,last,12,fg_guanidine,,R2,1,0.5263
random_mm,last,12,fg_guanidine,,R3,0,0.4737
random_mm,last,12,fg_guanidine,,R3,1,0.4737
random_mm,last,12,fg_guanidine,,R4,0,0.1579
random_mm,last,12,fg_guanidine,,R4,1,0.1579
random_mm,last,12,fg_guanidine,,R5,0,0.2632
random_mm,last,12,fg_guanidine,,R5,1,0.2632
random_mm,last,12,fg_guanidine,,R6,0,0.4211
random_mm,last,12,fg_guanidine,,R6,1,0.4211
random_mm,last,12,fg_guanidine,,R8,0,0.3158
random_mm,last,12,fg_guanidine,,R8,1,0.3158
random_mm,last,12,fg_guanidine,,R9,0,0.3684
random_mm,last,12,fg_guanidine,,R9,1,0.3684
random_mm,last,12,fg_hydroxyl_aliphatic,,qm9s_val,0,0.6229
random_mm,last,12,fg_hydroxyl_aliphatic,,R0,0,0.6406
random_mm,last,12,fg_hydroxyl_aliphatic,,R2,0,0.6667
random_mm,last,12,fg_hydroxyl_aliphatic,,R2,1,0.6667
random_mm,last,12,fg_hydroxyl_aliphatic,,R3,0,0.4722
random_mm,last,12,fg_hydroxyl_aliphatic,,R3,1,0.4722
random_mm,last,12,fg_hydroxyl_aliphatic,,R4,0,0.6389
random_mm,last,12,fg_hydroxyl_aliphatic,,R4,1,0.6389
random_mm,last,12,fg_hydroxyl_aliphatic,,R5,0,0.3889
random_mm,last,12,fg_hydroxyl_aliphatic,,R5,1,0.3889
random_mm,last,12,fg_hydroxyl_aliphatic,,R6,0,0.5833
random_mm,last,12,fg_hydroxyl_aliphatic,,R6,1,0.5833
random_mm,last,12,fg_hydroxyl_aliphatic,,R8,0,0.75
random_mm,last,12,fg_hydroxyl_aliphatic,,R8,1,0.75
random_mm,last,12,fg_hydroxyl_aliphatic,,R9,0,0.6111
random_mm,last,12,fg_hydroxyl_aliphatic,,R9,1,0.6111
random_mm,last,12,fg_phenol,,qm9s_val,0,0.8316
random_mm,last,12,fg_phenol,,R0,0,0.7938
random_mm,last,12,fg_phenol,,R2,0,0.9474
random_mm,last,12,fg_phenol,,R2,1,0.9474
random_mm,last,12,fg_phenol,,R3,0,0.7368
random_mm,last,12,fg_phenol,,R3,1,0.7368
random_mm,last,12,fg_phenol,,R4,0,0.7895
random_mm,last,12,fg_phenol,,R4,1,0.7895
random_mm,last,12,fg_phenol,,R5,0,0.3684
random_mm,last,12,fg_phenol,,R5,1,0.3684
random_mm,last,12,fg_phenol,,R6,0,0.4737
random_mm,last,12,fg_phenol,,R6,1,0.4737
random_mm,last,12,fg_phenol,,R8,0,0.1579
random_mm,last,12,fg_phenol,,R8,1,0.1579
random_mm,last,12,fg_phenol,,R9,0,0.2105
random_mm,last,12,fg_phenol,,R9,1,0.2105
random_mm,last,12,fg_aromatic_ring,,qm9s_val,0,0.8733
random_mm,last,12,fg_aromatic_ring,,R0,0,0.8664
random_mm,last,12,fg_aromatic_ring,,R2,0,0.6719
random_mm,last,12,fg_aromatic_ring,,R2,1,0.6719
random_mm,last,12,fg_aromatic_ring,,R3,0,0.7812
random_mm,last,12,fg_aromatic_ring,,R3,1,0.7812
random_mm,last,12,fg_aromatic_ring,,R4,0,0.7344
random_mm,last,12,fg_aromatic_ring,,R4,1,0.7344
random_mm,last,12,fg_aromatic_ring,,R5,0,0.4219
random_mm,last,12,fg_aromatic_ring,,R5,1,0.4219
random_mm,last,12,fg_aromatic_ring,,R6,0,0.5
random_mm,last,12,fg_aromatic_ring,,R6,1,0.5
random_mm,last,12,fg_aromatic_ring,,R8,0,0.5156
random_mm,last,12,fg_aromatic_ring,,R8,1,0.5156
random_mm,last,12,fg_aromatic_ring,,R9,0,0.6562
random_mm,last,12,fg_aromatic_ring,,R9,1,0.6562
random_mm,last,12,fg_benzene_ring,,qm9s_val,0,0.8427
random_mm,last,12,fg_benzene_ring,,R0,0,0.8049
random_mm,last,12,fg_benzene_ring,,R2,0,0.7843
random_mm,last,12,fg_benzene_ring,,R2,1,0.7843
random_mm,last,12,fg_benzene_ring,,R3,0,0.6667
random_mm,last,12,fg_benzene_ring,,R3,1,0.6667
random_mm,last,12,fg_benzene_ring,,R4,0,0.8627
random_mm,last,12,fg_benzene_ring,,R4,1,0.8627
random_mm,last,12,fg_benzene_ring,,R5,0,0.4314
random_mm,last,12,fg_benzene_ring,,R5,1,0.4314
random_mm,last,12,fg_benzene_ring,,R6,0,0.6667
random_mm,last,12,fg_benzene_ring,,R6,1,0.6667
random_mm,last,12,fg_benzene_ring,,R8,0,0.2941
random_mm,last,12,fg_benzene_ring,,R8,1,0.2941
random_mm,last,12,fg_benzene_ring,,R9,0,0.549
random_mm,last,12,fg_benzene_ring,,R9,1,0.549
random_mm,last,12,fg_pyrrole_ring,,qm9s_val,0,0.7881
random_mm,last,12,fg_pyrrole_ring,,R0,0,0.7854
random_mm,last,12,fg_pyrrole_ring,,R2,0,0.7895
random_mm,last,12,fg_pyrrole_ring,,R2,1,0.7895
random_mm,last,12,fg_pyrrole_ring,,R3,0,0.9474
random_mm,last,12,fg_pyrrole_ring,,R3,1,0.9474
random_mm,last,12,fg_pyrrole_ring,,R4,0,0.9474
random_mm,last,12,fg_pyrrole_ring,,R4,1,0.9474
random_mm,last,12,fg_pyrrole_ring,,R5,0,0.2105
random_mm,last,12,fg_pyrrole_ring,,R5,1,0.2105
random_mm,last,12,fg_pyrrole_ring,,R6,0,0.5789
random_mm,last,12,fg_pyrrole_ring,,R6,1,0.5789
random_mm,last,12,fg_pyrrole_ring,,R8,0,0.4211
random_mm,last,12,fg_pyrrole_ring,,R8,1,0.4211
random_mm,last,12,fg_pyrrole_ring,,R9,0,0.7895
random_mm,last,12,fg_pyrrole_ring,,R9,1,0.7895
random_mm,last,12,fg_imidazole_ring,,qm9s_val,0,0.8334
random_mm,last,12,fg_imidazole_ring,,R0,0,0.8253
random_mm,last,12,fg_imidazole_ring,,R2,0,0.2632
random_mm,last,12,fg_imidazole_ring,,R2,1,0.2632
random_mm,last,12,fg_imidazole_ring,,R3,0,0.8947
random_mm,last,12,fg_imidazole_ring,,R3,1,0.8947
random_mm,last,12,fg_imidazole_ring,,R4,0,0.5263
random_mm,last,12,fg_imidazole_ring,,R4,1,0.5263
random_mm,last,12,fg_imidazole_ring,,R5,0,0.3684
random_mm,last,12,fg_imidazole_ring,,R5,1,0.3684
random_mm,last,12,fg_imidazole_ring,,R6,0,0.2105
random_mm,last,12,fg_imidazole_ring,,R6,1,0.2105
random_mm,last,12,fg_imidazole_ring,,R8,0,0.7895
random_mm,last,12,fg_imidazole_ring,,R8,1,0.7895
random_mm,last,12,fg_imidazole_ring,,R9,0,0.7895
random_mm,last,12,fg_imidazole_ring,,R9,1,0.7895
random_lr,last,15,fg_primary_amine,0.001,qm9s_val,0,0.6752
random_lr,last,15,fg_primary_amine,0.001,R0,0,0.6729
random_lr,last,15,fg_primary_amine,0.001,R2,0,0.0526
random_lr,last,15,fg_primary_amine,0.001,R2,1,0.0526
random_lr,last,15,fg_primary_amine,0.001,R3,0,0.3158
random_lr,last,15,fg_primary_amine,0.001,R3,1,0.3158
random_lr,last,15,fg_primary_amine,0.001,R4,0,0.6316
random_lr,last,15,fg_primary_amine,0.001,R4,1,0.6316
random_lr,last,15,fg_primary_amine,0.001,R5,0,0.8421
random_lr,last,15,fg_primary_amine,0.001,R5,1,0.8421
random_lr,last,15,fg_primary_amine,0.001,R6,0,0.3684
random_lr,last,15,fg_primary_amine,0.001,R6,1,0.3684
random_lr,last,15,fg_primary_amine,0.001,R8,0,0.3684
random_lr,last,15,fg_primary_amine,0.001,R8,1,0.3684
random_lr,last,15,fg_primary_amine,0.001,R9,0,0.6842
random_lr,last,15,fg_primary_amine,0.001,R9,1,0.6842
random_lr,last,15,fg_secondary_amine,0.001,qm9s_val,0,0.5953
random_lr,last,15,fg_secondary_amine,0.001,R0,0,0.6469
random_lr,last,15,fg_secondary_amine,0.001,R2,0,0.8947
random_lr,last,15,fg_secondary_amine,0.001,R2,1,0.8947
random_lr,last,15,fg_secondary_amine,0.001,R3,0,0.2105
random_lr,last,15,fg_secondary_amine,0.001,R3,1,0.2105
random_lr,last,15,fg_secondary_amine,0.001,R4,0,0.4737
random_lr,last,15,fg_secondary_amine,0.001,R4,1,0.4737
random_lr,last,15,fg_secondary_amine,0.001,R5,0,0.5789
random_lr,last,15,fg_secondary_amine,0.001,R5,1,0.5789
random_lr,last,15,fg_secondary_amine,0.001,R6,0,0.3158
random_lr,last,15,fg_secondary_amine,0.001,R6,1,0.3158
random_lr,last,15,fg_secondary_amine,0.001,R8,0,1.0
random_lr,last,15,fg_secondary_amine,0.001,R8,1,1.0
random_lr,last,15,fg_secondary_amine,0.001,R9,0,0.3158
random_lr,last,15,fg_secondary_amine,0.001,R9,1,0.3158
random_lr,last,15,fg_amide,0.001,qm9s_val,0,0.7093
random_lr,last,15,fg_amide,0.001,R0,0,0.7296
random_lr,last,15,fg_amide,0.001,R2,0,0.8889
random_lr,last,15,fg_amide,0.001,R2,1,0.8889
random_lr,last,15,fg_amide,0.001,R3,0,0.6944
random_lr,last,15,fg_amide,0.001,R3,1,0.6944
random_lr,last,15,fg_amide,0.001,R4,0,0.7222
random_lr,last,15,fg_amide,0.001,R4,1,0.7222
random_lr,last,15,fg_amide,0.001,R5,0,0.8333
random_lr,last,15,fg_amide,0.001,R5,1,0.8333
random_lr,last,15,fg_amide,0.001,R6,0,0.4444
random_lr,last,15,fg_amide,0.001,R6,1,0.4444
random_lr,last,15,fg_amide,0.001,R8,0,0.5833
random_lr,last,15,fg_amide,0.001,R8,1,0.5833
random_lr,last,15,fg_amide,0.001,R9,0,0.8333
random_lr,last,15,fg_amide,0.001,R9,1,0.8333
random_lr,last,15,fg_guanidine,0.001,qm9s_val,0,0.8629
random_lr,last,15,fg_guanidine,0.001,R0,0,0.8853
random_lr,last,15,fg_guanidine,0.001,R2,0,0.8947
random_lr,last,15,fg_guanidine,0.001,R2,1,0.8947
random_lr,last,15,fg_guanidine,0.001,R3,0,0.7368
random_lr,last,15,fg_guanidine,0.001,R3,1,0.7368
random_lr,last,15,fg_guanidine,0.001,R4,0,0.4737
random_lr,last,15,fg_guanidine,0.001,R4,1,0.4737
random_lr,last,15,fg_guanidine,0.001,R5,0,0.4211
random_lr,last,15,fg_guanidine,0.001,R5,1,0.4211
random_lr,last,15,fg_guanidine,0.001,R6,0,0.9474
random_lr,last,15,fg_guanidine,0.001,R6,1,0.9474
random_lr,last,15,fg_guanidine,0.001,R8,0,0.7368
random_lr,last,15,fg_guanidine,0.001,R8,1,0.7368
random_lr,last,15,fg_guanidine,0.001,R9,0,0.6316
random_lr,last,15,fg_guanidine,0.001,R9,1,0.6316
random_lr,last,15,fg_hydroxyl_aliphatic,0.001,qm9s_val,0,0.646
random_lr,last,15,fg_hydroxyl_aliphatic,0.001,R0,0,0.6587
random_lr,last,15,fg_hydroxyl_aliphatic,0.001,R2,0,0.5278
random_lr,last,15,fg_hydroxyl_aliphatic,0.001,R2,1,0.5278
random_lr,last,15,fg_hydroxyl_aliphatic,0.001,R3,0,0.5278
random_lr,last,15,fg_hydroxyl_aliphatic,0.001,R3,1,0.5278
random_lr,last,15,fg_hydroxyl_aliphatic,0.001,R4,0,0.8333
random_lr,last,15,fg_hydroxyl_aliphatic,0.001,R4,1,0.8333
random_lr,last,15,fg_hydroxyl_aliphatic,0.001,R5,0,0.4722
random_lr,last,15,fg_hydroxyl_aliphatic,0.001,R5,1,0.4722
random_lr,last,15,fg_hydroxyl_aliphatic,0.001,R6,0,0.5
random_lr,last,15,fg_hydroxyl_aliphatic,0.001,R6,1,0.5
random_lr,last,15,fg_hydroxyl_aliphatic,0.001,R8,0,0.8056
random_lr,last,15,fg_hydroxyl_aliphatic,0.001,R8,1,0.8056
random_lr,last,15,fg_hydroxyl_aliphatic,0.001,R9,0,0.5278
random_lr,last,15,fg_hydroxyl_aliphatic,0.001,R9,1,0.5278
random_lr,last,15,fg_phenol,0.001,qm9s_val,0,0.8481
random_lr,last,15,fg_phenol,0.001,R0,0,0.8293
random_lr,last,15,fg_phenol,0.001,R2,0,0.4211
random_lr,last,15,fg_phenol,0.001,R2,1,0.4211
random_lr,last,15,fg_phenol,0.001,R3,0,0.6316
random_lr,last,15,fg_phenol,0.001,R3,1,0.6316
random_lr,last,15,fg_phenol,0.001,R4,0,0.2105
random_lr,last,15,fg_phenol,0.001,R4,1,0.2105
random_lr,last,15,fg_phenol,0.001,R5,0,0.5263
random_lr,last,15,fg_phenol,0.001,R5,1,0.5263
random_lr,last,15,fg_phenol,0.001,R6,0,0.6842
random_lr,last,15,fg_phenol,0.001,R6,1,0.6842
random_lr,last,15,fg_phenol,0.001,R8,0,0.1053
random_lr,last,15,fg_phenol,0.001,R8,1,0.1053
random_lr,last,15,fg_phenol,0.001,R9,0,0.0
random_lr,last,15,fg_phenol,0.001,R9,1,0.0
random_lr,last,15,fg_aromatic_ring,0.001,qm9s_val,0,0.9228
random_lr,last,15,fg_aromatic_ring,0.001,R0,0,0.9211
random_lr,last,15,fg_aromatic_ring,0.001,R2,0,0.7188
random_lr,last,15,fg_aromatic_ring,0.001,R2,1,0.7188
random_lr,last,15,fg_aromatic_ring,0.001,R3,0,0.8594
random_lr,last,15,fg_aromatic_ring,0.001,R3,1,0.8594
random_lr,last,15,fg_aromatic_ring,0.001,R4,0,0.75
random_lr,last,15,fg_aromatic_ring,0.001,R4,1,0.75
random_lr,last,15,fg_aromatic_ring,0.001,R5,0,0.5469
random_lr,last,15,fg_aromatic_ring,0.001,R5,1,0.5469
random_lr,last,15,fg_aromatic_ring,0.001,R6,0,0.5156
random_lr,last,15,fg_aromatic_ring,0.001,R6,1,0.5156
random_lr,last,15,fg_aromatic_ring,0.001,R8,0,0.6406
random_lr,last,15,fg_aromatic_ring,0.001,R8,1,0.6406
random_lr,last,15,fg_aromatic_ring,0.001,R9,0,0.5625
random_lr,last,15,fg_aromatic_ring,0.001,R9,1,0.5625
random_lr,last,15,fg_benzene_ring,0.001,qm9s_val,0,0.9016
random_lr,last,15,fg_benzene_ring,0.001,R0,0,0.8492
random_lr,last,15,fg_benzene_ring,0.001,R2,0,0.8039
random_lr,last,15,fg_benzene_ring,0.001,R2,1,0.8039
random_lr,last,15,fg_benzene_ring,0.001,R3,0,0.6667
random_lr,last,15,fg_benzene_ring,0.001,R3,1,0.6667
random_lr,last,15,fg_benzene_ring,0.001,R4,0,0.7843
random_lr,last,15,fg_benzene_ring,0.001,R4,1,0.7843
random_lr,last,15,fg_benzene_ring,0.001,R5,0,0.4118
random_lr,last,15,fg_benzene_ring,0.001,R5,1,0.4118
random_lr,last,15,fg_benzene_ring,0.001,R6,0,0.5098
random_lr,last,15,fg_benzene_ring,0.001,R6,1,0.5098
random_lr,last,15,fg_benzene_ring,0.001,R8,0,0.6078
random_lr,last,15,fg_benzene_ring,0.001,R8,1,0.6078
random_lr,last,15,fg_benzene_ring,0.001,R9,0,0.6078
random_lr,last,15,fg_benzene_ring,0.001,R9,1,0.6078
random_lr,last,15,fg_pyrrole_ring,0.001,qm9s_val,0,0.8243
random_lr,last,15,fg_pyrrole_ring,0.001,R0,0,0.7893
random_lr,last,15,fg_pyrrole_ring,0.001,R2,0,0.9474
random_lr,last,15,fg_pyrrole_ring,0.001,R2,1,0.9474
random_lr,last,15,fg_pyrrole_ring,0.001,R3,0,1.0
random_lr,last,15,fg_pyrrole_ring,0.001,R3,1,1.0
random_lr,last,15,fg_pyrrole_ring,0.001,R4,0,0.8947
random_lr,last,15,fg_pyrrole_ring,0.001,R4,1,0.8947
random_lr,last,15,fg_pyrrole_ring,0.001,R5,0,0.3684
random_lr,last,15,fg_pyrrole_ring,0.001,R5,1,0.3684
random_lr,last,15,fg_pyrrole_ring,0.001,R6,0,0.7895
random_lr,last,15,fg_pyrrole_ring,0.001,R6,1,0.7895
random_lr,last,15,fg_pyrrole_ring,0.001,R8,0,0.8421
random_lr,last,15,fg_pyrrole_ring,0.001,R8,1,0.8421
random_lr,last,15,fg_pyrrole_ring,0.001,R9,0,1.0
random_lr,last,15,fg_pyrrole_ring,0.001,R9,1,1.0
random_lr,last,15,fg_imidazole_ring,0.001,qm9s_val,0,0.8422
random_lr,last,15,fg_imidazole_ring,0.001,R0,0,0.8542
random_lr,last,15,fg_imidazole_ring,0.001,R2,0,0.4737
random_lr,last,15,fg_imidazole_ring,0.001,R2,1,0.4737
random_lr,last,15,fg_imidazole_ring,0.001,R3,0,1.0
random_lr,last,15,fg_imidazole_ring,0.001,R3,1,1.0
random_lr,last,15,fg_imidazole_ring,0.001,R4,0,1.0
random_lr,last,15,fg_imidazole_ring,0.001,R4,1,1.0
random_lr,last,15,fg_imidazole_ring,0.001,R5,0,0.6316
random_lr,last,15,fg_imidazole_ring,0.001,R5,1,0.6316
random_lr,last,15,fg_imidazole_ring,0.001,R6,0,0.2632
random_lr,last,15,fg_imidazole_ring,0.001,R6,1,0.2632
random_lr,last,15,fg_imidazole_ring,0.001,R8,0,1.0
random_lr,last,15,fg_imidazole_ring,0.001,R8,1,1.0
random_lr,last,15,fg_imidazole_ring,0.001,R9,0,0.3158
random_lr,last,15,fg_imidazole_ring,0.001,R9,1,0.3158
random_mm,last,15,fg_primary_amine,,qm9s_val,0,0.6416
random_mm,last,15,fg_primary_amine,,R0,0,0.6124
random_mm,last,15,fg_primary_amine,,R2,0,0.4737
random_mm,last,15,fg_primary_amine,,R2,1,0.4737
random_mm,last,15,fg_primary_amine,,R3,0,0.0
random_mm,last,15,fg_primary_amine,,R3,1,0.0
random_mm,last,15,fg_primary_amine,,R4,0,0.4737
random_mm,last,15,fg_primary_amine,,R4,1,0.4737
random_mm,last,15,fg_primary_amine,,R5,0,0.2632
random_mm,last,15,fg_primary_amine,,R5,1,0.2632
random_mm,last,15,fg_primary_amine,,R6,0,0.2632
random_mm,last,15,fg_primary_amine,,R6,1,0.2632
random_mm,last,15,fg_primary_amine,,R8,0,0.3158
random_mm,last,15,fg_primary_amine,,R8,1,0.3158
random_mm,last,15,fg_primary_amine,,R9,0,0.8947
random_mm,last,15,fg_primary_amine,,R9,1,0.8947
random_mm,last,15,fg_secondary_amine,,qm9s_val,0,0.6446
random_mm,last,15,fg_secondary_amine,,R0,0,0.6379
random_mm,last,15,fg_secondary_amine,,R2,0,0.7368
random_mm,last,15,fg_secondary_amine,,R2,1,0.7368
random_mm,last,15,fg_secondary_amine,,R3,0,0.3684
random_mm,last,15,fg_secondary_amine,,R3,1,0.3684
random_mm,last,15,fg_secondary_amine,,R4,0,0.8947
random_mm,last,15,fg_secondary_amine,,R4,1,0.8947
random_mm,last,15,fg_secondary_amine,,R5,0,0.8947
random_mm,last,15,fg_secondary_amine,,R5,1,0.8947
random_mm,last,15,fg_secondary_amine,,R6,0,0.3158
random_mm,last,15,fg_secondary_amine,,R6,1,0.3158
random_mm,last,15,fg_secondary_amine,,R8,0,0.9474
random_mm,last,15,fg_secondary_amine,,R8,1,0.9474
random_mm,last,15,fg_secondary_amine,,R9,0,0.2105
random_mm,last,15,fg_secondary_amine,,R9,1,0.2105
random_mm,last,15,fg_amide,,qm9s_val,0,0.6961
random_mm,last,15,fg_amide,,R0,0,0.6788
random_mm,last,15,fg_amide,,R2,0,0.8333
random_mm,last,15,fg_amide,,R2,1,0.8333
random_mm,last,15,fg_amide,,R3,0,0.5833
random_mm,last,15,fg_amide,,R3,1,0.5833
random_mm,last,15,fg_amide,,R4,0,0.9444
random_mm,last,15,fg_amide,,R4,1,0.9444
random_mm,last,15,fg_amide,,R5,0,0.9722
random_mm,last,15,fg_amide,,R5,1,0.9722
random_mm,last,15,fg_amide,,R6,0,0.8333
random_mm,last,15,fg_amide,,R6,1,0.8333
random_mm,last,15,fg_amide,,R8,0,0.6944
random_mm,last,15,fg_amide,,R8,1,0.6944
random_mm,last,15,fg_amide,,R9,0,0.5556
random_mm,last,15,fg_amide,,R9,1,0.5278
random_mm,last,15,fg_guanidine,,qm9s_val,0,0.8377
random_mm,last,15,fg_guanidine,,R0,0,0.8417
random_mm,last,15,fg_guanidine,,R2,0,0.5263
random_mm,last,15,fg_guanidine,,R2,1,0.5263
random_mm,last,15,fg_guanidine,,R3,0,0.4737
random_mm,last,15,fg_guanidine,,R3,1,0.4737
random_mm,last,15,fg_guanidine,,R4,0,0.1579
random_mm,last,15,fg_guanidine,,R4,1,0.1579
random_mm,last,15,fg_guanidine,,R5,0,0.2632
random_mm,last,15,fg_guanidine,,R5,1,0.2632
random_mm,last,15,fg_guanidine,,R6,0,0.4211
random_mm,last,15,fg_guanidine,,R6,1,0.4211
random_mm,last,15,fg_guanidine,,R8,0,0.2632
random_mm,last,15,fg_guanidine,,R8,1,0.2632
random_mm,last,15,fg_guanidine,,R9,0,0.3684
random_mm,last,15,fg_guanidine,,R9,1,0.3684
random_mm,last,15,fg_hydroxyl_aliphatic,,qm9s_val,0,0.6234
random_mm,last,15,fg_hydroxyl_aliphatic,,R0,0,0.6406
random_mm,last,15,fg_hydroxyl_aliphatic,,R2,0,0.6111
random_mm,last,15,fg_hydroxyl_aliphatic,,R2,1,0.6111
random_mm,last,15,fg_hydroxyl_aliphatic,,R3,0,0.4722
random_mm,last,15,fg_hydroxyl_aliphatic,,R3,1,0.4722
random_mm,last,15,fg_hydroxyl_aliphatic,,R4,0,0.6667
random_mm,last,15,fg_hydroxyl_aliphatic,,R4,1,0.6667
random_mm,last,15,fg_hydroxyl_aliphatic,,R5,0,0.4167
random_mm,last,15,fg_hydroxyl_aliphatic,,R5,1,0.4167
random_mm,last,15,fg_hydroxyl_aliphatic,,R6,0,0.5833
random_mm,last,15,fg_hydroxyl_aliphatic,,R6,1,0.5833
random_mm,last,15,fg_hydroxyl_aliphatic,,R8,0,0.8333
random_mm,last,15,fg_hydroxyl_aliphatic,,R8,1,0.8333
random_mm,last,15,fg_hydroxyl_aliphatic,,R9,0,0.6389
random_mm,last,15,fg_hydroxyl_aliphatic,,R9,1,0.6111
random_mm,last,15,fg_phenol,,qm9s_val,0,0.831
random_mm,last,15,fg_phenol,,R0,0,0.7943
random_mm,last,15,fg_phenol,,R2,0,0.9474
random_mm,last,15,fg_phenol,,R2,1,0.9474
random_mm,last,15,fg_phenol,,R3,0,0.7368
random_mm,last,15,fg_phenol,,R3,1,0.7368
random_mm,last,15,fg_phenol,,R4,0,0.7895
random_mm,last,15,fg_phenol,,R4,1,0.7895
random_mm,last,15,fg_phenol,,R5,0,0.3684
random_mm,last,15,fg_phenol,,R5,1,0.3684
random_mm,last,15,fg_phenol,,R6,0,0.4737
random_mm,last,15,fg_phenol,,R6,1,0.4737
random_mm,last,15,fg_phenol,,R8,0,0.2105
random_mm,last,15,fg_phenol,,R8,1,0.2105
random_mm,last,15,fg_phenol,,R9,0,0.2105
random_mm,last,15,fg_phenol,,R9,1,0.2105
random_mm,last,15,fg_aromatic_ring,,qm9s_val,0,0.873
random_mm,last,15,fg_aromatic_ring,,R0,0,0.8663
random_mm,last,15,fg_aromatic_ring,,R2,0,0.6719
random_mm,last,15,fg_aromatic_ring,,R2,1,0.6719
random_mm,last,15,fg_aromatic_ring,,R3,0,0.7969
random_mm,last,15,fg_aromatic_ring,,R3,1,0.7969
random_mm,last,15,fg_aromatic_ring,,R4,0,0.7031
random_mm,last,15,fg_aromatic_ring,,R4,1,0.7031
random_mm,last,15,fg_aromatic_ring,,R5,0,0.3906
random_mm,last,15,fg_aromatic_ring,,R5,1,0.3906
random_mm,last,15,fg_aromatic_ring,,R6,0,0.4844
random_mm,last,15,fg_aromatic_ring,,R6,1,0.4844
random_mm,last,15,fg_aromatic_ring,,R8,0,0.5312
random_mm,last,15,fg_aromatic_ring,,R8,1,0.5312
random_mm,last,15,fg_aromatic_ring,,R9,0,0.6562
random_mm,last,15,fg_aromatic_ring,,R9,1,0.6562
random_mm,last,15,fg_benzene_ring,,qm9s_val,0,0.8407
random_mm,last,15,fg_benzene_ring,,R0,0,0.8057
random_mm,last,15,fg_benzene_ring,,R2,0,0.7647
random_mm,last,15,fg_benzene_ring,,R2,1,0.7647
random_mm,last,15,fg_benzene_ring,,R3,0,0.6667
random_mm,last,15,fg_benzene_ring,,R3,1,0.6667
random_mm,last,15,fg_benzene_ring,,R4,0,0.8431
random_mm,last,15,fg_benzene_ring,,R4,1,0.8431
random_mm,last,15,fg_benzene_ring,,R5,0,0.3725
random_mm,last,15,fg_benzene_ring,,R5,1,0.3725
random_mm,last,15,fg_benzene_ring,,R6,0,0.6275
random_mm,last,15,fg_benzene_ring,,R6,1,0.6275
random_mm,last,15,fg_benzene_ring,,R8,0,0.3333
random_mm,last,15,fg_benzene_ring,,R8,1,0.3333
random_mm,last,15,fg_benzene_ring,,R9,0,0.5294
random_mm,last,15,fg_benzene_ring,,R9,1,0.549
random_mm,last,15,fg_pyrrole_ring,,qm9s_val,0,0.7896
random_mm,last,15,fg_pyrrole_ring,,R0,0,0.7852
random_mm,last,15,fg_pyrrole_ring,,R2,0,0.7368
random_mm,last,15,fg_pyrrole_ring,,R2,1,0.7368
random_mm,last,15,fg_pyrrole_ring,,R3,0,0.9474
random_mm,last,15,fg_pyrrole_ring,,R3,1,0.9474
random_mm,last,15,fg_pyrrole_ring,,R4,0,0.9474
random_mm,last,15,fg_pyrrole_ring,,R4,1,0.9474
random_mm,last,15,fg_pyrrole_ring,,R5,0,0.2105
random_mm,last,15,fg_pyrrole_ring,,R5,1,0.2105
random_mm,last,15,fg_pyrrole_ring,,R6,0,0.5789
random_mm,last,15,fg_pyrrole_ring,,R6,1,0.5789
random_mm,last,15,fg_pyrrole_ring,,R8,0,0.4211
random_mm,last,15,fg_pyrrole_ring,,R8,1,0.4211
random_mm,last,15,fg_pyrrole_ring,,R9,0,0.7895
random_mm,last,15,fg_pyrrole_ring,,R9,1,0.7895
random_mm,last,15,fg_imidazole_ring,,qm9s_val,0,0.8346
random_mm,last,15,fg_imidazole_ring,,R0,0,0.8247
random_mm,last,15,fg_imidazole_ring,,R2,0,0.3158
random_mm,last,15,fg_imidazole_ring,,R2,1,0.3158
random_mm,last,15,fg_imidazole_ring,,R3,0,0.8947
random_mm,last,15,fg_imidazole_ring,,R3,1,0.8947
random_mm,last,15,fg_imidazole_ring,,R4,0,0.4737
random_mm,last,15,fg_imidazole_ring,,R4,1,0.4737
random_mm,last,15,fg_imidazole_ring,,R5,0,0.3684
random_mm,last,15,fg_imidazole_ring,,R5,1,0.3684
random_mm,last,15,fg_imidazole_ring,,R6,0,0.1579
random_mm,last,15,fg_imidazole_ring,,R6,1,0.1579
random_mm,last,15,fg_imidazole_ring,,R8,0,0.7895
random_mm,last,15,fg_imidazole_ring,,R8,1,0.7895
random_mm,last,15,fg_imidazole_ring,,R9,0,0.7895
random_mm,last,15,fg_imidazole_ring,,R9,1,0.7895
random_lr,last,18,fg_primary_amine,0.001,qm9s_val,0,0.6761
random_lr,last,18,fg_primary_amine,0.001,R0,0,0.6656
random_lr,last,18,fg_primary_amine,0.001,R2,0,0.0526
random_lr,last,18,fg_primary_amine,0.001,R2,1,0.0526
random_lr,last,18,fg_primary_amine,0.001,R3,0,0.4211
random_lr,last,18,fg_primary_amine,0.001,R3,1,0.4211
random_lr,last,18,fg_primary_amine,0.001,R4,0,0.5789
random_lr,last,18,fg_primary_amine,0.001,R4,1,0.5789
random_lr,last,18,fg_primary_amine,0.001,R5,0,0.7368
random_lr,last,18,fg_primary_amine,0.001,R5,1,0.7368
random_lr,last,18,fg_primary_amine,0.001,R6,0,0.3158
random_lr,last,18,fg_primary_amine,0.001,R6,1,0.3158
random_lr,last,18,fg_primary_amine,0.001,R8,0,0.1579
random_lr,last,18,fg_primary_amine,0.001,R8,1,0.1579
random_lr,last,18,fg_primary_amine,0.001,R9,0,0.6316
random_lr,last,18,fg_primary_amine,0.001,R9,1,0.6842
random_lr,last,18,fg_secondary_amine,0.001,qm9s_val,0,0.6028
random_lr,last,18,fg_secondary_amine,0.001,R0,0,0.6392
random_lr,last,18,fg_secondary_amine,0.001,R2,0,0.8421
random_lr,last,18,fg_secondary_amine,0.001,R2,1,0.8421
random_lr,last,18,fg_secondary_amine,0.001,R3,0,0.2632
random_lr,last,18,fg_secondary_amine,0.001,R3,1,0.2632
random_lr,last,18,fg_secondary_amine,0.001,R4,0,0.3684
random_lr,last,18,fg_secondary_amine,0.001,R4,1,0.3684
random_lr,last,18,fg_secondary_amine,0.001,R5,0,0.4211
random_lr,last,18,fg_secondary_amine,0.001,R5,1,0.4211
random_lr,last,18,fg_secondary_amine,0.001,R6,0,0.1579
random_lr,last,18,fg_secondary_amine,0.001,R6,1,0.1579
random_lr,last,18,fg_secondary_amine,0.001,R8,0,0.8421
random_lr,last,18,fg_secondary_amine,0.001,R8,1,0.8421
random_lr,last,18,fg_secondary_amine,0.001,R9,0,0.3684
random_lr,last,18,fg_secondary_amine,0.001,R9,1,0.3684
random_lr,last,18,fg_amide,0.001,qm9s_val,0,0.7163
random_lr,last,18,fg_amide,0.001,R0,0,0.7214
random_lr,last,18,fg_amide,0.001,R2,0,0.9167
random_lr,last,18,fg_amide,0.001,R2,1,0.9167
random_lr,last,18,fg_amide,0.001,R3,0,0.5278
random_lr,last,18,fg_amide,0.001,R3,1,0.5278
random_lr,last,18,fg_amide,0.001,R4,0,0.6944
random_lr,last,18,fg_amide,0.001,R4,1,0.6944
random_lr,last,18,fg_amide,0.001,R5,0,0.7778
random_lr,last,18,fg_amide,0.001,R5,1,0.7778
random_lr,last,18,fg_amide,0.001,R6,0,0.3611
random_lr,last,18,fg_amide,0.001,R6,1,0.3611
random_lr,last,18,fg_amide,0.001,R8,0,0.6111
random_lr,last,18,fg_amide,0.001,R8,1,0.6111
random_lr,last,18,fg_amide,0.001,R9,0,0.75
random_lr,last,18,fg_amide,0.001,R9,1,0.7778
random_lr,last,18,fg_guanidine,0.001,qm9s_val,0,0.8621
random_lr,last,18,fg_guanidine,0.001,R0,0,0.8767
random_lr,last,18,fg_guanidine,0.001,R2,0,0.8421
random_lr,last,18,fg_guanidine,0.001,R2,1,0.8421
random_lr,last,18,fg_guanidine,0.001,R3,0,0.6842
random_lr,last,18,fg_guanidine,0.001,R3,1,0.6842
random_lr,last,18,fg_guanidine,0.001,R4,0,0.4737
random_lr,last,18,fg_guanidine,0.001,R4,1,0.4737
random_lr,last,18,fg_guanidine,0.001,R5,0,0.4211
random_lr,last,18,fg_guanidine,0.001,R5,1,0.4211
random_lr,last,18,fg_guanidine,0.001,R6,0,0.9474
random_lr,last,18,fg_guanidine,0.001,R6,1,0.9474
random_lr,last,18,fg_guanidine,0.001,R8,0,0.6842
random_lr,last,18,fg_guanidine,0.001,R8,1,0.6842
random_lr,last,18,fg_guanidine,0.001,R9,0,0.7368
random_lr,last,18,fg_guanidine,0.001,R9,1,0.6842
random_lr,last,18,fg_hydroxyl_aliphatic,0.001,qm9s_val,0,0.6523
random_lr,last,18,fg_hydroxyl_aliphatic,0.001,R0,0,0.6561
random_lr,last,18,fg_hydroxyl_aliphatic,0.001,R2,0,0.5
random_lr,last,18,fg_hydroxyl_aliphatic,0.001,R2,1,0.5
random_lr,last,18,fg_hydroxyl_aliphatic,0.001,R3,0,0.5833
random_lr,last,18,fg_hydroxyl_aliphatic,0.001,R3,1,0.5833
random_lr,last,18,fg_hydroxyl_aliphatic,0.001,R4,0,0.7778
random_lr,last,18,fg_hydroxyl_aliphatic,0.001,R4,1,0.7778
random_lr,last,18,fg_hydroxyl_aliphatic,0.001,R5,0,0.4167
random_lr,last,18,fg_hydroxyl_aliphatic,0.001,R5,1,0.4167
random_lr,last,18,fg_hydroxyl_aliphatic,0.001,R6,0,0.4722
random_lr,last,18,fg_hydroxyl_aliphatic,0.001,R6,1,0.4722
random_lr,last,18,fg_hydroxyl_aliphatic,0.001,R8,0,0.75
random_lr,last,18,fg_hydroxyl_aliphatic,0.001,R8,1,0.75
random_lr,last,18,fg_hydroxyl_aliphatic,0.001,R9,0,0.4722
random_lr,last,18,fg_hydroxyl_aliphatic,0.001,R9,1,0.4722
random_lr,last,18,fg_phenol,0.001,qm9s_val,0,0.849
random_lr,last,18,fg_phenol,0.001,R0,0,0.8197
random_lr,last,18,fg_phenol,0.001,R2,0,0.3158
random_lr,last,18,fg_phenol,0.001,R2,1,0.3158
random_lr,last,18,fg_phenol,0.001,R3,0,0.6316
random_lr,last,18,fg_phenol,0.001,R3,1,0.6316
random_lr,last,18,fg_phenol,0.001,R4,0,0.2105
random_lr,last,18,fg_phenol,0.001,R4,1,0.2105
random_lr,last,18,fg_phenol,0.001,R5,0,0.5263
random_lr,last,18,fg_phenol,0.001,R5,1,0.5263
random_lr,last,18,fg_phenol,0.001,R6,0,0.7368
random_lr,last,18,fg_phenol,0.001,R6,1,0.7368
random_lr,last,18,fg_phenol,0.001,R8,0,0.1053
random_lr,last,18,fg_phenol,0.001,R8,1,0.1053
random_lr,last,18,fg_phenol,0.001,R9,0,0.0
random_lr,last,18,fg_phenol,0.001,R9,1,0.0
random_lr,last,18,fg_aromatic_ring,0.001,qm9s_val,0,0.9226
random_lr,last,18,fg_aromatic_ring,0.001,R0,0,0.9192
random_lr,last,18,fg_aromatic_ring,0.001,R2,0,0.7344
random_lr,last,18,fg_aromatic_ring,0.001,R2,1,0.7344
random_lr,last,18,fg_aromatic_ring,0.001,R3,0,0.8125
random_lr,last,18,fg_aromatic_ring,0.001,R3,1,0.8125
random_lr,last,18,fg_aromatic_ring,0.001,R4,0,0.75
random_lr,last,18,fg_aromatic_ring,0.001,R4,1,0.75
random_lr,last,18,fg_aromatic_ring,0.001,R5,0,0.5156
random_lr,last,18,fg_aromatic_ring,0.001,R5,1,0.5156
random_lr,last,18,fg_aromatic_ring,0.001,R6,0,0.4375
random_lr,last,18,fg_aromatic_ring,0.001,R6,1,0.4375
random_lr,last,18,fg_aromatic_ring,0.001,R8,0,0.6406
random_lr,last,18,fg_aromatic_ring,0.001,R8,1,0.6406
random_lr,last,18,fg_aromatic_ring,0.001,R9,0,0.5312
random_lr,last,18,fg_aromatic_ring,0.001,R9,1,0.5312
random_lr,last,18,fg_benzene_ring,0.001,qm9s_val,0,0.8872
random_lr,last,18,fg_benzene_ring,0.001,R0,0,0.8489
random_lr,last,18,fg_benzene_ring,0.001,R2,0,0.8039
random_lr,last,18,fg_benzene_ring,0.001,R2,1,0.8039
random_lr,last,18,fg_benzene_ring,0.001,R3,0,0.6275
random_lr,last,18,fg_benzene_ring,0.001,R3,1,0.6275
random_lr,last,18,fg_benzene_ring,0.001,R4,0,0.7647
random_lr,last,18,fg_benzene_ring,0.001,R4,1,0.7647
random_lr,last,18,fg_benzene_ring,0.001,R5,0,0.3529
random_lr,last,18,fg_benzene_ring,0.001,R5,1,0.3529
random_lr,last,18,fg_benzene_ring,0.001,R6,0,0.4902
random_lr,last,18,fg_benzene_ring,0.001,R6,1,0.4902
random_lr,last,18,fg_benzene_ring,0.001,R8,0,0.6078
random_lr,last,18,fg_benzene_ring,0.001,R8,1,0.6078
random_lr,last,18,fg_benzene_ring,0.001,R9,0,0.6078
random_lr,last,18,fg_benzene_ring,0.001,R9,1,0.6078
random_lr,last,18,fg_pyrrole_ring,0.001,qm9s_val,0,0.8074
random_lr,last,18,fg_pyrrole_ring,0.001,R0,0,0.7893
random_lr,last,18,fg_pyrrole_ring,0.001,R2,0,0.9474
random_lr,last,18,fg_pyrrole_ring,0.001,R2,1,0.9474
random_lr,last,18,fg_pyrrole_ring,0.001,R3,0,1.0
random_lr,last,18,fg_pyrrole_ring,0.001,R3,1,1.0
random_lr,last,18,fg_pyrrole_ring,0.001,R4,0,0.9474
random_lr,last,18,fg_pyrrole_ring,0.001,R4,1,0.9474
random_lr,last,18,fg_pyrrole_ring,0.001,R5,0,0.4211
random_lr,last,18,fg_pyrrole_ring,0.001,R5,1,0.4211
random_lr,last,18,fg_pyrrole_ring,0.001,R6,0,0.7895
random_lr,last,18,fg_pyrrole_ring,0.001,R6,1,0.7895
random_lr,last,18,fg_pyrrole_ring,0.001,R8,0,0.8947
random_lr,last,18,fg_pyrrole_ring,0.001,R8,1,0.8947
random_lr,last,18,fg_pyrrole_ring,0.001,R9,0,1.0
random_lr,last,18,fg_pyrrole_ring,0.001,R9,1,1.0
random_lr,last,18,fg_imidazole_ring,0.001,qm9s_val,0,0.8304
random_lr,last,18,fg_imidazole_ring,0.001,R0,0,0.8545
random_lr,last,18,fg_imidazole_ring,0.001,R2,0,0.4737
random_lr,last,18,fg_imidazole_ring,0.001,R2,1,0.4737
random_lr,last,18,fg_imidazole_ring,0.001,R3,0,1.0
random_lr,last,18,fg_imidazole_ring,0.001,R3,1,1.0
random_lr,last,18,fg_imidazole_ring,0.001,R4,0,0.9474
random_lr,last,18,fg_imidazole_ring,0.001,R4,1,0.9474
random_lr,last,18,fg_imidazole_ring,0.001,R5,0,0.6842
random_lr,last,18,fg_imidazole_ring,0.001,R5,1,0.6842
random_lr,last,18,fg_imidazole_ring,0.001,R6,0,0.2105
random_lr,last,18,fg_imidazole_ring,0.001,R6,1,0.2105
random_lr,last,18,fg_imidazole_ring,0.001,R8,0,0.9474
random_lr,last,18,fg_imidazole_ring,0.001,R8,1,0.9474
random_lr,last,18,fg_imidazole_ring,0.001,R9,0,0.2105
random_lr,last,18,fg_imidazole_ring,0.001,R9,1,0.1579
random_mm,last,18,fg_primary_amine,,qm9s_val,0,0.6452
random_mm,last,18,fg_primary_amine,,R0,0,0.6122
random_mm,last,18,fg_primary_amine,,R2,0,0.4211
random_mm,last,18,fg_primary_amine,,R2,1,0.4211
random_mm,last,18,fg_primary_amine,,R3,0,0.0
random_mm,last,18,fg_primary_amine,,R3,1,0.0
random_mm,last,18,fg_primary_amine,,R4,0,0.4737
random_mm,last,18,fg_primary_amine,,R4,1,0.4737
random_mm,last,18,fg_primary_amine,,R5,0,0.3684
random_mm,last,18,fg_primary_amine,,R5,1,0.3684
random_mm,last,18,fg_primary_amine,,R6,0,0.2632
random_mm,last,18,fg_primary_amine,,R6,1,0.2632
random_mm,last,18,fg_primary_amine,,R8,0,0.3158
random_mm,last,18,fg_primary_amine,,R8,1,0.3158
random_mm,last,18,fg_primary_amine,,R9,0,0.8947
random_mm,last,18,fg_primary_amine,,R9,1,0.8947
random_mm,last,18,fg_secondary_amine,,qm9s_val,0,0.6445
random_mm,last,18,fg_secondary_amine,,R0,0,0.6364
random_mm,last,18,fg_secondary_amine,,R2,0,0.7368
random_mm,last,18,fg_secondary_amine,,R2,1,0.7368
random_mm,last,18,fg_secondary_amine,,R3,0,0.3684
random_mm,last,18,fg_secondary_amine,,R3,1,0.3684
random_mm,last,18,fg_secondary_amine,,R4,0,0.8947
random_mm,last,18,fg_secondary_amine,,R4,1,0.8947
random_mm,last,18,fg_secondary_amine,,R5,0,0.8947
random_mm,last,18,fg_secondary_amine,,R5,1,0.8947
random_mm,last,18,fg_secondary_amine,,R6,0,0.3158
random_mm,last,18,fg_secondary_amine,,R6,1,0.3158
random_mm,last,18,fg_secondary_amine,,R8,0,0.8947
random_mm,last,18,fg_secondary_amine,,R8,1,0.8947
random_mm,last,18,fg_secondary_amine,,R9,0,0.2105
random_mm,last,18,fg_secondary_amine,,R9,1,0.2105
random_mm,last,18,fg_amide,,qm9s_val,0,0.6977
random_mm,last,18,fg_amide,,R0,0,0.6779
random_mm,last,18,fg_amide,,R2,0,0.8611
random_mm,last,18,fg_amide,,R2,1,0.8611
random_mm,last,18,fg_amide,,R3,0,0.5833
random_mm,last,18,fg_amide,,R3,1,0.5833
random_mm,last,18,fg_amide,,R4,0,0.9444
random_mm,last,18,fg_amide,,R4,1,0.9444
random_mm,last,18,fg_amide,,R5,0,0.9722
random_mm,last,18,fg_amide,,R5,1,0.9722
random_mm,last,18,fg_amide,,R6,0,0.8333
random_mm,last,18,fg_amide,,R6,1,0.8333
random_mm,last,18,fg_amide,,R8,0,0.6667
random_mm,last,18,fg_amide,,R8,1,0.6667
random_mm,last,18,fg_amide,,R9,0,0.5
random_mm,last,18,fg_amide,,R9,1,0.5
random_mm,last,18,fg_guanidine,,qm9s_val,0,0.8406
random_mm,last,18,fg_guanidine,,R0,0,0.8429
random_mm,last,18,fg_guanidine,,R2,0,0.5263
random_mm,last,18,fg_guanidine,,R2,1,0.5263
random_mm,last,18,fg_guanidine,,R3,0,0.4737
random_mm,last,18,fg_guanidine,,R3,1,0.4737
random_mm,last,18,fg_guanidine,,R4,0,0.1579
random_mm,last,18,fg_guanidine,,R4,1,0.1579
random_mm,last,18,fg_guanidine,,R5,0,0.3158
random_mm,last,18,fg_guanidine,,R5,1,0.3158
random_mm,last,18,fg_guanidine,,R6,0,0.4211
random_mm,last,18,fg_guanidine,,R6,1,0.4211
random_mm,last,18,fg_guanidine,,R8,0,0.3158
random_mm,last,18,fg_guanidine,,R8,1,0.3158
random_mm,last,18,fg_guanidine,,R9,0,0.3684
random_mm,last,18,fg_guanidine,,R9,1,0.3684
random_mm,last,18,fg_hydroxyl_aliphatic,,qm9s_val,0,0.6243
random_mm,last,18,fg_hydroxyl_aliphatic,,R0,0,0.6404
random_mm,last,18,fg_hydroxyl_aliphatic,,R2,0,0.6111
random_mm,last,18,fg_hydroxyl_aliphatic,,R2,1,0.6111
random_mm,last,18,fg_hydroxyl_aliphatic,,R3,0,0.4444
random_mm,last,18,fg_hydroxyl_aliphatic,,R3,1,0.4444
random_mm,last,18,fg_hydroxyl_aliphatic,,R4,0,0.6667
random_mm,last,18,fg_hydroxyl_aliphatic,,R4,1,0.6667
random_mm,last,18,fg_hydroxyl_aliphatic,,R5,0,0.4167
random_mm,last,18,fg_hydroxyl_aliphatic,,R5,1,0.4167
random_mm,last,18,fg_hydroxyl_aliphatic,,R6,0,0.5556
random_mm,last,18,fg_hydroxyl_aliphatic,,R6,1,0.5556
random_mm,last,18,fg_hydroxyl_aliphatic,,R8,0,0.8333
random_mm,last,18,fg_hydroxyl_aliphatic,,R8,1,0.8333
random_mm,last,18,fg_hydroxyl_aliphatic,,R9,0,0.6111
random_mm,last,18,fg_hydroxyl_aliphatic,,R9,1,0.6111
random_mm,last,18,fg_phenol,,qm9s_val,0,0.8307
random_mm,last,18,fg_phenol,,R0,0,0.7952
random_mm,last,18,fg_phenol,,R2,0,0.9474
random_mm,last,18,fg_phenol,,R2,1,0.9474
random_mm,last,18,fg_phenol,,R3,0,0.7368
random_mm,last,18,fg_phenol,,R3,1,0.7368
random_mm,last,18,fg_phenol,,R4,0,0.7895
random_mm,last,18,fg_phenol,,R4,1,0.7895
random_mm,last,18,fg_phenol,,R5,0,0.3158
random_mm,last,18,fg_phenol,,R5,1,0.3158
random_mm,last,18,fg_phenol,,R6,0,0.4737
random_mm,last,18,fg_phenol,,R6,1,0.4737
random_mm,last,18,fg_phenol,,R8,0,0.2632
random_mm,last,18,fg_phenol,,R8,1,0.2632
random_mm,last,18,fg_phenol,,R9,0,0.2105
random_mm,last,18,fg_phenol,,R9,1,0.2105
random_mm,last,18,fg_aromatic_ring,,qm9s_val,0,0.8737
random_mm,last,18,fg_aromatic_ring,,R0,0,0.8663
random_mm,last,18,fg_aromatic_ring,,R2,0,0.6719
random_mm,last,18,fg_aromatic_ring,,R2,1,0.6719
random_mm,last,18,fg_aromatic_ring,,R3,0,0.7969
random_mm,last,18,fg_aromatic_ring,,R3,1,0.7969
random_mm,last,18,fg_aromatic_ring,,R4,0,0.7031
random_mm,last,18,fg_aromatic_ring,,R4,1,0.7031
random_mm,last,18,fg_aromatic_ring,,R5,0,0.4062
random_mm,last,18,fg_aromatic_ring,,R5,1,0.4062
random_mm,last,18,fg_aromatic_ring,,R6,0,0.4688
random_mm,last,18,fg_aromatic_ring,,R6,1,0.4688
random_mm,last,18,fg_aromatic_ring,,R8,0,0.5
random_mm,last,18,fg_aromatic_ring,,R8,1,0.5
random_mm,last,18,fg_aromatic_ring,,R9,0,0.6406
random_mm,last,18,fg_aromatic_ring,,R9,1,0.6406
random_mm,last,18,fg_benzene_ring,,qm9s_val,0,0.8437
random_mm,last,18,fg_benzene_ring,,R0,0,0.8058
random_mm,last,18,fg_benzene_ring,,R2,0,0.7843
random_mm,last,18,fg_benzene_ring,,R2,1,0.7843
random_mm,last,18,fg_benzene_ring,,R3,0,0.6667
random_mm,last,18,fg_benzene_ring,,R3,1,0.6667
random_mm,last,18,fg_benzene_ring,,R4,0,0.8431
random_mm,last,18,fg_benzene_ring,,R4,1,0.8431
random_mm,last,18,fg_benzene_ring,,R5,0,0.3922
random_mm,last,18,fg_benzene_ring,,R5,1,0.3922
random_mm,last,18,fg_benzene_ring,,R6,0,0.5686
random_mm,last,18,fg_benzene_ring,,R6,1,0.5686
random_mm,last,18,fg_benzene_ring,,R8,0,0.3333
random_mm,last,18,fg_benzene_ring,,R8,1,0.3333
random_mm,last,18,fg_benzene_ring,,R9,0,0.4902
random_mm,last,18,fg_benzene_ring,,R9,1,0.5098
random_mm,last,18,fg_pyrrole_ring,,qm9s_val,0,0.7919
random_mm,last,18,fg_pyrrole_ring,,R0,0,0.7864
random_mm,last,18,fg_pyrrole_ring,,R2,0,0.7895
random_mm,last,18,fg_pyrrole_ring,,R2,1,0.7895
random_mm,last,18,fg_pyrrole_ring,,R3,0,0.9474
random_mm,last,18,fg_pyrrole_ring,,R3,1,0.9474
random_mm,last,18,fg_pyrrole_ring,,R4,0,0.9474
random_mm,last,18,fg_pyrrole_ring,,R4,1,0.9474
random_mm,last,18,fg_pyrrole_ring,,R5,0,0.1579
random_mm,last,18,fg_pyrrole_ring,,R5,1,0.1579
random_mm,last,18,fg_pyrrole_ring,,R6,0,0.4737
random_mm,last,18,fg_pyrrole_ring,,R6,1,0.4737
random_mm,last,18,fg_pyrrole_ring,,R8,0,0.4211
random_mm,last,18,fg_pyrrole_ring,,R8,1,0.4211
random_mm,last,18,fg_pyrrole_ring,,R9,0,0.7895
random_mm,last,18,fg_pyrrole_ring,,R9,1,0.7895
random_mm,last,18,fg_imidazole_ring,,qm9s_val,0,0.8335
random_mm,last,18,fg_imidazole_ring,,R0,0,0.8246
random_mm,last,18,fg_imidazole_ring,,R2,0,0.2632
random_mm,last,18,fg_imidazole_ring,,R2,1,0.2632
random_mm,last,18,fg_imidazole_ring,,R3,0,0.8947
random_mm,last,18,fg_imidazole_ring,,R3,1,0.8947
random_mm,last,18,fg_imidazole_ring,,R4,0,0.4737
random_mm,last,18,fg_imidazole_ring,,R4,1,0.4737
random_mm,last,18,fg_imidazole_ring,,R5,0,0.4211
random_mm,last,18,fg_imidazole_ring,,R5,1,0.4211
random_mm,last,18,fg_imidazole_ring,,R6,0,0.1579
random_mm,last,18,fg_imidazole_ring,,R6,1,0.1579
random_mm,last,18,fg_imidazole_ring,,R8,0,0.7368
random_mm,last,18,fg_imidazole_ring,,R8,1,0.7368
random_mm,last,18,fg_imidazole_ring,,R9,0,0.7895
random_mm,last,18,fg_imidazole_ring,,R9,1,0.7895
random_lr,last,21,fg_primary_amine,0.001,qm9s_val,0,0.6929
random_lr,last,21,fg_primary_amine,0.001,R0,0,0.6702
random_lr,last,21,fg_primary_amine,0.001,R2,0,0.1579
random_lr,last,21,fg_primary_amine,0.001,R2,1,0.1579
random_lr,last,21,fg_primary_amine,0.001,R3,0,0.6316
random_lr,last,21,fg_primary_amine,0.001,R3,1,0.6316
random_lr,last,21,fg_primary_amine,0.001,R4,0,0.5789
random_lr,last,21,fg_primary_amine,0.001,R4,1,0.5789
random_lr,last,21,fg_primary_amine,0.001,R5,0,0.5789
random_lr,last,21,fg_primary_amine,0.001,R5,1,0.5789
random_lr,last,21,fg_primary_amine,0.001,R6,0,0.3684
random_lr,last,21,fg_primary_amine,0.001,R6,1,0.3684
random_lr,last,21,fg_primary_amine,0.001,R8,0,0.3158
random_lr,last,21,fg_primary_amine,0.001,R8,1,0.3158
random_lr,last,21,fg_primary_amine,0.001,R9,0,0.5789
random_lr,last,21,fg_primary_amine,0.001,R9,1,0.5789
random_lr,last,21,fg_secondary_amine,0.001,qm9s_val,0,0.603
random_lr,last,21,fg_secondary_amine,0.001,R0,0,0.6397
random_lr,last,21,fg_secondary_amine,0.001,R2,0,0.7895
random_lr,last,21,fg_secondary_amine,0.001,R2,1,0.7895
random_lr,last,21,fg_secondary_amine,0.001,R3,0,0.1579
random_lr,last,21,fg_secondary_amine,0.001,R3,1,0.1579
random_lr,last,21,fg_secondary_amine,0.001,R4,0,0.1579
random_lr,last,21,fg_secondary_amine,0.001,R4,1,0.1579
random_lr,last,21,fg_secondary_amine,0.001,R5,0,0.4737
random_lr,last,21,fg_secondary_amine,0.001,R5,1,0.4737
random_lr,last,21,fg_secondary_amine,0.001,R6,0,0.1579
random_lr,last,21,fg_secondary_amine,0.001,R6,1,0.1579
random_lr,last,21,fg_secondary_amine,0.001,R8,0,0.8947
random_lr,last,21,fg_secondary_amine,0.001,R8,1,0.8947
random_lr,last,21,fg_secondary_amine,0.001,R9,0,0.4211
random_lr,last,21,fg_secondary_amine,0.001,R9,1,0.4211
random_lr,last,21,fg_amide,0.001,qm9s_val,0,0.7072
random_lr,last,21,fg_amide,0.001,R0,0,0.7151
random_lr,last,21,fg_amide,0.001,R2,0,0.8333
random_lr,last,21,fg_amide,0.001,R2,1,0.8333
random_lr,last,21,fg_amide,0.001,R3,0,0.5278
random_lr,last,21,fg_amide,0.001,R3,1,0.5278
random_lr,last,21,fg_amide,0.001,R4,0,0.6944
random_lr,last,21,fg_amide,0.001,R4,1,0.6944
random_lr,last,21,fg_amide,0.001,R5,0,0.7222
random_lr,last,21,fg_amide,0.001,R5,1,0.7222
random_lr,last,21,fg_amide,0.001,R6,0,0.2778
random_lr,last,21,fg_amide,0.001,R6,1,0.2778
random_lr,last,21,fg_amide,0.001,R8,0,0.4722
random_lr,last,21,fg_amide,0.001,R8,1,0.4722
random_lr,last,21,fg_amide,0.001,R9,0,0.7778
random_lr,last,21,fg_amide,0.001,R9,1,0.7778
random_lr,last,21,fg_guanidine,0.001,qm9s_val,0,0.8378
random_lr,last,21,fg_guanidine,0.001,R0,0,0.8815
random_lr,last,21,fg_guanidine,0.001,R2,0,0.9474
random_lr,last,21,fg_guanidine,0.001,R2,1,0.9474
random_lr,last,21,fg_guanidine,0.001,R3,0,0.7368
random_lr,last,21,fg_guanidine,0.001,R3,1,0.7368
random_lr,last,21,fg_guanidine,0.001,R4,0,0.4737
random_lr,last,21,fg_guanidine,0.001,R4,1,0.4737
random_lr,last,21,fg_guanidine,0.001,R5,0,0.4211
random_lr,last,21,fg_guanidine,0.001,R5,1,0.4211
random_lr,last,21,fg_guanidine,0.001,R6,0,0.9474
random_lr,last,21,fg_guanidine,0.001,R6,1,0.9474
random_lr,last,21,fg_guanidine,0.001,R8,0,0.7895
random_lr,last,21,fg_guanidine,0.001,R8,1,0.7895
random_lr,last,21,fg_guanidine,0.001,R9,0,0.7368
random_lr,last,21,fg_guanidine,0.001,R9,1,0.7368
random_lr,last,21,fg_hydroxyl_aliphatic,0.001,qm9s_val,0,0.6404
random_lr,last,21,fg_hydroxyl_aliphatic,0.001,R0,0,0.6477
random_lr,last,21,fg_hydroxyl_aliphatic,0.001,R2,0,0.5
random_lr,last,21,fg_hydroxyl_aliphatic,0.001,R2,1,0.5
random_lr,last,21,fg_hydroxyl_aliphatic,0.001,R3,0,0.5278
random_lr,last,21,fg_hydroxyl_aliphatic,0.001,R3,1,0.5278
random_lr,last,21,fg_hydroxyl_aliphatic,0.001,R4,0,0.7778
random_lr,last,21,fg_hydroxyl_aliphatic,0.001,R4,1,0.7778
random_lr,last,21,fg_hydroxyl_aliphatic,0.001,R5,0,0.4444
random_lr,last,21,fg_hydroxyl_aliphatic,0.001,R5,1,0.4444
random_lr,last,21,fg_hydroxyl_aliphatic,0.001,R6,0,0.5
random_lr,last,21,fg_hydroxyl_aliphatic,0.001,R6,1,0.5
random_lr,last,21,fg_hydroxyl_aliphatic,0.001,R8,0,0.6389
random_lr,last,21,fg_hydroxyl_aliphatic,0.001,R8,1,0.6389
random_lr,last,21,fg_hydroxyl_aliphatic,0.001,R9,0,0.5278
random_lr,last,21,fg_hydroxyl_aliphatic,0.001,R9,1,0.5278
random_lr,last,21,fg_phenol,0.001,qm9s_val,0,0.8467
random_lr,last,21,fg_phenol,0.001,R0,0,0.8196
random_lr,last,21,fg_phenol,0.001,R2,0,0.1579
random_lr,last,21,fg_phenol,0.001,R2,1,0.1579
random_lr,last,21,fg_phenol,0.001,R3,0,0.5263
random_lr,last,21,fg_phenol,0.001,R3,1,0.5263
random_lr,last,21,fg_phenol,0.001,R4,0,0.4737
random_lr,last,21,fg_phenol,0.001,R4,1,0.4737
random_lr,last,21,fg_phenol,0.001,R5,0,0.3684
random_lr,last,21,fg_phenol,0.001,R5,1,0.3684
random_lr,last,21,fg_phenol,0.001,R6,0,0.7368
random_lr,last,21,fg_phenol,0.001,R6,1,0.7368
random_lr,last,21,fg_phenol,0.001,R8,0,0.0526
random_lr,last,21,fg_phenol,0.001,R8,1,0.0526
random_lr,last,21,fg_phenol,0.001,R9,0,0.0
random_lr,last,21,fg_phenol,0.001,R9,1,0.0
random_lr,last,21,fg_aromatic_ring,0.001,qm9s_val,0,0.9211
random_lr,last,21,fg_aromatic_ring,0.001,R0,0,0.918
random_lr,last,21,fg_aromatic_ring,0.001,R2,0,0.6875
random_lr,last,21,fg_aromatic_ring,0.001,R2,1,0.6875
random_lr,last,21,fg_aromatic_ring,0.001,R3,0,0.8125
random_lr,last,21,fg_aromatic_ring,0.001,R3,1,0.8125
random_lr,last,21,fg_aromatic_ring,0.001,R4,0,0.7031
random_lr,last,21,fg_aromatic_ring,0.001,R4,1,0.7031
random_lr,last,21,fg_aromatic_ring,0.001,R5,0,0.5
random_lr,last,21,fg_aromatic_ring,0.001,R5,1,0.5
random_lr,last,21,fg_aromatic_ring,0.001,R6,0,0.4375
random_lr,last,21,fg_aromatic_ring,0.001,R6,1,0.4375
random_lr,last,21,fg_aromatic_ring,0.001,R8,0,0.6719
random_lr,last,21,fg_aromatic_ring,0.001,R8,1,0.6719
random_lr,last,21,fg_aromatic_ring,0.001,R9,0,0.5625
random_lr,last,21,fg_aromatic_ring,0.001,R9,1,0.5625
random_lr,last,21,fg_benzene_ring,0.001,qm9s_val,0,0.8796
random_lr,last,21,fg_benzene_ring,0.001,R0,0,0.8387
random_lr,last,21,fg_benzene_ring,0.001,R2,0,0.7451
random_lr,last,21,fg_benzene_ring,0.001,R2,1,0.7451
random_lr,last,21,fg_benzene_ring,0.001,R3,0,0.6078
random_lr,last,21,fg_benzene_ring,0.001,R3,1,0.6078
random_lr,last,21,fg_benzene_ring,0.001,R4,0,0.7059
random_lr,last,21,fg_benzene_ring,0.001,R4,1,0.7059
random_lr,last,21,fg_benzene_ring,0.001,R5,0,0.2941
random_lr,last,21,fg_benzene_ring,0.001,R5,1,0.2941
random_lr,last,21,fg_benzene_ring,0.001,R6,0,0.4902
random_lr,last,21,fg_benzene_ring,0.001,R6,1,0.4902
random_lr,last,21,fg_benzene_ring,0.001,R8,0,0.5882
random_lr,last,21,fg_benzene_ring,0.001,R8,1,0.5882
random_lr,last,21,fg_benzene_ring,0.001,R9,0,0.6471
random_lr,last,21,fg_benzene_ring,0.001,R9,1,0.6471
random_lr,last,21,fg_pyrrole_ring,0.001,qm9s_val,0,0.8158
random_lr,last,21,fg_pyrrole_ring,0.001,R0,0,0.7874
random_lr,last,21,fg_pyrrole_ring,0.001,R2,0,0.9474
random_lr,last,21,fg_pyrrole_ring,0.001,R2,1,0.9474
random_lr,last,21,fg_pyrrole_ring,0.001,R3,0,1.0
random_lr,last,21,fg_pyrrole_ring,0.001,R3,1,1.0
random_lr,last,21,fg_pyrrole_ring,0.001,R4,0,0.9474
random_lr,last,21,fg_pyrrole_ring,0.001,R4,1,0.9474
random_lr,last,21,fg_pyrrole_ring,0.001,R5,0,0.3158
random_lr,last,21,fg_pyrrole_ring,0.001,R5,1,0.3158
random_lr,last,21,fg_pyrrole_ring,0.001,R6,0,0.8421
random_lr,last,21,fg_pyrrole_ring,0.001,R6,1,0.8421
random_lr,last,21,fg_pyrrole_ring,0.001,R8,0,0.8421
random_lr,last,21,fg_pyrrole_ring,0.001,R8,1,0.8421
random_lr,last,21,fg_pyrrole_ring,0.001,R9,0,1.0
random_lr,last,21,fg_pyrrole_ring,0.001,R9,1,1.0
random_lr,last,21,fg_imidazole_ring,0.001,qm9s_val,0,0.8352
random_lr,last,21,fg_imidazole_ring,0.001,R0,0,0.8473
random_lr,last,21,fg_imidazole_ring,0.001,R2,0,0.6316
random_lr,last,21,fg_imidazole_ring,0.001,R2,1,0.6316
random_lr,last,21,fg_imidazole_ring,0.001,R3,0,1.0
random_lr,last,21,fg_imidazole_ring,0.001,R3,1,1.0
random_lr,last,21,fg_imidazole_ring,0.001,R4,0,0.9474
random_lr,last,21,fg_imidazole_ring,0.001,R4,1,0.9474
random_lr,last,21,fg_imidazole_ring,0.001,R5,0,0.6316
random_lr,last,21,fg_imidazole_ring,0.001,R5,1,0.6316
random_lr,last,21,fg_imidazole_ring,0.001,R6,0,0.2632
random_lr,last,21,fg_imidazole_ring,0.001,R6,1,0.2632
random_lr,last,21,fg_imidazole_ring,0.001,R8,0,0.9474
random_lr,last,21,fg_imidazole_ring,0.001,R8,1,0.9474
random_lr,last,21,fg_imidazole_ring,0.001,R9,0,0.2632
random_lr,last,21,fg_imidazole_ring,0.001,R9,1,0.2632
random_mm,last,21,fg_primary_amine,,qm9s_val,0,0.6385
random_mm,last,21,fg_primary_amine,,R0,0,0.6127
random_mm,last,21,fg_primary_amine,,R2,0,0.4211
random_mm,last,21,fg_primary_amine,,R2,1,0.4211
random_mm,last,21,fg_primary_amine,,R3,0,0.0
random_mm,last,21,fg_primary_amine,,R3,1,0.0
random_mm,last,21,fg_primary_amine,,R4,0,0.4737
random_mm,last,21,fg_primary_amine,,R4,1,0.4737
random_mm,last,21,fg_primary_amine,,R5,0,0.3684
random_mm,last,21,fg_primary_amine,,R5,1,0.3684
random_mm,last,21,fg_primary_amine,,R6,0,0.2632
random_mm,last,21,fg_primary_amine,,R6,1,0.2632
random_mm,last,21,fg_primary_amine,,R8,0,0.3158
random_mm,last,21,fg_primary_amine,,R8,1,0.3158
random_mm,last,21,fg_primary_amine,,R9,0,0.8947
random_mm,last,21,fg_primary_amine,,R9,1,0.8947
random_mm,last,21,fg_secondary_amine,,qm9s_val,0,0.6444
random_mm,last,21,fg_secondary_amine,,R0,0,0.6368
random_mm,last,21,fg_secondary_amine,,R2,0,0.7368
random_mm,last,21,fg_secondary_amine,,R2,1,0.7368
random_mm,last,21,fg_secondary_amine,,R3,0,0.3684
random_mm,last,21,fg_secondary_amine,,R3,1,0.3684
random_mm,last,21,fg_secondary_amine,,R4,0,0.8947
random_mm,last,21,fg_secondary_amine,,R4,1,0.8947
random_mm,last,21,fg_secondary_amine,,R5,0,0.9474
random_mm,last,21,fg_secondary_amine,,R5,1,0.9474
random_mm,last,21,fg_secondary_amine,,R6,0,0.3158
random_mm,last,21,fg_secondary_amine,,R6,1,0.3158
random_mm,last,21,fg_secondary_amine,,R8,0,0.8947
random_mm,last,21,fg_secondary_amine,,R8,1,0.8947
random_mm,last,21,fg_secondary_amine,,R9,0,0.2105
random_mm,last,21,fg_secondary_amine,,R9,1,0.2105
random_mm,last,21,fg_amide,,qm9s_val,0,0.6959
random_mm,last,21,fg_amide,,R0,0,0.6762
random_mm,last,21,fg_amide,,R2,0,0.7778
random_mm,last,21,fg_amide,,R2,1,0.7778
random_mm,last,21,fg_amide,,R3,0,0.5556
random_mm,last,21,fg_amide,,R3,1,0.5556
random_mm,last,21,fg_amide,,R4,0,0.9167
random_mm,last,21,fg_amide,,R4,1,0.9167
random_mm,last,21,fg_amide,,R5,0,0.9444
random_mm,last,21,fg_amide,,R5,1,0.9444
random_mm,last,21,fg_amide,,R6,0,0.8333
random_mm,last,21,fg_amide,,R6,1,0.8333
random_mm,last,21,fg_amide,,R8,0,0.6667
random_mm,last,21,fg_amide,,R8,1,0.6667
random_mm,last,21,fg_amide,,R9,0,0.5278
random_mm,last,21,fg_amide,,R9,1,0.5
random_mm,last,21,fg_guanidine,,qm9s_val,0,0.84
random_mm,last,21,fg_guanidine,,R0,0,0.8437
random_mm,last,21,fg_guanidine,,R2,0,0.5263
random_mm,last,21,fg_guanidine,,R2,1,0.5263
random_mm,last,21,fg_guanidine,,R3,0,0.4737
random_mm,last,21,fg_guanidine,,R3,1,0.4737
random_mm,last,21,fg_guanidine,,R4,0,0.1579
random_mm,last,21,fg_guanidine,,R4,1,0.1579
random_mm,last,21,fg_guanidine,,R5,0,0.3158
random_mm,last,21,fg_guanidine,,R5,1,0.3158
random_mm,last,21,fg_guanidine,,R6,0,0.4211
random_mm,last,21,fg_guanidine,,R6,1,0.4211
random_mm,last,21,fg_guanidine,,R8,0,0.3684
random_mm,last,21,fg_guanidine,,R8,1,0.3684
random_mm,last,21,fg_guanidine,,R9,0,0.3684
random_mm,last,21,fg_guanidine,,R9,1,0.3684
random_mm,last,21,fg_hydroxyl_aliphatic,,qm9s_val,0,0.6237
random_mm,last,21,fg_hydroxyl_aliphatic,,R0,0,0.6402
random_mm,last,21,fg_hydroxyl_aliphatic,,R2,0,0.5833
random_mm,last,21,fg_hydroxyl_aliphatic,,R2,1,0.5833
random_mm,last,21,fg_hydroxyl_aliphatic,,R3,0,0.4444
random_mm,last,21,fg_hydroxyl_aliphatic,,R3,1,0.4444
random_mm,last,21,fg_hydroxyl_aliphatic,,R4,0,0.7222
random_mm,last,21,fg_hydroxyl_aliphatic,,R4,1,0.7222
random_mm,last,21,fg_hydroxyl_aliphatic,,R5,0,0.4444
random_mm,last,21,fg_hydroxyl_aliphatic,,R5,1,0.4444
random_mm,last,21,fg_hydroxyl_aliphatic,,R6,0,0.5833
random_mm,last,21,fg_hydroxyl_aliphatic,,R6,1,0.5833
random_mm,last,21,fg_hydroxyl_aliphatic,,R8,0,0.8611
random_mm,last,21,fg_hydroxyl_aliphatic,,R8,1,0.8611
random_mm,last,21,fg_hydroxyl_aliphatic,,R9,0,0.6389
random_mm,last,21,fg_hydroxyl_aliphatic,,R9,1,0.6111
random_mm,last,21,fg_phenol,,qm9s_val,0,0.8297
random_mm,last,21,fg_phenol,,R0,0,0.7954
random_mm,last,21,fg_phenol,,R2,0,0.9474
random_mm,last,21,fg_phenol,,R2,1,0.9474
random_mm,last,21,fg_phenol,,R3,0,0.7368
random_mm,last,21,fg_phenol,,R3,1,0.7368
random_mm,last,21,fg_phenol,,R4,0,0.7895
random_mm,last,21,fg_phenol,,R4,1,0.7895
random_mm,last,21,fg_phenol,,R5,0,0.3158
random_mm,last,21,fg_phenol,,R5,1,0.3158
random_mm,last,21,fg_phenol,,R6,0,0.4737
random_mm,last,21,fg_phenol,,R6,1,0.4737
random_mm,last,21,fg_phenol,,R8,0,0.2632
random_mm,last,21,fg_phenol,,R8,1,0.2632
random_mm,last,21,fg_phenol,,R9,0,0.2105
random_mm,last,21,fg_phenol,,R9,1,0.2105
random_mm,last,21,fg_aromatic_ring,,qm9s_val,0,0.8731
random_mm,last,21,fg_aromatic_ring,,R0,0,0.8665
random_mm,last,21,fg_aromatic_ring,,R2,0,0.625
random_mm,last,21,fg_aromatic_ring,,R2,1,0.625
random_mm,last,21,fg_aromatic_ring,,R3,0,0.7812
random_mm,last,21,fg_aromatic_ring,,R3,1,0.7812
random_mm,last,21,fg_aromatic_ring,,R4,0,0.6875
random_mm,last,21,fg_aromatic_ring,,R4,1,0.6875
random_mm,last,21,fg_aromatic_ring,,R5,0,0.3438
random_mm,last,21,fg_aromatic_ring,,R5,1,0.3438
random_mm,last,21,fg_aromatic_ring,,R6,0,0.4688
random_mm,last,21,fg_aromatic_ring,,R6,1,0.4688
random_mm,last,21,fg_aromatic_ring,,R8,0,0.5
random_mm,last,21,fg_aromatic_ring,,R8,1,0.5
random_mm,last,21,fg_aromatic_ring,,R9,0,0.6406
random_mm,last,21,fg_aromatic_ring,,R9,1,0.625
random_mm,last,21,fg_benzene_ring,,qm9s_val,0,0.8424
random_mm,last,21,fg_benzene_ring,,R0,0,0.8054
random_mm,last,21,fg_benzene_ring,,R2,0,0.7647
random_mm,last,21,fg_benzene_ring,,R2,1,0.7647
random_mm,last,21,fg_benzene_ring,,R3,0,0.6667
random_mm,last,21,fg_benzene_ring,,R3,1,0.6667
random_mm,last,21,fg_benzene_ring,,R4,0,0.8235
random_mm,last,21,fg_benzene_ring,,R4,1,0.8235
random_mm,last,21,fg_benzene_ring,,R5,0,0.3529
random_mm,last,21,fg_benzene_ring,,R5,1,0.3529
random_mm,last,21,fg_benzene_ring,,R6,0,0.5294
random_mm,last,21,fg_benzene_ring,,R6,1,0.5294
random_mm,last,21,fg_benzene_ring,,R8,0,0.3137
random_mm,last,21,fg_benzene_ring,,R8,1,0.3137
random_mm,last,21,fg_benzene_ring,,R9,0,0.4706
random_mm,last,21,fg_benzene_ring,,R9,1,0.4706
random_mm,last,21,fg_pyrrole_ring,,qm9s_val,0,0.7911
random_mm,last,21,fg_pyrrole_ring,,R0,0,0.7884
random_mm,last,21,fg_pyrrole_ring,,R2,0,0.7895
random_mm,last,21,fg_pyrrole_ring,,R2,1,0.7895
random_mm,last,21,fg_pyrrole_ring,,R3,0,1.0
random_mm,last,21,fg_pyrrole_ring,,R3,1,1.0
random_mm,last,21,fg_pyrrole_ring,,R4,0,0.9474
random_mm,last,21,fg_pyrrole_ring,,R4,1,0.9474
random_mm,last,21,fg_pyrrole_ring,,R5,0,0.1579
random_mm,last,21,fg_pyrrole_ring,,R5,1,0.1579
random_mm,last,21,fg_pyrrole_ring,,R6,0,0.5263
random_mm,last,21,fg_pyrrole_ring,,R6,1,0.5263
random_mm,last,21,fg_pyrrole_ring,,R8,0,0.4737
random_mm,last,21,fg_pyrrole_ring,,R8,1,0.4737
random_mm,last,21,fg_pyrrole_ring,,R9,0,0.7895
random_mm,last,21,fg_pyrrole_ring,,R9,1,0.7895
random_mm,last,21,fg_imidazole_ring,,qm9s_val,0,0.8345
random_mm,last,21,fg_imidazole_ring,,R0,0,0.8245
random_mm,last,21,fg_imidazole_ring,,R2,0,0.2632
random_mm,last,21,fg_imidazole_ring,,R2,1,0.2632
random_mm,last,21,fg_imidazole_ring,,R3,0,0.8947
random_mm,last,21,fg_imidazole_ring,,R3,1,0.8947
random_mm,last,21,fg_imidazole_ring,,R4,0,0.5263
random_mm,last,21,fg_imidazole_ring,,R4,1,0.5263
random_mm,last,21,fg_imidazole_ring,,R5,0,0.3684
random_mm,last,21,fg_imidazole_ring,,R5,1,0.3684
random_mm,last,21,fg_imidazole_ring,,R6,0,0.1579
random_mm,last,21,fg_imidazole_ring,,R6,1,0.1579
random_mm,last,21,fg_imidazole_ring,,R8,0,0.7895
random_mm,last,21,fg_imidazole_ring,,R8,1,0.7895
random_mm,last,21,fg_imidazole_ring,,R9,0,0.7895
random_mm,last,21,fg_imidazole_ring,,R9,1,0.7895
random_lr,last,24,fg_primary_amine,0.001,qm9s_val,0,0.6993
random_lr,last,24,fg_primary_amine,0.001,R0,0,0.6733
random_lr,last,24,fg_primary_amine,0.001,R2,0,0.1579
random_lr,last,24,fg_primary_amine,0.001,R2,1,0.1579
random_lr,last,24,fg_primary_amine,0.001,R3,0,0.6842
random_lr,last,24,fg_primary_amine,0.001,R3,1,0.6842
random_lr,last,24,fg_primary_amine,0.001,R4,0,0.5263
random_lr,last,24,fg_primary_amine,0.001,R4,1,0.5263
random_lr,last,24,fg_primary_amine,0.001,R5,0,0.5263
random_lr,last,24,fg_primary_amine,0.001,R5,1,0.5263
random_lr,last,24,fg_primary_amine,0.001,R6,0,0.5263
random_lr,last,24,fg_primary_amine,0.001,R6,1,0.5263
random_lr,last,24,fg_primary_amine,0.001,R8,0,0.2632
random_lr,last,24,fg_primary_amine,0.001,R8,1,0.2632
random_lr,last,24,fg_primary_amine,0.001,R9,0,0.5789
random_lr,last,24,fg_primary_amine,0.001,R9,1,0.5789
random_lr,last,24,fg_secondary_amine,0.001,qm9s_val,0,0.6103
random_lr,last,24,fg_secondary_amine,0.001,R0,0,0.6306
random_lr,last,24,fg_secondary_amine,0.001,R2,0,0.8421
random_lr,last,24,fg_secondary_amine,0.001,R2,1,0.8421
random_lr,last,24,fg_secondary_amine,0.001,R3,0,0.1579
random_lr,last,24,fg_secondary_amine,0.001,R3,1,0.1579
random_lr,last,24,fg_secondary_amine,0.001,R4,0,0.2105
random_lr,last,24,fg_secondary_amine,0.001,R4,1,0.2105
random_lr,last,24,fg_secondary_amine,0.001,R5,0,0.4737
random_lr,last,24,fg_secondary_amine,0.001,R5,1,0.4737
random_lr,last,24,fg_secondary_amine,0.001,R6,0,0.2105
random_lr,last,24,fg_secondary_amine,0.001,R6,1,0.2105
random_lr,last,24,fg_secondary_amine,0.001,R8,0,0.8947
random_lr,last,24,fg_secondary_amine,0.001,R8,1,0.8947
random_lr,last,24,fg_secondary_amine,0.001,R9,0,0.4737
random_lr,last,24,fg_secondary_amine,0.001,R9,1,0.4737
random_lr,last,24,fg_amide,0.001,qm9s_val,0,0.7119
random_lr,last,24,fg_amide,0.001,R0,0,0.7155
random_lr,last,24,fg_amide,0.001,R2,0,1.0
random_lr,last,24,fg_amide,0.001,R2,1,1.0
random_lr,last,24,fg_amide,0.001,R3,0,0.4444
random_lr,last,24,fg_amide,0.001,R3,1,0.4444
random_lr,last,24,fg_amide,0.001,R4,0,0.75
random_lr,last,24,fg_amide,0.001,R4,1,0.75
random_lr,last,24,fg_amide,0.001,R5,0,0.7222
random_lr,last,24,fg_amide,0.001,R5,1,0.7222
random_lr,last,24,fg_amide,0.001,R6,0,0.2222
random_lr,last,24,fg_amide,0.001,R6,1,0.2222
random_lr,last,24,fg_amide,0.001,R8,0,0.4167
random_lr,last,24,fg_amide,0.001,R8,1,0.4167
random_lr,last,24,fg_amide,0.001,R9,0,0.8611
random_lr,last,24,fg_amide,0.001,R9,1,0.8611
random_lr,last,24,fg_guanidine,0.001,qm9s_val,0,0.8384
random_lr,last,24,fg_guanidine,0.001,R0,0,0.8798
random_lr,last,24,fg_guanidine,0.001,R2,0,0.9474
random_lr,last,24,fg_guanidine,0.001,R2,1,0.9474
random_lr,last,24,fg_guanidine,0.001,R3,0,0.6316
random_lr,last,24,fg_guanidine,0.001,R3,1,0.6316
random_lr,last,24,fg_guanidine,0.001,R4,0,0.7368
random_lr,last,24,fg_guanidine,0.001,R4,1,0.7368
random_lr,last,24,fg_guanidine,0.001,R5,0,0.3684
random_lr,last,24,fg_guanidine,0.001,R5,1,0.3684
random_lr,last,24,fg_guanidine,0.001,R6,0,0.8421
random_lr,last,24,fg_guanidine,0.001,R6,1,0.8421
random_lr,last,24,fg_guanidine,0.001,R8,0,0.7895
random_lr,last,24,fg_guanidine,0.001,R8,1,0.7895
random_lr,last,24,fg_guanidine,0.001,R9,0,0.7895
random_lr,last,24,fg_guanidine,0.001,R9,1,0.7368
random_lr,last,24,fg_hydroxyl_aliphatic,0.001,qm9s_val,0,0.6397
random_lr,last,24,fg_hydroxyl_aliphatic,0.001,R0,0,0.6403
random_lr,last,24,fg_hydroxyl_aliphatic,0.001,R2,0,0.4444
random_lr,last,24,fg_hydroxyl_aliphatic,0.001,R2,1,0.4444
random_lr,last,24,fg_hydroxyl_aliphatic,0.001,R3,0,0.5556
random_lr,last,24,fg_hydroxyl_aliphatic,0.001,R3,1,0.5556
random_lr,last,24,fg_hydroxyl_aliphatic,0.001,R4,0,0.6944
random_lr,last,24,fg_hydroxyl_aliphatic,0.001,R4,1,0.6944
random_lr,last,24,fg_hydroxyl_aliphatic,0.001,R5,0,0.5556
random_lr,last,24,fg_hydroxyl_aliphatic,0.001,R5,1,0.5556
random_lr,last,24,fg_hydroxyl_aliphatic,0.001,R6,0,0.4167
random_lr,last,24,fg_hydroxyl_aliphatic,0.001,R6,1,0.4167
random_lr,last,24,fg_hydroxyl_aliphatic,0.001,R8,0,0.6944
random_lr,last,24,fg_hydroxyl_aliphatic,0.001,R8,1,0.6944
random_lr,last,24,fg_hydroxyl_aliphatic,0.001,R9,0,0.4722
random_lr,last,24,fg_hydroxyl_aliphatic,0.001,R9,1,0.5
random_lr,last,24,fg_phenol,0.001,qm9s_val,0,0.8411
random_lr,last,24,fg_phenol,0.001,R0,0,0.8135
random_lr,last,24,fg_phenol,0.001,R2,0,0.2105
random_lr,last,24,fg_phenol,0.001,R2,1,0.2105
random_lr,last,24,fg_phenol,0.001,R3,0,0.5263
random_lr,last,24,fg_phenol,0.001,R3,1,0.5263
random_lr,last,24,fg_phenol,0.001,R4,0,0.7368
random_lr,last,24,fg_phenol,0.001,R4,1,0.7368
random_lr,last,24,fg_phenol,0.001,R5,0,0.1579
random_lr,last,24,fg_phenol,0.001,R5,1,0.1579
random_lr,last,24,fg_phenol,0.001,R6,0,0.7895
random_lr,last,24,fg_phenol,0.001,R6,1,0.7895
random_lr,last,24,fg_phenol,0.001,R8,0,0.0526
random_lr,last,24,fg_phenol,0.001,R8,1,0.0526
random_lr,last,24,fg_phenol,0.001,R9,0,0.0
random_lr,last,24,fg_phenol,0.001,R9,1,0.0
random_lr,last,24,fg_aromatic_ring,0.001,qm9s_val,0,0.9159
random_lr,last,24,fg_aromatic_ring,0.001,R0,0,0.9157
random_lr,last,24,fg_aromatic_ring,0.001,R2,0,0.7188
random_lr,last,24,fg_aromatic_ring,0.001,R2,1,0.7188
random_lr,last,24,fg_aromatic_ring,0.001,R3,0,0.7969
random_lr,last,24,fg_aromatic_ring,0.001,R3,1,0.7969
random_lr,last,24,fg_aromatic_ring,0.001,R4,0,0.7344
random_lr,last,24,fg_aromatic_ring,0.001,R4,1,0.7344
random_lr,last,24,fg_aromatic_ring,0.001,R5,0,0.5312
random_lr,last,24,fg_aromatic_ring,0.001,R5,1,0.5312
random_lr,last,24,fg_aromatic_ring,0.001,R6,0,0.4062
random_lr,last,24,fg_aromatic_ring,0.001,R6,1,0.4062
random_lr,last,24,fg_aromatic_ring,0.001,R8,0,0.75
random_lr,last,24,fg_aromatic_ring,0.001,R8,1,0.75
random_lr,last,24,fg_aromatic_ring,0.001,R9,0,0.5938
random_lr,last,24,fg_aromatic_ring,0.001,R9,1,0.5938
random_lr,last,24,fg_benzene_ring,0.001,qm9s_val,0,0.882
random_lr,last,24,fg_benzene_ring,0.001,R0,0,0.8358
random_lr,last,24,fg_benzene_ring,0.001,R2,0,0.8627
random_lr,last,24,fg_benzene_ring,0.001,R2,1,0.8627
random_lr,last,24,fg_benzene_ring,0.001,R3,0,0.7059
random_lr,last,24,fg_benzene_ring,0.001,R3,1,0.7059
random_lr,last,24,fg_benzene_ring,0.001,R4,0,0.7059
random_lr,last,24,fg_benzene_ring,0.001,R4,1,0.7059
random_lr,last,24,fg_benzene_ring,0.001,R5,0,0.3529
random_lr,last,24,fg_benzene_ring,0.001,R5,1,0.3529
random_lr,last,24,fg_benzene_ring,0.001,R6,0,0.4706
random_lr,last,24,fg_benzene_ring,0.001,R6,1,0.4706
random_lr,last,24,fg_benzene_ring,0.001,R8,0,0.5686
random_lr,last,24,fg_benzene_ring,0.001,R8,1,0.5686
random_lr,last,24,fg_benzene_ring,0.001,R9,0,0.6275
random_lr,last,24,fg_benzene_ring,0.001,R9,1,0.6275
random_lr,last,24,fg_pyrrole_ring,0.001,qm9s_val,0,0.8147
random_lr,last,24,fg_pyrrole_ring,0.001,R0,0,0.7858
random_lr,last,24,fg_pyrrole_ring,0.001,R2,0,0.9474
random_lr,last,24,fg_pyrrole_ring,0.001,R2,1,0.9474
random_lr,last,24,fg_pyrrole_ring,0.001,R3,0,1.0
random_lr,last,24,fg_pyrrole_ring,0.001,R3,1,1.0
random_lr,last,24,fg_pyrrole_ring,0.001,R4,0,0.9474
random_lr,last,24,fg_pyrrole_ring,0.001,R4,1,0.9474
random_lr,last,24,fg_pyrrole_ring,0.001,R5,0,0.6316
random_lr,last,24,fg_pyrrole_ring,0.001,R5,1,0.6316
random_lr,last,24,fg_pyrrole_ring,0.001,R6,0,0.7368
random_lr,last,24,fg_pyrrole_ring,0.001,R6,1,0.7368
random_lr,last,24,fg_pyrrole_ring,0.001,R8,0,0.7895
random_lr,last,24,fg_pyrrole_ring,0.001,R8,1,0.7895
random_lr,last,24,fg_pyrrole_ring,0.001,R9,0,1.0
random_lr,last,24,fg_pyrrole_ring,0.001,R9,1,1.0
random_lr,last,24,fg_imidazole_ring,0.001,qm9s_val,0,0.8296
random_lr,last,24,fg_imidazole_ring,0.001,R0,0,0.844
random_lr,last,24,fg_imidazole_ring,0.001,R2,0,0.5263
random_lr,last,24,fg_imidazole_ring,0.001,R2,1,0.5263
random_lr,last,24,fg_imidazole_ring,0.001,R3,0,1.0
random_lr,last,24,fg_imidazole_ring,0.001,R3,1,1.0
random_lr,last,24,fg_imidazole_ring,0.001,R4,0,1.0
random_lr,last,24,fg_imidazole_ring,0.001,R4,1,1.0
random_lr,last,24,fg_imidazole_ring,0.001,R5,0,0.4737
random_lr,last,24,fg_imidazole_ring,0.001,R5,1,0.4737
random_lr,last,24,fg_imidazole_ring,0.001,R6,0,0.3684
random_lr,last,24,fg_imidazole_ring,0.001,R6,1,0.3684
random_lr,last,24,fg_imidazole_ring,0.001,R8,0,0.9474
random_lr,last,24,fg_imidazole_ring,0.001,R8,1,0.9474
random_lr,last,24,fg_imidazole_ring,0.001,R9,0,0.2632
random_lr,last,24,fg_imidazole_ring,0.001,R9,1,0.2105
random_mm,last,24,fg_primary_amine,,qm9s_val,0,0.643
random_mm,last,24,fg_primary_amine,,R0,0,0.6116
random_mm,last,24,fg_primary_amine,,R2,0,0.4211
random_mm,last,24,fg_primary_amine,,R2,1,0.4211
random_mm,last,24,fg_primary_amine,,R3,0,0.0
random_mm,last,24,fg_primary_amine,,R3,1,0.0
random_mm,last,24,fg_primary_amine,,R4,0,0.4737
random_mm,last,24,fg_primary_amine,,R4,1,0.4737
random_mm,last,24,fg_primary_amine,,R5,0,0.2632
random_mm,last,24,fg_primary_amine,,R5,1,0.2632
random_mm,last,24,fg_primary_amine,,R6,0,0.2632
random_mm,last,24,fg_primary_amine,,R6,1,0.2632
random_mm,last,24,fg_primary_amine,,R8,0,0.3158
random_mm,last,24,fg_primary_amine,,R8,1,0.3158
random_mm,last,24,fg_primary_amine,,R9,0,0.8947
random_mm,last,24,fg_primary_amine,,R9,1,0.8947
random_mm,last,24,fg_secondary_amine,,qm9s_val,0,0.6457
random_mm,last,24,fg_secondary_amine,,R0,0,0.6372
random_mm,last,24,fg_secondary_amine,,R2,0,0.7368
random_mm,last,24,fg_secondary_amine,,R2,1,0.7368
random_mm,last,24,fg_secondary_amine,,R3,0,0.3684
random_mm,last,24,fg_secondary_amine,,R3,1,0.3684
random_mm,last,24,fg_secondary_amine,,R4,0,0.8947
random_mm,last,24,fg_secondary_amine,,R4,1,0.8947
random_mm,last,24,fg_secondary_amine,,R5,0,0.9474
random_mm,last,24,fg_secondary_amine,,R5,1,0.9474
random_mm,last,24,fg_secondary_amine,,R6,0,0.3158
random_mm,last,24,fg_secondary_amine,,R6,1,0.3158
random_mm,last,24,fg_secondary_amine,,R8,0,0.8947
random_mm,last,24,fg_secondary_amine,,R8,1,0.8947
random_mm,last,24,fg_secondary_amine,,R9,0,0.2105
random_mm,last,24,fg_secondary_amine,,R9,1,0.2105
random_mm,last,24,fg_amide,,qm9s_val,0,0.6961
random_mm,last,24,fg_amide,,R0,0,0.6768
random_mm,last,24,fg_amide,,R2,0,0.75
random_mm,last,24,fg_amide,,R2,1,0.75
random_mm,last,24,fg_amide,,R3,0,0.5556
random_mm,last,24,fg_amide,,R3,1,0.5556
random_mm,last,24,fg_amide,,R4,0,0.9167
random_mm,last,24,fg_amide,,R4,1,0.9167
random_mm,last,24,fg_amide,,R5,0,0.9722
random_mm,last,24,fg_amide,,R5,1,0.9722
random_mm,last,24,fg_amide,,R6,0,0.8333
random_mm,last,24,fg_amide,,R6,1,0.8333
random_mm,last,24,fg_amide,,R8,0,0.6667
random_mm,last,24,fg_amide,,R8,1,0.6667
random_mm,last,24,fg_amide,,R9,0,0.5833
random_mm,last,24,fg_amide,,R9,1,0.5833
random_mm,last,24,fg_guanidine,,qm9s_val,0,0.84
random_mm,last,24,fg_guanidine,,R0,0,0.8443
random_mm,last,24,fg_guanidine,,R2,0,0.5263
random_mm,last,24,fg_guanidine,,R2,1,0.5263
random_mm,last,24,fg_guanidine,,R3,0,0.4211
random_mm,last,24,fg_guanidine,,R3,1,0.4211
random_mm,last,24,fg_guanidine,,R4,0,0.1579
random_mm,last,24,fg_guanidine,,R4,1,0.1579
random_mm,last,24,fg_guanidine,,R5,0,0.3158
random_mm,last,24,fg_guanidine,,R5,1,0.3158
random_mm,last,24,fg_guanidine,,R6,0,0.4211
random_mm,last,24,fg_guanidine,,R6,1,0.4211
random_mm,last,24,fg_guanidine,,R8,0,0.3684
random_mm,last,24,fg_guanidine,,R8,1,0.3684
random_mm,last,24,fg_guanidine,,R9,0,0.3684
random_mm,last,24,fg_guanidine,,R9,1,0.3684
random_mm,last,24,fg_hydroxyl_aliphatic,,qm9s_val,0,0.6245
random_mm,last,24,fg_hydroxyl_aliphatic,,R0,0,0.6403
random_mm,last,24,fg_hydroxyl_aliphatic,,R2,0,0.5833
random_mm,last,24,fg_hydroxyl_aliphatic,,R2,1,0.5833
random_mm,last,24,fg_hydroxyl_aliphatic,,R3,0,0.4444
random_mm,last,24,fg_hydroxyl_aliphatic,,R3,1,0.4444
random_mm,last,24,fg_hydroxyl_aliphatic,,R4,0,0.7222
random_mm,last,24,fg_hydroxyl_aliphatic,,R4,1,0.7222
random_mm,last,24,fg_hydroxyl_aliphatic,,R5,0,0.4167
random_mm,last,24,fg_hydroxyl_aliphatic,,R5,1,0.4167
random_mm,last,24,fg_hydroxyl_aliphatic,,R6,0,0.6111
random_mm,last,24,fg_hydroxyl_aliphatic,,R6,1,0.6111
random_mm,last,24,fg_hydroxyl_aliphatic,,R8,0,0.8611
random_mm,last,24,fg_hydroxyl_aliphatic,,R8,1,0.8611
random_mm,last,24,fg_hydroxyl_aliphatic,,R9,0,0.6667
random_mm,last,24,fg_hydroxyl_aliphatic,,R9,1,0.6389
random_mm,last,24,fg_phenol,,qm9s_val,0,0.828
random_mm,last,24,fg_phenol,,R0,0,0.7946
random_mm,last,24,fg_phenol,,R2,0,0.9474
random_mm,last,24,fg_phenol,,R2,1,0.9474
random_mm,last,24,fg_phenol,,R3,0,0.7368
random_mm,last,24,fg_phenol,,R3,1,0.7368
random_mm,last,24,fg_phenol,,R4,0,0.7895
random_mm,last,24,fg_phenol,,R4,1,0.7895
random_mm,last,24,fg_phenol,,R5,0,0.2632
random_mm,last,24,fg_phenol,,R5,1,0.2632
random_mm,last,24,fg_phenol,,R6,0,0.4737
random_mm,last,24,fg_phenol,,R6,1,0.4737
random_mm,last,24,fg_phenol,,R8,0,0.2632
random_mm,last,24,fg_phenol,,R8,1,0.2632
random_mm,last,24,fg_phenol,,R9,0,0.2632
random_mm,last,24,fg_phenol,,R9,1,0.2632
random_mm,last,24,fg_aromatic_ring,,qm9s_val,0,0.872
random_mm,last,24,fg_aromatic_ring,,R0,0,0.8656
random_mm,last,24,fg_aromatic_ring,,R2,0,0.6562
random_mm,last,24,fg_aromatic_ring,,R2,1,0.6562
random_mm,last,24,fg_aromatic_ring,,R3,0,0.7812
random_mm,last,24,fg_aromatic_ring,,R3,1,0.7812
random_mm,last,24,fg_aromatic_ring,,R4,0,0.7031
random_mm,last,24,fg_aromatic_ring,,R4,1,0.7031
random_mm,last,24,fg_aromatic_ring,,R5,0,0.3594
random_mm,last,24,fg_aromatic_ring,,R5,1,0.3594
random_mm,last,24,fg_aromatic_ring,,R6,0,0.4688
random_mm,last,24,fg_aromatic_ring,,R6,1,0.4688
random_mm,last,24,fg_aromatic_ring,,R8,0,0.5469
random_mm,last,24,fg_aromatic_ring,,R8,1,0.5469
random_mm,last,24,fg_aromatic_ring,,R9,0,0.6406
random_mm,last,24,fg_aromatic_ring,,R9,1,0.625
random_mm,last,24,fg_benzene_ring,,qm9s_val,0,0.8443
random_mm,last,24,fg_benzene_ring,,R0,0,0.8057
random_mm,last,24,fg_benzene_ring,,R2,0,0.8039
random_mm,last,24,fg_benzene_ring,,R2,1,0.8039
random_mm,last,24,fg_benzene_ring,,R3,0,0.6667
random_mm,last,24,fg_benzene_ring,,R3,1,0.6667
random_mm,last,24,fg_benzene_ring,,R4,0,0.8627
random_mm,last,24,fg_benzene_ring,,R4,1,0.8627
random_mm,last,24,fg_benzene_ring,,R5,0,0.3725
random_mm,last,24,fg_benzene_ring,,R5,1,0.3725
random_mm,last,24,fg_benzene_ring,,R6,0,0.5294
random_mm,last,24,fg_benzene_ring,,R6,1,0.5294
random_mm,last,24,fg_benzene_ring,,R8,0,0.3137
random_mm,last,24,fg_benzene_ring,,R8,1,0.3137
random_mm,last,24,fg_benzene_ring,,R9,0,0.4706
random_mm,last,24,fg_benzene_ring,,R9,1,0.4706
random_mm,last,24,fg_pyrrole_ring,,qm9s_val,0,0.7897
random_mm,last,24,fg_pyrrole_ring,,R0,0,0.7859
random_mm,last,24,fg_pyrrole_ring,,R2,0,0.7895
random_mm,last,24,fg_pyrrole_ring,,R2,1,0.7895
random_mm,last,24,fg_pyrrole_ring,,R3,0,1.0
random_mm,last,24,fg_pyrrole_ring,,R3,1,1.0
random_mm,last,24,fg_pyrrole_ring,,R4,0,0.9474
random_mm,last,24,fg_pyrrole_ring,,R4,1,0.9474
random_mm,last,24,fg_pyrrole_ring,,R5,0,0.1579
random_mm,last,24,fg_pyrrole_ring,,R5,1,0.1579
random_mm,last,24,fg_pyrrole_ring,,R6,0,0.5789
random_mm,last,24,fg_pyrrole_ring,,R6,1,0.5789
random_mm,last,24,fg_pyrrole_ring,,R8,0,0.4211
random_mm,last,24,fg_pyrrole_ring,,R8,1,0.4211
random_mm,last,24,fg_pyrrole_ring,,R9,0,0.7895
random_mm,last,24,fg_pyrrole_ring,,R9,1,0.7895
random_mm,last,24,fg_imidazole_ring,,qm9s_val,0,0.8324
random_mm,last,24,fg_imidazole_ring,,R0,0,0.8231
random_mm,last,24,fg_imidazole_ring,,R2,0,0.2632
random_mm,last,24,fg_imidazole_ring,,R2,1,0.2632
random_mm,last,24,fg_imidazole_ring,,R3,0,0.8947
random_mm,last,24,fg_imidazole_ring,,R3,1,0.8947
random_mm,last,24,fg_imidazole_ring,,R4,0,0.5263
random_mm,last,24,fg_imidazole_ring,,R4,1,0.5263
random_mm,last,24,fg_imidazole_ring,,R5,0,0.3684
random_mm,last,24,fg_imidazole_ring,,R5,1,0.3684
random_mm,last,24,fg_imidazole_ring,,R6,0,0.1579
random_mm,last,24,fg_imidazole_ring,,R6,1,0.1579
random_mm,last,24,fg_imidazole_ring,,R8,0,0.7895
random_mm,last,24,fg_imidazole_ring,,R8,1,0.7895
random_mm,last,24,fg_imidazole_ring,,R9,0,0.8421
random_mm,last,24,fg_imidazole_ring,,R9,1,0.8421
random_lr,last,27,fg_primary_amine,0.001,qm9s_val,0,0.7061
random_lr,last,27,fg_primary_amine,0.001,R0,0,0.6712
random_lr,last,27,fg_primary_amine,0.001,R2,0,0.0526
random_lr,last,27,fg_primary_amine,0.001,R2,1,0.0526
random_lr,last,27,fg_primary_amine,0.001,R3,0,0.7895
random_lr,last,27,fg_primary_amine,0.001,R3,1,0.7895
random_lr,last,27,fg_primary_amine,0.001,R4,0,0.7368
random_lr,last,27,fg_primary_amine,0.001,R4,1,0.7368
random_lr,last,27,fg_primary_amine,0.001,R5,0,0.6842
random_lr,last,27,fg_primary_amine,0.001,R5,1,0.6842
random_lr,last,27,fg_primary_amine,0.001,R6,0,0.2632
random_lr,last,27,fg_primary_amine,0.001,R6,1,0.2632
random_lr,last,27,fg_primary_amine,0.001,R8,0,0.1579
random_lr,last,27,fg_primary_amine,0.001,R8,1,0.1579
random_lr,last,27,fg_primary_amine,0.001,R9,0,0.5789
random_lr,last,27,fg_primary_amine,0.001,R9,1,0.5789
random_lr,last,27,fg_secondary_amine,0.001,qm9s_val,0,0.6188
random_lr,last,27,fg_secondary_amine,0.001,R0,0,0.637
random_lr,last,27,fg_secondary_amine,0.001,R2,0,0.8947
random_lr,last,27,fg_secondary_amine,0.001,R2,1,0.8947
random_lr,last,27,fg_secondary_amine,0.001,R3,0,0.2105
random_lr,last,27,fg_secondary_amine,0.001,R3,1,0.2105
random_lr,last,27,fg_secondary_amine,0.001,R4,0,0.2105
random_lr,last,27,fg_secondary_amine,0.001,R4,1,0.2105
random_lr,last,27,fg_secondary_amine,0.001,R5,0,0.5789
random_lr,last,27,fg_secondary_amine,0.001,R5,1,0.5789
random_lr,last,27,fg_secondary_amine,0.001,R6,0,0.1579
random_lr,last,27,fg_secondary_amine,0.001,R6,1,0.1579
random_lr,last,27,fg_secondary_amine,0.001,R8,0,0.8947
random_lr,last,27,fg_secondary_amine,0.001,R8,1,0.8947
random_lr,last,27,fg_secondary_amine,0.001,R9,0,0.2632
random_lr,last,27,fg_secondary_amine,0.001,R9,1,0.2632
random_lr,last,27,fg_amide,0.001,qm9s_val,0,0.7006
random_lr,last,27,fg_amide,0.001,R0,0,0.7075
random_lr,last,27,fg_amide,0.001,R2,0,0.9444
random_lr,last,27,fg_amide,0.001,R2,1,0.9444
random_lr,last,27,fg_amide,0.001,R3,0,0.5556
random_lr,last,27,fg_amide,0.001,R3,1,0.5556
random_lr,last,27,fg_amide,0.001,R4,0,0.7778
random_lr,last,27,fg_amide,0.001,R4,1,0.7778
random_lr,last,27,fg_amide,0.001,R5,0,0.8333
random_lr,last,27,fg_amide,0.001,R5,1,0.8333
random_lr,last,27,fg_amide,0.001,R6,0,0.2778
random_lr,last,27,fg_amide,0.001,R6,1,0.2778
random_lr,last,27,fg_amide,0.001,R8,0,0.3889
random_lr,last,27,fg_amide,0.001,R8,1,0.3889
random_lr,last,27,fg_amide,0.001,R9,0,0.8333
random_lr,last,27,fg_amide,0.001,R9,1,0.8333
random_lr,last,27,fg_guanidine,0.001,qm9s_val,0,0.8373
random_lr,last,27,fg_guanidine,0.001,R0,0,0.8764
random_lr,last,27,fg_guanidine,0.001,R2,0,0.9474
random_lr,last,27,fg_guanidine,0.001,R2,1,0.9474
random_lr,last,27,fg_guanidine,0.001,R3,0,0.6316
random_lr,last,27,fg_guanidine,0.001,R3,1,0.6316
random_lr,last,27,fg_guanidine,0.001,R4,0,0.7368
random_lr,last,27,fg_guanidine,0.001,R4,1,0.7368
random_lr,last,27,fg_guanidine,0.001,R5,0,0.4211
random_lr,last,27,fg_guanidine,0.001,R5,1,0.4211
random_lr,last,27,fg_guanidine,0.001,R6,0,0.7895
random_lr,last,27,fg_guanidine,0.001,R6,1,0.7895
random_lr,last,27,fg_guanidine,0.001,R8,0,0.8421
random_lr,last,27,fg_guanidine,0.001,R8,1,0.8421
random_lr,last,27,fg_guanidine,0.001,R9,0,0.7368
random_lr,last,27,fg_guanidine,0.001,R9,1,0.7368
random_lr,last,27,fg_hydroxyl_aliphatic,0.001,qm9s_val,0,0.6321
random_lr,last,27,fg_hydroxyl_aliphatic,0.001,R0,0,0.636
random_lr,last,27,fg_hydroxyl_aliphatic,0.001,R2,0,0.6111
random_lr,last,27,fg_hydroxyl_aliphatic,0.001,R2,1,0.6111
random_lr,last,27,fg_hydroxyl_aliphatic,0.001,R3,0,0.4722
random_lr,last,27,fg_hydroxyl_aliphatic,0.001,R3,1,0.4722
random_lr,last,27,fg_hydroxyl_aliphatic,0.001,R4,0,0.7778
random_lr,last,27,fg_hydroxyl_aliphatic,0.001,R4,1,0.7778
random_lr,last,27,fg_hydroxyl_aliphatic,0.001,R5,0,0.6667
random_lr,last,27,fg_hydroxyl_aliphatic,0.001,R5,1,0.6667
random_lr,last,27,fg_hydroxyl_aliphatic,0.001,R6,0,0.5
random_lr,last,27,fg_hydroxyl_aliphatic,0.001,R6,1,0.5
random_lr,last,27,fg_hydroxyl_aliphatic,0.001,R8,0,0.8333
random_lr,last,27,fg_hydroxyl_aliphatic,0.001,R8,1,0.8333
random_lr,last,27,fg_hydroxyl_aliphatic,0.001,R9,0,0.5
random_lr,last,27,fg_hydroxyl_aliphatic,0.001,R9,1,0.5
random_lr,last,27,fg_phenol,0.001,qm9s_val,0,0.8421
random_lr,last,27,fg_phenol,0.001,R0,0,0.8117
random_lr,last,27,fg_phenol,0.001,R2,0,0.2632
random_lr,last,27,fg_phenol,0.001,R2,1,0.2632
random_lr,last,27,fg_phenol,0.001,R3,0,0.4211
random_lr,last,27,fg_phenol,0.001,R3,1,0.4211
random_lr,last,27,fg_phenol,0.001,R4,0,0.4737
random_lr,last,27,fg_phenol,0.001,R4,1,0.4737
random_lr,last,27,fg_phenol,0.001,R5,0,0.3684
random_lr,last,27,fg_phenol,0.001,R5,1,0.3684
random_lr,last,27,fg_phenol,0.001,R6,0,0.5789
random_lr,last,27,fg_phenol,0.001,R6,1,0.5789
random_lr,last,27,fg_phenol,0.001,R8,0,0.0526
random_lr,last,27,fg_phenol,0.001,R8,1,0.0526
random_lr,last,27,fg_phenol,0.001,R9,0,0.0
random_lr,last,27,fg_phenol,0.001,R9,1,0.0
random_lr,last,27,fg_aromatic_ring,0.001,qm9s_val,0,0.9149
random_lr,last,27,fg_aromatic_ring,0.001,R0,0,0.9142
random_lr,last,27,fg_aromatic_ring,0.001,R2,0,0.6875
random_lr,last,27,fg_aromatic_ring,0.001,R2,1,0.6875
random_lr,last,27,fg_aromatic_ring,0.001,R3,0,0.7812
random_lr,last,27,fg_aromatic_ring,0.001,R3,1,0.7812
random_lr,last,27,fg_aromatic_ring,0.001,R4,0,0.7031
random_lr,last,27,fg_aromatic_ring,0.001,R4,1,0.7031
random_lr,last,27,fg_aromatic_ring,0.001,R5,0,0.5625
random_lr,last,27,fg_aromatic_ring,0.001,R5,1,0.5625
random_lr,last,27,fg_aromatic_ring,0.001,R6,0,0.3906
random_lr,last,27,fg_aromatic_ring,0.001,R6,1,0.3906
random_lr,last,27,fg_aromatic_ring,0.001,R8,0,0.75
random_lr,last,27,fg_aromatic_ring,0.001,R8,1,0.75
random_lr,last,27,fg_aromatic_ring,0.001,R9,0,0.5938
random_lr,last,27,fg_aromatic_ring,0.001,R9,1,0.5938
random_lr,last,27,fg_benzene_ring,0.001,qm9s_val,0,0.875
random_lr,last,27,fg_benzene_ring,0.001,R0,0,0.8354
random_lr,last,27,fg_benzene_ring,0.001,R2,0,0.8824
random_lr,last,27,fg_benzene_ring,0.001,R2,1,0.8824
random_lr,last,27,fg_benzene_ring,0.001,R3,0,0.5882
random_lr,last,27,fg_benzene_ring,0.001,R3,1,0.5882
random_lr,last,27,fg_benzene_ring,0.001,R4,0,0.6471
random_lr,last,27,fg_benzene_ring,0.001,R4,1,0.6471
random_lr,last,27,fg_benzene_ring,0.001,R5,0,0.4314
random_lr,last,27,fg_benzene_ring,0.001,R5,1,0.4314
random_lr,last,27,fg_benzene_ring,0.001,R6,0,0.4706
random_lr,last,27,fg_benzene_ring,0.001,R6,1,0.4706
random_lr,last,27,fg_benzene_ring,0.001,R8,0,0.549
random_lr,last,27,fg_benzene_ring,0.001,R8,1,0.549
random_lr,last,27,fg_benzene_ring,0.001,R9,0,0.6078
random_lr,last,27,fg_benzene_ring,0.001,R9,1,0.6078
random_lr,last,27,fg_pyrrole_ring,0.001,qm9s_val,0,0.8132
random_lr,last,27,fg_pyrrole_ring,0.001,R0,0,0.7789
random_lr,last,27,fg_pyrrole_ring,0.001,R2,0,0.9474
random_lr,last,27,fg_pyrrole_ring,0.001,R2,1,0.9474
random_lr,last,27,fg_pyrrole_ring,0.001,R3,0,1.0
random_lr,last,27,fg_pyrrole_ring,0.001,R3,1,1.0
random_lr,last,27,fg_pyrrole_ring,0.001,R4,0,0.9474
random_lr,last,27,fg_pyrrole_ring,0.001,R4,1,0.9474
random_lr,last,27,fg_pyrrole_ring,0.001,R5,0,0.6316
random_lr,last,27,fg_pyrrole_ring,0.001,R5,1,0.6316
random_lr,last,27,fg_pyrrole_ring,0.001,R6,0,0.7895
random_lr,last,27,fg_pyrrole_ring,0.001,R6,1,0.7895
random_lr,last,27,fg_pyrrole_ring,0.001,R8,0,0.8947
random_lr,last,27,fg_pyrrole_ring,0.001,R8,1,0.8947
random_lr,last,27,fg_pyrrole_ring,0.001,R9,0,1.0
random_lr,last,27,fg_pyrrole_ring,0.001,R9,1,1.0
random_lr,last,27,fg_imidazole_ring,0.001,qm9s_val,0,0.8146
random_lr,last,27,fg_imidazole_ring,0.001,R0,0,0.8361
random_lr,last,27,fg_imidazole_ring,0.001,R2,0,0.5263
random_lr,last,27,fg_imidazole_ring,0.001,R2,1,0.5263
random_lr,last,27,fg_imidazole_ring,0.001,R3,0,1.0
random_lr,last,27,fg_imidazole_ring,0.001,R3,1,1.0
random_lr,last,27,fg_imidazole_ring,0.001,R4,0,1.0
random_lr,last,27,fg_imidazole_ring,0.001,R4,1,1.0
random_lr,last,27,fg_imidazole_ring,0.001,R5,0,0.5263
random_lr,last,27,fg_imidazole_ring,0.001,R5,1,0.5263
random_lr,last,27,fg_imidazole_ring,0.001,R6,0,0.3158
random_lr,last,27,fg_imidazole_ring,0.001,R6,1,0.3158
random_lr,last,27,fg_imidazole_ring,0.001,R8,0,1.0
random_lr,last,27,fg_imidazole_ring,0.001,R8,1,1.0
random_lr,last,27,fg_imidazole_ring,0.001,R9,0,0.3684
random_lr,last,27,fg_imidazole_ring,0.001,R9,1,0.3684
random_mm,last,27,fg_primary_amine,,qm9s_val,0,0.6453
random_mm,last,27,fg_primary_amine,,R0,0,0.6118
random_mm,last,27,fg_primary_amine,,R2,0,0.4211
random_mm,last,27,fg_primary_amine,,R2,1,0.4211
random_mm,last,27,fg_primary_amine,,R3,0,0.0526
random_mm,last,27,fg_primary_amine,,R3,1,0.0526
random_mm,last,27,fg_primary_amine,,R4,0,0.4737
random_mm,last,27,fg_primary_amine,,R4,1,0.4737
random_mm,last,27,fg_primary_amine,,R5,0,0.2632
random_mm,last,27,fg_primary_amine,,R5,1,0.2632
random_mm,last,27,fg_primary_amine,,R6,0,0.2632
random_mm,last,27,fg_primary_amine,,R6,1,0.2632
random_mm,last,27,fg_primary_amine,,R8,0,0.2632
random_mm,last,27,fg_primary_amine,,R8,1,0.2632
random_mm,last,27,fg_primary_amine,,R9,0,0.8947
random_mm,last,27,fg_primary_amine,,R9,1,0.8947
random_mm,last,27,fg_secondary_amine,,qm9s_val,0,0.645
random_mm,last,27,fg_secondary_amine,,R0,0,0.6377
random_mm,last,27,fg_secondary_amine,,R2,0,0.7895
random_mm,last,27,fg_secondary_amine,,R2,1,0.7895
random_mm,last,27,fg_secondary_amine,,R3,0,0.3684
random_mm,last,27,fg_secondary_amine,,R3,1,0.3684
random_mm,last,27,fg_secondary_amine,,R4,0,0.8947
random_mm,last,27,fg_secondary_amine,,R4,1,0.8947
random_mm,last,27,fg_secondary_amine,,R5,0,0.9474
random_mm,last,27,fg_secondary_amine,,R5,1,0.9474
random_mm,last,27,fg_secondary_amine,,R6,0,0.3158
random_mm,last,27,fg_secondary_amine,,R6,1,0.3158
random_mm,last,27,fg_secondary_amine,,R8,0,0.9474
random_mm,last,27,fg_secondary_amine,,R8,1,0.9474
random_mm,last,27,fg_secondary_amine,,R9,0,0.2105
random_mm,last,27,fg_secondary_amine,,R9,1,0.2105
random_mm,last,27,fg_amide,,qm9s_val,0,0.6952
random_mm,last,27,fg_amide,,R0,0,0.676
random_mm,last,27,fg_amide,,R2,0,0.75
random_mm,last,27,fg_amide,,R2,1,0.75
random_mm,last,27,fg_amide,,R3,0,0.5556
random_mm,last,27,fg_amide,,R3,1,0.5556
random_mm,last,27,fg_amide,,R4,0,0.9167
random_mm,last,27,fg_amide,,R4,1,0.9167
random_mm,last,27,fg_amide,,R5,0,0.9722
random_mm,last,27,fg_amide,,R5,1,0.9722
random_mm,last,27,fg_amide,,R6,0,0.8333
random_mm,last,27,fg_amide,,R6,1,0.8333
random_mm,last,27,fg_amide,,R8,0,0.6667
random_mm,last,27,fg_amide,,R8,1,0.6667
random_mm,last,27,fg_amide,,R9,0,0.5556
random_mm,last,27,fg_amide,,R9,1,0.5556
random_mm,last,27,fg_guanidine,,qm9s_val,0,0.8432
random_mm,last,27,fg_guanidine,,R0,0,0.8451
random_mm,last,27,fg_guanidine,,R2,0,0.5263
random_mm,last,27,fg_guanidine,,R2,1,0.5263
random_mm,last,27,fg_guanidine,,R3,0,0.4211
random_mm,last,27,fg_guanidine,,R3,1,0.4211
random_mm,last,27,fg_guanidine,,R4,0,0.1579
random_mm,last,27,fg_guanidine,,R4,1,0.1579
random_mm,last,27,fg_guanidine,,R5,0,0.3158
random_mm,last,27,fg_guanidine,,R5,1,0.3158
random_mm,last,27,fg_guanidine,,R6,0,0.4211
random_mm,last,27,fg_guanidine,,R6,1,0.4211
random_mm,last,27,fg_guanidine,,R8,0,0.3684
random_mm,last,27,fg_guanidine,,R8,1,0.3684
random_mm,last,27,fg_guanidine,,R9,0,0.3684
random_mm,last,27,fg_guanidine,,R9,1,0.3684
random_mm,last,27,fg_hydroxyl_aliphatic,,qm9s_val,0,0.6248
random_mm,last,27,fg_hydroxyl_aliphatic,,R0,0,0.6408
random_mm,last,27,fg_hydroxyl_aliphatic,,R2,0,0.6111
random_mm,last,27,fg_hydroxyl_aliphatic,,R2,1,0.6111
random_mm,last,27,fg_hydroxyl_aliphatic,,R3,0,0.4444
random_mm,last,27,fg_hydroxyl_aliphatic,,R3,1,0.4444
random_mm,last,27,fg_hydroxyl_aliphatic,,R4,0,0.75
random_mm,last,27,fg_hydroxyl_aliphatic,,R4,1,0.75
random_mm,last,27,fg_hydroxyl_aliphatic,,R5,0,0.4722
random_mm,last,27,fg_hydroxyl_aliphatic,,R5,1,0.4722
random_mm,last,27,fg_hydroxyl_aliphatic,,R6,0,0.6389
random_mm,last,27,fg_hydroxyl_aliphatic,,R6,1,0.6389
random_mm,last,27,fg_hydroxyl_aliphatic,,R8,0,0.8611
random_mm,last,27,fg_hydroxyl_aliphatic,,R8,1,0.8611
random_mm,last,27,fg_hydroxyl_aliphatic,,R9,0,0.6667
random_mm,last,27,fg_hydroxyl_aliphatic,,R9,1,0.6667
random_mm,last,27,fg_phenol,,qm9s_val,0,0.8272
random_mm,last,27,fg_phenol,,R0,0,0.7941
random_mm,last,27,fg_phenol,,R2,0,0.9474
random_mm,last,27,fg_phenol,,R2,1,0.9474
random_mm,last,27,fg_phenol,,R3,0,0.7368
random_mm,last,27,fg_phenol,,R3,1,0.7368
random_mm,last,27,fg_phenol,,R4,0,0.7895
random_mm,last,27,fg_phenol,,R4,1,0.7895
random_mm,last,27,fg_phenol,,R5,0,0.3158
random_mm,last,27,fg_phenol,,R5,1,0.3158
random_mm,last,27,fg_phenol,,R6,0,0.4737
random_mm,last,27,fg_phenol,,R6,1,0.4737
random_mm,last,27,fg_phenol,,R8,0,0.2632
random_mm,last,27,fg_phenol,,R8,1,0.2632
random_mm,last,27,fg_phenol,,R9,0,0.2632
random_mm,last,27,fg_phenol,,R9,1,0.2632
random_mm,last,27,fg_aromatic_ring,,qm9s_val,0,0.871
random_mm,last,27,fg_aromatic_ring,,R0,0,0.8658
random_mm,last,27,fg_aromatic_ring,,R2,0,0.6406
random_mm,last,27,fg_aromatic_ring,,R2,1,0.6406
random_mm,last,27,fg_aromatic_ring,,R3,0,0.7969
random_mm,last,27,fg_aromatic_ring,,R3,1,0.7969
random_mm,last,27,fg_aromatic_ring,,R4,0,0.7031
random_mm,last,27,fg_aromatic_ring,,R4,1,0.7031
random_mm,last,27,fg_aromatic_ring,,R5,0,0.375
random_mm,last,27,fg_aromatic_ring,,R5,1,0.375
random_mm,last,27,fg_aromatic_ring,,R6,0,0.4844
random_mm,last,27,fg_aromatic_ring,,R6,1,0.4844
random_mm,last,27,fg_aromatic_ring,,R8,0,0.5469
random_mm,last,27,fg_aromatic_ring,,R8,1,0.5469
random_mm,last,27,fg_aromatic_ring,,R9,0,0.6406
random_mm,last,27,fg_aromatic_ring,,R9,1,0.625
random_mm,last,27,fg_benzene_ring,,qm9s_val,0,0.8438
random_mm,last,27,fg_benzene_ring,,R0,0,0.8063
random_mm,last,27,fg_benzene_ring,,R2,0,0.7843
random_mm,last,27,fg_benzene_ring,,R2,1,0.7843
random_mm,last,27,fg_benzene_ring,,R3,0,0.6667
random_mm,last,27,fg_benzene_ring,,R3,1,0.6667
random_mm,last,27,fg_benzene_ring,,R4,0,0.8627
random_mm,last,27,fg_benzene_ring,,R4,1,0.8627
random_mm,last,27,fg_benzene_ring,,R5,0,0.3922
random_mm,last,27,fg_benzene_ring,,R5,1,0.3922
random_mm,last,27,fg_benzene_ring,,R6,0,0.5294
random_mm,last,27,fg_benzene_ring,,R6,1,0.5294
random_mm,last,27,fg_benzene_ring,,R8,0,0.3529
random_mm,last,27,fg_benzene_ring,,R8,1,0.3529
random_mm,last,27,fg_benzene_ring,,R9,0,0.4706
random_mm,last,27,fg_benzene_ring,,R9,1,0.4706
random_mm,last,27,fg_pyrrole_ring,,qm9s_val,0,0.7906
random_mm,last,27,fg_pyrrole_ring,,R0,0,0.7864
random_mm,last,27,fg_pyrrole_ring,,R2,0,0.7368
random_mm,last,27,fg_pyrrole_ring,,R2,1,0.7368
random_mm,last,27,fg_pyrrole_ring,,R3,0,1.0
random_mm,last,27,fg_pyrrole_ring,,R3,1,1.0
random_mm,last,27,fg_pyrrole_ring,,R4,0,1.0
random_mm,last,27,fg_pyrrole_ring,,R4,1,1.0
random_mm,last,27,fg_pyrrole_ring,,R5,0,0.2105
random_mm,last,27,fg_pyrrole_ring,,R5,1,0.2105
random_mm,last,27,fg_pyrrole_ring,,R6,0,0.5263
random_mm,last,27,fg_pyrrole_ring,,R6,1,0.5263
random_mm,last,27,fg_pyrrole_ring,,R8,0,0.4737
random_mm,last,27,fg_pyrrole_ring,,R8,1,0.4737
random_mm,last,27,fg_pyrrole_ring,,R9,0,0.7895
random_mm,last,27,fg_pyrrole_ring,,R9,1,0.7895
random_mm,last,27,fg_imidazole_ring,,qm9s_val,0,0.833
random_mm,last,27,fg_imidazole_ring,,R0,0,0.8234
random_mm,last,27,fg_imidazole_ring,,R2,0,0.3158
random_mm,last,27,fg_imidazole_ring,,R2,1,0.3158
random_mm,last,27,fg_imidazole_ring,,R3,0,0.8947
random_mm,last,27,fg_imidazole_ring,,R3,1,0.8947
random_mm,last,27,fg_imidazole_ring,,R4,0,0.5789
random_mm,last,27,fg_imidazole_ring,,R4,1,0.5789
random_mm,last,27,fg_imidazole_ring,,R5,0,0.4211
random_mm,last,27,fg_imidazole_ring,,R5,1,0.4211
random_mm,last,27,fg_imidazole_ring,,R6,0,0.2105
random_mm,last,27,fg_imidazole_ring,,R6,1,0.2105
random_mm,last,27,fg_imidazole_ring,,R8,0,0.7895
random_mm,last,27,fg_imidazole_ring,,R8,1,0.7895
random_mm,last,27,fg_imidazole_ring,,R9,0,0.7895
random_mm,last,27,fg_imidazole_ring,,R9,1,0.8421
random_lr,last,30,fg_primary_amine,0.001,qm9s_val,0,0.6916
random_lr,last,30,fg_primary_amine,0.001,R0,0,0.6603
random_lr,last,30,fg_primary_amine,0.001,R2,0,0.0526
random_lr,last,30,fg_primary_amine,0.001,R2,1,0.0526
random_lr,last,30,fg_primary_amine,0.001,R3,0,0.8947
random_lr,last,30,fg_primary_amine,0.001,R3,1,0.8947
random_lr,last,30,fg_primary_amine,0.001,R4,0,0.4737
random_lr,last,30,fg_primary_amine,0.001,R4,1,0.4737
random_lr,last,30,fg_primary_amine,0.001,R5,0,0.6316
random_lr,last,30,fg_primary_amine,0.001,R5,1,0.6316
random_lr,last,30,fg_primary_amine,0.001,R6,0,0.1579
random_lr,last,30,fg_primary_amine,0.001,R6,1,0.1579
random_lr,last,30,fg_primary_amine,0.001,R8,0,0.1053
random_lr,last,30,fg_primary_amine,0.001,R8,1,0.1053
random_lr,last,30,fg_primary_amine,0.001,R9,0,0.7368
random_lr,last,30,fg_primary_amine,0.001,R9,1,0.7368
random_lr,last,30,fg_secondary_amine,0.001,qm9s_val,0,0.6285
random_lr,last,30,fg_secondary_amine,0.001,R0,0,0.6387
random_lr,last,30,fg_secondary_amine,0.001,R2,0,0.8947
random_lr,last,30,fg_secondary_amine,0.001,R2,1,0.8947
random_lr,last,30,fg_secondary_amine,0.001,R3,0,0.1579
random_lr,last,30,fg_secondary_amine,0.001,R3,1,0.1579
random_lr,last,30,fg_secondary_amine,0.001,R4,0,0.2105
random_lr,last,30,fg_secondary_amine,0.001,R4,1,0.2105
random_lr,last,30,fg_secondary_amine,0.001,R5,0,0.4211
random_lr,last,30,fg_secondary_amine,0.001,R5,1,0.4211
random_lr,last,30,fg_secondary_amine,0.001,R6,0,0.1053
random_lr,last,30,fg_secondary_amine,0.001,R6,1,0.1053
random_lr,last,30,fg_secondary_amine,0.001,R8,0,0.6842
random_lr,last,30,fg_secondary_amine,0.001,R8,1,0.6842
random_lr,last,30,fg_secondary_amine,0.001,R9,0,0.2105
random_lr,last,30,fg_secondary_amine,0.001,R9,1,0.2105
random_lr,last,30,fg_amide,0.001,qm9s_val,0,0.6875
random_lr,last,30,fg_amide,0.001,R0,0,0.7028
random_lr,last,30,fg_amide,0.001,R2,0,0.7778
random_lr,last,30,fg_amide,0.001,R2,1,0.7778
random_lr,last,30,fg_amide,0.001,R3,0,0.5556
random_lr,last,30,fg_amide,0.001,R3,1,0.5556
random_lr,last,30,fg_amide,0.001,R4,0,0.7778
random_lr,last,30,fg_amide,0.001,R4,1,0.7778
random_lr,last,30,fg_amide,0.001,R5,0,0.75
random_lr,last,30,fg_amide,0.001,R5,1,0.75
random_lr,last,30,fg_amide,0.001,R6,0,0.4167
random_lr,last,30,fg_amide,0.001,R6,1,0.4167
random_lr,last,30,fg_amide,0.001,R8,0,0.4444
random_lr,last,30,fg_amide,0.001,R8,1,0.4444
random_lr,last,30,fg_amide,0.001,R9,0,0.8333
random_lr,last,30,fg_amide,0.001,R9,1,0.8333
random_lr,last,30,fg_guanidine,0.001,qm9s_val,0,0.8299
random_lr,last,30,fg_guanidine,0.001,R0,0,0.8765
random_lr,last,30,fg_guanidine,0.001,R2,0,0.9474
random_lr,last,30,fg_guanidine,0.001,R2,1,0.9474
random_lr,last,30,fg_guanidine,0.001,R3,0,0.4211
random_lr,last,30,fg_guanidine,0.001,R3,1,0.4211
random_lr,last,30,fg_guanidine,0.001,R4,0,0.7368
random_lr,last,30,fg_guanidine,0.001,R4,1,0.7368
random_lr,last,30,fg_guanidine,0.001,R5,0,0.4211
random_lr,last,30,fg_guanidine,0.001,R5,1,0.4211
random_lr,last,30,fg_guanidine,0.001,R6,0,0.6842
random_lr,last,30,fg_guanidine,0.001,R6,1,0.6842
random_lr,last,30,fg_guanidine,0.001,R8,0,0.7368
random_lr,last,30,fg_guanidine,0.001,R8,1,0.7368
random_lr,last,30,fg_guanidine,0.001,R9,0,0.6842
random_lr,last,30,fg_guanidine,0.001,R9,1,0.6842
random_lr,last,30,fg_hydroxyl_aliphatic,0.001,qm9s_val,0,0.6304
random_lr,last,30,fg_hydroxyl_aliphatic,0.001,R0,0,0.6335
random_lr,last,30,fg_hydroxyl_aliphatic,0.001,R2,0,0.4722
random_lr,last,30,fg_hydroxyl_aliphatic,0.001,R2,1,0.4722
random_lr,last,30,fg_hydroxyl_aliphatic,0.001,R3,0,0.2778
random_lr,last,30,fg_hydroxyl_aliphatic,0.001,R3,1,0.2778
random_lr,last,30,fg_hydroxyl_aliphatic,0.001,R4,0,0.8333
random_lr,last,30,fg_hydroxyl_aliphatic,0.001,R4,1,0.8333
random_lr,last,30,fg_hydroxyl_aliphatic,0.001,R5,0,0.75
random_lr,last,30,fg_hydroxyl_aliphatic,0.001,R5,1,0.75
random_lr,last,30,fg_hydroxyl_aliphatic,0.001,R6,0,0.5
random_lr,last,30,fg_hydroxyl_aliphatic,0.001,R6,1,0.5
random_lr,last,30,fg_hydroxyl_aliphatic,0.001,R8,0,0.9444
random_lr,last,30,fg_hydroxyl_aliphatic,0.001,R8,1,0.9444
random_lr,last,30,fg_hydroxyl_aliphatic,0.001,R9,0,0.5
random_lr,last,30,fg_hydroxyl_aliphatic,0.001,R9,1,0.5278
random_lr,last,30,fg_phenol,0.001,qm9s_val,0,0.8442
random_lr,last,30,fg_phenol,0.001,R0,0,0.8106
random_lr,last,30,fg_phenol,0.001,R2,0,0.3158
random_lr,last,30,fg_phenol,0.001,R2,1,0.3158
random_lr,last,30,fg_phenol,0.001,R3,0,0.4211
random_lr,last,30,fg_phenol,0.001,R3,1,0.4211
random_lr,last,30,fg_phenol,0.001,R4,0,0.5789
random_lr,last,30,fg_phenol,0.001,R4,1,0.5789
random_lr,last,30,fg_phenol,0.001,R5,0,0.4737
random_lr,last,30,fg_phenol,0.001,R5,1,0.4737
random_lr,last,30,fg_phenol,0.001,R6,0,0.5263
random_lr,last,30,fg_phenol,0.001,R6,1,0.5263
random_lr,last,30,fg_phenol,0.001,R8,0,0.0526
random_lr,last,30,fg_phenol,0.001,R8,1,0.0526
random_lr,last,30,fg_phenol,0.001,R9,0,0.0
random_lr,last,30,fg_phenol,0.001,R9,1,0.0
random_lr,last,30,fg_aromatic_ring,0.001,qm9s_val,0,0.9134
random_lr,last,30,fg_aromatic_ring,0.001,R0,0,0.9142
random_lr,last,30,fg_aromatic_ring,0.001,R2,0,0.6719
random_lr,last,30,fg_aromatic_ring,0.001,R2,1,0.6719
random_lr,last,30,fg_aromatic_ring,0.001,R3,0,0.7969
random_lr,last,30,fg_aromatic_ring,0.001,R3,1,0.7969
random_lr,last,30,fg_aromatic_ring,0.001,R4,0,0.6719
random_lr,last,30,fg_aromatic_ring,0.001,R4,1,0.6719
random_lr,last,30,fg_aromatic_ring,0.001,R5,0,0.5312
random_lr,last,30,fg_aromatic_ring,0.001,R5,1,0.5312
random_lr,last,30,fg_aromatic_ring,0.001,R6,0,0.375
random_lr,last,30,fg_aromatic_ring,0.001,R6,1,0.375
random_lr,last,30,fg_aromatic_ring,0.001,R8,0,0.7188
random_lr,last,30,fg_aromatic_ring,0.001,R8,1,0.7188
random_lr,last,30,fg_aromatic_ring,0.001,R9,0,0.5781
random_lr,last,30,fg_aromatic_ring,0.001,R9,1,0.5781
random_lr,last,30,fg_benzene_ring,0.001,qm9s_val,0,0.8577
random_lr,last,30,fg_benzene_ring,0.001,R0,0,0.8278
random_lr,last,30,fg_benzene_ring,0.001,R2,0,0.902
random_lr,last,30,fg_benzene_ring,0.001,R2,1,0.902
random_lr,last,30,fg_benzene_ring,0.001,R3,0,0.6471
random_lr,last,30,fg_benzene_ring,0.001,R3,1,0.6471
random_lr,last,30,fg_benzene_ring,0.001,R4,0,0.7647
random_lr,last,30,fg_benzene_ring,0.001,R4,1,0.7647
random_lr,last,30,fg_benzene_ring,0.001,R5,0,0.4314
random_lr,last,30,fg_benzene_ring,0.001,R5,1,0.4314
random_lr,last,30,fg_benzene_ring,0.001,R6,0,0.4118
random_lr,last,30,fg_benzene_ring,0.001,R6,1,0.4118
random_lr,last,30,fg_benzene_ring,0.001,R8,0,0.3922
random_lr,last,30,fg_benzene_ring,0.001,R8,1,0.3922
random_lr,last,30,fg_benzene_ring,0.001,R9,0,0.6275
random_lr,last,30,fg_benzene_ring,0.001,R9,1,0.6275
random_lr,last,30,fg_pyrrole_ring,0.001,qm9s_val,0,0.8095
random_lr,last,30,fg_pyrrole_ring,0.001,R0,0,0.7808
random_lr,last,30,fg_pyrrole_ring,0.001,R2,0,0.9474
random_lr,last,30,fg_pyrrole_ring,0.001,R2,1,0.9474
random_lr,last,30,fg_pyrrole_ring,0.001,R3,0,0.9474
random_lr,last,30,fg_pyrrole_ring,0.001,R3,1,0.9474
random_lr,last,30,fg_pyrrole_ring,0.001,R4,0,0.8947
random_lr,last,30,fg_pyrrole_ring,0.001,R4,1,0.8947
random_lr,last,30,fg_pyrrole_ring,0.001,R5,0,0.7368
random_lr,last,30,fg_pyrrole_ring,0.001,R5,1,0.7368
random_lr,last,30,fg_pyrrole_ring,0.001,R6,0,0.7368
random_lr,last,30,fg_pyrrole_ring,0.001,R6,1,0.7368
random_lr,last,30,fg_pyrrole_ring,0.001,R8,0,0.8947
random_lr,last,30,fg_pyrrole_ring,0.001,R8,1,0.8947
random_lr,last,30,fg_pyrrole_ring,0.001,R9,0,1.0
random_lr,last,30,fg_pyrrole_ring,0.001,R9,1,1.0
random_lr,last,30,fg_imidazole_ring,0.001,qm9s_val,0,0.8018
random_lr,last,30,fg_imidazole_ring,0.001,R0,0,0.831
random_lr,last,30,fg_imidazole_ring,0.001,R2,0,0.4211
random_lr,last,30,fg_imidazole_ring,0.001,R2,1,0.4211
random_lr,last,30,fg_imidazole_ring,0.001,R3,0,1.0
random_lr,last,30,fg_imidazole_ring,0.001,R3,1,1.0
random_lr,last,30,fg_imidazole_ring,0.001,R4,0,0.9474
random_lr,last,30,fg_imidazole_ring,0.001,R4,1,0.9474
random_lr,last,30,fg_imidazole_ring,0.001,R5,0,0.3684
random_lr,last,30,fg_imidazole_ring,0.001,R5,1,0.3684
random_lr,last,30,fg_imidazole_ring,0.001,R6,0,0.2632
random_lr,last,30,fg_imidazole_ring,0.001,R6,1,0.2632
random_lr,last,30,fg_imidazole_ring,0.001,R8,0,1.0
random_lr,last,30,fg_imidazole_ring,0.001,R8,1,1.0
random_lr,last,30,fg_imidazole_ring,0.001,R9,0,0.6316
random_lr,last,30,fg_imidazole_ring,0.001,R9,1,0.6316
random_mm,last,30,fg_primary_amine,,qm9s_val,0,0.6446
random_mm,last,30,fg_primary_amine,,R0,0,0.6131
random_mm,last,30,fg_primary_amine,,R2,0,0.4211
random_mm,last,30,fg_primary_amine,,R2,1,0.4211
random_mm,last,30,fg_primary_amine,,R3,0,0.0526
random_mm,last,30,fg_primary_amine,,R3,1,0.0526
random_mm,last,30,fg_primary_amine,,R4,0,0.4211
random_mm,last,30,fg_primary_amine,,R4,1,0.4211
random_mm,last,30,fg_primary_amine,,R5,0,0.2632
random_mm,last,30,fg_primary_amine,,R5,1,0.2632
random_mm,last,30,fg_primary_amine,,R6,0,0.2632
random_mm,last,30,fg_primary_amine,,R6,1,0.2632
random_mm,last,30,fg_primary_amine,,R8,0,0.2632
random_mm,last,30,fg_primary_amine,,R8,1,0.2632
random_mm,last,30,fg_primary_amine,,R9,0,0.8947
random_mm,last,30,fg_primary_amine,,R9,1,0.8947
random_mm,last,30,fg_secondary_amine,,qm9s_val,0,0.6443
random_mm,last,30,fg_secondary_amine,,R0,0,0.6373
random_mm,last,30,fg_secondary_amine,,R2,0,0.7368
random_mm,last,30,fg_secondary_amine,,R2,1,0.7368
random_mm,last,30,fg_secondary_amine,,R3,0,0.3684
random_mm,last,30,fg_secondary_amine,,R3,1,0.3684
random_mm,last,30,fg_secondary_amine,,R4,0,0.8947
random_mm,last,30,fg_secondary_amine,,R4,1,0.8947
random_mm,last,30,fg_secondary_amine,,R5,0,0.9474
random_mm,last,30,fg_secondary_amine,,R5,1,0.9474
random_mm,last,30,fg_secondary_amine,,R6,0,0.3158
random_mm,last,30,fg_secondary_amine,,R6,1,0.3158
random_mm,last,30,fg_secondary_amine,,R8,0,0.9474
random_mm,last,30,fg_secondary_amine,,R8,1,0.9474
random_mm,last,30,fg_secondary_amine,,R9,0,0.2105
random_mm,last,30,fg_secondary_amine,,R9,1,0.2105
random_mm,last,30,fg_amide,,qm9s_val,0,0.6943
random_mm,last,30,fg_amide,,R0,0,0.6767
random_mm,last,30,fg_amide,,R2,0,0.75
random_mm,last,30,fg_amide,,R2,1,0.75
random_mm,last,30,fg_amide,,R3,0,0.6111
random_mm,last,30,fg_amide,,R3,1,0.6111
random_mm,last,30,fg_amide,,R4,0,0.9167
random_mm,last,30,fg_amide,,R4,1,0.9167
random_mm,last,30,fg_amide,,R5,0,0.9444
random_mm,last,30,fg_amide,,R5,1,0.9444
random_mm,last,30,fg_amide,,R6,0,0.8333
random_mm,last,30,fg_amide,,R6,1,0.8333
random_mm,last,30,fg_amide,,R8,0,0.6667
random_mm,last,30,fg_amide,,R8,1,0.6667
random_mm,last,30,fg_amide,,R9,0,0.5556
random_mm,last,30,fg_amide,,R9,1,0.5556
random_mm,last,30,fg_guanidine,,qm9s_val,0,0.8438
random_mm,last,30,fg_guanidine,,R0,0,0.8455
random_mm,last,30,fg_guanidine,,R2,0,0.5263
random_mm,last,30,fg_guanidine,,R2,1,0.5263
random_mm,last,30,fg_guanidine,,R3,0,0.3684
random_mm,last,30,fg_guanidine,,R3,1,0.3684
random_mm,last,30,fg_guanidine,,R4,0,0.1579
random_mm,last,30,fg_guanidine,,R4,1,0.1579
random_mm,last,30,fg_guanidine,,R5,0,0.3158
random_mm,last,30,fg_guanidine,,R5,1,0.3158
random_mm,last,30,fg_guanidine,,R6,0,0.4211
random_mm,last,30,fg_guanidine,,R6,1,0.4211
random_mm,last,30,fg_guanidine,,R8,0,0.3684
random_mm,last,30,fg_guanidine,,R8,1,0.3684
random_mm,last,30,fg_guanidine,,R9,0,0.3684
random_mm,last,30,fg_guanidine,,R9,1,0.3684
random_mm,last,30,fg_hydroxyl_aliphatic,,qm9s_val,0,0.625
random_mm,last,30,fg_hydroxyl_aliphatic,,R0,0,0.641
random_mm,last,30,fg_hydroxyl_aliphatic,,R2,0,0.6111
random_mm,last,30,fg_hydroxyl_aliphatic,,R2,1,0.6111
random_mm,last,30,fg_hydroxyl_aliphatic,,R3,0,0.3333
random_mm,last,30,fg_hydroxyl_aliphatic,,R3,1,0.3333
random_mm,last,30,fg_hydroxyl_aliphatic,,R4,0,0.75
random_mm,last,30,fg_hydroxyl_aliphatic,,R4,1,0.75
random_mm,last,30,fg_hydroxyl_aliphatic,,R5,0,0.4722
random_mm,last,30,fg_hydroxyl_aliphatic,,R5,1,0.4722
random_mm,last,30,fg_hydroxyl_aliphatic,,R6,0,0.6389
random_mm,last,30,fg_hydroxyl_aliphatic,,R6,1,0.6389
random_mm,last,30,fg_hydroxyl_aliphatic,,R8,0,0.8611
random_mm,last,30,fg_hydroxyl_aliphatic,,R8,1,0.8611
random_mm,last,30,fg_hydroxyl_aliphatic,,R9,0,0.6667
random_mm,last,30,fg_hydroxyl_aliphatic,,R9,1,0.6389
random_mm,last,30,fg_phenol,,qm9s_val,0,0.8244
random_mm,last,30,fg_phenol,,R0,0,0.7936
random_mm,last,30,fg_phenol,,R2,0,0.9474
random_mm,last,30,fg_phenol,,R2,1,0.9474
random_mm,last,30,fg_phenol,,R3,0,0.7368
random_mm,last,30,fg_phenol,,R3,1,0.7368
random_mm,last,30,fg_phenol,,R4,0,0.7895
random_mm,last,30,fg_phenol,,R4,1,0.7895
random_mm,last,30,fg_phenol,,R5,0,0.3158
random_mm,last,30,fg_phenol,,R5,1,0.3158
random_mm,last,30,fg_phenol,,R6,0,0.4737
random_mm,last,30,fg_phenol,,R6,1,0.4737
random_mm,last,30,fg_phenol,,R8,0,0.2632
random_mm,last,30,fg_phenol,,R8,1,0.2632
random_mm,last,30,fg_phenol,,R9,0,0.2632
random_mm,last,30,fg_phenol,,R9,1,0.2632
random_mm,last,30,fg_aromatic_ring,,qm9s_val,0,0.8702
random_mm,last,30,fg_aromatic_ring,,R0,0,0.8653
random_mm,last,30,fg_aromatic_ring,,R2,0,0.6562
random_mm,last,30,fg_aromatic_ring,,R2,1,0.6562
random_mm,last,30,fg_aromatic_ring,,R3,0,0.7812
random_mm,last,30,fg_aromatic_ring,,R3,1,0.7812
random_mm,last,30,fg_aromatic_ring,,R4,0,0.7188
random_mm,last,30,fg_aromatic_ring,,R4,1,0.7188
random_mm,last,30,fg_aromatic_ring,,R5,0,0.3906
random_mm,last,30,fg_aromatic_ring,,R5,1,0.3906
random_mm,last,30,fg_aromatic_ring,,R6,0,0.4844
random_mm,last,30,fg_aromatic_ring,,R6,1,0.4844
random_mm,last,30,fg_aromatic_ring,,R8,0,0.4844
random_mm,last,30,fg_aromatic_ring,,R8,1,0.4844
random_mm,last,30,fg_aromatic_ring,,R9,0,0.625
random_mm,last,30,fg_aromatic_ring,,R9,1,0.625
random_mm,last,30,fg_benzene_ring,,qm9s_val,0,0.8427
random_mm,last,30,fg_benzene_ring,,R0,0,0.8059
random_mm,last,30,fg_benzene_ring,,R2,0,0.7647
random_mm,last,30,fg_benzene_ring,,R2,1,0.7647
random_mm,last,30,fg_benzene_ring,,R3,0,0.6471
random_mm,last,30,fg_benzene_ring,,R3,1,0.6471
random_mm,last,30,fg_benzene_ring,,R4,0,0.8627
random_mm,last,30,fg_benzene_ring,,R4,1,0.8627
random_mm,last,30,fg_benzene_ring,,R5,0,0.3922
random_mm,last,30,fg_benzene_ring,,R5,1,0.3922
random_mm,last,30,fg_benzene_ring,,R6,0,0.549
random_mm,last,30,fg_benzene_ring,,R6,1,0.549
random_mm,last,30,fg_benzene_ring,,R8,0,0.3137
random_mm,last,30,fg_benzene_ring,,R8,1,0.3137
random_mm,last,30,fg_benzene_ring,,R9,0,0.4706
random_mm,last,30,fg_benzene_ring,,R9,1,0.5098
random_mm,last,30,fg_pyrrole_ring,,qm9s_val,0,0.7914
random_mm,last,30,fg_pyrrole_ring,,R0,0,0.7861
random_mm,last,30,fg_pyrrole_ring,,R2,0,0.7895
random_mm,last,30,fg_pyrrole_ring,,R2,1,0.7895
random_mm,last,30,fg_pyrrole_ring,,R3,0,1.0
random_mm,last,30,fg_pyrrole_ring,,R3,1,1.0
random_mm,last,30,fg_pyrrole_ring,,R4,0,0.9474
random_mm,last,30,fg_pyrrole_ring,,R4,1,0.9474
random_mm,last,30,fg_pyrrole_ring,,R5,0,0.2105
random_mm,last,30,fg_pyrrole_ring,,R5,1,0.2105
random_mm,last,30,fg_pyrrole_ring,,R6,0,0.4737
random_mm,last,30,fg_pyrrole_ring,,R6,1,0.4737
random_mm,last,30,fg_pyrrole_ring,,R8,0,0.4737
random_mm,last,30,fg_pyrrole_ring,,R8,1,0.4737
random_mm,last,30,fg_pyrrole_ring,,R9,0,0.7895
random_mm,last,30,fg_pyrrole_ring,,R9,1,0.7895
random_mm,last,30,fg_imidazole_ring,,qm9s_val,0,0.8325
random_mm,last,30,fg_imidazole_ring,,R0,0,0.8239
random_mm,last,30,fg_imidazole_ring,,R2,0,0.3684
random_mm,last,30,fg_imidazole_ring,,R2,1,0.3684
random_mm,last,30,fg_imidazole_ring,,R3,0,0.8947
random_mm,last,30,fg_imidazole_ring,,R3,1,0.8947
random_mm,last,30,fg_imidazole_ring,,R4,0,0.5263
random_mm,last,30,fg_imidazole_ring,,R4,1,0.5263
random_mm,last,30,fg_imidazole_ring,,R5,0,0.3684
random_mm,last,30,fg_imidazole_ring,,R5,1,0.3684
random_mm,last,30,fg_imidazole_ring,,R6,0,0.1579
random_mm,last,30,fg_imidazole_ring,,R6,1,0.1579
random_mm,last,30,fg_imidazole_ring,,R8,0,0.7895
random_mm,last,30,fg_imidazole_ring,,R8,1,0.7895
random_mm,last,30,fg_imidazole_ring,,R9,0,0.7895
random_mm,last,30,fg_imidazole_ring,,R9,1,0.8421
random_lr,last,33,fg_primary_amine,0.001,qm9s_val,0,0.6951
random_lr,last,33,fg_primary_amine,0.001,R0,0,0.6672
random_lr,last,33,fg_primary_amine,0.001,R2,0,0.0
random_lr,last,33,fg_primary_amine,0.001,R2,1,0.0
random_lr,last,33,fg_primary_amine,0.001,R3,0,0.8947
random_lr,last,33,fg_primary_amine,0.001,R3,1,0.8947
random_lr,last,33,fg_primary_amine,0.001,R4,0,0.5263
random_lr,last,33,fg_primary_amine,0.001,R4,1,0.5263
random_lr,last,33,fg_primary_amine,0.001,R5,0,0.7368
random_lr,last,33,fg_primary_amine,0.001,R5,1,0.7368
random_lr,last,33,fg_primary_amine,0.001,R6,0,0.2632
random_lr,last,33,fg_primary_amine,0.001,R6,1,0.2632
random_lr,last,33,fg_primary_amine,0.001,R8,0,0.1579
random_lr,last,33,fg_primary_amine,0.001,R8,1,0.1579
random_lr,last,33,fg_primary_amine,0.001,R9,0,0.7368
random_lr,last,33,fg_primary_amine,0.001,R9,1,0.7368
random_lr,last,33,fg_secondary_amine,0.001,qm9s_val,0,0.6297
random_lr,last,33,fg_secondary_amine,0.001,R0,0,0.6368
random_lr,last,33,fg_secondary_amine,0.001,R2,0,0.8421
random_lr,last,33,fg_secondary_amine,0.001,R2,1,0.8421
random_lr,last,33,fg_secondary_amine,0.001,R3,0,0.2632
random_lr,last,33,fg_secondary_amine,0.001,R3,1,0.2632
random_lr,last,33,fg_secondary_amine,0.001,R4,0,0.1579
random_lr,last,33,fg_secondary_amine,0.001,R4,1,0.1579
random_lr,last,33,fg_secondary_amine,0.001,R5,0,0.3158
random_lr,last,33,fg_secondary_amine,0.001,R5,1,0.3158
random_lr,last,33,fg_secondary_amine,0.001,R6,0,0.2632
random_lr,last,33,fg_secondary_amine,0.001,R6,1,0.2632
random_lr,last,33,fg_secondary_amine,0.001,R8,0,0.9474
random_lr,last,33,fg_secondary_amine,0.001,R8,1,0.9474
random_lr,last,33,fg_secondary_amine,0.001,R9,0,0.1579
random_lr,last,33,fg_secondary_amine,0.001,R9,1,0.1579
random_lr,last,33,fg_amide,0.001,qm9s_val,0,0.6959
random_lr,last,33,fg_amide,0.001,R0,0,0.7021
random_lr,last,33,fg_amide,0.001,R2,0,0.6111
random_lr,last,33,fg_amide,0.001,R2,1,0.6111
random_lr,last,33,fg_amide,0.001,R3,0,0.5278
random_lr,last,33,fg_amide,0.001,R3,1,0.5278
random_lr,last,33,fg_amide,0.001,R4,0,0.8333
random_lr,last,33,fg_amide,0.001,R4,1,0.8333
random_lr,last,33,fg_amide,0.001,R5,0,0.7778
random_lr,last,33,fg_amide,0.001,R5,1,0.7778
random_lr,last,33,fg_amide,0.001,R6,0,0.2778
random_lr,last,33,fg_amide,0.001,R6,1,0.2778
random_lr,last,33,fg_amide,0.001,R8,0,0.6667
random_lr,last,33,fg_amide,0.001,R8,1,0.6667
random_lr,last,33,fg_amide,0.001,R9,0,0.8333
random_lr,last,33,fg_amide,0.001,R9,1,0.8333
random_lr,last,33,fg_guanidine,0.001,qm9s_val,0,0.8266
random_lr,last,33,fg_guanidine,0.001,R0,0,0.8736
random_lr,last,33,fg_guanidine,0.001,R2,0,0.9474
random_lr,last,33,fg_guanidine,0.001,R2,1,0.9474
random_lr,last,33,fg_guanidine,0.001,R3,0,0.4211
random_lr,last,33,fg_guanidine,0.001,R3,1,0.4211
random_lr,last,33,fg_guanidine,0.001,R4,0,0.7368
random_lr,last,33,fg_guanidine,0.001,R4,1,0.7368
random_lr,last,33,fg_guanidine,0.001,R5,0,0.3684
random_lr,last,33,fg_guanidine,0.001,R5,1,0.3684
random_lr,last,33,fg_guanidine,0.001,R6,0,0.6842
random_lr,last,33,fg_guanidine,0.001,R6,1,0.6842
random_lr,last,33,fg_guanidine,0.001,R8,0,0.7895
random_lr,last,33,fg_guanidine,0.001,R8,1,0.7895
random_lr,last,33,fg_guanidine,0.001,R9,0,0.6842
random_lr,last,33,fg_guanidine,0.001,R9,1,0.6842
random_lr,last,33,fg_hydroxyl_aliphatic,0.001,qm9s_val,0,0.6308
random_lr,last,33,fg_hydroxyl_aliphatic,0.001,R0,0,0.6268
random_lr,last,33,fg_hydroxyl_aliphatic,0.001,R2,0,0.4167
random_lr,last,33,fg_hydroxyl_aliphatic,0.001,R2,1,0.4167
random_lr,last,33,fg_hydroxyl_aliphatic,0.001,R3,0,0.1667
random_lr,last,33,fg_hydroxyl_aliphatic,0.001,R3,1,0.1667
random_lr,last,33,fg_hydroxyl_aliphatic,0.001,R4,0,0.8056
random_lr,last,33,fg_hydroxyl_aliphatic,0.001,R4,1,0.8056
random_lr,last,33,fg_hydroxyl_aliphatic,0.001,R5,0,0.7222
random_lr,last,33,fg_hydroxyl_aliphatic,0.001,R5,1,0.7222
random_lr,last,33,fg_hydroxyl_aliphatic,0.001,R6,0,0.3889
random_lr,last,33,fg_hydroxyl_aliphatic,0.001,R6,1,0.3889
random_lr,last,33,fg_hydroxyl_aliphatic,0.001,R8,0,0.8611
random_lr,last,33,fg_hydroxyl_aliphatic,0.001,R8,1,0.8611
random_lr,last,33,fg_hydroxyl_aliphatic,0.001,R9,0,0.5
random_lr,last,33,fg_hydroxyl_aliphatic,0.001,R9,1,0.5
random_lr,last,33,fg_phenol,0.001,qm9s_val,0,0.8378
random_lr,last,33,fg_phenol,0.001,R0,0,0.807
random_lr,last,33,fg_phenol,0.001,R2,0,0.2632
random_lr,last,33,fg_phenol,0.001,R2,1,0.2632
random_lr,last,33,fg_phenol,0.001,R3,0,0.4211
random_lr,last,33,fg_phenol,0.001,R3,1,0.4211
random_lr,last,33,fg_phenol,0.001,R4,0,0.8421
random_lr,last,33,fg_phenol,0.001,R4,1,0.8421
random_lr,last,33,fg_phenol,0.001,R5,0,0.5263
random_lr,last,33,fg_phenol,0.001,R5,1,0.5263
random_lr,last,33,fg_phenol,0.001,R6,0,0.4737
random_lr,last,33,fg_phenol,0.001,R6,1,0.4737
random_lr,last,33,fg_phenol,0.001,R8,0,0.0526
random_lr,last,33,fg_phenol,0.001,R8,1,0.0526
random_lr,last,33,fg_phenol,0.001,R9,0,0.0
random_lr,last,33,fg_phenol,0.001,R9,1,0.0
random_lr,last,33,fg_aromatic_ring,0.001,qm9s_val,0,0.9108
random_lr,last,33,fg_aromatic_ring,0.001,R0,0,0.9127
random_lr,last,33,fg_aromatic_ring,0.001,R2,0,0.7344
random_lr,last,33,fg_aromatic_ring,0.001,R2,1,0.7344
random_lr,last,33,fg_aromatic_ring,0.001,R3,0,0.8125
random_lr,last,33,fg_aromatic_ring,0.001,R3,1,0.8125
random_lr,last,33,fg_aromatic_ring,0.001,R4,0,0.625
random_lr,last,33,fg_aromatic_ring,0.001,R4,1,0.625
random_lr,last,33,fg_aromatic_ring,0.001,R5,0,0.5312
random_lr,last,33,fg_aromatic_ring,0.001,R5,1,0.5312
random_lr,last,33,fg_aromatic_ring,0.001,R6,0,0.375
random_lr,last,33,fg_aromatic_ring,0.001,R6,1,0.375
random_lr,last,33,fg_aromatic_ring,0.001,R8,0,0.6719
random_lr,last,33,fg_aromatic_ring,0.001,R8,1,0.6719
random_lr,last,33,fg_aromatic_ring,0.001,R9,0,0.5625
random_lr,last,33,fg_aromatic_ring,0.001,R9,1,0.5625
random_lr,last,33,fg_benzene_ring,0.001,qm9s_val,0,0.8498
random_lr,last,33,fg_benzene_ring,0.001,R0,0,0.8292
random_lr,last,33,fg_benzene_ring,0.001,R2,0,0.8431
random_lr,last,33,fg_benzene_ring,0.001,R2,1,0.8431
random_lr,last,33,fg_benzene_ring,0.001,R3,0,0.6471
random_lr,last,33,fg_benzene_ring,0.001,R3,1,0.6471
random_lr,last,33,fg_benzene_ring,0.001,R4,0,0.7843
random_lr,last,33,fg_benzene_ring,0.001,R4,1,0.7843
random_lr,last,33,fg_benzene_ring,0.001,R5,0,0.4902
random_lr,last,33,fg_benzene_ring,0.001,R5,1,0.4902
random_lr,last,33,fg_benzene_ring,0.001,R6,0,0.4314
random_lr,last,33,fg_benzene_ring,0.001,R6,1,0.4314
random_lr,last,33,fg_benzene_ring,0.001,R8,0,0.3922
random_lr,last,33,fg_benzene_ring,0.001,R8,1,0.3922
random_lr,last,33,fg_benzene_ring,0.001,R9,0,0.6275
random_lr,last,33,fg_benzene_ring,0.001,R9,1,0.6275
random_lr,last,33,fg_pyrrole_ring,0.001,qm9s_val,0,0.8153
random_lr,last,33,fg_pyrrole_ring,0.001,R0,0,0.7762
random_lr,last,33,fg_pyrrole_ring,0.001,R2,0,0.8421
random_lr,last,33,fg_pyrrole_ring,0.001,R2,1,0.8421
random_lr,last,33,fg_pyrrole_ring,0.001,R3,0,1.0
random_lr,last,33,fg_pyrrole_ring,0.001,R3,1,1.0
random_lr,last,33,fg_pyrrole_ring,0.001,R4,0,0.8421
random_lr,last,33,fg_pyrrole_ring,0.001,R4,1,0.8421
random_lr,last,33,fg_pyrrole_ring,0.001,R5,0,0.8947
random_lr,last,33,fg_pyrrole_ring,0.001,R5,1,0.8947
random_lr,last,33,fg_pyrrole_ring,0.001,R6,0,0.6316
random_lr,last,33,fg_pyrrole_ring,0.001,R6,1,0.6316
random_lr,last,33,fg_pyrrole_ring,0.001,R8,0,0.8421
random_lr,last,33,fg_pyrrole_ring,0.001,R8,1,0.8421
random_lr,last,33,fg_pyrrole_ring,0.001,R9,0,1.0
random_lr,last,33,fg_pyrrole_ring,0.001,R9,1,1.0
random_lr,last,33,fg_imidazole_ring,0.001,qm9s_val,0,0.8021
random_lr,last,33,fg_imidazole_ring,0.001,R0,0,0.8276
random_lr,last,33,fg_imidazole_ring,0.001,R2,0,0.3684
random_lr,last,33,fg_imidazole_ring,0.001,R2,1,0.3684
random_lr,last,33,fg_imidazole_ring,0.001,R3,0,1.0
random_lr,last,33,fg_imidazole_ring,0.001,R3,1,1.0
random_lr,last,33,fg_imidazole_ring,0.001,R4,0,0.8947
random_lr,last,33,fg_imidazole_ring,0.001,R4,1,0.8947
random_lr,last,33,fg_imidazole_ring,0.001,R5,0,0.3158
random_lr,last,33,fg_imidazole_ring,0.001,R5,1,0.3158
random_lr,last,33,fg_imidazole_ring,0.001,R6,0,0.3158
random_lr,last,33,fg_imidazole_ring,0.001,R6,1,0.3158
random_lr,last,33,fg_imidazole_ring,0.001,R8,0,1.0
random_lr,last,33,fg_imidazole_ring,0.001,R8,1,1.0
random_lr,last,33,fg_imidazole_ring,0.001,R9,0,0.6316
random_lr,last,33,fg_imidazole_ring,0.001,R9,1,0.6316
random_mm,last,33,fg_primary_amine,,qm9s_val,0,0.6495
random_mm,last,33,fg_primary_amine,,R0,0,0.6171
random_mm,last,33,fg_primary_amine,,R2,0,0.3684
random_mm,last,33,fg_primary_amine,,R2,1,0.3684
random_mm,last,33,fg_primary_amine,,R3,0,0.0526
random_mm,last,33,fg_primary_amine,,R3,1,0.0526
random_mm,last,33,fg_primary_amine,,R4,0,0.4211
random_mm,last,33,fg_primary_amine,,R4,1,0.4211
random_mm,last,33,fg_primary_amine,,R5,0,0.2632
random_mm,last,33,fg_primary_amine,,R5,1,0.2632
random_mm,last,33,fg_primary_amine,,R6,0,0.2632
random_mm,last,33,fg_primary_amine,,R6,1,0.2632
random_mm,last,33,fg_primary_amine,,R8,0,0.2632
random_mm,last,33,fg_primary_amine,,R8,1,0.2632
random_mm,last,33,fg_primary_amine,,R9,0,0.8947
random_mm,last,33,fg_primary_amine,,R9,1,0.8947
random_mm,last,33,fg_secondary_amine,,qm9s_val,0,0.6445
random_mm,last,33,fg_secondary_amine,,R0,0,0.6366
random_mm,last,33,fg_secondary_amine,,R2,0,0.7895
random_mm,last,33,fg_secondary_amine,,R2,1,0.7895
random_mm,last,33,fg_secondary_amine,,R3,0,0.3684
random_mm,last,33,fg_secondary_amine,,R3,1,0.3684
random_mm,last,33,fg_secondary_amine,,R4,0,0.8947
random_mm,last,33,fg_secondary_amine,,R4,1,0.8947
random_mm,last,33,fg_secondary_amine,,R5,0,0.9474
random_mm,last,33,fg_secondary_amine,,R5,1,0.9474
random_mm,last,33,fg_secondary_amine,,R6,0,0.3158
random_mm,last,33,fg_secondary_amine,,R6,1,0.3158
random_mm,last,33,fg_secondary_amine,,R8,0,0.9474
random_mm,last,33,fg_secondary_amine,,R8,1,0.9474
random_mm,last,33,fg_secondary_amine,,R9,0,0.2105
random_mm,last,33,fg_secondary_amine,,R9,1,0.2105
random_mm,last,33,fg_amide,,qm9s_val,0,0.6949
random_mm,last,33,fg_amide,,R0,0,0.6773
random_mm,last,33,fg_amide,,R2,0,0.75
random_mm,last,33,fg_amide,,R2,1,0.75
random_mm,last,33,fg_amide,,R3,0,0.5833
random_mm,last,33,fg_amide,,R3,1,0.5833
random_mm,last,33,fg_amide,,R4,0,0.9167
random_mm,last,33,fg_amide,,R4,1,0.9167
random_mm,last,33,fg_amide,,R5,0,0.9444
random_mm,last,33,fg_amide,,R5,1,0.9444
random_mm,last,33,fg_amide,,R6,0,0.8333
random_mm,last,33,fg_amide,,R6,1,0.8333
random_mm,last,33,fg_amide,,R8,0,0.6667
random_mm,last,33,fg_amide,,R8,1,0.6667
random_mm,last,33,fg_amide,,R9,0,0.5833
random_mm,last,33,fg_amide,,R9,1,0.5833
random_mm,last,33,fg_guanidine,,qm9s_val,0,0.8427
random_mm,last,33,fg_guanidine,,R0,0,0.8457
random_mm,last,33,fg_guanidine,,R2,0,0.5263
random_mm,last,33,fg_guanidine,,R2,1,0.5263
random_mm,last,33,fg_guanidine,,R3,0,0.3684
random_mm,last,33,fg_guanidine,,R3,1,0.3684
random_mm,last,33,fg_guanidine,,R4,0,0.1579
random_mm,last,33,fg_guanidine,,R4,1,0.1579
random_mm,last,33,fg_guanidine,,R5,0,0.3158
random_mm,last,33,fg_guanidine,,R5,1,0.3158
random_mm,last,33,fg_guanidine,,R6,0,0.4211
random_mm,last,33,fg_guanidine,,R6,1,0.4211
random_mm,last,33,fg_guanidine,,R8,0,0.3684
random_mm,last,33,fg_guanidine,,R8,1,0.3684
random_mm,last,33,fg_guanidine,,R9,0,0.3684
random_mm,last,33,fg_guanidine,,R9,1,0.3684
random_mm,last,33,fg_hydroxyl_aliphatic,,qm9s_val,0,0.6247
random_mm,last,33,fg_hydroxyl_aliphatic,,R0,0,0.6403
random_mm,last,33,fg_hydroxyl_aliphatic,,R2,0,0.6111
random_mm,last,33,fg_hydroxyl_aliphatic,,R2,1,0.6111
random_mm,last,33,fg_hydroxyl_aliphatic,,R3,0,0.3611
random_mm,last,33,fg_hydroxyl_aliphatic,,R3,1,0.3611
random_mm,last,33,fg_hydroxyl_aliphatic,,R4,0,0.6944
random_mm,last,33,fg_hydroxyl_aliphatic,,R4,1,0.6944
random_mm,last,33,fg_hydroxyl_aliphatic,,R5,0,0.4167
random_mm,last,33,fg_hydroxyl_aliphatic,,R5,1,0.4167
random_mm,last,33,fg_hydroxyl_aliphatic,,R6,0,0.6111
random_mm,last,33,fg_hydroxyl_aliphatic,,R6,1,0.6111
random_mm,last,33,fg_hydroxyl_aliphatic,,R8,0,0.8611
random_mm,last,33,fg_hydroxyl_aliphatic,,R8,1,0.8611
random_mm,last,33,fg_hydroxyl_aliphatic,,R9,0,0.6111
random_mm,last,33,fg_hydroxyl_aliphatic,,R9,1,0.6111
random_mm,last,33,fg_phenol,,qm9s_val,0,0.8229
random_mm,last,33,fg_phenol,,R0,0,0.7923
random_mm,last,33,fg_phenol,,R2,0,0.9474
random_mm,last,33,fg_phenol,,R2,1,0.9474
random_mm,last,33,fg_phenol,,R3,0,0.7368
random_mm,last,33,fg_phenol,,R3,1,0.7368
random_mm,last,33,fg_phenol,,R4,0,0.7895
random_mm,last,33,fg_phenol,,R4,1,0.7895
random_mm,last,33,fg_phenol,,R5,0,0.3158
random_mm,last,33,fg_phenol,,R5,1,0.3158
random_mm,last,33,fg_phenol,,R6,0,0.4737
random_mm,last,33,fg_phenol,,R6,1,0.4737
random_mm,last,33,fg_phenol,,R8,0,0.2632
random_mm,last,33,fg_phenol,,R8,1,0.2632
random_mm,last,33,fg_phenol,,R9,0,0.2632
random_mm,last,33,fg_phenol,,R9,1,0.2632
random_mm,last,33,fg_aromatic_ring,,qm9s_val,0,0.8695
random_mm,last,33,fg_aromatic_ring,,R0,0,0.8644
random_mm,last,33,fg_aromatic_ring,,R2,0,0.6562
random_mm,last,33,fg_aromatic_ring,,R2,1,0.6562
random_mm,last,33,fg_aromatic_ring,,R3,0,0.7969
random_mm,last,33,fg_aromatic_ring,,R3,1,0.7969
random_mm,last,33,fg_aromatic_ring,,R4,0,0.7344
random_mm,last,33,fg_aromatic_ring,,R4,1,0.7344
random_mm,last,33,fg_aromatic_ring,,R5,0,0.3438
random_mm,last,33,fg_aromatic_ring,,R5,1,0.3438
random_mm,last,33,fg_aromatic_ring,,R6,0,0.4688
random_mm,last,33,fg_aromatic_ring,,R6,1,0.4688
random_mm,last,33,fg_aromatic_ring,,R8,0,0.5
random_mm,last,33,fg_aromatic_ring,,R8,1,0.5
random_mm,last,33,fg_aromatic_ring,,R9,0,0.6562
random_mm,last,33,fg_aromatic_ring,,R9,1,0.6562
random_mm,last,33,fg_benzene_ring,,qm9s_val,0,0.8429
random_mm,last,33,fg_benzene_ring,,R0,0,0.8061
random_mm,last,33,fg_benzene_ring,,R2,0,0.7451
random_mm,last,33,fg_benzene_ring,,R2,1,0.7451
random_mm,last,33,fg_benzene_ring,,R3,0,0.6471
random_mm,last,33,fg_benzene_ring,,R3,1,0.6471
random_mm,last,33,fg_benzene_ring,,R4,0,0.8627
random_mm,last,33,fg_benzene_ring,,R4,1,0.8627
random_mm,last,33,fg_benzene_ring,,R5,0,0.3922
random_mm,last,33,fg_benzene_ring,,R5,1,0.3922
random_mm,last,33,fg_benzene_ring,,R6,0,0.549
random_mm,last,33,fg_benzene_ring,,R6,1,0.549
random_mm,last,33,fg_benzene_ring,,R8,0,0.3333
random_mm,last,33,fg_benzene_ring,,R8,1,0.3333
random_mm,last,33,fg_benzene_ring,,R9,0,0.5294
random_mm,last,33,fg_benzene_ring,,R9,1,0.549
random_mm,last,33,fg_pyrrole_ring,,qm9s_val,0,0.7911
random_mm,last,33,fg_pyrrole_ring,,R0,0,0.7842
random_mm,last,33,fg_pyrrole_ring,,R2,0,0.7368
random_mm,last,33,fg_pyrrole_ring,,R2,1,0.7368
random_mm,last,33,fg_pyrrole_ring,,R3,0,1.0
random_mm,last,33,fg_pyrrole_ring,,R3,1,1.0
random_mm,last,33,fg_pyrrole_ring,,R4,0,1.0
random_mm,last,33,fg_pyrrole_ring,,R4,1,1.0
random_mm,last,33,fg_pyrrole_ring,,R5,0,0.2105
random_mm,last,33,fg_pyrrole_ring,,R5,1,0.2105
random_mm,last,33,fg_pyrrole_ring,,R6,0,0.5263
random_mm,last,33,fg_pyrrole_ring,,R6,1,0.5263
random_mm,last,33,fg_pyrrole_ring,,R8,0,0.4737
random_mm,last,33,fg_pyrrole_ring,,R8,1,0.4737
random_mm,last,33,fg_pyrrole_ring,,R9,0,0.7895
random_mm,last,33,fg_pyrrole_ring,,R9,1,0.7895
random_mm,last,33,fg_imidazole_ring,,qm9s_val,0,0.8308
random_mm,last,33,fg_imidazole_ring,,R0,0,0.8225
random_mm,last,33,fg_imidazole_ring,,R2,0,0.3684
random_mm,last,33,fg_imidazole_ring,,R2,1,0.3684
random_mm,last,33,fg_imidazole_ring,,R3,0,0.8947
random_mm,last,33,fg_imidazole_ring,,R3,1,0.8947
random_mm,last,33,fg_imidazole_ring,,R4,0,0.5263
random_mm,last,33,fg_imidazole_ring,,R4,1,0.5263
random_mm,last,33,fg_imidazole_ring,,R5,0,0.3158
random_mm,last,33,fg_imidazole_ring,,R5,1,0.3158
random_mm,last,33,fg_imidazole_ring,,R6,0,0.2105
random_mm,last,33,fg_imidazole_ring,,R6,1,0.2105
random_mm,last,33,fg_imidazole_ring,,R8,0,0.7895
random_mm,last,33,fg_imidazole_ring,,R8,1,0.7895
random_mm,last,33,fg_imidazole_ring,,R9,0,0.7895
random_mm,last,33,fg_imidazole_ring,,R9,1,0.7895
random_lr,last,36,fg_primary_amine,0.001,qm9s_val,0,0.7104
random_lr,last,36,fg_primary_amine,0.001,R0,0,0.6602
random_lr,last,36,fg_primary_amine,0.001,R2,0,0.0
random_lr,last,36,fg_primary_amine,0.001,R2,1,0.0
random_lr,last,36,fg_primary_amine,0.001,R3,0,0.9474
random_lr,last,36,fg_primary_amine,0.001,R3,1,0.9474
random_lr,last,36,fg_primary_amine,0.001,R4,0,0.5263
random_lr,last,36,fg_primary_amine,0.001,R4,1,0.5263
random_lr,last,36,fg_primary_amine,0.001,R5,0,0.7368
random_lr,last,36,fg_primary_amine,0.001,R5,1,0.7368
random_lr,last,36,fg_primary_amine,0.001,R6,0,0.3158
random_lr,last,36,fg_primary_amine,0.001,R6,1,0.3158
random_lr,last,36,fg_primary_amine,0.001,R8,0,0.0526
random_lr,last,36,fg_primary_amine,0.001,R8,1,0.0526
random_lr,last,36,fg_primary_amine,0.001,R9,0,0.7895
random_lr,last,36,fg_primary_amine,0.001,R9,1,0.7895
random_lr,last,36,fg_secondary_amine,0.001,qm9s_val,0,0.6337
random_lr,last,36,fg_secondary_amine,0.001,R0,0,0.634
random_lr,last,36,fg_secondary_amine,0.001,R2,0,0.8947
random_lr,last,36,fg_secondary_amine,0.001,R2,1,0.8947
random_lr,last,36,fg_secondary_amine,0.001,R3,0,0.3158
random_lr,last,36,fg_secondary_amine,0.001,R3,1,0.3158
random_lr,last,36,fg_secondary_amine,0.001,R4,0,0.1579
random_lr,last,36,fg_secondary_amine,0.001,R4,1,0.1579
random_lr,last,36,fg_secondary_amine,0.001,R5,0,0.6316
random_lr,last,36,fg_secondary_amine,0.001,R5,1,0.6316
random_lr,last,36,fg_secondary_amine,0.001,R6,0,0.4211
random_lr,last,36,fg_secondary_amine,0.001,R6,1,0.4211
random_lr,last,36,fg_secondary_amine,0.001,R8,0,1.0
random_lr,last,36,fg_secondary_amine,0.001,R8,1,1.0
random_lr,last,36,fg_secondary_amine,0.001,R9,0,0.1579
random_lr,last,36,fg_secondary_amine,0.001,R9,1,0.1579
random_lr,last,36,fg_amide,0.001,qm9s_val,0,0.6929
random_lr,last,36,fg_amide,0.001,R0,0,0.6989
random_lr,last,36,fg_amide,0.001,R2,0,0.4722
random_lr,last,36,fg_amide,0.001,R2,1,0.4722
random_lr,last,36,fg_amide,0.001,R3,0,0.4444
random_lr,last,36,fg_amide,0.001,R3,1,0.4444
random_lr,last,36,fg_amide,0.001,R4,0,0.7778
random_lr,last,36,fg_amide,0.001,R4,1,0.7778
random_lr,last,36,fg_amide,0.001,R5,0,0.7778
random_lr,last,36,fg_amide,0.001,R5,1,0.7778
random_lr,last,36,fg_amide,0.001,R6,0,0.3611
random_lr,last,36,fg_amide,0.001,R6,1,0.3611
random_lr,last,36,fg_amide,0.001,R8,0,0.4722
random_lr,last,36,fg_amide,0.001,R8,1,0.4722
random_lr,last,36,fg_amide,0.001,R9,0,0.8889
random_lr,last,36,fg_amide,0.001,R9,1,0.8889
random_lr,last,36,fg_guanidine,0.001,qm9s_val,0,0.8125
random_lr,last,36,fg_guanidine,0.001,R0,0,0.868
random_lr,last,36,fg_guanidine,0.001,R2,0,0.9474
random_lr,last,36,fg_guanidine,0.001,R2,1,0.9474
random_lr,last,36,fg_guanidine,0.001,R3,0,0.4737
random_lr,last,36,fg_guanidine,0.001,R3,1,0.4737
random_lr,last,36,fg_guanidine,0.001,R4,0,0.7368
random_lr,last,36,fg_guanidine,0.001,R4,1,0.7368
random_lr,last,36,fg_guanidine,0.001,R5,0,0.5789
random_lr,last,36,fg_guanidine,0.001,R5,1,0.5789
random_lr,last,36,fg_guanidine,0.001,R6,0,0.9474
random_lr,last,36,fg_guanidine,0.001,R6,1,0.9474
random_lr,last,36,fg_guanidine,0.001,R8,0,0.8421
random_lr,last,36,fg_guanidine,0.001,R8,1,0.8421
random_lr,last,36,fg_guanidine,0.001,R9,0,0.6316
random_lr,last,36,fg_guanidine,0.001,R9,1,0.6316
random_lr,last,36,fg_hydroxyl_aliphatic,0.001,qm9s_val,0,0.6304
random_lr,last,36,fg_hydroxyl_aliphatic,0.001,R0,0,0.625
random_lr,last,36,fg_hydroxyl_aliphatic,0.001,R2,0,0.5556
random_lr,last,36,fg_hydroxyl_aliphatic,0.001,R2,1,0.5556
random_lr,last,36,fg_hydroxyl_aliphatic,0.001,R3,0,0.1944
random_lr,last,36,fg_hydroxyl_aliphatic,0.001,R3,1,0.1944
random_lr,last,36,fg_hydroxyl_aliphatic,0.001,R4,0,0.9167
random_lr,last,36,fg_hydroxyl_aliphatic,0.001,R4,1,0.9167
random_lr,last,36,fg_hydroxyl_aliphatic,0.001,R5,0,0.7778
random_lr,last,36,fg_hydroxyl_aliphatic,0.001,R5,1,0.7778
random_lr,last,36,fg_hydroxyl_aliphatic,0.001,R6,0,0.4444
random_lr,last,36,fg_hydroxyl_aliphatic,0.001,R6,1,0.4444
random_lr,last,36,fg_hydroxyl_aliphatic,0.001,R8,0,0.9722
random_lr,last,36,fg_hydroxyl_aliphatic,0.001,R8,1,0.9722
random_lr,last,36,fg_hydroxyl_aliphatic,0.001,R9,0,0.5278
random_lr,last,36,fg_hydroxyl_aliphatic,0.001,R9,1,0.5556
random_lr,last,36,fg_phenol,0.001,qm9s_val,0,0.8363
random_lr,last,36,fg_phenol,0.001,R0,0,0.8079
random_lr,last,36,fg_phenol,0.001,R2,0,0.2105
random_lr,last,36,fg_phenol,0.001,R2,1,0.2105
random_lr,last,36,fg_phenol,0.001,R3,0,0.5263
random_lr,last,36,fg_phenol,0.001,R3,1,0.5263
random_lr,last,36,fg_phenol,0.001,R4,0,0.8421
random_lr,last,36,fg_phenol,0.001,R4,1,0.8421
random_lr,last,36,fg_phenol,0.001,R5,0,0.3158
random_lr,last,36,fg_phenol,0.001,R5,1,0.3158
random_lr,last,36,fg_phenol,0.001,R6,0,0.4737
random_lr,last,36,fg_phenol,0.001,R6,1,0.4737
random_lr,last,36,fg_phenol,0.001,R8,0,0.0526
random_lr,last,36,fg_phenol,0.001,R8,1,0.0526
random_lr,last,36,fg_phenol,0.001,R9,0,0.0
random_lr,last,36,fg_phenol,0.001,R9,1,0.0
random_lr,last,36,fg_aromatic_ring,0.001,qm9s_val,0,0.9094
random_lr,last,36,fg_aromatic_ring,0.001,R0,0,0.9124
random_lr,last,36,fg_aromatic_ring,0.001,R2,0,0.7656
random_lr,last,36,fg_aromatic_ring,0.001,R2,1,0.7656
random_lr,last,36,fg_aromatic_ring,0.001,R3,0,0.8125
random_lr,last,36,fg_aromatic_ring,0.001,R3,1,0.8125
random_lr,last,36,fg_aromatic_ring,0.001,R4,0,0.5625
random_lr,last,36,fg_aromatic_ring,0.001,R4,1,0.5625
random_lr,last,36,fg_aromatic_ring,0.001,R5,0,0.5156
random_lr,last,36,fg_aromatic_ring,0.001,R5,1,0.5156
random_lr,last,36,fg_aromatic_ring,0.001,R6,0,0.4375
random_lr,last,36,fg_aromatic_ring,0.001,R6,1,0.4375
random_lr,last,36,fg_aromatic_ring,0.001,R8,0,0.6406
random_lr,last,36,fg_aromatic_ring,0.001,R8,1,0.6406
random_lr,last,36,fg_aromatic_ring,0.001,R9,0,0.6094
random_lr,last,36,fg_aromatic_ring,0.001,R9,1,0.5938
random_lr,last,36,fg_benzene_ring,0.001,qm9s_val,0,0.8527
random_lr,last,36,fg_benzene_ring,0.001,R0,0,0.8285
random_lr,last,36,fg_benzene_ring,0.001,R2,0,0.8431
random_lr,last,36,fg_benzene_ring,0.001,R2,1,0.8431
random_lr,last,36,fg_benzene_ring,0.001,R3,0,0.7059
random_lr,last,36,fg_benzene_ring,0.001,R3,1,0.7059
random_lr,last,36,fg_benzene_ring,0.001,R4,0,0.7451
random_lr,last,36,fg_benzene_ring,0.001,R4,1,0.7451
random_lr,last,36,fg_benzene_ring,0.001,R5,0,0.4118
random_lr,last,36,fg_benzene_ring,0.001,R5,1,0.4118
random_lr,last,36,fg_benzene_ring,0.001,R6,0,0.4314
random_lr,last,36,fg_benzene_ring,0.001,R6,1,0.4314
random_lr,last,36,fg_benzene_ring,0.001,R8,0,0.451
random_lr,last,36,fg_benzene_ring,0.001,R8,1,0.451
random_lr,last,36,fg_benzene_ring,0.001,R9,0,0.6471
random_lr,last,36,fg_benzene_ring,0.001,R9,1,0.6471
random_lr,last,36,fg_pyrrole_ring,0.001,qm9s_val,0,0.8103
random_lr,last,36,fg_pyrrole_ring,0.001,R0,0,0.7678
random_lr,last,36,fg_pyrrole_ring,0.001,R2,0,0.9474
random_lr,last,36,fg_pyrrole_ring,0.001,R2,1,0.9474
random_lr,last,36,fg_pyrrole_ring,0.001,R3,0,1.0
random_lr,last,36,fg_pyrrole_ring,0.001,R3,1,1.0
random_lr,last,36,fg_pyrrole_ring,0.001,R4,0,0.8421
random_lr,last,36,fg_pyrrole_ring,0.001,R4,1,0.8421
random_lr,last,36,fg_pyrrole_ring,0.001,R5,0,0.7368
random_lr,last,36,fg_pyrrole_ring,0.001,R5,1,0.7368
random_lr,last,36,fg_pyrrole_ring,0.001,R6,0,0.8421
random_lr,last,36,fg_pyrrole_ring,0.001,R6,1,0.8421
random_lr,last,36,fg_pyrrole_ring,0.001,R8,0,0.7368
random_lr,last,36,fg_pyrrole_ring,0.001,R8,1,0.7368
random_lr,last,36,fg_pyrrole_ring,0.001,R9,0,1.0
random_lr,last,36,fg_pyrrole_ring,0.001,R9,1,1.0
random_lr,last,36,fg_imidazole_ring,0.001,qm9s_val,0,0.8057
random_lr,last,36,fg_imidazole_ring,0.001,R0,0,0.8217
random_lr,last,36,fg_imidazole_ring,0.001,R2,0,0.3158
random_lr,last,36,fg_imidazole_ring,0.001,R2,1,0.3158
random_lr,last,36,fg_imidazole_ring,0.001,R3,0,1.0
random_lr,last,36,fg_imidazole_ring,0.001,R3,1,1.0
random_lr,last,36,fg_imidazole_ring,0.001,R4,0,0.9474
random_lr,last,36,fg_imidazole_ring,0.001,R4,1,0.9474
random_lr,last,36,fg_imidazole_ring,0.001,R5,0,0.5263
random_lr,last,36,fg_imidazole_ring,0.001,R5,1,0.5263
random_lr,last,36,fg_imidazole_ring,0.001,R6,0,0.3158
random_lr,last,36,fg_imidazole_ring,0.001,R6,1,0.3158
random_lr,last,36,fg_imidazole_ring,0.001,R8,0,0.9474
random_lr,last,36,fg_imidazole_ring,0.001,R8,1,0.9474
random_lr,last,36,fg_imidazole_ring,0.001,R9,0,0.5263
random_lr,last,36,fg_imidazole_ring,0.001,R9,1,0.5263
random_mm,last,36,fg_primary_amine,,qm9s_val,0,0.6477
random_mm,last,36,fg_primary_amine,,R0,0,0.6172
random_mm,last,36,fg_primary_amine,,R2,0,0.3684
random_mm,last,36,fg_primary_amine,,R2,1,0.3684
random_mm,last,36,fg_primary_amine,,R3,0,0.0526
random_mm,last,36,fg_primary_amine,,R3,1,0.0526
random_mm,last,36,fg_primary_amine,,R4,0,0.4737
random_mm,last,36,fg_primary_amine,,R4,1,0.4737
random_mm,last,36,fg_primary_amine,,R5,0,0.3158
random_mm,last,36,fg_primary_amine,,R5,1,0.3158
random_mm,last,36,fg_primary_amine,,R6,0,0.2632
random_mm,last,36,fg_primary_amine,,R6,1,0.2632
random_mm,last,36,fg_primary_amine,,R8,0,0.2632
random_mm,last,36,fg_primary_amine,,R8,1,0.2632
random_mm,last,36,fg_primary_amine,,R9,0,0.8947
random_mm,last,36,fg_primary_amine,,R9,1,0.8947
random_mm,last,36,fg_secondary_amine,,qm9s_val,0,0.644
random_mm,last,36,fg_secondary_amine,,R0,0,0.6364
random_mm,last,36,fg_secondary_amine,,R2,0,0.7895
random_mm,last,36,fg_secondary_amine,,R2,1,0.7895
random_mm,last,36,fg_secondary_amine,,R3,0,0.3684
random_mm,last,36,fg_secondary_amine,,R3,1,0.3684
random_mm,last,36,fg_secondary_amine,,R4,0,0.8947
random_mm,last,36,fg_secondary_amine,,R4,1,0.8947
random_mm,last,36,fg_secondary_amine,,R5,0,0.9474
random_mm,last,36,fg_secondary_amine,,R5,1,0.9474
random_mm,last,36,fg_secondary_amine,,R6,0,0.3158
random_mm,last,36,fg_secondary_amine,,R6,1,0.3158
random_mm,last,36,fg_secondary_amine,,R8,0,0.9474
random_mm,last,36,fg_secondary_amine,,R8,1,0.9474
random_mm,last,36,fg_secondary_amine,,R9,0,0.2105
random_mm,last,36,fg_secondary_amine,,R9,1,0.2105
random_mm,last,36,fg_amide,,qm9s_val,0,0.695
random_mm,last,36,fg_amide,,R0,0,0.6781
random_mm,last,36,fg_amide,,R2,0,0.6667
random_mm,last,36,fg_amide,,R2,1,0.6667
random_mm,last,36,fg_amide,,R3,0,0.6111
random_mm,last,36,fg_amide,,R3,1,0.6111
random_mm,last,36,fg_amide,,R4,0,0.9167
random_mm,last,36,fg_amide,,R4,1,0.9167
random_mm,last,36,fg_amide,,R5,0,0.9722
random_mm,last,36,fg_amide,,R5,1,0.9722
random_mm,last,36,fg_amide,,R6,0,0.8333
random_mm,last,36,fg_amide,,R6,1,0.8333
random_mm,last,36,fg_amide,,R8,0,0.6667
random_mm,last,36,fg_amide,,R8,1,0.6667
random_mm,last,36,fg_amide,,R9,0,0.5556
random_mm,last,36,fg_amide,,R9,1,0.5556
random_mm,last,36,fg_guanidine,,qm9s_val,0,0.8411
random_mm,last,36,fg_guanidine,,R0,0,0.8447
random_mm,last,36,fg_guanidine,,R2,0,0.5263
random_mm,last,36,fg_guanidine,,R2,1,0.5263
random_mm,last,36,fg_guanidine,,R3,0,0.3684
random_mm,last,36,fg_guanidine,,R3,1,0.3684
random_mm,last,36,fg_guanidine,,R4,0,0.1579
random_mm,last,36,fg_guanidine,,R4,1,0.1579
random_mm,last,36,fg_guanidine,,R5,0,0.2632
random_mm,last,36,fg_guanidine,,R5,1,0.2632
random_mm,last,36,fg_guanidine,,R6,0,0.4211
random_mm,last,36,fg_guanidine,,R6,1,0.4211
random_mm,last,36,fg_guanidine,,R8,0,0.3684
random_mm,last,36,fg_guanidine,,R8,1,0.3684
random_mm,last,36,fg_guanidine,,R9,0,0.3684
random_mm,last,36,fg_guanidine,,R9,1,0.3684
random_mm,last,36,fg_hydroxyl_aliphatic,,qm9s_val,0,0.6242
random_mm,last,36,fg_hydroxyl_aliphatic,,R0,0,0.6405
random_mm,last,36,fg_hydroxyl_aliphatic,,R2,0,0.6389
random_mm,last,36,fg_hydroxyl_aliphatic,,R2,1,0.6389
random_mm,last,36,fg_hydroxyl_aliphatic,,R3,0,0.4167
random_mm,last,36,fg_hydroxyl_aliphatic,,R3,1,0.4167
random_mm,last,36,fg_hydroxyl_aliphatic,,R4,0,0.75
random_mm,last,36,fg_hydroxyl_aliphatic,,R4,1,0.75
random_mm,last,36,fg_hydroxyl_aliphatic,,R5,0,0.4167
random_mm,last,36,fg_hydroxyl_aliphatic,,R5,1,0.4167
random_mm,last,36,fg_hydroxyl_aliphatic,,R6,0,0.6389
random_mm,last,36,fg_hydroxyl_aliphatic,,R6,1,0.6389
random_mm,last,36,fg_hydroxyl_aliphatic,,R8,0,0.8611
random_mm,last,36,fg_hydroxyl_aliphatic,,R8,1,0.8611
random_mm,last,36,fg_hydroxyl_aliphatic,,R9,0,0.6389
random_mm,last,36,fg_hydroxyl_aliphatic,,R9,1,0.6111
random_mm,last,36,fg_phenol,,qm9s_val,0,0.8214
random_mm,last,36,fg_phenol,,R0,0,0.7915
random_mm,last,36,fg_phenol,,R2,0,0.9474
random_mm,last,36,fg_phenol,,R2,1,0.9474
random_mm,last,36,fg_phenol,,R3,0,0.7368
random_mm,last,36,fg_phenol,,R3,1,0.7368
random_mm,last,36,fg_phenol,,R4,0,0.8421
random_mm,last,36,fg_phenol,,R4,1,0.8421
random_mm,last,36,fg_phenol,,R5,0,0.4211
random_mm,last,36,fg_phenol,,R5,1,0.4211
random_mm,last,36,fg_phenol,,R6,0,0.4737
random_mm,last,36,fg_phenol,,R6,1,0.4737
random_mm,last,36,fg_phenol,,R8,0,0.2632
random_mm,last,36,fg_phenol,,R8,1,0.2632
random_mm,last,36,fg_phenol,,R9,0,0.2632
random_mm,last,36,fg_phenol,,R9,1,0.2632
random_mm,last,36,fg_aromatic_ring,,qm9s_val,0,0.8687
random_mm,last,36,fg_aromatic_ring,,R0,0,0.8647
random_mm,last,36,fg_aromatic_ring,,R2,0,0.6719
random_mm,last,36,fg_aromatic_ring,,R2,1,0.6719
random_mm,last,36,fg_aromatic_ring,,R3,0,0.7812
random_mm,last,36,fg_aromatic_ring,,R3,1,0.7812
random_mm,last,36,fg_aromatic_ring,,R4,0,0.75
random_mm,last,36,fg_aromatic_ring,,R4,1,0.75
random_mm,last,36,fg_aromatic_ring,,R5,0,0.375
random_mm,last,36,fg_aromatic_ring,,R5,1,0.375
random_mm,last,36,fg_aromatic_ring,,R6,0,0.4844
random_mm,last,36,fg_aromatic_ring,,R6,1,0.4844
random_mm,last,36,fg_aromatic_ring,,R8,0,0.5312
random_mm,last,36,fg_aromatic_ring,,R8,1,0.5312
random_mm,last,36,fg_aromatic_ring,,R9,0,0.6562
random_mm,last,36,fg_aromatic_ring,,R9,1,0.6719
random_mm,last,36,fg_benzene_ring,,qm9s_val,0,0.8411
random_mm,last,36,fg_benzene_ring,,R0,0,0.8065
random_mm,last,36,fg_benzene_ring,,R2,0,0.7255
random_mm,last,36,fg_benzene_ring,,R2,1,0.7255
random_mm,last,36,fg_benzene_ring,,R3,0,0.6667
random_mm,last,36,fg_benzene_ring,,R3,1,0.6667
random_mm,last,36,fg_benzene_ring,,R4,0,0.8627
random_mm,last,36,fg_benzene_ring,,R4,1,0.8627
random_mm,last,36,fg_benzene_ring,,R5,0,0.4314
random_mm,last,36,fg_benzene_ring,,R5,1,0.4314
random_mm,last,36,fg_benzene_ring,,R6,0,0.5686
random_mm,last,36,fg_benzene_ring,,R6,1,0.5686
random_mm,last,36,fg_benzene_ring,,R8,0,0.3333
random_mm,last,36,fg_benzene_ring,,R8,1,0.3333
random_mm,last,36,fg_benzene_ring,,R9,0,0.549
random_mm,last,36,fg_benzene_ring,,R9,1,0.549
random_mm,last,36,fg_pyrrole_ring,,qm9s_val,0,0.791
random_mm,last,36,fg_pyrrole_ring,,R0,0,0.7839
random_mm,last,36,fg_pyrrole_ring,,R2,0,0.7368
random_mm,last,36,fg_pyrrole_ring,,R2,1,0.7368
random_mm,last,36,fg_pyrrole_ring,,R3,0,1.0
random_mm,last,36,fg_pyrrole_ring,,R3,1,1.0
random_mm,last,36,fg_pyrrole_ring,,R4,0,1.0
random_mm,last,36,fg_pyrrole_ring,,R4,1,1.0
random_mm,last,36,fg_pyrrole_ring,,R5,0,0.1579
random_mm,last,36,fg_pyrrole_ring,,R5,1,0.1579
random_mm,last,36,fg_pyrrole_ring,,R6,0,0.5263
random_mm,last,36,fg_pyrrole_ring,,R6,1,0.5263
random_mm,last,36,fg_pyrrole_ring,,R8,0,0.4211
random_mm,last,36,fg_pyrrole_ring,,R8,1,0.4211
random_mm,last,36,fg_pyrrole_ring,,R9,0,0.7895
random_mm,last,36,fg_pyrrole_ring,,R9,1,0.7895
random_mm,last,36,fg_imidazole_ring,,qm9s_val,0,0.83
random_mm,last,36,fg_imidazole_ring,,R0,0,0.8217
random_mm,last,36,fg_imidazole_ring,,R2,0,0.3684
random_mm,last,36,fg_imidazole_ring,,R2,1,0.3684
random_mm,last,36,fg_imidazole_ring,,R3,0,0.8947
random_mm,last,36,fg_imidazole_ring,,R3,1,0.8947
random_mm,last,36,fg_imidazole_ring,,R4,0,0.5789
random_mm,last,36,fg_imidazole_ring,,R4,1,0.5789
random_mm,last,36,fg_imidazole_ring,,R5,0,0.3684
random_mm,last,36,fg_imidazole_ring,,R5,1,0.3684
random_mm,last,36,fg_imidazole_ring,,R6,0,0.2105
random_mm,last,36,fg_imidazole_ring,,R6,1,0.2105
random_mm,last,36,fg_imidazole_ring,,R8,0,0.7895
random_mm,last,36,fg_imidazole_ring,,R8,1,0.7895
random_mm,last,36,fg_imidazole_ring,,R9,0,0.8421
random_mm,last,36,fg_imidazole_ring,,R9,1,0.8421
random_lr,mean,0,fg_primary_amine,0.01,qm9s_val,0,0.67
random_lr,mean,0,fg_primary_amine,0.01,R0,0,0.5572
random_lr,mean,0,fg_primary_amine,0.01,R2,0,0.5263
random_lr,mean,0,fg_primary_amine,0.01,R2,1,0.5263
random_lr,mean,0,fg_primary_amine,0.01,R3,0,0.0
random_lr,mean,0,fg_primary_amine,0.01,R3,1,0.0
random_lr,mean,0,fg_primary_amine,0.01,R4,0,0.7895
random_lr,mean,0,fg_primary_amine,0.01,R4,1,0.7895
random_lr,mean,0,fg_primary_amine,0.01,R5,0,0.6842
random_lr,mean,0,fg_primary_amine,0.01,R5,1,0.6842
random_lr,mean,0,fg_primary_amine,0.01,R6,0,0.4737
random_lr,mean,0,fg_primary_amine,0.01,R6,1,0.4737
random_lr,mean,0,fg_primary_amine,0.01,R8,0,0.3158
random_lr,mean,0,fg_primary_amine,0.01,R8,1,0.3158
random_lr,mean,0,fg_primary_amine,0.01,R9,0,0.6842
random_lr,mean,0,fg_primary_amine,0.01,R9,1,0.6842
random_lr,mean,0,fg_secondary_amine,0.01,qm9s_val,0,0.6548
random_lr,mean,0,fg_secondary_amine,0.01,R0,0,0.6644
random_lr,mean,0,fg_secondary_amine,0.01,R2,0,0.5789
random_lr,mean,0,fg_secondary_amine,0.01,R2,1,0.5789
random_lr,mean,0,fg_secondary_amine,0.01,R3,0,0.3158
random_lr,mean,0,fg_secondary_amine,0.01,R3,1,0.3158
random_lr,mean,0,fg_secondary_amine,0.01,R4,0,0.9474
random_lr,mean,0,fg_secondary_amine,0.01,R4,1,0.9474
random_lr,mean,0,fg_secondary_amine,0.01,R5,0,1.0
random_lr,mean,0,fg_secondary_amine,0.01,R5,1,1.0
random_lr,mean,0,fg_secondary_amine,0.01,R6,0,0.5789
random_lr,mean,0,fg_secondary_amine,0.01,R6,1,0.5789
random_lr,mean,0,fg_secondary_amine,0.01,R8,0,0.7895
random_lr,mean,0,fg_secondary_amine,0.01,R8,1,0.7895
random_lr,mean,0,fg_secondary_amine,0.01,R9,0,0.2105
random_lr,mean,0,fg_secondary_amine,0.01,R9,1,0.2105
random_lr,mean,0,fg_amide,0.01,qm9s_val,0,0.6811
random_lr,mean,0,fg_amide,0.01,R0,0,0.6797
random_lr,mean,0,fg_amide,0.01,R2,0,0.9167
random_lr,mean,0,fg_amide,0.01,R2,1,0.9167
random_lr,mean,0,fg_amide,0.01,R3,0,0.4444
random_lr,mean,0,fg_amide,0.01,R3,1,0.4444
random_lr,mean,0,fg_amide,0.01,R4,0,0.8611
random_lr,mean,0,fg_amide,0.01,R4,1,0.8611
random_lr,mean,0,fg_amide,0.01,R5,0,0.6667
random_lr,mean,0,fg_amide,0.01,R5,1,0.6667
random_lr,mean,0,fg_amide,0.01,R6,0,0.6389
random_lr,mean,0,fg_amide,0.01,R6,1,0.6389
random_lr,mean,0,fg_amide,0.01,R8,0,0.3056
random_lr,mean,0,fg_amide,0.01,R8,1,0.3056
random_lr,mean,0,fg_amide,0.01,R9,0,0.8056
random_lr,mean,0,fg_amide,0.01,R9,1,0.8056
random_lr,mean,0,fg_guanidine,0.01,qm9s_val,0,0.8163
random_lr,mean,0,fg_guanidine,0.01,R0,0,0.8281
random_lr,mean,0,fg_guanidine,0.01,R2,0,0.9474
random_lr,mean,0,fg_guanidine,0.01,R2,1,0.9474
random_lr,mean,0,fg_guanidine,0.01,R3,0,0.5263
random_lr,mean,0,fg_guanidine,0.01,R3,1,0.5263
random_lr,mean,0,fg_guanidine,0.01,R4,0,0.5789
random_lr,mean,0,fg_guanidine,0.01,R4,1,0.5789
random_lr,mean,0,fg_guanidine,0.01,R5,0,0.5789
random_lr,mean,0,fg_guanidine,0.01,R5,1,0.5789
random_lr,mean,0,fg_guanidine,0.01,R6,0,0.8421
random_lr,mean,0,fg_guanidine,0.01,R6,1,0.8421
random_lr,mean,0,fg_guanidine,0.01,R8,0,0.4211
random_lr,mean,0,fg_guanidine,0.01,R8,1,0.4211
random_lr,mean,0,fg_guanidine,0.01,R9,0,0.1579
random_lr,mean,0,fg_guanidine,0.01,R9,1,0.2105
random_lr,mean,0,fg_hydroxyl_aliphatic,0.01,qm9s_val,0,0.6208
random_lr,mean,0,fg_hydroxyl_aliphatic,0.01,R0,0,0.6344
random_lr,mean,0,fg_hydroxyl_aliphatic,0.01,R2,0,0.6389
random_lr,mean,0,fg_hydroxyl_aliphatic,0.01,R2,1,0.6389
random_lr,mean,0,fg_hydroxyl_aliphatic,0.01,R3,0,0.6111
random_lr,mean,0,fg_hydroxyl_aliphatic,0.01,R3,1,0.6111
random_lr,mean,0,fg_hydroxyl_aliphatic,0.01,R4,0,0.6111
random_lr,mean,0,fg_hydroxyl_aliphatic,0.01,R4,1,0.6111
random_lr,mean,0,fg_hydroxyl_aliphatic,0.01,R5,0,0.4722
random_lr,mean,0,fg_hydroxyl_aliphatic,0.01,R5,1,0.4722
random_lr,mean,0,fg_hydroxyl_aliphatic,0.01,R6,0,0.4722
random_lr,mean,0,fg_hydroxyl_aliphatic,0.01,R6,1,0.4722
random_lr,mean,0,fg_hydroxyl_aliphatic,0.01,R8,0,0.6667
random_lr,mean,0,fg_hydroxyl_aliphatic,0.01,R8,1,0.6667
random_lr,mean,0,fg_hydroxyl_aliphatic,0.01,R9,0,0.5278
random_lr,mean,0,fg_hydroxyl_aliphatic,0.01,R9,1,0.5278
random_lr,mean,0,fg_phenol,0.01,qm9s_val,0,0.8518
random_lr,mean,0,fg_phenol,0.01,R0,0,0.8082
random_lr,mean,0,fg_phenol,0.01,R2,0,0.6316
random_lr,mean,0,fg_phenol,0.01,R2,1,0.6316
random_lr,mean,0,fg_phenol,0.01,R3,0,0.5789
random_lr,mean,0,fg_phenol,0.01,R3,1,0.5789
random_lr,mean,0,fg_phenol,0.01,R4,0,0.5263
random_lr,mean,0,fg_phenol,0.01,R4,1,0.5263
random_lr,mean,0,fg_phenol,0.01,R5,0,0.4737
random_lr,mean,0,fg_phenol,0.01,R5,1,0.4737
random_lr,mean,0,fg_phenol,0.01,R6,0,0.5789
random_lr,mean,0,fg_phenol,0.01,R6,1,0.5789
random_lr,mean,0,fg_phenol,0.01,R8,0,0.1579
random_lr,mean,0,fg_phenol,0.01,R8,1,0.1579
random_lr,mean,0,fg_phenol,0.01,R9,0,0.4211
random_lr,mean,0,fg_phenol,0.01,R9,1,0.4211
random_lr,mean,0,fg_aromatic_ring,0.01,qm9s_val,0,0.887
random_lr,mean,0,fg_aromatic_ring,0.01,R0,0,0.8811
random_lr,mean,0,fg_aromatic_ring,0.01,R2,0,0.6406
random_lr,mean,0,fg_aromatic_ring,0.01,R2,1,0.6406
random_lr,mean,0,fg_aromatic_ring,0.01,R3,0,0.75
random_lr,mean,0,fg_aromatic_ring,0.01,R3,1,0.75
random_lr,mean,0,fg_aromatic_ring,0.01,R4,0,0.5156
random_lr,mean,0,fg_aromatic_ring,0.01,R4,1,0.5156
random_lr,mean,0,fg_aromatic_ring,0.01,R5,0,0.2031
random_lr,mean,0,fg_aromatic_ring,0.01,R5,1,0.2031
random_lr,mean,0,fg_aromatic_ring,0.01,R6,0,0.25
random_lr,mean,0,fg_aromatic_ring,0.01,R6,1,0.25
random_lr,mean,0,fg_aromatic_ring,0.01,R8,0,0.6875
random_lr,mean,0,fg_aromatic_ring,0.01,R8,1,0.6875
random_lr,mean,0,fg_aromatic_ring,0.01,R9,0,0.4531
random_lr,mean,0,fg_aromatic_ring,0.01,R9,1,0.4219
random_lr,mean,0,fg_benzene_ring,0.01,qm9s_val,0,0.8298
random_lr,mean,0,fg_benzene_ring,0.01,R0,0,0.7658
random_lr,mean,0,fg_benzene_ring,0.01,R2,0,0.7059
random_lr,mean,0,fg_benzene_ring,0.01,R2,1,0.7059
random_lr,mean,0,fg_benzene_ring,0.01,R3,0,0.5294
random_lr,mean,0,fg_benzene_ring,0.01,R3,1,0.5294
random_lr,mean,0,fg_benzene_ring,0.01,R4,0,0.6863
random_lr,mean,0,fg_benzene_ring,0.01,R4,1,0.6863
random_lr,mean,0,fg_benzene_ring,0.01,R5,0,0.1961
random_lr,mean,0,fg_benzene_ring,0.01,R5,1,0.1961
random_lr,mean,0,fg_benzene_ring,0.01,R6,0,0.6863
random_lr,mean,0,fg_benzene_ring,0.01,R6,1,0.6863
random_lr,mean,0,fg_benzene_ring,0.01,R8,0,0.5098
random_lr,mean,0,fg_benzene_ring,0.01,R8,1,0.5098
random_lr,mean,0,fg_benzene_ring,0.01,R9,0,0.4902
random_lr,mean,0,fg_benzene_ring,0.01,R9,1,0.4706
random_lr,mean,0,fg_pyrrole_ring,0.01,qm9s_val,0,0.7783
random_lr,mean,0,fg_pyrrole_ring,0.01,R0,0,0.8122
random_lr,mean,0,fg_pyrrole_ring,0.01,R2,0,0.9474
random_lr,mean,0,fg_pyrrole_ring,0.01,R2,1,0.9474
random_lr,mean,0,fg_pyrrole_ring,0.01,R3,0,1.0
random_lr,mean,0,fg_pyrrole_ring,0.01,R3,1,1.0
random_lr,mean,0,fg_pyrrole_ring,0.01,R4,0,1.0
random_lr,mean,0,fg_pyrrole_ring,0.01,R4,1,1.0
random_lr,mean,0,fg_pyrrole_ring,0.01,R5,0,0.2632
random_lr,mean,0,fg_pyrrole_ring,0.01,R5,1,0.2632
random_lr,mean,0,fg_pyrrole_ring,0.01,R6,0,0.3684
random_lr,mean,0,fg_pyrrole_ring,0.01,R6,1,0.3684
random_lr,mean,0,fg_pyrrole_ring,0.01,R8,0,0.7368
random_lr,mean,0,fg_pyrrole_ring,0.01,R8,1,0.7368
random_lr,mean,0,fg_pyrrole_ring,0.01,R9,0,0.9474
random_lr,mean,0,fg_pyrrole_ring,0.01,R9,1,0.8947
random_lr,mean,0,fg_imidazole_ring,0.01,qm9s_val,0,0.8747
random_lr,mean,0,fg_imidazole_ring,0.01,R0,0,0.8395
random_lr,mean,0,fg_imidazole_ring,0.01,R2,0,0.5263
random_lr,mean,0,fg_imidazole_ring,0.01,R2,1,0.5263
random_lr,mean,0,fg_imidazole_ring,0.01,R3,0,1.0
random_lr,mean,0,fg_imidazole_ring,0.01,R3,1,1.0
random_lr,mean,0,fg_imidazole_ring,0.01,R4,0,0.1579
random_lr,mean,0,fg_imidazole_ring,0.01,R4,1,0.1579
random_lr,mean,0,fg_imidazole_ring,0.01,R5,0,0.1053
random_lr,mean,0,fg_imidazole_ring,0.01,R5,1,0.1053
random_lr,mean,0,fg_imidazole_ring,0.01,R6,0,0.0526
random_lr,mean,0,fg_imidazole_ring,0.01,R6,1,0.0526
random_lr,mean,0,fg_imidazole_ring,0.01,R8,0,0.7368
random_lr,mean,0,fg_imidazole_ring,0.01,R8,1,0.7368
random_lr,mean,0,fg_imidazole_ring,0.01,R9,0,0.0
random_lr,mean,0,fg_imidazole_ring,0.01,R9,1,0.0
random_mm,mean,0,fg_primary_amine,,qm9s_val,0,0.6497
random_mm,mean,0,fg_primary_amine,,R0,0,0.555
random_mm,mean,0,fg_primary_amine,,R2,0,0.4737
random_mm,mean,0,fg_primary_amine,,R2,1,0.4737
random_mm,mean,0,fg_primary_amine,,R3,0,0.0526
random_mm,mean,0,fg_primary_amine,,R3,1,0.0526
random_mm,mean,0,fg_primary_amine,,R4,0,0.8421
random_mm,mean,0,fg_primary_amine,,R4,1,0.8421
random_mm,mean,0,fg_primary_amine,,R5,0,0.5263
random_mm,mean,0,fg_primary_amine,,R5,1,0.5263
random_mm,mean,0,fg_primary_amine,,R6,0,0.1053
random_mm,mean,0,fg_primary_amine,,R6,1,0.1053
random_mm,mean,0,fg_primary_amine,,R8,0,0.1053
random_mm,mean,0,fg_primary_amine,,R8,1,0.1053
random_mm,mean,0,fg_primary_amine,,R9,0,0.7895
random_mm,mean,0,fg_primary_amine,,R9,1,0.7895
random_mm,mean,0,fg_secondary_amine,,qm9s_val,0,0.5951
random_mm,mean,0,fg_secondary_amine,,R0,0,0.5985
random_mm,mean,0,fg_secondary_amine,,R2,0,0.7895
random_mm,mean,0,fg_secondary_amine,,R2,1,0.7895
random_mm,mean,0,fg_secondary_amine,,R3,0,0.5263
random_mm,mean,0,fg_secondary_amine,,R3,1,0.5263
random_mm,mean,0,fg_secondary_amine,,R4,0,0.7895
random_mm,mean,0,fg_secondary_amine,,R4,1,0.7895
random_mm,mean,0,fg_secondary_amine,,R5,0,0.6842
random_mm,mean,0,fg_secondary_amine,,R5,1,0.6842
random_mm,mean,0,fg_secondary_amine,,R6,0,0.0526
random_mm,mean,0,fg_secondary_amine,,R6,1,0.0526
random_mm,mean,0,fg_secondary_amine,,R8,0,0.6316
random_mm,mean,0,fg_secondary_amine,,R8,1,0.6316
random_mm,mean,0,fg_secondary_amine,,R9,0,0.6316
random_mm,mean,0,fg_secondary_amine,,R9,1,0.6316
random_mm,mean,0,fg_amide,,qm9s_val,0,0.6237
random_mm,mean,0,fg_amide,,R0,0,0.5764
random_mm,mean,0,fg_amide,,R2,0,0.5833
random_mm,mean,0,fg_amide,,R2,1,0.5833
random_mm,mean,0,fg_amide,,R3,0,0.5
random_mm,mean,0,fg_amide,,R3,1,0.5
random_mm,mean,0,fg_amide,,R4,0,0.9444
random_mm,mean,0,fg_amide,,R4,1,0.9444
random_mm,mean,0,fg_amide,,R5,0,0.7222
random_mm,mean,0,fg_amide,,R5,1,0.7222
random_mm,mean,0,fg_amide,,R6,0,0.8611
random_mm,mean,0,fg_amide,,R6,1,0.8611
random_mm,mean,0,fg_amide,,R8,0,0.5556
random_mm,mean,0,fg_amide,,R8,1,0.5556
random_mm,mean,0,fg_amide,,R9,0,0.4722
random_mm,mean,0,fg_amide,,R9,1,0.4722
random_mm,mean,0,fg_guanidine,,qm9s_val,0,0.7885
random_mm,mean,0,fg_guanidine,,R0,0,0.7917
random_mm,mean,0,fg_guanidine,,R2,0,0.5263
random_mm,mean,0,fg_guanidine,,R2,1,0.5263
random_mm,mean,0,fg_guanidine,,R3,0,0.4211
random_mm,mean,0,fg_guanidine,,R3,1,0.4211
random_mm,mean,0,fg_guanidine,,R4,0,0.2105
random_mm,mean,0,fg_guanidine,,R4,1,0.2105
random_mm,mean,0,fg_guanidine,,R5,0,0.3684
random_mm,mean,0,fg_guanidine,,R5,1,0.3684
random_mm,mean,0,fg_guanidine,,R6,0,0.1053
random_mm,mean,0,fg_guanidine,,R6,1,0.1053
random_mm,mean,0,fg_guanidine,,R8,0,0.2632
random_mm,mean,0,fg_guanidine,,R8,1,0.2632
random_mm,mean,0,fg_guanidine,,R9,0,0.3684
random_mm,mean,0,fg_guanidine,,R9,1,0.3158
random_mm,mean,0,fg_hydroxyl_aliphatic,,qm9s_val,0,0.5979
random_mm,mean,0,fg_hydroxyl_aliphatic,,R0,0,0.6132
random_mm,mean,0,fg_hydroxyl_aliphatic,,R2,0,0.5
random_mm,mean,0,fg_hydroxyl_aliphatic,,R2,1,0.5
random_mm,mean,0,fg_hydroxyl_aliphatic,,R3,0,0.3889
random_mm,mean,0,fg_hydroxyl_aliphatic,,R3,1,0.3889
random_mm,mean,0,fg_hydroxyl_aliphatic,,R4,0,0.7778
random_mm,mean,0,fg_hydroxyl_aliphatic,,R4,1,0.7778
random_mm,mean,0,fg_hydroxyl_aliphatic,,R5,0,0.6111
random_mm,mean,0,fg_hydroxyl_aliphatic,,R5,1,0.6111
random_mm,mean,0,fg_hydroxyl_aliphatic,,R6,0,0.5556
random_mm,mean,0,fg_hydroxyl_aliphatic,,R6,1,0.5556
random_mm,mean,0,fg_hydroxyl_aliphatic,,R8,0,0.5556
random_mm,mean,0,fg_hydroxyl_aliphatic,,R8,1,0.5556
random_mm,mean,0,fg_hydroxyl_aliphatic,,R9,0,0.7222
random_mm,mean,0,fg_hydroxyl_aliphatic,,R9,1,0.6667
random_mm,mean,0,fg_phenol,,qm9s_val,0,0.7286
random_mm,mean,0,fg_phenol,,R0,0,0.727
random_mm,mean,0,fg_phenol,,R2,0,0.6316
random_mm,mean,0,fg_phenol,,R2,1,0.6316
random_mm,mean,0,fg_phenol,,R3,0,0.5263
random_mm,mean,0,fg_phenol,,R3,1,0.5263
random_mm,mean,0,fg_phenol,,R4,0,0.3158
random_mm,mean,0,fg_phenol,,R4,1,0.3158
random_mm,mean,0,fg_phenol,,R5,0,0.2632
random_mm,mean,0,fg_phenol,,R5,1,0.2632
random_mm,mean,0,fg_phenol,,R6,0,0.3158
random_mm,mean,0,fg_phenol,,R6,1,0.3158
random_mm,mean,0,fg_phenol,,R8,0,0.0
random_mm,mean,0,fg_phenol,,R8,1,0.0
random_mm,mean,0,fg_phenol,,R9,0,0.7895
random_mm,mean,0,fg_phenol,,R9,1,0.7895
random_mm,mean,0,fg_aromatic_ring,,qm9s_val,0,0.7698
random_mm,mean,0,fg_aromatic_ring,,R0,0,0.7869
random_mm,mean,0,fg_aromatic_ring,,R2,0,0.4375
random_mm,mean,0,fg_aromatic_ring,,R2,1,0.4375
random_mm,mean,0,fg_aromatic_ring,,R3,0,0.6094
random_mm,mean,0,fg_aromatic_ring,,R3,1,0.6094
random_mm,mean,0,fg_aromatic_ring,,R4,0,0.5156
random_mm,mean,0,fg_aromatic_ring,,R4,1,0.5156
random_mm,mean,0,fg_aromatic_ring,,R5,0,0.2969
random_mm,mean,0,fg_aromatic_ring,,R5,1,0.2969
random_mm,mean,0,fg_aromatic_ring,,R6,0,0.375
random_mm,mean,0,fg_aromatic_ring,,R6,1,0.375
random_mm,mean,0,fg_aromatic_ring,,R8,0,0.5625
random_mm,mean,0,fg_aromatic_ring,,R8,1,0.5625
random_mm,mean,0,fg_aromatic_ring,,R9,0,0.4531
random_mm,mean,0,fg_aromatic_ring,,R9,1,0.4844
random_mm,mean,0,fg_benzene_ring,,qm9s_val,0,0.6845
random_mm,mean,0,fg_benzene_ring,,R0,0,0.6551
random_mm,mean,0,fg_benzene_ring,,R2,0,0.5294
random_mm,mean,0,fg_benzene_ring,,R2,1,0.5294
random_mm,mean,0,fg_benzene_ring,,R3,0,0.549
random_mm,mean,0,fg_benzene_ring,,R3,1,0.549
random_mm,mean,0,fg_benzene_ring,,R4,0,0.6275
random_mm,mean,0,fg_benzene_ring,,R4,1,0.6275
random_mm,mean,0,fg_benzene_ring,,R5,0,0.1765
random_mm,mean,0,fg_benzene_ring,,R5,1,0.1765
random_mm,mean,0,fg_benzene_ring,,R6,0,0.6667
random_mm,mean,0,fg_benzene_ring,,R6,1,0.6667
random_mm,mean,0,fg_benzene_ring,,R8,0,0.5294
random_mm,mean,0,fg_benzene_ring,,R8,1,0.5294
random_mm,mean,0,fg_benzene_ring,,R9,0,0.5294
random_mm,mean,0,fg_benzene_ring,,R9,1,0.549
random_mm,mean,0,fg_pyrrole_ring,,qm9s_val,0,0.7155
random_mm,mean,0,fg_pyrrole_ring,,R0,0,0.7303
random_mm,mean,0,fg_pyrrole_ring,,R2,0,0.6316
random_mm,mean,0,fg_pyrrole_ring,,R2,1,0.6316
random_mm,mean,0,fg_pyrrole_ring,,R3,0,1.0
random_mm,mean,0,fg_pyrrole_ring,,R3,1,1.0
random_mm,mean,0,fg_pyrrole_ring,,R4,0,1.0
random_mm,mean,0,fg_pyrrole_ring,,R4,1,1.0
random_mm,mean,0,fg_pyrrole_ring,,R5,0,0.3684
random_mm,mean,0,fg_pyrrole_ring,,R5,1,0.3684
random_mm,mean,0,fg_pyrrole_ring,,R6,0,0.5263
random_mm,mean,0,fg_pyrrole_ring,,R6,1,0.5263
random_mm,mean,0,fg_pyrrole_ring,,R8,0,0.9474
random_mm,mean,0,fg_pyrrole_ring,,R8,1,0.9474
random_mm,mean,0,fg_pyrrole_ring,,R9,0,0.9474
random_mm,mean,0,fg_pyrrole_ring,,R9,1,0.9474
random_mm,mean,0,fg_imidazole_ring,,qm9s_val,0,0.7727
random_mm,mean,0,fg_imidazole_ring,,R0,0,0.7599
random_mm,mean,0,fg_imidazole_ring,,R2,0,0.1053
random_mm,mean,0,fg_imidazole_ring,,R2,1,0.1053
random_mm,mean,0,fg_imidazole_ring,,R3,0,0.6842
random_mm,mean,0,fg_imidazole_ring,,R3,1,0.6842
random_mm,mean,0,fg_imidazole_ring,,R4,0,0.3684
random_mm,mean,0,fg_imidazole_ring,,R4,1,0.3684
random_mm,mean,0,fg_imidazole_ring,,R5,0,0.6316
random_mm,mean,0,fg_imidazole_ring,,R5,1,0.6316
random_mm,mean,0,fg_imidazole_ring,,R6,0,0.2632
random_mm,mean,0,fg_imidazole_ring,,R6,1,0.2632
random_mm,mean,0,fg_imidazole_ring,,R8,0,0.5789
random_mm,mean,0,fg_imidazole_ring,,R8,1,0.5789
random_mm,mean,0,fg_imidazole_ring,,R9,0,0.0526
random_mm,mean,0,fg_imidazole_ring,,R9,1,0.0526
random_lr,mean,3,fg_primary_amine,0.001,qm9s_val,0,0.6702
random_lr,mean,3,fg_primary_amine,0.001,R0,0,0.657
random_lr,mean,3,fg_primary_amine,0.001,R2,0,0.5263
random_lr,mean,3,fg_primary_amine,0.001,R2,1,0.5263
random_lr,mean,3,fg_primary_amine,0.001,R3,0,0.8947
random_lr,mean,3,fg_primary_amine,0.001,R3,1,0.8947
random_lr,mean,3,fg_primary_amine,0.001,R4,0,0.3684
random_lr,mean,3,fg_primary_amine,0.001,R4,1,0.3684
random_lr,mean,3,fg_primary_amine,0.001,R5,0,0.4737
random_lr,mean,3,fg_primary_amine,0.001,R5,1,0.4737
random_lr,mean,3,fg_primary_amine,0.001,R6,0,0.5263
random_lr,mean,3,fg_primary_amine,0.001,R6,1,0.5263
random_lr,mean,3,fg_primary_amine,0.001,R8,0,0.2105
random_lr,mean,3,fg_primary_amine,0.001,R8,1,0.2105
random_lr,mean,3,fg_primary_amine,0.001,R9,0,0.5789
random_lr,mean,3,fg_primary_amine,0.001,R9,1,0.5789
random_lr,mean,3,fg_secondary_amine,0.001,qm9s_val,0,0.6437
random_lr,mean,3,fg_secondary_amine,0.001,R0,0,0.6644
random_lr,mean,3,fg_secondary_amine,0.001,R2,0,0.4211
random_lr,mean,3,fg_secondary_amine,0.001,R2,1,0.4211
random_lr,mean,3,fg_secondary_amine,0.001,R3,0,0.5263
random_lr,mean,3,fg_secondary_amine,0.001,R3,1,0.5263
random_lr,mean,3,fg_secondary_amine,0.001,R4,0,0.5789
random_lr,mean,3,fg_secondary_amine,0.001,R4,1,0.5789
random_lr,mean,3,fg_secondary_amine,0.001,R5,0,1.0
random_lr,mean,3,fg_secondary_amine,0.001,R5,1,1.0
random_lr,mean,3,fg_secondary_amine,0.001,R6,0,0.2632
random_lr,mean,3,fg_secondary_amine,0.001,R6,1,0.2632
random_lr,mean,3,fg_secondary_amine,0.001,R8,0,0.6842
random_lr,mean,3,fg_secondary_amine,0.001,R8,1,0.6842
random_lr,mean,3,fg_secondary_amine,0.001,R9,0,0.1579
random_lr,mean,3,fg_secondary_amine,0.001,R9,1,0.1579
random_lr,mean,3,fg_amide,0.001,qm9s_val,0,0.7327
random_lr,mean,3,fg_amide,0.001,R0,0,0.7043
random_lr,mean,3,fg_amide,0.001,R2,0,0.7222
random_lr,mean,3,fg_amide,0.001,R2,1,0.7222
random_lr,mean,3,fg_amide,0.001,R3,0,0.9167
random_lr,mean,3,fg_amide,0.001,R3,1,0.9167
random_lr,mean,3,fg_amide,0.001,R4,0,0.6389
random_lr,mean,3,fg_amide,0.001,R4,1,0.6389
random_lr,mean,3,fg_amide,0.001,R5,0,0.6389
random_lr,mean,3,fg_amide,0.001,R5,1,0.6389
random_lr,mean,3,fg_amide,0.001,R6,0,0.4167
random_lr,mean,3,fg_amide,0.001,R6,1,0.4167
random_lr,mean,3,fg_amide,0.001,R8,0,0.6667
random_lr,mean,3,fg_amide,0.001,R8,1,0.6667
random_lr,mean,3,fg_amide,0.001,R9,0,1.0
random_lr,mean,3,fg_amide,0.001,R9,1,1.0
random_lr,mean,3,fg_guanidine,0.001,qm9s_val,0,0.8609
random_lr,mean,3,fg_guanidine,0.001,R0,0,0.8723
random_lr,mean,3,fg_guanidine,0.001,R2,0,0.5789
random_lr,mean,3,fg_guanidine,0.001,R2,1,0.5789
random_lr,mean,3,fg_guanidine,0.001,R3,0,0.7895
random_lr,mean,3,fg_guanidine,0.001,R3,1,0.7895
random_lr,mean,3,fg_guanidine,0.001,R4,0,0.7368
random_lr,mean,3,fg_guanidine,0.001,R4,1,0.7368
random_lr,mean,3,fg_guanidine,0.001,R5,0,0.0526
random_lr,mean,3,fg_guanidine,0.001,R5,1,0.0526
random_lr,mean,3,fg_guanidine,0.001,R6,0,0.3158
random_lr,mean,3,fg_guanidine,0.001,R6,1,0.3158
random_lr,mean,3,fg_guanidine,0.001,R8,0,0.7895
random_lr,mean,3,fg_guanidine,0.001,R8,1,0.7895
random_lr,mean,3,fg_guanidine,0.001,R9,0,0.3158
random_lr,mean,3,fg_guanidine,0.001,R9,1,0.3158
random_lr,mean,3,fg_hydroxyl_aliphatic,0.001,qm9s_val,0,0.6606
random_lr,mean,3,fg_hydroxyl_aliphatic,0.001,R0,0,0.6626
random_lr,mean,3,fg_hydroxyl_aliphatic,0.001,R2,0,0.8056
random_lr,mean,3,fg_hydroxyl_aliphatic,0.001,R2,1,0.8056
random_lr,mean,3,fg_hydroxyl_aliphatic,0.001,R3,0,0.5833
random_lr,mean,3,fg_hydroxyl_aliphatic,0.001,R3,1,0.5833
random_lr,mean,3,fg_hydroxyl_aliphatic,0.001,R4,0,0.75
random_lr,mean,3,fg_hydroxyl_aliphatic,0.001,R4,1,0.75
random_lr,mean,3,fg_hydroxyl_aliphatic,0.001,R5,0,0.6667
random_lr,mean,3,fg_hydroxyl_aliphatic,0.001,R5,1,0.6667
random_lr,mean,3,fg_hydroxyl_aliphatic,0.001,R6,0,0.5
random_lr,mean,3,fg_hydroxyl_aliphatic,0.001,R6,1,0.5
random_lr,mean,3,fg_hydroxyl_aliphatic,0.001,R8,0,0.5556
random_lr,mean,3,fg_hydroxyl_aliphatic,0.001,R8,1,0.5556
random_lr,mean,3,fg_hydroxyl_aliphatic,0.001,R9,0,0.5556
random_lr,mean,3,fg_hydroxyl_aliphatic,0.001,R9,1,0.5556
random_lr,mean,3,fg_phenol,0.001,qm9s_val,0,0.8745
random_lr,mean,3,fg_phenol,0.001,R0,0,0.8615
random_lr,mean,3,fg_phenol,0.001,R2,0,0.3684
random_lr,mean,3,fg_phenol,0.001,R2,1,0.3684
random_lr,mean,3,fg_phenol,0.001,R3,0,0.5263
random_lr,mean,3,fg_phenol,0.001,R3,1,0.5263
random_lr,mean,3,fg_phenol,0.001,R4,0,0.7368
random_lr,mean,3,fg_phenol,0.001,R4,1,0.7368
random_lr,mean,3,fg_phenol,0.001,R5,0,0.8421
random_lr,mean,3,fg_phenol,0.001,R5,1,0.8421
random_lr,mean,3,fg_phenol,0.001,R6,0,0.4737
random_lr,mean,3,fg_phenol,0.001,R6,1,0.4737
random_lr,mean,3,fg_phenol,0.001,R8,0,0.0
random_lr,mean,3,fg_phenol,0.001,R8,1,0.0
random_lr,mean,3,fg_phenol,0.001,R9,0,0.0
random_lr,mean,3,fg_phenol,0.001,R9,1,0.0
random_lr,mean,3,fg_aromatic_ring,0.001,qm9s_val,0,0.9275
random_lr,mean,3,fg_aromatic_ring,0.001,R0,0,0.9226
random_lr,mean,3,fg_aromatic_ring,0.001,R2,0,0.8281
random_lr,mean,3,fg_aromatic_ring,0.001,R2,1,0.8281
random_lr,mean,3,fg_aromatic_ring,0.001,R3,0,0.8125
random_lr,mean,3,fg_aromatic_ring,0.001,R3,1,0.8125
random_lr,mean,3,fg_aromatic_ring,0.001,R4,0,0.6875
random_lr,mean,3,fg_aromatic_ring,0.001,R4,1,0.6875
random_lr,mean,3,fg_aromatic_ring,0.001,R5,0,0.5469
random_lr,mean,3,fg_aromatic_ring,0.001,R5,1,0.5469
random_lr,mean,3,fg_aromatic_ring,0.001,R6,0,0.4844
random_lr,mean,3,fg_aromatic_ring,0.001,R6,1,0.4844
random_lr,mean,3,fg_aromatic_ring,0.001,R8,0,0.6094
random_lr,mean,3,fg_aromatic_ring,0.001,R8,1,0.6094
random_lr,mean,3,fg_aromatic_ring,0.001,R9,0,0.5781
random_lr,mean,3,fg_aromatic_ring,0.001,R9,1,0.5469
random_lr,mean,3,fg_benzene_ring,0.001,qm9s_val,0,0.8975
random_lr,mean,3,fg_benzene_ring,0.001,R0,0,0.8781
random_lr,mean,3,fg_benzene_ring,0.001,R2,0,0.8824
random_lr,mean,3,fg_benzene_ring,0.001,R2,1,0.8824
random_lr,mean,3,fg_benzene_ring,0.001,R3,0,0.6078
random_lr,mean,3,fg_benzene_ring,0.001,R3,1,0.6078
random_lr,mean,3,fg_benzene_ring,0.001,R4,0,0.7647
random_lr,mean,3,fg_benzene_ring,0.001,R4,1,0.7647
random_lr,mean,3,fg_benzene_ring,0.001,R5,0,0.3529
random_lr,mean,3,fg_benzene_ring,0.001,R5,1,0.3529
random_lr,mean,3,fg_benzene_ring,0.001,R6,0,0.3529
random_lr,mean,3,fg_benzene_ring,0.001,R6,1,0.3529
random_lr,mean,3,fg_benzene_ring,0.001,R8,0,0.5686
random_lr,mean,3,fg_benzene_ring,0.001,R8,1,0.5686
random_lr,mean,3,fg_benzene_ring,0.001,R9,0,0.6471
random_lr,mean,3,fg_benzene_ring,0.001,R9,1,0.6471
random_lr,mean,3,fg_pyrrole_ring,0.001,qm9s_val,0,0.818
random_lr,mean,3,fg_pyrrole_ring,0.001,R0,0,0.8058
random_lr,mean,3,fg_pyrrole_ring,0.001,R2,0,0.9474
random_lr,mean,3,fg_pyrrole_ring,0.001,R2,1,0.9474
random_lr,mean,3,fg_pyrrole_ring,0.001,R3,0,1.0
random_lr,mean,3,fg_pyrrole_ring,0.001,R3,1,1.0
random_lr,mean,3,fg_pyrrole_ring,0.001,R4,0,0.8421
random_lr,mean,3,fg_pyrrole_ring,0.001,R4,1,0.8421
random_lr,mean,3,fg_pyrrole_ring,0.001,R5,0,0.1053
random_lr,mean,3,fg_pyrrole_ring,0.001,R5,1,0.1053
random_lr,mean,3,fg_pyrrole_ring,0.001,R6,0,0.2632
random_lr,mean,3,fg_pyrrole_ring,0.001,R6,1,0.2632
random_lr,mean,3,fg_pyrrole_ring,0.001,R8,0,0.6316
random_lr,mean,3,fg_pyrrole_ring,0.001,R8,1,0.6316
random_lr,mean,3,fg_pyrrole_ring,0.001,R9,0,1.0
random_lr,mean,3,fg_pyrrole_ring,0.001,R9,1,1.0
random_lr,mean,3,fg_imidazole_ring,0.001,qm9s_val,0,0.9144
random_lr,mean,3,fg_imidazole_ring,0.001,R0,0,0.8886
random_lr,mean,3,fg_imidazole_ring,0.001,R2,0,0.5263
random_lr,mean,3,fg_imidazole_ring,0.001,R2,1,0.5263
random_lr,mean,3,fg_imidazole_ring,0.001,R3,0,1.0
random_lr,mean,3,fg_imidazole_ring,0.001,R3,1,1.0
random_lr,mean,3,fg_imidazole_ring,0.001,R4,0,0.9474
random_lr,mean,3,fg_imidazole_ring,0.001,R4,1,0.9474
random_lr,mean,3,fg_imidazole_ring,0.001,R5,0,0.4737
random_lr,mean,3,fg_imidazole_ring,0.001,R5,1,0.4737
random_lr,mean,3,fg_imidazole_ring,0.001,R6,0,0.3684
random_lr,mean,3,fg_imidazole_ring,0.001,R6,1,0.3684
random_lr,mean,3,fg_imidazole_ring,0.001,R8,0,0.5789
random_lr,mean,3,fg_imidazole_ring,0.001,R8,1,0.5789
random_lr,mean,3,fg_imidazole_ring,0.001,R9,0,0.5789
random_lr,mean,3,fg_imidazole_ring,0.001,R9,1,0.5789
random_mm,mean,3,fg_primary_amine,,qm9s_val,0,0.6367
random_mm,mean,3,fg_primary_amine,,R0,0,0.5927
random_mm,mean,3,fg_primary_amine,,R2,0,0.7368
random_mm,mean,3,fg_primary_amine,,R2,1,0.7368
random_mm,mean,3,fg_primary_amine,,R3,0,0.2105
random_mm,mean,3,fg_primary_amine,,R3,1,0.2105
random_mm,mean,3,fg_primary_amine,,R4,0,0.5263
random_mm,mean,3,fg_primary_amine,,R4,1,0.5263
random_mm,mean,3,fg_primary_amine,,R5,0,0.4737
random_mm,mean,3,fg_primary_amine,,R5,1,0.4737
random_mm,mean,3,fg_primary_amine,,R6,0,0.3158
random_mm,mean,3,fg_primary_amine,,R6,1,0.3158
random_mm,mean,3,fg_primary_amine,,R8,0,0.1053
random_mm,mean,3,fg_primary_amine,,R8,1,0.1053
random_mm,mean,3,fg_primary_amine,,R9,0,0.7895
random_mm,mean,3,fg_primary_amine,,R9,1,0.7895
random_mm,mean,3,fg_secondary_amine,,qm9s_val,0,0.6403
random_mm,mean,3,fg_secondary_amine,,R0,0,0.64
random_mm,mean,3,fg_secondary_amine,,R2,0,0.7368
random_mm,mean,3,fg_secondary_amine,,R2,1,0.7368
random_mm,mean,3,fg_secondary_amine,,R3,0,0.3158
random_mm,mean,3,fg_secondary_amine,,R3,1,0.3158
random_mm,mean,3,fg_secondary_amine,,R4,0,0.8947
random_mm,mean,3,fg_secondary_amine,,R4,1,0.8947
random_mm,mean,3,fg_secondary_amine,,R5,0,0.7895
random_mm,mean,3,fg_secondary_amine,,R5,1,0.7895
random_mm,mean,3,fg_secondary_amine,,R6,0,0.1579
random_mm,mean,3,fg_secondary_amine,,R6,1,0.1579
random_mm,mean,3,fg_secondary_amine,,R8,0,0.7895
random_mm,mean,3,fg_secondary_amine,,R8,1,0.7895
random_mm,mean,3,fg_secondary_amine,,R9,0,0.2105
random_mm,mean,3,fg_secondary_amine,,R9,1,0.2105
random_mm,mean,3,fg_amide,,qm9s_val,0,0.6522
random_mm,mean,3,fg_amide,,R0,0,0.5998
random_mm,mean,3,fg_amide,,R2,0,0.1944
random_mm,mean,3,fg_amide,,R2,1,0.1944
random_mm,mean,3,fg_amide,,R3,0,0.3333
random_mm,mean,3,fg_amide,,R3,1,0.3333
random_mm,mean,3,fg_amide,,R4,0,0.6389
random_mm,mean,3,fg_amide,,R4,1,0.6389
random_mm,mean,3,fg_amide,,R5,0,0.8333
random_mm,mean,3,fg_amide,,R5,1,0.8333
random_mm,mean,3,fg_amide,,R6,0,0.8333
random_mm,mean,3,fg_amide,,R6,1,0.8333
random_mm,mean,3,fg_amide,,R8,0,0.4444
random_mm,mean,3,fg_amide,,R8,1,0.4444
random_mm,mean,3,fg_amide,,R9,0,0.6111
random_mm,mean,3,fg_amide,,R9,1,0.5833
random_mm,mean,3,fg_guanidine,,qm9s_val,0,0.7455
random_mm,mean,3,fg_guanidine,,R0,0,0.7298
random_mm,mean,3,fg_guanidine,,R2,0,0.9474
random_mm,mean,3,fg_guanidine,,R2,1,0.9474
random_mm,mean,3,fg_guanidine,,R3,0,0.3158
random_mm,mean,3,fg_guanidine,,R3,1,0.3158
random_mm,mean,3,fg_guanidine,,R4,0,0.1053
random_mm,mean,3,fg_guanidine,,R4,1,0.1053
random_mm,mean,3,fg_guanidine,,R5,0,0.0
random_mm,mean,3,fg_guanidine,,R5,1,0.0
random_mm,mean,3,fg_guanidine,,R6,0,0.0526
random_mm,mean,3,fg_guanidine,,R6,1,0.0526
random_mm,mean,3,fg_guanidine,,R8,0,0.4737
random_mm,mean,3,fg_guanidine,,R8,1,0.4737
random_mm,mean,3,fg_guanidine,,R9,0,0.3684
random_mm,mean,3,fg_guanidine,,R9,1,0.4211
random_mm,mean,3,fg_hydroxyl_aliphatic,,qm9s_val,0,0.6128
random_mm,mean,3,fg_hydroxyl_aliphatic,,R0,0,0.6332
random_mm,mean,3,fg_hydroxyl_aliphatic,,R2,0,0.75
random_mm,mean,3,fg_hydroxyl_aliphatic,,R2,1,0.75
random_mm,mean,3,fg_hydroxyl_aliphatic,,R3,0,0.5
random_mm,mean,3,fg_hydroxyl_aliphatic,,R3,1,0.5
random_mm,mean,3,fg_hydroxyl_aliphatic,,R4,0,0.6389
random_mm,mean,3,fg_hydroxyl_aliphatic,,R4,1,0.6389
random_mm,mean,3,fg_hydroxyl_aliphatic,,R5,0,0.4722
random_mm,mean,3,fg_hydroxyl_aliphatic,,R5,1,0.4722
random_mm,mean,3,fg_hydroxyl_aliphatic,,R6,0,0.7222
random_mm,mean,3,fg_hydroxyl_aliphatic,,R6,1,0.7222
random_mm,mean,3,fg_hydroxyl_aliphatic,,R8,0,0.8611
random_mm,mean,3,fg_hydroxyl_aliphatic,,R8,1,0.8611
random_mm,mean,3,fg_hydroxyl_aliphatic,,R9,0,0.5833
random_mm,mean,3,fg_hydroxyl_aliphatic,,R9,1,0.5833
random_mm,mean,3,fg_phenol,,qm9s_val,0,0.8129
random_mm,mean,3,fg_phenol,,R0,0,0.7845
random_mm,mean,3,fg_phenol,,R2,0,0.7368
random_mm,mean,3,fg_phenol,,R2,1,0.7368
random_mm,mean,3,fg_phenol,,R3,0,0.6316
random_mm,mean,3,fg_phenol,,R3,1,0.6316
random_mm,mean,3,fg_phenol,,R4,0,0.6842
random_mm,mean,3,fg_phenol,,R4,1,0.6842
random_mm,mean,3,fg_phenol,,R5,0,0.5263
random_mm,mean,3,fg_phenol,,R5,1,0.5263
random_mm,mean,3,fg_phenol,,R6,0,0.3158
random_mm,mean,3,fg_phenol,,R6,1,0.3158
random_mm,mean,3,fg_phenol,,R8,0,0.0526
random_mm,mean,3,fg_phenol,,R8,1,0.0526
random_mm,mean,3,fg_phenol,,R9,0,0.1579
random_mm,mean,3,fg_phenol,,R9,1,0.1579
random_mm,mean,3,fg_aromatic_ring,,qm9s_val,0,0.8583
random_mm,mean,3,fg_aromatic_ring,,R0,0,0.8586
random_mm,mean,3,fg_aromatic_ring,,R2,0,0.625
random_mm,mean,3,fg_aromatic_ring,,R2,1,0.625
random_mm,mean,3,fg_aromatic_ring,,R3,0,0.8281
random_mm,mean,3,fg_aromatic_ring,,R3,1,0.8281
random_mm,mean,3,fg_aromatic_ring,,R4,0,0.7031
random_mm,mean,3,fg_aromatic_ring,,R4,1,0.7031
random_mm,mean,3,fg_aromatic_ring,,R5,0,0.5938
random_mm,mean,3,fg_aromatic_ring,,R5,1,0.5938
random_mm,mean,3,fg_aromatic_ring,,R6,0,0.5
random_mm,mean,3,fg_aromatic_ring,,R6,1,0.5
random_mm,mean,3,fg_aromatic_ring,,R8,0,0.625
random_mm,mean,3,fg_aromatic_ring,,R8,1,0.625
random_mm,mean,3,fg_aromatic_ring,,R9,0,0.6719
random_mm,mean,3,fg_aromatic_ring,,R9,1,0.6719
random_mm,mean,3,fg_benzene_ring,,qm9s_val,0,0.8432
random_mm,mean,3,fg_benzene_ring,,R0,0,0.8167
random_mm,mean,3,fg_benzene_ring,,R2,0,0.7451
random_mm,mean,3,fg_benzene_ring,,R2,1,0.7451
random_mm,mean,3,fg_benzene_ring,,R3,0,0.5294
random_mm,mean,3,fg_benzene_ring,,R3,1,0.5294
random_mm,mean,3,fg_benzene_ring,,R4,0,0.5098
random_mm,mean,3,fg_benzene_ring,,R4,1,0.5098
random_mm,mean,3,fg_benzene_ring,,R5,0,0.4118
random_mm,mean,3,fg_benzene_ring,,R5,1,0.4118
random_mm,mean,3,fg_benzene_ring,,R6,0,0.3922
random_mm,mean,3,fg_benzene_ring,,R6,1,0.3922
random_mm,mean,3,fg_benzene_ring,,R8,0,0.4314
random_mm,mean,3,fg_benzene_ring,,R8,1,0.4314
random_mm,mean,3,fg_benzene_ring,,R9,0,0.6471
random_mm,mean,3,fg_benzene_ring,,R9,1,0.6471
random_mm,mean,3,fg_pyrrole_ring,,qm9s_val,0,0.7646
random_mm,mean,3,fg_pyrrole_ring,,R0,0,0.765
random_mm,mean,3,fg_pyrrole_ring,,R2,0,0.7368
random_mm,mean,3,fg_pyrrole_ring,,R2,1,0.7368
random_mm,mean,3,fg_pyrrole_ring,,R3,0,1.0
random_mm,mean,3,fg_pyrrole_ring,,R3,1,1.0
random_mm,mean,3,fg_pyrrole_ring,,R4,0,0.9474
random_mm,mean,3,fg_pyrrole_ring,,R4,1,0.9474
random_mm,mean,3,fg_pyrrole_ring,,R5,0,0.2105
random_mm,mean,3,fg_pyrrole_ring,,R5,1,0.2105
random_mm,mean,3,fg_pyrrole_ring,,R6,0,0.4737
random_mm,mean,3,fg_pyrrole_ring,,R6,1,0.4737
random_mm,mean,3,fg_pyrrole_ring,,R8,0,0.5263
random_mm,mean,3,fg_pyrrole_ring,,R8,1,0.5263
random_mm,mean,3,fg_pyrrole_ring,,R9,0,0.8947
random_mm,mean,3,fg_pyrrole_ring,,R9,1,0.8947
random_mm,mean,3,fg_imidazole_ring,,qm9s_val,0,0.8222
random_mm,mean,3,fg_imidazole_ring,,R0,0,0.8286
random_mm,mean,3,fg_imidazole_ring,,R2,0,0.5789
random_mm,mean,3,fg_imidazole_ring,,R2,1,0.5789
random_mm,mean,3,fg_imidazole_ring,,R3,0,1.0
random_mm,mean,3,fg_imidazole_ring,,R3,1,1.0
random_mm,mean,3,fg_imidazole_ring,,R4,0,0.6316
random_mm,mean,3,fg_imidazole_ring,,R4,1,0.6316
random_mm,mean,3,fg_imidazole_ring,,R5,0,0.6842
random_mm,mean,3,fg_imidazole_ring,,R5,1,0.6842
random_mm,mean,3,fg_imidazole_ring,,R6,0,0.2632
random_mm,mean,3,fg_imidazole_ring,,R6,1,0.2632
random_mm,mean,3,fg_imidazole_ring,,R8,0,0.7895
random_mm,mean,3,fg_imidazole_ring,,R8,1,0.7895
random_mm,mean,3,fg_imidazole_ring,,R9,0,0.7368
random_mm,mean,3,fg_imidazole_ring,,R9,1,0.7368
random_lr,mean,6,fg_primary_amine,0.001,qm9s_val,0,0.6571
random_lr,mean,6,fg_primary_amine,0.001,R0,0,0.6639
random_lr,mean,6,fg_primary_amine,0.001,R2,0,0.5789
random_lr,mean,6,fg_primary_amine,0.001,R2,1,0.5789
random_lr,mean,6,fg_primary_amine,0.001,R3,0,0.9474
random_lr,mean,6,fg_primary_amine,0.001,R3,1,0.9474
random_lr,mean,6,fg_primary_amine,0.001,R4,0,0.3158
random_lr,mean,6,fg_primary_amine,0.001,R4,1,0.3158
random_lr,mean,6,fg_primary_amine,0.001,R5,0,0.4211
random_lr,mean,6,fg_primary_amine,0.001,R5,1,0.4211
random_lr,mean,6,fg_primary_amine,0.001,R6,0,0.6842
random_lr,mean,6,fg_primary_amine,0.001,R6,1,0.6842
random_lr,mean,6,fg_primary_amine,0.001,R8,0,0.4737
random_lr,mean,6,fg_primary_amine,0.001,R8,1,0.4737
random_lr,mean,6,fg_primary_amine,0.001,R9,0,0.6842
random_lr,mean,6,fg_primary_amine,0.001,R9,1,0.6842
random_lr,mean,6,fg_secondary_amine,0.001,qm9s_val,0,0.6489
random_lr,mean,6,fg_secondary_amine,0.001,R0,0,0.6533
random_lr,mean,6,fg_secondary_amine,0.001,R2,0,0.5789
random_lr,mean,6,fg_secondary_amine,0.001,R2,1,0.5789
random_lr,mean,6,fg_secondary_amine,0.001,R3,0,0.5263
random_lr,mean,6,fg_secondary_amine,0.001,R3,1,0.5263
random_lr,mean,6,fg_secondary_amine,0.001,R4,0,1.0
random_lr,mean,6,fg_secondary_amine,0.001,R4,1,1.0
random_lr,mean,6,fg_secondary_amine,0.001,R5,0,1.0
random_lr,mean,6,fg_secondary_amine,0.001,R5,1,1.0
random_lr,mean,6,fg_secondary_amine,0.001,R6,0,0.2632
random_lr,mean,6,fg_secondary_amine,0.001,R6,1,0.2632
random_lr,mean,6,fg_secondary_amine,0.001,R8,0,0.2105
random_lr,mean,6,fg_secondary_amine,0.001,R8,1,0.2105
random_lr,mean,6,fg_secondary_amine,0.001,R9,0,0.1579
random_lr,mean,6,fg_secondary_amine,0.001,R9,1,0.1579
random_lr,mean,6,fg_amide,0.001,qm9s_val,0,0.7342
random_lr,mean,6,fg_amide,0.001,R0,0,0.7043
random_lr,mean,6,fg_amide,0.001,R2,0,0.7222
random_lr,mean,6,fg_amide,0.001,R2,1,0.7222
random_lr,mean,6,fg_amide,0.001,R3,0,0.8889
random_lr,mean,6,fg_amide,0.001,R3,1,0.8889
random_lr,mean,6,fg_amide,0.001,R4,0,0.7222
random_lr,mean,6,fg_amide,0.001,R4,1,0.7222
random_lr,mean,6,fg_amide,0.001,R5,0,0.75
random_lr,mean,6,fg_amide,0.001,R5,1,0.75
random_lr,mean,6,fg_amide,0.001,R6,0,0.4444
random_lr,mean,6,fg_amide,0.001,R6,1,0.4444
random_lr,mean,6,fg_amide,0.001,R8,0,0.75
random_lr,mean,6,fg_amide,0.001,R8,1,0.75
random_lr,mean,6,fg_amide,0.001,R9,0,0.8333
random_lr,mean,6,fg_amide,0.001,R9,1,0.8333
random_lr,mean,6,fg_guanidine,0.001,qm9s_val,0,0.8557
random_lr,mean,6,fg_guanidine,0.001,R0,0,0.8722
random_lr,mean,6,fg_guanidine,0.001,R2,0,0.7895
random_lr,mean,6,fg_guanidine,0.001,R2,1,0.7895
random_lr,mean,6,fg_guanidine,0.001,R3,0,0.6316
random_lr,mean,6,fg_guanidine,0.001,R3,1,0.6316
random_lr,mean,6,fg_guanidine,0.001,R4,0,0.5789
random_lr,mean,6,fg_guanidine,0.001,R4,1,0.5789
random_lr,mean,6,fg_guanidine,0.001,R5,0,0.0526
random_lr,mean,6,fg_guanidine,0.001,R5,1,0.0526
random_lr,mean,6,fg_guanidine,0.001,R6,0,0.1053
random_lr,mean,6,fg_guanidine,0.001,R6,1,0.1053
random_lr,mean,6,fg_guanidine,0.001,R8,0,0.8947
random_lr,mean,6,fg_guanidine,0.001,R8,1,0.8947
random_lr,mean,6,fg_guanidine,0.001,R9,0,0.3684
random_lr,mean,6,fg_guanidine,0.001,R9,1,0.3158
random_lr,mean,6,fg_hydroxyl_aliphatic,0.001,qm9s_val,0,0.6547
random_lr,mean,6,fg_hydroxyl_aliphatic,0.001,R0,0,0.6648
random_lr,mean,6,fg_hydroxyl_aliphatic,0.001,R2,0,0.9444
random_lr,mean,6,fg_hydroxyl_aliphatic,0.001,R2,1,0.9444
random_lr,mean,6,fg_hydroxyl_aliphatic,0.001,R3,0,0.6667
random_lr,mean,6,fg_hydroxyl_aliphatic,0.001,R3,1,0.6667
random_lr,mean,6,fg_hydroxyl_aliphatic,0.001,R4,0,0.7222
random_lr,mean,6,fg_hydroxyl_aliphatic,0.001,R4,1,0.7222
random_lr,mean,6,fg_hydroxyl_aliphatic,0.001,R5,0,0.6389
random_lr,mean,6,fg_hydroxyl_aliphatic,0.001,R5,1,0.6389
random_lr,mean,6,fg_hydroxyl_aliphatic,0.001,R6,0,0.5
random_lr,mean,6,fg_hydroxyl_aliphatic,0.001,R6,1,0.5
random_lr,mean,6,fg_hydroxyl_aliphatic,0.001,R8,0,0.4167
random_lr,mean,6,fg_hydroxyl_aliphatic,0.001,R8,1,0.4167
random_lr,mean,6,fg_hydroxyl_aliphatic,0.001,R9,0,0.5833
random_lr,mean,6,fg_hydroxyl_aliphatic,0.001,R9,1,0.6111
random_lr,mean,6,fg_phenol,0.001,qm9s_val,0,0.8687
random_lr,mean,6,fg_phenol,0.001,R0,0,0.8626
random_lr,mean,6,fg_phenol,0.001,R2,0,0.3684
random_lr,mean,6,fg_phenol,0.001,R2,1,0.3684
random_lr,mean,6,fg_phenol,0.001,R3,0,0.6316
random_lr,mean,6,fg_phenol,0.001,R3,1,0.6316
random_lr,mean,6,fg_phenol,0.001,R4,0,0.7368
random_lr,mean,6,fg_phenol,0.001,R4,1,0.7368
random_lr,mean,6,fg_phenol,0.001,R5,0,0.6316
random_lr,mean,6,fg_phenol,0.001,R5,1,0.6316
random_lr,mean,6,fg_phenol,0.001,R6,0,0.5263
random_lr,mean,6,fg_phenol,0.001,R6,1,0.5263
random_lr,mean,6,fg_phenol,0.001,R8,0,0.0
random_lr,mean,6,fg_phenol,0.001,R8,1,0.0
random_lr,mean,6,fg_phenol,0.001,R9,0,0.0526
random_lr,mean,6,fg_phenol,0.001,R9,1,0.0526
random_lr,mean,6,fg_aromatic_ring,0.001,qm9s_val,0,0.9268
random_lr,mean,6,fg_aromatic_ring,0.001,R0,0,0.9237
random_lr,mean,6,fg_aromatic_ring,0.001,R2,0,0.8281
random_lr,mean,6,fg_aromatic_ring,0.001,R2,1,0.8281
random_lr,mean,6,fg_aromatic_ring,0.001,R3,0,0.9062
random_lr,mean,6,fg_aromatic_ring,0.001,R3,1,0.9062
random_lr,mean,6,fg_aromatic_ring,0.001,R4,0,0.7188
random_lr,mean,6,fg_aromatic_ring,0.001,R4,1,0.7188
random_lr,mean,6,fg_aromatic_ring,0.001,R5,0,0.5469
random_lr,mean,6,fg_aromatic_ring,0.001,R5,1,0.5469
random_lr,mean,6,fg_aromatic_ring,0.001,R6,0,0.4531
random_lr,mean,6,fg_aromatic_ring,0.001,R6,1,0.4531
random_lr,mean,6,fg_aromatic_ring,0.001,R8,0,0.5312
random_lr,mean,6,fg_aromatic_ring,0.001,R8,1,0.5312
random_lr,mean,6,fg_aromatic_ring,0.001,R9,0,0.5938
random_lr,mean,6,fg_aromatic_ring,0.001,R9,1,0.5781
random_lr,mean,6,fg_benzene_ring,0.001,qm9s_val,0,0.8894
random_lr,mean,6,fg_benzene_ring,0.001,R0,0,0.8801
random_lr,mean,6,fg_benzene_ring,0.001,R2,0,0.902
random_lr,mean,6,fg_benzene_ring,0.001,R2,1,0.902
random_lr,mean,6,fg_benzene_ring,0.001,R3,0,0.7255
random_lr,mean,6,fg_benzene_ring,0.001,R3,1,0.7255
random_lr,mean,6,fg_benzene_ring,0.001,R4,0,0.7451
random_lr,mean,6,fg_benzene_ring,0.001,R4,1,0.7451
random_lr,mean,6,fg_benzene_ring,0.001,R5,0,0.3725
random_lr,mean,6,fg_benzene_ring,0.001,R5,1,0.3725
random_lr,mean,6,fg_benzene_ring,0.001,R6,0,0.3725
random_lr,mean,6,fg_benzene_ring,0.001,R6,1,0.3725
random_lr,mean,6,fg_benzene_ring,0.001,R8,0,0.5686
random_lr,mean,6,fg_benzene_ring,0.001,R8,1,0.5686
random_lr,mean,6,fg_benzene_ring,0.001,R9,0,0.5882
random_lr,mean,6,fg_benzene_ring,0.001,R9,1,0.5882
random_lr,mean,6,fg_pyrrole_ring,0.001,qm9s_val,0,0.8229
random_lr,mean,6,fg_pyrrole_ring,0.001,R0,0,0.8054
random_lr,mean,6,fg_pyrrole_ring,0.001,R2,0,0.9474
random_lr,mean,6,fg_pyrrole_ring,0.001,R2,1,0.9474
random_lr,mean,6,fg_pyrrole_ring,0.001,R3,0,1.0
random_lr,mean,6,fg_pyrrole_ring,0.001,R3,1,1.0
random_lr,mean,6,fg_pyrrole_ring,0.001,R4,0,0.9474
random_lr,mean,6,fg_pyrrole_ring,0.001,R4,1,0.9474
random_lr,mean,6,fg_pyrrole_ring,0.001,R5,0,0.0526
random_lr,mean,6,fg_pyrrole_ring,0.001,R5,1,0.0526
random_lr,mean,6,fg_pyrrole_ring,0.001,R6,0,0.3158
random_lr,mean,6,fg_pyrrole_ring,0.001,R6,1,0.3158
random_lr,mean,6,fg_pyrrole_ring,0.001,R8,0,0.8947
random_lr,mean,6,fg_pyrrole_ring,0.001,R8,1,0.8947
random_lr,mean,6,fg_pyrrole_ring,0.001,R9,0,1.0
random_lr,mean,6,fg_pyrrole_ring,0.001,R9,1,1.0
random_lr,mean,6,fg_imidazole_ring,0.001,qm9s_val,0,0.9031
random_lr,mean,6,fg_imidazole_ring,0.001,R0,0,0.8841
random_lr,mean,6,fg_imidazole_ring,0.001,R2,0,0.3158
random_lr,mean,6,fg_imidazole_ring,0.001,R2,1,0.3158
random_lr,mean,6,fg_imidazole_ring,0.001,R3,0,1.0
random_lr,mean,6,fg_imidazole_ring,0.001,R3,1,1.0
random_lr,mean,6,fg_imidazole_ring,0.001,R4,0,0.9474
random_lr,mean,6,fg_imidazole_ring,0.001,R4,1,0.9474
random_lr,mean,6,fg_imidazole_ring,0.001,R5,0,0.5263
random_lr,mean,6,fg_imidazole_ring,0.001,R5,1,0.5263
random_lr,mean,6,fg_imidazole_ring,0.001,R6,0,0.2632
random_lr,mean,6,fg_imidazole_ring,0.001,R6,1,0.2632
random_lr,mean,6,fg_imidazole_ring,0.001,R8,0,0.8421
random_lr,mean,6,fg_imidazole_ring,0.001,R8,1,0.8421
random_lr,mean,6,fg_imidazole_ring,0.001,R9,0,0.5263
random_lr,mean,6,fg_imidazole_ring,0.001,R9,1,0.5263
random_mm,mean,6,fg_primary_amine,,qm9s_val,0,0.641
random_mm,mean,6,fg_primary_amine,,R0,0,0.5884
random_mm,mean,6,fg_primary_amine,,R2,0,0.8421
random_mm,mean,6,fg_primary_amine,,R2,1,0.8421
random_mm,mean,6,fg_primary_amine,,R3,0,0.5263
random_mm,mean,6,fg_primary_amine,,R3,1,0.5263
random_mm,mean,6,fg_primary_amine,,R4,0,0.4737
random_mm,mean,6,fg_primary_amine,,R4,1,0.4737
random_mm,mean,6,fg_primary_amine,,R5,0,0.4211
random_mm,mean,6,fg_primary_amine,,R5,1,0.4211
random_mm,mean,6,fg_primary_amine,,R6,0,0.4211
random_mm,mean,6,fg_primary_amine,,R6,1,0.4211
random_mm,mean,6,fg_primary_amine,,R8,0,0.1579
random_mm,mean,6,fg_primary_amine,,R8,1,0.1579
random_mm,mean,6,fg_primary_amine,,R9,0,0.7368
random_mm,mean,6,fg_primary_amine,,R9,1,0.7368
random_mm,mean,6,fg_secondary_amine,,qm9s_val,0,0.6389
random_mm,mean,6,fg_secondary_amine,,R0,0,0.6404
random_mm,mean,6,fg_secondary_amine,,R2,0,0.7895
random_mm,mean,6,fg_secondary_amine,,R2,1,0.7895
random_mm,mean,6,fg_secondary_amine,,R3,0,0.3158
random_mm,mean,6,fg_secondary_amine,,R3,1,0.3158
random_mm,mean,6,fg_secondary_amine,,R4,0,0.8947
random_mm,mean,6,fg_secondary_amine,,R4,1,0.8947
random_mm,mean,6,fg_secondary_amine,,R5,0,0.8421
random_mm,mean,6,fg_secondary_amine,,R5,1,0.8421
random_mm,mean,6,fg_secondary_amine,,R6,0,0.2105
random_mm,mean,6,fg_secondary_amine,,R6,1,0.2105
random_mm,mean,6,fg_secondary_amine,,R8,0,0.7895
random_mm,mean,6,fg_secondary_amine,,R8,1,0.7895
random_mm,mean,6,fg_secondary_amine,,R9,0,0.2105
random_mm,mean,6,fg_secondary_amine,,R9,1,0.2105
random_mm,mean,6,fg_amide,,qm9s_val,0,0.6518
random_mm,mean,6,fg_amide,,R0,0,0.5987
random_mm,mean,6,fg_amide,,R2,0,0.1944
random_mm,mean,6,fg_amide,,R2,1,0.1944
random_mm,mean,6,fg_amide,,R3,0,0.3611
random_mm,mean,6,fg_amide,,R3,1,0.3611
random_mm,mean,6,fg_amide,,R4,0,0.6111
random_mm,mean,6,fg_amide,,R4,1,0.6111
random_mm,mean,6,fg_amide,,R5,0,0.8333
random_mm,mean,6,fg_amide,,R5,1,0.8333
random_mm,mean,6,fg_amide,,R6,0,0.8056
random_mm,mean,6,fg_amide,,R6,1,0.8056
random_mm,mean,6,fg_amide,,R8,0,0.4444
random_mm,mean,6,fg_amide,,R8,1,0.4444
random_mm,mean,6,fg_amide,,R9,0,0.6111
random_mm,mean,6,fg_amide,,R9,1,0.6111
random_mm,mean,6,fg_guanidine,,qm9s_val,0,0.7482
random_mm,mean,6,fg_guanidine,,R0,0,0.7296
random_mm,mean,6,fg_guanidine,,R2,0,0.9474
random_mm,mean,6,fg_guanidine,,R2,1,0.9474
random_mm,mean,6,fg_guanidine,,R3,0,0.3158
random_mm,mean,6,fg_guanidine,,R3,1,0.3158
random_mm,mean,6,fg_guanidine,,R4,0,0.1053
random_mm,mean,6,fg_guanidine,,R4,1,0.1053
random_mm,mean,6,fg_guanidine,,R5,0,0.1053
random_mm,mean,6,fg_guanidine,,R5,1,0.1053
random_mm,mean,6,fg_guanidine,,R6,0,0.1053
random_mm,mean,6,fg_guanidine,,R6,1,0.1053
random_mm,mean,6,fg_guanidine,,R8,0,0.5263
random_mm,mean,6,fg_guanidine,,R8,1,0.5263
random_mm,mean,6,fg_guanidine,,R9,0,0.4737
random_mm,mean,6,fg_guanidine,,R9,1,0.4211
random_mm,mean,6,fg_hydroxyl_aliphatic,,qm9s_val,0,0.6151
random_mm,mean,6,fg_hydroxyl_aliphatic,,R0,0,0.6332
random_mm,mean,6,fg_hydroxyl_aliphatic,,R2,0,0.7222
random_mm,mean,6,fg_hydroxyl_aliphatic,,R2,1,0.7222
random_mm,mean,6,fg_hydroxyl_aliphatic,,R3,0,0.5
random_mm,mean,6,fg_hydroxyl_aliphatic,,R3,1,0.5
random_mm,mean,6,fg_hydroxyl_aliphatic,,R4,0,0.6667
random_mm,mean,6,fg_hydroxyl_aliphatic,,R4,1,0.6667
random_mm,mean,6,fg_hydroxyl_aliphatic,,R5,0,0.5278
random_mm,mean,6,fg_hydroxyl_aliphatic,,R5,1,0.5278
random_mm,mean,6,fg_hydroxyl_aliphatic,,R6,0,0.7222
random_mm,mean,6,fg_hydroxyl_aliphatic,,R6,1,0.7222
random_mm,mean,6,fg_hydroxyl_aliphatic,,R8,0,0.8333
random_mm,mean,6,fg_hydroxyl_aliphatic,,R8,1,0.8333
random_mm,mean,6,fg_hydroxyl_aliphatic,,R9,0,0.5833
random_mm,mean,6,fg_hydroxyl_aliphatic,,R9,1,0.5833
random_mm,mean,6,fg_phenol,,qm9s_val,0,0.8195
random_mm,mean,6,fg_phenol,,R0,0,0.7885
random_mm,mean,6,fg_phenol,,R2,0,0.7895
random_mm,mean,6,fg_phenol,,R2,1,0.7895
random_mm,mean,6,fg_phenol,,R3,0,0.6316
random_mm,mean,6,fg_phenol,,R3,1,0.6316
random_mm,mean,6,fg_phenol,,R4,0,0.7368
random_mm,mean,6,fg_phenol,,R4,1,0.7368
random_mm,mean,6,fg_phenol,,R5,0,0.4737
random_mm,mean,6,fg_phenol,,R5,1,0.4737
random_mm,mean,6,fg_phenol,,R6,0,0.3158
random_mm,mean,6,fg_phenol,,R6,1,0.3158
random_mm,mean,6,fg_phenol,,R8,0,0.0
random_mm,mean,6,fg_phenol,,R8,1,0.0
random_mm,mean,6,fg_phenol,,R9,0,0.1579
random_mm,mean,6,fg_phenol,,R9,1,0.1579
random_mm,mean,6,fg_aromatic_ring,,qm9s_val,0,0.8636
random_mm,mean,6,fg_aromatic_ring,,R0,0,0.8628
random_mm,mean,6,fg_aromatic_ring,,R2,0,0.6719
random_mm,mean,6,fg_aromatic_ring,,R2,1,0.6719
random_mm,mean,6,fg_aromatic_ring,,R3,0,0.8281
random_mm,mean,6,fg_aromatic_ring,,R3,1,0.8281
random_mm,mean,6,fg_aromatic_ring,,R4,0,0.7656
random_mm,mean,6,fg_aromatic_ring,,R4,1,0.7656
random_mm,mean,6,fg_aromatic_ring,,R5,0,0.5938
random_mm,mean,6,fg_aromatic_ring,,R5,1,0.5938
random_mm,mean,6,fg_aromatic_ring,,R6,0,0.4844
random_mm,mean,6,fg_aromatic_ring,,R6,1,0.4844
random_mm,mean,6,fg_aromatic_ring,,R8,0,0.6094
random_mm,mean,6,fg_aromatic_ring,,R8,1,0.6094
random_mm,mean,6,fg_aromatic_ring,,R9,0,0.6562
random_mm,mean,6,fg_aromatic_ring,,R9,1,0.6562
random_mm,mean,6,fg_benzene_ring,,qm9s_val,0,0.8464
random_mm,mean,6,fg_benzene_ring,,R0,0,0.8205
random_mm,mean,6,fg_benzene_ring,,R2,0,0.7843
random_mm,mean,6,fg_benzene_ring,,R2,1,0.7843
random_mm,mean,6,fg_benzene_ring,,R3,0,0.4902
random_mm,mean,6,fg_benzene_ring,,R3,1,0.4902
random_mm,mean,6,fg_benzene_ring,,R4,0,0.5686
random_mm,mean,6,fg_benzene_ring,,R4,1,0.5686
random_mm,mean,6,fg_benzene_ring,,R5,0,0.3725
random_mm,mean,6,fg_benzene_ring,,R5,1,0.3725
random_mm,mean,6,fg_benzene_ring,,R6,0,0.3922
random_mm,mean,6,fg_benzene_ring,,R6,1,0.3922
random_mm,mean,6,fg_benzene_ring,,R8,0,0.4118
random_mm,mean,6,fg_benzene_ring,,R8,1,0.4118
random_mm,mean,6,fg_benzene_ring,,R9,0,0.6275
random_mm,mean,6,fg_benzene_ring,,R9,1,0.6275
random_mm,mean,6,fg_pyrrole_ring,,qm9s_val,0,0.7706
random_mm,mean,6,fg_pyrrole_ring,,R0,0,0.7701
random_mm,mean,6,fg_pyrrole_ring,,R2,0,0.7895
random_mm,mean,6,fg_pyrrole_ring,,R2,1,0.7895
random_mm,mean,6,fg_pyrrole_ring,,R3,0,1.0
random_mm,mean,6,fg_pyrrole_ring,,R3,1,1.0
random_mm,mean,6,fg_pyrrole_ring,,R4,0,0.9474
random_mm,mean,6,fg_pyrrole_ring,,R4,1,0.9474
random_mm,mean,6,fg_pyrrole_ring,,R5,0,0.2105
random_mm,mean,6,fg_pyrrole_ring,,R5,1,0.2105
random_mm,mean,6,fg_pyrrole_ring,,R6,0,0.4737
random_mm,mean,6,fg_pyrrole_ring,,R6,1,0.4737
random_mm,mean,6,fg_pyrrole_ring,,R8,0,0.4211
random_mm,mean,6,fg_pyrrole_ring,,R8,1,0.4211
random_mm,mean,6,fg_pyrrole_ring,,R9,0,0.8947
random_mm,mean,6,fg_pyrrole_ring,,R9,1,0.8947
random_mm,mean,6,fg_imidazole_ring,,qm9s_val,0,0.824
random_mm,mean,6,fg_imidazole_ring,,R0,0,0.8333
random_mm,mean,6,fg_imidazole_ring,,R2,0,0.6316
random_mm,mean,6,fg_imidazole_ring,,R2,1,0.6316
random_mm,mean,6,fg_imidazole_ring,,R3,0,1.0
random_mm,mean,6,fg_imidazole_ring,,R3,1,1.0
random_mm,mean,6,fg_imidazole_ring,,R4,0,0.6842
random_mm,mean,6,fg_imidazole_ring,,R4,1,0.6842
random_mm,mean,6,fg_imidazole_ring,,R5,0,0.6842
random_mm,mean,6,fg_imidazole_ring,,R5,1,0.6842
random_mm,mean,6,fg_imidazole_ring,,R6,0,0.2632
random_mm,mean,6,fg_imidazole_ring,,R6,1,0.2632
random_mm,mean,6,fg_imidazole_ring,,R8,0,0.8947
random_mm,mean,6,fg_imidazole_ring,,R8,1,0.8947
random_mm,mean,6,fg_imidazole_ring,,R9,0,0.7368
random_mm,mean,6,fg_imidazole_ring,,R9,1,0.7368
random_lr,mean,9,fg_primary_amine,0.001,qm9s_val,0,0.6696
random_lr,mean,9,fg_primary_amine,0.001,R0,0,0.6555
random_lr,mean,9,fg_primary_amine,0.001,R2,0,0.4737
random_lr,mean,9,fg_primary_amine,0.001,R2,1,0.4737
random_lr,mean,9,fg_primary_amine,0.001,R3,0,0.9474
random_lr,mean,9,fg_primary_amine,0.001,R3,1,0.9474
random_lr,mean,9,fg_primary_amine,0.001,R4,0,0.4737
random_lr,mean,9,fg_primary_amine,0.001,R4,1,0.4737
random_lr,mean,9,fg_primary_amine,0.001,R5,0,0.5263
random_lr,mean,9,fg_primary_amine,0.001,R5,1,0.5263
random_lr,mean,9,fg_primary_amine,0.001,R6,0,0.8947
random_lr,mean,9,fg_primary_amine,0.001,R6,1,0.8947
random_lr,mean,9,fg_primary_amine,0.001,R8,0,0.4211
random_lr,mean,9,fg_primary_amine,0.001,R8,1,0.4211
random_lr,mean,9,fg_primary_amine,0.001,R9,0,0.6842
random_lr,mean,9,fg_primary_amine,0.001,R9,1,0.6842
random_lr,mean,9,fg_secondary_amine,0.001,qm9s_val,0,0.6461
random_lr,mean,9,fg_secondary_amine,0.001,R0,0,0.6473
random_lr,mean,9,fg_secondary_amine,0.001,R2,0,0.4737
random_lr,mean,9,fg_secondary_amine,0.001,R2,1,0.4737
random_lr,mean,9,fg_secondary_amine,0.001,R3,0,0.6316
random_lr,mean,9,fg_secondary_amine,0.001,R3,1,0.6316
random_lr,mean,9,fg_secondary_amine,0.001,R4,0,0.8947
random_lr,mean,9,fg_secondary_amine,0.001,R4,1,0.8947
random_lr,mean,9,fg_secondary_amine,0.001,R5,0,1.0
random_lr,mean,9,fg_secondary_amine,0.001,R5,1,1.0
random_lr,mean,9,fg_secondary_amine,0.001,R6,0,0.6316
random_lr,mean,9,fg_secondary_amine,0.001,R6,1,0.6316
random_lr,mean,9,fg_secondary_amine,0.001,R8,0,0.4737
random_lr,mean,9,fg_secondary_amine,0.001,R8,1,0.4737
random_lr,mean,9,fg_secondary_amine,0.001,R9,0,0.1579
random_lr,mean,9,fg_secondary_amine,0.001,R9,1,0.1579
random_lr,mean,9,fg_amide,0.001,qm9s_val,0,0.7308
random_lr,mean,9,fg_amide,0.001,R0,0,0.6935
random_lr,mean,9,fg_amide,0.001,R2,0,0.7222
random_lr,mean,9,fg_amide,0.001,R2,1,0.7222
random_lr,mean,9,fg_amide,0.001,R3,0,0.8611
random_lr,mean,9,fg_amide,0.001,R3,1,0.8611
random_lr,mean,9,fg_amide,0.001,R4,0,0.6944
random_lr,mean,9,fg_amide,0.001,R4,1,0.6944
random_lr,mean,9,fg_amide,0.001,R5,0,0.7222
random_lr,mean,9,fg_amide,0.001,R5,1,0.7222
random_lr,mean,9,fg_amide,0.001,R6,0,0.3611
random_lr,mean,9,fg_amide,0.001,R6,1,0.3611
random_lr,mean,9,fg_amide,0.001,R8,0,0.6944
random_lr,mean,9,fg_amide,0.001,R8,1,0.6944
random_lr,mean,9,fg_amide,0.001,R9,0,0.8333
random_lr,mean,9,fg_amide,0.001,R9,1,0.8333
random_lr,mean,9,fg_guanidine,0.001,qm9s_val,0,0.839
random_lr,mean,9,fg_guanidine,0.001,R0,0,0.8745
random_lr,mean,9,fg_guanidine,0.001,R2,0,0.7895
random_lr,mean,9,fg_guanidine,0.001,R2,1,0.7895
random_lr,mean,9,fg_guanidine,0.001,R3,0,0.6842
random_lr,mean,9,fg_guanidine,0.001,R3,1,0.6842
random_lr,mean,9,fg_guanidine,0.001,R4,0,0.4737
random_lr,mean,9,fg_guanidine,0.001,R4,1,0.4737
random_lr,mean,9,fg_guanidine,0.001,R5,0,0.0526
random_lr,mean,9,fg_guanidine,0.001,R5,1,0.0526
random_lr,mean,9,fg_guanidine,0.001,R6,0,0.1053
random_lr,mean,9,fg_guanidine,0.001,R6,1,0.1053
random_lr,mean,9,fg_guanidine,0.001,R8,0,0.8947
random_lr,mean,9,fg_guanidine,0.001,R8,1,0.8947
random_lr,mean,9,fg_guanidine,0.001,R9,0,0.3158
random_lr,mean,9,fg_guanidine,0.001,R9,1,0.3158
random_lr,mean,9,fg_hydroxyl_aliphatic,0.001,qm9s_val,0,0.6478
random_lr,mean,9,fg_hydroxyl_aliphatic,0.001,R0,0,0.6567
random_lr,mean,9,fg_hydroxyl_aliphatic,0.001,R2,0,0.9722
random_lr,mean,9,fg_hydroxyl_aliphatic,0.001,R2,1,0.9722
random_lr,mean,9,fg_hydroxyl_aliphatic,0.001,R3,0,0.6111
random_lr,mean,9,fg_hydroxyl_aliphatic,0.001,R3,1,0.6111
random_lr,mean,9,fg_hydroxyl_aliphatic,0.001,R4,0,0.6944
random_lr,mean,9,fg_hydroxyl_aliphatic,0.001,R4,1,0.6944
random_lr,mean,9,fg_hydroxyl_aliphatic,0.001,R5,0,0.75
random_lr,mean,9,fg_hydroxyl_aliphatic,0.001,R5,1,0.75
random_lr,mean,9,fg_hydroxyl_aliphatic,0.001,R6,0,0.5556
random_lr,mean,9,fg_hydroxyl_aliphatic,0.001,R6,1,0.5556
random_lr,mean,9,fg_hydroxyl_aliphatic,0.001,R8,0,0.3333
random_lr,mean,9,fg_hydroxyl_aliphatic,0.001,R8,1,0.3333
random_lr,mean,9,fg_hydroxyl_aliphatic,0.001,R9,0,0.6111
random_lr,mean,9,fg_hydroxyl_aliphatic,0.001,R9,1,0.6111
random_lr,mean,9,fg_phenol,0.001,qm9s_val,0,0.8616
random_lr,mean,9,fg_phenol,0.001,R0,0,0.8553
random_lr,mean,9,fg_phenol,0.001,R2,0,0.5263
random_lr,mean,9,fg_phenol,0.001,R2,1,0.5263
random_lr,mean,9,fg_phenol,0.001,R3,0,0.5263
random_lr,mean,9,fg_phenol,0.001,R3,1,0.5263
random_lr,mean,9,fg_phenol,0.001,R4,0,0.7368
random_lr,mean,9,fg_phenol,0.001,R4,1,0.7368
random_lr,mean,9,fg_phenol,0.001,R5,0,0.7895
random_lr,mean,9,fg_phenol,0.001,R5,1,0.7895
random_lr,mean,9,fg_phenol,0.001,R6,0,0.5789
random_lr,mean,9,fg_phenol,0.001,R6,1,0.5789
random_lr,mean,9,fg_phenol,0.001,R8,0,0.0
random_lr,mean,9,fg_phenol,0.001,R8,1,0.0
random_lr,mean,9,fg_phenol,0.001,R9,0,0.0
random_lr,mean,9,fg_phenol,0.001,R9,1,0.0
random_lr,mean,9,fg_aromatic_ring,0.001,qm9s_val,0,0.9243
random_lr,mean,9,fg_aromatic_ring,0.001,R0,0,0.9242
random_lr,mean,9,fg_aromatic_ring,0.001,R2,0,0.8281
random_lr,mean,9,fg_aromatic_ring,0.001,R2,1,0.8281
random_lr,mean,9,fg_aromatic_ring,0.001,R3,0,0.8281
random_lr,mean,9,fg_aromatic_ring,0.001,R3,1,0.8281
random_lr,mean,9,fg_aromatic_ring,0.001,R4,0,0.6875
random_lr,mean,9,fg_aromatic_ring,0.001,R4,1,0.6875
random_lr,mean,9,fg_aromatic_ring,0.001,R5,0,0.5938
random_lr,mean,9,fg_aromatic_ring,0.001,R5,1,0.5938
random_lr,mean,9,fg_aromatic_ring,0.001,R6,0,0.4688
random_lr,mean,9,fg_aromatic_ring,0.001,R6,1,0.4688
random_lr,mean,9,fg_aromatic_ring,0.001,R8,0,0.5469
random_lr,mean,9,fg_aromatic_ring,0.001,R8,1,0.5469
random_lr,mean,9,fg_aromatic_ring,0.001,R9,0,0.5625
random_lr,mean,9,fg_aromatic_ring,0.001,R9,1,0.5469
random_lr,mean,9,fg_benzene_ring,0.001,qm9s_val,0,0.8904
random_lr,mean,9,fg_benzene_ring,0.001,R0,0,0.8803
random_lr,mean,9,fg_benzene_ring,0.001,R2,0,0.8824
random_lr,mean,9,fg_benzene_ring,0.001,R2,1,0.8824
random_lr,mean,9,fg_benzene_ring,0.001,R3,0,0.6863
random_lr,mean,9,fg_benzene_ring,0.001,R3,1,0.6863
random_lr,mean,9,fg_benzene_ring,0.001,R4,0,0.7255
random_lr,mean,9,fg_benzene_ring,0.001,R4,1,0.7255
random_lr,mean,9,fg_benzene_ring,0.001,R5,0,0.451
random_lr,mean,9,fg_benzene_ring,0.001,R5,1,0.451
random_lr,mean,9,fg_benzene_ring,0.001,R6,0,0.3725
random_lr,mean,9,fg_benzene_ring,0.001,R6,1,0.3725
random_lr,mean,9,fg_benzene_ring,0.001,R8,0,0.6275
random_lr,mean,9,fg_benzene_ring,0.001,R8,1,0.6275
random_lr,mean,9,fg_benzene_ring,0.001,R9,0,0.5882
random_lr,mean,9,fg_benzene_ring,0.001,R9,1,0.5882
random_lr,mean,9,fg_pyrrole_ring,0.001,qm9s_val,0,0.8174
random_lr,mean,9,fg_pyrrole_ring,0.001,R0,0,0.8003
random_lr,mean,9,fg_pyrrole_ring,0.001,R2,0,0.8947
random_lr,mean,9,fg_pyrrole_ring,0.001,R2,1,0.8947
random_lr,mean,9,fg_pyrrole_ring,0.001,R3,0,1.0
random_lr,mean,9,fg_pyrrole_ring,0.001,R3,1,1.0
random_lr,mean,9,fg_pyrrole_ring,0.001,R4,0,0.8947
random_lr,mean,9,fg_pyrrole_ring,0.001,R4,1,0.8947
random_lr,mean,9,fg_pyrrole_ring,0.001,R5,0,0.0526
random_lr,mean,9,fg_pyrrole_ring,0.001,R5,1,0.0526
random_lr,mean,9,fg_pyrrole_ring,0.001,R6,0,0.3684
random_lr,mean,9,fg_pyrrole_ring,0.001,R6,1,0.3684
random_lr,mean,9,fg_pyrrole_ring,0.001,R8,0,0.9474
random_lr,mean,9,fg_pyrrole_ring,0.001,R8,1,0.9474
random_lr,mean,9,fg_pyrrole_ring,0.001,R9,0,1.0
random_lr,mean,9,fg_pyrrole_ring,0.001,R9,1,1.0
random_lr,mean,9,fg_imidazole_ring,0.001,qm9s_val,0,0.9007
random_lr,mean,9,fg_imidazole_ring,0.001,R0,0,0.8748
random_lr,mean,9,fg_imidazole_ring,0.001,R2,0,0.3684
random_lr,mean,9,fg_imidazole_ring,0.001,R2,1,0.3684
random_lr,mean,9,fg_imidazole_ring,0.001,R3,0,1.0
random_lr,mean,9,fg_imidazole_ring,0.001,R3,1,1.0
random_lr,mean,9,fg_imidazole_ring,0.001,R4,0,0.8421
random_lr,mean,9,fg_imidazole_ring,0.001,R4,1,0.8421
random_lr,mean,9,fg_imidazole_ring,0.001,R5,0,0.5789
random_lr,mean,9,fg_imidazole_ring,0.001,R5,1,0.5789
random_lr,mean,9,fg_imidazole_ring,0.001,R6,0,0.2632
random_lr,mean,9,fg_imidazole_ring,0.001,R6,1,0.2632
random_lr,mean,9,fg_imidazole_ring,0.001,R8,0,0.7895
random_lr,mean,9,fg_imidazole_ring,0.001,R8,1,0.7895
random_lr,mean,9,fg_imidazole_ring,0.001,R9,0,0.3684
random_lr,mean,9,fg_imidazole_ring,0.001,R9,1,0.3684
random_mm,mean,9,fg_primary_amine,,qm9s_val,0,0.6391
random_mm,mean,9,fg_primary_amine,,R0,0,0.5923
random_mm,mean,9,fg_primary_amine,,R2,0,0.8421
random_mm,mean,9,fg_primary_amine,,R2,1,0.8421
random_mm,mean,9,fg_primary_amine,,R3,0,0.5263
random_mm,mean,9,fg_primary_amine,,R3,1,0.5263
random_mm,mean,9,fg_primary_amine,,R4,0,0.4737
random_mm,mean,9,fg_primary_amine,,R4,1,0.4737
random_mm,mean,9,fg_primary_amine,,R5,0,0.4211
random_mm,mean,9,fg_primary_amine,,R5,1,0.4211
random_mm,mean,9,fg_primary_amine,,R6,0,0.3684
random_mm,mean,9,fg_primary_amine,,R6,1,0.3684
random_mm,mean,9,fg_primary_amine,,R8,0,0.1579
random_mm,mean,9,fg_primary_amine,,R8,1,0.1579
random_mm,mean,9,fg_primary_amine,,R9,0,0.7368
random_mm,mean,9,fg_primary_amine,,R9,1,0.7368
random_mm,mean,9,fg_secondary_amine,,qm9s_val,0,0.6387
random_mm,mean,9,fg_secondary_amine,,R0,0,0.6421
random_mm,mean,9,fg_secondary_amine,,R2,0,0.7368
random_mm,mean,9,fg_secondary_amine,,R2,1,0.7368
random_mm,mean,9,fg_secondary_amine,,R3,0,0.3158
random_mm,mean,9,fg_secondary_amine,,R3,1,0.3158
random_mm,mean,9,fg_secondary_amine,,R4,0,0.8947
random_mm,mean,9,fg_secondary_amine,,R4,1,0.8947
random_mm,mean,9,fg_secondary_amine,,R5,0,0.8947
random_mm,mean,9,fg_secondary_amine,,R5,1,0.8947
random_mm,mean,9,fg_secondary_amine,,R6,0,0.2105
random_mm,mean,9,fg_secondary_amine,,R6,1,0.2105
random_mm,mean,9,fg_secondary_amine,,R8,0,0.7895
random_mm,mean,9,fg_secondary_amine,,R8,1,0.7895
random_mm,mean,9,fg_secondary_amine,,R9,0,0.2105
random_mm,mean,9,fg_secondary_amine,,R9,1,0.2105
random_mm,mean,9,fg_amide,,qm9s_val,0,0.6498
random_mm,mean,9,fg_amide,,R0,0,0.5961
random_mm,mean,9,fg_amide,,R2,0,0.1667
random_mm,mean,9,fg_amide,,R2,1,0.1667
random_mm,mean,9,fg_amide,,R3,0,0.3333
random_mm,mean,9,fg_amide,,R3,1,0.3333
random_mm,mean,9,fg_amide,,R4,0,0.6111
random_mm,mean,9,fg_amide,,R4,1,0.6111
random_mm,mean,9,fg_amide,,R5,0,0.8611
random_mm,mean,9,fg_amide,,R5,1,0.8611
random_mm,mean,9,fg_amide,,R6,0,0.8056
random_mm,mean,9,fg_amide,,R6,1,0.8056
random_mm,mean,9,fg_amide,,R8,0,0.4444
random_mm,mean,9,fg_amide,,R8,1,0.4444
random_mm,mean,9,fg_amide,,R9,0,0.6111
random_mm,mean,9,fg_amide,,R9,1,0.6111
random_mm,mean,9,fg_guanidine,,qm9s_val,0,0.7499
random_mm,mean,9,fg_guanidine,,R0,0,0.7283
random_mm,mean,9,fg_guanidine,,R2,0,0.9474
random_mm,mean,9,fg_guanidine,,R2,1,0.9474
random_mm,mean,9,fg_guanidine,,R3,0,0.3158
random_mm,mean,9,fg_guanidine,,R3,1,0.3158
random_mm,mean,9,fg_guanidine,,R4,0,0.1579
random_mm,mean,9,fg_guanidine,,R4,1,0.1579
random_mm,mean,9,fg_guanidine,,R5,0,0.1053
random_mm,mean,9,fg_guanidine,,R5,1,0.1053
random_mm,mean,9,fg_guanidine,,R6,0,0.1053
random_mm,mean,9,fg_guanidine,,R6,1,0.1053
random_mm,mean,9,fg_guanidine,,R8,0,0.5263
random_mm,mean,9,fg_guanidine,,R8,1,0.5263
random_mm,mean,9,fg_guanidine,,R9,0,0.4737
random_mm,mean,9,fg_guanidine,,R9,1,0.4737
random_mm,mean,9,fg_hydroxyl_aliphatic,,qm9s_val,0,0.6145
random_mm,mean,9,fg_hydroxyl_aliphatic,,R0,0,0.6347
random_mm,mean,9,fg_hydroxyl_aliphatic,,R2,0,0.75
random_mm,mean,9,fg_hydroxyl_aliphatic,,R2,1,0.75
random_mm,mean,9,fg_hydroxyl_aliphatic,,R3,0,0.4444
random_mm,mean,9,fg_hydroxyl_aliphatic,,R3,1,0.4444
random_mm,mean,9,fg_hydroxyl_aliphatic,,R4,0,0.6389
random_mm,mean,9,fg_hydroxyl_aliphatic,,R4,1,0.6389
random_mm,mean,9,fg_hydroxyl_aliphatic,,R5,0,0.4722
random_mm,mean,9,fg_hydroxyl_aliphatic,,R5,1,0.4722
random_mm,mean,9,fg_hydroxyl_aliphatic,,R6,0,0.6667
random_mm,mean,9,fg_hydroxyl_aliphatic,,R6,1,0.6667
random_mm,mean,9,fg_hydroxyl_aliphatic,,R8,0,0.8611
random_mm,mean,9,fg_hydroxyl_aliphatic,,R8,1,0.8611
random_mm,mean,9,fg_hydroxyl_aliphatic,,R9,0,0.5833
random_mm,mean,9,fg_hydroxyl_aliphatic,,R9,1,0.5833
random_mm,mean,9,fg_phenol,,qm9s_val,0,0.821
random_mm,mean,9,fg_phenol,,R0,0,0.7895
random_mm,mean,9,fg_phenol,,R2,0,0.7895
random_mm,mean,9,fg_phenol,,R2,1,0.7895
random_mm,mean,9,fg_phenol,,R3,0,0.6316
random_mm,mean,9,fg_phenol,,R3,1,0.6316
random_mm,mean,9,fg_phenol,,R4,0,0.7368
random_mm,mean,9,fg_phenol,,R4,1,0.7368
random_mm,mean,9,fg_phenol,,R5,0,0.4737
random_mm,mean,9,fg_phenol,,R5,1,0.4737
random_mm,mean,9,fg_phenol,,R6,0,0.3684
random_mm,mean,9,fg_phenol,,R6,1,0.3684
random_mm,mean,9,fg_phenol,,R8,0,0.0526
random_mm,mean,9,fg_phenol,,R8,1,0.0526
random_mm,mean,9,fg_phenol,,R9,0,0.1579
random_mm,mean,9,fg_phenol,,R9,1,0.1579
random_mm,mean,9,fg_aromatic_ring,,qm9s_val,0,0.8637
random_mm,mean,9,fg_aromatic_ring,,R0,0,0.8634
random_mm,mean,9,fg_aromatic_ring,,R2,0,0.6562
random_mm,mean,9,fg_aromatic_ring,,R2,1,0.6562
random_mm,mean,9,fg_aromatic_ring,,R3,0,0.8281
random_mm,mean,9,fg_aromatic_ring,,R3,1,0.8281
random_mm,mean,9,fg_aromatic_ring,,R4,0,0.7969
random_mm,mean,9,fg_aromatic_ring,,R4,1,0.7969
random_mm,mean,9,fg_aromatic_ring,,R5,0,0.5781
random_mm,mean,9,fg_aromatic_ring,,R5,1,0.5781
random_mm,mean,9,fg_aromatic_ring,,R6,0,0.4844
random_mm,mean,9,fg_aromatic_ring,,R6,1,0.4844
random_mm,mean,9,fg_aromatic_ring,,R8,0,0.625
random_mm,mean,9,fg_aromatic_ring,,R8,1,0.625
random_mm,mean,9,fg_aromatic_ring,,R9,0,0.6562
random_mm,mean,9,fg_aromatic_ring,,R9,1,0.6562
random_mm,mean,9,fg_benzene_ring,,qm9s_val,0,0.846
random_mm,mean,9,fg_benzene_ring,,R0,0,0.8226
random_mm,mean,9,fg_benzene_ring,,R2,0,0.7647
random_mm,mean,9,fg_benzene_ring,,R2,1,0.7647
random_mm,mean,9,fg_benzene_ring,,R3,0,0.5294
random_mm,mean,9,fg_benzene_ring,,R3,1,0.5294
random_mm,mean,9,fg_benzene_ring,,R4,0,0.5686
random_mm,mean,9,fg_benzene_ring,,R4,1,0.5686
random_mm,mean,9,fg_benzene_ring,,R5,0,0.3922
random_mm,mean,9,fg_benzene_ring,,R5,1,0.3922
random_mm,mean,9,fg_benzene_ring,,R6,0,0.3922
random_mm,mean,9,fg_benzene_ring,,R6,1,0.3922
random_mm,mean,9,fg_benzene_ring,,R8,0,0.4314
random_mm,mean,9,fg_benzene_ring,,R8,1,0.4314
random_mm,mean,9,fg_benzene_ring,,R9,0,0.6471
random_mm,mean,9,fg_benzene_ring,,R9,1,0.6471
random_mm,mean,9,fg_pyrrole_ring,,qm9s_val,0,0.7714
random_mm,mean,9,fg_pyrrole_ring,,R0,0,0.7683
random_mm,mean,9,fg_pyrrole_ring,,R2,0,0.7368
random_mm,mean,9,fg_pyrrole_ring,,R2,1,0.7368
random_mm,mean,9,fg_pyrrole_ring,,R3,0,1.0
random_mm,mean,9,fg_pyrrole_ring,,R3,1,1.0
random_mm,mean,9,fg_pyrrole_ring,,R4,0,0.9474
random_mm,mean,9,fg_pyrrole_ring,,R4,1,0.9474
random_mm,mean,9,fg_pyrrole_ring,,R5,0,0.2105
random_mm,mean,9,fg_pyrrole_ring,,R5,1,0.2105
random_mm,mean,9,fg_pyrrole_ring,,R6,0,0.4737
random_mm,mean,9,fg_pyrrole_ring,,R6,1,0.4737
random_mm,mean,9,fg_pyrrole_ring,,R8,0,0.4211
random_mm,mean,9,fg_pyrrole_ring,,R8,1,0.4211
random_mm,mean,9,fg_pyrrole_ring,,R9,0,0.8947
random_mm,mean,9,fg_pyrrole_ring,,R9,1,0.8947
random_mm,mean,9,fg_imidazole_ring,,qm9s_val,0,0.8268
random_mm,mean,9,fg_imidazole_ring,,R0,0,0.8343
random_mm,mean,9,fg_imidazole_ring,,R2,0,0.6316
random_mm,mean,9,fg_imidazole_ring,,R2,1,0.6316
random_mm,mean,9,fg_imidazole_ring,,R3,0,1.0
random_mm,mean,9,fg_imidazole_ring,,R3,1,1.0
random_mm,mean,9,fg_imidazole_ring,,R4,0,0.6316
random_mm,mean,9,fg_imidazole_ring,,R4,1,0.6316
random_mm,mean,9,fg_imidazole_ring,,R5,0,0.6842
random_mm,mean,9,fg_imidazole_ring,,R5,1,0.6842
random_mm,mean,9,fg_imidazole_ring,,R6,0,0.2632
random_mm,mean,9,fg_imidazole_ring,,R6,1,0.2632
random_mm,mean,9,fg_imidazole_ring,,R8,0,0.7895
random_mm,mean,9,fg_imidazole_ring,,R8,1,0.7895
random_mm,mean,9,fg_imidazole_ring,,R9,0,0.7368
random_mm,mean,9,fg_imidazole_ring,,R9,1,0.7368
random_lr,mean,12,fg_primary_amine,0.001,qm9s_val,0,0.666
random_lr,mean,12,fg_primary_amine,0.001,R0,0,0.6505
random_lr,mean,12,fg_primary_amine,0.001,R2,0,0.4211
random_lr,mean,12,fg_primary_amine,0.001,R2,1,0.4211
random_lr,mean,12,fg_primary_amine,0.001,R3,0,1.0
random_lr,mean,12,fg_primary_amine,0.001,R3,1,1.0
random_lr,mean,12,fg_primary_amine,0.001,R4,0,0.2632
random_lr,mean,12,fg_primary_amine,0.001,R4,1,0.2632
random_lr,mean,12,fg_primary_amine,0.001,R5,0,0.4211
random_lr,mean,12,fg_primary_amine,0.001,R5,1,0.4211
random_lr,mean,12,fg_primary_amine,0.001,R6,0,0.7895
random_lr,mean,12,fg_primary_amine,0.001,R6,1,0.7895
random_lr,mean,12,fg_primary_amine,0.001,R8,0,0.3684
random_lr,mean,12,fg_primary_amine,0.001,R8,1,0.3684
random_lr,mean,12,fg_primary_amine,0.001,R9,0,0.6316
random_lr,mean,12,fg_primary_amine,0.001,R9,1,0.6316
random_lr,mean,12,fg_secondary_amine,0.001,qm9s_val,0,0.6399
random_lr,mean,12,fg_secondary_amine,0.001,R0,0,0.6418
random_lr,mean,12,fg_secondary_amine,0.001,R2,0,0.5263
random_lr,mean,12,fg_secondary_amine,0.001,R2,1,0.5263
random_lr,mean,12,fg_secondary_amine,0.001,R3,0,0.4737
random_lr,mean,12,fg_secondary_amine,0.001,R3,1,0.4737
random_lr,mean,12,fg_secondary_amine,0.001,R4,0,0.8421
random_lr,mean,12,fg_secondary_amine,0.001,R4,1,0.8421
random_lr,mean,12,fg_secondary_amine,0.001,R5,0,1.0
random_lr,mean,12,fg_secondary_amine,0.001,R5,1,1.0
random_lr,mean,12,fg_secondary_amine,0.001,R6,0,0.4737
random_lr,mean,12,fg_secondary_amine,0.001,R6,1,0.4737
random_lr,mean,12,fg_secondary_amine,0.001,R8,0,0.5263
random_lr,mean,12,fg_secondary_amine,0.001,R8,1,0.5263
random_lr,mean,12,fg_secondary_amine,0.001,R9,0,0.1579
random_lr,mean,12,fg_secondary_amine,0.001,R9,1,0.1579
random_lr,mean,12,fg_amide,0.001,qm9s_val,0,0.7256
random_lr,mean,12,fg_amide,0.001,R0,0,0.7016
random_lr,mean,12,fg_amide,0.001,R2,0,0.75
random_lr,mean,12,fg_amide,0.001,R2,1,0.75
random_lr,mean,12,fg_amide,0.001,R3,0,0.8333
random_lr,mean,12,fg_amide,0.001,R3,1,0.8333
random_lr,mean,12,fg_amide,0.001,R4,0,0.6667
random_lr,mean,12,fg_amide,0.001,R4,1,0.6667
random_lr,mean,12,fg_amide,0.001,R5,0,0.6111
random_lr,mean,12,fg_amide,0.001,R5,1,0.6111
random_lr,mean,12,fg_amide,0.001,R6,0,0.3056
random_lr,mean,12,fg_amide,0.001,R6,1,0.3056
random_lr,mean,12,fg_amide,0.001,R8,0,0.6111
random_lr,mean,12,fg_amide,0.001,R8,1,0.6111
random_lr,mean,12,fg_amide,0.001,R9,0,0.8333
random_lr,mean,12,fg_amide,0.001,R9,1,0.8333
random_lr,mean,12,fg_guanidine,0.001,qm9s_val,0,0.8247
random_lr,mean,12,fg_guanidine,0.001,R0,0,0.8639
random_lr,mean,12,fg_guanidine,0.001,R2,0,0.7895
random_lr,mean,12,fg_guanidine,0.001,R2,1,0.7895
random_lr,mean,12,fg_guanidine,0.001,R3,0,0.5789
random_lr,mean,12,fg_guanidine,0.001,R3,1,0.5789
random_lr,mean,12,fg_guanidine,0.001,R4,0,0.4737
random_lr,mean,12,fg_guanidine,0.001,R4,1,0.4737
random_lr,mean,12,fg_guanidine,0.001,R5,0,0.0526
random_lr,mean,12,fg_guanidine,0.001,R5,1,0.0526
random_lr,mean,12,fg_guanidine,0.001,R6,0,0.2105
random_lr,mean,12,fg_guanidine,0.001,R6,1,0.2105
random_lr,mean,12,fg_guanidine,0.001,R8,0,0.8421
random_lr,mean,12,fg_guanidine,0.001,R8,1,0.8421
random_lr,mean,12,fg_guanidine,0.001,R9,0,0.4211
random_lr,mean,12,fg_guanidine,0.001,R9,1,0.3684
random_lr,mean,12,fg_hydroxyl_aliphatic,0.001,qm9s_val,0,0.6402
random_lr,mean,12,fg_hydroxyl_aliphatic,0.001,R0,0,0.6547
random_lr,mean,12,fg_hydroxyl_aliphatic,0.001,R2,0,0.8889
random_lr,mean,12,fg_hydroxyl_aliphatic,0.001,R2,1,0.8889
random_lr,mean,12,fg_hydroxyl_aliphatic,0.001,R3,0,0.6667
random_lr,mean,12,fg_hydroxyl_aliphatic,0.001,R3,1,0.6667
random_lr,mean,12,fg_hydroxyl_aliphatic,0.001,R4,0,0.8056
random_lr,mean,12,fg_hydroxyl_aliphatic,0.001,R4,1,0.8056
random_lr,mean,12,fg_hydroxyl_aliphatic,0.001,R5,0,0.6667
random_lr,mean,12,fg_hydroxyl_aliphatic,0.001,R5,1,0.6667
random_lr,mean,12,fg_hydroxyl_aliphatic,0.001,R6,0,0.6667
random_lr,mean,12,fg_hydroxyl_aliphatic,0.001,R6,1,0.6667
random_lr,mean,12,fg_hydroxyl_aliphatic,0.001,R8,0,0.1389
random_lr,mean,12,fg_hydroxyl_aliphatic,0.001,R8,1,0.1389
random_lr,mean,12,fg_hydroxyl_aliphatic,0.001,R9,0,0.5833
random_lr,mean,12,fg_hydroxyl_aliphatic,0.001,R9,1,0.5833
random_lr,mean,12,fg_phenol,0.001,qm9s_val,0,0.8571
random_lr,mean,12,fg_phenol,0.001,R0,0,0.8533
random_lr,mean,12,fg_phenol,0.001,R2,0,0.5263
random_lr,mean,12,fg_phenol,0.001,R2,1,0.5263
random_lr,mean,12,fg_phenol,0.001,R3,0,0.4737
random_lr,mean,12,fg_phenol,0.001,R3,1,0.4737
random_lr,mean,12,fg_phenol,0.001,R4,0,0.7368
random_lr,mean,12,fg_phenol,0.001,R4,1,0.7368
random_lr,mean,12,fg_phenol,0.001,R5,0,0.7895
random_lr,mean,12,fg_phenol,0.001,R5,1,0.7895
random_lr,mean,12,fg_phenol,0.001,R6,0,0.6316
random_lr,mean,12,fg_phenol,0.001,R6,1,0.6316
random_lr,mean,12,fg_phenol,0.001,R8,0,0.0
random_lr,mean,12,fg_phenol,0.001,R8,1,0.0
random_lr,mean,12,fg_phenol,0.001,R9,0,0.0
random_lr,mean,12,fg_phenol,0.001,R9,1,0.0
random_lr,mean,12,fg_aromatic_ring,0.001,qm9s_val,0,0.9249
random_lr,mean,12,fg_aromatic_ring,0.001,R0,0,0.9225
random_lr,mean,12,fg_aromatic_ring,0.001,R2,0,0.7656
random_lr,mean,12,fg_aromatic_ring,0.001,R2,1,0.7656
random_lr,mean,12,fg_aromatic_ring,0.001,R3,0,0.7812
random_lr,mean,12,fg_aromatic_ring,0.001,R3,1,0.7812
random_lr,mean,12,fg_aromatic_ring,0.001,R4,0,0.6719
random_lr,mean,12,fg_aromatic_ring,0.001,R4,1,0.6719
random_lr,mean,12,fg_aromatic_ring,0.001,R5,0,0.5781
random_lr,mean,12,fg_aromatic_ring,0.001,R5,1,0.5781
random_lr,mean,12,fg_aromatic_ring,0.001,R6,0,0.4531
random_lr,mean,12,fg_aromatic_ring,0.001,R6,1,0.4531
random_lr,mean,12,fg_aromatic_ring,0.001,R8,0,0.5469
random_lr,mean,12,fg_aromatic_ring,0.001,R8,1,0.5469
random_lr,mean,12,fg_aromatic_ring,0.001,R9,0,0.5938
random_lr,mean,12,fg_aromatic_ring,0.001,R9,1,0.5781
random_lr,mean,12,fg_benzene_ring,0.001,qm9s_val,0,0.8936
random_lr,mean,12,fg_benzene_ring,0.001,R0,0,0.8766
random_lr,mean,12,fg_benzene_ring,0.001,R2,0,0.902
random_lr,mean,12,fg_benzene_ring,0.001,R2,1,0.902
random_lr,mean,12,fg_benzene_ring,0.001,R3,0,0.6275
random_lr,mean,12,fg_benzene_ring,0.001,R3,1,0.6275
random_lr,mean,12,fg_benzene_ring,0.001,R4,0,0.6471
random_lr,mean,12,fg_benzene_ring,0.001,R4,1,0.6471
random_lr,mean,12,fg_benzene_ring,0.001,R5,0,0.451
random_lr,mean,12,fg_benzene_ring,0.001,R5,1,0.451
random_lr,mean,12,fg_benzene_ring,0.001,R6,0,0.4706
random_lr,mean,12,fg_benzene_ring,0.001,R6,1,0.4706
random_lr,mean,12,fg_benzene_ring,0.001,R8,0,0.6471
random_lr,mean,12,fg_benzene_ring,0.001,R8,1,0.6471
random_lr,mean,12,fg_benzene_ring,0.001,R9,0,0.5882
random_lr,mean,12,fg_benzene_ring,0.001,R9,1,0.5882
random_lr,mean,12,fg_pyrrole_ring,0.001,qm9s_val,0,0.8225
random_lr,mean,12,fg_pyrrole_ring,0.001,R0,0,0.8
random_lr,mean,12,fg_pyrrole_ring,0.001,R2,0,0.8947
random_lr,mean,12,fg_pyrrole_ring,0.001,R2,1,0.8947
random_lr,mean,12,fg_pyrrole_ring,0.001,R3,0,1.0
random_lr,mean,12,fg_pyrrole_ring,0.001,R3,1,1.0
random_lr,mean,12,fg_pyrrole_ring,0.001,R4,0,0.8421
random_lr,mean,12,fg_pyrrole_ring,0.001,R4,1,0.8421
random_lr,mean,12,fg_pyrrole_ring,0.001,R5,0,0.1053
random_lr,mean,12,fg_pyrrole_ring,0.001,R5,1,0.1053
random_lr,mean,12,fg_pyrrole_ring,0.001,R6,0,0.3158
random_lr,mean,12,fg_pyrrole_ring,0.001,R6,1,0.3158
random_lr,mean,12,fg_pyrrole_ring,0.001,R8,0,1.0
random_lr,mean,12,fg_pyrrole_ring,0.001,R8,1,1.0
random_lr,mean,12,fg_pyrrole_ring,0.001,R9,0,1.0
random_lr,mean,12,fg_pyrrole_ring,0.001,R9,1,1.0
random_lr,mean,12,fg_imidazole_ring,0.001,qm9s_val,0,0.8987
random_lr,mean,12,fg_imidazole_ring,0.001,R0,0,0.8729
random_lr,mean,12,fg_imidazole_ring,0.001,R2,0,0.3684
random_lr,mean,12,fg_imidazole_ring,0.001,R2,1,0.3684
random_lr,mean,12,fg_imidazole_ring,0.001,R3,0,1.0
random_lr,mean,12,fg_imidazole_ring,0.001,R3,1,1.0
random_lr,mean,12,fg_imidazole_ring,0.001,R4,0,0.8947
random_lr,mean,12,fg_imidazole_ring,0.001,R4,1,0.8947
random_lr,mean,12,fg_imidazole_ring,0.001,R5,0,0.6842
random_lr,mean,12,fg_imidazole_ring,0.001,R5,1,0.6842
random_lr,mean,12,fg_imidazole_ring,0.001,R6,0,0.2105
random_lr,mean,12,fg_imidazole_ring,0.001,R6,1,0.2105
random_lr,mean,12,fg_imidazole_ring,0.001,R8,0,0.8947
random_lr,mean,12,fg_imidazole_ring,0.001,R8,1,0.8947
random_lr,mean,12,fg_imidazole_ring,0.001,R9,0,0.4211
random_lr,mean,12,fg_imidazole_ring,0.001,R9,1,0.4211
random_mm,mean,12,fg_primary_amine,,qm9s_val,0,0.6381
random_mm,mean,12,fg_primary_amine,,R0,0,0.5942
random_mm,mean,12,fg_primary_amine,,R2,0,0.8421
random_mm,mean,12,fg_primary_amine,,R2,1,0.8421
random_mm,mean,12,fg_primary_amine,,R3,0,0.5263
random_mm,mean,12,fg_primary_amine,,R3,1,0.5263
random_mm,mean,12,fg_primary_amine,,R4,0,0.5263
random_mm,mean,12,fg_primary_amine,,R4,1,0.5263
random_mm,mean,12,fg_primary_amine,,R5,0,0.4211
random_mm,mean,12,fg_primary_amine,,R5,1,0.4211
random_mm,mean,12,fg_primary_amine,,R6,0,0.3684
random_mm,mean,12,fg_primary_amine,,R6,1,0.3684
random_mm,mean,12,fg_primary_amine,,R8,0,0.1579
random_mm,mean,12,fg_primary_amine,,R8,1,0.1579
random_mm,mean,12,fg_primary_amine,,R9,0,0.7368
random_mm,mean,12,fg_primary_amine,,R9,1,0.7368
random_mm,mean,12,fg_secondary_amine,,qm9s_val,0,0.6378
random_mm,mean,12,fg_secondary_amine,,R0,0,0.642
random_mm,mean,12,fg_secondary_amine,,R2,0,0.6842
random_mm,mean,12,fg_secondary_amine,,R2,1,0.6842
random_mm,mean,12,fg_secondary_amine,,R3,0,0.3158
random_mm,mean,12,fg_secondary_amine,,R3,1,0.3158
random_mm,mean,12,fg_secondary_amine,,R4,0,0.8947
random_mm,mean,12,fg_secondary_amine,,R4,1,0.8947
random_mm,mean,12,fg_secondary_amine,,R5,0,0.8947
random_mm,mean,12,fg_secondary_amine,,R5,1,0.8947
random_mm,mean,12,fg_secondary_amine,,R6,0,0.2105
random_mm,mean,12,fg_secondary_amine,,R6,1,0.2105
random_mm,mean,12,fg_secondary_amine,,R8,0,0.7895
random_mm,mean,12,fg_secondary_amine,,R8,1,0.7895
random_mm,mean,12,fg_secondary_amine,,R9,0,0.2105
random_mm,mean,12,fg_secondary_amine,,R9,1,0.2105
random_mm,mean,12,fg_amide,,qm9s_val,0,0.6488
random_mm,mean,12,fg_amide,,R0,0,0.596
random_mm,mean,12,fg_amide,,R2,0,0.1389
random_mm,mean,12,fg_amide,,R2,1,0.1389
random_mm,mean,12,fg_amide,,R3,0,0.3333
random_mm,mean,12,fg_amide,,R3,1,0.3333
random_mm,mean,12,fg_amide,,R4,0,0.6111
random_mm,mean,12,fg_amide,,R4,1,0.6111
random_mm,mean,12,fg_amide,,R5,0,0.8611
random_mm,mean,12,fg_amide,,R5,1,0.8611
random_mm,mean,12,fg_amide,,R6,0,0.8056
random_mm,mean,12,fg_amide,,R6,1,0.8056
random_mm,mean,12,fg_amide,,R8,0,0.4444
random_mm,mean,12,fg_amide,,R8,1,0.4444
random_mm,mean,12,fg_amide,,R9,0,0.6111
random_mm,mean,12,fg_amide,,R9,1,0.6111
random_mm,mean,12,fg_guanidine,,qm9s_val,0,0.7526
random_mm,mean,12,fg_guanidine,,R0,0,0.7309
random_mm,mean,12,fg_guanidine,,R2,0,0.9474
random_mm,mean,12,fg_guanidine,,R2,1,0.9474
random_mm,mean,12,fg_guanidine,,R3,0,0.3158
random_mm,mean,12,fg_guanidine,,R3,1,0.3158
random_mm,mean,12,fg_guanidine,,R4,0,0.1579
random_mm,mean,12,fg_guanidine,,R4,1,0.1579
random_mm,mean,12,fg_guanidine,,R5,0,0.1053
random_mm,mean,12,fg_guanidine,,R5,1,0.1053
random_mm,mean,12,fg_guanidine,,R6,0,0.0526
random_mm,mean,12,fg_guanidine,,R6,1,0.0526
random_mm,mean,12,fg_guanidine,,R8,0,0.5263
random_mm,mean,12,fg_guanidine,,R8,1,0.5263
random_mm,mean,12,fg_guanidine,,R9,0,0.4737
random_mm,mean,12,fg_guanidine,,R9,1,0.4737
random_mm,mean,12,fg_hydroxyl_aliphatic,,qm9s_val,0,0.6154
random_mm,mean,12,fg_hydroxyl_aliphatic,,R0,0,0.6348
random_mm,mean,12,fg_hydroxyl_aliphatic,,R2,0,0.6667
random_mm,mean,12,fg_hydroxyl_aliphatic,,R2,1,0.6667
random_mm,mean,12,fg_hydroxyl_aliphatic,,R3,0,0.4722
random_mm,mean,12,fg_hydroxyl_aliphatic,,R3,1,0.4722
random_mm,mean,12,fg_hydroxyl_aliphatic,,R4,0,0.6389
random_mm,mean,12,fg_hydroxyl_aliphatic,,R4,1,0.6389
random_mm,mean,12,fg_hydroxyl_aliphatic,,R5,0,0.5556
random_mm,mean,12,fg_hydroxyl_aliphatic,,R5,1,0.5556
random_mm,mean,12,fg_hydroxyl_aliphatic,,R6,0,0.6944
random_mm,mean,12,fg_hydroxyl_aliphatic,,R6,1,0.6944
random_mm,mean,12,fg_hydroxyl_aliphatic,,R8,0,0.8611
random_mm,mean,12,fg_hydroxyl_aliphatic,,R8,1,0.8611
random_mm,mean,12,fg_hydroxyl_aliphatic,,R9,0,0.5556
random_mm,mean,12,fg_hydroxyl_aliphatic,,R9,1,0.5833
random_mm,mean,12,fg_phenol,,qm9s_val,0,0.8205
random_mm,mean,12,fg_phenol,,R0,0,0.7896
random_mm,mean,12,fg_phenol,,R2,0,0.7895
random_mm,mean,12,fg_phenol,,R2,1,0.7895
random_mm,mean,12,fg_phenol,,R3,0,0.6316
random_mm,mean,12,fg_phenol,,R3,1,0.6316
random_mm,mean,12,fg_phenol,,R4,0,0.7368
random_mm,mean,12,fg_phenol,,R4,1,0.7368
random_mm,mean,12,fg_phenol,,R5,0,0.4737
random_mm,mean,12,fg_phenol,,R5,1,0.4737
random_mm,mean,12,fg_phenol,,R6,0,0.3684
random_mm,mean,12,fg_phenol,,R6,1,0.3684
random_mm,mean,12,fg_phenol,,R8,0,0.0
random_mm,mean,12,fg_phenol,,R8,1,0.0
random_mm,mean,12,fg_phenol,,R9,0,0.1579
random_mm,mean,12,fg_phenol,,R9,1,0.1579
random_mm,mean,12,fg_aromatic_ring,,qm9s_val,0,0.8635
random_mm,mean,12,fg_aromatic_ring,,R0,0,0.8635
random_mm,mean,12,fg_aromatic_ring,,R2,0,0.6719
random_mm,mean,12,fg_aromatic_ring,,R2,1,0.6719
random_mm,mean,12,fg_aromatic_ring,,R3,0,0.8281
random_mm,mean,12,fg_aromatic_ring,,R3,1,0.8281
random_mm,mean,12,fg_aromatic_ring,,R4,0,0.7812
random_mm,mean,12,fg_aromatic_ring,,R4,1,0.7812
random_mm,mean,12,fg_aromatic_ring,,R5,0,0.6094
random_mm,mean,12,fg_aromatic_ring,,R5,1,0.6094
random_mm,mean,12,fg_aromatic_ring,,R6,0,0.4844
random_mm,mean,12,fg_aromatic_ring,,R6,1,0.4844
random_mm,mean,12,fg_aromatic_ring,,R8,0,0.625
random_mm,mean,12,fg_aromatic_ring,,R8,1,0.625
random_mm,mean,12,fg_aromatic_ring,,R9,0,0.6562
random_mm,mean,12,fg_aromatic_ring,,R9,1,0.6562
random_mm,mean,12,fg_benzene_ring,,qm9s_val,0,0.8462
random_mm,mean,12,fg_benzene_ring,,R0,0,0.8243
random_mm,mean,12,fg_benzene_ring,,R2,0,0.7647
random_mm,mean,12,fg_benzene_ring,,R2,1,0.7647
random_mm,mean,12,fg_benzene_ring,,R3,0,0.5294
random_mm,mean,12,fg_benzene_ring,,R3,1,0.5294
random_mm,mean,12,fg_benzene_ring,,R4,0,0.549
random_mm,mean,12,fg_benzene_ring,,R4,1,0.549
random_mm,mean,12,fg_benzene_ring,,R5,0,0.451
random_mm,mean,12,fg_benzene_ring,,R5,1,0.451
random_mm,mean,12,fg_benzene_ring,,R6,0,0.3922
random_mm,mean,12,fg_benzene_ring,,R6,1,0.3922
random_mm,mean,12,fg_benzene_ring,,R8,0,0.451
random_mm,mean,12,fg_benzene_ring,,R8,1,0.451
random_mm,mean,12,fg_benzene_ring,,R9,0,0.6275
random_mm,mean,12,fg_benzene_ring,,R9,1,0.6275
random_mm,mean,12,fg_pyrrole_ring,,qm9s_val,0,0.7714
random_mm,mean,12,fg_pyrrole_ring,,R0,0,0.7673
random_mm,mean,12,fg_pyrrole_ring,,R2,0,0.7368
random_mm,mean,12,fg_pyrrole_ring,,R2,1,0.7368
random_mm,mean,12,fg_pyrrole_ring,,R3,0,1.0
random_mm,mean,12,fg_pyrrole_ring,,R3,1,1.0
random_mm,mean,12,fg_pyrrole_ring,,R4,0,0.9474
random_mm,mean,12,fg_pyrrole_ring,,R4,1,0.9474
random_mm,mean,12,fg_pyrrole_ring,,R5,0,0.2105
random_mm,mean,12,fg_pyrrole_ring,,R5,1,0.2105
random_mm,mean,12,fg_pyrrole_ring,,R6,0,0.4737
random_mm,mean,12,fg_pyrrole_ring,,R6,1,0.4737
random_mm,mean,12,fg_pyrrole_ring,,R8,0,0.4211
random_mm,mean,12,fg_pyrrole_ring,,R8,1,0.4211
random_mm,mean,12,fg_pyrrole_ring,,R9,0,0.8947
random_mm,mean,12,fg_pyrrole_ring,,R9,1,0.8947
random_mm,mean,12,fg_imidazole_ring,,qm9s_val,0,0.8269
random_mm,mean,12,fg_imidazole_ring,,R0,0,0.8347
random_mm,mean,12,fg_imidazole_ring,,R2,0,0.6316
random_mm,mean,12,fg_imidazole_ring,,R2,1,0.6316
random_mm,mean,12,fg_imidazole_ring,,R3,0,1.0
random_mm,mean,12,fg_imidazole_ring,,R3,1,1.0
random_mm,mean,12,fg_imidazole_ring,,R4,0,0.6316
random_mm,mean,12,fg_imidazole_ring,,R4,1,0.6316
random_mm,mean,12,fg_imidazole_ring,,R5,0,0.6842
random_mm,mean,12,fg_imidazole_ring,,R5,1,0.6842
random_mm,mean,12,fg_imidazole_ring,,R6,0,0.2632
random_mm,mean,12,fg_imidazole_ring,,R6,1,0.2632
random_mm,mean,12,fg_imidazole_ring,,R8,0,0.7895
random_mm,mean,12,fg_imidazole_ring,,R8,1,0.7895
random_mm,mean,12,fg_imidazole_ring,,R9,0,0.7895
random_mm,mean,12,fg_imidazole_ring,,R9,1,0.7895
random_lr,mean,15,fg_primary_amine,0.001,qm9s_val,0,0.6778
random_lr,mean,15,fg_primary_amine,0.001,R0,0,0.6485
random_lr,mean,15,fg_primary_amine,0.001,R2,0,0.6316
random_lr,mean,15,fg_primary_amine,0.001,R2,1,0.6316
random_lr,mean,15,fg_primary_amine,0.001,R3,0,0.9474
random_lr,mean,15,fg_primary_amine,0.001,R3,1,0.9474
random_lr,mean,15,fg_primary_amine,0.001,R4,0,0.2632
random_lr,mean,15,fg_primary_amine,0.001,R4,1,0.2632
random_lr,mean,15,fg_primary_amine,0.001,R5,0,0.2632
random_lr,mean,15,fg_primary_amine,0.001,R5,1,0.2632
random_lr,mean,15,fg_primary_amine,0.001,R6,0,0.6316
random_lr,mean,15,fg_primary_amine,0.001,R6,1,0.6316
random_lr,mean,15,fg_primary_amine,0.001,R8,0,0.3158
random_lr,mean,15,fg_primary_amine,0.001,R8,1,0.3158
random_lr,mean,15,fg_primary_amine,0.001,R9,0,0.7368
random_lr,mean,15,fg_primary_amine,0.001,R9,1,0.7368
random_lr,mean,15,fg_secondary_amine,0.001,qm9s_val,0,0.641
random_lr,mean,15,fg_secondary_amine,0.001,R0,0,0.6462
random_lr,mean,15,fg_secondary_amine,0.001,R2,0,0.6316
random_lr,mean,15,fg_secondary_amine,0.001,R2,1,0.6316
random_lr,mean,15,fg_secondary_amine,0.001,R3,0,0.3158
random_lr,mean,15,fg_secondary_amine,0.001,R3,1,0.3158
random_lr,mean,15,fg_secondary_amine,0.001,R4,0,0.7368
random_lr,mean,15,fg_secondary_amine,0.001,R4,1,0.7368
random_lr,mean,15,fg_secondary_amine,0.001,R5,0,0.9474
random_lr,mean,15,fg_secondary_amine,0.001,R5,1,0.9474
random_lr,mean,15,fg_secondary_amine,0.001,R6,0,0.4211
random_lr,mean,15,fg_secondary_amine,0.001,R6,1,0.4211
random_lr,mean,15,fg_secondary_amine,0.001,R8,0,0.4211
random_lr,mean,15,fg_secondary_amine,0.001,R8,1,0.4211
random_lr,mean,15,fg_secondary_amine,0.001,R9,0,0.1579
random_lr,mean,15,fg_secondary_amine,0.001,R9,1,0.1579
random_lr,mean,15,fg_amide,0.001,qm9s_val,0,0.7286
random_lr,mean,15,fg_amide,0.001,R0,0,0.6847
random_lr,mean,15,fg_amide,0.001,R2,0,0.7778
random_lr,mean,15,fg_amide,0.001,R2,1,0.7778
random_lr,mean,15,fg_amide,0.001,R3,0,0.8611
random_lr,mean,15,fg_amide,0.001,R3,1,0.8611
random_lr,mean,15,fg_amide,0.001,R4,0,0.8611
random_lr,mean,15,fg_amide,0.001,R4,1,0.8611
random_lr,mean,15,fg_amide,0.001,R5,0,0.7222
random_lr,mean,15,fg_amide,0.001,R5,1,0.7222
random_lr,mean,15,fg_amide,0.001,R6,0,0.5278
random_lr,mean,15,fg_amide,0.001,R6,1,0.5278
random_lr,mean,15,fg_amide,0.001,R8,0,0.6111
random_lr,mean,15,fg_amide,0.001,R8,1,0.6111
random_lr,mean,15,fg_amide,0.001,R9,0,0.8056
random_lr,mean,15,fg_amide,0.001,R9,1,0.8333
random_lr,mean,15,fg_guanidine,0.001,qm9s_val,0,0.8332
random_lr,mean,15,fg_guanidine,0.001,R0,0,0.8628
random_lr,mean,15,fg_guanidine,0.001,R2,0,0.8947
random_lr,mean,15,fg_guanidine,0.001,R2,1,0.8947
random_lr,mean,15,fg_guanidine,0.001,R3,0,0.5263
random_lr,mean,15,fg_guanidine,0.001,R3,1,0.5263
random_lr,mean,15,fg_guanidine,0.001,R4,0,0.5263
random_lr,mean,15,fg_guanidine,0.001,R4,1,0.5263
random_lr,mean,15,fg_guanidine,0.001,R5,0,0.0526
random_lr,mean,15,fg_guanidine,0.001,R5,1,0.0526
random_lr,mean,15,fg_guanidine,0.001,R6,0,0.1579
random_lr,mean,15,fg_guanidine,0.001,R6,1,0.1579
random_lr,mean,15,fg_guanidine,0.001,R8,0,0.8421
random_lr,mean,15,fg_guanidine,0.001,R8,1,0.8421
random_lr,mean,15,fg_guanidine,0.001,R9,0,0.3684
random_lr,mean,15,fg_guanidine,0.001,R9,1,0.3158
random_lr,mean,15,fg_hydroxyl_aliphatic,0.001,qm9s_val,0,0.6368
random_lr,mean,15,fg_hydroxyl_aliphatic,0.001,R0,0,0.651
random_lr,mean,15,fg_hydroxyl_aliphatic,0.001,R2,0,0.9444
random_lr,mean,15,fg_hydroxyl_aliphatic,0.001,R2,1,0.9444
random_lr,mean,15,fg_hydroxyl_aliphatic,0.001,R3,0,0.6944
random_lr,mean,15,fg_hydroxyl_aliphatic,0.001,R3,1,0.6944
random_lr,mean,15,fg_hydroxyl_aliphatic,0.001,R4,0,0.6944
random_lr,mean,15,fg_hydroxyl_aliphatic,0.001,R4,1,0.6944
random_lr,mean,15,fg_hydroxyl_aliphatic,0.001,R5,0,0.6667
random_lr,mean,15,fg_hydroxyl_aliphatic,0.001,R5,1,0.6667
random_lr,mean,15,fg_hydroxyl_aliphatic,0.001,R6,0,0.75
random_lr,mean,15,fg_hydroxyl_aliphatic,0.001,R6,1,0.75
random_lr,mean,15,fg_hydroxyl_aliphatic,0.001,R8,0,0.2778
random_lr,mean,15,fg_hydroxyl_aliphatic,0.001,R8,1,0.2778
random_lr,mean,15,fg_hydroxyl_aliphatic,0.001,R9,0,0.5278
random_lr,mean,15,fg_hydroxyl_aliphatic,0.001,R9,1,0.5278
random_lr,mean,15,fg_phenol,0.001,qm9s_val,0,0.86
random_lr,mean,15,fg_phenol,0.001,R0,0,0.849
random_lr,mean,15,fg_phenol,0.001,R2,0,0.4737
random_lr,mean,15,fg_phenol,0.001,R2,1,0.4737
random_lr,mean,15,fg_phenol,0.001,R3,0,0.4737
random_lr,mean,15,fg_phenol,0.001,R3,1,0.4737
random_lr,mean,15,fg_phenol,0.001,R4,0,0.7368
random_lr,mean,15,fg_phenol,0.001,R4,1,0.7368
random_lr,mean,15,fg_phenol,0.001,R5,0,0.8421
random_lr,mean,15,fg_phenol,0.001,R5,1,0.8421
random_lr,mean,15,fg_phenol,0.001,R6,0,0.6316
random_lr,mean,15,fg_phenol,0.001,R6,1,0.6316
random_lr,mean,15,fg_phenol,0.001,R8,0,0.0
random_lr,mean,15,fg_phenol,0.001,R8,1,0.0
random_lr,mean,15,fg_phenol,0.001,R9,0,0.0
random_lr,mean,15,fg_phenol,0.001,R9,1,0.0
random_lr,mean,15,fg_aromatic_ring,0.001,qm9s_val,0,0.9242
random_lr,mean,15,fg_aromatic_ring,0.001,R0,0,0.9216
random_lr,mean,15,fg_aromatic_ring,0.001,R2,0,0.7656
random_lr,mean,15,fg_aromatic_ring,0.001,R2,1,0.7656
random_lr,mean,15,fg_aromatic_ring,0.001,R3,0,0.8438
random_lr,mean,15,fg_aromatic_ring,0.001,R3,1,0.8438
random_lr,mean,15,fg_aromatic_ring,0.001,R4,0,0.6875
random_lr,mean,15,fg_aromatic_ring,0.001,R4,1,0.6875
random_lr,mean,15,fg_aromatic_ring,0.001,R5,0,0.6562
random_lr,mean,15,fg_aromatic_ring,0.001,R5,1,0.6562
random_lr,mean,15,fg_aromatic_ring,0.001,R6,0,0.4531
random_lr,mean,15,fg_aromatic_ring,0.001,R6,1,0.4531
random_lr,mean,15,fg_aromatic_ring,0.001,R8,0,0.5781
random_lr,mean,15,fg_aromatic_ring,0.001,R8,1,0.5781
random_lr,mean,15,fg_aromatic_ring,0.001,R9,0,0.5938
random_lr,mean,15,fg_aromatic_ring,0.001,R9,1,0.5938
random_lr,mean,15,fg_benzene_ring,0.001,qm9s_val,0,0.8964
random_lr,mean,15,fg_benzene_ring,0.001,R0,0,0.8778
random_lr,mean,15,fg_benzene_ring,0.001,R2,0,0.902
random_lr,mean,15,fg_benzene_ring,0.001,R2,1,0.902
random_lr,mean,15,fg_benzene_ring,0.001,R3,0,0.6863
random_lr,mean,15,fg_benzene_ring,0.001,R3,1,0.6863
random_lr,mean,15,fg_benzene_ring,0.001,R4,0,0.7451
random_lr,mean,15,fg_benzene_ring,0.001,R4,1,0.7451
random_lr,mean,15,fg_benzene_ring,0.001,R5,0,0.451
random_lr,mean,15,fg_benzene_ring,0.001,R5,1,0.451
random_lr,mean,15,fg_benzene_ring,0.001,R6,0,0.4314
random_lr,mean,15,fg_benzene_ring,0.001,R6,1,0.4314
random_lr,mean,15,fg_benzene_ring,0.001,R8,0,0.6667
random_lr,mean,15,fg_benzene_ring,0.001,R8,1,0.6667
random_lr,mean,15,fg_benzene_ring,0.001,R9,0,0.6078
random_lr,mean,15,fg_benzene_ring,0.001,R9,1,0.6078
random_lr,mean,15,fg_pyrrole_ring,0.001,qm9s_val,0,0.8215
random_lr,mean,15,fg_pyrrole_ring,0.001,R0,0,0.7883
random_lr,mean,15,fg_pyrrole_ring,0.001,R2,0,0.8947
random_lr,mean,15,fg_pyrrole_ring,0.001,R2,1,0.8947
random_lr,mean,15,fg_pyrrole_ring,0.001,R3,0,1.0
random_lr,mean,15,fg_pyrrole_ring,0.001,R3,1,1.0
random_lr,mean,15,fg_pyrrole_ring,0.001,R4,0,0.8421
random_lr,mean,15,fg_pyrrole_ring,0.001,R4,1,0.8421
random_lr,mean,15,fg_pyrrole_ring,0.001,R5,0,0.0526
random_lr,mean,15,fg_pyrrole_ring,0.001,R5,1,0.0526
random_lr,mean,15,fg_pyrrole_ring,0.001,R6,0,0.3158
random_lr,mean,15,fg_pyrrole_ring,0.001,R6,1,0.3158
random_lr,mean,15,fg_pyrrole_ring,0.001,R8,0,0.9474
random_lr,mean,15,fg_pyrrole_ring,0.001,R8,1,0.9474
random_lr,mean,15,fg_pyrrole_ring,0.001,R9,0,1.0
random_lr,mean,15,fg_pyrrole_ring,0.001,R9,1,1.0
random_lr,mean,15,fg_imidazole_ring,0.001,qm9s_val,0,0.8972
random_lr,mean,15,fg_imidazole_ring,0.001,R0,0,0.8695
random_lr,mean,15,fg_imidazole_ring,0.001,R2,0,0.2632
random_lr,mean,15,fg_imidazole_ring,0.001,R2,1,0.2632
random_lr,mean,15,fg_imidazole_ring,0.001,R3,0,1.0
random_lr,mean,15,fg_imidazole_ring,0.001,R3,1,1.0
random_lr,mean,15,fg_imidazole_ring,0.001,R4,0,0.8947
random_lr,mean,15,fg_imidazole_ring,0.001,R4,1,0.8947
random_lr,mean,15,fg_imidazole_ring,0.001,R5,0,0.6316
random_lr,mean,15,fg_imidazole_ring,0.001,R5,1,0.6316
random_lr,mean,15,fg_imidazole_ring,0.001,R6,0,0.1579
random_lr,mean,15,fg_imidazole_ring,0.001,R6,1,0.1579
random_lr,mean,15,fg_imidazole_ring,0.001,R8,0,0.8421
random_lr,mean,15,fg_imidazole_ring,0.001,R8,1,0.8421
random_lr,mean,15,fg_imidazole_ring,0.001,R9,0,0.5263
random_lr,mean,15,fg_imidazole_ring,0.001,R9,1,0.5263
random_mm,mean,15,fg_primary_amine,,qm9s_val,0,0.6329
random_mm,mean,15,fg_primary_amine,,R0,0,0.5947
random_mm,mean,15,fg_primary_amine,,R2,0,0.8421
random_mm,mean,15,fg_primary_amine,,R2,1,0.8421
random_mm,mean,15,fg_primary_amine,,R3,0,0.5263
random_mm,mean,15,fg_primary_amine,,R3,1,0.5263
random_mm,mean,15,fg_primary_amine,,R4,0,0.4737
random_mm,mean,15,fg_primary_amine,,R4,1,0.4737
random_mm,mean,15,fg_primary_amine,,R5,0,0.3684
random_mm,mean,15,fg_primary_amine,,R5,1,0.3684
random_mm,mean,15,fg_primary_amine,,R6,0,0.3684
random_mm,mean,15,fg_primary_amine,,R6,1,0.3684
random_mm,mean,15,fg_primary_amine,,R8,0,0.1579
random_mm,mean,15,fg_primary_amine,,R8,1,0.1579
random_mm,mean,15,fg_primary_amine,,R9,0,0.7368
random_mm,mean,15,fg_primary_amine,,R9,1,0.7368
random_mm,mean,15,fg_secondary_amine,,qm9s_val,0,0.6361
random_mm,mean,15,fg_secondary_amine,,R0,0,0.6418
random_mm,mean,15,fg_secondary_amine,,R2,0,0.6842
random_mm,mean,15,fg_secondary_amine,,R2,1,0.6842
random_mm,mean,15,fg_secondary_amine,,R3,0,0.3158
random_mm,mean,15,fg_secondary_amine,,R3,1,0.3158
random_mm,mean,15,fg_secondary_amine,,R4,0,0.8947
random_mm,mean,15,fg_secondary_amine,,R4,1,0.8947
random_mm,mean,15,fg_secondary_amine,,R5,0,0.8947
random_mm,mean,15,fg_secondary_amine,,R5,1,0.8947
random_mm,mean,15,fg_secondary_amine,,R6,0,0.1579
random_mm,mean,15,fg_secondary_amine,,R6,1,0.1579
random_mm,mean,15,fg_secondary_amine,,R8,0,0.7895
random_mm,mean,15,fg_secondary_amine,,R8,1,0.7895
random_mm,mean,15,fg_secondary_amine,,R9,0,0.2105
random_mm,mean,15,fg_secondary_amine,,R9,1,0.2105
random_mm,mean,15,fg_amide,,qm9s_val,0,0.6476
random_mm,mean,15,fg_amide,,R0,0,0.5933
random_mm,mean,15,fg_amide,,R2,0,0.1389
random_mm,mean,15,fg_amide,,R2,1,0.1389
random_mm,mean,15,fg_amide,,R3,0,0.3056
random_mm,mean,15,fg_amide,,R3,1,0.3056
random_mm,mean,15,fg_amide,,R4,0,0.6667
random_mm,mean,15,fg_amide,,R4,1,0.6667
random_mm,mean,15,fg_amide,,R5,0,0.8611
random_mm,mean,15,fg_amide,,R5,1,0.8611
random_mm,mean,15,fg_amide,,R6,0,0.8056
random_mm,mean,15,fg_amide,,R6,1,0.8056
random_mm,mean,15,fg_amide,,R8,0,0.4167
random_mm,mean,15,fg_amide,,R8,1,0.4167
random_mm,mean,15,fg_amide,,R9,0,0.6111
random_mm,mean,15,fg_amide,,R9,1,0.6111
random_mm,mean,15,fg_guanidine,,qm9s_val,0,0.7498
random_mm,mean,15,fg_guanidine,,R0,0,0.732
random_mm,mean,15,fg_guanidine,,R2,0,0.9474
random_mm,mean,15,fg_guanidine,,R2,1,0.9474
random_mm,mean,15,fg_guanidine,,R3,0,0.3158
random_mm,mean,15,fg_guanidine,,R3,1,0.3158
random_mm,mean,15,fg_guanidine,,R4,0,0.1053
random_mm,mean,15,fg_guanidine,,R4,1,0.1053
random_mm,mean,15,fg_guanidine,,R5,0,0.1053
random_mm,mean,15,fg_guanidine,,R5,1,0.1053
random_mm,mean,15,fg_guanidine,,R6,0,0.1053
random_mm,mean,15,fg_guanidine,,R6,1,0.1053
random_mm,mean,15,fg_guanidine,,R8,0,0.5263
random_mm,mean,15,fg_guanidine,,R8,1,0.5263
random_mm,mean,15,fg_guanidine,,R9,0,0.4211
random_mm,mean,15,fg_guanidine,,R9,1,0.4211
random_mm,mean,15,fg_hydroxyl_aliphatic,,qm9s_val,0,0.6156
random_mm,mean,15,fg_hydroxyl_aliphatic,,R0,0,0.6348
random_mm,mean,15,fg_hydroxyl_aliphatic,,R2,0,0.6389
random_mm,mean,15,fg_hydroxyl_aliphatic,,R2,1,0.6389
random_mm,mean,15,fg_hydroxyl_aliphatic,,R3,0,0.4722
random_mm,mean,15,fg_hydroxyl_aliphatic,,R3,1,0.4722
random_mm,mean,15,fg_hydroxyl_aliphatic,,R4,0,0.6667
random_mm,mean,15,fg_hydroxyl_aliphatic,,R4,1,0.6667
random_mm,mean,15,fg_hydroxyl_aliphatic,,R5,0,0.5
random_mm,mean,15,fg_hydroxyl_aliphatic,,R5,1,0.5
random_mm,mean,15,fg_hydroxyl_aliphatic,,R6,0,0.6944
random_mm,mean,15,fg_hydroxyl_aliphatic,,R6,1,0.6944
random_mm,mean,15,fg_hydroxyl_aliphatic,,R8,0,0.8611
random_mm,mean,15,fg_hydroxyl_aliphatic,,R8,1,0.8611
random_mm,mean,15,fg_hydroxyl_aliphatic,,R9,0,0.5833
random_mm,mean,15,fg_hydroxyl_aliphatic,,R9,1,0.5833
random_mm,mean,15,fg_phenol,,qm9s_val,0,0.8198
random_mm,mean,15,fg_phenol,,R0,0,0.789
random_mm,mean,15,fg_phenol,,R2,0,0.7895
random_mm,mean,15,fg_phenol,,R2,1,0.7895
random_mm,mean,15,fg_phenol,,R3,0,0.6316
random_mm,mean,15,fg_phenol,,R3,1,0.6316
random_mm,mean,15,fg_phenol,,R4,0,0.7368
random_mm,mean,15,fg_phenol,,R4,1,0.7368
random_mm,mean,15,fg_phenol,,R5,0,0.5263
random_mm,mean,15,fg_phenol,,R5,1,0.5263
random_mm,mean,15,fg_phenol,,R6,0,0.4211
random_mm,mean,15,fg_phenol,,R6,1,0.4211
random_mm,mean,15,fg_phenol,,R8,0,0.0
random_mm,mean,15,fg_phenol,,R8,1,0.0
random_mm,mean,15,fg_phenol,,R9,0,0.1579
random_mm,mean,15,fg_phenol,,R9,1,0.1579
random_mm,mean,15,fg_aromatic_ring,,qm9s_val,0,0.8627
random_mm,mean,15,fg_aromatic_ring,,R0,0,0.8632
random_mm,mean,15,fg_aromatic_ring,,R2,0,0.6875
random_mm,mean,15,fg_aromatic_ring,,R2,1,0.6875
random_mm,mean,15,fg_aromatic_ring,,R3,0,0.8281
random_mm,mean,15,fg_aromatic_ring,,R3,1,0.8281
random_mm,mean,15,fg_aromatic_ring,,R4,0,0.7969
random_mm,mean,15,fg_aromatic_ring,,R4,1,0.7969
random_mm,mean,15,fg_aromatic_ring,,R5,0,0.5938
random_mm,mean,15,fg_aromatic_ring,,R5,1,0.5938
random_mm,mean,15,fg_aromatic_ring,,R6,0,0.5
random_mm,mean,15,fg_aromatic_ring,,R6,1,0.5
random_mm,mean,15,fg_aromatic_ring,,R8,0,0.6406
random_mm,mean,15,fg_aromatic_ring,,R8,1,0.6406
random_mm,mean,15,fg_aromatic_ring,,R9,0,0.6562
random_mm,mean,15,fg_aromatic_ring,,R9,1,0.6562
random_mm,mean,15,fg_benzene_ring,,qm9s_val,0,0.8434
random_mm,mean,15,fg_benzene_ring,,R0,0,0.8239
random_mm,mean,15,fg_benzene_ring,,R2,0,0.7647
random_mm,mean,15,fg_benzene_ring,,R2,1,0.7647
random_mm,mean,15,fg_benzene_ring,,R3,0,0.5294
random_mm,mean,15,fg_benzene_ring,,R3,1,0.5294
random_mm,mean,15,fg_benzene_ring,,R4,0,0.6275
random_mm,mean,15,fg_benzene_ring,,R4,1,0.6275
random_mm,mean,15,fg_benzene_ring,,R5,0,0.451
random_mm,mean,15,fg_benzene_ring,,R5,1,0.451
random_mm,mean,15,fg_benzene_ring,,R6,0,0.4118
random_mm,mean,15,fg_benzene_ring,,R6,1,0.4118
random_mm,mean,15,fg_benzene_ring,,R8,0,0.451
random_mm,mean,15,fg_benzene_ring,,R8,1,0.451
random_mm,mean,15,fg_benzene_ring,,R9,0,0.6471
random_mm,mean,15,fg_benzene_ring,,R9,1,0.6471
random_mm,mean,15,fg_pyrrole_ring,,qm9s_val,0,0.773
random_mm,mean,15,fg_pyrrole_ring,,R0,0,0.7662
random_mm,mean,15,fg_pyrrole_ring,,R2,0,0.7368
random_mm,mean,15,fg_pyrrole_ring,,R2,1,0.7368
random_mm,mean,15,fg_pyrrole_ring,,R3,0,1.0
random_mm,mean,15,fg_pyrrole_ring,,R3,1,1.0
random_mm,mean,15,fg_pyrrole_ring,,R4,0,0.9474
random_mm,mean,15,fg_pyrrole_ring,,R4,1,0.9474
random_mm,mean,15,fg_pyrrole_ring,,R5,0,0.2105
random_mm,mean,15,fg_pyrrole_ring,,R5,1,0.2105
random_mm,mean,15,fg_pyrrole_ring,,R6,0,0.4737
random_mm,mean,15,fg_pyrrole_ring,,R6,1,0.4737
random_mm,mean,15,fg_pyrrole_ring,,R8,0,0.5263
random_mm,mean,15,fg_pyrrole_ring,,R8,1,0.5263
random_mm,mean,15,fg_pyrrole_ring,,R9,0,0.8947
random_mm,mean,15,fg_pyrrole_ring,,R9,1,0.8947
random_mm,mean,15,fg_imidazole_ring,,qm9s_val,0,0.8269
random_mm,mean,15,fg_imidazole_ring,,R0,0,0.8353
random_mm,mean,15,fg_imidazole_ring,,R2,0,0.6316
random_mm,mean,15,fg_imidazole_ring,,R2,1,0.6316
random_mm,mean,15,fg_imidazole_ring,,R3,0,1.0
random_mm,mean,15,fg_imidazole_ring,,R3,1,1.0
random_mm,mean,15,fg_imidazole_ring,,R4,0,0.6316
random_mm,mean,15,fg_imidazole_ring,,R4,1,0.6316
random_mm,mean,15,fg_imidazole_ring,,R5,0,0.6842
random_mm,mean,15,fg_imidazole_ring,,R5,1,0.6842
random_mm,mean,15,fg_imidazole_ring,,R6,0,0.2105
random_mm,mean,15,fg_imidazole_ring,,R6,1,0.2105
random_mm,mean,15,fg_imidazole_ring,,R8,0,0.7895
random_mm,mean,15,fg_imidazole_ring,,R8,1,0.7895
random_mm,mean,15,fg_imidazole_ring,,R9,0,0.7895
random_mm,mean,15,fg_imidazole_ring,,R9,1,0.7895
random_lr,mean,18,fg_primary_amine,0.001,qm9s_val,0,0.6565
random_lr,mean,18,fg_primary_amine,0.001,R0,0,0.6364
random_lr,mean,18,fg_primary_amine,0.001,R2,0,0.5789
random_lr,mean,18,fg_primary_amine,0.001,R2,1,0.5789
random_lr,mean,18,fg_primary_amine,0.001,R3,0,0.8947
random_lr,mean,18,fg_primary_amine,0.001,R3,1,0.8947
random_lr,mean,18,fg_primary_amine,0.001,R4,0,0.4211
random_lr,mean,18,fg_primary_amine,0.001,R4,1,0.4211
random_lr,mean,18,fg_primary_amine,0.001,R5,0,0.3684
random_lr,mean,18,fg_primary_amine,0.001,R5,1,0.3684
random_lr,mean,18,fg_primary_amine,0.001,R6,0,0.7895
random_lr,mean,18,fg_primary_amine,0.001,R6,1,0.7895
random_lr,mean,18,fg_primary_amine,0.001,R8,0,0.1579
random_lr,mean,18,fg_primary_amine,0.001,R8,1,0.1579
random_lr,mean,18,fg_primary_amine,0.001,R9,0,0.7368
random_lr,mean,18,fg_primary_amine,0.001,R9,1,0.7368
random_lr,mean,18,fg_secondary_amine,0.001,qm9s_val,0,0.6335
random_lr,mean,18,fg_secondary_amine,0.001,R0,0,0.6449
random_lr,mean,18,fg_secondary_amine,0.001,R2,0,0.5263
random_lr,mean,18,fg_secondary_amine,0.001,R2,1,0.5263
random_lr,mean,18,fg_secondary_amine,0.001,R3,0,0.3684
random_lr,mean,18,fg_secondary_amine,0.001,R3,1,0.3684
random_lr,mean,18,fg_secondary_amine,0.001,R4,0,0.8421
random_lr,mean,18,fg_secondary_amine,0.001,R4,1,0.8421
random_lr,mean,18,fg_secondary_amine,0.001,R5,0,0.9474
random_lr,mean,18,fg_secondary_amine,0.001,R5,1,0.9474
random_lr,mean,18,fg_secondary_amine,0.001,R6,0,0.5263
random_lr,mean,18,fg_secondary_amine,0.001,R6,1,0.5263
random_lr,mean,18,fg_secondary_amine,0.001,R8,0,0.1579
random_lr,mean,18,fg_secondary_amine,0.001,R8,1,0.1579
random_lr,mean,18,fg_secondary_amine,0.001,R9,0,0.1579
random_lr,mean,18,fg_secondary_amine,0.001,R9,1,0.1579
random_lr,mean,18,fg_amide,0.001,qm9s_val,0,0.7388
random_lr,mean,18,fg_amide,0.001,R0,0,0.681
random_lr,mean,18,fg_amide,0.001,R2,0,0.75
random_lr,mean,18,fg_amide,0.001,R2,1,0.75
random_lr,mean,18,fg_amide,0.001,R3,0,0.8333
random_lr,mean,18,fg_amide,0.001,R3,1,0.8333
random_lr,mean,18,fg_amide,0.001,R4,0,0.8889
random_lr,mean,18,fg_amide,0.001,R4,1,0.8889
random_lr,mean,18,fg_amide,0.001,R5,0,0.6667
random_lr,mean,18,fg_amide,0.001,R5,1,0.6667
random_lr,mean,18,fg_amide,0.001,R6,0,0.5278
random_lr,mean,18,fg_amide,0.001,R6,1,0.5278
random_lr,mean,18,fg_amide,0.001,R8,0,0.6667
random_lr,mean,18,fg_amide,0.001,R8,1,0.6667
random_lr,mean,18,fg_amide,0.001,R9,0,0.8056
random_lr,mean,18,fg_amide,0.001,R9,1,0.8056
random_lr,mean,18,fg_guanidine,0.001,qm9s_val,0,0.8311
random_lr,mean,18,fg_guanidine,0.001,R0,0,0.8608
random_lr,mean,18,fg_guanidine,0.001,R2,0,0.8947
random_lr,mean,18,fg_guanidine,0.001,R2,1,0.8947
random_lr,mean,18,fg_guanidine,0.001,R3,0,0.5789
random_lr,mean,18,fg_guanidine,0.001,R3,1,0.5789
random_lr,mean,18,fg_guanidine,0.001,R4,0,0.5263
random_lr,mean,18,fg_guanidine,0.001,R4,1,0.5263
random_lr,mean,18,fg_guanidine,0.001,R5,0,0.0526
random_lr,mean,18,fg_guanidine,0.001,R5,1,0.0526
random_lr,mean,18,fg_guanidine,0.001,R6,0,0.1579
random_lr,mean,18,fg_guanidine,0.001,R6,1,0.1579
random_lr,mean,18,fg_guanidine,0.001,R8,0,0.8421
random_lr,mean,18,fg_guanidine,0.001,R8,1,0.8421
random_lr,mean,18,fg_guanidine,0.001,R9,0,0.1579
random_lr,mean,18,fg_guanidine,0.001,R9,1,0.1579
random_lr,mean,18,fg_hydroxyl_aliphatic,0.001,qm9s_val,0,0.6361
random_lr,mean,18,fg_hydroxyl_aliphatic,0.001,R0,0,0.6491
random_lr,mean,18,fg_hydroxyl_aliphatic,0.001,R2,0,0.9167
random_lr,mean,18,fg_hydroxyl_aliphatic,0.001,R2,1,0.9167
random_lr,mean,18,fg_hydroxyl_aliphatic,0.001,R3,0,0.6389
random_lr,mean,18,fg_hydroxyl_aliphatic,0.001,R3,1,0.6389
random_lr,mean,18,fg_hydroxyl_aliphatic,0.001,R4,0,0.7222
random_lr,mean,18,fg_hydroxyl_aliphatic,0.001,R4,1,0.7222
random_lr,mean,18,fg_hydroxyl_aliphatic,0.001,R5,0,0.75
random_lr,mean,18,fg_hydroxyl_aliphatic,0.001,R5,1,0.75
random_lr,mean,18,fg_hydroxyl_aliphatic,0.001,R6,0,0.7778
random_lr,mean,18,fg_hydroxyl_aliphatic,0.001,R6,1,0.7778
random_lr,mean,18,fg_hydroxyl_aliphatic,0.001,R8,0,0.3889
random_lr,mean,18,fg_hydroxyl_aliphatic,0.001,R8,1,0.3889
random_lr,mean,18,fg_hydroxyl_aliphatic,0.001,R9,0,0.5278
random_lr,mean,18,fg_hydroxyl_aliphatic,0.001,R9,1,0.5278
random_lr,mean,18,fg_phenol,0.001,qm9s_val,0,0.8614
random_lr,mean,18,fg_phenol,0.001,R0,0,0.8514
random_lr,mean,18,fg_phenol,0.001,R2,0,0.3684
random_lr,mean,18,fg_phenol,0.001,R2,1,0.3684
random_lr,mean,18,fg_phenol,0.001,R3,0,0.4211
random_lr,mean,18,fg_phenol,0.001,R3,1,0.4211
random_lr,mean,18,fg_phenol,0.001,R4,0,0.5263
random_lr,mean,18,fg_phenol,0.001,R4,1,0.5263
random_lr,mean,18,fg_phenol,0.001,R5,0,0.7895
random_lr,mean,18,fg_phenol,0.001,R5,1,0.7895
random_lr,mean,18,fg_phenol,0.001,R6,0,0.6316
random_lr,mean,18,fg_phenol,0.001,R6,1,0.6316
random_lr,mean,18,fg_phenol,0.001,R8,0,0.0526
random_lr,mean,18,fg_phenol,0.001,R8,1,0.0526
random_lr,mean,18,fg_phenol,0.001,R9,0,0.0
random_lr,mean,18,fg_phenol,0.001,R9,1,0.0
random_lr,mean,18,fg_aromatic_ring,0.001,qm9s_val,0,0.9227
random_lr,mean,18,fg_aromatic_ring,0.001,R0,0,0.9215
random_lr,mean,18,fg_aromatic_ring,0.001,R2,0,0.7812
random_lr,mean,18,fg_aromatic_ring,0.001,R2,1,0.7812
random_lr,mean,18,fg_aromatic_ring,0.001,R3,0,0.8281
random_lr,mean,18,fg_aromatic_ring,0.001,R3,1,0.8281
random_lr,mean,18,fg_aromatic_ring,0.001,R4,0,0.6875
random_lr,mean,18,fg_aromatic_ring,0.001,R4,1,0.6875
random_lr,mean,18,fg_aromatic_ring,0.001,R5,0,0.6562
random_lr,mean,18,fg_aromatic_ring,0.001,R5,1,0.6562
random_lr,mean,18,fg_aromatic_ring,0.001,R6,0,0.4688
random_lr,mean,18,fg_aromatic_ring,0.001,R6,1,0.4688
random_lr,mean,18,fg_aromatic_ring,0.001,R8,0,0.6094
random_lr,mean,18,fg_aromatic_ring,0.001,R8,1,0.6094
random_lr,mean,18,fg_aromatic_ring,0.001,R9,0,0.6094
random_lr,mean,18,fg_aromatic_ring,0.001,R9,1,0.6094
random_lr,mean,18,fg_benzene_ring,0.001,qm9s_val,0,0.8918
random_lr,mean,18,fg_benzene_ring,0.001,R0,0,0.8851
random_lr,mean,18,fg_benzene_ring,0.001,R2,0,0.8824
random_lr,mean,18,fg_benzene_ring,0.001,R2,1,0.8824
random_lr,mean,18,fg_benzene_ring,0.001,R3,0,0.6863
random_lr,mean,18,fg_benzene_ring,0.001,R3,1,0.6863
random_lr,mean,18,fg_benzene_ring,0.001,R4,0,0.7451
random_lr,mean,18,fg_benzene_ring,0.001,R4,1,0.7451
random_lr,mean,18,fg_benzene_ring,0.001,R5,0,0.451
random_lr,mean,18,fg_benzene_ring,0.001,R5,1,0.451
random_lr,mean,18,fg_benzene_ring,0.001,R6,0,0.4118
random_lr,mean,18,fg_benzene_ring,0.001,R6,1,0.4118
random_lr,mean,18,fg_benzene_ring,0.001,R8,0,0.6863
random_lr,mean,18,fg_benzene_ring,0.001,R8,1,0.6863
random_lr,mean,18,fg_benzene_ring,0.001,R9,0,0.5882
random_lr,mean,18,fg_benzene_ring,0.001,R9,1,0.5882
random_lr,mean,18,fg_pyrrole_ring,0.001,qm9s_val,0,0.8066
random_lr,mean,18,fg_pyrrole_ring,0.001,R0,0,0.7878
random_lr,mean,18,fg_pyrrole_ring,0.001,R2,0,0.8947
random_lr,mean,18,fg_pyrrole_ring,0.001,R2,1,0.8947
random_lr,mean,18,fg_pyrrole_ring,0.001,R3,0,1.0
random_lr,mean,18,fg_pyrrole_ring,0.001,R3,1,1.0
random_lr,mean,18,fg_pyrrole_ring,0.001,R4,0,0.8421
random_lr,mean,18,fg_pyrrole_ring,0.001,R4,1,0.8421
random_lr,mean,18,fg_pyrrole_ring,0.001,R5,0,0.1053
random_lr,mean,18,fg_pyrrole_ring,0.001,R5,1,0.1053
random_lr,mean,18,fg_pyrrole_ring,0.001,R6,0,0.3158
random_lr,mean,18,fg_pyrrole_ring,0.001,R6,1,0.3158
random_lr,mean,18,fg_pyrrole_ring,0.001,R8,0,1.0
random_lr,mean,18,fg_pyrrole_ring,0.001,R8,1,1.0
random_lr,mean,18,fg_pyrrole_ring,0.001,R9,0,1.0
random_lr,mean,18,fg_pyrrole_ring,0.001,R9,1,1.0
random_lr,mean,18,fg_imidazole_ring,0.001,qm9s_val,0,0.8971
random_lr,mean,18,fg_imidazole_ring,0.001,R0,0,0.8638
random_lr,mean,18,fg_imidazole_ring,0.001,R2,0,0.3684
random_lr,mean,18,fg_imidazole_ring,0.001,R2,1,0.3684
random_lr,mean,18,fg_imidazole_ring,0.001,R3,0,1.0
random_lr,mean,18,fg_imidazole_ring,0.001,R3,1,1.0
random_lr,mean,18,fg_imidazole_ring,0.001,R4,0,0.9474
random_lr,mean,18,fg_imidazole_ring,0.001,R4,1,0.9474
random_lr,mean,18,fg_imidazole_ring,0.001,R5,0,0.7895
random_lr,mean,18,fg_imidazole_ring,0.001,R5,1,0.7895
random_lr,mean,18,fg_imidazole_ring,0.001,R6,0,0.2105
random_lr,mean,18,fg_imidazole_ring,0.001,R6,1,0.2105
random_lr,mean,18,fg_imidazole_ring,0.001,R8,0,0.7368
random_lr,mean,18,fg_imidazole_ring,0.001,R8,1,0.7368
random_lr,mean,18,fg_imidazole_ring,0.001,R9,0,0.5789
random_lr,mean,18,fg_imidazole_ring,0.001,R9,1,0.5789
random_mm,mean,18,fg_primary_amine,,qm9s_val,0,0.6298
random_mm,mean,18,fg_primary_amine,,R0,0,0.5945
random_mm,mean,18,fg_primary_amine,,R2,0,0.8421
random_mm,mean,18,fg_primary_amine,,R2,1,0.8421
random_mm,mean,18,fg_primary_amine,,R3,0,0.5263
random_mm,mean,18,fg_primary_amine,,R3,1,0.5263
random_mm,mean,18,fg_primary_amine,,R4,0,0.4737
random_mm,mean,18,fg_primary_amine,,R4,1,0.4737
random_mm,mean,18,fg_primary_amine,,R5,0,0.3684
random_mm,mean,18,fg_primary_amine,,R5,1,0.3684
random_mm,mean,18,fg_primary_amine,,R6,0,0.3684
random_mm,mean,18,fg_primary_amine,,R6,1,0.3684
random_mm,mean,18,fg_primary_amine,,R8,0,0.1579
random_mm,mean,18,fg_primary_amine,,R8,1,0.1579
random_mm,mean,18,fg_primary_amine,,R9,0,0.7368
random_mm,mean,18,fg_primary_amine,,R9,1,0.7368
random_mm,mean,18,fg_secondary_amine,,qm9s_val,0,0.6367
random_mm,mean,18,fg_secondary_amine,,R0,0,0.6429
random_mm,mean,18,fg_secondary_amine,,R2,0,0.6842
random_mm,mean,18,fg_secondary_amine,,R2,1,0.6842
random_mm,mean,18,fg_secondary_amine,,R3,0,0.3158
random_mm,mean,18,fg_secondary_amine,,R3,1,0.3158
random_mm,mean,18,fg_secondary_amine,,R4,0,0.8947
random_mm,mean,18,fg_secondary_amine,,R4,1,0.8947
random_mm,mean,18,fg_secondary_amine,,R5,0,0.8947
random_mm,mean,18,fg_secondary_amine,,R5,1,0.8947
random_mm,mean,18,fg_secondary_amine,,R6,0,0.1579
random_mm,mean,18,fg_secondary_amine,,R6,1,0.1579
random_mm,mean,18,fg_secondary_amine,,R8,0,0.7895
random_mm,mean,18,fg_secondary_amine,,R8,1,0.7895
random_mm,mean,18,fg_secondary_amine,,R9,0,0.2105
random_mm,mean,18,fg_secondary_amine,,R9,1,0.2105
random_mm,mean,18,fg_amide,,qm9s_val,0,0.6468
random_mm,mean,18,fg_amide,,R0,0,0.5952
random_mm,mean,18,fg_amide,,R2,0,0.1389
random_mm,mean,18,fg_amide,,R2,1,0.1389
random_mm,mean,18,fg_amide,,R3,0,0.3056
random_mm,mean,18,fg_amide,,R3,1,0.3056
random_mm,mean,18,fg_amide,,R4,0,0.6667
random_mm,mean,18,fg_amide,,R4,1,0.6667
random_mm,mean,18,fg_amide,,R5,0,0.8611
random_mm,mean,18,fg_amide,,R5,1,0.8611
random_mm,mean,18,fg_amide,,R6,0,0.8056
random_mm,mean,18,fg_amide,,R6,1,0.8056
random_mm,mean,18,fg_amide,,R8,0,0.4167
random_mm,mean,18,fg_amide,,R8,1,0.4167
random_mm,mean,18,fg_amide,,R9,0,0.6111
random_mm,mean,18,fg_amide,,R9,1,0.6111
random_mm,mean,18,fg_guanidine,,qm9s_val,0,0.7496
random_mm,mean,18,fg_guanidine,,R0,0,0.7316
random_mm,mean,18,fg_guanidine,,R2,0,0.9474
random_mm,mean,18,fg_guanidine,,R2,1,0.9474
random_mm,mean,18,fg_guanidine,,R3,0,0.3158
random_mm,mean,18,fg_guanidine,,R3,1,0.3158
random_mm,mean,18,fg_guanidine,,R4,0,0.1053
random_mm,mean,18,fg_guanidine,,R4,1,0.1053
random_mm,mean,18,fg_guanidine,,R5,0,0.1053
random_mm,mean,18,fg_guanidine,,R5,1,0.1053
random_mm,mean,18,fg_guanidine,,R6,0,0.0526
random_mm,mean,18,fg_guanidine,,R6,1,0.0526
random_mm,mean,18,fg_guanidine,,R8,0,0.5263
random_mm,mean,18,fg_guanidine,,R8,1,0.5263
random_mm,mean,18,fg_guanidine,,R9,0,0.4211
random_mm,mean,18,fg_guanidine,,R9,1,0.4211
random_mm,mean,18,fg_hydroxyl_aliphatic,,qm9s_val,0,0.6149
random_mm,mean,18,fg_hydroxyl_aliphatic,,R0,0,0.6354
random_mm,mean,18,fg_hydroxyl_aliphatic,,R2,0,0.6389
random_mm,mean,18,fg_hydroxyl_aliphatic,,R2,1,0.6389
random_mm,mean,18,fg_hydroxyl_aliphatic,,R3,0,0.4722
random_mm,mean,18,fg_hydroxyl_aliphatic,,R3,1,0.4722
random_mm,mean,18,fg_hydroxyl_aliphatic,,R4,0,0.6667
random_mm,mean,18,fg_hydroxyl_aliphatic,,R4,1,0.6667
random_mm,mean,18,fg_hydroxyl_aliphatic,,R5,0,0.4722
random_mm,mean,18,fg_hydroxyl_aliphatic,,R5,1,0.4722
random_mm,mean,18,fg_hydroxyl_aliphatic,,R6,0,0.7222
random_mm,mean,18,fg_hydroxyl_aliphatic,,R6,1,0.7222
random_mm,mean,18,fg_hydroxyl_aliphatic,,R8,0,0.8611
random_mm,mean,18,fg_hydroxyl_aliphatic,,R8,1,0.8611
random_mm,mean,18,fg_hydroxyl_aliphatic,,R9,0,0.5833
random_mm,mean,18,fg_hydroxyl_aliphatic,,R9,1,0.5556
random_mm,mean,18,fg_phenol,,qm9s_val,0,0.8205
random_mm,mean,18,fg_phenol,,R0,0,0.7879
random_mm,mean,18,fg_phenol,,R2,0,0.7895
random_mm,mean,18,fg_phenol,,R2,1,0.7895
random_mm,mean,18,fg_phenol,,R3,0,0.6316
random_mm,mean,18,fg_phenol,,R3,1,0.6316
random_mm,mean,18,fg_phenol,,R4,0,0.8421
random_mm,mean,18,fg_phenol,,R4,1,0.8421
random_mm,mean,18,fg_phenol,,R5,0,0.5263
random_mm,mean,18,fg_phenol,,R5,1,0.5263
random_mm,mean,18,fg_phenol,,R6,0,0.4737
random_mm,mean,18,fg_phenol,,R6,1,0.4737
random_mm,mean,18,fg_phenol,,R8,0,0.0526
random_mm,mean,18,fg_phenol,,R8,1,0.0526
random_mm,mean,18,fg_phenol,,R9,0,0.1579
random_mm,mean,18,fg_phenol,,R9,1,0.1579
random_mm,mean,18,fg_aromatic_ring,,qm9s_val,0,0.8624
random_mm,mean,18,fg_aromatic_ring,,R0,0,0.8627
random_mm,mean,18,fg_aromatic_ring,,R2,0,0.6875
random_mm,mean,18,fg_aromatic_ring,,R2,1,0.6875
random_mm,mean,18,fg_aromatic_ring,,R3,0,0.8281
random_mm,mean,18,fg_aromatic_ring,,R3,1,0.8281
random_mm,mean,18,fg_aromatic_ring,,R4,0,0.7969
random_mm,mean,18,fg_aromatic_ring,,R4,1,0.7969
random_mm,mean,18,fg_aromatic_ring,,R5,0,0.5938
random_mm,mean,18,fg_aromatic_ring,,R5,1,0.5938
random_mm,mean,18,fg_aromatic_ring,,R6,0,0.5156
random_mm,mean,18,fg_aromatic_ring,,R6,1,0.5156
random_mm,mean,18,fg_aromatic_ring,,R8,0,0.625
random_mm,mean,18,fg_aromatic_ring,,R8,1,0.625
random_mm,mean,18,fg_aromatic_ring,,R9,0,0.6562
random_mm,mean,18,fg_aromatic_ring,,R9,1,0.6562
random_mm,mean,18,fg_benzene_ring,,qm9s_val,0,0.845
random_mm,mean,18,fg_benzene_ring,,R0,0,0.8245
random_mm,mean,18,fg_benzene_ring,,R2,0,0.7647
random_mm,mean,18,fg_benzene_ring,,R2,1,0.7647
random_mm,mean,18,fg_benzene_ring,,R3,0,0.549
random_mm,mean,18,fg_benzene_ring,,R3,1,0.549
random_mm,mean,18,fg_benzene_ring,,R4,0,0.6078
random_mm,mean,18,fg_benzene_ring,,R4,1,0.6078
random_mm,mean,18,fg_benzene_ring,,R5,0,0.4706
random_mm,mean,18,fg_benzene_ring,,R5,1,0.4706
random_mm,mean,18,fg_benzene_ring,,R6,0,0.4314
random_mm,mean,18,fg_benzene_ring,,R6,1,0.4314
random_mm,mean,18,fg_benzene_ring,,R8,0,0.4706
random_mm,mean,18,fg_benzene_ring,,R8,1,0.4706
random_mm,mean,18,fg_benzene_ring,,R9,0,0.6275
random_mm,mean,18,fg_benzene_ring,,R9,1,0.6275
random_mm,mean,18,fg_pyrrole_ring,,qm9s_val,0,0.7723
random_mm,mean,18,fg_pyrrole_ring,,R0,0,0.7636
random_mm,mean,18,fg_pyrrole_ring,,R2,0,0.7368
random_mm,mean,18,fg_pyrrole_ring,,R2,1,0.7368
random_mm,mean,18,fg_pyrrole_ring,,R3,0,1.0
random_mm,mean,18,fg_pyrrole_ring,,R3,1,1.0
random_mm,mean,18,fg_pyrrole_ring,,R4,0,0.8947
random_mm,mean,18,fg_pyrrole_ring,,R4,1,0.8947
random_mm,mean,18,fg_pyrrole_ring,,R5,0,0.2105
random_mm,mean,18,fg_pyrrole_ring,,R5,1,0.2105
random_mm,mean,18,fg_pyrrole_ring,,R6,0,0.4737
random_mm,mean,18,fg_pyrrole_ring,,R6,1,0.4737
random_mm,mean,18,fg_pyrrole_ring,,R8,0,0.4211
random_mm,mean,18,fg_pyrrole_ring,,R8,1,0.4211
random_mm,mean,18,fg_pyrrole_ring,,R9,0,0.8947
random_mm,mean,18,fg_pyrrole_ring,,R9,1,0.8947
random_mm,mean,18,fg_imidazole_ring,,qm9s_val,0,0.8254
random_mm,mean,18,fg_imidazole_ring,,R0,0,0.8339
random_mm,mean,18,fg_imidazole_ring,,R2,0,0.6316
random_mm,mean,18,fg_imidazole_ring,,R2,1,0.6316
random_mm,mean,18,fg_imidazole_ring,,R3,0,1.0
random_mm,mean,18,fg_imidazole_ring,,R3,1,1.0
random_mm,mean,18,fg_imidazole_ring,,R4,0,0.6316
random_mm,mean,18,fg_imidazole_ring,,R4,1,0.6316
random_mm,mean,18,fg_imidazole_ring,,R5,0,0.6842
random_mm,mean,18,fg_imidazole_ring,,R5,1,0.6842
random_mm,mean,18,fg_imidazole_ring,,R6,0,0.2632
random_mm,mean,18,fg_imidazole_ring,,R6,1,0.2632
random_mm,mean,18,fg_imidazole_ring,,R8,0,0.7895
random_mm,mean,18,fg_imidazole_ring,,R8,1,0.7895
random_mm,mean,18,fg_imidazole_ring,,R9,0,0.7895
random_mm,mean,18,fg_imidazole_ring,,R9,1,0.7895
random_lr,mean,21,fg_primary_amine,0.001,qm9s_val,0,0.6357
random_lr,mean,21,fg_primary_amine,0.001,R0,0,0.623
random_lr,mean,21,fg_primary_amine,0.001,R2,0,0.4737
random_lr,mean,21,fg_primary_amine,0.001,R2,1,0.4737
random_lr,mean,21,fg_primary_amine,0.001,R3,0,0.8421
random_lr,mean,21,fg_primary_amine,0.001,R3,1,0.8421
random_lr,mean,21,fg_primary_amine,0.001,R4,0,0.4211
random_lr,mean,21,fg_primary_amine,0.001,R4,1,0.4211
random_lr,mean,21,fg_primary_amine,0.001,R5,0,0.2632
random_lr,mean,21,fg_primary_amine,0.001,R5,1,0.2632
random_lr,mean,21,fg_primary_amine,0.001,R6,0,0.7368
random_lr,mean,21,fg_primary_amine,0.001,R6,1,0.7368
random_lr,mean,21,fg_primary_amine,0.001,R8,0,0.1579
random_lr,mean,21,fg_primary_amine,0.001,R8,1,0.1579
random_lr,mean,21,fg_primary_amine,0.001,R9,0,0.6316
random_lr,mean,21,fg_primary_amine,0.001,R9,1,0.6316
random_lr,mean,21,fg_secondary_amine,0.001,qm9s_val,0,0.626
random_lr,mean,21,fg_secondary_amine,0.001,R0,0,0.6382
random_lr,mean,21,fg_secondary_amine,0.001,R2,0,0.7368
random_lr,mean,21,fg_secondary_amine,0.001,R2,1,0.7368
random_lr,mean,21,fg_secondary_amine,0.001,R3,0,0.3158
random_lr,mean,21,fg_secondary_amine,0.001,R3,1,0.3158
random_lr,mean,21,fg_secondary_amine,0.001,R4,0,0.8421
random_lr,mean,21,fg_secondary_amine,0.001,R4,1,0.8421
random_lr,mean,21,fg_secondary_amine,0.001,R5,0,1.0
random_lr,mean,21,fg_secondary_amine,0.001,R5,1,1.0
random_lr,mean,21,fg_secondary_amine,0.001,R6,0,0.4211
random_lr,mean,21,fg_secondary_amine,0.001,R6,1,0.4211
random_lr,mean,21,fg_secondary_amine,0.001,R8,0,0.4737
random_lr,mean,21,fg_secondary_amine,0.001,R8,1,0.4737
random_lr,mean,21,fg_secondary_amine,0.001,R9,0,0.1053
random_lr,mean,21,fg_secondary_amine,0.001,R9,1,0.1053
random_lr,mean,21,fg_amide,0.001,qm9s_val,0,0.7276
random_lr,mean,21,fg_amide,0.001,R0,0,0.6811
random_lr,mean,21,fg_amide,0.001,R2,0,0.6667
random_lr,mean,21,fg_amide,0.001,R2,1,0.6667
random_lr,mean,21,fg_amide,0.001,R3,0,0.8889
random_lr,mean,21,fg_amide,0.001,R3,1,0.8889
random_lr,mean,21,fg_amide,0.001,R4,0,0.75
random_lr,mean,21,fg_amide,0.001,R4,1,0.75
random_lr,mean,21,fg_amide,0.001,R5,0,0.5833
random_lr,mean,21,fg_amide,0.001,R5,1,0.5833
random_lr,mean,21,fg_amide,0.001,R6,0,0.4722
random_lr,mean,21,fg_amide,0.001,R6,1,0.4722
random_lr,mean,21,fg_amide,0.001,R8,0,0.3889
random_lr,mean,21,fg_amide,0.001,R8,1,0.3889
random_lr,mean,21,fg_amide,0.001,R9,0,0.7778
random_lr,mean,21,fg_amide,0.001,R9,1,0.7778
random_lr,mean,21,fg_guanidine,0.001,qm9s_val,0,0.838
random_lr,mean,21,fg_guanidine,0.001,R0,0,0.8486
random_lr,mean,21,fg_guanidine,0.001,R2,0,0.9474
random_lr,mean,21,fg_guanidine,0.001,R2,1,0.9474
random_lr,mean,21,fg_guanidine,0.001,R3,0,0.6316
random_lr,mean,21,fg_guanidine,0.001,R3,1,0.6316
random_lr,mean,21,fg_guanidine,0.001,R4,0,0.6842
random_lr,mean,21,fg_guanidine,0.001,R4,1,0.6842
random_lr,mean,21,fg_guanidine,0.001,R5,0,0.0526
random_lr,mean,21,fg_guanidine,0.001,R5,1,0.0526
random_lr,mean,21,fg_guanidine,0.001,R6,0,0.0526
random_lr,mean,21,fg_guanidine,0.001,R6,1,0.0526
random_lr,mean,21,fg_guanidine,0.001,R8,0,0.8421
random_lr,mean,21,fg_guanidine,0.001,R8,1,0.8421
random_lr,mean,21,fg_guanidine,0.001,R9,0,0.1579
random_lr,mean,21,fg_guanidine,0.001,R9,1,0.1579
random_lr,mean,21,fg_hydroxyl_aliphatic,0.001,qm9s_val,0,0.6336
random_lr,mean,21,fg_hydroxyl_aliphatic,0.001,R0,0,0.6419
random_lr,mean,21,fg_hydroxyl_aliphatic,0.001,R2,0,0.9444
random_lr,mean,21,fg_hydroxyl_aliphatic,0.001,R2,1,0.9444
random_lr,mean,21,fg_hydroxyl_aliphatic,0.001,R3,0,0.6944
random_lr,mean,21,fg_hydroxyl_aliphatic,0.001,R3,1,0.6944
random_lr,mean,21,fg_hydroxyl_aliphatic,0.001,R4,0,0.6944
random_lr,mean,21,fg_hydroxyl_aliphatic,0.001,R4,1,0.6944
random_lr,mean,21,fg_hydroxyl_aliphatic,0.001,R5,0,0.6389
random_lr,mean,21,fg_hydroxyl_aliphatic,0.001,R5,1,0.6389
random_lr,mean,21,fg_hydroxyl_aliphatic,0.001,R6,0,0.7222
random_lr,mean,21,fg_hydroxyl_aliphatic,0.001,R6,1,0.7222
random_lr,mean,21,fg_hydroxyl_aliphatic,0.001,R8,0,0.3889
random_lr,mean,21,fg_hydroxyl_aliphatic,0.001,R8,1,0.3889
random_lr,mean,21,fg_hydroxyl_aliphatic,0.001,R9,0,0.5833
random_lr,mean,21,fg_hydroxyl_aliphatic,0.001,R9,1,0.5833
random_lr,mean,21,fg_phenol,0.001,qm9s_val,0,0.8647
random_lr,mean,21,fg_phenol,0.001,R0,0,0.8508
random_lr,mean,21,fg_phenol,0.001,R2,0,0.2105
random_lr,mean,21,fg_phenol,0.001,R2,1,0.2105
random_lr,mean,21,fg_phenol,0.001,R3,0,0.4211
random_lr,mean,21,fg_phenol,0.001,R3,1,0.4211
random_lr,mean,21,fg_phenol,0.001,R4,0,0.5789
random_lr,mean,21,fg_phenol,0.001,R4,1,0.5789
random_lr,mean,21,fg_phenol,0.001,R5,0,0.7895
random_lr,mean,21,fg_phenol,0.001,R5,1,0.7895
random_lr,mean,21,fg_phenol,0.001,R6,0,0.6842
random_lr,mean,21,fg_phenol,0.001,R6,1,0.6842
random_lr,mean,21,fg_phenol,0.001,R8,0,0.1053
random_lr,mean,21,fg_phenol,0.001,R8,1,0.1053
random_lr,mean,21,fg_phenol,0.001,R9,0,0.0526
random_lr,mean,21,fg_phenol,0.001,R9,1,0.0526
random_lr,mean,21,fg_aromatic_ring,0.001,qm9s_val,0,0.9201
random_lr,mean,21,fg_aromatic_ring,0.001,R0,0,0.9215
random_lr,mean,21,fg_aromatic_ring,0.001,R2,0,0.7656
random_lr,mean,21,fg_aromatic_ring,0.001,R2,1,0.7656
random_lr,mean,21,fg_aromatic_ring,0.001,R3,0,0.8438
random_lr,mean,21,fg_aromatic_ring,0.001,R3,1,0.8438
random_lr,mean,21,fg_aromatic_ring,0.001,R4,0,0.6875
random_lr,mean,21,fg_aromatic_ring,0.001,R4,1,0.6875
random_lr,mean,21,fg_aromatic_ring,0.001,R5,0,0.6406
random_lr,mean,21,fg_aromatic_ring,0.001,R5,1,0.6406
random_lr,mean,21,fg_aromatic_ring,0.001,R6,0,0.4375
random_lr,mean,21,fg_aromatic_ring,0.001,R6,1,0.4375
random_lr,mean,21,fg_aromatic_ring,0.001,R8,0,0.5469
random_lr,mean,21,fg_aromatic_ring,0.001,R8,1,0.5469
random_lr,mean,21,fg_aromatic_ring,0.001,R9,0,0.5781
random_lr,mean,21,fg_aromatic_ring,0.001,R9,1,0.5781
random_lr,mean,21,fg_benzene_ring,0.001,qm9s_val,0,0.8917
random_lr,mean,21,fg_benzene_ring,0.001,R0,0,0.8839
random_lr,mean,21,fg_benzene_ring,0.001,R2,0,0.8824
random_lr,mean,21,fg_benzene_ring,0.001,R2,1,0.8824
random_lr,mean,21,fg_benzene_ring,0.001,R3,0,0.6471
random_lr,mean,21,fg_benzene_ring,0.001,R3,1,0.6471
random_lr,mean,21,fg_benzene_ring,0.001,R4,0,0.7843
random_lr,mean,21,fg_benzene_ring,0.001,R4,1,0.7843
random_lr,mean,21,fg_benzene_ring,0.001,R5,0,0.4706
random_lr,mean,21,fg_benzene_ring,0.001,R5,1,0.4706
random_lr,mean,21,fg_benzene_ring,0.001,R6,0,0.4314
random_lr,mean,21,fg_benzene_ring,0.001,R6,1,0.4314
random_lr,mean,21,fg_benzene_ring,0.001,R8,0,0.6275
random_lr,mean,21,fg_benzene_ring,0.001,R8,1,0.6275
random_lr,mean,21,fg_benzene_ring,0.001,R9,0,0.5882
random_lr,mean,21,fg_benzene_ring,0.001,R9,1,0.5882
random_lr,mean,21,fg_pyrrole_ring,0.001,qm9s_val,0,0.8033
random_lr,mean,21,fg_pyrrole_ring,0.001,R0,0,0.7847
random_lr,mean,21,fg_pyrrole_ring,0.001,R2,0,0.7895
random_lr,mean,21,fg_pyrrole_ring,0.001,R2,1,0.7895
random_lr,mean,21,fg_pyrrole_ring,0.001,R3,0,1.0
random_lr,mean,21,fg_pyrrole_ring,0.001,R3,1,1.0
random_lr,mean,21,fg_pyrrole_ring,0.001,R4,0,1.0
random_lr,mean,21,fg_pyrrole_ring,0.001,R4,1,1.0
random_lr,mean,21,fg_pyrrole_ring,0.001,R5,0,0.1579
random_lr,mean,21,fg_pyrrole_ring,0.001,R5,1,0.1579
random_lr,mean,21,fg_pyrrole_ring,0.001,R6,0,0.2632
random_lr,mean,21,fg_pyrrole_ring,0.001,R6,1,0.2632
random_lr,mean,21,fg_pyrrole_ring,0.001,R8,0,1.0
random_lr,mean,21,fg_pyrrole_ring,0.001,R8,1,1.0
random_lr,mean,21,fg_pyrrole_ring,0.001,R9,0,1.0
random_lr,mean,21,fg_pyrrole_ring,0.001,R9,1,1.0
random_lr,mean,21,fg_imidazole_ring,0.001,qm9s_val,0,0.8969
random_lr,mean,21,fg_imidazole_ring,0.001,R0,0,0.8573
random_lr,mean,21,fg_imidazole_ring,0.001,R2,0,0.3158
random_lr,mean,21,fg_imidazole_ring,0.001,R2,1,0.3158
random_lr,mean,21,fg_imidazole_ring,0.001,R3,0,1.0
random_lr,mean,21,fg_imidazole_ring,0.001,R3,1,1.0
random_lr,mean,21,fg_imidazole_ring,0.001,R4,0,0.8421
random_lr,mean,21,fg_imidazole_ring,0.001,R4,1,0.8421
random_lr,mean,21,fg_imidazole_ring,0.001,R5,0,0.7895
random_lr,mean,21,fg_imidazole_ring,0.001,R5,1,0.7895
random_lr,mean,21,fg_imidazole_ring,0.001,R6,0,0.3158
random_lr,mean,21,fg_imidazole_ring,0.001,R6,1,0.3158
random_lr,mean,21,fg_imidazole_ring,0.001,R8,0,0.6842
random_lr,mean,21,fg_imidazole_ring,0.001,R8,1,0.6842
random_lr,mean,21,fg_imidazole_ring,0.001,R9,0,0.5263
random_lr,mean,21,fg_imidazole_ring,0.001,R9,1,0.5263
random_mm,mean,21,fg_primary_amine,,qm9s_val,0,0.6307
random_mm,mean,21,fg_primary_amine,,R0,0,0.5941
random_mm,mean,21,fg_primary_amine,,R2,0,0.8421
random_mm,mean,21,fg_primary_amine,,R2,1,0.8421
random_mm,mean,21,fg_primary_amine,,R3,0,0.5263
random_mm,mean,21,fg_primary_amine,,R3,1,0.5263
random_mm,mean,21,fg_primary_amine,,R4,0,0.4737
random_mm,mean,21,fg_primary_amine,,R4,1,0.4737
random_mm,mean,21,fg_primary_amine,,R5,0,0.3684
random_mm,mean,21,fg_primary_amine,,R5,1,0.3684
random_mm,mean,21,fg_primary_amine,,R6,0,0.3684
random_mm,mean,21,fg_primary_amine,,R6,1,0.3684
random_mm,mean,21,fg_primary_amine,,R8,0,0.1579
random_mm,mean,21,fg_primary_amine,,R8,1,0.1579
random_mm,mean,21,fg_primary_amine,,R9,0,0.7368
random_mm,mean,21,fg_primary_amine,,R9,1,0.7368
random_mm,mean,21,fg_secondary_amine,,qm9s_val,0,0.6365
random_mm,mean,21,fg_secondary_amine,,R0,0,0.6433
random_mm,mean,21,fg_secondary_amine,,R2,0,0.6842
random_mm,mean,21,fg_secondary_amine,,R2,1,0.6842
random_mm,mean,21,fg_secondary_amine,,R3,0,0.3158
random_mm,mean,21,fg_secondary_amine,,R3,1,0.3158
random_mm,mean,21,fg_secondary_amine,,R4,0,0.8947
random_mm,mean,21,fg_secondary_amine,,R4,1,0.8947
random_mm,mean,21,fg_secondary_amine,,R5,0,0.8947
random_mm,mean,21,fg_secondary_amine,,R5,1,0.8947
random_mm,mean,21,fg_secondary_amine,,R6,0,0.1579
random_mm,mean,21,fg_secondary_amine,,R6,1,0.1579
random_mm,mean,21,fg_secondary_amine,,R8,0,0.7895
random_mm,mean,21,fg_secondary_amine,,R8,1,0.7895
random_mm,mean,21,fg_secondary_amine,,R9,0,0.2105
random_mm,mean,21,fg_secondary_amine,,R9,1,0.2105
random_mm,mean,21,fg_amide,,qm9s_val,0,0.6466
random_mm,mean,21,fg_amide,,R0,0,0.5955
random_mm,mean,21,fg_amide,,R2,0,0.1389
random_mm,mean,21,fg_amide,,R2,1,0.1389
random_mm,mean,21,fg_amide,,R3,0,0.3333
random_mm,mean,21,fg_amide,,R3,1,0.3333
random_mm,mean,21,fg_amide,,R4,0,0.6667
random_mm,mean,21,fg_amide,,R4,1,0.6667
random_mm,mean,21,fg_amide,,R5,0,0.8611
random_mm,mean,21,fg_amide,,R5,1,0.8611
random_mm,mean,21,fg_amide,,R6,0,0.8056
random_mm,mean,21,fg_amide,,R6,1,0.8056
random_mm,mean,21,fg_amide,,R8,0,0.4444
random_mm,mean,21,fg_amide,,R8,1,0.4444
random_mm,mean,21,fg_amide,,R9,0,0.6111
random_mm,mean,21,fg_amide,,R9,1,0.6111
random_mm,mean,21,fg_guanidine,,qm9s_val,0,0.7512
random_mm,mean,21,fg_guanidine,,R0,0,0.7321
random_mm,mean,21,fg_guanidine,,R2,0,0.9474
random_mm,mean,21,fg_guanidine,,R2,1,0.9474
random_mm,mean,21,fg_guanidine,,R3,0,0.3158
random_mm,mean,21,fg_guanidine,,R3,1,0.3158
random_mm,mean,21,fg_guanidine,,R4,0,0.1053
random_mm,mean,21,fg_guanidine,,R4,1,0.1053
random_mm,mean,21,fg_guanidine,,R5,0,0.0526
random_mm,mean,21,fg_guanidine,,R5,1,0.0526
random_mm,mean,21,fg_guanidine,,R6,0,0.0526
random_mm,mean,21,fg_guanidine,,R6,1,0.0526
random_mm,mean,21,fg_guanidine,,R8,0,0.5263
random_mm,mean,21,fg_guanidine,,R8,1,0.5263
random_mm,mean,21,fg_guanidine,,R9,0,0.4211
random_mm,mean,21,fg_guanidine,,R9,1,0.4211
random_mm,mean,21,fg_hydroxyl_aliphatic,,qm9s_val,0,0.6151
random_mm,mean,21,fg_hydroxyl_aliphatic,,R0,0,0.6353
random_mm,mean,21,fg_hydroxyl_aliphatic,,R2,0,0.6944
random_mm,mean,21,fg_hydroxyl_aliphatic,,R2,1,0.6944
random_mm,mean,21,fg_hydroxyl_aliphatic,,R3,0,0.4722
random_mm,mean,21,fg_hydroxyl_aliphatic,,R3,1,0.4722
random_mm,mean,21,fg_hydroxyl_aliphatic,,R4,0,0.6667
random_mm,mean,21,fg_hydroxyl_aliphatic,,R4,1,0.6667
random_mm,mean,21,fg_hydroxyl_aliphatic,,R5,0,0.4444
random_mm,mean,21,fg_hydroxyl_aliphatic,,R5,1,0.4444
random_mm,mean,21,fg_hydroxyl_aliphatic,,R6,0,0.6944
random_mm,mean,21,fg_hydroxyl_aliphatic,,R6,1,0.6944
random_mm,mean,21,fg_hydroxyl_aliphatic,,R8,0,0.8611
random_mm,mean,21,fg_hydroxyl_aliphatic,,R8,1,0.8611
random_mm,mean,21,fg_hydroxyl_aliphatic,,R9,0,0.5833
random_mm,mean,21,fg_hydroxyl_aliphatic,,R9,1,0.5556
random_mm,mean,21,fg_phenol,,qm9s_val,0,0.8194
random_mm,mean,21,fg_phenol,,R0,0,0.7886
random_mm,mean,21,fg_phenol,,R2,0,0.7895
random_mm,mean,21,fg_phenol,,R2,1,0.7895
random_mm,mean,21,fg_phenol,,R3,0,0.6316
random_mm,mean,21,fg_phenol,,R3,1,0.6316
random_mm,mean,21,fg_phenol,,R4,0,0.7895
random_mm,mean,21,fg_phenol,,R4,1,0.7895
random_mm,mean,21,fg_phenol,,R5,0,0.6316
random_mm,mean,21,fg_phenol,,R5,1,0.6316
random_mm,mean,21,fg_phenol,,R6,0,0.4737
random_mm,mean,21,fg_phenol,,R6,1,0.4737
random_mm,mean,21,fg_phenol,,R8,0,0.0526
random_mm,mean,21,fg_phenol,,R8,1,0.0526
random_mm,mean,21,fg_phenol,,R9,0,0.1579
random_mm,mean,21,fg_phenol,,R9,1,0.1579
random_mm,mean,21,fg_aromatic_ring,,qm9s_val,0,0.8627
random_mm,mean,21,fg_aromatic_ring,,R0,0,0.8629
random_mm,mean,21,fg_aromatic_ring,,R2,0,0.6875
random_mm,mean,21,fg_aromatic_ring,,R2,1,0.6875
random_mm,mean,21,fg_aromatic_ring,,R3,0,0.8281
random_mm,mean,21,fg_aromatic_ring,,R3,1,0.8281
random_mm,mean,21,fg_aromatic_ring,,R4,0,0.7969
random_mm,mean,21,fg_aromatic_ring,,R4,1,0.7969
random_mm,mean,21,fg_aromatic_ring,,R5,0,0.5938
random_mm,mean,21,fg_aromatic_ring,,R5,1,0.5938
random_mm,mean,21,fg_aromatic_ring,,R6,0,0.5156
random_mm,mean,21,fg_aromatic_ring,,R6,1,0.5156
random_mm,mean,21,fg_aromatic_ring,,R8,0,0.625
random_mm,mean,21,fg_aromatic_ring,,R8,1,0.625
random_mm,mean,21,fg_aromatic_ring,,R9,0,0.6562
random_mm,mean,21,fg_aromatic_ring,,R9,1,0.6562
random_mm,mean,21,fg_benzene_ring,,qm9s_val,0,0.8451
random_mm,mean,21,fg_benzene_ring,,R0,0,0.8243
random_mm,mean,21,fg_benzene_ring,,R2,0,0.7647
random_mm,mean,21,fg_benzene_ring,,R2,1,0.7647
random_mm,mean,21,fg_benzene_ring,,R3,0,0.549
random_mm,mean,21,fg_benzene_ring,,R3,1,0.549
random_mm,mean,21,fg_benzene_ring,,R4,0,0.6078
random_mm,mean,21,fg_benzene_ring,,R4,1,0.6078
random_mm,mean,21,fg_benzene_ring,,R5,0,0.4706
random_mm,mean,21,fg_benzene_ring,,R5,1,0.4706
random_mm,mean,21,fg_benzene_ring,,R6,0,0.3922
random_mm,mean,21,fg_benzene_ring,,R6,1,0.3922
random_mm,mean,21,fg_benzene_ring,,R8,0,0.4706
random_mm,mean,21,fg_benzene_ring,,R8,1,0.4706
random_mm,mean,21,fg_benzene_ring,,R9,0,0.6275
random_mm,mean,21,fg_benzene_ring,,R9,1,0.6275
random_mm,mean,21,fg_pyrrole_ring,,qm9s_val,0,0.7726
random_mm,mean,21,fg_pyrrole_ring,,R0,0,0.7641
random_mm,mean,21,fg_pyrrole_ring,,R2,0,0.7895
random_mm,mean,21,fg_pyrrole_ring,,R2,1,0.7895
random_mm,mean,21,fg_pyrrole_ring,,R3,0,1.0
random_mm,mean,21,fg_pyrrole_ring,,R3,1,1.0
random_mm,mean,21,fg_pyrrole_ring,,R4,0,0.8947
random_mm,mean,21,fg_pyrrole_ring,,R4,1,0.8947
random_mm,mean,21,fg_pyrrole_ring,,R5,0,0.2105
random_mm,mean,21,fg_pyrrole_ring,,R5,1,0.2105
random_mm,mean,21,fg_pyrrole_ring,,R6,0,0.4737
random_mm,mean,21,fg_pyrrole_ring,,R6,1,0.4737
random_mm,mean,21,fg_pyrrole_ring,,R8,0,0.4737
random_mm,mean,21,fg_pyrrole_ring,,R8,1,0.4737
random_mm,mean,21,fg_pyrrole_ring,,R9,0,0.8947
random_mm,mean,21,fg_pyrrole_ring,,R9,1,0.8947
random_mm,mean,21,fg_imidazole_ring,,qm9s_val,0,0.8247
random_mm,mean,21,fg_imidazole_ring,,R0,0,0.8342
random_mm,mean,21,fg_imidazole_ring,,R2,0,0.6316
random_mm,mean,21,fg_imidazole_ring,,R2,1,0.6316
random_mm,mean,21,fg_imidazole_ring,,R3,0,1.0
random_mm,mean,21,fg_imidazole_ring,,R3,1,1.0
random_mm,mean,21,fg_imidazole_ring,,R4,0,0.6316
random_mm,mean,21,fg_imidazole_ring,,R4,1,0.6316
random_mm,mean,21,fg_imidazole_ring,,R5,0,0.6842
random_mm,mean,21,fg_imidazole_ring,,R5,1,0.6842
random_mm,mean,21,fg_imidazole_ring,,R6,0,0.2105
random_mm,mean,21,fg_imidazole_ring,,R6,1,0.2105
random_mm,mean,21,fg_imidazole_ring,,R8,0,0.7895
random_mm,mean,21,fg_imidazole_ring,,R8,1,0.7895
random_mm,mean,21,fg_imidazole_ring,,R9,0,0.7895
random_mm,mean,21,fg_imidazole_ring,,R9,1,0.7895
random_lr,mean,24,fg_primary_amine,0.001,qm9s_val,0,0.6345
random_lr,mean,24,fg_primary_amine,0.001,R0,0,0.6284
random_lr,mean,24,fg_primary_amine,0.001,R2,0,0.5789
random_lr,mean,24,fg_primary_amine,0.001,R2,1,0.5789
random_lr,mean,24,fg_primary_amine,0.001,R3,0,0.9474
random_lr,mean,24,fg_primary_amine,0.001,R3,1,0.9474
random_lr,mean,24,fg_primary_amine,0.001,R4,0,0.3158
random_lr,mean,24,fg_primary_amine,0.001,R4,1,0.3158
random_lr,mean,24,fg_primary_amine,0.001,R5,0,0.2632
random_lr,mean,24,fg_primary_amine,0.001,R5,1,0.2632
random_lr,mean,24,fg_primary_amine,0.001,R6,0,0.5263
random_lr,mean,24,fg_primary_amine,0.001,R6,1,0.5263
random_lr,mean,24,fg_primary_amine,0.001,R8,0,0.2105
random_lr,mean,24,fg_primary_amine,0.001,R8,1,0.2105
random_lr,mean,24,fg_primary_amine,0.001,R9,0,0.5789
random_lr,mean,24,fg_primary_amine,0.001,R9,1,0.5789
random_lr,mean,24,fg_secondary_amine,0.001,qm9s_val,0,0.6351
random_lr,mean,24,fg_secondary_amine,0.001,R0,0,0.6327
random_lr,mean,24,fg_secondary_amine,0.001,R2,0,0.6316
random_lr,mean,24,fg_secondary_amine,0.001,R2,1,0.6316
random_lr,mean,24,fg_secondary_amine,0.001,R3,0,0.4737
random_lr,mean,24,fg_secondary_amine,0.001,R3,1,0.4737
random_lr,mean,24,fg_secondary_amine,0.001,R4,0,0.8947
random_lr,mean,24,fg_secondary_amine,0.001,R4,1,0.8947
random_lr,mean,24,fg_secondary_amine,0.001,R5,0,0.8947
random_lr,mean,24,fg_secondary_amine,0.001,R5,1,0.8947
random_lr,mean,24,fg_secondary_amine,0.001,R6,0,0.2632
random_lr,mean,24,fg_secondary_amine,0.001,R6,1,0.2632
random_lr,mean,24,fg_secondary_amine,0.001,R8,0,0.3158
random_lr,mean,24,fg_secondary_amine,0.001,R8,1,0.3158
random_lr,mean,24,fg_secondary_amine,0.001,R9,0,0.1053
random_lr,mean,24,fg_secondary_amine,0.001,R9,1,0.1053
random_lr,mean,24,fg_amide,0.001,qm9s_val,0,0.7302
random_lr,mean,24,fg_amide,0.001,R0,0,0.6766
random_lr,mean,24,fg_amide,0.001,R2,0,0.4444
random_lr,mean,24,fg_amide,0.001,R2,1,0.4444
random_lr,mean,24,fg_amide,0.001,R3,0,0.9167
random_lr,mean,24,fg_amide,0.001,R3,1,0.9167
random_lr,mean,24,fg_amide,0.001,R4,0,0.8056
random_lr,mean,24,fg_amide,0.001,R4,1,0.8056
random_lr,mean,24,fg_amide,0.001,R5,0,0.5556
random_lr,mean,24,fg_amide,0.001,R5,1,0.5556
random_lr,mean,24,fg_amide,0.001,R6,0,0.3611
random_lr,mean,24,fg_amide,0.001,R6,1,0.3611
random_lr,mean,24,fg_amide,0.001,R8,0,0.4167
random_lr,mean,24,fg_amide,0.001,R8,1,0.4167
random_lr,mean,24,fg_amide,0.001,R9,0,0.8056
random_lr,mean,24,fg_amide,0.001,R9,1,0.8056
random_lr,mean,24,fg_guanidine,0.001,qm9s_val,0,0.844
random_lr,mean,24,fg_guanidine,0.001,R0,0,0.8452
random_lr,mean,24,fg_guanidine,0.001,R2,0,0.8947
random_lr,mean,24,fg_guanidine,0.001,R2,1,0.8947
random_lr,mean,24,fg_guanidine,0.001,R3,0,0.6842
random_lr,mean,24,fg_guanidine,0.001,R3,1,0.6842
random_lr,mean,24,fg_guanidine,0.001,R4,0,0.7368
random_lr,mean,24,fg_guanidine,0.001,R4,1,0.7368
random_lr,mean,24,fg_guanidine,0.001,R5,0,0.1053
random_lr,mean,24,fg_guanidine,0.001,R5,1,0.1053
random_lr,mean,24,fg_guanidine,0.001,R6,0,0.0526
random_lr,mean,24,fg_guanidine,0.001,R6,1,0.0526
random_lr,mean,24,fg_guanidine,0.001,R8,0,0.8947
random_lr,mean,24,fg_guanidine,0.001,R8,1,0.8947
random_lr,mean,24,fg_guanidine,0.001,R9,0,0.1053
random_lr,mean,24,fg_guanidine,0.001,R9,1,0.1579
random_lr,mean,24,fg_hydroxyl_aliphatic,0.001,qm9s_val,0,0.6371
random_lr,mean,24,fg_hydroxyl_aliphatic,0.001,R0,0,0.638
random_lr,mean,24,fg_hydroxyl_aliphatic,0.001,R2,0,0.8889
random_lr,mean,24,fg_hydroxyl_aliphatic,0.001,R2,1,0.8889
random_lr,mean,24,fg_hydroxyl_aliphatic,0.001,R3,0,0.6667
random_lr,mean,24,fg_hydroxyl_aliphatic,0.001,R3,1,0.6667
random_lr,mean,24,fg_hydroxyl_aliphatic,0.001,R4,0,0.75
random_lr,mean,24,fg_hydroxyl_aliphatic,0.001,R4,1,0.75
random_lr,mean,24,fg_hydroxyl_aliphatic,0.001,R5,0,0.6389
random_lr,mean,24,fg_hydroxyl_aliphatic,0.001,R5,1,0.6389
random_lr,mean,24,fg_hydroxyl_aliphatic,0.001,R6,0,0.7778
random_lr,mean,24,fg_hydroxyl_aliphatic,0.001,R6,1,0.7778
random_lr,mean,24,fg_hydroxyl_aliphatic,0.001,R8,0,0.4444
random_lr,mean,24,fg_hydroxyl_aliphatic,0.001,R8,1,0.4444
random_lr,mean,24,fg_hydroxyl_aliphatic,0.001,R9,0,0.5556
random_lr,mean,24,fg_hydroxyl_aliphatic,0.001,R9,1,0.5556
random_lr,mean,24,fg_phenol,0.001,qm9s_val,0,0.8636
random_lr,mean,24,fg_phenol,0.001,R0,0,0.8509
random_lr,mean,24,fg_phenol,0.001,R2,0,0.2105
random_lr,mean,24,fg_phenol,0.001,R2,1,0.2105
random_lr,mean,24,fg_phenol,0.001,R3,0,0.4737
random_lr,mean,24,fg_phenol,0.001,R3,1,0.4737
random_lr,mean,24,fg_phenol,0.001,R4,0,0.5789
random_lr,mean,24,fg_phenol,0.001,R4,1,0.5789
random_lr,mean,24,fg_phenol,0.001,R5,0,0.8421
random_lr,mean,24,fg_phenol,0.001,R5,1,0.8421
random_lr,mean,24,fg_phenol,0.001,R6,0,0.5789
random_lr,mean,24,fg_phenol,0.001,R6,1,0.5789
random_lr,mean,24,fg_phenol,0.001,R8,0,0.0526
random_lr,mean,24,fg_phenol,0.001,R8,1,0.0526
random_lr,mean,24,fg_phenol,0.001,R9,0,0.0526
random_lr,mean,24,fg_phenol,0.001,R9,1,0.0526
random_lr,mean,24,fg_aromatic_ring,0.001,qm9s_val,0,0.9202
random_lr,mean,24,fg_aromatic_ring,0.001,R0,0,0.9202
random_lr,mean,24,fg_aromatic_ring,0.001,R2,0,0.7812
random_lr,mean,24,fg_aromatic_ring,0.001,R2,1,0.7812
random_lr,mean,24,fg_aromatic_ring,0.001,R3,0,0.8438
random_lr,mean,24,fg_aromatic_ring,0.001,R3,1,0.8438
random_lr,mean,24,fg_aromatic_ring,0.001,R4,0,0.6562
random_lr,mean,24,fg_aromatic_ring,0.001,R4,1,0.6562
random_lr,mean,24,fg_aromatic_ring,0.001,R5,0,0.625
random_lr,mean,24,fg_aromatic_ring,0.001,R5,1,0.625
random_lr,mean,24,fg_aromatic_ring,0.001,R6,0,0.4375
random_lr,mean,24,fg_aromatic_ring,0.001,R6,1,0.4375
random_lr,mean,24,fg_aromatic_ring,0.001,R8,0,0.5781
random_lr,mean,24,fg_aromatic_ring,0.001,R8,1,0.5781
random_lr,mean,24,fg_aromatic_ring,0.001,R9,0,0.5781
random_lr,mean,24,fg_aromatic_ring,0.001,R9,1,0.5781
random_lr,mean,24,fg_benzene_ring,0.001,qm9s_val,0,0.8883
random_lr,mean,24,fg_benzene_ring,0.001,R0,0,0.8846
random_lr,mean,24,fg_benzene_ring,0.001,R2,0,0.8824
random_lr,mean,24,fg_benzene_ring,0.001,R2,1,0.8824
random_lr,mean,24,fg_benzene_ring,0.001,R3,0,0.6275
random_lr,mean,24,fg_benzene_ring,0.001,R3,1,0.6275
random_lr,mean,24,fg_benzene_ring,0.001,R4,0,0.7255
random_lr,mean,24,fg_benzene_ring,0.001,R4,1,0.7255
random_lr,mean,24,fg_benzene_ring,0.001,R5,0,0.5098
random_lr,mean,24,fg_benzene_ring,0.001,R5,1,0.5098
random_lr,mean,24,fg_benzene_ring,0.001,R6,0,0.4118
random_lr,mean,24,fg_benzene_ring,0.001,R6,1,0.4118
random_lr,mean,24,fg_benzene_ring,0.001,R8,0,0.6275
random_lr,mean,24,fg_benzene_ring,0.001,R8,1,0.6275
random_lr,mean,24,fg_benzene_ring,0.001,R9,0,0.5882
random_lr,mean,24,fg_benzene_ring,0.001,R9,1,0.5882
random_lr,mean,24,fg_pyrrole_ring,0.001,qm9s_val,0,0.8034
random_lr,mean,24,fg_pyrrole_ring,0.001,R0,0,0.7839
random_lr,mean,24,fg_pyrrole_ring,0.001,R2,0,0.7368
random_lr,mean,24,fg_pyrrole_ring,0.001,R2,1,0.7368
random_lr,mean,24,fg_pyrrole_ring,0.001,R3,0,1.0
random_lr,mean,24,fg_pyrrole_ring,0.001,R3,1,1.0
random_lr,mean,24,fg_pyrrole_ring,0.001,R4,0,1.0
random_lr,mean,24,fg_pyrrole_ring,0.001,R4,1,1.0
random_lr,mean,24,fg_pyrrole_ring,0.001,R5,0,0.0526
random_lr,mean,24,fg_pyrrole_ring,0.001,R5,1,0.0526
random_lr,mean,24,fg_pyrrole_ring,0.001,R6,0,0.2105
random_lr,mean,24,fg_pyrrole_ring,0.001,R6,1,0.2105
random_lr,mean,24,fg_pyrrole_ring,0.001,R8,0,0.8421
random_lr,mean,24,fg_pyrrole_ring,0.001,R8,1,0.8421
random_lr,mean,24,fg_pyrrole_ring,0.001,R9,0,1.0
random_lr,mean,24,fg_pyrrole_ring,0.001,R9,1,1.0
random_lr,mean,24,fg_imidazole_ring,0.001,qm9s_val,0,0.8948
random_lr,mean,24,fg_imidazole_ring,0.001,R0,0,0.8501
random_lr,mean,24,fg_imidazole_ring,0.001,R2,0,0.3158
random_lr,mean,24,fg_imidazole_ring,0.001,R2,1,0.3158
random_lr,mean,24,fg_imidazole_ring,0.001,R3,0,1.0
random_lr,mean,24,fg_imidazole_ring,0.001,R3,1,1.0
random_lr,mean,24,fg_imidazole_ring,0.001,R4,0,0.9474
random_lr,mean,24,fg_imidazole_ring,0.001,R4,1,0.9474
random_lr,mean,24,fg_imidazole_ring,0.001,R5,0,0.6842
random_lr,mean,24,fg_imidazole_ring,0.001,R5,1,0.6842
random_lr,mean,24,fg_imidazole_ring,0.001,R6,0,0.2632
random_lr,mean,24,fg_imidazole_ring,0.001,R6,1,0.2632
random_lr,mean,24,fg_imidazole_ring,0.001,R8,0,0.6316
random_lr,mean,24,fg_imidazole_ring,0.001,R8,1,0.6316
random_lr,mean,24,fg_imidazole_ring,0.001,R9,0,0.4211
random_lr,mean,24,fg_imidazole_ring,0.001,R9,1,0.4211
random_mm,mean,24,fg_primary_amine,,qm9s_val,0,0.6259
random_mm,mean,24,fg_primary_amine,,R0,0,0.5944
random_mm,mean,24,fg_primary_amine,,R2,0,0.8421
random_mm,mean,24,fg_primary_amine,,R2,1,0.8421
random_mm,mean,24,fg_primary_amine,,R3,0,0.5263
random_mm,mean,24,fg_primary_amine,,R3,1,0.5263
random_mm,mean,24,fg_primary_amine,,R4,0,0.4737
random_mm,mean,24,fg_primary_amine,,R4,1,0.4737
random_mm,mean,24,fg_primary_amine,,R5,0,0.3684
random_mm,mean,24,fg_primary_amine,,R5,1,0.3684
random_mm,mean,24,fg_primary_amine,,R6,0,0.3684
random_mm,mean,24,fg_primary_amine,,R6,1,0.3684
random_mm,mean,24,fg_primary_amine,,R8,0,0.1579
random_mm,mean,24,fg_primary_amine,,R8,1,0.1579
random_mm,mean,24,fg_primary_amine,,R9,0,0.7368
random_mm,mean,24,fg_primary_amine,,R9,1,0.7368
random_mm,mean,24,fg_secondary_amine,,qm9s_val,0,0.6369
random_mm,mean,24,fg_secondary_amine,,R0,0,0.6432
random_mm,mean,24,fg_secondary_amine,,R2,0,0.7368
random_mm,mean,24,fg_secondary_amine,,R2,1,0.7368
random_mm,mean,24,fg_secondary_amine,,R3,0,0.3158
random_mm,mean,24,fg_secondary_amine,,R3,1,0.3158
random_mm,mean,24,fg_secondary_amine,,R4,0,0.8421
random_mm,mean,24,fg_secondary_amine,,R4,1,0.8421
random_mm,mean,24,fg_secondary_amine,,R5,0,0.8947
random_mm,mean,24,fg_secondary_amine,,R5,1,0.8947
random_mm,mean,24,fg_secondary_amine,,R6,0,0.1579
random_mm,mean,24,fg_secondary_amine,,R6,1,0.1579
random_mm,mean,24,fg_secondary_amine,,R8,0,0.7895
random_mm,mean,24,fg_secondary_amine,,R8,1,0.7895
random_mm,mean,24,fg_secondary_amine,,R9,0,0.2105
random_mm,mean,24,fg_secondary_amine,,R9,1,0.2105
random_mm,mean,24,fg_amide,,qm9s_val,0,0.6486
random_mm,mean,24,fg_amide,,R0,0,0.5964
random_mm,mean,24,fg_amide,,R2,0,0.1389
random_mm,mean,24,fg_amide,,R2,1,0.1389
random_mm,mean,24,fg_amide,,R3,0,0.3056
random_mm,mean,24,fg_amide,,R3,1,0.3056
random_mm,mean,24,fg_amide,,R4,0,0.6667
random_mm,mean,24,fg_amide,,R4,1,0.6667
random_mm,mean,24,fg_amide,,R5,0,0.8611
random_mm,mean,24,fg_amide,,R5,1,0.8611
random_mm,mean,24,fg_amide,,R6,0,0.8056
random_mm,mean,24,fg_amide,,R6,1,0.8056
random_mm,mean,24,fg_amide,,R8,0,0.4444
random_mm,mean,24,fg_amide,,R8,1,0.4444
random_mm,mean,24,fg_amide,,R9,0,0.6111
random_mm,mean,24,fg_amide,,R9,1,0.6111
random_mm,mean,24,fg_guanidine,,qm9s_val,0,0.7536
random_mm,mean,24,fg_guanidine,,R0,0,0.7336
random_mm,mean,24,fg_guanidine,,R2,0,0.9474
random_mm,mean,24,fg_guanidine,,R2,1,0.9474
random_mm,mean,24,fg_guanidine,,R3,0,0.3158
random_mm,mean,24,fg_guanidine,,R3,1,0.3158
random_mm,mean,24,fg_guanidine,,R4,0,0.1053
random_mm,mean,24,fg_guanidine,,R4,1,0.1053
random_mm,mean,24,fg_guanidine,,R5,0,0.0526
random_mm,mean,24,fg_guanidine,,R5,1,0.0526
random_mm,mean,24,fg_guanidine,,R6,0,0.0526
random_mm,mean,24,fg_guanidine,,R6,1,0.0526
random_mm,mean,24,fg_guanidine,,R8,0,0.5263
random_mm,mean,24,fg_guanidine,,R8,1,0.5263
random_mm,mean,24,fg_guanidine,,R9,0,0.4211
random_mm,mean,24,fg_guanidine,,R9,1,0.4211
random_mm,mean,24,fg_hydroxyl_aliphatic,,qm9s_val,0,0.6154
random_mm,mean,24,fg_hydroxyl_aliphatic,,R0,0,0.6353
random_mm,mean,24,fg_hydroxyl_aliphatic,,R2,0,0.6667
random_mm,mean,24,fg_hydroxyl_aliphatic,,R2,1,0.6667
random_mm,mean,24,fg_hydroxyl_aliphatic,,R3,0,0.4722
random_mm,mean,24,fg_hydroxyl_aliphatic,,R3,1,0.4722
random_mm,mean,24,fg_hydroxyl_aliphatic,,R4,0,0.6667
random_mm,mean,24,fg_hydroxyl_aliphatic,,R4,1,0.6667
random_mm,mean,24,fg_hydroxyl_aliphatic,,R5,0,0.4167
random_mm,mean,24,fg_hydroxyl_aliphatic,,R5,1,0.4167
random_mm,mean,24,fg_hydroxyl_aliphatic,,R6,0,0.6944
random_mm,mean,24,fg_hydroxyl_aliphatic,,R6,1,0.6944
random_mm,mean,24,fg_hydroxyl_aliphatic,,R8,0,0.8611
random_mm,mean,24,fg_hydroxyl_aliphatic,,R8,1,0.8611
random_mm,mean,24,fg_hydroxyl_aliphatic,,R9,0,0.5556
random_mm,mean,24,fg_hydroxyl_aliphatic,,R9,1,0.5556
random_mm,mean,24,fg_phenol,,qm9s_val,0,0.8203
random_mm,mean,24,fg_phenol,,R0,0,0.7889
random_mm,mean,24,fg_phenol,,R2,0,0.7895
random_mm,mean,24,fg_phenol,,R2,1,0.7895
random_mm,mean,24,fg_phenol,,R3,0,0.6316
random_mm,mean,24,fg_phenol,,R3,1,0.6316
random_mm,mean,24,fg_phenol,,R4,0,0.7895
random_mm,mean,24,fg_phenol,,R4,1,0.7895
random_mm,mean,24,fg_phenol,,R5,0,0.6316
random_mm,mean,24,fg_phenol,,R5,1,0.6316
random_mm,mean,24,fg_phenol,,R6,0,0.4211
random_mm,mean,24,fg_phenol,,R6,1,0.4211
random_mm,mean,24,fg_phenol,,R8,0,0.0526
random_mm,mean,24,fg_phenol,,R8,1,0.0526
random_mm,mean,24,fg_phenol,,R9,0,0.1579
random_mm,mean,24,fg_phenol,,R9,1,0.1579
random_mm,mean,24,fg_aromatic_ring,,qm9s_val,0,0.8628
random_mm,mean,24,fg_aromatic_ring,,R0,0,0.8631
random_mm,mean,24,fg_aromatic_ring,,R2,0,0.6562
random_mm,mean,24,fg_aromatic_ring,,R2,1,0.6562
random_mm,mean,24,fg_aromatic_ring,,R3,0,0.8281
random_mm,mean,24,fg_aromatic_ring,,R3,1,0.8281
random_mm,mean,24,fg_aromatic_ring,,R4,0,0.7969
random_mm,mean,24,fg_aromatic_ring,,R4,1,0.7969
random_mm,mean,24,fg_aromatic_ring,,R5,0,0.5781
random_mm,mean,24,fg_aromatic_ring,,R5,1,0.5781
random_mm,mean,24,fg_aromatic_ring,,R6,0,0.5
random_mm,mean,24,fg_aromatic_ring,,R6,1,0.5
random_mm,mean,24,fg_aromatic_ring,,R8,0,0.625
random_mm,mean,24,fg_aromatic_ring,,R8,1,0.625
random_mm,mean,24,fg_aromatic_ring,,R9,0,0.6562
random_mm,mean,24,fg_aromatic_ring,,R9,1,0.6562
random_mm,mean,24,fg_benzene_ring,,qm9s_val,0,0.8448
random_mm,mean,24,fg_benzene_ring,,R0,0,0.8254
random_mm,mean,24,fg_benzene_ring,,R2,0,0.7451
random_mm,mean,24,fg_benzene_ring,,R2,1,0.7451
random_mm,mean,24,fg_benzene_ring,,R3,0,0.5294
random_mm,mean,24,fg_benzene_ring,,R3,1,0.5294
random_mm,mean,24,fg_benzene_ring,,R4,0,0.5882
random_mm,mean,24,fg_benzene_ring,,R4,1,0.5882
random_mm,mean,24,fg_benzene_ring,,R5,0,0.4314
random_mm,mean,24,fg_benzene_ring,,R5,1,0.4314
random_mm,mean,24,fg_benzene_ring,,R6,0,0.3922
random_mm,mean,24,fg_benzene_ring,,R6,1,0.3922
random_mm,mean,24,fg_benzene_ring,,R8,0,0.451
random_mm,mean,24,fg_benzene_ring,,R8,1,0.451
random_mm,mean,24,fg_benzene_ring,,R9,0,0.6275
random_mm,mean,24,fg_benzene_ring,,R9,1,0.6275
random_mm,mean,24,fg_pyrrole_ring,,qm9s_val,0,0.7734
random_mm,mean,24,fg_pyrrole_ring,,R0,0,0.7653
random_mm,mean,24,fg_pyrrole_ring,,R2,0,0.7368
random_mm,mean,24,fg_pyrrole_ring,,R2,1,0.7368
random_mm,mean,24,fg_pyrrole_ring,,R3,0,1.0
random_mm,mean,24,fg_pyrrole_ring,,R3,1,1.0
random_mm,mean,24,fg_pyrrole_ring,,R4,0,0.8947
random_mm,mean,24,fg_pyrrole_ring,,R4,1,0.8947
random_mm,mean,24,fg_pyrrole_ring,,R5,0,0.1579
random_mm,mean,24,fg_pyrrole_ring,,R5,1,0.1579
random_mm,mean,24,fg_pyrrole_ring,,R6,0,0.4737
random_mm,mean,24,fg_pyrrole_ring,,R6,1,0.4737
random_mm,mean,24,fg_pyrrole_ring,,R8,0,0.4211
random_mm,mean,24,fg_pyrrole_ring,,R8,1,0.4211
random_mm,mean,24,fg_pyrrole_ring,,R9,0,0.8947
random_mm,mean,24,fg_pyrrole_ring,,R9,1,0.8947
random_mm,mean,24,fg_imidazole_ring,,qm9s_val,0,0.8252
random_mm,mean,24,fg_imidazole_ring,,R0,0,0.8341
random_mm,mean,24,fg_imidazole_ring,,R2,0,0.6316
random_mm,mean,24,fg_imidazole_ring,,R2,1,0.6316
random_mm,mean,24,fg_imidazole_ring,,R3,0,1.0
random_mm,mean,24,fg_imidazole_ring,,R3,1,1.0
random_mm,mean,24,fg_imidazole_ring,,R4,0,0.6316
random_mm,mean,24,fg_imidazole_ring,,R4,1,0.6316
random_mm,mean,24,fg_imidazole_ring,,R5,0,0.6842
random_mm,mean,24,fg_imidazole_ring,,R5,1,0.6842
random_mm,mean,24,fg_imidazole_ring,,R6,0,0.1579
random_mm,mean,24,fg_imidazole_ring,,R6,1,0.1579
random_mm,mean,24,fg_imidazole_ring,,R8,0,0.7895
random_mm,mean,24,fg_imidazole_ring,,R8,1,0.7895
random_mm,mean,24,fg_imidazole_ring,,R9,0,0.7895
random_mm,mean,24,fg_imidazole_ring,,R9,1,0.7895
random_lr,mean,27,fg_primary_amine,0.001,qm9s_val,0,0.633
random_lr,mean,27,fg_primary_amine,0.001,R0,0,0.6277
random_lr,mean,27,fg_primary_amine,0.001,R2,0,0.5789
random_lr,mean,27,fg_primary_amine,0.001,R2,1,0.5789
random_lr,mean,27,fg_primary_amine,0.001,R3,0,0.8421
random_lr,mean,27,fg_primary_amine,0.001,R3,1,0.8421
random_lr,mean,27,fg_primary_amine,0.001,R4,0,0.3684
random_lr,mean,27,fg_primary_amine,0.001,R4,1,0.3684
random_lr,mean,27,fg_primary_amine,0.001,R5,0,0.2105
random_lr,mean,27,fg_primary_amine,0.001,R5,1,0.2105
random_lr,mean,27,fg_primary_amine,0.001,R6,0,0.5263
random_lr,mean,27,fg_primary_amine,0.001,R6,1,0.5263
random_lr,mean,27,fg_primary_amine,0.001,R8,0,0.2105
random_lr,mean,27,fg_primary_amine,0.001,R8,1,0.2105
random_lr,mean,27,fg_primary_amine,0.001,R9,0,0.5263
random_lr,mean,27,fg_primary_amine,0.001,R9,1,0.5263
random_lr,mean,27,fg_secondary_amine,0.001,qm9s_val,0,0.6354
random_lr,mean,27,fg_secondary_amine,0.001,R0,0,0.6333
random_lr,mean,27,fg_secondary_amine,0.001,R2,0,0.7368
random_lr,mean,27,fg_secondary_amine,0.001,R2,1,0.7368
random_lr,mean,27,fg_secondary_amine,0.001,R3,0,0.3158
random_lr,mean,27,fg_secondary_amine,0.001,R3,1,0.3158
random_lr,mean,27,fg_secondary_amine,0.001,R4,0,0.5789
random_lr,mean,27,fg_secondary_amine,0.001,R4,1,0.5789
random_lr,mean,27,fg_secondary_amine,0.001,R5,0,0.7895
random_lr,mean,27,fg_secondary_amine,0.001,R5,1,0.7895
random_lr,mean,27,fg_secondary_amine,0.001,R6,0,0.2632
random_lr,mean,27,fg_secondary_amine,0.001,R6,1,0.2632
random_lr,mean,27,fg_secondary_amine,0.001,R8,0,0.1579
random_lr,mean,27,fg_secondary_amine,0.001,R8,1,0.1579
random_lr,mean,27,fg_secondary_amine,0.001,R9,0,0.1579
random_lr,mean,27,fg_secondary_amine,0.001,R9,1,0.1579
random_lr,mean,27,fg_amide,0.001,qm9s_val,0,0.7282
random_lr,mean,27,fg_amide,0.001,R0,0,0.6654
random_lr,mean,27,fg_amide,0.001,R2,0,0.5833
random_lr,mean,27,fg_amide,0.001,R2,1,0.5833
random_lr,mean,27,fg_amide,0.001,R3,0,0.9444
random_lr,mean,27,fg_amide,0.001,R3,1,0.9444
random_lr,mean,27,fg_amide,0.001,R4,0,0.7222
random_lr,mean,27,fg_amide,0.001,R4,1,0.7222
random_lr,mean,27,fg_amide,0.001,R5,0,0.3611
random_lr,mean,27,fg_amide,0.001,R5,1,0.3611
random_lr,mean,27,fg_amide,0.001,R6,0,0.3611
random_lr,mean,27,fg_amide,0.001,R6,1,0.3611
random_lr,mean,27,fg_amide,0.001,R8,0,0.6667
random_lr,mean,27,fg_amide,0.001,R8,1,0.6667
random_lr,mean,27,fg_amide,0.001,R9,0,0.8056
random_lr,mean,27,fg_amide,0.001,R9,1,0.7778
random_lr,mean,27,fg_guanidine,0.001,qm9s_val,0,0.8454
random_lr,mean,27,fg_guanidine,0.001,R0,0,0.8398
random_lr,mean,27,fg_guanidine,0.001,R2,0,0.8947
random_lr,mean,27,fg_guanidine,0.001,R2,1,0.8947
random_lr,mean,27,fg_guanidine,0.001,R3,0,0.7368
random_lr,mean,27,fg_guanidine,0.001,R3,1,0.7368
random_lr,mean,27,fg_guanidine,0.001,R4,0,0.5263
random_lr,mean,27,fg_guanidine,0.001,R4,1,0.5263
random_lr,mean,27,fg_guanidine,0.001,R5,0,0.0526
random_lr,mean,27,fg_guanidine,0.001,R5,1,0.0526
random_lr,mean,27,fg_guanidine,0.001,R6,0,0.4211
random_lr,mean,27,fg_guanidine,0.001,R6,1,0.4211
random_lr,mean,27,fg_guanidine,0.001,R8,0,0.7368
random_lr,mean,27,fg_guanidine,0.001,R8,1,0.7368
random_lr,mean,27,fg_guanidine,0.001,R9,0,0.1053
random_lr,mean,27,fg_guanidine,0.001,R9,1,0.1053
random_lr,mean,27,fg_hydroxyl_aliphatic,0.001,qm9s_val,0,0.6406
random_lr,mean,27,fg_hydroxyl_aliphatic,0.001,R0,0,0.639
random_lr,mean,27,fg_hydroxyl_aliphatic,0.001,R2,0,0.8889
random_lr,mean,27,fg_hydroxyl_aliphatic,0.001,R2,1,0.8889
random_lr,mean,27,fg_hydroxyl_aliphatic,0.001,R3,0,0.6389
random_lr,mean,27,fg_hydroxyl_aliphatic,0.001,R3,1,0.6389
random_lr,mean,27,fg_hydroxyl_aliphatic,0.001,R4,0,0.6667
random_lr,mean,27,fg_hydroxyl_aliphatic,0.001,R4,1,0.6667
random_lr,mean,27,fg_hydroxyl_aliphatic,0.001,R5,0,0.5556
random_lr,mean,27,fg_hydroxyl_aliphatic,0.001,R5,1,0.5556
random_lr,mean,27,fg_hydroxyl_aliphatic,0.001,R6,0,0.6389
random_lr,mean,27,fg_hydroxyl_aliphatic,0.001,R6,1,0.6389
random_lr,mean,27,fg_hydroxyl_aliphatic,0.001,R8,0,0.5
random_lr,mean,27,fg_hydroxyl_aliphatic,0.001,R8,1,0.5
random_lr,mean,27,fg_hydroxyl_aliphatic,0.001,R9,0,0.6111
random_lr,mean,27,fg_hydroxyl_aliphatic,0.001,R9,1,0.6111
random_lr,mean,27,fg_phenol,0.001,qm9s_val,0,0.8661
random_lr,mean,27,fg_phenol,0.001,R0,0,0.847
random_lr,mean,27,fg_phenol,0.001,R2,0,0.1053
random_lr,mean,27,fg_phenol,0.001,R2,1,0.1053
random_lr,mean,27,fg_phenol,0.001,R3,0,0.5789
random_lr,mean,27,fg_phenol,0.001,R3,1,0.5789
random_lr,mean,27,fg_phenol,0.001,R4,0,0.2632
random_lr,mean,27,fg_phenol,0.001,R4,1,0.2632
random_lr,mean,27,fg_phenol,0.001,R5,0,0.6842
random_lr,mean,27,fg_phenol,0.001,R5,1,0.6842
random_lr,mean,27,fg_phenol,0.001,R6,0,0.5263
random_lr,mean,27,fg_phenol,0.001,R6,1,0.5263
random_lr,mean,27,fg_phenol,0.001,R8,0,0.0526
random_lr,mean,27,fg_phenol,0.001,R8,1,0.0526
random_lr,mean,27,fg_phenol,0.001,R9,0,0.0
random_lr,mean,27,fg_phenol,0.001,R9,1,0.0
random_lr,mean,27,fg_aromatic_ring,0.001,qm9s_val,0,0.9194
random_lr,mean,27,fg_aromatic_ring,0.001,R0,0,0.9178
random_lr,mean,27,fg_aromatic_ring,0.001,R2,0,0.75
random_lr,mean,27,fg_aromatic_ring,0.001,R2,1,0.75
random_lr,mean,27,fg_aromatic_ring,0.001,R3,0,0.875
random_lr,mean,27,fg_aromatic_ring,0.001,R3,1,0.875
random_lr,mean,27,fg_aromatic_ring,0.001,R4,0,0.7031
random_lr,mean,27,fg_aromatic_ring,0.001,R4,1,0.7031
random_lr,mean,27,fg_aromatic_ring,0.001,R5,0,0.6406
random_lr,mean,27,fg_aromatic_ring,0.001,R5,1,0.6406
random_lr,mean,27,fg_aromatic_ring,0.001,R6,0,0.4531
random_lr,mean,27,fg_aromatic_ring,0.001,R6,1,0.4531
random_lr,mean,27,fg_aromatic_ring,0.001,R8,0,0.5781
random_lr,mean,27,fg_aromatic_ring,0.001,R8,1,0.5781
random_lr,mean,27,fg_aromatic_ring,0.001,R9,0,0.5781
random_lr,mean,27,fg_aromatic_ring,0.001,R9,1,0.5625
random_lr,mean,27,fg_benzene_ring,0.001,qm9s_val,0,0.8897
random_lr,mean,27,fg_benzene_ring,0.001,R0,0,0.884
random_lr,mean,27,fg_benzene_ring,0.001,R2,0,0.8824
random_lr,mean,27,fg_benzene_ring,0.001,R2,1,0.8824
random_lr,mean,27,fg_benzene_ring,0.001,R3,0,0.6078
random_lr,mean,27,fg_benzene_ring,0.001,R3,1,0.6078
random_lr,mean,27,fg_benzene_ring,0.001,R4,0,0.7059
random_lr,mean,27,fg_benzene_ring,0.001,R4,1,0.7059
random_lr,mean,27,fg_benzene_ring,0.001,R5,0,0.5098
random_lr,mean,27,fg_benzene_ring,0.001,R5,1,0.5098
random_lr,mean,27,fg_benzene_ring,0.001,R6,0,0.3922
random_lr,mean,27,fg_benzene_ring,0.001,R6,1,0.3922
random_lr,mean,27,fg_benzene_ring,0.001,R8,0,0.6078
random_lr,mean,27,fg_benzene_ring,0.001,R8,1,0.6078
random_lr,mean,27,fg_benzene_ring,0.001,R9,0,0.5686
random_lr,mean,27,fg_benzene_ring,0.001,R9,1,0.5686
random_lr,mean,27,fg_pyrrole_ring,0.001,qm9s_val,0,0.8006
random_lr,mean,27,fg_pyrrole_ring,0.001,R0,0,0.7857
random_lr,mean,27,fg_pyrrole_ring,0.001,R2,0,0.6842
random_lr,mean,27,fg_pyrrole_ring,0.001,R2,1,0.6842
random_lr,mean,27,fg_pyrrole_ring,0.001,R3,0,1.0
random_lr,mean,27,fg_pyrrole_ring,0.001,R3,1,1.0
random_lr,mean,27,fg_pyrrole_ring,0.001,R4,0,0.9474
random_lr,mean,27,fg_pyrrole_ring,0.001,R4,1,0.9474
random_lr,mean,27,fg_pyrrole_ring,0.001,R5,0,0.0526
random_lr,mean,27,fg_pyrrole_ring,0.001,R5,1,0.0526
random_lr,mean,27,fg_pyrrole_ring,0.001,R6,0,0.2105
random_lr,mean,27,fg_pyrrole_ring,0.001,R6,1,0.2105
random_lr,mean,27,fg_pyrrole_ring,0.001,R8,0,0.8421
random_lr,mean,27,fg_pyrrole_ring,0.001,R8,1,0.8421
random_lr,mean,27,fg_pyrrole_ring,0.001,R9,0,1.0
random_lr,mean,27,fg_pyrrole_ring,0.001,R9,1,1.0
random_lr,mean,27,fg_imidazole_ring,0.001,qm9s_val,0,0.8942
random_lr,mean,27,fg_imidazole_ring,0.001,R0,0,0.8458
random_lr,mean,27,fg_imidazole_ring,0.001,R2,0,0.4211
random_lr,mean,27,fg_imidazole_ring,0.001,R2,1,0.4211
random_lr,mean,27,fg_imidazole_ring,0.001,R3,0,1.0
random_lr,mean,27,fg_imidazole_ring,0.001,R3,1,1.0
random_lr,mean,27,fg_imidazole_ring,0.001,R4,0,0.9474
random_lr,mean,27,fg_imidazole_ring,0.001,R4,1,0.9474
random_lr,mean,27,fg_imidazole_ring,0.001,R5,0,0.7895
random_lr,mean,27,fg_imidazole_ring,0.001,R5,1,0.7895
random_lr,mean,27,fg_imidazole_ring,0.001,R6,0,0.1579
random_lr,mean,27,fg_imidazole_ring,0.001,R6,1,0.1579
random_lr,mean,27,fg_imidazole_ring,0.001,R8,0,0.5789
random_lr,mean,27,fg_imidazole_ring,0.001,R8,1,0.5789
random_lr,mean,27,fg_imidazole_ring,0.001,R9,0,0.4737
random_lr,mean,27,fg_imidazole_ring,0.001,R9,1,0.4737
random_mm,mean,27,fg_primary_amine,,qm9s_val,0,0.6273
random_mm,mean,27,fg_primary_amine,,R0,0,0.5915
random_mm,mean,27,fg_primary_amine,,R2,0,0.8421
random_mm,mean,27,fg_primary_amine,,R2,1,0.8421
random_mm,mean,27,fg_primary_amine,,R3,0,0.5263
random_mm,mean,27,fg_primary_amine,,R3,1,0.5263
random_mm,mean,27,fg_primary_amine,,R4,0,0.4737
random_mm,mean,27,fg_primary_amine,,R4,1,0.4737
random_mm,mean,27,fg_primary_amine,,R5,0,0.3684
random_mm,mean,27,fg_primary_amine,,R5,1,0.3684
random_mm,mean,27,fg_primary_amine,,R6,0,0.3684
random_mm,mean,27,fg_primary_amine,,R6,1,0.3684
random_mm,mean,27,fg_primary_amine,,R8,0,0.1579
random_mm,mean,27,fg_primary_amine,,R8,1,0.1579
random_mm,mean,27,fg_primary_amine,,R9,0,0.7368
random_mm,mean,27,fg_primary_amine,,R9,1,0.7368
random_mm,mean,27,fg_secondary_amine,,qm9s_val,0,0.6381
random_mm,mean,27,fg_secondary_amine,,R0,0,0.6432
random_mm,mean,27,fg_secondary_amine,,R2,0,0.7368
random_mm,mean,27,fg_secondary_amine,,R2,1,0.7368
random_mm,mean,27,fg_secondary_amine,,R3,0,0.3158
random_mm,mean,27,fg_secondary_amine,,R3,1,0.3158
random_mm,mean,27,fg_secondary_amine,,R4,0,0.8421
random_mm,mean,27,fg_secondary_amine,,R4,1,0.8421
random_mm,mean,27,fg_secondary_amine,,R5,0,0.8947
random_mm,mean,27,fg_secondary_amine,,R5,1,0.8947
random_mm,mean,27,fg_secondary_amine,,R6,0,0.1579
random_mm,mean,27,fg_secondary_amine,,R6,1,0.1579
random_mm,mean,27,fg_secondary_amine,,R8,0,0.7895
random_mm,mean,27,fg_secondary_amine,,R8,1,0.7895
random_mm,mean,27,fg_secondary_amine,,R9,0,0.2105
random_mm,mean,27,fg_secondary_amine,,R9,1,0.2105
random_mm,mean,27,fg_amide,,qm9s_val,0,0.6484
random_mm,mean,27,fg_amide,,R0,0,0.5971
random_mm,mean,27,fg_amide,,R2,0,0.1389
random_mm,mean,27,fg_amide,,R2,1,0.1389
random_mm,mean,27,fg_amide,,R3,0,0.3056
random_mm,mean,27,fg_amide,,R3,1,0.3056
random_mm,mean,27,fg_amide,,R4,0,0.6667
random_mm,mean,27,fg_amide,,R4,1,0.6667
random_mm,mean,27,fg_amide,,R5,0,0.8611
random_mm,mean,27,fg_amide,,R5,1,0.8611
random_mm,mean,27,fg_amide,,R6,0,0.8056
random_mm,mean,27,fg_amide,,R6,1,0.8056
random_mm,mean,27,fg_amide,,R8,0,0.4444
random_mm,mean,27,fg_amide,,R8,1,0.4444
random_mm,mean,27,fg_amide,,R9,0,0.6389
random_mm,mean,27,fg_amide,,R9,1,0.6389
random_mm,mean,27,fg_guanidine,,qm9s_val,0,0.7517
random_mm,mean,27,fg_guanidine,,R0,0,0.7332
random_mm,mean,27,fg_guanidine,,R2,0,0.9474
random_mm,mean,27,fg_guanidine,,R2,1,0.9474
random_mm,mean,27,fg_guanidine,,R3,0,0.3158
random_mm,mean,27,fg_guanidine,,R3,1,0.3158
random_mm,mean,27,fg_guanidine,,R4,0,0.1053
random_mm,mean,27,fg_guanidine,,R4,1,0.1053
random_mm,mean,27,fg_guanidine,,R5,0,0.0526
random_mm,mean,27,fg_guanidine,,R5,1,0.0526
random_mm,mean,27,fg_guanidine,,R6,0,0.0526
random_mm,mean,27,fg_guanidine,,R6,1,0.0526
random_mm,mean,27,fg_guanidine,,R8,0,0.5263
random_mm,mean,27,fg_guanidine,,R8,1,0.5263
random_mm,mean,27,fg_guanidine,,R9,0,0.4211
random_mm,mean,27,fg_guanidine,,R9,1,0.4737
random_mm,mean,27,fg_hydroxyl_aliphatic,,qm9s_val,0,0.6153
random_mm,mean,27,fg_hydroxyl_aliphatic,,R0,0,0.6354
random_mm,mean,27,fg_hydroxyl_aliphatic,,R2,0,0.6111
random_mm,mean,27,fg_hydroxyl_aliphatic,,R2,1,0.6111
random_mm,mean,27,fg_hydroxyl_aliphatic,,R3,0,0.4722
random_mm,mean,27,fg_hydroxyl_aliphatic,,R3,1,0.4722
random_mm,mean,27,fg_hydroxyl_aliphatic,,R4,0,0.6667
random_mm,mean,27,fg_hydroxyl_aliphatic,,R4,1,0.6667
random_mm,mean,27,fg_hydroxyl_aliphatic,,R5,0,0.4167
random_mm,mean,27,fg_hydroxyl_aliphatic,,R5,1,0.4167
random_mm,mean,27,fg_hydroxyl_aliphatic,,R6,0,0.6944
random_mm,mean,27,fg_hydroxyl_aliphatic,,R6,1,0.6944
random_mm,mean,27,fg_hydroxyl_aliphatic,,R8,0,0.8611
random_mm,mean,27,fg_hydroxyl_aliphatic,,R8,1,0.8611
random_mm,mean,27,fg_hydroxyl_aliphatic,,R9,0,0.5556
random_mm,mean,27,fg_hydroxyl_aliphatic,,R9,1,0.5556
random_mm,mean,27,fg_phenol,,qm9s_val,0,0.8189
random_mm,mean,27,fg_phenol,,R0,0,0.7886
random_mm,mean,27,fg_phenol,,R2,0,0.7895
random_mm,mean,27,fg_phenol,,R2,1,0.7895
random_mm,mean,27,fg_phenol,,R3,0,0.6316
random_mm,mean,27,fg_phenol,,R3,1,0.6316
random_mm,mean,27,fg_phenol,,R4,0,0.7895
random_mm,mean,27,fg_phenol,,R4,1,0.7895
random_mm,mean,27,fg_phenol,,R5,0,0.5789
random_mm,mean,27,fg_phenol,,R5,1,0.5789
random_mm,mean,27,fg_phenol,,R6,0,0.3684
random_mm,mean,27,fg_phenol,,R6,1,0.3684
random_mm,mean,27,fg_phenol,,R8,0,0.0526
random_mm,mean,27,fg_phenol,,R8,1,0.0526
random_mm,mean,27,fg_phenol,,R9,0,0.1579
random_mm,mean,27,fg_phenol,,R9,1,0.1579
random_mm,mean,27,fg_aromatic_ring,,qm9s_val,0,0.8622
random_mm,mean,27,fg_aromatic_ring,,R0,0,0.8627
random_mm,mean,27,fg_aromatic_ring,,R2,0,0.6562
random_mm,mean,27,fg_aromatic_ring,,R2,1,0.6562
random_mm,mean,27,fg_aromatic_ring,,R3,0,0.8281
random_mm,mean,27,fg_aromatic_ring,,R3,1,0.8281
random_mm,mean,27,fg_aromatic_ring,,R4,0,0.7969
random_mm,mean,27,fg_aromatic_ring,,R4,1,0.7969
random_mm,mean,27,fg_aromatic_ring,,R5,0,0.5781
random_mm,mean,27,fg_aromatic_ring,,R5,1,0.5781
random_mm,mean,27,fg_aromatic_ring,,R6,0,0.5312
random_mm,mean,27,fg_aromatic_ring,,R6,1,0.5312
random_mm,mean,27,fg_aromatic_ring,,R8,0,0.6406
random_mm,mean,27,fg_aromatic_ring,,R8,1,0.6406
random_mm,mean,27,fg_aromatic_ring,,R9,0,0.6562
random_mm,mean,27,fg_aromatic_ring,,R9,1,0.6562
random_mm,mean,27,fg_benzene_ring,,qm9s_val,0,0.8442
random_mm,mean,27,fg_benzene_ring,,R0,0,0.825
random_mm,mean,27,fg_benzene_ring,,R2,0,0.7451
random_mm,mean,27,fg_benzene_ring,,R2,1,0.7451
random_mm,mean,27,fg_benzene_ring,,R3,0,0.5294
random_mm,mean,27,fg_benzene_ring,,R3,1,0.5294
random_mm,mean,27,fg_benzene_ring,,R4,0,0.6078
random_mm,mean,27,fg_benzene_ring,,R4,1,0.6078
random_mm,mean,27,fg_benzene_ring,,R5,0,0.451
random_mm,mean,27,fg_benzene_ring,,R5,1,0.451
random_mm,mean,27,fg_benzene_ring,,R6,0,0.3922
random_mm,mean,27,fg_benzene_ring,,R6,1,0.3922
random_mm,mean,27,fg_benzene_ring,,R8,0,0.451
random_mm,mean,27,fg_benzene_ring,,R8,1,0.451
random_mm,mean,27,fg_benzene_ring,,R9,0,0.6275
random_mm,mean,27,fg_benzene_ring,,R9,1,0.6275
random_mm,mean,27,fg_pyrrole_ring,,qm9s_val,0,0.7727
random_mm,mean,27,fg_pyrrole_ring,,R0,0,0.7648
random_mm,mean,27,fg_pyrrole_ring,,R2,0,0.7895
random_mm,mean,27,fg_pyrrole_ring,,R2,1,0.7895
random_mm,mean,27,fg_pyrrole_ring,,R3,0,1.0
random_mm,mean,27,fg_pyrrole_ring,,R3,1,1.0
random_mm,mean,27,fg_pyrrole_ring,,R4,0,0.8947
random_mm,mean,27,fg_pyrrole_ring,,R4,1,0.8947
random_mm,mean,27,fg_pyrrole_ring,,R5,0,0.1579
random_mm,mean,27,fg_pyrrole_ring,,R5,1,0.1579
random_mm,mean,27,fg_pyrrole_ring,,R6,0,0.4737
random_mm,mean,27,fg_pyrrole_ring,,R6,1,0.4737
random_mm,mean,27,fg_pyrrole_ring,,R8,0,0.4211
random_mm,mean,27,fg_pyrrole_ring,,R8,1,0.4211
random_mm,mean,27,fg_pyrrole_ring,,R9,0,0.8947
random_mm,mean,27,fg_pyrrole_ring,,R9,1,0.8421
random_mm,mean,27,fg_imidazole_ring,,qm9s_val,0,0.8245
random_mm,mean,27,fg_imidazole_ring,,R0,0,0.8335
random_mm,mean,27,fg_imidazole_ring,,R2,0,0.6316
random_mm,mean,27,fg_imidazole_ring,,R2,1,0.6316
random_mm,mean,27,fg_imidazole_ring,,R3,0,1.0
random_mm,mean,27,fg_imidazole_ring,,R3,1,1.0
random_mm,mean,27,fg_imidazole_ring,,R4,0,0.6316
random_mm,mean,27,fg_imidazole_ring,,R4,1,0.6316
random_mm,mean,27,fg_imidazole_ring,,R5,0,0.6842
random_mm,mean,27,fg_imidazole_ring,,R5,1,0.6842
random_mm,mean,27,fg_imidazole_ring,,R6,0,0.1579
random_mm,mean,27,fg_imidazole_ring,,R6,1,0.1579
random_mm,mean,27,fg_imidazole_ring,,R8,0,0.7895
random_mm,mean,27,fg_imidazole_ring,,R8,1,0.7895
random_mm,mean,27,fg_imidazole_ring,,R9,0,0.7895
random_mm,mean,27,fg_imidazole_ring,,R9,1,0.7895
random_lr,mean,30,fg_primary_amine,0.001,qm9s_val,0,0.6033
random_lr,mean,30,fg_primary_amine,0.001,R0,0,0.6252
random_lr,mean,30,fg_primary_amine,0.001,R2,0,0.5789
random_lr,mean,30,fg_primary_amine,0.001,R2,1,0.5789
random_lr,mean,30,fg_primary_amine,0.001,R3,0,0.9474
random_lr,mean,30,fg_primary_amine,0.001,R3,1,0.9474
random_lr,mean,30,fg_primary_amine,0.001,R4,0,0.5789
random_lr,mean,30,fg_primary_amine,0.001,R4,1,0.5789
random_lr,mean,30,fg_primary_amine,0.001,R5,0,0.2632
random_lr,mean,30,fg_primary_amine,0.001,R5,1,0.2632
random_lr,mean,30,fg_primary_amine,0.001,R6,0,0.7895
random_lr,mean,30,fg_primary_amine,0.001,R6,1,0.7895
random_lr,mean,30,fg_primary_amine,0.001,R8,0,0.1579
random_lr,mean,30,fg_primary_amine,0.001,R8,1,0.1579
random_lr,mean,30,fg_primary_amine,0.001,R9,0,0.5263
random_lr,mean,30,fg_primary_amine,0.001,R9,1,0.5263
random_lr,mean,30,fg_secondary_amine,0.001,qm9s_val,0,0.6315
random_lr,mean,30,fg_secondary_amine,0.001,R0,0,0.6311
random_lr,mean,30,fg_secondary_amine,0.001,R2,0,0.6316
random_lr,mean,30,fg_secondary_amine,0.001,R2,1,0.6316
random_lr,mean,30,fg_secondary_amine,0.001,R3,0,0.3158
random_lr,mean,30,fg_secondary_amine,0.001,R3,1,0.3158
random_lr,mean,30,fg_secondary_amine,0.001,R4,0,0.5789
random_lr,mean,30,fg_secondary_amine,0.001,R4,1,0.5789
random_lr,mean,30,fg_secondary_amine,0.001,R5,0,0.6316
random_lr,mean,30,fg_secondary_amine,0.001,R5,1,0.6316
random_lr,mean,30,fg_secondary_amine,0.001,R6,0,0.3684
random_lr,mean,30,fg_secondary_amine,0.001,R6,1,0.3684
random_lr,mean,30,fg_secondary_amine,0.001,R8,0,0.1579
random_lr,mean,30,fg_secondary_amine,0.001,R8,1,0.1579
random_lr,mean,30,fg_secondary_amine,0.001,R9,0,0.1579
random_lr,mean,30,fg_secondary_amine,0.001,R9,1,0.1579
random_lr,mean,30,fg_amide,0.001,qm9s_val,0,0.7263
random_lr,mean,30,fg_amide,0.001,R0,0,0.6723
random_lr,mean,30,fg_amide,0.001,R2,0,0.5833
random_lr,mean,30,fg_amide,0.001,R2,1,0.5833
random_lr,mean,30,fg_amide,0.001,R3,0,0.9444
random_lr,mean,30,fg_amide,0.001,R3,1,0.9444
random_lr,mean,30,fg_amide,0.001,R4,0,0.7222
random_lr,mean,30,fg_amide,0.001,R4,1,0.7222
random_lr,mean,30,fg_amide,0.001,R5,0,0.5556
random_lr,mean,30,fg_amide,0.001,R5,1,0.5556
random_lr,mean,30,fg_amide,0.001,R6,0,0.5
random_lr,mean,30,fg_amide,0.001,R6,1,0.5
random_lr,mean,30,fg_amide,0.001,R8,0,0.6389
random_lr,mean,30,fg_amide,0.001,R8,1,0.6389
random_lr,mean,30,fg_amide,0.001,R9,0,0.8056
random_lr,mean,30,fg_amide,0.001,R9,1,0.8333
random_lr,mean,30,fg_guanidine,0.001,qm9s_val,0,0.825
random_lr,mean,30,fg_guanidine,0.001,R0,0,0.8444
random_lr,mean,30,fg_guanidine,0.001,R2,0,0.8947
random_lr,mean,30,fg_guanidine,0.001,R2,1,0.8947
random_lr,mean,30,fg_guanidine,0.001,R3,0,0.6316
random_lr,mean,30,fg_guanidine,0.001,R3,1,0.6316
random_lr,mean,30,fg_guanidine,0.001,R4,0,0.6316
random_lr,mean,30,fg_guanidine,0.001,R4,1,0.6316
random_lr,mean,30,fg_guanidine,0.001,R5,0,0.3158
random_lr,mean,30,fg_guanidine,0.001,R5,1,0.3158
random_lr,mean,30,fg_guanidine,0.001,R6,0,0.6842
random_lr,mean,30,fg_guanidine,0.001,R6,1,0.6842
random_lr,mean,30,fg_guanidine,0.001,R8,0,0.7895
random_lr,mean,30,fg_guanidine,0.001,R8,1,0.7895
random_lr,mean,30,fg_guanidine,0.001,R9,0,0.1053
random_lr,mean,30,fg_guanidine,0.001,R9,1,0.1053
random_lr,mean,30,fg_hydroxyl_aliphatic,0.001,qm9s_val,0,0.6369
random_lr,mean,30,fg_hydroxyl_aliphatic,0.001,R0,0,0.6391
random_lr,mean,30,fg_hydroxyl_aliphatic,0.001,R2,0,0.8611
random_lr,mean,30,fg_hydroxyl_aliphatic,0.001,R2,1,0.8611
random_lr,mean,30,fg_hydroxyl_aliphatic,0.001,R3,0,0.5556
random_lr,mean,30,fg_hydroxyl_aliphatic,0.001,R3,1,0.5556
random_lr,mean,30,fg_hydroxyl_aliphatic,0.001,R4,0,0.6111
random_lr,mean,30,fg_hydroxyl_aliphatic,0.001,R4,1,0.6111
random_lr,mean,30,fg_hydroxyl_aliphatic,0.001,R5,0,0.6111
random_lr,mean,30,fg_hydroxyl_aliphatic,0.001,R5,1,0.6111
random_lr,mean,30,fg_hydroxyl_aliphatic,0.001,R6,0,0.6111
random_lr,mean,30,fg_hydroxyl_aliphatic,0.001,R6,1,0.6111
random_lr,mean,30,fg_hydroxyl_aliphatic,0.001,R8,0,0.5278
random_lr,mean,30,fg_hydroxyl_aliphatic,0.001,R8,1,0.5278
random_lr,mean,30,fg_hydroxyl_aliphatic,0.001,R9,0,0.6111
random_lr,mean,30,fg_hydroxyl_aliphatic,0.001,R9,1,0.6111
random_lr,mean,30,fg_phenol,0.001,qm9s_val,0,0.8655
random_lr,mean,30,fg_phenol,0.001,R0,0,0.8459
random_lr,mean,30,fg_phenol,0.001,R2,0,0.1579
random_lr,mean,30,fg_phenol,0.001,R2,1,0.1579
random_lr,mean,30,fg_phenol,0.001,R3,0,0.6316
random_lr,mean,30,fg_phenol,0.001,R3,1,0.6316
random_lr,mean,30,fg_phenol,0.001,R4,0,0.2632
random_lr,mean,30,fg_phenol,0.001,R4,1,0.2632
random_lr,mean,30,fg_phenol,0.001,R5,0,0.6316
random_lr,mean,30,fg_phenol,0.001,R5,1,0.6316
random_lr,mean,30,fg_phenol,0.001,R6,0,0.5263
random_lr,mean,30,fg_phenol,0.001,R6,1,0.5263
random_lr,mean,30,fg_phenol,0.001,R8,0,0.0
random_lr,mean,30,fg_phenol,0.001,R8,1,0.0
random_lr,mean,30,fg_phenol,0.001,R9,0,0.0526
random_lr,mean,30,fg_phenol,0.001,R9,1,0.0526
random_lr,mean,30,fg_aromatic_ring,0.001,qm9s_val,0,0.9196
random_lr,mean,30,fg_aromatic_ring,0.001,R0,0,0.9183
random_lr,mean,30,fg_aromatic_ring,0.001,R2,0,0.7344
random_lr,mean,30,fg_aromatic_ring,0.001,R2,1,0.7344
random_lr,mean,30,fg_aromatic_ring,0.001,R3,0,0.875
random_lr,mean,30,fg_aromatic_ring,0.001,R3,1,0.875
random_lr,mean,30,fg_aromatic_ring,0.001,R4,0,0.75
random_lr,mean,30,fg_aromatic_ring,0.001,R4,1,0.75
random_lr,mean,30,fg_aromatic_ring,0.001,R5,0,0.6406
random_lr,mean,30,fg_aromatic_ring,0.001,R5,1,0.6406
random_lr,mean,30,fg_aromatic_ring,0.001,R6,0,0.4844
random_lr,mean,30,fg_aromatic_ring,0.001,R6,1,0.4844
random_lr,mean,30,fg_aromatic_ring,0.001,R8,0,0.5781
random_lr,mean,30,fg_aromatic_ring,0.001,R8,1,0.5781
random_lr,mean,30,fg_aromatic_ring,0.001,R9,0,0.5469
random_lr,mean,30,fg_aromatic_ring,0.001,R9,1,0.5156
random_lr,mean,30,fg_benzene_ring,0.001,qm9s_val,0,0.8963
random_lr,mean,30,fg_benzene_ring,0.001,R0,0,0.8902
random_lr,mean,30,fg_benzene_ring,0.001,R2,0,0.8824
random_lr,mean,30,fg_benzene_ring,0.001,R2,1,0.8824
random_lr,mean,30,fg_benzene_ring,0.001,R3,0,0.6275
random_lr,mean,30,fg_benzene_ring,0.001,R3,1,0.6275
random_lr,mean,30,fg_benzene_ring,0.001,R4,0,0.7059
random_lr,mean,30,fg_benzene_ring,0.001,R4,1,0.7059
random_lr,mean,30,fg_benzene_ring,0.001,R5,0,0.4706
random_lr,mean,30,fg_benzene_ring,0.001,R5,1,0.4706
random_lr,mean,30,fg_benzene_ring,0.001,R6,0,0.4118
random_lr,mean,30,fg_benzene_ring,0.001,R6,1,0.4118
random_lr,mean,30,fg_benzene_ring,0.001,R8,0,0.5882
random_lr,mean,30,fg_benzene_ring,0.001,R8,1,0.5882
random_lr,mean,30,fg_benzene_ring,0.001,R9,0,0.6078
random_lr,mean,30,fg_benzene_ring,0.001,R9,1,0.6078
random_lr,mean,30,fg_pyrrole_ring,0.001,qm9s_val,0,0.8014
random_lr,mean,30,fg_pyrrole_ring,0.001,R0,0,0.7855
random_lr,mean,30,fg_pyrrole_ring,0.001,R2,0,0.6842
random_lr,mean,30,fg_pyrrole_ring,0.001,R2,1,0.6842
random_lr,mean,30,fg_pyrrole_ring,0.001,R3,0,1.0
random_lr,mean,30,fg_pyrrole_ring,0.001,R3,1,1.0
random_lr,mean,30,fg_pyrrole_ring,0.001,R4,0,1.0
random_lr,mean,30,fg_pyrrole_ring,0.001,R4,1,1.0
random_lr,mean,30,fg_pyrrole_ring,0.001,R5,0,0.0526
random_lr,mean,30,fg_pyrrole_ring,0.001,R5,1,0.0526
random_lr,mean,30,fg_pyrrole_ring,0.001,R6,0,0.2105
random_lr,mean,30,fg_pyrrole_ring,0.001,R6,1,0.2105
random_lr,mean,30,fg_pyrrole_ring,0.001,R8,0,0.7895
random_lr,mean,30,fg_pyrrole_ring,0.001,R8,1,0.7895
random_lr,mean,30,fg_pyrrole_ring,0.001,R9,0,1.0
random_lr,mean,30,fg_pyrrole_ring,0.001,R9,1,1.0
random_lr,mean,30,fg_imidazole_ring,0.001,qm9s_val,0,0.8841
random_lr,mean,30,fg_imidazole_ring,0.001,R0,0,0.8475
random_lr,mean,30,fg_imidazole_ring,0.001,R2,0,0.3158
random_lr,mean,30,fg_imidazole_ring,0.001,R2,1,0.3158
random_lr,mean,30,fg_imidazole_ring,0.001,R3,0,1.0
random_lr,mean,30,fg_imidazole_ring,0.001,R3,1,1.0
random_lr,mean,30,fg_imidazole_ring,0.001,R4,0,0.9474
random_lr,mean,30,fg_imidazole_ring,0.001,R4,1,0.9474
random_lr,mean,30,fg_imidazole_ring,0.001,R5,0,0.6842
random_lr,mean,30,fg_imidazole_ring,0.001,R5,1,0.6842
random_lr,mean,30,fg_imidazole_ring,0.001,R6,0,0.3158
random_lr,mean,30,fg_imidazole_ring,0.001,R6,1,0.3158
random_lr,mean,30,fg_imidazole_ring,0.001,R8,0,0.6842
random_lr,mean,30,fg_imidazole_ring,0.001,R8,1,0.6842
random_lr,mean,30,fg_imidazole_ring,0.001,R9,0,0.5263
random_lr,mean,30,fg_imidazole_ring,0.001,R9,1,0.5263
random_mm,mean,30,fg_primary_amine,,qm9s_val,0,0.6251
random_mm,mean,30,fg_primary_amine,,R0,0,0.59
random_mm,mean,30,fg_primary_amine,,R2,0,0.8421
random_mm,mean,30,fg_primary_amine,,R2,1,0.8421
random_mm,mean,30,fg_primary_amine,,R3,0,0.5263
random_mm,mean,30,fg_primary_amine,,R3,1,0.5263
random_mm,mean,30,fg_primary_amine,,R4,0,0.4737
random_mm,mean,30,fg_primary_amine,,R4,1,0.4737
random_mm,mean,30,fg_primary_amine,,R5,0,0.3158
random_mm,mean,30,fg_primary_amine,,R5,1,0.3158
random_mm,mean,30,fg_primary_amine,,R6,0,0.3684
random_mm,mean,30,fg_primary_amine,,R6,1,0.3684
random_mm,mean,30,fg_primary_amine,,R8,0,0.1579
random_mm,mean,30,fg_primary_amine,,R8,1,0.1579
random_mm,mean,30,fg_primary_amine,,R9,0,0.7368
random_mm,mean,30,fg_primary_amine,,R9,1,0.7368
random_mm,mean,30,fg_secondary_amine,,qm9s_val,0,0.639
random_mm,mean,30,fg_secondary_amine,,R0,0,0.6434
random_mm,mean,30,fg_secondary_amine,,R2,0,0.7368
random_mm,mean,30,fg_secondary_amine,,R2,1,0.7368
random_mm,mean,30,fg_secondary_amine,,R3,0,0.3158
random_mm,mean,30,fg_secondary_amine,,R3,1,0.3158
random_mm,mean,30,fg_secondary_amine,,R4,0,0.8421
random_mm,mean,30,fg_secondary_amine,,R4,1,0.8421
random_mm,mean,30,fg_secondary_amine,,R5,0,0.8947
random_mm,mean,30,fg_secondary_amine,,R5,1,0.8947
random_mm,mean,30,fg_secondary_amine,,R6,0,0.1579
random_mm,mean,30,fg_secondary_amine,,R6,1,0.1579
random_mm,mean,30,fg_secondary_amine,,R8,0,0.7895
random_mm,mean,30,fg_secondary_amine,,R8,1,0.7895
random_mm,mean,30,fg_secondary_amine,,R9,0,0.2105
random_mm,mean,30,fg_secondary_amine,,R9,1,0.2105
random_mm,mean,30,fg_amide,,qm9s_val,0,0.6479
random_mm,mean,30,fg_amide,,R0,0,0.5972
random_mm,mean,30,fg_amide,,R2,0,0.1389
random_mm,mean,30,fg_amide,,R2,1,0.1389
random_mm,mean,30,fg_amide,,R3,0,0.3333
random_mm,mean,30,fg_amide,,R3,1,0.3333
random_mm,mean,30,fg_amide,,R4,0,0.6667
random_mm,mean,30,fg_amide,,R4,1,0.6667
random_mm,mean,30,fg_amide,,R5,0,0.8611
random_mm,mean,30,fg_amide,,R5,1,0.8611
random_mm,mean,30,fg_amide,,R6,0,0.8056
random_mm,mean,30,fg_amide,,R6,1,0.8056
random_mm,mean,30,fg_amide,,R8,0,0.3889
random_mm,mean,30,fg_amide,,R8,1,0.3889
random_mm,mean,30,fg_amide,,R9,0,0.6389
random_mm,mean,30,fg_amide,,R9,1,0.6389
random_mm,mean,30,fg_guanidine,,qm9s_val,0,0.7524
random_mm,mean,30,fg_guanidine,,R0,0,0.7325
random_mm,mean,30,fg_guanidine,,R2,0,0.9474
random_mm,mean,30,fg_guanidine,,R2,1,0.9474
random_mm,mean,30,fg_guanidine,,R3,0,0.3158
random_mm,mean,30,fg_guanidine,,R3,1,0.3158
random_mm,mean,30,fg_guanidine,,R4,0,0.1053
random_mm,mean,30,fg_guanidine,,R4,1,0.1053
random_mm,mean,30,fg_guanidine,,R5,0,0.0526
random_mm,mean,30,fg_guanidine,,R5,1,0.0526
random_mm,mean,30,fg_guanidine,,R6,0,0.0526
random_mm,mean,30,fg_guanidine,,R6,1,0.0526
random_mm,mean,30,fg_guanidine,,R8,0,0.5263
random_mm,mean,30,fg_guanidine,,R8,1,0.5263
random_mm,mean,30,fg_guanidine,,R9,0,0.4211
random_mm,mean,30,fg_guanidine,,R9,1,0.4211
random_mm,mean,30,fg_hydroxyl_aliphatic,,qm9s_val,0,0.6151
random_mm,mean,30,fg_hydroxyl_aliphatic,,R0,0,0.6352
random_mm,mean,30,fg_hydroxyl_aliphatic,,R2,0,0.6111
random_mm,mean,30,fg_hydroxyl_aliphatic,,R2,1,0.6111
random_mm,mean,30,fg_hydroxyl_aliphatic,,R3,0,0.4722
random_mm,mean,30,fg_hydroxyl_aliphatic,,R3,1,0.4722
random_mm,mean,30,fg_hydroxyl_aliphatic,,R4,0,0.6667
random_mm,mean,30,fg_hydroxyl_aliphatic,,R4,1,0.6667
random_mm,mean,30,fg_hydroxyl_aliphatic,,R5,0,0.4444
random_mm,mean,30,fg_hydroxyl_aliphatic,,R5,1,0.4444
random_mm,mean,30,fg_hydroxyl_aliphatic,,R6,0,0.6944
random_mm,mean,30,fg_hydroxyl_aliphatic,,R6,1,0.6944
random_mm,mean,30,fg_hydroxyl_aliphatic,,R8,0,0.8611
random_mm,mean,30,fg_hydroxyl_aliphatic,,R8,1,0.8611
random_mm,mean,30,fg_hydroxyl_aliphatic,,R9,0,0.5556
random_mm,mean,30,fg_hydroxyl_aliphatic,,R9,1,0.5556
random_mm,mean,30,fg_phenol,,qm9s_val,0,0.8193
random_mm,mean,30,fg_phenol,,R0,0,0.7889
random_mm,mean,30,fg_phenol,,R2,0,0.7895
random_mm,mean,30,fg_phenol,,R2,1,0.7895
random_mm,mean,30,fg_phenol,,R3,0,0.6316
random_mm,mean,30,fg_phenol,,R3,1,0.6316
random_mm,mean,30,fg_phenol,,R4,0,0.8421
random_mm,mean,30,fg_phenol,,R4,1,0.8421
random_mm,mean,30,fg_phenol,,R5,0,0.6316
random_mm,mean,30,fg_phenol,,R5,1,0.6316
random_mm,mean,30,fg_phenol,,R6,0,0.4211
random_mm,mean,30,fg_phenol,,R6,1,0.4211
random_mm,mean,30,fg_phenol,,R8,0,0.0526
random_mm,mean,30,fg_phenol,,R8,1,0.0526
random_mm,mean,30,fg_phenol,,R9,0,0.1579
random_mm,mean,30,fg_phenol,,R9,1,0.1579
random_mm,mean,30,fg_aromatic_ring,,qm9s_val,0,0.8625
random_mm,mean,30,fg_aromatic_ring,,R0,0,0.8632
random_mm,mean,30,fg_aromatic_ring,,R2,0,0.6562
random_mm,mean,30,fg_aromatic_ring,,R2,1,0.6562
random_mm,mean,30,fg_aromatic_ring,,R3,0,0.8438
random_mm,mean,30,fg_aromatic_ring,,R3,1,0.8438
random_mm,mean,30,fg_aromatic_ring,,R4,0,0.7969
random_mm,mean,30,fg_aromatic_ring,,R4,1,0.7969
random_mm,mean,30,fg_aromatic_ring,,R5,0,0.5625
random_mm,mean,30,fg_aromatic_ring,,R5,1,0.5625
random_mm,mean,30,fg_aromatic_ring,,R6,0,0.5156
random_mm,mean,30,fg_aromatic_ring,,R6,1,0.5156
random_mm,mean,30,fg_aromatic_ring,,R8,0,0.6406
random_mm,mean,30,fg_aromatic_ring,,R8,1,0.6406
random_mm,mean,30,fg_aromatic_ring,,R9,0,0.6562
random_mm,mean,30,fg_aromatic_ring,,R9,1,0.6562
random_mm,mean,30,fg_benzene_ring,,qm9s_val,0,0.8457
random_mm,mean,30,fg_benzene_ring,,R0,0,0.826
random_mm,mean,30,fg_benzene_ring,,R2,0,0.7647
random_mm,mean,30,fg_benzene_ring,,R2,1,0.7647
random_mm,mean,30,fg_benzene_ring,,R3,0,0.549
random_mm,mean,30,fg_benzene_ring,,R3,1,0.549
random_mm,mean,30,fg_benzene_ring,,R4,0,0.6275
random_mm,mean,30,fg_benzene_ring,,R4,1,0.6275
random_mm,mean,30,fg_benzene_ring,,R5,0,0.451
random_mm,mean,30,fg_benzene_ring,,R5,1,0.451
random_mm,mean,30,fg_benzene_ring,,R6,0,0.3922
random_mm,mean,30,fg_benzene_ring,,R6,1,0.3922
random_mm,mean,30,fg_benzene_ring,,R8,0,0.4118
random_mm,mean,30,fg_benzene_ring,,R8,1,0.4118
random_mm,mean,30,fg_benzene_ring,,R9,0,0.6275
random_mm,mean,30,fg_benzene_ring,,R9,1,0.6275
random_mm,mean,30,fg_pyrrole_ring,,qm9s_val,0,0.7728
random_mm,mean,30,fg_pyrrole_ring,,R0,0,0.7656
random_mm,mean,30,fg_pyrrole_ring,,R2,0,0.7368
random_mm,mean,30,fg_pyrrole_ring,,R2,1,0.7368
random_mm,mean,30,fg_pyrrole_ring,,R3,0,1.0
random_mm,mean,30,fg_pyrrole_ring,,R3,1,1.0
random_mm,mean,30,fg_pyrrole_ring,,R4,0,0.8947
random_mm,mean,30,fg_pyrrole_ring,,R4,1,0.8947
random_mm,mean,30,fg_pyrrole_ring,,R5,0,0.1579
random_mm,mean,30,fg_pyrrole_ring,,R5,1,0.1579
random_mm,mean,30,fg_pyrrole_ring,,R6,0,0.4737
random_mm,mean,30,fg_pyrrole_ring,,R6,1,0.4737
random_mm,mean,30,fg_pyrrole_ring,,R8,0,0.4211
random_mm,mean,30,fg_pyrrole_ring,,R8,1,0.4211
random_mm,mean,30,fg_pyrrole_ring,,R9,0,0.8947
random_mm,mean,30,fg_pyrrole_ring,,R9,1,0.8421
random_mm,mean,30,fg_imidazole_ring,,qm9s_val,0,0.8245
random_mm,mean,30,fg_imidazole_ring,,R0,0,0.8337
random_mm,mean,30,fg_imidazole_ring,,R2,0,0.6316
random_mm,mean,30,fg_imidazole_ring,,R2,1,0.6316
random_mm,mean,30,fg_imidazole_ring,,R3,0,1.0
random_mm,mean,30,fg_imidazole_ring,,R3,1,1.0
random_mm,mean,30,fg_imidazole_ring,,R4,0,0.6316
random_mm,mean,30,fg_imidazole_ring,,R4,1,0.6316
random_mm,mean,30,fg_imidazole_ring,,R5,0,0.6842
random_mm,mean,30,fg_imidazole_ring,,R5,1,0.6842
random_mm,mean,30,fg_imidazole_ring,,R6,0,0.1579
random_mm,mean,30,fg_imidazole_ring,,R6,1,0.1579
random_mm,mean,30,fg_imidazole_ring,,R8,0,0.7895
random_mm,mean,30,fg_imidazole_ring,,R8,1,0.7895
random_mm,mean,30,fg_imidazole_ring,,R9,0,0.7895
random_mm,mean,30,fg_imidazole_ring,,R9,1,0.7895
random_lr,mean,33,fg_primary_amine,0.001,qm9s_val,0,0.6116
random_lr,mean,33,fg_primary_amine,0.001,R0,0,0.6177
random_lr,mean,33,fg_primary_amine,0.001,R2,0,0.5789
random_lr,mean,33,fg_primary_amine,0.001,R2,1,0.5789
random_lr,mean,33,fg_primary_amine,0.001,R3,0,0.8421
random_lr,mean,33,fg_primary_amine,0.001,R3,1,0.8421
random_lr,mean,33,fg_primary_amine,0.001,R4,0,0.5789
random_lr,mean,33,fg_primary_amine,0.001,R4,1,0.5789
random_lr,mean,33,fg_primary_amine,0.001,R5,0,0.2632
random_lr,mean,33,fg_primary_amine,0.001,R5,1,0.2632
random_lr,mean,33,fg_primary_amine,0.001,R6,0,0.7368
random_lr,mean,33,fg_primary_amine,0.001,R6,1,0.7368
random_lr,mean,33,fg_primary_amine,0.001,R8,0,0.1053
random_lr,mean,33,fg_primary_amine,0.001,R8,1,0.1053
random_lr,mean,33,fg_primary_amine,0.001,R9,0,0.4737
random_lr,mean,33,fg_primary_amine,0.001,R9,1,0.4737
random_lr,mean,33,fg_secondary_amine,0.001,qm9s_val,0,0.6363
random_lr,mean,33,fg_secondary_amine,0.001,R0,0,0.6344
random_lr,mean,33,fg_secondary_amine,0.001,R2,0,0.7895
random_lr,mean,33,fg_secondary_amine,0.001,R2,1,0.7895
random_lr,mean,33,fg_secondary_amine,0.001,R3,0,0.3158
random_lr,mean,33,fg_secondary_amine,0.001,R3,1,0.3158
random_lr,mean,33,fg_secondary_amine,0.001,R4,0,0.6316
random_lr,mean,33,fg_secondary_amine,0.001,R4,1,0.6316
random_lr,mean,33,fg_secondary_amine,0.001,R5,0,0.8421
random_lr,mean,33,fg_secondary_amine,0.001,R5,1,0.8421
random_lr,mean,33,fg_secondary_amine,0.001,R6,0,0.2105
random_lr,mean,33,fg_secondary_amine,0.001,R6,1,0.2105
random_lr,mean,33,fg_secondary_amine,0.001,R8,0,0.3158
random_lr,mean,33,fg_secondary_amine,0.001,R8,1,0.3158
random_lr,mean,33,fg_secondary_amine,0.001,R9,0,0.1053
random_lr,mean,33,fg_secondary_amine,0.001,R9,1,0.1053
random_lr,mean,33,fg_amide,0.001,qm9s_val,0,0.7143
random_lr,mean,33,fg_amide,0.001,R0,0,0.6694
random_lr,mean,33,fg_amide,0.001,R2,0,0.5556
random_lr,mean,33,fg_amide,0.001,R2,1,0.5556
random_lr,mean,33,fg_amide,0.001,R3,0,0.9167
random_lr,mean,33,fg_amide,0.001,R3,1,0.9167
random_lr,mean,33,fg_amide,0.001,R4,0,0.8889
random_lr,mean,33,fg_amide,0.001,R4,1,0.8889
random_lr,mean,33,fg_amide,0.001,R5,0,0.5833
random_lr,mean,33,fg_amide,0.001,R5,1,0.5833
random_lr,mean,33,fg_amide,0.001,R6,0,0.4722
random_lr,mean,33,fg_amide,0.001,R6,1,0.4722
random_lr,mean,33,fg_amide,0.001,R8,0,0.6389
random_lr,mean,33,fg_amide,0.001,R8,1,0.6389
random_lr,mean,33,fg_amide,0.001,R9,0,0.7778
random_lr,mean,33,fg_amide,0.001,R9,1,0.7778
random_lr,mean,33,fg_guanidine,0.001,qm9s_val,0,0.8213
random_lr,mean,33,fg_guanidine,0.001,R0,0,0.8448
random_lr,mean,33,fg_guanidine,0.001,R2,0,0.8947
random_lr,mean,33,fg_guanidine,0.001,R2,1,0.8947
random_lr,mean,33,fg_guanidine,0.001,R3,0,0.4211
random_lr,mean,33,fg_guanidine,0.001,R3,1,0.4211
random_lr,mean,33,fg_guanidine,0.001,R4,0,0.5789
random_lr,mean,33,fg_guanidine,0.001,R4,1,0.5789
random_lr,mean,33,fg_guanidine,0.001,R5,0,0.2632
random_lr,mean,33,fg_guanidine,0.001,R5,1,0.2632
random_lr,mean,33,fg_guanidine,0.001,R6,0,0.6842
random_lr,mean,33,fg_guanidine,0.001,R6,1,0.6842
random_lr,mean,33,fg_guanidine,0.001,R8,0,0.7368
random_lr,mean,33,fg_guanidine,0.001,R8,1,0.7368
random_lr,mean,33,fg_guanidine,0.001,R9,0,0.1579
random_lr,mean,33,fg_guanidine,0.001,R9,1,0.1579
random_lr,mean,33,fg_hydroxyl_aliphatic,0.001,qm9s_val,0,0.6306
random_lr,mean,33,fg_hydroxyl_aliphatic,0.001,R0,0,0.6397
random_lr,mean,33,fg_hydroxyl_aliphatic,0.001,R2,0,0.8056
random_lr,mean,33,fg_hydroxyl_aliphatic,0.001,R2,1,0.8056
random_lr,mean,33,fg_hydroxyl_aliphatic,0.001,R3,0,0.4444
random_lr,mean,33,fg_hydroxyl_aliphatic,0.001,R3,1,0.4444
random_lr,mean,33,fg_hydroxyl_aliphatic,0.001,R4,0,0.75
random_lr,mean,33,fg_hydroxyl_aliphatic,0.001,R4,1,0.75
random_lr,mean,33,fg_hydroxyl_aliphatic,0.001,R5,0,0.6389
random_lr,mean,33,fg_hydroxyl_aliphatic,0.001,R5,1,0.6389
random_lr,mean,33,fg_hydroxyl_aliphatic,0.001,R6,0,0.6944
random_lr,mean,33,fg_hydroxyl_aliphatic,0.001,R6,1,0.6944
random_lr,mean,33,fg_hydroxyl_aliphatic,0.001,R8,0,0.2778
random_lr,mean,33,fg_hydroxyl_aliphatic,0.001,R8,1,0.2778
random_lr,mean,33,fg_hydroxyl_aliphatic,0.001,R9,0,0.5556
random_lr,mean,33,fg_hydroxyl_aliphatic,0.001,R9,1,0.5833
random_lr,mean,33,fg_phenol,0.001,qm9s_val,0,0.8602
random_lr,mean,33,fg_phenol,0.001,R0,0,0.8408
random_lr,mean,33,fg_phenol,0.001,R2,0,0.1579
random_lr,mean,33,fg_phenol,0.001,R2,1,0.1579
random_lr,mean,33,fg_phenol,0.001,R3,0,0.7368
random_lr,mean,33,fg_phenol,0.001,R3,1,0.7368
random_lr,mean,33,fg_phenol,0.001,R4,0,0.3684
random_lr,mean,33,fg_phenol,0.001,R4,1,0.3684
random_lr,mean,33,fg_phenol,0.001,R5,0,0.6842
random_lr,mean,33,fg_phenol,0.001,R5,1,0.6842
random_lr,mean,33,fg_phenol,0.001,R6,0,0.4737
random_lr,mean,33,fg_phenol,0.001,R6,1,0.4737
random_lr,mean,33,fg_phenol,0.001,R8,0,0.0
random_lr,mean,33,fg_phenol,0.001,R8,1,0.0
random_lr,mean,33,fg_phenol,0.001,R9,0,0.0526
random_lr,mean,33,fg_phenol,0.001,R9,1,0.0526
random_lr,mean,33,fg_aromatic_ring,0.001,qm9s_val,0,0.9186
random_lr,mean,33,fg_aromatic_ring,0.001,R0,0,0.9168
random_lr,mean,33,fg_aromatic_ring,0.001,R2,0,0.7344
random_lr,mean,33,fg_aromatic_ring,0.001,R2,1,0.7344
random_lr,mean,33,fg_aromatic_ring,0.001,R3,0,0.9062
random_lr,mean,33,fg_aromatic_ring,0.001,R3,1,0.9062
random_lr,mean,33,fg_aromatic_ring,0.001,R4,0,0.75
random_lr,mean,33,fg_aromatic_ring,0.001,R4,1,0.75
random_lr,mean,33,fg_aromatic_ring,0.001,R5,0,0.625
random_lr,mean,33,fg_aromatic_ring,0.001,R5,1,0.625
random_lr,mean,33,fg_aromatic_ring,0.001,R6,0,0.4531
random_lr,mean,33,fg_aromatic_ring,0.001,R6,1,0.4531
random_lr,mean,33,fg_aromatic_ring,0.001,R8,0,0.6094
random_lr,mean,33,fg_aromatic_ring,0.001,R8,1,0.6094
random_lr,mean,33,fg_aromatic_ring,0.001,R9,0,0.5469
random_lr,mean,33,fg_aromatic_ring,0.001,R9,1,0.5156
random_lr,mean,33,fg_benzene_ring,0.001,qm9s_val,0,0.8883
random_lr,mean,33,fg_benzene_ring,0.001,R0,0,0.8882
random_lr,mean,33,fg_benzene_ring,0.001,R2,0,0.8824
random_lr,mean,33,fg_benzene_ring,0.001,R2,1,0.8824
random_lr,mean,33,fg_benzene_ring,0.001,R3,0,0.6667
random_lr,mean,33,fg_benzene_ring,0.001,R3,1,0.6667
random_lr,mean,33,fg_benzene_ring,0.001,R4,0,0.7059
random_lr,mean,33,fg_benzene_ring,0.001,R4,1,0.7059
random_lr,mean,33,fg_benzene_ring,0.001,R5,0,0.4902
random_lr,mean,33,fg_benzene_ring,0.001,R5,1,0.4902
random_lr,mean,33,fg_benzene_ring,0.001,R6,0,0.451
random_lr,mean,33,fg_benzene_ring,0.001,R6,1,0.451
random_lr,mean,33,fg_benzene_ring,0.001,R8,0,0.549
random_lr,mean,33,fg_benzene_ring,0.001,R8,1,0.549
random_lr,mean,33,fg_benzene_ring,0.001,R9,0,0.6078
random_lr,mean,33,fg_benzene_ring,0.001,R9,1,0.6078
random_lr,mean,33,fg_pyrrole_ring,0.001,qm9s_val,0,0.8008
random_lr,mean,33,fg_pyrrole_ring,0.001,R0,0,0.7864
random_lr,mean,33,fg_pyrrole_ring,0.001,R2,0,0.6316
random_lr,mean,33,fg_pyrrole_ring,0.001,R2,1,0.6316
random_lr,mean,33,fg_pyrrole_ring,0.001,R3,0,1.0
random_lr,mean,33,fg_pyrrole_ring,0.001,R3,1,1.0
random_lr,mean,33,fg_pyrrole_ring,0.001,R4,0,1.0
random_lr,mean,33,fg_pyrrole_ring,0.001,R4,1,1.0
random_lr,mean,33,fg_pyrrole_ring,0.001,R5,0,0.0526
random_lr,mean,33,fg_pyrrole_ring,0.001,R5,1,0.0526
random_lr,mean,33,fg_pyrrole_ring,0.001,R6,0,0.2105
random_lr,mean,33,fg_pyrrole_ring,0.001,R6,1,0.2105
random_lr,mean,33,fg_pyrrole_ring,0.001,R8,0,0.8947
random_lr,mean,33,fg_pyrrole_ring,0.001,R8,1,0.8947
random_lr,mean,33,fg_pyrrole_ring,0.001,R9,0,1.0
random_lr,mean,33,fg_pyrrole_ring,0.001,R9,1,1.0
random_lr,mean,33,fg_imidazole_ring,0.001,qm9s_val,0,0.8861
random_lr,mean,33,fg_imidazole_ring,0.001,R0,0,0.8475
random_lr,mean,33,fg_imidazole_ring,0.001,R2,0,0.4737
random_lr,mean,33,fg_imidazole_ring,0.001,R2,1,0.4737
random_lr,mean,33,fg_imidazole_ring,0.001,R3,0,1.0
random_lr,mean,33,fg_imidazole_ring,0.001,R3,1,1.0
random_lr,mean,33,fg_imidazole_ring,0.001,R4,0,0.9474
random_lr,mean,33,fg_imidazole_ring,0.001,R4,1,0.9474
random_lr,mean,33,fg_imidazole_ring,0.001,R5,0,0.6842
random_lr,mean,33,fg_imidazole_ring,0.001,R5,1,0.6842
random_lr,mean,33,fg_imidazole_ring,0.001,R6,0,0.1579
random_lr,mean,33,fg_imidazole_ring,0.001,R6,1,0.1579
random_lr,mean,33,fg_imidazole_ring,0.001,R8,0,0.6316
random_lr,mean,33,fg_imidazole_ring,0.001,R8,1,0.6316
random_lr,mean,33,fg_imidazole_ring,0.001,R9,0,0.5263
random_lr,mean,33,fg_imidazole_ring,0.001,R9,1,0.5263
random_mm,mean,33,fg_primary_amine,,qm9s_val,0,0.6219
random_mm,mean,33,fg_primary_amine,,R0,0,0.5917
random_mm,mean,33,fg_primary_amine,,R2,0,0.8421
random_mm,mean,33,fg_primary_amine,,R2,1,0.8421
random_mm,mean,33,fg_primary_amine,,R3,0,0.5263
random_mm,mean,33,fg_primary_amine,,R3,1,0.5263
random_mm,mean,33,fg_primary_amine,,R4,0,0.4737
random_mm,mean,33,fg_primary_amine,,R4,1,0.4737
random_mm,mean,33,fg_primary_amine,,R5,0,0.3158
random_mm,mean,33,fg_primary_amine,,R5,1,0.3158
random_mm,mean,33,fg_primary_amine,,R6,0,0.3684
random_mm,mean,33,fg_primary_amine,,R6,1,0.3684
random_mm,mean,33,fg_primary_amine,,R8,0,0.1579
random_mm,mean,33,fg_primary_amine,,R8,1,0.1579
random_mm,mean,33,fg_primary_amine,,R9,0,0.7368
random_mm,mean,33,fg_primary_amine,,R9,1,0.7368
random_mm,mean,33,fg_secondary_amine,,qm9s_val,0,0.639
random_mm,mean,33,fg_secondary_amine,,R0,0,0.6434
random_mm,mean,33,fg_secondary_amine,,R2,0,0.7368
random_mm,mean,33,fg_secondary_amine,,R2,1,0.7368
random_mm,mean,33,fg_secondary_amine,,R3,0,0.3158
random_mm,mean,33,fg_secondary_amine,,R3,1,0.3158
random_mm,mean,33,fg_secondary_amine,,R4,0,0.8421
random_mm,mean,33,fg_secondary_amine,,R4,1,0.8421
random_mm,mean,33,fg_secondary_amine,,R5,0,0.8947
random_mm,mean,33,fg_secondary_amine,,R5,1,0.8947
random_mm,mean,33,fg_secondary_amine,,R6,0,0.1579
random_mm,mean,33,fg_secondary_amine,,R6,1,0.1579
random_mm,mean,33,fg_secondary_amine,,R8,0,0.7895
random_mm,mean,33,fg_secondary_amine,,R8,1,0.7895
random_mm,mean,33,fg_secondary_amine,,R9,0,0.2105
random_mm,mean,33,fg_secondary_amine,,R9,1,0.2105
random_mm,mean,33,fg_amide,,qm9s_val,0,0.6483
random_mm,mean,33,fg_amide,,R0,0,0.5982
random_mm,mean,33,fg_amide,,R2,0,0.1389
random_mm,mean,33,fg_amide,,R2,1,0.1389
random_mm,mean,33,fg_amide,,R3,0,0.3056
random_mm,mean,33,fg_amide,,R3,1,0.3056
random_mm,mean,33,fg_amide,,R4,0,0.6667
random_mm,mean,33,fg_amide,,R4,1,0.6667
random_mm,mean,33,fg_amide,,R5,0,0.8611
random_mm,mean,33,fg_amide,,R5,1,0.8611
random_mm,mean,33,fg_amide,,R6,0,0.8056
random_mm,mean,33,fg_amide,,R6,1,0.8056
random_mm,mean,33,fg_amide,,R8,0,0.3889
random_mm,mean,33,fg_amide,,R8,1,0.3889
random_mm,mean,33,fg_amide,,R9,0,0.6389
random_mm,mean,33,fg_amide,,R9,1,0.6389
random_mm,mean,33,fg_guanidine,,qm9s_val,0,0.7517
random_mm,mean,33,fg_guanidine,,R0,0,0.7318
random_mm,mean,33,fg_guanidine,,R2,0,0.9474
random_mm,mean,33,fg_guanidine,,R2,1,0.9474
random_mm,mean,33,fg_guanidine,,R3,0,0.3158
random_mm,mean,33,fg_guanidine,,R3,1,0.3158
random_mm,mean,33,fg_guanidine,,R4,0,0.1053
random_mm,mean,33,fg_guanidine,,R4,1,0.1053
random_mm,mean,33,fg_guanidine,,R5,0,0.0526
random_mm,mean,33,fg_guanidine,,R5,1,0.0526
random_mm,mean,33,fg_guanidine,,R6,0,0.0526
random_mm,mean,33,fg_guanidine,,R6,1,0.0526
random_mm,mean,33,fg_guanidine,,R8,0,0.5263
random_mm,mean,33,fg_guanidine,,R8,1,0.5263
random_mm,mean,33,fg_guanidine,,R9,0,0.4211
random_mm,mean,33,fg_guanidine,,R9,1,0.3684
random_mm,mean,33,fg_hydroxyl_aliphatic,,qm9s_val,0,0.6149
random_mm,mean,33,fg_hydroxyl_aliphatic,,R0,0,0.6344
random_mm,mean,33,fg_hydroxyl_aliphatic,,R2,0,0.6111
random_mm,mean,33,fg_hydroxyl_aliphatic,,R2,1,0.6111
random_mm,mean,33,fg_hydroxyl_aliphatic,,R3,0,0.4722
random_mm,mean,33,fg_hydroxyl_aliphatic,,R3,1,0.4722
random_mm,mean,33,fg_hydroxyl_aliphatic,,R4,0,0.6667
random_mm,mean,33,fg_hydroxyl_aliphatic,,R4,1,0.6667
random_mm,mean,33,fg_hydroxyl_aliphatic,,R5,0,0.3889
random_mm,mean,33,fg_hydroxyl_aliphatic,,R5,1,0.3889
random_mm,mean,33,fg_hydroxyl_aliphatic,,R6,0,0.6944
random_mm,mean,33,fg_hydroxyl_aliphatic,,R6,1,0.6944
random_mm,mean,33,fg_hydroxyl_aliphatic,,R8,0,0.8611
random_mm,mean,33,fg_hydroxyl_aliphatic,,R8,1,0.8611
random_mm,mean,33,fg_hydroxyl_aliphatic,,R9,0,0.5833
random_mm,mean,33,fg_hydroxyl_aliphatic,,R9,1,0.5833
random_mm,mean,33,fg_phenol,,qm9s_val,0,0.8194
random_mm,mean,33,fg_phenol,,R0,0,0.7887
random_mm,mean,33,fg_phenol,,R2,0,0.7895
random_mm,mean,33,fg_phenol,,R2,1,0.7895
random_mm,mean,33,fg_phenol,,R3,0,0.6316
random_mm,mean,33,fg_phenol,,R3,1,0.6316
random_mm,mean,33,fg_phenol,,R4,0,0.8421
random_mm,mean,33,fg_phenol,,R4,1,0.8421
random_mm,mean,33,fg_phenol,,R5,0,0.6316
random_mm,mean,33,fg_phenol,,R5,1,0.6316
random_mm,mean,33,fg_phenol,,R6,0,0.3684
random_mm,mean,33,fg_phenol,,R6,1,0.3684
random_mm,mean,33,fg_phenol,,R8,0,0.0526
random_mm,mean,33,fg_phenol,,R8,1,0.0526
random_mm,mean,33,fg_phenol,,R9,0,0.1579
random_mm,mean,33,fg_phenol,,R9,1,0.1579
random_mm,mean,33,fg_aromatic_ring,,qm9s_val,0,0.8624
random_mm,mean,33,fg_aromatic_ring,,R0,0,0.8635
random_mm,mean,33,fg_aromatic_ring,,R2,0,0.6562
random_mm,mean,33,fg_aromatic_ring,,R2,1,0.6562
random_mm,mean,33,fg_aromatic_ring,,R3,0,0.8281
random_mm,mean,33,fg_aromatic_ring,,R3,1,0.8281
random_mm,mean,33,fg_aromatic_ring,,R4,0,0.7969
random_mm,mean,33,fg_aromatic_ring,,R4,1,0.7969
random_mm,mean,33,fg_aromatic_ring,,R5,0,0.5781
random_mm,mean,33,fg_aromatic_ring,,R5,1,0.5781
random_mm,mean,33,fg_aromatic_ring,,R6,0,0.5156
random_mm,mean,33,fg_aromatic_ring,,R6,1,0.5156
random_mm,mean,33,fg_aromatic_ring,,R8,0,0.6406
random_mm,mean,33,fg_aromatic_ring,,R8,1,0.6406
random_mm,mean,33,fg_aromatic_ring,,R9,0,0.6562
random_mm,mean,33,fg_aromatic_ring,,R9,1,0.6562
random_mm,mean,33,fg_benzene_ring,,qm9s_val,0,0.8439
random_mm,mean,33,fg_benzene_ring,,R0,0,0.8259
random_mm,mean,33,fg_benzene_ring,,R2,0,0.7647
random_mm,mean,33,fg_benzene_ring,,R2,1,0.7647
random_mm,mean,33,fg_benzene_ring,,R3,0,0.549
random_mm,mean,33,fg_benzene_ring,,R3,1,0.549
random_mm,mean,33,fg_benzene_ring,,R4,0,0.6667
random_mm,mean,33,fg_benzene_ring,,R4,1,0.6667
random_mm,mean,33,fg_benzene_ring,,R5,0,0.451
random_mm,mean,33,fg_benzene_ring,,R5,1,0.451
random_mm,mean,33,fg_benzene_ring,,R6,0,0.3922
random_mm,mean,33,fg_benzene_ring,,R6,1,0.3922
random_mm,mean,33,fg_benzene_ring,,R8,0,0.4118
random_mm,mean,33,fg_benzene_ring,,R8,1,0.4118
random_mm,mean,33,fg_benzene_ring,,R9,0,0.6275
random_mm,mean,33,fg_benzene_ring,,R9,1,0.6275
random_mm,mean,33,fg_pyrrole_ring,,qm9s_val,0,0.7723
random_mm,mean,33,fg_pyrrole_ring,,R0,0,0.7657
random_mm,mean,33,fg_pyrrole_ring,,R2,0,0.7368
random_mm,mean,33,fg_pyrrole_ring,,R2,1,0.7368
random_mm,mean,33,fg_pyrrole_ring,,R3,0,1.0
random_mm,mean,33,fg_pyrrole_ring,,R3,1,1.0
random_mm,mean,33,fg_pyrrole_ring,,R4,0,0.8947
random_mm,mean,33,fg_pyrrole_ring,,R4,1,0.8947
random_mm,mean,33,fg_pyrrole_ring,,R5,0,0.1579
random_mm,mean,33,fg_pyrrole_ring,,R5,1,0.1579
random_mm,mean,33,fg_pyrrole_ring,,R6,0,0.4737
random_mm,mean,33,fg_pyrrole_ring,,R6,1,0.4737
random_mm,mean,33,fg_pyrrole_ring,,R8,0,0.4211
random_mm,mean,33,fg_pyrrole_ring,,R8,1,0.4211
random_mm,mean,33,fg_pyrrole_ring,,R9,0,0.8947
random_mm,mean,33,fg_pyrrole_ring,,R9,1,0.8421
random_mm,mean,33,fg_imidazole_ring,,qm9s_val,0,0.8246
random_mm,mean,33,fg_imidazole_ring,,R0,0,0.8336
random_mm,mean,33,fg_imidazole_ring,,R2,0,0.6316
random_mm,mean,33,fg_imidazole_ring,,R2,1,0.6316
random_mm,mean,33,fg_imidazole_ring,,R3,0,1.0
random_mm,mean,33,fg_imidazole_ring,,R3,1,1.0
random_mm,mean,33,fg_imidazole_ring,,R4,0,0.6842
random_mm,mean,33,fg_imidazole_ring,,R4,1,0.6842
random_mm,mean,33,fg_imidazole_ring,,R5,0,0.6842
random_mm,mean,33,fg_imidazole_ring,,R5,1,0.6842
random_mm,mean,33,fg_imidazole_ring,,R6,0,0.1579
random_mm,mean,33,fg_imidazole_ring,,R6,1,0.1579
random_mm,mean,33,fg_imidazole_ring,,R8,0,0.7895
random_mm,mean,33,fg_imidazole_ring,,R8,1,0.7895
random_mm,mean,33,fg_imidazole_ring,,R9,0,0.7895
random_mm,mean,33,fg_imidazole_ring,,R9,1,0.7895
random_lr,mean,36,fg_primary_amine,0.001,qm9s_val,0,0.6377
random_lr,mean,36,fg_primary_amine,0.001,R0,0,0.6041
random_lr,mean,36,fg_primary_amine,0.001,R2,0,0.6316
random_lr,mean,36,fg_primary_amine,0.001,R2,1,0.6316
random_lr,mean,36,fg_primary_amine,0.001,R3,0,0.7895
random_lr,mean,36,fg_primary_amine,0.001,R3,1,0.7895
random_lr,mean,36,fg_primary_amine,0.001,R4,0,0.5789
random_lr,mean,36,fg_primary_amine,0.001,R4,1,0.5789
random_lr,mean,36,fg_primary_amine,0.001,R5,0,0.2632
random_lr,mean,36,fg_primary_amine,0.001,R5,1,0.2632
random_lr,mean,36,fg_primary_amine,0.001,R6,0,0.7895
random_lr,mean,36,fg_primary_amine,0.001,R6,1,0.7895
random_lr,mean,36,fg_primary_amine,0.001,R8,0,0.1053
random_lr,mean,36,fg_primary_amine,0.001,R8,1,0.1053
random_lr,mean,36,fg_primary_amine,0.001,R9,0,0.4211
random_lr,mean,36,fg_primary_amine,0.001,R9,1,0.4211
random_lr,mean,36,fg_secondary_amine,0.001,qm9s_val,0,0.6311
random_lr,mean,36,fg_secondary_amine,0.001,R0,0,0.6317
random_lr,mean,36,fg_secondary_amine,0.001,R2,0,0.7368
random_lr,mean,36,fg_secondary_amine,0.001,R2,1,0.7368
random_lr,mean,36,fg_secondary_amine,0.001,R3,0,0.3158
random_lr,mean,36,fg_secondary_amine,0.001,R3,1,0.3158
random_lr,mean,36,fg_secondary_amine,0.001,R4,0,0.6316
random_lr,mean,36,fg_secondary_amine,0.001,R4,1,0.6316
random_lr,mean,36,fg_secondary_amine,0.001,R5,0,0.4737
random_lr,mean,36,fg_secondary_amine,0.001,R5,1,0.4737
random_lr,mean,36,fg_secondary_amine,0.001,R6,0,0.1579
random_lr,mean,36,fg_secondary_amine,0.001,R6,1,0.1579
random_lr,mean,36,fg_secondary_amine,0.001,R8,0,0.3158
random_lr,mean,36,fg_secondary_amine,0.001,R8,1,0.3158
random_lr,mean,36,fg_secondary_amine,0.001,R9,0,0.1053
random_lr,mean,36,fg_secondary_amine,0.001,R9,1,0.1053
random_lr,mean,36,fg_amide,0.001,qm9s_val,0,0.7104
random_lr,mean,36,fg_amide,0.001,R0,0,0.6626
random_lr,mean,36,fg_amide,0.001,R2,0,0.5556
random_lr,mean,36,fg_amide,0.001,R2,1,0.5556
random_lr,mean,36,fg_amide,0.001,R3,0,0.9444
random_lr,mean,36,fg_amide,0.001,R3,1,0.9444
random_lr,mean,36,fg_amide,0.001,R4,0,0.8333
random_lr,mean,36,fg_amide,0.001,R4,1,0.8333
random_lr,mean,36,fg_amide,0.001,R5,0,0.6111
random_lr,mean,36,fg_amide,0.001,R5,1,0.6111
random_lr,mean,36,fg_amide,0.001,R6,0,0.4722
random_lr,mean,36,fg_amide,0.001,R6,1,0.4722
random_lr,mean,36,fg_amide,0.001,R8,0,0.6667
random_lr,mean,36,fg_amide,0.001,R8,1,0.6667
random_lr,mean,36,fg_amide,0.001,R9,0,0.8056
random_lr,mean,36,fg_amide,0.001,R9,1,0.8056
random_lr,mean,36,fg_guanidine,0.001,qm9s_val,0,0.809
random_lr,mean,36,fg_guanidine,0.001,R0,0,0.8354
random_lr,mean,36,fg_guanidine,0.001,R2,0,0.8947
random_lr,mean,36,fg_guanidine,0.001,R2,1,0.8947
random_lr,mean,36,fg_guanidine,0.001,R3,0,0.3158
random_lr,mean,36,fg_guanidine,0.001,R3,1,0.3158
random_lr,mean,36,fg_guanidine,0.001,R4,0,0.5789
random_lr,mean,36,fg_guanidine,0.001,R4,1,0.5789
random_lr,mean,36,fg_guanidine,0.001,R5,0,0.2632
random_lr,mean,36,fg_guanidine,0.001,R5,1,0.2632
random_lr,mean,36,fg_guanidine,0.001,R6,0,0.5263
random_lr,mean,36,fg_guanidine,0.001,R6,1,0.5263
random_lr,mean,36,fg_guanidine,0.001,R8,0,0.7368
random_lr,mean,36,fg_guanidine,0.001,R8,1,0.7368
random_lr,mean,36,fg_guanidine,0.001,R9,0,0.3158
random_lr,mean,36,fg_guanidine,0.001,R9,1,0.3158
random_lr,mean,36,fg_hydroxyl_aliphatic,0.001,qm9s_val,0,0.6294
random_lr,mean,36,fg_hydroxyl_aliphatic,0.001,R0,0,0.6343
random_lr,mean,36,fg_hydroxyl_aliphatic,0.001,R2,0,0.8056
random_lr,mean,36,fg_hydroxyl_aliphatic,0.001,R2,1,0.8056
random_lr,mean,36,fg_hydroxyl_aliphatic,0.001,R3,0,0.4167
random_lr,mean,36,fg_hydroxyl_aliphatic,0.001,R3,1,0.4167
random_lr,mean,36,fg_hydroxyl_aliphatic,0.001,R4,0,0.7222
random_lr,mean,36,fg_hydroxyl_aliphatic,0.001,R4,1,0.7222
random_lr,mean,36,fg_hydroxyl_aliphatic,0.001,R5,0,0.6389
random_lr,mean,36,fg_hydroxyl_aliphatic,0.001,R5,1,0.6389
random_lr,mean,36,fg_hydroxyl_aliphatic,0.001,R6,0,0.6944
random_lr,mean,36,fg_hydroxyl_aliphatic,0.001,R6,1,0.6944
random_lr,mean,36,fg_hydroxyl_aliphatic,0.001,R8,0,0.3611
random_lr,mean,36,fg_hydroxyl_aliphatic,0.001,R8,1,0.3611
random_lr,mean,36,fg_hydroxyl_aliphatic,0.001,R9,0,0.5
random_lr,mean,36,fg_hydroxyl_aliphatic,0.001,R9,1,0.5
random_lr,mean,36,fg_phenol,0.001,qm9s_val,0,0.8633
random_lr,mean,36,fg_phenol,0.001,R0,0,0.8394
random_lr,mean,36,fg_phenol,0.001,R2,0,0.1053
random_lr,mean,36,fg_phenol,0.001,R2,1,0.1053
random_lr,mean,36,fg_phenol,0.001,R3,0,0.7368
random_lr,mean,36,fg_phenol,0.001,R3,1,0.7368
random_lr,mean,36,fg_phenol,0.001,R4,0,0.2632
random_lr,mean,36,fg_phenol,0.001,R4,1,0.2632
random_lr,mean,36,fg_phenol,0.001,R5,0,0.7368
random_lr,mean,36,fg_phenol,0.001,R5,1,0.7368
random_lr,mean,36,fg_phenol,0.001,R6,0,0.5263
random_lr,mean,36,fg_phenol,0.001,R6,1,0.5263
random_lr,mean,36,fg_phenol,0.001,R8,0,0.0
random_lr,mean,36,fg_phenol,0.001,R8,1,0.0
random_lr,mean,36,fg_phenol,0.001,R9,0,0.0526
random_lr,mean,36,fg_phenol,0.001,R9,1,0.0526
random_lr,mean,36,fg_aromatic_ring,0.001,qm9s_val,0,0.9175
random_lr,mean,36,fg_aromatic_ring,0.001,R0,0,0.9166
random_lr,mean,36,fg_aromatic_ring,0.001,R2,0,0.7656
random_lr,mean,36,fg_aromatic_ring,0.001,R2,1,0.7656
random_lr,mean,36,fg_aromatic_ring,0.001,R3,0,0.875
random_lr,mean,36,fg_aromatic_ring,0.001,R3,1,0.875
random_lr,mean,36,fg_aromatic_ring,0.001,R4,0,0.7188
random_lr,mean,36,fg_aromatic_ring,0.001,R4,1,0.7188
random_lr,mean,36,fg_aromatic_ring,0.001,R5,0,0.6406
random_lr,mean,36,fg_aromatic_ring,0.001,R5,1,0.6406
random_lr,mean,36,fg_aromatic_ring,0.001,R6,0,0.4375
random_lr,mean,36,fg_aromatic_ring,0.001,R6,1,0.4375
random_lr,mean,36,fg_aromatic_ring,0.001,R8,0,0.6094
random_lr,mean,36,fg_aromatic_ring,0.001,R8,1,0.6094
random_lr,mean,36,fg_aromatic_ring,0.001,R9,0,0.5312
random_lr,mean,36,fg_aromatic_ring,0.001,R9,1,0.5156
random_lr,mean,36,fg_benzene_ring,0.001,qm9s_val,0,0.8851
random_lr,mean,36,fg_benzene_ring,0.001,R0,0,0.8836
random_lr,mean,36,fg_benzene_ring,0.001,R2,0,0.902
random_lr,mean,36,fg_benzene_ring,0.001,R2,1,0.902
random_lr,mean,36,fg_benzene_ring,0.001,R3,0,0.6275
random_lr,mean,36,fg_benzene_ring,0.001,R3,1,0.6275
random_lr,mean,36,fg_benzene_ring,0.001,R4,0,0.7059
random_lr,mean,36,fg_benzene_ring,0.001,R4,1,0.7059
random_lr,mean,36,fg_benzene_ring,0.001,R5,0,0.4706
random_lr,mean,36,fg_benzene_ring,0.001,R5,1,0.4706
random_lr,mean,36,fg_benzene_ring,0.001,R6,0,0.4314
random_lr,mean,36,fg_benzene_ring,0.001,R6,1,0.4314
random_lr,mean,36,fg_benzene_ring,0.001,R8,0,0.5294
random_lr,mean,36,fg_benzene_ring,0.001,R8,1,0.5294
random_lr,mean,36,fg_benzene_ring,0.001,R9,0,0.5882
random_lr,mean,36,fg_benzene_ring,0.001,R9,1,0.5882
random_lr,mean,36,fg_pyrrole_ring,0.001,qm9s_val,0,0.7966
random_lr,mean,36,fg_pyrrole_ring,0.001,R0,0,0.7833
random_lr,mean,36,fg_pyrrole_ring,0.001,R2,0,0.5789
random_lr,mean,36,fg_pyrrole_ring,0.001,R2,1,0.5789
random_lr,mean,36,fg_pyrrole_ring,0.001,R3,0,1.0
random_lr,mean,36,fg_pyrrole_ring,0.001,R3,1,1.0
random_lr,mean,36,fg_pyrrole_ring,0.001,R4,0,0.9474
random_lr,mean,36,fg_pyrrole_ring,0.001,R4,1,0.9474
random_lr,mean,36,fg_pyrrole_ring,0.001,R5,0,0.0
random_lr,mean,36,fg_pyrrole_ring,0.001,R5,1,0.0
random_lr,mean,36,fg_pyrrole_ring,0.001,R6,0,0.2105
random_lr,mean,36,fg_pyrrole_ring,0.001,R6,1,0.2105
random_lr,mean,36,fg_pyrrole_ring,0.001,R8,0,0.8947
random_lr,mean,36,fg_pyrrole_ring,0.001,R8,1,0.8947
random_lr,mean,36,fg_pyrrole_ring,0.001,R9,0,1.0
random_lr,mean,36,fg_pyrrole_ring,0.001,R9,1,1.0
random_lr,mean,36,fg_imidazole_ring,0.001,qm9s_val,0,0.8842
random_lr,mean,36,fg_imidazole_ring,0.001,R0,0,0.8519
random_lr,mean,36,fg_imidazole_ring,0.001,R2,0,0.5789
random_lr,mean,36,fg_imidazole_ring,0.001,R2,1,0.5789
random_lr,mean,36,fg_imidazole_ring,0.001,R3,0,1.0
random_lr,mean,36,fg_imidazole_ring,0.001,R3,1,1.0
random_lr,mean,36,fg_imidazole_ring,0.001,R4,0,0.9474
random_lr,mean,36,fg_imidazole_ring,0.001,R4,1,0.9474
random_lr,mean,36,fg_imidazole_ring,0.001,R5,0,0.5263
random_lr,mean,36,fg_imidazole_ring,0.001,R5,1,0.5263
random_lr,mean,36,fg_imidazole_ring,0.001,R6,0,0.1053
random_lr,mean,36,fg_imidazole_ring,0.001,R6,1,0.1053
random_lr,mean,36,fg_imidazole_ring,0.001,R8,0,0.5789
random_lr,mean,36,fg_imidazole_ring,0.001,R8,1,0.5789
random_lr,mean,36,fg_imidazole_ring,0.001,R9,0,0.4737
random_lr,mean,36,fg_imidazole_ring,0.001,R9,1,0.4737
random_mm,mean,36,fg_primary_amine,,qm9s_val,0,0.6241
random_mm,mean,36,fg_primary_amine,,R0,0,0.5933
random_mm,mean,36,fg_primary_amine,,R2,0,0.8421
random_mm,mean,36,fg_primary_amine,,R2,1,0.8421
random_mm,mean,36,fg_primary_amine,,R3,0,0.5263
random_mm,mean,36,fg_primary_amine,,R3,1,0.5263
random_mm,mean,36,fg_primary_amine,,R4,0,0.4737
random_mm,mean,36,fg_primary_amine,,R4,1,0.4737
random_mm,mean,36,fg_primary_amine,,R5,0,0.3158
random_mm,mean,36,fg_primary_amine,,R5,1,0.3158
random_mm,mean,36,fg_primary_amine,,R6,0,0.3684
random_mm,mean,36,fg_primary_amine,,R6,1,0.3684
random_mm,mean,36,fg_primary_amine,,R8,0,0.1053
random_mm,mean,36,fg_primary_amine,,R8,1,0.1053
random_mm,mean,36,fg_primary_amine,,R9,0,0.7368
random_mm,mean,36,fg_primary_amine,,R9,1,0.7368
random_mm,mean,36,fg_secondary_amine,,qm9s_val,0,0.6383
random_mm,mean,36,fg_secondary_amine,,R0,0,0.6435
random_mm,mean,36,fg_secondary_amine,,R2,0,0.7368
random_mm,mean,36,fg_secondary_amine,,R2,1,0.7368
random_mm,mean,36,fg_secondary_amine,,R3,0,0.3158
random_mm,mean,36,fg_secondary_amine,,R3,1,0.3158
random_mm,mean,36,fg_secondary_amine,,R4,0,0.8421
random_mm,mean,36,fg_secondary_amine,,R4,1,0.8421
random_mm,mean,36,fg_secondary_amine,,R5,0,0.8947
random_mm,mean,36,fg_secondary_amine,,R5,1,0.8947
random_mm,mean,36,fg_secondary_amine,,R6,0,0.1579
random_mm,mean,36,fg_secondary_amine,,R6,1,0.1579
random_mm,mean,36,fg_secondary_amine,,R8,0,0.7895
random_mm,mean,36,fg_secondary_amine,,R8,1,0.7895
random_mm,mean,36,fg_secondary_amine,,R9,0,0.2105
random_mm,mean,36,fg_secondary_amine,,R9,1,0.2105
random_mm,mean,36,fg_amide,,qm9s_val,0,0.6479
random_mm,mean,36,fg_amide,,R0,0,0.5987
random_mm,mean,36,fg_amide,,R2,0,0.1389
random_mm,mean,36,fg_amide,,R2,1,0.1389
random_mm,mean,36,fg_amide,,R3,0,0.3056
random_mm,mean,36,fg_amide,,R3,1,0.3056
random_mm,mean,36,fg_amide,,R4,0,0.6667
random_mm,mean,36,fg_amide,,R4,1,0.6667
random_mm,mean,36,fg_amide,,R5,0,0.8611
random_mm,mean,36,fg_amide,,R5,1,0.8611
random_mm,mean,36,fg_amide,,R6,0,0.8056
random_mm,mean,36,fg_amide,,R6,1,0.8056
random_mm,mean,36,fg_amide,,R8,0,0.3611
random_mm,mean,36,fg_amide,,R8,1,0.3611
random_mm,mean,36,fg_amide,,R9,0,0.6389
random_mm,mean,36,fg_amide,,R9,1,0.6389
random_mm,mean,36,fg_guanidine,,qm9s_val,0,0.7525
random_mm,mean,36,fg_guanidine,,R0,0,0.7315
random_mm,mean,36,fg_guanidine,,R2,0,0.9474
random_mm,mean,36,fg_guanidine,,R2,1,0.9474
random_mm,mean,36,fg_guanidine,,R3,0,0.3158
random_mm,mean,36,fg_guanidine,,R3,1,0.3158
random_mm,mean,36,fg_guanidine,,R4,0,0.1053
random_mm,mean,36,fg_guanidine,,R4,1,0.1053
random_mm,mean,36,fg_guanidine,,R5,0,0.1053
random_mm,mean,36,fg_guanidine,,R5,1,0.1053
random_mm,mean,36,fg_guanidine,,R6,0,0.1579
random_mm,mean,36,fg_guanidine,,R6,1,0.1579
random_mm,mean,36,fg_guanidine,,R8,0,0.5263
random_mm,mean,36,fg_guanidine,,R8,1,0.5263
random_mm,mean,36,fg_guanidine,,R9,0,0.4211
random_mm,mean,36,fg_guanidine,,R9,1,0.4737
random_mm,mean,36,fg_hydroxyl_aliphatic,,qm9s_val,0,0.6147
random_mm,mean,36,fg_hydroxyl_aliphatic,,R0,0,0.6346
random_mm,mean,36,fg_hydroxyl_aliphatic,,R2,0,0.6111
random_mm,mean,36,fg_hydroxyl_aliphatic,,R2,1,0.6111
random_mm,mean,36,fg_hydroxyl_aliphatic,,R3,0,0.4722
random_mm,mean,36,fg_hydroxyl_aliphatic,,R3,1,0.4722
random_mm,mean,36,fg_hydroxyl_aliphatic,,R4,0,0.6667
random_mm,mean,36,fg_hydroxyl_aliphatic,,R4,1,0.6667
random_mm,mean,36,fg_hydroxyl_aliphatic,,R5,0,0.3889
random_mm,mean,36,fg_hydroxyl_aliphatic,,R5,1,0.3889
random_mm,mean,36,fg_hydroxyl_aliphatic,,R6,0,0.6944
random_mm,mean,36,fg_hydroxyl_aliphatic,,R6,1,0.6944
random_mm,mean,36,fg_hydroxyl_aliphatic,,R8,0,0.8611
random_mm,mean,36,fg_hydroxyl_aliphatic,,R8,1,0.8611
random_mm,mean,36,fg_hydroxyl_aliphatic,,R9,0,0.5833
random_mm,mean,36,fg_hydroxyl_aliphatic,,R9,1,0.5833
random_mm,mean,36,fg_phenol,,qm9s_val,0,0.8196
random_mm,mean,36,fg_phenol,,R0,0,0.789
random_mm,mean,36,fg_phenol,,R2,0,0.7895
random_mm,mean,36,fg_phenol,,R2,1,0.7895
random_mm,mean,36,fg_phenol,,R3,0,0.6316
random_mm,mean,36,fg_phenol,,R3,1,0.6316
random_mm,mean,36,fg_phenol,,R4,0,0.8421
random_mm,mean,36,fg_phenol,,R4,1,0.8421
random_mm,mean,36,fg_phenol,,R5,0,0.6842
random_mm,mean,36,fg_phenol,,R5,1,0.6842
random_mm,mean,36,fg_phenol,,R6,0,0.5263
random_mm,mean,36,fg_phenol,,R6,1,0.5263
random_mm,mean,36,fg_phenol,,R8,0,0.0526
random_mm,mean,36,fg_phenol,,R8,1,0.0526
random_mm,mean,36,fg_phenol,,R9,0,0.1579
random_mm,mean,36,fg_phenol,,R9,1,0.1579
random_mm,mean,36,fg_aromatic_ring,,qm9s_val,0,0.8625
random_mm,mean,36,fg_aromatic_ring,,R0,0,0.8636
random_mm,mean,36,fg_aromatic_ring,,R2,0,0.6562
random_mm,mean,36,fg_aromatic_ring,,R2,1,0.6562
random_mm,mean,36,fg_aromatic_ring,,R3,0,0.8281
random_mm,mean,36,fg_aromatic_ring,,R3,1,0.8281
random_mm,mean,36,fg_aromatic_ring,,R4,0,0.8125
random_mm,mean,36,fg_aromatic_ring,,R4,1,0.8125
random_mm,mean,36,fg_aromatic_ring,,R5,0,0.5781
random_mm,mean,36,fg_aromatic_ring,,R5,1,0.5781
random_mm,mean,36,fg_aromatic_ring,,R6,0,0.5156
random_mm,mean,36,fg_aromatic_ring,,R6,1,0.5156
random_mm,mean,36,fg_aromatic_ring,,R8,0,0.6406
random_mm,mean,36,fg_aromatic_ring,,R8,1,0.6406
random_mm,mean,36,fg_aromatic_ring,,R9,0,0.6562
random_mm,mean,36,fg_aromatic_ring,,R9,1,0.6562
random_mm,mean,36,fg_benzene_ring,,qm9s_val,0,0.844
random_mm,mean,36,fg_benzene_ring,,R0,0,0.8252
random_mm,mean,36,fg_benzene_ring,,R2,0,0.7647
random_mm,mean,36,fg_benzene_ring,,R2,1,0.7647
random_mm,mean,36,fg_benzene_ring,,R3,0,0.5686
random_mm,mean,36,fg_benzene_ring,,R3,1,0.5686
random_mm,mean,36,fg_benzene_ring,,R4,0,0.7059
random_mm,mean,36,fg_benzene_ring,,R4,1,0.7059
random_mm,mean,36,fg_benzene_ring,,R5,0,0.4902
random_mm,mean,36,fg_benzene_ring,,R5,1,0.4902
random_mm,mean,36,fg_benzene_ring,,R6,0,0.3922
random_mm,mean,36,fg_benzene_ring,,R6,1,0.3922
random_mm,mean,36,fg_benzene_ring,,R8,0,0.4314
random_mm,mean,36,fg_benzene_ring,,R8,1,0.4314
random_mm,mean,36,fg_benzene_ring,,R9,0,0.6275
random_mm,mean,36,fg_benzene_ring,,R9,1,0.6275
random_mm,mean,36,fg_pyrrole_ring,,qm9s_val,0,0.7734
random_mm,mean,36,fg_pyrrole_ring,,R0,0,0.7659
random_mm,mean,36,fg_pyrrole_ring,,R2,0,0.7368
random_mm,mean,36,fg_pyrrole_ring,,R2,1,0.7368
random_mm,mean,36,fg_pyrrole_ring,,R3,0,1.0
random_mm,mean,36,fg_pyrrole_ring,,R3,1,1.0
random_mm,mean,36,fg_pyrrole_ring,,R4,0,0.8947
random_mm,mean,36,fg_pyrrole_ring,,R4,1,0.8947
random_mm,mean,36,fg_pyrrole_ring,,R5,0,0.1579
random_mm,mean,36,fg_pyrrole_ring,,R5,1,0.1579
random_mm,mean,36,fg_pyrrole_ring,,R6,0,0.4211
random_mm,mean,36,fg_pyrrole_ring,,R6,1,0.4211
random_mm,mean,36,fg_pyrrole_ring,,R8,0,0.4211
random_mm,mean,36,fg_pyrrole_ring,,R8,1,0.4211
random_mm,mean,36,fg_pyrrole_ring,,R9,0,0.8421
random_mm,mean,36,fg_pyrrole_ring,,R9,1,0.8421
random_mm,mean,36,fg_imidazole_ring,,qm9s_val,0,0.8242
random_mm,mean,36,fg_imidazole_ring,,R0,0,0.8339
random_mm,mean,36,fg_imidazole_ring,,R2,0,0.6316
random_mm,mean,36,fg_imidazole_ring,,R2,1,0.6316
random_mm,mean,36,fg_imidazole_ring,,R3,0,1.0
random_mm,mean,36,fg_imidazole_ring,,R3,1,1.0
random_mm,mean,36,fg_imidazole_ring,,R4,0,0.6842
random_mm,mean,36,fg_imidazole_ring,,R4,1,0.6842
random_mm,mean,36,fg_imidazole_ring,,R5,0,0.6842
random_mm,mean,36,fg_imidazole_ring,,R5,1,0.6842
random_mm,mean,36,fg_imidazole_ring,,R6,0,0.1579
random_mm,mean,36,fg_imidazole_ring,,R6,1,0.1579
random_mm,mean,36,fg_imidazole_ring,,R8,0,0.7895
random_mm,mean,36,fg_imidazole_ring,,R8,1,0.7895
random_mm,mean,36,fg_imidazole_ring,,R9,0,0.7895
random_mm,mean,36,fg_imidazole_ring,,R9,1,0.7895
