task,variant,scheme,test_set,label,feature,model,metric,value,ci_lo,ci_hi,chance,p_perm,n_perm,perm_null_mean,n_test,n_test_groups,n_boot_ok,n_train,hp_source,hp,seconds,note
T3,wide,random,all,fg_primary_amine,F1,majority,auroc,0.5,0.5,0.5,0.5,,,,5141,5141,1000,20846,fixed,"[{""fold"": ""random"", ""src"": ""fixed"", ""thr"": 0.5}]",2.05,bootstrap unit: molecule
T3,wide,random,all,fg_primary_amine,F1,majority,auprc,0.022,0.0181,0.0261,0.022,,,,5141,5141,1000,20846,fixed,"[{""fold"": ""random"", ""src"": ""fixed"", ""thr"": 0.5}]",2.05,bootstrap unit: molecule
T3,wide,random,all,fg_primary_amine,F1,majority,bal_acc,0.5,0.5,0.5,0.5,,,,5141,5141,1000,20846,fixed,"[{""fold"": ""random"", ""src"": ""fixed"", ""thr"": 0.5}]",2.05,bootstrap unit: molecule
T3,wide,random,all,fg_primary_amine,F1,lr,auroc,0.8045,0.7671,0.8396,0.5,0.0099,100,0.499,5141,5141,1000,20846,inner_cv,"[{""fold"": ""random"", ""C"": 0.01, ""src"": ""inner_cv"", ""thr"": 0.3975}]",5.76,bootstrap unit: molecule
T3,wide,random,all,fg_primary_amine,F1,lr,auprc,0.0661,0.0519,0.085,0.022,,,,5141,5141,1000,20846,inner_cv,"[{""fold"": ""random"", ""C"": 0.01, ""src"": ""inner_cv"", ""thr"": 0.3975}]",5.76,bootstrap unit: molecule
T3,wide,random,all,fg_primary_amine,F1,lr,bal_acc,0.7482,0.7104,0.7855,0.5,,,,5141,5141,1000,20846,inner_cv,"[{""fold"": ""random"", ""C"": 0.01, ""src"": ""inner_cv"", ""thr"": 0.3975}]",5.76,bootstrap unit: molecule
T3,wide,random,all,fg_primary_amine,F1,hgb,auroc,0.972,0.9482,0.9889,0.5,,,,5141,5141,1000,20846,inner_cv,"[{""fold"": ""random"", ""src"": ""inner_cv"", ""thr"": 0.0817}]",5.64,bootstrap unit: molecule
T3,wide,random,all,fg_primary_amine,F1,hgb,auprc,0.7392,0.6622,0.8094,0.022,,,,5141,5141,1000,20846,inner_cv,"[{""fold"": ""random"", ""src"": ""inner_cv"", ""thr"": 0.0817}]",5.64,bootstrap unit: molecule
T3,wide,random,all,fg_primary_amine,F1,hgb,bal_acc,0.9184,0.8994,0.9339,0.5,,,,5141,5141,1000,20846,inner_cv,"[{""fold"": ""random"", ""src"": ""inner_cv"", ""thr"": 0.0817}]",5.64,bootstrap unit: molecule
T3,wide,random,all,fg_primary_amine,F1,knn,auroc,0.5548,0.5133,0.5991,0.5,,,,5141,5141,1000,20846,inner_cv,"[{""fold"": ""random"", ""k"": 10, ""src"": ""inner_cv"", ""thr"": 0.0902}]",95.33,bootstrap unit: molecule
T3,wide,random,all,fg_primary_amine,F1,knn,auprc,0.0531,0.0296,0.0957,0.022,,,,5141,5141,1000,20846,inner_cv,"[{""fold"": ""random"", ""k"": 10, ""src"": ""inner_cv"", ""thr"": 0.0902}]",95.33,bootstrap unit: molecule
T3,wide,random,all,fg_primary_amine,F1,knn,bal_acc,0.5517,0.5121,0.5932,0.5,,,,5141,5141,1000,20846,inner_cv,"[{""fold"": ""random"", ""k"": 10, ""src"": ""inner_cv"", ""thr"": 0.0902}]",95.33,bootstrap unit: molecule
T3,wide,random,all,fg_primary_amine,F1pos,majority,auroc,0.5,0.5,0.5,0.5,,,,5141,5141,1000,20846,fixed,"[{""fold"": ""random"", ""src"": ""fixed"", ""thr"": 0.5}]",2.5,bootstrap unit: molecule
T3,wide,random,all,fg_primary_amine,F1pos,majority,auprc,0.022,0.0181,0.0261,0.022,,,,5141,5141,1000,20846,fixed,"[{""fold"": ""random"", ""src"": ""fixed"", ""thr"": 0.5}]",2.5,bootstrap unit: molecule
T3,wide,random,all,fg_primary_amine,F1pos,majority,bal_acc,0.5,0.5,0.5,0.5,,,,5141,5141,1000,20846,fixed,"[{""fold"": ""random"", ""src"": ""fixed"", ""thr"": 0.5}]",2.5,bootstrap unit: molecule
T3,wide,random,all,fg_primary_amine,F1pos,lr,auroc,0.9505,0.9368,0.962,0.5,,,,5141,5141,1000,20846,inner_cv,"[{""fold"": ""random"", ""C"": 0.01, ""src"": ""inner_cv"", ""thr"": 0.3315}]",4.51,bootstrap unit: molecule
T3,wide,random,all,fg_primary_amine,F1pos,lr,auprc,0.2363,0.1844,0.3044,0.022,,,,5141,5141,1000,20846,inner_cv,"[{""fold"": ""random"", ""C"": 0.01, ""src"": ""inner_cv"", ""thr"": 0.3315}]",4.51,bootstrap unit: molecule
T3,wide,random,all,fg_primary_amine,F1pos,lr,bal_acc,0.9149,0.8925,0.9334,0.5,,,,5141,5141,1000,20846,inner_cv,"[{""fold"": ""random"", ""C"": 0.01, ""src"": ""inner_cv"", ""thr"": 0.3315}]",4.51,bootstrap unit: molecule
T3,wide,random,all,fg_primary_amine,F1pos,hgb,auroc,0.9533,0.9358,0.9666,0.5,,,,5141,5141,1000,20846,inner_cv,"[{""fold"": ""random"", ""src"": ""inner_cv"", ""thr"": 0.1013}]",4.94,bootstrap unit: molecule
T3,wide,random,all,fg_primary_amine,F1pos,hgb,auprc,0.2912,0.2262,0.3784,0.022,,,,5141,5141,1000,20846,inner_cv,"[{""fold"": ""random"", ""src"": ""inner_cv"", ""thr"": 0.1013}]",4.94,bootstrap unit: molecule
T3,wide,random,all,fg_primary_amine,F1pos,hgb,bal_acc,0.9024,0.8827,0.9181,0.5,,,,5141,5141,1000,20846,inner_cv,"[{""fold"": ""random"", ""src"": ""inner_cv"", ""thr"": 0.1013}]",4.94,bootstrap unit: molecule
T3,wide,random,all,fg_primary_amine,F1pos,knn,auroc,0.5557,0.5175,0.5983,0.5,,,,5141,5141,1000,20846,inner_cv,"[{""fold"": ""random"", ""k"": 10, ""src"": ""inner_cv"", ""thr"": 0.0947}]",41.22,bootstrap unit: molecule
T3,wide,random,all,fg_primary_amine,F1pos,knn,auprc,0.0303,0.0223,0.0493,0.022,,,,5141,5141,1000,20846,inner_cv,"[{""fold"": ""random"", ""k"": 10, ""src"": ""inner_cv"", ""thr"": 0.0947}]",41.22,bootstrap unit: molecule
T3,wide,random,all,fg_primary_amine,F1pos,knn,bal_acc,0.5432,0.5103,0.5826,0.5,,,,5141,5141,1000,20846,inner_cv,"[{""fold"": ""random"", ""k"": 10, ""src"": ""inner_cv"", ""thr"": 0.0947}]",41.22,bootstrap unit: molecule
T3,wide,random,all,fg_primary_amine,F2,majority,auroc,0.5,0.5,0.5,0.5,,,,5141,5141,1000,20846,fixed,"[{""fold"": ""random"", ""src"": ""fixed"", ""thr"": 0.5}]",1.95,bootstrap unit: molecule
T3,wide,random,all,fg_primary_amine,F2,majority,auprc,0.022,0.0181,0.0261,0.022,,,,5141,5141,1000,20846,fixed,"[{""fold"": ""random"", ""src"": ""fixed"", ""thr"": 0.5}]",1.95,bootstrap unit: molecule
T3,wide,random,all,fg_primary_amine,F2,majority,bal_acc,0.5,0.5,0.5,0.5,,,,5141,5141,1000,20846,fixed,"[{""fold"": ""random"", ""src"": ""fixed"", ""thr"": 0.5}]",1.95,bootstrap unit: molecule
T3,wide,random,all,fg_primary_amine,F2,lr,auroc,0.7162,0.674,0.7578,0.5,,,,5141,5141,1000,20846,inner_cv,"[{""fold"": ""random"", ""C"": 0.01, ""src"": ""inner_cv"", ""thr"": 0.3144}]",94.51,bootstrap unit: molecule
T3,wide,random,all,fg_primary_amine,F2,lr,auprc,0.0456,0.0357,0.0598,0.022,,,,5141,5141,1000,20846,inner_cv,"[{""fold"": ""random"", ""C"": 0.01, ""src"": ""inner_cv"", ""thr"": 0.3144}]",94.51,bootstrap unit: molecule
T3,wide,random,all,fg_primary_amine,F2,lr,bal_acc,0.6779,0.6353,0.7182,0.5,,,,5141,5141,1000,20846,inner_cv,"[{""fold"": ""random"", ""C"": 0.01, ""src"": ""inner_cv"", ""thr"": 0.3144}]",94.51,bootstrap unit: molecule
T3,wide,random,all,fg_primary_amine,F2,hgb,auroc,0.9883,0.9795,0.9952,0.5,,,,5141,5141,1000,20846,inner_cv,"[{""fold"": ""random"", ""src"": ""inner_cv"", ""thr"": 0.0266}]",37.84,bootstrap unit: molecule
T3,wide,random,all,fg_primary_amine,F2,hgb,auprc,0.8812,0.8239,0.9242,0.022,,,,5141,5141,1000,20846,inner_cv,"[{""fold"": ""random"", ""src"": ""inner_cv"", ""thr"": 0.0266}]",37.84,bootstrap unit: molecule
T3,wide,random,all,fg_primary_amine,F2,hgb,bal_acc,0.9354,0.9169,0.9503,0.5,,,,5141,5141,1000,20846,inner_cv,"[{""fold"": ""random"", ""src"": ""inner_cv"", ""thr"": 0.0266}]",37.84,bootstrap unit: molecule
T3,wide,random,all,fg_primary_amine,F2,knn,auroc,0.6365,0.5918,0.6825,0.5,,,,5141,5141,1000,20846,inner_cv,"[{""fold"": ""random"", ""k"": 10, ""src"": ""inner_cv"", ""thr"": 0.0838}]",109.12,bootstrap unit: molecule
T3,wide,random,all,fg_primary_amine,F2,knn,auprc,0.0635,0.0423,0.105,0.022,,,,5141,5141,1000,20846,inner_cv,"[{""fold"": ""random"", ""k"": 10, ""src"": ""inner_cv"", ""thr"": 0.0838}]",109.12,bootstrap unit: molecule
T3,wide,random,all,fg_primary_amine,F2,knn,bal_acc,0.6339,0.59,0.678,0.5,,,,5141,5141,1000,20846,inner_cv,"[{""fold"": ""random"", ""k"": 10, ""src"": ""inner_cv"", ""thr"": 0.0838}]",109.12,bootstrap unit: molecule
T3,wide,random,all,fg_primary_amine,F3,majority,auroc,0.5,0.5,0.5,0.5,,,,5141,5141,1000,20846,fixed,"[{""fold"": ""random"", ""src"": ""fixed"", ""thr"": 0.5}]",2.11,bootstrap unit: molecule
T3,wide,random,all,fg_primary_amine,F3,majority,auprc,0.022,0.0181,0.0261,0.022,,,,5141,5141,1000,20846,fixed,"[{""fold"": ""random"", ""src"": ""fixed"", ""thr"": 0.5}]",2.11,bootstrap unit: molecule
T3,wide,random,all,fg_primary_amine,F3,majority,bal_acc,0.5,0.5,0.5,0.5,,,,5141,5141,1000,20846,fixed,"[{""fold"": ""random"", ""src"": ""fixed"", ""thr"": 0.5}]",2.11,bootstrap unit: molecule
T3,wide,random,all,fg_primary_amine,F3,lr,auroc,0.7335,0.6936,0.772,0.5,,,,5141,5141,1000,20846,inner_cv,"[{""fold"": ""random"", ""C"": 0.01, ""src"": ""inner_cv"", ""thr"": 0.296}]",133.47,bootstrap unit: molecule
T3,wide,random,all,fg_primary_amine,F3,lr,auprc,0.0491,0.0385,0.0653,0.022,,,,5141,5141,1000,20846,inner_cv,"[{""fold"": ""random"", ""C"": 0.01, ""src"": ""inner_cv"", ""thr"": 0.296}]",133.47,bootstrap unit: molecule
T3,wide,random,all,fg_primary_amine,F3,lr,bal_acc,0.684,0.6432,0.7235,0.5,,,,5141,5141,1000,20846,inner_cv,"[{""fold"": ""random"", ""C"": 0.01, ""src"": ""inner_cv"", ""thr"": 0.296}]",133.47,bootstrap unit: molecule
T3,wide,random,all,fg_primary_amine,F3,hgb,auroc,0.9914,0.9844,0.997,0.5,0.0099,100,0.5003,5141,5141,1000,20846,inner_cv,"[{""fold"": ""random"", ""src"": ""inner_cv"", ""thr"": 0.0124}]",34.67,bootstrap unit: molecule
T3,wide,random,all,fg_primary_amine,F3,hgb,auprc,0.9065,0.8611,0.9434,0.022,,,,5141,5141,1000,20846,inner_cv,"[{""fold"": ""random"", ""src"": ""inner_cv"", ""thr"": 0.0124}]",34.67,bootstrap unit: molecule
T3,wide,random,all,fg_primary_amine,F3,hgb,bal_acc,0.929,0.9152,0.9399,0.5,,,,5141,5141,1000,20846,inner_cv,"[{""fold"": ""random"", ""src"": ""inner_cv"", ""thr"": 0.0124}]",34.67,bootstrap unit: molecule
T3,wide,random,all,fg_primary_amine,F3,knn,auroc,0.6368,0.5922,0.6797,0.5,,,,5141,5141,1000,20846,inner_cv,"[{""fold"": ""random"", ""k"": 10, ""src"": ""inner_cv"", ""thr"": 0.0925}]",100.79,bootstrap unit: molecule
T3,wide,random,all,fg_primary_amine,F3,knn,auprc,0.0741,0.0463,0.1263,0.022,,,,5141,5141,1000,20846,inner_cv,"[{""fold"": ""random"", ""k"": 10, ""src"": ""inner_cv"", ""thr"": 0.0925}]",100.79,bootstrap unit: molecule
T3,wide,random,all,fg_primary_amine,F3,knn,bal_acc,0.6266,0.5854,0.6692,0.5,,,,5141,5141,1000,20846,inner_cv,"[{""fold"": ""random"", ""k"": 10, ""src"": ""inner_cv"", ""thr"": 0.0925}]",100.79,bootstrap unit: molecule
T3,wide,random,all,fg_primary_amine,F1.sqrt,majority,auroc,0.5,0.5,0.5,0.5,,,,5141,5141,1000,20846,fixed,"[{""fold"": ""random"", ""src"": ""fixed"", ""thr"": 0.5}]",2.43,bootstrap unit: molecule
T3,wide,random,all,fg_primary_amine,F1.sqrt,majority,auprc,0.022,0.0181,0.0261,0.022,,,,5141,5141,1000,20846,fixed,"[{""fold"": ""random"", ""src"": ""fixed"", ""thr"": 0.5}]",2.43,bootstrap unit: molecule
T3,wide,random,all,fg_primary_amine,F1.sqrt,majority,bal_acc,0.5,0.5,0.5,0.5,,,,5141,5141,1000,20846,fixed,"[{""fold"": ""random"", ""src"": ""fixed"", ""thr"": 0.5}]",2.43,bootstrap unit: molecule
T3,wide,random,all,fg_primary_amine,F1.sqrt,lr,auroc,0.8955,0.8705,0.9149,0.5,,,,5141,5141,1000,20846,inner_cv,"[{""fold"": ""random"", ""C"": 0.01, ""src"": ""inner_cv"", ""thr"": 0.3254}]",4.56,bootstrap unit: molecule
T3,wide,random,all,fg_primary_amine,F1.sqrt,lr,auprc,0.1041,0.0847,0.1304,0.022,,,,5141,5141,1000,20846,inner_cv,"[{""fold"": ""random"", ""C"": 0.01, ""src"": ""inner_cv"", ""thr"": 0.3254}]",4.56,bootstrap unit: molecule
T3,wide,random,all,fg_primary_amine,F1.sqrt,lr,bal_acc,0.8634,0.8385,0.8857,0.5,,,,5141,5141,1000,20846,inner_cv,"[{""fold"": ""random"", ""C"": 0.01, ""src"": ""inner_cv"", ""thr"": 0.3254}]",4.56,bootstrap unit: molecule
T3,wide,random,all,fg_primary_amine,F1.sqrt,hgb,auroc,0.972,0.9482,0.9889,0.5,,,,5141,5141,1000,20846,inner_cv,"[{""fold"": ""random"", ""src"": ""inner_cv"", ""thr"": 0.0817}]",4.78,bootstrap unit: molecule
T3,wide,random,all,fg_primary_amine,F1.sqrt,hgb,auprc,0.7392,0.6622,0.8094,0.022,,,,5141,5141,1000,20846,inner_cv,"[{""fold"": ""random"", ""src"": ""inner_cv"", ""thr"": 0.0817}]",4.78,bootstrap unit: molecule
T3,wide,random,all,fg_primary_amine,F1.sqrt,hgb,bal_acc,0.9184,0.8994,0.9339,0.5,,,,5141,5141,1000,20846,inner_cv,"[{""fold"": ""random"", ""src"": ""inner_cv"", ""thr"": 0.0817}]",4.78,bootstrap unit: molecule
T3,wide,random,all,fg_primary_amine,F1.sqrt,knn,auroc,0.5736,0.5325,0.6185,0.5,,,,5141,5141,1000,20846,inner_cv,"[{""fold"": ""random"", ""k"": 10, ""src"": ""inner_cv"", ""thr"": 0.0936}]",42.11,bootstrap unit: molecule
T3,wide,random,all,fg_primary_amine,F1.sqrt,knn,auprc,0.0538,0.0323,0.0996,0.022,,,,5141,5141,1000,20846,inner_cv,"[{""fold"": ""random"", ""k"": 10, ""src"": ""inner_cv"", ""thr"": 0.0936}]",42.11,bootstrap unit: molecule
T3,wide,random,all,fg_primary_amine,F1.sqrt,knn,bal_acc,0.5725,0.5331,0.6161,0.5,,,,5141,5141,1000,20846,inner_cv,"[{""fold"": ""random"", ""k"": 10, ""src"": ""inner_cv"", ""thr"": 0.0936}]",42.11,bootstrap unit: molecule
T3,wide,random,all,fg_primary_amine,F2.lt1700,majority,auroc,0.5,0.5,0.5,0.5,,,,5141,5141,1000,20846,fixed,"[{""fold"": ""random"", ""src"": ""fixed"", ""thr"": 0.5}]",2.43,bootstrap unit: molecule
T3,wide,random,all,fg_primary_amine,F2.lt1700,majority,auprc,0.022,0.0181,0.0261,0.022,,,,5141,5141,1000,20846,fixed,"[{""fold"": ""random"", ""src"": ""fixed"", ""thr"": 0.5}]",2.43,bootstrap unit: molecule
T3,wide,random,all,fg_primary_amine,F2.lt1700,majority,bal_acc,0.5,0.5,0.5,0.5,,,,5141,5141,1000,20846,fixed,"[{""fold"": ""random"", ""src"": ""fixed"", ""thr"": 0.5}]",2.43,bootstrap unit: molecule
T3,wide,random,all,fg_primary_amine,F2.lt1700,lr,auroc,0.7245,0.6821,0.766,0.5,,,,5141,5141,1000,20846,inner_cv,"[{""fold"": ""random"", ""C"": 0.01, ""src"": ""inner_cv"", ""thr"": 0.3626}]",91.49,bootstrap unit: molecule
T3,wide,random,all,fg_primary_amine,F2.lt1700,lr,auprc,0.0475,0.0375,0.0622,0.022,,,,5141,5141,1000,20846,inner_cv,"[{""fold"": ""random"", ""C"": 0.01, ""src"": ""inner_cv"", ""thr"": 0.3626}]",91.49,bootstrap unit: molecule
T3,wide,random,all,fg_primary_amine,F2.lt1700,lr,bal_acc,0.6701,0.6261,0.7131,0.5,,,,5141,5141,1000,20846,inner_cv,"[{""fold"": ""random"", ""C"": 0.01, ""src"": ""inner_cv"", ""thr"": 0.3626}]",91.49,bootstrap unit: molecule
T3,wide,random,all,fg_primary_amine,F2.lt1700,hgb,auroc,0.9878,0.9776,0.995,0.5,,,,5141,5141,1000,20846,inner_cv,"[{""fold"": ""random"", ""src"": ""inner_cv"", ""thr"": 0.0357}]",35.73,bootstrap unit: molecule
T3,wide,random,all,fg_primary_amine,F2.lt1700,hgb,auprc,0.884,0.831,0.9274,0.022,,,,5141,5141,1000,20846,inner_cv,"[{""fold"": ""random"", ""src"": ""inner_cv"", ""thr"": 0.0357}]",35.73,bootstrap unit: molecule
T3,wide,random,all,fg_primary_amine,F2.lt1700,hgb,bal_acc,0.9383,0.9193,0.9553,0.5,,,,5141,5141,1000,20846,inner_cv,"[{""fold"": ""random"", ""src"": ""inner_cv"", ""thr"": 0.0357}]",35.73,bootstrap unit: molecule
T3,wide,random,all,fg_primary_amine,F2.lt1700,knn,auroc,0.5953,0.5542,0.6413,0.5,,,,5141,5141,1000,20846,inner_cv,"[{""fold"": ""random"", ""k"": 10, ""src"": ""inner_cv"", ""thr"": 0.0899}]",99.63,bootstrap unit: molecule
T3,wide,random,all,fg_primary_amine,F2.lt1700,knn,auprc,0.0632,0.0376,0.1154,0.022,,,,5141,5141,1000,20846,inner_cv,"[{""fold"": ""random"", ""k"": 10, ""src"": ""inner_cv"", ""thr"": 0.0899}]",99.63,bootstrap unit: molecule
T3,wide,random,all,fg_primary_amine,F2.lt1700,knn,bal_acc,0.5902,0.5518,0.6346,0.5,,,,5141,5141,1000,20846,inner_cv,"[{""fold"": ""random"", ""k"": 10, ""src"": ""inner_cv"", ""thr"": 0.0899}]",99.63,bootstrap unit: molecule
T3,wide,random,all,fg_primary_amine,F3.lt1700,majority,auroc,0.5,0.5,0.5,0.5,,,,5141,5141,1000,20846,fixed,"[{""fold"": ""random"", ""src"": ""fixed"", ""thr"": 0.5}]",2.76,bootstrap unit: molecule
T3,wide,random,all,fg_primary_amine,F3.lt1700,majority,auprc,0.022,0.0181,0.0261,0.022,,,,5141,5141,1000,20846,fixed,"[{""fold"": ""random"", ""src"": ""fixed"", ""thr"": 0.5}]",2.76,bootstrap unit: molecule
T3,wide,random,all,fg_primary_amine,F3.lt1700,majority,bal_acc,0.5,0.5,0.5,0.5,,,,5141,5141,1000,20846,fixed,"[{""fold"": ""random"", ""src"": ""fixed"", ""thr"": 0.5}]",2.76,bootstrap unit: molecule
T3,wide,random,all,fg_primary_amine,F3.lt1700,lr,auroc,0.7357,0.6955,0.7732,0.5,,,,5141,5141,1000,20846,inner_cv,"[{""fold"": ""random"", ""C"": 0.01, ""src"": ""inner_cv"", ""thr"": 0.4151}]",119.95,bootstrap unit: molecule
T3,wide,random,all,fg_primary_amine,F3.lt1700,lr,auprc,0.0499,0.0391,0.066,0.022,,,,5141,5141,1000,20846,inner_cv,"[{""fold"": ""random"", ""C"": 0.01, ""src"": ""inner_cv"", ""thr"": 0.4151}]",119.95,bootstrap unit: molecule
T3,wide,random,all,fg_primary_amine,F3.lt1700,lr,bal_acc,0.6641,0.6209,0.7057,0.5,,,,5141,5141,1000,20846,inner_cv,"[{""fold"": ""random"", ""C"": 0.01, ""src"": ""inner_cv"", ""thr"": 0.4151}]",119.95,bootstrap unit: molecule
T3,wide,random,all,fg_primary_amine,F3.lt1700,hgb,auroc,0.9903,0.9833,0.9965,0.5,,,,5141,5141,1000,20846,inner_cv,"[{""fold"": ""random"", ""src"": ""inner_cv"", ""thr"": 0.0128}]",32.18,bootstrap unit: molecule
T3,wide,random,all,fg_primary_amine,F3.lt1700,hgb,auprc,0.9059,0.8589,0.9445,0.022,,,,5141,5141,1000,20846,inner_cv,"[{""fold"": ""random"", ""src"": ""inner_cv"", ""thr"": 0.0128}]",32.18,bootstrap unit: molecule
T3,wide,random,all,fg_primary_amine,F3.lt1700,hgb,bal_acc,0.9192,0.9005,0.9346,0.5,,,,5141,5141,1000,20846,inner_cv,"[{""fold"": ""random"", ""src"": ""inner_cv"", ""thr"": 0.0128}]",32.18,bootstrap unit: molecule
T3,wide,random,all,fg_primary_amine,F3.lt1700,knn,auroc,0.6069,0.5642,0.6483,0.5,,,,5141,5141,1000,20846,inner_cv,"[{""fold"": ""random"", ""k"": 10, ""src"": ""inner_cv"", ""thr"": 0.094}]",109.21,bootstrap unit: molecule
T3,wide,random,all,fg_primary_amine,F3.lt1700,knn,auprc,0.0593,0.0358,0.1101,0.022,,,,5141,5141,1000,20846,inner_cv,"[{""fold"": ""random"", ""k"": 10, ""src"": ""inner_cv"", ""thr"": 0.094}]",109.21,bootstrap unit: molecule
T3,wide,random,all,fg_primary_amine,F3.lt1700,knn,bal_acc,0.6099,0.5697,0.6504,0.5,,,,5141,5141,1000,20846,inner_cv,"[{""fold"": ""random"", ""k"": 10, ""src"": ""inner_cv"", ""thr"": 0.094}]",109.21,bootstrap unit: molecule
T3,wide,random,all,fg_secondary_amine,F1,majority,auroc,0.5,0.5,0.5,0.5,,,,5141,5141,1000,20846,fixed,"[{""fold"": ""random"", ""src"": ""fixed"", ""thr"": 0.5}]",2.42,bootstrap unit: molecule
T3,wide,random,all,fg_secondary_amine,F1,majority,auprc,0.1025,0.0947,0.1105,0.1025,,,,5141,5141,1000,20846,fixed,"[{""fold"": ""random"", ""src"": ""fixed"", ""thr"": 0.5}]",2.42,bootstrap unit: molecule
T3,wide,random,all,fg_secondary_amine,F1,majority,bal_acc,0.5,0.5,0.5,0.5,,,,5141,5141,1000,20846,fixed,"[{""fold"": ""random"", ""src"": ""fixed"", ""thr"": 0.5}]",2.42,bootstrap unit: molecule
T3,wide,random,all,fg_secondary_amine,F1,lr,auroc,0.7255,0.7034,0.7481,0.5,0.0099,100,0.5025,5141,5141,1000,20846,inner_cv,"[{""fold"": ""random"", ""C"": 0.01, ""src"": ""inner_cv"", ""thr"": 0.5173}]",6.07,bootstrap unit: molecule
T3,wide,random,all,fg_secondary_amine,F1,lr,auprc,0.2349,0.2072,0.2679,0.1025,,,,5141,5141,1000,20846,inner_cv,"[{""fold"": ""random"", ""C"": 0.01, ""src"": ""inner_cv"", ""thr"": 0.5173}]",6.07,bootstrap unit: molecule
T3,wide,random,all,fg_secondary_amine,F1,lr,bal_acc,0.67,0.648,0.6905,0.5,,,,5141,5141,1000,20846,inner_cv,"[{""fold"": ""random"", ""C"": 0.01, ""src"": ""inner_cv"", ""thr"": 0.5173}]",6.07,bootstrap unit: molecule
T3,wide,random,all,fg_secondary_amine,F1,hgb,auroc,0.7398,0.7181,0.7627,0.5,,,,5141,5141,1000,20846,inner_cv,"[{""fold"": ""random"", ""src"": ""inner_cv"", ""thr"": 0.4423}]",6.31,bootstrap unit: molecule
T3,wide,random,all,fg_secondary_amine,F1,hgb,auprc,0.2709,0.2379,0.3116,0.1025,,,,5141,5141,1000,20846,inner_cv,"[{""fold"": ""random"", ""src"": ""inner_cv"", ""thr"": 0.4423}]",6.31,bootstrap unit: molecule
T3,wide,random,all,fg_secondary_amine,F1,hgb,bal_acc,0.6721,0.6514,0.6929,0.5,,,,5141,5141,1000,20846,inner_cv,"[{""fold"": ""random"", ""src"": ""inner_cv"", ""thr"": 0.4423}]",6.31,bootstrap unit: molecule
T3,wide,random,all,fg_secondary_amine,F1,knn,auroc,0.6275,0.6037,0.6518,0.5,,,,5141,5141,1000,20846,inner_cv,"[{""fold"": ""random"", ""k"": 10, ""src"": ""inner_cv"", ""thr"": 0.0942}]",96.88,bootstrap unit: molecule
T3,wide,random,all,fg_secondary_amine,F1,knn,auprc,0.1892,0.1628,0.219,0.1025,,,,5141,5141,1000,20846,inner_cv,"[{""fold"": ""random"", ""k"": 10, ""src"": ""inner_cv"", ""thr"": 0.0942}]",96.88,bootstrap unit: molecule
T3,wide,random,all,fg_secondary_amine,F1,knn,bal_acc,0.6051,0.5839,0.6265,0.5,,,,5141,5141,1000,20846,inner_cv,"[{""fold"": ""random"", ""k"": 10, ""src"": ""inner_cv"", ""thr"": 0.0942}]",96.88,bootstrap unit: molecule
T3,wide,random,all,fg_secondary_amine,F1pos,majority,auroc,0.5,0.5,0.5,0.5,,,,5141,5141,1000,20846,fixed,"[{""fold"": ""random"", ""src"": ""fixed"", ""thr"": 0.5}]",2.01,bootstrap unit: molecule
T3,wide,random,all,fg_secondary_amine,F1pos,majority,auprc,0.1025,0.0947,0.1105,0.1025,,,,5141,5141,1000,20846,fixed,"[{""fold"": ""random"", ""src"": ""fixed"", ""thr"": 0.5}]",2.01,bootstrap unit: molecule
T3,wide,random,all,fg_secondary_amine,F1pos,majority,bal_acc,0.5,0.5,0.5,0.5,,,,5141,5141,1000,20846,fixed,"[{""fold"": ""random"", ""src"": ""fixed"", ""thr"": 0.5}]",2.01,bootstrap unit: molecule
T3,wide,random,all,fg_secondary_amine,F1pos,lr,auroc,0.6986,0.6764,0.7209,0.5,,,,5141,5141,1000,20846,inner_cv,"[{""fold"": ""random"", ""C"": 0.01, ""src"": ""inner_cv"", ""thr"": 0.4617}]",4.74,bootstrap unit: molecule
T3,wide,random,all,fg_secondary_amine,F1pos,lr,auprc,0.1996,0.176,0.2298,0.1025,,,,5141,5141,1000,20846,inner_cv,"[{""fold"": ""random"", ""C"": 0.01, ""src"": ""inner_cv"", ""thr"": 0.4617}]",4.74,bootstrap unit: molecule
T3,wide,random,all,fg_secondary_amine,F1pos,lr,bal_acc,0.6449,0.625,0.6648,0.5,,,,5141,5141,1000,20846,inner_cv,"[{""fold"": ""random"", ""C"": 0.01, ""src"": ""inner_cv"", ""thr"": 0.4617}]",4.74,bootstrap unit: molecule
T3,wide,random,all,fg_secondary_amine,F1pos,hgb,auroc,0.6944,0.6721,0.7154,0.5,,,,5141,5141,1000,20846,inner_cv,"[{""fold"": ""random"", ""src"": ""inner_cv"", ""thr"": 0.4401}]",5.91,bootstrap unit: molecule
T3,wide,random,all,fg_secondary_amine,F1pos,hgb,auprc,0.1908,0.1673,0.219,0.1025,,,,5141,5141,1000,20846,inner_cv,"[{""fold"": ""random"", ""src"": ""inner_cv"", ""thr"": 0.4401}]",5.91,bootstrap unit: molecule
T3,wide,random,all,fg_secondary_amine,F1pos,hgb,bal_acc,0.6319,0.6114,0.6502,0.5,,,,5141,5141,1000,20846,inner_cv,"[{""fold"": ""random"", ""src"": ""inner_cv"", ""thr"": 0.4401}]",5.91,bootstrap unit: molecule
T3,wide,random,all,fg_secondary_amine,F1pos,knn,auroc,0.5748,0.5485,0.6006,0.5,,,,5141,5141,1000,20846,inner_cv,"[{""fold"": ""random"", ""k"": 10, ""src"": ""inner_cv"", ""thr"": 0.1018}]",86.75,bootstrap unit: molecule
T3,wide,random,all,fg_secondary_amine,F1pos,knn,auprc,0.1339,0.1179,0.1547,0.1025,,,,5141,5141,1000,20846,inner_cv,"[{""fold"": ""random"", ""k"": 10, ""src"": ""inner_cv"", ""thr"": 0.1018}]",86.75,bootstrap unit: molecule
T3,wide,random,all,fg_secondary_amine,F1pos,knn,bal_acc,0.5481,0.5257,0.5702,0.5,,,,5141,5141,1000,20846,inner_cv,"[{""fold"": ""random"", ""k"": 10, ""src"": ""inner_cv"", ""thr"": 0.1018}]",86.75,bootstrap unit: molecule
T3,wide,random,all,fg_secondary_amine,F2,majority,auroc,0.5,0.5,0.5,0.5,,,,5141,5141,1000,20846,fixed,"[{""fold"": ""random"", ""src"": ""fixed"", ""thr"": 0.5}]",2.13,bootstrap unit: molecule
T3,wide,random,all,fg_secondary_amine,F2,majority,auprc,0.1025,0.0947,0.1105,0.1025,,,,5141,5141,1000,20846,fixed,"[{""fold"": ""random"", ""src"": ""fixed"", ""thr"": 0.5}]",2.13,bootstrap unit: molecule
T3,wide,random,all,fg_secondary_amine,F2,majority,bal_acc,0.5,0.5,0.5,0.5,,,,5141,5141,1000,20846,fixed,"[{""fold"": ""random"", ""src"": ""fixed"", ""thr"": 0.5}]",2.13,bootstrap unit: molecule
T3,wide,random,all,fg_secondary_amine,F2,lr,auroc,0.7082,0.6853,0.7309,0.5,,,,5141,5141,1000,20846,inner_cv,"[{""fold"": ""random"", ""C"": 0.01, ""src"": ""inner_cv"", ""thr"": 0.4852}]",147.03,bootstrap unit: molecule
T3,wide,random,all,fg_secondary_amine,F2,lr,auprc,0.2268,0.2005,0.2606,0.1025,,,,5141,5141,1000,20846,inner_cv,"[{""fold"": ""random"", ""C"": 0.01, ""src"": ""inner_cv"", ""thr"": 0.4852}]",147.03,bootstrap unit: molecule
T3,wide,random,all,fg_secondary_amine,F2,lr,bal_acc,0.6468,0.6258,0.6677,0.5,,,,5141,5141,1000,20846,inner_cv,"[{""fold"": ""random"", ""C"": 0.01, ""src"": ""inner_cv"", ""thr"": 0.4852}]",147.03,bootstrap unit: molecule
T3,wide,random,all,fg_secondary_amine,F2,hgb,auroc,0.7685,0.7491,0.7897,0.5,,,,5141,5141,1000,20846,inner_cv,"[{""fold"": ""random"", ""src"": ""inner_cv"", ""thr"": 0.3938}]",43.35,bootstrap unit: molecule
T3,wide,random,all,fg_secondary_amine,F2,hgb,auprc,0.2982,0.2642,0.3391,0.1025,,,,5141,5141,1000,20846,inner_cv,"[{""fold"": ""random"", ""src"": ""inner_cv"", ""thr"": 0.3938}]",43.35,bootstrap unit: molecule
T3,wide,random,all,fg_secondary_amine,F2,hgb,bal_acc,0.6918,0.6728,0.7106,0.5,,,,5141,5141,1000,20846,inner_cv,"[{""fold"": ""random"", ""src"": ""inner_cv"", ""thr"": 0.3938}]",43.35,bootstrap unit: molecule
T3,wide,random,all,fg_secondary_amine,F2,knn,auroc,0.7061,0.6824,0.7303,0.5,,,,5141,5141,1000,20846,inner_cv,"[{""fold"": ""random"", ""k"": 10, ""src"": ""inner_cv"", ""thr"": 0.097}]",101.54,bootstrap unit: molecule
T3,wide,random,all,fg_secondary_amine,F2,knn,auprc,0.2882,0.256,0.3284,0.1025,,,,5141,5141,1000,20846,inner_cv,"[{""fold"": ""random"", ""k"": 10, ""src"": ""inner_cv"", ""thr"": 0.097}]",101.54,bootstrap unit: molecule
T3,wide,random,all,fg_secondary_amine,F2,knn,bal_acc,0.6543,0.6332,0.6756,0.5,,,,5141,5141,1000,20846,inner_cv,"[{""fold"": ""random"", ""k"": 10, ""src"": ""inner_cv"", ""thr"": 0.097}]",101.54,bootstrap unit: molecule
T3,wide,random,all,fg_secondary_amine,F3,majority,auroc,0.5,0.5,0.5,0.5,,,,5141,5141,1000,20846,fixed,"[{""fold"": ""random"", ""src"": ""fixed"", ""thr"": 0.5}]",2.18,bootstrap unit: molecule
T3,wide,random,all,fg_secondary_amine,F3,majority,auprc,0.1025,0.0947,0.1105,0.1025,,,,5141,5141,1000,20846,fixed,"[{""fold"": ""random"", ""src"": ""fixed"", ""thr"": 0.5}]",2.18,bootstrap unit: molecule
T3,wide,random,all,fg_secondary_amine,F3,majority,bal_acc,0.5,0.5,0.5,0.5,,,,5141,5141,1000,20846,fixed,"[{""fold"": ""random"", ""src"": ""fixed"", ""thr"": 0.5}]",2.18,bootstrap unit: molecule
T3,wide,random,all,fg_secondary_amine,F3,lr,auroc,0.719,0.6964,0.7414,0.5,,,,5141,5141,1000,20846,inner_cv,"[{""fold"": ""random"", ""C"": 0.01, ""src"": ""inner_cv"", ""thr"": 0.4902}]",116.35,bootstrap unit: molecule
T3,wide,random,all,fg_secondary_amine,F3,lr,auprc,0.238,0.2104,0.2723,0.1025,,,,5141,5141,1000,20846,inner_cv,"[{""fold"": ""random"", ""C"": 0.01, ""src"": ""inner_cv"", ""thr"": 0.4902}]",116.35,bootstrap unit: molecule
T3,wide,random,all,fg_secondary_amine,F3,lr,bal_acc,0.6519,0.631,0.672,0.5,,,,5141,5141,1000,20846,inner_cv,"[{""fold"": ""random"", ""C"": 0.01, ""src"": ""inner_cv"", ""thr"": 0.4902}]",116.35,bootstrap unit: molecule
T3,wide,random,all,fg_secondary_amine,F3,hgb,auroc,0.7957,0.7769,0.8146,0.5,0.0099,100,0.501,5141,5141,1000,20846,inner_cv,"[{""fold"": ""random"", ""src"": ""inner_cv"", ""thr"": 0.3507}]",35.26,bootstrap unit: molecule
T3,wide,random,all,fg_secondary_amine,F3,hgb,auprc,0.3358,0.2972,0.3847,0.1025,,,,5141,5141,1000,20846,inner_cv,"[{""fold"": ""random"", ""src"": ""inner_cv"", ""thr"": 0.3507}]",35.26,bootstrap unit: molecule
T3,wide,random,all,fg_secondary_amine,F3,hgb,bal_acc,0.7107,0.6932,0.7287,0.5,,,,5141,5141,1000,20846,inner_cv,"[{""fold"": ""random"", ""src"": ""inner_cv"", ""thr"": 0.3507}]",35.26,bootstrap unit: molecule
T3,wide,random,all,fg_secondary_amine,F3,knn,auroc,0.7199,0.6963,0.744,0.5,,,,5141,5141,1000,20846,inner_cv,"[{""fold"": ""random"", ""k"": 10, ""src"": ""inner_cv"", ""thr"": 0.1008}]",113.19,bootstrap unit: molecule
T3,wide,random,all,fg_secondary_amine,F3,knn,auprc,0.2998,0.2646,0.3395,0.1025,,,,5141,5141,1000,20846,inner_cv,"[{""fold"": ""random"", ""k"": 10, ""src"": ""inner_cv"", ""thr"": 0.1008}]",113.19,bootstrap unit: molecule
T3,wide,random,all,fg_secondary_amine,F3,knn,bal_acc,0.6724,0.6509,0.6928,0.5,,,,5141,5141,1000,20846,inner_cv,"[{""fold"": ""random"", ""k"": 10, ""src"": ""inner_cv"", ""thr"": 0.1008}]",113.19,bootstrap unit: molecule
T3,wide,random,all,fg_secondary_amine,F1.sqrt,majority,auroc,0.5,0.5,0.5,0.5,,,,5141,5141,1000,20846,fixed,"[{""fold"": ""random"", ""src"": ""fixed"", ""thr"": 0.5}]",2.54,bootstrap unit: molecule
T3,wide,random,all,fg_secondary_amine,F1.sqrt,majority,auprc,0.1025,0.0947,0.1105,0.1025,,,,5141,5141,1000,20846,fixed,"[{""fold"": ""random"", ""src"": ""fixed"", ""thr"": 0.5}]",2.54,bootstrap unit: molecule
T3,wide,random,all,fg_secondary_amine,F1.sqrt,majority,bal_acc,0.5,0.5,0.5,0.5,,,,5141,5141,1000,20846,fixed,"[{""fold"": ""random"", ""src"": ""fixed"", ""thr"": 0.5}]",2.54,bootstrap unit: molecule
T3,wide,random,all,fg_secondary_amine,F1.sqrt,lr,auroc,0.7213,0.6995,0.7424,0.5,,,,5141,5141,1000,20846,inner_cv,"[{""fold"": ""random"", ""C"": 0.01, ""src"": ""inner_cv"", ""thr"": 0.4987}]",6.04,bootstrap unit: molecule
T3,wide,random,all,fg_secondary_amine,F1.sqrt,lr,auprc,0.2224,0.1948,0.2529,0.1025,,,,5141,5141,1000,20846,inner_cv,"[{""fold"": ""random"", ""C"": 0.01, ""src"": ""inner_cv"", ""thr"": 0.4987}]",6.04,bootstrap unit: molecule
T3,wide,random,all,fg_secondary_amine,F1.sqrt,lr,bal_acc,0.6665,0.6462,0.6878,0.5,,,,5141,5141,1000,20846,inner_cv,"[{""fold"": ""random"", ""C"": 0.01, ""src"": ""inner_cv"", ""thr"": 0.4987}]",6.04,bootstrap unit: molecule
T3,wide,random,all,fg_secondary_amine,F1.sqrt,hgb,auroc,0.7398,0.718,0.7627,0.5,,,,5141,5141,1000,20846,inner_cv,"[{""fold"": ""random"", ""src"": ""inner_cv"", ""thr"": 0.4423}]",9.91,bootstrap unit: molecule
T3,wide,random,all,fg_secondary_amine,F1.sqrt,hgb,auprc,0.2709,0.2379,0.3116,0.1025,,,,5141,5141,1000,20846,inner_cv,"[{""fold"": ""random"", ""src"": ""inner_cv"", ""thr"": 0.4423}]",9.91,bootstrap unit: molecule
T3,wide,random,all,fg_secondary_amine,F1.sqrt,hgb,bal_acc,0.6721,0.6514,0.6929,0.5,,,,5141,5141,1000,20846,inner_cv,"[{""fold"": ""random"", ""src"": ""inner_cv"", ""thr"": 0.4423}]",9.91,bootstrap unit: molecule
T3,wide,random,all,fg_secondary_amine,F1.sqrt,knn,auroc,0.6304,0.6051,0.6545,0.5,,,,5141,5141,1000,20846,inner_cv,"[{""fold"": ""random"", ""k"": 10, ""src"": ""inner_cv"", ""thr"": 0.0982}]",83.35,bootstrap unit: molecule
T3,wide,random,all,fg_secondary_amine,F1.sqrt,knn,auprc,0.1742,0.1522,0.201,0.1025,,,,5141,5141,1000,20846,inner_cv,"[{""fold"": ""random"", ""k"": 10, ""src"": ""inner_cv"", ""thr"": 0.0982}]",83.35,bootstrap unit: molecule
T3,wide,random,all,fg_secondary_amine,F1.sqrt,knn,bal_acc,0.602,0.5797,0.623,0.5,,,,5141,5141,1000,20846,inner_cv,"[{""fold"": ""random"", ""k"": 10, ""src"": ""inner_cv"", ""thr"": 0.0982}]",83.35,bootstrap unit: molecule
T3,wide,random,all,fg_secondary_amine,F2.lt1700,majority,auroc,0.5,0.5,0.5,0.5,,,,5141,5141,1000,20846,fixed,"[{""fold"": ""random"", ""src"": ""fixed"", ""thr"": 0.5}]",2.33,bootstrap unit: molecule
T3,wide,random,all,fg_secondary_amine,F2.lt1700,majority,auprc,0.1025,0.0947,0.1105,0.1025,,,,5141,5141,1000,20846,fixed,"[{""fold"": ""random"", ""src"": ""fixed"", ""thr"": 0.5}]",2.33,bootstrap unit: molecule
T3,wide,random,all,fg_secondary_amine,F2.lt1700,majority,bal_acc,0.5,0.5,0.5,0.5,,,,5141,5141,1000,20846,fixed,"[{""fold"": ""random"", ""src"": ""fixed"", ""thr"": 0.5}]",2.33,bootstrap unit: molecule
T3,wide,random,all,fg_secondary_amine,F2.lt1700,lr,auroc,0.7096,0.686,0.7319,0.5,,,,5141,5141,1000,20846,inner_cv,"[{""fold"": ""random"", ""C"": 0.01, ""src"": ""inner_cv"", ""thr"": 0.4744}]",129.47,bootstrap unit: molecule
T3,wide,random,all,fg_secondary_amine,F2.lt1700,lr,auprc,0.2262,0.2001,0.2597,0.1025,,,,5141,5141,1000,20846,inner_cv,"[{""fold"": ""random"", ""C"": 0.01, ""src"": ""inner_cv"", ""thr"": 0.4744}]",129.47,bootstrap unit: molecule
T3,wide,random,all,fg_secondary_amine,F2.lt1700,lr,bal_acc,0.6519,0.6313,0.6728,0.5,,,,5141,5141,1000,20846,inner_cv,"[{""fold"": ""random"", ""C"": 0.01, ""src"": ""inner_cv"", ""thr"": 0.4744}]",129.47,bootstrap unit: molecule
T3,wide,random,all,fg_secondary_amine,F2.lt1700,hgb,auroc,0.7727,0.7532,0.7931,0.5,,,,5141,5141,1000,20846,inner_cv,"[{""fold"": ""random"", ""src"": ""inner_cv"", ""thr"": 0.3559}]",34.07,bootstrap unit: molecule
T3,wide,random,all,fg_secondary_amine,F2.lt1700,hgb,auprc,0.2916,0.2594,0.3329,0.1025,,,,5141,5141,1000,20846,inner_cv,"[{""fold"": ""random"", ""src"": ""inner_cv"", ""thr"": 0.3559}]",34.07,bootstrap unit: molecule
T3,wide,random,all,fg_secondary_amine,F2.lt1700,hgb,bal_acc,0.6868,0.6695,0.7045,0.5,,,,5141,5141,1000,20846,inner_cv,"[{""fold"": ""random"", ""src"": ""inner_cv"", ""thr"": 0.3559}]",34.07,bootstrap unit: molecule
T3,wide,random,all,fg_secondary_amine,F2.lt1700,knn,auroc,0.7151,0.6899,0.7398,0.5,,,,5141,5141,1000,20846,inner_cv,"[{""fold"": ""random"", ""k"": 10, ""src"": ""inner_cv"", ""thr"": 0.1079}]",95.41,bootstrap unit: molecule
T3,wide,random,all,fg_secondary_amine,F2.lt1700,knn,auprc,0.2995,0.2645,0.3404,0.1025,,,,5141,5141,1000,20846,inner_cv,"[{""fold"": ""random"", ""k"": 10, ""src"": ""inner_cv"", ""thr"": 0.1079}]",95.41,bootstrap unit: molecule
T3,wide,random,all,fg_secondary_amine,F2.lt1700,knn,bal_acc,0.6633,0.6425,0.6845,0.5,,,,5141,5141,1000,20846,inner_cv,"[{""fold"": ""random"", ""k"": 10, ""src"": ""inner_cv"", ""thr"": 0.1079}]",95.41,bootstrap unit: molecule
T3,wide,random,all,fg_secondary_amine,F3.lt1700,majority,auroc,0.5,0.5,0.5,0.5,,,,5141,5141,1000,20846,fixed,"[{""fold"": ""random"", ""src"": ""fixed"", ""thr"": 0.5}]",2.77,bootstrap unit: molecule
T3,wide,random,all,fg_secondary_amine,F3.lt1700,majority,auprc,0.1025,0.0947,0.1105,0.1025,,,,5141,5141,1000,20846,fixed,"[{""fold"": ""random"", ""src"": ""fixed"", ""thr"": 0.5}]",2.77,bootstrap unit: molecule
T3,wide,random,all,fg_secondary_amine,F3.lt1700,majority,bal_acc,0.5,0.5,0.5,0.5,,,,5141,5141,1000,20846,fixed,"[{""fold"": ""random"", ""src"": ""fixed"", ""thr"": 0.5}]",2.77,bootstrap unit: molecule
T3,wide,random,all,fg_secondary_amine,F3.lt1700,lr,auroc,0.7215,0.6981,0.7445,0.5,,,,5141,5141,1000,20846,inner_cv,"[{""fold"": ""random"", ""C"": 0.01, ""src"": ""inner_cv"", ""thr"": 0.4891}]",84.56,bootstrap unit: molecule
T3,wide,random,all,fg_secondary_amine,F3.lt1700,lr,auprc,0.2385,0.2106,0.2733,0.1025,,,,5141,5141,1000,20846,inner_cv,"[{""fold"": ""random"", ""C"": 0.01, ""src"": ""inner_cv"", ""thr"": 0.4891}]",84.56,bootstrap unit: molecule
T3,wide,random,all,fg_secondary_amine,F3.lt1700,lr,bal_acc,0.6621,0.641,0.6835,0.5,,,,5141,5141,1000,20846,inner_cv,"[{""fold"": ""random"", ""C"": 0.01, ""src"": ""inner_cv"", ""thr"": 0.4891}]",84.56,bootstrap unit: molecule
T3,wide,random,all,fg_secondary_amine,F3.lt1700,hgb,auroc,0.7912,0.7714,0.8114,0.5,,,,5141,5141,1000,20846,inner_cv,"[{""fold"": ""random"", ""src"": ""inner_cv"", ""thr"": 0.3818}]",32.43,bootstrap unit: molecule
T3,wide,random,all,fg_secondary_amine,F3.lt1700,hgb,auprc,0.3357,0.2942,0.3823,0.1025,,,,5141,5141,1000,20846,inner_cv,"[{""fold"": ""random"", ""src"": ""inner_cv"", ""thr"": 0.3818}]",32.43,bootstrap unit: molecule
T3,wide,random,all,fg_secondary_amine,F3.lt1700,hgb,bal_acc,0.7036,0.6857,0.7225,0.5,,,,5141,5141,1000,20846,inner_cv,"[{""fold"": ""random"", ""src"": ""inner_cv"", ""thr"": 0.3818}]",32.43,bootstrap unit: molecule
T3,wide,random,all,fg_secondary_amine,F3.lt1700,knn,auroc,0.745,0.7214,0.7687,0.5,,,,5141,5141,1000,20846,inner_cv,"[{""fold"": ""random"", ""k"": 10, ""src"": ""inner_cv"", ""thr"": 0.1042}]",113.9,bootstrap unit: molecule
T3,wide,random,all,fg_secondary_amine,F3.lt1700,knn,auprc,0.3205,0.2827,0.3641,0.1025,,,,5141,5141,1000,20846,inner_cv,"[{""fold"": ""random"", ""k"": 10, ""src"": ""inner_cv"", ""thr"": 0.1042}]",113.9,bootstrap unit: molecule
T3,wide,random,all,fg_secondary_amine,F3.lt1700,knn,bal_acc,0.6859,0.6645,0.7074,0.5,,,,5141,5141,1000,20846,inner_cv,"[{""fold"": ""random"", ""k"": 10, ""src"": ""inner_cv"", ""thr"": 0.1042}]",113.9,bootstrap unit: molecule
T3,wide,random,all,fg_amide,F1,majority,auroc,0.5,0.5,0.5,0.5,,,,5141,5141,1000,20846,fixed,"[{""fold"": ""random"", ""src"": ""fixed"", ""thr"": 0.5}]",2.06,bootstrap unit: molecule
T3,wide,random,all,fg_amide,F1,majority,auprc,0.0652,0.0585,0.0718,0.0652,,,,5141,5141,1000,20846,fixed,"[{""fold"": ""random"", ""src"": ""fixed"", ""thr"": 0.5}]",2.06,bootstrap unit: molecule
T3,wide,random,all,fg_amide,F1,majority,bal_acc,0.5,0.5,0.5,0.5,,,,5141,5141,1000,20846,fixed,"[{""fold"": ""random"", ""src"": ""fixed"", ""thr"": 0.5}]",2.06,bootstrap unit: molecule
T3,wide,random,all,fg_amide,F1,lr,auroc,0.7821,0.7596,0.8018,0.5,0.0099,100,0.4982,5141,5141,1000,20846,inner_cv,"[{""fold"": ""random"", ""C"": 0.01, ""src"": ""inner_cv"", ""thr"": 0.4253}]",4.31,bootstrap unit: molecule
T3,wide,random,all,fg_amide,F1,lr,auprc,0.1717,0.1469,0.2061,0.0652,,,,5141,5141,1000,20846,inner_cv,"[{""fold"": ""random"", ""C"": 0.01, ""src"": ""inner_cv"", ""thr"": 0.4253}]",4.31,bootstrap unit: molecule
T3,wide,random,all,fg_amide,F1,lr,bal_acc,0.728,0.7043,0.7493,0.5,,,,5141,5141,1000,20846,inner_cv,"[{""fold"": ""random"", ""C"": 0.01, ""src"": ""inner_cv"", ""thr"": 0.4253}]",4.31,bootstrap unit: molecule
T3,wide,random,all,fg_amide,F1,hgb,auroc,0.8671,0.8488,0.8845,0.5,,,,5141,5141,1000,20846,inner_cv,"[{""fold"": ""random"", ""src"": ""inner_cv"", ""thr"": 0.4128}]",7.53,bootstrap unit: molecule
T3,wide,random,all,fg_amide,F1,hgb,auprc,0.3662,0.314,0.4211,0.0652,,,,5141,5141,1000,20846,inner_cv,"[{""fold"": ""random"", ""src"": ""inner_cv"", ""thr"": 0.4128}]",7.53,bootstrap unit: molecule
T3,wide,random,all,fg_amide,F1,hgb,bal_acc,0.7853,0.7629,0.8071,0.5,,,,5141,5141,1000,20846,inner_cv,"[{""fold"": ""random"", ""src"": ""inner_cv"", ""thr"": 0.4128}]",7.53,bootstrap unit: molecule
T3,wide,random,all,fg_amide,F1,knn,auroc,0.6275,0.5951,0.6573,0.5,,,,5141,5141,1000,20846,inner_cv,"[{""fold"": ""random"", ""k"": 10, ""src"": ""inner_cv"", ""thr"": 0.0942}]",79.75,bootstrap unit: molecule
T3,wide,random,all,fg_amide,F1,knn,auprc,0.1079,0.0898,0.1313,0.0652,,,,5141,5141,1000,20846,inner_cv,"[{""fold"": ""random"", ""k"": 10, ""src"": ""inner_cv"", ""thr"": 0.0942}]",79.75,bootstrap unit: molecule
T3,wide,random,all,fg_amide,F1,knn,bal_acc,0.6143,0.5875,0.6412,0.5,,,,5141,5141,1000,20846,inner_cv,"[{""fold"": ""random"", ""k"": 10, ""src"": ""inner_cv"", ""thr"": 0.0942}]",79.75,bootstrap unit: molecule
T3,wide,random,all,fg_amide,F1pos,majority,auroc,0.5,0.5,0.5,0.5,,,,5141,5141,1000,20846,fixed,"[{""fold"": ""random"", ""src"": ""fixed"", ""thr"": 0.5}]",1.89,bootstrap unit: molecule
T3,wide,random,all,fg_amide,F1pos,majority,auprc,0.0652,0.0585,0.0718,0.0652,,,,5141,5141,1000,20846,fixed,"[{""fold"": ""random"", ""src"": ""fixed"", ""thr"": 0.5}]",1.89,bootstrap unit: molecule
T3,wide,random,all,fg_amide,F1pos,majority,bal_acc,0.5,0.5,0.5,0.5,,,,5141,5141,1000,20846,fixed,"[{""fold"": ""random"", ""src"": ""fixed"", ""thr"": 0.5}]",1.89,bootstrap unit: molecule
T3,wide,random,all,fg_amide,F1pos,lr,auroc,0.8515,0.8334,0.8689,0.5,,,,5141,5141,1000,20846,inner_cv,"[{""fold"": ""random"", ""C"": 0.01, ""src"": ""inner_cv"", ""thr"": 0.4649}]",4.66,bootstrap unit: molecule
T3,wide,random,all,fg_amide,F1pos,lr,auprc,0.2673,0.2275,0.3153,0.0652,,,,5141,5141,1000,20846,inner_cv,"[{""fold"": ""random"", ""C"": 0.01, ""src"": ""inner_cv"", ""thr"": 0.4649}]",4.66,bootstrap unit: molecule
T3,wide,random,all,fg_amide,F1pos,lr,bal_acc,0.7711,0.7469,0.7926,0.5,,,,5141,5141,1000,20846,inner_cv,"[{""fold"": ""random"", ""C"": 0.01, ""src"": ""inner_cv"", ""thr"": 0.4649}]",4.66,bootstrap unit: molecule
T3,wide,random,all,fg_amide,F1pos,hgb,auroc,0.8427,0.8248,0.8614,0.5,,,,5141,5141,1000,20846,inner_cv,"[{""fold"": ""random"", ""src"": ""inner_cv"", ""thr"": 0.2808}]",9.4,bootstrap unit: molecule
T3,wide,random,all,fg_amide,F1pos,hgb,auprc,0.2806,0.2388,0.3338,0.0652,,,,5141,5141,1000,20846,inner_cv,"[{""fold"": ""random"", ""src"": ""inner_cv"", ""thr"": 0.2808}]",9.4,bootstrap unit: molecule
T3,wide,random,all,fg_amide,F1pos,hgb,bal_acc,0.7779,0.7623,0.7911,0.5,,,,5141,5141,1000,20846,inner_cv,"[{""fold"": ""random"", ""src"": ""inner_cv"", ""thr"": 0.2808}]",9.4,bootstrap unit: molecule
T3,wide,random,all,fg_amide,F1pos,knn,auroc,0.5639,0.5356,0.5926,0.5,,,,5141,5141,1000,20846,inner_cv,"[{""fold"": ""random"", ""k"": 10, ""src"": ""inner_cv"", ""thr"": 0.0952}]",86.6,bootstrap unit: molecule
T3,wide,random,all,fg_amide,F1pos,knn,auprc,0.088,0.0747,0.1064,0.0652,,,,5141,5141,1000,20846,inner_cv,"[{""fold"": ""random"", ""k"": 10, ""src"": ""inner_cv"", ""thr"": 0.0952}]",86.6,bootstrap unit: molecule
T3,wide,random,all,fg_amide,F1pos,knn,bal_acc,0.5521,0.5259,0.5782,0.5,,,,5141,5141,1000,20846,inner_cv,"[{""fold"": ""random"", ""k"": 10, ""src"": ""inner_cv"", ""thr"": 0.0952}]",86.6,bootstrap unit: molecule
T3,wide,random,all,fg_amide,F2,majority,auroc,0.5,0.5,0.5,0.5,,,,5141,5141,1000,20846,fixed,"[{""fold"": ""random"", ""src"": ""fixed"", ""thr"": 0.5}]",1.31,bootstrap unit: molecule
T3,wide,random,all,fg_amide,F2,majority,auprc,0.0652,0.0585,0.0718,0.0652,,,,5141,5141,1000,20846,fixed,"[{""fold"": ""random"", ""src"": ""fixed"", ""thr"": 0.5}]",1.31,bootstrap unit: molecule
T3,wide,random,all,fg_amide,F2,majority,bal_acc,0.5,0.5,0.5,0.5,,,,5141,5141,1000,20846,fixed,"[{""fold"": ""random"", ""src"": ""fixed"", ""thr"": 0.5}]",1.31,bootstrap unit: molecule
T3,wide,random,all,fg_amide,F2,lr,auroc,0.7743,0.753,0.7953,0.5,,,,5141,5141,1000,20846,inner_cv,"[{""fold"": ""random"", ""C"": 0.01, ""src"": ""inner_cv"", ""thr"": 0.3805}]",124.89,bootstrap unit: molecule
T3,wide,random,all,fg_amide,F2,lr,auprc,0.165,0.1415,0.1971,0.0652,,,,5141,5141,1000,20846,inner_cv,"[{""fold"": ""random"", ""C"": 0.01, ""src"": ""inner_cv"", ""thr"": 0.3805}]",124.89,bootstrap unit: molecule
T3,wide,random,all,fg_amide,F2,lr,bal_acc,0.7172,0.6949,0.7366,0.5,,,,5141,5141,1000,20846,inner_cv,"[{""fold"": ""random"", ""C"": 0.01, ""src"": ""inner_cv"", ""thr"": 0.3805}]",124.89,bootstrap unit: molecule
T3,wide,random,all,fg_amide,F2,hgb,auroc,0.8968,0.8807,0.9107,0.5,,,,5141,5141,1000,20846,inner_cv,"[{""fold"": ""random"", ""src"": ""inner_cv"", ""thr"": 0.3086}]",58.77,bootstrap unit: molecule
T3,wide,random,all,fg_amide,F2,hgb,auprc,0.4842,0.4328,0.5382,0.0652,,,,5141,5141,1000,20846,inner_cv,"[{""fold"": ""random"", ""src"": ""inner_cv"", ""thr"": 0.3086}]",58.77,bootstrap unit: molecule
T3,wide,random,all,fg_amide,F2,hgb,bal_acc,0.8028,0.7814,0.8205,0.5,,,,5141,5141,1000,20846,inner_cv,"[{""fold"": ""random"", ""src"": ""inner_cv"", ""thr"": 0.3086}]",58.77,bootstrap unit: molecule
T3,wide,random,all,fg_amide,F2,knn,auroc,0.7069,0.6762,0.7356,0.5,,,,5141,5141,1000,20846,inner_cv,"[{""fold"": ""random"", ""k"": 10, ""src"": ""inner_cv"", ""thr"": 0.0931}]",95.7,bootstrap unit: molecule
T3,wide,random,all,fg_amide,F2,knn,auprc,0.2013,0.1661,0.2471,0.0652,,,,5141,5141,1000,20846,inner_cv,"[{""fold"": ""random"", ""k"": 10, ""src"": ""inner_cv"", ""thr"": 0.0931}]",95.7,bootstrap unit: molecule
T3,wide,random,all,fg_amide,F2,knn,bal_acc,0.6858,0.6583,0.7121,0.5,,,,5141,5141,1000,20846,inner_cv,"[{""fold"": ""random"", ""k"": 10, ""src"": ""inner_cv"", ""thr"": 0.0931}]",95.7,bootstrap unit: molecule
T3,wide,random,all,fg_amide,F3,majority,auroc,0.5,0.5,0.5,0.5,,,,5141,5141,1000,20846,fixed,"[{""fold"": ""random"", ""src"": ""fixed"", ""thr"": 0.5}]",1.64,bootstrap unit: molecule
T3,wide,random,all,fg_amide,F3,majority,auprc,0.0652,0.0585,0.0718,0.0652,,,,5141,5141,1000,20846,fixed,"[{""fold"": ""random"", ""src"": ""fixed"", ""thr"": 0.5}]",1.64,bootstrap unit: molecule
T3,wide,random,all,fg_amide,F3,majority,bal_acc,0.5,0.5,0.5,0.5,,,,5141,5141,1000,20846,fixed,"[{""fold"": ""random"", ""src"": ""fixed"", ""thr"": 0.5}]",1.64,bootstrap unit: molecule
T3,wide,random,all,fg_amide,F3,lr,auroc,0.7898,0.7692,0.81,0.5,,,,5141,5141,1000,20846,inner_cv,"[{""fold"": ""random"", ""C"": 0.01, ""src"": ""inner_cv"", ""thr"": 0.3896}]",83.93,bootstrap unit: molecule
T3,wide,random,all,fg_amide,F3,lr,auprc,0.1852,0.1586,0.222,0.0652,,,,5141,5141,1000,20846,inner_cv,"[{""fold"": ""random"", ""C"": 0.01, ""src"": ""inner_cv"", ""thr"": 0.3896}]",83.93,bootstrap unit: molecule
T3,wide,random,all,fg_amide,F3,lr,bal_acc,0.7204,0.6976,0.7414,0.5,,,,5141,5141,1000,20846,inner_cv,"[{""fold"": ""random"", ""C"": 0.01, ""src"": ""inner_cv"", ""thr"": 0.3896}]",83.93,bootstrap unit: molecule
T3,wide,random,all,fg_amide,F3,hgb,auroc,0.9245,0.9131,0.9344,0.5,0.0099,100,0.4994,5141,5141,1000,20846,inner_cv,"[{""fold"": ""random"", ""src"": ""inner_cv"", ""thr"": 0.2197}]",36.38,bootstrap unit: molecule
T3,wide,random,all,fg_amide,F3,hgb,auprc,0.5307,0.4788,0.5822,0.0652,,,,5141,5141,1000,20846,inner_cv,"[{""fold"": ""random"", ""src"": ""inner_cv"", ""thr"": 0.2197}]",36.38,bootstrap unit: molecule
T3,wide,random,all,fg_amide,F3,hgb,bal_acc,0.8348,0.8209,0.8465,0.5,,,,5141,5141,1000,20846,inner_cv,"[{""fold"": ""random"", ""src"": ""inner_cv"", ""thr"": 0.2197}]",36.38,bootstrap unit: molecule
T3,wide,random,all,fg_amide,F3,knn,auroc,0.7524,0.7216,0.7807,0.5,,,,5141,5141,1000,20846,inner_cv,"[{""fold"": ""random"", ""k"": 10, ""src"": ""inner_cv"", ""thr"": 0.0932}]",97.98,bootstrap unit: molecule
T3,wide,random,all,fg_amide,F3,knn,auprc,0.2464,0.2065,0.2965,0.0652,,,,5141,5141,1000,20846,inner_cv,"[{""fold"": ""random"", ""k"": 10, ""src"": ""inner_cv"", ""thr"": 0.0932}]",97.98,bootstrap unit: molecule
T3,wide,random,all,fg_amide,F3,knn,bal_acc,0.7208,0.6939,0.7464,0.5,,,,5141,5141,1000,20846,inner_cv,"[{""fold"": ""random"", ""k"": 10, ""src"": ""inner_cv"", ""thr"": 0.0932}]",97.98,bootstrap unit: molecule
T3,wide,random,all,fg_amide,F1.sqrt,majority,auroc,0.5,0.5,0.5,0.5,,,,5141,5141,1000,20846,fixed,"[{""fold"": ""random"", ""src"": ""fixed"", ""thr"": 0.5}]",1.21,bootstrap unit: molecule
T3,wide,random,all,fg_amide,F1.sqrt,majority,auprc,0.0652,0.0585,0.0718,0.0652,,,,5141,5141,1000,20846,fixed,"[{""fold"": ""random"", ""src"": ""fixed"", ""thr"": 0.5}]",1.21,bootstrap unit: molecule
T3,wide,random,all,fg_amide,F1.sqrt,majority,bal_acc,0.5,0.5,0.5,0.5,,,,5141,5141,1000,20846,fixed,"[{""fold"": ""random"", ""src"": ""fixed"", ""thr"": 0.5}]",1.21,bootstrap unit: molecule
T3,wide,random,all,fg_amide,F1.sqrt,lr,auroc,0.8236,0.8039,0.8415,0.5,,,,5141,5141,1000,20846,inner_cv,"[{""fold"": ""random"", ""C"": 0.01, ""src"": ""inner_cv"", ""thr"": 0.4202}]",4.17,bootstrap unit: molecule
T3,wide,random,all,fg_amide,F1.sqrt,lr,auprc,0.2173,0.1846,0.2591,0.0652,,,,5141,5141,1000,20846,inner_cv,"[{""fold"": ""random"", ""C"": 0.01, ""src"": ""inner_cv"", ""thr"": 0.4202}]",4.17,bootstrap unit: molecule
T3,wide,random,all,fg_amide,F1.sqrt,lr,bal_acc,0.7539,0.731,0.7742,0.5,,,,5141,5141,1000,20846,inner_cv,"[{""fold"": ""random"", ""C"": 0.01, ""src"": ""inner_cv"", ""thr"": 0.4202}]",4.17,bootstrap unit: molecule
T3,wide,random,all,fg_amide,F1.sqrt,hgb,auroc,0.8671,0.8489,0.8845,0.5,,,,5141,5141,1000,20846,inner_cv,"[{""fold"": ""random"", ""src"": ""inner_cv"", ""thr"": 0.4128}]",4.94,bootstrap unit: molecule
T3,wide,random,all,fg_amide,F1.sqrt,hgb,auprc,0.3664,0.314,0.4215,0.0652,,,,5141,5141,1000,20846,inner_cv,"[{""fold"": ""random"", ""src"": ""inner_cv"", ""thr"": 0.4128}]",4.94,bootstrap unit: molecule
T3,wide,random,all,fg_amide,F1.sqrt,hgb,bal_acc,0.7853,0.7629,0.8071,0.5,,,,5141,5141,1000,20846,inner_cv,"[{""fold"": ""random"", ""src"": ""inner_cv"", ""thr"": 0.4128}]",4.94,bootstrap unit: molecule
T3,wide,random,all,fg_amide,F1.sqrt,knn,auroc,0.645,0.6123,0.6732,0.5,,,,5141,5141,1000,20846,inner_cv,"[{""fold"": ""random"", ""k"": 10, ""src"": ""inner_cv"", ""thr"": 0.0933}]",65.19,bootstrap unit: molecule
T3,wide,random,all,fg_amide,F1.sqrt,knn,auprc,0.1253,0.1017,0.1551,0.0652,,,,5141,5141,1000,20846,inner_cv,"[{""fold"": ""random"", ""k"": 10, ""src"": ""inner_cv"", ""thr"": 0.0933}]",65.19,bootstrap unit: molecule
T3,wide,random,all,fg_amide,F1.sqrt,knn,bal_acc,0.6277,0.6005,0.6535,0.5,,,,5141,5141,1000,20846,inner_cv,"[{""fold"": ""random"", ""k"": 10, ""src"": ""inner_cv"", ""thr"": 0.0933}]",65.19,bootstrap unit: molecule
T3,wide,random,all,fg_amide,F2.lt1700,majority,auroc,0.5,0.5,0.5,0.5,,,,5141,5141,1000,20846,fixed,"[{""fold"": ""random"", ""src"": ""fixed"", ""thr"": 0.5}]",2.13,bootstrap unit: molecule
T3,wide,random,all,fg_amide,F2.lt1700,majority,auprc,0.0652,0.0585,0.0718,0.0652,,,,5141,5141,1000,20846,fixed,"[{""fold"": ""random"", ""src"": ""fixed"", ""thr"": 0.5}]",2.13,bootstrap unit: molecule
T3,wide,random,all,fg_amide,F2.lt1700,majority,bal_acc,0.5,0.5,0.5,0.5,,,,5141,5141,1000,20846,fixed,"[{""fold"": ""random"", ""src"": ""fixed"", ""thr"": 0.5}]",2.13,bootstrap unit: molecule
T3,wide,random,all,fg_amide,F2.lt1700,lr,auroc,0.7182,0.6924,0.7443,0.5,,,,5141,5141,1000,20846,inner_cv,"[{""fold"": ""random"", ""C"": 0.01, ""src"": ""inner_cv"", ""thr"": 0.4481}]",138.22,bootstrap unit: molecule
T3,wide,random,all,fg_amide,F2.lt1700,lr,auprc,0.1328,0.1134,0.1582,0.0652,,,,5141,5141,1000,20846,inner_cv,"[{""fold"": ""random"", ""C"": 0.01, ""src"": ""inner_cv"", ""thr"": 0.4481}]",138.22,bootstrap unit: molecule
T3,wide,random,all,fg_amide,F2.lt1700,lr,bal_acc,0.666,0.6394,0.6903,0.5,,,,5141,5141,1000,20846,inner_cv,"[{""fold"": ""random"", ""C"": 0.01, ""src"": ""inner_cv"", ""thr"": 0.4481}]",138.22,bootstrap unit: molecule
T3,wide,random,all,fg_amide,F2.lt1700,hgb,auroc,0.8744,0.8571,0.8911,0.5,,,,5141,5141,1000,20846,inner_cv,"[{""fold"": ""random"", ""src"": ""inner_cv"", ""thr"": 0.3367}]",43.34,bootstrap unit: molecule
T3,wide,random,all,fg_amide,F2.lt1700,hgb,auprc,0.4339,0.3801,0.4865,0.0652,,,,5141,5141,1000,20846,inner_cv,"[{""fold"": ""random"", ""src"": ""inner_cv"", ""thr"": 0.3367}]",43.34,bootstrap unit: molecule
T3,wide,random,all,fg_amide,F2.lt1700,hgb,bal_acc,0.772,0.7489,0.7932,0.5,,,,5141,5141,1000,20846,inner_cv,"[{""fold"": ""random"", ""src"": ""inner_cv"", ""thr"": 0.3367}]",43.34,bootstrap unit: molecule
T3,wide,random,all,fg_amide,F2.lt1700,knn,auroc,0.6611,0.6301,0.6905,0.5,,,,5141,5141,1000,20846,inner_cv,"[{""fold"": ""random"", ""k"": 10, ""src"": ""inner_cv"", ""thr"": 0.0932}]",81.41,bootstrap unit: molecule
T3,wide,random,all,fg_amide,F2.lt1700,knn,auprc,0.1487,0.1218,0.1855,0.0652,,,,5141,5141,1000,20846,inner_cv,"[{""fold"": ""random"", ""k"": 10, ""src"": ""inner_cv"", ""thr"": 0.0932}]",81.41,bootstrap unit: molecule
T3,wide,random,all,fg_amide,F2.lt1700,knn,bal_acc,0.6445,0.6165,0.6717,0.5,,,,5141,5141,1000,20846,inner_cv,"[{""fold"": ""random"", ""k"": 10, ""src"": ""inner_cv"", ""thr"": 0.0932}]",81.41,bootstrap unit: molecule
T3,wide,random,all,fg_amide,F3.lt1700,majority,auroc,0.5,0.5,0.5,0.5,,,,5141,5141,1000,20846,fixed,"[{""fold"": ""random"", ""src"": ""fixed"", ""thr"": 0.5}]",4.07,bootstrap unit: molecule
T3,wide,random,all,fg_amide,F3.lt1700,majority,auprc,0.0652,0.0585,0.0718,0.0652,,,,5141,5141,1000,20846,fixed,"[{""fold"": ""random"", ""src"": ""fixed"", ""thr"": 0.5}]",4.07,bootstrap unit: molecule
T3,wide,random,all,fg_amide,F3.lt1700,majority,bal_acc,0.5,0.5,0.5,0.5,,,,5141,5141,1000,20846,fixed,"[{""fold"": ""random"", ""src"": ""fixed"", ""thr"": 0.5}]",4.07,bootstrap unit: molecule
T3,wide,random,all,fg_amide,F3.lt1700,lr,auroc,0.7212,0.6958,0.747,0.5,,,,5141,5141,1000,20846,inner_cv,"[{""fold"": ""random"", ""C"": 0.01, ""src"": ""inner_cv"", ""thr"": 0.4628}]",107.14,bootstrap unit: molecule
T3,wide,random,all,fg_amide,F3.lt1700,lr,auprc,0.1367,0.1163,0.1652,0.0652,,,,5141,5141,1000,20846,inner_cv,"[{""fold"": ""random"", ""C"": 0.01, ""src"": ""inner_cv"", ""thr"": 0.4628}]",107.14,bootstrap unit: molecule
T3,wide,random,all,fg_amide,F3.lt1700,lr,bal_acc,0.6693,0.6451,0.6938,0.5,,,,5141,5141,1000,20846,inner_cv,"[{""fold"": ""random"", ""C"": 0.01, ""src"": ""inner_cv"", ""thr"": 0.4628}]",107.14,bootstrap unit: molecule
T3,wide,random,all,fg_amide,F3.lt1700,hgb,auroc,0.8998,0.8858,0.9131,0.5,,,,5141,5141,1000,20846,inner_cv,"[{""fold"": ""random"", ""src"": ""inner_cv"", ""thr"": 0.3264}]",31.56,bootstrap unit: molecule
T3,wide,random,all,fg_amide,F3.lt1700,hgb,auprc,0.4895,0.4339,0.543,0.0652,,,,5141,5141,1000,20846,inner_cv,"[{""fold"": ""random"", ""src"": ""inner_cv"", ""thr"": 0.3264}]",31.56,bootstrap unit: molecule
T3,wide,random,all,fg_amide,F3.lt1700,hgb,bal_acc,0.8181,0.7984,0.8354,0.5,,,,5141,5141,1000,20846,inner_cv,"[{""fold"": ""random"", ""src"": ""inner_cv"", ""thr"": 0.3264}]",31.56,bootstrap unit: molecule
T3,wide,random,all,fg_amide,F3.lt1700,knn,auroc,0.6991,0.667,0.7308,0.5,,,,5141,5141,1000,20846,inner_cv,"[{""fold"": ""random"", ""k"": 10, ""src"": ""inner_cv"", ""thr"": 0.0962}]",65.44,bootstrap unit: molecule
T3,wide,random,all,fg_amide,F3.lt1700,knn,auprc,0.2069,0.1685,0.256,0.0652,,,,5141,5141,1000,20846,inner_cv,"[{""fold"": ""random"", ""k"": 10, ""src"": ""inner_cv"", ""thr"": 0.0962}]",65.44,bootstrap unit: molecule
T3,wide,random,all,fg_amide,F3.lt1700,knn,bal_acc,0.6716,0.6434,0.6991,0.5,,,,5141,5141,1000,20846,inner_cv,"[{""fold"": ""random"", ""k"": 10, ""src"": ""inner_cv"", ""thr"": 0.0962}]",65.44,bootstrap unit: molecule
T3,wide,random,all,fg_hydroxyl_aliphatic,F1,majority,auroc,0.5,0.5,0.5,0.5,,,,5141,5141,1000,20846,fixed,"[{""fold"": ""random"", ""src"": ""fixed"", ""thr"": 0.5}]",1.68,bootstrap unit: molecule
T3,wide,random,all,fg_hydroxyl_aliphatic,F1,majority,auprc,0.2898,0.278,0.3033,0.2898,,,,5141,5141,1000,20846,fixed,"[{""fold"": ""random"", ""src"": ""fixed"", ""thr"": 0.5}]",1.68,bootstrap unit: molecule
T3,wide,random,all,fg_hydroxyl_aliphatic,F1,majority,bal_acc,0.5,0.5,0.5,0.5,,,,5141,5141,1000,20846,fixed,"[{""fold"": ""random"", ""src"": ""fixed"", ""thr"": 0.5}]",1.68,bootstrap unit: molecule
T3,wide,random,all,fg_hydroxyl_aliphatic,F1,lr,auroc,0.6939,0.6783,0.7087,0.5,0.0099,100,0.4987,5141,5141,1000,20846,inner_cv,"[{""fold"": ""random"", ""C"": 0.1, ""src"": ""inner_cv"", ""thr"": 0.4597}]",6.01,bootstrap unit: molecule
T3,wide,random,all,fg_hydroxyl_aliphatic,F1,lr,auprc,0.4594,0.4348,0.4855,0.2898,,,,5141,5141,1000,20846,inner_cv,"[{""fold"": ""random"", ""C"": 0.1, ""src"": ""inner_cv"", ""thr"": 0.4597}]",6.01,bootstrap unit: molecule
T3,wide,random,all,fg_hydroxyl_aliphatic,F1,lr,bal_acc,0.6354,0.622,0.6498,0.5,,,,5141,5141,1000,20846,inner_cv,"[{""fold"": ""random"", ""C"": 0.1, ""src"": ""inner_cv"", ""thr"": 0.4597}]",6.01,bootstrap unit: molecule
T3,wide,random,all,fg_hydroxyl_aliphatic,F1,hgb,auroc,0.7465,0.733,0.7603,0.5,,,,5141,5141,1000,20846,inner_cv,"[{""fold"": ""random"", ""src"": ""inner_cv"", ""thr"": 0.4802}]",5.36,bootstrap unit: molecule
T3,wide,random,all,fg_hydroxyl_aliphatic,F1,hgb,auprc,0.5598,0.5322,0.5878,0.2898,,,,5141,5141,1000,20846,inner_cv,"[{""fold"": ""random"", ""src"": ""inner_cv"", ""thr"": 0.4802}]",5.36,bootstrap unit: molecule
T3,wide,random,all,fg_hydroxyl_aliphatic,F1,hgb,bal_acc,0.6763,0.6634,0.6902,0.5,,,,5141,5141,1000,20846,inner_cv,"[{""fold"": ""random"", ""src"": ""inner_cv"", ""thr"": 0.4802}]",5.36,bootstrap unit: molecule
T3,wide,random,all,fg_hydroxyl_aliphatic,F1,knn,auroc,0.6223,0.6061,0.6392,0.5,,,,5141,5141,1000,20846,inner_cv,"[{""fold"": ""random"", ""k"": 10, ""src"": ""inner_cv"", ""thr"": 0.2899}]",40.76,bootstrap unit: molecule
T3,wide,random,all,fg_hydroxyl_aliphatic,F1,knn,auprc,0.3813,0.3609,0.4049,0.2898,,,,5141,5141,1000,20846,inner_cv,"[{""fold"": ""random"", ""k"": 10, ""src"": ""inner_cv"", ""thr"": 0.2899}]",40.76,bootstrap unit: molecule
T3,wide,random,all,fg_hydroxyl_aliphatic,F1,knn,bal_acc,0.5957,0.5815,0.6105,0.5,,,,5141,5141,1000,20846,inner_cv,"[{""fold"": ""random"", ""k"": 10, ""src"": ""inner_cv"", ""thr"": 0.2899}]",40.76,bootstrap unit: molecule
T3,wide,random,all,fg_hydroxyl_aliphatic,F1pos,majority,auroc,0.5,0.5,0.5,0.5,,,,5141,5141,1000,20846,fixed,"[{""fold"": ""random"", ""src"": ""fixed"", ""thr"": 0.5}]",1.53,bootstrap unit: molecule
T3,wide,random,all,fg_hydroxyl_aliphatic,F1pos,majority,auprc,0.2898,0.278,0.3033,0.2898,,,,5141,5141,1000,20846,fixed,"[{""fold"": ""random"", ""src"": ""fixed"", ""thr"": 0.5}]",1.53,bootstrap unit: molecule
T3,wide,random,all,fg_hydroxyl_aliphatic,F1pos,majority,bal_acc,0.5,0.5,0.5,0.5,,,,5141,5141,1000,20846,fixed,"[{""fold"": ""random"", ""src"": ""fixed"", ""thr"": 0.5}]",1.53,bootstrap unit: molecule
T3,wide,random,all,fg_hydroxyl_aliphatic,F1pos,lr,auroc,0.7379,0.724,0.7522,0.5,,,,5141,5141,1000,20846,inner_cv,"[{""fold"": ""random"", ""C"": 10.0, ""src"": ""inner_cv"", ""thr"": 0.4783}]",3.89,bootstrap unit: molecule
T3,wide,random,all,fg_hydroxyl_aliphatic,F1pos,lr,auprc,0.5376,0.5109,0.5646,0.2898,,,,5141,5141,1000,20846,inner_cv,"[{""fold"": ""random"", ""C"": 10.0, ""src"": ""inner_cv"", ""thr"": 0.4783}]",3.89,bootstrap unit: molecule
T3,wide,random,all,fg_hydroxyl_aliphatic,F1pos,lr,bal_acc,0.6725,0.6588,0.6862,0.5,,,,5141,5141,1000,20846,inner_cv,"[{""fold"": ""random"", ""C"": 10.0, ""src"": ""inner_cv"", ""thr"": 0.4783}]",3.89,bootstrap unit: molecule
T3,wide,random,all,fg_hydroxyl_aliphatic,F1pos,hgb,auroc,0.7323,0.7174,0.7474,0.5,,,,5141,5141,1000,20846,inner_cv,"[{""fold"": ""random"", ""src"": ""inner_cv"", ""thr"": 0.4639}]",7.93,bootstrap unit: molecule
T3,wide,random,all,fg_hydroxyl_aliphatic,F1pos,hgb,auprc,0.5216,0.4948,0.5504,0.2898,,,,5141,5141,1000,20846,inner_cv,"[{""fold"": ""random"", ""src"": ""inner_cv"", ""thr"": 0.4639}]",7.93,bootstrap unit: molecule
T3,wide,random,all,fg_hydroxyl_aliphatic,F1pos,hgb,bal_acc,0.6669,0.6536,0.6805,0.5,,,,5141,5141,1000,20846,inner_cv,"[{""fold"": ""random"", ""src"": ""inner_cv"", ""thr"": 0.4639}]",7.93,bootstrap unit: molecule
T3,wide,random,all,fg_hydroxyl_aliphatic,F1pos,knn,auroc,0.6,0.583,0.6171,0.5,,,,5141,5141,1000,20846,inner_cv,"[{""fold"": ""random"", ""k"": 10, ""src"": ""inner_cv"", ""thr"": 0.3089}]",34.98,bootstrap unit: molecule
T3,wide,random,all,fg_hydroxyl_aliphatic,F1pos,knn,auprc,0.3663,0.3466,0.39,0.2898,,,,5141,5141,1000,20846,inner_cv,"[{""fold"": ""random"", ""k"": 10, ""src"": ""inner_cv"", ""thr"": 0.3089}]",34.98,bootstrap unit: molecule
T3,wide,random,all,fg_hydroxyl_aliphatic,F1pos,knn,bal_acc,0.5624,0.5481,0.5774,0.5,,,,5141,5141,1000,20846,inner_cv,"[{""fold"": ""random"", ""k"": 10, ""src"": ""inner_cv"", ""thr"": 0.3089}]",34.98,bootstrap unit: molecule
T3,wide,random,all,fg_hydroxyl_aliphatic,F2,majority,auroc,0.5,0.5,0.5,0.5,,,,5141,5141,1000,20846,fixed,"[{""fold"": ""random"", ""src"": ""fixed"", ""thr"": 0.5}]",1.6,bootstrap unit: molecule
T3,wide,random,all,fg_hydroxyl_aliphatic,F2,majority,auprc,0.2898,0.278,0.3033,0.2898,,,,5141,5141,1000,20846,fixed,"[{""fold"": ""random"", ""src"": ""fixed"", ""thr"": 0.5}]",1.6,bootstrap unit: molecule
T3,wide,random,all,fg_hydroxyl_aliphatic,F2,majority,bal_acc,0.5,0.5,0.5,0.5,,,,5141,5141,1000,20846,fixed,"[{""fold"": ""random"", ""src"": ""fixed"", ""thr"": 0.5}]",1.6,bootstrap unit: molecule
T3,wide,random,all,fg_hydroxyl_aliphatic,F2,lr,auroc,0.6862,0.6707,0.7024,0.5,,,,5141,5141,1000,20846,inner_cv,"[{""fold"": ""random"", ""C"": 0.01, ""src"": ""inner_cv"", ""thr"": 0.4831}]",110.33,bootstrap unit: molecule
T3,wide,random,all,fg_hydroxyl_aliphatic,F2,lr,auprc,0.452,0.4289,0.4778,0.2898,,,,5141,5141,1000,20846,inner_cv,"[{""fold"": ""random"", ""C"": 0.01, ""src"": ""inner_cv"", ""thr"": 0.4831}]",110.33,bootstrap unit: molecule
T3,wide,random,all,fg_hydroxyl_aliphatic,F2,lr,bal_acc,0.635,0.621,0.6502,0.5,,,,5141,5141,1000,20846,inner_cv,"[{""fold"": ""random"", ""C"": 0.01, ""src"": ""inner_cv"", ""thr"": 0.4831}]",110.33,bootstrap unit: molecule
T3,wide,random,all,fg_hydroxyl_aliphatic,F2,hgb,auroc,0.7723,0.7589,0.7865,0.5,,,,5141,5141,1000,20846,inner_cv,"[{""fold"": ""random"", ""src"": ""inner_cv"", ""thr"": 0.5077}]",37.64,bootstrap unit: molecule
T3,wide,random,all,fg_hydroxyl_aliphatic,F2,hgb,auprc,0.5878,0.5646,0.6149,0.2898,,,,5141,5141,1000,20846,inner_cv,"[{""fold"": ""random"", ""src"": ""inner_cv"", ""thr"": 0.5077}]",37.64,bootstrap unit: molecule
T3,wide,random,all,fg_hydroxyl_aliphatic,F2,hgb,bal_acc,0.7031,0.6893,0.717,0.5,,,,5141,5141,1000,20846,inner_cv,"[{""fold"": ""random"", ""src"": ""inner_cv"", ""thr"": 0.5077}]",37.64,bootstrap unit: molecule
T3,wide,random,all,fg_hydroxyl_aliphatic,F2,knn,auroc,0.6497,0.6329,0.6657,0.5,,,,5141,5141,1000,20846,inner_cv,"[{""fold"": ""random"", ""k"": 10, ""src"": ""inner_cv"", ""thr"": 0.2894}]",68.92,bootstrap unit: molecule
T3,wide,random,all,fg_hydroxyl_aliphatic,F2,knn,auprc,0.4461,0.4203,0.4733,0.2898,,,,5141,5141,1000,20846,inner_cv,"[{""fold"": ""random"", ""k"": 10, ""src"": ""inner_cv"", ""thr"": 0.2894}]",68.92,bootstrap unit: molecule
T3,wide,random,all,fg_hydroxyl_aliphatic,F2,knn,bal_acc,0.6062,0.5914,0.6201,0.5,,,,5141,5141,1000,20846,inner_cv,"[{""fold"": ""random"", ""k"": 10, ""src"": ""inner_cv"", ""thr"": 0.2894}]",68.92,bootstrap unit: molecule
T3,wide,random,all,fg_hydroxyl_aliphatic,F3,majority,auroc,0.5,0.5,0.5,0.5,,,,5141,5141,1000,20846,fixed,"[{""fold"": ""random"", ""src"": ""fixed"", ""thr"": 0.5}]",1.37,bootstrap unit: molecule
T3,wide,random,all,fg_hydroxyl_aliphatic,F3,majority,auprc,0.2898,0.278,0.3033,0.2898,,,,5141,5141,1000,20846,fixed,"[{""fold"": ""random"", ""src"": ""fixed"", ""thr"": 0.5}]",1.37,bootstrap unit: molecule
T3,wide,random,all,fg_hydroxyl_aliphatic,F3,majority,bal_acc,0.5,0.5,0.5,0.5,,,,5141,5141,1000,20846,fixed,"[{""fold"": ""random"", ""src"": ""fixed"", ""thr"": 0.5}]",1.37,bootstrap unit: molecule
T3,wide,random,all,fg_hydroxyl_aliphatic,F3,lr,auroc,0.6949,0.6786,0.7106,0.5,,,,5141,5141,1000,20846,inner_cv,"[{""fold"": ""random"", ""C"": 0.01, ""src"": ""inner_cv"", ""thr"": 0.4514}]",72.4,bootstrap unit: molecule
T3,wide,random,all,fg_hydroxyl_aliphatic,F3,lr,auprc,0.4647,0.44,0.4915,0.2898,,,,5141,5141,1000,20846,inner_cv,"[{""fold"": ""random"", ""C"": 0.01, ""src"": ""inner_cv"", ""thr"": 0.4514}]",72.4,bootstrap unit: molecule
T3,wide,random,all,fg_hydroxyl_aliphatic,F3,lr,bal_acc,0.6391,0.6247,0.6535,0.5,,,,5141,5141,1000,20846,inner_cv,"[{""fold"": ""random"", ""C"": 0.01, ""src"": ""inner_cv"", ""thr"": 0.4514}]",72.4,bootstrap unit: molecule
T3,wide,random,all,fg_hydroxyl_aliphatic,F3,hgb,auroc,0.8,0.7878,0.8124,0.5,0.0099,100,0.4974,5141,5141,1000,20846,inner_cv,"[{""fold"": ""random"", ""src"": ""inner_cv"", ""thr"": 0.4623}]",47.34,bootstrap unit: molecule
T3,wide,random,all,fg_hydroxyl_aliphatic,F3,hgb,auprc,0.6378,0.6113,0.6631,0.2898,,,,5141,5141,1000,20846,inner_cv,"[{""fold"": ""random"", ""src"": ""inner_cv"", ""thr"": 0.4623}]",47.34,bootstrap unit: molecule
T3,wide,random,all,fg_hydroxyl_aliphatic,F3,hgb,bal_acc,0.7242,0.7114,0.7374,0.5,,,,5141,5141,1000,20846,inner_cv,"[{""fold"": ""random"", ""src"": ""inner_cv"", ""thr"": 0.4623}]",47.34,bootstrap unit: molecule
T3,wide,random,all,fg_hydroxyl_aliphatic,F3,knn,auroc,0.6573,0.6404,0.673,0.5,,,,5141,5141,1000,20846,inner_cv,"[{""fold"": ""random"", ""k"": 10, ""src"": ""inner_cv"", ""thr"": 0.2972}]",67.87,bootstrap unit: molecule
T3,wide,random,all,fg_hydroxyl_aliphatic,F3,knn,auprc,0.4677,0.442,0.4939,0.2898,,,,5141,5141,1000,20846,inner_cv,"[{""fold"": ""random"", ""k"": 10, ""src"": ""inner_cv"", ""thr"": 0.2972}]",67.87,bootstrap unit: molecule
T3,wide,random,all,fg_hydroxyl_aliphatic,F3,knn,bal_acc,0.6064,0.5906,0.6207,0.5,,,,5141,5141,1000,20846,inner_cv,"[{""fold"": ""random"", ""k"": 10, ""src"": ""inner_cv"", ""thr"": 0.2972}]",67.87,bootstrap unit: molecule
T3,wide,random,all,fg_hydroxyl_aliphatic,F1.sqrt,majority,auroc,0.5,0.5,0.5,0.5,,,,5141,5141,1000,20846,fixed,"[{""fold"": ""random"", ""src"": ""fixed"", ""thr"": 0.5}]",1.75,bootstrap unit: molecule
T3,wide,random,all,fg_hydroxyl_aliphatic,F1.sqrt,majority,auprc,0.2898,0.278,0.3033,0.2898,,,,5141,5141,1000,20846,fixed,"[{""fold"": ""random"", ""src"": ""fixed"", ""thr"": 0.5}]",1.75,bootstrap unit: molecule
T3,wide,random,all,fg_hydroxyl_aliphatic,F1.sqrt,majority,bal_acc,0.5,0.5,0.5,0.5,,,,5141,5141,1000,20846,fixed,"[{""fold"": ""random"", ""src"": ""fixed"", ""thr"": 0.5}]",1.75,bootstrap unit: molecule
T3,wide,random,all,fg_hydroxyl_aliphatic,F1.sqrt,lr,auroc,0.7267,0.711,0.7413,0.5,,,,5141,5141,1000,20846,inner_cv,"[{""fold"": ""random"", ""C"": 10.0, ""src"": ""inner_cv"", ""thr"": 0.4926}]",7.09,bootstrap unit: molecule
T3,wide,random,all,fg_hydroxyl_aliphatic,F1.sqrt,lr,auprc,0.521,0.4948,0.5485,0.2898,,,,5141,5141,1000,20846,inner_cv,"[{""fold"": ""random"", ""C"": 10.0, ""src"": ""inner_cv"", ""thr"": 0.4926}]",7.09,bootstrap unit: molecule
T3,wide,random,all,fg_hydroxyl_aliphatic,F1.sqrt,lr,bal_acc,0.6687,0.6549,0.6819,0.5,,,,5141,5141,1000,20846,inner_cv,"[{""fold"": ""random"", ""C"": 10.0, ""src"": ""inner_cv"", ""thr"": 0.4926}]",7.09,bootstrap unit: molecule
T3,wide,random,all,fg_hydroxyl_aliphatic,F1.sqrt,hgb,auroc,0.7465,0.733,0.7603,0.5,,,,5141,5141,1000,20846,inner_cv,"[{""fold"": ""random"", ""src"": ""inner_cv"", ""thr"": 0.4802}]",5.7,bootstrap unit: molecule
T3,wide,random,all,fg_hydroxyl_aliphatic,F1.sqrt,hgb,auprc,0.5598,0.5322,0.5878,0.2898,,,,5141,5141,1000,20846,inner_cv,"[{""fold"": ""random"", ""src"": ""inner_cv"", ""thr"": 0.4802}]",5.7,bootstrap unit: molecule
T3,wide,random,all,fg_hydroxyl_aliphatic,F1.sqrt,hgb,bal_acc,0.6763,0.6634,0.6902,0.5,,,,5141,5141,1000,20846,inner_cv,"[{""fold"": ""random"", ""src"": ""inner_cv"", ""thr"": 0.4802}]",5.7,bootstrap unit: molecule
T3,wide,random,all,fg_hydroxyl_aliphatic,F1.sqrt,knn,auroc,0.6296,0.6131,0.6465,0.5,,,,5141,5141,1000,20846,inner_cv,"[{""fold"": ""random"", ""k"": 10, ""src"": ""inner_cv"", ""thr"": 0.2894}]",29.69,bootstrap unit: molecule
T3,wide,random,all,fg_hydroxyl_aliphatic,F1.sqrt,knn,auprc,0.3927,0.3708,0.4186,0.2898,,,,5141,5141,1000,20846,inner_cv,"[{""fold"": ""random"", ""k"": 10, ""src"": ""inner_cv"", ""thr"": 0.2894}]",29.69,bootstrap unit: molecule
T3,wide,random,all,fg_hydroxyl_aliphatic,F1.sqrt,knn,bal_acc,0.5929,0.5785,0.6076,0.5,,,,5141,5141,1000,20846,inner_cv,"[{""fold"": ""random"", ""k"": 10, ""src"": ""inner_cv"", ""thr"": 0.2894}]",29.69,bootstrap unit: molecule
T3,wide,random,all,fg_hydroxyl_aliphatic,F2.lt1700,majority,auroc,0.5,0.5,0.5,0.5,,,,5141,5141,1000,20846,fixed,"[{""fold"": ""random"", ""src"": ""fixed"", ""thr"": 0.5}]",1.55,bootstrap unit: molecule
T3,wide,random,all,fg_hydroxyl_aliphatic,F2.lt1700,majority,auprc,0.2898,0.278,0.3033,0.2898,,,,5141,5141,1000,20846,fixed,"[{""fold"": ""random"", ""src"": ""fixed"", ""thr"": 0.5}]",1.55,bootstrap unit: molecule
T3,wide,random,all,fg_hydroxyl_aliphatic,F2.lt1700,majority,bal_acc,0.5,0.5,0.5,0.5,,,,5141,5141,1000,20846,fixed,"[{""fold"": ""random"", ""src"": ""fixed"", ""thr"": 0.5}]",1.55,bootstrap unit: molecule
T3,wide,random,all,fg_hydroxyl_aliphatic,F2.lt1700,lr,auroc,0.6816,0.6662,0.6963,0.5,,,,5141,5141,1000,20846,inner_cv,"[{""fold"": ""random"", ""C"": 0.01, ""src"": ""inner_cv"", ""thr"": 0.4871}]",123.62,bootstrap unit: molecule
T3,wide,random,all,fg_hydroxyl_aliphatic,F2.lt1700,lr,auprc,0.4449,0.4214,0.4713,0.2898,,,,5141,5141,1000,20846,inner_cv,"[{""fold"": ""random"", ""C"": 0.01, ""src"": ""inner_cv"", ""thr"": 0.4871}]",123.62,bootstrap unit: molecule
T3,wide,random,all,fg_hydroxyl_aliphatic,F2.lt1700,lr,bal_acc,0.6319,0.6174,0.646,0.5,,,,5141,5141,1000,20846,inner_cv,"[{""fold"": ""random"", ""C"": 0.01, ""src"": ""inner_cv"", ""thr"": 0.4871}]",123.62,bootstrap unit: molecule
T3,wide,random,all,fg_hydroxyl_aliphatic,F2.lt1700,hgb,auroc,0.7657,0.7525,0.7791,0.5,,,,5141,5141,1000,20846,inner_cv,"[{""fold"": ""random"", ""src"": ""inner_cv"", ""thr"": 0.4694}]",44.05,bootstrap unit: molecule
T3,wide,random,all,fg_hydroxyl_aliphatic,F2.lt1700,hgb,auprc,0.5793,0.5561,0.606,0.2898,,,,5141,5141,1000,20846,inner_cv,"[{""fold"": ""random"", ""src"": ""inner_cv"", ""thr"": 0.4694}]",44.05,bootstrap unit: molecule
T3,wide,random,all,fg_hydroxyl_aliphatic,F2.lt1700,hgb,bal_acc,0.6913,0.678,0.7048,0.5,,,,5141,5141,1000,20846,inner_cv,"[{""fold"": ""random"", ""src"": ""inner_cv"", ""thr"": 0.4694}]",44.05,bootstrap unit: molecule
T3,wide,random,all,fg_hydroxyl_aliphatic,F2.lt1700,knn,auroc,0.6485,0.631,0.6642,0.5,,,,5141,5141,1000,20846,inner_cv,"[{""fold"": ""random"", ""k"": 10, ""src"": ""inner_cv"", ""thr"": 0.29}]",85.76,bootstrap unit: molecule
T3,wide,random,all,fg_hydroxyl_aliphatic,F2.lt1700,knn,auprc,0.4423,0.4166,0.4705,0.2898,,,,5141,5141,1000,20846,inner_cv,"[{""fold"": ""random"", ""k"": 10, ""src"": ""inner_cv"", ""thr"": 0.29}]",85.76,bootstrap unit: molecule
T3,wide,random,all,fg_hydroxyl_aliphatic,F2.lt1700,knn,bal_acc,0.5958,0.5803,0.6104,0.5,,,,5141,5141,1000,20846,inner_cv,"[{""fold"": ""random"", ""k"": 10, ""src"": ""inner_cv"", ""thr"": 0.29}]",85.76,bootstrap unit: molecule
T3,wide,random,all,fg_hydroxyl_aliphatic,F3.lt1700,majority,auroc,0.5,0.5,0.5,0.5,,,,5141,5141,1000,20846,fixed,"[{""fold"": ""random"", ""src"": ""fixed"", ""thr"": 0.5}]",1.73,bootstrap unit: molecule
T3,wide,random,all,fg_hydroxyl_aliphatic,F3.lt1700,majority,auprc,0.2898,0.278,0.3033,0.2898,,,,5141,5141,1000,20846,fixed,"[{""fold"": ""random"", ""src"": ""fixed"", ""thr"": 0.5}]",1.73,bootstrap unit: molecule
T3,wide,random,all,fg_hydroxyl_aliphatic,F3.lt1700,majority,bal_acc,0.5,0.5,0.5,0.5,,,,5141,5141,1000,20846,fixed,"[{""fold"": ""random"", ""src"": ""fixed"", ""thr"": 0.5}]",1.73,bootstrap unit: molecule
T3,wide,random,all,fg_hydroxyl_aliphatic,F3.lt1700,lr,auroc,0.6904,0.6749,0.7052,0.5,,,,5141,5141,1000,20846,inner_cv,"[{""fold"": ""random"", ""C"": 0.01, ""src"": ""inner_cv"", ""thr"": 0.4572}]",94.65,bootstrap unit: molecule
T3,wide,random,all,fg_hydroxyl_aliphatic,F3.lt1700,lr,auprc,0.4564,0.4319,0.483,0.2898,,,,5141,5141,1000,20846,inner_cv,"[{""fold"": ""random"", ""C"": 0.01, ""src"": ""inner_cv"", ""thr"": 0.4572}]",94.65,bootstrap unit: molecule
T3,wide,random,all,fg_hydroxyl_aliphatic,F3.lt1700,lr,bal_acc,0.6375,0.6227,0.6512,0.5,,,,5141,5141,1000,20846,inner_cv,"[{""fold"": ""random"", ""C"": 0.01, ""src"": ""inner_cv"", ""thr"": 0.4572}]",94.65,bootstrap unit: molecule
T3,wide,random,all,fg_hydroxyl_aliphatic,F3.lt1700,hgb,auroc,0.7908,0.7771,0.8034,0.5,,,,5141,5141,1000,20846,inner_cv,"[{""fold"": ""random"", ""src"": ""inner_cv"", ""thr"": 0.4585}]",36.1,bootstrap unit: molecule
T3,wide,random,all,fg_hydroxyl_aliphatic,F3.lt1700,hgb,auprc,0.626,0.599,0.6522,0.2898,,,,5141,5141,1000,20846,inner_cv,"[{""fold"": ""random"", ""src"": ""inner_cv"", ""thr"": 0.4585}]",36.1,bootstrap unit: molecule
T3,wide,random,all,fg_hydroxyl_aliphatic,F3.lt1700,hgb,bal_acc,0.7099,0.6967,0.7229,0.5,,,,5141,5141,1000,20846,inner_cv,"[{""fold"": ""random"", ""src"": ""inner_cv"", ""thr"": 0.4585}]",36.1,bootstrap unit: molecule
T3,wide,random,all,fg_hydroxyl_aliphatic,F3.lt1700,knn,auroc,0.6588,0.6417,0.6755,0.5,,,,5141,5141,1000,20846,inner_cv,"[{""fold"": ""random"", ""k"": 10, ""src"": ""inner_cv"", ""thr"": 0.2946}]",79.06,bootstrap unit: molecule
T3,wide,random,all,fg_hydroxyl_aliphatic,F3.lt1700,knn,auprc,0.4611,0.4337,0.4868,0.2898,,,,5141,5141,1000,20846,inner_cv,"[{""fold"": ""random"", ""k"": 10, ""src"": ""inner_cv"", ""thr"": 0.2946}]",79.06,bootstrap unit: molecule
T3,wide,random,all,fg_hydroxyl_aliphatic,F3.lt1700,knn,bal_acc,0.6055,0.59,0.6204,0.5,,,,5141,5141,1000,20846,inner_cv,"[{""fold"": ""random"", ""k"": 10, ""src"": ""inner_cv"", ""thr"": 0.2946}]",79.06,bootstrap unit: molecule
T3,wide,random,all,fg_phenol,F1,majority,auroc,0.5,0.5,0.5,0.5,,,,5141,5141,1000,20846,fixed,"[{""fold"": ""random"", ""src"": ""fixed"", ""thr"": 0.5}]",2.08,bootstrap unit: molecule
T3,wide,random,all,fg_phenol,F1,majority,auprc,0.0265,0.0222,0.0309,0.0265,,,,5141,5141,1000,20846,fixed,"[{""fold"": ""random"", ""src"": ""fixed"", ""thr"": 0.5}]",2.08,bootstrap unit: molecule
T3,wide,random,all,fg_phenol,F1,majority,bal_acc,0.5,0.5,0.5,0.5,,,,5141,5141,1000,20846,fixed,"[{""fold"": ""random"", ""src"": ""fixed"", ""thr"": 0.5}]",2.08,bootstrap unit: molecule
T3,wide,random,all,fg_phenol,F1,lr,auroc,0.9144,0.8981,0.9291,0.5,0.0099,100,0.504,5141,5141,1000,20846,inner_cv,"[{""fold"": ""random"", ""C"": 0.01, ""src"": ""inner_cv"", ""thr"": 0.4041}]",3.1,bootstrap unit: molecule
T3,wide,random,all,fg_phenol,F1,lr,auprc,0.1872,0.1457,0.2455,0.0265,,,,5141,5141,1000,20846,inner_cv,"[{""fold"": ""random"", ""C"": 0.01, ""src"": ""inner_cv"", ""thr"": 0.4041}]",3.1,bootstrap unit: molecule
T3,wide,random,all,fg_phenol,F1,lr,bal_acc,0.856,0.8301,0.8803,0.5,,,,5141,5141,1000,20846,inner_cv,"[{""fold"": ""random"", ""C"": 0.01, ""src"": ""inner_cv"", ""thr"": 0.4041}]",3.1,bootstrap unit: molecule
T3,wide,random,all,fg_phenol,F1,hgb,auroc,0.9174,0.9024,0.9319,0.5,,,,5141,5141,1000,20846,inner_cv,"[{""fold"": ""random"", ""src"": ""inner_cv"", ""thr"": 0.1897}]",6.62,bootstrap unit: molecule
T3,wide,random,all,fg_phenol,F1,hgb,auprc,0.2176,0.1675,0.285,0.0265,,,,5141,5141,1000,20846,inner_cv,"[{""fold"": ""random"", ""src"": ""inner_cv"", ""thr"": 0.1897}]",6.62,bootstrap unit: molecule
T3,wide,random,all,fg_phenol,F1,hgb,bal_acc,0.8377,0.8098,0.8649,0.5,,,,5141,5141,1000,20846,inner_cv,"[{""fold"": ""random"", ""src"": ""inner_cv"", ""thr"": 0.1897}]",6.62,bootstrap unit: molecule
T3,wide,random,all,fg_phenol,F1,knn,auroc,0.7235,0.6841,0.7632,0.5,,,,5141,5141,1000,20846,inner_cv,"[{""fold"": ""random"", ""k"": 10, ""src"": ""inner_cv"", ""thr"": 0.0691}]",34.94,bootstrap unit: molecule
T3,wide,random,all,fg_phenol,F1,knn,auprc,0.1203,0.0824,0.1853,0.0265,,,,5141,5141,1000,20846,inner_cv,"[{""fold"": ""random"", ""k"": 10, ""src"": ""inner_cv"", ""thr"": 0.0691}]",34.94,bootstrap unit: molecule
T3,wide,random,all,fg_phenol,F1,knn,bal_acc,0.7101,0.673,0.7488,0.5,,,,5141,5141,1000,20846,inner_cv,"[{""fold"": ""random"", ""k"": 10, ""src"": ""inner_cv"", ""thr"": 0.0691}]",34.94,bootstrap unit: molecule
T3,wide,random,all,fg_phenol,F1pos,majority,auroc,0.5,0.5,0.5,0.5,,,,5141,5141,1000,20846,fixed,"[{""fold"": ""random"", ""src"": ""fixed"", ""thr"": 0.5}]",1.11,bootstrap unit: molecule
T3,wide,random,all,fg_phenol,F1pos,majority,auprc,0.0265,0.0222,0.0309,0.0265,,,,5141,5141,1000,20846,fixed,"[{""fold"": ""random"", ""src"": ""fixed"", ""thr"": 0.5}]",1.11,bootstrap unit: molecule
T3,wide,random,all,fg_phenol,F1pos,majority,bal_acc,0.5,0.5,0.5,0.5,,,,5141,5141,1000,20846,fixed,"[{""fold"": ""random"", ""src"": ""fixed"", ""thr"": 0.5}]",1.11,bootstrap unit: molecule
T3,wide,random,all,fg_phenol,F1pos,lr,auroc,0.9238,0.9079,0.9374,0.5,,,,5141,5141,1000,20846,inner_cv,"[{""fold"": ""random"", ""C"": 0.01, ""src"": ""inner_cv"", ""thr"": 0.2395}]",3.9,bootstrap unit: molecule
T3,wide,random,all,fg_phenol,F1pos,lr,auprc,0.2047,0.1628,0.2637,0.0265,,,,5141,5141,1000,20846,inner_cv,"[{""fold"": ""random"", ""C"": 0.01, ""src"": ""inner_cv"", ""thr"": 0.2395}]",3.9,bootstrap unit: molecule
T3,wide,random,all,fg_phenol,F1pos,lr,bal_acc,0.8667,0.846,0.885,0.5,,,,5141,5141,1000,20846,inner_cv,"[{""fold"": ""random"", ""C"": 0.01, ""src"": ""inner_cv"", ""thr"": 0.2395}]",3.9,bootstrap unit: molecule
T3,wide,random,all,fg_phenol,F1pos,hgb,auroc,0.9111,0.8939,0.9275,0.5,,,,5141,5141,1000,20846,inner_cv,"[{""fold"": ""random"", ""src"": ""inner_cv"", ""thr"": 0.1718}]",4.98,bootstrap unit: molecule
T3,wide,random,all,fg_phenol,F1pos,hgb,auprc,0.1865,0.1477,0.2427,0.0265,,,,5141,5141,1000,20846,inner_cv,"[{""fold"": ""random"", ""src"": ""inner_cv"", ""thr"": 0.1718}]",4.98,bootstrap unit: molecule
T3,wide,random,all,fg_phenol,F1pos,hgb,bal_acc,0.838,0.8112,0.8617,0.5,,,,5141,5141,1000,20846,inner_cv,"[{""fold"": ""random"", ""src"": ""inner_cv"", ""thr"": 0.1718}]",4.98,bootstrap unit: molecule
T3,wide,random,all,fg_phenol,F1pos,knn,auroc,0.671,0.6304,0.7152,0.5,,,,5141,5141,1000,20846,inner_cv,"[{""fold"": ""random"", ""k"": 10, ""src"": ""inner_cv"", ""thr"": 0.0875}]",34.77,bootstrap unit: molecule
T3,wide,random,all,fg_phenol,F1pos,knn,auprc,0.0794,0.0532,0.1172,0.0265,,,,5141,5141,1000,20846,inner_cv,"[{""fold"": ""random"", ""k"": 10, ""src"": ""inner_cv"", ""thr"": 0.0875}]",34.77,bootstrap unit: molecule
T3,wide,random,all,fg_phenol,F1pos,knn,bal_acc,0.6669,0.6274,0.7096,0.5,,,,5141,5141,1000,20846,inner_cv,"[{""fold"": ""random"", ""k"": 10, ""src"": ""inner_cv"", ""thr"": 0.0875}]",34.77,bootstrap unit: molecule
T3,wide,random,all,fg_phenol,F2,majority,auroc,0.5,0.5,0.5,0.5,,,,5141,5141,1000,20846,fixed,"[{""fold"": ""random"", ""src"": ""fixed"", ""thr"": 0.5}]",1.53,bootstrap unit: molecule
T3,wide,random,all,fg_phenol,F2,majority,auprc,0.0265,0.0222,0.0309,0.0265,,,,5141,5141,1000,20846,fixed,"[{""fold"": ""random"", ""src"": ""fixed"", ""thr"": 0.5}]",1.53,bootstrap unit: molecule
T3,wide,random,all,fg_phenol,F2,majority,bal_acc,0.5,0.5,0.5,0.5,,,,5141,5141,1000,20846,fixed,"[{""fold"": ""random"", ""src"": ""fixed"", ""thr"": 0.5}]",1.53,bootstrap unit: molecule
T3,wide,random,all,fg_phenol,F2,lr,auroc,0.9098,0.8929,0.9255,0.5,,,,5141,5141,1000,20846,inner_cv,"[{""fold"": ""random"", ""C"": 0.01, ""src"": ""inner_cv"", ""thr"": 0.1976}]",96.24,bootstrap unit: molecule
T3,wide,random,all,fg_phenol,F2,lr,auprc,0.1802,0.1407,0.2362,0.0265,,,,5141,5141,1000,20846,inner_cv,"[{""fold"": ""random"", ""C"": 0.01, ""src"": ""inner_cv"", ""thr"": 0.1976}]",96.24,bootstrap unit: molecule
T3,wide,random,all,fg_phenol,F2,lr,bal_acc,0.8312,0.8048,0.855,0.5,,,,5141,5141,1000,20846,inner_cv,"[{""fold"": ""random"", ""C"": 0.01, ""src"": ""inner_cv"", ""thr"": 0.1976}]",96.24,bootstrap unit: molecule
T3,wide,random,all,fg_phenol,F2,hgb,auroc,0.9393,0.9279,0.9511,0.5,,,,5141,5141,1000,20846,inner_cv,"[{""fold"": ""random"", ""src"": ""inner_cv"", ""thr"": 0.0695}]",34.96,bootstrap unit: molecule
T3,wide,random,all,fg_phenol,F2,hgb,auprc,0.3013,0.2371,0.3786,0.0265,,,,5141,5141,1000,20846,inner_cv,"[{""fold"": ""random"", ""src"": ""inner_cv"", ""thr"": 0.0695}]",34.96,bootstrap unit: molecule
T3,wide,random,all,fg_phenol,F2,hgb,bal_acc,0.8735,0.8493,0.8971,0.5,,,,5141,5141,1000,20846,inner_cv,"[{""fold"": ""random"", ""src"": ""inner_cv"", ""thr"": 0.0695}]",34.96,bootstrap unit: molecule
T3,wide,random,all,fg_phenol,F2,knn,auroc,0.8058,0.7637,0.8455,0.5,,,,5141,5141,1000,20846,inner_cv,"[{""fold"": ""random"", ""k"": 10, ""src"": ""inner_cv"", ""thr"": 0.0491}]",75.11,bootstrap unit: molecule
T3,wide,random,all,fg_phenol,F2,knn,auprc,0.1729,0.1248,0.2395,0.0265,,,,5141,5141,1000,20846,inner_cv,"[{""fold"": ""random"", ""k"": 10, ""src"": ""inner_cv"", ""thr"": 0.0491}]",75.11,bootstrap unit: molecule
T3,wide,random,all,fg_phenol,F2,knn,bal_acc,0.7966,0.7549,0.8346,0.5,,,,5141,5141,1000,20846,inner_cv,"[{""fold"": ""random"", ""k"": 10, ""src"": ""inner_cv"", ""thr"": 0.0491}]",75.11,bootstrap unit: molecule
T3,wide,random,all,fg_phenol,F3,majority,auroc,0.5,0.5,0.5,0.5,,,,5141,5141,1000,20846,fixed,"[{""fold"": ""random"", ""src"": ""fixed"", ""thr"": 0.5}]",1.29,bootstrap unit: molecule
T3,wide,random,all,fg_phenol,F3,majority,auprc,0.0265,0.0222,0.0309,0.0265,,,,5141,5141,1000,20846,fixed,"[{""fold"": ""random"", ""src"": ""fixed"", ""thr"": 0.5}]",1.29,bootstrap unit: molecule
T3,wide,random,all,fg_phenol,F3,majority,bal_acc,0.5,0.5,0.5,0.5,,,,5141,5141,1000,20846,fixed,"[{""fold"": ""random"", ""src"": ""fixed"", ""thr"": 0.5}]",1.29,bootstrap unit: molecule
T3,wide,random,all,fg_phenol,F3,lr,auroc,0.9173,0.9015,0.9321,0.5,,,,5141,5141,1000,20846,inner_cv,"[{""fold"": ""random"", ""C"": 0.01, ""src"": ""inner_cv"", ""thr"": 0.338}]",80.25,bootstrap unit: molecule
T3,wide,random,all,fg_phenol,F3,lr,auprc,0.2003,0.1528,0.2632,0.0265,,,,5141,5141,1000,20846,inner_cv,"[{""fold"": ""random"", ""C"": 0.01, ""src"": ""inner_cv"", ""thr"": 0.338}]",80.25,bootstrap unit: molecule
T3,wide,random,all,fg_phenol,F3,lr,bal_acc,0.8461,0.8178,0.8731,0.5,,,,5141,5141,1000,20846,inner_cv,"[{""fold"": ""random"", ""C"": 0.01, ""src"": ""inner_cv"", ""thr"": 0.338}]",80.25,bootstrap unit: molecule
T3,wide,random,all,fg_phenol,F3,hgb,auroc,0.9533,0.9443,0.9625,0.5,0.0099,100,0.4978,5141,5141,1000,20846,inner_cv,"[{""fold"": ""random"", ""src"": ""inner_cv"", ""thr"": 0.0606}]",44.31,bootstrap unit: molecule
T3,wide,random,all,fg_phenol,F3,hgb,auprc,0.3434,0.2769,0.4369,0.0265,,,,5141,5141,1000,20846,inner_cv,"[{""fold"": ""random"", ""src"": ""inner_cv"", ""thr"": 0.0606}]",44.31,bootstrap unit: molecule
T3,wide,random,all,fg_phenol,F3,hgb,bal_acc,0.8994,0.8794,0.9176,0.5,,,,5141,5141,1000,20846,inner_cv,"[{""fold"": ""random"", ""src"": ""inner_cv"", ""thr"": 0.0606}]",44.31,bootstrap unit: molecule
T3,wide,random,all,fg_phenol,F3,knn,auroc,0.7887,0.7452,0.8295,0.5,,,,5141,5141,1000,20846,inner_cv,"[{""fold"": ""random"", ""k"": 10, ""src"": ""inner_cv"", ""thr"": 0.0524}]",73.82,bootstrap unit: molecule
T3,wide,random,all,fg_phenol,F3,knn,auprc,0.1724,0.1254,0.2389,0.0265,,,,5141,5141,1000,20846,inner_cv,"[{""fold"": ""random"", ""k"": 10, ""src"": ""inner_cv"", ""thr"": 0.0524}]",73.82,bootstrap unit: molecule
T3,wide,random,all,fg_phenol,F3,knn,bal_acc,0.7759,0.7337,0.8162,0.5,,,,5141,5141,1000,20846,inner_cv,"[{""fold"": ""random"", ""k"": 10, ""src"": ""inner_cv"", ""thr"": 0.0524}]",73.82,bootstrap unit: molecule
T3,wide,random,all,fg_phenol,F1.sqrt,majority,auroc,0.5,0.5,0.5,0.5,,,,5141,5141,1000,20846,fixed,"[{""fold"": ""random"", ""src"": ""fixed"", ""thr"": 0.5}]",1.23,bootstrap unit: molecule
T3,wide,random,all,fg_phenol,F1.sqrt,majority,auprc,0.0265,0.0222,0.0309,0.0265,,,,5141,5141,1000,20846,fixed,"[{""fold"": ""random"", ""src"": ""fixed"", ""thr"": 0.5}]",1.23,bootstrap unit: molecule
T3,wide,random,all,fg_phenol,F1.sqrt,majority,bal_acc,0.5,0.5,0.5,0.5,,,,5141,5141,1000,20846,fixed,"[{""fold"": ""random"", ""src"": ""fixed"", ""thr"": 0.5}]",1.23,bootstrap unit: molecule
T3,wide,random,all,fg_phenol,F1.sqrt,lr,auroc,0.9232,0.9086,0.9361,0.5,,,,5141,5141,1000,20846,inner_cv,"[{""fold"": ""random"", ""C"": 0.01, ""src"": ""inner_cv"", ""thr"": 0.2971}]",4.58,bootstrap unit: molecule
T3,wide,random,all,fg_phenol,F1.sqrt,lr,auprc,0.1978,0.1584,0.2567,0.0265,,,,5141,5141,1000,20846,inner_cv,"[{""fold"": ""random"", ""C"": 0.01, ""src"": ""inner_cv"", ""thr"": 0.2971}]",4.58,bootstrap unit: molecule
T3,wide,random,all,fg_phenol,F1.sqrt,lr,bal_acc,0.8652,0.842,0.8868,0.5,,,,5141,5141,1000,20846,inner_cv,"[{""fold"": ""random"", ""C"": 0.01, ""src"": ""inner_cv"", ""thr"": 0.2971}]",4.58,bootstrap unit: molecule
T3,wide,random,all,fg_phenol,F1.sqrt,hgb,auroc,0.9174,0.9024,0.9319,0.5,,,,5141,5141,1000,20846,inner_cv,"[{""fold"": ""random"", ""src"": ""inner_cv"", ""thr"": 0.1897}]",7.16,bootstrap unit: molecule
T3,wide,random,all,fg_phenol,F1.sqrt,hgb,auprc,0.2176,0.1675,0.285,0.0265,,,,5141,5141,1000,20846,inner_cv,"[{""fold"": ""random"", ""src"": ""inner_cv"", ""thr"": 0.1897}]",7.16,bootstrap unit: molecule
T3,wide,random,all,fg_phenol,F1.sqrt,hgb,bal_acc,0.8377,0.8098,0.8649,0.5,,,,5141,5141,1000,20846,inner_cv,"[{""fold"": ""random"", ""src"": ""inner_cv"", ""thr"": 0.1897}]",7.16,bootstrap unit: molecule
T3,wide,random,all,fg_phenol,F1.sqrt,knn,auroc,0.7595,0.7167,0.8006,0.5,,,,5141,5141,1000,20846,inner_cv,"[{""fold"": ""random"", ""k"": 10, ""src"": ""inner_cv"", ""thr"": 0.0816}]",33.68,bootstrap unit: molecule
T3,wide,random,all,fg_phenol,F1.sqrt,knn,auprc,0.1162,0.0832,0.1684,0.0265,,,,5141,5141,1000,20846,inner_cv,"[{""fold"": ""random"", ""k"": 10, ""src"": ""inner_cv"", ""thr"": 0.0816}]",33.68,bootstrap unit: molecule
T3,wide,random,all,fg_phenol,F1.sqrt,knn,bal_acc,0.7498,0.7089,0.7904,0.5,,,,5141,5141,1000,20846,inner_cv,"[{""fold"": ""random"", ""k"": 10, ""src"": ""inner_cv"", ""thr"": 0.0816}]",33.68,bootstrap unit: molecule
T3,wide,random,all,fg_phenol,F2.lt1700,majority,auroc,0.5,0.5,0.5,0.5,,,,5141,5141,1000,20846,fixed,"[{""fold"": ""random"", ""src"": ""fixed"", ""thr"": 0.5}]",2.47,bootstrap unit: molecule
T3,wide,random,all,fg_phenol,F2.lt1700,majority,auprc,0.0265,0.0222,0.0309,0.0265,,,,5141,5141,1000,20846,fixed,"[{""fold"": ""random"", ""src"": ""fixed"", ""thr"": 0.5}]",2.47,bootstrap unit: molecule
T3,wide,random,all,fg_phenol,F2.lt1700,majority,bal_acc,0.5,0.5,0.5,0.5,,,,5141,5141,1000,20846,fixed,"[{""fold"": ""random"", ""src"": ""fixed"", ""thr"": 0.5}]",2.47,bootstrap unit: molecule
T3,wide,random,all,fg_phenol,F2.lt1700,lr,auroc,0.9091,0.8938,0.9235,0.5,,,,5141,5141,1000,20846,inner_cv,"[{""fold"": ""random"", ""C"": 0.01, ""src"": ""inner_cv"", ""thr"": 0.2904}]",90.58,bootstrap unit: molecule
T3,wide,random,all,fg_phenol,F2.lt1700,lr,auprc,0.1708,0.1355,0.2216,0.0265,,,,5141,5141,1000,20846,inner_cv,"[{""fold"": ""random"", ""C"": 0.01, ""src"": ""inner_cv"", ""thr"": 0.2904}]",90.58,bootstrap unit: molecule
T3,wide,random,all,fg_phenol,F2.lt1700,lr,bal_acc,0.8472,0.821,0.8722,0.5,,,,5141,5141,1000,20846,inner_cv,"[{""fold"": ""random"", ""C"": 0.01, ""src"": ""inner_cv"", ""thr"": 0.2904}]",90.58,bootstrap unit: molecule
T3,wide,random,all,fg_phenol,F2.lt1700,hgb,auroc,0.9344,0.9214,0.9475,0.5,,,,5141,5141,1000,20846,inner_cv,"[{""fold"": ""random"", ""src"": ""inner_cv"", ""thr"": 0.103}]",43.47,bootstrap unit: molecule
T3,wide,random,all,fg_phenol,F2.lt1700,hgb,auprc,0.2655,0.2061,0.3441,0.0265,,,,5141,5141,1000,20846,inner_cv,"[{""fold"": ""random"", ""src"": ""inner_cv"", ""thr"": 0.103}]",43.47,bootstrap unit: molecule
T3,wide,random,all,fg_phenol,F2.lt1700,hgb,bal_acc,0.87,0.8438,0.8952,0.5,,,,5141,5141,1000,20846,inner_cv,"[{""fold"": ""random"", ""src"": ""inner_cv"", ""thr"": 0.103}]",43.47,bootstrap unit: molecule
T3,wide,random,all,fg_phenol,F2.lt1700,knn,auroc,0.7788,0.7368,0.8177,0.5,,,,5141,5141,1000,20846,inner_cv,"[{""fold"": ""random"", ""k"": 10, ""src"": ""inner_cv"", ""thr"": 0.0726}]",81.2,bootstrap unit: molecule
T3,wide,random,all,fg_phenol,F2.lt1700,knn,auprc,0.1574,0.1147,0.2252,0.0265,,,,5141,5141,1000,20846,inner_cv,"[{""fold"": ""random"", ""k"": 10, ""src"": ""inner_cv"", ""thr"": 0.0726}]",81.2,bootstrap unit: molecule
T3,wide,random,all,fg_phenol,F2.lt1700,knn,bal_acc,0.7701,0.7284,0.8079,0.5,,,,5141,5141,1000,20846,inner_cv,"[{""fold"": ""random"", ""k"": 10, ""src"": ""inner_cv"", ""thr"": 0.0726}]",81.2,bootstrap unit: molecule
T3,wide,random,all,fg_phenol,F3.lt1700,majority,auroc,0.5,0.5,0.5,0.5,,,,5141,5141,1000,20846,fixed,"[{""fold"": ""random"", ""src"": ""fixed"", ""thr"": 0.5}]",2.41,bootstrap unit: molecule
T3,wide,random,all,fg_phenol,F3.lt1700,majority,auprc,0.0265,0.0222,0.0309,0.0265,,,,5141,5141,1000,20846,fixed,"[{""fold"": ""random"", ""src"": ""fixed"", ""thr"": 0.5}]",2.41,bootstrap unit: molecule
T3,wide,random,all,fg_phenol,F3.lt1700,majority,bal_acc,0.5,0.5,0.5,0.5,,,,5141,5141,1000,20846,fixed,"[{""fold"": ""random"", ""src"": ""fixed"", ""thr"": 0.5}]",2.41,bootstrap unit: molecule
T3,wide,random,all,fg_phenol,F3.lt1700,lr,auroc,0.9173,0.902,0.9316,0.5,,,,5141,5141,1000,20846,inner_cv,"[{""fold"": ""random"", ""C"": 0.01, ""src"": ""inner_cv"", ""thr"": 0.2527}]",82.47,bootstrap unit: molecule
T3,wide,random,all,fg_phenol,F3.lt1700,lr,auprc,0.1924,0.1487,0.2492,0.0265,,,,5141,5141,1000,20846,inner_cv,"[{""fold"": ""random"", ""C"": 0.01, ""src"": ""inner_cv"", ""thr"": 0.2527}]",82.47,bootstrap unit: molecule
T3,wide,random,all,fg_phenol,F3.lt1700,lr,bal_acc,0.85,0.8258,0.8723,0.5,,,,5141,5141,1000,20846,inner_cv,"[{""fold"": ""random"", ""C"": 0.01, ""src"": ""inner_cv"", ""thr"": 0.2527}]",82.47,bootstrap unit: molecule
T3,wide,random,all,fg_phenol,F3.lt1700,hgb,auroc,0.95,0.9409,0.9596,0.5,,,,5141,5141,1000,20846,inner_cv,"[{""fold"": ""random"", ""src"": ""inner_cv"", ""thr"": 0.0279}]",46.55,bootstrap unit: molecule
T3,wide,random,all,fg_phenol,F3.lt1700,hgb,auprc,0.3065,0.246,0.3864,0.0265,,,,5141,5141,1000,20846,inner_cv,"[{""fold"": ""random"", ""src"": ""inner_cv"", ""thr"": 0.0279}]",46.55,bootstrap unit: molecule
T3,wide,random,all,fg_phenol,F3.lt1700,hgb,bal_acc,0.8983,0.8851,0.9081,0.5,,,,5141,5141,1000,20846,inner_cv,"[{""fold"": ""random"", ""src"": ""inner_cv"", ""thr"": 0.0279}]",46.55,bootstrap unit: molecule
T3,wide,random,all,fg_phenol,F3.lt1700,knn,auroc,0.7821,0.7393,0.8225,0.5,,,,5141,5141,1000,20846,inner_cv,"[{""fold"": ""random"", ""k"": 10, ""src"": ""inner_cv"", ""thr"": 0.0749}]",78.55,bootstrap unit: molecule
T3,wide,random,all,fg_phenol,F3.lt1700,knn,auprc,0.1723,0.126,0.2399,0.0265,,,,5141,5141,1000,20846,inner_cv,"[{""fold"": ""random"", ""k"": 10, ""src"": ""inner_cv"", ""thr"": 0.0749}]",78.55,bootstrap unit: molecule
T3,wide,random,all,fg_phenol,F3.lt1700,knn,bal_acc,0.7645,0.7241,0.805,0.5,,,,5141,5141,1000,20846,inner_cv,"[{""fold"": ""random"", ""k"": 10, ""src"": ""inner_cv"", ""thr"": 0.0749}]",78.55,bootstrap unit: molecule
T3,wide,random,all,fg_ketone,F1,majority,auroc,0.5,0.5,0.5,0.5,,,,5141,5141,1000,20846,fixed,"[{""fold"": ""random"", ""src"": ""fixed"", ""thr"": 0.5}]",2.39,bootstrap unit: molecule
T3,wide,random,all,fg_ketone,F1,majority,auprc,0.1167,0.1081,0.1257,0.1167,,,,5141,5141,1000,20846,fixed,"[{""fold"": ""random"", ""src"": ""fixed"", ""thr"": 0.5}]",2.39,bootstrap unit: molecule
T3,wide,random,all,fg_ketone,F1,majority,bal_acc,0.5,0.5,0.5,0.5,,,,5141,5141,1000,20846,fixed,"[{""fold"": ""random"", ""src"": ""fixed"", ""thr"": 0.5}]",2.39,bootstrap unit: molecule
T3,wide,random,all,fg_ketone,F1,lr,auroc,0.8383,0.8231,0.8531,0.5,0.0099,100,0.4987,5141,5141,1000,20846,inner_cv,"[{""fold"": ""random"", ""C"": 0.01, ""src"": ""inner_cv"", ""thr"": 0.4427}]",6.15,bootstrap unit: molecule
T3,wide,random,all,fg_ketone,F1,lr,auprc,0.4046,0.3671,0.445,0.1167,,,,5141,5141,1000,20846,inner_cv,"[{""fold"": ""random"", ""C"": 0.01, ""src"": ""inner_cv"", ""thr"": 0.4427}]",6.15,bootstrap unit: molecule
T3,wide,random,all,fg_ketone,F1,lr,bal_acc,0.7623,0.746,0.7788,0.5,,,,5141,5141,1000,20846,inner_cv,"[{""fold"": ""random"", ""C"": 0.01, ""src"": ""inner_cv"", ""thr"": 0.4427}]",6.15,bootstrap unit: molecule
T3,wide,random,all,fg_ketone,F1,hgb,auroc,0.8722,0.858,0.8867,0.5,,,,5141,5141,1000,20846,inner_cv,"[{""fold"": ""random"", ""src"": ""inner_cv"", ""thr"": 0.3754}]",7.29,bootstrap unit: molecule
T3,wide,random,all,fg_ketone,F1,hgb,auprc,0.5189,0.4791,0.5639,0.1167,,,,5141,5141,1000,20846,inner_cv,"[{""fold"": ""random"", ""src"": ""inner_cv"", ""thr"": 0.3754}]",7.29,bootstrap unit: molecule
T3,wide,random,all,fg_ketone,F1,hgb,bal_acc,0.7911,0.7766,0.805,0.5,,,,5141,5141,1000,20846,inner_cv,"[{""fold"": ""random"", ""src"": ""inner_cv"", ""thr"": 0.3754}]",7.29,bootstrap unit: molecule
T3,wide,random,all,fg_ketone,F1,knn,auroc,0.7708,0.7492,0.7914,0.5,,,,5141,5141,1000,20846,inner_cv,"[{""fold"": ""random"", ""k"": 10, ""src"": ""inner_cv"", ""thr"": 0.1095}]",40.02,bootstrap unit: molecule
T3,wide,random,all,fg_ketone,F1,knn,auprc,0.3855,0.3462,0.426,0.1167,,,,5141,5141,1000,20846,inner_cv,"[{""fold"": ""random"", ""k"": 10, ""src"": ""inner_cv"", ""thr"": 0.1095}]",40.02,bootstrap unit: molecule
T3,wide,random,all,fg_ketone,F1,knn,bal_acc,0.7147,0.6939,0.7338,0.5,,,,5141,5141,1000,20846,inner_cv,"[{""fold"": ""random"", ""k"": 10, ""src"": ""inner_cv"", ""thr"": 0.1095}]",40.02,bootstrap unit: molecule
T3,wide,random,all,fg_ketone,F1pos,majority,auroc,0.5,0.5,0.5,0.5,,,,5141,5141,1000,20846,fixed,"[{""fold"": ""random"", ""src"": ""fixed"", ""thr"": 0.5}]",2.46,bootstrap unit: molecule
T3,wide,random,all,fg_ketone,F1pos,majority,auprc,0.1167,0.1081,0.1257,0.1167,,,,5141,5141,1000,20846,fixed,"[{""fold"": ""random"", ""src"": ""fixed"", ""thr"": 0.5}]",2.46,bootstrap unit: molecule
T3,wide,random,all,fg_ketone,F1pos,majority,bal_acc,0.5,0.5,0.5,0.5,,,,5141,5141,1000,20846,fixed,"[{""fold"": ""random"", ""src"": ""fixed"", ""thr"": 0.5}]",2.46,bootstrap unit: molecule
T3,wide,random,all,fg_ketone,F1pos,lr,auroc,0.8533,0.8386,0.8678,0.5,,,,5141,5141,1000,20846,inner_cv,"[{""fold"": ""random"", ""C"": 0.01, ""src"": ""inner_cv"", ""thr"": 0.5068}]",6.01,bootstrap unit: molecule
T3,wide,random,all,fg_ketone,F1pos,lr,auprc,0.4214,0.3845,0.4647,0.1167,,,,5141,5141,1000,20846,inner_cv,"[{""fold"": ""random"", ""C"": 0.01, ""src"": ""inner_cv"", ""thr"": 0.5068}]",6.01,bootstrap unit: molecule
T3,wide,random,all,fg_ketone,F1pos,lr,bal_acc,0.7786,0.7616,0.7955,0.5,,,,5141,5141,1000,20846,inner_cv,"[{""fold"": ""random"", ""C"": 0.01, ""src"": ""inner_cv"", ""thr"": 0.5068}]",6.01,bootstrap unit: molecule
T3,wide,random,all,fg_ketone,F1pos,hgb,auroc,0.8566,0.8419,0.871,0.5,,,,5141,5141,1000,20846,inner_cv,"[{""fold"": ""random"", ""src"": ""inner_cv"", ""thr"": 0.4461}]",5.91,bootstrap unit: molecule
T3,wide,random,all,fg_ketone,F1pos,hgb,auprc,0.4692,0.429,0.5157,0.1167,,,,5141,5141,1000,20846,inner_cv,"[{""fold"": ""random"", ""src"": ""inner_cv"", ""thr"": 0.4461}]",5.91,bootstrap unit: molecule
T3,wide,random,all,fg_ketone,F1pos,hgb,bal_acc,0.7797,0.7637,0.7964,0.5,,,,5141,5141,1000,20846,inner_cv,"[{""fold"": ""random"", ""src"": ""inner_cv"", ""thr"": 0.4461}]",5.91,bootstrap unit: molecule
T3,wide,random,all,fg_ketone,F1pos,knn,auroc,0.6438,0.6206,0.6672,0.5,,,,5141,5141,1000,20846,inner_cv,"[{""fold"": ""random"", ""k"": 10, ""src"": ""inner_cv"", ""thr"": 0.0977}]",32.27,bootstrap unit: molecule
T3,wide,random,all,fg_ketone,F1pos,knn,auprc,0.2133,0.1883,0.2426,0.1167,,,,5141,5141,1000,20846,inner_cv,"[{""fold"": ""random"", ""k"": 10, ""src"": ""inner_cv"", ""thr"": 0.0977}]",32.27,bootstrap unit: molecule
T3,wide,random,all,fg_ketone,F1pos,knn,bal_acc,0.6043,0.5842,0.6249,0.5,,,,5141,5141,1000,20846,inner_cv,"[{""fold"": ""random"", ""k"": 10, ""src"": ""inner_cv"", ""thr"": 0.0977}]",32.27,bootstrap unit: molecule
T3,wide,random,all,fg_ketone,F2,majority,auroc,0.5,0.5,0.5,0.5,,,,5141,5141,1000,20846,fixed,"[{""fold"": ""random"", ""src"": ""fixed"", ""thr"": 0.5}]",1.86,bootstrap unit: molecule
T3,wide,random,all,fg_ketone,F2,majority,auprc,0.1167,0.1081,0.1257,0.1167,,,,5141,5141,1000,20846,fixed,"[{""fold"": ""random"", ""src"": ""fixed"", ""thr"": 0.5}]",1.86,bootstrap unit: molecule
T3,wide,random,all,fg_ketone,F2,majority,bal_acc,0.5,0.5,0.5,0.5,,,,5141,5141,1000,20846,fixed,"[{""fold"": ""random"", ""src"": ""fixed"", ""thr"": 0.5}]",1.86,bootstrap unit: molecule
T3,wide,random,all,fg_ketone,F2,lr,auroc,0.8411,0.8263,0.8561,0.5,,,,5141,5141,1000,20846,inner_cv,"[{""fold"": ""random"", ""C"": 0.01, ""src"": ""inner_cv"", ""thr"": 0.4254}]",136.27,bootstrap unit: molecule
T3,wide,random,all,fg_ketone,F2,lr,auprc,0.41,0.372,0.4503,0.1167,,,,5141,5141,1000,20846,inner_cv,"[{""fold"": ""random"", ""C"": 0.01, ""src"": ""inner_cv"", ""thr"": 0.4254}]",136.27,bootstrap unit: molecule
T3,wide,random,all,fg_ketone,F2,lr,bal_acc,0.7697,0.7534,0.7857,0.5,,,,5141,5141,1000,20846,inner_cv,"[{""fold"": ""random"", ""C"": 0.01, ""src"": ""inner_cv"", ""thr"": 0.4254}]",136.27,bootstrap unit: molecule
T3,wide,random,all,fg_ketone,F2,hgb,auroc,0.9007,0.889,0.9118,0.5,,,,5141,5141,1000,20846,inner_cv,"[{""fold"": ""random"", ""src"": ""inner_cv"", ""thr"": 0.4256}]",41.32,bootstrap unit: molecule
T3,wide,random,all,fg_ketone,F2,hgb,auprc,0.5886,0.5429,0.6284,0.1167,,,,5141,5141,1000,20846,inner_cv,"[{""fold"": ""random"", ""src"": ""inner_cv"", ""thr"": 0.4256}]",41.32,bootstrap unit: molecule
T3,wide,random,all,fg_ketone,F2,hgb,bal_acc,0.8162,0.8007,0.831,0.5,,,,5141,5141,1000,20846,inner_cv,"[{""fold"": ""random"", ""src"": ""inner_cv"", ""thr"": 0.4256}]",41.32,bootstrap unit: molecule
T3,wide,random,all,fg_ketone,F2,knn,auroc,0.8329,0.8139,0.8514,0.5,,,,5141,5141,1000,20846,inner_cv,"[{""fold"": ""random"", ""k"": 10, ""src"": ""inner_cv"", ""thr"": 0.1037}]",79.19,bootstrap unit: molecule
T3,wide,random,all,fg_ketone,F2,knn,auprc,0.496,0.4547,0.5408,0.1167,,,,5141,5141,1000,20846,inner_cv,"[{""fold"": ""random"", ""k"": 10, ""src"": ""inner_cv"", ""thr"": 0.1037}]",79.19,bootstrap unit: molecule
T3,wide,random,all,fg_ketone,F2,knn,bal_acc,0.7717,0.7521,0.7901,0.5,,,,5141,5141,1000,20846,inner_cv,"[{""fold"": ""random"", ""k"": 10, ""src"": ""inner_cv"", ""thr"": 0.1037}]",79.19,bootstrap unit: molecule
T3,wide,random,all,fg_ketone,F3,majority,auroc,0.5,0.5,0.5,0.5,,,,5141,5141,1000,20846,fixed,"[{""fold"": ""random"", ""src"": ""fixed"", ""thr"": 0.5}]",2.19,bootstrap unit: molecule
T3,wide,random,all,fg_ketone,F3,majority,auprc,0.1167,0.1081,0.1257,0.1167,,,,5141,5141,1000,20846,fixed,"[{""fold"": ""random"", ""src"": ""fixed"", ""thr"": 0.5}]",2.19,bootstrap unit: molecule
T3,wide,random,all,fg_ketone,F3,majority,bal_acc,0.5,0.5,0.5,0.5,,,,5141,5141,1000,20846,fixed,"[{""fold"": ""random"", ""src"": ""fixed"", ""thr"": 0.5}]",2.19,bootstrap unit: molecule
T3,wide,random,all,fg_ketone,F3,lr,auroc,0.8824,0.8708,0.8943,0.5,,,,5141,5141,1000,20846,inner_cv,"[{""fold"": ""random"", ""C"": 0.01, ""src"": ""inner_cv"", ""thr"": 0.397}]",82.71,bootstrap unit: molecule
T3,wide,random,all,fg_ketone,F3,lr,auprc,0.4994,0.4617,0.5414,0.1167,,,,5141,5141,1000,20846,inner_cv,"[{""fold"": ""random"", ""C"": 0.01, ""src"": ""inner_cv"", ""thr"": 0.397}]",82.71,bootstrap unit: molecule
T3,wide,random,all,fg_ketone,F3,lr,bal_acc,0.8082,0.7937,0.8222,0.5,,,,5141,5141,1000,20846,inner_cv,"[{""fold"": ""random"", ""C"": 0.01, ""src"": ""inner_cv"", ""thr"": 0.397}]",82.71,bootstrap unit: molecule
T3,wide,random,all,fg_ketone,F3,hgb,auroc,0.9444,0.9374,0.9512,0.5,0.0099,100,0.4999,5141,5141,1000,20846,inner_cv,"[{""fold"": ""random"", ""src"": ""inner_cv"", ""thr"": 0.3801}]",46.96,bootstrap unit: molecule
T3,wide,random,all,fg_ketone,F3,hgb,auprc,0.6916,0.6524,0.7268,0.1167,,,,5141,5141,1000,20846,inner_cv,"[{""fold"": ""random"", ""src"": ""inner_cv"", ""thr"": 0.3801}]",46.96,bootstrap unit: molecule
T3,wide,random,all,fg_ketone,F3,hgb,bal_acc,0.8669,0.8549,0.8786,0.5,,,,5141,5141,1000,20846,inner_cv,"[{""fold"": ""random"", ""src"": ""inner_cv"", ""thr"": 0.3801}]",46.96,bootstrap unit: molecule
T3,wide,random,all,fg_ketone,F3,knn,auroc,0.8696,0.8531,0.8854,0.5,,,,5141,5141,1000,20846,inner_cv,"[{""fold"": ""random"", ""k"": 10, ""src"": ""inner_cv"", ""thr"": 0.098}]",88.67,bootstrap unit: molecule
T3,wide,random,all,fg_ketone,F3,knn,auprc,0.5643,0.5218,0.6068,0.1167,,,,5141,5141,1000,20846,inner_cv,"[{""fold"": ""random"", ""k"": 10, ""src"": ""inner_cv"", ""thr"": 0.098}]",88.67,bootstrap unit: molecule
T3,wide,random,all,fg_ketone,F3,knn,bal_acc,0.8043,0.788,0.8194,0.5,,,,5141,5141,1000,20846,inner_cv,"[{""fold"": ""random"", ""k"": 10, ""src"": ""inner_cv"", ""thr"": 0.098}]",88.67,bootstrap unit: molecule
T3,wide,random,all,fg_ketone,F1.sqrt,majority,auroc,0.5,0.5,0.5,0.5,,,,5141,5141,1000,20846,fixed,"[{""fold"": ""random"", ""src"": ""fixed"", ""thr"": 0.5}]",1.43,bootstrap unit: molecule
T3,wide,random,all,fg_ketone,F1.sqrt,majority,auprc,0.1167,0.1081,0.1257,0.1167,,,,5141,5141,1000,20846,fixed,"[{""fold"": ""random"", ""src"": ""fixed"", ""thr"": 0.5}]",1.43,bootstrap unit: molecule
T3,wide,random,all,fg_ketone,F1.sqrt,majority,bal_acc,0.5,0.5,0.5,0.5,,,,5141,5141,1000,20846,fixed,"[{""fold"": ""random"", ""src"": ""fixed"", ""thr"": 0.5}]",1.43,bootstrap unit: molecule
T3,wide,random,all,fg_ketone,F1.sqrt,lr,auroc,0.8528,0.8385,0.8667,0.5,,,,5141,5141,1000,20846,inner_cv,"[{""fold"": ""random"", ""C"": 0.01, ""src"": ""inner_cv"", ""thr"": 0.4551}]",4.56,bootstrap unit: molecule
T3,wide,random,all,fg_ketone,F1.sqrt,lr,auprc,0.4253,0.387,0.4658,0.1167,,,,5141,5141,1000,20846,inner_cv,"[{""fold"": ""random"", ""C"": 0.01, ""src"": ""inner_cv"", ""thr"": 0.4551}]",4.56,bootstrap unit: molecule
T3,wide,random,all,fg_ketone,F1.sqrt,lr,bal_acc,0.7789,0.7629,0.7951,0.5,,,,5141,5141,1000,20846,inner_cv,"[{""fold"": ""random"", ""C"": 0.01, ""src"": ""inner_cv"", ""thr"": 0.4551}]",4.56,bootstrap unit: molecule
T3,wide,random,all,fg_ketone,F1.sqrt,hgb,auroc,0.8722,0.858,0.8867,0.5,,,,5141,5141,1000,20846,inner_cv,"[{""fold"": ""random"", ""src"": ""inner_cv"", ""thr"": 0.3754}]",6.6,bootstrap unit: molecule
T3,wide,random,all,fg_ketone,F1.sqrt,hgb,auprc,0.5189,0.4791,0.5639,0.1167,,,,5141,5141,1000,20846,inner_cv,"[{""fold"": ""random"", ""src"": ""inner_cv"", ""thr"": 0.3754}]",6.6,bootstrap unit: molecule
T3,wide,random,all,fg_ketone,F1.sqrt,hgb,bal_acc,0.7911,0.7766,0.805,0.5,,,,5141,5141,1000,20846,inner_cv,"[{""fold"": ""random"", ""src"": ""inner_cv"", ""thr"": 0.3754}]",6.6,bootstrap unit: molecule
T3,wide,random,all,fg_ketone,F1.sqrt,knn,auroc,0.7652,0.7439,0.7857,0.5,,,,5141,5141,1000,20846,inner_cv,"[{""fold"": ""random"", ""k"": 10, ""src"": ""inner_cv"", ""thr"": 0.0995}]",41.67,bootstrap unit: molecule
T3,wide,random,all,fg_ketone,F1.sqrt,knn,auprc,0.3561,0.3196,0.3956,0.1167,,,,5141,5141,1000,20846,inner_cv,"[{""fold"": ""random"", ""k"": 10, ""src"": ""inner_cv"", ""thr"": 0.0995}]",41.67,bootstrap unit: molecule
T3,wide,random,all,fg_ketone,F1.sqrt,knn,bal_acc,0.699,0.68,0.7172,0.5,,,,5141,5141,1000,20846,inner_cv,"[{""fold"": ""random"", ""k"": 10, ""src"": ""inner_cv"", ""thr"": 0.0995}]",41.67,bootstrap unit: molecule
T3,wide,random,all,fg_ketone,F2.lt1700,majority,auroc,0.5,0.5,0.5,0.5,,,,5141,5141,1000,20846,fixed,"[{""fold"": ""random"", ""src"": ""fixed"", ""thr"": 0.5}]",2.77,bootstrap unit: molecule
T3,wide,random,all,fg_ketone,F2.lt1700,majority,auprc,0.1167,0.1081,0.1257,0.1167,,,,5141,5141,1000,20846,fixed,"[{""fold"": ""random"", ""src"": ""fixed"", ""thr"": 0.5}]",2.77,bootstrap unit: molecule
T3,wide,random,all,fg_ketone,F2.lt1700,majority,bal_acc,0.5,0.5,0.5,0.5,,,,5141,5141,1000,20846,fixed,"[{""fold"": ""random"", ""src"": ""fixed"", ""thr"": 0.5}]",2.77,bootstrap unit: molecule
T3,wide,random,all,fg_ketone,F2.lt1700,lr,auroc,0.7845,0.7663,0.8019,0.5,,,,5141,5141,1000,20846,inner_cv,"[{""fold"": ""random"", ""C"": 0.01, ""src"": ""inner_cv"", ""thr"": 0.4163}]",102.53,bootstrap unit: molecule
T3,wide,random,all,fg_ketone,F2.lt1700,lr,auprc,0.2997,0.2699,0.3339,0.1167,,,,5141,5141,1000,20846,inner_cv,"[{""fold"": ""random"", ""C"": 0.01, ""src"": ""inner_cv"", ""thr"": 0.4163}]",102.53,bootstrap unit: molecule
T3,wide,random,all,fg_ketone,F2.lt1700,lr,bal_acc,0.7162,0.6991,0.7319,0.5,,,,5141,5141,1000,20846,inner_cv,"[{""fold"": ""random"", ""C"": 0.01, ""src"": ""inner_cv"", ""thr"": 0.4163}]",102.53,bootstrap unit: molecule
T3,wide,random,all,fg_ketone,F2.lt1700,hgb,auroc,0.8891,0.8766,0.901,0.5,,,,5141,5141,1000,20846,inner_cv,"[{""fold"": ""random"", ""src"": ""inner_cv"", ""thr"": 0.4239}]",45.01,bootstrap unit: molecule
T3,wide,random,all,fg_ketone,F2.lt1700,hgb,auprc,0.54,0.4989,0.5822,0.1167,,,,5141,5141,1000,20846,inner_cv,"[{""fold"": ""random"", ""src"": ""inner_cv"", ""thr"": 0.4239}]",45.01,bootstrap unit: molecule
T3,wide,random,all,fg_ketone,F2.lt1700,hgb,bal_acc,0.8092,0.7932,0.8239,0.5,,,,5141,5141,1000,20846,inner_cv,"[{""fold"": ""random"", ""src"": ""inner_cv"", ""thr"": 0.4239}]",45.01,bootstrap unit: molecule
T3,wide,random,all,fg_ketone,F2.lt1700,knn,auroc,0.7516,0.7282,0.7739,0.5,,,,5141,5141,1000,20846,inner_cv,"[{""fold"": ""random"", ""k"": 10, ""src"": ""inner_cv"", ""thr"": 0.0965}]",69.75,bootstrap unit: molecule
T3,wide,random,all,fg_ketone,F2.lt1700,knn,auprc,0.3681,0.3291,0.4082,0.1167,,,,5141,5141,1000,20846,inner_cv,"[{""fold"": ""random"", ""k"": 10, ""src"": ""inner_cv"", ""thr"": 0.0965}]",69.75,bootstrap unit: molecule
T3,wide,random,all,fg_ketone,F2.lt1700,knn,bal_acc,0.6815,0.661,0.7001,0.5,,,,5141,5141,1000,20846,inner_cv,"[{""fold"": ""random"", ""k"": 10, ""src"": ""inner_cv"", ""thr"": 0.0965}]",69.75,bootstrap unit: molecule
T3,wide,random,all,fg_ketone,F3.lt1700,majority,auroc,0.5,0.5,0.5,0.5,,,,5141,5141,1000,20846,fixed,"[{""fold"": ""random"", ""src"": ""fixed"", ""thr"": 0.5}]",3.5,bootstrap unit: molecule
T3,wide,random,all,fg_ketone,F3.lt1700,majority,auprc,0.1167,0.1081,0.1257,0.1167,,,,5141,5141,1000,20846,fixed,"[{""fold"": ""random"", ""src"": ""fixed"", ""thr"": 0.5}]",3.5,bootstrap unit: molecule
T3,wide,random,all,fg_ketone,F3.lt1700,majority,bal_acc,0.5,0.5,0.5,0.5,,,,5141,5141,1000,20846,fixed,"[{""fold"": ""random"", ""src"": ""fixed"", ""thr"": 0.5}]",3.5,bootstrap unit: molecule
T3,wide,random,all,fg_ketone,F3.lt1700,lr,auroc,0.8025,0.7859,0.8188,0.5,,,,5141,5141,1000,20846,inner_cv,"[{""fold"": ""random"", ""C"": 0.01, ""src"": ""inner_cv"", ""thr"": 0.4241}]",79.79,bootstrap unit: molecule
T3,wide,random,all,fg_ketone,F3.lt1700,lr,auprc,0.3305,0.2985,0.3672,0.1167,,,,5141,5141,1000,20846,inner_cv,"[{""fold"": ""random"", ""C"": 0.01, ""src"": ""inner_cv"", ""thr"": 0.4241}]",79.79,bootstrap unit: molecule
T3,wide,random,all,fg_ketone,F3.lt1700,lr,bal_acc,0.7301,0.7132,0.7469,0.5,,,,5141,5141,1000,20846,inner_cv,"[{""fold"": ""random"", ""C"": 0.01, ""src"": ""inner_cv"", ""thr"": 0.4241}]",79.79,bootstrap unit: molecule
T3,wide,random,all,fg_ketone,F3.lt1700,hgb,auroc,0.9245,0.9155,0.9329,0.5,,,,5141,5141,1000,20846,inner_cv,"[{""fold"": ""random"", ""src"": ""inner_cv"", ""thr"": 0.3657}]",47.15,bootstrap unit: molecule
T3,wide,random,all,fg_ketone,F3.lt1700,hgb,auprc,0.6441,0.6029,0.684,0.1167,,,,5141,5141,1000,20846,inner_cv,"[{""fold"": ""random"", ""src"": ""inner_cv"", ""thr"": 0.3657}]",47.15,bootstrap unit: molecule
T3,wide,random,all,fg_ketone,F3.lt1700,hgb,bal_acc,0.8413,0.8285,0.8538,0.5,,,,5141,5141,1000,20846,inner_cv,"[{""fold"": ""random"", ""src"": ""inner_cv"", ""thr"": 0.3657}]",47.15,bootstrap unit: molecule
T3,wide,random,all,fg_ketone,F3.lt1700,knn,auroc,0.783,0.7611,0.8035,0.5,,,,5141,5141,1000,20846,inner_cv,"[{""fold"": ""random"", ""k"": 10, ""src"": ""inner_cv"", ""thr"": 0.0958}]",121.36,bootstrap unit: molecule
T3,wide,random,all,fg_ketone,F3.lt1700,knn,auprc,0.4257,0.3805,0.4642,0.1167,,,,5141,5141,1000,20846,inner_cv,"[{""fold"": ""random"", ""k"": 10, ""src"": ""inner_cv"", ""thr"": 0.0958}]",121.36,bootstrap unit: molecule
T3,wide,random,all,fg_ketone,F3.lt1700,knn,bal_acc,0.7183,0.6988,0.7357,0.5,,,,5141,5141,1000,20846,inner_cv,"[{""fold"": ""random"", ""k"": 10, ""src"": ""inner_cv"", ""thr"": 0.0958}]",121.36,bootstrap unit: molecule
T3,wide,random,all,fg_aldehyde,F1,majority,auroc,0.5,0.5,0.5,0.5,,,,5141,5141,1000,20846,fixed,"[{""fold"": ""random"", ""src"": ""fixed"", ""thr"": 0.5}]",2.36,bootstrap unit: molecule
T3,wide,random,all,fg_aldehyde,F1,majority,auprc,0.1045,0.0961,0.1124,0.1045,,,,5141,5141,1000,20846,fixed,"[{""fold"": ""random"", ""src"": ""fixed"", ""thr"": 0.5}]",2.36,bootstrap unit: molecule
T3,wide,random,all,fg_aldehyde,F1,majority,bal_acc,0.5,0.5,0.5,0.5,,,,5141,5141,1000,20846,fixed,"[{""fold"": ""random"", ""src"": ""fixed"", ""thr"": 0.5}]",2.36,bootstrap unit: molecule
T3,wide,random,all,fg_aldehyde,F1,lr,auroc,0.9354,0.9276,0.9436,0.5,0.0099,100,0.4987,5141,5141,1000,20846,inner_cv,"[{""fold"": ""random"", ""C"": 0.01, ""src"": ""inner_cv"", ""thr"": 0.3421}]",4.33,bootstrap unit: molecule
T3,wide,random,all,fg_aldehyde,F1,lr,auprc,0.5685,0.5274,0.6103,0.1045,,,,5141,5141,1000,20846,inner_cv,"[{""fold"": ""random"", ""C"": 0.01, ""src"": ""inner_cv"", ""thr"": 0.3421}]",4.33,bootstrap unit: molecule
T3,wide,random,all,fg_aldehyde,F1,lr,bal_acc,0.8883,0.8771,0.8988,0.5,,,,5141,5141,1000,20846,inner_cv,"[{""fold"": ""random"", ""C"": 0.01, ""src"": ""inner_cv"", ""thr"": 0.3421}]",4.33,bootstrap unit: molecule
T3,wide,random,all,fg_aldehyde,F1,hgb,auroc,0.9545,0.9476,0.9611,0.5,,,,5141,5141,1000,20846,inner_cv,"[{""fold"": ""random"", ""src"": ""inner_cv"", ""thr"": 0.4152}]",6.39,bootstrap unit: molecule
T3,wide,random,all,fg_aldehyde,F1,hgb,auprc,0.7083,0.6651,0.747,0.1045,,,,5141,5141,1000,20846,inner_cv,"[{""fold"": ""random"", ""src"": ""inner_cv"", ""thr"": 0.4152}]",6.39,bootstrap unit: molecule
T3,wide,random,all,fg_aldehyde,F1,hgb,bal_acc,0.8937,0.8812,0.9055,0.5,,,,5141,5141,1000,20846,inner_cv,"[{""fold"": ""random"", ""src"": ""inner_cv"", ""thr"": 0.4152}]",6.39,bootstrap unit: molecule
T3,wide,random,all,fg_aldehyde,F1,knn,auroc,0.8818,0.8651,0.8978,0.5,,,,5141,5141,1000,20846,inner_cv,"[{""fold"": ""random"", ""k"": 10, ""src"": ""inner_cv"", ""thr"": 0.124}]",39.53,bootstrap unit: molecule
T3,wide,random,all,fg_aldehyde,F1,knn,auprc,0.5238,0.4803,0.5723,0.1045,,,,5141,5141,1000,20846,inner_cv,"[{""fold"": ""random"", ""k"": 10, ""src"": ""inner_cv"", ""thr"": 0.124}]",39.53,bootstrap unit: molecule
T3,wide,random,all,fg_aldehyde,F1,knn,bal_acc,0.8289,0.8112,0.8469,0.5,,,,5141,5141,1000,20846,inner_cv,"[{""fold"": ""random"", ""k"": 10, ""src"": ""inner_cv"", ""thr"": 0.124}]",39.53,bootstrap unit: molecule
T3,wide,random,all,fg_aldehyde,F1pos,majority,auroc,0.5,0.5,0.5,0.5,,,,5141,5141,1000,20846,fixed,"[{""fold"": ""random"", ""src"": ""fixed"", ""thr"": 0.5}]",1.98,bootstrap unit: molecule
T3,wide,random,all,fg_aldehyde,F1pos,majority,auprc,0.1045,0.0961,0.1124,0.1045,,,,5141,5141,1000,20846,fixed,"[{""fold"": ""random"", ""src"": ""fixed"", ""thr"": 0.5}]",1.98,bootstrap unit: molecule
T3,wide,random,all,fg_aldehyde,F1pos,majority,bal_acc,0.5,0.5,0.5,0.5,,,,5141,5141,1000,20846,fixed,"[{""fold"": ""random"", ""src"": ""fixed"", ""thr"": 0.5}]",1.98,bootstrap unit: molecule
T3,wide,random,all,fg_aldehyde,F1pos,lr,auroc,0.9312,0.9221,0.9408,0.5,,,,5141,5141,1000,20846,inner_cv,"[{""fold"": ""random"", ""C"": 0.01, ""src"": ""inner_cv"", ""thr"": 0.401}]",3.93,bootstrap unit: molecule
T3,wide,random,all,fg_aldehyde,F1pos,lr,auprc,0.5747,0.5317,0.6212,0.1045,,,,5141,5141,1000,20846,inner_cv,"[{""fold"": ""random"", ""C"": 0.01, ""src"": ""inner_cv"", ""thr"": 0.401}]",3.93,bootstrap unit: molecule
T3,wide,random,all,fg_aldehyde,F1pos,lr,bal_acc,0.8762,0.8645,0.8876,0.5,,,,5141,5141,1000,20846,inner_cv,"[{""fold"": ""random"", ""C"": 0.01, ""src"": ""inner_cv"", ""thr"": 0.401}]",3.93,bootstrap unit: molecule
T3,wide,random,all,fg_aldehyde,F1pos,hgb,auroc,0.9397,0.9313,0.9473,0.5,,,,5141,5141,1000,20846,inner_cv,"[{""fold"": ""random"", ""src"": ""inner_cv"", ""thr"": 0.5124}]",7.12,bootstrap unit: molecule
T3,wide,random,all,fg_aldehyde,F1pos,hgb,auprc,0.6223,0.5787,0.6664,0.1045,,,,5141,5141,1000,20846,inner_cv,"[{""fold"": ""random"", ""src"": ""inner_cv"", ""thr"": 0.5124}]",7.12,bootstrap unit: molecule
T3,wide,random,all,fg_aldehyde,F1pos,hgb,bal_acc,0.8701,0.8568,0.8849,0.5,,,,5141,5141,1000,20846,inner_cv,"[{""fold"": ""random"", ""src"": ""inner_cv"", ""thr"": 0.5124}]",7.12,bootstrap unit: molecule
T3,wide,random,all,fg_aldehyde,F1pos,knn,auroc,0.6857,0.6611,0.7102,0.5,,,,5141,5141,1000,20846,inner_cv,"[{""fold"": ""random"", ""k"": 10, ""src"": ""inner_cv"", ""thr"": 0.1026}]",36.43,bootstrap unit: molecule
T3,wide,random,all,fg_aldehyde,F1pos,knn,auprc,0.2531,0.2218,0.2929,0.1045,,,,5141,5141,1000,20846,inner_cv,"[{""fold"": ""random"", ""k"": 10, ""src"": ""inner_cv"", ""thr"": 0.1026}]",36.43,bootstrap unit: molecule
T3,wide,random,all,fg_aldehyde,F1pos,knn,bal_acc,0.6354,0.6134,0.6573,0.5,,,,5141,5141,1000,20846,inner_cv,"[{""fold"": ""random"", ""k"": 10, ""src"": ""inner_cv"", ""thr"": 0.1026}]",36.43,bootstrap unit: molecule
T3,wide,random,all,fg_aldehyde,F2,majority,auroc,0.5,0.5,0.5,0.5,,,,5141,5141,1000,20846,fixed,"[{""fold"": ""random"", ""src"": ""fixed"", ""thr"": 0.5}]",2.07,bootstrap unit: molecule
T3,wide,random,all,fg_aldehyde,F2,majority,auprc,0.1045,0.0961,0.1124,0.1045,,,,5141,5141,1000,20846,fixed,"[{""fold"": ""random"", ""src"": ""fixed"", ""thr"": 0.5}]",2.07,bootstrap unit: molecule
T3,wide,random,all,fg_aldehyde,F2,majority,bal_acc,0.5,0.5,0.5,0.5,,,,5141,5141,1000,20846,fixed,"[{""fold"": ""random"", ""src"": ""fixed"", ""thr"": 0.5}]",2.07,bootstrap unit: molecule
T3,wide,random,all,fg_aldehyde,F2,lr,auroc,0.9369,0.929,0.9451,0.5,,,,5141,5141,1000,20846,inner_cv,"[{""fold"": ""random"", ""C"": 0.01, ""src"": ""inner_cv"", ""thr"": 0.4477}]",105.55,bootstrap unit: molecule
T3,wide,random,all,fg_aldehyde,F2,lr,auprc,0.578,0.5364,0.621,0.1045,,,,5141,5141,1000,20846,inner_cv,"[{""fold"": ""random"", ""C"": 0.01, ""src"": ""inner_cv"", ""thr"": 0.4477}]",105.55,bootstrap unit: molecule
T3,wide,random,all,fg_aldehyde,F2,lr,bal_acc,0.8794,0.8644,0.8925,0.5,,,,5141,5141,1000,20846,inner_cv,"[{""fold"": ""random"", ""C"": 0.01, ""src"": ""inner_cv"", ""thr"": 0.4477}]",105.55,bootstrap unit: molecule
T3,wide,random,all,fg_aldehyde,F2,hgb,auroc,0.9685,0.9634,0.9736,0.5,,,,5141,5141,1000,20846,inner_cv,"[{""fold"": ""random"", ""src"": ""inner_cv"", ""thr"": 0.2892}]",45.29,bootstrap unit: molecule
T3,wide,random,all,fg_aldehyde,F2,hgb,auprc,0.7801,0.7441,0.8139,0.1045,,,,5141,5141,1000,20846,inner_cv,"[{""fold"": ""random"", ""src"": ""inner_cv"", ""thr"": 0.2892}]",45.29,bootstrap unit: molecule
T3,wide,random,all,fg_aldehyde,F2,hgb,bal_acc,0.9156,0.9051,0.9257,0.5,,,,5141,5141,1000,20846,inner_cv,"[{""fold"": ""random"", ""src"": ""inner_cv"", ""thr"": 0.2892}]",45.29,bootstrap unit: molecule
T3,wide,random,all,fg_aldehyde,F2,knn,auroc,0.9125,0.8978,0.9252,0.5,,,,5141,5141,1000,20846,inner_cv,"[{""fold"": ""random"", ""k"": 10, ""src"": ""inner_cv"", ""thr"": 0.1021}]",78.52,bootstrap unit: molecule
T3,wide,random,all,fg_aldehyde,F2,knn,auprc,0.6189,0.5754,0.6646,0.1045,,,,5141,5141,1000,20846,inner_cv,"[{""fold"": ""random"", ""k"": 10, ""src"": ""inner_cv"", ""thr"": 0.1021}]",78.52,bootstrap unit: molecule
T3,wide,random,all,fg_aldehyde,F2,knn,bal_acc,0.8592,0.843,0.8746,0.5,,,,5141,5141,1000,20846,inner_cv,"[{""fold"": ""random"", ""k"": 10, ""src"": ""inner_cv"", ""thr"": 0.1021}]",78.52,bootstrap unit: molecule
T3,wide,random,all,fg_aldehyde,F3,majority,auroc,0.5,0.5,0.5,0.5,,,,5141,5141,1000,20846,fixed,"[{""fold"": ""random"", ""src"": ""fixed"", ""thr"": 0.5}]",1.45,bootstrap unit: molecule
T3,wide,random,all,fg_aldehyde,F3,majority,auprc,0.1045,0.0961,0.1124,0.1045,,,,5141,5141,1000,20846,fixed,"[{""fold"": ""random"", ""src"": ""fixed"", ""thr"": 0.5}]",1.45,bootstrap unit: molecule
T3,wide,random,all,fg_aldehyde,F3,majority,bal_acc,0.5,0.5,0.5,0.5,,,,5141,5141,1000,20846,fixed,"[{""fold"": ""random"", ""src"": ""fixed"", ""thr"": 0.5}]",1.45,bootstrap unit: molecule
T3,wide,random,all,fg_aldehyde,F3,lr,auroc,0.939,0.9309,0.9467,0.5,,,,5141,5141,1000,20846,inner_cv,"[{""fold"": ""random"", ""C"": 0.01, ""src"": ""inner_cv"", ""thr"": 0.3928}]",59.56,bootstrap unit: molecule
T3,wide,random,all,fg_aldehyde,F3,lr,auprc,0.5867,0.5458,0.6306,0.1045,,,,5141,5141,1000,20846,inner_cv,"[{""fold"": ""random"", ""C"": 0.01, ""src"": ""inner_cv"", ""thr"": 0.3928}]",59.56,bootstrap unit: molecule
T3,wide,random,all,fg_aldehyde,F3,lr,bal_acc,0.8882,0.8747,0.8998,0.5,,,,5141,5141,1000,20846,inner_cv,"[{""fold"": ""random"", ""C"": 0.01, ""src"": ""inner_cv"", ""thr"": 0.3928}]",59.56,bootstrap unit: molecule
T3,wide,random,all,fg_aldehyde,F3,hgb,auroc,0.9734,0.9685,0.9778,0.5,0.0099,100,0.5009,5141,5141,1000,20846,inner_cv,"[{""fold"": ""random"", ""src"": ""inner_cv"", ""thr"": 0.3886}]",50.22,bootstrap unit: molecule
T3,wide,random,all,fg_aldehyde,F3,hgb,auprc,0.8194,0.7869,0.8486,0.1045,,,,5141,5141,1000,20846,inner_cv,"[{""fold"": ""random"", ""src"": ""inner_cv"", ""thr"": 0.3886}]",50.22,bootstrap unit: molecule
T3,wide,random,all,fg_aldehyde,F3,hgb,bal_acc,0.9168,0.9048,0.929,0.5,,,,5141,5141,1000,20846,inner_cv,"[{""fold"": ""random"", ""src"": ""inner_cv"", ""thr"": 0.3886}]",50.22,bootstrap unit: molecule
T3,wide,random,all,fg_aldehyde,F3,knn,auroc,0.9159,0.9017,0.9287,0.5,,,,5141,5141,1000,20846,inner_cv,"[{""fold"": ""random"", ""k"": 10, ""src"": ""inner_cv"", ""thr"": 0.0988}]",56.87,bootstrap unit: molecule
T3,wide,random,all,fg_aldehyde,F3,knn,auprc,0.6301,0.587,0.6759,0.1045,,,,5141,5141,1000,20846,inner_cv,"[{""fold"": ""random"", ""k"": 10, ""src"": ""inner_cv"", ""thr"": 0.0988}]",56.87,bootstrap unit: molecule
T3,wide,random,all,fg_aldehyde,F3,knn,bal_acc,0.8645,0.8504,0.8789,0.5,,,,5141,5141,1000,20846,inner_cv,"[{""fold"": ""random"", ""k"": 10, ""src"": ""inner_cv"", ""thr"": 0.0988}]",56.87,bootstrap unit: molecule
T3,wide,random,all,fg_aldehyde,F1.sqrt,majority,auroc,0.5,0.5,0.5,0.5,,,,5141,5141,1000,20846,fixed,"[{""fold"": ""random"", ""src"": ""fixed"", ""thr"": 0.5}]",2.25,bootstrap unit: molecule
T3,wide,random,all,fg_aldehyde,F1.sqrt,majority,auprc,0.1045,0.0961,0.1124,0.1045,,,,5141,5141,1000,20846,fixed,"[{""fold"": ""random"", ""src"": ""fixed"", ""thr"": 0.5}]",2.25,bootstrap unit: molecule
T3,wide,random,all,fg_aldehyde,F1.sqrt,majority,bal_acc,0.5,0.5,0.5,0.5,,,,5141,5141,1000,20846,fixed,"[{""fold"": ""random"", ""src"": ""fixed"", ""thr"": 0.5}]",2.25,bootstrap unit: molecule
T3,wide,random,all,fg_aldehyde,F1.sqrt,lr,auroc,0.9418,0.9343,0.9496,0.5,,,,5141,5141,1000,20846,inner_cv,"[{""fold"": ""random"", ""C"": 0.01, ""src"": ""inner_cv"", ""thr"": 0.4548}]",5.77,bootstrap unit: molecule
T3,wide,random,all,fg_aldehyde,F1.sqrt,lr,auprc,0.5994,0.5571,0.6421,0.1045,,,,5141,5141,1000,20846,inner_cv,"[{""fold"": ""random"", ""C"": 0.01, ""src"": ""inner_cv"", ""thr"": 0.4548}]",5.77,bootstrap unit: molecule
T3,wide,random,all,fg_aldehyde,F1.sqrt,lr,bal_acc,0.8931,0.8808,0.904,0.5,,,,5141,5141,1000,20846,inner_cv,"[{""fold"": ""random"", ""C"": 0.01, ""src"": ""inner_cv"", ""thr"": 0.4548}]",5.77,bootstrap unit: molecule
T3,wide,random,all,fg_aldehyde,F1.sqrt,hgb,auroc,0.9545,0.9476,0.9611,0.5,,,,5141,5141,1000,20846,inner_cv,"[{""fold"": ""random"", ""src"": ""inner_cv"", ""thr"": 0.4152}]",6.0,bootstrap unit: molecule
T3,wide,random,all,fg_aldehyde,F1.sqrt,hgb,auprc,0.7083,0.6651,0.747,0.1045,,,,5141,5141,1000,20846,inner_cv,"[{""fold"": ""random"", ""src"": ""inner_cv"", ""thr"": 0.4152}]",6.0,bootstrap unit: molecule
T3,wide,random,all,fg_aldehyde,F1.sqrt,hgb,bal_acc,0.8937,0.8812,0.9055,0.5,,,,5141,5141,1000,20846,inner_cv,"[{""fold"": ""random"", ""src"": ""inner_cv"", ""thr"": 0.4152}]",6.0,bootstrap unit: molecule
T3,wide,random,all,fg_aldehyde,F1.sqrt,knn,auroc,0.8842,0.8675,0.9009,0.5,,,,5141,5141,1000,20846,inner_cv,"[{""fold"": ""random"", ""k"": 10, ""src"": ""inner_cv"", ""thr"": 0.1123}]",34.05,bootstrap unit: molecule
T3,wide,random,all,fg_aldehyde,F1.sqrt,knn,auprc,0.527,0.4811,0.5769,0.1045,,,,5141,5141,1000,20846,inner_cv,"[{""fold"": ""random"", ""k"": 10, ""src"": ""inner_cv"", ""thr"": 0.1123}]",34.05,bootstrap unit: molecule
T3,wide,random,all,fg_aldehyde,F1.sqrt,knn,bal_acc,0.8267,0.8084,0.8444,0.5,,,,5141,5141,1000,20846,inner_cv,"[{""fold"": ""random"", ""k"": 10, ""src"": ""inner_cv"", ""thr"": 0.1123}]",34.05,bootstrap unit: molecule
T3,wide,random,all,fg_aldehyde,F2.lt1700,majority,auroc,0.5,0.5,0.5,0.5,,,,5141,5141,1000,20846,fixed,"[{""fold"": ""random"", ""src"": ""fixed"", ""thr"": 0.5}]",5.31,bootstrap unit: molecule
T3,wide,random,all,fg_aldehyde,F2.lt1700,majority,auprc,0.1045,0.0961,0.1124,0.1045,,,,5141,5141,1000,20846,fixed,"[{""fold"": ""random"", ""src"": ""fixed"", ""thr"": 0.5}]",5.31,bootstrap unit: molecule
T3,wide,random,all,fg_aldehyde,F2.lt1700,majority,bal_acc,0.5,0.5,0.5,0.5,,,,5141,5141,1000,20846,fixed,"[{""fold"": ""random"", ""src"": ""fixed"", ""thr"": 0.5}]",5.31,bootstrap unit: molecule
T3,wide,random,all,fg_aldehyde,F2.lt1700,lr,auroc,0.7648,0.7454,0.7841,0.5,,,,5141,5141,1000,20846,inner_cv,"[{""fold"": ""random"", ""C"": 0.01, ""src"": ""inner_cv"", ""thr"": 0.4688}]",132.66,bootstrap unit: molecule
T3,wide,random,all,fg_aldehyde,F2.lt1700,lr,auprc,0.2593,0.2326,0.2916,0.1045,,,,5141,5141,1000,20846,inner_cv,"[{""fold"": ""random"", ""C"": 0.01, ""src"": ""inner_cv"", ""thr"": 0.4688}]",132.66,bootstrap unit: molecule
T3,wide,random,all,fg_aldehyde,F2.lt1700,lr,bal_acc,0.7034,0.6845,0.7238,0.5,,,,5141,5141,1000,20846,inner_cv,"[{""fold"": ""random"", ""C"": 0.01, ""src"": ""inner_cv"", ""thr"": 0.4688}]",132.66,bootstrap unit: molecule
T3,wide,random,all,fg_aldehyde,F2.lt1700,hgb,auroc,0.9494,0.9428,0.9562,0.5,,,,5141,5141,1000,20846,inner_cv,"[{""fold"": ""random"", ""src"": ""inner_cv"", ""thr"": 0.306}]",42.8,bootstrap unit: molecule
T3,wide,random,all,fg_aldehyde,F2.lt1700,hgb,auprc,0.6968,0.6557,0.7347,0.1045,,,,5141,5141,1000,20846,inner_cv,"[{""fold"": ""random"", ""src"": ""inner_cv"", ""thr"": 0.306}]",42.8,bootstrap unit: molecule
T3,wide,random,all,fg_aldehyde,F2.lt1700,hgb,bal_acc,0.8831,0.8718,0.8942,0.5,,,,5141,5141,1000,20846,inner_cv,"[{""fold"": ""random"", ""src"": ""inner_cv"", ""thr"": 0.306}]",42.8,bootstrap unit: molecule
T3,wide,random,all,fg_aldehyde,F2.lt1700,knn,auroc,0.6571,0.6348,0.6821,0.5,,,,5141,5141,1000,20846,inner_cv,"[{""fold"": ""random"", ""k"": 10, ""src"": ""inner_cv"", ""thr"": 0.1033}]",83.31,bootstrap unit: molecule
T3,wide,random,all,fg_aldehyde,F2.lt1700,knn,auprc,0.2219,0.1916,0.2575,0.1045,,,,5141,5141,1000,20846,inner_cv,"[{""fold"": ""random"", ""k"": 10, ""src"": ""inner_cv"", ""thr"": 0.1033}]",83.31,bootstrap unit: molecule
T3,wide,random,all,fg_aldehyde,F2.lt1700,knn,bal_acc,0.6189,0.5985,0.6397,0.5,,,,5141,5141,1000,20846,inner_cv,"[{""fold"": ""random"", ""k"": 10, ""src"": ""inner_cv"", ""thr"": 0.1033}]",83.31,bootstrap unit: molecule
T3,wide,random,all,fg_aldehyde,F3.lt1700,majority,auroc,0.5,0.5,0.5,0.5,,,,5141,5141,1000,20846,fixed,"[{""fold"": ""random"", ""src"": ""fixed"", ""thr"": 0.5}]",2.26,bootstrap unit: molecule
T3,wide,random,all,fg_aldehyde,F3.lt1700,majority,auprc,0.1045,0.0961,0.1124,0.1045,,,,5141,5141,1000,20846,fixed,"[{""fold"": ""random"", ""src"": ""fixed"", ""thr"": 0.5}]",2.26,bootstrap unit: molecule
T3,wide,random,all,fg_aldehyde,F3.lt1700,majority,bal_acc,0.5,0.5,0.5,0.5,,,,5141,5141,1000,20846,fixed,"[{""fold"": ""random"", ""src"": ""fixed"", ""thr"": 0.5}]",2.26,bootstrap unit: molecule
T3,wide,random,all,fg_aldehyde,F3.lt1700,lr,auroc,0.7829,0.7639,0.8013,0.5,,,,5141,5141,1000,20846,inner_cv,"[{""fold"": ""random"", ""C"": 0.01, ""src"": ""inner_cv"", ""thr"": 0.4463}]",78.92,bootstrap unit: molecule
T3,wide,random,all,fg_aldehyde,F3.lt1700,lr,auprc,0.275,0.2473,0.3082,0.1045,,,,5141,5141,1000,20846,inner_cv,"[{""fold"": ""random"", ""C"": 0.01, ""src"": ""inner_cv"", ""thr"": 0.4463}]",78.92,bootstrap unit: molecule
T3,wide,random,all,fg_aldehyde,F3.lt1700,lr,bal_acc,0.7155,0.6959,0.7343,0.5,,,,5141,5141,1000,20846,inner_cv,"[{""fold"": ""random"", ""C"": 0.01, ""src"": ""inner_cv"", ""thr"": 0.4463}]",78.92,bootstrap unit: molecule
T3,wide,random,all,fg_aldehyde,F3.lt1700,hgb,auroc,0.9574,0.9503,0.9642,0.5,,,,5141,5141,1000,20846,inner_cv,"[{""fold"": ""random"", ""src"": ""inner_cv"", ""thr"": 0.2615}]",29.81,bootstrap unit: molecule
T3,wide,random,all,fg_aldehyde,F3.lt1700,hgb,auprc,0.7593,0.7222,0.791,0.1045,,,,5141,5141,1000,20846,inner_cv,"[{""fold"": ""random"", ""src"": ""inner_cv"", ""thr"": 0.2615}]",29.81,bootstrap unit: molecule
T3,wide,random,all,fg_aldehyde,F3.lt1700,hgb,bal_acc,0.8788,0.8678,0.8904,0.5,,,,5141,5141,1000,20846,inner_cv,"[{""fold"": ""random"", ""src"": ""inner_cv"", ""thr"": 0.2615}]",29.81,bootstrap unit: molecule
T3,wide,random,all,fg_aldehyde,F3.lt1700,knn,auroc,0.6796,0.6539,0.7039,0.5,,,,5141,5141,1000,20846,inner_cv,"[{""fold"": ""random"", ""k"": 10, ""src"": ""inner_cv"", ""thr"": 0.0979}]",82.83,bootstrap unit: molecule
T3,wide,random,all,fg_aldehyde,F3.lt1700,knn,auprc,0.246,0.2141,0.2817,0.1045,,,,5141,5141,1000,20846,inner_cv,"[{""fold"": ""random"", ""k"": 10, ""src"": ""inner_cv"", ""thr"": 0.0979}]",82.83,bootstrap unit: molecule
T3,wide,random,all,fg_aldehyde,F3.lt1700,knn,bal_acc,0.6366,0.6135,0.657,0.5,,,,5141,5141,1000,20846,inner_cv,"[{""fold"": ""random"", ""k"": 10, ""src"": ""inner_cv"", ""thr"": 0.0979}]",82.83,bootstrap unit: molecule
T3,wide,random,all,fg_ester,F1,majority,auroc,0.5,0.5,0.5,0.5,,,,5141,5141,1000,20846,fixed,"[{""fold"": ""random"", ""src"": ""fixed"", ""thr"": 0.5}]",4.62,bootstrap unit: molecule
T3,wide,random,all,fg_ester,F1,majority,auprc,0.035,0.0303,0.0403,0.035,,,,5141,5141,1000,20846,fixed,"[{""fold"": ""random"", ""src"": ""fixed"", ""thr"": 0.5}]",4.62,bootstrap unit: molecule
T3,wide,random,all,fg_ester,F1,majority,bal_acc,0.5,0.5,0.5,0.5,,,,5141,5141,1000,20846,fixed,"[{""fold"": ""random"", ""src"": ""fixed"", ""thr"": 0.5}]",4.62,bootstrap unit: molecule
T3,wide,random,all,fg_ester,F1,lr,auroc,0.7555,0.7207,0.7941,0.5,0.0099,100,0.501,5141,5141,1000,20846,inner_cv,"[{""fold"": ""random"", ""C"": 0.01, ""src"": ""inner_cv"", ""thr"": 0.4564}]",4.79,bootstrap unit: molecule
T3,wide,random,all,fg_ester,F1,lr,auprc,0.0985,0.0784,0.129,0.035,,,,5141,5141,1000,20846,inner_cv,"[{""fold"": ""random"", ""C"": 0.01, ""src"": ""inner_cv"", ""thr"": 0.4564}]",4.79,bootstrap unit: molecule
T3,wide,random,all,fg_ester,F1,lr,bal_acc,0.7041,0.6714,0.7386,0.5,,,,5141,5141,1000,20846,inner_cv,"[{""fold"": ""random"", ""C"": 0.01, ""src"": ""inner_cv"", ""thr"": 0.4564}]",4.79,bootstrap unit: molecule
T3,wide,random,all,fg_ester,F1,hgb,auroc,0.8016,0.7684,0.8363,0.5,,,,5141,5141,1000,20846,inner_cv,"[{""fold"": ""random"", ""src"": ""inner_cv"", ""thr"": 0.3092}]",10.25,bootstrap unit: molecule
T3,wide,random,all,fg_ester,F1,hgb,auprc,0.1528,0.1209,0.2052,0.035,,,,5141,5141,1000,20846,inner_cv,"[{""fold"": ""random"", ""src"": ""inner_cv"", ""thr"": 0.3092}]",10.25,bootstrap unit: molecule
T3,wide,random,all,fg_ester,F1,hgb,bal_acc,0.7227,0.6952,0.7522,0.5,,,,5141,5141,1000,20846,inner_cv,"[{""fold"": ""random"", ""src"": ""inner_cv"", ""thr"": 0.3092}]",10.25,bootstrap unit: molecule
T3,wide,random,all,fg_ester,F1,knn,auroc,0.659,0.6188,0.696,0.5,,,,5141,5141,1000,20846,inner_cv,"[{""fold"": ""random"", ""k"": 10, ""src"": ""inner_cv"", ""thr"": 0.092}]",56.0,bootstrap unit: molecule
T3,wide,random,all,fg_ester,F1,knn,auprc,0.0889,0.0644,0.1293,0.035,,,,5141,5141,1000,20846,inner_cv,"[{""fold"": ""random"", ""k"": 10, ""src"": ""inner_cv"", ""thr"": 0.092}]",56.0,bootstrap unit: molecule
T3,wide,random,all,fg_ester,F1,knn,bal_acc,0.641,0.6051,0.6751,0.5,,,,5141,5141,1000,20846,inner_cv,"[{""fold"": ""random"", ""k"": 10, ""src"": ""inner_cv"", ""thr"": 0.092}]",56.0,bootstrap unit: molecule
T3,wide,random,all,fg_ester,F1pos,majority,auroc,0.5,0.5,0.5,0.5,,,,5141,5141,1000,20846,fixed,"[{""fold"": ""random"", ""src"": ""fixed"", ""thr"": 0.5}]",2.8,bootstrap unit: molecule
T3,wide,random,all,fg_ester,F1pos,majority,auprc,0.035,0.0303,0.0403,0.035,,,,5141,5141,1000,20846,fixed,"[{""fold"": ""random"", ""src"": ""fixed"", ""thr"": 0.5}]",2.8,bootstrap unit: molecule
T3,wide,random,all,fg_ester,F1pos,majority,bal_acc,0.5,0.5,0.5,0.5,,,,5141,5141,1000,20846,fixed,"[{""fold"": ""random"", ""src"": ""fixed"", ""thr"": 0.5}]",2.8,bootstrap unit: molecule
T3,wide,random,all,fg_ester,F1pos,lr,auroc,0.8013,0.7725,0.8313,0.5,,,,5141,5141,1000,20846,inner_cv,"[{""fold"": ""random"", ""C"": 0.01, ""src"": ""inner_cv"", ""thr"": 0.4162}]",4.49,bootstrap unit: molecule
T3,wide,random,all,fg_ester,F1pos,lr,auprc,0.1131,0.0917,0.1448,0.035,,,,5141,5141,1000,20846,inner_cv,"[{""fold"": ""random"", ""C"": 0.01, ""src"": ""inner_cv"", ""thr"": 0.4162}]",4.49,bootstrap unit: molecule
T3,wide,random,all,fg_ester,F1pos,lr,bal_acc,0.7272,0.6979,0.7568,0.5,,,,5141,5141,1000,20846,inner_cv,"[{""fold"": ""random"", ""C"": 0.01, ""src"": ""inner_cv"", ""thr"": 0.4162}]",4.49,bootstrap unit: molecule
T3,wide,random,all,fg_ester,F1pos,hgb,auroc,0.7853,0.7536,0.8184,0.5,,,,5141,5141,1000,20846,inner_cv,"[{""fold"": ""random"", ""src"": ""inner_cv"", ""thr"": 0.3944}]",5.16,bootstrap unit: molecule
T3,wide,random,all,fg_ester,F1pos,hgb,auprc,0.1142,0.0905,0.1467,0.035,,,,5141,5141,1000,20846,inner_cv,"[{""fold"": ""random"", ""src"": ""inner_cv"", ""thr"": 0.3944}]",5.16,bootstrap unit: molecule
T3,wide,random,all,fg_ester,F1pos,hgb,bal_acc,0.7164,0.6835,0.7488,0.5,,,,5141,5141,1000,20846,inner_cv,"[{""fold"": ""random"", ""src"": ""inner_cv"", ""thr"": 0.3944}]",5.16,bootstrap unit: molecule
T3,wide,random,all,fg_ester,F1pos,knn,auroc,0.586,0.5488,0.6254,0.5,,,,5141,5141,1000,20846,inner_cv,"[{""fold"": ""random"", ""k"": 10, ""src"": ""inner_cv"", ""thr"": 0.0933}]",48.94,bootstrap unit: molecule
T3,wide,random,all,fg_ester,F1pos,knn,auprc,0.0752,0.0512,0.1156,0.035,,,,5141,5141,1000,20846,inner_cv,"[{""fold"": ""random"", ""k"": 10, ""src"": ""inner_cv"", ""thr"": 0.0933}]",48.94,bootstrap unit: molecule
T3,wide,random,all,fg_ester,F1pos,knn,bal_acc,0.5724,0.5378,0.6099,0.5,,,,5141,5141,1000,20846,inner_cv,"[{""fold"": ""random"", ""k"": 10, ""src"": ""inner_cv"", ""thr"": 0.0933}]",48.94,bootstrap unit: molecule
T3,wide,random,all,fg_ester,F2,majority,auroc,0.5,0.5,0.5,0.5,,,,5141,5141,1000,20846,fixed,"[{""fold"": ""random"", ""src"": ""fixed"", ""thr"": 0.5}]",2.17,bootstrap unit: molecule
T3,wide,random,all,fg_ester,F2,majority,auprc,0.035,0.0303,0.0403,0.035,,,,5141,5141,1000,20846,fixed,"[{""fold"": ""random"", ""src"": ""fixed"", ""thr"": 0.5}]",2.17,bootstrap unit: molecule
T3,wide,random,all,fg_ester,F2,majority,bal_acc,0.5,0.5,0.5,0.5,,,,5141,5141,1000,20846,fixed,"[{""fold"": ""random"", ""src"": ""fixed"", ""thr"": 0.5}]",2.17,bootstrap unit: molecule
T3,wide,random,all,fg_ester,F2,lr,auroc,0.762,0.7277,0.7957,0.5,,,,5141,5141,1000,20846,inner_cv,"[{""fold"": ""random"", ""C"": 0.01, ""src"": ""inner_cv"", ""thr"": 0.3191}]",147.21,bootstrap unit: molecule
T3,wide,random,all,fg_ester,F2,lr,auprc,0.1012,0.0799,0.1355,0.035,,,,5141,5141,1000,20846,inner_cv,"[{""fold"": ""random"", ""C"": 0.01, ""src"": ""inner_cv"", ""thr"": 0.3191}]",147.21,bootstrap unit: molecule
T3,wide,random,all,fg_ester,F2,lr,bal_acc,0.6878,0.6593,0.7139,0.5,,,,5141,5141,1000,20846,inner_cv,"[{""fold"": ""random"", ""C"": 0.01, ""src"": ""inner_cv"", ""thr"": 0.3191}]",147.21,bootstrap unit: molecule
T3,wide,random,all,fg_ester,F2,hgb,auroc,0.8314,0.8025,0.8588,0.5,,,,5141,5141,1000,20846,inner_cv,"[{""fold"": ""random"", ""src"": ""inner_cv"", ""thr"": 0.1692}]",33.82,bootstrap unit: molecule
T3,wide,random,all,fg_ester,F2,hgb,auprc,0.1848,0.1388,0.2389,0.035,,,,5141,5141,1000,20846,inner_cv,"[{""fold"": ""random"", ""src"": ""inner_cv"", ""thr"": 0.1692}]",33.82,bootstrap unit: molecule
T3,wide,random,all,fg_ester,F2,hgb,bal_acc,0.7527,0.7262,0.7783,0.5,,,,5141,5141,1000,20846,inner_cv,"[{""fold"": ""random"", ""src"": ""inner_cv"", ""thr"": 0.1692}]",33.82,bootstrap unit: molecule
T3,wide,random,all,fg_ester,F2,knn,auroc,0.6907,0.6489,0.7291,0.5,,,,5141,5141,1000,20846,inner_cv,"[{""fold"": ""random"", ""k"": 10, ""src"": ""inner_cv"", ""thr"": 0.0934}]",108.17,bootstrap unit: molecule
T3,wide,random,all,fg_ester,F2,knn,auprc,0.175,0.1246,0.2395,0.035,,,,5141,5141,1000,20846,inner_cv,"[{""fold"": ""random"", ""k"": 10, ""src"": ""inner_cv"", ""thr"": 0.0934}]",108.17,bootstrap unit: molecule
T3,wide,random,all,fg_ester,F2,knn,bal_acc,0.6738,0.6369,0.71,0.5,,,,5141,5141,1000,20846,inner_cv,"[{""fold"": ""random"", ""k"": 10, ""src"": ""inner_cv"", ""thr"": 0.0934}]",108.17,bootstrap unit: molecule
T3,wide,random,all,fg_ester,F3,majority,auroc,0.5,0.5,0.5,0.5,,,,5141,5141,1000,20846,fixed,"[{""fold"": ""random"", ""src"": ""fixed"", ""thr"": 0.5}]",2.0,bootstrap unit: molecule
T3,wide,random,all,fg_ester,F3,majority,auprc,0.035,0.0303,0.0403,0.035,,,,5141,5141,1000,20846,fixed,"[{""fold"": ""random"", ""src"": ""fixed"", ""thr"": 0.5}]",2.0,bootstrap unit: molecule
T3,wide,random,all,fg_ester,F3,majority,bal_acc,0.5,0.5,0.5,0.5,,,,5141,5141,1000,20846,fixed,"[{""fold"": ""random"", ""src"": ""fixed"", ""thr"": 0.5}]",2.0,bootstrap unit: molecule
T3,wide,random,all,fg_ester,F3,lr,auroc,0.7729,0.7414,0.8053,0.5,,,,5141,5141,1000,20846,inner_cv,"[{""fold"": ""random"", ""C"": 0.01, ""src"": ""inner_cv"", ""thr"": 0.431}]",108.27,bootstrap unit: molecule
T3,wide,random,all,fg_ester,F3,lr,auprc,0.0983,0.0788,0.1245,0.035,,,,5141,5141,1000,20846,inner_cv,"[{""fold"": ""random"", ""C"": 0.01, ""src"": ""inner_cv"", ""thr"": 0.431}]",108.27,bootstrap unit: molecule
T3,wide,random,all,fg_ester,F3,lr,bal_acc,0.6913,0.6545,0.7264,0.5,,,,5141,5141,1000,20846,inner_cv,"[{""fold"": ""random"", ""C"": 0.01, ""src"": ""inner_cv"", ""thr"": 0.431}]",108.27,bootstrap unit: molecule
T3,wide,random,all,fg_ester,F3,hgb,auroc,0.9413,0.9296,0.9527,0.5,0.0099,100,0.4986,5141,5141,1000,20846,inner_cv,"[{""fold"": ""random"", ""src"": ""inner_cv"", ""thr"": 0.1368}]",41.87,bootstrap unit: molecule
T3,wide,random,all,fg_ester,F3,hgb,auprc,0.4544,0.3852,0.5334,0.035,,,,5141,5141,1000,20846,inner_cv,"[{""fold"": ""random"", ""src"": ""inner_cv"", ""thr"": 0.1368}]",41.87,bootstrap unit: molecule
T3,wide,random,all,fg_ester,F3,hgb,bal_acc,0.8735,0.8568,0.8878,0.5,,,,5141,5141,1000,20846,inner_cv,"[{""fold"": ""random"", ""src"": ""inner_cv"", ""thr"": 0.1368}]",41.87,bootstrap unit: molecule
T3,wide,random,all,fg_ester,F3,knn,auroc,0.7307,0.6934,0.7713,0.5,,,,5141,5141,1000,20846,inner_cv,"[{""fold"": ""random"", ""k"": 10, ""src"": ""inner_cv"", ""thr"": 0.0854}]",84.92,bootstrap unit: molecule
T3,wide,random,all,fg_ester,F3,knn,auprc,0.1991,0.1447,0.2676,0.035,,,,5141,5141,1000,20846,inner_cv,"[{""fold"": ""random"", ""k"": 10, ""src"": ""inner_cv"", ""thr"": 0.0854}]",84.92,bootstrap unit: molecule
T3,wide,random,all,fg_ester,F3,knn,bal_acc,0.7093,0.6739,0.7464,0.5,,,,5141,5141,1000,20846,inner_cv,"[{""fold"": ""random"", ""k"": 10, ""src"": ""inner_cv"", ""thr"": 0.0854}]",84.92,bootstrap unit: molecule
T3,wide,random,all,fg_ester,F1.sqrt,majority,auroc,0.5,0.5,0.5,0.5,,,,5141,5141,1000,20846,fixed,"[{""fold"": ""random"", ""src"": ""fixed"", ""thr"": 0.5}]",2.06,bootstrap unit: molecule
T3,wide,random,all,fg_ester,F1.sqrt,majority,auprc,0.035,0.0303,0.0403,0.035,,,,5141,5141,1000,20846,fixed,"[{""fold"": ""random"", ""src"": ""fixed"", ""thr"": 0.5}]",2.06,bootstrap unit: molecule
T3,wide,random,all,fg_ester,F1.sqrt,majority,bal_acc,0.5,0.5,0.5,0.5,,,,5141,5141,1000,20846,fixed,"[{""fold"": ""random"", ""src"": ""fixed"", ""thr"": 0.5}]",2.06,bootstrap unit: molecule
T3,wide,random,all,fg_ester,F1.sqrt,lr,auroc,0.7834,0.7535,0.8178,0.5,,,,5141,5141,1000,20846,inner_cv,"[{""fold"": ""random"", ""C"": 0.01, ""src"": ""inner_cv"", ""thr"": 0.4571}]",5.43,bootstrap unit: molecule
T3,wide,random,all,fg_ester,F1.sqrt,lr,auprc,0.1025,0.0835,0.1305,0.035,,,,5141,5141,1000,20846,inner_cv,"[{""fold"": ""random"", ""C"": 0.01, ""src"": ""inner_cv"", ""thr"": 0.4571}]",5.43,bootstrap unit: molecule
T3,wide,random,all,fg_ester,F1.sqrt,lr,bal_acc,0.7199,0.687,0.7541,0.5,,,,5141,5141,1000,20846,inner_cv,"[{""fold"": ""random"", ""C"": 0.01, ""src"": ""inner_cv"", ""thr"": 0.4571}]",5.43,bootstrap unit: molecule
T3,wide,random,all,fg_ester,F1.sqrt,hgb,auroc,0.8016,0.7684,0.8363,0.5,,,,5141,5141,1000,20846,inner_cv,"[{""fold"": ""random"", ""src"": ""inner_cv"", ""thr"": 0.3092}]",6.37,bootstrap unit: molecule
T3,wide,random,all,fg_ester,F1.sqrt,hgb,auprc,0.1528,0.1209,0.2052,0.035,,,,5141,5141,1000,20846,inner_cv,"[{""fold"": ""random"", ""src"": ""inner_cv"", ""thr"": 0.3092}]",6.37,bootstrap unit: molecule
T3,wide,random,all,fg_ester,F1.sqrt,hgb,bal_acc,0.7227,0.6952,0.7522,0.5,,,,5141,5141,1000,20846,inner_cv,"[{""fold"": ""random"", ""src"": ""inner_cv"", ""thr"": 0.3092}]",6.37,bootstrap unit: molecule
T3,wide,random,all,fg_ester,F1.sqrt,knn,auroc,0.6241,0.5844,0.6655,0.5,,,,5141,5141,1000,20846,inner_cv,"[{""fold"": ""random"", ""k"": 10, ""src"": ""inner_cv"", ""thr"": 0.0939}]",44.01,bootstrap unit: molecule
T3,wide,random,all,fg_ester,F1.sqrt,knn,auprc,0.0865,0.0633,0.1276,0.035,,,,5141,5141,1000,20846,inner_cv,"[{""fold"": ""random"", ""k"": 10, ""src"": ""inner_cv"", ""thr"": 0.0939}]",44.01,bootstrap unit: molecule
T3,wide,random,all,fg_ester,F1.sqrt,knn,bal_acc,0.609,0.5724,0.6451,0.5,,,,5141,5141,1000,20846,inner_cv,"[{""fold"": ""random"", ""k"": 10, ""src"": ""inner_cv"", ""thr"": 0.0939}]",44.01,bootstrap unit: molecule
T3,wide,random,all,fg_ester,F2.lt1700,majority,auroc,0.5,0.5,0.5,0.5,,,,5141,5141,1000,20846,fixed,"[{""fold"": ""random"", ""src"": ""fixed"", ""thr"": 0.5}]",2.21,bootstrap unit: molecule
T3,wide,random,all,fg_ester,F2.lt1700,majority,auprc,0.035,0.0303,0.0403,0.035,,,,5141,5141,1000,20846,fixed,"[{""fold"": ""random"", ""src"": ""fixed"", ""thr"": 0.5}]",2.21,bootstrap unit: molecule
T3,wide,random,all,fg_ester,F2.lt1700,majority,bal_acc,0.5,0.5,0.5,0.5,,,,5141,5141,1000,20846,fixed,"[{""fold"": ""random"", ""src"": ""fixed"", ""thr"": 0.5}]",2.21,bootstrap unit: molecule
T3,wide,random,all,fg_ester,F2.lt1700,lr,auroc,0.7236,0.6896,0.7577,0.5,,,,5141,5141,1000,20846,inner_cv,"[{""fold"": ""random"", ""C"": 0.01, ""src"": ""inner_cv"", ""thr"": 0.414}]",111.44,bootstrap unit: molecule
T3,wide,random,all,fg_ester,F2.lt1700,lr,auprc,0.0836,0.0642,0.1122,0.035,,,,5141,5141,1000,20846,inner_cv,"[{""fold"": ""random"", ""C"": 0.01, ""src"": ""inner_cv"", ""thr"": 0.414}]",111.44,bootstrap unit: molecule
T3,wide,random,all,fg_ester,F2.lt1700,lr,bal_acc,0.6517,0.6176,0.6847,0.5,,,,5141,5141,1000,20846,inner_cv,"[{""fold"": ""random"", ""C"": 0.01, ""src"": ""inner_cv"", ""thr"": 0.414}]",111.44,bootstrap unit: molecule
T3,wide,random,all,fg_ester,F2.lt1700,hgb,auroc,0.7889,0.7587,0.8208,0.5,,,,5141,5141,1000,20846,inner_cv,"[{""fold"": ""random"", ""src"": ""inner_cv"", ""thr"": 0.1724}]",38.48,bootstrap unit: molecule
T3,wide,random,all,fg_ester,F2.lt1700,hgb,auprc,0.1276,0.1004,0.1732,0.035,,,,5141,5141,1000,20846,inner_cv,"[{""fold"": ""random"", ""src"": ""inner_cv"", ""thr"": 0.1724}]",38.48,bootstrap unit: molecule
T3,wide,random,all,fg_ester,F2.lt1700,hgb,bal_acc,0.6913,0.6654,0.7166,0.5,,,,5141,5141,1000,20846,inner_cv,"[{""fold"": ""random"", ""src"": ""inner_cv"", ""thr"": 0.1724}]",38.48,bootstrap unit: molecule
T3,wide,random,all,fg_ester,F2.lt1700,knn,auroc,0.6328,0.5928,0.6733,0.5,,,,5141,5141,1000,20846,inner_cv,"[{""fold"": ""random"", ""k"": 10, ""src"": ""inner_cv"", ""thr"": 0.089}]",101.16,bootstrap unit: molecule
T3,wide,random,all,fg_ester,F2.lt1700,knn,auprc,0.106,0.0711,0.1502,0.035,,,,5141,5141,1000,20846,inner_cv,"[{""fold"": ""random"", ""k"": 10, ""src"": ""inner_cv"", ""thr"": 0.089}]",101.16,bootstrap unit: molecule
T3,wide,random,all,fg_ester,F2.lt1700,knn,bal_acc,0.6226,0.5852,0.6596,0.5,,,,5141,5141,1000,20846,inner_cv,"[{""fold"": ""random"", ""k"": 10, ""src"": ""inner_cv"", ""thr"": 0.089}]",101.16,bootstrap unit: molecule
T3,wide,random,all,fg_ester,F3.lt1700,majority,auroc,0.5,0.5,0.5,0.5,,,,5141,5141,1000,20846,fixed,"[{""fold"": ""random"", ""src"": ""fixed"", ""thr"": 0.5}]",2.1,bootstrap unit: molecule
T3,wide,random,all,fg_ester,F3.lt1700,majority,auprc,0.035,0.0303,0.0403,0.035,,,,5141,5141,1000,20846,fixed,"[{""fold"": ""random"", ""src"": ""fixed"", ""thr"": 0.5}]",2.1,bootstrap unit: molecule
T3,wide,random,all,fg_ester,F3.lt1700,majority,bal_acc,0.5,0.5,0.5,0.5,,,,5141,5141,1000,20846,fixed,"[{""fold"": ""random"", ""src"": ""fixed"", ""thr"": 0.5}]",2.1,bootstrap unit: molecule
T3,wide,random,all,fg_ester,F3.lt1700,lr,auroc,0.7199,0.6853,0.7536,0.5,,,,5141,5141,1000,20846,inner_cv,"[{""fold"": ""random"", ""C"": 0.01, ""src"": ""inner_cv"", ""thr"": 0.4316}]",87.87,bootstrap unit: molecule
T3,wide,random,all,fg_ester,F3.lt1700,lr,auprc,0.0796,0.0633,0.1071,0.035,,,,5141,5141,1000,20846,inner_cv,"[{""fold"": ""random"", ""C"": 0.01, ""src"": ""inner_cv"", ""thr"": 0.4316}]",87.87,bootstrap unit: molecule
T3,wide,random,all,fg_ester,F3.lt1700,lr,bal_acc,0.6678,0.634,0.7005,0.5,,,,5141,5141,1000,20846,inner_cv,"[{""fold"": ""random"", ""C"": 0.01, ""src"": ""inner_cv"", ""thr"": 0.4316}]",87.87,bootstrap unit: molecule
T3,wide,random,all,fg_ester,F3.lt1700,hgb,auroc,0.8637,0.8388,0.8877,0.5,,,,5141,5141,1000,20846,inner_cv,"[{""fold"": ""random"", ""src"": ""inner_cv"", ""thr"": 0.1616}]",45.49,bootstrap unit: molecule
T3,wide,random,all,fg_ester,F3.lt1700,hgb,auprc,0.1964,0.1518,0.2538,0.035,,,,5141,5141,1000,20846,inner_cv,"[{""fold"": ""random"", ""src"": ""inner_cv"", ""thr"": 0.1616}]",45.49,bootstrap unit: molecule
T3,wide,random,all,fg_ester,F3.lt1700,hgb,bal_acc,0.7793,0.7539,0.8013,0.5,,,,5141,5141,1000,20846,inner_cv,"[{""fold"": ""random"", ""src"": ""inner_cv"", ""thr"": 0.1616}]",45.49,bootstrap unit: molecule
T3,wide,random,all,fg_ester,F3.lt1700,knn,auroc,0.6759,0.6366,0.7134,0.5,,,,5141,5141,1000,20846,inner_cv,"[{""fold"": ""random"", ""k"": 10, ""src"": ""inner_cv"", ""thr"": 0.0935}]",97.65,bootstrap unit: molecule
T3,wide,random,all,fg_ester,F3.lt1700,knn,auprc,0.121,0.0863,0.1732,0.035,,,,5141,5141,1000,20846,inner_cv,"[{""fold"": ""random"", ""k"": 10, ""src"": ""inner_cv"", ""thr"": 0.0935}]",97.65,bootstrap unit: molecule
T3,wide,random,all,fg_ester,F3.lt1700,knn,bal_acc,0.6685,0.6332,0.7055,0.5,,,,5141,5141,1000,20846,inner_cv,"[{""fold"": ""random"", ""k"": 10, ""src"": ""inner_cv"", ""thr"": 0.0935}]",97.65,bootstrap unit: molecule
T3,wide,random,all,fg_ether,F1,majority,auroc,0.5,0.5,0.5,0.5,,,,5141,5141,1000,20846,fixed,"[{""fold"": ""random"", ""src"": ""fixed"", ""thr"": 0.5}]",2.17,bootstrap unit: molecule
T3,wide,random,all,fg_ether,F1,majority,auprc,0.398,0.3853,0.412,0.398,,,,5141,5141,1000,20846,fixed,"[{""fold"": ""random"", ""src"": ""fixed"", ""thr"": 0.5}]",2.17,bootstrap unit: molecule
T3,wide,random,all,fg_ether,F1,majority,bal_acc,0.5,0.5,0.5,0.5,,,,5141,5141,1000,20846,fixed,"[{""fold"": ""random"", ""src"": ""fixed"", ""thr"": 0.5}]",2.17,bootstrap unit: molecule
T3,wide,random,all,fg_ether,F1,lr,auroc,0.7035,0.6904,0.7176,0.5,0.0099,100,0.499,5141,5141,1000,20846,inner_cv,"[{""fold"": ""random"", ""C"": 0.01, ""src"": ""inner_cv"", ""thr"": 0.478}]",5.02,bootstrap unit: molecule
T3,wide,random,all,fg_ether,F1,lr,auprc,0.5876,0.5641,0.611,0.398,,,,5141,5141,1000,20846,inner_cv,"[{""fold"": ""random"", ""C"": 0.01, ""src"": ""inner_cv"", ""thr"": 0.478}]",5.02,bootstrap unit: molecule
T3,wide,random,all,fg_ether,F1,lr,bal_acc,0.6462,0.6338,0.6591,0.5,,,,5141,5141,1000,20846,inner_cv,"[{""fold"": ""random"", ""C"": 0.01, ""src"": ""inner_cv"", ""thr"": 0.478}]",5.02,bootstrap unit: molecule
T3,wide,random,all,fg_ether,F1,hgb,auroc,0.7565,0.7429,0.7697,0.5,,,,5141,5141,1000,20846,inner_cv,"[{""fold"": ""random"", ""src"": ""inner_cv"", ""thr"": 0.4942}]",7.14,bootstrap unit: molecule
T3,wide,random,all,fg_ether,F1,hgb,auprc,0.6737,0.6531,0.6965,0.398,,,,5141,5141,1000,20846,inner_cv,"[{""fold"": ""random"", ""src"": ""inner_cv"", ""thr"": 0.4942}]",7.14,bootstrap unit: molecule
T3,wide,random,all,fg_ether,F1,hgb,bal_acc,0.6887,0.6762,0.7009,0.5,,,,5141,5141,1000,20846,inner_cv,"[{""fold"": ""random"", ""src"": ""inner_cv"", ""thr"": 0.4942}]",7.14,bootstrap unit: molecule
T3,wide,random,all,fg_ether,F1,knn,auroc,0.6845,0.6706,0.7005,0.5,,,,5141,5141,1000,20846,inner_cv,"[{""fold"": ""random"", ""k"": 10, ""src"": ""inner_cv"", ""thr"": 0.3955}]",80.82,bootstrap unit: molecule
T3,wide,random,all,fg_ether,F1,knn,auprc,0.5957,0.573,0.6189,0.398,,,,5141,5141,1000,20846,inner_cv,"[{""fold"": ""random"", ""k"": 10, ""src"": ""inner_cv"", ""thr"": 0.3955}]",80.82,bootstrap unit: molecule
T3,wide,random,all,fg_ether,F1,knn,bal_acc,0.6342,0.6212,0.6482,0.5,,,,5141,5141,1000,20846,inner_cv,"[{""fold"": ""random"", ""k"": 10, ""src"": ""inner_cv"", ""thr"": 0.3955}]",80.82,bootstrap unit: molecule
T3,wide,random,all,fg_ether,F1pos,majority,auroc,0.5,0.5,0.5,0.5,,,,5141,5141,1000,20846,fixed,"[{""fold"": ""random"", ""src"": ""fixed"", ""thr"": 0.5}]",2.08,bootstrap unit: molecule
T3,wide,random,all,fg_ether,F1pos,majority,auprc,0.398,0.3853,0.412,0.398,,,,5141,5141,1000,20846,fixed,"[{""fold"": ""random"", ""src"": ""fixed"", ""thr"": 0.5}]",2.08,bootstrap unit: molecule
T3,wide,random,all,fg_ether,F1pos,majority,bal_acc,0.5,0.5,0.5,0.5,,,,5141,5141,1000,20846,fixed,"[{""fold"": ""random"", ""src"": ""fixed"", ""thr"": 0.5}]",2.08,bootstrap unit: molecule
T3,wide,random,all,fg_ether,F1pos,lr,auroc,0.7338,0.72,0.7473,0.5,,,,5141,5141,1000,20846,inner_cv,"[{""fold"": ""random"", ""C"": 0.01, ""src"": ""inner_cv"", ""thr"": 0.524}]",4.32,bootstrap unit: molecule
T3,wide,random,all,fg_ether,F1pos,lr,auprc,0.6351,0.6133,0.6576,0.398,,,,5141,5141,1000,20846,inner_cv,"[{""fold"": ""random"", ""C"": 0.01, ""src"": ""inner_cv"", ""thr"": 0.524}]",4.32,bootstrap unit: molecule
T3,wide,random,all,fg_ether,F1pos,lr,bal_acc,0.6628,0.6499,0.6757,0.5,,,,5141,5141,1000,20846,inner_cv,"[{""fold"": ""random"", ""C"": 0.01, ""src"": ""inner_cv"", ""thr"": 0.524}]",4.32,bootstrap unit: molecule
T3,wide,random,all,fg_ether,F1pos,hgb,auroc,0.7373,0.7238,0.7502,0.5,,,,5141,5141,1000,20846,inner_cv,"[{""fold"": ""random"", ""src"": ""inner_cv"", ""thr"": 0.4895}]",6.48,bootstrap unit: molecule
T3,wide,random,all,fg_ether,F1pos,hgb,auprc,0.6426,0.6203,0.6645,0.398,,,,5141,5141,1000,20846,inner_cv,"[{""fold"": ""random"", ""src"": ""inner_cv"", ""thr"": 0.4895}]",6.48,bootstrap unit: molecule
T3,wide,random,all,fg_ether,F1pos,hgb,bal_acc,0.6667,0.6535,0.6797,0.5,,,,5141,5141,1000,20846,inner_cv,"[{""fold"": ""random"", ""src"": ""inner_cv"", ""thr"": 0.4895}]",6.48,bootstrap unit: molecule
T3,wide,random,all,fg_ether,F1pos,knn,auroc,0.6475,0.6326,0.6621,0.5,,,,5141,5141,1000,20846,inner_cv,"[{""fold"": ""random"", ""k"": 10, ""src"": ""inner_cv"", ""thr"": 0.4035}]",75.29,bootstrap unit: molecule
T3,wide,random,all,fg_ether,F1pos,knn,auprc,0.5285,0.507,0.5526,0.398,,,,5141,5141,1000,20846,inner_cv,"[{""fold"": ""random"", ""k"": 10, ""src"": ""inner_cv"", ""thr"": 0.4035}]",75.29,bootstrap unit: molecule
T3,wide,random,all,fg_ether,F1pos,knn,bal_acc,0.6091,0.5952,0.6217,0.5,,,,5141,5141,1000,20846,inner_cv,"[{""fold"": ""random"", ""k"": 10, ""src"": ""inner_cv"", ""thr"": 0.4035}]",75.29,bootstrap unit: molecule
T3,wide,random,all,fg_ether,F2,majority,auroc,0.5,0.5,0.5,0.5,,,,5141,5141,1000,20846,fixed,"[{""fold"": ""random"", ""src"": ""fixed"", ""thr"": 0.5}]",2.19,bootstrap unit: molecule
T3,wide,random,all,fg_ether,F2,majority,auprc,0.398,0.3853,0.412,0.398,,,,5141,5141,1000,20846,fixed,"[{""fold"": ""random"", ""src"": ""fixed"", ""thr"": 0.5}]",2.19,bootstrap unit: molecule
T3,wide,random,all,fg_ether,F2,majority,bal_acc,0.5,0.5,0.5,0.5,,,,5141,5141,1000,20846,fixed,"[{""fold"": ""random"", ""src"": ""fixed"", ""thr"": 0.5}]",2.19,bootstrap unit: molecule
T3,wide,random,all,fg_ether,F2,lr,auroc,0.7099,0.6961,0.7245,0.5,,,,5141,5141,1000,20846,inner_cv,"[{""fold"": ""random"", ""C"": 0.01, ""src"": ""inner_cv"", ""thr"": 0.4794}]",110.29,bootstrap unit: molecule
T3,wide,random,all,fg_ether,F2,lr,auprc,0.5957,0.5723,0.6199,0.398,,,,5141,5141,1000,20846,inner_cv,"[{""fold"": ""random"", ""C"": 0.01, ""src"": ""inner_cv"", ""thr"": 0.4794}]",110.29,bootstrap unit: molecule
T3,wide,random,all,fg_ether,F2,lr,bal_acc,0.6555,0.6428,0.6694,0.5,,,,5141,5141,1000,20846,inner_cv,"[{""fold"": ""random"", ""C"": 0.01, ""src"": ""inner_cv"", ""thr"": 0.4794}]",110.29,bootstrap unit: molecule
T3,wide,random,all,fg_ether,F2,hgb,auroc,0.7756,0.7632,0.7885,0.5,,,,5141,5141,1000,20846,inner_cv,"[{""fold"": ""random"", ""src"": ""inner_cv"", ""thr"": 0.5102}]",40.09,bootstrap unit: molecule
T3,wide,random,all,fg_ether,F2,hgb,auprc,0.7019,0.6812,0.724,0.398,,,,5141,5141,1000,20846,inner_cv,"[{""fold"": ""random"", ""src"": ""inner_cv"", ""thr"": 0.5102}]",40.09,bootstrap unit: molecule
T3,wide,random,all,fg_ether,F2,hgb,bal_acc,0.694,0.6815,0.7071,0.5,,,,5141,5141,1000,20846,inner_cv,"[{""fold"": ""random"", ""src"": ""inner_cv"", ""thr"": 0.5102}]",40.09,bootstrap unit: molecule
T3,wide,random,all,fg_ether,F2,knn,auroc,0.7473,0.7336,0.761,0.5,,,,5141,5141,1000,20846,inner_cv,"[{""fold"": ""random"", ""k"": 10, ""src"": ""inner_cv"", ""thr"": 0.4987}]",102.84,bootstrap unit: molecule
T3,wide,random,all,fg_ether,F2,knn,auprc,0.6769,0.6561,0.6993,0.398,,,,5141,5141,1000,20846,inner_cv,"[{""fold"": ""random"", ""k"": 10, ""src"": ""inner_cv"", ""thr"": 0.4987}]",102.84,bootstrap unit: molecule
T3,wide,random,all,fg_ether,F2,knn,bal_acc,0.6823,0.67,0.6941,0.5,,,,5141,5141,1000,20846,inner_cv,"[{""fold"": ""random"", ""k"": 10, ""src"": ""inner_cv"", ""thr"": 0.4987}]",102.84,bootstrap unit: molecule
T3,wide,random,all,fg_ether,F3,majority,auroc,0.5,0.5,0.5,0.5,,,,5141,5141,1000,20846,fixed,"[{""fold"": ""random"", ""src"": ""fixed"", ""thr"": 0.5}]",1.25,bootstrap unit: molecule
T3,wide,random,all,fg_ether,F3,majority,auprc,0.398,0.3853,0.412,0.398,,,,5141,5141,1000,20846,fixed,"[{""fold"": ""random"", ""src"": ""fixed"", ""thr"": 0.5}]",1.25,bootstrap unit: molecule
T3,wide,random,all,fg_ether,F3,majority,bal_acc,0.5,0.5,0.5,0.5,,,,5141,5141,1000,20846,fixed,"[{""fold"": ""random"", ""src"": ""fixed"", ""thr"": 0.5}]",1.25,bootstrap unit: molecule
T3,wide,random,all,fg_ether,F3,lr,auroc,0.7183,0.7044,0.732,0.5,,,,5141,5141,1000,20846,inner_cv,"[{""fold"": ""random"", ""C"": 0.01, ""src"": ""inner_cv"", ""thr"": 0.4884}]",87.87,bootstrap unit: molecule
T3,wide,random,all,fg_ether,F3,lr,auprc,0.6043,0.5814,0.6269,0.398,,,,5141,5141,1000,20846,inner_cv,"[{""fold"": ""random"", ""C"": 0.01, ""src"": ""inner_cv"", ""thr"": 0.4884}]",87.87,bootstrap unit: molecule
T3,wide,random,all,fg_ether,F3,lr,bal_acc,0.6605,0.6477,0.6734,0.5,,,,5141,5141,1000,20846,inner_cv,"[{""fold"": ""random"", ""C"": 0.01, ""src"": ""inner_cv"", ""thr"": 0.4884}]",87.87,bootstrap unit: molecule
T3,wide,random,all,fg_ether,F3,hgb,auroc,0.8027,0.7915,0.8147,0.5,0.0099,100,0.4977,5141,5141,1000,20846,inner_cv,"[{""fold"": ""random"", ""src"": ""inner_cv"", ""thr"": 0.5003}]",32.86,bootstrap unit: molecule
T3,wide,random,all,fg_ether,F3,hgb,auprc,0.7413,0.7247,0.7593,0.398,,,,5141,5141,1000,20846,inner_cv,"[{""fold"": ""random"", ""src"": ""inner_cv"", ""thr"": 0.5003}]",32.86,bootstrap unit: molecule
T3,wide,random,all,fg_ether,F3,hgb,bal_acc,0.7158,0.704,0.7286,0.5,,,,5141,5141,1000,20846,inner_cv,"[{""fold"": ""random"", ""src"": ""inner_cv"", ""thr"": 0.5003}]",32.86,bootstrap unit: molecule
T3,wide,random,all,fg_ether,F3,knn,auroc,0.7716,0.7592,0.7847,0.5,,,,5141,5141,1000,20846,inner_cv,"[{""fold"": ""random"", ""k"": 10, ""src"": ""inner_cv"", ""thr"": 0.4941}]",112.13,bootstrap unit: molecule
T3,wide,random,all,fg_ether,F3,knn,auprc,0.7127,0.6921,0.7332,0.398,,,,5141,5141,1000,20846,inner_cv,"[{""fold"": ""random"", ""k"": 10, ""src"": ""inner_cv"", ""thr"": 0.4941}]",112.13,bootstrap unit: molecule
T3,wide,random,all,fg_ether,F3,knn,bal_acc,0.7021,0.6896,0.714,0.5,,,,5141,5141,1000,20846,inner_cv,"[{""fold"": ""random"", ""k"": 10, ""src"": ""inner_cv"", ""thr"": 0.4941}]",112.13,bootstrap unit: molecule
T3,wide,random,all,fg_ether,F1.sqrt,majority,auroc,0.5,0.5,0.5,0.5,,,,5141,5141,1000,20846,fixed,"[{""fold"": ""random"", ""src"": ""fixed"", ""thr"": 0.5}]",1.78,bootstrap unit: molecule
T3,wide,random,all,fg_ether,F1.sqrt,majority,auprc,0.398,0.3853,0.412,0.398,,,,5141,5141,1000,20846,fixed,"[{""fold"": ""random"", ""src"": ""fixed"", ""thr"": 0.5}]",1.78,bootstrap unit: molecule
T3,wide,random,all,fg_ether,F1.sqrt,majority,bal_acc,0.5,0.5,0.5,0.5,,,,5141,5141,1000,20846,fixed,"[{""fold"": ""random"", ""src"": ""fixed"", ""thr"": 0.5}]",1.78,bootstrap unit: molecule
T3,wide,random,all,fg_ether,F1.sqrt,lr,auroc,0.7222,0.7094,0.7363,0.5,,,,5141,5141,1000,20846,inner_cv,"[{""fold"": ""random"", ""C"": 0.01, ""src"": ""inner_cv"", ""thr"": 0.4929}]",5.24,bootstrap unit: molecule
T3,wide,random,all,fg_ether,F1.sqrt,lr,auprc,0.615,0.5929,0.6389,0.398,,,,5141,5141,1000,20846,inner_cv,"[{""fold"": ""random"", ""C"": 0.01, ""src"": ""inner_cv"", ""thr"": 0.4929}]",5.24,bootstrap unit: molecule
T3,wide,random,all,fg_ether,F1.sqrt,lr,bal_acc,0.6599,0.6471,0.6731,0.5,,,,5141,5141,1000,20846,inner_cv,"[{""fold"": ""random"", ""C"": 0.01, ""src"": ""inner_cv"", ""thr"": 0.4929}]",5.24,bootstrap unit: molecule
T3,wide,random,all,fg_ether,F1.sqrt,hgb,auroc,0.7565,0.7429,0.7697,0.5,,,,5141,5141,1000,20846,inner_cv,"[{""fold"": ""random"", ""src"": ""inner_cv"", ""thr"": 0.4942}]",6.76,bootstrap unit: molecule
T3,wide,random,all,fg_ether,F1.sqrt,hgb,auprc,0.6737,0.6531,0.6965,0.398,,,,5141,5141,1000,20846,inner_cv,"[{""fold"": ""random"", ""src"": ""inner_cv"", ""thr"": 0.4942}]",6.76,bootstrap unit: molecule
T3,wide,random,all,fg_ether,F1.sqrt,hgb,bal_acc,0.6887,0.6762,0.7009,0.5,,,,5141,5141,1000,20846,inner_cv,"[{""fold"": ""random"", ""src"": ""inner_cv"", ""thr"": 0.4942}]",6.76,bootstrap unit: molecule
T3,wide,random,all,fg_ether,F1.sqrt,knn,auroc,0.691,0.6768,0.7044,0.5,,,,5141,5141,1000,20846,inner_cv,"[{""fold"": ""random"", ""k"": 10, ""src"": ""inner_cv"", ""thr"": 0.4045}]",67.39,bootstrap unit: molecule
T3,wide,random,all,fg_ether,F1.sqrt,knn,auprc,0.5928,0.5703,0.6161,0.398,,,,5141,5141,1000,20846,inner_cv,"[{""fold"": ""random"", ""k"": 10, ""src"": ""inner_cv"", ""thr"": 0.4045}]",67.39,bootstrap unit: molecule
T3,wide,random,all,fg_ether,F1.sqrt,knn,bal_acc,0.6414,0.6283,0.6533,0.5,,,,5141,5141,1000,20846,inner_cv,"[{""fold"": ""random"", ""k"": 10, ""src"": ""inner_cv"", ""thr"": 0.4045}]",67.39,bootstrap unit: molecule
T3,wide,random,all,fg_ether,F2.lt1700,majority,auroc,0.5,0.5,0.5,0.5,,,,5141,5141,1000,20846,fixed,"[{""fold"": ""random"", ""src"": ""fixed"", ""thr"": 0.5}]",2.53,bootstrap unit: molecule
T3,wide,random,all,fg_ether,F2.lt1700,majority,auprc,0.398,0.3853,0.412,0.398,,,,5141,5141,1000,20846,fixed,"[{""fold"": ""random"", ""src"": ""fixed"", ""thr"": 0.5}]",2.53,bootstrap unit: molecule
T3,wide,random,all,fg_ether,F2.lt1700,majority,bal_acc,0.5,0.5,0.5,0.5,,,,5141,5141,1000,20846,fixed,"[{""fold"": ""random"", ""src"": ""fixed"", ""thr"": 0.5}]",2.53,bootstrap unit: molecule
T3,wide,random,all,fg_ether,F2.lt1700,lr,auroc,0.7052,0.691,0.7187,0.5,,,,5141,5141,1000,20846,inner_cv,"[{""fold"": ""random"", ""C"": 0.01, ""src"": ""inner_cv"", ""thr"": 0.4992}]",104.46,bootstrap unit: molecule
T3,wide,random,all,fg_ether,F2.lt1700,lr,auprc,0.5912,0.5687,0.6154,0.398,,,,5141,5141,1000,20846,inner_cv,"[{""fold"": ""random"", ""C"": 0.01, ""src"": ""inner_cv"", ""thr"": 0.4992}]",104.46,bootstrap unit: molecule
T3,wide,random,all,fg_ether,F2.lt1700,lr,bal_acc,0.6462,0.6338,0.6599,0.5,,,,5141,5141,1000,20846,inner_cv,"[{""fold"": ""random"", ""C"": 0.01, ""src"": ""inner_cv"", ""thr"": 0.4992}]",104.46,bootstrap unit: molecule
T3,wide,random,all,fg_ether,F2.lt1700,hgb,auroc,0.7688,0.7567,0.7817,0.5,,,,5141,5141,1000,20846,inner_cv,"[{""fold"": ""random"", ""src"": ""inner_cv"", ""thr"": 0.5171}]",32.51,bootstrap unit: molecule
T3,wide,random,all,fg_ether,F2.lt1700,hgb,auprc,0.695,0.6753,0.7166,0.398,,,,5141,5141,1000,20846,inner_cv,"[{""fold"": ""random"", ""src"": ""inner_cv"", ""thr"": 0.5171}]",32.51,bootstrap unit: molecule
T3,wide,random,all,fg_ether,F2.lt1700,hgb,bal_acc,0.6838,0.6711,0.6968,0.5,,,,5141,5141,1000,20846,inner_cv,"[{""fold"": ""random"", ""src"": ""inner_cv"", ""thr"": 0.5171}]",32.51,bootstrap unit: molecule
T3,wide,random,all,fg_ether,F2.lt1700,knn,auroc,0.7498,0.7371,0.7633,0.5,,,,5141,5141,1000,20846,inner_cv,"[{""fold"": ""random"", ""k"": 10, ""src"": ""inner_cv"", ""thr"": 0.4915}]",95.26,bootstrap unit: molecule
T3,wide,random,all,fg_ether,F2.lt1700,knn,auprc,0.6733,0.6527,0.6943,0.398,,,,5141,5141,1000,20846,inner_cv,"[{""fold"": ""random"", ""k"": 10, ""src"": ""inner_cv"", ""thr"": 0.4915}]",95.26,bootstrap unit: molecule
T3,wide,random,all,fg_ether,F2.lt1700,knn,bal_acc,0.682,0.6699,0.6951,0.5,,,,5141,5141,1000,20846,inner_cv,"[{""fold"": ""random"", ""k"": 10, ""src"": ""inner_cv"", ""thr"": 0.4915}]",95.26,bootstrap unit: molecule
T3,wide,random,all,fg_ether,F3.lt1700,majority,auroc,0.5,0.5,0.5,0.5,,,,5141,5141,1000,20846,fixed,"[{""fold"": ""random"", ""src"": ""fixed"", ""thr"": 0.5}]",2.73,bootstrap unit: molecule
T3,wide,random,all,fg_ether,F3.lt1700,majority,auprc,0.398,0.3853,0.412,0.398,,,,5141,5141,1000,20846,fixed,"[{""fold"": ""random"", ""src"": ""fixed"", ""thr"": 0.5}]",2.73,bootstrap unit: molecule
T3,wide,random,all,fg_ether,F3.lt1700,majority,bal_acc,0.5,0.5,0.5,0.5,,,,5141,5141,1000,20846,fixed,"[{""fold"": ""random"", ""src"": ""fixed"", ""thr"": 0.5}]",2.73,bootstrap unit: molecule
T3,wide,random,all,fg_ether,F3.lt1700,lr,auroc,0.7132,0.6996,0.7271,0.5,,,,5141,5141,1000,20846,inner_cv,"[{""fold"": ""random"", ""C"": 0.01, ""src"": ""inner_cv"", ""thr"": 0.4856}]",64.77,bootstrap unit: molecule
T3,wide,random,all,fg_ether,F3.lt1700,lr,auprc,0.6006,0.5776,0.6232,0.398,,,,5141,5141,1000,20846,inner_cv,"[{""fold"": ""random"", ""C"": 0.01, ""src"": ""inner_cv"", ""thr"": 0.4856}]",64.77,bootstrap unit: molecule
T3,wide,random,all,fg_ether,F3.lt1700,lr,bal_acc,0.654,0.6412,0.667,0.5,,,,5141,5141,1000,20846,inner_cv,"[{""fold"": ""random"", ""C"": 0.01, ""src"": ""inner_cv"", ""thr"": 0.4856}]",64.77,bootstrap unit: molecule
T3,wide,random,all,fg_ether,F3.lt1700,hgb,auroc,0.7971,0.7854,0.8091,0.5,,,,5141,5141,1000,20846,inner_cv,"[{""fold"": ""random"", ""src"": ""inner_cv"", ""thr"": 0.5441}]",40.98,bootstrap unit: molecule
T3,wide,random,all,fg_ether,F3.lt1700,hgb,auprc,0.7334,0.7163,0.7528,0.398,,,,5141,5141,1000,20846,inner_cv,"[{""fold"": ""random"", ""src"": ""inner_cv"", ""thr"": 0.5441}]",40.98,bootstrap unit: molecule
T3,wide,random,all,fg_ether,F3.lt1700,hgb,bal_acc,0.7008,0.6882,0.7136,0.5,,,,5141,5141,1000,20846,inner_cv,"[{""fold"": ""random"", ""src"": ""inner_cv"", ""thr"": 0.5441}]",40.98,bootstrap unit: molecule
T3,wide,random,all,fg_ether,F3.lt1700,knn,auroc,0.776,0.7629,0.7893,0.5,,,,5141,5141,1000,20846,inner_cv,"[{""fold"": ""random"", ""k"": 10, ""src"": ""inner_cv"", ""thr"": 0.4112}]",102.49,bootstrap unit: molecule
T3,wide,random,all,fg_ether,F3.lt1700,knn,auprc,0.7136,0.6929,0.7332,0.398,,,,5141,5141,1000,20846,inner_cv,"[{""fold"": ""random"", ""k"": 10, ""src"": ""inner_cv"", ""thr"": 0.4112}]",102.49,bootstrap unit: molecule
T3,wide,random,all,fg_ether,F3.lt1700,knn,bal_acc,0.7046,0.6924,0.7177,0.5,,,,5141,5141,1000,20846,inner_cv,"[{""fold"": ""random"", ""k"": 10, ""src"": ""inner_cv"", ""thr"": 0.4112}]",102.49,bootstrap unit: molecule
T3,wide,random,all,fg_nitrile,F1,majority,auroc,0.5,0.5,0.5,0.5,,,,5141,5141,1000,20846,fixed,"[{""fold"": ""random"", ""src"": ""fixed"", ""thr"": 0.5}]",1.97,bootstrap unit: molecule
T3,wide,random,all,fg_nitrile,F1,majority,auprc,0.1329,0.1237,0.1418,0.1329,,,,5141,5141,1000,20846,fixed,"[{""fold"": ""random"", ""src"": ""fixed"", ""thr"": 0.5}]",1.97,bootstrap unit: molecule
T3,wide,random,all,fg_nitrile,F1,majority,bal_acc,0.5,0.5,0.5,0.5,,,,5141,5141,1000,20846,fixed,"[{""fold"": ""random"", ""src"": ""fixed"", ""thr"": 0.5}]",1.97,bootstrap unit: molecule
T3,wide,random,all,fg_nitrile,F1,lr,auroc,0.7176,0.6973,0.7375,0.5,0.0099,100,0.4987,5141,5141,1000,20846,inner_cv,"[{""fold"": ""random"", ""C"": 10.0, ""src"": ""inner_cv"", ""thr"": 0.508}]",5.37,bootstrap unit: molecule
T3,wide,random,all,fg_nitrile,F1,lr,auprc,0.2989,0.2674,0.3315,0.1329,,,,5141,5141,1000,20846,inner_cv,"[{""fold"": ""random"", ""C"": 10.0, ""src"": ""inner_cv"", ""thr"": 0.508}]",5.37,bootstrap unit: molecule
T3,wide,random,all,fg_nitrile,F1,lr,bal_acc,0.6602,0.6411,0.6804,0.5,,,,5141,5141,1000,20846,inner_cv,"[{""fold"": ""random"", ""C"": 10.0, ""src"": ""inner_cv"", ""thr"": 0.508}]",5.37,bootstrap unit: molecule
T3,wide,random,all,fg_nitrile,F1,hgb,auroc,0.7559,0.7361,0.7729,0.5,,,,5141,5141,1000,20846,inner_cv,"[{""fold"": ""random"", ""src"": ""inner_cv"", ""thr"": 0.4292}]",6.96,bootstrap unit: molecule
T3,wide,random,all,fg_nitrile,F1,hgb,auprc,0.3596,0.3249,0.397,0.1329,,,,5141,5141,1000,20846,inner_cv,"[{""fold"": ""random"", ""src"": ""inner_cv"", ""thr"": 0.4292}]",6.96,bootstrap unit: molecule
T3,wide,random,all,fg_nitrile,F1,hgb,bal_acc,0.6858,0.6677,0.7027,0.5,,,,5141,5141,1000,20846,inner_cv,"[{""fold"": ""random"", ""src"": ""inner_cv"", ""thr"": 0.4292}]",6.96,bootstrap unit: molecule
T3,wide,random,all,fg_nitrile,F1,knn,auroc,0.619,0.5951,0.642,0.5,,,,5141,5141,1000,20846,inner_cv,"[{""fold"": ""random"", ""k"": 10, ""src"": ""inner_cv"", ""thr"": 0.122}]",48.49,bootstrap unit: molecule
T3,wide,random,all,fg_nitrile,F1,knn,auprc,0.2093,0.1876,0.2356,0.1329,,,,5141,5141,1000,20846,inner_cv,"[{""fold"": ""random"", ""k"": 10, ""src"": ""inner_cv"", ""thr"": 0.122}]",48.49,bootstrap unit: molecule
T3,wide,random,all,fg_nitrile,F1,knn,bal_acc,0.5963,0.5761,0.6165,0.5,,,,5141,5141,1000,20846,inner_cv,"[{""fold"": ""random"", ""k"": 10, ""src"": ""inner_cv"", ""thr"": 0.122}]",48.49,bootstrap unit: molecule
T3,wide,random,all,fg_nitrile,F1pos,majority,auroc,0.5,0.5,0.5,0.5,,,,5141,5141,1000,20846,fixed,"[{""fold"": ""random"", ""src"": ""fixed"", ""thr"": 0.5}]",1.22,bootstrap unit: molecule
T3,wide,random,all,fg_nitrile,F1pos,majority,auprc,0.1329,0.1237,0.1418,0.1329,,,,5141,5141,1000,20846,fixed,"[{""fold"": ""random"", ""src"": ""fixed"", ""thr"": 0.5}]",1.22,bootstrap unit: molecule
T3,wide,random,all,fg_nitrile,F1pos,majority,bal_acc,0.5,0.5,0.5,0.5,,,,5141,5141,1000,20846,fixed,"[{""fold"": ""random"", ""src"": ""fixed"", ""thr"": 0.5}]",1.22,bootstrap unit: molecule
T3,wide,random,all,fg_nitrile,F1pos,lr,auroc,0.7583,0.7398,0.7757,0.5,,,,5141,5141,1000,20846,inner_cv,"[{""fold"": ""random"", ""C"": 10.0, ""src"": ""inner_cv"", ""thr"": 0.4551}]",4.73,bootstrap unit: molecule
T3,wide,random,all,fg_nitrile,F1pos,lr,auprc,0.3119,0.2823,0.3459,0.1329,,,,5141,5141,1000,20846,inner_cv,"[{""fold"": ""random"", ""C"": 10.0, ""src"": ""inner_cv"", ""thr"": 0.4551}]",4.73,bootstrap unit: molecule
T3,wide,random,all,fg_nitrile,F1pos,lr,bal_acc,0.6888,0.6709,0.7054,0.5,,,,5141,5141,1000,20846,inner_cv,"[{""fold"": ""random"", ""C"": 10.0, ""src"": ""inner_cv"", ""thr"": 0.4551}]",4.73,bootstrap unit: molecule
T3,wide,random,all,fg_nitrile,F1pos,hgb,auroc,0.7352,0.7154,0.7539,0.5,,,,5141,5141,1000,20846,inner_cv,"[{""fold"": ""random"", ""src"": ""inner_cv"", ""thr"": 0.434}]",5.1,bootstrap unit: molecule
T3,wide,random,all,fg_nitrile,F1pos,hgb,auprc,0.2944,0.2653,0.3287,0.1329,,,,5141,5141,1000,20846,inner_cv,"[{""fold"": ""random"", ""src"": ""inner_cv"", ""thr"": 0.434}]",5.1,bootstrap unit: molecule
T3,wide,random,all,fg_nitrile,F1pos,hgb,bal_acc,0.6741,0.6565,0.6913,0.5,,,,5141,5141,1000,20846,inner_cv,"[{""fold"": ""random"", ""src"": ""inner_cv"", ""thr"": 0.434}]",5.1,bootstrap unit: molecule
T3,wide,random,all,fg_nitrile,F1pos,knn,auroc,0.5287,0.5044,0.5507,0.5,,,,5141,5141,1000,20846,inner_cv,"[{""fold"": ""random"", ""k"": 5, ""src"": ""inner_cv"", ""thr"": 0.1531}]",45.12,bootstrap unit: molecule
T3,wide,random,all,fg_nitrile,F1pos,knn,auprc,0.1514,0.1368,0.1714,0.1329,,,,5141,5141,1000,20846,inner_cv,"[{""fold"": ""random"", ""k"": 5, ""src"": ""inner_cv"", ""thr"": 0.1531}]",45.12,bootstrap unit: molecule
T3,wide,random,all,fg_nitrile,F1pos,knn,bal_acc,0.5206,0.4989,0.5413,0.5,,,,5141,5141,1000,20846,inner_cv,"[{""fold"": ""random"", ""k"": 5, ""src"": ""inner_cv"", ""thr"": 0.1531}]",45.12,bootstrap unit: molecule
T3,wide,random,all,fg_nitrile,F2,majority,auroc,0.5,0.5,0.5,0.5,,,,5141,5141,1000,20846,fixed,"[{""fold"": ""random"", ""src"": ""fixed"", ""thr"": 0.5}]",2.13,bootstrap unit: molecule
T3,wide,random,all,fg_nitrile,F2,majority,auprc,0.1329,0.1237,0.1418,0.1329,,,,5141,5141,1000,20846,fixed,"[{""fold"": ""random"", ""src"": ""fixed"", ""thr"": 0.5}]",2.13,bootstrap unit: molecule
T3,wide,random,all,fg_nitrile,F2,majority,bal_acc,0.5,0.5,0.5,0.5,,,,5141,5141,1000,20846,fixed,"[{""fold"": ""random"", ""src"": ""fixed"", ""thr"": 0.5}]",2.13,bootstrap unit: molecule
T3,wide,random,all,fg_nitrile,F2,lr,auroc,0.7286,0.7074,0.7483,0.5,,,,5141,5141,1000,20846,inner_cv,"[{""fold"": ""random"", ""C"": 0.01, ""src"": ""inner_cv"", ""thr"": 0.526}]",104.36,bootstrap unit: molecule
T3,wide,random,all,fg_nitrile,F2,lr,auprc,0.3107,0.2781,0.3447,0.1329,,,,5141,5141,1000,20846,inner_cv,"[{""fold"": ""random"", ""C"": 0.01, ""src"": ""inner_cv"", ""thr"": 0.526}]",104.36,bootstrap unit: molecule
T3,wide,random,all,fg_nitrile,F2,lr,bal_acc,0.6631,0.6432,0.681,0.5,,,,5141,5141,1000,20846,inner_cv,"[{""fold"": ""random"", ""C"": 0.01, ""src"": ""inner_cv"", ""thr"": 0.526}]",104.36,bootstrap unit: molecule
T3,wide,random,all,fg_nitrile,F2,hgb,auroc,0.8109,0.7932,0.8282,0.5,,,,5141,5141,1000,20846,inner_cv,"[{""fold"": ""random"", ""src"": ""inner_cv"", ""thr"": 0.4091}]",72.84,bootstrap unit: molecule
T3,wide,random,all,fg_nitrile,F2,hgb,auprc,0.438,0.4005,0.4773,0.1329,,,,5141,5141,1000,20846,inner_cv,"[{""fold"": ""random"", ""src"": ""inner_cv"", ""thr"": 0.4091}]",72.84,bootstrap unit: molecule
T3,wide,random,all,fg_nitrile,F2,hgb,bal_acc,0.7293,0.7111,0.7466,0.5,,,,5141,5141,1000,20846,inner_cv,"[{""fold"": ""random"", ""src"": ""inner_cv"", ""thr"": 0.4091}]",72.84,bootstrap unit: molecule
T3,wide,random,all,fg_nitrile,F2,knn,auroc,0.668,0.6479,0.6901,0.5,,,,5141,5141,1000,20846,inner_cv,"[{""fold"": ""random"", ""k"": 10, ""src"": ""inner_cv"", ""thr"": 0.1063}]",101.17,bootstrap unit: molecule
T3,wide,random,all,fg_nitrile,F2,knn,auprc,0.253,0.2251,0.283,0.1329,,,,5141,5141,1000,20846,inner_cv,"[{""fold"": ""random"", ""k"": 10, ""src"": ""inner_cv"", ""thr"": 0.1063}]",101.17,bootstrap unit: molecule
T3,wide,random,all,fg_nitrile,F2,knn,bal_acc,0.6356,0.6165,0.6548,0.5,,,,5141,5141,1000,20846,inner_cv,"[{""fold"": ""random"", ""k"": 10, ""src"": ""inner_cv"", ""thr"": 0.1063}]",101.17,bootstrap unit: molecule
T3,wide,random,all,fg_nitrile,F3,majority,auroc,0.5,0.5,0.5,0.5,,,,5141,5141,1000,20846,fixed,"[{""fold"": ""random"", ""src"": ""fixed"", ""thr"": 0.5}]",1.37,bootstrap unit: molecule
T3,wide,random,all,fg_nitrile,F3,majority,auprc,0.1329,0.1237,0.1418,0.1329,,,,5141,5141,1000,20846,fixed,"[{""fold"": ""random"", ""src"": ""fixed"", ""thr"": 0.5}]",1.37,bootstrap unit: molecule
T3,wide,random,all,fg_nitrile,F3,majority,bal_acc,0.5,0.5,0.5,0.5,,,,5141,5141,1000,20846,fixed,"[{""fold"": ""random"", ""src"": ""fixed"", ""thr"": 0.5}]",1.37,bootstrap unit: molecule
T3,wide,random,all,fg_nitrile,F3,lr,auroc,0.7394,0.7202,0.759,0.5,,,,5141,5141,1000,20846,inner_cv,"[{""fold"": ""random"", ""C"": 0.01, ""src"": ""inner_cv"", ""thr"": 0.4943}]",97.25,bootstrap unit: molecule
T3,wide,random,all,fg_nitrile,F3,lr,auprc,0.3254,0.2921,0.3612,0.1329,,,,5141,5141,1000,20846,inner_cv,"[{""fold"": ""random"", ""C"": 0.01, ""src"": ""inner_cv"", ""thr"": 0.4943}]",97.25,bootstrap unit: molecule
T3,wide,random,all,fg_nitrile,F3,lr,bal_acc,0.6803,0.6617,0.699,0.5,,,,5141,5141,1000,20846,inner_cv,"[{""fold"": ""random"", ""C"": 0.01, ""src"": ""inner_cv"", ""thr"": 0.4943}]",97.25,bootstrap unit: molecule
T3,wide,random,all,fg_nitrile,F3,hgb,auroc,0.8948,0.8825,0.9068,0.5,0.0099,100,0.5002,5141,5141,1000,20846,inner_cv,"[{""fold"": ""random"", ""src"": ""inner_cv"", ""thr"": 0.3775}]",56.82,bootstrap unit: molecule
T3,wide,random,all,fg_nitrile,F3,hgb,auprc,0.575,0.5343,0.6179,0.1329,,,,5141,5141,1000,20846,inner_cv,"[{""fold"": ""random"", ""src"": ""inner_cv"", ""thr"": 0.3775}]",56.82,bootstrap unit: molecule
T3,wide,random,all,fg_nitrile,F3,hgb,bal_acc,0.8136,0.7984,0.8283,0.5,,,,5141,5141,1000,20846,inner_cv,"[{""fold"": ""random"", ""src"": ""inner_cv"", ""thr"": 0.3775}]",56.82,bootstrap unit: molecule
T3,wide,random,all,fg_nitrile,F3,knn,auroc,0.6735,0.6509,0.6951,0.5,,,,5141,5141,1000,20846,inner_cv,"[{""fold"": ""random"", ""k"": 10, ""src"": ""inner_cv"", ""thr"": 0.103}]",78.93,bootstrap unit: molecule
T3,wide,random,all,fg_nitrile,F3,knn,auprc,0.2563,0.228,0.2889,0.1329,,,,5141,5141,1000,20846,inner_cv,"[{""fold"": ""random"", ""k"": 10, ""src"": ""inner_cv"", ""thr"": 0.103}]",78.93,bootstrap unit: molecule
T3,wide,random,all,fg_nitrile,F3,knn,bal_acc,0.6322,0.6124,0.6523,0.5,,,,5141,5141,1000,20846,inner_cv,"[{""fold"": ""random"", ""k"": 10, ""src"": ""inner_cv"", ""thr"": 0.103}]",78.93,bootstrap unit: molecule
T3,wide,random,all,fg_nitrile,F1.sqrt,majority,auroc,0.5,0.5,0.5,0.5,,,,5141,5141,1000,20846,fixed,"[{""fold"": ""random"", ""src"": ""fixed"", ""thr"": 0.5}]",2.73,bootstrap unit: molecule
T3,wide,random,all,fg_nitrile,F1.sqrt,majority,auprc,0.1329,0.1237,0.1418,0.1329,,,,5141,5141,1000,20846,fixed,"[{""fold"": ""random"", ""src"": ""fixed"", ""thr"": 0.5}]",2.73,bootstrap unit: molecule
T3,wide,random,all,fg_nitrile,F1.sqrt,majority,bal_acc,0.5,0.5,0.5,0.5,,,,5141,5141,1000,20846,fixed,"[{""fold"": ""random"", ""src"": ""fixed"", ""thr"": 0.5}]",2.73,bootstrap unit: molecule
T3,wide,random,all,fg_nitrile,F1.sqrt,lr,auroc,0.7308,0.7105,0.75,0.5,,,,5141,5141,1000,20846,inner_cv,"[{""fold"": ""random"", ""C"": 10.0, ""src"": ""inner_cv"", ""thr"": 0.5245}]",6.44,bootstrap unit: molecule
T3,wide,random,all,fg_nitrile,F1.sqrt,lr,auprc,0.3052,0.2732,0.3372,0.1329,,,,5141,5141,1000,20846,inner_cv,"[{""fold"": ""random"", ""C"": 10.0, ""src"": ""inner_cv"", ""thr"": 0.5245}]",6.44,bootstrap unit: molecule
T3,wide,random,all,fg_nitrile,F1.sqrt,lr,bal_acc,0.6663,0.646,0.6851,0.5,,,,5141,5141,1000,20846,inner_cv,"[{""fold"": ""random"", ""C"": 10.0, ""src"": ""inner_cv"", ""thr"": 0.5245}]",6.44,bootstrap unit: molecule
T3,wide,random,all,fg_nitrile,F1.sqrt,hgb,auroc,0.7559,0.7361,0.7729,0.5,,,,5141,5141,1000,20846,inner_cv,"[{""fold"": ""random"", ""src"": ""inner_cv"", ""thr"": 0.4292}]",11.25,bootstrap unit: molecule
T3,wide,random,all,fg_nitrile,F1.sqrt,hgb,auprc,0.3594,0.3246,0.3968,0.1329,,,,5141,5141,1000,20846,inner_cv,"[{""fold"": ""random"", ""src"": ""inner_cv"", ""thr"": 0.4292}]",11.25,bootstrap unit: molecule
T3,wide,random,all,fg_nitrile,F1.sqrt,hgb,bal_acc,0.6858,0.6677,0.7027,0.5,,,,5141,5141,1000,20846,inner_cv,"[{""fold"": ""random"", ""src"": ""inner_cv"", ""thr"": 0.4292}]",11.25,bootstrap unit: molecule
T3,wide,random,all,fg_nitrile,F1.sqrt,knn,auroc,0.596,0.5731,0.6206,0.5,,,,5141,5141,1000,20846,inner_cv,"[{""fold"": ""random"", ""k"": 10, ""src"": ""inner_cv"", ""thr"": 0.0985}]",46.48,bootstrap unit: molecule
T3,wide,random,all,fg_nitrile,F1.sqrt,knn,auprc,0.1917,0.1707,0.2172,0.1329,,,,5141,5141,1000,20846,inner_cv,"[{""fold"": ""random"", ""k"": 10, ""src"": ""inner_cv"", ""thr"": 0.0985}]",46.48,bootstrap unit: molecule
T3,wide,random,all,fg_nitrile,F1.sqrt,knn,bal_acc,0.5599,0.5389,0.5801,0.5,,,,5141,5141,1000,20846,inner_cv,"[{""fold"": ""random"", ""k"": 10, ""src"": ""inner_cv"", ""thr"": 0.0985}]",46.48,bootstrap unit: molecule
T3,wide,random,all,fg_nitrile,F2.lt1700,majority,auroc,0.5,0.5,0.5,0.5,,,,5141,5141,1000,20846,fixed,"[{""fold"": ""random"", ""src"": ""fixed"", ""thr"": 0.5}]",4.24,bootstrap unit: molecule
T3,wide,random,all,fg_nitrile,F2.lt1700,majority,auprc,0.1329,0.1237,0.1418,0.1329,,,,5141,5141,1000,20846,fixed,"[{""fold"": ""random"", ""src"": ""fixed"", ""thr"": 0.5}]",4.24,bootstrap unit: molecule
T3,wide,random,all,fg_nitrile,F2.lt1700,majority,bal_acc,0.5,0.5,0.5,0.5,,,,5141,5141,1000,20846,fixed,"[{""fold"": ""random"", ""src"": ""fixed"", ""thr"": 0.5}]",4.24,bootstrap unit: molecule
T3,wide,random,all,fg_nitrile,F2.lt1700,lr,auroc,0.7103,0.6893,0.7299,0.5,,,,5141,5141,1000,20846,inner_cv,"[{""fold"": ""random"", ""C"": 0.01, ""src"": ""inner_cv"", ""thr"": 0.4861}]",109.74,bootstrap unit: molecule
T3,wide,random,all,fg_nitrile,F2.lt1700,lr,auprc,0.2948,0.2635,0.3289,0.1329,,,,5141,5141,1000,20846,inner_cv,"[{""fold"": ""random"", ""C"": 0.01, ""src"": ""inner_cv"", ""thr"": 0.4861}]",109.74,bootstrap unit: molecule
T3,wide,random,all,fg_nitrile,F2.lt1700,lr,bal_acc,0.6533,0.6347,0.6716,0.5,,,,5141,5141,1000,20846,inner_cv,"[{""fold"": ""random"", ""C"": 0.01, ""src"": ""inner_cv"", ""thr"": 0.4861}]",109.74,bootstrap unit: molecule
T3,wide,random,all,fg_nitrile,F2.lt1700,hgb,auroc,0.7983,0.7793,0.8172,0.5,,,,5141,5141,1000,20846,inner_cv,"[{""fold"": ""random"", ""src"": ""inner_cv"", ""thr"": 0.397}]",48.32,bootstrap unit: molecule
T3,wide,random,all,fg_nitrile,F2.lt1700,hgb,auprc,0.4236,0.3855,0.4626,0.1329,,,,5141,5141,1000,20846,inner_cv,"[{""fold"": ""random"", ""src"": ""inner_cv"", ""thr"": 0.397}]",48.32,bootstrap unit: molecule
T3,wide,random,all,fg_nitrile,F2.lt1700,hgb,bal_acc,0.7199,0.7018,0.7385,0.5,,,,5141,5141,1000,20846,inner_cv,"[{""fold"": ""random"", ""src"": ""inner_cv"", ""thr"": 0.397}]",48.32,bootstrap unit: molecule
T3,wide,random,all,fg_nitrile,F2.lt1700,knn,auroc,0.6534,0.632,0.675,0.5,,,,5141,5141,1000,20846,inner_cv,"[{""fold"": ""random"", ""k"": 10, ""src"": ""inner_cv"", ""thr"": 0.1057}]",93.52,bootstrap unit: molecule
T3,wide,random,all,fg_nitrile,F2.lt1700,knn,auprc,0.2376,0.2124,0.2657,0.1329,,,,5141,5141,1000,20846,inner_cv,"[{""fold"": ""random"", ""k"": 10, ""src"": ""inner_cv"", ""thr"": 0.1057}]",93.52,bootstrap unit: molecule
T3,wide,random,all,fg_nitrile,F2.lt1700,knn,bal_acc,0.6111,0.5924,0.6311,0.5,,,,5141,5141,1000,20846,inner_cv,"[{""fold"": ""random"", ""k"": 10, ""src"": ""inner_cv"", ""thr"": 0.1057}]",93.52,bootstrap unit: molecule
T3,wide,random,all,fg_nitrile,F3.lt1700,majority,auroc,0.5,0.5,0.5,0.5,,,,5141,5141,1000,20846,fixed,"[{""fold"": ""random"", ""src"": ""fixed"", ""thr"": 0.5}]",1.27,bootstrap unit: molecule
T3,wide,random,all,fg_nitrile,F3.lt1700,majority,auprc,0.1329,0.1237,0.1418,0.1329,,,,5141,5141,1000,20846,fixed,"[{""fold"": ""random"", ""src"": ""fixed"", ""thr"": 0.5}]",1.27,bootstrap unit: molecule
T3,wide,random,all,fg_nitrile,F3.lt1700,majority,bal_acc,0.5,0.5,0.5,0.5,,,,5141,5141,1000,20846,fixed,"[{""fold"": ""random"", ""src"": ""fixed"", ""thr"": 0.5}]",1.27,bootstrap unit: molecule
T3,wide,random,all,fg_nitrile,F3.lt1700,lr,auroc,0.7173,0.6974,0.7372,0.5,,,,5141,5141,1000,20846,inner_cv,"[{""fold"": ""random"", ""C"": 0.01, ""src"": ""inner_cv"", ""thr"": 0.4904}]",91.76,bootstrap unit: molecule
T3,wide,random,all,fg_nitrile,F3.lt1700,lr,auprc,0.3065,0.2733,0.3398,0.1329,,,,5141,5141,1000,20846,inner_cv,"[{""fold"": ""random"", ""C"": 0.01, ""src"": ""inner_cv"", ""thr"": 0.4904}]",91.76,bootstrap unit: molecule
T3,wide,random,all,fg_nitrile,F3.lt1700,lr,bal_acc,0.6614,0.6421,0.6806,0.5,,,,5141,5141,1000,20846,inner_cv,"[{""fold"": ""random"", ""C"": 0.01, ""src"": ""inner_cv"", ""thr"": 0.4904}]",91.76,bootstrap unit: molecule
T3,wide,random,all,fg_nitrile,F3.lt1700,hgb,auroc,0.851,0.8363,0.8663,0.5,,,,5141,5141,1000,20846,inner_cv,"[{""fold"": ""random"", ""src"": ""inner_cv"", ""thr"": 0.4464}]",35.5,bootstrap unit: molecule
T3,wide,random,all,fg_nitrile,F3.lt1700,hgb,auprc,0.5082,0.4698,0.5483,0.1329,,,,5141,5141,1000,20846,inner_cv,"[{""fold"": ""random"", ""src"": ""inner_cv"", ""thr"": 0.4464}]",35.5,bootstrap unit: molecule
T3,wide,random,all,fg_nitrile,F3.lt1700,hgb,bal_acc,0.768,0.7516,0.7848,0.5,,,,5141,5141,1000,20846,inner_cv,"[{""fold"": ""random"", ""src"": ""inner_cv"", ""thr"": 0.4464}]",35.5,bootstrap unit: molecule
T3,wide,random,all,fg_nitrile,F3.lt1700,knn,auroc,0.6585,0.6352,0.6803,0.5,,,,5141,5141,1000,20846,inner_cv,"[{""fold"": ""random"", ""k"": 10, ""src"": ""inner_cv"", ""thr"": 0.0982}]",67.03,bootstrap unit: molecule
T3,wide,random,all,fg_nitrile,F3.lt1700,knn,auprc,0.2458,0.2187,0.2763,0.1329,,,,5141,5141,1000,20846,inner_cv,"[{""fold"": ""random"", ""k"": 10, ""src"": ""inner_cv"", ""thr"": 0.0982}]",67.03,bootstrap unit: molecule
T3,wide,random,all,fg_nitrile,F3.lt1700,knn,bal_acc,0.6141,0.5943,0.6336,0.5,,,,5141,5141,1000,20846,inner_cv,"[{""fold"": ""random"", ""k"": 10, ""src"": ""inner_cv"", ""thr"": 0.0982}]",67.03,bootstrap unit: molecule
T3,wide,random,all,fg_alkyne,F1,majority,auroc,0.5,0.5,0.5,0.5,,,,5141,5141,1000,20846,fixed,"[{""fold"": ""random"", ""src"": ""fixed"", ""thr"": 0.5}]",2.16,bootstrap unit: molecule
T3,wide,random,all,fg_alkyne,F1,majority,auprc,0.1321,0.1229,0.1412,0.1321,,,,5141,5141,1000,20846,fixed,"[{""fold"": ""random"", ""src"": ""fixed"", ""thr"": 0.5}]",2.16,bootstrap unit: molecule
T3,wide,random,all,fg_alkyne,F1,majority,bal_acc,0.5,0.5,0.5,0.5,,,,5141,5141,1000,20846,fixed,"[{""fold"": ""random"", ""src"": ""fixed"", ""thr"": 0.5}]",2.16,bootstrap unit: molecule
T3,wide,random,all,fg_alkyne,F1,lr,auroc,0.897,0.8852,0.9083,0.5,0.0099,100,0.5007,5141,5141,1000,20846,inner_cv,"[{""fold"": ""random"", ""C"": 0.1, ""src"": ""inner_cv"", ""thr"": 0.4515}]",5.95,bootstrap unit: molecule
T3,wide,random,all,fg_alkyne,F1,lr,auprc,0.5818,0.5429,0.6252,0.1321,,,,5141,5141,1000,20846,inner_cv,"[{""fold"": ""random"", ""C"": 0.1, ""src"": ""inner_cv"", ""thr"": 0.4515}]",5.95,bootstrap unit: molecule
T3,wide,random,all,fg_alkyne,F1,lr,bal_acc,0.8189,0.803,0.8341,0.5,,,,5141,5141,1000,20846,inner_cv,"[{""fold"": ""random"", ""C"": 0.1, ""src"": ""inner_cv"", ""thr"": 0.4515}]",5.95,bootstrap unit: molecule
T3,wide,random,all,fg_alkyne,F1,hgb,auroc,0.914,0.9032,0.9233,0.5,,,,5141,5141,1000,20846,inner_cv,"[{""fold"": ""random"", ""src"": ""inner_cv"", ""thr"": 0.4608}]",7.67,bootstrap unit: molecule
T3,wide,random,all,fg_alkyne,F1,hgb,auprc,0.6756,0.6414,0.7103,0.1321,,,,5141,5141,1000,20846,inner_cv,"[{""fold"": ""random"", ""src"": ""inner_cv"", ""thr"": 0.4608}]",7.67,bootstrap unit: molecule
T3,wide,random,all,fg_alkyne,F1,hgb,bal_acc,0.8313,0.8149,0.8455,0.5,,,,5141,5141,1000,20846,inner_cv,"[{""fold"": ""random"", ""src"": ""inner_cv"", ""thr"": 0.4608}]",7.67,bootstrap unit: molecule
T3,wide,random,all,fg_alkyne,F1,knn,auroc,0.7446,0.7241,0.7668,0.5,,,,5141,5141,1000,20846,inner_cv,"[{""fold"": ""random"", ""k"": 10, ""src"": ""inner_cv"", ""thr"": 0.1956}]",48.54,bootstrap unit: molecule
T3,wide,random,all,fg_alkyne,F1,knn,auprc,0.3989,0.3614,0.4361,0.1321,,,,5141,5141,1000,20846,inner_cv,"[{""fold"": ""random"", ""k"": 10, ""src"": ""inner_cv"", ""thr"": 0.1956}]",48.54,bootstrap unit: molecule
T3,wide,random,all,fg_alkyne,F1,knn,bal_acc,0.6923,0.6729,0.7113,0.5,,,,5141,5141,1000,20846,inner_cv,"[{""fold"": ""random"", ""k"": 10, ""src"": ""inner_cv"", ""thr"": 0.1956}]",48.54,bootstrap unit: molecule
T3,wide,random,all,fg_alkyne,F1pos,majority,auroc,0.5,0.5,0.5,0.5,,,,5141,5141,1000,20846,fixed,"[{""fold"": ""random"", ""src"": ""fixed"", ""thr"": 0.5}]",2.12,bootstrap unit: molecule
T3,wide,random,all,fg_alkyne,F1pos,majority,auprc,0.1321,0.1229,0.1412,0.1321,,,,5141,5141,1000,20846,fixed,"[{""fold"": ""random"", ""src"": ""fixed"", ""thr"": 0.5}]",2.12,bootstrap unit: molecule
T3,wide,random,all,fg_alkyne,F1pos,majority,bal_acc,0.5,0.5,0.5,0.5,,,,5141,5141,1000,20846,fixed,"[{""fold"": ""random"", ""src"": ""fixed"", ""thr"": 0.5}]",2.12,bootstrap unit: molecule
T3,wide,random,all,fg_alkyne,F1pos,lr,auroc,0.8864,0.8729,0.8985,0.5,,,,5141,5141,1000,20846,inner_cv,"[{""fold"": ""random"", ""C"": 0.1, ""src"": ""inner_cv"", ""thr"": 0.4635}]",3.99,bootstrap unit: molecule
T3,wide,random,all,fg_alkyne,F1pos,lr,auprc,0.6004,0.5623,0.6379,0.1321,,,,5141,5141,1000,20846,inner_cv,"[{""fold"": ""random"", ""C"": 0.1, ""src"": ""inner_cv"", ""thr"": 0.4635}]",3.99,bootstrap unit: molecule
T3,wide,random,all,fg_alkyne,F1pos,lr,bal_acc,0.8077,0.791,0.822,0.5,,,,5141,5141,1000,20846,inner_cv,"[{""fold"": ""random"", ""C"": 0.1, ""src"": ""inner_cv"", ""thr"": 0.4635}]",3.99,bootstrap unit: molecule
T3,wide,random,all,fg_alkyne,F1pos,hgb,auroc,0.8651,0.8512,0.8781,0.5,,,,5141,5141,1000,20846,inner_cv,"[{""fold"": ""random"", ""src"": ""inner_cv"", ""thr"": 0.4586}]",6.65,bootstrap unit: molecule
T3,wide,random,all,fg_alkyne,F1pos,hgb,auprc,0.5509,0.5123,0.59,0.1321,,,,5141,5141,1000,20846,inner_cv,"[{""fold"": ""random"", ""src"": ""inner_cv"", ""thr"": 0.4586}]",6.65,bootstrap unit: molecule
T3,wide,random,all,fg_alkyne,F1pos,hgb,bal_acc,0.7798,0.763,0.7946,0.5,,,,5141,5141,1000,20846,inner_cv,"[{""fold"": ""random"", ""src"": ""inner_cv"", ""thr"": 0.4586}]",6.65,bootstrap unit: molecule
T3,wide,random,all,fg_alkyne,F1pos,knn,auroc,0.6743,0.6516,0.6957,0.5,,,,5141,5141,1000,20846,inner_cv,"[{""fold"": ""random"", ""k"": 10, ""src"": ""inner_cv"", ""thr"": 0.113}]",45.27,bootstrap unit: molecule
T3,wide,random,all,fg_alkyne,F1pos,knn,auprc,0.2811,0.2508,0.3147,0.1321,,,,5141,5141,1000,20846,inner_cv,"[{""fold"": ""random"", ""k"": 10, ""src"": ""inner_cv"", ""thr"": 0.113}]",45.27,bootstrap unit: molecule
T3,wide,random,all,fg_alkyne,F1pos,knn,bal_acc,0.6308,0.6104,0.6511,0.5,,,,5141,5141,1000,20846,inner_cv,"[{""fold"": ""random"", ""k"": 10, ""src"": ""inner_cv"", ""thr"": 0.113}]",45.27,bootstrap unit: molecule
T3,wide,random,all,fg_alkyne,F2,majority,auroc,0.5,0.5,0.5,0.5,,,,5141,5141,1000,20846,fixed,"[{""fold"": ""random"", ""src"": ""fixed"", ""thr"": 0.5}]",1.61,bootstrap unit: molecule
T3,wide,random,all,fg_alkyne,F2,majority,auprc,0.1321,0.1229,0.1412,0.1321,,,,5141,5141,1000,20846,fixed,"[{""fold"": ""random"", ""src"": ""fixed"", ""thr"": 0.5}]",1.61,bootstrap unit: molecule
T3,wide,random,all,fg_alkyne,F2,majority,bal_acc,0.5,0.5,0.5,0.5,,,,5141,5141,1000,20846,fixed,"[{""fold"": ""random"", ""src"": ""fixed"", ""thr"": 0.5}]",1.61,bootstrap unit: molecule
T3,wide,random,all,fg_alkyne,F2,lr,auroc,0.9123,0.9015,0.9227,0.5,,,,5141,5141,1000,20846,inner_cv,"[{""fold"": ""random"", ""C"": 0.01, ""src"": ""inner_cv"", ""thr"": 0.4432}]",85.54,bootstrap unit: molecule
T3,wide,random,all,fg_alkyne,F2,lr,auprc,0.6509,0.6103,0.6899,0.1321,,,,5141,5141,1000,20846,inner_cv,"[{""fold"": ""random"", ""C"": 0.01, ""src"": ""inner_cv"", ""thr"": 0.4432}]",85.54,bootstrap unit: molecule
T3,wide,random,all,fg_alkyne,F2,lr,bal_acc,0.8345,0.8193,0.849,0.5,,,,5141,5141,1000,20846,inner_cv,"[{""fold"": ""random"", ""C"": 0.01, ""src"": ""inner_cv"", ""thr"": 0.4432}]",85.54,bootstrap unit: molecule
T3,wide,random,all,fg_alkyne,F2,hgb,auroc,0.9565,0.9496,0.9629,0.5,,,,5141,5141,1000,20846,inner_cv,"[{""fold"": ""random"", ""src"": ""inner_cv"", ""thr"": 0.3947}]",39.51,bootstrap unit: molecule
T3,wide,random,all,fg_alkyne,F2,hgb,auprc,0.8171,0.7907,0.8423,0.1321,,,,5141,5141,1000,20846,inner_cv,"[{""fold"": ""random"", ""src"": ""inner_cv"", ""thr"": 0.3947}]",39.51,bootstrap unit: molecule
T3,wide,random,all,fg_alkyne,F2,hgb,bal_acc,0.8855,0.8724,0.8975,0.5,,,,5141,5141,1000,20846,inner_cv,"[{""fold"": ""random"", ""src"": ""inner_cv"", ""thr"": 0.3947}]",39.51,bootstrap unit: molecule
T3,wide,random,all,fg_alkyne,F2,knn,auroc,0.8322,0.8153,0.8493,0.5,,,,5141,5141,1000,20846,inner_cv,"[{""fold"": ""random"", ""k"": 10, ""src"": ""inner_cv"", ""thr"": 0.1033}]",78.66,bootstrap unit: molecule
T3,wide,random,all,fg_alkyne,F2,knn,auprc,0.5417,0.5025,0.5773,0.1321,,,,5141,5141,1000,20846,inner_cv,"[{""fold"": ""random"", ""k"": 10, ""src"": ""inner_cv"", ""thr"": 0.1033}]",78.66,bootstrap unit: molecule
T3,wide,random,all,fg_alkyne,F2,knn,bal_acc,0.7602,0.7428,0.7775,0.5,,,,5141,5141,1000,20846,inner_cv,"[{""fold"": ""random"", ""k"": 10, ""src"": ""inner_cv"", ""thr"": 0.1033}]",78.66,bootstrap unit: molecule
T3,wide,random,all,fg_alkyne,F3,majority,auroc,0.5,0.5,0.5,0.5,,,,5141,5141,1000,20846,fixed,"[{""fold"": ""random"", ""src"": ""fixed"", ""thr"": 0.5}]",2.13,bootstrap unit: molecule
T3,wide,random,all,fg_alkyne,F3,majority,auprc,0.1321,0.1229,0.1412,0.1321,,,,5141,5141,1000,20846,fixed,"[{""fold"": ""random"", ""src"": ""fixed"", ""thr"": 0.5}]",2.13,bootstrap unit: molecule
T3,wide,random,all,fg_alkyne,F3,majority,bal_acc,0.5,0.5,0.5,0.5,,,,5141,5141,1000,20846,fixed,"[{""fold"": ""random"", ""src"": ""fixed"", ""thr"": 0.5}]",2.13,bootstrap unit: molecule
T3,wide,random,all,fg_alkyne,F3,lr,auroc,0.9202,0.9102,0.9301,0.5,,,,5141,5141,1000,20846,inner_cv,"[{""fold"": ""random"", ""C"": 0.01, ""src"": ""inner_cv"", ""thr"": 0.461}]",80.1,bootstrap unit: molecule
T3,wide,random,all,fg_alkyne,F3,lr,auprc,0.6564,0.6169,0.6986,0.1321,,,,5141,5141,1000,20846,inner_cv,"[{""fold"": ""random"", ""C"": 0.01, ""src"": ""inner_cv"", ""thr"": 0.461}]",80.1,bootstrap unit: molecule
T3,wide,random,all,fg_alkyne,F3,lr,bal_acc,0.8416,0.8263,0.8561,0.5,,,,5141,5141,1000,20846,inner_cv,"[{""fold"": ""random"", ""C"": 0.01, ""src"": ""inner_cv"", ""thr"": 0.461}]",80.1,bootstrap unit: molecule
T3,wide,random,all,fg_alkyne,F3,hgb,auroc,0.9844,0.981,0.9875,0.5,0.0099,100,0.5002,5141,5141,1000,20846,inner_cv,"[{""fold"": ""random"", ""src"": ""inner_cv"", ""thr"": 0.3567}]",40.82,bootstrap unit: molecule
T3,wide,random,all,fg_alkyne,F3,hgb,auprc,0.9193,0.9019,0.9344,0.1321,,,,5141,5141,1000,20846,inner_cv,"[{""fold"": ""random"", ""src"": ""inner_cv"", ""thr"": 0.3567}]",40.82,bootstrap unit: molecule
T3,wide,random,all,fg_alkyne,F3,hgb,bal_acc,0.9364,0.9266,0.9455,0.5,,,,5141,5141,1000,20846,inner_cv,"[{""fold"": ""random"", ""src"": ""inner_cv"", ""thr"": 0.3567}]",40.82,bootstrap unit: molecule
T3,wide,random,all,fg_alkyne,F3,knn,auroc,0.8401,0.8231,0.8569,0.5,,,,5141,5141,1000,20846,inner_cv,"[{""fold"": ""random"", ""k"": 10, ""src"": ""inner_cv"", ""thr"": 0.1128}]",70.92,bootstrap unit: molecule
T3,wide,random,all,fg_alkyne,F3,knn,auprc,0.5443,0.5039,0.5822,0.1321,,,,5141,5141,1000,20846,inner_cv,"[{""fold"": ""random"", ""k"": 10, ""src"": ""inner_cv"", ""thr"": 0.1128}]",70.92,bootstrap unit: molecule
T3,wide,random,all,fg_alkyne,F3,knn,bal_acc,0.773,0.7558,0.7906,0.5,,,,5141,5141,1000,20846,inner_cv,"[{""fold"": ""random"", ""k"": 10, ""src"": ""inner_cv"", ""thr"": 0.1128}]",70.92,bootstrap unit: molecule
T3,wide,random,all,fg_alkyne,F1.sqrt,majority,auroc,0.5,0.5,0.5,0.5,,,,5141,5141,1000,20846,fixed,"[{""fold"": ""random"", ""src"": ""fixed"", ""thr"": 0.5}]",2.1,bootstrap unit: molecule
T3,wide,random,all,fg_alkyne,F1.sqrt,majority,auprc,0.1321,0.1229,0.1412,0.1321,,,,5141,5141,1000,20846,fixed,"[{""fold"": ""random"", ""src"": ""fixed"", ""thr"": 0.5}]",2.1,bootstrap unit: molecule
T3,wide,random,all,fg_alkyne,F1.sqrt,majority,bal_acc,0.5,0.5,0.5,0.5,,,,5141,5141,1000,20846,fixed,"[{""fold"": ""random"", ""src"": ""fixed"", ""thr"": 0.5}]",2.1,bootstrap unit: molecule
T3,wide,random,all,fg_alkyne,F1.sqrt,lr,auroc,0.9031,0.891,0.9141,0.5,,,,5141,5141,1000,20846,inner_cv,"[{""fold"": ""random"", ""C"": 10.0, ""src"": ""inner_cv"", ""thr"": 0.4667}]",5.45,bootstrap unit: molecule
T3,wide,random,all,fg_alkyne,F1.sqrt,lr,auprc,0.6408,0.6029,0.6758,0.1321,,,,5141,5141,1000,20846,inner_cv,"[{""fold"": ""random"", ""C"": 10.0, ""src"": ""inner_cv"", ""thr"": 0.4667}]",5.45,bootstrap unit: molecule
T3,wide,random,all,fg_alkyne,F1.sqrt,lr,bal_acc,0.8192,0.8041,0.8346,0.5,,,,5141,5141,1000,20846,inner_cv,"[{""fold"": ""random"", ""C"": 10.0, ""src"": ""inner_cv"", ""thr"": 0.4667}]",5.45,bootstrap unit: molecule
T3,wide,random,all,fg_alkyne,F1.sqrt,hgb,auroc,0.914,0.9032,0.9233,0.5,,,,5141,5141,1000,20846,inner_cv,"[{""fold"": ""random"", ""src"": ""inner_cv"", ""thr"": 0.4608}]",6.08,bootstrap unit: molecule
T3,wide,random,all,fg_alkyne,F1.sqrt,hgb,auprc,0.6756,0.6414,0.7103,0.1321,,,,5141,5141,1000,20846,inner_cv,"[{""fold"": ""random"", ""src"": ""inner_cv"", ""thr"": 0.4608}]",6.08,bootstrap unit: molecule
T3,wide,random,all,fg_alkyne,F1.sqrt,hgb,bal_acc,0.8313,0.8149,0.8455,0.5,,,,5141,5141,1000,20846,inner_cv,"[{""fold"": ""random"", ""src"": ""inner_cv"", ""thr"": 0.4608}]",6.08,bootstrap unit: molecule
T3,wide,random,all,fg_alkyne,F1.sqrt,knn,auroc,0.7481,0.7262,0.7695,0.5,,,,5141,5141,1000,20846,inner_cv,"[{""fold"": ""random"", ""k"": 10, ""src"": ""inner_cv"", ""thr"": 0.1264}]",33.09,bootstrap unit: molecule
T3,wide,random,all,fg_alkyne,F1.sqrt,knn,auprc,0.4203,0.3825,0.4582,0.1321,,,,5141,5141,1000,20846,inner_cv,"[{""fold"": ""random"", ""k"": 10, ""src"": ""inner_cv"", ""thr"": 0.1264}]",33.09,bootstrap unit: molecule
T3,wide,random,all,fg_alkyne,F1.sqrt,knn,bal_acc,0.6912,0.672,0.7099,0.5,,,,5141,5141,1000,20846,inner_cv,"[{""fold"": ""random"", ""k"": 10, ""src"": ""inner_cv"", ""thr"": 0.1264}]",33.09,bootstrap unit: molecule
T3,wide,random,all,fg_alkyne,F2.lt1700,majority,auroc,0.5,0.5,0.5,0.5,,,,5141,5141,1000,20846,fixed,"[{""fold"": ""random"", ""src"": ""fixed"", ""thr"": 0.5}]",1.48,bootstrap unit: molecule
T3,wide,random,all,fg_alkyne,F2.lt1700,majority,auprc,0.1321,0.1229,0.1412,0.1321,,,,5141,5141,1000,20846,fixed,"[{""fold"": ""random"", ""src"": ""fixed"", ""thr"": 0.5}]",1.48,bootstrap unit: molecule
T3,wide,random,all,fg_alkyne,F2.lt1700,majority,bal_acc,0.5,0.5,0.5,0.5,,,,5141,5141,1000,20846,fixed,"[{""fold"": ""random"", ""src"": ""fixed"", ""thr"": 0.5}]",1.48,bootstrap unit: molecule
T3,wide,random,all,fg_alkyne,F2.lt1700,lr,auroc,0.8924,0.8797,0.9039,0.5,,,,5141,5141,1000,20846,inner_cv,"[{""fold"": ""random"", ""C"": 0.01, ""src"": ""inner_cv"", ""thr"": 0.4039}]",87.23,bootstrap unit: molecule
T3,wide,random,all,fg_alkyne,F2.lt1700,lr,auprc,0.5945,0.5528,0.6351,0.1321,,,,5141,5141,1000,20846,inner_cv,"[{""fold"": ""random"", ""C"": 0.01, ""src"": ""inner_cv"", ""thr"": 0.4039}]",87.23,bootstrap unit: molecule
T3,wide,random,all,fg_alkyne,F2.lt1700,lr,bal_acc,0.8081,0.7928,0.8229,0.5,,,,5141,5141,1000,20846,inner_cv,"[{""fold"": ""random"", ""C"": 0.01, ""src"": ""inner_cv"", ""thr"": 0.4039}]",87.23,bootstrap unit: molecule
T3,wide,random,all,fg_alkyne,F2.lt1700,hgb,auroc,0.9547,0.9477,0.9612,0.5,,,,5141,5141,1000,20846,inner_cv,"[{""fold"": ""random"", ""src"": ""inner_cv"", ""thr"": 0.3512}]",45.45,bootstrap unit: molecule
T3,wide,random,all,fg_alkyne,F2.lt1700,hgb,auprc,0.8096,0.7827,0.8359,0.1321,,,,5141,5141,1000,20846,inner_cv,"[{""fold"": ""random"", ""src"": ""inner_cv"", ""thr"": 0.3512}]",45.45,bootstrap unit: molecule
T3,wide,random,all,fg_alkyne,F2.lt1700,hgb,bal_acc,0.8787,0.8666,0.8902,0.5,,,,5141,5141,1000,20846,inner_cv,"[{""fold"": ""random"", ""src"": ""inner_cv"", ""thr"": 0.3512}]",45.45,bootstrap unit: molecule
T3,wide,random,all,fg_alkyne,F2.lt1700,knn,auroc,0.8225,0.8052,0.8403,0.5,,,,5141,5141,1000,20846,inner_cv,"[{""fold"": ""random"", ""k"": 10, ""src"": ""inner_cv"", ""thr"": 0.1087}]",67.48,bootstrap unit: molecule
T3,wide,random,all,fg_alkyne,F2.lt1700,knn,auprc,0.524,0.4866,0.5589,0.1321,,,,5141,5141,1000,20846,inner_cv,"[{""fold"": ""random"", ""k"": 10, ""src"": ""inner_cv"", ""thr"": 0.1087}]",67.48,bootstrap unit: molecule
T3,wide,random,all,fg_alkyne,F2.lt1700,knn,bal_acc,0.7597,0.7431,0.7761,0.5,,,,5141,5141,1000,20846,inner_cv,"[{""fold"": ""random"", ""k"": 10, ""src"": ""inner_cv"", ""thr"": 0.1087}]",67.48,bootstrap unit: molecule
T3,wide,random,all,fg_alkyne,F3.lt1700,majority,auroc,0.5,0.5,0.5,0.5,,,,5141,5141,1000,20846,fixed,"[{""fold"": ""random"", ""src"": ""fixed"", ""thr"": 0.5}]",1.74,bootstrap unit: molecule
T3,wide,random,all,fg_alkyne,F3.lt1700,majority,auprc,0.1321,0.1229,0.1412,0.1321,,,,5141,5141,1000,20846,fixed,"[{""fold"": ""random"", ""src"": ""fixed"", ""thr"": 0.5}]",1.74,bootstrap unit: molecule
T3,wide,random,all,fg_alkyne,F3.lt1700,majority,bal_acc,0.5,0.5,0.5,0.5,,,,5141,5141,1000,20846,fixed,"[{""fold"": ""random"", ""src"": ""fixed"", ""thr"": 0.5}]",1.74,bootstrap unit: molecule
T3,wide,random,all,fg_alkyne,F3.lt1700,lr,auroc,0.8966,0.8849,0.9084,0.5,,,,5141,5141,1000,20846,inner_cv,"[{""fold"": ""random"", ""C"": 0.01, ""src"": ""inner_cv"", ""thr"": 0.4022}]",71.79,bootstrap unit: molecule
T3,wide,random,all,fg_alkyne,F3.lt1700,lr,auprc,0.5959,0.5543,0.6389,0.1321,,,,5141,5141,1000,20846,inner_cv,"[{""fold"": ""random"", ""C"": 0.01, ""src"": ""inner_cv"", ""thr"": 0.4022}]",71.79,bootstrap unit: molecule
T3,wide,random,all,fg_alkyne,F3.lt1700,lr,bal_acc,0.8175,0.8032,0.831,0.5,,,,5141,5141,1000,20846,inner_cv,"[{""fold"": ""random"", ""C"": 0.01, ""src"": ""inner_cv"", ""thr"": 0.4022}]",71.79,bootstrap unit: molecule
T3,wide,random,all,fg_alkyne,F3.lt1700,hgb,auroc,0.9637,0.9574,0.9692,0.5,,,,5141,5141,1000,20846,inner_cv,"[{""fold"": ""random"", ""src"": ""inner_cv"", ""thr"": 0.3604}]",46.14,bootstrap unit: molecule
T3,wide,random,all,fg_alkyne,F3.lt1700,hgb,auprc,0.837,0.8121,0.8615,0.1321,,,,5141,5141,1000,20846,inner_cv,"[{""fold"": ""random"", ""src"": ""inner_cv"", ""thr"": 0.3604}]",46.14,bootstrap unit: molecule
T3,wide,random,all,fg_alkyne,F3.lt1700,hgb,bal_acc,0.8936,0.8815,0.904,0.5,,,,5141,5141,1000,20846,inner_cv,"[{""fold"": ""random"", ""src"": ""inner_cv"", ""thr"": 0.3604}]",46.14,bootstrap unit: molecule
T3,wide,random,all,fg_alkyne,F3.lt1700,knn,auroc,0.8342,0.8175,0.8505,0.5,,,,5141,5141,1000,20846,inner_cv,"[{""fold"": ""random"", ""k"": 10, ""src"": ""inner_cv"", ""thr"": 0.1086}]",67.47,bootstrap unit: molecule
T3,wide,random,all,fg_alkyne,F3.lt1700,knn,auprc,0.5333,0.4953,0.5693,0.1321,,,,5141,5141,1000,20846,inner_cv,"[{""fold"": ""random"", ""k"": 10, ""src"": ""inner_cv"", ""thr"": 0.1086}]",67.47,bootstrap unit: molecule
T3,wide,random,all,fg_alkyne,F3.lt1700,knn,bal_acc,0.7705,0.7527,0.7873,0.5,,,,5141,5141,1000,20846,inner_cv,"[{""fold"": ""random"", ""k"": 10, ""src"": ""inner_cv"", ""thr"": 0.1086}]",67.47,bootstrap unit: molecule
T3,wide,random,all,fg_alkene,F1,majority,auroc,0.5,0.5,0.5,0.5,,,,5141,5141,1000,20846,fixed,"[{""fold"": ""random"", ""src"": ""fixed"", ""thr"": 0.5}]",2.39,bootstrap unit: molecule
T3,wide,random,all,fg_alkene,F1,majority,auprc,0.1177,0.1087,0.1264,0.1177,,,,5141,5141,1000,20846,fixed,"[{""fold"": ""random"", ""src"": ""fixed"", ""thr"": 0.5}]",2.39,bootstrap unit: molecule
T3,wide,random,all,fg_alkene,F1,majority,bal_acc,0.5,0.5,0.5,0.5,,,,5141,5141,1000,20846,fixed,"[{""fold"": ""random"", ""src"": ""fixed"", ""thr"": 0.5}]",2.39,bootstrap unit: molecule
T3,wide,random,all,fg_alkene,F1,lr,auroc,0.9226,0.9132,0.9311,0.5,0.0099,100,0.4984,5141,5141,1000,20846,inner_cv,"[{""fold"": ""random"", ""C"": 0.1, ""src"": ""inner_cv"", ""thr"": 0.4049}]",3.91,bootstrap unit: molecule
T3,wide,random,all,fg_alkene,F1,lr,auprc,0.4899,0.4536,0.5312,0.1177,,,,5141,5141,1000,20846,inner_cv,"[{""fold"": ""random"", ""C"": 0.1, ""src"": ""inner_cv"", ""thr"": 0.4049}]",3.91,bootstrap unit: molecule
T3,wide,random,all,fg_alkene,F1,lr,bal_acc,0.8739,0.8611,0.8856,0.5,,,,5141,5141,1000,20846,inner_cv,"[{""fold"": ""random"", ""C"": 0.1, ""src"": ""inner_cv"", ""thr"": 0.4049}]",3.91,bootstrap unit: molecule
T3,wide,random,all,fg_alkene,F1,hgb,auroc,0.9519,0.9435,0.9595,0.5,,,,5141,5141,1000,20846,inner_cv,"[{""fold"": ""random"", ""src"": ""inner_cv"", ""thr"": 0.3424}]",7.64,bootstrap unit: molecule
T3,wide,random,all,fg_alkene,F1,hgb,auprc,0.7508,0.7165,0.7852,0.1177,,,,5141,5141,1000,20846,inner_cv,"[{""fold"": ""random"", ""src"": ""inner_cv"", ""thr"": 0.3424}]",7.64,bootstrap unit: molecule
T3,wide,random,all,fg_alkene,F1,hgb,bal_acc,0.893,0.8815,0.9043,0.5,,,,5141,5141,1000,20846,inner_cv,"[{""fold"": ""random"", ""src"": ""inner_cv"", ""thr"": 0.3424}]",7.64,bootstrap unit: molecule
T3,wide,random,all,fg_alkene,F1,knn,auroc,0.9295,0.9184,0.94,0.5,,,,5141,5141,1000,20846,inner_cv,"[{""fold"": ""random"", ""k"": 10, ""src"": ""inner_cv"", ""thr"": 0.1278}]",41.92,bootstrap unit: molecule
T3,wide,random,all,fg_alkene,F1,knn,auprc,0.663,0.6203,0.704,0.1177,,,,5141,5141,1000,20846,inner_cv,"[{""fold"": ""random"", ""k"": 10, ""src"": ""inner_cv"", ""thr"": 0.1278}]",41.92,bootstrap unit: molecule
T3,wide,random,all,fg_alkene,F1,knn,bal_acc,0.8832,0.8709,0.8963,0.5,,,,5141,5141,1000,20846,inner_cv,"[{""fold"": ""random"", ""k"": 10, ""src"": ""inner_cv"", ""thr"": 0.1278}]",41.92,bootstrap unit: molecule
T3,wide,random,all,fg_alkene,F1pos,majority,auroc,0.5,0.5,0.5,0.5,,,,5141,5141,1000,20846,fixed,"[{""fold"": ""random"", ""src"": ""fixed"", ""thr"": 0.5}]",2.22,bootstrap unit: molecule
T3,wide,random,all,fg_alkene,F1pos,majority,auprc,0.1177,0.1087,0.1264,0.1177,,,,5141,5141,1000,20846,fixed,"[{""fold"": ""random"", ""src"": ""fixed"", ""thr"": 0.5}]",2.22,bootstrap unit: molecule
T3,wide,random,all,fg_alkene,F1pos,majority,bal_acc,0.5,0.5,0.5,0.5,,,,5141,5141,1000,20846,fixed,"[{""fold"": ""random"", ""src"": ""fixed"", ""thr"": 0.5}]",2.22,bootstrap unit: molecule
T3,wide,random,all,fg_alkene,F1pos,lr,auroc,0.8781,0.8668,0.8911,0.5,,,,5141,5141,1000,20846,inner_cv,"[{""fold"": ""random"", ""C"": 0.01, ""src"": ""inner_cv"", ""thr"": 0.4056}]",7.65,bootstrap unit: molecule
T3,wide,random,all,fg_alkene,F1pos,lr,auprc,0.3883,0.3585,0.4246,0.1177,,,,5141,5141,1000,20846,inner_cv,"[{""fold"": ""random"", ""C"": 0.01, ""src"": ""inner_cv"", ""thr"": 0.4056}]",7.65,bootstrap unit: molecule
T3,wide,random,all,fg_alkene,F1pos,lr,bal_acc,0.8321,0.8191,0.8463,0.5,,,,5141,5141,1000,20846,inner_cv,"[{""fold"": ""random"", ""C"": 0.01, ""src"": ""inner_cv"", ""thr"": 0.4056}]",7.65,bootstrap unit: molecule
T3,wide,random,all,fg_alkene,F1pos,hgb,auroc,0.915,0.9041,0.9261,0.5,,,,5141,5141,1000,20846,inner_cv,"[{""fold"": ""random"", ""src"": ""inner_cv"", ""thr"": 0.433}]",5.55,bootstrap unit: molecule
T3,wide,random,all,fg_alkene,F1pos,hgb,auprc,0.5618,0.519,0.6036,0.1177,,,,5141,5141,1000,20846,inner_cv,"[{""fold"": ""random"", ""src"": ""inner_cv"", ""thr"": 0.433}]",5.55,bootstrap unit: molecule
T3,wide,random,all,fg_alkene,F1pos,hgb,bal_acc,0.8559,0.8424,0.8689,0.5,,,,5141,5141,1000,20846,inner_cv,"[{""fold"": ""random"", ""src"": ""inner_cv"", ""thr"": 0.433}]",5.55,bootstrap unit: molecule
T3,wide,random,all,fg_alkene,F1pos,knn,auroc,0.66,0.6355,0.6827,0.5,,,,5141,5141,1000,20846,inner_cv,"[{""fold"": ""random"", ""k"": 10, ""src"": ""inner_cv"", ""thr"": 0.1037}]",38.92,bootstrap unit: molecule
T3,wide,random,all,fg_alkene,F1pos,knn,auprc,0.2429,0.2117,0.2774,0.1177,,,,5141,5141,1000,20846,inner_cv,"[{""fold"": ""random"", ""k"": 10, ""src"": ""inner_cv"", ""thr"": 0.1037}]",38.92,bootstrap unit: molecule
T3,wide,random,all,fg_alkene,F1pos,knn,bal_acc,0.6187,0.5983,0.6391,0.5,,,,5141,5141,1000,20846,inner_cv,"[{""fold"": ""random"", ""k"": 10, ""src"": ""inner_cv"", ""thr"": 0.1037}]",38.92,bootstrap unit: molecule
T3,wide,random,all,fg_alkene,F2,majority,auroc,0.5,0.5,0.5,0.5,,,,5141,5141,1000,20846,fixed,"[{""fold"": ""random"", ""src"": ""fixed"", ""thr"": 0.5}]",2.2,bootstrap unit: molecule
T3,wide,random,all,fg_alkene,F2,majority,auprc,0.1177,0.1087,0.1264,0.1177,,,,5141,5141,1000,20846,fixed,"[{""fold"": ""random"", ""src"": ""fixed"", ""thr"": 0.5}]",2.2,bootstrap unit: molecule
T3,wide,random,all,fg_alkene,F2,majority,bal_acc,0.5,0.5,0.5,0.5,,,,5141,5141,1000,20846,fixed,"[{""fold"": ""random"", ""src"": ""fixed"", ""thr"": 0.5}]",2.2,bootstrap unit: molecule
T3,wide,random,all,fg_alkene,F2,lr,auroc,0.921,0.9118,0.9294,0.5,,,,5141,5141,1000,20846,inner_cv,"[{""fold"": ""random"", ""C"": 0.01, ""src"": ""inner_cv"", ""thr"": 0.4129}]",103.22,bootstrap unit: molecule
T3,wide,random,all,fg_alkene,F2,lr,auprc,0.478,0.4415,0.5177,0.1177,,,,5141,5141,1000,20846,inner_cv,"[{""fold"": ""random"", ""C"": 0.01, ""src"": ""inner_cv"", ""thr"": 0.4129}]",103.22,bootstrap unit: molecule
T3,wide,random,all,fg_alkene,F2,lr,bal_acc,0.8646,0.8511,0.8776,0.5,,,,5141,5141,1000,20846,inner_cv,"[{""fold"": ""random"", ""C"": 0.01, ""src"": ""inner_cv"", ""thr"": 0.4129}]",103.22,bootstrap unit: molecule
T3,wide,random,all,fg_alkene,F2,hgb,auroc,0.9719,0.9663,0.9768,0.5,,,,5141,5141,1000,20846,inner_cv,"[{""fold"": ""random"", ""src"": ""inner_cv"", ""thr"": 0.3833}]",40.89,bootstrap unit: molecule
T3,wide,random,all,fg_alkene,F2,hgb,auprc,0.8505,0.8243,0.8743,0.1177,,,,5141,5141,1000,20846,inner_cv,"[{""fold"": ""random"", ""src"": ""inner_cv"", ""thr"": 0.3833}]",40.89,bootstrap unit: molecule
T3,wide,random,all,fg_alkene,F2,hgb,bal_acc,0.9065,0.8934,0.9186,0.5,,,,5141,5141,1000,20846,inner_cv,"[{""fold"": ""random"", ""src"": ""inner_cv"", ""thr"": 0.3833}]",40.89,bootstrap unit: molecule
T3,wide,random,all,fg_alkene,F2,knn,auroc,0.954,0.9445,0.9626,0.5,,,,5141,5141,1000,20846,inner_cv,"[{""fold"": ""random"", ""k"": 10, ""src"": ""inner_cv"", ""thr"": 0.1995}]",91.76,bootstrap unit: molecule
T3,wide,random,all,fg_alkene,F2,knn,auprc,0.7884,0.7546,0.8188,0.1177,,,,5141,5141,1000,20846,inner_cv,"[{""fold"": ""random"", ""k"": 10, ""src"": ""inner_cv"", ""thr"": 0.1995}]",91.76,bootstrap unit: molecule
T3,wide,random,all,fg_alkene,F2,knn,bal_acc,0.8995,0.8863,0.9121,0.5,,,,5141,5141,1000,20846,inner_cv,"[{""fold"": ""random"", ""k"": 10, ""src"": ""inner_cv"", ""thr"": 0.1995}]",91.76,bootstrap unit: molecule
T3,wide,random,all,fg_alkene,F3,majority,auroc,0.5,0.5,0.5,0.5,,,,5141,5141,1000,20846,fixed,"[{""fold"": ""random"", ""src"": ""fixed"", ""thr"": 0.5}]",2.21,bootstrap unit: molecule
T3,wide,random,all,fg_alkene,F3,majority,auprc,0.1177,0.1087,0.1264,0.1177,,,,5141,5141,1000,20846,fixed,"[{""fold"": ""random"", ""src"": ""fixed"", ""thr"": 0.5}]",2.21,bootstrap unit: molecule
T3,wide,random,all,fg_alkene,F3,majority,bal_acc,0.5,0.5,0.5,0.5,,,,5141,5141,1000,20846,fixed,"[{""fold"": ""random"", ""src"": ""fixed"", ""thr"": 0.5}]",2.21,bootstrap unit: molecule
T3,wide,random,all,fg_alkene,F3,lr,auroc,0.9234,0.9144,0.9323,0.5,,,,5141,5141,1000,20846,inner_cv,"[{""fold"": ""random"", ""C"": 0.01, ""src"": ""inner_cv"", ""thr"": 0.3667}]",90.06,bootstrap unit: molecule
T3,wide,random,all,fg_alkene,F3,lr,auprc,0.4966,0.4627,0.5382,0.1177,,,,5141,5141,1000,20846,inner_cv,"[{""fold"": ""random"", ""C"": 0.01, ""src"": ""inner_cv"", ""thr"": 0.3667}]",90.06,bootstrap unit: molecule
T3,wide,random,all,fg_alkene,F3,lr,bal_acc,0.8711,0.859,0.8842,0.5,,,,5141,5141,1000,20846,inner_cv,"[{""fold"": ""random"", ""C"": 0.01, ""src"": ""inner_cv"", ""thr"": 0.3667}]",90.06,bootstrap unit: molecule
T3,wide,random,all,fg_alkene,F3,hgb,auroc,0.9771,0.9721,0.9816,0.5,0.0099,100,0.5022,5141,5141,1000,20846,inner_cv,"[{""fold"": ""random"", ""src"": ""inner_cv"", ""thr"": 0.4541}]",45.84,bootstrap unit: molecule
T3,wide,random,all,fg_alkene,F3,hgb,auprc,0.8727,0.8468,0.8957,0.1177,,,,5141,5141,1000,20846,inner_cv,"[{""fold"": ""random"", ""src"": ""inner_cv"", ""thr"": 0.4541}]",45.84,bootstrap unit: molecule
T3,wide,random,all,fg_alkene,F3,hgb,bal_acc,0.9223,0.9095,0.9336,0.5,,,,5141,5141,1000,20846,inner_cv,"[{""fold"": ""random"", ""src"": ""inner_cv"", ""thr"": 0.4541}]",45.84,bootstrap unit: molecule
T3,wide,random,all,fg_alkene,F3,knn,auroc,0.9556,0.9461,0.9639,0.5,,,,5141,5141,1000,20846,inner_cv,"[{""fold"": ""random"", ""k"": 10, ""src"": ""inner_cv"", ""thr"": 0.2052}]",86.42,bootstrap unit: molecule
T3,wide,random,all,fg_alkene,F3,knn,auprc,0.8016,0.7683,0.8333,0.1177,,,,5141,5141,1000,20846,inner_cv,"[{""fold"": ""random"", ""k"": 10, ""src"": ""inner_cv"", ""thr"": 0.2052}]",86.42,bootstrap unit: molecule
T3,wide,random,all,fg_alkene,F3,knn,bal_acc,0.902,0.8894,0.9142,0.5,,,,5141,5141,1000,20846,inner_cv,"[{""fold"": ""random"", ""k"": 10, ""src"": ""inner_cv"", ""thr"": 0.2052}]",86.42,bootstrap unit: molecule
T3,wide,random,all,fg_alkene,F1.sqrt,majority,auroc,0.5,0.5,0.5,0.5,,,,5141,5141,1000,20846,fixed,"[{""fold"": ""random"", ""src"": ""fixed"", ""thr"": 0.5}]",1.6,bootstrap unit: molecule
T3,wide,random,all,fg_alkene,F1.sqrt,majority,auprc,0.1177,0.1087,0.1264,0.1177,,,,5141,5141,1000,20846,fixed,"[{""fold"": ""random"", ""src"": ""fixed"", ""thr"": 0.5}]",1.6,bootstrap unit: molecule
T3,wide,random,all,fg_alkene,F1.sqrt,majority,bal_acc,0.5,0.5,0.5,0.5,,,,5141,5141,1000,20846,fixed,"[{""fold"": ""random"", ""src"": ""fixed"", ""thr"": 0.5}]",1.6,bootstrap unit: molecule
T3,wide,random,all,fg_alkene,F1.sqrt,lr,auroc,0.9074,0.8968,0.9174,0.5,,,,5141,5141,1000,20846,inner_cv,"[{""fold"": ""random"", ""C"": 0.1, ""src"": ""inner_cv"", ""thr"": 0.4021}]",6.28,bootstrap unit: molecule
T3,wide,random,all,fg_alkene,F1.sqrt,lr,auprc,0.4446,0.412,0.4826,0.1177,,,,5141,5141,1000,20846,inner_cv,"[{""fold"": ""random"", ""C"": 0.1, ""src"": ""inner_cv"", ""thr"": 0.4021}]",6.28,bootstrap unit: molecule
T3,wide,random,all,fg_alkene,F1.sqrt,lr,bal_acc,0.8668,0.8535,0.8794,0.5,,,,5141,5141,1000,20846,inner_cv,"[{""fold"": ""random"", ""C"": 0.1, ""src"": ""inner_cv"", ""thr"": 0.4021}]",6.28,bootstrap unit: molecule
T3,wide,random,all,fg_alkene,F1.sqrt,hgb,auroc,0.9519,0.9434,0.9595,0.5,,,,5141,5141,1000,20846,inner_cv,"[{""fold"": ""random"", ""src"": ""inner_cv"", ""thr"": 0.3424}]",6.18,bootstrap unit: molecule
T3,wide,random,all,fg_alkene,F1.sqrt,hgb,auprc,0.7508,0.7165,0.7852,0.1177,,,,5141,5141,1000,20846,inner_cv,"[{""fold"": ""random"", ""src"": ""inner_cv"", ""thr"": 0.3424}]",6.18,bootstrap unit: molecule
T3,wide,random,all,fg_alkene,F1.sqrt,hgb,bal_acc,0.893,0.8815,0.9043,0.5,,,,5141,5141,1000,20846,inner_cv,"[{""fold"": ""random"", ""src"": ""inner_cv"", ""thr"": 0.3424}]",6.18,bootstrap unit: molecule
T3,wide,random,all,fg_alkene,F1.sqrt,knn,auroc,0.9174,0.9031,0.9303,0.5,,,,5141,5141,1000,20846,inner_cv,"[{""fold"": ""random"", ""k"": 10, ""src"": ""inner_cv"", ""thr"": 0.1977}]",42.39,bootstrap unit: molecule
T3,wide,random,all,fg_alkene,F1.sqrt,knn,auprc,0.6547,0.6117,0.6954,0.1177,,,,5141,5141,1000,20846,inner_cv,"[{""fold"": ""random"", ""k"": 10, ""src"": ""inner_cv"", ""thr"": 0.1977}]",42.39,bootstrap unit: molecule
T3,wide,random,all,fg_alkene,F1.sqrt,knn,bal_acc,0.8713,0.857,0.8866,0.5,,,,5141,5141,1000,20846,inner_cv,"[{""fold"": ""random"", ""k"": 10, ""src"": ""inner_cv"", ""thr"": 0.1977}]",42.39,bootstrap unit: molecule
T3,wide,random,all,fg_alkene,F2.lt1700,majority,auroc,0.5,0.5,0.5,0.5,,,,5141,5141,1000,20846,fixed,"[{""fold"": ""random"", ""src"": ""fixed"", ""thr"": 0.5}]",1.79,bootstrap unit: molecule
T3,wide,random,all,fg_alkene,F2.lt1700,majority,auprc,0.1177,0.1087,0.1264,0.1177,,,,5141,5141,1000,20846,fixed,"[{""fold"": ""random"", ""src"": ""fixed"", ""thr"": 0.5}]",1.79,bootstrap unit: molecule
T3,wide,random,all,fg_alkene,F2.lt1700,majority,bal_acc,0.5,0.5,0.5,0.5,,,,5141,5141,1000,20846,fixed,"[{""fold"": ""random"", ""src"": ""fixed"", ""thr"": 0.5}]",1.79,bootstrap unit: molecule
T3,wide,random,all,fg_alkene,F2.lt1700,lr,auroc,0.9196,0.9106,0.9283,0.5,,,,5141,5141,1000,20846,inner_cv,"[{""fold"": ""random"", ""C"": 0.01, ""src"": ""inner_cv"", ""thr"": 0.4109}]",72.56,bootstrap unit: molecule
T3,wide,random,all,fg_alkene,F2.lt1700,lr,auprc,0.4749,0.4398,0.5158,0.1177,,,,5141,5141,1000,20846,inner_cv,"[{""fold"": ""random"", ""C"": 0.01, ""src"": ""inner_cv"", ""thr"": 0.4109}]",72.56,bootstrap unit: molecule
T3,wide,random,all,fg_alkene,F2.lt1700,lr,bal_acc,0.8631,0.8493,0.8761,0.5,,,,5141,5141,1000,20846,inner_cv,"[{""fold"": ""random"", ""C"": 0.01, ""src"": ""inner_cv"", ""thr"": 0.4109}]",72.56,bootstrap unit: molecule
T3,wide,random,all,fg_alkene,F2.lt1700,hgb,auroc,0.9713,0.9659,0.9762,0.5,,,,5141,5141,1000,20846,inner_cv,"[{""fold"": ""random"", ""src"": ""inner_cv"", ""thr"": 0.4866}]",38.62,bootstrap unit: molecule
T3,wide,random,all,fg_alkene,F2.lt1700,hgb,auprc,0.8476,0.8199,0.8709,0.1177,,,,5141,5141,1000,20846,inner_cv,"[{""fold"": ""random"", ""src"": ""inner_cv"", ""thr"": 0.4866}]",38.62,bootstrap unit: molecule
T3,wide,random,all,fg_alkene,F2.lt1700,hgb,bal_acc,0.9026,0.8886,0.9157,0.5,,,,5141,5141,1000,20846,inner_cv,"[{""fold"": ""random"", ""src"": ""inner_cv"", ""thr"": 0.4866}]",38.62,bootstrap unit: molecule
T3,wide,random,all,fg_alkene,F2.lt1700,knn,auroc,0.9556,0.9466,0.9643,0.5,,,,5141,5141,1000,20846,inner_cv,"[{""fold"": ""random"", ""k"": 10, ""src"": ""inner_cv"", ""thr"": 0.2054}]",72.51,bootstrap unit: molecule
T3,wide,random,all,fg_alkene,F2.lt1700,knn,auprc,0.7887,0.7547,0.821,0.1177,,,,5141,5141,1000,20846,inner_cv,"[{""fold"": ""random"", ""k"": 10, ""src"": ""inner_cv"", ""thr"": 0.2054}]",72.51,bootstrap unit: molecule
T3,wide,random,all,fg_alkene,F2.lt1700,knn,bal_acc,0.9066,0.8945,0.9185,0.5,,,,5141,5141,1000,20846,inner_cv,"[{""fold"": ""random"", ""k"": 10, ""src"": ""inner_cv"", ""thr"": 0.2054}]",72.51,bootstrap unit: molecule
T3,wide,random,all,fg_alkene,F3.lt1700,majority,auroc,0.5,0.5,0.5,0.5,,,,5141,5141,1000,20846,fixed,"[{""fold"": ""random"", ""src"": ""fixed"", ""thr"": 0.5}]",3.12,bootstrap unit: molecule
T3,wide,random,all,fg_alkene,F3.lt1700,majority,auprc,0.1177,0.1087,0.1264,0.1177,,,,5141,5141,1000,20846,fixed,"[{""fold"": ""random"", ""src"": ""fixed"", ""thr"": 0.5}]",3.12,bootstrap unit: molecule
T3,wide,random,all,fg_alkene,F3.lt1700,majority,bal_acc,0.5,0.5,0.5,0.5,,,,5141,5141,1000,20846,fixed,"[{""fold"": ""random"", ""src"": ""fixed"", ""thr"": 0.5}]",3.12,bootstrap unit: molecule
T3,wide,random,all,fg_alkene,F3.lt1700,lr,auroc,0.922,0.913,0.931,0.5,,,,5141,5141,1000,20846,inner_cv,"[{""fold"": ""random"", ""C"": 0.01, ""src"": ""inner_cv"", ""thr"": 0.357}]",77.37,bootstrap unit: molecule
T3,wide,random,all,fg_alkene,F3.lt1700,lr,auprc,0.493,0.4582,0.5353,0.1177,,,,5141,5141,1000,20846,inner_cv,"[{""fold"": ""random"", ""C"": 0.01, ""src"": ""inner_cv"", ""thr"": 0.357}]",77.37,bootstrap unit: molecule
T3,wide,random,all,fg_alkene,F3.lt1700,lr,bal_acc,0.8701,0.8578,0.8826,0.5,,,,5141,5141,1000,20846,inner_cv,"[{""fold"": ""random"", ""C"": 0.01, ""src"": ""inner_cv"", ""thr"": 0.357}]",77.37,bootstrap unit: molecule
T3,wide,random,all,fg_alkene,F3.lt1700,hgb,auroc,0.9758,0.9706,0.9805,0.5,,,,5141,5141,1000,20846,inner_cv,"[{""fold"": ""random"", ""src"": ""inner_cv"", ""thr"": 0.3435}]",46.2,bootstrap unit: molecule
T3,wide,random,all,fg_alkene,F3.lt1700,hgb,auprc,0.8685,0.8434,0.8917,0.1177,,,,5141,5141,1000,20846,inner_cv,"[{""fold"": ""random"", ""src"": ""inner_cv"", ""thr"": 0.3435}]",46.2,bootstrap unit: molecule
T3,wide,random,all,fg_alkene,F3.lt1700,hgb,bal_acc,0.9152,0.9036,0.9263,0.5,,,,5141,5141,1000,20846,inner_cv,"[{""fold"": ""random"", ""src"": ""inner_cv"", ""thr"": 0.3435}]",46.2,bootstrap unit: molecule
T3,wide,random,all,fg_alkene,F3.lt1700,knn,auroc,0.9575,0.9488,0.9658,0.5,,,,5141,5141,1000,20846,inner_cv,"[{""fold"": ""random"", ""k"": 10, ""src"": ""inner_cv"", ""thr"": 0.2016}]",68.35,bootstrap unit: molecule
T3,wide,random,all,fg_alkene,F3.lt1700,knn,auprc,0.8083,0.7773,0.8396,0.1177,,,,5141,5141,1000,20846,inner_cv,"[{""fold"": ""random"", ""k"": 10, ""src"": ""inner_cv"", ""thr"": 0.2016}]",68.35,bootstrap unit: molecule
T3,wide,random,all,fg_alkene,F3.lt1700,knn,bal_acc,0.9057,0.8939,0.9165,0.5,,,,5141,5141,1000,20846,inner_cv,"[{""fold"": ""random"", ""k"": 10, ""src"": ""inner_cv"", ""thr"": 0.2016}]",68.35,bootstrap unit: molecule
T3,wide,random,all,fg_fluoro,F1,majority,auroc,0.5,0.5,0.5,0.5,,,,5141,5141,1000,20846,fixed,"[{""fold"": ""random"", ""src"": ""fixed"", ""thr"": 0.5}]",2.08,bootstrap unit: molecule
T3,wide,random,all,fg_fluoro,F1,majority,auprc,0.0177,0.014,0.0212,0.0177,,,,5141,5141,1000,20846,fixed,"[{""fold"": ""random"", ""src"": ""fixed"", ""thr"": 0.5}]",2.08,bootstrap unit: molecule
T3,wide,random,all,fg_fluoro,F1,majority,bal_acc,0.5,0.5,0.5,0.5,,,,5141,5141,1000,20846,fixed,"[{""fold"": ""random"", ""src"": ""fixed"", ""thr"": 0.5}]",2.08,bootstrap unit: molecule
T3,wide,random,all,fg_fluoro,F1,lr,auroc,0.8722,0.8326,0.9098,0.5,0.0099,100,0.4961,5141,5141,1000,20846,inner_cv,"[{""fold"": ""random"", ""C"": 0.01, ""src"": ""inner_cv"", ""thr"": 0.4545}]",5.38,bootstrap unit: molecule
T3,wide,random,all,fg_fluoro,F1,lr,auprc,0.2009,0.1333,0.2875,0.0177,,,,5141,5141,1000,20846,inner_cv,"[{""fold"": ""random"", ""C"": 0.01, ""src"": ""inner_cv"", ""thr"": 0.4545}]",5.38,bootstrap unit: molecule
T3,wide,random,all,fg_fluoro,F1,lr,bal_acc,0.8017,0.7612,0.841,0.5,,,,5141,5141,1000,20846,inner_cv,"[{""fold"": ""random"", ""C"": 0.01, ""src"": ""inner_cv"", ""thr"": 0.4545}]",5.38,bootstrap unit: molecule
T3,wide,random,all,fg_fluoro,F1,hgb,auroc,0.8964,0.8579,0.93,0.5,,,,5141,5141,1000,20846,inner_cv,"[{""fold"": ""random"", ""src"": ""inner_cv"", ""thr"": 0.1232}]",7.06,bootstrap unit: molecule
T3,wide,random,all,fg_fluoro,F1,hgb,auprc,0.1979,0.1344,0.2857,0.0177,,,,5141,5141,1000,20846,inner_cv,"[{""fold"": ""random"", ""src"": ""inner_cv"", ""thr"": 0.1232}]",7.06,bootstrap unit: molecule
T3,wide,random,all,fg_fluoro,F1,hgb,bal_acc,0.833,0.7986,0.8632,0.5,,,,5141,5141,1000,20846,inner_cv,"[{""fold"": ""random"", ""src"": ""inner_cv"", ""thr"": 0.1232}]",7.06,bootstrap unit: molecule
T3,wide,random,all,fg_fluoro,F1,knn,auroc,0.651,0.5998,0.7039,0.5,,,,5141,5141,1000,20846,inner_cv,"[{""fold"": ""random"", ""k"": 10, ""src"": ""inner_cv"", ""thr"": 0.0691}]",33.14,bootstrap unit: molecule
T3,wide,random,all,fg_fluoro,F1,knn,auprc,0.0863,0.0424,0.1542,0.0177,,,,5141,5141,1000,20846,inner_cv,"[{""fold"": ""random"", ""k"": 10, ""src"": ""inner_cv"", ""thr"": 0.0691}]",33.14,bootstrap unit: molecule
T3,wide,random,all,fg_fluoro,F1,knn,bal_acc,0.6467,0.5969,0.6976,0.5,,,,5141,5141,1000,20846,inner_cv,"[{""fold"": ""random"", ""k"": 10, ""src"": ""inner_cv"", ""thr"": 0.0691}]",33.14,bootstrap unit: molecule
T3,wide,random,all,fg_fluoro,F1pos,majority,auroc,0.5,0.5,0.5,0.5,,,,5141,5141,1000,20846,fixed,"[{""fold"": ""random"", ""src"": ""fixed"", ""thr"": 0.5}]",2.64,bootstrap unit: molecule
T3,wide,random,all,fg_fluoro,F1pos,majority,auprc,0.0177,0.014,0.0212,0.0177,,,,5141,5141,1000,20846,fixed,"[{""fold"": ""random"", ""src"": ""fixed"", ""thr"": 0.5}]",2.64,bootstrap unit: molecule
T3,wide,random,all,fg_fluoro,F1pos,majority,bal_acc,0.5,0.5,0.5,0.5,,,,5141,5141,1000,20846,fixed,"[{""fold"": ""random"", ""src"": ""fixed"", ""thr"": 0.5}]",2.64,bootstrap unit: molecule
T3,wide,random,all,fg_fluoro,F1pos,lr,auroc,0.9332,0.9101,0.9513,0.5,,,,5141,5141,1000,20846,inner_cv,"[{""fold"": ""random"", ""C"": 0.01, ""src"": ""inner_cv"", ""thr"": 0.3768}]",5.54,bootstrap unit: molecule
T3,wide,random,all,fg_fluoro,F1pos,lr,auprc,0.1906,0.1388,0.2647,0.0177,,,,5141,5141,1000,20846,inner_cv,"[{""fold"": ""random"", ""C"": 0.01, ""src"": ""inner_cv"", ""thr"": 0.3768}]",5.54,bootstrap unit: molecule
T3,wide,random,all,fg_fluoro,F1pos,lr,bal_acc,0.8649,0.8329,0.8931,0.5,,,,5141,5141,1000,20846,inner_cv,"[{""fold"": ""random"", ""C"": 0.01, ""src"": ""inner_cv"", ""thr"": 0.3768}]",5.54,bootstrap unit: molecule
T3,wide,random,all,fg_fluoro,F1pos,hgb,auroc,0.9186,0.895,0.9398,0.5,,,,5141,5141,1000,20846,inner_cv,"[{""fold"": ""random"", ""src"": ""inner_cv"", ""thr"": 0.143}]",6.08,bootstrap unit: molecule
T3,wide,random,all,fg_fluoro,F1pos,hgb,auprc,0.1536,0.1117,0.2249,0.0177,,,,5141,5141,1000,20846,inner_cv,"[{""fold"": ""random"", ""src"": ""inner_cv"", ""thr"": 0.143}]",6.08,bootstrap unit: molecule
T3,wide,random,all,fg_fluoro,F1pos,hgb,bal_acc,0.8315,0.802,0.857,0.5,,,,5141,5141,1000,20846,inner_cv,"[{""fold"": ""random"", ""src"": ""inner_cv"", ""thr"": 0.143}]",6.08,bootstrap unit: molecule
T3,wide,random,all,fg_fluoro,F1pos,knn,auroc,0.6834,0.6304,0.734,0.5,,,,5141,5141,1000,20846,inner_cv,"[{""fold"": ""random"", ""k"": 10, ""src"": ""inner_cv"", ""thr"": 0.0925}]",35.49,bootstrap unit: molecule
T3,wide,random,all,fg_fluoro,F1pos,knn,auprc,0.1022,0.0551,0.1781,0.0177,,,,5141,5141,1000,20846,inner_cv,"[{""fold"": ""random"", ""k"": 10, ""src"": ""inner_cv"", ""thr"": 0.0925}]",35.49,bootstrap unit: molecule
T3,wide,random,all,fg_fluoro,F1pos,knn,bal_acc,0.68,0.6275,0.7306,0.5,,,,5141,5141,1000,20846,inner_cv,"[{""fold"": ""random"", ""k"": 10, ""src"": ""inner_cv"", ""thr"": 0.0925}]",35.49,bootstrap unit: molecule
T3,wide,random,all,fg_fluoro,F2,majority,auroc,0.5,0.5,0.5,0.5,,,,5141,5141,1000,20846,fixed,"[{""fold"": ""random"", ""src"": ""fixed"", ""thr"": 0.5}]",2.09,bootstrap unit: molecule
T3,wide,random,all,fg_fluoro,F2,majority,auprc,0.0177,0.014,0.0212,0.0177,,,,5141,5141,1000,20846,fixed,"[{""fold"": ""random"", ""src"": ""fixed"", ""thr"": 0.5}]",2.09,bootstrap unit: molecule
T3,wide,random,all,fg_fluoro,F2,majority,bal_acc,0.5,0.5,0.5,0.5,,,,5141,5141,1000,20846,fixed,"[{""fold"": ""random"", ""src"": ""fixed"", ""thr"": 0.5}]",2.09,bootstrap unit: molecule
T3,wide,random,all,fg_fluoro,F2,lr,auroc,0.8654,0.8196,0.9053,0.5,,,,5141,5141,1000,20846,inner_cv,"[{""fold"": ""random"", ""C"": 0.01, ""src"": ""inner_cv"", ""thr"": 0.2784}]",83.44,bootstrap unit: molecule
T3,wide,random,all,fg_fluoro,F2,lr,auprc,0.1988,0.1373,0.2915,0.0177,,,,5141,5141,1000,20846,inner_cv,"[{""fold"": ""random"", ""C"": 0.01, ""src"": ""inner_cv"", ""thr"": 0.2784}]",83.44,bootstrap unit: molecule
T3,wide,random,all,fg_fluoro,F2,lr,bal_acc,0.7867,0.7451,0.8257,0.5,,,,5141,5141,1000,20846,inner_cv,"[{""fold"": ""random"", ""C"": 0.01, ""src"": ""inner_cv"", ""thr"": 0.2784}]",83.44,bootstrap unit: molecule
T3,wide,random,all,fg_fluoro,F2,hgb,auroc,0.9509,0.9275,0.9697,0.5,,,,5141,5141,1000,20846,inner_cv,"[{""fold"": ""random"", ""src"": ""inner_cv"", ""thr"": 0.0718}]",58.38,bootstrap unit: molecule
T3,wide,random,all,fg_fluoro,F2,hgb,auprc,0.4069,0.3086,0.5117,0.0177,,,,5141,5141,1000,20846,inner_cv,"[{""fold"": ""random"", ""src"": ""inner_cv"", ""thr"": 0.0718}]",58.38,bootstrap unit: molecule
T3,wide,random,all,fg_fluoro,F2,hgb,bal_acc,0.8769,0.8399,0.9069,0.5,,,,5141,5141,1000,20846,inner_cv,"[{""fold"": ""random"", ""src"": ""inner_cv"", ""thr"": 0.0718}]",58.38,bootstrap unit: molecule
T3,wide,random,all,fg_fluoro,F2,knn,auroc,0.6982,0.6463,0.7516,0.5,,,,5141,5141,1000,20846,inner_cv,"[{""fold"": ""random"", ""k"": 10, ""src"": ""inner_cv"", ""thr"": 0.0746}]",91.25,bootstrap unit: molecule
T3,wide,random,all,fg_fluoro,F2,knn,auprc,0.1564,0.0941,0.2452,0.0177,,,,5141,5141,1000,20846,inner_cv,"[{""fold"": ""random"", ""k"": 10, ""src"": ""inner_cv"", ""thr"": 0.0746}]",91.25,bootstrap unit: molecule
T3,wide,random,all,fg_fluoro,F2,knn,bal_acc,0.6878,0.6377,0.7403,0.5,,,,5141,5141,1000,20846,inner_cv,"[{""fold"": ""random"", ""k"": 10, ""src"": ""inner_cv"", ""thr"": 0.0746}]",91.25,bootstrap unit: molecule
T3,wide,random,all,fg_fluoro,F3,majority,auroc,0.5,0.5,0.5,0.5,,,,5141,5141,1000,20846,fixed,"[{""fold"": ""random"", ""src"": ""fixed"", ""thr"": 0.5}]",1.4,bootstrap unit: molecule
T3,wide,random,all,fg_fluoro,F3,majority,auprc,0.0177,0.014,0.0212,0.0177,,,,5141,5141,1000,20846,fixed,"[{""fold"": ""random"", ""src"": ""fixed"", ""thr"": 0.5}]",1.4,bootstrap unit: molecule
T3,wide,random,all,fg_fluoro,F3,majority,bal_acc,0.5,0.5,0.5,0.5,,,,5141,5141,1000,20846,fixed,"[{""fold"": ""random"", ""src"": ""fixed"", ""thr"": 0.5}]",1.4,bootstrap unit: molecule
T3,wide,random,all,fg_fluoro,F3,lr,auroc,0.8651,0.8196,0.9062,0.5,,,,5141,5141,1000,20846,inner_cv,"[{""fold"": ""random"", ""C"": 0.01, ""src"": ""inner_cv"", ""thr"": 0.1462}]",82.29,bootstrap unit: molecule
T3,wide,random,all,fg_fluoro,F3,lr,auprc,0.1931,0.1387,0.2812,0.0177,,,,5141,5141,1000,20846,inner_cv,"[{""fold"": ""random"", ""C"": 0.01, ""src"": ""inner_cv"", ""thr"": 0.1462}]",82.29,bootstrap unit: molecule
T3,wide,random,all,fg_fluoro,F3,lr,bal_acc,0.7646,0.7267,0.8025,0.5,,,,5141,5141,1000,20846,inner_cv,"[{""fold"": ""random"", ""C"": 0.01, ""src"": ""inner_cv"", ""thr"": 0.1462}]",82.29,bootstrap unit: molecule
T3,wide,random,all,fg_fluoro,F3,hgb,auroc,0.9614,0.9377,0.9786,0.5,,,,5141,5141,1000,20846,inner_cv,"[{""fold"": ""random"", ""src"": ""inner_cv"", ""thr"": 0.0343}]",44.27,bootstrap unit: molecule
T3,wide,random,all,fg_fluoro,F3,hgb,auprc,0.5053,0.4091,0.6052,0.0177,,,,5141,5141,1000,20846,inner_cv,"[{""fold"": ""random"", ""src"": ""inner_cv"", ""thr"": 0.0343}]",44.27,bootstrap unit: molecule
T3,wide,random,all,fg_fluoro,F3,hgb,bal_acc,0.9042,0.8804,0.9234,0.5,,,,5141,5141,1000,20846,inner_cv,"[{""fold"": ""random"", ""src"": ""inner_cv"", ""thr"": 0.0343}]",44.27,bootstrap unit: molecule
T3,wide,random,all,fg_fluoro,F3,knn,auroc,0.6964,0.6436,0.749,0.5,,,,5141,5141,1000,20846,inner_cv,"[{""fold"": ""random"", ""k"": 10, ""src"": ""inner_cv"", ""thr"": 0.0735}]",77.1,bootstrap unit: molecule
T3,wide,random,all,fg_fluoro,F3,knn,auprc,0.1748,0.1055,0.2585,0.0177,,,,5141,5141,1000,20846,inner_cv,"[{""fold"": ""random"", ""k"": 10, ""src"": ""inner_cv"", ""thr"": 0.0735}]",77.1,bootstrap unit: molecule
T3,wide,random,all,fg_fluoro,F3,knn,bal_acc,0.6849,0.636,0.7333,0.5,,,,5141,5141,1000,20846,inner_cv,"[{""fold"": ""random"", ""k"": 10, ""src"": ""inner_cv"", ""thr"": 0.0735}]",77.1,bootstrap unit: molecule
T3,wide,random,all,fg_fluoro,F1.sqrt,majority,auroc,0.5,0.5,0.5,0.5,,,,5141,5141,1000,20846,fixed,"[{""fold"": ""random"", ""src"": ""fixed"", ""thr"": 0.5}]",1.93,bootstrap unit: molecule
T3,wide,random,all,fg_fluoro,F1.sqrt,majority,auprc,0.0177,0.014,0.0212,0.0177,,,,5141,5141,1000,20846,fixed,"[{""fold"": ""random"", ""src"": ""fixed"", ""thr"": 0.5}]",1.93,bootstrap unit: molecule
T3,wide,random,all,fg_fluoro,F1.sqrt,majority,bal_acc,0.5,0.5,0.5,0.5,,,,5141,5141,1000,20846,fixed,"[{""fold"": ""random"", ""src"": ""fixed"", ""thr"": 0.5}]",1.93,bootstrap unit: molecule
T3,wide,random,all,fg_fluoro,F1.sqrt,lr,auroc,0.9162,0.8893,0.9407,0.5,,,,5141,5141,1000,20846,inner_cv,"[{""fold"": ""random"", ""C"": 0.01, ""src"": ""inner_cv"", ""thr"": 0.3308}]",4.39,bootstrap unit: molecule
T3,wide,random,all,fg_fluoro,F1.sqrt,lr,auprc,0.2256,0.1556,0.3122,0.0177,,,,5141,5141,1000,20846,inner_cv,"[{""fold"": ""random"", ""C"": 0.01, ""src"": ""inner_cv"", ""thr"": 0.3308}]",4.39,bootstrap unit: molecule
T3,wide,random,all,fg_fluoro,F1.sqrt,lr,bal_acc,0.8336,0.8009,0.8609,0.5,,,,5141,5141,1000,20846,inner_cv,"[{""fold"": ""random"", ""C"": 0.01, ""src"": ""inner_cv"", ""thr"": 0.3308}]",4.39,bootstrap unit: molecule
T3,wide,random,all,fg_fluoro,F1.sqrt,hgb,auroc,0.8964,0.8579,0.93,0.5,,,,5141,5141,1000,20846,inner_cv,"[{""fold"": ""random"", ""src"": ""inner_cv"", ""thr"": 0.1232}]",6.88,bootstrap unit: molecule
T3,wide,random,all,fg_fluoro,F1.sqrt,hgb,auprc,0.1979,0.1344,0.2857,0.0177,,,,5141,5141,1000,20846,inner_cv,"[{""fold"": ""random"", ""src"": ""inner_cv"", ""thr"": 0.1232}]",6.88,bootstrap unit: molecule
T3,wide,random,all,fg_fluoro,F1.sqrt,hgb,bal_acc,0.833,0.7986,0.8632,0.5,,,,5141,5141,1000,20846,inner_cv,"[{""fold"": ""random"", ""src"": ""inner_cv"", ""thr"": 0.1232}]",6.88,bootstrap unit: molecule
T3,wide,random,all,fg_fluoro,F1.sqrt,knn,auroc,0.6727,0.6208,0.7289,0.5,,,,5141,5141,1000,20846,inner_cv,"[{""fold"": ""random"", ""k"": 10, ""src"": ""inner_cv"", ""thr"": 0.0797}]",33.35,bootstrap unit: molecule
T3,wide,random,all,fg_fluoro,F1.sqrt,knn,auprc,0.1141,0.0622,0.1877,0.0177,,,,5141,5141,1000,20846,inner_cv,"[{""fold"": ""random"", ""k"": 10, ""src"": ""inner_cv"", ""thr"": 0.0797}]",33.35,bootstrap unit: molecule
T3,wide,random,all,fg_fluoro,F1.sqrt,knn,bal_acc,0.665,0.6152,0.7183,0.5,,,,5141,5141,1000,20846,inner_cv,"[{""fold"": ""random"", ""k"": 10, ""src"": ""inner_cv"", ""thr"": 0.0797}]",33.35,bootstrap unit: molecule
T3,wide,random,all,fg_fluoro,F2.lt1700,majority,auroc,0.5,0.5,0.5,0.5,,,,5141,5141,1000,20846,fixed,"[{""fold"": ""random"", ""src"": ""fixed"", ""thr"": 0.5}]",3.11,bootstrap unit: molecule
T3,wide,random,all,fg_fluoro,F2.lt1700,majority,auprc,0.0177,0.014,0.0212,0.0177,,,,5141,5141,1000,20846,fixed,"[{""fold"": ""random"", ""src"": ""fixed"", ""thr"": 0.5}]",3.11,bootstrap unit: molecule
T3,wide,random,all,fg_fluoro,F2.lt1700,majority,bal_acc,0.5,0.5,0.5,0.5,,,,5141,5141,1000,20846,fixed,"[{""fold"": ""random"", ""src"": ""fixed"", ""thr"": 0.5}]",3.11,bootstrap unit: molecule
T3,wide,random,all,fg_fluoro,F2.lt1700,lr,auroc,0.8687,0.8242,0.9083,0.5,,,,5141,5141,1000,20846,inner_cv,"[{""fold"": ""random"", ""C"": 0.01, ""src"": ""inner_cv"", ""thr"": 0.2561}]",97.26,bootstrap unit: molecule
T3,wide,random,all,fg_fluoro,F2.lt1700,lr,auprc,0.2058,0.1408,0.2999,0.0177,,,,5141,5141,1000,20846,inner_cv,"[{""fold"": ""random"", ""C"": 0.01, ""src"": ""inner_cv"", ""thr"": 0.2561}]",97.26,bootstrap unit: molecule
T3,wide,random,all,fg_fluoro,F2.lt1700,lr,bal_acc,0.7699,0.7285,0.8089,0.5,,,,5141,5141,1000,20846,inner_cv,"[{""fold"": ""random"", ""C"": 0.01, ""src"": ""inner_cv"", ""thr"": 0.2561}]",97.26,bootstrap unit: molecule
T3,wide,random,all,fg_fluoro,F2.lt1700,hgb,auroc,0.9496,0.9306,0.966,0.5,,,,5141,5141,1000,20846,inner_cv,"[{""fold"": ""random"", ""src"": ""inner_cv"", ""thr"": 0.0262}]",41.2,bootstrap unit: molecule
T3,wide,random,all,fg_fluoro,F2.lt1700,hgb,auprc,0.3984,0.3004,0.5047,0.0177,,,,5141,5141,1000,20846,inner_cv,"[{""fold"": ""random"", ""src"": ""inner_cv"", ""thr"": 0.0262}]",41.2,bootstrap unit: molecule
T3,wide,random,all,fg_fluoro,F2.lt1700,hgb,bal_acc,0.8581,0.8376,0.8745,0.5,,,,5141,5141,1000,20846,inner_cv,"[{""fold"": ""random"", ""src"": ""inner_cv"", ""thr"": 0.0262}]",41.2,bootstrap unit: molecule
T3,wide,random,all,fg_fluoro,F2.lt1700,knn,auroc,0.7047,0.6449,0.7589,0.5,,,,5141,5141,1000,20846,inner_cv,"[{""fold"": ""random"", ""k"": 10, ""src"": ""inner_cv"", ""thr"": 0.0568}]",86.15,bootstrap unit: molecule
T3,wide,random,all,fg_fluoro,F2.lt1700,knn,auprc,0.1589,0.0953,0.2447,0.0177,,,,5141,5141,1000,20846,inner_cv,"[{""fold"": ""random"", ""k"": 10, ""src"": ""inner_cv"", ""thr"": 0.0568}]",86.15,bootstrap unit: molecule
T3,wide,random,all,fg_fluoro,F2.lt1700,knn,bal_acc,0.6969,0.6393,0.7487,0.5,,,,5141,5141,1000,20846,inner_cv,"[{""fold"": ""random"", ""k"": 10, ""src"": ""inner_cv"", ""thr"": 0.0568}]",86.15,bootstrap unit: molecule
T3,wide,random,all,fg_fluoro,F3.lt1700,majority,auroc,0.5,0.5,0.5,0.5,,,,5141,5141,1000,20846,fixed,"[{""fold"": ""random"", ""src"": ""fixed"", ""thr"": 0.5}]",2.43,bootstrap unit: molecule
T3,wide,random,all,fg_fluoro,F3.lt1700,majority,auprc,0.0177,0.014,0.0212,0.0177,,,,5141,5141,1000,20846,fixed,"[{""fold"": ""random"", ""src"": ""fixed"", ""thr"": 0.5}]",2.43,bootstrap unit: molecule
T3,wide,random,all,fg_fluoro,F3.lt1700,majority,bal_acc,0.5,0.5,0.5,0.5,,,,5141,5141,1000,20846,fixed,"[{""fold"": ""random"", ""src"": ""fixed"", ""thr"": 0.5}]",2.43,bootstrap unit: molecule
T3,wide,random,all,fg_fluoro,F3.lt1700,lr,auroc,0.8696,0.8243,0.9079,0.5,,,,5141,5141,1000,20846,inner_cv,"[{""fold"": ""random"", ""C"": 0.01, ""src"": ""inner_cv"", ""thr"": 0.3175}]",84.43,bootstrap unit: molecule
T3,wide,random,all,fg_fluoro,F3.lt1700,lr,auprc,0.1989,0.1414,0.2932,0.0177,,,,5141,5141,1000,20846,inner_cv,"[{""fold"": ""random"", ""C"": 0.01, ""src"": ""inner_cv"", ""thr"": 0.3175}]",84.43,bootstrap unit: molecule
T3,wide,random,all,fg_fluoro,F3.lt1700,lr,bal_acc,0.7914,0.7497,0.831,0.5,,,,5141,5141,1000,20846,inner_cv,"[{""fold"": ""random"", ""C"": 0.01, ""src"": ""inner_cv"", ""thr"": 0.3175}]",84.43,bootstrap unit: molecule
T3,wide,random,all,fg_fluoro,F3.lt1700,hgb,auroc,0.962,0.9435,0.9766,0.5,0.0099,100,0.4984,5141,5141,1000,20846,inner_cv,"[{""fold"": ""random"", ""src"": ""inner_cv"", ""thr"": 0.0394}]",42.09,bootstrap unit: molecule
T3,wide,random,all,fg_fluoro,F3.lt1700,hgb,auprc,0.473,0.3748,0.5769,0.0177,,,,5141,5141,1000,20846,inner_cv,"[{""fold"": ""random"", ""src"": ""inner_cv"", ""thr"": 0.0394}]",42.09,bootstrap unit: molecule
T3,wide,random,all,fg_fluoro,F3.lt1700,hgb,bal_acc,0.8998,0.8746,0.9209,0.5,,,,5141,5141,1000,20846,inner_cv,"[{""fold"": ""random"", ""src"": ""inner_cv"", ""thr"": 0.0394}]",42.09,bootstrap unit: molecule
T3,wide,random,all,fg_fluoro,F3.lt1700,knn,auroc,0.723,0.667,0.7737,0.5,,,,5141,5141,1000,20846,inner_cv,"[{""fold"": ""random"", ""k"": 10, ""src"": ""inner_cv"", ""thr"": 0.0756}]",88.3,bootstrap unit: molecule
T3,wide,random,all,fg_fluoro,F3.lt1700,knn,auprc,0.1774,0.1079,0.2606,0.0177,,,,5141,5141,1000,20846,inner_cv,"[{""fold"": ""random"", ""k"": 10, ""src"": ""inner_cv"", ""thr"": 0.0756}]",88.3,bootstrap unit: molecule
T3,wide,random,all,fg_fluoro,F3.lt1700,knn,bal_acc,0.718,0.6637,0.7686,0.5,,,,5141,5141,1000,20846,inner_cv,"[{""fold"": ""random"", ""k"": 10, ""src"": ""inner_cv"", ""thr"": 0.0756}]",88.3,bootstrap unit: molecule
T3,wide,random,all,fg_aromatic_ring,F1,majority,auroc,0.5,0.5,0.5,0.5,,,,5141,5141,1000,20846,fixed,"[{""fold"": ""random"", ""src"": ""fixed"", ""thr"": 0.5}]",1.32,bootstrap unit: molecule
T3,wide,random,all,fg_aromatic_ring,F1,majority,auprc,0.1782,0.1673,0.1887,0.1782,,,,5141,5141,1000,20846,fixed,"[{""fold"": ""random"", ""src"": ""fixed"", ""thr"": 0.5}]",1.32,bootstrap unit: molecule
T3,wide,random,all,fg_aromatic_ring,F1,majority,bal_acc,0.5,0.5,0.5,0.5,,,,5141,5141,1000,20846,fixed,"[{""fold"": ""random"", ""src"": ""fixed"", ""thr"": 0.5}]",1.32,bootstrap unit: molecule
T3,wide,random,all,fg_aromatic_ring,F1,lr,auroc,0.9726,0.9678,0.9769,0.5,0.0099,100,0.5007,5141,5141,1000,20846,inner_cv,"[{""fold"": ""random"", ""C"": 0.01, ""src"": ""inner_cv"", ""thr"": 0.454}]",4.95,bootstrap unit: molecule
T3,wide,random,all,fg_aromatic_ring,F1,lr,auprc,0.9027,0.8857,0.9186,0.1782,,,,5141,5141,1000,20846,inner_cv,"[{""fold"": ""random"", ""C"": 0.01, ""src"": ""inner_cv"", ""thr"": 0.454}]",4.95,bootstrap unit: molecule
T3,wide,random,all,fg_aromatic_ring,F1,lr,bal_acc,0.9115,0.9014,0.9212,0.5,,,,5141,5141,1000,20846,inner_cv,"[{""fold"": ""random"", ""C"": 0.01, ""src"": ""inner_cv"", ""thr"": 0.454}]",4.95,bootstrap unit: molecule
T3,wide,random,all,fg_aromatic_ring,F1,hgb,auroc,0.9797,0.9756,0.983,0.5,,,,5141,5141,1000,20846,inner_cv,"[{""fold"": ""random"", ""src"": ""inner_cv"", ""thr"": 0.4892}]",7.29,bootstrap unit: molecule
T3,wide,random,all,fg_aromatic_ring,F1,hgb,auprc,0.923,0.9062,0.937,0.1782,,,,5141,5141,1000,20846,inner_cv,"[{""fold"": ""random"", ""src"": ""inner_cv"", ""thr"": 0.4892}]",7.29,bootstrap unit: molecule
T3,wide,random,all,fg_aromatic_ring,F1,hgb,bal_acc,0.922,0.9112,0.9316,0.5,,,,5141,5141,1000,20846,inner_cv,"[{""fold"": ""random"", ""src"": ""inner_cv"", ""thr"": 0.4892}]",7.29,bootstrap unit: molecule
T3,wide,random,all,fg_aromatic_ring,F1,knn,auroc,0.9019,0.8897,0.9123,0.5,,,,5141,5141,1000,20846,inner_cv,"[{""fold"": ""random"", ""k"": 10, ""src"": ""inner_cv"", ""thr"": 0.2145}]",42.33,bootstrap unit: molecule
T3,wide,random,all,fg_aromatic_ring,F1,knn,auprc,0.749,0.7218,0.776,0.1782,,,,5141,5141,1000,20846,inner_cv,"[{""fold"": ""random"", ""k"": 10, ""src"": ""inner_cv"", ""thr"": 0.2145}]",42.33,bootstrap unit: molecule
T3,wide,random,all,fg_aromatic_ring,F1,knn,bal_acc,0.8252,0.812,0.8383,0.5,,,,5141,5141,1000,20846,inner_cv,"[{""fold"": ""random"", ""k"": 10, ""src"": ""inner_cv"", ""thr"": 0.2145}]",42.33,bootstrap unit: molecule
T3,wide,random,all,fg_aromatic_ring,F1pos,majority,auroc,0.5,0.5,0.5,0.5,,,,5141,5141,1000,20846,fixed,"[{""fold"": ""random"", ""src"": ""fixed"", ""thr"": 0.5}]",1.91,bootstrap unit: molecule
T3,wide,random,all,fg_aromatic_ring,F1pos,majority,auprc,0.1782,0.1673,0.1887,0.1782,,,,5141,5141,1000,20846,fixed,"[{""fold"": ""random"", ""src"": ""fixed"", ""thr"": 0.5}]",1.91,bootstrap unit: molecule
T3,wide,random,all,fg_aromatic_ring,F1pos,majority,bal_acc,0.5,0.5,0.5,0.5,,,,5141,5141,1000,20846,fixed,"[{""fold"": ""random"", ""src"": ""fixed"", ""thr"": 0.5}]",1.91,bootstrap unit: molecule
T3,wide,random,all,fg_aromatic_ring,F1pos,lr,auroc,0.9763,0.9714,0.9803,0.5,,,,5141,5141,1000,20846,inner_cv,"[{""fold"": ""random"", ""C"": 0.01, ""src"": ""inner_cv"", ""thr"": 0.4236}]",5.13,bootstrap unit: molecule
T3,wide,random,all,fg_aromatic_ring,F1pos,lr,auprc,0.9199,0.9051,0.9328,0.1782,,,,5141,5141,1000,20846,inner_cv,"[{""fold"": ""random"", ""C"": 0.01, ""src"": ""inner_cv"", ""thr"": 0.4236}]",5.13,bootstrap unit: molecule
T3,wide,random,all,fg_aromatic_ring,F1pos,lr,bal_acc,0.9243,0.9146,0.9336,0.5,,,,5141,5141,1000,20846,inner_cv,"[{""fold"": ""random"", ""C"": 0.01, ""src"": ""inner_cv"", ""thr"": 0.4236}]",5.13,bootstrap unit: molecule
T3,wide,random,all,fg_aromatic_ring,F1pos,hgb,auroc,0.9732,0.968,0.9777,0.5,,,,5141,5141,1000,20846,inner_cv,"[{""fold"": ""random"", ""src"": ""inner_cv"", ""thr"": 0.5269}]",6.42,bootstrap unit: molecule
T3,wide,random,all,fg_aromatic_ring,F1pos,hgb,auprc,0.9086,0.8919,0.924,0.1782,,,,5141,5141,1000,20846,inner_cv,"[{""fold"": ""random"", ""src"": ""inner_cv"", ""thr"": 0.5269}]",6.42,bootstrap unit: molecule
T3,wide,random,all,fg_aromatic_ring,F1pos,hgb,bal_acc,0.9171,0.9069,0.9269,0.5,,,,5141,5141,1000,20846,inner_cv,"[{""fold"": ""random"", ""src"": ""inner_cv"", ""thr"": 0.5269}]",6.42,bootstrap unit: molecule
T3,wide,random,all,fg_aromatic_ring,F1pos,knn,auroc,0.8828,0.8685,0.8955,0.5,,,,5141,5141,1000,20846,inner_cv,"[{""fold"": ""random"", ""k"": 10, ""src"": ""inner_cv"", ""thr"": 0.106}]",42.89,bootstrap unit: molecule
T3,wide,random,all,fg_aromatic_ring,F1pos,knn,auprc,0.7128,0.683,0.7421,0.1782,,,,5141,5141,1000,20846,inner_cv,"[{""fold"": ""random"", ""k"": 10, ""src"": ""inner_cv"", ""thr"": 0.106}]",42.89,bootstrap unit: molecule
T3,wide,random,all,fg_aromatic_ring,F1pos,knn,bal_acc,0.8142,0.7994,0.8292,0.5,,,,5141,5141,1000,20846,inner_cv,"[{""fold"": ""random"", ""k"": 10, ""src"": ""inner_cv"", ""thr"": 0.106}]",42.89,bootstrap unit: molecule
T3,wide,random,all,fg_aromatic_ring,F2,majority,auroc,0.5,0.5,0.5,0.5,,,,5141,5141,1000,20846,fixed,"[{""fold"": ""random"", ""src"": ""fixed"", ""thr"": 0.5}]",2.02,bootstrap unit: molecule
T3,wide,random,all,fg_aromatic_ring,F2,majority,auprc,0.1782,0.1673,0.1887,0.1782,,,,5141,5141,1000,20846,fixed,"[{""fold"": ""random"", ""src"": ""fixed"", ""thr"": 0.5}]",2.02,bootstrap unit: molecule
T3,wide,random,all,fg_aromatic_ring,F2,majority,bal_acc,0.5,0.5,0.5,0.5,,,,5141,5141,1000,20846,fixed,"[{""fold"": ""random"", ""src"": ""fixed"", ""thr"": 0.5}]",2.02,bootstrap unit: molecule
T3,wide,random,all,fg_aromatic_ring,F2,lr,auroc,0.9737,0.9692,0.9777,0.5,,,,5141,5141,1000,20846,inner_cv,"[{""fold"": ""random"", ""C"": 0.01, ""src"": ""inner_cv"", ""thr"": 0.5121}]",59.13,bootstrap unit: molecule
T3,wide,random,all,fg_aromatic_ring,F2,lr,auprc,0.902,0.8847,0.918,0.1782,,,,5141,5141,1000,20846,inner_cv,"[{""fold"": ""random"", ""C"": 0.01, ""src"": ""inner_cv"", ""thr"": 0.5121}]",59.13,bootstrap unit: molecule
T3,wide,random,all,fg_aromatic_ring,F2,lr,bal_acc,0.9132,0.9024,0.9225,0.5,,,,5141,5141,1000,20846,inner_cv,"[{""fold"": ""random"", ""C"": 0.01, ""src"": ""inner_cv"", ""thr"": 0.5121}]",59.13,bootstrap unit: molecule
T3,wide,random,all,fg_aromatic_ring,F2,hgb,auroc,0.9868,0.9838,0.9897,0.5,,,,5141,5141,1000,20846,inner_cv,"[{""fold"": ""random"", ""src"": ""inner_cv"", ""thr"": 0.4335}]",47.8,bootstrap unit: molecule
T3,wide,random,all,fg_aromatic_ring,F2,hgb,auprc,0.9484,0.9338,0.9604,0.1782,,,,5141,5141,1000,20846,inner_cv,"[{""fold"": ""random"", ""src"": ""inner_cv"", ""thr"": 0.4335}]",47.8,bootstrap unit: molecule
T3,wide,random,all,fg_aromatic_ring,F2,hgb,bal_acc,0.9408,0.9318,0.9503,0.5,,,,5141,5141,1000,20846,inner_cv,"[{""fold"": ""random"", ""src"": ""inner_cv"", ""thr"": 0.4335}]",47.8,bootstrap unit: molecule
T3,wide,random,all,fg_aromatic_ring,F2,knn,auroc,0.9446,0.9348,0.9541,0.5,,,,5141,5141,1000,20846,inner_cv,"[{""fold"": ""random"", ""k"": 10, ""src"": ""inner_cv"", ""thr"": 0.1913}]",73.31,bootstrap unit: molecule
T3,wide,random,all,fg_aromatic_ring,F2,knn,auprc,0.8603,0.8404,0.881,0.1782,,,,5141,5141,1000,20846,inner_cv,"[{""fold"": ""random"", ""k"": 10, ""src"": ""inner_cv"", ""thr"": 0.1913}]",73.31,bootstrap unit: molecule
T3,wide,random,all,fg_aromatic_ring,F2,knn,bal_acc,0.8926,0.8808,0.9048,0.5,,,,5141,5141,1000,20846,inner_cv,"[{""fold"": ""random"", ""k"": 10, ""src"": ""inner_cv"", ""thr"": 0.1913}]",73.31,bootstrap unit: molecule
T3,wide,random,all,fg_aromatic_ring,F3,majority,auroc,0.5,0.5,0.5,0.5,,,,5141,5141,1000,20846,fixed,"[{""fold"": ""random"", ""src"": ""fixed"", ""thr"": 0.5}]",3.11,bootstrap unit: molecule
T3,wide,random,all,fg_aromatic_ring,F3,majority,auprc,0.1782,0.1673,0.1887,0.1782,,,,5141,5141,1000,20846,fixed,"[{""fold"": ""random"", ""src"": ""fixed"", ""thr"": 0.5}]",3.11,bootstrap unit: molecule
T3,wide,random,all,fg_aromatic_ring,F3,majority,bal_acc,0.5,0.5,0.5,0.5,,,,5141,5141,1000,20846,fixed,"[{""fold"": ""random"", ""src"": ""fixed"", ""thr"": 0.5}]",3.11,bootstrap unit: molecule
T3,wide,random,all,fg_aromatic_ring,F3,lr,auroc,0.9756,0.9712,0.9794,0.5,,,,5141,5141,1000,20846,inner_cv,"[{""fold"": ""random"", ""C"": 0.01, ""src"": ""inner_cv"", ""thr"": 0.5113}]",64.63,bootstrap unit: molecule
T3,wide,random,all,fg_aromatic_ring,F3,lr,auprc,0.9094,0.8925,0.9253,0.1782,,,,5141,5141,1000,20846,inner_cv,"[{""fold"": ""random"", ""C"": 0.01, ""src"": ""inner_cv"", ""thr"": 0.5113}]",64.63,bootstrap unit: molecule
T3,wide,random,all,fg_aromatic_ring,F3,lr,bal_acc,0.9171,0.9069,0.9269,0.5,,,,5141,5141,1000,20846,inner_cv,"[{""fold"": ""random"", ""C"": 0.01, ""src"": ""inner_cv"", ""thr"": 0.5113}]",64.63,bootstrap unit: molecule
T3,wide,random,all,fg_aromatic_ring,F3,hgb,auroc,0.9926,0.9906,0.9944,0.5,0.0099,100,0.5016,5141,5141,1000,20846,inner_cv,"[{""fold"": ""random"", ""src"": ""inner_cv"", ""thr"": 0.331}]",41.03,bootstrap unit: molecule
T3,wide,random,all,fg_aromatic_ring,F3,hgb,auprc,0.9678,0.9575,0.9764,0.1782,,,,5141,5141,1000,20846,inner_cv,"[{""fold"": ""random"", ""src"": ""inner_cv"", ""thr"": 0.331}]",41.03,bootstrap unit: molecule
T3,wide,random,all,fg_aromatic_ring,F3,hgb,bal_acc,0.9557,0.9481,0.9632,0.5,,,,5141,5141,1000,20846,inner_cv,"[{""fold"": ""random"", ""src"": ""inner_cv"", ""thr"": 0.331}]",41.03,bootstrap unit: molecule
T3,wide,random,all,fg_aromatic_ring,F3,knn,auroc,0.9476,0.9388,0.9567,0.5,,,,5141,5141,1000,20846,inner_cv,"[{""fold"": ""random"", ""k"": 10, ""src"": ""inner_cv"", ""thr"": 0.1909}]",78.2,bootstrap unit: molecule
T3,wide,random,all,fg_aromatic_ring,F3,knn,auprc,0.8732,0.8539,0.8926,0.1782,,,,5141,5141,1000,20846,inner_cv,"[{""fold"": ""random"", ""k"": 10, ""src"": ""inner_cv"", ""thr"": 0.1909}]",78.2,bootstrap unit: molecule
T3,wide,random,all,fg_aromatic_ring,F3,knn,bal_acc,0.9009,0.8895,0.9125,0.5,,,,5141,5141,1000,20846,inner_cv,"[{""fold"": ""random"", ""k"": 10, ""src"": ""inner_cv"", ""thr"": 0.1909}]",78.2,bootstrap unit: molecule
T3,wide,random,all,fg_aromatic_ring,F1.sqrt,majority,auroc,0.5,0.5,0.5,0.5,,,,5141,5141,1000,20846,fixed,"[{""fold"": ""random"", ""src"": ""fixed"", ""thr"": 0.5}]",1.64,bootstrap unit: molecule
T3,wide,random,all,fg_aromatic_ring,F1.sqrt,majority,auprc,0.1782,0.1673,0.1887,0.1782,,,,5141,5141,1000,20846,fixed,"[{""fold"": ""random"", ""src"": ""fixed"", ""thr"": 0.5}]",1.64,bootstrap unit: molecule
T3,wide,random,all,fg_aromatic_ring,F1.sqrt,majority,bal_acc,0.5,0.5,0.5,0.5,,,,5141,5141,1000,20846,fixed,"[{""fold"": ""random"", ""src"": ""fixed"", ""thr"": 0.5}]",1.64,bootstrap unit: molecule
T3,wide,random,all,fg_aromatic_ring,F1.sqrt,lr,auroc,0.9787,0.9746,0.9824,0.5,,,,5141,5141,1000,20846,inner_cv,"[{""fold"": ""random"", ""C"": 0.01, ""src"": ""inner_cv"", ""thr"": 0.5334}]",3.85,bootstrap unit: molecule
T3,wide,random,all,fg_aromatic_ring,F1.sqrt,lr,auprc,0.9232,0.9078,0.9362,0.1782,,,,5141,5141,1000,20846,inner_cv,"[{""fold"": ""random"", ""C"": 0.01, ""src"": ""inner_cv"", ""thr"": 0.5334}]",3.85,bootstrap unit: molecule
T3,wide,random,all,fg_aromatic_ring,F1.sqrt,lr,bal_acc,0.9193,0.9083,0.9295,0.5,,,,5141,5141,1000,20846,inner_cv,"[{""fold"": ""random"", ""C"": 0.01, ""src"": ""inner_cv"", ""thr"": 0.5334}]",3.85,bootstrap unit: molecule
T3,wide,random,all,fg_aromatic_ring,F1.sqrt,hgb,auroc,0.9797,0.9756,0.983,0.5,,,,5141,5141,1000,20846,inner_cv,"[{""fold"": ""random"", ""src"": ""inner_cv"", ""thr"": 0.4892}]",9.33,bootstrap unit: molecule
T3,wide,random,all,fg_aromatic_ring,F1.sqrt,hgb,auprc,0.923,0.9062,0.937,0.1782,,,,5141,5141,1000,20846,inner_cv,"[{""fold"": ""random"", ""src"": ""inner_cv"", ""thr"": 0.4892}]",9.33,bootstrap unit: molecule
T3,wide,random,all,fg_aromatic_ring,F1.sqrt,hgb,bal_acc,0.922,0.9112,0.9316,0.5,,,,5141,5141,1000,20846,inner_cv,"[{""fold"": ""random"", ""src"": ""inner_cv"", ""thr"": 0.4892}]",9.33,bootstrap unit: molecule
T3,wide,random,all,fg_aromatic_ring,F1.sqrt,knn,auroc,0.9469,0.9376,0.9555,0.5,,,,5141,5141,1000,20846,inner_cv,"[{""fold"": ""random"", ""k"": 10, ""src"": ""inner_cv"", ""thr"": 0.2104}]",55.01,bootstrap unit: molecule
T3,wide,random,all,fg_aromatic_ring,F1.sqrt,knn,auprc,0.8555,0.8336,0.8779,0.1782,,,,5141,5141,1000,20846,inner_cv,"[{""fold"": ""random"", ""k"": 10, ""src"": ""inner_cv"", ""thr"": 0.2104}]",55.01,bootstrap unit: molecule
T3,wide,random,all,fg_aromatic_ring,F1.sqrt,knn,bal_acc,0.885,0.8728,0.897,0.5,,,,5141,5141,1000,20846,inner_cv,"[{""fold"": ""random"", ""k"": 10, ""src"": ""inner_cv"", ""thr"": 0.2104}]",55.01,bootstrap unit: molecule
T3,wide,random,all,fg_aromatic_ring,F2.lt1700,majority,auroc,0.5,0.5,0.5,0.5,,,,5141,5141,1000,20846,fixed,"[{""fold"": ""random"", ""src"": ""fixed"", ""thr"": 0.5}]",2.6,bootstrap unit: molecule
T3,wide,random,all,fg_aromatic_ring,F2.lt1700,majority,auprc,0.1782,0.1673,0.1887,0.1782,,,,5141,5141,1000,20846,fixed,"[{""fold"": ""random"", ""src"": ""fixed"", ""thr"": 0.5}]",2.6,bootstrap unit: molecule
T3,wide,random,all,fg_aromatic_ring,F2.lt1700,majority,bal_acc,0.5,0.5,0.5,0.5,,,,5141,5141,1000,20846,fixed,"[{""fold"": ""random"", ""src"": ""fixed"", ""thr"": 0.5}]",2.6,bootstrap unit: molecule
T3,wide,random,all,fg_aromatic_ring,F2.lt1700,lr,auroc,0.9714,0.9664,0.9757,0.5,,,,5141,5141,1000,20846,inner_cv,"[{""fold"": ""random"", ""C"": 0.01, ""src"": ""inner_cv"", ""thr"": 0.4915}]",75.27,bootstrap unit: molecule
T3,wide,random,all,fg_aromatic_ring,F2.lt1700,lr,auprc,0.8969,0.8794,0.9129,0.1782,,,,5141,5141,1000,20846,inner_cv,"[{""fold"": ""random"", ""C"": 0.01, ""src"": ""inner_cv"", ""thr"": 0.4915}]",75.27,bootstrap unit: molecule
T3,wide,random,all,fg_aromatic_ring,F2.lt1700,lr,bal_acc,0.9134,0.9026,0.9234,0.5,,,,5141,5141,1000,20846,inner_cv,"[{""fold"": ""random"", ""C"": 0.01, ""src"": ""inner_cv"", ""thr"": 0.4915}]",75.27,bootstrap unit: molecule
T3,wide,random,all,fg_aromatic_ring,F2.lt1700,hgb,auroc,0.9865,0.9834,0.9896,0.5,,,,5141,5141,1000,20846,inner_cv,"[{""fold"": ""random"", ""src"": ""inner_cv"", ""thr"": 0.3296}]",57.51,bootstrap unit: molecule
T3,wide,random,all,fg_aromatic_ring,F2.lt1700,hgb,auprc,0.9497,0.9376,0.9602,0.1782,,,,5141,5141,1000,20846,inner_cv,"[{""fold"": ""random"", ""src"": ""inner_cv"", ""thr"": 0.3296}]",57.51,bootstrap unit: molecule
T3,wide,random,all,fg_aromatic_ring,F2.lt1700,hgb,bal_acc,0.9446,0.9371,0.9527,0.5,,,,5141,5141,1000,20846,inner_cv,"[{""fold"": ""random"", ""src"": ""inner_cv"", ""thr"": 0.3296}]",57.51,bootstrap unit: molecule
T3,wide,random,all,fg_aromatic_ring,F2.lt1700,knn,auroc,0.9406,0.9297,0.9506,0.5,,,,5141,5141,1000,20846,inner_cv,"[{""fold"": ""random"", ""k"": 10, ""src"": ""inner_cv"", ""thr"": 0.113}]",86.04,bootstrap unit: molecule
T3,wide,random,all,fg_aromatic_ring,F2.lt1700,knn,auprc,0.8533,0.8315,0.8761,0.1782,,,,5141,5141,1000,20846,inner_cv,"[{""fold"": ""random"", ""k"": 10, ""src"": ""inner_cv"", ""thr"": 0.113}]",86.04,bootstrap unit: molecule
T3,wide,random,all,fg_aromatic_ring,F2.lt1700,knn,bal_acc,0.8915,0.8801,0.9039,0.5,,,,5141,5141,1000,20846,inner_cv,"[{""fold"": ""random"", ""k"": 10, ""src"": ""inner_cv"", ""thr"": 0.113}]",86.04,bootstrap unit: molecule
T3,wide,random,all,fg_aromatic_ring,F3.lt1700,majority,auroc,0.5,0.5,0.5,0.5,,,,5141,5141,1000,20846,fixed,"[{""fold"": ""random"", ""src"": ""fixed"", ""thr"": 0.5}]",3.7,bootstrap unit: molecule
T3,wide,random,all,fg_aromatic_ring,F3.lt1700,majority,auprc,0.1782,0.1673,0.1887,0.1782,,,,5141,5141,1000,20846,fixed,"[{""fold"": ""random"", ""src"": ""fixed"", ""thr"": 0.5}]",3.7,bootstrap unit: molecule
T3,wide,random,all,fg_aromatic_ring,F3.lt1700,majority,bal_acc,0.5,0.5,0.5,0.5,,,,5141,5141,1000,20846,fixed,"[{""fold"": ""random"", ""src"": ""fixed"", ""thr"": 0.5}]",3.7,bootstrap unit: molecule
T3,wide,random,all,fg_aromatic_ring,F3.lt1700,lr,auroc,0.9739,0.9691,0.9779,0.5,,,,5141,5141,1000,20846,inner_cv,"[{""fold"": ""random"", ""C"": 0.01, ""src"": ""inner_cv"", ""thr"": 0.4639}]",44.14,bootstrap unit: molecule
T3,wide,random,all,fg_aromatic_ring,F3.lt1700,lr,auprc,0.9053,0.889,0.9211,0.1782,,,,5141,5141,1000,20846,inner_cv,"[{""fold"": ""random"", ""C"": 0.01, ""src"": ""inner_cv"", ""thr"": 0.4639}]",44.14,bootstrap unit: molecule
T3,wide,random,all,fg_aromatic_ring,F3.lt1700,lr,bal_acc,0.9154,0.9052,0.9249,0.5,,,,5141,5141,1000,20846,inner_cv,"[{""fold"": ""random"", ""C"": 0.01, ""src"": ""inner_cv"", ""thr"": 0.4639}]",44.14,bootstrap unit: molecule
T3,wide,random,all,fg_aromatic_ring,F3.lt1700,hgb,auroc,0.9919,0.9899,0.9937,0.5,,,,5141,5141,1000,20846,inner_cv,"[{""fold"": ""random"", ""src"": ""inner_cv"", ""thr"": 0.3397}]",40.42,bootstrap unit: molecule
T3,wide,random,all,fg_aromatic_ring,F3.lt1700,hgb,auprc,0.9649,0.9539,0.9738,0.1782,,,,5141,5141,1000,20846,inner_cv,"[{""fold"": ""random"", ""src"": ""inner_cv"", ""thr"": 0.3397}]",40.42,bootstrap unit: molecule
T3,wide,random,all,fg_aromatic_ring,F3.lt1700,hgb,bal_acc,0.9549,0.9474,0.9621,0.5,,,,5141,5141,1000,20846,inner_cv,"[{""fold"": ""random"", ""src"": ""inner_cv"", ""thr"": 0.3397}]",40.42,bootstrap unit: molecule
T3,wide,random,all,fg_aromatic_ring,F3.lt1700,knn,auroc,0.946,0.9364,0.9553,0.5,,,,5141,5141,1000,20846,inner_cv,"[{""fold"": ""random"", ""k"": 10, ""src"": ""inner_cv"", ""thr"": 0.1847}]",68.99,bootstrap unit: molecule
T3,wide,random,all,fg_aromatic_ring,F3.lt1700,knn,auprc,0.8681,0.8473,0.8871,0.1782,,,,5141,5141,1000,20846,inner_cv,"[{""fold"": ""random"", ""k"": 10, ""src"": ""inner_cv"", ""thr"": 0.1847}]",68.99,bootstrap unit: molecule
T3,wide,random,all,fg_aromatic_ring,F3.lt1700,knn,bal_acc,0.8964,0.885,0.9079,0.5,,,,5141,5141,1000,20846,inner_cv,"[{""fold"": ""random"", ""k"": 10, ""src"": ""inner_cv"", ""thr"": 0.1847}]",68.99,bootstrap unit: molecule
T3,wide,random,all,fg_pyrrole_ring,F1,majority,auroc,0.5,0.5,0.5,0.5,,,,5141,5141,1000,20846,fixed,"[{""fold"": ""random"", ""src"": ""fixed"", ""thr"": 0.5}]",1.97,bootstrap unit: molecule
T3,wide,random,all,fg_pyrrole_ring,F1,majority,auprc,0.0187,0.015,0.0224,0.0187,,,,5141,5141,1000,20846,fixed,"[{""fold"": ""random"", ""src"": ""fixed"", ""thr"": 0.5}]",1.97,bootstrap unit: molecule
T3,wide,random,all,fg_pyrrole_ring,F1,majority,bal_acc,0.5,0.5,0.5,0.5,,,,5141,5141,1000,20846,fixed,"[{""fold"": ""random"", ""src"": ""fixed"", ""thr"": 0.5}]",1.97,bootstrap unit: molecule
T3,wide,random,all,fg_pyrrole_ring,F1,lr,auroc,0.9516,0.9325,0.9661,0.5,0.0099,100,0.5018,5141,5141,1000,20846,inner_cv,"[{""fold"": ""random"", ""C"": 0.01, ""src"": ""inner_cv"", ""thr"": 0.3205}]",7.45,bootstrap unit: molecule
T3,wide,random,all,fg_pyrrole_ring,F1,lr,auprc,0.288,0.2182,0.3876,0.0187,,,,5141,5141,1000,20846,inner_cv,"[{""fold"": ""random"", ""C"": 0.01, ""src"": ""inner_cv"", ""thr"": 0.3205}]",7.45,bootstrap unit: molecule
T3,wide,random,all,fg_pyrrole_ring,F1,lr,bal_acc,0.8884,0.8583,0.9147,0.5,,,,5141,5141,1000,20846,inner_cv,"[{""fold"": ""random"", ""C"": 0.01, ""src"": ""inner_cv"", ""thr"": 0.3205}]",7.45,bootstrap unit: molecule
T3,wide,random,all,fg_pyrrole_ring,F1,hgb,auroc,0.9629,0.952,0.9725,0.5,,,,5141,5141,1000,20846,inner_cv,"[{""fold"": ""random"", ""src"": ""inner_cv"", ""thr"": 0.1721}]",8.91,bootstrap unit: molecule
T3,wide,random,all,fg_pyrrole_ring,F1,hgb,auprc,0.3461,0.2643,0.4461,0.0187,,,,5141,5141,1000,20846,inner_cv,"[{""fold"": ""random"", ""src"": ""inner_cv"", ""thr"": 0.1721}]",8.91,bootstrap unit: molecule
T3,wide,random,all,fg_pyrrole_ring,F1,hgb,bal_acc,0.907,0.8772,0.9327,0.5,,,,5141,5141,1000,20846,inner_cv,"[{""fold"": ""random"", ""src"": ""inner_cv"", ""thr"": 0.1721}]",8.91,bootstrap unit: molecule
T3,wide,random,all,fg_pyrrole_ring,F1,knn,auroc,0.7825,0.7317,0.8322,0.5,,,,5141,5141,1000,20846,inner_cv,"[{""fold"": ""random"", ""k"": 10, ""src"": ""inner_cv"", ""thr"": 0.0771}]",38.69,bootstrap unit: molecule
T3,wide,random,all,fg_pyrrole_ring,F1,knn,auprc,0.1685,0.1072,0.2466,0.0187,,,,5141,5141,1000,20846,inner_cv,"[{""fold"": ""random"", ""k"": 10, ""src"": ""inner_cv"", ""thr"": 0.0771}]",38.69,bootstrap unit: molecule
T3,wide,random,all,fg_pyrrole_ring,F1,knn,bal_acc,0.7571,0.7099,0.8051,0.5,,,,5141,5141,1000,20846,inner_cv,"[{""fold"": ""random"", ""k"": 10, ""src"": ""inner_cv"", ""thr"": 0.0771}]",38.69,bootstrap unit: molecule
T3,wide,random,all,fg_pyrrole_ring,F1pos,majority,auroc,0.5,0.5,0.5,0.5,,,,5141,5141,1000,20846,fixed,"[{""fold"": ""random"", ""src"": ""fixed"", ""thr"": 0.5}]",4.5,bootstrap unit: molecule
T3,wide,random,all,fg_pyrrole_ring,F1pos,majority,auprc,0.0187,0.015,0.0224,0.0187,,,,5141,5141,1000,20846,fixed,"[{""fold"": ""random"", ""src"": ""fixed"", ""thr"": 0.5}]",4.5,bootstrap unit: molecule
T3,wide,random,all,fg_pyrrole_ring,F1pos,majority,bal_acc,0.5,0.5,0.5,0.5,,,,5141,5141,1000,20846,fixed,"[{""fold"": ""random"", ""src"": ""fixed"", ""thr"": 0.5}]",4.5,bootstrap unit: molecule
T3,wide,random,all,fg_pyrrole_ring,F1pos,lr,auroc,0.9379,0.9142,0.9575,0.5,,,,5141,5141,1000,20846,inner_cv,"[{""fold"": ""random"", ""C"": 0.01, ""src"": ""inner_cv"", ""thr"": 0.3601}]",3.18,bootstrap unit: molecule
T3,wide,random,all,fg_pyrrole_ring,F1pos,lr,auprc,0.2747,0.1991,0.3744,0.0187,,,,5141,5141,1000,20846,inner_cv,"[{""fold"": ""random"", ""C"": 0.01, ""src"": ""inner_cv"", ""thr"": 0.3601}]",3.18,bootstrap unit: molecule
T3,wide,random,all,fg_pyrrole_ring,F1pos,lr,bal_acc,0.8691,0.8387,0.899,0.5,,,,5141,5141,1000,20846,inner_cv,"[{""fold"": ""random"", ""C"": 0.01, ""src"": ""inner_cv"", ""thr"": 0.3601}]",3.18,bootstrap unit: molecule
T3,wide,random,all,fg_pyrrole_ring,F1pos,hgb,auroc,0.9388,0.9135,0.9587,0.5,,,,5141,5141,1000,20846,inner_cv,"[{""fold"": ""random"", ""src"": ""inner_cv"", ""thr"": 0.2185}]",9.48,bootstrap unit: molecule
T3,wide,random,all,fg_pyrrole_ring,F1pos,hgb,auprc,0.315,0.2327,0.4134,0.0187,,,,5141,5141,1000,20846,inner_cv,"[{""fold"": ""random"", ""src"": ""inner_cv"", ""thr"": 0.2185}]",9.48,bootstrap unit: molecule
T3,wide,random,all,fg_pyrrole_ring,F1pos,hgb,bal_acc,0.8696,0.8391,0.8969,0.5,,,,5141,5141,1000,20846,inner_cv,"[{""fold"": ""random"", ""src"": ""inner_cv"", ""thr"": 0.2185}]",9.48,bootstrap unit: molecule
T3,wide,random,all,fg_pyrrole_ring,F1pos,knn,auroc,0.673,0.6246,0.7244,0.5,,,,5141,5141,1000,20846,inner_cv,"[{""fold"": ""random"", ""k"": 10, ""src"": ""inner_cv"", ""thr"": 0.0918}]",44.51,bootstrap unit: molecule
T3,wide,random,all,fg_pyrrole_ring,F1pos,knn,auprc,0.1154,0.0687,0.1945,0.0187,,,,5141,5141,1000,20846,inner_cv,"[{""fold"": ""random"", ""k"": 10, ""src"": ""inner_cv"", ""thr"": 0.0918}]",44.51,bootstrap unit: molecule
T3,wide,random,all,fg_pyrrole_ring,F1pos,knn,bal_acc,0.6664,0.6194,0.7167,0.5,,,,5141,5141,1000,20846,inner_cv,"[{""fold"": ""random"", ""k"": 10, ""src"": ""inner_cv"", ""thr"": 0.0918}]",44.51,bootstrap unit: molecule
T3,wide,random,all,fg_pyrrole_ring,F2,majority,auroc,0.5,0.5,0.5,0.5,,,,5141,5141,1000,20846,fixed,"[{""fold"": ""random"", ""src"": ""fixed"", ""thr"": 0.5}]",2.15,bootstrap unit: molecule
T3,wide,random,all,fg_pyrrole_ring,F2,majority,auprc,0.0187,0.015,0.0224,0.0187,,,,5141,5141,1000,20846,fixed,"[{""fold"": ""random"", ""src"": ""fixed"", ""thr"": 0.5}]",2.15,bootstrap unit: molecule
T3,wide,random,all,fg_pyrrole_ring,F2,majority,bal_acc,0.5,0.5,0.5,0.5,,,,5141,5141,1000,20846,fixed,"[{""fold"": ""random"", ""src"": ""fixed"", ""thr"": 0.5}]",2.15,bootstrap unit: molecule
T3,wide,random,all,fg_pyrrole_ring,F2,lr,auroc,0.9407,0.9192,0.9593,0.5,,,,5141,5141,1000,20846,inner_cv,"[{""fold"": ""random"", ""C"": 0.01, ""src"": ""inner_cv"", ""thr"": 0.3143}]",104.1,bootstrap unit: molecule
T3,wide,random,all,fg_pyrrole_ring,F2,lr,auprc,0.2944,0.2216,0.3973,0.0187,,,,5141,5141,1000,20846,inner_cv,"[{""fold"": ""random"", ""C"": 0.01, ""src"": ""inner_cv"", ""thr"": 0.3143}]",104.1,bootstrap unit: molecule
T3,wide,random,all,fg_pyrrole_ring,F2,lr,bal_acc,0.8676,0.8305,0.9018,0.5,,,,5141,5141,1000,20846,inner_cv,"[{""fold"": ""random"", ""C"": 0.01, ""src"": ""inner_cv"", ""thr"": 0.3143}]",104.1,bootstrap unit: molecule
T3,wide,random,all,fg_pyrrole_ring,F2,hgb,auroc,0.9708,0.957,0.9813,0.5,,,,5141,5141,1000,20846,inner_cv,"[{""fold"": ""random"", ""src"": ""inner_cv"", ""thr"": 0.0171}]",40.2,bootstrap unit: molecule
T3,wide,random,all,fg_pyrrole_ring,F2,hgb,auprc,0.445,0.3488,0.5593,0.0187,,,,5141,5141,1000,20846,inner_cv,"[{""fold"": ""random"", ""src"": ""inner_cv"", ""thr"": 0.0171}]",40.2,bootstrap unit: molecule
T3,wide,random,all,fg_pyrrole_ring,F2,hgb,bal_acc,0.9123,0.895,0.9249,0.5,,,,5141,5141,1000,20846,inner_cv,"[{""fold"": ""random"", ""src"": ""inner_cv"", ""thr"": 0.0171}]",40.2,bootstrap unit: molecule
T3,wide,random,all,fg_pyrrole_ring,F2,knn,auroc,0.8628,0.8189,0.906,0.5,,,,5141,5141,1000,20846,inner_cv,"[{""fold"": ""random"", ""k"": 10, ""src"": ""inner_cv"", ""thr"": 0.0818}]",92.06,bootstrap unit: molecule
T3,wide,random,all,fg_pyrrole_ring,F2,knn,auprc,0.2914,0.2074,0.3864,0.0187,,,,5141,5141,1000,20846,inner_cv,"[{""fold"": ""random"", ""k"": 10, ""src"": ""inner_cv"", ""thr"": 0.0818}]",92.06,bootstrap unit: molecule
T3,wide,random,all,fg_pyrrole_ring,F2,knn,bal_acc,0.8422,0.7988,0.887,0.5,,,,5141,5141,1000,20846,inner_cv,"[{""fold"": ""random"", ""k"": 10, ""src"": ""inner_cv"", ""thr"": 0.0818}]",92.06,bootstrap unit: molecule
T3,wide,random,all,fg_pyrrole_ring,F3,majority,auroc,0.5,0.5,0.5,0.5,,,,5141,5141,1000,20846,fixed,"[{""fold"": ""random"", ""src"": ""fixed"", ""thr"": 0.5}]",2.15,bootstrap unit: molecule
T3,wide,random,all,fg_pyrrole_ring,F3,majority,auprc,0.0187,0.015,0.0224,0.0187,,,,5141,5141,1000,20846,fixed,"[{""fold"": ""random"", ""src"": ""fixed"", ""thr"": 0.5}]",2.15,bootstrap unit: molecule
T3,wide,random,all,fg_pyrrole_ring,F3,majority,bal_acc,0.5,0.5,0.5,0.5,,,,5141,5141,1000,20846,fixed,"[{""fold"": ""random"", ""src"": ""fixed"", ""thr"": 0.5}]",2.15,bootstrap unit: molecule
T3,wide,random,all,fg_pyrrole_ring,F3,lr,auroc,0.9464,0.9248,0.9639,0.5,,,,5141,5141,1000,20846,inner_cv,"[{""fold"": ""random"", ""C"": 0.01, ""src"": ""inner_cv"", ""thr"": 0.3272}]",68.16,bootstrap unit: molecule
T3,wide,random,all,fg_pyrrole_ring,F3,lr,auprc,0.3053,0.2292,0.4109,0.0187,,,,5141,5141,1000,20846,inner_cv,"[{""fold"": ""random"", ""C"": 0.01, ""src"": ""inner_cv"", ""thr"": 0.3272}]",68.16,bootstrap unit: molecule
T3,wide,random,all,fg_pyrrole_ring,F3,lr,bal_acc,0.8932,0.8593,0.9236,0.5,,,,5141,5141,1000,20846,inner_cv,"[{""fold"": ""random"", ""C"": 0.01, ""src"": ""inner_cv"", ""thr"": 0.3272}]",68.16,bootstrap unit: molecule
T3,wide,random,all,fg_pyrrole_ring,F3,hgb,auroc,0.979,0.9701,0.986,0.5,0.0099,100,0.4988,5141,5141,1000,20846,inner_cv,"[{""fold"": ""random"", ""src"": ""inner_cv"", ""thr"": 0.0485}]",54.24,bootstrap unit: molecule
T3,wide,random,all,fg_pyrrole_ring,F3,hgb,auprc,0.5451,0.4463,0.6515,0.0187,,,,5141,5141,1000,20846,inner_cv,"[{""fold"": ""random"", ""src"": ""inner_cv"", ""thr"": 0.0485}]",54.24,bootstrap unit: molecule
T3,wide,random,all,fg_pyrrole_ring,F3,hgb,bal_acc,0.9449,0.9253,0.9607,0.5,,,,5141,5141,1000,20846,inner_cv,"[{""fold"": ""random"", ""src"": ""inner_cv"", ""thr"": 0.0485}]",54.24,bootstrap unit: molecule
T3,wide,random,all,fg_pyrrole_ring,F3,knn,auroc,0.8704,0.8268,0.9137,0.5,,,,5141,5141,1000,20846,inner_cv,"[{""fold"": ""random"", ""k"": 10, ""src"": ""inner_cv"", ""thr"": 0.073}]",73.08,bootstrap unit: molecule
T3,wide,random,all,fg_pyrrole_ring,F3,knn,auprc,0.2905,0.2116,0.3912,0.0187,,,,5141,5141,1000,20846,inner_cv,"[{""fold"": ""random"", ""k"": 10, ""src"": ""inner_cv"", ""thr"": 0.073}]",73.08,bootstrap unit: molecule
T3,wide,random,all,fg_pyrrole_ring,F3,knn,bal_acc,0.8576,0.8159,0.8987,0.5,,,,5141,5141,1000,20846,inner_cv,"[{""fold"": ""random"", ""k"": 10, ""src"": ""inner_cv"", ""thr"": 0.073}]",73.08,bootstrap unit: molecule
T3,wide,random,all,fg_pyrrole_ring,F1.sqrt,majority,auroc,0.5,0.5,0.5,0.5,,,,5141,5141,1000,20846,fixed,"[{""fold"": ""random"", ""src"": ""fixed"", ""thr"": 0.5}]",2.05,bootstrap unit: molecule
T3,wide,random,all,fg_pyrrole_ring,F1.sqrt,majority,auprc,0.0187,0.015,0.0224,0.0187,,,,5141,5141,1000,20846,fixed,"[{""fold"": ""random"", ""src"": ""fixed"", ""thr"": 0.5}]",2.05,bootstrap unit: molecule
T3,wide,random,all,fg_pyrrole_ring,F1.sqrt,majority,bal_acc,0.5,0.5,0.5,0.5,,,,5141,5141,1000,20846,fixed,"[{""fold"": ""random"", ""src"": ""fixed"", ""thr"": 0.5}]",2.05,bootstrap unit: molecule
T3,wide,random,all,fg_pyrrole_ring,F1.sqrt,lr,auroc,0.9502,0.9287,0.9664,0.5,,,,5141,5141,1000,20846,inner_cv,"[{""fold"": ""random"", ""C"": 0.01, ""src"": ""inner_cv"", ""thr"": 0.3234}]",4.73,bootstrap unit: molecule
T3,wide,random,all,fg_pyrrole_ring,F1.sqrt,lr,auprc,0.2984,0.2218,0.3975,0.0187,,,,5141,5141,1000,20846,inner_cv,"[{""fold"": ""random"", ""C"": 0.01, ""src"": ""inner_cv"", ""thr"": 0.3234}]",4.73,bootstrap unit: molecule
T3,wide,random,all,fg_pyrrole_ring,F1.sqrt,lr,bal_acc,0.8992,0.873,0.922,0.5,,,,5141,5141,1000,20846,inner_cv,"[{""fold"": ""random"", ""C"": 0.01, ""src"": ""inner_cv"", ""thr"": 0.3234}]",4.73,bootstrap unit: molecule
T3,wide,random,all,fg_pyrrole_ring,F1.sqrt,hgb,auroc,0.9629,0.952,0.9725,0.5,,,,5141,5141,1000,20846,inner_cv,"[{""fold"": ""random"", ""src"": ""inner_cv"", ""thr"": 0.1721}]",8.85,bootstrap unit: molecule
T3,wide,random,all,fg_pyrrole_ring,F1.sqrt,hgb,auprc,0.3461,0.2643,0.4461,0.0187,,,,5141,5141,1000,20846,inner_cv,"[{""fold"": ""random"", ""src"": ""inner_cv"", ""thr"": 0.1721}]",8.85,bootstrap unit: molecule
T3,wide,random,all,fg_pyrrole_ring,F1.sqrt,hgb,bal_acc,0.907,0.8772,0.9327,0.5,,,,5141,5141,1000,20846,inner_cv,"[{""fold"": ""random"", ""src"": ""inner_cv"", ""thr"": 0.1721}]",8.85,bootstrap unit: molecule
T3,wide,random,all,fg_pyrrole_ring,F1.sqrt,knn,auroc,0.8237,0.7738,0.8717,0.5,,,,5141,5141,1000,20846,inner_cv,"[{""fold"": ""random"", ""k"": 10, ""src"": ""inner_cv"", ""thr"": 0.0883}]",42.25,bootstrap unit: molecule
T3,wide,random,all,fg_pyrrole_ring,F1.sqrt,knn,auprc,0.2207,0.1518,0.3117,0.0187,,,,5141,5141,1000,20846,inner_cv,"[{""fold"": ""random"", ""k"": 10, ""src"": ""inner_cv"", ""thr"": 0.0883}]",42.25,bootstrap unit: molecule
T3,wide,random,all,fg_pyrrole_ring,F1.sqrt,knn,bal_acc,0.8027,0.7562,0.8463,0.5,,,,5141,5141,1000,20846,inner_cv,"[{""fold"": ""random"", ""k"": 10, ""src"": ""inner_cv"", ""thr"": 0.0883}]",42.25,bootstrap unit: molecule
T3,wide,random,all,fg_pyrrole_ring,F2.lt1700,majority,auroc,0.5,0.5,0.5,0.5,,,,5141,5141,1000,20846,fixed,"[{""fold"": ""random"", ""src"": ""fixed"", ""thr"": 0.5}]",3.72,bootstrap unit: molecule
T3,wide,random,all,fg_pyrrole_ring,F2.lt1700,majority,auprc,0.0187,0.015,0.0224,0.0187,,,,5141,5141,1000,20846,fixed,"[{""fold"": ""random"", ""src"": ""fixed"", ""thr"": 0.5}]",3.72,bootstrap unit: molecule
T3,wide,random,all,fg_pyrrole_ring,F2.lt1700,majority,bal_acc,0.5,0.5,0.5,0.5,,,,5141,5141,1000,20846,fixed,"[{""fold"": ""random"", ""src"": ""fixed"", ""thr"": 0.5}]",3.72,bootstrap unit: molecule
T3,wide,random,all,fg_pyrrole_ring,F2.lt1700,lr,auroc,0.9392,0.9183,0.9571,0.5,,,,5141,5141,1000,20846,inner_cv,"[{""fold"": ""random"", ""C"": 0.01, ""src"": ""inner_cv"", ""thr"": 0.2019}]",64.38,bootstrap unit: molecule
T3,wide,random,all,fg_pyrrole_ring,F2.lt1700,lr,auprc,0.2822,0.213,0.3903,0.0187,,,,5141,5141,1000,20846,inner_cv,"[{""fold"": ""random"", ""C"": 0.01, ""src"": ""inner_cv"", ""thr"": 0.2019}]",64.38,bootstrap unit: molecule
T3,wide,random,all,fg_pyrrole_ring,F2.lt1700,lr,bal_acc,0.8727,0.8427,0.9001,0.5,,,,5141,5141,1000,20846,inner_cv,"[{""fold"": ""random"", ""C"": 0.01, ""src"": ""inner_cv"", ""thr"": 0.2019}]",64.38,bootstrap unit: molecule
T3,wide,random,all,fg_pyrrole_ring,F2.lt1700,hgb,auroc,0.9697,0.953,0.9816,0.5,,,,5141,5141,1000,20846,inner_cv,"[{""fold"": ""random"", ""src"": ""inner_cv"", ""thr"": 0.0391}]",41.43,bootstrap unit: molecule
T3,wide,random,all,fg_pyrrole_ring,F2.lt1700,hgb,auprc,0.4356,0.3413,0.5505,0.0187,,,,5141,5141,1000,20846,inner_cv,"[{""fold"": ""random"", ""src"": ""inner_cv"", ""thr"": 0.0391}]",41.43,bootstrap unit: molecule
T3,wide,random,all,fg_pyrrole_ring,F2.lt1700,hgb,bal_acc,0.9216,0.9002,0.9408,0.5,,,,5141,5141,1000,20846,inner_cv,"[{""fold"": ""random"", ""src"": ""inner_cv"", ""thr"": 0.0391}]",41.43,bootstrap unit: molecule
T3,wide,random,all,fg_pyrrole_ring,F2.lt1700,knn,auroc,0.8522,0.8067,0.8985,0.5,,,,5141,5141,1000,20846,inner_cv,"[{""fold"": ""random"", ""k"": 10, ""src"": ""inner_cv"", ""thr"": 0.0823}]",88.21,bootstrap unit: molecule
T3,wide,random,all,fg_pyrrole_ring,F2.lt1700,knn,auprc,0.2978,0.2114,0.3926,0.0187,,,,5141,5141,1000,20846,inner_cv,"[{""fold"": ""random"", ""k"": 10, ""src"": ""inner_cv"", ""thr"": 0.0823}]",88.21,bootstrap unit: molecule
T3,wide,random,all,fg_pyrrole_ring,F2.lt1700,knn,bal_acc,0.8258,0.7798,0.87,0.5,,,,5141,5141,1000,20846,inner_cv,"[{""fold"": ""random"", ""k"": 10, ""src"": ""inner_cv"", ""thr"": 0.0823}]",88.21,bootstrap unit: molecule
T3,wide,random,all,fg_pyrrole_ring,F3.lt1700,majority,auroc,0.5,0.5,0.5,0.5,,,,5141,5141,1000,20846,fixed,"[{""fold"": ""random"", ""src"": ""fixed"", ""thr"": 0.5}]",2.12,bootstrap unit: molecule
T3,wide,random,all,fg_pyrrole_ring,F3.lt1700,majority,auprc,0.0187,0.015,0.0224,0.0187,,,,5141,5141,1000,20846,fixed,"[{""fold"": ""random"", ""src"": ""fixed"", ""thr"": 0.5}]",2.12,bootstrap unit: molecule
T3,wide,random,all,fg_pyrrole_ring,F3.lt1700,majority,bal_acc,0.5,0.5,0.5,0.5,,,,5141,5141,1000,20846,fixed,"[{""fold"": ""random"", ""src"": ""fixed"", ""thr"": 0.5}]",2.12,bootstrap unit: molecule
T3,wide,random,all,fg_pyrrole_ring,F3.lt1700,lr,auroc,0.9456,0.9258,0.9625,0.5,,,,5141,5141,1000,20846,inner_cv,"[{""fold"": ""random"", ""C"": 0.01, ""src"": ""inner_cv"", ""thr"": 0.3656}]",101.24,bootstrap unit: molecule
T3,wide,random,all,fg_pyrrole_ring,F3.lt1700,lr,auprc,0.2996,0.2201,0.4077,0.0187,,,,5141,5141,1000,20846,inner_cv,"[{""fold"": ""random"", ""C"": 0.01, ""src"": ""inner_cv"", ""thr"": 0.3656}]",101.24,bootstrap unit: molecule
T3,wide,random,all,fg_pyrrole_ring,F3.lt1700,lr,bal_acc,0.8819,0.8459,0.9156,0.5,,,,5141,5141,1000,20846,inner_cv,"[{""fold"": ""random"", ""C"": 0.01, ""src"": ""inner_cv"", ""thr"": 0.3656}]",101.24,bootstrap unit: molecule
T3,wide,random,all,fg_pyrrole_ring,F3.lt1700,hgb,auroc,0.9752,0.9644,0.9841,0.5,,,,5141,5141,1000,20846,inner_cv,"[{""fold"": ""random"", ""src"": ""inner_cv"", ""thr"": 0.0239}]",35.55,bootstrap unit: molecule
T3,wide,random,all,fg_pyrrole_ring,F3.lt1700,hgb,auprc,0.5106,0.4091,0.617,0.0187,,,,5141,5141,1000,20846,inner_cv,"[{""fold"": ""random"", ""src"": ""inner_cv"", ""thr"": 0.0239}]",35.55,bootstrap unit: molecule
T3,wide,random,all,fg_pyrrole_ring,F3.lt1700,hgb,bal_acc,0.9318,0.9117,0.9484,0.5,,,,5141,5141,1000,20846,inner_cv,"[{""fold"": ""random"", ""src"": ""inner_cv"", ""thr"": 0.0239}]",35.55,bootstrap unit: molecule
T3,wide,random,all,fg_pyrrole_ring,F3.lt1700,knn,auroc,0.8738,0.8318,0.9165,0.5,,,,5141,5141,1000,20846,inner_cv,"[{""fold"": ""random"", ""k"": 10, ""src"": ""inner_cv"", ""thr"": 0.0759}]",70.68,bootstrap unit: molecule
T3,wide,random,all,fg_pyrrole_ring,F3.lt1700,knn,auprc,0.3011,0.218,0.4002,0.0187,,,,5141,5141,1000,20846,inner_cv,"[{""fold"": ""random"", ""k"": 10, ""src"": ""inner_cv"", ""thr"": 0.0759}]",70.68,bootstrap unit: molecule
T3,wide,random,all,fg_pyrrole_ring,F3.lt1700,knn,bal_acc,0.8564,0.8133,0.8987,0.5,,,,5141,5141,1000,20846,inner_cv,"[{""fold"": ""random"", ""k"": 10, ""src"": ""inner_cv"", ""thr"": 0.0759}]",70.68,bootstrap unit: molecule
T3,wide,random,all,fg_imidazole_ring,F1,majority,auroc,0.5,0.5,0.5,0.5,,,,5141,5141,1000,20846,fixed,"[{""fold"": ""random"", ""src"": ""fixed"", ""thr"": 0.5}]",1.55,bootstrap unit: molecule
T3,wide,random,all,fg_imidazole_ring,F1,majority,auprc,0.0111,0.008,0.014,0.0111,,,,5141,5141,1000,20846,fixed,"[{""fold"": ""random"", ""src"": ""fixed"", ""thr"": 0.5}]",1.55,bootstrap unit: molecule
T3,wide,random,all,fg_imidazole_ring,F1,majority,bal_acc,0.5,0.5,0.5,0.5,,,,5141,5141,1000,20846,fixed,"[{""fold"": ""random"", ""src"": ""fixed"", ""thr"": 0.5}]",1.55,bootstrap unit: molecule
T3,wide,random,all,fg_imidazole_ring,F1,lr,auroc,0.9563,0.9436,0.9677,0.5,0.0099,100,0.4972,5141,5141,1000,20846,inner_cv,"[{""fold"": ""random"", ""C"": 0.1, ""src"": ""inner_cv"", ""thr"": 0.2352}]",5.39,bootstrap unit: molecule
T3,wide,random,all,fg_imidazole_ring,F1,lr,auprc,0.1912,0.1199,0.2954,0.0111,,,,5141,5141,1000,20846,inner_cv,"[{""fold"": ""random"", ""C"": 0.1, ""src"": ""inner_cv"", ""thr"": 0.2352}]",5.39,bootstrap unit: molecule
T3,wide,random,all,fg_imidazole_ring,F1,lr,bal_acc,0.9018,0.8702,0.9285,0.5,,,,5141,5141,1000,20846,inner_cv,"[{""fold"": ""random"", ""C"": 0.1, ""src"": ""inner_cv"", ""thr"": 0.2352}]",5.39,bootstrap unit: molecule
T3,wide,random,all,fg_imidazole_ring,F1,hgb,auroc,0.957,0.9424,0.9688,0.5,,,,5141,5141,1000,20846,inner_cv,"[{""fold"": ""random"", ""src"": ""inner_cv"", ""thr"": 0.042}]",7.43,bootstrap unit: molecule
T3,wide,random,all,fg_imidazole_ring,F1,hgb,auprc,0.3041,0.1868,0.4424,0.0111,,,,5141,5141,1000,20846,inner_cv,"[{""fold"": ""random"", ""src"": ""inner_cv"", ""thr"": 0.042}]",7.43,bootstrap unit: molecule
T3,wide,random,all,fg_imidazole_ring,F1,hgb,bal_acc,0.8814,0.8621,0.8939,0.5,,,,5141,5141,1000,20846,inner_cv,"[{""fold"": ""random"", ""src"": ""inner_cv"", ""thr"": 0.042}]",7.43,bootstrap unit: molecule
T3,wide,random,all,fg_imidazole_ring,F1,knn,auroc,0.7105,0.6431,0.782,0.5,,,,5141,5141,1000,20846,inner_cv,"[{""fold"": ""random"", ""k"": 10, ""src"": ""inner_cv"", ""thr"": 0.0776}]",60.67,bootstrap unit: molecule
T3,wide,random,all,fg_imidazole_ring,F1,knn,auprc,0.1371,0.0633,0.2371,0.0111,,,,5141,5141,1000,20846,inner_cv,"[{""fold"": ""random"", ""k"": 10, ""src"": ""inner_cv"", ""thr"": 0.0776}]",60.67,bootstrap unit: molecule
T3,wide,random,all,fg_imidazole_ring,F1,knn,bal_acc,0.698,0.6319,0.7653,0.5,,,,5141,5141,1000,20846,inner_cv,"[{""fold"": ""random"", ""k"": 10, ""src"": ""inner_cv"", ""thr"": 0.0776}]",60.67,bootstrap unit: molecule
T3,wide,random,all,fg_imidazole_ring,F1pos,majority,auroc,0.5,0.5,0.5,0.5,,,,5141,5141,1000,20846,fixed,"[{""fold"": ""random"", ""src"": ""fixed"", ""thr"": 0.5}]",1.98,bootstrap unit: molecule
T3,wide,random,all,fg_imidazole_ring,F1pos,majority,auprc,0.0111,0.008,0.014,0.0111,,,,5141,5141,1000,20846,fixed,"[{""fold"": ""random"", ""src"": ""fixed"", ""thr"": 0.5}]",1.98,bootstrap unit: molecule
T3,wide,random,all,fg_imidazole_ring,F1pos,majority,bal_acc,0.5,0.5,0.5,0.5,,,,5141,5141,1000,20846,fixed,"[{""fold"": ""random"", ""src"": ""fixed"", ""thr"": 0.5}]",1.98,bootstrap unit: molecule
T3,wide,random,all,fg_imidazole_ring,F1pos,lr,auroc,0.9218,0.8987,0.9399,0.5,,,,5141,5141,1000,20846,inner_cv,"[{""fold"": ""random"", ""C"": 0.01, ""src"": ""inner_cv"", ""thr"": 0.259}]",4.99,bootstrap unit: molecule
T3,wide,random,all,fg_imidazole_ring,F1pos,lr,auprc,0.1385,0.0797,0.2272,0.0111,,,,5141,5141,1000,20846,inner_cv,"[{""fold"": ""random"", ""C"": 0.01, ""src"": ""inner_cv"", ""thr"": 0.259}]",4.99,bootstrap unit: molecule
T3,wide,random,all,fg_imidazole_ring,F1pos,lr,bal_acc,0.8431,0.7964,0.8826,0.5,,,,5141,5141,1000,20846,inner_cv,"[{""fold"": ""random"", ""C"": 0.01, ""src"": ""inner_cv"", ""thr"": 0.259}]",4.99,bootstrap unit: molecule
T3,wide,random,all,fg_imidazole_ring,F1pos,hgb,auroc,0.9252,0.8996,0.9463,0.5,,,,5141,5141,1000,20846,inner_cv,"[{""fold"": ""random"", ""src"": ""inner_cv"", ""thr"": 0.0533}]",6.17,bootstrap unit: molecule
T3,wide,random,all,fg_imidazole_ring,F1pos,hgb,auprc,0.1579,0.0949,0.2688,0.0111,,,,5141,5141,1000,20846,inner_cv,"[{""fold"": ""random"", ""src"": ""inner_cv"", ""thr"": 0.0533}]",6.17,bootstrap unit: molecule
T3,wide,random,all,fg_imidazole_ring,F1pos,hgb,bal_acc,0.8226,0.7963,0.8429,0.5,,,,5141,5141,1000,20846,inner_cv,"[{""fold"": ""random"", ""src"": ""inner_cv"", ""thr"": 0.0533}]",6.17,bootstrap unit: molecule
T3,wide,random,all,fg_imidazole_ring,F1pos,knn,auroc,0.6819,0.6174,0.7485,0.5,,,,5141,5141,1000,20846,inner_cv,"[{""fold"": ""random"", ""k"": 10, ""src"": ""inner_cv"", ""thr"": 0.0939}]",55.83,bootstrap unit: molecule
T3,wide,random,all,fg_imidazole_ring,F1pos,knn,auprc,0.1073,0.0429,0.2068,0.0111,,,,5141,5141,1000,20846,inner_cv,"[{""fold"": ""random"", ""k"": 10, ""src"": ""inner_cv"", ""thr"": 0.0939}]",55.83,bootstrap unit: molecule
T3,wide,random,all,fg_imidazole_ring,F1pos,knn,bal_acc,0.6804,0.6175,0.7454,0.5,,,,5141,5141,1000,20846,inner_cv,"[{""fold"": ""random"", ""k"": 10, ""src"": ""inner_cv"", ""thr"": 0.0939}]",55.83,bootstrap unit: molecule
T3,wide,random,all,fg_imidazole_ring,F2,majority,auroc,0.5,0.5,0.5,0.5,,,,5141,5141,1000,20846,fixed,"[{""fold"": ""random"", ""src"": ""fixed"", ""thr"": 0.5}]",2.08,bootstrap unit: molecule
T3,wide,random,all,fg_imidazole_ring,F2,majority,auprc,0.0111,0.008,0.014,0.0111,,,,5141,5141,1000,20846,fixed,"[{""fold"": ""random"", ""src"": ""fixed"", ""thr"": 0.5}]",2.08,bootstrap unit: molecule
T3,wide,random,all,fg_imidazole_ring,F2,majority,bal_acc,0.5,0.5,0.5,0.5,,,,5141,5141,1000,20846,fixed,"[{""fold"": ""random"", ""src"": ""fixed"", ""thr"": 0.5}]",2.08,bootstrap unit: molecule
T3,wide,random,all,fg_imidazole_ring,F2,lr,auroc,0.9554,0.9404,0.9691,0.5,,,,5141,5141,1000,20846,inner_cv,"[{""fold"": ""random"", ""C"": 0.01, ""src"": ""inner_cv"", ""thr"": 0.1037}]",96.93,bootstrap unit: molecule
T3,wide,random,all,fg_imidazole_ring,F2,lr,auprc,0.2212,0.1419,0.3406,0.0111,,,,5141,5141,1000,20846,inner_cv,"[{""fold"": ""random"", ""C"": 0.01, ""src"": ""inner_cv"", ""thr"": 0.1037}]",96.93,bootstrap unit: molecule
T3,wide,random,all,fg_imidazole_ring,F2,lr,bal_acc,0.8961,0.8632,0.9228,0.5,,,,5141,5141,1000,20846,inner_cv,"[{""fold"": ""random"", ""C"": 0.01, ""src"": ""inner_cv"", ""thr"": 0.1037}]",96.93,bootstrap unit: molecule
T3,wide,random,all,fg_imidazole_ring,F2,hgb,auroc,0.971,0.9554,0.9827,0.5,,,,5141,5141,1000,20846,inner_cv,"[{""fold"": ""random"", ""src"": ""inner_cv"", ""thr"": 0.0067}]",37.12,bootstrap unit: molecule
T3,wide,random,all,fg_imidazole_ring,F2,hgb,auprc,0.3995,0.2821,0.5268,0.0111,,,,5141,5141,1000,20846,inner_cv,"[{""fold"": ""random"", ""src"": ""inner_cv"", ""thr"": 0.0067}]",37.12,bootstrap unit: molecule
T3,wide,random,all,fg_imidazole_ring,F2,hgb,bal_acc,0.8948,0.8612,0.9209,0.5,,,,5141,5141,1000,20846,inner_cv,"[{""fold"": ""random"", ""src"": ""inner_cv"", ""thr"": 0.0067}]",37.12,bootstrap unit: molecule
T3,wide,random,all,fg_imidazole_ring,F2,knn,auroc,0.8223,0.7606,0.8847,0.5,,,,5141,5141,1000,20846,inner_cv,"[{""fold"": ""random"", ""k"": 10, ""src"": ""inner_cv"", ""thr"": 0.0721}]",107.62,bootstrap unit: molecule
T3,wide,random,all,fg_imidazole_ring,F2,knn,auprc,0.2842,0.1748,0.4066,0.0111,,,,5141,5141,1000,20846,inner_cv,"[{""fold"": ""random"", ""k"": 10, ""src"": ""inner_cv"", ""thr"": 0.0721}]",107.62,bootstrap unit: molecule
T3,wide,random,all,fg_imidazole_ring,F2,knn,bal_acc,0.8113,0.7529,0.871,0.5,,,,5141,5141,1000,20846,inner_cv,"[{""fold"": ""random"", ""k"": 10, ""src"": ""inner_cv"", ""thr"": 0.0721}]",107.62,bootstrap unit: molecule
T3,wide,random,all,fg_imidazole_ring,F3,majority,auroc,0.5,0.5,0.5,0.5,,,,5141,5141,1000,20846,fixed,"[{""fold"": ""random"", ""src"": ""fixed"", ""thr"": 0.5}]",2.25,bootstrap unit: molecule
T3,wide,random,all,fg_imidazole_ring,F3,majority,auprc,0.0111,0.008,0.014,0.0111,,,,5141,5141,1000,20846,fixed,"[{""fold"": ""random"", ""src"": ""fixed"", ""thr"": 0.5}]",2.25,bootstrap unit: molecule
T3,wide,random,all,fg_imidazole_ring,F3,majority,bal_acc,0.5,0.5,0.5,0.5,,,,5141,5141,1000,20846,fixed,"[{""fold"": ""random"", ""src"": ""fixed"", ""thr"": 0.5}]",2.25,bootstrap unit: molecule
T3,wide,random,all,fg_imidazole_ring,F3,lr,auroc,0.9581,0.9434,0.9712,0.5,,,,5141,5141,1000,20846,inner_cv,"[{""fold"": ""random"", ""C"": 0.01, ""src"": ""inner_cv"", ""thr"": 0.1348}]",111.04,bootstrap unit: molecule
T3,wide,random,all,fg_imidazole_ring,F3,lr,auprc,0.2505,0.1627,0.3836,0.0111,,,,5141,5141,1000,20846,inner_cv,"[{""fold"": ""random"", ""C"": 0.01, ""src"": ""inner_cv"", ""thr"": 0.1348}]",111.04,bootstrap unit: molecule
T3,wide,random,all,fg_imidazole_ring,F3,lr,bal_acc,0.8969,0.8605,0.9262,0.5,,,,5141,5141,1000,20846,inner_cv,"[{""fold"": ""random"", ""C"": 0.01, ""src"": ""inner_cv"", ""thr"": 0.1348}]",111.04,bootstrap unit: molecule
T3,wide,random,all,fg_imidazole_ring,F3,hgb,auroc,0.9739,0.9612,0.9844,0.5,0.0099,100,0.5013,5141,5141,1000,20846,inner_cv,"[{""fold"": ""random"", ""src"": ""inner_cv"", ""thr"": 0.0056}]",39.52,bootstrap unit: molecule
T3,wide,random,all,fg_imidazole_ring,F3,hgb,auprc,0.4182,0.2938,0.5534,0.0111,,,,5141,5141,1000,20846,inner_cv,"[{""fold"": ""random"", ""src"": ""inner_cv"", ""thr"": 0.0056}]",39.52,bootstrap unit: molecule
T3,wide,random,all,fg_imidazole_ring,F3,hgb,bal_acc,0.9171,0.894,0.9296,0.5,,,,5141,5141,1000,20846,inner_cv,"[{""fold"": ""random"", ""src"": ""inner_cv"", ""thr"": 0.0056}]",39.52,bootstrap unit: molecule
T3,wide,random,all,fg_imidazole_ring,F3,knn,auroc,0.8393,0.7779,0.8953,0.5,,,,5141,5141,1000,20846,inner_cv,"[{""fold"": ""random"", ""k"": 10, ""src"": ""inner_cv"", ""thr"": 0.068}]",96.41,bootstrap unit: molecule
T3,wide,random,all,fg_imidazole_ring,F3,knn,auprc,0.3451,0.2209,0.4755,0.0111,,,,5141,5141,1000,20846,inner_cv,"[{""fold"": ""random"", ""k"": 10, ""src"": ""inner_cv"", ""thr"": 0.068}]",96.41,bootstrap unit: molecule
T3,wide,random,all,fg_imidazole_ring,F3,knn,bal_acc,0.8261,0.7664,0.8802,0.5,,,,5141,5141,1000,20846,inner_cv,"[{""fold"": ""random"", ""k"": 10, ""src"": ""inner_cv"", ""thr"": 0.068}]",96.41,bootstrap unit: molecule
T3,wide,random,all,fg_imidazole_ring,F1.sqrt,majority,auroc,0.5,0.5,0.5,0.5,,,,5141,5141,1000,20846,fixed,"[{""fold"": ""random"", ""src"": ""fixed"", ""thr"": 0.5}]",1.95,bootstrap unit: molecule
T3,wide,random,all,fg_imidazole_ring,F1.sqrt,majority,auprc,0.0111,0.008,0.014,0.0111,,,,5141,5141,1000,20846,fixed,"[{""fold"": ""random"", ""src"": ""fixed"", ""thr"": 0.5}]",1.95,bootstrap unit: molecule
T3,wide,random,all,fg_imidazole_ring,F1.sqrt,majority,bal_acc,0.5,0.5,0.5,0.5,,,,5141,5141,1000,20846,fixed,"[{""fold"": ""random"", ""src"": ""fixed"", ""thr"": 0.5}]",1.95,bootstrap unit: molecule
T3,wide,random,all,fg_imidazole_ring,F1.sqrt,lr,auroc,0.9514,0.9375,0.9632,0.5,,,,5141,5141,1000,20846,inner_cv,"[{""fold"": ""random"", ""C"": 0.01, ""src"": ""inner_cv"", ""thr"": 0.2631}]",5.12,bootstrap unit: molecule
T3,wide,random,all,fg_imidazole_ring,F1.sqrt,lr,auprc,0.1651,0.1053,0.2604,0.0111,,,,5141,5141,1000,20846,inner_cv,"[{""fold"": ""random"", ""C"": 0.01, ""src"": ""inner_cv"", ""thr"": 0.2631}]",5.12,bootstrap unit: molecule
T3,wide,random,all,fg_imidazole_ring,F1.sqrt,lr,bal_acc,0.9075,0.8857,0.9205,0.5,,,,5141,5141,1000,20846,inner_cv,"[{""fold"": ""random"", ""C"": 0.01, ""src"": ""inner_cv"", ""thr"": 0.2631}]",5.12,bootstrap unit: molecule
T3,wide,random,all,fg_imidazole_ring,F1.sqrt,hgb,auroc,0.957,0.9424,0.9688,0.5,,,,5141,5141,1000,20846,inner_cv,"[{""fold"": ""random"", ""src"": ""inner_cv"", ""thr"": 0.042}]",10.33,bootstrap unit: molecule
T3,wide,random,all,fg_imidazole_ring,F1.sqrt,hgb,auprc,0.3041,0.1868,0.4424,0.0111,,,,5141,5141,1000,20846,inner_cv,"[{""fold"": ""random"", ""src"": ""inner_cv"", ""thr"": 0.042}]",10.33,bootstrap unit: molecule
T3,wide,random,all,fg_imidazole_ring,F1.sqrt,hgb,bal_acc,0.8814,0.8621,0.8939,0.5,,,,5141,5141,1000,20846,inner_cv,"[{""fold"": ""random"", ""src"": ""inner_cv"", ""thr"": 0.042}]",10.33,bootstrap unit: molecule
T3,wide,random,all,fg_imidazole_ring,F1.sqrt,knn,auroc,0.7976,0.7332,0.8585,0.5,,,,5141,5141,1000,20846,inner_cv,"[{""fold"": ""random"", ""k"": 10, ""src"": ""inner_cv"", ""thr"": 0.085}]",41.01,bootstrap unit: molecule
T3,wide,random,all,fg_imidazole_ring,F1.sqrt,knn,auprc,0.2004,0.1088,0.3183,0.0111,,,,5141,5141,1000,20846,inner_cv,"[{""fold"": ""random"", ""k"": 10, ""src"": ""inner_cv"", ""thr"": 0.085}]",41.01,bootstrap unit: molecule
T3,wide,random,all,fg_imidazole_ring,F1.sqrt,knn,bal_acc,0.7835,0.7214,0.8423,0.5,,,,5141,5141,1000,20846,inner_cv,"[{""fold"": ""random"", ""k"": 10, ""src"": ""inner_cv"", ""thr"": 0.085}]",41.01,bootstrap unit: molecule
T3,wide,random,all,fg_imidazole_ring,F2.lt1700,majority,auroc,0.5,0.5,0.5,0.5,,,,5141,5141,1000,20846,fixed,"[{""fold"": ""random"", ""src"": ""fixed"", ""thr"": 0.5}]",2.51,bootstrap unit: molecule
T3,wide,random,all,fg_imidazole_ring,F2.lt1700,majority,auprc,0.0111,0.008,0.014,0.0111,,,,5141,5141,1000,20846,fixed,"[{""fold"": ""random"", ""src"": ""fixed"", ""thr"": 0.5}]",2.51,bootstrap unit: molecule
T3,wide,random,all,fg_imidazole_ring,F2.lt1700,majority,bal_acc,0.5,0.5,0.5,0.5,,,,5141,5141,1000,20846,fixed,"[{""fold"": ""random"", ""src"": ""fixed"", ""thr"": 0.5}]",2.51,bootstrap unit: molecule
T3,wide,random,all,fg_imidazole_ring,F2.lt1700,lr,auroc,0.9523,0.9359,0.967,0.5,,,,5141,5141,1000,20846,inner_cv,"[{""fold"": ""random"", ""C"": 0.01, ""src"": ""inner_cv"", ""thr"": 0.1162}]",72.72,bootstrap unit: molecule
T3,wide,random,all,fg_imidazole_ring,F2.lt1700,lr,auprc,0.2232,0.141,0.3464,0.0111,,,,5141,5141,1000,20846,inner_cv,"[{""fold"": ""random"", ""C"": 0.01, ""src"": ""inner_cv"", ""thr"": 0.1162}]",72.72,bootstrap unit: molecule
T3,wide,random,all,fg_imidazole_ring,F2.lt1700,lr,bal_acc,0.8831,0.8461,0.9132,0.5,,,,5141,5141,1000,20846,inner_cv,"[{""fold"": ""random"", ""C"": 0.01, ""src"": ""inner_cv"", ""thr"": 0.1162}]",72.72,bootstrap unit: molecule
T3,wide,random,all,fg_imidazole_ring,F2.lt1700,hgb,auroc,0.9708,0.9548,0.9829,0.5,,,,5141,5141,1000,20846,inner_cv,"[{""fold"": ""random"", ""src"": ""inner_cv"", ""thr"": 0.0034}]",37.87,bootstrap unit: molecule
T3,wide,random,all,fg_imidazole_ring,F2.lt1700,hgb,auprc,0.3707,0.2593,0.5049,0.0111,,,,5141,5141,1000,20846,inner_cv,"[{""fold"": ""random"", ""src"": ""inner_cv"", ""thr"": 0.0034}]",37.87,bootstrap unit: molecule
T3,wide,random,all,fg_imidazole_ring,F2.lt1700,hgb,bal_acc,0.8733,0.8406,0.8931,0.5,,,,5141,5141,1000,20846,inner_cv,"[{""fold"": ""random"", ""src"": ""inner_cv"", ""thr"": 0.0034}]",37.87,bootstrap unit: molecule
T3,wide,random,all,fg_imidazole_ring,F2.lt1700,knn,auroc,0.8145,0.7502,0.8773,0.5,,,,5141,5141,1000,20846,inner_cv,"[{""fold"": ""random"", ""k"": 10, ""src"": ""inner_cv"", ""thr"": 0.0715}]",91.42,bootstrap unit: molecule
T3,wide,random,all,fg_imidazole_ring,F2.lt1700,knn,auprc,0.289,0.1774,0.4135,0.0111,,,,5141,5141,1000,20846,inner_cv,"[{""fold"": ""random"", ""k"": 10, ""src"": ""inner_cv"", ""thr"": 0.0715}]",91.42,bootstrap unit: molecule
T3,wide,random,all,fg_imidazole_ring,F2.lt1700,knn,bal_acc,0.8047,0.7425,0.867,0.5,,,,5141,5141,1000,20846,inner_cv,"[{""fold"": ""random"", ""k"": 10, ""src"": ""inner_cv"", ""thr"": 0.0715}]",91.42,bootstrap unit: molecule
T3,wide,random,all,fg_imidazole_ring,F3.lt1700,majority,auroc,0.5,0.5,0.5,0.5,,,,5141,5141,1000,20846,fixed,"[{""fold"": ""random"", ""src"": ""fixed"", ""thr"": 0.5}]",1.94,bootstrap unit: molecule
T3,wide,random,all,fg_imidazole_ring,F3.lt1700,majority,auprc,0.0111,0.008,0.014,0.0111,,,,5141,5141,1000,20846,fixed,"[{""fold"": ""random"", ""src"": ""fixed"", ""thr"": 0.5}]",1.94,bootstrap unit: molecule
T3,wide,random,all,fg_imidazole_ring,F3.lt1700,majority,bal_acc,0.5,0.5,0.5,0.5,,,,5141,5141,1000,20846,fixed,"[{""fold"": ""random"", ""src"": ""fixed"", ""thr"": 0.5}]",1.94,bootstrap unit: molecule
T3,wide,random,all,fg_imidazole_ring,F3.lt1700,lr,auroc,0.956,0.9402,0.97,0.5,,,,5141,5141,1000,20846,inner_cv,"[{""fold"": ""random"", ""C"": 0.01, ""src"": ""inner_cv"", ""thr"": 0.1147}]",99.85,bootstrap unit: molecule
T3,wide,random,all,fg_imidazole_ring,F3.lt1700,lr,auprc,0.2571,0.1629,0.3942,0.0111,,,,5141,5141,1000,20846,inner_cv,"[{""fold"": ""random"", ""C"": 0.01, ""src"": ""inner_cv"", ""thr"": 0.1147}]",99.85,bootstrap unit: molecule
T3,wide,random,all,fg_imidazole_ring,F3.lt1700,lr,bal_acc,0.8887,0.8529,0.918,0.5,,,,5141,5141,1000,20846,inner_cv,"[{""fold"": ""random"", ""C"": 0.01, ""src"": ""inner_cv"", ""thr"": 0.1147}]",99.85,bootstrap unit: molecule
T3,wide,random,all,fg_imidazole_ring,F3.lt1700,hgb,auroc,0.9669,0.9476,0.9811,0.5,,,,5141,5141,1000,20846,inner_cv,"[{""fold"": ""random"", ""src"": ""inner_cv"", ""thr"": 0.0031}]",36.24,bootstrap unit: molecule
T3,wide,random,all,fg_imidazole_ring,F3.lt1700,hgb,auprc,0.4132,0.2854,0.5436,0.0111,,,,5141,5141,1000,20846,inner_cv,"[{""fold"": ""random"", ""src"": ""inner_cv"", ""thr"": 0.0031}]",36.24,bootstrap unit: molecule
T3,wide,random,all,fg_imidazole_ring,F3.lt1700,hgb,bal_acc,0.8861,0.8531,0.9063,0.5,,,,5141,5141,1000,20846,inner_cv,"[{""fold"": ""random"", ""src"": ""inner_cv"", ""thr"": 0.0031}]",36.24,bootstrap unit: molecule
T3,wide,random,all,fg_imidazole_ring,F3.lt1700,knn,auroc,0.8139,0.7514,0.8778,0.5,,,,5141,5141,1000,20846,inner_cv,"[{""fold"": ""random"", ""k"": 10, ""src"": ""inner_cv"", ""thr"": 0.0669}]",103.9,bootstrap unit: molecule
T3,wide,random,all,fg_imidazole_ring,F3.lt1700,knn,auprc,0.3187,0.2011,0.4488,0.0111,,,,5141,5141,1000,20846,inner_cv,"[{""fold"": ""random"", ""k"": 10, ""src"": ""inner_cv"", ""thr"": 0.0669}]",103.9,bootstrap unit: molecule
T3,wide,random,all,fg_imidazole_ring,F3.lt1700,knn,bal_acc,0.8031,0.7428,0.866,0.5,,,,5141,5141,1000,20846,inner_cv,"[{""fold"": ""random"", ""k"": 10, ""src"": ""inner_cv"", ""thr"": 0.0669}]",103.9,bootstrap unit: molecule
T3,wide,random,all,fg_lactam,F1,majority,auroc,0.5,0.5,0.5,0.5,,,,5141,5141,1000,20846,fixed,"[{""fold"": ""random"", ""src"": ""fixed"", ""thr"": 0.5}]",1.65,bootstrap unit: molecule
T3,wide,random,all,fg_lactam,F1,majority,auprc,0.0461,0.0405,0.0519,0.0461,,,,5141,5141,1000,20846,fixed,"[{""fold"": ""random"", ""src"": ""fixed"", ""thr"": 0.5}]",1.65,bootstrap unit: molecule
T3,wide,random,all,fg_lactam,F1,majority,bal_acc,0.5,0.5,0.5,0.5,,,,5141,5141,1000,20846,fixed,"[{""fold"": ""random"", ""src"": ""fixed"", ""thr"": 0.5}]",1.65,bootstrap unit: molecule
T3,wide,random,all,fg_lactam,F1,lr,auroc,0.8309,0.8066,0.8525,0.5,0.0099,100,0.4983,5141,5141,1000,20846,inner_cv,"[{""fold"": ""random"", ""C"": 0.01, ""src"": ""inner_cv"", ""thr"": 0.422}]",4.03,bootstrap unit: molecule
T3,wide,random,all,fg_lactam,F1,lr,auprc,0.2075,0.1699,0.2595,0.0461,,,,5141,5141,1000,20846,inner_cv,"[{""fold"": ""random"", ""C"": 0.01, ""src"": ""inner_cv"", ""thr"": 0.422}]",4.03,bootstrap unit: molecule
T3,wide,random,all,fg_lactam,F1,lr,bal_acc,0.77,0.746,0.7918,0.5,,,,5141,5141,1000,20846,inner_cv,"[{""fold"": ""random"", ""C"": 0.01, ""src"": ""inner_cv"", ""thr"": 0.422}]",4.03,bootstrap unit: molecule
T3,wide,random,all,fg_lactam,F1,hgb,auroc,0.8692,0.8458,0.8892,0.5,,,,5141,5141,1000,20846,inner_cv,"[{""fold"": ""random"", ""src"": ""inner_cv"", ""thr"": 0.3267}]",10.32,bootstrap unit: molecule
T3,wide,random,all,fg_lactam,F1,hgb,auprc,0.2794,0.2291,0.3353,0.0461,,,,5141,5141,1000,20846,inner_cv,"[{""fold"": ""random"", ""src"": ""inner_cv"", ""thr"": 0.3267}]",10.32,bootstrap unit: molecule
T3,wide,random,all,fg_lactam,F1,hgb,bal_acc,0.7873,0.7642,0.8082,0.5,,,,5141,5141,1000,20846,inner_cv,"[{""fold"": ""random"", ""src"": ""inner_cv"", ""thr"": 0.3267}]",10.32,bootstrap unit: molecule
T3,wide,random,all,fg_lactam,F1,knn,auroc,0.6578,0.6232,0.6932,0.5,,,,5141,5141,1000,20846,inner_cv,"[{""fold"": ""random"", ""k"": 10, ""src"": ""inner_cv"", ""thr"": 0.0672}]",56.58,bootstrap unit: molecule
T3,wide,random,all,fg_lactam,F1,knn,auprc,0.1031,0.0807,0.1343,0.0461,,,,5141,5141,1000,20846,inner_cv,"[{""fold"": ""random"", ""k"": 10, ""src"": ""inner_cv"", ""thr"": 0.0672}]",56.58,bootstrap unit: molecule
T3,wide,random,all,fg_lactam,F1,knn,bal_acc,0.6417,0.6091,0.6741,0.5,,,,5141,5141,1000,20846,inner_cv,"[{""fold"": ""random"", ""k"": 10, ""src"": ""inner_cv"", ""thr"": 0.0672}]",56.58,bootstrap unit: molecule
T3,wide,random,all,fg_lactam,F1pos,majority,auroc,0.5,0.5,0.5,0.5,,,,5141,5141,1000,20846,fixed,"[{""fold"": ""random"", ""src"": ""fixed"", ""thr"": 0.5}]",2.45,bootstrap unit: molecule
T3,wide,random,all,fg_lactam,F1pos,majority,auprc,0.0461,0.0405,0.0519,0.0461,,,,5141,5141,1000,20846,fixed,"[{""fold"": ""random"", ""src"": ""fixed"", ""thr"": 0.5}]",2.45,bootstrap unit: molecule
T3,wide,random,all,fg_lactam,F1pos,majority,bal_acc,0.5,0.5,0.5,0.5,,,,5141,5141,1000,20846,fixed,"[{""fold"": ""random"", ""src"": ""fixed"", ""thr"": 0.5}]",2.45,bootstrap unit: molecule
T3,wide,random,all,fg_lactam,F1pos,lr,auroc,0.8585,0.8368,0.8792,0.5,,,,5141,5141,1000,20846,inner_cv,"[{""fold"": ""random"", ""C"": 0.01, ""src"": ""inner_cv"", ""thr"": 0.4458}]",4.97,bootstrap unit: molecule
T3,wide,random,all,fg_lactam,F1pos,lr,auprc,0.2159,0.178,0.2682,0.0461,,,,5141,5141,1000,20846,inner_cv,"[{""fold"": ""random"", ""C"": 0.01, ""src"": ""inner_cv"", ""thr"": 0.4458}]",4.97,bootstrap unit: molecule
T3,wide,random,all,fg_lactam,F1pos,lr,bal_acc,0.7864,0.759,0.8118,0.5,,,,5141,5141,1000,20846,inner_cv,"[{""fold"": ""random"", ""C"": 0.01, ""src"": ""inner_cv"", ""thr"": 0.4458}]",4.97,bootstrap unit: molecule
T3,wide,random,all,fg_lactam,F1pos,hgb,auroc,0.8552,0.832,0.8761,0.5,,,,5141,5141,1000,20846,inner_cv,"[{""fold"": ""random"", ""src"": ""inner_cv"", ""thr"": 0.4168}]",5.58,bootstrap unit: molecule
T3,wide,random,all,fg_lactam,F1pos,hgb,auprc,0.2523,0.2023,0.3127,0.0461,,,,5141,5141,1000,20846,inner_cv,"[{""fold"": ""random"", ""src"": ""inner_cv"", ""thr"": 0.4168}]",5.58,bootstrap unit: molecule
T3,wide,random,all,fg_lactam,F1pos,hgb,bal_acc,0.7933,0.7682,0.8159,0.5,,,,5141,5141,1000,20846,inner_cv,"[{""fold"": ""random"", ""src"": ""inner_cv"", ""thr"": 0.4168}]",5.58,bootstrap unit: molecule
T3,wide,random,all,fg_lactam,F1pos,knn,auroc,0.5436,0.5129,0.5764,0.5,,,,5141,5141,1000,20846,inner_cv,"[{""fold"": ""random"", ""k"": 10, ""src"": ""inner_cv"", ""thr"": 0.0933}]",63.16,bootstrap unit: molecule
T3,wide,random,all,fg_lactam,F1pos,knn,auprc,0.056,0.0467,0.0693,0.0461,,,,5141,5141,1000,20846,inner_cv,"[{""fold"": ""random"", ""k"": 10, ""src"": ""inner_cv"", ""thr"": 0.0933}]",63.16,bootstrap unit: molecule
T3,wide,random,all,fg_lactam,F1pos,knn,bal_acc,0.5366,0.5084,0.5683,0.5,,,,5141,5141,1000,20846,inner_cv,"[{""fold"": ""random"", ""k"": 10, ""src"": ""inner_cv"", ""thr"": 0.0933}]",63.16,bootstrap unit: molecule
T3,wide,random,all,fg_lactam,F2,majority,auroc,0.5,0.5,0.5,0.5,,,,5141,5141,1000,20846,fixed,"[{""fold"": ""random"", ""src"": ""fixed"", ""thr"": 0.5}]",2.13,bootstrap unit: molecule
T3,wide,random,all,fg_lactam,F2,majority,auprc,0.0461,0.0405,0.0519,0.0461,,,,5141,5141,1000,20846,fixed,"[{""fold"": ""random"", ""src"": ""fixed"", ""thr"": 0.5}]",2.13,bootstrap unit: molecule
T3,wide,random,all,fg_lactam,F2,majority,bal_acc,0.5,0.5,0.5,0.5,,,,5141,5141,1000,20846,fixed,"[{""fold"": ""random"", ""src"": ""fixed"", ""thr"": 0.5}]",2.13,bootstrap unit: molecule
T3,wide,random,all,fg_lactam,F2,lr,auroc,0.8234,0.7986,0.8458,0.5,,,,5141,5141,1000,20846,inner_cv,"[{""fold"": ""random"", ""C"": 0.01, ""src"": ""inner_cv"", ""thr"": 0.389}]",130.93,bootstrap unit: molecule
T3,wide,random,all,fg_lactam,F2,lr,auprc,0.1973,0.1617,0.2485,0.0461,,,,5141,5141,1000,20846,inner_cv,"[{""fold"": ""random"", ""C"": 0.01, ""src"": ""inner_cv"", ""thr"": 0.389}]",130.93,bootstrap unit: molecule
T3,wide,random,all,fg_lactam,F2,lr,bal_acc,0.7536,0.7292,0.7769,0.5,,,,5141,5141,1000,20846,inner_cv,"[{""fold"": ""random"", ""C"": 0.01, ""src"": ""inner_cv"", ""thr"": 0.389}]",130.93,bootstrap unit: molecule
T3,wide,random,all,fg_lactam,F2,hgb,auroc,0.8916,0.8727,0.9085,0.5,,,,5141,5141,1000,20846,inner_cv,"[{""fold"": ""random"", ""src"": ""inner_cv"", ""thr"": 0.2091}]",41.51,bootstrap unit: molecule
T3,wide,random,all,fg_lactam,F2,hgb,auprc,0.3037,0.2527,0.3684,0.0461,,,,5141,5141,1000,20846,inner_cv,"[{""fold"": ""random"", ""src"": ""inner_cv"", ""thr"": 0.2091}]",41.51,bootstrap unit: molecule
T3,wide,random,all,fg_lactam,F2,hgb,bal_acc,0.8105,0.7878,0.8302,0.5,,,,5141,5141,1000,20846,inner_cv,"[{""fold"": ""random"", ""src"": ""inner_cv"", ""thr"": 0.2091}]",41.51,bootstrap unit: molecule
T3,wide,random,all,fg_lactam,F2,knn,auroc,0.7484,0.7135,0.7813,0.5,,,,5141,5141,1000,20846,inner_cv,"[{""fold"": ""random"", ""k"": 10, ""src"": ""inner_cv"", ""thr"": 0.0901}]",105.26,bootstrap unit: molecule
T3,wide,random,all,fg_lactam,F2,knn,auprc,0.2174,0.1698,0.2737,0.0461,,,,5141,5141,1000,20846,inner_cv,"[{""fold"": ""random"", ""k"": 10, ""src"": ""inner_cv"", ""thr"": 0.0901}]",105.26,bootstrap unit: molecule
T3,wide,random,all,fg_lactam,F2,knn,bal_acc,0.7283,0.6947,0.7598,0.5,,,,5141,5141,1000,20846,inner_cv,"[{""fold"": ""random"", ""k"": 10, ""src"": ""inner_cv"", ""thr"": 0.0901}]",105.26,bootstrap unit: molecule
T3,wide,random,all,fg_lactam,F3,majority,auroc,0.5,0.5,0.5,0.5,,,,5141,5141,1000,20846,fixed,"[{""fold"": ""random"", ""src"": ""fixed"", ""thr"": 0.5}]",2.23,bootstrap unit: molecule
T3,wide,random,all,fg_lactam,F3,majority,auprc,0.0461,0.0405,0.0519,0.0461,,,,5141,5141,1000,20846,fixed,"[{""fold"": ""random"", ""src"": ""fixed"", ""thr"": 0.5}]",2.23,bootstrap unit: molecule
T3,wide,random,all,fg_lactam,F3,majority,bal_acc,0.5,0.5,0.5,0.5,,,,5141,5141,1000,20846,fixed,"[{""fold"": ""random"", ""src"": ""fixed"", ""thr"": 0.5}]",2.23,bootstrap unit: molecule
T3,wide,random,all,fg_lactam,F3,lr,auroc,0.8496,0.8289,0.8698,0.5,,,,5141,5141,1000,20846,inner_cv,"[{""fold"": ""random"", ""C"": 0.01, ""src"": ""inner_cv"", ""thr"": 0.4367}]",211.47,bootstrap unit: molecule
T3,wide,random,all,fg_lactam,F3,lr,auprc,0.2287,0.1874,0.2792,0.0461,,,,5141,5141,1000,20846,inner_cv,"[{""fold"": ""random"", ""C"": 0.01, ""src"": ""inner_cv"", ""thr"": 0.4367}]",211.47,bootstrap unit: molecule
T3,wide,random,all,fg_lactam,F3,lr,bal_acc,0.7681,0.7425,0.7921,0.5,,,,5141,5141,1000,20846,inner_cv,"[{""fold"": ""random"", ""C"": 0.01, ""src"": ""inner_cv"", ""thr"": 0.4367}]",211.47,bootstrap unit: molecule
T3,wide,random,all,fg_lactam,F3,hgb,auroc,0.9302,0.9173,0.9416,0.5,0.0099,100,0.5021,5141,5141,1000,20846,inner_cv,"[{""fold"": ""random"", ""src"": ""inner_cv"", ""thr"": 0.2088}]",45.95,bootstrap unit: molecule
T3,wide,random,all,fg_lactam,F3,hgb,auprc,0.4241,0.3591,0.4888,0.0461,,,,5141,5141,1000,20846,inner_cv,"[{""fold"": ""random"", ""src"": ""inner_cv"", ""thr"": 0.2088}]",45.95,bootstrap unit: molecule
T3,wide,random,all,fg_lactam,F3,hgb,bal_acc,0.8573,0.8388,0.8733,0.5,,,,5141,5141,1000,20846,inner_cv,"[{""fold"": ""random"", ""src"": ""inner_cv"", ""thr"": 0.2088}]",45.95,bootstrap unit: molecule
T3,wide,random,all,fg_lactam,F3,knn,auroc,0.797,0.7644,0.8278,0.5,,,,5141,5141,1000,20846,inner_cv,"[{""fold"": ""random"", ""k"": 10, ""src"": ""inner_cv"", ""thr"": 0.0901}]",122.06,bootstrap unit: molecule
T3,wide,random,all,fg_lactam,F3,knn,auprc,0.2714,0.2192,0.3298,0.0461,,,,5141,5141,1000,20846,inner_cv,"[{""fold"": ""random"", ""k"": 10, ""src"": ""inner_cv"", ""thr"": 0.0901}]",122.06,bootstrap unit: molecule
T3,wide,random,all,fg_lactam,F3,knn,bal_acc,0.7752,0.7456,0.8028,0.5,,,,5141,5141,1000,20846,inner_cv,"[{""fold"": ""random"", ""k"": 10, ""src"": ""inner_cv"", ""thr"": 0.0901}]",122.06,bootstrap unit: molecule
T3,wide,random,all,fg_lactam,F1.sqrt,majority,auroc,0.5,0.5,0.5,0.5,,,,5141,5141,1000,20846,fixed,"[{""fold"": ""random"", ""src"": ""fixed"", ""thr"": 0.5}]",1.38,bootstrap unit: molecule
T3,wide,random,all,fg_lactam,F1.sqrt,majority,auprc,0.0461,0.0405,0.0519,0.0461,,,,5141,5141,1000,20846,fixed,"[{""fold"": ""random"", ""src"": ""fixed"", ""thr"": 0.5}]",1.38,bootstrap unit: molecule
T3,wide,random,all,fg_lactam,F1.sqrt,majority,bal_acc,0.5,0.5,0.5,0.5,,,,5141,5141,1000,20846,fixed,"[{""fold"": ""random"", ""src"": ""fixed"", ""thr"": 0.5}]",1.38,bootstrap unit: molecule
T3,wide,random,all,fg_lactam,F1.sqrt,lr,auroc,0.8495,0.8276,0.87,0.5,,,,5141,5141,1000,20846,inner_cv,"[{""fold"": ""random"", ""C"": 0.01, ""src"": ""inner_cv"", ""thr"": 0.3915}]",3.38,bootstrap unit: molecule
T3,wide,random,all,fg_lactam,F1.sqrt,lr,auprc,0.2152,0.1774,0.2704,0.0461,,,,5141,5141,1000,20846,inner_cv,"[{""fold"": ""random"", ""C"": 0.01, ""src"": ""inner_cv"", ""thr"": 0.3915}]",3.38,bootstrap unit: molecule
T3,wide,random,all,fg_lactam,F1.sqrt,lr,bal_acc,0.7752,0.7522,0.7951,0.5,,,,5141,5141,1000,20846,inner_cv,"[{""fold"": ""random"", ""C"": 0.01, ""src"": ""inner_cv"", ""thr"": 0.3915}]",3.38,bootstrap unit: molecule
T3,wide,random,all,fg_lactam,F1.sqrt,hgb,auroc,0.8692,0.8458,0.8894,0.5,,,,5141,5141,1000,20846,inner_cv,"[{""fold"": ""random"", ""src"": ""inner_cv"", ""thr"": 0.3267}]",5.76,bootstrap unit: molecule
T3,wide,random,all,fg_lactam,F1.sqrt,hgb,auprc,0.2804,0.2294,0.3358,0.0461,,,,5141,5141,1000,20846,inner_cv,"[{""fold"": ""random"", ""src"": ""inner_cv"", ""thr"": 0.3267}]",5.76,bootstrap unit: molecule
T3,wide,random,all,fg_lactam,F1.sqrt,hgb,bal_acc,0.7873,0.7642,0.8082,0.5,,,,5141,5141,1000,20846,inner_cv,"[{""fold"": ""random"", ""src"": ""inner_cv"", ""thr"": 0.3267}]",5.76,bootstrap unit: molecule
T3,wide,random,all,fg_lactam,F1.sqrt,knn,auroc,0.6568,0.6202,0.6899,0.5,,,,5141,5141,1000,20846,inner_cv,"[{""fold"": ""random"", ""k"": 10, ""src"": ""inner_cv"", ""thr"": 0.0923}]",69.19,bootstrap unit: molecule
T3,wide,random,all,fg_lactam,F1.sqrt,knn,auprc,0.1177,0.0898,0.1574,0.0461,,,,5141,5141,1000,20846,inner_cv,"[{""fold"": ""random"", ""k"": 10, ""src"": ""inner_cv"", ""thr"": 0.0923}]",69.19,bootstrap unit: molecule
T3,wide,random,all,fg_lactam,F1.sqrt,knn,bal_acc,0.6407,0.6078,0.6712,0.5,,,,5141,5141,1000,20846,inner_cv,"[{""fold"": ""random"", ""k"": 10, ""src"": ""inner_cv"", ""thr"": 0.0923}]",69.19,bootstrap unit: molecule
T3,wide,random,all,fg_lactam,F2.lt1700,majority,auroc,0.5,0.5,0.5,0.5,,,,5141,5141,1000,20846,fixed,"[{""fold"": ""random"", ""src"": ""fixed"", ""thr"": 0.5}]",2.05,bootstrap unit: molecule
T3,wide,random,all,fg_lactam,F2.lt1700,majority,auprc,0.0461,0.0405,0.0519,0.0461,,,,5141,5141,1000,20846,fixed,"[{""fold"": ""random"", ""src"": ""fixed"", ""thr"": 0.5}]",2.05,bootstrap unit: molecule
T3,wide,random,all,fg_lactam,F2.lt1700,majority,bal_acc,0.5,0.5,0.5,0.5,,,,5141,5141,1000,20846,fixed,"[{""fold"": ""random"", ""src"": ""fixed"", ""thr"": 0.5}]",2.05,bootstrap unit: molecule
T3,wide,random,all,fg_lactam,F2.lt1700,lr,auroc,0.7509,0.7203,0.7778,0.5,,,,5141,5141,1000,20846,inner_cv,"[{""fold"": ""random"", ""C"": 0.01, ""src"": ""inner_cv"", ""thr"": 0.4473}]",169.13,bootstrap unit: molecule
T3,wide,random,all,fg_lactam,F2.lt1700,lr,auprc,0.1278,0.1041,0.1642,0.0461,,,,5141,5141,1000,20846,inner_cv,"[{""fold"": ""random"", ""C"": 0.01, ""src"": ""inner_cv"", ""thr"": 0.4473}]",169.13,bootstrap unit: molecule
T3,wide,random,all,fg_lactam,F2.lt1700,lr,bal_acc,0.6855,0.6562,0.7126,0.5,,,,5141,5141,1000,20846,inner_cv,"[{""fold"": ""random"", ""C"": 0.01, ""src"": ""inner_cv"", ""thr"": 0.4473}]",169.13,bootstrap unit: molecule
T3,wide,random,all,fg_lactam,F2.lt1700,hgb,auroc,0.8519,0.8275,0.8711,0.5,,,,5141,5141,1000,20846,inner_cv,"[{""fold"": ""random"", ""src"": ""inner_cv"", ""thr"": 0.2704}]",44.87,bootstrap unit: molecule
T3,wide,random,all,fg_lactam,F2.lt1700,hgb,auprc,0.2557,0.2045,0.3146,0.0461,,,,5141,5141,1000,20846,inner_cv,"[{""fold"": ""random"", ""src"": ""inner_cv"", ""thr"": 0.2704}]",44.87,bootstrap unit: molecule
T3,wide,random,all,fg_lactam,F2.lt1700,hgb,bal_acc,0.7736,0.7476,0.7959,0.5,,,,5141,5141,1000,20846,inner_cv,"[{""fold"": ""random"", ""src"": ""inner_cv"", ""thr"": 0.2704}]",44.87,bootstrap unit: molecule
T3,wide,random,all,fg_lactam,F2.lt1700,knn,auroc,0.6736,0.6383,0.7064,0.5,,,,5141,5141,1000,20846,inner_cv,"[{""fold"": ""random"", ""k"": 10, ""src"": ""inner_cv"", ""thr"": 0.0863}]",114.78,bootstrap unit: molecule
T3,wide,random,all,fg_lactam,F2.lt1700,knn,auprc,0.1249,0.096,0.1635,0.0461,,,,5141,5141,1000,20846,inner_cv,"[{""fold"": ""random"", ""k"": 10, ""src"": ""inner_cv"", ""thr"": 0.0863}]",114.78,bootstrap unit: molecule
T3,wide,random,all,fg_lactam,F2.lt1700,knn,bal_acc,0.661,0.6271,0.6921,0.5,,,,5141,5141,1000,20846,inner_cv,"[{""fold"": ""random"", ""k"": 10, ""src"": ""inner_cv"", ""thr"": 0.0863}]",114.78,bootstrap unit: molecule
T3,wide,random,all,fg_lactam,F3.lt1700,majority,auroc,0.5,0.5,0.5,0.5,,,,5141,5141,1000,20846,fixed,"[{""fold"": ""random"", ""src"": ""fixed"", ""thr"": 0.5}]",3.34,bootstrap unit: molecule
T3,wide,random,all,fg_lactam,F3.lt1700,majority,auprc,0.0461,0.0405,0.0519,0.0461,,,,5141,5141,1000,20846,fixed,"[{""fold"": ""random"", ""src"": ""fixed"", ""thr"": 0.5}]",3.34,bootstrap unit: molecule
T3,wide,random,all,fg_lactam,F3.lt1700,majority,bal_acc,0.5,0.5,0.5,0.5,,,,5141,5141,1000,20846,fixed,"[{""fold"": ""random"", ""src"": ""fixed"", ""thr"": 0.5}]",3.34,bootstrap unit: molecule
T3,wide,random,all,fg_lactam,F3.lt1700,lr,auroc,0.7718,0.7429,0.7976,0.5,,,,5141,5141,1000,20846,inner_cv,"[{""fold"": ""random"", ""C"": 0.01, ""src"": ""inner_cv"", ""thr"": 0.4673}]",117.92,bootstrap unit: molecule
T3,wide,random,all,fg_lactam,F3.lt1700,lr,auprc,0.1532,0.1224,0.1988,0.0461,,,,5141,5141,1000,20846,inner_cv,"[{""fold"": ""random"", ""C"": 0.01, ""src"": ""inner_cv"", ""thr"": 0.4673}]",117.92,bootstrap unit: molecule
T3,wide,random,all,fg_lactam,F3.lt1700,lr,bal_acc,0.6952,0.664,0.7236,0.5,,,,5141,5141,1000,20846,inner_cv,"[{""fold"": ""random"", ""C"": 0.01, ""src"": ""inner_cv"", ""thr"": 0.4673}]",117.92,bootstrap unit: molecule
T3,wide,random,all,fg_lactam,F3.lt1700,hgb,auroc,0.9041,0.8894,0.9188,0.5,,,,5141,5141,1000,20846,inner_cv,"[{""fold"": ""random"", ""src"": ""inner_cv"", ""thr"": 0.1798}]",47.4,bootstrap unit: molecule
T3,wide,random,all,fg_lactam,F3.lt1700,hgb,auprc,0.364,0.3072,0.4244,0.0461,,,,5141,5141,1000,20846,inner_cv,"[{""fold"": ""random"", ""src"": ""inner_cv"", ""thr"": 0.1798}]",47.4,bootstrap unit: molecule
T3,wide,random,all,fg_lactam,F3.lt1700,hgb,bal_acc,0.8219,0.8061,0.8364,0.5,,,,5141,5141,1000,20846,inner_cv,"[{""fold"": ""random"", ""src"": ""inner_cv"", ""thr"": 0.1798}]",47.4,bootstrap unit: molecule
T3,wide,random,all,fg_lactam,F3.lt1700,knn,auroc,0.6934,0.6578,0.7285,0.5,,,,5141,5141,1000,20846,inner_cv,"[{""fold"": ""random"", ""k"": 10, ""src"": ""inner_cv"", ""thr"": 0.0878}]",100.23,bootstrap unit: molecule
T3,wide,random,all,fg_lactam,F3.lt1700,knn,auprc,0.1726,0.1311,0.2226,0.0461,,,,5141,5141,1000,20846,inner_cv,"[{""fold"": ""random"", ""k"": 10, ""src"": ""inner_cv"", ""thr"": 0.0878}]",100.23,bootstrap unit: molecule
T3,wide,random,all,fg_lactam,F3.lt1700,knn,bal_acc,0.6769,0.6453,0.7097,0.5,,,,5141,5141,1000,20846,inner_cv,"[{""fold"": ""random"", ""k"": 10, ""src"": ""inner_cv"", ""thr"": 0.0878}]",100.23,bootstrap unit: molecule
T3,wide,scaffold,all,fg_primary_amine,F1,majority,auroc,0.5,0.5,0.5,0.5,,,,5198,4222,1000,20789,fixed,"[{""fold"": ""scaffold"", ""src"": ""fixed"", ""thr"": 0.5}]",1.46,bootstrap unit: scaffold
T3,wide,scaffold,all,fg_primary_amine,F1,majority,auprc,0.0056,0.0037,0.0078,0.0056,,,,5198,4222,1000,20789,fixed,"[{""fold"": ""scaffold"", ""src"": ""fixed"", ""thr"": 0.5}]",1.46,bootstrap unit: scaffold
T3,wide,scaffold,all,fg_primary_amine,F1,majority,bal_acc,0.5,0.5,0.5,0.5,,,,5198,4222,1000,20789,fixed,"[{""fold"": ""scaffold"", ""src"": ""fixed"", ""thr"": 0.5}]",1.46,bootstrap unit: scaffold
T3,wide,scaffold,all,fg_primary_amine,F1,lr,auroc,0.7744,0.6691,0.858,0.5,0.0099,100,0.5022,5198,4222,1000,20789,inner_cv,"[{""fold"": ""scaffold"", ""C"": 10.0, ""src"": ""inner_cv"", ""thr"": 0.4407}]",2.86,bootstrap unit: scaffold
T3,wide,scaffold,all,fg_primary_amine,F1,lr,auprc,0.0182,0.0105,0.0307,0.0056,,,,5198,4222,1000,20789,inner_cv,"[{""fold"": ""scaffold"", ""C"": 10.0, ""src"": ""inner_cv"", ""thr"": 0.4407}]",2.86,bootstrap unit: scaffold
T3,wide,scaffold,all,fg_primary_amine,F1,lr,bal_acc,0.7499,0.6611,0.8246,0.5,,,,5198,4222,1000,20789,inner_cv,"[{""fold"": ""scaffold"", ""C"": 10.0, ""src"": ""inner_cv"", ""thr"": 0.4407}]",2.86,bootstrap unit: scaffold
T3,wide,scaffold,all,fg_primary_amine,F1,hgb,auroc,0.9625,0.9283,0.9873,0.5,,,,5198,4222,1000,20789,inner_cv,"[{""fold"": ""scaffold"", ""src"": ""inner_cv"", ""thr"": 0.1737}]",6.08,bootstrap unit: scaffold
T3,wide,scaffold,all,fg_primary_amine,F1,hgb,auprc,0.2471,0.1317,0.4238,0.0056,,,,5198,4222,1000,20789,inner_cv,"[{""fold"": ""scaffold"", ""src"": ""inner_cv"", ""thr"": 0.1737}]",6.08,bootstrap unit: scaffold
T3,wide,scaffold,all,fg_primary_amine,F1,hgb,bal_acc,0.8963,0.8283,0.9487,0.5,,,,5198,4222,1000,20789,inner_cv,"[{""fold"": ""scaffold"", ""src"": ""inner_cv"", ""thr"": 0.1737}]",6.08,bootstrap unit: scaffold
T3,wide,scaffold,all,fg_primary_amine,F1,knn,auroc,0.6007,0.5071,0.6937,0.5,,,,5198,4222,1000,20789,inner_cv,"[{""fold"": ""scaffold"", ""k"": 10, ""src"": ""inner_cv"", ""thr"": 0.0886}]",49.52,bootstrap unit: scaffold
T3,wide,scaffold,all,fg_primary_amine,F1,knn,auprc,0.0583,0.0076,0.185,0.0056,,,,5198,4222,1000,20789,inner_cv,"[{""fold"": ""scaffold"", ""k"": 10, ""src"": ""inner_cv"", ""thr"": 0.0886}]",49.52,bootstrap unit: scaffold
T3,wide,scaffold,all,fg_primary_amine,F1,knn,bal_acc,0.5514,0.4716,0.6362,0.5,,,,5198,4222,1000,20789,inner_cv,"[{""fold"": ""scaffold"", ""k"": 10, ""src"": ""inner_cv"", ""thr"": 0.0886}]",49.52,bootstrap unit: scaffold
T3,wide,scaffold,all,fg_primary_amine,F1pos,majority,auroc,0.5,0.5,0.5,0.5,,,,5198,4222,1000,20789,fixed,"[{""fold"": ""scaffold"", ""src"": ""fixed"", ""thr"": 0.5}]",1.74,bootstrap unit: scaffold
T3,wide,scaffold,all,fg_primary_amine,F1pos,majority,auprc,0.0056,0.0037,0.0078,0.0056,,,,5198,4222,1000,20789,fixed,"[{""fold"": ""scaffold"", ""src"": ""fixed"", ""thr"": 0.5}]",1.74,bootstrap unit: scaffold
T3,wide,scaffold,all,fg_primary_amine,F1pos,majority,bal_acc,0.5,0.5,0.5,0.5,,,,5198,4222,1000,20789,fixed,"[{""fold"": ""scaffold"", ""src"": ""fixed"", ""thr"": 0.5}]",1.74,bootstrap unit: scaffold
T3,wide,scaffold,all,fg_primary_amine,F1pos,lr,auroc,0.954,0.9348,0.9698,0.5,,,,5198,4222,1000,20789,inner_cv,"[{""fold"": ""scaffold"", ""C"": 0.01, ""src"": ""inner_cv"", ""thr"": 0.2614}]",4.3,bootstrap unit: scaffold
T3,wide,scaffold,all,fg_primary_amine,F1pos,lr,auprc,0.1265,0.0569,0.2757,0.0056,,,,5198,4222,1000,20789,inner_cv,"[{""fold"": ""scaffold"", ""C"": 0.01, ""src"": ""inner_cv"", ""thr"": 0.2614}]",4.3,bootstrap unit: scaffold
T3,wide,scaffold,all,fg_primary_amine,F1pos,lr,bal_acc,0.9114,0.9059,0.9167,0.5,,,,5198,4222,1000,20789,inner_cv,"[{""fold"": ""scaffold"", ""C"": 0.01, ""src"": ""inner_cv"", ""thr"": 0.2614}]",4.3,bootstrap unit: scaffold
T3,wide,scaffold,all,fg_primary_amine,F1pos,hgb,auroc,0.9394,0.9209,0.9561,0.5,,,,5198,4222,1000,20789,inner_cv,"[{""fold"": ""scaffold"", ""src"": ""inner_cv"", ""thr"": 0.1267}]",5.55,bootstrap unit: scaffold
T3,wide,scaffold,all,fg_primary_amine,F1pos,hgb,auprc,0.0552,0.0321,0.109,0.0056,,,,5198,4222,1000,20789,inner_cv,"[{""fold"": ""scaffold"", ""src"": ""inner_cv"", ""thr"": 0.1267}]",5.55,bootstrap unit: scaffold
T3,wide,scaffold,all,fg_primary_amine,F1pos,hgb,bal_acc,0.903,0.8971,0.9088,0.5,,,,5198,4222,1000,20789,inner_cv,"[{""fold"": ""scaffold"", ""src"": ""inner_cv"", ""thr"": 0.1267}]",5.55,bootstrap unit: scaffold
T3,wide,scaffold,all,fg_primary_amine,F1pos,knn,auroc,0.5851,0.5062,0.6709,0.5,,,,5198,4222,1000,20789,inner_cv,"[{""fold"": ""scaffold"", ""k"": 10, ""src"": ""inner_cv"", ""thr"": 0.0938}]",59.5,bootstrap unit: scaffold
T3,wide,scaffold,all,fg_primary_amine,F1pos,knn,auprc,0.0105,0.005,0.0291,0.0056,,,,5198,4222,1000,20789,inner_cv,"[{""fold"": ""scaffold"", ""k"": 10, ""src"": ""inner_cv"", ""thr"": 0.0938}]",59.5,bootstrap unit: scaffold
T3,wide,scaffold,all,fg_primary_amine,F1pos,knn,bal_acc,0.5877,0.5075,0.6709,0.5,,,,5198,4222,1000,20789,inner_cv,"[{""fold"": ""scaffold"", ""k"": 10, ""src"": ""inner_cv"", ""thr"": 0.0938}]",59.5,bootstrap unit: scaffold
T3,wide,scaffold,all,fg_primary_amine,F2,majority,auroc,0.5,0.5,0.5,0.5,,,,5198,4222,1000,20789,fixed,"[{""fold"": ""scaffold"", ""src"": ""fixed"", ""thr"": 0.5}]",2.13,bootstrap unit: scaffold
T3,wide,scaffold,all,fg_primary_amine,F2,majority,auprc,0.0056,0.0037,0.0078,0.0056,,,,5198,4222,1000,20789,fixed,"[{""fold"": ""scaffold"", ""src"": ""fixed"", ""thr"": 0.5}]",2.13,bootstrap unit: scaffold
T3,wide,scaffold,all,fg_primary_amine,F2,majority,bal_acc,0.5,0.5,0.5,0.5,,,,5198,4222,1000,20789,fixed,"[{""fold"": ""scaffold"", ""src"": ""fixed"", ""thr"": 0.5}]",2.13,bootstrap unit: scaffold
T3,wide,scaffold,all,fg_primary_amine,F2,lr,auroc,0.7334,0.629,0.826,0.5,,,,5198,4222,1000,20789,inner_cv,"[{""fold"": ""scaffold"", ""C"": 0.01, ""src"": ""inner_cv"", ""thr"": 0.3291}]",164.99,bootstrap unit: scaffold
T3,wide,scaffold,all,fg_primary_amine,F2,lr,auprc,0.0153,0.0088,0.0282,0.0056,,,,5198,4222,1000,20789,inner_cv,"[{""fold"": ""scaffold"", ""C"": 0.01, ""src"": ""inner_cv"", ""thr"": 0.3291}]",164.99,bootstrap unit: scaffold
T3,wide,scaffold,all,fg_primary_amine,F2,lr,bal_acc,0.6627,0.5757,0.7449,0.5,,,,5198,4222,1000,20789,inner_cv,"[{""fold"": ""scaffold"", ""C"": 0.01, ""src"": ""inner_cv"", ""thr"": 0.3291}]",164.99,bootstrap unit: scaffold
T3,wide,scaffold,all,fg_primary_amine,F2,hgb,auroc,0.9691,0.9385,0.9899,0.5,,,,5198,4222,1000,20789,inner_cv,"[{""fold"": ""scaffold"", ""src"": ""inner_cv"", ""thr"": 0.0307}]",56.28,bootstrap unit: scaffold
T3,wide,scaffold,all,fg_primary_amine,F2,hgb,auprc,0.3852,0.2173,0.59,0.0056,,,,5198,4222,1000,20789,inner_cv,"[{""fold"": ""scaffold"", ""src"": ""inner_cv"", ""thr"": 0.0307}]",56.28,bootstrap unit: scaffold
T3,wide,scaffold,all,fg_primary_amine,F2,hgb,bal_acc,0.8877,0.8336,0.9251,0.5,,,,5198,4222,1000,20789,inner_cv,"[{""fold"": ""scaffold"", ""src"": ""inner_cv"", ""thr"": 0.0307}]",56.28,bootstrap unit: scaffold
T3,wide,scaffold,all,fg_primary_amine,F2,knn,auroc,0.594,0.5066,0.6891,0.5,,,,5198,4222,1000,20789,inner_cv,"[{""fold"": ""scaffold"", ""k"": 10, ""src"": ""inner_cv"", ""thr"": 0.0897}]",85.51,bootstrap unit: scaffold
T3,wide,scaffold,all,fg_primary_amine,F2,knn,auprc,0.0703,0.0075,0.194,0.0056,,,,5198,4222,1000,20789,inner_cv,"[{""fold"": ""scaffold"", ""k"": 10, ""src"": ""inner_cv"", ""thr"": 0.0897}]",85.51,bootstrap unit: scaffold
T3,wide,scaffold,all,fg_primary_amine,F2,knn,bal_acc,0.5742,0.4927,0.6626,0.5,,,,5198,4222,1000,20789,inner_cv,"[{""fold"": ""scaffold"", ""k"": 10, ""src"": ""inner_cv"", ""thr"": 0.0897}]",85.51,bootstrap unit: scaffold
T3,wide,scaffold,all,fg_primary_amine,F3,majority,auroc,0.5,0.5,0.5,0.5,,,,5198,4222,1000,20789,fixed,"[{""fold"": ""scaffold"", ""src"": ""fixed"", ""thr"": 0.5}]",1.67,bootstrap unit: scaffold
T3,wide,scaffold,all,fg_primary_amine,F3,majority,auprc,0.0056,0.0037,0.0078,0.0056,,,,5198,4222,1000,20789,fixed,"[{""fold"": ""scaffold"", ""src"": ""fixed"", ""thr"": 0.5}]",1.67,bootstrap unit: scaffold
T3,wide,scaffold,all,fg_primary_amine,F3,majority,bal_acc,0.5,0.5,0.5,0.5,,,,5198,4222,1000,20789,fixed,"[{""fold"": ""scaffold"", ""src"": ""fixed"", ""thr"": 0.5}]",1.67,bootstrap unit: scaffold
T3,wide,scaffold,all,fg_primary_amine,F3,lr,auroc,0.7586,0.6646,0.8413,0.5,,,,5198,4222,1000,20789,inner_cv,"[{""fold"": ""scaffold"", ""C"": 0.01, ""src"": ""inner_cv"", ""thr"": 0.3261}]",176.77,bootstrap unit: scaffold
T3,wide,scaffold,all,fg_primary_amine,F3,lr,auprc,0.0161,0.0094,0.0299,0.0056,,,,5198,4222,1000,20789,inner_cv,"[{""fold"": ""scaffold"", ""C"": 0.01, ""src"": ""inner_cv"", ""thr"": 0.3261}]",176.77,bootstrap unit: scaffold
T3,wide,scaffold,all,fg_primary_amine,F3,lr,bal_acc,0.7087,0.6288,0.7789,0.5,,,,5198,4222,1000,20789,inner_cv,"[{""fold"": ""scaffold"", ""C"": 0.01, ""src"": ""inner_cv"", ""thr"": 0.3261}]",176.77,bootstrap unit: scaffold
T3,wide,scaffold,all,fg_primary_amine,F3,hgb,auroc,0.9751,0.9529,0.9914,0.5,0.0099,100,0.503,5198,4222,1000,20789,inner_cv,"[{""fold"": ""scaffold"", ""src"": ""inner_cv"", ""thr"": 0.0221}]",35.04,bootstrap unit: scaffold
T3,wide,scaffold,all,fg_primary_amine,F3,hgb,auprc,0.4947,0.3054,0.6808,0.0056,,,,5198,4222,1000,20789,inner_cv,"[{""fold"": ""scaffold"", ""src"": ""inner_cv"", ""thr"": 0.0221}]",35.04,bootstrap unit: scaffold
T3,wide,scaffold,all,fg_primary_amine,F3,hgb,bal_acc,0.9037,0.8642,0.9248,0.5,,,,5198,4222,1000,20789,inner_cv,"[{""fold"": ""scaffold"", ""src"": ""inner_cv"", ""thr"": 0.0221}]",35.04,bootstrap unit: scaffold
T3,wide,scaffold,all,fg_primary_amine,F3,knn,auroc,0.6143,0.5219,0.707,0.5,,,,5198,4222,1000,20789,inner_cv,"[{""fold"": ""scaffold"", ""k"": 10, ""src"": ""inner_cv"", ""thr"": 0.0764}]",126.05,bootstrap unit: scaffold
T3,wide,scaffold,all,fg_primary_amine,F3,knn,auprc,0.0633,0.0087,0.1792,0.0056,,,,5198,4222,1000,20789,inner_cv,"[{""fold"": ""scaffold"", ""k"": 10, ""src"": ""inner_cv"", ""thr"": 0.0764}]",126.05,bootstrap unit: scaffold
T3,wide,scaffold,all,fg_primary_amine,F3,knn,bal_acc,0.6089,0.52,0.696,0.5,,,,5198,4222,1000,20789,inner_cv,"[{""fold"": ""scaffold"", ""k"": 10, ""src"": ""inner_cv"", ""thr"": 0.0764}]",126.05,bootstrap unit: scaffold
T3,wide,scaffold,all,fg_primary_amine,F1.sqrt,majority,auroc,0.5,0.5,0.5,0.5,,,,5198,4222,1000,20789,fixed,"[{""fold"": ""scaffold"", ""src"": ""fixed"", ""thr"": 0.5}]",8.29,bootstrap unit: scaffold
T3,wide,scaffold,all,fg_primary_amine,F1.sqrt,majority,auprc,0.0056,0.0037,0.0078,0.0056,,,,5198,4222,1000,20789,fixed,"[{""fold"": ""scaffold"", ""src"": ""fixed"", ""thr"": 0.5}]",8.29,bootstrap unit: scaffold
T3,wide,scaffold,all,fg_primary_amine,F1.sqrt,majority,bal_acc,0.5,0.5,0.5,0.5,,,,5198,4222,1000,20789,fixed,"[{""fold"": ""scaffold"", ""src"": ""fixed"", ""thr"": 0.5}]",8.29,bootstrap unit: scaffold
T3,wide,scaffold,all,fg_primary_amine,F1.sqrt,lr,auroc,0.8908,0.8547,0.9202,0.5,,,,5198,4222,1000,20789,inner_cv,"[{""fold"": ""scaffold"", ""C"": 0.01, ""src"": ""inner_cv"", ""thr"": 0.3795}]",5.22,bootstrap unit: scaffold
T3,wide,scaffold,all,fg_primary_amine,F1.sqrt,lr,auprc,0.031,0.0179,0.0667,0.0056,,,,5198,4222,1000,20789,inner_cv,"[{""fold"": ""scaffold"", ""C"": 0.01, ""src"": ""inner_cv"", ""thr"": 0.3795}]",5.22,bootstrap unit: scaffold
T3,wide,scaffold,all,fg_primary_amine,F1.sqrt,lr,bal_acc,0.8145,0.7355,0.8807,0.5,,,,5198,4222,1000,20789,inner_cv,"[{""fold"": ""scaffold"", ""C"": 0.01, ""src"": ""inner_cv"", ""thr"": 0.3795}]",5.22,bootstrap unit: scaffold
T3,wide,scaffold,all,fg_primary_amine,F1.sqrt,hgb,auroc,0.9625,0.9283,0.9873,0.5,,,,5198,4222,1000,20789,inner_cv,"[{""fold"": ""scaffold"", ""src"": ""inner_cv"", ""thr"": 0.1737}]",5.2,bootstrap unit: scaffold
T3,wide,scaffold,all,fg_primary_amine,F1.sqrt,hgb,auprc,0.2471,0.1317,0.4238,0.0056,,,,5198,4222,1000,20789,inner_cv,"[{""fold"": ""scaffold"", ""src"": ""inner_cv"", ""thr"": 0.1737}]",5.2,bootstrap unit: scaffold
T3,wide,scaffold,all,fg_primary_amine,F1.sqrt,hgb,bal_acc,0.8963,0.8283,0.9487,0.5,,,,5198,4222,1000,20789,inner_cv,"[{""fold"": ""scaffold"", ""src"": ""inner_cv"", ""thr"": 0.1737}]",5.2,bootstrap unit: scaffold
T3,wide,scaffold,all,fg_primary_amine,F1.sqrt,knn,auroc,0.6217,0.5338,0.7149,0.5,,,,5198,4222,1000,20789,inner_cv,"[{""fold"": ""scaffold"", ""k"": 10, ""src"": ""inner_cv"", ""thr"": 0.0934}]",55.97,bootstrap unit: scaffold
T3,wide,scaffold,all,fg_primary_amine,F1.sqrt,knn,auprc,0.0474,0.0064,0.1336,0.0056,,,,5198,4222,1000,20789,inner_cv,"[{""fold"": ""scaffold"", ""k"": 10, ""src"": ""inner_cv"", ""thr"": 0.0934}]",55.97,bootstrap unit: scaffold
T3,wide,scaffold,all,fg_primary_amine,F1.sqrt,knn,bal_acc,0.6238,0.5387,0.7149,0.5,,,,5198,4222,1000,20789,inner_cv,"[{""fold"": ""scaffold"", ""k"": 10, ""src"": ""inner_cv"", ""thr"": 0.0934}]",55.97,bootstrap unit: scaffold
T3,wide,scaffold,all,fg_primary_amine,F2.lt1700,majority,auroc,0.5,0.5,0.5,0.5,,,,5198,4222,1000,20789,fixed,"[{""fold"": ""scaffold"", ""src"": ""fixed"", ""thr"": 0.5}]",1.7,bootstrap unit: scaffold
T3,wide,scaffold,all,fg_primary_amine,F2.lt1700,majority,auprc,0.0056,0.0037,0.0078,0.0056,,,,5198,4222,1000,20789,fixed,"[{""fold"": ""scaffold"", ""src"": ""fixed"", ""thr"": 0.5}]",1.7,bootstrap unit: scaffold
T3,wide,scaffold,all,fg_primary_amine,F2.lt1700,majority,bal_acc,0.5,0.5,0.5,0.5,,,,5198,4222,1000,20789,fixed,"[{""fold"": ""scaffold"", ""src"": ""fixed"", ""thr"": 0.5}]",1.7,bootstrap unit: scaffold
T3,wide,scaffold,all,fg_primary_amine,F2.lt1700,lr,auroc,0.7319,0.6234,0.8275,0.5,,,,5198,4222,1000,20789,inner_cv,"[{""fold"": ""scaffold"", ""C"": 0.01, ""src"": ""inner_cv"", ""thr"": 0.3405}]",195.56,bootstrap unit: scaffold
T3,wide,scaffold,all,fg_primary_amine,F2.lt1700,lr,auprc,0.0159,0.0089,0.0294,0.0056,,,,5198,4222,1000,20789,inner_cv,"[{""fold"": ""scaffold"", ""C"": 0.01, ""src"": ""inner_cv"", ""thr"": 0.3405}]",195.56,bootstrap unit: scaffold
T3,wide,scaffold,all,fg_primary_amine,F2.lt1700,lr,bal_acc,0.7021,0.6177,0.7728,0.5,,,,5198,4222,1000,20789,inner_cv,"[{""fold"": ""scaffold"", ""C"": 0.01, ""src"": ""inner_cv"", ""thr"": 0.3405}]",195.56,bootstrap unit: scaffold
T3,wide,scaffold,all,fg_primary_amine,F2.lt1700,hgb,auroc,0.9615,0.9291,0.9855,0.5,,,,5198,4222,1000,20789,inner_cv,"[{""fold"": ""scaffold"", ""src"": ""inner_cv"", ""thr"": 0.0384}]",51.09,bootstrap unit: scaffold
T3,wide,scaffold,all,fg_primary_amine,F2.lt1700,hgb,auprc,0.4146,0.2352,0.619,0.0056,,,,5198,4222,1000,20789,inner_cv,"[{""fold"": ""scaffold"", ""src"": ""inner_cv"", ""thr"": 0.0384}]",51.09,bootstrap unit: scaffold
T3,wide,scaffold,all,fg_primary_amine,F2.lt1700,hgb,bal_acc,0.891,0.8377,0.9283,0.5,,,,5198,4222,1000,20789,inner_cv,"[{""fold"": ""scaffold"", ""src"": ""inner_cv"", ""thr"": 0.0384}]",51.09,bootstrap unit: scaffold
T3,wide,scaffold,all,fg_primary_amine,F2.lt1700,knn,auroc,0.5637,0.4843,0.6496,0.5,,,,5198,4222,1000,20789,inner_cv,"[{""fold"": ""scaffold"", ""k"": 10, ""src"": ""inner_cv"", ""thr"": 0.0917}]",93.53,bootstrap unit: scaffold
T3,wide,scaffold,all,fg_primary_amine,F2.lt1700,knn,auprc,0.0484,0.005,0.1408,0.0056,,,,5198,4222,1000,20789,inner_cv,"[{""fold"": ""scaffold"", ""k"": 10, ""src"": ""inner_cv"", ""thr"": 0.0917}]",93.53,bootstrap unit: scaffold
T3,wide,scaffold,all,fg_primary_amine,F2.lt1700,knn,bal_acc,0.5323,0.4668,0.6127,0.5,,,,5198,4222,1000,20789,inner_cv,"[{""fold"": ""scaffold"", ""k"": 10, ""src"": ""inner_cv"", ""thr"": 0.0917}]",93.53,bootstrap unit: scaffold
T3,wide,scaffold,all,fg_primary_amine,F3.lt1700,majority,auroc,0.5,0.5,0.5,0.5,,,,5198,4222,1000,20789,fixed,"[{""fold"": ""scaffold"", ""src"": ""fixed"", ""thr"": 0.5}]",1.3,bootstrap unit: scaffold
T3,wide,scaffold,all,fg_primary_amine,F3.lt1700,majority,auprc,0.0056,0.0037,0.0078,0.0056,,,,5198,4222,1000,20789,fixed,"[{""fold"": ""scaffold"", ""src"": ""fixed"", ""thr"": 0.5}]",1.3,bootstrap unit: scaffold
T3,wide,scaffold,all,fg_primary_amine,F3.lt1700,majority,bal_acc,0.5,0.5,0.5,0.5,,,,5198,4222,1000,20789,fixed,"[{""fold"": ""scaffold"", ""src"": ""fixed"", ""thr"": 0.5}]",1.3,bootstrap unit: scaffold
T3,wide,scaffold,all,fg_primary_amine,F3.lt1700,lr,auroc,0.7565,0.6525,0.8405,0.5,,,,5198,4222,1000,20789,inner_cv,"[{""fold"": ""scaffold"", ""C"": 0.01, ""src"": ""inner_cv"", ""thr"": 0.3929}]",88.27,bootstrap unit: scaffold
T3,wide,scaffold,all,fg_primary_amine,F3.lt1700,lr,auprc,0.0165,0.0094,0.0307,0.0056,,,,5198,4222,1000,20789,inner_cv,"[{""fold"": ""scaffold"", ""C"": 0.01, ""src"": ""inner_cv"", ""thr"": 0.3929}]",88.27,bootstrap unit: scaffold
T3,wide,scaffold,all,fg_primary_amine,F3.lt1700,lr,bal_acc,0.7303,0.6465,0.8012,0.5,,,,5198,4222,1000,20789,inner_cv,"[{""fold"": ""scaffold"", ""C"": 0.01, ""src"": ""inner_cv"", ""thr"": 0.3929}]",88.27,bootstrap unit: scaffold
T3,wide,scaffold,all,fg_primary_amine,F3.lt1700,hgb,auroc,0.9703,0.9464,0.9884,0.5,,,,5198,4222,1000,20789,inner_cv,"[{""fold"": ""scaffold"", ""src"": ""inner_cv"", ""thr"": 0.0082}]",51.45,bootstrap unit: scaffold
T3,wide,scaffold,all,fg_primary_amine,F3.lt1700,hgb,auprc,0.5023,0.3088,0.6885,0.0056,,,,5198,4222,1000,20789,inner_cv,"[{""fold"": ""scaffold"", ""src"": ""inner_cv"", ""thr"": 0.0082}]",51.45,bootstrap unit: scaffold
T3,wide,scaffold,all,fg_primary_amine,F3.lt1700,hgb,bal_acc,0.8619,0.8211,0.884,0.5,,,,5198,4222,1000,20789,inner_cv,"[{""fold"": ""scaffold"", ""src"": ""inner_cv"", ""thr"": 0.0082}]",51.45,bootstrap unit: scaffold
T3,wide,scaffold,all,fg_primary_amine,F3.lt1700,knn,auroc,0.5855,0.5024,0.6762,0.5,,,,5198,4222,1000,20789,inner_cv,"[{""fold"": ""scaffold"", ""k"": 10, ""src"": ""inner_cv"", ""thr"": 0.077}]",97.29,bootstrap unit: scaffold
T3,wide,scaffold,all,fg_primary_amine,F3.lt1700,knn,auprc,0.0509,0.006,0.1455,0.0056,,,,5198,4222,1000,20789,inner_cv,"[{""fold"": ""scaffold"", ""k"": 10, ""src"": ""inner_cv"", ""thr"": 0.077}]",97.29,bootstrap unit: scaffold
T3,wide,scaffold,all,fg_primary_amine,F3.lt1700,knn,bal_acc,0.5835,0.5021,0.6738,0.5,,,,5198,4222,1000,20789,inner_cv,"[{""fold"": ""scaffold"", ""k"": 10, ""src"": ""inner_cv"", ""thr"": 0.077}]",97.29,bootstrap unit: scaffold
T3,wide,scaffold,all,fg_secondary_amine,F1,majority,auroc,0.5,0.5,0.5,0.5,,,,5198,4222,1000,20789,fixed,"[{""fold"": ""scaffold"", ""src"": ""fixed"", ""thr"": 0.5}]",1.27,bootstrap unit: scaffold
T3,wide,scaffold,all,fg_secondary_amine,F1,majority,auprc,0.1441,0.1336,0.1555,0.1441,,,,5198,4222,1000,20789,fixed,"[{""fold"": ""scaffold"", ""src"": ""fixed"", ""thr"": 0.5}]",1.27,bootstrap unit: scaffold
T3,wide,scaffold,all,fg_secondary_amine,F1,majority,bal_acc,0.5,0.5,0.5,0.5,,,,5198,4222,1000,20789,fixed,"[{""fold"": ""scaffold"", ""src"": ""fixed"", ""thr"": 0.5}]",1.27,bootstrap unit: scaffold
T3,wide,scaffold,all,fg_secondary_amine,F1,lr,auroc,0.6593,0.6351,0.6835,0.5,0.0099,100,0.5016,5198,4222,1000,20789,inner_cv,"[{""fold"": ""scaffold"", ""C"": 0.1, ""src"": ""inner_cv"", ""thr"": 0.5036}]",4.89,bootstrap unit: scaffold
T3,wide,scaffold,all,fg_secondary_amine,F1,lr,auprc,0.2802,0.2491,0.3174,0.1441,,,,5198,4222,1000,20789,inner_cv,"[{""fold"": ""scaffold"", ""C"": 0.1, ""src"": ""inner_cv"", ""thr"": 0.5036}]",4.89,bootstrap unit: scaffold
T3,wide,scaffold,all,fg_secondary_amine,F1,lr,bal_acc,0.6236,0.6032,0.6429,0.5,,,,5198,4222,1000,20789,inner_cv,"[{""fold"": ""scaffold"", ""C"": 0.1, ""src"": ""inner_cv"", ""thr"": 0.5036}]",4.89,bootstrap unit: scaffold
T3,wide,scaffold,all,fg_secondary_amine,F1,hgb,auroc,0.6588,0.6355,0.6823,0.5,,,,5198,4222,1000,20789,inner_cv,"[{""fold"": ""scaffold"", ""src"": ""inner_cv"", ""thr"": 0.4283}]",5.41,bootstrap unit: scaffold
T3,wide,scaffold,all,fg_secondary_amine,F1,hgb,auprc,0.2856,0.2538,0.3228,0.1441,,,,5198,4222,1000,20789,inner_cv,"[{""fold"": ""scaffold"", ""src"": ""inner_cv"", ""thr"": 0.4283}]",5.41,bootstrap unit: scaffold
T3,wide,scaffold,all,fg_secondary_amine,F1,hgb,bal_acc,0.6067,0.5872,0.6254,0.5,,,,5198,4222,1000,20789,inner_cv,"[{""fold"": ""scaffold"", ""src"": ""inner_cv"", ""thr"": 0.4283}]",5.41,bootstrap unit: scaffold
T3,wide,scaffold,all,fg_secondary_amine,F1,knn,auroc,0.5774,0.5567,0.5991,0.5,,,,5198,4222,1000,20789,inner_cv,"[{""fold"": ""scaffold"", ""k"": 10, ""src"": ""inner_cv"", ""thr"": 0.095}]",87.13,bootstrap unit: scaffold
T3,wide,scaffold,all,fg_secondary_amine,F1,knn,auprc,0.1959,0.1756,0.2223,0.1441,,,,5198,4222,1000,20789,inner_cv,"[{""fold"": ""scaffold"", ""k"": 10, ""src"": ""inner_cv"", ""thr"": 0.095}]",87.13,bootstrap unit: scaffold
T3,wide,scaffold,all,fg_secondary_amine,F1,knn,bal_acc,0.5598,0.5422,0.5785,0.5,,,,5198,4222,1000,20789,inner_cv,"[{""fold"": ""scaffold"", ""k"": 10, ""src"": ""inner_cv"", ""thr"": 0.095}]",87.13,bootstrap unit: scaffold
T3,wide,scaffold,all,fg_secondary_amine,F1pos,majority,auroc,0.5,0.5,0.5,0.5,,,,5198,4222,1000,20789,fixed,"[{""fold"": ""scaffold"", ""src"": ""fixed"", ""thr"": 0.5}]",2.75,bootstrap unit: scaffold
T3,wide,scaffold,all,fg_secondary_amine,F1pos,majority,auprc,0.1441,0.1336,0.1555,0.1441,,,,5198,4222,1000,20789,fixed,"[{""fold"": ""scaffold"", ""src"": ""fixed"", ""thr"": 0.5}]",2.75,bootstrap unit: scaffold
T3,wide,scaffold,all,fg_secondary_amine,F1pos,majority,bal_acc,0.5,0.5,0.5,0.5,,,,5198,4222,1000,20789,fixed,"[{""fold"": ""scaffold"", ""src"": ""fixed"", ""thr"": 0.5}]",2.75,bootstrap unit: scaffold
T3,wide,scaffold,all,fg_secondary_amine,F1pos,lr,auroc,0.6341,0.6112,0.6554,0.5,,,,5198,4222,1000,20789,inner_cv,"[{""fold"": ""scaffold"", ""C"": 0.01, ""src"": ""inner_cv"", ""thr"": 0.4834}]",4.39,bootstrap unit: scaffold
T3,wide,scaffold,all,fg_secondary_amine,F1pos,lr,auprc,0.2219,0.1961,0.2505,0.1441,,,,5198,4222,1000,20789,inner_cv,"[{""fold"": ""scaffold"", ""C"": 0.01, ""src"": ""inner_cv"", ""thr"": 0.4834}]",4.39,bootstrap unit: scaffold
T3,wide,scaffold,all,fg_secondary_amine,F1pos,lr,bal_acc,0.5858,0.566,0.6044,0.5,,,,5198,4222,1000,20789,inner_cv,"[{""fold"": ""scaffold"", ""C"": 0.01, ""src"": ""inner_cv"", ""thr"": 0.4834}]",4.39,bootstrap unit: scaffold
T3,wide,scaffold,all,fg_secondary_amine,F1pos,hgb,auroc,0.6264,0.6031,0.6477,0.5,,,,5198,4222,1000,20789,inner_cv,"[{""fold"": ""scaffold"", ""src"": ""inner_cv"", ""thr"": 0.4803}]",5.97,bootstrap unit: scaffold
T3,wide,scaffold,all,fg_secondary_amine,F1pos,hgb,auprc,0.2272,0.2003,0.2564,0.1441,,,,5198,4222,1000,20789,inner_cv,"[{""fold"": ""scaffold"", ""src"": ""inner_cv"", ""thr"": 0.4803}]",5.97,bootstrap unit: scaffold
T3,wide,scaffold,all,fg_secondary_amine,F1pos,hgb,bal_acc,0.5856,0.5647,0.6037,0.5,,,,5198,4222,1000,20789,inner_cv,"[{""fold"": ""scaffold"", ""src"": ""inner_cv"", ""thr"": 0.4803}]",5.97,bootstrap unit: scaffold
T3,wide,scaffold,all,fg_secondary_amine,F1pos,knn,auroc,0.5627,0.541,0.5836,0.5,,,,5198,4222,1000,20789,inner_cv,"[{""fold"": ""scaffold"", ""k"": 10, ""src"": ""inner_cv"", ""thr"": 0.1006}]",44.72,bootstrap unit: scaffold
T3,wide,scaffold,all,fg_secondary_amine,F1pos,knn,auprc,0.172,0.1558,0.193,0.1441,,,,5198,4222,1000,20789,inner_cv,"[{""fold"": ""scaffold"", ""k"": 10, ""src"": ""inner_cv"", ""thr"": 0.1006}]",44.72,bootstrap unit: scaffold
T3,wide,scaffold,all,fg_secondary_amine,F1pos,knn,bal_acc,0.5498,0.5293,0.5697,0.5,,,,5198,4222,1000,20789,inner_cv,"[{""fold"": ""scaffold"", ""k"": 10, ""src"": ""inner_cv"", ""thr"": 0.1006}]",44.72,bootstrap unit: scaffold
T3,wide,scaffold,all,fg_secondary_amine,F2,majority,auroc,0.5,0.5,0.5,0.5,,,,5198,4222,1000,20789,fixed,"[{""fold"": ""scaffold"", ""src"": ""fixed"", ""thr"": 0.5}]",1.66,bootstrap unit: scaffold
T3,wide,scaffold,all,fg_secondary_amine,F2,majority,auprc,0.1441,0.1336,0.1555,0.1441,,,,5198,4222,1000,20789,fixed,"[{""fold"": ""scaffold"", ""src"": ""fixed"", ""thr"": 0.5}]",1.66,bootstrap unit: scaffold
T3,wide,scaffold,all,fg_secondary_amine,F2,majority,bal_acc,0.5,0.5,0.5,0.5,,,,5198,4222,1000,20789,fixed,"[{""fold"": ""scaffold"", ""src"": ""fixed"", ""thr"": 0.5}]",1.66,bootstrap unit: scaffold
T3,wide,scaffold,all,fg_secondary_amine,F2,lr,auroc,0.6472,0.6234,0.6712,0.5,,,,5198,4222,1000,20789,inner_cv,"[{""fold"": ""scaffold"", ""C"": 0.01, ""src"": ""inner_cv"", ""thr"": 0.4796}]",143.32,bootstrap unit: scaffold
T3,wide,scaffold,all,fg_secondary_amine,F2,lr,auprc,0.2588,0.2312,0.2953,0.1441,,,,5198,4222,1000,20789,inner_cv,"[{""fold"": ""scaffold"", ""C"": 0.01, ""src"": ""inner_cv"", ""thr"": 0.4796}]",143.32,bootstrap unit: scaffold
T3,wide,scaffold,all,fg_secondary_amine,F2,lr,bal_acc,0.6082,0.5883,0.6282,0.5,,,,5198,4222,1000,20789,inner_cv,"[{""fold"": ""scaffold"", ""C"": 0.01, ""src"": ""inner_cv"", ""thr"": 0.4796}]",143.32,bootstrap unit: scaffold
T3,wide,scaffold,all,fg_secondary_amine,F2,hgb,auroc,0.6905,0.6678,0.7128,0.5,,,,5198,4222,1000,20789,inner_cv,"[{""fold"": ""scaffold"", ""src"": ""inner_cv"", ""thr"": 0.3783}]",41.85,bootstrap unit: scaffold
T3,wide,scaffold,all,fg_secondary_amine,F2,hgb,auprc,0.293,0.2622,0.3298,0.1441,,,,5198,4222,1000,20789,inner_cv,"[{""fold"": ""scaffold"", ""src"": ""inner_cv"", ""thr"": 0.3783}]",41.85,bootstrap unit: scaffold
T3,wide,scaffold,all,fg_secondary_amine,F2,hgb,bal_acc,0.6409,0.6216,0.6597,0.5,,,,5198,4222,1000,20789,inner_cv,"[{""fold"": ""scaffold"", ""src"": ""inner_cv"", ""thr"": 0.3783}]",41.85,bootstrap unit: scaffold
T3,wide,scaffold,all,fg_secondary_amine,F2,knn,auroc,0.6266,0.6035,0.6489,0.5,,,,5198,4222,1000,20789,inner_cv,"[{""fold"": ""scaffold"", ""k"": 10, ""src"": ""inner_cv"", ""thr"": 0.1021}]",92.63,bootstrap unit: scaffold
T3,wide,scaffold,all,fg_secondary_amine,F2,knn,auprc,0.2573,0.2278,0.2908,0.1441,,,,5198,4222,1000,20789,inner_cv,"[{""fold"": ""scaffold"", ""k"": 10, ""src"": ""inner_cv"", ""thr"": 0.1021}]",92.63,bootstrap unit: scaffold
T3,wide,scaffold,all,fg_secondary_amine,F2,knn,bal_acc,0.5882,0.5692,0.6069,0.5,,,,5198,4222,1000,20789,inner_cv,"[{""fold"": ""scaffold"", ""k"": 10, ""src"": ""inner_cv"", ""thr"": 0.1021}]",92.63,bootstrap unit: scaffold
T3,wide,scaffold,all,fg_secondary_amine,F3,majority,auroc,0.5,0.5,0.5,0.5,,,,5198,4222,1000,20789,fixed,"[{""fold"": ""scaffold"", ""src"": ""fixed"", ""thr"": 0.5}]",2.08,bootstrap unit: scaffold
T3,wide,scaffold,all,fg_secondary_amine,F3,majority,auprc,0.1441,0.1336,0.1555,0.1441,,,,5198,4222,1000,20789,fixed,"[{""fold"": ""scaffold"", ""src"": ""fixed"", ""thr"": 0.5}]",2.08,bootstrap unit: scaffold
T3,wide,scaffold,all,fg_secondary_amine,F3,majority,bal_acc,0.5,0.5,0.5,0.5,,,,5198,4222,1000,20789,fixed,"[{""fold"": ""scaffold"", ""src"": ""fixed"", ""thr"": 0.5}]",2.08,bootstrap unit: scaffold
T3,wide,scaffold,all,fg_secondary_amine,F3,lr,auroc,0.6591,0.6355,0.6837,0.5,,,,5198,4222,1000,20789,inner_cv,"[{""fold"": ""scaffold"", ""C"": 0.01, ""src"": ""inner_cv"", ""thr"": 0.448}]",103.47,bootstrap unit: scaffold
T3,wide,scaffold,all,fg_secondary_amine,F3,lr,auprc,0.2743,0.2459,0.3117,0.1441,,,,5198,4222,1000,20789,inner_cv,"[{""fold"": ""scaffold"", ""C"": 0.01, ""src"": ""inner_cv"", ""thr"": 0.448}]",103.47,bootstrap unit: scaffold
T3,wide,scaffold,all,fg_secondary_amine,F3,lr,bal_acc,0.6133,0.5938,0.6343,0.5,,,,5198,4222,1000,20789,inner_cv,"[{""fold"": ""scaffold"", ""C"": 0.01, ""src"": ""inner_cv"", ""thr"": 0.448}]",103.47,bootstrap unit: scaffold
T3,wide,scaffold,all,fg_secondary_amine,F3,hgb,auroc,0.7179,0.6958,0.7391,0.5,,,,5198,4222,1000,20789,inner_cv,"[{""fold"": ""scaffold"", ""src"": ""inner_cv"", ""thr"": 0.4092}]",44.83,bootstrap unit: scaffold
T3,wide,scaffold,all,fg_secondary_amine,F3,hgb,auprc,0.3298,0.2965,0.3662,0.1441,,,,5198,4222,1000,20789,inner_cv,"[{""fold"": ""scaffold"", ""src"": ""inner_cv"", ""thr"": 0.4092}]",44.83,bootstrap unit: scaffold
T3,wide,scaffold,all,fg_secondary_amine,F3,hgb,bal_acc,0.6531,0.6336,0.6717,0.5,,,,5198,4222,1000,20789,inner_cv,"[{""fold"": ""scaffold"", ""src"": ""inner_cv"", ""thr"": 0.4092}]",44.83,bootstrap unit: scaffold
T3,wide,scaffold,all,fg_secondary_amine,F3,knn,auroc,0.6318,0.6088,0.654,0.5,,,,5198,4222,1000,20789,inner_cv,"[{""fold"": ""scaffold"", ""k"": 10, ""src"": ""inner_cv"", ""thr"": 0.1029}]",101.03,bootstrap unit: scaffold
T3,wide,scaffold,all,fg_secondary_amine,F3,knn,auprc,0.2669,0.2377,0.2994,0.1441,,,,5198,4222,1000,20789,inner_cv,"[{""fold"": ""scaffold"", ""k"": 10, ""src"": ""inner_cv"", ""thr"": 0.1029}]",101.03,bootstrap unit: scaffold
T3,wide,scaffold,all,fg_secondary_amine,F3,knn,bal_acc,0.5987,0.5784,0.6172,0.5,,,,5198,4222,1000,20789,inner_cv,"[{""fold"": ""scaffold"", ""k"": 10, ""src"": ""inner_cv"", ""thr"": 0.1029}]",101.03,bootstrap unit: scaffold
T3,wide,scaffold,all,fg_secondary_amine,F1.sqrt,majority,auroc,0.5,0.5,0.5,0.5,,,,5198,4222,1000,20789,fixed,"[{""fold"": ""scaffold"", ""src"": ""fixed"", ""thr"": 0.5}]",1.0,bootstrap unit: scaffold
T3,wide,scaffold,all,fg_secondary_amine,F1.sqrt,majority,auprc,0.1441,0.1336,0.1555,0.1441,,,,5198,4222,1000,20789,fixed,"[{""fold"": ""scaffold"", ""src"": ""fixed"", ""thr"": 0.5}]",1.0,bootstrap unit: scaffold
T3,wide,scaffold,all,fg_secondary_amine,F1.sqrt,majority,bal_acc,0.5,0.5,0.5,0.5,,,,5198,4222,1000,20789,fixed,"[{""fold"": ""scaffold"", ""src"": ""fixed"", ""thr"": 0.5}]",1.0,bootstrap unit: scaffold
T3,wide,scaffold,all,fg_secondary_amine,F1.sqrt,lr,auroc,0.6513,0.6264,0.674,0.5,,,,5198,4222,1000,20789,inner_cv,"[{""fold"": ""scaffold"", ""C"": 0.01, ""src"": ""inner_cv"", ""thr"": 0.4829}]",4.58,bootstrap unit: scaffold
T3,wide,scaffold,all,fg_secondary_amine,F1.sqrt,lr,auprc,0.2574,0.227,0.291,0.1441,,,,5198,4222,1000,20789,inner_cv,"[{""fold"": ""scaffold"", ""C"": 0.01, ""src"": ""inner_cv"", ""thr"": 0.4829}]",4.58,bootstrap unit: scaffold
T3,wide,scaffold,all,fg_secondary_amine,F1.sqrt,lr,bal_acc,0.6082,0.5873,0.6279,0.5,,,,5198,4222,1000,20789,inner_cv,"[{""fold"": ""scaffold"", ""C"": 0.01, ""src"": ""inner_cv"", ""thr"": 0.4829}]",4.58,bootstrap unit: scaffold
T3,wide,scaffold,all,fg_secondary_amine,F1.sqrt,hgb,auroc,0.6588,0.6355,0.6823,0.5,,,,5198,4222,1000,20789,inner_cv,"[{""fold"": ""scaffold"", ""src"": ""inner_cv"", ""thr"": 0.4283}]",9.09,bootstrap unit: scaffold
T3,wide,scaffold,all,fg_secondary_amine,F1.sqrt,hgb,auprc,0.2856,0.2538,0.3228,0.1441,,,,5198,4222,1000,20789,inner_cv,"[{""fold"": ""scaffold"", ""src"": ""inner_cv"", ""thr"": 0.4283}]",9.09,bootstrap unit: scaffold
T3,wide,scaffold,all,fg_secondary_amine,F1.sqrt,hgb,bal_acc,0.6067,0.5872,0.6254,0.5,,,,5198,4222,1000,20789,inner_cv,"[{""fold"": ""scaffold"", ""src"": ""inner_cv"", ""thr"": 0.4283}]",9.09,bootstrap unit: scaffold
T3,wide,scaffold,all,fg_secondary_amine,F1.sqrt,knn,auroc,0.5811,0.5582,0.6036,0.5,,,,5198,4222,1000,20789,inner_cv,"[{""fold"": ""scaffold"", ""k"": 10, ""src"": ""inner_cv"", ""thr"": 0.0962}]",45.03,bootstrap unit: scaffold
T3,wide,scaffold,all,fg_secondary_amine,F1.sqrt,knn,auprc,0.2044,0.1818,0.2313,0.1441,,,,5198,4222,1000,20789,inner_cv,"[{""fold"": ""scaffold"", ""k"": 10, ""src"": ""inner_cv"", ""thr"": 0.0962}]",45.03,bootstrap unit: scaffold
T3,wide,scaffold,all,fg_secondary_amine,F1.sqrt,knn,bal_acc,0.558,0.5393,0.5771,0.5,,,,5198,4222,1000,20789,inner_cv,"[{""fold"": ""scaffold"", ""k"": 10, ""src"": ""inner_cv"", ""thr"": 0.0962}]",45.03,bootstrap unit: scaffold
T3,wide,scaffold,all,fg_secondary_amine,F2.lt1700,majority,auroc,0.5,0.5,0.5,0.5,,,,5198,4222,1000,20789,fixed,"[{""fold"": ""scaffold"", ""src"": ""fixed"", ""thr"": 0.5}]",2.13,bootstrap unit: scaffold
T3,wide,scaffold,all,fg_secondary_amine,F2.lt1700,majority,auprc,0.1441,0.1336,0.1555,0.1441,,,,5198,4222,1000,20789,fixed,"[{""fold"": ""scaffold"", ""src"": ""fixed"", ""thr"": 0.5}]",2.13,bootstrap unit: scaffold
T3,wide,scaffold,all,fg_secondary_amine,F2.lt1700,majority,bal_acc,0.5,0.5,0.5,0.5,,,,5198,4222,1000,20789,fixed,"[{""fold"": ""scaffold"", ""src"": ""fixed"", ""thr"": 0.5}]",2.13,bootstrap unit: scaffold
T3,wide,scaffold,all,fg_secondary_amine,F2.lt1700,lr,auroc,0.6522,0.6283,0.6758,0.5,,,,5198,4222,1000,20789,inner_cv,"[{""fold"": ""scaffold"", ""C"": 0.01, ""src"": ""inner_cv"", ""thr"": 0.476}]",125.5,bootstrap unit: scaffold
T3,wide,scaffold,all,fg_secondary_amine,F2.lt1700,lr,auprc,0.2633,0.2355,0.3007,0.1441,,,,5198,4222,1000,20789,inner_cv,"[{""fold"": ""scaffold"", ""C"": 0.01, ""src"": ""inner_cv"", ""thr"": 0.476}]",125.5,bootstrap unit: scaffold
T3,wide,scaffold,all,fg_secondary_amine,F2.lt1700,lr,bal_acc,0.6087,0.5891,0.6275,0.5,,,,5198,4222,1000,20789,inner_cv,"[{""fold"": ""scaffold"", ""C"": 0.01, ""src"": ""inner_cv"", ""thr"": 0.476}]",125.5,bootstrap unit: scaffold
T3,wide,scaffold,all,fg_secondary_amine,F2.lt1700,hgb,auroc,0.7036,0.6816,0.7269,0.5,,,,5198,4222,1000,20789,inner_cv,"[{""fold"": ""scaffold"", ""src"": ""inner_cv"", ""thr"": 0.3541}]",44.14,bootstrap unit: scaffold
T3,wide,scaffold,all,fg_secondary_amine,F2.lt1700,hgb,auprc,0.3119,0.2785,0.3497,0.1441,,,,5198,4222,1000,20789,inner_cv,"[{""fold"": ""scaffold"", ""src"": ""inner_cv"", ""thr"": 0.3541}]",44.14,bootstrap unit: scaffold
T3,wide,scaffold,all,fg_secondary_amine,F2.lt1700,hgb,bal_acc,0.6391,0.6217,0.6566,0.5,,,,5198,4222,1000,20789,inner_cv,"[{""fold"": ""scaffold"", ""src"": ""inner_cv"", ""thr"": 0.3541}]",44.14,bootstrap unit: scaffold
T3,wide,scaffold,all,fg_secondary_amine,F2.lt1700,knn,auroc,0.6263,0.6026,0.6502,0.5,,,,5198,4222,1000,20789,inner_cv,"[{""fold"": ""scaffold"", ""k"": 10, ""src"": ""inner_cv"", ""thr"": 0.1025}]",93.57,bootstrap unit: scaffold
T3,wide,scaffold,all,fg_secondary_amine,F2.lt1700,knn,auprc,0.2583,0.229,0.2917,0.1441,,,,5198,4222,1000,20789,inner_cv,"[{""fold"": ""scaffold"", ""k"": 10, ""src"": ""inner_cv"", ""thr"": 0.1025}]",93.57,bootstrap unit: scaffold
T3,wide,scaffold,all,fg_secondary_amine,F2.lt1700,knn,bal_acc,0.5979,0.5777,0.6161,0.5,,,,5198,4222,1000,20789,inner_cv,"[{""fold"": ""scaffold"", ""k"": 10, ""src"": ""inner_cv"", ""thr"": 0.1025}]",93.57,bootstrap unit: scaffold
T3,wide,scaffold,all,fg_secondary_amine,F3.lt1700,majority,auroc,0.5,0.5,0.5,0.5,,,,5198,4222,1000,20789,fixed,"[{""fold"": ""scaffold"", ""src"": ""fixed"", ""thr"": 0.5}]",4.28,bootstrap unit: scaffold
T3,wide,scaffold,all,fg_secondary_amine,F3.lt1700,majority,auprc,0.1441,0.1336,0.1555,0.1441,,,,5198,4222,1000,20789,fixed,"[{""fold"": ""scaffold"", ""src"": ""fixed"", ""thr"": 0.5}]",4.28,bootstrap unit: scaffold
T3,wide,scaffold,all,fg_secondary_amine,F3.lt1700,majority,bal_acc,0.5,0.5,0.5,0.5,,,,5198,4222,1000,20789,fixed,"[{""fold"": ""scaffold"", ""src"": ""fixed"", ""thr"": 0.5}]",4.28,bootstrap unit: scaffold
T3,wide,scaffold,all,fg_secondary_amine,F3.lt1700,lr,auroc,0.6641,0.6412,0.6882,0.5,,,,5198,4222,1000,20789,inner_cv,"[{""fold"": ""scaffold"", ""C"": 0.01, ""src"": ""inner_cv"", ""thr"": 0.4491}]",124.38,bootstrap unit: scaffold
T3,wide,scaffold,all,fg_secondary_amine,F3.lt1700,lr,auprc,0.2782,0.2494,0.315,0.1441,,,,5198,4222,1000,20789,inner_cv,"[{""fold"": ""scaffold"", ""C"": 0.01, ""src"": ""inner_cv"", ""thr"": 0.4491}]",124.38,bootstrap unit: scaffold
T3,wide,scaffold,all,fg_secondary_amine,F3.lt1700,lr,bal_acc,0.6155,0.5972,0.6347,0.5,,,,5198,4222,1000,20789,inner_cv,"[{""fold"": ""scaffold"", ""C"": 0.01, ""src"": ""inner_cv"", ""thr"": 0.4491}]",124.38,bootstrap unit: scaffold
T3,wide,scaffold,all,fg_secondary_amine,F3.lt1700,hgb,auroc,0.7237,0.7007,0.7456,0.5,0.0099,100,0.5008,5198,4222,1000,20789,inner_cv,"[{""fold"": ""scaffold"", ""src"": ""inner_cv"", ""thr"": 0.3353}]",55.83,bootstrap unit: scaffold
T3,wide,scaffold,all,fg_secondary_amine,F3.lt1700,hgb,auprc,0.3556,0.3192,0.3943,0.1441,,,,5198,4222,1000,20789,inner_cv,"[{""fold"": ""scaffold"", ""src"": ""inner_cv"", ""thr"": 0.3353}]",55.83,bootstrap unit: scaffold
T3,wide,scaffold,all,fg_secondary_amine,F3.lt1700,hgb,bal_acc,0.6467,0.63,0.6634,0.5,,,,5198,4222,1000,20789,inner_cv,"[{""fold"": ""scaffold"", ""src"": ""inner_cv"", ""thr"": 0.3353}]",55.83,bootstrap unit: scaffold
T3,wide,scaffold,all,fg_secondary_amine,F3.lt1700,knn,auroc,0.6387,0.6155,0.6623,0.5,,,,5198,4222,1000,20789,inner_cv,"[{""fold"": ""scaffold"", ""k"": 10, ""src"": ""inner_cv"", ""thr"": 0.1009}]",83.11,bootstrap unit: scaffold
T3,wide,scaffold,all,fg_secondary_amine,F3.lt1700,knn,auprc,0.2722,0.2409,0.3085,0.1441,,,,5198,4222,1000,20789,inner_cv,"[{""fold"": ""scaffold"", ""k"": 10, ""src"": ""inner_cv"", ""thr"": 0.1009}]",83.11,bootstrap unit: scaffold
T3,wide,scaffold,all,fg_secondary_amine,F3.lt1700,knn,bal_acc,0.6067,0.5875,0.627,0.5,,,,5198,4222,1000,20789,inner_cv,"[{""fold"": ""scaffold"", ""k"": 10, ""src"": ""inner_cv"", ""thr"": 0.1009}]",83.11,bootstrap unit: scaffold
T3,wide,scaffold,all,fg_amide,F1,majority,auroc,0.5,0.5,0.5,0.5,,,,5198,4222,1000,20789,fixed,"[{""fold"": ""scaffold"", ""src"": ""fixed"", ""thr"": 0.5}]",2.28,bootstrap unit: scaffold
T3,wide,scaffold,all,fg_amide,F1,majority,auprc,0.0721,0.0641,0.0806,0.0721,,,,5198,4222,1000,20789,fixed,"[{""fold"": ""scaffold"", ""src"": ""fixed"", ""thr"": 0.5}]",2.28,bootstrap unit: scaffold
T3,wide,scaffold,all,fg_amide,F1,majority,bal_acc,0.5,0.5,0.5,0.5,,,,5198,4222,1000,20789,fixed,"[{""fold"": ""scaffold"", ""src"": ""fixed"", ""thr"": 0.5}]",2.28,bootstrap unit: scaffold
T3,wide,scaffold,all,fg_amide,F1,lr,auroc,0.7446,0.7136,0.7707,0.5,0.0099,100,0.5,5198,4222,1000,20789,inner_cv,"[{""fold"": ""scaffold"", ""C"": 0.01, ""src"": ""inner_cv"", ""thr"": 0.4341}]",8.68,bootstrap unit: scaffold
T3,wide,scaffold,all,fg_amide,F1,lr,auprc,0.1859,0.1576,0.2232,0.0721,,,,5198,4222,1000,20789,inner_cv,"[{""fold"": ""scaffold"", ""C"": 0.01, ""src"": ""inner_cv"", ""thr"": 0.4341}]",8.68,bootstrap unit: scaffold
T3,wide,scaffold,all,fg_amide,F1,lr,bal_acc,0.6908,0.6639,0.7152,0.5,,,,5198,4222,1000,20789,inner_cv,"[{""fold"": ""scaffold"", ""C"": 0.01, ""src"": ""inner_cv"", ""thr"": 0.4341}]",8.68,bootstrap unit: scaffold
T3,wide,scaffold,all,fg_amide,F1,hgb,auroc,0.8126,0.7865,0.835,0.5,,,,5198,4222,1000,20789,inner_cv,"[{""fold"": ""scaffold"", ""src"": ""inner_cv"", ""thr"": 0.3397}]",8.96,bootstrap unit: scaffold
T3,wide,scaffold,all,fg_amide,F1,hgb,auprc,0.2285,0.1936,0.2696,0.0721,,,,5198,4222,1000,20789,inner_cv,"[{""fold"": ""scaffold"", ""src"": ""inner_cv"", ""thr"": 0.3397}]",8.96,bootstrap unit: scaffold
T3,wide,scaffold,all,fg_amide,F1,hgb,bal_acc,0.7596,0.7347,0.7828,0.5,,,,5198,4222,1000,20789,inner_cv,"[{""fold"": ""scaffold"", ""src"": ""inner_cv"", ""thr"": 0.3397}]",8.96,bootstrap unit: scaffold
T3,wide,scaffold,all,fg_amide,F1,knn,auroc,0.5857,0.5549,0.6143,0.5,,,,5198,4222,1000,20789,inner_cv,"[{""fold"": ""scaffold"", ""k"": 10, ""src"": ""inner_cv"", ""thr"": 0.0942}]",36.67,bootstrap unit: scaffold
T3,wide,scaffold,all,fg_amide,F1,knn,auprc,0.1041,0.086,0.1305,0.0721,,,,5198,4222,1000,20789,inner_cv,"[{""fold"": ""scaffold"", ""k"": 10, ""src"": ""inner_cv"", ""thr"": 0.0942}]",36.67,bootstrap unit: scaffold
T3,wide,scaffold,all,fg_amide,F1,knn,bal_acc,0.5695,0.5407,0.5975,0.5,,,,5198,4222,1000,20789,inner_cv,"[{""fold"": ""scaffold"", ""k"": 10, ""src"": ""inner_cv"", ""thr"": 0.0942}]",36.67,bootstrap unit: scaffold
T3,wide,scaffold,all,fg_amide,F1pos,majority,auroc,0.5,0.5,0.5,0.5,,,,5198,4222,1000,20789,fixed,"[{""fold"": ""scaffold"", ""src"": ""fixed"", ""thr"": 0.5}]",2.08,bootstrap unit: scaffold
T3,wide,scaffold,all,fg_amide,F1pos,majority,auprc,0.0721,0.0641,0.0806,0.0721,,,,5198,4222,1000,20789,fixed,"[{""fold"": ""scaffold"", ""src"": ""fixed"", ""thr"": 0.5}]",2.08,bootstrap unit: scaffold
T3,wide,scaffold,all,fg_amide,F1pos,majority,bal_acc,0.5,0.5,0.5,0.5,,,,5198,4222,1000,20789,fixed,"[{""fold"": ""scaffold"", ""src"": ""fixed"", ""thr"": 0.5}]",2.08,bootstrap unit: scaffold
T3,wide,scaffold,all,fg_amide,F1pos,lr,auroc,0.8,0.7743,0.8218,0.5,,,,5198,4222,1000,20789,inner_cv,"[{""fold"": ""scaffold"", ""C"": 0.01, ""src"": ""inner_cv"", ""thr"": 0.4442}]",5.71,bootstrap unit: scaffold
T3,wide,scaffold,all,fg_amide,F1pos,lr,auprc,0.2008,0.1734,0.2392,0.0721,,,,5198,4222,1000,20789,inner_cv,"[{""fold"": ""scaffold"", ""C"": 0.01, ""src"": ""inner_cv"", ""thr"": 0.4442}]",5.71,bootstrap unit: scaffold
T3,wide,scaffold,all,fg_amide,F1pos,lr,bal_acc,0.7428,0.7187,0.7656,0.5,,,,5198,4222,1000,20789,inner_cv,"[{""fold"": ""scaffold"", ""C"": 0.01, ""src"": ""inner_cv"", ""thr"": 0.4442}]",5.71,bootstrap unit: scaffold
T3,wide,scaffold,all,fg_amide,F1pos,hgb,auroc,0.8006,0.7759,0.8216,0.5,,,,5198,4222,1000,20789,inner_cv,"[{""fold"": ""scaffold"", ""src"": ""inner_cv"", ""thr"": 0.4059}]",7.63,bootstrap unit: scaffold
T3,wide,scaffold,all,fg_amide,F1pos,hgb,auprc,0.1862,0.1603,0.2182,0.0721,,,,5198,4222,1000,20789,inner_cv,"[{""fold"": ""scaffold"", ""src"": ""inner_cv"", ""thr"": 0.4059}]",7.63,bootstrap unit: scaffold
T3,wide,scaffold,all,fg_amide,F1pos,hgb,bal_acc,0.759,0.733,0.7809,0.5,,,,5198,4222,1000,20789,inner_cv,"[{""fold"": ""scaffold"", ""src"": ""inner_cv"", ""thr"": 0.4059}]",7.63,bootstrap unit: scaffold
T3,wide,scaffold,all,fg_amide,F1pos,knn,auroc,0.5553,0.5275,0.5809,0.5,,,,5198,4222,1000,20789,inner_cv,"[{""fold"": ""scaffold"", ""k"": 10, ""src"": ""inner_cv"", ""thr"": 0.0955}]",43.57,bootstrap unit: scaffold
T3,wide,scaffold,all,fg_amide,F1pos,knn,auprc,0.0855,0.0731,0.1026,0.0721,,,,5198,4222,1000,20789,inner_cv,"[{""fold"": ""scaffold"", ""k"": 10, ""src"": ""inner_cv"", ""thr"": 0.0955}]",43.57,bootstrap unit: scaffold
T3,wide,scaffold,all,fg_amide,F1pos,knn,bal_acc,0.5514,0.5259,0.5747,0.5,,,,5198,4222,1000,20789,inner_cv,"[{""fold"": ""scaffold"", ""k"": 10, ""src"": ""inner_cv"", ""thr"": 0.0955}]",43.57,bootstrap unit: scaffold
T3,wide,scaffold,all,fg_amide,F2,majority,auroc,0.5,0.5,0.5,0.5,,,,5198,4222,1000,20789,fixed,"[{""fold"": ""scaffold"", ""src"": ""fixed"", ""thr"": 0.5}]",2.71,bootstrap unit: scaffold
T3,wide,scaffold,all,fg_amide,F2,majority,auprc,0.0721,0.0641,0.0806,0.0721,,,,5198,4222,1000,20789,fixed,"[{""fold"": ""scaffold"", ""src"": ""fixed"", ""thr"": 0.5}]",2.71,bootstrap unit: scaffold
T3,wide,scaffold,all,fg_amide,F2,majority,bal_acc,0.5,0.5,0.5,0.5,,,,5198,4222,1000,20789,fixed,"[{""fold"": ""scaffold"", ""src"": ""fixed"", ""thr"": 0.5}]",2.71,bootstrap unit: scaffold
T3,wide,scaffold,all,fg_amide,F2,lr,auroc,0.7341,0.7046,0.7604,0.5,,,,5198,4222,1000,20789,inner_cv,"[{""fold"": ""scaffold"", ""C"": 0.01, ""src"": ""inner_cv"", ""thr"": 0.3748}]",130.74,bootstrap unit: scaffold
T3,wide,scaffold,all,fg_amide,F2,lr,auprc,0.1784,0.1499,0.2168,0.0721,,,,5198,4222,1000,20789,inner_cv,"[{""fold"": ""scaffold"", ""C"": 0.01, ""src"": ""inner_cv"", ""thr"": 0.3748}]",130.74,bootstrap unit: scaffold
T3,wide,scaffold,all,fg_amide,F2,lr,bal_acc,0.6717,0.646,0.6947,0.5,,,,5198,4222,1000,20789,inner_cv,"[{""fold"": ""scaffold"", ""C"": 0.01, ""src"": ""inner_cv"", ""thr"": 0.3748}]",130.74,bootstrap unit: scaffold
T3,wide,scaffold,all,fg_amide,F2,hgb,auroc,0.8358,0.8135,0.8561,0.5,,,,5198,4222,1000,20789,inner_cv,"[{""fold"": ""scaffold"", ""src"": ""inner_cv"", ""thr"": 0.3145}]",60.18,bootstrap unit: scaffold
T3,wide,scaffold,all,fg_amide,F2,hgb,auprc,0.2623,0.2205,0.3118,0.0721,,,,5198,4222,1000,20789,inner_cv,"[{""fold"": ""scaffold"", ""src"": ""inner_cv"", ""thr"": 0.3145}]",60.18,bootstrap unit: scaffold
T3,wide,scaffold,all,fg_amide,F2,hgb,bal_acc,0.7725,0.7479,0.7961,0.5,,,,5198,4222,1000,20789,inner_cv,"[{""fold"": ""scaffold"", ""src"": ""inner_cv"", ""thr"": 0.3145}]",60.18,bootstrap unit: scaffold
T3,wide,scaffold,all,fg_amide,F2,knn,auroc,0.6557,0.6255,0.6833,0.5,,,,5198,4222,1000,20789,inner_cv,"[{""fold"": ""scaffold"", ""k"": 10, ""src"": ""inner_cv"", ""thr"": 0.0919}]",101.24,bootstrap unit: scaffold
T3,wide,scaffold,all,fg_amide,F2,knn,auprc,0.141,0.1151,0.1724,0.0721,,,,5198,4222,1000,20789,inner_cv,"[{""fold"": ""scaffold"", ""k"": 10, ""src"": ""inner_cv"", ""thr"": 0.0919}]",101.24,bootstrap unit: scaffold
T3,wide,scaffold,all,fg_amide,F2,knn,bal_acc,0.6421,0.6134,0.6677,0.5,,,,5198,4222,1000,20789,inner_cv,"[{""fold"": ""scaffold"", ""k"": 10, ""src"": ""inner_cv"", ""thr"": 0.0919}]",101.24,bootstrap unit: scaffold
T3,wide,scaffold,all,fg_amide,F3,majority,auroc,0.5,0.5,0.5,0.5,,,,5198,4222,1000,20789,fixed,"[{""fold"": ""scaffold"", ""src"": ""fixed"", ""thr"": 0.5}]",2.29,bootstrap unit: scaffold
T3,wide,scaffold,all,fg_amide,F3,majority,auprc,0.0721,0.0641,0.0806,0.0721,,,,5198,4222,1000,20789,fixed,"[{""fold"": ""scaffold"", ""src"": ""fixed"", ""thr"": 0.5}]",2.29,bootstrap unit: scaffold
T3,wide,scaffold,all,fg_amide,F3,majority,bal_acc,0.5,0.5,0.5,0.5,,,,5198,4222,1000,20789,fixed,"[{""fold"": ""scaffold"", ""src"": ""fixed"", ""thr"": 0.5}]",2.29,bootstrap unit: scaffold
T3,wide,scaffold,all,fg_amide,F3,lr,auroc,0.747,0.7204,0.7726,0.5,,,,5198,4222,1000,20789,inner_cv,"[{""fold"": ""scaffold"", ""C"": 0.01, ""src"": ""inner_cv"", ""thr"": 0.4108}]",103.93,bootstrap unit: scaffold
T3,wide,scaffold,all,fg_amide,F3,lr,auprc,0.1839,0.1532,0.2221,0.0721,,,,5198,4222,1000,20789,inner_cv,"[{""fold"": ""scaffold"", ""C"": 0.01, ""src"": ""inner_cv"", ""thr"": 0.4108}]",103.93,bootstrap unit: scaffold
T3,wide,scaffold,all,fg_amide,F3,lr,bal_acc,0.6877,0.663,0.7116,0.5,,,,5198,4222,1000,20789,inner_cv,"[{""fold"": ""scaffold"", ""C"": 0.01, ""src"": ""inner_cv"", ""thr"": 0.4108}]",103.93,bootstrap unit: scaffold
T3,wide,scaffold,all,fg_amide,F3,hgb,auroc,0.8481,0.8317,0.8642,0.5,0.0099,100,0.4996,5198,4222,1000,20789,inner_cv,"[{""fold"": ""scaffold"", ""src"": ""inner_cv"", ""thr"": 0.2945}]",41.55,bootstrap unit: scaffold
T3,wide,scaffold,all,fg_amide,F3,hgb,auprc,0.2609,0.2204,0.3094,0.0721,,,,5198,4222,1000,20789,inner_cv,"[{""fold"": ""scaffold"", ""src"": ""inner_cv"", ""thr"": 0.2945}]",41.55,bootstrap unit: scaffold
T3,wide,scaffold,all,fg_amide,F3,hgb,bal_acc,0.7739,0.7521,0.7969,0.5,,,,5198,4222,1000,20789,inner_cv,"[{""fold"": ""scaffold"", ""src"": ""inner_cv"", ""thr"": 0.2945}]",41.55,bootstrap unit: scaffold
T3,wide,scaffold,all,fg_amide,F3,knn,auroc,0.6801,0.6491,0.7072,0.5,,,,5198,4222,1000,20789,inner_cv,"[{""fold"": ""scaffold"", ""k"": 10, ""src"": ""inner_cv"", ""thr"": 0.092}]",90.4,bootstrap unit: scaffold
T3,wide,scaffold,all,fg_amide,F3,knn,auprc,0.1667,0.1337,0.2036,0.0721,,,,5198,4222,1000,20789,inner_cv,"[{""fold"": ""scaffold"", ""k"": 10, ""src"": ""inner_cv"", ""thr"": 0.092}]",90.4,bootstrap unit: scaffold
T3,wide,scaffold,all,fg_amide,F3,knn,bal_acc,0.6679,0.6383,0.6929,0.5,,,,5198,4222,1000,20789,inner_cv,"[{""fold"": ""scaffold"", ""k"": 10, ""src"": ""inner_cv"", ""thr"": 0.092}]",90.4,bootstrap unit: scaffold
T3,wide,scaffold,all,fg_amide,F1.sqrt,majority,auroc,0.5,0.5,0.5,0.5,,,,5198,4222,1000,20789,fixed,"[{""fold"": ""scaffold"", ""src"": ""fixed"", ""thr"": 0.5}]",1.99,bootstrap unit: scaffold
T3,wide,scaffold,all,fg_amide,F1.sqrt,majority,auprc,0.0721,0.0641,0.0806,0.0721,,,,5198,4222,1000,20789,fixed,"[{""fold"": ""scaffold"", ""src"": ""fixed"", ""thr"": 0.5}]",1.99,bootstrap unit: scaffold
T3,wide,scaffold,all,fg_amide,F1.sqrt,majority,bal_acc,0.5,0.5,0.5,0.5,,,,5198,4222,1000,20789,fixed,"[{""fold"": ""scaffold"", ""src"": ""fixed"", ""thr"": 0.5}]",1.99,bootstrap unit: scaffold
T3,wide,scaffold,all,fg_amide,F1.sqrt,lr,auroc,0.7743,0.7462,0.7983,0.5,,,,5198,4222,1000,20789,inner_cv,"[{""fold"": ""scaffold"", ""C"": 0.01, ""src"": ""inner_cv"", ""thr"": 0.4096}]",4.75,bootstrap unit: scaffold
T3,wide,scaffold,all,fg_amide,F1.sqrt,lr,auprc,0.1953,0.1669,0.2345,0.0721,,,,5198,4222,1000,20789,inner_cv,"[{""fold"": ""scaffold"", ""C"": 0.01, ""src"": ""inner_cv"", ""thr"": 0.4096}]",4.75,bootstrap unit: scaffold
T3,wide,scaffold,all,fg_amide,F1.sqrt,lr,bal_acc,0.7142,0.6896,0.7384,0.5,,,,5198,4222,1000,20789,inner_cv,"[{""fold"": ""scaffold"", ""C"": 0.01, ""src"": ""inner_cv"", ""thr"": 0.4096}]",4.75,bootstrap unit: scaffold
T3,wide,scaffold,all,fg_amide,F1.sqrt,hgb,auroc,0.8125,0.7865,0.835,0.5,,,,5198,4222,1000,20789,inner_cv,"[{""fold"": ""scaffold"", ""src"": ""inner_cv"", ""thr"": 0.3397}]",6.13,bootstrap unit: scaffold
T3,wide,scaffold,all,fg_amide,F1.sqrt,hgb,auprc,0.2287,0.194,0.2698,0.0721,,,,5198,4222,1000,20789,inner_cv,"[{""fold"": ""scaffold"", ""src"": ""inner_cv"", ""thr"": 0.3397}]",6.13,bootstrap unit: scaffold
T3,wide,scaffold,all,fg_amide,F1.sqrt,hgb,bal_acc,0.7595,0.7347,0.7828,0.5,,,,5198,4222,1000,20789,inner_cv,"[{""fold"": ""scaffold"", ""src"": ""inner_cv"", ""thr"": 0.3397}]",6.13,bootstrap unit: scaffold
T3,wide,scaffold,all,fg_amide,F1.sqrt,knn,auroc,0.5985,0.5696,0.6287,0.5,,,,5198,4222,1000,20789,inner_cv,"[{""fold"": ""scaffold"", ""k"": 10, ""src"": ""inner_cv"", ""thr"": 0.0923}]",41.26,bootstrap unit: scaffold
T3,wide,scaffold,all,fg_amide,F1.sqrt,knn,auprc,0.115,0.0953,0.143,0.0721,,,,5198,4222,1000,20789,inner_cv,"[{""fold"": ""scaffold"", ""k"": 10, ""src"": ""inner_cv"", ""thr"": 0.0923}]",41.26,bootstrap unit: scaffold
T3,wide,scaffold,all,fg_amide,F1.sqrt,knn,bal_acc,0.5818,0.5556,0.6082,0.5,,,,5198,4222,1000,20789,inner_cv,"[{""fold"": ""scaffold"", ""k"": 10, ""src"": ""inner_cv"", ""thr"": 0.0923}]",41.26,bootstrap unit: scaffold
T3,wide,scaffold,all,fg_amide,F2.lt1700,majority,auroc,0.5,0.5,0.5,0.5,,,,5198,4222,1000,20789,fixed,"[{""fold"": ""scaffold"", ""src"": ""fixed"", ""thr"": 0.5}]",2.15,bootstrap unit: scaffold
T3,wide,scaffold,all,fg_amide,F2.lt1700,majority,auprc,0.0721,0.0641,0.0806,0.0721,,,,5198,4222,1000,20789,fixed,"[{""fold"": ""scaffold"", ""src"": ""fixed"", ""thr"": 0.5}]",2.15,bootstrap unit: scaffold
T3,wide,scaffold,all,fg_amide,F2.lt1700,majority,bal_acc,0.5,0.5,0.5,0.5,,,,5198,4222,1000,20789,fixed,"[{""fold"": ""scaffold"", ""src"": ""fixed"", ""thr"": 0.5}]",2.15,bootstrap unit: scaffold
T3,wide,scaffold,all,fg_amide,F2.lt1700,lr,auroc,0.6583,0.624,0.6891,0.5,,,,5198,4222,1000,20789,inner_cv,"[{""fold"": ""scaffold"", ""C"": 0.01, ""src"": ""inner_cv"", ""thr"": 0.4134}]",109.23,bootstrap unit: scaffold
T3,wide,scaffold,all,fg_amide,F2.lt1700,lr,auprc,0.1358,0.1131,0.1668,0.0721,,,,5198,4222,1000,20789,inner_cv,"[{""fold"": ""scaffold"", ""C"": 0.01, ""src"": ""inner_cv"", ""thr"": 0.4134}]",109.23,bootstrap unit: scaffold
T3,wide,scaffold,all,fg_amide,F2.lt1700,lr,bal_acc,0.624,0.5963,0.6487,0.5,,,,5198,4222,1000,20789,inner_cv,"[{""fold"": ""scaffold"", ""C"": 0.01, ""src"": ""inner_cv"", ""thr"": 0.4134}]",109.23,bootstrap unit: scaffold
T3,wide,scaffold,all,fg_amide,F2.lt1700,hgb,auroc,0.8013,0.7781,0.8231,0.5,,,,5198,4222,1000,20789,inner_cv,"[{""fold"": ""scaffold"", ""src"": ""inner_cv"", ""thr"": 0.3053}]",52.0,bootstrap unit: scaffold
T3,wide,scaffold,all,fg_amide,F2.lt1700,hgb,auprc,0.2244,0.1888,0.2699,0.0721,,,,5198,4222,1000,20789,inner_cv,"[{""fold"": ""scaffold"", ""src"": ""inner_cv"", ""thr"": 0.3053}]",52.0,bootstrap unit: scaffold
T3,wide,scaffold,all,fg_amide,F2.lt1700,hgb,bal_acc,0.7393,0.7142,0.7619,0.5,,,,5198,4222,1000,20789,inner_cv,"[{""fold"": ""scaffold"", ""src"": ""inner_cv"", ""thr"": 0.3053}]",52.0,bootstrap unit: scaffold
T3,wide,scaffold,all,fg_amide,F2.lt1700,knn,auroc,0.5961,0.5676,0.623,0.5,,,,5198,4222,1000,20789,inner_cv,"[{""fold"": ""scaffold"", ""k"": 10, ""src"": ""inner_cv"", ""thr"": 0.0926}]",89.95,bootstrap unit: scaffold
T3,wide,scaffold,all,fg_amide,F2.lt1700,knn,auprc,0.1042,0.0876,0.1273,0.0721,,,,5198,4222,1000,20789,inner_cv,"[{""fold"": ""scaffold"", ""k"": 10, ""src"": ""inner_cv"", ""thr"": 0.0926}]",89.95,bootstrap unit: scaffold
T3,wide,scaffold,all,fg_amide,F2.lt1700,knn,bal_acc,0.5809,0.5533,0.6068,0.5,,,,5198,4222,1000,20789,inner_cv,"[{""fold"": ""scaffold"", ""k"": 10, ""src"": ""inner_cv"", ""thr"": 0.0926}]",89.95,bootstrap unit: scaffold
T3,wide,scaffold,all,fg_amide,F3.lt1700,majority,auroc,0.5,0.5,0.5,0.5,,,,5198,4222,1000,20789,fixed,"[{""fold"": ""scaffold"", ""src"": ""fixed"", ""thr"": 0.5}]",1.47,bootstrap unit: scaffold
T3,wide,scaffold,all,fg_amide,F3.lt1700,majority,auprc,0.0721,0.0641,0.0806,0.0721,,,,5198,4222,1000,20789,fixed,"[{""fold"": ""scaffold"", ""src"": ""fixed"", ""thr"": 0.5}]",1.47,bootstrap unit: scaffold
T3,wide,scaffold,all,fg_amide,F3.lt1700,majority,bal_acc,0.5,0.5,0.5,0.5,,,,5198,4222,1000,20789,fixed,"[{""fold"": ""scaffold"", ""src"": ""fixed"", ""thr"": 0.5}]",1.47,bootstrap unit: scaffold
T3,wide,scaffold,all,fg_amide,F3.lt1700,lr,auroc,0.6624,0.6295,0.6945,0.5,,,,5198,4222,1000,20789,inner_cv,"[{""fold"": ""scaffold"", ""C"": 0.01, ""src"": ""inner_cv"", ""thr"": 0.4229}]",79.08,bootstrap unit: scaffold
T3,wide,scaffold,all,fg_amide,F3.lt1700,lr,auprc,0.1423,0.1157,0.174,0.0721,,,,5198,4222,1000,20789,inner_cv,"[{""fold"": ""scaffold"", ""C"": 0.01, ""src"": ""inner_cv"", ""thr"": 0.4229}]",79.08,bootstrap unit: scaffold
T3,wide,scaffold,all,fg_amide,F3.lt1700,lr,bal_acc,0.6213,0.5944,0.647,0.5,,,,5198,4222,1000,20789,inner_cv,"[{""fold"": ""scaffold"", ""C"": 0.01, ""src"": ""inner_cv"", ""thr"": 0.4229}]",79.08,bootstrap unit: scaffold
T3,wide,scaffold,all,fg_amide,F3.lt1700,hgb,auroc,0.8298,0.8113,0.8473,0.5,,,,5198,4222,1000,20789,inner_cv,"[{""fold"": ""scaffold"", ""src"": ""inner_cv"", ""thr"": 0.2676}]",44.67,bootstrap unit: scaffold
T3,wide,scaffold,all,fg_amide,F3.lt1700,hgb,auprc,0.2485,0.2082,0.2954,0.0721,,,,5198,4222,1000,20789,inner_cv,"[{""fold"": ""scaffold"", ""src"": ""inner_cv"", ""thr"": 0.2676}]",44.67,bootstrap unit: scaffold
T3,wide,scaffold,all,fg_amide,F3.lt1700,hgb,bal_acc,0.7576,0.7338,0.7791,0.5,,,,5198,4222,1000,20789,inner_cv,"[{""fold"": ""scaffold"", ""src"": ""inner_cv"", ""thr"": 0.2676}]",44.67,bootstrap unit: scaffold
T3,wide,scaffold,all,fg_amide,F3.lt1700,knn,auroc,0.6007,0.5719,0.6281,0.5,,,,5198,4222,1000,20789,inner_cv,"[{""fold"": ""scaffold"", ""k"": 10, ""src"": ""inner_cv"", ""thr"": 0.0932}]",86.57,bootstrap unit: scaffold
T3,wide,scaffold,all,fg_amide,F3.lt1700,knn,auprc,0.122,0.0993,0.1495,0.0721,,,,5198,4222,1000,20789,inner_cv,"[{""fold"": ""scaffold"", ""k"": 10, ""src"": ""inner_cv"", ""thr"": 0.0932}]",86.57,bootstrap unit: scaffold
T3,wide,scaffold,all,fg_amide,F3.lt1700,knn,bal_acc,0.5844,0.559,0.6093,0.5,,,,5198,4222,1000,20789,inner_cv,"[{""fold"": ""scaffold"", ""k"": 10, ""src"": ""inner_cv"", ""thr"": 0.0932}]",86.57,bootstrap unit: scaffold
T3,wide,scaffold,all,fg_hydroxyl_aliphatic,F1,majority,auroc,0.5,0.5,0.5,0.5,,,,5198,4222,1000,20789,fixed,"[{""fold"": ""scaffold"", ""src"": ""fixed"", ""thr"": 0.5}]",1.09,bootstrap unit: scaffold
T3,wide,scaffold,all,fg_hydroxyl_aliphatic,F1,majority,auprc,0.1191,0.1093,0.1286,0.1191,,,,5198,4222,1000,20789,fixed,"[{""fold"": ""scaffold"", ""src"": ""fixed"", ""thr"": 0.5}]",1.09,bootstrap unit: scaffold
T3,wide,scaffold,all,fg_hydroxyl_aliphatic,F1,majority,bal_acc,0.5,0.5,0.5,0.5,,,,5198,4222,1000,20789,fixed,"[{""fold"": ""scaffold"", ""src"": ""fixed"", ""thr"": 0.5}]",1.09,bootstrap unit: scaffold
T3,wide,scaffold,all,fg_hydroxyl_aliphatic,F1,lr,auroc,0.6496,0.6255,0.6731,0.5,0.0099,100,0.498,5198,4222,1000,20789,inner_cv,"[{""fold"": ""scaffold"", ""C"": 0.1, ""src"": ""inner_cv"", ""thr"": 0.4563}]",4.83,bootstrap unit: scaffold
T3,wide,scaffold,all,fg_hydroxyl_aliphatic,F1,lr,auprc,0.1881,0.166,0.213,0.1191,,,,5198,4222,1000,20789,inner_cv,"[{""fold"": ""scaffold"", ""C"": 0.1, ""src"": ""inner_cv"", ""thr"": 0.4563}]",4.83,bootstrap unit: scaffold
T3,wide,scaffold,all,fg_hydroxyl_aliphatic,F1,lr,bal_acc,0.6052,0.5861,0.6257,0.5,,,,5198,4222,1000,20789,inner_cv,"[{""fold"": ""scaffold"", ""C"": 0.1, ""src"": ""inner_cv"", ""thr"": 0.4563}]",4.83,bootstrap unit: scaffold
T3,wide,scaffold,all,fg_hydroxyl_aliphatic,F1,hgb,auroc,0.6969,0.6743,0.7177,0.5,,,,5198,4222,1000,20789,inner_cv,"[{""fold"": ""scaffold"", ""src"": ""inner_cv"", ""thr"": 0.4744}]",7.63,bootstrap unit: scaffold
T3,wide,scaffold,all,fg_hydroxyl_aliphatic,F1,hgb,auprc,0.2367,0.2072,0.2673,0.1191,,,,5198,4222,1000,20789,inner_cv,"[{""fold"": ""scaffold"", ""src"": ""inner_cv"", ""thr"": 0.4744}]",7.63,bootstrap unit: scaffold
T3,wide,scaffold,all,fg_hydroxyl_aliphatic,F1,hgb,bal_acc,0.6442,0.6267,0.6624,0.5,,,,5198,4222,1000,20789,inner_cv,"[{""fold"": ""scaffold"", ""src"": ""inner_cv"", ""thr"": 0.4744}]",7.63,bootstrap unit: scaffold
T3,wide,scaffold,all,fg_hydroxyl_aliphatic,F1,knn,auroc,0.5785,0.5536,0.6021,0.5,,,,5198,4222,1000,20789,inner_cv,"[{""fold"": ""scaffold"", ""k"": 10, ""src"": ""inner_cv"", ""thr"": 0.2947}]",43.53,bootstrap unit: scaffold
T3,wide,scaffold,all,fg_hydroxyl_aliphatic,F1,knn,auprc,0.1583,0.1407,0.1787,0.1191,,,,5198,4222,1000,20789,inner_cv,"[{""fold"": ""scaffold"", ""k"": 10, ""src"": ""inner_cv"", ""thr"": 0.2947}]",43.53,bootstrap unit: scaffold
T3,wide,scaffold,all,fg_hydroxyl_aliphatic,F1,knn,bal_acc,0.5523,0.5311,0.5716,0.5,,,,5198,4222,1000,20789,inner_cv,"[{""fold"": ""scaffold"", ""k"": 10, ""src"": ""inner_cv"", ""thr"": 0.2947}]",43.53,bootstrap unit: scaffold
T3,wide,scaffold,all,fg_hydroxyl_aliphatic,F1pos,majority,auroc,0.5,0.5,0.5,0.5,,,,5198,4222,1000,20789,fixed,"[{""fold"": ""scaffold"", ""src"": ""fixed"", ""thr"": 0.5}]",1.27,bootstrap unit: scaffold
T3,wide,scaffold,all,fg_hydroxyl_aliphatic,F1pos,majority,auprc,0.1191,0.1093,0.1286,0.1191,,,,5198,4222,1000,20789,fixed,"[{""fold"": ""scaffold"", ""src"": ""fixed"", ""thr"": 0.5}]",1.27,bootstrap unit: scaffold
T3,wide,scaffold,all,fg_hydroxyl_aliphatic,F1pos,majority,bal_acc,0.5,0.5,0.5,0.5,,,,5198,4222,1000,20789,fixed,"[{""fold"": ""scaffold"", ""src"": ""fixed"", ""thr"": 0.5}]",1.27,bootstrap unit: scaffold
T3,wide,scaffold,all,fg_hydroxyl_aliphatic,F1pos,lr,auroc,0.6771,0.6553,0.6983,0.5,,,,5198,4222,1000,20789,inner_cv,"[{""fold"": ""scaffold"", ""C"": 10.0, ""src"": ""inner_cv"", ""thr"": 0.5126}]",6.35,bootstrap unit: scaffold
T3,wide,scaffold,all,fg_hydroxyl_aliphatic,F1pos,lr,auprc,0.2117,0.1892,0.2382,0.1191,,,,5198,4222,1000,20789,inner_cv,"[{""fold"": ""scaffold"", ""C"": 10.0, ""src"": ""inner_cv"", ""thr"": 0.5126}]",6.35,bootstrap unit: scaffold
T3,wide,scaffold,all,fg_hydroxyl_aliphatic,F1pos,lr,bal_acc,0.6324,0.6105,0.6519,0.5,,,,5198,4222,1000,20789,inner_cv,"[{""fold"": ""scaffold"", ""C"": 10.0, ""src"": ""inner_cv"", ""thr"": 0.5126}]",6.35,bootstrap unit: scaffold
T3,wide,scaffold,all,fg_hydroxyl_aliphatic,F1pos,hgb,auroc,0.6677,0.6461,0.6893,0.5,,,,5198,4222,1000,20789,inner_cv,"[{""fold"": ""scaffold"", ""src"": ""inner_cv"", ""thr"": 0.521}]",6.55,bootstrap unit: scaffold
T3,wide,scaffold,all,fg_hydroxyl_aliphatic,F1pos,hgb,auprc,0.205,0.1812,0.2321,0.1191,,,,5198,4222,1000,20789,inner_cv,"[{""fold"": ""scaffold"", ""src"": ""inner_cv"", ""thr"": 0.521}]",6.55,bootstrap unit: scaffold
T3,wide,scaffold,all,fg_hydroxyl_aliphatic,F1pos,hgb,bal_acc,0.6225,0.602,0.6432,0.5,,,,5198,4222,1000,20789,inner_cv,"[{""fold"": ""scaffold"", ""src"": ""inner_cv"", ""thr"": 0.521}]",6.55,bootstrap unit: scaffold
T3,wide,scaffold,all,fg_hydroxyl_aliphatic,F1pos,knn,auroc,0.5654,0.5428,0.5873,0.5,,,,5198,4222,1000,20789,inner_cv,"[{""fold"": ""scaffold"", ""k"": 10, ""src"": ""inner_cv"", ""thr"": 0.3931}]",46.18,bootstrap unit: scaffold
T3,wide,scaffold,all,fg_hydroxyl_aliphatic,F1pos,knn,auprc,0.1402,0.1258,0.1592,0.1191,,,,5198,4222,1000,20789,inner_cv,"[{""fold"": ""scaffold"", ""k"": 10, ""src"": ""inner_cv"", ""thr"": 0.3931}]",46.18,bootstrap unit: scaffold
T3,wide,scaffold,all,fg_hydroxyl_aliphatic,F1pos,knn,bal_acc,0.5579,0.5371,0.5764,0.5,,,,5198,4222,1000,20789,inner_cv,"[{""fold"": ""scaffold"", ""k"": 10, ""src"": ""inner_cv"", ""thr"": 0.3931}]",46.18,bootstrap unit: scaffold
T3,wide,scaffold,all,fg_hydroxyl_aliphatic,F2,majority,auroc,0.5,0.5,0.5,0.5,,,,5198,4222,1000,20789,fixed,"[{""fold"": ""scaffold"", ""src"": ""fixed"", ""thr"": 0.5}]",3.75,bootstrap unit: scaffold
T3,wide,scaffold,all,fg_hydroxyl_aliphatic,F2,majority,auprc,0.1191,0.1093,0.1286,0.1191,,,,5198,4222,1000,20789,fixed,"[{""fold"": ""scaffold"", ""src"": ""fixed"", ""thr"": 0.5}]",3.75,bootstrap unit: scaffold
T3,wide,scaffold,all,fg_hydroxyl_aliphatic,F2,majority,bal_acc,0.5,0.5,0.5,0.5,,,,5198,4222,1000,20789,fixed,"[{""fold"": ""scaffold"", ""src"": ""fixed"", ""thr"": 0.5}]",3.75,bootstrap unit: scaffold
T3,wide,scaffold,all,fg_hydroxyl_aliphatic,F2,lr,auroc,0.6504,0.6255,0.6738,0.5,,,,5198,4222,1000,20789,inner_cv,"[{""fold"": ""scaffold"", ""C"": 0.01, ""src"": ""inner_cv"", ""thr"": 0.4641}]",204.5,bootstrap unit: scaffold
T3,wide,scaffold,all,fg_hydroxyl_aliphatic,F2,lr,auprc,0.1848,0.1636,0.2086,0.1191,,,,5198,4222,1000,20789,inner_cv,"[{""fold"": ""scaffold"", ""C"": 0.01, ""src"": ""inner_cv"", ""thr"": 0.4641}]",204.5,bootstrap unit: scaffold
T3,wide,scaffold,all,fg_hydroxyl_aliphatic,F2,lr,bal_acc,0.6052,0.5835,0.6246,0.5,,,,5198,4222,1000,20789,inner_cv,"[{""fold"": ""scaffold"", ""C"": 0.01, ""src"": ""inner_cv"", ""thr"": 0.4641}]",204.5,bootstrap unit: scaffold
T3,wide,scaffold,all,fg_hydroxyl_aliphatic,F2,hgb,auroc,0.7193,0.6966,0.7403,0.5,,,,5198,4222,1000,20789,inner_cv,"[{""fold"": ""scaffold"", ""src"": ""inner_cv"", ""thr"": 0.4816}]",80.39,bootstrap unit: scaffold
T3,wide,scaffold,all,fg_hydroxyl_aliphatic,F2,hgb,auprc,0.2654,0.2332,0.2977,0.1191,,,,5198,4222,1000,20789,inner_cv,"[{""fold"": ""scaffold"", ""src"": ""inner_cv"", ""thr"": 0.4816}]",80.39,bootstrap unit: scaffold
T3,wide,scaffold,all,fg_hydroxyl_aliphatic,F2,hgb,bal_acc,0.6539,0.6356,0.6737,0.5,,,,5198,4222,1000,20789,inner_cv,"[{""fold"": ""scaffold"", ""src"": ""inner_cv"", ""thr"": 0.4816}]",80.39,bootstrap unit: scaffold
T3,wide,scaffold,all,fg_hydroxyl_aliphatic,F2,knn,auroc,0.6288,0.605,0.6529,0.5,,,,5198,4222,1000,20789,inner_cv,"[{""fold"": ""scaffold"", ""k"": 10, ""src"": ""inner_cv"", ""thr"": 0.387}]",100.96,bootstrap unit: scaffold
T3,wide,scaffold,all,fg_hydroxyl_aliphatic,F2,knn,auprc,0.2007,0.1769,0.2277,0.1191,,,,5198,4222,1000,20789,inner_cv,"[{""fold"": ""scaffold"", ""k"": 10, ""src"": ""inner_cv"", ""thr"": 0.387}]",100.96,bootstrap unit: scaffold
T3,wide,scaffold,all,fg_hydroxyl_aliphatic,F2,knn,bal_acc,0.598,0.5771,0.6181,0.5,,,,5198,4222,1000,20789,inner_cv,"[{""fold"": ""scaffold"", ""k"": 10, ""src"": ""inner_cv"", ""thr"": 0.387}]",100.96,bootstrap unit: scaffold
T3,wide,scaffold,all,fg_hydroxyl_aliphatic,F3,majority,auroc,0.5,0.5,0.5,0.5,,,,5198,4222,1000,20789,fixed,"[{""fold"": ""scaffold"", ""src"": ""fixed"", ""thr"": 0.5}]",1.63,bootstrap unit: scaffold
T3,wide,scaffold,all,fg_hydroxyl_aliphatic,F3,majority,auprc,0.1191,0.1093,0.1286,0.1191,,,,5198,4222,1000,20789,fixed,"[{""fold"": ""scaffold"", ""src"": ""fixed"", ""thr"": 0.5}]",1.63,bootstrap unit: scaffold
T3,wide,scaffold,all,fg_hydroxyl_aliphatic,F3,majority,bal_acc,0.5,0.5,0.5,0.5,,,,5198,4222,1000,20789,fixed,"[{""fold"": ""scaffold"", ""src"": ""fixed"", ""thr"": 0.5}]",1.63,bootstrap unit: scaffold
T3,wide,scaffold,all,fg_hydroxyl_aliphatic,F3,lr,auroc,0.6578,0.6342,0.6812,0.5,,,,5198,4222,1000,20789,inner_cv,"[{""fold"": ""scaffold"", ""C"": 0.01, ""src"": ""inner_cv"", ""thr"": 0.4628}]",175.19,bootstrap unit: scaffold
T3,wide,scaffold,all,fg_hydroxyl_aliphatic,F3,lr,auprc,0.1926,0.1705,0.2168,0.1191,,,,5198,4222,1000,20789,inner_cv,"[{""fold"": ""scaffold"", ""C"": 0.01, ""src"": ""inner_cv"", ""thr"": 0.4628}]",175.19,bootstrap unit: scaffold
T3,wide,scaffold,all,fg_hydroxyl_aliphatic,F3,lr,bal_acc,0.6121,0.5913,0.6317,0.5,,,,5198,4222,1000,20789,inner_cv,"[{""fold"": ""scaffold"", ""C"": 0.01, ""src"": ""inner_cv"", ""thr"": 0.4628}]",175.19,bootstrap unit: scaffold
T3,wide,scaffold,all,fg_hydroxyl_aliphatic,F3,hgb,auroc,0.7456,0.7239,0.7652,0.5,0.0099,100,0.5009,5198,4222,1000,20789,inner_cv,"[{""fold"": ""scaffold"", ""src"": ""inner_cv"", ""thr"": 0.5081}]",78.44,bootstrap unit: scaffold
T3,wide,scaffold,all,fg_hydroxyl_aliphatic,F3,hgb,auprc,0.305,0.2668,0.3404,0.1191,,,,5198,4222,1000,20789,inner_cv,"[{""fold"": ""scaffold"", ""src"": ""inner_cv"", ""thr"": 0.5081}]",78.44,bootstrap unit: scaffold
T3,wide,scaffold,all,fg_hydroxyl_aliphatic,F3,hgb,bal_acc,0.6831,0.6645,0.7007,0.5,,,,5198,4222,1000,20789,inner_cv,"[{""fold"": ""scaffold"", ""src"": ""inner_cv"", ""thr"": 0.5081}]",78.44,bootstrap unit: scaffold
T3,wide,scaffold,all,fg_hydroxyl_aliphatic,F3,knn,auroc,0.6367,0.6135,0.6598,0.5,,,,5198,4222,1000,20789,inner_cv,"[{""fold"": ""scaffold"", ""k"": 10, ""src"": ""inner_cv"", ""thr"": 0.2946}]",106.95,bootstrap unit: scaffold
T3,wide,scaffold,all,fg_hydroxyl_aliphatic,F3,knn,auprc,0.1952,0.1734,0.2209,0.1191,,,,5198,4222,1000,20789,inner_cv,"[{""fold"": ""scaffold"", ""k"": 10, ""src"": ""inner_cv"", ""thr"": 0.2946}]",106.95,bootstrap unit: scaffold
T3,wide,scaffold,all,fg_hydroxyl_aliphatic,F3,knn,bal_acc,0.5769,0.5575,0.5947,0.5,,,,5198,4222,1000,20789,inner_cv,"[{""fold"": ""scaffold"", ""k"": 10, ""src"": ""inner_cv"", ""thr"": 0.2946}]",106.95,bootstrap unit: scaffold
T3,wide,scaffold,all,fg_hydroxyl_aliphatic,F1.sqrt,majority,auroc,0.5,0.5,0.5,0.5,,,,5198,4222,1000,20789,fixed,"[{""fold"": ""scaffold"", ""src"": ""fixed"", ""thr"": 0.5}]",1.23,bootstrap unit: scaffold
T3,wide,scaffold,all,fg_hydroxyl_aliphatic,F1.sqrt,majority,auprc,0.1191,0.1093,0.1286,0.1191,,,,5198,4222,1000,20789,fixed,"[{""fold"": ""scaffold"", ""src"": ""fixed"", ""thr"": 0.5}]",1.23,bootstrap unit: scaffold
T3,wide,scaffold,all,fg_hydroxyl_aliphatic,F1.sqrt,majority,bal_acc,0.5,0.5,0.5,0.5,,,,5198,4222,1000,20789,fixed,"[{""fold"": ""scaffold"", ""src"": ""fixed"", ""thr"": 0.5}]",1.23,bootstrap unit: scaffold
T3,wide,scaffold,all,fg_hydroxyl_aliphatic,F1.sqrt,lr,auroc,0.6769,0.6558,0.6998,0.5,,,,5198,4222,1000,20789,inner_cv,"[{""fold"": ""scaffold"", ""C"": 10.0, ""src"": ""inner_cv"", ""thr"": 0.493}]",4.94,bootstrap unit: scaffold
T3,wide,scaffold,all,fg_hydroxyl_aliphatic,F1.sqrt,lr,auprc,0.2064,0.1833,0.2337,0.1191,,,,5198,4222,1000,20789,inner_cv,"[{""fold"": ""scaffold"", ""C"": 10.0, ""src"": ""inner_cv"", ""thr"": 0.493}]",4.94,bootstrap unit: scaffold
T3,wide,scaffold,all,fg_hydroxyl_aliphatic,F1.sqrt,lr,bal_acc,0.6364,0.6173,0.6565,0.5,,,,5198,4222,1000,20789,inner_cv,"[{""fold"": ""scaffold"", ""C"": 10.0, ""src"": ""inner_cv"", ""thr"": 0.493}]",4.94,bootstrap unit: scaffold
T3,wide,scaffold,all,fg_hydroxyl_aliphatic,F1.sqrt,hgb,auroc,0.6969,0.6743,0.7177,0.5,,,,5198,4222,1000,20789,inner_cv,"[{""fold"": ""scaffold"", ""src"": ""inner_cv"", ""thr"": 0.4744}]",6.63,bootstrap unit: scaffold
T3,wide,scaffold,all,fg_hydroxyl_aliphatic,F1.sqrt,hgb,auprc,0.2367,0.2072,0.2673,0.1191,,,,5198,4222,1000,20789,inner_cv,"[{""fold"": ""scaffold"", ""src"": ""inner_cv"", ""thr"": 0.4744}]",6.63,bootstrap unit: scaffold
T3,wide,scaffold,all,fg_hydroxyl_aliphatic,F1.sqrt,hgb,bal_acc,0.644,0.6265,0.6623,0.5,,,,5198,4222,1000,20789,inner_cv,"[{""fold"": ""scaffold"", ""src"": ""inner_cv"", ""thr"": 0.4744}]",6.63,bootstrap unit: scaffold
T3,wide,scaffold,all,fg_hydroxyl_aliphatic,F1.sqrt,knn,auroc,0.594,0.5711,0.6156,0.5,,,,5198,4222,1000,20789,inner_cv,"[{""fold"": ""scaffold"", ""k"": 10, ""src"": ""inner_cv"", ""thr"": 0.3018}]",38.01,bootstrap unit: scaffold
T3,wide,scaffold,all,fg_hydroxyl_aliphatic,F1.sqrt,knn,auprc,0.1537,0.1378,0.1733,0.1191,,,,5198,4222,1000,20789,inner_cv,"[{""fold"": ""scaffold"", ""k"": 10, ""src"": ""inner_cv"", ""thr"": 0.3018}]",38.01,bootstrap unit: scaffold
T3,wide,scaffold,all,fg_hydroxyl_aliphatic,F1.sqrt,knn,bal_acc,0.5659,0.5454,0.5841,0.5,,,,5198,4222,1000,20789,inner_cv,"[{""fold"": ""scaffold"", ""k"": 10, ""src"": ""inner_cv"", ""thr"": 0.3018}]",38.01,bootstrap unit: scaffold
T3,wide,scaffold,all,fg_hydroxyl_aliphatic,F2.lt1700,majority,auroc,0.5,0.5,0.5,0.5,,,,5198,4222,1000,20789,fixed,"[{""fold"": ""scaffold"", ""src"": ""fixed"", ""thr"": 0.5}]",1.91,bootstrap unit: scaffold
T3,wide,scaffold,all,fg_hydroxyl_aliphatic,F2.lt1700,majority,auprc,0.1191,0.1093,0.1286,0.1191,,,,5198,4222,1000,20789,fixed,"[{""fold"": ""scaffold"", ""src"": ""fixed"", ""thr"": 0.5}]",1.91,bootstrap unit: scaffold
T3,wide,scaffold,all,fg_hydroxyl_aliphatic,F2.lt1700,majority,bal_acc,0.5,0.5,0.5,0.5,,,,5198,4222,1000,20789,fixed,"[{""fold"": ""scaffold"", ""src"": ""fixed"", ""thr"": 0.5}]",1.91,bootstrap unit: scaffold
T3,wide,scaffold,all,fg_hydroxyl_aliphatic,F2.lt1700,lr,auroc,0.6499,0.6257,0.6725,0.5,,,,5198,4222,1000,20789,inner_cv,"[{""fold"": ""scaffold"", ""C"": 0.01, ""src"": ""inner_cv"", ""thr"": 0.4565}]",181.84,bootstrap unit: scaffold
T3,wide,scaffold,all,fg_hydroxyl_aliphatic,F2.lt1700,lr,auprc,0.1828,0.1623,0.2062,0.1191,,,,5198,4222,1000,20789,inner_cv,"[{""fold"": ""scaffold"", ""C"": 0.01, ""src"": ""inner_cv"", ""thr"": 0.4565}]",181.84,bootstrap unit: scaffold
T3,wide,scaffold,all,fg_hydroxyl_aliphatic,F2.lt1700,lr,bal_acc,0.6087,0.5886,0.6286,0.5,,,,5198,4222,1000,20789,inner_cv,"[{""fold"": ""scaffold"", ""C"": 0.01, ""src"": ""inner_cv"", ""thr"": 0.4565}]",181.84,bootstrap unit: scaffold
T3,wide,scaffold,all,fg_hydroxyl_aliphatic,F2.lt1700,hgb,auroc,0.7145,0.6918,0.7363,0.5,,,,5198,4222,1000,20789,inner_cv,"[{""fold"": ""scaffold"", ""src"": ""inner_cv"", ""thr"": 0.4815}]",34.74,bootstrap unit: scaffold
T3,wide,scaffold,all,fg_hydroxyl_aliphatic,F2.lt1700,hgb,auprc,0.2611,0.2262,0.2953,0.1191,,,,5198,4222,1000,20789,inner_cv,"[{""fold"": ""scaffold"", ""src"": ""inner_cv"", ""thr"": 0.4815}]",34.74,bootstrap unit: scaffold
T3,wide,scaffold,all,fg_hydroxyl_aliphatic,F2.lt1700,hgb,bal_acc,0.6556,0.6372,0.6744,0.5,,,,5198,4222,1000,20789,inner_cv,"[{""fold"": ""scaffold"", ""src"": ""inner_cv"", ""thr"": 0.4815}]",34.74,bootstrap unit: scaffold
T3,wide,scaffold,all,fg_hydroxyl_aliphatic,F2.lt1700,knn,auroc,0.6217,0.5992,0.6455,0.5,,,,5198,4222,1000,20789,inner_cv,"[{""fold"": ""scaffold"", ""k"": 10, ""src"": ""inner_cv"", ""thr"": 0.385}]",67.22,bootstrap unit: scaffold
T3,wide,scaffold,all,fg_hydroxyl_aliphatic,F2.lt1700,knn,auprc,0.1832,0.1625,0.2098,0.1191,,,,5198,4222,1000,20789,inner_cv,"[{""fold"": ""scaffold"", ""k"": 10, ""src"": ""inner_cv"", ""thr"": 0.385}]",67.22,bootstrap unit: scaffold
T3,wide,scaffold,all,fg_hydroxyl_aliphatic,F2.lt1700,knn,bal_acc,0.5888,0.5684,0.6089,0.5,,,,5198,4222,1000,20789,inner_cv,"[{""fold"": ""scaffold"", ""k"": 10, ""src"": ""inner_cv"", ""thr"": 0.385}]",67.22,bootstrap unit: scaffold
T3,wide,scaffold,all,fg_hydroxyl_aliphatic,F3.lt1700,majority,auroc,0.5,0.5,0.5,0.5,,,,5198,4222,1000,20789,fixed,"[{""fold"": ""scaffold"", ""src"": ""fixed"", ""thr"": 0.5}]",2.08,bootstrap unit: scaffold
T3,wide,scaffold,all,fg_hydroxyl_aliphatic,F3.lt1700,majority,auprc,0.1191,0.1093,0.1286,0.1191,,,,5198,4222,1000,20789,fixed,"[{""fold"": ""scaffold"", ""src"": ""fixed"", ""thr"": 0.5}]",2.08,bootstrap unit: scaffold
T3,wide,scaffold,all,fg_hydroxyl_aliphatic,F3.lt1700,majority,bal_acc,0.5,0.5,0.5,0.5,,,,5198,4222,1000,20789,fixed,"[{""fold"": ""scaffold"", ""src"": ""fixed"", ""thr"": 0.5}]",2.08,bootstrap unit: scaffold
T3,wide,scaffold,all,fg_hydroxyl_aliphatic,F3.lt1700,lr,auroc,0.6535,0.629,0.6758,0.5,,,,5198,4222,1000,20789,inner_cv,"[{""fold"": ""scaffold"", ""C"": 0.01, ""src"": ""inner_cv"", ""thr"": 0.4801}]",75.43,bootstrap unit: scaffold
T3,wide,scaffold,all,fg_hydroxyl_aliphatic,F3.lt1700,lr,auprc,0.1884,0.1674,0.2133,0.1191,,,,5198,4222,1000,20789,inner_cv,"[{""fold"": ""scaffold"", ""C"": 0.01, ""src"": ""inner_cv"", ""thr"": 0.4801}]",75.43,bootstrap unit: scaffold
T3,wide,scaffold,all,fg_hydroxyl_aliphatic,F3.lt1700,lr,bal_acc,0.6114,0.5898,0.6318,0.5,,,,5198,4222,1000,20789,inner_cv,"[{""fold"": ""scaffold"", ""C"": 0.01, ""src"": ""inner_cv"", ""thr"": 0.4801}]",75.43,bootstrap unit: scaffold
T3,wide,scaffold,all,fg_hydroxyl_aliphatic,F3.lt1700,hgb,auroc,0.7419,0.7207,0.7616,0.5,,,,5198,4222,1000,20789,inner_cv,"[{""fold"": ""scaffold"", ""src"": ""inner_cv"", ""thr"": 0.4825}]",44.34,bootstrap unit: scaffold
T3,wide,scaffold,all,fg_hydroxyl_aliphatic,F3.lt1700,hgb,auprc,0.3065,0.2685,0.343,0.1191,,,,5198,4222,1000,20789,inner_cv,"[{""fold"": ""scaffold"", ""src"": ""inner_cv"", ""thr"": 0.4825}]",44.34,bootstrap unit: scaffold
T3,wide,scaffold,all,fg_hydroxyl_aliphatic,F3.lt1700,hgb,bal_acc,0.6713,0.6521,0.689,0.5,,,,5198,4222,1000,20789,inner_cv,"[{""fold"": ""scaffold"", ""src"": ""inner_cv"", ""thr"": 0.4825}]",44.34,bootstrap unit: scaffold
T3,wide,scaffold,all,fg_hydroxyl_aliphatic,F3.lt1700,knn,auroc,0.638,0.6139,0.6631,0.5,,,,5198,4222,1000,20789,inner_cv,"[{""fold"": ""scaffold"", ""k"": 10, ""src"": ""inner_cv"", ""thr"": 0.3786}]",80.59,bootstrap unit: scaffold
T3,wide,scaffold,all,fg_hydroxyl_aliphatic,F3.lt1700,knn,auprc,0.1948,0.1726,0.2208,0.1191,,,,5198,4222,1000,20789,inner_cv,"[{""fold"": ""scaffold"", ""k"": 10, ""src"": ""inner_cv"", ""thr"": 0.3786}]",80.59,bootstrap unit: scaffold
T3,wide,scaffold,all,fg_hydroxyl_aliphatic,F3.lt1700,knn,bal_acc,0.5999,0.5797,0.6192,0.5,,,,5198,4222,1000,20789,inner_cv,"[{""fold"": ""scaffold"", ""k"": 10, ""src"": ""inner_cv"", ""thr"": 0.3786}]",80.59,bootstrap unit: scaffold
T3,wide,scaffold,all,fg_phenol,F1,majority,auroc,0.5,0.5,0.5,0.5,,,,5198,4222,1000,20789,fixed,"[{""fold"": ""scaffold"", ""src"": ""fixed"", ""thr"": 0.5}]",1.72,bootstrap unit: scaffold
T3,wide,scaffold,all,fg_phenol,F1,majority,auprc,0.0112,0.0083,0.014,0.0112,,,,5198,4222,1000,20789,fixed,"[{""fold"": ""scaffold"", ""src"": ""fixed"", ""thr"": 0.5}]",1.72,bootstrap unit: scaffold
T3,wide,scaffold,all,fg_phenol,F1,majority,bal_acc,0.5,0.5,0.5,0.5,,,,5198,4222,1000,20789,fixed,"[{""fold"": ""scaffold"", ""src"": ""fixed"", ""thr"": 0.5}]",1.72,bootstrap unit: scaffold
T3,wide,scaffold,all,fg_phenol,F1,lr,auroc,0.9047,0.8794,0.9291,0.5,0.0099,100,0.5026,5198,4222,1000,20789,inner_cv,"[{""fold"": ""scaffold"", ""C"": 0.01, ""src"": ""inner_cv"", ""thr"": 0.4015}]",4.65,bootstrap unit: scaffold
T3,wide,scaffold,all,fg_phenol,F1,lr,auprc,0.0907,0.0567,0.172,0.0112,,,,5198,4222,1000,20789,inner_cv,"[{""fold"": ""scaffold"", ""C"": 0.01, ""src"": ""inner_cv"", ""thr"": 0.4015}]",4.65,bootstrap unit: scaffold
T3,wide,scaffold,all,fg_phenol,F1,lr,bal_acc,0.8456,0.7987,0.8811,0.5,,,,5198,4222,1000,20789,inner_cv,"[{""fold"": ""scaffold"", ""C"": 0.01, ""src"": ""inner_cv"", ""thr"": 0.4015}]",4.65,bootstrap unit: scaffold
T3,wide,scaffold,all,fg_phenol,F1,hgb,auroc,0.8908,0.859,0.9214,0.5,,,,5198,4222,1000,20789,inner_cv,"[{""fold"": ""scaffold"", ""src"": ""inner_cv"", ""thr"": 0.1903}]",7.02,bootstrap unit: scaffold
T3,wide,scaffold,all,fg_phenol,F1,hgb,auprc,0.0863,0.0484,0.1851,0.0112,,,,5198,4222,1000,20789,inner_cv,"[{""fold"": ""scaffold"", ""src"": ""inner_cv"", ""thr"": 0.1903}]",7.02,bootstrap unit: scaffold
T3,wide,scaffold,all,fg_phenol,F1,hgb,bal_acc,0.8217,0.7678,0.8712,0.5,,,,5198,4222,1000,20789,inner_cv,"[{""fold"": ""scaffold"", ""src"": ""inner_cv"", ""thr"": 0.1903}]",7.02,bootstrap unit: scaffold
T3,wide,scaffold,all,fg_phenol,F1,knn,auroc,0.6784,0.6055,0.7455,0.5,,,,5198,4222,1000,20789,inner_cv,"[{""fold"": ""scaffold"", ""k"": 10, ""src"": ""inner_cv"", ""thr"": 0.0748}]",42.88,bootstrap unit: scaffold
T3,wide,scaffold,all,fg_phenol,F1,knn,auprc,0.0293,0.0171,0.067,0.0112,,,,5198,4222,1000,20789,inner_cv,"[{""fold"": ""scaffold"", ""k"": 10, ""src"": ""inner_cv"", ""thr"": 0.0748}]",42.88,bootstrap unit: scaffold
T3,wide,scaffold,all,fg_phenol,F1,knn,bal_acc,0.6662,0.5975,0.7293,0.5,,,,5198,4222,1000,20789,inner_cv,"[{""fold"": ""scaffold"", ""k"": 10, ""src"": ""inner_cv"", ""thr"": 0.0748}]",42.88,bootstrap unit: scaffold
T3,wide,scaffold,all,fg_phenol,F1pos,majority,auroc,0.5,0.5,0.5,0.5,,,,5198,4222,1000,20789,fixed,"[{""fold"": ""scaffold"", ""src"": ""fixed"", ""thr"": 0.5}]",2.01,bootstrap unit: scaffold
T3,wide,scaffold,all,fg_phenol,F1pos,majority,auprc,0.0112,0.0083,0.014,0.0112,,,,5198,4222,1000,20789,fixed,"[{""fold"": ""scaffold"", ""src"": ""fixed"", ""thr"": 0.5}]",2.01,bootstrap unit: scaffold
T3,wide,scaffold,all,fg_phenol,F1pos,majority,bal_acc,0.5,0.5,0.5,0.5,,,,5198,4222,1000,20789,fixed,"[{""fold"": ""scaffold"", ""src"": ""fixed"", ""thr"": 0.5}]",2.01,bootstrap unit: scaffold
T3,wide,scaffold,all,fg_phenol,F1pos,lr,auroc,0.923,0.9057,0.9418,0.5,,,,5198,4222,1000,20789,inner_cv,"[{""fold"": ""scaffold"", ""C"": 0.01, ""src"": ""inner_cv"", ""thr"": 0.3299}]",4.92,bootstrap unit: scaffold
T3,wide,scaffold,all,fg_phenol,F1pos,lr,auprc,0.1289,0.0739,0.2181,0.0112,,,,5198,4222,1000,20789,inner_cv,"[{""fold"": ""scaffold"", ""C"": 0.01, ""src"": ""inner_cv"", ""thr"": 0.3299}]",4.92,bootstrap unit: scaffold
T3,wide,scaffold,all,fg_phenol,F1pos,lr,bal_acc,0.8562,0.8122,0.8949,0.5,,,,5198,4222,1000,20789,inner_cv,"[{""fold"": ""scaffold"", ""C"": 0.01, ""src"": ""inner_cv"", ""thr"": 0.3299}]",4.92,bootstrap unit: scaffold
T3,wide,scaffold,all,fg_phenol,F1pos,hgb,auroc,0.9007,0.8769,0.9236,0.5,,,,5198,4222,1000,20789,inner_cv,"[{""fold"": ""scaffold"", ""src"": ""inner_cv"", ""thr"": 0.2176}]",7.23,bootstrap unit: scaffold
T3,wide,scaffold,all,fg_phenol,F1pos,hgb,auprc,0.0921,0.0555,0.1681,0.0112,,,,5198,4222,1000,20789,inner_cv,"[{""fold"": ""scaffold"", ""src"": ""inner_cv"", ""thr"": 0.2176}]",7.23,bootstrap unit: scaffold
T3,wide,scaffold,all,fg_phenol,F1pos,hgb,bal_acc,0.8519,0.8065,0.8873,0.5,,,,5198,4222,1000,20789,inner_cv,"[{""fold"": ""scaffold"", ""src"": ""inner_cv"", ""thr"": 0.2176}]",7.23,bootstrap unit: scaffold
T3,wide,scaffold,all,fg_phenol,F1pos,knn,auroc,0.6069,0.5454,0.6697,0.5,,,,5198,4222,1000,20789,inner_cv,"[{""fold"": ""scaffold"", ""k"": 10, ""src"": ""inner_cv"", ""thr"": 0.0877}]",36.77,bootstrap unit: scaffold
T3,wide,scaffold,all,fg_phenol,F1pos,knn,auprc,0.03,0.0155,0.0766,0.0112,,,,5198,4222,1000,20789,inner_cv,"[{""fold"": ""scaffold"", ""k"": 10, ""src"": ""inner_cv"", ""thr"": 0.0877}]",36.77,bootstrap unit: scaffold
T3,wide,scaffold,all,fg_phenol,F1pos,knn,bal_acc,0.6024,0.5436,0.6628,0.5,,,,5198,4222,1000,20789,inner_cv,"[{""fold"": ""scaffold"", ""k"": 10, ""src"": ""inner_cv"", ""thr"": 0.0877}]",36.77,bootstrap unit: scaffold
T3,wide,scaffold,all,fg_phenol,F2,majority,auroc,0.5,0.5,0.5,0.5,,,,5198,4222,1000,20789,fixed,"[{""fold"": ""scaffold"", ""src"": ""fixed"", ""thr"": 0.5}]",1.49,bootstrap unit: scaffold
T3,wide,scaffold,all,fg_phenol,F2,majority,auprc,0.0112,0.0083,0.014,0.0112,,,,5198,4222,1000,20789,fixed,"[{""fold"": ""scaffold"", ""src"": ""fixed"", ""thr"": 0.5}]",1.49,bootstrap unit: scaffold
T3,wide,scaffold,all,fg_phenol,F2,majority,bal_acc,0.5,0.5,0.5,0.5,,,,5198,4222,1000,20789,fixed,"[{""fold"": ""scaffold"", ""src"": ""fixed"", ""thr"": 0.5}]",1.49,bootstrap unit: scaffold
T3,wide,scaffold,all,fg_phenol,F2,lr,auroc,0.9126,0.8925,0.9318,0.5,,,,5198,4222,1000,20789,inner_cv,"[{""fold"": ""scaffold"", ""C"": 0.01, ""src"": ""inner_cv"", ""thr"": 0.2508}]",79.13,bootstrap unit: scaffold
T3,wide,scaffold,all,fg_phenol,F2,lr,auprc,0.0762,0.0528,0.1289,0.0112,,,,5198,4222,1000,20789,inner_cv,"[{""fold"": ""scaffold"", ""C"": 0.01, ""src"": ""inner_cv"", ""thr"": 0.2508}]",79.13,bootstrap unit: scaffold
T3,wide,scaffold,all,fg_phenol,F2,lr,bal_acc,0.855,0.8147,0.8877,0.5,,,,5198,4222,1000,20789,inner_cv,"[{""fold"": ""scaffold"", ""C"": 0.01, ""src"": ""inner_cv"", ""thr"": 0.2508}]",79.13,bootstrap unit: scaffold
T3,wide,scaffold,all,fg_phenol,F2,hgb,auroc,0.9176,0.8967,0.9378,0.5,,,,5198,4222,1000,20789,inner_cv,"[{""fold"": ""scaffold"", ""src"": ""inner_cv"", ""thr"": 0.0431}]",46.76,bootstrap unit: scaffold
T3,wide,scaffold,all,fg_phenol,F2,hgb,auprc,0.0897,0.0593,0.1553,0.0112,,,,5198,4222,1000,20789,inner_cv,"[{""fold"": ""scaffold"", ""src"": ""inner_cv"", ""thr"": 0.0431}]",46.76,bootstrap unit: scaffold
T3,wide,scaffold,all,fg_phenol,F2,hgb,bal_acc,0.8633,0.8315,0.8887,0.5,,,,5198,4222,1000,20789,inner_cv,"[{""fold"": ""scaffold"", ""src"": ""inner_cv"", ""thr"": 0.0431}]",46.76,bootstrap unit: scaffold
T3,wide,scaffold,all,fg_phenol,F2,knn,auroc,0.709,0.6357,0.778,0.5,,,,5198,4222,1000,20789,inner_cv,"[{""fold"": ""scaffold"", ""k"": 10, ""src"": ""inner_cv"", ""thr"": 0.0675}]",66.52,bootstrap unit: scaffold
T3,wide,scaffold,all,fg_phenol,F2,knn,auprc,0.0596,0.0245,0.1169,0.0112,,,,5198,4222,1000,20789,inner_cv,"[{""fold"": ""scaffold"", ""k"": 10, ""src"": ""inner_cv"", ""thr"": 0.0675}]",66.52,bootstrap unit: scaffold
T3,wide,scaffold,all,fg_phenol,F2,knn,bal_acc,0.6998,0.631,0.7655,0.5,,,,5198,4222,1000,20789,inner_cv,"[{""fold"": ""scaffold"", ""k"": 10, ""src"": ""inner_cv"", ""thr"": 0.0675}]",66.52,bootstrap unit: scaffold
T3,wide,scaffold,all,fg_phenol,F3,majority,auroc,0.5,0.5,0.5,0.5,,,,5198,4222,1000,20789,fixed,"[{""fold"": ""scaffold"", ""src"": ""fixed"", ""thr"": 0.5}]",5.66,bootstrap unit: scaffold
T3,wide,scaffold,all,fg_phenol,F3,majority,auprc,0.0112,0.0083,0.014,0.0112,,,,5198,4222,1000,20789,fixed,"[{""fold"": ""scaffold"", ""src"": ""fixed"", ""thr"": 0.5}]",5.66,bootstrap unit: scaffold
T3,wide,scaffold,all,fg_phenol,F3,majority,bal_acc,0.5,0.5,0.5,0.5,,,,5198,4222,1000,20789,fixed,"[{""fold"": ""scaffold"", ""src"": ""fixed"", ""thr"": 0.5}]",5.66,bootstrap unit: scaffold
T3,wide,scaffold,all,fg_phenol,F3,lr,auroc,0.9095,0.8894,0.9282,0.5,,,,5198,4222,1000,20789,inner_cv,"[{""fold"": ""scaffold"", ""C"": 0.01, ""src"": ""inner_cv"", ""thr"": 0.2676}]",91.41,bootstrap unit: scaffold
T3,wide,scaffold,all,fg_phenol,F3,lr,auprc,0.0671,0.0471,0.1016,0.0112,,,,5198,4222,1000,20789,inner_cv,"[{""fold"": ""scaffold"", ""C"": 0.01, ""src"": ""inner_cv"", ""thr"": 0.2676}]",91.41,bootstrap unit: scaffold
T3,wide,scaffold,all,fg_phenol,F3,lr,bal_acc,0.8611,0.8218,0.8905,0.5,,,,5198,4222,1000,20789,inner_cv,"[{""fold"": ""scaffold"", ""C"": 0.01, ""src"": ""inner_cv"", ""thr"": 0.2676}]",91.41,bootstrap unit: scaffold
T3,wide,scaffold,all,fg_phenol,F3,hgb,auroc,0.9327,0.9163,0.9477,0.5,0.0099,100,0.5026,5198,4222,1000,20789,inner_cv,"[{""fold"": ""scaffold"", ""src"": ""inner_cv"", ""thr"": 0.0754}]",55.14,bootstrap unit: scaffold
T3,wide,scaffold,all,fg_phenol,F3,hgb,auprc,0.1559,0.0822,0.2557,0.0112,,,,5198,4222,1000,20789,inner_cv,"[{""fold"": ""scaffold"", ""src"": ""inner_cv"", ""thr"": 0.0754}]",55.14,bootstrap unit: scaffold
T3,wide,scaffold,all,fg_phenol,F3,hgb,bal_acc,0.8855,0.8504,0.9137,0.5,,,,5198,4222,1000,20789,inner_cv,"[{""fold"": ""scaffold"", ""src"": ""inner_cv"", ""thr"": 0.0754}]",55.14,bootstrap unit: scaffold
T3,wide,scaffold,all,fg_phenol,F3,knn,auroc,0.7133,0.6414,0.7778,0.5,,,,5198,4222,1000,20789,inner_cv,"[{""fold"": ""scaffold"", ""k"": 10, ""src"": ""inner_cv"", ""thr"": 0.0744}]",78.8,bootstrap unit: scaffold
T3,wide,scaffold,all,fg_phenol,F3,knn,auprc,0.0643,0.0272,0.1231,0.0112,,,,5198,4222,1000,20789,inner_cv,"[{""fold"": ""scaffold"", ""k"": 10, ""src"": ""inner_cv"", ""thr"": 0.0744}]",78.8,bootstrap unit: scaffold
T3,wide,scaffold,all,fg_phenol,F3,knn,bal_acc,0.7044,0.6371,0.7651,0.5,,,,5198,4222,1000,20789,inner_cv,"[{""fold"": ""scaffold"", ""k"": 10, ""src"": ""inner_cv"", ""thr"": 0.0744}]",78.8,bootstrap unit: scaffold
T3,wide,scaffold,all,fg_phenol,F1.sqrt,majority,auroc,0.5,0.5,0.5,0.5,,,,5198,4222,1000,20789,fixed,"[{""fold"": ""scaffold"", ""src"": ""fixed"", ""thr"": 0.5}]",1.93,bootstrap unit: scaffold
T3,wide,scaffold,all,fg_phenol,F1.sqrt,majority,auprc,0.0112,0.0083,0.014,0.0112,,,,5198,4222,1000,20789,fixed,"[{""fold"": ""scaffold"", ""src"": ""fixed"", ""thr"": 0.5}]",1.93,bootstrap unit: scaffold
T3,wide,scaffold,all,fg_phenol,F1.sqrt,majority,bal_acc,0.5,0.5,0.5,0.5,,,,5198,4222,1000,20789,fixed,"[{""fold"": ""scaffold"", ""src"": ""fixed"", ""thr"": 0.5}]",1.93,bootstrap unit: scaffold
T3,wide,scaffold,all,fg_phenol,F1.sqrt,lr,auroc,0.9204,0.901,0.9388,0.5,,,,5198,4222,1000,20789,inner_cv,"[{""fold"": ""scaffold"", ""C"": 0.01, ""src"": ""inner_cv"", ""thr"": 0.4333}]",3.09,bootstrap unit: scaffold
T3,wide,scaffold,all,fg_phenol,F1.sqrt,lr,auprc,0.1308,0.0742,0.2275,0.0112,,,,5198,4222,1000,20789,inner_cv,"[{""fold"": ""scaffold"", ""C"": 0.01, ""src"": ""inner_cv"", ""thr"": 0.4333}]",3.09,bootstrap unit: scaffold
T3,wide,scaffold,all,fg_phenol,F1.sqrt,lr,bal_acc,0.8583,0.8105,0.8969,0.5,,,,5198,4222,1000,20789,inner_cv,"[{""fold"": ""scaffold"", ""C"": 0.01, ""src"": ""inner_cv"", ""thr"": 0.4333}]",3.09,bootstrap unit: scaffold
T3,wide,scaffold,all,fg_phenol,F1.sqrt,hgb,auroc,0.8908,0.859,0.9214,0.5,,,,5198,4222,1000,20789,inner_cv,"[{""fold"": ""scaffold"", ""src"": ""inner_cv"", ""thr"": 0.1903}]",5.63,bootstrap unit: scaffold
T3,wide,scaffold,all,fg_phenol,F1.sqrt,hgb,auprc,0.0863,0.0484,0.1851,0.0112,,,,5198,4222,1000,20789,inner_cv,"[{""fold"": ""scaffold"", ""src"": ""inner_cv"", ""thr"": 0.1903}]",5.63,bootstrap unit: scaffold
T3,wide,scaffold,all,fg_phenol,F1.sqrt,hgb,bal_acc,0.8217,0.7678,0.8712,0.5,,,,5198,4222,1000,20789,inner_cv,"[{""fold"": ""scaffold"", ""src"": ""inner_cv"", ""thr"": 0.1903}]",5.63,bootstrap unit: scaffold
T3,wide,scaffold,all,fg_phenol,F1.sqrt,knn,auroc,0.732,0.6618,0.7915,0.5,,,,5198,4222,1000,20789,inner_cv,"[{""fold"": ""scaffold"", ""k"": 10, ""src"": ""inner_cv"", ""thr"": 0.0664}]",35.83,bootstrap unit: scaffold
T3,wide,scaffold,all,fg_phenol,F1.sqrt,knn,auprc,0.035,0.0207,0.0716,0.0112,,,,5198,4222,1000,20789,inner_cv,"[{""fold"": ""scaffold"", ""k"": 10, ""src"": ""inner_cv"", ""thr"": 0.0664}]",35.83,bootstrap unit: scaffold
T3,wide,scaffold,all,fg_phenol,F1.sqrt,knn,bal_acc,0.728,0.6602,0.7846,0.5,,,,5198,4222,1000,20789,inner_cv,"[{""fold"": ""scaffold"", ""k"": 10, ""src"": ""inner_cv"", ""thr"": 0.0664}]",35.83,bootstrap unit: scaffold
T3,wide,scaffold,all,fg_phenol,F2.lt1700,majority,auroc,0.5,0.5,0.5,0.5,,,,5198,4222,1000,20789,fixed,"[{""fold"": ""scaffold"", ""src"": ""fixed"", ""thr"": 0.5}]",4.06,bootstrap unit: scaffold
T3,wide,scaffold,all,fg_phenol,F2.lt1700,majority,auprc,0.0112,0.0083,0.014,0.0112,,,,5198,4222,1000,20789,fixed,"[{""fold"": ""scaffold"", ""src"": ""fixed"", ""thr"": 0.5}]",4.06,bootstrap unit: scaffold
T3,wide,scaffold,all,fg_phenol,F2.lt1700,majority,bal_acc,0.5,0.5,0.5,0.5,,,,5198,4222,1000,20789,fixed,"[{""fold"": ""scaffold"", ""src"": ""fixed"", ""thr"": 0.5}]",4.06,bootstrap unit: scaffold
T3,wide,scaffold,all,fg_phenol,F2.lt1700,lr,auroc,0.9083,0.8865,0.9289,0.5,,,,5198,4222,1000,20789,inner_cv,"[{""fold"": ""scaffold"", ""C"": 0.01, ""src"": ""inner_cv"", ""thr"": 0.2725}]",78.44,bootstrap unit: scaffold
T3,wide,scaffold,all,fg_phenol,F2.lt1700,lr,auprc,0.0732,0.0498,0.1224,0.0112,,,,5198,4222,1000,20789,inner_cv,"[{""fold"": ""scaffold"", ""C"": 0.01, ""src"": ""inner_cv"", ""thr"": 0.2725}]",78.44,bootstrap unit: scaffold
T3,wide,scaffold,all,fg_phenol,F2.lt1700,lr,bal_acc,0.845,0.8016,0.8815,0.5,,,,5198,4222,1000,20789,inner_cv,"[{""fold"": ""scaffold"", ""C"": 0.01, ""src"": ""inner_cv"", ""thr"": 0.2725}]",78.44,bootstrap unit: scaffold
T3,wide,scaffold,all,fg_phenol,F2.lt1700,hgb,auroc,0.9184,0.8991,0.9362,0.5,,,,5198,4222,1000,20789,inner_cv,"[{""fold"": ""scaffold"", ""src"": ""inner_cv"", ""thr"": 0.0504}]",55.73,bootstrap unit: scaffold
T3,wide,scaffold,all,fg_phenol,F2.lt1700,hgb,auprc,0.0794,0.0542,0.1226,0.0112,,,,5198,4222,1000,20789,inner_cv,"[{""fold"": ""scaffold"", ""src"": ""inner_cv"", ""thr"": 0.0504}]",55.73,bootstrap unit: scaffold
T3,wide,scaffold,all,fg_phenol,F2.lt1700,hgb,bal_acc,0.8776,0.8467,0.8974,0.5,,,,5198,4222,1000,20789,inner_cv,"[{""fold"": ""scaffold"", ""src"": ""inner_cv"", ""thr"": 0.0504}]",55.73,bootstrap unit: scaffold
T3,wide,scaffold,all,fg_phenol,F2.lt1700,knn,auroc,0.6981,0.6236,0.7702,0.5,,,,5198,4222,1000,20789,inner_cv,"[{""fold"": ""scaffold"", ""k"": 10, ""src"": ""inner_cv"", ""thr"": 0.0643}]",76.16,bootstrap unit: scaffold
T3,wide,scaffold,all,fg_phenol,F2.lt1700,knn,auprc,0.0467,0.0238,0.0955,0.0112,,,,5198,4222,1000,20789,inner_cv,"[{""fold"": ""scaffold"", ""k"": 10, ""src"": ""inner_cv"", ""thr"": 0.0643}]",76.16,bootstrap unit: scaffold
T3,wide,scaffold,all,fg_phenol,F2.lt1700,knn,bal_acc,0.6884,0.618,0.7573,0.5,,,,5198,4222,1000,20789,inner_cv,"[{""fold"": ""scaffold"", ""k"": 10, ""src"": ""inner_cv"", ""thr"": 0.0643}]",76.16,bootstrap unit: scaffold
T3,wide,scaffold,all,fg_phenol,F3.lt1700,majority,auroc,0.5,0.5,0.5,0.5,,,,5198,4222,1000,20789,fixed,"[{""fold"": ""scaffold"", ""src"": ""fixed"", ""thr"": 0.5}]",2.02,bootstrap unit: scaffold
T3,wide,scaffold,all,fg_phenol,F3.lt1700,majority,auprc,0.0112,0.0083,0.014,0.0112,,,,5198,4222,1000,20789,fixed,"[{""fold"": ""scaffold"", ""src"": ""fixed"", ""thr"": 0.5}]",2.02,bootstrap unit: scaffold
T3,wide,scaffold,all,fg_phenol,F3.lt1700,majority,bal_acc,0.5,0.5,0.5,0.5,,,,5198,4222,1000,20789,fixed,"[{""fold"": ""scaffold"", ""src"": ""fixed"", ""thr"": 0.5}]",2.02,bootstrap unit: scaffold
T3,wide,scaffold,all,fg_phenol,F3.lt1700,lr,auroc,0.9038,0.882,0.9231,0.5,,,,5198,4222,1000,20789,inner_cv,"[{""fold"": ""scaffold"", ""C"": 0.01, ""src"": ""inner_cv"", ""thr"": 0.2918}]",179.83,bootstrap unit: scaffold
T3,wide,scaffold,all,fg_phenol,F3.lt1700,lr,auprc,0.0632,0.0439,0.0957,0.0112,,,,5198,4222,1000,20789,inner_cv,"[{""fold"": ""scaffold"", ""C"": 0.01, ""src"": ""inner_cv"", ""thr"": 0.2918}]",179.83,bootstrap unit: scaffold
T3,wide,scaffold,all,fg_phenol,F3.lt1700,lr,bal_acc,0.8406,0.794,0.8812,0.5,,,,5198,4222,1000,20789,inner_cv,"[{""fold"": ""scaffold"", ""C"": 0.01, ""src"": ""inner_cv"", ""thr"": 0.2918}]",179.83,bootstrap unit: scaffold
T3,wide,scaffold,all,fg_phenol,F3.lt1700,hgb,auroc,0.9231,0.903,0.941,0.5,,,,5198,4222,1000,20789,inner_cv,"[{""fold"": ""scaffold"", ""src"": ""inner_cv"", ""thr"": 0.0648}]",42.98,bootstrap unit: scaffold
T3,wide,scaffold,all,fg_phenol,F3.lt1700,hgb,auprc,0.0906,0.0603,0.1469,0.0112,,,,5198,4222,1000,20789,inner_cv,"[{""fold"": ""scaffold"", ""src"": ""inner_cv"", ""thr"": 0.0648}]",42.98,bootstrap unit: scaffold
T3,wide,scaffold,all,fg_phenol,F3.lt1700,hgb,bal_acc,0.8439,0.7956,0.8863,0.5,,,,5198,4222,1000,20789,inner_cv,"[{""fold"": ""scaffold"", ""src"": ""inner_cv"", ""thr"": 0.0648}]",42.98,bootstrap unit: scaffold
T3,wide,scaffold,all,fg_phenol,F3.lt1700,knn,auroc,0.7198,0.6514,0.7896,0.5,,,,5198,4222,1000,20789,inner_cv,"[{""fold"": ""scaffold"", ""k"": 10, ""src"": ""inner_cv"", ""thr"": 0.0741}]",73.56,bootstrap unit: scaffold
T3,wide,scaffold,all,fg_phenol,F3.lt1700,knn,auprc,0.0565,0.0297,0.1167,0.0112,,,,5198,4222,1000,20789,inner_cv,"[{""fold"": ""scaffold"", ""k"": 10, ""src"": ""inner_cv"", ""thr"": 0.0741}]",73.56,bootstrap unit: scaffold
T3,wide,scaffold,all,fg_phenol,F3.lt1700,knn,bal_acc,0.71,0.6443,0.7765,0.5,,,,5198,4222,1000,20789,inner_cv,"[{""fold"": ""scaffold"", ""k"": 10, ""src"": ""inner_cv"", ""thr"": 0.0741}]",73.56,bootstrap unit: scaffold
T3,wide,scaffold,all,fg_ketone,F1,majority,auroc,0.5,0.5,0.5,0.5,,,,5198,4222,1000,20789,fixed,"[{""fold"": ""scaffold"", ""src"": ""fixed"", ""thr"": 0.5}]",8.34,bootstrap unit: scaffold
T3,wide,scaffold,all,fg_ketone,F1,majority,auprc,0.157,0.1459,0.1687,0.157,,,,5198,4222,1000,20789,fixed,"[{""fold"": ""scaffold"", ""src"": ""fixed"", ""thr"": 0.5}]",8.34,bootstrap unit: scaffold
T3,wide,scaffold,all,fg_ketone,F1,majority,bal_acc,0.5,0.5,0.5,0.5,,,,5198,4222,1000,20789,fixed,"[{""fold"": ""scaffold"", ""src"": ""fixed"", ""thr"": 0.5}]",8.34,bootstrap unit: scaffold
T3,wide,scaffold,all,fg_ketone,F1,lr,auroc,0.8072,0.7904,0.824,0.5,0.0099,100,0.5003,5198,4222,1000,20789,inner_cv,"[{""fold"": ""scaffold"", ""C"": 0.01, ""src"": ""inner_cv"", ""thr"": 0.4286}]",3.63,bootstrap unit: scaffold
T3,wide,scaffold,all,fg_ketone,F1,lr,auprc,0.412,0.3764,0.4504,0.157,,,,5198,4222,1000,20789,inner_cv,"[{""fold"": ""scaffold"", ""C"": 0.01, ""src"": ""inner_cv"", ""thr"": 0.4286}]",3.63,bootstrap unit: scaffold
T3,wide,scaffold,all,fg_ketone,F1,lr,bal_acc,0.7445,0.7266,0.7608,0.5,,,,5198,4222,1000,20789,inner_cv,"[{""fold"": ""scaffold"", ""C"": 0.01, ""src"": ""inner_cv"", ""thr"": 0.4286}]",3.63,bootstrap unit: scaffold
T3,wide,scaffold,all,fg_ketone,F1,hgb,auroc,0.8232,0.8068,0.8403,0.5,,,,5198,4222,1000,20789,inner_cv,"[{""fold"": ""scaffold"", ""src"": ""inner_cv"", ""thr"": 0.4109}]",6.28,bootstrap unit: scaffold
T3,wide,scaffold,all,fg_ketone,F1,hgb,auprc,0.4564,0.4204,0.4961,0.157,,,,5198,4222,1000,20789,inner_cv,"[{""fold"": ""scaffold"", ""src"": ""inner_cv"", ""thr"": 0.4109}]",6.28,bootstrap unit: scaffold
T3,wide,scaffold,all,fg_ketone,F1,hgb,bal_acc,0.756,0.7381,0.7742,0.5,,,,5198,4222,1000,20789,inner_cv,"[{""fold"": ""scaffold"", ""src"": ""inner_cv"", ""thr"": 0.4109}]",6.28,bootstrap unit: scaffold
T3,wide,scaffold,all,fg_ketone,F1,knn,auroc,0.7023,0.6812,0.7229,0.5,,,,5198,4222,1000,20789,inner_cv,"[{""fold"": ""scaffold"", ""k"": 10, ""src"": ""inner_cv"", ""thr"": 0.0988}]",40.1,bootstrap unit: scaffold
T3,wide,scaffold,all,fg_ketone,F1,knn,auprc,0.3674,0.3319,0.4073,0.157,,,,5198,4222,1000,20789,inner_cv,"[{""fold"": ""scaffold"", ""k"": 10, ""src"": ""inner_cv"", ""thr"": 0.0988}]",40.1,bootstrap unit: scaffold
T3,wide,scaffold,all,fg_ketone,F1,knn,bal_acc,0.6505,0.6324,0.6681,0.5,,,,5198,4222,1000,20789,inner_cv,"[{""fold"": ""scaffold"", ""k"": 10, ""src"": ""inner_cv"", ""thr"": 0.0988}]",40.1,bootstrap unit: scaffold
T3,wide,scaffold,all,fg_ketone,F1pos,majority,auroc,0.5,0.5,0.5,0.5,,,,5198,4222,1000,20789,fixed,"[{""fold"": ""scaffold"", ""src"": ""fixed"", ""thr"": 0.5}]",1.85,bootstrap unit: scaffold
T3,wide,scaffold,all,fg_ketone,F1pos,majority,auprc,0.157,0.1459,0.1687,0.157,,,,5198,4222,1000,20789,fixed,"[{""fold"": ""scaffold"", ""src"": ""fixed"", ""thr"": 0.5}]",1.85,bootstrap unit: scaffold
T3,wide,scaffold,all,fg_ketone,F1pos,majority,bal_acc,0.5,0.5,0.5,0.5,,,,5198,4222,1000,20789,fixed,"[{""fold"": ""scaffold"", ""src"": ""fixed"", ""thr"": 0.5}]",1.85,bootstrap unit: scaffold
T3,wide,scaffold,all,fg_ketone,F1pos,lr,auroc,0.8014,0.7832,0.8195,0.5,,,,5198,4222,1000,20789,inner_cv,"[{""fold"": ""scaffold"", ""C"": 0.01, ""src"": ""inner_cv"", ""thr"": 0.4592}]",21.98,bootstrap unit: scaffold
T3,wide,scaffold,all,fg_ketone,F1pos,lr,auprc,0.3944,0.3617,0.4308,0.157,,,,5198,4222,1000,20789,inner_cv,"[{""fold"": ""scaffold"", ""C"": 0.01, ""src"": ""inner_cv"", ""thr"": 0.4592}]",21.98,bootstrap unit: scaffold
T3,wide,scaffold,all,fg_ketone,F1pos,lr,bal_acc,0.7417,0.7242,0.7606,0.5,,,,5198,4222,1000,20789,inner_cv,"[{""fold"": ""scaffold"", ""C"": 0.01, ""src"": ""inner_cv"", ""thr"": 0.4592}]",21.98,bootstrap unit: scaffold
T3,wide,scaffold,all,fg_ketone,F1pos,hgb,auroc,0.8075,0.789,0.8254,0.5,,,,5198,4222,1000,20789,inner_cv,"[{""fold"": ""scaffold"", ""src"": ""inner_cv"", ""thr"": 0.4874}]",6.06,bootstrap unit: scaffold
T3,wide,scaffold,all,fg_ketone,F1pos,hgb,auprc,0.4217,0.3886,0.4605,0.157,,,,5198,4222,1000,20789,inner_cv,"[{""fold"": ""scaffold"", ""src"": ""inner_cv"", ""thr"": 0.4874}]",6.06,bootstrap unit: scaffold
T3,wide,scaffold,all,fg_ketone,F1pos,hgb,bal_acc,0.7493,0.7306,0.7678,0.5,,,,5198,4222,1000,20789,inner_cv,"[{""fold"": ""scaffold"", ""src"": ""inner_cv"", ""thr"": 0.4874}]",6.06,bootstrap unit: scaffold
T3,wide,scaffold,all,fg_ketone,F1pos,knn,auroc,0.5553,0.5346,0.5751,0.5,,,,5198,4222,1000,20789,inner_cv,"[{""fold"": ""scaffold"", ""k"": 10, ""src"": ""inner_cv"", ""thr"": 0.0961}]",36.29,bootstrap unit: scaffold
T3,wide,scaffold,all,fg_ketone,F1pos,knn,auprc,0.1887,0.1706,0.2107,0.157,,,,5198,4222,1000,20789,inner_cv,"[{""fold"": ""scaffold"", ""k"": 10, ""src"": ""inner_cv"", ""thr"": 0.0961}]",36.29,bootstrap unit: scaffold
T3,wide,scaffold,all,fg_ketone,F1pos,knn,bal_acc,0.5436,0.5248,0.562,0.5,,,,5198,4222,1000,20789,inner_cv,"[{""fold"": ""scaffold"", ""k"": 10, ""src"": ""inner_cv"", ""thr"": 0.0961}]",36.29,bootstrap unit: scaffold
T3,wide,scaffold,all,fg_ketone,F2,majority,auroc,0.5,0.5,0.5,0.5,,,,5198,4222,1000,20789,fixed,"[{""fold"": ""scaffold"", ""src"": ""fixed"", ""thr"": 0.5}]",1.82,bootstrap unit: scaffold
T3,wide,scaffold,all,fg_ketone,F2,majority,auprc,0.157,0.1459,0.1687,0.157,,,,5198,4222,1000,20789,fixed,"[{""fold"": ""scaffold"", ""src"": ""fixed"", ""thr"": 0.5}]",1.82,bootstrap unit: scaffold
T3,wide,scaffold,all,fg_ketone,F2,majority,bal_acc,0.5,0.5,0.5,0.5,,,,5198,4222,1000,20789,fixed,"[{""fold"": ""scaffold"", ""src"": ""fixed"", ""thr"": 0.5}]",1.82,bootstrap unit: scaffold
T3,wide,scaffold,all,fg_ketone,F2,lr,auroc,0.8021,0.7848,0.8187,0.5,,,,5198,4222,1000,20789,inner_cv,"[{""fold"": ""scaffold"", ""C"": 0.01, ""src"": ""inner_cv"", ""thr"": 0.4234}]",180.43,bootstrap unit: scaffold
T3,wide,scaffold,all,fg_ketone,F2,lr,auprc,0.413,0.3778,0.451,0.157,,,,5198,4222,1000,20789,inner_cv,"[{""fold"": ""scaffold"", ""C"": 0.01, ""src"": ""inner_cv"", ""thr"": 0.4234}]",180.43,bootstrap unit: scaffold
T3,wide,scaffold,all,fg_ketone,F2,lr,bal_acc,0.7349,0.7156,0.7513,0.5,,,,5198,4222,1000,20789,inner_cv,"[{""fold"": ""scaffold"", ""C"": 0.01, ""src"": ""inner_cv"", ""thr"": 0.4234}]",180.43,bootstrap unit: scaffold
T3,wide,scaffold,all,fg_ketone,F2,hgb,auroc,0.8619,0.8487,0.8753,0.5,,,,5198,4222,1000,20789,inner_cv,"[{""fold"": ""scaffold"", ""src"": ""inner_cv"", ""thr"": 0.3408}]",44.14,bootstrap unit: scaffold
T3,wide,scaffold,all,fg_ketone,F2,hgb,auprc,0.5419,0.5033,0.5825,0.157,,,,5198,4222,1000,20789,inner_cv,"[{""fold"": ""scaffold"", ""src"": ""inner_cv"", ""thr"": 0.3408}]",44.14,bootstrap unit: scaffold
T3,wide,scaffold,all,fg_ketone,F2,hgb,bal_acc,0.7837,0.7679,0.8008,0.5,,,,5198,4222,1000,20789,inner_cv,"[{""fold"": ""scaffold"", ""src"": ""inner_cv"", ""thr"": 0.3408}]",44.14,bootstrap unit: scaffold
T3,wide,scaffold,all,fg_ketone,F2,knn,auroc,0.7595,0.7395,0.7786,0.5,,,,5198,4222,1000,20789,inner_cv,"[{""fold"": ""scaffold"", ""k"": 10, ""src"": ""inner_cv"", ""thr"": 0.1002}]",69.05,bootstrap unit: scaffold
T3,wide,scaffold,all,fg_ketone,F2,knn,auprc,0.4429,0.4036,0.4827,0.157,,,,5198,4222,1000,20789,inner_cv,"[{""fold"": ""scaffold"", ""k"": 10, ""src"": ""inner_cv"", ""thr"": 0.1002}]",69.05,bootstrap unit: scaffold
T3,wide,scaffold,all,fg_ketone,F2,knn,bal_acc,0.7122,0.6931,0.7301,0.5,,,,5198,4222,1000,20789,inner_cv,"[{""fold"": ""scaffold"", ""k"": 10, ""src"": ""inner_cv"", ""thr"": 0.1002}]",69.05,bootstrap unit: scaffold
T3,wide,scaffold,all,fg_ketone,F3,majority,auroc,0.5,0.5,0.5,0.5,,,,5198,4222,1000,20789,fixed,"[{""fold"": ""scaffold"", ""src"": ""fixed"", ""thr"": 0.5}]",1.33,bootstrap unit: scaffold
T3,wide,scaffold,all,fg_ketone,F3,majority,auprc,0.157,0.1459,0.1687,0.157,,,,5198,4222,1000,20789,fixed,"[{""fold"": ""scaffold"", ""src"": ""fixed"", ""thr"": 0.5}]",1.33,bootstrap unit: scaffold
T3,wide,scaffold,all,fg_ketone,F3,majority,bal_acc,0.5,0.5,0.5,0.5,,,,5198,4222,1000,20789,fixed,"[{""fold"": ""scaffold"", ""src"": ""fixed"", ""thr"": 0.5}]",1.33,bootstrap unit: scaffold
T3,wide,scaffold,all,fg_ketone,F3,lr,auroc,0.8472,0.8326,0.8601,0.5,,,,5198,4222,1000,20789,inner_cv,"[{""fold"": ""scaffold"", ""C"": 0.01, ""src"": ""inner_cv"", ""thr"": 0.3448}]",63.73,bootstrap unit: scaffold
T3,wide,scaffold,all,fg_ketone,F3,lr,auprc,0.4741,0.437,0.5145,0.157,,,,5198,4222,1000,20789,inner_cv,"[{""fold"": ""scaffold"", ""C"": 0.01, ""src"": ""inner_cv"", ""thr"": 0.3448}]",63.73,bootstrap unit: scaffold
T3,wide,scaffold,all,fg_ketone,F3,lr,bal_acc,0.7767,0.7605,0.7909,0.5,,,,5198,4222,1000,20789,inner_cv,"[{""fold"": ""scaffold"", ""C"": 0.01, ""src"": ""inner_cv"", ""thr"": 0.3448}]",63.73,bootstrap unit: scaffold
T3,wide,scaffold,all,fg_ketone,F3,hgb,auroc,0.9142,0.9052,0.9231,0.5,0.0099,100,0.5001,5198,4222,1000,20789,inner_cv,"[{""fold"": ""scaffold"", ""src"": ""inner_cv"", ""thr"": 0.3757}]",44.45,bootstrap unit: scaffold
T3,wide,scaffold,all,fg_ketone,F3,hgb,auprc,0.6025,0.563,0.6424,0.157,,,,5198,4222,1000,20789,inner_cv,"[{""fold"": ""scaffold"", ""src"": ""inner_cv"", ""thr"": 0.3757}]",44.45,bootstrap unit: scaffold
T3,wide,scaffold,all,fg_ketone,F3,hgb,bal_acc,0.8391,0.8257,0.8517,0.5,,,,5198,4222,1000,20789,inner_cv,"[{""fold"": ""scaffold"", ""src"": ""inner_cv"", ""thr"": 0.3757}]",44.45,bootstrap unit: scaffold
T3,wide,scaffold,all,fg_ketone,F3,knn,auroc,0.7881,0.7697,0.8071,0.5,,,,5198,4222,1000,20789,inner_cv,"[{""fold"": ""scaffold"", ""k"": 10, ""src"": ""inner_cv"", ""thr"": 0.103}]",77.43,bootstrap unit: scaffold
T3,wide,scaffold,all,fg_ketone,F3,knn,auprc,0.4794,0.4402,0.5238,0.157,,,,5198,4222,1000,20789,inner_cv,"[{""fold"": ""scaffold"", ""k"": 10, ""src"": ""inner_cv"", ""thr"": 0.103}]",77.43,bootstrap unit: scaffold
T3,wide,scaffold,all,fg_ketone,F3,knn,bal_acc,0.7339,0.7165,0.7524,0.5,,,,5198,4222,1000,20789,inner_cv,"[{""fold"": ""scaffold"", ""k"": 10, ""src"": ""inner_cv"", ""thr"": 0.103}]",77.43,bootstrap unit: scaffold
T3,wide,scaffold,all,fg_ketone,F1.sqrt,majority,auroc,0.5,0.5,0.5,0.5,,,,5198,4222,1000,20789,fixed,"[{""fold"": ""scaffold"", ""src"": ""fixed"", ""thr"": 0.5}]",1.83,bootstrap unit: scaffold
T3,wide,scaffold,all,fg_ketone,F1.sqrt,majority,auprc,0.157,0.1459,0.1687,0.157,,,,5198,4222,1000,20789,fixed,"[{""fold"": ""scaffold"", ""src"": ""fixed"", ""thr"": 0.5}]",1.83,bootstrap unit: scaffold
T3,wide,scaffold,all,fg_ketone,F1.sqrt,majority,bal_acc,0.5,0.5,0.5,0.5,,,,5198,4222,1000,20789,fixed,"[{""fold"": ""scaffold"", ""src"": ""fixed"", ""thr"": 0.5}]",1.83,bootstrap unit: scaffold
T3,wide,scaffold,all,fg_ketone,F1.sqrt,lr,auroc,0.8132,0.796,0.8297,0.5,,,,5198,4222,1000,20789,inner_cv,"[{""fold"": ""scaffold"", ""C"": 0.01, ""src"": ""inner_cv"", ""thr"": 0.4394}]",5.09,bootstrap unit: scaffold
T3,wide,scaffold,all,fg_ketone,F1.sqrt,lr,auprc,0.4091,0.3744,0.4476,0.157,,,,5198,4222,1000,20789,inner_cv,"[{""fold"": ""scaffold"", ""C"": 0.01, ""src"": ""inner_cv"", ""thr"": 0.4394}]",5.09,bootstrap unit: scaffold
T3,wide,scaffold,all,fg_ketone,F1.sqrt,lr,bal_acc,0.7472,0.7293,0.7647,0.5,,,,5198,4222,1000,20789,inner_cv,"[{""fold"": ""scaffold"", ""C"": 0.01, ""src"": ""inner_cv"", ""thr"": 0.4394}]",5.09,bootstrap unit: scaffold
T3,wide,scaffold,all,fg_ketone,F1.sqrt,hgb,auroc,0.8232,0.8066,0.8402,0.5,,,,5198,4222,1000,20789,inner_cv,"[{""fold"": ""scaffold"", ""src"": ""inner_cv"", ""thr"": 0.4109}]",6.78,bootstrap unit: scaffold
T3,wide,scaffold,all,fg_ketone,F1.sqrt,hgb,auprc,0.4563,0.4203,0.496,0.157,,,,5198,4222,1000,20789,inner_cv,"[{""fold"": ""scaffold"", ""src"": ""inner_cv"", ""thr"": 0.4109}]",6.78,bootstrap unit: scaffold
T3,wide,scaffold,all,fg_ketone,F1.sqrt,hgb,bal_acc,0.7559,0.7379,0.7739,0.5,,,,5198,4222,1000,20789,inner_cv,"[{""fold"": ""scaffold"", ""src"": ""inner_cv"", ""thr"": 0.4109}]",6.78,bootstrap unit: scaffold
T3,wide,scaffold,all,fg_ketone,F1.sqrt,knn,auroc,0.6976,0.6762,0.7178,0.5,,,,5198,4222,1000,20789,inner_cv,"[{""fold"": ""scaffold"", ""k"": 10, ""src"": ""inner_cv"", ""thr"": 0.0985}]",50.12,bootstrap unit: scaffold
T3,wide,scaffold,all,fg_ketone,F1.sqrt,knn,auprc,0.3331,0.3017,0.3698,0.157,,,,5198,4222,1000,20789,inner_cv,"[{""fold"": ""scaffold"", ""k"": 10, ""src"": ""inner_cv"", ""thr"": 0.0985}]",50.12,bootstrap unit: scaffold
T3,wide,scaffold,all,fg_ketone,F1.sqrt,knn,bal_acc,0.6512,0.633,0.67,0.5,,,,5198,4222,1000,20789,inner_cv,"[{""fold"": ""scaffold"", ""k"": 10, ""src"": ""inner_cv"", ""thr"": 0.0985}]",50.12,bootstrap unit: scaffold
T3,wide,scaffold,all,fg_ketone,F2.lt1700,majority,auroc,0.5,0.5,0.5,0.5,,,,5198,4222,1000,20789,fixed,"[{""fold"": ""scaffold"", ""src"": ""fixed"", ""thr"": 0.5}]",2.37,bootstrap unit: scaffold
T3,wide,scaffold,all,fg_ketone,F2.lt1700,majority,auprc,0.157,0.1459,0.1687,0.157,,,,5198,4222,1000,20789,fixed,"[{""fold"": ""scaffold"", ""src"": ""fixed"", ""thr"": 0.5}]",2.37,bootstrap unit: scaffold
T3,wide,scaffold,all,fg_ketone,F2.lt1700,majority,bal_acc,0.5,0.5,0.5,0.5,,,,5198,4222,1000,20789,fixed,"[{""fold"": ""scaffold"", ""src"": ""fixed"", ""thr"": 0.5}]",2.37,bootstrap unit: scaffold
T3,wide,scaffold,all,fg_ketone,F2.lt1700,lr,auroc,0.7215,0.7027,0.7391,0.5,,,,5198,4222,1000,20789,inner_cv,"[{""fold"": ""scaffold"", ""C"": 0.01, ""src"": ""inner_cv"", ""thr"": 0.4273}]",87.18,bootstrap unit: scaffold
T3,wide,scaffold,all,fg_ketone,F2.lt1700,lr,auprc,0.2983,0.2701,0.3315,0.157,,,,5198,4222,1000,20789,inner_cv,"[{""fold"": ""scaffold"", ""C"": 0.01, ""src"": ""inner_cv"", ""thr"": 0.4273}]",87.18,bootstrap unit: scaffold
T3,wide,scaffold,all,fg_ketone,F2.lt1700,lr,bal_acc,0.6612,0.6435,0.6799,0.5,,,,5198,4222,1000,20789,inner_cv,"[{""fold"": ""scaffold"", ""C"": 0.01, ""src"": ""inner_cv"", ""thr"": 0.4273}]",87.18,bootstrap unit: scaffold
T3,wide,scaffold,all,fg_ketone,F2.lt1700,hgb,auroc,0.8377,0.8242,0.8524,0.5,,,,5198,4222,1000,20789,inner_cv,"[{""fold"": ""scaffold"", ""src"": ""inner_cv"", ""thr"": 0.3395}]",32.29,bootstrap unit: scaffold
T3,wide,scaffold,all,fg_ketone,F2.lt1700,hgb,auprc,0.4843,0.444,0.5259,0.157,,,,5198,4222,1000,20789,inner_cv,"[{""fold"": ""scaffold"", ""src"": ""inner_cv"", ""thr"": 0.3395}]",32.29,bootstrap unit: scaffold
T3,wide,scaffold,all,fg_ketone,F2.lt1700,hgb,bal_acc,0.7652,0.7489,0.7818,0.5,,,,5198,4222,1000,20789,inner_cv,"[{""fold"": ""scaffold"", ""src"": ""inner_cv"", ""thr"": 0.3395}]",32.29,bootstrap unit: scaffold
T3,wide,scaffold,all,fg_ketone,F2.lt1700,knn,auroc,0.6414,0.6193,0.6633,0.5,,,,5198,4222,1000,20789,inner_cv,"[{""fold"": ""scaffold"", ""k"": 10, ""src"": ""inner_cv"", ""thr"": 0.1018}]",71.13,bootstrap unit: scaffold
T3,wide,scaffold,all,fg_ketone,F2.lt1700,knn,auprc,0.2568,0.2298,0.2889,0.157,,,,5198,4222,1000,20789,inner_cv,"[{""fold"": ""scaffold"", ""k"": 10, ""src"": ""inner_cv"", ""thr"": 0.1018}]",71.13,bootstrap unit: scaffold
T3,wide,scaffold,all,fg_ketone,F2.lt1700,knn,bal_acc,0.6028,0.5832,0.6221,0.5,,,,5198,4222,1000,20789,inner_cv,"[{""fold"": ""scaffold"", ""k"": 10, ""src"": ""inner_cv"", ""thr"": 0.1018}]",71.13,bootstrap unit: scaffold
T3,wide,scaffold,all,fg_ketone,F3.lt1700,majority,auroc,0.5,0.5,0.5,0.5,,,,5198,4222,1000,20789,fixed,"[{""fold"": ""scaffold"", ""src"": ""fixed"", ""thr"": 0.5}]",14.69,bootstrap unit: scaffold
T3,wide,scaffold,all,fg_ketone,F3.lt1700,majority,auprc,0.157,0.1459,0.1687,0.157,,,,5198,4222,1000,20789,fixed,"[{""fold"": ""scaffold"", ""src"": ""fixed"", ""thr"": 0.5}]",14.69,bootstrap unit: scaffold
T3,wide,scaffold,all,fg_ketone,F3.lt1700,majority,bal_acc,0.5,0.5,0.5,0.5,,,,5198,4222,1000,20789,fixed,"[{""fold"": ""scaffold"", ""src"": ""fixed"", ""thr"": 0.5}]",14.69,bootstrap unit: scaffold
T3,wide,scaffold,all,fg_ketone,F3.lt1700,lr,auroc,0.7329,0.7147,0.7505,0.5,,,,5198,4222,1000,20789,inner_cv,"[{""fold"": ""scaffold"", ""C"": 0.01, ""src"": ""inner_cv"", ""thr"": 0.4186}]",91.42,bootstrap unit: scaffold
T3,wide,scaffold,all,fg_ketone,F3.lt1700,lr,auprc,0.303,0.2757,0.3355,0.157,,,,5198,4222,1000,20789,inner_cv,"[{""fold"": ""scaffold"", ""C"": 0.01, ""src"": ""inner_cv"", ""thr"": 0.4186}]",91.42,bootstrap unit: scaffold
T3,wide,scaffold,all,fg_ketone,F3.lt1700,lr,bal_acc,0.6747,0.6563,0.6922,0.5,,,,5198,4222,1000,20789,inner_cv,"[{""fold"": ""scaffold"", ""C"": 0.01, ""src"": ""inner_cv"", ""thr"": 0.4186}]",91.42,bootstrap unit: scaffold
T3,wide,scaffold,all,fg_ketone,F3.lt1700,hgb,auroc,0.885,0.8732,0.8962,0.5,,,,5198,4222,1000,20789,inner_cv,"[{""fold"": ""scaffold"", ""src"": ""inner_cv"", ""thr"": 0.2502}]",50.75,bootstrap unit: scaffold
T3,wide,scaffold,all,fg_ketone,F3.lt1700,hgb,auprc,0.5501,0.5078,0.5922,0.157,,,,5198,4222,1000,20789,inner_cv,"[{""fold"": ""scaffold"", ""src"": ""inner_cv"", ""thr"": 0.2502}]",50.75,bootstrap unit: scaffold
T3,wide,scaffold,all,fg_ketone,F3.lt1700,hgb,bal_acc,0.8068,0.7915,0.8207,0.5,,,,5198,4222,1000,20789,inner_cv,"[{""fold"": ""scaffold"", ""src"": ""inner_cv"", ""thr"": 0.2502}]",50.75,bootstrap unit: scaffold
T3,wide,scaffold,all,fg_ketone,F3.lt1700,knn,auroc,0.6519,0.6322,0.6725,0.5,,,,5198,4222,1000,20789,inner_cv,"[{""fold"": ""scaffold"", ""k"": 10, ""src"": ""inner_cv"", ""thr"": 0.102}]",65.21,bootstrap unit: scaffold
T3,wide,scaffold,all,fg_ketone,F3.lt1700,knn,auprc,0.2674,0.2399,0.3002,0.157,,,,5198,4222,1000,20789,inner_cv,"[{""fold"": ""scaffold"", ""k"": 10, ""src"": ""inner_cv"", ""thr"": 0.102}]",65.21,bootstrap unit: scaffold
T3,wide,scaffold,all,fg_ketone,F3.lt1700,knn,bal_acc,0.6176,0.5997,0.6365,0.5,,,,5198,4222,1000,20789,inner_cv,"[{""fold"": ""scaffold"", ""k"": 10, ""src"": ""inner_cv"", ""thr"": 0.102}]",65.21,bootstrap unit: scaffold
T3,wide,scaffold,all,fg_aldehyde,F1,majority,auroc,0.5,0.5,0.5,0.5,,,,5198,4222,1000,20789,fixed,"[{""fold"": ""scaffold"", ""src"": ""fixed"", ""thr"": 0.5}]",1.71,bootstrap unit: scaffold
T3,wide,scaffold,all,fg_aldehyde,F1,majority,auprc,0.005,0.003,0.007,0.005,,,,5198,4222,1000,20789,fixed,"[{""fold"": ""scaffold"", ""src"": ""fixed"", ""thr"": 0.5}]",1.71,bootstrap unit: scaffold
T3,wide,scaffold,all,fg_aldehyde,F1,majority,bal_acc,0.5,0.5,0.5,0.5,,,,5198,4222,1000,20789,fixed,"[{""fold"": ""scaffold"", ""src"": ""fixed"", ""thr"": 0.5}]",1.71,bootstrap unit: scaffold
T3,wide,scaffold,all,fg_aldehyde,F1,lr,auroc,0.9063,0.8695,0.9439,0.5,0.0099,100,0.4992,5198,4222,1000,20789,inner_cv,"[{""fold"": ""scaffold"", ""C"": 0.01, ""src"": ""inner_cv"", ""thr"": 0.4064}]",5.11,bootstrap unit: scaffold
T3,wide,scaffold,all,fg_aldehyde,F1,lr,auprc,0.0481,0.0236,0.1031,0.005,,,,5198,4222,1000,20789,inner_cv,"[{""fold"": ""scaffold"", ""C"": 0.01, ""src"": ""inner_cv"", ""thr"": 0.4064}]",5.11,bootstrap unit: scaffold
T3,wide,scaffold,all,fg_aldehyde,F1,lr,bal_acc,0.8194,0.7386,0.881,0.5,,,,5198,4222,1000,20789,inner_cv,"[{""fold"": ""scaffold"", ""C"": 0.01, ""src"": ""inner_cv"", ""thr"": 0.4064}]",5.11,bootstrap unit: scaffold
T3,wide,scaffold,all,fg_aldehyde,F1,hgb,auroc,0.9221,0.8923,0.9499,0.5,,,,5198,4222,1000,20789,inner_cv,"[{""fold"": ""scaffold"", ""src"": ""inner_cv"", ""thr"": 0.3924}]",6.42,bootstrap unit: scaffold
T3,wide,scaffold,all,fg_aldehyde,F1,hgb,auprc,0.0513,0.0281,0.1023,0.005,,,,5198,4222,1000,20789,inner_cv,"[{""fold"": ""scaffold"", ""src"": ""inner_cv"", ""thr"": 0.3924}]",6.42,bootstrap unit: scaffold
T3,wide,scaffold,all,fg_aldehyde,F1,hgb,bal_acc,0.8455,0.7749,0.9034,0.5,,,,5198,4222,1000,20789,inner_cv,"[{""fold"": ""scaffold"", ""src"": ""inner_cv"", ""thr"": 0.3924}]",6.42,bootstrap unit: scaffold
T3,wide,scaffold,all,fg_aldehyde,F1,knn,auroc,0.8588,0.7775,0.9215,0.5,,,,5198,4222,1000,20789,inner_cv,"[{""fold"": ""scaffold"", ""k"": 10, ""src"": ""inner_cv"", ""thr"": 0.1192}]",35.16,bootstrap unit: scaffold
T3,wide,scaffold,all,fg_aldehyde,F1,knn,auprc,0.0288,0.0148,0.0585,0.005,,,,5198,4222,1000,20789,inner_cv,"[{""fold"": ""scaffold"", ""k"": 10, ""src"": ""inner_cv"", ""thr"": 0.1192}]",35.16,bootstrap unit: scaffold
T3,wide,scaffold,all,fg_aldehyde,F1,knn,bal_acc,0.8153,0.7396,0.8755,0.5,,,,5198,4222,1000,20789,inner_cv,"[{""fold"": ""scaffold"", ""k"": 10, ""src"": ""inner_cv"", ""thr"": 0.1192}]",35.16,bootstrap unit: scaffold
T3,wide,scaffold,all,fg_aldehyde,F1pos,majority,auroc,0.5,0.5,0.5,0.5,,,,5198,4222,1000,20789,fixed,"[{""fold"": ""scaffold"", ""src"": ""fixed"", ""thr"": 0.5}]",4.59,bootstrap unit: scaffold
T3,wide,scaffold,all,fg_aldehyde,F1pos,majority,auprc,0.005,0.003,0.007,0.005,,,,5198,4222,1000,20789,fixed,"[{""fold"": ""scaffold"", ""src"": ""fixed"", ""thr"": 0.5}]",4.59,bootstrap unit: scaffold
T3,wide,scaffold,all,fg_aldehyde,F1pos,majority,bal_acc,0.5,0.5,0.5,0.5,,,,5198,4222,1000,20789,fixed,"[{""fold"": ""scaffold"", ""src"": ""fixed"", ""thr"": 0.5}]",4.59,bootstrap unit: scaffold
T3,wide,scaffold,all,fg_aldehyde,F1pos,lr,auroc,0.8805,0.8224,0.937,0.5,,,,5198,4222,1000,20789,inner_cv,"[{""fold"": ""scaffold"", ""C"": 0.01, ""src"": ""inner_cv"", ""thr"": 0.3954}]",3.91,bootstrap unit: scaffold
T3,wide,scaffold,all,fg_aldehyde,F1pos,lr,auprc,0.0561,0.0261,0.127,0.005,,,,5198,4222,1000,20789,inner_cv,"[{""fold"": ""scaffold"", ""C"": 0.01, ""src"": ""inner_cv"", ""thr"": 0.3954}]",3.91,bootstrap unit: scaffold
T3,wide,scaffold,all,fg_aldehyde,F1pos,lr,bal_acc,0.7768,0.6972,0.854,0.5,,,,5198,4222,1000,20789,inner_cv,"[{""fold"": ""scaffold"", ""C"": 0.01, ""src"": ""inner_cv"", ""thr"": 0.3954}]",3.91,bootstrap unit: scaffold
T3,wide,scaffold,all,fg_aldehyde,F1pos,hgb,auroc,0.8907,0.846,0.9345,0.5,,,,5198,4222,1000,20789,inner_cv,"[{""fold"": ""scaffold"", ""src"": ""inner_cv"", ""thr"": 0.4091}]",5.95,bootstrap unit: scaffold
T3,wide,scaffold,all,fg_aldehyde,F1pos,hgb,auprc,0.0426,0.022,0.0878,0.005,,,,5198,4222,1000,20789,inner_cv,"[{""fold"": ""scaffold"", ""src"": ""inner_cv"", ""thr"": 0.4091}]",5.95,bootstrap unit: scaffold
T3,wide,scaffold,all,fg_aldehyde,F1pos,hgb,bal_acc,0.7598,0.6628,0.852,0.5,,,,5198,4222,1000,20789,inner_cv,"[{""fold"": ""scaffold"", ""src"": ""inner_cv"", ""thr"": 0.4091}]",5.95,bootstrap unit: scaffold
T3,wide,scaffold,all,fg_aldehyde,F1pos,knn,auroc,0.6991,0.5947,0.799,0.5,,,,5198,4222,1000,20789,inner_cv,"[{""fold"": ""scaffold"", ""k"": 10, ""src"": ""inner_cv"", ""thr"": 0.1162}]",54.5,bootstrap unit: scaffold
T3,wide,scaffold,all,fg_aldehyde,F1pos,knn,auprc,0.0212,0.0068,0.0953,0.005,,,,5198,4222,1000,20789,inner_cv,"[{""fold"": ""scaffold"", ""k"": 10, ""src"": ""inner_cv"", ""thr"": 0.1162}]",54.5,bootstrap unit: scaffold
T3,wide,scaffold,all,fg_aldehyde,F1pos,knn,bal_acc,0.631,0.5308,0.7227,0.5,,,,5198,4222,1000,20789,inner_cv,"[{""fold"": ""scaffold"", ""k"": 10, ""src"": ""inner_cv"", ""thr"": 0.1162}]",54.5,bootstrap unit: scaffold
T3,wide,scaffold,all,fg_aldehyde,F2,majority,auroc,0.5,0.5,0.5,0.5,,,,5198,4222,1000,20789,fixed,"[{""fold"": ""scaffold"", ""src"": ""fixed"", ""thr"": 0.5}]",8.71,bootstrap unit: scaffold
T3,wide,scaffold,all,fg_aldehyde,F2,majority,auprc,0.005,0.003,0.007,0.005,,,,5198,4222,1000,20789,fixed,"[{""fold"": ""scaffold"", ""src"": ""fixed"", ""thr"": 0.5}]",8.71,bootstrap unit: scaffold
T3,wide,scaffold,all,fg_aldehyde,F2,majority,bal_acc,0.5,0.5,0.5,0.5,,,,5198,4222,1000,20789,fixed,"[{""fold"": ""scaffold"", ""src"": ""fixed"", ""thr"": 0.5}]",8.71,bootstrap unit: scaffold
T3,wide,scaffold,all,fg_aldehyde,F2,lr,auroc,0.9102,0.8756,0.944,0.5,,,,5198,4222,1000,20789,inner_cv,"[{""fold"": ""scaffold"", ""C"": 0.01, ""src"": ""inner_cv"", ""thr"": 0.3727}]",81.04,bootstrap unit: scaffold
T3,wide,scaffold,all,fg_aldehyde,F2,lr,auprc,0.0449,0.0237,0.0942,0.005,,,,5198,4222,1000,20789,inner_cv,"[{""fold"": ""scaffold"", ""C"": 0.01, ""src"": ""inner_cv"", ""thr"": 0.3727}]",81.04,bootstrap unit: scaffold
T3,wide,scaffold,all,fg_aldehyde,F2,lr,bal_acc,0.8186,0.7376,0.8804,0.5,,,,5198,4222,1000,20789,inner_cv,"[{""fold"": ""scaffold"", ""C"": 0.01, ""src"": ""inner_cv"", ""thr"": 0.3727}]",81.04,bootstrap unit: scaffold
T3,wide,scaffold,all,fg_aldehyde,F2,hgb,auroc,0.9319,0.9023,0.9596,0.5,,,,5198,4222,1000,20789,inner_cv,"[{""fold"": ""scaffold"", ""src"": ""inner_cv"", ""thr"": 0.2813}]",52.66,bootstrap unit: scaffold
T3,wide,scaffold,all,fg_aldehyde,F2,hgb,auprc,0.0814,0.0353,0.2054,0.005,,,,5198,4222,1000,20789,inner_cv,"[{""fold"": ""scaffold"", ""src"": ""inner_cv"", ""thr"": 0.2813}]",52.66,bootstrap unit: scaffold
T3,wide,scaffold,all,fg_aldehyde,F2,hgb,bal_acc,0.8495,0.7819,0.9066,0.5,,,,5198,4222,1000,20789,inner_cv,"[{""fold"": ""scaffold"", ""src"": ""inner_cv"", ""thr"": 0.2813}]",52.66,bootstrap unit: scaffold
T3,wide,scaffold,all,fg_aldehyde,F2,knn,auroc,0.8651,0.788,0.9258,0.5,,,,5198,4222,1000,20789,inner_cv,"[{""fold"": ""scaffold"", ""k"": 10, ""src"": ""inner_cv"", ""thr"": 0.1114}]",78.94,bootstrap unit: scaffold
T3,wide,scaffold,all,fg_aldehyde,F2,knn,auprc,0.032,0.0169,0.0683,0.005,,,,5198,4222,1000,20789,inner_cv,"[{""fold"": ""scaffold"", ""k"": 10, ""src"": ""inner_cv"", ""thr"": 0.1114}]",78.94,bootstrap unit: scaffold
T3,wide,scaffold,all,fg_aldehyde,F2,knn,bal_acc,0.8467,0.7757,0.9044,0.5,,,,5198,4222,1000,20789,inner_cv,"[{""fold"": ""scaffold"", ""k"": 10, ""src"": ""inner_cv"", ""thr"": 0.1114}]",78.94,bootstrap unit: scaffold
T3,wide,scaffold,all,fg_aldehyde,F3,majority,auroc,0.5,0.5,0.5,0.5,,,,5198,4222,1000,20789,fixed,"[{""fold"": ""scaffold"", ""src"": ""fixed"", ""thr"": 0.5}]",1.47,bootstrap unit: scaffold
T3,wide,scaffold,all,fg_aldehyde,F3,majority,auprc,0.005,0.003,0.007,0.005,,,,5198,4222,1000,20789,fixed,"[{""fold"": ""scaffold"", ""src"": ""fixed"", ""thr"": 0.5}]",1.47,bootstrap unit: scaffold
T3,wide,scaffold,all,fg_aldehyde,F3,majority,bal_acc,0.5,0.5,0.5,0.5,,,,5198,4222,1000,20789,fixed,"[{""fold"": ""scaffold"", ""src"": ""fixed"", ""thr"": 0.5}]",1.47,bootstrap unit: scaffold
T3,wide,scaffold,all,fg_aldehyde,F3,lr,auroc,0.9132,0.88,0.9458,0.5,,,,5198,4222,1000,20789,inner_cv,"[{""fold"": ""scaffold"", ""C"": 0.01, ""src"": ""inner_cv"", ""thr"": 0.3704}]",107.93,bootstrap unit: scaffold
T3,wide,scaffold,all,fg_aldehyde,F3,lr,auprc,0.0483,0.0245,0.1093,0.005,,,,5198,4222,1000,20789,inner_cv,"[{""fold"": ""scaffold"", ""C"": 0.01, ""src"": ""inner_cv"", ""thr"": 0.3704}]",107.93,bootstrap unit: scaffold
T3,wide,scaffold,all,fg_aldehyde,F3,lr,bal_acc,0.8187,0.7363,0.8805,0.5,,,,5198,4222,1000,20789,inner_cv,"[{""fold"": ""scaffold"", ""C"": 0.01, ""src"": ""inner_cv"", ""thr"": 0.3704}]",107.93,bootstrap unit: scaffold
T3,wide,scaffold,all,fg_aldehyde,F3,hgb,auroc,0.9341,0.9017,0.9639,0.5,,,,5198,4222,1000,20789,inner_cv,"[{""fold"": ""scaffold"", ""src"": ""inner_cv"", ""thr"": 0.3543}]",38.54,bootstrap unit: scaffold
T3,wide,scaffold,all,fg_aldehyde,F3,hgb,auprc,0.1131,0.0522,0.2729,0.005,,,,5198,4222,1000,20789,inner_cv,"[{""fold"": ""scaffold"", ""src"": ""inner_cv"", ""thr"": 0.3543}]",38.54,bootstrap unit: scaffold
T3,wide,scaffold,all,fg_aldehyde,F3,hgb,bal_acc,0.8309,0.7476,0.9028,0.5,,,,5198,4222,1000,20789,inner_cv,"[{""fold"": ""scaffold"", ""src"": ""inner_cv"", ""thr"": 0.3543}]",38.54,bootstrap unit: scaffold
T3,wide,scaffold,all,fg_aldehyde,F3,knn,auroc,0.8643,0.7868,0.9239,0.5,,,,5198,4222,1000,20789,inner_cv,"[{""fold"": ""scaffold"", ""k"": 10, ""src"": ""inner_cv"", ""thr"": 0.1045}]",118.77,bootstrap unit: scaffold
T3,wide,scaffold,all,fg_aldehyde,F3,knn,auprc,0.0309,0.0165,0.0673,0.005,,,,5198,4222,1000,20789,inner_cv,"[{""fold"": ""scaffold"", ""k"": 10, ""src"": ""inner_cv"", ""thr"": 0.1045}]",118.77,bootstrap unit: scaffold
T3,wide,scaffold,all,fg_aldehyde,F3,knn,bal_acc,0.8404,0.7688,0.8974,0.5,,,,5198,4222,1000,20789,inner_cv,"[{""fold"": ""scaffold"", ""k"": 10, ""src"": ""inner_cv"", ""thr"": 0.1045}]",118.77,bootstrap unit: scaffold
T3,wide,scaffold,all,fg_aldehyde,F1.sqrt,majority,auroc,0.5,0.5,0.5,0.5,,,,5198,4222,1000,20789,fixed,"[{""fold"": ""scaffold"", ""src"": ""fixed"", ""thr"": 0.5}]",1.04,bootstrap unit: scaffold
T3,wide,scaffold,all,fg_aldehyde,F1.sqrt,majority,auprc,0.005,0.003,0.007,0.005,,,,5198,4222,1000,20789,fixed,"[{""fold"": ""scaffold"", ""src"": ""fixed"", ""thr"": 0.5}]",1.04,bootstrap unit: scaffold
T3,wide,scaffold,all,fg_aldehyde,F1.sqrt,majority,bal_acc,0.5,0.5,0.5,0.5,,,,5198,4222,1000,20789,fixed,"[{""fold"": ""scaffold"", ""src"": ""fixed"", ""thr"": 0.5}]",1.04,bootstrap unit: scaffold
T3,wide,scaffold,all,fg_aldehyde,F1.sqrt,lr,auroc,0.9042,0.8598,0.948,0.5,,,,5198,4222,1000,20789,inner_cv,"[{""fold"": ""scaffold"", ""C"": 0.01, ""src"": ""inner_cv"", ""thr"": 0.4488}]",4.63,bootstrap unit: scaffold
T3,wide,scaffold,all,fg_aldehyde,F1.sqrt,lr,auprc,0.0586,0.0286,0.1217,0.005,,,,5198,4222,1000,20789,inner_cv,"[{""fold"": ""scaffold"", ""C"": 0.01, ""src"": ""inner_cv"", ""thr"": 0.4488}]",4.63,bootstrap unit: scaffold
T3,wide,scaffold,all,fg_aldehyde,F1.sqrt,lr,bal_acc,0.8066,0.7248,0.8791,0.5,,,,5198,4222,1000,20789,inner_cv,"[{""fold"": ""scaffold"", ""C"": 0.01, ""src"": ""inner_cv"", ""thr"": 0.4488}]",4.63,bootstrap unit: scaffold
T3,wide,scaffold,all,fg_aldehyde,F1.sqrt,hgb,auroc,0.9221,0.8923,0.9499,0.5,,,,5198,4222,1000,20789,inner_cv,"[{""fold"": ""scaffold"", ""src"": ""inner_cv"", ""thr"": 0.3924}]",5.39,bootstrap unit: scaffold
T3,wide,scaffold,all,fg_aldehyde,F1.sqrt,hgb,auprc,0.0513,0.0281,0.1023,0.005,,,,5198,4222,1000,20789,inner_cv,"[{""fold"": ""scaffold"", ""src"": ""inner_cv"", ""thr"": 0.3924}]",5.39,bootstrap unit: scaffold
T3,wide,scaffold,all,fg_aldehyde,F1.sqrt,hgb,bal_acc,0.8455,0.7749,0.9034,0.5,,,,5198,4222,1000,20789,inner_cv,"[{""fold"": ""scaffold"", ""src"": ""inner_cv"", ""thr"": 0.3924}]",5.39,bootstrap unit: scaffold
T3,wide,scaffold,all,fg_aldehyde,F1.sqrt,knn,auroc,0.8708,0.7976,0.9233,0.5,,,,5198,4222,1000,20789,inner_cv,"[{""fold"": ""scaffold"", ""k"": 10, ""src"": ""inner_cv"", ""thr"": 0.1782}]",94.48,bootstrap unit: scaffold
T3,wide,scaffold,all,fg_aldehyde,F1.sqrt,knn,auprc,0.0632,0.0207,0.189,0.005,,,,5198,4222,1000,20789,inner_cv,"[{""fold"": ""scaffold"", ""k"": 10, ""src"": ""inner_cv"", ""thr"": 0.1782}]",94.48,bootstrap unit: scaffold
T3,wide,scaffold,all,fg_aldehyde,F1.sqrt,knn,bal_acc,0.8518,0.7836,0.893,0.5,,,,5198,4222,1000,20789,inner_cv,"[{""fold"": ""scaffold"", ""k"": 10, ""src"": ""inner_cv"", ""thr"": 0.1782}]",94.48,bootstrap unit: scaffold
T3,wide,scaffold,all,fg_aldehyde,F2.lt1700,majority,auroc,0.5,0.5,0.5,0.5,,,,5198,4222,1000,20789,fixed,"[{""fold"": ""scaffold"", ""src"": ""fixed"", ""thr"": 0.5}]",1.31,bootstrap unit: scaffold
T3,wide,scaffold,all,fg_aldehyde,F2.lt1700,majority,auprc,0.005,0.003,0.007,0.005,,,,5198,4222,1000,20789,fixed,"[{""fold"": ""scaffold"", ""src"": ""fixed"", ""thr"": 0.5}]",1.31,bootstrap unit: scaffold
T3,wide,scaffold,all,fg_aldehyde,F2.lt1700,majority,bal_acc,0.5,0.5,0.5,0.5,,,,5198,4222,1000,20789,fixed,"[{""fold"": ""scaffold"", ""src"": ""fixed"", ""thr"": 0.5}]",1.31,bootstrap unit: scaffold
T3,wide,scaffold,all,fg_aldehyde,F2.lt1700,lr,auroc,0.7688,0.6993,0.8448,0.5,,,,5198,4222,1000,20789,inner_cv,"[{""fold"": ""scaffold"", ""C"": 0.01, ""src"": ""inner_cv"", ""thr"": 0.5356}]",77.66,bootstrap unit: scaffold
T3,wide,scaffold,all,fg_aldehyde,F2.lt1700,lr,auprc,0.0174,0.009,0.0523,0.005,,,,5198,4222,1000,20789,inner_cv,"[{""fold"": ""scaffold"", ""C"": 0.01, ""src"": ""inner_cv"", ""thr"": 0.5356}]",77.66,bootstrap unit: scaffold
T3,wide,scaffold,all,fg_aldehyde,F2.lt1700,lr,bal_acc,0.6539,0.5557,0.7494,0.5,,,,5198,4222,1000,20789,inner_cv,"[{""fold"": ""scaffold"", ""C"": 0.01, ""src"": ""inner_cv"", ""thr"": 0.5356}]",77.66,bootstrap unit: scaffold
T3,wide,scaffold,all,fg_aldehyde,F2.lt1700,hgb,auroc,0.9219,0.8901,0.9536,0.5,,,,5198,4222,1000,20789,inner_cv,"[{""fold"": ""scaffold"", ""src"": ""inner_cv"", ""thr"": 0.3916}]",43.96,bootstrap unit: scaffold
T3,wide,scaffold,all,fg_aldehyde,F2.lt1700,hgb,auprc,0.0585,0.0306,0.1313,0.005,,,,5198,4222,1000,20789,inner_cv,"[{""fold"": ""scaffold"", ""src"": ""inner_cv"", ""thr"": 0.3916}]",43.96,bootstrap unit: scaffold
T3,wide,scaffold,all,fg_aldehyde,F2.lt1700,hgb,bal_acc,0.845,0.7735,0.9022,0.5,,,,5198,4222,1000,20789,inner_cv,"[{""fold"": ""scaffold"", ""src"": ""inner_cv"", ""thr"": 0.3916}]",43.96,bootstrap unit: scaffold
T3,wide,scaffold,all,fg_aldehyde,F2.lt1700,knn,auroc,0.6898,0.5712,0.8074,0.5,,,,5198,4222,1000,20789,inner_cv,"[{""fold"": ""scaffold"", ""k"": 10, ""src"": ""inner_cv"", ""thr"": 0.1032}]",77.96,bootstrap unit: scaffold
T3,wide,scaffold,all,fg_aldehyde,F2.lt1700,knn,auprc,0.0153,0.0078,0.0351,0.005,,,,5198,4222,1000,20789,inner_cv,"[{""fold"": ""scaffold"", ""k"": 10, ""src"": ""inner_cv"", ""thr"": 0.1032}]",77.96,bootstrap unit: scaffold
T3,wide,scaffold,all,fg_aldehyde,F2.lt1700,knn,bal_acc,0.6358,0.5439,0.7233,0.5,,,,5198,4222,1000,20789,inner_cv,"[{""fold"": ""scaffold"", ""k"": 10, ""src"": ""inner_cv"", ""thr"": 0.1032}]",77.96,bootstrap unit: scaffold
T3,wide,scaffold,all,fg_aldehyde,F3.lt1700,majority,auroc,0.5,0.5,0.5,0.5,,,,5198,4222,1000,20789,fixed,"[{""fold"": ""scaffold"", ""src"": ""fixed"", ""thr"": 0.5}]",3.35,bootstrap unit: scaffold
T3,wide,scaffold,all,fg_aldehyde,F3.lt1700,majority,auprc,0.005,0.003,0.007,0.005,,,,5198,4222,1000,20789,fixed,"[{""fold"": ""scaffold"", ""src"": ""fixed"", ""thr"": 0.5}]",3.35,bootstrap unit: scaffold
T3,wide,scaffold,all,fg_aldehyde,F3.lt1700,majority,bal_acc,0.5,0.5,0.5,0.5,,,,5198,4222,1000,20789,fixed,"[{""fold"": ""scaffold"", ""src"": ""fixed"", ""thr"": 0.5}]",3.35,bootstrap unit: scaffold
T3,wide,scaffold,all,fg_aldehyde,F3.lt1700,lr,auroc,0.7738,0.7048,0.8478,0.5,,,,5198,4222,1000,20789,inner_cv,"[{""fold"": ""scaffold"", ""C"": 0.01, ""src"": ""inner_cv"", ""thr"": 0.4818}]",82.01,bootstrap unit: scaffold
T3,wide,scaffold,all,fg_aldehyde,F3.lt1700,lr,auprc,0.0238,0.0097,0.0974,0.005,,,,5198,4222,1000,20789,inner_cv,"[{""fold"": ""scaffold"", ""C"": 0.01, ""src"": ""inner_cv"", ""thr"": 0.4818}]",82.01,bootstrap unit: scaffold
T3,wide,scaffold,all,fg_aldehyde,F3.lt1700,lr,bal_acc,0.7052,0.621,0.7822,0.5,,,,5198,4222,1000,20789,inner_cv,"[{""fold"": ""scaffold"", ""C"": 0.01, ""src"": ""inner_cv"", ""thr"": 0.4818}]",82.01,bootstrap unit: scaffold
T3,wide,scaffold,all,fg_aldehyde,F3.lt1700,hgb,auroc,0.9429,0.9154,0.9659,0.5,0.0099,100,0.499,5198,4222,1000,20789,inner_cv,"[{""fold"": ""scaffold"", ""src"": ""inner_cv"", ""thr"": 0.3488}]",57.6,bootstrap unit: scaffold
T3,wide,scaffold,all,fg_aldehyde,F3.lt1700,hgb,auprc,0.1271,0.0419,0.2663,0.005,,,,5198,4222,1000,20789,inner_cv,"[{""fold"": ""scaffold"", ""src"": ""inner_cv"", ""thr"": 0.3488}]",57.6,bootstrap unit: scaffold
T3,wide,scaffold,all,fg_aldehyde,F3.lt1700,hgb,bal_acc,0.8686,0.8041,0.9104,0.5,,,,5198,4222,1000,20789,inner_cv,"[{""fold"": ""scaffold"", ""src"": ""inner_cv"", ""thr"": 0.3488}]",57.6,bootstrap unit: scaffold
T3,wide,scaffold,all,fg_aldehyde,F3.lt1700,knn,auroc,0.7118,0.6075,0.8151,0.5,,,,5198,4222,1000,20789,inner_cv,"[{""fold"": ""scaffold"", ""k"": 10, ""src"": ""inner_cv"", ""thr"": 0.0965}]",70.66,bootstrap unit: scaffold
T3,wide,scaffold,all,fg_aldehyde,F3.lt1700,knn,auprc,0.0152,0.0078,0.0312,0.005,,,,5198,4222,1000,20789,inner_cv,"[{""fold"": ""scaffold"", ""k"": 10, ""src"": ""inner_cv"", ""thr"": 0.0965}]",70.66,bootstrap unit: scaffold
T3,wide,scaffold,all,fg_aldehyde,F3.lt1700,knn,bal_acc,0.586,0.4954,0.6705,0.5,,,,5198,4222,1000,20789,inner_cv,"[{""fold"": ""scaffold"", ""k"": 10, ""src"": ""inner_cv"", ""thr"": 0.0965}]",70.66,bootstrap unit: scaffold
T3,wide,scaffold,all,fg_ester,F1,majority,auroc,0.5,0.5,0.5,0.5,,,,5198,4222,1000,20789,fixed,"[{""fold"": ""scaffold"", ""src"": ""fixed"", ""thr"": 0.5}]",1.78,bootstrap unit: scaffold
T3,wide,scaffold,all,fg_ester,F1,majority,auprc,0.0573,0.0494,0.0649,0.0573,,,,5198,4222,1000,20789,fixed,"[{""fold"": ""scaffold"", ""src"": ""fixed"", ""thr"": 0.5}]",1.78,bootstrap unit: scaffold
T3,wide,scaffold,all,fg_ester,F1,majority,bal_acc,0.5,0.5,0.5,0.5,,,,5198,4222,1000,20789,fixed,"[{""fold"": ""scaffold"", ""src"": ""fixed"", ""thr"": 0.5}]",1.78,bootstrap unit: scaffold
T3,wide,scaffold,all,fg_ester,F1,lr,auroc,0.7286,0.6971,0.7595,0.5,0.0099,100,0.5,5198,4222,1000,20789,inner_cv,"[{""fold"": ""scaffold"", ""C"": 1.0, ""src"": ""inner_cv"", ""thr"": 0.3679}]",5.75,bootstrap unit: scaffold
T3,wide,scaffold,all,fg_ester,F1,lr,auprc,0.1413,0.1166,0.1747,0.0573,,,,5198,4222,1000,20789,inner_cv,"[{""fold"": ""scaffold"", ""C"": 1.0, ""src"": ""inner_cv"", ""thr"": 0.3679}]",5.75,bootstrap unit: scaffold
T3,wide,scaffold,all,fg_ester,F1,lr,bal_acc,0.6519,0.625,0.6789,0.5,,,,5198,4222,1000,20789,inner_cv,"[{""fold"": ""scaffold"", ""C"": 1.0, ""src"": ""inner_cv"", ""thr"": 0.3679}]",5.75,bootstrap unit: scaffold
T3,wide,scaffold,all,fg_ester,F1,hgb,auroc,0.7292,0.6928,0.7625,0.5,,,,5198,4222,1000,20789,inner_cv,"[{""fold"": ""scaffold"", ""src"": ""inner_cv"", ""thr"": 0.2774}]",6.45,bootstrap unit: scaffold
T3,wide,scaffold,all,fg_ester,F1,hgb,auprc,0.1518,0.1223,0.1914,0.0573,,,,5198,4222,1000,20789,inner_cv,"[{""fold"": ""scaffold"", ""src"": ""inner_cv"", ""thr"": 0.2774}]",6.45,bootstrap unit: scaffold
T3,wide,scaffold,all,fg_ester,F1,hgb,bal_acc,0.6651,0.6329,0.6947,0.5,,,,5198,4222,1000,20789,inner_cv,"[{""fold"": ""scaffold"", ""src"": ""inner_cv"", ""thr"": 0.2774}]",6.45,bootstrap unit: scaffold
T3,wide,scaffold,all,fg_ester,F1,knn,auroc,0.5956,0.5662,0.6274,0.5,,,,5198,4222,1000,20789,inner_cv,"[{""fold"": ""scaffold"", ""k"": 10, ""src"": ""inner_cv"", ""thr"": 0.0906}]",40.26,bootstrap unit: scaffold
T3,wide,scaffold,all,fg_ester,F1,knn,auprc,0.0949,0.0756,0.1246,0.0573,,,,5198,4222,1000,20789,inner_cv,"[{""fold"": ""scaffold"", ""k"": 10, ""src"": ""inner_cv"", ""thr"": 0.0906}]",40.26,bootstrap unit: scaffold
T3,wide,scaffold,all,fg_ester,F1,knn,bal_acc,0.5844,0.5584,0.613,0.5,,,,5198,4222,1000,20789,inner_cv,"[{""fold"": ""scaffold"", ""k"": 10, ""src"": ""inner_cv"", ""thr"": 0.0906}]",40.26,bootstrap unit: scaffold
T3,wide,scaffold,all,fg_ester,F1pos,majority,auroc,0.5,0.5,0.5,0.5,,,,5198,4222,1000,20789,fixed,"[{""fold"": ""scaffold"", ""src"": ""fixed"", ""thr"": 0.5}]",1.57,bootstrap unit: scaffold
T3,wide,scaffold,all,fg_ester,F1pos,majority,auprc,0.0573,0.0494,0.0649,0.0573,,,,5198,4222,1000,20789,fixed,"[{""fold"": ""scaffold"", ""src"": ""fixed"", ""thr"": 0.5}]",1.57,bootstrap unit: scaffold
T3,wide,scaffold,all,fg_ester,F1pos,majority,bal_acc,0.5,0.5,0.5,0.5,,,,5198,4222,1000,20789,fixed,"[{""fold"": ""scaffold"", ""src"": ""fixed"", ""thr"": 0.5}]",1.57,bootstrap unit: scaffold
T3,wide,scaffold,all,fg_ester,F1pos,lr,auroc,0.7347,0.7042,0.7646,0.5,,,,5198,4222,1000,20789,inner_cv,"[{""fold"": ""scaffold"", ""C"": 0.01, ""src"": ""inner_cv"", ""thr"": 0.4315}]",4.54,bootstrap unit: scaffold
T3,wide,scaffold,all,fg_ester,F1pos,lr,auprc,0.1331,0.1115,0.1639,0.0573,,,,5198,4222,1000,20789,inner_cv,"[{""fold"": ""scaffold"", ""C"": 0.01, ""src"": ""inner_cv"", ""thr"": 0.4315}]",4.54,bootstrap unit: scaffold
T3,wide,scaffold,all,fg_ester,F1pos,lr,bal_acc,0.6775,0.6486,0.7075,0.5,,,,5198,4222,1000,20789,inner_cv,"[{""fold"": ""scaffold"", ""C"": 0.01, ""src"": ""inner_cv"", ""thr"": 0.4315}]",4.54,bootstrap unit: scaffold
T3,wide,scaffold,all,fg_ester,F1pos,hgb,auroc,0.7356,0.7028,0.7682,0.5,,,,5198,4222,1000,20789,inner_cv,"[{""fold"": ""scaffold"", ""src"": ""inner_cv"", ""thr"": 0.3771}]",6.59,bootstrap unit: scaffold
T3,wide,scaffold,all,fg_ester,F1pos,hgb,auprc,0.1397,0.1145,0.1706,0.0573,,,,5198,4222,1000,20789,inner_cv,"[{""fold"": ""scaffold"", ""src"": ""inner_cv"", ""thr"": 0.3771}]",6.59,bootstrap unit: scaffold
T3,wide,scaffold,all,fg_ester,F1pos,hgb,bal_acc,0.6858,0.6537,0.7182,0.5,,,,5198,4222,1000,20789,inner_cv,"[{""fold"": ""scaffold"", ""src"": ""inner_cv"", ""thr"": 0.3771}]",6.59,bootstrap unit: scaffold
T3,wide,scaffold,all,fg_ester,F1pos,knn,auroc,0.5178,0.4935,0.5417,0.5,,,,5198,4222,1000,20789,inner_cv,"[{""fold"": ""scaffold"", ""k"": 10, ""src"": ""inner_cv"", ""thr"": 0.0924}]",38.67,bootstrap unit: scaffold
T3,wide,scaffold,all,fg_ester,F1pos,knn,auprc,0.0643,0.0544,0.0803,0.0573,,,,5198,4222,1000,20789,inner_cv,"[{""fold"": ""scaffold"", ""k"": 10, ""src"": ""inner_cv"", ""thr"": 0.0924}]",38.67,bootstrap unit: scaffold
T3,wide,scaffold,all,fg_ester,F1pos,knn,bal_acc,0.5182,0.4935,0.5419,0.5,,,,5198,4222,1000,20789,inner_cv,"[{""fold"": ""scaffold"", ""k"": 10, ""src"": ""inner_cv"", ""thr"": 0.0924}]",38.67,bootstrap unit: scaffold
T3,wide,scaffold,all,fg_ester,F2,majority,auroc,0.5,0.5,0.5,0.5,,,,5198,4222,1000,20789,fixed,"[{""fold"": ""scaffold"", ""src"": ""fixed"", ""thr"": 0.5}]",2.13,bootstrap unit: scaffold
T3,wide,scaffold,all,fg_ester,F2,majority,auprc,0.0573,0.0494,0.0649,0.0573,,,,5198,4222,1000,20789,fixed,"[{""fold"": ""scaffold"", ""src"": ""fixed"", ""thr"": 0.5}]",2.13,bootstrap unit: scaffold
T3,wide,scaffold,all,fg_ester,F2,majority,bal_acc,0.5,0.5,0.5,0.5,,,,5198,4222,1000,20789,fixed,"[{""fold"": ""scaffold"", ""src"": ""fixed"", ""thr"": 0.5}]",2.13,bootstrap unit: scaffold
T3,wide,scaffold,all,fg_ester,F2,lr,auroc,0.7134,0.6816,0.7448,0.5,,,,5198,4222,1000,20789,inner_cv,"[{""fold"": ""scaffold"", ""C"": 0.01, ""src"": ""inner_cv"", ""thr"": 0.3454}]",111.83,bootstrap unit: scaffold
T3,wide,scaffold,all,fg_ester,F2,lr,auprc,0.1341,0.1112,0.1696,0.0573,,,,5198,4222,1000,20789,inner_cv,"[{""fold"": ""scaffold"", ""C"": 0.01, ""src"": ""inner_cv"", ""thr"": 0.3454}]",111.83,bootstrap unit: scaffold
T3,wide,scaffold,all,fg_ester,F2,lr,bal_acc,0.6529,0.6203,0.6817,0.5,,,,5198,4222,1000,20789,inner_cv,"[{""fold"": ""scaffold"", ""C"": 0.01, ""src"": ""inner_cv"", ""thr"": 0.3454}]",111.83,bootstrap unit: scaffold
T3,wide,scaffold,all,fg_ester,F2,hgb,auroc,0.7919,0.7629,0.8193,0.5,,,,5198,4222,1000,20789,inner_cv,"[{""fold"": ""scaffold"", ""src"": ""inner_cv"", ""thr"": 0.1998}]",44.1,bootstrap unit: scaffold
T3,wide,scaffold,all,fg_ester,F2,hgb,auprc,0.1754,0.1429,0.2174,0.0573,,,,5198,4222,1000,20789,inner_cv,"[{""fold"": ""scaffold"", ""src"": ""inner_cv"", ""thr"": 0.1998}]",44.1,bootstrap unit: scaffold
T3,wide,scaffold,all,fg_ester,F2,hgb,bal_acc,0.7323,0.7028,0.7602,0.5,,,,5198,4222,1000,20789,inner_cv,"[{""fold"": ""scaffold"", ""src"": ""inner_cv"", ""thr"": 0.1998}]",44.1,bootstrap unit: scaffold
T3,wide,scaffold,all,fg_ester,F2,knn,auroc,0.6272,0.5978,0.6596,0.5,,,,5198,4222,1000,20789,inner_cv,"[{""fold"": ""scaffold"", ""k"": 10, ""src"": ""inner_cv"", ""thr"": 0.0894}]",77.69,bootstrap unit: scaffold
T3,wide,scaffold,all,fg_ester,F2,knn,auprc,0.1282,0.1017,0.1687,0.0573,,,,5198,4222,1000,20789,inner_cv,"[{""fold"": ""scaffold"", ""k"": 10, ""src"": ""inner_cv"", ""thr"": 0.0894}]",77.69,bootstrap unit: scaffold
T3,wide,scaffold,all,fg_ester,F2,knn,bal_acc,0.6096,0.5816,0.6405,0.5,,,,5198,4222,1000,20789,inner_cv,"[{""fold"": ""scaffold"", ""k"": 10, ""src"": ""inner_cv"", ""thr"": 0.0894}]",77.69,bootstrap unit: scaffold
T3,wide,scaffold,all,fg_ester,F3,majority,auroc,0.5,0.5,0.5,0.5,,,,5198,4222,1000,20789,fixed,"[{""fold"": ""scaffold"", ""src"": ""fixed"", ""thr"": 0.5}]",2.11,bootstrap unit: scaffold
T3,wide,scaffold,all,fg_ester,F3,majority,auprc,0.0573,0.0494,0.0649,0.0573,,,,5198,4222,1000,20789,fixed,"[{""fold"": ""scaffold"", ""src"": ""fixed"", ""thr"": 0.5}]",2.11,bootstrap unit: scaffold
T3,wide,scaffold,all,fg_ester,F3,majority,bal_acc,0.5,0.5,0.5,0.5,,,,5198,4222,1000,20789,fixed,"[{""fold"": ""scaffold"", ""src"": ""fixed"", ""thr"": 0.5}]",2.11,bootstrap unit: scaffold
T3,wide,scaffold,all,fg_ester,F3,lr,auroc,0.7356,0.7045,0.7663,0.5,,,,5198,4222,1000,20789,inner_cv,"[{""fold"": ""scaffold"", ""C"": 0.01, ""src"": ""inner_cv"", ""thr"": 0.3861}]",144.97,bootstrap unit: scaffold
T3,wide,scaffold,all,fg_ester,F3,lr,auprc,0.1456,0.1193,0.1811,0.0573,,,,5198,4222,1000,20789,inner_cv,"[{""fold"": ""scaffold"", ""C"": 0.01, ""src"": ""inner_cv"", ""thr"": 0.3861}]",144.97,bootstrap unit: scaffold
T3,wide,scaffold,all,fg_ester,F3,lr,bal_acc,0.6857,0.6533,0.7163,0.5,,,,5198,4222,1000,20789,inner_cv,"[{""fold"": ""scaffold"", ""C"": 0.01, ""src"": ""inner_cv"", ""thr"": 0.3861}]",144.97,bootstrap unit: scaffold
T3,wide,scaffold,all,fg_ester,F3,hgb,auroc,0.9186,0.9082,0.9298,0.5,0.0099,100,0.5019,5198,4222,1000,20789,inner_cv,"[{""fold"": ""scaffold"", ""src"": ""inner_cv"", ""thr"": 0.0961}]",35.99,bootstrap unit: scaffold
T3,wide,scaffold,all,fg_ester,F3,hgb,auprc,0.3588,0.3071,0.4177,0.0573,,,,5198,4222,1000,20789,inner_cv,"[{""fold"": ""scaffold"", ""src"": ""inner_cv"", ""thr"": 0.0961}]",35.99,bootstrap unit: scaffold
T3,wide,scaffold,all,fg_ester,F3,hgb,bal_acc,0.8468,0.8303,0.8633,0.5,,,,5198,4222,1000,20789,inner_cv,"[{""fold"": ""scaffold"", ""src"": ""inner_cv"", ""thr"": 0.0961}]",35.99,bootstrap unit: scaffold
T3,wide,scaffold,all,fg_ester,F3,knn,auroc,0.6307,0.6007,0.6638,0.5,,,,5198,4222,1000,20789,inner_cv,"[{""fold"": ""scaffold"", ""k"": 10, ""src"": ""inner_cv"", ""thr"": 0.0886}]",89.88,bootstrap unit: scaffold
T3,wide,scaffold,all,fg_ester,F3,knn,auprc,0.1484,0.1115,0.1944,0.0573,,,,5198,4222,1000,20789,inner_cv,"[{""fold"": ""scaffold"", ""k"": 10, ""src"": ""inner_cv"", ""thr"": 0.0886}]",89.88,bootstrap unit: scaffold
T3,wide,scaffold,all,fg_ester,F3,knn,bal_acc,0.6211,0.5926,0.6513,0.5,,,,5198,4222,1000,20789,inner_cv,"[{""fold"": ""scaffold"", ""k"": 10, ""src"": ""inner_cv"", ""thr"": 0.0886}]",89.88,bootstrap unit: scaffold
T3,wide,scaffold,all,fg_ester,F1.sqrt,majority,auroc,0.5,0.5,0.5,0.5,,,,5198,4222,1000,20789,fixed,"[{""fold"": ""scaffold"", ""src"": ""fixed"", ""thr"": 0.5}]",3.39,bootstrap unit: scaffold
T3,wide,scaffold,all,fg_ester,F1.sqrt,majority,auprc,0.0573,0.0494,0.0649,0.0573,,,,5198,4222,1000,20789,fixed,"[{""fold"": ""scaffold"", ""src"": ""fixed"", ""thr"": 0.5}]",3.39,bootstrap unit: scaffold
T3,wide,scaffold,all,fg_ester,F1.sqrt,majority,bal_acc,0.5,0.5,0.5,0.5,,,,5198,4222,1000,20789,fixed,"[{""fold"": ""scaffold"", ""src"": ""fixed"", ""thr"": 0.5}]",3.39,bootstrap unit: scaffold
T3,wide,scaffold,all,fg_ester,F1.sqrt,lr,auroc,0.7336,0.7023,0.7644,0.5,,,,5198,4222,1000,20789,inner_cv,"[{""fold"": ""scaffold"", ""C"": 0.01, ""src"": ""inner_cv"", ""thr"": 0.354}]",6.32,bootstrap unit: scaffold
T3,wide,scaffold,all,fg_ester,F1.sqrt,lr,auprc,0.1389,0.1147,0.1695,0.0573,,,,5198,4222,1000,20789,inner_cv,"[{""fold"": ""scaffold"", ""C"": 0.01, ""src"": ""inner_cv"", ""thr"": 0.354}]",6.32,bootstrap unit: scaffold
T3,wide,scaffold,all,fg_ester,F1.sqrt,lr,bal_acc,0.6695,0.6417,0.6974,0.5,,,,5198,4222,1000,20789,inner_cv,"[{""fold"": ""scaffold"", ""C"": 0.01, ""src"": ""inner_cv"", ""thr"": 0.354}]",6.32,bootstrap unit: scaffold
T3,wide,scaffold,all,fg_ester,F1.sqrt,hgb,auroc,0.729,0.6927,0.7622,0.5,,,,5198,4222,1000,20789,inner_cv,"[{""fold"": ""scaffold"", ""src"": ""inner_cv"", ""thr"": 0.2774}]",6.34,bootstrap unit: scaffold
T3,wide,scaffold,all,fg_ester,F1.sqrt,hgb,auprc,0.1518,0.1221,0.1914,0.0573,,,,5198,4222,1000,20789,inner_cv,"[{""fold"": ""scaffold"", ""src"": ""inner_cv"", ""thr"": 0.2774}]",6.34,bootstrap unit: scaffold
T3,wide,scaffold,all,fg_ester,F1.sqrt,hgb,bal_acc,0.6649,0.6328,0.6942,0.5,,,,5198,4222,1000,20789,inner_cv,"[{""fold"": ""scaffold"", ""src"": ""inner_cv"", ""thr"": 0.2774}]",6.34,bootstrap unit: scaffold
T3,wide,scaffold,all,fg_ester,F1.sqrt,knn,auroc,0.5709,0.5431,0.6008,0.5,,,,5198,4222,1000,20789,inner_cv,"[{""fold"": ""scaffold"", ""k"": 10, ""src"": ""inner_cv"", ""thr"": 0.0907}]",59.56,bootstrap unit: scaffold
T3,wide,scaffold,all,fg_ester,F1.sqrt,knn,auprc,0.0824,0.0661,0.1065,0.0573,,,,5198,4222,1000,20789,inner_cv,"[{""fold"": ""scaffold"", ""k"": 10, ""src"": ""inner_cv"", ""thr"": 0.0907}]",59.56,bootstrap unit: scaffold
T3,wide,scaffold,all,fg_ester,F1.sqrt,knn,bal_acc,0.5631,0.5359,0.5902,0.5,,,,5198,4222,1000,20789,inner_cv,"[{""fold"": ""scaffold"", ""k"": 10, ""src"": ""inner_cv"", ""thr"": 0.0907}]",59.56,bootstrap unit: scaffold
T3,wide,scaffold,all,fg_ester,F2.lt1700,majority,auroc,0.5,0.5,0.5,0.5,,,,5198,4222,1000,20789,fixed,"[{""fold"": ""scaffold"", ""src"": ""fixed"", ""thr"": 0.5}]",3.39,bootstrap unit: scaffold
T3,wide,scaffold,all,fg_ester,F2.lt1700,majority,auprc,0.0573,0.0494,0.0649,0.0573,,,,5198,4222,1000,20789,fixed,"[{""fold"": ""scaffold"", ""src"": ""fixed"", ""thr"": 0.5}]",3.39,bootstrap unit: scaffold
T3,wide,scaffold,all,fg_ester,F2.lt1700,majority,bal_acc,0.5,0.5,0.5,0.5,,,,5198,4222,1000,20789,fixed,"[{""fold"": ""scaffold"", ""src"": ""fixed"", ""thr"": 0.5}]",3.39,bootstrap unit: scaffold
T3,wide,scaffold,all,fg_ester,F2.lt1700,lr,auroc,0.6722,0.6402,0.7022,0.5,,,,5198,4222,1000,20789,inner_cv,"[{""fold"": ""scaffold"", ""C"": 0.01, ""src"": ""inner_cv"", ""thr"": 0.3009}]",103.33,bootstrap unit: scaffold
T3,wide,scaffold,all,fg_ester,F2.lt1700,lr,auprc,0.1045,0.087,0.1332,0.0573,,,,5198,4222,1000,20789,inner_cv,"[{""fold"": ""scaffold"", ""C"": 0.01, ""src"": ""inner_cv"", ""thr"": 0.3009}]",103.33,bootstrap unit: scaffold
T3,wide,scaffold,all,fg_ester,F2.lt1700,lr,bal_acc,0.626,0.5986,0.6535,0.5,,,,5198,4222,1000,20789,inner_cv,"[{""fold"": ""scaffold"", ""C"": 0.01, ""src"": ""inner_cv"", ""thr"": 0.3009}]",103.33,bootstrap unit: scaffold
T3,wide,scaffold,all,fg_ester,F2.lt1700,hgb,auroc,0.7335,0.7048,0.7618,0.5,,,,5198,4222,1000,20789,inner_cv,"[{""fold"": ""scaffold"", ""src"": ""inner_cv"", ""thr"": 0.1497}]",44.82,bootstrap unit: scaffold
T3,wide,scaffold,all,fg_ester,F2.lt1700,hgb,auprc,0.1354,0.1111,0.1695,0.0573,,,,5198,4222,1000,20789,inner_cv,"[{""fold"": ""scaffold"", ""src"": ""inner_cv"", ""thr"": 0.1497}]",44.82,bootstrap unit: scaffold
T3,wide,scaffold,all,fg_ester,F2.lt1700,hgb,bal_acc,0.675,0.6466,0.7019,0.5,,,,5198,4222,1000,20789,inner_cv,"[{""fold"": ""scaffold"", ""src"": ""inner_cv"", ""thr"": 0.1497}]",44.82,bootstrap unit: scaffold
T3,wide,scaffold,all,fg_ester,F2.lt1700,knn,auroc,0.5384,0.5114,0.5654,0.5,,,,5198,4222,1000,20789,inner_cv,"[{""fold"": ""scaffold"", ""k"": 10, ""src"": ""inner_cv"", ""thr"": 0.0879}]",74.76,bootstrap unit: scaffold
T3,wide,scaffold,all,fg_ester,F2.lt1700,knn,auprc,0.0734,0.0611,0.0938,0.0573,,,,5198,4222,1000,20789,inner_cv,"[{""fold"": ""scaffold"", ""k"": 10, ""src"": ""inner_cv"", ""thr"": 0.0879}]",74.76,bootstrap unit: scaffold
T3,wide,scaffold,all,fg_ester,F2.lt1700,knn,bal_acc,0.5361,0.5102,0.5628,0.5,,,,5198,4222,1000,20789,inner_cv,"[{""fold"": ""scaffold"", ""k"": 10, ""src"": ""inner_cv"", ""thr"": 0.0879}]",74.76,bootstrap unit: scaffold
T3,wide,scaffold,all,fg_ester,F3.lt1700,majority,auroc,0.5,0.5,0.5,0.5,,,,5198,4222,1000,20789,fixed,"[{""fold"": ""scaffold"", ""src"": ""fixed"", ""thr"": 0.5}]",2.02,bootstrap unit: scaffold
T3,wide,scaffold,all,fg_ester,F3.lt1700,majority,auprc,0.0573,0.0494,0.0649,0.0573,,,,5198,4222,1000,20789,fixed,"[{""fold"": ""scaffold"", ""src"": ""fixed"", ""thr"": 0.5}]",2.02,bootstrap unit: scaffold
T3,wide,scaffold,all,fg_ester,F3.lt1700,majority,bal_acc,0.5,0.5,0.5,0.5,,,,5198,4222,1000,20789,fixed,"[{""fold"": ""scaffold"", ""src"": ""fixed"", ""thr"": 0.5}]",2.02,bootstrap unit: scaffold
T3,wide,scaffold,all,fg_ester,F3.lt1700,lr,auroc,0.6719,0.6386,0.7028,0.5,,,,5198,4222,1000,20789,inner_cv,"[{""fold"": ""scaffold"", ""C"": 0.01, ""src"": ""inner_cv"", ""thr"": 0.3275}]",152.63,bootstrap unit: scaffold
T3,wide,scaffold,all,fg_ester,F3.lt1700,lr,auprc,0.1057,0.0873,0.1343,0.0573,,,,5198,4222,1000,20789,inner_cv,"[{""fold"": ""scaffold"", ""C"": 0.01, ""src"": ""inner_cv"", ""thr"": 0.3275}]",152.63,bootstrap unit: scaffold
T3,wide,scaffold,all,fg_ester,F3.lt1700,lr,bal_acc,0.6224,0.5917,0.6517,0.5,,,,5198,4222,1000,20789,inner_cv,"[{""fold"": ""scaffold"", ""C"": 0.01, ""src"": ""inner_cv"", ""thr"": 0.3275}]",152.63,bootstrap unit: scaffold
T3,wide,scaffold,all,fg_ester,F3.lt1700,hgb,auroc,0.8203,0.7982,0.8424,0.5,,,,5198,4222,1000,20789,inner_cv,"[{""fold"": ""scaffold"", ""src"": ""inner_cv"", ""thr"": 0.1471}]",51.13,bootstrap unit: scaffold
T3,wide,scaffold,all,fg_ester,F3.lt1700,hgb,auprc,0.1856,0.1564,0.2237,0.0573,,,,5198,4222,1000,20789,inner_cv,"[{""fold"": ""scaffold"", ""src"": ""inner_cv"", ""thr"": 0.1471}]",51.13,bootstrap unit: scaffold
T3,wide,scaffold,all,fg_ester,F3.lt1700,hgb,bal_acc,0.7599,0.7349,0.7837,0.5,,,,5198,4222,1000,20789,inner_cv,"[{""fold"": ""scaffold"", ""src"": ""inner_cv"", ""thr"": 0.1471}]",51.13,bootstrap unit: scaffold
T3,wide,scaffold,all,fg_ester,F3.lt1700,knn,auroc,0.532,0.506,0.5589,0.5,,,,5198,4222,1000,20789,inner_cv,"[{""fold"": ""scaffold"", ""k"": 10, ""src"": ""inner_cv"", ""thr"": 0.0909}]",88.07,bootstrap unit: scaffold
T3,wide,scaffold,all,fg_ester,F3.lt1700,knn,auprc,0.0756,0.0607,0.1022,0.0573,,,,5198,4222,1000,20789,inner_cv,"[{""fold"": ""scaffold"", ""k"": 10, ""src"": ""inner_cv"", ""thr"": 0.0909}]",88.07,bootstrap unit: scaffold
T3,wide,scaffold,all,fg_ester,F3.lt1700,knn,bal_acc,0.53,0.5058,0.5552,0.5,,,,5198,4222,1000,20789,inner_cv,"[{""fold"": ""scaffold"", ""k"": 10, ""src"": ""inner_cv"", ""thr"": 0.0909}]",88.07,bootstrap unit: scaffold
T3,wide,scaffold,all,fg_ether,F1,majority,auroc,0.5,0.5,0.5,0.5,,,,5198,4222,1000,20789,fixed,"[{""fold"": ""scaffold"", ""src"": ""fixed"", ""thr"": 0.5}]",2.0,bootstrap unit: scaffold
T3,wide,scaffold,all,fg_ether,F1,majority,auprc,0.5083,0.492,0.5236,0.5083,,,,5198,4222,1000,20789,fixed,"[{""fold"": ""scaffold"", ""src"": ""fixed"", ""thr"": 0.5}]",2.0,bootstrap unit: scaffold
T3,wide,scaffold,all,fg_ether,F1,majority,bal_acc,0.5,0.5,0.5,0.5,,,,5198,4222,1000,20789,fixed,"[{""fold"": ""scaffold"", ""src"": ""fixed"", ""thr"": 0.5}]",2.0,bootstrap unit: scaffold
T3,wide,scaffold,all,fg_ether,F1,lr,auroc,0.683,0.6674,0.6979,0.5,0.0099,100,0.5001,5198,4222,1000,20789,inner_cv,"[{""fold"": ""scaffold"", ""C"": 0.01, ""src"": ""inner_cv"", ""thr"": 0.4935}]",5.93,bootstrap unit: scaffold
T3,wide,scaffold,all,fg_ether,F1,lr,auprc,0.6688,0.6465,0.6907,0.5083,,,,5198,4222,1000,20789,inner_cv,"[{""fold"": ""scaffold"", ""C"": 0.01, ""src"": ""inner_cv"", ""thr"": 0.4935}]",5.93,bootstrap unit: scaffold
T3,wide,scaffold,all,fg_ether,F1,lr,bal_acc,0.6295,0.6154,0.6438,0.5,,,,5198,4222,1000,20789,inner_cv,"[{""fold"": ""scaffold"", ""C"": 0.01, ""src"": ""inner_cv"", ""thr"": 0.4935}]",5.93,bootstrap unit: scaffold
T3,wide,scaffold,all,fg_ether,F1,hgb,auroc,0.7255,0.711,0.7401,0.5,,,,5198,4222,1000,20789,inner_cv,"[{""fold"": ""scaffold"", ""src"": ""inner_cv"", ""thr"": 0.503}]",11.6,bootstrap unit: scaffold
T3,wide,scaffold,all,fg_ether,F1,hgb,auprc,0.7098,0.689,0.7301,0.5083,,,,5198,4222,1000,20789,inner_cv,"[{""fold"": ""scaffold"", ""src"": ""inner_cv"", ""thr"": 0.503}]",11.6,bootstrap unit: scaffold
T3,wide,scaffold,all,fg_ether,F1,hgb,bal_acc,0.6657,0.6521,0.6786,0.5,,,,5198,4222,1000,20789,inner_cv,"[{""fold"": ""scaffold"", ""src"": ""inner_cv"", ""thr"": 0.503}]",11.6,bootstrap unit: scaffold
T3,wide,scaffold,all,fg_ether,F1,knn,auroc,0.647,0.6303,0.6628,0.5,,,,5198,4222,1000,20789,inner_cv,"[{""fold"": ""scaffold"", ""k"": 10, ""src"": ""inner_cv"", ""thr"": 0.3865}]",41.4,bootstrap unit: scaffold
T3,wide,scaffold,all,fg_ether,F1,knn,auprc,0.6521,0.6288,0.6738,0.5083,,,,5198,4222,1000,20789,inner_cv,"[{""fold"": ""scaffold"", ""k"": 10, ""src"": ""inner_cv"", ""thr"": 0.3865}]",41.4,bootstrap unit: scaffold
T3,wide,scaffold,all,fg_ether,F1,knn,bal_acc,0.6091,0.5959,0.6227,0.5,,,,5198,4222,1000,20789,inner_cv,"[{""fold"": ""scaffold"", ""k"": 10, ""src"": ""inner_cv"", ""thr"": 0.3865}]",41.4,bootstrap unit: scaffold
T3,wide,scaffold,all,fg_ether,F1pos,majority,auroc,0.5,0.5,0.5,0.5,,,,5198,4222,1000,20789,fixed,"[{""fold"": ""scaffold"", ""src"": ""fixed"", ""thr"": 0.5}]",2.16,bootstrap unit: scaffold
T3,wide,scaffold,all,fg_ether,F1pos,majority,auprc,0.5083,0.492,0.5236,0.5083,,,,5198,4222,1000,20789,fixed,"[{""fold"": ""scaffold"", ""src"": ""fixed"", ""thr"": 0.5}]",2.16,bootstrap unit: scaffold
T3,wide,scaffold,all,fg_ether,F1pos,majority,bal_acc,0.5,0.5,0.5,0.5,,,,5198,4222,1000,20789,fixed,"[{""fold"": ""scaffold"", ""src"": ""fixed"", ""thr"": 0.5}]",2.16,bootstrap unit: scaffold
T3,wide,scaffold,all,fg_ether,F1pos,lr,auroc,0.7209,0.7046,0.7345,0.5,,,,5198,4222,1000,20789,inner_cv,"[{""fold"": ""scaffold"", ""C"": 0.01, ""src"": ""inner_cv"", ""thr"": 0.4905}]",6.65,bootstrap unit: scaffold
T3,wide,scaffold,all,fg_ether,F1pos,lr,auprc,0.6939,0.6702,0.7142,0.5083,,,,5198,4222,1000,20789,inner_cv,"[{""fold"": ""scaffold"", ""C"": 0.01, ""src"": ""inner_cv"", ""thr"": 0.4905}]",6.65,bootstrap unit: scaffold
T3,wide,scaffold,all,fg_ether,F1pos,lr,bal_acc,0.6648,0.6509,0.6776,0.5,,,,5198,4222,1000,20789,inner_cv,"[{""fold"": ""scaffold"", ""C"": 0.01, ""src"": ""inner_cv"", ""thr"": 0.4905}]",6.65,bootstrap unit: scaffold
T3,wide,scaffold,all,fg_ether,F1pos,hgb,auroc,0.7187,0.7033,0.733,0.5,,,,5198,4222,1000,20789,inner_cv,"[{""fold"": ""scaffold"", ""src"": ""inner_cv"", ""thr"": 0.4708}]",8.62,bootstrap unit: scaffold
T3,wide,scaffold,all,fg_ether,F1pos,hgb,auprc,0.695,0.673,0.7161,0.5083,,,,5198,4222,1000,20789,inner_cv,"[{""fold"": ""scaffold"", ""src"": ""inner_cv"", ""thr"": 0.4708}]",8.62,bootstrap unit: scaffold
T3,wide,scaffold,all,fg_ether,F1pos,hgb,bal_acc,0.6644,0.6508,0.6775,0.5,,,,5198,4222,1000,20789,inner_cv,"[{""fold"": ""scaffold"", ""src"": ""inner_cv"", ""thr"": 0.4708}]",8.62,bootstrap unit: scaffold
T3,wide,scaffold,all,fg_ether,F1pos,knn,auroc,0.5892,0.5736,0.6057,0.5,,,,5198,4222,1000,20789,inner_cv,"[{""fold"": ""scaffold"", ""k"": 10, ""src"": ""inner_cv"", ""thr"": 0.4036}]",38.58,bootstrap unit: scaffold
T3,wide,scaffold,all,fg_ether,F1pos,knn,auprc,0.5778,0.5557,0.5997,0.5083,,,,5198,4222,1000,20789,inner_cv,"[{""fold"": ""scaffold"", ""k"": 10, ""src"": ""inner_cv"", ""thr"": 0.4036}]",38.58,bootstrap unit: scaffold
T3,wide,scaffold,all,fg_ether,F1pos,knn,bal_acc,0.5613,0.5488,0.5752,0.5,,,,5198,4222,1000,20789,inner_cv,"[{""fold"": ""scaffold"", ""k"": 10, ""src"": ""inner_cv"", ""thr"": 0.4036}]",38.58,bootstrap unit: scaffold
T3,wide,scaffold,all,fg_ether,F2,majority,auroc,0.5,0.5,0.5,0.5,,,,5198,4222,1000,20789,fixed,"[{""fold"": ""scaffold"", ""src"": ""fixed"", ""thr"": 0.5}]",3.88,bootstrap unit: scaffold
T3,wide,scaffold,all,fg_ether,F2,majority,auprc,0.5083,0.492,0.5236,0.5083,,,,5198,4222,1000,20789,fixed,"[{""fold"": ""scaffold"", ""src"": ""fixed"", ""thr"": 0.5}]",3.88,bootstrap unit: scaffold
T3,wide,scaffold,all,fg_ether,F2,majority,bal_acc,0.5,0.5,0.5,0.5,,,,5198,4222,1000,20789,fixed,"[{""fold"": ""scaffold"", ""src"": ""fixed"", ""thr"": 0.5}]",3.88,bootstrap unit: scaffold
T3,wide,scaffold,all,fg_ether,F2,lr,auroc,0.6803,0.664,0.6948,0.5,,,,5198,4222,1000,20789,inner_cv,"[{""fold"": ""scaffold"", ""C"": 0.01, ""src"": ""inner_cv"", ""thr"": 0.494}]",129.1,bootstrap unit: scaffold
T3,wide,scaffold,all,fg_ether,F2,lr,auprc,0.6684,0.6466,0.6902,0.5083,,,,5198,4222,1000,20789,inner_cv,"[{""fold"": ""scaffold"", ""C"": 0.01, ""src"": ""inner_cv"", ""thr"": 0.494}]",129.1,bootstrap unit: scaffold
T3,wide,scaffold,all,fg_ether,F2,lr,bal_acc,0.6243,0.6101,0.6379,0.5,,,,5198,4222,1000,20789,inner_cv,"[{""fold"": ""scaffold"", ""C"": 0.01, ""src"": ""inner_cv"", ""thr"": 0.494}]",129.1,bootstrap unit: scaffold
T3,wide,scaffold,all,fg_ether,F2,hgb,auroc,0.7338,0.7184,0.7483,0.5,,,,5198,4222,1000,20789,inner_cv,"[{""fold"": ""scaffold"", ""src"": ""inner_cv"", ""thr"": 0.48}]",45.72,bootstrap unit: scaffold
T3,wide,scaffold,all,fg_ether,F2,hgb,auprc,0.7294,0.7086,0.7478,0.5083,,,,5198,4222,1000,20789,inner_cv,"[{""fold"": ""scaffold"", ""src"": ""inner_cv"", ""thr"": 0.48}]",45.72,bootstrap unit: scaffold
T3,wide,scaffold,all,fg_ether,F2,hgb,bal_acc,0.67,0.6547,0.683,0.5,,,,5198,4222,1000,20789,inner_cv,"[{""fold"": ""scaffold"", ""src"": ""inner_cv"", ""thr"": 0.48}]",45.72,bootstrap unit: scaffold
T3,wide,scaffold,all,fg_ether,F2,knn,auroc,0.6712,0.6544,0.6867,0.5,,,,5198,4222,1000,20789,inner_cv,"[{""fold"": ""scaffold"", ""k"": 10, ""src"": ""inner_cv"", ""thr"": 0.405}]",116.14,bootstrap unit: scaffold
T3,wide,scaffold,all,fg_ether,F2,knn,auprc,0.6783,0.6571,0.6997,0.5083,,,,5198,4222,1000,20789,inner_cv,"[{""fold"": ""scaffold"", ""k"": 10, ""src"": ""inner_cv"", ""thr"": 0.405}]",116.14,bootstrap unit: scaffold
T3,wide,scaffold,all,fg_ether,F2,knn,bal_acc,0.6205,0.6061,0.6333,0.5,,,,5198,4222,1000,20789,inner_cv,"[{""fold"": ""scaffold"", ""k"": 10, ""src"": ""inner_cv"", ""thr"": 0.405}]",116.14,bootstrap unit: scaffold
T3,wide,scaffold,all,fg_ether,F3,majority,auroc,0.5,0.5,0.5,0.5,,,,5198,4222,1000,20789,fixed,"[{""fold"": ""scaffold"", ""src"": ""fixed"", ""thr"": 0.5}]",1.74,bootstrap unit: scaffold
T3,wide,scaffold,all,fg_ether,F3,majority,auprc,0.5083,0.492,0.5236,0.5083,,,,5198,4222,1000,20789,fixed,"[{""fold"": ""scaffold"", ""src"": ""fixed"", ""thr"": 0.5}]",1.74,bootstrap unit: scaffold
T3,wide,scaffold,all,fg_ether,F3,majority,bal_acc,0.5,0.5,0.5,0.5,,,,5198,4222,1000,20789,fixed,"[{""fold"": ""scaffold"", ""src"": ""fixed"", ""thr"": 0.5}]",1.74,bootstrap unit: scaffold
T3,wide,scaffold,all,fg_ether,F3,lr,auroc,0.6806,0.6639,0.6959,0.5,,,,5198,4222,1000,20789,inner_cv,"[{""fold"": ""scaffold"", ""C"": 0.01, ""src"": ""inner_cv"", ""thr"": 0.4983}]",142.08,bootstrap unit: scaffold
T3,wide,scaffold,all,fg_ether,F3,lr,auprc,0.6689,0.6463,0.6911,0.5083,,,,5198,4222,1000,20789,inner_cv,"[{""fold"": ""scaffold"", ""C"": 0.01, ""src"": ""inner_cv"", ""thr"": 0.4983}]",142.08,bootstrap unit: scaffold
T3,wide,scaffold,all,fg_ether,F3,lr,bal_acc,0.6237,0.6101,0.6382,0.5,,,,5198,4222,1000,20789,inner_cv,"[{""fold"": ""scaffold"", ""C"": 0.01, ""src"": ""inner_cv"", ""thr"": 0.4983}]",142.08,bootstrap unit: scaffold
T3,wide,scaffold,all,fg_ether,F3,hgb,auroc,0.7515,0.7355,0.7652,0.5,0.0099,100,0.501,5198,4222,1000,20789,inner_cv,"[{""fold"": ""scaffold"", ""src"": ""inner_cv"", ""thr"": 0.4845}]",62.42,bootstrap unit: scaffold
T3,wide,scaffold,all,fg_ether,F3,hgb,auprc,0.7539,0.7341,0.772,0.5083,,,,5198,4222,1000,20789,inner_cv,"[{""fold"": ""scaffold"", ""src"": ""inner_cv"", ""thr"": 0.4845}]",62.42,bootstrap unit: scaffold
T3,wide,scaffold,all,fg_ether,F3,hgb,bal_acc,0.6799,0.6645,0.6938,0.5,,,,5198,4222,1000,20789,inner_cv,"[{""fold"": ""scaffold"", ""src"": ""inner_cv"", ""thr"": 0.4845}]",62.42,bootstrap unit: scaffold
T3,wide,scaffold,all,fg_ether,F3,knn,auroc,0.6815,0.6647,0.696,0.5,,,,5198,4222,1000,20789,inner_cv,"[{""fold"": ""scaffold"", ""k"": 10, ""src"": ""inner_cv"", ""thr"": 0.4127}]",80.77,bootstrap unit: scaffold
T3,wide,scaffold,all,fg_ether,F3,knn,auprc,0.6903,0.6697,0.711,0.5083,,,,5198,4222,1000,20789,inner_cv,"[{""fold"": ""scaffold"", ""k"": 10, ""src"": ""inner_cv"", ""thr"": 0.4127}]",80.77,bootstrap unit: scaffold
T3,wide,scaffold,all,fg_ether,F3,knn,bal_acc,0.6249,0.6111,0.6381,0.5,,,,5198,4222,1000,20789,inner_cv,"[{""fold"": ""scaffold"", ""k"": 10, ""src"": ""inner_cv"", ""thr"": 0.4127}]",80.77,bootstrap unit: scaffold
T3,wide,scaffold,all,fg_ether,F1.sqrt,majority,auroc,0.5,0.5,0.5,0.5,,,,5198,4222,1000,20789,fixed,"[{""fold"": ""scaffold"", ""src"": ""fixed"", ""thr"": 0.5}]",1.82,bootstrap unit: scaffold
T3,wide,scaffold,all,fg_ether,F1.sqrt,majority,auprc,0.5083,0.492,0.5236,0.5083,,,,5198,4222,1000,20789,fixed,"[{""fold"": ""scaffold"", ""src"": ""fixed"", ""thr"": 0.5}]",1.82,bootstrap unit: scaffold
T3,wide,scaffold,all,fg_ether,F1.sqrt,majority,bal_acc,0.5,0.5,0.5,0.5,,,,5198,4222,1000,20789,fixed,"[{""fold"": ""scaffold"", ""src"": ""fixed"", ""thr"": 0.5}]",1.82,bootstrap unit: scaffold
T3,wide,scaffold,all,fg_ether,F1.sqrt,lr,auroc,0.7066,0.6903,0.7216,0.5,,,,5198,4222,1000,20789,inner_cv,"[{""fold"": ""scaffold"", ""C"": 0.01, ""src"": ""inner_cv"", ""thr"": 0.4695}]",5.6,bootstrap unit: scaffold
T3,wide,scaffold,all,fg_ether,F1.sqrt,lr,auprc,0.6854,0.6626,0.7072,0.5083,,,,5198,4222,1000,20789,inner_cv,"[{""fold"": ""scaffold"", ""C"": 0.01, ""src"": ""inner_cv"", ""thr"": 0.4695}]",5.6,bootstrap unit: scaffold
T3,wide,scaffold,all,fg_ether,F1.sqrt,lr,bal_acc,0.6578,0.6433,0.6713,0.5,,,,5198,4222,1000,20789,inner_cv,"[{""fold"": ""scaffold"", ""C"": 0.01, ""src"": ""inner_cv"", ""thr"": 0.4695}]",5.6,bootstrap unit: scaffold
T3,wide,scaffold,all,fg_ether,F1.sqrt,hgb,auroc,0.7256,0.7111,0.7401,0.5,,,,5198,4222,1000,20789,inner_cv,"[{""fold"": ""scaffold"", ""src"": ""inner_cv"", ""thr"": 0.503}]",6.87,bootstrap unit: scaffold
T3,wide,scaffold,all,fg_ether,F1.sqrt,hgb,auprc,0.7099,0.6891,0.7301,0.5083,,,,5198,4222,1000,20789,inner_cv,"[{""fold"": ""scaffold"", ""src"": ""inner_cv"", ""thr"": 0.503}]",6.87,bootstrap unit: scaffold
T3,wide,scaffold,all,fg_ether,F1.sqrt,hgb,bal_acc,0.6657,0.6521,0.6786,0.5,,,,5198,4222,1000,20789,inner_cv,"[{""fold"": ""scaffold"", ""src"": ""inner_cv"", ""thr"": 0.503}]",6.87,bootstrap unit: scaffold
T3,wide,scaffold,all,fg_ether,F1.sqrt,knn,auroc,0.6447,0.6278,0.6601,0.5,,,,5198,4222,1000,20789,inner_cv,"[{""fold"": ""scaffold"", ""k"": 10, ""src"": ""inner_cv"", ""thr"": 0.4062}]",44.87,bootstrap unit: scaffold
T3,wide,scaffold,all,fg_ether,F1.sqrt,knn,auprc,0.6334,0.6114,0.6553,0.5083,,,,5198,4222,1000,20789,inner_cv,"[{""fold"": ""scaffold"", ""k"": 10, ""src"": ""inner_cv"", ""thr"": 0.4062}]",44.87,bootstrap unit: scaffold
T3,wide,scaffold,all,fg_ether,F1.sqrt,knn,bal_acc,0.6031,0.5903,0.6155,0.5,,,,5198,4222,1000,20789,inner_cv,"[{""fold"": ""scaffold"", ""k"": 10, ""src"": ""inner_cv"", ""thr"": 0.4062}]",44.87,bootstrap unit: scaffold
T3,wide,scaffold,all,fg_ether,F2.lt1700,majority,auroc,0.5,0.5,0.5,0.5,,,,5198,4222,1000,20789,fixed,"[{""fold"": ""scaffold"", ""src"": ""fixed"", ""thr"": 0.5}]",1.42,bootstrap unit: scaffold
T3,wide,scaffold,all,fg_ether,F2.lt1700,majority,auprc,0.5083,0.492,0.5236,0.5083,,,,5198,4222,1000,20789,fixed,"[{""fold"": ""scaffold"", ""src"": ""fixed"", ""thr"": 0.5}]",1.42,bootstrap unit: scaffold
T3,wide,scaffold,all,fg_ether,F2.lt1700,majority,bal_acc,0.5,0.5,0.5,0.5,,,,5198,4222,1000,20789,fixed,"[{""fold"": ""scaffold"", ""src"": ""fixed"", ""thr"": 0.5}]",1.42,bootstrap unit: scaffold
T3,wide,scaffold,all,fg_ether,F2.lt1700,lr,auroc,0.6707,0.6544,0.6851,0.5,,,,5198,4222,1000,20789,inner_cv,"[{""fold"": ""scaffold"", ""C"": 0.01, ""src"": ""inner_cv"", ""thr"": 0.4884}]",89.81,bootstrap unit: scaffold
T3,wide,scaffold,all,fg_ether,F2.lt1700,lr,auprc,0.6586,0.6371,0.6805,0.5083,,,,5198,4222,1000,20789,inner_cv,"[{""fold"": ""scaffold"", ""C"": 0.01, ""src"": ""inner_cv"", ""thr"": 0.4884}]",89.81,bootstrap unit: scaffold
T3,wide,scaffold,all,fg_ether,F2.lt1700,lr,bal_acc,0.6181,0.6044,0.6326,0.5,,,,5198,4222,1000,20789,inner_cv,"[{""fold"": ""scaffold"", ""C"": 0.01, ""src"": ""inner_cv"", ""thr"": 0.4884}]",89.81,bootstrap unit: scaffold
T3,wide,scaffold,all,fg_ether,F2.lt1700,hgb,auroc,0.7216,0.7058,0.7356,0.5,,,,5198,4222,1000,20789,inner_cv,"[{""fold"": ""scaffold"", ""src"": ""inner_cv"", ""thr"": 0.4946}]",42.83,bootstrap unit: scaffold
T3,wide,scaffold,all,fg_ether,F2.lt1700,hgb,auprc,0.7185,0.698,0.7374,0.5083,,,,5198,4222,1000,20789,inner_cv,"[{""fold"": ""scaffold"", ""src"": ""inner_cv"", ""thr"": 0.4946}]",42.83,bootstrap unit: scaffold
T3,wide,scaffold,all,fg_ether,F2.lt1700,hgb,bal_acc,0.6546,0.6397,0.6678,0.5,,,,5198,4222,1000,20789,inner_cv,"[{""fold"": ""scaffold"", ""src"": ""inner_cv"", ""thr"": 0.4946}]",42.83,bootstrap unit: scaffold
T3,wide,scaffold,all,fg_ether,F2.lt1700,knn,auroc,0.6696,0.6534,0.685,0.5,,,,5198,4222,1000,20789,inner_cv,"[{""fold"": ""scaffold"", ""k"": 10, ""src"": ""inner_cv"", ""thr"": 0.4071}]",77.95,bootstrap unit: scaffold
T3,wide,scaffold,all,fg_ether,F2.lt1700,knn,auprc,0.679,0.6583,0.6995,0.5083,,,,5198,4222,1000,20789,inner_cv,"[{""fold"": ""scaffold"", ""k"": 10, ""src"": ""inner_cv"", ""thr"": 0.4071}]",77.95,bootstrap unit: scaffold
T3,wide,scaffold,all,fg_ether,F2.lt1700,knn,bal_acc,0.6198,0.6057,0.6328,0.5,,,,5198,4222,1000,20789,inner_cv,"[{""fold"": ""scaffold"", ""k"": 10, ""src"": ""inner_cv"", ""thr"": 0.4071}]",77.95,bootstrap unit: scaffold
T3,wide,scaffold,all,fg_ether,F3.lt1700,majority,auroc,0.5,0.5,0.5,0.5,,,,5198,4222,1000,20789,fixed,"[{""fold"": ""scaffold"", ""src"": ""fixed"", ""thr"": 0.5}]",1.64,bootstrap unit: scaffold
T3,wide,scaffold,all,fg_ether,F3.lt1700,majority,auprc,0.5083,0.492,0.5236,0.5083,,,,5198,4222,1000,20789,fixed,"[{""fold"": ""scaffold"", ""src"": ""fixed"", ""thr"": 0.5}]",1.64,bootstrap unit: scaffold
T3,wide,scaffold,all,fg_ether,F3.lt1700,majority,bal_acc,0.5,0.5,0.5,0.5,,,,5198,4222,1000,20789,fixed,"[{""fold"": ""scaffold"", ""src"": ""fixed"", ""thr"": 0.5}]",1.64,bootstrap unit: scaffold
T3,wide,scaffold,all,fg_ether,F3.lt1700,lr,auroc,0.6724,0.6559,0.6872,0.5,,,,5198,4222,1000,20789,inner_cv,"[{""fold"": ""scaffold"", ""C"": 0.01, ""src"": ""inner_cv"", ""thr"": 0.5031}]",131.93,bootstrap unit: scaffold
T3,wide,scaffold,all,fg_ether,F3.lt1700,lr,auprc,0.66,0.6382,0.6827,0.5083,,,,5198,4222,1000,20789,inner_cv,"[{""fold"": ""scaffold"", ""C"": 0.01, ""src"": ""inner_cv"", ""thr"": 0.5031}]",131.93,bootstrap unit: scaffold
T3,wide,scaffold,all,fg_ether,F3.lt1700,lr,bal_acc,0.6213,0.6067,0.6355,0.5,,,,5198,4222,1000,20789,inner_cv,"[{""fold"": ""scaffold"", ""C"": 0.01, ""src"": ""inner_cv"", ""thr"": 0.5031}]",131.93,bootstrap unit: scaffold
T3,wide,scaffold,all,fg_ether,F3.lt1700,hgb,auroc,0.743,0.7267,0.7571,0.5,,,,5198,4222,1000,20789,inner_cv,"[{""fold"": ""scaffold"", ""src"": ""inner_cv"", ""thr"": 0.5121}]",34.21,bootstrap unit: scaffold
T3,wide,scaffold,all,fg_ether,F3.lt1700,hgb,auprc,0.7445,0.7241,0.7619,0.5083,,,,5198,4222,1000,20789,inner_cv,"[{""fold"": ""scaffold"", ""src"": ""inner_cv"", ""thr"": 0.5121}]",34.21,bootstrap unit: scaffold
T3,wide,scaffold,all,fg_ether,F3.lt1700,hgb,bal_acc,0.6673,0.6523,0.6804,0.5,,,,5198,4222,1000,20789,inner_cv,"[{""fold"": ""scaffold"", ""src"": ""inner_cv"", ""thr"": 0.5121}]",34.21,bootstrap unit: scaffold
T3,wide,scaffold,all,fg_ether,F3.lt1700,knn,auroc,0.6772,0.6607,0.692,0.5,,,,5198,4222,1000,20789,inner_cv,"[{""fold"": ""scaffold"", ""k"": 10, ""src"": ""inner_cv"", ""thr"": 0.41}]",76.93,bootstrap unit: scaffold
T3,wide,scaffold,all,fg_ether,F3.lt1700,knn,auprc,0.6885,0.6676,0.7098,0.5083,,,,5198,4222,1000,20789,inner_cv,"[{""fold"": ""scaffold"", ""k"": 10, ""src"": ""inner_cv"", ""thr"": 0.41}]",76.93,bootstrap unit: scaffold
T3,wide,scaffold,all,fg_ether,F3.lt1700,knn,bal_acc,0.6243,0.6101,0.6372,0.5,,,,5198,4222,1000,20789,inner_cv,"[{""fold"": ""scaffold"", ""k"": 10, ""src"": ""inner_cv"", ""thr"": 0.41}]",76.93,bootstrap unit: scaffold
T3,wide,scaffold,all,fg_nitrile,F1,majority,auroc,0.5,0.5,0.5,0.5,,,,5198,4222,1000,20789,fixed,"[{""fold"": ""scaffold"", ""src"": ""fixed"", ""thr"": 0.5}]",1.13,bootstrap unit: scaffold
T3,wide,scaffold,all,fg_nitrile,F1,majority,auprc,0.0123,0.009,0.0163,0.0123,,,,5198,4222,1000,20789,fixed,"[{""fold"": ""scaffold"", ""src"": ""fixed"", ""thr"": 0.5}]",1.13,bootstrap unit: scaffold
T3,wide,scaffold,all,fg_nitrile,F1,majority,bal_acc,0.5,0.5,0.5,0.5,,,,5198,4222,1000,20789,fixed,"[{""fold"": ""scaffold"", ""src"": ""fixed"", ""thr"": 0.5}]",1.13,bootstrap unit: scaffold
T3,wide,scaffold,all,fg_nitrile,F1,lr,auroc,0.7954,0.7322,0.8512,0.5,0.0099,100,0.5011,5198,4222,1000,20789,inner_cv,"[{""fold"": ""scaffold"", ""C"": 10.0, ""src"": ""inner_cv"", ""thr"": 0.524}]",3.8,bootstrap unit: scaffold
T3,wide,scaffold,all,fg_nitrile,F1,lr,auprc,0.0654,0.0389,0.1284,0.0123,,,,5198,4222,1000,20789,inner_cv,"[{""fold"": ""scaffold"", ""C"": 10.0, ""src"": ""inner_cv"", ""thr"": 0.524}]",3.8,bootstrap unit: scaffold
T3,wide,scaffold,all,fg_nitrile,F1,lr,bal_acc,0.7245,0.6701,0.7733,0.5,,,,5198,4222,1000,20789,inner_cv,"[{""fold"": ""scaffold"", ""C"": 10.0, ""src"": ""inner_cv"", ""thr"": 0.524}]",3.8,bootstrap unit: scaffold
T3,wide,scaffold,all,fg_nitrile,F1,hgb,auroc,0.7554,0.6887,0.814,0.5,,,,5198,4222,1000,20789,inner_cv,"[{""fold"": ""scaffold"", ""src"": ""inner_cv"", ""thr"": 0.4468}]",7.07,bootstrap unit: scaffold
T3,wide,scaffold,all,fg_nitrile,F1,hgb,auprc,0.0665,0.0343,0.1315,0.0123,,,,5198,4222,1000,20789,inner_cv,"[{""fold"": ""scaffold"", ""src"": ""inner_cv"", ""thr"": 0.4468}]",7.07,bootstrap unit: scaffold
T3,wide,scaffold,all,fg_nitrile,F1,hgb,bal_acc,0.6814,0.6286,0.725,0.5,,,,5198,4222,1000,20789,inner_cv,"[{""fold"": ""scaffold"", ""src"": ""inner_cv"", ""thr"": 0.4468}]",7.07,bootstrap unit: scaffold
T3,wide,scaffold,all,fg_nitrile,F1,knn,auroc,0.647,0.5775,0.7166,0.5,,,,5198,4222,1000,20789,inner_cv,"[{""fold"": ""scaffold"", ""k"": 10, ""src"": ""inner_cv"", ""thr"": 0.1775}]",27.86,bootstrap unit: scaffold
T3,wide,scaffold,all,fg_nitrile,F1,knn,auprc,0.0278,0.0166,0.0499,0.0123,,,,5198,4222,1000,20789,inner_cv,"[{""fold"": ""scaffold"", ""k"": 10, ""src"": ""inner_cv"", ""thr"": 0.1775}]",27.86,bootstrap unit: scaffold
T3,wide,scaffold,all,fg_nitrile,F1,knn,bal_acc,0.6317,0.5784,0.6809,0.5,,,,5198,4222,1000,20789,inner_cv,"[{""fold"": ""scaffold"", ""k"": 10, ""src"": ""inner_cv"", ""thr"": 0.1775}]",27.86,bootstrap unit: scaffold
T3,wide,scaffold,all,fg_nitrile,F1pos,majority,auroc,0.5,0.5,0.5,0.5,,,,5198,4222,1000,20789,fixed,"[{""fold"": ""scaffold"", ""src"": ""fixed"", ""thr"": 0.5}]",5.13,bootstrap unit: scaffold
T3,wide,scaffold,all,fg_nitrile,F1pos,majority,auprc,0.0123,0.009,0.0163,0.0123,,,,5198,4222,1000,20789,fixed,"[{""fold"": ""scaffold"", ""src"": ""fixed"", ""thr"": 0.5}]",5.13,bootstrap unit: scaffold
T3,wide,scaffold,all,fg_nitrile,F1pos,majority,bal_acc,0.5,0.5,0.5,0.5,,,,5198,4222,1000,20789,fixed,"[{""fold"": ""scaffold"", ""src"": ""fixed"", ""thr"": 0.5}]",5.13,bootstrap unit: scaffold
T3,wide,scaffold,all,fg_nitrile,F1pos,lr,auroc,0.7466,0.6887,0.7959,0.5,,,,5198,4222,1000,20789,inner_cv,"[{""fold"": ""scaffold"", ""C"": 10.0, ""src"": ""inner_cv"", ""thr"": 0.4855}]",6.65,bootstrap unit: scaffold
T3,wide,scaffold,all,fg_nitrile,F1pos,lr,auprc,0.029,0.0198,0.0438,0.0123,,,,5198,4222,1000,20789,inner_cv,"[{""fold"": ""scaffold"", ""C"": 10.0, ""src"": ""inner_cv"", ""thr"": 0.4855}]",6.65,bootstrap unit: scaffold
T3,wide,scaffold,all,fg_nitrile,F1pos,lr,bal_acc,0.715,0.6627,0.7662,0.5,,,,5198,4222,1000,20789,inner_cv,"[{""fold"": ""scaffold"", ""C"": 10.0, ""src"": ""inner_cv"", ""thr"": 0.4855}]",6.65,bootstrap unit: scaffold
T3,wide,scaffold,all,fg_nitrile,F1pos,hgb,auroc,0.71,0.6349,0.7704,0.5,,,,5198,4222,1000,20789,inner_cv,"[{""fold"": ""scaffold"", ""src"": ""inner_cv"", ""thr"": 0.4918}]",8.48,bootstrap unit: scaffold
T3,wide,scaffold,all,fg_nitrile,F1pos,hgb,auprc,0.0268,0.0181,0.0399,0.0123,,,,5198,4222,1000,20789,inner_cv,"[{""fold"": ""scaffold"", ""src"": ""inner_cv"", ""thr"": 0.4918}]",8.48,bootstrap unit: scaffold
T3,wide,scaffold,all,fg_nitrile,F1pos,hgb,bal_acc,0.6703,0.5981,0.7284,0.5,,,,5198,4222,1000,20789,inner_cv,"[{""fold"": ""scaffold"", ""src"": ""inner_cv"", ""thr"": 0.4918}]",8.48,bootstrap unit: scaffold
T3,wide,scaffold,all,fg_nitrile,F1pos,knn,auroc,0.5238,0.4505,0.6053,0.5,,,,5198,4222,1000,20789,inner_cv,"[{""fold"": ""scaffold"", ""k"": 10, ""src"": ""inner_cv"", ""thr"": 0.1016}]",38.36,bootstrap unit: scaffold
T3,wide,scaffold,all,fg_nitrile,F1pos,knn,auprc,0.0139,0.01,0.0212,0.0123,,,,5198,4222,1000,20789,inner_cv,"[{""fold"": ""scaffold"", ""k"": 10, ""src"": ""inner_cv"", ""thr"": 0.1016}]",38.36,bootstrap unit: scaffold
T3,wide,scaffold,all,fg_nitrile,F1pos,knn,bal_acc,0.5109,0.4506,0.5794,0.5,,,,5198,4222,1000,20789,inner_cv,"[{""fold"": ""scaffold"", ""k"": 10, ""src"": ""inner_cv"", ""thr"": 0.1016}]",38.36,bootstrap unit: scaffold
T3,wide,scaffold,all,fg_nitrile,F2,majority,auroc,0.5,0.5,0.5,0.5,,,,5198,4222,1000,20789,fixed,"[{""fold"": ""scaffold"", ""src"": ""fixed"", ""thr"": 0.5}]",2.06,bootstrap unit: scaffold
T3,wide,scaffold,all,fg_nitrile,F2,majority,auprc,0.0123,0.009,0.0163,0.0123,,,,5198,4222,1000,20789,fixed,"[{""fold"": ""scaffold"", ""src"": ""fixed"", ""thr"": 0.5}]",2.06,bootstrap unit: scaffold
T3,wide,scaffold,all,fg_nitrile,F2,majority,bal_acc,0.5,0.5,0.5,0.5,,,,5198,4222,1000,20789,fixed,"[{""fold"": ""scaffold"", ""src"": ""fixed"", ""thr"": 0.5}]",2.06,bootstrap unit: scaffold
T3,wide,scaffold,all,fg_nitrile,F2,lr,auroc,0.7733,0.7075,0.8365,0.5,,,,5198,4222,1000,20789,inner_cv,"[{""fold"": ""scaffold"", ""C"": 0.01, ""src"": ""inner_cv"", ""thr"": 0.5162}]",161.3,bootstrap unit: scaffold
T3,wide,scaffold,all,fg_nitrile,F2,lr,auprc,0.0567,0.0333,0.1068,0.0123,,,,5198,4222,1000,20789,inner_cv,"[{""fold"": ""scaffold"", ""C"": 0.01, ""src"": ""inner_cv"", ""thr"": 0.5162}]",161.3,bootstrap unit: scaffold
T3,wide,scaffold,all,fg_nitrile,F2,lr,bal_acc,0.7031,0.6449,0.7575,0.5,,,,5198,4222,1000,20789,inner_cv,"[{""fold"": ""scaffold"", ""C"": 0.01, ""src"": ""inner_cv"", ""thr"": 0.5162}]",161.3,bootstrap unit: scaffold
T3,wide,scaffold,all,fg_nitrile,F2,hgb,auroc,0.8168,0.7712,0.8595,0.5,,,,5198,4222,1000,20789,inner_cv,"[{""fold"": ""scaffold"", ""src"": ""inner_cv"", ""thr"": 0.4112}]",90.74,bootstrap unit: scaffold
T3,wide,scaffold,all,fg_nitrile,F2,hgb,auprc,0.047,0.0311,0.0743,0.0123,,,,5198,4222,1000,20789,inner_cv,"[{""fold"": ""scaffold"", ""src"": ""inner_cv"", ""thr"": 0.4112}]",90.74,bootstrap unit: scaffold
T3,wide,scaffold,all,fg_nitrile,F2,hgb,bal_acc,0.7524,0.7149,0.7842,0.5,,,,5198,4222,1000,20789,inner_cv,"[{""fold"": ""scaffold"", ""src"": ""inner_cv"", ""thr"": 0.4112}]",90.74,bootstrap unit: scaffold
T3,wide,scaffold,all,fg_nitrile,F2,knn,auroc,0.664,0.5883,0.737,0.5,,,,5198,4222,1000,20789,inner_cv,"[{""fold"": ""scaffold"", ""k"": 10, ""src"": ""inner_cv"", ""thr"": 0.1073}]",85.31,bootstrap unit: scaffold
T3,wide,scaffold,all,fg_nitrile,F2,knn,auprc,0.0321,0.019,0.0577,0.0123,,,,5198,4222,1000,20789,inner_cv,"[{""fold"": ""scaffold"", ""k"": 10, ""src"": ""inner_cv"", ""thr"": 0.1073}]",85.31,bootstrap unit: scaffold
T3,wide,scaffold,all,fg_nitrile,F2,knn,bal_acc,0.6257,0.5589,0.6856,0.5,,,,5198,4222,1000,20789,inner_cv,"[{""fold"": ""scaffold"", ""k"": 10, ""src"": ""inner_cv"", ""thr"": 0.1073}]",85.31,bootstrap unit: scaffold
T3,wide,scaffold,all,fg_nitrile,F3,majority,auroc,0.5,0.5,0.5,0.5,,,,5198,4222,1000,20789,fixed,"[{""fold"": ""scaffold"", ""src"": ""fixed"", ""thr"": 0.5}]",1.84,bootstrap unit: scaffold
T3,wide,scaffold,all,fg_nitrile,F3,majority,auprc,0.0123,0.009,0.0163,0.0123,,,,5198,4222,1000,20789,fixed,"[{""fold"": ""scaffold"", ""src"": ""fixed"", ""thr"": 0.5}]",1.84,bootstrap unit: scaffold
T3,wide,scaffold,all,fg_nitrile,F3,majority,bal_acc,0.5,0.5,0.5,0.5,,,,5198,4222,1000,20789,fixed,"[{""fold"": ""scaffold"", ""src"": ""fixed"", ""thr"": 0.5}]",1.84,bootstrap unit: scaffold
T3,wide,scaffold,all,fg_nitrile,F3,lr,auroc,0.7911,0.7267,0.8487,0.5,,,,5198,4222,1000,20789,inner_cv,"[{""fold"": ""scaffold"", ""C"": 0.01, ""src"": ""inner_cv"", ""thr"": 0.5162}]",107.03,bootstrap unit: scaffold
T3,wide,scaffold,all,fg_nitrile,F3,lr,auprc,0.0756,0.0393,0.1388,0.0123,,,,5198,4222,1000,20789,inner_cv,"[{""fold"": ""scaffold"", ""C"": 0.01, ""src"": ""inner_cv"", ""thr"": 0.5162}]",107.03,bootstrap unit: scaffold
T3,wide,scaffold,all,fg_nitrile,F3,lr,bal_acc,0.7464,0.6972,0.789,0.5,,,,5198,4222,1000,20789,inner_cv,"[{""fold"": ""scaffold"", ""C"": 0.01, ""src"": ""inner_cv"", ""thr"": 0.5162}]",107.03,bootstrap unit: scaffold
T3,wide,scaffold,all,fg_nitrile,F3,hgb,auroc,0.93,0.8947,0.962,0.5,0.0099,100,0.4999,5198,4222,1000,20789,inner_cv,"[{""fold"": ""scaffold"", ""src"": ""inner_cv"", ""thr"": 0.386}]",49.76,bootstrap unit: scaffold
T3,wide,scaffold,all,fg_nitrile,F3,hgb,auprc,0.2548,0.1743,0.3729,0.0123,,,,5198,4222,1000,20789,inner_cv,"[{""fold"": ""scaffold"", ""src"": ""inner_cv"", ""thr"": 0.386}]",49.76,bootstrap unit: scaffold
T3,wide,scaffold,all,fg_nitrile,F3,hgb,bal_acc,0.8044,0.7682,0.8361,0.5,,,,5198,4222,1000,20789,inner_cv,"[{""fold"": ""scaffold"", ""src"": ""inner_cv"", ""thr"": 0.386}]",49.76,bootstrap unit: scaffold
T3,wide,scaffold,all,fg_nitrile,F3,knn,auroc,0.6529,0.5773,0.7277,0.5,,,,5198,4222,1000,20789,inner_cv,"[{""fold"": ""scaffold"", ""k"": 10, ""src"": ""inner_cv"", ""thr"": 0.1011}]",99.78,bootstrap unit: scaffold
T3,wide,scaffold,all,fg_nitrile,F3,knn,auprc,0.0348,0.0202,0.0702,0.0123,,,,5198,4222,1000,20789,inner_cv,"[{""fold"": ""scaffold"", ""k"": 10, ""src"": ""inner_cv"", ""thr"": 0.1011}]",99.78,bootstrap unit: scaffold
T3,wide,scaffold,all,fg_nitrile,F3,knn,bal_acc,0.5921,0.5233,0.6573,0.5,,,,5198,4222,1000,20789,inner_cv,"[{""fold"": ""scaffold"", ""k"": 10, ""src"": ""inner_cv"", ""thr"": 0.1011}]",99.78,bootstrap unit: scaffold
T3,wide,scaffold,all,fg_nitrile,F1.sqrt,majority,auroc,0.5,0.5,0.5,0.5,,,,5198,4222,1000,20789,fixed,"[{""fold"": ""scaffold"", ""src"": ""fixed"", ""thr"": 0.5}]",1.74,bootstrap unit: scaffold
T3,wide,scaffold,all,fg_nitrile,F1.sqrt,majority,auprc,0.0123,0.009,0.0163,0.0123,,,,5198,4222,1000,20789,fixed,"[{""fold"": ""scaffold"", ""src"": ""fixed"", ""thr"": 0.5}]",1.74,bootstrap unit: scaffold
T3,wide,scaffold,all,fg_nitrile,F1.sqrt,majority,bal_acc,0.5,0.5,0.5,0.5,,,,5198,4222,1000,20789,fixed,"[{""fold"": ""scaffold"", ""src"": ""fixed"", ""thr"": 0.5}]",1.74,bootstrap unit: scaffold
T3,wide,scaffold,all,fg_nitrile,F1.sqrt,lr,auroc,0.7664,0.6933,0.827,0.5,,,,5198,4222,1000,20789,inner_cv,"[{""fold"": ""scaffold"", ""C"": 10.0, ""src"": ""inner_cv"", ""thr"": 0.4673}]",4.28,bootstrap unit: scaffold
T3,wide,scaffold,all,fg_nitrile,F1.sqrt,lr,auprc,0.0493,0.0308,0.0953,0.0123,,,,5198,4222,1000,20789,inner_cv,"[{""fold"": ""scaffold"", ""C"": 10.0, ""src"": ""inner_cv"", ""thr"": 0.4673}]",4.28,bootstrap unit: scaffold
T3,wide,scaffold,all,fg_nitrile,F1.sqrt,lr,bal_acc,0.6901,0.6208,0.7457,0.5,,,,5198,4222,1000,20789,inner_cv,"[{""fold"": ""scaffold"", ""C"": 10.0, ""src"": ""inner_cv"", ""thr"": 0.4673}]",4.28,bootstrap unit: scaffold
T3,wide,scaffold,all,fg_nitrile,F1.sqrt,hgb,auroc,0.7555,0.6887,0.814,0.5,,,,5198,4222,1000,20789,inner_cv,"[{""fold"": ""scaffold"", ""src"": ""inner_cv"", ""thr"": 0.4468}]",6.71,bootstrap unit: scaffold
T3,wide,scaffold,all,fg_nitrile,F1.sqrt,hgb,auprc,0.0665,0.0343,0.1315,0.0123,,,,5198,4222,1000,20789,inner_cv,"[{""fold"": ""scaffold"", ""src"": ""inner_cv"", ""thr"": 0.4468}]",6.71,bootstrap unit: scaffold
T3,wide,scaffold,all,fg_nitrile,F1.sqrt,hgb,bal_acc,0.6814,0.6286,0.725,0.5,,,,5198,4222,1000,20789,inner_cv,"[{""fold"": ""scaffold"", ""src"": ""inner_cv"", ""thr"": 0.4468}]",6.71,bootstrap unit: scaffold
T3,wide,scaffold,all,fg_nitrile,F1.sqrt,knn,auroc,0.5946,0.5231,0.6688,0.5,,,,5198,4222,1000,20789,inner_cv,"[{""fold"": ""scaffold"", ""k"": 10, ""src"": ""inner_cv"", ""thr"": 0.1899}]",32.18,bootstrap unit: scaffold
T3,wide,scaffold,all,fg_nitrile,F1.sqrt,knn,auprc,0.0227,0.0133,0.052,0.0123,,,,5198,4222,1000,20789,inner_cv,"[{""fold"": ""scaffold"", ""k"": 10, ""src"": ""inner_cv"", ""thr"": 0.1899}]",32.18,bootstrap unit: scaffold
T3,wide,scaffold,all,fg_nitrile,F1.sqrt,knn,bal_acc,0.5589,0.4946,0.625,0.5,,,,5198,4222,1000,20789,inner_cv,"[{""fold"": ""scaffold"", ""k"": 10, ""src"": ""inner_cv"", ""thr"": 0.1899}]",32.18,bootstrap unit: scaffold
T3,wide,scaffold,all,fg_nitrile,F2.lt1700,majority,auroc,0.5,0.5,0.5,0.5,,,,5198,4222,1000,20789,fixed,"[{""fold"": ""scaffold"", ""src"": ""fixed"", ""thr"": 0.5}]",2.13,bootstrap unit: scaffold
T3,wide,scaffold,all,fg_nitrile,F2.lt1700,majority,auprc,0.0123,0.009,0.0163,0.0123,,,,5198,4222,1000,20789,fixed,"[{""fold"": ""scaffold"", ""src"": ""fixed"", ""thr"": 0.5}]",2.13,bootstrap unit: scaffold
T3,wide,scaffold,all,fg_nitrile,F2.lt1700,majority,bal_acc,0.5,0.5,0.5,0.5,,,,5198,4222,1000,20789,fixed,"[{""fold"": ""scaffold"", ""src"": ""fixed"", ""thr"": 0.5}]",2.13,bootstrap unit: scaffold
T3,wide,scaffold,all,fg_nitrile,F2.lt1700,lr,auroc,0.75,0.6811,0.815,0.5,,,,5198,4222,1000,20789,inner_cv,"[{""fold"": ""scaffold"", ""C"": 0.01, ""src"": ""inner_cv"", ""thr"": 0.4791}]",121.23,bootstrap unit: scaffold
T3,wide,scaffold,all,fg_nitrile,F2.lt1700,lr,auprc,0.0516,0.0301,0.096,0.0123,,,,5198,4222,1000,20789,inner_cv,"[{""fold"": ""scaffold"", ""C"": 0.01, ""src"": ""inner_cv"", ""thr"": 0.4791}]",121.23,bootstrap unit: scaffold
T3,wide,scaffold,all,fg_nitrile,F2.lt1700,lr,bal_acc,0.6689,0.6145,0.7193,0.5,,,,5198,4222,1000,20789,inner_cv,"[{""fold"": ""scaffold"", ""C"": 0.01, ""src"": ""inner_cv"", ""thr"": 0.4791}]",121.23,bootstrap unit: scaffold
T3,wide,scaffold,all,fg_nitrile,F2.lt1700,hgb,auroc,0.812,0.7618,0.8606,0.5,,,,5198,4222,1000,20789,inner_cv,"[{""fold"": ""scaffold"", ""src"": ""inner_cv"", ""thr"": 0.4107}]",53.8,bootstrap unit: scaffold
T3,wide,scaffold,all,fg_nitrile,F2.lt1700,hgb,auprc,0.0595,0.0371,0.1176,0.0123,,,,5198,4222,1000,20789,inner_cv,"[{""fold"": ""scaffold"", ""src"": ""inner_cv"", ""thr"": 0.4107}]",53.8,bootstrap unit: scaffold
T3,wide,scaffold,all,fg_nitrile,F2.lt1700,hgb,bal_acc,0.7251,0.683,0.7614,0.5,,,,5198,4222,1000,20789,inner_cv,"[{""fold"": ""scaffold"", ""src"": ""inner_cv"", ""thr"": 0.4107}]",53.8,bootstrap unit: scaffold
T3,wide,scaffold,all,fg_nitrile,F2.lt1700,knn,auroc,0.6635,0.5889,0.7292,0.5,,,,5198,4222,1000,20789,inner_cv,"[{""fold"": ""scaffold"", ""k"": 10, ""src"": ""inner_cv"", ""thr"": 0.1067}]",75.79,bootstrap unit: scaffold
T3,wide,scaffold,all,fg_nitrile,F2.lt1700,knn,auprc,0.0304,0.0183,0.0568,0.0123,,,,5198,4222,1000,20789,inner_cv,"[{""fold"": ""scaffold"", ""k"": 10, ""src"": ""inner_cv"", ""thr"": 0.1067}]",75.79,bootstrap unit: scaffold
T3,wide,scaffold,all,fg_nitrile,F2.lt1700,knn,bal_acc,0.623,0.5576,0.6855,0.5,,,,5198,4222,1000,20789,inner_cv,"[{""fold"": ""scaffold"", ""k"": 10, ""src"": ""inner_cv"", ""thr"": 0.1067}]",75.79,bootstrap unit: scaffold
T3,wide,scaffold,all,fg_nitrile,F3.lt1700,majority,auroc,0.5,0.5,0.5,0.5,,,,5198,4222,1000,20789,fixed,"[{""fold"": ""scaffold"", ""src"": ""fixed"", ""thr"": 0.5}]",2.05,bootstrap unit: scaffold
T3,wide,scaffold,all,fg_nitrile,F3.lt1700,majority,auprc,0.0123,0.009,0.0163,0.0123,,,,5198,4222,1000,20789,fixed,"[{""fold"": ""scaffold"", ""src"": ""fixed"", ""thr"": 0.5}]",2.05,bootstrap unit: scaffold
T3,wide,scaffold,all,fg_nitrile,F3.lt1700,majority,bal_acc,0.5,0.5,0.5,0.5,,,,5198,4222,1000,20789,fixed,"[{""fold"": ""scaffold"", ""src"": ""fixed"", ""thr"": 0.5}]",2.05,bootstrap unit: scaffold
T3,wide,scaffold,all,fg_nitrile,F3.lt1700,lr,auroc,0.7656,0.6974,0.8249,0.5,,,,5198,4222,1000,20789,inner_cv,"[{""fold"": ""scaffold"", ""C"": 0.01, ""src"": ""inner_cv"", ""thr"": 0.507}]",71.47,bootstrap unit: scaffold
T3,wide,scaffold,all,fg_nitrile,F3.lt1700,lr,auprc,0.0736,0.0355,0.1417,0.0123,,,,5198,4222,1000,20789,inner_cv,"[{""fold"": ""scaffold"", ""C"": 0.01, ""src"": ""inner_cv"", ""thr"": 0.507}]",71.47,bootstrap unit: scaffold
T3,wide,scaffold,all,fg_nitrile,F3.lt1700,lr,bal_acc,0.6991,0.6473,0.7456,0.5,,,,5198,4222,1000,20789,inner_cv,"[{""fold"": ""scaffold"", ""C"": 0.01, ""src"": ""inner_cv"", ""thr"": 0.507}]",71.47,bootstrap unit: scaffold
T3,wide,scaffold,all,fg_nitrile,F3.lt1700,hgb,auroc,0.8576,0.8096,0.8991,0.5,,,,5198,4222,1000,20789,inner_cv,"[{""fold"": ""scaffold"", ""src"": ""inner_cv"", ""thr"": 0.381}]",47.72,bootstrap unit: scaffold
T3,wide,scaffold,all,fg_nitrile,F3.lt1700,hgb,auprc,0.098,0.061,0.1628,0.0123,,,,5198,4222,1000,20789,inner_cv,"[{""fold"": ""scaffold"", ""src"": ""inner_cv"", ""thr"": 0.381}]",47.72,bootstrap unit: scaffold
T3,wide,scaffold,all,fg_nitrile,F3.lt1700,hgb,bal_acc,0.7288,0.6897,0.7645,0.5,,,,5198,4222,1000,20789,inner_cv,"[{""fold"": ""scaffold"", ""src"": ""inner_cv"", ""thr"": 0.381}]",47.72,bootstrap unit: scaffold
T3,wide,scaffold,all,fg_nitrile,F3.lt1700,knn,auroc,0.6491,0.5703,0.7234,0.5,,,,5198,4222,1000,20789,inner_cv,"[{""fold"": ""scaffold"", ""k"": 10, ""src"": ""inner_cv"", ""thr"": 0.112}]",81.33,bootstrap unit: scaffold
T3,wide,scaffold,all,fg_nitrile,F3.lt1700,knn,auprc,0.0314,0.0173,0.07,0.0123,,,,5198,4222,1000,20789,inner_cv,"[{""fold"": ""scaffold"", ""k"": 10, ""src"": ""inner_cv"", ""thr"": 0.112}]",81.33,bootstrap unit: scaffold
T3,wide,scaffold,all,fg_nitrile,F3.lt1700,knn,bal_acc,0.5826,0.5114,0.6491,0.5,,,,5198,4222,1000,20789,inner_cv,"[{""fold"": ""scaffold"", ""k"": 10, ""src"": ""inner_cv"", ""thr"": 0.112}]",81.33,bootstrap unit: scaffold
T3,wide,scaffold,all,fg_alkyne,F1,majority,auroc,0.5,0.5,0.5,0.5,,,,5198,4222,1000,20789,fixed,"[{""fold"": ""scaffold"", ""src"": ""fixed"", ""thr"": 0.5}]",1.84,bootstrap unit: scaffold
T3,wide,scaffold,all,fg_alkyne,F1,majority,auprc,0.0048,0.0029,0.007,0.0048,,,,5198,4222,1000,20789,fixed,"[{""fold"": ""scaffold"", ""src"": ""fixed"", ""thr"": 0.5}]",1.84,bootstrap unit: scaffold
T3,wide,scaffold,all,fg_alkyne,F1,majority,bal_acc,0.5,0.5,0.5,0.5,,,,5198,4222,1000,20789,fixed,"[{""fold"": ""scaffold"", ""src"": ""fixed"", ""thr"": 0.5}]",1.84,bootstrap unit: scaffold
T3,wide,scaffold,all,fg_alkyne,F1,lr,auroc,0.8865,0.8422,0.924,0.5,0.0099,100,0.4997,5198,4222,1000,20789,inner_cv,"[{""fold"": ""scaffold"", ""C"": 0.1, ""src"": ""inner_cv"", ""thr"": 0.49}]",4.21,bootstrap unit: scaffold
T3,wide,scaffold,all,fg_alkyne,F1,lr,auprc,0.035,0.0167,0.0998,0.0048,,,,5198,4222,1000,20789,inner_cv,"[{""fold"": ""scaffold"", ""C"": 0.1, ""src"": ""inner_cv"", ""thr"": 0.49}]",4.21,bootstrap unit: scaffold
T3,wide,scaffold,all,fg_alkyne,F1,lr,bal_acc,0.8213,0.7451,0.8858,0.5,,,,5198,4222,1000,20789,inner_cv,"[{""fold"": ""scaffold"", ""C"": 0.1, ""src"": ""inner_cv"", ""thr"": 0.49}]",4.21,bootstrap unit: scaffold
T3,wide,scaffold,all,fg_alkyne,F1,hgb,auroc,0.8684,0.8127,0.9207,0.5,,,,5198,4222,1000,20789,inner_cv,"[{""fold"": ""scaffold"", ""src"": ""inner_cv"", ""thr"": 0.4266}]",6.33,bootstrap unit: scaffold
T3,wide,scaffold,all,fg_alkyne,F1,hgb,auprc,0.0764,0.019,0.1835,0.0048,,,,5198,4222,1000,20789,inner_cv,"[{""fold"": ""scaffold"", ""src"": ""inner_cv"", ""thr"": 0.4266}]",6.33,bootstrap unit: scaffold
T3,wide,scaffold,all,fg_alkyne,F1,hgb,bal_acc,0.784,0.7098,0.8487,0.5,,,,5198,4222,1000,20789,inner_cv,"[{""fold"": ""scaffold"", ""src"": ""inner_cv"", ""thr"": 0.4266}]",6.33,bootstrap unit: scaffold
T3,wide,scaffold,all,fg_alkyne,F1,knn,auroc,0.8038,0.6853,0.9025,0.5,,,,5198,4222,1000,20789,inner_cv,"[{""fold"": ""scaffold"", ""k"": 10, ""src"": ""inner_cv"", ""thr"": 0.1993}]",37.02,bootstrap unit: scaffold
T3,wide,scaffold,all,fg_alkyne,F1,knn,auprc,0.0348,0.0137,0.0786,0.0048,,,,5198,4222,1000,20789,inner_cv,"[{""fold"": ""scaffold"", ""k"": 10, ""src"": ""inner_cv"", ""thr"": 0.1993}]",37.02,bootstrap unit: scaffold
T3,wide,scaffold,all,fg_alkyne,F1,knn,bal_acc,0.7264,0.6386,0.801,0.5,,,,5198,4222,1000,20789,inner_cv,"[{""fold"": ""scaffold"", ""k"": 10, ""src"": ""inner_cv"", ""thr"": 0.1993}]",37.02,bootstrap unit: scaffold
T3,wide,scaffold,all,fg_alkyne,F1pos,majority,auroc,0.5,0.5,0.5,0.5,,,,5198,4222,1000,20789,fixed,"[{""fold"": ""scaffold"", ""src"": ""fixed"", ""thr"": 0.5}]",1.4,bootstrap unit: scaffold
T3,wide,scaffold,all,fg_alkyne,F1pos,majority,auprc,0.0048,0.0029,0.007,0.0048,,,,5198,4222,1000,20789,fixed,"[{""fold"": ""scaffold"", ""src"": ""fixed"", ""thr"": 0.5}]",1.4,bootstrap unit: scaffold
T3,wide,scaffold,all,fg_alkyne,F1pos,majority,bal_acc,0.5,0.5,0.5,0.5,,,,5198,4222,1000,20789,fixed,"[{""fold"": ""scaffold"", ""src"": ""fixed"", ""thr"": 0.5}]",1.4,bootstrap unit: scaffold
T3,wide,scaffold,all,fg_alkyne,F1pos,lr,auroc,0.7913,0.6987,0.8745,0.5,,,,5198,4222,1000,20789,inner_cv,"[{""fold"": ""scaffold"", ""C"": 0.1, ""src"": ""inner_cv"", ""thr"": 0.4735}]",4.41,bootstrap unit: scaffold
T3,wide,scaffold,all,fg_alkyne,F1pos,lr,auprc,0.0736,0.0162,0.226,0.0048,,,,5198,4222,1000,20789,inner_cv,"[{""fold"": ""scaffold"", ""C"": 0.1, ""src"": ""inner_cv"", ""thr"": 0.4735}]",4.41,bootstrap unit: scaffold
T3,wide,scaffold,all,fg_alkyne,F1pos,lr,bal_acc,0.6937,0.5935,0.791,0.5,,,,5198,4222,1000,20789,inner_cv,"[{""fold"": ""scaffold"", ""C"": 0.1, ""src"": ""inner_cv"", ""thr"": 0.4735}]",4.41,bootstrap unit: scaffold
T3,wide,scaffold,all,fg_alkyne,F1pos,hgb,auroc,0.726,0.6221,0.8268,0.5,,,,5198,4222,1000,20789,inner_cv,"[{""fold"": ""scaffold"", ""src"": ""inner_cv"", ""thr"": 0.4205}]",5.96,bootstrap unit: scaffold
T3,wide,scaffold,all,fg_alkyne,F1pos,hgb,auprc,0.0622,0.0113,0.2131,0.0048,,,,5198,4222,1000,20789,inner_cv,"[{""fold"": ""scaffold"", ""src"": ""inner_cv"", ""thr"": 0.4205}]",5.96,bootstrap unit: scaffold
T3,wide,scaffold,all,fg_alkyne,F1pos,hgb,bal_acc,0.7135,0.6321,0.7855,0.5,,,,5198,4222,1000,20789,inner_cv,"[{""fold"": ""scaffold"", ""src"": ""inner_cv"", ""thr"": 0.4205}]",5.96,bootstrap unit: scaffold
T3,wide,scaffold,all,fg_alkyne,F1pos,knn,auroc,0.6678,0.5334,0.7869,0.5,,,,5198,4222,1000,20789,inner_cv,"[{""fold"": ""scaffold"", ""k"": 10, ""src"": ""inner_cv"", ""thr"": 0.1877}]",48.05,bootstrap unit: scaffold
T3,wide,scaffold,all,fg_alkyne,F1pos,knn,auprc,0.0197,0.0073,0.0666,0.0048,,,,5198,4222,1000,20789,inner_cv,"[{""fold"": ""scaffold"", ""k"": 10, ""src"": ""inner_cv"", ""thr"": 0.1877}]",48.05,bootstrap unit: scaffold
T3,wide,scaffold,all,fg_alkyne,F1pos,knn,bal_acc,0.6172,0.5138,0.7107,0.5,,,,5198,4222,1000,20789,inner_cv,"[{""fold"": ""scaffold"", ""k"": 10, ""src"": ""inner_cv"", ""thr"": 0.1877}]",48.05,bootstrap unit: scaffold
T3,wide,scaffold,all,fg_alkyne,F2,majority,auroc,0.5,0.5,0.5,0.5,,,,5198,4222,1000,20789,fixed,"[{""fold"": ""scaffold"", ""src"": ""fixed"", ""thr"": 0.5}]",1.8,bootstrap unit: scaffold
T3,wide,scaffold,all,fg_alkyne,F2,majority,auprc,0.0048,0.0029,0.007,0.0048,,,,5198,4222,1000,20789,fixed,"[{""fold"": ""scaffold"", ""src"": ""fixed"", ""thr"": 0.5}]",1.8,bootstrap unit: scaffold
T3,wide,scaffold,all,fg_alkyne,F2,majority,bal_acc,0.5,0.5,0.5,0.5,,,,5198,4222,1000,20789,fixed,"[{""fold"": ""scaffold"", ""src"": ""fixed"", ""thr"": 0.5}]",1.8,bootstrap unit: scaffold
T3,wide,scaffold,all,fg_alkyne,F2,lr,auroc,0.8915,0.8625,0.9201,0.5,,,,5198,4222,1000,20789,inner_cv,"[{""fold"": ""scaffold"", ""C"": 0.01, ""src"": ""inner_cv"", ""thr"": 0.4155}]",113.11,bootstrap unit: scaffold
T3,wide,scaffold,all,fg_alkyne,F2,lr,auprc,0.0287,0.0155,0.0737,0.0048,,,,5198,4222,1000,20789,inner_cv,"[{""fold"": ""scaffold"", ""C"": 0.01, ""src"": ""inner_cv"", ""thr"": 0.4155}]",113.11,bootstrap unit: scaffold
T3,wide,scaffold,all,fg_alkyne,F2,lr,bal_acc,0.8317,0.7563,0.8908,0.5,,,,5198,4222,1000,20789,inner_cv,"[{""fold"": ""scaffold"", ""C"": 0.01, ""src"": ""inner_cv"", ""thr"": 0.4155}]",113.11,bootstrap unit: scaffold
T3,wide,scaffold,all,fg_alkyne,F2,hgb,auroc,0.9035,0.8621,0.9416,0.5,,,,5198,4222,1000,20789,inner_cv,"[{""fold"": ""scaffold"", ""src"": ""inner_cv"", ""thr"": 0.4333}]",50.43,bootstrap unit: scaffold
T3,wide,scaffold,all,fg_alkyne,F2,hgb,auprc,0.0726,0.0244,0.2056,0.0048,,,,5198,4222,1000,20789,inner_cv,"[{""fold"": ""scaffold"", ""src"": ""inner_cv"", ""thr"": 0.4333}]",50.43,bootstrap unit: scaffold
T3,wide,scaffold,all,fg_alkyne,F2,hgb,bal_acc,0.8306,0.7415,0.9048,0.5,,,,5198,4222,1000,20789,inner_cv,"[{""fold"": ""scaffold"", ""src"": ""inner_cv"", ""thr"": 0.4333}]",50.43,bootstrap unit: scaffold
T3,wide,scaffold,all,fg_alkyne,F2,knn,auroc,0.8352,0.7158,0.9322,0.5,,,,5198,4222,1000,20789,inner_cv,"[{""fold"": ""scaffold"", ""k"": 10, ""src"": ""inner_cv"", ""thr"": 0.1063}]",82.41,bootstrap unit: scaffold
T3,wide,scaffold,all,fg_alkyne,F2,knn,auprc,0.0632,0.0233,0.1398,0.0048,,,,5198,4222,1000,20789,inner_cv,"[{""fold"": ""scaffold"", ""k"": 10, ""src"": ""inner_cv"", ""thr"": 0.1063}]",82.41,bootstrap unit: scaffold
T3,wide,scaffold,all,fg_alkyne,F2,knn,bal_acc,0.7596,0.6779,0.8233,0.5,,,,5198,4222,1000,20789,inner_cv,"[{""fold"": ""scaffold"", ""k"": 10, ""src"": ""inner_cv"", ""thr"": 0.1063}]",82.41,bootstrap unit: scaffold
T3,wide,scaffold,all,fg_alkyne,F3,majority,auroc,0.5,0.5,0.5,0.5,,,,5198,4222,1000,20789,fixed,"[{""fold"": ""scaffold"", ""src"": ""fixed"", ""thr"": 0.5}]",2.07,bootstrap unit: scaffold
T3,wide,scaffold,all,fg_alkyne,F3,majority,auprc,0.0048,0.0029,0.007,0.0048,,,,5198,4222,1000,20789,fixed,"[{""fold"": ""scaffold"", ""src"": ""fixed"", ""thr"": 0.5}]",2.07,bootstrap unit: scaffold
T3,wide,scaffold,all,fg_alkyne,F3,majority,bal_acc,0.5,0.5,0.5,0.5,,,,5198,4222,1000,20789,fixed,"[{""fold"": ""scaffold"", ""src"": ""fixed"", ""thr"": 0.5}]",2.07,bootstrap unit: scaffold
T3,wide,scaffold,all,fg_alkyne,F3,lr,auroc,0.8776,0.8213,0.9188,0.5,,,,5198,4222,1000,20789,inner_cv,"[{""fold"": ""scaffold"", ""C"": 0.01, ""src"": ""inner_cv"", ""thr"": 0.4066}]",95.66,bootstrap unit: scaffold
T3,wide,scaffold,all,fg_alkyne,F3,lr,auprc,0.031,0.0152,0.0894,0.0048,,,,5198,4222,1000,20789,inner_cv,"[{""fold"": ""scaffold"", ""C"": 0.01, ""src"": ""inner_cv"", ""thr"": 0.4066}]",95.66,bootstrap unit: scaffold
T3,wide,scaffold,all,fg_alkyne,F3,lr,bal_acc,0.8332,0.7572,0.8931,0.5,,,,5198,4222,1000,20789,inner_cv,"[{""fold"": ""scaffold"", ""C"": 0.01, ""src"": ""inner_cv"", ""thr"": 0.4066}]",95.66,bootstrap unit: scaffold
T3,wide,scaffold,all,fg_alkyne,F3,hgb,auroc,0.9485,0.9243,0.9693,0.5,0.0099,100,0.4988,5198,4222,1000,20789,inner_cv,"[{""fold"": ""scaffold"", ""src"": ""inner_cv"", ""thr"": 0.3177}]",57.45,bootstrap unit: scaffold
T3,wide,scaffold,all,fg_alkyne,F3,hgb,auprc,0.1189,0.0515,0.2736,0.0048,,,,5198,4222,1000,20789,inner_cv,"[{""fold"": ""scaffold"", ""src"": ""inner_cv"", ""thr"": 0.3177}]",57.45,bootstrap unit: scaffold
T3,wide,scaffold,all,fg_alkyne,F3,hgb,bal_acc,0.8497,0.7679,0.9243,0.5,,,,5198,4222,1000,20789,inner_cv,"[{""fold"": ""scaffold"", ""src"": ""inner_cv"", ""thr"": 0.3177}]",57.45,bootstrap unit: scaffold
T3,wide,scaffold,all,fg_alkyne,F3,knn,auroc,0.8346,0.7153,0.9314,0.5,,,,5198,4222,1000,20789,inner_cv,"[{""fold"": ""scaffold"", ""k"": 10, ""src"": ""inner_cv"", ""thr"": 0.117}]",78.36,bootstrap unit: scaffold
T3,wide,scaffold,all,fg_alkyne,F3,knn,auprc,0.0694,0.025,0.1513,0.0048,,,,5198,4222,1000,20789,inner_cv,"[{""fold"": ""scaffold"", ""k"": 10, ""src"": ""inner_cv"", ""thr"": 0.117}]",78.36,bootstrap unit: scaffold
T3,wide,scaffold,all,fg_alkyne,F3,knn,bal_acc,0.7765,0.6949,0.8406,0.5,,,,5198,4222,1000,20789,inner_cv,"[{""fold"": ""scaffold"", ""k"": 10, ""src"": ""inner_cv"", ""thr"": 0.117}]",78.36,bootstrap unit: scaffold
T3,wide,scaffold,all,fg_alkyne,F1.sqrt,majority,auroc,0.5,0.5,0.5,0.5,,,,5198,4222,1000,20789,fixed,"[{""fold"": ""scaffold"", ""src"": ""fixed"", ""thr"": 0.5}]",1.27,bootstrap unit: scaffold
T3,wide,scaffold,all,fg_alkyne,F1.sqrt,majority,auprc,0.0048,0.0029,0.007,0.0048,,,,5198,4222,1000,20789,fixed,"[{""fold"": ""scaffold"", ""src"": ""fixed"", ""thr"": 0.5}]",1.27,bootstrap unit: scaffold
T3,wide,scaffold,all,fg_alkyne,F1.sqrt,majority,bal_acc,0.5,0.5,0.5,0.5,,,,5198,4222,1000,20789,fixed,"[{""fold"": ""scaffold"", ""src"": ""fixed"", ""thr"": 0.5}]",1.27,bootstrap unit: scaffold
T3,wide,scaffold,all,fg_alkyne,F1.sqrt,lr,auroc,0.8394,0.7796,0.8989,0.5,,,,5198,4222,1000,20789,inner_cv,"[{""fold"": ""scaffold"", ""C"": 1.0, ""src"": ""inner_cv"", ""thr"": 0.5006}]",4.82,bootstrap unit: scaffold
T3,wide,scaffold,all,fg_alkyne,F1.sqrt,lr,auprc,0.0769,0.0175,0.2321,0.0048,,,,5198,4222,1000,20789,inner_cv,"[{""fold"": ""scaffold"", ""C"": 1.0, ""src"": ""inner_cv"", ""thr"": 0.5006}]",4.82,bootstrap unit: scaffold
T3,wide,scaffold,all,fg_alkyne,F1.sqrt,lr,bal_acc,0.6896,0.593,0.7914,0.5,,,,5198,4222,1000,20789,inner_cv,"[{""fold"": ""scaffold"", ""C"": 1.0, ""src"": ""inner_cv"", ""thr"": 0.5006}]",4.82,bootstrap unit: scaffold
T3,wide,scaffold,all,fg_alkyne,F1.sqrt,hgb,auroc,0.8684,0.8127,0.9207,0.5,,,,5198,4222,1000,20789,inner_cv,"[{""fold"": ""scaffold"", ""src"": ""inner_cv"", ""thr"": 0.4266}]",7.13,bootstrap unit: scaffold
T3,wide,scaffold,all,fg_alkyne,F1.sqrt,hgb,auprc,0.0764,0.019,0.1835,0.0048,,,,5198,4222,1000,20789,inner_cv,"[{""fold"": ""scaffold"", ""src"": ""inner_cv"", ""thr"": 0.4266}]",7.13,bootstrap unit: scaffold
T3,wide,scaffold,all,fg_alkyne,F1.sqrt,hgb,bal_acc,0.784,0.7098,0.8487,0.5,,,,5198,4222,1000,20789,inner_cv,"[{""fold"": ""scaffold"", ""src"": ""inner_cv"", ""thr"": 0.4266}]",7.13,bootstrap unit: scaffold
T3,wide,scaffold,all,fg_alkyne,F1.sqrt,knn,auroc,0.7167,0.6004,0.8175,0.5,,,,5198,4222,1000,20789,inner_cv,"[{""fold"": ""scaffold"", ""k"": 10, ""src"": ""inner_cv"", ""thr"": 0.1903}]",39.53,bootstrap unit: scaffold
T3,wide,scaffold,all,fg_alkyne,F1.sqrt,knn,auprc,0.0315,0.0101,0.1222,0.0048,,,,5198,4222,1000,20789,inner_cv,"[{""fold"": ""scaffold"", ""k"": 10, ""src"": ""inner_cv"", ""thr"": 0.1903}]",39.53,bootstrap unit: scaffold
T3,wide,scaffold,all,fg_alkyne,F1.sqrt,knn,bal_acc,0.6765,0.5899,0.752,0.5,,,,5198,4222,1000,20789,inner_cv,"[{""fold"": ""scaffold"", ""k"": 10, ""src"": ""inner_cv"", ""thr"": 0.1903}]",39.53,bootstrap unit: scaffold
T3,wide,scaffold,all,fg_alkyne,F2.lt1700,majority,auroc,0.5,0.5,0.5,0.5,,,,5198,4222,1000,20789,fixed,"[{""fold"": ""scaffold"", ""src"": ""fixed"", ""thr"": 0.5}]",1.86,bootstrap unit: scaffold
T3,wide,scaffold,all,fg_alkyne,F2.lt1700,majority,auprc,0.0048,0.0029,0.007,0.0048,,,,5198,4222,1000,20789,fixed,"[{""fold"": ""scaffold"", ""src"": ""fixed"", ""thr"": 0.5}]",1.86,bootstrap unit: scaffold
T3,wide,scaffold,all,fg_alkyne,F2.lt1700,majority,bal_acc,0.5,0.5,0.5,0.5,,,,5198,4222,1000,20789,fixed,"[{""fold"": ""scaffold"", ""src"": ""fixed"", ""thr"": 0.5}]",1.86,bootstrap unit: scaffold
T3,wide,scaffold,all,fg_alkyne,F2.lt1700,lr,auroc,0.8302,0.791,0.8695,0.5,,,,5198,4222,1000,20789,inner_cv,"[{""fold"": ""scaffold"", ""C"": 0.01, ""src"": ""inner_cv"", ""thr"": 0.4414}]",72.67,bootstrap unit: scaffold
T3,wide,scaffold,all,fg_alkyne,F2.lt1700,lr,auprc,0.0198,0.0096,0.068,0.0048,,,,5198,4222,1000,20789,inner_cv,"[{""fold"": ""scaffold"", ""C"": 0.01, ""src"": ""inner_cv"", ""thr"": 0.4414}]",72.67,bootstrap unit: scaffold
T3,wide,scaffold,all,fg_alkyne,F2.lt1700,lr,bal_acc,0.7683,0.6788,0.8474,0.5,,,,5198,4222,1000,20789,inner_cv,"[{""fold"": ""scaffold"", ""C"": 0.01, ""src"": ""inner_cv"", ""thr"": 0.4414}]",72.67,bootstrap unit: scaffold
T3,wide,scaffold,all,fg_alkyne,F2.lt1700,hgb,auroc,0.8581,0.8049,0.912,0.5,,,,5198,4222,1000,20789,inner_cv,"[{""fold"": ""scaffold"", ""src"": ""inner_cv"", ""thr"": 0.4864}]",44.62,bootstrap unit: scaffold
T3,wide,scaffold,all,fg_alkyne,F2.lt1700,hgb,auprc,0.0362,0.0164,0.1144,0.0048,,,,5198,4222,1000,20789,inner_cv,"[{""fold"": ""scaffold"", ""src"": ""inner_cv"", ""thr"": 0.4864}]",44.62,bootstrap unit: scaffold
T3,wide,scaffold,all,fg_alkyne,F2.lt1700,hgb,bal_acc,0.7156,0.6267,0.81,0.5,,,,5198,4222,1000,20789,inner_cv,"[{""fold"": ""scaffold"", ""src"": ""inner_cv"", ""thr"": 0.4864}]",44.62,bootstrap unit: scaffold
T3,wide,scaffold,all,fg_alkyne,F2.lt1700,knn,auroc,0.8461,0.7378,0.9341,0.5,,,,5198,4222,1000,20789,inner_cv,"[{""fold"": ""scaffold"", ""k"": 10, ""src"": ""inner_cv"", ""thr"": 0.1136}]",83.84,bootstrap unit: scaffold
T3,wide,scaffold,all,fg_alkyne,F2.lt1700,knn,auprc,0.0585,0.0233,0.1378,0.0048,,,,5198,4222,1000,20789,inner_cv,"[{""fold"": ""scaffold"", ""k"": 10, ""src"": ""inner_cv"", ""thr"": 0.1136}]",83.84,bootstrap unit: scaffold
T3,wide,scaffold,all,fg_alkyne,F2.lt1700,knn,bal_acc,0.773,0.6908,0.8372,0.5,,,,5198,4222,1000,20789,inner_cv,"[{""fold"": ""scaffold"", ""k"": 10, ""src"": ""inner_cv"", ""thr"": 0.1136}]",83.84,bootstrap unit: scaffold
T3,wide,scaffold,all,fg_alkyne,F3.lt1700,majority,auroc,0.5,0.5,0.5,0.5,,,,5198,4222,1000,20789,fixed,"[{""fold"": ""scaffold"", ""src"": ""fixed"", ""thr"": 0.5}]",3.84,bootstrap unit: scaffold
T3,wide,scaffold,all,fg_alkyne,F3.lt1700,majority,auprc,0.0048,0.0029,0.007,0.0048,,,,5198,4222,1000,20789,fixed,"[{""fold"": ""scaffold"", ""src"": ""fixed"", ""thr"": 0.5}]",3.84,bootstrap unit: scaffold
T3,wide,scaffold,all,fg_alkyne,F3.lt1700,majority,bal_acc,0.5,0.5,0.5,0.5,,,,5198,4222,1000,20789,fixed,"[{""fold"": ""scaffold"", ""src"": ""fixed"", ""thr"": 0.5}]",3.84,bootstrap unit: scaffold
T3,wide,scaffold,all,fg_alkyne,F3.lt1700,lr,auroc,0.839,0.7954,0.8792,0.5,,,,5198,4222,1000,20789,inner_cv,"[{""fold"": ""scaffold"", ""C"": 0.01, ""src"": ""inner_cv"", ""thr"": 0.4229}]",57.27,bootstrap unit: scaffold
T3,wide,scaffold,all,fg_alkyne,F3.lt1700,lr,auprc,0.0219,0.0103,0.0785,0.0048,,,,5198,4222,1000,20789,inner_cv,"[{""fold"": ""scaffold"", ""C"": 0.01, ""src"": ""inner_cv"", ""thr"": 0.4229}]",57.27,bootstrap unit: scaffold
T3,wide,scaffold,all,fg_alkyne,F3.lt1700,lr,bal_acc,0.7831,0.6953,0.8551,0.5,,,,5198,4222,1000,20789,inner_cv,"[{""fold"": ""scaffold"", ""C"": 0.01, ""src"": ""inner_cv"", ""thr"": 0.4229}]",57.27,bootstrap unit: scaffold
T3,wide,scaffold,all,fg_alkyne,F3.lt1700,hgb,auroc,0.8663,0.8156,0.9166,0.5,,,,5198,4222,1000,20789,inner_cv,"[{""fold"": ""scaffold"", ""src"": ""inner_cv"", ""thr"": 0.4096}]",66.21,bootstrap unit: scaffold
T3,wide,scaffold,all,fg_alkyne,F3.lt1700,hgb,auprc,0.0833,0.0179,0.2131,0.0048,,,,5198,4222,1000,20789,inner_cv,"[{""fold"": ""scaffold"", ""src"": ""inner_cv"", ""thr"": 0.4096}]",66.21,bootstrap unit: scaffold
T3,wide,scaffold,all,fg_alkyne,F3.lt1700,hgb,bal_acc,0.7393,0.649,0.8318,0.5,,,,5198,4222,1000,20789,inner_cv,"[{""fold"": ""scaffold"", ""src"": ""inner_cv"", ""thr"": 0.4096}]",66.21,bootstrap unit: scaffold
T3,wide,scaffold,all,fg_alkyne,F3.lt1700,knn,auroc,0.8409,0.7334,0.9347,0.5,,,,5198,4222,1000,20789,inner_cv,"[{""fold"": ""scaffold"", ""k"": 10, ""src"": ""inner_cv"", ""thr"": 0.1128}]",75.39,bootstrap unit: scaffold
T3,wide,scaffold,all,fg_alkyne,F3.lt1700,knn,auprc,0.0742,0.027,0.1873,0.0048,,,,5198,4222,1000,20789,inner_cv,"[{""fold"": ""scaffold"", ""k"": 10, ""src"": ""inner_cv"", ""thr"": 0.1128}]",75.39,bootstrap unit: scaffold
T3,wide,scaffold,all,fg_alkyne,F3.lt1700,knn,bal_acc,0.7413,0.6478,0.8253,0.5,,,,5198,4222,1000,20789,inner_cv,"[{""fold"": ""scaffold"", ""k"": 10, ""src"": ""inner_cv"", ""thr"": 0.1128}]",75.39,bootstrap unit: scaffold
T3,wide,scaffold,all,fg_alkene,F1,majority,auroc,0.5,0.5,0.5,0.5,,,,5198,4222,1000,20789,fixed,"[{""fold"": ""scaffold"", ""src"": ""fixed"", ""thr"": 0.5}]",1.08,bootstrap unit: scaffold
T3,wide,scaffold,all,fg_alkene,F1,majority,auprc,0.221,0.2075,0.2346,0.221,,,,5198,4222,1000,20789,fixed,"[{""fold"": ""scaffold"", ""src"": ""fixed"", ""thr"": 0.5}]",1.08,bootstrap unit: scaffold
T3,wide,scaffold,all,fg_alkene,F1,majority,bal_acc,0.5,0.5,0.5,0.5,,,,5198,4222,1000,20789,fixed,"[{""fold"": ""scaffold"", ""src"": ""fixed"", ""thr"": 0.5}]",1.08,bootstrap unit: scaffold
T3,wide,scaffold,all,fg_alkene,F1,lr,auroc,0.9188,0.9093,0.9282,0.5,0.0099,100,0.5011,5198,4222,1000,20789,inner_cv,"[{""fold"": ""scaffold"", ""C"": 0.01, ""src"": ""inner_cv"", ""thr"": 0.4123}]",3.37,bootstrap unit: scaffold
T3,wide,scaffold,all,fg_alkene,F1,lr,auprc,0.696,0.6654,0.7337,0.221,,,,5198,4222,1000,20789,inner_cv,"[{""fold"": ""scaffold"", ""C"": 0.01, ""src"": ""inner_cv"", ""thr"": 0.4123}]",3.37,bootstrap unit: scaffold
T3,wide,scaffold,all,fg_alkene,F1,lr,bal_acc,0.8664,0.8533,0.879,0.5,,,,5198,4222,1000,20789,inner_cv,"[{""fold"": ""scaffold"", ""C"": 0.01, ""src"": ""inner_cv"", ""thr"": 0.4123}]",3.37,bootstrap unit: scaffold
T3,wide,scaffold,all,fg_alkene,F1,hgb,auroc,0.9364,0.9279,0.9452,0.5,,,,5198,4222,1000,20789,inner_cv,"[{""fold"": ""scaffold"", ""src"": ""inner_cv"", ""thr"": 0.3521}]",6.24,bootstrap unit: scaffold
T3,wide,scaffold,all,fg_alkene,F1,hgb,auprc,0.8014,0.7758,0.8288,0.221,,,,5198,4222,1000,20789,inner_cv,"[{""fold"": ""scaffold"", ""src"": ""inner_cv"", ""thr"": 0.3521}]",6.24,bootstrap unit: scaffold
T3,wide,scaffold,all,fg_alkene,F1,hgb,bal_acc,0.8833,0.8728,0.8938,0.5,,,,5198,4222,1000,20789,inner_cv,"[{""fold"": ""scaffold"", ""src"": ""inner_cv"", ""thr"": 0.3521}]",6.24,bootstrap unit: scaffold
T3,wide,scaffold,all,fg_alkene,F1,knn,auroc,0.8961,0.8837,0.9084,0.5,,,,5198,4222,1000,20789,inner_cv,"[{""fold"": ""scaffold"", ""k"": 10, ""src"": ""inner_cv"", ""thr"": 0.1141}]",32.97,bootstrap unit: scaffold
T3,wide,scaffold,all,fg_alkene,F1,knn,auprc,0.7214,0.6907,0.7531,0.221,,,,5198,4222,1000,20789,inner_cv,"[{""fold"": ""scaffold"", ""k"": 10, ""src"": ""inner_cv"", ""thr"": 0.1141}]",32.97,bootstrap unit: scaffold
T3,wide,scaffold,all,fg_alkene,F1,knn,bal_acc,0.85,0.8364,0.8626,0.5,,,,5198,4222,1000,20789,inner_cv,"[{""fold"": ""scaffold"", ""k"": 10, ""src"": ""inner_cv"", ""thr"": 0.1141}]",32.97,bootstrap unit: scaffold
T3,wide,scaffold,all,fg_alkene,F1pos,majority,auroc,0.5,0.5,0.5,0.5,,,,5198,4222,1000,20789,fixed,"[{""fold"": ""scaffold"", ""src"": ""fixed"", ""thr"": 0.5}]",4.31,bootstrap unit: scaffold
T3,wide,scaffold,all,fg_alkene,F1pos,majority,auprc,0.221,0.2075,0.2346,0.221,,,,5198,4222,1000,20789,fixed,"[{""fold"": ""scaffold"", ""src"": ""fixed"", ""thr"": 0.5}]",4.31,bootstrap unit: scaffold
T3,wide,scaffold,all,fg_alkene,F1pos,majority,bal_acc,0.5,0.5,0.5,0.5,,,,5198,4222,1000,20789,fixed,"[{""fold"": ""scaffold"", ""src"": ""fixed"", ""thr"": 0.5}]",4.31,bootstrap unit: scaffold
T3,wide,scaffold,all,fg_alkene,F1pos,lr,auroc,0.8407,0.8263,0.856,0.5,,,,5198,4222,1000,20789,inner_cv,"[{""fold"": ""scaffold"", ""C"": 0.1, ""src"": ""inner_cv"", ""thr"": 0.4244}]",3.25,bootstrap unit: scaffold
T3,wide,scaffold,all,fg_alkene,F1pos,lr,auprc,0.556,0.5253,0.5919,0.221,,,,5198,4222,1000,20789,inner_cv,"[{""fold"": ""scaffold"", ""C"": 0.1, ""src"": ""inner_cv"", ""thr"": 0.4244}]",3.25,bootstrap unit: scaffold
T3,wide,scaffold,all,fg_alkene,F1pos,lr,bal_acc,0.7903,0.7753,0.8047,0.5,,,,5198,4222,1000,20789,inner_cv,"[{""fold"": ""scaffold"", ""C"": 0.1, ""src"": ""inner_cv"", ""thr"": 0.4244}]",3.25,bootstrap unit: scaffold
T3,wide,scaffold,all,fg_alkene,F1pos,hgb,auroc,0.8791,0.8664,0.8908,0.5,,,,5198,4222,1000,20789,inner_cv,"[{""fold"": ""scaffold"", ""src"": ""inner_cv"", ""thr"": 0.3515}]",4.96,bootstrap unit: scaffold
T3,wide,scaffold,all,fg_alkene,F1pos,hgb,auprc,0.6406,0.6064,0.6758,0.221,,,,5198,4222,1000,20789,inner_cv,"[{""fold"": ""scaffold"", ""src"": ""inner_cv"", ""thr"": 0.3515}]",4.96,bootstrap unit: scaffold
T3,wide,scaffold,all,fg_alkene,F1pos,hgb,bal_acc,0.8357,0.8221,0.8482,0.5,,,,5198,4222,1000,20789,inner_cv,"[{""fold"": ""scaffold"", ""src"": ""inner_cv"", ""thr"": 0.3515}]",4.96,bootstrap unit: scaffold
T3,wide,scaffold,all,fg_alkene,F1pos,knn,auroc,0.5999,0.5812,0.6178,0.5,,,,5198,4222,1000,20789,inner_cv,"[{""fold"": ""scaffold"", ""k"": 10, ""src"": ""inner_cv"", ""thr"": 0.1021}]",46.77,bootstrap unit: scaffold
T3,wide,scaffold,all,fg_alkene,F1pos,knn,auprc,0.2973,0.2713,0.3245,0.221,,,,5198,4222,1000,20789,inner_cv,"[{""fold"": ""scaffold"", ""k"": 10, ""src"": ""inner_cv"", ""thr"": 0.1021}]",46.77,bootstrap unit: scaffold
T3,wide,scaffold,all,fg_alkene,F1pos,knn,bal_acc,0.5698,0.5544,0.5865,0.5,,,,5198,4222,1000,20789,inner_cv,"[{""fold"": ""scaffold"", ""k"": 10, ""src"": ""inner_cv"", ""thr"": 0.1021}]",46.77,bootstrap unit: scaffold
T3,wide,scaffold,all,fg_alkene,F2,majority,auroc,0.5,0.5,0.5,0.5,,,,5198,4222,1000,20789,fixed,"[{""fold"": ""scaffold"", ""src"": ""fixed"", ""thr"": 0.5}]",1.51,bootstrap unit: scaffold
T3,wide,scaffold,all,fg_alkene,F2,majority,auprc,0.221,0.2075,0.2346,0.221,,,,5198,4222,1000,20789,fixed,"[{""fold"": ""scaffold"", ""src"": ""fixed"", ""thr"": 0.5}]",1.51,bootstrap unit: scaffold
T3,wide,scaffold,all,fg_alkene,F2,majority,bal_acc,0.5,0.5,0.5,0.5,,,,5198,4222,1000,20789,fixed,"[{""fold"": ""scaffold"", ""src"": ""fixed"", ""thr"": 0.5}]",1.51,bootstrap unit: scaffold
T3,wide,scaffold,all,fg_alkene,F2,lr,auroc,0.9136,0.9038,0.9232,0.5,,,,5198,4222,1000,20789,inner_cv,"[{""fold"": ""scaffold"", ""C"": 0.01, ""src"": ""inner_cv"", ""thr"": 0.3967}]",91.46,bootstrap unit: scaffold
T3,wide,scaffold,all,fg_alkene,F2,lr,auprc,0.6784,0.6467,0.7168,0.221,,,,5198,4222,1000,20789,inner_cv,"[{""fold"": ""scaffold"", ""C"": 0.01, ""src"": ""inner_cv"", ""thr"": 0.3967}]",91.46,bootstrap unit: scaffold
T3,wide,scaffold,all,fg_alkene,F2,lr,bal_acc,0.8602,0.8475,0.8728,0.5,,,,5198,4222,1000,20789,inner_cv,"[{""fold"": ""scaffold"", ""C"": 0.01, ""src"": ""inner_cv"", ""thr"": 0.3967}]",91.46,bootstrap unit: scaffold
T3,wide,scaffold,all,fg_alkene,F2,hgb,auroc,0.9488,0.9406,0.9569,0.5,,,,5198,4222,1000,20789,inner_cv,"[{""fold"": ""scaffold"", ""src"": ""inner_cv"", ""thr"": 0.2757}]",45.23,bootstrap unit: scaffold
T3,wide,scaffold,all,fg_alkene,F2,hgb,auprc,0.8581,0.8384,0.8789,0.221,,,,5198,4222,1000,20789,inner_cv,"[{""fold"": ""scaffold"", ""src"": ""inner_cv"", ""thr"": 0.2757}]",45.23,bootstrap unit: scaffold
T3,wide,scaffold,all,fg_alkene,F2,hgb,bal_acc,0.8815,0.8694,0.8934,0.5,,,,5198,4222,1000,20789,inner_cv,"[{""fold"": ""scaffold"", ""src"": ""inner_cv"", ""thr"": 0.2757}]",45.23,bootstrap unit: scaffold
T3,wide,scaffold,all,fg_alkene,F2,knn,auroc,0.9251,0.9142,0.9357,0.5,,,,5198,4222,1000,20789,inner_cv,"[{""fold"": ""scaffold"", ""k"": 10, ""src"": ""inner_cv"", ""thr"": 0.1211}]",70.05,bootstrap unit: scaffold
T3,wide,scaffold,all,fg_alkene,F2,knn,auprc,0.8016,0.7755,0.8264,0.221,,,,5198,4222,1000,20789,inner_cv,"[{""fold"": ""scaffold"", ""k"": 10, ""src"": ""inner_cv"", ""thr"": 0.1211}]",70.05,bootstrap unit: scaffold
T3,wide,scaffold,all,fg_alkene,F2,knn,bal_acc,0.8795,0.8672,0.8907,0.5,,,,5198,4222,1000,20789,inner_cv,"[{""fold"": ""scaffold"", ""k"": 10, ""src"": ""inner_cv"", ""thr"": 0.1211}]",70.05,bootstrap unit: scaffold
T3,wide,scaffold,all,fg_alkene,F3,majority,auroc,0.5,0.5,0.5,0.5,,,,5198,4222,1000,20789,fixed,"[{""fold"": ""scaffold"", ""src"": ""fixed"", ""thr"": 0.5}]",2.95,bootstrap unit: scaffold
T3,wide,scaffold,all,fg_alkene,F3,majority,auprc,0.221,0.2075,0.2346,0.221,,,,5198,4222,1000,20789,fixed,"[{""fold"": ""scaffold"", ""src"": ""fixed"", ""thr"": 0.5}]",2.95,bootstrap unit: scaffold
T3,wide,scaffold,all,fg_alkene,F3,majority,bal_acc,0.5,0.5,0.5,0.5,,,,5198,4222,1000,20789,fixed,"[{""fold"": ""scaffold"", ""src"": ""fixed"", ""thr"": 0.5}]",2.95,bootstrap unit: scaffold
T3,wide,scaffold,all,fg_alkene,F3,lr,auroc,0.9155,0.9055,0.9251,0.5,,,,5198,4222,1000,20789,inner_cv,"[{""fold"": ""scaffold"", ""C"": 0.01, ""src"": ""inner_cv"", ""thr"": 0.372}]",108.73,bootstrap unit: scaffold
T3,wide,scaffold,all,fg_alkene,F3,lr,auprc,0.6941,0.6643,0.7313,0.221,,,,5198,4222,1000,20789,inner_cv,"[{""fold"": ""scaffold"", ""C"": 0.01, ""src"": ""inner_cv"", ""thr"": 0.372}]",108.73,bootstrap unit: scaffold
T3,wide,scaffold,all,fg_alkene,F3,lr,bal_acc,0.8577,0.8447,0.8701,0.5,,,,5198,4222,1000,20789,inner_cv,"[{""fold"": ""scaffold"", ""C"": 0.01, ""src"": ""inner_cv"", ""thr"": 0.372}]",108.73,bootstrap unit: scaffold
T3,wide,scaffold,all,fg_alkene,F3,hgb,auroc,0.9551,0.9472,0.9624,0.5,0.0099,100,0.4972,5198,4222,1000,20789,inner_cv,"[{""fold"": ""scaffold"", ""src"": ""inner_cv"", ""thr"": 0.3002}]",41.82,bootstrap unit: scaffold
T3,wide,scaffold,all,fg_alkene,F3,hgb,auprc,0.8704,0.8492,0.8908,0.221,,,,5198,4222,1000,20789,inner_cv,"[{""fold"": ""scaffold"", ""src"": ""inner_cv"", ""thr"": 0.3002}]",41.82,bootstrap unit: scaffold
T3,wide,scaffold,all,fg_alkene,F3,hgb,bal_acc,0.889,0.8773,0.9009,0.5,,,,5198,4222,1000,20789,inner_cv,"[{""fold"": ""scaffold"", ""src"": ""inner_cv"", ""thr"": 0.3002}]",41.82,bootstrap unit: scaffold
T3,wide,scaffold,all,fg_alkene,F3,knn,auroc,0.9237,0.9123,0.9347,0.5,,,,5198,4222,1000,20789,inner_cv,"[{""fold"": ""scaffold"", ""k"": 10, ""src"": ""inner_cv"", ""thr"": 0.124}]",68.54,bootstrap unit: scaffold
T3,wide,scaffold,all,fg_alkene,F3,knn,auprc,0.8046,0.7779,0.8303,0.221,,,,5198,4222,1000,20789,inner_cv,"[{""fold"": ""scaffold"", ""k"": 10, ""src"": ""inner_cv"", ""thr"": 0.124}]",68.54,bootstrap unit: scaffold
T3,wide,scaffold,all,fg_alkene,F3,knn,bal_acc,0.8819,0.8695,0.8935,0.5,,,,5198,4222,1000,20789,inner_cv,"[{""fold"": ""scaffold"", ""k"": 10, ""src"": ""inner_cv"", ""thr"": 0.124}]",68.54,bootstrap unit: scaffold
T3,wide,scaffold,all,fg_alkene,F1.sqrt,majority,auroc,0.5,0.5,0.5,0.5,,,,5198,4222,1000,20789,fixed,"[{""fold"": ""scaffold"", ""src"": ""fixed"", ""thr"": 0.5}]",2.3,bootstrap unit: scaffold
T3,wide,scaffold,all,fg_alkene,F1.sqrt,majority,auprc,0.221,0.2075,0.2346,0.221,,,,5198,4222,1000,20789,fixed,"[{""fold"": ""scaffold"", ""src"": ""fixed"", ""thr"": 0.5}]",2.3,bootstrap unit: scaffold
T3,wide,scaffold,all,fg_alkene,F1.sqrt,majority,bal_acc,0.5,0.5,0.5,0.5,,,,5198,4222,1000,20789,fixed,"[{""fold"": ""scaffold"", ""src"": ""fixed"", ""thr"": 0.5}]",2.3,bootstrap unit: scaffold
T3,wide,scaffold,all,fg_alkene,F1.sqrt,lr,auroc,0.8946,0.8834,0.9062,0.5,,,,5198,4222,1000,20789,inner_cv,"[{""fold"": ""scaffold"", ""C"": 0.01, ""src"": ""inner_cv"", ""thr"": 0.448}]",4.45,bootstrap unit: scaffold
T3,wide,scaffold,all,fg_alkene,F1.sqrt,lr,auprc,0.6422,0.6126,0.681,0.221,,,,5198,4222,1000,20789,inner_cv,"[{""fold"": ""scaffold"", ""C"": 0.01, ""src"": ""inner_cv"", ""thr"": 0.448}]",4.45,bootstrap unit: scaffold
T3,wide,scaffold,all,fg_alkene,F1.sqrt,lr,bal_acc,0.8396,0.8257,0.8529,0.5,,,,5198,4222,1000,20789,inner_cv,"[{""fold"": ""scaffold"", ""C"": 0.01, ""src"": ""inner_cv"", ""thr"": 0.448}]",4.45,bootstrap unit: scaffold
T3,wide,scaffold,all,fg_alkene,F1.sqrt,hgb,auroc,0.9364,0.9279,0.9452,0.5,,,,5198,4222,1000,20789,inner_cv,"[{""fold"": ""scaffold"", ""src"": ""inner_cv"", ""thr"": 0.3521}]",11.04,bootstrap unit: scaffold
T3,wide,scaffold,all,fg_alkene,F1.sqrt,hgb,auprc,0.8014,0.7758,0.8288,0.221,,,,5198,4222,1000,20789,inner_cv,"[{""fold"": ""scaffold"", ""src"": ""inner_cv"", ""thr"": 0.3521}]",11.04,bootstrap unit: scaffold
T3,wide,scaffold,all,fg_alkene,F1.sqrt,hgb,bal_acc,0.8833,0.8728,0.8938,0.5,,,,5198,4222,1000,20789,inner_cv,"[{""fold"": ""scaffold"", ""src"": ""inner_cv"", ""thr"": 0.3521}]",11.04,bootstrap unit: scaffold
T3,wide,scaffold,all,fg_alkene,F1.sqrt,knn,auroc,0.8828,0.8696,0.8957,0.5,,,,5198,4222,1000,20789,inner_cv,"[{""fold"": ""scaffold"", ""k"": 10, ""src"": ""inner_cv"", ""thr"": 0.1962}]",37.86,bootstrap unit: scaffold
T3,wide,scaffold,all,fg_alkene,F1.sqrt,knn,auprc,0.7057,0.675,0.7364,0.221,,,,5198,4222,1000,20789,inner_cv,"[{""fold"": ""scaffold"", ""k"": 10, ""src"": ""inner_cv"", ""thr"": 0.1962}]",37.86,bootstrap unit: scaffold
T3,wide,scaffold,all,fg_alkene,F1.sqrt,knn,bal_acc,0.8264,0.8121,0.8409,0.5,,,,5198,4222,1000,20789,inner_cv,"[{""fold"": ""scaffold"", ""k"": 10, ""src"": ""inner_cv"", ""thr"": 0.1962}]",37.86,bootstrap unit: scaffold
T3,wide,scaffold,all,fg_alkene,F2.lt1700,majority,auroc,0.5,0.5,0.5,0.5,,,,5198,4222,1000,20789,fixed,"[{""fold"": ""scaffold"", ""src"": ""fixed"", ""thr"": 0.5}]",4.12,bootstrap unit: scaffold
T3,wide,scaffold,all,fg_alkene,F2.lt1700,majority,auprc,0.221,0.2075,0.2346,0.221,,,,5198,4222,1000,20789,fixed,"[{""fold"": ""scaffold"", ""src"": ""fixed"", ""thr"": 0.5}]",4.12,bootstrap unit: scaffold
T3,wide,scaffold,all,fg_alkene,F2.lt1700,majority,bal_acc,0.5,0.5,0.5,0.5,,,,5198,4222,1000,20789,fixed,"[{""fold"": ""scaffold"", ""src"": ""fixed"", ""thr"": 0.5}]",4.12,bootstrap unit: scaffold
T3,wide,scaffold,all,fg_alkene,F2.lt1700,lr,auroc,0.9125,0.9023,0.922,0.5,,,,5198,4222,1000,20789,inner_cv,"[{""fold"": ""scaffold"", ""C"": 0.01, ""src"": ""inner_cv"", ""thr"": 0.3818}]",91.31,bootstrap unit: scaffold
T3,wide,scaffold,all,fg_alkene,F2.lt1700,lr,auprc,0.6775,0.6465,0.7148,0.221,,,,5198,4222,1000,20789,inner_cv,"[{""fold"": ""scaffold"", ""C"": 0.01, ""src"": ""inner_cv"", ""thr"": 0.3818}]",91.31,bootstrap unit: scaffold
T3,wide,scaffold,all,fg_alkene,F2.lt1700,lr,bal_acc,0.8637,0.8516,0.8759,0.5,,,,5198,4222,1000,20789,inner_cv,"[{""fold"": ""scaffold"", ""C"": 0.01, ""src"": ""inner_cv"", ""thr"": 0.3818}]",91.31,bootstrap unit: scaffold
T3,wide,scaffold,all,fg_alkene,F2.lt1700,hgb,auroc,0.9493,0.9411,0.9571,0.5,,,,5198,4222,1000,20789,inner_cv,"[{""fold"": ""scaffold"", ""src"": ""inner_cv"", ""thr"": 0.3801}]",49.53,bootstrap unit: scaffold
T3,wide,scaffold,all,fg_alkene,F2.lt1700,hgb,auprc,0.8563,0.8367,0.8766,0.221,,,,5198,4222,1000,20789,inner_cv,"[{""fold"": ""scaffold"", ""src"": ""inner_cv"", ""thr"": 0.3801}]",49.53,bootstrap unit: scaffold
T3,wide,scaffold,all,fg_alkene,F2.lt1700,hgb,bal_acc,0.8857,0.8732,0.8982,0.5,,,,5198,4222,1000,20789,inner_cv,"[{""fold"": ""scaffold"", ""src"": ""inner_cv"", ""thr"": 0.3801}]",49.53,bootstrap unit: scaffold
T3,wide,scaffold,all,fg_alkene,F2.lt1700,knn,auroc,0.9256,0.9143,0.9362,0.5,,,,5198,4222,1000,20789,inner_cv,"[{""fold"": ""scaffold"", ""k"": 10, ""src"": ""inner_cv"", ""thr"": 0.1035}]",69.25,bootstrap unit: scaffold
T3,wide,scaffold,all,fg_alkene,F2.lt1700,knn,auprc,0.7944,0.7659,0.8214,0.221,,,,5198,4222,1000,20789,inner_cv,"[{""fold"": ""scaffold"", ""k"": 10, ""src"": ""inner_cv"", ""thr"": 0.1035}]",69.25,bootstrap unit: scaffold
T3,wide,scaffold,all,fg_alkene,F2.lt1700,knn,bal_acc,0.8822,0.8706,0.8931,0.5,,,,5198,4222,1000,20789,inner_cv,"[{""fold"": ""scaffold"", ""k"": 10, ""src"": ""inner_cv"", ""thr"": 0.1035}]",69.25,bootstrap unit: scaffold
T3,wide,scaffold,all,fg_alkene,F3.lt1700,majority,auroc,0.5,0.5,0.5,0.5,,,,5198,4222,1000,20789,fixed,"[{""fold"": ""scaffold"", ""src"": ""fixed"", ""thr"": 0.5}]",2.26,bootstrap unit: scaffold
T3,wide,scaffold,all,fg_alkene,F3.lt1700,majority,auprc,0.221,0.2075,0.2346,0.221,,,,5198,4222,1000,20789,fixed,"[{""fold"": ""scaffold"", ""src"": ""fixed"", ""thr"": 0.5}]",2.26,bootstrap unit: scaffold
T3,wide,scaffold,all,fg_alkene,F3.lt1700,majority,bal_acc,0.5,0.5,0.5,0.5,,,,5198,4222,1000,20789,fixed,"[{""fold"": ""scaffold"", ""src"": ""fixed"", ""thr"": 0.5}]",2.26,bootstrap unit: scaffold
T3,wide,scaffold,all,fg_alkene,F3.lt1700,lr,auroc,0.914,0.9037,0.9238,0.5,,,,5198,4222,1000,20789,inner_cv,"[{""fold"": ""scaffold"", ""C"": 0.01, ""src"": ""inner_cv"", ""thr"": 0.4145}]",90.23,bootstrap unit: scaffold
T3,wide,scaffold,all,fg_alkene,F3.lt1700,lr,auprc,0.6929,0.6624,0.7299,0.221,,,,5198,4222,1000,20789,inner_cv,"[{""fold"": ""scaffold"", ""C"": 0.01, ""src"": ""inner_cv"", ""thr"": 0.4145}]",90.23,bootstrap unit: scaffold
T3,wide,scaffold,all,fg_alkene,F3.lt1700,lr,bal_acc,0.8559,0.8427,0.8689,0.5,,,,5198,4222,1000,20789,inner_cv,"[{""fold"": ""scaffold"", ""C"": 0.01, ""src"": ""inner_cv"", ""thr"": 0.4145}]",90.23,bootstrap unit: scaffold
T3,wide,scaffold,all,fg_alkene,F3.lt1700,hgb,auroc,0.9524,0.944,0.9602,0.5,,,,5198,4222,1000,20789,inner_cv,"[{""fold"": ""scaffold"", ""src"": ""inner_cv"", ""thr"": 0.2949}]",61.63,bootstrap unit: scaffold
T3,wide,scaffold,all,fg_alkene,F3.lt1700,hgb,auprc,0.8643,0.8415,0.8837,0.221,,,,5198,4222,1000,20789,inner_cv,"[{""fold"": ""scaffold"", ""src"": ""inner_cv"", ""thr"": 0.2949}]",61.63,bootstrap unit: scaffold
T3,wide,scaffold,all,fg_alkene,F3.lt1700,hgb,bal_acc,0.8857,0.8731,0.8977,0.5,,,,5198,4222,1000,20789,inner_cv,"[{""fold"": ""scaffold"", ""src"": ""inner_cv"", ""thr"": 0.2949}]",61.63,bootstrap unit: scaffold
T3,wide,scaffold,all,fg_alkene,F3.lt1700,knn,auroc,0.9264,0.915,0.9362,0.5,,,,5198,4222,1000,20789,inner_cv,"[{""fold"": ""scaffold"", ""k"": 10, ""src"": ""inner_cv"", ""thr"": 0.1237}]",69.86,bootstrap unit: scaffold
T3,wide,scaffold,all,fg_alkene,F3.lt1700,knn,auprc,0.8034,0.7762,0.8292,0.221,,,,5198,4222,1000,20789,inner_cv,"[{""fold"": ""scaffold"", ""k"": 10, ""src"": ""inner_cv"", ""thr"": 0.1237}]",69.86,bootstrap unit: scaffold
T3,wide,scaffold,all,fg_alkene,F3.lt1700,knn,bal_acc,0.8857,0.8737,0.8965,0.5,,,,5198,4222,1000,20789,inner_cv,"[{""fold"": ""scaffold"", ""k"": 10, ""src"": ""inner_cv"", ""thr"": 0.1237}]",69.86,bootstrap unit: scaffold
T3,wide,scaffold,all,fg_fluoro,F1,majority,auroc,0.5,0.5,0.5,0.5,,,,5198,4222,1000,20789,fixed,"[{""fold"": ""scaffold"", ""src"": ""fixed"", ""thr"": 0.5}]",0.99,bootstrap unit: scaffold
T3,wide,scaffold,all,fg_fluoro,F1,majority,auprc,0.0023,0.001,0.0039,0.0023,,,,5198,4222,1000,20789,fixed,"[{""fold"": ""scaffold"", ""src"": ""fixed"", ""thr"": 0.5}]",0.99,bootstrap unit: scaffold
T3,wide,scaffold,all,fg_fluoro,F1,majority,bal_acc,0.5,0.5,0.5,0.5,,,,5198,4222,1000,20789,fixed,"[{""fold"": ""scaffold"", ""src"": ""fixed"", ""thr"": 0.5}]",0.99,bootstrap unit: scaffold
T3,wide,scaffold,all,fg_fluoro,F1,lr,auroc,0.753,0.6578,0.8435,0.5,0.0099,100,0.5007,5198,4222,1000,20789,inner_cv,"[{""fold"": ""scaffold"", ""C"": 0.01, ""src"": ""inner_cv"", ""thr"": 0.4418}]",5.36,bootstrap unit: scaffold
T3,wide,scaffold,all,fg_fluoro,F1,lr,auprc,0.0053,0.0025,0.0116,0.0023,,,,5198,4222,1000,20789,inner_cv,"[{""fold"": ""scaffold"", ""C"": 0.01, ""src"": ""inner_cv"", ""thr"": 0.4418}]",5.36,bootstrap unit: scaffold
T3,wide,scaffold,all,fg_fluoro,F1,lr,bal_acc,0.6597,0.5064,0.8164,0.5,,,,5198,4222,1000,20789,inner_cv,"[{""fold"": ""scaffold"", ""C"": 0.01, ""src"": ""inner_cv"", ""thr"": 0.4418}]",5.36,bootstrap unit: scaffold
T3,wide,scaffold,all,fg_fluoro,F1,hgb,auroc,0.9244,0.8901,0.9626,0.5,,,,5198,4222,1000,20789,inner_cv,"[{""fold"": ""scaffold"", ""src"": ""inner_cv"", ""thr"": 0.0822}]",6.1,bootstrap unit: scaffold
T3,wide,scaffold,all,fg_fluoro,F1,hgb,auprc,0.0261,0.0104,0.0847,0.0023,,,,5198,4222,1000,20789,inner_cv,"[{""fold"": ""scaffold"", ""src"": ""inner_cv"", ""thr"": 0.0822}]",6.1,bootstrap unit: scaffold
T3,wide,scaffold,all,fg_fluoro,F1,hgb,bal_acc,0.8415,0.8348,0.848,0.5,,,,5198,4222,1000,20789,inner_cv,"[{""fold"": ""scaffold"", ""src"": ""inner_cv"", ""thr"": 0.0822}]",6.1,bootstrap unit: scaffold
T3,wide,scaffold,all,fg_fluoro,F1,knn,auroc,0.4592,0.4175,0.5455,0.5,,,,5198,4222,1000,20789,inner_cv,"[{""fold"": ""scaffold"", ""k"": 10, ""src"": ""inner_cv"", ""thr"": 0.0591}]",51.61,bootstrap unit: scaffold
T3,wide,scaffold,all,fg_fluoro,F1,knn,auprc,0.0022,0.0011,0.004,0.0023,,,,5198,4222,1000,20789,inner_cv,"[{""fold"": ""scaffold"", ""k"": 10, ""src"": ""inner_cv"", ""thr"": 0.0591}]",51.61,bootstrap unit: scaffold
T3,wide,scaffold,all,fg_fluoro,F1,knn,bal_acc,0.4633,0.4175,0.5574,0.5,,,,5198,4222,1000,20789,inner_cv,"[{""fold"": ""scaffold"", ""k"": 10, ""src"": ""inner_cv"", ""thr"": 0.0591}]",51.61,bootstrap unit: scaffold
T3,wide,scaffold,all,fg_fluoro,F1pos,majority,auroc,0.5,0.5,0.5,0.5,,,,5198,4222,1000,20789,fixed,"[{""fold"": ""scaffold"", ""src"": ""fixed"", ""thr"": 0.5}]",2.52,bootstrap unit: scaffold
T3,wide,scaffold,all,fg_fluoro,F1pos,majority,auprc,0.0023,0.001,0.0039,0.0023,,,,5198,4222,1000,20789,fixed,"[{""fold"": ""scaffold"", ""src"": ""fixed"", ""thr"": 0.5}]",2.52,bootstrap unit: scaffold
T3,wide,scaffold,all,fg_fluoro,F1pos,majority,bal_acc,0.5,0.5,0.5,0.5,,,,5198,4222,1000,20789,fixed,"[{""fold"": ""scaffold"", ""src"": ""fixed"", ""thr"": 0.5}]",2.52,bootstrap unit: scaffold
T3,wide,scaffold,all,fg_fluoro,F1pos,lr,auroc,0.8842,0.8063,0.9527,0.5,,,,5198,4222,1000,20789,inner_cv,"[{""fold"": ""scaffold"", ""C"": 0.01, ""src"": ""inner_cv"", ""thr"": 0.3319}]",6.34,bootstrap unit: scaffold
T3,wide,scaffold,all,fg_fluoro,F1pos,lr,auprc,0.0153,0.0068,0.0399,0.0023,,,,5198,4222,1000,20789,inner_cv,"[{""fold"": ""scaffold"", ""C"": 0.01, ""src"": ""inner_cv"", ""thr"": 0.3319}]",6.34,bootstrap unit: scaffold
T3,wide,scaffold,all,fg_fluoro,F1pos,lr,bal_acc,0.7915,0.6619,0.9178,0.5,,,,5198,4222,1000,20789,inner_cv,"[{""fold"": ""scaffold"", ""C"": 0.01, ""src"": ""inner_cv"", ""thr"": 0.3319}]",6.34,bootstrap unit: scaffold
T3,wide,scaffold,all,fg_fluoro,F1pos,hgb,auroc,0.9054,0.8644,0.9451,0.5,,,,5198,4222,1000,20789,inner_cv,"[{""fold"": ""scaffold"", ""src"": ""inner_cv"", ""thr"": 0.1768}]",6.25,bootstrap unit: scaffold
T3,wide,scaffold,all,fg_fluoro,F1pos,hgb,auprc,0.0172,0.0072,0.0459,0.0023,,,,5198,4222,1000,20789,inner_cv,"[{""fold"": ""scaffold"", ""src"": ""inner_cv"", ""thr"": 0.1768}]",6.25,bootstrap unit: scaffold
T3,wide,scaffold,all,fg_fluoro,F1pos,hgb,bal_acc,0.8488,0.7461,0.8954,0.5,,,,5198,4222,1000,20789,inner_cv,"[{""fold"": ""scaffold"", ""src"": ""inner_cv"", ""thr"": 0.1768}]",6.25,bootstrap unit: scaffold
T3,wide,scaffold,all,fg_fluoro,F1pos,knn,auroc,0.7648,0.5951,0.9111,0.5,,,,5198,4222,1000,20789,inner_cv,"[{""fold"": ""scaffold"", ""k"": 10, ""src"": ""inner_cv"", ""thr"": 0.0913}]",26.41,bootstrap unit: scaffold
T3,wide,scaffold,all,fg_fluoro,F1pos,knn,auprc,0.0286,0.0057,0.0908,0.0023,,,,5198,4222,1000,20789,inner_cv,"[{""fold"": ""scaffold"", ""k"": 10, ""src"": ""inner_cv"", ""thr"": 0.0913}]",26.41,bootstrap unit: scaffold
T3,wide,scaffold,all,fg_fluoro,F1pos,knn,bal_acc,0.7555,0.5903,0.8961,0.5,,,,5198,4222,1000,20789,inner_cv,"[{""fold"": ""scaffold"", ""k"": 10, ""src"": ""inner_cv"", ""thr"": 0.0913}]",26.41,bootstrap unit: scaffold
T3,wide,scaffold,all,fg_fluoro,F2,majority,auroc,0.5,0.5,0.5,0.5,,,,5198,4222,1000,20789,fixed,"[{""fold"": ""scaffold"", ""src"": ""fixed"", ""thr"": 0.5}]",2.11,bootstrap unit: scaffold
T3,wide,scaffold,all,fg_fluoro,F2,majority,auprc,0.0023,0.001,0.0039,0.0023,,,,5198,4222,1000,20789,fixed,"[{""fold"": ""scaffold"", ""src"": ""fixed"", ""thr"": 0.5}]",2.11,bootstrap unit: scaffold
T3,wide,scaffold,all,fg_fluoro,F2,majority,bal_acc,0.5,0.5,0.5,0.5,,,,5198,4222,1000,20789,fixed,"[{""fold"": ""scaffold"", ""src"": ""fixed"", ""thr"": 0.5}]",2.11,bootstrap unit: scaffold
T3,wide,scaffold,all,fg_fluoro,F2,lr,auroc,0.7803,0.6825,0.8701,0.5,,,,5198,4222,1000,20789,inner_cv,"[{""fold"": ""scaffold"", ""C"": 0.01, ""src"": ""inner_cv"", ""thr"": 0.2513}]",121.31,bootstrap unit: scaffold
T3,wide,scaffold,all,fg_fluoro,F2,lr,auprc,0.0065,0.0029,0.0149,0.0023,,,,5198,4222,1000,20789,inner_cv,"[{""fold"": ""scaffold"", ""C"": 0.01, ""src"": ""inner_cv"", ""thr"": 0.2513}]",121.31,bootstrap unit: scaffold
T3,wide,scaffold,all,fg_fluoro,F2,lr,bal_acc,0.7154,0.5822,0.8397,0.5,,,,5198,4222,1000,20789,inner_cv,"[{""fold"": ""scaffold"", ""C"": 0.01, ""src"": ""inner_cv"", ""thr"": 0.2513}]",121.31,bootstrap unit: scaffold
T3,wide,scaffold,all,fg_fluoro,F2,hgb,auroc,0.9459,0.9085,0.976,0.5,,,,5198,4222,1000,20789,inner_cv,"[{""fold"": ""scaffold"", ""src"": ""inner_cv"", ""thr"": 0.0493}]",62.29,bootstrap unit: scaffold
T3,wide,scaffold,all,fg_fluoro,F2,hgb,auprc,0.0348,0.0141,0.078,0.0023,,,,5198,4222,1000,20789,inner_cv,"[{""fold"": ""scaffold"", ""src"": ""inner_cv"", ""thr"": 0.0493}]",62.29,bootstrap unit: scaffold
T3,wide,scaffold,all,fg_fluoro,F2,hgb,bal_acc,0.8976,0.8917,0.9031,0.5,,,,5198,4222,1000,20789,inner_cv,"[{""fold"": ""scaffold"", ""src"": ""inner_cv"", ""thr"": 0.0493}]",62.29,bootstrap unit: scaffold
T3,wide,scaffold,all,fg_fluoro,F2,knn,auroc,0.5392,0.4544,0.6587,0.5,,,,5198,4222,1000,20789,inner_cv,"[{""fold"": ""scaffold"", ""k"": 10, ""src"": ""inner_cv"", ""thr"": 0.0609}]",86.12,bootstrap unit: scaffold
T3,wide,scaffold,all,fg_fluoro,F2,knn,auprc,0.0034,0.0012,0.0143,0.0023,,,,5198,4222,1000,20789,inner_cv,"[{""fold"": ""scaffold"", ""k"": 10, ""src"": ""inner_cv"", ""thr"": 0.0609}]",86.12,bootstrap unit: scaffold
T3,wide,scaffold,all,fg_fluoro,F2,knn,bal_acc,0.5399,0.4545,0.6621,0.5,,,,5198,4222,1000,20789,inner_cv,"[{""fold"": ""scaffold"", ""k"": 10, ""src"": ""inner_cv"", ""thr"": 0.0609}]",86.12,bootstrap unit: scaffold
T3,wide,scaffold,all,fg_fluoro,F3,majority,auroc,0.5,0.5,0.5,0.5,,,,5198,4222,1000,20789,fixed,"[{""fold"": ""scaffold"", ""src"": ""fixed"", ""thr"": 0.5}]",1.21,bootstrap unit: scaffold
T3,wide,scaffold,all,fg_fluoro,F3,majority,auprc,0.0023,0.001,0.0039,0.0023,,,,5198,4222,1000,20789,fixed,"[{""fold"": ""scaffold"", ""src"": ""fixed"", ""thr"": 0.5}]",1.21,bootstrap unit: scaffold
T3,wide,scaffold,all,fg_fluoro,F3,majority,bal_acc,0.5,0.5,0.5,0.5,,,,5198,4222,1000,20789,fixed,"[{""fold"": ""scaffold"", ""src"": ""fixed"", ""thr"": 0.5}]",1.21,bootstrap unit: scaffold
T3,wide,scaffold,all,fg_fluoro,F3,lr,auroc,0.7838,0.6742,0.8799,0.5,,,,5198,4222,1000,20789,inner_cv,"[{""fold"": ""scaffold"", ""C"": 0.01, ""src"": ""inner_cv"", ""thr"": 0.3438}]",94.71,bootstrap unit: scaffold
T3,wide,scaffold,all,fg_fluoro,F3,lr,auprc,0.0071,0.0033,0.019,0.0023,,,,5198,4222,1000,20789,inner_cv,"[{""fold"": ""scaffold"", ""C"": 0.01, ""src"": ""inner_cv"", ""thr"": 0.3438}]",94.71,bootstrap unit: scaffold
T3,wide,scaffold,all,fg_fluoro,F3,lr,bal_acc,0.7117,0.5615,0.8574,0.5,,,,5198,4222,1000,20789,inner_cv,"[{""fold"": ""scaffold"", ""C"": 0.01, ""src"": ""inner_cv"", ""thr"": 0.3438}]",94.71,bootstrap unit: scaffold
T3,wide,scaffold,all,fg_fluoro,F3,hgb,auroc,0.9646,0.9395,0.9859,0.5,,,,5198,4222,1000,20789,inner_cv,"[{""fold"": ""scaffold"", ""src"": ""inner_cv"", ""thr"": 0.0345}]",56.93,bootstrap unit: scaffold
T3,wide,scaffold,all,fg_fluoro,F3,hgb,auprc,0.0571,0.0232,0.147,0.0023,,,,5198,4222,1000,20789,inner_cv,"[{""fold"": ""scaffold"", ""src"": ""inner_cv"", ""thr"": 0.0345}]",56.93,bootstrap unit: scaffold
T3,wide,scaffold,all,fg_fluoro,F3,hgb,bal_acc,0.9039,0.8982,0.9094,0.5,,,,5198,4222,1000,20789,inner_cv,"[{""fold"": ""scaffold"", ""src"": ""inner_cv"", ""thr"": 0.0345}]",56.93,bootstrap unit: scaffold
T3,wide,scaffold,all,fg_fluoro,F3,knn,auroc,0.5036,0.4566,0.6037,0.5,,,,5198,4222,1000,20789,inner_cv,"[{""fold"": ""scaffold"", ""k"": 10, ""src"": ""inner_cv"", ""thr"": 0.071}]",68.0,bootstrap unit: scaffold
T3,wide,scaffold,all,fg_fluoro,F3,knn,auprc,0.0034,0.0011,0.0154,0.0023,,,,5198,4222,1000,20789,inner_cv,"[{""fold"": ""scaffold"", ""k"": 10, ""src"": ""inner_cv"", ""thr"": 0.071}]",68.0,bootstrap unit: scaffold
T3,wide,scaffold,all,fg_fluoro,F3,knn,bal_acc,0.5015,0.4569,0.5965,0.5,,,,5198,4222,1000,20789,inner_cv,"[{""fold"": ""scaffold"", ""k"": 10, ""src"": ""inner_cv"", ""thr"": 0.071}]",68.0,bootstrap unit: scaffold
T3,wide,scaffold,all,fg_fluoro,F1.sqrt,majority,auroc,0.5,0.5,0.5,0.5,,,,5198,4222,1000,20789,fixed,"[{""fold"": ""scaffold"", ""src"": ""fixed"", ""thr"": 0.5}]",1.59,bootstrap unit: scaffold
T3,wide,scaffold,all,fg_fluoro,F1.sqrt,majority,auprc,0.0023,0.001,0.0039,0.0023,,,,5198,4222,1000,20789,fixed,"[{""fold"": ""scaffold"", ""src"": ""fixed"", ""thr"": 0.5}]",1.59,bootstrap unit: scaffold
T3,wide,scaffold,all,fg_fluoro,F1.sqrt,majority,bal_acc,0.5,0.5,0.5,0.5,,,,5198,4222,1000,20789,fixed,"[{""fold"": ""scaffold"", ""src"": ""fixed"", ""thr"": 0.5}]",1.59,bootstrap unit: scaffold
T3,wide,scaffold,all,fg_fluoro,F1.sqrt,lr,auroc,0.823,0.7216,0.9098,0.5,,,,5198,4222,1000,20789,inner_cv,"[{""fold"": ""scaffold"", ""C"": 0.01, ""src"": ""inner_cv"", ""thr"": 0.4892}]",4.31,bootstrap unit: scaffold
T3,wide,scaffold,all,fg_fluoro,F1.sqrt,lr,auprc,0.009,0.004,0.0228,0.0023,,,,5198,4222,1000,20789,inner_cv,"[{""fold"": ""scaffold"", ""C"": 0.01, ""src"": ""inner_cv"", ""thr"": 0.4892}]",4.31,bootstrap unit: scaffold
T3,wide,scaffold,all,fg_fluoro,F1.sqrt,lr,bal_acc,0.7057,0.5523,0.8628,0.5,,,,5198,4222,1000,20789,inner_cv,"[{""fold"": ""scaffold"", ""C"": 0.01, ""src"": ""inner_cv"", ""thr"": 0.4892}]",4.31,bootstrap unit: scaffold
T3,wide,scaffold,all,fg_fluoro,F1.sqrt,hgb,auroc,0.9244,0.8901,0.9626,0.5,,,,5198,4222,1000,20789,inner_cv,"[{""fold"": ""scaffold"", ""src"": ""inner_cv"", ""thr"": 0.0822}]",6.83,bootstrap unit: scaffold
T3,wide,scaffold,all,fg_fluoro,F1.sqrt,hgb,auprc,0.0261,0.0104,0.0847,0.0023,,,,5198,4222,1000,20789,inner_cv,"[{""fold"": ""scaffold"", ""src"": ""inner_cv"", ""thr"": 0.0822}]",6.83,bootstrap unit: scaffold
T3,wide,scaffold,all,fg_fluoro,F1.sqrt,hgb,bal_acc,0.8415,0.8348,0.848,0.5,,,,5198,4222,1000,20789,inner_cv,"[{""fold"": ""scaffold"", ""src"": ""inner_cv"", ""thr"": 0.0822}]",6.83,bootstrap unit: scaffold
T3,wide,scaffold,all,fg_fluoro,F1.sqrt,knn,auroc,0.7191,0.5675,0.8789,0.5,,,,5198,4222,1000,20789,inner_cv,"[{""fold"": ""scaffold"", ""k"": 10, ""src"": ""inner_cv"", ""thr"": 0.0754}]",47.83,bootstrap unit: scaffold
T3,wide,scaffold,all,fg_fluoro,F1.sqrt,knn,auprc,0.0066,0.0025,0.018,0.0023,,,,5198,4222,1000,20789,inner_cv,"[{""fold"": ""scaffold"", ""k"": 10, ""src"": ""inner_cv"", ""thr"": 0.0754}]",47.83,bootstrap unit: scaffold
T3,wide,scaffold,all,fg_fluoro,F1.sqrt,knn,bal_acc,0.7303,0.5739,0.8888,0.5,,,,5198,4222,1000,20789,inner_cv,"[{""fold"": ""scaffold"", ""k"": 10, ""src"": ""inner_cv"", ""thr"": 0.0754}]",47.83,bootstrap unit: scaffold
T3,wide,scaffold,all,fg_fluoro,F2.lt1700,majority,auroc,0.5,0.5,0.5,0.5,,,,5198,4222,1000,20789,fixed,"[{""fold"": ""scaffold"", ""src"": ""fixed"", ""thr"": 0.5}]",3.7,bootstrap unit: scaffold
T3,wide,scaffold,all,fg_fluoro,F2.lt1700,majority,auprc,0.0023,0.001,0.0039,0.0023,,,,5198,4222,1000,20789,fixed,"[{""fold"": ""scaffold"", ""src"": ""fixed"", ""thr"": 0.5}]",3.7,bootstrap unit: scaffold
T3,wide,scaffold,all,fg_fluoro,F2.lt1700,majority,bal_acc,0.5,0.5,0.5,0.5,,,,5198,4222,1000,20789,fixed,"[{""fold"": ""scaffold"", ""src"": ""fixed"", ""thr"": 0.5}]",3.7,bootstrap unit: scaffold
T3,wide,scaffold,all,fg_fluoro,F2.lt1700,lr,auroc,0.8662,0.8197,0.9114,0.5,,,,5198,4222,1000,20789,inner_cv,"[{""fold"": ""scaffold"", ""C"": 0.01, ""src"": ""inner_cv"", ""thr"": 0.3197}]",118.29,bootstrap unit: scaffold
T3,wide,scaffold,all,fg_fluoro,F2.lt1700,lr,auprc,0.0092,0.0042,0.0177,0.0023,,,,5198,4222,1000,20789,inner_cv,"[{""fold"": ""scaffold"", ""C"": 0.01, ""src"": ""inner_cv"", ""thr"": 0.3197}]",118.29,bootstrap unit: scaffold
T3,wide,scaffold,all,fg_fluoro,F2.lt1700,lr,bal_acc,0.8497,0.843,0.8567,0.5,,,,5198,4222,1000,20789,inner_cv,"[{""fold"": ""scaffold"", ""C"": 0.01, ""src"": ""inner_cv"", ""thr"": 0.3197}]",118.29,bootstrap unit: scaffold
T3,wide,scaffold,all,fg_fluoro,F2.lt1700,hgb,auroc,0.9475,0.904,0.9792,0.5,,,,5198,4222,1000,20789,inner_cv,"[{""fold"": ""scaffold"", ""src"": ""inner_cv"", ""thr"": 0.0467}]",40.42,bootstrap unit: scaffold
T3,wide,scaffold,all,fg_fluoro,F2.lt1700,hgb,auprc,0.0364,0.0156,0.0832,0.0023,,,,5198,4222,1000,20789,inner_cv,"[{""fold"": ""scaffold"", ""src"": ""inner_cv"", ""thr"": 0.0467}]",40.42,bootstrap unit: scaffold
T3,wide,scaffold,all,fg_fluoro,F2.lt1700,hgb,bal_acc,0.8505,0.7552,0.8965,0.5,,,,5198,4222,1000,20789,inner_cv,"[{""fold"": ""scaffold"", ""src"": ""inner_cv"", ""thr"": 0.0467}]",40.42,bootstrap unit: scaffold
T3,wide,scaffold,all,fg_fluoro,F2.lt1700,knn,auroc,0.582,0.4578,0.7361,0.5,,,,5198,4222,1000,20789,inner_cv,"[{""fold"": ""scaffold"", ""k"": 10, ""src"": ""inner_cv"", ""thr"": 0.0677}]",82.07,bootstrap unit: scaffold
T3,wide,scaffold,all,fg_fluoro,F2.lt1700,knn,auprc,0.0041,0.0014,0.0152,0.0023,,,,5198,4222,1000,20789,inner_cv,"[{""fold"": ""scaffold"", ""k"": 10, ""src"": ""inner_cv"", ""thr"": 0.0677}]",82.07,bootstrap unit: scaffold
T3,wide,scaffold,all,fg_fluoro,F2.lt1700,knn,bal_acc,0.5833,0.4582,0.7368,0.5,,,,5198,4222,1000,20789,inner_cv,"[{""fold"": ""scaffold"", ""k"": 10, ""src"": ""inner_cv"", ""thr"": 0.0677}]",82.07,bootstrap unit: scaffold
T3,wide,scaffold,all,fg_fluoro,F3.lt1700,majority,auroc,0.5,0.5,0.5,0.5,,,,5198,4222,1000,20789,fixed,"[{""fold"": ""scaffold"", ""src"": ""fixed"", ""thr"": 0.5}]",3.66,bootstrap unit: scaffold
T3,wide,scaffold,all,fg_fluoro,F3.lt1700,majority,auprc,0.0023,0.001,0.0039,0.0023,,,,5198,4222,1000,20789,fixed,"[{""fold"": ""scaffold"", ""src"": ""fixed"", ""thr"": 0.5}]",3.66,bootstrap unit: scaffold
T3,wide,scaffold,all,fg_fluoro,F3.lt1700,majority,bal_acc,0.5,0.5,0.5,0.5,,,,5198,4222,1000,20789,fixed,"[{""fold"": ""scaffold"", ""src"": ""fixed"", ""thr"": 0.5}]",3.66,bootstrap unit: scaffold
T3,wide,scaffold,all,fg_fluoro,F3.lt1700,lr,auroc,0.8823,0.8446,0.9182,0.5,,,,5198,4222,1000,20789,inner_cv,"[{""fold"": ""scaffold"", ""C"": 0.01, ""src"": ""inner_cv"", ""thr"": 0.2791}]",71.61,bootstrap unit: scaffold
T3,wide,scaffold,all,fg_fluoro,F3.lt1700,lr,auprc,0.0101,0.0048,0.0193,0.0023,,,,5198,4222,1000,20789,inner_cv,"[{""fold"": ""scaffold"", ""C"": 0.01, ""src"": ""inner_cv"", ""thr"": 0.2791}]",71.61,bootstrap unit: scaffold
T3,wide,scaffold,all,fg_fluoro,F3.lt1700,lr,bal_acc,0.8498,0.8431,0.8573,0.5,,,,5198,4222,1000,20789,inner_cv,"[{""fold"": ""scaffold"", ""C"": 0.01, ""src"": ""inner_cv"", ""thr"": 0.2791}]",71.61,bootstrap unit: scaffold
T3,wide,scaffold,all,fg_fluoro,F3.lt1700,hgb,auroc,0.9759,0.9574,0.9909,0.5,0.0099,100,0.5019,5198,4222,1000,20789,inner_cv,"[{""fold"": ""scaffold"", ""src"": ""inner_cv"", ""thr"": 0.0112}]",56.85,bootstrap unit: scaffold
T3,wide,scaffold,all,fg_fluoro,F3.lt1700,hgb,auprc,0.0909,0.0348,0.2197,0.0023,,,,5198,4222,1000,20789,inner_cv,"[{""fold"": ""scaffold"", ""src"": ""inner_cv"", ""thr"": 0.0112}]",56.85,bootstrap unit: scaffold
T3,wide,scaffold,all,fg_fluoro,F3.lt1700,hgb,bal_acc,0.8242,0.8174,0.8308,0.5,,,,5198,4222,1000,20789,inner_cv,"[{""fold"": ""scaffold"", ""src"": ""inner_cv"", ""thr"": 0.0112}]",56.85,bootstrap unit: scaffold
T3,wide,scaffold,all,fg_fluoro,F3.lt1700,knn,auroc,0.588,0.4609,0.7332,0.5,,,,5198,4222,1000,20789,inner_cv,"[{""fold"": ""scaffold"", ""k"": 10, ""src"": ""inner_cv"", ""thr"": 0.0719}]",78.9,bootstrap unit: scaffold
T3,wide,scaffold,all,fg_fluoro,F3.lt1700,knn,auprc,0.0056,0.0015,0.0233,0.0023,,,,5198,4222,1000,20789,inner_cv,"[{""fold"": ""scaffold"", ""k"": 10, ""src"": ""inner_cv"", ""thr"": 0.0719}]",78.9,bootstrap unit: scaffold
T3,wide,scaffold,all,fg_fluoro,F3.lt1700,knn,bal_acc,0.586,0.4611,0.7298,0.5,,,,5198,4222,1000,20789,inner_cv,"[{""fold"": ""scaffold"", ""k"": 10, ""src"": ""inner_cv"", ""thr"": 0.0719}]",78.9,bootstrap unit: scaffold
T3,wide,scaffold,all,fg_aromatic_ring,F1,majority,auroc,0.5,0.5,0.5,0.5,,,,5198,4222,1000,20789,fixed,"[{""fold"": ""scaffold"", ""src"": ""fixed"", ""thr"": 0.5}]",1.61,bootstrap unit: scaffold
T3,wide,scaffold,all,fg_aromatic_ring,F1,majority,auprc,0.1801,0.168,0.1921,0.1801,,,,5198,4222,1000,20789,fixed,"[{""fold"": ""scaffold"", ""src"": ""fixed"", ""thr"": 0.5}]",1.61,bootstrap unit: scaffold
T3,wide,scaffold,all,fg_aromatic_ring,F1,majority,bal_acc,0.5,0.5,0.5,0.5,,,,5198,4222,1000,20789,fixed,"[{""fold"": ""scaffold"", ""src"": ""fixed"", ""thr"": 0.5}]",1.61,bootstrap unit: scaffold
T3,wide,scaffold,all,fg_aromatic_ring,F1,lr,auroc,0.9506,0.9431,0.9573,0.5,0.0099,100,0.4996,5198,4222,1000,20789,inner_cv,"[{""fold"": ""scaffold"", ""C"": 0.01, ""src"": ""inner_cv"", ""thr"": 0.5013}]",4.13,bootstrap unit: scaffold
T3,wide,scaffold,all,fg_aromatic_ring,F1,lr,auprc,0.8215,0.7896,0.8484,0.1801,,,,5198,4222,1000,20789,inner_cv,"[{""fold"": ""scaffold"", ""C"": 0.01, ""src"": ""inner_cv"", ""thr"": 0.5013}]",4.13,bootstrap unit: scaffold
T3,wide,scaffold,all,fg_aromatic_ring,F1,lr,bal_acc,0.8715,0.8586,0.8851,0.5,,,,5198,4222,1000,20789,inner_cv,"[{""fold"": ""scaffold"", ""C"": 0.01, ""src"": ""inner_cv"", ""thr"": 0.5013}]",4.13,bootstrap unit: scaffold
T3,wide,scaffold,all,fg_aromatic_ring,F1,hgb,auroc,0.9601,0.9537,0.9662,0.5,,,,5198,4222,1000,20789,inner_cv,"[{""fold"": ""scaffold"", ""src"": ""inner_cv"", ""thr"": 0.4101}]",7.25,bootstrap unit: scaffold
T3,wide,scaffold,all,fg_aromatic_ring,F1,hgb,auprc,0.8435,0.8178,0.8685,0.1801,,,,5198,4222,1000,20789,inner_cv,"[{""fold"": ""scaffold"", ""src"": ""inner_cv"", ""thr"": 0.4101}]",7.25,bootstrap unit: scaffold
T3,wide,scaffold,all,fg_aromatic_ring,F1,hgb,bal_acc,0.9001,0.8881,0.9121,0.5,,,,5198,4222,1000,20789,inner_cv,"[{""fold"": ""scaffold"", ""src"": ""inner_cv"", ""thr"": 0.4101}]",7.25,bootstrap unit: scaffold
T3,wide,scaffold,all,fg_aromatic_ring,F1,knn,auroc,0.8603,0.8452,0.8748,0.5,,,,5198,4222,1000,20789,inner_cv,"[{""fold"": ""scaffold"", ""k"": 10, ""src"": ""inner_cv"", ""thr"": 0.2114}]",42.65,bootstrap unit: scaffold
T3,wide,scaffold,all,fg_aromatic_ring,F1,knn,auprc,0.6503,0.6151,0.6849,0.1801,,,,5198,4222,1000,20789,inner_cv,"[{""fold"": ""scaffold"", ""k"": 10, ""src"": ""inner_cv"", ""thr"": 0.2114}]",42.65,bootstrap unit: scaffold
T3,wide,scaffold,all,fg_aromatic_ring,F1,knn,bal_acc,0.7846,0.7703,0.799,0.5,,,,5198,4222,1000,20789,inner_cv,"[{""fold"": ""scaffold"", ""k"": 10, ""src"": ""inner_cv"", ""thr"": 0.2114}]",42.65,bootstrap unit: scaffold
T3,wide,scaffold,all,fg_aromatic_ring,F1pos,majority,auroc,0.5,0.5,0.5,0.5,,,,5198,4222,1000,20789,fixed,"[{""fold"": ""scaffold"", ""src"": ""fixed"", ""thr"": 0.5}]",1.63,bootstrap unit: scaffold
T3,wide,scaffold,all,fg_aromatic_ring,F1pos,majority,auprc,0.1801,0.168,0.1921,0.1801,,,,5198,4222,1000,20789,fixed,"[{""fold"": ""scaffold"", ""src"": ""fixed"", ""thr"": 0.5}]",1.63,bootstrap unit: scaffold
T3,wide,scaffold,all,fg_aromatic_ring,F1pos,majority,bal_acc,0.5,0.5,0.5,0.5,,,,5198,4222,1000,20789,fixed,"[{""fold"": ""scaffold"", ""src"": ""fixed"", ""thr"": 0.5}]",1.63,bootstrap unit: scaffold
T3,wide,scaffold,all,fg_aromatic_ring,F1pos,lr,auroc,0.9621,0.9558,0.9677,0.5,,,,5198,4222,1000,20789,inner_cv,"[{""fold"": ""scaffold"", ""C"": 0.01, ""src"": ""inner_cv"", ""thr"": 0.5384}]",4.58,bootstrap unit: scaffold
T3,wide,scaffold,all,fg_aromatic_ring,F1pos,lr,auprc,0.847,0.8214,0.8717,0.1801,,,,5198,4222,1000,20789,inner_cv,"[{""fold"": ""scaffold"", ""C"": 0.01, ""src"": ""inner_cv"", ""thr"": 0.5384}]",4.58,bootstrap unit: scaffold
T3,wide,scaffold,all,fg_aromatic_ring,F1pos,lr,bal_acc,0.8727,0.8585,0.8868,0.5,,,,5198,4222,1000,20789,inner_cv,"[{""fold"": ""scaffold"", ""C"": 0.01, ""src"": ""inner_cv"", ""thr"": 0.5384}]",4.58,bootstrap unit: scaffold
T3,wide,scaffold,all,fg_aromatic_ring,F1pos,hgb,auroc,0.9531,0.9458,0.96,0.5,,,,5198,4222,1000,20789,inner_cv,"[{""fold"": ""scaffold"", ""src"": ""inner_cv"", ""thr"": 0.4908}]",10.45,bootstrap unit: scaffold
T3,wide,scaffold,all,fg_aromatic_ring,F1pos,hgb,auprc,0.8086,0.7771,0.8386,0.1801,,,,5198,4222,1000,20789,inner_cv,"[{""fold"": ""scaffold"", ""src"": ""inner_cv"", ""thr"": 0.4908}]",10.45,bootstrap unit: scaffold
T3,wide,scaffold,all,fg_aromatic_ring,F1pos,hgb,bal_acc,0.883,0.8695,0.8959,0.5,,,,5198,4222,1000,20789,inner_cv,"[{""fold"": ""scaffold"", ""src"": ""inner_cv"", ""thr"": 0.4908}]",10.45,bootstrap unit: scaffold
T3,wide,scaffold,all,fg_aromatic_ring,F1pos,knn,auroc,0.8071,0.7915,0.8241,0.5,,,,5198,4222,1000,20789,inner_cv,"[{""fold"": ""scaffold"", ""k"": 10, ""src"": ""inner_cv"", ""thr"": 0.1068}]",43.74,bootstrap unit: scaffold
T3,wide,scaffold,all,fg_aromatic_ring,F1pos,knn,auprc,0.5446,0.5056,0.5839,0.1801,,,,5198,4222,1000,20789,inner_cv,"[{""fold"": ""scaffold"", ""k"": 10, ""src"": ""inner_cv"", ""thr"": 0.1068}]",43.74,bootstrap unit: scaffold
T3,wide,scaffold,all,fg_aromatic_ring,F1pos,knn,bal_acc,0.7382,0.721,0.7544,0.5,,,,5198,4222,1000,20789,inner_cv,"[{""fold"": ""scaffold"", ""k"": 10, ""src"": ""inner_cv"", ""thr"": 0.1068}]",43.74,bootstrap unit: scaffold
T3,wide,scaffold,all,fg_aromatic_ring,F2,majority,auroc,0.5,0.5,0.5,0.5,,,,5198,4222,1000,20789,fixed,"[{""fold"": ""scaffold"", ""src"": ""fixed"", ""thr"": 0.5}]",2.08,bootstrap unit: scaffold
T3,wide,scaffold,all,fg_aromatic_ring,F2,majority,auprc,0.1801,0.168,0.1921,0.1801,,,,5198,4222,1000,20789,fixed,"[{""fold"": ""scaffold"", ""src"": ""fixed"", ""thr"": 0.5}]",2.08,bootstrap unit: scaffold
T3,wide,scaffold,all,fg_aromatic_ring,F2,majority,bal_acc,0.5,0.5,0.5,0.5,,,,5198,4222,1000,20789,fixed,"[{""fold"": ""scaffold"", ""src"": ""fixed"", ""thr"": 0.5}]",2.08,bootstrap unit: scaffold
T3,wide,scaffold,all,fg_aromatic_ring,F2,lr,auroc,0.9509,0.9435,0.9574,0.5,,,,5198,4222,1000,20789,inner_cv,"[{""fold"": ""scaffold"", ""C"": 0.01, ""src"": ""inner_cv"", ""thr"": 0.458}]",70.61,bootstrap unit: scaffold
T3,wide,scaffold,all,fg_aromatic_ring,F2,lr,auprc,0.8235,0.7932,0.8492,0.1801,,,,5198,4222,1000,20789,inner_cv,"[{""fold"": ""scaffold"", ""C"": 0.01, ""src"": ""inner_cv"", ""thr"": 0.458}]",70.61,bootstrap unit: scaffold
T3,wide,scaffold,all,fg_aromatic_ring,F2,lr,bal_acc,0.8713,0.8585,0.8831,0.5,,,,5198,4222,1000,20789,inner_cv,"[{""fold"": ""scaffold"", ""C"": 0.01, ""src"": ""inner_cv"", ""thr"": 0.458}]",70.61,bootstrap unit: scaffold
T3,wide,scaffold,all,fg_aromatic_ring,F2,hgb,auroc,0.9713,0.9663,0.9763,0.5,,,,5198,4222,1000,20789,inner_cv,"[{""fold"": ""scaffold"", ""src"": ""inner_cv"", ""thr"": 0.3604}]",57.82,bootstrap unit: scaffold
T3,wide,scaffold,all,fg_aromatic_ring,F2,hgb,auprc,0.9017,0.8844,0.918,0.1801,,,,5198,4222,1000,20789,inner_cv,"[{""fold"": ""scaffold"", ""src"": ""inner_cv"", ""thr"": 0.3604}]",57.82,bootstrap unit: scaffold
T3,wide,scaffold,all,fg_aromatic_ring,F2,hgb,bal_acc,0.9016,0.8893,0.9145,0.5,,,,5198,4222,1000,20789,inner_cv,"[{""fold"": ""scaffold"", ""src"": ""inner_cv"", ""thr"": 0.3604}]",57.82,bootstrap unit: scaffold
T3,wide,scaffold,all,fg_aromatic_ring,F2,knn,auroc,0.8953,0.8815,0.9086,0.5,,,,5198,4222,1000,20789,inner_cv,"[{""fold"": ""scaffold"", ""k"": 10, ""src"": ""inner_cv"", ""thr"": 0.1065}]",88.92,bootstrap unit: scaffold
T3,wide,scaffold,all,fg_aromatic_ring,F2,knn,auprc,0.7356,0.703,0.7668,0.1801,,,,5198,4222,1000,20789,inner_cv,"[{""fold"": ""scaffold"", ""k"": 10, ""src"": ""inner_cv"", ""thr"": 0.1065}]",88.92,bootstrap unit: scaffold
T3,wide,scaffold,all,fg_aromatic_ring,F2,knn,bal_acc,0.8356,0.8206,0.8497,0.5,,,,5198,4222,1000,20789,inner_cv,"[{""fold"": ""scaffold"", ""k"": 10, ""src"": ""inner_cv"", ""thr"": 0.1065}]",88.92,bootstrap unit: scaffold
T3,wide,scaffold,all,fg_aromatic_ring,F3,majority,auroc,0.5,0.5,0.5,0.5,,,,5198,4222,1000,20789,fixed,"[{""fold"": ""scaffold"", ""src"": ""fixed"", ""thr"": 0.5}]",1.55,bootstrap unit: scaffold
T3,wide,scaffold,all,fg_aromatic_ring,F3,majority,auprc,0.1801,0.168,0.1921,0.1801,,,,5198,4222,1000,20789,fixed,"[{""fold"": ""scaffold"", ""src"": ""fixed"", ""thr"": 0.5}]",1.55,bootstrap unit: scaffold
T3,wide,scaffold,all,fg_aromatic_ring,F3,majority,bal_acc,0.5,0.5,0.5,0.5,,,,5198,4222,1000,20789,fixed,"[{""fold"": ""scaffold"", ""src"": ""fixed"", ""thr"": 0.5}]",1.55,bootstrap unit: scaffold
T3,wide,scaffold,all,fg_aromatic_ring,F3,lr,auroc,0.9557,0.9485,0.962,0.5,,,,5198,4222,1000,20789,inner_cv,"[{""fold"": ""scaffold"", ""C"": 0.01, ""src"": ""inner_cv"", ""thr"": 0.485}]",50.8,bootstrap unit: scaffold
T3,wide,scaffold,all,fg_aromatic_ring,F3,lr,auprc,0.8431,0.8164,0.8667,0.1801,,,,5198,4222,1000,20789,inner_cv,"[{""fold"": ""scaffold"", ""C"": 0.01, ""src"": ""inner_cv"", ""thr"": 0.485}]",50.8,bootstrap unit: scaffold
T3,wide,scaffold,all,fg_aromatic_ring,F3,lr,bal_acc,0.8797,0.8661,0.8925,0.5,,,,5198,4222,1000,20789,inner_cv,"[{""fold"": ""scaffold"", ""C"": 0.01, ""src"": ""inner_cv"", ""thr"": 0.485}]",50.8,bootstrap unit: scaffold
T3,wide,scaffold,all,fg_aromatic_ring,F3,hgb,auroc,0.9809,0.9767,0.9849,0.5,0.0099,100,0.5012,5198,4222,1000,20789,inner_cv,"[{""fold"": ""scaffold"", ""src"": ""inner_cv"", ""thr"": 0.3709}]",52.6,bootstrap unit: scaffold
T3,wide,scaffold,all,fg_aromatic_ring,F3,hgb,auprc,0.9338,0.9192,0.9471,0.1801,,,,5198,4222,1000,20789,inner_cv,"[{""fold"": ""scaffold"", ""src"": ""inner_cv"", ""thr"": 0.3709}]",52.6,bootstrap unit: scaffold
T3,wide,scaffold,all,fg_aromatic_ring,F3,hgb,bal_acc,0.927,0.9157,0.9382,0.5,,,,5198,4222,1000,20789,inner_cv,"[{""fold"": ""scaffold"", ""src"": ""inner_cv"", ""thr"": 0.3709}]",52.6,bootstrap unit: scaffold
T3,wide,scaffold,all,fg_aromatic_ring,F3,knn,auroc,0.8998,0.8872,0.9135,0.5,,,,5198,4222,1000,20789,inner_cv,"[{""fold"": ""scaffold"", ""k"": 10, ""src"": ""inner_cv"", ""thr"": 0.112}]",113.02,bootstrap unit: scaffold
T3,wide,scaffold,all,fg_aromatic_ring,F3,knn,auprc,0.7518,0.7195,0.7827,0.1801,,,,5198,4222,1000,20789,inner_cv,"[{""fold"": ""scaffold"", ""k"": 10, ""src"": ""inner_cv"", ""thr"": 0.112}]",113.02,bootstrap unit: scaffold
T3,wide,scaffold,all,fg_aromatic_ring,F3,knn,bal_acc,0.8359,0.8219,0.8511,0.5,,,,5198,4222,1000,20789,inner_cv,"[{""fold"": ""scaffold"", ""k"": 10, ""src"": ""inner_cv"", ""thr"": 0.112}]",113.02,bootstrap unit: scaffold
T3,wide,scaffold,all,fg_aromatic_ring,F1.sqrt,majority,auroc,0.5,0.5,0.5,0.5,,,,5198,4222,1000,20789,fixed,"[{""fold"": ""scaffold"", ""src"": ""fixed"", ""thr"": 0.5}]",2.04,bootstrap unit: scaffold
T3,wide,scaffold,all,fg_aromatic_ring,F1.sqrt,majority,auprc,0.1801,0.168,0.1921,0.1801,,,,5198,4222,1000,20789,fixed,"[{""fold"": ""scaffold"", ""src"": ""fixed"", ""thr"": 0.5}]",2.04,bootstrap unit: scaffold
T3,wide,scaffold,all,fg_aromatic_ring,F1.sqrt,majority,bal_acc,0.5,0.5,0.5,0.5,,,,5198,4222,1000,20789,fixed,"[{""fold"": ""scaffold"", ""src"": ""fixed"", ""thr"": 0.5}]",2.04,bootstrap unit: scaffold
T3,wide,scaffold,all,fg_aromatic_ring,F1.sqrt,lr,auroc,0.9608,0.9545,0.9664,0.5,,,,5198,4222,1000,20789,inner_cv,"[{""fold"": ""scaffold"", ""C"": 0.01, ""src"": ""inner_cv"", ""thr"": 0.4468}]",4.93,bootstrap unit: scaffold
T3,wide,scaffold,all,fg_aromatic_ring,F1.sqrt,lr,auprc,0.8499,0.822,0.8738,0.1801,,,,5198,4222,1000,20789,inner_cv,"[{""fold"": ""scaffold"", ""C"": 0.01, ""src"": ""inner_cv"", ""thr"": 0.4468}]",4.93,bootstrap unit: scaffold
T3,wide,scaffold,all,fg_aromatic_ring,F1.sqrt,lr,bal_acc,0.8858,0.873,0.8979,0.5,,,,5198,4222,1000,20789,inner_cv,"[{""fold"": ""scaffold"", ""C"": 0.01, ""src"": ""inner_cv"", ""thr"": 0.4468}]",4.93,bootstrap unit: scaffold
T3,wide,scaffold,all,fg_aromatic_ring,F1.sqrt,hgb,auroc,0.9601,0.9537,0.9662,0.5,,,,5198,4222,1000,20789,inner_cv,"[{""fold"": ""scaffold"", ""src"": ""inner_cv"", ""thr"": 0.4101}]",8.45,bootstrap unit: scaffold
T3,wide,scaffold,all,fg_aromatic_ring,F1.sqrt,hgb,auprc,0.8435,0.8178,0.8685,0.1801,,,,5198,4222,1000,20789,inner_cv,"[{""fold"": ""scaffold"", ""src"": ""inner_cv"", ""thr"": 0.4101}]",8.45,bootstrap unit: scaffold
T3,wide,scaffold,all,fg_aromatic_ring,F1.sqrt,hgb,bal_acc,0.9001,0.8881,0.9121,0.5,,,,5198,4222,1000,20789,inner_cv,"[{""fold"": ""scaffold"", ""src"": ""inner_cv"", ""thr"": 0.4101}]",8.45,bootstrap unit: scaffold
T3,wide,scaffold,all,fg_aromatic_ring,F1.sqrt,knn,auroc,0.9096,0.8982,0.9207,0.5,,,,5198,4222,1000,20789,inner_cv,"[{""fold"": ""scaffold"", ""k"": 10, ""src"": ""inner_cv"", ""thr"": 0.2057}]",40.93,bootstrap unit: scaffold
T3,wide,scaffold,all,fg_aromatic_ring,F1.sqrt,knn,auprc,0.7404,0.7081,0.7706,0.1801,,,,5198,4222,1000,20789,inner_cv,"[{""fold"": ""scaffold"", ""k"": 10, ""src"": ""inner_cv"", ""thr"": 0.2057}]",40.93,bootstrap unit: scaffold
T3,wide,scaffold,all,fg_aromatic_ring,F1.sqrt,knn,bal_acc,0.8376,0.823,0.852,0.5,,,,5198,4222,1000,20789,inner_cv,"[{""fold"": ""scaffold"", ""k"": 10, ""src"": ""inner_cv"", ""thr"": 0.2057}]",40.93,bootstrap unit: scaffold
T3,wide,scaffold,all,fg_aromatic_ring,F2.lt1700,majority,auroc,0.5,0.5,0.5,0.5,,,,5198,4222,1000,20789,fixed,"[{""fold"": ""scaffold"", ""src"": ""fixed"", ""thr"": 0.5}]",2.16,bootstrap unit: scaffold
T3,wide,scaffold,all,fg_aromatic_ring,F2.lt1700,majority,auprc,0.1801,0.168,0.1921,0.1801,,,,5198,4222,1000,20789,fixed,"[{""fold"": ""scaffold"", ""src"": ""fixed"", ""thr"": 0.5}]",2.16,bootstrap unit: scaffold
T3,wide,scaffold,all,fg_aromatic_ring,F2.lt1700,majority,bal_acc,0.5,0.5,0.5,0.5,,,,5198,4222,1000,20789,fixed,"[{""fold"": ""scaffold"", ""src"": ""fixed"", ""thr"": 0.5}]",2.16,bootstrap unit: scaffold
T3,wide,scaffold,all,fg_aromatic_ring,F2.lt1700,lr,auroc,0.9481,0.9407,0.9546,0.5,,,,5198,4222,1000,20789,inner_cv,"[{""fold"": ""scaffold"", ""C"": 0.01, ""src"": ""inner_cv"", ""thr"": 0.452}]",76.59,bootstrap unit: scaffold
T3,wide,scaffold,all,fg_aromatic_ring,F2.lt1700,lr,auprc,0.8136,0.7832,0.8398,0.1801,,,,5198,4222,1000,20789,inner_cv,"[{""fold"": ""scaffold"", ""C"": 0.01, ""src"": ""inner_cv"", ""thr"": 0.452}]",76.59,bootstrap unit: scaffold
T3,wide,scaffold,all,fg_aromatic_ring,F2.lt1700,lr,bal_acc,0.874,0.861,0.8861,0.5,,,,5198,4222,1000,20789,inner_cv,"[{""fold"": ""scaffold"", ""C"": 0.01, ""src"": ""inner_cv"", ""thr"": 0.452}]",76.59,bootstrap unit: scaffold
T3,wide,scaffold,all,fg_aromatic_ring,F2.lt1700,hgb,auroc,0.9699,0.9647,0.975,0.5,,,,5198,4222,1000,20789,inner_cv,"[{""fold"": ""scaffold"", ""src"": ""inner_cv"", ""thr"": 0.3672}]",54.59,bootstrap unit: scaffold
T3,wide,scaffold,all,fg_aromatic_ring,F2.lt1700,hgb,auprc,0.8966,0.8781,0.9135,0.1801,,,,5198,4222,1000,20789,inner_cv,"[{""fold"": ""scaffold"", ""src"": ""inner_cv"", ""thr"": 0.3672}]",54.59,bootstrap unit: scaffold
T3,wide,scaffold,all,fg_aromatic_ring,F2.lt1700,hgb,bal_acc,0.8998,0.8881,0.9124,0.5,,,,5198,4222,1000,20789,inner_cv,"[{""fold"": ""scaffold"", ""src"": ""inner_cv"", ""thr"": 0.3672}]",54.59,bootstrap unit: scaffold
T3,wide,scaffold,all,fg_aromatic_ring,F2.lt1700,knn,auroc,0.8974,0.8843,0.9099,0.5,,,,5198,4222,1000,20789,inner_cv,"[{""fold"": ""scaffold"", ""k"": 10, ""src"": ""inner_cv"", ""thr"": 0.1081}]",64.06,bootstrap unit: scaffold
T3,wide,scaffold,all,fg_aromatic_ring,F2.lt1700,knn,auprc,0.7356,0.7003,0.7661,0.1801,,,,5198,4222,1000,20789,inner_cv,"[{""fold"": ""scaffold"", ""k"": 10, ""src"": ""inner_cv"", ""thr"": 0.1081}]",64.06,bootstrap unit: scaffold
T3,wide,scaffold,all,fg_aromatic_ring,F2.lt1700,knn,bal_acc,0.8399,0.8245,0.8541,0.5,,,,5198,4222,1000,20789,inner_cv,"[{""fold"": ""scaffold"", ""k"": 10, ""src"": ""inner_cv"", ""thr"": 0.1081}]",64.06,bootstrap unit: scaffold
T3,wide,scaffold,all,fg_aromatic_ring,F3.lt1700,majority,auroc,0.5,0.5,0.5,0.5,,,,5198,4222,1000,20789,fixed,"[{""fold"": ""scaffold"", ""src"": ""fixed"", ""thr"": 0.5}]",1.67,bootstrap unit: scaffold
T3,wide,scaffold,all,fg_aromatic_ring,F3.lt1700,majority,auprc,0.1801,0.168,0.1921,0.1801,,,,5198,4222,1000,20789,fixed,"[{""fold"": ""scaffold"", ""src"": ""fixed"", ""thr"": 0.5}]",1.67,bootstrap unit: scaffold
T3,wide,scaffold,all,fg_aromatic_ring,F3.lt1700,majority,bal_acc,0.5,0.5,0.5,0.5,,,,5198,4222,1000,20789,fixed,"[{""fold"": ""scaffold"", ""src"": ""fixed"", ""thr"": 0.5}]",1.67,bootstrap unit: scaffold
T3,wide,scaffold,all,fg_aromatic_ring,F3.lt1700,lr,auroc,0.9538,0.9465,0.9602,0.5,,,,5198,4222,1000,20789,inner_cv,"[{""fold"": ""scaffold"", ""C"": 0.01, ""src"": ""inner_cv"", ""thr"": 0.4776}]",75.83,bootstrap unit: scaffold
T3,wide,scaffold,all,fg_aromatic_ring,F3.lt1700,lr,auprc,0.8364,0.8081,0.8607,0.1801,,,,5198,4222,1000,20789,inner_cv,"[{""fold"": ""scaffold"", ""C"": 0.01, ""src"": ""inner_cv"", ""thr"": 0.4776}]",75.83,bootstrap unit: scaffold
T3,wide,scaffold,all,fg_aromatic_ring,F3.lt1700,lr,bal_acc,0.8801,0.8671,0.8923,0.5,,,,5198,4222,1000,20789,inner_cv,"[{""fold"": ""scaffold"", ""C"": 0.01, ""src"": ""inner_cv"", ""thr"": 0.4776}]",75.83,bootstrap unit: scaffold
T3,wide,scaffold,all,fg_aromatic_ring,F3.lt1700,hgb,auroc,0.9793,0.9749,0.9835,0.5,,,,5198,4222,1000,20789,inner_cv,"[{""fold"": ""scaffold"", ""src"": ""inner_cv"", ""thr"": 0.2411}]",38.88,bootstrap unit: scaffold
T3,wide,scaffold,all,fg_aromatic_ring,F3.lt1700,hgb,auprc,0.9287,0.9136,0.9432,0.1801,,,,5198,4222,1000,20789,inner_cv,"[{""fold"": ""scaffold"", ""src"": ""inner_cv"", ""thr"": 0.2411}]",38.88,bootstrap unit: scaffold
T3,wide,scaffold,all,fg_aromatic_ring,F3.lt1700,hgb,bal_acc,0.9266,0.9156,0.9368,0.5,,,,5198,4222,1000,20789,inner_cv,"[{""fold"": ""scaffold"", ""src"": ""inner_cv"", ""thr"": 0.2411}]",38.88,bootstrap unit: scaffold
T3,wide,scaffold,all,fg_aromatic_ring,F3.lt1700,knn,auroc,0.9044,0.8916,0.9171,0.5,,,,5198,4222,1000,20789,inner_cv,"[{""fold"": ""scaffold"", ""k"": 10, ""src"": ""inner_cv"", ""thr"": 0.1043}]",80.2,bootstrap unit: scaffold
T3,wide,scaffold,all,fg_aromatic_ring,F3.lt1700,knn,auprc,0.7493,0.7134,0.7825,0.1801,,,,5198,4222,1000,20789,inner_cv,"[{""fold"": ""scaffold"", ""k"": 10, ""src"": ""inner_cv"", ""thr"": 0.1043}]",80.2,bootstrap unit: scaffold
T3,wide,scaffold,all,fg_aromatic_ring,F3.lt1700,knn,bal_acc,0.8466,0.8328,0.8602,0.5,,,,5198,4222,1000,20789,inner_cv,"[{""fold"": ""scaffold"", ""k"": 10, ""src"": ""inner_cv"", ""thr"": 0.1043}]",80.2,bootstrap unit: scaffold
T3,wide,scaffold,all,fg_pyrrole_ring,F1,majority,auroc,0.5,0.5,0.5,0.5,,,,5198,4222,1000,20789,fixed,"[{""fold"": ""scaffold"", ""src"": ""fixed"", ""thr"": 0.5}]",1.71,bootstrap unit: scaffold
T3,wide,scaffold,all,fg_pyrrole_ring,F1,majority,auprc,0.0156,0.012,0.0194,0.0156,,,,5198,4222,1000,20789,fixed,"[{""fold"": ""scaffold"", ""src"": ""fixed"", ""thr"": 0.5}]",1.71,bootstrap unit: scaffold
T3,wide,scaffold,all,fg_pyrrole_ring,F1,majority,bal_acc,0.5,0.5,0.5,0.5,,,,5198,4222,1000,20789,fixed,"[{""fold"": ""scaffold"", ""src"": ""fixed"", ""thr"": 0.5}]",1.71,bootstrap unit: scaffold
T3,wide,scaffold,all,fg_pyrrole_ring,F1,lr,auroc,0.9419,0.9206,0.9579,0.5,0.0099,100,0.5041,5198,4222,1000,20789,inner_cv,"[{""fold"": ""scaffold"", ""C"": 0.01, ""src"": ""inner_cv"", ""thr"": 0.4617}]",7.15,bootstrap unit: scaffold
T3,wide,scaffold,all,fg_pyrrole_ring,F1,lr,auprc,0.1897,0.1289,0.2835,0.0156,,,,5198,4222,1000,20789,inner_cv,"[{""fold"": ""scaffold"", ""C"": 0.01, ""src"": ""inner_cv"", ""thr"": 0.4617}]",7.15,bootstrap unit: scaffold
T3,wide,scaffold,all,fg_pyrrole_ring,F1,lr,bal_acc,0.8602,0.8132,0.9042,0.5,,,,5198,4222,1000,20789,inner_cv,"[{""fold"": ""scaffold"", ""C"": 0.01, ""src"": ""inner_cv"", ""thr"": 0.4617}]",7.15,bootstrap unit: scaffold
T3,wide,scaffold,all,fg_pyrrole_ring,F1,hgb,auroc,0.947,0.928,0.9623,0.5,,,,5198,4222,1000,20789,inner_cv,"[{""fold"": ""scaffold"", ""src"": ""inner_cv"", ""thr"": 0.1665}]",6.65,bootstrap unit: scaffold
T3,wide,scaffold,all,fg_pyrrole_ring,F1,hgb,auprc,0.212,0.1402,0.3038,0.0156,,,,5198,4222,1000,20789,inner_cv,"[{""fold"": ""scaffold"", ""src"": ""inner_cv"", ""thr"": 0.1665}]",6.65,bootstrap unit: scaffold
T3,wide,scaffold,all,fg_pyrrole_ring,F1,hgb,bal_acc,0.8848,0.8466,0.9199,0.5,,,,5198,4222,1000,20789,inner_cv,"[{""fold"": ""scaffold"", ""src"": ""inner_cv"", ""thr"": 0.1665}]",6.65,bootstrap unit: scaffold
T3,wide,scaffold,all,fg_pyrrole_ring,F1,knn,auroc,0.8429,0.7756,0.899,0.5,,,,5198,4222,1000,20789,inner_cv,"[{""fold"": ""scaffold"", ""k"": 10, ""src"": ""inner_cv"", ""thr"": 0.099}]",39.84,bootstrap unit: scaffold
T3,wide,scaffold,all,fg_pyrrole_ring,F1,knn,auprc,0.1709,0.0998,0.2698,0.0156,,,,5198,4222,1000,20789,inner_cv,"[{""fold"": ""scaffold"", ""k"": 10, ""src"": ""inner_cv"", ""thr"": 0.099}]",39.84,bootstrap unit: scaffold
T3,wide,scaffold,all,fg_pyrrole_ring,F1,knn,bal_acc,0.7904,0.7293,0.8461,0.5,,,,5198,4222,1000,20789,inner_cv,"[{""fold"": ""scaffold"", ""k"": 10, ""src"": ""inner_cv"", ""thr"": 0.099}]",39.84,bootstrap unit: scaffold
T3,wide,scaffold,all,fg_pyrrole_ring,F1pos,majority,auroc,0.5,0.5,0.5,0.5,,,,5198,4222,1000,20789,fixed,"[{""fold"": ""scaffold"", ""src"": ""fixed"", ""thr"": 0.5}]",2.83,bootstrap unit: scaffold
T3,wide,scaffold,all,fg_pyrrole_ring,F1pos,majority,auprc,0.0156,0.012,0.0194,0.0156,,,,5198,4222,1000,20789,fixed,"[{""fold"": ""scaffold"", ""src"": ""fixed"", ""thr"": 0.5}]",2.83,bootstrap unit: scaffold
T3,wide,scaffold,all,fg_pyrrole_ring,F1pos,majority,bal_acc,0.5,0.5,0.5,0.5,,,,5198,4222,1000,20789,fixed,"[{""fold"": ""scaffold"", ""src"": ""fixed"", ""thr"": 0.5}]",2.83,bootstrap unit: scaffold
T3,wide,scaffold,all,fg_pyrrole_ring,F1pos,lr,auroc,0.9374,0.9214,0.9509,0.5,,,,5198,4222,1000,20789,inner_cv,"[{""fold"": ""scaffold"", ""C"": 0.01, ""src"": ""inner_cv"", ""thr"": 0.2972}]",6.77,bootstrap unit: scaffold
T3,wide,scaffold,all,fg_pyrrole_ring,F1pos,lr,auprc,0.2002,0.1198,0.3054,0.0156,,,,5198,4222,1000,20789,inner_cv,"[{""fold"": ""scaffold"", ""C"": 0.01, ""src"": ""inner_cv"", ""thr"": 0.2972}]",6.77,bootstrap unit: scaffold
T3,wide,scaffold,all,fg_pyrrole_ring,F1pos,lr,bal_acc,0.8854,0.85,0.9128,0.5,,,,5198,4222,1000,20789,inner_cv,"[{""fold"": ""scaffold"", ""C"": 0.01, ""src"": ""inner_cv"", ""thr"": 0.2972}]",6.77,bootstrap unit: scaffold
T3,wide,scaffold,all,fg_pyrrole_ring,F1pos,hgb,auroc,0.941,0.9287,0.9518,0.5,,,,5198,4222,1000,20789,inner_cv,"[{""fold"": ""scaffold"", ""src"": ""inner_cv"", ""thr"": 0.1957}]",11.37,bootstrap unit: scaffold
T3,wide,scaffold,all,fg_pyrrole_ring,F1pos,hgb,auprc,0.1623,0.1054,0.2458,0.0156,,,,5198,4222,1000,20789,inner_cv,"[{""fold"": ""scaffold"", ""src"": ""inner_cv"", ""thr"": 0.1957}]",11.37,bootstrap unit: scaffold
T3,wide,scaffold,all,fg_pyrrole_ring,F1pos,hgb,bal_acc,0.9023,0.8773,0.92,0.5,,,,5198,4222,1000,20789,inner_cv,"[{""fold"": ""scaffold"", ""src"": ""inner_cv"", ""thr"": 0.1957}]",11.37,bootstrap unit: scaffold
T3,wide,scaffold,all,fg_pyrrole_ring,F1pos,knn,auroc,0.626,0.57,0.6782,0.5,,,,5198,4222,1000,20789,inner_cv,"[{""fold"": ""scaffold"", ""k"": 10, ""src"": ""inner_cv"", ""thr"": 0.0921}]",41.88,bootstrap unit: scaffold
T3,wide,scaffold,all,fg_pyrrole_ring,F1pos,knn,auprc,0.0441,0.0245,0.0859,0.0156,,,,5198,4222,1000,20789,inner_cv,"[{""fold"": ""scaffold"", ""k"": 10, ""src"": ""inner_cv"", ""thr"": 0.0921}]",41.88,bootstrap unit: scaffold
T3,wide,scaffold,all,fg_pyrrole_ring,F1pos,knn,bal_acc,0.6237,0.5685,0.6753,0.5,,,,5198,4222,1000,20789,inner_cv,"[{""fold"": ""scaffold"", ""k"": 10, ""src"": ""inner_cv"", ""thr"": 0.0921}]",41.88,bootstrap unit: scaffold
T3,wide,scaffold,all,fg_pyrrole_ring,F2,majority,auroc,0.5,0.5,0.5,0.5,,,,5198,4222,1000,20789,fixed,"[{""fold"": ""scaffold"", ""src"": ""fixed"", ""thr"": 0.5}]",1.91,bootstrap unit: scaffold
T3,wide,scaffold,all,fg_pyrrole_ring,F2,majority,auprc,0.0156,0.012,0.0194,0.0156,,,,5198,4222,1000,20789,fixed,"[{""fold"": ""scaffold"", ""src"": ""fixed"", ""thr"": 0.5}]",1.91,bootstrap unit: scaffold
T3,wide,scaffold,all,fg_pyrrole_ring,F2,majority,bal_acc,0.5,0.5,0.5,0.5,,,,5198,4222,1000,20789,fixed,"[{""fold"": ""scaffold"", ""src"": ""fixed"", ""thr"": 0.5}]",1.91,bootstrap unit: scaffold
T3,wide,scaffold,all,fg_pyrrole_ring,F2,lr,auroc,0.9276,0.903,0.9471,0.5,,,,5198,4222,1000,20789,inner_cv,"[{""fold"": ""scaffold"", ""C"": 0.01, ""src"": ""inner_cv"", ""thr"": 0.2811}]",119.01,bootstrap unit: scaffold
T3,wide,scaffold,all,fg_pyrrole_ring,F2,lr,auprc,0.1484,0.1005,0.2236,0.0156,,,,5198,4222,1000,20789,inner_cv,"[{""fold"": ""scaffold"", ""C"": 0.01, ""src"": ""inner_cv"", ""thr"": 0.2811}]",119.01,bootstrap unit: scaffold
T3,wide,scaffold,all,fg_pyrrole_ring,F2,lr,bal_acc,0.8433,0.7935,0.8889,0.5,,,,5198,4222,1000,20789,inner_cv,"[{""fold"": ""scaffold"", ""C"": 0.01, ""src"": ""inner_cv"", ""thr"": 0.2811}]",119.01,bootstrap unit: scaffold
T3,wide,scaffold,all,fg_pyrrole_ring,F2,hgb,auroc,0.9554,0.9422,0.9669,0.5,,,,5198,4222,1000,20789,inner_cv,"[{""fold"": ""scaffold"", ""src"": ""inner_cv"", ""thr"": 0.0284}]",51.06,bootstrap unit: scaffold
T3,wide,scaffold,all,fg_pyrrole_ring,F2,hgb,auprc,0.2157,0.1494,0.3183,0.0156,,,,5198,4222,1000,20789,inner_cv,"[{""fold"": ""scaffold"", ""src"": ""inner_cv"", ""thr"": 0.0284}]",51.06,bootstrap unit: scaffold
T3,wide,scaffold,all,fg_pyrrole_ring,F2,hgb,bal_acc,0.9149,0.8855,0.9389,0.5,,,,5198,4222,1000,20789,inner_cv,"[{""fold"": ""scaffold"", ""src"": ""inner_cv"", ""thr"": 0.0284}]",51.06,bootstrap unit: scaffold
T3,wide,scaffold,all,fg_pyrrole_ring,F2,knn,auroc,0.8072,0.7429,0.8655,0.5,,,,5198,4222,1000,20789,inner_cv,"[{""fold"": ""scaffold"", ""k"": 10, ""src"": ""inner_cv"", ""thr"": 0.0847}]",57.49,bootstrap unit: scaffold
T3,wide,scaffold,all,fg_pyrrole_ring,F2,knn,auprc,0.1664,0.0981,0.2763,0.0156,,,,5198,4222,1000,20789,inner_cv,"[{""fold"": ""scaffold"", ""k"": 10, ""src"": ""inner_cv"", ""thr"": 0.0847}]",57.49,bootstrap unit: scaffold
T3,wide,scaffold,all,fg_pyrrole_ring,F2,knn,bal_acc,0.797,0.7346,0.8529,0.5,,,,5198,4222,1000,20789,inner_cv,"[{""fold"": ""scaffold"", ""k"": 10, ""src"": ""inner_cv"", ""thr"": 0.0847}]",57.49,bootstrap unit: scaffold
T3,wide,scaffold,all,fg_pyrrole_ring,F3,majority,auroc,0.5,0.5,0.5,0.5,,,,5198,4222,1000,20789,fixed,"[{""fold"": ""scaffold"", ""src"": ""fixed"", ""thr"": 0.5}]",1.22,bootstrap unit: scaffold
T3,wide,scaffold,all,fg_pyrrole_ring,F3,majority,auprc,0.0156,0.012,0.0194,0.0156,,,,5198,4222,1000,20789,fixed,"[{""fold"": ""scaffold"", ""src"": ""fixed"", ""thr"": 0.5}]",1.22,bootstrap unit: scaffold
T3,wide,scaffold,all,fg_pyrrole_ring,F3,majority,bal_acc,0.5,0.5,0.5,0.5,,,,5198,4222,1000,20789,fixed,"[{""fold"": ""scaffold"", ""src"": ""fixed"", ""thr"": 0.5}]",1.22,bootstrap unit: scaffold
T3,wide,scaffold,all,fg_pyrrole_ring,F3,lr,auroc,0.9322,0.907,0.9519,0.5,,,,5198,4222,1000,20789,inner_cv,"[{""fold"": ""scaffold"", ""C"": 0.01, ""src"": ""inner_cv"", ""thr"": 0.2469}]",68.51,bootstrap unit: scaffold
T3,wide,scaffold,all,fg_pyrrole_ring,F3,lr,auprc,0.1488,0.1065,0.2197,0.0156,,,,5198,4222,1000,20789,inner_cv,"[{""fold"": ""scaffold"", ""C"": 0.01, ""src"": ""inner_cv"", ""thr"": 0.2469}]",68.51,bootstrap unit: scaffold
T3,wide,scaffold,all,fg_pyrrole_ring,F3,lr,bal_acc,0.865,0.8212,0.9071,0.5,,,,5198,4222,1000,20789,inner_cv,"[{""fold"": ""scaffold"", ""C"": 0.01, ""src"": ""inner_cv"", ""thr"": 0.2469}]",68.51,bootstrap unit: scaffold
T3,wide,scaffold,all,fg_pyrrole_ring,F3,hgb,auroc,0.9662,0.9555,0.9758,0.5,0.0099,100,0.4989,5198,4222,1000,20789,inner_cv,"[{""fold"": ""scaffold"", ""src"": ""inner_cv"", ""thr"": 0.0342}]",50.26,bootstrap unit: scaffold
T3,wide,scaffold,all,fg_pyrrole_ring,F3,hgb,auprc,0.2932,0.206,0.4159,0.0156,,,,5198,4222,1000,20789,inner_cv,"[{""fold"": ""scaffold"", ""src"": ""inner_cv"", ""thr"": 0.0342}]",50.26,bootstrap unit: scaffold
T3,wide,scaffold,all,fg_pyrrole_ring,F3,hgb,bal_acc,0.9205,0.8929,0.9451,0.5,,,,5198,4222,1000,20789,inner_cv,"[{""fold"": ""scaffold"", ""src"": ""inner_cv"", ""thr"": 0.0342}]",50.26,bootstrap unit: scaffold
T3,wide,scaffold,all,fg_pyrrole_ring,F3,knn,auroc,0.8181,0.7581,0.8745,0.5,,,,5198,4222,1000,20789,inner_cv,"[{""fold"": ""scaffold"", ""k"": 10, ""src"": ""inner_cv"", ""thr"": 0.0641}]",88.46,bootstrap unit: scaffold
T3,wide,scaffold,all,fg_pyrrole_ring,F3,knn,auprc,0.1673,0.1019,0.2712,0.0156,,,,5198,4222,1000,20789,inner_cv,"[{""fold"": ""scaffold"", ""k"": 10, ""src"": ""inner_cv"", ""thr"": 0.0641}]",88.46,bootstrap unit: scaffold
T3,wide,scaffold,all,fg_pyrrole_ring,F3,knn,bal_acc,0.8079,0.7496,0.8619,0.5,,,,5198,4222,1000,20789,inner_cv,"[{""fold"": ""scaffold"", ""k"": 10, ""src"": ""inner_cv"", ""thr"": 0.0641}]",88.46,bootstrap unit: scaffold
T3,wide,scaffold,all,fg_pyrrole_ring,F1.sqrt,majority,auroc,0.5,0.5,0.5,0.5,,,,5198,4222,1000,20789,fixed,"[{""fold"": ""scaffold"", ""src"": ""fixed"", ""thr"": 0.5}]",2.13,bootstrap unit: scaffold
T3,wide,scaffold,all,fg_pyrrole_ring,F1.sqrt,majority,auprc,0.0156,0.012,0.0194,0.0156,,,,5198,4222,1000,20789,fixed,"[{""fold"": ""scaffold"", ""src"": ""fixed"", ""thr"": 0.5}]",2.13,bootstrap unit: scaffold
T3,wide,scaffold,all,fg_pyrrole_ring,F1.sqrt,majority,bal_acc,0.5,0.5,0.5,0.5,,,,5198,4222,1000,20789,fixed,"[{""fold"": ""scaffold"", ""src"": ""fixed"", ""thr"": 0.5}]",2.13,bootstrap unit: scaffold
T3,wide,scaffold,all,fg_pyrrole_ring,F1.sqrt,lr,auroc,0.9432,0.9262,0.9574,0.5,,,,5198,4222,1000,20789,inner_cv,"[{""fold"": ""scaffold"", ""C"": 0.01, ""src"": ""inner_cv"", ""thr"": 0.4577}]",12.42,bootstrap unit: scaffold
T3,wide,scaffold,all,fg_pyrrole_ring,F1.sqrt,lr,auprc,0.1934,0.1292,0.2899,0.0156,,,,5198,4222,1000,20789,inner_cv,"[{""fold"": ""scaffold"", ""C"": 0.01, ""src"": ""inner_cv"", ""thr"": 0.4577}]",12.42,bootstrap unit: scaffold
T3,wide,scaffold,all,fg_pyrrole_ring,F1.sqrt,lr,bal_acc,0.8594,0.8119,0.9011,0.5,,,,5198,4222,1000,20789,inner_cv,"[{""fold"": ""scaffold"", ""C"": 0.01, ""src"": ""inner_cv"", ""thr"": 0.4577}]",12.42,bootstrap unit: scaffold
T3,wide,scaffold,all,fg_pyrrole_ring,F1.sqrt,hgb,auroc,0.947,0.928,0.9623,0.5,,,,5198,4222,1000,20789,inner_cv,"[{""fold"": ""scaffold"", ""src"": ""inner_cv"", ""thr"": 0.1665}]",12.32,bootstrap unit: scaffold
T3,wide,scaffold,all,fg_pyrrole_ring,F1.sqrt,hgb,auprc,0.212,0.1402,0.3038,0.0156,,,,5198,4222,1000,20789,inner_cv,"[{""fold"": ""scaffold"", ""src"": ""inner_cv"", ""thr"": 0.1665}]",12.32,bootstrap unit: scaffold
T3,wide,scaffold,all,fg_pyrrole_ring,F1.sqrt,hgb,bal_acc,0.8848,0.8466,0.9199,0.5,,,,5198,4222,1000,20789,inner_cv,"[{""fold"": ""scaffold"", ""src"": ""inner_cv"", ""thr"": 0.1665}]",12.32,bootstrap unit: scaffold
T3,wide,scaffold,all,fg_pyrrole_ring,F1.sqrt,knn,auroc,0.831,0.7785,0.8789,0.5,,,,5198,4222,1000,20789,inner_cv,"[{""fold"": ""scaffold"", ""k"": 10, ""src"": ""inner_cv"", ""thr"": 0.0907}]",50.38,bootstrap unit: scaffold
T3,wide,scaffold,all,fg_pyrrole_ring,F1.sqrt,knn,auprc,0.1451,0.0888,0.2282,0.0156,,,,5198,4222,1000,20789,inner_cv,"[{""fold"": ""scaffold"", ""k"": 10, ""src"": ""inner_cv"", ""thr"": 0.0907}]",50.38,bootstrap unit: scaffold
T3,wide,scaffold,all,fg_pyrrole_ring,F1.sqrt,knn,bal_acc,0.8195,0.7694,0.865,0.5,,,,5198,4222,1000,20789,inner_cv,"[{""fold"": ""scaffold"", ""k"": 10, ""src"": ""inner_cv"", ""thr"": 0.0907}]",50.38,bootstrap unit: scaffold
T3,wide,scaffold,all,fg_pyrrole_ring,F2.lt1700,majority,auroc,0.5,0.5,0.5,0.5,,,,5198,4222,1000,20789,fixed,"[{""fold"": ""scaffold"", ""src"": ""fixed"", ""thr"": 0.5}]",2.0,bootstrap unit: scaffold
T3,wide,scaffold,all,fg_pyrrole_ring,F2.lt1700,majority,auprc,0.0156,0.012,0.0194,0.0156,,,,5198,4222,1000,20789,fixed,"[{""fold"": ""scaffold"", ""src"": ""fixed"", ""thr"": 0.5}]",2.0,bootstrap unit: scaffold
T3,wide,scaffold,all,fg_pyrrole_ring,F2.lt1700,majority,bal_acc,0.5,0.5,0.5,0.5,,,,5198,4222,1000,20789,fixed,"[{""fold"": ""scaffold"", ""src"": ""fixed"", ""thr"": 0.5}]",2.0,bootstrap unit: scaffold
T3,wide,scaffold,all,fg_pyrrole_ring,F2.lt1700,lr,auroc,0.9238,0.8978,0.9442,0.5,,,,5198,4222,1000,20789,inner_cv,"[{""fold"": ""scaffold"", ""C"": 0.01, ""src"": ""inner_cv"", ""thr"": 0.3005}]",82.18,bootstrap unit: scaffold
T3,wide,scaffold,all,fg_pyrrole_ring,F2.lt1700,lr,auprc,0.1435,0.0969,0.2176,0.0156,,,,5198,4222,1000,20789,inner_cv,"[{""fold"": ""scaffold"", ""C"": 0.01, ""src"": ""inner_cv"", ""thr"": 0.3005}]",82.18,bootstrap unit: scaffold
T3,wide,scaffold,all,fg_pyrrole_ring,F2.lt1700,lr,bal_acc,0.8371,0.7866,0.8852,0.5,,,,5198,4222,1000,20789,inner_cv,"[{""fold"": ""scaffold"", ""C"": 0.01, ""src"": ""inner_cv"", ""thr"": 0.3005}]",82.18,bootstrap unit: scaffold
T3,wide,scaffold,all,fg_pyrrole_ring,F2.lt1700,hgb,auroc,0.9575,0.9448,0.9686,0.5,,,,5198,4222,1000,20789,inner_cv,"[{""fold"": ""scaffold"", ""src"": ""inner_cv"", ""thr"": 0.0243}]",43.55,bootstrap unit: scaffold
T3,wide,scaffold,all,fg_pyrrole_ring,F2.lt1700,hgb,auprc,0.2279,0.1579,0.3331,0.0156,,,,5198,4222,1000,20789,inner_cv,"[{""fold"": ""scaffold"", ""src"": ""inner_cv"", ""thr"": 0.0243}]",43.55,bootstrap unit: scaffold
T3,wide,scaffold,all,fg_pyrrole_ring,F2.lt1700,hgb,bal_acc,0.906,0.8722,0.9326,0.5,,,,5198,4222,1000,20789,inner_cv,"[{""fold"": ""scaffold"", ""src"": ""inner_cv"", ""thr"": 0.0243}]",43.55,bootstrap unit: scaffold
T3,wide,scaffold,all,fg_pyrrole_ring,F2.lt1700,knn,auroc,0.8164,0.7573,0.8721,0.5,,,,5198,4222,1000,20789,inner_cv,"[{""fold"": ""scaffold"", ""k"": 10, ""src"": ""inner_cv"", ""thr"": 0.0665}]",94.98,bootstrap unit: scaffold
T3,wide,scaffold,all,fg_pyrrole_ring,F2.lt1700,knn,auprc,0.1562,0.0901,0.2577,0.0156,,,,5198,4222,1000,20789,inner_cv,"[{""fold"": ""scaffold"", ""k"": 10, ""src"": ""inner_cv"", ""thr"": 0.0665}]",94.98,bootstrap unit: scaffold
T3,wide,scaffold,all,fg_pyrrole_ring,F2.lt1700,knn,bal_acc,0.8082,0.7519,0.8628,0.5,,,,5198,4222,1000,20789,inner_cv,"[{""fold"": ""scaffold"", ""k"": 10, ""src"": ""inner_cv"", ""thr"": 0.0665}]",94.98,bootstrap unit: scaffold
T3,wide,scaffold,all,fg_pyrrole_ring,F3.lt1700,majority,auroc,0.5,0.5,0.5,0.5,,,,5198,4222,1000,20789,fixed,"[{""fold"": ""scaffold"", ""src"": ""fixed"", ""thr"": 0.5}]",2.44,bootstrap unit: scaffold
T3,wide,scaffold,all,fg_pyrrole_ring,F3.lt1700,majority,auprc,0.0156,0.012,0.0194,0.0156,,,,5198,4222,1000,20789,fixed,"[{""fold"": ""scaffold"", ""src"": ""fixed"", ""thr"": 0.5}]",2.44,bootstrap unit: scaffold
T3,wide,scaffold,all,fg_pyrrole_ring,F3.lt1700,majority,bal_acc,0.5,0.5,0.5,0.5,,,,5198,4222,1000,20789,fixed,"[{""fold"": ""scaffold"", ""src"": ""fixed"", ""thr"": 0.5}]",2.44,bootstrap unit: scaffold
T3,wide,scaffold,all,fg_pyrrole_ring,F3.lt1700,lr,auroc,0.9289,0.9025,0.9494,0.5,,,,5198,4222,1000,20789,inner_cv,"[{""fold"": ""scaffold"", ""C"": 0.01, ""src"": ""inner_cv"", ""thr"": 0.2709}]",83.38,bootstrap unit: scaffold
T3,wide,scaffold,all,fg_pyrrole_ring,F3.lt1700,lr,auprc,0.1436,0.1024,0.2115,0.0156,,,,5198,4222,1000,20789,inner_cv,"[{""fold"": ""scaffold"", ""C"": 0.01, ""src"": ""inner_cv"", ""thr"": 0.2709}]",83.38,bootstrap unit: scaffold
T3,wide,scaffold,all,fg_pyrrole_ring,F3.lt1700,lr,bal_acc,0.8535,0.8029,0.897,0.5,,,,5198,4222,1000,20789,inner_cv,"[{""fold"": ""scaffold"", ""C"": 0.01, ""src"": ""inner_cv"", ""thr"": 0.2709}]",83.38,bootstrap unit: scaffold
T3,wide,scaffold,all,fg_pyrrole_ring,F3.lt1700,hgb,auroc,0.9642,0.9534,0.9742,0.5,,,,5198,4222,1000,20789,inner_cv,"[{""fold"": ""scaffold"", ""src"": ""inner_cv"", ""thr"": 0.0557}]",78.65,bootstrap unit: scaffold
T3,wide,scaffold,all,fg_pyrrole_ring,F3.lt1700,hgb,auprc,0.2937,0.2074,0.4141,0.0156,,,,5198,4222,1000,20789,inner_cv,"[{""fold"": ""scaffold"", ""src"": ""inner_cv"", ""thr"": 0.0557}]",78.65,bootstrap unit: scaffold
T3,wide,scaffold,all,fg_pyrrole_ring,F3.lt1700,hgb,bal_acc,0.8916,0.8536,0.9287,0.5,,,,5198,4222,1000,20789,inner_cv,"[{""fold"": ""scaffold"", ""src"": ""inner_cv"", ""thr"": 0.0557}]",78.65,bootstrap unit: scaffold
T3,wide,scaffold,all,fg_pyrrole_ring,F3.lt1700,knn,auroc,0.81,0.7509,0.8665,0.5,,,,5198,4222,1000,20789,inner_cv,"[{""fold"": ""scaffold"", ""k"": 10, ""src"": ""inner_cv"", ""thr"": 0.0641}]",108.12,bootstrap unit: scaffold
T3,wide,scaffold,all,fg_pyrrole_ring,F3.lt1700,knn,auprc,0.1481,0.0888,0.2461,0.0156,,,,5198,4222,1000,20789,inner_cv,"[{""fold"": ""scaffold"", ""k"": 10, ""src"": ""inner_cv"", ""thr"": 0.0641}]",108.12,bootstrap unit: scaffold
T3,wide,scaffold,all,fg_pyrrole_ring,F3.lt1700,knn,bal_acc,0.8017,0.7447,0.8558,0.5,,,,5198,4222,1000,20789,inner_cv,"[{""fold"": ""scaffold"", ""k"": 10, ""src"": ""inner_cv"", ""thr"": 0.0641}]",108.12,bootstrap unit: scaffold
T3,wide,scaffold,all,fg_imidazole_ring,F1,majority,auroc,0.5,0.5,0.5,0.5,,,,5198,4222,1000,20789,fixed,"[{""fold"": ""scaffold"", ""src"": ""fixed"", ""thr"": 0.5}]",6.33,bootstrap unit: scaffold
T3,wide,scaffold,all,fg_imidazole_ring,F1,majority,auprc,0.011,0.0077,0.0143,0.011,,,,5198,4222,1000,20789,fixed,"[{""fold"": ""scaffold"", ""src"": ""fixed"", ""thr"": 0.5}]",6.33,bootstrap unit: scaffold
T3,wide,scaffold,all,fg_imidazole_ring,F1,majority,bal_acc,0.5,0.5,0.5,0.5,,,,5198,4222,1000,20789,fixed,"[{""fold"": ""scaffold"", ""src"": ""fixed"", ""thr"": 0.5}]",6.33,bootstrap unit: scaffold
T3,wide,scaffold,all,fg_imidazole_ring,F1,lr,auroc,0.949,0.935,0.9621,0.5,0.0099,100,0.4976,5198,4222,1000,20789,inner_cv,"[{""fold"": ""scaffold"", ""C"": 0.1, ""src"": ""inner_cv"", ""thr"": 0.2259}]",7.06,bootstrap unit: scaffold
T3,wide,scaffold,all,fg_imidazole_ring,F1,lr,auprc,0.1362,0.0881,0.2174,0.011,,,,5198,4222,1000,20789,inner_cv,"[{""fold"": ""scaffold"", ""C"": 0.1, ""src"": ""inner_cv"", ""thr"": 0.2259}]",7.06,bootstrap unit: scaffold
T3,wide,scaffold,all,fg_imidazole_ring,F1,lr,bal_acc,0.8884,0.8457,0.9231,0.5,,,,5198,4222,1000,20789,inner_cv,"[{""fold"": ""scaffold"", ""C"": 0.1, ""src"": ""inner_cv"", ""thr"": 0.2259}]",7.06,bootstrap unit: scaffold
T3,wide,scaffold,all,fg_imidazole_ring,F1,hgb,auroc,0.9377,0.9197,0.9542,0.5,,,,5198,4222,1000,20789,inner_cv,"[{""fold"": ""scaffold"", ""src"": ""inner_cv"", ""thr"": 0.0385}]",6.98,bootstrap unit: scaffold
T3,wide,scaffold,all,fg_imidazole_ring,F1,hgb,auprc,0.1539,0.0837,0.2475,0.011,,,,5198,4222,1000,20789,inner_cv,"[{""fold"": ""scaffold"", ""src"": ""inner_cv"", ""thr"": 0.0385}]",6.98,bootstrap unit: scaffold
T3,wide,scaffold,all,fg_imidazole_ring,F1,hgb,bal_acc,0.8818,0.8522,0.9089,0.5,,,,5198,4222,1000,20789,inner_cv,"[{""fold"": ""scaffold"", ""src"": ""inner_cv"", ""thr"": 0.0385}]",6.98,bootstrap unit: scaffold
T3,wide,scaffold,all,fg_imidazole_ring,F1,knn,auroc,0.6848,0.6154,0.7575,0.5,,,,5198,4222,1000,20789,inner_cv,"[{""fold"": ""scaffold"", ""k"": 10, ""src"": ""inner_cv"", ""thr"": 0.0755}]",35.24,bootstrap unit: scaffold
T3,wide,scaffold,all,fg_imidazole_ring,F1,knn,auprc,0.0567,0.0231,0.1147,0.011,,,,5198,4222,1000,20789,inner_cv,"[{""fold"": ""scaffold"", ""k"": 10, ""src"": ""inner_cv"", ""thr"": 0.0755}]",35.24,bootstrap unit: scaffold
T3,wide,scaffold,all,fg_imidazole_ring,F1,knn,bal_acc,0.679,0.6133,0.7508,0.5,,,,5198,4222,1000,20789,inner_cv,"[{""fold"": ""scaffold"", ""k"": 10, ""src"": ""inner_cv"", ""thr"": 0.0755}]",35.24,bootstrap unit: scaffold
T3,wide,scaffold,all,fg_imidazole_ring,F1pos,majority,auroc,0.5,0.5,0.5,0.5,,,,5198,4222,1000,20789,fixed,"[{""fold"": ""scaffold"", ""src"": ""fixed"", ""thr"": 0.5}]",1.98,bootstrap unit: scaffold
T3,wide,scaffold,all,fg_imidazole_ring,F1pos,majority,auprc,0.011,0.0077,0.0143,0.011,,,,5198,4222,1000,20789,fixed,"[{""fold"": ""scaffold"", ""src"": ""fixed"", ""thr"": 0.5}]",1.98,bootstrap unit: scaffold
T3,wide,scaffold,all,fg_imidazole_ring,F1pos,majority,bal_acc,0.5,0.5,0.5,0.5,,,,5198,4222,1000,20789,fixed,"[{""fold"": ""scaffold"", ""src"": ""fixed"", ""thr"": 0.5}]",1.98,bootstrap unit: scaffold
T3,wide,scaffold,all,fg_imidazole_ring,F1pos,lr,auroc,0.9183,0.895,0.9372,0.5,,,,5198,4222,1000,20789,inner_cv,"[{""fold"": ""scaffold"", ""C"": 0.01, ""src"": ""inner_cv"", ""thr"": 0.4305}]",9.05,bootstrap unit: scaffold
T3,wide,scaffold,all,fg_imidazole_ring,F1pos,lr,auprc,0.1184,0.0669,0.2068,0.011,,,,5198,4222,1000,20789,inner_cv,"[{""fold"": ""scaffold"", ""C"": 0.01, ""src"": ""inner_cv"", ""thr"": 0.4305}]",9.05,bootstrap unit: scaffold
T3,wide,scaffold,all,fg_imidazole_ring,F1pos,lr,bal_acc,0.7861,0.7241,0.8433,0.5,,,,5198,4222,1000,20789,inner_cv,"[{""fold"": ""scaffold"", ""C"": 0.01, ""src"": ""inner_cv"", ""thr"": 0.4305}]",9.05,bootstrap unit: scaffold
T3,wide,scaffold,all,fg_imidazole_ring,F1pos,hgb,auroc,0.9166,0.8934,0.9378,0.5,,,,5198,4222,1000,20789,inner_cv,"[{""fold"": ""scaffold"", ""src"": ""inner_cv"", ""thr"": 0.093}]",5.9,bootstrap unit: scaffold
T3,wide,scaffold,all,fg_imidazole_ring,F1pos,hgb,auprc,0.1226,0.0668,0.2173,0.011,,,,5198,4222,1000,20789,inner_cv,"[{""fold"": ""scaffold"", ""src"": ""inner_cv"", ""thr"": 0.093}]",5.9,bootstrap unit: scaffold
T3,wide,scaffold,all,fg_imidazole_ring,F1pos,hgb,bal_acc,0.8681,0.8202,0.906,0.5,,,,5198,4222,1000,20789,inner_cv,"[{""fold"": ""scaffold"", ""src"": ""inner_cv"", ""thr"": 0.093}]",5.9,bootstrap unit: scaffold
T3,wide,scaffold,all,fg_imidazole_ring,F1pos,knn,auroc,0.6333,0.5749,0.6894,0.5,,,,5198,4222,1000,20789,inner_cv,"[{""fold"": ""scaffold"", ""k"": 10, ""src"": ""inner_cv"", ""thr"": 0.0922}]",67.24,bootstrap unit: scaffold
T3,wide,scaffold,all,fg_imidazole_ring,F1pos,knn,auprc,0.0403,0.0201,0.0855,0.011,,,,5198,4222,1000,20789,inner_cv,"[{""fold"": ""scaffold"", ""k"": 10, ""src"": ""inner_cv"", ""thr"": 0.0922}]",67.24,bootstrap unit: scaffold
T3,wide,scaffold,all,fg_imidazole_ring,F1pos,knn,bal_acc,0.6319,0.5736,0.6885,0.5,,,,5198,4222,1000,20789,inner_cv,"[{""fold"": ""scaffold"", ""k"": 10, ""src"": ""inner_cv"", ""thr"": 0.0922}]",67.24,bootstrap unit: scaffold
T3,wide,scaffold,all,fg_imidazole_ring,F2,majority,auroc,0.5,0.5,0.5,0.5,,,,5198,4222,1000,20789,fixed,"[{""fold"": ""scaffold"", ""src"": ""fixed"", ""thr"": 0.5}]",2.82,bootstrap unit: scaffold
T3,wide,scaffold,all,fg_imidazole_ring,F2,majority,auprc,0.011,0.0077,0.0143,0.011,,,,5198,4222,1000,20789,fixed,"[{""fold"": ""scaffold"", ""src"": ""fixed"", ""thr"": 0.5}]",2.82,bootstrap unit: scaffold
T3,wide,scaffold,all,fg_imidazole_ring,F2,majority,bal_acc,0.5,0.5,0.5,0.5,,,,5198,4222,1000,20789,fixed,"[{""fold"": ""scaffold"", ""src"": ""fixed"", ""thr"": 0.5}]",2.82,bootstrap unit: scaffold
T3,wide,scaffold,all,fg_imidazole_ring,F2,lr,auroc,0.9392,0.9228,0.9541,0.5,,,,5198,4222,1000,20789,inner_cv,"[{""fold"": ""scaffold"", ""C"": 0.01, ""src"": ""inner_cv"", ""thr"": 0.1192}]",102.87,bootstrap unit: scaffold
T3,wide,scaffold,all,fg_imidazole_ring,F2,lr,auprc,0.1429,0.0896,0.2338,0.011,,,,5198,4222,1000,20789,inner_cv,"[{""fold"": ""scaffold"", ""C"": 0.01, ""src"": ""inner_cv"", ""thr"": 0.1192}]",102.87,bootstrap unit: scaffold
T3,wide,scaffold,all,fg_imidazole_ring,F2,lr,bal_acc,0.8707,0.8244,0.9097,0.5,,,,5198,4222,1000,20789,inner_cv,"[{""fold"": ""scaffold"", ""C"": 0.01, ""src"": ""inner_cv"", ""thr"": 0.1192}]",102.87,bootstrap unit: scaffold
T3,wide,scaffold,all,fg_imidazole_ring,F2,hgb,auroc,0.9623,0.9473,0.9751,0.5,,,,5198,4222,1000,20789,inner_cv,"[{""fold"": ""scaffold"", ""src"": ""inner_cv"", ""thr"": 0.0072}]",45.15,bootstrap unit: scaffold
T3,wide,scaffold,all,fg_imidazole_ring,F2,hgb,auprc,0.1958,0.1326,0.2881,0.011,,,,5198,4222,1000,20789,inner_cv,"[{""fold"": ""scaffold"", ""src"": ""inner_cv"", ""thr"": 0.0072}]",45.15,bootstrap unit: scaffold
T3,wide,scaffold,all,fg_imidazole_ring,F2,hgb,bal_acc,0.9136,0.8857,0.9333,0.5,,,,5198,4222,1000,20789,inner_cv,"[{""fold"": ""scaffold"", ""src"": ""inner_cv"", ""thr"": 0.0072}]",45.15,bootstrap unit: scaffold
T3,wide,scaffold,all,fg_imidazole_ring,F2,knn,auroc,0.747,0.687,0.8096,0.5,,,,5198,4222,1000,20789,inner_cv,"[{""fold"": ""scaffold"", ""k"": 10, ""src"": ""inner_cv"", ""thr"": 0.0834}]",93.55,bootstrap unit: scaffold
T3,wide,scaffold,all,fg_imidazole_ring,F2,knn,auprc,0.106,0.0473,0.1941,0.011,,,,5198,4222,1000,20789,inner_cv,"[{""fold"": ""scaffold"", ""k"": 10, ""src"": ""inner_cv"", ""thr"": 0.0834}]",93.55,bootstrap unit: scaffold
T3,wide,scaffold,all,fg_imidazole_ring,F2,knn,bal_acc,0.7435,0.6853,0.8044,0.5,,,,5198,4222,1000,20789,inner_cv,"[{""fold"": ""scaffold"", ""k"": 10, ""src"": ""inner_cv"", ""thr"": 0.0834}]",93.55,bootstrap unit: scaffold
T3,wide,scaffold,all,fg_imidazole_ring,F3,majority,auroc,0.5,0.5,0.5,0.5,,,,5198,4222,1000,20789,fixed,"[{""fold"": ""scaffold"", ""src"": ""fixed"", ""thr"": 0.5}]",1.95,bootstrap unit: scaffold
T3,wide,scaffold,all,fg_imidazole_ring,F3,majority,auprc,0.011,0.0077,0.0143,0.011,,,,5198,4222,1000,20789,fixed,"[{""fold"": ""scaffold"", ""src"": ""fixed"", ""thr"": 0.5}]",1.95,bootstrap unit: scaffold
T3,wide,scaffold,all,fg_imidazole_ring,F3,majority,bal_acc,0.5,0.5,0.5,0.5,,,,5198,4222,1000,20789,fixed,"[{""fold"": ""scaffold"", ""src"": ""fixed"", ""thr"": 0.5}]",1.95,bootstrap unit: scaffold
T3,wide,scaffold,all,fg_imidazole_ring,F3,lr,auroc,0.9463,0.9317,0.9592,0.5,,,,5198,4222,1000,20789,inner_cv,"[{""fold"": ""scaffold"", ""C"": 0.01, ""src"": ""inner_cv"", ""thr"": 0.0418}]",103.67,bootstrap unit: scaffold
T3,wide,scaffold,all,fg_imidazole_ring,F3,lr,auprc,0.1573,0.0981,0.2655,0.011,,,,5198,4222,1000,20789,inner_cv,"[{""fold"": ""scaffold"", ""C"": 0.01, ""src"": ""inner_cv"", ""thr"": 0.0418}]",103.67,bootstrap unit: scaffold
T3,wide,scaffold,all,fg_imidazole_ring,F3,lr,bal_acc,0.9052,0.877,0.9255,0.5,,,,5198,4222,1000,20789,inner_cv,"[{""fold"": ""scaffold"", ""C"": 0.01, ""src"": ""inner_cv"", ""thr"": 0.0418}]",103.67,bootstrap unit: scaffold
T3,wide,scaffold,all,fg_imidazole_ring,F3,hgb,auroc,0.9648,0.9503,0.9775,0.5,0.0099,100,0.4995,5198,4222,1000,20789,inner_cv,"[{""fold"": ""scaffold"", ""src"": ""inner_cv"", ""thr"": 0.035}]",45.73,bootstrap unit: scaffold
T3,wide,scaffold,all,fg_imidazole_ring,F3,hgb,auprc,0.2182,0.1509,0.3154,0.011,,,,5198,4222,1000,20789,inner_cv,"[{""fold"": ""scaffold"", ""src"": ""inner_cv"", ""thr"": 0.035}]",45.73,bootstrap unit: scaffold
T3,wide,scaffold,all,fg_imidazole_ring,F3,hgb,bal_acc,0.908,0.8684,0.9491,0.5,,,,5198,4222,1000,20789,inner_cv,"[{""fold"": ""scaffold"", ""src"": ""inner_cv"", ""thr"": 0.035}]",45.73,bootstrap unit: scaffold
T3,wide,scaffold,all,fg_imidazole_ring,F3,knn,auroc,0.7575,0.6889,0.8305,0.5,,,,5198,4222,1000,20789,inner_cv,"[{""fold"": ""scaffold"", ""k"": 10, ""src"": ""inner_cv"", ""thr"": 0.0691}]",80.98,bootstrap unit: scaffold
T3,wide,scaffold,all,fg_imidazole_ring,F3,knn,auprc,0.1191,0.0591,0.2211,0.011,,,,5198,4222,1000,20789,inner_cv,"[{""fold"": ""scaffold"", ""k"": 10, ""src"": ""inner_cv"", ""thr"": 0.0691}]",80.98,bootstrap unit: scaffold
T3,wide,scaffold,all,fg_imidazole_ring,F3,knn,bal_acc,0.7514,0.6851,0.8218,0.5,,,,5198,4222,1000,20789,inner_cv,"[{""fold"": ""scaffold"", ""k"": 10, ""src"": ""inner_cv"", ""thr"": 0.0691}]",80.98,bootstrap unit: scaffold
T3,wide,scaffold,all,fg_imidazole_ring,F1.sqrt,majority,auroc,0.5,0.5,0.5,0.5,,,,5198,4222,1000,20789,fixed,"[{""fold"": ""scaffold"", ""src"": ""fixed"", ""thr"": 0.5}]",1.28,bootstrap unit: scaffold
T3,wide,scaffold,all,fg_imidazole_ring,F1.sqrt,majority,auprc,0.011,0.0077,0.0143,0.011,,,,5198,4222,1000,20789,fixed,"[{""fold"": ""scaffold"", ""src"": ""fixed"", ""thr"": 0.5}]",1.28,bootstrap unit: scaffold
T3,wide,scaffold,all,fg_imidazole_ring,F1.sqrt,majority,bal_acc,0.5,0.5,0.5,0.5,,,,5198,4222,1000,20789,fixed,"[{""fold"": ""scaffold"", ""src"": ""fixed"", ""thr"": 0.5}]",1.28,bootstrap unit: scaffold
T3,wide,scaffold,all,fg_imidazole_ring,F1.sqrt,lr,auroc,0.9403,0.9258,0.9542,0.5,,,,5198,4222,1000,20789,inner_cv,"[{""fold"": ""scaffold"", ""C"": 0.1, ""src"": ""inner_cv"", ""thr"": 0.2189}]",7.23,bootstrap unit: scaffold
T3,wide,scaffold,all,fg_imidazole_ring,F1.sqrt,lr,auprc,0.1135,0.0704,0.1897,0.011,,,,5198,4222,1000,20789,inner_cv,"[{""fold"": ""scaffold"", ""C"": 0.1, ""src"": ""inner_cv"", ""thr"": 0.2189}]",7.23,bootstrap unit: scaffold
T3,wide,scaffold,all,fg_imidazole_ring,F1.sqrt,lr,bal_acc,0.8641,0.8154,0.9098,0.5,,,,5198,4222,1000,20789,inner_cv,"[{""fold"": ""scaffold"", ""C"": 0.1, ""src"": ""inner_cv"", ""thr"": 0.2189}]",7.23,bootstrap unit: scaffold
T3,wide,scaffold,all,fg_imidazole_ring,F1.sqrt,hgb,auroc,0.9377,0.9197,0.9542,0.5,,,,5198,4222,1000,20789,inner_cv,"[{""fold"": ""scaffold"", ""src"": ""inner_cv"", ""thr"": 0.0385}]",6.75,bootstrap unit: scaffold
T3,wide,scaffold,all,fg_imidazole_ring,F1.sqrt,hgb,auprc,0.1539,0.0837,0.2475,0.011,,,,5198,4222,1000,20789,inner_cv,"[{""fold"": ""scaffold"", ""src"": ""inner_cv"", ""thr"": 0.0385}]",6.75,bootstrap unit: scaffold
T3,wide,scaffold,all,fg_imidazole_ring,F1.sqrt,hgb,bal_acc,0.8818,0.8522,0.9089,0.5,,,,5198,4222,1000,20789,inner_cv,"[{""fold"": ""scaffold"", ""src"": ""inner_cv"", ""thr"": 0.0385}]",6.75,bootstrap unit: scaffold
T3,wide,scaffold,all,fg_imidazole_ring,F1.sqrt,knn,auroc,0.7243,0.6576,0.7937,0.5,,,,5198,4222,1000,20789,inner_cv,"[{""fold"": ""scaffold"", ""k"": 10, ""src"": ""inner_cv"", ""thr"": 0.0873}]",55.1,bootstrap unit: scaffold
T3,wide,scaffold,all,fg_imidazole_ring,F1.sqrt,knn,auprc,0.0821,0.036,0.1735,0.011,,,,5198,4222,1000,20789,inner_cv,"[{""fold"": ""scaffold"", ""k"": 10, ""src"": ""inner_cv"", ""thr"": 0.0873}]",55.1,bootstrap unit: scaffold
T3,wide,scaffold,all,fg_imidazole_ring,F1.sqrt,knn,bal_acc,0.7182,0.6548,0.7857,0.5,,,,5198,4222,1000,20789,inner_cv,"[{""fold"": ""scaffold"", ""k"": 10, ""src"": ""inner_cv"", ""thr"": 0.0873}]",55.1,bootstrap unit: scaffold
T3,wide,scaffold,all,fg_imidazole_ring,F2.lt1700,majority,auroc,0.5,0.5,0.5,0.5,,,,5198,4222,1000,20789,fixed,"[{""fold"": ""scaffold"", ""src"": ""fixed"", ""thr"": 0.5}]",3.99,bootstrap unit: scaffold
T3,wide,scaffold,all,fg_imidazole_ring,F2.lt1700,majority,auprc,0.011,0.0077,0.0143,0.011,,,,5198,4222,1000,20789,fixed,"[{""fold"": ""scaffold"", ""src"": ""fixed"", ""thr"": 0.5}]",3.99,bootstrap unit: scaffold
T3,wide,scaffold,all,fg_imidazole_ring,F2.lt1700,majority,bal_acc,0.5,0.5,0.5,0.5,,,,5198,4222,1000,20789,fixed,"[{""fold"": ""scaffold"", ""src"": ""fixed"", ""thr"": 0.5}]",3.99,bootstrap unit: scaffold
T3,wide,scaffold,all,fg_imidazole_ring,F2.lt1700,lr,auroc,0.9364,0.9192,0.9521,0.5,,,,5198,4222,1000,20789,inner_cv,"[{""fold"": ""scaffold"", ""C"": 0.01, ""src"": ""inner_cv"", ""thr"": 0.1415}]",92.86,bootstrap unit: scaffold
T3,wide,scaffold,all,fg_imidazole_ring,F2.lt1700,lr,auprc,0.1443,0.0884,0.234,0.011,,,,5198,4222,1000,20789,inner_cv,"[{""fold"": ""scaffold"", ""C"": 0.01, ""src"": ""inner_cv"", ""thr"": 0.1415}]",92.86,bootstrap unit: scaffold
T3,wide,scaffold,all,fg_imidazole_ring,F2.lt1700,lr,bal_acc,0.863,0.8147,0.9028,0.5,,,,5198,4222,1000,20789,inner_cv,"[{""fold"": ""scaffold"", ""C"": 0.01, ""src"": ""inner_cv"", ""thr"": 0.1415}]",92.86,bootstrap unit: scaffold
T3,wide,scaffold,all,fg_imidazole_ring,F2.lt1700,hgb,auroc,0.962,0.9502,0.9727,0.5,,,,5198,4222,1000,20789,inner_cv,"[{""fold"": ""scaffold"", ""src"": ""inner_cv"", ""thr"": 0.0152}]",42.85,bootstrap unit: scaffold
T3,wide,scaffold,all,fg_imidazole_ring,F2.lt1700,hgb,auprc,0.1945,0.1298,0.2967,0.011,,,,5198,4222,1000,20789,inner_cv,"[{""fold"": ""scaffold"", ""src"": ""inner_cv"", ""thr"": 0.0152}]",42.85,bootstrap unit: scaffold
T3,wide,scaffold,all,fg_imidazole_ring,F2.lt1700,hgb,bal_acc,0.9227,0.8922,0.9485,0.5,,,,5198,4222,1000,20789,inner_cv,"[{""fold"": ""scaffold"", ""src"": ""inner_cv"", ""thr"": 0.0152}]",42.85,bootstrap unit: scaffold
T3,wide,scaffold,all,fg_imidazole_ring,F2.lt1700,knn,auroc,0.7392,0.6654,0.8121,0.5,,,,5198,4222,1000,20789,inner_cv,"[{""fold"": ""scaffold"", ""k"": 10, ""src"": ""inner_cv"", ""thr"": 0.0714}]",87.47,bootstrap unit: scaffold
T3,wide,scaffold,all,fg_imidazole_ring,F2.lt1700,knn,auprc,0.1143,0.0503,0.1958,0.011,,,,5198,4222,1000,20789,inner_cv,"[{""fold"": ""scaffold"", ""k"": 10, ""src"": ""inner_cv"", ""thr"": 0.0714}]",87.47,bootstrap unit: scaffold
T3,wide,scaffold,all,fg_imidazole_ring,F2.lt1700,knn,bal_acc,0.7354,0.6628,0.8075,0.5,,,,5198,4222,1000,20789,inner_cv,"[{""fold"": ""scaffold"", ""k"": 10, ""src"": ""inner_cv"", ""thr"": 0.0714}]",87.47,bootstrap unit: scaffold
T3,wide,scaffold,all,fg_imidazole_ring,F3.lt1700,majority,auroc,0.5,0.5,0.5,0.5,,,,5198,4222,1000,20789,fixed,"[{""fold"": ""scaffold"", ""src"": ""fixed"", ""thr"": 0.5}]",1.86,bootstrap unit: scaffold
T3,wide,scaffold,all,fg_imidazole_ring,F3.lt1700,majority,auprc,0.011,0.0077,0.0143,0.011,,,,5198,4222,1000,20789,fixed,"[{""fold"": ""scaffold"", ""src"": ""fixed"", ""thr"": 0.5}]",1.86,bootstrap unit: scaffold
T3,wide,scaffold,all,fg_imidazole_ring,F3.lt1700,majority,bal_acc,0.5,0.5,0.5,0.5,,,,5198,4222,1000,20789,fixed,"[{""fold"": ""scaffold"", ""src"": ""fixed"", ""thr"": 0.5}]",1.86,bootstrap unit: scaffold
T3,wide,scaffold,all,fg_imidazole_ring,F3.lt1700,lr,auroc,0.9447,0.9293,0.9588,0.5,,,,5198,4222,1000,20789,inner_cv,"[{""fold"": ""scaffold"", ""C"": 0.01, ""src"": ""inner_cv"", ""thr"": 0.1817}]",65.75,bootstrap unit: scaffold
T3,wide,scaffold,all,fg_imidazole_ring,F3.lt1700,lr,auprc,0.1632,0.1003,0.2771,0.011,,,,5198,4222,1000,20789,inner_cv,"[{""fold"": ""scaffold"", ""C"": 0.01, ""src"": ""inner_cv"", ""thr"": 0.1817}]",65.75,bootstrap unit: scaffold
T3,wide,scaffold,all,fg_imidazole_ring,F3.lt1700,lr,bal_acc,0.8534,0.8022,0.9014,0.5,,,,5198,4222,1000,20789,inner_cv,"[{""fold"": ""scaffold"", ""C"": 0.01, ""src"": ""inner_cv"", ""thr"": 0.1817}]",65.75,bootstrap unit: scaffold
T3,wide,scaffold,all,fg_imidazole_ring,F3.lt1700,hgb,auroc,0.9595,0.9408,0.9748,0.5,,,,5198,4222,1000,20789,inner_cv,"[{""fold"": ""scaffold"", ""src"": ""inner_cv"", ""thr"": 0.024}]",43.28,bootstrap unit: scaffold
T3,wide,scaffold,all,fg_imidazole_ring,F3.lt1700,hgb,auprc,0.2071,0.1401,0.3188,0.011,,,,5198,4222,1000,20789,inner_cv,"[{""fold"": ""scaffold"", ""src"": ""inner_cv"", ""thr"": 0.024}]",43.28,bootstrap unit: scaffold
T3,wide,scaffold,all,fg_imidazole_ring,F3.lt1700,hgb,bal_acc,0.904,0.8593,0.9435,0.5,,,,5198,4222,1000,20789,inner_cv,"[{""fold"": ""scaffold"", ""src"": ""inner_cv"", ""thr"": 0.024}]",43.28,bootstrap unit: scaffold
T3,wide,scaffold,all,fg_imidazole_ring,F3.lt1700,knn,auroc,0.7759,0.7045,0.8446,0.5,,,,5198,4222,1000,20789,inner_cv,"[{""fold"": ""scaffold"", ""k"": 10, ""src"": ""inner_cv"", ""thr"": 0.0843}]",87.88,bootstrap unit: scaffold
T3,wide,scaffold,all,fg_imidazole_ring,F3.lt1700,knn,auprc,0.1091,0.0587,0.201,0.011,,,,5198,4222,1000,20789,inner_cv,"[{""fold"": ""scaffold"", ""k"": 10, ""src"": ""inner_cv"", ""thr"": 0.0843}]",87.88,bootstrap unit: scaffold
T3,wide,scaffold,all,fg_imidazole_ring,F3.lt1700,knn,bal_acc,0.7709,0.7005,0.8381,0.5,,,,5198,4222,1000,20789,inner_cv,"[{""fold"": ""scaffold"", ""k"": 10, ""src"": ""inner_cv"", ""thr"": 0.0843}]",87.88,bootstrap unit: scaffold
T3,wide,scaffold,all,fg_lactam,F1,majority,auroc,0.5,0.5,0.5,0.5,,,,5198,4222,1000,20789,fixed,"[{""fold"": ""scaffold"", ""src"": ""fixed"", ""thr"": 0.5}]",1.71,bootstrap unit: scaffold
T3,wide,scaffold,all,fg_lactam,F1,majority,auprc,0.0856,0.0774,0.0946,0.0856,,,,5198,4222,1000,20789,fixed,"[{""fold"": ""scaffold"", ""src"": ""fixed"", ""thr"": 0.5}]",1.71,bootstrap unit: scaffold
T3,wide,scaffold,all,fg_lactam,F1,majority,bal_acc,0.5,0.5,0.5,0.5,,,,5198,4222,1000,20789,fixed,"[{""fold"": ""scaffold"", ""src"": ""fixed"", ""thr"": 0.5}]",1.71,bootstrap unit: scaffold
T3,wide,scaffold,all,fg_lactam,F1,lr,auroc,0.7717,0.7465,0.7936,0.5,0.0099,100,0.5001,5198,4222,1000,20789,inner_cv,"[{""fold"": ""scaffold"", ""C"": 1.0, ""src"": ""inner_cv"", ""thr"": 0.4163}]",5.35,bootstrap unit: scaffold
T3,wide,scaffold,all,fg_lactam,F1,lr,auprc,0.2212,0.1923,0.2594,0.0856,,,,5198,4222,1000,20789,inner_cv,"[{""fold"": ""scaffold"", ""C"": 1.0, ""src"": ""inner_cv"", ""thr"": 0.4163}]",5.35,bootstrap unit: scaffold
T3,wide,scaffold,all,fg_lactam,F1,lr,bal_acc,0.7177,0.696,0.7389,0.5,,,,5198,4222,1000,20789,inner_cv,"[{""fold"": ""scaffold"", ""C"": 1.0, ""src"": ""inner_cv"", ""thr"": 0.4163}]",5.35,bootstrap unit: scaffold
T3,wide,scaffold,all,fg_lactam,F1,hgb,auroc,0.794,0.7697,0.8161,0.5,,,,5198,4222,1000,20789,inner_cv,"[{""fold"": ""scaffold"", ""src"": ""inner_cv"", ""thr"": 0.3579}]",8.81,bootstrap unit: scaffold
T3,wide,scaffold,all,fg_lactam,F1,hgb,auprc,0.2427,0.2102,0.2799,0.0856,,,,5198,4222,1000,20789,inner_cv,"[{""fold"": ""scaffold"", ""src"": ""inner_cv"", ""thr"": 0.3579}]",8.81,bootstrap unit: scaffold
T3,wide,scaffold,all,fg_lactam,F1,hgb,bal_acc,0.7173,0.6931,0.7411,0.5,,,,5198,4222,1000,20789,inner_cv,"[{""fold"": ""scaffold"", ""src"": ""inner_cv"", ""thr"": 0.3579}]",8.81,bootstrap unit: scaffold
T3,wide,scaffold,all,fg_lactam,F1,knn,auroc,0.5887,0.565,0.6148,0.5,,,,5198,4222,1000,20789,inner_cv,"[{""fold"": ""scaffold"", ""k"": 10, ""src"": ""inner_cv"", ""thr"": 0.0909}]",44.44,bootstrap unit: scaffold
T3,wide,scaffold,all,fg_lactam,F1,knn,auprc,0.1248,0.1055,0.1507,0.0856,,,,5198,4222,1000,20789,inner_cv,"[{""fold"": ""scaffold"", ""k"": 10, ""src"": ""inner_cv"", ""thr"": 0.0909}]",44.44,bootstrap unit: scaffold
T3,wide,scaffold,all,fg_lactam,F1,knn,bal_acc,0.5866,0.5646,0.6111,0.5,,,,5198,4222,1000,20789,inner_cv,"[{""fold"": ""scaffold"", ""k"": 10, ""src"": ""inner_cv"", ""thr"": 0.0909}]",44.44,bootstrap unit: scaffold
T3,wide,scaffold,all,fg_lactam,F1pos,majority,auroc,0.5,0.5,0.5,0.5,,,,5198,4222,1000,20789,fixed,"[{""fold"": ""scaffold"", ""src"": ""fixed"", ""thr"": 0.5}]",1.79,bootstrap unit: scaffold
T3,wide,scaffold,all,fg_lactam,F1pos,majority,auprc,0.0856,0.0774,0.0946,0.0856,,,,5198,4222,1000,20789,fixed,"[{""fold"": ""scaffold"", ""src"": ""fixed"", ""thr"": 0.5}]",1.79,bootstrap unit: scaffold
T3,wide,scaffold,all,fg_lactam,F1pos,majority,bal_acc,0.5,0.5,0.5,0.5,,,,5198,4222,1000,20789,fixed,"[{""fold"": ""scaffold"", ""src"": ""fixed"", ""thr"": 0.5}]",1.79,bootstrap unit: scaffold
T3,wide,scaffold,all,fg_lactam,F1pos,lr,auroc,0.808,0.7845,0.8283,0.5,,,,5198,4222,1000,20789,inner_cv,"[{""fold"": ""scaffold"", ""C"": 0.01, ""src"": ""inner_cv"", ""thr"": 0.3354}]",5.22,bootstrap unit: scaffold
T3,wide,scaffold,all,fg_lactam,F1pos,lr,auprc,0.2606,0.2236,0.3024,0.0856,,,,5198,4222,1000,20789,inner_cv,"[{""fold"": ""scaffold"", ""C"": 0.01, ""src"": ""inner_cv"", ""thr"": 0.3354}]",5.22,bootstrap unit: scaffold
T3,wide,scaffold,all,fg_lactam,F1pos,lr,bal_acc,0.7488,0.7277,0.7683,0.5,,,,5198,4222,1000,20789,inner_cv,"[{""fold"": ""scaffold"", ""C"": 0.01, ""src"": ""inner_cv"", ""thr"": 0.3354}]",5.22,bootstrap unit: scaffold
T3,wide,scaffold,all,fg_lactam,F1pos,hgb,auroc,0.7983,0.7737,0.8207,0.5,,,,5198,4222,1000,20789,inner_cv,"[{""fold"": ""scaffold"", ""src"": ""inner_cv"", ""thr"": 0.2707}]",6.32,bootstrap unit: scaffold
T3,wide,scaffold,all,fg_lactam,F1pos,hgb,auprc,0.2394,0.2067,0.2817,0.0856,,,,5198,4222,1000,20789,inner_cv,"[{""fold"": ""scaffold"", ""src"": ""inner_cv"", ""thr"": 0.2707}]",6.32,bootstrap unit: scaffold
T3,wide,scaffold,all,fg_lactam,F1pos,hgb,bal_acc,0.7465,0.7251,0.7642,0.5,,,,5198,4222,1000,20789,inner_cv,"[{""fold"": ""scaffold"", ""src"": ""inner_cv"", ""thr"": 0.2707}]",6.32,bootstrap unit: scaffold
T3,wide,scaffold,all,fg_lactam,F1pos,knn,auroc,0.5461,0.526,0.5675,0.5,,,,5198,4222,1000,20789,inner_cv,"[{""fold"": ""scaffold"", ""k"": 10, ""src"": ""inner_cv"", ""thr"": 0.0943}]",55.0,bootstrap unit: scaffold
T3,wide,scaffold,all,fg_lactam,F1pos,knn,auprc,0.1052,0.0917,0.126,0.0856,,,,5198,4222,1000,20789,inner_cv,"[{""fold"": ""scaffold"", ""k"": 10, ""src"": ""inner_cv"", ""thr"": 0.0943}]",55.0,bootstrap unit: scaffold
T3,wide,scaffold,all,fg_lactam,F1pos,knn,bal_acc,0.5438,0.5235,0.5651,0.5,,,,5198,4222,1000,20789,inner_cv,"[{""fold"": ""scaffold"", ""k"": 10, ""src"": ""inner_cv"", ""thr"": 0.0943}]",55.0,bootstrap unit: scaffold
T3,wide,scaffold,all,fg_lactam,F2,majority,auroc,0.5,0.5,0.5,0.5,,,,5198,4222,1000,20789,fixed,"[{""fold"": ""scaffold"", ""src"": ""fixed"", ""thr"": 0.5}]",1.85,bootstrap unit: scaffold
T3,wide,scaffold,all,fg_lactam,F2,majority,auprc,0.0856,0.0774,0.0946,0.0856,,,,5198,4222,1000,20789,fixed,"[{""fold"": ""scaffold"", ""src"": ""fixed"", ""thr"": 0.5}]",1.85,bootstrap unit: scaffold
T3,wide,scaffold,all,fg_lactam,F2,majority,bal_acc,0.5,0.5,0.5,0.5,,,,5198,4222,1000,20789,fixed,"[{""fold"": ""scaffold"", ""src"": ""fixed"", ""thr"": 0.5}]",1.85,bootstrap unit: scaffold
T3,wide,scaffold,all,fg_lactam,F2,lr,auroc,0.7602,0.7352,0.7842,0.5,,,,5198,4222,1000,20789,inner_cv,"[{""fold"": ""scaffold"", ""C"": 0.01, ""src"": ""inner_cv"", ""thr"": 0.3564}]",135.8,bootstrap unit: scaffold
T3,wide,scaffold,all,fg_lactam,F2,lr,auprc,0.2115,0.1836,0.2475,0.0856,,,,5198,4222,1000,20789,inner_cv,"[{""fold"": ""scaffold"", ""C"": 0.01, ""src"": ""inner_cv"", ""thr"": 0.3564}]",135.8,bootstrap unit: scaffold
T3,wide,scaffold,all,fg_lactam,F2,lr,bal_acc,0.7125,0.6907,0.7334,0.5,,,,5198,4222,1000,20789,inner_cv,"[{""fold"": ""scaffold"", ""C"": 0.01, ""src"": ""inner_cv"", ""thr"": 0.3564}]",135.8,bootstrap unit: scaffold
T3,wide,scaffold,all,fg_lactam,F2,hgb,auroc,0.826,0.8028,0.8457,0.5,,,,5198,4222,1000,20789,inner_cv,"[{""fold"": ""scaffold"", ""src"": ""inner_cv"", ""thr"": 0.1249}]",49.61,bootstrap unit: scaffold
T3,wide,scaffold,all,fg_lactam,F2,hgb,auprc,0.2961,0.2554,0.3448,0.0856,,,,5198,4222,1000,20789,inner_cv,"[{""fold"": ""scaffold"", ""src"": ""inner_cv"", ""thr"": 0.1249}]",49.61,bootstrap unit: scaffold
T3,wide,scaffold,all,fg_lactam,F2,hgb,bal_acc,0.7523,0.7316,0.7729,0.5,,,,5198,4222,1000,20789,inner_cv,"[{""fold"": ""scaffold"", ""src"": ""inner_cv"", ""thr"": 0.1249}]",49.61,bootstrap unit: scaffold
T3,wide,scaffold,all,fg_lactam,F2,knn,auroc,0.6422,0.6163,0.6665,0.5,,,,5198,4222,1000,20789,inner_cv,"[{""fold"": ""scaffold"", ""k"": 10, ""src"": ""inner_cv"", ""thr"": 0.0905}]",78.75,bootstrap unit: scaffold
T3,wide,scaffold,all,fg_lactam,F2,knn,auprc,0.1774,0.1449,0.2138,0.0856,,,,5198,4222,1000,20789,inner_cv,"[{""fold"": ""scaffold"", ""k"": 10, ""src"": ""inner_cv"", ""thr"": 0.0905}]",78.75,bootstrap unit: scaffold
T3,wide,scaffold,all,fg_lactam,F2,knn,bal_acc,0.6361,0.6117,0.6594,0.5,,,,5198,4222,1000,20789,inner_cv,"[{""fold"": ""scaffold"", ""k"": 10, ""src"": ""inner_cv"", ""thr"": 0.0905}]",78.75,bootstrap unit: scaffold
T3,wide,scaffold,all,fg_lactam,F3,majority,auroc,0.5,0.5,0.5,0.5,,,,5198,4222,1000,20789,fixed,"[{""fold"": ""scaffold"", ""src"": ""fixed"", ""thr"": 0.5}]",1.93,bootstrap unit: scaffold
T3,wide,scaffold,all,fg_lactam,F3,majority,auprc,0.0856,0.0774,0.0946,0.0856,,,,5198,4222,1000,20789,fixed,"[{""fold"": ""scaffold"", ""src"": ""fixed"", ""thr"": 0.5}]",1.93,bootstrap unit: scaffold
T3,wide,scaffold,all,fg_lactam,F3,majority,bal_acc,0.5,0.5,0.5,0.5,,,,5198,4222,1000,20789,fixed,"[{""fold"": ""scaffold"", ""src"": ""fixed"", ""thr"": 0.5}]",1.93,bootstrap unit: scaffold
T3,wide,scaffold,all,fg_lactam,F3,lr,auroc,0.771,0.7475,0.7927,0.5,,,,5198,4222,1000,20789,inner_cv,"[{""fold"": ""scaffold"", ""C"": 0.01, ""src"": ""inner_cv"", ""thr"": 0.3505}]",74.15,bootstrap unit: scaffold
T3,wide,scaffold,all,fg_lactam,F3,lr,auprc,0.2231,0.1928,0.2613,0.0856,,,,5198,4222,1000,20789,inner_cv,"[{""fold"": ""scaffold"", ""C"": 0.01, ""src"": ""inner_cv"", ""thr"": 0.3505}]",74.15,bootstrap unit: scaffold
T3,wide,scaffold,all,fg_lactam,F3,lr,bal_acc,0.7077,0.6847,0.7296,0.5,,,,5198,4222,1000,20789,inner_cv,"[{""fold"": ""scaffold"", ""C"": 0.01, ""src"": ""inner_cv"", ""thr"": 0.3505}]",74.15,bootstrap unit: scaffold
T3,wide,scaffold,all,fg_lactam,F3,hgb,auroc,0.8628,0.8471,0.8765,0.5,0.0099,100,0.5008,5198,4222,1000,20789,inner_cv,"[{""fold"": ""scaffold"", ""src"": ""inner_cv"", ""thr"": 0.1909}]",47.9,bootstrap unit: scaffold
T3,wide,scaffold,all,fg_lactam,F3,hgb,auprc,0.3155,0.2725,0.363,0.0856,,,,5198,4222,1000,20789,inner_cv,"[{""fold"": ""scaffold"", ""src"": ""inner_cv"", ""thr"": 0.1909}]",47.9,bootstrap unit: scaffold
T3,wide,scaffold,all,fg_lactam,F3,hgb,bal_acc,0.7769,0.7555,0.7976,0.5,,,,5198,4222,1000,20789,inner_cv,"[{""fold"": ""scaffold"", ""src"": ""inner_cv"", ""thr"": 0.1909}]",47.9,bootstrap unit: scaffold
T3,wide,scaffold,all,fg_lactam,F3,knn,auroc,0.6605,0.6322,0.6843,0.5,,,,5198,4222,1000,20789,inner_cv,"[{""fold"": ""scaffold"", ""k"": 10, ""src"": ""inner_cv"", ""thr"": 0.0933}]",70.72,bootstrap unit: scaffold
T3,wide,scaffold,all,fg_lactam,F3,knn,auprc,0.1895,0.1554,0.2271,0.0856,,,,5198,4222,1000,20789,inner_cv,"[{""fold"": ""scaffold"", ""k"": 10, ""src"": ""inner_cv"", ""thr"": 0.0933}]",70.72,bootstrap unit: scaffold
T3,wide,scaffold,all,fg_lactam,F3,knn,bal_acc,0.642,0.6154,0.664,0.5,,,,5198,4222,1000,20789,inner_cv,"[{""fold"": ""scaffold"", ""k"": 10, ""src"": ""inner_cv"", ""thr"": 0.0933}]",70.72,bootstrap unit: scaffold
T3,wide,scaffold,all,fg_lactam,F1.sqrt,majority,auroc,0.5,0.5,0.5,0.5,,,,5198,4222,1000,20789,fixed,"[{""fold"": ""scaffold"", ""src"": ""fixed"", ""thr"": 0.5}]",1.82,bootstrap unit: scaffold
T3,wide,scaffold,all,fg_lactam,F1.sqrt,majority,auprc,0.0856,0.0774,0.0946,0.0856,,,,5198,4222,1000,20789,fixed,"[{""fold"": ""scaffold"", ""src"": ""fixed"", ""thr"": 0.5}]",1.82,bootstrap unit: scaffold
T3,wide,scaffold,all,fg_lactam,F1.sqrt,majority,bal_acc,0.5,0.5,0.5,0.5,,,,5198,4222,1000,20789,fixed,"[{""fold"": ""scaffold"", ""src"": ""fixed"", ""thr"": 0.5}]",1.82,bootstrap unit: scaffold
T3,wide,scaffold,all,fg_lactam,F1.sqrt,lr,auroc,0.7936,0.7695,0.8139,0.5,,,,5198,4222,1000,20789,inner_cv,"[{""fold"": ""scaffold"", ""C"": 0.01, ""src"": ""inner_cv"", ""thr"": 0.4084}]",5.34,bootstrap unit: scaffold
T3,wide,scaffold,all,fg_lactam,F1.sqrt,lr,auprc,0.2394,0.2063,0.2797,0.0856,,,,5198,4222,1000,20789,inner_cv,"[{""fold"": ""scaffold"", ""C"": 0.01, ""src"": ""inner_cv"", ""thr"": 0.4084}]",5.34,bootstrap unit: scaffold
T3,wide,scaffold,all,fg_lactam,F1.sqrt,lr,bal_acc,0.7337,0.7107,0.7541,0.5,,,,5198,4222,1000,20789,inner_cv,"[{""fold"": ""scaffold"", ""C"": 0.01, ""src"": ""inner_cv"", ""thr"": 0.4084}]",5.34,bootstrap unit: scaffold
T3,wide,scaffold,all,fg_lactam,F1.sqrt,hgb,auroc,0.7937,0.7695,0.8157,0.5,,,,5198,4222,1000,20789,inner_cv,"[{""fold"": ""scaffold"", ""src"": ""inner_cv"", ""thr"": 0.3579}]",5.12,bootstrap unit: scaffold
T3,wide,scaffold,all,fg_lactam,F1.sqrt,hgb,auprc,0.242,0.2095,0.2801,0.0856,,,,5198,4222,1000,20789,inner_cv,"[{""fold"": ""scaffold"", ""src"": ""inner_cv"", ""thr"": 0.3579}]",5.12,bootstrap unit: scaffold
T3,wide,scaffold,all,fg_lactam,F1.sqrt,hgb,bal_acc,0.7171,0.693,0.7409,0.5,,,,5198,4222,1000,20789,inner_cv,"[{""fold"": ""scaffold"", ""src"": ""inner_cv"", ""thr"": 0.3579}]",5.12,bootstrap unit: scaffold
T3,wide,scaffold,all,fg_lactam,F1.sqrt,knn,auroc,0.598,0.5735,0.6219,0.5,,,,5198,4222,1000,20789,inner_cv,"[{""fold"": ""scaffold"", ""k"": 10, ""src"": ""inner_cv"", ""thr"": 0.0923}]",46.29,bootstrap unit: scaffold
T3,wide,scaffold,all,fg_lactam,F1.sqrt,knn,auprc,0.1341,0.1141,0.1591,0.0856,,,,5198,4222,1000,20789,inner_cv,"[{""fold"": ""scaffold"", ""k"": 10, ""src"": ""inner_cv"", ""thr"": 0.0923}]",46.29,bootstrap unit: scaffold
T3,wide,scaffold,all,fg_lactam,F1.sqrt,knn,bal_acc,0.5889,0.5651,0.612,0.5,,,,5198,4222,1000,20789,inner_cv,"[{""fold"": ""scaffold"", ""k"": 10, ""src"": ""inner_cv"", ""thr"": 0.0923}]",46.29,bootstrap unit: scaffold
T3,wide,scaffold,all,fg_lactam,F2.lt1700,majority,auroc,0.5,0.5,0.5,0.5,,,,5198,4222,1000,20789,fixed,"[{""fold"": ""scaffold"", ""src"": ""fixed"", ""thr"": 0.5}]",2.61,bootstrap unit: scaffold
T3,wide,scaffold,all,fg_lactam,F2.lt1700,majority,auprc,0.0856,0.0774,0.0946,0.0856,,,,5198,4222,1000,20789,fixed,"[{""fold"": ""scaffold"", ""src"": ""fixed"", ""thr"": 0.5}]",2.61,bootstrap unit: scaffold
T3,wide,scaffold,all,fg_lactam,F2.lt1700,majority,bal_acc,0.5,0.5,0.5,0.5,,,,5198,4222,1000,20789,fixed,"[{""fold"": ""scaffold"", ""src"": ""fixed"", ""thr"": 0.5}]",2.61,bootstrap unit: scaffold
T3,wide,scaffold,all,fg_lactam,F2.lt1700,lr,auroc,0.698,0.6703,0.7229,0.5,,,,5198,4222,1000,20789,inner_cv,"[{""fold"": ""scaffold"", ""C"": 0.01, ""src"": ""inner_cv"", ""thr"": 0.4471}]",100.36,bootstrap unit: scaffold
T3,wide,scaffold,all,fg_lactam,F2.lt1700,lr,auprc,0.1681,0.1456,0.1974,0.0856,,,,5198,4222,1000,20789,inner_cv,"[{""fold"": ""scaffold"", ""C"": 0.01, ""src"": ""inner_cv"", ""thr"": 0.4471}]",100.36,bootstrap unit: scaffold
T3,wide,scaffold,all,fg_lactam,F2.lt1700,lr,bal_acc,0.6577,0.6317,0.6804,0.5,,,,5198,4222,1000,20789,inner_cv,"[{""fold"": ""scaffold"", ""C"": 0.01, ""src"": ""inner_cv"", ""thr"": 0.4471}]",100.36,bootstrap unit: scaffold
T3,wide,scaffold,all,fg_lactam,F2.lt1700,hgb,auroc,0.7977,0.7739,0.8184,0.5,,,,5198,4222,1000,20789,inner_cv,"[{""fold"": ""scaffold"", ""src"": ""inner_cv"", ""thr"": 0.2214}]",33.02,bootstrap unit: scaffold
T3,wide,scaffold,all,fg_lactam,F2.lt1700,hgb,auprc,0.2703,0.2289,0.3142,0.0856,,,,5198,4222,1000,20789,inner_cv,"[{""fold"": ""scaffold"", ""src"": ""inner_cv"", ""thr"": 0.2214}]",33.02,bootstrap unit: scaffold
T3,wide,scaffold,all,fg_lactam,F2.lt1700,hgb,bal_acc,0.7396,0.7188,0.7593,0.5,,,,5198,4222,1000,20789,inner_cv,"[{""fold"": ""scaffold"", ""src"": ""inner_cv"", ""thr"": 0.2214}]",33.02,bootstrap unit: scaffold
T3,wide,scaffold,all,fg_lactam,F2.lt1700,knn,auroc,0.5936,0.5674,0.6171,0.5,,,,5198,4222,1000,20789,inner_cv,"[{""fold"": ""scaffold"", ""k"": 10, ""src"": ""inner_cv"", ""thr"": 0.0893}]",70.8,bootstrap unit: scaffold
T3,wide,scaffold,all,fg_lactam,F2.lt1700,knn,auprc,0.1296,0.1109,0.157,0.0856,,,,5198,4222,1000,20789,inner_cv,"[{""fold"": ""scaffold"", ""k"": 10, ""src"": ""inner_cv"", ""thr"": 0.0893}]",70.8,bootstrap unit: scaffold
T3,wide,scaffold,all,fg_lactam,F2.lt1700,knn,bal_acc,0.5857,0.5603,0.6079,0.5,,,,5198,4222,1000,20789,inner_cv,"[{""fold"": ""scaffold"", ""k"": 10, ""src"": ""inner_cv"", ""thr"": 0.0893}]",70.8,bootstrap unit: scaffold
T3,wide,scaffold,all,fg_lactam,F3.lt1700,majority,auroc,0.5,0.5,0.5,0.5,,,,5198,4222,1000,20789,fixed,"[{""fold"": ""scaffold"", ""src"": ""fixed"", ""thr"": 0.5}]",2.08,bootstrap unit: scaffold
T3,wide,scaffold,all,fg_lactam,F3.lt1700,majority,auprc,0.0856,0.0774,0.0946,0.0856,,,,5198,4222,1000,20789,fixed,"[{""fold"": ""scaffold"", ""src"": ""fixed"", ""thr"": 0.5}]",2.08,bootstrap unit: scaffold
T3,wide,scaffold,all,fg_lactam,F3.lt1700,majority,bal_acc,0.5,0.5,0.5,0.5,,,,5198,4222,1000,20789,fixed,"[{""fold"": ""scaffold"", ""src"": ""fixed"", ""thr"": 0.5}]",2.08,bootstrap unit: scaffold
T3,wide,scaffold,all,fg_lactam,F3.lt1700,lr,auroc,0.7092,0.6815,0.7323,0.5,,,,5198,4222,1000,20789,inner_cv,"[{""fold"": ""scaffold"", ""C"": 0.01, ""src"": ""inner_cv"", ""thr"": 0.5019}]",113.8,bootstrap unit: scaffold
T3,wide,scaffold,all,fg_lactam,F3.lt1700,lr,auprc,0.1761,0.1526,0.2071,0.0856,,,,5198,4222,1000,20789,inner_cv,"[{""fold"": ""scaffold"", ""C"": 0.01, ""src"": ""inner_cv"", ""thr"": 0.5019}]",113.8,bootstrap unit: scaffold
T3,wide,scaffold,all,fg_lactam,F3.lt1700,lr,bal_acc,0.656,0.6281,0.6805,0.5,,,,5198,4222,1000,20789,inner_cv,"[{""fold"": ""scaffold"", ""C"": 0.01, ""src"": ""inner_cv"", ""thr"": 0.5019}]",113.8,bootstrap unit: scaffold
T3,wide,scaffold,all,fg_lactam,F3.lt1700,hgb,auroc,0.8354,0.8172,0.851,0.5,,,,5198,4222,1000,20789,inner_cv,"[{""fold"": ""scaffold"", ""src"": ""inner_cv"", ""thr"": 0.1606}]",38.86,bootstrap unit: scaffold
T3,wide,scaffold,all,fg_lactam,F3.lt1700,hgb,auprc,0.3204,0.2757,0.3669,0.0856,,,,5198,4222,1000,20789,inner_cv,"[{""fold"": ""scaffold"", ""src"": ""inner_cv"", ""thr"": 0.1606}]",38.86,bootstrap unit: scaffold
T3,wide,scaffold,all,fg_lactam,F3.lt1700,hgb,bal_acc,0.7526,0.7315,0.7711,0.5,,,,5198,4222,1000,20789,inner_cv,"[{""fold"": ""scaffold"", ""src"": ""inner_cv"", ""thr"": 0.1606}]",38.86,bootstrap unit: scaffold
T3,wide,scaffold,all,fg_lactam,F3.lt1700,knn,auroc,0.6002,0.5706,0.625,0.5,,,,5198,4222,1000,20789,inner_cv,"[{""fold"": ""scaffold"", ""k"": 10, ""src"": ""inner_cv"", ""thr"": 0.0889}]",53.12,bootstrap unit: scaffold
T3,wide,scaffold,all,fg_lactam,F3.lt1700,knn,auprc,0.1594,0.1298,0.1946,0.0856,,,,5198,4222,1000,20789,inner_cv,"[{""fold"": ""scaffold"", ""k"": 10, ""src"": ""inner_cv"", ""thr"": 0.0889}]",53.12,bootstrap unit: scaffold
T3,wide,scaffold,all,fg_lactam,F3.lt1700,knn,bal_acc,0.593,0.5657,0.6171,0.5,,,,5198,4222,1000,20789,inner_cv,"[{""fold"": ""scaffold"", ""k"": 10, ""src"": ""inner_cv"", ""thr"": 0.0889}]",53.12,bootstrap unit: scaffold
