#Wave		#Intensity
3199.989258	156.034424
3199.284180	131.210770
3198.579102	156.010239
3197.874023	145.350632
3197.168945	131.149704
3196.463867	145.305466
3195.757813	120.478470
3195.052734	116.916779
3194.346680	141.695206
3193.640625	159.382248
3192.934570	169.981171
3192.228516	145.169556
3191.522461	130.986176
3190.816406	166.361786
3190.109375	152.179474
3189.403320	127.386078
3188.696289	141.517853
3187.990234	162.719955
3187.283203	145.010178
3186.576172	152.059891
3185.869141	130.821609
3185.162109	130.800964
3184.455078	130.780304
3183.747070	155.497940
3183.040039	162.540314
3182.332031	148.382874
3181.624023	130.697525
3180.916016	187.185669
3180.208008	158.906006
3179.500000	130.635284
3178.791992	130.614502
3178.083984	151.771057
3177.375977	155.275879
3176.666992	151.722672
3175.958008	130.531235
3175.250000	172.838058
3174.541016	130.489502
3173.832031	158.678055
3173.123047	179.806320
3172.413086	151.577103
3171.704102	148.028305
3170.995117	183.243698
3170.285156	176.167542
3169.575195	169.093643
3168.865234	130.322021
3168.155273	161.995880
3167.445313	183.096237
3166.735352	168.984634
3166.025391	154.877548
3165.315430	161.891266
3164.604492	179.459106
3163.893555	165.357086
3163.183594	151.259628
3162.472656	130.132523
3161.761719	137.144440
3161.050781	158.217880
3160.338867	172.253677
3159.627930	172.225647
3158.916992	165.169128
3158.205078	165.142197
3157.493164	189.706894
3156.782227	151.038239
3156.070313	158.037445
3155.358398	182.591187
3154.645508	172.028931
3153.933594	179.021194
3153.221680	182.501495
3152.508789	171.944351
3151.795898	182.441605
3151.083984	189.427475
3150.371094	150.815598
3149.658203	168.324585
3148.945313	196.346359
3148.231445	150.741104
3147.518555	178.756485
3146.804688	154.195816
3146.091797	192.712952
3145.377930	203.190964
3144.664063	196.151932
3143.950195	154.093872
3143.236328	189.083878
3142.522461	143.539886
3141.808594	143.516068
3141.093750	216.988266
3140.379883	213.452988
3139.665039	178.431015
3138.950195	178.401337
3138.235352	167.879181
3137.520508	195.826401
3136.805664	206.282700
3136.089844	206.248276
3135.375000	199.223541
3134.659180	195.695679
3133.944336	195.662964
3133.228516	209.603806
3132.512695	181.626205
3131.796875	185.087997
3131.081055	181.565323
3130.364258	198.990128
3129.648438	195.466232
3128.932617	177.983978
3128.215820	191.911224
3127.499023	216.299881
3126.782227	198.822861
3126.065430	216.227020
3125.348633	181.321121
3124.631836	195.235947
3123.914063	177.774139
3123.197266	205.625534
3122.479492	216.044525
3121.761719	167.231979
3121.043945	247.322083
3120.326172	247.280182
3119.608398	160.182541
3118.890625	201.935028
3118.171875	215.824936
3117.454102	215.788269
3116.735352	208.791870
3116.016602	243.549072
3115.298828	236.550262
3114.579102	215.641449
3113.860352	212.127197
3113.141602	180.798904
3112.422852	215.531143
3111.703125	208.542908
3110.983398	215.457520
3110.264648	225.844269
3109.544922	208.435974
3108.825195	215.346970
3108.104492	253.510254
3107.384766	225.689621
3106.665039	225.650909
3105.944336	211.728363
3105.224609	215.162369
3104.503906	235.943985
3103.783203	242.841751
3103.062500	215.051407
3102.341797	204.610474
3101.620117	232.314240
3100.899414	214.940308
3100.177734	259.963593
3099.457031	214.866150
3098.735352	211.364075
3098.013672	256.364563
3097.291992	242.465103
3096.570313	211.254471
3095.847656	207.755325
3095.125977	193.871399
3094.403320	214.606140
3093.680664	280.323914
3092.958984	214.531708
3092.236328	235.251999
3091.513672	214.457214
3090.790039	207.503174
3090.067383	214.382660
3089.343750	214.345367
3088.621094	241.960709
3087.897461	241.918564
3087.173828	238.421021
3086.450195	259.108093
3085.726563	276.333740
3085.002930	241.749832
3084.278320	252.066498
3083.554688	276.188965
3082.830078	255.430130
3082.105469	265.738922
3081.381836	279.494598
3080.657227	251.846069
3079.931641	296.643372
3079.207031	231.065353
3078.482422	258.609863
3077.756836	262.011993
3077.031250	261.966003
3076.306641	275.705231
3075.581055	268.765320
3074.854492	282.498444
3074.128906	258.337250
3073.403320	268.623444
3072.676758	265.132813
3071.951172	271.971436
3071.224609	213.408295
3070.498047	261.551086
3069.771484	258.064056
3069.044922	261.458710
3068.318359	285.489960
3067.590820	288.878510
3066.864258	251.004761
3066.136719	319.716583
3065.409180	254.353088
3064.682617	271.490997
3063.954102	305.802704
3063.226563	233.605576
3062.499023	271.346558
3061.771484	240.390961
3061.042969	254.082428
3060.314453	264.336090
3059.585938	284.883026
3058.857422	277.968903
3058.128906	260.763916
3057.400391	291.591919
3056.671875	257.241150
3055.942383	281.200165
3055.212891	318.865265
3054.484375	305.096191
3053.754883	263.912476
3053.025391	267.292175
3052.295898	280.949249
3051.565430	260.345428
3050.835938	287.698730
3050.105469	267.101013
3049.375000	273.900726
3048.645508	287.544250
3047.915039	314.872955
3047.184570	294.285004
3046.453125	301.074829
3045.722656	263.393188
3044.991211	290.706512
3044.260742	276.976440
3043.529297	287.183197
3042.797852	280.295105
3042.066406	259.738983
3041.334961	259.692230
3040.602539	310.891296
3039.871094	327.914154
3039.138672	314.194427
3038.407227	283.406921
3037.674805	266.286163
3036.942383	279.891357
3036.209961	313.967773
3035.476563	252.493668
3034.744141	286.562653
3034.010742	293.332520
3033.278320	300.099945
3032.544922	303.455231
3031.811523	296.582336
3031.078125	330.612366
3030.344727	306.698181
3029.610352	296.421173
3028.876953	306.586975
3028.142578	265.660522
3027.408203	347.339142
3026.673828	296.206085
3025.939453	333.596802
3025.205078	285.888153
3024.470703	306.253052
3023.735352	330.012726
3023.000977	319.747955
3022.265625	333.293549
3021.530273	336.633209
3020.794922	322.973022
3020.059570	312.716858
3019.324219	329.652222
3018.587891	366.968506
3017.852539	332.929169
3017.116211	343.058258
3016.379883	319.223633
3015.643555	322.560669
3014.907227	315.712219
3014.170898	325.836884
3013.434570	380.073486
3012.697266	329.110535
3011.959961	349.403931
3011.223633	342.556610
3010.486328	376.404144
3009.749023	362.773529
3009.010742	338.978485
3008.273438	325.359650
3007.536133	328.688507
3006.797852	365.895264
3006.059570	375.989960
3005.321289	362.374176
3004.583008	325.061005
3003.844727	348.699219
3003.106445	341.865479
3002.367188	365.491852
3001.628906	355.273895
3000.889648	348.442566
3000.150391	351.760712
2999.411133	358.459259
2998.671875	375.298492
2997.932617	365.087952
2997.192383	408.958252
2996.453125	334.540436
2995.712891	425.700104
2994.972656	388.464050
2994.232422	452.561432
2993.492188	374.813660
2992.751953	340.983612
2992.010742	384.801392
2991.270508	391.479828
2990.529297	418.400970
2989.788086	381.214142
2989.046875	414.873016
2988.305664	404.679138
2987.564453	458.551331
2986.822266	455.095215
2986.081055	414.565369
2985.338867	478.515106
2984.596680	407.673065
2983.854492	424.440216
2983.112305	420.993408
2982.370117	437.751770
2981.627930	387.169952
2980.884766	434.222900
2980.141602	420.680328
2979.399414	444.155731
2978.656250	457.529785
2977.913086	497.807312
2977.168945	467.448151
2976.425781	457.274078
2975.681641	457.188812
2974.938477	453.742493
2974.194336	460.378693
2973.450195	477.091766
2972.706055	507.235229
2971.961914	517.216125
2971.216797	473.466553
2970.472656	577.454102
2969.727539	540.422852
2968.982422	523.541565
2968.237305	556.997681
2967.492188	540.119568
2966.747070	600.393127
2966.001953	643.876526
2965.255859	553.227722
2964.509766	566.533081
2963.764648	606.646545
2963.018555	609.883789
2962.272461	623.170898
2961.525391	589.556458
2960.779297	636.333496
2960.032227	629.517029
2959.286133	595.920105
2958.539063	646.016663
2957.791992	665.974915
2957.044922	645.773804
2956.297852	652.343018
2955.549805	648.875610
2954.802734	618.656677
2954.054688	635.257507
2953.306641	712.022949
2952.558594	655.071411
2951.810547	648.264832
2951.062500	711.620483
2950.314453	671.402588
2949.565430	664.596558
2948.816406	594.351074
2948.067383	764.498352
2947.319336	624.166809
2946.569336	634.060425
2945.820313	653.959839
2945.071289	660.508057
2944.321289	680.394775
2943.571289	650.254395
2942.822266	633.461365
2942.072266	616.674622
2941.321289	586.563171
2940.571289	659.758606
2939.821289	656.302185
2939.070313	632.861877
2938.320313	696.016174
2937.569336	586.007751
2936.818359	609.199341
2936.066406	619.068787
2935.315430	628.934387
2934.564453	598.871460
2933.812500	502.291260
2933.060547	588.666687
2932.309570	631.782043
2931.556641	651.609192
2930.804688	571.711670
2930.052734	584.896057
2929.299805	584.784790
2928.547852	591.317566
2927.794922	587.883667
2927.041992	617.658447
2926.289063	587.659851
2925.536133	614.103760
2924.783203	574.160583
2924.029297	603.915100
2923.275391	547.401062
2922.522461	580.466187
2921.768555	567.090210
2921.014648	547.087891
2920.259766	590.079163
2919.505859	520.363708
2918.750977	543.460815
2917.997070	536.730713
2917.242188	533.315674
2916.487305	543.149353
2915.732422	572.846802
2914.977539	496.593018
2914.221680	503.117981
2913.466797	526.187195
2912.710938	605.495789
2911.955078	539.218140
2911.199219	542.422302
2910.443359	565.466125
2909.687500	535.602112
2908.930664	561.943909
2908.174805	575.055847
2907.417969	522.076965
2906.661133	555.013367
2905.904297	538.391785
2905.147461	561.405090
2904.389648	508.469360
2903.632813	544.683960
2902.875000	495.072144
2902.117188	521.375793
2901.359375	560.866150
2900.601563	557.459717
2899.843750	497.989532
2899.085938	626.488831
2898.327148	557.138123
2897.568359	599.879395
2896.810547	527.265015
2896.051758	560.111206
2895.291992	546.826721
2894.533203	569.775879
2893.774414	503.808746
2893.014648	569.556274
2892.254883	526.655701
2891.496094	513.390259
2890.736328	575.807434
2889.975586	569.116943
2889.215820	522.960266
2888.455078	582.050903
2887.695313	565.499573
2886.934570	571.964661
2886.173828	588.286682
2885.413086	558.600037
2884.652344	528.924866
2883.890625	555.099426
2883.129883	554.992065
2882.368164	531.901306
2881.606445	466.144226
2880.844727	557.951965
2880.083008	564.406799
2879.321289	557.735901
2878.558594	534.666687
2877.796875	600.153625
2877.034180	508.228302
2876.271484	531.077576
2875.508789	593.249329
2874.746094	570.195374
2873.983398	612.677246
2873.219727	530.665527
2872.456055	527.287415
2871.693359	595.948303
2870.929688	553.273071
2870.165039	605.536255
2869.401367	618.508728
2868.637695	615.116577
2867.873047	618.268250
2867.109375	611.606750
2866.344727	591.867859
2865.580078	621.176819
2864.814453	588.368774
2864.049805	647.079651
2863.285156	614.279175
2862.519531	588.025085
2861.753906	604.241394
2860.988281	538.812927
2860.222656	597.476013
2859.457031	616.945068
2858.690430	620.088379
2857.924805	606.915466
2857.158203	639.420532
2856.391602	613.202026
2855.625000	616.343384
2854.858398	590.139526
2854.091797	629.141846
2853.324219	609.463928
2852.557617	596.310730
2851.790039	602.709900
2851.022461	635.164612
2850.254883	612.244080
2849.487305	612.124268
2848.718750	618.515198
2847.951172	602.120605
2847.182617	559.699829
2846.414063	569.350525
2845.645508	670.075623
2844.876953	614.657654
2844.108398	582.021973
2843.338867	617.667603
2842.570313	617.546509
2841.800781	675.918335
2841.031250	675.785706
2840.261719	665.908142
2839.491211	649.538940
2838.721680	665.646729
2837.951172	607.080444
2837.181641	632.927490
2836.411133	636.048279
2835.640625	584.011169
2834.870117	574.164734
2834.098633	612.970642
2833.328125	667.974182
2832.556641	667.842773
2831.785156	687.159241
2831.013672	725.912170
2830.242188	677.168640
2829.470703	625.204834
2828.699219	702.812073
2827.926758	634.672974
2827.154297	702.535156
2826.381836	676.501892
2825.609375	608.408020
2824.836914	614.759216
2824.064453	676.101746
2823.291016	656.562561
2822.518555	611.161743
2821.745117	662.769409
2820.971680	652.941406
2820.198242	614.031555
2819.423828	642.990173
2818.650391	655.785034
2817.875977	633.046570
2817.102539	674.900940
2816.328125	661.853271
2815.553711	645.582764
2814.778320	655.136902
2814.003906	645.327332
2813.228516	638.747620
2812.454102	696.677612
2811.678711	667.517151
2810.903320	648.040405
2810.127930	680.146423
2809.351563	641.338013
2808.576172	683.098999
2807.799805	666.855957
2807.023438	698.932556
2806.247070	663.371155
2805.470703	666.459106
2804.694336	640.575073
2803.916992	691.941223
2803.140625	707.892273
2802.363281	691.666382
2801.585938	736.558777
2800.808594	733.196594
2800.031250	700.899475
2799.252930	691.116638
2798.475586	697.406921
2797.697266	751.892883
2796.918945	661.791077
2796.140625	738.745911
2795.362305	703.274536
2794.583984	715.977112
2793.804688	677.314270
2793.026367	718.901306
2792.247070	747.636658
2791.467773	715.406616
2790.688477	708.849060
2789.908203	657.398560
2789.128906	724.597229
2788.348633	702.013855
2787.569336	711.488464
2786.789063	682.508057
2786.007813	708.000732
2785.227539	688.641418
2784.447266	646.873413
2783.666016	755.602051
2782.884766	720.239319
2782.104492	732.896973
2781.323242	748.749329
2780.541016	729.404724
2779.759766	751.648254
2778.977539	732.310669
2778.196289	684.205688
2777.414063	712.837952
2776.631836	728.674866
2775.849609	770.067810
2775.066406	750.745544
2774.284180	795.311340
2773.500977	737.671021
2772.717773	756.679504
2771.934570	798.025024
2771.151367	724.461365
2770.368164	820.040527
2769.583984	832.636597
2768.800781	752.730957
2768.016602	787.657593
2767.232422	774.746338
2766.448242	768.215393
2765.664063	799.930725
2764.878906	825.260559
2764.094727	732.709473
2763.309570	738.932129
2762.524414	741.967896
2761.739258	741.818542
2760.954102	738.486023
2760.167969	795.622131
2759.382813	757.279663
2758.596680	782.576721
2757.810547	807.863525
2757.024414	823.600281
2756.238281	740.772827
2755.452148	743.802063
2754.665039	772.254028
2753.877930	768.920776
2753.090820	784.649170
2752.303711	806.723267
2751.516602	816.086609
2750.729492	825.446106
2749.941406	799.886108
2749.154297	761.642273
2748.366211	764.661194
2747.578125	805.745483
2746.790039	869.014160
2746.000977	856.154541
2745.212891	805.256409
2744.423828	820.941650
2743.634766	789.085266
2742.845703	830.114258
2742.056641	842.617004
2741.267578	804.441101
2740.477539	797.945129
2739.688477	892.757507
2738.898438	864.089966
2738.108398	832.269409
2737.318359	838.428223
2736.528320	793.972717
2735.737305	857.063354
2734.946289	809.459961
2734.156250	837.747314
2733.365234	796.488342
2732.574219	802.646484
2731.782227	843.555237
2730.991211	777.050110
2730.199219	761.101501
2729.407227	817.780823
2728.616211	855.496094
2727.823242	826.916321
2727.031250	858.303162
2726.239258	817.114807
2725.446289	839.027954
2724.653320	845.164124
2723.860352	778.779724
2723.067383	819.600891
2722.274414	825.737000
2721.481445	787.756165
2720.687500	831.700684
2719.893555	885.076416
2719.099609	799.870056
2718.305664	815.448853
2717.511719	900.273010
2716.717773	833.998535
2715.922852	836.974487
2715.127930	865.116150
2714.333008	833.486816
2713.538086	811.304077
2712.743164	814.281921
2711.947266	839.261536
2711.152344	823.376343
2710.356445	882.905884
2709.560547	810.473389
2708.764648	885.684631
2707.968750	860.382324
2707.171875	850.787476
2706.375977	834.918945
2705.579102	841.023804
2704.782227	856.538635
2703.985352	884.594421
2703.188477	918.911072
2702.390625	972.026917
2701.593750	777.461670
2700.795898	924.612976
2699.998047	874.284607
2699.200195	896.035645
2698.402344	892.718872
2697.603516	880.008240
2696.804688	829.730103
2696.006836	898.428223
2695.208008	879.464478
2694.409180	907.445251
2693.609375	922.900513
2692.810547	853.897827
2692.010742	922.519775
2691.210938	887.937378
2690.411133	912.761230
2689.611328	893.821228
2688.811523	862.390564
2688.011719	955.931030
2687.210938	930.746948
2686.410156	930.554504
2685.609375	939.728027
2684.808594	970.747375
2684.007813	864.441650
2683.206055	929.784424
2682.404297	913.994690
2681.603516	879.498657
2680.801758	947.915527
2679.999023	882.251587
2679.197266	944.405640
2678.395508	987.836609
2677.592773	944.013794
2676.790039	943.817871
2675.987305	934.279114
2675.184570	1024.379883
2674.380859	918.326111
2673.578125	949.258484
2672.774414	989.512939
2671.970703	895.976257
2671.166992	951.776733
2670.363281	998.224670
2669.559570	994.907776
2668.754883	957.399292
2667.950195	954.092102
2667.146484	981.857544
2666.340820	956.800903
2665.536133	937.966309
2664.731445	931.560303
2663.925781	971.725098
2663.120117	1018.080811
2662.314453	983.732422
2661.508789	986.629578
2660.703125	911.976379
2659.897461	949.001526
2659.090820	951.903748
2658.284180	979.604797
2657.477539	1004.194763
2656.670898	923.417969
2655.864258	938.714966
2655.090820	881.598389
2655.056641	1003.564209
2654.285156	931.265930
2654.250000	932.128174
2653.479492	928.012085
2653.442383	1034.104858
2652.673828	912.346313
2652.634766	1006.028809
2651.868164	871.863647
2651.827148	981.059265
2651.062500	939.971436
2651.018555	977.759277
2650.256836	973.938232
2650.210938	1057.985718
2649.450195	995.489014
2649.402344	971.163086
2648.644531	942.615601
2648.593750	1054.449219
2647.837891	973.464722
2647.785156	1001.670898
2647.031250	926.811096
2646.976563	1004.551331
2646.224609	1001.041199
2646.166992	1013.610962
2645.417969	1007.075745
2645.358398	1081.369629
2644.610352	1025.500854
2644.548828	1007.006592
2643.803711	957.184692
2643.739258	1046.942993
2642.997070	1000.389038
2642.929688	1009.670410
2642.189453	1031.192383
2642.120117	1040.328003
2641.381836	938.138855
2641.309570	993.813171
2640.574219	1018.472595
2640.500000	1005.946655
2639.766602	1043.067017
2639.689453	1036.585327
2638.958984	965.529968
2638.878906	1008.606873
2638.150391	1033.442627
2638.068359	999.142761
2637.342773	1054.928467
2637.256836	1069.843628
2636.534180	992.892639
2636.446289	1023.380737
2635.725586	949.432739
2635.634766	1020.082764
2634.916992	936.908020
2634.823242	1069.165894
2634.108398	1029.501587
2634.011719	1050.456787
2633.299805	982.965515
2633.200195	1028.675659
2632.491211	1007.527893
2632.388672	1056.171021
2631.681641	1028.991943
2631.576172	1062.104614
2630.873047	1016.463623
2630.763672	1068.035645
2630.063477	1053.363892
2629.952148	1015.496033
2629.253906	1009.950073
2629.138672	1098.349365
2628.444336	1062.279053
2628.326172	1018.141724
2627.634766	1049.752808
2627.513672	1085.582520
2626.825195	1077.361450
2626.700195	1060.755127
2626.014648	1077.182373
2625.886719	1088.196045
2625.205078	1046.143555
2625.073242	1081.818481
2624.394531	1015.114868
2624.259766	1100.024902
2623.583984	1051.965088
2623.446289	1044.494507
2622.773438	1024.029785
2622.631836	1041.201172
2621.962891	1057.781982
2621.818359	1050.192139
2621.152344	1042.188354
2621.003906	1083.739746
2620.341797	1069.760132
2620.189453	1083.509155
2619.530273	1032.592773
2619.375000	1113.966431
2618.718750	1069.402100
2618.559570	1021.685486
2617.908203	1059.978882
2617.745117	1110.424561
2617.096680	1050.558716
2616.929688	1061.118896
2616.284180	1038.061157
2616.114258	1122.216064
2615.472656	1007.088989
2615.298828	1082.125122
2614.661133	1037.712402
2614.483398	1048.180908
2613.848633	1015.986572
2613.666992	1008.122681
2613.037109	1006.580811
2612.851563	1084.496216
2612.224609	1074.120850
2612.035156	1029.132446
2611.412109	1104.711548
2611.218750	1053.410522
2610.599609	1076.835083
2610.402344	1065.431763
2609.787109	1058.196289
2609.584961	997.863525
2608.973633	1119.530029
2608.768555	1083.337769
2608.161133	1122.415771
2607.951172	1107.583008
2607.347656	1054.584717
2607.133789	1043.107666
2606.535156	1072.850464
2606.316406	1122.400391
2605.721680	1054.227295
2605.499023	1106.871582
2604.908203	1090.924683
2604.680664	1134.147461
2604.093750	1093.811890
2603.863281	1051.382935
2603.280273	1087.482056
2603.044922	1142.828125
2602.466797	1071.939819
2602.226563	1069.262085
2601.652344	1117.821411
2601.408203	1114.848267
2600.837891	1145.264771
2600.589844	1120.716309
2600.023438	1080.601807
2599.770508	1065.520386
2599.208984	1117.249878
2598.951172	1156.863647
2598.394531	1132.403320
2598.132813	1107.786865
2597.580078	1046.296875
2597.313477	1107.548584
2596.764648	1036.914551
2596.493164	1113.411133
2595.950195	1058.208008
2595.673828	1104.022095
2595.134766	1076.427246
2594.853516	1027.556152
2594.319336	1152.898315
2594.034180	1106.595093
2593.503906	1128.175049
2593.213867	1121.595581
2592.688477	1063.612915
2592.392578	1115.259399
2591.872070	1081.818115
2591.572266	1172.902344
2591.056641	1152.106689
2590.751953	1163.511719
2590.240234	1072.255371
2589.930664	1129.763550
2589.423828	1114.953613
2589.109375	1132.563965
2588.608398	1139.261841
2588.288086	1065.354126
2587.791992	1191.119507
2587.466797	1119.901611
2586.974609	1166.422241
2586.644531	1101.404175
2586.158203	1089.697144
2585.823242	1155.919922
2585.340820	1159.898560
2585.000977	1216.494507
2584.524414	1107.679932
2584.178711	1207.109375
2583.707031	1135.022583
2583.356445	1170.368774
2582.889648	1147.061401
2582.534180	1212.664795
2582.072266	1131.571167
2581.710938	1160.745605
2581.254883	1119.143921
2580.888672	1121.000610
2580.437500	1192.323608
2580.065430	1105.570923
2579.619141	1173.776367
2579.242188	1251.088867
2578.800781	1091.055664
2578.417969	1114.198730
2577.983398	1130.589355
2577.594727	1186.803955
2577.165039	1157.888672
2576.770508	1180.476685
2576.346680	1127.141357
2575.947266	1134.710205
2575.527344	1136.107178
2575.123047	1134.463257
2574.708984	1120.641479
2574.298828	1146.347046
2573.889648	1150.975952
2573.473633	1109.713257
2573.071289	1166.037231
2572.649414	1194.349121
2572.251953	1208.560425
2571.824219	1175.904663
2571.432617	1138.167358
2570.999023	1187.768433
2570.613281	1202.036133
2570.173828	1169.333130
2569.793945	1128.618164
2569.348633	1214.508423
2568.973633	1143.669434
2568.522461	1171.850708
2568.154297	1094.681030
2567.697266	1192.786255
2567.333984	1109.732544
2566.871094	1153.178345
2566.513672	1164.405151
2566.044922	1155.952271
2565.693359	1173.343628
2565.218750	1098.216919
2564.873047	1188.372925
2564.392578	1197.792603
2564.052734	1215.583130
2563.565430	1118.904663
2563.231445	1194.046997
2562.738281	1176.104248
2562.411133	1148.154297
2561.911133	1212.119385
2561.589844	1208.851318
2561.083984	1178.610718
2560.768555	1187.327271
2560.256836	1220.652100
2559.947266	1223.644531
2559.428711	1169.031372
2559.125977	1259.948730
2558.601563	1171.794800
2558.304688	1244.512085
2557.773438	1219.848267
2557.482422	1253.419067
2556.945313	1216.561401
2556.660156	1222.779907
2556.117188	1149.895752
2555.838867	1256.016846
2555.288086	1279.392578
2555.016602	1237.550415
2554.459961	1239.892944
2554.194336	1197.809570
2553.630859	1173.265625
2553.371094	1203.676392
2552.801758	1260.454956
2552.548828	1160.916138
2551.972656	1220.985107
2551.726563	1288.327393
2551.142578	1235.786499
2550.903320	1236.453125
2550.313477	1253.594604
2550.080078	1196.746826
2549.483398	1174.985474
2549.256836	1199.570801
2548.653320	1183.762451
2548.433594	1214.539185
2547.823242	1198.558228
2547.610352	1238.609375
2546.993164	1222.379639
2546.786133	1201.965454
2546.163086	1225.119385
2545.962891	1244.237305
2545.332031	1191.744385
2545.138672	1289.528198
2544.500977	1257.673950
2544.314453	1283.230713
2543.669922	1149.103027
2543.490234	1222.339600
2542.838867	1278.169067
2542.666016	1216.056030
2542.006836	1199.709229
2541.841797	1227.966675
2541.175781	1271.590210
2541.016602	1288.376465
2540.343750	1277.318970
2540.192383	1233.588989
2539.511719	1144.824707
2539.367188	1260.641602
2538.679688	1210.661133
2538.541992	1324.042358
2537.847656	1210.392090
2537.716797	1266.248169
2537.014648	1252.161987
2536.891602	1278.135986
2536.181641	1197.845337
2536.065430	1265.793701
2535.348633	1230.594727
2535.240234	1310.981323
2534.515625	1146.298828
2534.414063	1177.552124
2533.682617	1311.049805
2533.587891	1228.792236
2532.848633	1220.774292
2532.761719	1210.414917
2532.015625	1286.475098
2531.935547	1270.706787
2531.181641	1262.203247
2531.109375	1243.253296
2530.347656	1288.898438
2530.282227	1255.126831
2529.513672	1207.697876
2529.456055	1242.805054
2528.678711	1255.365601
2528.628906	1200.254395
2527.843750	1237.112427
2527.801758	1242.356445
2527.009766	1230.846191
2526.974609	1369.065186
2526.174805	1281.470337
2526.147461	1275.145752
2525.338867	1221.314941
2525.319336	1308.147583
2524.503906	1233.012451
2524.492188	1256.560913
2523.667969	1334.466675
2523.664063	1244.253296
2522.835938	1250.066895
2522.833008	1292.287720
2522.007813	1286.067505
2521.997070	1274.053467
2521.179688	1240.558472
2521.160156	1285.727661
2520.351563	1270.511719
2520.324219	1240.598022
2519.522461	1206.917847
2519.488281	1258.251587
2518.694336	1254.966553
2518.651367	1234.064331
2517.865234	1161.236328
2517.814453	1284.572144
2517.036133	1173.087769
2516.977539	1221.562256
2516.207031	1184.934692
2516.139648	1170.524658
2515.377930	1332.432007
2515.302734	1310.572876
2514.548828	1235.741211
2514.464844	1271.476440
2513.718750	1353.040649
2513.626953	1160.781250
2512.888672	1259.393921
2512.789063	1247.036133
2512.058594	1192.892334
2511.951172	1172.187988
2511.229492	1304.111450
2511.112305	1246.473022
2510.398438	1270.749390
2510.274414	1231.284668
2509.568359	1309.656372
2509.435547	1257.832031
2508.738281	1246.203735
2508.596680	1290.327148
2507.907227	1197.822144
2507.757813	1266.200562
2507.076172	1212.648193
2506.917969	1271.871094
2506.245117	1203.400635
2506.078125	1241.803345
2505.414063	1221.227905
2505.239258	1184.953613
2504.583008	1221.004028
2504.399414	1226.357178
2503.751953	1244.834961
2503.558594	1264.765747
2502.919922	1175.461670
2502.718750	1234.726074
2502.087891	1262.412476
2501.877930	1228.496338
2501.255859	1193.061279
2501.037109	1275.799194
2500.423828	1225.893066
2500.196289	1284.428589
2499.591797	1282.745361
2499.355469	1269.273560
2498.759766	1255.477539
2498.514648	1230.350342
2497.926758	1162.154053
2497.672852	1313.263062
2497.094727	1267.025146
2496.831055	1253.553467
2496.261719	1248.780396
2495.989258	1232.478760
2495.428711	1353.596558
2495.147461	1232.197388
2494.595703	1326.340088
2494.305664	1249.726807
2493.762695	1185.085205
2493.462891	1332.539429
2492.928711	1220.862427
2492.620117	1287.728027
2492.095703	1313.609375
2491.777344	1302.265625
2491.261719	1244.399902
2490.934570	1275.275757
2490.427734	1292.137939
2490.091797	1272.018555
2489.593750	1294.896362
2489.248047	1245.047485
2488.759766	1207.746948
2488.404297	1312.927490
2487.924805	1222.505127
2487.560547	1253.365479
2487.090820	1261.223877
2486.716797	1184.943604
2486.255859	1192.099976
2485.873047	1297.215210
2485.420898	1263.751099
2485.028320	1317.644043
2484.585938	1293.457764
2484.184570	1228.531494
2483.750977	1260.288696
2483.339844	1299.280151
2482.916016	1272.026733
2482.494141	1266.432495
2482.080078	1223.911255
2481.649414	1236.557983
2481.245117	1250.610962
2480.803711	1265.848877
2480.409180	1310.205200
2479.958984	1309.910645
2479.573242	1253.136719
2479.113281	1309.608276
2478.737305	1279.815552
2478.267578	1211.772949
2477.900391	1297.515259
2477.420898	1238.086792
2477.064453	1297.273560
2476.575195	1279.159058
2476.227539	1323.928833
2475.728516	1261.142212
2475.391602	1329.658081
2474.881836	1311.048096
2474.554688	1308.498047
2474.035156	1325.505127
2473.717773	1293.319458
2473.187500	1254.363403
2472.879883	1325.927612
2472.340820	1218.663452
2472.042969	1376.437988
2471.493164	1283.282349
2471.205078	1376.180908
2470.645508	1288.883301
2470.368164	1384.877563
2469.797852	1294.481323
2469.530273	1399.539063
2468.949219	1285.336426
2468.692383	1375.408936
2468.101563	1293.879517
2467.854492	1339.355835
2467.252930	1376.084473
2467.015625	1294.368774
2466.404297	1254.979736
2466.177734	1294.126343
2465.555664	1340.100342
2465.338867	1362.453735
2464.707031	1342.732544
2464.500000	1400.947876
2463.857422	1289.429077
2463.661133	1353.002197
2463.007813	1295.014526
2462.822266	1418.299927
2462.158203	1359.447632
2461.983398	1310.787476
2461.308594	1309.118652
2461.143555	1379.046875
2460.458984	1335.282959
2460.304688	1414.523071
2459.608398	1384.958374
2459.464844	1366.619019
2458.757813	1381.694336
2458.625000	1396.130249
2457.907227	1422.517944
2457.785156	1372.057495
2457.056641	1383.985352
2456.944336	1347.993530
2456.205078	1377.785278
2456.104492	1326.913696
2455.354492	1324.595581
2455.263672	1368.307983
2454.502930	1300.793823
2454.422852	1448.348633
2453.651367	1391.492920
2453.582031	1406.447144
2452.799805	1282.572632
2452.741211	1429.965088
2451.947266	1352.692993
2451.900391	1453.473999
2451.095703	1381.710205
2451.059570	1414.566406
2450.243164	1267.002563
2450.217773	1464.809937
2449.390625	1342.940674
2449.375977	1437.797363
2448.537109	1395.390747
2448.534180	1410.794800
2447.692383	1407.558472
2447.684570	1392.130615
2446.850586	1431.043945
2446.831055	1353.710327
2446.008789	1407.025879
2445.977539	1382.684570
2445.166016	1344.434692
2445.124023	1361.856567
2444.323242	1400.558472
2444.270508	1379.102417
2443.480469	1406.226563
2443.416016	1399.267212
2442.637695	1397.061523
2442.562500	1454.541870
2441.794922	1462.039795
2441.708008	1439.567261
2440.952148	1524.028198
2440.853516	1374.870117
2440.108398	1502.987671
2439.998047	1406.713867
2439.264648	1532.341431
2439.143555	1435.618286
2438.421875	1369.066284
2438.288086	1397.275757
2437.577148	1484.354736
2437.432617	1388.176025
2436.733398	1501.845947
2436.577148	1399.532715
2435.889648	1460.097168
2435.720703	1326.172241
2435.044922	1456.858398
2434.865234	1381.343506
2434.201172	1426.975830
2434.008789	1477.363892
2433.356445	1423.744141
2433.152344	1366.089478
2432.511719	1530.011597
2432.295898	1380.354736
2431.666992	1464.625610
2431.438477	1394.612915
2430.821289	1508.720581
2430.582031	1341.775146
2429.976563	1529.136841
2429.724609	1402.694336
2429.130859	1425.345093
2428.867188	1381.949951
2428.285156	1419.159912
2428.008789	1416.596436
2427.439453	1475.053345
2427.151367	1398.772095
2426.593750	1409.751709
2426.292969	1407.176758
2425.747070	1474.489990
2425.434570	1406.838867
2424.901367	1480.116821
2424.576172	1467.653076
2424.054688	1411.897461
2423.717773	1379.960938
2423.208008	1423.440186
2422.858398	1417.466919
2422.361328	1467.457275
2422.000000	1452.044556
2421.514648	1428.799561
2421.140625	1358.600098
2420.667969	1558.392090
2420.281250	1393.174561
2419.820313	1516.780518
2419.420898	1404.469727
2418.973633	1492.886963
2418.561523	1404.130737
2418.125977	1404.106689
2417.701172	1406.697876
2417.278320	1439.228271
2416.840820	1336.621094
2416.430664	1480.233643
2415.979492	1394.397705
2415.582031	1450.468506
2415.119141	1431.815918
2414.734375	1470.822876
2414.257813	1344.361450
2413.885742	1411.600952
2413.396484	1425.316284
2413.037109	1490.882813
2412.188477	1502.379761
2411.339844	1437.294800
2410.491211	1442.907837
2409.641602	1424.965454
2408.791992	1492.393433
2407.942383	1486.220215
2407.092773	1441.797241
2406.243164	1447.403320
2405.393555	1470.654785
2404.542969	1452.726929
2403.693359	1470.087769
2402.842773	1552.113159
2401.992188	1463.642456
2401.141602	1433.975098
2400.290039	1489.518433
2399.439453	1486.293335
2398.587891	1506.563477
2397.736328	1459.292969
2396.884766	1403.233765
2396.033203	1402.962280
2395.180664	1461.380737
2394.329102	1496.305054
2393.476563	1493.081909
2392.624023	1507.456665
2391.771484	1474.910034
2390.918945	1445.307617
2390.066406	1506.580200
2389.212891	1515.079590
2388.359375	1485.486084
2387.505859	1435.398193
2386.652344	1376.543213
2385.798828	1531.472900
2384.945313	1431.634277
2384.090820	1410.866211
2383.236328	1451.563477
2382.381836	1574.171875
2381.527344	1527.059204
2380.672852	1453.641235
2379.818359	1491.373657
2378.962891	1488.159546
2378.107422	1467.407837
2377.251953	1472.966919
2376.396484	1452.225952
2375.541016	1562.956543
2374.684570	1518.838989
2373.829102	1445.535767
2372.972656	1532.844727
2372.116211	1488.758423
2371.259766	1479.712036
2370.403320	1540.700806
2369.545898	1511.225464
2368.688477	1502.179443
2367.832031	1551.462524
2366.974609	1522.001953
2366.116211	1521.704102
2365.258789	1550.552002
2364.401367	1529.850342
2363.542969	1523.723877
2362.684570	1604.985474
2361.826172	1534.776001
2360.967773	1493.711060
2360.108398	1598.219482
2359.250000	1571.710693
2358.390625	1580.132324
2357.531250	1515.814697
2356.671875	1547.514526
2355.812500	1535.577515
2354.953125	1567.260742
2354.092773	1520.438354
2353.232422	1520.139526
2352.372070	1511.122559
2351.511719	1534.068726
2350.651367	1577.339844
2349.790039	1623.498047
2348.929688	1565.104126
2348.068359	1547.376953
2347.207031	1616.734009
2346.345703	1590.297363
2345.484375	1584.181030
2344.622070	1572.265259
2343.759766	1519.750122
2342.897461	1496.252563
2342.035156	1609.023804
2341.172852	1713.054688
2340.310547	1617.082520
2339.447266	1663.121948
2338.584961	1671.484009
2337.721680	1662.464844
2336.858398	1673.718994
2335.994141	1589.429077
2335.130859	1626.744019
2334.266602	1643.786133
2333.403320	1626.100342
2332.539063	1674.956787
2331.674805	1622.564209
2330.809570	1596.217529
2329.945313	1714.437378
2329.080078	1702.535400
2328.214844	1658.848267
2327.349609	1658.519287
2326.484375	1536.859253
2325.619141	1591.431274
2324.752930	1683.521484
2323.887695	1611.009399
2323.021484	1532.752930
2322.155273	1619.027466
2321.289063	1713.923706
2320.421875	1690.504517
2319.555664	1644.020508
2318.688477	1689.832397
2317.821289	1634.717285
2316.954102	1585.389160
2316.085938	1599.483398
2315.218750	1596.283569
2314.350586	1742.886719
2313.483398	1610.048950
2312.615234	1601.089233
2311.746094	1597.890991
2310.877930	1652.264160
2310.008789	1703.737549
2309.140625	1642.973145
2308.271484	1619.630981
2307.402344	1731.480103
2306.533203	1722.507568
2305.663086	1630.161499
2304.793945	1730.443115
2303.923828	1750.214844
2303.053711	1755.611694
2302.183594	1680.568848
2301.312500	1711.826904
2300.442383	1699.998169
2299.571289	1625.010864
2298.700195	1647.649414
2297.829102	1684.628296
2296.958008	1758.893311
2296.086914	1726.984863
2295.214844	1643.462036
2294.343750	1740.630981
2293.471680	1688.675781
2292.599609	1671.138550
2291.726563	1728.120850
2290.854492	1676.198853
2289.981445	1738.886475
2289.108398	1732.809204
2288.235352	1801.187012
2287.362305	1780.784424
2286.489258	1643.030396
2285.615234	1719.970215
2284.742188	1731.069702
2283.868164	1684.950562
2282.994141	1799.016724
2282.119141	1669.975342
2281.245117	1761.126465
2280.370117	1777.922485
2279.496094	1757.559937
2278.621094	1708.632935
2277.746094	1705.432129
2276.870117	1750.786133
2275.995117	1858.943115
2275.119141	1847.148682
2274.243164	1761.145386
2273.367188	1757.936401
2272.491211	1783.260864
2271.614258	1811.427490
2270.738281	1779.689209
2269.861328	1847.765869
2268.984375	1816.032715
2268.107422	1795.713623
2267.230469	1772.552734
2266.352539	1777.893066
2265.474609	1771.836426
2264.597656	1797.110596
2263.719727	1751.187866
2262.840820	1747.986816
2261.962891	1801.713013
2261.083984	1807.039917
2260.206055	1763.996826
2259.327148	1803.463867
2258.447266	1783.190552
2257.568359	1910.783569
2256.689453	1796.682373
2255.809570	1864.532837
2254.929688	1813.004272
2254.049805	1889.347046
2253.169922	1843.515137
2252.289063	1797.701538
2251.409180	1899.554932
2250.528320	1904.847046
2249.647461	1762.548218
2248.766602	1835.969604
2247.885742	1810.062866
2247.003906	1877.771484
2246.122070	1840.522583
2245.240234	1913.867798
2244.358398	1870.956909
2243.476563	1808.223877
2242.594727	1892.864990
2241.711914	1878.314453
2240.829102	1818.450195
2239.946289	1888.877441
2239.063477	1930.962646
2238.180664	1956.046143
2237.296875	2051.873291
2236.413086	1867.531616
2235.530273	1943.534424
2234.645508	2011.020630
2233.761719	1937.086060
2232.877930	1984.754761
2231.993164	2035.230591
2231.108398	2102.642334
2230.223633	2000.493164
2229.338867	2031.159424
2228.454102	2087.232666
2227.568359	2086.806152
2226.682617	2148.491211
2225.796875	2167.810791
2224.911133	2150.434814
2224.025391	2251.569580
2223.138672	2200.332275
2222.252930	2264.750244
2221.366211	2261.467041
2220.479492	2201.800781
2219.592773	2277.452881
2218.705078	2220.625488
2217.818359	2321.599609
2216.930664	2338.025146
2216.042969	2329.096924
2215.155273	2399.013184
2214.266602	2395.706055
2213.378906	2443.062500
2212.490234	2411.607178
2211.601563	2427.992920
2210.712891	2435.933105
2209.824219	2443.869629
2208.934570	2555.835693
2208.044922	2527.199463
2207.156250	2512.627441
2206.266602	2520.541016
2205.375977	2494.738281
2204.486328	2468.946045
2203.595703	2485.287598
2202.706055	2554.967529
2201.815430	2439.351563
2200.923828	2509.011963
2200.033203	2629.150146
2199.141602	2566.891113
2198.250977	2521.486084
2197.359375	2481.707764
2196.467773	2562.500977
2195.575195	2500.306152
2194.683594	2513.802734
2193.791016	2586.133057
2192.898438	2512.765625
2192.005859	2487.040771
2191.113281	2441.725098
2190.220703	2466.416992
2189.327148	2373.541016
2188.433594	2342.268311
2187.540039	2436.910400
2186.646484	2408.434326
2185.752930	2410.733154
2184.858398	2348.720459
2183.963867	2309.097412
2183.069336	2434.392090
2182.174805	2473.009277
2181.280273	2260.169922
2180.384766	2304.393311
2179.490234	2379.316895
2178.594727	2278.310303
2177.699219	2210.843018
2176.803711	2313.647705
2175.907227	2170.862305
2175.010742	2198.309326
2174.115234	2234.112549
2173.218750	2152.780273
2172.321289	2068.693604
2171.424805	2090.563477
2170.527344	2095.703125
2169.630859	2089.695313
2168.733398	2027.976318
2167.834961	2058.190918
2166.937500	2132.945313
2166.039063	2029.495972
2165.141602	1987.323486
2164.243164	2114.918213
2163.344727	2033.794189
2162.445313	2016.681152
2161.546875	2085.787598
2160.647461	2051.987793
2159.748047	2029.321167
2158.848633	2067.808838
2157.949219	1950.671021
2157.048828	2108.619385
2156.149414	1997.076660
2155.249023	2099.408936
2154.348633	2071.206787
2153.448242	2045.792236
2152.546875	1989.860107
2151.645508	2006.092651
2150.745117	2019.544312
2149.843750	2038.537109
2148.941406	1974.333496
2148.040039	2034.912842
2147.137695	1970.736572
2146.236328	1981.409302
2145.333984	1989.306641
2144.430664	1991.660522
2143.528320	1969.088013
2142.625977	1938.218140
2141.722656	2034.703003
2140.819336	1940.174194
2139.916016	2011.713501
2139.011719	2008.525391
2138.108398	2068.956055
2137.204102	2093.410889
2136.299805	1938.141846
2135.395508	2056.597656
2134.491211	1987.074585
2133.585938	2011.525269
2132.681641	1953.090454
2131.776367	2079.728760
2130.871094	1927.417969
2129.964844	2062.290527
2129.059570	2059.096924
2128.153320	1948.279785
2127.247070	2060.989990
2126.340820	1972.286377
2125.434570	1996.692139
2124.528320	1993.514648
2123.621094	2006.878540
2122.713867	2020.236572
2121.806641	2063.899658
2120.899414	2102.034180
2119.991211	2016.205444
2119.083984	2048.825928
2118.175781	2108.964844
2117.267578	2083.746338
2116.359375	2182.380615
2115.450195	2080.115479
2114.541992	2131.943359
2113.632813	2037.982422
2112.723633	2067.799072
2111.814453	2070.111328
2110.904297	2058.679443
2109.995117	2022.520508
2109.084961	2101.767578
2108.174805	1928.272949
2107.264648	2062.431152
2106.353516	1985.115967
2105.443359	2028.617065
2104.532227	2126.989502
2103.621094	2063.428711
2102.709961	1988.921387
2101.797852	1993.985352
2100.886719	2042.921875
2099.974609	2069.904541
2099.062500	2116.062744
2098.150391	2022.439087
2097.238281	2071.327148
2096.325195	2032.537598
2095.412109	2064.970215
2094.499023	2091.912598
2093.585938	2096.943115
2092.672852	2049.969238
2091.758789	2057.742432
2090.845703	2109.284668
2089.931641	2062.337646
2089.017578	2094.714111
2088.102539	2118.874512
2087.188477	2077.421631
2086.273438	2197.225098
2085.358398	2035.552246
2084.443359	2048.776855
2083.527344	2130.273682
2082.612305	2067.017090
2081.696289	2055.656250
2080.780273	2197.145020
2079.864258	2120.270020
2078.948242	2114.360840
2078.031250	2056.629150
2077.114258	2064.370850
2076.197266	2140.270508
2075.280273	2077.117920
2074.363281	2087.574951
2073.445313	1989.038818
2072.528320	2075.785400
2071.610352	2110.747070
2070.692383	2123.909912
2069.773438	2063.562744
2068.855469	2112.113037
2067.936523	2160.642334
2067.017578	2130.252197
2066.098633	2080.834473
2065.178711	2151.094238
2064.259766	2164.227051
2063.339844	2082.213623
2062.419922	2176.886475
2061.500000	2141.096436
2060.580078	2124.337158
2059.659180	2210.791260
2058.738281	2218.462158
2057.817383	2128.396973
2056.896484	2111.653809
2055.975586	2165.471924
2055.053711	2216.553711
2054.131836	2218.788818
2053.209961	2061.022461
2052.288086	2258.502441
2051.366211	2084.530518
2050.443359	2130.153320
2049.520508	2145.950928
2048.597656	2142.779053
2047.674805	2163.983643
2046.751953	2101.237549
2045.828125	2054.761475
2044.904297	2222.127441
2043.980469	2194.586914
2043.056641	2072.367920
2042.131836	2228.801270
2041.208008	2239.136230
2040.283203	2222.429688
2039.358398	2181.402100
2038.433594	2189.037354
2037.507813	2177.755615
2036.582031	2223.206543
2035.657227	2292.944580
2034.730469	2249.244629
2033.804688	2200.164307
2032.878906	2234.773926
2031.952148	2239.685791
2031.101563	2003.617432
2031.025391	2268.875488
2030.175781	2192.637939
2030.098633	2206.346191
2029.250000	2135.570801
2029.171875	2238.226807
2028.324219	2065.025879
2028.244141	2202.691406
2027.397461	2080.869873
2027.316406	2274.990723
2026.470703	2031.944946
2026.388672	2325.698975
2025.544922	2090.956543
2025.460938	2190.477295
2024.618164	2036.650635
2024.533203	2295.056152
2023.690430	2103.731934
2023.604492	2170.671875
2022.763672	2092.587891
2022.676758	2167.506592
2021.836914	2073.358398
2021.748047	2218.181885
2020.909180	2126.919678
2020.818359	2231.155518
2019.981445	2169.681152
2019.889648	2233.359863
2019.053711	2134.278564
2018.959961	2289.367188
2018.125977	2115.053711
2018.031250	2192.041260
2017.198242	2268.242920
2017.101563	2242.654541
2016.269531	2173.585449
2016.170898	2231.411133
2015.341797	2192.063965
2015.241211	2179.854492
2014.413086	2094.758545
2014.310547	2187.440186
2013.484375	2134.779541
2013.379883	2211.142334
2012.555664	2104.805908
2012.449219	2229.461426
2011.625977	2160.957275
2011.518555	2175.263672
2010.697266	2125.607422
2010.587891	2190.897461
2009.767578	2152.143311
2009.656250	2201.155273
2008.838867	2149.082764
2008.724609	2259.715820
2007.909180	2218.632813
2007.792969	2245.804932
2006.979492	2124.142334
2006.861328	2242.630371
2006.048828	2147.970459
2005.928711	2223.364990
2005.119141	2101.905518
2004.996094	2319.407715
2004.188477	2123.041016
2004.064453	2225.070801
2003.258789	2184.472900
2003.130859	2307.669434
2002.328125	2272.747559
2002.198242	2253.570313
2001.397461	2146.111572
2001.264648	2263.791504
2000.465820	2108.141602
2000.332031	2204.368408
1999.535156	2239.343506
1999.398438	2410.079590
1998.603516	2190.631348
1998.464844	2388.131592
1997.672852	2131.199219
1997.530273	2342.102783
1996.741211	2163.031982
1996.595703	2314.826416
1995.808594	2133.139893
1995.662109	2308.966064
1994.876953	2159.594971
1994.727539	2367.306152
1993.945313	2202.134277
1993.791992	2281.206055
1993.012695	2129.341064
1992.857422	2331.504639
1992.080078	2214.770996
1991.921875	2325.644287
1991.148438	2120.553711
1990.986328	2351.857178
1990.214844	2235.438721
1990.050781	2311.259033
1989.282227	2248.446533
1989.115234	2265.335449
1988.349609	2237.334229
1988.178711	2435.766357
1987.416016	2223.546631
1987.243164	2296.377686
1986.482422	2255.298096
1986.306641	2378.628662
1985.549805	2161.170410
1985.370117	2330.060547
1984.615234	2190.243164
1984.432617	2297.524170
1983.681641	2232.690918
1983.496094	2262.333984
1982.748047	2151.999023
1982.558594	2379.192627
1981.813477	2191.761475
1981.621094	2234.666260
1980.878906	2167.293701
1980.683594	2319.485840
1979.944336	2212.389160
1979.745117	2289.651611
1979.009766	2166.527588
1978.807617	2211.862305
1978.075195	2195.561279
1977.869141	2261.993896
1977.140625	2189.824951
1976.930664	2272.146973
1976.205078	2216.169922
1975.991211	2268.979980
1975.269531	2178.357178
1975.052734	2305.751709
1974.333984	2215.383789
1974.113281	2270.634521
1973.398438	2193.615234
1973.173828	2365.938721
1972.462891	2292.067383
1972.234375	2320.180176
1971.526367	2238.241211
1971.294922	2301.043213
1970.590820	2304.604248
1970.354492	2228.723145
1969.654297	2354.923340
1969.415039	2374.471191
1968.717773	2215.689209
1968.474609	2397.868408
1967.781250	2236.646240
1967.533203	2283.049072
1966.843750	2284.281006
1966.592773	2335.684814
1965.907227	2385.259766
1965.651367	2290.001709
1964.969727	2331.481445
1964.709961	2326.675537
1964.032227	2245.716309
1963.768555	2262.426514
1963.094727	2277.313965
1962.827148	2352.186279
1962.157227	2364.889404
1961.885742	2367.586670
1961.219727	2260.503662
1960.943359	2332.560547
1960.281250	2377.367188
1960.000977	2345.304688
1959.343750	2275.680664
1959.058594	2366.000488
1958.405273	2325.892578
1958.115234	2291.218994
1957.466797	2352.112061
1957.172852	2319.870605
1956.528320	2298.422852
1956.229492	2298.146240
1955.588867	2260.729736
1955.286133	2369.184326
1954.650391	2305.582031
1954.342773	2368.653809
1953.710938	2366.388916
1953.398438	2426.398926
1952.771484	2272.813965
1952.455078	2380.833984
1951.832031	2304.334229
1951.510742	2404.129639
1950.892578	2261.351318
1950.566406	2414.178711
1949.952148	2367.339600
1949.622070	2379.232178
1949.012695	2287.127930
1948.676758	2333.717041
1948.072266	2438.274902
1947.731445	2362.291748
1947.131836	2389.980469
1946.786133	2351.181885
1946.191406	2275.252930
1945.840820	2414.113037
1945.250000	2410.373779
1944.895508	2387.134521
1944.309570	2359.452393
1943.949219	2391.883545
1943.368164	2289.953125
1943.002930	2420.411133
1942.426758	2289.536865
1942.056641	2422.507813
1941.485352	2421.899902
1941.110352	2453.656250
1940.543945	2352.426270
1940.164063	2392.369873
1939.602539	2394.471680
1939.216797	2360.150635
1938.660156	2298.486084
1938.269531	2523.260742
1937.718750	2414.827881
1937.322266	2461.999023
1936.776367	2395.814941
1936.374023	2495.739746
1935.833984	2368.850342
1935.426758	2476.712891
1934.891602	2355.156494
1934.478516	2447.145996
1933.948242	2370.635986
1933.530273	2465.047852
1933.005859	2465.646484
1932.582031	2448.675293
1932.062500	2383.021973
1931.632813	2434.945068
1931.119141	2427.639648
1930.684570	2450.201660
1930.175781	2482.839844
1929.735352	2457.548828
1929.231445	2402.905762
1928.786133	2406.957031
1928.288086	2383.922852
1927.835938	2501.193359
1927.343750	2349.056885
1926.886719	2445.349121
1926.399414	2364.511963
1925.936523	2421.109619
1925.455078	2393.197754
1924.986328	2483.705078
1924.510742	2374.229248
1924.036133	2451.575928
1923.566406	2421.426758
1923.084961	2398.421875
1922.621094	2365.416992
1922.134766	2495.158936
1921.676758	2489.314209
1921.183594	2489.334473
1920.731445	2443.891602
1920.232422	2409.926514
1919.786133	2443.440430
1919.280273	2419.887695
1918.839844	2411.261719
1918.329102	2534.918457
1917.894531	2437.250488
1917.376953	2481.815918
1916.948242	2394.512451
1916.424805	2420.859863
1916.002930	2401.996582
1915.472656	2506.935059
1915.056641	2504.588623
1914.519531	2417.131348
1914.109375	2313.937744
1913.567383	2466.433105
1913.163086	2424.430420
1912.614258	2505.218994
1912.216797	2418.699463
1911.661133	2509.892090
1911.269531	2434.090576
1910.707031	2509.318359
1910.322266	2544.498291
1909.753906	2540.202148
1909.375000	2385.683594
1908.799805	2495.066406
1908.427734	2403.709717
1907.845703	2460.431885
1907.479492	2437.556885
1906.891602	2554.176514
1906.532227	2479.303955
1905.936523	2516.924316
1905.583984	2423.463623
1904.982422	2471.833496
1904.635742	2444.104492
1904.027344	2549.802734
1903.687500	2504.278564
1903.072266	2541.365967
1902.739258	2432.650146
1902.116211	2530.315918
1901.790039	2461.181885
1901.161133	2414.627930
1900.840820	2402.760742
1900.205078	2516.076416
1899.891602	2454.993652
1899.249023	2502.423584
1898.942383	2412.396484
1898.292969	2426.034668
1897.993164	2451.441895
1897.335938	2574.455078
1897.043945	2414.125977
1896.379883	2641.801758
1896.093750	2408.409180
1895.422852	2573.269531
1895.143555	2529.013428
1894.465820	2465.590576
1894.193359	2402.243652
1893.507813	2501.579834
1893.243164	2420.207275
1892.550781	2420.072510
1892.292969	2427.643311
1891.592773	2510.865723
1891.342773	2477.150635
1890.634766	2666.852783
1890.391602	2434.618164
1889.675781	2598.406738
1889.440430	2431.531494
1888.717773	2417.837891
1888.489258	2412.676270
1887.758789	2412.063477
1887.538086	2483.169678
1886.799805	2437.575684
1886.585938	2477.447266
1885.840820	2556.907471
1885.634766	2487.487061
1884.881836	2454.687988
1884.682617	2505.401123
1883.921875	2555.722900
1883.730469	2525.933838
1882.961914	2450.945801
1882.778320	2399.446533
1882.001953	2494.645752
1881.825195	2540.728027
1881.041992	2512.290771
1880.873047	2435.278809
1880.081055	2446.637207
1879.919922	2411.204590
1879.120117	2542.350342
1878.966797	2492.068115
1878.159180	2507.938721
1878.013672	2433.896240
1877.198242	2491.749756
1877.060547	2365.256836
1876.237305	2553.579346
1876.106445	2388.404053
1875.275391	2485.390625
1875.153320	2469.209717
1874.313477	2596.576416
1874.199219	2494.948486
1873.351563	2432.261475
1873.245117	2510.196289
1872.388672	2509.633545
1872.291016	2528.057617
1871.426758	2470.087891
1871.335938	2472.572754
1870.463867	2601.945801
1870.381836	2453.771240
1869.500977	2559.799805
1869.426758	2489.959961
1868.538086	2559.201904
1868.471680	2410.953369
1867.574219	2376.958496
1867.516602	2447.135742
1866.610352	2599.514648
1866.561523	2496.387695
1865.646484	2539.250977
1865.605469	2519.458008
1864.682617	2541.249756
1864.650391	2477.125244
1863.718750	2483.619385
1863.694336	2492.343994
1862.753906	2565.978027
1862.738281	2497.097656
1861.789063	2490.229004
1861.781250	2410.349854
1860.825195	2417.730469
1860.824219	2502.598145
1859.868164	2511.345459
1859.858398	2569.352783
1858.911133	2406.354492
1858.893555	2529.907471
1857.955078	2499.935303
1857.927734	2521.546387
1856.997070	2546.468018
1856.961914	2601.189209
1856.040039	2561.647705
1855.996094	2530.711182
1855.082031	2490.666016
1855.029297	2514.593262
1854.125000	2607.649902
1854.062500	2485.550537
1853.166992	2536.686035
1853.095703	2521.166260
1852.208984	2499.669434
1852.128906	2621.395020
1851.250000	2564.407959
1851.161133	2530.315918
1850.291992	2626.513428
1850.194336	2565.894531
1849.333008	2479.974121
1849.226563	2570.455322
1848.374023	2484.711426
1848.258789	2525.941162
1847.415039	2538.974854
1847.290039	2525.343994
1846.456055	2496.786133
1846.322266	2547.980713
1845.496094	2530.179688
1845.353516	2485.435303
1844.537109	2534.902588
1844.383789	2600.961182
1843.577148	2552.646729
1843.415039	2605.504395
1842.617188	2531.320313
1842.446289	2597.149658
1841.657227	2444.908447
1841.476563	2617.161621
1840.696289	2624.059326
1840.506836	2603.651123
1839.736328	2636.566162
1839.536133	2590.146484
1838.775391	2586.614014
1838.566406	2612.721191
1837.814453	2606.927734
1837.595703	2578.611572
1836.853516	2622.030518
1836.625000	2606.327881
1835.892578	2616.321533
1835.654297	2577.384766
1834.930664	2582.012207
1834.682617	2710.629395
1833.968750	2469.724365
1833.711914	2604.466553
1833.006836	2500.436035
1832.740234	2629.575439
1832.044922	2453.174561
1831.767578	2646.954834
1831.083008	2624.179443
1830.795898	2587.172852
1830.121094	2511.969482
1829.823242	2666.260254
1829.158203	2602.383057
1828.850586	2709.321777
1828.195313	2604.474121
1827.877930	2677.835449
1827.232422	2648.103027
1826.905273	2582.131348
1826.269531	2598.270264
1825.931641	2691.966064
1825.305664	2610.740723
1824.958008	2704.161621
1824.342773	2586.880615
1823.984375	2665.002197
1823.378906	2648.636719
1823.010742	2648.962158
1822.415039	2632.558594
1822.036133	2686.819824
1821.450195	2515.354004
1821.062500	2657.953369
1820.486328	2683.385254
1820.086914	2685.529785
1819.521484	2553.254883
1819.112305	2569.488037
1818.557617	2609.772705
1818.137695	2638.091309
1817.592773	2578.169678
1817.162109	2642.582764
1816.626953	2531.034912
1816.186523	2703.446777
1815.662109	2592.702881
1815.210938	2666.928955
1814.697266	2599.964844
1814.234375	2663.724854
1813.731445	2638.292969
1813.257813	2670.764404
1812.765625	2544.587402
1812.281250	2613.799072
1811.799805	2634.672363
1811.304688	2628.524414
1810.833008	2595.342529
1810.328125	2676.506592
1809.867188	2600.008301
1809.350586	2599.114014
1808.900391	2545.180908
1808.373047	2726.363525
1807.933594	2640.365967
1807.395508	2633.653564
1806.966797	2554.524902
1806.416992	2610.008789
1806.000000	2667.765381
1805.439453	2703.937256
1805.032227	2592.290039
1804.460938	2751.828369
1804.065430	2596.948975
1803.482422	2654.090820
1803.097656	2549.935303
1802.502930	2620.246338
1802.129883	2655.337646
1801.524414	2711.525879
1801.161133	2654.815430
1800.544922	2690.446045
1800.193359	2662.039063
1799.564453	2715.311523
1799.224609	2609.885498
1798.584961	2691.688232
1798.255859	2684.219971
1797.604492	2675.728271
1797.287109	2670.788818
1796.625000	2631.724121
1796.318359	2644.462891
1795.643555	2574.993408
1795.348633	2646.520996
1794.663086	2635.538330
1794.379883	2658.893799
1793.681641	2642.539551
1793.410156	2635.163330
1792.701172	2557.822021
1792.440430	2565.039063
1791.719727	2631.060059
1791.470703	2698.558350
1790.737305	2694.076172
1790.500000	2615.564209
1789.755859	2657.776123
1789.530273	2661.422363
1788.773438	2636.763916
1788.559570	2733.021240
1787.791016	2608.128174
1787.588867	2647.493164
1786.807617	2650.734619
1786.617188	2649.544189
1785.825195	2642.454346
1785.646484	2695.358154
1784.841797	2657.061523
1784.674805	2759.170898
1783.858398	2730.127197
1783.704102	2629.957031
1782.875000	2691.334961
1782.732422	2786.378662
1781.890625	2611.909180
1781.759766	2793.543457
1780.906250	2730.652832
1780.788086	2751.840332
1779.921875	2691.887451
1779.815430	2627.871826
1778.937500	2615.057373
1778.843750	2642.774902
1777.952148	2748.940430
1777.871094	2724.499268
1776.966797	2677.208008
1776.897461	2759.934814
1775.981445	2694.305908
1775.924805	2654.046875
1774.996094	2665.739746
1774.951172	2825.625488
1774.009766	2591.543701
1773.978516	2732.606934
1773.024414	2631.464600
1773.004883	2729.495605
1772.038086	2684.037598
1772.030273	2687.876953
1771.056641	2810.543701
1771.050781	2665.635254
1770.082031	2732.998047
1770.064453	2723.239014
1769.108398	2786.333008
1769.077148	2692.172119
1768.133789	2634.432373
1768.089844	2780.123291
1767.159180	2692.894287
1767.102539	2673.115479
1766.183594	2633.381836
1766.114258	2715.473389
1765.208984	2666.183594
1765.125977	2800.821289
1764.233398	2647.709473
1764.137695	2628.120117
1763.257813	2754.810547
1763.149414	2713.446045
1762.282227	2720.952881
1762.160156	2679.903076
1761.305664	2722.970947
1761.170898	2669.124268
1760.330078	2742.915039
1760.181641	2607.811523
1759.353516	2701.397461
1759.192383	2738.528564
1758.376953	2828.859863
1758.202148	2659.547852
1757.400391	2728.471680
1757.212891	2668.983154
1756.422852	2725.366455
1756.221680	2648.119629
1755.446289	2645.506592
1755.231445	2710.551270
1754.468750	2818.920898
1754.240234	2783.043701
1753.491211	2777.436035
1753.250000	2747.030518
1752.513672	2766.651367
1751.535156	2801.886963
1750.557617	2831.996338
1749.579102	2849.315918
1748.600586	2818.084717
1747.622070	2827.736328
1746.643555	2855.261230
1745.664063	2727.018066
1744.684570	2805.608887
1743.705078	2810.149170
1742.725586	2827.446777
1741.746094	2857.493652
1740.765625	2737.030029
1739.785156	2807.887207
1738.804688	2814.970947
1737.824219	2878.135498
1736.843750	2826.580078
1735.862305	2795.430908
1734.880859	2853.464844
1733.899414	2796.850098
1732.917969	2844.672852
1731.935547	2752.435547
1730.954102	2772.244873
1729.971680	2822.587891
1728.989258	2824.562012
1728.006836	2839.255615
1727.023438	2887.010010
1726.041016	2827.934326
1725.057617	2779.052734
1724.074219	2915.761963
1723.090820	2851.632324
1722.106445	2947.614258
1721.122070	2947.016846
1720.138672	2928.639160
1719.153320	2862.018066
1718.168945	2848.742676
1717.184570	2909.087646
1716.199219	2895.807373
1715.213867	2897.756592
1714.228516	2917.463379
1713.243164	2954.916504
1712.256836	2893.454346
1711.270508	2859.906006
1710.285156	2831.440918
1709.297852	2944.910400
1708.311523	2883.499023
1707.325195	2961.444580
1706.337891	2864.594971
1705.350586	2864.011475
1704.363281	2886.213623
1703.375000	2872.968994
1702.387695	2831.891357
1701.399414	2929.992188
1700.411133	2919.275391
1699.422852	2908.562744
1698.434570	2834.637451
1697.445313	2877.037109
1696.456055	2861.283447
1695.466797	2873.334229
1694.477539	2925.805420
1693.487305	2922.681152
1692.498047	2911.980957
1691.507813	2949.260742
1690.517578	2883.019287
1689.527344	2902.621094
1688.536133	2811.180420
1687.545898	2871.156250
1686.554688	2951.286621
1685.563477	2922.940186
1684.571289	2851.740723
1683.580078	2876.364990
1682.587891	2853.091064
1681.595703	2973.459961
1680.603516	2846.881348
1679.611328	2952.088135
1678.618164	2843.193604
1677.625000	3028.927246
1676.631836	2937.682129
1675.638672	2909.393555
1674.645508	2838.339844
1673.651367	2880.523682
1672.657227	2942.811279
1671.663086	2884.367432
1670.668945	2883.773438
1669.674805	2858.042725
1668.679688	2849.914551
1667.684570	2851.839844
1666.689453	2964.297119
1665.694336	2845.640625
1664.698242	3013.296143
1663.703125	2879.614502
1662.707031	2949.301514
1661.710938	2893.482910
1660.713867	2938.047607
1659.717773	2972.559570
1658.720703	3024.612793
1657.723633	2911.152100
1656.726563	2875.453369
1655.729492	2912.454834
1654.731445	2979.511475
1653.733398	2878.679932
1652.735352	2955.734863
1651.737305	2932.583740
1650.739258	2901.930664
1649.740234	2926.362549
1648.741211	2970.806152
1647.742188	2965.186035
1646.743164	2979.581543
1645.743164	2996.472412
1644.744141	2978.345703
1643.744141	3047.733154
1642.743164	2947.113770
1641.743164	2871.527100
1640.743164	2908.410400
1639.742188	2970.259033
1638.741211	3002.110596
1637.740234	2984.007080
1636.738281	3013.345459
1635.737305	2947.821777
1634.735352	2862.361084
1633.733398	3078.830566
1632.730469	2983.399414
1631.728516	3087.524658
1630.725586	2944.755615
1629.722656	3003.972412
1628.719727	3050.702148
1627.716797	2967.834229
1626.712891	3031.990967
1625.709961	3083.666504
1624.706055	3102.945801
1623.701172	3094.829102
1622.697266	2939.847412
1621.692383	3021.363037
1620.688477	3117.773926
1619.682617	3044.978516
1618.677734	3034.393555
1617.672852	3140.687012
1616.666992	3070.417969
1615.661133	3117.003174
1614.655273	3074.104248
1613.649414	3085.884277
1612.642578	3028.104492
1611.635742	3064.724121
1610.628906	3146.023193
1609.622070	3150.329346
1608.615234	2970.964844
1607.607422	3121.713135
1606.599609	3088.806396
1605.591797	3045.991211
1604.583984	3117.270508
1603.575195	3064.549072
1602.567383	3150.667236
1601.558594	3102.917236
1600.549805	3127.044189
1599.540039	3121.433105
1598.531250	3113.347168
1597.521484	3127.550781
1596.511719	3141.748291
1595.500977	3131.187012
1594.491211	3078.559326
1593.480469	3162.034912
1592.469727	3149.001465
1591.458984	3091.456055
1590.448242	3115.531982
1589.436523	3065.433594
1588.425781	3148.822754
1587.414063	3009.779053
1586.402344	3147.496338
1585.389648	3045.561523
1584.376953	3106.657471
1583.365234	3064.029541
1582.352539	3006.608398
1581.338867	3040.525635
1580.326172	3089.232910
1579.312500	2957.834229
1578.298828	3021.336182
1577.285156	2981.244141
1576.270508	3052.109863
1575.256836	3044.070557
1574.242188	3021.248535
1573.227539	2981.189209
1572.212891	3024.897705
1571.197266	2989.779541
1570.182617	2962.062500
1569.166992	3059.904297
1568.150391	3083.868408
1567.134766	2972.485596
1566.119141	3006.298340
1565.102539	2924.493896
1564.085938	2973.056396
1563.068359	3024.056641
1562.051758	2942.299805
1561.034180	3067.010498
1560.016602	2933.680908
1558.999023	3028.862061
1557.981445	2949.628174
1556.962891	3020.210449
1555.944336	3041.663818
1554.925781	2935.478027
1553.907227	3020.740967
1552.888672	2909.697510
1551.869141	2967.947510
1550.849609	2940.341064
1549.830078	2974.041260
1548.810547	3002.824219
1547.790039	2933.564209
1546.769531	3016.248291
1545.749023	2944.564453
1544.728516	2983.124756
1543.708008	2943.310791
1542.686523	3106.710449
1541.665039	2959.190430
1540.643555	2992.819580
1539.622070	2916.337402
1538.599609	2986.651611
1537.577148	3049.599121
1536.554688	3061.173584
1535.532227	2987.185547
1534.508789	3079.419434
1533.486328	2917.493408
1532.462891	3073.218750
1531.439453	3028.598877
1530.415039	3067.022217
1529.391602	3000.449951
1528.367188	3004.690186
1527.342773	2989.406006
1526.318359	3000.965820
1525.292969	2895.434570
1524.267578	2999.681885
1523.242188	2960.028076
1522.216797	3008.148926
1521.191406	2958.760986
1520.165039	3006.860840
1519.138672	2933.132080
1518.112305	3044.542725
1517.085938	3068.241455
1516.059570	2950.723389
1515.032227	2918.447754
1514.004883	3037.065674
1512.977539	2917.195801
1511.949219	3052.790039
1510.921875	3037.542969
1509.893555	3024.733398
1508.865234	3019.221924
1507.835938	3011.282227
1506.807617	2979.046631
1505.778320	3056.146240
1504.749023	3104.066162
1503.719727	2981.982422
1502.689453	3156.142822
1501.660156	3080.218262
1500.629883	3174.198975
1499.599609	3115.286133
1498.568359	3049.121094
1497.538086	3038.763916
1496.506836	2977.492432
1495.475586	3107.754883
1494.444336	3039.223633
1493.412109	3048.260986
1492.379883	3030.645508
1491.347656	3051.790527
1490.315430	3111.670410
1489.283203	3069.841797
1488.250000	3049.815430
1487.216797	3109.656006
1486.183594	3050.917969
1485.150391	3130.083252
1484.116211	3049.599854
1483.083008	2990.911621
1482.048828	2980.595703
1481.013672	3047.622559
1479.979492	3187.109131
1478.944336	3104.282959
1477.909180	3098.780762
1476.874023	3066.718506
1475.838867	3070.882813
1474.802734	3062.976807
1473.766602	3047.834229
1472.730469	3076.125732
1471.694336	3147.822754
1470.657227	3036.206543
1469.621094	3081.358887
1468.583984	3090.332764
1467.545898	3133.042725
1466.508789	3016.706543
1465.470703	3011.233643
1464.432617	3068.383057
1463.394531	3065.308594
1462.356445	3052.605713
1461.317383	3054.349365
1460.278320	3034.434326
1459.239258	3084.297607
1458.200195	3093.248047
1457.160156	2965.120850
1456.121094	3022.178223
1455.081055	3064.788086
1454.040039	2970.395020
1453.000000	3056.245605
1451.958984	3026.753906
1450.917969	3160.587402
1449.876953	3025.435059
1448.835938	2971.961914
1447.793945	3105.718994
1446.751953	3021.056885
1445.709961	3065.979736
1444.667969	3050.919434
1443.625000	3019.079590
1442.582031	3174.256348
1441.539063	3012.967529
1440.496094	3105.770020
1439.453125	3026.026611
1438.409180	3106.808105
1437.365234	3156.420898
1436.321289	3074.323242
1435.276367	3052.106689
1434.232422	3106.484375
1433.187500	3086.662354
1432.142578	3143.400391
1431.096680	3121.186768
1430.051758	3067.896973
1429.005859	3076.787354
1427.959961	3310.347168
1426.914063	3116.062256
1425.867188	3089.099121
1424.820313	3222.181396
1423.773438	3087.743896
1422.726563	3067.966309
1421.679688	3098.323730
1420.631836	3145.373047
1419.583984	3161.383789
1418.536133	3010.407471
1417.487305	3190.998535
1416.439453	3161.684570
1415.390625	3196.747070
1414.341797	3153.144043
1413.291992	3181.044189
1412.243164	3166.050537
1411.193359	3210.606934
1410.143555	3224.187500
1409.092773	3161.578857
1408.042969	3072.815674
1406.992188	3191.121582
1405.941406	3190.418213
1404.890625	3192.093262
1403.838867	3032.057617
1402.788086	3064.674561
1401.736328	3135.309326
1400.683594	3091.840088
1399.631836	3076.901367
1398.579102	2938.445068
1397.526367	3106.416504
1396.473633	3070.113770
1395.420898	3140.651855
1394.367188	3052.143066
1393.313477	3096.551758
1392.259766	2991.485107
1391.206055	3024.028076
1390.151367	3030.472412
1389.096680	3093.811279
1388.041992	3076.534424
1386.987305	2976.326172
1385.931641	3070.432861
1384.876953	3027.116699
1383.821289	3128.274170
1382.764648	3096.801758
1381.708984	3065.342773
1380.652344	3076.495117
1379.595703	3137.328369
1378.539063	3153.189941
1377.481445	3166.679443
1376.424805	3139.967041
1375.367188	3172.363770
1374.309570	3032.218750
1373.250977	3135.510010
1372.192383	3019.058350
1371.133789	3013.662842
1370.075195	3097.998047
1369.016602	3017.042725
1367.957031	2969.166016
1366.897461	3029.856689
1365.837891	2960.765381
1364.778320	3052.092773
1363.717773	3011.323975
1362.657227	2977.645752
1361.596680	2995.837891
1360.536133	3058.795898
1359.474609	3018.060547
1358.414063	3010.320068
1357.352539	3075.586670
1356.290039	3091.380371
1355.228516	3095.396973
1354.166016	3000.569336
1353.103516	2990.486816
1352.041016	3098.024902
1350.977539	3000.907471
1349.914063	3051.963623
1348.850586	3206.429932
1347.787109	3034.145020
1346.723633	3085.158447
1345.659180	3030.435791
1344.594727	3111.958740
1343.530273	3094.823975
1342.464844	3065.958252
1341.399414	3168.541016
1340.333984	3203.027832
1339.268555	3092.045654
1338.203125	3042.095703
1337.136719	3179.764648
1336.070313	3134.505615
1335.003906	3016.605469
1333.936523	3060.450928
1332.870117	3085.533447
1331.802734	3098.892822
1330.735352	3091.169678
1329.666992	3137.298828
1328.599609	3199.791748
1327.531250	2990.791748
1326.461914	3179.631836
1325.393555	3036.226074
1324.324219	2986.429688
1323.255859	3037.193848
1322.185547	3193.125732
1321.116211	3126.967285
1320.045898	3100.559082
1318.975586	3195.633789
1317.905273	3183.234131
1316.834961	3063.432617
1315.763672	3116.430908
1314.692383	3120.393311
1313.621094	3087.020264
1312.549805	3076.989746
1311.477539	3097.283447
1311.475586	2944.482666
1310.405273	3028.960449
1310.403320	2977.121338
1309.333008	3016.617676
1309.330078	3111.783447
1308.260742	2959.996582
1308.257813	3071.608643
1307.187500	3106.126465
1307.184570	2973.195557
1306.114258	2963.312988
1306.111328	3030.905029
1305.041016	3076.767090
1305.038086	2986.106201
1303.967773	3010.867920
1303.964844	2948.309326
1302.893555	3024.152344
1302.891602	2908.197021
1301.819336	3093.291260
1301.817383	2989.154785
1300.745117	3036.739990
1300.743164	2916.462158
1299.670898	2963.928955
1299.668945	2860.085449
1298.595703	2916.735840
1298.594727	2903.778564
1297.520508	2988.159912
1297.519531	2903.255127
1296.445313	2971.205566
1296.445313	2965.530762
1295.370117	2913.834717
1295.370117	2949.609863
1294.294922	2892.382568
1294.293945	2981.471436
1293.219727	2889.534668
1293.217773	2945.942627
1292.143555	2968.035400
1292.141602	2945.271240
1291.067383	2981.440430
1291.065430	3072.322754
1289.992188	2985.546631
1289.988281	2943.927979
1288.916016	2994.296875
1288.911133	2994.322266
1287.838867	3068.074219
1287.833984	2963.470215
1286.762695	3028.040527
1286.756836	2965.113525
1285.685547	2997.307617
1285.678711	2906.446533
1284.608398	2945.694092
1284.600586	2952.163574
1283.531250	3024.066162
1283.522461	3067.415283
1282.454102	3014.232910
1282.444336	2957.767822
1281.376953	2906.962891
1281.365234	3010.393066
1280.298828	3006.173584
1280.286133	2910.075684
1279.220703	2813.134277
1279.207031	2955.737793
1278.142578	2886.819092
1278.126953	2975.903809
1277.064453	2860.789063
1277.047852	2820.093750
1275.985352	2874.172119
1275.967773	2893.521484
1274.907227	2913.041992
1274.887695	2916.000977
1273.828125	2907.873291
1273.806641	2878.312256
1272.749023	2974.520752
1272.726563	2819.821289
1271.669922	2844.267822
1271.645508	2798.359863
1270.589844	2850.691895
1270.563477	2864.770020
1269.509766	2945.095459
1269.482422	2822.502686
1268.429688	2886.680176
1268.400391	2777.943359
1267.349609	2950.953125
1267.318359	2805.031738
1266.269531	2871.731201
1266.236328	2871.377686
1265.189453	2894.336914
1265.154297	2944.621582
1264.108398	2870.670166
1264.071289	2902.382324
1263.027344	2884.015625
1262.988281	2853.236816
1261.946289	2938.978027
1261.905273	2868.735352
1260.865234	2864.452393
1260.821289	2785.008789
1259.783203	2854.675537
1259.738281	2814.355957
1258.701172	3020.541504
1258.654297	2841.382813
1257.619141	2978.389404
1257.569336	2877.620117
1256.537109	2917.771240
1256.485352	2890.787842
1255.455078	2877.962646
1255.400391	2830.197754
1254.372070	2845.096436
1254.315430	2882.540527
1253.290039	2883.817871
1253.230469	2904.911377
1252.207031	2913.290771
1252.144531	2809.812012
1251.124023	2901.207275
1251.058594	2864.424805
1250.040039	2914.511475
1249.972656	2872.970459
1248.957031	2946.267578
1248.886719	2895.321289
1247.873047	2818.845703
1247.800781	2887.748047
1246.789063	2959.003662
1246.713867	2903.182861
1245.705078	2905.414551
1245.626953	2879.510986
1244.620117	2893.343018
1244.539063	2832.855957
1243.536133	2883.580566
1243.452148	2891.969727
1242.451172	2922.217773
1242.364258	2893.597412
1241.366211	2905.540039
1241.276367	2835.481201
1240.280273	2923.424072
1240.187500	2862.390381
1239.195313	2865.292236
1239.099609	2866.319336
1238.109375	2908.507568
1238.010742	2863.357422
1237.023438	2753.697510
1236.921875	2904.014160
1235.937500	2842.956299
1235.832031	2786.287354
1234.851563	2888.451660
1234.743164	2861.361084
1233.765625	3035.178467
1233.653320	2890.518311
1232.678711	2944.878662
1232.563477	2931.129150
1231.591797	2960.424072
1231.472656	2907.516846
1230.504883	2865.571777
1230.381836	2886.207520
1229.416992	2924.813721
1229.291016	2885.534912
1228.330078	2896.672607
1228.200195	2871.114014
1227.242188	2880.034424
1227.109375	2820.045654
1226.154297	2888.680664
1226.017578	2844.581299
1225.066406	2934.085449
1224.925781	2983.594482
1223.978516	2889.881592
1223.833984	2964.583984
1222.889648	2868.661865
1222.741211	2812.835938
1221.800781	2891.079834
1221.648438	2846.501465
1220.711914	2840.020264
1220.555664	2864.137207
1219.623047	2915.229736
1219.462891	2902.348389
1218.533203	2903.199463
1218.369141	2853.651123
1217.444336	2960.010498
1217.276367	2935.280762
1216.354492	2849.327148
1216.181641	2884.312256
1215.264648	2958.881348
1215.087891	2892.776367
1214.173828	2951.436279
1213.993164	2844.125244
1213.083984	2916.479980
1212.899414	2898.272217
1211.993164	2863.197266
1211.803711	2792.557617
1210.902344	2915.364258
1210.708984	2890.063965
1209.811523	2850.643555
1209.613281	2804.940674
1208.720703	2900.501221
1208.517578	2859.043945
1207.628906	2993.861084
1207.421875	2976.995850
1206.537109	2924.580811
1206.326172	2891.910645
1205.445313	2924.019287
1205.229492	2868.429199
1204.353516	2873.092773
1204.132813	2860.915527
1203.261719	2968.673340
1203.036133	2880.753906
1202.168945	2956.660156
1201.938477	2845.897461
1201.076172	2903.467041
1200.840820	2872.562988
1199.983398	2877.744873
1199.743164	2910.603027
1198.890625	2929.793945
1198.645508	2798.347168
1197.796875	2920.082275
1197.546875	2929.718018
1196.703125	2837.214600
1196.449219	2878.957764
1195.609375	2889.239990
1195.350586	2894.205566
1194.515625	2829.262695
1194.250977	2804.805420
1193.421875	2810.436523
1193.151367	2860.998779
1192.327148	2716.229736
1192.052734	2839.859131
1191.232422	3044.603516
1190.952148	2830.094727
1190.137695	2893.297607
1189.852539	2829.425293
1189.042969	2938.399658
1188.751953	2803.762451
1187.948242	2894.458496
1187.651367	2805.370117
1186.852539	2761.526367
1186.550781	2820.602539
1185.756836	2804.344482
1185.449219	2745.008301
1184.661133	2755.891113
1184.348633	2717.117920
1183.564453	2860.277832
1183.247070	2655.199707
1182.468750	2734.295166
1182.144531	2740.786133
1181.372070	2653.961914
1181.042969	2687.963867
1180.275391	2726.392090
1179.940430	2775.769043
1179.178711	2716.744141
1178.837891	2747.902344
1178.081055	2830.149658
1177.734375	2774.449463
1176.984375	2763.528076
1176.631836	2742.063232
1175.886719	2728.821533
1175.528320	2650.785400
1174.789063	2826.215576
1174.424805	2720.372070
1173.690430	2673.109375
1173.320313	2604.231934
1172.592773	2702.180908
1172.215820	2694.171631
1171.494141	2760.829102
1171.111328	2707.110107
1170.395508	2833.107422
1170.006836	2806.033203
1169.296875	2693.768799
1168.902344	2732.967041
1168.198242	2781.954102
1167.796875	2773.027832
1167.098633	2804.151123
1166.691406	2745.229736
1165.999023	2776.315186
1165.584961	2699.358398
1164.899414	2648.462158
1164.479492	2655.768555
1163.799805	2741.131104
1163.373047	2677.730225
1162.699219	2756.499756
1162.266602	2713.235596
1161.598633	2735.509521
1161.159180	2701.292969
1160.498047	2689.539795
1160.051758	2714.194336
1159.397461	2734.432861
1158.944336	2650.333008
1158.296875	2674.856445
1157.836914	2697.094238
1157.195313	2719.733887
1156.729492	2576.855713
1156.093750	2673.802002
1155.621094	2680.008789
1154.992188	2741.354248
1154.512695	2710.940186
1153.890625	2636.444336
1153.403320	2642.644531
1152.788086	2699.439941
1152.294922	2754.722900
1151.686523	2866.737549
1151.185547	2659.403809
1150.583984	2691.570068
1150.076172	2746.638428
1149.480469	2706.907227
1148.965820	2660.376709
1148.377930	2679.171631
1147.856445	2630.458496
1147.274414	2769.288574
1146.746094	2701.874756
1146.170898	2684.907227
1145.634766	2635.943848
1145.067383	2679.844238
1144.524414	2675.816650
1143.963867	2740.463379
1143.413086	2672.921143
1142.860352	2638.021729
1142.301758	2724.011719
1141.755859	2646.553467
1141.190430	2680.625732
1140.651367	2689.033936
1140.078125	2700.212646
1139.546875	2677.184082
1138.965820	2674.834473
1138.441406	2672.126465
1137.853516	2795.537109
1137.335938	2664.808105
1136.740234	2689.267090
1136.231445	2671.062500
1135.627930	2724.553955
1135.125000	2718.016602
1134.514648	2748.595215
1134.019531	2712.953125
1133.400391	2725.478760
1132.913086	2716.932861
1132.287109	2724.817627
1131.807617	2671.192871
1131.172852	2703.961182
1130.701172	2677.437744
1130.058594	2674.140381
1129.593750	2667.866943
1128.943359	2711.619629
1128.487305	2674.109375
1127.829102	2558.483154
1127.379883	2662.284424
1126.713867	2602.696533
1126.272461	2729.480713
1125.598633	2619.993164
1125.165039	2695.076660
1124.482422	2713.464355
1124.057617	2717.104248
1123.366211	2643.359375
1122.949219	2644.358887
1122.250000	2671.830078
1121.840820	2625.782227
1121.133789	2657.744629
1120.732422	2638.787842
1120.016602	2632.472900
1119.624023	2699.141113
1118.899414	2701.207031
1118.514648	2653.510010
1117.782227	2669.224121
1117.406250	2671.009033
1116.665039	2664.098389
1116.296875	2578.076172
1115.546875	2641.084229
1115.187500	2726.263184
1114.428711	2597.958984
1114.077148	2703.188232
1113.310547	2601.793701
1112.966797	2662.104492
1112.191406	2641.381104
1111.857422	2517.456299
1111.072266	2600.520020
1110.746094	2613.754883
1109.953125	2631.152832
1109.635742	2631.234863
1108.833984	2583.614258
1108.524414	2716.218994
1107.713867	2632.094971
1107.414063	2609.924072
1106.593750	2647.072754
1106.302734	2577.904541
1105.473633	2648.654053
1105.190430	2602.123291
1104.352539	2728.313477
1104.079102	2615.088867
1103.231445	2596.055908
1102.966797	2533.628174
1102.110352	2642.241943
1101.854492	2548.849365
1100.989258	2563.570068
1100.742188	2552.828125
1099.867188	2536.195068
1099.629883	2612.973633
1098.745117	2528.886230
1098.516602	2540.562988
1097.623047	2690.873535
1097.403320	2591.702393
1096.500000	2605.584229
1096.290039	2600.158691
1095.376953	2567.091797
1095.176758	2610.855957
1094.253906	2539.747314
1094.062500	2534.014160
1093.130859	2543.570557
1092.948242	2589.600098
1092.006836	2569.639404
1091.833984	2584.587158
1090.882813	2464.464600
1090.719727	2539.199707
1089.758789	2503.881348
1089.604492	2516.257080
1088.634766	2629.980713
1088.490234	2479.870117
1087.509766	2538.202881
1087.375000	2582.485596
1086.384766	2528.685791
1086.258789	2525.927979
1085.258789	2441.420654
1085.143555	2480.596924
1084.133789	2647.362305
1084.027344	2556.264160
1083.007813	2513.481689
1082.911133	2497.505371
1081.880859	2661.586670
1081.794922	2573.137695
1080.754883	2607.662354
1080.678711	2503.203613
1079.627930	2456.139893
1079.561523	2498.215576
1078.500977	2537.601563
1078.444336	2504.419678
1077.374023	2616.804688
1077.327148	2510.620850
1076.246094	2567.377197
1076.209961	2570.511475
1075.118164	2515.757324
1075.092773	2527.488281
1073.990234	2537.289551
1073.974609	2482.246094
1072.861328	2463.547607
1072.856445	2510.803467
1071.738281	2575.114258
1071.732422	2567.031494
1070.619141	2480.721680
1070.603516	2530.961182
1069.500000	2513.729736
1069.474609	2539.183594
1068.380859	2486.406738
1068.344727	2511.990234
1067.261719	2412.191162
1067.214844	2484.809814
1066.142578	2594.806396
1066.084961	2543.914307
1065.022461	2473.713623
1064.954102	2503.469238
1063.902344	2466.509277
1063.824219	2549.272705
1062.782227	2466.002441
1062.692383	2482.320068
1061.662109	2487.807861
1061.561523	2556.833252
1060.541016	2536.373047
1060.429688	2618.052246
1059.419922	2437.718018
1059.297852	2504.747314
1058.298828	2510.801025
1058.166016	2448.912109
1057.177734	2416.650146
1057.033203	2514.526123
1056.056641	2447.357178
1055.900391	2456.508301
1054.934570	2504.792969
1054.767578	2418.378418
1053.812500	2497.592529
1053.634766	2461.888916
1052.689453	2570.586426
1052.500977	2467.884521
1051.567383	2518.833252
1051.367188	2535.613281
1050.444336	2558.392578
1050.233398	2426.961182
1049.321289	2473.270020
1049.098633	2521.110352
1048.198242	2454.953369
1047.963867	2511.660400
1047.075195	2421.067383
1046.829102	2392.081787
1045.951172	2547.379639
1045.693359	2589.665283
1044.827148	2531.282471
1044.557617	2430.498779
1043.703125	2412.894043
1043.421875	2471.701660
1042.579102	2501.330811
1042.286133	2534.887451
1041.454102	2580.838623
1041.149414	2529.844727
1040.329102	2553.634277
1040.012695	2527.003174
1039.204102	2533.106934
1038.875977	2508.771484
1038.079102	2548.132568
1037.738281	2554.296143
1036.953125	2560.930664
1036.600586	2481.124756
1035.827148	2647.004395
1035.462891	2535.420410
1034.701172	2586.510010
1034.325195	2539.167969
1033.575195	2561.555908
1033.186523	2551.696777
1032.448242	2514.419434
1032.047852	2399.564209
1031.322266	2556.053955
1030.908203	2506.499023
1030.195313	2613.199463
1029.769531	2461.973877
1029.067383	2548.337646
1028.629883	2522.769287
1027.940430	2530.068115
1027.490234	2443.171143
1026.812500	2596.050049
1026.349609	2589.449951
1025.684570	2535.664063
1025.208984	2540.562988
1024.556641	2601.616699
1024.068359	2517.997803
1023.427734	2545.685547
1022.926758	2574.316406
1022.299805	2551.800049
1021.786133	2527.659180
1021.170898	2442.750488
1020.644531	2559.857666
1020.041992	2493.166992
1019.501953	2456.307373
1018.912109	2565.699463
1018.360352	2562.920898
1017.782227	2611.642090
1017.217773	2656.350586
1016.653320	2553.563965
1016.074219	2515.665283
1015.522461	2539.756348
1014.931641	2580.627197
1014.392578	2638.759766
1013.788086	2564.657959
1013.261719	2585.134033
1012.644531	2500.607666
1012.131836	2595.648193
1011.500000	2569.892090
1011.000000	2608.367920
1010.356445	2647.878906
1009.869141	2554.781494
1009.210938	2623.169678
1008.737305	2596.228027
1008.066406	2554.801025
1007.606445	2578.011230
1006.920898	2521.395264
1006.473633	2568.636475
1005.775391	2509.830811
1005.341797	2585.763428
1004.629883	2544.091797
1004.209961	2527.820801
1003.484375	2534.707520
1003.077148	2624.408936
1002.337891	2590.750732
1001.944336	2511.312500
1001.190430	2566.096680
1000.810547	2576.974854
1000.043945	2484.784424
999.677734	2488.199463
998.896484	2512.467285
998.543945	2613.383789
997.749023	2452.994873
997.410156	2511.407959
996.601563	2517.695313
996.276367	2455.768555
995.453125	2486.557129
995.141602	2516.963867
994.304688	2544.683594
994.006836	2573.726074
993.155273	2465.676025
992.872070	2456.421875
992.006836	2447.628174
991.737305	2596.871338
990.857422	2425.238525
990.602539	2455.387207
989.708008	2526.808838
989.466797	2474.685059
988.331055	2485.169434
987.195313	2511.054443
986.058594	2501.723633
984.921875	2516.594482
983.785156	2505.066406
982.648438	2442.968506
981.511719	2627.120605
980.374023	2587.001953
979.236328	2511.740234
978.098633	2581.514404
976.959961	2473.336426
975.822266	2567.245605
974.683594	2595.245361
973.544922	2513.474609
972.405273	2488.800293
971.265625	2501.438477
970.126953	2612.791016
968.986328	2520.117920
967.846680	2570.019043
966.706055	2536.587891
965.565430	2601.807129
964.424805	2450.044434
963.284180	2502.107910
962.142578	2589.197266
961.000977	2516.375000
959.859375	2493.944336
958.717773	2532.818115
957.575195	2433.789551
956.432617	2477.035645
955.290039	2494.010254
954.146484	2427.861328
953.003906	2479.827148
951.860352	2520.839111
950.716797	2441.610596
949.572266	2438.904785
948.428711	2462.418701
947.284180	2516.505127
946.138672	2548.728027
944.994141	2406.254150
943.848633	2410.106445
942.704102	2503.443359
941.557617	2507.272705
940.412109	2380.199951
939.265625	2429.858643
938.119141	2429.338867
936.972656	2407.016602
935.826172	2443.557861
934.678711	2427.779541
933.531250	2412.007324
932.383789	2489.913086
931.236328	2467.600342
930.087891	2427.876953
928.939453	2449.126221
927.791016	2370.245605
926.641602	2415.434570
925.493164	2427.969727
924.343750	2477.476563
923.194336	2446.499023
922.043945	2443.799316
920.893555	2480.227539
919.743164	2429.709473
918.592773	2505.234863
917.442383	2517.729980
916.291016	2471.579102
915.139648	2501.446777
913.988281	2518.275635
912.835938	2469.983154
911.684570	2475.961182
910.532227	2436.376221
909.378906	2572.501709
908.226563	2567.609863
907.073242	2421.791992
905.919922	2499.304932
904.766602	2539.942139
903.612305	2502.559570
902.458984	2545.344238
901.304688	2497.147461
900.149414	2479.285400
898.995117	2470.090088
897.839844	2486.871094
896.684570	2462.530273
895.529297	2520.410645
894.373047	2517.702393
893.216797	2484.719971
892.060547	2525.260742
890.904297	2593.884033
889.747070	2556.583496
888.590820	2571.153809
887.432617	2708.847168
886.275391	2721.218018
885.117188	2673.125000
883.959961	2702.767578
882.801758	2695.706299
881.642578	2746.908936
880.483398	2826.134766
879.325195	2745.716064
878.165039	2779.622314
877.005859	2720.807617
875.845703	2707.283447
874.685547	2646.354492
873.525391	2613.460938
872.365234	2475.031494
871.204102	2485.260986
870.042969	2473.954346
868.881836	2520.774414
867.719727	2578.334717
866.558594	2536.890137
865.396484	2433.076904
864.233398	2404.586182
863.071289	2438.467041
861.908203	2506.730713
860.745117	2372.921875
859.582031	2391.744385
858.417969	2401.964600
857.253906	2358.480469
856.089844	2355.818115
854.925781	2460.508301
853.760742	2466.410400
852.596680	2401.488281
851.430664	2400.963379
850.265625	2486.244873
849.099609	2436.372803
847.933594	2397.243896
846.767578	2411.725342
845.601563	2417.627197
844.434570	2316.385498
843.267578	2450.845947
842.100586	2392.478271
840.933594	2443.347656
839.765625	2459.939697
838.597656	2450.838379
837.429688	2480.260742
836.260742	2520.367676
835.091797	2588.264648
833.922852	2647.577148
832.753906	2681.205566
831.583984	2883.693848
830.414063	2940.764160
829.244141	3093.961426
828.074219	3204.365967
826.903320	3297.635498
825.733398	3273.422119
824.561523	3323.937988
823.390625	3220.757080
822.218750	3296.868408
821.046875	3123.335205
819.875000	3060.791748
818.703125	3053.719971
817.530273	3018.935059
816.357422	2837.088135
815.184570	2840.724854
814.010742	2759.135498
812.836914	2720.184570
811.663086	2623.749512
810.489258	2544.390137
809.314453	2599.175293
808.139648	2556.036377
806.964844	2472.488281
805.790039	2510.233887
804.614258	2437.366455
803.438477	2479.355225
802.262695	2525.576904
801.086914	2425.123047
799.910156	2511.710205
798.733398	2477.162598
797.556641	2395.901367
796.378906	2420.853760
795.201172	2392.717529
794.023438	2432.517334
792.845703	2487.154297
791.666992	2425.074707
790.489258	2382.113037
789.309570	2421.878906
788.130859	2406.500000
786.951172	2480.158936
785.771484	2413.909668
784.591797	2318.025635
783.412109	2463.679443
782.231445	2465.250244
781.050781	2367.300537
779.870117	2309.616211
778.688477	2340.850586
777.506836	2391.114990
776.325195	2278.458740
775.143555	2345.635010
773.960938	2368.374023
772.778320	2363.618896
771.595703	2278.545654
770.413086	2303.396973
769.229492	2319.785889
768.045898	2484.026123
766.862305	2371.547607
765.677734	2423.802246
764.494141	2393.709961
763.309570	2424.832275
762.124023	2382.093262
760.939453	2520.785156
759.753906	2594.036621
758.568359	2428.994629
757.381836	2563.366455
756.196289	2507.997559
755.009766	2638.076904
753.822266	2502.664063
752.635742	2546.333984
751.448242	2549.976074
750.260742	2509.407227
749.073242	2489.903320
747.884766	2537.744629
746.696289	2490.893311
745.507813	2471.406006
744.319336	2498.189941
743.129883	2449.275635
741.940430	2497.071045
740.750977	2519.627686
739.561523	2502.255371
738.371094	2484.890381
737.180664	2465.433105
735.990234	2450.183350
734.798828	2546.191895
733.607422	2537.226074
732.416016	2526.166016
731.224609	2443.789795
730.032227	2487.282227
728.839844	2444.789063
727.647461	2408.603516
726.454102	2416.445557
725.260742	2424.283691
724.067383	2327.375732
722.874023	2347.796143
721.679688	2380.770508
720.486328	2405.356201
719.291016	2432.023438
718.096680	2377.071289
716.901367	2495.781250
715.706055	2369.726074
714.510742	2381.738770
713.315430	2297.577881
712.119141	2359.764160
710.922852	2436.549805
709.725586	2438.089600
708.529297	2441.717285
707.332031	2399.401367
706.134766	2390.508789
704.936523	2425.453613
703.738281	2364.387695
702.540039	2393.062744
701.341797	2438.411865
700.143555	2352.358643
698.944336	2449.819824
697.745117	2353.379883
696.544922	2404.947998
695.345703	2381.485107
694.145508	2378.863281
692.944336	2403.316162
691.744141	2296.583740
690.542969	2481.331055
689.341797	2412.090088
688.140625	2405.301758
686.938477	2465.083740
685.736328	2443.727295
684.534180	2428.618164
683.331055	2457.171143
682.128906	2489.867432
680.925781	2422.810547
679.721680	2413.950928
678.518555	2494.403809
677.314453	2506.296143
676.110352	2532.715088
674.905273	2513.459961
673.701172	2550.239746
672.496094	2530.989014
671.290039	2532.487793
670.084961	2515.322754
668.878906	2558.287354
667.672852	2553.559814
666.466797	2521.895508
665.259766	2465.384033
664.052734	2475.179199
662.845703	2439.411865
661.637695	2372.605469
660.429688	2463.138916
659.221680	2458.438721
658.013672	2383.396973
656.804688	2331.142334
655.595703	2390.582031
654.386719	2423.116699
653.177734	2449.435059
651.967773	2316.615967
650.757813	2367.739258
649.547852	2379.592285
648.336914	2420.351563
647.125977	2448.704102
645.915039	2367.640381
644.703125	2303.123535
643.492188	2364.494629
642.280273	2382.518799
641.067383	2384.035889
639.855469	2437.098389
638.642578	2356.146973
637.429688	2394.764404
636.215820	2353.007324
635.001953	2383.367676
633.788086	2467.260254
632.574219	2464.635742
631.359375	2453.777832
630.144531	2416.169922
628.929688	2349.772705
627.714844	2474.717773
626.499023	2379.543945
625.283203	2510.593018
624.067383	2448.345215
622.850586	2445.727539
621.633789	2492.425049
620.416992	2450.766602
619.200195	2456.364502
617.982422	2472.226318
616.764648	2543.508301
615.546875	2553.185059
614.328125	2513.610840
613.109375	2515.083496
611.890625	2481.688721
610.670898	2540.582031
609.452148	2595.347656
608.232422	2555.807617
607.011719	2481.451172
605.791992	2517.754150
604.571289	2463.921631
603.350586	2514.545166
602.128906	2522.153564
600.907227	2482.683594
599.685547	2490.295166
598.463867	2563.368408
597.241211	2558.685547
596.018555	2417.000244
594.795898	2449.151367
593.573242	2546.692139
592.349609	2503.191162
591.125977	2457.667236
589.901367	2448.928711
588.677734	2476.949707
587.453125	2364.092041
586.227539	2475.802734
585.002930	2438.498535
583.777344	2407.331787
582.551758	2465.923340
581.325195	2424.568359
580.099609	2472.934570
578.873047	2468.284424
577.645508	2437.145508
576.418945	2442.691650
575.191406	2383.057129
573.963867	2411.012207
572.735352	2353.448242
571.507813	2397.679688
570.279297	2384.912842
569.049805	2392.496094
567.821289	2412.279053
566.591797	2322.244385
565.362305	2344.067139
564.131836	2428.888184
562.901367	2345.007813
561.670898	2328.208740
560.440430	2366.257568
559.208984	2329.154541
557.977539	2208.831055
556.746094	2443.761475
555.513672	2359.993164
554.281250	2326.982422
553.048828	2267.619141
551.816406	2271.145264
550.583008	2317.243408
549.349609	2322.782715
548.116211	2340.477539
546.881836	2386.526367
545.647461	2304.950928
544.413086	2355.035889
543.177734	2279.578613
541.943359	2364.053955
540.707031	2272.441162
539.471680	2324.508789
538.235352	2360.371094
536.999023	2337.574707
535.762695	2272.333984
534.525391	2273.822510
533.289063	2251.061523
532.050781	2268.715332
530.813477	2241.926270
529.575195	2308.036133
528.336914	2240.873779
527.098633	2264.567383
525.859375	2257.981689
524.620117	2269.555420
523.380859	2337.596680
522.140625	2322.931885
520.900391	2332.465332
519.660156	2346.024902
518.419922	2315.247559
517.178711	2310.673340
515.937500	2322.213379
514.696289	2357.910889
513.454102	2268.778320
512.211914	2302.458252
510.969727	2328.073242
509.726563	2337.582520
508.483398	2266.638428
507.240234	2404.844482
505.997070	2347.989258
504.752930	2285.131104
503.508789	2344.870850
502.263672	2263.962891
501.019531	2335.728760
499.774414	2307.065918
498.528320	2374.772461
497.283203	2330.057617
496.037109	2405.751709
494.791016	2457.337891
493.543945	2388.568359
492.297852	2432.113037
491.050781	2293.221680
489.802734	2352.800537
488.554688	2354.246094
487.306641	2385.737793
486.058594	2483.302002
484.810547	2456.684082
483.561523	2478.119385
482.311523	2471.527100
481.062500	2474.941162
479.812500	2398.342041
478.562500	2457.765869
477.312500	2431.189941
476.061523	2408.624023
474.810547	2491.982666
473.558594	2485.395508
472.307617	2566.697998
471.055664	2550.110840
469.803711	2573.460693
468.550781	2658.675293
467.297852	2676.000732
466.044922	2763.144531
464.791016	2732.566162
463.538086	2827.630615
462.284180	2952.553223
461.029297	2977.758789
459.774414	3066.717041
458.519531	3173.562256
457.264648	3105.084717
456.009766	3195.938721
454.753906	3238.970703
453.497070	3200.379639
452.241211	3014.561035
450.984375	3013.838623
449.727539	2726.720947
448.469727	2737.997559
447.211914	2578.308594
445.954102	2577.690186
444.696289	2594.953857
443.437500	2498.980225
442.178711	2450.716064
440.919922	2557.345215
439.660156	2548.790283
438.400391	2552.146729
437.140625	2511.851074
435.879883	2467.607422
434.620117	2546.338623
433.358398	2514.002930
432.097656	2596.648682
430.835938	2609.895020
429.574219	2500.298828
428.311523	2547.233643
427.049805	2528.796875
425.787109	2599.458740
424.523438	2567.162354
423.260742	2598.203613
421.997070	2544.160400
420.732422	2571.235840
419.468750	2616.094238
418.204102	2591.738525
416.938477	2595.064453
415.673828	2663.594971
414.408203	2599.734619
413.142578	2569.479980
411.875977	2610.322266
410.609375	2623.507813
409.342773	2737.338623
408.076172	2669.589600
406.808594	2678.804932
405.541016	2693.931641
404.273438	2643.986084
403.004883	2716.277100
401.736328	2749.118652
400.466797	2746.480225
399.198242	2692.629150
397.928711	2745.144043
396.658203	2779.913818
395.388672	2793.014893
394.118164	2855.304688
392.847656	2880.184326
391.576172	2808.675049
390.304688	2918.107422
389.033203	2856.452637
387.760742	2971.715088
386.489258	2984.744141
385.215820	2968.299316
383.943359	2979.357910
382.669922	2996.301025
381.396484	3001.457275
380.123047	3018.385742
378.848633	3084.356934
377.574219	3183.642334
376.298828	3084.807373
375.024414	3138.948730
373.749023	3230.305664
372.472656	3247.150391
371.197266	3324.720703
369.920898	3433.591553
368.643555	3323.088379
367.367188	3355.553711
366.089844	3515.223633
364.812500	3445.872314
363.534180	3423.505615
362.255859	3326.828613
360.977539	3492.212646
359.698242	3462.029785
358.418945	3439.678955
357.139648	3382.168701
355.860352	3359.847412
354.580078	3360.971436
353.299805	3393.333496
352.018555	3449.102295
350.737305	3508.746094
349.456055	3386.917725
348.174805	3450.447266
346.892578	3502.244629
345.610352	3575.460938
344.327148	3734.398926
343.043945	3680.862549
341.760742	3759.822510
340.477539	3930.280762
339.193359	3968.248779
337.909180	3883.558838
336.625000	4038.288086
335.339844	4048.959717
334.054688	4211.350586
332.768555	4165.575684
331.483398	4345.353516
330.197266	4297.623047
328.910156	4345.135254
327.624023	4396.508789
326.336914	4379.875977
325.048828	4576.849121
323.760742	4567.943359
322.472656	4566.804199
321.184570	4689.848145
319.895508	4832.228516
318.606445	4875.627930
317.317383	4988.805176
316.027344	5003.065918
314.737305	5079.332520
313.447266	5544.988281
312.156250	5630.764160
310.866211	5652.592285
309.574219	6040.311523
308.283203	6127.831543
306.991211	6383.653809
305.698242	6724.466797
304.406250	6947.129883
303.113281	7169.680176
301.819336	7453.975586
300.526367	7749.723145
299.232422	7863.701660
297.937500	8159.194336
296.643555	8371.498047
295.348633	8564.386719
294.052734	9091.095703
292.757813	9312.648438
291.461914	9782.953125
290.166016	9776.628906
288.869141	10277.427734
287.572266	10762.549805
286.275391	10989.174805
284.977539	11516.256836
283.679688	11900.526367
282.381836	12226.826172
281.083008	12782.069336
279.784180	13192.667969
278.485352	13604.980469
277.185547	14230.626953
275.885742	14700.163086
274.585938	15280.984375
273.285156	16046.055664
271.984375	16222.637695
270.683594	17154.238281
269.381836	17397.673828
268.080078	17831.105469
266.777344	18435.187500
265.475586	18626.279297
264.172852	19066.732422
262.869141	19297.845703
261.565430	19764.748047
260.261719	19805.726563
258.958008	20082.472656
257.653320	20178.919922
256.348633	20191.009766
255.043945	20222.244141
253.738281	20153.876953
252.432617	20081.712891
251.125977	19906.220703
249.819336	19889.642578
248.512695	19584.193359
247.206055	19686.277344
245.898438	19308.369141
244.590820	19140.927734
243.282227	18749.968750
241.973633	18494.859375
240.665039	18148.191406
239.356445	17855.169922
238.046875	17602.386719
236.736328	17275.291016
235.426758	16965.535156
234.116211	16711.257813
232.805664	16335.048828
231.494141	15814.121094
230.182617	15827.196289
228.871094	15411.475586
227.558594	15041.692383
226.246094	15066.375000
224.933594	14845.396484
223.620117	14483.652344
222.306641	14139.220703
220.992188	14013.782227
219.678711	13920.744141
218.363281	13742.171875
217.048828	13738.606445
215.733398	13839.583008
214.417969	13710.569336
213.102539	13752.601563
211.786133	13454.634766
210.468750	13844.186523
209.152344	13787.430664
207.834961	13694.642578
206.517578	13850.449219
205.199219	13530.067383
203.880859	14010.103516
202.562500	14167.592773
201.243164	13966.777344
199.923828	14118.504883
198.604492	14290.988281
197.284180	13997.490234
195.963867	14186.949219
194.642578	14200.270508
193.322266	14164.378906
192.000000	14173.909180
190.678711	14156.951172
189.356445	14347.996094
188.034180	14083.355469
186.710938	14085.324219
185.387695	14308.347656
184.064453	14096.805664
182.740234	14210.175781
181.416016	13949.679688
180.091797	14055.472656
178.766602	13932.892578
177.441406	13968.831055
176.116211	13942.512695
174.790039	13584.374023
173.463867	13675.029297
172.136719	13403.827148
170.809570	13315.503906
169.482422	13315.746094
168.155273	13112.629883
166.827148	12794.791016
165.498047	12845.973633
164.169922	12590.455078
162.840820	12592.754883
161.510742	12485.986328
160.180664	12627.420898
158.850586	12622.183594
157.520508	12874.357422
156.189453	13218.436523
154.858398	13340.735352
153.526367	13569.978516
152.194336	13934.234375
150.862305	14133.167969
149.529297	14412.656250
148.196289	14832.648438
146.863281	14824.931641
145.529297	15201.470703
144.195313	15199.274414
142.860352	15607.352539
141.526367	15679.958008
140.190430	15636.431641
138.855469	15821.296875
137.519531	15959.274414
136.183594	15941.889648
134.846680	15948.826172
133.509766	15856.650391
132.171875	15693.484375
130.834961	16001.360352
129.496094	15769.104492
128.158203	15548.178711
126.819336	15672.831055
125.480469	15517.382813
124.140625	15429.203125
122.800781	15363.458984
121.460938	15338.783203
120.120117	15522.980469
118.779297	15460.980469
117.437500	15570.484375
116.095703	15709.737305
114.753906	15817.243164
113.411133	16099.744141
112.068359	16527.310547
110.725586	16429.750000
109.381836	16402.951172
108.038086	16391.042969
106.694336	16103.890625
105.349609	15526.842773
104.003906	14600.656250
102.659180	13693.553711
101.313477	12342.939453
99.966797	10824.049805
98.621094	9209.438477
