task,variant,scheme,test_set,label,feature,model,metric,value,ci_lo,ci_hi,chance,p_perm,n_perm,perm_null_mean,n_test,n_test_groups,n_boot_ok,n_train,hp_source,hp,seconds,note
T1,native,loso,all,analyte,F1,majority,bal_acc,0.0433,0.0,0.1176,0.05,,,,590,40,1000,295,fixed,"[{""fold"": ""test=536"", ""src"": ""fixed"", ""thr"": 0.5}, {""fold"": ""test=BW"", ""src"": ""fixed"", ""thr"": 0.5}]",2.63,"one culture per strain x analyte: no grouped inner CV, default hyperparameters"
T1,native,loso,all,analyte,F1,majority,macro_f1,0.0088,0.0,0.0245,,,,,590,40,1000,295,fixed,"[{""fold"": ""test=536"", ""src"": ""fixed"", ""thr"": 0.5}, {""fold"": ""test=BW"", ""src"": ""fixed"", ""thr"": 0.5}]",2.63,"one culture per strain x analyte: no grouped inner CV, default hyperparameters"
T1,native,loso,all,analyte,F1,majority,accuracy,0.0508,0.0,0.1321,0.0847,,,,590,40,1000,295,fixed,"[{""fold"": ""test=536"", ""src"": ""fixed"", ""thr"": 0.5}, {""fold"": ""test=BW"", ""src"": ""fixed"", ""thr"": 0.5}]",2.63,"one culture per strain x analyte: no grouped inner CV, default hyperparameters"
T1,native,loso,all@culture,analyte,F1,majority,bal_acc,0.05,0.0,0.1111,0.05,,,,40,40,1000,295,fixed,"[{""fold"": ""test=536"", ""src"": ""fixed"", ""thr"": 0.5}, {""fold"": ""test=BW"", ""src"": ""fixed"", ""thr"": 0.5}]",2.63,"one culture per strain x analyte: no grouped inner CV, default hyperparameters"
T1,native,loso,all@culture,analyte,F1,majority,macro_f1,0.0091,0.0,0.0249,,,,,40,40,1000,295,fixed,"[{""fold"": ""test=536"", ""src"": ""fixed"", ""thr"": 0.5}, {""fold"": ""test=BW"", ""src"": ""fixed"", ""thr"": 0.5}]",2.63,"one culture per strain x analyte: no grouped inner CV, default hyperparameters"
T1,native,loso,all@culture,analyte,F1,majority,accuracy,0.05,0.0,0.125,,,,,40,40,1000,295,fixed,"[{""fold"": ""test=536"", ""src"": ""fixed"", ""thr"": 0.5}, {""fold"": ""test=BW"", ""src"": ""fixed"", ""thr"": 0.5}]",2.63,"one culture per strain x analyte: no grouped inner CV, default hyperparameters"
T1,native,loso,test=536,analyte,F1,majority,bal_acc,0.05,0.0,0.1,0.05,,,,200,20,1000,295,fixed,"[{""fold"": ""test=536"", ""src"": ""fixed"", ""thr"": 0.5}, {""fold"": ""test=BW"", ""src"": ""fixed"", ""thr"": 0.5}]",2.63,"one culture per strain x analyte: no grouped inner CV, default hyperparameters"
T1,native,loso,test=536,analyte,F1,majority,macro_f1,0.0048,0.0,0.0237,,,,,200,20,1000,295,fixed,"[{""fold"": ""test=536"", ""src"": ""fixed"", ""thr"": 0.5}, {""fold"": ""test=BW"", ""src"": ""fixed"", ""thr"": 0.5}]",2.63,"one culture per strain x analyte: no grouped inner CV, default hyperparameters"
T1,native,loso,test=536,analyte,F1,majority,accuracy,0.05,0.0,0.15,0.05,,,,200,20,1000,295,fixed,"[{""fold"": ""test=536"", ""src"": ""fixed"", ""thr"": 0.5}, {""fold"": ""test=BW"", ""src"": ""fixed"", ""thr"": 0.5}]",2.63,"one culture per strain x analyte: no grouped inner CV, default hyperparameters"
T1,native,loso,test=BW,analyte,F1,majority,bal_acc,0.05,0.0,0.1,0.05,,,,390,20,1000,295,fixed,"[{""fold"": ""test=536"", ""src"": ""fixed"", ""thr"": 0.5}, {""fold"": ""test=BW"", ""src"": ""fixed"", ""thr"": 0.5}]",2.63,"one culture per strain x analyte: no grouped inner CV, default hyperparameters"
T1,native,loso,test=BW,analyte,F1,majority,macro_f1,0.0049,0.0,0.026,,,,,390,20,1000,295,fixed,"[{""fold"": ""test=536"", ""src"": ""fixed"", ""thr"": 0.5}, {""fold"": ""test=BW"", ""src"": ""fixed"", ""thr"": 0.5}]",2.63,"one culture per strain x analyte: no grouped inner CV, default hyperparameters"
T1,native,loso,test=BW,analyte,F1,majority,accuracy,0.0513,0.0,0.1668,0.1026,,,,390,20,1000,295,fixed,"[{""fold"": ""test=536"", ""src"": ""fixed"", ""thr"": 0.5}, {""fold"": ""test=BW"", ""src"": ""fixed"", ""thr"": 0.5}]",2.63,"one culture per strain x analyte: no grouped inner CV, default hyperparameters"
T1,native,loso,all,analyte,F1,lr,bal_acc,0.1198,0.0512,0.1904,0.05,0.032,1000,0.051,590,40,1000,295,default,"[{""fold"": ""test=536"", ""C"": 0.1, ""src"": ""default"", ""thr"": 0.5}, {""fold"": ""test=BW"", ""C"": 0.1, ""src"": ""default"", ""thr"": 0.5}]",1.94,"one culture per strain x analyte: no grouped inner CV, default hyperparameters"
T1,native,loso,all,analyte,F1,lr,macro_f1,0.1057,0.0425,0.1629,,,,,590,40,1000,295,default,"[{""fold"": ""test=536"", ""C"": 0.1, ""src"": ""default"", ""thr"": 0.5}, {""fold"": ""test=BW"", ""C"": 0.1, ""src"": ""default"", ""thr"": 0.5}]",1.94,"one culture per strain x analyte: no grouped inner CV, default hyperparameters"
T1,native,loso,all,analyte,F1,lr,accuracy,0.122,0.0439,0.2148,0.0847,,,,590,40,1000,295,default,"[{""fold"": ""test=536"", ""C"": 0.1, ""src"": ""default"", ""thr"": 0.5}, {""fold"": ""test=BW"", ""C"": 0.1, ""src"": ""default"", ""thr"": 0.5}]",1.94,"one culture per strain x analyte: no grouped inner CV, default hyperparameters"
T1,native,loso,all@culture,analyte,F1,lr,bal_acc,0.125,0.037,0.2059,0.05,,,,40,40,1000,295,default,"[{""fold"": ""test=536"", ""C"": 0.1, ""src"": ""default"", ""thr"": 0.5}, {""fold"": ""test=BW"", ""C"": 0.1, ""src"": ""default"", ""thr"": 0.5}]",1.94,"one culture per strain x analyte: no grouped inner CV, default hyperparameters"
T1,native,loso,all@culture,analyte,F1,lr,macro_f1,0.1,0.0208,0.1536,,,,,40,40,1000,295,default,"[{""fold"": ""test=536"", ""C"": 0.1, ""src"": ""default"", ""thr"": 0.5}, {""fold"": ""test=BW"", ""C"": 0.1, ""src"": ""default"", ""thr"": 0.5}]",1.94,"one culture per strain x analyte: no grouped inner CV, default hyperparameters"
T1,native,loso,all@culture,analyte,F1,lr,accuracy,0.125,0.025,0.225,,,,,40,40,1000,295,default,"[{""fold"": ""test=536"", ""C"": 0.1, ""src"": ""default"", ""thr"": 0.5}, {""fold"": ""test=BW"", ""C"": 0.1, ""src"": ""default"", ""thr"": 0.5}]",1.94,"one culture per strain x analyte: no grouped inner CV, default hyperparameters"
T1,native,loso,test=536,analyte,F1,lr,bal_acc,0.12,0.0,0.2,0.05,,,,200,20,1000,295,default,"[{""fold"": ""test=536"", ""C"": 0.1, ""src"": ""default"", ""thr"": 0.5}, {""fold"": ""test=BW"", ""C"": 0.1, ""src"": ""default"", ""thr"": 0.5}]",1.94,"one culture per strain x analyte: no grouped inner CV, default hyperparameters"
T1,native,loso,test=536,analyte,F1,lr,macro_f1,0.0874,0.0,0.1826,,,,,200,20,1000,295,default,"[{""fold"": ""test=536"", ""C"": 0.1, ""src"": ""default"", ""thr"": 0.5}, {""fold"": ""test=BW"", ""C"": 0.1, ""src"": ""default"", ""thr"": 0.5}]",1.94,"one culture per strain x analyte: no grouped inner CV, default hyperparameters"
T1,native,loso,test=536,analyte,F1,lr,accuracy,0.12,0.0,0.27,0.05,,,,200,20,1000,295,default,"[{""fold"": ""test=536"", ""C"": 0.1, ""src"": ""default"", ""thr"": 0.5}, {""fold"": ""test=BW"", ""C"": 0.1, ""src"": ""default"", ""thr"": 0.5}]",1.94,"one culture per strain x analyte: no grouped inner CV, default hyperparameters"
T1,native,loso,test=BW,analyte,F1,lr,bal_acc,0.1225,0.0346,0.2,0.05,,,,390,20,1000,295,default,"[{""fold"": ""test=536"", ""C"": 0.1, ""src"": ""default"", ""thr"": 0.5}, {""fold"": ""test=BW"", ""C"": 0.1, ""src"": ""default"", ""thr"": 0.5}]",1.94,"one culture per strain x analyte: no grouped inner CV, default hyperparameters"
T1,native,loso,test=BW,analyte,F1,lr,macro_f1,0.1,0.0326,0.1858,,,,,390,20,1000,295,default,"[{""fold"": ""test=536"", ""C"": 0.1, ""src"": ""default"", ""thr"": 0.5}, {""fold"": ""test=BW"", ""C"": 0.1, ""src"": ""default"", ""thr"": 0.5}]",1.94,"one culture per strain x analyte: no grouped inner CV, default hyperparameters"
T1,native,loso,test=BW,analyte,F1,lr,accuracy,0.1231,0.0282,0.2406,0.1026,,,,390,20,1000,295,default,"[{""fold"": ""test=536"", ""C"": 0.1, ""src"": ""default"", ""thr"": 0.5}, {""fold"": ""test=BW"", ""C"": 0.1, ""src"": ""default"", ""thr"": 0.5}]",1.94,"one culture per strain x analyte: no grouped inner CV, default hyperparameters"
T1,native,loso,all,analyte,F1,pca_lr,bal_acc,0.104,0.0421,0.1735,0.05,,,,590,40,1000,295,default,"[{""fold"": ""test=536"", ""C"": 0.1, ""src"": ""default"", ""thr"": 0.5}, {""fold"": ""test=BW"", ""C"": 0.1, ""src"": ""default"", ""thr"": 0.5}]",1.96,"one culture per strain x analyte: no grouped inner CV, default hyperparameters"
T1,native,loso,all,analyte,F1,pca_lr,macro_f1,0.101,0.0371,0.1557,,,,,590,40,1000,295,default,"[{""fold"": ""test=536"", ""C"": 0.1, ""src"": ""default"", ""thr"": 0.5}, {""fold"": ""test=BW"", ""C"": 0.1, ""src"": ""default"", ""thr"": 0.5}]",1.96,"one culture per strain x analyte: no grouped inner CV, default hyperparameters"
T1,native,loso,all,analyte,F1,pca_lr,accuracy,0.1051,0.0413,0.1834,0.0847,,,,590,40,1000,295,default,"[{""fold"": ""test=536"", ""C"": 0.1, ""src"": ""default"", ""thr"": 0.5}, {""fold"": ""test=BW"", ""C"": 0.1, ""src"": ""default"", ""thr"": 0.5}]",1.96,"one culture per strain x analyte: no grouped inner CV, default hyperparameters"
T1,native,loso,all@culture,analyte,F1,pca_lr,bal_acc,0.125,0.037,0.2059,0.05,,,,40,40,1000,295,default,"[{""fold"": ""test=536"", ""C"": 0.1, ""src"": ""default"", ""thr"": 0.5}, {""fold"": ""test=BW"", ""C"": 0.1, ""src"": ""default"", ""thr"": 0.5}]",1.96,"one culture per strain x analyte: no grouped inner CV, default hyperparameters"
T1,native,loso,all@culture,analyte,F1,pca_lr,macro_f1,0.1,0.0208,0.1536,,,,,40,40,1000,295,default,"[{""fold"": ""test=536"", ""C"": 0.1, ""src"": ""default"", ""thr"": 0.5}, {""fold"": ""test=BW"", ""C"": 0.1, ""src"": ""default"", ""thr"": 0.5}]",1.96,"one culture per strain x analyte: no grouped inner CV, default hyperparameters"
T1,native,loso,all@culture,analyte,F1,pca_lr,accuracy,0.125,0.025,0.225,,,,,40,40,1000,295,default,"[{""fold"": ""test=536"", ""C"": 0.1, ""src"": ""default"", ""thr"": 0.5}, {""fold"": ""test=BW"", ""C"": 0.1, ""src"": ""default"", ""thr"": 0.5}]",1.96,"one culture per strain x analyte: no grouped inner CV, default hyperparameters"
T1,native,loso,test=536,analyte,F1,pca_lr,bal_acc,0.12,0.0,0.2,0.05,,,,200,20,1000,295,default,"[{""fold"": ""test=536"", ""C"": 0.1, ""src"": ""default"", ""thr"": 0.5}, {""fold"": ""test=BW"", ""C"": 0.1, ""src"": ""default"", ""thr"": 0.5}]",1.96,"one culture per strain x analyte: no grouped inner CV, default hyperparameters"
T1,native,loso,test=536,analyte,F1,pca_lr,macro_f1,0.0893,0.0,0.1819,,,,,200,20,1000,295,default,"[{""fold"": ""test=536"", ""C"": 0.1, ""src"": ""default"", ""thr"": 0.5}, {""fold"": ""test=BW"", ""C"": 0.1, ""src"": ""default"", ""thr"": 0.5}]",1.96,"one culture per strain x analyte: no grouped inner CV, default hyperparameters"
T1,native,loso,test=536,analyte,F1,pca_lr,accuracy,0.12,0.0,0.27,0.05,,,,200,20,1000,295,default,"[{""fold"": ""test=536"", ""C"": 0.1, ""src"": ""default"", ""thr"": 0.5}, {""fold"": ""test=BW"", ""C"": 0.1, ""src"": ""default"", ""thr"": 0.5}]",1.96,"one culture per strain x analyte: no grouped inner CV, default hyperparameters"
T1,native,loso,test=BW,analyte,F1,pca_lr,bal_acc,0.1,0.0346,0.1601,0.05,,,,390,20,1000,295,default,"[{""fold"": ""test=536"", ""C"": 0.1, ""src"": ""default"", ""thr"": 0.5}, {""fold"": ""test=BW"", ""C"": 0.1, ""src"": ""default"", ""thr"": 0.5}]",1.96,"one culture per strain x analyte: no grouped inner CV, default hyperparameters"
T1,native,loso,test=BW,analyte,F1,pca_lr,macro_f1,0.0911,0.0261,0.1637,,,,,390,20,1000,295,default,"[{""fold"": ""test=536"", ""C"": 0.1, ""src"": ""default"", ""thr"": 0.5}, {""fold"": ""test=BW"", ""C"": 0.1, ""src"": ""default"", ""thr"": 0.5}]",1.96,"one culture per strain x analyte: no grouped inner CV, default hyperparameters"
T1,native,loso,test=BW,analyte,F1,pca_lr,accuracy,0.0974,0.0268,0.1829,0.1026,,,,390,20,1000,295,default,"[{""fold"": ""test=536"", ""C"": 0.1, ""src"": ""default"", ""thr"": 0.5}, {""fold"": ""test=BW"", ""C"": 0.1, ""src"": ""default"", ""thr"": 0.5}]",1.96,"one culture per strain x analyte: no grouped inner CV, default hyperparameters"
T1,native,loso,all,analyte,F1,plsda,bal_acc,0.1195,0.0598,0.1833,0.05,,,,590,40,1000,295,default,"[{""fold"": ""test=536"", ""n"": 10, ""src"": ""default"", ""thr"": 0.5}, {""fold"": ""test=BW"", ""n"": 10, ""src"": ""default"", ""thr"": 0.5}]",1.92,"one culture per strain x analyte: no grouped inner CV, default hyperparameters"
T1,native,loso,all,analyte,F1,plsda,macro_f1,0.0877,0.0426,0.1392,,,,,590,40,1000,295,default,"[{""fold"": ""test=536"", ""n"": 10, ""src"": ""default"", ""thr"": 0.5}, {""fold"": ""test=BW"", ""n"": 10, ""src"": ""default"", ""thr"": 0.5}]",1.92,"one culture per strain x analyte: no grouped inner CV, default hyperparameters"
T1,native,loso,all,analyte,F1,plsda,accuracy,0.1254,0.0491,0.2131,0.0847,,,,590,40,1000,295,default,"[{""fold"": ""test=536"", ""n"": 10, ""src"": ""default"", ""thr"": 0.5}, {""fold"": ""test=BW"", ""n"": 10, ""src"": ""default"", ""thr"": 0.5}]",1.92,"one culture per strain x analyte: no grouped inner CV, default hyperparameters"
T1,native,loso,all@culture,analyte,F1,plsda,bal_acc,0.125,0.0556,0.1875,0.05,,,,40,40,1000,295,default,"[{""fold"": ""test=536"", ""n"": 10, ""src"": ""default"", ""thr"": 0.5}, {""fold"": ""test=BW"", ""n"": 10, ""src"": ""default"", ""thr"": 0.5}]",1.92,"one culture per strain x analyte: no grouped inner CV, default hyperparameters"
T1,native,loso,all@culture,analyte,F1,plsda,macro_f1,0.0922,0.0222,0.1413,,,,,40,40,1000,295,default,"[{""fold"": ""test=536"", ""n"": 10, ""src"": ""default"", ""thr"": 0.5}, {""fold"": ""test=BW"", ""n"": 10, ""src"": ""default"", ""thr"": 0.5}]",1.92,"one culture per strain x analyte: no grouped inner CV, default hyperparameters"
T1,native,loso,all@culture,analyte,F1,plsda,accuracy,0.125,0.025,0.2256,,,,,40,40,1000,295,default,"[{""fold"": ""test=536"", ""n"": 10, ""src"": ""default"", ""thr"": 0.5}, {""fold"": ""test=BW"", ""n"": 10, ""src"": ""default"", ""thr"": 0.5}]",1.92,"one culture per strain x analyte: no grouped inner CV, default hyperparameters"
T1,native,loso,test=536,analyte,F1,plsda,bal_acc,0.145,0.0154,0.2417,0.05,,,,200,20,1000,295,default,"[{""fold"": ""test=536"", ""n"": 10, ""src"": ""default"", ""thr"": 0.5}, {""fold"": ""test=BW"", ""n"": 10, ""src"": ""default"", ""thr"": 0.5}]",1.92,"one culture per strain x analyte: no grouped inner CV, default hyperparameters"
T1,native,loso,test=536,analyte,F1,plsda,macro_f1,0.0946,0.0248,0.1969,,,,,200,20,1000,295,default,"[{""fold"": ""test=536"", ""n"": 10, ""src"": ""default"", ""thr"": 0.5}, {""fold"": ""test=BW"", ""n"": 10, ""src"": ""default"", ""thr"": 0.5}]",1.92,"one culture per strain x analyte: no grouped inner CV, default hyperparameters"
T1,native,loso,test=536,analyte,F1,plsda,accuracy,0.145,0.01,0.3,0.05,,,,200,20,1000,295,default,"[{""fold"": ""test=536"", ""n"": 10, ""src"": ""default"", ""thr"": 0.5}, {""fold"": ""test=BW"", ""n"": 10, ""src"": ""default"", ""thr"": 0.5}]",1.92,"one culture per strain x analyte: no grouped inner CV, default hyperparameters"
T1,native,loso,test=BW,analyte,F1,plsda,bal_acc,0.105,0.0273,0.1636,0.05,,,,390,20,1000,295,default,"[{""fold"": ""test=536"", ""n"": 10, ""src"": ""default"", ""thr"": 0.5}, {""fold"": ""test=BW"", ""n"": 10, ""src"": ""default"", ""thr"": 0.5}]",1.92,"one culture per strain x analyte: no grouped inner CV, default hyperparameters"
T1,native,loso,test=BW,analyte,F1,plsda,macro_f1,0.076,0.016,0.1592,,,,,390,20,1000,295,default,"[{""fold"": ""test=536"", ""n"": 10, ""src"": ""default"", ""thr"": 0.5}, {""fold"": ""test=BW"", ""n"": 10, ""src"": ""default"", ""thr"": 0.5}]",1.92,"one culture per strain x analyte: no grouped inner CV, default hyperparameters"
T1,native,loso,test=BW,analyte,F1,plsda,accuracy,0.1154,0.0263,0.214,0.1026,,,,390,20,1000,295,default,"[{""fold"": ""test=536"", ""n"": 10, ""src"": ""default"", ""thr"": 0.5}, {""fold"": ""test=BW"", ""n"": 10, ""src"": ""default"", ""thr"": 0.5}]",1.92,"one culture per strain x analyte: no grouped inner CV, default hyperparameters"
T1,native,loso,all,analyte,F1,ncm,bal_acc,0.0958,0.0396,0.1426,0.05,,,,590,40,1000,295,fixed,"[{""fold"": ""test=536"", ""src"": ""fixed"", ""thr"": 0.5}, {""fold"": ""test=BW"", ""src"": ""fixed"", ""thr"": 0.5}]",2.38,"one culture per strain x analyte: no grouped inner CV, default hyperparameters"
T1,native,loso,all,analyte,F1,ncm,macro_f1,0.0657,0.0268,0.1096,,,,,590,40,1000,295,fixed,"[{""fold"": ""test=536"", ""src"": ""fixed"", ""thr"": 0.5}, {""fold"": ""test=BW"", ""src"": ""fixed"", ""thr"": 0.5}]",2.38,"one culture per strain x analyte: no grouped inner CV, default hyperparameters"
T1,native,loso,all,analyte,F1,ncm,accuracy,0.0864,0.0237,0.1702,0.0847,,,,590,40,1000,295,fixed,"[{""fold"": ""test=536"", ""src"": ""fixed"", ""thr"": 0.5}, {""fold"": ""test=BW"", ""src"": ""fixed"", ""thr"": 0.5}]",2.38,"one culture per strain x analyte: no grouped inner CV, default hyperparameters"
T1,native,loso,all@culture,analyte,F1,ncm,bal_acc,0.1,0.0235,0.1667,0.05,,,,40,40,1000,295,fixed,"[{""fold"": ""test=536"", ""src"": ""fixed"", ""thr"": 0.5}, {""fold"": ""test=BW"", ""src"": ""fixed"", ""thr"": 0.5}]",2.38,"one culture per strain x analyte: no grouped inner CV, default hyperparameters"
T1,native,loso,all@culture,analyte,F1,ncm,macro_f1,0.0708,0.0125,0.1232,,,,,40,40,1000,295,fixed,"[{""fold"": ""test=536"", ""src"": ""fixed"", ""thr"": 0.5}, {""fold"": ""test=BW"", ""src"": ""fixed"", ""thr"": 0.5}]",2.38,"one culture per strain x analyte: no grouped inner CV, default hyperparameters"
T1,native,loso,all@culture,analyte,F1,ncm,accuracy,0.1,0.025,0.2,,,,,40,40,1000,295,fixed,"[{""fold"": ""test=536"", ""src"": ""fixed"", ""thr"": 0.5}, {""fold"": ""test=BW"", ""src"": ""fixed"", ""thr"": 0.5}]",2.38,"one culture per strain x analyte: no grouped inner CV, default hyperparameters"
T1,native,loso,test=536,analyte,F1,ncm,bal_acc,0.08,0.0083,0.1333,0.05,,,,200,20,1000,295,fixed,"[{""fold"": ""test=536"", ""src"": ""fixed"", ""thr"": 0.5}, {""fold"": ""test=BW"", ""src"": ""fixed"", ""thr"": 0.5}]",2.38,"one culture per strain x analyte: no grouped inner CV, default hyperparameters"
T1,native,loso,test=536,analyte,F1,ncm,macro_f1,0.0679,0.0037,0.1367,,,,,200,20,1000,295,fixed,"[{""fold"": ""test=536"", ""src"": ""fixed"", ""thr"": 0.5}, {""fold"": ""test=BW"", ""src"": ""fixed"", ""thr"": 0.5}]",2.38,"one culture per strain x analyte: no grouped inner CV, default hyperparameters"
T1,native,loso,test=536,analyte,F1,ncm,accuracy,0.08,0.005,0.18,0.05,,,,200,20,1000,295,fixed,"[{""fold"": ""test=536"", ""src"": ""fixed"", ""thr"": 0.5}, {""fold"": ""test=BW"", ""src"": ""fixed"", ""thr"": 0.5}]",2.38,"one culture per strain x analyte: no grouped inner CV, default hyperparameters"
T1,native,loso,test=BW,analyte,F1,ncm,bal_acc,0.1125,0.0042,0.1875,0.05,,,,390,20,1000,295,fixed,"[{""fold"": ""test=536"", ""src"": ""fixed"", ""thr"": 0.5}, {""fold"": ""test=BW"", ""src"": ""fixed"", ""thr"": 0.5}]",2.38,"one culture per strain x analyte: no grouped inner CV, default hyperparameters"
T1,native,loso,test=BW,analyte,F1,ncm,macro_f1,0.0632,0.0064,0.1505,,,,,390,20,1000,295,fixed,"[{""fold"": ""test=536"", ""src"": ""fixed"", ""thr"": 0.5}, {""fold"": ""test=BW"", ""src"": ""fixed"", ""thr"": 0.5}]",2.38,"one culture per strain x analyte: no grouped inner CV, default hyperparameters"
T1,native,loso,test=BW,analyte,F1,ncm,accuracy,0.0897,0.0026,0.1973,0.1026,,,,390,20,1000,295,fixed,"[{""fold"": ""test=536"", ""src"": ""fixed"", ""thr"": 0.5}, {""fold"": ""test=BW"", ""src"": ""fixed"", ""thr"": 0.5}]",2.38,"one culture per strain x analyte: no grouped inner CV, default hyperparameters"
T1,native,loso,all,analyte,F1,hgb,bal_acc,0.0917,0.0364,0.1307,0.05,,,,590,40,1000,295,fixed,"[{""fold"": ""test=536"", ""src"": ""fixed"", ""thr"": 0.5}, {""fold"": ""test=BW"", ""src"": ""fixed"", ""thr"": 0.5}]",5.06,"one culture per strain x analyte: no grouped inner CV, default hyperparameters"
T1,native,loso,all,analyte,F1,hgb,macro_f1,0.0634,0.0238,0.1019,,,,,590,40,1000,295,fixed,"[{""fold"": ""test=536"", ""src"": ""fixed"", ""thr"": 0.5}, {""fold"": ""test=BW"", ""src"": ""fixed"", ""thr"": 0.5}]",5.06,"one culture per strain x analyte: no grouped inner CV, default hyperparameters"
T1,native,loso,all,analyte,F1,hgb,accuracy,0.0932,0.0308,0.1766,0.0847,,,,590,40,1000,295,fixed,"[{""fold"": ""test=536"", ""src"": ""fixed"", ""thr"": 0.5}, {""fold"": ""test=BW"", ""src"": ""fixed"", ""thr"": 0.5}]",5.06,"one culture per strain x analyte: no grouped inner CV, default hyperparameters"
T1,native,loso,all@culture,analyte,F1,hgb,bal_acc,0.075,0.0,0.125,0.05,,,,40,40,1000,295,fixed,"[{""fold"": ""test=536"", ""src"": ""fixed"", ""thr"": 0.5}, {""fold"": ""test=BW"", ""src"": ""fixed"", ""thr"": 0.5}]",5.06,"one culture per strain x analyte: no grouped inner CV, default hyperparameters"
T1,native,loso,all@culture,analyte,F1,hgb,macro_f1,0.0452,0.0,0.0912,,,,,40,40,1000,295,fixed,"[{""fold"": ""test=536"", ""src"": ""fixed"", ""thr"": 0.5}, {""fold"": ""test=BW"", ""src"": ""fixed"", ""thr"": 0.5}]",5.06,"one culture per strain x analyte: no grouped inner CV, default hyperparameters"
T1,native,loso,all@culture,analyte,F1,hgb,accuracy,0.075,0.0,0.175,,,,,40,40,1000,295,fixed,"[{""fold"": ""test=536"", ""src"": ""fixed"", ""thr"": 0.5}, {""fold"": ""test=BW"", ""src"": ""fixed"", ""thr"": 0.5}]",5.06,"one culture per strain x analyte: no grouped inner CV, default hyperparameters"
T1,native,loso,test=536,analyte,F1,hgb,bal_acc,0.065,0.0,0.1182,0.05,,,,200,20,1000,295,fixed,"[{""fold"": ""test=536"", ""src"": ""fixed"", ""thr"": 0.5}, {""fold"": ""test=BW"", ""src"": ""fixed"", ""thr"": 0.5}]",5.06,"one culture per strain x analyte: no grouped inner CV, default hyperparameters"
T1,native,loso,test=536,analyte,F1,hgb,macro_f1,0.0388,0.0,0.0983,,,,,200,20,1000,295,fixed,"[{""fold"": ""test=536"", ""src"": ""fixed"", ""thr"": 0.5}, {""fold"": ""test=BW"", ""src"": ""fixed"", ""thr"": 0.5}]",5.06,"one culture per strain x analyte: no grouped inner CV, default hyperparameters"
T1,native,loso,test=536,analyte,F1,hgb,accuracy,0.065,0.0,0.17,0.05,,,,200,20,1000,295,fixed,"[{""fold"": ""test=536"", ""src"": ""fixed"", ""thr"": 0.5}, {""fold"": ""test=BW"", ""src"": ""fixed"", ""thr"": 0.5}]",5.06,"one culture per strain x analyte: no grouped inner CV, default hyperparameters"
T1,native,loso,test=BW,analyte,F1,hgb,bal_acc,0.105,0.0269,0.1708,0.05,,,,390,20,1000,295,fixed,"[{""fold"": ""test=536"", ""src"": ""fixed"", ""thr"": 0.5}, {""fold"": ""test=BW"", ""src"": ""fixed"", ""thr"": 0.5}]",5.06,"one culture per strain x analyte: no grouped inner CV, default hyperparameters"
T1,native,loso,test=BW,analyte,F1,hgb,macro_f1,0.0752,0.0177,0.154,,,,,390,20,1000,295,fixed,"[{""fold"": ""test=536"", ""src"": ""fixed"", ""thr"": 0.5}, {""fold"": ""test=BW"", ""src"": ""fixed"", ""thr"": 0.5}]",5.06,"one culture per strain x analyte: no grouped inner CV, default hyperparameters"
T1,native,loso,test=BW,analyte,F1,hgb,accuracy,0.1077,0.0238,0.2216,0.1026,,,,390,20,1000,295,fixed,"[{""fold"": ""test=536"", ""src"": ""fixed"", ""thr"": 0.5}, {""fold"": ""test=BW"", ""src"": ""fixed"", ""thr"": 0.5}]",5.06,"one culture per strain x analyte: no grouped inner CV, default hyperparameters"
T1,native,loso,all,analyte,F1,knn,bal_acc,0.0875,0.0403,0.1255,0.05,,,,590,40,1000,295,default,"[{""fold"": ""test=536"", ""k"": 5, ""src"": ""default"", ""thr"": 0.5}, {""fold"": ""test=BW"", ""k"": 5, ""src"": ""default"", ""thr"": 0.5}]",1.84,"one culture per strain x analyte: no grouped inner CV, default hyperparameters"
T1,native,loso,all,analyte,F1,knn,macro_f1,0.0764,0.0276,0.1178,,,,,590,40,1000,295,default,"[{""fold"": ""test=536"", ""k"": 5, ""src"": ""default"", ""thr"": 0.5}, {""fold"": ""test=BW"", ""k"": 5, ""src"": ""default"", ""thr"": 0.5}]",1.84,"one culture per strain x analyte: no grouped inner CV, default hyperparameters"
T1,native,loso,all,analyte,F1,knn,accuracy,0.0847,0.0226,0.1692,0.0847,,,,590,40,1000,295,default,"[{""fold"": ""test=536"", ""k"": 5, ""src"": ""default"", ""thr"": 0.5}, {""fold"": ""test=BW"", ""k"": 5, ""src"": ""default"", ""thr"": 0.5}]",1.84,"one culture per strain x analyte: no grouped inner CV, default hyperparameters"
T1,native,loso,all@culture,analyte,F1,knn,bal_acc,0.125,0.0556,0.1875,0.05,,,,40,40,1000,295,default,"[{""fold"": ""test=536"", ""k"": 5, ""src"": ""default"", ""thr"": 0.5}, {""fold"": ""test=BW"", ""k"": 5, ""src"": ""default"", ""thr"": 0.5}]",1.84,"one culture per strain x analyte: no grouped inner CV, default hyperparameters"
T1,native,loso,all@culture,analyte,F1,knn,macro_f1,0.1,0.0261,0.1542,,,,,40,40,1000,295,default,"[{""fold"": ""test=536"", ""k"": 5, ""src"": ""default"", ""thr"": 0.5}, {""fold"": ""test=BW"", ""k"": 5, ""src"": ""default"", ""thr"": 0.5}]",1.84,"one culture per strain x analyte: no grouped inner CV, default hyperparameters"
T1,native,loso,all@culture,analyte,F1,knn,accuracy,0.125,0.025,0.2256,,,,,40,40,1000,295,default,"[{""fold"": ""test=536"", ""k"": 5, ""src"": ""default"", ""thr"": 0.5}, {""fold"": ""test=BW"", ""k"": 5, ""src"": ""default"", ""thr"": 0.5}]",1.84,"one culture per strain x analyte: no grouped inner CV, default hyperparameters"
T1,native,loso,test=536,analyte,F1,knn,bal_acc,0.1,0.0231,0.1667,0.05,,,,200,20,1000,295,default,"[{""fold"": ""test=536"", ""k"": 5, ""src"": ""default"", ""thr"": 0.5}, {""fold"": ""test=BW"", ""k"": 5, ""src"": ""default"", ""thr"": 0.5}]",1.84,"one culture per strain x analyte: no grouped inner CV, default hyperparameters"
T1,native,loso,test=536,analyte,F1,knn,macro_f1,0.0845,0.0178,0.1723,,,,,200,20,1000,295,default,"[{""fold"": ""test=536"", ""k"": 5, ""src"": ""default"", ""thr"": 0.5}, {""fold"": ""test=BW"", ""k"": 5, ""src"": ""default"", ""thr"": 0.5}]",1.84,"one culture per strain x analyte: no grouped inner CV, default hyperparameters"
T1,native,loso,test=536,analyte,F1,knn,accuracy,0.1,0.015,0.215,0.05,,,,200,20,1000,295,default,"[{""fold"": ""test=536"", ""k"": 5, ""src"": ""default"", ""thr"": 0.5}, {""fold"": ""test=BW"", ""k"": 5, ""src"": ""default"", ""thr"": 0.5}]",1.84,"one culture per strain x analyte: no grouped inner CV, default hyperparameters"
T1,native,loso,test=BW,analyte,F1,knn,bal_acc,0.08,0.0042,0.14,0.05,,,,390,20,1000,295,default,"[{""fold"": ""test=536"", ""k"": 5, ""src"": ""default"", ""thr"": 0.5}, {""fold"": ""test=BW"", ""k"": 5, ""src"": ""default"", ""thr"": 0.5}]",1.84,"one culture per strain x analyte: no grouped inner CV, default hyperparameters"
T1,native,loso,test=BW,analyte,F1,knn,macro_f1,0.0717,0.0026,0.1483,,,,,390,20,1000,295,default,"[{""fold"": ""test=536"", ""k"": 5, ""src"": ""default"", ""thr"": 0.5}, {""fold"": ""test=BW"", ""k"": 5, ""src"": ""default"", ""thr"": 0.5}]",1.84,"one culture per strain x analyte: no grouped inner CV, default hyperparameters"
T1,native,loso,test=BW,analyte,F1,knn,accuracy,0.0769,0.0026,0.1921,0.1026,,,,390,20,1000,295,default,"[{""fold"": ""test=536"", ""k"": 5, ""src"": ""default"", ""thr"": 0.5}, {""fold"": ""test=BW"", ""k"": 5, ""src"": ""default"", ""thr"": 0.5}]",1.84,"one culture per strain x analyte: no grouped inner CV, default hyperparameters"
T1,native,loso,all,analyte,F1pos,majority,bal_acc,0.0433,0.0,0.1176,0.05,,,,590,40,1000,295,fixed,"[{""fold"": ""test=536"", ""src"": ""fixed"", ""thr"": 0.5}, {""fold"": ""test=BW"", ""src"": ""fixed"", ""thr"": 0.5}]",1.76,"one culture per strain x analyte: no grouped inner CV, default hyperparameters"
T1,native,loso,all,analyte,F1pos,majority,macro_f1,0.0088,0.0,0.0245,,,,,590,40,1000,295,fixed,"[{""fold"": ""test=536"", ""src"": ""fixed"", ""thr"": 0.5}, {""fold"": ""test=BW"", ""src"": ""fixed"", ""thr"": 0.5}]",1.76,"one culture per strain x analyte: no grouped inner CV, default hyperparameters"
T1,native,loso,all,analyte,F1pos,majority,accuracy,0.0508,0.0,0.1321,0.0847,,,,590,40,1000,295,fixed,"[{""fold"": ""test=536"", ""src"": ""fixed"", ""thr"": 0.5}, {""fold"": ""test=BW"", ""src"": ""fixed"", ""thr"": 0.5}]",1.76,"one culture per strain x analyte: no grouped inner CV, default hyperparameters"
T1,native,loso,all@culture,analyte,F1pos,majority,bal_acc,0.05,0.0,0.1111,0.05,,,,40,40,1000,295,fixed,"[{""fold"": ""test=536"", ""src"": ""fixed"", ""thr"": 0.5}, {""fold"": ""test=BW"", ""src"": ""fixed"", ""thr"": 0.5}]",1.76,"one culture per strain x analyte: no grouped inner CV, default hyperparameters"
T1,native,loso,all@culture,analyte,F1pos,majority,macro_f1,0.0091,0.0,0.0249,,,,,40,40,1000,295,fixed,"[{""fold"": ""test=536"", ""src"": ""fixed"", ""thr"": 0.5}, {""fold"": ""test=BW"", ""src"": ""fixed"", ""thr"": 0.5}]",1.76,"one culture per strain x analyte: no grouped inner CV, default hyperparameters"
T1,native,loso,all@culture,analyte,F1pos,majority,accuracy,0.05,0.0,0.125,,,,,40,40,1000,295,fixed,"[{""fold"": ""test=536"", ""src"": ""fixed"", ""thr"": 0.5}, {""fold"": ""test=BW"", ""src"": ""fixed"", ""thr"": 0.5}]",1.76,"one culture per strain x analyte: no grouped inner CV, default hyperparameters"
T1,native,loso,test=536,analyte,F1pos,majority,bal_acc,0.05,0.0,0.1,0.05,,,,200,20,1000,295,fixed,"[{""fold"": ""test=536"", ""src"": ""fixed"", ""thr"": 0.5}, {""fold"": ""test=BW"", ""src"": ""fixed"", ""thr"": 0.5}]",1.76,"one culture per strain x analyte: no grouped inner CV, default hyperparameters"
T1,native,loso,test=536,analyte,F1pos,majority,macro_f1,0.0048,0.0,0.0237,,,,,200,20,1000,295,fixed,"[{""fold"": ""test=536"", ""src"": ""fixed"", ""thr"": 0.5}, {""fold"": ""test=BW"", ""src"": ""fixed"", ""thr"": 0.5}]",1.76,"one culture per strain x analyte: no grouped inner CV, default hyperparameters"
T1,native,loso,test=536,analyte,F1pos,majority,accuracy,0.05,0.0,0.15,0.05,,,,200,20,1000,295,fixed,"[{""fold"": ""test=536"", ""src"": ""fixed"", ""thr"": 0.5}, {""fold"": ""test=BW"", ""src"": ""fixed"", ""thr"": 0.5}]",1.76,"one culture per strain x analyte: no grouped inner CV, default hyperparameters"
T1,native,loso,test=BW,analyte,F1pos,majority,bal_acc,0.05,0.0,0.1,0.05,,,,390,20,1000,295,fixed,"[{""fold"": ""test=536"", ""src"": ""fixed"", ""thr"": 0.5}, {""fold"": ""test=BW"", ""src"": ""fixed"", ""thr"": 0.5}]",1.76,"one culture per strain x analyte: no grouped inner CV, default hyperparameters"
T1,native,loso,test=BW,analyte,F1pos,majority,macro_f1,0.0049,0.0,0.026,,,,,390,20,1000,295,fixed,"[{""fold"": ""test=536"", ""src"": ""fixed"", ""thr"": 0.5}, {""fold"": ""test=BW"", ""src"": ""fixed"", ""thr"": 0.5}]",1.76,"one culture per strain x analyte: no grouped inner CV, default hyperparameters"
T1,native,loso,test=BW,analyte,F1pos,majority,accuracy,0.0513,0.0,0.1668,0.1026,,,,390,20,1000,295,fixed,"[{""fold"": ""test=536"", ""src"": ""fixed"", ""thr"": 0.5}, {""fold"": ""test=BW"", ""src"": ""fixed"", ""thr"": 0.5}]",1.76,"one culture per strain x analyte: no grouped inner CV, default hyperparameters"
T1,native,loso,all,analyte,F1pos,lr,bal_acc,0.124,0.0551,0.1875,0.05,,,,590,40,1000,295,default,"[{""fold"": ""test=536"", ""C"": 0.1, ""src"": ""default"", ""thr"": 0.5}, {""fold"": ""test=BW"", ""C"": 0.1, ""src"": ""default"", ""thr"": 0.5}]",2.04,"one culture per strain x analyte: no grouped inner CV, default hyperparameters"
T1,native,loso,all,analyte,F1pos,lr,macro_f1,0.1018,0.0432,0.1501,,,,,590,40,1000,295,default,"[{""fold"": ""test=536"", ""C"": 0.1, ""src"": ""default"", ""thr"": 0.5}, {""fold"": ""test=BW"", ""C"": 0.1, ""src"": ""default"", ""thr"": 0.5}]",2.04,"one culture per strain x analyte: no grouped inner CV, default hyperparameters"
T1,native,loso,all,analyte,F1pos,lr,accuracy,0.1305,0.05,0.2175,0.0847,,,,590,40,1000,295,default,"[{""fold"": ""test=536"", ""C"": 0.1, ""src"": ""default"", ""thr"": 0.5}, {""fold"": ""test=BW"", ""C"": 0.1, ""src"": ""default"", ""thr"": 0.5}]",2.04,"one culture per strain x analyte: no grouped inner CV, default hyperparameters"
T1,native,loso,all@culture,analyte,F1pos,lr,bal_acc,0.125,0.037,0.2059,0.05,,,,40,40,1000,295,default,"[{""fold"": ""test=536"", ""C"": 0.1, ""src"": ""default"", ""thr"": 0.5}, {""fold"": ""test=BW"", ""C"": 0.1, ""src"": ""default"", ""thr"": 0.5}]",2.04,"one culture per strain x analyte: no grouped inner CV, default hyperparameters"
T1,native,loso,all@culture,analyte,F1pos,lr,macro_f1,0.0911,0.0159,0.1429,,,,,40,40,1000,295,default,"[{""fold"": ""test=536"", ""C"": 0.1, ""src"": ""default"", ""thr"": 0.5}, {""fold"": ""test=BW"", ""C"": 0.1, ""src"": ""default"", ""thr"": 0.5}]",2.04,"one culture per strain x analyte: no grouped inner CV, default hyperparameters"
T1,native,loso,all@culture,analyte,F1pos,lr,accuracy,0.125,0.025,0.225,,,,,40,40,1000,295,default,"[{""fold"": ""test=536"", ""C"": 0.1, ""src"": ""default"", ""thr"": 0.5}, {""fold"": ""test=BW"", ""C"": 0.1, ""src"": ""default"", ""thr"": 0.5}]",2.04,"one culture per strain x analyte: no grouped inner CV, default hyperparameters"
T1,native,loso,test=536,analyte,F1pos,lr,bal_acc,0.12,0.0,0.2,0.05,,,,200,20,1000,295,default,"[{""fold"": ""test=536"", ""C"": 0.1, ""src"": ""default"", ""thr"": 0.5}, {""fold"": ""test=BW"", ""C"": 0.1, ""src"": ""default"", ""thr"": 0.5}]",2.04,"one culture per strain x analyte: no grouped inner CV, default hyperparameters"
T1,native,loso,test=536,analyte,F1pos,lr,macro_f1,0.0734,0.0,0.163,,,,,200,20,1000,295,default,"[{""fold"": ""test=536"", ""C"": 0.1, ""src"": ""default"", ""thr"": 0.5}, {""fold"": ""test=BW"", ""C"": 0.1, ""src"": ""default"", ""thr"": 0.5}]",2.04,"one culture per strain x analyte: no grouped inner CV, default hyperparameters"
T1,native,loso,test=536,analyte,F1pos,lr,accuracy,0.12,0.0,0.27,0.05,,,,200,20,1000,295,default,"[{""fold"": ""test=536"", ""C"": 0.1, ""src"": ""default"", ""thr"": 0.5}, {""fold"": ""test=BW"", ""C"": 0.1, ""src"": ""default"", ""thr"": 0.5}]",2.04,"one culture per strain x analyte: no grouped inner CV, default hyperparameters"
T1,native,loso,test=BW,analyte,F1pos,lr,bal_acc,0.1263,0.0354,0.2063,0.05,,,,390,20,1000,295,default,"[{""fold"": ""test=536"", ""C"": 0.1, ""src"": ""default"", ""thr"": 0.5}, {""fold"": ""test=BW"", ""C"": 0.1, ""src"": ""default"", ""thr"": 0.5}]",2.04,"one culture per strain x analyte: no grouped inner CV, default hyperparameters"
T1,native,loso,test=BW,analyte,F1pos,lr,macro_f1,0.1053,0.0341,0.1996,,,,,390,20,1000,295,default,"[{""fold"": ""test=536"", ""C"": 0.1, ""src"": ""default"", ""thr"": 0.5}, {""fold"": ""test=BW"", ""C"": 0.1, ""src"": ""default"", ""thr"": 0.5}]",2.04,"one culture per strain x analyte: no grouped inner CV, default hyperparameters"
T1,native,loso,test=BW,analyte,F1pos,lr,accuracy,0.1359,0.0359,0.2558,0.1026,,,,390,20,1000,295,default,"[{""fold"": ""test=536"", ""C"": 0.1, ""src"": ""default"", ""thr"": 0.5}, {""fold"": ""test=BW"", ""C"": 0.1, ""src"": ""default"", ""thr"": 0.5}]",2.04,"one culture per strain x analyte: no grouped inner CV, default hyperparameters"
T1,native,loso,all,analyte,F1pos,pca_lr,bal_acc,0.124,0.0571,0.1882,0.05,,,,590,40,1000,295,default,"[{""fold"": ""test=536"", ""C"": 0.1, ""src"": ""default"", ""thr"": 0.5}, {""fold"": ""test=BW"", ""C"": 0.1, ""src"": ""default"", ""thr"": 0.5}]",1.94,"one culture per strain x analyte: no grouped inner CV, default hyperparameters"
T1,native,loso,all,analyte,F1pos,pca_lr,macro_f1,0.1042,0.0434,0.1525,,,,,590,40,1000,295,default,"[{""fold"": ""test=536"", ""C"": 0.1, ""src"": ""default"", ""thr"": 0.5}, {""fold"": ""test=BW"", ""C"": 0.1, ""src"": ""default"", ""thr"": 0.5}]",1.94,"one culture per strain x analyte: no grouped inner CV, default hyperparameters"
T1,native,loso,all,analyte,F1pos,pca_lr,accuracy,0.1288,0.0517,0.2127,0.0847,,,,590,40,1000,295,default,"[{""fold"": ""test=536"", ""C"": 0.1, ""src"": ""default"", ""thr"": 0.5}, {""fold"": ""test=BW"", ""C"": 0.1, ""src"": ""default"", ""thr"": 0.5}]",1.94,"one culture per strain x analyte: no grouped inner CV, default hyperparameters"
T1,native,loso,all@culture,analyte,F1pos,pca_lr,bal_acc,0.15,0.0556,0.2451,0.05,,,,40,40,1000,295,default,"[{""fold"": ""test=536"", ""C"": 0.1, ""src"": ""default"", ""thr"": 0.5}, {""fold"": ""test=BW"", ""C"": 0.1, ""src"": ""default"", ""thr"": 0.5}]",1.94,"one culture per strain x analyte: no grouped inner CV, default hyperparameters"
T1,native,loso,all@culture,analyte,F1pos,pca_lr,macro_f1,0.1244,0.0374,0.1865,,,,,40,40,1000,295,default,"[{""fold"": ""test=536"", ""C"": 0.1, ""src"": ""default"", ""thr"": 0.5}, {""fold"": ""test=BW"", ""C"": 0.1, ""src"": ""default"", ""thr"": 0.5}]",1.94,"one culture per strain x analyte: no grouped inner CV, default hyperparameters"
T1,native,loso,all@culture,analyte,F1pos,pca_lr,accuracy,0.15,0.05,0.275,,,,,40,40,1000,295,default,"[{""fold"": ""test=536"", ""C"": 0.1, ""src"": ""default"", ""thr"": 0.5}, {""fold"": ""test=BW"", ""C"": 0.1, ""src"": ""default"", ""thr"": 0.5}]",1.94,"one culture per strain x analyte: no grouped inner CV, default hyperparameters"
T1,native,loso,test=536,analyte,F1pos,pca_lr,bal_acc,0.12,0.0,0.2,0.05,,,,200,20,1000,295,default,"[{""fold"": ""test=536"", ""C"": 0.1, ""src"": ""default"", ""thr"": 0.5}, {""fold"": ""test=BW"", ""C"": 0.1, ""src"": ""default"", ""thr"": 0.5}]",1.94,"one culture per strain x analyte: no grouped inner CV, default hyperparameters"
T1,native,loso,test=536,analyte,F1pos,pca_lr,macro_f1,0.073,0.0,0.1621,,,,,200,20,1000,295,default,"[{""fold"": ""test=536"", ""C"": 0.1, ""src"": ""default"", ""thr"": 0.5}, {""fold"": ""test=BW"", ""C"": 0.1, ""src"": ""default"", ""thr"": 0.5}]",1.94,"one culture per strain x analyte: no grouped inner CV, default hyperparameters"
T1,native,loso,test=536,analyte,F1pos,pca_lr,accuracy,0.12,0.0,0.27,0.05,,,,200,20,1000,295,default,"[{""fold"": ""test=536"", ""C"": 0.1, ""src"": ""default"", ""thr"": 0.5}, {""fold"": ""test=BW"", ""C"": 0.1, ""src"": ""default"", ""thr"": 0.5}]",1.94,"one culture per strain x analyte: no grouped inner CV, default hyperparameters"
T1,native,loso,test=BW,analyte,F1pos,pca_lr,bal_acc,0.1288,0.05,0.2062,0.05,,,,390,20,1000,295,default,"[{""fold"": ""test=536"", ""C"": 0.1, ""src"": ""default"", ""thr"": 0.5}, {""fold"": ""test=BW"", ""C"": 0.1, ""src"": ""default"", ""thr"": 0.5}]",1.94,"one culture per strain x analyte: no grouped inner CV, default hyperparameters"
T1,native,loso,test=BW,analyte,F1pos,pca_lr,macro_f1,0.1088,0.0408,0.2003,,,,,390,20,1000,295,default,"[{""fold"": ""test=536"", ""C"": 0.1, ""src"": ""default"", ""thr"": 0.5}, {""fold"": ""test=BW"", ""C"": 0.1, ""src"": ""default"", ""thr"": 0.5}]",1.94,"one culture per strain x analyte: no grouped inner CV, default hyperparameters"
T1,native,loso,test=BW,analyte,F1pos,pca_lr,accuracy,0.1333,0.0394,0.2411,0.1026,,,,390,20,1000,295,default,"[{""fold"": ""test=536"", ""C"": 0.1, ""src"": ""default"", ""thr"": 0.5}, {""fold"": ""test=BW"", ""C"": 0.1, ""src"": ""default"", ""thr"": 0.5}]",1.94,"one culture per strain x analyte: no grouped inner CV, default hyperparameters"
T1,native,loso,all,analyte,F1pos,plsda,bal_acc,0.1283,0.0614,0.1833,0.05,,,,590,40,1000,295,default,"[{""fold"": ""test=536"", ""n"": 10, ""src"": ""default"", ""thr"": 0.5}, {""fold"": ""test=BW"", ""n"": 10, ""src"": ""default"", ""thr"": 0.5}]",1.87,"one culture per strain x analyte: no grouped inner CV, default hyperparameters"
T1,native,loso,all,analyte,F1pos,plsda,macro_f1,0.0926,0.0432,0.1356,,,,,590,40,1000,295,default,"[{""fold"": ""test=536"", ""n"": 10, ""src"": ""default"", ""thr"": 0.5}, {""fold"": ""test=BW"", ""n"": 10, ""src"": ""default"", ""thr"": 0.5}]",1.87,"one culture per strain x analyte: no grouped inner CV, default hyperparameters"
T1,native,loso,all,analyte,F1pos,plsda,accuracy,0.1339,0.0475,0.2312,0.0847,,,,590,40,1000,295,default,"[{""fold"": ""test=536"", ""n"": 10, ""src"": ""default"", ""thr"": 0.5}, {""fold"": ""test=BW"", ""n"": 10, ""src"": ""default"", ""thr"": 0.5}]",1.87,"one culture per strain x analyte: no grouped inner CV, default hyperparameters"
T1,native,loso,all@culture,analyte,F1pos,plsda,bal_acc,0.125,0.0556,0.1875,0.05,,,,40,40,1000,295,default,"[{""fold"": ""test=536"", ""n"": 10, ""src"": ""default"", ""thr"": 0.5}, {""fold"": ""test=BW"", ""n"": 10, ""src"": ""default"", ""thr"": 0.5}]",1.87,"one culture per strain x analyte: no grouped inner CV, default hyperparameters"
T1,native,loso,all@culture,analyte,F1pos,plsda,macro_f1,0.0775,0.0214,0.1292,,,,,40,40,1000,295,default,"[{""fold"": ""test=536"", ""n"": 10, ""src"": ""default"", ""thr"": 0.5}, {""fold"": ""test=BW"", ""n"": 10, ""src"": ""default"", ""thr"": 0.5}]",1.87,"one culture per strain x analyte: no grouped inner CV, default hyperparameters"
T1,native,loso,all@culture,analyte,F1pos,plsda,accuracy,0.125,0.025,0.2256,,,,,40,40,1000,295,default,"[{""fold"": ""test=536"", ""n"": 10, ""src"": ""default"", ""thr"": 0.5}, {""fold"": ""test=BW"", ""n"": 10, ""src"": ""default"", ""thr"": 0.5}]",1.87,"one culture per strain x analyte: no grouped inner CV, default hyperparameters"
T1,native,loso,test=536,analyte,F1pos,plsda,bal_acc,0.12,0.0,0.2,0.05,,,,200,20,1000,295,default,"[{""fold"": ""test=536"", ""n"": 10, ""src"": ""default"", ""thr"": 0.5}, {""fold"": ""test=BW"", ""n"": 10, ""src"": ""default"", ""thr"": 0.5}]",1.87,"one culture per strain x analyte: no grouped inner CV, default hyperparameters"
T1,native,loso,test=536,analyte,F1pos,plsda,macro_f1,0.0702,0.0,0.1542,,,,,200,20,1000,295,default,"[{""fold"": ""test=536"", ""n"": 10, ""src"": ""default"", ""thr"": 0.5}, {""fold"": ""test=BW"", ""n"": 10, ""src"": ""default"", ""thr"": 0.5}]",1.87,"one culture per strain x analyte: no grouped inner CV, default hyperparameters"
T1,native,loso,test=536,analyte,F1pos,plsda,accuracy,0.12,0.0,0.27,0.05,,,,200,20,1000,295,default,"[{""fold"": ""test=536"", ""n"": 10, ""src"": ""default"", ""thr"": 0.5}, {""fold"": ""test=BW"", ""n"": 10, ""src"": ""default"", ""thr"": 0.5}]",1.87,"one culture per strain x analyte: no grouped inner CV, default hyperparameters"
T1,native,loso,test=BW,analyte,F1pos,plsda,bal_acc,0.135,0.0385,0.215,0.05,,,,390,20,1000,295,default,"[{""fold"": ""test=536"", ""n"": 10, ""src"": ""default"", ""thr"": 0.5}, {""fold"": ""test=BW"", ""n"": 10, ""src"": ""default"", ""thr"": 0.5}]",1.87,"one culture per strain x analyte: no grouped inner CV, default hyperparameters"
T1,native,loso,test=BW,analyte,F1pos,plsda,macro_f1,0.1017,0.0368,0.2003,,,,,390,20,1000,295,default,"[{""fold"": ""test=536"", ""n"": 10, ""src"": ""default"", ""thr"": 0.5}, {""fold"": ""test=BW"", ""n"": 10, ""src"": ""default"", ""thr"": 0.5}]",1.87,"one culture per strain x analyte: no grouped inner CV, default hyperparameters"
T1,native,loso,test=BW,analyte,F1pos,plsda,accuracy,0.141,0.0324,0.2725,0.1026,,,,390,20,1000,295,default,"[{""fold"": ""test=536"", ""n"": 10, ""src"": ""default"", ""thr"": 0.5}, {""fold"": ""test=BW"", ""n"": 10, ""src"": ""default"", ""thr"": 0.5}]",1.87,"one culture per strain x analyte: no grouped inner CV, default hyperparameters"
T1,native,loso,all,analyte,F1pos,ncm,bal_acc,0.1732,0.0971,0.2302,0.05,,,,590,40,1000,295,fixed,"[{""fold"": ""test=536"", ""src"": ""fixed"", ""thr"": 0.5}, {""fold"": ""test=BW"", ""src"": ""fixed"", ""thr"": 0.5}]",1.8,"one culture per strain x analyte: no grouped inner CV, default hyperparameters"
T1,native,loso,all,analyte,F1pos,ncm,macro_f1,0.136,0.069,0.1911,,,,,590,40,1000,295,fixed,"[{""fold"": ""test=536"", ""src"": ""fixed"", ""thr"": 0.5}, {""fold"": ""test=BW"", ""src"": ""fixed"", ""thr"": 0.5}]",1.8,"one culture per strain x analyte: no grouped inner CV, default hyperparameters"
T1,native,loso,all,analyte,F1pos,ncm,accuracy,0.1678,0.0717,0.2734,0.0847,,,,590,40,1000,295,fixed,"[{""fold"": ""test=536"", ""src"": ""fixed"", ""thr"": 0.5}, {""fold"": ""test=BW"", ""src"": ""fixed"", ""thr"": 0.5}]",1.8,"one culture per strain x analyte: no grouped inner CV, default hyperparameters"
T1,native,loso,all@culture,analyte,F1pos,ncm,bal_acc,0.175,0.0932,0.2353,0.05,,,,40,40,1000,295,fixed,"[{""fold"": ""test=536"", ""src"": ""fixed"", ""thr"": 0.5}, {""fold"": ""test=BW"", ""src"": ""fixed"", ""thr"": 0.5}]",1.8,"one culture per strain x analyte: no grouped inner CV, default hyperparameters"
T1,native,loso,all@culture,analyte,F1pos,ncm,macro_f1,0.14,0.0677,0.2063,,,,,40,40,1000,295,fixed,"[{""fold"": ""test=536"", ""src"": ""fixed"", ""thr"": 0.5}, {""fold"": ""test=BW"", ""src"": ""fixed"", ""thr"": 0.5}]",1.8,"one culture per strain x analyte: no grouped inner CV, default hyperparameters"
T1,native,loso,all@culture,analyte,F1pos,ncm,accuracy,0.175,0.075,0.3,,,,,40,40,1000,295,fixed,"[{""fold"": ""test=536"", ""src"": ""fixed"", ""thr"": 0.5}, {""fold"": ""test=BW"", ""src"": ""fixed"", ""thr"": 0.5}]",1.8,"one culture per strain x analyte: no grouped inner CV, default hyperparameters"
T1,native,loso,test=536,analyte,F1pos,ncm,bal_acc,0.145,0.0167,0.2417,0.05,,,,200,20,1000,295,fixed,"[{""fold"": ""test=536"", ""src"": ""fixed"", ""thr"": 0.5}, {""fold"": ""test=BW"", ""src"": ""fixed"", ""thr"": 0.5}]",1.8,"one culture per strain x analyte: no grouped inner CV, default hyperparameters"
T1,native,loso,test=536,analyte,F1pos,ncm,macro_f1,0.1148,0.0129,0.2235,,,,,200,20,1000,295,fixed,"[{""fold"": ""test=536"", ""src"": ""fixed"", ""thr"": 0.5}, {""fold"": ""test=BW"", ""src"": ""fixed"", ""thr"": 0.5}]",1.8,"one culture per strain x analyte: no grouped inner CV, default hyperparameters"
T1,native,loso,test=536,analyte,F1pos,ncm,accuracy,0.145,0.02,0.3001,0.05,,,,200,20,1000,295,fixed,"[{""fold"": ""test=536"", ""src"": ""fixed"", ""thr"": 0.5}, {""fold"": ""test=BW"", ""src"": ""fixed"", ""thr"": 0.5}]",1.8,"one culture per strain x analyte: no grouped inner CV, default hyperparameters"
T1,native,loso,test=BW,analyte,F1pos,ncm,bal_acc,0.1888,0.0769,0.2904,0.05,,,,390,20,1000,295,fixed,"[{""fold"": ""test=536"", ""src"": ""fixed"", ""thr"": 0.5}, {""fold"": ""test=BW"", ""src"": ""fixed"", ""thr"": 0.5}]",1.8,"one culture per strain x analyte: no grouped inner CV, default hyperparameters"
T1,native,loso,test=BW,analyte,F1pos,ncm,macro_f1,0.1444,0.0557,0.2653,,,,,390,20,1000,295,fixed,"[{""fold"": ""test=536"", ""src"": ""fixed"", ""thr"": 0.5}, {""fold"": ""test=BW"", ""src"": ""fixed"", ""thr"": 0.5}]",1.8,"one culture per strain x analyte: no grouped inner CV, default hyperparameters"
T1,native,loso,test=BW,analyte,F1pos,ncm,accuracy,0.1795,0.0631,0.3158,0.1026,,,,390,20,1000,295,fixed,"[{""fold"": ""test=536"", ""src"": ""fixed"", ""thr"": 0.5}, {""fold"": ""test=BW"", ""src"": ""fixed"", ""thr"": 0.5}]",1.8,"one culture per strain x analyte: no grouped inner CV, default hyperparameters"
T1,native,loso,all,analyte,F1pos,hgb,bal_acc,0.1083,0.05,0.153,0.05,,,,590,40,1000,295,fixed,"[{""fold"": ""test=536"", ""src"": ""fixed"", ""thr"": 0.5}, {""fold"": ""test=BW"", ""src"": ""fixed"", ""thr"": 0.5}]",5.73,"one culture per strain x analyte: no grouped inner CV, default hyperparameters"
T1,native,loso,all,analyte,F1pos,hgb,macro_f1,0.0789,0.0351,0.1195,,,,,590,40,1000,295,fixed,"[{""fold"": ""test=536"", ""src"": ""fixed"", ""thr"": 0.5}, {""fold"": ""test=BW"", ""src"": ""fixed"", ""thr"": 0.5}]",5.73,"one culture per strain x analyte: no grouped inner CV, default hyperparameters"
T1,native,loso,all,analyte,F1pos,hgb,accuracy,0.1169,0.0411,0.1984,0.0847,,,,590,40,1000,295,fixed,"[{""fold"": ""test=536"", ""src"": ""fixed"", ""thr"": 0.5}, {""fold"": ""test=BW"", ""src"": ""fixed"", ""thr"": 0.5}]",5.73,"one culture per strain x analyte: no grouped inner CV, default hyperparameters"
T1,native,loso,all@culture,analyte,F1pos,hgb,bal_acc,0.125,0.0556,0.1765,0.05,,,,40,40,1000,295,fixed,"[{""fold"": ""test=536"", ""src"": ""fixed"", ""thr"": 0.5}, {""fold"": ""test=BW"", ""src"": ""fixed"", ""thr"": 0.5}]",5.73,"one culture per strain x analyte: no grouped inner CV, default hyperparameters"
T1,native,loso,all@culture,analyte,F1pos,hgb,macro_f1,0.0708,0.0208,0.1205,,,,,40,40,1000,295,fixed,"[{""fold"": ""test=536"", ""src"": ""fixed"", ""thr"": 0.5}, {""fold"": ""test=BW"", ""src"": ""fixed"", ""thr"": 0.5}]",5.73,"one culture per strain x analyte: no grouped inner CV, default hyperparameters"
T1,native,loso,all@culture,analyte,F1pos,hgb,accuracy,0.125,0.025,0.225,,,,,40,40,1000,295,fixed,"[{""fold"": ""test=536"", ""src"": ""fixed"", ""thr"": 0.5}, {""fold"": ""test=BW"", ""src"": ""fixed"", ""thr"": 0.5}]",5.73,"one culture per strain x analyte: no grouped inner CV, default hyperparameters"
T1,native,loso,test=536,analyte,F1pos,hgb,bal_acc,0.1,0.0077,0.1727,0.05,,,,200,20,1000,295,fixed,"[{""fold"": ""test=536"", ""src"": ""fixed"", ""thr"": 0.5}, {""fold"": ""test=BW"", ""src"": ""fixed"", ""thr"": 0.5}]",5.73,"one culture per strain x analyte: no grouped inner CV, default hyperparameters"
T1,native,loso,test=536,analyte,F1pos,hgb,macro_f1,0.0602,0.0098,0.14,,,,,200,20,1000,295,fixed,"[{""fold"": ""test=536"", ""src"": ""fixed"", ""thr"": 0.5}, {""fold"": ""test=BW"", ""src"": ""fixed"", ""thr"": 0.5}]",5.73,"one culture per strain x analyte: no grouped inner CV, default hyperparameters"
T1,native,loso,test=536,analyte,F1pos,hgb,accuracy,0.1,0.005,0.225,0.05,,,,200,20,1000,295,fixed,"[{""fold"": ""test=536"", ""src"": ""fixed"", ""thr"": 0.5}, {""fold"": ""test=BW"", ""src"": ""fixed"", ""thr"": 0.5}]",5.73,"one culture per strain x analyte: no grouped inner CV, default hyperparameters"
T1,native,loso,test=BW,analyte,F1pos,hgb,bal_acc,0.11,0.0231,0.1833,0.05,,,,390,20,1000,295,fixed,"[{""fold"": ""test=536"", ""src"": ""fixed"", ""thr"": 0.5}, {""fold"": ""test=BW"", ""src"": ""fixed"", ""thr"": 0.5}]",5.73,"one culture per strain x analyte: no grouped inner CV, default hyperparameters"
T1,native,loso,test=BW,analyte,F1pos,hgb,macro_f1,0.0817,0.0219,0.1697,,,,,390,20,1000,295,fixed,"[{""fold"": ""test=536"", ""src"": ""fixed"", ""thr"": 0.5}, {""fold"": ""test=BW"", ""src"": ""fixed"", ""thr"": 0.5}]",5.73,"one culture per strain x analyte: no grouped inner CV, default hyperparameters"
T1,native,loso,test=BW,analyte,F1pos,hgb,accuracy,0.1256,0.0333,0.24,0.1026,,,,390,20,1000,295,fixed,"[{""fold"": ""test=536"", ""src"": ""fixed"", ""thr"": 0.5}, {""fold"": ""test=BW"", ""src"": ""fixed"", ""thr"": 0.5}]",5.73,"one culture per strain x analyte: no grouped inner CV, default hyperparameters"
T1,native,loso,all,analyte,F1pos,knn,bal_acc,0.1325,0.0603,0.1999,0.05,,,,590,40,1000,295,default,"[{""fold"": ""test=536"", ""k"": 5, ""src"": ""default"", ""thr"": 0.5}, {""fold"": ""test=BW"", ""k"": 5, ""src"": ""default"", ""thr"": 0.5}]",1.83,"one culture per strain x analyte: no grouped inner CV, default hyperparameters"
T1,native,loso,all,analyte,F1pos,knn,macro_f1,0.117,0.0495,0.1739,,,,,590,40,1000,295,default,"[{""fold"": ""test=536"", ""k"": 5, ""src"": ""default"", ""thr"": 0.5}, {""fold"": ""test=BW"", ""k"": 5, ""src"": ""default"", ""thr"": 0.5}]",1.83,"one culture per strain x analyte: no grouped inner CV, default hyperparameters"
T1,native,loso,all,analyte,F1pos,knn,accuracy,0.1322,0.0564,0.2193,0.0847,,,,590,40,1000,295,default,"[{""fold"": ""test=536"", ""k"": 5, ""src"": ""default"", ""thr"": 0.5}, {""fold"": ""test=BW"", ""k"": 5, ""src"": ""default"", ""thr"": 0.5}]",1.83,"one culture per strain x analyte: no grouped inner CV, default hyperparameters"
T1,native,loso,all@culture,analyte,F1pos,knn,bal_acc,0.15,0.0556,0.2451,0.05,,,,40,40,1000,295,default,"[{""fold"": ""test=536"", ""k"": 5, ""src"": ""default"", ""thr"": 0.5}, {""fold"": ""test=BW"", ""k"": 5, ""src"": ""default"", ""thr"": 0.5}]",1.83,"one culture per strain x analyte: no grouped inner CV, default hyperparameters"
T1,native,loso,all@culture,analyte,F1pos,knn,macro_f1,0.1458,0.05,0.215,,,,,40,40,1000,295,default,"[{""fold"": ""test=536"", ""k"": 5, ""src"": ""default"", ""thr"": 0.5}, {""fold"": ""test=BW"", ""k"": 5, ""src"": ""default"", ""thr"": 0.5}]",1.83,"one culture per strain x analyte: no grouped inner CV, default hyperparameters"
T1,native,loso,all@culture,analyte,F1pos,knn,accuracy,0.15,0.05,0.275,,,,,40,40,1000,295,default,"[{""fold"": ""test=536"", ""k"": 5, ""src"": ""default"", ""thr"": 0.5}, {""fold"": ""test=BW"", ""k"": 5, ""src"": ""default"", ""thr"": 0.5}]",1.83,"one culture per strain x analyte: no grouped inner CV, default hyperparameters"
T1,native,loso,test=536,analyte,F1pos,knn,bal_acc,0.11,0.0154,0.1833,0.05,,,,200,20,1000,295,default,"[{""fold"": ""test=536"", ""k"": 5, ""src"": ""default"", ""thr"": 0.5}, {""fold"": ""test=BW"", ""k"": 5, ""src"": ""default"", ""thr"": 0.5}]",1.83,"one culture per strain x analyte: no grouped inner CV, default hyperparameters"
T1,native,loso,test=536,analyte,F1pos,knn,macro_f1,0.1017,0.0152,0.1914,,,,,200,20,1000,295,default,"[{""fold"": ""test=536"", ""k"": 5, ""src"": ""default"", ""thr"": 0.5}, {""fold"": ""test=BW"", ""k"": 5, ""src"": ""default"", ""thr"": 0.5}]",1.83,"one culture per strain x analyte: no grouped inner CV, default hyperparameters"
T1,native,loso,test=536,analyte,F1pos,knn,accuracy,0.11,0.01,0.235,0.05,,,,200,20,1000,295,default,"[{""fold"": ""test=536"", ""k"": 5, ""src"": ""default"", ""thr"": 0.5}, {""fold"": ""test=BW"", ""k"": 5, ""src"": ""default"", ""thr"": 0.5}]",1.83,"one culture per strain x analyte: no grouped inner CV, default hyperparameters"
T1,native,loso,test=BW,analyte,F1pos,knn,bal_acc,0.1537,0.0545,0.2476,0.05,,,,390,20,1000,295,default,"[{""fold"": ""test=536"", ""k"": 5, ""src"": ""default"", ""thr"": 0.5}, {""fold"": ""test=BW"", ""k"": 5, ""src"": ""default"", ""thr"": 0.5}]",1.83,"one culture per strain x analyte: no grouped inner CV, default hyperparameters"
T1,native,loso,test=BW,analyte,F1pos,knn,macro_f1,0.1124,0.0384,0.2108,,,,,390,20,1000,295,default,"[{""fold"": ""test=536"", ""k"": 5, ""src"": ""default"", ""thr"": 0.5}, {""fold"": ""test=BW"", ""k"": 5, ""src"": ""default"", ""thr"": 0.5}]",1.83,"one culture per strain x analyte: no grouped inner CV, default hyperparameters"
T1,native,loso,test=BW,analyte,F1pos,knn,accuracy,0.1436,0.0452,0.2601,0.1026,,,,390,20,1000,295,default,"[{""fold"": ""test=536"", ""k"": 5, ""src"": ""default"", ""thr"": 0.5}, {""fold"": ""test=BW"", ""k"": 5, ""src"": ""default"", ""thr"": 0.5}]",1.83,"one culture per strain x analyte: no grouped inner CV, default hyperparameters"
T1,native,loso,all,analyte,F2,majority,bal_acc,0.0433,0.0,0.1176,0.05,,,,590,40,1000,295,fixed,"[{""fold"": ""test=536"", ""src"": ""fixed"", ""thr"": 0.5}, {""fold"": ""test=BW"", ""src"": ""fixed"", ""thr"": 0.5}]",1.75,"one culture per strain x analyte: no grouped inner CV, default hyperparameters"
T1,native,loso,all,analyte,F2,majority,macro_f1,0.0088,0.0,0.0245,,,,,590,40,1000,295,fixed,"[{""fold"": ""test=536"", ""src"": ""fixed"", ""thr"": 0.5}, {""fold"": ""test=BW"", ""src"": ""fixed"", ""thr"": 0.5}]",1.75,"one culture per strain x analyte: no grouped inner CV, default hyperparameters"
T1,native,loso,all,analyte,F2,majority,accuracy,0.0508,0.0,0.1321,0.0847,,,,590,40,1000,295,fixed,"[{""fold"": ""test=536"", ""src"": ""fixed"", ""thr"": 0.5}, {""fold"": ""test=BW"", ""src"": ""fixed"", ""thr"": 0.5}]",1.75,"one culture per strain x analyte: no grouped inner CV, default hyperparameters"
T1,native,loso,all@culture,analyte,F2,majority,bal_acc,0.05,0.0,0.1111,0.05,,,,40,40,1000,295,fixed,"[{""fold"": ""test=536"", ""src"": ""fixed"", ""thr"": 0.5}, {""fold"": ""test=BW"", ""src"": ""fixed"", ""thr"": 0.5}]",1.75,"one culture per strain x analyte: no grouped inner CV, default hyperparameters"
T1,native,loso,all@culture,analyte,F2,majority,macro_f1,0.0091,0.0,0.0249,,,,,40,40,1000,295,fixed,"[{""fold"": ""test=536"", ""src"": ""fixed"", ""thr"": 0.5}, {""fold"": ""test=BW"", ""src"": ""fixed"", ""thr"": 0.5}]",1.75,"one culture per strain x analyte: no grouped inner CV, default hyperparameters"
T1,native,loso,all@culture,analyte,F2,majority,accuracy,0.05,0.0,0.125,,,,,40,40,1000,295,fixed,"[{""fold"": ""test=536"", ""src"": ""fixed"", ""thr"": 0.5}, {""fold"": ""test=BW"", ""src"": ""fixed"", ""thr"": 0.5}]",1.75,"one culture per strain x analyte: no grouped inner CV, default hyperparameters"
T1,native,loso,test=536,analyte,F2,majority,bal_acc,0.05,0.0,0.1,0.05,,,,200,20,1000,295,fixed,"[{""fold"": ""test=536"", ""src"": ""fixed"", ""thr"": 0.5}, {""fold"": ""test=BW"", ""src"": ""fixed"", ""thr"": 0.5}]",1.75,"one culture per strain x analyte: no grouped inner CV, default hyperparameters"
T1,native,loso,test=536,analyte,F2,majority,macro_f1,0.0048,0.0,0.0237,,,,,200,20,1000,295,fixed,"[{""fold"": ""test=536"", ""src"": ""fixed"", ""thr"": 0.5}, {""fold"": ""test=BW"", ""src"": ""fixed"", ""thr"": 0.5}]",1.75,"one culture per strain x analyte: no grouped inner CV, default hyperparameters"
T1,native,loso,test=536,analyte,F2,majority,accuracy,0.05,0.0,0.15,0.05,,,,200,20,1000,295,fixed,"[{""fold"": ""test=536"", ""src"": ""fixed"", ""thr"": 0.5}, {""fold"": ""test=BW"", ""src"": ""fixed"", ""thr"": 0.5}]",1.75,"one culture per strain x analyte: no grouped inner CV, default hyperparameters"
T1,native,loso,test=BW,analyte,F2,majority,bal_acc,0.05,0.0,0.1,0.05,,,,390,20,1000,295,fixed,"[{""fold"": ""test=536"", ""src"": ""fixed"", ""thr"": 0.5}, {""fold"": ""test=BW"", ""src"": ""fixed"", ""thr"": 0.5}]",1.75,"one culture per strain x analyte: no grouped inner CV, default hyperparameters"
T1,native,loso,test=BW,analyte,F2,majority,macro_f1,0.0049,0.0,0.026,,,,,390,20,1000,295,fixed,"[{""fold"": ""test=536"", ""src"": ""fixed"", ""thr"": 0.5}, {""fold"": ""test=BW"", ""src"": ""fixed"", ""thr"": 0.5}]",1.75,"one culture per strain x analyte: no grouped inner CV, default hyperparameters"
T1,native,loso,test=BW,analyte,F2,majority,accuracy,0.0513,0.0,0.1668,0.1026,,,,390,20,1000,295,fixed,"[{""fold"": ""test=536"", ""src"": ""fixed"", ""thr"": 0.5}, {""fold"": ""test=BW"", ""src"": ""fixed"", ""thr"": 0.5}]",1.75,"one culture per strain x analyte: no grouped inner CV, default hyperparameters"
T1,native,loso,all,analyte,F2,lr,bal_acc,0.1075,0.0496,0.1517,0.05,,,,590,40,1000,295,default,"[{""fold"": ""test=536"", ""C"": 0.1, ""src"": ""default"", ""thr"": 0.5}, {""fold"": ""test=BW"", ""C"": 0.1, ""src"": ""default"", ""thr"": 0.5}]",3.01,"one culture per strain x analyte: no grouped inner CV, default hyperparameters"
T1,native,loso,all,analyte,F2,lr,macro_f1,0.0863,0.0273,0.1314,,,,,590,40,1000,295,default,"[{""fold"": ""test=536"", ""C"": 0.1, ""src"": ""default"", ""thr"": 0.5}, {""fold"": ""test=BW"", ""C"": 0.1, ""src"": ""default"", ""thr"": 0.5}]",3.01,"one culture per strain x analyte: no grouped inner CV, default hyperparameters"
T1,native,loso,all,analyte,F2,lr,accuracy,0.1034,0.025,0.2118,0.0847,,,,590,40,1000,295,default,"[{""fold"": ""test=536"", ""C"": 0.1, ""src"": ""default"", ""thr"": 0.5}, {""fold"": ""test=BW"", ""C"": 0.1, ""src"": ""default"", ""thr"": 0.5}]",3.01,"one culture per strain x analyte: no grouped inner CV, default hyperparameters"
T1,native,loso,all@culture,analyte,F2,lr,bal_acc,0.125,0.0556,0.1765,0.05,,,,40,40,1000,295,default,"[{""fold"": ""test=536"", ""C"": 0.1, ""src"": ""default"", ""thr"": 0.5}, {""fold"": ""test=BW"", ""C"": 0.1, ""src"": ""default"", ""thr"": 0.5}]",3.01,"one culture per strain x analyte: no grouped inner CV, default hyperparameters"
T1,native,loso,all@culture,analyte,F2,lr,macro_f1,0.0887,0.0148,0.1412,,,,,40,40,1000,295,default,"[{""fold"": ""test=536"", ""C"": 0.1, ""src"": ""default"", ""thr"": 0.5}, {""fold"": ""test=BW"", ""C"": 0.1, ""src"": ""default"", ""thr"": 0.5}]",3.01,"one culture per strain x analyte: no grouped inner CV, default hyperparameters"
T1,native,loso,all@culture,analyte,F2,lr,accuracy,0.125,0.025,0.25,,,,,40,40,1000,295,default,"[{""fold"": ""test=536"", ""C"": 0.1, ""src"": ""default"", ""thr"": 0.5}, {""fold"": ""test=BW"", ""C"": 0.1, ""src"": ""default"", ""thr"": 0.5}]",3.01,"one culture per strain x analyte: no grouped inner CV, default hyperparameters"
T1,native,loso,test=536,analyte,F2,lr,bal_acc,0.095,0.0,0.1727,0.05,,,,200,20,1000,295,default,"[{""fold"": ""test=536"", ""C"": 0.1, ""src"": ""default"", ""thr"": 0.5}, {""fold"": ""test=BW"", ""C"": 0.1, ""src"": ""default"", ""thr"": 0.5}]",3.01,"one culture per strain x analyte: no grouped inner CV, default hyperparameters"
T1,native,loso,test=536,analyte,F2,lr,macro_f1,0.0543,0.0,0.1292,,,,,200,20,1000,295,default,"[{""fold"": ""test=536"", ""C"": 0.1, ""src"": ""default"", ""thr"": 0.5}, {""fold"": ""test=BW"", ""C"": 0.1, ""src"": ""default"", ""thr"": 0.5}]",3.01,"one culture per strain x analyte: no grouped inner CV, default hyperparameters"
T1,native,loso,test=536,analyte,F2,lr,accuracy,0.095,0.0,0.2351,0.05,,,,200,20,1000,295,default,"[{""fold"": ""test=536"", ""C"": 0.1, ""src"": ""default"", ""thr"": 0.5}, {""fold"": ""test=BW"", ""C"": 0.1, ""src"": ""default"", ""thr"": 0.5}]",3.01,"one culture per strain x analyte: no grouped inner CV, default hyperparameters"
T1,native,loso,test=BW,analyte,F2,lr,bal_acc,0.1225,0.0042,0.2042,0.05,,,,390,20,1000,295,default,"[{""fold"": ""test=536"", ""C"": 0.1, ""src"": ""default"", ""thr"": 0.5}, {""fold"": ""test=BW"", ""C"": 0.1, ""src"": ""default"", ""thr"": 0.5}]",3.01,"one culture per strain x analyte: no grouped inner CV, default hyperparameters"
T1,native,loso,test=BW,analyte,F2,lr,macro_f1,0.1057,0.0022,0.1999,,,,,390,20,1000,295,default,"[{""fold"": ""test=536"", ""C"": 0.1, ""src"": ""default"", ""thr"": 0.5}, {""fold"": ""test=BW"", ""C"": 0.1, ""src"": ""default"", ""thr"": 0.5}]",3.01,"one culture per strain x analyte: no grouped inner CV, default hyperparameters"
T1,native,loso,test=BW,analyte,F2,lr,accuracy,0.1077,0.0026,0.25,0.1026,,,,390,20,1000,295,default,"[{""fold"": ""test=536"", ""C"": 0.1, ""src"": ""default"", ""thr"": 0.5}, {""fold"": ""test=BW"", ""C"": 0.1, ""src"": ""default"", ""thr"": 0.5}]",3.01,"one culture per strain x analyte: no grouped inner CV, default hyperparameters"
T1,native,loso,all,analyte,F2,pca_lr,bal_acc,0.1117,0.0519,0.1544,0.05,,,,590,40,1000,295,default,"[{""fold"": ""test=536"", ""C"": 0.1, ""src"": ""default"", ""thr"": 0.5}, {""fold"": ""test=BW"", ""C"": 0.1, ""src"": ""default"", ""thr"": 0.5}]",2.03,"one culture per strain x analyte: no grouped inner CV, default hyperparameters"
T1,native,loso,all,analyte,F2,pca_lr,macro_f1,0.0902,0.0356,0.1336,,,,,590,40,1000,295,default,"[{""fold"": ""test=536"", ""C"": 0.1, ""src"": ""default"", ""thr"": 0.5}, {""fold"": ""test=BW"", ""C"": 0.1, ""src"": ""default"", ""thr"": 0.5}]",2.03,"one culture per strain x analyte: no grouped inner CV, default hyperparameters"
T1,native,loso,all,analyte,F2,pca_lr,accuracy,0.1068,0.0281,0.2103,0.0847,,,,590,40,1000,295,default,"[{""fold"": ""test=536"", ""C"": 0.1, ""src"": ""default"", ""thr"": 0.5}, {""fold"": ""test=BW"", ""C"": 0.1, ""src"": ""default"", ""thr"": 0.5}]",2.03,"one culture per strain x analyte: no grouped inner CV, default hyperparameters"
T1,native,loso,all@culture,analyte,F2,pca_lr,bal_acc,0.125,0.0556,0.1765,0.05,,,,40,40,1000,295,default,"[{""fold"": ""test=536"", ""C"": 0.1, ""src"": ""default"", ""thr"": 0.5}, {""fold"": ""test=BW"", ""C"": 0.1, ""src"": ""default"", ""thr"": 0.5}]",2.03,"one culture per strain x analyte: no grouped inner CV, default hyperparameters"
T1,native,loso,all@culture,analyte,F2,pca_lr,macro_f1,0.09,0.0168,0.1414,,,,,40,40,1000,295,default,"[{""fold"": ""test=536"", ""C"": 0.1, ""src"": ""default"", ""thr"": 0.5}, {""fold"": ""test=BW"", ""C"": 0.1, ""src"": ""default"", ""thr"": 0.5}]",2.03,"one culture per strain x analyte: no grouped inner CV, default hyperparameters"
T1,native,loso,all@culture,analyte,F2,pca_lr,accuracy,0.125,0.025,0.25,,,,,40,40,1000,295,default,"[{""fold"": ""test=536"", ""C"": 0.1, ""src"": ""default"", ""thr"": 0.5}, {""fold"": ""test=BW"", ""C"": 0.1, ""src"": ""default"", ""thr"": 0.5}]",2.03,"one culture per strain x analyte: no grouped inner CV, default hyperparameters"
T1,native,loso,test=536,analyte,F2,pca_lr,bal_acc,0.1,0.0077,0.1729,0.05,,,,200,20,1000,295,default,"[{""fold"": ""test=536"", ""C"": 0.1, ""src"": ""default"", ""thr"": 0.5}, {""fold"": ""test=BW"", ""C"": 0.1, ""src"": ""default"", ""thr"": 0.5}]",2.03,"one culture per strain x analyte: no grouped inner CV, default hyperparameters"
T1,native,loso,test=536,analyte,F2,pca_lr,macro_f1,0.0631,0.0119,0.1402,,,,,200,20,1000,295,default,"[{""fold"": ""test=536"", ""C"": 0.1, ""src"": ""default"", ""thr"": 0.5}, {""fold"": ""test=BW"", ""C"": 0.1, ""src"": ""default"", ""thr"": 0.5}]",2.03,"one culture per strain x analyte: no grouped inner CV, default hyperparameters"
T1,native,loso,test=536,analyte,F2,pca_lr,accuracy,0.1,0.005,0.24,0.05,,,,200,20,1000,295,default,"[{""fold"": ""test=536"", ""C"": 0.1, ""src"": ""default"", ""thr"": 0.5}, {""fold"": ""test=BW"", ""C"": 0.1, ""src"": ""default"", ""thr"": 0.5}]",2.03,"one culture per strain x analyte: no grouped inner CV, default hyperparameters"
T1,native,loso,test=BW,analyte,F2,pca_lr,bal_acc,0.125,0.0125,0.2083,0.05,,,,390,20,1000,295,default,"[{""fold"": ""test=536"", ""C"": 0.1, ""src"": ""default"", ""thr"": 0.5}, {""fold"": ""test=BW"", ""C"": 0.1, ""src"": ""default"", ""thr"": 0.5}]",2.03,"one culture per strain x analyte: no grouped inner CV, default hyperparameters"
T1,native,loso,test=BW,analyte,F2,pca_lr,macro_f1,0.1062,0.0056,0.1982,,,,,390,20,1000,295,default,"[{""fold"": ""test=536"", ""C"": 0.1, ""src"": ""default"", ""thr"": 0.5}, {""fold"": ""test=BW"", ""C"": 0.1, ""src"": ""default"", ""thr"": 0.5}]",2.03,"one culture per strain x analyte: no grouped inner CV, default hyperparameters"
T1,native,loso,test=BW,analyte,F2,pca_lr,accuracy,0.1103,0.0077,0.2486,0.1026,,,,390,20,1000,295,default,"[{""fold"": ""test=536"", ""C"": 0.1, ""src"": ""default"", ""thr"": 0.5}, {""fold"": ""test=BW"", ""C"": 0.1, ""src"": ""default"", ""thr"": 0.5}]",2.03,"one culture per strain x analyte: no grouped inner CV, default hyperparameters"
T1,native,loso,all,analyte,F2,plsda,bal_acc,0.1268,0.0574,0.1901,0.05,,,,590,40,1000,295,default,"[{""fold"": ""test=536"", ""n"": 10, ""src"": ""default"", ""thr"": 0.5}, {""fold"": ""test=BW"", ""n"": 10, ""src"": ""default"", ""thr"": 0.5}]",1.93,"one culture per strain x analyte: no grouped inner CV, default hyperparameters"
T1,native,loso,all,analyte,F2,plsda,macro_f1,0.1051,0.049,0.1548,,,,,590,40,1000,295,default,"[{""fold"": ""test=536"", ""n"": 10, ""src"": ""default"", ""thr"": 0.5}, {""fold"": ""test=BW"", ""n"": 10, ""src"": ""default"", ""thr"": 0.5}]",1.93,"one culture per strain x analyte: no grouped inner CV, default hyperparameters"
T1,native,loso,all,analyte,F2,plsda,accuracy,0.1254,0.0548,0.2143,0.0847,,,,590,40,1000,295,default,"[{""fold"": ""test=536"", ""n"": 10, ""src"": ""default"", ""thr"": 0.5}, {""fold"": ""test=BW"", ""n"": 10, ""src"": ""default"", ""thr"": 0.5}]",1.93,"one culture per strain x analyte: no grouped inner CV, default hyperparameters"
T1,native,loso,all@culture,analyte,F2,plsda,bal_acc,0.15,0.0588,0.2368,0.05,,,,40,40,1000,295,default,"[{""fold"": ""test=536"", ""n"": 10, ""src"": ""default"", ""thr"": 0.5}, {""fold"": ""test=BW"", ""n"": 10, ""src"": ""default"", ""thr"": 0.5}]",1.93,"one culture per strain x analyte: no grouped inner CV, default hyperparameters"
T1,native,loso,all@culture,analyte,F2,plsda,macro_f1,0.1185,0.0401,0.1876,,,,,40,40,1000,295,default,"[{""fold"": ""test=536"", ""n"": 10, ""src"": ""default"", ""thr"": 0.5}, {""fold"": ""test=BW"", ""n"": 10, ""src"": ""default"", ""thr"": 0.5}]",1.93,"one culture per strain x analyte: no grouped inner CV, default hyperparameters"
T1,native,loso,all@culture,analyte,F2,plsda,accuracy,0.15,0.05,0.2506,,,,,40,40,1000,295,default,"[{""fold"": ""test=536"", ""n"": 10, ""src"": ""default"", ""thr"": 0.5}, {""fold"": ""test=BW"", ""n"": 10, ""src"": ""default"", ""thr"": 0.5}]",1.93,"one culture per strain x analyte: no grouped inner CV, default hyperparameters"
T1,native,loso,test=536,analyte,F2,plsda,bal_acc,0.13,0.0,0.2167,0.05,,,,200,20,1000,295,default,"[{""fold"": ""test=536"", ""n"": 10, ""src"": ""default"", ""thr"": 0.5}, {""fold"": ""test=BW"", ""n"": 10, ""src"": ""default"", ""thr"": 0.5}]",1.93,"one culture per strain x analyte: no grouped inner CV, default hyperparameters"
T1,native,loso,test=536,analyte,F2,plsda,macro_f1,0.0621,0.0,0.1513,,,,,200,20,1000,295,default,"[{""fold"": ""test=536"", ""n"": 10, ""src"": ""default"", ""thr"": 0.5}, {""fold"": ""test=BW"", ""n"": 10, ""src"": ""default"", ""thr"": 0.5}]",1.93,"one culture per strain x analyte: no grouped inner CV, default hyperparameters"
T1,native,loso,test=536,analyte,F2,plsda,accuracy,0.13,0.0,0.2802,0.05,,,,200,20,1000,295,default,"[{""fold"": ""test=536"", ""n"": 10, ""src"": ""default"", ""thr"": 0.5}, {""fold"": ""test=BW"", ""n"": 10, ""src"": ""default"", ""thr"": 0.5}]",1.93,"one culture per strain x analyte: no grouped inner CV, default hyperparameters"
T1,native,loso,test=BW,analyte,F2,plsda,bal_acc,0.1312,0.0518,0.2019,0.05,,,,390,20,1000,295,default,"[{""fold"": ""test=536"", ""n"": 10, ""src"": ""default"", ""thr"": 0.5}, {""fold"": ""test=BW"", ""n"": 10, ""src"": ""default"", ""thr"": 0.5}]",1.93,"one culture per strain x analyte: no grouped inner CV, default hyperparameters"
T1,native,loso,test=BW,analyte,F2,plsda,macro_f1,0.1222,0.0482,0.2071,,,,,390,20,1000,295,default,"[{""fold"": ""test=536"", ""n"": 10, ""src"": ""default"", ""thr"": 0.5}, {""fold"": ""test=BW"", ""n"": 10, ""src"": ""default"", ""thr"": 0.5}]",1.93,"one culture per strain x analyte: no grouped inner CV, default hyperparameters"
T1,native,loso,test=BW,analyte,F2,plsda,accuracy,0.1231,0.0409,0.2325,0.1026,,,,390,20,1000,295,default,"[{""fold"": ""test=536"", ""n"": 10, ""src"": ""default"", ""thr"": 0.5}, {""fold"": ""test=BW"", ""n"": 10, ""src"": ""default"", ""thr"": 0.5}]",1.93,"one culture per strain x analyte: no grouped inner CV, default hyperparameters"
T1,native,loso,all,analyte,F2,ncm,bal_acc,0.1467,0.0731,0.1961,0.05,,,,590,40,1000,295,fixed,"[{""fold"": ""test=536"", ""src"": ""fixed"", ""thr"": 0.5}, {""fold"": ""test=BW"", ""src"": ""fixed"", ""thr"": 0.5}]",1.76,"one culture per strain x analyte: no grouped inner CV, default hyperparameters"
T1,native,loso,all,analyte,F2,ncm,macro_f1,0.0878,0.0392,0.1346,,,,,590,40,1000,295,fixed,"[{""fold"": ""test=536"", ""src"": ""fixed"", ""thr"": 0.5}, {""fold"": ""test=BW"", ""src"": ""fixed"", ""thr"": 0.5}]",1.76,"one culture per strain x analyte: no grouped inner CV, default hyperparameters"
T1,native,loso,all,analyte,F2,ncm,accuracy,0.1322,0.0466,0.2467,0.0847,,,,590,40,1000,295,fixed,"[{""fold"": ""test=536"", ""src"": ""fixed"", ""thr"": 0.5}, {""fold"": ""test=BW"", ""src"": ""fixed"", ""thr"": 0.5}]",1.76,"one culture per strain x analyte: no grouped inner CV, default hyperparameters"
T1,native,loso,all@culture,analyte,F2,ncm,bal_acc,0.125,0.0556,0.1875,0.05,,,,40,40,1000,295,fixed,"[{""fold"": ""test=536"", ""src"": ""fixed"", ""thr"": 0.5}, {""fold"": ""test=BW"", ""src"": ""fixed"", ""thr"": 0.5}]",1.76,"one culture per strain x analyte: no grouped inner CV, default hyperparameters"
T1,native,loso,all@culture,analyte,F2,ncm,macro_f1,0.071,0.0238,0.1199,,,,,40,40,1000,295,fixed,"[{""fold"": ""test=536"", ""src"": ""fixed"", ""thr"": 0.5}, {""fold"": ""test=BW"", ""src"": ""fixed"", ""thr"": 0.5}]",1.76,"one culture per strain x analyte: no grouped inner CV, default hyperparameters"
T1,native,loso,all@culture,analyte,F2,ncm,accuracy,0.125,0.025,0.25,,,,,40,40,1000,295,fixed,"[{""fold"": ""test=536"", ""src"": ""fixed"", ""thr"": 0.5}, {""fold"": ""test=BW"", ""src"": ""fixed"", ""thr"": 0.5}]",1.76,"one culture per strain x analyte: no grouped inner CV, default hyperparameters"
T1,native,loso,test=536,analyte,F2,ncm,bal_acc,0.13,0.0231,0.2167,0.05,,,,200,20,1000,295,fixed,"[{""fold"": ""test=536"", ""src"": ""fixed"", ""thr"": 0.5}, {""fold"": ""test=BW"", ""src"": ""fixed"", ""thr"": 0.5}]",1.76,"one culture per strain x analyte: no grouped inner CV, default hyperparameters"
T1,native,loso,test=536,analyte,F2,ncm,macro_f1,0.1013,0.0115,0.1925,,,,,200,20,1000,295,fixed,"[{""fold"": ""test=536"", ""src"": ""fixed"", ""thr"": 0.5}, {""fold"": ""test=BW"", ""src"": ""fixed"", ""thr"": 0.5}]",1.76,"one culture per strain x analyte: no grouped inner CV, default hyperparameters"
T1,native,loso,test=536,analyte,F2,ncm,accuracy,0.13,0.015,0.28,0.05,,,,200,20,1000,295,fixed,"[{""fold"": ""test=536"", ""src"": ""fixed"", ""thr"": 0.5}, {""fold"": ""test=BW"", ""src"": ""fixed"", ""thr"": 0.5}]",1.76,"one culture per strain x analyte: no grouped inner CV, default hyperparameters"
T1,native,loso,test=BW,analyte,F2,ncm,bal_acc,0.155,0.0208,0.2583,0.05,,,,390,20,1000,295,fixed,"[{""fold"": ""test=536"", ""src"": ""fixed"", ""thr"": 0.5}, {""fold"": ""test=BW"", ""src"": ""fixed"", ""thr"": 0.5}]",1.76,"one culture per strain x analyte: no grouped inner CV, default hyperparameters"
T1,native,loso,test=BW,analyte,F2,ncm,macro_f1,0.0853,0.0152,0.1859,,,,,390,20,1000,295,fixed,"[{""fold"": ""test=536"", ""src"": ""fixed"", ""thr"": 0.5}, {""fold"": ""test=BW"", ""src"": ""fixed"", ""thr"": 0.5}]",1.76,"one culture per strain x analyte: no grouped inner CV, default hyperparameters"
T1,native,loso,test=BW,analyte,F2,ncm,accuracy,0.1333,0.0128,0.2889,0.1026,,,,390,20,1000,295,fixed,"[{""fold"": ""test=536"", ""src"": ""fixed"", ""thr"": 0.5}, {""fold"": ""test=BW"", ""src"": ""fixed"", ""thr"": 0.5}]",1.76,"one culture per strain x analyte: no grouped inner CV, default hyperparameters"
T1,native,loso,all,analyte,F2,hgb,bal_acc,0.0858,0.0314,0.1205,0.05,,,,590,40,1000,295,fixed,"[{""fold"": ""test=536"", ""src"": ""fixed"", ""thr"": 0.5}, {""fold"": ""test=BW"", ""src"": ""fixed"", ""thr"": 0.5}]",39.9,"one culture per strain x analyte: no grouped inner CV, default hyperparameters"
T1,native,loso,all,analyte,F2,hgb,macro_f1,0.0588,0.0188,0.092,,,,,590,40,1000,295,fixed,"[{""fold"": ""test=536"", ""src"": ""fixed"", ""thr"": 0.5}, {""fold"": ""test=BW"", ""src"": ""fixed"", ""thr"": 0.5}]",39.9,"one culture per strain x analyte: no grouped inner CV, default hyperparameters"
T1,native,loso,all,analyte,F2,hgb,accuracy,0.0864,0.0263,0.1709,0.0847,,,,590,40,1000,295,fixed,"[{""fold"": ""test=536"", ""src"": ""fixed"", ""thr"": 0.5}, {""fold"": ""test=BW"", ""src"": ""fixed"", ""thr"": 0.5}]",39.9,"one culture per strain x analyte: no grouped inner CV, default hyperparameters"
T1,native,loso,all@culture,analyte,F2,hgb,bal_acc,0.075,0.0,0.125,0.05,,,,40,40,1000,295,fixed,"[{""fold"": ""test=536"", ""src"": ""fixed"", ""thr"": 0.5}, {""fold"": ""test=BW"", ""src"": ""fixed"", ""thr"": 0.5}]",39.9,"one culture per strain x analyte: no grouped inner CV, default hyperparameters"
T1,native,loso,all@culture,analyte,F2,hgb,macro_f1,0.0591,0.0,0.0882,,,,,40,40,1000,295,fixed,"[{""fold"": ""test=536"", ""src"": ""fixed"", ""thr"": 0.5}, {""fold"": ""test=BW"", ""src"": ""fixed"", ""thr"": 0.5}]",39.9,"one culture per strain x analyte: no grouped inner CV, default hyperparameters"
T1,native,loso,all@culture,analyte,F2,hgb,accuracy,0.075,0.0,0.175,,,,,40,40,1000,295,fixed,"[{""fold"": ""test=536"", ""src"": ""fixed"", ""thr"": 0.5}, {""fold"": ""test=BW"", ""src"": ""fixed"", ""thr"": 0.5}]",39.9,"one culture per strain x analyte: no grouped inner CV, default hyperparameters"
T1,native,loso,test=536,analyte,F2,hgb,bal_acc,0.075,0.0091,0.13,0.05,,,,200,20,1000,295,fixed,"[{""fold"": ""test=536"", ""src"": ""fixed"", ""thr"": 0.5}, {""fold"": ""test=BW"", ""src"": ""fixed"", ""thr"": 0.5}]",39.9,"one culture per strain x analyte: no grouped inner CV, default hyperparameters"
T1,native,loso,test=536,analyte,F2,hgb,macro_f1,0.0437,0.0088,0.1026,,,,,200,20,1000,295,fixed,"[{""fold"": ""test=536"", ""src"": ""fixed"", ""thr"": 0.5}, {""fold"": ""test=BW"", ""src"": ""fixed"", ""thr"": 0.5}]",39.9,"one culture per strain x analyte: no grouped inner CV, default hyperparameters"
T1,native,loso,test=536,analyte,F2,hgb,accuracy,0.075,0.01,0.1851,0.05,,,,200,20,1000,295,fixed,"[{""fold"": ""test=536"", ""src"": ""fixed"", ""thr"": 0.5}, {""fold"": ""test=BW"", ""src"": ""fixed"", ""thr"": 0.5}]",39.9,"one culture per strain x analyte: no grouped inner CV, default hyperparameters"
T1,native,loso,test=BW,analyte,F2,hgb,bal_acc,0.09,0.0154,0.15,0.05,,,,390,20,1000,295,fixed,"[{""fold"": ""test=536"", ""src"": ""fixed"", ""thr"": 0.5}, {""fold"": ""test=BW"", ""src"": ""fixed"", ""thr"": 0.5}]",39.9,"one culture per strain x analyte: no grouped inner CV, default hyperparameters"
T1,native,loso,test=BW,analyte,F2,hgb,macro_f1,0.0662,0.0102,0.1408,,,,,390,20,1000,295,fixed,"[{""fold"": ""test=536"", ""src"": ""fixed"", ""thr"": 0.5}, {""fold"": ""test=BW"", ""src"": ""fixed"", ""thr"": 0.5}]",39.9,"one culture per strain x analyte: no grouped inner CV, default hyperparameters"
T1,native,loso,test=BW,analyte,F2,hgb,accuracy,0.0923,0.0105,0.2053,0.1026,,,,390,20,1000,295,fixed,"[{""fold"": ""test=536"", ""src"": ""fixed"", ""thr"": 0.5}, {""fold"": ""test=BW"", ""src"": ""fixed"", ""thr"": 0.5}]",39.9,"one culture per strain x analyte: no grouped inner CV, default hyperparameters"
T1,native,loso,all,analyte,F2,knn,bal_acc,0.1283,0.0588,0.1671,0.05,,,,590,40,1000,295,default,"[{""fold"": ""test=536"", ""k"": 5, ""src"": ""default"", ""thr"": 0.5}, {""fold"": ""test=BW"", ""k"": 5, ""src"": ""default"", ""thr"": 0.5}]",1.84,"one culture per strain x analyte: no grouped inner CV, default hyperparameters"
T1,native,loso,all,analyte,F2,knn,macro_f1,0.0898,0.0365,0.1349,,,,,590,40,1000,295,default,"[{""fold"": ""test=536"", ""k"": 5, ""src"": ""default"", ""thr"": 0.5}, {""fold"": ""test=BW"", ""k"": 5, ""src"": ""default"", ""thr"": 0.5}]",1.84,"one culture per strain x analyte: no grouped inner CV, default hyperparameters"
T1,native,loso,all,analyte,F2,knn,accuracy,0.1136,0.0357,0.2194,0.0847,,,,590,40,1000,295,default,"[{""fold"": ""test=536"", ""k"": 5, ""src"": ""default"", ""thr"": 0.5}, {""fold"": ""test=BW"", ""k"": 5, ""src"": ""default"", ""thr"": 0.5}]",1.84,"one culture per strain x analyte: no grouped inner CV, default hyperparameters"
T1,native,loso,all@culture,analyte,F2,knn,bal_acc,0.15,0.0625,0.1875,0.05,,,,40,40,1000,295,default,"[{""fold"": ""test=536"", ""k"": 5, ""src"": ""default"", ""thr"": 0.5}, {""fold"": ""test=BW"", ""k"": 5, ""src"": ""default"", ""thr"": 0.5}]",1.84,"one culture per strain x analyte: no grouped inner CV, default hyperparameters"
T1,native,loso,all@culture,analyte,F2,knn,macro_f1,0.11,0.0536,0.1569,,,,,40,40,1000,295,default,"[{""fold"": ""test=536"", ""k"": 5, ""src"": ""default"", ""thr"": 0.5}, {""fold"": ""test=BW"", ""k"": 5, ""src"": ""default"", ""thr"": 0.5}]",1.84,"one culture per strain x analyte: no grouped inner CV, default hyperparameters"
T1,native,loso,all@culture,analyte,F2,knn,accuracy,0.15,0.05,0.275,,,,,40,40,1000,295,default,"[{""fold"": ""test=536"", ""k"": 5, ""src"": ""default"", ""thr"": 0.5}, {""fold"": ""test=BW"", ""k"": 5, ""src"": ""default"", ""thr"": 0.5}]",1.84,"one culture per strain x analyte: no grouped inner CV, default hyperparameters"
T1,native,loso,test=536,analyte,F2,knn,bal_acc,0.13,0.0,0.2167,0.05,,,,200,20,1000,295,default,"[{""fold"": ""test=536"", ""k"": 5, ""src"": ""default"", ""thr"": 0.5}, {""fold"": ""test=BW"", ""k"": 5, ""src"": ""default"", ""thr"": 0.5}]",1.84,"one culture per strain x analyte: no grouped inner CV, default hyperparameters"
T1,native,loso,test=536,analyte,F2,knn,macro_f1,0.0933,0.0,0.193,,,,,200,20,1000,295,default,"[{""fold"": ""test=536"", ""k"": 5, ""src"": ""default"", ""thr"": 0.5}, {""fold"": ""test=BW"", ""k"": 5, ""src"": ""default"", ""thr"": 0.5}]",1.84,"one culture per strain x analyte: no grouped inner CV, default hyperparameters"
T1,native,loso,test=536,analyte,F2,knn,accuracy,0.13,0.0,0.28,0.05,,,,200,20,1000,295,default,"[{""fold"": ""test=536"", ""k"": 5, ""src"": ""default"", ""thr"": 0.5}, {""fold"": ""test=BW"", ""k"": 5, ""src"": ""default"", ""thr"": 0.5}]",1.84,"one culture per strain x analyte: no grouped inner CV, default hyperparameters"
T1,native,loso,test=BW,analyte,F2,knn,bal_acc,0.1275,0.0,0.2125,0.05,,,,390,20,1000,295,default,"[{""fold"": ""test=536"", ""k"": 5, ""src"": ""default"", ""thr"": 0.5}, {""fold"": ""test=BW"", ""k"": 5, ""src"": ""default"", ""thr"": 0.5}]",1.84,"one culture per strain x analyte: no grouped inner CV, default hyperparameters"
T1,native,loso,test=BW,analyte,F2,knn,macro_f1,0.0928,0.0,0.1938,,,,,390,20,1000,295,default,"[{""fold"": ""test=536"", ""k"": 5, ""src"": ""default"", ""thr"": 0.5}, {""fold"": ""test=BW"", ""k"": 5, ""src"": ""default"", ""thr"": 0.5}]",1.84,"one culture per strain x analyte: no grouped inner CV, default hyperparameters"
T1,native,loso,test=BW,analyte,F2,knn,accuracy,0.1051,0.0,0.2405,0.1026,,,,390,20,1000,295,default,"[{""fold"": ""test=536"", ""k"": 5, ""src"": ""default"", ""thr"": 0.5}, {""fold"": ""test=BW"", ""k"": 5, ""src"": ""default"", ""thr"": 0.5}]",1.84,"one culture per strain x analyte: no grouped inner CV, default hyperparameters"
T1,native,loso,all,analyte,F3,majority,bal_acc,0.0433,0.0,0.1176,0.05,,,,590,40,1000,295,fixed,"[{""fold"": ""test=536"", ""src"": ""fixed"", ""thr"": 0.5}, {""fold"": ""test=BW"", ""src"": ""fixed"", ""thr"": 0.5}]",1.75,"one culture per strain x analyte: no grouped inner CV, default hyperparameters"
T1,native,loso,all,analyte,F3,majority,macro_f1,0.0088,0.0,0.0245,,,,,590,40,1000,295,fixed,"[{""fold"": ""test=536"", ""src"": ""fixed"", ""thr"": 0.5}, {""fold"": ""test=BW"", ""src"": ""fixed"", ""thr"": 0.5}]",1.75,"one culture per strain x analyte: no grouped inner CV, default hyperparameters"
T1,native,loso,all,analyte,F3,majority,accuracy,0.0508,0.0,0.1321,0.0847,,,,590,40,1000,295,fixed,"[{""fold"": ""test=536"", ""src"": ""fixed"", ""thr"": 0.5}, {""fold"": ""test=BW"", ""src"": ""fixed"", ""thr"": 0.5}]",1.75,"one culture per strain x analyte: no grouped inner CV, default hyperparameters"
T1,native,loso,all@culture,analyte,F3,majority,bal_acc,0.05,0.0,0.1111,0.05,,,,40,40,1000,295,fixed,"[{""fold"": ""test=536"", ""src"": ""fixed"", ""thr"": 0.5}, {""fold"": ""test=BW"", ""src"": ""fixed"", ""thr"": 0.5}]",1.75,"one culture per strain x analyte: no grouped inner CV, default hyperparameters"
T1,native,loso,all@culture,analyte,F3,majority,macro_f1,0.0091,0.0,0.0249,,,,,40,40,1000,295,fixed,"[{""fold"": ""test=536"", ""src"": ""fixed"", ""thr"": 0.5}, {""fold"": ""test=BW"", ""src"": ""fixed"", ""thr"": 0.5}]",1.75,"one culture per strain x analyte: no grouped inner CV, default hyperparameters"
T1,native,loso,all@culture,analyte,F3,majority,accuracy,0.05,0.0,0.125,,,,,40,40,1000,295,fixed,"[{""fold"": ""test=536"", ""src"": ""fixed"", ""thr"": 0.5}, {""fold"": ""test=BW"", ""src"": ""fixed"", ""thr"": 0.5}]",1.75,"one culture per strain x analyte: no grouped inner CV, default hyperparameters"
T1,native,loso,test=536,analyte,F3,majority,bal_acc,0.05,0.0,0.1,0.05,,,,200,20,1000,295,fixed,"[{""fold"": ""test=536"", ""src"": ""fixed"", ""thr"": 0.5}, {""fold"": ""test=BW"", ""src"": ""fixed"", ""thr"": 0.5}]",1.75,"one culture per strain x analyte: no grouped inner CV, default hyperparameters"
T1,native,loso,test=536,analyte,F3,majority,macro_f1,0.0048,0.0,0.0237,,,,,200,20,1000,295,fixed,"[{""fold"": ""test=536"", ""src"": ""fixed"", ""thr"": 0.5}, {""fold"": ""test=BW"", ""src"": ""fixed"", ""thr"": 0.5}]",1.75,"one culture per strain x analyte: no grouped inner CV, default hyperparameters"
T1,native,loso,test=536,analyte,F3,majority,accuracy,0.05,0.0,0.15,0.05,,,,200,20,1000,295,fixed,"[{""fold"": ""test=536"", ""src"": ""fixed"", ""thr"": 0.5}, {""fold"": ""test=BW"", ""src"": ""fixed"", ""thr"": 0.5}]",1.75,"one culture per strain x analyte: no grouped inner CV, default hyperparameters"
T1,native,loso,test=BW,analyte,F3,majority,bal_acc,0.05,0.0,0.1,0.05,,,,390,20,1000,295,fixed,"[{""fold"": ""test=536"", ""src"": ""fixed"", ""thr"": 0.5}, {""fold"": ""test=BW"", ""src"": ""fixed"", ""thr"": 0.5}]",1.75,"one culture per strain x analyte: no grouped inner CV, default hyperparameters"
T1,native,loso,test=BW,analyte,F3,majority,macro_f1,0.0049,0.0,0.026,,,,,390,20,1000,295,fixed,"[{""fold"": ""test=536"", ""src"": ""fixed"", ""thr"": 0.5}, {""fold"": ""test=BW"", ""src"": ""fixed"", ""thr"": 0.5}]",1.75,"one culture per strain x analyte: no grouped inner CV, default hyperparameters"
T1,native,loso,test=BW,analyte,F3,majority,accuracy,0.0513,0.0,0.1668,0.1026,,,,390,20,1000,295,fixed,"[{""fold"": ""test=536"", ""src"": ""fixed"", ""thr"": 0.5}, {""fold"": ""test=BW"", ""src"": ""fixed"", ""thr"": 0.5}]",1.75,"one culture per strain x analyte: no grouped inner CV, default hyperparameters"
T1,native,loso,all,analyte,F3,lr,bal_acc,0.1325,0.0611,0.2105,0.05,,,,590,40,1000,295,default,"[{""fold"": ""test=536"", ""C"": 0.1, ""src"": ""default"", ""thr"": 0.5}, {""fold"": ""test=BW"", ""C"": 0.1, ""src"": ""default"", ""thr"": 0.5}]",2.42,"one culture per strain x analyte: no grouped inner CV, default hyperparameters"
T1,native,loso,all,analyte,F3,lr,macro_f1,0.1125,0.0355,0.1729,,,,,590,40,1000,295,default,"[{""fold"": ""test=536"", ""C"": 0.1, ""src"": ""default"", ""thr"": 0.5}, {""fold"": ""test=BW"", ""C"": 0.1, ""src"": ""default"", ""thr"": 0.5}]",2.42,"one culture per strain x analyte: no grouped inner CV, default hyperparameters"
T1,native,loso,all,analyte,F3,lr,accuracy,0.1322,0.0404,0.2525,0.0847,,,,590,40,1000,295,default,"[{""fold"": ""test=536"", ""C"": 0.1, ""src"": ""default"", ""thr"": 0.5}, {""fold"": ""test=BW"", ""C"": 0.1, ""src"": ""default"", ""thr"": 0.5}]",2.42,"one culture per strain x analyte: no grouped inner CV, default hyperparameters"
T1,native,loso,all@culture,analyte,F3,lr,bal_acc,0.15,0.0588,0.2222,0.05,,,,40,40,1000,295,default,"[{""fold"": ""test=536"", ""C"": 0.1, ""src"": ""default"", ""thr"": 0.5}, {""fold"": ""test=BW"", ""C"": 0.1, ""src"": ""default"", ""thr"": 0.5}]",2.42,"one culture per strain x analyte: no grouped inner CV, default hyperparameters"
T1,native,loso,all@culture,analyte,F3,lr,macro_f1,0.1154,0.0325,0.1737,,,,,40,40,1000,295,default,"[{""fold"": ""test=536"", ""C"": 0.1, ""src"": ""default"", ""thr"": 0.5}, {""fold"": ""test=BW"", ""C"": 0.1, ""src"": ""default"", ""thr"": 0.5}]",2.42,"one culture per strain x analyte: no grouped inner CV, default hyperparameters"
T1,native,loso,all@culture,analyte,F3,lr,accuracy,0.15,0.05,0.275,,,,,40,40,1000,295,default,"[{""fold"": ""test=536"", ""C"": 0.1, ""src"": ""default"", ""thr"": 0.5}, {""fold"": ""test=BW"", ""C"": 0.1, ""src"": ""default"", ""thr"": 0.5}]",2.42,"one culture per strain x analyte: no grouped inner CV, default hyperparameters"
T1,native,loso,test=536,analyte,F3,lr,bal_acc,0.185,0.0615,0.3083,0.05,,,,200,20,1000,295,default,"[{""fold"": ""test=536"", ""C"": 0.1, ""src"": ""default"", ""thr"": 0.5}, {""fold"": ""test=BW"", ""C"": 0.1, ""src"": ""default"", ""thr"": 0.5}]",2.42,"one culture per strain x analyte: no grouped inner CV, default hyperparameters"
T1,native,loso,test=536,analyte,F3,lr,macro_f1,0.1359,0.0282,0.2573,,,,,200,20,1000,295,default,"[{""fold"": ""test=536"", ""C"": 0.1, ""src"": ""default"", ""thr"": 0.5}, {""fold"": ""test=BW"", ""C"": 0.1, ""src"": ""default"", ""thr"": 0.5}]",2.42,"one culture per strain x analyte: no grouped inner CV, default hyperparameters"
T1,native,loso,test=536,analyte,F3,lr,accuracy,0.185,0.04,0.37,0.05,,,,200,20,1000,295,default,"[{""fold"": ""test=536"", ""C"": 0.1, ""src"": ""default"", ""thr"": 0.5}, {""fold"": ""test=BW"", ""C"": 0.1, ""src"": ""default"", ""thr"": 0.5}]",2.42,"one culture per strain x analyte: no grouped inner CV, default hyperparameters"
T1,native,loso,test=BW,analyte,F3,lr,bal_acc,0.11,0.0,0.19,0.05,,,,390,20,1000,295,default,"[{""fold"": ""test=536"", ""C"": 0.1, ""src"": ""default"", ""thr"": 0.5}, {""fold"": ""test=BW"", ""C"": 0.1, ""src"": ""default"", ""thr"": 0.5}]",2.42,"one culture per strain x analyte: no grouped inner CV, default hyperparameters"
T1,native,loso,test=BW,analyte,F3,lr,macro_f1,0.0848,0.0,0.1627,,,,,390,20,1000,295,default,"[{""fold"": ""test=536"", ""C"": 0.1, ""src"": ""default"", ""thr"": 0.5}, {""fold"": ""test=BW"", ""C"": 0.1, ""src"": ""default"", ""thr"": 0.5}]",2.42,"one culture per strain x analyte: no grouped inner CV, default hyperparameters"
T1,native,loso,test=BW,analyte,F3,lr,accuracy,0.1051,0.0,0.2595,0.1026,,,,390,20,1000,295,default,"[{""fold"": ""test=536"", ""C"": 0.1, ""src"": ""default"", ""thr"": 0.5}, {""fold"": ""test=BW"", ""C"": 0.1, ""src"": ""default"", ""thr"": 0.5}]",2.42,"one culture per strain x analyte: no grouped inner CV, default hyperparameters"
T1,native,loso,all,analyte,F3,pca_lr,bal_acc,0.1342,0.064,0.2127,0.05,,,,590,40,1000,295,default,"[{""fold"": ""test=536"", ""C"": 0.1, ""src"": ""default"", ""thr"": 0.5}, {""fold"": ""test=BW"", ""C"": 0.1, ""src"": ""default"", ""thr"": 0.5}]",1.96,"one culture per strain x analyte: no grouped inner CV, default hyperparameters"
T1,native,loso,all,analyte,F3,pca_lr,macro_f1,0.1148,0.0417,0.1738,,,,,590,40,1000,295,default,"[{""fold"": ""test=536"", ""C"": 0.1, ""src"": ""default"", ""thr"": 0.5}, {""fold"": ""test=BW"", ""C"": 0.1, ""src"": ""default"", ""thr"": 0.5}]",1.96,"one culture per strain x analyte: no grouped inner CV, default hyperparameters"
T1,native,loso,all,analyte,F3,pca_lr,accuracy,0.1339,0.0438,0.25,0.0847,,,,590,40,1000,295,default,"[{""fold"": ""test=536"", ""C"": 0.1, ""src"": ""default"", ""thr"": 0.5}, {""fold"": ""test=BW"", ""C"": 0.1, ""src"": ""default"", ""thr"": 0.5}]",1.96,"one culture per strain x analyte: no grouped inner CV, default hyperparameters"
T1,native,loso,all@culture,analyte,F3,pca_lr,bal_acc,0.15,0.0588,0.2222,0.05,,,,40,40,1000,295,default,"[{""fold"": ""test=536"", ""C"": 0.1, ""src"": ""default"", ""thr"": 0.5}, {""fold"": ""test=BW"", ""C"": 0.1, ""src"": ""default"", ""thr"": 0.5}]",1.96,"one culture per strain x analyte: no grouped inner CV, default hyperparameters"
T1,native,loso,all@culture,analyte,F3,pca_lr,macro_f1,0.1167,0.0327,0.1775,,,,,40,40,1000,295,default,"[{""fold"": ""test=536"", ""C"": 0.1, ""src"": ""default"", ""thr"": 0.5}, {""fold"": ""test=BW"", ""C"": 0.1, ""src"": ""default"", ""thr"": 0.5}]",1.96,"one culture per strain x analyte: no grouped inner CV, default hyperparameters"
T1,native,loso,all@culture,analyte,F3,pca_lr,accuracy,0.15,0.05,0.275,,,,,40,40,1000,295,default,"[{""fold"": ""test=536"", ""C"": 0.1, ""src"": ""default"", ""thr"": 0.5}, {""fold"": ""test=BW"", ""C"": 0.1, ""src"": ""default"", ""thr"": 0.5}]",1.96,"one culture per strain x analyte: no grouped inner CV, default hyperparameters"
T1,native,loso,test=536,analyte,F3,pca_lr,bal_acc,0.185,0.0643,0.3083,0.05,,,,200,20,1000,295,default,"[{""fold"": ""test=536"", ""C"": 0.1, ""src"": ""default"", ""thr"": 0.5}, {""fold"": ""test=BW"", ""C"": 0.1, ""src"": ""default"", ""thr"": 0.5}]",1.96,"one culture per strain x analyte: no grouped inner CV, default hyperparameters"
T1,native,loso,test=536,analyte,F3,pca_lr,macro_f1,0.1358,0.028,0.254,,,,,200,20,1000,295,default,"[{""fold"": ""test=536"", ""C"": 0.1, ""src"": ""default"", ""thr"": 0.5}, {""fold"": ""test=BW"", ""C"": 0.1, ""src"": ""default"", ""thr"": 0.5}]",1.96,"one culture per strain x analyte: no grouped inner CV, default hyperparameters"
T1,native,loso,test=536,analyte,F3,pca_lr,accuracy,0.185,0.04,0.365,0.05,,,,200,20,1000,295,default,"[{""fold"": ""test=536"", ""C"": 0.1, ""src"": ""default"", ""thr"": 0.5}, {""fold"": ""test=BW"", ""C"": 0.1, ""src"": ""default"", ""thr"": 0.5}]",1.96,"one culture per strain x analyte: no grouped inner CV, default hyperparameters"
T1,native,loso,test=BW,analyte,F3,pca_lr,bal_acc,0.1125,0.0091,0.195,0.05,,,,390,20,1000,295,default,"[{""fold"": ""test=536"", ""C"": 0.1, ""src"": ""default"", ""thr"": 0.5}, {""fold"": ""test=BW"", ""C"": 0.1, ""src"": ""default"", ""thr"": 0.5}]",1.96,"one culture per strain x analyte: no grouped inner CV, default hyperparameters"
T1,native,loso,test=BW,analyte,F3,pca_lr,macro_f1,0.0931,0.0157,0.173,,,,,390,20,1000,295,default,"[{""fold"": ""test=536"", ""C"": 0.1, ""src"": ""default"", ""thr"": 0.5}, {""fold"": ""test=BW"", ""C"": 0.1, ""src"": ""default"", ""thr"": 0.5}]",1.96,"one culture per strain x analyte: no grouped inner CV, default hyperparameters"
T1,native,loso,test=BW,analyte,F3,pca_lr,accuracy,0.1077,0.0056,0.2595,0.1026,,,,390,20,1000,295,default,"[{""fold"": ""test=536"", ""C"": 0.1, ""src"": ""default"", ""thr"": 0.5}, {""fold"": ""test=BW"", ""C"": 0.1, ""src"": ""default"", ""thr"": 0.5}]",1.96,"one culture per strain x analyte: no grouped inner CV, default hyperparameters"
T1,native,loso,all,analyte,F3,plsda,bal_acc,0.1058,0.0391,0.1778,0.05,,,,590,40,1000,295,default,"[{""fold"": ""test=536"", ""n"": 10, ""src"": ""default"", ""thr"": 0.5}, {""fold"": ""test=BW"", ""n"": 10, ""src"": ""default"", ""thr"": 0.5}]",1.95,"one culture per strain x analyte: no grouped inner CV, default hyperparameters"
T1,native,loso,all,analyte,F3,plsda,macro_f1,0.0969,0.037,0.1464,,,,,590,40,1000,295,default,"[{""fold"": ""test=536"", ""n"": 10, ""src"": ""default"", ""thr"": 0.5}, {""fold"": ""test=BW"", ""n"": 10, ""src"": ""default"", ""thr"": 0.5}]",1.95,"one culture per strain x analyte: no grouped inner CV, default hyperparameters"
T1,native,loso,all,analyte,F3,plsda,accuracy,0.1068,0.0216,0.2018,0.0847,,,,590,40,1000,295,default,"[{""fold"": ""test=536"", ""n"": 10, ""src"": ""default"", ""thr"": 0.5}, {""fold"": ""test=BW"", ""n"": 10, ""src"": ""default"", ""thr"": 0.5}]",1.95,"one culture per strain x analyte: no grouped inner CV, default hyperparameters"
T1,native,loso,all@culture,analyte,F3,plsda,bal_acc,0.125,0.0556,0.1875,0.05,,,,40,40,1000,295,default,"[{""fold"": ""test=536"", ""n"": 10, ""src"": ""default"", ""thr"": 0.5}, {""fold"": ""test=BW"", ""n"": 10, ""src"": ""default"", ""thr"": 0.5}]",1.95,"one culture per strain x analyte: no grouped inner CV, default hyperparameters"
T1,native,loso,all@culture,analyte,F3,plsda,macro_f1,0.09,0.0294,0.1448,,,,,40,40,1000,295,default,"[{""fold"": ""test=536"", ""n"": 10, ""src"": ""default"", ""thr"": 0.5}, {""fold"": ""test=BW"", ""n"": 10, ""src"": ""default"", ""thr"": 0.5}]",1.95,"one culture per strain x analyte: no grouped inner CV, default hyperparameters"
T1,native,loso,all@culture,analyte,F3,plsda,accuracy,0.125,0.025,0.25,,,,,40,40,1000,295,default,"[{""fold"": ""test=536"", ""n"": 10, ""src"": ""default"", ""thr"": 0.5}, {""fold"": ""test=BW"", ""n"": 10, ""src"": ""default"", ""thr"": 0.5}]",1.95,"one culture per strain x analyte: no grouped inner CV, default hyperparameters"
T1,native,loso,test=536,analyte,F3,plsda,bal_acc,0.155,0.0077,0.2583,0.05,,,,200,20,1000,295,default,"[{""fold"": ""test=536"", ""n"": 10, ""src"": ""default"", ""thr"": 0.5}, {""fold"": ""test=BW"", ""n"": 10, ""src"": ""default"", ""thr"": 0.5}]",1.95,"one culture per strain x analyte: no grouped inner CV, default hyperparameters"
T1,native,loso,test=536,analyte,F3,plsda,macro_f1,0.0871,0.0039,0.2002,,,,,200,20,1000,295,default,"[{""fold"": ""test=536"", ""n"": 10, ""src"": ""default"", ""thr"": 0.5}, {""fold"": ""test=BW"", ""n"": 10, ""src"": ""default"", ""thr"": 0.5}]",1.95,"one culture per strain x analyte: no grouped inner CV, default hyperparameters"
T1,native,loso,test=536,analyte,F3,plsda,accuracy,0.155,0.005,0.3159,0.05,,,,200,20,1000,295,default,"[{""fold"": ""test=536"", ""n"": 10, ""src"": ""default"", ""thr"": 0.5}, {""fold"": ""test=BW"", ""n"": 10, ""src"": ""default"", ""thr"": 0.5}]",1.95,"one culture per strain x analyte: no grouped inner CV, default hyperparameters"
T1,native,loso,test=BW,analyte,F3,plsda,bal_acc,0.0825,0.0,0.15,0.05,,,,390,20,1000,295,default,"[{""fold"": ""test=536"", ""n"": 10, ""src"": ""default"", ""thr"": 0.5}, {""fold"": ""test=BW"", ""n"": 10, ""src"": ""default"", ""thr"": 0.5}]",1.95,"one culture per strain x analyte: no grouped inner CV, default hyperparameters"
T1,native,loso,test=BW,analyte,F3,plsda,macro_f1,0.0946,0.0,0.171,,,,,390,20,1000,295,default,"[{""fold"": ""test=536"", ""n"": 10, ""src"": ""default"", ""thr"": 0.5}, {""fold"": ""test=BW"", ""n"": 10, ""src"": ""default"", ""thr"": 0.5}]",1.95,"one culture per strain x analyte: no grouped inner CV, default hyperparameters"
T1,native,loso,test=BW,analyte,F3,plsda,accuracy,0.0821,0.0,0.2115,0.1026,,,,390,20,1000,295,default,"[{""fold"": ""test=536"", ""n"": 10, ""src"": ""default"", ""thr"": 0.5}, {""fold"": ""test=BW"", ""n"": 10, ""src"": ""default"", ""thr"": 0.5}]",1.95,"one culture per strain x analyte: no grouped inner CV, default hyperparameters"
T1,native,loso,all,analyte,F3,ncm,bal_acc,0.19,0.1111,0.2533,0.05,,,,590,40,1000,295,fixed,"[{""fold"": ""test=536"", ""src"": ""fixed"", ""thr"": 0.5}, {""fold"": ""test=BW"", ""src"": ""fixed"", ""thr"": 0.5}]",1.77,"one culture per strain x analyte: no grouped inner CV, default hyperparameters"
T1,native,loso,all,analyte,F3,ncm,macro_f1,0.1375,0.0735,0.1945,,,,,590,40,1000,295,fixed,"[{""fold"": ""test=536"", ""src"": ""fixed"", ""thr"": 0.5}, {""fold"": ""test=BW"", ""src"": ""fixed"", ""thr"": 0.5}]",1.77,"one culture per strain x analyte: no grouped inner CV, default hyperparameters"
T1,native,loso,all,analyte,F3,ncm,accuracy,0.1763,0.0666,0.3173,0.0847,,,,590,40,1000,295,fixed,"[{""fold"": ""test=536"", ""src"": ""fixed"", ""thr"": 0.5}, {""fold"": ""test=BW"", ""src"": ""fixed"", ""thr"": 0.5}]",1.77,"one culture per strain x analyte: no grouped inner CV, default hyperparameters"
T1,native,loso,all@culture,analyte,F3,ncm,bal_acc,0.175,0.0882,0.2353,0.05,,,,40,40,1000,295,fixed,"[{""fold"": ""test=536"", ""src"": ""fixed"", ""thr"": 0.5}, {""fold"": ""test=BW"", ""src"": ""fixed"", ""thr"": 0.5}]",1.77,"one culture per strain x analyte: no grouped inner CV, default hyperparameters"
T1,native,loso,all@culture,analyte,F3,ncm,macro_f1,0.1186,0.0571,0.1773,,,,,40,40,1000,295,fixed,"[{""fold"": ""test=536"", ""src"": ""fixed"", ""thr"": 0.5}, {""fold"": ""test=BW"", ""src"": ""fixed"", ""thr"": 0.5}]",1.77,"one culture per strain x analyte: no grouped inner CV, default hyperparameters"
T1,native,loso,all@culture,analyte,F3,ncm,accuracy,0.175,0.0744,0.3,,,,,40,40,1000,295,fixed,"[{""fold"": ""test=536"", ""src"": ""fixed"", ""thr"": 0.5}, {""fold"": ""test=BW"", ""src"": ""fixed"", ""thr"": 0.5}]",1.77,"one culture per strain x analyte: no grouped inner CV, default hyperparameters"
T1,native,loso,test=536,analyte,F3,ncm,bal_acc,0.17,0.0333,0.2833,0.05,,,,200,20,1000,295,fixed,"[{""fold"": ""test=536"", ""src"": ""fixed"", ""thr"": 0.5}, {""fold"": ""test=BW"", ""src"": ""fixed"", ""thr"": 0.5}]",1.77,"one culture per strain x analyte: no grouped inner CV, default hyperparameters"
T1,native,loso,test=536,analyte,F3,ncm,macro_f1,0.1212,0.0256,0.2313,,,,,200,20,1000,295,fixed,"[{""fold"": ""test=536"", ""src"": ""fixed"", ""thr"": 0.5}, {""fold"": ""test=BW"", ""src"": ""fixed"", ""thr"": 0.5}]",1.77,"one culture per strain x analyte: no grouped inner CV, default hyperparameters"
T1,native,loso,test=536,analyte,F3,ncm,accuracy,0.17,0.02,0.32,0.05,,,,200,20,1000,295,fixed,"[{""fold"": ""test=536"", ""src"": ""fixed"", ""thr"": 0.5}, {""fold"": ""test=BW"", ""src"": ""fixed"", ""thr"": 0.5}]",1.77,"one culture per strain x analyte: no grouped inner CV, default hyperparameters"
T1,native,loso,test=BW,analyte,F3,ncm,bal_acc,0.2,0.0714,0.3333,0.05,,,,390,20,1000,295,fixed,"[{""fold"": ""test=536"", ""src"": ""fixed"", ""thr"": 0.5}, {""fold"": ""test=BW"", ""src"": ""fixed"", ""thr"": 0.5}]",1.77,"one culture per strain x analyte: no grouped inner CV, default hyperparameters"
T1,native,loso,test=BW,analyte,F3,ncm,macro_f1,0.1588,0.0319,0.2887,,,,,390,20,1000,295,fixed,"[{""fold"": ""test=536"", ""src"": ""fixed"", ""thr"": 0.5}, {""fold"": ""test=BW"", ""src"": ""fixed"", ""thr"": 0.5}]",1.77,"one culture per strain x analyte: no grouped inner CV, default hyperparameters"
T1,native,loso,test=BW,analyte,F3,ncm,accuracy,0.1795,0.0277,0.3684,0.1026,,,,390,20,1000,295,fixed,"[{""fold"": ""test=536"", ""src"": ""fixed"", ""thr"": 0.5}, {""fold"": ""test=BW"", ""src"": ""fixed"", ""thr"": 0.5}]",1.77,"one culture per strain x analyte: no grouped inner CV, default hyperparameters"
T1,native,loso,all,analyte,F3,hgb,bal_acc,0.0842,0.0403,0.1325,0.05,,,,590,40,1000,295,fixed,"[{""fold"": ""test=536"", ""src"": ""fixed"", ""thr"": 0.5}, {""fold"": ""test=BW"", ""src"": ""fixed"", ""thr"": 0.5}]",35.14,"one culture per strain x analyte: no grouped inner CV, default hyperparameters"
T1,native,loso,all,analyte,F3,hgb,macro_f1,0.0674,0.0303,0.1115,,,,,590,40,1000,295,fixed,"[{""fold"": ""test=536"", ""src"": ""fixed"", ""thr"": 0.5}, {""fold"": ""test=BW"", ""src"": ""fixed"", ""thr"": 0.5}]",35.14,"one culture per strain x analyte: no grouped inner CV, default hyperparameters"
T1,native,loso,all,analyte,F3,hgb,accuracy,0.078,0.0264,0.1455,0.0847,,,,590,40,1000,295,fixed,"[{""fold"": ""test=536"", ""src"": ""fixed"", ""thr"": 0.5}, {""fold"": ""test=BW"", ""src"": ""fixed"", ""thr"": 0.5}]",35.14,"one culture per strain x analyte: no grouped inner CV, default hyperparameters"
T1,native,loso,all@culture,analyte,F3,hgb,bal_acc,0.1,0.0278,0.1667,0.05,,,,40,40,1000,295,fixed,"[{""fold"": ""test=536"", ""src"": ""fixed"", ""thr"": 0.5}, {""fold"": ""test=BW"", ""src"": ""fixed"", ""thr"": 0.5}]",35.14,"one culture per strain x analyte: no grouped inner CV, default hyperparameters"
T1,native,loso,all@culture,analyte,F3,hgb,macro_f1,0.0533,0.0125,0.102,,,,,40,40,1000,295,fixed,"[{""fold"": ""test=536"", ""src"": ""fixed"", ""thr"": 0.5}, {""fold"": ""test=BW"", ""src"": ""fixed"", ""thr"": 0.5}]",35.14,"one culture per strain x analyte: no grouped inner CV, default hyperparameters"
T1,native,loso,all@culture,analyte,F3,hgb,accuracy,0.1,0.025,0.2,,,,,40,40,1000,295,fixed,"[{""fold"": ""test=536"", ""src"": ""fixed"", ""thr"": 0.5}, {""fold"": ""test=BW"", ""src"": ""fixed"", ""thr"": 0.5}]",35.14,"one culture per strain x analyte: no grouped inner CV, default hyperparameters"
T1,native,loso,test=536,analyte,F3,hgb,bal_acc,0.11,0.0308,0.1833,0.05,,,,200,20,1000,295,fixed,"[{""fold"": ""test=536"", ""src"": ""fixed"", ""thr"": 0.5}, {""fold"": ""test=BW"", ""src"": ""fixed"", ""thr"": 0.5}]",35.14,"one culture per strain x analyte: no grouped inner CV, default hyperparameters"
T1,native,loso,test=536,analyte,F3,hgb,macro_f1,0.0753,0.0201,0.1664,,,,,200,20,1000,295,fixed,"[{""fold"": ""test=536"", ""src"": ""fixed"", ""thr"": 0.5}, {""fold"": ""test=BW"", ""src"": ""fixed"", ""thr"": 0.5}]",35.14,"one culture per strain x analyte: no grouped inner CV, default hyperparameters"
T1,native,loso,test=536,analyte,F3,hgb,accuracy,0.11,0.02,0.22,0.05,,,,200,20,1000,295,fixed,"[{""fold"": ""test=536"", ""src"": ""fixed"", ""thr"": 0.5}, {""fold"": ""test=BW"", ""src"": ""fixed"", ""thr"": 0.5}]",35.14,"one culture per strain x analyte: no grouped inner CV, default hyperparameters"
T1,native,loso,test=BW,analyte,F3,hgb,bal_acc,0.065,0.0143,0.1083,0.05,,,,390,20,1000,295,fixed,"[{""fold"": ""test=536"", ""src"": ""fixed"", ""thr"": 0.5}, {""fold"": ""test=BW"", ""src"": ""fixed"", ""thr"": 0.5}]",35.14,"one culture per strain x analyte: no grouped inner CV, default hyperparameters"
T1,native,loso,test=BW,analyte,F3,hgb,macro_f1,0.0564,0.0182,0.1087,,,,,390,20,1000,295,fixed,"[{""fold"": ""test=536"", ""src"": ""fixed"", ""thr"": 0.5}, {""fold"": ""test=BW"", ""src"": ""fixed"", ""thr"": 0.5}]",35.14,"one culture per strain x analyte: no grouped inner CV, default hyperparameters"
T1,native,loso,test=BW,analyte,F3,hgb,accuracy,0.0615,0.0095,0.1474,0.1026,,,,390,20,1000,295,fixed,"[{""fold"": ""test=536"", ""src"": ""fixed"", ""thr"": 0.5}, {""fold"": ""test=BW"", ""src"": ""fixed"", ""thr"": 0.5}]",35.14,"one culture per strain x analyte: no grouped inner CV, default hyperparameters"
T1,native,loso,all,analyte,F3,knn,bal_acc,0.2,0.1159,0.2619,0.05,,,,590,40,1000,295,default,"[{""fold"": ""test=536"", ""k"": 5, ""src"": ""default"", ""thr"": 0.5}, {""fold"": ""test=BW"", ""k"": 5, ""src"": ""default"", ""thr"": 0.5}]",1.91,"one culture per strain x analyte: no grouped inner CV, default hyperparameters"
T1,native,loso,all,analyte,F3,knn,macro_f1,0.1406,0.0732,0.2018,,,,,590,40,1000,295,default,"[{""fold"": ""test=536"", ""k"": 5, ""src"": ""default"", ""thr"": 0.5}, {""fold"": ""test=BW"", ""k"": 5, ""src"": ""default"", ""thr"": 0.5}]",1.91,"one culture per strain x analyte: no grouped inner CV, default hyperparameters"
T1,native,loso,all,analyte,F3,knn,accuracy,0.1864,0.0757,0.3333,0.0847,,,,590,40,1000,295,default,"[{""fold"": ""test=536"", ""k"": 5, ""src"": ""default"", ""thr"": 0.5}, {""fold"": ""test=BW"", ""k"": 5, ""src"": ""default"", ""thr"": 0.5}]",1.91,"one culture per strain x analyte: no grouped inner CV, default hyperparameters"
T1,native,loso,all@culture,analyte,F3,knn,bal_acc,0.175,0.0882,0.2353,0.05,,,,40,40,1000,295,default,"[{""fold"": ""test=536"", ""k"": 5, ""src"": ""default"", ""thr"": 0.5}, {""fold"": ""test=BW"", ""k"": 5, ""src"": ""default"", ""thr"": 0.5}]",1.91,"one culture per strain x analyte: no grouped inner CV, default hyperparameters"
T1,native,loso,all@culture,analyte,F3,knn,macro_f1,0.121,0.0581,0.1797,,,,,40,40,1000,295,default,"[{""fold"": ""test=536"", ""k"": 5, ""src"": ""default"", ""thr"": 0.5}, {""fold"": ""test=BW"", ""k"": 5, ""src"": ""default"", ""thr"": 0.5}]",1.91,"one culture per strain x analyte: no grouped inner CV, default hyperparameters"
T1,native,loso,all@culture,analyte,F3,knn,accuracy,0.175,0.0744,0.3,,,,,40,40,1000,295,default,"[{""fold"": ""test=536"", ""k"": 5, ""src"": ""default"", ""thr"": 0.5}, {""fold"": ""test=BW"", ""k"": 5, ""src"": ""default"", ""thr"": 0.5}]",1.91,"one culture per strain x analyte: no grouped inner CV, default hyperparameters"
T1,native,loso,test=536,analyte,F3,knn,bal_acc,0.15,0.0,0.25,0.05,,,,200,20,1000,295,default,"[{""fold"": ""test=536"", ""k"": 5, ""src"": ""default"", ""thr"": 0.5}, {""fold"": ""test=BW"", ""k"": 5, ""src"": ""default"", ""thr"": 0.5}]",1.91,"one culture per strain x analyte: no grouped inner CV, default hyperparameters"
T1,native,loso,test=536,analyte,F3,knn,macro_f1,0.0987,0.0,0.2121,,,,,200,20,1000,295,default,"[{""fold"": ""test=536"", ""k"": 5, ""src"": ""default"", ""thr"": 0.5}, {""fold"": ""test=BW"", ""k"": 5, ""src"": ""default"", ""thr"": 0.5}]",1.91,"one culture per strain x analyte: no grouped inner CV, default hyperparameters"
T1,native,loso,test=536,analyte,F3,knn,accuracy,0.15,0.0,0.3,0.05,,,,200,20,1000,295,default,"[{""fold"": ""test=536"", ""k"": 5, ""src"": ""default"", ""thr"": 0.5}, {""fold"": ""test=BW"", ""k"": 5, ""src"": ""default"", ""thr"": 0.5}]",1.91,"one culture per strain x analyte: no grouped inner CV, default hyperparameters"
T1,native,loso,test=BW,analyte,F3,knn,bal_acc,0.225,0.0769,0.3636,0.05,,,,390,20,1000,295,default,"[{""fold"": ""test=536"", ""k"": 5, ""src"": ""default"", ""thr"": 0.5}, {""fold"": ""test=BW"", ""k"": 5, ""src"": ""default"", ""thr"": 0.5}]",1.91,"one culture per strain x analyte: no grouped inner CV, default hyperparameters"
T1,native,loso,test=BW,analyte,F3,knn,macro_f1,0.1733,0.0436,0.3056,,,,,390,20,1000,295,default,"[{""fold"": ""test=536"", ""k"": 5, ""src"": ""default"", ""thr"": 0.5}, {""fold"": ""test=BW"", ""k"": 5, ""src"": ""default"", ""thr"": 0.5}]",1.91,"one culture per strain x analyte: no grouped inner CV, default hyperparameters"
T1,native,loso,test=BW,analyte,F3,knn,accuracy,0.2051,0.0488,0.3947,0.1026,,,,390,20,1000,295,default,"[{""fold"": ""test=536"", ""k"": 5, ""src"": ""default"", ""thr"": 0.5}, {""fold"": ""test=BW"", ""k"": 5, ""src"": ""default"", ""thr"": 0.5}]",1.91,"one culture per strain x analyte: no grouped inner CV, default hyperparameters"
T1,native,loso,all,analyte,F1.bg,majority,bal_acc,0.0433,0.0,0.1176,0.05,,,,590,40,1000,295,fixed,"[{""fold"": ""test=536"", ""src"": ""fixed"", ""thr"": 0.5}, {""fold"": ""test=BW"", ""src"": ""fixed"", ""thr"": 0.5}]",2.32,"one culture per strain x analyte: no grouped inner CV, default hyperparameters"
T1,native,loso,all,analyte,F1.bg,majority,macro_f1,0.0088,0.0,0.0245,,,,,590,40,1000,295,fixed,"[{""fold"": ""test=536"", ""src"": ""fixed"", ""thr"": 0.5}, {""fold"": ""test=BW"", ""src"": ""fixed"", ""thr"": 0.5}]",2.32,"one culture per strain x analyte: no grouped inner CV, default hyperparameters"
T1,native,loso,all,analyte,F1.bg,majority,accuracy,0.0508,0.0,0.1321,0.0847,,,,590,40,1000,295,fixed,"[{""fold"": ""test=536"", ""src"": ""fixed"", ""thr"": 0.5}, {""fold"": ""test=BW"", ""src"": ""fixed"", ""thr"": 0.5}]",2.32,"one culture per strain x analyte: no grouped inner CV, default hyperparameters"
T1,native,loso,all@culture,analyte,F1.bg,majority,bal_acc,0.05,0.0,0.1111,0.05,,,,40,40,1000,295,fixed,"[{""fold"": ""test=536"", ""src"": ""fixed"", ""thr"": 0.5}, {""fold"": ""test=BW"", ""src"": ""fixed"", ""thr"": 0.5}]",2.32,"one culture per strain x analyte: no grouped inner CV, default hyperparameters"
T1,native,loso,all@culture,analyte,F1.bg,majority,macro_f1,0.0091,0.0,0.0249,,,,,40,40,1000,295,fixed,"[{""fold"": ""test=536"", ""src"": ""fixed"", ""thr"": 0.5}, {""fold"": ""test=BW"", ""src"": ""fixed"", ""thr"": 0.5}]",2.32,"one culture per strain x analyte: no grouped inner CV, default hyperparameters"
T1,native,loso,all@culture,analyte,F1.bg,majority,accuracy,0.05,0.0,0.125,,,,,40,40,1000,295,fixed,"[{""fold"": ""test=536"", ""src"": ""fixed"", ""thr"": 0.5}, {""fold"": ""test=BW"", ""src"": ""fixed"", ""thr"": 0.5}]",2.32,"one culture per strain x analyte: no grouped inner CV, default hyperparameters"
T1,native,loso,test=536,analyte,F1.bg,majority,bal_acc,0.05,0.0,0.1,0.05,,,,200,20,1000,295,fixed,"[{""fold"": ""test=536"", ""src"": ""fixed"", ""thr"": 0.5}, {""fold"": ""test=BW"", ""src"": ""fixed"", ""thr"": 0.5}]",2.32,"one culture per strain x analyte: no grouped inner CV, default hyperparameters"
T1,native,loso,test=536,analyte,F1.bg,majority,macro_f1,0.0048,0.0,0.0237,,,,,200,20,1000,295,fixed,"[{""fold"": ""test=536"", ""src"": ""fixed"", ""thr"": 0.5}, {""fold"": ""test=BW"", ""src"": ""fixed"", ""thr"": 0.5}]",2.32,"one culture per strain x analyte: no grouped inner CV, default hyperparameters"
T1,native,loso,test=536,analyte,F1.bg,majority,accuracy,0.05,0.0,0.15,0.05,,,,200,20,1000,295,fixed,"[{""fold"": ""test=536"", ""src"": ""fixed"", ""thr"": 0.5}, {""fold"": ""test=BW"", ""src"": ""fixed"", ""thr"": 0.5}]",2.32,"one culture per strain x analyte: no grouped inner CV, default hyperparameters"
T1,native,loso,test=BW,analyte,F1.bg,majority,bal_acc,0.05,0.0,0.1,0.05,,,,390,20,1000,295,fixed,"[{""fold"": ""test=536"", ""src"": ""fixed"", ""thr"": 0.5}, {""fold"": ""test=BW"", ""src"": ""fixed"", ""thr"": 0.5}]",2.32,"one culture per strain x analyte: no grouped inner CV, default hyperparameters"
T1,native,loso,test=BW,analyte,F1.bg,majority,macro_f1,0.0049,0.0,0.026,,,,,390,20,1000,295,fixed,"[{""fold"": ""test=536"", ""src"": ""fixed"", ""thr"": 0.5}, {""fold"": ""test=BW"", ""src"": ""fixed"", ""thr"": 0.5}]",2.32,"one culture per strain x analyte: no grouped inner CV, default hyperparameters"
T1,native,loso,test=BW,analyte,F1.bg,majority,accuracy,0.0513,0.0,0.1668,0.1026,,,,390,20,1000,295,fixed,"[{""fold"": ""test=536"", ""src"": ""fixed"", ""thr"": 0.5}, {""fold"": ""test=BW"", ""src"": ""fixed"", ""thr"": 0.5}]",2.32,"one culture per strain x analyte: no grouped inner CV, default hyperparameters"
T1,native,loso,all,analyte,F1.bg,lr,bal_acc,0.1032,0.0433,0.1647,0.05,,,,590,40,1000,295,default,"[{""fold"": ""test=536"", ""C"": 0.1, ""src"": ""default"", ""thr"": 0.5}, {""fold"": ""test=BW"", ""C"": 0.1, ""src"": ""default"", ""thr"": 0.5}]",2.42,"one culture per strain x analyte: no grouped inner CV, default hyperparameters"
T1,native,loso,all,analyte,F1.bg,lr,macro_f1,0.1045,0.0393,0.1612,,,,,590,40,1000,295,default,"[{""fold"": ""test=536"", ""C"": 0.1, ""src"": ""default"", ""thr"": 0.5}, {""fold"": ""test=BW"", ""C"": 0.1, ""src"": ""default"", ""thr"": 0.5}]",2.42,"one culture per strain x analyte: no grouped inner CV, default hyperparameters"
T1,native,loso,all,analyte,F1.bg,lr,accuracy,0.1051,0.0373,0.1817,0.0847,,,,590,40,1000,295,default,"[{""fold"": ""test=536"", ""C"": 0.1, ""src"": ""default"", ""thr"": 0.5}, {""fold"": ""test=BW"", ""C"": 0.1, ""src"": ""default"", ""thr"": 0.5}]",2.42,"one culture per strain x analyte: no grouped inner CV, default hyperparameters"
T1,native,loso,all@culture,analyte,F1.bg,lr,bal_acc,0.15,0.0588,0.2222,0.05,,,,40,40,1000,295,default,"[{""fold"": ""test=536"", ""C"": 0.1, ""src"": ""default"", ""thr"": 0.5}, {""fold"": ""test=BW"", ""C"": 0.1, ""src"": ""default"", ""thr"": 0.5}]",2.42,"one culture per strain x analyte: no grouped inner CV, default hyperparameters"
T1,native,loso,all@culture,analyte,F1.bg,lr,macro_f1,0.125,0.0389,0.183,,,,,40,40,1000,295,default,"[{""fold"": ""test=536"", ""C"": 0.1, ""src"": ""default"", ""thr"": 0.5}, {""fold"": ""test=BW"", ""C"": 0.1, ""src"": ""default"", ""thr"": 0.5}]",2.42,"one culture per strain x analyte: no grouped inner CV, default hyperparameters"
T1,native,loso,all@culture,analyte,F1.bg,lr,accuracy,0.15,0.05,0.25,,,,,40,40,1000,295,default,"[{""fold"": ""test=536"", ""C"": 0.1, ""src"": ""default"", ""thr"": 0.5}, {""fold"": ""test=BW"", ""C"": 0.1, ""src"": ""default"", ""thr"": 0.5}]",2.42,"one culture per strain x analyte: no grouped inner CV, default hyperparameters"
T1,native,loso,test=536,analyte,F1.bg,lr,bal_acc,0.115,0.0,0.1917,0.05,,,,200,20,1000,295,default,"[{""fold"": ""test=536"", ""C"": 0.1, ""src"": ""default"", ""thr"": 0.5}, {""fold"": ""test=BW"", ""C"": 0.1, ""src"": ""default"", ""thr"": 0.5}]",2.42,"one culture per strain x analyte: no grouped inner CV, default hyperparameters"
T1,native,loso,test=536,analyte,F1.bg,lr,macro_f1,0.1019,0.0,0.1947,,,,,200,20,1000,295,default,"[{""fold"": ""test=536"", ""C"": 0.1, ""src"": ""default"", ""thr"": 0.5}, {""fold"": ""test=BW"", ""C"": 0.1, ""src"": ""default"", ""thr"": 0.5}]",2.42,"one culture per strain x analyte: no grouped inner CV, default hyperparameters"
T1,native,loso,test=536,analyte,F1.bg,lr,accuracy,0.115,0.0,0.255,0.05,,,,200,20,1000,295,default,"[{""fold"": ""test=536"", ""C"": 0.1, ""src"": ""default"", ""thr"": 0.5}, {""fold"": ""test=BW"", ""C"": 0.1, ""src"": ""default"", ""thr"": 0.5}]",2.42,"one culture per strain x analyte: no grouped inner CV, default hyperparameters"
T1,native,loso,test=BW,analyte,F1.bg,lr,bal_acc,0.1,0.0308,0.1667,0.05,,,,390,20,1000,295,default,"[{""fold"": ""test=536"", ""C"": 0.1, ""src"": ""default"", ""thr"": 0.5}, {""fold"": ""test=BW"", ""C"": 0.1, ""src"": ""default"", ""thr"": 0.5}]",2.42,"one culture per strain x analyte: no grouped inner CV, default hyperparameters"
T1,native,loso,test=BW,analyte,F1.bg,lr,macro_f1,0.0956,0.0261,0.1758,,,,,390,20,1000,295,default,"[{""fold"": ""test=536"", ""C"": 0.1, ""src"": ""default"", ""thr"": 0.5}, {""fold"": ""test=BW"", ""C"": 0.1, ""src"": ""default"", ""thr"": 0.5}]",2.42,"one culture per strain x analyte: no grouped inner CV, default hyperparameters"
T1,native,loso,test=BW,analyte,F1.bg,lr,accuracy,0.1,0.02,0.1946,0.1026,,,,390,20,1000,295,default,"[{""fold"": ""test=536"", ""C"": 0.1, ""src"": ""default"", ""thr"": 0.5}, {""fold"": ""test=BW"", ""C"": 0.1, ""src"": ""default"", ""thr"": 0.5}]",2.42,"one culture per strain x analyte: no grouped inner CV, default hyperparameters"
T1,native,loso,all,analyte,F1.bg,pca_lr,bal_acc,0.0925,0.0356,0.1516,0.05,,,,590,40,1000,295,default,"[{""fold"": ""test=536"", ""C"": 0.1, ""src"": ""default"", ""thr"": 0.5}, {""fold"": ""test=BW"", ""C"": 0.1, ""src"": ""default"", ""thr"": 0.5}]",2.01,"one culture per strain x analyte: no grouped inner CV, default hyperparameters"
T1,native,loso,all,analyte,F1.bg,pca_lr,macro_f1,0.0971,0.0323,0.1506,,,,,590,40,1000,295,default,"[{""fold"": ""test=536"", ""C"": 0.1, ""src"": ""default"", ""thr"": 0.5}, {""fold"": ""test=BW"", ""C"": 0.1, ""src"": ""default"", ""thr"": 0.5}]",2.01,"one culture per strain x analyte: no grouped inner CV, default hyperparameters"
T1,native,loso,all,analyte,F1.bg,pca_lr,accuracy,0.0949,0.0356,0.1691,0.0847,,,,590,40,1000,295,default,"[{""fold"": ""test=536"", ""C"": 0.1, ""src"": ""default"", ""thr"": 0.5}, {""fold"": ""test=BW"", ""C"": 0.1, ""src"": ""default"", ""thr"": 0.5}]",2.01,"one culture per strain x analyte: no grouped inner CV, default hyperparameters"
T1,native,loso,all@culture,analyte,F1.bg,pca_lr,bal_acc,0.1,0.0208,0.1667,0.05,,,,40,40,1000,295,default,"[{""fold"": ""test=536"", ""C"": 0.1, ""src"": ""default"", ""thr"": 0.5}, {""fold"": ""test=BW"", ""C"": 0.1, ""src"": ""default"", ""thr"": 0.5}]",2.01,"one culture per strain x analyte: no grouped inner CV, default hyperparameters"
T1,native,loso,all@culture,analyte,F1.bg,pca_lr,macro_f1,0.0976,0.0196,0.1471,,,,,40,40,1000,295,default,"[{""fold"": ""test=536"", ""C"": 0.1, ""src"": ""default"", ""thr"": 0.5}, {""fold"": ""test=BW"", ""C"": 0.1, ""src"": ""default"", ""thr"": 0.5}]",2.01,"one culture per strain x analyte: no grouped inner CV, default hyperparameters"
T1,native,loso,all@culture,analyte,F1.bg,pca_lr,accuracy,0.1,0.025,0.2,,,,,40,40,1000,295,default,"[{""fold"": ""test=536"", ""C"": 0.1, ""src"": ""default"", ""thr"": 0.5}, {""fold"": ""test=BW"", ""C"": 0.1, ""src"": ""default"", ""thr"": 0.5}]",2.01,"one culture per strain x analyte: no grouped inner CV, default hyperparameters"
T1,native,loso,test=536,analyte,F1.bg,pca_lr,bal_acc,0.11,0.0,0.1833,0.05,,,,200,20,1000,295,default,"[{""fold"": ""test=536"", ""C"": 0.1, ""src"": ""default"", ""thr"": 0.5}, {""fold"": ""test=BW"", ""C"": 0.1, ""src"": ""default"", ""thr"": 0.5}]",2.01,"one culture per strain x analyte: no grouped inner CV, default hyperparameters"
T1,native,loso,test=536,analyte,F1.bg,pca_lr,macro_f1,0.0991,0.0,0.1897,,,,,200,20,1000,295,default,"[{""fold"": ""test=536"", ""C"": 0.1, ""src"": ""default"", ""thr"": 0.5}, {""fold"": ""test=BW"", ""C"": 0.1, ""src"": ""default"", ""thr"": 0.5}]",2.01,"one culture per strain x analyte: no grouped inner CV, default hyperparameters"
T1,native,loso,test=536,analyte,F1.bg,pca_lr,accuracy,0.11,0.0,0.2402,0.05,,,,200,20,1000,295,default,"[{""fold"": ""test=536"", ""C"": 0.1, ""src"": ""default"", ""thr"": 0.5}, {""fold"": ""test=BW"", ""C"": 0.1, ""src"": ""default"", ""thr"": 0.5}]",2.01,"one culture per strain x analyte: no grouped inner CV, default hyperparameters"
T1,native,loso,test=BW,analyte,F1.bg,pca_lr,bal_acc,0.0863,0.025,0.1425,0.05,,,,390,20,1000,295,default,"[{""fold"": ""test=536"", ""C"": 0.1, ""src"": ""default"", ""thr"": 0.5}, {""fold"": ""test=BW"", ""C"": 0.1, ""src"": ""default"", ""thr"": 0.5}]",2.01,"one culture per strain x analyte: no grouped inner CV, default hyperparameters"
T1,native,loso,test=BW,analyte,F1.bg,pca_lr,macro_f1,0.0859,0.021,0.1528,,,,,390,20,1000,295,default,"[{""fold"": ""test=536"", ""C"": 0.1, ""src"": ""default"", ""thr"": 0.5}, {""fold"": ""test=BW"", ""C"": 0.1, ""src"": ""default"", ""thr"": 0.5}]",2.01,"one culture per strain x analyte: no grouped inner CV, default hyperparameters"
T1,native,loso,test=BW,analyte,F1.bg,pca_lr,accuracy,0.0872,0.0194,0.1725,0.1026,,,,390,20,1000,295,default,"[{""fold"": ""test=536"", ""C"": 0.1, ""src"": ""default"", ""thr"": 0.5}, {""fold"": ""test=BW"", ""C"": 0.1, ""src"": ""default"", ""thr"": 0.5}]",2.01,"one culture per strain x analyte: no grouped inner CV, default hyperparameters"
T1,native,loso,all,analyte,F1.bg,plsda,bal_acc,0.1012,0.0416,0.1708,0.05,,,,590,40,1000,295,default,"[{""fold"": ""test=536"", ""n"": 10, ""src"": ""default"", ""thr"": 0.5}, {""fold"": ""test=BW"", ""n"": 10, ""src"": ""default"", ""thr"": 0.5}]",1.81,"one culture per strain x analyte: no grouped inner CV, default hyperparameters"
T1,native,loso,all,analyte,F1.bg,plsda,macro_f1,0.0872,0.0385,0.1392,,,,,590,40,1000,295,default,"[{""fold"": ""test=536"", ""n"": 10, ""src"": ""default"", ""thr"": 0.5}, {""fold"": ""test=BW"", ""n"": 10, ""src"": ""default"", ""thr"": 0.5}]",1.81,"one culture per strain x analyte: no grouped inner CV, default hyperparameters"
T1,native,loso,all,analyte,F1.bg,plsda,accuracy,0.1068,0.0393,0.1865,0.0847,,,,590,40,1000,295,default,"[{""fold"": ""test=536"", ""n"": 10, ""src"": ""default"", ""thr"": 0.5}, {""fold"": ""test=BW"", ""n"": 10, ""src"": ""default"", ""thr"": 0.5}]",1.81,"one culture per strain x analyte: no grouped inner CV, default hyperparameters"
T1,native,loso,all@culture,analyte,F1.bg,plsda,bal_acc,0.1,0.0208,0.1667,0.05,,,,40,40,1000,295,default,"[{""fold"": ""test=536"", ""n"": 10, ""src"": ""default"", ""thr"": 0.5}, {""fold"": ""test=BW"", ""n"": 10, ""src"": ""default"", ""thr"": 0.5}]",1.81,"one culture per strain x analyte: no grouped inner CV, default hyperparameters"
T1,native,loso,all@culture,analyte,F1.bg,plsda,macro_f1,0.0861,0.0148,0.1342,,,,,40,40,1000,295,default,"[{""fold"": ""test=536"", ""n"": 10, ""src"": ""default"", ""thr"": 0.5}, {""fold"": ""test=BW"", ""n"": 10, ""src"": ""default"", ""thr"": 0.5}]",1.81,"one culture per strain x analyte: no grouped inner CV, default hyperparameters"
T1,native,loso,all@culture,analyte,F1.bg,plsda,accuracy,0.1,0.025,0.2,,,,,40,40,1000,295,default,"[{""fold"": ""test=536"", ""n"": 10, ""src"": ""default"", ""thr"": 0.5}, {""fold"": ""test=BW"", ""n"": 10, ""src"": ""default"", ""thr"": 0.5}]",1.81,"one culture per strain x analyte: no grouped inner CV, default hyperparameters"
T1,native,loso,test=536,analyte,F1.bg,plsda,bal_acc,0.15,0.0308,0.25,0.05,,,,200,20,1000,295,default,"[{""fold"": ""test=536"", ""n"": 10, ""src"": ""default"", ""thr"": 0.5}, {""fold"": ""test=BW"", ""n"": 10, ""src"": ""default"", ""thr"": 0.5}]",1.81,"one culture per strain x analyte: no grouped inner CV, default hyperparameters"
T1,native,loso,test=536,analyte,F1.bg,plsda,macro_f1,0.1185,0.025,0.2241,,,,,200,20,1000,295,default,"[{""fold"": ""test=536"", ""n"": 10, ""src"": ""default"", ""thr"": 0.5}, {""fold"": ""test=BW"", ""n"": 10, ""src"": ""default"", ""thr"": 0.5}]",1.81,"one culture per strain x analyte: no grouped inner CV, default hyperparameters"
T1,native,loso,test=536,analyte,F1.bg,plsda,accuracy,0.15,0.025,0.305,0.05,,,,200,20,1000,295,default,"[{""fold"": ""test=536"", ""n"": 10, ""src"": ""default"", ""thr"": 0.5}, {""fold"": ""test=BW"", ""n"": 10, ""src"": ""default"", ""thr"": 0.5}]",1.81,"one culture per strain x analyte: no grouped inner CV, default hyperparameters"
T1,native,loso,test=BW,analyte,F1.bg,plsda,bal_acc,0.0725,0.0143,0.1208,0.05,,,,390,20,1000,295,default,"[{""fold"": ""test=536"", ""n"": 10, ""src"": ""default"", ""thr"": 0.5}, {""fold"": ""test=BW"", ""n"": 10, ""src"": ""default"", ""thr"": 0.5}]",1.81,"one culture per strain x analyte: no grouped inner CV, default hyperparameters"
T1,native,loso,test=BW,analyte,F1.bg,plsda,macro_f1,0.0566,0.0117,0.1181,,,,,390,20,1000,295,default,"[{""fold"": ""test=536"", ""n"": 10, ""src"": ""default"", ""thr"": 0.5}, {""fold"": ""test=BW"", ""n"": 10, ""src"": ""default"", ""thr"": 0.5}]",1.81,"one culture per strain x analyte: no grouped inner CV, default hyperparameters"
T1,native,loso,test=BW,analyte,F1.bg,plsda,accuracy,0.0846,0.0105,0.1775,0.1026,,,,390,20,1000,295,default,"[{""fold"": ""test=536"", ""n"": 10, ""src"": ""default"", ""thr"": 0.5}, {""fold"": ""test=BW"", ""n"": 10, ""src"": ""default"", ""thr"": 0.5}]",1.81,"one culture per strain x analyte: no grouped inner CV, default hyperparameters"
T1,native,loso,all,analyte,F1.bg,ncm,bal_acc,0.0995,0.0462,0.15,0.05,,,,590,40,1000,295,fixed,"[{""fold"": ""test=536"", ""src"": ""fixed"", ""thr"": 0.5}, {""fold"": ""test=BW"", ""src"": ""fixed"", ""thr"": 0.5}]",1.53,"one culture per strain x analyte: no grouped inner CV, default hyperparameters"
T1,native,loso,all,analyte,F1.bg,ncm,macro_f1,0.0888,0.0453,0.1346,,,,,590,40,1000,295,fixed,"[{""fold"": ""test=536"", ""src"": ""fixed"", ""thr"": 0.5}, {""fold"": ""test=BW"", ""src"": ""fixed"", ""thr"": 0.5}]",1.53,"one culture per strain x analyte: no grouped inner CV, default hyperparameters"
T1,native,loso,all,analyte,F1.bg,ncm,accuracy,0.0915,0.035,0.165,0.0847,,,,590,40,1000,295,fixed,"[{""fold"": ""test=536"", ""src"": ""fixed"", ""thr"": 0.5}, {""fold"": ""test=BW"", ""src"": ""fixed"", ""thr"": 0.5}]",1.53,"one culture per strain x analyte: no grouped inner CV, default hyperparameters"
T1,native,loso,all@culture,analyte,F1.bg,ncm,bal_acc,0.1,0.0196,0.1667,0.05,,,,40,40,1000,295,fixed,"[{""fold"": ""test=536"", ""src"": ""fixed"", ""thr"": 0.5}, {""fold"": ""test=BW"", ""src"": ""fixed"", ""thr"": 0.5}]",1.53,"one culture per strain x analyte: no grouped inner CV, default hyperparameters"
T1,native,loso,all@culture,analyte,F1.bg,ncm,macro_f1,0.0783,0.0111,0.1317,,,,,40,40,1000,295,fixed,"[{""fold"": ""test=536"", ""src"": ""fixed"", ""thr"": 0.5}, {""fold"": ""test=BW"", ""src"": ""fixed"", ""thr"": 0.5}]",1.53,"one culture per strain x analyte: no grouped inner CV, default hyperparameters"
T1,native,loso,all@culture,analyte,F1.bg,ncm,accuracy,0.1,0.025,0.2,,,,,40,40,1000,295,fixed,"[{""fold"": ""test=536"", ""src"": ""fixed"", ""thr"": 0.5}, {""fold"": ""test=BW"", ""src"": ""fixed"", ""thr"": 0.5}]",1.53,"one culture per strain x analyte: no grouped inner CV, default hyperparameters"
T1,native,loso,test=536,analyte,F1.bg,ncm,bal_acc,0.105,0.0273,0.1701,0.05,,,,200,20,1000,295,fixed,"[{""fold"": ""test=536"", ""src"": ""fixed"", ""thr"": 0.5}, {""fold"": ""test=BW"", ""src"": ""fixed"", ""thr"": 0.5}]",1.53,"one culture per strain x analyte: no grouped inner CV, default hyperparameters"
T1,native,loso,test=536,analyte,F1.bg,ncm,macro_f1,0.0848,0.0217,0.1695,,,,,200,20,1000,295,fixed,"[{""fold"": ""test=536"", ""src"": ""fixed"", ""thr"": 0.5}, {""fold"": ""test=BW"", ""src"": ""fixed"", ""thr"": 0.5}]",1.53,"one culture per strain x analyte: no grouped inner CV, default hyperparameters"
T1,native,loso,test=536,analyte,F1.bg,ncm,accuracy,0.105,0.02,0.215,0.05,,,,200,20,1000,295,fixed,"[{""fold"": ""test=536"", ""src"": ""fixed"", ""thr"": 0.5}, {""fold"": ""test=BW"", ""src"": ""fixed"", ""thr"": 0.5}]",1.53,"one culture per strain x analyte: no grouped inner CV, default hyperparameters"
T1,native,loso,test=BW,analyte,F1.bg,ncm,bal_acc,0.105,0.0071,0.175,0.05,,,,390,20,1000,295,fixed,"[{""fold"": ""test=536"", ""src"": ""fixed"", ""thr"": 0.5}, {""fold"": ""test=BW"", ""src"": ""fixed"", ""thr"": 0.5}]",1.53,"one culture per strain x analyte: no grouped inner CV, default hyperparameters"
T1,native,loso,test=BW,analyte,F1.bg,ncm,macro_f1,0.0896,0.0095,0.1784,,,,,390,20,1000,295,fixed,"[{""fold"": ""test=536"", ""src"": ""fixed"", ""thr"": 0.5}, {""fold"": ""test=BW"", ""src"": ""fixed"", ""thr"": 0.5}]",1.53,"one culture per strain x analyte: no grouped inner CV, default hyperparameters"
T1,native,loso,test=BW,analyte,F1.bg,ncm,accuracy,0.0846,0.0097,0.1838,0.1026,,,,390,20,1000,295,fixed,"[{""fold"": ""test=536"", ""src"": ""fixed"", ""thr"": 0.5}, {""fold"": ""test=BW"", ""src"": ""fixed"", ""thr"": 0.5}]",1.53,"one culture per strain x analyte: no grouped inner CV, default hyperparameters"
T1,native,loso,all,analyte,F1.bg,hgb,bal_acc,0.0683,0.0204,0.1182,0.05,,,,590,40,1000,295,fixed,"[{""fold"": ""test=536"", ""src"": ""fixed"", ""thr"": 0.5}, {""fold"": ""test=BW"", ""src"": ""fixed"", ""thr"": 0.5}]",3.51,"one culture per strain x analyte: no grouped inner CV, default hyperparameters"
T1,native,loso,all,analyte,F1.bg,hgb,macro_f1,0.0725,0.019,0.118,,,,,590,40,1000,295,fixed,"[{""fold"": ""test=536"", ""src"": ""fixed"", ""thr"": 0.5}, {""fold"": ""test=BW"", ""src"": ""fixed"", ""thr"": 0.5}]",3.51,"one culture per strain x analyte: no grouped inner CV, default hyperparameters"
T1,native,loso,all,analyte,F1.bg,hgb,accuracy,0.0695,0.02,0.1322,0.0847,,,,590,40,1000,295,fixed,"[{""fold"": ""test=536"", ""src"": ""fixed"", ""thr"": 0.5}, {""fold"": ""test=BW"", ""src"": ""fixed"", ""thr"": 0.5}]",3.51,"one culture per strain x analyte: no grouped inner CV, default hyperparameters"
T1,native,loso,all@culture,analyte,F1.bg,hgb,bal_acc,0.05,0.0,0.1176,0.05,,,,40,40,1000,295,fixed,"[{""fold"": ""test=536"", ""src"": ""fixed"", ""thr"": 0.5}, {""fold"": ""test=BW"", ""src"": ""fixed"", ""thr"": 0.5}]",3.51,"one culture per strain x analyte: no grouped inner CV, default hyperparameters"
T1,native,loso,all@culture,analyte,F1.bg,hgb,macro_f1,0.0667,0.0,0.1176,,,,,40,40,1000,295,fixed,"[{""fold"": ""test=536"", ""src"": ""fixed"", ""thr"": 0.5}, {""fold"": ""test=BW"", ""src"": ""fixed"", ""thr"": 0.5}]",3.51,"one culture per strain x analyte: no grouped inner CV, default hyperparameters"
T1,native,loso,all@culture,analyte,F1.bg,hgb,accuracy,0.05,0.0,0.125,,,,,40,40,1000,295,fixed,"[{""fold"": ""test=536"", ""src"": ""fixed"", ""thr"": 0.5}, {""fold"": ""test=BW"", ""src"": ""fixed"", ""thr"": 0.5}]",3.51,"one culture per strain x analyte: no grouped inner CV, default hyperparameters"
T1,native,loso,test=536,analyte,F1.bg,hgb,bal_acc,0.06,0.0077,0.1,0.05,,,,200,20,1000,295,fixed,"[{""fold"": ""test=536"", ""src"": ""fixed"", ""thr"": 0.5}, {""fold"": ""test=BW"", ""src"": ""fixed"", ""thr"": 0.5}]",3.51,"one culture per strain x analyte: no grouped inner CV, default hyperparameters"
T1,native,loso,test=536,analyte,F1.bg,hgb,macro_f1,0.0455,0.0055,0.0923,,,,,200,20,1000,295,fixed,"[{""fold"": ""test=536"", ""src"": ""fixed"", ""thr"": 0.5}, {""fold"": ""test=BW"", ""src"": ""fixed"", ""thr"": 0.5}]",3.51,"one culture per strain x analyte: no grouped inner CV, default hyperparameters"
T1,native,loso,test=536,analyte,F1.bg,hgb,accuracy,0.06,0.005,0.145,0.05,,,,200,20,1000,295,fixed,"[{""fold"": ""test=536"", ""src"": ""fixed"", ""thr"": 0.5}, {""fold"": ""test=BW"", ""src"": ""fixed"", ""thr"": 0.5}]",3.51,"one culture per strain x analyte: no grouped inner CV, default hyperparameters"
T1,native,loso,test=BW,analyte,F1.bg,hgb,bal_acc,0.0725,0.0083,0.1227,0.05,,,,390,20,1000,295,fixed,"[{""fold"": ""test=536"", ""src"": ""fixed"", ""thr"": 0.5}, {""fold"": ""test=BW"", ""src"": ""fixed"", ""thr"": 0.5}]",3.51,"one culture per strain x analyte: no grouped inner CV, default hyperparameters"
T1,native,loso,test=BW,analyte,F1.bg,hgb,macro_f1,0.0679,0.005,0.1279,,,,,390,20,1000,295,fixed,"[{""fold"": ""test=536"", ""src"": ""fixed"", ""thr"": 0.5}, {""fold"": ""test=BW"", ""src"": ""fixed"", ""thr"": 0.5}]",3.51,"one culture per strain x analyte: no grouped inner CV, default hyperparameters"
T1,native,loso,test=BW,analyte,F1.bg,hgb,accuracy,0.0744,0.0108,0.159,0.1026,,,,390,20,1000,295,fixed,"[{""fold"": ""test=536"", ""src"": ""fixed"", ""thr"": 0.5}, {""fold"": ""test=BW"", ""src"": ""fixed"", ""thr"": 0.5}]",3.51,"one culture per strain x analyte: no grouped inner CV, default hyperparameters"
T1,native,loso,all,analyte,F1.bg,knn,bal_acc,0.1018,0.0432,0.1516,0.05,,,,590,40,1000,295,default,"[{""fold"": ""test=536"", ""k"": 5, ""src"": ""default"", ""thr"": 0.5}, {""fold"": ""test=BW"", ""k"": 5, ""src"": ""default"", ""thr"": 0.5}]",2.26,"one culture per strain x analyte: no grouped inner CV, default hyperparameters"
T1,native,loso,all,analyte,F1.bg,knn,macro_f1,0.0788,0.0374,0.1235,,,,,590,40,1000,295,default,"[{""fold"": ""test=536"", ""k"": 5, ""src"": ""default"", ""thr"": 0.5}, {""fold"": ""test=BW"", ""k"": 5, ""src"": ""default"", ""thr"": 0.5}]",2.26,"one culture per strain x analyte: no grouped inner CV, default hyperparameters"
T1,native,loso,all,analyte,F1.bg,knn,accuracy,0.0932,0.0333,0.1737,0.0847,,,,590,40,1000,295,default,"[{""fold"": ""test=536"", ""k"": 5, ""src"": ""default"", ""thr"": 0.5}, {""fold"": ""test=BW"", ""k"": 5, ""src"": ""default"", ""thr"": 0.5}]",2.26,"one culture per strain x analyte: no grouped inner CV, default hyperparameters"
T1,native,loso,all@culture,analyte,F1.bg,knn,bal_acc,0.15,0.0588,0.2222,0.05,,,,40,40,1000,295,default,"[{""fold"": ""test=536"", ""k"": 5, ""src"": ""default"", ""thr"": 0.5}, {""fold"": ""test=BW"", ""k"": 5, ""src"": ""default"", ""thr"": 0.5}]",2.26,"one culture per strain x analyte: no grouped inner CV, default hyperparameters"
T1,native,loso,all@culture,analyte,F1.bg,knn,macro_f1,0.1172,0.0387,0.1775,,,,,40,40,1000,295,default,"[{""fold"": ""test=536"", ""k"": 5, ""src"": ""default"", ""thr"": 0.5}, {""fold"": ""test=BW"", ""k"": 5, ""src"": ""default"", ""thr"": 0.5}]",2.26,"one culture per strain x analyte: no grouped inner CV, default hyperparameters"
T1,native,loso,all@culture,analyte,F1.bg,knn,accuracy,0.15,0.05,0.275,,,,,40,40,1000,295,default,"[{""fold"": ""test=536"", ""k"": 5, ""src"": ""default"", ""thr"": 0.5}, {""fold"": ""test=BW"", ""k"": 5, ""src"": ""default"", ""thr"": 0.5}]",2.26,"one culture per strain x analyte: no grouped inner CV, default hyperparameters"
T1,native,loso,test=536,analyte,F1.bg,knn,bal_acc,0.1,0.0231,0.1667,0.05,,,,200,20,1000,295,default,"[{""fold"": ""test=536"", ""k"": 5, ""src"": ""default"", ""thr"": 0.5}, {""fold"": ""test=BW"", ""k"": 5, ""src"": ""default"", ""thr"": 0.5}]",2.26,"one culture per strain x analyte: no grouped inner CV, default hyperparameters"
T1,native,loso,test=536,analyte,F1.bg,knn,macro_f1,0.0784,0.0178,0.1635,,,,,200,20,1000,295,default,"[{""fold"": ""test=536"", ""k"": 5, ""src"": ""default"", ""thr"": 0.5}, {""fold"": ""test=BW"", ""k"": 5, ""src"": ""default"", ""thr"": 0.5}]",2.26,"one culture per strain x analyte: no grouped inner CV, default hyperparameters"
T1,native,loso,test=536,analyte,F1.bg,knn,accuracy,0.1,0.015,0.21,0.05,,,,200,20,1000,295,default,"[{""fold"": ""test=536"", ""k"": 5, ""src"": ""default"", ""thr"": 0.5}, {""fold"": ""test=BW"", ""k"": 5, ""src"": ""default"", ""thr"": 0.5}]",2.26,"one culture per strain x analyte: no grouped inner CV, default hyperparameters"
T1,native,loso,test=BW,analyte,F1.bg,knn,bal_acc,0.1113,0.0096,0.1854,0.05,,,,390,20,1000,295,default,"[{""fold"": ""test=536"", ""k"": 5, ""src"": ""default"", ""thr"": 0.5}, {""fold"": ""test=BW"", ""k"": 5, ""src"": ""default"", ""thr"": 0.5}]",2.26,"one culture per strain x analyte: no grouped inner CV, default hyperparameters"
T1,native,loso,test=BW,analyte,F1.bg,knn,macro_f1,0.0737,0.0145,0.1606,,,,,390,20,1000,295,default,"[{""fold"": ""test=536"", ""k"": 5, ""src"": ""default"", ""thr"": 0.5}, {""fold"": ""test=BW"", ""k"": 5, ""src"": ""default"", ""thr"": 0.5}]",2.26,"one culture per strain x analyte: no grouped inner CV, default hyperparameters"
T1,native,loso,test=BW,analyte,F1.bg,knn,accuracy,0.0897,0.0105,0.197,0.1026,,,,390,20,1000,295,default,"[{""fold"": ""test=536"", ""k"": 5, ""src"": ""default"", ""thr"": 0.5}, {""fold"": ""test=BW"", ""k"": 5, ""src"": ""default"", ""thr"": 0.5}]",2.26,"one culture per strain x analyte: no grouped inner CV, default hyperparameters"
T1,native,loso,all,analyte,F2.bg,majority,bal_acc,0.0433,0.0,0.1176,0.05,,,,590,40,1000,295,fixed,"[{""fold"": ""test=536"", ""src"": ""fixed"", ""thr"": 0.5}, {""fold"": ""test=BW"", ""src"": ""fixed"", ""thr"": 0.5}]",1.51,"one culture per strain x analyte: no grouped inner CV, default hyperparameters"
T1,native,loso,all,analyte,F2.bg,majority,macro_f1,0.0088,0.0,0.0245,,,,,590,40,1000,295,fixed,"[{""fold"": ""test=536"", ""src"": ""fixed"", ""thr"": 0.5}, {""fold"": ""test=BW"", ""src"": ""fixed"", ""thr"": 0.5}]",1.51,"one culture per strain x analyte: no grouped inner CV, default hyperparameters"
T1,native,loso,all,analyte,F2.bg,majority,accuracy,0.0508,0.0,0.1321,0.0847,,,,590,40,1000,295,fixed,"[{""fold"": ""test=536"", ""src"": ""fixed"", ""thr"": 0.5}, {""fold"": ""test=BW"", ""src"": ""fixed"", ""thr"": 0.5}]",1.51,"one culture per strain x analyte: no grouped inner CV, default hyperparameters"
T1,native,loso,all@culture,analyte,F2.bg,majority,bal_acc,0.05,0.0,0.1111,0.05,,,,40,40,1000,295,fixed,"[{""fold"": ""test=536"", ""src"": ""fixed"", ""thr"": 0.5}, {""fold"": ""test=BW"", ""src"": ""fixed"", ""thr"": 0.5}]",1.51,"one culture per strain x analyte: no grouped inner CV, default hyperparameters"
T1,native,loso,all@culture,analyte,F2.bg,majority,macro_f1,0.0091,0.0,0.0249,,,,,40,40,1000,295,fixed,"[{""fold"": ""test=536"", ""src"": ""fixed"", ""thr"": 0.5}, {""fold"": ""test=BW"", ""src"": ""fixed"", ""thr"": 0.5}]",1.51,"one culture per strain x analyte: no grouped inner CV, default hyperparameters"
T1,native,loso,all@culture,analyte,F2.bg,majority,accuracy,0.05,0.0,0.125,,,,,40,40,1000,295,fixed,"[{""fold"": ""test=536"", ""src"": ""fixed"", ""thr"": 0.5}, {""fold"": ""test=BW"", ""src"": ""fixed"", ""thr"": 0.5}]",1.51,"one culture per strain x analyte: no grouped inner CV, default hyperparameters"
T1,native,loso,test=536,analyte,F2.bg,majority,bal_acc,0.05,0.0,0.1,0.05,,,,200,20,1000,295,fixed,"[{""fold"": ""test=536"", ""src"": ""fixed"", ""thr"": 0.5}, {""fold"": ""test=BW"", ""src"": ""fixed"", ""thr"": 0.5}]",1.51,"one culture per strain x analyte: no grouped inner CV, default hyperparameters"
T1,native,loso,test=536,analyte,F2.bg,majority,macro_f1,0.0048,0.0,0.0237,,,,,200,20,1000,295,fixed,"[{""fold"": ""test=536"", ""src"": ""fixed"", ""thr"": 0.5}, {""fold"": ""test=BW"", ""src"": ""fixed"", ""thr"": 0.5}]",1.51,"one culture per strain x analyte: no grouped inner CV, default hyperparameters"
T1,native,loso,test=536,analyte,F2.bg,majority,accuracy,0.05,0.0,0.15,0.05,,,,200,20,1000,295,fixed,"[{""fold"": ""test=536"", ""src"": ""fixed"", ""thr"": 0.5}, {""fold"": ""test=BW"", ""src"": ""fixed"", ""thr"": 0.5}]",1.51,"one culture per strain x analyte: no grouped inner CV, default hyperparameters"
T1,native,loso,test=BW,analyte,F2.bg,majority,bal_acc,0.05,0.0,0.1,0.05,,,,390,20,1000,295,fixed,"[{""fold"": ""test=536"", ""src"": ""fixed"", ""thr"": 0.5}, {""fold"": ""test=BW"", ""src"": ""fixed"", ""thr"": 0.5}]",1.51,"one culture per strain x analyte: no grouped inner CV, default hyperparameters"
T1,native,loso,test=BW,analyte,F2.bg,majority,macro_f1,0.0049,0.0,0.026,,,,,390,20,1000,295,fixed,"[{""fold"": ""test=536"", ""src"": ""fixed"", ""thr"": 0.5}, {""fold"": ""test=BW"", ""src"": ""fixed"", ""thr"": 0.5}]",1.51,"one culture per strain x analyte: no grouped inner CV, default hyperparameters"
T1,native,loso,test=BW,analyte,F2.bg,majority,accuracy,0.0513,0.0,0.1668,0.1026,,,,390,20,1000,295,fixed,"[{""fold"": ""test=536"", ""src"": ""fixed"", ""thr"": 0.5}, {""fold"": ""test=BW"", ""src"": ""fixed"", ""thr"": 0.5}]",1.51,"one culture per strain x analyte: no grouped inner CV, default hyperparameters"
T1,native,loso,all,analyte,F2.bg,lr,bal_acc,0.0875,0.0282,0.1333,0.05,,,,590,40,1000,295,default,"[{""fold"": ""test=536"", ""C"": 0.1, ""src"": ""default"", ""thr"": 0.5}, {""fold"": ""test=BW"", ""C"": 0.1, ""src"": ""default"", ""thr"": 0.5}]",3.13,"one culture per strain x analyte: no grouped inner CV, default hyperparameters"
T1,native,loso,all,analyte,F2.bg,lr,macro_f1,0.0816,0.024,0.125,,,,,590,40,1000,295,default,"[{""fold"": ""test=536"", ""C"": 0.1, ""src"": ""default"", ""thr"": 0.5}, {""fold"": ""test=BW"", ""C"": 0.1, ""src"": ""default"", ""thr"": 0.5}]",3.13,"one culture per strain x analyte: no grouped inner CV, default hyperparameters"
T1,native,loso,all,analyte,F2.bg,lr,accuracy,0.0831,0.0177,0.1702,0.0847,,,,590,40,1000,295,default,"[{""fold"": ""test=536"", ""C"": 0.1, ""src"": ""default"", ""thr"": 0.5}, {""fold"": ""test=BW"", ""C"": 0.1, ""src"": ""default"", ""thr"": 0.5}]",3.13,"one culture per strain x analyte: no grouped inner CV, default hyperparameters"
T1,native,loso,all@culture,analyte,F2.bg,lr,bal_acc,0.1,0.0235,0.1667,0.05,,,,40,40,1000,295,default,"[{""fold"": ""test=536"", ""C"": 0.1, ""src"": ""default"", ""thr"": 0.5}, {""fold"": ""test=BW"", ""C"": 0.1, ""src"": ""default"", ""thr"": 0.5}]",3.13,"one culture per strain x analyte: no grouped inner CV, default hyperparameters"
T1,native,loso,all@culture,analyte,F2.bg,lr,macro_f1,0.0824,0.0107,0.1307,,,,,40,40,1000,295,default,"[{""fold"": ""test=536"", ""C"": 0.1, ""src"": ""default"", ""thr"": 0.5}, {""fold"": ""test=BW"", ""C"": 0.1, ""src"": ""default"", ""thr"": 0.5}]",3.13,"one culture per strain x analyte: no grouped inner CV, default hyperparameters"
T1,native,loso,all@culture,analyte,F2.bg,lr,accuracy,0.1,0.025,0.2,,,,,40,40,1000,295,default,"[{""fold"": ""test=536"", ""C"": 0.1, ""src"": ""default"", ""thr"": 0.5}, {""fold"": ""test=BW"", ""C"": 0.1, ""src"": ""default"", ""thr"": 0.5}]",3.13,"one culture per strain x analyte: no grouped inner CV, default hyperparameters"
T1,native,loso,test=536,analyte,F2.bg,lr,bal_acc,0.065,0.0,0.1182,0.05,,,,200,20,1000,295,default,"[{""fold"": ""test=536"", ""C"": 0.1, ""src"": ""default"", ""thr"": 0.5}, {""fold"": ""test=BW"", ""C"": 0.1, ""src"": ""default"", ""thr"": 0.5}]",3.13,"one culture per strain x analyte: no grouped inner CV, default hyperparameters"
T1,native,loso,test=536,analyte,F2.bg,lr,macro_f1,0.0529,0.0,0.1044,,,,,200,20,1000,295,default,"[{""fold"": ""test=536"", ""C"": 0.1, ""src"": ""default"", ""thr"": 0.5}, {""fold"": ""test=BW"", ""C"": 0.1, ""src"": ""default"", ""thr"": 0.5}]",3.13,"one culture per strain x analyte: no grouped inner CV, default hyperparameters"
T1,native,loso,test=536,analyte,F2.bg,lr,accuracy,0.065,0.0,0.165,0.05,,,,200,20,1000,295,default,"[{""fold"": ""test=536"", ""C"": 0.1, ""src"": ""default"", ""thr"": 0.5}, {""fold"": ""test=BW"", ""C"": 0.1, ""src"": ""default"", ""thr"": 0.5}]",3.13,"one culture per strain x analyte: no grouped inner CV, default hyperparameters"
T1,native,loso,test=BW,analyte,F2.bg,lr,bal_acc,0.1075,0.0,0.1792,0.05,,,,390,20,1000,295,default,"[{""fold"": ""test=536"", ""C"": 0.1, ""src"": ""default"", ""thr"": 0.5}, {""fold"": ""test=BW"", ""C"": 0.1, ""src"": ""default"", ""thr"": 0.5}]",3.13,"one culture per strain x analyte: no grouped inner CV, default hyperparameters"
T1,native,loso,test=BW,analyte,F2.bg,lr,macro_f1,0.1025,0.0,0.194,,,,,390,20,1000,295,default,"[{""fold"": ""test=536"", ""C"": 0.1, ""src"": ""default"", ""thr"": 0.5}, {""fold"": ""test=BW"", ""C"": 0.1, ""src"": ""default"", ""thr"": 0.5}]",3.13,"one culture per strain x analyte: no grouped inner CV, default hyperparameters"
T1,native,loso,test=BW,analyte,F2.bg,lr,accuracy,0.0923,0.0,0.2144,0.1026,,,,390,20,1000,295,default,"[{""fold"": ""test=536"", ""C"": 0.1, ""src"": ""default"", ""thr"": 0.5}, {""fold"": ""test=BW"", ""C"": 0.1, ""src"": ""default"", ""thr"": 0.5}]",3.13,"one culture per strain x analyte: no grouped inner CV, default hyperparameters"
T1,native,loso,all,analyte,F2.bg,pca_lr,bal_acc,0.1108,0.0504,0.1527,0.05,,,,590,40,1000,295,default,"[{""fold"": ""test=536"", ""C"": 0.1, ""src"": ""default"", ""thr"": 0.5}, {""fold"": ""test=BW"", ""C"": 0.1, ""src"": ""default"", ""thr"": 0.5}]",1.79,"one culture per strain x analyte: no grouped inner CV, default hyperparameters"
T1,native,loso,all,analyte,F2.bg,pca_lr,macro_f1,0.1016,0.053,0.141,,,,,590,40,1000,295,default,"[{""fold"": ""test=536"", ""C"": 0.1, ""src"": ""default"", ""thr"": 0.5}, {""fold"": ""test=BW"", ""C"": 0.1, ""src"": ""default"", ""thr"": 0.5}]",1.79,"one culture per strain x analyte: no grouped inner CV, default hyperparameters"
T1,native,loso,all,analyte,F2.bg,pca_lr,accuracy,0.1034,0.0288,0.205,0.0847,,,,590,40,1000,295,default,"[{""fold"": ""test=536"", ""C"": 0.1, ""src"": ""default"", ""thr"": 0.5}, {""fold"": ""test=BW"", ""C"": 0.1, ""src"": ""default"", ""thr"": 0.5}]",1.79,"one culture per strain x analyte: no grouped inner CV, default hyperparameters"
T1,native,loso,all@culture,analyte,F2.bg,pca_lr,bal_acc,0.125,0.0556,0.1875,0.05,,,,40,40,1000,295,default,"[{""fold"": ""test=536"", ""C"": 0.1, ""src"": ""default"", ""thr"": 0.5}, {""fold"": ""test=BW"", ""C"": 0.1, ""src"": ""default"", ""thr"": 0.5}]",1.79,"one culture per strain x analyte: no grouped inner CV, default hyperparameters"
T1,native,loso,all@culture,analyte,F2.bg,pca_lr,macro_f1,0.0991,0.0424,0.1429,,,,,40,40,1000,295,default,"[{""fold"": ""test=536"", ""C"": 0.1, ""src"": ""default"", ""thr"": 0.5}, {""fold"": ""test=BW"", ""C"": 0.1, ""src"": ""default"", ""thr"": 0.5}]",1.79,"one culture per strain x analyte: no grouped inner CV, default hyperparameters"
T1,native,loso,all@culture,analyte,F2.bg,pca_lr,accuracy,0.125,0.025,0.25,,,,,40,40,1000,295,default,"[{""fold"": ""test=536"", ""C"": 0.1, ""src"": ""default"", ""thr"": 0.5}, {""fold"": ""test=BW"", ""C"": 0.1, ""src"": ""default"", ""thr"": 0.5}]",1.79,"one culture per strain x analyte: no grouped inner CV, default hyperparameters"
T1,native,loso,test=536,analyte,F2.bg,pca_lr,bal_acc,0.105,0.0231,0.175,0.05,,,,200,20,1000,295,default,"[{""fold"": ""test=536"", ""C"": 0.1, ""src"": ""default"", ""thr"": 0.5}, {""fold"": ""test=BW"", ""C"": 0.1, ""src"": ""default"", ""thr"": 0.5}]",1.79,"one culture per strain x analyte: no grouped inner CV, default hyperparameters"
T1,native,loso,test=536,analyte,F2.bg,pca_lr,macro_f1,0.0979,0.0095,0.1712,,,,,200,20,1000,295,default,"[{""fold"": ""test=536"", ""C"": 0.1, ""src"": ""default"", ""thr"": 0.5}, {""fold"": ""test=BW"", ""C"": 0.1, ""src"": ""default"", ""thr"": 0.5}]",1.79,"one culture per strain x analyte: no grouped inner CV, default hyperparameters"
T1,native,loso,test=536,analyte,F2.bg,pca_lr,accuracy,0.105,0.015,0.22,0.05,,,,200,20,1000,295,default,"[{""fold"": ""test=536"", ""C"": 0.1, ""src"": ""default"", ""thr"": 0.5}, {""fold"": ""test=BW"", ""C"": 0.1, ""src"": ""default"", ""thr"": 0.5}]",1.79,"one culture per strain x analyte: no grouped inner CV, default hyperparameters"
T1,native,loso,test=BW,analyte,F2.bg,pca_lr,bal_acc,0.115,0.0045,0.1917,0.05,,,,390,20,1000,295,default,"[{""fold"": ""test=536"", ""C"": 0.1, ""src"": ""default"", ""thr"": 0.5}, {""fold"": ""test=BW"", ""C"": 0.1, ""src"": ""default"", ""thr"": 0.5}]",1.79,"one culture per strain x analyte: no grouped inner CV, default hyperparameters"
T1,native,loso,test=BW,analyte,F2.bg,pca_lr,macro_f1,0.1068,0.0087,0.1981,,,,,390,20,1000,295,default,"[{""fold"": ""test=536"", ""C"": 0.1, ""src"": ""default"", ""thr"": 0.5}, {""fold"": ""test=BW"", ""C"": 0.1, ""src"": ""default"", ""thr"": 0.5}]",1.79,"one culture per strain x analyte: no grouped inner CV, default hyperparameters"
T1,native,loso,test=BW,analyte,F2.bg,pca_lr,accuracy,0.1026,0.0028,0.2415,0.1026,,,,390,20,1000,295,default,"[{""fold"": ""test=536"", ""C"": 0.1, ""src"": ""default"", ""thr"": 0.5}, {""fold"": ""test=BW"", ""C"": 0.1, ""src"": ""default"", ""thr"": 0.5}]",1.79,"one culture per strain x analyte: no grouped inner CV, default hyperparameters"
T1,native,loso,all,analyte,F2.bg,plsda,bal_acc,0.1427,0.0713,0.192,0.05,,,,590,40,1000,295,default,"[{""fold"": ""test=536"", ""n"": 10, ""src"": ""default"", ""thr"": 0.5}, {""fold"": ""test=BW"", ""n"": 10, ""src"": ""default"", ""thr"": 0.5}]",1.88,"one culture per strain x analyte: no grouped inner CV, default hyperparameters"
T1,native,loso,all,analyte,F2.bg,plsda,macro_f1,0.1276,0.058,0.1734,,,,,590,40,1000,295,default,"[{""fold"": ""test=536"", ""n"": 10, ""src"": ""default"", ""thr"": 0.5}, {""fold"": ""test=BW"", ""n"": 10, ""src"": ""default"", ""thr"": 0.5}]",1.88,"one culture per strain x analyte: no grouped inner CV, default hyperparameters"
T1,native,loso,all,analyte,F2.bg,plsda,accuracy,0.1407,0.05,0.2492,0.0847,,,,590,40,1000,295,default,"[{""fold"": ""test=536"", ""n"": 10, ""src"": ""default"", ""thr"": 0.5}, {""fold"": ""test=BW"", ""n"": 10, ""src"": ""default"", ""thr"": 0.5}]",1.88,"one culture per strain x analyte: no grouped inner CV, default hyperparameters"
T1,native,loso,all@culture,analyte,F2.bg,plsda,bal_acc,0.175,0.0936,0.2353,0.05,,,,40,40,1000,295,default,"[{""fold"": ""test=536"", ""n"": 10, ""src"": ""default"", ""thr"": 0.5}, {""fold"": ""test=BW"", ""n"": 10, ""src"": ""default"", ""thr"": 0.5}]",1.88,"one culture per strain x analyte: no grouped inner CV, default hyperparameters"
T1,native,loso,all@culture,analyte,F2.bg,plsda,macro_f1,0.1533,0.0686,0.2091,,,,,40,40,1000,295,default,"[{""fold"": ""test=536"", ""n"": 10, ""src"": ""default"", ""thr"": 0.5}, {""fold"": ""test=BW"", ""n"": 10, ""src"": ""default"", ""thr"": 0.5}]",1.88,"one culture per strain x analyte: no grouped inner CV, default hyperparameters"
T1,native,loso,all@culture,analyte,F2.bg,plsda,accuracy,0.175,0.0744,0.3,,,,,40,40,1000,295,default,"[{""fold"": ""test=536"", ""n"": 10, ""src"": ""default"", ""thr"": 0.5}, {""fold"": ""test=BW"", ""n"": 10, ""src"": ""default"", ""thr"": 0.5}]",1.88,"one culture per strain x analyte: no grouped inner CV, default hyperparameters"
T1,native,loso,test=536,analyte,F2.bg,plsda,bal_acc,0.15,0.0077,0.25,0.05,,,,200,20,1000,295,default,"[{""fold"": ""test=536"", ""n"": 10, ""src"": ""default"", ""thr"": 0.5}, {""fold"": ""test=BW"", ""n"": 10, ""src"": ""default"", ""thr"": 0.5}]",1.88,"one culture per strain x analyte: no grouped inner CV, default hyperparameters"
T1,native,loso,test=536,analyte,F2.bg,plsda,macro_f1,0.1115,0.014,0.2082,,,,,200,20,1000,295,default,"[{""fold"": ""test=536"", ""n"": 10, ""src"": ""default"", ""thr"": 0.5}, {""fold"": ""test=BW"", ""n"": 10, ""src"": ""default"", ""thr"": 0.5}]",1.88,"one culture per strain x analyte: no grouped inner CV, default hyperparameters"
T1,native,loso,test=536,analyte,F2.bg,plsda,accuracy,0.15,0.005,0.3106,0.05,,,,200,20,1000,295,default,"[{""fold"": ""test=536"", ""n"": 10, ""src"": ""default"", ""thr"": 0.5}, {""fold"": ""test=BW"", ""n"": 10, ""src"": ""default"", ""thr"": 0.5}]",1.88,"one culture per strain x analyte: no grouped inner CV, default hyperparameters"
T1,native,loso,test=BW,analyte,F2.bg,plsda,bal_acc,0.1437,0.0454,0.2313,0.05,,,,390,20,1000,295,default,"[{""fold"": ""test=536"", ""n"": 10, ""src"": ""default"", ""thr"": 0.5}, {""fold"": ""test=BW"", ""n"": 10, ""src"": ""default"", ""thr"": 0.5}]",1.88,"one culture per strain x analyte: no grouped inner CV, default hyperparameters"
T1,native,loso,test=BW,analyte,F2.bg,plsda,macro_f1,0.1526,0.0542,0.2586,,,,,390,20,1000,295,default,"[{""fold"": ""test=536"", ""n"": 10, ""src"": ""default"", ""thr"": 0.5}, {""fold"": ""test=BW"", ""n"": 10, ""src"": ""default"", ""thr"": 0.5}]",1.88,"one culture per strain x analyte: no grouped inner CV, default hyperparameters"
T1,native,loso,test=BW,analyte,F2.bg,plsda,accuracy,0.1359,0.0237,0.2795,0.1026,,,,390,20,1000,295,default,"[{""fold"": ""test=536"", ""n"": 10, ""src"": ""default"", ""thr"": 0.5}, {""fold"": ""test=BW"", ""n"": 10, ""src"": ""default"", ""thr"": 0.5}]",1.88,"one culture per strain x analyte: no grouped inner CV, default hyperparameters"
T1,native,loso,all,analyte,F2.bg,ncm,bal_acc,0.121,0.0611,0.1632,0.05,,,,590,40,1000,295,fixed,"[{""fold"": ""test=536"", ""src"": ""fixed"", ""thr"": 0.5}, {""fold"": ""test=BW"", ""src"": ""fixed"", ""thr"": 0.5}]",1.66,"one culture per strain x analyte: no grouped inner CV, default hyperparameters"
T1,native,loso,all,analyte,F2.bg,ncm,macro_f1,0.1013,0.0515,0.1452,,,,,590,40,1000,295,fixed,"[{""fold"": ""test=536"", ""src"": ""fixed"", ""thr"": 0.5}, {""fold"": ""test=BW"", ""src"": ""fixed"", ""thr"": 0.5}]",1.66,"one culture per strain x analyte: no grouped inner CV, default hyperparameters"
T1,native,loso,all,analyte,F2.bg,ncm,accuracy,0.1068,0.0384,0.1982,0.0847,,,,590,40,1000,295,fixed,"[{""fold"": ""test=536"", ""src"": ""fixed"", ""thr"": 0.5}, {""fold"": ""test=BW"", ""src"": ""fixed"", ""thr"": 0.5}]",1.66,"one culture per strain x analyte: no grouped inner CV, default hyperparameters"
T1,native,loso,all@culture,analyte,F2.bg,ncm,bal_acc,0.125,0.0556,0.1875,0.05,,,,40,40,1000,295,fixed,"[{""fold"": ""test=536"", ""src"": ""fixed"", ""thr"": 0.5}, {""fold"": ""test=BW"", ""src"": ""fixed"", ""thr"": 0.5}]",1.66,"one culture per strain x analyte: no grouped inner CV, default hyperparameters"
T1,native,loso,all@culture,analyte,F2.bg,ncm,macro_f1,0.1,0.0417,0.1429,,,,,40,40,1000,295,fixed,"[{""fold"": ""test=536"", ""src"": ""fixed"", ""thr"": 0.5}, {""fold"": ""test=BW"", ""src"": ""fixed"", ""thr"": 0.5}]",1.66,"one culture per strain x analyte: no grouped inner CV, default hyperparameters"
T1,native,loso,all@culture,analyte,F2.bg,ncm,accuracy,0.125,0.025,0.225,,,,,40,40,1000,295,fixed,"[{""fold"": ""test=536"", ""src"": ""fixed"", ""thr"": 0.5}, {""fold"": ""test=BW"", ""src"": ""fixed"", ""thr"": 0.5}]",1.66,"one culture per strain x analyte: no grouped inner CV, default hyperparameters"
T1,native,loso,test=536,analyte,F2.bg,ncm,bal_acc,0.14,0.0273,0.2333,0.05,,,,200,20,1000,295,fixed,"[{""fold"": ""test=536"", ""src"": ""fixed"", ""thr"": 0.5}, {""fold"": ""test=BW"", ""src"": ""fixed"", ""thr"": 0.5}]",1.66,"one culture per strain x analyte: no grouped inner CV, default hyperparameters"
T1,native,loso,test=536,analyte,F2.bg,ncm,macro_f1,0.1133,0.0194,0.2022,,,,,200,20,1000,295,fixed,"[{""fold"": ""test=536"", ""src"": ""fixed"", ""thr"": 0.5}, {""fold"": ""test=BW"", ""src"": ""fixed"", ""thr"": 0.5}]",1.66,"one culture per strain x analyte: no grouped inner CV, default hyperparameters"
T1,native,loso,test=536,analyte,F2.bg,ncm,accuracy,0.14,0.015,0.2851,0.05,,,,200,20,1000,295,fixed,"[{""fold"": ""test=536"", ""src"": ""fixed"", ""thr"": 0.5}, {""fold"": ""test=BW"", ""src"": ""fixed"", ""thr"": 0.5}]",1.66,"one culture per strain x analyte: no grouped inner CV, default hyperparameters"
T1,native,loso,test=BW,analyte,F2.bg,ncm,bal_acc,0.1113,0.0021,0.1854,0.05,,,,390,20,1000,295,fixed,"[{""fold"": ""test=536"", ""src"": ""fixed"", ""thr"": 0.5}, {""fold"": ""test=BW"", ""src"": ""fixed"", ""thr"": 0.5}]",1.66,"one culture per strain x analyte: no grouped inner CV, default hyperparameters"
T1,native,loso,test=BW,analyte,F2.bg,ncm,macro_f1,0.0991,0.0021,0.189,,,,,390,20,1000,295,fixed,"[{""fold"": ""test=536"", ""src"": ""fixed"", ""thr"": 0.5}, {""fold"": ""test=BW"", ""src"": ""fixed"", ""thr"": 0.5}]",1.66,"one culture per strain x analyte: no grouped inner CV, default hyperparameters"
T1,native,loso,test=BW,analyte,F2.bg,ncm,accuracy,0.0897,0.0026,0.2027,0.1026,,,,390,20,1000,295,fixed,"[{""fold"": ""test=536"", ""src"": ""fixed"", ""thr"": 0.5}, {""fold"": ""test=BW"", ""src"": ""fixed"", ""thr"": 0.5}]",1.66,"one culture per strain x analyte: no grouped inner CV, default hyperparameters"
T1,native,loso,all,analyte,F2.bg,hgb,bal_acc,0.0767,0.0092,0.12,0.05,,,,590,40,1000,295,fixed,"[{""fold"": ""test=536"", ""src"": ""fixed"", ""thr"": 0.5}, {""fold"": ""test=BW"", ""src"": ""fixed"", ""thr"": 0.5}]",46.37,"one culture per strain x analyte: no grouped inner CV, default hyperparameters"
T1,native,loso,all,analyte,F2.bg,hgb,macro_f1,0.0588,0.0086,0.0964,,,,,590,40,1000,295,fixed,"[{""fold"": ""test=536"", ""src"": ""fixed"", ""thr"": 0.5}, {""fold"": ""test=BW"", ""src"": ""fixed"", ""thr"": 0.5}]",46.37,"one culture per strain x analyte: no grouped inner CV, default hyperparameters"
T1,native,loso,all,analyte,F2.bg,hgb,accuracy,0.078,0.0074,0.1765,0.0847,,,,590,40,1000,295,fixed,"[{""fold"": ""test=536"", ""src"": ""fixed"", ""thr"": 0.5}, {""fold"": ""test=BW"", ""src"": ""fixed"", ""thr"": 0.5}]",46.37,"one culture per strain x analyte: no grouped inner CV, default hyperparameters"
T1,native,loso,all@culture,analyte,F2.bg,hgb,bal_acc,0.075,0.0,0.125,0.05,,,,40,40,1000,295,fixed,"[{""fold"": ""test=536"", ""src"": ""fixed"", ""thr"": 0.5}, {""fold"": ""test=BW"", ""src"": ""fixed"", ""thr"": 0.5}]",46.37,"one culture per strain x analyte: no grouped inner CV, default hyperparameters"
T1,native,loso,all@culture,analyte,F2.bg,hgb,macro_f1,0.0583,0.0,0.0859,,,,,40,40,1000,295,fixed,"[{""fold"": ""test=536"", ""src"": ""fixed"", ""thr"": 0.5}, {""fold"": ""test=BW"", ""src"": ""fixed"", ""thr"": 0.5}]",46.37,"one culture per strain x analyte: no grouped inner CV, default hyperparameters"
T1,native,loso,all@culture,analyte,F2.bg,hgb,accuracy,0.075,0.0,0.175,,,,,40,40,1000,295,fixed,"[{""fold"": ""test=536"", ""src"": ""fixed"", ""thr"": 0.5}, {""fold"": ""test=BW"", ""src"": ""fixed"", ""thr"": 0.5}]",46.37,"one culture per strain x analyte: no grouped inner CV, default hyperparameters"
T1,native,loso,test=536,analyte,F2.bg,hgb,bal_acc,0.04,0.0,0.07,0.05,,,,200,20,1000,295,fixed,"[{""fold"": ""test=536"", ""src"": ""fixed"", ""thr"": 0.5}, {""fold"": ""test=BW"", ""src"": ""fixed"", ""thr"": 0.5}]",46.37,"one culture per strain x analyte: no grouped inner CV, default hyperparameters"
T1,native,loso,test=536,analyte,F2.bg,hgb,macro_f1,0.0425,0.0,0.0871,,,,,200,20,1000,295,fixed,"[{""fold"": ""test=536"", ""src"": ""fixed"", ""thr"": 0.5}, {""fold"": ""test=BW"", ""src"": ""fixed"", ""thr"": 0.5}]",46.37,"one culture per strain x analyte: no grouped inner CV, default hyperparameters"
T1,native,loso,test=536,analyte,F2.bg,hgb,accuracy,0.04,0.0,0.1,0.05,,,,200,20,1000,295,fixed,"[{""fold"": ""test=536"", ""src"": ""fixed"", ""thr"": 0.5}, {""fold"": ""test=BW"", ""src"": ""fixed"", ""thr"": 0.5}]",46.37,"one culture per strain x analyte: no grouped inner CV, default hyperparameters"
T1,native,loso,test=BW,analyte,F2.bg,hgb,bal_acc,0.095,0.0,0.1727,0.05,,,,390,20,1000,295,fixed,"[{""fold"": ""test=536"", ""src"": ""fixed"", ""thr"": 0.5}, {""fold"": ""test=BW"", ""src"": ""fixed"", ""thr"": 0.5}]",46.37,"one culture per strain x analyte: no grouped inner CV, default hyperparameters"
T1,native,loso,test=BW,analyte,F2.bg,hgb,macro_f1,0.0629,0.0,0.1396,,,,,390,20,1000,295,fixed,"[{""fold"": ""test=536"", ""src"": ""fixed"", ""thr"": 0.5}, {""fold"": ""test=BW"", ""src"": ""fixed"", ""thr"": 0.5}]",46.37,"one culture per strain x analyte: no grouped inner CV, default hyperparameters"
T1,native,loso,test=BW,analyte,F2.bg,hgb,accuracy,0.0974,0.0,0.2474,0.1026,,,,390,20,1000,295,fixed,"[{""fold"": ""test=536"", ""src"": ""fixed"", ""thr"": 0.5}, {""fold"": ""test=BW"", ""src"": ""fixed"", ""thr"": 0.5}]",46.37,"one culture per strain x analyte: no grouped inner CV, default hyperparameters"
T1,native,loso,all,analyte,F2.bg,knn,bal_acc,0.1243,0.0647,0.1667,0.05,,,,590,40,1000,295,default,"[{""fold"": ""test=536"", ""k"": 5, ""src"": ""default"", ""thr"": 0.5}, {""fold"": ""test=BW"", ""k"": 5, ""src"": ""default"", ""thr"": 0.5}]",1.83,"one culture per strain x analyte: no grouped inner CV, default hyperparameters"
T1,native,loso,all,analyte,F2.bg,knn,macro_f1,0.1019,0.0526,0.1448,,,,,590,40,1000,295,default,"[{""fold"": ""test=536"", ""k"": 5, ""src"": ""default"", ""thr"": 0.5}, {""fold"": ""test=BW"", ""k"": 5, ""src"": ""default"", ""thr"": 0.5}]",1.83,"one culture per strain x analyte: no grouped inner CV, default hyperparameters"
T1,native,loso,all,analyte,F2.bg,knn,accuracy,0.1102,0.04,0.2035,0.0847,,,,590,40,1000,295,default,"[{""fold"": ""test=536"", ""k"": 5, ""src"": ""default"", ""thr"": 0.5}, {""fold"": ""test=BW"", ""k"": 5, ""src"": ""default"", ""thr"": 0.5}]",1.83,"one culture per strain x analyte: no grouped inner CV, default hyperparameters"
T1,native,loso,all@culture,analyte,F2.bg,knn,bal_acc,0.15,0.0625,0.1875,0.05,,,,40,40,1000,295,default,"[{""fold"": ""test=536"", ""k"": 5, ""src"": ""default"", ""thr"": 0.5}, {""fold"": ""test=BW"", ""k"": 5, ""src"": ""default"", ""thr"": 0.5}]",1.83,"one culture per strain x analyte: no grouped inner CV, default hyperparameters"
T1,native,loso,all@culture,analyte,F2.bg,knn,macro_f1,0.1067,0.0518,0.1528,,,,,40,40,1000,295,default,"[{""fold"": ""test=536"", ""k"": 5, ""src"": ""default"", ""thr"": 0.5}, {""fold"": ""test=BW"", ""k"": 5, ""src"": ""default"", ""thr"": 0.5}]",1.83,"one culture per strain x analyte: no grouped inner CV, default hyperparameters"
T1,native,loso,all@culture,analyte,F2.bg,knn,accuracy,0.15,0.05,0.275,,,,,40,40,1000,295,default,"[{""fold"": ""test=536"", ""k"": 5, ""src"": ""default"", ""thr"": 0.5}, {""fold"": ""test=BW"", ""k"": 5, ""src"": ""default"", ""thr"": 0.5}]",1.83,"one culture per strain x analyte: no grouped inner CV, default hyperparameters"
T1,native,loso,test=536,analyte,F2.bg,knn,bal_acc,0.145,0.0308,0.2417,0.05,,,,200,20,1000,295,default,"[{""fold"": ""test=536"", ""k"": 5, ""src"": ""default"", ""thr"": 0.5}, {""fold"": ""test=BW"", ""k"": 5, ""src"": ""default"", ""thr"": 0.5}]",1.83,"one culture per strain x analyte: no grouped inner CV, default hyperparameters"
T1,native,loso,test=536,analyte,F2.bg,knn,macro_f1,0.1101,0.0237,0.2053,,,,,200,20,1000,295,default,"[{""fold"": ""test=536"", ""k"": 5, ""src"": ""default"", ""thr"": 0.5}, {""fold"": ""test=BW"", ""k"": 5, ""src"": ""default"", ""thr"": 0.5}]",1.83,"one culture per strain x analyte: no grouped inner CV, default hyperparameters"
T1,native,loso,test=536,analyte,F2.bg,knn,accuracy,0.145,0.0299,0.29,0.05,,,,200,20,1000,295,default,"[{""fold"": ""test=536"", ""k"": 5, ""src"": ""default"", ""thr"": 0.5}, {""fold"": ""test=BW"", ""k"": 5, ""src"": ""default"", ""thr"": 0.5}]",1.83,"one culture per strain x analyte: no grouped inner CV, default hyperparameters"
T1,native,loso,test=BW,analyte,F2.bg,knn,bal_acc,0.1137,0.0021,0.1896,0.05,,,,390,20,1000,295,default,"[{""fold"": ""test=536"", ""k"": 5, ""src"": ""default"", ""thr"": 0.5}, {""fold"": ""test=BW"", ""k"": 5, ""src"": ""default"", ""thr"": 0.5}]",1.83,"one culture per strain x analyte: no grouped inner CV, default hyperparameters"
T1,native,loso,test=BW,analyte,F2.bg,knn,macro_f1,0.0964,0.0021,0.1909,,,,,390,20,1000,295,default,"[{""fold"": ""test=536"", ""k"": 5, ""src"": ""default"", ""thr"": 0.5}, {""fold"": ""test=BW"", ""k"": 5, ""src"": ""default"", ""thr"": 0.5}]",1.83,"one culture per strain x analyte: no grouped inner CV, default hyperparameters"
T1,native,loso,test=BW,analyte,F2.bg,knn,accuracy,0.0923,0.0026,0.2125,0.1026,,,,390,20,1000,295,default,"[{""fold"": ""test=536"", ""k"": 5, ""src"": ""default"", ""thr"": 0.5}, {""fold"": ""test=BW"", ""k"": 5, ""src"": ""default"", ""thr"": 0.5}]",1.83,"one culture per strain x analyte: no grouped inner CV, default hyperparameters"
T1,native,loso,all,analyte,F3.bg,majority,bal_acc,0.0433,0.0,0.1176,0.05,,,,590,40,1000,295,fixed,"[{""fold"": ""test=536"", ""src"": ""fixed"", ""thr"": 0.5}, {""fold"": ""test=BW"", ""src"": ""fixed"", ""thr"": 0.5}]",1.46,"one culture per strain x analyte: no grouped inner CV, default hyperparameters"
T1,native,loso,all,analyte,F3.bg,majority,macro_f1,0.0088,0.0,0.0245,,,,,590,40,1000,295,fixed,"[{""fold"": ""test=536"", ""src"": ""fixed"", ""thr"": 0.5}, {""fold"": ""test=BW"", ""src"": ""fixed"", ""thr"": 0.5}]",1.46,"one culture per strain x analyte: no grouped inner CV, default hyperparameters"
T1,native,loso,all,analyte,F3.bg,majority,accuracy,0.0508,0.0,0.1321,0.0847,,,,590,40,1000,295,fixed,"[{""fold"": ""test=536"", ""src"": ""fixed"", ""thr"": 0.5}, {""fold"": ""test=BW"", ""src"": ""fixed"", ""thr"": 0.5}]",1.46,"one culture per strain x analyte: no grouped inner CV, default hyperparameters"
T1,native,loso,all@culture,analyte,F3.bg,majority,bal_acc,0.05,0.0,0.1111,0.05,,,,40,40,1000,295,fixed,"[{""fold"": ""test=536"", ""src"": ""fixed"", ""thr"": 0.5}, {""fold"": ""test=BW"", ""src"": ""fixed"", ""thr"": 0.5}]",1.46,"one culture per strain x analyte: no grouped inner CV, default hyperparameters"
T1,native,loso,all@culture,analyte,F3.bg,majority,macro_f1,0.0091,0.0,0.0249,,,,,40,40,1000,295,fixed,"[{""fold"": ""test=536"", ""src"": ""fixed"", ""thr"": 0.5}, {""fold"": ""test=BW"", ""src"": ""fixed"", ""thr"": 0.5}]",1.46,"one culture per strain x analyte: no grouped inner CV, default hyperparameters"
T1,native,loso,all@culture,analyte,F3.bg,majority,accuracy,0.05,0.0,0.125,,,,,40,40,1000,295,fixed,"[{""fold"": ""test=536"", ""src"": ""fixed"", ""thr"": 0.5}, {""fold"": ""test=BW"", ""src"": ""fixed"", ""thr"": 0.5}]",1.46,"one culture per strain x analyte: no grouped inner CV, default hyperparameters"
T1,native,loso,test=536,analyte,F3.bg,majority,bal_acc,0.05,0.0,0.1,0.05,,,,200,20,1000,295,fixed,"[{""fold"": ""test=536"", ""src"": ""fixed"", ""thr"": 0.5}, {""fold"": ""test=BW"", ""src"": ""fixed"", ""thr"": 0.5}]",1.46,"one culture per strain x analyte: no grouped inner CV, default hyperparameters"
T1,native,loso,test=536,analyte,F3.bg,majority,macro_f1,0.0048,0.0,0.0237,,,,,200,20,1000,295,fixed,"[{""fold"": ""test=536"", ""src"": ""fixed"", ""thr"": 0.5}, {""fold"": ""test=BW"", ""src"": ""fixed"", ""thr"": 0.5}]",1.46,"one culture per strain x analyte: no grouped inner CV, default hyperparameters"
T1,native,loso,test=536,analyte,F3.bg,majority,accuracy,0.05,0.0,0.15,0.05,,,,200,20,1000,295,fixed,"[{""fold"": ""test=536"", ""src"": ""fixed"", ""thr"": 0.5}, {""fold"": ""test=BW"", ""src"": ""fixed"", ""thr"": 0.5}]",1.46,"one culture per strain x analyte: no grouped inner CV, default hyperparameters"
T1,native,loso,test=BW,analyte,F3.bg,majority,bal_acc,0.05,0.0,0.1,0.05,,,,390,20,1000,295,fixed,"[{""fold"": ""test=536"", ""src"": ""fixed"", ""thr"": 0.5}, {""fold"": ""test=BW"", ""src"": ""fixed"", ""thr"": 0.5}]",1.46,"one culture per strain x analyte: no grouped inner CV, default hyperparameters"
T1,native,loso,test=BW,analyte,F3.bg,majority,macro_f1,0.0049,0.0,0.026,,,,,390,20,1000,295,fixed,"[{""fold"": ""test=536"", ""src"": ""fixed"", ""thr"": 0.5}, {""fold"": ""test=BW"", ""src"": ""fixed"", ""thr"": 0.5}]",1.46,"one culture per strain x analyte: no grouped inner CV, default hyperparameters"
T1,native,loso,test=BW,analyte,F3.bg,majority,accuracy,0.0513,0.0,0.1668,0.1026,,,,390,20,1000,295,fixed,"[{""fold"": ""test=536"", ""src"": ""fixed"", ""thr"": 0.5}, {""fold"": ""test=BW"", ""src"": ""fixed"", ""thr"": 0.5}]",1.46,"one culture per strain x analyte: no grouped inner CV, default hyperparameters"
T1,native,loso,all,analyte,F3.bg,lr,bal_acc,0.1108,0.0312,0.1706,0.05,,,,590,40,1000,295,default,"[{""fold"": ""test=536"", ""C"": 0.1, ""src"": ""default"", ""thr"": 0.5}, {""fold"": ""test=BW"", ""C"": 0.1, ""src"": ""default"", ""thr"": 0.5}]",2.15,"one culture per strain x analyte: no grouped inner CV, default hyperparameters"
T1,native,loso,all,analyte,F3.bg,lr,macro_f1,0.1032,0.0308,0.1514,,,,,590,40,1000,295,default,"[{""fold"": ""test=536"", ""C"": 0.1, ""src"": ""default"", ""thr"": 0.5}, {""fold"": ""test=BW"", ""C"": 0.1, ""src"": ""default"", ""thr"": 0.5}]",2.15,"one culture per strain x analyte: no grouped inner CV, default hyperparameters"
T1,native,loso,all,analyte,F3.bg,lr,accuracy,0.1102,0.0228,0.2218,0.0847,,,,590,40,1000,295,default,"[{""fold"": ""test=536"", ""C"": 0.1, ""src"": ""default"", ""thr"": 0.5}, {""fold"": ""test=BW"", ""C"": 0.1, ""src"": ""default"", ""thr"": 0.5}]",2.15,"one culture per strain x analyte: no grouped inner CV, default hyperparameters"
T1,native,loso,all@culture,analyte,F3.bg,lr,bal_acc,0.1,0.0185,0.1719,0.05,,,,40,40,1000,295,default,"[{""fold"": ""test=536"", ""C"": 0.1, ""src"": ""default"", ""thr"": 0.5}, {""fold"": ""test=BW"", ""C"": 0.1, ""src"": ""default"", ""thr"": 0.5}]",2.15,"one culture per strain x analyte: no grouped inner CV, default hyperparameters"
T1,native,loso,all@culture,analyte,F3.bg,lr,macro_f1,0.0905,0.0073,0.1345,,,,,40,40,1000,295,default,"[{""fold"": ""test=536"", ""C"": 0.1, ""src"": ""default"", ""thr"": 0.5}, {""fold"": ""test=BW"", ""C"": 0.1, ""src"": ""default"", ""thr"": 0.5}]",2.15,"one culture per strain x analyte: no grouped inner CV, default hyperparameters"
T1,native,loso,all@culture,analyte,F3.bg,lr,accuracy,0.1,0.025,0.2,,,,,40,40,1000,295,default,"[{""fold"": ""test=536"", ""C"": 0.1, ""src"": ""default"", ""thr"": 0.5}, {""fold"": ""test=BW"", ""C"": 0.1, ""src"": ""default"", ""thr"": 0.5}]",2.15,"one culture per strain x analyte: no grouped inner CV, default hyperparameters"
T1,native,loso,test=536,analyte,F3.bg,lr,bal_acc,0.1,0.0,0.1818,0.05,,,,200,20,1000,295,default,"[{""fold"": ""test=536"", ""C"": 0.1, ""src"": ""default"", ""thr"": 0.5}, {""fold"": ""test=BW"", ""C"": 0.1, ""src"": ""default"", ""thr"": 0.5}]",2.15,"one culture per strain x analyte: no grouped inner CV, default hyperparameters"
T1,native,loso,test=536,analyte,F3.bg,lr,macro_f1,0.1,0.0,0.1818,,,,,200,20,1000,295,default,"[{""fold"": ""test=536"", ""C"": 0.1, ""src"": ""default"", ""thr"": 0.5}, {""fold"": ""test=BW"", ""C"": 0.1, ""src"": ""default"", ""thr"": 0.5}]",2.15,"one culture per strain x analyte: no grouped inner CV, default hyperparameters"
T1,native,loso,test=536,analyte,F3.bg,lr,accuracy,0.1,0.0,0.25,0.05,,,,200,20,1000,295,default,"[{""fold"": ""test=536"", ""C"": 0.1, ""src"": ""default"", ""thr"": 0.5}, {""fold"": ""test=BW"", ""C"": 0.1, ""src"": ""default"", ""thr"": 0.5}]",2.15,"one culture per strain x analyte: no grouped inner CV, default hyperparameters"
T1,native,loso,test=BW,analyte,F3.bg,lr,bal_acc,0.12,0.0182,0.2,0.05,,,,390,20,1000,295,default,"[{""fold"": ""test=536"", ""C"": 0.1, ""src"": ""default"", ""thr"": 0.5}, {""fold"": ""test=BW"", ""C"": 0.1, ""src"": ""default"", ""thr"": 0.5}]",2.15,"one culture per strain x analyte: no grouped inner CV, default hyperparameters"
T1,native,loso,test=BW,analyte,F3.bg,lr,macro_f1,0.1014,0.0251,0.1857,,,,,390,20,1000,295,default,"[{""fold"": ""test=536"", ""C"": 0.1, ""src"": ""default"", ""thr"": 0.5}, {""fold"": ""test=BW"", ""C"": 0.1, ""src"": ""default"", ""thr"": 0.5}]",2.15,"one culture per strain x analyte: no grouped inner CV, default hyperparameters"
T1,native,loso,test=BW,analyte,F3.bg,lr,accuracy,0.1154,0.0079,0.2703,0.1026,,,,390,20,1000,295,default,"[{""fold"": ""test=536"", ""C"": 0.1, ""src"": ""default"", ""thr"": 0.5}, {""fold"": ""test=BW"", ""C"": 0.1, ""src"": ""default"", ""thr"": 0.5}]",2.15,"one culture per strain x analyte: no grouped inner CV, default hyperparameters"
T1,native,loso,all,analyte,F3.bg,pca_lr,bal_acc,0.1142,0.0312,0.1765,0.05,,,,590,40,1000,295,default,"[{""fold"": ""test=536"", ""C"": 0.1, ""src"": ""default"", ""thr"": 0.5}, {""fold"": ""test=BW"", ""C"": 0.1, ""src"": ""default"", ""thr"": 0.5}]",1.99,"one culture per strain x analyte: no grouped inner CV, default hyperparameters"
T1,native,loso,all,analyte,F3.bg,pca_lr,macro_f1,0.1042,0.0309,0.1531,,,,,590,40,1000,295,default,"[{""fold"": ""test=536"", ""C"": 0.1, ""src"": ""default"", ""thr"": 0.5}, {""fold"": ""test=BW"", ""C"": 0.1, ""src"": ""default"", ""thr"": 0.5}]",1.99,"one culture per strain x analyte: no grouped inner CV, default hyperparameters"
T1,native,loso,all,analyte,F3.bg,pca_lr,accuracy,0.1136,0.0228,0.2293,0.0847,,,,590,40,1000,295,default,"[{""fold"": ""test=536"", ""C"": 0.1, ""src"": ""default"", ""thr"": 0.5}, {""fold"": ""test=BW"", ""C"": 0.1, ""src"": ""default"", ""thr"": 0.5}]",1.99,"one culture per strain x analyte: no grouped inner CV, default hyperparameters"
T1,native,loso,all@culture,analyte,F3.bg,pca_lr,bal_acc,0.1,0.0185,0.1719,0.05,,,,40,40,1000,295,default,"[{""fold"": ""test=536"", ""C"": 0.1, ""src"": ""default"", ""thr"": 0.5}, {""fold"": ""test=BW"", ""C"": 0.1, ""src"": ""default"", ""thr"": 0.5}]",1.99,"one culture per strain x analyte: no grouped inner CV, default hyperparameters"
T1,native,loso,all@culture,analyte,F3.bg,pca_lr,macro_f1,0.0905,0.0073,0.1345,,,,,40,40,1000,295,default,"[{""fold"": ""test=536"", ""C"": 0.1, ""src"": ""default"", ""thr"": 0.5}, {""fold"": ""test=BW"", ""C"": 0.1, ""src"": ""default"", ""thr"": 0.5}]",1.99,"one culture per strain x analyte: no grouped inner CV, default hyperparameters"
T1,native,loso,all@culture,analyte,F3.bg,pca_lr,accuracy,0.1,0.025,0.2,,,,,40,40,1000,295,default,"[{""fold"": ""test=536"", ""C"": 0.1, ""src"": ""default"", ""thr"": 0.5}, {""fold"": ""test=BW"", ""C"": 0.1, ""src"": ""default"", ""thr"": 0.5}]",1.99,"one culture per strain x analyte: no grouped inner CV, default hyperparameters"
T1,native,loso,test=536,analyte,F3.bg,pca_lr,bal_acc,0.1,0.0,0.1818,0.05,,,,200,20,1000,295,default,"[{""fold"": ""test=536"", ""C"": 0.1, ""src"": ""default"", ""thr"": 0.5}, {""fold"": ""test=BW"", ""C"": 0.1, ""src"": ""default"", ""thr"": 0.5}]",1.99,"one culture per strain x analyte: no grouped inner CV, default hyperparameters"
T1,native,loso,test=536,analyte,F3.bg,pca_lr,macro_f1,0.1,0.0,0.1818,,,,,200,20,1000,295,default,"[{""fold"": ""test=536"", ""C"": 0.1, ""src"": ""default"", ""thr"": 0.5}, {""fold"": ""test=BW"", ""C"": 0.1, ""src"": ""default"", ""thr"": 0.5}]",1.99,"one culture per strain x analyte: no grouped inner CV, default hyperparameters"
T1,native,loso,test=536,analyte,F3.bg,pca_lr,accuracy,0.1,0.0,0.25,0.05,,,,200,20,1000,295,default,"[{""fold"": ""test=536"", ""C"": 0.1, ""src"": ""default"", ""thr"": 0.5}, {""fold"": ""test=BW"", ""C"": 0.1, ""src"": ""default"", ""thr"": 0.5}]",1.99,"one culture per strain x analyte: no grouped inner CV, default hyperparameters"
T1,native,loso,test=BW,analyte,F3.bg,pca_lr,bal_acc,0.125,0.0182,0.2091,0.05,,,,390,20,1000,295,default,"[{""fold"": ""test=536"", ""C"": 0.1, ""src"": ""default"", ""thr"": 0.5}, {""fold"": ""test=BW"", ""C"": 0.1, ""src"": ""default"", ""thr"": 0.5}]",1.99,"one culture per strain x analyte: no grouped inner CV, default hyperparameters"
T1,native,loso,test=BW,analyte,F3.bg,pca_lr,macro_f1,0.1026,0.0256,0.1893,,,,,390,20,1000,295,default,"[{""fold"": ""test=536"", ""C"": 0.1, ""src"": ""default"", ""thr"": 0.5}, {""fold"": ""test=BW"", ""C"": 0.1, ""src"": ""default"", ""thr"": 0.5}]",1.99,"one culture per strain x analyte: no grouped inner CV, default hyperparameters"
T1,native,loso,test=BW,analyte,F3.bg,pca_lr,accuracy,0.1205,0.0079,0.2842,0.1026,,,,390,20,1000,295,default,"[{""fold"": ""test=536"", ""C"": 0.1, ""src"": ""default"", ""thr"": 0.5}, {""fold"": ""test=BW"", ""C"": 0.1, ""src"": ""default"", ""thr"": 0.5}]",1.99,"one culture per strain x analyte: no grouped inner CV, default hyperparameters"
T1,native,loso,all,analyte,F3.bg,plsda,bal_acc,0.1238,0.0596,0.1922,0.05,,,,590,40,1000,295,default,"[{""fold"": ""test=536"", ""n"": 10, ""src"": ""default"", ""thr"": 0.5}, {""fold"": ""test=BW"", ""n"": 10, ""src"": ""default"", ""thr"": 0.5}]",1.62,"one culture per strain x analyte: no grouped inner CV, default hyperparameters"
T1,native,loso,all,analyte,F3.bg,plsda,macro_f1,0.1316,0.0623,0.1874,,,,,590,40,1000,295,default,"[{""fold"": ""test=536"", ""n"": 10, ""src"": ""default"", ""thr"": 0.5}, {""fold"": ""test=BW"", ""n"": 10, ""src"": ""default"", ""thr"": 0.5}]",1.62,"one culture per strain x analyte: no grouped inner CV, default hyperparameters"
T1,native,loso,all,analyte,F3.bg,plsda,accuracy,0.1186,0.0393,0.2154,0.0847,,,,590,40,1000,295,default,"[{""fold"": ""test=536"", ""n"": 10, ""src"": ""default"", ""thr"": 0.5}, {""fold"": ""test=BW"", ""n"": 10, ""src"": ""default"", ""thr"": 0.5}]",1.62,"one culture per strain x analyte: no grouped inner CV, default hyperparameters"
T1,native,loso,all@culture,analyte,F3.bg,plsda,bal_acc,0.125,0.037,0.2059,0.05,,,,40,40,1000,295,default,"[{""fold"": ""test=536"", ""n"": 10, ""src"": ""default"", ""thr"": 0.5}, {""fold"": ""test=BW"", ""n"": 10, ""src"": ""default"", ""thr"": 0.5}]",1.62,"one culture per strain x analyte: no grouped inner CV, default hyperparameters"
T1,native,loso,all@culture,analyte,F3.bg,plsda,macro_f1,0.1233,0.0311,0.1877,,,,,40,40,1000,295,default,"[{""fold"": ""test=536"", ""n"": 10, ""src"": ""default"", ""thr"": 0.5}, {""fold"": ""test=BW"", ""n"": 10, ""src"": ""default"", ""thr"": 0.5}]",1.62,"one culture per strain x analyte: no grouped inner CV, default hyperparameters"
T1,native,loso,all@culture,analyte,F3.bg,plsda,accuracy,0.125,0.025,0.2256,,,,,40,40,1000,295,default,"[{""fold"": ""test=536"", ""n"": 10, ""src"": ""default"", ""thr"": 0.5}, {""fold"": ""test=BW"", ""n"": 10, ""src"": ""default"", ""thr"": 0.5}]",1.62,"one culture per strain x analyte: no grouped inner CV, default hyperparameters"
T1,native,loso,test=536,analyte,F3.bg,plsda,bal_acc,0.175,0.0538,0.2917,0.05,,,,200,20,1000,295,default,"[{""fold"": ""test=536"", ""n"": 10, ""src"": ""default"", ""thr"": 0.5}, {""fold"": ""test=BW"", ""n"": 10, ""src"": ""default"", ""thr"": 0.5}]",1.62,"one culture per strain x analyte: no grouped inner CV, default hyperparameters"
T1,native,loso,test=536,analyte,F3.bg,plsda,macro_f1,0.1449,0.0341,0.262,,,,,200,20,1000,295,default,"[{""fold"": ""test=536"", ""n"": 10, ""src"": ""default"", ""thr"": 0.5}, {""fold"": ""test=BW"", ""n"": 10, ""src"": ""default"", ""thr"": 0.5}]",1.62,"one culture per strain x analyte: no grouped inner CV, default hyperparameters"
T1,native,loso,test=536,analyte,F3.bg,plsda,accuracy,0.175,0.035,0.3451,0.05,,,,200,20,1000,295,default,"[{""fold"": ""test=536"", ""n"": 10, ""src"": ""default"", ""thr"": 0.5}, {""fold"": ""test=BW"", ""n"": 10, ""src"": ""default"", ""thr"": 0.5}]",1.62,"one culture per strain x analyte: no grouped inner CV, default hyperparameters"
T1,native,loso,test=BW,analyte,F3.bg,plsda,bal_acc,0.0938,0.0062,0.1562,0.05,,,,390,20,1000,295,default,"[{""fold"": ""test=536"", ""n"": 10, ""src"": ""default"", ""thr"": 0.5}, {""fold"": ""test=BW"", ""n"": 10, ""src"": ""default"", ""thr"": 0.5}]",1.62,"one culture per strain x analyte: no grouped inner CV, default hyperparameters"
T1,native,loso,test=BW,analyte,F3.bg,plsda,macro_f1,0.1106,0.0071,0.1884,,,,,390,20,1000,295,default,"[{""fold"": ""test=536"", ""n"": 10, ""src"": ""default"", ""thr"": 0.5}, {""fold"": ""test=BW"", ""n"": 10, ""src"": ""default"", ""thr"": 0.5}]",1.62,"one culture per strain x analyte: no grouped inner CV, default hyperparameters"
T1,native,loso,test=BW,analyte,F3.bg,plsda,accuracy,0.0897,0.0081,0.2154,0.1026,,,,390,20,1000,295,default,"[{""fold"": ""test=536"", ""n"": 10, ""src"": ""default"", ""thr"": 0.5}, {""fold"": ""test=BW"", ""n"": 10, ""src"": ""default"", ""thr"": 0.5}]",1.62,"one culture per strain x analyte: no grouped inner CV, default hyperparameters"
T1,native,loso,all,analyte,F3.bg,ncm,bal_acc,0.192,0.1127,0.2591,0.05,,,,590,40,1000,295,fixed,"[{""fold"": ""test=536"", ""src"": ""fixed"", ""thr"": 0.5}, {""fold"": ""test=BW"", ""src"": ""fixed"", ""thr"": 0.5}]",1.65,"one culture per strain x analyte: no grouped inner CV, default hyperparameters"
T1,native,loso,all,analyte,F3.bg,ncm,macro_f1,0.1464,0.0845,0.2043,,,,,590,40,1000,295,fixed,"[{""fold"": ""test=536"", ""src"": ""fixed"", ""thr"": 0.5}, {""fold"": ""test=BW"", ""src"": ""fixed"", ""thr"": 0.5}]",1.65,"one culture per strain x analyte: no grouped inner CV, default hyperparameters"
T1,native,loso,all,analyte,F3.bg,ncm,accuracy,0.1797,0.0732,0.3158,0.0847,,,,590,40,1000,295,fixed,"[{""fold"": ""test=536"", ""src"": ""fixed"", ""thr"": 0.5}, {""fold"": ""test=BW"", ""src"": ""fixed"", ""thr"": 0.5}]",1.65,"one culture per strain x analyte: no grouped inner CV, default hyperparameters"
T1,native,loso,all@culture,analyte,F3.bg,ncm,bal_acc,0.2,0.1053,0.2812,0.05,,,,40,40,1000,295,fixed,"[{""fold"": ""test=536"", ""src"": ""fixed"", ""thr"": 0.5}, {""fold"": ""test=BW"", ""src"": ""fixed"", ""thr"": 0.5}]",1.65,"one culture per strain x analyte: no grouped inner CV, default hyperparameters"
T1,native,loso,all@culture,analyte,F3.bg,ncm,macro_f1,0.1561,0.0764,0.223,,,,,40,40,1000,295,fixed,"[{""fold"": ""test=536"", ""src"": ""fixed"", ""thr"": 0.5}, {""fold"": ""test=BW"", ""src"": ""fixed"", ""thr"": 0.5}]",1.65,"one culture per strain x analyte: no grouped inner CV, default hyperparameters"
T1,native,loso,all@culture,analyte,F3.bg,ncm,accuracy,0.2,0.075,0.325,,,,,40,40,1000,295,fixed,"[{""fold"": ""test=536"", ""src"": ""fixed"", ""thr"": 0.5}, {""fold"": ""test=BW"", ""src"": ""fixed"", ""thr"": 0.5}]",1.65,"one culture per strain x analyte: no grouped inner CV, default hyperparameters"
T1,native,loso,test=536,analyte,F3.bg,ncm,bal_acc,0.17,0.0455,0.2833,0.05,,,,200,20,1000,295,fixed,"[{""fold"": ""test=536"", ""src"": ""fixed"", ""thr"": 0.5}, {""fold"": ""test=BW"", ""src"": ""fixed"", ""thr"": 0.5}]",1.65,"one culture per strain x analyte: no grouped inner CV, default hyperparameters"
T1,native,loso,test=536,analyte,F3.bg,ncm,macro_f1,0.1219,0.0254,0.2313,,,,,200,20,1000,295,fixed,"[{""fold"": ""test=536"", ""src"": ""fixed"", ""thr"": 0.5}, {""fold"": ""test=BW"", ""src"": ""fixed"", ""thr"": 0.5}]",1.65,"one culture per strain x analyte: no grouped inner CV, default hyperparameters"
T1,native,loso,test=536,analyte,F3.bg,ncm,accuracy,0.17,0.025,0.34,0.05,,,,200,20,1000,295,fixed,"[{""fold"": ""test=536"", ""src"": ""fixed"", ""thr"": 0.5}, {""fold"": ""test=BW"", ""src"": ""fixed"", ""thr"": 0.5}]",1.65,"one culture per strain x analyte: no grouped inner CV, default hyperparameters"
T1,native,loso,test=BW,analyte,F3.bg,ncm,bal_acc,0.2025,0.075,0.3375,0.05,,,,390,20,1000,295,fixed,"[{""fold"": ""test=536"", ""src"": ""fixed"", ""thr"": 0.5}, {""fold"": ""test=BW"", ""src"": ""fixed"", ""thr"": 0.5}]",1.65,"one culture per strain x analyte: no grouped inner CV, default hyperparameters"
T1,native,loso,test=BW,analyte,F3.bg,ncm,macro_f1,0.1658,0.0357,0.2956,,,,,390,20,1000,295,fixed,"[{""fold"": ""test=536"", ""src"": ""fixed"", ""thr"": 0.5}, {""fold"": ""test=BW"", ""src"": ""fixed"", ""thr"": 0.5}]",1.65,"one culture per strain x analyte: no grouped inner CV, default hyperparameters"
T1,native,loso,test=BW,analyte,F3.bg,ncm,accuracy,0.1846,0.035,0.3728,0.1026,,,,390,20,1000,295,fixed,"[{""fold"": ""test=536"", ""src"": ""fixed"", ""thr"": 0.5}, {""fold"": ""test=BW"", ""src"": ""fixed"", ""thr"": 0.5}]",1.65,"one culture per strain x analyte: no grouped inner CV, default hyperparameters"
T1,native,loso,all,analyte,F3.bg,hgb,bal_acc,0.0517,0.0107,0.1025,0.05,,,,590,40,1000,295,fixed,"[{""fold"": ""test=536"", ""src"": ""fixed"", ""thr"": 0.5}, {""fold"": ""test=BW"", ""src"": ""fixed"", ""thr"": 0.5}]",48.13,"one culture per strain x analyte: no grouped inner CV, default hyperparameters"
T1,native,loso,all,analyte,F3.bg,hgb,macro_f1,0.0461,0.0112,0.0846,,,,,590,40,1000,295,fixed,"[{""fold"": ""test=536"", ""src"": ""fixed"", ""thr"": 0.5}, {""fold"": ""test=BW"", ""src"": ""fixed"", ""thr"": 0.5}]",48.13,"one culture per strain x analyte: no grouped inner CV, default hyperparameters"
T1,native,loso,all,analyte,F3.bg,hgb,accuracy,0.0407,0.0085,0.0828,0.0847,,,,590,40,1000,295,fixed,"[{""fold"": ""test=536"", ""src"": ""fixed"", ""thr"": 0.5}, {""fold"": ""test=BW"", ""src"": ""fixed"", ""thr"": 0.5}]",48.13,"one culture per strain x analyte: no grouped inner CV, default hyperparameters"
T1,native,loso,all@culture,analyte,F3.bg,hgb,bal_acc,0.075,0.0,0.1501,0.05,,,,40,40,1000,295,fixed,"[{""fold"": ""test=536"", ""src"": ""fixed"", ""thr"": 0.5}, {""fold"": ""test=BW"", ""src"": ""fixed"", ""thr"": 0.5}]",48.13,"one culture per strain x analyte: no grouped inner CV, default hyperparameters"
T1,native,loso,all@culture,analyte,F3.bg,hgb,macro_f1,0.0561,0.0,0.1071,,,,,40,40,1000,295,fixed,"[{""fold"": ""test=536"", ""src"": ""fixed"", ""thr"": 0.5}, {""fold"": ""test=BW"", ""src"": ""fixed"", ""thr"": 0.5}]",48.13,"one culture per strain x analyte: no grouped inner CV, default hyperparameters"
T1,native,loso,all@culture,analyte,F3.bg,hgb,accuracy,0.075,0.0,0.175,,,,,40,40,1000,295,fixed,"[{""fold"": ""test=536"", ""src"": ""fixed"", ""thr"": 0.5}, {""fold"": ""test=BW"", ""src"": ""fixed"", ""thr"": 0.5}]",48.13,"one culture per strain x analyte: no grouped inner CV, default hyperparameters"
T1,native,loso,test=536,analyte,F3.bg,hgb,bal_acc,0.075,0.0077,0.1273,0.05,,,,200,20,1000,295,fixed,"[{""fold"": ""test=536"", ""src"": ""fixed"", ""thr"": 0.5}, {""fold"": ""test=BW"", ""src"": ""fixed"", ""thr"": 0.5}]",48.13,"one culture per strain x analyte: no grouped inner CV, default hyperparameters"
T1,native,loso,test=536,analyte,F3.bg,hgb,macro_f1,0.0639,0.0061,0.1441,,,,,200,20,1000,295,fixed,"[{""fold"": ""test=536"", ""src"": ""fixed"", ""thr"": 0.5}, {""fold"": ""test=BW"", ""src"": ""fixed"", ""thr"": 0.5}]",48.13,"one culture per strain x analyte: no grouped inner CV, default hyperparameters"
T1,native,loso,test=536,analyte,F3.bg,hgb,accuracy,0.075,0.005,0.17,0.05,,,,200,20,1000,295,fixed,"[{""fold"": ""test=536"", ""src"": ""fixed"", ""thr"": 0.5}, {""fold"": ""test=BW"", ""src"": ""fixed"", ""thr"": 0.5}]",48.13,"one culture per strain x analyte: no grouped inner CV, default hyperparameters"
T1,native,loso,test=BW,analyte,F3.bg,hgb,bal_acc,0.04,0.0,0.07,0.05,,,,390,20,1000,295,fixed,"[{""fold"": ""test=536"", ""src"": ""fixed"", ""thr"": 0.5}, {""fold"": ""test=BW"", ""src"": ""fixed"", ""thr"": 0.5}]",48.13,"one culture per strain x analyte: no grouped inner CV, default hyperparameters"
T1,native,loso,test=BW,analyte,F3.bg,hgb,macro_f1,0.0209,0.0,0.0482,,,,,390,20,1000,295,fixed,"[{""fold"": ""test=536"", ""src"": ""fixed"", ""thr"": 0.5}, {""fold"": ""test=BW"", ""src"": ""fixed"", ""thr"": 0.5}]",48.13,"one culture per strain x analyte: no grouped inner CV, default hyperparameters"
T1,native,loso,test=BW,analyte,F3.bg,hgb,accuracy,0.0231,0.0,0.0639,0.1026,,,,390,20,1000,295,fixed,"[{""fold"": ""test=536"", ""src"": ""fixed"", ""thr"": 0.5}, {""fold"": ""test=BW"", ""src"": ""fixed"", ""thr"": 0.5}]",48.13,"one culture per strain x analyte: no grouped inner CV, default hyperparameters"
T1,native,loso,all,analyte,F3.bg,knn,bal_acc,0.1923,0.1125,0.2601,0.05,,,,590,40,1000,295,default,"[{""fold"": ""test=536"", ""k"": 5, ""src"": ""default"", ""thr"": 0.5}, {""fold"": ""test=BW"", ""k"": 5, ""src"": ""default"", ""thr"": 0.5}]",1.96,"one culture per strain x analyte: no grouped inner CV, default hyperparameters"
T1,native,loso,all,analyte,F3.bg,knn,macro_f1,0.1476,0.0846,0.2062,,,,,590,40,1000,295,default,"[{""fold"": ""test=536"", ""k"": 5, ""src"": ""default"", ""thr"": 0.5}, {""fold"": ""test=BW"", ""k"": 5, ""src"": ""default"", ""thr"": 0.5}]",1.96,"one culture per strain x analyte: no grouped inner CV, default hyperparameters"
T1,native,loso,all,analyte,F3.bg,knn,accuracy,0.1814,0.0786,0.3158,0.0847,,,,590,40,1000,295,default,"[{""fold"": ""test=536"", ""k"": 5, ""src"": ""default"", ""thr"": 0.5}, {""fold"": ""test=BW"", ""k"": 5, ""src"": ""default"", ""thr"": 0.5}]",1.96,"one culture per strain x analyte: no grouped inner CV, default hyperparameters"
T1,native,loso,all@culture,analyte,F3.bg,knn,bal_acc,0.175,0.0882,0.2353,0.05,,,,40,40,1000,295,default,"[{""fold"": ""test=536"", ""k"": 5, ""src"": ""default"", ""thr"": 0.5}, {""fold"": ""test=BW"", ""k"": 5, ""src"": ""default"", ""thr"": 0.5}]",1.96,"one culture per strain x analyte: no grouped inner CV, default hyperparameters"
T1,native,loso,all@culture,analyte,F3.bg,knn,macro_f1,0.1211,0.0565,0.1746,,,,,40,40,1000,295,default,"[{""fold"": ""test=536"", ""k"": 5, ""src"": ""default"", ""thr"": 0.5}, {""fold"": ""test=BW"", ""k"": 5, ""src"": ""default"", ""thr"": 0.5}]",1.96,"one culture per strain x analyte: no grouped inner CV, default hyperparameters"
T1,native,loso,all@culture,analyte,F3.bg,knn,accuracy,0.175,0.075,0.3,,,,,40,40,1000,295,default,"[{""fold"": ""test=536"", ""k"": 5, ""src"": ""default"", ""thr"": 0.5}, {""fold"": ""test=BW"", ""k"": 5, ""src"": ""default"", ""thr"": 0.5}]",1.96,"one culture per strain x analyte: no grouped inner CV, default hyperparameters"
T1,native,loso,test=536,analyte,F3.bg,knn,bal_acc,0.175,0.0455,0.2917,0.05,,,,200,20,1000,295,default,"[{""fold"": ""test=536"", ""k"": 5, ""src"": ""default"", ""thr"": 0.5}, {""fold"": ""test=BW"", ""k"": 5, ""src"": ""default"", ""thr"": 0.5}]",1.96,"one culture per strain x analyte: no grouped inner CV, default hyperparameters"
T1,native,loso,test=536,analyte,F3.bg,knn,macro_f1,0.1248,0.0261,0.2338,,,,,200,20,1000,295,default,"[{""fold"": ""test=536"", ""k"": 5, ""src"": ""default"", ""thr"": 0.5}, {""fold"": ""test=BW"", ""k"": 5, ""src"": ""default"", ""thr"": 0.5}]",1.96,"one culture per strain x analyte: no grouped inner CV, default hyperparameters"
T1,native,loso,test=536,analyte,F3.bg,knn,accuracy,0.175,0.025,0.35,0.05,,,,200,20,1000,295,default,"[{""fold"": ""test=536"", ""k"": 5, ""src"": ""default"", ""thr"": 0.5}, {""fold"": ""test=BW"", ""k"": 5, ""src"": ""default"", ""thr"": 0.5}]",1.96,"one culture per strain x analyte: no grouped inner CV, default hyperparameters"
T1,native,loso,test=BW,analyte,F3.bg,knn,bal_acc,0.2,0.0769,0.3333,0.05,,,,390,20,1000,295,default,"[{""fold"": ""test=536"", ""k"": 5, ""src"": ""default"", ""thr"": 0.5}, {""fold"": ""test=BW"", ""k"": 5, ""src"": ""default"", ""thr"": 0.5}]",1.96,"one culture per strain x analyte: no grouped inner CV, default hyperparameters"
T1,native,loso,test=BW,analyte,F3.bg,knn,macro_f1,0.1656,0.0367,0.2947,,,,,390,20,1000,295,default,"[{""fold"": ""test=536"", ""k"": 5, ""src"": ""default"", ""thr"": 0.5}, {""fold"": ""test=BW"", ""k"": 5, ""src"": ""default"", ""thr"": 0.5}]",1.96,"one culture per strain x analyte: no grouped inner CV, default hyperparameters"
T1,native,loso,test=BW,analyte,F3.bg,knn,accuracy,0.1846,0.0473,0.3706,0.1026,,,,390,20,1000,295,default,"[{""fold"": ""test=536"", ""k"": 5, ""src"": ""default"", ""thr"": 0.5}, {""fold"": ""test=BW"", ""k"": 5, ""src"": ""default"", ""thr"": 0.5}]",1.96,"one culture per strain x analyte: no grouped inner CV, default hyperparameters"
T1,native,loso,all,analyte,F3.d1,majority,bal_acc,0.0433,0.0,0.1176,0.05,,,,590,40,1000,295,fixed,"[{""fold"": ""test=536"", ""src"": ""fixed"", ""thr"": 0.5}, {""fold"": ""test=BW"", ""src"": ""fixed"", ""thr"": 0.5}]",2.08,"one culture per strain x analyte: no grouped inner CV, default hyperparameters"
T1,native,loso,all,analyte,F3.d1,majority,macro_f1,0.0088,0.0,0.0245,,,,,590,40,1000,295,fixed,"[{""fold"": ""test=536"", ""src"": ""fixed"", ""thr"": 0.5}, {""fold"": ""test=BW"", ""src"": ""fixed"", ""thr"": 0.5}]",2.08,"one culture per strain x analyte: no grouped inner CV, default hyperparameters"
T1,native,loso,all,analyte,F3.d1,majority,accuracy,0.0508,0.0,0.1321,0.0847,,,,590,40,1000,295,fixed,"[{""fold"": ""test=536"", ""src"": ""fixed"", ""thr"": 0.5}, {""fold"": ""test=BW"", ""src"": ""fixed"", ""thr"": 0.5}]",2.08,"one culture per strain x analyte: no grouped inner CV, default hyperparameters"
T1,native,loso,all@culture,analyte,F3.d1,majority,bal_acc,0.05,0.0,0.1111,0.05,,,,40,40,1000,295,fixed,"[{""fold"": ""test=536"", ""src"": ""fixed"", ""thr"": 0.5}, {""fold"": ""test=BW"", ""src"": ""fixed"", ""thr"": 0.5}]",2.08,"one culture per strain x analyte: no grouped inner CV, default hyperparameters"
T1,native,loso,all@culture,analyte,F3.d1,majority,macro_f1,0.0091,0.0,0.0249,,,,,40,40,1000,295,fixed,"[{""fold"": ""test=536"", ""src"": ""fixed"", ""thr"": 0.5}, {""fold"": ""test=BW"", ""src"": ""fixed"", ""thr"": 0.5}]",2.08,"one culture per strain x analyte: no grouped inner CV, default hyperparameters"
T1,native,loso,all@culture,analyte,F3.d1,majority,accuracy,0.05,0.0,0.125,,,,,40,40,1000,295,fixed,"[{""fold"": ""test=536"", ""src"": ""fixed"", ""thr"": 0.5}, {""fold"": ""test=BW"", ""src"": ""fixed"", ""thr"": 0.5}]",2.08,"one culture per strain x analyte: no grouped inner CV, default hyperparameters"
T1,native,loso,test=536,analyte,F3.d1,majority,bal_acc,0.05,0.0,0.1,0.05,,,,200,20,1000,295,fixed,"[{""fold"": ""test=536"", ""src"": ""fixed"", ""thr"": 0.5}, {""fold"": ""test=BW"", ""src"": ""fixed"", ""thr"": 0.5}]",2.08,"one culture per strain x analyte: no grouped inner CV, default hyperparameters"
T1,native,loso,test=536,analyte,F3.d1,majority,macro_f1,0.0048,0.0,0.0237,,,,,200,20,1000,295,fixed,"[{""fold"": ""test=536"", ""src"": ""fixed"", ""thr"": 0.5}, {""fold"": ""test=BW"", ""src"": ""fixed"", ""thr"": 0.5}]",2.08,"one culture per strain x analyte: no grouped inner CV, default hyperparameters"
T1,native,loso,test=536,analyte,F3.d1,majority,accuracy,0.05,0.0,0.15,0.05,,,,200,20,1000,295,fixed,"[{""fold"": ""test=536"", ""src"": ""fixed"", ""thr"": 0.5}, {""fold"": ""test=BW"", ""src"": ""fixed"", ""thr"": 0.5}]",2.08,"one culture per strain x analyte: no grouped inner CV, default hyperparameters"
T1,native,loso,test=BW,analyte,F3.d1,majority,bal_acc,0.05,0.0,0.1,0.05,,,,390,20,1000,295,fixed,"[{""fold"": ""test=536"", ""src"": ""fixed"", ""thr"": 0.5}, {""fold"": ""test=BW"", ""src"": ""fixed"", ""thr"": 0.5}]",2.08,"one culture per strain x analyte: no grouped inner CV, default hyperparameters"
T1,native,loso,test=BW,analyte,F3.d1,majority,macro_f1,0.0049,0.0,0.026,,,,,390,20,1000,295,fixed,"[{""fold"": ""test=536"", ""src"": ""fixed"", ""thr"": 0.5}, {""fold"": ""test=BW"", ""src"": ""fixed"", ""thr"": 0.5}]",2.08,"one culture per strain x analyte: no grouped inner CV, default hyperparameters"
T1,native,loso,test=BW,analyte,F3.d1,majority,accuracy,0.0513,0.0,0.1668,0.1026,,,,390,20,1000,295,fixed,"[{""fold"": ""test=536"", ""src"": ""fixed"", ""thr"": 0.5}, {""fold"": ""test=BW"", ""src"": ""fixed"", ""thr"": 0.5}]",2.08,"one culture per strain x analyte: no grouped inner CV, default hyperparameters"
T1,native,loso,all,analyte,F3.d1,lr,bal_acc,0.1125,0.0511,0.1745,0.05,,,,590,40,1000,295,default,"[{""fold"": ""test=536"", ""C"": 0.1, ""src"": ""default"", ""thr"": 0.5}, {""fold"": ""test=BW"", ""C"": 0.1, ""src"": ""default"", ""thr"": 0.5}]",2.16,"one culture per strain x analyte: no grouped inner CV, default hyperparameters"
T1,native,loso,all,analyte,F3.d1,lr,macro_f1,0.0949,0.0268,0.1505,,,,,590,40,1000,295,default,"[{""fold"": ""test=536"", ""C"": 0.1, ""src"": ""default"", ""thr"": 0.5}, {""fold"": ""test=BW"", ""C"": 0.1, ""src"": ""default"", ""thr"": 0.5}]",2.16,"one culture per strain x analyte: no grouped inner CV, default hyperparameters"
T1,native,loso,all,analyte,F3.d1,lr,accuracy,0.1136,0.0316,0.2164,0.0847,,,,590,40,1000,295,default,"[{""fold"": ""test=536"", ""C"": 0.1, ""src"": ""default"", ""thr"": 0.5}, {""fold"": ""test=BW"", ""C"": 0.1, ""src"": ""default"", ""thr"": 0.5}]",2.16,"one culture per strain x analyte: no grouped inner CV, default hyperparameters"
T1,native,loso,all@culture,analyte,F3.d1,lr,bal_acc,0.125,0.0556,0.1875,0.05,,,,40,40,1000,295,default,"[{""fold"": ""test=536"", ""C"": 0.1, ""src"": ""default"", ""thr"": 0.5}, {""fold"": ""test=BW"", ""C"": 0.1, ""src"": ""default"", ""thr"": 0.5}]",2.16,"one culture per strain x analyte: no grouped inner CV, default hyperparameters"
T1,native,loso,all@culture,analyte,F3.d1,lr,macro_f1,0.1015,0.0214,0.1518,,,,,40,40,1000,295,default,"[{""fold"": ""test=536"", ""C"": 0.1, ""src"": ""default"", ""thr"": 0.5}, {""fold"": ""test=BW"", ""C"": 0.1, ""src"": ""default"", ""thr"": 0.5}]",2.16,"one culture per strain x analyte: no grouped inner CV, default hyperparameters"
T1,native,loso,all@culture,analyte,F3.d1,lr,accuracy,0.125,0.025,0.2256,,,,,40,40,1000,295,default,"[{""fold"": ""test=536"", ""C"": 0.1, ""src"": ""default"", ""thr"": 0.5}, {""fold"": ""test=BW"", ""C"": 0.1, ""src"": ""default"", ""thr"": 0.5}]",2.16,"one culture per strain x analyte: no grouped inner CV, default hyperparameters"
T1,native,loso,test=536,analyte,F3.d1,lr,bal_acc,0.135,0.0,0.225,0.05,,,,200,20,1000,295,default,"[{""fold"": ""test=536"", ""C"": 0.1, ""src"": ""default"", ""thr"": 0.5}, {""fold"": ""test=BW"", ""C"": 0.1, ""src"": ""default"", ""thr"": 0.5}]",2.16,"one culture per strain x analyte: no grouped inner CV, default hyperparameters"
T1,native,loso,test=536,analyte,F3.d1,lr,macro_f1,0.104,0.0,0.1989,,,,,200,20,1000,295,default,"[{""fold"": ""test=536"", ""C"": 0.1, ""src"": ""default"", ""thr"": 0.5}, {""fold"": ""test=BW"", ""C"": 0.1, ""src"": ""default"", ""thr"": 0.5}]",2.16,"one culture per strain x analyte: no grouped inner CV, default hyperparameters"
T1,native,loso,test=536,analyte,F3.d1,lr,accuracy,0.135,0.0,0.2902,0.05,,,,200,20,1000,295,default,"[{""fold"": ""test=536"", ""C"": 0.1, ""src"": ""default"", ""thr"": 0.5}, {""fold"": ""test=BW"", ""C"": 0.1, ""src"": ""default"", ""thr"": 0.5}]",2.16,"one culture per strain x analyte: no grouped inner CV, default hyperparameters"
T1,native,loso,test=BW,analyte,F3.d1,lr,bal_acc,0.1025,0.0143,0.1728,0.05,,,,390,20,1000,295,default,"[{""fold"": ""test=536"", ""C"": 0.1, ""src"": ""default"", ""thr"": 0.5}, {""fold"": ""test=BW"", ""C"": 0.1, ""src"": ""default"", ""thr"": 0.5}]",2.16,"one culture per strain x analyte: no grouped inner CV, default hyperparameters"
T1,native,loso,test=BW,analyte,F3.d1,lr,macro_f1,0.079,0.0096,0.1582,,,,,390,20,1000,295,default,"[{""fold"": ""test=536"", ""C"": 0.1, ""src"": ""default"", ""thr"": 0.5}, {""fold"": ""test=BW"", ""C"": 0.1, ""src"": ""default"", ""thr"": 0.5}]",2.16,"one culture per strain x analyte: no grouped inner CV, default hyperparameters"
T1,native,loso,test=BW,analyte,F3.d1,lr,accuracy,0.1026,0.0083,0.2421,0.1026,,,,390,20,1000,295,default,"[{""fold"": ""test=536"", ""C"": 0.1, ""src"": ""default"", ""thr"": 0.5}, {""fold"": ""test=BW"", ""C"": 0.1, ""src"": ""default"", ""thr"": 0.5}]",2.16,"one culture per strain x analyte: no grouped inner CV, default hyperparameters"
T1,native,loso,all,analyte,F3.d1,pca_lr,bal_acc,0.1,0.0417,0.151,0.05,,,,590,40,1000,295,default,"[{""fold"": ""test=536"", ""C"": 0.1, ""src"": ""default"", ""thr"": 0.5}, {""fold"": ""test=BW"", ""C"": 0.1, ""src"": ""default"", ""thr"": 0.5}]",1.79,"one culture per strain x analyte: no grouped inner CV, default hyperparameters"
T1,native,loso,all,analyte,F3.d1,pca_lr,macro_f1,0.0892,0.0258,0.1391,,,,,590,40,1000,295,default,"[{""fold"": ""test=536"", ""C"": 0.1, ""src"": ""default"", ""thr"": 0.5}, {""fold"": ""test=BW"", ""C"": 0.1, ""src"": ""default"", ""thr"": 0.5}]",1.79,"one culture per strain x analyte: no grouped inner CV, default hyperparameters"
T1,native,loso,all,analyte,F3.d1,pca_lr,accuracy,0.1,0.025,0.1985,0.0847,,,,590,40,1000,295,default,"[{""fold"": ""test=536"", ""C"": 0.1, ""src"": ""default"", ""thr"": 0.5}, {""fold"": ""test=BW"", ""C"": 0.1, ""src"": ""default"", ""thr"": 0.5}]",1.79,"one culture per strain x analyte: no grouped inner CV, default hyperparameters"
T1,native,loso,all@culture,analyte,F3.d1,pca_lr,bal_acc,0.1,0.0185,0.1719,0.05,,,,40,40,1000,295,default,"[{""fold"": ""test=536"", ""C"": 0.1, ""src"": ""default"", ""thr"": 0.5}, {""fold"": ""test=BW"", ""C"": 0.1, ""src"": ""default"", ""thr"": 0.5}]",1.79,"one culture per strain x analyte: no grouped inner CV, default hyperparameters"
T1,native,loso,all@culture,analyte,F3.d1,pca_lr,macro_f1,0.0944,0.0117,0.1405,,,,,40,40,1000,295,default,"[{""fold"": ""test=536"", ""C"": 0.1, ""src"": ""default"", ""thr"": 0.5}, {""fold"": ""test=BW"", ""C"": 0.1, ""src"": ""default"", ""thr"": 0.5}]",1.79,"one culture per strain x analyte: no grouped inner CV, default hyperparameters"
T1,native,loso,all@culture,analyte,F3.d1,pca_lr,accuracy,0.1,0.025,0.2,,,,,40,40,1000,295,default,"[{""fold"": ""test=536"", ""C"": 0.1, ""src"": ""default"", ""thr"": 0.5}, {""fold"": ""test=BW"", ""C"": 0.1, ""src"": ""default"", ""thr"": 0.5}]",1.79,"one culture per strain x analyte: no grouped inner CV, default hyperparameters"
T1,native,loso,test=536,analyte,F3.d1,pca_lr,bal_acc,0.11,0.0,0.1833,0.05,,,,200,20,1000,295,default,"[{""fold"": ""test=536"", ""C"": 0.1, ""src"": ""default"", ""thr"": 0.5}, {""fold"": ""test=BW"", ""C"": 0.1, ""src"": ""default"", ""thr"": 0.5}]",1.79,"one culture per strain x analyte: no grouped inner CV, default hyperparameters"
T1,native,loso,test=536,analyte,F3.d1,pca_lr,macro_f1,0.0905,0.0,0.1749,,,,,200,20,1000,295,default,"[{""fold"": ""test=536"", ""C"": 0.1, ""src"": ""default"", ""thr"": 0.5}, {""fold"": ""test=BW"", ""C"": 0.1, ""src"": ""default"", ""thr"": 0.5}]",1.79,"one culture per strain x analyte: no grouped inner CV, default hyperparameters"
T1,native,loso,test=536,analyte,F3.d1,pca_lr,accuracy,0.11,0.0,0.2401,0.05,,,,200,20,1000,295,default,"[{""fold"": ""test=536"", ""C"": 0.1, ""src"": ""default"", ""thr"": 0.5}, {""fold"": ""test=BW"", ""C"": 0.1, ""src"": ""default"", ""thr"": 0.5}]",1.79,"one culture per strain x analyte: no grouped inner CV, default hyperparameters"
T1,native,loso,test=BW,analyte,F3.d1,pca_lr,bal_acc,0.0975,0.0091,0.1651,0.05,,,,390,20,1000,295,default,"[{""fold"": ""test=536"", ""C"": 0.1, ""src"": ""default"", ""thr"": 0.5}, {""fold"": ""test=BW"", ""C"": 0.1, ""src"": ""default"", ""thr"": 0.5}]",1.79,"one culture per strain x analyte: no grouped inner CV, default hyperparameters"
T1,native,loso,test=BW,analyte,F3.d1,pca_lr,macro_f1,0.0851,0.0047,0.1674,,,,,390,20,1000,295,default,"[{""fold"": ""test=536"", ""C"": 0.1, ""src"": ""default"", ""thr"": 0.5}, {""fold"": ""test=BW"", ""C"": 0.1, ""src"": ""default"", ""thr"": 0.5}]",1.79,"one culture per strain x analyte: no grouped inner CV, default hyperparameters"
T1,native,loso,test=BW,analyte,F3.d1,pca_lr,accuracy,0.0949,0.005,0.2275,0.1026,,,,390,20,1000,295,default,"[{""fold"": ""test=536"", ""C"": 0.1, ""src"": ""default"", ""thr"": 0.5}, {""fold"": ""test=BW"", ""C"": 0.1, ""src"": ""default"", ""thr"": 0.5}]",1.79,"one culture per strain x analyte: no grouped inner CV, default hyperparameters"
T1,native,loso,all,analyte,F3.d1,plsda,bal_acc,0.0858,0.0137,0.1722,0.05,,,,590,40,1000,295,default,"[{""fold"": ""test=536"", ""n"": 10, ""src"": ""default"", ""thr"": 0.5}, {""fold"": ""test=BW"", ""n"": 10, ""src"": ""default"", ""thr"": 0.5}]",1.57,"one culture per strain x analyte: no grouped inner CV, default hyperparameters"
T1,native,loso,all,analyte,F3.d1,plsda,macro_f1,0.085,0.0183,0.1435,,,,,590,40,1000,295,default,"[{""fold"": ""test=536"", ""n"": 10, ""src"": ""default"", ""thr"": 0.5}, {""fold"": ""test=BW"", ""n"": 10, ""src"": ""default"", ""thr"": 0.5}]",1.57,"one culture per strain x analyte: no grouped inner CV, default hyperparameters"
T1,native,loso,all,analyte,F3.d1,plsda,accuracy,0.0864,0.0167,0.1852,0.0847,,,,590,40,1000,295,default,"[{""fold"": ""test=536"", ""n"": 10, ""src"": ""default"", ""thr"": 0.5}, {""fold"": ""test=BW"", ""n"": 10, ""src"": ""default"", ""thr"": 0.5}]",1.57,"one culture per strain x analyte: no grouped inner CV, default hyperparameters"
T1,native,loso,all@culture,analyte,F3.d1,plsda,bal_acc,0.1,0.0208,0.1667,0.05,,,,40,40,1000,295,default,"[{""fold"": ""test=536"", ""n"": 10, ""src"": ""default"", ""thr"": 0.5}, {""fold"": ""test=BW"", ""n"": 10, ""src"": ""default"", ""thr"": 0.5}]",1.57,"one culture per strain x analyte: no grouped inner CV, default hyperparameters"
T1,native,loso,all@culture,analyte,F3.d1,plsda,macro_f1,0.085,0.0222,0.1417,,,,,40,40,1000,295,default,"[{""fold"": ""test=536"", ""n"": 10, ""src"": ""default"", ""thr"": 0.5}, {""fold"": ""test=BW"", ""n"": 10, ""src"": ""default"", ""thr"": 0.5}]",1.57,"one culture per strain x analyte: no grouped inner CV, default hyperparameters"
T1,native,loso,all@culture,analyte,F3.d1,plsda,accuracy,0.1,0.025,0.2,,,,,40,40,1000,295,default,"[{""fold"": ""test=536"", ""n"": 10, ""src"": ""default"", ""thr"": 0.5}, {""fold"": ""test=BW"", ""n"": 10, ""src"": ""default"", ""thr"": 0.5}]",1.57,"one culture per strain x analyte: no grouped inner CV, default hyperparameters"
T1,native,loso,test=536,analyte,F3.d1,plsda,bal_acc,0.15,0.0,0.25,0.05,,,,200,20,1000,295,default,"[{""fold"": ""test=536"", ""n"": 10, ""src"": ""default"", ""thr"": 0.5}, {""fold"": ""test=BW"", ""n"": 10, ""src"": ""default"", ""thr"": 0.5}]",1.57,"one culture per strain x analyte: no grouped inner CV, default hyperparameters"
T1,native,loso,test=536,analyte,F3.d1,plsda,macro_f1,0.0945,0.0,0.2129,,,,,200,20,1000,295,default,"[{""fold"": ""test=536"", ""n"": 10, ""src"": ""default"", ""thr"": 0.5}, {""fold"": ""test=BW"", ""n"": 10, ""src"": ""default"", ""thr"": 0.5}]",1.57,"one culture per strain x analyte: no grouped inner CV, default hyperparameters"
T1,native,loso,test=536,analyte,F3.d1,plsda,accuracy,0.15,0.0,0.3012,0.05,,,,200,20,1000,295,default,"[{""fold"": ""test=536"", ""n"": 10, ""src"": ""default"", ""thr"": 0.5}, {""fold"": ""test=BW"", ""n"": 10, ""src"": ""default"", ""thr"": 0.5}]",1.57,"one culture per strain x analyte: no grouped inner CV, default hyperparameters"
T1,native,loso,test=BW,analyte,F3.d1,plsda,bal_acc,0.055,0.0,0.1,0.05,,,,390,20,1000,295,default,"[{""fold"": ""test=536"", ""n"": 10, ""src"": ""default"", ""thr"": 0.5}, {""fold"": ""test=BW"", ""n"": 10, ""src"": ""default"", ""thr"": 0.5}]",1.57,"one culture per strain x analyte: no grouped inner CV, default hyperparameters"
T1,native,loso,test=BW,analyte,F3.d1,plsda,macro_f1,0.0591,0.0,0.1074,,,,,390,20,1000,295,default,"[{""fold"": ""test=536"", ""n"": 10, ""src"": ""default"", ""thr"": 0.5}, {""fold"": ""test=BW"", ""n"": 10, ""src"": ""default"", ""thr"": 0.5}]",1.57,"one culture per strain x analyte: no grouped inner CV, default hyperparameters"
T1,native,loso,test=BW,analyte,F3.d1,plsda,accuracy,0.0538,0.0,0.1695,0.1026,,,,390,20,1000,295,default,"[{""fold"": ""test=536"", ""n"": 10, ""src"": ""default"", ""thr"": 0.5}, {""fold"": ""test=BW"", ""n"": 10, ""src"": ""default"", ""thr"": 0.5}]",1.57,"one culture per strain x analyte: no grouped inner CV, default hyperparameters"
T1,native,loso,all,analyte,F3.d1,ncm,bal_acc,0.1233,0.0537,0.175,0.05,,,,590,40,1000,295,fixed,"[{""fold"": ""test=536"", ""src"": ""fixed"", ""thr"": 0.5}, {""fold"": ""test=BW"", ""src"": ""fixed"", ""thr"": 0.5}]",1.5,"one culture per strain x analyte: no grouped inner CV, default hyperparameters"
T1,native,loso,all,analyte,F3.d1,ncm,macro_f1,0.0994,0.0295,0.1491,,,,,590,40,1000,295,fixed,"[{""fold"": ""test=536"", ""src"": ""fixed"", ""thr"": 0.5}, {""fold"": ""test=BW"", ""src"": ""fixed"", ""thr"": 0.5}]",1.5,"one culture per strain x analyte: no grouped inner CV, default hyperparameters"
T1,native,loso,all,analyte,F3.d1,ncm,accuracy,0.1119,0.0316,0.2263,0.0847,,,,590,40,1000,295,fixed,"[{""fold"": ""test=536"", ""src"": ""fixed"", ""thr"": 0.5}, {""fold"": ""test=BW"", ""src"": ""fixed"", ""thr"": 0.5}]",1.5,"one culture per strain x analyte: no grouped inner CV, default hyperparameters"
T1,native,loso,all@culture,analyte,F3.d1,ncm,bal_acc,0.125,0.0588,0.1875,0.05,,,,40,40,1000,295,fixed,"[{""fold"": ""test=536"", ""src"": ""fixed"", ""thr"": 0.5}, {""fold"": ""test=BW"", ""src"": ""fixed"", ""thr"": 0.5}]",1.5,"one culture per strain x analyte: no grouped inner CV, default hyperparameters"
T1,native,loso,all@culture,analyte,F3.d1,ncm,macro_f1,0.0958,0.0185,0.1453,,,,,40,40,1000,295,fixed,"[{""fold"": ""test=536"", ""src"": ""fixed"", ""thr"": 0.5}, {""fold"": ""test=BW"", ""src"": ""fixed"", ""thr"": 0.5}]",1.5,"one culture per strain x analyte: no grouped inner CV, default hyperparameters"
T1,native,loso,all@culture,analyte,F3.d1,ncm,accuracy,0.125,0.025,0.225,,,,,40,40,1000,295,fixed,"[{""fold"": ""test=536"", ""src"": ""fixed"", ""thr"": 0.5}, {""fold"": ""test=BW"", ""src"": ""fixed"", ""thr"": 0.5}]",1.5,"one culture per strain x analyte: no grouped inner CV, default hyperparameters"
T1,native,loso,test=536,analyte,F3.d1,ncm,bal_acc,0.08,0.0083,0.1333,0.05,,,,200,20,1000,295,fixed,"[{""fold"": ""test=536"", ""src"": ""fixed"", ""thr"": 0.5}, {""fold"": ""test=BW"", ""src"": ""fixed"", ""thr"": 0.5}]",1.5,"one culture per strain x analyte: no grouped inner CV, default hyperparameters"
T1,native,loso,test=536,analyte,F3.d1,ncm,macro_f1,0.064,0.0074,0.1338,,,,,200,20,1000,295,fixed,"[{""fold"": ""test=536"", ""src"": ""fixed"", ""thr"": 0.5}, {""fold"": ""test=BW"", ""src"": ""fixed"", ""thr"": 0.5}]",1.5,"one culture per strain x analyte: no grouped inner CV, default hyperparameters"
T1,native,loso,test=536,analyte,F3.d1,ncm,accuracy,0.08,0.005,0.165,0.05,,,,200,20,1000,295,fixed,"[{""fold"": ""test=536"", ""src"": ""fixed"", ""thr"": 0.5}, {""fold"": ""test=BW"", ""src"": ""fixed"", ""thr"": 0.5}]",1.5,"one culture per strain x analyte: no grouped inner CV, default hyperparameters"
T1,native,loso,test=BW,analyte,F3.d1,ncm,bal_acc,0.15,0.0,0.25,0.05,,,,390,20,1000,295,fixed,"[{""fold"": ""test=536"", ""src"": ""fixed"", ""thr"": 0.5}, {""fold"": ""test=BW"", ""src"": ""fixed"", ""thr"": 0.5}]",1.5,"one culture per strain x analyte: no grouped inner CV, default hyperparameters"
T1,native,loso,test=BW,analyte,F3.d1,ncm,macro_f1,0.112,0.0,0.2106,,,,,390,20,1000,295,fixed,"[{""fold"": ""test=536"", ""src"": ""fixed"", ""thr"": 0.5}, {""fold"": ""test=BW"", ""src"": ""fixed"", ""thr"": 0.5}]",1.5,"one culture per strain x analyte: no grouped inner CV, default hyperparameters"
T1,native,loso,test=BW,analyte,F3.d1,ncm,accuracy,0.1282,0.0,0.2897,0.1026,,,,390,20,1000,295,fixed,"[{""fold"": ""test=536"", ""src"": ""fixed"", ""thr"": 0.5}, {""fold"": ""test=BW"", ""src"": ""fixed"", ""thr"": 0.5}]",1.5,"one culture per strain x analyte: no grouped inner CV, default hyperparameters"
T1,native,loso,all,analyte,F3.d1,hgb,bal_acc,0.115,0.066,0.1667,0.05,,,,590,40,1000,295,fixed,"[{""fold"": ""test=536"", ""src"": ""fixed"", ""thr"": 0.5}, {""fold"": ""test=BW"", ""src"": ""fixed"", ""thr"": 0.5}]",56.05,"one culture per strain x analyte: no grouped inner CV, default hyperparameters"
T1,native,loso,all,analyte,F3.d1,hgb,macro_f1,0.1094,0.0597,0.1586,,,,,590,40,1000,295,fixed,"[{""fold"": ""test=536"", ""src"": ""fixed"", ""thr"": 0.5}, {""fold"": ""test=BW"", ""src"": ""fixed"", ""thr"": 0.5}]",56.05,"one culture per strain x analyte: no grouped inner CV, default hyperparameters"
T1,native,loso,all,analyte,F3.d1,hgb,accuracy,0.1119,0.05,0.1887,0.0847,,,,590,40,1000,295,fixed,"[{""fold"": ""test=536"", ""src"": ""fixed"", ""thr"": 0.5}, {""fold"": ""test=BW"", ""src"": ""fixed"", ""thr"": 0.5}]",56.05,"one culture per strain x analyte: no grouped inner CV, default hyperparameters"
T1,native,loso,all@culture,analyte,F3.d1,hgb,bal_acc,0.125,0.0556,0.1765,0.05,,,,40,40,1000,295,fixed,"[{""fold"": ""test=536"", ""src"": ""fixed"", ""thr"": 0.5}, {""fold"": ""test=BW"", ""src"": ""fixed"", ""thr"": 0.5}]",56.05,"one culture per strain x analyte: no grouped inner CV, default hyperparameters"
T1,native,loso,all@culture,analyte,F3.d1,hgb,macro_f1,0.0817,0.0178,0.1349,,,,,40,40,1000,295,fixed,"[{""fold"": ""test=536"", ""src"": ""fixed"", ""thr"": 0.5}, {""fold"": ""test=BW"", ""src"": ""fixed"", ""thr"": 0.5}]",56.05,"one culture per strain x analyte: no grouped inner CV, default hyperparameters"
T1,native,loso,all@culture,analyte,F3.d1,hgb,accuracy,0.125,0.025,0.225,,,,,40,40,1000,295,fixed,"[{""fold"": ""test=536"", ""src"": ""fixed"", ""thr"": 0.5}, {""fold"": ""test=BW"", ""src"": ""fixed"", ""thr"": 0.5}]",56.05,"one culture per strain x analyte: no grouped inner CV, default hyperparameters"
T1,native,loso,test=536,analyte,F3.d1,hgb,bal_acc,0.135,0.05,0.2091,0.05,,,,200,20,1000,295,fixed,"[{""fold"": ""test=536"", ""src"": ""fixed"", ""thr"": 0.5}, {""fold"": ""test=BW"", ""src"": ""fixed"", ""thr"": 0.5}]",56.05,"one culture per strain x analyte: no grouped inner CV, default hyperparameters"
T1,native,loso,test=536,analyte,F3.d1,hgb,macro_f1,0.1181,0.0543,0.2123,,,,,200,20,1000,295,fixed,"[{""fold"": ""test=536"", ""src"": ""fixed"", ""thr"": 0.5}, {""fold"": ""test=BW"", ""src"": ""fixed"", ""thr"": 0.5}]",56.05,"one culture per strain x analyte: no grouped inner CV, default hyperparameters"
T1,native,loso,test=536,analyte,F3.d1,hgb,accuracy,0.135,0.04,0.26,0.05,,,,200,20,1000,295,fixed,"[{""fold"": ""test=536"", ""src"": ""fixed"", ""thr"": 0.5}, {""fold"": ""test=BW"", ""src"": ""fixed"", ""thr"": 0.5}]",56.05,"one culture per strain x analyte: no grouped inner CV, default hyperparameters"
T1,native,loso,test=BW,analyte,F3.d1,hgb,bal_acc,0.1125,0.0393,0.1833,0.05,,,,390,20,1000,295,fixed,"[{""fold"": ""test=536"", ""src"": ""fixed"", ""thr"": 0.5}, {""fold"": ""test=BW"", ""src"": ""fixed"", ""thr"": 0.5}]",56.05,"one culture per strain x analyte: no grouped inner CV, default hyperparameters"
T1,native,loso,test=BW,analyte,F3.d1,hgb,macro_f1,0.1162,0.0301,0.2017,,,,,390,20,1000,295,fixed,"[{""fold"": ""test=536"", ""src"": ""fixed"", ""thr"": 0.5}, {""fold"": ""test=BW"", ""src"": ""fixed"", ""thr"": 0.5}]",56.05,"one culture per strain x analyte: no grouped inner CV, default hyperparameters"
T1,native,loso,test=BW,analyte,F3.d1,hgb,accuracy,0.1,0.0233,0.195,0.1026,,,,390,20,1000,295,fixed,"[{""fold"": ""test=536"", ""src"": ""fixed"", ""thr"": 0.5}, {""fold"": ""test=BW"", ""src"": ""fixed"", ""thr"": 0.5}]",56.05,"one culture per strain x analyte: no grouped inner CV, default hyperparameters"
T1,native,loso,all,analyte,F3.d1,knn,bal_acc,0.1083,0.0258,0.1717,0.05,,,,590,40,1000,295,default,"[{""fold"": ""test=536"", ""k"": 5, ""src"": ""default"", ""thr"": 0.5}, {""fold"": ""test=BW"", ""k"": 5, ""src"": ""default"", ""thr"": 0.5}]",1.9,"one culture per strain x analyte: no grouped inner CV, default hyperparameters"
T1,native,loso,all,analyte,F3.d1,knn,macro_f1,0.0862,0.0156,0.1369,,,,,590,40,1000,295,default,"[{""fold"": ""test=536"", ""k"": 5, ""src"": ""default"", ""thr"": 0.5}, {""fold"": ""test=BW"", ""k"": 5, ""src"": ""default"", ""thr"": 0.5}]",1.9,"one culture per strain x analyte: no grouped inner CV, default hyperparameters"
T1,native,loso,all,analyte,F3.d1,knn,accuracy,0.1017,0.025,0.2064,0.0847,,,,590,40,1000,295,default,"[{""fold"": ""test=536"", ""k"": 5, ""src"": ""default"", ""thr"": 0.5}, {""fold"": ""test=BW"", ""k"": 5, ""src"": ""default"", ""thr"": 0.5}]",1.9,"one culture per strain x analyte: no grouped inner CV, default hyperparameters"
T1,native,loso,all@culture,analyte,F3.d1,knn,bal_acc,0.075,0.0,0.1569,0.05,,,,40,40,1000,295,default,"[{""fold"": ""test=536"", ""k"": 5, ""src"": ""default"", ""thr"": 0.5}, {""fold"": ""test=BW"", ""k"": 5, ""src"": ""default"", ""thr"": 0.5}]",1.9,"one culture per strain x analyte: no grouped inner CV, default hyperparameters"
T1,native,loso,all@culture,analyte,F3.d1,knn,macro_f1,0.0674,0.0,0.123,,,,,40,40,1000,295,default,"[{""fold"": ""test=536"", ""k"": 5, ""src"": ""default"", ""thr"": 0.5}, {""fold"": ""test=BW"", ""k"": 5, ""src"": ""default"", ""thr"": 0.5}]",1.9,"one culture per strain x analyte: no grouped inner CV, default hyperparameters"
T1,native,loso,all@culture,analyte,F3.d1,knn,accuracy,0.075,0.0,0.1506,,,,,40,40,1000,295,default,"[{""fold"": ""test=536"", ""k"": 5, ""src"": ""default"", ""thr"": 0.5}, {""fold"": ""test=BW"", ""k"": 5, ""src"": ""default"", ""thr"": 0.5}]",1.9,"one culture per strain x analyte: no grouped inner CV, default hyperparameters"
T1,native,loso,test=536,analyte,F3.d1,knn,bal_acc,0.025,0.0,0.0417,0.05,,,,200,20,1000,295,default,"[{""fold"": ""test=536"", ""k"": 5, ""src"": ""default"", ""thr"": 0.5}, {""fold"": ""test=BW"", ""k"": 5, ""src"": ""default"", ""thr"": 0.5}]",1.9,"one culture per strain x analyte: no grouped inner CV, default hyperparameters"
T1,native,loso,test=536,analyte,F3.d1,knn,macro_f1,0.0255,0.0,0.0562,,,,,200,20,1000,295,default,"[{""fold"": ""test=536"", ""k"": 5, ""src"": ""default"", ""thr"": 0.5}, {""fold"": ""test=BW"", ""k"": 5, ""src"": ""default"", ""thr"": 0.5}]",1.9,"one culture per strain x analyte: no grouped inner CV, default hyperparameters"
T1,native,loso,test=536,analyte,F3.d1,knn,accuracy,0.025,0.0,0.06,0.05,,,,200,20,1000,295,default,"[{""fold"": ""test=536"", ""k"": 5, ""src"": ""default"", ""thr"": 0.5}, {""fold"": ""test=BW"", ""k"": 5, ""src"": ""default"", ""thr"": 0.5}]",1.9,"one culture per strain x analyte: no grouped inner CV, default hyperparameters"
T1,native,loso,test=BW,analyte,F3.d1,knn,bal_acc,0.1625,0.0308,0.2708,0.05,,,,390,20,1000,295,default,"[{""fold"": ""test=536"", ""k"": 5, ""src"": ""default"", ""thr"": 0.5}, {""fold"": ""test=BW"", ""k"": 5, ""src"": ""default"", ""thr"": 0.5}]",1.9,"one culture per strain x analyte: no grouped inner CV, default hyperparameters"
T1,native,loso,test=BW,analyte,F3.d1,knn,macro_f1,0.1029,0.0083,0.2,,,,,390,20,1000,295,default,"[{""fold"": ""test=536"", ""k"": 5, ""src"": ""default"", ""thr"": 0.5}, {""fold"": ""test=BW"", ""k"": 5, ""src"": ""default"", ""thr"": 0.5}]",1.9,"one culture per strain x analyte: no grouped inner CV, default hyperparameters"
T1,native,loso,test=BW,analyte,F3.d1,knn,accuracy,0.141,0.021,0.2974,0.1026,,,,390,20,1000,295,default,"[{""fold"": ""test=536"", ""k"": 5, ""src"": ""default"", ""thr"": 0.5}, {""fold"": ""test=BW"", ""k"": 5, ""src"": ""default"", ""thr"": 0.5}]",1.9,"one culture per strain x analyte: no grouped inner CV, default hyperparameters"
T1,native,loso,all,analyte,F3.snv,majority,bal_acc,0.0433,0.0,0.1176,0.05,,,,590,40,1000,295,fixed,"[{""fold"": ""test=536"", ""src"": ""fixed"", ""thr"": 0.5}, {""fold"": ""test=BW"", ""src"": ""fixed"", ""thr"": 0.5}]",1.44,"one culture per strain x analyte: no grouped inner CV, default hyperparameters"
T1,native,loso,all,analyte,F3.snv,majority,macro_f1,0.0088,0.0,0.0245,,,,,590,40,1000,295,fixed,"[{""fold"": ""test=536"", ""src"": ""fixed"", ""thr"": 0.5}, {""fold"": ""test=BW"", ""src"": ""fixed"", ""thr"": 0.5}]",1.44,"one culture per strain x analyte: no grouped inner CV, default hyperparameters"
T1,native,loso,all,analyte,F3.snv,majority,accuracy,0.0508,0.0,0.1321,0.0847,,,,590,40,1000,295,fixed,"[{""fold"": ""test=536"", ""src"": ""fixed"", ""thr"": 0.5}, {""fold"": ""test=BW"", ""src"": ""fixed"", ""thr"": 0.5}]",1.44,"one culture per strain x analyte: no grouped inner CV, default hyperparameters"
T1,native,loso,all@culture,analyte,F3.snv,majority,bal_acc,0.05,0.0,0.1111,0.05,,,,40,40,1000,295,fixed,"[{""fold"": ""test=536"", ""src"": ""fixed"", ""thr"": 0.5}, {""fold"": ""test=BW"", ""src"": ""fixed"", ""thr"": 0.5}]",1.44,"one culture per strain x analyte: no grouped inner CV, default hyperparameters"
T1,native,loso,all@culture,analyte,F3.snv,majority,macro_f1,0.0091,0.0,0.0249,,,,,40,40,1000,295,fixed,"[{""fold"": ""test=536"", ""src"": ""fixed"", ""thr"": 0.5}, {""fold"": ""test=BW"", ""src"": ""fixed"", ""thr"": 0.5}]",1.44,"one culture per strain x analyte: no grouped inner CV, default hyperparameters"
T1,native,loso,all@culture,analyte,F3.snv,majority,accuracy,0.05,0.0,0.125,,,,,40,40,1000,295,fixed,"[{""fold"": ""test=536"", ""src"": ""fixed"", ""thr"": 0.5}, {""fold"": ""test=BW"", ""src"": ""fixed"", ""thr"": 0.5}]",1.44,"one culture per strain x analyte: no grouped inner CV, default hyperparameters"
T1,native,loso,test=536,analyte,F3.snv,majority,bal_acc,0.05,0.0,0.1,0.05,,,,200,20,1000,295,fixed,"[{""fold"": ""test=536"", ""src"": ""fixed"", ""thr"": 0.5}, {""fold"": ""test=BW"", ""src"": ""fixed"", ""thr"": 0.5}]",1.44,"one culture per strain x analyte: no grouped inner CV, default hyperparameters"
T1,native,loso,test=536,analyte,F3.snv,majority,macro_f1,0.0048,0.0,0.0237,,,,,200,20,1000,295,fixed,"[{""fold"": ""test=536"", ""src"": ""fixed"", ""thr"": 0.5}, {""fold"": ""test=BW"", ""src"": ""fixed"", ""thr"": 0.5}]",1.44,"one culture per strain x analyte: no grouped inner CV, default hyperparameters"
T1,native,loso,test=536,analyte,F3.snv,majority,accuracy,0.05,0.0,0.15,0.05,,,,200,20,1000,295,fixed,"[{""fold"": ""test=536"", ""src"": ""fixed"", ""thr"": 0.5}, {""fold"": ""test=BW"", ""src"": ""fixed"", ""thr"": 0.5}]",1.44,"one culture per strain x analyte: no grouped inner CV, default hyperparameters"
T1,native,loso,test=BW,analyte,F3.snv,majority,bal_acc,0.05,0.0,0.1,0.05,,,,390,20,1000,295,fixed,"[{""fold"": ""test=536"", ""src"": ""fixed"", ""thr"": 0.5}, {""fold"": ""test=BW"", ""src"": ""fixed"", ""thr"": 0.5}]",1.44,"one culture per strain x analyte: no grouped inner CV, default hyperparameters"
T1,native,loso,test=BW,analyte,F3.snv,majority,macro_f1,0.0049,0.0,0.026,,,,,390,20,1000,295,fixed,"[{""fold"": ""test=536"", ""src"": ""fixed"", ""thr"": 0.5}, {""fold"": ""test=BW"", ""src"": ""fixed"", ""thr"": 0.5}]",1.44,"one culture per strain x analyte: no grouped inner CV, default hyperparameters"
T1,native,loso,test=BW,analyte,F3.snv,majority,accuracy,0.0513,0.0,0.1668,0.1026,,,,390,20,1000,295,fixed,"[{""fold"": ""test=536"", ""src"": ""fixed"", ""thr"": 0.5}, {""fold"": ""test=BW"", ""src"": ""fixed"", ""thr"": 0.5}]",1.44,"one culture per strain x analyte: no grouped inner CV, default hyperparameters"
T1,native,loso,all,analyte,F3.snv,lr,bal_acc,0.1233,0.0533,0.2024,0.05,,,,590,40,1000,295,default,"[{""fold"": ""test=536"", ""C"": 0.1, ""src"": ""default"", ""thr"": 0.5}, {""fold"": ""test=BW"", ""C"": 0.1, ""src"": ""default"", ""thr"": 0.5}]",2.1,"one culture per strain x analyte: no grouped inner CV, default hyperparameters"
T1,native,loso,all,analyte,F3.snv,lr,macro_f1,0.1032,0.0298,0.1636,,,,,590,40,1000,295,default,"[{""fold"": ""test=536"", ""C"": 0.1, ""src"": ""default"", ""thr"": 0.5}, {""fold"": ""test=BW"", ""C"": 0.1, ""src"": ""default"", ""thr"": 0.5}]",2.1,"one culture per strain x analyte: no grouped inner CV, default hyperparameters"
T1,native,loso,all,analyte,F3.snv,lr,accuracy,0.1254,0.0373,0.24,0.0847,,,,590,40,1000,295,default,"[{""fold"": ""test=536"", ""C"": 0.1, ""src"": ""default"", ""thr"": 0.5}, {""fold"": ""test=BW"", ""C"": 0.1, ""src"": ""default"", ""thr"": 0.5}]",2.1,"one culture per strain x analyte: no grouped inner CV, default hyperparameters"
T1,native,loso,all@culture,analyte,F3.snv,lr,bal_acc,0.15,0.0588,0.2222,0.05,,,,40,40,1000,295,default,"[{""fold"": ""test=536"", ""C"": 0.1, ""src"": ""default"", ""thr"": 0.5}, {""fold"": ""test=BW"", ""C"": 0.1, ""src"": ""default"", ""thr"": 0.5}]",2.1,"one culture per strain x analyte: no grouped inner CV, default hyperparameters"
T1,native,loso,all@culture,analyte,F3.snv,lr,macro_f1,0.12,0.0392,0.1794,,,,,40,40,1000,295,default,"[{""fold"": ""test=536"", ""C"": 0.1, ""src"": ""default"", ""thr"": 0.5}, {""fold"": ""test=BW"", ""C"": 0.1, ""src"": ""default"", ""thr"": 0.5}]",2.1,"one culture per strain x analyte: no grouped inner CV, default hyperparameters"
T1,native,loso,all@culture,analyte,F3.snv,lr,accuracy,0.15,0.05,0.275,,,,,40,40,1000,295,default,"[{""fold"": ""test=536"", ""C"": 0.1, ""src"": ""default"", ""thr"": 0.5}, {""fold"": ""test=BW"", ""C"": 0.1, ""src"": ""default"", ""thr"": 0.5}]",2.1,"one culture per strain x analyte: no grouped inner CV, default hyperparameters"
T1,native,loso,test=536,analyte,F3.snv,lr,bal_acc,0.18,0.05,0.3,0.05,,,,200,20,1000,295,default,"[{""fold"": ""test=536"", ""C"": 0.1, ""src"": ""default"", ""thr"": 0.5}, {""fold"": ""test=BW"", ""C"": 0.1, ""src"": ""default"", ""thr"": 0.5}]",2.1,"one culture per strain x analyte: no grouped inner CV, default hyperparameters"
T1,native,loso,test=536,analyte,F3.snv,lr,macro_f1,0.1502,0.0201,0.261,,,,,200,20,1000,295,default,"[{""fold"": ""test=536"", ""C"": 0.1, ""src"": ""default"", ""thr"": 0.5}, {""fold"": ""test=BW"", ""C"": 0.1, ""src"": ""default"", ""thr"": 0.5}]",2.1,"one culture per strain x analyte: no grouped inner CV, default hyperparameters"
T1,native,loso,test=536,analyte,F3.snv,lr,accuracy,0.18,0.03,0.35,0.05,,,,200,20,1000,295,default,"[{""fold"": ""test=536"", ""C"": 0.1, ""src"": ""default"", ""thr"": 0.5}, {""fold"": ""test=BW"", ""C"": 0.1, ""src"": ""default"", ""thr"": 0.5}]",2.1,"one culture per strain x analyte: no grouped inner CV, default hyperparameters"
T1,native,loso,test=BW,analyte,F3.snv,lr,bal_acc,0.095,0.0,0.1727,0.05,,,,390,20,1000,295,default,"[{""fold"": ""test=536"", ""C"": 0.1, ""src"": ""default"", ""thr"": 0.5}, {""fold"": ""test=BW"", ""C"": 0.1, ""src"": ""default"", ""thr"": 0.5}]",2.1,"one culture per strain x analyte: no grouped inner CV, default hyperparameters"
T1,native,loso,test=BW,analyte,F3.snv,lr,macro_f1,0.0667,0.0,0.1413,,,,,390,20,1000,295,default,"[{""fold"": ""test=536"", ""C"": 0.1, ""src"": ""default"", ""thr"": 0.5}, {""fold"": ""test=BW"", ""C"": 0.1, ""src"": ""default"", ""thr"": 0.5}]",2.1,"one culture per strain x analyte: no grouped inner CV, default hyperparameters"
T1,native,loso,test=BW,analyte,F3.snv,lr,accuracy,0.0974,0.0,0.2411,0.1026,,,,390,20,1000,295,default,"[{""fold"": ""test=536"", ""C"": 0.1, ""src"": ""default"", ""thr"": 0.5}, {""fold"": ""test=BW"", ""C"": 0.1, ""src"": ""default"", ""thr"": 0.5}]",2.1,"one culture per strain x analyte: no grouped inner CV, default hyperparameters"
T1,native,loso,all,analyte,F3.snv,pca_lr,bal_acc,0.1033,0.0367,0.1882,0.05,,,,590,40,1000,295,default,"[{""fold"": ""test=536"", ""C"": 0.1, ""src"": ""default"", ""thr"": 0.5}, {""fold"": ""test=BW"", ""C"": 0.1, ""src"": ""default"", ""thr"": 0.5}]",2.06,"one culture per strain x analyte: no grouped inner CV, default hyperparameters"
T1,native,loso,all,analyte,F3.snv,pca_lr,macro_f1,0.0961,0.0228,0.1542,,,,,590,40,1000,295,default,"[{""fold"": ""test=536"", ""C"": 0.1, ""src"": ""default"", ""thr"": 0.5}, {""fold"": ""test=BW"", ""C"": 0.1, ""src"": ""default"", ""thr"": 0.5}]",2.06,"one culture per strain x analyte: no grouped inner CV, default hyperparameters"
T1,native,loso,all,analyte,F3.snv,pca_lr,accuracy,0.1051,0.0294,0.2036,0.0847,,,,590,40,1000,295,default,"[{""fold"": ""test=536"", ""C"": 0.1, ""src"": ""default"", ""thr"": 0.5}, {""fold"": ""test=BW"", ""C"": 0.1, ""src"": ""default"", ""thr"": 0.5}]",2.06,"one culture per strain x analyte: no grouped inner CV, default hyperparameters"
T1,native,loso,all@culture,analyte,F3.snv,pca_lr,bal_acc,0.125,0.0463,0.2,0.05,,,,40,40,1000,295,default,"[{""fold"": ""test=536"", ""C"": 0.1, ""src"": ""default"", ""thr"": 0.5}, {""fold"": ""test=BW"", ""C"": 0.1, ""src"": ""default"", ""thr"": 0.5}]",2.06,"one culture per strain x analyte: no grouped inner CV, default hyperparameters"
T1,native,loso,all@culture,analyte,F3.snv,pca_lr,macro_f1,0.1124,0.0348,0.1698,,,,,40,40,1000,295,default,"[{""fold"": ""test=536"", ""C"": 0.1, ""src"": ""default"", ""thr"": 0.5}, {""fold"": ""test=BW"", ""C"": 0.1, ""src"": ""default"", ""thr"": 0.5}]",2.06,"one culture per strain x analyte: no grouped inner CV, default hyperparameters"
T1,native,loso,all@culture,analyte,F3.snv,pca_lr,accuracy,0.125,0.025,0.225,,,,,40,40,1000,295,default,"[{""fold"": ""test=536"", ""C"": 0.1, ""src"": ""default"", ""thr"": 0.5}, {""fold"": ""test=BW"", ""C"": 0.1, ""src"": ""default"", ""thr"": 0.5}]",2.06,"one culture per strain x analyte: no grouped inner CV, default hyperparameters"
T1,native,loso,test=536,analyte,F3.snv,pca_lr,bal_acc,0.18,0.05,0.3,0.05,,,,200,20,1000,295,default,"[{""fold"": ""test=536"", ""C"": 0.1, ""src"": ""default"", ""thr"": 0.5}, {""fold"": ""test=BW"", ""C"": 0.1, ""src"": ""default"", ""thr"": 0.5}]",2.06,"one culture per strain x analyte: no grouped inner CV, default hyperparameters"
T1,native,loso,test=536,analyte,F3.snv,pca_lr,macro_f1,0.1497,0.0194,0.2609,,,,,200,20,1000,295,default,"[{""fold"": ""test=536"", ""C"": 0.1, ""src"": ""default"", ""thr"": 0.5}, {""fold"": ""test=BW"", ""C"": 0.1, ""src"": ""default"", ""thr"": 0.5}]",2.06,"one culture per strain x analyte: no grouped inner CV, default hyperparameters"
T1,native,loso,test=536,analyte,F3.snv,pca_lr,accuracy,0.18,0.03,0.35,0.05,,,,200,20,1000,295,default,"[{""fold"": ""test=536"", ""C"": 0.1, ""src"": ""default"", ""thr"": 0.5}, {""fold"": ""test=BW"", ""C"": 0.1, ""src"": ""default"", ""thr"": 0.5}]",2.06,"one culture per strain x analyte: no grouped inner CV, default hyperparameters"
T1,native,loso,test=BW,analyte,F3.snv,pca_lr,bal_acc,0.065,0.0,0.1182,0.05,,,,390,20,1000,295,default,"[{""fold"": ""test=536"", ""C"": 0.1, ""src"": ""default"", ""thr"": 0.5}, {""fold"": ""test=BW"", ""C"": 0.1, ""src"": ""default"", ""thr"": 0.5}]",2.06,"one culture per strain x analyte: no grouped inner CV, default hyperparameters"
T1,native,loso,test=BW,analyte,F3.snv,pca_lr,macro_f1,0.0585,0.0,0.1135,,,,,390,20,1000,295,default,"[{""fold"": ""test=536"", ""C"": 0.1, ""src"": ""default"", ""thr"": 0.5}, {""fold"": ""test=BW"", ""C"": 0.1, ""src"": ""default"", ""thr"": 0.5}]",2.06,"one culture per strain x analyte: no grouped inner CV, default hyperparameters"
T1,native,loso,test=BW,analyte,F3.snv,pca_lr,accuracy,0.0667,0.0,0.179,0.1026,,,,390,20,1000,295,default,"[{""fold"": ""test=536"", ""C"": 0.1, ""src"": ""default"", ""thr"": 0.5}, {""fold"": ""test=BW"", ""C"": 0.1, ""src"": ""default"", ""thr"": 0.5}]",2.06,"one culture per strain x analyte: no grouped inner CV, default hyperparameters"
T1,native,loso,all,analyte,F3.snv,plsda,bal_acc,0.2168,0.1313,0.2946,0.05,0.001,1000,0.0506,590,40,1000,295,default,"[{""fold"": ""test=536"", ""n"": 10, ""src"": ""default"", ""thr"": 0.5}, {""fold"": ""test=BW"", ""n"": 10, ""src"": ""default"", ""thr"": 0.5}]",1.54,"one culture per strain x analyte: no grouped inner CV, default hyperparameters"
T1,native,loso,all,analyte,F3.snv,plsda,macro_f1,0.1893,0.1122,0.2633,,,,,590,40,1000,295,default,"[{""fold"": ""test=536"", ""n"": 10, ""src"": ""default"", ""thr"": 0.5}, {""fold"": ""test=BW"", ""n"": 10, ""src"": ""default"", ""thr"": 0.5}]",1.54,"one culture per strain x analyte: no grouped inner CV, default hyperparameters"
T1,native,loso,all,analyte,F3.snv,plsda,accuracy,0.222,0.1136,0.3419,0.0847,,,,590,40,1000,295,default,"[{""fold"": ""test=536"", ""n"": 10, ""src"": ""default"", ""thr"": 0.5}, {""fold"": ""test=BW"", ""n"": 10, ""src"": ""default"", ""thr"": 0.5}]",1.54,"one culture per strain x analyte: no grouped inner CV, default hyperparameters"
T1,native,loso,all@culture,analyte,F3.snv,plsda,bal_acc,0.225,0.125,0.3235,0.05,,,,40,40,1000,295,default,"[{""fold"": ""test=536"", ""n"": 10, ""src"": ""default"", ""thr"": 0.5}, {""fold"": ""test=BW"", ""n"": 10, ""src"": ""default"", ""thr"": 0.5}]",1.54,"one culture per strain x analyte: no grouped inner CV, default hyperparameters"
T1,native,loso,all@culture,analyte,F3.snv,plsda,macro_f1,0.1983,0.098,0.2863,,,,,40,40,1000,295,default,"[{""fold"": ""test=536"", ""n"": 10, ""src"": ""default"", ""thr"": 0.5}, {""fold"": ""test=BW"", ""n"": 10, ""src"": ""default"", ""thr"": 0.5}]",1.54,"one culture per strain x analyte: no grouped inner CV, default hyperparameters"
T1,native,loso,all@culture,analyte,F3.snv,plsda,accuracy,0.225,0.1,0.35,,,,,40,40,1000,295,default,"[{""fold"": ""test=536"", ""n"": 10, ""src"": ""default"", ""thr"": 0.5}, {""fold"": ""test=BW"", ""n"": 10, ""src"": ""default"", ""thr"": 0.5}]",1.54,"one culture per strain x analyte: no grouped inner CV, default hyperparameters"
T1,native,loso,test=536,analyte,F3.snv,plsda,bal_acc,0.235,0.0833,0.3636,0.05,,,,200,20,1000,295,default,"[{""fold"": ""test=536"", ""n"": 10, ""src"": ""default"", ""thr"": 0.5}, {""fold"": ""test=BW"", ""n"": 10, ""src"": ""default"", ""thr"": 0.5}]",1.54,"one culture per strain x analyte: no grouped inner CV, default hyperparameters"
T1,native,loso,test=536,analyte,F3.snv,plsda,macro_f1,0.2007,0.0758,0.3373,,,,,200,20,1000,295,default,"[{""fold"": ""test=536"", ""n"": 10, ""src"": ""default"", ""thr"": 0.5}, {""fold"": ""test=BW"", ""n"": 10, ""src"": ""default"", ""thr"": 0.5}]",1.54,"one culture per strain x analyte: no grouped inner CV, default hyperparameters"
T1,native,loso,test=536,analyte,F3.snv,plsda,accuracy,0.235,0.05,0.4204,0.05,,,,200,20,1000,295,default,"[{""fold"": ""test=536"", ""n"": 10, ""src"": ""default"", ""thr"": 0.5}, {""fold"": ""test=BW"", ""n"": 10, ""src"": ""default"", ""thr"": 0.5}]",1.54,"one culture per strain x analyte: no grouped inner CV, default hyperparameters"
T1,native,loso,test=BW,analyte,F3.snv,plsda,bal_acc,0.1962,0.0824,0.3042,0.05,,,,390,20,1000,295,default,"[{""fold"": ""test=536"", ""n"": 10, ""src"": ""default"", ""thr"": 0.5}, {""fold"": ""test=BW"", ""n"": 10, ""src"": ""default"", ""thr"": 0.5}]",1.54,"one culture per strain x analyte: no grouped inner CV, default hyperparameters"
T1,native,loso,test=BW,analyte,F3.snv,plsda,macro_f1,0.1629,0.068,0.2873,,,,,390,20,1000,295,default,"[{""fold"": ""test=536"", ""n"": 10, ""src"": ""default"", ""thr"": 0.5}, {""fold"": ""test=BW"", ""n"": 10, ""src"": ""default"", ""thr"": 0.5}]",1.54,"one culture per strain x analyte: no grouped inner CV, default hyperparameters"
T1,native,loso,test=BW,analyte,F3.snv,plsda,accuracy,0.2154,0.0722,0.3773,0.1026,,,,390,20,1000,295,default,"[{""fold"": ""test=536"", ""n"": 10, ""src"": ""default"", ""thr"": 0.5}, {""fold"": ""test=BW"", ""n"": 10, ""src"": ""default"", ""thr"": 0.5}]",1.54,"one culture per strain x analyte: no grouped inner CV, default hyperparameters"
T1,native,loso,all,analyte,F3.snv,ncm,bal_acc,0.1817,0.1074,0.2389,0.05,,,,590,40,1000,295,fixed,"[{""fold"": ""test=536"", ""src"": ""fixed"", ""thr"": 0.5}, {""fold"": ""test=BW"", ""src"": ""fixed"", ""thr"": 0.5}]",1.47,"one culture per strain x analyte: no grouped inner CV, default hyperparameters"
T1,native,loso,all,analyte,F3.snv,ncm,macro_f1,0.1322,0.0714,0.1866,,,,,590,40,1000,295,fixed,"[{""fold"": ""test=536"", ""src"": ""fixed"", ""thr"": 0.5}, {""fold"": ""test=BW"", ""src"": ""fixed"", ""thr"": 0.5}]",1.47,"one culture per strain x analyte: no grouped inner CV, default hyperparameters"
T1,native,loso,all,analyte,F3.snv,ncm,accuracy,0.1678,0.0575,0.3052,0.0847,,,,590,40,1000,295,fixed,"[{""fold"": ""test=536"", ""src"": ""fixed"", ""thr"": 0.5}, {""fold"": ""test=BW"", ""src"": ""fixed"", ""thr"": 0.5}]",1.47,"one culture per strain x analyte: no grouped inner CV, default hyperparameters"
T1,native,loso,all@culture,analyte,F3.snv,ncm,bal_acc,0.175,0.0882,0.2353,0.05,,,,40,40,1000,295,fixed,"[{""fold"": ""test=536"", ""src"": ""fixed"", ""thr"": 0.5}, {""fold"": ""test=BW"", ""src"": ""fixed"", ""thr"": 0.5}]",1.47,"one culture per strain x analyte: no grouped inner CV, default hyperparameters"
T1,native,loso,all@culture,analyte,F3.snv,ncm,macro_f1,0.121,0.0588,0.1796,,,,,40,40,1000,295,fixed,"[{""fold"": ""test=536"", ""src"": ""fixed"", ""thr"": 0.5}, {""fold"": ""test=BW"", ""src"": ""fixed"", ""thr"": 0.5}]",1.47,"one culture per strain x analyte: no grouped inner CV, default hyperparameters"
T1,native,loso,all@culture,analyte,F3.snv,ncm,accuracy,0.175,0.0744,0.3,,,,,40,40,1000,295,fixed,"[{""fold"": ""test=536"", ""src"": ""fixed"", ""thr"": 0.5}, {""fold"": ""test=BW"", ""src"": ""fixed"", ""thr"": 0.5}]",1.47,"one culture per strain x analyte: no grouped inner CV, default hyperparameters"
T1,native,loso,test=536,analyte,F3.snv,ncm,bal_acc,0.155,0.0083,0.2583,0.05,,,,200,20,1000,295,fixed,"[{""fold"": ""test=536"", ""src"": ""fixed"", ""thr"": 0.5}, {""fold"": ""test=BW"", ""src"": ""fixed"", ""thr"": 0.5}]",1.47,"one culture per strain x analyte: no grouped inner CV, default hyperparameters"
T1,native,loso,test=536,analyte,F3.snv,ncm,macro_f1,0.1104,0.0059,0.2236,,,,,200,20,1000,295,fixed,"[{""fold"": ""test=536"", ""src"": ""fixed"", ""thr"": 0.5}, {""fold"": ""test=BW"", ""src"": ""fixed"", ""thr"": 0.5}]",1.47,"one culture per strain x analyte: no grouped inner CV, default hyperparameters"
T1,native,loso,test=536,analyte,F3.snv,ncm,accuracy,0.155,0.005,0.305,0.05,,,,200,20,1000,295,fixed,"[{""fold"": ""test=536"", ""src"": ""fixed"", ""thr"": 0.5}, {""fold"": ""test=BW"", ""src"": ""fixed"", ""thr"": 0.5}]",1.47,"one culture per strain x analyte: no grouped inner CV, default hyperparameters"
T1,native,loso,test=BW,analyte,F3.snv,ncm,bal_acc,0.195,0.0692,0.325,0.05,,,,390,20,1000,295,fixed,"[{""fold"": ""test=536"", ""src"": ""fixed"", ""thr"": 0.5}, {""fold"": ""test=BW"", ""src"": ""fixed"", ""thr"": 0.5}]",1.47,"one culture per strain x analyte: no grouped inner CV, default hyperparameters"
T1,native,loso,test=BW,analyte,F3.snv,ncm,macro_f1,0.1609,0.0322,0.2883,,,,,390,20,1000,295,fixed,"[{""fold"": ""test=536"", ""src"": ""fixed"", ""thr"": 0.5}, {""fold"": ""test=BW"", ""src"": ""fixed"", ""thr"": 0.5}]",1.47,"one culture per strain x analyte: no grouped inner CV, default hyperparameters"
T1,native,loso,test=BW,analyte,F3.snv,ncm,accuracy,0.1744,0.0277,0.3579,0.1026,,,,390,20,1000,295,fixed,"[{""fold"": ""test=536"", ""src"": ""fixed"", ""thr"": 0.5}, {""fold"": ""test=BW"", ""src"": ""fixed"", ""thr"": 0.5}]",1.47,"one culture per strain x analyte: no grouped inner CV, default hyperparameters"
T1,native,loso,all,analyte,F3.snv,hgb,bal_acc,0.0865,0.0394,0.1412,0.05,,,,590,40,1000,295,fixed,"[{""fold"": ""test=536"", ""src"": ""fixed"", ""thr"": 0.5}, {""fold"": ""test=BW"", ""src"": ""fixed"", ""thr"": 0.5}]",60.97,"one culture per strain x analyte: no grouped inner CV, default hyperparameters"
T1,native,loso,all,analyte,F3.snv,hgb,macro_f1,0.073,0.033,0.1204,,,,,590,40,1000,295,fixed,"[{""fold"": ""test=536"", ""src"": ""fixed"", ""thr"": 0.5}, {""fold"": ""test=BW"", ""src"": ""fixed"", ""thr"": 0.5}]",60.97,"one culture per strain x analyte: no grouped inner CV, default hyperparameters"
T1,native,loso,all,analyte,F3.snv,hgb,accuracy,0.0881,0.0348,0.1683,0.0847,,,,590,40,1000,295,fixed,"[{""fold"": ""test=536"", ""src"": ""fixed"", ""thr"": 0.5}, {""fold"": ""test=BW"", ""src"": ""fixed"", ""thr"": 0.5}]",60.97,"one culture per strain x analyte: no grouped inner CV, default hyperparameters"
T1,native,loso,all@culture,analyte,F3.snv,hgb,bal_acc,0.075,0.0,0.125,0.05,,,,40,40,1000,295,fixed,"[{""fold"": ""test=536"", ""src"": ""fixed"", ""thr"": 0.5}, {""fold"": ""test=BW"", ""src"": ""fixed"", ""thr"": 0.5}]",60.97,"one culture per strain x analyte: no grouped inner CV, default hyperparameters"
T1,native,loso,all@culture,analyte,F3.snv,hgb,macro_f1,0.0367,0.0,0.0762,,,,,40,40,1000,295,fixed,"[{""fold"": ""test=536"", ""src"": ""fixed"", ""thr"": 0.5}, {""fold"": ""test=BW"", ""src"": ""fixed"", ""thr"": 0.5}]",60.97,"one culture per strain x analyte: no grouped inner CV, default hyperparameters"
T1,native,loso,all@culture,analyte,F3.snv,hgb,accuracy,0.075,0.0,0.15,,,,,40,40,1000,295,fixed,"[{""fold"": ""test=536"", ""src"": ""fixed"", ""thr"": 0.5}, {""fold"": ""test=BW"", ""src"": ""fixed"", ""thr"": 0.5}]",60.97,"one culture per strain x analyte: no grouped inner CV, default hyperparameters"
T1,native,loso,test=536,analyte,F3.snv,hgb,bal_acc,0.11,0.0231,0.1819,0.05,,,,200,20,1000,295,fixed,"[{""fold"": ""test=536"", ""src"": ""fixed"", ""thr"": 0.5}, {""fold"": ""test=BW"", ""src"": ""fixed"", ""thr"": 0.5}]",60.97,"one culture per strain x analyte: no grouped inner CV, default hyperparameters"
T1,native,loso,test=536,analyte,F3.snv,hgb,macro_f1,0.0732,0.0245,0.16,,,,,200,20,1000,295,fixed,"[{""fold"": ""test=536"", ""src"": ""fixed"", ""thr"": 0.5}, {""fold"": ""test=BW"", ""src"": ""fixed"", ""thr"": 0.5}]",60.97,"one culture per strain x analyte: no grouped inner CV, default hyperparameters"
T1,native,loso,test=536,analyte,F3.snv,hgb,accuracy,0.11,0.02,0.2351,0.05,,,,200,20,1000,295,fixed,"[{""fold"": ""test=536"", ""src"": ""fixed"", ""thr"": 0.5}, {""fold"": ""test=BW"", ""src"": ""fixed"", ""thr"": 0.5}]",60.97,"one culture per strain x analyte: no grouped inner CV, default hyperparameters"
T1,native,loso,test=BW,analyte,F3.snv,hgb,bal_acc,0.0775,0.0115,0.1292,0.05,,,,390,20,1000,295,fixed,"[{""fold"": ""test=536"", ""src"": ""fixed"", ""thr"": 0.5}, {""fold"": ""test=BW"", ""src"": ""fixed"", ""thr"": 0.5}]",60.97,"one culture per strain x analyte: no grouped inner CV, default hyperparameters"
T1,native,loso,test=BW,analyte,F3.snv,hgb,macro_f1,0.0754,0.015,0.1422,,,,,390,20,1000,295,fixed,"[{""fold"": ""test=536"", ""src"": ""fixed"", ""thr"": 0.5}, {""fold"": ""test=BW"", ""src"": ""fixed"", ""thr"": 0.5}]",60.97,"one culture per strain x analyte: no grouped inner CV, default hyperparameters"
T1,native,loso,test=BW,analyte,F3.snv,hgb,accuracy,0.0769,0.0111,0.173,0.1026,,,,390,20,1000,295,fixed,"[{""fold"": ""test=536"", ""src"": ""fixed"", ""thr"": 0.5}, {""fold"": ""test=BW"", ""src"": ""fixed"", ""thr"": 0.5}]",60.97,"one culture per strain x analyte: no grouped inner CV, default hyperparameters"
T1,native,loso,all,analyte,F3.snv,knn,bal_acc,0.1908,0.108,0.252,0.05,,,,590,40,1000,295,default,"[{""fold"": ""test=536"", ""k"": 5, ""src"": ""default"", ""thr"": 0.5}, {""fold"": ""test=BW"", ""k"": 5, ""src"": ""default"", ""thr"": 0.5}]",1.47,"one culture per strain x analyte: no grouped inner CV, default hyperparameters"
T1,native,loso,all,analyte,F3.snv,knn,macro_f1,0.134,0.07,0.1919,,,,,590,40,1000,295,default,"[{""fold"": ""test=536"", ""k"": 5, ""src"": ""default"", ""thr"": 0.5}, {""fold"": ""test=BW"", ""k"": 5, ""src"": ""default"", ""thr"": 0.5}]",1.47,"one culture per strain x analyte: no grouped inner CV, default hyperparameters"
T1,native,loso,all,analyte,F3.snv,knn,accuracy,0.178,0.0727,0.3095,0.0847,,,,590,40,1000,295,default,"[{""fold"": ""test=536"", ""k"": 5, ""src"": ""default"", ""thr"": 0.5}, {""fold"": ""test=BW"", ""k"": 5, ""src"": ""default"", ""thr"": 0.5}]",1.47,"one culture per strain x analyte: no grouped inner CV, default hyperparameters"
T1,native,loso,all@culture,analyte,F3.snv,knn,bal_acc,0.175,0.0882,0.2353,0.05,,,,40,40,1000,295,default,"[{""fold"": ""test=536"", ""k"": 5, ""src"": ""default"", ""thr"": 0.5}, {""fold"": ""test=BW"", ""k"": 5, ""src"": ""default"", ""thr"": 0.5}]",1.47,"one culture per strain x analyte: no grouped inner CV, default hyperparameters"
T1,native,loso,all@culture,analyte,F3.snv,knn,macro_f1,0.12,0.0571,0.1789,,,,,40,40,1000,295,default,"[{""fold"": ""test=536"", ""k"": 5, ""src"": ""default"", ""thr"": 0.5}, {""fold"": ""test=BW"", ""k"": 5, ""src"": ""default"", ""thr"": 0.5}]",1.47,"one culture per strain x analyte: no grouped inner CV, default hyperparameters"
T1,native,loso,all@culture,analyte,F3.snv,knn,accuracy,0.175,0.0744,0.3,,,,,40,40,1000,295,default,"[{""fold"": ""test=536"", ""k"": 5, ""src"": ""default"", ""thr"": 0.5}, {""fold"": ""test=BW"", ""k"": 5, ""src"": ""default"", ""thr"": 0.5}]",1.47,"one culture per strain x analyte: no grouped inner CV, default hyperparameters"
T1,native,loso,test=536,analyte,F3.snv,knn,bal_acc,0.145,0.0,0.2417,0.05,,,,200,20,1000,295,default,"[{""fold"": ""test=536"", ""k"": 5, ""src"": ""default"", ""thr"": 0.5}, {""fold"": ""test=BW"", ""k"": 5, ""src"": ""default"", ""thr"": 0.5}]",1.47,"one culture per strain x analyte: no grouped inner CV, default hyperparameters"
T1,native,loso,test=536,analyte,F3.snv,knn,macro_f1,0.0961,0.0,0.2067,,,,,200,20,1000,295,default,"[{""fold"": ""test=536"", ""k"": 5, ""src"": ""default"", ""thr"": 0.5}, {""fold"": ""test=BW"", ""k"": 5, ""src"": ""default"", ""thr"": 0.5}]",1.47,"one culture per strain x analyte: no grouped inner CV, default hyperparameters"
T1,native,loso,test=536,analyte,F3.snv,knn,accuracy,0.145,0.0,0.295,0.05,,,,200,20,1000,295,default,"[{""fold"": ""test=536"", ""k"": 5, ""src"": ""default"", ""thr"": 0.5}, {""fold"": ""test=BW"", ""k"": 5, ""src"": ""default"", ""thr"": 0.5}]",1.47,"one culture per strain x analyte: no grouped inner CV, default hyperparameters"
T1,native,loso,test=BW,analyte,F3.snv,knn,bal_acc,0.215,0.0713,0.3455,0.05,,,,390,20,1000,295,default,"[{""fold"": ""test=536"", ""k"": 5, ""src"": ""default"", ""thr"": 0.5}, {""fold"": ""test=BW"", ""k"": 5, ""src"": ""default"", ""thr"": 0.5}]",1.47,"one culture per strain x analyte: no grouped inner CV, default hyperparameters"
T1,native,loso,test=BW,analyte,F3.snv,knn,macro_f1,0.1669,0.0436,0.2922,,,,,390,20,1000,295,default,"[{""fold"": ""test=536"", ""k"": 5, ""src"": ""default"", ""thr"": 0.5}, {""fold"": ""test=BW"", ""k"": 5, ""src"": ""default"", ""thr"": 0.5}]",1.47,"one culture per strain x analyte: no grouped inner CV, default hyperparameters"
T1,native,loso,test=BW,analyte,F3.snv,knn,accuracy,0.1949,0.0432,0.3751,0.1026,,,,390,20,1000,295,default,"[{""fold"": ""test=536"", ""k"": 5, ""src"": ""default"", ""thr"": 0.5}, {""fold"": ""test=BW"", ""k"": 5, ""src"": ""default"", ""thr"": 0.5}]",1.47,"one culture per strain x analyte: no grouped inner CV, default hyperparameters"
T1,native,loso,all,analyte,F3.bg.d1,majority,bal_acc,0.0433,0.0,0.1176,0.05,,,,590,40,1000,295,fixed,"[{""fold"": ""test=536"", ""src"": ""fixed"", ""thr"": 0.5}, {""fold"": ""test=BW"", ""src"": ""fixed"", ""thr"": 0.5}]",1.47,"one culture per strain x analyte: no grouped inner CV, default hyperparameters"
T1,native,loso,all,analyte,F3.bg.d1,majority,macro_f1,0.0088,0.0,0.0245,,,,,590,40,1000,295,fixed,"[{""fold"": ""test=536"", ""src"": ""fixed"", ""thr"": 0.5}, {""fold"": ""test=BW"", ""src"": ""fixed"", ""thr"": 0.5}]",1.47,"one culture per strain x analyte: no grouped inner CV, default hyperparameters"
T1,native,loso,all,analyte,F3.bg.d1,majority,accuracy,0.0508,0.0,0.1321,0.0847,,,,590,40,1000,295,fixed,"[{""fold"": ""test=536"", ""src"": ""fixed"", ""thr"": 0.5}, {""fold"": ""test=BW"", ""src"": ""fixed"", ""thr"": 0.5}]",1.47,"one culture per strain x analyte: no grouped inner CV, default hyperparameters"
T1,native,loso,all@culture,analyte,F3.bg.d1,majority,bal_acc,0.05,0.0,0.1111,0.05,,,,40,40,1000,295,fixed,"[{""fold"": ""test=536"", ""src"": ""fixed"", ""thr"": 0.5}, {""fold"": ""test=BW"", ""src"": ""fixed"", ""thr"": 0.5}]",1.47,"one culture per strain x analyte: no grouped inner CV, default hyperparameters"
T1,native,loso,all@culture,analyte,F3.bg.d1,majority,macro_f1,0.0091,0.0,0.0249,,,,,40,40,1000,295,fixed,"[{""fold"": ""test=536"", ""src"": ""fixed"", ""thr"": 0.5}, {""fold"": ""test=BW"", ""src"": ""fixed"", ""thr"": 0.5}]",1.47,"one culture per strain x analyte: no grouped inner CV, default hyperparameters"
T1,native,loso,all@culture,analyte,F3.bg.d1,majority,accuracy,0.05,0.0,0.125,,,,,40,40,1000,295,fixed,"[{""fold"": ""test=536"", ""src"": ""fixed"", ""thr"": 0.5}, {""fold"": ""test=BW"", ""src"": ""fixed"", ""thr"": 0.5}]",1.47,"one culture per strain x analyte: no grouped inner CV, default hyperparameters"
T1,native,loso,test=536,analyte,F3.bg.d1,majority,bal_acc,0.05,0.0,0.1,0.05,,,,200,20,1000,295,fixed,"[{""fold"": ""test=536"", ""src"": ""fixed"", ""thr"": 0.5}, {""fold"": ""test=BW"", ""src"": ""fixed"", ""thr"": 0.5}]",1.47,"one culture per strain x analyte: no grouped inner CV, default hyperparameters"
T1,native,loso,test=536,analyte,F3.bg.d1,majority,macro_f1,0.0048,0.0,0.0237,,,,,200,20,1000,295,fixed,"[{""fold"": ""test=536"", ""src"": ""fixed"", ""thr"": 0.5}, {""fold"": ""test=BW"", ""src"": ""fixed"", ""thr"": 0.5}]",1.47,"one culture per strain x analyte: no grouped inner CV, default hyperparameters"
T1,native,loso,test=536,analyte,F3.bg.d1,majority,accuracy,0.05,0.0,0.15,0.05,,,,200,20,1000,295,fixed,"[{""fold"": ""test=536"", ""src"": ""fixed"", ""thr"": 0.5}, {""fold"": ""test=BW"", ""src"": ""fixed"", ""thr"": 0.5}]",1.47,"one culture per strain x analyte: no grouped inner CV, default hyperparameters"
T1,native,loso,test=BW,analyte,F3.bg.d1,majority,bal_acc,0.05,0.0,0.1,0.05,,,,390,20,1000,295,fixed,"[{""fold"": ""test=536"", ""src"": ""fixed"", ""thr"": 0.5}, {""fold"": ""test=BW"", ""src"": ""fixed"", ""thr"": 0.5}]",1.47,"one culture per strain x analyte: no grouped inner CV, default hyperparameters"
T1,native,loso,test=BW,analyte,F3.bg.d1,majority,macro_f1,0.0049,0.0,0.026,,,,,390,20,1000,295,fixed,"[{""fold"": ""test=536"", ""src"": ""fixed"", ""thr"": 0.5}, {""fold"": ""test=BW"", ""src"": ""fixed"", ""thr"": 0.5}]",1.47,"one culture per strain x analyte: no grouped inner CV, default hyperparameters"
T1,native,loso,test=BW,analyte,F3.bg.d1,majority,accuracy,0.0513,0.0,0.1668,0.1026,,,,390,20,1000,295,fixed,"[{""fold"": ""test=536"", ""src"": ""fixed"", ""thr"": 0.5}, {""fold"": ""test=BW"", ""src"": ""fixed"", ""thr"": 0.5}]",1.47,"one culture per strain x analyte: no grouped inner CV, default hyperparameters"
T1,native,loso,all,analyte,F3.bg.d1,lr,bal_acc,0.1158,0.0468,0.1806,0.05,,,,590,40,1000,295,default,"[{""fold"": ""test=536"", ""C"": 0.1, ""src"": ""default"", ""thr"": 0.5}, {""fold"": ""test=BW"", ""C"": 0.1, ""src"": ""default"", ""thr"": 0.5}]",1.96,"one culture per strain x analyte: no grouped inner CV, default hyperparameters"
T1,native,loso,all,analyte,F3.bg.d1,lr,macro_f1,0.1071,0.0349,0.165,,,,,590,40,1000,295,default,"[{""fold"": ""test=536"", ""C"": 0.1, ""src"": ""default"", ""thr"": 0.5}, {""fold"": ""test=BW"", ""C"": 0.1, ""src"": ""default"", ""thr"": 0.5}]",1.96,"one culture per strain x analyte: no grouped inner CV, default hyperparameters"
T1,native,loso,all,analyte,F3.bg.d1,lr,accuracy,0.1153,0.0354,0.2182,0.0847,,,,590,40,1000,295,default,"[{""fold"": ""test=536"", ""C"": 0.1, ""src"": ""default"", ""thr"": 0.5}, {""fold"": ""test=BW"", ""C"": 0.1, ""src"": ""default"", ""thr"": 0.5}]",1.96,"one culture per strain x analyte: no grouped inner CV, default hyperparameters"
T1,native,loso,all@culture,analyte,F3.bg.d1,lr,bal_acc,0.1,0.0185,0.1719,0.05,,,,40,40,1000,295,default,"[{""fold"": ""test=536"", ""C"": 0.1, ""src"": ""default"", ""thr"": 0.5}, {""fold"": ""test=BW"", ""C"": 0.1, ""src"": ""default"", ""thr"": 0.5}]",1.96,"one culture per strain x analyte: no grouped inner CV, default hyperparameters"
T1,native,loso,all@culture,analyte,F3.bg.d1,lr,macro_f1,0.0944,0.0118,0.1412,,,,,40,40,1000,295,default,"[{""fold"": ""test=536"", ""C"": 0.1, ""src"": ""default"", ""thr"": 0.5}, {""fold"": ""test=BW"", ""C"": 0.1, ""src"": ""default"", ""thr"": 0.5}]",1.96,"one culture per strain x analyte: no grouped inner CV, default hyperparameters"
T1,native,loso,all@culture,analyte,F3.bg.d1,lr,accuracy,0.1,0.025,0.2,,,,,40,40,1000,295,default,"[{""fold"": ""test=536"", ""C"": 0.1, ""src"": ""default"", ""thr"": 0.5}, {""fold"": ""test=BW"", ""C"": 0.1, ""src"": ""default"", ""thr"": 0.5}]",1.96,"one culture per strain x analyte: no grouped inner CV, default hyperparameters"
T1,native,loso,test=536,analyte,F3.bg.d1,lr,bal_acc,0.12,0.0,0.2,0.05,,,,200,20,1000,295,default,"[{""fold"": ""test=536"", ""C"": 0.1, ""src"": ""default"", ""thr"": 0.5}, {""fold"": ""test=BW"", ""C"": 0.1, ""src"": ""default"", ""thr"": 0.5}]",1.96,"one culture per strain x analyte: no grouped inner CV, default hyperparameters"
T1,native,loso,test=536,analyte,F3.bg.d1,lr,macro_f1,0.1024,0.0,0.1924,,,,,200,20,1000,295,default,"[{""fold"": ""test=536"", ""C"": 0.1, ""src"": ""default"", ""thr"": 0.5}, {""fold"": ""test=BW"", ""C"": 0.1, ""src"": ""default"", ""thr"": 0.5}]",1.96,"one culture per strain x analyte: no grouped inner CV, default hyperparameters"
T1,native,loso,test=536,analyte,F3.bg.d1,lr,accuracy,0.12,0.0,0.27,0.05,,,,200,20,1000,295,default,"[{""fold"": ""test=536"", ""C"": 0.1, ""src"": ""default"", ""thr"": 0.5}, {""fold"": ""test=BW"", ""C"": 0.1, ""src"": ""default"", ""thr"": 0.5}]",1.96,"one culture per strain x analyte: no grouped inner CV, default hyperparameters"
T1,native,loso,test=BW,analyte,F3.bg.d1,lr,bal_acc,0.1175,0.025,0.1958,0.05,,,,390,20,1000,295,default,"[{""fold"": ""test=536"", ""C"": 0.1, ""src"": ""default"", ""thr"": 0.5}, {""fold"": ""test=BW"", ""C"": 0.1, ""src"": ""default"", ""thr"": 0.5}]",1.96,"one culture per strain x analyte: no grouped inner CV, default hyperparameters"
T1,native,loso,test=BW,analyte,F3.bg.d1,lr,macro_f1,0.1037,0.0164,0.1925,,,,,390,20,1000,295,default,"[{""fold"": ""test=536"", ""C"": 0.1, ""src"": ""default"", ""thr"": 0.5}, {""fold"": ""test=BW"", ""C"": 0.1, ""src"": ""default"", ""thr"": 0.5}]",1.96,"one culture per strain x analyte: no grouped inner CV, default hyperparameters"
T1,native,loso,test=BW,analyte,F3.bg.d1,lr,accuracy,0.1128,0.0083,0.2476,0.1026,,,,390,20,1000,295,default,"[{""fold"": ""test=536"", ""C"": 0.1, ""src"": ""default"", ""thr"": 0.5}, {""fold"": ""test=BW"", ""C"": 0.1, ""src"": ""default"", ""thr"": 0.5}]",1.96,"one culture per strain x analyte: no grouped inner CV, default hyperparameters"
T1,native,loso,all,analyte,F3.bg.d1,pca_lr,bal_acc,0.1135,0.046,0.1729,0.05,,,,590,40,1000,295,default,"[{""fold"": ""test=536"", ""C"": 0.1, ""src"": ""default"", ""thr"": 0.5}, {""fold"": ""test=BW"", ""C"": 0.1, ""src"": ""default"", ""thr"": 0.5}]",1.61,"one culture per strain x analyte: no grouped inner CV, default hyperparameters"
T1,native,loso,all,analyte,F3.bg.d1,pca_lr,macro_f1,0.1017,0.0368,0.1576,,,,,590,40,1000,295,default,"[{""fold"": ""test=536"", ""C"": 0.1, ""src"": ""default"", ""thr"": 0.5}, {""fold"": ""test=BW"", ""C"": 0.1, ""src"": ""default"", ""thr"": 0.5}]",1.61,"one culture per strain x analyte: no grouped inner CV, default hyperparameters"
T1,native,loso,all,analyte,F3.bg.d1,pca_lr,accuracy,0.1136,0.0368,0.2111,0.0847,,,,590,40,1000,295,default,"[{""fold"": ""test=536"", ""C"": 0.1, ""src"": ""default"", ""thr"": 0.5}, {""fold"": ""test=BW"", ""C"": 0.1, ""src"": ""default"", ""thr"": 0.5}]",1.61,"one culture per strain x analyte: no grouped inner CV, default hyperparameters"
T1,native,loso,all@culture,analyte,F3.bg.d1,pca_lr,bal_acc,0.1,0.0185,0.1719,0.05,,,,40,40,1000,295,default,"[{""fold"": ""test=536"", ""C"": 0.1, ""src"": ""default"", ""thr"": 0.5}, {""fold"": ""test=BW"", ""C"": 0.1, ""src"": ""default"", ""thr"": 0.5}]",1.61,"one culture per strain x analyte: no grouped inner CV, default hyperparameters"
T1,native,loso,all@culture,analyte,F3.bg.d1,pca_lr,macro_f1,0.0844,0.0118,0.1375,,,,,40,40,1000,295,default,"[{""fold"": ""test=536"", ""C"": 0.1, ""src"": ""default"", ""thr"": 0.5}, {""fold"": ""test=BW"", ""C"": 0.1, ""src"": ""default"", ""thr"": 0.5}]",1.61,"one culture per strain x analyte: no grouped inner CV, default hyperparameters"
T1,native,loso,all@culture,analyte,F3.bg.d1,pca_lr,accuracy,0.1,0.025,0.2,,,,,40,40,1000,295,default,"[{""fold"": ""test=536"", ""C"": 0.1, ""src"": ""default"", ""thr"": 0.5}, {""fold"": ""test=BW"", ""C"": 0.1, ""src"": ""default"", ""thr"": 0.5}]",1.61,"one culture per strain x analyte: no grouped inner CV, default hyperparameters"
T1,native,loso,test=536,analyte,F3.bg.d1,pca_lr,bal_acc,0.11,0.0,0.1833,0.05,,,,200,20,1000,295,default,"[{""fold"": ""test=536"", ""C"": 0.1, ""src"": ""default"", ""thr"": 0.5}, {""fold"": ""test=BW"", ""C"": 0.1, ""src"": ""default"", ""thr"": 0.5}]",1.61,"one culture per strain x analyte: no grouped inner CV, default hyperparameters"
T1,native,loso,test=536,analyte,F3.bg.d1,pca_lr,macro_f1,0.0929,0.0,0.1804,,,,,200,20,1000,295,default,"[{""fold"": ""test=536"", ""C"": 0.1, ""src"": ""default"", ""thr"": 0.5}, {""fold"": ""test=BW"", ""C"": 0.1, ""src"": ""default"", ""thr"": 0.5}]",1.61,"one culture per strain x analyte: no grouped inner CV, default hyperparameters"
T1,native,loso,test=536,analyte,F3.bg.d1,pca_lr,accuracy,0.11,0.0,0.2402,0.05,,,,200,20,1000,295,default,"[{""fold"": ""test=536"", ""C"": 0.1, ""src"": ""default"", ""thr"": 0.5}, {""fold"": ""test=BW"", ""C"": 0.1, ""src"": ""default"", ""thr"": 0.5}]",1.61,"one culture per strain x analyte: no grouped inner CV, default hyperparameters"
T1,native,loso,test=BW,analyte,F3.bg.d1,pca_lr,bal_acc,0.1187,0.025,0.1979,0.05,,,,390,20,1000,295,default,"[{""fold"": ""test=536"", ""C"": 0.1, ""src"": ""default"", ""thr"": 0.5}, {""fold"": ""test=BW"", ""C"": 0.1, ""src"": ""default"", ""thr"": 0.5}]",1.61,"one culture per strain x analyte: no grouped inner CV, default hyperparameters"
T1,native,loso,test=BW,analyte,F3.bg.d1,pca_lr,macro_f1,0.1055,0.0175,0.1927,,,,,390,20,1000,295,default,"[{""fold"": ""test=536"", ""C"": 0.1, ""src"": ""default"", ""thr"": 0.5}, {""fold"": ""test=BW"", ""C"": 0.1, ""src"": ""default"", ""thr"": 0.5}]",1.61,"one culture per strain x analyte: no grouped inner CV, default hyperparameters"
T1,native,loso,test=BW,analyte,F3.bg.d1,pca_lr,accuracy,0.1154,0.0125,0.2513,0.1026,,,,390,20,1000,295,default,"[{""fold"": ""test=536"", ""C"": 0.1, ""src"": ""default"", ""thr"": 0.5}, {""fold"": ""test=BW"", ""C"": 0.1, ""src"": ""default"", ""thr"": 0.5}]",1.61,"one culture per strain x analyte: no grouped inner CV, default hyperparameters"
T1,native,loso,all,analyte,F3.bg.d1,plsda,bal_acc,0.0938,0.0206,0.1792,0.05,,,,590,40,1000,295,default,"[{""fold"": ""test=536"", ""n"": 10, ""src"": ""default"", ""thr"": 0.5}, {""fold"": ""test=BW"", ""n"": 10, ""src"": ""default"", ""thr"": 0.5}]",1.56,"one culture per strain x analyte: no grouped inner CV, default hyperparameters"
T1,native,loso,all,analyte,F3.bg.d1,plsda,macro_f1,0.0896,0.0246,0.1438,,,,,590,40,1000,295,default,"[{""fold"": ""test=536"", ""n"": 10, ""src"": ""default"", ""thr"": 0.5}, {""fold"": ""test=BW"", ""n"": 10, ""src"": ""default"", ""thr"": 0.5}]",1.56,"one culture per strain x analyte: no grouped inner CV, default hyperparameters"
T1,native,loso,all,analyte,F3.bg.d1,plsda,accuracy,0.0949,0.0216,0.1912,0.0847,,,,590,40,1000,295,default,"[{""fold"": ""test=536"", ""n"": 10, ""src"": ""default"", ""thr"": 0.5}, {""fold"": ""test=BW"", ""n"": 10, ""src"": ""default"", ""thr"": 0.5}]",1.56,"one culture per strain x analyte: no grouped inner CV, default hyperparameters"
T1,native,loso,all@culture,analyte,F3.bg.d1,plsda,bal_acc,0.1,0.0208,0.1667,0.05,,,,40,40,1000,295,default,"[{""fold"": ""test=536"", ""n"": 10, ""src"": ""default"", ""thr"": 0.5}, {""fold"": ""test=BW"", ""n"": 10, ""src"": ""default"", ""thr"": 0.5}]",1.56,"one culture per strain x analyte: no grouped inner CV, default hyperparameters"
T1,native,loso,all@culture,analyte,F3.bg.d1,plsda,macro_f1,0.0761,0.0147,0.1291,,,,,40,40,1000,295,default,"[{""fold"": ""test=536"", ""n"": 10, ""src"": ""default"", ""thr"": 0.5}, {""fold"": ""test=BW"", ""n"": 10, ""src"": ""default"", ""thr"": 0.5}]",1.56,"one culture per strain x analyte: no grouped inner CV, default hyperparameters"
T1,native,loso,all@culture,analyte,F3.bg.d1,plsda,accuracy,0.1,0.025,0.2,,,,,40,40,1000,295,default,"[{""fold"": ""test=536"", ""n"": 10, ""src"": ""default"", ""thr"": 0.5}, {""fold"": ""test=BW"", ""n"": 10, ""src"": ""default"", ""thr"": 0.5}]",1.56,"one culture per strain x analyte: no grouped inner CV, default hyperparameters"
T1,native,loso,test=536,analyte,F3.bg.d1,plsda,bal_acc,0.15,0.0,0.25,0.05,,,,200,20,1000,295,default,"[{""fold"": ""test=536"", ""n"": 10, ""src"": ""default"", ""thr"": 0.5}, {""fold"": ""test=BW"", ""n"": 10, ""src"": ""default"", ""thr"": 0.5}]",1.56,"one culture per strain x analyte: no grouped inner CV, default hyperparameters"
T1,native,loso,test=536,analyte,F3.bg.d1,plsda,macro_f1,0.0791,0.0,0.1919,,,,,200,20,1000,295,default,"[{""fold"": ""test=536"", ""n"": 10, ""src"": ""default"", ""thr"": 0.5}, {""fold"": ""test=BW"", ""n"": 10, ""src"": ""default"", ""thr"": 0.5}]",1.56,"one culture per strain x analyte: no grouped inner CV, default hyperparameters"
T1,native,loso,test=536,analyte,F3.bg.d1,plsda,accuracy,0.15,0.0,0.3012,0.05,,,,200,20,1000,295,default,"[{""fold"": ""test=536"", ""n"": 10, ""src"": ""default"", ""thr"": 0.5}, {""fold"": ""test=BW"", ""n"": 10, ""src"": ""default"", ""thr"": 0.5}]",1.56,"one culture per strain x analyte: no grouped inner CV, default hyperparameters"
T1,native,loso,test=BW,analyte,F3.bg.d1,plsda,bal_acc,0.0688,0.0,0.125,0.05,,,,390,20,1000,295,default,"[{""fold"": ""test=536"", ""n"": 10, ""src"": ""default"", ""thr"": 0.5}, {""fold"": ""test=BW"", ""n"": 10, ""src"": ""default"", ""thr"": 0.5}]",1.56,"one culture per strain x analyte: no grouped inner CV, default hyperparameters"
T1,native,loso,test=BW,analyte,F3.bg.d1,plsda,macro_f1,0.0791,0.0,0.1445,,,,,390,20,1000,295,default,"[{""fold"": ""test=536"", ""n"": 10, ""src"": ""default"", ""thr"": 0.5}, {""fold"": ""test=BW"", ""n"": 10, ""src"": ""default"", ""thr"": 0.5}]",1.56,"one culture per strain x analyte: no grouped inner CV, default hyperparameters"
T1,native,loso,test=BW,analyte,F3.bg.d1,plsda,accuracy,0.0667,0.0,0.1784,0.1026,,,,390,20,1000,295,default,"[{""fold"": ""test=536"", ""n"": 10, ""src"": ""default"", ""thr"": 0.5}, {""fold"": ""test=BW"", ""n"": 10, ""src"": ""default"", ""thr"": 0.5}]",1.56,"one culture per strain x analyte: no grouped inner CV, default hyperparameters"
T1,native,loso,all,analyte,F3.bg.d1,ncm,bal_acc,0.152,0.0653,0.2219,0.05,,,,590,40,1000,295,fixed,"[{""fold"": ""test=536"", ""src"": ""fixed"", ""thr"": 0.5}, {""fold"": ""test=BW"", ""src"": ""fixed"", ""thr"": 0.5}]",1.45,"one culture per strain x analyte: no grouped inner CV, default hyperparameters"
T1,native,loso,all,analyte,F3.bg.d1,ncm,macro_f1,0.1132,0.0487,0.1709,,,,,590,40,1000,295,fixed,"[{""fold"": ""test=536"", ""src"": ""fixed"", ""thr"": 0.5}, {""fold"": ""test=BW"", ""src"": ""fixed"", ""thr"": 0.5}]",1.45,"one culture per strain x analyte: no grouped inner CV, default hyperparameters"
T1,native,loso,all,analyte,F3.bg.d1,ncm,accuracy,0.139,0.0477,0.2576,0.0847,,,,590,40,1000,295,fixed,"[{""fold"": ""test=536"", ""src"": ""fixed"", ""thr"": 0.5}, {""fold"": ""test=BW"", ""src"": ""fixed"", ""thr"": 0.5}]",1.45,"one culture per strain x analyte: no grouped inner CV, default hyperparameters"
T1,native,loso,all@culture,analyte,F3.bg.d1,ncm,bal_acc,0.15,0.0588,0.2293,0.05,,,,40,40,1000,295,fixed,"[{""fold"": ""test=536"", ""src"": ""fixed"", ""thr"": 0.5}, {""fold"": ""test=BW"", ""src"": ""fixed"", ""thr"": 0.5}]",1.45,"one culture per strain x analyte: no grouped inner CV, default hyperparameters"
T1,native,loso,all@culture,analyte,F3.bg.d1,ncm,macro_f1,0.105,0.0367,0.1639,,,,,40,40,1000,295,fixed,"[{""fold"": ""test=536"", ""src"": ""fixed"", ""thr"": 0.5}, {""fold"": ""test=BW"", ""src"": ""fixed"", ""thr"": 0.5}]",1.45,"one culture per strain x analyte: no grouped inner CV, default hyperparameters"
T1,native,loso,all@culture,analyte,F3.bg.d1,ncm,accuracy,0.15,0.05,0.275,,,,,40,40,1000,295,fixed,"[{""fold"": ""test=536"", ""src"": ""fixed"", ""thr"": 0.5}, {""fold"": ""test=BW"", ""src"": ""fixed"", ""thr"": 0.5}]",1.45,"one culture per strain x analyte: no grouped inner CV, default hyperparameters"
T1,native,loso,test=536,analyte,F3.bg.d1,ncm,bal_acc,0.15,0.0083,0.25,0.05,,,,200,20,1000,295,fixed,"[{""fold"": ""test=536"", ""src"": ""fixed"", ""thr"": 0.5}, {""fold"": ""test=BW"", ""src"": ""fixed"", ""thr"": 0.5}]",1.45,"one culture per strain x analyte: no grouped inner CV, default hyperparameters"
T1,native,loso,test=536,analyte,F3.bg.d1,ncm,macro_f1,0.0949,0.0073,0.2019,,,,,200,20,1000,295,fixed,"[{""fold"": ""test=536"", ""src"": ""fixed"", ""thr"": 0.5}, {""fold"": ""test=BW"", ""src"": ""fixed"", ""thr"": 0.5}]",1.45,"one culture per strain x analyte: no grouped inner CV, default hyperparameters"
T1,native,loso,test=536,analyte,F3.bg.d1,ncm,accuracy,0.15,0.005,0.3,0.05,,,,200,20,1000,295,fixed,"[{""fold"": ""test=536"", ""src"": ""fixed"", ""thr"": 0.5}, {""fold"": ""test=BW"", ""src"": ""fixed"", ""thr"": 0.5}]",1.45,"one culture per strain x analyte: no grouped inner CV, default hyperparameters"
T1,native,loso,test=BW,analyte,F3.bg.d1,ncm,bal_acc,0.1525,0.0038,0.2542,0.05,,,,390,20,1000,295,fixed,"[{""fold"": ""test=536"", ""src"": ""fixed"", ""thr"": 0.5}, {""fold"": ""test=BW"", ""src"": ""fixed"", ""thr"": 0.5}]",1.45,"one culture per strain x analyte: no grouped inner CV, default hyperparameters"
T1,native,loso,test=BW,analyte,F3.bg.d1,ncm,macro_f1,0.1149,0.0046,0.2148,,,,,390,20,1000,295,fixed,"[{""fold"": ""test=536"", ""src"": ""fixed"", ""thr"": 0.5}, {""fold"": ""test=BW"", ""src"": ""fixed"", ""thr"": 0.5}]",1.45,"one culture per strain x analyte: no grouped inner CV, default hyperparameters"
T1,native,loso,test=BW,analyte,F3.bg.d1,ncm,accuracy,0.1333,0.005,0.2916,0.1026,,,,390,20,1000,295,fixed,"[{""fold"": ""test=536"", ""src"": ""fixed"", ""thr"": 0.5}, {""fold"": ""test=BW"", ""src"": ""fixed"", ""thr"": 0.5}]",1.45,"one culture per strain x analyte: no grouped inner CV, default hyperparameters"
T1,native,loso,all,analyte,F3.bg.d1,hgb,bal_acc,0.0817,0.0204,0.1265,0.05,,,,590,40,1000,295,fixed,"[{""fold"": ""test=536"", ""src"": ""fixed"", ""thr"": 0.5}, {""fold"": ""test=BW"", ""src"": ""fixed"", ""thr"": 0.5}]",41.57,"one culture per strain x analyte: no grouped inner CV, default hyperparameters"
T1,native,loso,all,analyte,F3.bg.d1,hgb,macro_f1,0.0787,0.0212,0.1281,,,,,590,40,1000,295,fixed,"[{""fold"": ""test=536"", ""src"": ""fixed"", ""thr"": 0.5}, {""fold"": ""test=BW"", ""src"": ""fixed"", ""thr"": 0.5}]",41.57,"one culture per strain x analyte: no grouped inner CV, default hyperparameters"
T1,native,loso,all,analyte,F3.bg.d1,hgb,accuracy,0.0797,0.0196,0.1649,0.0847,,,,590,40,1000,295,fixed,"[{""fold"": ""test=536"", ""src"": ""fixed"", ""thr"": 0.5}, {""fold"": ""test=BW"", ""src"": ""fixed"", ""thr"": 0.5}]",41.57,"one culture per strain x analyte: no grouped inner CV, default hyperparameters"
T1,native,loso,all@culture,analyte,F3.bg.d1,hgb,bal_acc,0.075,0.0,0.125,0.05,,,,40,40,1000,295,fixed,"[{""fold"": ""test=536"", ""src"": ""fixed"", ""thr"": 0.5}, {""fold"": ""test=BW"", ""src"": ""fixed"", ""thr"": 0.5}]",41.57,"one culture per strain x analyte: no grouped inner CV, default hyperparameters"
T1,native,loso,all@culture,analyte,F3.bg.d1,hgb,macro_f1,0.0833,0.0,0.125,,,,,40,40,1000,295,fixed,"[{""fold"": ""test=536"", ""src"": ""fixed"", ""thr"": 0.5}, {""fold"": ""test=BW"", ""src"": ""fixed"", ""thr"": 0.5}]",41.57,"one culture per strain x analyte: no grouped inner CV, default hyperparameters"
T1,native,loso,all@culture,analyte,F3.bg.d1,hgb,accuracy,0.075,0.0,0.175,,,,,40,40,1000,295,fixed,"[{""fold"": ""test=536"", ""src"": ""fixed"", ""thr"": 0.5}, {""fold"": ""test=BW"", ""src"": ""fixed"", ""thr"": 0.5}]",41.57,"one culture per strain x analyte: no grouped inner CV, default hyperparameters"
T1,native,loso,test=536,analyte,F3.bg.d1,hgb,bal_acc,0.085,0.0,0.1545,0.05,,,,200,20,1000,295,fixed,"[{""fold"": ""test=536"", ""src"": ""fixed"", ""thr"": 0.5}, {""fold"": ""test=BW"", ""src"": ""fixed"", ""thr"": 0.5}]",41.57,"one culture per strain x analyte: no grouped inner CV, default hyperparameters"
T1,native,loso,test=536,analyte,F3.bg.d1,hgb,macro_f1,0.0907,0.0,0.1692,,,,,200,20,1000,295,fixed,"[{""fold"": ""test=536"", ""src"": ""fixed"", ""thr"": 0.5}, {""fold"": ""test=BW"", ""src"": ""fixed"", ""thr"": 0.5}]",41.57,"one culture per strain x analyte: no grouped inner CV, default hyperparameters"
T1,native,loso,test=536,analyte,F3.bg.d1,hgb,accuracy,0.085,0.0,0.205,0.05,,,,200,20,1000,295,fixed,"[{""fold"": ""test=536"", ""src"": ""fixed"", ""thr"": 0.5}, {""fold"": ""test=BW"", ""src"": ""fixed"", ""thr"": 0.5}]",41.57,"one culture per strain x analyte: no grouped inner CV, default hyperparameters"
T1,native,loso,test=BW,analyte,F3.bg.d1,hgb,bal_acc,0.085,0.0125,0.1417,0.05,,,,390,20,1000,295,fixed,"[{""fold"": ""test=536"", ""src"": ""fixed"", ""thr"": 0.5}, {""fold"": ""test=BW"", ""src"": ""fixed"", ""thr"": 0.5}]",41.57,"one culture per strain x analyte: no grouped inner CV, default hyperparameters"
T1,native,loso,test=BW,analyte,F3.bg.d1,hgb,macro_f1,0.0738,0.0032,0.1424,,,,,390,20,1000,295,fixed,"[{""fold"": ""test=536"", ""src"": ""fixed"", ""thr"": 0.5}, {""fold"": ""test=BW"", ""src"": ""fixed"", ""thr"": 0.5}]",41.57,"one culture per strain x analyte: no grouped inner CV, default hyperparameters"
T1,native,loso,test=BW,analyte,F3.bg.d1,hgb,accuracy,0.0769,0.0079,0.1865,0.1026,,,,390,20,1000,295,fixed,"[{""fold"": ""test=536"", ""src"": ""fixed"", ""thr"": 0.5}, {""fold"": ""test=BW"", ""src"": ""fixed"", ""thr"": 0.5}]",41.57,"one culture per strain x analyte: no grouped inner CV, default hyperparameters"
T1,native,loso,all,analyte,F3.bg.d1,knn,bal_acc,0.1463,0.0714,0.2103,0.05,,,,590,40,1000,295,default,"[{""fold"": ""test=536"", ""k"": 5, ""src"": ""default"", ""thr"": 0.5}, {""fold"": ""test=BW"", ""k"": 5, ""src"": ""default"", ""thr"": 0.5}]",1.49,"one culture per strain x analyte: no grouped inner CV, default hyperparameters"
T1,native,loso,all,analyte,F3.bg.d1,knn,macro_f1,0.1111,0.0485,0.1645,,,,,590,40,1000,295,default,"[{""fold"": ""test=536"", ""k"": 5, ""src"": ""default"", ""thr"": 0.5}, {""fold"": ""test=BW"", ""k"": 5, ""src"": ""default"", ""thr"": 0.5}]",1.49,"one culture per strain x analyte: no grouped inner CV, default hyperparameters"
T1,native,loso,all,analyte,F3.bg.d1,knn,accuracy,0.1339,0.0474,0.2434,0.0847,,,,590,40,1000,295,default,"[{""fold"": ""test=536"", ""k"": 5, ""src"": ""default"", ""thr"": 0.5}, {""fold"": ""test=BW"", ""k"": 5, ""src"": ""default"", ""thr"": 0.5}]",1.49,"one culture per strain x analyte: no grouped inner CV, default hyperparameters"
T1,native,loso,all@culture,analyte,F3.bg.d1,knn,bal_acc,0.15,0.0588,0.2293,0.05,,,,40,40,1000,295,default,"[{""fold"": ""test=536"", ""k"": 5, ""src"": ""default"", ""thr"": 0.5}, {""fold"": ""test=BW"", ""k"": 5, ""src"": ""default"", ""thr"": 0.5}]",1.49,"one culture per strain x analyte: no grouped inner CV, default hyperparameters"
T1,native,loso,all@culture,analyte,F3.bg.d1,knn,macro_f1,0.1077,0.0382,0.1674,,,,,40,40,1000,295,default,"[{""fold"": ""test=536"", ""k"": 5, ""src"": ""default"", ""thr"": 0.5}, {""fold"": ""test=BW"", ""k"": 5, ""src"": ""default"", ""thr"": 0.5}]",1.49,"one culture per strain x analyte: no grouped inner CV, default hyperparameters"
T1,native,loso,all@culture,analyte,F3.bg.d1,knn,accuracy,0.15,0.05,0.275,,,,,40,40,1000,295,default,"[{""fold"": ""test=536"", ""k"": 5, ""src"": ""default"", ""thr"": 0.5}, {""fold"": ""test=BW"", ""k"": 5, ""src"": ""default"", ""thr"": 0.5}]",1.49,"one culture per strain x analyte: no grouped inner CV, default hyperparameters"
T1,native,loso,test=536,analyte,F3.bg.d1,knn,bal_acc,0.16,0.0214,0.2583,0.05,,,,200,20,1000,295,default,"[{""fold"": ""test=536"", ""k"": 5, ""src"": ""default"", ""thr"": 0.5}, {""fold"": ""test=BW"", ""k"": 5, ""src"": ""default"", ""thr"": 0.5}]",1.49,"one culture per strain x analyte: no grouped inner CV, default hyperparameters"
T1,native,loso,test=536,analyte,F3.bg.d1,knn,macro_f1,0.1075,0.0227,0.219,,,,,200,20,1000,295,default,"[{""fold"": ""test=536"", ""k"": 5, ""src"": ""default"", ""thr"": 0.5}, {""fold"": ""test=BW"", ""k"": 5, ""src"": ""default"", ""thr"": 0.5}]",1.49,"one culture per strain x analyte: no grouped inner CV, default hyperparameters"
T1,native,loso,test=536,analyte,F3.bg.d1,knn,accuracy,0.16,0.025,0.3051,0.05,,,,200,20,1000,295,default,"[{""fold"": ""test=536"", ""k"": 5, ""src"": ""default"", ""thr"": 0.5}, {""fold"": ""test=BW"", ""k"": 5, ""src"": ""default"", ""thr"": 0.5}]",1.49,"one culture per strain x analyte: no grouped inner CV, default hyperparameters"
T1,native,loso,test=BW,analyte,F3.bg.d1,knn,bal_acc,0.1387,0.0058,0.2312,0.05,,,,390,20,1000,295,default,"[{""fold"": ""test=536"", ""k"": 5, ""src"": ""default"", ""thr"": 0.5}, {""fold"": ""test=BW"", ""k"": 5, ""src"": ""default"", ""thr"": 0.5}]",1.49,"one culture per strain x analyte: no grouped inner CV, default hyperparameters"
T1,native,loso,test=BW,analyte,F3.bg.d1,knn,macro_f1,0.1061,0.0067,0.1938,,,,,390,20,1000,295,default,"[{""fold"": ""test=536"", ""k"": 5, ""src"": ""default"", ""thr"": 0.5}, {""fold"": ""test=BW"", ""k"": 5, ""src"": ""default"", ""thr"": 0.5}]",1.49,"one culture per strain x analyte: no grouped inner CV, default hyperparameters"
T1,native,loso,test=BW,analyte,F3.bg.d1,knn,accuracy,0.1205,0.0075,0.2586,0.1026,,,,390,20,1000,295,default,"[{""fold"": ""test=536"", ""k"": 5, ""src"": ""default"", ""thr"": 0.5}, {""fold"": ""test=BW"", ""k"": 5, ""src"": ""default"", ""thr"": 0.5}]",1.49,"one culture per strain x analyte: no grouped inner CV, default hyperparameters"
T1,native,loso,all,analyte,F1.ctrl,majority,bal_acc,0.0433,0.0,0.1176,0.05,,,,590,40,1000,295,fixed,"[{""fold"": ""test=536"", ""src"": ""fixed"", ""thr"": 0.5}, {""fold"": ""test=BW"", ""src"": ""fixed"", ""thr"": 0.5}]",2.24,"one culture per strain x analyte: no grouped inner CV, default hyperparameters"
T1,native,loso,all,analyte,F1.ctrl,majority,macro_f1,0.0088,0.0,0.0245,,,,,590,40,1000,295,fixed,"[{""fold"": ""test=536"", ""src"": ""fixed"", ""thr"": 0.5}, {""fold"": ""test=BW"", ""src"": ""fixed"", ""thr"": 0.5}]",2.24,"one culture per strain x analyte: no grouped inner CV, default hyperparameters"
T1,native,loso,all,analyte,F1.ctrl,majority,accuracy,0.0508,0.0,0.1321,0.0847,,,,590,40,1000,295,fixed,"[{""fold"": ""test=536"", ""src"": ""fixed"", ""thr"": 0.5}, {""fold"": ""test=BW"", ""src"": ""fixed"", ""thr"": 0.5}]",2.24,"one culture per strain x analyte: no grouped inner CV, default hyperparameters"
T1,native,loso,all@culture,analyte,F1.ctrl,majority,bal_acc,0.05,0.0,0.1111,0.05,,,,40,40,1000,295,fixed,"[{""fold"": ""test=536"", ""src"": ""fixed"", ""thr"": 0.5}, {""fold"": ""test=BW"", ""src"": ""fixed"", ""thr"": 0.5}]",2.24,"one culture per strain x analyte: no grouped inner CV, default hyperparameters"
T1,native,loso,all@culture,analyte,F1.ctrl,majority,macro_f1,0.0091,0.0,0.0249,,,,,40,40,1000,295,fixed,"[{""fold"": ""test=536"", ""src"": ""fixed"", ""thr"": 0.5}, {""fold"": ""test=BW"", ""src"": ""fixed"", ""thr"": 0.5}]",2.24,"one culture per strain x analyte: no grouped inner CV, default hyperparameters"
T1,native,loso,all@culture,analyte,F1.ctrl,majority,accuracy,0.05,0.0,0.125,,,,,40,40,1000,295,fixed,"[{""fold"": ""test=536"", ""src"": ""fixed"", ""thr"": 0.5}, {""fold"": ""test=BW"", ""src"": ""fixed"", ""thr"": 0.5}]",2.24,"one culture per strain x analyte: no grouped inner CV, default hyperparameters"
T1,native,loso,test=536,analyte,F1.ctrl,majority,bal_acc,0.05,0.0,0.1,0.05,,,,200,20,1000,295,fixed,"[{""fold"": ""test=536"", ""src"": ""fixed"", ""thr"": 0.5}, {""fold"": ""test=BW"", ""src"": ""fixed"", ""thr"": 0.5}]",2.24,"one culture per strain x analyte: no grouped inner CV, default hyperparameters"
T1,native,loso,test=536,analyte,F1.ctrl,majority,macro_f1,0.0048,0.0,0.0237,,,,,200,20,1000,295,fixed,"[{""fold"": ""test=536"", ""src"": ""fixed"", ""thr"": 0.5}, {""fold"": ""test=BW"", ""src"": ""fixed"", ""thr"": 0.5}]",2.24,"one culture per strain x analyte: no grouped inner CV, default hyperparameters"
T1,native,loso,test=536,analyte,F1.ctrl,majority,accuracy,0.05,0.0,0.15,0.05,,,,200,20,1000,295,fixed,"[{""fold"": ""test=536"", ""src"": ""fixed"", ""thr"": 0.5}, {""fold"": ""test=BW"", ""src"": ""fixed"", ""thr"": 0.5}]",2.24,"one culture per strain x analyte: no grouped inner CV, default hyperparameters"
T1,native,loso,test=BW,analyte,F1.ctrl,majority,bal_acc,0.05,0.0,0.1,0.05,,,,390,20,1000,295,fixed,"[{""fold"": ""test=536"", ""src"": ""fixed"", ""thr"": 0.5}, {""fold"": ""test=BW"", ""src"": ""fixed"", ""thr"": 0.5}]",2.24,"one culture per strain x analyte: no grouped inner CV, default hyperparameters"
T1,native,loso,test=BW,analyte,F1.ctrl,majority,macro_f1,0.0049,0.0,0.026,,,,,390,20,1000,295,fixed,"[{""fold"": ""test=536"", ""src"": ""fixed"", ""thr"": 0.5}, {""fold"": ""test=BW"", ""src"": ""fixed"", ""thr"": 0.5}]",2.24,"one culture per strain x analyte: no grouped inner CV, default hyperparameters"
T1,native,loso,test=BW,analyte,F1.ctrl,majority,accuracy,0.0513,0.0,0.1668,0.1026,,,,390,20,1000,295,fixed,"[{""fold"": ""test=536"", ""src"": ""fixed"", ""thr"": 0.5}, {""fold"": ""test=BW"", ""src"": ""fixed"", ""thr"": 0.5}]",2.24,"one culture per strain x analyte: no grouped inner CV, default hyperparameters"
T1,native,loso,all,analyte,F1.ctrl,lr,bal_acc,0.1052,0.0412,0.1713,0.05,,,,590,40,1000,295,default,"[{""fold"": ""test=536"", ""C"": 0.1, ""src"": ""default"", ""thr"": 0.5}, {""fold"": ""test=BW"", ""C"": 0.1, ""src"": ""default"", ""thr"": 0.5}]",2.12,"one culture per strain x analyte: no grouped inner CV, default hyperparameters"
T1,native,loso,all,analyte,F1.ctrl,lr,macro_f1,0.0968,0.0371,0.1511,,,,,590,40,1000,295,default,"[{""fold"": ""test=536"", ""C"": 0.1, ""src"": ""default"", ""thr"": 0.5}, {""fold"": ""test=BW"", ""C"": 0.1, ""src"": ""default"", ""thr"": 0.5}]",2.12,"one culture per strain x analyte: no grouped inner CV, default hyperparameters"
T1,native,loso,all,analyte,F1.ctrl,lr,accuracy,0.1051,0.0375,0.1869,0.0847,,,,590,40,1000,295,default,"[{""fold"": ""test=536"", ""C"": 0.1, ""src"": ""default"", ""thr"": 0.5}, {""fold"": ""test=BW"", ""C"": 0.1, ""src"": ""default"", ""thr"": 0.5}]",2.12,"one culture per strain x analyte: no grouped inner CV, default hyperparameters"
T1,native,loso,all@culture,analyte,F1.ctrl,lr,bal_acc,0.125,0.0441,0.2059,0.05,,,,40,40,1000,295,default,"[{""fold"": ""test=536"", ""C"": 0.1, ""src"": ""default"", ""thr"": 0.5}, {""fold"": ""test=BW"", ""C"": 0.1, ""src"": ""default"", ""thr"": 0.5}]",2.12,"one culture per strain x analyte: no grouped inner CV, default hyperparameters"
T1,native,loso,all@culture,analyte,F1.ctrl,lr,macro_f1,0.1111,0.0352,0.1705,,,,,40,40,1000,295,default,"[{""fold"": ""test=536"", ""C"": 0.1, ""src"": ""default"", ""thr"": 0.5}, {""fold"": ""test=BW"", ""C"": 0.1, ""src"": ""default"", ""thr"": 0.5}]",2.12,"one culture per strain x analyte: no grouped inner CV, default hyperparameters"
T1,native,loso,all@culture,analyte,F1.ctrl,lr,accuracy,0.125,0.025,0.25,,,,,40,40,1000,295,default,"[{""fold"": ""test=536"", ""C"": 0.1, ""src"": ""default"", ""thr"": 0.5}, {""fold"": ""test=BW"", ""C"": 0.1, ""src"": ""default"", ""thr"": 0.5}]",2.12,"one culture per strain x analyte: no grouped inner CV, default hyperparameters"
T1,native,loso,test=536,analyte,F1.ctrl,lr,bal_acc,0.11,0.0,0.19,0.05,,,,200,20,1000,295,default,"[{""fold"": ""test=536"", ""C"": 0.1, ""src"": ""default"", ""thr"": 0.5}, {""fold"": ""test=BW"", ""C"": 0.1, ""src"": ""default"", ""thr"": 0.5}]",2.12,"one culture per strain x analyte: no grouped inner CV, default hyperparameters"
T1,native,loso,test=536,analyte,F1.ctrl,lr,macro_f1,0.0945,0.0,0.1761,,,,,200,20,1000,295,default,"[{""fold"": ""test=536"", ""C"": 0.1, ""src"": ""default"", ""thr"": 0.5}, {""fold"": ""test=BW"", ""C"": 0.1, ""src"": ""default"", ""thr"": 0.5}]",2.12,"one culture per strain x analyte: no grouped inner CV, default hyperparameters"
T1,native,loso,test=536,analyte,F1.ctrl,lr,accuracy,0.11,0.0,0.24,0.05,,,,200,20,1000,295,default,"[{""fold"": ""test=536"", ""C"": 0.1, ""src"": ""default"", ""thr"": 0.5}, {""fold"": ""test=BW"", ""C"": 0.1, ""src"": ""default"", ""thr"": 0.5}]",2.12,"one culture per strain x analyte: no grouped inner CV, default hyperparameters"
T1,native,loso,test=BW,analyte,F1.ctrl,lr,bal_acc,0.1062,0.0325,0.1687,0.05,,,,390,20,1000,295,default,"[{""fold"": ""test=536"", ""C"": 0.1, ""src"": ""default"", ""thr"": 0.5}, {""fold"": ""test=BW"", ""C"": 0.1, ""src"": ""default"", ""thr"": 0.5}]",2.12,"one culture per strain x analyte: no grouped inner CV, default hyperparameters"
T1,native,loso,test=BW,analyte,F1.ctrl,lr,macro_f1,0.0815,0.0292,0.1492,,,,,390,20,1000,295,default,"[{""fold"": ""test=536"", ""C"": 0.1, ""src"": ""default"", ""thr"": 0.5}, {""fold"": ""test=BW"", ""C"": 0.1, ""src"": ""default"", ""thr"": 0.5}]",2.12,"one culture per strain x analyte: no grouped inner CV, default hyperparameters"
T1,native,loso,test=BW,analyte,F1.ctrl,lr,accuracy,0.1026,0.0237,0.2027,0.1026,,,,390,20,1000,295,default,"[{""fold"": ""test=536"", ""C"": 0.1, ""src"": ""default"", ""thr"": 0.5}, {""fold"": ""test=BW"", ""C"": 0.1, ""src"": ""default"", ""thr"": 0.5}]",2.12,"one culture per strain x analyte: no grouped inner CV, default hyperparameters"
T1,native,loso,all,analyte,F1.ctrl,pca_lr,bal_acc,0.0983,0.0375,0.1677,0.05,,,,590,40,1000,295,default,"[{""fold"": ""test=536"", ""C"": 0.1, ""src"": ""default"", ""thr"": 0.5}, {""fold"": ""test=BW"", ""C"": 0.1, ""src"": ""default"", ""thr"": 0.5}]",2.01,"one culture per strain x analyte: no grouped inner CV, default hyperparameters"
T1,native,loso,all,analyte,F1.ctrl,pca_lr,macro_f1,0.089,0.0314,0.1437,,,,,590,40,1000,295,default,"[{""fold"": ""test=536"", ""C"": 0.1, ""src"": ""default"", ""thr"": 0.5}, {""fold"": ""test=BW"", ""C"": 0.1, ""src"": ""default"", ""thr"": 0.5}]",2.01,"one culture per strain x analyte: no grouped inner CV, default hyperparameters"
T1,native,loso,all,analyte,F1.ctrl,pca_lr,accuracy,0.0966,0.0305,0.1793,0.0847,,,,590,40,1000,295,default,"[{""fold"": ""test=536"", ""C"": 0.1, ""src"": ""default"", ""thr"": 0.5}, {""fold"": ""test=BW"", ""C"": 0.1, ""src"": ""default"", ""thr"": 0.5}]",2.01,"one culture per strain x analyte: no grouped inner CV, default hyperparameters"
T1,native,loso,all@culture,analyte,F1.ctrl,pca_lr,bal_acc,0.1,0.025,0.1852,0.05,,,,40,40,1000,295,default,"[{""fold"": ""test=536"", ""C"": 0.1, ""src"": ""default"", ""thr"": 0.5}, {""fold"": ""test=BW"", ""C"": 0.1, ""src"": ""default"", ""thr"": 0.5}]",2.01,"one culture per strain x analyte: no grouped inner CV, default hyperparameters"
T1,native,loso,all@culture,analyte,F1.ctrl,pca_lr,macro_f1,0.09,0.0078,0.1589,,,,,40,40,1000,295,default,"[{""fold"": ""test=536"", ""C"": 0.1, ""src"": ""default"", ""thr"": 0.5}, {""fold"": ""test=BW"", ""C"": 0.1, ""src"": ""default"", ""thr"": 0.5}]",2.01,"one culture per strain x analyte: no grouped inner CV, default hyperparameters"
T1,native,loso,all@culture,analyte,F1.ctrl,pca_lr,accuracy,0.1,0.025,0.2,,,,,40,40,1000,295,default,"[{""fold"": ""test=536"", ""C"": 0.1, ""src"": ""default"", ""thr"": 0.5}, {""fold"": ""test=BW"", ""C"": 0.1, ""src"": ""default"", ""thr"": 0.5}]",2.01,"one culture per strain x analyte: no grouped inner CV, default hyperparameters"
T1,native,loso,test=536,analyte,F1.ctrl,pca_lr,bal_acc,0.105,0.01,0.18,0.05,,,,200,20,1000,295,default,"[{""fold"": ""test=536"", ""C"": 0.1, ""src"": ""default"", ""thr"": 0.5}, {""fold"": ""test=BW"", ""C"": 0.1, ""src"": ""default"", ""thr"": 0.5}]",2.01,"one culture per strain x analyte: no grouped inner CV, default hyperparameters"
T1,native,loso,test=536,analyte,F1.ctrl,pca_lr,macro_f1,0.0938,0.0112,0.1742,,,,,200,20,1000,295,default,"[{""fold"": ""test=536"", ""C"": 0.1, ""src"": ""default"", ""thr"": 0.5}, {""fold"": ""test=BW"", ""C"": 0.1, ""src"": ""default"", ""thr"": 0.5}]",2.01,"one culture per strain x analyte: no grouped inner CV, default hyperparameters"
T1,native,loso,test=536,analyte,F1.ctrl,pca_lr,accuracy,0.105,0.01,0.235,0.05,,,,200,20,1000,295,default,"[{""fold"": ""test=536"", ""C"": 0.1, ""src"": ""default"", ""thr"": 0.5}, {""fold"": ""test=BW"", ""C"": 0.1, ""src"": ""default"", ""thr"": 0.5}]",2.01,"one culture per strain x analyte: no grouped inner CV, default hyperparameters"
T1,native,loso,test=BW,analyte,F1.ctrl,pca_lr,bal_acc,0.1,0.0214,0.1625,0.05,,,,390,20,1000,295,default,"[{""fold"": ""test=536"", ""C"": 0.1, ""src"": ""default"", ""thr"": 0.5}, {""fold"": ""test=BW"", ""C"": 0.1, ""src"": ""default"", ""thr"": 0.5}]",2.01,"one culture per strain x analyte: no grouped inner CV, default hyperparameters"
T1,native,loso,test=BW,analyte,F1.ctrl,pca_lr,macro_f1,0.077,0.0147,0.1395,,,,,390,20,1000,295,default,"[{""fold"": ""test=536"", ""C"": 0.1, ""src"": ""default"", ""thr"": 0.5}, {""fold"": ""test=BW"", ""C"": 0.1, ""src"": ""default"", ""thr"": 0.5}]",2.01,"one culture per strain x analyte: no grouped inner CV, default hyperparameters"
T1,native,loso,test=BW,analyte,F1.ctrl,pca_lr,accuracy,0.0923,0.0143,0.2001,0.1026,,,,390,20,1000,295,default,"[{""fold"": ""test=536"", ""C"": 0.1, ""src"": ""default"", ""thr"": 0.5}, {""fold"": ""test=BW"", ""C"": 0.1, ""src"": ""default"", ""thr"": 0.5}]",2.01,"one culture per strain x analyte: no grouped inner CV, default hyperparameters"
T1,native,loso,all,analyte,F1.ctrl,plsda,bal_acc,0.0913,0.0337,0.1543,0.05,,,,590,40,1000,295,default,"[{""fold"": ""test=536"", ""n"": 10, ""src"": ""default"", ""thr"": 0.5}, {""fold"": ""test=BW"", ""n"": 10, ""src"": ""default"", ""thr"": 0.5}]",1.48,"one culture per strain x analyte: no grouped inner CV, default hyperparameters"
T1,native,loso,all,analyte,F1.ctrl,plsda,macro_f1,0.0732,0.0271,0.1166,,,,,590,40,1000,295,default,"[{""fold"": ""test=536"", ""n"": 10, ""src"": ""default"", ""thr"": 0.5}, {""fold"": ""test=BW"", ""n"": 10, ""src"": ""default"", ""thr"": 0.5}]",1.48,"one culture per strain x analyte: no grouped inner CV, default hyperparameters"
T1,native,loso,all,analyte,F1.ctrl,plsda,accuracy,0.0983,0.0339,0.1746,0.0847,,,,590,40,1000,295,default,"[{""fold"": ""test=536"", ""n"": 10, ""src"": ""default"", ""thr"": 0.5}, {""fold"": ""test=BW"", ""n"": 10, ""src"": ""default"", ""thr"": 0.5}]",1.48,"one culture per strain x analyte: no grouped inner CV, default hyperparameters"
T1,native,loso,all@culture,analyte,F1.ctrl,plsda,bal_acc,0.1,0.0278,0.1667,0.05,,,,40,40,1000,295,default,"[{""fold"": ""test=536"", ""n"": 10, ""src"": ""default"", ""thr"": 0.5}, {""fold"": ""test=BW"", ""n"": 10, ""src"": ""default"", ""thr"": 0.5}]",1.48,"one culture per strain x analyte: no grouped inner CV, default hyperparameters"
T1,native,loso,all@culture,analyte,F1.ctrl,plsda,macro_f1,0.0743,0.0111,0.1176,,,,,40,40,1000,295,default,"[{""fold"": ""test=536"", ""n"": 10, ""src"": ""default"", ""thr"": 0.5}, {""fold"": ""test=BW"", ""n"": 10, ""src"": ""default"", ""thr"": 0.5}]",1.48,"one culture per strain x analyte: no grouped inner CV, default hyperparameters"
T1,native,loso,all@culture,analyte,F1.ctrl,plsda,accuracy,0.1,0.025,0.2,,,,,40,40,1000,295,default,"[{""fold"": ""test=536"", ""n"": 10, ""src"": ""default"", ""thr"": 0.5}, {""fold"": ""test=BW"", ""n"": 10, ""src"": ""default"", ""thr"": 0.5}]",1.48,"one culture per strain x analyte: no grouped inner CV, default hyperparameters"
T1,native,loso,test=536,analyte,F1.ctrl,plsda,bal_acc,0.115,0.0083,0.2,0.05,,,,200,20,1000,295,default,"[{""fold"": ""test=536"", ""n"": 10, ""src"": ""default"", ""thr"": 0.5}, {""fold"": ""test=BW"", ""n"": 10, ""src"": ""default"", ""thr"": 0.5}]",1.48,"one culture per strain x analyte: no grouped inner CV, default hyperparameters"
T1,native,loso,test=536,analyte,F1.ctrl,plsda,macro_f1,0.0783,0.0046,0.1603,,,,,200,20,1000,295,default,"[{""fold"": ""test=536"", ""n"": 10, ""src"": ""default"", ""thr"": 0.5}, {""fold"": ""test=BW"", ""n"": 10, ""src"": ""default"", ""thr"": 0.5}]",1.48,"one culture per strain x analyte: no grouped inner CV, default hyperparameters"
T1,native,loso,test=536,analyte,F1.ctrl,plsda,accuracy,0.115,0.005,0.26,0.05,,,,200,20,1000,295,default,"[{""fold"": ""test=536"", ""n"": 10, ""src"": ""default"", ""thr"": 0.5}, {""fold"": ""test=BW"", ""n"": 10, ""src"": ""default"", ""thr"": 0.5}]",1.48,"one culture per strain x analyte: no grouped inner CV, default hyperparameters"
T1,native,loso,test=BW,analyte,F1.ctrl,plsda,bal_acc,0.0788,0.0136,0.1271,0.05,,,,390,20,1000,295,default,"[{""fold"": ""test=536"", ""n"": 10, ""src"": ""default"", ""thr"": 0.5}, {""fold"": ""test=BW"", ""n"": 10, ""src"": ""default"", ""thr"": 0.5}]",1.48,"one culture per strain x analyte: no grouped inner CV, default hyperparameters"
T1,native,loso,test=BW,analyte,F1.ctrl,plsda,macro_f1,0.0553,0.0155,0.1157,,,,,390,20,1000,295,default,"[{""fold"": ""test=536"", ""n"": 10, ""src"": ""default"", ""thr"": 0.5}, {""fold"": ""test=BW"", ""n"": 10, ""src"": ""default"", ""thr"": 0.5}]",1.48,"one culture per strain x analyte: no grouped inner CV, default hyperparameters"
T1,native,loso,test=BW,analyte,F1.ctrl,plsda,accuracy,0.0897,0.0132,0.1738,0.1026,,,,390,20,1000,295,default,"[{""fold"": ""test=536"", ""n"": 10, ""src"": ""default"", ""thr"": 0.5}, {""fold"": ""test=BW"", ""n"": 10, ""src"": ""default"", ""thr"": 0.5}]",1.48,"one culture per strain x analyte: no grouped inner CV, default hyperparameters"
T1,native,loso,all,analyte,F1.ctrl,ncm,bal_acc,0.1075,0.0412,0.1791,0.05,,,,590,40,1000,295,fixed,"[{""fold"": ""test=536"", ""src"": ""fixed"", ""thr"": 0.5}, {""fold"": ""test=BW"", ""src"": ""fixed"", ""thr"": 0.5}]",1.61,"one culture per strain x analyte: no grouped inner CV, default hyperparameters"
T1,native,loso,all,analyte,F1.ctrl,ncm,macro_f1,0.0821,0.0322,0.1368,,,,,590,40,1000,295,fixed,"[{""fold"": ""test=536"", ""src"": ""fixed"", ""thr"": 0.5}, {""fold"": ""test=BW"", ""src"": ""fixed"", ""thr"": 0.5}]",1.61,"one culture per strain x analyte: no grouped inner CV, default hyperparameters"
T1,native,loso,all,analyte,F1.ctrl,ncm,accuracy,0.0983,0.0279,0.1873,0.0847,,,,590,40,1000,295,fixed,"[{""fold"": ""test=536"", ""src"": ""fixed"", ""thr"": 0.5}, {""fold"": ""test=BW"", ""src"": ""fixed"", ""thr"": 0.5}]",1.61,"one culture per strain x analyte: no grouped inner CV, default hyperparameters"
T1,native,loso,all@culture,analyte,F1.ctrl,ncm,bal_acc,0.1,0.0196,0.1834,0.05,,,,40,40,1000,295,fixed,"[{""fold"": ""test=536"", ""src"": ""fixed"", ""thr"": 0.5}, {""fold"": ""test=BW"", ""src"": ""fixed"", ""thr"": 0.5}]",1.61,"one culture per strain x analyte: no grouped inner CV, default hyperparameters"
T1,native,loso,all@culture,analyte,F1.ctrl,ncm,macro_f1,0.0718,0.0132,0.1314,,,,,40,40,1000,295,fixed,"[{""fold"": ""test=536"", ""src"": ""fixed"", ""thr"": 0.5}, {""fold"": ""test=BW"", ""src"": ""fixed"", ""thr"": 0.5}]",1.61,"one culture per strain x analyte: no grouped inner CV, default hyperparameters"
T1,native,loso,all@culture,analyte,F1.ctrl,ncm,accuracy,0.1,0.025,0.2,,,,,40,40,1000,295,fixed,"[{""fold"": ""test=536"", ""src"": ""fixed"", ""thr"": 0.5}, {""fold"": ""test=BW"", ""src"": ""fixed"", ""thr"": 0.5}]",1.61,"one culture per strain x analyte: no grouped inner CV, default hyperparameters"
T1,native,loso,test=536,analyte,F1.ctrl,ncm,bal_acc,0.1,0.0231,0.1667,0.05,,,,200,20,1000,295,fixed,"[{""fold"": ""test=536"", ""src"": ""fixed"", ""thr"": 0.5}, {""fold"": ""test=BW"", ""src"": ""fixed"", ""thr"": 0.5}]",1.61,"one culture per strain x analyte: no grouped inner CV, default hyperparameters"
T1,native,loso,test=536,analyte,F1.ctrl,ncm,macro_f1,0.0757,0.0174,0.1579,,,,,200,20,1000,295,fixed,"[{""fold"": ""test=536"", ""src"": ""fixed"", ""thr"": 0.5}, {""fold"": ""test=BW"", ""src"": ""fixed"", ""thr"": 0.5}]",1.61,"one culture per strain x analyte: no grouped inner CV, default hyperparameters"
T1,native,loso,test=536,analyte,F1.ctrl,ncm,accuracy,0.1,0.015,0.205,0.05,,,,200,20,1000,295,fixed,"[{""fold"": ""test=536"", ""src"": ""fixed"", ""thr"": 0.5}, {""fold"": ""test=BW"", ""src"": ""fixed"", ""thr"": 0.5}]",1.61,"one culture per strain x analyte: no grouped inner CV, default hyperparameters"
T1,native,loso,test=BW,analyte,F1.ctrl,ncm,bal_acc,0.12,0.005,0.2,0.05,,,,390,20,1000,295,fixed,"[{""fold"": ""test=536"", ""src"": ""fixed"", ""thr"": 0.5}, {""fold"": ""test=BW"", ""src"": ""fixed"", ""thr"": 0.5}]",1.61,"one culture per strain x analyte: no grouped inner CV, default hyperparameters"
T1,native,loso,test=BW,analyte,F1.ctrl,ncm,macro_f1,0.0649,0.0095,0.1485,,,,,390,20,1000,295,fixed,"[{""fold"": ""test=536"", ""src"": ""fixed"", ""thr"": 0.5}, {""fold"": ""test=BW"", ""src"": ""fixed"", ""thr"": 0.5}]",1.61,"one culture per strain x analyte: no grouped inner CV, default hyperparameters"
T1,native,loso,test=BW,analyte,F1.ctrl,ncm,accuracy,0.0974,0.0053,0.2191,0.1026,,,,390,20,1000,295,fixed,"[{""fold"": ""test=536"", ""src"": ""fixed"", ""thr"": 0.5}, {""fold"": ""test=BW"", ""src"": ""fixed"", ""thr"": 0.5}]",1.61,"one culture per strain x analyte: no grouped inner CV, default hyperparameters"
T1,native,loso,all,analyte,F1.ctrl,hgb,bal_acc,0.056,0.0139,0.1141,0.05,,,,590,40,1000,295,fixed,"[{""fold"": ""test=536"", ""src"": ""fixed"", ""thr"": 0.5}, {""fold"": ""test=BW"", ""src"": ""fixed"", ""thr"": 0.5}]",3.48,"one culture per strain x analyte: no grouped inner CV, default hyperparameters"
T1,native,loso,all,analyte,F1.ctrl,hgb,macro_f1,0.06,0.0139,0.1017,,,,,590,40,1000,295,fixed,"[{""fold"": ""test=536"", ""src"": ""fixed"", ""thr"": 0.5}, {""fold"": ""test=BW"", ""src"": ""fixed"", ""thr"": 0.5}]",3.48,"one culture per strain x analyte: no grouped inner CV, default hyperparameters"
T1,native,loso,all,analyte,F1.ctrl,hgb,accuracy,0.0576,0.0125,0.1173,0.0847,,,,590,40,1000,295,fixed,"[{""fold"": ""test=536"", ""src"": ""fixed"", ""thr"": 0.5}, {""fold"": ""test=BW"", ""src"": ""fixed"", ""thr"": 0.5}]",3.48,"one culture per strain x analyte: no grouped inner CV, default hyperparameters"
T1,native,loso,all@culture,analyte,F1.ctrl,hgb,bal_acc,0.075,0.0,0.1482,0.05,,,,40,40,1000,295,fixed,"[{""fold"": ""test=536"", ""src"": ""fixed"", ""thr"": 0.5}, {""fold"": ""test=BW"", ""src"": ""fixed"", ""thr"": 0.5}]",3.48,"one culture per strain x analyte: no grouped inner CV, default hyperparameters"
T1,native,loso,all@culture,analyte,F1.ctrl,hgb,macro_f1,0.0792,0.0,0.1333,,,,,40,40,1000,295,fixed,"[{""fold"": ""test=536"", ""src"": ""fixed"", ""thr"": 0.5}, {""fold"": ""test=BW"", ""src"": ""fixed"", ""thr"": 0.5}]",3.48,"one culture per strain x analyte: no grouped inner CV, default hyperparameters"
T1,native,loso,all@culture,analyte,F1.ctrl,hgb,accuracy,0.075,0.0,0.175,,,,,40,40,1000,295,fixed,"[{""fold"": ""test=536"", ""src"": ""fixed"", ""thr"": 0.5}, {""fold"": ""test=BW"", ""src"": ""fixed"", ""thr"": 0.5}]",3.48,"one culture per strain x analyte: no grouped inner CV, default hyperparameters"
T1,native,loso,test=536,analyte,F1.ctrl,hgb,bal_acc,0.085,0.0083,0.1417,0.05,,,,200,20,1000,295,fixed,"[{""fold"": ""test=536"", ""src"": ""fixed"", ""thr"": 0.5}, {""fold"": ""test=BW"", ""src"": ""fixed"", ""thr"": 0.5}]",3.48,"one culture per strain x analyte: no grouped inner CV, default hyperparameters"
T1,native,loso,test=536,analyte,F1.ctrl,hgb,macro_f1,0.0551,0.0096,0.1189,,,,,200,20,1000,295,fixed,"[{""fold"": ""test=536"", ""src"": ""fixed"", ""thr"": 0.5}, {""fold"": ""test=BW"", ""src"": ""fixed"", ""thr"": 0.5}]",3.48,"one culture per strain x analyte: no grouped inner CV, default hyperparameters"
T1,native,loso,test=536,analyte,F1.ctrl,hgb,accuracy,0.085,0.01,0.195,0.05,,,,200,20,1000,295,fixed,"[{""fold"": ""test=536"", ""src"": ""fixed"", ""thr"": 0.5}, {""fold"": ""test=BW"", ""src"": ""fixed"", ""thr"": 0.5}]",3.48,"one culture per strain x analyte: no grouped inner CV, default hyperparameters"
T1,native,loso,test=BW,analyte,F1.ctrl,hgb,bal_acc,0.0425,0.0,0.0773,0.05,,,,390,20,1000,295,fixed,"[{""fold"": ""test=536"", ""src"": ""fixed"", ""thr"": 0.5}, {""fold"": ""test=BW"", ""src"": ""fixed"", ""thr"": 0.5}]",3.48,"one culture per strain x analyte: no grouped inner CV, default hyperparameters"
T1,native,loso,test=BW,analyte,F1.ctrl,hgb,macro_f1,0.0526,0.0,0.096,,,,,390,20,1000,295,fixed,"[{""fold"": ""test=536"", ""src"": ""fixed"", ""thr"": 0.5}, {""fold"": ""test=BW"", ""src"": ""fixed"", ""thr"": 0.5}]",3.48,"one culture per strain x analyte: no grouped inner CV, default hyperparameters"
T1,native,loso,test=BW,analyte,F1.ctrl,hgb,accuracy,0.0436,0.0,0.1108,0.1026,,,,390,20,1000,295,fixed,"[{""fold"": ""test=536"", ""src"": ""fixed"", ""thr"": 0.5}, {""fold"": ""test=BW"", ""src"": ""fixed"", ""thr"": 0.5}]",3.48,"one culture per strain x analyte: no grouped inner CV, default hyperparameters"
T1,native,loso,all,analyte,F1.ctrl,knn,bal_acc,0.0858,0.0365,0.1413,0.05,,,,590,40,1000,295,default,"[{""fold"": ""test=536"", ""k"": 5, ""src"": ""default"", ""thr"": 0.5}, {""fold"": ""test=BW"", ""k"": 5, ""src"": ""default"", ""thr"": 0.5}]",2.23,"one culture per strain x analyte: no grouped inner CV, default hyperparameters"
T1,native,loso,all,analyte,F1.ctrl,knn,macro_f1,0.0746,0.0315,0.1181,,,,,590,40,1000,295,default,"[{""fold"": ""test=536"", ""k"": 5, ""src"": ""default"", ""thr"": 0.5}, {""fold"": ""test=BW"", ""k"": 5, ""src"": ""default"", ""thr"": 0.5}]",2.23,"one culture per strain x analyte: no grouped inner CV, default hyperparameters"
T1,native,loso,all,analyte,F1.ctrl,knn,accuracy,0.0763,0.0242,0.1441,0.0847,,,,590,40,1000,295,default,"[{""fold"": ""test=536"", ""k"": 5, ""src"": ""default"", ""thr"": 0.5}, {""fold"": ""test=BW"", ""k"": 5, ""src"": ""default"", ""thr"": 0.5}]",2.23,"one culture per strain x analyte: no grouped inner CV, default hyperparameters"
T1,native,loso,all@culture,analyte,F1.ctrl,knn,bal_acc,0.125,0.0462,0.2038,0.05,,,,40,40,1000,295,default,"[{""fold"": ""test=536"", ""k"": 5, ""src"": ""default"", ""thr"": 0.5}, {""fold"": ""test=BW"", ""k"": 5, ""src"": ""default"", ""thr"": 0.5}]",2.23,"one culture per strain x analyte: no grouped inner CV, default hyperparameters"
T1,native,loso,all@culture,analyte,F1.ctrl,knn,macro_f1,0.1117,0.0336,0.1785,,,,,40,40,1000,295,default,"[{""fold"": ""test=536"", ""k"": 5, ""src"": ""default"", ""thr"": 0.5}, {""fold"": ""test=BW"", ""k"": 5, ""src"": ""default"", ""thr"": 0.5}]",2.23,"one culture per strain x analyte: no grouped inner CV, default hyperparameters"
T1,native,loso,all@culture,analyte,F1.ctrl,knn,accuracy,0.125,0.025,0.25,,,,,40,40,1000,295,default,"[{""fold"": ""test=536"", ""k"": 5, ""src"": ""default"", ""thr"": 0.5}, {""fold"": ""test=BW"", ""k"": 5, ""src"": ""default"", ""thr"": 0.5}]",2.23,"one culture per strain x analyte: no grouped inner CV, default hyperparameters"
T1,native,loso,test=536,analyte,F1.ctrl,knn,bal_acc,0.09,0.0142,0.15,0.05,,,,200,20,1000,295,default,"[{""fold"": ""test=536"", ""k"": 5, ""src"": ""default"", ""thr"": 0.5}, {""fold"": ""test=BW"", ""k"": 5, ""src"": ""default"", ""thr"": 0.5}]",2.23,"one culture per strain x analyte: no grouped inner CV, default hyperparameters"
T1,native,loso,test=536,analyte,F1.ctrl,knn,macro_f1,0.0787,0.0165,0.1528,,,,,200,20,1000,295,default,"[{""fold"": ""test=536"", ""k"": 5, ""src"": ""default"", ""thr"": 0.5}, {""fold"": ""test=BW"", ""k"": 5, ""src"": ""default"", ""thr"": 0.5}]",2.23,"one culture per strain x analyte: no grouped inner CV, default hyperparameters"
T1,native,loso,test=536,analyte,F1.ctrl,knn,accuracy,0.09,0.01,0.195,0.05,,,,200,20,1000,295,default,"[{""fold"": ""test=536"", ""k"": 5, ""src"": ""default"", ""thr"": 0.5}, {""fold"": ""test=BW"", ""k"": 5, ""src"": ""default"", ""thr"": 0.5}]",2.23,"one culture per strain x analyte: no grouped inner CV, default hyperparameters"
T1,native,loso,test=BW,analyte,F1.ctrl,knn,bal_acc,0.0925,0.0,0.1542,0.05,,,,390,20,1000,295,default,"[{""fold"": ""test=536"", ""k"": 5, ""src"": ""default"", ""thr"": 0.5}, {""fold"": ""test=BW"", ""k"": 5, ""src"": ""default"", ""thr"": 0.5}]",2.23,"one culture per strain x analyte: no grouped inner CV, default hyperparameters"
T1,native,loso,test=BW,analyte,F1.ctrl,knn,macro_f1,0.0641,0.0,0.1328,,,,,390,20,1000,295,default,"[{""fold"": ""test=536"", ""k"": 5, ""src"": ""default"", ""thr"": 0.5}, {""fold"": ""test=BW"", ""k"": 5, ""src"": ""default"", ""thr"": 0.5}]",2.23,"one culture per strain x analyte: no grouped inner CV, default hyperparameters"
T1,native,loso,test=BW,analyte,F1.ctrl,knn,accuracy,0.0692,0.0,0.1524,0.1026,,,,390,20,1000,295,default,"[{""fold"": ""test=536"", ""k"": 5, ""src"": ""default"", ""thr"": 0.5}, {""fold"": ""test=BW"", ""k"": 5, ""src"": ""default"", ""thr"": 0.5}]",2.23,"one culture per strain x analyte: no grouped inner CV, default hyperparameters"
T1,native,loso,all,analyte,F3.ctrl,majority,bal_acc,0.0433,0.0,0.1176,0.05,,,,590,40,1000,295,fixed,"[{""fold"": ""test=536"", ""src"": ""fixed"", ""thr"": 0.5}, {""fold"": ""test=BW"", ""src"": ""fixed"", ""thr"": 0.5}]",1.59,"one culture per strain x analyte: no grouped inner CV, default hyperparameters"
T1,native,loso,all,analyte,F3.ctrl,majority,macro_f1,0.0088,0.0,0.0245,,,,,590,40,1000,295,fixed,"[{""fold"": ""test=536"", ""src"": ""fixed"", ""thr"": 0.5}, {""fold"": ""test=BW"", ""src"": ""fixed"", ""thr"": 0.5}]",1.59,"one culture per strain x analyte: no grouped inner CV, default hyperparameters"
T1,native,loso,all,analyte,F3.ctrl,majority,accuracy,0.0508,0.0,0.1321,0.0847,,,,590,40,1000,295,fixed,"[{""fold"": ""test=536"", ""src"": ""fixed"", ""thr"": 0.5}, {""fold"": ""test=BW"", ""src"": ""fixed"", ""thr"": 0.5}]",1.59,"one culture per strain x analyte: no grouped inner CV, default hyperparameters"
T1,native,loso,all@culture,analyte,F3.ctrl,majority,bal_acc,0.05,0.0,0.1111,0.05,,,,40,40,1000,295,fixed,"[{""fold"": ""test=536"", ""src"": ""fixed"", ""thr"": 0.5}, {""fold"": ""test=BW"", ""src"": ""fixed"", ""thr"": 0.5}]",1.59,"one culture per strain x analyte: no grouped inner CV, default hyperparameters"
T1,native,loso,all@culture,analyte,F3.ctrl,majority,macro_f1,0.0091,0.0,0.0249,,,,,40,40,1000,295,fixed,"[{""fold"": ""test=536"", ""src"": ""fixed"", ""thr"": 0.5}, {""fold"": ""test=BW"", ""src"": ""fixed"", ""thr"": 0.5}]",1.59,"one culture per strain x analyte: no grouped inner CV, default hyperparameters"
T1,native,loso,all@culture,analyte,F3.ctrl,majority,accuracy,0.05,0.0,0.125,,,,,40,40,1000,295,fixed,"[{""fold"": ""test=536"", ""src"": ""fixed"", ""thr"": 0.5}, {""fold"": ""test=BW"", ""src"": ""fixed"", ""thr"": 0.5}]",1.59,"one culture per strain x analyte: no grouped inner CV, default hyperparameters"
T1,native,loso,test=536,analyte,F3.ctrl,majority,bal_acc,0.05,0.0,0.1,0.05,,,,200,20,1000,295,fixed,"[{""fold"": ""test=536"", ""src"": ""fixed"", ""thr"": 0.5}, {""fold"": ""test=BW"", ""src"": ""fixed"", ""thr"": 0.5}]",1.59,"one culture per strain x analyte: no grouped inner CV, default hyperparameters"
T1,native,loso,test=536,analyte,F3.ctrl,majority,macro_f1,0.0048,0.0,0.0237,,,,,200,20,1000,295,fixed,"[{""fold"": ""test=536"", ""src"": ""fixed"", ""thr"": 0.5}, {""fold"": ""test=BW"", ""src"": ""fixed"", ""thr"": 0.5}]",1.59,"one culture per strain x analyte: no grouped inner CV, default hyperparameters"
T1,native,loso,test=536,analyte,F3.ctrl,majority,accuracy,0.05,0.0,0.15,0.05,,,,200,20,1000,295,fixed,"[{""fold"": ""test=536"", ""src"": ""fixed"", ""thr"": 0.5}, {""fold"": ""test=BW"", ""src"": ""fixed"", ""thr"": 0.5}]",1.59,"one culture per strain x analyte: no grouped inner CV, default hyperparameters"
T1,native,loso,test=BW,analyte,F3.ctrl,majority,bal_acc,0.05,0.0,0.1,0.05,,,,390,20,1000,295,fixed,"[{""fold"": ""test=536"", ""src"": ""fixed"", ""thr"": 0.5}, {""fold"": ""test=BW"", ""src"": ""fixed"", ""thr"": 0.5}]",1.59,"one culture per strain x analyte: no grouped inner CV, default hyperparameters"
T1,native,loso,test=BW,analyte,F3.ctrl,majority,macro_f1,0.0049,0.0,0.026,,,,,390,20,1000,295,fixed,"[{""fold"": ""test=536"", ""src"": ""fixed"", ""thr"": 0.5}, {""fold"": ""test=BW"", ""src"": ""fixed"", ""thr"": 0.5}]",1.59,"one culture per strain x analyte: no grouped inner CV, default hyperparameters"
T1,native,loso,test=BW,analyte,F3.ctrl,majority,accuracy,0.0513,0.0,0.1668,0.1026,,,,390,20,1000,295,fixed,"[{""fold"": ""test=536"", ""src"": ""fixed"", ""thr"": 0.5}, {""fold"": ""test=BW"", ""src"": ""fixed"", ""thr"": 0.5}]",1.59,"one culture per strain x analyte: no grouped inner CV, default hyperparameters"
T1,native,loso,all,analyte,F3.ctrl,lr,bal_acc,0.0933,0.0357,0.1618,0.05,,,,590,40,1000,295,default,"[{""fold"": ""test=536"", ""C"": 0.1, ""src"": ""default"", ""thr"": 0.5}, {""fold"": ""test=BW"", ""C"": 0.1, ""src"": ""default"", ""thr"": 0.5}]",1.94,"one culture per strain x analyte: no grouped inner CV, default hyperparameters"
T1,native,loso,all,analyte,F3.ctrl,lr,macro_f1,0.0808,0.0132,0.132,,,,,590,40,1000,295,default,"[{""fold"": ""test=536"", ""C"": 0.1, ""src"": ""default"", ""thr"": 0.5}, {""fold"": ""test=BW"", ""C"": 0.1, ""src"": ""default"", ""thr"": 0.5}]",1.94,"one culture per strain x analyte: no grouped inner CV, default hyperparameters"
T1,native,loso,all,analyte,F3.ctrl,lr,accuracy,0.0949,0.0172,0.1889,0.0847,,,,590,40,1000,295,default,"[{""fold"": ""test=536"", ""C"": 0.1, ""src"": ""default"", ""thr"": 0.5}, {""fold"": ""test=BW"", ""C"": 0.1, ""src"": ""default"", ""thr"": 0.5}]",1.94,"one culture per strain x analyte: no grouped inner CV, default hyperparameters"
T1,native,loso,all@culture,analyte,F3.ctrl,lr,bal_acc,0.1,0.0208,0.1667,0.05,,,,40,40,1000,295,default,"[{""fold"": ""test=536"", ""C"": 0.1, ""src"": ""default"", ""thr"": 0.5}, {""fold"": ""test=BW"", ""C"": 0.1, ""src"": ""default"", ""thr"": 0.5}]",1.94,"one culture per strain x analyte: no grouped inner CV, default hyperparameters"
T1,native,loso,all@culture,analyte,F3.ctrl,lr,macro_f1,0.0917,0.0098,0.1397,,,,,40,40,1000,295,default,"[{""fold"": ""test=536"", ""C"": 0.1, ""src"": ""default"", ""thr"": 0.5}, {""fold"": ""test=BW"", ""C"": 0.1, ""src"": ""default"", ""thr"": 0.5}]",1.94,"one culture per strain x analyte: no grouped inner CV, default hyperparameters"
T1,native,loso,all@culture,analyte,F3.ctrl,lr,accuracy,0.1,0.025,0.2,,,,,40,40,1000,295,default,"[{""fold"": ""test=536"", ""C"": 0.1, ""src"": ""default"", ""thr"": 0.5}, {""fold"": ""test=BW"", ""C"": 0.1, ""src"": ""default"", ""thr"": 0.5}]",1.94,"one culture per strain x analyte: no grouped inner CV, default hyperparameters"
T1,native,loso,test=536,analyte,F3.ctrl,lr,bal_acc,0.15,0.0,0.25,0.05,,,,200,20,1000,295,default,"[{""fold"": ""test=536"", ""C"": 0.1, ""src"": ""default"", ""thr"": 0.5}, {""fold"": ""test=BW"", ""C"": 0.1, ""src"": ""default"", ""thr"": 0.5}]",1.94,"one culture per strain x analyte: no grouped inner CV, default hyperparameters"
T1,native,loso,test=536,analyte,F3.ctrl,lr,macro_f1,0.1119,0.0,0.2066,,,,,200,20,1000,295,default,"[{""fold"": ""test=536"", ""C"": 0.1, ""src"": ""default"", ""thr"": 0.5}, {""fold"": ""test=BW"", ""C"": 0.1, ""src"": ""default"", ""thr"": 0.5}]",1.94,"one culture per strain x analyte: no grouped inner CV, default hyperparameters"
T1,native,loso,test=536,analyte,F3.ctrl,lr,accuracy,0.15,0.0,0.3,0.05,,,,200,20,1000,295,default,"[{""fold"": ""test=536"", ""C"": 0.1, ""src"": ""default"", ""thr"": 0.5}, {""fold"": ""test=BW"", ""C"": 0.1, ""src"": ""default"", ""thr"": 0.5}]",1.94,"one culture per strain x analyte: no grouped inner CV, default hyperparameters"
T1,native,loso,test=BW,analyte,F3.ctrl,lr,bal_acc,0.065,0.0,0.1182,0.05,,,,390,20,1000,295,default,"[{""fold"": ""test=536"", ""C"": 0.1, ""src"": ""default"", ""thr"": 0.5}, {""fold"": ""test=BW"", ""C"": 0.1, ""src"": ""default"", ""thr"": 0.5}]",1.94,"one culture per strain x analyte: no grouped inner CV, default hyperparameters"
T1,native,loso,test=BW,analyte,F3.ctrl,lr,macro_f1,0.0523,0.0,0.1075,,,,,390,20,1000,295,default,"[{""fold"": ""test=536"", ""C"": 0.1, ""src"": ""default"", ""thr"": 0.5}, {""fold"": ""test=BW"", ""C"": 0.1, ""src"": ""default"", ""thr"": 0.5}]",1.94,"one culture per strain x analyte: no grouped inner CV, default hyperparameters"
T1,native,loso,test=BW,analyte,F3.ctrl,lr,accuracy,0.0667,0.0,0.1632,0.1026,,,,390,20,1000,295,default,"[{""fold"": ""test=536"", ""C"": 0.1, ""src"": ""default"", ""thr"": 0.5}, {""fold"": ""test=BW"", ""C"": 0.1, ""src"": ""default"", ""thr"": 0.5}]",1.94,"one culture per strain x analyte: no grouped inner CV, default hyperparameters"
T1,native,loso,all,analyte,F3.ctrl,pca_lr,bal_acc,0.0817,0.0259,0.1579,0.05,,,,590,40,1000,295,default,"[{""fold"": ""test=536"", ""C"": 0.1, ""src"": ""default"", ""thr"": 0.5}, {""fold"": ""test=BW"", ""C"": 0.1, ""src"": ""default"", ""thr"": 0.5}]",1.62,"one culture per strain x analyte: no grouped inner CV, default hyperparameters"
T1,native,loso,all,analyte,F3.ctrl,pca_lr,macro_f1,0.0758,0.0093,0.1274,,,,,590,40,1000,295,default,"[{""fold"": ""test=536"", ""C"": 0.1, ""src"": ""default"", ""thr"": 0.5}, {""fold"": ""test=BW"", ""C"": 0.1, ""src"": ""default"", ""thr"": 0.5}]",1.62,"one culture per strain x analyte: no grouped inner CV, default hyperparameters"
T1,native,loso,all,analyte,F3.ctrl,pca_lr,accuracy,0.0831,0.0172,0.1655,0.0847,,,,590,40,1000,295,default,"[{""fold"": ""test=536"", ""C"": 0.1, ""src"": ""default"", ""thr"": 0.5}, {""fold"": ""test=BW"", ""C"": 0.1, ""src"": ""default"", ""thr"": 0.5}]",1.62,"one culture per strain x analyte: no grouped inner CV, default hyperparameters"
T1,native,loso,all@culture,analyte,F3.ctrl,pca_lr,bal_acc,0.1,0.0208,0.1667,0.05,,,,40,40,1000,295,default,"[{""fold"": ""test=536"", ""C"": 0.1, ""src"": ""default"", ""thr"": 0.5}, {""fold"": ""test=BW"", ""C"": 0.1, ""src"": ""default"", ""thr"": 0.5}]",1.62,"one culture per strain x analyte: no grouped inner CV, default hyperparameters"
T1,native,loso,all@culture,analyte,F3.ctrl,pca_lr,macro_f1,0.091,0.009,0.1389,,,,,40,40,1000,295,default,"[{""fold"": ""test=536"", ""C"": 0.1, ""src"": ""default"", ""thr"": 0.5}, {""fold"": ""test=BW"", ""C"": 0.1, ""src"": ""default"", ""thr"": 0.5}]",1.62,"one culture per strain x analyte: no grouped inner CV, default hyperparameters"
T1,native,loso,all@culture,analyte,F3.ctrl,pca_lr,accuracy,0.1,0.025,0.2,,,,,40,40,1000,295,default,"[{""fold"": ""test=536"", ""C"": 0.1, ""src"": ""default"", ""thr"": 0.5}, {""fold"": ""test=BW"", ""C"": 0.1, ""src"": ""default"", ""thr"": 0.5}]",1.62,"one culture per strain x analyte: no grouped inner CV, default hyperparameters"
T1,native,loso,test=536,analyte,F3.ctrl,pca_lr,bal_acc,0.15,0.0,0.25,0.05,,,,200,20,1000,295,default,"[{""fold"": ""test=536"", ""C"": 0.1, ""src"": ""default"", ""thr"": 0.5}, {""fold"": ""test=BW"", ""C"": 0.1, ""src"": ""default"", ""thr"": 0.5}]",1.62,"one culture per strain x analyte: no grouped inner CV, default hyperparameters"
T1,native,loso,test=536,analyte,F3.ctrl,pca_lr,macro_f1,0.1147,0.0,0.213,,,,,200,20,1000,295,default,"[{""fold"": ""test=536"", ""C"": 0.1, ""src"": ""default"", ""thr"": 0.5}, {""fold"": ""test=BW"", ""C"": 0.1, ""src"": ""default"", ""thr"": 0.5}]",1.62,"one culture per strain x analyte: no grouped inner CV, default hyperparameters"
T1,native,loso,test=536,analyte,F3.ctrl,pca_lr,accuracy,0.15,0.0,0.3,0.05,,,,200,20,1000,295,default,"[{""fold"": ""test=536"", ""C"": 0.1, ""src"": ""default"", ""thr"": 0.5}, {""fold"": ""test=BW"", ""C"": 0.1, ""src"": ""default"", ""thr"": 0.5}]",1.62,"one culture per strain x analyte: no grouped inner CV, default hyperparameters"
T1,native,loso,test=BW,analyte,F3.ctrl,pca_lr,bal_acc,0.0475,0.0,0.0864,0.05,,,,390,20,1000,295,default,"[{""fold"": ""test=536"", ""C"": 0.1, ""src"": ""default"", ""thr"": 0.5}, {""fold"": ""test=BW"", ""C"": 0.1, ""src"": ""default"", ""thr"": 0.5}]",1.62,"one culture per strain x analyte: no grouped inner CV, default hyperparameters"
T1,native,loso,test=BW,analyte,F3.ctrl,pca_lr,macro_f1,0.0434,0.0,0.0872,,,,,390,20,1000,295,default,"[{""fold"": ""test=536"", ""C"": 0.1, ""src"": ""default"", ""thr"": 0.5}, {""fold"": ""test=BW"", ""C"": 0.1, ""src"": ""default"", ""thr"": 0.5}]",1.62,"one culture per strain x analyte: no grouped inner CV, default hyperparameters"
T1,native,loso,test=BW,analyte,F3.ctrl,pca_lr,accuracy,0.0487,0.0,0.125,0.1026,,,,390,20,1000,295,default,"[{""fold"": ""test=536"", ""C"": 0.1, ""src"": ""default"", ""thr"": 0.5}, {""fold"": ""test=BW"", ""C"": 0.1, ""src"": ""default"", ""thr"": 0.5}]",1.62,"one culture per strain x analyte: no grouped inner CV, default hyperparameters"
T1,native,loso,all,analyte,F3.ctrl,plsda,bal_acc,0.0963,0.0305,0.1479,0.05,,,,590,40,1000,295,default,"[{""fold"": ""test=536"", ""n"": 10, ""src"": ""default"", ""thr"": 0.5}, {""fold"": ""test=BW"", ""n"": 10, ""src"": ""default"", ""thr"": 0.5}]",1.54,"one culture per strain x analyte: no grouped inner CV, default hyperparameters"
T1,native,loso,all,analyte,F3.ctrl,plsda,macro_f1,0.098,0.0369,0.1425,,,,,590,40,1000,295,default,"[{""fold"": ""test=536"", ""n"": 10, ""src"": ""default"", ""thr"": 0.5}, {""fold"": ""test=BW"", ""n"": 10, ""src"": ""default"", ""thr"": 0.5}]",1.54,"one culture per strain x analyte: no grouped inner CV, default hyperparameters"
T1,native,loso,all,analyte,F3.ctrl,plsda,accuracy,0.0966,0.0242,0.19,0.0847,,,,590,40,1000,295,default,"[{""fold"": ""test=536"", ""n"": 10, ""src"": ""default"", ""thr"": 0.5}, {""fold"": ""test=BW"", ""n"": 10, ""src"": ""default"", ""thr"": 0.5}]",1.54,"one culture per strain x analyte: no grouped inner CV, default hyperparameters"
T1,native,loso,all@culture,analyte,F3.ctrl,plsda,bal_acc,0.075,0.0,0.125,0.05,,,,40,40,1000,295,default,"[{""fold"": ""test=536"", ""n"": 10, ""src"": ""default"", ""thr"": 0.5}, {""fold"": ""test=BW"", ""n"": 10, ""src"": ""default"", ""thr"": 0.5}]",1.54,"one culture per strain x analyte: no grouped inner CV, default hyperparameters"
T1,native,loso,all@culture,analyte,F3.ctrl,plsda,macro_f1,0.0667,0.0,0.1111,,,,,40,40,1000,295,default,"[{""fold"": ""test=536"", ""n"": 10, ""src"": ""default"", ""thr"": 0.5}, {""fold"": ""test=BW"", ""n"": 10, ""src"": ""default"", ""thr"": 0.5}]",1.54,"one culture per strain x analyte: no grouped inner CV, default hyperparameters"
T1,native,loso,all@culture,analyte,F3.ctrl,plsda,accuracy,0.075,0.0,0.175,,,,,40,40,1000,295,default,"[{""fold"": ""test=536"", ""n"": 10, ""src"": ""default"", ""thr"": 0.5}, {""fold"": ""test=BW"", ""n"": 10, ""src"": ""default"", ""thr"": 0.5}]",1.54,"one culture per strain x analyte: no grouped inner CV, default hyperparameters"
T1,native,loso,test=536,analyte,F3.ctrl,plsda,bal_acc,0.115,0.0,0.2,0.05,,,,200,20,1000,295,default,"[{""fold"": ""test=536"", ""n"": 10, ""src"": ""default"", ""thr"": 0.5}, {""fold"": ""test=BW"", ""n"": 10, ""src"": ""default"", ""thr"": 0.5}]",1.54,"one culture per strain x analyte: no grouped inner CV, default hyperparameters"
T1,native,loso,test=536,analyte,F3.ctrl,plsda,macro_f1,0.0807,0.0,0.1701,,,,,200,20,1000,295,default,"[{""fold"": ""test=536"", ""n"": 10, ""src"": ""default"", ""thr"": 0.5}, {""fold"": ""test=BW"", ""n"": 10, ""src"": ""default"", ""thr"": 0.5}]",1.54,"one culture per strain x analyte: no grouped inner CV, default hyperparameters"
T1,native,loso,test=536,analyte,F3.ctrl,plsda,accuracy,0.115,0.0,0.265,0.05,,,,200,20,1000,295,default,"[{""fold"": ""test=536"", ""n"": 10, ""src"": ""default"", ""thr"": 0.5}, {""fold"": ""test=BW"", ""n"": 10, ""src"": ""default"", ""thr"": 0.5}]",1.54,"one culture per strain x analyte: no grouped inner CV, default hyperparameters"
T1,native,loso,test=BW,analyte,F3.ctrl,plsda,bal_acc,0.0913,0.0062,0.1521,0.05,,,,390,20,1000,295,default,"[{""fold"": ""test=536"", ""n"": 10, ""src"": ""default"", ""thr"": 0.5}, {""fold"": ""test=BW"", ""n"": 10, ""src"": ""default"", ""thr"": 0.5}]",1.54,"one culture per strain x analyte: no grouped inner CV, default hyperparameters"
T1,native,loso,test=BW,analyte,F3.ctrl,plsda,macro_f1,0.1083,0.0081,0.1828,,,,,390,20,1000,295,default,"[{""fold"": ""test=536"", ""n"": 10, ""src"": ""default"", ""thr"": 0.5}, {""fold"": ""test=BW"", ""n"": 10, ""src"": ""default"", ""thr"": 0.5}]",1.54,"one culture per strain x analyte: no grouped inner CV, default hyperparameters"
T1,native,loso,test=BW,analyte,F3.ctrl,plsda,accuracy,0.0872,0.0081,0.2108,0.1026,,,,390,20,1000,295,default,"[{""fold"": ""test=536"", ""n"": 10, ""src"": ""default"", ""thr"": 0.5}, {""fold"": ""test=BW"", ""n"": 10, ""src"": ""default"", ""thr"": 0.5}]",1.54,"one culture per strain x analyte: no grouped inner CV, default hyperparameters"
T1,native,loso,all,analyte,F3.ctrl,ncm,bal_acc,0.0817,0.018,0.1512,0.05,,,,590,40,1000,295,fixed,"[{""fold"": ""test=536"", ""src"": ""fixed"", ""thr"": 0.5}, {""fold"": ""test=BW"", ""src"": ""fixed"", ""thr"": 0.5}]",1.5,"one culture per strain x analyte: no grouped inner CV, default hyperparameters"
T1,native,loso,all,analyte,F3.ctrl,ncm,macro_f1,0.0755,0.0141,0.1207,,,,,590,40,1000,295,fixed,"[{""fold"": ""test=536"", ""src"": ""fixed"", ""thr"": 0.5}, {""fold"": ""test=BW"", ""src"": ""fixed"", ""thr"": 0.5}]",1.5,"one culture per strain x analyte: no grouped inner CV, default hyperparameters"
T1,native,loso,all,analyte,F3.ctrl,ncm,accuracy,0.0661,0.0167,0.1352,0.0847,,,,590,40,1000,295,fixed,"[{""fold"": ""test=536"", ""src"": ""fixed"", ""thr"": 0.5}, {""fold"": ""test=BW"", ""src"": ""fixed"", ""thr"": 0.5}]",1.5,"one culture per strain x analyte: no grouped inner CV, default hyperparameters"
T1,native,loso,all@culture,analyte,F3.ctrl,ncm,bal_acc,0.1,0.0263,0.1667,0.05,,,,40,40,1000,295,fixed,"[{""fold"": ""test=536"", ""src"": ""fixed"", ""thr"": 0.5}, {""fold"": ""test=BW"", ""src"": ""fixed"", ""thr"": 0.5}]",1.5,"one culture per strain x analyte: no grouped inner CV, default hyperparameters"
T1,native,loso,all@culture,analyte,F3.ctrl,ncm,macro_f1,0.0811,0.0138,0.1275,,,,,40,40,1000,295,fixed,"[{""fold"": ""test=536"", ""src"": ""fixed"", ""thr"": 0.5}, {""fold"": ""test=BW"", ""src"": ""fixed"", ""thr"": 0.5}]",1.5,"one culture per strain x analyte: no grouped inner CV, default hyperparameters"
T1,native,loso,all@culture,analyte,F3.ctrl,ncm,accuracy,0.1,0.025,0.2,,,,,40,40,1000,295,fixed,"[{""fold"": ""test=536"", ""src"": ""fixed"", ""thr"": 0.5}, {""fold"": ""test=BW"", ""src"": ""fixed"", ""thr"": 0.5}]",1.5,"one culture per strain x analyte: no grouped inner CV, default hyperparameters"
T1,native,loso,test=536,analyte,F3.ctrl,ncm,bal_acc,0.135,0.0,0.225,0.05,,,,200,20,1000,295,fixed,"[{""fold"": ""test=536"", ""src"": ""fixed"", ""thr"": 0.5}, {""fold"": ""test=BW"", ""src"": ""fixed"", ""thr"": 0.5}]",1.5,"one culture per strain x analyte: no grouped inner CV, default hyperparameters"
T1,native,loso,test=536,analyte,F3.ctrl,ncm,macro_f1,0.0869,0.0,0.1861,,,,,200,20,1000,295,fixed,"[{""fold"": ""test=536"", ""src"": ""fixed"", ""thr"": 0.5}, {""fold"": ""test=BW"", ""src"": ""fixed"", ""thr"": 0.5}]",1.5,"one culture per strain x analyte: no grouped inner CV, default hyperparameters"
T1,native,loso,test=536,analyte,F3.ctrl,ncm,accuracy,0.135,0.0,0.285,0.05,,,,200,20,1000,295,fixed,"[{""fold"": ""test=536"", ""src"": ""fixed"", ""thr"": 0.5}, {""fold"": ""test=BW"", ""src"": ""fixed"", ""thr"": 0.5}]",1.5,"one culture per strain x analyte: no grouped inner CV, default hyperparameters"
T1,native,loso,test=BW,analyte,F3.ctrl,ncm,bal_acc,0.055,0.0,0.1,0.05,,,,390,20,1000,295,fixed,"[{""fold"": ""test=536"", ""src"": ""fixed"", ""thr"": 0.5}, {""fold"": ""test=BW"", ""src"": ""fixed"", ""thr"": 0.5}]",1.5,"one culture per strain x analyte: no grouped inner CV, default hyperparameters"
T1,native,loso,test=BW,analyte,F3.ctrl,ncm,macro_f1,0.0568,0.0,0.1042,,,,,390,20,1000,295,fixed,"[{""fold"": ""test=536"", ""src"": ""fixed"", ""thr"": 0.5}, {""fold"": ""test=BW"", ""src"": ""fixed"", ""thr"": 0.5}]",1.5,"one culture per strain x analyte: no grouped inner CV, default hyperparameters"
T1,native,loso,test=BW,analyte,F3.ctrl,ncm,accuracy,0.0308,0.0,0.0922,0.1026,,,,390,20,1000,295,fixed,"[{""fold"": ""test=536"", ""src"": ""fixed"", ""thr"": 0.5}, {""fold"": ""test=BW"", ""src"": ""fixed"", ""thr"": 0.5}]",1.5,"one culture per strain x analyte: no grouped inner CV, default hyperparameters"
T1,native,loso,all,analyte,F3.ctrl,hgb,bal_acc,0.066,0.0207,0.1116,0.05,,,,590,40,1000,295,fixed,"[{""fold"": ""test=536"", ""src"": ""fixed"", ""thr"": 0.5}, {""fold"": ""test=BW"", ""src"": ""fixed"", ""thr"": 0.5}]",51.04,"one culture per strain x analyte: no grouped inner CV, default hyperparameters"
T1,native,loso,all,analyte,F3.ctrl,hgb,macro_f1,0.0542,0.021,0.0892,,,,,590,40,1000,295,fixed,"[{""fold"": ""test=536"", ""src"": ""fixed"", ""thr"": 0.5}, {""fold"": ""test=BW"", ""src"": ""fixed"", ""thr"": 0.5}]",51.04,"one culture per strain x analyte: no grouped inner CV, default hyperparameters"
T1,native,loso,all,analyte,F3.ctrl,hgb,accuracy,0.0627,0.0149,0.1328,0.0847,,,,590,40,1000,295,fixed,"[{""fold"": ""test=536"", ""src"": ""fixed"", ""thr"": 0.5}, {""fold"": ""test=BW"", ""src"": ""fixed"", ""thr"": 0.5}]",51.04,"one culture per strain x analyte: no grouped inner CV, default hyperparameters"
T1,native,loso,all@culture,analyte,F3.ctrl,hgb,bal_acc,0.075,0.0,0.1481,0.05,,,,40,40,1000,295,fixed,"[{""fold"": ""test=536"", ""src"": ""fixed"", ""thr"": 0.5}, {""fold"": ""test=BW"", ""src"": ""fixed"", ""thr"": 0.5}]",51.04,"one culture per strain x analyte: no grouped inner CV, default hyperparameters"
T1,native,loso,all@culture,analyte,F3.ctrl,hgb,macro_f1,0.0504,0.0,0.0996,,,,,40,40,1000,295,fixed,"[{""fold"": ""test=536"", ""src"": ""fixed"", ""thr"": 0.5}, {""fold"": ""test=BW"", ""src"": ""fixed"", ""thr"": 0.5}]",51.04,"one culture per strain x analyte: no grouped inner CV, default hyperparameters"
T1,native,loso,all@culture,analyte,F3.ctrl,hgb,accuracy,0.075,0.0,0.175,,,,,40,40,1000,295,fixed,"[{""fold"": ""test=536"", ""src"": ""fixed"", ""thr"": 0.5}, {""fold"": ""test=BW"", ""src"": ""fixed"", ""thr"": 0.5}]",51.04,"one culture per strain x analyte: no grouped inner CV, default hyperparameters"
T1,native,loso,test=536,analyte,F3.ctrl,hgb,bal_acc,0.06,0.0083,0.1,0.05,,,,200,20,1000,295,fixed,"[{""fold"": ""test=536"", ""src"": ""fixed"", ""thr"": 0.5}, {""fold"": ""test=BW"", ""src"": ""fixed"", ""thr"": 0.5}]",51.04,"one culture per strain x analyte: no grouped inner CV, default hyperparameters"
T1,native,loso,test=536,analyte,F3.ctrl,hgb,macro_f1,0.0413,0.0053,0.1,,,,,200,20,1000,295,fixed,"[{""fold"": ""test=536"", ""src"": ""fixed"", ""thr"": 0.5}, {""fold"": ""test=BW"", ""src"": ""fixed"", ""thr"": 0.5}]",51.04,"one culture per strain x analyte: no grouped inner CV, default hyperparameters"
T1,native,loso,test=536,analyte,F3.ctrl,hgb,accuracy,0.06,0.01,0.13,0.05,,,,200,20,1000,295,fixed,"[{""fold"": ""test=536"", ""src"": ""fixed"", ""thr"": 0.5}, {""fold"": ""test=BW"", ""src"": ""fixed"", ""thr"": 0.5}]",51.04,"one culture per strain x analyte: no grouped inner CV, default hyperparameters"
T1,native,loso,test=BW,analyte,F3.ctrl,hgb,bal_acc,0.0663,0.0021,0.1125,0.05,,,,390,20,1000,295,fixed,"[{""fold"": ""test=536"", ""src"": ""fixed"", ""thr"": 0.5}, {""fold"": ""test=BW"", ""src"": ""fixed"", ""thr"": 0.5}]",51.04,"one culture per strain x analyte: no grouped inner CV, default hyperparameters"
T1,native,loso,test=BW,analyte,F3.ctrl,hgb,macro_f1,0.0517,0.0019,0.1059,,,,,390,20,1000,295,fixed,"[{""fold"": ""test=536"", ""src"": ""fixed"", ""thr"": 0.5}, {""fold"": ""test=BW"", ""src"": ""fixed"", ""thr"": 0.5}]",51.04,"one culture per strain x analyte: no grouped inner CV, default hyperparameters"
T1,native,loso,test=BW,analyte,F3.ctrl,hgb,accuracy,0.0641,0.0026,0.1526,0.1026,,,,390,20,1000,295,fixed,"[{""fold"": ""test=536"", ""src"": ""fixed"", ""thr"": 0.5}, {""fold"": ""test=BW"", ""src"": ""fixed"", ""thr"": 0.5}]",51.04,"one culture per strain x analyte: no grouped inner CV, default hyperparameters"
T1,native,loso,all,analyte,F3.ctrl,knn,bal_acc,0.0867,0.0365,0.125,0.05,,,,590,40,1000,295,default,"[{""fold"": ""test=536"", ""k"": 5, ""src"": ""default"", ""thr"": 0.5}, {""fold"": ""test=BW"", ""k"": 5, ""src"": ""default"", ""thr"": 0.5}]",1.5,"one culture per strain x analyte: no grouped inner CV, default hyperparameters"
T1,native,loso,all,analyte,F3.ctrl,knn,macro_f1,0.0574,0.0135,0.0963,,,,,590,40,1000,295,default,"[{""fold"": ""test=536"", ""k"": 5, ""src"": ""default"", ""thr"": 0.5}, {""fold"": ""test=BW"", ""k"": 5, ""src"": ""default"", ""thr"": 0.5}]",1.5,"one culture per strain x analyte: no grouped inner CV, default hyperparameters"
T1,native,loso,all,analyte,F3.ctrl,knn,accuracy,0.0712,0.0161,0.1539,0.0847,,,,590,40,1000,295,default,"[{""fold"": ""test=536"", ""k"": 5, ""src"": ""default"", ""thr"": 0.5}, {""fold"": ""test=BW"", ""k"": 5, ""src"": ""default"", ""thr"": 0.5}]",1.5,"one culture per strain x analyte: no grouped inner CV, default hyperparameters"
T1,native,loso,all@culture,analyte,F3.ctrl,knn,bal_acc,0.1,0.0526,0.1333,0.05,,,,40,40,1000,295,default,"[{""fold"": ""test=536"", ""k"": 5, ""src"": ""default"", ""thr"": 0.5}, {""fold"": ""test=BW"", ""k"": 5, ""src"": ""default"", ""thr"": 0.5}]",1.5,"one culture per strain x analyte: no grouped inner CV, default hyperparameters"
T1,native,loso,all@culture,analyte,F3.ctrl,knn,macro_f1,0.0567,0.0101,0.095,,,,,40,40,1000,295,default,"[{""fold"": ""test=536"", ""k"": 5, ""src"": ""default"", ""thr"": 0.5}, {""fold"": ""test=BW"", ""k"": 5, ""src"": ""default"", ""thr"": 0.5}]",1.5,"one culture per strain x analyte: no grouped inner CV, default hyperparameters"
T1,native,loso,all@culture,analyte,F3.ctrl,knn,accuracy,0.1,0.025,0.2,,,,,40,40,1000,295,default,"[{""fold"": ""test=536"", ""k"": 5, ""src"": ""default"", ""thr"": 0.5}, {""fold"": ""test=BW"", ""k"": 5, ""src"": ""default"", ""thr"": 0.5}]",1.5,"one culture per strain x analyte: no grouped inner CV, default hyperparameters"
T1,native,loso,test=536,analyte,F3.ctrl,knn,bal_acc,0.1,0.0,0.1818,0.05,,,,200,20,1000,295,default,"[{""fold"": ""test=536"", ""k"": 5, ""src"": ""default"", ""thr"": 0.5}, {""fold"": ""test=BW"", ""k"": 5, ""src"": ""default"", ""thr"": 0.5}]",1.5,"one culture per strain x analyte: no grouped inner CV, default hyperparameters"
T1,native,loso,test=536,analyte,F3.ctrl,knn,macro_f1,0.0625,0.0,0.1284,,,,,200,20,1000,295,default,"[{""fold"": ""test=536"", ""k"": 5, ""src"": ""default"", ""thr"": 0.5}, {""fold"": ""test=BW"", ""k"": 5, ""src"": ""default"", ""thr"": 0.5}]",1.5,"one culture per strain x analyte: no grouped inner CV, default hyperparameters"
T1,native,loso,test=536,analyte,F3.ctrl,knn,accuracy,0.1,0.0,0.25,0.05,,,,200,20,1000,295,default,"[{""fold"": ""test=536"", ""k"": 5, ""src"": ""default"", ""thr"": 0.5}, {""fold"": ""test=BW"", ""k"": 5, ""src"": ""default"", ""thr"": 0.5}]",1.5,"one culture per strain x analyte: no grouped inner CV, default hyperparameters"
T1,native,loso,test=BW,analyte,F3.ctrl,knn,bal_acc,0.08,0.0,0.1455,0.05,,,,390,20,1000,295,default,"[{""fold"": ""test=536"", ""k"": 5, ""src"": ""default"", ""thr"": 0.5}, {""fold"": ""test=BW"", ""k"": 5, ""src"": ""default"", ""thr"": 0.5}]",1.5,"one culture per strain x analyte: no grouped inner CV, default hyperparameters"
T1,native,loso,test=BW,analyte,F3.ctrl,knn,macro_f1,0.0678,0.0,0.1548,,,,,390,20,1000,295,default,"[{""fold"": ""test=536"", ""k"": 5, ""src"": ""default"", ""thr"": 0.5}, {""fold"": ""test=BW"", ""k"": 5, ""src"": ""default"", ""thr"": 0.5}]",1.5,"one culture per strain x analyte: no grouped inner CV, default hyperparameters"
T1,native,loso,test=BW,analyte,F3.ctrl,knn,accuracy,0.0564,0.0,0.1487,0.1026,,,,390,20,1000,295,default,"[{""fold"": ""test=536"", ""k"": 5, ""src"": ""default"", ""thr"": 0.5}, {""fold"": ""test=BW"", ""k"": 5, ""src"": ""default"", ""thr"": 0.5}]",1.5,"one culture per strain x analyte: no grouped inner CV, default hyperparameters"
T1,native,step1_split,all,analyte,F1,majority,bal_acc,0.0,0.0,0.0,0.05,,,,210,13,1000,380,fixed,"[{""fold"": ""step1"", ""src"": ""fixed"", ""thr"": 0.5}]",0.2,the split in sers_records.jsonl; test cells cover 13/20 analytes
T1,native,step1_split,all,analyte,F1,majority,macro_f1,0.0,0.0,0.0,,,,,210,13,1000,380,fixed,"[{""fold"": ""step1"", ""src"": ""fixed"", ""thr"": 0.5}]",0.2,the split in sers_records.jsonl; test cells cover 13/20 analytes
T1,native,step1_split,all,analyte,F1,majority,accuracy,0.0,0.0,0.0,0.1905,,,,210,13,1000,380,fixed,"[{""fold"": ""step1"", ""src"": ""fixed"", ""thr"": 0.5}]",0.2,the split in sers_records.jsonl; test cells cover 13/20 analytes
T1,native,step1_split,all,analyte,F1,lr,bal_acc,0.0231,0.0,0.0429,0.05,0.5355,1000,0.0417,210,13,1000,380,default,"[{""fold"": ""step1"", ""C"": 0.1, ""src"": ""default"", ""thr"": 0.5}]",0.23,the split in sers_records.jsonl; test cells cover 13/20 analytes
T1,native,step1_split,all,analyte,F1,lr,macro_f1,0.0355,0.0,0.0659,,,,,210,13,1000,380,default,"[{""fold"": ""step1"", ""C"": 0.1, ""src"": ""default"", ""thr"": 0.5}]",0.23,the split in sers_records.jsonl; test cells cover 13/20 analytes
T1,native,step1_split,all,analyte,F1,lr,accuracy,0.0143,0.0,0.0529,0.1905,,,,210,13,1000,380,default,"[{""fold"": ""step1"", ""C"": 0.1, ""src"": ""default"", ""thr"": 0.5}]",0.23,the split in sers_records.jsonl; test cells cover 13/20 analytes
T1,native,step1_split,all,analyte,F1,pca_lr,bal_acc,0.0154,0.0,0.0286,0.05,,,,210,13,1000,380,default,"[{""fold"": ""step1"", ""C"": 0.1, ""src"": ""default"", ""thr"": 0.5}]",0.23,the split in sers_records.jsonl; test cells cover 13/20 analytes
T1,native,step1_split,all,analyte,F1,pca_lr,macro_f1,0.0237,0.0,0.0476,,,,,210,13,1000,380,default,"[{""fold"": ""step1"", ""C"": 0.1, ""src"": ""default"", ""thr"": 0.5}]",0.23,the split in sers_records.jsonl; test cells cover 13/20 analytes
T1,native,step1_split,all,analyte,F1,pca_lr,accuracy,0.0095,0.0,0.0353,0.1905,,,,210,13,1000,380,default,"[{""fold"": ""step1"", ""C"": 0.1, ""src"": ""default"", ""thr"": 0.5}]",0.23,the split in sers_records.jsonl; test cells cover 13/20 analytes
T1,native,step1_split,all,analyte,F1,plsda,bal_acc,0.0731,0.0,0.1357,0.05,,,,210,13,1000,380,default,"[{""fold"": ""step1"", ""n"": 10, ""src"": ""default"", ""thr"": 0.5}]",0.22,the split in sers_records.jsonl; test cells cover 13/20 analytes
T1,native,step1_split,all,analyte,F1,plsda,macro_f1,0.0705,0.0,0.153,,,,,210,13,1000,380,default,"[{""fold"": ""step1"", ""n"": 10, ""src"": ""default"", ""thr"": 0.5}]",0.22,the split in sers_records.jsonl; test cells cover 13/20 analytes
T1,native,step1_split,all,analyte,F1,plsda,accuracy,0.0476,0.0,0.1529,0.1905,,,,210,13,1000,380,default,"[{""fold"": ""step1"", ""n"": 10, ""src"": ""default"", ""thr"": 0.5}]",0.22,the split in sers_records.jsonl; test cells cover 13/20 analytes
T1,native,step1_split,all,analyte,F1,ncm,bal_acc,0.0231,0.0,0.0429,0.05,,,,210,13,1000,380,fixed,"[{""fold"": ""step1"", ""src"": ""fixed"", ""thr"": 0.5}]",0.2,the split in sers_records.jsonl; test cells cover 13/20 analytes
T1,native,step1_split,all,analyte,F1,ncm,macro_f1,0.021,0.0,0.0612,,,,,210,13,1000,380,fixed,"[{""fold"": ""step1"", ""src"": ""fixed"", ""thr"": 0.5}]",0.2,the split in sers_records.jsonl; test cells cover 13/20 analytes
T1,native,step1_split,all,analyte,F1,ncm,accuracy,0.0143,0.0,0.0563,0.1905,,,,210,13,1000,380,fixed,"[{""fold"": ""step1"", ""src"": ""fixed"", ""thr"": 0.5}]",0.2,the split in sers_records.jsonl; test cells cover 13/20 analytes
T1,native,step1_split,all,analyte,F1,hgb,bal_acc,0.0231,0.0,0.0429,0.05,,,,210,13,1000,380,fixed,"[{""fold"": ""step1"", ""src"": ""fixed"", ""thr"": 0.5}]",1.95,the split in sers_records.jsonl; test cells cover 13/20 analytes
T1,native,step1_split,all,analyte,F1,hgb,macro_f1,0.0269,0.0,0.0655,,,,,210,13,1000,380,fixed,"[{""fold"": ""step1"", ""src"": ""fixed"", ""thr"": 0.5}]",1.95,the split in sers_records.jsonl; test cells cover 13/20 analytes
T1,native,step1_split,all,analyte,F1,hgb,accuracy,0.0143,0.0,0.0437,0.1905,,,,210,13,1000,380,fixed,"[{""fold"": ""step1"", ""src"": ""fixed"", ""thr"": 0.5}]",1.95,the split in sers_records.jsonl; test cells cover 13/20 analytes
T1,native,step1_split,all,analyte,F1,knn,bal_acc,0.0538,0.0,0.1,0.05,,,,210,13,1000,380,default,"[{""fold"": ""step1"", ""k"": 5, ""src"": ""default"", ""thr"": 0.5}]",0.21,the split in sers_records.jsonl; test cells cover 13/20 analytes
T1,native,step1_split,all,analyte,F1,knn,macro_f1,0.0628,0.0,0.1319,,,,,210,13,1000,380,default,"[{""fold"": ""step1"", ""k"": 5, ""src"": ""default"", ""thr"": 0.5}]",0.21,the split in sers_records.jsonl; test cells cover 13/20 analytes
T1,native,step1_split,all,analyte,F1,knn,accuracy,0.0333,0.0,0.0883,0.1905,,,,210,13,1000,380,default,"[{""fold"": ""step1"", ""k"": 5, ""src"": ""default"", ""thr"": 0.5}]",0.21,the split in sers_records.jsonl; test cells cover 13/20 analytes
T1,native,step1_split,all,analyte,F1pos,majority,bal_acc,0.0,0.0,0.0,0.05,,,,210,13,1000,380,fixed,"[{""fold"": ""step1"", ""src"": ""fixed"", ""thr"": 0.5}]",0.2,the split in sers_records.jsonl; test cells cover 13/20 analytes
T1,native,step1_split,all,analyte,F1pos,majority,macro_f1,0.0,0.0,0.0,,,,,210,13,1000,380,fixed,"[{""fold"": ""step1"", ""src"": ""fixed"", ""thr"": 0.5}]",0.2,the split in sers_records.jsonl; test cells cover 13/20 analytes
T1,native,step1_split,all,analyte,F1pos,majority,accuracy,0.0,0.0,0.0,0.1905,,,,210,13,1000,380,fixed,"[{""fold"": ""step1"", ""src"": ""fixed"", ""thr"": 0.5}]",0.2,the split in sers_records.jsonl; test cells cover 13/20 analytes
T1,native,step1_split,all,analyte,F1pos,lr,bal_acc,0.0308,0.0,0.0571,0.05,,,,210,13,1000,380,default,"[{""fold"": ""step1"", ""C"": 0.1, ""src"": ""default"", ""thr"": 0.5}]",0.22,the split in sers_records.jsonl; test cells cover 13/20 analytes
T1,native,step1_split,all,analyte,F1pos,lr,macro_f1,0.0536,0.0,0.0996,,,,,210,13,1000,380,default,"[{""fold"": ""step1"", ""C"": 0.1, ""src"": ""default"", ""thr"": 0.5}]",0.22,the split in sers_records.jsonl; test cells cover 13/20 analytes
T1,native,step1_split,all,analyte,F1pos,lr,accuracy,0.0238,0.0,0.0556,0.1905,,,,210,13,1000,380,default,"[{""fold"": ""step1"", ""C"": 0.1, ""src"": ""default"", ""thr"": 0.5}]",0.22,the split in sers_records.jsonl; test cells cover 13/20 analytes
T1,native,step1_split,all,analyte,F1pos,pca_lr,bal_acc,0.0231,0.0,0.0429,0.05,,,,210,13,1000,380,default,"[{""fold"": ""step1"", ""C"": 0.1, ""src"": ""default"", ""thr"": 0.5}]",0.23,the split in sers_records.jsonl; test cells cover 13/20 analytes
T1,native,step1_split,all,analyte,F1pos,pca_lr,macro_f1,0.042,0.0,0.0779,,,,,210,13,1000,380,default,"[{""fold"": ""step1"", ""C"": 0.1, ""src"": ""default"", ""thr"": 0.5}]",0.23,the split in sers_records.jsonl; test cells cover 13/20 analytes
T1,native,step1_split,all,analyte,F1pos,pca_lr,accuracy,0.019,0.0,0.0438,0.1905,,,,210,13,1000,380,default,"[{""fold"": ""step1"", ""C"": 0.1, ""src"": ""default"", ""thr"": 0.5}]",0.23,the split in sers_records.jsonl; test cells cover 13/20 analytes
T1,native,step1_split,all,analyte,F1pos,plsda,bal_acc,0.0962,0.0,0.1786,0.05,,,,210,13,1000,380,default,"[{""fold"": ""step1"", ""n"": 10, ""src"": ""default"", ""thr"": 0.5}]",0.21,the split in sers_records.jsonl; test cells cover 13/20 analytes
T1,native,step1_split,all,analyte,F1pos,plsda,macro_f1,0.1054,0.0,0.2083,,,,,210,13,1000,380,default,"[{""fold"": ""step1"", ""n"": 10, ""src"": ""default"", ""thr"": 0.5}]",0.21,the split in sers_records.jsonl; test cells cover 13/20 analytes
T1,native,step1_split,all,analyte,F1pos,plsda,accuracy,0.0762,0.0,0.1778,0.1905,,,,210,13,1000,380,default,"[{""fold"": ""step1"", ""n"": 10, ""src"": ""default"", ""thr"": 0.5}]",0.21,the split in sers_records.jsonl; test cells cover 13/20 analytes
T1,native,step1_split,all,analyte,F1pos,ncm,bal_acc,0.1038,0.0,0.1929,0.05,,,,210,13,1000,380,fixed,"[{""fold"": ""step1"", ""src"": ""fixed"", ""thr"": 0.5}]",0.2,the split in sers_records.jsonl; test cells cover 13/20 analytes
T1,native,step1_split,all,analyte,F1pos,ncm,macro_f1,0.1144,0.0,0.226,,,,,210,13,1000,380,fixed,"[{""fold"": ""step1"", ""src"": ""fixed"", ""thr"": 0.5}]",0.2,the split in sers_records.jsonl; test cells cover 13/20 analytes
T1,native,step1_split,all,analyte,F1pos,ncm,accuracy,0.0952,0.0,0.2286,0.1905,,,,210,13,1000,380,fixed,"[{""fold"": ""step1"", ""src"": ""fixed"", ""thr"": 0.5}]",0.2,the split in sers_records.jsonl; test cells cover 13/20 analytes
T1,native,step1_split,all,analyte,F1pos,hgb,bal_acc,0.0077,0.0,0.0143,0.05,,,,210,13,1000,380,fixed,"[{""fold"": ""step1"", ""src"": ""fixed"", ""thr"": 0.5}]",1.85,the split in sers_records.jsonl; test cells cover 13/20 analytes
T1,native,step1_split,all,analyte,F1pos,hgb,macro_f1,0.0128,0.0,0.026,,,,,210,13,1000,380,fixed,"[{""fold"": ""step1"", ""src"": ""fixed"", ""thr"": 0.5}]",1.85,the split in sers_records.jsonl; test cells cover 13/20 analytes
T1,native,step1_split,all,analyte,F1pos,hgb,accuracy,0.0048,0.0,0.0174,0.1905,,,,210,13,1000,380,fixed,"[{""fold"": ""step1"", ""src"": ""fixed"", ""thr"": 0.5}]",1.85,the split in sers_records.jsonl; test cells cover 13/20 analytes
T1,native,step1_split,all,analyte,F1pos,knn,bal_acc,0.0231,0.0063,0.0375,0.05,,,,210,13,1000,380,default,"[{""fold"": ""step1"", ""k"": 5, ""src"": ""default"", ""thr"": 0.5}]",0.2,the split in sers_records.jsonl; test cells cover 13/20 analytes
T1,native,step1_split,all,analyte,F1pos,knn,macro_f1,0.034,0.0114,0.0607,,,,,210,13,1000,380,default,"[{""fold"": ""step1"", ""k"": 5, ""src"": ""default"", ""thr"": 0.5}]",0.2,the split in sers_records.jsonl; test cells cover 13/20 analytes
T1,native,step1_split,all,analyte,F1pos,knn,accuracy,0.0238,0.0053,0.0417,0.1905,,,,210,13,1000,380,default,"[{""fold"": ""step1"", ""k"": 5, ""src"": ""default"", ""thr"": 0.5}]",0.2,the split in sers_records.jsonl; test cells cover 13/20 analytes
T1,native,step1_split,all,analyte,F2,majority,bal_acc,0.0,0.0,0.0,0.05,,,,210,13,1000,380,fixed,"[{""fold"": ""step1"", ""src"": ""fixed"", ""thr"": 0.5}]",0.2,the split in sers_records.jsonl; test cells cover 13/20 analytes
T1,native,step1_split,all,analyte,F2,majority,macro_f1,0.0,0.0,0.0,,,,,210,13,1000,380,fixed,"[{""fold"": ""step1"", ""src"": ""fixed"", ""thr"": 0.5}]",0.2,the split in sers_records.jsonl; test cells cover 13/20 analytes
T1,native,step1_split,all,analyte,F2,majority,accuracy,0.0,0.0,0.0,0.1905,,,,210,13,1000,380,fixed,"[{""fold"": ""step1"", ""src"": ""fixed"", ""thr"": 0.5}]",0.2,the split in sers_records.jsonl; test cells cover 13/20 analytes
T1,native,step1_split,all,analyte,F2,lr,bal_acc,0.0615,0.0,0.1143,0.05,,,,210,13,1000,380,default,"[{""fold"": ""step1"", ""C"": 0.1, ""src"": ""default"", ""thr"": 0.5}]",0.74,the split in sers_records.jsonl; test cells cover 13/20 analytes
T1,native,step1_split,all,analyte,F2,lr,macro_f1,0.0762,0.0,0.1418,,,,,210,13,1000,380,default,"[{""fold"": ""step1"", ""C"": 0.1, ""src"": ""default"", ""thr"": 0.5}]",0.74,the split in sers_records.jsonl; test cells cover 13/20 analytes
T1,native,step1_split,all,analyte,F2,lr,accuracy,0.0381,0.0,0.1167,0.1905,,,,210,13,1000,380,default,"[{""fold"": ""step1"", ""C"": 0.1, ""src"": ""default"", ""thr"": 0.5}]",0.74,the split in sers_records.jsonl; test cells cover 13/20 analytes
T1,native,step1_split,all,analyte,F2,pca_lr,bal_acc,0.0538,0.0,0.1,0.05,,,,210,13,1000,380,default,"[{""fold"": ""step1"", ""C"": 0.1, ""src"": ""default"", ""thr"": 0.5}]",0.32,the split in sers_records.jsonl; test cells cover 13/20 analytes
T1,native,step1_split,all,analyte,F2,pca_lr,macro_f1,0.0697,0.0,0.1294,,,,,210,13,1000,380,default,"[{""fold"": ""step1"", ""C"": 0.1, ""src"": ""default"", ""thr"": 0.5}]",0.32,the split in sers_records.jsonl; test cells cover 13/20 analytes
T1,native,step1_split,all,analyte,F2,pca_lr,accuracy,0.0333,0.0,0.1,0.1905,,,,210,13,1000,380,default,"[{""fold"": ""step1"", ""C"": 0.1, ""src"": ""default"", ""thr"": 0.5}]",0.32,the split in sers_records.jsonl; test cells cover 13/20 analytes
T1,native,step1_split,all,analyte,F2,plsda,bal_acc,0.0923,0.0,0.1714,0.05,,,,210,13,1000,380,default,"[{""fold"": ""step1"", ""n"": 10, ""src"": ""default"", ""thr"": 0.5}]",0.27,the split in sers_records.jsonl; test cells cover 13/20 analytes
T1,native,step1_split,all,analyte,F2,plsda,macro_f1,0.0729,0.0,0.1627,,,,,210,13,1000,380,default,"[{""fold"": ""step1"", ""n"": 10, ""src"": ""default"", ""thr"": 0.5}]",0.27,the split in sers_records.jsonl; test cells cover 13/20 analytes
T1,native,step1_split,all,analyte,F2,plsda,accuracy,0.0619,0.0,0.16,0.1905,,,,210,13,1000,380,default,"[{""fold"": ""step1"", ""n"": 10, ""src"": ""default"", ""thr"": 0.5}]",0.27,the split in sers_records.jsonl; test cells cover 13/20 analytes
T1,native,step1_split,all,analyte,F2,ncm,bal_acc,0.1077,0.0,0.2,0.05,,,,210,13,1000,380,fixed,"[{""fold"": ""step1"", ""src"": ""fixed"", ""thr"": 0.5}]",0.22,the split in sers_records.jsonl; test cells cover 13/20 analytes
T1,native,step1_split,all,analyte,F2,ncm,macro_f1,0.1135,0.0,0.2115,,,,,210,13,1000,380,fixed,"[{""fold"": ""step1"", ""src"": ""fixed"", ""thr"": 0.5}]",0.22,the split in sers_records.jsonl; test cells cover 13/20 analytes
T1,native,step1_split,all,analyte,F2,ncm,accuracy,0.0667,0.0,0.2056,0.1905,,,,210,13,1000,380,fixed,"[{""fold"": ""step1"", ""src"": ""fixed"", ""thr"": 0.5}]",0.22,the split in sers_records.jsonl; test cells cover 13/20 analytes
T1,native,step1_split,all,analyte,F2,hgb,bal_acc,0.1,0.0125,0.1626,0.05,,,,210,13,1000,380,fixed,"[{""fold"": ""step1"", ""src"": ""fixed"", ""thr"": 0.5}]",29.03,the split in sers_records.jsonl; test cells cover 13/20 analytes
T1,native,step1_split,all,analyte,F2,hgb,macro_f1,0.0907,0.015,0.1945,,,,,210,13,1000,380,fixed,"[{""fold"": ""step1"", ""src"": ""fixed"", ""thr"": 0.5}]",29.03,the split in sers_records.jsonl; test cells cover 13/20 analytes
T1,native,step1_split,all,analyte,F2,hgb,accuracy,0.0619,0.0048,0.15,0.1905,,,,210,13,1000,380,fixed,"[{""fold"": ""step1"", ""src"": ""fixed"", ""thr"": 0.5}]",29.03,the split in sers_records.jsonl; test cells cover 13/20 analytes
T1,native,step1_split,all,analyte,F2,knn,bal_acc,0.1,0.0,0.1857,0.05,,,,210,13,1000,380,default,"[{""fold"": ""step1"", ""k"": 5, ""src"": ""default"", ""thr"": 0.5}]",0.21,the split in sers_records.jsonl; test cells cover 13/20 analytes
T1,native,step1_split,all,analyte,F2,knn,macro_f1,0.1107,0.0,0.2029,,,,,210,13,1000,380,default,"[{""fold"": ""step1"", ""k"": 5, ""src"": ""default"", ""thr"": 0.5}]",0.21,the split in sers_records.jsonl; test cells cover 13/20 analytes
T1,native,step1_split,all,analyte,F2,knn,accuracy,0.0619,0.0,0.2,0.1905,,,,210,13,1000,380,default,"[{""fold"": ""step1"", ""k"": 5, ""src"": ""default"", ""thr"": 0.5}]",0.21,the split in sers_records.jsonl; test cells cover 13/20 analytes
T1,native,step1_split,all,analyte,F3,majority,bal_acc,0.0,0.0,0.0,0.05,,,,210,13,1000,380,fixed,"[{""fold"": ""step1"", ""src"": ""fixed"", ""thr"": 0.5}]",0.21,the split in sers_records.jsonl; test cells cover 13/20 analytes
T1,native,step1_split,all,analyte,F3,majority,macro_f1,0.0,0.0,0.0,,,,,210,13,1000,380,fixed,"[{""fold"": ""step1"", ""src"": ""fixed"", ""thr"": 0.5}]",0.21,the split in sers_records.jsonl; test cells cover 13/20 analytes
T1,native,step1_split,all,analyte,F3,majority,accuracy,0.0,0.0,0.0,0.1905,,,,210,13,1000,380,fixed,"[{""fold"": ""step1"", ""src"": ""fixed"", ""thr"": 0.5}]",0.21,the split in sers_records.jsonl; test cells cover 13/20 analytes
T1,native,step1_split,all,analyte,F3,lr,bal_acc,0.0692,0.0,0.1286,0.05,,,,210,13,1000,380,default,"[{""fold"": ""step1"", ""C"": 0.1, ""src"": ""default"", ""thr"": 0.5}]",0.69,the split in sers_records.jsonl; test cells cover 13/20 analytes
T1,native,step1_split,all,analyte,F3,lr,macro_f1,0.0755,0.0,0.1463,,,,,210,13,1000,380,default,"[{""fold"": ""step1"", ""C"": 0.1, ""src"": ""default"", ""thr"": 0.5}]",0.69,the split in sers_records.jsonl; test cells cover 13/20 analytes
T1,native,step1_split,all,analyte,F3,lr,accuracy,0.0429,0.0,0.1422,0.1905,,,,210,13,1000,380,default,"[{""fold"": ""step1"", ""C"": 0.1, ""src"": ""default"", ""thr"": 0.5}]",0.69,the split in sers_records.jsonl; test cells cover 13/20 analytes
T1,native,step1_split,all,analyte,F3,pca_lr,bal_acc,0.0385,0.0,0.0714,0.05,,,,210,13,1000,380,default,"[{""fold"": ""step1"", ""C"": 0.1, ""src"": ""default"", ""thr"": 0.5}]",0.31,the split in sers_records.jsonl; test cells cover 13/20 analytes
T1,native,step1_split,all,analyte,F3,pca_lr,macro_f1,0.0528,0.0,0.1012,,,,,210,13,1000,380,default,"[{""fold"": ""step1"", ""C"": 0.1, ""src"": ""default"", ""thr"": 0.5}]",0.31,the split in sers_records.jsonl; test cells cover 13/20 analytes
T1,native,step1_split,all,analyte,F3,pca_lr,accuracy,0.0238,0.0,0.0684,0.1905,,,,210,13,1000,380,default,"[{""fold"": ""step1"", ""C"": 0.1, ""src"": ""default"", ""thr"": 0.5}]",0.31,the split in sers_records.jsonl; test cells cover 13/20 analytes
T1,native,step1_split,all,analyte,F3,plsda,bal_acc,0.1,0.0,0.1857,0.05,,,,210,13,1000,380,default,"[{""fold"": ""step1"", ""n"": 10, ""src"": ""default"", ""thr"": 0.5}]",0.3,the split in sers_records.jsonl; test cells cover 13/20 analytes
T1,native,step1_split,all,analyte,F3,plsda,macro_f1,0.0925,0.0,0.2088,,,,,210,13,1000,380,default,"[{""fold"": ""step1"", ""n"": 10, ""src"": ""default"", ""thr"": 0.5}]",0.3,the split in sers_records.jsonl; test cells cover 13/20 analytes
T1,native,step1_split,all,analyte,F3,plsda,accuracy,0.0619,0.0,0.2,0.1905,,,,210,13,1000,380,default,"[{""fold"": ""step1"", ""n"": 10, ""src"": ""default"", ""thr"": 0.5}]",0.3,the split in sers_records.jsonl; test cells cover 13/20 analytes
T1,native,step1_split,all,analyte,F3,ncm,bal_acc,0.1538,0.0,0.2857,0.05,,,,210,13,1000,380,fixed,"[{""fold"": ""step1"", ""src"": ""fixed"", ""thr"": 0.5}]",0.2,the split in sers_records.jsonl; test cells cover 13/20 analytes
T1,native,step1_split,all,analyte,F3,ncm,macro_f1,0.1282,0.0,0.2857,,,,,210,13,1000,380,fixed,"[{""fold"": ""step1"", ""src"": ""fixed"", ""thr"": 0.5}]",0.2,the split in sers_records.jsonl; test cells cover 13/20 analytes
T1,native,step1_split,all,analyte,F3,ncm,accuracy,0.0952,0.0,0.2669,0.1905,,,,210,13,1000,380,fixed,"[{""fold"": ""step1"", ""src"": ""fixed"", ""thr"": 0.5}]",0.2,the split in sers_records.jsonl; test cells cover 13/20 analytes
T1,native,step1_split,all,analyte,F3,hgb,bal_acc,0.0692,0.0,0.1286,0.05,,,,210,13,1000,380,fixed,"[{""fold"": ""step1"", ""src"": ""fixed"", ""thr"": 0.5}]",29.12,the split in sers_records.jsonl; test cells cover 13/20 analytes
T1,native,step1_split,all,analyte,F3,hgb,macro_f1,0.0391,0.0,0.1305,,,,,210,13,1000,380,fixed,"[{""fold"": ""step1"", ""src"": ""fixed"", ""thr"": 0.5}]",29.12,the split in sers_records.jsonl; test cells cover 13/20 analytes
T1,native,step1_split,all,analyte,F3,hgb,accuracy,0.0429,0.0,0.1211,0.1905,,,,210,13,1000,380,fixed,"[{""fold"": ""step1"", ""src"": ""fixed"", ""thr"": 0.5}]",29.12,the split in sers_records.jsonl; test cells cover 13/20 analytes
T1,native,step1_split,all,analyte,F3,knn,bal_acc,0.1769,0.0,0.3286,0.05,,,,210,13,1000,380,default,"[{""fold"": ""step1"", ""k"": 5, ""src"": ""default"", ""thr"": 0.5}]",0.21,the split in sers_records.jsonl; test cells cover 13/20 analytes
T1,native,step1_split,all,analyte,F3,knn,macro_f1,0.1452,0.0,0.2891,,,,,210,13,1000,380,default,"[{""fold"": ""step1"", ""k"": 5, ""src"": ""default"", ""thr"": 0.5}]",0.21,the split in sers_records.jsonl; test cells cover 13/20 analytes
T1,native,step1_split,all,analyte,F3,knn,accuracy,0.1095,0.0,0.2867,0.1905,,,,210,13,1000,380,default,"[{""fold"": ""step1"", ""k"": 5, ""src"": ""default"", ""thr"": 0.5}]",0.21,the split in sers_records.jsonl; test cells cover 13/20 analytes
T1,native,step1_split,all,analyte,F1.bg,majority,bal_acc,0.0,0.0,0.0,0.05,,,,210,13,1000,380,fixed,"[{""fold"": ""step1"", ""src"": ""fixed"", ""thr"": 0.5}]",0.2,the split in sers_records.jsonl; test cells cover 13/20 analytes
T1,native,step1_split,all,analyte,F1.bg,majority,macro_f1,0.0,0.0,0.0,,,,,210,13,1000,380,fixed,"[{""fold"": ""step1"", ""src"": ""fixed"", ""thr"": 0.5}]",0.2,the split in sers_records.jsonl; test cells cover 13/20 analytes
T1,native,step1_split,all,analyte,F1.bg,majority,accuracy,0.0,0.0,0.0,0.1905,,,,210,13,1000,380,fixed,"[{""fold"": ""step1"", ""src"": ""fixed"", ""thr"": 0.5}]",0.2,the split in sers_records.jsonl; test cells cover 13/20 analytes
T1,native,step1_split,all,analyte,F1.bg,lr,bal_acc,0.0,0.0,0.0,0.05,,,,210,13,1000,380,default,"[{""fold"": ""step1"", ""C"": 0.1, ""src"": ""default"", ""thr"": 0.5}]",0.22,the split in sers_records.jsonl; test cells cover 13/20 analytes
T1,native,step1_split,all,analyte,F1.bg,lr,macro_f1,0.0,0.0,0.0,,,,,210,13,1000,380,default,"[{""fold"": ""step1"", ""C"": 0.1, ""src"": ""default"", ""thr"": 0.5}]",0.22,the split in sers_records.jsonl; test cells cover 13/20 analytes
T1,native,step1_split,all,analyte,F1.bg,lr,accuracy,0.0,0.0,0.0,0.1905,,,,210,13,1000,380,default,"[{""fold"": ""step1"", ""C"": 0.1, ""src"": ""default"", ""thr"": 0.5}]",0.22,the split in sers_records.jsonl; test cells cover 13/20 analytes
T1,native,step1_split,all,analyte,F1.bg,pca_lr,bal_acc,0.0,0.0,0.0,0.05,,,,210,13,1000,380,default,"[{""fold"": ""step1"", ""C"": 0.1, ""src"": ""default"", ""thr"": 0.5}]",0.22,the split in sers_records.jsonl; test cells cover 13/20 analytes
T1,native,step1_split,all,analyte,F1.bg,pca_lr,macro_f1,0.0,0.0,0.0,,,,,210,13,1000,380,default,"[{""fold"": ""step1"", ""C"": 0.1, ""src"": ""default"", ""thr"": 0.5}]",0.22,the split in sers_records.jsonl; test cells cover 13/20 analytes
T1,native,step1_split,all,analyte,F1.bg,pca_lr,accuracy,0.0,0.0,0.0,0.1905,,,,210,13,1000,380,default,"[{""fold"": ""step1"", ""C"": 0.1, ""src"": ""default"", ""thr"": 0.5}]",0.22,the split in sers_records.jsonl; test cells cover 13/20 analytes
T1,native,step1_split,all,analyte,F1.bg,plsda,bal_acc,0.0269,0.0,0.05,0.05,,,,210,13,1000,380,default,"[{""fold"": ""step1"", ""n"": 10, ""src"": ""default"", ""thr"": 0.5}]",0.23,the split in sers_records.jsonl; test cells cover 13/20 analytes
T1,native,step1_split,all,analyte,F1.bg,plsda,macro_f1,0.0303,0.0,0.0701,,,,,210,13,1000,380,default,"[{""fold"": ""step1"", ""n"": 10, ""src"": ""default"", ""thr"": 0.5}]",0.23,the split in sers_records.jsonl; test cells cover 13/20 analytes
T1,native,step1_split,all,analyte,F1.bg,plsda,accuracy,0.0238,0.0,0.0632,0.1905,,,,210,13,1000,380,default,"[{""fold"": ""step1"", ""n"": 10, ""src"": ""default"", ""thr"": 0.5}]",0.23,the split in sers_records.jsonl; test cells cover 13/20 analytes
T1,native,step1_split,all,analyte,F1.bg,ncm,bal_acc,0.0462,0.0,0.0857,0.05,,,,210,13,1000,380,fixed,"[{""fold"": ""step1"", ""src"": ""fixed"", ""thr"": 0.5}]",0.2,the split in sers_records.jsonl; test cells cover 13/20 analytes
T1,native,step1_split,all,analyte,F1.bg,ncm,macro_f1,0.0565,0.0,0.1206,,,,,210,13,1000,380,fixed,"[{""fold"": ""step1"", ""src"": ""fixed"", ""thr"": 0.5}]",0.2,the split in sers_records.jsonl; test cells cover 13/20 analytes
T1,native,step1_split,all,analyte,F1.bg,ncm,accuracy,0.0286,0.0,0.0834,0.1905,,,,210,13,1000,380,fixed,"[{""fold"": ""step1"", ""src"": ""fixed"", ""thr"": 0.5}]",0.2,the split in sers_records.jsonl; test cells cover 13/20 analytes
T1,native,step1_split,all,analyte,F1.bg,hgb,bal_acc,0.0,0.0,0.0,0.05,,,,210,13,1000,380,fixed,"[{""fold"": ""step1"", ""src"": ""fixed"", ""thr"": 0.5}]",1.41,the split in sers_records.jsonl; test cells cover 13/20 analytes
T1,native,step1_split,all,analyte,F1.bg,hgb,macro_f1,0.0,0.0,0.0,,,,,210,13,1000,380,fixed,"[{""fold"": ""step1"", ""src"": ""fixed"", ""thr"": 0.5}]",1.41,the split in sers_records.jsonl; test cells cover 13/20 analytes
T1,native,step1_split,all,analyte,F1.bg,hgb,accuracy,0.0,0.0,0.0,0.1905,,,,210,13,1000,380,fixed,"[{""fold"": ""step1"", ""src"": ""fixed"", ""thr"": 0.5}]",1.41,the split in sers_records.jsonl; test cells cover 13/20 analytes
T1,native,step1_split,all,analyte,F1.bg,knn,bal_acc,0.0385,0.0,0.0714,0.05,,,,210,13,1000,380,default,"[{""fold"": ""step1"", ""k"": 5, ""src"": ""default"", ""thr"": 0.5}]",0.2,the split in sers_records.jsonl; test cells cover 13/20 analytes
T1,native,step1_split,all,analyte,F1.bg,knn,macro_f1,0.0499,0.0,0.1048,,,,,210,13,1000,380,default,"[{""fold"": ""step1"", ""k"": 5, ""src"": ""default"", ""thr"": 0.5}]",0.2,the split in sers_records.jsonl; test cells cover 13/20 analytes
T1,native,step1_split,all,analyte,F1.bg,knn,accuracy,0.0238,0.0,0.07,0.1905,,,,210,13,1000,380,default,"[{""fold"": ""step1"", ""k"": 5, ""src"": ""default"", ""thr"": 0.5}]",0.2,the split in sers_records.jsonl; test cells cover 13/20 analytes
T1,native,step1_split,all,analyte,F2.bg,majority,bal_acc,0.0,0.0,0.0,0.05,,,,210,13,1000,380,fixed,"[{""fold"": ""step1"", ""src"": ""fixed"", ""thr"": 0.5}]",0.2,the split in sers_records.jsonl; test cells cover 13/20 analytes
T1,native,step1_split,all,analyte,F2.bg,majority,macro_f1,0.0,0.0,0.0,,,,,210,13,1000,380,fixed,"[{""fold"": ""step1"", ""src"": ""fixed"", ""thr"": 0.5}]",0.2,the split in sers_records.jsonl; test cells cover 13/20 analytes
T1,native,step1_split,all,analyte,F2.bg,majority,accuracy,0.0,0.0,0.0,0.1905,,,,210,13,1000,380,fixed,"[{""fold"": ""step1"", ""src"": ""fixed"", ""thr"": 0.5}]",0.2,the split in sers_records.jsonl; test cells cover 13/20 analytes
T1,native,step1_split,all,analyte,F2.bg,lr,bal_acc,0.0308,0.0,0.0571,0.05,,,,210,13,1000,380,default,"[{""fold"": ""step1"", ""C"": 0.1, ""src"": ""default"", ""thr"": 0.5}]",0.71,the split in sers_records.jsonl; test cells cover 13/20 analytes
T1,native,step1_split,all,analyte,F2.bg,lr,macro_f1,0.0399,0.0,0.0802,,,,,210,13,1000,380,default,"[{""fold"": ""step1"", ""C"": 0.1, ""src"": ""default"", ""thr"": 0.5}]",0.71,the split in sers_records.jsonl; test cells cover 13/20 analytes
T1,native,step1_split,all,analyte,F2.bg,lr,accuracy,0.019,0.0,0.0611,0.1905,,,,210,13,1000,380,default,"[{""fold"": ""step1"", ""C"": 0.1, ""src"": ""default"", ""thr"": 0.5}]",0.71,the split in sers_records.jsonl; test cells cover 13/20 analytes
T1,native,step1_split,all,analyte,F2.bg,pca_lr,bal_acc,0.0615,0.0,0.1143,0.05,,,,210,13,1000,380,default,"[{""fold"": ""step1"", ""C"": 0.1, ""src"": ""default"", ""thr"": 0.5}]",0.38,the split in sers_records.jsonl; test cells cover 13/20 analytes
T1,native,step1_split,all,analyte,F2.bg,pca_lr,macro_f1,0.0773,0.0,0.1436,,,,,210,13,1000,380,default,"[{""fold"": ""step1"", ""C"": 0.1, ""src"": ""default"", ""thr"": 0.5}]",0.38,the split in sers_records.jsonl; test cells cover 13/20 analytes
T1,native,step1_split,all,analyte,F2.bg,pca_lr,accuracy,0.0429,0.0,0.1389,0.1905,,,,210,13,1000,380,default,"[{""fold"": ""step1"", ""C"": 0.1, ""src"": ""default"", ""thr"": 0.5}]",0.38,the split in sers_records.jsonl; test cells cover 13/20 analytes
T1,native,step1_split,all,analyte,F2.bg,plsda,bal_acc,0.0192,0.0,0.0357,0.05,,,,210,13,1000,380,default,"[{""fold"": ""step1"", ""n"": 10, ""src"": ""default"", ""thr"": 0.5}]",0.26,the split in sers_records.jsonl; test cells cover 13/20 analytes
T1,native,step1_split,all,analyte,F2.bg,plsda,macro_f1,0.0303,0.0,0.0632,,,,,210,13,1000,380,default,"[{""fold"": ""step1"", ""n"": 10, ""src"": ""default"", ""thr"": 0.5}]",0.26,the split in sers_records.jsonl; test cells cover 13/20 analytes
T1,native,step1_split,all,analyte,F2.bg,plsda,accuracy,0.019,0.0,0.0526,0.1905,,,,210,13,1000,380,default,"[{""fold"": ""step1"", ""n"": 10, ""src"": ""default"", ""thr"": 0.5}]",0.26,the split in sers_records.jsonl; test cells cover 13/20 analytes
T1,native,step1_split,all,analyte,F2.bg,ncm,bal_acc,0.0846,0.0,0.1571,0.05,,,,210,13,1000,380,fixed,"[{""fold"": ""step1"", ""src"": ""fixed"", ""thr"": 0.5}]",0.2,the split in sers_records.jsonl; test cells cover 13/20 analytes
T1,native,step1_split,all,analyte,F2.bg,ncm,macro_f1,0.0842,0.0,0.1688,,,,,210,13,1000,380,fixed,"[{""fold"": ""step1"", ""src"": ""fixed"", ""thr"": 0.5}]",0.2,the split in sers_records.jsonl; test cells cover 13/20 analytes
T1,native,step1_split,all,analyte,F2.bg,ncm,accuracy,0.0524,0.0,0.1905,0.1905,,,,210,13,1000,380,fixed,"[{""fold"": ""step1"", ""src"": ""fixed"", ""thr"": 0.5}]",0.2,the split in sers_records.jsonl; test cells cover 13/20 analytes
T1,native,step1_split,all,analyte,F2.bg,hgb,bal_acc,0.0,0.0,0.0,0.05,,,,210,13,1000,380,fixed,"[{""fold"": ""step1"", ""src"": ""fixed"", ""thr"": 0.5}]",37.16,the split in sers_records.jsonl; test cells cover 13/20 analytes
T1,native,step1_split,all,analyte,F2.bg,hgb,macro_f1,0.0,0.0,0.0,,,,,210,13,1000,380,fixed,"[{""fold"": ""step1"", ""src"": ""fixed"", ""thr"": 0.5}]",37.16,the split in sers_records.jsonl; test cells cover 13/20 analytes
T1,native,step1_split,all,analyte,F2.bg,hgb,accuracy,0.0,0.0,0.0,0.1905,,,,210,13,1000,380,fixed,"[{""fold"": ""step1"", ""src"": ""fixed"", ""thr"": 0.5}]",37.16,the split in sers_records.jsonl; test cells cover 13/20 analytes
T1,native,step1_split,all,analyte,F2.bg,knn,bal_acc,0.1,0.0,0.1857,0.05,,,,210,13,1000,380,default,"[{""fold"": ""step1"", ""k"": 5, ""src"": ""default"", ""thr"": 0.5}]",0.21,the split in sers_records.jsonl; test cells cover 13/20 analytes
T1,native,step1_split,all,analyte,F2.bg,knn,macro_f1,0.097,0.0,0.2088,,,,,210,13,1000,380,default,"[{""fold"": ""step1"", ""k"": 5, ""src"": ""default"", ""thr"": 0.5}]",0.21,the split in sers_records.jsonl; test cells cover 13/20 analytes
T1,native,step1_split,all,analyte,F2.bg,knn,accuracy,0.0619,0.0,0.2001,0.1905,,,,210,13,1000,380,default,"[{""fold"": ""step1"", ""k"": 5, ""src"": ""default"", ""thr"": 0.5}]",0.21,the split in sers_records.jsonl; test cells cover 13/20 analytes
T1,native,step1_split,all,analyte,F3.bg,majority,bal_acc,0.0,0.0,0.0,0.05,,,,210,13,1000,380,fixed,"[{""fold"": ""step1"", ""src"": ""fixed"", ""thr"": 0.5}]",0.3,the split in sers_records.jsonl; test cells cover 13/20 analytes
T1,native,step1_split,all,analyte,F3.bg,majority,macro_f1,0.0,0.0,0.0,,,,,210,13,1000,380,fixed,"[{""fold"": ""step1"", ""src"": ""fixed"", ""thr"": 0.5}]",0.3,the split in sers_records.jsonl; test cells cover 13/20 analytes
T1,native,step1_split,all,analyte,F3.bg,majority,accuracy,0.0,0.0,0.0,0.1905,,,,210,13,1000,380,fixed,"[{""fold"": ""step1"", ""src"": ""fixed"", ""thr"": 0.5}]",0.3,the split in sers_records.jsonl; test cells cover 13/20 analytes
T1,native,step1_split,all,analyte,F3.bg,lr,bal_acc,0.0,0.0,0.0,0.05,,,,210,13,1000,380,default,"[{""fold"": ""step1"", ""C"": 0.1, ""src"": ""default"", ""thr"": 0.5}]",0.56,the split in sers_records.jsonl; test cells cover 13/20 analytes
T1,native,step1_split,all,analyte,F3.bg,lr,macro_f1,0.0,0.0,0.0,,,,,210,13,1000,380,default,"[{""fold"": ""step1"", ""C"": 0.1, ""src"": ""default"", ""thr"": 0.5}]",0.56,the split in sers_records.jsonl; test cells cover 13/20 analytes
T1,native,step1_split,all,analyte,F3.bg,lr,accuracy,0.0,0.0,0.0,0.1905,,,,210,13,1000,380,default,"[{""fold"": ""step1"", ""C"": 0.1, ""src"": ""default"", ""thr"": 0.5}]",0.56,the split in sers_records.jsonl; test cells cover 13/20 analytes
T1,native,step1_split,all,analyte,F3.bg,pca_lr,bal_acc,0.0,0.0,0.0,0.05,,,,210,13,1000,380,default,"[{""fold"": ""step1"", ""C"": 0.1, ""src"": ""default"", ""thr"": 0.5}]",0.29,the split in sers_records.jsonl; test cells cover 13/20 analytes
T1,native,step1_split,all,analyte,F3.bg,pca_lr,macro_f1,0.0,0.0,0.0,,,,,210,13,1000,380,default,"[{""fold"": ""step1"", ""C"": 0.1, ""src"": ""default"", ""thr"": 0.5}]",0.29,the split in sers_records.jsonl; test cells cover 13/20 analytes
T1,native,step1_split,all,analyte,F3.bg,pca_lr,accuracy,0.0,0.0,0.0,0.1905,,,,210,13,1000,380,default,"[{""fold"": ""step1"", ""C"": 0.1, ""src"": ""default"", ""thr"": 0.5}]",0.29,the split in sers_records.jsonl; test cells cover 13/20 analytes
T1,native,step1_split,all,analyte,F3.bg,plsda,bal_acc,0.0077,0.0,0.0143,0.05,,,,210,13,1000,380,default,"[{""fold"": ""step1"", ""n"": 10, ""src"": ""default"", ""thr"": 0.5}]",0.37,the split in sers_records.jsonl; test cells cover 13/20 analytes
T1,native,step1_split,all,analyte,F3.bg,plsda,macro_f1,0.014,0.0,0.026,,,,,210,13,1000,380,default,"[{""fold"": ""step1"", ""n"": 10, ""src"": ""default"", ""thr"": 0.5}]",0.37,the split in sers_records.jsonl; test cells cover 13/20 analytes
T1,native,step1_split,all,analyte,F3.bg,plsda,accuracy,0.0095,0.0,0.0316,0.1905,,,,210,13,1000,380,default,"[{""fold"": ""step1"", ""n"": 10, ""src"": ""default"", ""thr"": 0.5}]",0.37,the split in sers_records.jsonl; test cells cover 13/20 analytes
T1,native,step1_split,all,analyte,F3.bg,ncm,bal_acc,0.0769,0.0,0.1429,0.05,,,,210,13,1000,380,fixed,"[{""fold"": ""step1"", ""src"": ""fixed"", ""thr"": 0.5}]",0.21,the split in sers_records.jsonl; test cells cover 13/20 analytes
T1,native,step1_split,all,analyte,F3.bg,ncm,macro_f1,0.0769,0.0,0.1429,,,,,210,13,1000,380,fixed,"[{""fold"": ""step1"", ""src"": ""fixed"", ""thr"": 0.5}]",0.21,the split in sers_records.jsonl; test cells cover 13/20 analytes
T1,native,step1_split,all,analyte,F3.bg,ncm,accuracy,0.0476,0.0,0.1875,0.1905,,,,210,13,1000,380,fixed,"[{""fold"": ""step1"", ""src"": ""fixed"", ""thr"": 0.5}]",0.21,the split in sers_records.jsonl; test cells cover 13/20 analytes
T1,native,step1_split,all,analyte,F3.bg,hgb,bal_acc,0.0154,0.0,0.0286,0.05,,,,210,13,1000,380,fixed,"[{""fold"": ""step1"", ""src"": ""fixed"", ""thr"": 0.5}]",26.44,the split in sers_records.jsonl; test cells cover 13/20 analytes
T1,native,step1_split,all,analyte,F3.bg,hgb,macro_f1,0.0256,0.0,0.0476,,,,,210,13,1000,380,fixed,"[{""fold"": ""step1"", ""src"": ""fixed"", ""thr"": 0.5}]",26.44,the split in sers_records.jsonl; test cells cover 13/20 analytes
T1,native,step1_split,all,analyte,F3.bg,hgb,accuracy,0.0095,0.0,0.0375,0.1905,,,,210,13,1000,380,fixed,"[{""fold"": ""step1"", ""src"": ""fixed"", ""thr"": 0.5}]",26.44,the split in sers_records.jsonl; test cells cover 13/20 analytes
T1,native,step1_split,all,analyte,F3.bg,knn,bal_acc,0.0769,0.0,0.1429,0.05,,,,210,13,1000,380,default,"[{""fold"": ""step1"", ""k"": 5, ""src"": ""default"", ""thr"": 0.5}]",0.21,the split in sers_records.jsonl; test cells cover 13/20 analytes
T1,native,step1_split,all,analyte,F3.bg,knn,macro_f1,0.0769,0.0,0.1429,,,,,210,13,1000,380,default,"[{""fold"": ""step1"", ""k"": 5, ""src"": ""default"", ""thr"": 0.5}]",0.21,the split in sers_records.jsonl; test cells cover 13/20 analytes
T1,native,step1_split,all,analyte,F3.bg,knn,accuracy,0.0476,0.0,0.1875,0.1905,,,,210,13,1000,380,default,"[{""fold"": ""step1"", ""k"": 5, ""src"": ""default"", ""thr"": 0.5}]",0.21,the split in sers_records.jsonl; test cells cover 13/20 analytes
T1,native,step1_split,all,analyte,F3.d1,majority,bal_acc,0.0,0.0,0.0,0.05,,,,210,13,1000,380,fixed,"[{""fold"": ""step1"", ""src"": ""fixed"", ""thr"": 0.5}]",0.21,the split in sers_records.jsonl; test cells cover 13/20 analytes
T1,native,step1_split,all,analyte,F3.d1,majority,macro_f1,0.0,0.0,0.0,,,,,210,13,1000,380,fixed,"[{""fold"": ""step1"", ""src"": ""fixed"", ""thr"": 0.5}]",0.21,the split in sers_records.jsonl; test cells cover 13/20 analytes
T1,native,step1_split,all,analyte,F3.d1,majority,accuracy,0.0,0.0,0.0,0.1905,,,,210,13,1000,380,fixed,"[{""fold"": ""step1"", ""src"": ""fixed"", ""thr"": 0.5}]",0.21,the split in sers_records.jsonl; test cells cover 13/20 analytes
T1,native,step1_split,all,analyte,F3.d1,lr,bal_acc,0.0154,0.0,0.0286,0.05,,,,210,13,1000,380,default,"[{""fold"": ""step1"", ""C"": 0.1, ""src"": ""default"", ""thr"": 0.5}]",0.6,the split in sers_records.jsonl; test cells cover 13/20 analytes
T1,native,step1_split,all,analyte,F3.d1,lr,macro_f1,0.0256,0.0,0.0476,,,,,210,13,1000,380,default,"[{""fold"": ""step1"", ""C"": 0.1, ""src"": ""default"", ""thr"": 0.5}]",0.6,the split in sers_records.jsonl; test cells cover 13/20 analytes
T1,native,step1_split,all,analyte,F3.d1,lr,accuracy,0.0095,0.0,0.0353,0.1905,,,,210,13,1000,380,default,"[{""fold"": ""step1"", ""C"": 0.1, ""src"": ""default"", ""thr"": 0.5}]",0.6,the split in sers_records.jsonl; test cells cover 13/20 analytes
T1,native,step1_split,all,analyte,F3.d1,pca_lr,bal_acc,0.0231,0.0,0.0429,0.05,,,,210,13,1000,380,default,"[{""fold"": ""step1"", ""C"": 0.1, ""src"": ""default"", ""thr"": 0.5}]",0.29,the split in sers_records.jsonl; test cells cover 13/20 analytes
T1,native,step1_split,all,analyte,F3.d1,pca_lr,macro_f1,0.0342,0.0,0.0655,,,,,210,13,1000,380,default,"[{""fold"": ""step1"", ""C"": 0.1, ""src"": ""default"", ""thr"": 0.5}]",0.29,the split in sers_records.jsonl; test cells cover 13/20 analytes
T1,native,step1_split,all,analyte,F3.d1,pca_lr,accuracy,0.0143,0.0,0.0421,0.1905,,,,210,13,1000,380,default,"[{""fold"": ""step1"", ""C"": 0.1, ""src"": ""default"", ""thr"": 0.5}]",0.29,the split in sers_records.jsonl; test cells cover 13/20 analytes
T1,native,step1_split,all,analyte,F3.d1,plsda,bal_acc,0.0769,0.0,0.1429,0.05,,,,210,13,1000,380,default,"[{""fold"": ""step1"", ""n"": 10, ""src"": ""default"", ""thr"": 0.5}]",0.25,the split in sers_records.jsonl; test cells cover 13/20 analytes
T1,native,step1_split,all,analyte,F3.d1,plsda,macro_f1,0.0641,0.0,0.1429,,,,,210,13,1000,380,default,"[{""fold"": ""step1"", ""n"": 10, ""src"": ""default"", ""thr"": 0.5}]",0.25,the split in sers_records.jsonl; test cells cover 13/20 analytes
T1,native,step1_split,all,analyte,F3.d1,plsda,accuracy,0.0476,0.0,0.1765,0.1905,,,,210,13,1000,380,default,"[{""fold"": ""step1"", ""n"": 10, ""src"": ""default"", ""thr"": 0.5}]",0.25,the split in sers_records.jsonl; test cells cover 13/20 analytes
T1,native,step1_split,all,analyte,F3.d1,ncm,bal_acc,0.0769,0.0,0.1429,0.05,,,,210,13,1000,380,fixed,"[{""fold"": ""step1"", ""src"": ""fixed"", ""thr"": 0.5}]",0.2,the split in sers_records.jsonl; test cells cover 13/20 analytes
T1,native,step1_split,all,analyte,F3.d1,ncm,macro_f1,0.0769,0.0,0.1429,,,,,210,13,1000,380,fixed,"[{""fold"": ""step1"", ""src"": ""fixed"", ""thr"": 0.5}]",0.2,the split in sers_records.jsonl; test cells cover 13/20 analytes
T1,native,step1_split,all,analyte,F3.d1,ncm,accuracy,0.0476,0.0,0.1875,0.1905,,,,210,13,1000,380,fixed,"[{""fold"": ""step1"", ""src"": ""fixed"", ""thr"": 0.5}]",0.2,the split in sers_records.jsonl; test cells cover 13/20 analytes
T1,native,step1_split,all,analyte,F3.d1,hgb,bal_acc,0.0846,0.0,0.1571,0.05,,,,210,13,1000,380,fixed,"[{""fold"": ""step1"", ""src"": ""fixed"", ""thr"": 0.5}]",25.53,the split in sers_records.jsonl; test cells cover 13/20 analytes
T1,native,step1_split,all,analyte,F3.d1,hgb,macro_f1,0.0888,0.0,0.1687,,,,,210,13,1000,380,fixed,"[{""fold"": ""step1"", ""src"": ""fixed"", ""thr"": 0.5}]",25.53,the split in sers_records.jsonl; test cells cover 13/20 analytes
T1,native,step1_split,all,analyte,F3.d1,hgb,accuracy,0.0524,0.0,0.1765,0.1905,,,,210,13,1000,380,fixed,"[{""fold"": ""step1"", ""src"": ""fixed"", ""thr"": 0.5}]",25.53,the split in sers_records.jsonl; test cells cover 13/20 analytes
T1,native,step1_split,all,analyte,F3.d1,knn,bal_acc,0.0692,0.0,0.1286,0.05,,,,210,13,1000,380,default,"[{""fold"": ""step1"", ""k"": 5, ""src"": ""default"", ""thr"": 0.5}]",0.22,the split in sers_records.jsonl; test cells cover 13/20 analytes
T1,native,step1_split,all,analyte,F3.d1,knn,macro_f1,0.0283,0.0,0.1225,,,,,210,13,1000,380,default,"[{""fold"": ""step1"", ""k"": 5, ""src"": ""default"", ""thr"": 0.5}]",0.22,the split in sers_records.jsonl; test cells cover 13/20 analytes
T1,native,step1_split,all,analyte,F3.d1,knn,accuracy,0.0429,0.0,0.1566,0.1905,,,,210,13,1000,380,default,"[{""fold"": ""step1"", ""k"": 5, ""src"": ""default"", ""thr"": 0.5}]",0.22,the split in sers_records.jsonl; test cells cover 13/20 analytes
T1,native,step1_split,all,analyte,F3.snv,majority,bal_acc,0.0,0.0,0.0,0.05,,,,210,13,1000,380,fixed,"[{""fold"": ""step1"", ""src"": ""fixed"", ""thr"": 0.5}]",0.3,the split in sers_records.jsonl; test cells cover 13/20 analytes
T1,native,step1_split,all,analyte,F3.snv,majority,macro_f1,0.0,0.0,0.0,,,,,210,13,1000,380,fixed,"[{""fold"": ""step1"", ""src"": ""fixed"", ""thr"": 0.5}]",0.3,the split in sers_records.jsonl; test cells cover 13/20 analytes
T1,native,step1_split,all,analyte,F3.snv,majority,accuracy,0.0,0.0,0.0,0.1905,,,,210,13,1000,380,fixed,"[{""fold"": ""step1"", ""src"": ""fixed"", ""thr"": 0.5}]",0.3,the split in sers_records.jsonl; test cells cover 13/20 analytes
T1,native,step1_split,all,analyte,F3.snv,lr,bal_acc,0.0692,0.0,0.1286,0.05,,,,210,13,1000,380,default,"[{""fold"": ""step1"", ""C"": 0.1, ""src"": ""default"", ""thr"": 0.5}]",0.78,the split in sers_records.jsonl; test cells cover 13/20 analytes
T1,native,step1_split,all,analyte,F3.snv,lr,macro_f1,0.0659,0.0,0.1353,,,,,210,13,1000,380,default,"[{""fold"": ""step1"", ""C"": 0.1, ""src"": ""default"", ""thr"": 0.5}]",0.78,the split in sers_records.jsonl; test cells cover 13/20 analytes
T1,native,step1_split,all,analyte,F3.snv,lr,accuracy,0.0429,0.0,0.1566,0.1905,,,,210,13,1000,380,default,"[{""fold"": ""step1"", ""C"": 0.1, ""src"": ""default"", ""thr"": 0.5}]",0.78,the split in sers_records.jsonl; test cells cover 13/20 analytes
T1,native,step1_split,all,analyte,F3.snv,pca_lr,bal_acc,0.0769,0.0,0.1429,0.05,,,,210,13,1000,380,default,"[{""fold"": ""step1"", ""C"": 0.1, ""src"": ""default"", ""thr"": 0.5}]",0.33,the split in sers_records.jsonl; test cells cover 13/20 analytes
T1,native,step1_split,all,analyte,F3.snv,pca_lr,macro_f1,0.0669,0.0,0.1429,,,,,210,13,1000,380,default,"[{""fold"": ""step1"", ""C"": 0.1, ""src"": ""default"", ""thr"": 0.5}]",0.33,the split in sers_records.jsonl; test cells cover 13/20 analytes
T1,native,step1_split,all,analyte,F3.snv,pca_lr,accuracy,0.0476,0.0,0.174,0.1905,,,,210,13,1000,380,default,"[{""fold"": ""step1"", ""C"": 0.1, ""src"": ""default"", ""thr"": 0.5}]",0.33,the split in sers_records.jsonl; test cells cover 13/20 analytes
T1,native,step1_split,all,analyte,F3.snv,plsda,bal_acc,0.1808,0.0,0.3357,0.05,0.007,1000,0.0277,210,13,1000,380,default,"[{""fold"": ""step1"", ""n"": 10, ""src"": ""default"", ""thr"": 0.5}]",0.4,the split in sers_records.jsonl; test cells cover 13/20 analytes
T1,native,step1_split,all,analyte,F3.snv,plsda,macro_f1,0.1738,0.0,0.3148,,,,,210,13,1000,380,default,"[{""fold"": ""step1"", ""n"": 10, ""src"": ""default"", ""thr"": 0.5}]",0.4,the split in sers_records.jsonl; test cells cover 13/20 analytes
T1,native,step1_split,all,analyte,F3.snv,plsda,accuracy,0.1286,0.0,0.3003,0.1905,,,,210,13,1000,380,default,"[{""fold"": ""step1"", ""n"": 10, ""src"": ""default"", ""thr"": 0.5}]",0.4,the split in sers_records.jsonl; test cells cover 13/20 analytes
T1,native,step1_split,all,analyte,F3.snv,ncm,bal_acc,0.1538,0.0,0.2857,0.05,,,,210,13,1000,380,fixed,"[{""fold"": ""step1"", ""src"": ""fixed"", ""thr"": 0.5}]",0.2,the split in sers_records.jsonl; test cells cover 13/20 analytes
T1,native,step1_split,all,analyte,F3.snv,ncm,macro_f1,0.1065,0.0,0.25,,,,,210,13,1000,380,fixed,"[{""fold"": ""step1"", ""src"": ""fixed"", ""thr"": 0.5}]",0.2,the split in sers_records.jsonl; test cells cover 13/20 analytes
T1,native,step1_split,all,analyte,F3.snv,ncm,accuracy,0.0952,0.0,0.2669,0.1905,,,,210,13,1000,380,fixed,"[{""fold"": ""step1"", ""src"": ""fixed"", ""thr"": 0.5}]",0.2,the split in sers_records.jsonl; test cells cover 13/20 analytes
T1,native,step1_split,all,analyte,F3.snv,hgb,bal_acc,0.0308,0.0,0.0571,0.05,,,,210,13,1000,380,fixed,"[{""fold"": ""step1"", ""src"": ""fixed"", ""thr"": 0.5}]",30.63,the split in sers_records.jsonl; test cells cover 13/20 analytes
T1,native,step1_split,all,analyte,F3.snv,hgb,macro_f1,0.036,0.0,0.0831,,,,,210,13,1000,380,fixed,"[{""fold"": ""step1"", ""src"": ""fixed"", ""thr"": 0.5}]",30.63,the split in sers_records.jsonl; test cells cover 13/20 analytes
T1,native,step1_split,all,analyte,F3.snv,hgb,accuracy,0.019,0.0,0.0589,0.1905,,,,210,13,1000,380,fixed,"[{""fold"": ""step1"", ""src"": ""fixed"", ""thr"": 0.5}]",30.63,the split in sers_records.jsonl; test cells cover 13/20 analytes
T1,native,step1_split,all,analyte,F3.snv,knn,bal_acc,0.1692,0.0,0.3143,0.05,,,,210,13,1000,380,default,"[{""fold"": ""step1"", ""k"": 5, ""src"": ""default"", ""thr"": 0.5}]",0.21,the split in sers_records.jsonl; test cells cover 13/20 analytes
T1,native,step1_split,all,analyte,F3.snv,knn,macro_f1,0.1418,0.0,0.2848,,,,,210,13,1000,380,default,"[{""fold"": ""step1"", ""k"": 5, ""src"": ""default"", ""thr"": 0.5}]",0.21,the split in sers_records.jsonl; test cells cover 13/20 analytes
T1,native,step1_split,all,analyte,F3.snv,knn,accuracy,0.1048,0.0,0.2684,0.1905,,,,210,13,1000,380,default,"[{""fold"": ""step1"", ""k"": 5, ""src"": ""default"", ""thr"": 0.5}]",0.21,the split in sers_records.jsonl; test cells cover 13/20 analytes
T1,native,step1_split,all,analyte,F3.bg.d1,majority,bal_acc,0.0,0.0,0.0,0.05,,,,210,13,1000,380,fixed,"[{""fold"": ""step1"", ""src"": ""fixed"", ""thr"": 0.5}]",0.2,the split in sers_records.jsonl; test cells cover 13/20 analytes
T1,native,step1_split,all,analyte,F3.bg.d1,majority,macro_f1,0.0,0.0,0.0,,,,,210,13,1000,380,fixed,"[{""fold"": ""step1"", ""src"": ""fixed"", ""thr"": 0.5}]",0.2,the split in sers_records.jsonl; test cells cover 13/20 analytes
T1,native,step1_split,all,analyte,F3.bg.d1,majority,accuracy,0.0,0.0,0.0,0.1905,,,,210,13,1000,380,fixed,"[{""fold"": ""step1"", ""src"": ""fixed"", ""thr"": 0.5}]",0.2,the split in sers_records.jsonl; test cells cover 13/20 analytes
T1,native,step1_split,all,analyte,F3.bg.d1,lr,bal_acc,0.0,0.0,0.0,0.05,,,,210,13,1000,380,default,"[{""fold"": ""step1"", ""C"": 0.1, ""src"": ""default"", ""thr"": 0.5}]",0.52,the split in sers_records.jsonl; test cells cover 13/20 analytes
T1,native,step1_split,all,analyte,F3.bg.d1,lr,macro_f1,0.0,0.0,0.0,,,,,210,13,1000,380,default,"[{""fold"": ""step1"", ""C"": 0.1, ""src"": ""default"", ""thr"": 0.5}]",0.52,the split in sers_records.jsonl; test cells cover 13/20 analytes
T1,native,step1_split,all,analyte,F3.bg.d1,lr,accuracy,0.0,0.0,0.0,0.1905,,,,210,13,1000,380,default,"[{""fold"": ""step1"", ""C"": 0.1, ""src"": ""default"", ""thr"": 0.5}]",0.52,the split in sers_records.jsonl; test cells cover 13/20 analytes
T1,native,step1_split,all,analyte,F3.bg.d1,pca_lr,bal_acc,0.0,0.0,0.0,0.05,,,,210,13,1000,380,default,"[{""fold"": ""step1"", ""C"": 0.1, ""src"": ""default"", ""thr"": 0.5}]",0.29,the split in sers_records.jsonl; test cells cover 13/20 analytes
T1,native,step1_split,all,analyte,F3.bg.d1,pca_lr,macro_f1,0.0,0.0,0.0,,,,,210,13,1000,380,default,"[{""fold"": ""step1"", ""C"": 0.1, ""src"": ""default"", ""thr"": 0.5}]",0.29,the split in sers_records.jsonl; test cells cover 13/20 analytes
T1,native,step1_split,all,analyte,F3.bg.d1,pca_lr,accuracy,0.0,0.0,0.0,0.1905,,,,210,13,1000,380,default,"[{""fold"": ""step1"", ""C"": 0.1, ""src"": ""default"", ""thr"": 0.5}]",0.29,the split in sers_records.jsonl; test cells cover 13/20 analytes
T1,native,step1_split,all,analyte,F3.bg.d1,plsda,bal_acc,0.0615,0.0,0.1143,0.05,,,,210,13,1000,380,default,"[{""fold"": ""step1"", ""n"": 10, ""src"": ""default"", ""thr"": 0.5}]",0.28,the split in sers_records.jsonl; test cells cover 13/20 analytes
T1,native,step1_split,all,analyte,F3.bg.d1,plsda,macro_f1,0.0492,0.0,0.127,,,,,210,13,1000,380,default,"[{""fold"": ""step1"", ""n"": 10, ""src"": ""default"", ""thr"": 0.5}]",0.28,the split in sers_records.jsonl; test cells cover 13/20 analytes
T1,native,step1_split,all,analyte,F3.bg.d1,plsda,accuracy,0.0381,0.0,0.1412,0.1905,,,,210,13,1000,380,default,"[{""fold"": ""step1"", ""n"": 10, ""src"": ""default"", ""thr"": 0.5}]",0.28,the split in sers_records.jsonl; test cells cover 13/20 analytes
T1,native,step1_split,all,analyte,F3.bg.d1,ncm,bal_acc,0.0769,0.0,0.1429,0.05,,,,210,13,1000,380,fixed,"[{""fold"": ""step1"", ""src"": ""fixed"", ""thr"": 0.5}]",0.2,the split in sers_records.jsonl; test cells cover 13/20 analytes
T1,native,step1_split,all,analyte,F3.bg.d1,ncm,macro_f1,0.0769,0.0,0.1429,,,,,210,13,1000,380,fixed,"[{""fold"": ""step1"", ""src"": ""fixed"", ""thr"": 0.5}]",0.2,the split in sers_records.jsonl; test cells cover 13/20 analytes
T1,native,step1_split,all,analyte,F3.bg.d1,ncm,accuracy,0.0476,0.0,0.1875,0.1905,,,,210,13,1000,380,fixed,"[{""fold"": ""step1"", ""src"": ""fixed"", ""thr"": 0.5}]",0.2,the split in sers_records.jsonl; test cells cover 13/20 analytes
T1,native,step1_split,all,analyte,F3.bg.d1,hgb,bal_acc,0.1,0.0,0.1857,0.05,,,,210,13,1000,380,fixed,"[{""fold"": ""step1"", ""src"": ""fixed"", ""thr"": 0.5}]",34.11,the split in sers_records.jsonl; test cells cover 13/20 analytes
T1,native,step1_split,all,analyte,F3.bg.d1,hgb,macro_f1,0.093,0.0,0.1964,,,,,210,13,1000,380,fixed,"[{""fold"": ""step1"", ""src"": ""fixed"", ""thr"": 0.5}]",34.11,the split in sers_records.jsonl; test cells cover 13/20 analytes
T1,native,step1_split,all,analyte,F3.bg.d1,hgb,accuracy,0.0619,0.0,0.2001,0.1905,,,,210,13,1000,380,fixed,"[{""fold"": ""step1"", ""src"": ""fixed"", ""thr"": 0.5}]",34.11,the split in sers_records.jsonl; test cells cover 13/20 analytes
T1,native,step1_split,all,analyte,F3.bg.d1,knn,bal_acc,0.0923,0.0,0.1714,0.05,,,,210,13,1000,380,default,"[{""fold"": ""step1"", ""k"": 5, ""src"": ""default"", ""thr"": 0.5}]",0.2,the split in sers_records.jsonl; test cells cover 13/20 analytes
T1,native,step1_split,all,analyte,F3.bg.d1,knn,macro_f1,0.0836,0.0,0.1667,,,,,210,13,1000,380,default,"[{""fold"": ""step1"", ""k"": 5, ""src"": ""default"", ""thr"": 0.5}]",0.2,the split in sers_records.jsonl; test cells cover 13/20 analytes
T1,native,step1_split,all,analyte,F3.bg.d1,knn,accuracy,0.0571,0.0,0.2,0.1905,,,,210,13,1000,380,default,"[{""fold"": ""step1"", ""k"": 5, ""src"": ""default"", ""thr"": 0.5}]",0.2,the split in sers_records.jsonl; test cells cover 13/20 analytes
T1,native,step1_split,all,analyte,F1.ctrl,majority,bal_acc,0.0,0.0,0.0,0.05,,,,210,13,1000,380,fixed,"[{""fold"": ""step1"", ""src"": ""fixed"", ""thr"": 0.5}]",0.2,the split in sers_records.jsonl; test cells cover 13/20 analytes
T1,native,step1_split,all,analyte,F1.ctrl,majority,macro_f1,0.0,0.0,0.0,,,,,210,13,1000,380,fixed,"[{""fold"": ""step1"", ""src"": ""fixed"", ""thr"": 0.5}]",0.2,the split in sers_records.jsonl; test cells cover 13/20 analytes
T1,native,step1_split,all,analyte,F1.ctrl,majority,accuracy,0.0,0.0,0.0,0.1905,,,,210,13,1000,380,fixed,"[{""fold"": ""step1"", ""src"": ""fixed"", ""thr"": 0.5}]",0.2,the split in sers_records.jsonl; test cells cover 13/20 analytes
T1,native,step1_split,all,analyte,F1.ctrl,lr,bal_acc,0.0,0.0,0.0,0.05,,,,210,13,1000,380,default,"[{""fold"": ""step1"", ""C"": 0.1, ""src"": ""default"", ""thr"": 0.5}]",0.33,the split in sers_records.jsonl; test cells cover 13/20 analytes
T1,native,step1_split,all,analyte,F1.ctrl,lr,macro_f1,0.0,0.0,0.0,,,,,210,13,1000,380,default,"[{""fold"": ""step1"", ""C"": 0.1, ""src"": ""default"", ""thr"": 0.5}]",0.33,the split in sers_records.jsonl; test cells cover 13/20 analytes
T1,native,step1_split,all,analyte,F1.ctrl,lr,accuracy,0.0,0.0,0.0,0.1905,,,,210,13,1000,380,default,"[{""fold"": ""step1"", ""C"": 0.1, ""src"": ""default"", ""thr"": 0.5}]",0.33,the split in sers_records.jsonl; test cells cover 13/20 analytes
T1,native,step1_split,all,analyte,F1.ctrl,pca_lr,bal_acc,0.0,0.0,0.0,0.05,,,,210,13,1000,380,default,"[{""fold"": ""step1"", ""C"": 0.1, ""src"": ""default"", ""thr"": 0.5}]",0.22,the split in sers_records.jsonl; test cells cover 13/20 analytes
T1,native,step1_split,all,analyte,F1.ctrl,pca_lr,macro_f1,0.0,0.0,0.0,,,,,210,13,1000,380,default,"[{""fold"": ""step1"", ""C"": 0.1, ""src"": ""default"", ""thr"": 0.5}]",0.22,the split in sers_records.jsonl; test cells cover 13/20 analytes
T1,native,step1_split,all,analyte,F1.ctrl,pca_lr,accuracy,0.0,0.0,0.0,0.1905,,,,210,13,1000,380,default,"[{""fold"": ""step1"", ""C"": 0.1, ""src"": ""default"", ""thr"": 0.5}]",0.22,the split in sers_records.jsonl; test cells cover 13/20 analytes
T1,native,step1_split,all,analyte,F1.ctrl,plsda,bal_acc,0.0,0.0,0.0,0.05,,,,210,13,1000,380,default,"[{""fold"": ""step1"", ""n"": 10, ""src"": ""default"", ""thr"": 0.5}]",0.21,the split in sers_records.jsonl; test cells cover 13/20 analytes
T1,native,step1_split,all,analyte,F1.ctrl,plsda,macro_f1,0.0,0.0,0.0,,,,,210,13,1000,380,default,"[{""fold"": ""step1"", ""n"": 10, ""src"": ""default"", ""thr"": 0.5}]",0.21,the split in sers_records.jsonl; test cells cover 13/20 analytes
T1,native,step1_split,all,analyte,F1.ctrl,plsda,accuracy,0.0,0.0,0.0,0.1905,,,,210,13,1000,380,default,"[{""fold"": ""step1"", ""n"": 10, ""src"": ""default"", ""thr"": 0.5}]",0.21,the split in sers_records.jsonl; test cells cover 13/20 analytes
T1,native,step1_split,all,analyte,F1.ctrl,ncm,bal_acc,0.0231,0.0,0.0429,0.05,,,,210,13,1000,380,fixed,"[{""fold"": ""step1"", ""src"": ""fixed"", ""thr"": 0.5}]",0.2,the split in sers_records.jsonl; test cells cover 13/20 analytes
T1,native,step1_split,all,analyte,F1.ctrl,ncm,macro_f1,0.021,0.0,0.0612,,,,,210,13,1000,380,fixed,"[{""fold"": ""step1"", ""src"": ""fixed"", ""thr"": 0.5}]",0.2,the split in sers_records.jsonl; test cells cover 13/20 analytes
T1,native,step1_split,all,analyte,F1.ctrl,ncm,accuracy,0.0143,0.0,0.0563,0.1905,,,,210,13,1000,380,fixed,"[{""fold"": ""step1"", ""src"": ""fixed"", ""thr"": 0.5}]",0.2,the split in sers_records.jsonl; test cells cover 13/20 analytes
T1,native,step1_split,all,analyte,F1.ctrl,hgb,bal_acc,0.0115,0.0,0.0214,0.05,,,,210,13,1000,380,fixed,"[{""fold"": ""step1"", ""src"": ""fixed"", ""thr"": 0.5}]",1.42,the split in sers_records.jsonl; test cells cover 13/20 analytes
T1,native,step1_split,all,analyte,F1.ctrl,hgb,macro_f1,0.0132,0.0,0.0315,,,,,210,13,1000,380,fixed,"[{""fold"": ""step1"", ""src"": ""fixed"", ""thr"": 0.5}]",1.42,the split in sers_records.jsonl; test cells cover 13/20 analytes
T1,native,step1_split,all,analyte,F1.ctrl,hgb,accuracy,0.0095,0.0,0.025,0.1905,,,,210,13,1000,380,fixed,"[{""fold"": ""step1"", ""src"": ""fixed"", ""thr"": 0.5}]",1.42,the split in sers_records.jsonl; test cells cover 13/20 analytes
T1,native,step1_split,all,analyte,F1.ctrl,knn,bal_acc,0.0385,0.0,0.0714,0.05,,,,210,13,1000,380,default,"[{""fold"": ""step1"", ""k"": 5, ""src"": ""default"", ""thr"": 0.5}]",0.31,the split in sers_records.jsonl; test cells cover 13/20 analytes
T1,native,step1_split,all,analyte,F1.ctrl,knn,macro_f1,0.0435,0.0,0.0994,,,,,210,13,1000,380,default,"[{""fold"": ""step1"", ""k"": 5, ""src"": ""default"", ""thr"": 0.5}]",0.31,the split in sers_records.jsonl; test cells cover 13/20 analytes
T1,native,step1_split,all,analyte,F1.ctrl,knn,accuracy,0.0238,0.0,0.0684,0.1905,,,,210,13,1000,380,default,"[{""fold"": ""step1"", ""k"": 5, ""src"": ""default"", ""thr"": 0.5}]",0.31,the split in sers_records.jsonl; test cells cover 13/20 analytes
T1,native,step1_split,all,analyte,F3.ctrl,majority,bal_acc,0.0,0.0,0.0,0.05,,,,210,13,1000,380,fixed,"[{""fold"": ""step1"", ""src"": ""fixed"", ""thr"": 0.5}]",0.2,the split in sers_records.jsonl; test cells cover 13/20 analytes
T1,native,step1_split,all,analyte,F3.ctrl,majority,macro_f1,0.0,0.0,0.0,,,,,210,13,1000,380,fixed,"[{""fold"": ""step1"", ""src"": ""fixed"", ""thr"": 0.5}]",0.2,the split in sers_records.jsonl; test cells cover 13/20 analytes
T1,native,step1_split,all,analyte,F3.ctrl,majority,accuracy,0.0,0.0,0.0,0.1905,,,,210,13,1000,380,fixed,"[{""fold"": ""step1"", ""src"": ""fixed"", ""thr"": 0.5}]",0.2,the split in sers_records.jsonl; test cells cover 13/20 analytes
T1,native,step1_split,all,analyte,F3.ctrl,lr,bal_acc,0.0,0.0,0.0,0.05,,,,210,13,1000,380,default,"[{""fold"": ""step1"", ""C"": 0.1, ""src"": ""default"", ""thr"": 0.5}]",0.59,the split in sers_records.jsonl; test cells cover 13/20 analytes
T1,native,step1_split,all,analyte,F3.ctrl,lr,macro_f1,0.0,0.0,0.0,,,,,210,13,1000,380,default,"[{""fold"": ""step1"", ""C"": 0.1, ""src"": ""default"", ""thr"": 0.5}]",0.59,the split in sers_records.jsonl; test cells cover 13/20 analytes
T1,native,step1_split,all,analyte,F3.ctrl,lr,accuracy,0.0,0.0,0.0,0.1905,,,,210,13,1000,380,default,"[{""fold"": ""step1"", ""C"": 0.1, ""src"": ""default"", ""thr"": 0.5}]",0.59,the split in sers_records.jsonl; test cells cover 13/20 analytes
T1,native,step1_split,all,analyte,F3.ctrl,pca_lr,bal_acc,0.0,0.0,0.0,0.05,,,,210,13,1000,380,default,"[{""fold"": ""step1"", ""C"": 0.1, ""src"": ""default"", ""thr"": 0.5}]",0.3,the split in sers_records.jsonl; test cells cover 13/20 analytes
T1,native,step1_split,all,analyte,F3.ctrl,pca_lr,macro_f1,0.0,0.0,0.0,,,,,210,13,1000,380,default,"[{""fold"": ""step1"", ""C"": 0.1, ""src"": ""default"", ""thr"": 0.5}]",0.3,the split in sers_records.jsonl; test cells cover 13/20 analytes
T1,native,step1_split,all,analyte,F3.ctrl,pca_lr,accuracy,0.0,0.0,0.0,0.1905,,,,210,13,1000,380,default,"[{""fold"": ""step1"", ""C"": 0.1, ""src"": ""default"", ""thr"": 0.5}]",0.3,the split in sers_records.jsonl; test cells cover 13/20 analytes
T1,native,step1_split,all,analyte,F3.ctrl,plsda,bal_acc,0.0615,0.0,0.1143,0.05,,,,210,13,1000,380,default,"[{""fold"": ""step1"", ""n"": 10, ""src"": ""default"", ""thr"": 0.5}]",0.26,the split in sers_records.jsonl; test cells cover 13/20 analytes
T1,native,step1_split,all,analyte,F3.ctrl,plsda,macro_f1,0.0684,0.0,0.127,,,,,210,13,1000,380,default,"[{""fold"": ""step1"", ""n"": 10, ""src"": ""default"", ""thr"": 0.5}]",0.26,the split in sers_records.jsonl; test cells cover 13/20 analytes
T1,native,step1_split,all,analyte,F3.ctrl,plsda,accuracy,0.0381,0.0,0.15,0.1905,,,,210,13,1000,380,default,"[{""fold"": ""step1"", ""n"": 10, ""src"": ""default"", ""thr"": 0.5}]",0.26,the split in sers_records.jsonl; test cells cover 13/20 analytes
T1,native,step1_split,all,analyte,F3.ctrl,ncm,bal_acc,0.0769,0.0,0.1429,0.05,,,,210,13,1000,380,fixed,"[{""fold"": ""step1"", ""src"": ""fixed"", ""thr"": 0.5}]",0.21,the split in sers_records.jsonl; test cells cover 13/20 analytes
T1,native,step1_split,all,analyte,F3.ctrl,ncm,macro_f1,0.0769,0.0,0.1429,,,,,210,13,1000,380,fixed,"[{""fold"": ""step1"", ""src"": ""fixed"", ""thr"": 0.5}]",0.21,the split in sers_records.jsonl; test cells cover 13/20 analytes
T1,native,step1_split,all,analyte,F3.ctrl,ncm,accuracy,0.0476,0.0,0.1875,0.1905,,,,210,13,1000,380,fixed,"[{""fold"": ""step1"", ""src"": ""fixed"", ""thr"": 0.5}]",0.21,the split in sers_records.jsonl; test cells cover 13/20 analytes
T1,native,step1_split,all,analyte,F3.ctrl,hgb,bal_acc,0.0,0.0,0.0,0.05,,,,210,13,1000,380,fixed,"[{""fold"": ""step1"", ""src"": ""fixed"", ""thr"": 0.5}]",32.06,the split in sers_records.jsonl; test cells cover 13/20 analytes
T1,native,step1_split,all,analyte,F3.ctrl,hgb,macro_f1,0.0,0.0,0.0,,,,,210,13,1000,380,fixed,"[{""fold"": ""step1"", ""src"": ""fixed"", ""thr"": 0.5}]",32.06,the split in sers_records.jsonl; test cells cover 13/20 analytes
T1,native,step1_split,all,analyte,F3.ctrl,hgb,accuracy,0.0,0.0,0.0,0.1905,,,,210,13,1000,380,fixed,"[{""fold"": ""step1"", ""src"": ""fixed"", ""thr"": 0.5}]",32.06,the split in sers_records.jsonl; test cells cover 13/20 analytes
T1,native,step1_split,all,analyte,F3.ctrl,knn,bal_acc,0.0769,0.0,0.1429,0.05,,,,210,13,1000,380,default,"[{""fold"": ""step1"", ""k"": 5, ""src"": ""default"", ""thr"": 0.5}]",0.21,the split in sers_records.jsonl; test cells cover 13/20 analytes
T1,native,step1_split,all,analyte,F3.ctrl,knn,macro_f1,0.0769,0.0,0.1429,,,,,210,13,1000,380,default,"[{""fold"": ""step1"", ""k"": 5, ""src"": ""default"", ""thr"": 0.5}]",0.21,the split in sers_records.jsonl; test cells cover 13/20 analytes
T1,native,step1_split,all,analyte,F3.ctrl,knn,accuracy,0.0476,0.0,0.1875,0.1905,,,,210,13,1000,380,default,"[{""fold"": ""step1"", ""k"": 5, ""src"": ""default"", ""thr"": 0.5}]",0.21,the split in sers_records.jsonl; test cells cover 13/20 analytes
T1,native,cells_to_standards,all,analyte,F1,majority,bal_acc,0.05,0.0,0.1,0.05,,,,20,20,1000,590,fixed,"[{""fold"": ""cells->standards"", ""src"": ""fixed"", ""thr"": 0.5}]",0.18,"train: all cultures; test: pure standards (different matrix, no cells)"
T1,native,cells_to_standards,all,analyte,F1,majority,macro_f1,0.0048,0.0,0.0237,,,,,20,20,1000,590,fixed,"[{""fold"": ""cells->standards"", ""src"": ""fixed"", ""thr"": 0.5}]",0.18,"train: all cultures; test: pure standards (different matrix, no cells)"
T1,native,cells_to_standards,all,analyte,F1,majority,accuracy,0.05,0.0,0.15,0.05,,,,20,20,1000,590,fixed,"[{""fold"": ""cells->standards"", ""src"": ""fixed"", ""thr"": 0.5}]",0.18,"train: all cultures; test: pure standards (different matrix, no cells)"
T1,native,cells_to_standards,all,analyte,F1,lr,bal_acc,0.2,0.0769,0.3333,0.05,0.01,1000,0.0485,20,20,1000,590,default,"[{""fold"": ""cells->standards"", ""C"": 0.1, ""src"": ""default"", ""thr"": 0.5}]",0.32,"train: all cultures; test: pure standards (different matrix, no cells)"
T1,native,cells_to_standards,all,analyte,F1,lr,macro_f1,0.1325,0.0238,0.2583,,,,,20,20,1000,590,default,"[{""fold"": ""cells->standards"", ""C"": 0.1, ""src"": ""default"", ""thr"": 0.5}]",0.32,"train: all cultures; test: pure standards (different matrix, no cells)"
T1,native,cells_to_standards,all,analyte,F1,lr,accuracy,0.2,0.05,0.4,0.05,,,,20,20,1000,590,default,"[{""fold"": ""cells->standards"", ""C"": 0.1, ""src"": ""default"", ""thr"": 0.5}]",0.32,"train: all cultures; test: pure standards (different matrix, no cells)"
T1,native,cells_to_standards,all,analyte,F1,pca_lr,bal_acc,0.15,0.0,0.25,0.05,,,,20,20,1000,590,default,"[{""fold"": ""cells->standards"", ""C"": 0.1, ""src"": ""default"", ""thr"": 0.5}]",0.2,"train: all cultures; test: pure standards (different matrix, no cells)"
T1,native,cells_to_standards,all,analyte,F1,pca_lr,macro_f1,0.0861,0.0,0.1967,,,,,20,20,1000,590,default,"[{""fold"": ""cells->standards"", ""C"": 0.1, ""src"": ""default"", ""thr"": 0.5}]",0.2,"train: all cultures; test: pure standards (different matrix, no cells)"
T1,native,cells_to_standards,all,analyte,F1,pca_lr,accuracy,0.15,0.0,0.3,0.05,,,,20,20,1000,590,default,"[{""fold"": ""cells->standards"", ""C"": 0.1, ""src"": ""default"", ""thr"": 0.5}]",0.2,"train: all cultures; test: pure standards (different matrix, no cells)"
T1,native,cells_to_standards,all,analyte,F1,plsda,bal_acc,0.2,0.0769,0.3333,0.05,,,,20,20,1000,590,default,"[{""fold"": ""cells->standards"", ""n"": 10, ""src"": ""default"", ""thr"": 0.5}]",0.19,"train: all cultures; test: pure standards (different matrix, no cells)"
T1,native,cells_to_standards,all,analyte,F1,plsda,macro_f1,0.1155,0.011,0.2431,,,,,20,20,1000,590,default,"[{""fold"": ""cells->standards"", ""n"": 10, ""src"": ""default"", ""thr"": 0.5}]",0.19,"train: all cultures; test: pure standards (different matrix, no cells)"
T1,native,cells_to_standards,all,analyte,F1,plsda,accuracy,0.2,0.05,0.35,0.05,,,,20,20,1000,590,default,"[{""fold"": ""cells->standards"", ""n"": 10, ""src"": ""default"", ""thr"": 0.5}]",0.19,"train: all cultures; test: pure standards (different matrix, no cells)"
T1,native,cells_to_standards,all,analyte,F1,ncm,bal_acc,0.2,0.0714,0.3333,0.05,,,,20,20,1000,590,fixed,"[{""fold"": ""cells->standards"", ""src"": ""fixed"", ""thr"": 0.5}]",0.18,"train: all cultures; test: pure standards (different matrix, no cells)"
T1,native,cells_to_standards,all,analyte,F1,ncm,macro_f1,0.1167,0.0189,0.2424,,,,,20,20,1000,590,fixed,"[{""fold"": ""cells->standards"", ""src"": ""fixed"", ""thr"": 0.5}]",0.18,"train: all cultures; test: pure standards (different matrix, no cells)"
T1,native,cells_to_standards,all,analyte,F1,ncm,accuracy,0.2,0.05,0.4,0.05,,,,20,20,1000,590,fixed,"[{""fold"": ""cells->standards"", ""src"": ""fixed"", ""thr"": 0.5}]",0.18,"train: all cultures; test: pure standards (different matrix, no cells)"
T1,native,cells_to_standards,all,analyte,F1,hgb,bal_acc,0.25,0.0833,0.3846,0.05,,,,20,20,1000,590,fixed,"[{""fold"": ""cells->standards"", ""src"": ""fixed"", ""thr"": 0.5}]",2.25,"train: all cultures; test: pure standards (different matrix, no cells)"
T1,native,cells_to_standards,all,analyte,F1,hgb,macro_f1,0.156,0.0454,0.3092,,,,,20,20,1000,590,fixed,"[{""fold"": ""cells->standards"", ""src"": ""fixed"", ""thr"": 0.5}]",2.25,"train: all cultures; test: pure standards (different matrix, no cells)"
T1,native,cells_to_standards,all,analyte,F1,hgb,accuracy,0.25,0.05,0.45,0.05,,,,20,20,1000,590,fixed,"[{""fold"": ""cells->standards"", ""src"": ""fixed"", ""thr"": 0.5}]",2.25,"train: all cultures; test: pure standards (different matrix, no cells)"
T1,native,cells_to_standards,all,analyte,F1,knn,bal_acc,0.1,0.0,0.1818,0.05,,,,20,20,1000,590,default,"[{""fold"": ""cells->standards"", ""k"": 5, ""src"": ""default"", ""thr"": 0.5}]",0.2,"train: all cultures; test: pure standards (different matrix, no cells)"
T1,native,cells_to_standards,all,analyte,F1,knn,macro_f1,0.0833,0.0,0.1818,,,,,20,20,1000,590,default,"[{""fold"": ""cells->standards"", ""k"": 5, ""src"": ""default"", ""thr"": 0.5}]",0.2,"train: all cultures; test: pure standards (different matrix, no cells)"
T1,native,cells_to_standards,all,analyte,F1,knn,accuracy,0.1,0.0,0.25,0.05,,,,20,20,1000,590,default,"[{""fold"": ""cells->standards"", ""k"": 5, ""src"": ""default"", ""thr"": 0.5}]",0.2,"train: all cultures; test: pure standards (different matrix, no cells)"
T1,native,cells_to_standards,all,analyte,F1pos,majority,bal_acc,0.05,0.0,0.1,0.05,,,,20,20,1000,590,fixed,"[{""fold"": ""cells->standards"", ""src"": ""fixed"", ""thr"": 0.5}]",0.29,"train: all cultures; test: pure standards (different matrix, no cells)"
T1,native,cells_to_standards,all,analyte,F1pos,majority,macro_f1,0.0048,0.0,0.0237,,,,,20,20,1000,590,fixed,"[{""fold"": ""cells->standards"", ""src"": ""fixed"", ""thr"": 0.5}]",0.29,"train: all cultures; test: pure standards (different matrix, no cells)"
T1,native,cells_to_standards,all,analyte,F1pos,majority,accuracy,0.05,0.0,0.15,0.05,,,,20,20,1000,590,fixed,"[{""fold"": ""cells->standards"", ""src"": ""fixed"", ""thr"": 0.5}]",0.29,"train: all cultures; test: pure standards (different matrix, no cells)"
T1,native,cells_to_standards,all,analyte,F1pos,lr,bal_acc,0.1,0.0,0.1818,0.05,,,,20,20,1000,590,default,"[{""fold"": ""cells->standards"", ""C"": 0.1, ""src"": ""default"", ""thr"": 0.5}]",0.21,"train: all cultures; test: pure standards (different matrix, no cells)"
T1,native,cells_to_standards,all,analyte,F1pos,lr,macro_f1,0.1,0.0,0.1818,,,,,20,20,1000,590,default,"[{""fold"": ""cells->standards"", ""C"": 0.1, ""src"": ""default"", ""thr"": 0.5}]",0.21,"train: all cultures; test: pure standards (different matrix, no cells)"
T1,native,cells_to_standards,all,analyte,F1pos,lr,accuracy,0.1,0.0,0.25,0.05,,,,20,20,1000,590,default,"[{""fold"": ""cells->standards"", ""C"": 0.1, ""src"": ""default"", ""thr"": 0.5}]",0.21,"train: all cultures; test: pure standards (different matrix, no cells)"
T1,native,cells_to_standards,all,analyte,F1pos,pca_lr,bal_acc,0.15,0.0,0.25,0.05,,,,20,20,1000,590,default,"[{""fold"": ""cells->standards"", ""C"": 0.1, ""src"": ""default"", ""thr"": 0.5}]",0.21,"train: all cultures; test: pure standards (different matrix, no cells)"
T1,native,cells_to_standards,all,analyte,F1pos,pca_lr,macro_f1,0.11,0.0,0.2037,,,,,20,20,1000,590,default,"[{""fold"": ""cells->standards"", ""C"": 0.1, ""src"": ""default"", ""thr"": 0.5}]",0.21,"train: all cultures; test: pure standards (different matrix, no cells)"
T1,native,cells_to_standards,all,analyte,F1pos,pca_lr,accuracy,0.15,0.0,0.3,0.05,,,,20,20,1000,590,default,"[{""fold"": ""cells->standards"", ""C"": 0.1, ""src"": ""default"", ""thr"": 0.5}]",0.21,"train: all cultures; test: pure standards (different matrix, no cells)"
T1,native,cells_to_standards,all,analyte,F1pos,plsda,bal_acc,0.1,0.0,0.1818,0.05,,,,20,20,1000,590,default,"[{""fold"": ""cells->standards"", ""n"": 10, ""src"": ""default"", ""thr"": 0.5}]",0.25,"train: all cultures; test: pure standards (different matrix, no cells)"
T1,native,cells_to_standards,all,analyte,F1pos,plsda,macro_f1,0.0417,0.0,0.1128,,,,,20,20,1000,590,default,"[{""fold"": ""cells->standards"", ""n"": 10, ""src"": ""default"", ""thr"": 0.5}]",0.25,"train: all cultures; test: pure standards (different matrix, no cells)"
T1,native,cells_to_standards,all,analyte,F1pos,plsda,accuracy,0.1,0.0,0.25,0.05,,,,20,20,1000,590,default,"[{""fold"": ""cells->standards"", ""n"": 10, ""src"": ""default"", ""thr"": 0.5}]",0.25,"train: all cultures; test: pure standards (different matrix, no cells)"
T1,native,cells_to_standards,all,analyte,F1pos,ncm,bal_acc,0.1,0.0,0.1818,0.05,,,,20,20,1000,590,fixed,"[{""fold"": ""cells->standards"", ""src"": ""fixed"", ""thr"": 0.5}]",0.18,"train: all cultures; test: pure standards (different matrix, no cells)"
T1,native,cells_to_standards,all,analyte,F1pos,ncm,macro_f1,0.0417,0.0,0.125,,,,,20,20,1000,590,fixed,"[{""fold"": ""cells->standards"", ""src"": ""fixed"", ""thr"": 0.5}]",0.18,"train: all cultures; test: pure standards (different matrix, no cells)"
T1,native,cells_to_standards,all,analyte,F1pos,ncm,accuracy,0.1,0.0,0.25,0.05,,,,20,20,1000,590,fixed,"[{""fold"": ""cells->standards"", ""src"": ""fixed"", ""thr"": 0.5}]",0.18,"train: all cultures; test: pure standards (different matrix, no cells)"
T1,native,cells_to_standards,all,analyte,F1pos,hgb,bal_acc,0.15,0.0,0.25,0.05,,,,20,20,1000,590,fixed,"[{""fold"": ""cells->standards"", ""src"": ""fixed"", ""thr"": 0.5}]",3.42,"train: all cultures; test: pure standards (different matrix, no cells)"
T1,native,cells_to_standards,all,analyte,F1pos,hgb,macro_f1,0.065,0.0,0.1667,,,,,20,20,1000,590,fixed,"[{""fold"": ""cells->standards"", ""src"": ""fixed"", ""thr"": 0.5}]",3.42,"train: all cultures; test: pure standards (different matrix, no cells)"
T1,native,cells_to_standards,all,analyte,F1pos,hgb,accuracy,0.15,0.0,0.3,0.05,,,,20,20,1000,590,fixed,"[{""fold"": ""cells->standards"", ""src"": ""fixed"", ""thr"": 0.5}]",3.42,"train: all cultures; test: pure standards (different matrix, no cells)"
T1,native,cells_to_standards,all,analyte,F1pos,knn,bal_acc,0.05,0.0,0.1,0.05,,,,20,20,1000,590,default,"[{""fold"": ""cells->standards"", ""k"": 5, ""src"": ""default"", ""thr"": 0.5}]",0.19,"train: all cultures; test: pure standards (different matrix, no cells)"
T1,native,cells_to_standards,all,analyte,F1pos,knn,macro_f1,0.0333,0.0,0.0909,,,,,20,20,1000,590,default,"[{""fold"": ""cells->standards"", ""k"": 5, ""src"": ""default"", ""thr"": 0.5}]",0.19,"train: all cultures; test: pure standards (different matrix, no cells)"
T1,native,cells_to_standards,all,analyte,F1pos,knn,accuracy,0.05,0.0,0.15,0.05,,,,20,20,1000,590,default,"[{""fold"": ""cells->standards"", ""k"": 5, ""src"": ""default"", ""thr"": 0.5}]",0.19,"train: all cultures; test: pure standards (different matrix, no cells)"
T1,native,cells_to_standards,all,analyte,F2,majority,bal_acc,0.05,0.0,0.1,0.05,,,,20,20,1000,590,fixed,"[{""fold"": ""cells->standards"", ""src"": ""fixed"", ""thr"": 0.5}]",0.18,"train: all cultures; test: pure standards (different matrix, no cells)"
T1,native,cells_to_standards,all,analyte,F2,majority,macro_f1,0.0048,0.0,0.0237,,,,,20,20,1000,590,fixed,"[{""fold"": ""cells->standards"", ""src"": ""fixed"", ""thr"": 0.5}]",0.18,"train: all cultures; test: pure standards (different matrix, no cells)"
T1,native,cells_to_standards,all,analyte,F2,majority,accuracy,0.05,0.0,0.15,0.05,,,,20,20,1000,590,fixed,"[{""fold"": ""cells->standards"", ""src"": ""fixed"", ""thr"": 0.5}]",0.18,"train: all cultures; test: pure standards (different matrix, no cells)"
T1,native,cells_to_standards,all,analyte,F2,lr,bal_acc,0.2,0.0769,0.3333,0.05,,,,20,20,1000,590,default,"[{""fold"": ""cells->standards"", ""C"": 0.1, ""src"": ""default"", ""thr"": 0.5}]",1.47,"train: all cultures; test: pure standards (different matrix, no cells)"
T1,native,cells_to_standards,all,analyte,F2,lr,macro_f1,0.1233,0.0333,0.264,,,,,20,20,1000,590,default,"[{""fold"": ""cells->standards"", ""C"": 0.1, ""src"": ""default"", ""thr"": 0.5}]",1.47,"train: all cultures; test: pure standards (different matrix, no cells)"
T1,native,cells_to_standards,all,analyte,F2,lr,accuracy,0.2,0.05,0.4,0.05,,,,20,20,1000,590,default,"[{""fold"": ""cells->standards"", ""C"": 0.1, ""src"": ""default"", ""thr"": 0.5}]",1.47,"train: all cultures; test: pure standards (different matrix, no cells)"
T1,native,cells_to_standards,all,analyte,F2,pca_lr,bal_acc,0.15,0.0,0.25,0.05,,,,20,20,1000,590,default,"[{""fold"": ""cells->standards"", ""C"": 0.1, ""src"": ""default"", ""thr"": 0.5}]",0.4,"train: all cultures; test: pure standards (different matrix, no cells)"
T1,native,cells_to_standards,all,analyte,F2,pca_lr,macro_f1,0.1167,0.0,0.2222,,,,,20,20,1000,590,default,"[{""fold"": ""cells->standards"", ""C"": 0.1, ""src"": ""default"", ""thr"": 0.5}]",0.4,"train: all cultures; test: pure standards (different matrix, no cells)"
T1,native,cells_to_standards,all,analyte,F2,pca_lr,accuracy,0.15,0.0,0.3,0.05,,,,20,20,1000,590,default,"[{""fold"": ""cells->standards"", ""C"": 0.1, ""src"": ""default"", ""thr"": 0.5}]",0.4,"train: all cultures; test: pure standards (different matrix, no cells)"
T1,native,cells_to_standards,all,analyte,F2,plsda,bal_acc,0.1,0.0,0.1818,0.05,,,,20,20,1000,590,default,"[{""fold"": ""cells->standards"", ""n"": 10, ""src"": ""default"", ""thr"": 0.5}]",0.4,"train: all cultures; test: pure standards (different matrix, no cells)"
T1,native,cells_to_standards,all,analyte,F2,plsda,macro_f1,0.0444,0.0,0.119,,,,,20,20,1000,590,default,"[{""fold"": ""cells->standards"", ""n"": 10, ""src"": ""default"", ""thr"": 0.5}]",0.4,"train: all cultures; test: pure standards (different matrix, no cells)"
T1,native,cells_to_standards,all,analyte,F2,plsda,accuracy,0.1,0.0,0.25,0.05,,,,20,20,1000,590,default,"[{""fold"": ""cells->standards"", ""n"": 10, ""src"": ""default"", ""thr"": 0.5}]",0.4,"train: all cultures; test: pure standards (different matrix, no cells)"
T1,native,cells_to_standards,all,analyte,F2,ncm,bal_acc,0.2,0.0714,0.3333,0.05,,,,20,20,1000,590,fixed,"[{""fold"": ""cells->standards"", ""src"": ""fixed"", ""thr"": 0.5}]",0.25,"train: all cultures; test: pure standards (different matrix, no cells)"
T1,native,cells_to_standards,all,analyte,F2,ncm,macro_f1,0.1174,0.019,0.2447,,,,,20,20,1000,590,fixed,"[{""fold"": ""cells->standards"", ""src"": ""fixed"", ""thr"": 0.5}]",0.25,"train: all cultures; test: pure standards (different matrix, no cells)"
T1,native,cells_to_standards,all,analyte,F2,ncm,accuracy,0.2,0.05,0.4,0.05,,,,20,20,1000,590,fixed,"[{""fold"": ""cells->standards"", ""src"": ""fixed"", ""thr"": 0.5}]",0.25,"train: all cultures; test: pure standards (different matrix, no cells)"
T1,native,cells_to_standards,all,analyte,F2,hgb,bal_acc,0.15,0.0,0.25,0.05,,,,20,20,1000,590,fixed,"[{""fold"": ""cells->standards"", ""src"": ""fixed"", ""thr"": 0.5}]",49.17,"train: all cultures; test: pure standards (different matrix, no cells)"
T1,native,cells_to_standards,all,analyte,F2,hgb,macro_f1,0.0674,0.0,0.1775,,,,,20,20,1000,590,fixed,"[{""fold"": ""cells->standards"", ""src"": ""fixed"", ""thr"": 0.5}]",49.17,"train: all cultures; test: pure standards (different matrix, no cells)"
T1,native,cells_to_standards,all,analyte,F2,hgb,accuracy,0.15,0.0,0.3,0.05,,,,20,20,1000,590,fixed,"[{""fold"": ""cells->standards"", ""src"": ""fixed"", ""thr"": 0.5}]",49.17,"train: all cultures; test: pure standards (different matrix, no cells)"
T1,native,cells_to_standards,all,analyte,F2,knn,bal_acc,0.2,0.0769,0.3333,0.05,,,,20,20,1000,590,default,"[{""fold"": ""cells->standards"", ""k"": 5, ""src"": ""default"", ""thr"": 0.5}]",0.2,"train: all cultures; test: pure standards (different matrix, no cells)"
T1,native,cells_to_standards,all,analyte,F2,knn,macro_f1,0.131,0.0354,0.2667,,,,,20,20,1000,590,default,"[{""fold"": ""cells->standards"", ""k"": 5, ""src"": ""default"", ""thr"": 0.5}]",0.2,"train: all cultures; test: pure standards (different matrix, no cells)"
T1,native,cells_to_standards,all,analyte,F2,knn,accuracy,0.2,0.05,0.4,0.05,,,,20,20,1000,590,default,"[{""fold"": ""cells->standards"", ""k"": 5, ""src"": ""default"", ""thr"": 0.5}]",0.2,"train: all cultures; test: pure standards (different matrix, no cells)"
T1,native,cells_to_standards,all,analyte,F3,majority,bal_acc,0.05,0.0,0.1,0.05,,,,20,20,1000,590,fixed,"[{""fold"": ""cells->standards"", ""src"": ""fixed"", ""thr"": 0.5}]",0.18,"train: all cultures; test: pure standards (different matrix, no cells)"
T1,native,cells_to_standards,all,analyte,F3,majority,macro_f1,0.0048,0.0,0.0237,,,,,20,20,1000,590,fixed,"[{""fold"": ""cells->standards"", ""src"": ""fixed"", ""thr"": 0.5}]",0.18,"train: all cultures; test: pure standards (different matrix, no cells)"
T1,native,cells_to_standards,all,analyte,F3,majority,accuracy,0.05,0.0,0.15,0.05,,,,20,20,1000,590,fixed,"[{""fold"": ""cells->standards"", ""src"": ""fixed"", ""thr"": 0.5}]",0.18,"train: all cultures; test: pure standards (different matrix, no cells)"
T1,native,cells_to_standards,all,analyte,F3,lr,bal_acc,0.35,0.1818,0.5,0.05,0.001,1000,0.0516,20,20,1000,590,default,"[{""fold"": ""cells->standards"", ""C"": 0.1, ""src"": ""default"", ""thr"": 0.5}]",1.02,"train: all cultures; test: pure standards (different matrix, no cells)"
T1,native,cells_to_standards,all,analyte,F3,lr,macro_f1,0.295,0.1515,0.4643,,,,,20,20,1000,590,default,"[{""fold"": ""cells->standards"", ""C"": 0.1, ""src"": ""default"", ""thr"": 0.5}]",1.02,"train: all cultures; test: pure standards (different matrix, no cells)"
T1,native,cells_to_standards,all,analyte,F3,lr,accuracy,0.35,0.15,0.55,0.05,,,,20,20,1000,590,default,"[{""fold"": ""cells->standards"", ""C"": 0.1, ""src"": ""default"", ""thr"": 0.5}]",1.02,"train: all cultures; test: pure standards (different matrix, no cells)"
T1,native,cells_to_standards,all,analyte,F3,pca_lr,bal_acc,0.3,0.1536,0.4615,0.05,,,,20,20,1000,590,default,"[{""fold"": ""cells->standards"", ""C"": 0.1, ""src"": ""default"", ""thr"": 0.5}]",0.37,"train: all cultures; test: pure standards (different matrix, no cells)"
T1,native,cells_to_standards,all,analyte,F3,pca_lr,macro_f1,0.25,0.111,0.4168,,,,,20,20,1000,590,default,"[{""fold"": ""cells->standards"", ""C"": 0.1, ""src"": ""default"", ""thr"": 0.5}]",0.37,"train: all cultures; test: pure standards (different matrix, no cells)"
T1,native,cells_to_standards,all,analyte,F3,pca_lr,accuracy,0.3,0.1,0.5,0.05,,,,20,20,1000,590,default,"[{""fold"": ""cells->standards"", ""C"": 0.1, ""src"": ""default"", ""thr"": 0.5}]",0.37,"train: all cultures; test: pure standards (different matrix, no cells)"
T1,native,cells_to_standards,all,analyte,F3,plsda,bal_acc,0.2,0.0769,0.3333,0.05,,,,20,20,1000,590,default,"[{""fold"": ""cells->standards"", ""n"": 10, ""src"": ""default"", ""thr"": 0.5}]",0.26,"train: all cultures; test: pure standards (different matrix, no cells)"
T1,native,cells_to_standards,all,analyte,F3,plsda,macro_f1,0.1667,0.0363,0.2917,,,,,20,20,1000,590,default,"[{""fold"": ""cells->standards"", ""n"": 10, ""src"": ""default"", ""thr"": 0.5}]",0.26,"train: all cultures; test: pure standards (different matrix, no cells)"
T1,native,cells_to_standards,all,analyte,F3,plsda,accuracy,0.2,0.05,0.4,0.05,,,,20,20,1000,590,default,"[{""fold"": ""cells->standards"", ""n"": 10, ""src"": ""default"", ""thr"": 0.5}]",0.26,"train: all cultures; test: pure standards (different matrix, no cells)"
T1,native,cells_to_standards,all,analyte,F3,ncm,bal_acc,0.2,0.0769,0.3083,0.05,,,,20,20,1000,590,fixed,"[{""fold"": ""cells->standards"", ""src"": ""fixed"", ""thr"": 0.5}]",0.18,"train: all cultures; test: pure standards (different matrix, no cells)"
T1,native,cells_to_standards,all,analyte,F3,ncm,macro_f1,0.0975,0.0152,0.2075,,,,,20,20,1000,590,fixed,"[{""fold"": ""cells->standards"", ""src"": ""fixed"", ""thr"": 0.5}]",0.18,"train: all cultures; test: pure standards (different matrix, no cells)"
T1,native,cells_to_standards,all,analyte,F3,ncm,accuracy,0.2,0.05,0.4,0.05,,,,20,20,1000,590,fixed,"[{""fold"": ""cells->standards"", ""src"": ""fixed"", ""thr"": 0.5}]",0.18,"train: all cultures; test: pure standards (different matrix, no cells)"
T1,native,cells_to_standards,all,analyte,F3,hgb,bal_acc,0.25,0.0833,0.3846,0.05,,,,20,20,1000,590,fixed,"[{""fold"": ""cells->standards"", ""src"": ""fixed"", ""thr"": 0.5}]",49.19,"train: all cultures; test: pure standards (different matrix, no cells)"
T1,native,cells_to_standards,all,analyte,F3,hgb,macro_f1,0.2167,0.0769,0.3636,,,,,20,20,1000,590,fixed,"[{""fold"": ""cells->standards"", ""src"": ""fixed"", ""thr"": 0.5}]",49.19,"train: all cultures; test: pure standards (different matrix, no cells)"
T1,native,cells_to_standards,all,analyte,F3,hgb,accuracy,0.25,0.0988,0.45,0.05,,,,20,20,1000,590,fixed,"[{""fold"": ""cells->standards"", ""src"": ""fixed"", ""thr"": 0.5}]",49.19,"train: all cultures; test: pure standards (different matrix, no cells)"
T1,native,cells_to_standards,all,analyte,F3,knn,bal_acc,0.2,0.0714,0.3333,0.05,,,,20,20,1000,590,default,"[{""fold"": ""cells->standards"", ""k"": 5, ""src"": ""default"", ""thr"": 0.5}]",0.19,"train: all cultures; test: pure standards (different matrix, no cells)"
T1,native,cells_to_standards,all,analyte,F3,knn,macro_f1,0.1125,0.0178,0.2421,,,,,20,20,1000,590,default,"[{""fold"": ""cells->standards"", ""k"": 5, ""src"": ""default"", ""thr"": 0.5}]",0.19,"train: all cultures; test: pure standards (different matrix, no cells)"
T1,native,cells_to_standards,all,analyte,F3,knn,accuracy,0.2,0.05,0.4,0.05,,,,20,20,1000,590,default,"[{""fold"": ""cells->standards"", ""k"": 5, ""src"": ""default"", ""thr"": 0.5}]",0.19,"train: all cultures; test: pure standards (different matrix, no cells)"
T1,native,cells_to_standards,all,analyte,F1.bg,majority,bal_acc,0.05,0.0,0.1,0.05,,,,20,20,1000,590,fixed,"[{""fold"": ""cells->standards"", ""src"": ""fixed"", ""thr"": 0.5}]",0.18,"train: all cultures; test: pure standards (different matrix, no cells)"
T1,native,cells_to_standards,all,analyte,F1.bg,majority,macro_f1,0.0048,0.0,0.0237,,,,,20,20,1000,590,fixed,"[{""fold"": ""cells->standards"", ""src"": ""fixed"", ""thr"": 0.5}]",0.18,"train: all cultures; test: pure standards (different matrix, no cells)"
T1,native,cells_to_standards,all,analyte,F1.bg,majority,accuracy,0.05,0.0,0.15,0.05,,,,20,20,1000,590,fixed,"[{""fold"": ""cells->standards"", ""src"": ""fixed"", ""thr"": 0.5}]",0.18,"train: all cultures; test: pure standards (different matrix, no cells)"
T1,native,cells_to_standards,all,analyte,F1.bg,lr,bal_acc,0.3,0.1538,0.4615,0.05,,,,20,20,1000,590,default,"[{""fold"": ""cells->standards"", ""C"": 0.1, ""src"": ""default"", ""thr"": 0.5}]",0.2,"train: all cultures; test: pure standards (different matrix, no cells)"
T1,native,cells_to_standards,all,analyte,F1.bg,lr,macro_f1,0.2667,0.1166,0.4365,,,,,20,20,1000,590,default,"[{""fold"": ""cells->standards"", ""C"": 0.1, ""src"": ""default"", ""thr"": 0.5}]",0.2,"train: all cultures; test: pure standards (different matrix, no cells)"
T1,native,cells_to_standards,all,analyte,F1.bg,lr,accuracy,0.3,0.1,0.5,0.05,,,,20,20,1000,590,default,"[{""fold"": ""cells->standards"", ""C"": 0.1, ""src"": ""default"", ""thr"": 0.5}]",0.2,"train: all cultures; test: pure standards (different matrix, no cells)"
T1,native,cells_to_standards,all,analyte,F1.bg,pca_lr,bal_acc,0.25,0.0833,0.3846,0.05,,,,20,20,1000,590,default,"[{""fold"": ""cells->standards"", ""C"": 0.1, ""src"": ""default"", ""thr"": 0.5}]",0.2,"train: all cultures; test: pure standards (different matrix, no cells)"
T1,native,cells_to_standards,all,analyte,F1.bg,pca_lr,macro_f1,0.2167,0.0713,0.3692,,,,,20,20,1000,590,default,"[{""fold"": ""cells->standards"", ""C"": 0.1, ""src"": ""default"", ""thr"": 0.5}]",0.2,"train: all cultures; test: pure standards (different matrix, no cells)"
T1,native,cells_to_standards,all,analyte,F1.bg,pca_lr,accuracy,0.25,0.05,0.45,0.05,,,,20,20,1000,590,default,"[{""fold"": ""cells->standards"", ""C"": 0.1, ""src"": ""default"", ""thr"": 0.5}]",0.2,"train: all cultures; test: pure standards (different matrix, no cells)"
T1,native,cells_to_standards,all,analyte,F1.bg,plsda,bal_acc,0.2,0.0714,0.3333,0.05,,,,20,20,1000,590,default,"[{""fold"": ""cells->standards"", ""n"": 10, ""src"": ""default"", ""thr"": 0.5}]",0.2,"train: all cultures; test: pure standards (different matrix, no cells)"
T1,native,cells_to_standards,all,analyte,F1.bg,plsda,macro_f1,0.131,0.0279,0.2565,,,,,20,20,1000,590,default,"[{""fold"": ""cells->standards"", ""n"": 10, ""src"": ""default"", ""thr"": 0.5}]",0.2,"train: all cultures; test: pure standards (different matrix, no cells)"
T1,native,cells_to_standards,all,analyte,F1.bg,plsda,accuracy,0.2,0.05,0.4,0.05,,,,20,20,1000,590,default,"[{""fold"": ""cells->standards"", ""n"": 10, ""src"": ""default"", ""thr"": 0.5}]",0.2,"train: all cultures; test: pure standards (different matrix, no cells)"
T1,native,cells_to_standards,all,analyte,F1.bg,ncm,bal_acc,0.15,0.0,0.25,0.05,,,,20,20,1000,590,fixed,"[{""fold"": ""cells->standards"", ""src"": ""fixed"", ""thr"": 0.5}]",0.18,"train: all cultures; test: pure standards (different matrix, no cells)"
T1,native,cells_to_standards,all,analyte,F1.bg,ncm,macro_f1,0.1333,0.0,0.25,,,,,20,20,1000,590,fixed,"[{""fold"": ""cells->standards"", ""src"": ""fixed"", ""thr"": 0.5}]",0.18,"train: all cultures; test: pure standards (different matrix, no cells)"
T1,native,cells_to_standards,all,analyte,F1.bg,ncm,accuracy,0.15,0.0,0.3,0.05,,,,20,20,1000,590,fixed,"[{""fold"": ""cells->standards"", ""src"": ""fixed"", ""thr"": 0.5}]",0.18,"train: all cultures; test: pure standards (different matrix, no cells)"
T1,native,cells_to_standards,all,analyte,F1.bg,hgb,bal_acc,0.15,0.0,0.25,0.05,,,,20,20,1000,590,fixed,"[{""fold"": ""cells->standards"", ""src"": ""fixed"", ""thr"": 0.5}]",2.28,"train: all cultures; test: pure standards (different matrix, no cells)"
T1,native,cells_to_standards,all,analyte,F1.bg,hgb,macro_f1,0.0924,0.0,0.1958,,,,,20,20,1000,590,fixed,"[{""fold"": ""cells->standards"", ""src"": ""fixed"", ""thr"": 0.5}]",2.28,"train: all cultures; test: pure standards (different matrix, no cells)"
T1,native,cells_to_standards,all,analyte,F1.bg,hgb,accuracy,0.15,0.0,0.3,0.05,,,,20,20,1000,590,fixed,"[{""fold"": ""cells->standards"", ""src"": ""fixed"", ""thr"": 0.5}]",2.28,"train: all cultures; test: pure standards (different matrix, no cells)"
T1,native,cells_to_standards,all,analyte,F1.bg,knn,bal_acc,0.15,0.0,0.25,0.05,,,,20,20,1000,590,default,"[{""fold"": ""cells->standards"", ""k"": 5, ""src"": ""default"", ""thr"": 0.5}]",0.29,"train: all cultures; test: pure standards (different matrix, no cells)"
T1,native,cells_to_standards,all,analyte,F1.bg,knn,macro_f1,0.1167,0.0,0.2222,,,,,20,20,1000,590,default,"[{""fold"": ""cells->standards"", ""k"": 5, ""src"": ""default"", ""thr"": 0.5}]",0.29,"train: all cultures; test: pure standards (different matrix, no cells)"
T1,native,cells_to_standards,all,analyte,F1.bg,knn,accuracy,0.15,0.0,0.3,0.05,,,,20,20,1000,590,default,"[{""fold"": ""cells->standards"", ""k"": 5, ""src"": ""default"", ""thr"": 0.5}]",0.29,"train: all cultures; test: pure standards (different matrix, no cells)"
T1,native,cells_to_standards,all,analyte,F2.bg,majority,bal_acc,0.05,0.0,0.1,0.05,,,,20,20,1000,590,fixed,"[{""fold"": ""cells->standards"", ""src"": ""fixed"", ""thr"": 0.5}]",0.19,"train: all cultures; test: pure standards (different matrix, no cells)"
T1,native,cells_to_standards,all,analyte,F2.bg,majority,macro_f1,0.0048,0.0,0.0237,,,,,20,20,1000,590,fixed,"[{""fold"": ""cells->standards"", ""src"": ""fixed"", ""thr"": 0.5}]",0.19,"train: all cultures; test: pure standards (different matrix, no cells)"
T1,native,cells_to_standards,all,analyte,F2.bg,majority,accuracy,0.05,0.0,0.15,0.05,,,,20,20,1000,590,fixed,"[{""fold"": ""cells->standards"", ""src"": ""fixed"", ""thr"": 0.5}]",0.19,"train: all cultures; test: pure standards (different matrix, no cells)"
T1,native,cells_to_standards,all,analyte,F2.bg,lr,bal_acc,0.25,0.0833,0.3846,0.05,,,,20,20,1000,590,default,"[{""fold"": ""cells->standards"", ""C"": 0.1, ""src"": ""default"", ""thr"": 0.5}]",1.28,"train: all cultures; test: pure standards (different matrix, no cells)"
T1,native,cells_to_standards,all,analyte,F2.bg,lr,macro_f1,0.1833,0.0606,0.3333,,,,,20,20,1000,590,default,"[{""fold"": ""cells->standards"", ""C"": 0.1, ""src"": ""default"", ""thr"": 0.5}]",1.28,"train: all cultures; test: pure standards (different matrix, no cells)"
T1,native,cells_to_standards,all,analyte,F2.bg,lr,accuracy,0.25,0.05,0.45,0.05,,,,20,20,1000,590,default,"[{""fold"": ""cells->standards"", ""C"": 0.1, ""src"": ""default"", ""thr"": 0.5}]",1.28,"train: all cultures; test: pure standards (different matrix, no cells)"
T1,native,cells_to_standards,all,analyte,F2.bg,pca_lr,bal_acc,0.15,0.0,0.25,0.05,,,,20,20,1000,590,default,"[{""fold"": ""cells->standards"", ""C"": 0.1, ""src"": ""default"", ""thr"": 0.5}]",0.4,"train: all cultures; test: pure standards (different matrix, no cells)"
T1,native,cells_to_standards,all,analyte,F2.bg,pca_lr,macro_f1,0.081,0.0,0.1917,,,,,20,20,1000,590,default,"[{""fold"": ""cells->standards"", ""C"": 0.1, ""src"": ""default"", ""thr"": 0.5}]",0.4,"train: all cultures; test: pure standards (different matrix, no cells)"
T1,native,cells_to_standards,all,analyte,F2.bg,pca_lr,accuracy,0.15,0.0,0.3,0.05,,,,20,20,1000,590,default,"[{""fold"": ""cells->standards"", ""C"": 0.1, ""src"": ""default"", ""thr"": 0.5}]",0.4,"train: all cultures; test: pure standards (different matrix, no cells)"
T1,native,cells_to_standards,all,analyte,F2.bg,plsda,bal_acc,0.25,0.0833,0.385,0.05,,,,20,20,1000,590,default,"[{""fold"": ""cells->standards"", ""n"": 10, ""src"": ""default"", ""thr"": 0.5}]",0.25,"train: all cultures; test: pure standards (different matrix, no cells)"
T1,native,cells_to_standards,all,analyte,F2.bg,plsda,macro_f1,0.1583,0.0571,0.3167,,,,,20,20,1000,590,default,"[{""fold"": ""cells->standards"", ""n"": 10, ""src"": ""default"", ""thr"": 0.5}]",0.25,"train: all cultures; test: pure standards (different matrix, no cells)"
T1,native,cells_to_standards,all,analyte,F2.bg,plsda,accuracy,0.25,0.0988,0.45,0.05,,,,20,20,1000,590,default,"[{""fold"": ""cells->standards"", ""n"": 10, ""src"": ""default"", ""thr"": 0.5}]",0.25,"train: all cultures; test: pure standards (different matrix, no cells)"
T1,native,cells_to_standards,all,analyte,F2.bg,ncm,bal_acc,0.1,0.0,0.1818,0.05,,,,20,20,1000,590,fixed,"[{""fold"": ""cells->standards"", ""src"": ""fixed"", ""thr"": 0.5}]",0.18,"train: all cultures; test: pure standards (different matrix, no cells)"
T1,native,cells_to_standards,all,analyte,F2.bg,ncm,macro_f1,0.0667,0.0,0.1637,,,,,20,20,1000,590,fixed,"[{""fold"": ""cells->standards"", ""src"": ""fixed"", ""thr"": 0.5}]",0.18,"train: all cultures; test: pure standards (different matrix, no cells)"
T1,native,cells_to_standards,all,analyte,F2.bg,ncm,accuracy,0.1,0.0,0.25,0.05,,,,20,20,1000,590,fixed,"[{""fold"": ""cells->standards"", ""src"": ""fixed"", ""thr"": 0.5}]",0.18,"train: all cultures; test: pure standards (different matrix, no cells)"
T1,native,cells_to_standards,all,analyte,F2.bg,hgb,bal_acc,0.1,0.0,0.1818,0.05,,,,20,20,1000,590,fixed,"[{""fold"": ""cells->standards"", ""src"": ""fixed"", ""thr"": 0.5}]",43.41,"train: all cultures; test: pure standards (different matrix, no cells)"
T1,native,cells_to_standards,all,analyte,F2.bg,hgb,macro_f1,0.0405,0.0,0.1077,,,,,20,20,1000,590,fixed,"[{""fold"": ""cells->standards"", ""src"": ""fixed"", ""thr"": 0.5}]",43.41,"train: all cultures; test: pure standards (different matrix, no cells)"
T1,native,cells_to_standards,all,analyte,F2.bg,hgb,accuracy,0.1,0.0,0.25,0.05,,,,20,20,1000,590,fixed,"[{""fold"": ""cells->standards"", ""src"": ""fixed"", ""thr"": 0.5}]",43.41,"train: all cultures; test: pure standards (different matrix, no cells)"
T1,native,cells_to_standards,all,analyte,F2.bg,knn,bal_acc,0.2,0.0768,0.3333,0.05,,,,20,20,1000,590,default,"[{""fold"": ""cells->standards"", ""k"": 5, ""src"": ""default"", ""thr"": 0.5}]",0.19,"train: all cultures; test: pure standards (different matrix, no cells)"
T1,native,cells_to_standards,all,analyte,F2.bg,knn,macro_f1,0.1333,0.0444,0.2778,,,,,20,20,1000,590,default,"[{""fold"": ""cells->standards"", ""k"": 5, ""src"": ""default"", ""thr"": 0.5}]",0.19,"train: all cultures; test: pure standards (different matrix, no cells)"
T1,native,cells_to_standards,all,analyte,F2.bg,knn,accuracy,0.2,0.05,0.4,0.05,,,,20,20,1000,590,default,"[{""fold"": ""cells->standards"", ""k"": 5, ""src"": ""default"", ""thr"": 0.5}]",0.19,"train: all cultures; test: pure standards (different matrix, no cells)"
T1,native,cells_to_standards,all,analyte,F3.bg,majority,bal_acc,0.05,0.0,0.1,0.05,,,,20,20,1000,590,fixed,"[{""fold"": ""cells->standards"", ""src"": ""fixed"", ""thr"": 0.5}]",0.19,"train: all cultures; test: pure standards (different matrix, no cells)"
T1,native,cells_to_standards,all,analyte,F3.bg,majority,macro_f1,0.0048,0.0,0.0237,,,,,20,20,1000,590,fixed,"[{""fold"": ""cells->standards"", ""src"": ""fixed"", ""thr"": 0.5}]",0.19,"train: all cultures; test: pure standards (different matrix, no cells)"
T1,native,cells_to_standards,all,analyte,F3.bg,majority,accuracy,0.05,0.0,0.15,0.05,,,,20,20,1000,590,fixed,"[{""fold"": ""cells->standards"", ""src"": ""fixed"", ""thr"": 0.5}]",0.19,"train: all cultures; test: pure standards (different matrix, no cells)"
T1,native,cells_to_standards,all,analyte,F3.bg,lr,bal_acc,0.35,0.1667,0.5,0.05,,,,20,20,1000,590,default,"[{""fold"": ""cells->standards"", ""C"": 0.1, ""src"": ""default"", ""thr"": 0.5}]",0.86,"train: all cultures; test: pure standards (different matrix, no cells)"
T1,native,cells_to_standards,all,analyte,F3.bg,lr,macro_f1,0.2417,0.1245,0.4431,,,,,20,20,1000,590,default,"[{""fold"": ""cells->standards"", ""C"": 0.1, ""src"": ""default"", ""thr"": 0.5}]",0.86,"train: all cultures; test: pure standards (different matrix, no cells)"
T1,native,cells_to_standards,all,analyte,F3.bg,lr,accuracy,0.35,0.15,0.55,0.05,,,,20,20,1000,590,default,"[{""fold"": ""cells->standards"", ""C"": 0.1, ""src"": ""default"", ""thr"": 0.5}]",0.86,"train: all cultures; test: pure standards (different matrix, no cells)"
T1,native,cells_to_standards,all,analyte,F3.bg,pca_lr,bal_acc,0.3,0.1538,0.4615,0.05,,,,20,20,1000,590,default,"[{""fold"": ""cells->standards"", ""C"": 0.1, ""src"": ""default"", ""thr"": 0.5}]",0.56,"train: all cultures; test: pure standards (different matrix, no cells)"
T1,native,cells_to_standards,all,analyte,F3.bg,pca_lr,macro_f1,0.2333,0.1,0.4,,,,,20,20,1000,590,default,"[{""fold"": ""cells->standards"", ""C"": 0.1, ""src"": ""default"", ""thr"": 0.5}]",0.56,"train: all cultures; test: pure standards (different matrix, no cells)"
T1,native,cells_to_standards,all,analyte,F3.bg,pca_lr,accuracy,0.3,0.1,0.5,0.05,,,,20,20,1000,590,default,"[{""fold"": ""cells->standards"", ""C"": 0.1, ""src"": ""default"", ""thr"": 0.5}]",0.56,"train: all cultures; test: pure standards (different matrix, no cells)"
T1,native,cells_to_standards,all,analyte,F3.bg,plsda,bal_acc,0.2,0.0769,0.3333,0.05,,,,20,20,1000,590,default,"[{""fold"": ""cells->standards"", ""n"": 10, ""src"": ""default"", ""thr"": 0.5}]",0.27,"train: all cultures; test: pure standards (different matrix, no cells)"
T1,native,cells_to_standards,all,analyte,F3.bg,plsda,macro_f1,0.1333,0.0357,0.2667,,,,,20,20,1000,590,default,"[{""fold"": ""cells->standards"", ""n"": 10, ""src"": ""default"", ""thr"": 0.5}]",0.27,"train: all cultures; test: pure standards (different matrix, no cells)"
T1,native,cells_to_standards,all,analyte,F3.bg,plsda,accuracy,0.2,0.05,0.4,0.05,,,,20,20,1000,590,default,"[{""fold"": ""cells->standards"", ""n"": 10, ""src"": ""default"", ""thr"": 0.5}]",0.27,"train: all cultures; test: pure standards (different matrix, no cells)"
T1,native,cells_to_standards,all,analyte,F3.bg,ncm,bal_acc,0.25,0.0833,0.3846,0.05,,,,20,20,1000,590,fixed,"[{""fold"": ""cells->standards"", ""src"": ""fixed"", ""thr"": 0.5}]",0.19,"train: all cultures; test: pure standards (different matrix, no cells)"
T1,native,cells_to_standards,all,analyte,F3.bg,ncm,macro_f1,0.2,0.0769,0.3419,,,,,20,20,1000,590,fixed,"[{""fold"": ""cells->standards"", ""src"": ""fixed"", ""thr"": 0.5}]",0.19,"train: all cultures; test: pure standards (different matrix, no cells)"
T1,native,cells_to_standards,all,analyte,F3.bg,ncm,accuracy,0.25,0.0988,0.45,0.05,,,,20,20,1000,590,fixed,"[{""fold"": ""cells->standards"", ""src"": ""fixed"", ""thr"": 0.5}]",0.19,"train: all cultures; test: pure standards (different matrix, no cells)"
T1,native,cells_to_standards,all,analyte,F3.bg,hgb,bal_acc,0.2,0.0769,0.3333,0.05,,,,20,20,1000,590,fixed,"[{""fold"": ""cells->standards"", ""src"": ""fixed"", ""thr"": 0.5}]",47.12,"train: all cultures; test: pure standards (different matrix, no cells)"
T1,native,cells_to_standards,all,analyte,F3.bg,hgb,macro_f1,0.1833,0.0667,0.3167,,,,,20,20,1000,590,fixed,"[{""fold"": ""cells->standards"", ""src"": ""fixed"", ""thr"": 0.5}]",47.12,"train: all cultures; test: pure standards (different matrix, no cells)"
T1,native,cells_to_standards,all,analyte,F3.bg,hgb,accuracy,0.2,0.05,0.4,0.05,,,,20,20,1000,590,fixed,"[{""fold"": ""cells->standards"", ""src"": ""fixed"", ""thr"": 0.5}]",47.12,"train: all cultures; test: pure standards (different matrix, no cells)"
T1,native,cells_to_standards,all,analyte,F3.bg,knn,bal_acc,0.3,0.1536,0.4545,0.05,,,,20,20,1000,590,default,"[{""fold"": ""cells->standards"", ""k"": 5, ""src"": ""default"", ""thr"": 0.5}]",0.2,"train: all cultures; test: pure standards (different matrix, no cells)"
T1,native,cells_to_standards,all,analyte,F3.bg,knn,macro_f1,0.2167,0.0909,0.394,,,,,20,20,1000,590,default,"[{""fold"": ""cells->standards"", ""k"": 5, ""src"": ""default"", ""thr"": 0.5}]",0.2,"train: all cultures; test: pure standards (different matrix, no cells)"
T1,native,cells_to_standards,all,analyte,F3.bg,knn,accuracy,0.3,0.1,0.5,0.05,,,,20,20,1000,590,default,"[{""fold"": ""cells->standards"", ""k"": 5, ""src"": ""default"", ""thr"": 0.5}]",0.2,"train: all cultures; test: pure standards (different matrix, no cells)"
T1,native,cells_to_standards,all,analyte,F3.d1,majority,bal_acc,0.05,0.0,0.1,0.05,,,,20,20,1000,590,fixed,"[{""fold"": ""cells->standards"", ""src"": ""fixed"", ""thr"": 0.5}]",0.18,"train: all cultures; test: pure standards (different matrix, no cells)"
T1,native,cells_to_standards,all,analyte,F3.d1,majority,macro_f1,0.0048,0.0,0.0237,,,,,20,20,1000,590,fixed,"[{""fold"": ""cells->standards"", ""src"": ""fixed"", ""thr"": 0.5}]",0.18,"train: all cultures; test: pure standards (different matrix, no cells)"
T1,native,cells_to_standards,all,analyte,F3.d1,majority,accuracy,0.05,0.0,0.15,0.05,,,,20,20,1000,590,fixed,"[{""fold"": ""cells->standards"", ""src"": ""fixed"", ""thr"": 0.5}]",0.18,"train: all cultures; test: pure standards (different matrix, no cells)"
T1,native,cells_to_standards,all,analyte,F3.d1,lr,bal_acc,0.2,0.0714,0.3333,0.05,,,,20,20,1000,590,default,"[{""fold"": ""cells->standards"", ""C"": 0.1, ""src"": ""default"", ""thr"": 0.5}]",0.98,"train: all cultures; test: pure standards (different matrix, no cells)"
T1,native,cells_to_standards,all,analyte,F3.d1,lr,macro_f1,0.1158,0.0192,0.25,,,,,20,20,1000,590,default,"[{""fold"": ""cells->standards"", ""C"": 0.1, ""src"": ""default"", ""thr"": 0.5}]",0.98,"train: all cultures; test: pure standards (different matrix, no cells)"
T1,native,cells_to_standards,all,analyte,F3.d1,lr,accuracy,0.2,0.05,0.4,0.05,,,,20,20,1000,590,default,"[{""fold"": ""cells->standards"", ""C"": 0.1, ""src"": ""default"", ""thr"": 0.5}]",0.98,"train: all cultures; test: pure standards (different matrix, no cells)"
T1,native,cells_to_standards,all,analyte,F3.d1,pca_lr,bal_acc,0.15,0.0,0.25,0.05,,,,20,20,1000,590,default,"[{""fold"": ""cells->standards"", ""C"": 0.1, ""src"": ""default"", ""thr"": 0.5}]",0.36,"train: all cultures; test: pure standards (different matrix, no cells)"
T1,native,cells_to_standards,all,analyte,F3.d1,pca_lr,macro_f1,0.125,0.0,0.25,,,,,20,20,1000,590,default,"[{""fold"": ""cells->standards"", ""C"": 0.1, ""src"": ""default"", ""thr"": 0.5}]",0.36,"train: all cultures; test: pure standards (different matrix, no cells)"
T1,native,cells_to_standards,all,analyte,F3.d1,pca_lr,accuracy,0.15,0.0,0.3,0.05,,,,20,20,1000,590,default,"[{""fold"": ""cells->standards"", ""C"": 0.1, ""src"": ""default"", ""thr"": 0.5}]",0.36,"train: all cultures; test: pure standards (different matrix, no cells)"
T1,native,cells_to_standards,all,analyte,F3.d1,plsda,bal_acc,0.1,0.0,0.1818,0.05,,,,20,20,1000,590,default,"[{""fold"": ""cells->standards"", ""n"": 10, ""src"": ""default"", ""thr"": 0.5}]",0.28,"train: all cultures; test: pure standards (different matrix, no cells)"
T1,native,cells_to_standards,all,analyte,F3.d1,plsda,macro_f1,0.0567,0.0,0.1137,,,,,20,20,1000,590,default,"[{""fold"": ""cells->standards"", ""n"": 10, ""src"": ""default"", ""thr"": 0.5}]",0.28,"train: all cultures; test: pure standards (different matrix, no cells)"
T1,native,cells_to_standards,all,analyte,F3.d1,plsda,accuracy,0.1,0.0,0.25,0.05,,,,20,20,1000,590,default,"[{""fold"": ""cells->standards"", ""n"": 10, ""src"": ""default"", ""thr"": 0.5}]",0.28,"train: all cultures; test: pure standards (different matrix, no cells)"
T1,native,cells_to_standards,all,analyte,F3.d1,ncm,bal_acc,0.1,0.0,0.1818,0.05,,,,20,20,1000,590,fixed,"[{""fold"": ""cells->standards"", ""src"": ""fixed"", ""thr"": 0.5}]",0.2,"train: all cultures; test: pure standards (different matrix, no cells)"
T1,native,cells_to_standards,all,analyte,F3.d1,ncm,macro_f1,0.0567,0.0,0.1143,,,,,20,20,1000,590,fixed,"[{""fold"": ""cells->standards"", ""src"": ""fixed"", ""thr"": 0.5}]",0.2,"train: all cultures; test: pure standards (different matrix, no cells)"
T1,native,cells_to_standards,all,analyte,F3.d1,ncm,accuracy,0.1,0.0,0.25,0.05,,,,20,20,1000,590,fixed,"[{""fold"": ""cells->standards"", ""src"": ""fixed"", ""thr"": 0.5}]",0.2,"train: all cultures; test: pure standards (different matrix, no cells)"
T1,native,cells_to_standards,all,analyte,F3.d1,hgb,bal_acc,0.15,0.0,0.25,0.05,,,,20,20,1000,590,fixed,"[{""fold"": ""cells->standards"", ""src"": ""fixed"", ""thr"": 0.5}]",48.16,"train: all cultures; test: pure standards (different matrix, no cells)"
T1,native,cells_to_standards,all,analyte,F3.d1,hgb,macro_f1,0.125,0.0,0.25,,,,,20,20,1000,590,fixed,"[{""fold"": ""cells->standards"", ""src"": ""fixed"", ""thr"": 0.5}]",48.16,"train: all cultures; test: pure standards (different matrix, no cells)"
T1,native,cells_to_standards,all,analyte,F3.d1,hgb,accuracy,0.15,0.0,0.3,0.05,,,,20,20,1000,590,fixed,"[{""fold"": ""cells->standards"", ""src"": ""fixed"", ""thr"": 0.5}]",48.16,"train: all cultures; test: pure standards (different matrix, no cells)"
T1,native,cells_to_standards,all,analyte,F3.d1,knn,bal_acc,0.15,0.0,0.25,0.05,,,,20,20,1000,590,default,"[{""fold"": ""cells->standards"", ""k"": 5, ""src"": ""default"", ""thr"": 0.5}]",0.29,"train: all cultures; test: pure standards (different matrix, no cells)"
T1,native,cells_to_standards,all,analyte,F3.d1,knn,macro_f1,0.091,0.0,0.1945,,,,,20,20,1000,590,default,"[{""fold"": ""cells->standards"", ""k"": 5, ""src"": ""default"", ""thr"": 0.5}]",0.29,"train: all cultures; test: pure standards (different matrix, no cells)"
T1,native,cells_to_standards,all,analyte,F3.d1,knn,accuracy,0.15,0.0,0.3,0.05,,,,20,20,1000,590,default,"[{""fold"": ""cells->standards"", ""k"": 5, ""src"": ""default"", ""thr"": 0.5}]",0.29,"train: all cultures; test: pure standards (different matrix, no cells)"
T1,native,cells_to_standards,all,analyte,F3.snv,majority,bal_acc,0.05,0.0,0.1,0.05,,,,20,20,1000,590,fixed,"[{""fold"": ""cells->standards"", ""src"": ""fixed"", ""thr"": 0.5}]",0.19,"train: all cultures; test: pure standards (different matrix, no cells)"
T1,native,cells_to_standards,all,analyte,F3.snv,majority,macro_f1,0.0048,0.0,0.0237,,,,,20,20,1000,590,fixed,"[{""fold"": ""cells->standards"", ""src"": ""fixed"", ""thr"": 0.5}]",0.19,"train: all cultures; test: pure standards (different matrix, no cells)"
T1,native,cells_to_standards,all,analyte,F3.snv,majority,accuracy,0.05,0.0,0.15,0.05,,,,20,20,1000,590,fixed,"[{""fold"": ""cells->standards"", ""src"": ""fixed"", ""thr"": 0.5}]",0.19,"train: all cultures; test: pure standards (different matrix, no cells)"
T1,native,cells_to_standards,all,analyte,F3.snv,lr,bal_acc,0.2,0.0769,0.3333,0.05,,,,20,20,1000,590,default,"[{""fold"": ""cells->standards"", ""C"": 0.1, ""src"": ""default"", ""thr"": 0.5}]",1.38,"train: all cultures; test: pure standards (different matrix, no cells)"
T1,native,cells_to_standards,all,analyte,F3.snv,lr,macro_f1,0.1375,0.022,0.2663,,,,,20,20,1000,590,default,"[{""fold"": ""cells->standards"", ""C"": 0.1, ""src"": ""default"", ""thr"": 0.5}]",1.38,"train: all cultures; test: pure standards (different matrix, no cells)"
T1,native,cells_to_standards,all,analyte,F3.snv,lr,accuracy,0.2,0.05,0.4,0.05,,,,20,20,1000,590,default,"[{""fold"": ""cells->standards"", ""C"": 0.1, ""src"": ""default"", ""thr"": 0.5}]",1.38,"train: all cultures; test: pure standards (different matrix, no cells)"
T1,native,cells_to_standards,all,analyte,F3.snv,pca_lr,bal_acc,0.2,0.0769,0.3333,0.05,,,,20,20,1000,590,default,"[{""fold"": ""cells->standards"", ""C"": 0.1, ""src"": ""default"", ""thr"": 0.5}]",0.41,"train: all cultures; test: pure standards (different matrix, no cells)"
T1,native,cells_to_standards,all,analyte,F3.snv,pca_lr,macro_f1,0.175,0.0571,0.3077,,,,,20,20,1000,590,default,"[{""fold"": ""cells->standards"", ""C"": 0.1, ""src"": ""default"", ""thr"": 0.5}]",0.41,"train: all cultures; test: pure standards (different matrix, no cells)"
T1,native,cells_to_standards,all,analyte,F3.snv,pca_lr,accuracy,0.2,0.05,0.35,0.05,,,,20,20,1000,590,default,"[{""fold"": ""cells->standards"", ""C"": 0.1, ""src"": ""default"", ""thr"": 0.5}]",0.41,"train: all cultures; test: pure standards (different matrix, no cells)"
T1,native,cells_to_standards,all,analyte,F3.snv,plsda,bal_acc,0.2,0.0769,0.3333,0.05,,,,20,20,1000,590,default,"[{""fold"": ""cells->standards"", ""n"": 10, ""src"": ""default"", ""thr"": 0.5}]",0.26,"train: all cultures; test: pure standards (different matrix, no cells)"
T1,native,cells_to_standards,all,analyte,F3.snv,plsda,macro_f1,0.1111,0.0202,0.2411,,,,,20,20,1000,590,default,"[{""fold"": ""cells->standards"", ""n"": 10, ""src"": ""default"", ""thr"": 0.5}]",0.26,"train: all cultures; test: pure standards (different matrix, no cells)"
T1,native,cells_to_standards,all,analyte,F3.snv,plsda,accuracy,0.2,0.05,0.35,0.05,,,,20,20,1000,590,default,"[{""fold"": ""cells->standards"", ""n"": 10, ""src"": ""default"", ""thr"": 0.5}]",0.26,"train: all cultures; test: pure standards (different matrix, no cells)"
T1,native,cells_to_standards,all,analyte,F3.snv,ncm,bal_acc,0.15,0.0,0.25,0.05,,,,20,20,1000,590,fixed,"[{""fold"": ""cells->standards"", ""src"": ""fixed"", ""thr"": 0.5}]",0.19,"train: all cultures; test: pure standards (different matrix, no cells)"
T1,native,cells_to_standards,all,analyte,F3.snv,ncm,macro_f1,0.0702,0.0,0.1524,,,,,20,20,1000,590,fixed,"[{""fold"": ""cells->standards"", ""src"": ""fixed"", ""thr"": 0.5}]",0.19,"train: all cultures; test: pure standards (different matrix, no cells)"
T1,native,cells_to_standards,all,analyte,F3.snv,ncm,accuracy,0.15,0.0,0.3,0.05,,,,20,20,1000,590,fixed,"[{""fold"": ""cells->standards"", ""src"": ""fixed"", ""thr"": 0.5}]",0.19,"train: all cultures; test: pure standards (different matrix, no cells)"
T1,native,cells_to_standards,all,analyte,F3.snv,hgb,bal_acc,0.25,0.0833,0.3846,0.05,,,,20,20,1000,590,fixed,"[{""fold"": ""cells->standards"", ""src"": ""fixed"", ""thr"": 0.5}]",37.97,"train: all cultures; test: pure standards (different matrix, no cells)"
T1,native,cells_to_standards,all,analyte,F3.snv,hgb,macro_f1,0.175,0.0606,0.3334,,,,,20,20,1000,590,fixed,"[{""fold"": ""cells->standards"", ""src"": ""fixed"", ""thr"": 0.5}]",37.97,"train: all cultures; test: pure standards (different matrix, no cells)"
T1,native,cells_to_standards,all,analyte,F3.snv,hgb,accuracy,0.25,0.05,0.45,0.05,,,,20,20,1000,590,fixed,"[{""fold"": ""cells->standards"", ""src"": ""fixed"", ""thr"": 0.5}]",37.97,"train: all cultures; test: pure standards (different matrix, no cells)"
T1,native,cells_to_standards,all,analyte,F3.snv,knn,bal_acc,0.2,0.0714,0.3333,0.05,,,,20,20,1000,590,default,"[{""fold"": ""cells->standards"", ""k"": 5, ""src"": ""default"", ""thr"": 0.5}]",0.33,"train: all cultures; test: pure standards (different matrix, no cells)"
T1,native,cells_to_standards,all,analyte,F3.snv,knn,macro_f1,0.1083,0.0227,0.2372,,,,,20,20,1000,590,default,"[{""fold"": ""cells->standards"", ""k"": 5, ""src"": ""default"", ""thr"": 0.5}]",0.33,"train: all cultures; test: pure standards (different matrix, no cells)"
T1,native,cells_to_standards,all,analyte,F3.snv,knn,accuracy,0.2,0.05,0.4,0.05,,,,20,20,1000,590,default,"[{""fold"": ""cells->standards"", ""k"": 5, ""src"": ""default"", ""thr"": 0.5}]",0.33,"train: all cultures; test: pure standards (different matrix, no cells)"
T1,native,cells_to_standards,all,analyte,F3.bg.d1,majority,bal_acc,0.05,0.0,0.1,0.05,,,,20,20,1000,590,fixed,"[{""fold"": ""cells->standards"", ""src"": ""fixed"", ""thr"": 0.5}]",0.19,"train: all cultures; test: pure standards (different matrix, no cells)"
T1,native,cells_to_standards,all,analyte,F3.bg.d1,majority,macro_f1,0.0048,0.0,0.0237,,,,,20,20,1000,590,fixed,"[{""fold"": ""cells->standards"", ""src"": ""fixed"", ""thr"": 0.5}]",0.19,"train: all cultures; test: pure standards (different matrix, no cells)"
T1,native,cells_to_standards,all,analyte,F3.bg.d1,majority,accuracy,0.05,0.0,0.15,0.05,,,,20,20,1000,590,fixed,"[{""fold"": ""cells->standards"", ""src"": ""fixed"", ""thr"": 0.5}]",0.19,"train: all cultures; test: pure standards (different matrix, no cells)"
T1,native,cells_to_standards,all,analyte,F3.bg.d1,lr,bal_acc,0.2,0.0768,0.3333,0.05,,,,20,20,1000,590,default,"[{""fold"": ""cells->standards"", ""C"": 0.1, ""src"": ""default"", ""thr"": 0.5}]",0.71,"train: all cultures; test: pure standards (different matrix, no cells)"
T1,native,cells_to_standards,all,analyte,F3.bg.d1,lr,macro_f1,0.1833,0.0667,0.3167,,,,,20,20,1000,590,default,"[{""fold"": ""cells->standards"", ""C"": 0.1, ""src"": ""default"", ""thr"": 0.5}]",0.71,"train: all cultures; test: pure standards (different matrix, no cells)"
T1,native,cells_to_standards,all,analyte,F3.bg.d1,lr,accuracy,0.2,0.05,0.4,0.05,,,,20,20,1000,590,default,"[{""fold"": ""cells->standards"", ""C"": 0.1, ""src"": ""default"", ""thr"": 0.5}]",0.71,"train: all cultures; test: pure standards (different matrix, no cells)"
T1,native,cells_to_standards,all,analyte,F3.bg.d1,pca_lr,bal_acc,0.25,0.0833,0.3846,0.05,,,,20,20,1000,590,default,"[{""fold"": ""cells->standards"", ""C"": 0.1, ""src"": ""default"", ""thr"": 0.5}]",0.35,"train: all cultures; test: pure standards (different matrix, no cells)"
T1,native,cells_to_standards,all,analyte,F3.bg.d1,pca_lr,macro_f1,0.2333,0.0833,0.3846,,,,,20,20,1000,590,default,"[{""fold"": ""cells->standards"", ""C"": 0.1, ""src"": ""default"", ""thr"": 0.5}]",0.35,"train: all cultures; test: pure standards (different matrix, no cells)"
T1,native,cells_to_standards,all,analyte,F3.bg.d1,pca_lr,accuracy,0.25,0.05,0.45,0.05,,,,20,20,1000,590,default,"[{""fold"": ""cells->standards"", ""C"": 0.1, ""src"": ""default"", ""thr"": 0.5}]",0.35,"train: all cultures; test: pure standards (different matrix, no cells)"
T1,native,cells_to_standards,all,analyte,F3.bg.d1,plsda,bal_acc,0.2,0.0769,0.3333,0.05,,,,20,20,1000,590,default,"[{""fold"": ""cells->standards"", ""n"": 10, ""src"": ""default"", ""thr"": 0.5}]",0.26,"train: all cultures; test: pure standards (different matrix, no cells)"
T1,native,cells_to_standards,all,analyte,F3.bg.d1,plsda,macro_f1,0.1283,0.0308,0.2636,,,,,20,20,1000,590,default,"[{""fold"": ""cells->standards"", ""n"": 10, ""src"": ""default"", ""thr"": 0.5}]",0.26,"train: all cultures; test: pure standards (different matrix, no cells)"
T1,native,cells_to_standards,all,analyte,F3.bg.d1,plsda,accuracy,0.2,0.05,0.4,0.05,,,,20,20,1000,590,default,"[{""fold"": ""cells->standards"", ""n"": 10, ""src"": ""default"", ""thr"": 0.5}]",0.26,"train: all cultures; test: pure standards (different matrix, no cells)"
T1,native,cells_to_standards,all,analyte,F3.bg.d1,ncm,bal_acc,0.25,0.0833,0.3846,0.05,,,,20,20,1000,590,fixed,"[{""fold"": ""cells->standards"", ""src"": ""fixed"", ""thr"": 0.5}]",0.2,"train: all cultures; test: pure standards (different matrix, no cells)"
T1,native,cells_to_standards,all,analyte,F3.bg.d1,ncm,macro_f1,0.2167,0.0833,0.3655,,,,,20,20,1000,590,fixed,"[{""fold"": ""cells->standards"", ""src"": ""fixed"", ""thr"": 0.5}]",0.2,"train: all cultures; test: pure standards (different matrix, no cells)"
T1,native,cells_to_standards,all,analyte,F3.bg.d1,ncm,accuracy,0.25,0.05,0.45,0.05,,,,20,20,1000,590,fixed,"[{""fold"": ""cells->standards"", ""src"": ""fixed"", ""thr"": 0.5}]",0.2,"train: all cultures; test: pure standards (different matrix, no cells)"
T1,native,cells_to_standards,all,analyte,F3.bg.d1,hgb,bal_acc,0.1,0.0,0.1818,0.05,,,,20,20,1000,590,fixed,"[{""fold"": ""cells->standards"", ""src"": ""fixed"", ""thr"": 0.5}]",37.55,"train: all cultures; test: pure standards (different matrix, no cells)"
T1,native,cells_to_standards,all,analyte,F3.bg.d1,hgb,macro_f1,0.1,0.0,0.1818,,,,,20,20,1000,590,fixed,"[{""fold"": ""cells->standards"", ""src"": ""fixed"", ""thr"": 0.5}]",37.55,"train: all cultures; test: pure standards (different matrix, no cells)"
T1,native,cells_to_standards,all,analyte,F3.bg.d1,hgb,accuracy,0.1,0.0,0.25,0.05,,,,20,20,1000,590,fixed,"[{""fold"": ""cells->standards"", ""src"": ""fixed"", ""thr"": 0.5}]",37.55,"train: all cultures; test: pure standards (different matrix, no cells)"
T1,native,cells_to_standards,all,analyte,F3.bg.d1,knn,bal_acc,0.2,0.0714,0.3333,0.05,,,,20,20,1000,590,default,"[{""fold"": ""cells->standards"", ""k"": 5, ""src"": ""default"", ""thr"": 0.5}]",0.27,"train: all cultures; test: pure standards (different matrix, no cells)"
T1,native,cells_to_standards,all,analyte,F3.bg.d1,knn,macro_f1,0.1667,0.0476,0.3056,,,,,20,20,1000,590,default,"[{""fold"": ""cells->standards"", ""k"": 5, ""src"": ""default"", ""thr"": 0.5}]",0.27,"train: all cultures; test: pure standards (different matrix, no cells)"
T1,native,cells_to_standards,all,analyte,F3.bg.d1,knn,accuracy,0.2,0.05,0.4,0.05,,,,20,20,1000,590,default,"[{""fold"": ""cells->standards"", ""k"": 5, ""src"": ""default"", ""thr"": 0.5}]",0.27,"train: all cultures; test: pure standards (different matrix, no cells)"
