task,variant,scheme,test_set,label,feature,model,metric,value,ci_lo,ci_hi,chance,p_perm,n_perm,perm_null_mean,n_test,n_test_groups,n_boot_ok,n_train,hp_source,hp,seconds,note
T2,native,lpo:all,all,fg_carboxylic_acid,F1,majority,auroc,0.5,0.5,0.5,0.5,,,,619,26,1000,,inner_cv(per fold),"{""{}"": 105}",0.37,21 positive x 5 negative analytes
T2,native,lpo:all,all,fg_carboxylic_acid,F1,majority,auroc_spectra,0.5,0.5,0.5,0.5,,,,619,26,1000,,inner_cv(per fold),"{""{}"": 105}",0.37,21 positive x 5 negative analytes
T2,native,lpo:all,all,fg_carboxylic_acid,F1,lr,auroc,0.9143,0.7807,1.0,0.5,0.007,1000,0.5069,619,26,1000,,inner_cv(per fold),"{""{'C': 1.0}"": 32, ""{'C': 10.0}"": 49, ""{'C': 0.01}"": 16, ""{'C': 0.1}"": 8}",9.66,21 positive x 5 negative analytes
T2,native,lpo:all,all,fg_carboxylic_acid,F1,lr,auroc_spectra,0.8549,0.7019,0.9871,0.5,,,,619,26,1000,,inner_cv(per fold),"{""{'C': 1.0}"": 32, ""{'C': 10.0}"": 49, ""{'C': 0.01}"": 16, ""{'C': 0.1}"": 8}",9.66,21 positive x 5 negative analytes
T2,native,lpo:all,all,fg_carboxylic_acid,F1,pca_lr,auroc,0.9333,0.819,1.0,0.5,,,,619,26,1000,,inner_cv(per fold),"{""{'C': 0.01}"": 22, ""{'C': 1.0}"": 28, ""{'C': 10.0}"": 52, ""{'C': 0.1}"": 3}",9.68,21 positive x 5 negative analytes
T2,native,lpo:all,all,fg_carboxylic_acid,F1,pca_lr,auroc_spectra,0.8611,0.7149,0.996,0.5,,,,619,26,1000,,inner_cv(per fold),"{""{'C': 0.01}"": 22, ""{'C': 1.0}"": 28, ""{'C': 10.0}"": 52, ""{'C': 0.1}"": 3}",9.68,21 positive x 5 negative analytes
T2,native,lpo:all,all,fg_carboxylic_acid,F1,plsda,auroc,0.9238,0.8095,1.0,0.5,,,,619,26,1000,,inner_cv(per fold),"{""{'n': 10}"": 29, ""{'n': 2}"": 40, ""{'n': 5}"": 35, ""{'n': 15}"": 1}",4.33,21 positive x 5 negative analytes
T2,native,lpo:all,all,fg_carboxylic_acid,F1,plsda,auroc_spectra,0.8961,0.7986,0.9821,0.5,,,,619,26,1000,,inner_cv(per fold),"{""{'n': 10}"": 29, ""{'n': 2}"": 40, ""{'n': 5}"": 35, ""{'n': 15}"": 1}",4.33,21 positive x 5 negative analytes
T2,native,lpo:all,all,fg_carboxylic_acid,F1,ncm,auroc,0.8476,0.6571,1.0,0.5,,,,619,26,1000,,inner_cv(per fold),"{""{}"": 105}",0.37,21 positive x 5 negative analytes
T2,native,lpo:all,all,fg_carboxylic_acid,F1,ncm,auroc_spectra,0.846,0.6748,0.9937,0.5,,,,619,26,1000,,inner_cv(per fold),"{""{}"": 105}",0.37,21 positive x 5 negative analytes
T2,native,lpo:all,all,fg_carboxylic_acid,F1,hgb,auroc,0.9095,0.7714,1.0,0.5,,,,619,26,1000,,inner_cv(per fold),"{""{}"": 105}",9.11,21 positive x 5 negative analytes
T2,native,lpo:all,all,fg_carboxylic_acid,F1,hgb,auroc_spectra,0.8806,0.7447,0.9911,0.5,,,,619,26,1000,,inner_cv(per fold),"{""{}"": 105}",9.11,21 positive x 5 negative analytes
T2,native,lpo:all,all,fg_carboxylic_acid,F1,knn,auroc,0.7952,0.5856,1.0,0.5,,,,619,26,1000,,inner_cv(per fold),"{""{'k': 3}"": 24, ""{'k': 10}"": 21, ""{'k': 1}"": 60}",3.12,21 positive x 5 negative analytes
T2,native,lpo:all,all,fg_carboxylic_acid,F1,knn,auroc_spectra,0.8045,0.6083,1.0,0.5,,,,619,26,1000,,inner_cv(per fold),"{""{'k': 3}"": 24, ""{'k': 10}"": 21, ""{'k': 1}"": 60}",3.12,21 positive x 5 negative analytes
T2,native,lpo:all,all,fg_carboxylic_acid,F1pos,majority,auroc,0.5,0.5,0.5,0.5,,,,619,26,1000,,inner_cv(per fold),"{""{}"": 105}",0.43,21 positive x 5 negative analytes
T2,native,lpo:all,all,fg_carboxylic_acid,F1pos,majority,auroc_spectra,0.5,0.5,0.5,0.5,,,,619,26,1000,,inner_cv(per fold),"{""{}"": 105}",0.43,21 positive x 5 negative analytes
T2,native,lpo:all,all,fg_carboxylic_acid,F1pos,lr,auroc,0.8952,0.6857,1.0,0.5,,,,619,26,1000,,inner_cv(per fold),"{""{'C': 1.0}"": 40, ""{'C': 10.0}"": 60, ""{'C': 0.1}"": 3, ""{'C': 0.01}"": 2}",6.1,21 positive x 5 negative analytes
T2,native,lpo:all,all,fg_carboxylic_acid,F1pos,lr,auroc_spectra,0.8969,0.7377,1.0,0.5,,,,619,26,1000,,inner_cv(per fold),"{""{'C': 1.0}"": 40, ""{'C': 10.0}"": 60, ""{'C': 0.1}"": 3, ""{'C': 0.01}"": 2}",6.1,21 positive x 5 negative analytes
T2,native,lpo:all,all,fg_carboxylic_acid,F1pos,pca_lr,auroc,0.9048,0.7617,1.0,0.5,,,,619,26,1000,,inner_cv(per fold),"{""{'C': 0.01}"": 23, ""{'C': 10.0}"": 48, ""{'C': 1.0}"": 28, ""{'C': 0.1}"": 6}",10.01,21 positive x 5 negative analytes
T2,native,lpo:all,all,fg_carboxylic_acid,F1pos,pca_lr,auroc_spectra,0.8962,0.7769,0.9885,0.5,,,,619,26,1000,,inner_cv(per fold),"{""{'C': 0.01}"": 23, ""{'C': 10.0}"": 48, ""{'C': 1.0}"": 28, ""{'C': 0.1}"": 6}",10.01,21 positive x 5 negative analytes
T2,native,lpo:all,all,fg_carboxylic_acid,F1pos,plsda,auroc,0.8476,0.5429,1.0,0.5,,,,619,26,1000,,inner_cv(per fold),"{""{'n': 2}"": 57, ""{'n': 10}"": 23, ""{'n': 15}"": 14, ""{'n': 5}"": 11}",4.36,21 positive x 5 negative analytes
T2,native,lpo:all,all,fg_carboxylic_acid,F1pos,plsda,auroc_spectra,0.8791,0.7377,0.9876,0.5,,,,619,26,1000,,inner_cv(per fold),"{""{'n': 2}"": 57, ""{'n': 10}"": 23, ""{'n': 15}"": 14, ""{'n': 5}"": 11}",4.36,21 positive x 5 negative analytes
T2,native,lpo:all,all,fg_carboxylic_acid,F1pos,ncm,auroc,0.9619,0.885,1.0,0.5,,,,619,26,1000,,inner_cv(per fold),"{""{}"": 105}",0.39,21 positive x 5 negative analytes
T2,native,lpo:all,all,fg_carboxylic_acid,F1pos,ncm,auroc_spectra,0.9413,0.8476,0.9997,0.5,,,,619,26,1000,,inner_cv(per fold),"{""{}"": 105}",0.39,21 positive x 5 negative analytes
T2,native,lpo:all,all,fg_carboxylic_acid,F1pos,hgb,auroc,0.819,0.6095,0.9714,0.5,,,,619,26,1000,,inner_cv(per fold),"{""{}"": 105}",10.16,21 positive x 5 negative analytes
T2,native,lpo:all,all,fg_carboxylic_acid,F1pos,hgb,auroc_spectra,0.8801,0.7561,0.975,0.5,,,,619,26,1000,,inner_cv(per fold),"{""{}"": 105}",10.16,21 positive x 5 negative analytes
T2,native,lpo:all,all,fg_carboxylic_acid,F1pos,knn,auroc,0.6714,0.4571,0.9,0.5,,,,619,26,1000,,inner_cv(per fold),"{""{'k': 1}"": 77, ""{'k': 10}"": 5, ""{'k': 3}"": 23}",3.22,21 positive x 5 negative analytes
T2,native,lpo:all,all,fg_carboxylic_acid,F1pos,knn,auroc_spectra,0.6803,0.4707,0.8998,0.5,,,,619,26,1000,,inner_cv(per fold),"{""{'k': 1}"": 77, ""{'k': 10}"": 5, ""{'k': 3}"": 23}",3.22,21 positive x 5 negative analytes
T2,native,lpo:all,all,fg_carboxylic_acid,F2,majority,auroc,0.5,0.5,0.5,0.5,,,,619,26,1000,,inner_cv(per fold),"{""{}"": 105}",0.44,21 positive x 5 negative analytes
T2,native,lpo:all,all,fg_carboxylic_acid,F2,majority,auroc_spectra,0.5,0.5,0.5,0.5,,,,619,26,1000,,inner_cv(per fold),"{""{}"": 105}",0.44,21 positive x 5 negative analytes
T2,native,lpo:all,all,fg_carboxylic_acid,F2,lr,auroc,0.7048,0.381,0.9714,0.5,,,,619,26,1000,,inner_cv(per fold),"{""{'C': 10.0}"": 54, ""{'C': 0.01}"": 18, ""{'C': 0.1}"": 19, ""{'C': 1.0}"": 14}",26.07,21 positive x 5 negative analytes
T2,native,lpo:all,all,fg_carboxylic_acid,F2,lr,auroc_spectra,0.6743,0.4277,0.9316,0.5,,,,619,26,1000,,inner_cv(per fold),"{""{'C': 10.0}"": 54, ""{'C': 0.01}"": 18, ""{'C': 0.1}"": 19, ""{'C': 1.0}"": 14}",26.07,21 positive x 5 negative analytes
T2,native,lpo:all,all,fg_carboxylic_acid,F2,pca_lr,auroc,0.7143,0.3521,0.981,0.5,,,,619,26,1000,,inner_cv(per fold),"{""{'C': 10.0}"": 34, ""{'C': 0.01}"": 48, ""{'C': 0.1}"": 10, ""{'C': 1.0}"": 13}",71.24,21 positive x 5 negative analytes
T2,native,lpo:all,all,fg_carboxylic_acid,F2,pca_lr,auroc_spectra,0.6678,0.3803,0.9405,0.5,,,,619,26,1000,,inner_cv(per fold),"{""{'C': 10.0}"": 34, ""{'C': 0.01}"": 48, ""{'C': 0.1}"": 10, ""{'C': 1.0}"": 13}",71.24,21 positive x 5 negative analytes
T2,native,lpo:all,all,fg_carboxylic_acid,F2,plsda,auroc,0.7619,0.476,1.0,0.5,,,,619,26,1000,,inner_cv(per fold),"{""{'n': 5}"": 22, ""{'n': 2}"": 35, ""{'n': 10}"": 40, ""{'n': 15}"": 8}",40.75,21 positive x 5 negative analytes
T2,native,lpo:all,all,fg_carboxylic_acid,F2,plsda,auroc_spectra,0.7491,0.5621,0.9333,0.5,,,,619,26,1000,,inner_cv(per fold),"{""{'n': 5}"": 22, ""{'n': 2}"": 35, ""{'n': 10}"": 40, ""{'n': 15}"": 8}",40.75,21 positive x 5 negative analytes
T2,native,lpo:all,all,fg_carboxylic_acid,F2,ncm,auroc,0.8095,0.5143,0.9905,0.5,,,,619,26,1000,,inner_cv(per fold),"{""{}"": 105}",0.95,21 positive x 5 negative analytes
T2,native,lpo:all,all,fg_carboxylic_acid,F2,ncm,auroc_spectra,0.7937,0.5794,0.96,0.5,,,,619,26,1000,,inner_cv(per fold),"{""{}"": 105}",0.95,21 positive x 5 negative analytes
T2,native,lpo:all,all,fg_carboxylic_acid,F2,hgb,auroc,0.7905,0.4998,0.9905,0.5,,,,619,26,1000,,inner_cv(per fold),"{""{}"": 105}",179.47,21 positive x 5 negative analytes
T2,native,lpo:all,all,fg_carboxylic_acid,F2,hgb,auroc_spectra,0.8117,0.5828,0.9778,0.5,,,,619,26,1000,,inner_cv(per fold),"{""{}"": 105}",179.47,21 positive x 5 negative analytes
T2,native,lpo:all,all,fg_carboxylic_acid,F2,knn,auroc,0.7952,0.5951,1.0,0.5,,,,619,26,1000,,inner_cv(per fold),"{""{'k': 3}"": 12, ""{'k': 1}"": 58, ""{'k': 5}"": 25, ""{'k': 10}"": 10}",8.38,21 positive x 5 negative analytes
T2,native,lpo:all,all,fg_carboxylic_acid,F2,knn,auroc_spectra,0.7948,0.5938,0.9946,0.5,,,,619,26,1000,,inner_cv(per fold),"{""{'k': 3}"": 12, ""{'k': 1}"": 58, ""{'k': 5}"": 25, ""{'k': 10}"": 10}",8.38,21 positive x 5 negative analytes
T2,native,lpo:all,all,fg_carboxylic_acid,F3,majority,auroc,0.5,0.5,0.5,0.5,,,,619,26,1000,,inner_cv(per fold),"{""{}"": 105}",0.49,21 positive x 5 negative analytes
T2,native,lpo:all,all,fg_carboxylic_acid,F3,majority,auroc_spectra,0.5,0.5,0.5,0.5,,,,619,26,1000,,inner_cv(per fold),"{""{}"": 105}",0.49,21 positive x 5 negative analytes
T2,native,lpo:all,all,fg_carboxylic_acid,F3,lr,auroc,0.781,0.5619,0.9619,0.5,,,,619,26,1000,,inner_cv(per fold),"{""{'C': 1.0}"": 23, ""{'C': 0.01}"": 31, ""{'C': 0.1}"": 29, ""{'C': 10.0}"": 22}",23.47,21 positive x 5 negative analytes
T2,native,lpo:all,all,fg_carboxylic_acid,F3,lr,auroc_spectra,0.7107,0.5217,0.9016,0.5,,,,619,26,1000,,inner_cv(per fold),"{""{'C': 1.0}"": 23, ""{'C': 0.01}"": 31, ""{'C': 0.1}"": 29, ""{'C': 10.0}"": 22}",23.47,21 positive x 5 negative analytes
T2,native,lpo:all,all,fg_carboxylic_acid,F3,pca_lr,auroc,0.819,0.6,0.981,0.5,,,,619,26,1000,,inner_cv(per fold),"{""{'C': 0.01}"": 53, ""{'C': 1.0}"": 32, ""{'C': 0.1}"": 4, ""{'C': 10.0}"": 16}",70.08,21 positive x 5 negative analytes
T2,native,lpo:all,all,fg_carboxylic_acid,F3,pca_lr,auroc_spectra,0.7556,0.5557,0.9321,0.5,,,,619,26,1000,,inner_cv(per fold),"{""{'C': 0.01}"": 53, ""{'C': 1.0}"": 32, ""{'C': 0.1}"": 4, ""{'C': 10.0}"": 16}",70.08,21 positive x 5 negative analytes
T2,native,lpo:all,all,fg_carboxylic_acid,F3,plsda,auroc,0.8952,0.7619,1.0,0.5,,,,619,26,1000,,inner_cv(per fold),"{""{'n': 2}"": 75, ""{'n': 5}"": 21, ""{'n': 15}"": 6, ""{'n': 10}"": 3}",40.37,21 positive x 5 negative analytes
T2,native,lpo:all,all,fg_carboxylic_acid,F3,plsda,auroc_spectra,0.8533,0.7234,0.9753,0.5,,,,619,26,1000,,inner_cv(per fold),"{""{'n': 2}"": 75, ""{'n': 5}"": 21, ""{'n': 15}"": 6, ""{'n': 10}"": 3}",40.37,21 positive x 5 negative analytes
T2,native,lpo:all,all,fg_carboxylic_acid,F3,ncm,auroc,0.8286,0.5905,0.9905,0.5,,,,619,26,1000,,inner_cv(per fold),"{""{}"": 105}",1.34,21 positive x 5 negative analytes
T2,native,lpo:all,all,fg_carboxylic_acid,F3,ncm,auroc_spectra,0.8261,0.6328,0.9593,0.5,,,,619,26,1000,,inner_cv(per fold),"{""{}"": 105}",1.34,21 positive x 5 negative analytes
T2,native,lpo:all,all,fg_carboxylic_acid,F3,hgb,auroc,0.9429,0.8381,1.0,0.5,,,,619,26,1000,,inner_cv(per fold),"{""{}"": 105}",176.06,21 positive x 5 negative analytes
T2,native,lpo:all,all,fg_carboxylic_acid,F3,hgb,auroc_spectra,0.9433,0.8452,0.9963,0.5,,,,619,26,1000,,inner_cv(per fold),"{""{}"": 105}",176.06,21 positive x 5 negative analytes
T2,native,lpo:all,all,fg_carboxylic_acid,F3,knn,auroc,0.6762,0.4619,0.9,0.5,,,,619,26,1000,,inner_cv(per fold),"{""{'k': 3}"": 20, ""{'k': 1}"": 31, ""{'k': 5}"": 26, ""{'k': 10}"": 28}",9.6,21 positive x 5 negative analytes
T2,native,lpo:all,all,fg_carboxylic_acid,F3,knn,auroc_spectra,0.6744,0.4711,0.8954,0.5,,,,619,26,1000,,inner_cv(per fold),"{""{'k': 3}"": 20, ""{'k': 1}"": 31, ""{'k': 5}"": 26, ""{'k': 10}"": 28}",9.6,21 positive x 5 negative analytes
T2,native,lpo:all,all,fg_carboxylic_acid,F1.bg,majority,auroc,0.5,0.5,0.5,0.5,,,,619,26,1000,,inner_cv(per fold),"{""{}"": 105}",0.46,21 positive x 5 negative analytes
T2,native,lpo:all,all,fg_carboxylic_acid,F1.bg,majority,auroc_spectra,0.5,0.5,0.5,0.5,,,,619,26,1000,,inner_cv(per fold),"{""{}"": 105}",0.46,21 positive x 5 negative analytes
T2,native,lpo:all,all,fg_carboxylic_acid,F1.bg,lr,auroc,0.0238,0.0,0.0857,0.5,,,,619,26,1000,,inner_cv(per fold),"{""{'C': 10.0}"": 78, ""{'C': 0.01}"": 16, ""{'C': 1.0}"": 11}",7.91,21 positive x 5 negative analytes
T2,native,lpo:all,all,fg_carboxylic_acid,F1.bg,lr,auroc_spectra,0.0346,0.0,0.1068,0.5,,,,619,26,1000,,inner_cv(per fold),"{""{'C': 10.0}"": 78, ""{'C': 0.01}"": 16, ""{'C': 1.0}"": 11}",7.91,21 positive x 5 negative analytes
T2,native,lpo:all,all,fg_carboxylic_acid,F1.bg,pca_lr,auroc,0.0238,0.0,0.0857,0.5,,,,619,26,1000,,inner_cv(per fold),"{""{'C': 10.0}"": 82, ""{'C': 0.01}"": 17, ""{'C': 1.0}"": 5, ""{'C': 0.1}"": 1}",9.38,21 positive x 5 negative analytes
T2,native,lpo:all,all,fg_carboxylic_acid,F1.bg,pca_lr,auroc_spectra,0.0354,0.0,0.1081,0.5,,,,619,26,1000,,inner_cv(per fold),"{""{'C': 10.0}"": 82, ""{'C': 0.01}"": 17, ""{'C': 1.0}"": 5, ""{'C': 0.1}"": 1}",9.38,21 positive x 5 negative analytes
T2,native,lpo:all,all,fg_carboxylic_acid,F1.bg,plsda,auroc,0.019,0.0,0.0857,0.5,,,,619,26,1000,,inner_cv(per fold),"{""{'n': 5}"": 18, ""{'n': 10}"": 23, ""{'n': 2}"": 19, ""{'n': 15}"": 45}",5.52,21 positive x 5 negative analytes
T2,native,lpo:all,all,fg_carboxylic_acid,F1.bg,plsda,auroc_spectra,0.0239,0.0,0.086,0.5,,,,619,26,1000,,inner_cv(per fold),"{""{'n': 5}"": 18, ""{'n': 10}"": 23, ""{'n': 2}"": 19, ""{'n': 15}"": 45}",5.52,21 positive x 5 negative analytes
T2,native,lpo:all,all,fg_carboxylic_acid,F1.bg,ncm,auroc,0.5238,0.19,0.8667,0.5,,,,619,26,1000,,inner_cv(per fold),"{""{}"": 105}",0.2,21 positive x 5 negative analytes
T2,native,lpo:all,all,fg_carboxylic_acid,F1.bg,ncm,auroc_spectra,0.4732,0.2186,0.7474,0.5,,,,619,26,1000,,inner_cv(per fold),"{""{}"": 105}",0.2,21 positive x 5 negative analytes
T2,native,lpo:all,all,fg_carboxylic_acid,F1.bg,hgb,auroc,0.9714,0.8857,1.0,0.5,0.001,1000,0.5017,619,26,1000,,inner_cv(per fold),"{""{}"": 105}",7.53,21 positive x 5 negative analytes
T2,native,lpo:all,all,fg_carboxylic_acid,F1.bg,hgb,auroc_spectra,0.9685,0.8833,0.9994,0.5,,,,619,26,1000,,inner_cv(per fold),"{""{}"": 105}",7.53,21 positive x 5 negative analytes
T2,native,lpo:all,all,fg_carboxylic_acid,F1.bg,knn,auroc,0.8381,0.6429,1.0,0.5,,,,619,26,1000,,inner_cv(per fold),"{""{'k': 10}"": 7, ""{'k': 3}"": 30, ""{'k': 1}"": 58, ""{'k': 5}"": 10}",2.99,21 positive x 5 negative analytes
T2,native,lpo:all,all,fg_carboxylic_acid,F1.bg,knn,auroc_spectra,0.8381,0.6429,1.0,0.5,,,,619,26,1000,,inner_cv(per fold),"{""{'k': 10}"": 7, ""{'k': 3}"": 30, ""{'k': 1}"": 58, ""{'k': 5}"": 10}",2.99,21 positive x 5 negative analytes
T2,native,lpo:all,all,fg_carboxylic_acid,F3.bg,majority,auroc,0.5,0.5,0.5,0.5,,,,619,26,1000,,inner_cv(per fold),"{""{}"": 105}",0.19,21 positive x 5 negative analytes
T2,native,lpo:all,all,fg_carboxylic_acid,F3.bg,majority,auroc_spectra,0.5,0.5,0.5,0.5,,,,619,26,1000,,inner_cv(per fold),"{""{}"": 105}",0.19,21 positive x 5 negative analytes
T2,native,lpo:all,all,fg_carboxylic_acid,F3.bg,lr,auroc,0.181,0.0,0.4,0.5,,,,619,26,1000,,inner_cv(per fold),"{""{'C': 10.0}"": 43, ""{'C': 0.1}"": 27, ""{'C': 0.01}"": 25, ""{'C': 1.0}"": 10}",24.57,21 positive x 5 negative analytes
T2,native,lpo:all,all,fg_carboxylic_acid,F3.bg,lr,auroc_spectra,0.1433,0.0158,0.3515,0.5,,,,619,26,1000,,inner_cv(per fold),"{""{'C': 10.0}"": 43, ""{'C': 0.1}"": 27, ""{'C': 0.01}"": 25, ""{'C': 1.0}"": 10}",24.57,21 positive x 5 negative analytes
T2,native,lpo:all,all,fg_carboxylic_acid,F3.bg,pca_lr,auroc,0.1905,0.0,0.5714,0.5,,,,619,26,1000,,inner_cv(per fold),"{""{'C': 0.01}"": 30, ""{'C': 10.0}"": 37, ""{'C': 1.0}"": 30, ""{'C': 0.1}"": 8}",77.6,21 positive x 5 negative analytes
T2,native,lpo:all,all,fg_carboxylic_acid,F3.bg,pca_lr,auroc_spectra,0.2052,0.0109,0.5868,0.5,,,,619,26,1000,,inner_cv(per fold),"{""{'C': 0.01}"": 30, ""{'C': 10.0}"": 37, ""{'C': 1.0}"": 30, ""{'C': 0.1}"": 8}",77.6,21 positive x 5 negative analytes
T2,native,lpo:all,all,fg_carboxylic_acid,F3.bg,plsda,auroc,0.2476,0.0,0.5145,0.5,,,,619,26,1000,,inner_cv(per fold),"{""{'n': 2}"": 91, ""{'n': 15}"": 7, ""{'n': 5}"": 5, ""{'n': 10}"": 2}",30.1,21 positive x 5 negative analytes
T2,native,lpo:all,all,fg_carboxylic_acid,F3.bg,plsda,auroc_spectra,0.23,0.0628,0.4501,0.5,,,,619,26,1000,,inner_cv(per fold),"{""{'n': 2}"": 91, ""{'n': 15}"": 7, ""{'n': 5}"": 5, ""{'n': 10}"": 2}",30.1,21 positive x 5 negative analytes
T2,native,lpo:all,all,fg_carboxylic_acid,F3.bg,ncm,auroc,0.7143,0.4095,0.9619,0.5,,,,619,26,1000,,inner_cv(per fold),"{""{}"": 105}",0.8,21 positive x 5 negative analytes
T2,native,lpo:all,all,fg_carboxylic_acid,F3.bg,ncm,auroc_spectra,0.6614,0.4421,0.8644,0.5,,,,619,26,1000,,inner_cv(per fold),"{""{}"": 105}",0.8,21 positive x 5 negative analytes
T2,native,lpo:all,all,fg_carboxylic_acid,F3.bg,hgb,auroc,0.8857,0.7333,1.0,0.5,,,,619,26,1000,,inner_cv(per fold),"{""{}"": 105}",225.58,21 positive x 5 negative analytes
T2,native,lpo:all,all,fg_carboxylic_acid,F3.bg,hgb,auroc_spectra,0.8599,0.7229,0.9841,0.5,,,,619,26,1000,,inner_cv(per fold),"{""{}"": 105}",225.58,21 positive x 5 negative analytes
T2,native,lpo:all,all,fg_carboxylic_acid,F3.bg,knn,auroc,0.6619,0.4427,0.8952,0.5,,,,619,26,1000,,inner_cv(per fold),"{""{'k': 1}"": 102, ""{'k': 3}"": 3}",8.11,21 positive x 5 negative analytes
T2,native,lpo:all,all,fg_carboxylic_acid,F3.bg,knn,auroc_spectra,0.6713,0.463,0.8894,0.5,,,,619,26,1000,,inner_cv(per fold),"{""{'k': 1}"": 102, ""{'k': 3}"": 3}",8.11,21 positive x 5 negative analytes
T2,native,lpo:all,all,fg_carboxylic_acid,F3.d1,majority,auroc,0.5,0.5,0.5,0.5,,,,619,26,1000,,inner_cv(per fold),"{""{}"": 105}",0.13,21 positive x 5 negative analytes
T2,native,lpo:all,all,fg_carboxylic_acid,F3.d1,majority,auroc_spectra,0.5,0.5,0.5,0.5,,,,619,26,1000,,inner_cv(per fold),"{""{}"": 105}",0.13,21 positive x 5 negative analytes
T2,native,lpo:all,all,fg_carboxylic_acid,F3.d1,lr,auroc,0.7048,0.4381,0.9238,0.5,,,,619,26,1000,,inner_cv(per fold),"{""{'C': 1.0}"": 34, ""{'C': 10.0}"": 28, ""{'C': 0.1}"": 34, ""{'C': 0.01}"": 9}",20.8,21 positive x 5 negative analytes
T2,native,lpo:all,all,fg_carboxylic_acid,F3.d1,lr,auroc_spectra,0.7216,0.5047,0.9335,0.5,,,,619,26,1000,,inner_cv(per fold),"{""{'C': 1.0}"": 34, ""{'C': 10.0}"": 28, ""{'C': 0.1}"": 34, ""{'C': 0.01}"": 9}",20.8,21 positive x 5 negative analytes
T2,native,lpo:all,all,fg_carboxylic_acid,F3.d1,pca_lr,auroc,0.9429,0.819,1.0,0.5,,,,619,26,1000,,inner_cv(per fold),"{""{'C': 1.0}"": 62, ""{'C': 10.0}"": 26, ""{'C': 0.1}"": 7, ""{'C': 0.01}"": 10}",67.26,21 positive x 5 negative analytes
T2,native,lpo:all,all,fg_carboxylic_acid,F3.d1,pca_lr,auroc_spectra,0.8423,0.6484,0.9874,0.5,,,,619,26,1000,,inner_cv(per fold),"{""{'C': 1.0}"": 62, ""{'C': 10.0}"": 26, ""{'C': 0.1}"": 7, ""{'C': 0.01}"": 10}",67.26,21 positive x 5 negative analytes
T2,native,lpo:all,all,fg_carboxylic_acid,F3.d1,plsda,auroc,0.9333,0.8095,1.0,0.5,,,,619,26,1000,,inner_cv(per fold),"{""{'n': 2}"": 81, ""{'n': 10}"": 11, ""{'n': 5}"": 12, ""{'n': 15}"": 1}",31.75,21 positive x 5 negative analytes
T2,native,lpo:all,all,fg_carboxylic_acid,F3.d1,plsda,auroc_spectra,0.8979,0.7717,0.9985,0.5,,,,619,26,1000,,inner_cv(per fold),"{""{'n': 2}"": 81, ""{'n': 10}"": 11, ""{'n': 5}"": 12, ""{'n': 15}"": 1}",31.75,21 positive x 5 negative analytes
T2,native,lpo:all,all,fg_carboxylic_acid,F3.d1,ncm,auroc,0.8667,0.6762,1.0,0.5,,,,619,26,1000,,inner_cv(per fold),"{""{}"": 105}",1.26,21 positive x 5 negative analytes
T2,native,lpo:all,all,fg_carboxylic_acid,F3.d1,ncm,auroc_spectra,0.8444,0.6684,0.9925,0.5,,,,619,26,1000,,inner_cv(per fold),"{""{}"": 105}",1.26,21 positive x 5 negative analytes
T2,native,lpo:all,all,fg_carboxylic_acid,F3.d1,hgb,auroc,0.9429,0.8188,1.0,0.5,,,,619,26,1000,,inner_cv(per fold),"{""{}"": 105}",260.72,21 positive x 5 negative analytes
T2,native,lpo:all,all,fg_carboxylic_acid,F3.d1,hgb,auroc_spectra,0.9214,0.7865,0.9977,0.5,,,,619,26,1000,,inner_cv(per fold),"{""{}"": 105}",260.72,21 positive x 5 negative analytes
T2,native,lpo:all,all,fg_carboxylic_acid,F3.d1,knn,auroc,0.6714,0.4571,0.9,0.5,,,,619,26,1000,,inner_cv(per fold),"{""{'k': 3}"": 22, ""{'k': 1}"": 83}",10.38,21 positive x 5 negative analytes
T2,native,lpo:all,all,fg_carboxylic_acid,F3.d1,knn,auroc_spectra,0.6731,0.4687,0.8909,0.5,,,,619,26,1000,,inner_cv(per fold),"{""{'k': 3}"": 22, ""{'k': 1}"": 83}",10.38,21 positive x 5 negative analytes
T2,native,lpo:all,all,fg_carboxylic_acid,META_matrix,lr,auroc,0.9762,0.9286,1.0,0.5,,,,619,26,1000,,inner_cv(per fold),"{""{'C': 0.01}"": 105}",4.6,21 positive x 5 negative analytes; matrix-only control
T2,native,lpo:all,all,fg_carboxylic_acid,META_matrix,lr,auroc_spectra,0.96,0.9136,0.984,0.5,,,,619,26,1000,,inner_cv(per fold),"{""{'C': 0.01}"": 105}",4.6,21 positive x 5 negative analytes; matrix-only control
T2,native,lpo:all,all,fg_primary_amine,F1,majority,auroc,0.5,0.5,0.5,0.5,,,,619,26,1000,,inner_cv(per fold),"{""{}"": 133}",0.14,19 positive x 7 negative analytes
T2,native,lpo:all,all,fg_primary_amine,F1,majority,auroc_spectra,0.5,0.5,0.5,0.5,,,,619,26,1000,,inner_cv(per fold),"{""{}"": 133}",0.14,19 positive x 7 negative analytes
T2,native,lpo:all,all,fg_primary_amine,F1,lr,auroc,0.5188,0.2254,0.8496,0.5,0.3506,1000,0.5004,619,26,1000,,inner_cv(per fold),"{""{'C': 1.0}"": 12, ""{'C': 10.0}"": 117, ""{'C': 0.1}"": 1, ""{'C': 0.01}"": 3}",8.83,19 positive x 7 negative analytes
T2,native,lpo:all,all,fg_primary_amine,F1,lr,auroc_spectra,0.614,0.4052,0.8371,0.5,,,,619,26,1000,,inner_cv(per fold),"{""{'C': 1.0}"": 12, ""{'C': 10.0}"": 117, ""{'C': 0.1}"": 1, ""{'C': 0.01}"": 3}",8.83,19 positive x 7 negative analytes
T2,native,lpo:all,all,fg_primary_amine,F1,pca_lr,auroc,0.4925,0.2443,0.7368,0.5,,,,619,26,1000,,inner_cv(per fold),"{""{'C': 1.0}"": 13, ""{'C': 10.0}"": 114, ""{'C': 0.01}"": 5, ""{'C': 0.1}"": 1}",12.41,19 positive x 7 negative analytes
T2,native,lpo:all,all,fg_primary_amine,F1,pca_lr,auroc_spectra,0.513,0.2804,0.7382,0.5,,,,619,26,1000,,inner_cv(per fold),"{""{'C': 1.0}"": 13, ""{'C': 10.0}"": 114, ""{'C': 0.01}"": 5, ""{'C': 0.1}"": 1}",12.41,19 positive x 7 negative analytes
T2,native,lpo:all,all,fg_primary_amine,F1,plsda,auroc,0.8496,0.6539,0.9925,0.5,,,,619,26,1000,,inner_cv(per fold),"{""{'n': 2}"": 72, ""{'n': 5}"": 45, ""{'n': 10}"": 7, ""{'n': 15}"": 9}",5.2,19 positive x 7 negative analytes
T2,native,lpo:all,all,fg_primary_amine,F1,plsda,auroc_spectra,0.8481,0.7009,0.9634,0.5,,,,619,26,1000,,inner_cv(per fold),"{""{'n': 2}"": 72, ""{'n': 5}"": 45, ""{'n': 10}"": 7, ""{'n': 15}"": 9}",5.2,19 positive x 7 negative analytes
T2,native,lpo:all,all,fg_primary_amine,F1,ncm,auroc,0.609,0.3985,0.797,0.5,,,,619,26,1000,,inner_cv(per fold),"{""{}"": 133}",0.17,19 positive x 7 negative analytes
T2,native,lpo:all,all,fg_primary_amine,F1,ncm,auroc_spectra,0.4865,0.3166,0.6336,0.5,,,,619,26,1000,,inner_cv(per fold),"{""{}"": 133}",0.17,19 positive x 7 negative analytes
T2,native,lpo:all,all,fg_primary_amine,F1,hgb,auroc,0.6992,0.4361,0.91,0.5,,,,619,26,1000,,inner_cv(per fold),"{""{}"": 133}",33.97,19 positive x 7 negative analytes
T2,native,lpo:all,all,fg_primary_amine,F1,hgb,auroc_spectra,0.7657,0.5972,0.9168,0.5,,,,619,26,1000,,inner_cv(per fold),"{""{}"": 133}",33.97,19 positive x 7 negative analytes
T2,native,lpo:all,all,fg_primary_amine,F1,knn,auroc,0.812,0.5525,1.0,0.5,,,,619,26,1000,,inner_cv(per fold),"{""{'k': 1}"": 131, ""{'k': 3}"": 2}",4.38,19 positive x 7 negative analytes
T2,native,lpo:all,all,fg_primary_amine,F1,knn,auroc_spectra,0.8161,0.6401,0.9633,0.5,,,,619,26,1000,,inner_cv(per fold),"{""{'k': 1}"": 131, ""{'k': 3}"": 2}",4.38,19 positive x 7 negative analytes
T2,native,lpo:all,all,fg_primary_amine,F1pos,majority,auroc,0.5,0.5,0.5,0.5,,,,619,26,1000,,inner_cv(per fold),"{""{}"": 133}",0.15,19 positive x 7 negative analytes
T2,native,lpo:all,all,fg_primary_amine,F1pos,majority,auroc_spectra,0.5,0.5,0.5,0.5,,,,619,26,1000,,inner_cv(per fold),"{""{}"": 133}",0.15,19 positive x 7 negative analytes
T2,native,lpo:all,all,fg_primary_amine,F1pos,lr,auroc,0.5639,0.2406,0.8421,0.5,,,,619,26,1000,,inner_cv(per fold),"{""{'C': 10.0}"": 115, ""{'C': 1.0}"": 18}",13.44,19 positive x 7 negative analytes
T2,native,lpo:all,all,fg_primary_amine,F1pos,lr,auroc_spectra,0.6921,0.4976,0.8592,0.5,,,,619,26,1000,,inner_cv(per fold),"{""{'C': 10.0}"": 115, ""{'C': 1.0}"": 18}",13.44,19 positive x 7 negative analytes
T2,native,lpo:all,all,fg_primary_amine,F1pos,pca_lr,auroc,0.6617,0.3833,0.8872,0.5,,,,619,26,1000,,inner_cv(per fold),"{""{'C': 0.1}"": 5, ""{'C': 10.0}"": 114, ""{'C': 1.0}"": 12, ""{'C': 0.01}"": 2}",12.73,19 positive x 7 negative analytes
T2,native,lpo:all,all,fg_primary_amine,F1pos,pca_lr,auroc_spectra,0.7459,0.5912,0.8848,0.5,,,,619,26,1000,,inner_cv(per fold),"{""{'C': 0.1}"": 5, ""{'C': 10.0}"": 114, ""{'C': 1.0}"": 12, ""{'C': 0.01}"": 2}",12.73,19 positive x 7 negative analytes
T2,native,lpo:all,all,fg_primary_amine,F1pos,plsda,auroc,0.6842,0.3006,0.9701,0.5,,,,619,26,1000,,inner_cv(per fold),"{""{'n': 2}"": 24, ""{'n': 5}"": 80, ""{'n': 10}"": 13, ""{'n': 15}"": 16}",5.17,19 positive x 7 negative analytes
T2,native,lpo:all,all,fg_primary_amine,F1pos,plsda,auroc_spectra,0.6973,0.4441,0.9106,0.5,,,,619,26,1000,,inner_cv(per fold),"{""{'n': 2}"": 24, ""{'n': 5}"": 80, ""{'n': 10}"": 13, ""{'n': 15}"": 16}",5.17,19 positive x 7 negative analytes
T2,native,lpo:all,all,fg_primary_amine,F1pos,ncm,auroc,0.6316,0.4286,0.812,0.5,,,,619,26,1000,,inner_cv(per fold),"{""{}"": 133}",0.11,19 positive x 7 negative analytes
T2,native,lpo:all,all,fg_primary_amine,F1pos,ncm,auroc_spectra,0.5153,0.3517,0.6632,0.5,,,,619,26,1000,,inner_cv(per fold),"{""{}"": 133}",0.11,19 positive x 7 negative analytes
T2,native,lpo:all,all,fg_primary_amine,F1pos,hgb,auroc,0.6241,0.3308,0.8648,0.5,,,,619,26,1000,,inner_cv(per fold),"{""{}"": 133}",33.32,19 positive x 7 negative analytes
T2,native,lpo:all,all,fg_primary_amine,F1pos,hgb,auroc_spectra,0.6974,0.5044,0.8506,0.5,,,,619,26,1000,,inner_cv(per fold),"{""{}"": 133}",33.32,19 positive x 7 negative analytes
T2,native,lpo:all,all,fg_primary_amine,F1pos,knn,auroc,0.688,0.3835,0.9286,0.5,,,,619,26,1000,,inner_cv(per fold),"{""{'k': 1}"": 125, ""{'k': 10}"": 2, ""{'k': 5}"": 5, ""{'k': 3}"": 1}",4.53,19 positive x 7 negative analytes
T2,native,lpo:all,all,fg_primary_amine,F1pos,knn,auroc_spectra,0.7462,0.5423,0.9014,0.5,,,,619,26,1000,,inner_cv(per fold),"{""{'k': 1}"": 125, ""{'k': 10}"": 2, ""{'k': 5}"": 5, ""{'k': 3}"": 1}",4.53,19 positive x 7 negative analytes
T2,native,lpo:all,all,fg_primary_amine,F2,majority,auroc,0.5,0.5,0.5,0.5,,,,619,26,1000,,inner_cv(per fold),"{""{}"": 133}",0.13,19 positive x 7 negative analytes
T2,native,lpo:all,all,fg_primary_amine,F2,majority,auroc_spectra,0.5,0.5,0.5,0.5,,,,619,26,1000,,inner_cv(per fold),"{""{}"": 133}",0.13,19 positive x 7 negative analytes
T2,native,lpo:all,all,fg_primary_amine,F2,lr,auroc,0.3947,0.09,0.7444,0.5,,,,619,26,1000,,inner_cv(per fold),"{""{'C': 1.0}"": 35, ""{'C': 10.0}"": 96, ""{'C': 0.1}"": 2}",48.83,19 positive x 7 negative analytes
T2,native,lpo:all,all,fg_primary_amine,F2,lr,auroc_spectra,0.4659,0.2059,0.7476,0.5,,,,619,26,1000,,inner_cv(per fold),"{""{'C': 1.0}"": 35, ""{'C': 10.0}"": 96, ""{'C': 0.1}"": 2}",48.83,19 positive x 7 negative analytes
T2,native,lpo:all,all,fg_primary_amine,F2,pca_lr,auroc,0.5263,0.2028,0.8045,0.5,,,,619,26,1000,,inner_cv(per fold),"{""{'C': 1.0}"": 27, ""{'C': 0.1}"": 43, ""{'C': 10.0}"": 44, ""{'C': 0.01}"": 19}",108.39,19 positive x 7 negative analytes
T2,native,lpo:all,all,fg_primary_amine,F2,pca_lr,auroc_spectra,0.6127,0.3313,0.8589,0.5,,,,619,26,1000,,inner_cv(per fold),"{""{'C': 1.0}"": 27, ""{'C': 0.1}"": 43, ""{'C': 10.0}"": 44, ""{'C': 0.01}"": 19}",108.39,19 positive x 7 negative analytes
T2,native,lpo:all,all,fg_primary_amine,F2,plsda,auroc,0.8271,0.5338,1.0,0.5,,,,619,26,1000,,inner_cv(per fold),"{""{'n': 5}"": 27, ""{'n': 2}"": 100, ""{'n': 10}"": 4, ""{'n': 15}"": 2}",43.52,19 positive x 7 negative analytes
T2,native,lpo:all,all,fg_primary_amine,F2,plsda,auroc_spectra,0.8286,0.6319,0.9643,0.5,,,,619,26,1000,,inner_cv(per fold),"{""{'n': 5}"": 27, ""{'n': 2}"": 100, ""{'n': 10}"": 4, ""{'n': 15}"": 2}",43.52,19 positive x 7 negative analytes
T2,native,lpo:all,all,fg_primary_amine,F2,ncm,auroc,0.4962,0.2782,0.7145,0.5,,,,619,26,1000,,inner_cv(per fold),"{""{}"": 133}",0.79,19 positive x 7 negative analytes
T2,native,lpo:all,all,fg_primary_amine,F2,ncm,auroc_spectra,0.4756,0.3085,0.6536,0.5,,,,619,26,1000,,inner_cv(per fold),"{""{}"": 133}",0.79,19 positive x 7 negative analytes
T2,native,lpo:all,all,fg_primary_amine,F2,hgb,auroc,0.7218,0.4247,0.9549,0.5,,,,619,26,1000,,inner_cv(per fold),"{""{}"": 133}",496.84,19 positive x 7 negative analytes
T2,native,lpo:all,all,fg_primary_amine,F2,hgb,auroc_spectra,0.8112,0.6208,0.9506,0.5,,,,619,26,1000,,inner_cv(per fold),"{""{}"": 133}",496.84,19 positive x 7 negative analytes
T2,native,lpo:all,all,fg_primary_amine,F2,knn,auroc,0.8195,0.5676,1.0,0.5,,,,619,26,1000,,inner_cv(per fold),"{""{'k': 3}"": 15, ""{'k': 1}"": 117, ""{'k': 10}"": 1}",8.81,19 positive x 7 negative analytes
T2,native,lpo:all,all,fg_primary_amine,F2,knn,auroc_spectra,0.8142,0.6377,0.9601,0.5,,,,619,26,1000,,inner_cv(per fold),"{""{'k': 3}"": 15, ""{'k': 1}"": 117, ""{'k': 10}"": 1}",8.81,19 positive x 7 negative analytes
T2,native,lpo:all,all,fg_primary_amine,F3,majority,auroc,0.5,0.5,0.5,0.5,,,,619,26,1000,,inner_cv(per fold),"{""{}"": 133}",0.12,19 positive x 7 negative analytes
T2,native,lpo:all,all,fg_primary_amine,F3,majority,auroc_spectra,0.5,0.5,0.5,0.5,,,,619,26,1000,,inner_cv(per fold),"{""{}"": 133}",0.12,19 positive x 7 negative analytes
T2,native,lpo:all,all,fg_primary_amine,F3,lr,auroc,0.609,0.3083,0.8797,0.5,,,,619,26,1000,,inner_cv(per fold),"{""{'C': 10.0}"": 61, ""{'C': 1.0}"": 63, ""{'C': 0.1}"": 7, ""{'C': 0.01}"": 2}",39.78,19 positive x 7 negative analytes
T2,native,lpo:all,all,fg_primary_amine,F3,lr,auroc_spectra,0.61,0.3189,0.8703,0.5,,,,619,26,1000,,inner_cv(per fold),"{""{'C': 10.0}"": 61, ""{'C': 1.0}"": 63, ""{'C': 0.1}"": 7, ""{'C': 0.01}"": 2}",39.78,19 positive x 7 negative analytes
T2,native,lpo:all,all,fg_primary_amine,F3,pca_lr,auroc,0.6842,0.4586,0.8947,0.5,,,,619,26,1000,,inner_cv(per fold),"{""{'C': 0.1}"": 1, ""{'C': 10.0}"": 108, ""{'C': 1.0}"": 23, ""{'C': 0.01}"": 1}",102.47,19 positive x 7 negative analytes
T2,native,lpo:all,all,fg_primary_amine,F3,pca_lr,auroc_spectra,0.7644,0.5842,0.919,0.5,,,,619,26,1000,,inner_cv(per fold),"{""{'C': 0.1}"": 1, ""{'C': 10.0}"": 108, ""{'C': 1.0}"": 23, ""{'C': 0.01}"": 1}",102.47,19 positive x 7 negative analytes
T2,native,lpo:all,all,fg_primary_amine,F3,plsda,auroc,0.7293,0.4662,0.9325,0.5,,,,619,26,1000,,inner_cv(per fold),"{""{'n': 5}"": 12, ""{'n': 15}"": 52, ""{'n': 2}"": 57, ""{'n': 10}"": 12}",44.93,19 positive x 7 negative analytes
T2,native,lpo:all,all,fg_primary_amine,F3,plsda,auroc_spectra,0.7176,0.4653,0.9257,0.5,,,,619,26,1000,,inner_cv(per fold),"{""{'n': 5}"": 12, ""{'n': 15}"": 52, ""{'n': 2}"": 57, ""{'n': 10}"": 12}",44.93,19 positive x 7 negative analytes
T2,native,lpo:all,all,fg_primary_amine,F3,ncm,auroc,0.4887,0.2556,0.7295,0.5,,,,619,26,1000,,inner_cv(per fold),"{""{}"": 133}",1.39,19 positive x 7 negative analytes
T2,native,lpo:all,all,fg_primary_amine,F3,ncm,auroc_spectra,0.4253,0.2655,0.5995,0.5,,,,619,26,1000,,inner_cv(per fold),"{""{}"": 133}",1.39,19 positive x 7 negative analytes
T2,native,lpo:all,all,fg_primary_amine,F3,hgb,auroc,0.7368,0.5038,0.9173,0.5,,,,619,26,1000,,inner_cv(per fold),"{""{}"": 133}",548.89,19 positive x 7 negative analytes
T2,native,lpo:all,all,fg_primary_amine,F3,hgb,auroc_spectra,0.7571,0.5795,0.909,0.5,,,,619,26,1000,,inner_cv(per fold),"{""{}"": 133}",548.89,19 positive x 7 negative analytes
T2,native,lpo:all,all,fg_primary_amine,F3,knn,auroc,0.718,0.4623,0.9286,0.5,,,,619,26,1000,,inner_cv(per fold),"{""{'k': 3}"": 5, ""{'k': 1}"": 119, ""{'k': 5}"": 9}",10.71,19 positive x 7 negative analytes
T2,native,lpo:all,all,fg_primary_amine,F3,knn,auroc_spectra,0.7351,0.5408,0.8951,0.5,,,,619,26,1000,,inner_cv(per fold),"{""{'k': 3}"": 5, ""{'k': 1}"": 119, ""{'k': 5}"": 9}",10.71,19 positive x 7 negative analytes
T2,native,lpo:all,all,fg_primary_amine,F1.bg,majority,auroc,0.5,0.5,0.5,0.5,,,,619,26,1000,,inner_cv(per fold),"{""{}"": 133}",0.12,19 positive x 7 negative analytes
T2,native,lpo:all,all,fg_primary_amine,F1.bg,majority,auroc_spectra,0.5,0.5,0.5,0.5,,,,619,26,1000,,inner_cv(per fold),"{""{}"": 133}",0.12,19 positive x 7 negative analytes
T2,native,lpo:all,all,fg_primary_amine,F1.bg,lr,auroc,0.1203,0.0,0.3383,0.5,,,,619,26,1000,,inner_cv(per fold),"{""{'C': 0.01}"": 3, ""{'C': 10.0}"": 125, ""{'C': 1.0}"": 3, ""{'C': 0.1}"": 2}",11.29,19 positive x 7 negative analytes
T2,native,lpo:all,all,fg_primary_amine,F1.bg,lr,auroc_spectra,0.176,0.0548,0.3264,0.5,,,,619,26,1000,,inner_cv(per fold),"{""{'C': 0.01}"": 3, ""{'C': 10.0}"": 125, ""{'C': 1.0}"": 3, ""{'C': 0.1}"": 2}",11.29,19 positive x 7 negative analytes
T2,native,lpo:all,all,fg_primary_amine,F1.bg,pca_lr,auroc,0.2218,0.0,0.4962,0.5,,,,619,26,1000,,inner_cv(per fold),"{""{'C': 0.01}"": 7, ""{'C': 10.0}"": 121, ""{'C': 1.0}"": 4, ""{'C': 0.1}"": 1}",13.08,19 positive x 7 negative analytes
T2,native,lpo:all,all,fg_primary_amine,F1.bg,pca_lr,auroc_spectra,0.2313,0.0568,0.4624,0.5,,,,619,26,1000,,inner_cv(per fold),"{""{'C': 0.01}"": 7, ""{'C': 10.0}"": 121, ""{'C': 1.0}"": 4, ""{'C': 0.1}"": 1}",13.08,19 positive x 7 negative analytes
T2,native,lpo:all,all,fg_primary_amine,F1.bg,plsda,auroc,0.1353,0.0,0.3308,0.5,,,,619,26,1000,,inner_cv(per fold),"{""{'n': 15}"": 47, ""{'n': 2}"": 55, ""{'n': 5}"": 18, ""{'n': 10}"": 13}",5.78,19 positive x 7 negative analytes
T2,native,lpo:all,all,fg_primary_amine,F1.bg,plsda,auroc_spectra,0.085,0.003,0.1992,0.5,,,,619,26,1000,,inner_cv(per fold),"{""{'n': 15}"": 47, ""{'n': 2}"": 55, ""{'n': 5}"": 18, ""{'n': 10}"": 13}",5.78,19 positive x 7 negative analytes
T2,native,lpo:all,all,fg_primary_amine,F1.bg,ncm,auroc,0.3233,0.1429,0.5188,0.5,,,,619,26,1000,,inner_cv(per fold),"{""{}"": 133}",0.1,19 positive x 7 negative analytes
T2,native,lpo:all,all,fg_primary_amine,F1.bg,ncm,auroc_spectra,0.4069,0.2594,0.5688,0.5,,,,619,26,1000,,inner_cv(per fold),"{""{}"": 133}",0.1,19 positive x 7 negative analytes
T2,native,lpo:all,all,fg_primary_amine,F1.bg,hgb,auroc,0.9474,0.8494,1.0,0.5,0.0031,319,0.4981,619,26,1000,,inner_cv(per fold),"{""{}"": 133}",33.21,19 positive x 7 negative analytes
T2,native,lpo:all,all,fg_primary_amine,F1.bg,hgb,auroc_spectra,0.8621,0.6973,0.9799,0.5,,,,619,26,1000,,inner_cv(per fold),"{""{}"": 133}",33.21,19 positive x 7 negative analytes
T2,native,lpo:all,all,fg_primary_amine,F1.bg,knn,auroc,0.812,0.5451,1.0,0.5,,,,619,26,1000,,inner_cv(per fold),"{""{'k': 1}"": 131, ""{'k': 3}"": 2}",5.92,19 positive x 7 negative analytes
T2,native,lpo:all,all,fg_primary_amine,F1.bg,knn,auroc_spectra,0.8182,0.6544,0.9618,0.5,,,,619,26,1000,,inner_cv(per fold),"{""{'k': 1}"": 131, ""{'k': 3}"": 2}",5.92,19 positive x 7 negative analytes
T2,native,lpo:all,all,fg_primary_amine,F3.bg,majority,auroc,0.5,0.5,0.5,0.5,,,,619,26,1000,,inner_cv(per fold),"{""{}"": 133}",0.12,19 positive x 7 negative analytes
T2,native,lpo:all,all,fg_primary_amine,F3.bg,majority,auroc_spectra,0.5,0.5,0.5,0.5,,,,619,26,1000,,inner_cv(per fold),"{""{}"": 133}",0.12,19 positive x 7 negative analytes
T2,native,lpo:all,all,fg_primary_amine,F3.bg,lr,auroc,0.3083,0.0602,0.5865,0.5,,,,619,26,1000,,inner_cv(per fold),"{""{'C': 0.01}"": 5, ""{'C': 10.0}"": 86, ""{'C': 1.0}"": 41, ""{'C': 0.1}"": 1}",40.87,19 positive x 7 negative analytes
T2,native,lpo:all,all,fg_primary_amine,F3.bg,lr,auroc_spectra,0.3602,0.1371,0.61,0.5,,,,619,26,1000,,inner_cv(per fold),"{""{'C': 0.01}"": 5, ""{'C': 10.0}"": 86, ""{'C': 1.0}"": 41, ""{'C': 0.1}"": 1}",40.87,19 positive x 7 negative analytes
T2,native,lpo:all,all,fg_primary_amine,F3.bg,pca_lr,auroc,0.5038,0.2292,0.7708,0.5,,,,619,26,1000,,inner_cv(per fold),"{""{'C': 10.0}"": 114, ""{'C': 1.0}"": 18, ""{'C': 0.01}"": 1}",98.01,19 positive x 7 negative analytes
T2,native,lpo:all,all,fg_primary_amine,F3.bg,pca_lr,auroc_spectra,0.5771,0.3435,0.7998,0.5,,,,619,26,1000,,inner_cv(per fold),"{""{'C': 10.0}"": 114, ""{'C': 1.0}"": 18, ""{'C': 0.01}"": 1}",98.01,19 positive x 7 negative analytes
T2,native,lpo:all,all,fg_primary_amine,F3.bg,plsda,auroc,0.3835,0.1429,0.6242,0.5,,,,619,26,1000,,inner_cv(per fold),"{""{'n': 2}"": 28, ""{'n': 10}"": 21, ""{'n': 15}"": 48, ""{'n': 5}"": 36}",52.87,19 positive x 7 negative analytes
T2,native,lpo:all,all,fg_primary_amine,F3.bg,plsda,auroc_spectra,0.3864,0.1783,0.6134,0.5,,,,619,26,1000,,inner_cv(per fold),"{""{'n': 2}"": 28, ""{'n': 10}"": 21, ""{'n': 15}"": 48, ""{'n': 5}"": 36}",52.87,19 positive x 7 negative analytes
T2,native,lpo:all,all,fg_primary_amine,F3.bg,ncm,auroc,0.3534,0.1579,0.5639,0.5,,,,619,26,1000,,inner_cv(per fold),"{""{}"": 133}",1.4,19 positive x 7 negative analytes
T2,native,lpo:all,all,fg_primary_amine,F3.bg,ncm,auroc_spectra,0.39,0.2381,0.5443,0.5,,,,619,26,1000,,inner_cv(per fold),"{""{}"": 133}",1.4,19 positive x 7 negative analytes
T2,native,lpo:all,all,fg_primary_amine,F3.bg,hgb,auroc,0.7744,0.594,0.9173,0.5,,,,619,26,1000,,inner_cv(per fold),"{""{}"": 133}",488.98,19 positive x 7 negative analytes
T2,native,lpo:all,all,fg_primary_amine,F3.bg,hgb,auroc_spectra,0.7846,0.5998,0.9304,0.5,,,,619,26,1000,,inner_cv(per fold),"{""{}"": 133}",488.98,19 positive x 7 negative analytes
T2,native,lpo:all,all,fg_primary_amine,F3.bg,knn,auroc,0.7143,0.4474,0.9248,0.5,,,,619,26,1000,,inner_cv(per fold),"{""{'k': 1}"": 129, ""{'k': 3}"": 1, ""{'k': 5}"": 3}",8.95,19 positive x 7 negative analytes
T2,native,lpo:all,all,fg_primary_amine,F3.bg,knn,auroc_spectra,0.7445,0.5431,0.9026,0.5,,,,619,26,1000,,inner_cv(per fold),"{""{'k': 1}"": 129, ""{'k': 3}"": 1, ""{'k': 5}"": 3}",8.95,19 positive x 7 negative analytes
T2,native,lpo:all,all,fg_primary_amine,F3.d1,majority,auroc,0.5,0.5,0.5,0.5,,,,619,26,1000,,inner_cv(per fold),"{""{}"": 133}",0.11,19 positive x 7 negative analytes
T2,native,lpo:all,all,fg_primary_amine,F3.d1,majority,auroc_spectra,0.5,0.5,0.5,0.5,,,,619,26,1000,,inner_cv(per fold),"{""{}"": 133}",0.11,19 positive x 7 negative analytes
T2,native,lpo:all,all,fg_primary_amine,F3.d1,lr,auroc,0.7068,0.4133,0.9398,0.5,,,,619,26,1000,,inner_cv(per fold),"{""{'C': 10.0}"": 83, ""{'C': 1.0}"": 43, ""{'C': 0.1}"": 3, ""{'C': 0.01}"": 4}",32.08,19 positive x 7 negative analytes
T2,native,lpo:all,all,fg_primary_amine,F3.d1,lr,auroc_spectra,0.6836,0.433,0.8968,0.5,,,,619,26,1000,,inner_cv(per fold),"{""{'C': 10.0}"": 83, ""{'C': 1.0}"": 43, ""{'C': 0.1}"": 3, ""{'C': 0.01}"": 4}",32.08,19 positive x 7 negative analytes
T2,native,lpo:all,all,fg_primary_amine,F3.d1,pca_lr,auroc,0.8008,0.6316,0.9474,0.5,,,,619,26,1000,,inner_cv(per fold),"{""{'C': 10.0}"": 112, ""{'C': 1.0}"": 17, ""{'C': 0.1}"": 3, ""{'C': 0.01}"": 1}",99.96,19 positive x 7 negative analytes
T2,native,lpo:all,all,fg_primary_amine,F3.d1,pca_lr,auroc_spectra,0.8186,0.6882,0.9317,0.5,,,,619,26,1000,,inner_cv(per fold),"{""{'C': 10.0}"": 112, ""{'C': 1.0}"": 17, ""{'C': 0.1}"": 3, ""{'C': 0.01}"": 1}",99.96,19 positive x 7 negative analytes
T2,native,lpo:all,all,fg_primary_amine,F3.d1,plsda,auroc,0.8496,0.6617,0.9852,0.5,,,,619,26,1000,,inner_cv(per fold),"{""{'n': 5}"": 3, ""{'n': 2}"": 96, ""{'n': 10}"": 19, ""{'n': 15}"": 15}",47.6,19 positive x 7 negative analytes
T2,native,lpo:all,all,fg_primary_amine,F3.d1,plsda,auroc_spectra,0.8242,0.6266,0.985,0.5,,,,619,26,1000,,inner_cv(per fold),"{""{'n': 5}"": 3, ""{'n': 2}"": 96, ""{'n': 10}"": 19, ""{'n': 15}"": 15}",47.6,19 positive x 7 negative analytes
T2,native,lpo:all,all,fg_primary_amine,F3.d1,ncm,auroc,0.6391,0.4284,0.8195,0.5,,,,619,26,1000,,inner_cv(per fold),"{""{}"": 133}",0.26,19 positive x 7 negative analytes
T2,native,lpo:all,all,fg_primary_amine,F3.d1,ncm,auroc_spectra,0.4867,0.3156,0.6306,0.5,,,,619,26,1000,,inner_cv(per fold),"{""{}"": 133}",0.26,19 positive x 7 negative analytes
T2,native,lpo:all,all,fg_primary_amine,F3.d1,hgb,auroc,0.7368,0.5186,0.9248,0.5,,,,619,26,1000,,inner_cv(per fold),"{""{}"": 133}",515.03,19 positive x 7 negative analytes
T2,native,lpo:all,all,fg_primary_amine,F3.d1,hgb,auroc_spectra,0.7769,0.5926,0.9233,0.5,,,,619,26,1000,,inner_cv(per fold),"{""{}"": 133}",515.03,19 positive x 7 negative analytes
T2,native,lpo:all,all,fg_primary_amine,F3.d1,knn,auroc,0.7895,0.5263,0.9925,0.5,,,,619,26,1000,,inner_cv(per fold),"{""{'k': 10}"": 9, ""{'k': 1}"": 121, ""{'k': 3}"": 3}",11.13,19 positive x 7 negative analytes
T2,native,lpo:all,all,fg_primary_amine,F3.d1,knn,auroc_spectra,0.759,0.5768,0.9107,0.5,,,,619,26,1000,,inner_cv(per fold),"{""{'k': 10}"": 9, ""{'k': 1}"": 121, ""{'k': 3}"": 3}",11.13,19 positive x 7 negative analytes
T2,native,lpo:all,all,fg_primary_amine,META_matrix,lr,auroc,0.9211,0.7516,1.0,0.5,,,,619,26,1000,,inner_cv(per fold),"{""{'C': 0.01}"": 103, ""{'C': 10.0}"": 30}",3.65,19 positive x 7 negative analytes; matrix-only control
T2,native,lpo:all,all,fg_primary_amine,META_matrix,lr,auroc_spectra,0.9126,0.7693,0.9841,0.5,,,,619,26,1000,,inner_cv(per fold),"{""{'C': 0.01}"": 103, ""{'C': 10.0}"": 30}",3.65,19 positive x 7 negative analytes; matrix-only control
T2,native,lpo:all,all,fg_amide,F1,majority,auroc,0.5,0.5,0.5,0.5,,,,619,26,1000,,inner_cv(per fold),"{""{}"": 88}",0.08,4 positive x 22 negative analytes
T2,native,lpo:all,all,fg_amide,F1,majority,auroc_spectra,0.5,0.5,0.5,0.5,,,,619,26,1000,,inner_cv(per fold),"{""{}"": 88}",0.08,4 positive x 22 negative analytes
T2,native,lpo:all,all,fg_amide,F1,lr,auroc,0.2727,0.0227,0.5568,0.5,0.8611,1000,0.5026,619,26,1000,,inner_cv(per fold),"{""{'C': 10.0}"": 46, ""{'C': 0.01}"": 24, ""{'C': 0.1}"": 16, ""{'C': 1.0}"": 2}",5.96,4 positive x 22 negative analytes
T2,native,lpo:all,all,fg_amide,F1,lr,auroc_spectra,0.3093,0.0704,0.5671,0.5,,,,619,26,1000,,inner_cv(per fold),"{""{'C': 10.0}"": 46, ""{'C': 0.01}"": 24, ""{'C': 0.1}"": 16, ""{'C': 1.0}"": 2}",5.96,4 positive x 22 negative analytes
T2,native,lpo:all,all,fg_amide,F1,pca_lr,auroc,0.3068,0.0455,0.5915,0.5,,,,619,26,1000,,inner_cv(per fold),"{""{'C': 10.0}"": 46, ""{'C': 0.1}"": 34, ""{'C': 1.0}"": 6, ""{'C': 0.01}"": 2}",7.86,4 positive x 22 negative analytes
T2,native,lpo:all,all,fg_amide,F1,pca_lr,auroc_spectra,0.345,0.0492,0.6422,0.5,,,,619,26,1000,,inner_cv(per fold),"{""{'C': 10.0}"": 46, ""{'C': 0.1}"": 34, ""{'C': 1.0}"": 6, ""{'C': 0.01}"": 2}",7.86,4 positive x 22 negative analytes
T2,native,lpo:all,all,fg_amide,F1,plsda,auroc,0.5,0.227,0.8185,0.5,,,,619,26,1000,,inner_cv(per fold),"{""{'n': 5}"": 48, ""{'n': 15}"": 28, ""{'n': 10}"": 10, ""{'n': 2}"": 2}",3.66,4 positive x 22 negative analytes
T2,native,lpo:all,all,fg_amide,F1,plsda,auroc_spectra,0.5441,0.3239,0.808,0.5,,,,619,26,1000,,inner_cv(per fold),"{""{'n': 5}"": 48, ""{'n': 15}"": 28, ""{'n': 10}"": 10, ""{'n': 2}"": 2}",3.66,4 positive x 22 negative analytes
T2,native,lpo:all,all,fg_amide,F1,ncm,auroc,0.4432,0.1705,0.7045,0.5,,,,619,26,1000,,inner_cv(per fold),"{""{}"": 88}",0.19,4 positive x 22 negative analytes
T2,native,lpo:all,all,fg_amide,F1,ncm,auroc_spectra,0.4366,0.2821,0.5748,0.5,,,,619,26,1000,,inner_cv(per fold),"{""{}"": 88}",0.19,4 positive x 22 negative analytes
T2,native,lpo:all,all,fg_amide,F1,hgb,auroc,0.5341,0.1591,0.875,0.5,,,,619,26,1000,,inner_cv(per fold),"{""{}"": 88}",13.38,4 positive x 22 negative analytes
T2,native,lpo:all,all,fg_amide,F1,hgb,auroc_spectra,0.4287,0.1965,0.7698,0.5,,,,619,26,1000,,inner_cv(per fold),"{""{}"": 88}",13.38,4 positive x 22 negative analytes
T2,native,lpo:all,all,fg_amide,F1,knn,auroc,0.642,0.25,1.0,0.5,,,,619,26,1000,,inner_cv(per fold),"{""{'k': 1}"": 87, ""{'k': 5}"": 1}",2.43,4 positive x 22 negative analytes
T2,native,lpo:all,all,fg_amide,F1,knn,auroc_spectra,0.7085,0.4716,0.9456,0.5,,,,619,26,1000,,inner_cv(per fold),"{""{'k': 1}"": 87, ""{'k': 5}"": 1}",2.43,4 positive x 22 negative analytes
T2,native,lpo:all,all,fg_amide,F1pos,majority,auroc,0.5,0.5,0.5,0.5,,,,619,26,1000,,inner_cv(per fold),"{""{}"": 88}",0.08,4 positive x 22 negative analytes
T2,native,lpo:all,all,fg_amide,F1pos,majority,auroc_spectra,0.5,0.5,0.5,0.5,,,,619,26,1000,,inner_cv(per fold),"{""{}"": 88}",0.08,4 positive x 22 negative analytes
T2,native,lpo:all,all,fg_amide,F1pos,lr,auroc,0.3295,0.102,0.5795,0.5,,,,619,26,1000,,inner_cv(per fold),"{""{'C': 10.0}"": 49, ""{'C': 0.1}"": 34, ""{'C': 0.01}"": 2, ""{'C': 1.0}"": 3}",5.54,4 positive x 22 negative analytes
T2,native,lpo:all,all,fg_amide,F1pos,lr,auroc_spectra,0.4013,0.2086,0.5757,0.5,,,,619,26,1000,,inner_cv(per fold),"{""{'C': 10.0}"": 49, ""{'C': 0.1}"": 34, ""{'C': 0.01}"": 2, ""{'C': 1.0}"": 3}",5.54,4 positive x 22 negative analytes
T2,native,lpo:all,all,fg_amide,F1pos,pca_lr,auroc,0.3977,0.0909,0.7045,0.5,,,,619,26,1000,,inner_cv(per fold),"{""{'C': 10.0}"": 46, ""{'C': 0.1}"": 36, ""{'C': 1.0}"": 4, ""{'C': 0.01}"": 2}",8.05,4 positive x 22 negative analytes
T2,native,lpo:all,all,fg_amide,F1pos,pca_lr,auroc_spectra,0.3861,0.1478,0.6238,0.5,,,,619,26,1000,,inner_cv(per fold),"{""{'C': 10.0}"": 46, ""{'C': 0.1}"": 36, ""{'C': 1.0}"": 4, ""{'C': 0.01}"": 2}",8.05,4 positive x 22 negative analytes
T2,native,lpo:all,all,fg_amide,F1pos,plsda,auroc,0.5114,0.2727,0.75,0.5,,,,619,26,1000,,inner_cv(per fold),"{""{'n': 5}"": 47, ""{'n': 10}"": 8, ""{'n': 15}"": 24, ""{'n': 2}"": 9}",4.47,4 positive x 22 negative analytes
T2,native,lpo:all,all,fg_amide,F1pos,plsda,auroc_spectra,0.5099,0.3072,0.6852,0.5,,,,619,26,1000,,inner_cv(per fold),"{""{'n': 5}"": 47, ""{'n': 10}"": 8, ""{'n': 15}"": 24, ""{'n': 2}"": 9}",4.47,4 positive x 22 negative analytes
T2,native,lpo:all,all,fg_amide,F1pos,ncm,auroc,0.2727,0.0909,0.4545,0.5,,,,619,26,1000,,inner_cv(per fold),"{""{}"": 88}",0.08,4 positive x 22 negative analytes
T2,native,lpo:all,all,fg_amide,F1pos,ncm,auroc_spectra,0.3296,0.1579,0.4725,0.5,,,,619,26,1000,,inner_cv(per fold),"{""{}"": 88}",0.08,4 positive x 22 negative analytes
T2,native,lpo:all,all,fg_amide,F1pos,hgb,auroc,0.4091,0.1932,0.6253,0.5,,,,619,26,1000,,inner_cv(per fold),"{""{}"": 88}",14.06,4 positive x 22 negative analytes
T2,native,lpo:all,all,fg_amide,F1pos,hgb,auroc_spectra,0.5056,0.3682,0.6314,0.5,,,,619,26,1000,,inner_cv(per fold),"{""{}"": 88}",14.06,4 positive x 22 negative analytes
T2,native,lpo:all,all,fg_amide,F1pos,knn,auroc,0.6648,0.2955,1.0,0.5,,,,619,26,1000,,inner_cv(per fold),"{""{'k': 1}"": 88}",2.45,4 positive x 22 negative analytes
T2,native,lpo:all,all,fg_amide,F1pos,knn,auroc_spectra,0.7038,0.4735,0.9333,0.5,,,,619,26,1000,,inner_cv(per fold),"{""{'k': 1}"": 88}",2.45,4 positive x 22 negative analytes
T2,native,lpo:all,all,fg_amide,F2,majority,auroc,0.5,0.5,0.5,0.5,,,,619,26,1000,,inner_cv(per fold),"{""{}"": 88}",0.09,4 positive x 22 negative analytes
T2,native,lpo:all,all,fg_amide,F2,majority,auroc_spectra,0.5,0.5,0.5,0.5,,,,619,26,1000,,inner_cv(per fold),"{""{}"": 88}",0.09,4 positive x 22 negative analytes
T2,native,lpo:all,all,fg_amide,F2,lr,auroc,0.75,0.5227,0.9545,0.5,,,,619,26,1000,,inner_cv(per fold),"{""{'C': 10.0}"": 63, ""{'C': 1.0}"": 7, ""{'C': 0.1}"": 12, ""{'C': 0.01}"": 6}",31.69,4 positive x 22 negative analytes
T2,native,lpo:all,all,fg_amide,F2,lr,auroc_spectra,0.7751,0.5808,0.9585,0.5,,,,619,26,1000,,inner_cv(per fold),"{""{'C': 10.0}"": 63, ""{'C': 1.0}"": 7, ""{'C': 0.1}"": 12, ""{'C': 0.01}"": 6}",31.69,4 positive x 22 negative analytes
T2,native,lpo:all,all,fg_amide,F2,pca_lr,auroc,0.8295,0.6591,0.9659,0.5,,,,619,26,1000,,inner_cv(per fold),"{""{'C': 10.0}"": 38, ""{'C': 1.0}"": 16, ""{'C': 0.1}"": 25, ""{'C': 0.01}"": 9}",56.05,4 positive x 22 negative analytes
T2,native,lpo:all,all,fg_amide,F2,pca_lr,auroc_spectra,0.7864,0.6196,0.9515,0.5,,,,619,26,1000,,inner_cv(per fold),"{""{'C': 10.0}"": 38, ""{'C': 1.0}"": 16, ""{'C': 0.1}"": 25, ""{'C': 0.01}"": 9}",56.05,4 positive x 22 negative analytes
T2,native,lpo:all,all,fg_amide,F2,plsda,auroc,0.7386,0.4545,1.0,0.5,,,,619,26,1000,,inner_cv(per fold),"{""{'n': 10}"": 16, ""{'n': 5}"": 51, ""{'n': 2}"": 8, ""{'n': 15}"": 13}",30.41,4 positive x 22 negative analytes
T2,native,lpo:all,all,fg_amide,F2,plsda,auroc_spectra,0.7605,0.5115,1.0,0.5,,,,619,26,1000,,inner_cv(per fold),"{""{'n': 10}"": 16, ""{'n': 5}"": 51, ""{'n': 2}"": 8, ""{'n': 15}"": 13}",30.41,4 positive x 22 negative analytes
T2,native,lpo:all,all,fg_amide,F2,ncm,auroc,0.4318,0.1247,0.7503,0.5,,,,619,26,1000,,inner_cv(per fold),"{""{}"": 88}",0.6,4 positive x 22 negative analytes
T2,native,lpo:all,all,fg_amide,F2,ncm,auroc_spectra,0.4608,0.2679,0.6379,0.5,,,,619,26,1000,,inner_cv(per fold),"{""{}"": 88}",0.6,4 positive x 22 negative analytes
T2,native,lpo:all,all,fg_amide,F2,hgb,auroc,0.5795,0.2727,0.8409,0.5,,,,619,26,1000,,inner_cv(per fold),"{""{}"": 88}",367.54,4 positive x 22 negative analytes
T2,native,lpo:all,all,fg_amide,F2,hgb,auroc_spectra,0.5204,0.3386,0.7366,0.5,,,,619,26,1000,,inner_cv(per fold),"{""{}"": 88}",367.54,4 positive x 22 negative analytes
T2,native,lpo:all,all,fg_amide,F2,knn,auroc,0.6591,0.318,0.9889,0.5,,,,619,26,1000,,inner_cv(per fold),"{""{'k': 1}"": 77, ""{'k': 3}"": 8, ""{'k': 5}"": 3}",7.51,4 positive x 22 negative analytes
T2,native,lpo:all,all,fg_amide,F2,knn,auroc_spectra,0.6843,0.4547,0.915,0.5,,,,619,26,1000,,inner_cv(per fold),"{""{'k': 1}"": 77, ""{'k': 3}"": 8, ""{'k': 5}"": 3}",7.51,4 positive x 22 negative analytes
T2,native,lpo:all,all,fg_amide,F3,majority,auroc,0.5,0.5,0.5,0.5,,,,619,26,1000,,inner_cv(per fold),"{""{}"": 88}",0.1,4 positive x 22 negative analytes
T2,native,lpo:all,all,fg_amide,F3,majority,auroc_spectra,0.5,0.5,0.5,0.5,,,,619,26,1000,,inner_cv(per fold),"{""{}"": 88}",0.1,4 positive x 22 negative analytes
T2,native,lpo:all,all,fg_amide,F3,lr,auroc,0.4773,0.1477,0.8182,0.5,,,,619,26,1000,,inner_cv(per fold),"{""{'C': 10.0}"": 39, ""{'C': 1.0}"": 16, ""{'C': 0.01}"": 32, ""{'C': 0.1}"": 1}",23.16,4 positive x 22 negative analytes
T2,native,lpo:all,all,fg_amide,F3,lr,auroc_spectra,0.5727,0.2422,0.8702,0.5,,,,619,26,1000,,inner_cv(per fold),"{""{'C': 10.0}"": 39, ""{'C': 1.0}"": 16, ""{'C': 0.01}"": 32, ""{'C': 0.1}"": 1}",23.16,4 positive x 22 negative analytes
T2,native,lpo:all,all,fg_amide,F3,pca_lr,auroc,0.4659,0.1023,0.8295,0.5,,,,619,26,1000,,inner_cv(per fold),"{""{'C': 10.0}"": 51, ""{'C': 1.0}"": 4, ""{'C': 0.01}"": 27, ""{'C': 0.1}"": 6}",61.8,4 positive x 22 negative analytes
T2,native,lpo:all,all,fg_amide,F3,pca_lr,auroc_spectra,0.5209,0.1544,0.8543,0.5,,,,619,26,1000,,inner_cv(per fold),"{""{'C': 10.0}"": 51, ""{'C': 1.0}"": 4, ""{'C': 0.01}"": 27, ""{'C': 0.1}"": 6}",61.8,4 positive x 22 negative analytes
T2,native,lpo:all,all,fg_amide,F3,plsda,auroc,0.5,0.1705,0.8523,0.5,,,,619,26,1000,,inner_cv(per fold),"{""{'n': 15}"": 22, ""{'n': 10}"": 27, ""{'n': 5}"": 35, ""{'n': 2}"": 4}",31.69,4 positive x 22 negative analytes
T2,native,lpo:all,all,fg_amide,F3,plsda,auroc_spectra,0.5309,0.1915,0.8577,0.5,,,,619,26,1000,,inner_cv(per fold),"{""{'n': 15}"": 22, ""{'n': 10}"": 27, ""{'n': 5}"": 35, ""{'n': 2}"": 4}",31.69,4 positive x 22 negative analytes
T2,native,lpo:all,all,fg_amide,F3,ncm,auroc,0.3864,0.125,0.6932,0.5,,,,619,26,1000,,inner_cv(per fold),"{""{}"": 88}",0.61,4 positive x 22 negative analytes
T2,native,lpo:all,all,fg_amide,F3,ncm,auroc_spectra,0.4433,0.2689,0.6205,0.5,,,,619,26,1000,,inner_cv(per fold),"{""{}"": 88}",0.61,4 positive x 22 negative analytes
T2,native,lpo:all,all,fg_amide,F3,hgb,auroc,0.7614,0.5455,0.9318,0.5,,,,619,26,1000,,inner_cv(per fold),"{""{}"": 88}",344.99,4 positive x 22 negative analytes
T2,native,lpo:all,all,fg_amide,F3,hgb,auroc_spectra,0.6047,0.2774,0.9363,0.5,,,,619,26,1000,,inner_cv(per fold),"{""{}"": 88}",344.99,4 positive x 22 negative analytes
T2,native,lpo:all,all,fg_amide,F3,knn,auroc,0.8523,0.6591,0.9886,0.5,0.2118,1000,0.5074,619,26,1000,,inner_cv(per fold),"{""{'k': 1}"": 77, ""{'k': 5}"": 1, ""{'k': 3}"": 10}",5.76,4 positive x 22 negative analytes
T2,native,lpo:all,all,fg_amide,F3,knn,auroc_spectra,0.6723,0.4528,0.8996,0.5,,,,619,26,1000,,inner_cv(per fold),"{""{'k': 1}"": 77, ""{'k': 5}"": 1, ""{'k': 3}"": 10}",5.76,4 positive x 22 negative analytes
T2,native,lpo:all,all,fg_amide,F1.bg,majority,auroc,0.5,0.5,0.5,0.5,,,,619,26,1000,,inner_cv(per fold),"{""{}"": 88}",0.13,4 positive x 22 negative analytes
T2,native,lpo:all,all,fg_amide,F1.bg,majority,auroc_spectra,0.5,0.5,0.5,0.5,,,,619,26,1000,,inner_cv(per fold),"{""{}"": 88}",0.13,4 positive x 22 negative analytes
T2,native,lpo:all,all,fg_amide,F1.bg,lr,auroc,0.6591,0.3636,0.9318,0.5,,,,619,26,1000,,inner_cv(per fold),"{""{'C': 10.0}"": 47, ""{'C': 0.1}"": 24, ""{'C': 0.01}"": 17}",10.67,4 positive x 22 negative analytes
T2,native,lpo:all,all,fg_amide,F1.bg,lr,auroc_spectra,0.7019,0.4797,0.9148,0.5,,,,619,26,1000,,inner_cv(per fold),"{""{'C': 10.0}"": 47, ""{'C': 0.1}"": 24, ""{'C': 0.01}"": 17}",10.67,4 positive x 22 negative analytes
T2,native,lpo:all,all,fg_amide,F1.bg,pca_lr,auroc,0.625,0.3182,0.9207,0.5,,,,619,26,1000,,inner_cv(per fold),"{""{'C': 10.0}"": 44, ""{'C': 1.0}"": 6, ""{'C': 0.1}"": 34, ""{'C': 0.01}"": 4}",11.3,4 positive x 22 negative analytes
T2,native,lpo:all,all,fg_amide,F1.bg,pca_lr,auroc_spectra,0.7121,0.5003,0.9181,0.5,,,,619,26,1000,,inner_cv(per fold),"{""{'C': 10.0}"": 44, ""{'C': 1.0}"": 6, ""{'C': 0.1}"": 34, ""{'C': 0.01}"": 4}",11.3,4 positive x 22 negative analytes
T2,native,lpo:all,all,fg_amide,F1.bg,plsda,auroc,0.4773,0.3295,0.6477,0.5,,,,619,26,1000,,inner_cv(per fold),"{""{'n': 5}"": 43, ""{'n': 15}"": 33, ""{'n': 10}"": 10, ""{'n': 2}"": 2}",4.09,4 positive x 22 negative analytes
T2,native,lpo:all,all,fg_amide,F1.bg,plsda,auroc_spectra,0.5454,0.4022,0.6892,0.5,,,,619,26,1000,,inner_cv(per fold),"{""{'n': 5}"": 43, ""{'n': 15}"": 33, ""{'n': 10}"": 10, ""{'n': 2}"": 2}",4.09,4 positive x 22 negative analytes
T2,native,lpo:all,all,fg_amide,F1.bg,ncm,auroc,0.3182,0.0909,0.5909,0.5,,,,619,26,1000,,inner_cv(per fold),"{""{}"": 88}",0.08,4 positive x 22 negative analytes
T2,native,lpo:all,all,fg_amide,F1.bg,ncm,auroc_spectra,0.419,0.2638,0.5456,0.5,,,,619,26,1000,,inner_cv(per fold),"{""{}"": 88}",0.08,4 positive x 22 negative analytes
T2,native,lpo:all,all,fg_amide,F1.bg,hgb,auroc,0.4545,0.2841,0.6253,0.5,,,,619,26,1000,,inner_cv(per fold),"{""{}"": 88}",13.51,4 positive x 22 negative analytes
T2,native,lpo:all,all,fg_amide,F1.bg,hgb,auroc_spectra,0.5005,0.2929,0.7205,0.5,,,,619,26,1000,,inner_cv(per fold),"{""{}"": 88}",13.51,4 positive x 22 negative analytes
T2,native,lpo:all,all,fg_amide,F1.bg,knn,auroc,0.6534,0.2953,1.0,0.5,,,,619,26,1000,,inner_cv(per fold),"{""{'k': 1}"": 76, ""{'k': 5}"": 12}",2.47,4 positive x 22 negative analytes
T2,native,lpo:all,all,fg_amide,F1.bg,knn,auroc_spectra,0.7056,0.4758,0.9292,0.5,,,,619,26,1000,,inner_cv(per fold),"{""{'k': 1}"": 76, ""{'k': 5}"": 12}",2.47,4 positive x 22 negative analytes
T2,native,lpo:all,all,fg_amide,F3.bg,majority,auroc,0.5,0.5,0.5,0.5,,,,619,26,1000,,inner_cv(per fold),"{""{}"": 88}",0.09,4 positive x 22 negative analytes
T2,native,lpo:all,all,fg_amide,F3.bg,majority,auroc_spectra,0.5,0.5,0.5,0.5,,,,619,26,1000,,inner_cv(per fold),"{""{}"": 88}",0.09,4 positive x 22 negative analytes
T2,native,lpo:all,all,fg_amide,F3.bg,lr,auroc,0.5,0.1591,0.8409,0.5,,,,619,26,1000,,inner_cv(per fold),"{""{'C': 10.0}"": 34, ""{'C': 1.0}"": 23, ""{'C': 0.01}"": 31}",22.81,4 positive x 22 negative analytes
T2,native,lpo:all,all,fg_amide,F3.bg,lr,auroc_spectra,0.6084,0.3276,0.8856,0.5,,,,619,26,1000,,inner_cv(per fold),"{""{'C': 10.0}"": 34, ""{'C': 1.0}"": 23, ""{'C': 0.01}"": 31}",22.81,4 positive x 22 negative analytes
T2,native,lpo:all,all,fg_amide,F3.bg,pca_lr,auroc,0.4318,0.0909,0.7955,0.5,,,,619,26,1000,,inner_cv(per fold),"{""{'C': 10.0}"": 45, ""{'C': 1.0}"": 8, ""{'C': 0.01}"": 29, ""{'C': 0.1}"": 6}",63.68,4 positive x 22 negative analytes
T2,native,lpo:all,all,fg_amide,F3.bg,pca_lr,auroc_spectra,0.5517,0.1959,0.8723,0.5,,,,619,26,1000,,inner_cv(per fold),"{""{'C': 10.0}"": 45, ""{'C': 1.0}"": 8, ""{'C': 0.01}"": 29, ""{'C': 0.1}"": 6}",63.68,4 positive x 22 negative analytes
T2,native,lpo:all,all,fg_amide,F3.bg,plsda,auroc,0.5,0.1702,0.8409,0.5,,,,619,26,1000,,inner_cv(per fold),"{""{'n': 15}"": 25, ""{'n': 10}"": 20, ""{'n': 5}"": 39, ""{'n': 2}"": 4}",30.95,4 positive x 22 negative analytes
T2,native,lpo:all,all,fg_amide,F3.bg,plsda,auroc_spectra,0.5457,0.2061,0.8739,0.5,,,,619,26,1000,,inner_cv(per fold),"{""{'n': 15}"": 25, ""{'n': 10}"": 20, ""{'n': 5}"": 39, ""{'n': 2}"": 4}",30.95,4 positive x 22 negative analytes
T2,native,lpo:all,all,fg_amide,F3.bg,ncm,auroc,0.3977,0.0909,0.75,0.5,,,,619,26,1000,,inner_cv(per fold),"{""{}"": 88}",0.86,4 positive x 22 negative analytes
T2,native,lpo:all,all,fg_amide,F3.bg,ncm,auroc_spectra,0.4527,0.2676,0.6323,0.5,,,,619,26,1000,,inner_cv(per fold),"{""{}"": 88}",0.86,4 positive x 22 negative analytes
T2,native,lpo:all,all,fg_amide,F3.bg,hgb,auroc,0.6477,0.3409,0.9094,0.5,,,,619,26,1000,,inner_cv(per fold),"{""{}"": 88}",343.27,4 positive x 22 negative analytes
T2,native,lpo:all,all,fg_amide,F3.bg,hgb,auroc_spectra,0.5907,0.285,0.9063,0.5,,,,619,26,1000,,inner_cv(per fold),"{""{}"": 88}",343.27,4 positive x 22 negative analytes
T2,native,lpo:all,all,fg_amide,F3.bg,knn,auroc,0.7841,0.5909,0.9318,0.5,,,,619,26,1000,,inner_cv(per fold),"{""{'k': 1}"": 58, ""{'k': 10}"": 28, ""{'k': 5}"": 2}",8.18,4 positive x 22 negative analytes
T2,native,lpo:all,all,fg_amide,F3.bg,knn,auroc_spectra,0.6449,0.4684,0.8329,0.5,,,,619,26,1000,,inner_cv(per fold),"{""{'k': 1}"": 58, ""{'k': 10}"": 28, ""{'k': 5}"": 2}",8.18,4 positive x 22 negative analytes
T2,native,lpo:all,all,fg_amide,F3.d1,majority,auroc,0.5,0.5,0.5,0.5,,,,619,26,1000,,inner_cv(per fold),"{""{}"": 88}",0.1,4 positive x 22 negative analytes
T2,native,lpo:all,all,fg_amide,F3.d1,majority,auroc_spectra,0.5,0.5,0.5,0.5,,,,619,26,1000,,inner_cv(per fold),"{""{}"": 88}",0.1,4 positive x 22 negative analytes
T2,native,lpo:all,all,fg_amide,F3.d1,lr,auroc,0.5284,0.2385,0.8412,0.5,,,,619,26,1000,,inner_cv(per fold),"{""{'C': 10.0}"": 60, ""{'C': 1.0}"": 13, ""{'C': 0.1}"": 4, ""{'C': 0.01}"": 11}",24.97,4 positive x 22 negative analytes
T2,native,lpo:all,all,fg_amide,F3.d1,lr,auroc_spectra,0.5849,0.3239,0.8363,0.5,,,,619,26,1000,,inner_cv(per fold),"{""{'C': 10.0}"": 60, ""{'C': 1.0}"": 13, ""{'C': 0.1}"": 4, ""{'C': 0.01}"": 11}",24.97,4 positive x 22 negative analytes
T2,native,lpo:all,all,fg_amide,F3.d1,pca_lr,auroc,0.4318,0.0793,0.8409,0.5,,,,619,26,1000,,inner_cv(per fold),"{""{'C': 10.0}"": 78, ""{'C': 1.0}"": 1, ""{'C': 0.01}"": 9}",61.31,4 positive x 22 negative analytes
T2,native,lpo:all,all,fg_amide,F3.d1,pca_lr,auroc_spectra,0.5297,0.2049,0.8524,0.5,,,,619,26,1000,,inner_cv(per fold),"{""{'C': 10.0}"": 78, ""{'C': 1.0}"": 1, ""{'C': 0.01}"": 9}",61.31,4 positive x 22 negative analytes
T2,native,lpo:all,all,fg_amide,F3.d1,plsda,auroc,0.4886,0.1591,0.8409,0.5,,,,619,26,1000,,inner_cv(per fold),"{""{'n': 15}"": 39, ""{'n': 2}"": 4, ""{'n': 10}"": 31, ""{'n': 5}"": 14}",30.82,4 positive x 22 negative analytes
T2,native,lpo:all,all,fg_amide,F3.d1,plsda,auroc_spectra,0.5179,0.2114,0.8284,0.5,,,,619,26,1000,,inner_cv(per fold),"{""{'n': 15}"": 39, ""{'n': 2}"": 4, ""{'n': 10}"": 31, ""{'n': 5}"": 14}",30.82,4 positive x 22 negative analytes
T2,native,lpo:all,all,fg_amide,F3.d1,ncm,auroc,0.4432,0.2386,0.6591,0.5,,,,619,26,1000,,inner_cv(per fold),"{""{}"": 88}",0.96,4 positive x 22 negative analytes
T2,native,lpo:all,all,fg_amide,F3.d1,ncm,auroc_spectra,0.3943,0.2757,0.5356,0.5,,,,619,26,1000,,inner_cv(per fold),"{""{}"": 88}",0.96,4 positive x 22 negative analytes
T2,native,lpo:all,all,fg_amide,F3.d1,hgb,auroc,0.4773,0.1818,0.8182,0.5,,,,619,26,1000,,inner_cv(per fold),"{""{}"": 88}",438.2,4 positive x 22 negative analytes
T2,native,lpo:all,all,fg_amide,F3.d1,hgb,auroc_spectra,0.5388,0.3272,0.7823,0.5,,,,619,26,1000,,inner_cv(per fold),"{""{}"": 88}",438.2,4 positive x 22 negative analytes
T2,native,lpo:all,all,fg_amide,F3.d1,knn,auroc,0.7784,0.4656,1.0,0.5,,,,619,26,1000,,inner_cv(per fold),"{""{'k': 1}"": 83, ""{'k': 3}"": 4, ""{'k': 5}"": 1}",5.23,4 positive x 22 negative analytes
T2,native,lpo:all,all,fg_amide,F3.d1,knn,auroc_spectra,0.7125,0.4762,0.9477,0.5,,,,619,26,1000,,inner_cv(per fold),"{""{'k': 1}"": 83, ""{'k': 3}"": 4, ""{'k': 5}"": 1}",5.23,4 positive x 22 negative analytes
T2,native,lpo:all,all,fg_amide,META_matrix,lr,auroc,0.5909,0.2955,0.8864,0.5,,,,619,26,1000,,inner_cv(per fold),"{""{'C': 0.01}"": 86, ""{'C': 0.1}"": 2}",2.28,4 positive x 22 negative analytes; matrix-only control
T2,native,lpo:all,all,fg_amide,META_matrix,lr,auroc_spectra,0.6287,0.3902,0.8737,0.5,,,,619,26,1000,,inner_cv(per fold),"{""{'C': 0.01}"": 86, ""{'C': 0.1}"": 2}",2.28,4 positive x 22 negative analytes; matrix-only control
T2,native,lpo:all,all,fg_hydroxyl_aliphatic,F1,majority,auroc,0.5,0.5,0.5,0.5,,,,619,26,1000,,inner_cv(per fold),"{""{}"": 69}",0.07,3 positive x 23 negative analytes
T2,native,lpo:all,all,fg_hydroxyl_aliphatic,F1,majority,auroc_spectra,0.5,0.5,0.5,0.5,,,,619,26,1000,,inner_cv(per fold),"{""{}"": 69}",0.07,3 positive x 23 negative analytes
T2,native,lpo:all,all,fg_hydroxyl_aliphatic,F1,lr,auroc,0.5507,0.2174,0.9565,0.5,0.3337,1000,0.4898,619,26,1000,,inner_cv(per fold),"{""{'C': 10.0}"": 23, ""{'C': 0.01}"": 46}",1.78,3 positive x 23 negative analytes
T2,native,lpo:all,all,fg_hydroxyl_aliphatic,F1,lr,auroc_spectra,0.5995,0.2852,0.9457,0.5,,,,619,26,1000,,inner_cv(per fold),"{""{'C': 10.0}"": 23, ""{'C': 0.01}"": 46}",1.78,3 positive x 23 negative analytes
T2,native,lpo:all,all,fg_hydroxyl_aliphatic,F1,pca_lr,auroc,0.6087,0.2899,1.0,0.5,,,,619,26,1000,,inner_cv(per fold),"{""{'C': 10.0}"": 23, ""{'C': 0.01}"": 46}",4.44,3 positive x 23 negative analytes
T2,native,lpo:all,all,fg_hydroxyl_aliphatic,F1,pca_lr,auroc_spectra,0.6083,0.3169,0.9835,0.5,,,,619,26,1000,,inner_cv(per fold),"{""{'C': 10.0}"": 23, ""{'C': 0.01}"": 46}",4.44,3 positive x 23 negative analytes
T2,native,lpo:all,all,fg_hydroxyl_aliphatic,F1,plsda,auroc,0.5797,0.2464,0.9565,0.5,,,,619,26,1000,,inner_cv(per fold),"{""{'n': 10}"": 13, ""{'n': 2}"": 46, ""{'n': 5}"": 7, ""{'n': 15}"": 3}",1.16,3 positive x 23 negative analytes
T2,native,lpo:all,all,fg_hydroxyl_aliphatic,F1,plsda,auroc_spectra,0.5879,0.3174,0.9457,0.5,,,,619,26,1000,,inner_cv(per fold),"{""{'n': 10}"": 13, ""{'n': 2}"": 46, ""{'n': 5}"": 7, ""{'n': 15}"": 3}",1.16,3 positive x 23 negative analytes
T2,native,lpo:all,all,fg_hydroxyl_aliphatic,F1,ncm,auroc,0.2609,0.087,0.4783,0.5,,,,619,26,1000,,inner_cv(per fold),"{""{}"": 69}",0.13,3 positive x 23 negative analytes
T2,native,lpo:all,all,fg_hydroxyl_aliphatic,F1,ncm,auroc_spectra,0.3456,0.1827,0.5809,0.5,,,,619,26,1000,,inner_cv(per fold),"{""{}"": 69}",0.13,3 positive x 23 negative analytes
T2,native,lpo:all,all,fg_hydroxyl_aliphatic,F1,hgb,auroc,0.3188,0.1594,0.4783,0.5,,,,619,26,1000,,inner_cv(per fold),"{""{}"": 69}",12.77,3 positive x 23 negative analytes
T2,native,lpo:all,all,fg_hydroxyl_aliphatic,F1,hgb,auroc_spectra,0.5547,0.3825,0.7158,0.5,,,,619,26,1000,,inner_cv(per fold),"{""{}"": 69}",12.77,3 positive x 23 negative analytes
T2,native,lpo:all,all,fg_hydroxyl_aliphatic,F1,knn,auroc,0.3551,0.2464,0.4565,0.5,,,,619,26,1000,,inner_cv(per fold),"{""{'k': 1}"": 69}",0.93,3 positive x 23 negative analytes
T2,native,lpo:all,all,fg_hydroxyl_aliphatic,F1,knn,auroc_spectra,0.4859,0.47,0.4972,0.5,,,,619,26,1000,,inner_cv(per fold),"{""{'k': 1}"": 69}",0.93,3 positive x 23 negative analytes
T2,native,lpo:all,all,fg_hydroxyl_aliphatic,F1pos,majority,auroc,0.5,0.5,0.5,0.5,,,,619,26,1000,,inner_cv(per fold),"{""{}"": 69}",0.07,3 positive x 23 negative analytes
T2,native,lpo:all,all,fg_hydroxyl_aliphatic,F1pos,majority,auroc_spectra,0.5,0.5,0.5,0.5,,,,619,26,1000,,inner_cv(per fold),"{""{}"": 69}",0.07,3 positive x 23 negative analytes
T2,native,lpo:all,all,fg_hydroxyl_aliphatic,F1pos,lr,auroc,0.6087,0.3188,0.9565,0.5,,,,619,26,1000,,inner_cv(per fold),"{""{'C': 10.0}"": 22, ""{'C': 1.0}"": 1, ""{'C': 0.01}"": 46}",1.59,3 positive x 23 negative analytes
T2,native,lpo:all,all,fg_hydroxyl_aliphatic,F1pos,lr,auroc_spectra,0.6938,0.5097,0.9275,0.5,,,,619,26,1000,,inner_cv(per fold),"{""{'C': 10.0}"": 22, ""{'C': 1.0}"": 1, ""{'C': 0.01}"": 46}",1.59,3 positive x 23 negative analytes
T2,native,lpo:all,all,fg_hydroxyl_aliphatic,F1pos,pca_lr,auroc,0.6667,0.3913,0.9134,0.5,,,,619,26,1000,,inner_cv(per fold),"{""{'C': 10.0}"": 20, ""{'C': 0.01}"": 46, ""{'C': 1.0}"": 3}",2.51,3 positive x 23 negative analytes
T2,native,lpo:all,all,fg_hydroxyl_aliphatic,F1pos,pca_lr,auroc_spectra,0.6927,0.507,0.9089,0.5,,,,619,26,1000,,inner_cv(per fold),"{""{'C': 10.0}"": 20, ""{'C': 0.01}"": 46, ""{'C': 1.0}"": 3}",2.51,3 positive x 23 negative analytes
T2,native,lpo:all,all,fg_hydroxyl_aliphatic,F1pos,plsda,auroc,0.6087,0.3475,0.913,0.5,,,,619,26,1000,,inner_cv(per fold),"{""{'n': 2}"": 56, ""{'n': 5}"": 4, ""{'n': 10}"": 2, ""{'n': 15}"": 7}",1.2,3 positive x 23 negative analytes
T2,native,lpo:all,all,fg_hydroxyl_aliphatic,F1pos,plsda,auroc_spectra,0.6129,0.4313,0.864,0.5,,,,619,26,1000,,inner_cv(per fold),"{""{'n': 2}"": 56, ""{'n': 5}"": 4, ""{'n': 10}"": 2, ""{'n': 15}"": 7}",1.2,3 positive x 23 negative analytes
T2,native,lpo:all,all,fg_hydroxyl_aliphatic,F1pos,ncm,auroc,0.4783,0.1159,1.0,0.5,,,,619,26,1000,,inner_cv(per fold),"{""{}"": 69}",0.07,3 positive x 23 negative analytes
T2,native,lpo:all,all,fg_hydroxyl_aliphatic,F1pos,ncm,auroc_spectra,0.5364,0.2624,0.9348,0.5,,,,619,26,1000,,inner_cv(per fold),"{""{}"": 69}",0.07,3 positive x 23 negative analytes
T2,native,lpo:all,all,fg_hydroxyl_aliphatic,F1pos,hgb,auroc,0.5217,0.3478,0.6957,0.5,,,,619,26,1000,,inner_cv(per fold),"{""{}"": 69}",9.88,3 positive x 23 negative analytes
T2,native,lpo:all,all,fg_hydroxyl_aliphatic,F1pos,hgb,auroc_spectra,0.5532,0.3395,0.7562,0.5,,,,619,26,1000,,inner_cv(per fold),"{""{}"": 69}",9.88,3 positive x 23 negative analytes
T2,native,lpo:all,all,fg_hydroxyl_aliphatic,F1pos,knn,auroc,0.6087,0.3116,1.0,0.5,,,,619,26,1000,,inner_cv(per fold),"{""{'k': 1}"": 68, ""{'k': 10}"": 1}",0.93,3 positive x 23 negative analytes
T2,native,lpo:all,all,fg_hydroxyl_aliphatic,F1pos,knn,auroc_spectra,0.6528,0.4758,0.9825,0.5,,,,619,26,1000,,inner_cv(per fold),"{""{'k': 1}"": 68, ""{'k': 10}"": 1}",0.93,3 positive x 23 negative analytes
T2,native,lpo:all,all,fg_hydroxyl_aliphatic,F2,majority,auroc,0.5,0.5,0.5,0.5,,,,619,26,1000,,inner_cv(per fold),"{""{}"": 69}",0.08,3 positive x 23 negative analytes
T2,native,lpo:all,all,fg_hydroxyl_aliphatic,F2,majority,auroc_spectra,0.5,0.5,0.5,0.5,,,,619,26,1000,,inner_cv(per fold),"{""{}"": 69}",0.08,3 positive x 23 negative analytes
T2,native,lpo:all,all,fg_hydroxyl_aliphatic,F2,lr,auroc,0.5942,0.304,0.9565,0.5,,,,619,26,1000,,inner_cv(per fold),"{""{'C': 10.0}"": 20, ""{'C': 0.01}"": 46, ""{'C': 1.0}"": 3}",8.72,3 positive x 23 negative analytes
T2,native,lpo:all,all,fg_hydroxyl_aliphatic,F2,lr,auroc_spectra,0.611,0.3638,0.9349,0.5,,,,619,26,1000,,inner_cv(per fold),"{""{'C': 10.0}"": 20, ""{'C': 0.01}"": 46, ""{'C': 1.0}"": 3}",8.72,3 positive x 23 negative analytes
T2,native,lpo:all,all,fg_hydroxyl_aliphatic,F2,pca_lr,auroc,0.4638,0.1304,0.8696,0.5,,,,619,26,1000,,inner_cv(per fold),"{""{'C': 10.0}"": 12, ""{'C': 0.01}"": 48, ""{'C': 1.0}"": 3, ""{'C': 0.1}"": 6}",18.32,3 positive x 23 negative analytes
T2,native,lpo:all,all,fg_hydroxyl_aliphatic,F2,pca_lr,auroc_spectra,0.4778,0.1694,0.837,0.5,,,,619,26,1000,,inner_cv(per fold),"{""{'C': 10.0}"": 12, ""{'C': 0.01}"": 48, ""{'C': 1.0}"": 3, ""{'C': 0.1}"": 6}",18.32,3 positive x 23 negative analytes
T2,native,lpo:all,all,fg_hydroxyl_aliphatic,F2,plsda,auroc,0.4638,0.1304,0.8272,0.5,,,,619,26,1000,,inner_cv(per fold),"{""{'n': 15}"": 9, ""{'n': 2}"": 52, ""{'n': 5}"": 3, ""{'n': 10}"": 5}",8.15,3 positive x 23 negative analytes
T2,native,lpo:all,all,fg_hydroxyl_aliphatic,F2,plsda,auroc_spectra,0.4903,0.2206,0.8169,0.5,,,,619,26,1000,,inner_cv(per fold),"{""{'n': 15}"": 9, ""{'n': 2}"": 52, ""{'n': 5}"": 3, ""{'n': 10}"": 5}",8.15,3 positive x 23 negative analytes
T2,native,lpo:all,all,fg_hydroxyl_aliphatic,F2,ncm,auroc,0.2174,0.087,0.3768,0.5,,,,619,26,1000,,inner_cv(per fold),"{""{}"": 69}",0.49,3 positive x 23 negative analytes
T2,native,lpo:all,all,fg_hydroxyl_aliphatic,F2,ncm,auroc_spectra,0.2515,0.1209,0.4534,0.5,,,,619,26,1000,,inner_cv(per fold),"{""{}"": 69}",0.49,3 positive x 23 negative analytes
T2,native,lpo:all,all,fg_hydroxyl_aliphatic,F2,hgb,auroc,0.2609,0.029,0.5801,0.5,,,,619,26,1000,,inner_cv(per fold),"{""{}"": 69}",278.66,3 positive x 23 negative analytes
T2,native,lpo:all,all,fg_hydroxyl_aliphatic,F2,hgb,auroc_spectra,0.4651,0.222,0.7971,0.5,,,,619,26,1000,,inner_cv(per fold),"{""{}"": 69}",278.66,3 positive x 23 negative analytes
T2,native,lpo:all,all,fg_hydroxyl_aliphatic,F2,knn,auroc,0.3623,0.2609,0.4565,0.5,,,,619,26,1000,,inner_cv(per fold),"{""{'k': 1}"": 68, ""{'k': 10}"": 1}",3.01,3 positive x 23 negative analytes
T2,native,lpo:all,all,fg_hydroxyl_aliphatic,F2,knn,auroc_spectra,0.4843,0.4652,0.4965,0.5,,,,619,26,1000,,inner_cv(per fold),"{""{'k': 1}"": 68, ""{'k': 10}"": 1}",3.01,3 positive x 23 negative analytes
T2,native,lpo:all,all,fg_hydroxyl_aliphatic,F3,majority,auroc,0.5,0.5,0.5,0.5,,,,619,26,1000,,inner_cv(per fold),"{""{}"": 69}",0.08,3 positive x 23 negative analytes
T2,native,lpo:all,all,fg_hydroxyl_aliphatic,F3,majority,auroc_spectra,0.5,0.5,0.5,0.5,,,,619,26,1000,,inner_cv(per fold),"{""{}"": 69}",0.08,3 positive x 23 negative analytes
T2,native,lpo:all,all,fg_hydroxyl_aliphatic,F3,lr,auroc,0.6377,0.3913,0.913,0.5,,,,619,26,1000,,inner_cv(per fold),"{""{'C': 10.0}"": 11, ""{'C': 0.01}"": 46, ""{'C': 1.0}"": 12}",8.85,3 positive x 23 negative analytes
T2,native,lpo:all,all,fg_hydroxyl_aliphatic,F3,lr,auroc_spectra,0.5365,0.2277,0.9178,0.5,,,,619,26,1000,,inner_cv(per fold),"{""{'C': 10.0}"": 11, ""{'C': 0.01}"": 46, ""{'C': 1.0}"": 12}",8.85,3 positive x 23 negative analytes
T2,native,lpo:all,all,fg_hydroxyl_aliphatic,F3,pca_lr,auroc,0.5797,0.3188,0.913,0.5,,,,619,26,1000,,inner_cv(per fold),"{""{'C': 10.0}"": 22, ""{'C': 0.01}"": 46, ""{'C': 1.0}"": 1}",18.34,3 positive x 23 negative analytes
T2,native,lpo:all,all,fg_hydroxyl_aliphatic,F3,pca_lr,auroc_spectra,0.5584,0.2388,0.9744,0.5,,,,619,26,1000,,inner_cv(per fold),"{""{'C': 10.0}"": 22, ""{'C': 0.01}"": 46, ""{'C': 1.0}"": 1}",18.34,3 positive x 23 negative analytes
T2,native,lpo:all,all,fg_hydroxyl_aliphatic,F3,plsda,auroc,0.5652,0.2319,0.913,0.5,,,,619,26,1000,,inner_cv(per fold),"{""{'n': 10}"": 11, ""{'n': 2}"": 51, ""{'n': 15}"": 4, ""{'n': 5}"": 3}",9.41,3 positive x 23 negative analytes
T2,native,lpo:all,all,fg_hydroxyl_aliphatic,F3,plsda,auroc_spectra,0.5343,0.2442,0.8745,0.5,,,,619,26,1000,,inner_cv(per fold),"{""{'n': 10}"": 11, ""{'n': 2}"": 51, ""{'n': 15}"": 4, ""{'n': 5}"": 3}",9.41,3 positive x 23 negative analytes
T2,native,lpo:all,all,fg_hydroxyl_aliphatic,F3,ncm,auroc,0.2464,0.1159,0.3913,0.5,,,,619,26,1000,,inner_cv(per fold),"{""{}"": 69}",0.59,3 positive x 23 negative analytes
T2,native,lpo:all,all,fg_hydroxyl_aliphatic,F3,ncm,auroc_spectra,0.2606,0.0935,0.4851,0.5,,,,619,26,1000,,inner_cv(per fold),"{""{}"": 69}",0.59,3 positive x 23 negative analytes
T2,native,lpo:all,all,fg_hydroxyl_aliphatic,F3,hgb,auroc,0.3768,0.058,0.8696,0.5,,,,619,26,1000,,inner_cv(per fold),"{""{}"": 69}",245.29,3 positive x 23 negative analytes
T2,native,lpo:all,all,fg_hydroxyl_aliphatic,F3,hgb,auroc_spectra,0.4482,0.1755,0.8881,0.5,,,,619,26,1000,,inner_cv(per fold),"{""{}"": 69}",245.29,3 positive x 23 negative analytes
T2,native,lpo:all,all,fg_hydroxyl_aliphatic,F3,knn,auroc,0.413,0.3261,0.4783,0.5,,,,619,26,1000,,inner_cv(per fold),"{""{'k': 1}"": 69}",2.28,3 positive x 23 negative analytes
T2,native,lpo:all,all,fg_hydroxyl_aliphatic,F3,knn,auroc_spectra,0.4833,0.4621,0.4986,0.5,,,,619,26,1000,,inner_cv(per fold),"{""{'k': 1}"": 69}",2.28,3 positive x 23 negative analytes
T2,native,lpo:all,all,fg_hydroxyl_aliphatic,F1.bg,majority,auroc,0.5,0.5,0.5,0.5,,,,619,26,1000,,inner_cv(per fold),"{""{}"": 69}",0.07,3 positive x 23 negative analytes
T2,native,lpo:all,all,fg_hydroxyl_aliphatic,F1.bg,majority,auroc_spectra,0.5,0.5,0.5,0.5,,,,619,26,1000,,inner_cv(per fold),"{""{}"": 69}",0.07,3 positive x 23 negative analytes
T2,native,lpo:all,all,fg_hydroxyl_aliphatic,F1.bg,lr,auroc,0.6522,0.3333,1.0,0.5,,,,619,26,1000,,inner_cv(per fold),"{""{'C': 10.0}"": 23, ""{'C': 0.01}"": 46}",1.96,3 positive x 23 negative analytes
T2,native,lpo:all,all,fg_hydroxyl_aliphatic,F1.bg,lr,auroc_spectra,0.6896,0.4064,0.9808,0.5,,,,619,26,1000,,inner_cv(per fold),"{""{'C': 10.0}"": 23, ""{'C': 0.01}"": 46}",1.96,3 positive x 23 negative analytes
T2,native,lpo:all,all,fg_hydroxyl_aliphatic,F1.bg,pca_lr,auroc,0.6232,0.3043,1.0,0.5,,,,619,26,1000,,inner_cv(per fold),"{""{'C': 10.0}"": 23, ""{'C': 0.01}"": 46}",4.55,3 positive x 23 negative analytes
T2,native,lpo:all,all,fg_hydroxyl_aliphatic,F1.bg,pca_lr,auroc_spectra,0.66,0.372,0.9663,0.5,,,,619,26,1000,,inner_cv(per fold),"{""{'C': 10.0}"": 23, ""{'C': 0.01}"": 46}",4.55,3 positive x 23 negative analytes
T2,native,lpo:all,all,fg_hydroxyl_aliphatic,F1.bg,plsda,auroc,0.6667,0.3333,0.9275,0.5,,,,619,26,1000,,inner_cv(per fold),"{""{'n': 10}"": 17, ""{'n': 15}"": 2, ""{'n': 2}"": 46, ""{'n': 5}"": 4}",1.29,3 positive x 23 negative analytes
T2,native,lpo:all,all,fg_hydroxyl_aliphatic,F1.bg,plsda,auroc_spectra,0.6511,0.3816,0.8883,0.5,,,,619,26,1000,,inner_cv(per fold),"{""{'n': 10}"": 17, ""{'n': 15}"": 2, ""{'n': 2}"": 46, ""{'n': 5}"": 4}",1.29,3 positive x 23 negative analytes
T2,native,lpo:all,all,fg_hydroxyl_aliphatic,F1.bg,ncm,auroc,0.4203,0.1159,0.8696,0.5,,,,619,26,1000,,inner_cv(per fold),"{""{}"": 69}",0.07,3 positive x 23 negative analytes
T2,native,lpo:all,all,fg_hydroxyl_aliphatic,F1.bg,ncm,auroc_spectra,0.3691,0.1826,0.6341,0.5,,,,619,26,1000,,inner_cv(per fold),"{""{}"": 69}",0.07,3 positive x 23 negative analytes
T2,native,lpo:all,all,fg_hydroxyl_aliphatic,F1.bg,hgb,auroc,0.3043,0.087,0.5362,0.5,,,,619,26,1000,,inner_cv(per fold),"{""{}"": 69}",8.91,3 positive x 23 negative analytes
T2,native,lpo:all,all,fg_hydroxyl_aliphatic,F1.bg,hgb,auroc_spectra,0.4945,0.2455,0.7336,0.5,,,,619,26,1000,,inner_cv(per fold),"{""{}"": 69}",8.91,3 positive x 23 negative analytes
T2,native,lpo:all,all,fg_hydroxyl_aliphatic,F1.bg,knn,auroc,0.3768,0.2826,0.4565,0.5,,,,619,26,1000,,inner_cv(per fold),"{""{'k': 1}"": 69}",0.95,3 positive x 23 negative analytes
T2,native,lpo:all,all,fg_hydroxyl_aliphatic,F1.bg,knn,auroc_spectra,0.49,0.4799,0.4974,0.5,,,,619,26,1000,,inner_cv(per fold),"{""{'k': 1}"": 69}",0.95,3 positive x 23 negative analytes
T2,native,lpo:all,all,fg_hydroxyl_aliphatic,F3.bg,majority,auroc,0.5,0.5,0.5,0.5,,,,619,26,1000,,inner_cv(per fold),"{""{}"": 69}",0.08,3 positive x 23 negative analytes
T2,native,lpo:all,all,fg_hydroxyl_aliphatic,F3.bg,majority,auroc_spectra,0.5,0.5,0.5,0.5,,,,619,26,1000,,inner_cv(per fold),"{""{}"": 69}",0.08,3 positive x 23 negative analytes
T2,native,lpo:all,all,fg_hydroxyl_aliphatic,F3.bg,lr,auroc,0.6087,0.3475,0.913,0.5,,,,619,26,1000,,inner_cv(per fold),"{""{'C': 10.0}"": 12, ""{'C': 0.01}"": 46, ""{'C': 1.0}"": 11}",7.41,3 positive x 23 negative analytes
T2,native,lpo:all,all,fg_hydroxyl_aliphatic,F3.bg,lr,auroc_spectra,0.5861,0.2236,0.9249,0.5,,,,619,26,1000,,inner_cv(per fold),"{""{'C': 10.0}"": 12, ""{'C': 0.01}"": 46, ""{'C': 1.0}"": 11}",7.41,3 positive x 23 negative analytes
T2,native,lpo:all,all,fg_hydroxyl_aliphatic,F3.bg,pca_lr,auroc,0.6232,0.3768,0.8696,0.5,,,,619,26,1000,,inner_cv(per fold),"{""{'C': 10.0}"": 23, ""{'C': 0.01}"": 46}",26.29,3 positive x 23 negative analytes
T2,native,lpo:all,all,fg_hydroxyl_aliphatic,F3.bg,pca_lr,auroc_spectra,0.5751,0.2269,0.9254,0.5,,,,619,26,1000,,inner_cv(per fold),"{""{'C': 10.0}"": 23, ""{'C': 0.01}"": 46}",26.29,3 positive x 23 negative analytes
T2,native,lpo:all,all,fg_hydroxyl_aliphatic,F3.bg,plsda,auroc,0.5797,0.2464,0.9565,0.5,,,,619,26,1000,,inner_cv(per fold),"{""{'n': 10}"": 6, ""{'n': 15}"": 9, ""{'n': 2}"": 50, ""{'n': 5}"": 4}",10.51,3 positive x 23 negative analytes
T2,native,lpo:all,all,fg_hydroxyl_aliphatic,F3.bg,plsda,auroc_spectra,0.5774,0.2828,0.894,0.5,,,,619,26,1000,,inner_cv(per fold),"{""{'n': 10}"": 6, ""{'n': 15}"": 9, ""{'n': 2}"": 50, ""{'n': 5}"": 4}",10.51,3 positive x 23 negative analytes
T2,native,lpo:all,all,fg_hydroxyl_aliphatic,F3.bg,ncm,auroc,0.2029,0.0725,0.3768,0.5,,,,619,26,1000,,inner_cv(per fold),"{""{}"": 69}",0.69,3 positive x 23 negative analytes
T2,native,lpo:all,all,fg_hydroxyl_aliphatic,F3.bg,ncm,auroc_spectra,0.2628,0.1033,0.4789,0.5,,,,619,26,1000,,inner_cv(per fold),"{""{}"": 69}",0.69,3 positive x 23 negative analytes
T2,native,lpo:all,all,fg_hydroxyl_aliphatic,F3.bg,hgb,auroc,0.3768,0.2174,0.5217,0.5,,,,619,26,1000,,inner_cv(per fold),"{""{}"": 69}",284.42,3 positive x 23 negative analytes
T2,native,lpo:all,all,fg_hydroxyl_aliphatic,F3.bg,hgb,auroc_spectra,0.4514,0.2983,0.6338,0.5,,,,619,26,1000,,inner_cv(per fold),"{""{}"": 69}",284.42,3 positive x 23 negative analytes
T2,native,lpo:all,all,fg_hydroxyl_aliphatic,F3.bg,knn,auroc,0.3913,0.2899,0.471,0.5,,,,619,26,1000,,inner_cv(per fold),"{""{'k': 1}"": 68, ""{'k': 3}"": 1}",2.27,3 positive x 23 negative analytes
T2,native,lpo:all,all,fg_hydroxyl_aliphatic,F3.bg,knn,auroc_spectra,0.4683,0.4267,0.495,0.5,,,,619,26,1000,,inner_cv(per fold),"{""{'k': 1}"": 68, ""{'k': 3}"": 1}",2.27,3 positive x 23 negative analytes
T2,native,lpo:all,all,fg_hydroxyl_aliphatic,F3.d1,majority,auroc,0.5,0.5,0.5,0.5,,,,619,26,1000,,inner_cv(per fold),"{""{}"": 69}",0.08,3 positive x 23 negative analytes
T2,native,lpo:all,all,fg_hydroxyl_aliphatic,F3.d1,majority,auroc_spectra,0.5,0.5,0.5,0.5,,,,619,26,1000,,inner_cv(per fold),"{""{}"": 69}",0.08,3 positive x 23 negative analytes
T2,native,lpo:all,all,fg_hydroxyl_aliphatic,F3.d1,lr,auroc,0.7101,0.4348,1.0,0.5,0.1198,216,0.4842,619,26,1000,,inner_cv(per fold),"{""{'C': 1.0}"": 13, ""{'C': 10.0}"": 9, ""{'C': 0.01}"": 46, ""{'C': 0.1}"": 1}",8.85,3 positive x 23 negative analytes
T2,native,lpo:all,all,fg_hydroxyl_aliphatic,F3.d1,lr,auroc_spectra,0.6271,0.385,0.9752,0.5,,,,619,26,1000,,inner_cv(per fold),"{""{'C': 1.0}"": 13, ""{'C': 10.0}"": 9, ""{'C': 0.01}"": 46, ""{'C': 0.1}"": 1}",8.85,3 positive x 23 negative analytes
T2,native,lpo:all,all,fg_hydroxyl_aliphatic,F3.d1,pca_lr,auroc,0.6812,0.4058,1.0,0.5,,,,619,26,1000,,inner_cv(per fold),"{""{'C': 10.0}"": 17, ""{'C': 0.01}"": 46, ""{'C': 1.0}"": 6}",19.09,3 positive x 23 negative analytes
T2,native,lpo:all,all,fg_hydroxyl_aliphatic,F3.d1,pca_lr,auroc_spectra,0.6201,0.3779,0.9772,0.5,,,,619,26,1000,,inner_cv(per fold),"{""{'C': 10.0}"": 17, ""{'C': 0.01}"": 46, ""{'C': 1.0}"": 6}",19.09,3 positive x 23 negative analytes
T2,native,lpo:all,all,fg_hydroxyl_aliphatic,F3.d1,plsda,auroc,0.5072,0.1884,0.8696,0.5,,,,619,26,1000,,inner_cv(per fold),"{""{'n': 2}"": 55, ""{'n': 10}"": 1, ""{'n': 5}"": 4, ""{'n': 15}"": 9}",10.67,3 positive x 23 negative analytes
T2,native,lpo:all,all,fg_hydroxyl_aliphatic,F3.d1,plsda,auroc_spectra,0.536,0.2569,0.8644,0.5,,,,619,26,1000,,inner_cv(per fold),"{""{'n': 2}"": 55, ""{'n': 10}"": 1, ""{'n': 5}"": 4, ""{'n': 15}"": 9}",10.67,3 positive x 23 negative analytes
T2,native,lpo:all,all,fg_hydroxyl_aliphatic,F3.d1,ncm,auroc,0.3913,0.0725,0.8272,0.5,,,,619,26,1000,,inner_cv(per fold),"{""{}"": 69}",0.53,3 positive x 23 negative analytes
T2,native,lpo:all,all,fg_hydroxyl_aliphatic,F3.d1,ncm,auroc_spectra,0.3769,0.1552,0.6561,0.5,,,,619,26,1000,,inner_cv(per fold),"{""{}"": 69}",0.53,3 positive x 23 negative analytes
T2,native,lpo:all,all,fg_hydroxyl_aliphatic,F3.d1,hgb,auroc,0.3768,0.087,0.7391,0.5,,,,619,26,1000,,inner_cv(per fold),"{""{}"": 69}",258.24,3 positive x 23 negative analytes
T2,native,lpo:all,all,fg_hydroxyl_aliphatic,F3.d1,hgb,auroc_spectra,0.5023,0.2227,0.8792,0.5,,,,619,26,1000,,inner_cv(per fold),"{""{}"": 69}",258.24,3 positive x 23 negative analytes
T2,native,lpo:all,all,fg_hydroxyl_aliphatic,F3.d1,knn,auroc,0.6014,0.3333,1.0,0.5,,,,619,26,1000,,inner_cv(per fold),"{""{'k': 1}"": 65, ""{'k': 5}"": 1, ""{'k': 3}"": 3}",2.19,3 positive x 23 negative analytes
T2,native,lpo:all,all,fg_hydroxyl_aliphatic,F3.d1,knn,auroc_spectra,0.6395,0.456,0.9619,0.5,,,,619,26,1000,,inner_cv(per fold),"{""{'k': 1}"": 65, ""{'k': 5}"": 1, ""{'k': 3}"": 3}",2.19,3 positive x 23 negative analytes
T2,native,lpo:all,all,fg_hydroxyl_aliphatic,META_matrix,lr,auroc,0.3913,0.1304,0.6957,0.5,,,,619,26,1000,,inner_cv(per fold),"{""{'C': 0.01}"": 67, ""{'C': 10.0}"": 2}",0.99,3 positive x 23 negative analytes; matrix-only control
T2,native,lpo:all,all,fg_hydroxyl_aliphatic,META_matrix,lr,auroc_spectra,0.3194,0.1425,0.4866,0.5,,,,619,26,1000,,inner_cv(per fold),"{""{'C': 0.01}"": 67, ""{'C': 10.0}"": 2}",0.99,3 positive x 23 negative analytes; matrix-only control
T2,native,lpo:all,all,fg_phenol,F1,majority,auroc,0.5,0.5,0.5,0.5,,,,619,26,1000,,inner_cv(per fold),"{""{}"": 48}",0.06,2 positive x 24 negative analytes
T2,native,lpo:all,all,fg_phenol,F1,majority,auroc_spectra,0.5,0.5,0.5,0.5,,,,619,26,1000,,inner_cv(per fold),"{""{}"": 48}",0.06,2 positive x 24 negative analytes
T2,native,lpo:all,all,fg_phenol,F1,lr,auroc,0.1458,0.0417,0.2708,0.5,0.9311,1000,0.5136,619,26,1000,,inner_cv(per fold),"{""{'C': 0.1}"": 48}",0.26,2 positive x 24 negative analytes
T2,native,lpo:all,all,fg_phenol,F1,lr,auroc_spectra,0.231,0.0622,0.3771,0.5,,,,619,26,1000,,inner_cv(per fold),"{""{'C': 0.1}"": 48}",0.26,2 positive x 24 negative analytes
T2,native,lpo:all,all,fg_phenol,F1,pca_lr,auroc,0.1562,0.0417,0.2917,0.5,,,,619,26,1000,,inner_cv(per fold),"{""{'C': 0.1}"": 48}",0.38,2 positive x 24 negative analytes
T2,native,lpo:all,all,fg_phenol,F1,pca_lr,auroc_spectra,0.2495,0.0729,0.3984,0.5,,,,619,26,1000,,inner_cv(per fold),"{""{'C': 0.1}"": 48}",0.38,2 positive x 24 negative analytes
T2,native,lpo:all,all,fg_phenol,F1,plsda,auroc,0.7083,0.4167,0.9583,0.5,,,,619,26,1000,,inner_cv(per fold),"{""{'n': 10}"": 48}",0.24,2 positive x 24 negative analytes
T2,native,lpo:all,all,fg_phenol,F1,plsda,auroc_spectra,0.7302,0.5313,0.9354,0.5,,,,619,26,1000,,inner_cv(per fold),"{""{'n': 10}"": 48}",0.24,2 positive x 24 negative analytes
T2,native,lpo:all,all,fg_phenol,F1,ncm,auroc,0.2083,0.0,0.5417,0.5,,,,619,26,1000,,inner_cv(per fold),"{""{}"": 48}",0.06,2 positive x 24 negative analytes
T2,native,lpo:all,all,fg_phenol,F1,ncm,auroc_spectra,0.3222,0.0916,0.6405,0.5,,,,619,26,1000,,inner_cv(per fold),"{""{}"": 48}",0.06,2 positive x 24 negative analytes
T2,native,lpo:all,all,fg_phenol,F1,hgb,auroc,0.3229,0.0833,0.6667,0.5,,,,619,26,1000,,inner_cv(per fold),"{""{}"": 48}",3.77,2 positive x 24 negative analytes
T2,native,lpo:all,all,fg_phenol,F1,hgb,auroc_spectra,0.5561,0.3149,0.8276,0.5,,,,619,26,1000,,inner_cv(per fold),"{""{}"": 48}",3.77,2 positive x 24 negative analytes
T2,native,lpo:all,all,fg_phenol,F1,knn,auroc,0.3646,0.2292,0.4792,0.5,,,,619,26,1000,,inner_cv(per fold),"{""{'k': 5}"": 48}",0.12,2 positive x 24 negative analytes
T2,native,lpo:all,all,fg_phenol,F1,knn,auroc_spectra,0.452,0.4123,0.4993,0.5,,,,619,26,1000,,inner_cv(per fold),"{""{'k': 5}"": 48}",0.12,2 positive x 24 negative analytes
T2,native,lpo:all,all,fg_phenol,F1pos,majority,auroc,0.5,0.5,0.5,0.5,,,,619,26,1000,,inner_cv(per fold),"{""{}"": 48}",0.07,2 positive x 24 negative analytes
T2,native,lpo:all,all,fg_phenol,F1pos,majority,auroc_spectra,0.5,0.5,0.5,0.5,,,,619,26,1000,,inner_cv(per fold),"{""{}"": 48}",0.07,2 positive x 24 negative analytes
T2,native,lpo:all,all,fg_phenol,F1pos,lr,auroc,0.1042,0.0,0.2083,0.5,,,,619,26,1000,,inner_cv(per fold),"{""{'C': 0.1}"": 48}",0.26,2 positive x 24 negative analytes
T2,native,lpo:all,all,fg_phenol,F1pos,lr,auroc_spectra,0.2134,0.0427,0.372,0.5,,,,619,26,1000,,inner_cv(per fold),"{""{'C': 0.1}"": 48}",0.26,2 positive x 24 negative analytes
T2,native,lpo:all,all,fg_phenol,F1pos,pca_lr,auroc,0.0625,0.0,0.2083,0.5,,,,619,26,1000,,inner_cv(per fold),"{""{'C': 0.1}"": 48}",0.36,2 positive x 24 negative analytes
T2,native,lpo:all,all,fg_phenol,F1pos,pca_lr,auroc_spectra,0.1559,0.0,0.3518,0.5,,,,619,26,1000,,inner_cv(per fold),"{""{'C': 0.1}"": 48}",0.36,2 positive x 24 negative analytes
T2,native,lpo:all,all,fg_phenol,F1pos,plsda,auroc,0.5625,0.1667,0.9167,0.5,,,,619,26,1000,,inner_cv(per fold),"{""{'n': 10}"": 48}",0.24,2 positive x 24 negative analytes
T2,native,lpo:all,all,fg_phenol,F1pos,plsda,auroc_spectra,0.6813,0.5035,0.8683,0.5,,,,619,26,1000,,inner_cv(per fold),"{""{'n': 10}"": 48}",0.24,2 positive x 24 negative analytes
T2,native,lpo:all,all,fg_phenol,F1pos,ncm,auroc,0.2292,0.0,0.5,0.5,,,,619,26,1000,,inner_cv(per fold),"{""{}"": 48}",0.07,2 positive x 24 negative analytes
T2,native,lpo:all,all,fg_phenol,F1pos,ncm,auroc_spectra,0.3499,0.1453,0.613,0.5,,,,619,26,1000,,inner_cv(per fold),"{""{}"": 48}",0.07,2 positive x 24 negative analytes
T2,native,lpo:all,all,fg_phenol,F1pos,hgb,auroc,0.3333,0.125,0.625,0.5,,,,619,26,1000,,inner_cv(per fold),"{""{}"": 48}",4.49,2 positive x 24 negative analytes
T2,native,lpo:all,all,fg_phenol,F1pos,hgb,auroc_spectra,0.5578,0.3533,0.8015,0.5,,,,619,26,1000,,inner_cv(per fold),"{""{}"": 48}",4.49,2 positive x 24 negative analytes
T2,native,lpo:all,all,fg_phenol,F1pos,knn,auroc,0.375,0.2083,0.5,0.5,,,,619,26,1000,,inner_cv(per fold),"{""{'k': 5}"": 48}",0.12,2 positive x 24 negative analytes
T2,native,lpo:all,all,fg_phenol,F1pos,knn,auroc_spectra,0.4493,0.3933,0.5,0.5,,,,619,26,1000,,inner_cv(per fold),"{""{'k': 5}"": 48}",0.12,2 positive x 24 negative analytes
T2,native,lpo:all,all,fg_phenol,F2,majority,auroc,0.5,0.5,0.5,0.5,,,,619,26,1000,,inner_cv(per fold),"{""{}"": 48}",0.07,2 positive x 24 negative analytes
T2,native,lpo:all,all,fg_phenol,F2,majority,auroc_spectra,0.5,0.5,0.5,0.5,,,,619,26,1000,,inner_cv(per fold),"{""{}"": 48}",0.07,2 positive x 24 negative analytes
T2,native,lpo:all,all,fg_phenol,F2,lr,auroc,0.4375,0.2083,0.7083,0.5,,,,619,26,1000,,inner_cv(per fold),"{""{'C': 0.1}"": 48}",1.11,2 positive x 24 negative analytes
T2,native,lpo:all,all,fg_phenol,F2,lr,auroc_spectra,0.5582,0.3916,0.7474,0.5,,,,619,26,1000,,inner_cv(per fold),"{""{'C': 0.1}"": 48}",1.11,2 positive x 24 negative analytes
T2,native,lpo:all,all,fg_phenol,F2,pca_lr,auroc,0.1667,0.0417,0.3333,0.5,,,,619,26,1000,,inner_cv(per fold),"{""{'C': 0.1}"": 48}",4.34,2 positive x 24 negative analytes
T2,native,lpo:all,all,fg_phenol,F2,pca_lr,auroc_spectra,0.251,0.086,0.4211,0.5,,,,619,26,1000,,inner_cv(per fold),"{""{'C': 0.1}"": 48}",4.34,2 positive x 24 negative analytes
T2,native,lpo:all,all,fg_phenol,F2,plsda,auroc,0.875,0.7292,1.0,0.5,,,,619,26,1000,,inner_cv(per fold),"{""{'n': 10}"": 48}",3.1,2 positive x 24 negative analytes
T2,native,lpo:all,all,fg_phenol,F2,plsda,auroc_spectra,0.8129,0.6302,0.9716,0.5,,,,619,26,1000,,inner_cv(per fold),"{""{'n': 10}"": 48}",3.1,2 positive x 24 negative analytes
T2,native,lpo:all,all,fg_phenol,F2,ncm,auroc,0.3958,0.2083,0.5833,0.5,,,,619,26,1000,,inner_cv(per fold),"{""{}"": 48}",0.14,2 positive x 24 negative analytes
T2,native,lpo:all,all,fg_phenol,F2,ncm,auroc_spectra,0.4751,0.3222,0.6452,0.5,,,,619,26,1000,,inner_cv(per fold),"{""{}"": 48}",0.14,2 positive x 24 negative analytes
T2,native,lpo:all,all,fg_phenol,F2,hgb,auroc,0.3125,0.0417,0.625,0.5,,,,619,26,1000,,inner_cv(per fold),"{""{}"": 48}",125.35,2 positive x 24 negative analytes
T2,native,lpo:all,all,fg_phenol,F2,hgb,auroc_spectra,0.5424,0.2839,0.8338,0.5,,,,619,26,1000,,inner_cv(per fold),"{""{}"": 48}",125.35,2 positive x 24 negative analytes
T2,native,lpo:all,all,fg_phenol,F2,knn,auroc,0.4062,0.2917,0.5,0.5,,,,619,26,1000,,inner_cv(per fold),"{""{'k': 5}"": 48}",0.23,2 positive x 24 negative analytes
T2,native,lpo:all,all,fg_phenol,F2,knn,auroc_spectra,0.4697,0.4167,0.5,0.5,,,,619,26,1000,,inner_cv(per fold),"{""{'k': 5}"": 48}",0.23,2 positive x 24 negative analytes
T2,native,lpo:all,all,fg_phenol,F3,majority,auroc,0.5,0.5,0.5,0.5,,,,619,26,1000,,inner_cv(per fold),"{""{}"": 48}",0.07,2 positive x 24 negative analytes
T2,native,lpo:all,all,fg_phenol,F3,majority,auroc_spectra,0.5,0.5,0.5,0.5,,,,619,26,1000,,inner_cv(per fold),"{""{}"": 48}",0.07,2 positive x 24 negative analytes
T2,native,lpo:all,all,fg_phenol,F3,lr,auroc,0.8958,0.6667,1.0,0.5,,,,619,26,1000,,inner_cv(per fold),"{""{'C': 0.1}"": 48}",0.94,2 positive x 24 negative analytes
T2,native,lpo:all,all,fg_phenol,F3,lr,auroc_spectra,0.9136,0.7681,1.0,0.5,,,,619,26,1000,,inner_cv(per fold),"{""{'C': 0.1}"": 48}",0.94,2 positive x 24 negative analytes
T2,native,lpo:all,all,fg_phenol,F3,pca_lr,auroc,0.8958,0.6667,1.0,0.5,,,,619,26,1000,,inner_cv(per fold),"{""{'C': 0.1}"": 48}",4.34,2 positive x 24 negative analytes
T2,native,lpo:all,all,fg_phenol,F3,pca_lr,auroc_spectra,0.9271,0.8038,1.0,0.5,,,,619,26,1000,,inner_cv(per fold),"{""{'C': 0.1}"": 48}",4.34,2 positive x 24 negative analytes
T2,native,lpo:all,all,fg_phenol,F3,plsda,auroc,0.875,0.6667,1.0,0.5,,,,619,26,1000,,inner_cv(per fold),"{""{'n': 10}"": 48}",1.93,2 positive x 24 negative analytes
T2,native,lpo:all,all,fg_phenol,F3,plsda,auroc_spectra,0.8573,0.7036,0.9896,0.5,,,,619,26,1000,,inner_cv(per fold),"{""{'n': 10}"": 48}",1.93,2 positive x 24 negative analytes
T2,native,lpo:all,all,fg_phenol,F3,ncm,auroc,0.4375,0.25,0.625,0.5,,,,619,26,1000,,inner_cv(per fold),"{""{}"": 48}",0.59,2 positive x 24 negative analytes
T2,native,lpo:all,all,fg_phenol,F3,ncm,auroc_spectra,0.4799,0.2992,0.6865,0.5,,,,619,26,1000,,inner_cv(per fold),"{""{}"": 48}",0.59,2 positive x 24 negative analytes
T2,native,lpo:all,all,fg_phenol,F3,hgb,auroc,0.5208,0.0417,1.0,0.5,,,,619,26,1000,,inner_cv(per fold),"{""{}"": 48}",115.98,2 positive x 24 negative analytes
T2,native,lpo:all,all,fg_phenol,F3,hgb,auroc_spectra,0.63,0.27,0.9798,0.5,,,,619,26,1000,,inner_cv(per fold),"{""{}"": 48}",115.98,2 positive x 24 negative analytes
T2,native,lpo:all,all,fg_phenol,F3,knn,auroc,0.4479,0.3745,0.5,0.5,,,,619,26,1000,,inner_cv(per fold),"{""{'k': 5}"": 48}",0.36,2 positive x 24 negative analytes
T2,native,lpo:all,all,fg_phenol,F3,knn,auroc_spectra,0.4868,0.4477,0.5,0.5,,,,619,26,1000,,inner_cv(per fold),"{""{'k': 5}"": 48}",0.36,2 positive x 24 negative analytes
T2,native,lpo:all,all,fg_phenol,F1.bg,majority,auroc,0.5,0.5,0.5,0.5,,,,619,26,1000,,inner_cv(per fold),"{""{}"": 48}",0.06,2 positive x 24 negative analytes
T2,native,lpo:all,all,fg_phenol,F1.bg,majority,auroc_spectra,0.5,0.5,0.5,0.5,,,,619,26,1000,,inner_cv(per fold),"{""{}"": 48}",0.06,2 positive x 24 negative analytes
T2,native,lpo:all,all,fg_phenol,F1.bg,lr,auroc,0.3542,0.1667,0.5417,0.5,,,,619,26,1000,,inner_cv(per fold),"{""{'C': 0.1}"": 48}",0.24,2 positive x 24 negative analytes
T2,native,lpo:all,all,fg_phenol,F1.bg,lr,auroc_spectra,0.436,0.2056,0.608,0.5,,,,619,26,1000,,inner_cv(per fold),"{""{'C': 0.1}"": 48}",0.24,2 positive x 24 negative analytes
T2,native,lpo:all,all,fg_phenol,F1.bg,pca_lr,auroc,0.3333,0.0833,0.5833,0.5,,,,619,26,1000,,inner_cv(per fold),"{""{'C': 0.1}"": 48}",0.38,2 positive x 24 negative analytes
T2,native,lpo:all,all,fg_phenol,F1.bg,pca_lr,auroc_spectra,0.4552,0.2473,0.6341,0.5,,,,619,26,1000,,inner_cv(per fold),"{""{'C': 0.1}"": 48}",0.38,2 positive x 24 negative analytes
T2,native,lpo:all,all,fg_phenol,F1.bg,plsda,auroc,0.75,0.5833,0.875,0.5,,,,619,26,1000,,inner_cv(per fold),"{""{'n': 10}"": 48}",0.39,2 positive x 24 negative analytes
T2,native,lpo:all,all,fg_phenol,F1.bg,plsda,auroc_spectra,0.7286,0.6229,0.8362,0.5,,,,619,26,1000,,inner_cv(per fold),"{""{'n': 10}"": 48}",0.39,2 positive x 24 negative analytes
T2,native,lpo:all,all,fg_phenol,F1.bg,ncm,auroc,0.2917,0.0417,0.5417,0.5,,,,619,26,1000,,inner_cv(per fold),"{""{}"": 48}",0.06,2 positive x 24 negative analytes
T2,native,lpo:all,all,fg_phenol,F1.bg,ncm,auroc_spectra,0.4117,0.2493,0.6406,0.5,,,,619,26,1000,,inner_cv(per fold),"{""{}"": 48}",0.06,2 positive x 24 negative analytes
T2,native,lpo:all,all,fg_phenol,F1.bg,hgb,auroc,0.4479,0.1042,0.8333,0.5,,,,619,26,1000,,inner_cv(per fold),"{""{}"": 48}",3.66,2 positive x 24 negative analytes
T2,native,lpo:all,all,fg_phenol,F1.bg,hgb,auroc_spectra,0.5838,0.2864,0.8906,0.5,,,,619,26,1000,,inner_cv(per fold),"{""{}"": 48}",3.66,2 positive x 24 negative analytes
T2,native,lpo:all,all,fg_phenol,F1.bg,knn,auroc,0.3542,0.1875,0.5,0.5,,,,619,26,1000,,inner_cv(per fold),"{""{'k': 5}"": 48}",0.12,2 positive x 24 negative analytes
T2,native,lpo:all,all,fg_phenol,F1.bg,knn,auroc_spectra,0.4431,0.3958,0.5,0.5,,,,619,26,1000,,inner_cv(per fold),"{""{'k': 5}"": 48}",0.12,2 positive x 24 negative analytes
T2,native,lpo:all,all,fg_phenol,F3.bg,majority,auroc,0.5,0.5,0.5,0.5,,,,619,26,1000,,inner_cv(per fold),"{""{}"": 48}",0.07,2 positive x 24 negative analytes
T2,native,lpo:all,all,fg_phenol,F3.bg,majority,auroc_spectra,0.5,0.5,0.5,0.5,,,,619,26,1000,,inner_cv(per fold),"{""{}"": 48}",0.07,2 positive x 24 negative analytes
T2,native,lpo:all,all,fg_phenol,F3.bg,lr,auroc,0.8958,0.7083,1.0,0.5,,,,619,26,1000,,inner_cv(per fold),"{""{'C': 0.1}"": 48}",0.98,2 positive x 24 negative analytes
T2,native,lpo:all,all,fg_phenol,F3.bg,lr,auroc_spectra,0.9133,0.8181,0.9921,0.5,,,,619,26,1000,,inner_cv(per fold),"{""{'C': 0.1}"": 48}",0.98,2 positive x 24 negative analytes
T2,native,lpo:all,all,fg_phenol,F3.bg,pca_lr,auroc,0.8958,0.7083,1.0,0.5,,,,619,26,1000,,inner_cv(per fold),"{""{'C': 0.1}"": 48}",4.52,2 positive x 24 negative analytes
T2,native,lpo:all,all,fg_phenol,F3.bg,pca_lr,auroc_spectra,0.9018,0.8147,0.9802,0.5,,,,619,26,1000,,inner_cv(per fold),"{""{'C': 0.1}"": 48}",4.52,2 positive x 24 negative analytes
T2,native,lpo:all,all,fg_phenol,F3.bg,plsda,auroc,0.9167,0.7917,1.0,0.5,0.0479,354,0.4916,619,26,1000,,inner_cv(per fold),"{""{'n': 10}"": 48}",3.08,2 positive x 24 negative analytes
T2,native,lpo:all,all,fg_phenol,F3.bg,plsda,auroc_spectra,0.857,0.7229,0.9896,0.5,,,,619,26,1000,,inner_cv(per fold),"{""{'n': 10}"": 48}",3.08,2 positive x 24 negative analytes
T2,native,lpo:all,all,fg_phenol,F3.bg,ncm,auroc,0.6458,0.4167,0.8333,0.5,,,,619,26,1000,,inner_cv(per fold),"{""{}"": 48}",0.63,2 positive x 24 negative analytes
T2,native,lpo:all,all,fg_phenol,F3.bg,ncm,auroc_spectra,0.5647,0.4341,0.6956,0.5,,,,619,26,1000,,inner_cv(per fold),"{""{}"": 48}",0.63,2 positive x 24 negative analytes
T2,native,lpo:all,all,fg_phenol,F3.bg,hgb,auroc,0.4375,0.2083,0.6667,0.5,,,,619,26,1000,,inner_cv(per fold),"{""{}"": 48}",103.07,2 positive x 24 negative analytes
T2,native,lpo:all,all,fg_phenol,F3.bg,hgb,auroc_spectra,0.5146,0.3033,0.7893,0.5,,,,619,26,1000,,inner_cv(per fold),"{""{}"": 48}",103.07,2 positive x 24 negative analytes
T2,native,lpo:all,all,fg_phenol,F3.bg,knn,auroc,0.4479,0.375,0.5,0.5,,,,619,26,1000,,inner_cv(per fold),"{""{'k': 5}"": 48}",0.2,2 positive x 24 negative analytes
T2,native,lpo:all,all,fg_phenol,F3.bg,knn,auroc_spectra,0.4817,0.4375,0.5,0.5,,,,619,26,1000,,inner_cv(per fold),"{""{'k': 5}"": 48}",0.2,2 positive x 24 negative analytes
T2,native,lpo:all,all,fg_phenol,F3.d1,majority,auroc,0.5,0.5,0.5,0.5,,,,619,26,1000,,inner_cv(per fold),"{""{}"": 48}",0.07,2 positive x 24 negative analytes
T2,native,lpo:all,all,fg_phenol,F3.d1,majority,auroc_spectra,0.5,0.5,0.5,0.5,,,,619,26,1000,,inner_cv(per fold),"{""{}"": 48}",0.07,2 positive x 24 negative analytes
T2,native,lpo:all,all,fg_phenol,F3.d1,lr,auroc,0.5833,0.374,0.7917,0.5,,,,619,26,1000,,inner_cv(per fold),"{""{'C': 0.1}"": 48}",1.0,2 positive x 24 negative analytes
T2,native,lpo:all,all,fg_phenol,F3.d1,lr,auroc_spectra,0.5886,0.4419,0.7503,0.5,,,,619,26,1000,,inner_cv(per fold),"{""{'C': 0.1}"": 48}",1.0,2 positive x 24 negative analytes
T2,native,lpo:all,all,fg_phenol,F3.d1,pca_lr,auroc,0.4167,0.0833,0.7917,0.5,,,,619,26,1000,,inner_cv(per fold),"{""{'C': 0.1}"": 48}",4.53,2 positive x 24 negative analytes
T2,native,lpo:all,all,fg_phenol,F3.d1,pca_lr,auroc_spectra,0.3968,0.2178,0.5518,0.5,,,,619,26,1000,,inner_cv(per fold),"{""{'C': 0.1}"": 48}",4.53,2 positive x 24 negative analytes
T2,native,lpo:all,all,fg_phenol,F3.d1,plsda,auroc,0.7917,0.5417,1.0,0.5,,,,619,26,1000,,inner_cv(per fold),"{""{'n': 10}"": 48}",3.08,2 positive x 24 negative analytes
T2,native,lpo:all,all,fg_phenol,F3.d1,plsda,auroc_spectra,0.7215,0.4521,0.9607,0.5,,,,619,26,1000,,inner_cv(per fold),"{""{'n': 10}"": 48}",3.08,2 positive x 24 negative analytes
T2,native,lpo:all,all,fg_phenol,F3.d1,ncm,auroc,0.2708,0.0,0.625,0.5,,,,619,26,1000,,inner_cv(per fold),"{""{}"": 48}",0.11,2 positive x 24 negative analytes
T2,native,lpo:all,all,fg_phenol,F3.d1,ncm,auroc_spectra,0.3959,0.1225,0.7177,0.5,,,,619,26,1000,,inner_cv(per fold),"{""{}"": 48}",0.11,2 positive x 24 negative analytes
T2,native,lpo:all,all,fg_phenol,F3.d1,hgb,auroc,0.5,0.125,0.875,0.5,,,,619,26,1000,,inner_cv(per fold),"{""{}"": 48}",137.42,2 positive x 24 negative analytes
T2,native,lpo:all,all,fg_phenol,F3.d1,hgb,auroc_spectra,0.6099,0.2845,0.9418,0.5,,,,619,26,1000,,inner_cv(per fold),"{""{}"": 48}",137.42,2 positive x 24 negative analytes
T2,native,lpo:all,all,fg_phenol,F3.d1,knn,auroc,0.4375,0.3542,0.5,0.5,,,,619,26,1000,,inner_cv(per fold),"{""{'k': 5}"": 48}",0.2,2 positive x 24 negative analytes
T2,native,lpo:all,all,fg_phenol,F3.d1,knn,auroc_spectra,0.4794,0.4411,0.5,0.5,,,,619,26,1000,,inner_cv(per fold),"{""{'k': 5}"": 48}",0.2,2 positive x 24 negative analytes
T2,native,lpo:all,all,fg_phenol,META_matrix,lr,auroc,0.2292,0.0417,0.4375,0.5,,,,619,26,1000,,inner_cv(per fold),"{""{'C': 0.1}"": 48}",0.15,2 positive x 24 negative analytes; matrix-only control
T2,native,lpo:all,all,fg_phenol,META_matrix,lr,auroc_spectra,0.2546,0.0581,0.4491,0.5,,,,619,26,1000,,inner_cv(per fold),"{""{'C': 0.1}"": 48}",0.15,2 positive x 24 negative analytes; matrix-only control
T2,native,lpo:all,all,fg_aromatic_ring,F1,majority,auroc,0.5,0.5,0.5,0.5,,,,619,26,1000,,inner_cv(per fold),"{""{}"": 160}",0.1,10 positive x 16 negative analytes
T2,native,lpo:all,all,fg_aromatic_ring,F1,majority,auroc_spectra,0.5,0.5,0.5,0.5,,,,619,26,1000,,inner_cv(per fold),"{""{}"": 160}",0.1,10 positive x 16 negative analytes
T2,native,lpo:all,all,fg_aromatic_ring,F1,lr,auroc,0.4062,0.1498,0.6689,0.5,0.8591,1000,0.5018,619,26,1000,,inner_cv(per fold),"{""{'C': 10.0}"": 84, ""{'C': 0.01}"": 68, ""{'C': 1.0}"": 5, ""{'C': 0.1}"": 3}",10.45,10 positive x 16 negative analytes
T2,native,lpo:all,all,fg_aromatic_ring,F1,lr,auroc_spectra,0.408,0.2143,0.6179,0.5,,,,619,26,1000,,inner_cv(per fold),"{""{'C': 10.0}"": 84, ""{'C': 0.01}"": 68, ""{'C': 1.0}"": 5, ""{'C': 0.1}"": 3}",10.45,10 positive x 16 negative analytes
T2,native,lpo:all,all,fg_aromatic_ring,F1,pca_lr,auroc,0.2938,0.1375,0.475,0.5,,,,619,26,1000,,inner_cv(per fold),"{""{'C': 10.0}"": 80, ""{'C': 0.01}"": 40, ""{'C': 1.0}"": 32, ""{'C': 0.1}"": 8}",14.97,10 positive x 16 negative analytes
T2,native,lpo:all,all,fg_aromatic_ring,F1,pca_lr,auroc_spectra,0.3629,0.2225,0.5214,0.5,,,,619,26,1000,,inner_cv(per fold),"{""{'C': 10.0}"": 80, ""{'C': 0.01}"": 40, ""{'C': 1.0}"": 32, ""{'C': 0.1}"": 8}",14.97,10 positive x 16 negative analytes
T2,native,lpo:all,all,fg_aromatic_ring,F1,plsda,auroc,0.5125,0.2936,0.7312,0.5,,,,619,26,1000,,inner_cv(per fold),"{""{'n': 15}"": 60, ""{'n': 2}"": 88, ""{'n': 10}"": 6, ""{'n': 5}"": 6}",6.2,10 positive x 16 negative analytes
T2,native,lpo:all,all,fg_aromatic_ring,F1,plsda,auroc_spectra,0.5371,0.3353,0.7349,0.5,,,,619,26,1000,,inner_cv(per fold),"{""{'n': 15}"": 60, ""{'n': 2}"": 88, ""{'n': 10}"": 6, ""{'n': 5}"": 6}",6.2,10 positive x 16 negative analytes
T2,native,lpo:all,all,fg_aromatic_ring,F1,ncm,auroc,0.5375,0.2873,0.775,0.5,,,,619,26,1000,,inner_cv(per fold),"{""{}"": 160}",0.18,10 positive x 16 negative analytes
T2,native,lpo:all,all,fg_aromatic_ring,F1,ncm,auroc_spectra,0.532,0.3579,0.7091,0.5,,,,619,26,1000,,inner_cv(per fold),"{""{}"": 160}",0.18,10 positive x 16 negative analytes
T2,native,lpo:all,all,fg_aromatic_ring,F1,hgb,auroc,0.7937,0.5813,0.9563,0.5,,,,619,26,1000,,inner_cv(per fold),"{""{}"": 160}",41.64,10 positive x 16 negative analytes
T2,native,lpo:all,all,fg_aromatic_ring,F1,hgb,auroc_spectra,0.7679,0.5993,0.9147,0.5,,,,619,26,1000,,inner_cv(per fold),"{""{}"": 160}",41.64,10 positive x 16 negative analytes
T2,native,lpo:all,all,fg_aromatic_ring,F1,knn,auroc,0.8031,0.6155,0.9501,0.5,,,,619,26,1000,,inner_cv(per fold),"{""{'k': 3}"": 50, ""{'k': 1}"": 109, ""{'k': 5}"": 1}",4.23,10 positive x 16 negative analytes
T2,native,lpo:all,all,fg_aromatic_ring,F1,knn,auroc_spectra,0.7156,0.5796,0.8543,0.5,,,,619,26,1000,,inner_cv(per fold),"{""{'k': 3}"": 50, ""{'k': 1}"": 109, ""{'k': 5}"": 1}",4.23,10 positive x 16 negative analytes
T2,native,lpo:all,all,fg_aromatic_ring,F1pos,majority,auroc,0.5,0.5,0.5,0.5,,,,619,26,1000,,inner_cv(per fold),"{""{}"": 160}",0.1,10 positive x 16 negative analytes
T2,native,lpo:all,all,fg_aromatic_ring,F1pos,majority,auroc_spectra,0.5,0.5,0.5,0.5,,,,619,26,1000,,inner_cv(per fold),"{""{}"": 160}",0.1,10 positive x 16 negative analytes
T2,native,lpo:all,all,fg_aromatic_ring,F1pos,lr,auroc,0.4437,0.2062,0.6941,0.5,,,,619,26,1000,,inner_cv(per fold),"{""{'C': 10.0}"": 125, ""{'C': 1.0}"": 10, ""{'C': 0.01}"": 24, ""{'C': 0.1}"": 1}",10.2,10 positive x 16 negative analytes
T2,native,lpo:all,all,fg_aromatic_ring,F1pos,lr,auroc_spectra,0.4444,0.248,0.6566,0.5,,,,619,26,1000,,inner_cv(per fold),"{""{'C': 10.0}"": 125, ""{'C': 1.0}"": 10, ""{'C': 0.01}"": 24, ""{'C': 0.1}"": 1}",10.2,10 positive x 16 negative analytes
T2,native,lpo:all,all,fg_aromatic_ring,F1pos,pca_lr,auroc,0.5,0.2625,0.7312,0.5,,,,619,26,1000,,inner_cv(per fold),"{""{'C': 10.0}"": 125, ""{'C': 0.01}"": 21, ""{'C': 0.1}"": 7, ""{'C': 1.0}"": 7}",15.54,10 positive x 16 negative analytes
T2,native,lpo:all,all,fg_aromatic_ring,F1pos,pca_lr,auroc_spectra,0.503,0.3142,0.7073,0.5,,,,619,26,1000,,inner_cv(per fold),"{""{'C': 10.0}"": 125, ""{'C': 0.01}"": 21, ""{'C': 0.1}"": 7, ""{'C': 1.0}"": 7}",15.54,10 positive x 16 negative analytes
T2,native,lpo:all,all,fg_aromatic_ring,F1pos,plsda,auroc,0.4062,0.1938,0.65,0.5,,,,619,26,1000,,inner_cv(per fold),"{""{'n': 15}"": 90, ""{'n': 10}"": 26, ""{'n': 2}"": 34, ""{'n': 5}"": 10}",10.66,10 positive x 16 negative analytes
T2,native,lpo:all,all,fg_aromatic_ring,F1pos,plsda,auroc_spectra,0.4437,0.2801,0.6227,0.5,,,,619,26,1000,,inner_cv(per fold),"{""{'n': 15}"": 90, ""{'n': 10}"": 26, ""{'n': 2}"": 34, ""{'n': 5}"": 10}",10.66,10 positive x 16 negative analytes
T2,native,lpo:all,all,fg_aromatic_ring,F1pos,ncm,auroc,0.55,0.2812,0.8063,0.5,,,,619,26,1000,,inner_cv(per fold),"{""{}"": 160}",0.1,10 positive x 16 negative analytes
T2,native,lpo:all,all,fg_aromatic_ring,F1pos,ncm,auroc_spectra,0.4739,0.3077,0.6448,0.5,,,,619,26,1000,,inner_cv(per fold),"{""{}"": 160}",0.1,10 positive x 16 negative analytes
T2,native,lpo:all,all,fg_aromatic_ring,F1pos,hgb,auroc,0.6875,0.4936,0.875,0.5,,,,619,26,1000,,inner_cv(per fold),"{""{}"": 160}",24.9,10 positive x 16 negative analytes
T2,native,lpo:all,all,fg_aromatic_ring,F1pos,hgb,auroc_spectra,0.6458,0.5008,0.7886,0.5,,,,619,26,1000,,inner_cv(per fold),"{""{}"": 160}",24.9,10 positive x 16 negative analytes
T2,native,lpo:all,all,fg_aromatic_ring,F1pos,knn,auroc,0.6594,0.4313,0.8594,0.5,,,,619,26,1000,,inner_cv(per fold),"{""{'k': 1}"": 100, ""{'k': 3}"": 24, ""{'k': 5}"": 32, ""{'k': 10}"": 4}",4.45,10 positive x 16 negative analytes
T2,native,lpo:all,all,fg_aromatic_ring,F1pos,knn,auroc_spectra,0.6461,0.5115,0.7829,0.5,,,,619,26,1000,,inner_cv(per fold),"{""{'k': 1}"": 100, ""{'k': 3}"": 24, ""{'k': 5}"": 32, ""{'k': 10}"": 4}",4.45,10 positive x 16 negative analytes
T2,native,lpo:all,all,fg_aromatic_ring,F2,majority,auroc,0.5,0.5,0.5,0.5,,,,619,26,1000,,inner_cv(per fold),"{""{}"": 160}",0.13,10 positive x 16 negative analytes
T2,native,lpo:all,all,fg_aromatic_ring,F2,majority,auroc_spectra,0.5,0.5,0.5,0.5,,,,619,26,1000,,inner_cv(per fold),"{""{}"": 160}",0.13,10 positive x 16 negative analytes
T2,native,lpo:all,all,fg_aromatic_ring,F2,lr,auroc,0.5312,0.3186,0.7314,0.5,,,,619,26,1000,,inner_cv(per fold),"{""{'C': 10.0}"": 94, ""{'C': 0.01}"": 53, ""{'C': 0.1}"": 8, ""{'C': 1.0}"": 5}",52.4,10 positive x 16 negative analytes
T2,native,lpo:all,all,fg_aromatic_ring,F2,lr,auroc_spectra,0.5292,0.3434,0.702,0.5,,,,619,26,1000,,inner_cv(per fold),"{""{'C': 10.0}"": 94, ""{'C': 0.01}"": 53, ""{'C': 0.1}"": 8, ""{'C': 1.0}"": 5}",52.4,10 positive x 16 negative analytes
T2,native,lpo:all,all,fg_aromatic_ring,F2,pca_lr,auroc,0.625,0.3936,0.8502,0.5,,,,619,26,1000,,inner_cv(per fold),"{""{'C': 0.01}"": 60, ""{'C': 10.0}"": 80, ""{'C': 0.1}"": 7, ""{'C': 1.0}"": 13}",113.31,10 positive x 16 negative analytes
T2,native,lpo:all,all,fg_aromatic_ring,F2,pca_lr,auroc_spectra,0.611,0.4447,0.7886,0.5,,,,619,26,1000,,inner_cv(per fold),"{""{'C': 0.01}"": 60, ""{'C': 10.0}"": 80, ""{'C': 0.1}"": 7, ""{'C': 1.0}"": 13}",113.31,10 positive x 16 negative analytes
T2,native,lpo:all,all,fg_aromatic_ring,F2,plsda,auroc,0.5437,0.3125,0.75,0.5,,,,619,26,1000,,inner_cv(per fold),"{""{'n': 5}"": 32, ""{'n': 10}"": 25, ""{'n': 15}"": 60, ""{'n': 2}"": 43}",59.35,10 positive x 16 negative analytes
T2,native,lpo:all,all,fg_aromatic_ring,F2,plsda,auroc_spectra,0.5291,0.3662,0.6802,0.5,,,,619,26,1000,,inner_cv(per fold),"{""{'n': 5}"": 32, ""{'n': 10}"": 25, ""{'n': 15}"": 60, ""{'n': 2}"": 43}",59.35,10 positive x 16 negative analytes
T2,native,lpo:all,all,fg_aromatic_ring,F2,ncm,auroc,0.5625,0.3063,0.7877,0.5,,,,619,26,1000,,inner_cv(per fold),"{""{}"": 160}",1.17,10 positive x 16 negative analytes
T2,native,lpo:all,all,fg_aromatic_ring,F2,ncm,auroc_spectra,0.5683,0.371,0.745,0.5,,,,619,26,1000,,inner_cv(per fold),"{""{}"": 160}",1.17,10 positive x 16 negative analytes
T2,native,lpo:all,all,fg_aromatic_ring,F2,hgb,auroc,0.7438,0.5123,0.925,0.5,,,,619,26,1000,,inner_cv(per fold),"{""{}"": 160}",743.78,10 positive x 16 negative analytes
T2,native,lpo:all,all,fg_aromatic_ring,F2,hgb,auroc_spectra,0.7595,0.5763,0.9053,0.5,,,,619,26,1000,,inner_cv(per fold),"{""{}"": 160}",743.78,10 positive x 16 negative analytes
T2,native,lpo:all,all,fg_aromatic_ring,F2,knn,auroc,0.7812,0.5905,0.9438,0.5,,,,619,26,1000,,inner_cv(per fold),"{""{'k': 5}"": 51, ""{'k': 10}"": 22, ""{'k': 1}"": 54, ""{'k': 3}"": 33}",10.23,10 positive x 16 negative analytes
T2,native,lpo:all,all,fg_aromatic_ring,F2,knn,auroc_spectra,0.7145,0.5802,0.8487,0.5,,,,619,26,1000,,inner_cv(per fold),"{""{'k': 5}"": 51, ""{'k': 10}"": 22, ""{'k': 1}"": 54, ""{'k': 3}"": 33}",10.23,10 positive x 16 negative analytes
T2,native,lpo:all,all,fg_aromatic_ring,F3,majority,auroc,0.5,0.5,0.5,0.5,,,,619,26,1000,,inner_cv(per fold),"{""{}"": 160}",0.12,10 positive x 16 negative analytes
T2,native,lpo:all,all,fg_aromatic_ring,F3,majority,auroc_spectra,0.5,0.5,0.5,0.5,,,,619,26,1000,,inner_cv(per fold),"{""{}"": 160}",0.12,10 positive x 16 negative analytes
T2,native,lpo:all,all,fg_aromatic_ring,F3,lr,auroc,0.6813,0.425,0.9002,0.5,,,,619,26,1000,,inner_cv(per fold),"{""{'C': 0.01}"": 7, ""{'C': 10.0}"": 152, ""{'C': 0.1}"": 1}",39.97,10 positive x 16 negative analytes
T2,native,lpo:all,all,fg_aromatic_ring,F3,lr,auroc_spectra,0.612,0.4052,0.8152,0.5,,,,619,26,1000,,inner_cv(per fold),"{""{'C': 0.01}"": 7, ""{'C': 10.0}"": 152, ""{'C': 0.1}"": 1}",39.97,10 positive x 16 negative analytes
T2,native,lpo:all,all,fg_aromatic_ring,F3,pca_lr,auroc,0.6,0.3375,0.8313,0.5,,,,619,26,1000,,inner_cv(per fold),"{""{'C': 0.01}"": 50, ""{'C': 1.0}"": 6, ""{'C': 10.0}"": 75, ""{'C': 0.1}"": 29}",115.13,10 positive x 16 negative analytes
T2,native,lpo:all,all,fg_aromatic_ring,F3,pca_lr,auroc_spectra,0.5862,0.3527,0.8115,0.5,,,,619,26,1000,,inner_cv(per fold),"{""{'C': 0.01}"": 50, ""{'C': 1.0}"": 6, ""{'C': 10.0}"": 75, ""{'C': 0.1}"": 29}",115.13,10 positive x 16 negative analytes
T2,native,lpo:all,all,fg_aromatic_ring,F3,plsda,auroc,0.65,0.3934,0.8812,0.5,,,,619,26,1000,,inner_cv(per fold),"{""{'n': 15}"": 23, ""{'n': 10}"": 83, ""{'n': 5}"": 47, ""{'n': 2}"": 7}",97.16,10 positive x 16 negative analytes
T2,native,lpo:all,all,fg_aromatic_ring,F3,plsda,auroc_spectra,0.5627,0.3369,0.7815,0.5,,,,619,26,1000,,inner_cv(per fold),"{""{'n': 15}"": 23, ""{'n': 10}"": 83, ""{'n': 5}"": 47, ""{'n': 2}"": 7}",97.16,10 positive x 16 negative analytes
T2,native,lpo:all,all,fg_aromatic_ring,F3,ncm,auroc,0.5563,0.3063,0.7937,0.5,,,,619,26,1000,,inner_cv(per fold),"{""{}"": 160}",0.36,10 positive x 16 negative analytes
T2,native,lpo:all,all,fg_aromatic_ring,F3,ncm,auroc_spectra,0.5789,0.3789,0.7612,0.5,,,,619,26,1000,,inner_cv(per fold),"{""{}"": 160}",0.36,10 positive x 16 negative analytes
T2,native,lpo:all,all,fg_aromatic_ring,F3,hgb,auroc,0.8875,0.7438,0.9877,0.5,,,,619,26,1000,,inner_cv(per fold),"{""{}"": 160}",708.77,10 positive x 16 negative analytes
T2,native,lpo:all,all,fg_aromatic_ring,F3,hgb,auroc_spectra,0.8324,0.6731,0.9591,0.5,,,,619,26,1000,,inner_cv(per fold),"{""{}"": 160}",708.77,10 positive x 16 negative analytes
T2,native,lpo:all,all,fg_aromatic_ring,F3,knn,auroc,0.7812,0.5781,0.9437,0.5,,,,619,26,1000,,inner_cv(per fold),"{""{'k': 10}"": 59, ""{'k': 3}"": 17, ""{'k': 1}"": 83, ""{'k': 5}"": 1}",10.21,10 positive x 16 negative analytes
T2,native,lpo:all,all,fg_aromatic_ring,F3,knn,auroc_spectra,0.724,0.575,0.8558,0.5,,,,619,26,1000,,inner_cv(per fold),"{""{'k': 10}"": 59, ""{'k': 3}"": 17, ""{'k': 1}"": 83, ""{'k': 5}"": 1}",10.21,10 positive x 16 negative analytes
T2,native,lpo:all,all,fg_aromatic_ring,F1.bg,majority,auroc,0.5,0.5,0.5,0.5,,,,619,26,1000,,inner_cv(per fold),"{""{}"": 160}",0.1,10 positive x 16 negative analytes
T2,native,lpo:all,all,fg_aromatic_ring,F1.bg,majority,auroc_spectra,0.5,0.5,0.5,0.5,,,,619,26,1000,,inner_cv(per fold),"{""{}"": 160}",0.1,10 positive x 16 negative analytes
T2,native,lpo:all,all,fg_aromatic_ring,F1.bg,lr,auroc,0.1062,0.0,0.25,0.5,,,,619,26,1000,,inner_cv(per fold),"{""{'C': 10.0}"": 117, ""{'C': 0.01}"": 38, ""{'C': 0.1}"": 2, ""{'C': 1.0}"": 3}",11.49,10 positive x 16 negative analytes
T2,native,lpo:all,all,fg_aromatic_ring,F1.bg,lr,auroc_spectra,0.1344,0.0382,0.2369,0.5,,,,619,26,1000,,inner_cv(per fold),"{""{'C': 10.0}"": 117, ""{'C': 0.01}"": 38, ""{'C': 0.1}"": 2, ""{'C': 1.0}"": 3}",11.49,10 positive x 16 negative analytes
T2,native,lpo:all,all,fg_aromatic_ring,F1.bg,pca_lr,auroc,0.1812,0.0436,0.35,0.5,,,,619,26,1000,,inner_cv(per fold),"{""{'C': 10.0}"": 84, ""{'C': 1.0}"": 20, ""{'C': 0.1}"": 22, ""{'C': 0.01}"": 34}",16.31,10 positive x 16 negative analytes
T2,native,lpo:all,all,fg_aromatic_ring,F1.bg,pca_lr,auroc_spectra,0.177,0.0686,0.2914,0.5,,,,619,26,1000,,inner_cv(per fold),"{""{'C': 10.0}"": 84, ""{'C': 1.0}"": 20, ""{'C': 0.1}"": 22, ""{'C': 0.01}"": 34}",16.31,10 positive x 16 negative analytes
T2,native,lpo:all,all,fg_aromatic_ring,F1.bg,plsda,auroc,0.075,0.0125,0.1564,0.5,,,,619,26,1000,,inner_cv(per fold),"{""{'n': 15}"": 79, ""{'n': 10}"": 8, ""{'n': 2}"": 56, ""{'n': 5}"": 17}",6.89,10 positive x 16 negative analytes
T2,native,lpo:all,all,fg_aromatic_ring,F1.bg,plsda,auroc_spectra,0.1171,0.0292,0.2234,0.5,,,,619,26,1000,,inner_cv(per fold),"{""{'n': 15}"": 79, ""{'n': 10}"": 8, ""{'n': 2}"": 56, ""{'n': 5}"": 17}",6.89,10 positive x 16 negative analytes
T2,native,lpo:all,all,fg_aromatic_ring,F1.bg,ncm,auroc,0.5875,0.325,0.8187,0.5,,,,619,26,1000,,inner_cv(per fold),"{""{}"": 160}",0.1,10 positive x 16 negative analytes
T2,native,lpo:all,all,fg_aromatic_ring,F1.bg,ncm,auroc_spectra,0.5657,0.3877,0.7398,0.5,,,,619,26,1000,,inner_cv(per fold),"{""{}"": 160}",0.1,10 positive x 16 negative analytes
T2,native,lpo:all,all,fg_aromatic_ring,F1.bg,hgb,auroc,0.7562,0.55,0.9187,0.5,,,,619,26,1000,,inner_cv(per fold),"{""{}"": 160}",25.65,10 positive x 16 negative analytes
T2,native,lpo:all,all,fg_aromatic_ring,F1.bg,hgb,auroc_spectra,0.7287,0.556,0.878,0.5,,,,619,26,1000,,inner_cv(per fold),"{""{}"": 160}",25.65,10 positive x 16 negative analytes
T2,native,lpo:all,all,fg_aromatic_ring,F1.bg,knn,auroc,0.7906,0.6125,0.9314,0.5,,,,619,26,1000,,inner_cv(per fold),"{""{'k': 1}"": 89, ""{'k': 3}"": 68, ""{'k': 10}"": 1, ""{'k': 5}"": 2}",4.41,10 positive x 16 negative analytes
T2,native,lpo:all,all,fg_aromatic_ring,F1.bg,knn,auroc_spectra,0.6891,0.5678,0.8215,0.5,,,,619,26,1000,,inner_cv(per fold),"{""{'k': 1}"": 89, ""{'k': 3}"": 68, ""{'k': 10}"": 1, ""{'k': 5}"": 2}",4.41,10 positive x 16 negative analytes
T2,native,lpo:all,all,fg_aromatic_ring,F3.bg,majority,auroc,0.5,0.5,0.5,0.5,,,,619,26,1000,,inner_cv(per fold),"{""{}"": 160}",0.13,10 positive x 16 negative analytes
T2,native,lpo:all,all,fg_aromatic_ring,F3.bg,majority,auroc_spectra,0.5,0.5,0.5,0.5,,,,619,26,1000,,inner_cv(per fold),"{""{}"": 160}",0.13,10 positive x 16 negative analytes
T2,native,lpo:all,all,fg_aromatic_ring,F3.bg,lr,auroc,0.5875,0.325,0.8252,0.5,,,,619,26,1000,,inner_cv(per fold),"{""{'C': 0.01}"": 14, ""{'C': 10.0}"": 85, ""{'C': 1.0}"": 60, ""{'C': 0.1}"": 1}",41.59,10 positive x 16 negative analytes
T2,native,lpo:all,all,fg_aromatic_ring,F3.bg,lr,auroc_spectra,0.5225,0.3074,0.7329,0.5,,,,619,26,1000,,inner_cv(per fold),"{""{'C': 0.01}"": 14, ""{'C': 10.0}"": 85, ""{'C': 1.0}"": 60, ""{'C': 0.1}"": 1}",41.59,10 positive x 16 negative analytes
T2,native,lpo:all,all,fg_aromatic_ring,F3.bg,pca_lr,auroc,0.55,0.3125,0.7752,0.5,,,,619,26,1000,,inner_cv(per fold),"{""{'C': 0.01}"": 13, ""{'C': 1.0}"": 17, ""{'C': 0.1}"": 46, ""{'C': 10.0}"": 84}",167.87,10 positive x 16 negative analytes
T2,native,lpo:all,all,fg_aromatic_ring,F3.bg,pca_lr,auroc_spectra,0.5305,0.3057,0.7493,0.5,,,,619,26,1000,,inner_cv(per fold),"{""{'C': 0.01}"": 13, ""{'C': 1.0}"": 17, ""{'C': 0.1}"": 46, ""{'C': 10.0}"": 84}",167.87,10 positive x 16 negative analytes
T2,native,lpo:all,all,fg_aromatic_ring,F3.bg,plsda,auroc,0.5938,0.3123,0.8625,0.5,,,,619,26,1000,,inner_cv(per fold),"{""{'n': 15}"": 23, ""{'n': 10}"": 110, ""{'n': 5}"": 21, ""{'n': 2}"": 6}",55.27,10 positive x 16 negative analytes
T2,native,lpo:all,all,fg_aromatic_ring,F3.bg,plsda,auroc_spectra,0.5271,0.3011,0.7319,0.5,,,,619,26,1000,,inner_cv(per fold),"{""{'n': 15}"": 23, ""{'n': 10}"": 110, ""{'n': 5}"": 21, ""{'n': 2}"": 6}",55.27,10 positive x 16 negative analytes
T2,native,lpo:all,all,fg_aromatic_ring,F3.bg,ncm,auroc,0.5312,0.2498,0.7875,0.5,,,,619,26,1000,,inner_cv(per fold),"{""{}"": 160}",1.67,10 positive x 16 negative analytes
T2,native,lpo:all,all,fg_aromatic_ring,F3.bg,ncm,auroc_spectra,0.5594,0.3498,0.7499,0.5,,,,619,26,1000,,inner_cv(per fold),"{""{}"": 160}",1.67,10 positive x 16 negative analytes
T2,native,lpo:all,all,fg_aromatic_ring,F3.bg,hgb,auroc,0.9,0.775,0.9814,0.5,0.0198,100,0.4896,619,26,1000,,inner_cv(per fold),"{""{}"": 160}",803.5,10 positive x 16 negative analytes
T2,native,lpo:all,all,fg_aromatic_ring,F3.bg,hgb,auroc_spectra,0.8665,0.7562,0.9499,0.5,,,,619,26,1000,,inner_cv(per fold),"{""{}"": 160}",803.5,10 positive x 16 negative analytes
T2,native,lpo:all,all,fg_aromatic_ring,F3.bg,knn,auroc,0.7406,0.5125,0.9313,0.5,,,,619,26,1000,,inner_cv(per fold),"{""{'k': 1}"": 70, ""{'k': 5}"": 26, ""{'k': 3}"": 21, ""{'k': 10}"": 43}",10.42,10 positive x 16 negative analytes
T2,native,lpo:all,all,fg_aromatic_ring,F3.bg,knn,auroc_spectra,0.6981,0.5284,0.8482,0.5,,,,619,26,1000,,inner_cv(per fold),"{""{'k': 1}"": 70, ""{'k': 5}"": 26, ""{'k': 3}"": 21, ""{'k': 10}"": 43}",10.42,10 positive x 16 negative analytes
T2,native,lpo:all,all,fg_aromatic_ring,F3.d1,majority,auroc,0.5,0.5,0.5,0.5,,,,619,26,1000,,inner_cv(per fold),"{""{}"": 160}",0.13,10 positive x 16 negative analytes
T2,native,lpo:all,all,fg_aromatic_ring,F3.d1,majority,auroc_spectra,0.5,0.5,0.5,0.5,,,,619,26,1000,,inner_cv(per fold),"{""{}"": 160}",0.13,10 positive x 16 negative analytes
T2,native,lpo:all,all,fg_aromatic_ring,F3.d1,lr,auroc,0.55,0.2938,0.7937,0.5,,,,619,26,1000,,inner_cv(per fold),"{""{'C': 10.0}"": 106, ""{'C': 0.01}"": 26, ""{'C': 1.0}"": 23, ""{'C': 0.1}"": 5}",37.46,10 positive x 16 negative analytes
T2,native,lpo:all,all,fg_aromatic_ring,F3.d1,lr,auroc_spectra,0.6188,0.4243,0.7944,0.5,,,,619,26,1000,,inner_cv(per fold),"{""{'C': 10.0}"": 106, ""{'C': 0.01}"": 26, ""{'C': 1.0}"": 23, ""{'C': 0.1}"": 5}",37.46,10 positive x 16 negative analytes
T2,native,lpo:all,all,fg_aromatic_ring,F3.d1,pca_lr,auroc,0.5125,0.2562,0.7502,0.5,,,,619,26,1000,,inner_cv(per fold),"{""{'C': 10.0}"": 93, ""{'C': 0.01}"": 26, ""{'C': 1.0}"": 33, ""{'C': 0.1}"": 8}",114.89,10 positive x 16 negative analytes
T2,native,lpo:all,all,fg_aromatic_ring,F3.d1,pca_lr,auroc_spectra,0.6017,0.4227,0.7641,0.5,,,,619,26,1000,,inner_cv(per fold),"{""{'C': 10.0}"": 93, ""{'C': 0.01}"": 26, ""{'C': 1.0}"": 33, ""{'C': 0.1}"": 8}",114.89,10 positive x 16 negative analytes
T2,native,lpo:all,all,fg_aromatic_ring,F3.d1,plsda,auroc,0.6625,0.4437,0.875,0.5,,,,619,26,1000,,inner_cv(per fold),"{""{'n': 15}"": 19, ""{'n': 5}"": 39, ""{'n': 2}"": 84, ""{'n': 10}"": 18}",60.66,10 positive x 16 negative analytes
T2,native,lpo:all,all,fg_aromatic_ring,F3.d1,plsda,auroc_spectra,0.6942,0.5271,0.8651,0.5,,,,619,26,1000,,inner_cv(per fold),"{""{'n': 15}"": 19, ""{'n': 5}"": 39, ""{'n': 2}"": 84, ""{'n': 10}"": 18}",60.66,10 positive x 16 negative analytes
T2,native,lpo:all,all,fg_aromatic_ring,F3.d1,ncm,auroc,0.4938,0.25,0.7312,0.5,,,,619,26,1000,,inner_cv(per fold),"{""{}"": 160}",1.13,10 positive x 16 negative analytes
T2,native,lpo:all,all,fg_aromatic_ring,F3.d1,ncm,auroc_spectra,0.5519,0.3771,0.7197,0.5,,,,619,26,1000,,inner_cv(per fold),"{""{}"": 160}",1.13,10 positive x 16 negative analytes
T2,native,lpo:all,all,fg_aromatic_ring,F3.d1,hgb,auroc,0.7688,0.5375,0.9625,0.5,,,,619,26,1000,,inner_cv(per fold),"{""{}"": 160}",883.5,10 positive x 16 negative analytes
T2,native,lpo:all,all,fg_aromatic_ring,F3.d1,hgb,auroc_spectra,0.7668,0.5811,0.9228,0.5,,,,619,26,1000,,inner_cv(per fold),"{""{}"": 160}",883.5,10 positive x 16 negative analytes
T2,native,lpo:all,all,fg_aromatic_ring,F3.d1,knn,auroc,0.7156,0.4937,0.9032,0.5,,,,619,26,1000,,inner_cv(per fold),"{""{'k': 1}"": 134, ""{'k': 10}"": 22, ""{'k': 5}"": 1, ""{'k': 3}"": 3}",10.59,10 positive x 16 negative analytes
T2,native,lpo:all,all,fg_aromatic_ring,F3.d1,knn,auroc_spectra,0.6922,0.5456,0.8328,0.5,,,,619,26,1000,,inner_cv(per fold),"{""{'k': 1}"": 134, ""{'k': 10}"": 22, ""{'k': 5}"": 1, ""{'k': 3}"": 3}",10.59,10 positive x 16 negative analytes
T2,native,lpo:all,all,fg_aromatic_ring,META_matrix,lr,auroc,0.8344,0.6716,0.9627,0.5,,,,619,26,1000,,inner_cv(per fold),"{""{'C': 1.0}"": 9, ""{'C': 0.01}"": 140, ""{'C': 0.1}"": 11}",4.3,10 positive x 16 negative analytes; matrix-only control
T2,native,lpo:all,all,fg_aromatic_ring,META_matrix,lr,auroc_spectra,0.7942,0.654,0.9344,0.5,,,,619,26,1000,,inner_cv(per fold),"{""{'C': 1.0}"": 9, ""{'C': 0.01}"": 140, ""{'C': 0.1}"": 11}",4.3,10 positive x 16 negative analytes; matrix-only control
T2,native,lpo:all,all,fg_benzene_ring,F1,majority,auroc,0.5,0.5,0.5,0.5,,,,619,26,1000,,inner_cv(per fold),"{""{}"": 153}",0.09,9 positive x 17 negative analytes
T2,native,lpo:all,all,fg_benzene_ring,F1,majority,auroc_spectra,0.5,0.5,0.5,0.5,,,,619,26,1000,,inner_cv(per fold),"{""{}"": 153}",0.09,9 positive x 17 negative analytes
T2,native,lpo:all,all,fg_benzene_ring,F1,lr,auroc,0.3922,0.1307,0.6668,0.5,0.9361,1000,0.4956,619,26,1000,,inner_cv(per fold),"{""{'C': 10.0}"": 91, ""{'C': 1.0}"": 12, ""{'C': 0.01}"": 47, ""{'C': 0.1}"": 3}",9.44,9 positive x 17 negative analytes
T2,native,lpo:all,all,fg_benzene_ring,F1,lr,auroc_spectra,0.4024,0.1826,0.6352,0.5,,,,619,26,1000,,inner_cv(per fold),"{""{'C': 10.0}"": 91, ""{'C': 1.0}"": 12, ""{'C': 0.01}"": 47, ""{'C': 0.1}"": 3}",9.44,9 positive x 17 negative analytes
T2,native,lpo:all,all,fg_benzene_ring,F1,pca_lr,auroc,0.3072,0.1242,0.4967,0.5,,,,619,26,1000,,inner_cv(per fold),"{""{'C': 10.0}"": 93, ""{'C': 1.0}"": 23, ""{'C': 0.1}"": 1, ""{'C': 0.01}"": 36}",14.78,9 positive x 17 negative analytes
T2,native,lpo:all,all,fg_benzene_ring,F1,pca_lr,auroc_spectra,0.3732,0.2406,0.4969,0.5,,,,619,26,1000,,inner_cv(per fold),"{""{'C': 10.0}"": 93, ""{'C': 1.0}"": 23, ""{'C': 0.1}"": 1, ""{'C': 0.01}"": 36}",14.78,9 positive x 17 negative analytes
T2,native,lpo:all,all,fg_benzene_ring,F1,plsda,auroc,0.4641,0.2092,0.719,0.5,,,,619,26,1000,,inner_cv(per fold),"{""{'n': 5}"": 15, ""{'n': 10}"": 15, ""{'n': 15}"": 47, ""{'n': 2}"": 76}",6.32,9 positive x 17 negative analytes
T2,native,lpo:all,all,fg_benzene_ring,F1,plsda,auroc_spectra,0.5269,0.3173,0.747,0.5,,,,619,26,1000,,inner_cv(per fold),"{""{'n': 5}"": 15, ""{'n': 10}"": 15, ""{'n': 15}"": 47, ""{'n': 2}"": 76}",6.32,9 positive x 17 negative analytes
T2,native,lpo:all,all,fg_benzene_ring,F1,ncm,auroc,0.6797,0.4248,0.8693,0.5,,,,619,26,1000,,inner_cv(per fold),"{""{}"": 153}",0.1,9 positive x 17 negative analytes
T2,native,lpo:all,all,fg_benzene_ring,F1,ncm,auroc_spectra,0.6409,0.4745,0.7874,0.5,,,,619,26,1000,,inner_cv(per fold),"{""{}"": 153}",0.1,9 positive x 17 negative analytes
T2,native,lpo:all,all,fg_benzene_ring,F1,hgb,auroc,0.8562,0.634,1.0,0.5,0.0082,244,0.4875,619,26,1000,,inner_cv(per fold),"{""{}"": 153}",23.29,9 positive x 17 negative analytes
T2,native,lpo:all,all,fg_benzene_ring,F1,hgb,auroc_spectra,0.7973,0.5913,0.9623,0.5,,,,619,26,1000,,inner_cv(per fold),"{""{}"": 153}",23.29,9 positive x 17 negative analytes
T2,native,lpo:all,all,fg_benzene_ring,F1,knn,auroc,0.8072,0.5881,0.9869,0.5,,,,619,26,1000,,inner_cv(per fold),"{""{'k': 1}"": 144, ""{'k': 3}"": 7, ""{'k': 10}"": 2}",4.43,9 positive x 17 negative analytes
T2,native,lpo:all,all,fg_benzene_ring,F1,knn,auroc_spectra,0.7437,0.6029,0.8898,0.5,,,,619,26,1000,,inner_cv(per fold),"{""{'k': 1}"": 144, ""{'k': 3}"": 7, ""{'k': 10}"": 2}",4.43,9 positive x 17 negative analytes
T2,native,lpo:all,all,fg_benzene_ring,F1pos,majority,auroc,0.5,0.5,0.5,0.5,,,,619,26,1000,,inner_cv(per fold),"{""{}"": 153}",0.1,9 positive x 17 negative analytes
T2,native,lpo:all,all,fg_benzene_ring,F1pos,majority,auroc_spectra,0.5,0.5,0.5,0.5,,,,619,26,1000,,inner_cv(per fold),"{""{}"": 153}",0.1,9 positive x 17 negative analytes
T2,native,lpo:all,all,fg_benzene_ring,F1pos,lr,auroc,0.3922,0.1373,0.6797,0.5,,,,619,26,1000,,inner_cv(per fold),"{""{'C': 10.0}"": 136, ""{'C': 0.01}"": 17}",9.62,9 positive x 17 negative analytes
T2,native,lpo:all,all,fg_benzene_ring,F1pos,lr,auroc_spectra,0.5025,0.3003,0.6947,0.5,,,,619,26,1000,,inner_cv(per fold),"{""{'C': 10.0}"": 136, ""{'C': 0.01}"": 17}",9.62,9 positive x 17 negative analytes
T2,native,lpo:all,all,fg_benzene_ring,F1pos,pca_lr,auroc,0.4902,0.2353,0.7516,0.5,,,,619,26,1000,,inner_cv(per fold),"{""{'C': 10.0}"": 137, ""{'C': 0.01}"": 12, ""{'C': 1.0}"": 4}",15.05,9 positive x 17 negative analytes
T2,native,lpo:all,all,fg_benzene_ring,F1pos,pca_lr,auroc_spectra,0.5142,0.2997,0.7459,0.5,,,,619,26,1000,,inner_cv(per fold),"{""{'C': 10.0}"": 137, ""{'C': 0.01}"": 12, ""{'C': 1.0}"": 4}",15.05,9 positive x 17 negative analytes
T2,native,lpo:all,all,fg_benzene_ring,F1pos,plsda,auroc,0.3987,0.1567,0.6863,0.5,,,,619,26,1000,,inner_cv(per fold),"{""{'n': 10}"": 97, ""{'n': 15}"": 32, ""{'n': 2}"": 21, ""{'n': 5}"": 3}",6.32,9 positive x 17 negative analytes
T2,native,lpo:all,all,fg_benzene_ring,F1pos,plsda,auroc_spectra,0.4624,0.2734,0.6783,0.5,,,,619,26,1000,,inner_cv(per fold),"{""{'n': 10}"": 97, ""{'n': 15}"": 32, ""{'n': 2}"": 21, ""{'n': 5}"": 3}",6.32,9 positive x 17 negative analytes
T2,native,lpo:all,all,fg_benzene_ring,F1pos,ncm,auroc,0.7059,0.4379,0.9346,0.5,,,,619,26,1000,,inner_cv(per fold),"{""{}"": 153}",0.1,9 positive x 17 negative analytes
T2,native,lpo:all,all,fg_benzene_ring,F1pos,ncm,auroc_spectra,0.5496,0.3864,0.7121,0.5,,,,619,26,1000,,inner_cv(per fold),"{""{}"": 153}",0.1,9 positive x 17 negative analytes
T2,native,lpo:all,all,fg_benzene_ring,F1pos,hgb,auroc,0.7647,0.5292,0.9739,0.5,,,,619,26,1000,,inner_cv(per fold),"{""{}"": 153}",25.37,9 positive x 17 negative analytes
T2,native,lpo:all,all,fg_benzene_ring,F1pos,hgb,auroc_spectra,0.7152,0.526,0.8788,0.5,,,,619,26,1000,,inner_cv(per fold),"{""{}"": 153}",25.37,9 positive x 17 negative analytes
T2,native,lpo:all,all,fg_benzene_ring,F1pos,knn,auroc,0.7222,0.4641,0.9248,0.5,,,,619,26,1000,,inner_cv(per fold),"{""{'k': 1}"": 139, ""{'k': 5}"": 5, ""{'k': 3}"": 4, ""{'k': 10}"": 5}",4.15,9 positive x 17 negative analytes
T2,native,lpo:all,all,fg_benzene_ring,F1pos,knn,auroc_spectra,0.7166,0.5696,0.8568,0.5,,,,619,26,1000,,inner_cv(per fold),"{""{'k': 1}"": 139, ""{'k': 5}"": 5, ""{'k': 3}"": 4, ""{'k': 10}"": 5}",4.15,9 positive x 17 negative analytes
T2,native,lpo:all,all,fg_benzene_ring,F2,majority,auroc,0.5,0.5,0.5,0.5,,,,619,26,1000,,inner_cv(per fold),"{""{}"": 153}",0.13,9 positive x 17 negative analytes
T2,native,lpo:all,all,fg_benzene_ring,F2,majority,auroc_spectra,0.5,0.5,0.5,0.5,,,,619,26,1000,,inner_cv(per fold),"{""{}"": 153}",0.13,9 positive x 17 negative analytes
T2,native,lpo:all,all,fg_benzene_ring,F2,lr,auroc,0.5752,0.2876,0.8106,0.5,,,,619,26,1000,,inner_cv(per fold),"{""{'C': 10.0}"": 139, ""{'C': 1.0}"": 9, ""{'C': 0.01}"": 5}",45.79,9 positive x 17 negative analytes
T2,native,lpo:all,all,fg_benzene_ring,F2,lr,auroc_spectra,0.5514,0.3523,0.7588,0.5,,,,619,26,1000,,inner_cv(per fold),"{""{'C': 10.0}"": 139, ""{'C': 1.0}"": 9, ""{'C': 0.01}"": 5}",45.79,9 positive x 17 negative analytes
T2,native,lpo:all,all,fg_benzene_ring,F2,pca_lr,auroc,0.5817,0.3005,0.8366,0.5,,,,619,26,1000,,inner_cv(per fold),"{""{'C': 1.0}"": 17, ""{'C': 10.0}"": 54, ""{'C': 0.1}"": 46, ""{'C': 0.01}"": 36}",110.44,9 positive x 17 negative analytes
T2,native,lpo:all,all,fg_benzene_ring,F2,pca_lr,auroc_spectra,0.5794,0.3585,0.7838,0.5,,,,619,26,1000,,inner_cv(per fold),"{""{'C': 1.0}"": 17, ""{'C': 10.0}"": 54, ""{'C': 0.1}"": 46, ""{'C': 0.01}"": 36}",110.44,9 positive x 17 negative analytes
T2,native,lpo:all,all,fg_benzene_ring,F2,plsda,auroc,0.5948,0.3399,0.8235,0.5,,,,619,26,1000,,inner_cv(per fold),"{""{'n': 15}"": 37, ""{'n': 2}"": 46, ""{'n': 10}"": 12, ""{'n': 5}"": 58}",53.17,9 positive x 17 negative analytes
T2,native,lpo:all,all,fg_benzene_ring,F2,plsda,auroc_spectra,0.5621,0.3596,0.7526,0.5,,,,619,26,1000,,inner_cv(per fold),"{""{'n': 15}"": 37, ""{'n': 2}"": 46, ""{'n': 10}"": 12, ""{'n': 5}"": 58}",53.17,9 positive x 17 negative analytes
T2,native,lpo:all,all,fg_benzene_ring,F2,ncm,auroc,0.7974,0.5752,0.9739,0.5,,,,619,26,1000,,inner_cv(per fold),"{""{}"": 153}",0.33,9 positive x 17 negative analytes
T2,native,lpo:all,all,fg_benzene_ring,F2,ncm,auroc_spectra,0.7041,0.5164,0.853,0.5,,,,619,26,1000,,inner_cv(per fold),"{""{}"": 153}",0.33,9 positive x 17 negative analytes
T2,native,lpo:all,all,fg_benzene_ring,F2,hgb,auroc,0.7647,0.5229,0.9413,0.5,,,,619,26,1000,,inner_cv(per fold),"{""{}"": 153}",815.72,9 positive x 17 negative analytes
T2,native,lpo:all,all,fg_benzene_ring,F2,hgb,auroc_spectra,0.7916,0.5907,0.9532,0.5,,,,619,26,1000,,inner_cv(per fold),"{""{}"": 153}",815.72,9 positive x 17 negative analytes
T2,native,lpo:all,all,fg_benzene_ring,F2,knn,auroc,0.7386,0.5033,0.948,0.5,,,,619,26,1000,,inner_cv(per fold),"{""{'k': 1}"": 128, ""{'k': 3}"": 17, ""{'k': 10}"": 2, ""{'k': 5}"": 6}",15.17,9 positive x 17 negative analytes
T2,native,lpo:all,all,fg_benzene_ring,F2,knn,auroc_spectra,0.7651,0.6208,0.9116,0.5,,,,619,26,1000,,inner_cv(per fold),"{""{'k': 1}"": 128, ""{'k': 3}"": 17, ""{'k': 10}"": 2, ""{'k': 5}"": 6}",15.17,9 positive x 17 negative analytes
T2,native,lpo:all,all,fg_benzene_ring,F3,majority,auroc,0.5,0.5,0.5,0.5,,,,619,26,1000,,inner_cv(per fold),"{""{}"": 153}",0.12,9 positive x 17 negative analytes
T2,native,lpo:all,all,fg_benzene_ring,F3,majority,auroc_spectra,0.5,0.5,0.5,0.5,,,,619,26,1000,,inner_cv(per fold),"{""{}"": 153}",0.12,9 positive x 17 negative analytes
T2,native,lpo:all,all,fg_benzene_ring,F3,lr,auroc,0.7255,0.4902,0.9346,0.5,,,,619,26,1000,,inner_cv(per fold),"{""{'C': 10.0}"": 131, ""{'C': 1.0}"": 21, ""{'C': 0.1}"": 1}",37.15,9 positive x 17 negative analytes
T2,native,lpo:all,all,fg_benzene_ring,F3,lr,auroc_spectra,0.6874,0.4719,0.8791,0.5,,,,619,26,1000,,inner_cv(per fold),"{""{'C': 10.0}"": 131, ""{'C': 1.0}"": 21, ""{'C': 0.1}"": 1}",37.15,9 positive x 17 negative analytes
T2,native,lpo:all,all,fg_benzene_ring,F3,pca_lr,auroc,0.5556,0.2678,0.8431,0.5,,,,619,26,1000,,inner_cv(per fold),"{""{'C': 10.0}"": 143, ""{'C': 0.01}"": 4, ""{'C': 1.0}"": 5, ""{'C': 0.1}"": 1}",102.69,9 positive x 17 negative analytes
T2,native,lpo:all,all,fg_benzene_ring,F3,pca_lr,auroc_spectra,0.6149,0.3624,0.8437,0.5,,,,619,26,1000,,inner_cv(per fold),"{""{'C': 10.0}"": 143, ""{'C': 0.01}"": 4, ""{'C': 1.0}"": 5, ""{'C': 0.1}"": 1}",102.69,9 positive x 17 negative analytes
T2,native,lpo:all,all,fg_benzene_ring,F3,plsda,auroc,0.8105,0.6338,0.9479,0.5,,,,619,26,1000,,inner_cv(per fold),"{""{'n': 5}"": 87, ""{'n': 10}"": 28, ""{'n': 15}"": 4, ""{'n': 2}"": 34}",57.02,9 positive x 17 negative analytes
T2,native,lpo:all,all,fg_benzene_ring,F3,plsda,auroc_spectra,0.7212,0.5776,0.8543,0.5,,,,619,26,1000,,inner_cv(per fold),"{""{'n': 5}"": 87, ""{'n': 10}"": 28, ""{'n': 15}"": 4, ""{'n': 2}"": 34}",57.02,9 positive x 17 negative analytes
T2,native,lpo:all,all,fg_benzene_ring,F3,ncm,auroc,0.732,0.4966,0.9281,0.5,,,,619,26,1000,,inner_cv(per fold),"{""{}"": 153}",1.66,9 positive x 17 negative analytes
T2,native,lpo:all,all,fg_benzene_ring,F3,ncm,auroc_spectra,0.7052,0.5156,0.858,0.5,,,,619,26,1000,,inner_cv(per fold),"{""{}"": 153}",1.66,9 positive x 17 negative analytes
T2,native,lpo:all,all,fg_benzene_ring,F3,hgb,auroc,0.8301,0.6144,1.0,0.5,,,,619,26,1000,,inner_cv(per fold),"{""{}"": 153}",731.28,9 positive x 17 negative analytes
T2,native,lpo:all,all,fg_benzene_ring,F3,hgb,auroc_spectra,0.8275,0.6338,0.9822,0.5,,,,619,26,1000,,inner_cv(per fold),"{""{}"": 153}",731.28,9 positive x 17 negative analytes
T2,native,lpo:all,all,fg_benzene_ring,F3,knn,auroc,0.7974,0.598,0.9444,0.5,,,,619,26,1000,,inner_cv(per fold),"{""{'k': 1}"": 119, ""{'k': 3}"": 24, ""{'k': 5}"": 3, ""{'k': 10}"": 7}",10.13,9 positive x 17 negative analytes
T2,native,lpo:all,all,fg_benzene_ring,F3,knn,auroc_spectra,0.7757,0.6242,0.9089,0.5,,,,619,26,1000,,inner_cv(per fold),"{""{'k': 1}"": 119, ""{'k': 3}"": 24, ""{'k': 5}"": 3, ""{'k': 10}"": 7}",10.13,9 positive x 17 negative analytes
T2,native,lpo:all,all,fg_benzene_ring,F1.bg,majority,auroc,0.5,0.5,0.5,0.5,,,,619,26,1000,,inner_cv(per fold),"{""{}"": 153}",0.17,9 positive x 17 negative analytes
T2,native,lpo:all,all,fg_benzene_ring,F1.bg,majority,auroc_spectra,0.5,0.5,0.5,0.5,,,,619,26,1000,,inner_cv(per fold),"{""{}"": 153}",0.17,9 positive x 17 negative analytes
T2,native,lpo:all,all,fg_benzene_ring,F1.bg,lr,auroc,0.0196,0.0,0.0719,0.5,,,,619,26,1000,,inner_cv(per fold),"{""{'C': 10.0}"": 60, ""{'C': 1.0}"": 13, ""{'C': 0.1}"": 38, ""{'C': 0.01}"": 42}",17.08,9 positive x 17 negative analytes
T2,native,lpo:all,all,fg_benzene_ring,F1.bg,lr,auroc_spectra,0.0597,0.0026,0.1271,0.5,,,,619,26,1000,,inner_cv(per fold),"{""{'C': 10.0}"": 60, ""{'C': 1.0}"": 13, ""{'C': 0.1}"": 38, ""{'C': 0.01}"": 42}",17.08,9 positive x 17 negative analytes
T2,native,lpo:all,all,fg_benzene_ring,F1.bg,pca_lr,auroc,0.1046,0.0,0.2812,0.5,,,,619,26,1000,,inner_cv(per fold),"{""{'C': 10.0}"": 92, ""{'C': 1.0}"": 31, ""{'C': 0.01}"": 13, ""{'C': 0.1}"": 17}",16.32,9 positive x 17 negative analytes
T2,native,lpo:all,all,fg_benzene_ring,F1.bg,pca_lr,auroc_spectra,0.1398,0.0389,0.2389,0.5,,,,619,26,1000,,inner_cv(per fold),"{""{'C': 10.0}"": 92, ""{'C': 1.0}"": 31, ""{'C': 0.01}"": 13, ""{'C': 0.1}"": 17}",16.32,9 positive x 17 negative analytes
T2,native,lpo:all,all,fg_benzene_ring,F1.bg,plsda,auroc,0.0784,0.0,0.2353,0.5,,,,619,26,1000,,inner_cv(per fold),"{""{'n': 10}"": 51, ""{'n': 15}"": 28, ""{'n': 5}"": 25, ""{'n': 2}"": 49}",6.56,9 positive x 17 negative analytes
T2,native,lpo:all,all,fg_benzene_ring,F1.bg,plsda,auroc_spectra,0.0727,0.0081,0.1478,0.5,,,,619,26,1000,,inner_cv(per fold),"{""{'n': 10}"": 51, ""{'n': 15}"": 28, ""{'n': 5}"": 25, ""{'n': 2}"": 49}",6.56,9 positive x 17 negative analytes
T2,native,lpo:all,all,fg_benzene_ring,F1.bg,ncm,auroc,0.7255,0.4902,0.915,0.5,,,,619,26,1000,,inner_cv(per fold),"{""{}"": 153}",0.1,9 positive x 17 negative analytes
T2,native,lpo:all,all,fg_benzene_ring,F1.bg,ncm,auroc_spectra,0.671,0.5015,0.8115,0.5,,,,619,26,1000,,inner_cv(per fold),"{""{}"": 153}",0.1,9 positive x 17 negative analytes
T2,native,lpo:all,all,fg_benzene_ring,F1.bg,hgb,auroc,0.8366,0.6601,0.9675,0.5,,,,619,26,1000,,inner_cv(per fold),"{""{}"": 153}",22.99,9 positive x 17 negative analytes
T2,native,lpo:all,all,fg_benzene_ring,F1.bg,hgb,auroc_spectra,0.8011,0.6149,0.9447,0.5,,,,619,26,1000,,inner_cv(per fold),"{""{}"": 153}",22.99,9 positive x 17 negative analytes
T2,native,lpo:all,all,fg_benzene_ring,F1.bg,knn,auroc,0.8105,0.6045,0.9608,0.5,,,,619,26,1000,,inner_cv(per fold),"{""{'k': 1}"": 121, ""{'k': 10}"": 24, ""{'k': 5}"": 7, ""{'k': 3}"": 1}",4.53,9 positive x 17 negative analytes
T2,native,lpo:all,all,fg_benzene_ring,F1.bg,knn,auroc_spectra,0.7386,0.6017,0.8783,0.5,,,,619,26,1000,,inner_cv(per fold),"{""{'k': 1}"": 121, ""{'k': 10}"": 24, ""{'k': 5}"": 7, ""{'k': 3}"": 1}",4.53,9 positive x 17 negative analytes
T2,native,lpo:all,all,fg_benzene_ring,F3.bg,majority,auroc,0.5,0.5,0.5,0.5,,,,619,26,1000,,inner_cv(per fold),"{""{}"": 153}",0.15,9 positive x 17 negative analytes
T2,native,lpo:all,all,fg_benzene_ring,F3.bg,majority,auroc_spectra,0.5,0.5,0.5,0.5,,,,619,26,1000,,inner_cv(per fold),"{""{}"": 153}",0.15,9 positive x 17 negative analytes
T2,native,lpo:all,all,fg_benzene_ring,F3.bg,lr,auroc,0.6078,0.3268,0.8368,0.5,,,,619,26,1000,,inner_cv(per fold),"{""{'C': 1.0}"": 31, ""{'C': 10.0}"": 109, ""{'C': 0.1}"": 4, ""{'C': 0.01}"": 9}",40.88,9 positive x 17 negative analytes
T2,native,lpo:all,all,fg_benzene_ring,F3.bg,lr,auroc_spectra,0.4837,0.2544,0.7275,0.5,,,,619,26,1000,,inner_cv(per fold),"{""{'C': 1.0}"": 31, ""{'C': 10.0}"": 109, ""{'C': 0.1}"": 4, ""{'C': 0.01}"": 9}",40.88,9 positive x 17 negative analytes
T2,native,lpo:all,all,fg_benzene_ring,F3.bg,pca_lr,auroc,0.4216,0.1503,0.6863,0.5,,,,619,26,1000,,inner_cv(per fold),"{""{'C': 10.0}"": 138, ""{'C': 1.0}"": 12, ""{'C': 0.1}"": 2, ""{'C': 0.01}"": 1}",108.16,9 positive x 17 negative analytes
T2,native,lpo:all,all,fg_benzene_ring,F3.bg,pca_lr,auroc_spectra,0.3799,0.182,0.5828,0.5,,,,619,26,1000,,inner_cv(per fold),"{""{'C': 10.0}"": 138, ""{'C': 1.0}"": 12, ""{'C': 0.1}"": 2, ""{'C': 0.01}"": 1}",108.16,9 positive x 17 negative analytes
T2,native,lpo:all,all,fg_benzene_ring,F3.bg,plsda,auroc,0.5359,0.2941,0.7386,0.5,,,,619,26,1000,,inner_cv(per fold),"{""{'n': 5}"": 45, ""{'n': 15}"": 4, ""{'n': 10}"": 67, ""{'n': 2}"": 37}",56.08,9 positive x 17 negative analytes
T2,native,lpo:all,all,fg_benzene_ring,F3.bg,plsda,auroc_spectra,0.4678,0.272,0.6485,0.5,,,,619,26,1000,,inner_cv(per fold),"{""{'n': 5}"": 45, ""{'n': 15}"": 4, ""{'n': 10}"": 67, ""{'n': 2}"": 37}",56.08,9 positive x 17 negative analytes
T2,native,lpo:all,all,fg_benzene_ring,F3.bg,ncm,auroc,0.719,0.4771,0.9216,0.5,,,,619,26,1000,,inner_cv(per fold),"{""{}"": 153}",1.68,9 positive x 17 negative analytes
T2,native,lpo:all,all,fg_benzene_ring,F3.bg,ncm,auroc_spectra,0.7021,0.511,0.8621,0.5,,,,619,26,1000,,inner_cv(per fold),"{""{}"": 153}",1.68,9 positive x 17 negative analytes
T2,native,lpo:all,all,fg_benzene_ring,F3.bg,hgb,auroc,0.7974,0.5556,0.9869,0.5,,,,619,26,1000,,inner_cv(per fold),"{""{}"": 153}",752.2,9 positive x 17 negative analytes
T2,native,lpo:all,all,fg_benzene_ring,F3.bg,hgb,auroc_spectra,0.8146,0.6287,0.9661,0.5,,,,619,26,1000,,inner_cv(per fold),"{""{}"": 153}",752.2,9 positive x 17 negative analytes
T2,native,lpo:all,all,fg_benzene_ring,F3.bg,knn,auroc,0.768,0.5458,0.9346,0.5,,,,619,26,1000,,inner_cv(per fold),"{""{'k': 1}"": 104, ""{'k': 3}"": 4, ""{'k': 10}"": 25, ""{'k': 5}"": 20}",9.52,9 positive x 17 negative analytes
T2,native,lpo:all,all,fg_benzene_ring,F3.bg,knn,auroc_spectra,0.7308,0.5756,0.8709,0.5,,,,619,26,1000,,inner_cv(per fold),"{""{'k': 1}"": 104, ""{'k': 3}"": 4, ""{'k': 10}"": 25, ""{'k': 5}"": 20}",9.52,9 positive x 17 negative analytes
T2,native,lpo:all,all,fg_benzene_ring,F3.d1,majority,auroc,0.5,0.5,0.5,0.5,,,,619,26,1000,,inner_cv(per fold),"{""{}"": 153}",0.13,9 positive x 17 negative analytes
T2,native,lpo:all,all,fg_benzene_ring,F3.d1,majority,auroc_spectra,0.5,0.5,0.5,0.5,,,,619,26,1000,,inner_cv(per fold),"{""{}"": 153}",0.13,9 positive x 17 negative analytes
T2,native,lpo:all,all,fg_benzene_ring,F3.d1,lr,auroc,0.6732,0.3922,0.9152,0.5,,,,619,26,1000,,inner_cv(per fold),"{""{'C': 10.0}"": 136, ""{'C': 1.0}"": 15, ""{'C': 0.1}"": 2}",34.38,9 positive x 17 negative analytes
T2,native,lpo:all,all,fg_benzene_ring,F3.d1,lr,auroc_spectra,0.7184,0.4794,0.9248,0.5,,,,619,26,1000,,inner_cv(per fold),"{""{'C': 10.0}"": 136, ""{'C': 1.0}"": 15, ""{'C': 0.1}"": 2}",34.38,9 positive x 17 negative analytes
T2,native,lpo:all,all,fg_benzene_ring,F3.d1,pca_lr,auroc,0.5229,0.2417,0.7779,0.5,,,,619,26,1000,,inner_cv(per fold),"{""{'C': 10.0}"": 146, ""{'C': 1.0}"": 5, ""{'C': 0.01}"": 2}",110.37,9 positive x 17 negative analytes
T2,native,lpo:all,all,fg_benzene_ring,F3.d1,pca_lr,auroc_spectra,0.6337,0.4509,0.8007,0.5,,,,619,26,1000,,inner_cv(per fold),"{""{'C': 10.0}"": 146, ""{'C': 1.0}"": 5, ""{'C': 0.01}"": 2}",110.37,9 positive x 17 negative analytes
T2,native,lpo:all,all,fg_benzene_ring,F3.d1,plsda,auroc,0.6275,0.3789,0.8629,0.5,,,,619,26,1000,,inner_cv(per fold),"{""{'n': 10}"": 28, ""{'n': 5}"": 77, ""{'n': 15}"": 26, ""{'n': 2}"": 22}",55.64,9 positive x 17 negative analytes
T2,native,lpo:all,all,fg_benzene_ring,F3.d1,plsda,auroc_spectra,0.6572,0.4275,0.8592,0.5,,,,619,26,1000,,inner_cv(per fold),"{""{'n': 10}"": 28, ""{'n': 5}"": 77, ""{'n': 15}"": 26, ""{'n': 2}"": 22}",55.64,9 positive x 17 negative analytes
T2,native,lpo:all,all,fg_benzene_ring,F3.d1,ncm,auroc,0.6275,0.3725,0.8302,0.5,,,,619,26,1000,,inner_cv(per fold),"{""{}"": 153}",0.45,9 positive x 17 negative analytes
T2,native,lpo:all,all,fg_benzene_ring,F3.d1,ncm,auroc_spectra,0.6432,0.4591,0.8017,0.5,,,,619,26,1000,,inner_cv(per fold),"{""{}"": 153}",0.45,9 positive x 17 negative analytes
T2,native,lpo:all,all,fg_benzene_ring,F3.d1,hgb,auroc,0.7908,0.5227,1.0,0.5,,,,619,26,1000,,inner_cv(per fold),"{""{}"": 153}",833.9,9 positive x 17 negative analytes
T2,native,lpo:all,all,fg_benzene_ring,F3.d1,hgb,auroc_spectra,0.7985,0.5689,0.9907,0.5,,,,619,26,1000,,inner_cv(per fold),"{""{}"": 153}",833.9,9 positive x 17 negative analytes
T2,native,lpo:all,all,fg_benzene_ring,F3.d1,knn,auroc,0.7549,0.5358,0.9346,0.5,,,,619,26,1000,,inner_cv(per fold),"{""{'k': 1}"": 122, ""{'k': 5}"": 12, ""{'k': 3}"": 18, ""{'k': 10}"": 1}",9.68,9 positive x 17 negative analytes
T2,native,lpo:all,all,fg_benzene_ring,F3.d1,knn,auroc_spectra,0.7243,0.5702,0.8615,0.5,,,,619,26,1000,,inner_cv(per fold),"{""{'k': 1}"": 122, ""{'k': 5}"": 12, ""{'k': 3}"": 18, ""{'k': 10}"": 1}",9.68,9 positive x 17 negative analytes
T2,native,lpo:all,all,fg_benzene_ring,META_matrix,lr,auroc,0.8758,0.7221,1.0,0.5,,,,619,26,1000,,inner_cv(per fold),"{""{'C': 1.0}"": 10, ""{'C': 0.01}"": 80, ""{'C': 0.1}"": 63}",4.1,9 positive x 17 negative analytes; matrix-only control
T2,native,lpo:all,all,fg_benzene_ring,META_matrix,lr,auroc_spectra,0.8278,0.6807,0.9821,0.5,,,,619,26,1000,,inner_cv(per fold),"{""{'C': 1.0}"": 10, ""{'C': 0.01}"": 80, ""{'C': 0.1}"": 63}",4.1,9 positive x 17 negative analytes; matrix-only control
T2,native,lpo:all,all,fg_pyrrole_ring,F1,majority,auroc,0.5,0.5,0.5,0.5,,,,619,26,1000,,inner_cv(per fold),"{""{}"": 88}",0.08,4 positive x 22 negative analytes
T2,native,lpo:all,all,fg_pyrrole_ring,F1,majority,auroc_spectra,0.5,0.5,0.5,0.5,,,,619,26,1000,,inner_cv(per fold),"{""{}"": 88}",0.08,4 positive x 22 negative analytes
T2,native,lpo:all,all,fg_pyrrole_ring,F1,lr,auroc,0.7614,0.5455,0.9318,0.5,0.0839,1000,0.5001,619,26,1000,,inner_cv(per fold),"{""{'C': 10.0}"": 57, ""{'C': 1.0}"": 18, ""{'C': 0.1}"": 2, ""{'C': 0.01}"": 11}",5.19,4 positive x 22 negative analytes
T2,native,lpo:all,all,fg_pyrrole_ring,F1,lr,auroc_spectra,0.6626,0.5225,0.8376,0.5,,,,619,26,1000,,inner_cv(per fold),"{""{'C': 10.0}"": 57, ""{'C': 1.0}"": 18, ""{'C': 0.1}"": 2, ""{'C': 0.01}"": 11}",5.19,4 positive x 22 negative analytes
T2,native,lpo:all,all,fg_pyrrole_ring,F1,pca_lr,auroc,0.7727,0.5455,0.9545,0.5,,,,619,26,1000,,inner_cv(per fold),"{""{'C': 10.0}"": 53, ""{'C': 1.0}"": 16, ""{'C': 0.01}"": 18, ""{'C': 0.1}"": 1}",7.44,4 positive x 22 negative analytes
T2,native,lpo:all,all,fg_pyrrole_ring,F1,pca_lr,auroc_spectra,0.6667,0.496,0.8461,0.5,,,,619,26,1000,,inner_cv(per fold),"{""{'C': 10.0}"": 53, ""{'C': 1.0}"": 16, ""{'C': 0.01}"": 18, ""{'C': 0.1}"": 1}",7.44,4 positive x 22 negative analytes
T2,native,lpo:all,all,fg_pyrrole_ring,F1,plsda,auroc,0.875,0.7273,0.9886,0.5,,,,619,26,1000,,inner_cv(per fold),"{""{'n': 2}"": 41, ""{'n': 10}"": 33, ""{'n': 5}"": 8, ""{'n': 15}"": 6}",3.49,4 positive x 22 negative analytes
T2,native,lpo:all,all,fg_pyrrole_ring,F1,plsda,auroc_spectra,0.703,0.5903,0.8318,0.5,,,,619,26,1000,,inner_cv(per fold),"{""{'n': 2}"": 41, ""{'n': 10}"": 33, ""{'n': 5}"": 8, ""{'n': 15}"": 6}",3.49,4 positive x 22 negative analytes
T2,native,lpo:all,all,fg_pyrrole_ring,F1,ncm,auroc,0.5909,0.3182,0.8409,0.5,,,,619,26,1000,,inner_cv(per fold),"{""{}"": 88}",0.07,4 positive x 22 negative analytes
T2,native,lpo:all,all,fg_pyrrole_ring,F1,ncm,auroc_spectra,0.6678,0.4566,0.8525,0.5,,,,619,26,1000,,inner_cv(per fold),"{""{}"": 88}",0.07,4 positive x 22 negative analytes
T2,native,lpo:all,all,fg_pyrrole_ring,F1,hgb,auroc,0.9091,0.7727,1.0,0.5,0.013,1000,0.4962,619,26,1000,,inner_cv(per fold),"{""{}"": 88}",6.18,4 positive x 22 negative analytes
T2,native,lpo:all,all,fg_pyrrole_ring,F1,hgb,auroc_spectra,0.8672,0.7475,0.9699,0.5,,,,619,26,1000,,inner_cv(per fold),"{""{}"": 88}",6.18,4 positive x 22 negative analytes
T2,native,lpo:all,all,fg_pyrrole_ring,F1,knn,auroc,0.5739,0.4205,0.7842,0.5,,,,619,26,1000,,inner_cv(per fold),"{""{'k': 3}"": 33, ""{'k': 10}"": 9, ""{'k': 1}"": 46}",2.66,4 positive x 22 negative analytes
T2,native,lpo:all,all,fg_pyrrole_ring,F1,knn,auroc_spectra,0.5168,0.458,0.5704,0.5,,,,619,26,1000,,inner_cv(per fold),"{""{'k': 3}"": 33, ""{'k': 10}"": 9, ""{'k': 1}"": 46}",2.66,4 positive x 22 negative analytes
T2,native,lpo:all,all,fg_pyrrole_ring,F1pos,majority,auroc,0.5,0.5,0.5,0.5,,,,619,26,1000,,inner_cv(per fold),"{""{}"": 88}",0.08,4 positive x 22 negative analytes
T2,native,lpo:all,all,fg_pyrrole_ring,F1pos,majority,auroc_spectra,0.5,0.5,0.5,0.5,,,,619,26,1000,,inner_cv(per fold),"{""{}"": 88}",0.08,4 positive x 22 negative analytes
T2,native,lpo:all,all,fg_pyrrole_ring,F1pos,lr,auroc,0.7273,0.5111,0.9094,0.5,,,,619,26,1000,,inner_cv(per fold),"{""{'C': 0.01}"": 21, ""{'C': 1.0}"": 13, ""{'C': 10.0}"": 54}",4.48,4 positive x 22 negative analytes
T2,native,lpo:all,all,fg_pyrrole_ring,F1pos,lr,auroc_spectra,0.7742,0.6473,0.8803,0.5,,,,619,26,1000,,inner_cv(per fold),"{""{'C': 0.01}"": 21, ""{'C': 1.0}"": 13, ""{'C': 10.0}"": 54}",4.48,4 positive x 22 negative analytes
T2,native,lpo:all,all,fg_pyrrole_ring,F1pos,pca_lr,auroc,0.7727,0.5793,0.9432,0.5,,,,619,26,1000,,inner_cv(per fold),"{""{'C': 0.01}"": 18, ""{'C': 1.0}"": 21, ""{'C': 10.0}"": 48, ""{'C': 0.1}"": 1}",7.93,4 positive x 22 negative analytes
T2,native,lpo:all,all,fg_pyrrole_ring,F1pos,pca_lr,auroc_spectra,0.8132,0.6779,0.9288,0.5,,,,619,26,1000,,inner_cv(per fold),"{""{'C': 0.01}"": 18, ""{'C': 1.0}"": 21, ""{'C': 10.0}"": 48, ""{'C': 0.1}"": 1}",7.93,4 positive x 22 negative analytes
T2,native,lpo:all,all,fg_pyrrole_ring,F1pos,plsda,auroc,0.8409,0.6818,0.9659,0.5,,,,619,26,1000,,inner_cv(per fold),"{""{'n': 15}"": 8, ""{'n': 10}"": 21, ""{'n': 2}"": 49, ""{'n': 5}"": 10}",3.44,4 positive x 22 negative analytes
T2,native,lpo:all,all,fg_pyrrole_ring,F1pos,plsda,auroc_spectra,0.7881,0.649,0.8897,0.5,,,,619,26,1000,,inner_cv(per fold),"{""{'n': 15}"": 8, ""{'n': 10}"": 21, ""{'n': 2}"": 49, ""{'n': 5}"": 10}",3.44,4 positive x 22 negative analytes
T2,native,lpo:all,all,fg_pyrrole_ring,F1pos,ncm,auroc,0.8068,0.625,0.9432,0.5,,,,619,26,1000,,inner_cv(per fold),"{""{}"": 88}",0.08,4 positive x 22 negative analytes
T2,native,lpo:all,all,fg_pyrrole_ring,F1pos,ncm,auroc_spectra,0.6775,0.5275,0.8158,0.5,,,,619,26,1000,,inner_cv(per fold),"{""{}"": 88}",0.08,4 positive x 22 negative analytes
T2,native,lpo:all,all,fg_pyrrole_ring,F1pos,hgb,auroc,0.7955,0.5682,0.9545,0.5,,,,619,26,1000,,inner_cv(per fold),"{""{}"": 88}",8.17,4 positive x 22 negative analytes
T2,native,lpo:all,all,fg_pyrrole_ring,F1pos,hgb,auroc_spectra,0.841,0.7196,0.9405,0.5,,,,619,26,1000,,inner_cv(per fold),"{""{}"": 88}",8.17,4 positive x 22 negative analytes
T2,native,lpo:all,all,fg_pyrrole_ring,F1pos,knn,auroc,0.7045,0.4489,0.9545,0.5,,,,619,26,1000,,inner_cv(per fold),"{""{'k': 10}"": 27, ""{'k': 1}"": 58, ""{'k': 5}"": 1, ""{'k': 3}"": 2}",2.39,4 positive x 22 negative analytes
T2,native,lpo:all,all,fg_pyrrole_ring,F1pos,knn,auroc_spectra,0.5187,0.4602,0.5744,0.5,,,,619,26,1000,,inner_cv(per fold),"{""{'k': 10}"": 27, ""{'k': 1}"": 58, ""{'k': 5}"": 1, ""{'k': 3}"": 2}",2.39,4 positive x 22 negative analytes
T2,native,lpo:all,all,fg_pyrrole_ring,F2,majority,auroc,0.5,0.5,0.5,0.5,,,,619,26,1000,,inner_cv(per fold),"{""{}"": 88}",0.12,4 positive x 22 negative analytes
T2,native,lpo:all,all,fg_pyrrole_ring,F2,majority,auroc_spectra,0.5,0.5,0.5,0.5,,,,619,26,1000,,inner_cv(per fold),"{""{}"": 88}",0.12,4 positive x 22 negative analytes
T2,native,lpo:all,all,fg_pyrrole_ring,F2,lr,auroc,0.8068,0.5114,0.9886,0.5,,,,619,26,1000,,inner_cv(per fold),"{""{'C': 1.0}"": 32, ""{'C': 0.1}"": 15, ""{'C': 0.01}"": 24, ""{'C': 10.0}"": 17}",17.6,4 positive x 22 negative analytes
T2,native,lpo:all,all,fg_pyrrole_ring,F2,lr,auroc_spectra,0.8366,0.6223,0.9771,0.5,,,,619,26,1000,,inner_cv(per fold),"{""{'C': 1.0}"": 32, ""{'C': 0.1}"": 15, ""{'C': 0.01}"": 24, ""{'C': 10.0}"": 17}",17.6,4 positive x 22 negative analytes
T2,native,lpo:all,all,fg_pyrrole_ring,F2,pca_lr,auroc,0.8409,0.5568,1.0,0.5,,,,619,26,1000,,inner_cv(per fold),"{""{'C': 1.0}"": 22, ""{'C': 10.0}"": 52, ""{'C': 0.01}"": 13, ""{'C': 0.1}"": 1}",59.67,4 positive x 22 negative analytes
T2,native,lpo:all,all,fg_pyrrole_ring,F2,pca_lr,auroc_spectra,0.8537,0.6785,0.9852,0.5,,,,619,26,1000,,inner_cv(per fold),"{""{'C': 1.0}"": 22, ""{'C': 10.0}"": 52, ""{'C': 0.01}"": 13, ""{'C': 0.1}"": 1}",59.67,4 positive x 22 negative analytes
T2,native,lpo:all,all,fg_pyrrole_ring,F2,plsda,auroc,0.7955,0.5682,0.9659,0.5,,,,619,26,1000,,inner_cv(per fold),"{""{'n': 5}"": 37, ""{'n': 15}"": 16, ""{'n': 2}"": 15, ""{'n': 10}"": 20}",30.78,4 positive x 22 negative analytes
T2,native,lpo:all,all,fg_pyrrole_ring,F2,plsda,auroc_spectra,0.755,0.5601,0.8863,0.5,,,,619,26,1000,,inner_cv(per fold),"{""{'n': 5}"": 37, ""{'n': 15}"": 16, ""{'n': 2}"": 15, ""{'n': 10}"": 20}",30.78,4 positive x 22 negative analytes
T2,native,lpo:all,all,fg_pyrrole_ring,F2,ncm,auroc,0.7614,0.4318,1.0,0.5,,,,619,26,1000,,inner_cv(per fold),"{""{}"": 88}",0.51,4 positive x 22 negative analytes
T2,native,lpo:all,all,fg_pyrrole_ring,F2,ncm,auroc_spectra,0.7274,0.4795,0.9357,0.5,,,,619,26,1000,,inner_cv(per fold),"{""{}"": 88}",0.51,4 positive x 22 negative analytes
T2,native,lpo:all,all,fg_pyrrole_ring,F2,hgb,auroc,0.7727,0.5909,0.9545,0.5,,,,619,26,1000,,inner_cv(per fold),"{""{}"": 88}",164.68,4 positive x 22 negative analytes
T2,native,lpo:all,all,fg_pyrrole_ring,F2,hgb,auroc_spectra,0.8604,0.7341,0.9619,0.5,,,,619,26,1000,,inner_cv(per fold),"{""{}"": 88}",164.68,4 positive x 22 negative analytes
T2,native,lpo:all,all,fg_pyrrole_ring,F2,knn,auroc,0.7443,0.5341,0.9545,0.5,,,,619,26,1000,,inner_cv(per fold),"{""{'k': 5}"": 23, ""{'k': 10}"": 16, ""{'k': 3}"": 9, ""{'k': 1}"": 40}",5.72,4 positive x 22 negative analytes
T2,native,lpo:all,all,fg_pyrrole_ring,F2,knn,auroc_spectra,0.5671,0.4972,0.6322,0.5,,,,619,26,1000,,inner_cv(per fold),"{""{'k': 5}"": 23, ""{'k': 10}"": 16, ""{'k': 3}"": 9, ""{'k': 1}"": 40}",5.72,4 positive x 22 negative analytes
T2,native,lpo:all,all,fg_pyrrole_ring,F3,majority,auroc,0.5,0.5,0.5,0.5,,,,619,26,1000,,inner_cv(per fold),"{""{}"": 88}",0.09,4 positive x 22 negative analytes
T2,native,lpo:all,all,fg_pyrrole_ring,F3,majority,auroc_spectra,0.5,0.5,0.5,0.5,,,,619,26,1000,,inner_cv(per fold),"{""{}"": 88}",0.09,4 positive x 22 negative analytes
T2,native,lpo:all,all,fg_pyrrole_ring,F3,lr,auroc,0.8295,0.6705,0.9659,0.5,,,,619,26,1000,,inner_cv(per fold),"{""{'C': 0.01}"": 49, ""{'C': 1.0}"": 16, ""{'C': 0.1}"": 11, ""{'C': 10.0}"": 12}",18.28,4 positive x 22 negative analytes
T2,native,lpo:all,all,fg_pyrrole_ring,F3,lr,auroc_spectra,0.8424,0.7157,0.9463,0.5,,,,619,26,1000,,inner_cv(per fold),"{""{'C': 0.01}"": 49, ""{'C': 1.0}"": 16, ""{'C': 0.1}"": 11, ""{'C': 10.0}"": 12}",18.28,4 positive x 22 negative analytes
T2,native,lpo:all,all,fg_pyrrole_ring,F3,pca_lr,auroc,0.8977,0.7386,0.9886,0.5,,,,619,26,1000,,inner_cv(per fold),"{""{'C': 0.01}"": 50, ""{'C': 10.0}"": 19, ""{'C': 1.0}"": 11, ""{'C': 0.1}"": 8}",57.29,4 positive x 22 negative analytes
T2,native,lpo:all,all,fg_pyrrole_ring,F3,pca_lr,auroc_spectra,0.8986,0.7758,0.9796,0.5,,,,619,26,1000,,inner_cv(per fold),"{""{'C': 0.01}"": 50, ""{'C': 10.0}"": 19, ""{'C': 1.0}"": 11, ""{'C': 0.1}"": 8}",57.29,4 positive x 22 negative analytes
T2,native,lpo:all,all,fg_pyrrole_ring,F3,plsda,auroc,0.6932,0.3182,0.9659,0.5,,,,619,26,1000,,inner_cv(per fold),"{""{'n': 2}"": 49, ""{'n': 5}"": 11, ""{'n': 10}"": 26, ""{'n': 15}"": 2}",33.61,4 positive x 22 negative analytes
T2,native,lpo:all,all,fg_pyrrole_ring,F3,plsda,auroc_spectra,0.7104,0.4786,0.9041,0.5,,,,619,26,1000,,inner_cv(per fold),"{""{'n': 2}"": 49, ""{'n': 5}"": 11, ""{'n': 10}"": 26, ""{'n': 15}"": 2}",33.61,4 positive x 22 negative analytes
T2,native,lpo:all,all,fg_pyrrole_ring,F3,ncm,auroc,0.6705,0.3523,0.9545,0.5,,,,619,26,1000,,inner_cv(per fold),"{""{}"": 88}",0.93,4 positive x 22 negative analytes
T2,native,lpo:all,all,fg_pyrrole_ring,F3,ncm,auroc_spectra,0.7221,0.487,0.9366,0.5,,,,619,26,1000,,inner_cv(per fold),"{""{}"": 88}",0.93,4 positive x 22 negative analytes
T2,native,lpo:all,all,fg_pyrrole_ring,F3,hgb,auroc,0.8636,0.6929,0.9773,0.5,,,,619,26,1000,,inner_cv(per fold),"{""{}"": 88}",240.51,4 positive x 22 negative analytes
T2,native,lpo:all,all,fg_pyrrole_ring,F3,hgb,auroc_spectra,0.8317,0.6964,0.9499,0.5,,,,619,26,1000,,inner_cv(per fold),"{""{}"": 88}",240.51,4 positive x 22 negative analytes
T2,native,lpo:all,all,fg_pyrrole_ring,F3,knn,auroc,0.7216,0.4886,0.9545,0.5,,,,619,26,1000,,inner_cv(per fold),"{""{'k': 3}"": 40, ""{'k': 1}"": 40, ""{'k': 5}"": 8}",5.72,4 positive x 22 negative analytes
T2,native,lpo:all,all,fg_pyrrole_ring,F3,knn,auroc_spectra,0.6372,0.4886,0.808,0.5,,,,619,26,1000,,inner_cv(per fold),"{""{'k': 3}"": 40, ""{'k': 1}"": 40, ""{'k': 5}"": 8}",5.72,4 positive x 22 negative analytes
T2,native,lpo:all,all,fg_pyrrole_ring,F1.bg,majority,auroc,0.5,0.5,0.5,0.5,,,,619,26,1000,,inner_cv(per fold),"{""{}"": 88}",0.08,4 positive x 22 negative analytes
T2,native,lpo:all,all,fg_pyrrole_ring,F1.bg,majority,auroc_spectra,0.5,0.5,0.5,0.5,,,,619,26,1000,,inner_cv(per fold),"{""{}"": 88}",0.08,4 positive x 22 negative analytes
T2,native,lpo:all,all,fg_pyrrole_ring,F1.bg,lr,auroc,0.5511,0.0851,1.0,0.5,,,,619,26,1000,,inner_cv(per fold),"{""{'C': 10.0}"": 70, ""{'C': 0.1}"": 1, ""{'C': 1.0}"": 8, ""{'C': 0.01}"": 9}",4.81,4 positive x 22 negative analytes
T2,native,lpo:all,all,fg_pyrrole_ring,F1.bg,lr,auroc_spectra,0.2221,0.0806,0.3674,0.5,,,,619,26,1000,,inner_cv(per fold),"{""{'C': 10.0}"": 70, ""{'C': 0.1}"": 1, ""{'C': 1.0}"": 8, ""{'C': 0.01}"": 9}",4.81,4 positive x 22 negative analytes
T2,native,lpo:all,all,fg_pyrrole_ring,F1.bg,pca_lr,auroc,0.5284,0.0851,0.9659,0.5,,,,619,26,1000,,inner_cv(per fold),"{""{'C': 10.0}"": 66, ""{'C': 1.0}"": 11, ""{'C': 0.01}"": 10, ""{'C': 0.1}"": 1}",8.11,4 positive x 22 negative analytes
T2,native,lpo:all,all,fg_pyrrole_ring,F1.bg,pca_lr,auroc_spectra,0.2822,0.0912,0.5113,0.5,,,,619,26,1000,,inner_cv(per fold),"{""{'C': 10.0}"": 66, ""{'C': 1.0}"": 11, ""{'C': 0.01}"": 10, ""{'C': 0.1}"": 1}",8.11,4 positive x 22 negative analytes
T2,native,lpo:all,all,fg_pyrrole_ring,F1.bg,plsda,auroc,0.3636,0.0679,0.7162,0.5,,,,619,26,1000,,inner_cv(per fold),"{""{'n': 5}"": 22, ""{'n': 15}"": 11, ""{'n': 10}"": 39, ""{'n': 2}"": 16}",3.47,4 positive x 22 negative analytes
T2,native,lpo:all,all,fg_pyrrole_ring,F1.bg,plsda,auroc_spectra,0.2142,0.0602,0.3412,0.5,,,,619,26,1000,,inner_cv(per fold),"{""{'n': 5}"": 22, ""{'n': 15}"": 11, ""{'n': 10}"": 39, ""{'n': 2}"": 16}",3.47,4 positive x 22 negative analytes
T2,native,lpo:all,all,fg_pyrrole_ring,F1.bg,ncm,auroc,0.6591,0.3747,0.9318,0.5,,,,619,26,1000,,inner_cv(per fold),"{""{}"": 88}",0.08,4 positive x 22 negative analytes
T2,native,lpo:all,all,fg_pyrrole_ring,F1.bg,ncm,auroc_spectra,0.7003,0.4862,0.8976,0.5,,,,619,26,1000,,inner_cv(per fold),"{""{}"": 88}",0.08,4 positive x 22 negative analytes
T2,native,lpo:all,all,fg_pyrrole_ring,F1.bg,hgb,auroc,0.8068,0.6136,0.9545,0.5,,,,619,26,1000,,inner_cv(per fold),"{""{}"": 88}",5.96,4 positive x 22 negative analytes
T2,native,lpo:all,all,fg_pyrrole_ring,F1.bg,hgb,auroc_spectra,0.8492,0.6941,0.9611,0.5,,,,619,26,1000,,inner_cv(per fold),"{""{}"": 88}",5.96,4 positive x 22 negative analytes
T2,native,lpo:all,all,fg_pyrrole_ring,F1.bg,knn,auroc,0.7273,0.5227,0.9261,0.5,,,,619,26,1000,,inner_cv(per fold),"{""{'k': 3}"": 39, ""{'k': 1}"": 41, ""{'k': 10}"": 8}",2.38,4 positive x 22 negative analytes
T2,native,lpo:all,all,fg_pyrrole_ring,F1.bg,knn,auroc_spectra,0.5979,0.5143,0.6869,0.5,,,,619,26,1000,,inner_cv(per fold),"{""{'k': 3}"": 39, ""{'k': 1}"": 41, ""{'k': 10}"": 8}",2.38,4 positive x 22 negative analytes
T2,native,lpo:all,all,fg_pyrrole_ring,F3.bg,majority,auroc,0.5,0.5,0.5,0.5,,,,619,26,1000,,inner_cv(per fold),"{""{}"": 88}",0.09,4 positive x 22 negative analytes
T2,native,lpo:all,all,fg_pyrrole_ring,F3.bg,majority,auroc_spectra,0.5,0.5,0.5,0.5,,,,619,26,1000,,inner_cv(per fold),"{""{}"": 88}",0.09,4 positive x 22 negative analytes
T2,native,lpo:all,all,fg_pyrrole_ring,F3.bg,lr,auroc,0.7045,0.3977,0.9545,0.5,,,,619,26,1000,,inner_cv(per fold),"{""{'C': 1.0}"": 29, ""{'C': 10.0}"": 38, ""{'C': 0.01}"": 17, ""{'C': 0.1}"": 4}",17.85,4 positive x 22 negative analytes
T2,native,lpo:all,all,fg_pyrrole_ring,F3.bg,lr,auroc_spectra,0.5978,0.37,0.7741,0.5,,,,619,26,1000,,inner_cv(per fold),"{""{'C': 1.0}"": 29, ""{'C': 10.0}"": 38, ""{'C': 0.01}"": 17, ""{'C': 0.1}"": 4}",17.85,4 positive x 22 negative analytes
T2,native,lpo:all,all,fg_pyrrole_ring,F3.bg,pca_lr,auroc,0.7727,0.4432,1.0,0.5,,,,619,26,1000,,inner_cv(per fold),"{""{'C': 1.0}"": 10, ""{'C': 10.0}"": 52, ""{'C': 0.01}"": 20, ""{'C': 0.1}"": 6}",55.66,4 positive x 22 negative analytes
T2,native,lpo:all,all,fg_pyrrole_ring,F3.bg,pca_lr,auroc_spectra,0.6374,0.407,0.8313,0.5,,,,619,26,1000,,inner_cv(per fold),"{""{'C': 1.0}"": 10, ""{'C': 10.0}"": 52, ""{'C': 0.01}"": 20, ""{'C': 0.1}"": 6}",55.66,4 positive x 22 negative analytes
T2,native,lpo:all,all,fg_pyrrole_ring,F3.bg,plsda,auroc,0.5114,0.0455,0.9773,0.5,,,,619,26,1000,,inner_cv(per fold),"{""{'n': 5}"": 3, ""{'n': 15}"": 36, ""{'n': 10}"": 18, ""{'n': 2}"": 31}",33.84,4 positive x 22 negative analytes
T2,native,lpo:all,all,fg_pyrrole_ring,F3.bg,plsda,auroc_spectra,0.3406,0.052,0.6204,0.5,,,,619,26,1000,,inner_cv(per fold),"{""{'n': 5}"": 3, ""{'n': 15}"": 36, ""{'n': 10}"": 18, ""{'n': 2}"": 31}",33.84,4 positive x 22 negative analytes
T2,native,lpo:all,all,fg_pyrrole_ring,F3.bg,ncm,auroc,0.6477,0.3068,0.9545,0.5,,,,619,26,1000,,inner_cv(per fold),"{""{}"": 88}",1.01,4 positive x 22 negative analytes
T2,native,lpo:all,all,fg_pyrrole_ring,F3.bg,ncm,auroc_spectra,0.7066,0.4464,0.939,0.5,,,,619,26,1000,,inner_cv(per fold),"{""{}"": 88}",1.01,4 positive x 22 negative analytes
T2,native,lpo:all,all,fg_pyrrole_ring,F3.bg,hgb,auroc,0.8409,0.6474,0.9662,0.5,,,,619,26,1000,,inner_cv(per fold),"{""{}"": 88}",190.01,4 positive x 22 negative analytes
T2,native,lpo:all,all,fg_pyrrole_ring,F3.bg,hgb,auroc_spectra,0.8775,0.7577,0.9674,0.5,,,,619,26,1000,,inner_cv(per fold),"{""{}"": 88}",190.01,4 positive x 22 negative analytes
T2,native,lpo:all,all,fg_pyrrole_ring,F3.bg,knn,auroc,0.7045,0.4432,0.9545,0.5,,,,619,26,1000,,inner_cv(per fold),"{""{'k': 1}"": 75, ""{'k': 10}"": 11, ""{'k': 3}"": 2}",5.59,4 positive x 22 negative analytes
T2,native,lpo:all,all,fg_pyrrole_ring,F3.bg,knn,auroc_spectra,0.6508,0.4861,0.8298,0.5,,,,619,26,1000,,inner_cv(per fold),"{""{'k': 1}"": 75, ""{'k': 10}"": 11, ""{'k': 3}"": 2}",5.59,4 positive x 22 negative analytes
T2,native,lpo:all,all,fg_pyrrole_ring,F3.d1,majority,auroc,0.5,0.5,0.5,0.5,,,,619,26,1000,,inner_cv(per fold),"{""{}"": 88}",0.1,4 positive x 22 negative analytes
T2,native,lpo:all,all,fg_pyrrole_ring,F3.d1,majority,auroc_spectra,0.5,0.5,0.5,0.5,,,,619,26,1000,,inner_cv(per fold),"{""{}"": 88}",0.1,4 positive x 22 negative analytes
T2,native,lpo:all,all,fg_pyrrole_ring,F3.d1,lr,auroc,0.7841,0.5682,0.9545,0.5,,,,619,26,1000,,inner_cv(per fold),"{""{'C': 0.01}"": 43, ""{'C': 0.1}"": 6, ""{'C': 1.0}"": 17, ""{'C': 10.0}"": 22}",18.23,4 positive x 22 negative analytes
T2,native,lpo:all,all,fg_pyrrole_ring,F3.d1,lr,auroc_spectra,0.7998,0.6209,0.9491,0.5,,,,619,26,1000,,inner_cv(per fold),"{""{'C': 0.01}"": 43, ""{'C': 0.1}"": 6, ""{'C': 1.0}"": 17, ""{'C': 10.0}"": 22}",18.23,4 positive x 22 negative analytes
T2,native,lpo:all,all,fg_pyrrole_ring,F3.d1,pca_lr,auroc,0.8523,0.6818,0.9773,0.5,,,,619,26,1000,,inner_cv(per fold),"{""{'C': 0.01}"": 36, ""{'C': 10.0}"": 31, ""{'C': 1.0}"": 16, ""{'C': 0.1}"": 5}",55.74,4 positive x 22 negative analytes
T2,native,lpo:all,all,fg_pyrrole_ring,F3.d1,pca_lr,auroc_spectra,0.849,0.6996,0.9577,0.5,,,,619,26,1000,,inner_cv(per fold),"{""{'C': 0.01}"": 36, ""{'C': 10.0}"": 31, ""{'C': 1.0}"": 16, ""{'C': 0.1}"": 5}",55.74,4 positive x 22 negative analytes
T2,native,lpo:all,all,fg_pyrrole_ring,F3.d1,plsda,auroc,0.8977,0.75,1.0,0.5,,,,619,26,1000,,inner_cv(per fold),"{""{'n': 2}"": 68, ""{'n': 5}"": 17, ""{'n': 15}"": 3}",31.81,4 positive x 22 negative analytes
T2,native,lpo:all,all,fg_pyrrole_ring,F3.d1,plsda,auroc_spectra,0.8792,0.7613,0.971,0.5,,,,619,26,1000,,inner_cv(per fold),"{""{'n': 2}"": 68, ""{'n': 5}"": 17, ""{'n': 15}"": 3}",31.81,4 positive x 22 negative analytes
T2,native,lpo:all,all,fg_pyrrole_ring,F3.d1,ncm,auroc,0.5568,0.2838,0.8068,0.5,,,,619,26,1000,,inner_cv(per fold),"{""{}"": 88}",0.85,4 positive x 22 negative analytes
T2,native,lpo:all,all,fg_pyrrole_ring,F3.d1,ncm,auroc_spectra,0.6697,0.4427,0.8622,0.5,,,,619,26,1000,,inner_cv(per fold),"{""{}"": 88}",0.85,4 positive x 22 negative analytes
T2,native,lpo:all,all,fg_pyrrole_ring,F3.d1,hgb,auroc,0.8977,0.7614,1.0,0.5,,,,619,26,1000,,inner_cv(per fold),"{""{}"": 88}",204.2,4 positive x 22 negative analytes
T2,native,lpo:all,all,fg_pyrrole_ring,F3.d1,hgb,auroc_spectra,0.8993,0.7774,0.9909,0.5,,,,619,26,1000,,inner_cv(per fold),"{""{}"": 88}",204.2,4 positive x 22 negative analytes
T2,native,lpo:all,all,fg_pyrrole_ring,F3.d1,knn,auroc,0.7045,0.4773,0.9545,0.5,,,,619,26,1000,,inner_cv(per fold),"{""{'k': 1}"": 62, ""{'k': 10}"": 5, ""{'k': 3}"": 12, ""{'k': 5}"": 9}",5.59,4 positive x 22 negative analytes
T2,native,lpo:all,all,fg_pyrrole_ring,F3.d1,knn,auroc_spectra,0.5963,0.4773,0.7232,0.5,,,,619,26,1000,,inner_cv(per fold),"{""{'k': 1}"": 62, ""{'k': 10}"": 5, ""{'k': 3}"": 12, ""{'k': 5}"": 9}",5.59,4 positive x 22 negative analytes
T2,native,lpo:all,all,fg_pyrrole_ring,META_matrix,lr,auroc,0.9034,0.7784,0.9886,0.5,,,,619,26,1000,,inner_cv(per fold),"{""{'C': 0.01}"": 88}",2.86,4 positive x 22 negative analytes; matrix-only control
T2,native,lpo:all,all,fg_pyrrole_ring,META_matrix,lr,auroc_spectra,0.814,0.6075,0.9617,0.5,,,,619,26,1000,,inner_cv(per fold),"{""{'C': 0.01}"": 88}",2.86,4 positive x 22 negative analytes; matrix-only control
T2,native,lpo:all,all,fg_indole,F1,majority,auroc,0.5,0.5,0.5,0.5,,,,619,26,1000,,inner_cv(per fold),"{""{}"": 88}",0.08,4 positive x 22 negative analytes
T2,native,lpo:all,all,fg_indole,F1,majority,auroc_spectra,0.5,0.5,0.5,0.5,,,,619,26,1000,,inner_cv(per fold),"{""{}"": 88}",0.08,4 positive x 22 negative analytes
T2,native,lpo:all,all,fg_indole,F1,lr,auroc,0.7614,0.5455,0.9318,0.5,0.0849,1000,0.4995,619,26,1000,,inner_cv(per fold),"{""{'C': 10.0}"": 57, ""{'C': 1.0}"": 18, ""{'C': 0.1}"": 2, ""{'C': 0.01}"": 11}",4.29,4 positive x 22 negative analytes
T2,native,lpo:all,all,fg_indole,F1,lr,auroc_spectra,0.6626,0.5225,0.8376,0.5,,,,619,26,1000,,inner_cv(per fold),"{""{'C': 10.0}"": 57, ""{'C': 1.0}"": 18, ""{'C': 0.1}"": 2, ""{'C': 0.01}"": 11}",4.29,4 positive x 22 negative analytes
T2,native,lpo:all,all,fg_indole,F1,pca_lr,auroc,0.7727,0.5455,0.9545,0.5,,,,619,26,1000,,inner_cv(per fold),"{""{'C': 10.0}"": 53, ""{'C': 1.0}"": 16, ""{'C': 0.01}"": 18, ""{'C': 0.1}"": 1}",7.99,4 positive x 22 negative analytes
T2,native,lpo:all,all,fg_indole,F1,pca_lr,auroc_spectra,0.6667,0.496,0.8461,0.5,,,,619,26,1000,,inner_cv(per fold),"{""{'C': 10.0}"": 53, ""{'C': 1.0}"": 16, ""{'C': 0.01}"": 18, ""{'C': 0.1}"": 1}",7.99,4 positive x 22 negative analytes
T2,native,lpo:all,all,fg_indole,F1,plsda,auroc,0.875,0.7273,0.9886,0.5,,,,619,26,1000,,inner_cv(per fold),"{""{'n': 2}"": 41, ""{'n': 10}"": 33, ""{'n': 5}"": 8, ""{'n': 15}"": 6}",3.4,4 positive x 22 negative analytes
T2,native,lpo:all,all,fg_indole,F1,plsda,auroc_spectra,0.703,0.5903,0.8318,0.5,,,,619,26,1000,,inner_cv(per fold),"{""{'n': 2}"": 41, ""{'n': 10}"": 33, ""{'n': 5}"": 8, ""{'n': 15}"": 6}",3.4,4 positive x 22 negative analytes
T2,native,lpo:all,all,fg_indole,F1,ncm,auroc,0.5909,0.3182,0.8409,0.5,,,,619,26,1000,,inner_cv(per fold),"{""{}"": 88}",0.08,4 positive x 22 negative analytes
T2,native,lpo:all,all,fg_indole,F1,ncm,auroc_spectra,0.6678,0.4566,0.8525,0.5,,,,619,26,1000,,inner_cv(per fold),"{""{}"": 88}",0.08,4 positive x 22 negative analytes
T2,native,lpo:all,all,fg_indole,F1,hgb,auroc,0.9091,0.7727,1.0,0.5,0.02,1000,0.4981,619,26,1000,,inner_cv(per fold),"{""{}"": 88}",6.21,4 positive x 22 negative analytes
T2,native,lpo:all,all,fg_indole,F1,hgb,auroc_spectra,0.8672,0.7475,0.9699,0.5,,,,619,26,1000,,inner_cv(per fold),"{""{}"": 88}",6.21,4 positive x 22 negative analytes
T2,native,lpo:all,all,fg_indole,F1,knn,auroc,0.5739,0.4205,0.7842,0.5,,,,619,26,1000,,inner_cv(per fold),"{""{'k': 3}"": 33, ""{'k': 10}"": 9, ""{'k': 1}"": 46}",2.43,4 positive x 22 negative analytes
T2,native,lpo:all,all,fg_indole,F1,knn,auroc_spectra,0.5168,0.458,0.5704,0.5,,,,619,26,1000,,inner_cv(per fold),"{""{'k': 3}"": 33, ""{'k': 10}"": 9, ""{'k': 1}"": 46}",2.43,4 positive x 22 negative analytes
T2,native,lpo:all,all,fg_indole,F1pos,majority,auroc,0.5,0.5,0.5,0.5,,,,619,26,1000,,inner_cv(per fold),"{""{}"": 88}",0.07,4 positive x 22 negative analytes
T2,native,lpo:all,all,fg_indole,F1pos,majority,auroc_spectra,0.5,0.5,0.5,0.5,,,,619,26,1000,,inner_cv(per fold),"{""{}"": 88}",0.07,4 positive x 22 negative analytes
T2,native,lpo:all,all,fg_indole,F1pos,lr,auroc,0.7273,0.5111,0.9094,0.5,,,,619,26,1000,,inner_cv(per fold),"{""{'C': 0.01}"": 21, ""{'C': 1.0}"": 13, ""{'C': 10.0}"": 54}",4.25,4 positive x 22 negative analytes
T2,native,lpo:all,all,fg_indole,F1pos,lr,auroc_spectra,0.7742,0.6473,0.8803,0.5,,,,619,26,1000,,inner_cv(per fold),"{""{'C': 0.01}"": 21, ""{'C': 1.0}"": 13, ""{'C': 10.0}"": 54}",4.25,4 positive x 22 negative analytes
T2,native,lpo:all,all,fg_indole,F1pos,pca_lr,auroc,0.7727,0.5793,0.9432,0.5,,,,619,26,1000,,inner_cv(per fold),"{""{'C': 0.01}"": 18, ""{'C': 1.0}"": 21, ""{'C': 10.0}"": 48, ""{'C': 0.1}"": 1}",7.14,4 positive x 22 negative analytes
T2,native,lpo:all,all,fg_indole,F1pos,pca_lr,auroc_spectra,0.8132,0.6779,0.9288,0.5,,,,619,26,1000,,inner_cv(per fold),"{""{'C': 0.01}"": 18, ""{'C': 1.0}"": 21, ""{'C': 10.0}"": 48, ""{'C': 0.1}"": 1}",7.14,4 positive x 22 negative analytes
T2,native,lpo:all,all,fg_indole,F1pos,plsda,auroc,0.8409,0.6818,0.9659,0.5,,,,619,26,1000,,inner_cv(per fold),"{""{'n': 15}"": 8, ""{'n': 10}"": 21, ""{'n': 2}"": 49, ""{'n': 5}"": 10}",3.38,4 positive x 22 negative analytes
T2,native,lpo:all,all,fg_indole,F1pos,plsda,auroc_spectra,0.7881,0.649,0.8897,0.5,,,,619,26,1000,,inner_cv(per fold),"{""{'n': 15}"": 8, ""{'n': 10}"": 21, ""{'n': 2}"": 49, ""{'n': 5}"": 10}",3.38,4 positive x 22 negative analytes
T2,native,lpo:all,all,fg_indole,F1pos,ncm,auroc,0.8068,0.625,0.9432,0.5,,,,619,26,1000,,inner_cv(per fold),"{""{}"": 88}",0.08,4 positive x 22 negative analytes
T2,native,lpo:all,all,fg_indole,F1pos,ncm,auroc_spectra,0.6775,0.5275,0.8158,0.5,,,,619,26,1000,,inner_cv(per fold),"{""{}"": 88}",0.08,4 positive x 22 negative analytes
T2,native,lpo:all,all,fg_indole,F1pos,hgb,auroc,0.7955,0.5682,0.9545,0.5,,,,619,26,1000,,inner_cv(per fold),"{""{}"": 88}",7.93,4 positive x 22 negative analytes
T2,native,lpo:all,all,fg_indole,F1pos,hgb,auroc_spectra,0.841,0.7196,0.9405,0.5,,,,619,26,1000,,inner_cv(per fold),"{""{}"": 88}",7.93,4 positive x 22 negative analytes
T2,native,lpo:all,all,fg_indole,F1pos,knn,auroc,0.7045,0.4489,0.9545,0.5,,,,619,26,1000,,inner_cv(per fold),"{""{'k': 10}"": 27, ""{'k': 1}"": 58, ""{'k': 5}"": 1, ""{'k': 3}"": 2}",2.38,4 positive x 22 negative analytes
T2,native,lpo:all,all,fg_indole,F1pos,knn,auroc_spectra,0.5187,0.4602,0.5744,0.5,,,,619,26,1000,,inner_cv(per fold),"{""{'k': 10}"": 27, ""{'k': 1}"": 58, ""{'k': 5}"": 1, ""{'k': 3}"": 2}",2.38,4 positive x 22 negative analytes
T2,native,lpo:all,all,fg_indole,F2,majority,auroc,0.5,0.5,0.5,0.5,,,,619,26,1000,,inner_cv(per fold),"{""{}"": 88}",0.09,4 positive x 22 negative analytes
T2,native,lpo:all,all,fg_indole,F2,majority,auroc_spectra,0.5,0.5,0.5,0.5,,,,619,26,1000,,inner_cv(per fold),"{""{}"": 88}",0.09,4 positive x 22 negative analytes
T2,native,lpo:all,all,fg_indole,F2,lr,auroc,0.8068,0.5114,0.9886,0.5,,,,619,26,1000,,inner_cv(per fold),"{""{'C': 1.0}"": 32, ""{'C': 0.1}"": 15, ""{'C': 0.01}"": 24, ""{'C': 10.0}"": 17}",17.17,4 positive x 22 negative analytes
T2,native,lpo:all,all,fg_indole,F2,lr,auroc_spectra,0.8366,0.6223,0.9771,0.5,,,,619,26,1000,,inner_cv(per fold),"{""{'C': 1.0}"": 32, ""{'C': 0.1}"": 15, ""{'C': 0.01}"": 24, ""{'C': 10.0}"": 17}",17.17,4 positive x 22 negative analytes
T2,native,lpo:all,all,fg_indole,F2,pca_lr,auroc,0.8409,0.5568,1.0,0.5,,,,619,26,1000,,inner_cv(per fold),"{""{'C': 1.0}"": 22, ""{'C': 10.0}"": 52, ""{'C': 0.01}"": 13, ""{'C': 0.1}"": 1}",54.09,4 positive x 22 negative analytes
T2,native,lpo:all,all,fg_indole,F2,pca_lr,auroc_spectra,0.8537,0.6785,0.9852,0.5,,,,619,26,1000,,inner_cv(per fold),"{""{'C': 1.0}"": 22, ""{'C': 10.0}"": 52, ""{'C': 0.01}"": 13, ""{'C': 0.1}"": 1}",54.09,4 positive x 22 negative analytes
T2,native,lpo:all,all,fg_indole,F2,plsda,auroc,0.7955,0.5682,0.9659,0.5,,,,619,26,1000,,inner_cv(per fold),"{""{'n': 5}"": 37, ""{'n': 15}"": 16, ""{'n': 2}"": 15, ""{'n': 10}"": 20}",32.75,4 positive x 22 negative analytes
T2,native,lpo:all,all,fg_indole,F2,plsda,auroc_spectra,0.755,0.5601,0.8863,0.5,,,,619,26,1000,,inner_cv(per fold),"{""{'n': 5}"": 37, ""{'n': 15}"": 16, ""{'n': 2}"": 15, ""{'n': 10}"": 20}",32.75,4 positive x 22 negative analytes
T2,native,lpo:all,all,fg_indole,F2,ncm,auroc,0.7614,0.4318,1.0,0.5,,,,619,26,1000,,inner_cv(per fold),"{""{}"": 88}",1.02,4 positive x 22 negative analytes
T2,native,lpo:all,all,fg_indole,F2,ncm,auroc_spectra,0.7274,0.4795,0.9357,0.5,,,,619,26,1000,,inner_cv(per fold),"{""{}"": 88}",1.02,4 positive x 22 negative analytes
T2,native,lpo:all,all,fg_indole,F2,hgb,auroc,0.7727,0.5909,0.9545,0.5,,,,619,26,1000,,inner_cv(per fold),"{""{}"": 88}",201.04,4 positive x 22 negative analytes
T2,native,lpo:all,all,fg_indole,F2,hgb,auroc_spectra,0.8604,0.7341,0.9619,0.5,,,,619,26,1000,,inner_cv(per fold),"{""{}"": 88}",201.04,4 positive x 22 negative analytes
T2,native,lpo:all,all,fg_indole,F2,knn,auroc,0.7443,0.5341,0.9545,0.5,,,,619,26,1000,,inner_cv(per fold),"{""{'k': 5}"": 23, ""{'k': 10}"": 16, ""{'k': 3}"": 9, ""{'k': 1}"": 40}",5.75,4 positive x 22 negative analytes
T2,native,lpo:all,all,fg_indole,F2,knn,auroc_spectra,0.5671,0.4972,0.6322,0.5,,,,619,26,1000,,inner_cv(per fold),"{""{'k': 5}"": 23, ""{'k': 10}"": 16, ""{'k': 3}"": 9, ""{'k': 1}"": 40}",5.75,4 positive x 22 negative analytes
T2,native,lpo:all,all,fg_indole,F3,majority,auroc,0.5,0.5,0.5,0.5,,,,619,26,1000,,inner_cv(per fold),"{""{}"": 88}",0.09,4 positive x 22 negative analytes
T2,native,lpo:all,all,fg_indole,F3,majority,auroc_spectra,0.5,0.5,0.5,0.5,,,,619,26,1000,,inner_cv(per fold),"{""{}"": 88}",0.09,4 positive x 22 negative analytes
T2,native,lpo:all,all,fg_indole,F3,lr,auroc,0.8295,0.6705,0.9659,0.5,,,,619,26,1000,,inner_cv(per fold),"{""{'C': 0.01}"": 49, ""{'C': 1.0}"": 16, ""{'C': 0.1}"": 11, ""{'C': 10.0}"": 12}",18.04,4 positive x 22 negative analytes
T2,native,lpo:all,all,fg_indole,F3,lr,auroc_spectra,0.8424,0.7157,0.9463,0.5,,,,619,26,1000,,inner_cv(per fold),"{""{'C': 0.01}"": 49, ""{'C': 1.0}"": 16, ""{'C': 0.1}"": 11, ""{'C': 10.0}"": 12}",18.04,4 positive x 22 negative analytes
T2,native,lpo:all,all,fg_indole,F3,pca_lr,auroc,0.8977,0.7386,0.9886,0.5,,,,619,26,1000,,inner_cv(per fold),"{""{'C': 0.01}"": 50, ""{'C': 10.0}"": 19, ""{'C': 1.0}"": 11, ""{'C': 0.1}"": 8}",53.32,4 positive x 22 negative analytes
T2,native,lpo:all,all,fg_indole,F3,pca_lr,auroc_spectra,0.8986,0.7758,0.9796,0.5,,,,619,26,1000,,inner_cv(per fold),"{""{'C': 0.01}"": 50, ""{'C': 10.0}"": 19, ""{'C': 1.0}"": 11, ""{'C': 0.1}"": 8}",53.32,4 positive x 22 negative analytes
T2,native,lpo:all,all,fg_indole,F3,plsda,auroc,0.6932,0.3182,0.9659,0.5,,,,619,26,1000,,inner_cv(per fold),"{""{'n': 2}"": 49, ""{'n': 5}"": 11, ""{'n': 10}"": 26, ""{'n': 15}"": 2}",32.22,4 positive x 22 negative analytes
T2,native,lpo:all,all,fg_indole,F3,plsda,auroc_spectra,0.7104,0.4786,0.9041,0.5,,,,619,26,1000,,inner_cv(per fold),"{""{'n': 2}"": 49, ""{'n': 5}"": 11, ""{'n': 10}"": 26, ""{'n': 15}"": 2}",32.22,4 positive x 22 negative analytes
T2,native,lpo:all,all,fg_indole,F3,ncm,auroc,0.6705,0.3523,0.9545,0.5,,,,619,26,1000,,inner_cv(per fold),"{""{}"": 88}",1.21,4 positive x 22 negative analytes
T2,native,lpo:all,all,fg_indole,F3,ncm,auroc_spectra,0.7221,0.487,0.9366,0.5,,,,619,26,1000,,inner_cv(per fold),"{""{}"": 88}",1.21,4 positive x 22 negative analytes
T2,native,lpo:all,all,fg_indole,F3,hgb,auroc,0.8636,0.6929,0.9773,0.5,,,,619,26,1000,,inner_cv(per fold),"{""{}"": 88}",195.43,4 positive x 22 negative analytes
T2,native,lpo:all,all,fg_indole,F3,hgb,auroc_spectra,0.8317,0.6964,0.9499,0.5,,,,619,26,1000,,inner_cv(per fold),"{""{}"": 88}",195.43,4 positive x 22 negative analytes
T2,native,lpo:all,all,fg_indole,F3,knn,auroc,0.7216,0.4886,0.9545,0.5,,,,619,26,1000,,inner_cv(per fold),"{""{'k': 3}"": 40, ""{'k': 1}"": 40, ""{'k': 5}"": 8}",5.6,4 positive x 22 negative analytes
T2,native,lpo:all,all,fg_indole,F3,knn,auroc_spectra,0.6372,0.4886,0.808,0.5,,,,619,26,1000,,inner_cv(per fold),"{""{'k': 3}"": 40, ""{'k': 1}"": 40, ""{'k': 5}"": 8}",5.6,4 positive x 22 negative analytes
T2,native,lpo:all,all,fg_indole,F1.bg,majority,auroc,0.5,0.5,0.5,0.5,,,,619,26,1000,,inner_cv(per fold),"{""{}"": 88}",0.07,4 positive x 22 negative analytes
T2,native,lpo:all,all,fg_indole,F1.bg,majority,auroc_spectra,0.5,0.5,0.5,0.5,,,,619,26,1000,,inner_cv(per fold),"{""{}"": 88}",0.07,4 positive x 22 negative analytes
T2,native,lpo:all,all,fg_indole,F1.bg,lr,auroc,0.5511,0.0851,1.0,0.5,,,,619,26,1000,,inner_cv(per fold),"{""{'C': 10.0}"": 70, ""{'C': 0.1}"": 1, ""{'C': 1.0}"": 8, ""{'C': 0.01}"": 9}",4.61,4 positive x 22 negative analytes
T2,native,lpo:all,all,fg_indole,F1.bg,lr,auroc_spectra,0.2221,0.0806,0.3674,0.5,,,,619,26,1000,,inner_cv(per fold),"{""{'C': 10.0}"": 70, ""{'C': 0.1}"": 1, ""{'C': 1.0}"": 8, ""{'C': 0.01}"": 9}",4.61,4 positive x 22 negative analytes
T2,native,lpo:all,all,fg_indole,F1.bg,pca_lr,auroc,0.5284,0.0851,0.9659,0.5,,,,619,26,1000,,inner_cv(per fold),"{""{'C': 10.0}"": 66, ""{'C': 1.0}"": 11, ""{'C': 0.01}"": 10, ""{'C': 0.1}"": 1}",7.2,4 positive x 22 negative analytes
T2,native,lpo:all,all,fg_indole,F1.bg,pca_lr,auroc_spectra,0.2822,0.0912,0.5113,0.5,,,,619,26,1000,,inner_cv(per fold),"{""{'C': 10.0}"": 66, ""{'C': 1.0}"": 11, ""{'C': 0.01}"": 10, ""{'C': 0.1}"": 1}",7.2,4 positive x 22 negative analytes
T2,native,lpo:all,all,fg_indole,F1.bg,plsda,auroc,0.3636,0.0679,0.7162,0.5,,,,619,26,1000,,inner_cv(per fold),"{""{'n': 5}"": 22, ""{'n': 15}"": 11, ""{'n': 10}"": 39, ""{'n': 2}"": 16}",3.6,4 positive x 22 negative analytes
T2,native,lpo:all,all,fg_indole,F1.bg,plsda,auroc_spectra,0.2142,0.0602,0.3412,0.5,,,,619,26,1000,,inner_cv(per fold),"{""{'n': 5}"": 22, ""{'n': 15}"": 11, ""{'n': 10}"": 39, ""{'n': 2}"": 16}",3.6,4 positive x 22 negative analytes
T2,native,lpo:all,all,fg_indole,F1.bg,ncm,auroc,0.6591,0.3747,0.9318,0.5,,,,619,26,1000,,inner_cv(per fold),"{""{}"": 88}",0.08,4 positive x 22 negative analytes
T2,native,lpo:all,all,fg_indole,F1.bg,ncm,auroc_spectra,0.7003,0.4862,0.8976,0.5,,,,619,26,1000,,inner_cv(per fold),"{""{}"": 88}",0.08,4 positive x 22 negative analytes
T2,native,lpo:all,all,fg_indole,F1.bg,hgb,auroc,0.8068,0.6136,0.9545,0.5,,,,619,26,1000,,inner_cv(per fold),"{""{}"": 88}",6.02,4 positive x 22 negative analytes
T2,native,lpo:all,all,fg_indole,F1.bg,hgb,auroc_spectra,0.8492,0.6941,0.9611,0.5,,,,619,26,1000,,inner_cv(per fold),"{""{}"": 88}",6.02,4 positive x 22 negative analytes
T2,native,lpo:all,all,fg_indole,F1.bg,knn,auroc,0.7273,0.5227,0.9261,0.5,,,,619,26,1000,,inner_cv(per fold),"{""{'k': 3}"": 39, ""{'k': 1}"": 41, ""{'k': 10}"": 8}",2.4,4 positive x 22 negative analytes
T2,native,lpo:all,all,fg_indole,F1.bg,knn,auroc_spectra,0.5979,0.5143,0.6869,0.5,,,,619,26,1000,,inner_cv(per fold),"{""{'k': 3}"": 39, ""{'k': 1}"": 41, ""{'k': 10}"": 8}",2.4,4 positive x 22 negative analytes
T2,native,lpo:all,all,fg_indole,F3.bg,majority,auroc,0.5,0.5,0.5,0.5,,,,619,26,1000,,inner_cv(per fold),"{""{}"": 88}",0.09,4 positive x 22 negative analytes
T2,native,lpo:all,all,fg_indole,F3.bg,majority,auroc_spectra,0.5,0.5,0.5,0.5,,,,619,26,1000,,inner_cv(per fold),"{""{}"": 88}",0.09,4 positive x 22 negative analytes
T2,native,lpo:all,all,fg_indole,F3.bg,lr,auroc,0.7045,0.3977,0.9545,0.5,,,,619,26,1000,,inner_cv(per fold),"{""{'C': 1.0}"": 29, ""{'C': 10.0}"": 38, ""{'C': 0.01}"": 17, ""{'C': 0.1}"": 4}",17.94,4 positive x 22 negative analytes
T2,native,lpo:all,all,fg_indole,F3.bg,lr,auroc_spectra,0.5978,0.37,0.7741,0.5,,,,619,26,1000,,inner_cv(per fold),"{""{'C': 1.0}"": 29, ""{'C': 10.0}"": 38, ""{'C': 0.01}"": 17, ""{'C': 0.1}"": 4}",17.94,4 positive x 22 negative analytes
T2,native,lpo:all,all,fg_indole,F3.bg,pca_lr,auroc,0.7727,0.4432,1.0,0.5,,,,619,26,1000,,inner_cv(per fold),"{""{'C': 1.0}"": 10, ""{'C': 10.0}"": 52, ""{'C': 0.01}"": 20, ""{'C': 0.1}"": 6}",54.97,4 positive x 22 negative analytes
T2,native,lpo:all,all,fg_indole,F3.bg,pca_lr,auroc_spectra,0.6374,0.407,0.8313,0.5,,,,619,26,1000,,inner_cv(per fold),"{""{'C': 1.0}"": 10, ""{'C': 10.0}"": 52, ""{'C': 0.01}"": 20, ""{'C': 0.1}"": 6}",54.97,4 positive x 22 negative analytes
T2,native,lpo:all,all,fg_indole,F3.bg,plsda,auroc,0.5114,0.0455,0.9773,0.5,,,,619,26,1000,,inner_cv(per fold),"{""{'n': 5}"": 3, ""{'n': 15}"": 36, ""{'n': 10}"": 18, ""{'n': 2}"": 31}",32.83,4 positive x 22 negative analytes
T2,native,lpo:all,all,fg_indole,F3.bg,plsda,auroc_spectra,0.3406,0.052,0.6204,0.5,,,,619,26,1000,,inner_cv(per fold),"{""{'n': 5}"": 3, ""{'n': 15}"": 36, ""{'n': 10}"": 18, ""{'n': 2}"": 31}",32.83,4 positive x 22 negative analytes
T2,native,lpo:all,all,fg_indole,F3.bg,ncm,auroc,0.6477,0.3068,0.9545,0.5,,,,619,26,1000,,inner_cv(per fold),"{""{}"": 88}",1.14,4 positive x 22 negative analytes
T2,native,lpo:all,all,fg_indole,F3.bg,ncm,auroc_spectra,0.7066,0.4464,0.939,0.5,,,,619,26,1000,,inner_cv(per fold),"{""{}"": 88}",1.14,4 positive x 22 negative analytes
T2,native,lpo:all,all,fg_indole,F3.bg,hgb,auroc,0.8409,0.6474,0.9662,0.5,,,,619,26,1000,,inner_cv(per fold),"{""{}"": 88}",224.6,4 positive x 22 negative analytes
T2,native,lpo:all,all,fg_indole,F3.bg,hgb,auroc_spectra,0.8775,0.7577,0.9674,0.5,,,,619,26,1000,,inner_cv(per fold),"{""{}"": 88}",224.6,4 positive x 22 negative analytes
T2,native,lpo:all,all,fg_indole,F3.bg,knn,auroc,0.7045,0.4432,0.9545,0.5,,,,619,26,1000,,inner_cv(per fold),"{""{'k': 1}"": 75, ""{'k': 10}"": 11, ""{'k': 3}"": 2}",5.72,4 positive x 22 negative analytes
T2,native,lpo:all,all,fg_indole,F3.bg,knn,auroc_spectra,0.6508,0.4861,0.8298,0.5,,,,619,26,1000,,inner_cv(per fold),"{""{'k': 1}"": 75, ""{'k': 10}"": 11, ""{'k': 3}"": 2}",5.72,4 positive x 22 negative analytes
T2,native,lpo:all,all,fg_indole,F3.d1,majority,auroc,0.5,0.5,0.5,0.5,,,,619,26,1000,,inner_cv(per fold),"{""{}"": 88}",0.1,4 positive x 22 negative analytes
T2,native,lpo:all,all,fg_indole,F3.d1,majority,auroc_spectra,0.5,0.5,0.5,0.5,,,,619,26,1000,,inner_cv(per fold),"{""{}"": 88}",0.1,4 positive x 22 negative analytes
T2,native,lpo:all,all,fg_indole,F3.d1,lr,auroc,0.7841,0.5682,0.9545,0.5,,,,619,26,1000,,inner_cv(per fold),"{""{'C': 0.01}"": 43, ""{'C': 0.1}"": 6, ""{'C': 1.0}"": 17, ""{'C': 10.0}"": 22}",16.4,4 positive x 22 negative analytes
T2,native,lpo:all,all,fg_indole,F3.d1,lr,auroc_spectra,0.7998,0.6209,0.9491,0.5,,,,619,26,1000,,inner_cv(per fold),"{""{'C': 0.01}"": 43, ""{'C': 0.1}"": 6, ""{'C': 1.0}"": 17, ""{'C': 10.0}"": 22}",16.4,4 positive x 22 negative analytes
T2,native,lpo:all,all,fg_indole,F3.d1,pca_lr,auroc,0.8523,0.6818,0.9773,0.5,,,,619,26,1000,,inner_cv(per fold),"{""{'C': 0.01}"": 36, ""{'C': 10.0}"": 31, ""{'C': 1.0}"": 16, ""{'C': 0.1}"": 5}",61.34,4 positive x 22 negative analytes
T2,native,lpo:all,all,fg_indole,F3.d1,pca_lr,auroc_spectra,0.849,0.6996,0.9577,0.5,,,,619,26,1000,,inner_cv(per fold),"{""{'C': 0.01}"": 36, ""{'C': 10.0}"": 31, ""{'C': 1.0}"": 16, ""{'C': 0.1}"": 5}",61.34,4 positive x 22 negative analytes
T2,native,lpo:all,all,fg_indole,F3.d1,plsda,auroc,0.8977,0.75,1.0,0.5,,,,619,26,1000,,inner_cv(per fold),"{""{'n': 2}"": 68, ""{'n': 5}"": 17, ""{'n': 15}"": 3}",27.44,4 positive x 22 negative analytes
T2,native,lpo:all,all,fg_indole,F3.d1,plsda,auroc_spectra,0.8792,0.7613,0.971,0.5,,,,619,26,1000,,inner_cv(per fold),"{""{'n': 2}"": 68, ""{'n': 5}"": 17, ""{'n': 15}"": 3}",27.44,4 positive x 22 negative analytes
T2,native,lpo:all,all,fg_indole,F3.d1,ncm,auroc,0.5568,0.2838,0.8068,0.5,,,,619,26,1000,,inner_cv(per fold),"{""{}"": 88}",1.08,4 positive x 22 negative analytes
T2,native,lpo:all,all,fg_indole,F3.d1,ncm,auroc_spectra,0.6697,0.4427,0.8622,0.5,,,,619,26,1000,,inner_cv(per fold),"{""{}"": 88}",1.08,4 positive x 22 negative analytes
T2,native,lpo:all,all,fg_indole,F3.d1,hgb,auroc,0.8977,0.7614,1.0,0.5,,,,619,26,1000,,inner_cv(per fold),"{""{}"": 88}",208.81,4 positive x 22 negative analytes
T2,native,lpo:all,all,fg_indole,F3.d1,hgb,auroc_spectra,0.8993,0.7774,0.9909,0.5,,,,619,26,1000,,inner_cv(per fold),"{""{}"": 88}",208.81,4 positive x 22 negative analytes
T2,native,lpo:all,all,fg_indole,F3.d1,knn,auroc,0.7045,0.4773,0.9545,0.5,,,,619,26,1000,,inner_cv(per fold),"{""{'k': 1}"": 62, ""{'k': 10}"": 5, ""{'k': 3}"": 12, ""{'k': 5}"": 9}",5.92,4 positive x 22 negative analytes
T2,native,lpo:all,all,fg_indole,F3.d1,knn,auroc_spectra,0.5963,0.4773,0.7232,0.5,,,,619,26,1000,,inner_cv(per fold),"{""{'k': 1}"": 62, ""{'k': 10}"": 5, ""{'k': 3}"": 12, ""{'k': 5}"": 9}",5.92,4 positive x 22 negative analytes
T2,native,lpo:all,all,fg_indole,META_matrix,lr,auroc,0.9034,0.7784,0.9886,0.5,,,,619,26,1000,,inner_cv(per fold),"{""{'C': 0.01}"": 88}",2.68,4 positive x 22 negative analytes; matrix-only control
T2,native,lpo:all,all,fg_indole,META_matrix,lr,auroc_spectra,0.814,0.6075,0.9617,0.5,,,,619,26,1000,,inner_cv(per fold),"{""{'C': 0.01}"": 88}",2.68,4 positive x 22 negative analytes; matrix-only control
T2,native,lpo:cells,all,fg_amide,F1,majority,auroc,0.5,0.5,0.5,0.5,,,,590,20,1000,,inner_cv(per fold),"{""{}"": 36}",0.06,2 positive x 18 negative analytes
T2,native,lpo:cells,all,fg_amide,F1,majority,auroc_spectra,0.5,0.5,0.5,0.5,,,,590,20,1000,,inner_cv(per fold),"{""{}"": 36}",0.06,2 positive x 18 negative analytes
T2,native,lpo:cells,all,fg_amide,F1,lr,auroc,0.4722,0.2222,0.7222,0.5,0.5524,1000,0.5073,590,20,1000,,inner_cv(per fold),"{""{'C': 0.1}"": 36}",0.19,2 positive x 18 negative analytes
T2,native,lpo:cells,all,fg_amide,F1,lr,auroc_spectra,0.5413,0.4504,0.6532,0.5,,,,590,20,1000,,inner_cv(per fold),"{""{'C': 0.1}"": 36}",0.19,2 positive x 18 negative analytes
T2,native,lpo:cells,all,fg_amide,F1,pca_lr,auroc,0.5556,0.3333,0.7778,0.5,,,,590,20,1000,,inner_cv(per fold),"{""{'C': 0.1}"": 36}",0.29,2 positive x 18 negative analytes
T2,native,lpo:cells,all,fg_amide,F1,pca_lr,auroc_spectra,0.5903,0.5085,0.6973,0.5,,,,590,20,1000,,inner_cv(per fold),"{""{'C': 0.1}"": 36}",0.29,2 positive x 18 negative analytes
T2,native,lpo:cells,all,fg_amide,F1,plsda,auroc,0.4444,0.2222,0.6667,0.5,,,,590,20,1000,,inner_cv(per fold),"{""{'n': 10}"": 36}",0.17,2 positive x 18 negative analytes
T2,native,lpo:cells,all,fg_amide,F1,plsda,auroc_spectra,0.4981,0.4137,0.6052,0.5,,,,590,20,1000,,inner_cv(per fold),"{""{'n': 10}"": 36}",0.17,2 positive x 18 negative analytes
T2,native,lpo:cells,all,fg_amide,F1,ncm,auroc,0.5556,0.2778,0.8062,0.5,,,,590,20,1000,,inner_cv(per fold),"{""{}"": 36}",0.06,2 positive x 18 negative analytes
T2,native,lpo:cells,all,fg_amide,F1,ncm,auroc_spectra,0.4789,0.3351,0.6287,0.5,,,,590,20,1000,,inner_cv(per fold),"{""{}"": 36}",0.06,2 positive x 18 negative analytes
T2,native,lpo:cells,all,fg_amide,F1,hgb,auroc,0.4167,0.0,0.8889,0.5,,,,590,20,1000,,inner_cv(per fold),"{""{}"": 36}",4.75,2 positive x 18 negative analytes
T2,native,lpo:cells,all,fg_amide,F1,hgb,auroc_spectra,0.3497,0.1954,0.5294,0.5,,,,590,20,1000,,inner_cv(per fold),"{""{}"": 36}",4.75,2 positive x 18 negative analytes
T2,native,lpo:cells,all,fg_amide,F1,knn,auroc,0.4167,0.2215,0.6667,0.5,,,,590,20,1000,,inner_cv(per fold),"{""{'k': 5}"": 36}",0.11,2 positive x 18 negative analytes
T2,native,lpo:cells,all,fg_amide,F1,knn,auroc_spectra,0.4619,0.4189,0.5099,0.5,,,,590,20,1000,,inner_cv(per fold),"{""{'k': 5}"": 36}",0.11,2 positive x 18 negative analytes
T2,native,lpo:cells,all,fg_amide,F1pos,majority,auroc,0.5,0.5,0.5,0.5,,,,590,20,1000,,inner_cv(per fold),"{""{}"": 36}",0.06,2 positive x 18 negative analytes
T2,native,lpo:cells,all,fg_amide,F1pos,majority,auroc_spectra,0.5,0.5,0.5,0.5,,,,590,20,1000,,inner_cv(per fold),"{""{}"": 36}",0.06,2 positive x 18 negative analytes
T2,native,lpo:cells,all,fg_amide,F1pos,lr,auroc,0.5833,0.3889,0.7778,0.5,,,,590,20,1000,,inner_cv(per fold),"{""{'C': 0.1}"": 36}",0.19,2 positive x 18 negative analytes
T2,native,lpo:cells,all,fg_amide,F1pos,lr,auroc_spectra,0.6136,0.5267,0.7184,0.5,,,,590,20,1000,,inner_cv(per fold),"{""{'C': 0.1}"": 36}",0.19,2 positive x 18 negative analytes
T2,native,lpo:cells,all,fg_amide,F1pos,pca_lr,auroc,0.6111,0.3889,0.8333,0.5,,,,590,20,1000,,inner_cv(per fold),"{""{'C': 0.1}"": 36}",0.29,2 positive x 18 negative analytes
T2,native,lpo:cells,all,fg_amide,F1pos,pca_lr,auroc_spectra,0.6033,0.5199,0.7,0.5,,,,590,20,1000,,inner_cv(per fold),"{""{'C': 0.1}"": 36}",0.29,2 positive x 18 negative analytes
T2,native,lpo:cells,all,fg_amide,F1pos,plsda,auroc,0.6389,0.3889,0.8889,0.5,,,,590,20,1000,,inner_cv(per fold),"{""{'n': 10}"": 36}",0.16,2 positive x 18 negative analytes
T2,native,lpo:cells,all,fg_amide,F1pos,plsda,auroc_spectra,0.5745,0.4918,0.6751,0.5,,,,590,20,1000,,inner_cv(per fold),"{""{'n': 10}"": 36}",0.16,2 positive x 18 negative analytes
T2,native,lpo:cells,all,fg_amide,F1pos,ncm,auroc,0.4167,0.2222,0.6111,0.5,,,,590,20,1000,,inner_cv(per fold),"{""{}"": 36}",0.06,2 positive x 18 negative analytes
T2,native,lpo:cells,all,fg_amide,F1pos,ncm,auroc_spectra,0.4266,0.3056,0.5593,0.5,,,,590,20,1000,,inner_cv(per fold),"{""{}"": 36}",0.06,2 positive x 18 negative analytes
T2,native,lpo:cells,all,fg_amide,F1pos,hgb,auroc,0.6111,0.3889,0.8333,0.5,,,,590,20,1000,,inner_cv(per fold),"{""{}"": 36}",5.14,2 positive x 18 negative analytes
T2,native,lpo:cells,all,fg_amide,F1pos,hgb,auroc_spectra,0.5429,0.4358,0.6393,0.5,,,,590,20,1000,,inner_cv(per fold),"{""{}"": 36}",5.14,2 positive x 18 negative analytes
T2,native,lpo:cells,all,fg_amide,F1pos,knn,auroc,0.3194,0.1111,0.6111,0.5,,,,590,20,1000,,inner_cv(per fold),"{""{'k': 5}"": 36}",0.19,2 positive x 18 negative analytes
T2,native,lpo:cells,all,fg_amide,F1pos,knn,auroc_spectra,0.4418,0.4006,0.4807,0.5,,,,590,20,1000,,inner_cv(per fold),"{""{'k': 5}"": 36}",0.19,2 positive x 18 negative analytes
T2,native,lpo:cells,all,fg_amide,F2,majority,auroc,0.5,0.5,0.5,0.5,,,,590,20,1000,,inner_cv(per fold),"{""{}"": 36}",0.12,2 positive x 18 negative analytes
T2,native,lpo:cells,all,fg_amide,F2,majority,auroc_spectra,0.5,0.5,0.5,0.5,,,,590,20,1000,,inner_cv(per fold),"{""{}"": 36}",0.12,2 positive x 18 negative analytes
T2,native,lpo:cells,all,fg_amide,F2,lr,auroc,0.5278,0.2778,0.7778,0.5,,,,590,20,1000,,inner_cv(per fold),"{""{'C': 0.1}"": 36}",1.15,2 positive x 18 negative analytes
T2,native,lpo:cells,all,fg_amide,F2,lr,auroc_spectra,0.5522,0.4396,0.7023,0.5,,,,590,20,1000,,inner_cv(per fold),"{""{'C': 0.1}"": 36}",1.15,2 positive x 18 negative analytes
T2,native,lpo:cells,all,fg_amide,F2,pca_lr,auroc,0.6944,0.3889,0.9444,0.5,,,,590,20,1000,,inner_cv(per fold),"{""{'C': 0.1}"": 36}",2.86,2 positive x 18 negative analytes
T2,native,lpo:cells,all,fg_amide,F2,pca_lr,auroc_spectra,0.6121,0.5102,0.72,0.5,,,,590,20,1000,,inner_cv(per fold),"{""{'C': 0.1}"": 36}",2.86,2 positive x 18 negative analytes
T2,native,lpo:cells,all,fg_amide,F2,plsda,auroc,0.4722,0.2778,0.6667,0.5,,,,590,20,1000,,inner_cv(per fold),"{""{'n': 10}"": 36}",1.29,2 positive x 18 negative analytes
T2,native,lpo:cells,all,fg_amide,F2,plsda,auroc_spectra,0.4877,0.3986,0.6002,0.5,,,,590,20,1000,,inner_cv(per fold),"{""{'n': 10}"": 36}",1.29,2 positive x 18 negative analytes
T2,native,lpo:cells,all,fg_amide,F2,ncm,auroc,0.6667,0.3889,0.8889,0.5,,,,590,20,1000,,inner_cv(per fold),"{""{}"": 36}",0.1,2 positive x 18 negative analytes
T2,native,lpo:cells,all,fg_amide,F2,ncm,auroc_spectra,0.5694,0.3357,0.7972,0.5,,,,590,20,1000,,inner_cv(per fold),"{""{}"": 36}",0.1,2 positive x 18 negative analytes
T2,native,lpo:cells,all,fg_amide,F2,hgb,auroc,0.7222,0.3889,1.0,0.5,0.3152,183,0.5399,590,20,1000,,inner_cv(per fold),"{""{}"": 36}",115.91,2 positive x 18 negative analytes
T2,native,lpo:cells,all,fg_amide,F2,hgb,auroc_spectra,0.3516,0.2248,0.5092,0.5,,,,590,20,1000,,inner_cv(per fold),"{""{}"": 36}",115.91,2 positive x 18 negative analytes
T2,native,lpo:cells,all,fg_amide,F2,knn,auroc,0.5,0.3056,0.7222,0.5,,,,590,20,1000,,inner_cv(per fold),"{""{'k': 5}"": 36}",0.17,2 positive x 18 negative analytes
T2,native,lpo:cells,all,fg_amide,F2,knn,auroc_spectra,0.4495,0.3987,0.4997,0.5,,,,590,20,1000,,inner_cv(per fold),"{""{'k': 5}"": 36}",0.17,2 positive x 18 negative analytes
T2,native,lpo:cells,all,fg_amide,F3,majority,auroc,0.5,0.5,0.5,0.5,,,,590,20,1000,,inner_cv(per fold),"{""{}"": 36}",0.06,2 positive x 18 negative analytes
T2,native,lpo:cells,all,fg_amide,F3,majority,auroc_spectra,0.5,0.5,0.5,0.5,,,,590,20,1000,,inner_cv(per fold),"{""{}"": 36}",0.06,2 positive x 18 negative analytes
T2,native,lpo:cells,all,fg_amide,F3,lr,auroc,0.4722,0.2778,0.6944,0.5,,,,590,20,1000,,inner_cv(per fold),"{""{'C': 0.1}"": 36}",0.92,2 positive x 18 negative analytes
T2,native,lpo:cells,all,fg_amide,F3,lr,auroc_spectra,0.5887,0.482,0.7114,0.5,,,,590,20,1000,,inner_cv(per fold),"{""{'C': 0.1}"": 36}",0.92,2 positive x 18 negative analytes
T2,native,lpo:cells,all,fg_amide,F3,pca_lr,auroc,0.4167,0.2222,0.6111,0.5,,,,590,20,1000,,inner_cv(per fold),"{""{'C': 0.1}"": 36}",2.68,2 positive x 18 negative analytes
T2,native,lpo:cells,all,fg_amide,F3,pca_lr,auroc_spectra,0.5703,0.4391,0.701,0.5,,,,590,20,1000,,inner_cv(per fold),"{""{'C': 0.1}"": 36}",2.68,2 positive x 18 negative analytes
T2,native,lpo:cells,all,fg_amide,F3,plsda,auroc,0.5,0.2778,0.7222,0.5,,,,590,20,1000,,inner_cv(per fold),"{""{'n': 10}"": 36}",1.24,2 positive x 18 negative analytes
T2,native,lpo:cells,all,fg_amide,F3,plsda,auroc_spectra,0.5335,0.4418,0.6404,0.5,,,,590,20,1000,,inner_cv(per fold),"{""{'n': 10}"": 36}",1.24,2 positive x 18 negative analytes
T2,native,lpo:cells,all,fg_amide,F3,ncm,auroc,0.6667,0.3889,0.8889,0.5,,,,590,20,1000,,inner_cv(per fold),"{""{}"": 36}",0.13,2 positive x 18 negative analytes
T2,native,lpo:cells,all,fg_amide,F3,ncm,auroc_spectra,0.593,0.3569,0.8207,0.5,,,,590,20,1000,,inner_cv(per fold),"{""{}"": 36}",0.13,2 positive x 18 negative analytes
T2,native,lpo:cells,all,fg_amide,F3,hgb,auroc,0.5278,0.1667,0.8889,0.5,,,,590,20,1000,,inner_cv(per fold),"{""{}"": 36}",99.13,2 positive x 18 negative analytes
T2,native,lpo:cells,all,fg_amide,F3,hgb,auroc_spectra,0.2862,0.2258,0.3473,0.5,,,,590,20,1000,,inner_cv(per fold),"{""{}"": 36}",99.13,2 positive x 18 negative analytes
T2,native,lpo:cells,all,fg_amide,F3,knn,auroc,0.4583,0.2222,0.7236,0.5,,,,590,20,1000,,inner_cv(per fold),"{""{'k': 5}"": 36}",0.17,2 positive x 18 negative analytes
T2,native,lpo:cells,all,fg_amide,F3,knn,auroc_spectra,0.4405,0.3827,0.4857,0.5,,,,590,20,1000,,inner_cv(per fold),"{""{'k': 5}"": 36}",0.17,2 positive x 18 negative analytes
T2,native,lpo:cells,all,fg_amide,F1.bg,majority,auroc,0.5,0.5,0.5,0.5,,,,590,20,1000,,inner_cv(per fold),"{""{}"": 36}",0.06,2 positive x 18 negative analytes
T2,native,lpo:cells,all,fg_amide,F1.bg,majority,auroc_spectra,0.5,0.5,0.5,0.5,,,,590,20,1000,,inner_cv(per fold),"{""{}"": 36}",0.06,2 positive x 18 negative analytes
T2,native,lpo:cells,all,fg_amide,F1.bg,lr,auroc,0.3889,0.1667,0.6111,0.5,,,,590,20,1000,,inner_cv(per fold),"{""{'C': 0.1}"": 36}",0.18,2 positive x 18 negative analytes
T2,native,lpo:cells,all,fg_amide,F1.bg,lr,auroc_spectra,0.5364,0.4428,0.6564,0.5,,,,590,20,1000,,inner_cv(per fold),"{""{'C': 0.1}"": 36}",0.18,2 positive x 18 negative analytes
T2,native,lpo:cells,all,fg_amide,F1.bg,pca_lr,auroc,0.4722,0.2778,0.6667,0.5,,,,590,20,1000,,inner_cv(per fold),"{""{'C': 0.1}"": 36}",0.27,2 positive x 18 negative analytes
T2,native,lpo:cells,all,fg_amide,F1.bg,pca_lr,auroc_spectra,0.5715,0.4968,0.6727,0.5,,,,590,20,1000,,inner_cv(per fold),"{""{'C': 0.1}"": 36}",0.27,2 positive x 18 negative analytes
T2,native,lpo:cells,all,fg_amide,F1.bg,plsda,auroc,0.4167,0.2222,0.6111,0.5,,,,590,20,1000,,inner_cv(per fold),"{""{'n': 10}"": 36}",0.16,2 positive x 18 negative analytes
T2,native,lpo:cells,all,fg_amide,F1.bg,plsda,auroc_spectra,0.5009,0.4047,0.6108,0.5,,,,590,20,1000,,inner_cv(per fold),"{""{'n': 10}"": 36}",0.16,2 positive x 18 negative analytes
T2,native,lpo:cells,all,fg_amide,F1.bg,ncm,auroc,0.5833,0.2778,0.8333,0.5,,,,590,20,1000,,inner_cv(per fold),"{""{}"": 36}",0.06,2 positive x 18 negative analytes
T2,native,lpo:cells,all,fg_amide,F1.bg,ncm,auroc_spectra,0.4984,0.3467,0.6411,0.5,,,,590,20,1000,,inner_cv(per fold),"{""{}"": 36}",0.06,2 positive x 18 negative analytes
T2,native,lpo:cells,all,fg_amide,F1.bg,hgb,auroc,0.3889,0.1111,0.7222,0.5,,,,590,20,1000,,inner_cv(per fold),"{""{}"": 36}",4.84,2 positive x 18 negative analytes
T2,native,lpo:cells,all,fg_amide,F1.bg,hgb,auroc_spectra,0.4241,0.2603,0.6201,0.5,,,,590,20,1000,,inner_cv(per fold),"{""{}"": 36}",4.84,2 positive x 18 negative analytes
T2,native,lpo:cells,all,fg_amide,F1.bg,knn,auroc,0.4722,0.2222,0.7222,0.5,,,,590,20,1000,,inner_cv(per fold),"{""{'k': 5}"": 36}",0.1,2 positive x 18 negative analytes
T2,native,lpo:cells,all,fg_amide,F1.bg,knn,auroc_spectra,0.4803,0.4414,0.5224,0.5,,,,590,20,1000,,inner_cv(per fold),"{""{'k': 5}"": 36}",0.1,2 positive x 18 negative analytes
T2,native,lpo:cells,all,fg_amide,F3.bg,majority,auroc,0.5,0.5,0.5,0.5,,,,590,20,1000,,inner_cv(per fold),"{""{}"": 36}",0.06,2 positive x 18 negative analytes
T2,native,lpo:cells,all,fg_amide,F3.bg,majority,auroc_spectra,0.5,0.5,0.5,0.5,,,,590,20,1000,,inner_cv(per fold),"{""{}"": 36}",0.06,2 positive x 18 negative analytes
T2,native,lpo:cells,all,fg_amide,F3.bg,lr,auroc,0.4722,0.2778,0.6667,0.5,,,,590,20,1000,,inner_cv(per fold),"{""{'C': 0.1}"": 36}",0.89,2 positive x 18 negative analytes
T2,native,lpo:cells,all,fg_amide,F3.bg,lr,auroc_spectra,0.5686,0.4642,0.6856,0.5,,,,590,20,1000,,inner_cv(per fold),"{""{'C': 0.1}"": 36}",0.89,2 positive x 18 negative analytes
T2,native,lpo:cells,all,fg_amide,F3.bg,pca_lr,auroc,0.4444,0.2778,0.6667,0.5,,,,590,20,1000,,inner_cv(per fold),"{""{'C': 0.1}"": 36}",2.67,2 positive x 18 negative analytes
T2,native,lpo:cells,all,fg_amide,F3.bg,pca_lr,auroc_spectra,0.5616,0.4427,0.6795,0.5,,,,590,20,1000,,inner_cv(per fold),"{""{'C': 0.1}"": 36}",2.67,2 positive x 18 negative analytes
T2,native,lpo:cells,all,fg_amide,F3.bg,plsda,auroc,0.5,0.2778,0.7222,0.5,,,,590,20,1000,,inner_cv(per fold),"{""{'n': 10}"": 36}",1.53,2 positive x 18 negative analytes
T2,native,lpo:cells,all,fg_amide,F3.bg,plsda,auroc_spectra,0.5414,0.4549,0.6483,0.5,,,,590,20,1000,,inner_cv(per fold),"{""{'n': 10}"": 36}",1.53,2 positive x 18 negative analytes
T2,native,lpo:cells,all,fg_amide,F3.bg,ncm,auroc,0.6944,0.4444,0.8889,0.5,,,,590,20,1000,,inner_cv(per fold),"{""{}"": 36}",0.39,2 positive x 18 negative analytes
T2,native,lpo:cells,all,fg_amide,F3.bg,ncm,auroc_spectra,0.5954,0.3757,0.8037,0.5,,,,590,20,1000,,inner_cv(per fold),"{""{}"": 36}",0.39,2 positive x 18 negative analytes
T2,native,lpo:cells,all,fg_amide,F3.bg,hgb,auroc,0.3333,0.0,0.7778,0.5,,,,590,20,1000,,inner_cv(per fold),"{""{}"": 36}",120.89,2 positive x 18 negative analytes
T2,native,lpo:cells,all,fg_amide,F3.bg,hgb,auroc_spectra,0.3082,0.2356,0.3988,0.5,,,,590,20,1000,,inner_cv(per fold),"{""{}"": 36}",120.89,2 positive x 18 negative analytes
T2,native,lpo:cells,all,fg_amide,F3.bg,knn,auroc,0.2917,0.1944,0.3889,0.5,,,,590,20,1000,,inner_cv(per fold),"{""{'k': 5}"": 36}",0.18,2 positive x 18 negative analytes
T2,native,lpo:cells,all,fg_amide,F3.bg,knn,auroc_spectra,0.4494,0.4072,0.484,0.5,,,,590,20,1000,,inner_cv(per fold),"{""{'k': 5}"": 36}",0.18,2 positive x 18 negative analytes
T2,native,lpo:cells,all,fg_amide,F3.d1,majority,auroc,0.5,0.5,0.5,0.5,,,,590,20,1000,,inner_cv(per fold),"{""{}"": 36}",0.06,2 positive x 18 negative analytes
T2,native,lpo:cells,all,fg_amide,F3.d1,majority,auroc_spectra,0.5,0.5,0.5,0.5,,,,590,20,1000,,inner_cv(per fold),"{""{}"": 36}",0.06,2 positive x 18 negative analytes
T2,native,lpo:cells,all,fg_amide,F3.d1,lr,auroc,0.4444,0.2222,0.6667,0.5,,,,590,20,1000,,inner_cv(per fold),"{""{'C': 0.1}"": 36}",0.76,2 positive x 18 negative analytes
T2,native,lpo:cells,all,fg_amide,F3.d1,lr,auroc_spectra,0.5492,0.4632,0.6447,0.5,,,,590,20,1000,,inner_cv(per fold),"{""{'C': 0.1}"": 36}",0.76,2 positive x 18 negative analytes
T2,native,lpo:cells,all,fg_amide,F3.d1,pca_lr,auroc,0.4444,0.2222,0.6667,0.5,,,,590,20,1000,,inner_cv(per fold),"{""{'C': 0.1}"": 36}",2.67,2 positive x 18 negative analytes
T2,native,lpo:cells,all,fg_amide,F3.d1,pca_lr,auroc_spectra,0.5723,0.4822,0.6621,0.5,,,,590,20,1000,,inner_cv(per fold),"{""{'C': 0.1}"": 36}",2.67,2 positive x 18 negative analytes
T2,native,lpo:cells,all,fg_amide,F3.d1,plsda,auroc,0.4722,0.2222,0.6667,0.5,,,,590,20,1000,,inner_cv(per fold),"{""{'n': 10}"": 36}",1.28,2 positive x 18 negative analytes
T2,native,lpo:cells,all,fg_amide,F3.d1,plsda,auroc_spectra,0.5478,0.4585,0.6429,0.5,,,,590,20,1000,,inner_cv(per fold),"{""{'n': 10}"": 36}",1.28,2 positive x 18 negative analytes
T2,native,lpo:cells,all,fg_amide,F3.d1,ncm,auroc,0.4167,0.1667,0.6667,0.5,,,,590,20,1000,,inner_cv(per fold),"{""{}"": 36}",0.11,2 positive x 18 negative analytes
T2,native,lpo:cells,all,fg_amide,F3.d1,ncm,auroc_spectra,0.3516,0.2614,0.4469,0.5,,,,590,20,1000,,inner_cv(per fold),"{""{}"": 36}",0.11,2 positive x 18 negative analytes
T2,native,lpo:cells,all,fg_amide,F3.d1,hgb,auroc,0.5,0.1111,0.9444,0.5,,,,590,20,1000,,inner_cv(per fold),"{""{}"": 36}",112.91,2 positive x 18 negative analytes
T2,native,lpo:cells,all,fg_amide,F3.d1,hgb,auroc_spectra,0.4044,0.304,0.4844,0.5,,,,590,20,1000,,inner_cv(per fold),"{""{}"": 36}",112.91,2 positive x 18 negative analytes
T2,native,lpo:cells,all,fg_amide,F3.d1,knn,auroc,0.2639,0.1667,0.3889,0.5,,,,590,20,1000,,inner_cv(per fold),"{""{'k': 5}"": 36}",0.17,2 positive x 18 negative analytes
T2,native,lpo:cells,all,fg_amide,F3.d1,knn,auroc_spectra,0.4431,0.4037,0.4764,0.5,,,,590,20,1000,,inner_cv(per fold),"{""{'k': 5}"": 36}",0.17,2 positive x 18 negative analytes
T2,native,lpo:cells,all,fg_hydroxyl_aliphatic,F1,majority,auroc,0.5,0.5,0.5,0.5,,,,590,20,1000,,inner_cv(per fold),"{""{}"": 36}",0.06,2 positive x 18 negative analytes
T2,native,lpo:cells,all,fg_hydroxyl_aliphatic,F1,majority,auroc_spectra,0.5,0.5,0.5,0.5,,,,590,20,1000,,inner_cv(per fold),"{""{}"": 36}",0.06,2 positive x 18 negative analytes
T2,native,lpo:cells,all,fg_hydroxyl_aliphatic,F1,lr,auroc,0.3611,0.1667,0.5556,0.5,0.6523,1000,0.4953,590,20,1000,,inner_cv(per fold),"{""{'C': 0.1}"": 36}",0.18,2 positive x 18 negative analytes
T2,native,lpo:cells,all,fg_hydroxyl_aliphatic,F1,lr,auroc_spectra,0.4596,0.3549,0.5788,0.5,,,,590,20,1000,,inner_cv(per fold),"{""{'C': 0.1}"": 36}",0.18,2 positive x 18 negative analytes
T2,native,lpo:cells,all,fg_hydroxyl_aliphatic,F1,pca_lr,auroc,0.2778,0.0556,0.5556,0.5,,,,590,20,1000,,inner_cv(per fold),"{""{'C': 0.1}"": 36}",0.3,2 positive x 18 negative analytes
T2,native,lpo:cells,all,fg_hydroxyl_aliphatic,F1,pca_lr,auroc_spectra,0.3927,0.2383,0.5678,0.5,,,,590,20,1000,,inner_cv(per fold),"{""{'C': 0.1}"": 36}",0.3,2 positive x 18 negative analytes
T2,native,lpo:cells,all,fg_hydroxyl_aliphatic,F1,plsda,auroc,0.8333,0.5,1.0,0.5,,,,590,20,1000,,inner_cv(per fold),"{""{'n': 10}"": 36}",0.16,2 positive x 18 negative analytes
T2,native,lpo:cells,all,fg_hydroxyl_aliphatic,F1,plsda,auroc_spectra,0.6104,0.5467,0.6848,0.5,,,,590,20,1000,,inner_cv(per fold),"{""{'n': 10}"": 36}",0.16,2 positive x 18 negative analytes
T2,native,lpo:cells,all,fg_hydroxyl_aliphatic,F1,ncm,auroc,0.2222,0.0556,0.3889,0.5,,,,590,20,1000,,inner_cv(per fold),"{""{}"": 36}",0.06,2 positive x 18 negative analytes
T2,native,lpo:cells,all,fg_hydroxyl_aliphatic,F1,ncm,auroc_spectra,0.2766,0.1639,0.404,0.5,,,,590,20,1000,,inner_cv(per fold),"{""{}"": 36}",0.06,2 positive x 18 negative analytes
T2,native,lpo:cells,all,fg_hydroxyl_aliphatic,F1,hgb,auroc,0.2778,0.1111,0.5,0.5,,,,590,20,1000,,inner_cv(per fold),"{""{}"": 36}",3.65,2 positive x 18 negative analytes
T2,native,lpo:cells,all,fg_hydroxyl_aliphatic,F1,hgb,auroc_spectra,0.477,0.2523,0.7103,0.5,,,,590,20,1000,,inner_cv(per fold),"{""{}"": 36}",3.65,2 positive x 18 negative analytes
T2,native,lpo:cells,all,fg_hydroxyl_aliphatic,F1,knn,auroc,0.2778,0.1389,0.4174,0.5,,,,590,20,1000,,inner_cv(per fold),"{""{'k': 5}"": 36}",0.11,2 positive x 18 negative analytes
T2,native,lpo:cells,all,fg_hydroxyl_aliphatic,F1,knn,auroc_spectra,0.4691,0.4239,0.4972,0.5,,,,590,20,1000,,inner_cv(per fold),"{""{'k': 5}"": 36}",0.11,2 positive x 18 negative analytes
T2,native,lpo:cells,all,fg_hydroxyl_aliphatic,F1pos,majority,auroc,0.5,0.5,0.5,0.5,,,,590,20,1000,,inner_cv(per fold),"{""{}"": 36}",0.06,2 positive x 18 negative analytes
T2,native,lpo:cells,all,fg_hydroxyl_aliphatic,F1pos,majority,auroc_spectra,0.5,0.5,0.5,0.5,,,,590,20,1000,,inner_cv(per fold),"{""{}"": 36}",0.06,2 positive x 18 negative analytes
T2,native,lpo:cells,all,fg_hydroxyl_aliphatic,F1pos,lr,auroc,0.5278,0.2778,0.7507,0.5,,,,590,20,1000,,inner_cv(per fold),"{""{'C': 0.1}"": 36}",0.19,2 positive x 18 negative analytes
T2,native,lpo:cells,all,fg_hydroxyl_aliphatic,F1pos,lr,auroc_spectra,0.5447,0.424,0.6505,0.5,,,,590,20,1000,,inner_cv(per fold),"{""{'C': 0.1}"": 36}",0.19,2 positive x 18 negative analytes
T2,native,lpo:cells,all,fg_hydroxyl_aliphatic,F1pos,pca_lr,auroc,0.4444,0.1667,0.7222,0.5,,,,590,20,1000,,inner_cv(per fold),"{""{'C': 0.1}"": 36}",0.3,2 positive x 18 negative analytes
T2,native,lpo:cells,all,fg_hydroxyl_aliphatic,F1pos,pca_lr,auroc_spectra,0.5275,0.423,0.6211,0.5,,,,590,20,1000,,inner_cv(per fold),"{""{'C': 0.1}"": 36}",0.3,2 positive x 18 negative analytes
T2,native,lpo:cells,all,fg_hydroxyl_aliphatic,F1pos,plsda,auroc,0.9167,0.7778,1.0,0.5,0.0869,1000,0.5065,590,20,1000,,inner_cv(per fold),"{""{'n': 10}"": 36}",0.17,2 positive x 18 negative analytes
T2,native,lpo:cells,all,fg_hydroxyl_aliphatic,F1pos,plsda,auroc_spectra,0.6488,0.5929,0.7063,0.5,,,,590,20,1000,,inner_cv(per fold),"{""{'n': 10}"": 36}",0.17,2 positive x 18 negative analytes
T2,native,lpo:cells,all,fg_hydroxyl_aliphatic,F1pos,ncm,auroc,0.1944,0.0556,0.3889,0.5,,,,590,20,1000,,inner_cv(per fold),"{""{}"": 36}",0.06,2 positive x 18 negative analytes
T2,native,lpo:cells,all,fg_hydroxyl_aliphatic,F1pos,ncm,auroc_spectra,0.3813,0.2511,0.5188,0.5,,,,590,20,1000,,inner_cv(per fold),"{""{}"": 36}",0.06,2 positive x 18 negative analytes
T2,native,lpo:cells,all,fg_hydroxyl_aliphatic,F1pos,hgb,auroc,0.6389,0.2778,0.9444,0.5,,,,590,20,1000,,inner_cv(per fold),"{""{}"": 36}",3.93,2 positive x 18 negative analytes
T2,native,lpo:cells,all,fg_hydroxyl_aliphatic,F1pos,hgb,auroc_spectra,0.59,0.49,0.6866,0.5,,,,590,20,1000,,inner_cv(per fold),"{""{}"": 36}",3.93,2 positive x 18 negative analytes
T2,native,lpo:cells,all,fg_hydroxyl_aliphatic,F1pos,knn,auroc,0.3611,0.2083,0.5,0.5,,,,590,20,1000,,inner_cv(per fold),"{""{'k': 5}"": 36}",0.12,2 positive x 18 negative analytes
T2,native,lpo:cells,all,fg_hydroxyl_aliphatic,F1pos,knn,auroc_spectra,0.4733,0.4324,0.4963,0.5,,,,590,20,1000,,inner_cv(per fold),"{""{'k': 5}"": 36}",0.12,2 positive x 18 negative analytes
T2,native,lpo:cells,all,fg_hydroxyl_aliphatic,F2,majority,auroc,0.5,0.5,0.5,0.5,,,,590,20,1000,,inner_cv(per fold),"{""{}"": 36}",0.07,2 positive x 18 negative analytes
T2,native,lpo:cells,all,fg_hydroxyl_aliphatic,F2,majority,auroc_spectra,0.5,0.5,0.5,0.5,,,,590,20,1000,,inner_cv(per fold),"{""{}"": 36}",0.07,2 positive x 18 negative analytes
T2,native,lpo:cells,all,fg_hydroxyl_aliphatic,F2,lr,auroc,0.5278,0.1667,0.8889,0.5,,,,590,20,1000,,inner_cv(per fold),"{""{'C': 0.1}"": 36}",0.99,2 positive x 18 negative analytes
T2,native,lpo:cells,all,fg_hydroxyl_aliphatic,F2,lr,auroc_spectra,0.5758,0.3893,0.746,0.5,,,,590,20,1000,,inner_cv(per fold),"{""{'C': 0.1}"": 36}",0.99,2 positive x 18 negative analytes
T2,native,lpo:cells,all,fg_hydroxyl_aliphatic,F2,pca_lr,auroc,0.2778,0.0,0.6667,0.5,,,,590,20,1000,,inner_cv(per fold),"{""{'C': 0.1}"": 36}",2.67,2 positive x 18 negative analytes
T2,native,lpo:cells,all,fg_hydroxyl_aliphatic,F2,pca_lr,auroc_spectra,0.2845,0.0709,0.5003,0.5,,,,590,20,1000,,inner_cv(per fold),"{""{'C': 0.1}"": 36}",2.67,2 positive x 18 negative analytes
T2,native,lpo:cells,all,fg_hydroxyl_aliphatic,F2,plsda,auroc,0.7222,0.4444,0.9444,0.5,,,,590,20,1000,,inner_cv(per fold),"{""{'n': 10}"": 36}",1.28,2 positive x 18 negative analytes
T2,native,lpo:cells,all,fg_hydroxyl_aliphatic,F2,plsda,auroc_spectra,0.5555,0.4798,0.6728,0.5,,,,590,20,1000,,inner_cv(per fold),"{""{'n': 10}"": 36}",1.28,2 positive x 18 negative analytes
T2,native,lpo:cells,all,fg_hydroxyl_aliphatic,F2,ncm,auroc,0.1667,0.0,0.3889,0.5,,,,590,20,1000,,inner_cv(per fold),"{""{}"": 36}",0.1,2 positive x 18 negative analytes
T2,native,lpo:cells,all,fg_hydroxyl_aliphatic,F2,ncm,auroc_spectra,0.1816,0.0883,0.3037,0.5,,,,590,20,1000,,inner_cv(per fold),"{""{}"": 36}",0.1,2 positive x 18 negative analytes
T2,native,lpo:cells,all,fg_hydroxyl_aliphatic,F2,hgb,auroc,0.1944,0.0556,0.3333,0.5,,,,590,20,1000,,inner_cv(per fold),"{""{}"": 36}",103.05,2 positive x 18 negative analytes
T2,native,lpo:cells,all,fg_hydroxyl_aliphatic,F2,hgb,auroc_spectra,0.396,0.2479,0.5572,0.5,,,,590,20,1000,,inner_cv(per fold),"{""{}"": 36}",103.05,2 positive x 18 negative analytes
T2,native,lpo:cells,all,fg_hydroxyl_aliphatic,F2,knn,auroc,0.3194,0.1389,0.5,0.5,,,,590,20,1000,,inner_cv(per fold),"{""{'k': 5}"": 36}",0.17,2 positive x 18 negative analytes
T2,native,lpo:cells,all,fg_hydroxyl_aliphatic,F2,knn,auroc_spectra,0.4657,0.4111,0.5,0.5,,,,590,20,1000,,inner_cv(per fold),"{""{'k': 5}"": 36}",0.17,2 positive x 18 negative analytes
T2,native,lpo:cells,all,fg_hydroxyl_aliphatic,F3,majority,auroc,0.5,0.5,0.5,0.5,,,,590,20,1000,,inner_cv(per fold),"{""{}"": 36}",0.06,2 positive x 18 negative analytes
T2,native,lpo:cells,all,fg_hydroxyl_aliphatic,F3,majority,auroc_spectra,0.5,0.5,0.5,0.5,,,,590,20,1000,,inner_cv(per fold),"{""{}"": 36}",0.06,2 positive x 18 negative analytes
T2,native,lpo:cells,all,fg_hydroxyl_aliphatic,F3,lr,auroc,0.1667,0.0,0.4444,0.5,,,,590,20,1000,,inner_cv(per fold),"{""{'C': 0.1}"": 36}",0.79,2 positive x 18 negative analytes
T2,native,lpo:cells,all,fg_hydroxyl_aliphatic,F3,lr,auroc_spectra,0.2919,0.0896,0.5408,0.5,,,,590,20,1000,,inner_cv(per fold),"{""{'C': 0.1}"": 36}",0.79,2 positive x 18 negative analytes
T2,native,lpo:cells,all,fg_hydroxyl_aliphatic,F3,pca_lr,auroc,0.1944,0.0,0.5556,0.5,,,,590,20,1000,,inner_cv(per fold),"{""{'C': 0.1}"": 36}",2.82,2 positive x 18 negative analytes
T2,native,lpo:cells,all,fg_hydroxyl_aliphatic,F3,pca_lr,auroc_spectra,0.3002,0.1017,0.5402,0.5,,,,590,20,1000,,inner_cv(per fold),"{""{'C': 0.1}"": 36}",2.82,2 positive x 18 negative analytes
T2,native,lpo:cells,all,fg_hydroxyl_aliphatic,F3,plsda,auroc,0.3889,0.1667,0.6111,0.5,,,,590,20,1000,,inner_cv(per fold),"{""{'n': 10}"": 36}",1.44,2 positive x 18 negative analytes
T2,native,lpo:cells,all,fg_hydroxyl_aliphatic,F3,plsda,auroc_spectra,0.4115,0.309,0.5587,0.5,,,,590,20,1000,,inner_cv(per fold),"{""{'n': 10}"": 36}",1.44,2 positive x 18 negative analytes
T2,native,lpo:cells,all,fg_hydroxyl_aliphatic,F3,ncm,auroc,0.1389,0.0,0.3889,0.5,,,,590,20,1000,,inner_cv(per fold),"{""{}"": 36}",0.11,2 positive x 18 negative analytes
T2,native,lpo:cells,all,fg_hydroxyl_aliphatic,F3,ncm,auroc_spectra,0.1974,0.0636,0.3811,0.5,,,,590,20,1000,,inner_cv(per fold),"{""{}"": 36}",0.11,2 positive x 18 negative analytes
T2,native,lpo:cells,all,fg_hydroxyl_aliphatic,F3,hgb,auroc,0.0833,0.0,0.2222,0.5,,,,590,20,1000,,inner_cv(per fold),"{""{}"": 36}",77.99,2 positive x 18 negative analytes
T2,native,lpo:cells,all,fg_hydroxyl_aliphatic,F3,hgb,auroc_spectra,0.2909,0.1927,0.3823,0.5,,,,590,20,1000,,inner_cv(per fold),"{""{}"": 36}",77.99,2 positive x 18 negative analytes
T2,native,lpo:cells,all,fg_hydroxyl_aliphatic,F3,knn,auroc,0.375,0.2222,0.5,0.5,,,,590,20,1000,,inner_cv(per fold),"{""{'k': 5}"": 36}",0.18,2 positive x 18 negative analytes
T2,native,lpo:cells,all,fg_hydroxyl_aliphatic,F3,knn,auroc_spectra,0.4697,0.4417,0.5,0.5,,,,590,20,1000,,inner_cv(per fold),"{""{'k': 5}"": 36}",0.18,2 positive x 18 negative analytes
T2,native,lpo:cells,all,fg_hydroxyl_aliphatic,F1.bg,majority,auroc,0.5,0.5,0.5,0.5,,,,590,20,1000,,inner_cv(per fold),"{""{}"": 36}",0.06,2 positive x 18 negative analytes
T2,native,lpo:cells,all,fg_hydroxyl_aliphatic,F1.bg,majority,auroc_spectra,0.5,0.5,0.5,0.5,,,,590,20,1000,,inner_cv(per fold),"{""{}"": 36}",0.06,2 positive x 18 negative analytes
T2,native,lpo:cells,all,fg_hydroxyl_aliphatic,F1.bg,lr,auroc,0.5556,0.2222,0.8333,0.5,,,,590,20,1000,,inner_cv(per fold),"{""{'C': 0.1}"": 36}",0.18,2 positive x 18 negative analytes
T2,native,lpo:cells,all,fg_hydroxyl_aliphatic,F1.bg,lr,auroc_spectra,0.5674,0.4055,0.707,0.5,,,,590,20,1000,,inner_cv(per fold),"{""{'C': 0.1}"": 36}",0.18,2 positive x 18 negative analytes
T2,native,lpo:cells,all,fg_hydroxyl_aliphatic,F1.bg,pca_lr,auroc,0.5556,0.2222,0.8333,0.5,,,,590,20,1000,,inner_cv(per fold),"{""{'C': 0.1}"": 36}",0.28,2 positive x 18 negative analytes
T2,native,lpo:cells,all,fg_hydroxyl_aliphatic,F1.bg,pca_lr,auroc_spectra,0.5167,0.3968,0.5942,0.5,,,,590,20,1000,,inner_cv(per fold),"{""{'C': 0.1}"": 36}",0.28,2 positive x 18 negative analytes
T2,native,lpo:cells,all,fg_hydroxyl_aliphatic,F1.bg,plsda,auroc,0.8056,0.5556,1.0,0.5,,,,590,20,1000,,inner_cv(per fold),"{""{'n': 10}"": 36}",0.16,2 positive x 18 negative analytes
T2,native,lpo:cells,all,fg_hydroxyl_aliphatic,F1.bg,plsda,auroc_spectra,0.6852,0.5495,0.7983,0.5,,,,590,20,1000,,inner_cv(per fold),"{""{'n': 10}"": 36}",0.16,2 positive x 18 negative analytes
T2,native,lpo:cells,all,fg_hydroxyl_aliphatic,F1.bg,ncm,auroc,0.25,0.1111,0.4444,0.5,,,,590,20,1000,,inner_cv(per fold),"{""{}"": 36}",0.06,2 positive x 18 negative analytes
T2,native,lpo:cells,all,fg_hydroxyl_aliphatic,F1.bg,ncm,auroc_spectra,0.2598,0.1705,0.3557,0.5,,,,590,20,1000,,inner_cv(per fold),"{""{}"": 36}",0.06,2 positive x 18 negative analytes
T2,native,lpo:cells,all,fg_hydroxyl_aliphatic,F1.bg,hgb,auroc,0.3611,0.0556,0.7222,0.5,,,,590,20,1000,,inner_cv(per fold),"{""{}"": 36}",3.37,2 positive x 18 negative analytes
T2,native,lpo:cells,all,fg_hydroxyl_aliphatic,F1.bg,hgb,auroc_spectra,0.5381,0.3045,0.7746,0.5,,,,590,20,1000,,inner_cv(per fold),"{""{}"": 36}",3.37,2 positive x 18 negative analytes
T2,native,lpo:cells,all,fg_hydroxyl_aliphatic,F1.bg,knn,auroc,0.2778,0.1667,0.3889,0.5,,,,590,20,1000,,inner_cv(per fold),"{""{'k': 5}"": 36}",0.11,2 positive x 18 negative analytes
T2,native,lpo:cells,all,fg_hydroxyl_aliphatic,F1.bg,knn,auroc_spectra,0.4706,0.4481,0.4903,0.5,,,,590,20,1000,,inner_cv(per fold),"{""{'k': 5}"": 36}",0.11,2 positive x 18 negative analytes
T2,native,lpo:cells,all,fg_hydroxyl_aliphatic,F3.bg,majority,auroc,0.5,0.5,0.5,0.5,,,,590,20,1000,,inner_cv(per fold),"{""{}"": 36}",0.07,2 positive x 18 negative analytes
T2,native,lpo:cells,all,fg_hydroxyl_aliphatic,F3.bg,majority,auroc_spectra,0.5,0.5,0.5,0.5,,,,590,20,1000,,inner_cv(per fold),"{""{}"": 36}",0.07,2 positive x 18 negative analytes
T2,native,lpo:cells,all,fg_hydroxyl_aliphatic,F3.bg,lr,auroc,0.2222,0.0,0.6111,0.5,,,,590,20,1000,,inner_cv(per fold),"{""{'C': 0.1}"": 36}",0.84,2 positive x 18 negative analytes
T2,native,lpo:cells,all,fg_hydroxyl_aliphatic,F3.bg,lr,auroc_spectra,0.3134,0.1035,0.557,0.5,,,,590,20,1000,,inner_cv(per fold),"{""{'C': 0.1}"": 36}",0.84,2 positive x 18 negative analytes
T2,native,lpo:cells,all,fg_hydroxyl_aliphatic,F3.bg,pca_lr,auroc,0.25,0.0,0.6111,0.5,,,,590,20,1000,,inner_cv(per fold),"{""{'C': 0.1}"": 36}",2.82,2 positive x 18 negative analytes
T2,native,lpo:cells,all,fg_hydroxyl_aliphatic,F3.bg,pca_lr,auroc_spectra,0.3169,0.0938,0.5599,0.5,,,,590,20,1000,,inner_cv(per fold),"{""{'C': 0.1}"": 36}",2.82,2 positive x 18 negative analytes
T2,native,lpo:cells,all,fg_hydroxyl_aliphatic,F3.bg,plsda,auroc,0.4167,0.1667,0.6667,0.5,,,,590,20,1000,,inner_cv(per fold),"{""{'n': 10}"": 36}",1.48,2 positive x 18 negative analytes
T2,native,lpo:cells,all,fg_hydroxyl_aliphatic,F3.bg,plsda,auroc_spectra,0.4475,0.3519,0.5801,0.5,,,,590,20,1000,,inner_cv(per fold),"{""{'n': 10}"": 36}",1.48,2 positive x 18 negative analytes
T2,native,lpo:cells,all,fg_hydroxyl_aliphatic,F3.bg,ncm,auroc,0.1389,0.0,0.3889,0.5,,,,590,20,1000,,inner_cv(per fold),"{""{}"": 36}",0.09,2 positive x 18 negative analytes
T2,native,lpo:cells,all,fg_hydroxyl_aliphatic,F3.bg,ncm,auroc_spectra,0.1913,0.0742,0.3475,0.5,,,,590,20,1000,,inner_cv(per fold),"{""{}"": 36}",0.09,2 positive x 18 negative analytes
T2,native,lpo:cells,all,fg_hydroxyl_aliphatic,F3.bg,hgb,auroc,0.3611,0.1653,0.6111,0.5,,,,590,20,1000,,inner_cv(per fold),"{""{}"": 36}",81.36,2 positive x 18 negative analytes
T2,native,lpo:cells,all,fg_hydroxyl_aliphatic,F3.bg,hgb,auroc_spectra,0.4276,0.3328,0.526,0.5,,,,590,20,1000,,inner_cv(per fold),"{""{}"": 36}",81.36,2 positive x 18 negative analytes
T2,native,lpo:cells,all,fg_hydroxyl_aliphatic,F3.bg,knn,auroc,0.3194,0.2222,0.4167,0.5,,,,590,20,1000,,inner_cv(per fold),"{""{'k': 5}"": 36}",0.17,2 positive x 18 negative analytes
T2,native,lpo:cells,all,fg_hydroxyl_aliphatic,F3.bg,knn,auroc_spectra,0.4557,0.3883,0.4907,0.5,,,,590,20,1000,,inner_cv(per fold),"{""{'k': 5}"": 36}",0.17,2 positive x 18 negative analytes
T2,native,lpo:cells,all,fg_hydroxyl_aliphatic,F3.d1,majority,auroc,0.5,0.5,0.5,0.5,,,,590,20,1000,,inner_cv(per fold),"{""{}"": 36}",0.06,2 positive x 18 negative analytes
T2,native,lpo:cells,all,fg_hydroxyl_aliphatic,F3.d1,majority,auroc_spectra,0.5,0.5,0.5,0.5,,,,590,20,1000,,inner_cv(per fold),"{""{}"": 36}",0.06,2 positive x 18 negative analytes
T2,native,lpo:cells,all,fg_hydroxyl_aliphatic,F3.d1,lr,auroc,0.5,0.2222,0.7778,0.5,,,,590,20,1000,,inner_cv(per fold),"{""{'C': 0.1}"": 36}",0.77,2 positive x 18 negative analytes
T2,native,lpo:cells,all,fg_hydroxyl_aliphatic,F3.d1,lr,auroc_spectra,0.4639,0.3431,0.5638,0.5,,,,590,20,1000,,inner_cv(per fold),"{""{'C': 0.1}"": 36}",0.77,2 positive x 18 negative analytes
T2,native,lpo:cells,all,fg_hydroxyl_aliphatic,F3.d1,pca_lr,auroc,0.6389,0.2778,0.9444,0.5,,,,590,20,1000,,inner_cv(per fold),"{""{'C': 0.1}"": 36}",2.83,2 positive x 18 negative analytes
T2,native,lpo:cells,all,fg_hydroxyl_aliphatic,F3.d1,pca_lr,auroc_spectra,0.4678,0.3397,0.5769,0.5,,,,590,20,1000,,inner_cv(per fold),"{""{'C': 0.1}"": 36}",2.83,2 positive x 18 negative analytes
T2,native,lpo:cells,all,fg_hydroxyl_aliphatic,F3.d1,plsda,auroc,0.6389,0.3889,0.8889,0.5,,,,590,20,1000,,inner_cv(per fold),"{""{'n': 10}"": 36}",1.24,2 positive x 18 negative analytes
T2,native,lpo:cells,all,fg_hydroxyl_aliphatic,F3.d1,plsda,auroc_spectra,0.5384,0.4391,0.6521,0.5,,,,590,20,1000,,inner_cv(per fold),"{""{'n': 10}"": 36}",1.24,2 positive x 18 negative analytes
T2,native,lpo:cells,all,fg_hydroxyl_aliphatic,F3.d1,ncm,auroc,0.1389,0.0,0.3889,0.5,,,,590,20,1000,,inner_cv(per fold),"{""{}"": 36}",0.09,2 positive x 18 negative analytes
T2,native,lpo:cells,all,fg_hydroxyl_aliphatic,F3.d1,ncm,auroc_spectra,0.283,0.1299,0.4733,0.5,,,,590,20,1000,,inner_cv(per fold),"{""{}"": 36}",0.09,2 positive x 18 negative analytes
T2,native,lpo:cells,all,fg_hydroxyl_aliphatic,F3.d1,hgb,auroc,0.25,0.0826,0.4444,0.5,,,,590,20,1000,,inner_cv(per fold),"{""{}"": 36}",97.62,2 positive x 18 negative analytes
T2,native,lpo:cells,all,fg_hydroxyl_aliphatic,F3.d1,hgb,auroc_spectra,0.3903,0.2778,0.5002,0.5,,,,590,20,1000,,inner_cv(per fold),"{""{}"": 36}",97.62,2 positive x 18 negative analytes
T2,native,lpo:cells,all,fg_hydroxyl_aliphatic,F3.d1,knn,auroc,0.3889,0.25,0.5,0.5,,,,590,20,1000,,inner_cv(per fold),"{""{'k': 5}"": 36}",0.18,2 positive x 18 negative analytes
T2,native,lpo:cells,all,fg_hydroxyl_aliphatic,F3.d1,knn,auroc_spectra,0.4775,0.4491,0.5,0.5,,,,590,20,1000,,inner_cv(per fold),"{""{'k': 5}"": 36}",0.18,2 positive x 18 negative analytes
T2,native,lpo:cells,all,fg_aromatic_ring,F1,majority,auroc,0.5,0.5,0.5,0.5,,,,590,20,1000,,inner_cv(per fold),"{""{}"": 64}",0.07,4 positive x 16 negative analytes
T2,native,lpo:cells,all,fg_aromatic_ring,F1,majority,auroc_spectra,0.5,0.5,0.5,0.5,,,,590,20,1000,,inner_cv(per fold),"{""{}"": 64}",0.07,4 positive x 16 negative analytes
T2,native,lpo:cells,all,fg_aromatic_ring,F1,lr,auroc,0.2344,0.0,0.5156,0.5,0.8811,1000,0.5032,590,20,1000,,inner_cv(per fold),"{""{'C': 0.1}"": 10, ""{'C': 1.0}"": 5, ""{'C': 0.01}"": 25, ""{'C': 10.0}"": 24}",3.99,4 positive x 16 negative analytes
T2,native,lpo:cells,all,fg_aromatic_ring,F1,lr,auroc_spectra,0.2698,0.073,0.4365,0.5,,,,590,20,1000,,inner_cv(per fold),"{""{'C': 0.1}"": 10, ""{'C': 1.0}"": 5, ""{'C': 0.01}"": 25, ""{'C': 10.0}"": 24}",3.99,4 positive x 16 negative analytes
T2,native,lpo:cells,all,fg_aromatic_ring,F1,pca_lr,auroc,0.3047,0.0,0.6174,0.5,,,,590,20,1000,,inner_cv(per fold),"{""{'C': 10.0}"": 39, ""{'C': 1.0}"": 3, ""{'C': 0.01}"": 19, ""{'C': 0.1}"": 3}",5.88,4 positive x 16 negative analytes
T2,native,lpo:cells,all,fg_aromatic_ring,F1,pca_lr,auroc_spectra,0.3158,0.1132,0.4968,0.5,,,,590,20,1000,,inner_cv(per fold),"{""{'C': 10.0}"": 39, ""{'C': 1.0}"": 3, ""{'C': 0.01}"": 19, ""{'C': 0.1}"": 3}",5.88,4 positive x 16 negative analytes
T2,native,lpo:cells,all,fg_aromatic_ring,F1,plsda,auroc,0.1719,0.0156,0.3438,0.5,,,,590,20,1000,,inner_cv(per fold),"{""{'n': 15}"": 38, ""{'n': 2}"": 9, ""{'n': 10}"": 9, ""{'n': 5}"": 8}",2.34,4 positive x 16 negative analytes
T2,native,lpo:cells,all,fg_aromatic_ring,F1,plsda,auroc_spectra,0.2793,0.1704,0.3752,0.5,,,,590,20,1000,,inner_cv(per fold),"{""{'n': 15}"": 38, ""{'n': 2}"": 9, ""{'n': 10}"": 9, ""{'n': 5}"": 8}",2.34,4 positive x 16 negative analytes
T2,native,lpo:cells,all,fg_aromatic_ring,F1,ncm,auroc,0.2812,0.0,0.75,0.5,,,,590,20,1000,,inner_cv(per fold),"{""{}"": 64}",0.07,4 positive x 16 negative analytes
T2,native,lpo:cells,all,fg_aromatic_ring,F1,ncm,auroc_spectra,0.2907,0.0946,0.601,0.5,,,,590,20,1000,,inner_cv(per fold),"{""{}"": 64}",0.07,4 positive x 16 negative analytes
T2,native,lpo:cells,all,fg_aromatic_ring,F1,hgb,auroc,0.375,0.1562,0.6254,0.5,,,,590,20,1000,,inner_cv(per fold),"{""{}"": 64}",9.47,4 positive x 16 negative analytes
T2,native,lpo:cells,all,fg_aromatic_ring,F1,hgb,auroc_spectra,0.4073,0.2414,0.6031,0.5,,,,590,20,1000,,inner_cv(per fold),"{""{}"": 64}",9.47,4 positive x 16 negative analytes
T2,native,lpo:cells,all,fg_aromatic_ring,F1,knn,auroc,0.5469,0.242,0.8281,0.5,,,,590,20,1000,,inner_cv(per fold),"{""{'k': 3}"": 14, ""{'k': 5}"": 16, ""{'k': 1}"": 34}",1.7,4 positive x 16 negative analytes
T2,native,lpo:cells,all,fg_aromatic_ring,F1,knn,auroc_spectra,0.4908,0.4099,0.5564,0.5,,,,590,20,1000,,inner_cv(per fold),"{""{'k': 3}"": 14, ""{'k': 5}"": 16, ""{'k': 1}"": 34}",1.7,4 positive x 16 negative analytes
T2,native,lpo:cells,all,fg_aromatic_ring,F1pos,majority,auroc,0.5,0.5,0.5,0.5,,,,590,20,1000,,inner_cv(per fold),"{""{}"": 64}",0.07,4 positive x 16 negative analytes
T2,native,lpo:cells,all,fg_aromatic_ring,F1pos,majority,auroc_spectra,0.5,0.5,0.5,0.5,,,,590,20,1000,,inner_cv(per fold),"{""{}"": 64}",0.07,4 positive x 16 negative analytes
T2,native,lpo:cells,all,fg_aromatic_ring,F1pos,lr,auroc,0.2188,0.0,0.5,0.5,,,,590,20,1000,,inner_cv(per fold),"{""{'C': 1.0}"": 12, ""{'C': 0.1}"": 3, ""{'C': 10.0}"": 36, ""{'C': 0.01}"": 13}",3.72,4 positive x 16 negative analytes
T2,native,lpo:cells,all,fg_aromatic_ring,F1pos,lr,auroc_spectra,0.3152,0.1591,0.4557,0.5,,,,590,20,1000,,inner_cv(per fold),"{""{'C': 1.0}"": 12, ""{'C': 0.1}"": 3, ""{'C': 10.0}"": 36, ""{'C': 0.01}"": 13}",3.72,4 positive x 16 negative analytes
T2,native,lpo:cells,all,fg_aromatic_ring,F1pos,pca_lr,auroc,0.3125,0.0,0.6562,0.5,,,,590,20,1000,,inner_cv(per fold),"{""{'C': 10.0}"": 53, ""{'C': 0.01}"": 11}",6.01,4 positive x 16 negative analytes
T2,native,lpo:cells,all,fg_aromatic_ring,F1pos,pca_lr,auroc_spectra,0.3312,0.1636,0.4928,0.5,,,,590,20,1000,,inner_cv(per fold),"{""{'C': 10.0}"": 53, ""{'C': 0.01}"": 11}",6.01,4 positive x 16 negative analytes
T2,native,lpo:cells,all,fg_aromatic_ring,F1pos,plsda,auroc,0.1719,0.0,0.3906,0.5,,,,590,20,1000,,inner_cv(per fold),"{""{'n': 10}"": 29, ""{'n': 2}"": 9, ""{'n': 15}"": 25, ""{'n': 5}"": 1}",2.39,4 positive x 16 negative analytes
T2,native,lpo:cells,all,fg_aromatic_ring,F1pos,plsda,auroc_spectra,0.2903,0.1866,0.3841,0.5,,,,590,20,1000,,inner_cv(per fold),"{""{'n': 10}"": 29, ""{'n': 2}"": 9, ""{'n': 15}"": 25, ""{'n': 5}"": 1}",2.39,4 positive x 16 negative analytes
T2,native,lpo:cells,all,fg_aromatic_ring,F1pos,ncm,auroc,0.0156,0.0,0.0938,0.5,,,,590,20,1000,,inner_cv(per fold),"{""{}"": 64}",0.07,4 positive x 16 negative analytes
T2,native,lpo:cells,all,fg_aromatic_ring,F1pos,ncm,auroc_spectra,0.1292,0.0827,0.1745,0.5,,,,590,20,1000,,inner_cv(per fold),"{""{}"": 64}",0.07,4 positive x 16 negative analytes
T2,native,lpo:cells,all,fg_aromatic_ring,F1pos,hgb,auroc,0.4219,0.0,0.8125,0.5,,,,590,20,1000,,inner_cv(per fold),"{""{}"": 64}",9.93,4 positive x 16 negative analytes
T2,native,lpo:cells,all,fg_aromatic_ring,F1pos,hgb,auroc_spectra,0.4025,0.2357,0.6031,0.5,,,,590,20,1000,,inner_cv(per fold),"{""{}"": 64}",9.93,4 positive x 16 negative analytes
T2,native,lpo:cells,all,fg_aromatic_ring,F1pos,knn,auroc,0.5312,0.1871,0.8438,0.5,,,,590,20,1000,,inner_cv(per fold),"{""{'k': 3}"": 9, ""{'k': 5}"": 2, ""{'k': 1}"": 38, ""{'k': 10}"": 15}",1.65,4 positive x 16 negative analytes
T2,native,lpo:cells,all,fg_aromatic_ring,F1pos,knn,auroc_spectra,0.4955,0.3781,0.6093,0.5,,,,590,20,1000,,inner_cv(per fold),"{""{'k': 3}"": 9, ""{'k': 5}"": 2, ""{'k': 1}"": 38, ""{'k': 10}"": 15}",1.65,4 positive x 16 negative analytes
T2,native,lpo:cells,all,fg_aromatic_ring,F2,majority,auroc,0.5,0.5,0.5,0.5,,,,590,20,1000,,inner_cv(per fold),"{""{}"": 64}",0.08,4 positive x 16 negative analytes
T2,native,lpo:cells,all,fg_aromatic_ring,F2,majority,auroc_spectra,0.5,0.5,0.5,0.5,,,,590,20,1000,,inner_cv(per fold),"{""{}"": 64}",0.08,4 positive x 16 negative analytes
T2,native,lpo:cells,all,fg_aromatic_ring,F2,lr,auroc,0.3438,0.0,0.6875,0.5,,,,590,20,1000,,inner_cv(per fold),"{""{'C': 0.01}"": 21, ""{'C': 10.0}"": 43}",17.61,4 positive x 16 negative analytes
T2,native,lpo:cells,all,fg_aromatic_ring,F2,lr,auroc_spectra,0.3007,0.0782,0.4935,0.5,,,,590,20,1000,,inner_cv(per fold),"{""{'C': 0.01}"": 21, ""{'C': 10.0}"": 43}",17.61,4 positive x 16 negative analytes
T2,native,lpo:cells,all,fg_aromatic_ring,F2,pca_lr,auroc,0.3203,0.1094,0.5625,0.5,,,,590,20,1000,,inner_cv(per fold),"{""{'C': 10.0}"": 37, ""{'C': 0.01}"": 20, ""{'C': 1.0}"": 5, ""{'C': 0.1}"": 2}",35.52,4 positive x 16 negative analytes
T2,native,lpo:cells,all,fg_aromatic_ring,F2,pca_lr,auroc_spectra,0.3815,0.2128,0.5386,0.5,,,,590,20,1000,,inner_cv(per fold),"{""{'C': 10.0}"": 37, ""{'C': 0.01}"": 20, ""{'C': 1.0}"": 5, ""{'C': 0.1}"": 2}",35.52,4 positive x 16 negative analytes
T2,native,lpo:cells,all,fg_aromatic_ring,F2,plsda,auroc,0.25,0.0625,0.4535,0.5,,,,590,20,1000,,inner_cv(per fold),"{""{'n': 15}"": 21, ""{'n': 10}"": 8, ""{'n': 2}"": 14, ""{'n': 5}"": 21}",22.87,4 positive x 16 negative analytes
T2,native,lpo:cells,all,fg_aromatic_ring,F2,plsda,auroc_spectra,0.3368,0.2088,0.46,0.5,,,,590,20,1000,,inner_cv(per fold),"{""{'n': 15}"": 21, ""{'n': 10}"": 8, ""{'n': 2}"": 14, ""{'n': 5}"": 21}",22.87,4 positive x 16 negative analytes
T2,native,lpo:cells,all,fg_aromatic_ring,F2,ncm,auroc,0.3281,0.0469,0.7656,0.5,,,,590,20,1000,,inner_cv(per fold),"{""{}"": 64}",0.18,4 positive x 16 negative analytes
T2,native,lpo:cells,all,fg_aromatic_ring,F2,ncm,auroc_spectra,0.3238,0.1278,0.6065,0.5,,,,590,20,1000,,inner_cv(per fold),"{""{}"": 64}",0.18,4 positive x 16 negative analytes
T2,native,lpo:cells,all,fg_aromatic_ring,F2,hgb,auroc,0.5312,0.25,0.8125,0.5,,,,590,20,1000,,inner_cv(per fold),"{""{}"": 64}",254.28,4 positive x 16 negative analytes
T2,native,lpo:cells,all,fg_aromatic_ring,F2,hgb,auroc_spectra,0.4991,0.2559,0.7625,0.5,,,,590,20,1000,,inner_cv(per fold),"{""{}"": 64}",254.28,4 positive x 16 negative analytes
T2,native,lpo:cells,all,fg_aromatic_ring,F2,knn,auroc,0.5234,0.1562,0.8754,0.5,,,,590,20,1000,,inner_cv(per fold),"{""{'k': 5}"": 11, ""{'k': 10}"": 16, ""{'k': 1}"": 37}",3.91,4 positive x 16 negative analytes
T2,native,lpo:cells,all,fg_aromatic_ring,F2,knn,auroc_spectra,0.4896,0.407,0.5735,0.5,,,,590,20,1000,,inner_cv(per fold),"{""{'k': 5}"": 11, ""{'k': 10}"": 16, ""{'k': 1}"": 37}",3.91,4 positive x 16 negative analytes
T2,native,lpo:cells,all,fg_aromatic_ring,F3,majority,auroc,0.5,0.5,0.5,0.5,,,,590,20,1000,,inner_cv(per fold),"{""{}"": 64}",0.08,4 positive x 16 negative analytes
T2,native,lpo:cells,all,fg_aromatic_ring,F3,majority,auroc_spectra,0.5,0.5,0.5,0.5,,,,590,20,1000,,inner_cv(per fold),"{""{}"": 64}",0.08,4 positive x 16 negative analytes
T2,native,lpo:cells,all,fg_aromatic_ring,F3,lr,auroc,0.4375,0.0938,0.8125,0.5,,,,590,20,1000,,inner_cv(per fold),"{""{'C': 10.0}"": 45, ""{'C': 1.0}"": 14, ""{'C': 0.1}"": 2, ""{'C': 0.01}"": 3}",13.84,4 positive x 16 negative analytes
T2,native,lpo:cells,all,fg_aromatic_ring,F3,lr,auroc_spectra,0.4623,0.1132,0.7554,0.5,,,,590,20,1000,,inner_cv(per fold),"{""{'C': 10.0}"": 45, ""{'C': 1.0}"": 14, ""{'C': 0.1}"": 2, ""{'C': 0.01}"": 3}",13.84,4 positive x 16 negative analytes
T2,native,lpo:cells,all,fg_aromatic_ring,F3,pca_lr,auroc,0.5,0.109,0.8129,0.5,,,,590,20,1000,,inner_cv(per fold),"{""{'C': 10.0}"": 57, ""{'C': 1.0}"": 3, ""{'C': 0.01}"": 3, ""{'C': 0.1}"": 1}",35.63,4 positive x 16 negative analytes
T2,native,lpo:cells,all,fg_aromatic_ring,F3,pca_lr,auroc_spectra,0.4843,0.0978,0.7912,0.5,,,,590,20,1000,,inner_cv(per fold),"{""{'C': 10.0}"": 57, ""{'C': 1.0}"": 3, ""{'C': 0.01}"": 3, ""{'C': 0.1}"": 1}",35.63,4 positive x 16 negative analytes
T2,native,lpo:cells,all,fg_aromatic_ring,F3,plsda,auroc,0.5,0.1562,0.7973,0.5,,,,590,20,1000,,inner_cv(per fold),"{""{'n': 5}"": 26, ""{'n': 10}"": 21, ""{'n': 15}"": 15, ""{'n': 2}"": 2}",22.23,4 positive x 16 negative analytes
T2,native,lpo:cells,all,fg_aromatic_ring,F3,plsda,auroc_spectra,0.4394,0.1403,0.683,0.5,,,,590,20,1000,,inner_cv(per fold),"{""{'n': 5}"": 26, ""{'n': 10}"": 21, ""{'n': 15}"": 15, ""{'n': 2}"": 2}",22.23,4 positive x 16 negative analytes
T2,native,lpo:cells,all,fg_aromatic_ring,F3,ncm,auroc,0.3125,0.0156,0.7812,0.5,,,,590,20,1000,,inner_cv(per fold),"{""{}"": 64}",0.14,4 positive x 16 negative analytes
T2,native,lpo:cells,all,fg_aromatic_ring,F3,ncm,auroc_spectra,0.3074,0.1057,0.6046,0.5,,,,590,20,1000,,inner_cv(per fold),"{""{}"": 64}",0.14,4 positive x 16 negative analytes
T2,native,lpo:cells,all,fg_aromatic_ring,F3,hgb,auroc,0.6406,0.25,0.9531,0.5,,,,590,20,1000,,inner_cv(per fold),"{""{}"": 64}",312.57,4 positive x 16 negative analytes
T2,native,lpo:cells,all,fg_aromatic_ring,F3,hgb,auroc_spectra,0.5989,0.346,0.8395,0.5,,,,590,20,1000,,inner_cv(per fold),"{""{}"": 64}",312.57,4 positive x 16 negative analytes
T2,native,lpo:cells,all,fg_aromatic_ring,F3,knn,auroc,0.4844,0.2812,0.7656,0.5,,,,590,20,1000,,inner_cv(per fold),"{""{'k': 10}"": 41, ""{'k': 5}"": 4, ""{'k': 1}"": 17, ""{'k': 3}"": 2}",4.08,4 positive x 16 negative analytes
T2,native,lpo:cells,all,fg_aromatic_ring,F3,knn,auroc_spectra,0.4676,0.3741,0.5411,0.5,,,,590,20,1000,,inner_cv(per fold),"{""{'k': 10}"": 41, ""{'k': 5}"": 4, ""{'k': 1}"": 17, ""{'k': 3}"": 2}",4.08,4 positive x 16 negative analytes
T2,native,lpo:cells,all,fg_aromatic_ring,F1.bg,majority,auroc,0.5,0.5,0.5,0.5,,,,590,20,1000,,inner_cv(per fold),"{""{}"": 64}",0.07,4 positive x 16 negative analytes
T2,native,lpo:cells,all,fg_aromatic_ring,F1.bg,majority,auroc_spectra,0.5,0.5,0.5,0.5,,,,590,20,1000,,inner_cv(per fold),"{""{}"": 64}",0.07,4 positive x 16 negative analytes
T2,native,lpo:cells,all,fg_aromatic_ring,F1.bg,lr,auroc,0.2344,0.0,0.5469,0.5,,,,590,20,1000,,inner_cv(per fold),"{""{'C': 0.1}"": 4, ""{'C': 1.0}"": 8, ""{'C': 0.01}"": 29, ""{'C': 10.0}"": 23}",4.17,4 positive x 16 negative analytes
T2,native,lpo:cells,all,fg_aromatic_ring,F1.bg,lr,auroc_spectra,0.2602,0.0674,0.4257,0.5,,,,590,20,1000,,inner_cv(per fold),"{""{'C': 0.1}"": 4, ""{'C': 1.0}"": 8, ""{'C': 0.01}"": 29, ""{'C': 10.0}"": 23}",4.17,4 positive x 16 negative analytes
T2,native,lpo:cells,all,fg_aromatic_ring,F1.bg,pca_lr,auroc,0.2969,0.0621,0.5781,0.5,,,,590,20,1000,,inner_cv(per fold),"{""{'C': 0.1}"": 6, ""{'C': 10.0}"": 31, ""{'C': 1.0}"": 5, ""{'C': 0.01}"": 22}",6.38,4 positive x 16 negative analytes
T2,native,lpo:cells,all,fg_aromatic_ring,F1.bg,pca_lr,auroc_spectra,0.3206,0.1791,0.4517,0.5,,,,590,20,1000,,inner_cv(per fold),"{""{'C': 0.1}"": 6, ""{'C': 10.0}"": 31, ""{'C': 1.0}"": 5, ""{'C': 0.01}"": 22}",6.38,4 positive x 16 negative analytes
T2,native,lpo:cells,all,fg_aromatic_ring,F1.bg,plsda,auroc,0.2031,0.0469,0.375,0.5,,,,590,20,1000,,inner_cv(per fold),"{""{'n': 15}"": 28, ""{'n': 5}"": 10, ""{'n': 10}"": 8, ""{'n': 2}"": 18}",2.34,4 positive x 16 negative analytes
T2,native,lpo:cells,all,fg_aromatic_ring,F1.bg,plsda,auroc_spectra,0.3063,0.1601,0.4545,0.5,,,,590,20,1000,,inner_cv(per fold),"{""{'n': 15}"": 28, ""{'n': 5}"": 10, ""{'n': 10}"": 8, ""{'n': 2}"": 18}",2.34,4 positive x 16 negative analytes
T2,native,lpo:cells,all,fg_aromatic_ring,F1.bg,ncm,auroc,0.3594,0.0312,0.7812,0.5,,,,590,20,1000,,inner_cv(per fold),"{""{}"": 64}",0.07,4 positive x 16 negative analytes
T2,native,lpo:cells,all,fg_aromatic_ring,F1.bg,ncm,auroc_spectra,0.3211,0.1322,0.6222,0.5,,,,590,20,1000,,inner_cv(per fold),"{""{}"": 64}",0.07,4 positive x 16 negative analytes
T2,native,lpo:cells,all,fg_aromatic_ring,F1.bg,hgb,auroc,0.4062,0.1406,0.7188,0.5,,,,590,20,1000,,inner_cv(per fold),"{""{}"": 64}",9.83,4 positive x 16 negative analytes
T2,native,lpo:cells,all,fg_aromatic_ring,F1.bg,hgb,auroc_spectra,0.4449,0.2826,0.6534,0.5,,,,590,20,1000,,inner_cv(per fold),"{""{}"": 64}",9.83,4 positive x 16 negative analytes
T2,native,lpo:cells,all,fg_aromatic_ring,F1.bg,knn,auroc,0.5703,0.3438,0.7814,0.5,,,,590,20,1000,,inner_cv(per fold),"{""{'k': 1}"": 45, ""{'k': 3}"": 12, ""{'k': 5}"": 2, ""{'k': 10}"": 5}",1.68,4 positive x 16 negative analytes
T2,native,lpo:cells,all,fg_aromatic_ring,F1.bg,knn,auroc_spectra,0.4618,0.3989,0.5167,0.5,,,,590,20,1000,,inner_cv(per fold),"{""{'k': 1}"": 45, ""{'k': 3}"": 12, ""{'k': 5}"": 2, ""{'k': 10}"": 5}",1.68,4 positive x 16 negative analytes
T2,native,lpo:cells,all,fg_aromatic_ring,F3.bg,majority,auroc,0.5,0.5,0.5,0.5,,,,590,20,1000,,inner_cv(per fold),"{""{}"": 64}",0.08,4 positive x 16 negative analytes
T2,native,lpo:cells,all,fg_aromatic_ring,F3.bg,majority,auroc_spectra,0.5,0.5,0.5,0.5,,,,590,20,1000,,inner_cv(per fold),"{""{}"": 64}",0.08,4 positive x 16 negative analytes
T2,native,lpo:cells,all,fg_aromatic_ring,F3.bg,lr,auroc,0.5,0.125,0.8281,0.5,,,,590,20,1000,,inner_cv(per fold),"{""{'C': 10.0}"": 39, ""{'C': 1.0}"": 18, ""{'C': 0.1}"": 4, ""{'C': 0.01}"": 3}",13.92,4 positive x 16 negative analytes
T2,native,lpo:cells,all,fg_aromatic_ring,F3.bg,lr,auroc_spectra,0.4498,0.1001,0.729,0.5,,,,590,20,1000,,inner_cv(per fold),"{""{'C': 10.0}"": 39, ""{'C': 1.0}"": 18, ""{'C': 0.1}"": 4, ""{'C': 0.01}"": 3}",13.92,4 positive x 16 negative analytes
T2,native,lpo:cells,all,fg_aromatic_ring,F3.bg,pca_lr,auroc,0.5156,0.125,0.8281,0.5,,,,590,20,1000,,inner_cv(per fold),"{""{'C': 10.0}"": 57, ""{'C': 1.0}"": 4, ""{'C': 0.01}"": 2, ""{'C': 0.1}"": 1}",35.64,4 positive x 16 negative analytes
T2,native,lpo:cells,all,fg_aromatic_ring,F3.bg,pca_lr,auroc_spectra,0.472,0.1015,0.7708,0.5,,,,590,20,1000,,inner_cv(per fold),"{""{'C': 10.0}"": 57, ""{'C': 1.0}"": 4, ""{'C': 0.01}"": 2, ""{'C': 0.1}"": 1}",35.64,4 positive x 16 negative analytes
T2,native,lpo:cells,all,fg_aromatic_ring,F3.bg,plsda,auroc,0.5312,0.1559,0.8281,0.5,,,,590,20,1000,,inner_cv(per fold),"{""{'n': 5}"": 28, ""{'n': 10}"": 24, ""{'n': 15}"": 9, ""{'n': 2}"": 3}",23.28,4 positive x 16 negative analytes
T2,native,lpo:cells,all,fg_aromatic_ring,F3.bg,plsda,auroc_spectra,0.4385,0.1312,0.6746,0.5,,,,590,20,1000,,inner_cv(per fold),"{""{'n': 5}"": 28, ""{'n': 10}"": 24, ""{'n': 15}"": 9, ""{'n': 2}"": 3}",23.28,4 positive x 16 negative analytes
T2,native,lpo:cells,all,fg_aromatic_ring,F3.bg,ncm,auroc,0.3594,0.0625,0.7969,0.5,,,,590,20,1000,,inner_cv(per fold),"{""{}"": 64}",0.16,4 positive x 16 negative analytes
T2,native,lpo:cells,all,fg_aromatic_ring,F3.bg,ncm,auroc_spectra,0.3514,0.1436,0.6824,0.5,,,,590,20,1000,,inner_cv(per fold),"{""{}"": 64}",0.16,4 positive x 16 negative analytes
T2,native,lpo:cells,all,fg_aromatic_ring,F3.bg,hgb,auroc,0.8594,0.6559,1.0,0.5,0.0297,100,0.497,590,20,1000,,inner_cv(per fold),"{""{}"": 64}",245.67,4 positive x 16 negative analytes
T2,native,lpo:cells,all,fg_aromatic_ring,F3.bg,hgb,auroc_spectra,0.6933,0.5125,0.8738,0.5,,,,590,20,1000,,inner_cv(per fold),"{""{}"": 64}",245.67,4 positive x 16 negative analytes
T2,native,lpo:cells,all,fg_aromatic_ring,F3.bg,knn,auroc,0.4531,0.2031,0.8047,0.5,,,,590,20,1000,,inner_cv(per fold),"{""{'k': 5}"": 10, ""{'k': 10}"": 19, ""{'k': 1}"": 35}",3.91,4 positive x 16 negative analytes
T2,native,lpo:cells,all,fg_aromatic_ring,F3.bg,knn,auroc_spectra,0.4933,0.3385,0.6882,0.5,,,,590,20,1000,,inner_cv(per fold),"{""{'k': 5}"": 10, ""{'k': 10}"": 19, ""{'k': 1}"": 35}",3.91,4 positive x 16 negative analytes
T2,native,lpo:cells,all,fg_aromatic_ring,F3.d1,majority,auroc,0.5,0.5,0.5,0.5,,,,590,20,1000,,inner_cv(per fold),"{""{}"": 64}",0.08,4 positive x 16 negative analytes
T2,native,lpo:cells,all,fg_aromatic_ring,F3.d1,majority,auroc_spectra,0.5,0.5,0.5,0.5,,,,590,20,1000,,inner_cv(per fold),"{""{}"": 64}",0.08,4 positive x 16 negative analytes
T2,native,lpo:cells,all,fg_aromatic_ring,F3.d1,lr,auroc,0.2656,0.0625,0.5312,0.5,,,,590,20,1000,,inner_cv(per fold),"{""{'C': 10.0}"": 29, ""{'C': 0.01}"": 8, ""{'C': 1.0}"": 12, ""{'C': 0.1}"": 15}",13.38,4 positive x 16 negative analytes
T2,native,lpo:cells,all,fg_aromatic_ring,F3.d1,lr,auroc_spectra,0.3831,0.2408,0.522,0.5,,,,590,20,1000,,inner_cv(per fold),"{""{'C': 10.0}"": 29, ""{'C': 0.01}"": 8, ""{'C': 1.0}"": 12, ""{'C': 0.1}"": 15}",13.38,4 positive x 16 negative analytes
T2,native,lpo:cells,all,fg_aromatic_ring,F3.d1,pca_lr,auroc,0.2812,0.0156,0.6719,0.5,,,,590,20,1000,,inner_cv(per fold),"{""{'C': 0.01}"": 14, ""{'C': 10.0}"": 37, ""{'C': 1.0}"": 12, ""{'C': 0.1}"": 1}",36.93,4 positive x 16 negative analytes
T2,native,lpo:cells,all,fg_aromatic_ring,F3.d1,pca_lr,auroc_spectra,0.4201,0.238,0.5671,0.5,,,,590,20,1000,,inner_cv(per fold),"{""{'C': 0.01}"": 14, ""{'C': 10.0}"": 37, ""{'C': 1.0}"": 12, ""{'C': 0.1}"": 1}",36.93,4 positive x 16 negative analytes
T2,native,lpo:cells,all,fg_aromatic_ring,F3.d1,plsda,auroc,0.4062,0.1875,0.6562,0.5,,,,590,20,1000,,inner_cv(per fold),"{""{'n': 5}"": 28, ""{'n': 2}"": 14, ""{'n': 10}"": 9, ""{'n': 15}"": 13}",23.37,4 positive x 16 negative analytes
T2,native,lpo:cells,all,fg_aromatic_ring,F3.d1,plsda,auroc_spectra,0.4221,0.2849,0.5612,0.5,,,,590,20,1000,,inner_cv(per fold),"{""{'n': 5}"": 28, ""{'n': 2}"": 14, ""{'n': 10}"": 9, ""{'n': 15}"": 13}",23.37,4 positive x 16 negative analytes
T2,native,lpo:cells,all,fg_aromatic_ring,F3.d1,ncm,auroc,0.2969,0.0,0.766,0.5,,,,590,20,1000,,inner_cv(per fold),"{""{}"": 64}",0.14,4 positive x 16 negative analytes
T2,native,lpo:cells,all,fg_aromatic_ring,F3.d1,ncm,auroc_spectra,0.3294,0.1043,0.6558,0.5,,,,590,20,1000,,inner_cv(per fold),"{""{}"": 64}",0.14,4 positive x 16 negative analytes
T2,native,lpo:cells,all,fg_aromatic_ring,F3.d1,hgb,auroc,0.5312,0.109,0.9688,0.5,,,,590,20,1000,,inner_cv(per fold),"{""{}"": 64}",282.64,4 positive x 16 negative analytes
T2,native,lpo:cells,all,fg_aromatic_ring,F3.d1,hgb,auroc_spectra,0.4904,0.2356,0.7579,0.5,,,,590,20,1000,,inner_cv(per fold),"{""{}"": 64}",282.64,4 positive x 16 negative analytes
T2,native,lpo:cells,all,fg_aromatic_ring,F3.d1,knn,auroc,0.4766,0.2344,0.7891,0.5,,,,590,20,1000,,inner_cv(per fold),"{""{'k': 10}"": 23, ""{'k': 1}"": 39, ""{'k': 5}"": 2}",3.86,4 positive x 16 negative analytes
T2,native,lpo:cells,all,fg_aromatic_ring,F3.d1,knn,auroc_spectra,0.4913,0.3558,0.6624,0.5,,,,590,20,1000,,inner_cv(per fold),"{""{'k': 10}"": 23, ""{'k': 1}"": 39, ""{'k': 5}"": 2}",3.86,4 positive x 16 negative analytes
T2,native,lpo:cells,all,fg_benzene_ring,F1,majority,auroc,0.5,0.5,0.5,0.5,,,,590,20,1000,,inner_cv(per fold),"{""{}"": 51}",0.06,3 positive x 17 negative analytes
T2,native,lpo:cells,all,fg_benzene_ring,F1,majority,auroc_spectra,0.5,0.5,0.5,0.5,,,,590,20,1000,,inner_cv(per fold),"{""{}"": 51}",0.06,3 positive x 17 negative analytes
T2,native,lpo:cells,all,fg_benzene_ring,F1,lr,auroc,0.0588,0.0,0.1765,0.5,0.993,1000,0.4928,590,20,1000,,inner_cv(per fold),"{""{'C': 0.1}"": 8, ""{'C': 0.01}"": 22, ""{'C': 10.0}"": 19, ""{'C': 1.0}"": 2}",2.0,3 positive x 17 negative analytes
T2,native,lpo:cells,all,fg_benzene_ring,F1,lr,auroc_spectra,0.1821,0.0815,0.2984,0.5,,,,590,20,1000,,inner_cv(per fold),"{""{'C': 0.1}"": 8, ""{'C': 0.01}"": 22, ""{'C': 10.0}"": 19, ""{'C': 1.0}"": 2}",2.0,3 positive x 17 negative analytes
T2,native,lpo:cells,all,fg_benzene_ring,F1,pca_lr,auroc,0.0588,0.0,0.1961,0.5,,,,590,20,1000,,inner_cv(per fold),"{""{'C': 10.0}"": 28, ""{'C': 1.0}"": 7, ""{'C': 0.01}"": 16}",2.87,3 positive x 17 negative analytes
T2,native,lpo:cells,all,fg_benzene_ring,F1,pca_lr,auroc_spectra,0.2088,0.105,0.3195,0.5,,,,590,20,1000,,inner_cv(per fold),"{""{'C': 10.0}"": 28, ""{'C': 1.0}"": 7, ""{'C': 0.01}"": 16}",2.87,3 positive x 17 negative analytes
T2,native,lpo:cells,all,fg_benzene_ring,F1,plsda,auroc,0.0588,0.0,0.1765,0.5,,,,590,20,1000,,inner_cv(per fold),"{""{'n': 10}"": 10, ""{'n': 5}"": 10, ""{'n': 2}"": 21, ""{'n': 15}"": 10}",1.24,3 positive x 17 negative analytes
T2,native,lpo:cells,all,fg_benzene_ring,F1,plsda,auroc_spectra,0.2131,0.1314,0.3034,0.5,,,,590,20,1000,,inner_cv(per fold),"{""{'n': 10}"": 10, ""{'n': 5}"": 10, ""{'n': 2}"": 21, ""{'n': 15}"": 10}",1.24,3 positive x 17 negative analytes
T2,native,lpo:cells,all,fg_benzene_ring,F1,ncm,auroc,0.7255,0.3333,1.0,0.5,,,,590,20,1000,,inner_cv(per fold),"{""{}"": 51}",0.06,3 positive x 17 negative analytes
T2,native,lpo:cells,all,fg_benzene_ring,F1,ncm,auroc_spectra,0.5851,0.3093,0.8387,0.5,,,,590,20,1000,,inner_cv(per fold),"{""{}"": 51}",0.06,3 positive x 17 negative analytes
T2,native,lpo:cells,all,fg_benzene_ring,F1,hgb,auroc,0.5686,0.2353,0.8824,0.5,,,,590,20,1000,,inner_cv(per fold),"{""{}"": 51}",6.26,3 positive x 17 negative analytes
T2,native,lpo:cells,all,fg_benzene_ring,F1,hgb,auroc_spectra,0.4941,0.233,0.8241,0.5,,,,590,20,1000,,inner_cv(per fold),"{""{}"": 51}",6.26,3 positive x 17 negative analytes
T2,native,lpo:cells,all,fg_benzene_ring,F1,knn,auroc,0.4706,0.2353,0.7757,0.5,,,,590,20,1000,,inner_cv(per fold),"{""{'k': 1}"": 42, ""{'k': 10}"": 9}",0.92,3 positive x 17 negative analytes
T2,native,lpo:cells,all,fg_benzene_ring,F1,knn,auroc_spectra,0.4793,0.4294,0.5398,0.5,,,,590,20,1000,,inner_cv(per fold),"{""{'k': 1}"": 42, ""{'k': 10}"": 9}",0.92,3 positive x 17 negative analytes
T2,native,lpo:cells,all,fg_benzene_ring,F1pos,majority,auroc,0.5,0.5,0.5,0.5,,,,590,20,1000,,inner_cv(per fold),"{""{}"": 51}",0.06,3 positive x 17 negative analytes
T2,native,lpo:cells,all,fg_benzene_ring,F1pos,majority,auroc_spectra,0.5,0.5,0.5,0.5,,,,590,20,1000,,inner_cv(per fold),"{""{}"": 51}",0.06,3 positive x 17 negative analytes
T2,native,lpo:cells,all,fg_benzene_ring,F1pos,lr,auroc,0.0588,0.0,0.1765,0.5,,,,590,20,1000,,inner_cv(per fold),"{""{'C': 10.0}"": 33, ""{'C': 0.01}"": 17, ""{'C': 0.1}"": 1}",1.85,3 positive x 17 negative analytes
T2,native,lpo:cells,all,fg_benzene_ring,F1pos,lr,auroc_spectra,0.2492,0.1728,0.3259,0.5,,,,590,20,1000,,inner_cv(per fold),"{""{'C': 10.0}"": 33, ""{'C': 0.01}"": 17, ""{'C': 0.1}"": 1}",1.85,3 positive x 17 negative analytes
T2,native,lpo:cells,all,fg_benzene_ring,F1pos,pca_lr,auroc,0.0,0.0,0.0,0.5,,,,590,20,1000,,inner_cv(per fold),"{""{'C': 10.0}"": 28, ""{'C': 1.0}"": 5, ""{'C': 0.01}"": 17, ""{'C': 0.1}"": 1}",2.79,3 positive x 17 negative analytes
T2,native,lpo:cells,all,fg_benzene_ring,F1pos,pca_lr,auroc_spectra,0.2006,0.1302,0.2824,0.5,,,,590,20,1000,,inner_cv(per fold),"{""{'C': 10.0}"": 28, ""{'C': 1.0}"": 5, ""{'C': 0.01}"": 17, ""{'C': 0.1}"": 1}",2.79,3 positive x 17 negative analytes
T2,native,lpo:cells,all,fg_benzene_ring,F1pos,plsda,auroc,0.0588,0.0,0.1765,0.5,,,,590,20,1000,,inner_cv(per fold),"{""{'n': 10}"": 20, ""{'n': 5}"": 12, ""{'n': 15}"": 8, ""{'n': 2}"": 11}",1.23,3 positive x 17 negative analytes
T2,native,lpo:cells,all,fg_benzene_ring,F1pos,plsda,auroc_spectra,0.2596,0.1752,0.3612,0.5,,,,590,20,1000,,inner_cv(per fold),"{""{'n': 10}"": 20, ""{'n': 5}"": 12, ""{'n': 15}"": 8, ""{'n': 2}"": 11}",1.23,3 positive x 17 negative analytes
T2,native,lpo:cells,all,fg_benzene_ring,F1pos,ncm,auroc,0.4314,0.0588,1.0,0.5,,,,590,20,1000,,inner_cv(per fold),"{""{}"": 51}",0.06,3 positive x 17 negative analytes
T2,native,lpo:cells,all,fg_benzene_ring,F1pos,ncm,auroc_spectra,0.3541,0.1588,0.6265,0.5,,,,590,20,1000,,inner_cv(per fold),"{""{}"": 51}",0.06,3 positive x 17 negative analytes
T2,native,lpo:cells,all,fg_benzene_ring,F1pos,hgb,auroc,0.1765,0.0196,0.3922,0.5,,,,590,20,1000,,inner_cv(per fold),"{""{}"": 51}",7.69,3 positive x 17 negative analytes
T2,native,lpo:cells,all,fg_benzene_ring,F1pos,hgb,auroc_spectra,0.3088,0.1609,0.497,0.5,,,,590,20,1000,,inner_cv(per fold),"{""{}"": 51}",7.69,3 positive x 17 negative analytes
T2,native,lpo:cells,all,fg_benzene_ring,F1pos,knn,auroc,0.5098,0.2059,1.0,0.5,,,,590,20,1000,,inner_cv(per fold),"{""{'k': 1}"": 39, ""{'k': 10}"": 11, ""{'k': 3}"": 1}",0.94,3 positive x 17 negative analytes
T2,native,lpo:cells,all,fg_benzene_ring,F1pos,knn,auroc_spectra,0.5153,0.3969,0.6681,0.5,,,,590,20,1000,,inner_cv(per fold),"{""{'k': 1}"": 39, ""{'k': 10}"": 11, ""{'k': 3}"": 1}",0.94,3 positive x 17 negative analytes
T2,native,lpo:cells,all,fg_benzene_ring,F2,majority,auroc,0.5,0.5,0.5,0.5,,,,590,20,1000,,inner_cv(per fold),"{""{}"": 51}",0.07,3 positive x 17 negative analytes
T2,native,lpo:cells,all,fg_benzene_ring,F2,majority,auroc_spectra,0.5,0.5,0.5,0.5,,,,590,20,1000,,inner_cv(per fold),"{""{}"": 51}",0.07,3 positive x 17 negative analytes
T2,native,lpo:cells,all,fg_benzene_ring,F2,lr,auroc,0.2157,0.0,0.4706,0.5,,,,590,20,1000,,inner_cv(per fold),"{""{'C': 10.0}"": 29, ""{'C': 1.0}"": 11, ""{'C': 0.01}"": 9, ""{'C': 0.1}"": 2}",7.15,3 positive x 17 negative analytes
T2,native,lpo:cells,all,fg_benzene_ring,F2,lr,auroc_spectra,0.2512,0.0148,0.435,0.5,,,,590,20,1000,,inner_cv(per fold),"{""{'C': 10.0}"": 29, ""{'C': 1.0}"": 11, ""{'C': 0.01}"": 9, ""{'C': 0.1}"": 2}",7.15,3 positive x 17 negative analytes
T2,native,lpo:cells,all,fg_benzene_ring,F2,pca_lr,auroc,0.3922,0.0392,0.9412,0.5,,,,590,20,1000,,inner_cv(per fold),"{""{'C': 0.1}"": 14, ""{'C': 10.0}"": 25, ""{'C': 1.0}"": 3, ""{'C': 0.01}"": 9}",14.45,3 positive x 17 negative analytes
T2,native,lpo:cells,all,fg_benzene_ring,F2,pca_lr,auroc_spectra,0.3782,0.2357,0.5567,0.5,,,,590,20,1000,,inner_cv(per fold),"{""{'C': 0.1}"": 14, ""{'C': 10.0}"": 25, ""{'C': 1.0}"": 3, ""{'C': 0.01}"": 9}",14.45,3 positive x 17 negative analytes
T2,native,lpo:cells,all,fg_benzene_ring,F2,plsda,auroc,0.1961,0.0588,0.3529,0.5,,,,590,20,1000,,inner_cv(per fold),"{""{'n': 5}"": 17, ""{'n': 15}"": 9, ""{'n': 10}"": 5, ""{'n': 2}"": 20}",7.1,3 positive x 17 negative analytes
T2,native,lpo:cells,all,fg_benzene_ring,F2,plsda,auroc_spectra,0.2397,0.1546,0.3317,0.5,,,,590,20,1000,,inner_cv(per fold),"{""{'n': 5}"": 17, ""{'n': 15}"": 9, ""{'n': 10}"": 5, ""{'n': 2}"": 20}",7.1,3 positive x 17 negative analytes
T2,native,lpo:cells,all,fg_benzene_ring,F2,ncm,auroc,0.5882,0.274,0.9412,0.5,,,,590,20,1000,,inner_cv(per fold),"{""{}"": 51}",0.55,3 positive x 17 negative analytes
T2,native,lpo:cells,all,fg_benzene_ring,F2,ncm,auroc_spectra,0.4853,0.2395,0.8056,0.5,,,,590,20,1000,,inner_cv(per fold),"{""{}"": 51}",0.55,3 positive x 17 negative analytes
T2,native,lpo:cells,all,fg_benzene_ring,F2,hgb,auroc,0.6078,0.3333,0.8632,0.5,,,,590,20,1000,,inner_cv(per fold),"{""{}"": 51}",207.08,3 positive x 17 negative analytes
T2,native,lpo:cells,all,fg_benzene_ring,F2,hgb,auroc_spectra,0.5078,0.269,0.7543,0.5,,,,590,20,1000,,inner_cv(per fold),"{""{}"": 51}",207.08,3 positive x 17 negative analytes
T2,native,lpo:cells,all,fg_benzene_ring,F2,knn,auroc,0.3039,0.1765,0.4118,0.5,,,,590,20,1000,,inner_cv(per fold),"{""{'k': 1}"": 46, ""{'k': 10}"": 4, ""{'k': 5}"": 1}",2.1,3 positive x 17 negative analytes
T2,native,lpo:cells,all,fg_benzene_ring,F2,knn,auroc_spectra,0.4731,0.4392,0.4922,0.5,,,,590,20,1000,,inner_cv(per fold),"{""{'k': 1}"": 46, ""{'k': 10}"": 4, ""{'k': 5}"": 1}",2.1,3 positive x 17 negative analytes
T2,native,lpo:cells,all,fg_benzene_ring,F3,majority,auroc,0.5,0.5,0.5,0.5,,,,590,20,1000,,inner_cv(per fold),"{""{}"": 51}",0.07,3 positive x 17 negative analytes
T2,native,lpo:cells,all,fg_benzene_ring,F3,majority,auroc_spectra,0.5,0.5,0.5,0.5,,,,590,20,1000,,inner_cv(per fold),"{""{}"": 51}",0.07,3 positive x 17 negative analytes
T2,native,lpo:cells,all,fg_benzene_ring,F3,lr,auroc,0.1373,0.0196,0.2941,0.5,,,,590,20,1000,,inner_cv(per fold),"{""{'C': 10.0}"": 22, ""{'C': 0.01}"": 11, ""{'C': 1.0}"": 17, ""{'C': 0.1}"": 1}",6.35,3 positive x 17 negative analytes
T2,native,lpo:cells,all,fg_benzene_ring,F3,lr,auroc_spectra,0.2273,0.0373,0.3939,0.5,,,,590,20,1000,,inner_cv(per fold),"{""{'C': 10.0}"": 22, ""{'C': 0.01}"": 11, ""{'C': 1.0}"": 17, ""{'C': 0.1}"": 1}",6.35,3 positive x 17 negative analytes
T2,native,lpo:cells,all,fg_benzene_ring,F3,pca_lr,auroc,0.1176,0.0,0.2941,0.5,,,,590,20,1000,,inner_cv(per fold),"{""{'C': 0.01}"": 11, ""{'C': 10.0}"": 28, ""{'C': 1.0}"": 12}",15.13,3 positive x 17 negative analytes
T2,native,lpo:cells,all,fg_benzene_ring,F3,pca_lr,auroc_spectra,0.2231,0.0186,0.4058,0.5,,,,590,20,1000,,inner_cv(per fold),"{""{'C': 0.01}"": 11, ""{'C': 10.0}"": 28, ""{'C': 1.0}"": 12}",15.13,3 positive x 17 negative analytes
T2,native,lpo:cells,all,fg_benzene_ring,F3,plsda,auroc,0.2157,0.0588,0.4118,0.5,,,,590,20,1000,,inner_cv(per fold),"{""{'n': 5}"": 23, ""{'n': 2}"": 16, ""{'n': 15}"": 10, ""{'n': 10}"": 2}",7.42,3 positive x 17 negative analytes
T2,native,lpo:cells,all,fg_benzene_ring,F3,plsda,auroc_spectra,0.3083,0.1774,0.4608,0.5,,,,590,20,1000,,inner_cv(per fold),"{""{'n': 5}"": 23, ""{'n': 2}"": 16, ""{'n': 15}"": 10, ""{'n': 10}"": 2}",7.42,3 positive x 17 negative analytes
T2,native,lpo:cells,all,fg_benzene_ring,F3,ncm,auroc,0.5686,0.2353,0.8824,0.5,,,,590,20,1000,,inner_cv(per fold),"{""{}"": 51}",0.14,3 positive x 17 negative analytes
T2,native,lpo:cells,all,fg_benzene_ring,F3,ncm,auroc_spectra,0.4698,0.2206,0.7796,0.5,,,,590,20,1000,,inner_cv(per fold),"{""{}"": 51}",0.14,3 positive x 17 negative analytes
T2,native,lpo:cells,all,fg_benzene_ring,F3,hgb,auroc,0.4314,0.098,0.8824,0.5,,,,590,20,1000,,inner_cv(per fold),"{""{}"": 51}",182.24,3 positive x 17 negative analytes
T2,native,lpo:cells,all,fg_benzene_ring,F3,hgb,auroc_spectra,0.522,0.2587,0.9053,0.5,,,,590,20,1000,,inner_cv(per fold),"{""{}"": 51}",182.24,3 positive x 17 negative analytes
T2,native,lpo:cells,all,fg_benzene_ring,F3,knn,auroc,0.3922,0.2941,0.4706,0.5,,,,590,20,1000,,inner_cv(per fold),"{""{'k': 1}"": 38, ""{'k': 10}"": 10, ""{'k': 3}"": 2, ""{'k': 5}"": 1}",1.98,3 positive x 17 negative analytes
T2,native,lpo:cells,all,fg_benzene_ring,F3,knn,auroc_spectra,0.4873,0.4758,0.4977,0.5,,,,590,20,1000,,inner_cv(per fold),"{""{'k': 1}"": 38, ""{'k': 10}"": 10, ""{'k': 3}"": 2, ""{'k': 5}"": 1}",1.98,3 positive x 17 negative analytes
T2,native,lpo:cells,all,fg_benzene_ring,F1.bg,majority,auroc,0.5,0.5,0.5,0.5,,,,590,20,1000,,inner_cv(per fold),"{""{}"": 51}",0.07,3 positive x 17 negative analytes
T2,native,lpo:cells,all,fg_benzene_ring,F1.bg,majority,auroc_spectra,0.5,0.5,0.5,0.5,,,,590,20,1000,,inner_cv(per fold),"{""{}"": 51}",0.07,3 positive x 17 negative analytes
T2,native,lpo:cells,all,fg_benzene_ring,F1.bg,lr,auroc,0.0784,0.0,0.2745,0.5,,,,590,20,1000,,inner_cv(per fold),"{""{'C': 0.1}"": 9, ""{'C': 0.01}"": 17, ""{'C': 1.0}"": 5, ""{'C': 10.0}"": 20}",1.77,3 positive x 17 negative analytes
T2,native,lpo:cells,all,fg_benzene_ring,F1.bg,lr,auroc_spectra,0.1925,0.0946,0.3287,0.5,,,,590,20,1000,,inner_cv(per fold),"{""{'C': 0.1}"": 9, ""{'C': 0.01}"": 17, ""{'C': 1.0}"": 5, ""{'C': 10.0}"": 20}",1.77,3 positive x 17 negative analytes
T2,native,lpo:cells,all,fg_benzene_ring,F1.bg,pca_lr,auroc,0.2549,0.0,0.549,0.5,,,,590,20,1000,,inner_cv(per fold),"{""{'C': 0.1}"": 9, ""{'C': 0.01}"": 11, ""{'C': 10.0}"": 23, ""{'C': 1.0}"": 8}",2.87,3 positive x 17 negative analytes
T2,native,lpo:cells,all,fg_benzene_ring,F1.bg,pca_lr,auroc_spectra,0.2797,0.2212,0.3732,0.5,,,,590,20,1000,,inner_cv(per fold),"{""{'C': 0.1}"": 9, ""{'C': 0.01}"": 11, ""{'C': 10.0}"": 23, ""{'C': 1.0}"": 8}",2.87,3 positive x 17 negative analytes
T2,native,lpo:cells,all,fg_benzene_ring,F1.bg,plsda,auroc,0.1961,0.0196,0.4123,0.5,,,,590,20,1000,,inner_cv(per fold),"{""{'n': 15}"": 12, ""{'n': 10}"": 13, ""{'n': 2}"": 25, ""{'n': 5}"": 1}",1.23,3 positive x 17 negative analytes
T2,native,lpo:cells,all,fg_benzene_ring,F1.bg,plsda,auroc_spectra,0.2358,0.1328,0.3471,0.5,,,,590,20,1000,,inner_cv(per fold),"{""{'n': 15}"": 12, ""{'n': 10}"": 13, ""{'n': 2}"": 25, ""{'n': 5}"": 1}",1.23,3 positive x 17 negative analytes
T2,native,lpo:cells,all,fg_benzene_ring,F1.bg,ncm,auroc,0.7647,0.4118,1.0,0.5,0.1768,1000,0.4963,590,20,1000,,inner_cv(per fold),"{""{}"": 51}",0.07,3 positive x 17 negative analytes
T2,native,lpo:cells,all,fg_benzene_ring,F1.bg,ncm,auroc_spectra,0.621,0.3474,0.8747,0.5,,,,590,20,1000,,inner_cv(per fold),"{""{}"": 51}",0.07,3 positive x 17 negative analytes
T2,native,lpo:cells,all,fg_benzene_ring,F1.bg,hgb,auroc,0.4902,0.0,0.8824,0.5,,,,590,20,1000,,inner_cv(per fold),"{""{}"": 51}",6.1,3 positive x 17 negative analytes
T2,native,lpo:cells,all,fg_benzene_ring,F1.bg,hgb,auroc_spectra,0.5251,0.2721,0.8085,0.5,,,,590,20,1000,,inner_cv(per fold),"{""{}"": 51}",6.1,3 positive x 17 negative analytes
T2,native,lpo:cells,all,fg_benzene_ring,F1.bg,knn,auroc,0.5686,0.3235,0.8431,0.5,,,,590,20,1000,,inner_cv(per fold),"{""{'k': 1}"": 37, ""{'k': 10}"": 14}",0.96,3 positive x 17 negative analytes
T2,native,lpo:cells,all,fg_benzene_ring,F1.bg,knn,auroc_spectra,0.4737,0.4193,0.5363,0.5,,,,590,20,1000,,inner_cv(per fold),"{""{'k': 1}"": 37, ""{'k': 10}"": 14}",0.96,3 positive x 17 negative analytes
T2,native,lpo:cells,all,fg_benzene_ring,F3.bg,majority,auroc,0.5,0.5,0.5,0.5,,,,590,20,1000,,inner_cv(per fold),"{""{}"": 51}",0.07,3 positive x 17 negative analytes
T2,native,lpo:cells,all,fg_benzene_ring,F3.bg,majority,auroc_spectra,0.5,0.5,0.5,0.5,,,,590,20,1000,,inner_cv(per fold),"{""{}"": 51}",0.07,3 positive x 17 negative analytes
T2,native,lpo:cells,all,fg_benzene_ring,F3.bg,lr,auroc,0.1373,0.0,0.3137,0.5,,,,590,20,1000,,inner_cv(per fold),"{""{'C': 10.0}"": 21, ""{'C': 0.01}"": 10, ""{'C': 1.0}"": 13, ""{'C': 0.1}"": 7}",6.79,3 positive x 17 negative analytes
T2,native,lpo:cells,all,fg_benzene_ring,F3.bg,lr,auroc_spectra,0.2459,0.0688,0.4269,0.5,,,,590,20,1000,,inner_cv(per fold),"{""{'C': 10.0}"": 21, ""{'C': 0.01}"": 10, ""{'C': 1.0}"": 13, ""{'C': 0.1}"": 7}",6.79,3 positive x 17 negative analytes
T2,native,lpo:cells,all,fg_benzene_ring,F3.bg,pca_lr,auroc,0.1569,0.0,0.3529,0.5,,,,590,20,1000,,inner_cv(per fold),"{""{'C': 0.01}"": 12, ""{'C': 10.0}"": 25, ""{'C': 1.0}"": 14}",14.67,3 positive x 17 negative analytes
T2,native,lpo:cells,all,fg_benzene_ring,F3.bg,pca_lr,auroc_spectra,0.2261,0.0561,0.398,0.5,,,,590,20,1000,,inner_cv(per fold),"{""{'C': 0.01}"": 12, ""{'C': 10.0}"": 25, ""{'C': 1.0}"": 14}",14.67,3 positive x 17 negative analytes
T2,native,lpo:cells,all,fg_benzene_ring,F3.bg,plsda,auroc,0.2549,0.0784,0.451,0.5,,,,590,20,1000,,inner_cv(per fold),"{""{'n': 5}"": 16, ""{'n': 15}"": 16, ""{'n': 2}"": 19}",7.13,3 positive x 17 negative analytes
T2,native,lpo:cells,all,fg_benzene_ring,F3.bg,plsda,auroc_spectra,0.3107,0.1926,0.4409,0.5,,,,590,20,1000,,inner_cv(per fold),"{""{'n': 5}"": 16, ""{'n': 15}"": 16, ""{'n': 2}"": 19}",7.13,3 positive x 17 negative analytes
T2,native,lpo:cells,all,fg_benzene_ring,F3.bg,ncm,auroc,0.6078,0.2941,1.0,0.5,,,,590,20,1000,,inner_cv(per fold),"{""{}"": 51}",0.13,3 positive x 17 negative analytes
T2,native,lpo:cells,all,fg_benzene_ring,F3.bg,ncm,auroc_spectra,0.4884,0.23,0.8358,0.5,,,,590,20,1000,,inner_cv(per fold),"{""{}"": 51}",0.13,3 positive x 17 negative analytes
T2,native,lpo:cells,all,fg_benzene_ring,F3.bg,hgb,auroc,0.4706,0.1176,0.9412,0.5,,,,590,20,1000,,inner_cv(per fold),"{""{}"": 51}",144.5,3 positive x 17 negative analytes
T2,native,lpo:cells,all,fg_benzene_ring,F3.bg,hgb,auroc_spectra,0.5211,0.2652,0.9139,0.5,,,,590,20,1000,,inner_cv(per fold),"{""{}"": 51}",144.5,3 positive x 17 negative analytes
T2,native,lpo:cells,all,fg_benzene_ring,F3.bg,knn,auroc,0.3922,0.3137,0.4804,0.5,,,,590,20,1000,,inner_cv(per fold),"{""{'k': 1}"": 40, ""{'k': 10}"": 11}",2.25,3 positive x 17 negative analytes
T2,native,lpo:cells,all,fg_benzene_ring,F3.bg,knn,auroc_spectra,0.464,0.4173,0.498,0.5,,,,590,20,1000,,inner_cv(per fold),"{""{'k': 1}"": 40, ""{'k': 10}"": 11}",2.25,3 positive x 17 negative analytes
T2,native,lpo:cells,all,fg_benzene_ring,F3.d1,majority,auroc,0.5,0.5,0.5,0.5,,,,590,20,1000,,inner_cv(per fold),"{""{}"": 51}",0.07,3 positive x 17 negative analytes
T2,native,lpo:cells,all,fg_benzene_ring,F3.d1,majority,auroc_spectra,0.5,0.5,0.5,0.5,,,,590,20,1000,,inner_cv(per fold),"{""{}"": 51}",0.07,3 positive x 17 negative analytes
T2,native,lpo:cells,all,fg_benzene_ring,F3.d1,lr,auroc,0.2745,0.098,0.4902,0.5,,,,590,20,1000,,inner_cv(per fold),"{""{'C': 10.0}"": 29, ""{'C': 0.1}"": 6, ""{'C': 1.0}"": 8, ""{'C': 0.01}"": 8}",6.07,3 positive x 17 negative analytes
T2,native,lpo:cells,all,fg_benzene_ring,F3.d1,lr,auroc_spectra,0.3027,0.2064,0.4042,0.5,,,,590,20,1000,,inner_cv(per fold),"{""{'C': 10.0}"": 29, ""{'C': 0.1}"": 6, ""{'C': 1.0}"": 8, ""{'C': 0.01}"": 8}",6.07,3 positive x 17 negative analytes
T2,native,lpo:cells,all,fg_benzene_ring,F3.d1,pca_lr,auroc,0.3137,0.1176,0.5686,0.5,,,,590,20,1000,,inner_cv(per fold),"{""{'C': 0.01}"": 9, ""{'C': 10.0}"": 28, ""{'C': 1.0}"": 14}",14.78,3 positive x 17 negative analytes
T2,native,lpo:cells,all,fg_benzene_ring,F3.d1,pca_lr,auroc_spectra,0.3397,0.2392,0.4395,0.5,,,,590,20,1000,,inner_cv(per fold),"{""{'C': 0.01}"": 9, ""{'C': 10.0}"": 28, ""{'C': 1.0}"": 14}",14.78,3 positive x 17 negative analytes
T2,native,lpo:cells,all,fg_benzene_ring,F3.d1,plsda,auroc,0.1765,0.0588,0.3333,0.5,,,,590,20,1000,,inner_cv(per fold),"{""{'n': 5}"": 15, ""{'n': 10}"": 5, ""{'n': 15}"": 12, ""{'n': 2}"": 19}",7.14,3 positive x 17 negative analytes
T2,native,lpo:cells,all,fg_benzene_ring,F3.d1,plsda,auroc_spectra,0.3199,0.2321,0.4097,0.5,,,,590,20,1000,,inner_cv(per fold),"{""{'n': 5}"": 15, ""{'n': 10}"": 5, ""{'n': 15}"": 12, ""{'n': 2}"": 19}",7.14,3 positive x 17 negative analytes
T2,native,lpo:cells,all,fg_benzene_ring,F3.d1,ncm,auroc,0.7059,0.2941,1.0,0.5,,,,590,20,1000,,inner_cv(per fold),"{""{}"": 51}",0.12,3 positive x 17 negative analytes
T2,native,lpo:cells,all,fg_benzene_ring,F3.d1,ncm,auroc_spectra,0.5984,0.2902,0.8823,0.5,,,,590,20,1000,,inner_cv(per fold),"{""{}"": 51}",0.12,3 positive x 17 negative analytes
T2,native,lpo:cells,all,fg_benzene_ring,F3.d1,hgb,auroc,0.3333,0.0,0.8838,0.5,,,,590,20,1000,,inner_cv(per fold),"{""{}"": 51}",219.42,3 positive x 17 negative analytes
T2,native,lpo:cells,all,fg_benzene_ring,F3.d1,hgb,auroc_spectra,0.399,0.1288,0.8356,0.5,,,,590,20,1000,,inner_cv(per fold),"{""{}"": 51}",219.42,3 positive x 17 negative analytes
T2,native,lpo:cells,all,fg_benzene_ring,F3.d1,knn,auroc,0.3529,0.2353,0.451,0.5,,,,590,20,1000,,inner_cv(per fold),"{""{'k': 1}"": 45, ""{'k': 10}"": 3, ""{'k': 3}"": 3}",2.04,3 positive x 17 negative analytes
T2,native,lpo:cells,all,fg_benzene_ring,F3.d1,knn,auroc_spectra,0.455,0.3976,0.4959,0.5,,,,590,20,1000,,inner_cv(per fold),"{""{'k': 1}"": 45, ""{'k': 10}"": 3, ""{'k': 3}"": 3}",2.04,3 positive x 17 negative analytes
T2,native,lpo:standards,all,fg_carboxylic_acid,F1,majority,auroc,0.5,0.5,0.5,0.5,,,,29,26,1000,,inner_cv(per fold),"{""{}"": 105}",0.07,21 positive x 5 negative analytes
T2,native,lpo:standards,all,fg_carboxylic_acid,F1,majority,auroc_spectra,0.5,0.5,0.5,0.5,,,,29,26,1000,,inner_cv(per fold),"{""{}"": 105}",0.07,21 positive x 5 negative analytes
T2,native,lpo:standards,all,fg_carboxylic_acid,F1,lr,auroc,0.981,0.9143,1.0,0.5,0.003,1000,0.5131,29,26,1000,,inner_cv(per fold),"{""{'C': 0.01}"": 85, ""{'C': 1.0}"": 4, ""{'C': 10.0}"": 12, ""{'C': 0.1}"": 4}",3.67,21 positive x 5 negative analytes
T2,native,lpo:standards,all,fg_carboxylic_acid,F1,lr,auroc_spectra,0.981,0.9143,1.0,0.5,,,,29,26,1000,,inner_cv(per fold),"{""{'C': 0.01}"": 85, ""{'C': 1.0}"": 4, ""{'C': 10.0}"": 12, ""{'C': 0.1}"": 4}",3.67,21 positive x 5 negative analytes
T2,native,lpo:standards,all,fg_carboxylic_acid,F1,pca_lr,auroc,0.981,0.9143,1.0,0.5,,,,29,26,1000,,inner_cv(per fold),"{""{'C': 0.01}"": 82, ""{'C': 10.0}"": 16, ""{'C': 1.0}"": 3, ""{'C': 0.1}"": 4}",3.62,21 positive x 5 negative analytes
T2,native,lpo:standards,all,fg_carboxylic_acid,F1,pca_lr,auroc_spectra,0.981,0.9143,1.0,0.5,,,,29,26,1000,,inner_cv(per fold),"{""{'C': 0.01}"": 82, ""{'C': 10.0}"": 16, ""{'C': 1.0}"": 3, ""{'C': 0.1}"": 4}",3.62,21 positive x 5 negative analytes
T2,native,lpo:standards,all,fg_carboxylic_acid,F1,plsda,auroc,0.981,0.9143,1.0,0.5,,,,29,26,1000,,inner_cv(per fold),"{""{'n': 2}"": 48, ""{'n': 5}"": 13, ""{'n': 15}"": 28, ""{'n': 10}"": 16}",1.78,21 positive x 5 negative analytes
T2,native,lpo:standards,all,fg_carboxylic_acid,F1,plsda,auroc_spectra,0.981,0.9143,1.0,0.5,,,,29,26,1000,,inner_cv(per fold),"{""{'n': 2}"": 48, ""{'n': 5}"": 13, ""{'n': 15}"": 28, ""{'n': 10}"": 16}",1.78,21 positive x 5 negative analytes
T2,native,lpo:standards,all,fg_carboxylic_acid,F1,ncm,auroc,0.9238,0.8,1.0,0.5,,,,29,26,1000,,inner_cv(per fold),"{""{}"": 105}",0.07,21 positive x 5 negative analytes
T2,native,lpo:standards,all,fg_carboxylic_acid,F1,ncm,auroc_spectra,0.9262,0.8,1.0,0.5,,,,29,26,1000,,inner_cv(per fold),"{""{}"": 105}",0.07,21 positive x 5 negative analytes
T2,native,lpo:standards,all,fg_carboxylic_acid,F1,hgb,auroc,0.919,0.8095,0.9905,0.5,,,,29,26,1000,,inner_cv(per fold),"{""{}"": 105}",2.57,21 positive x 5 negative analytes
T2,native,lpo:standards,all,fg_carboxylic_acid,F1,hgb,auroc_spectra,0.919,0.8095,0.9905,0.5,,,,29,26,1000,,inner_cv(per fold),"{""{}"": 105}",2.57,21 positive x 5 negative analytes
T2,native,lpo:standards,all,fg_carboxylic_acid,F1,knn,auroc,0.9333,0.8283,1.0,0.5,,,,29,26,1000,,inner_cv(per fold),"{""{'k': 3}"": 57, ""{'k': 10}"": 39, ""{'k': 5}"": 8, ""{'k': 1}"": 1}",1.39,21 positive x 5 negative analytes
T2,native,lpo:standards,all,fg_carboxylic_acid,F1,knn,auroc_spectra,0.9107,0.8058,1.0,0.5,,,,29,26,1000,,inner_cv(per fold),"{""{'k': 3}"": 57, ""{'k': 10}"": 39, ""{'k': 5}"": 8, ""{'k': 1}"": 1}",1.39,21 positive x 5 negative analytes
T2,native,lpo:standards,all,fg_carboxylic_acid,F1pos,majority,auroc,0.5,0.5,0.5,0.5,,,,29,26,1000,,inner_cv(per fold),"{""{}"": 105}",0.07,21 positive x 5 negative analytes
T2,native,lpo:standards,all,fg_carboxylic_acid,F1pos,majority,auroc_spectra,0.5,0.5,0.5,0.5,,,,29,26,1000,,inner_cv(per fold),"{""{}"": 105}",0.07,21 positive x 5 negative analytes
T2,native,lpo:standards,all,fg_carboxylic_acid,F1pos,lr,auroc,0.9619,0.8571,1.0,0.5,,,,29,26,1000,,inner_cv(per fold),"{""{'C': 0.01}"": 47, ""{'C': 0.1}"": 21, ""{'C': 10.0}"": 17, ""{'C': 1.0}"": 20}",3.03,21 positive x 5 negative analytes
T2,native,lpo:standards,all,fg_carboxylic_acid,F1pos,lr,auroc_spectra,0.9571,0.8476,1.0,0.5,,,,29,26,1000,,inner_cv(per fold),"{""{'C': 0.01}"": 47, ""{'C': 0.1}"": 21, ""{'C': 10.0}"": 17, ""{'C': 1.0}"": 20}",3.03,21 positive x 5 negative analytes
T2,native,lpo:standards,all,fg_carboxylic_acid,F1pos,pca_lr,auroc,0.9714,0.8857,1.0,0.5,,,,29,26,1000,,inner_cv(per fold),"{""{'C': 0.01}"": 39, ""{'C': 0.1}"": 22, ""{'C': 10.0}"": 28, ""{'C': 1.0}"": 16}",4.39,21 positive x 5 negative analytes
T2,native,lpo:standards,all,fg_carboxylic_acid,F1pos,pca_lr,auroc_spectra,0.969,0.8857,1.0,0.5,,,,29,26,1000,,inner_cv(per fold),"{""{'C': 0.01}"": 39, ""{'C': 0.1}"": 22, ""{'C': 10.0}"": 28, ""{'C': 1.0}"": 16}",4.39,21 positive x 5 negative analytes
T2,native,lpo:standards,all,fg_carboxylic_acid,F1pos,plsda,auroc,0.981,0.9236,1.0,0.5,,,,29,26,1000,,inner_cv(per fold),"{""{'n': 5}"": 41, ""{'n': 10}"": 34, ""{'n': 2}"": 25, ""{'n': 15}"": 5}",1.75,21 positive x 5 negative analytes
T2,native,lpo:standards,all,fg_carboxylic_acid,F1pos,plsda,auroc_spectra,0.9786,0.9143,1.0,0.5,,,,29,26,1000,,inner_cv(per fold),"{""{'n': 5}"": 41, ""{'n': 10}"": 34, ""{'n': 2}"": 25, ""{'n': 15}"": 5}",1.75,21 positive x 5 negative analytes
T2,native,lpo:standards,all,fg_carboxylic_acid,F1pos,ncm,auroc,0.9238,0.8,1.0,0.5,,,,29,26,1000,,inner_cv(per fold),"{""{}"": 105}",0.07,21 positive x 5 negative analytes
T2,native,lpo:standards,all,fg_carboxylic_acid,F1pos,ncm,auroc_spectra,0.9286,0.8095,1.0,0.5,,,,29,26,1000,,inner_cv(per fold),"{""{}"": 105}",0.07,21 positive x 5 negative analytes
T2,native,lpo:standards,all,fg_carboxylic_acid,F1pos,hgb,auroc,0.9238,0.8095,1.0,0.5,,,,29,26,1000,,inner_cv(per fold),"{""{}"": 105}",2.51,21 positive x 5 negative analytes
T2,native,lpo:standards,all,fg_carboxylic_acid,F1pos,hgb,auroc_spectra,0.9071,0.7905,0.9905,0.5,,,,29,26,1000,,inner_cv(per fold),"{""{}"": 105}",2.51,21 positive x 5 negative analytes
T2,native,lpo:standards,all,fg_carboxylic_acid,F1pos,knn,auroc,0.8667,0.6475,1.0,0.5,,,,29,26,1000,,inner_cv(per fold),"{""{'k': 10}"": 85, ""{'k': 5}"": 19, ""{'k': 3}"": 1}",1.39,21 positive x 5 negative analytes
T2,native,lpo:standards,all,fg_carboxylic_acid,F1pos,knn,auroc_spectra,0.8393,0.6238,1.0,0.5,,,,29,26,1000,,inner_cv(per fold),"{""{'k': 10}"": 85, ""{'k': 5}"": 19, ""{'k': 3}"": 1}",1.39,21 positive x 5 negative analytes
T2,native,lpo:standards,all,fg_carboxylic_acid,F2,majority,auroc,0.5,0.5,0.5,0.5,,,,29,26,1000,,inner_cv(per fold),"{""{}"": 105}",0.07,21 positive x 5 negative analytes
T2,native,lpo:standards,all,fg_carboxylic_acid,F2,majority,auroc_spectra,0.5,0.5,0.5,0.5,,,,29,26,1000,,inner_cv(per fold),"{""{}"": 105}",0.07,21 positive x 5 negative analytes
T2,native,lpo:standards,all,fg_carboxylic_acid,F2,lr,auroc,0.8571,0.6667,1.0,0.5,,,,29,26,1000,,inner_cv(per fold),"{""{'C': 0.01}"": 79, ""{'C': 1.0}"": 5, ""{'C': 10.0}"": 21}",6.45,21 positive x 5 negative analytes
T2,native,lpo:standards,all,fg_carboxylic_acid,F2,lr,auroc_spectra,0.8619,0.6762,1.0,0.5,,,,29,26,1000,,inner_cv(per fold),"{""{'C': 0.01}"": 79, ""{'C': 1.0}"": 5, ""{'C': 10.0}"": 21}",6.45,21 positive x 5 negative analytes
T2,native,lpo:standards,all,fg_carboxylic_acid,F2,pca_lr,auroc,0.8905,0.7333,1.0,0.5,,,,29,26,1000,,inner_cv(per fold),"{""{'C': 0.01}"": 81, ""{'C': 0.1}"": 12, ""{'C': 10.0}"": 10, ""{'C': 1.0}"": 2}",5.7,21 positive x 5 negative analytes
T2,native,lpo:standards,all,fg_carboxylic_acid,F2,pca_lr,auroc_spectra,0.8905,0.7333,1.0,0.5,,,,29,26,1000,,inner_cv(per fold),"{""{'C': 0.01}"": 81, ""{'C': 0.1}"": 12, ""{'C': 10.0}"": 10, ""{'C': 1.0}"": 2}",5.7,21 positive x 5 negative analytes
T2,native,lpo:standards,all,fg_carboxylic_acid,F2,plsda,auroc,0.8476,0.6857,1.0,0.5,,,,29,26,1000,,inner_cv(per fold),"{""{'n': 10}"": 45, ""{'n': 2}"": 30, ""{'n': 5}"": 20, ""{'n': 15}"": 10}",3.39,21 positive x 5 negative analytes
T2,native,lpo:standards,all,fg_carboxylic_acid,F2,plsda,auroc_spectra,0.85,0.6857,0.9906,0.5,,,,29,26,1000,,inner_cv(per fold),"{""{'n': 10}"": 45, ""{'n': 2}"": 30, ""{'n': 5}"": 20, ""{'n': 15}"": 10}",3.39,21 positive x 5 negative analytes
T2,native,lpo:standards,all,fg_carboxylic_acid,F2,ncm,auroc,0.9429,0.8286,1.0,0.5,,,,29,26,1000,,inner_cv(per fold),"{""{}"": 105}",0.07,21 positive x 5 negative analytes
T2,native,lpo:standards,all,fg_carboxylic_acid,F2,ncm,auroc_spectra,0.9429,0.8286,1.0,0.5,,,,29,26,1000,,inner_cv(per fold),"{""{}"": 105}",0.07,21 positive x 5 negative analytes
T2,native,lpo:standards,all,fg_carboxylic_acid,F2,hgb,auroc,0.8238,0.6143,0.9762,0.5,,,,29,26,1000,,inner_cv(per fold),"{""{}"": 105}",64.1,21 positive x 5 negative analytes
T2,native,lpo:standards,all,fg_carboxylic_acid,F2,hgb,auroc_spectra,0.8298,0.619,0.9763,0.5,,,,29,26,1000,,inner_cv(per fold),"{""{}"": 105}",64.1,21 positive x 5 negative analytes
T2,native,lpo:standards,all,fg_carboxylic_acid,F2,knn,auroc,0.9143,0.7905,1.0,0.5,,,,29,26,1000,,inner_cv(per fold),"{""{'k': 1}"": 43, ""{'k': 5}"": 6, ""{'k': 10}"": 19, ""{'k': 3}"": 37}",1.51,21 positive x 5 negative analytes
T2,native,lpo:standards,all,fg_carboxylic_acid,F2,knn,auroc_spectra,0.8762,0.7488,0.981,0.5,,,,29,26,1000,,inner_cv(per fold),"{""{'k': 1}"": 43, ""{'k': 5}"": 6, ""{'k': 10}"": 19, ""{'k': 3}"": 37}",1.51,21 positive x 5 negative analytes
T2,native,lpo:standards,all,fg_carboxylic_acid,F3,majority,auroc,0.5,0.5,0.5,0.5,,,,29,26,1000,,inner_cv(per fold),"{""{}"": 105}",0.07,21 positive x 5 negative analytes
T2,native,lpo:standards,all,fg_carboxylic_acid,F3,majority,auroc_spectra,0.5,0.5,0.5,0.5,,,,29,26,1000,,inner_cv(per fold),"{""{}"": 105}",0.07,21 positive x 5 negative analytes
T2,native,lpo:standards,all,fg_carboxylic_acid,F3,lr,auroc,0.8095,0.6,0.9714,0.5,,,,29,26,1000,,inner_cv(per fold),"{""{'C': 1.0}"": 19, ""{'C': 0.1}"": 4, ""{'C': 0.01}"": 63, ""{'C': 10.0}"": 19}",6.95,21 positive x 5 negative analytes
T2,native,lpo:standards,all,fg_carboxylic_acid,F3,lr,auroc_spectra,0.7667,0.5786,0.9405,0.5,,,,29,26,1000,,inner_cv(per fold),"{""{'C': 1.0}"": 19, ""{'C': 0.1}"": 4, ""{'C': 0.01}"": 63, ""{'C': 10.0}"": 19}",6.95,21 positive x 5 negative analytes
T2,native,lpo:standards,all,fg_carboxylic_acid,F3,pca_lr,auroc,0.9048,0.7619,1.0,0.5,,,,29,26,1000,,inner_cv(per fold),"{""{'C': 0.1}"": 31, ""{'C': 0.01}"": 59, ""{'C': 10.0}"": 8, ""{'C': 1.0}"": 7}",5.56,21 positive x 5 negative analytes
T2,native,lpo:standards,all,fg_carboxylic_acid,F3,pca_lr,auroc_spectra,0.8952,0.7714,0.9905,0.5,,,,29,26,1000,,inner_cv(per fold),"{""{'C': 0.1}"": 31, ""{'C': 0.01}"": 59, ""{'C': 10.0}"": 8, ""{'C': 1.0}"": 7}",5.56,21 positive x 5 negative analytes
T2,native,lpo:standards,all,fg_carboxylic_acid,F3,plsda,auroc,0.7714,0.4667,1.0,0.5,,,,29,26,1000,,inner_cv(per fold),"{""{'n': 10}"": 12, ""{'n': 15}"": 17, ""{'n': 5}"": 53, ""{'n': 2}"": 23}",3.05,21 positive x 5 negative analytes
T2,native,lpo:standards,all,fg_carboxylic_acid,F3,plsda,auroc_spectra,0.7238,0.4476,0.9477,0.5,,,,29,26,1000,,inner_cv(per fold),"{""{'n': 10}"": 12, ""{'n': 15}"": 17, ""{'n': 5}"": 53, ""{'n': 2}"": 23}",3.05,21 positive x 5 negative analytes
T2,native,lpo:standards,all,fg_carboxylic_acid,F3,ncm,auroc,0.9429,0.8286,1.0,0.5,,,,29,26,1000,,inner_cv(per fold),"{""{}"": 105}",0.07,21 positive x 5 negative analytes
T2,native,lpo:standards,all,fg_carboxylic_acid,F3,ncm,auroc_spectra,0.9429,0.8286,1.0,0.5,,,,29,26,1000,,inner_cv(per fold),"{""{}"": 105}",0.07,21 positive x 5 negative analytes
T2,native,lpo:standards,all,fg_carboxylic_acid,F3,hgb,auroc,0.7429,0.519,0.9573,0.5,,,,29,26,1000,,inner_cv(per fold),"{""{}"": 105}",64.66,21 positive x 5 negative analytes
T2,native,lpo:standards,all,fg_carboxylic_acid,F3,hgb,auroc_spectra,0.7476,0.5237,0.962,0.5,,,,29,26,1000,,inner_cv(per fold),"{""{}"": 105}",64.66,21 positive x 5 negative analytes
T2,native,lpo:standards,all,fg_carboxylic_acid,F3,knn,auroc,0.8333,0.6188,1.0,0.5,,,,29,26,1000,,inner_cv(per fold),"{""{'k': 10}"": 83, ""{'k': 3}"": 20, ""{'k': 5}"": 2}",1.68,21 positive x 5 negative analytes
T2,native,lpo:standards,all,fg_carboxylic_acid,F3,knn,auroc_spectra,0.8333,0.6188,1.0,0.5,,,,29,26,1000,,inner_cv(per fold),"{""{'k': 10}"": 83, ""{'k': 3}"": 20, ""{'k': 5}"": 2}",1.68,21 positive x 5 negative analytes
T2,native,lpo:standards,all,fg_carboxylic_acid,F1.bg,majority,auroc,0.5,0.5,0.5,0.5,,,,29,26,1000,,inner_cv(per fold),"{""{}"": 105}",0.07,21 positive x 5 negative analytes
T2,native,lpo:standards,all,fg_carboxylic_acid,F1.bg,majority,auroc_spectra,0.5,0.5,0.5,0.5,,,,29,26,1000,,inner_cv(per fold),"{""{}"": 105}",0.07,21 positive x 5 negative analytes
T2,native,lpo:standards,all,fg_carboxylic_acid,F1.bg,lr,auroc,0.981,0.9143,1.0,0.5,,,,29,26,1000,,inner_cv(per fold),"{""{'C': 0.01}"": 85, ""{'C': 1.0}"": 4, ""{'C': 10.0}"": 12, ""{'C': 0.1}"": 4}",3.4,21 positive x 5 negative analytes
T2,native,lpo:standards,all,fg_carboxylic_acid,F1.bg,lr,auroc_spectra,0.981,0.9143,1.0,0.5,,,,29,26,1000,,inner_cv(per fold),"{""{'C': 0.01}"": 85, ""{'C': 1.0}"": 4, ""{'C': 10.0}"": 12, ""{'C': 0.1}"": 4}",3.4,21 positive x 5 negative analytes
T2,native,lpo:standards,all,fg_carboxylic_acid,F1.bg,pca_lr,auroc,0.981,0.9143,1.0,0.5,,,,29,26,1000,,inner_cv(per fold),"{""{'C': 0.01}"": 82, ""{'C': 10.0}"": 16, ""{'C': 1.0}"": 3, ""{'C': 0.1}"": 4}",4.41,21 positive x 5 negative analytes
T2,native,lpo:standards,all,fg_carboxylic_acid,F1.bg,pca_lr,auroc_spectra,0.981,0.9143,1.0,0.5,,,,29,26,1000,,inner_cv(per fold),"{""{'C': 0.01}"": 82, ""{'C': 10.0}"": 16, ""{'C': 1.0}"": 3, ""{'C': 0.1}"": 4}",4.41,21 positive x 5 negative analytes
T2,native,lpo:standards,all,fg_carboxylic_acid,F1.bg,plsda,auroc,0.981,0.9143,1.0,0.5,,,,29,26,1000,,inner_cv(per fold),"{""{'n': 2}"": 48, ""{'n': 5}"": 13, ""{'n': 15}"": 28, ""{'n': 10}"": 16}",1.78,21 positive x 5 negative analytes
T2,native,lpo:standards,all,fg_carboxylic_acid,F1.bg,plsda,auroc_spectra,0.981,0.9143,1.0,0.5,,,,29,26,1000,,inner_cv(per fold),"{""{'n': 2}"": 48, ""{'n': 5}"": 13, ""{'n': 15}"": 28, ""{'n': 10}"": 16}",1.78,21 positive x 5 negative analytes
T2,native,lpo:standards,all,fg_carboxylic_acid,F1.bg,ncm,auroc,0.9238,0.8,1.0,0.5,,,,29,26,1000,,inner_cv(per fold),"{""{}"": 105}",0.07,21 positive x 5 negative analytes
T2,native,lpo:standards,all,fg_carboxylic_acid,F1.bg,ncm,auroc_spectra,0.9262,0.8,1.0,0.5,,,,29,26,1000,,inner_cv(per fold),"{""{}"": 105}",0.07,21 positive x 5 negative analytes
T2,native,lpo:standards,all,fg_carboxylic_acid,F1.bg,hgb,auroc,0.919,0.8095,0.9905,0.5,,,,29,26,1000,,inner_cv(per fold),"{""{}"": 105}",2.53,21 positive x 5 negative analytes
T2,native,lpo:standards,all,fg_carboxylic_acid,F1.bg,hgb,auroc_spectra,0.919,0.8095,0.9905,0.5,,,,29,26,1000,,inner_cv(per fold),"{""{}"": 105}",2.53,21 positive x 5 negative analytes
T2,native,lpo:standards,all,fg_carboxylic_acid,F1.bg,knn,auroc,0.9238,0.8,1.0,0.5,,,,29,26,1000,,inner_cv(per fold),"{""{'k': 10}"": 23, ""{'k': 5}"": 62, ""{'k': 3}"": 19, ""{'k': 1}"": 1}",1.43,21 positive x 5 negative analytes
T2,native,lpo:standards,all,fg_carboxylic_acid,F1.bg,knn,auroc_spectra,0.9167,0.8095,1.0,0.5,,,,29,26,1000,,inner_cv(per fold),"{""{'k': 10}"": 23, ""{'k': 5}"": 62, ""{'k': 3}"": 19, ""{'k': 1}"": 1}",1.43,21 positive x 5 negative analytes
T2,native,lpo:standards,all,fg_carboxylic_acid,F3.bg,majority,auroc,0.5,0.5,0.5,0.5,,,,29,26,1000,,inner_cv(per fold),"{""{}"": 105}",0.07,21 positive x 5 negative analytes
T2,native,lpo:standards,all,fg_carboxylic_acid,F3.bg,majority,auroc_spectra,0.5,0.5,0.5,0.5,,,,29,26,1000,,inner_cv(per fold),"{""{}"": 105}",0.07,21 positive x 5 negative analytes
T2,native,lpo:standards,all,fg_carboxylic_acid,F3.bg,lr,auroc,0.8095,0.6,0.9714,0.5,,,,29,26,1000,,inner_cv(per fold),"{""{'C': 1.0}"": 19, ""{'C': 0.1}"": 4, ""{'C': 0.01}"": 63, ""{'C': 10.0}"": 19}",6.1,21 positive x 5 negative analytes
T2,native,lpo:standards,all,fg_carboxylic_acid,F3.bg,lr,auroc_spectra,0.7667,0.5786,0.9405,0.5,,,,29,26,1000,,inner_cv(per fold),"{""{'C': 1.0}"": 19, ""{'C': 0.1}"": 4, ""{'C': 0.01}"": 63, ""{'C': 10.0}"": 19}",6.1,21 positive x 5 negative analytes
T2,native,lpo:standards,all,fg_carboxylic_acid,F3.bg,pca_lr,auroc,0.9048,0.7619,1.0,0.5,,,,29,26,1000,,inner_cv(per fold),"{""{'C': 0.1}"": 31, ""{'C': 0.01}"": 59, ""{'C': 10.0}"": 8, ""{'C': 1.0}"": 7}",6.1,21 positive x 5 negative analytes
T2,native,lpo:standards,all,fg_carboxylic_acid,F3.bg,pca_lr,auroc_spectra,0.8952,0.7714,0.9905,0.5,,,,29,26,1000,,inner_cv(per fold),"{""{'C': 0.1}"": 31, ""{'C': 0.01}"": 59, ""{'C': 10.0}"": 8, ""{'C': 1.0}"": 7}",6.1,21 positive x 5 negative analytes
T2,native,lpo:standards,all,fg_carboxylic_acid,F3.bg,plsda,auroc,0.7714,0.4667,1.0,0.5,,,,29,26,1000,,inner_cv(per fold),"{""{'n': 10}"": 12, ""{'n': 15}"": 17, ""{'n': 5}"": 53, ""{'n': 2}"": 23}",3.04,21 positive x 5 negative analytes
T2,native,lpo:standards,all,fg_carboxylic_acid,F3.bg,plsda,auroc_spectra,0.7238,0.4476,0.9477,0.5,,,,29,26,1000,,inner_cv(per fold),"{""{'n': 10}"": 12, ""{'n': 15}"": 17, ""{'n': 5}"": 53, ""{'n': 2}"": 23}",3.04,21 positive x 5 negative analytes
T2,native,lpo:standards,all,fg_carboxylic_acid,F3.bg,ncm,auroc,0.9429,0.8286,1.0,0.5,,,,29,26,1000,,inner_cv(per fold),"{""{}"": 105}",0.07,21 positive x 5 negative analytes
T2,native,lpo:standards,all,fg_carboxylic_acid,F3.bg,ncm,auroc_spectra,0.9429,0.8286,1.0,0.5,,,,29,26,1000,,inner_cv(per fold),"{""{}"": 105}",0.07,21 positive x 5 negative analytes
T2,native,lpo:standards,all,fg_carboxylic_acid,F3.bg,hgb,auroc,0.7429,0.519,0.9573,0.5,,,,29,26,1000,,inner_cv(per fold),"{""{}"": 105}",12.64,21 positive x 5 negative analytes
T2,native,lpo:standards,all,fg_carboxylic_acid,F3.bg,hgb,auroc_spectra,0.7476,0.5237,0.962,0.5,,,,29,26,1000,,inner_cv(per fold),"{""{}"": 105}",12.64,21 positive x 5 negative analytes
T2,native,lpo:standards,all,fg_carboxylic_acid,F3.bg,knn,auroc,0.8524,0.6332,1.0,0.5,,,,29,26,1000,,inner_cv(per fold),"{""{'k': 3}"": 69, ""{'k': 5}"": 28, ""{'k': 10}"": 5, ""{'k': 1}"": 3}",1.51,21 positive x 5 negative analytes
T2,native,lpo:standards,all,fg_carboxylic_acid,F3.bg,knn,auroc_spectra,0.856,0.6428,1.0,0.5,,,,29,26,1000,,inner_cv(per fold),"{""{'k': 3}"": 69, ""{'k': 5}"": 28, ""{'k': 10}"": 5, ""{'k': 1}"": 3}",1.51,21 positive x 5 negative analytes
T2,native,lpo:standards,all,fg_carboxylic_acid,F3.d1,majority,auroc,0.5,0.5,0.5,0.5,,,,29,26,1000,,inner_cv(per fold),"{""{}"": 105}",0.07,21 positive x 5 negative analytes
T2,native,lpo:standards,all,fg_carboxylic_acid,F3.d1,majority,auroc_spectra,0.5,0.5,0.5,0.5,,,,29,26,1000,,inner_cv(per fold),"{""{}"": 105}",0.07,21 positive x 5 negative analytes
T2,native,lpo:standards,all,fg_carboxylic_acid,F3.d1,lr,auroc,0.9429,0.8381,1.0,0.5,,,,29,26,1000,,inner_cv(per fold),"{""{'C': 0.01}"": 23, ""{'C': 1.0}"": 30, ""{'C': 0.1}"": 17, ""{'C': 10.0}"": 35}",6.44,21 positive x 5 negative analytes
T2,native,lpo:standards,all,fg_carboxylic_acid,F3.d1,lr,auroc_spectra,0.8929,0.7689,1.0,0.5,,,,29,26,1000,,inner_cv(per fold),"{""{'C': 0.01}"": 23, ""{'C': 1.0}"": 30, ""{'C': 0.1}"": 17, ""{'C': 10.0}"": 35}",6.44,21 positive x 5 negative analytes
T2,native,lpo:standards,all,fg_carboxylic_acid,F3.d1,pca_lr,auroc,0.8476,0.6095,1.0,0.5,,,,29,26,1000,,inner_cv(per fold),"{""{'C': 0.1}"": 22, ""{'C': 10.0}"": 30, ""{'C': 0.01}"": 21, ""{'C': 1.0}"": 32}",6.18,21 positive x 5 negative analytes
T2,native,lpo:standards,all,fg_carboxylic_acid,F3.d1,pca_lr,auroc_spectra,0.7976,0.5785,0.9714,0.5,,,,29,26,1000,,inner_cv(per fold),"{""{'C': 0.1}"": 22, ""{'C': 10.0}"": 30, ""{'C': 0.01}"": 21, ""{'C': 1.0}"": 32}",6.18,21 positive x 5 negative analytes
T2,native,lpo:standards,all,fg_carboxylic_acid,F3.d1,plsda,auroc,0.9333,0.8095,1.0,0.5,,,,29,26,1000,,inner_cv(per fold),"{""{'n': 5}"": 55, ""{'n': 2}"": 24, ""{'n': 10}"": 17, ""{'n': 15}"": 9}",3.03,21 positive x 5 negative analytes
T2,native,lpo:standards,all,fg_carboxylic_acid,F3.d1,plsda,auroc_spectra,0.8857,0.7523,1.0,0.5,,,,29,26,1000,,inner_cv(per fold),"{""{'n': 5}"": 55, ""{'n': 2}"": 24, ""{'n': 10}"": 17, ""{'n': 15}"": 9}",3.03,21 positive x 5 negative analytes
T2,native,lpo:standards,all,fg_carboxylic_acid,F3.d1,ncm,auroc,0.9333,0.8095,1.0,0.5,,,,29,26,1000,,inner_cv(per fold),"{""{}"": 105}",0.11,21 positive x 5 negative analytes
T2,native,lpo:standards,all,fg_carboxylic_acid,F3.d1,ncm,auroc_spectra,0.9357,0.8166,1.0,0.5,,,,29,26,1000,,inner_cv(per fold),"{""{}"": 105}",0.11,21 positive x 5 negative analytes
T2,native,lpo:standards,all,fg_carboxylic_acid,F3.d1,hgb,auroc,0.9095,0.7714,1.0,0.5,,,,29,26,1000,,inner_cv(per fold),"{""{}"": 105}",64.0,21 positive x 5 negative analytes
T2,native,lpo:standards,all,fg_carboxylic_acid,F3.d1,hgb,auroc_spectra,0.9036,0.7667,0.9952,0.5,,,,29,26,1000,,inner_cv(per fold),"{""{}"": 105}",64.0,21 positive x 5 negative analytes
T2,native,lpo:standards,all,fg_carboxylic_acid,F3.d1,knn,auroc,0.681,0.4714,0.9,0.5,,,,29,26,1000,,inner_cv(per fold),"{""{'k': 3}"": 80, ""{'k': 1}"": 25}",2.24,21 positive x 5 negative analytes
T2,native,lpo:standards,all,fg_carboxylic_acid,F3.d1,knn,auroc_spectra,0.6821,0.4762,0.9,0.5,,,,29,26,1000,,inner_cv(per fold),"{""{'k': 3}"": 80, ""{'k': 1}"": 25}",2.24,21 positive x 5 negative analytes
T2,native,lpo:standards,all,fg_primary_amine,F1,majority,auroc,0.5,0.5,0.5,0.5,,,,29,26,1000,,inner_cv(per fold),"{""{}"": 133}",0.08,19 positive x 7 negative analytes
T2,native,lpo:standards,all,fg_primary_amine,F1,majority,auroc_spectra,0.5,0.5,0.5,0.5,,,,29,26,1000,,inner_cv(per fold),"{""{}"": 133}",0.08,19 positive x 7 negative analytes
T2,native,lpo:standards,all,fg_primary_amine,F1,lr,auroc,0.8797,0.6615,1.0,0.5,0.009,1000,0.4936,29,26,1000,,inner_cv(per fold),"{""{'C': 0.01}"": 94, ""{'C': 0.1}"": 27, ""{'C': 10.0}"": 9, ""{'C': 1.0}"": 3}",4.43,19 positive x 7 negative analytes
T2,native,lpo:standards,all,fg_primary_amine,F1,lr,auroc_spectra,0.8797,0.6615,1.0,0.5,,,,29,26,1000,,inner_cv(per fold),"{""{'C': 0.01}"": 94, ""{'C': 0.1}"": 27, ""{'C': 10.0}"": 9, ""{'C': 1.0}"": 3}",4.43,19 positive x 7 negative analytes
T2,native,lpo:standards,all,fg_primary_amine,F1,pca_lr,auroc,0.8722,0.6389,1.0,0.5,,,,29,26,1000,,inner_cv(per fold),"{""{'C': 0.01}"": 101, ""{'C': 0.1}"": 17, ""{'C': 10.0}"": 10, ""{'C': 1.0}"": 5}",4.45,19 positive x 7 negative analytes
T2,native,lpo:standards,all,fg_primary_amine,F1,pca_lr,auroc_spectra,0.8722,0.6389,1.0,0.5,,,,29,26,1000,,inner_cv(per fold),"{""{'C': 0.01}"": 101, ""{'C': 0.1}"": 17, ""{'C': 10.0}"": 10, ""{'C': 1.0}"": 5}",4.45,19 positive x 7 negative analytes
T2,native,lpo:standards,all,fg_primary_amine,F1,plsda,auroc,0.8947,0.6915,1.0,0.5,,,,29,26,1000,,inner_cv(per fold),"{""{'n': 2}"": 103, ""{'n': 10}"": 22, ""{'n': 5}"": 8}",2.21,19 positive x 7 negative analytes
T2,native,lpo:standards,all,fg_primary_amine,F1,plsda,auroc_spectra,0.8947,0.6915,1.0,0.5,,,,29,26,1000,,inner_cv(per fold),"{""{'n': 2}"": 103, ""{'n': 10}"": 22, ""{'n': 5}"": 8}",2.21,19 positive x 7 negative analytes
T2,native,lpo:standards,all,fg_primary_amine,F1,ncm,auroc,0.9398,0.8195,1.0,0.5,0.001,1000,0.5054,29,26,1000,,inner_cv(per fold),"{""{}"": 133}",0.11,19 positive x 7 negative analytes
T2,native,lpo:standards,all,fg_primary_amine,F1,ncm,auroc_spectra,0.9417,0.8233,1.0,0.5,,,,29,26,1000,,inner_cv(per fold),"{""{}"": 133}",0.11,19 positive x 7 negative analytes
T2,native,lpo:standards,all,fg_primary_amine,F1,hgb,auroc,0.9173,0.8008,0.9925,0.5,,,,29,26,1000,,inner_cv(per fold),"{""{}"": 133}",4.85,19 positive x 7 negative analytes
T2,native,lpo:standards,all,fg_primary_amine,F1,hgb,auroc_spectra,0.9154,0.8008,0.9906,0.5,,,,29,26,1000,,inner_cv(per fold),"{""{}"": 133}",4.85,19 positive x 7 negative analytes
T2,native,lpo:standards,all,fg_primary_amine,F1,knn,auroc,0.906,0.7444,1.0,0.5,,,,29,26,1000,,inner_cv(per fold),"{""{'k': 3}"": 89, ""{'k': 5}"": 30, ""{'k': 1}"": 14}",1.73,19 positive x 7 negative analytes
T2,native,lpo:standards,all,fg_primary_amine,F1,knn,auroc_spectra,0.8731,0.7086,1.0,0.5,,,,29,26,1000,,inner_cv(per fold),"{""{'k': 3}"": 89, ""{'k': 5}"": 30, ""{'k': 1}"": 14}",1.73,19 positive x 7 negative analytes
T2,native,lpo:standards,all,fg_primary_amine,F1pos,majority,auroc,0.5,0.5,0.5,0.5,,,,29,26,1000,,inner_cv(per fold),"{""{}"": 133}",0.08,19 positive x 7 negative analytes
T2,native,lpo:standards,all,fg_primary_amine,F1pos,majority,auroc_spectra,0.5,0.5,0.5,0.5,,,,29,26,1000,,inner_cv(per fold),"{""{}"": 133}",0.08,19 positive x 7 negative analytes
T2,native,lpo:standards,all,fg_primary_amine,F1pos,lr,auroc,0.8271,0.5639,1.0,0.5,,,,29,26,1000,,inner_cv(per fold),"{""{'C': 0.01}"": 118, ""{'C': 1.0}"": 6, ""{'C': 10.0}"": 4, ""{'C': 0.1}"": 5}",4.2,19 positive x 7 negative analytes
T2,native,lpo:standards,all,fg_primary_amine,F1pos,lr,auroc_spectra,0.8252,0.5638,1.0,0.5,,,,29,26,1000,,inner_cv(per fold),"{""{'C': 0.01}"": 118, ""{'C': 1.0}"": 6, ""{'C': 10.0}"": 4, ""{'C': 0.1}"": 5}",4.2,19 positive x 7 negative analytes
T2,native,lpo:standards,all,fg_primary_amine,F1pos,pca_lr,auroc,0.8421,0.5789,1.0,0.5,,,,29,26,1000,,inner_cv(per fold),"{""{'C': 0.01}"": 112, ""{'C': 10.0}"": 17, ""{'C': 0.1}"": 2, ""{'C': 1.0}"": 2}",4.5,19 positive x 7 negative analytes
T2,native,lpo:standards,all,fg_primary_amine,F1pos,pca_lr,auroc_spectra,0.8402,0.5789,1.0,0.5,,,,29,26,1000,,inner_cv(per fold),"{""{'C': 0.01}"": 112, ""{'C': 10.0}"": 17, ""{'C': 0.1}"": 2, ""{'C': 1.0}"": 2}",4.5,19 positive x 7 negative analytes
T2,native,lpo:standards,all,fg_primary_amine,F1pos,plsda,auroc,0.812,0.5338,1.0,0.5,,,,29,26,1000,,inner_cv(per fold),"{""{'n': 5}"": 16, ""{'n': 2}"": 99, ""{'n': 10}"": 12, ""{'n': 15}"": 6}",2.43,19 positive x 7 negative analytes
T2,native,lpo:standards,all,fg_primary_amine,F1pos,plsda,auroc_spectra,0.8102,0.5338,1.0,0.5,,,,29,26,1000,,inner_cv(per fold),"{""{'n': 5}"": 16, ""{'n': 2}"": 99, ""{'n': 10}"": 12, ""{'n': 15}"": 6}",2.43,19 positive x 7 negative analytes
T2,native,lpo:standards,all,fg_primary_amine,F1pos,ncm,auroc,0.8872,0.7068,1.0,0.5,,,,29,26,1000,,inner_cv(per fold),"{""{}"": 133}",0.07,19 positive x 7 negative analytes
T2,native,lpo:standards,all,fg_primary_amine,F1pos,ncm,auroc_spectra,0.891,0.7142,0.9944,0.5,,,,29,26,1000,,inner_cv(per fold),"{""{}"": 133}",0.07,19 positive x 7 negative analytes
T2,native,lpo:standards,all,fg_primary_amine,F1pos,hgb,auroc,0.8947,0.7519,0.9925,0.5,,,,29,26,1000,,inner_cv(per fold),"{""{}"": 133}",3.24,19 positive x 7 negative analytes
T2,native,lpo:standards,all,fg_primary_amine,F1pos,hgb,auroc_spectra,0.8985,0.7565,0.9916,0.5,,,,29,26,1000,,inner_cv(per fold),"{""{}"": 133}",3.24,19 positive x 7 negative analytes
T2,native,lpo:standards,all,fg_primary_amine,F1pos,knn,auroc,0.8308,0.6164,1.0,0.5,,,,29,26,1000,,inner_cv(per fold),"{""{'k': 10}"": 79, ""{'k': 5}"": 7, ""{'k': 1}"": 47}",1.74,19 positive x 7 negative analytes
T2,native,lpo:standards,all,fg_primary_amine,F1pos,knn,auroc_spectra,0.7773,0.5705,0.9464,0.5,,,,29,26,1000,,inner_cv(per fold),"{""{'k': 10}"": 79, ""{'k': 5}"": 7, ""{'k': 1}"": 47}",1.74,19 positive x 7 negative analytes
T2,native,lpo:standards,all,fg_primary_amine,F2,majority,auroc,0.5,0.5,0.5,0.5,,,,29,26,1000,,inner_cv(per fold),"{""{}"": 133}",0.08,19 positive x 7 negative analytes
T2,native,lpo:standards,all,fg_primary_amine,F2,majority,auroc_spectra,0.5,0.5,0.5,0.5,,,,29,26,1000,,inner_cv(per fold),"{""{}"": 133}",0.08,19 positive x 7 negative analytes
T2,native,lpo:standards,all,fg_primary_amine,F2,lr,auroc,0.8045,0.5188,1.0,0.5,,,,29,26,1000,,inner_cv(per fold),"{""{'C': 10.0}"": 3, ""{'C': 0.01}"": 90, ""{'C': 0.1}"": 30, ""{'C': 1.0}"": 10}",9.1,19 positive x 7 negative analytes
T2,native,lpo:standards,all,fg_primary_amine,F2,lr,auroc_spectra,0.8045,0.5188,1.0,0.5,,,,29,26,1000,,inner_cv(per fold),"{""{'C': 10.0}"": 3, ""{'C': 0.01}"": 90, ""{'C': 0.1}"": 30, ""{'C': 1.0}"": 10}",9.1,19 positive x 7 negative analytes
T2,native,lpo:standards,all,fg_primary_amine,F2,pca_lr,auroc,0.8195,0.5338,1.0,0.5,,,,29,26,1000,,inner_cv(per fold),"{""{'C': 10.0}"": 16, ""{'C': 0.01}"": 107, ""{'C': 1.0}"": 3, ""{'C': 0.1}"": 7}",7.14,19 positive x 7 negative analytes
T2,native,lpo:standards,all,fg_primary_amine,F2,pca_lr,auroc_spectra,0.8252,0.5395,1.0,0.5,,,,29,26,1000,,inner_cv(per fold),"{""{'C': 10.0}"": 16, ""{'C': 0.01}"": 107, ""{'C': 1.0}"": 3, ""{'C': 0.1}"": 7}",7.14,19 positive x 7 negative analytes
T2,native,lpo:standards,all,fg_primary_amine,F2,plsda,auroc,0.8045,0.5038,1.0,0.5,,,,29,26,1000,,inner_cv(per fold),"{""{'n': 15}"": 3, ""{'n': 2}"": 96, ""{'n': 10}"": 18, ""{'n': 5}"": 16}",3.95,19 positive x 7 negative analytes
T2,native,lpo:standards,all,fg_primary_amine,F2,plsda,auroc_spectra,0.8045,0.5038,1.0,0.5,,,,29,26,1000,,inner_cv(per fold),"{""{'n': 15}"": 3, ""{'n': 2}"": 96, ""{'n': 10}"": 18, ""{'n': 5}"": 16}",3.95,19 positive x 7 negative analytes
T2,native,lpo:standards,all,fg_primary_amine,F2,ncm,auroc,0.9098,0.7594,1.0,0.5,,,,29,26,1000,,inner_cv(per fold),"{""{}"": 133}",0.08,19 positive x 7 negative analytes
T2,native,lpo:standards,all,fg_primary_amine,F2,ncm,auroc_spectra,0.9098,0.7594,1.0,0.5,,,,29,26,1000,,inner_cv(per fold),"{""{}"": 133}",0.08,19 positive x 7 negative analytes
T2,native,lpo:standards,all,fg_primary_amine,F2,hgb,auroc,0.8383,0.6541,1.0,0.5,,,,29,26,1000,,inner_cv(per fold),"{""{}"": 133}",117.39,19 positive x 7 negative analytes
T2,native,lpo:standards,all,fg_primary_amine,F2,hgb,auroc_spectra,0.8383,0.6541,1.0,0.5,,,,29,26,1000,,inner_cv(per fold),"{""{}"": 133}",117.39,19 positive x 7 negative analytes
T2,native,lpo:standards,all,fg_primary_amine,F2,knn,auroc,0.8759,0.703,1.0,0.5,,,,29,26,1000,,inner_cv(per fold),"{""{'k': 5}"": 103, ""{'k': 3}"": 26, ""{'k': 1}"": 3, ""{'k': 10}"": 1}",2.02,19 positive x 7 negative analytes
T2,native,lpo:standards,all,fg_primary_amine,F2,knn,auroc_spectra,0.8553,0.6823,1.0,0.5,,,,29,26,1000,,inner_cv(per fold),"{""{'k': 5}"": 103, ""{'k': 3}"": 26, ""{'k': 1}"": 3, ""{'k': 10}"": 1}",2.02,19 positive x 7 negative analytes
T2,native,lpo:standards,all,fg_primary_amine,F3,majority,auroc,0.5,0.5,0.5,0.5,,,,29,26,1000,,inner_cv(per fold),"{""{}"": 133}",0.12,19 positive x 7 negative analytes
T2,native,lpo:standards,all,fg_primary_amine,F3,majority,auroc_spectra,0.5,0.5,0.5,0.5,,,,29,26,1000,,inner_cv(per fold),"{""{}"": 133}",0.12,19 positive x 7 negative analytes
T2,native,lpo:standards,all,fg_primary_amine,F3,lr,auroc,0.782,0.5336,0.9776,0.5,,,,29,26,1000,,inner_cv(per fold),"{""{'C': 1.0}"": 2, ""{'C': 0.01}"": 113, ""{'C': 10.0}"": 8, ""{'C': 0.1}"": 10}",11.64,19 positive x 7 negative analytes
T2,native,lpo:standards,all,fg_primary_amine,F3,lr,auroc_spectra,0.765,0.5075,0.9776,0.5,,,,29,26,1000,,inner_cv(per fold),"{""{'C': 1.0}"": 2, ""{'C': 0.01}"": 113, ""{'C': 10.0}"": 8, ""{'C': 0.1}"": 10}",11.64,19 positive x 7 negative analytes
T2,native,lpo:standards,all,fg_primary_amine,F3,pca_lr,auroc,0.7444,0.4586,0.9925,0.5,,,,29,26,1000,,inner_cv(per fold),"{""{'C': 10.0}"": 10, ""{'C': 0.01}"": 103, ""{'C': 0.1}"": 16, ""{'C': 1.0}"": 4}",7.51,19 positive x 7 negative analytes
T2,native,lpo:standards,all,fg_primary_amine,F3,pca_lr,auroc_spectra,0.7387,0.4586,0.9925,0.5,,,,29,26,1000,,inner_cv(per fold),"{""{'C': 10.0}"": 10, ""{'C': 0.01}"": 103, ""{'C': 0.1}"": 16, ""{'C': 1.0}"": 4}",7.51,19 positive x 7 negative analytes
T2,native,lpo:standards,all,fg_primary_amine,F3,plsda,auroc,0.8647,0.6312,1.0,0.5,,,,29,26,1000,,inner_cv(per fold),"{""{'n': 5}"": 76, ""{'n': 2}"": 57}",4.17,19 positive x 7 negative analytes
T2,native,lpo:standards,all,fg_primary_amine,F3,plsda,auroc_spectra,0.8289,0.5996,1.0,0.5,,,,29,26,1000,,inner_cv(per fold),"{""{'n': 5}"": 76, ""{'n': 2}"": 57}",4.17,19 positive x 7 negative analytes
T2,native,lpo:standards,all,fg_primary_amine,F3,ncm,auroc,0.8496,0.5714,1.0,0.5,,,,29,26,1000,,inner_cv(per fold),"{""{}"": 133}",0.08,19 positive x 7 negative analytes
T2,native,lpo:standards,all,fg_primary_amine,F3,ncm,auroc_spectra,0.8496,0.5714,1.0,0.5,,,,29,26,1000,,inner_cv(per fold),"{""{}"": 133}",0.08,19 positive x 7 negative analytes
T2,native,lpo:standards,all,fg_primary_amine,F3,hgb,auroc,0.8647,0.6767,1.0,0.5,,,,29,26,1000,,inner_cv(per fold),"{""{}"": 133}",62.59,19 positive x 7 negative analytes
T2,native,lpo:standards,all,fg_primary_amine,F3,hgb,auroc_spectra,0.8515,0.6617,0.9812,0.5,,,,29,26,1000,,inner_cv(per fold),"{""{}"": 133}",62.59,19 positive x 7 negative analytes
T2,native,lpo:standards,all,fg_primary_amine,F3,knn,auroc,0.7932,0.5789,0.9662,0.5,,,,29,26,1000,,inner_cv(per fold),"{""{'k': 10}"": 33, ""{'k': 1}"": 72, ""{'k': 3}"": 28}",2.04,19 positive x 7 negative analytes
T2,native,lpo:standards,all,fg_primary_amine,F3,knn,auroc_spectra,0.7744,0.5639,0.9474,0.5,,,,29,26,1000,,inner_cv(per fold),"{""{'k': 10}"": 33, ""{'k': 1}"": 72, ""{'k': 3}"": 28}",2.04,19 positive x 7 negative analytes
T2,native,lpo:standards,all,fg_primary_amine,F1.bg,majority,auroc,0.5,0.5,0.5,0.5,,,,29,26,1000,,inner_cv(per fold),"{""{}"": 133}",0.08,19 positive x 7 negative analytes
T2,native,lpo:standards,all,fg_primary_amine,F1.bg,majority,auroc_spectra,0.5,0.5,0.5,0.5,,,,29,26,1000,,inner_cv(per fold),"{""{}"": 133}",0.08,19 positive x 7 negative analytes
T2,native,lpo:standards,all,fg_primary_amine,F1.bg,lr,auroc,0.8797,0.6615,1.0,0.5,,,,29,26,1000,,inner_cv(per fold),"{""{'C': 0.01}"": 94, ""{'C': 0.1}"": 27, ""{'C': 10.0}"": 9, ""{'C': 1.0}"": 3}",4.25,19 positive x 7 negative analytes
T2,native,lpo:standards,all,fg_primary_amine,F1.bg,lr,auroc_spectra,0.8797,0.6615,1.0,0.5,,,,29,26,1000,,inner_cv(per fold),"{""{'C': 0.01}"": 94, ""{'C': 0.1}"": 27, ""{'C': 10.0}"": 9, ""{'C': 1.0}"": 3}",4.25,19 positive x 7 negative analytes
T2,native,lpo:standards,all,fg_primary_amine,F1.bg,pca_lr,auroc,0.8722,0.6389,1.0,0.5,,,,29,26,1000,,inner_cv(per fold),"{""{'C': 0.01}"": 101, ""{'C': 0.1}"": 17, ""{'C': 10.0}"": 10, ""{'C': 1.0}"": 5}",4.85,19 positive x 7 negative analytes
T2,native,lpo:standards,all,fg_primary_amine,F1.bg,pca_lr,auroc_spectra,0.8722,0.6389,1.0,0.5,,,,29,26,1000,,inner_cv(per fold),"{""{'C': 0.01}"": 101, ""{'C': 0.1}"": 17, ""{'C': 10.0}"": 10, ""{'C': 1.0}"": 5}",4.85,19 positive x 7 negative analytes
T2,native,lpo:standards,all,fg_primary_amine,F1.bg,plsda,auroc,0.8947,0.6915,1.0,0.5,,,,29,26,1000,,inner_cv(per fold),"{""{'n': 2}"": 103, ""{'n': 10}"": 22, ""{'n': 5}"": 8}",2.2,19 positive x 7 negative analytes
T2,native,lpo:standards,all,fg_primary_amine,F1.bg,plsda,auroc_spectra,0.8947,0.6915,1.0,0.5,,,,29,26,1000,,inner_cv(per fold),"{""{'n': 2}"": 103, ""{'n': 10}"": 22, ""{'n': 5}"": 8}",2.2,19 positive x 7 negative analytes
T2,native,lpo:standards,all,fg_primary_amine,F1.bg,ncm,auroc,0.9398,0.8195,1.0,0.5,,,,29,26,1000,,inner_cv(per fold),"{""{}"": 133}",0.07,19 positive x 7 negative analytes
T2,native,lpo:standards,all,fg_primary_amine,F1.bg,ncm,auroc_spectra,0.9417,0.8233,1.0,0.5,,,,29,26,1000,,inner_cv(per fold),"{""{}"": 133}",0.07,19 positive x 7 negative analytes
T2,native,lpo:standards,all,fg_primary_amine,F1.bg,hgb,auroc,0.9173,0.8008,0.9925,0.5,,,,29,26,1000,,inner_cv(per fold),"{""{}"": 133}",3.34,19 positive x 7 negative analytes
T2,native,lpo:standards,all,fg_primary_amine,F1.bg,hgb,auroc_spectra,0.9154,0.8008,0.9906,0.5,,,,29,26,1000,,inner_cv(per fold),"{""{}"": 133}",3.34,19 positive x 7 negative analytes
T2,native,lpo:standards,all,fg_primary_amine,F1.bg,knn,auroc,0.9098,0.7555,1.0,0.5,,,,29,26,1000,,inner_cv(per fold),"{""{'k': 3}"": 99, ""{'k': 5}"": 30, ""{'k': 1}"": 4}",1.85,19 positive x 7 negative analytes
T2,native,lpo:standards,all,fg_primary_amine,F1.bg,knn,auroc_spectra,0.9079,0.7519,1.0,0.5,,,,29,26,1000,,inner_cv(per fold),"{""{'k': 3}"": 99, ""{'k': 5}"": 30, ""{'k': 1}"": 4}",1.85,19 positive x 7 negative analytes
T2,native,lpo:standards,all,fg_primary_amine,F3.bg,majority,auroc,0.5,0.5,0.5,0.5,,,,29,26,1000,,inner_cv(per fold),"{""{}"": 133}",0.08,19 positive x 7 negative analytes
T2,native,lpo:standards,all,fg_primary_amine,F3.bg,majority,auroc_spectra,0.5,0.5,0.5,0.5,,,,29,26,1000,,inner_cv(per fold),"{""{}"": 133}",0.08,19 positive x 7 negative analytes
T2,native,lpo:standards,all,fg_primary_amine,F3.bg,lr,auroc,0.782,0.5336,0.9776,0.5,,,,29,26,1000,,inner_cv(per fold),"{""{'C': 1.0}"": 2, ""{'C': 0.01}"": 113, ""{'C': 10.0}"": 8, ""{'C': 0.1}"": 10}",7.86,19 positive x 7 negative analytes
T2,native,lpo:standards,all,fg_primary_amine,F3.bg,lr,auroc_spectra,0.765,0.5075,0.9776,0.5,,,,29,26,1000,,inner_cv(per fold),"{""{'C': 1.0}"": 2, ""{'C': 0.01}"": 113, ""{'C': 10.0}"": 8, ""{'C': 0.1}"": 10}",7.86,19 positive x 7 negative analytes
T2,native,lpo:standards,all,fg_primary_amine,F3.bg,pca_lr,auroc,0.7444,0.4586,0.9925,0.5,,,,29,26,1000,,inner_cv(per fold),"{""{'C': 10.0}"": 10, ""{'C': 0.01}"": 103, ""{'C': 0.1}"": 16, ""{'C': 1.0}"": 4}",7.27,19 positive x 7 negative analytes
T2,native,lpo:standards,all,fg_primary_amine,F3.bg,pca_lr,auroc_spectra,0.7387,0.4586,0.9925,0.5,,,,29,26,1000,,inner_cv(per fold),"{""{'C': 10.0}"": 10, ""{'C': 0.01}"": 103, ""{'C': 0.1}"": 16, ""{'C': 1.0}"": 4}",7.27,19 positive x 7 negative analytes
T2,native,lpo:standards,all,fg_primary_amine,F3.bg,plsda,auroc,0.8647,0.6312,1.0,0.5,,,,29,26,1000,,inner_cv(per fold),"{""{'n': 5}"": 76, ""{'n': 2}"": 57}",4.24,19 positive x 7 negative analytes
T2,native,lpo:standards,all,fg_primary_amine,F3.bg,plsda,auroc_spectra,0.8289,0.5996,1.0,0.5,,,,29,26,1000,,inner_cv(per fold),"{""{'n': 5}"": 76, ""{'n': 2}"": 57}",4.24,19 positive x 7 negative analytes
T2,native,lpo:standards,all,fg_primary_amine,F3.bg,ncm,auroc,0.8496,0.5714,1.0,0.5,,,,29,26,1000,,inner_cv(per fold),"{""{}"": 133}",0.08,19 positive x 7 negative analytes
T2,native,lpo:standards,all,fg_primary_amine,F3.bg,ncm,auroc_spectra,0.8496,0.5714,1.0,0.5,,,,29,26,1000,,inner_cv(per fold),"{""{}"": 133}",0.08,19 positive x 7 negative analytes
T2,native,lpo:standards,all,fg_primary_amine,F3.bg,hgb,auroc,0.8647,0.6767,1.0,0.5,,,,29,26,1000,,inner_cv(per fold),"{""{}"": 133}",76.72,19 positive x 7 negative analytes
T2,native,lpo:standards,all,fg_primary_amine,F3.bg,hgb,auroc_spectra,0.8515,0.6617,0.9812,0.5,,,,29,26,1000,,inner_cv(per fold),"{""{}"": 133}",76.72,19 positive x 7 negative analytes
T2,native,lpo:standards,all,fg_primary_amine,F3.bg,knn,auroc,0.8308,0.5902,1.0,0.5,,,,29,26,1000,,inner_cv(per fold),"{""{'k': 3}"": 91, ""{'k': 10}"": 33, ""{'k': 5}"": 9}",2.02,19 positive x 7 negative analytes
T2,native,lpo:standards,all,fg_primary_amine,F3.bg,knn,auroc_spectra,0.8308,0.5902,1.0,0.5,,,,29,26,1000,,inner_cv(per fold),"{""{'k': 3}"": 91, ""{'k': 10}"": 33, ""{'k': 5}"": 9}",2.02,19 positive x 7 negative analytes
T2,native,lpo:standards,all,fg_primary_amine,F3.d1,majority,auroc,0.5,0.5,0.5,0.5,,,,29,26,1000,,inner_cv(per fold),"{""{}"": 133}",0.08,19 positive x 7 negative analytes
T2,native,lpo:standards,all,fg_primary_amine,F3.d1,majority,auroc_spectra,0.5,0.5,0.5,0.5,,,,29,26,1000,,inner_cv(per fold),"{""{}"": 133}",0.08,19 positive x 7 negative analytes
T2,native,lpo:standards,all,fg_primary_amine,F3.d1,lr,auroc,0.7519,0.4511,0.9925,0.5,,,,29,26,1000,,inner_cv(per fold),"{""{'C': 1.0}"": 13, ""{'C': 0.01}"": 100, ""{'C': 10.0}"": 17, ""{'C': 0.1}"": 3}",7.96,19 positive x 7 negative analytes
T2,native,lpo:standards,all,fg_primary_amine,F3.d1,lr,auroc_spectra,0.7049,0.4116,0.9361,0.5,,,,29,26,1000,,inner_cv(per fold),"{""{'C': 1.0}"": 13, ""{'C': 0.01}"": 100, ""{'C': 10.0}"": 17, ""{'C': 0.1}"": 3}",7.96,19 positive x 7 negative analytes
T2,native,lpo:standards,all,fg_primary_amine,F3.d1,pca_lr,auroc,0.8872,0.6391,1.0,0.5,,,,29,26,1000,,inner_cv(per fold),"{""{'C': 0.1}"": 25, ""{'C': 0.01}"": 86, ""{'C': 1.0}"": 6, ""{'C': 10.0}"": 16}",7.12,19 positive x 7 negative analytes
T2,native,lpo:standards,all,fg_primary_amine,F3.d1,pca_lr,auroc_spectra,0.8346,0.594,1.0,0.5,,,,29,26,1000,,inner_cv(per fold),"{""{'C': 0.1}"": 25, ""{'C': 0.01}"": 86, ""{'C': 1.0}"": 6, ""{'C': 10.0}"": 16}",7.12,19 positive x 7 negative analytes
T2,native,lpo:standards,all,fg_primary_amine,F3.d1,plsda,auroc,0.8571,0.6316,1.0,0.5,,,,29,26,1000,,inner_cv(per fold),"{""{'n': 5}"": 39, ""{'n': 2}"": 88, ""{'n': 10}"": 5, ""{'n': 15}"": 1}",4.03,19 positive x 7 negative analytes
T2,native,lpo:standards,all,fg_primary_amine,F3.d1,plsda,auroc_spectra,0.8177,0.5958,0.9774,0.5,,,,29,26,1000,,inner_cv(per fold),"{""{'n': 5}"": 39, ""{'n': 2}"": 88, ""{'n': 10}"": 5, ""{'n': 15}"": 1}",4.03,19 positive x 7 negative analytes
T2,native,lpo:standards,all,fg_primary_amine,F3.d1,ncm,auroc,0.8872,0.6391,1.0,0.5,,,,29,26,1000,,inner_cv(per fold),"{""{}"": 133}",0.08,19 positive x 7 negative analytes
T2,native,lpo:standards,all,fg_primary_amine,F3.d1,ncm,auroc_spectra,0.8853,0.6353,1.0,0.5,,,,29,26,1000,,inner_cv(per fold),"{""{}"": 133}",0.08,19 positive x 7 negative analytes
T2,native,lpo:standards,all,fg_primary_amine,F3.d1,hgb,auroc,0.8647,0.6992,0.985,0.5,,,,29,26,1000,,inner_cv(per fold),"{""{}"": 133}",125.63,19 positive x 7 negative analytes
T2,native,lpo:standards,all,fg_primary_amine,F3.d1,hgb,auroc_spectra,0.8553,0.6917,0.9738,0.5,,,,29,26,1000,,inner_cv(per fold),"{""{}"": 133}",125.63,19 positive x 7 negative analytes
T2,native,lpo:standards,all,fg_primary_amine,F3.d1,knn,auroc,0.7782,0.5827,0.9398,0.5,,,,29,26,1000,,inner_cv(per fold),"{""{'k': 10}"": 33, ""{'k': 1}"": 100}",2.08,19 positive x 7 negative analytes
T2,native,lpo:standards,all,fg_primary_amine,F3.d1,knn,auroc_spectra,0.7509,0.5639,0.9173,0.5,,,,29,26,1000,,inner_cv(per fold),"{""{'k': 10}"": 33, ""{'k': 1}"": 100}",2.08,19 positive x 7 negative analytes
T2,native,lpo:standards,all,fg_amide,F1,majority,auroc,0.5,0.5,0.5,0.5,,,,29,26,1000,,inner_cv(per fold),"{""{}"": 88}",0.1,4 positive x 22 negative analytes
T2,native,lpo:standards,all,fg_amide,F1,majority,auroc_spectra,0.5,0.5,0.5,0.5,,,,29,26,1000,,inner_cv(per fold),"{""{}"": 88}",0.1,4 positive x 22 negative analytes
T2,native,lpo:standards,all,fg_amide,F1,lr,auroc,0.5227,0.3182,0.7273,0.5,0.3596,1000,0.5075,29,26,1000,,inner_cv(per fold),"{""{'C': 10.0}"": 16, ""{'C': 0.01}"": 34, ""{'C': 1.0}"": 4, ""{'C': 0.1}"": 34}",4.28,4 positive x 22 negative analytes
T2,native,lpo:standards,all,fg_amide,F1,lr,auroc_spectra,0.5284,0.3182,0.7245,0.5,,,,29,26,1000,,inner_cv(per fold),"{""{'C': 10.0}"": 16, ""{'C': 0.01}"": 34, ""{'C': 1.0}"": 4, ""{'C': 0.1}"": 34}",4.28,4 positive x 22 negative analytes
T2,native,lpo:standards,all,fg_amide,F1,pca_lr,auroc,0.4318,0.1818,0.6932,0.5,,,,29,26,1000,,inner_cv(per fold),"{""{'C': 0.01}"": 37, ""{'C': 1.0}"": 21, ""{'C': 10.0}"": 9, ""{'C': 0.1}"": 21}",3.41,4 positive x 22 negative analytes
T2,native,lpo:standards,all,fg_amide,F1,pca_lr,auroc_spectra,0.4347,0.1818,0.6932,0.5,,,,29,26,1000,,inner_cv(per fold),"{""{'C': 0.01}"": 37, ""{'C': 1.0}"": 21, ""{'C': 10.0}"": 9, ""{'C': 0.1}"": 21}",3.41,4 positive x 22 negative analytes
T2,native,lpo:standards,all,fg_amide,F1,plsda,auroc,0.7386,0.4886,0.9545,0.5,,,,29,26,1000,,inner_cv(per fold),"{""{'n': 2}"": 53, ""{'n': 15}"": 10, ""{'n': 10}"": 14, ""{'n': 5}"": 11}",1.53,4 positive x 22 negative analytes
T2,native,lpo:standards,all,fg_amide,F1,plsda,auroc_spectra,0.7415,0.5114,0.9432,0.5,,,,29,26,1000,,inner_cv(per fold),"{""{'n': 2}"": 53, ""{'n': 15}"": 10, ""{'n': 10}"": 14, ""{'n': 5}"": 11}",1.53,4 positive x 22 negative analytes
T2,native,lpo:standards,all,fg_amide,F1,ncm,auroc,0.5795,0.1361,1.0,0.5,,,,29,26,1000,,inner_cv(per fold),"{""{}"": 88}",0.06,4 positive x 22 negative analytes
T2,native,lpo:standards,all,fg_amide,F1,ncm,auroc_spectra,0.5795,0.1361,1.0,0.5,,,,29,26,1000,,inner_cv(per fold),"{""{}"": 88}",0.06,4 positive x 22 negative analytes
T2,native,lpo:standards,all,fg_amide,F1,hgb,auroc,0.7898,0.6136,0.9318,0.5,,,,29,26,1000,,inner_cv(per fold),"{""{}"": 88}",2.2,4 positive x 22 negative analytes
T2,native,lpo:standards,all,fg_amide,F1,hgb,auroc_spectra,0.8011,0.642,0.9318,0.5,,,,29,26,1000,,inner_cv(per fold),"{""{}"": 88}",2.2,4 positive x 22 negative analytes
T2,native,lpo:standards,all,fg_amide,F1,knn,auroc,0.6648,0.4089,0.9206,0.5,,,,29,26,1000,,inner_cv(per fold),"{""{'k': 3}"": 50, ""{'k': 1}"": 38}",1.22,4 positive x 22 negative analytes
T2,native,lpo:standards,all,fg_amide,F1,knn,auroc_spectra,0.6733,0.4205,0.9206,0.5,,,,29,26,1000,,inner_cv(per fold),"{""{'k': 3}"": 50, ""{'k': 1}"": 38}",1.22,4 positive x 22 negative analytes
T2,native,lpo:standards,all,fg_amide,F1pos,majority,auroc,0.5,0.5,0.5,0.5,,,,29,26,1000,,inner_cv(per fold),"{""{}"": 88}",0.07,4 positive x 22 negative analytes
T2,native,lpo:standards,all,fg_amide,F1pos,majority,auroc_spectra,0.5,0.5,0.5,0.5,,,,29,26,1000,,inner_cv(per fold),"{""{}"": 88}",0.07,4 positive x 22 negative analytes
T2,native,lpo:standards,all,fg_amide,F1pos,lr,auroc,0.6307,0.3864,0.8636,0.5,,,,29,26,1000,,inner_cv(per fold),"{""{'C': 0.01}"": 52, ""{'C': 10.0}"": 13, ""{'C': 1.0}"": 6, ""{'C': 0.1}"": 17}",3.08,4 positive x 22 negative analytes
T2,native,lpo:standards,all,fg_amide,F1pos,lr,auroc_spectra,0.6307,0.3864,0.8636,0.5,,,,29,26,1000,,inner_cv(per fold),"{""{'C': 0.01}"": 52, ""{'C': 10.0}"": 13, ""{'C': 1.0}"": 6, ""{'C': 0.1}"": 17}",3.08,4 positive x 22 negative analytes
T2,native,lpo:standards,all,fg_amide,F1pos,pca_lr,auroc,0.483,0.2727,0.7159,0.5,,,,29,26,1000,,inner_cv(per fold),"{""{'C': 0.01}"": 33, ""{'C': 10.0}"": 33, ""{'C': 1.0}"": 7, ""{'C': 0.1}"": 15}",3.44,4 positive x 22 negative analytes
T2,native,lpo:standards,all,fg_amide,F1pos,pca_lr,auroc_spectra,0.483,0.2727,0.7159,0.5,,,,29,26,1000,,inner_cv(per fold),"{""{'C': 0.01}"": 33, ""{'C': 10.0}"": 33, ""{'C': 1.0}"": 7, ""{'C': 0.1}"": 15}",3.44,4 positive x 22 negative analytes
T2,native,lpo:standards,all,fg_amide,F1pos,plsda,auroc,0.642,0.3182,0.9545,0.5,,,,29,26,1000,,inner_cv(per fold),"{""{'n': 2}"": 54, ""{'n': 10}"": 12, ""{'n': 5}"": 5, ""{'n': 15}"": 17}",1.56,4 positive x 22 negative analytes
T2,native,lpo:standards,all,fg_amide,F1pos,plsda,auroc_spectra,0.6534,0.3293,0.9545,0.5,,,,29,26,1000,,inner_cv(per fold),"{""{'n': 2}"": 54, ""{'n': 10}"": 12, ""{'n': 5}"": 5, ""{'n': 15}"": 17}",1.56,4 positive x 22 negative analytes
T2,native,lpo:standards,all,fg_amide,F1pos,ncm,auroc,0.4716,0.0906,0.8636,0.5,,,,29,26,1000,,inner_cv(per fold),"{""{}"": 88}",0.06,4 positive x 22 negative analytes
T2,native,lpo:standards,all,fg_amide,F1pos,ncm,auroc_spectra,0.4716,0.0906,0.8636,0.5,,,,29,26,1000,,inner_cv(per fold),"{""{}"": 88}",0.06,4 positive x 22 negative analytes
T2,native,lpo:standards,all,fg_amide,F1pos,hgb,auroc,0.4773,0.233,0.7443,0.5,,,,29,26,1000,,inner_cv(per fold),"{""{}"": 88}",2.43,4 positive x 22 negative analytes
T2,native,lpo:standards,all,fg_amide,F1pos,hgb,auroc_spectra,0.4858,0.2443,0.7445,0.5,,,,29,26,1000,,inner_cv(per fold),"{""{}"": 88}",2.43,4 positive x 22 negative analytes
T2,native,lpo:standards,all,fg_amide,F1pos,knn,auroc,0.6534,0.4318,0.8864,0.5,,,,29,26,1000,,inner_cv(per fold),"{""{'k': 1}"": 88}",1.27,4 positive x 22 negative analytes
T2,native,lpo:standards,all,fg_amide,F1pos,knn,auroc_spectra,0.6534,0.4318,0.8864,0.5,,,,29,26,1000,,inner_cv(per fold),"{""{'k': 1}"": 88}",1.27,4 positive x 22 negative analytes
T2,native,lpo:standards,all,fg_amide,F2,majority,auroc,0.5,0.5,0.5,0.5,,,,29,26,1000,,inner_cv(per fold),"{""{}"": 88}",0.07,4 positive x 22 negative analytes
T2,native,lpo:standards,all,fg_amide,F2,majority,auroc_spectra,0.5,0.5,0.5,0.5,,,,29,26,1000,,inner_cv(per fold),"{""{}"": 88}",0.07,4 positive x 22 negative analytes
T2,native,lpo:standards,all,fg_amide,F2,lr,auroc,0.75,0.5,0.9545,0.5,,,,29,26,1000,,inner_cv(per fold),"{""{'C': 0.01}"": 9, ""{'C': 0.1}"": 6, ""{'C': 10.0}"": 61, ""{'C': 1.0}"": 12}",7.06,4 positive x 22 negative analytes
T2,native,lpo:standards,all,fg_amide,F2,lr,auroc_spectra,0.7472,0.5055,0.9545,0.5,,,,29,26,1000,,inner_cv(per fold),"{""{'C': 0.01}"": 9, ""{'C': 0.1}"": 6, ""{'C': 10.0}"": 61, ""{'C': 1.0}"": 12}",7.06,4 positive x 22 negative analytes
T2,native,lpo:standards,all,fg_amide,F2,pca_lr,auroc,0.6875,0.3067,0.9773,0.5,,,,29,26,1000,,inner_cv(per fold),"{""{'C': 10.0}"": 46, ""{'C': 0.01}"": 29, ""{'C': 1.0}"": 4, ""{'C': 0.1}"": 9}",8.49,4 positive x 22 negative analytes
T2,native,lpo:standards,all,fg_amide,F2,pca_lr,auroc_spectra,0.6903,0.3068,0.9773,0.5,,,,29,26,1000,,inner_cv(per fold),"{""{'C': 10.0}"": 46, ""{'C': 0.01}"": 29, ""{'C': 1.0}"": 4, ""{'C': 0.1}"": 9}",8.49,4 positive x 22 negative analytes
T2,native,lpo:standards,all,fg_amide,F2,plsda,auroc,0.6705,0.4318,0.9091,0.5,,,,29,26,1000,,inner_cv(per fold),"{""{'n': 10}"": 29, ""{'n': 5}"": 26, ""{'n': 15}"": 27, ""{'n': 2}"": 6}",2.78,4 positive x 22 negative analytes
T2,native,lpo:standards,all,fg_amide,F2,plsda,auroc_spectra,0.6648,0.4318,0.8893,0.5,,,,29,26,1000,,inner_cv(per fold),"{""{'n': 10}"": 29, ""{'n': 5}"": 26, ""{'n': 15}"": 27, ""{'n': 2}"": 6}",2.78,4 positive x 22 negative analytes
T2,native,lpo:standards,all,fg_amide,F2,ncm,auroc,0.5341,0.25,0.8295,0.5,,,,29,26,1000,,inner_cv(per fold),"{""{}"": 88}",0.07,4 positive x 22 negative analytes
T2,native,lpo:standards,all,fg_amide,F2,ncm,auroc_spectra,0.5341,0.25,0.8295,0.5,,,,29,26,1000,,inner_cv(per fold),"{""{}"": 88}",0.07,4 positive x 22 negative analytes
T2,native,lpo:standards,all,fg_amide,F2,hgb,auroc,0.6477,0.3409,0.8864,0.5,,,,29,26,1000,,inner_cv(per fold),"{""{}"": 88}",12.5,4 positive x 22 negative analytes
T2,native,lpo:standards,all,fg_amide,F2,hgb,auroc_spectra,0.6378,0.3409,0.875,0.5,,,,29,26,1000,,inner_cv(per fold),"{""{}"": 88}",12.5,4 positive x 22 negative analytes
T2,native,lpo:standards,all,fg_amide,F2,knn,auroc,0.6932,0.4545,0.9321,0.5,,,,29,26,1000,,inner_cv(per fold),"{""{'k': 1}"": 52, ""{'k': 5}"": 17, ""{'k': 3}"": 19}",1.37,4 positive x 22 negative analytes
T2,native,lpo:standards,all,fg_amide,F2,knn,auroc_spectra,0.6932,0.4545,0.9321,0.5,,,,29,26,1000,,inner_cv(per fold),"{""{'k': 1}"": 52, ""{'k': 5}"": 17, ""{'k': 3}"": 19}",1.37,4 positive x 22 negative analytes
T2,native,lpo:standards,all,fg_amide,F3,majority,auroc,0.5,0.5,0.5,0.5,,,,29,26,1000,,inner_cv(per fold),"{""{}"": 88}",0.07,4 positive x 22 negative analytes
T2,native,lpo:standards,all,fg_amide,F3,majority,auroc_spectra,0.5,0.5,0.5,0.5,,,,29,26,1000,,inner_cv(per fold),"{""{}"": 88}",0.07,4 positive x 22 negative analytes
T2,native,lpo:standards,all,fg_amide,F3,lr,auroc,0.7727,0.5341,0.9659,0.5,,,,29,26,1000,,inner_cv(per fold),"{""{'C': 0.01}"": 17, ""{'C': 0.1}"": 29, ""{'C': 10.0}"": 30, ""{'C': 1.0}"": 12}",6.63,4 positive x 22 negative analytes
T2,native,lpo:standards,all,fg_amide,F3,lr,auroc_spectra,0.7727,0.5341,0.9659,0.5,,,,29,26,1000,,inner_cv(per fold),"{""{'C': 0.01}"": 17, ""{'C': 0.1}"": 29, ""{'C': 10.0}"": 30, ""{'C': 1.0}"": 12}",6.63,4 positive x 22 negative analytes
T2,native,lpo:standards,all,fg_amide,F3,pca_lr,auroc,0.6023,0.2497,0.9205,0.5,,,,29,26,1000,,inner_cv(per fold),"{""{'C': 1.0}"": 13, ""{'C': 0.1}"": 40, ""{'C': 10.0}"": 13, ""{'C': 0.01}"": 22}",5.28,4 positive x 22 negative analytes
T2,native,lpo:standards,all,fg_amide,F3,pca_lr,auroc_spectra,0.608,0.2614,0.9091,0.5,,,,29,26,1000,,inner_cv(per fold),"{""{'C': 1.0}"": 13, ""{'C': 0.1}"": 40, ""{'C': 10.0}"": 13, ""{'C': 0.01}"": 22}",5.28,4 positive x 22 negative analytes
T2,native,lpo:standards,all,fg_amide,F3,plsda,auroc,0.6705,0.4656,0.875,0.5,,,,29,26,1000,,inner_cv(per fold),"{""{'n': 2}"": 21, ""{'n': 5}"": 13, ""{'n': 15}"": 18, ""{'n': 10}"": 36}",2.92,4 positive x 22 negative analytes
T2,native,lpo:standards,all,fg_amide,F3,plsda,auroc_spectra,0.6733,0.4656,0.8752,0.5,,,,29,26,1000,,inner_cv(per fold),"{""{'n': 2}"": 21, ""{'n': 5}"": 13, ""{'n': 15}"": 18, ""{'n': 10}"": 36}",2.92,4 positive x 22 negative analytes
T2,native,lpo:standards,all,fg_amide,F3,ncm,auroc,0.5909,0.1364,1.0,0.5,,,,29,26,1000,,inner_cv(per fold),"{""{}"": 88}",0.07,4 positive x 22 negative analytes
T2,native,lpo:standards,all,fg_amide,F3,ncm,auroc_spectra,0.5909,0.1364,1.0,0.5,,,,29,26,1000,,inner_cv(per fold),"{""{}"": 88}",0.07,4 positive x 22 negative analytes
T2,native,lpo:standards,all,fg_amide,F3,hgb,auroc,0.7841,0.5,0.9886,0.5,,,,29,26,1000,,inner_cv(per fold),"{""{}"": 88}",10.4,4 positive x 22 negative analytes
T2,native,lpo:standards,all,fg_amide,F3,hgb,auroc_spectra,0.7869,0.5113,0.9886,0.5,,,,29,26,1000,,inner_cv(per fold),"{""{}"": 88}",10.4,4 positive x 22 negative analytes
T2,native,lpo:standards,all,fg_amide,F3,knn,auroc,0.9091,0.7614,1.0,0.5,,,,29,26,1000,,inner_cv(per fold),"{""{'k': 1}"": 62, ""{'k': 3}"": 16, ""{'k': 10}"": 10}",1.37,4 positive x 22 negative analytes
T2,native,lpo:standards,all,fg_amide,F3,knn,auroc_spectra,0.902,0.75,0.9929,0.5,,,,29,26,1000,,inner_cv(per fold),"{""{'k': 1}"": 62, ""{'k': 3}"": 16, ""{'k': 10}"": 10}",1.37,4 positive x 22 negative analytes
T2,native,lpo:standards,all,fg_amide,F1.bg,majority,auroc,0.5,0.5,0.5,0.5,,,,29,26,1000,,inner_cv(per fold),"{""{}"": 88}",0.07,4 positive x 22 negative analytes
T2,native,lpo:standards,all,fg_amide,F1.bg,majority,auroc_spectra,0.5,0.5,0.5,0.5,,,,29,26,1000,,inner_cv(per fold),"{""{}"": 88}",0.07,4 positive x 22 negative analytes
T2,native,lpo:standards,all,fg_amide,F1.bg,lr,auroc,0.5227,0.3182,0.7273,0.5,,,,29,26,1000,,inner_cv(per fold),"{""{'C': 10.0}"": 16, ""{'C': 0.01}"": 34, ""{'C': 1.0}"": 4, ""{'C': 0.1}"": 34}",2.82,4 positive x 22 negative analytes
T2,native,lpo:standards,all,fg_amide,F1.bg,lr,auroc_spectra,0.5284,0.3182,0.7245,0.5,,,,29,26,1000,,inner_cv(per fold),"{""{'C': 10.0}"": 16, ""{'C': 0.01}"": 34, ""{'C': 1.0}"": 4, ""{'C': 0.1}"": 34}",2.82,4 positive x 22 negative analytes
T2,native,lpo:standards,all,fg_amide,F1.bg,pca_lr,auroc,0.4318,0.1818,0.6932,0.5,,,,29,26,1000,,inner_cv(per fold),"{""{'C': 0.01}"": 37, ""{'C': 1.0}"": 21, ""{'C': 10.0}"": 9, ""{'C': 0.1}"": 21}",3.67,4 positive x 22 negative analytes
T2,native,lpo:standards,all,fg_amide,F1.bg,pca_lr,auroc_spectra,0.4347,0.1818,0.6932,0.5,,,,29,26,1000,,inner_cv(per fold),"{""{'C': 0.01}"": 37, ""{'C': 1.0}"": 21, ""{'C': 10.0}"": 9, ""{'C': 0.1}"": 21}",3.67,4 positive x 22 negative analytes
T2,native,lpo:standards,all,fg_amide,F1.bg,plsda,auroc,0.7386,0.4886,0.9545,0.5,,,,29,26,1000,,inner_cv(per fold),"{""{'n': 2}"": 53, ""{'n': 15}"": 10, ""{'n': 10}"": 14, ""{'n': 5}"": 11}",1.55,4 positive x 22 negative analytes
T2,native,lpo:standards,all,fg_amide,F1.bg,plsda,auroc_spectra,0.7415,0.5114,0.9432,0.5,,,,29,26,1000,,inner_cv(per fold),"{""{'n': 2}"": 53, ""{'n': 15}"": 10, ""{'n': 10}"": 14, ""{'n': 5}"": 11}",1.55,4 positive x 22 negative analytes
T2,native,lpo:standards,all,fg_amide,F1.bg,ncm,auroc,0.5795,0.1361,1.0,0.5,,,,29,26,1000,,inner_cv(per fold),"{""{}"": 88}",0.06,4 positive x 22 negative analytes
T2,native,lpo:standards,all,fg_amide,F1.bg,ncm,auroc_spectra,0.5795,0.1361,1.0,0.5,,,,29,26,1000,,inner_cv(per fold),"{""{}"": 88}",0.06,4 positive x 22 negative analytes
T2,native,lpo:standards,all,fg_amide,F1.bg,hgb,auroc,0.7898,0.6136,0.9318,0.5,,,,29,26,1000,,inner_cv(per fold),"{""{}"": 88}",2.22,4 positive x 22 negative analytes
T2,native,lpo:standards,all,fg_amide,F1.bg,hgb,auroc_spectra,0.8011,0.642,0.9318,0.5,,,,29,26,1000,,inner_cv(per fold),"{""{}"": 88}",2.22,4 positive x 22 negative analytes
T2,native,lpo:standards,all,fg_amide,F1.bg,knn,auroc,0.6932,0.4261,0.9545,0.5,,,,29,26,1000,,inner_cv(per fold),"{""{'k': 3}"": 36, ""{'k': 1}"": 42, ""{'k': 5}"": 10}",2.04,4 positive x 22 negative analytes
T2,native,lpo:standards,all,fg_amide,F1.bg,knn,auroc_spectra,0.6989,0.443,0.9545,0.5,,,,29,26,1000,,inner_cv(per fold),"{""{'k': 3}"": 36, ""{'k': 1}"": 42, ""{'k': 5}"": 10}",2.04,4 positive x 22 negative analytes
T2,native,lpo:standards,all,fg_amide,F3.bg,majority,auroc,0.5,0.5,0.5,0.5,,,,29,26,1000,,inner_cv(per fold),"{""{}"": 88}",0.07,4 positive x 22 negative analytes
T2,native,lpo:standards,all,fg_amide,F3.bg,majority,auroc_spectra,0.5,0.5,0.5,0.5,,,,29,26,1000,,inner_cv(per fold),"{""{}"": 88}",0.07,4 positive x 22 negative analytes
T2,native,lpo:standards,all,fg_amide,F3.bg,lr,auroc,0.7727,0.5341,0.9659,0.5,,,,29,26,1000,,inner_cv(per fold),"{""{'C': 0.01}"": 17, ""{'C': 0.1}"": 29, ""{'C': 10.0}"": 30, ""{'C': 1.0}"": 12}",6.3,4 positive x 22 negative analytes
T2,native,lpo:standards,all,fg_amide,F3.bg,lr,auroc_spectra,0.7727,0.5341,0.9659,0.5,,,,29,26,1000,,inner_cv(per fold),"{""{'C': 0.01}"": 17, ""{'C': 0.1}"": 29, ""{'C': 10.0}"": 30, ""{'C': 1.0}"": 12}",6.3,4 positive x 22 negative analytes
T2,native,lpo:standards,all,fg_amide,F3.bg,pca_lr,auroc,0.6023,0.2497,0.9205,0.5,,,,29,26,1000,,inner_cv(per fold),"{""{'C': 1.0}"": 13, ""{'C': 0.1}"": 40, ""{'C': 10.0}"": 13, ""{'C': 0.01}"": 22}",5.4,4 positive x 22 negative analytes
T2,native,lpo:standards,all,fg_amide,F3.bg,pca_lr,auroc_spectra,0.608,0.2614,0.9091,0.5,,,,29,26,1000,,inner_cv(per fold),"{""{'C': 1.0}"": 13, ""{'C': 0.1}"": 40, ""{'C': 10.0}"": 13, ""{'C': 0.01}"": 22}",5.4,4 positive x 22 negative analytes
T2,native,lpo:standards,all,fg_amide,F3.bg,plsda,auroc,0.6705,0.4656,0.875,0.5,,,,29,26,1000,,inner_cv(per fold),"{""{'n': 2}"": 21, ""{'n': 5}"": 13, ""{'n': 15}"": 18, ""{'n': 10}"": 36}",2.99,4 positive x 22 negative analytes
T2,native,lpo:standards,all,fg_amide,F3.bg,plsda,auroc_spectra,0.6733,0.4656,0.8752,0.5,,,,29,26,1000,,inner_cv(per fold),"{""{'n': 2}"": 21, ""{'n': 5}"": 13, ""{'n': 15}"": 18, ""{'n': 10}"": 36}",2.99,4 positive x 22 negative analytes
T2,native,lpo:standards,all,fg_amide,F3.bg,ncm,auroc,0.5909,0.1364,1.0,0.5,,,,29,26,1000,,inner_cv(per fold),"{""{}"": 88}",0.1,4 positive x 22 negative analytes
T2,native,lpo:standards,all,fg_amide,F3.bg,ncm,auroc_spectra,0.5909,0.1364,1.0,0.5,,,,29,26,1000,,inner_cv(per fold),"{""{}"": 88}",0.1,4 positive x 22 negative analytes
T2,native,lpo:standards,all,fg_amide,F3.bg,hgb,auroc,0.7841,0.5,0.9886,0.5,,,,29,26,1000,,inner_cv(per fold),"{""{}"": 88}",12.15,4 positive x 22 negative analytes
T2,native,lpo:standards,all,fg_amide,F3.bg,hgb,auroc_spectra,0.7869,0.5113,0.9886,0.5,,,,29,26,1000,,inner_cv(per fold),"{""{}"": 88}",12.15,4 positive x 22 negative analytes
T2,native,lpo:standards,all,fg_amide,F3.bg,knn,auroc,0.9659,0.8807,1.0,0.5,0.011,1000,0.4989,29,26,1000,,inner_cv(per fold),"{""{'k': 3}"": 41, ""{'k': 1}"": 46, ""{'k': 5}"": 1}",2.07,4 positive x 22 negative analytes
T2,native,lpo:standards,all,fg_amide,F3.bg,knn,auroc_spectra,0.9517,0.8721,1.0,0.5,,,,29,26,1000,,inner_cv(per fold),"{""{'k': 3}"": 41, ""{'k': 1}"": 46, ""{'k': 5}"": 1}",2.07,4 positive x 22 negative analytes
T2,native,lpo:standards,all,fg_amide,F3.d1,majority,auroc,0.5,0.5,0.5,0.5,,,,29,26,1000,,inner_cv(per fold),"{""{}"": 88}",0.1,4 positive x 22 negative analytes
T2,native,lpo:standards,all,fg_amide,F3.d1,majority,auroc_spectra,0.5,0.5,0.5,0.5,,,,29,26,1000,,inner_cv(per fold),"{""{}"": 88}",0.1,4 positive x 22 negative analytes
T2,native,lpo:standards,all,fg_amide,F3.d1,lr,auroc,0.5682,0.2727,0.8636,0.5,,,,29,26,1000,,inner_cv(per fold),"{""{'C': 1.0}"": 12, ""{'C': 10.0}"": 42, ""{'C': 0.01}"": 27, ""{'C': 0.1}"": 7}",8.39,4 positive x 22 negative analytes
T2,native,lpo:standards,all,fg_amide,F3.d1,lr,auroc_spectra,0.5767,0.2727,0.8722,0.5,,,,29,26,1000,,inner_cv(per fold),"{""{'C': 1.0}"": 12, ""{'C': 10.0}"": 42, ""{'C': 0.01}"": 27, ""{'C': 0.1}"": 7}",8.39,4 positive x 22 negative analytes
T2,native,lpo:standards,all,fg_amide,F3.d1,pca_lr,auroc,0.7045,0.4545,0.9091,0.5,,,,29,26,1000,,inner_cv(per fold),"{""{'C': 10.0}"": 35, ""{'C': 0.01}"": 30, ""{'C': 1.0}"": 11, ""{'C': 0.1}"": 12}",5.9,4 positive x 22 negative analytes
T2,native,lpo:standards,all,fg_amide,F3.d1,pca_lr,auroc_spectra,0.7173,0.49,0.9062,0.5,,,,29,26,1000,,inner_cv(per fold),"{""{'C': 10.0}"": 35, ""{'C': 0.01}"": 30, ""{'C': 1.0}"": 11, ""{'C': 0.1}"": 12}",5.9,4 positive x 22 negative analytes
T2,native,lpo:standards,all,fg_amide,F3.d1,plsda,auroc,0.6818,0.4091,0.9091,0.5,,,,29,26,1000,,inner_cv(per fold),"{""{'n': 15}"": 16, ""{'n': 10}"": 16, ""{'n': 2}"": 37, ""{'n': 5}"": 19}",2.86,4 positive x 22 negative analytes
T2,native,lpo:standards,all,fg_amide,F3.d1,plsda,auroc_spectra,0.6932,0.4318,0.9091,0.5,,,,29,26,1000,,inner_cv(per fold),"{""{'n': 15}"": 16, ""{'n': 10}"": 16, ""{'n': 2}"": 37, ""{'n': 5}"": 19}",2.86,4 positive x 22 negative analytes
T2,native,lpo:standards,all,fg_amide,F3.d1,ncm,auroc,0.5909,0.1364,1.0,0.5,,,,29,26,1000,,inner_cv(per fold),"{""{}"": 88}",0.07,4 positive x 22 negative analytes
T2,native,lpo:standards,all,fg_amide,F3.d1,ncm,auroc_spectra,0.5909,0.1364,1.0,0.5,,,,29,26,1000,,inner_cv(per fold),"{""{}"": 88}",0.07,4 positive x 22 negative analytes
T2,native,lpo:standards,all,fg_amide,F3.d1,hgb,auroc,0.7273,0.4205,1.0,0.5,,,,29,26,1000,,inner_cv(per fold),"{""{}"": 88}",11.35,4 positive x 22 negative analytes
T2,native,lpo:standards,all,fg_amide,F3.d1,hgb,auroc_spectra,0.7244,0.4204,0.9943,0.5,,,,29,26,1000,,inner_cv(per fold),"{""{}"": 88}",11.35,4 positive x 22 negative analytes
T2,native,lpo:standards,all,fg_amide,F3.d1,knn,auroc,0.8636,0.6703,1.0,0.5,,,,29,26,1000,,inner_cv(per fold),"{""{'k': 1}"": 42, ""{'k': 5}"": 13, ""{'k': 3}"": 12, ""{'k': 10}"": 21}",1.29,4 positive x 22 negative analytes
T2,native,lpo:standards,all,fg_amide,F3.d1,knn,auroc_spectra,0.8636,0.6703,1.0,0.5,,,,29,26,1000,,inner_cv(per fold),"{""{'k': 1}"": 42, ""{'k': 5}"": 13, ""{'k': 3}"": 12, ""{'k': 10}"": 21}",1.29,4 positive x 22 negative analytes
T2,native,lpo:standards,all,fg_hydroxyl_aliphatic,F1,majority,auroc,0.5,0.5,0.5,0.5,,,,29,26,1000,,inner_cv(per fold),"{""{}"": 69}",0.06,3 positive x 23 negative analytes
T2,native,lpo:standards,all,fg_hydroxyl_aliphatic,F1,majority,auroc_spectra,0.5,0.5,0.5,0.5,,,,29,26,1000,,inner_cv(per fold),"{""{}"": 69}",0.06,3 positive x 23 negative analytes
T2,native,lpo:standards,all,fg_hydroxyl_aliphatic,F1,lr,auroc,0.3913,0.2174,0.5652,0.5,0.7672,1000,0.5093,29,26,1000,,inner_cv(per fold),"{""{'C': 10.0}"": 33, ""{'C': 0.01}"": 27, ""{'C': 0.1}"": 2, ""{'C': 1.0}"": 7}",1.35,3 positive x 23 negative analytes
T2,native,lpo:standards,all,fg_hydroxyl_aliphatic,F1,lr,auroc_spectra,0.4058,0.2282,0.5797,0.5,,,,29,26,1000,,inner_cv(per fold),"{""{'C': 10.0}"": 33, ""{'C': 0.01}"": 27, ""{'C': 0.1}"": 2, ""{'C': 1.0}"": 7}",1.35,3 positive x 23 negative analytes
T2,native,lpo:standards,all,fg_hydroxyl_aliphatic,F1,pca_lr,auroc,0.3188,0.087,0.5652,0.5,,,,29,26,1000,,inner_cv(per fold),"{""{'C': 1.0}"": 7, ""{'C': 10.0}"": 8, ""{'C': 0.01}"": 50, ""{'C': 0.1}"": 4}",1.51,3 positive x 23 negative analytes
T2,native,lpo:standards,all,fg_hydroxyl_aliphatic,F1,pca_lr,auroc_spectra,0.3116,0.0725,0.5726,0.5,,,,29,26,1000,,inner_cv(per fold),"{""{'C': 1.0}"": 7, ""{'C': 10.0}"": 8, ""{'C': 0.01}"": 50, ""{'C': 0.1}"": 4}",1.51,3 positive x 23 negative analytes
T2,native,lpo:standards,all,fg_hydroxyl_aliphatic,F1,plsda,auroc,0.4928,0.2609,0.6957,0.5,,,,29,26,1000,,inner_cv(per fold),"{""{'n': 10}"": 17, ""{'n': 15}"": 12, ""{'n': 2}"": 27, ""{'n': 5}"": 13}",0.78,3 positive x 23 negative analytes
T2,native,lpo:standards,all,fg_hydroxyl_aliphatic,F1,plsda,auroc_spectra,0.5072,0.2789,0.7138,0.5,,,,29,26,1000,,inner_cv(per fold),"{""{'n': 10}"": 17, ""{'n': 15}"": 12, ""{'n': 2}"": 27, ""{'n': 5}"": 13}",0.78,3 positive x 23 negative analytes
T2,native,lpo:standards,all,fg_hydroxyl_aliphatic,F1,ncm,auroc,0.2899,0.0576,0.5652,0.5,,,,29,26,1000,,inner_cv(per fold),"{""{}"": 69}",0.06,3 positive x 23 negative analytes
T2,native,lpo:standards,all,fg_hydroxyl_aliphatic,F1,ncm,auroc_spectra,0.2971,0.0688,0.5652,0.5,,,,29,26,1000,,inner_cv(per fold),"{""{}"": 69}",0.06,3 positive x 23 negative analytes
T2,native,lpo:standards,all,fg_hydroxyl_aliphatic,F1,hgb,auroc,0.7971,0.5652,1.0,0.5,,,,29,26,1000,,inner_cv(per fold),"{""{}"": 69}",1.62,3 positive x 23 negative analytes
T2,native,lpo:standards,all,fg_hydroxyl_aliphatic,F1,hgb,auroc_spectra,0.808,0.6087,1.0,0.5,,,,29,26,1000,,inner_cv(per fold),"{""{}"": 69}",1.62,3 positive x 23 negative analytes
T2,native,lpo:standards,all,fg_hydroxyl_aliphatic,F1,knn,auroc,0.4275,0.3406,0.5145,0.5,,,,29,26,1000,,inner_cv(per fold),"{""{'k': 10}"": 19, ""{'k': 1}"": 24, ""{'k': 5}"": 16, ""{'k': 3}"": 10}",0.69,3 positive x 23 negative analytes
T2,native,lpo:standards,all,fg_hydroxyl_aliphatic,F1,knn,auroc_spectra,0.4312,0.3477,0.5145,0.5,,,,29,26,1000,,inner_cv(per fold),"{""{'k': 10}"": 19, ""{'k': 1}"": 24, ""{'k': 5}"": 16, ""{'k': 3}"": 10}",0.69,3 positive x 23 negative analytes
T2,native,lpo:standards,all,fg_hydroxyl_aliphatic,F1pos,majority,auroc,0.5,0.5,0.5,0.5,,,,29,26,1000,,inner_cv(per fold),"{""{}"": 69}",0.06,3 positive x 23 negative analytes
T2,native,lpo:standards,all,fg_hydroxyl_aliphatic,F1pos,majority,auroc_spectra,0.5,0.5,0.5,0.5,,,,29,26,1000,,inner_cv(per fold),"{""{}"": 69}",0.06,3 positive x 23 negative analytes
T2,native,lpo:standards,all,fg_hydroxyl_aliphatic,F1pos,lr,auroc,0.5217,0.2754,0.7826,0.5,,,,29,26,1000,,inner_cv(per fold),"{""{'C': 1.0}"": 7, ""{'C': 10.0}"": 33, ""{'C': 0.1}"": 4, ""{'C': 0.01}"": 25}",1.41,3 positive x 23 negative analytes
T2,native,lpo:standards,all,fg_hydroxyl_aliphatic,F1pos,lr,auroc_spectra,0.5326,0.2861,0.7826,0.5,,,,29,26,1000,,inner_cv(per fold),"{""{'C': 1.0}"": 7, ""{'C': 10.0}"": 33, ""{'C': 0.1}"": 4, ""{'C': 0.01}"": 25}",1.41,3 positive x 23 negative analytes
T2,native,lpo:standards,all,fg_hydroxyl_aliphatic,F1pos,pca_lr,auroc,0.2029,0.0725,0.3478,0.5,,,,29,26,1000,,inner_cv(per fold),"{""{'C': 0.1}"": 11, ""{'C': 1.0}"": 4, ""{'C': 0.01}"": 50, ""{'C': 10.0}"": 4}",1.55,3 positive x 23 negative analytes
T2,native,lpo:standards,all,fg_hydroxyl_aliphatic,F1pos,pca_lr,auroc_spectra,0.2138,0.0797,0.3478,0.5,,,,29,26,1000,,inner_cv(per fold),"{""{'C': 0.1}"": 11, ""{'C': 1.0}"": 4, ""{'C': 0.01}"": 50, ""{'C': 10.0}"": 4}",1.55,3 positive x 23 negative analytes
T2,native,lpo:standards,all,fg_hydroxyl_aliphatic,F1pos,plsda,auroc,0.5797,0.3043,0.8261,0.5,,,,29,26,1000,,inner_cv(per fold),"{""{'n': 15}"": 4, ""{'n': 10}"": 21, ""{'n': 2}"": 33, ""{'n': 5}"": 11}",0.74,3 positive x 23 negative analytes
T2,native,lpo:standards,all,fg_hydroxyl_aliphatic,F1pos,plsda,auroc_spectra,0.5833,0.3152,0.8261,0.5,,,,29,26,1000,,inner_cv(per fold),"{""{'n': 15}"": 4, ""{'n': 10}"": 21, ""{'n': 2}"": 33, ""{'n': 5}"": 11}",0.74,3 positive x 23 negative analytes
T2,native,lpo:standards,all,fg_hydroxyl_aliphatic,F1pos,ncm,auroc,0.3913,0.2174,0.5942,0.5,,,,29,26,1000,,inner_cv(per fold),"{""{}"": 69}",0.06,3 positive x 23 negative analytes
T2,native,lpo:standards,all,fg_hydroxyl_aliphatic,F1pos,ncm,auroc_spectra,0.3877,0.2174,0.5833,0.5,,,,29,26,1000,,inner_cv(per fold),"{""{}"": 69}",0.06,3 positive x 23 negative analytes
T2,native,lpo:standards,all,fg_hydroxyl_aliphatic,F1pos,hgb,auroc,0.6957,0.4638,0.913,0.5,,,,29,26,1000,,inner_cv(per fold),"{""{}"": 69}",1.64,3 positive x 23 negative analytes
T2,native,lpo:standards,all,fg_hydroxyl_aliphatic,F1pos,hgb,auroc_spectra,0.6975,0.4746,0.9076,0.5,,,,29,26,1000,,inner_cv(per fold),"{""{}"": 69}",1.64,3 positive x 23 negative analytes
T2,native,lpo:standards,all,fg_hydroxyl_aliphatic,F1pos,knn,auroc,0.471,0.3768,0.587,0.5,,,,29,26,1000,,inner_cv(per fold),"{""{'k': 5}"": 12, ""{'k': 1}"": 38, ""{'k': 10}"": 8, ""{'k': 3}"": 11}",0.64,3 positive x 23 negative analytes
T2,native,lpo:standards,all,fg_hydroxyl_aliphatic,F1pos,knn,auroc_spectra,0.4837,0.3949,0.5961,0.5,,,,29,26,1000,,inner_cv(per fold),"{""{'k': 5}"": 12, ""{'k': 1}"": 38, ""{'k': 10}"": 8, ""{'k': 3}"": 11}",0.64,3 positive x 23 negative analytes
T2,native,lpo:standards,all,fg_hydroxyl_aliphatic,F2,majority,auroc,0.5,0.5,0.5,0.5,,,,29,26,1000,,inner_cv(per fold),"{""{}"": 69}",0.06,3 positive x 23 negative analytes
T2,native,lpo:standards,all,fg_hydroxyl_aliphatic,F2,majority,auroc_spectra,0.5,0.5,0.5,0.5,,,,29,26,1000,,inner_cv(per fold),"{""{}"": 69}",0.06,3 positive x 23 negative analytes
T2,native,lpo:standards,all,fg_hydroxyl_aliphatic,F2,lr,auroc,0.3623,0.1594,0.5797,0.5,,,,29,26,1000,,inner_cv(per fold),"{""{'C': 10.0}"": 8, ""{'C': 1.0}"": 2, ""{'C': 0.01}"": 49, ""{'C': 0.1}"": 10}",3.08,3 positive x 23 negative analytes
T2,native,lpo:standards,all,fg_hydroxyl_aliphatic,F2,lr,auroc_spectra,0.3804,0.1957,0.587,0.5,,,,29,26,1000,,inner_cv(per fold),"{""{'C': 10.0}"": 8, ""{'C': 1.0}"": 2, ""{'C': 0.01}"": 49, ""{'C': 0.1}"": 10}",3.08,3 positive x 23 negative analytes
T2,native,lpo:standards,all,fg_hydroxyl_aliphatic,F2,pca_lr,auroc,0.3841,0.1085,0.7246,0.5,,,,29,26,1000,,inner_cv(per fold),"{""{'C': 0.01}"": 41, ""{'C': 0.1}"": 13, ""{'C': 10.0}"": 7, ""{'C': 1.0}"": 8}",2.39,3 positive x 23 negative analytes
T2,native,lpo:standards,all,fg_hydroxyl_aliphatic,F2,pca_lr,auroc_spectra,0.3986,0.1159,0.7391,0.5,,,,29,26,1000,,inner_cv(per fold),"{""{'C': 0.01}"": 41, ""{'C': 0.1}"": 13, ""{'C': 10.0}"": 7, ""{'C': 1.0}"": 8}",2.39,3 positive x 23 negative analytes
T2,native,lpo:standards,all,fg_hydroxyl_aliphatic,F2,plsda,auroc,0.5072,0.3333,0.6667,0.5,,,,29,26,1000,,inner_cv(per fold),"{""{'n': 15}"": 11, ""{'n': 5}"": 7, ""{'n': 10}"": 18, ""{'n': 2}"": 33}",1.28,3 positive x 23 negative analytes
T2,native,lpo:standards,all,fg_hydroxyl_aliphatic,F2,plsda,auroc_spectra,0.5072,0.3369,0.6667,0.5,,,,29,26,1000,,inner_cv(per fold),"{""{'n': 15}"": 11, ""{'n': 5}"": 7, ""{'n': 10}"": 18, ""{'n': 2}"": 33}",1.28,3 positive x 23 negative analytes
T2,native,lpo:standards,all,fg_hydroxyl_aliphatic,F2,ncm,auroc,0.4783,0.1304,0.913,0.5,,,,29,26,1000,,inner_cv(per fold),"{""{}"": 69}",0.06,3 positive x 23 negative analytes
T2,native,lpo:standards,all,fg_hydroxyl_aliphatic,F2,ncm,auroc_spectra,0.4746,0.1304,0.913,0.5,,,,29,26,1000,,inner_cv(per fold),"{""{}"": 69}",0.06,3 positive x 23 negative analytes
T2,native,lpo:standards,all,fg_hydroxyl_aliphatic,F2,hgb,auroc,0.0145,0.0,0.0652,0.5,,,,29,26,1000,,inner_cv(per fold),"{""{}"": 69}",33.44,3 positive x 23 negative analytes
T2,native,lpo:standards,all,fg_hydroxyl_aliphatic,F2,hgb,auroc_spectra,0.0145,0.0,0.0652,0.5,,,,29,26,1000,,inner_cv(per fold),"{""{}"": 69}",33.44,3 positive x 23 negative analytes
T2,native,lpo:standards,all,fg_hydroxyl_aliphatic,F2,knn,auroc,0.4348,0.3404,0.5435,0.5,,,,29,26,1000,,inner_cv(per fold),"{""{'k': 1}"": 41, ""{'k': 10}"": 8, ""{'k': 5}"": 4, ""{'k': 3}"": 16}",0.75,3 positive x 23 negative analytes
T2,native,lpo:standards,all,fg_hydroxyl_aliphatic,F2,knn,auroc_spectra,0.4384,0.3406,0.5435,0.5,,,,29,26,1000,,inner_cv(per fold),"{""{'k': 1}"": 41, ""{'k': 10}"": 8, ""{'k': 5}"": 4, ""{'k': 3}"": 16}",0.75,3 positive x 23 negative analytes
T2,native,lpo:standards,all,fg_hydroxyl_aliphatic,F3,majority,auroc,0.5,0.5,0.5,0.5,,,,29,26,1000,,inner_cv(per fold),"{""{}"": 69}",0.09,3 positive x 23 negative analytes
T2,native,lpo:standards,all,fg_hydroxyl_aliphatic,F3,majority,auroc_spectra,0.5,0.5,0.5,0.5,,,,29,26,1000,,inner_cv(per fold),"{""{}"": 69}",0.09,3 positive x 23 negative analytes
T2,native,lpo:standards,all,fg_hydroxyl_aliphatic,F3,lr,auroc,0.9275,0.8261,1.0,0.5,0.032,1000,0.495,29,26,1000,,inner_cv(per fold),"{""{'C': 0.1}"": 12, ""{'C': 10.0}"": 10, ""{'C': 1.0}"": 15, ""{'C': 0.01}"": 32}",4.14,3 positive x 23 negative analytes
T2,native,lpo:standards,all,fg_hydroxyl_aliphatic,F3,lr,auroc_spectra,0.9312,0.837,1.0,0.5,,,,29,26,1000,,inner_cv(per fold),"{""{'C': 0.1}"": 12, ""{'C': 10.0}"": 10, ""{'C': 1.0}"": 15, ""{'C': 0.01}"": 32}",4.14,3 positive x 23 negative analytes
T2,native,lpo:standards,all,fg_hydroxyl_aliphatic,F3,pca_lr,auroc,0.6377,0.3768,0.8551,0.5,,,,29,26,1000,,inner_cv(per fold),"{""{'C': 10.0}"": 15, ""{'C': 1.0}"": 13, ""{'C': 0.1}"": 13, ""{'C': 0.01}"": 28}",2.59,3 positive x 23 negative analytes
T2,native,lpo:standards,all,fg_hydroxyl_aliphatic,F3,pca_lr,auroc_spectra,0.6413,0.3768,0.8551,0.5,,,,29,26,1000,,inner_cv(per fold),"{""{'C': 10.0}"": 15, ""{'C': 1.0}"": 13, ""{'C': 0.1}"": 13, ""{'C': 0.01}"": 28}",2.59,3 positive x 23 negative analytes
T2,native,lpo:standards,all,fg_hydroxyl_aliphatic,F3,plsda,auroc,0.8986,0.7681,1.0,0.5,,,,29,26,1000,,inner_cv(per fold),"{""{'n': 10}"": 18, ""{'n': 15}"": 3, ""{'n': 2}"": 35, ""{'n': 5}"": 13}",1.26,3 positive x 23 negative analytes
T2,native,lpo:standards,all,fg_hydroxyl_aliphatic,F3,plsda,auroc_spectra,0.8949,0.7681,0.9928,0.5,,,,29,26,1000,,inner_cv(per fold),"{""{'n': 10}"": 18, ""{'n': 15}"": 3, ""{'n': 2}"": 35, ""{'n': 5}"": 13}",1.26,3 positive x 23 negative analytes
T2,native,lpo:standards,all,fg_hydroxyl_aliphatic,F3,ncm,auroc,0.4638,0.1304,0.8696,0.5,,,,29,26,1000,,inner_cv(per fold),"{""{}"": 69}",0.06,3 positive x 23 negative analytes
T2,native,lpo:standards,all,fg_hydroxyl_aliphatic,F3,ncm,auroc_spectra,0.4638,0.1304,0.8696,0.5,,,,29,26,1000,,inner_cv(per fold),"{""{}"": 69}",0.06,3 positive x 23 negative analytes
T2,native,lpo:standards,all,fg_hydroxyl_aliphatic,F3,hgb,auroc,0.3116,0.1304,0.5217,0.5,,,,29,26,1000,,inner_cv(per fold),"{""{}"": 69}",55.26,3 positive x 23 negative analytes
T2,native,lpo:standards,all,fg_hydroxyl_aliphatic,F3,hgb,auroc_spectra,0.3297,0.1449,0.5327,0.5,,,,29,26,1000,,inner_cv(per fold),"{""{}"": 69}",55.26,3 positive x 23 negative analytes
T2,native,lpo:standards,all,fg_hydroxyl_aliphatic,F3,knn,auroc,0.3406,0.2174,0.4422,0.5,,,,29,26,1000,,inner_cv(per fold),"{""{'k': 10}"": 12, ""{'k': 1}"": 24, ""{'k': 5}"": 25, ""{'k': 3}"": 8}",0.7,3 positive x 23 negative analytes
T2,native,lpo:standards,all,fg_hydroxyl_aliphatic,F3,knn,auroc_spectra,0.3406,0.2174,0.4422,0.5,,,,29,26,1000,,inner_cv(per fold),"{""{'k': 10}"": 12, ""{'k': 1}"": 24, ""{'k': 5}"": 25, ""{'k': 3}"": 8}",0.7,3 positive x 23 negative analytes
T2,native,lpo:standards,all,fg_hydroxyl_aliphatic,F1.bg,majority,auroc,0.5,0.5,0.5,0.5,,,,29,26,1000,,inner_cv(per fold),"{""{}"": 69}",0.06,3 positive x 23 negative analytes
T2,native,lpo:standards,all,fg_hydroxyl_aliphatic,F1.bg,majority,auroc_spectra,0.5,0.5,0.5,0.5,,,,29,26,1000,,inner_cv(per fold),"{""{}"": 69}",0.06,3 positive x 23 negative analytes
T2,native,lpo:standards,all,fg_hydroxyl_aliphatic,F1.bg,lr,auroc,0.3913,0.2174,0.5652,0.5,,,,29,26,1000,,inner_cv(per fold),"{""{'C': 10.0}"": 33, ""{'C': 0.01}"": 27, ""{'C': 0.1}"": 2, ""{'C': 1.0}"": 7}",1.38,3 positive x 23 negative analytes
T2,native,lpo:standards,all,fg_hydroxyl_aliphatic,F1.bg,lr,auroc_spectra,0.4058,0.2282,0.5797,0.5,,,,29,26,1000,,inner_cv(per fold),"{""{'C': 10.0}"": 33, ""{'C': 0.01}"": 27, ""{'C': 0.1}"": 2, ""{'C': 1.0}"": 7}",1.38,3 positive x 23 negative analytes
T2,native,lpo:standards,all,fg_hydroxyl_aliphatic,F1.bg,pca_lr,auroc,0.3188,0.087,0.5652,0.5,,,,29,26,1000,,inner_cv(per fold),"{""{'C': 1.0}"": 7, ""{'C': 10.0}"": 8, ""{'C': 0.01}"": 50, ""{'C': 0.1}"": 4}",1.69,3 positive x 23 negative analytes
T2,native,lpo:standards,all,fg_hydroxyl_aliphatic,F1.bg,pca_lr,auroc_spectra,0.3116,0.0725,0.5726,0.5,,,,29,26,1000,,inner_cv(per fold),"{""{'C': 1.0}"": 7, ""{'C': 10.0}"": 8, ""{'C': 0.01}"": 50, ""{'C': 0.1}"": 4}",1.69,3 positive x 23 negative analytes
T2,native,lpo:standards,all,fg_hydroxyl_aliphatic,F1.bg,plsda,auroc,0.4928,0.2609,0.6957,0.5,,,,29,26,1000,,inner_cv(per fold),"{""{'n': 10}"": 17, ""{'n': 15}"": 12, ""{'n': 2}"": 27, ""{'n': 5}"": 13}",0.75,3 positive x 23 negative analytes
T2,native,lpo:standards,all,fg_hydroxyl_aliphatic,F1.bg,plsda,auroc_spectra,0.5072,0.2789,0.7138,0.5,,,,29,26,1000,,inner_cv(per fold),"{""{'n': 10}"": 17, ""{'n': 15}"": 12, ""{'n': 2}"": 27, ""{'n': 5}"": 13}",0.75,3 positive x 23 negative analytes
T2,native,lpo:standards,all,fg_hydroxyl_aliphatic,F1.bg,ncm,auroc,0.2899,0.0576,0.5652,0.5,,,,29,26,1000,,inner_cv(per fold),"{""{}"": 69}",0.06,3 positive x 23 negative analytes
T2,native,lpo:standards,all,fg_hydroxyl_aliphatic,F1.bg,ncm,auroc_spectra,0.2971,0.0688,0.5652,0.5,,,,29,26,1000,,inner_cv(per fold),"{""{}"": 69}",0.06,3 positive x 23 negative analytes
T2,native,lpo:standards,all,fg_hydroxyl_aliphatic,F1.bg,hgb,auroc,0.7971,0.5652,1.0,0.5,,,,29,26,1000,,inner_cv(per fold),"{""{}"": 69}",1.67,3 positive x 23 negative analytes
T2,native,lpo:standards,all,fg_hydroxyl_aliphatic,F1.bg,hgb,auroc_spectra,0.808,0.6087,1.0,0.5,,,,29,26,1000,,inner_cv(per fold),"{""{}"": 69}",1.67,3 positive x 23 negative analytes
T2,native,lpo:standards,all,fg_hydroxyl_aliphatic,F1.bg,knn,auroc,0.4348,0.3043,0.5726,0.5,,,,29,26,1000,,inner_cv(per fold),"{""{'k': 1}"": 34, ""{'k': 10}"": 14, ""{'k': 5}"": 21}",0.61,3 positive x 23 negative analytes
T2,native,lpo:standards,all,fg_hydroxyl_aliphatic,F1.bg,knn,auroc_spectra,0.4402,0.3241,0.5762,0.5,,,,29,26,1000,,inner_cv(per fold),"{""{'k': 1}"": 34, ""{'k': 10}"": 14, ""{'k': 5}"": 21}",0.61,3 positive x 23 negative analytes
T2,native,lpo:standards,all,fg_hydroxyl_aliphatic,F3.bg,majority,auroc,0.5,0.5,0.5,0.5,,,,29,26,1000,,inner_cv(per fold),"{""{}"": 69}",0.06,3 positive x 23 negative analytes
T2,native,lpo:standards,all,fg_hydroxyl_aliphatic,F3.bg,majority,auroc_spectra,0.5,0.5,0.5,0.5,,,,29,26,1000,,inner_cv(per fold),"{""{}"": 69}",0.06,3 positive x 23 negative analytes
T2,native,lpo:standards,all,fg_hydroxyl_aliphatic,F3.bg,lr,auroc,0.9275,0.8261,1.0,0.5,,,,29,26,1000,,inner_cv(per fold),"{""{'C': 0.1}"": 12, ""{'C': 10.0}"": 10, ""{'C': 1.0}"": 15, ""{'C': 0.01}"": 32}",2.9,3 positive x 23 negative analytes
T2,native,lpo:standards,all,fg_hydroxyl_aliphatic,F3.bg,lr,auroc_spectra,0.9312,0.837,1.0,0.5,,,,29,26,1000,,inner_cv(per fold),"{""{'C': 0.1}"": 12, ""{'C': 10.0}"": 10, ""{'C': 1.0}"": 15, ""{'C': 0.01}"": 32}",2.9,3 positive x 23 negative analytes
T2,native,lpo:standards,all,fg_hydroxyl_aliphatic,F3.bg,pca_lr,auroc,0.6377,0.3768,0.8551,0.5,,,,29,26,1000,,inner_cv(per fold),"{""{'C': 10.0}"": 15, ""{'C': 1.0}"": 13, ""{'C': 0.1}"": 13, ""{'C': 0.01}"": 28}",2.5,3 positive x 23 negative analytes
T2,native,lpo:standards,all,fg_hydroxyl_aliphatic,F3.bg,pca_lr,auroc_spectra,0.6413,0.3768,0.8551,0.5,,,,29,26,1000,,inner_cv(per fold),"{""{'C': 10.0}"": 15, ""{'C': 1.0}"": 13, ""{'C': 0.1}"": 13, ""{'C': 0.01}"": 28}",2.5,3 positive x 23 negative analytes
T2,native,lpo:standards,all,fg_hydroxyl_aliphatic,F3.bg,plsda,auroc,0.8986,0.7681,1.0,0.5,,,,29,26,1000,,inner_cv(per fold),"{""{'n': 10}"": 18, ""{'n': 15}"": 3, ""{'n': 2}"": 35, ""{'n': 5}"": 13}",1.29,3 positive x 23 negative analytes
T2,native,lpo:standards,all,fg_hydroxyl_aliphatic,F3.bg,plsda,auroc_spectra,0.8949,0.7681,0.9928,0.5,,,,29,26,1000,,inner_cv(per fold),"{""{'n': 10}"": 18, ""{'n': 15}"": 3, ""{'n': 2}"": 35, ""{'n': 5}"": 13}",1.29,3 positive x 23 negative analytes
T2,native,lpo:standards,all,fg_hydroxyl_aliphatic,F3.bg,ncm,auroc,0.4638,0.1304,0.8696,0.5,,,,29,26,1000,,inner_cv(per fold),"{""{}"": 69}",0.06,3 positive x 23 negative analytes
T2,native,lpo:standards,all,fg_hydroxyl_aliphatic,F3.bg,ncm,auroc_spectra,0.4638,0.1304,0.8696,0.5,,,,29,26,1000,,inner_cv(per fold),"{""{}"": 69}",0.06,3 positive x 23 negative analytes
T2,native,lpo:standards,all,fg_hydroxyl_aliphatic,F3.bg,hgb,auroc,0.3116,0.1304,0.5217,0.5,,,,29,26,1000,,inner_cv(per fold),"{""{}"": 69}",7.59,3 positive x 23 negative analytes
T2,native,lpo:standards,all,fg_hydroxyl_aliphatic,F3.bg,hgb,auroc_spectra,0.3297,0.1449,0.5327,0.5,,,,29,26,1000,,inner_cv(per fold),"{""{}"": 69}",7.59,3 positive x 23 negative analytes
T2,native,lpo:standards,all,fg_hydroxyl_aliphatic,F3.bg,knn,auroc,0.4928,0.3986,0.6304,0.5,,,,29,26,1000,,inner_cv(per fold),"{""{'k': 1}"": 42, ""{'k': 10}"": 1, ""{'k': 5}"": 15, ""{'k': 3}"": 11}",0.98,3 positive x 23 negative analytes
T2,native,lpo:standards,all,fg_hydroxyl_aliphatic,F3.bg,knn,auroc_spectra,0.4928,0.3986,0.6304,0.5,,,,29,26,1000,,inner_cv(per fold),"{""{'k': 1}"": 42, ""{'k': 10}"": 1, ""{'k': 5}"": 15, ""{'k': 3}"": 11}",0.98,3 positive x 23 negative analytes
T2,native,lpo:standards,all,fg_hydroxyl_aliphatic,F3.d1,majority,auroc,0.5,0.5,0.5,0.5,,,,29,26,1000,,inner_cv(per fold),"{""{}"": 69}",0.06,3 positive x 23 negative analytes
T2,native,lpo:standards,all,fg_hydroxyl_aliphatic,F3.d1,majority,auroc_spectra,0.5,0.5,0.5,0.5,,,,29,26,1000,,inner_cv(per fold),"{""{}"": 69}",0.06,3 positive x 23 negative analytes
T2,native,lpo:standards,all,fg_hydroxyl_aliphatic,F3.d1,lr,auroc,0.8551,0.6373,1.0,0.5,,,,29,26,1000,,inner_cv(per fold),"{""{'C': 0.01}"": 48, ""{'C': 1.0}"": 3, ""{'C': 10.0}"": 6, ""{'C': 0.1}"": 12}",2.82,3 positive x 23 negative analytes
T2,native,lpo:standards,all,fg_hydroxyl_aliphatic,F3.d1,lr,auroc_spectra,0.8587,0.6486,1.0,0.5,,,,29,26,1000,,inner_cv(per fold),"{""{'C': 0.01}"": 48, ""{'C': 1.0}"": 3, ""{'C': 10.0}"": 6, ""{'C': 0.1}"": 12}",2.82,3 positive x 23 negative analytes
T2,native,lpo:standards,all,fg_hydroxyl_aliphatic,F3.d1,pca_lr,auroc,0.7101,0.4493,0.9565,0.5,,,,29,26,1000,,inner_cv(per fold),"{""{'C': 0.1}"": 10, ""{'C': 0.01}"": 42, ""{'C': 1.0}"": 8, ""{'C': 10.0}"": 9}",3.49,3 positive x 23 negative analytes
T2,native,lpo:standards,all,fg_hydroxyl_aliphatic,F3.d1,pca_lr,auroc_spectra,0.6993,0.4348,0.9385,0.5,,,,29,26,1000,,inner_cv(per fold),"{""{'C': 0.1}"": 10, ""{'C': 0.01}"": 42, ""{'C': 1.0}"": 8, ""{'C': 10.0}"": 9}",3.49,3 positive x 23 negative analytes
T2,native,lpo:standards,all,fg_hydroxyl_aliphatic,F3.d1,plsda,auroc,0.8116,0.6087,0.9569,0.5,,,,29,26,1000,,inner_cv(per fold),"{""{'n': 5}"": 13, ""{'n': 10}"": 8, ""{'n': 2}"": 46, ""{'n': 15}"": 2}",1.18,3 positive x 23 negative analytes
T2,native,lpo:standards,all,fg_hydroxyl_aliphatic,F3.d1,plsda,auroc_spectra,0.8152,0.6087,0.9674,0.5,,,,29,26,1000,,inner_cv(per fold),"{""{'n': 5}"": 13, ""{'n': 10}"": 8, ""{'n': 2}"": 46, ""{'n': 15}"": 2}",1.18,3 positive x 23 negative analytes
T2,native,lpo:standards,all,fg_hydroxyl_aliphatic,F3.d1,ncm,auroc,0.7681,0.5362,0.9565,0.5,,,,29,26,1000,,inner_cv(per fold),"{""{}"": 69}",0.06,3 positive x 23 negative analytes
T2,native,lpo:standards,all,fg_hydroxyl_aliphatic,F3.d1,ncm,auroc_spectra,0.7681,0.5362,0.9565,0.5,,,,29,26,1000,,inner_cv(per fold),"{""{}"": 69}",0.06,3 positive x 23 negative analytes
T2,native,lpo:standards,all,fg_hydroxyl_aliphatic,F3.d1,hgb,auroc,0.2899,0.0435,0.6087,0.5,,,,29,26,1000,,inner_cv(per fold),"{""{}"": 69}",8.21,3 positive x 23 negative analytes
T2,native,lpo:standards,all,fg_hydroxyl_aliphatic,F3.d1,hgb,auroc_spectra,0.2971,0.0435,0.6091,0.5,,,,29,26,1000,,inner_cv(per fold),"{""{}"": 69}",8.21,3 positive x 23 negative analytes
T2,native,lpo:standards,all,fg_hydroxyl_aliphatic,F3.d1,knn,auroc,0.6812,0.4565,0.913,0.5,,,,29,26,1000,,inner_cv(per fold),"{""{'k': 10}"": 12, ""{'k': 1}"": 28, ""{'k': 3}"": 25, ""{'k': 5}"": 4}",0.69,3 positive x 23 negative analytes
T2,native,lpo:standards,all,fg_hydroxyl_aliphatic,F3.d1,knn,auroc_spectra,0.6812,0.4674,0.913,0.5,,,,29,26,1000,,inner_cv(per fold),"{""{'k': 10}"": 12, ""{'k': 1}"": 28, ""{'k': 3}"": 25, ""{'k': 5}"": 4}",0.69,3 positive x 23 negative analytes
T2,native,lpo:standards,all,fg_aromatic_ring,F1,majority,auroc,0.5,0.5,0.5,0.5,,,,29,26,1000,,inner_cv(per fold),"{""{}"": 160}",0.08,10 positive x 16 negative analytes
T2,native,lpo:standards,all,fg_aromatic_ring,F1,majority,auroc_spectra,0.5,0.5,0.5,0.5,,,,29,26,1000,,inner_cv(per fold),"{""{}"": 160}",0.08,10 positive x 16 negative analytes
T2,native,lpo:standards,all,fg_aromatic_ring,F1,lr,auroc,0.7312,0.4936,0.9375,0.5,0.1079,1000,0.4956,29,26,1000,,inner_cv(per fold),"{""{'C': 0.01}"": 140, ""{'C': 10.0}"": 9, ""{'C': 0.1}"": 6, ""{'C': 1.0}"": 5}",4.99,10 positive x 16 negative analytes
T2,native,lpo:standards,all,fg_aromatic_ring,F1,lr,auroc_spectra,0.7359,0.4938,0.9376,0.5,,,,29,26,1000,,inner_cv(per fold),"{""{'C': 0.01}"": 140, ""{'C': 10.0}"": 9, ""{'C': 0.1}"": 6, ""{'C': 1.0}"": 5}",4.99,10 positive x 16 negative analytes
T2,native,lpo:standards,all,fg_aromatic_ring,F1,pca_lr,auroc,0.8125,0.5936,0.9812,0.5,,,,29,26,1000,,inner_cv(per fold),"{""{'C': 0.01}"": 144, ""{'C': 0.1}"": 9, ""{'C': 1.0}"": 3, ""{'C': 10.0}"": 4}",5.84,10 positive x 16 negative analytes
T2,native,lpo:standards,all,fg_aromatic_ring,F1,pca_lr,auroc_spectra,0.8094,0.5936,0.975,0.5,,,,29,26,1000,,inner_cv(per fold),"{""{'C': 0.01}"": 144, ""{'C': 0.1}"": 9, ""{'C': 1.0}"": 3, ""{'C': 10.0}"": 4}",5.84,10 positive x 16 negative analytes
T2,native,lpo:standards,all,fg_aromatic_ring,F1,plsda,auroc,0.6562,0.4062,0.8814,0.5,,,,29,26,1000,,inner_cv(per fold),"{""{'n': 2}"": 73, ""{'n': 5}"": 14, ""{'n': 15}"": 46, ""{'n': 10}"": 27}",2.93,10 positive x 16 negative analytes
T2,native,lpo:standards,all,fg_aromatic_ring,F1,plsda,auroc_spectra,0.6594,0.4062,0.8876,0.5,,,,29,26,1000,,inner_cv(per fold),"{""{'n': 2}"": 73, ""{'n': 5}"": 14, ""{'n': 15}"": 46, ""{'n': 10}"": 27}",2.93,10 positive x 16 negative analytes
T2,native,lpo:standards,all,fg_aromatic_ring,F1,ncm,auroc,0.9437,0.8438,1.0,0.5,0.001,1000,0.5092,29,26,1000,,inner_cv(per fold),"{""{}"": 160}",0.08,10 positive x 16 negative analytes
T2,native,lpo:standards,all,fg_aromatic_ring,F1,ncm,auroc_spectra,0.9469,0.85,1.0,0.5,,,,29,26,1000,,inner_cv(per fold),"{""{}"": 160}",0.08,10 positive x 16 negative analytes
T2,native,lpo:standards,all,fg_aromatic_ring,F1,hgb,auroc,0.9094,0.7843,1.0,0.5,,,,29,26,1000,,inner_cv(per fold),"{""{}"": 160}",4.21,10 positive x 16 negative analytes
T2,native,lpo:standards,all,fg_aromatic_ring,F1,hgb,auroc_spectra,0.9078,0.7812,1.0,0.5,,,,29,26,1000,,inner_cv(per fold),"{""{}"": 160}",4.21,10 positive x 16 negative analytes
T2,native,lpo:standards,all,fg_aromatic_ring,F1,knn,auroc,0.8094,0.6343,0.95,0.5,,,,29,26,1000,,inner_cv(per fold),"{""{'k': 3}"": 29, ""{'k': 10}"": 106, ""{'k': 5}"": 24, ""{'k': 1}"": 1}",3.31,10 positive x 16 negative analytes
T2,native,lpo:standards,all,fg_aromatic_ring,F1,knn,auroc_spectra,0.8047,0.6281,0.9461,0.5,,,,29,26,1000,,inner_cv(per fold),"{""{'k': 3}"": 29, ""{'k': 10}"": 106, ""{'k': 5}"": 24, ""{'k': 1}"": 1}",3.31,10 positive x 16 negative analytes
T2,native,lpo:standards,all,fg_aromatic_ring,F1pos,majority,auroc,0.5,0.5,0.5,0.5,,,,29,26,1000,,inner_cv(per fold),"{""{}"": 160}",0.08,10 positive x 16 negative analytes
T2,native,lpo:standards,all,fg_aromatic_ring,F1pos,majority,auroc_spectra,0.5,0.5,0.5,0.5,,,,29,26,1000,,inner_cv(per fold),"{""{}"": 160}",0.08,10 positive x 16 negative analytes
T2,native,lpo:standards,all,fg_aromatic_ring,F1pos,lr,auroc,0.7812,0.5186,0.9875,0.5,,,,29,26,1000,,inner_cv(per fold),"{""{'C': 0.01}"": 156, ""{'C': 10.0}"": 4}",5.19,10 positive x 16 negative analytes
T2,native,lpo:standards,all,fg_aromatic_ring,F1pos,lr,auroc_spectra,0.7781,0.5155,0.9813,0.5,,,,29,26,1000,,inner_cv(per fold),"{""{'C': 0.01}"": 156, ""{'C': 10.0}"": 4}",5.19,10 positive x 16 negative analytes
T2,native,lpo:standards,all,fg_aromatic_ring,F1pos,pca_lr,auroc,0.7937,0.5498,0.9875,0.5,,,,29,26,1000,,inner_cv(per fold),"{""{'C': 0.01}"": 159, ""{'C': 0.1}"": 1}",5.37,10 positive x 16 negative analytes
T2,native,lpo:standards,all,fg_aromatic_ring,F1pos,pca_lr,auroc_spectra,0.7906,0.5498,0.9813,0.5,,,,29,26,1000,,inner_cv(per fold),"{""{'C': 0.01}"": 159, ""{'C': 0.1}"": 1}",5.37,10 positive x 16 negative analytes
T2,native,lpo:standards,all,fg_aromatic_ring,F1pos,plsda,auroc,0.7,0.4436,0.9189,0.5,,,,29,26,1000,,inner_cv(per fold),"{""{'n': 2}"": 109, ""{'n': 15}"": 15, ""{'n': 5}"": 13, ""{'n': 10}"": 23}",2.7,10 positive x 16 negative analytes
T2,native,lpo:standards,all,fg_aromatic_ring,F1pos,plsda,auroc_spectra,0.6984,0.4405,0.9173,0.5,,,,29,26,1000,,inner_cv(per fold),"{""{'n': 2}"": 109, ""{'n': 15}"": 15, ""{'n': 5}"": 13, ""{'n': 10}"": 23}",2.7,10 positive x 16 negative analytes
T2,native,lpo:standards,all,fg_aromatic_ring,F1pos,ncm,auroc,0.9,0.7562,0.9875,0.5,,,,29,26,1000,,inner_cv(per fold),"{""{}"": 160}",0.08,10 positive x 16 negative analytes
T2,native,lpo:standards,all,fg_aromatic_ring,F1pos,ncm,auroc_spectra,0.9062,0.775,0.9875,0.5,,,,29,26,1000,,inner_cv(per fold),"{""{}"": 160}",0.08,10 positive x 16 negative analytes
T2,native,lpo:standards,all,fg_aromatic_ring,F1pos,hgb,auroc,0.8063,0.5938,1.0,0.5,,,,29,26,1000,,inner_cv(per fold),"{""{}"": 160}",4.45,10 positive x 16 negative analytes
T2,native,lpo:standards,all,fg_aromatic_ring,F1pos,hgb,auroc_spectra,0.8063,0.5938,1.0,0.5,,,,29,26,1000,,inner_cv(per fold),"{""{}"": 160}",4.45,10 positive x 16 negative analytes
T2,native,lpo:standards,all,fg_aromatic_ring,F1pos,knn,auroc,0.8438,0.6625,0.9875,0.5,,,,29,26,1000,,inner_cv(per fold),"{""{'k': 10}"": 135, ""{'k': 5}"": 20, ""{'k': 3}"": 5}",3.29,10 positive x 16 negative analytes
T2,native,lpo:standards,all,fg_aromatic_ring,F1pos,knn,auroc_spectra,0.8258,0.6452,0.9735,0.5,,,,29,26,1000,,inner_cv(per fold),"{""{'k': 10}"": 135, ""{'k': 5}"": 20, ""{'k': 3}"": 5}",3.29,10 positive x 16 negative analytes
T2,native,lpo:standards,all,fg_aromatic_ring,F2,majority,auroc,0.5,0.5,0.5,0.5,,,,29,26,1000,,inner_cv(per fold),"{""{}"": 160}",0.09,10 positive x 16 negative analytes
T2,native,lpo:standards,all,fg_aromatic_ring,F2,majority,auroc_spectra,0.5,0.5,0.5,0.5,,,,29,26,1000,,inner_cv(per fold),"{""{}"": 160}",0.09,10 positive x 16 negative analytes
T2,native,lpo:standards,all,fg_aromatic_ring,F2,lr,auroc,0.8063,0.625,0.9563,0.5,,,,29,26,1000,,inner_cv(per fold),"{""{'C': 0.01}"": 130, ""{'C': 10.0}"": 13, ""{'C': 1.0}"": 3, ""{'C': 0.1}"": 14}",9.94,10 positive x 16 negative analytes
T2,native,lpo:standards,all,fg_aromatic_ring,F2,lr,auroc_spectra,0.8109,0.6343,0.9625,0.5,,,,29,26,1000,,inner_cv(per fold),"{""{'C': 0.01}"": 130, ""{'C': 10.0}"": 13, ""{'C': 1.0}"": 3, ""{'C': 0.1}"": 14}",9.94,10 positive x 16 negative analytes
T2,native,lpo:standards,all,fg_aromatic_ring,F2,pca_lr,auroc,0.8875,0.7375,0.9812,0.5,,,,29,26,1000,,inner_cv(per fold),"{""{'C': 0.01}"": 58, ""{'C': 0.1}"": 49, ""{'C': 1.0}"": 48, ""{'C': 10.0}"": 5}",8.84,10 positive x 16 negative analytes
T2,native,lpo:standards,all,fg_aromatic_ring,F2,pca_lr,auroc_spectra,0.8875,0.7375,0.9812,0.5,,,,29,26,1000,,inner_cv(per fold),"{""{'C': 0.01}"": 58, ""{'C': 0.1}"": 49, ""{'C': 1.0}"": 48, ""{'C': 10.0}"": 5}",8.84,10 positive x 16 negative analytes
T2,native,lpo:standards,all,fg_aromatic_ring,F2,plsda,auroc,0.8938,0.75,0.9812,0.5,,,,29,26,1000,,inner_cv(per fold),"{""{'n': 2}"": 154, ""{'n': 15}"": 5, ""{'n': 10}"": 1}",4.41,10 positive x 16 negative analytes
T2,native,lpo:standards,all,fg_aromatic_ring,F2,plsda,auroc_spectra,0.8969,0.75,0.9813,0.5,,,,29,26,1000,,inner_cv(per fold),"{""{'n': 2}"": 154, ""{'n': 15}"": 5, ""{'n': 10}"": 1}",4.41,10 positive x 16 negative analytes
T2,native,lpo:standards,all,fg_aromatic_ring,F2,ncm,auroc,0.9375,0.825,1.0,0.5,,,,29,26,1000,,inner_cv(per fold),"{""{}"": 160}",0.08,10 positive x 16 negative analytes
T2,native,lpo:standards,all,fg_aromatic_ring,F2,ncm,auroc_spectra,0.9375,0.825,1.0,0.5,,,,29,26,1000,,inner_cv(per fold),"{""{}"": 160}",0.08,10 positive x 16 negative analytes
T2,native,lpo:standards,all,fg_aromatic_ring,F2,hgb,auroc,0.85,0.6873,0.9625,0.5,,,,29,26,1000,,inner_cv(per fold),"{""{}"": 160}",26.43,10 positive x 16 negative analytes
T2,native,lpo:standards,all,fg_aromatic_ring,F2,hgb,auroc_spectra,0.85,0.6873,0.9625,0.5,,,,29,26,1000,,inner_cv(per fold),"{""{}"": 160}",26.43,10 positive x 16 negative analytes
T2,native,lpo:standards,all,fg_aromatic_ring,F2,knn,auroc,0.8594,0.6937,0.9812,0.5,,,,29,26,1000,,inner_cv(per fold),"{""{'k': 5}"": 35, ""{'k': 3}"": 7, ""{'k': 10}"": 118}",2.32,10 positive x 16 negative analytes
T2,native,lpo:standards,all,fg_aromatic_ring,F2,knn,auroc_spectra,0.8617,0.6998,0.9813,0.5,,,,29,26,1000,,inner_cv(per fold),"{""{'k': 5}"": 35, ""{'k': 3}"": 7, ""{'k': 10}"": 118}",2.32,10 positive x 16 negative analytes
T2,native,lpo:standards,all,fg_aromatic_ring,F3,majority,auroc,0.5,0.5,0.5,0.5,,,,29,26,1000,,inner_cv(per fold),"{""{}"": 160}",0.13,10 positive x 16 negative analytes
T2,native,lpo:standards,all,fg_aromatic_ring,F3,majority,auroc_spectra,0.5,0.5,0.5,0.5,,,,29,26,1000,,inner_cv(per fold),"{""{}"": 160}",0.13,10 positive x 16 negative analytes
T2,native,lpo:standards,all,fg_aromatic_ring,F3,lr,auroc,0.8125,0.6438,0.9437,0.5,,,,29,26,1000,,inner_cv(per fold),"{""{'C': 10.0}"": 11, ""{'C': 0.01}"": 136, ""{'C': 0.1}"": 6, ""{'C': 1.0}"": 7}",13.35,10 positive x 16 negative analytes
T2,native,lpo:standards,all,fg_aromatic_ring,F3,lr,auroc_spectra,0.7719,0.6031,0.925,0.5,,,,29,26,1000,,inner_cv(per fold),"{""{'C': 10.0}"": 11, ""{'C': 0.01}"": 136, ""{'C': 0.1}"": 6, ""{'C': 1.0}"": 7}",13.35,10 positive x 16 negative analytes
T2,native,lpo:standards,all,fg_aromatic_ring,F3,pca_lr,auroc,0.8,0.6062,0.9439,0.5,,,,29,26,1000,,inner_cv(per fold),"{""{'C': 0.01}"": 102, ""{'C': 0.1}"": 22, ""{'C': 1.0}"": 24, ""{'C': 10.0}"": 12}",9.99,10 positive x 16 negative analytes
T2,native,lpo:standards,all,fg_aromatic_ring,F3,pca_lr,auroc_spectra,0.7734,0.5765,0.925,0.5,,,,29,26,1000,,inner_cv(per fold),"{""{'C': 0.01}"": 102, ""{'C': 0.1}"": 22, ""{'C': 1.0}"": 24, ""{'C': 10.0}"": 12}",9.99,10 positive x 16 negative analytes
T2,native,lpo:standards,all,fg_aromatic_ring,F3,plsda,auroc,0.8625,0.7,0.9688,0.5,,,,29,26,1000,,inner_cv(per fold),"{""{'n': 15}"": 3, ""{'n': 2}"": 147, ""{'n': 10}"": 1, ""{'n': 5}"": 9}",5.01,10 positive x 16 negative analytes
T2,native,lpo:standards,all,fg_aromatic_ring,F3,plsda,auroc_spectra,0.8344,0.6687,0.9563,0.5,,,,29,26,1000,,inner_cv(per fold),"{""{'n': 15}"": 3, ""{'n': 2}"": 147, ""{'n': 10}"": 1, ""{'n': 5}"": 9}",5.01,10 positive x 16 negative analytes
T2,native,lpo:standards,all,fg_aromatic_ring,F3,ncm,auroc,0.925,0.8063,0.9939,0.5,,,,29,26,1000,,inner_cv(per fold),"{""{}"": 160}",0.08,10 positive x 16 negative analytes
T2,native,lpo:standards,all,fg_aromatic_ring,F3,ncm,auroc_spectra,0.925,0.8063,0.9939,0.5,,,,29,26,1000,,inner_cv(per fold),"{""{}"": 160}",0.08,10 positive x 16 negative analytes
T2,native,lpo:standards,all,fg_aromatic_ring,F3,hgb,auroc,0.7688,0.5561,0.925,0.5,,,,29,26,1000,,inner_cv(per fold),"{""{}"": 160}",26.55,10 positive x 16 negative analytes
T2,native,lpo:standards,all,fg_aromatic_ring,F3,hgb,auroc_spectra,0.7766,0.5656,0.9313,0.5,,,,29,26,1000,,inner_cv(per fold),"{""{}"": 160}",26.55,10 positive x 16 negative analytes
T2,native,lpo:standards,all,fg_aromatic_ring,F3,knn,auroc,0.8281,0.6312,0.9812,0.5,,,,29,26,1000,,inner_cv(per fold),"{""{'k': 10}"": 129, ""{'k': 3}"": 2, ""{'k': 5}"": 28, ""{'k': 1}"": 1}",2.2,10 positive x 16 negative analytes
T2,native,lpo:standards,all,fg_aromatic_ring,F3,knn,auroc_spectra,0.8266,0.6312,0.9751,0.5,,,,29,26,1000,,inner_cv(per fold),"{""{'k': 10}"": 129, ""{'k': 3}"": 2, ""{'k': 5}"": 28, ""{'k': 1}"": 1}",2.2,10 positive x 16 negative analytes
T2,native,lpo:standards,all,fg_aromatic_ring,F1.bg,majority,auroc,0.5,0.5,0.5,0.5,,,,29,26,1000,,inner_cv(per fold),"{""{}"": 160}",0.08,10 positive x 16 negative analytes
T2,native,lpo:standards,all,fg_aromatic_ring,F1.bg,majority,auroc_spectra,0.5,0.5,0.5,0.5,,,,29,26,1000,,inner_cv(per fold),"{""{}"": 160}",0.08,10 positive x 16 negative analytes
T2,native,lpo:standards,all,fg_aromatic_ring,F1.bg,lr,auroc,0.7312,0.4936,0.9375,0.5,,,,29,26,1000,,inner_cv(per fold),"{""{'C': 0.01}"": 140, ""{'C': 10.0}"": 9, ""{'C': 0.1}"": 6, ""{'C': 1.0}"": 5}",4.27,10 positive x 16 negative analytes
T2,native,lpo:standards,all,fg_aromatic_ring,F1.bg,lr,auroc_spectra,0.7359,0.4938,0.9376,0.5,,,,29,26,1000,,inner_cv(per fold),"{""{'C': 0.01}"": 140, ""{'C': 10.0}"": 9, ""{'C': 0.1}"": 6, ""{'C': 1.0}"": 5}",4.27,10 positive x 16 negative analytes
T2,native,lpo:standards,all,fg_aromatic_ring,F1.bg,pca_lr,auroc,0.8125,0.5936,0.9812,0.5,,,,29,26,1000,,inner_cv(per fold),"{""{'C': 0.01}"": 144, ""{'C': 0.1}"": 9, ""{'C': 1.0}"": 3, ""{'C': 10.0}"": 4}",5.2,10 positive x 16 negative analytes
T2,native,lpo:standards,all,fg_aromatic_ring,F1.bg,pca_lr,auroc_spectra,0.8094,0.5936,0.975,0.5,,,,29,26,1000,,inner_cv(per fold),"{""{'C': 0.01}"": 144, ""{'C': 0.1}"": 9, ""{'C': 1.0}"": 3, ""{'C': 10.0}"": 4}",5.2,10 positive x 16 negative analytes
T2,native,lpo:standards,all,fg_aromatic_ring,F1.bg,plsda,auroc,0.6562,0.4062,0.8814,0.5,,,,29,26,1000,,inner_cv(per fold),"{""{'n': 2}"": 73, ""{'n': 5}"": 14, ""{'n': 15}"": 46, ""{'n': 10}"": 27}",2.57,10 positive x 16 negative analytes
T2,native,lpo:standards,all,fg_aromatic_ring,F1.bg,plsda,auroc_spectra,0.6594,0.4062,0.8876,0.5,,,,29,26,1000,,inner_cv(per fold),"{""{'n': 2}"": 73, ""{'n': 5}"": 14, ""{'n': 15}"": 46, ""{'n': 10}"": 27}",2.57,10 positive x 16 negative analytes
T2,native,lpo:standards,all,fg_aromatic_ring,F1.bg,ncm,auroc,0.9437,0.8438,1.0,0.5,,,,29,26,1000,,inner_cv(per fold),"{""{}"": 160}",0.08,10 positive x 16 negative analytes
T2,native,lpo:standards,all,fg_aromatic_ring,F1.bg,ncm,auroc_spectra,0.9469,0.85,1.0,0.5,,,,29,26,1000,,inner_cv(per fold),"{""{}"": 160}",0.08,10 positive x 16 negative analytes
T2,native,lpo:standards,all,fg_aromatic_ring,F1.bg,hgb,auroc,0.9094,0.7843,1.0,0.5,,,,29,26,1000,,inner_cv(per fold),"{""{}"": 160}",4.28,10 positive x 16 negative analytes
T2,native,lpo:standards,all,fg_aromatic_ring,F1.bg,hgb,auroc_spectra,0.9078,0.7812,1.0,0.5,,,,29,26,1000,,inner_cv(per fold),"{""{}"": 160}",4.28,10 positive x 16 negative analytes
T2,native,lpo:standards,all,fg_aromatic_ring,F1.bg,knn,auroc,0.8562,0.6844,0.9938,0.5,,,,29,26,1000,,inner_cv(per fold),"{""{'k': 10}"": 114, ""{'k': 5}"": 6, ""{'k': 3}"": 39, ""{'k': 1}"": 1}",2.17,10 positive x 16 negative analytes
T2,native,lpo:standards,all,fg_aromatic_ring,F1.bg,knn,auroc_spectra,0.8562,0.6844,0.9938,0.5,,,,29,26,1000,,inner_cv(per fold),"{""{'k': 10}"": 114, ""{'k': 5}"": 6, ""{'k': 3}"": 39, ""{'k': 1}"": 1}",2.17,10 positive x 16 negative analytes
T2,native,lpo:standards,all,fg_aromatic_ring,F3.bg,majority,auroc,0.5,0.5,0.5,0.5,,,,29,26,1000,,inner_cv(per fold),"{""{}"": 160}",0.08,10 positive x 16 negative analytes
T2,native,lpo:standards,all,fg_aromatic_ring,F3.bg,majority,auroc_spectra,0.5,0.5,0.5,0.5,,,,29,26,1000,,inner_cv(per fold),"{""{}"": 160}",0.08,10 positive x 16 negative analytes
T2,native,lpo:standards,all,fg_aromatic_ring,F3.bg,lr,auroc,0.8125,0.6438,0.9437,0.5,,,,29,26,1000,,inner_cv(per fold),"{""{'C': 10.0}"": 11, ""{'C': 0.01}"": 136, ""{'C': 0.1}"": 6, ""{'C': 1.0}"": 7}",8.14,10 positive x 16 negative analytes
T2,native,lpo:standards,all,fg_aromatic_ring,F3.bg,lr,auroc_spectra,0.7719,0.6031,0.925,0.5,,,,29,26,1000,,inner_cv(per fold),"{""{'C': 10.0}"": 11, ""{'C': 0.01}"": 136, ""{'C': 0.1}"": 6, ""{'C': 1.0}"": 7}",8.14,10 positive x 16 negative analytes
T2,native,lpo:standards,all,fg_aromatic_ring,F3.bg,pca_lr,auroc,0.8,0.6062,0.9439,0.5,,,,29,26,1000,,inner_cv(per fold),"{""{'C': 0.01}"": 102, ""{'C': 0.1}"": 22, ""{'C': 1.0}"": 24, ""{'C': 10.0}"": 12}",9.4,10 positive x 16 negative analytes
T2,native,lpo:standards,all,fg_aromatic_ring,F3.bg,pca_lr,auroc_spectra,0.7734,0.5765,0.925,0.5,,,,29,26,1000,,inner_cv(per fold),"{""{'C': 0.01}"": 102, ""{'C': 0.1}"": 22, ""{'C': 1.0}"": 24, ""{'C': 10.0}"": 12}",9.4,10 positive x 16 negative analytes
T2,native,lpo:standards,all,fg_aromatic_ring,F3.bg,plsda,auroc,0.8625,0.7,0.9688,0.5,,,,29,26,1000,,inner_cv(per fold),"{""{'n': 15}"": 3, ""{'n': 2}"": 147, ""{'n': 10}"": 1, ""{'n': 5}"": 9}",4.37,10 positive x 16 negative analytes
T2,native,lpo:standards,all,fg_aromatic_ring,F3.bg,plsda,auroc_spectra,0.8344,0.6687,0.9563,0.5,,,,29,26,1000,,inner_cv(per fold),"{""{'n': 15}"": 3, ""{'n': 2}"": 147, ""{'n': 10}"": 1, ""{'n': 5}"": 9}",4.37,10 positive x 16 negative analytes
T2,native,lpo:standards,all,fg_aromatic_ring,F3.bg,ncm,auroc,0.925,0.8063,0.9939,0.5,,,,29,26,1000,,inner_cv(per fold),"{""{}"": 160}",0.08,10 positive x 16 negative analytes
T2,native,lpo:standards,all,fg_aromatic_ring,F3.bg,ncm,auroc_spectra,0.925,0.8063,0.9939,0.5,,,,29,26,1000,,inner_cv(per fold),"{""{}"": 160}",0.08,10 positive x 16 negative analytes
T2,native,lpo:standards,all,fg_aromatic_ring,F3.bg,hgb,auroc,0.7688,0.5561,0.925,0.5,,,,29,26,1000,,inner_cv(per fold),"{""{}"": 160}",118.76,10 positive x 16 negative analytes
T2,native,lpo:standards,all,fg_aromatic_ring,F3.bg,hgb,auroc_spectra,0.7766,0.5656,0.9313,0.5,,,,29,26,1000,,inner_cv(per fold),"{""{}"": 160}",118.76,10 positive x 16 negative analytes
T2,native,lpo:standards,all,fg_aromatic_ring,F3.bg,knn,auroc,0.8187,0.6187,0.9656,0.5,,,,29,26,1000,,inner_cv(per fold),"{""{'k': 10}"": 157, ""{'k': 3}"": 2, ""{'k': 1}"": 1}",2.21,10 positive x 16 negative analytes
T2,native,lpo:standards,all,fg_aromatic_ring,F3.bg,knn,auroc_spectra,0.8187,0.6187,0.9656,0.5,,,,29,26,1000,,inner_cv(per fold),"{""{'k': 10}"": 157, ""{'k': 3}"": 2, ""{'k': 1}"": 1}",2.21,10 positive x 16 negative analytes
T2,native,lpo:standards,all,fg_aromatic_ring,F3.d1,majority,auroc,0.5,0.5,0.5,0.5,,,,29,26,1000,,inner_cv(per fold),"{""{}"": 160}",0.08,10 positive x 16 negative analytes
T2,native,lpo:standards,all,fg_aromatic_ring,F3.d1,majority,auroc_spectra,0.5,0.5,0.5,0.5,,,,29,26,1000,,inner_cv(per fold),"{""{}"": 160}",0.08,10 positive x 16 negative analytes
T2,native,lpo:standards,all,fg_aromatic_ring,F3.d1,lr,auroc,0.675,0.4313,0.8752,0.5,,,,29,26,1000,,inner_cv(per fold),"{""{'C': 0.1}"": 46, ""{'C': 10.0}"": 29, ""{'C': 0.01}"": 58, ""{'C': 1.0}"": 27}",8.79,10 positive x 16 negative analytes
T2,native,lpo:standards,all,fg_aromatic_ring,F3.d1,lr,auroc_spectra,0.6297,0.3968,0.836,0.5,,,,29,26,1000,,inner_cv(per fold),"{""{'C': 0.1}"": 46, ""{'C': 10.0}"": 29, ""{'C': 0.01}"": 58, ""{'C': 1.0}"": 27}",8.79,10 positive x 16 negative analytes
T2,native,lpo:standards,all,fg_aromatic_ring,F3.d1,pca_lr,auroc,0.55,0.3123,0.7812,0.5,,,,29,26,1000,,inner_cv(per fold),"{""{'C': 10.0}"": 50, ""{'C': 0.01}"": 62, ""{'C': 0.1}"": 31, ""{'C': 1.0}"": 17}",9.69,10 positive x 16 negative analytes
T2,native,lpo:standards,all,fg_aromatic_ring,F3.d1,pca_lr,auroc_spectra,0.5078,0.2812,0.7253,0.5,,,,29,26,1000,,inner_cv(per fold),"{""{'C': 10.0}"": 50, ""{'C': 0.01}"": 62, ""{'C': 0.1}"": 31, ""{'C': 1.0}"": 17}",9.69,10 positive x 16 negative analytes
T2,native,lpo:standards,all,fg_aromatic_ring,F3.d1,plsda,auroc,0.6625,0.4498,0.8688,0.5,,,,29,26,1000,,inner_cv(per fold),"{""{'n': 10}"": 19, ""{'n': 15}"": 35, ""{'n': 2}"": 83, ""{'n': 5}"": 23}",4.53,10 positive x 16 negative analytes
T2,native,lpo:standards,all,fg_aromatic_ring,F3.d1,plsda,auroc_spectra,0.6219,0.4125,0.8219,0.5,,,,29,26,1000,,inner_cv(per fold),"{""{'n': 10}"": 19, ""{'n': 15}"": 35, ""{'n': 2}"": 83, ""{'n': 5}"": 23}",4.53,10 positive x 16 negative analytes
T2,native,lpo:standards,all,fg_aromatic_ring,F3.d1,ncm,auroc,0.9125,0.775,1.0,0.5,,,,29,26,1000,,inner_cv(per fold),"{""{}"": 160}",0.08,10 positive x 16 negative analytes
T2,native,lpo:standards,all,fg_aromatic_ring,F3.d1,ncm,auroc_spectra,0.9125,0.775,1.0,0.5,,,,29,26,1000,,inner_cv(per fold),"{""{}"": 160}",0.08,10 positive x 16 negative analytes
T2,native,lpo:standards,all,fg_aromatic_ring,F3.d1,hgb,auroc,0.7875,0.6,0.925,0.5,,,,29,26,1000,,inner_cv(per fold),"{""{}"": 160}",80.25,10 positive x 16 negative analytes
T2,native,lpo:standards,all,fg_aromatic_ring,F3.d1,hgb,auroc_spectra,0.7875,0.6015,0.925,0.5,,,,29,26,1000,,inner_cv(per fold),"{""{}"": 160}",80.25,10 positive x 16 negative analytes
T2,native,lpo:standards,all,fg_aromatic_ring,F3.d1,knn,auroc,0.7969,0.5905,0.95,0.5,,,,29,26,1000,,inner_cv(per fold),"{""{'k': 10}"": 151, ""{'k': 3}"": 6, ""{'k': 1}"": 3}",2.2,10 positive x 16 negative analytes
T2,native,lpo:standards,all,fg_aromatic_ring,F3.d1,knn,auroc_spectra,0.7875,0.5875,0.9407,0.5,,,,29,26,1000,,inner_cv(per fold),"{""{'k': 10}"": 151, ""{'k': 3}"": 6, ""{'k': 1}"": 3}",2.2,10 positive x 16 negative analytes
T2,native,lpo:standards,all,fg_benzene_ring,F1,majority,auroc,0.5,0.5,0.5,0.5,,,,29,26,1000,,inner_cv(per fold),"{""{}"": 153}",0.12,9 positive x 17 negative analytes
T2,native,lpo:standards,all,fg_benzene_ring,F1,majority,auroc_spectra,0.5,0.5,0.5,0.5,,,,29,26,1000,,inner_cv(per fold),"{""{}"": 153}",0.12,9 positive x 17 negative analytes
T2,native,lpo:standards,all,fg_benzene_ring,F1,lr,auroc,0.7843,0.549,0.9739,0.5,0.0619,1000,0.492,29,26,1000,,inner_cv(per fold),"{""{'C': 0.1}"": 10, ""{'C': 0.01}"": 115, ""{'C': 10.0}"": 21, ""{'C': 1.0}"": 7}",6.75,9 positive x 17 negative analytes
T2,native,lpo:standards,all,fg_benzene_ring,F1,lr,auroc_spectra,0.7843,0.549,0.9739,0.5,,,,29,26,1000,,inner_cv(per fold),"{""{'C': 0.1}"": 10, ""{'C': 0.01}"": 115, ""{'C': 10.0}"": 21, ""{'C': 1.0}"": 7}",6.75,9 positive x 17 negative analytes
T2,native,lpo:standards,all,fg_benzene_ring,F1,pca_lr,auroc,0.8366,0.6536,0.9739,0.5,,,,29,26,1000,,inner_cv(per fold),"{""{'C': 0.01}"": 121, ""{'C': 0.1}"": 3, ""{'C': 10.0}"": 19, ""{'C': 1.0}"": 10}",4.97,9 positive x 17 negative analytes
T2,native,lpo:standards,all,fg_benzene_ring,F1,pca_lr,auroc_spectra,0.8366,0.6536,0.9739,0.5,,,,29,26,1000,,inner_cv(per fold),"{""{'C': 0.01}"": 121, ""{'C': 0.1}"": 3, ""{'C': 10.0}"": 19, ""{'C': 1.0}"": 10}",4.97,9 positive x 17 negative analytes
T2,native,lpo:standards,all,fg_benzene_ring,F1,plsda,auroc,0.732,0.4967,0.9412,0.5,,,,29,26,1000,,inner_cv(per fold),"{""{'n': 15}"": 60, ""{'n': 2}"": 41, ""{'n': 5}"": 12, ""{'n': 10}"": 40}",2.49,9 positive x 17 negative analytes
T2,native,lpo:standards,all,fg_benzene_ring,F1,plsda,auroc_spectra,0.7369,0.5081,0.9412,0.5,,,,29,26,1000,,inner_cv(per fold),"{""{'n': 15}"": 60, ""{'n': 2}"": 41, ""{'n': 5}"": 12, ""{'n': 10}"": 40}",2.49,9 positive x 17 negative analytes
T2,native,lpo:standards,all,fg_benzene_ring,F1,ncm,auroc,0.9412,0.8235,1.0,0.5,,,,29,26,1000,,inner_cv(per fold),"{""{}"": 153}",0.07,9 positive x 17 negative analytes
T2,native,lpo:standards,all,fg_benzene_ring,F1,ncm,auroc_spectra,0.9444,0.8366,1.0,0.5,,,,29,26,1000,,inner_cv(per fold),"{""{}"": 153}",0.07,9 positive x 17 negative analytes
T2,native,lpo:standards,all,fg_benzene_ring,F1,hgb,auroc,0.7974,0.6144,0.9477,0.5,,,,29,26,1000,,inner_cv(per fold),"{""{}"": 153}",3.94,9 positive x 17 negative analytes
T2,native,lpo:standards,all,fg_benzene_ring,F1,hgb,auroc_spectra,0.8007,0.6209,0.9429,0.5,,,,29,26,1000,,inner_cv(per fold),"{""{}"": 153}",3.94,9 positive x 17 negative analytes
T2,native,lpo:standards,all,fg_benzene_ring,F1,knn,auroc,0.8366,0.6665,0.9804,0.5,,,,29,26,1000,,inner_cv(per fold),"{""{'k': 5}"": 54, ""{'k': 3}"": 68, ""{'k': 10}"": 30, ""{'k': 1}"": 1}",2.15,9 positive x 17 negative analytes
T2,native,lpo:standards,all,fg_benzene_ring,F1,knn,auroc_spectra,0.826,0.6519,0.9682,0.5,,,,29,26,1000,,inner_cv(per fold),"{""{'k': 5}"": 54, ""{'k': 3}"": 68, ""{'k': 10}"": 30, ""{'k': 1}"": 1}",2.15,9 positive x 17 negative analytes
T2,native,lpo:standards,all,fg_benzene_ring,F1pos,majority,auroc,0.5,0.5,0.5,0.5,,,,29,26,1000,,inner_cv(per fold),"{""{}"": 153}",0.08,9 positive x 17 negative analytes
T2,native,lpo:standards,all,fg_benzene_ring,F1pos,majority,auroc_spectra,0.5,0.5,0.5,0.5,,,,29,26,1000,,inner_cv(per fold),"{""{}"": 153}",0.08,9 positive x 17 negative analytes
T2,native,lpo:standards,all,fg_benzene_ring,F1pos,lr,auroc,0.7778,0.5033,0.9871,0.5,,,,29,26,1000,,inner_cv(per fold),"{""{'C': 0.01}"": 133, ""{'C': 0.1}"": 5, ""{'C': 10.0}"": 11, ""{'C': 1.0}"": 4}",4.08,9 positive x 17 negative analytes
T2,native,lpo:standards,all,fg_benzene_ring,F1pos,lr,auroc_spectra,0.7712,0.503,0.9837,0.5,,,,29,26,1000,,inner_cv(per fold),"{""{'C': 0.01}"": 133, ""{'C': 0.1}"": 5, ""{'C': 10.0}"": 11, ""{'C': 1.0}"": 4}",4.08,9 positive x 17 negative analytes
T2,native,lpo:standards,all,fg_benzene_ring,F1pos,pca_lr,auroc,0.7712,0.5098,0.9804,0.5,,,,29,26,1000,,inner_cv(per fold),"{""{'C': 0.01}"": 139, ""{'C': 10.0}"": 9, ""{'C': 1.0}"": 4, ""{'C': 0.1}"": 1}",6.25,9 positive x 17 negative analytes
T2,native,lpo:standards,all,fg_benzene_ring,F1pos,pca_lr,auroc_spectra,0.7712,0.5065,0.9804,0.5,,,,29,26,1000,,inner_cv(per fold),"{""{'C': 0.01}"": 139, ""{'C': 10.0}"": 9, ""{'C': 1.0}"": 4, ""{'C': 0.1}"": 1}",6.25,9 positive x 17 negative analytes
T2,native,lpo:standards,all,fg_benzene_ring,F1pos,plsda,auroc,0.7255,0.4835,0.9412,0.5,,,,29,26,1000,,inner_cv(per fold),"{""{'n': 2}"": 24, ""{'n': 15}"": 43, ""{'n': 5}"": 19, ""{'n': 10}"": 67}",2.7,9 positive x 17 negative analytes
T2,native,lpo:standards,all,fg_benzene_ring,F1pos,plsda,auroc_spectra,0.7288,0.4868,0.9412,0.5,,,,29,26,1000,,inner_cv(per fold),"{""{'n': 2}"": 24, ""{'n': 15}"": 43, ""{'n': 5}"": 19, ""{'n': 10}"": 67}",2.7,9 positive x 17 negative analytes
T2,native,lpo:standards,all,fg_benzene_ring,F1pos,ncm,auroc,0.915,0.7974,0.9935,0.5,,,,29,26,1000,,inner_cv(per fold),"{""{}"": 153}",0.08,9 positive x 17 negative analytes
T2,native,lpo:standards,all,fg_benzene_ring,F1pos,ncm,auroc_spectra,0.9199,0.8072,0.9935,0.5,,,,29,26,1000,,inner_cv(per fold),"{""{}"": 153}",0.08,9 positive x 17 negative analytes
T2,native,lpo:standards,all,fg_benzene_ring,F1pos,hgb,auroc,0.7876,0.5457,0.9869,0.5,,,,29,26,1000,,inner_cv(per fold),"{""{}"": 153}",4.12,9 positive x 17 negative analytes
T2,native,lpo:standards,all,fg_benzene_ring,F1pos,hgb,auroc_spectra,0.7672,0.5293,0.9673,0.5,,,,29,26,1000,,inner_cv(per fold),"{""{}"": 153}",4.12,9 positive x 17 negative analytes
T2,native,lpo:standards,all,fg_benzene_ring,F1pos,knn,auroc,0.817,0.6078,0.9804,0.5,,,,29,26,1000,,inner_cv(per fold),"{""{'k': 10}"": 62, ""{'k': 5}"": 49, ""{'k': 3}"": 42}",2.0,9 positive x 17 negative analytes
T2,native,lpo:standards,all,fg_benzene_ring,F1pos,knn,auroc_spectra,0.7892,0.5833,0.9584,0.5,,,,29,26,1000,,inner_cv(per fold),"{""{'k': 10}"": 62, ""{'k': 5}"": 49, ""{'k': 3}"": 42}",2.0,9 positive x 17 negative analytes
T2,native,lpo:standards,all,fg_benzene_ring,F2,majority,auroc,0.5,0.5,0.5,0.5,,,,29,26,1000,,inner_cv(per fold),"{""{}"": 153}",0.08,9 positive x 17 negative analytes
T2,native,lpo:standards,all,fg_benzene_ring,F2,majority,auroc_spectra,0.5,0.5,0.5,0.5,,,,29,26,1000,,inner_cv(per fold),"{""{}"": 153}",0.08,9 positive x 17 negative analytes
T2,native,lpo:standards,all,fg_benzene_ring,F2,lr,auroc,0.8431,0.6536,0.9804,0.5,,,,29,26,1000,,inner_cv(per fold),"{""{'C': 0.01}"": 131, ""{'C': 10.0}"": 3, ""{'C': 0.1}"": 14, ""{'C': 1.0}"": 5}",8.26,9 positive x 17 negative analytes
T2,native,lpo:standards,all,fg_benzene_ring,F2,lr,auroc_spectra,0.8431,0.6536,0.9804,0.5,,,,29,26,1000,,inner_cv(per fold),"{""{'C': 0.01}"": 131, ""{'C': 10.0}"": 3, ""{'C': 0.1}"": 14, ""{'C': 1.0}"": 5}",8.26,9 positive x 17 negative analytes
T2,native,lpo:standards,all,fg_benzene_ring,F2,pca_lr,auroc,0.8824,0.7124,0.9935,0.5,,,,29,26,1000,,inner_cv(per fold),"{""{'C': 0.01}"": 121, ""{'C': 0.1}"": 12, ""{'C': 1.0}"": 12, ""{'C': 10.0}"": 8}",9.35,9 positive x 17 negative analytes
T2,native,lpo:standards,all,fg_benzene_ring,F2,pca_lr,auroc_spectra,0.8824,0.7124,0.9935,0.5,,,,29,26,1000,,inner_cv(per fold),"{""{'C': 0.01}"": 121, ""{'C': 0.1}"": 12, ""{'C': 1.0}"": 12, ""{'C': 10.0}"": 8}",9.35,9 positive x 17 negative analytes
T2,native,lpo:standards,all,fg_benzene_ring,F2,plsda,auroc,0.7974,0.5686,0.9673,0.5,,,,29,26,1000,,inner_cv(per fold),"{""{'n': 2}"": 127, ""{'n': 10}"": 5, ""{'n': 15}"": 4, ""{'n': 5}"": 17}",6.79,9 positive x 17 negative analytes
T2,native,lpo:standards,all,fg_benzene_ring,F2,plsda,auroc_spectra,0.7974,0.5686,0.9673,0.5,,,,29,26,1000,,inner_cv(per fold),"{""{'n': 2}"": 127, ""{'n': 10}"": 5, ""{'n': 15}"": 4, ""{'n': 5}"": 17}",6.79,9 positive x 17 negative analytes
T2,native,lpo:standards,all,fg_benzene_ring,F2,ncm,auroc,0.9477,0.8431,1.0,0.5,0.001,1000,0.4981,29,26,1000,,inner_cv(per fold),"{""{}"": 153}",0.08,9 positive x 17 negative analytes
T2,native,lpo:standards,all,fg_benzene_ring,F2,ncm,auroc_spectra,0.9477,0.8431,1.0,0.5,,,,29,26,1000,,inner_cv(per fold),"{""{}"": 153}",0.08,9 positive x 17 negative analytes
T2,native,lpo:standards,all,fg_benzene_ring,F2,hgb,auroc,0.7451,0.5196,0.9544,0.5,,,,29,26,1000,,inner_cv(per fold),"{""{}"": 153}",78.49,9 positive x 17 negative analytes
T2,native,lpo:standards,all,fg_benzene_ring,F2,hgb,auroc_spectra,0.7451,0.5196,0.9544,0.5,,,,29,26,1000,,inner_cv(per fold),"{""{}"": 153}",78.49,9 positive x 17 negative analytes
T2,native,lpo:standards,all,fg_benzene_ring,F2,knn,auroc,0.8301,0.6535,0.9869,0.5,,,,29,26,1000,,inner_cv(per fold),"{""{'k': 10}"": 70, ""{'k': 5}"": 32, ""{'k': 3}"": 46, ""{'k': 1}"": 5}",2.31,9 positive x 17 negative analytes
T2,native,lpo:standards,all,fg_benzene_ring,F2,knn,auroc_spectra,0.8203,0.6421,0.9706,0.5,,,,29,26,1000,,inner_cv(per fold),"{""{'k': 10}"": 70, ""{'k': 5}"": 32, ""{'k': 3}"": 46, ""{'k': 1}"": 5}",2.31,9 positive x 17 negative analytes
T2,native,lpo:standards,all,fg_benzene_ring,F3,majority,auroc,0.5,0.5,0.5,0.5,,,,29,26,1000,,inner_cv(per fold),"{""{}"": 153}",0.08,9 positive x 17 negative analytes
T2,native,lpo:standards,all,fg_benzene_ring,F3,majority,auroc_spectra,0.5,0.5,0.5,0.5,,,,29,26,1000,,inner_cv(per fold),"{""{}"": 153}",0.08,9 positive x 17 negative analytes
T2,native,lpo:standards,all,fg_benzene_ring,F3,lr,auroc,0.7647,0.549,0.9348,0.5,,,,29,26,1000,,inner_cv(per fold),"{""{'C': 0.01}"": 132, ""{'C': 10.0}"": 11, ""{'C': 0.1}"": 3, ""{'C': 1.0}"": 7}",7.74,9 positive x 17 negative analytes
T2,native,lpo:standards,all,fg_benzene_ring,F3,lr,auroc_spectra,0.7418,0.5031,0.9346,0.5,,,,29,26,1000,,inner_cv(per fold),"{""{'C': 0.01}"": 132, ""{'C': 10.0}"": 11, ""{'C': 0.1}"": 3, ""{'C': 1.0}"": 7}",7.74,9 positive x 17 negative analytes
T2,native,lpo:standards,all,fg_benzene_ring,F3,pca_lr,auroc,0.8758,0.6928,0.9935,0.5,,,,29,26,1000,,inner_cv(per fold),"{""{'C': 0.01}"": 116, ""{'C': 0.1}"": 17, ""{'C': 1.0}"": 8, ""{'C': 10.0}"": 12}",8.35,9 positive x 17 negative analytes
T2,native,lpo:standards,all,fg_benzene_ring,F3,pca_lr,auroc_spectra,0.8676,0.6863,0.9837,0.5,,,,29,26,1000,,inner_cv(per fold),"{""{'C': 0.01}"": 116, ""{'C': 0.1}"": 17, ""{'C': 1.0}"": 8, ""{'C': 10.0}"": 12}",8.35,9 positive x 17 negative analytes
T2,native,lpo:standards,all,fg_benzene_ring,F3,plsda,auroc,0.7908,0.5948,0.9608,0.5,,,,29,26,1000,,inner_cv(per fold),"{""{'n': 10}"": 9, ""{'n': 15}"": 11, ""{'n': 2}"": 123, ""{'n': 5}"": 10}",4.78,9 positive x 17 negative analytes
T2,native,lpo:standards,all,fg_benzene_ring,F3,plsda,auroc_spectra,0.7908,0.5948,0.9608,0.5,,,,29,26,1000,,inner_cv(per fold),"{""{'n': 10}"": 9, ""{'n': 15}"": 11, ""{'n': 2}"": 123, ""{'n': 5}"": 10}",4.78,9 positive x 17 negative analytes
T2,native,lpo:standards,all,fg_benzene_ring,F3,ncm,auroc,0.9412,0.8299,1.0,0.5,,,,29,26,1000,,inner_cv(per fold),"{""{}"": 153}",0.15,9 positive x 17 negative analytes
T2,native,lpo:standards,all,fg_benzene_ring,F3,ncm,auroc_spectra,0.9412,0.8299,1.0,0.5,,,,29,26,1000,,inner_cv(per fold),"{""{}"": 153}",0.15,9 positive x 17 negative analytes
T2,native,lpo:standards,all,fg_benzene_ring,F3,hgb,auroc,0.866,0.7255,0.9739,0.5,,,,29,26,1000,,inner_cv(per fold),"{""{}"": 153}",77.05,9 positive x 17 negative analytes
T2,native,lpo:standards,all,fg_benzene_ring,F3,hgb,auroc_spectra,0.866,0.7255,0.9739,0.5,,,,29,26,1000,,inner_cv(per fold),"{""{}"": 153}",77.05,9 positive x 17 negative analytes
T2,native,lpo:standards,all,fg_benzene_ring,F3,knn,auroc,0.8072,0.6144,0.9444,0.5,,,,29,26,1000,,inner_cv(per fold),"{""{'k': 10}"": 118, ""{'k': 5}"": 18, ""{'k': 3}"": 16, ""{'k': 1}"": 1}",2.21,9 positive x 17 negative analytes
T2,native,lpo:standards,all,fg_benzene_ring,F3,knn,auroc_spectra,0.8072,0.6144,0.9444,0.5,,,,29,26,1000,,inner_cv(per fold),"{""{'k': 10}"": 118, ""{'k': 5}"": 18, ""{'k': 3}"": 16, ""{'k': 1}"": 1}",2.21,9 positive x 17 negative analytes
T2,native,lpo:standards,all,fg_benzene_ring,F1.bg,majority,auroc,0.5,0.5,0.5,0.5,,,,29,26,1000,,inner_cv(per fold),"{""{}"": 153}",0.12,9 positive x 17 negative analytes
T2,native,lpo:standards,all,fg_benzene_ring,F1.bg,majority,auroc_spectra,0.5,0.5,0.5,0.5,,,,29,26,1000,,inner_cv(per fold),"{""{}"": 153}",0.12,9 positive x 17 negative analytes
T2,native,lpo:standards,all,fg_benzene_ring,F1.bg,lr,auroc,0.7843,0.549,0.9739,0.5,,,,29,26,1000,,inner_cv(per fold),"{""{'C': 0.1}"": 10, ""{'C': 0.01}"": 115, ""{'C': 10.0}"": 21, ""{'C': 1.0}"": 7}",6.74,9 positive x 17 negative analytes
T2,native,lpo:standards,all,fg_benzene_ring,F1.bg,lr,auroc_spectra,0.7843,0.549,0.9739,0.5,,,,29,26,1000,,inner_cv(per fold),"{""{'C': 0.1}"": 10, ""{'C': 0.01}"": 115, ""{'C': 10.0}"": 21, ""{'C': 1.0}"": 7}",6.74,9 positive x 17 negative analytes
T2,native,lpo:standards,all,fg_benzene_ring,F1.bg,pca_lr,auroc,0.8366,0.6536,0.9739,0.5,,,,29,26,1000,,inner_cv(per fold),"{""{'C': 0.01}"": 121, ""{'C': 0.1}"": 3, ""{'C': 10.0}"": 19, ""{'C': 1.0}"": 10}",5.36,9 positive x 17 negative analytes
T2,native,lpo:standards,all,fg_benzene_ring,F1.bg,pca_lr,auroc_spectra,0.8366,0.6536,0.9739,0.5,,,,29,26,1000,,inner_cv(per fold),"{""{'C': 0.01}"": 121, ""{'C': 0.1}"": 3, ""{'C': 10.0}"": 19, ""{'C': 1.0}"": 10}",5.36,9 positive x 17 negative analytes
T2,native,lpo:standards,all,fg_benzene_ring,F1.bg,plsda,auroc,0.732,0.4967,0.9412,0.5,,,,29,26,1000,,inner_cv(per fold),"{""{'n': 15}"": 60, ""{'n': 2}"": 41, ""{'n': 5}"": 12, ""{'n': 10}"": 40}",2.54,9 positive x 17 negative analytes
T2,native,lpo:standards,all,fg_benzene_ring,F1.bg,plsda,auroc_spectra,0.7369,0.5081,0.9412,0.5,,,,29,26,1000,,inner_cv(per fold),"{""{'n': 15}"": 60, ""{'n': 2}"": 41, ""{'n': 5}"": 12, ""{'n': 10}"": 40}",2.54,9 positive x 17 negative analytes
T2,native,lpo:standards,all,fg_benzene_ring,F1.bg,ncm,auroc,0.9412,0.8235,1.0,0.5,,,,29,26,1000,,inner_cv(per fold),"{""{}"": 153}",0.07,9 positive x 17 negative analytes
T2,native,lpo:standards,all,fg_benzene_ring,F1.bg,ncm,auroc_spectra,0.9444,0.8366,1.0,0.5,,,,29,26,1000,,inner_cv(per fold),"{""{}"": 153}",0.07,9 positive x 17 negative analytes
T2,native,lpo:standards,all,fg_benzene_ring,F1.bg,hgb,auroc,0.7974,0.6144,0.9477,0.5,,,,29,26,1000,,inner_cv(per fold),"{""{}"": 153}",4.03,9 positive x 17 negative analytes
T2,native,lpo:standards,all,fg_benzene_ring,F1.bg,hgb,auroc_spectra,0.8007,0.6209,0.9429,0.5,,,,29,26,1000,,inner_cv(per fold),"{""{}"": 153}",4.03,9 positive x 17 negative analytes
T2,native,lpo:standards,all,fg_benzene_ring,F1.bg,knn,auroc,0.8529,0.7026,0.9804,0.5,,,,29,26,1000,,inner_cv(per fold),"{""{'k': 3}"": 72, ""{'k': 1}"": 9, ""{'k': 5}"": 14, ""{'k': 10}"": 58}",2.18,9 positive x 17 negative analytes
T2,native,lpo:standards,all,fg_benzene_ring,F1.bg,knn,auroc_spectra,0.8529,0.7026,0.9804,0.5,,,,29,26,1000,,inner_cv(per fold),"{""{'k': 3}"": 72, ""{'k': 1}"": 9, ""{'k': 5}"": 14, ""{'k': 10}"": 58}",2.18,9 positive x 17 negative analytes
T2,native,lpo:standards,all,fg_benzene_ring,F3.bg,majority,auroc,0.5,0.5,0.5,0.5,,,,29,26,1000,,inner_cv(per fold),"{""{}"": 153}",0.08,9 positive x 17 negative analytes
T2,native,lpo:standards,all,fg_benzene_ring,F3.bg,majority,auroc_spectra,0.5,0.5,0.5,0.5,,,,29,26,1000,,inner_cv(per fold),"{""{}"": 153}",0.08,9 positive x 17 negative analytes
T2,native,lpo:standards,all,fg_benzene_ring,F3.bg,lr,auroc,0.7647,0.549,0.9348,0.5,,,,29,26,1000,,inner_cv(per fold),"{""{'C': 0.01}"": 132, ""{'C': 10.0}"": 11, ""{'C': 0.1}"": 3, ""{'C': 1.0}"": 7}",7.67,9 positive x 17 negative analytes
T2,native,lpo:standards,all,fg_benzene_ring,F3.bg,lr,auroc_spectra,0.7418,0.5031,0.9346,0.5,,,,29,26,1000,,inner_cv(per fold),"{""{'C': 0.01}"": 132, ""{'C': 10.0}"": 11, ""{'C': 0.1}"": 3, ""{'C': 1.0}"": 7}",7.67,9 positive x 17 negative analytes
T2,native,lpo:standards,all,fg_benzene_ring,F3.bg,pca_lr,auroc,0.8758,0.6928,0.9935,0.5,,,,29,26,1000,,inner_cv(per fold),"{""{'C': 0.01}"": 116, ""{'C': 0.1}"": 17, ""{'C': 1.0}"": 8, ""{'C': 10.0}"": 12}",9.21,9 positive x 17 negative analytes
T2,native,lpo:standards,all,fg_benzene_ring,F3.bg,pca_lr,auroc_spectra,0.8676,0.6863,0.9837,0.5,,,,29,26,1000,,inner_cv(per fold),"{""{'C': 0.01}"": 116, ""{'C': 0.1}"": 17, ""{'C': 1.0}"": 8, ""{'C': 10.0}"": 12}",9.21,9 positive x 17 negative analytes
T2,native,lpo:standards,all,fg_benzene_ring,F3.bg,plsda,auroc,0.7908,0.5948,0.9608,0.5,,,,29,26,1000,,inner_cv(per fold),"{""{'n': 10}"": 9, ""{'n': 15}"": 11, ""{'n': 2}"": 123, ""{'n': 5}"": 10}",4.35,9 positive x 17 negative analytes
T2,native,lpo:standards,all,fg_benzene_ring,F3.bg,plsda,auroc_spectra,0.7908,0.5948,0.9608,0.5,,,,29,26,1000,,inner_cv(per fold),"{""{'n': 10}"": 9, ""{'n': 15}"": 11, ""{'n': 2}"": 123, ""{'n': 5}"": 10}",4.35,9 positive x 17 negative analytes
T2,native,lpo:standards,all,fg_benzene_ring,F3.bg,ncm,auroc,0.9412,0.8299,1.0,0.5,,,,29,26,1000,,inner_cv(per fold),"{""{}"": 153}",0.08,9 positive x 17 negative analytes
T2,native,lpo:standards,all,fg_benzene_ring,F3.bg,ncm,auroc_spectra,0.9412,0.8299,1.0,0.5,,,,29,26,1000,,inner_cv(per fold),"{""{}"": 153}",0.08,9 positive x 17 negative analytes
T2,native,lpo:standards,all,fg_benzene_ring,F3.bg,hgb,auroc,0.866,0.7255,0.9739,0.5,,,,29,26,1000,,inner_cv(per fold),"{""{}"": 153}",117.05,9 positive x 17 negative analytes
T2,native,lpo:standards,all,fg_benzene_ring,F3.bg,hgb,auroc_spectra,0.866,0.7255,0.9739,0.5,,,,29,26,1000,,inner_cv(per fold),"{""{}"": 153}",117.05,9 positive x 17 negative analytes
T2,native,lpo:standards,all,fg_benzene_ring,F3.bg,knn,auroc,0.7843,0.6046,0.938,0.5,,,,29,26,1000,,inner_cv(per fold),"{""{'k': 3}"": 45, ""{'k': 1}"": 8, ""{'k': 10}"": 100}",2.27,9 positive x 17 negative analytes
T2,native,lpo:standards,all,fg_benzene_ring,F3.bg,knn,auroc_spectra,0.7843,0.6046,0.938,0.5,,,,29,26,1000,,inner_cv(per fold),"{""{'k': 3}"": 45, ""{'k': 1}"": 8, ""{'k': 10}"": 100}",2.27,9 positive x 17 negative analytes
T2,native,lpo:standards,all,fg_benzene_ring,F3.d1,majority,auroc,0.5,0.5,0.5,0.5,,,,29,26,1000,,inner_cv(per fold),"{""{}"": 153}",0.08,9 positive x 17 negative analytes
T2,native,lpo:standards,all,fg_benzene_ring,F3.d1,majority,auroc_spectra,0.5,0.5,0.5,0.5,,,,29,26,1000,,inner_cv(per fold),"{""{}"": 153}",0.08,9 positive x 17 negative analytes
T2,native,lpo:standards,all,fg_benzene_ring,F3.d1,lr,auroc,0.7255,0.4902,0.9346,0.5,,,,29,26,1000,,inner_cv(per fold),"{""{'C': 10.0}"": 51, ""{'C': 1.0}"": 21, ""{'C': 0.1}"": 18, ""{'C': 0.01}"": 63}",7.83,9 positive x 17 negative analytes
T2,native,lpo:standards,all,fg_benzene_ring,F3.d1,lr,auroc_spectra,0.6716,0.4314,0.8954,0.5,,,,29,26,1000,,inner_cv(per fold),"{""{'C': 10.0}"": 51, ""{'C': 1.0}"": 21, ""{'C': 0.1}"": 18, ""{'C': 0.01}"": 63}",7.83,9 positive x 17 negative analytes
T2,native,lpo:standards,all,fg_benzene_ring,F3.d1,pca_lr,auroc,0.7124,0.4641,0.9413,0.5,,,,29,26,1000,,inner_cv(per fold),"{""{'C': 0.1}"": 40, ""{'C': 1.0}"": 26, ""{'C': 0.01}"": 80, ""{'C': 10.0}"": 7}",8.85,9 positive x 17 negative analytes
T2,native,lpo:standards,all,fg_benzene_ring,F3.d1,pca_lr,auroc_spectra,0.6585,0.4085,0.902,0.5,,,,29,26,1000,,inner_cv(per fold),"{""{'C': 0.1}"": 40, ""{'C': 1.0}"": 26, ""{'C': 0.01}"": 80, ""{'C': 10.0}"": 7}",8.85,9 positive x 17 negative analytes
T2,native,lpo:standards,all,fg_benzene_ring,F3.d1,plsda,auroc,0.6993,0.4703,0.902,0.5,,,,29,26,1000,,inner_cv(per fold),"{""{'n': 10}"": 37, ""{'n': 15}"": 31, ""{'n': 2}"": 75, ""{'n': 5}"": 10}",4.65,9 positive x 17 negative analytes
T2,native,lpo:standards,all,fg_benzene_ring,F3.d1,plsda,auroc_spectra,0.6732,0.4411,0.8825,0.5,,,,29,26,1000,,inner_cv(per fold),"{""{'n': 10}"": 37, ""{'n': 15}"": 31, ""{'n': 2}"": 75, ""{'n': 5}"": 10}",4.65,9 positive x 17 negative analytes
T2,native,lpo:standards,all,fg_benzene_ring,F3.d1,ncm,auroc,0.9281,0.7974,1.0,0.5,,,,29,26,1000,,inner_cv(per fold),"{""{}"": 153}",0.08,9 positive x 17 negative analytes
T2,native,lpo:standards,all,fg_benzene_ring,F3.d1,ncm,auroc_spectra,0.9281,0.7974,1.0,0.5,,,,29,26,1000,,inner_cv(per fold),"{""{}"": 153}",0.08,9 positive x 17 negative analytes
T2,native,lpo:standards,all,fg_benzene_ring,F3.d1,hgb,auroc,0.8758,0.7288,0.9935,0.5,,,,29,26,1000,,inner_cv(per fold),"{""{}"": 153}",84.91,9 positive x 17 negative analytes
T2,native,lpo:standards,all,fg_benzene_ring,F3.d1,hgb,auroc_spectra,0.8758,0.7287,0.9935,0.5,,,,29,26,1000,,inner_cv(per fold),"{""{}"": 153}",84.91,9 positive x 17 negative analytes
T2,native,lpo:standards,all,fg_benzene_ring,F3.d1,knn,auroc,0.7778,0.5882,0.9347,0.5,,,,29,26,1000,,inner_cv(per fold),"{""{'k': 10}"": 144, ""{'k': 3}"": 9}",3.35,9 positive x 17 negative analytes
T2,native,lpo:standards,all,fg_benzene_ring,F3.d1,knn,auroc_spectra,0.7655,0.5751,0.9273,0.5,,,,29,26,1000,,inner_cv(per fold),"{""{'k': 10}"": 144, ""{'k': 3}"": 9}",3.35,9 positive x 17 negative analytes
T2,native,lpo:standards,all,fg_pyrrole_ring,F1,majority,auroc,0.5,0.5,0.5,0.5,,,,29,26,1000,,inner_cv(per fold),"{""{}"": 88}",0.07,4 positive x 22 negative analytes
T2,native,lpo:standards,all,fg_pyrrole_ring,F1,majority,auroc_spectra,0.5,0.5,0.5,0.5,,,,29,26,1000,,inner_cv(per fold),"{""{}"": 88}",0.07,4 positive x 22 negative analytes
T2,native,lpo:standards,all,fg_pyrrole_ring,F1,lr,auroc,0.8295,0.6818,0.9545,0.5,0.0539,1000,0.4979,29,26,1000,,inner_cv(per fold),"{""{'C': 0.1}"": 12, ""{'C': 0.01}"": 39, ""{'C': 1.0}"": 11, ""{'C': 10.0}"": 26}",2.37,4 positive x 22 negative analytes
T2,native,lpo:standards,all,fg_pyrrole_ring,F1,lr,auroc_spectra,0.7358,0.5767,0.9091,0.5,,,,29,26,1000,,inner_cv(per fold),"{""{'C': 0.1}"": 12, ""{'C': 0.01}"": 39, ""{'C': 1.0}"": 11, ""{'C': 10.0}"": 26}",2.37,4 positive x 22 negative analytes
T2,native,lpo:standards,all,fg_pyrrole_ring,F1,pca_lr,auroc,0.8409,0.6932,0.9659,0.5,,,,29,26,1000,,inner_cv(per fold),"{""{'C': 0.01}"": 49, ""{'C': 10.0}"": 23, ""{'C': 1.0}"": 7, ""{'C': 0.1}"": 9}",2.8,4 positive x 22 negative analytes
T2,native,lpo:standards,all,fg_pyrrole_ring,F1,pca_lr,auroc_spectra,0.7415,0.571,0.9318,0.5,,,,29,26,1000,,inner_cv(per fold),"{""{'C': 0.01}"": 49, ""{'C': 10.0}"": 23, ""{'C': 1.0}"": 7, ""{'C': 0.1}"": 9}",2.8,4 positive x 22 negative analytes
T2,native,lpo:standards,all,fg_pyrrole_ring,F1,plsda,auroc,0.8864,0.7727,0.9773,0.5,,,,29,26,1000,,inner_cv(per fold),"{""{'n': 10}"": 35, ""{'n': 5}"": 11, ""{'n': 15}"": 24, ""{'n': 2}"": 18}",1.38,4 positive x 22 negative analytes
T2,native,lpo:standards,all,fg_pyrrole_ring,F1,plsda,auroc_spectra,0.7727,0.6023,0.9432,0.5,,,,29,26,1000,,inner_cv(per fold),"{""{'n': 10}"": 35, ""{'n': 5}"": 11, ""{'n': 15}"": 24, ""{'n': 2}"": 18}",1.38,4 positive x 22 negative analytes
T2,native,lpo:standards,all,fg_pyrrole_ring,F1,ncm,auroc,0.8636,0.7159,0.9886,0.5,,,,29,26,1000,,inner_cv(per fold),"{""{}"": 88}",0.09,4 positive x 22 negative analytes
T2,native,lpo:standards,all,fg_pyrrole_ring,F1,ncm,auroc_spectra,0.875,0.733,0.9886,0.5,,,,29,26,1000,,inner_cv(per fold),"{""{}"": 88}",0.09,4 positive x 22 negative analytes
T2,native,lpo:standards,all,fg_pyrrole_ring,F1,hgb,auroc,0.8409,0.6591,0.9773,0.5,,,,29,26,1000,,inner_cv(per fold),"{""{}"": 88}",3.46,4 positive x 22 negative analytes
T2,native,lpo:standards,all,fg_pyrrole_ring,F1,hgb,auroc_spectra,0.794,0.6023,0.9545,0.5,,,,29,26,1000,,inner_cv(per fold),"{""{}"": 88}",3.46,4 positive x 22 negative analytes
T2,native,lpo:standards,all,fg_pyrrole_ring,F1,knn,auroc,0.75,0.5682,0.9091,0.5,,,,29,26,1000,,inner_cv(per fold),"{""{'k': 5}"": 44, ""{'k': 10}"": 30, ""{'k': 1}"": 13, ""{'k': 3}"": 1}",1.15,4 positive x 22 negative analytes
T2,native,lpo:standards,all,fg_pyrrole_ring,F1,knn,auroc_spectra,0.7315,0.5596,0.8892,0.5,,,,29,26,1000,,inner_cv(per fold),"{""{'k': 5}"": 44, ""{'k': 10}"": 30, ""{'k': 1}"": 13, ""{'k': 3}"": 1}",1.15,4 positive x 22 negative analytes
T2,native,lpo:standards,all,fg_pyrrole_ring,F1pos,majority,auroc,0.5,0.5,0.5,0.5,,,,29,26,1000,,inner_cv(per fold),"{""{}"": 88}",0.07,4 positive x 22 negative analytes
T2,native,lpo:standards,all,fg_pyrrole_ring,F1pos,majority,auroc_spectra,0.5,0.5,0.5,0.5,,,,29,26,1000,,inner_cv(per fold),"{""{}"": 88}",0.07,4 positive x 22 negative analytes
T2,native,lpo:standards,all,fg_pyrrole_ring,F1pos,lr,auroc,0.8523,0.6932,0.9773,0.5,,,,29,26,1000,,inner_cv(per fold),"{""{'C': 0.01}"": 51, ""{'C': 1.0}"": 11, ""{'C': 0.1}"": 8, ""{'C': 10.0}"": 18}",2.46,4 positive x 22 negative analytes
T2,native,lpo:standards,all,fg_pyrrole_ring,F1pos,lr,auroc_spectra,0.821,0.6705,0.9545,0.5,,,,29,26,1000,,inner_cv(per fold),"{""{'C': 0.01}"": 51, ""{'C': 1.0}"": 11, ""{'C': 0.1}"": 8, ""{'C': 10.0}"": 18}",2.46,4 positive x 22 negative analytes
T2,native,lpo:standards,all,fg_pyrrole_ring,F1pos,pca_lr,auroc,0.8295,0.6702,0.9545,0.5,,,,29,26,1000,,inner_cv(per fold),"{""{'C': 0.01}"": 43, ""{'C': 10.0}"": 24, ""{'C': 0.1}"": 8, ""{'C': 1.0}"": 13}",2.81,4 positive x 22 negative analytes
T2,native,lpo:standards,all,fg_pyrrole_ring,F1pos,pca_lr,auroc_spectra,0.8011,0.6562,0.9432,0.5,,,,29,26,1000,,inner_cv(per fold),"{""{'C': 0.01}"": 43, ""{'C': 10.0}"": 24, ""{'C': 0.1}"": 8, ""{'C': 1.0}"": 13}",2.81,4 positive x 22 negative analytes
T2,native,lpo:standards,all,fg_pyrrole_ring,F1pos,plsda,auroc,0.8523,0.6932,0.9773,0.5,,,,29,26,1000,,inner_cv(per fold),"{""{'n': 10}"": 23, ""{'n': 15}"": 4, ""{'n': 5}"": 15, ""{'n': 2}"": 46}",1.5,4 positive x 22 negative analytes
T2,native,lpo:standards,all,fg_pyrrole_ring,F1pos,plsda,auroc_spectra,0.8068,0.6364,0.9545,0.5,,,,29,26,1000,,inner_cv(per fold),"{""{'n': 10}"": 23, ""{'n': 15}"": 4, ""{'n': 5}"": 15, ""{'n': 2}"": 46}",1.5,4 positive x 22 negative analytes
T2,native,lpo:standards,all,fg_pyrrole_ring,F1pos,ncm,auroc,0.7841,0.6134,0.9435,0.5,,,,29,26,1000,,inner_cv(per fold),"{""{}"": 88}",0.06,4 positive x 22 negative analytes
T2,native,lpo:standards,all,fg_pyrrole_ring,F1pos,ncm,auroc_spectra,0.7955,0.625,0.949,0.5,,,,29,26,1000,,inner_cv(per fold),"{""{}"": 88}",0.06,4 positive x 22 negative analytes
T2,native,lpo:standards,all,fg_pyrrole_ring,F1pos,hgb,auroc,0.6591,0.4205,0.875,0.5,,,,29,26,1000,,inner_cv(per fold),"{""{}"": 88}",2.21,4 positive x 22 negative analytes
T2,native,lpo:standards,all,fg_pyrrole_ring,F1pos,hgb,auroc_spectra,0.5795,0.3764,0.7727,0.5,,,,29,26,1000,,inner_cv(per fold),"{""{}"": 88}",2.21,4 positive x 22 negative analytes
T2,native,lpo:standards,all,fg_pyrrole_ring,F1pos,knn,auroc,0.7273,0.4942,0.9321,0.5,,,,29,26,1000,,inner_cv(per fold),"{""{'k': 10}"": 42, ""{'k': 1}"": 14, ""{'k': 5}"": 32}",1.09,4 positive x 22 negative analytes
T2,native,lpo:standards,all,fg_pyrrole_ring,F1pos,knn,auroc_spectra,0.6875,0.4773,0.8949,0.5,,,,29,26,1000,,inner_cv(per fold),"{""{'k': 10}"": 42, ""{'k': 1}"": 14, ""{'k': 5}"": 32}",1.09,4 positive x 22 negative analytes
T2,native,lpo:standards,all,fg_pyrrole_ring,F2,majority,auroc,0.5,0.5,0.5,0.5,,,,29,26,1000,,inner_cv(per fold),"{""{}"": 88}",0.07,4 positive x 22 negative analytes
T2,native,lpo:standards,all,fg_pyrrole_ring,F2,majority,auroc_spectra,0.5,0.5,0.5,0.5,,,,29,26,1000,,inner_cv(per fold),"{""{}"": 88}",0.07,4 positive x 22 negative analytes
T2,native,lpo:standards,all,fg_pyrrole_ring,F2,lr,auroc,0.8977,0.7386,1.0,0.5,0.013,1000,0.4969,29,26,1000,,inner_cv(per fold),"{""{'C': 1.0}"": 22, ""{'C': 10.0}"": 34, ""{'C': 0.1}"": 1, ""{'C': 0.01}"": 31}",5.84,4 positive x 22 negative analytes
T2,native,lpo:standards,all,fg_pyrrole_ring,F2,lr,auroc_spectra,0.9062,0.7386,1.0,0.5,,,,29,26,1000,,inner_cv(per fold),"{""{'C': 1.0}"": 22, ""{'C': 10.0}"": 34, ""{'C': 0.1}"": 1, ""{'C': 0.01}"": 31}",5.84,4 positive x 22 negative analytes
T2,native,lpo:standards,all,fg_pyrrole_ring,F2,pca_lr,auroc,0.7841,0.5455,0.9886,0.5,,,,29,26,1000,,inner_cv(per fold),"{""{'C': 10.0}"": 29, ""{'C': 0.01}"": 44, ""{'C': 0.1}"": 6, ""{'C': 1.0}"": 9}",7.11,4 positive x 22 negative analytes
T2,native,lpo:standards,all,fg_pyrrole_ring,F2,pca_lr,auroc_spectra,0.7784,0.5455,0.9717,0.5,,,,29,26,1000,,inner_cv(per fold),"{""{'C': 10.0}"": 29, ""{'C': 0.01}"": 44, ""{'C': 0.1}"": 6, ""{'C': 1.0}"": 9}",7.11,4 positive x 22 negative analytes
T2,native,lpo:standards,all,fg_pyrrole_ring,F2,plsda,auroc,0.8409,0.6818,0.9659,0.5,,,,29,26,1000,,inner_cv(per fold),"{""{'n': 10}"": 20, ""{'n': 15}"": 16, ""{'n': 5}"": 18, ""{'n': 2}"": 34}",2.65,4 positive x 22 negative analytes
T2,native,lpo:standards,all,fg_pyrrole_ring,F2,plsda,auroc_spectra,0.821,0.6705,0.9347,0.5,,,,29,26,1000,,inner_cv(per fold),"{""{'n': 10}"": 20, ""{'n': 15}"": 16, ""{'n': 5}"": 18, ""{'n': 2}"": 34}",2.65,4 positive x 22 negative analytes
T2,native,lpo:standards,all,fg_pyrrole_ring,F2,ncm,auroc,0.8977,0.7614,1.0,0.5,,,,29,26,1000,,inner_cv(per fold),"{""{}"": 88}",0.07,4 positive x 22 negative analytes
T2,native,lpo:standards,all,fg_pyrrole_ring,F2,ncm,auroc_spectra,0.8977,0.7614,1.0,0.5,,,,29,26,1000,,inner_cv(per fold),"{""{}"": 88}",0.07,4 positive x 22 negative analytes
T2,native,lpo:standards,all,fg_pyrrole_ring,F2,hgb,auroc,0.7955,0.6364,0.9318,0.5,,,,29,26,1000,,inner_cv(per fold),"{""{}"": 88}",47.8,4 positive x 22 negative analytes
T2,native,lpo:standards,all,fg_pyrrole_ring,F2,hgb,auroc_spectra,0.7713,0.6136,0.892,0.5,,,,29,26,1000,,inner_cv(per fold),"{""{}"": 88}",47.8,4 positive x 22 negative analytes
T2,native,lpo:standards,all,fg_pyrrole_ring,F2,knn,auroc,0.7727,0.5909,0.9318,0.5,,,,29,26,1000,,inner_cv(per fold),"{""{'k': 3}"": 50, ""{'k': 5}"": 16, ""{'k': 1}"": 22}",1.25,4 positive x 22 negative analytes
T2,native,lpo:standards,all,fg_pyrrole_ring,F2,knn,auroc_spectra,0.7159,0.571,0.8636,0.5,,,,29,26,1000,,inner_cv(per fold),"{""{'k': 3}"": 50, ""{'k': 5}"": 16, ""{'k': 1}"": 22}",1.25,4 positive x 22 negative analytes
T2,native,lpo:standards,all,fg_pyrrole_ring,F3,majority,auroc,0.5,0.5,0.5,0.5,,,,29,26,1000,,inner_cv(per fold),"{""{}"": 88}",0.07,4 positive x 22 negative analytes
T2,native,lpo:standards,all,fg_pyrrole_ring,F3,majority,auroc_spectra,0.5,0.5,0.5,0.5,,,,29,26,1000,,inner_cv(per fold),"{""{}"": 88}",0.07,4 positive x 22 negative analytes
T2,native,lpo:standards,all,fg_pyrrole_ring,F3,lr,auroc,0.7045,0.3864,0.9545,0.5,,,,29,26,1000,,inner_cv(per fold),"{""{'C': 0.1}"": 24, ""{'C': 0.01}"": 32, ""{'C': 10.0}"": 21, ""{'C': 1.0}"": 11}",5.14,4 positive x 22 negative analytes
T2,native,lpo:standards,all,fg_pyrrole_ring,F3,lr,auroc_spectra,0.5909,0.3067,0.8524,0.5,,,,29,26,1000,,inner_cv(per fold),"{""{'C': 0.1}"": 24, ""{'C': 0.01}"": 32, ""{'C': 10.0}"": 21, ""{'C': 1.0}"": 11}",5.14,4 positive x 22 negative analytes
T2,native,lpo:standards,all,fg_pyrrole_ring,F3,pca_lr,auroc,0.6818,0.3523,0.9432,0.5,,,,29,26,1000,,inner_cv(per fold),"{""{'C': 10.0}"": 39, ""{'C': 0.01}"": 24, ""{'C': 1.0}"": 11, ""{'C': 0.1}"": 14}",4.82,4 positive x 22 negative analytes
T2,native,lpo:standards,all,fg_pyrrole_ring,F3,pca_lr,auroc_spectra,0.6222,0.3295,0.8609,0.5,,,,29,26,1000,,inner_cv(per fold),"{""{'C': 10.0}"": 39, ""{'C': 0.01}"": 24, ""{'C': 1.0}"": 11, ""{'C': 0.1}"": 14}",4.82,4 positive x 22 negative analytes
T2,native,lpo:standards,all,fg_pyrrole_ring,F3,plsda,auroc,0.6818,0.2952,0.9545,0.5,,,,29,26,1000,,inner_cv(per fold),"{""{'n': 10}"": 14, ""{'n': 15}"": 14, ""{'n': 5}"": 34, ""{'n': 2}"": 26}",2.43,4 positive x 22 negative analytes
T2,native,lpo:standards,all,fg_pyrrole_ring,F3,plsda,auroc_spectra,0.554,0.2384,0.8409,0.5,,,,29,26,1000,,inner_cv(per fold),"{""{'n': 10}"": 14, ""{'n': 15}"": 14, ""{'n': 5}"": 34, ""{'n': 2}"": 26}",2.43,4 positive x 22 negative analytes
T2,native,lpo:standards,all,fg_pyrrole_ring,F3,ncm,auroc,0.875,0.7273,0.9886,0.5,,,,29,26,1000,,inner_cv(per fold),"{""{}"": 88}",0.07,4 positive x 22 negative analytes
T2,native,lpo:standards,all,fg_pyrrole_ring,F3,ncm,auroc_spectra,0.875,0.7273,0.9886,0.5,,,,29,26,1000,,inner_cv(per fold),"{""{}"": 88}",0.07,4 positive x 22 negative analytes
T2,native,lpo:standards,all,fg_pyrrole_ring,F3,hgb,auroc,0.6591,0.4545,0.8864,0.5,,,,29,26,1000,,inner_cv(per fold),"{""{}"": 88}",65.21,4 positive x 22 negative analytes
T2,native,lpo:standards,all,fg_pyrrole_ring,F3,hgb,auroc_spectra,0.6534,0.4545,0.8751,0.5,,,,29,26,1000,,inner_cv(per fold),"{""{}"": 88}",65.21,4 positive x 22 negative analytes
T2,native,lpo:standards,all,fg_pyrrole_ring,F3,knn,auroc,0.6761,0.4545,0.9034,0.5,,,,29,26,1000,,inner_cv(per fold),"{""{'k': 3}"": 42, ""{'k': 1}"": 23, ""{'k': 10}"": 21, ""{'k': 5}"": 2}",1.2,4 positive x 22 negative analytes
T2,native,lpo:standards,all,fg_pyrrole_ring,F3,knn,auroc_spectra,0.6705,0.4489,0.9034,0.5,,,,29,26,1000,,inner_cv(per fold),"{""{'k': 3}"": 42, ""{'k': 1}"": 23, ""{'k': 10}"": 21, ""{'k': 5}"": 2}",1.2,4 positive x 22 negative analytes
T2,native,lpo:standards,all,fg_pyrrole_ring,F1.bg,majority,auroc,0.5,0.5,0.5,0.5,,,,29,26,1000,,inner_cv(per fold),"{""{}"": 88}",0.07,4 positive x 22 negative analytes
T2,native,lpo:standards,all,fg_pyrrole_ring,F1.bg,majority,auroc_spectra,0.5,0.5,0.5,0.5,,,,29,26,1000,,inner_cv(per fold),"{""{}"": 88}",0.07,4 positive x 22 negative analytes
T2,native,lpo:standards,all,fg_pyrrole_ring,F1.bg,lr,auroc,0.8295,0.6818,0.9545,0.5,,,,29,26,1000,,inner_cv(per fold),"{""{'C': 0.1}"": 12, ""{'C': 0.01}"": 39, ""{'C': 1.0}"": 11, ""{'C': 10.0}"": 26}",2.42,4 positive x 22 negative analytes
T2,native,lpo:standards,all,fg_pyrrole_ring,F1.bg,lr,auroc_spectra,0.7358,0.5767,0.9091,0.5,,,,29,26,1000,,inner_cv(per fold),"{""{'C': 0.1}"": 12, ""{'C': 0.01}"": 39, ""{'C': 1.0}"": 11, ""{'C': 10.0}"": 26}",2.42,4 positive x 22 negative analytes
T2,native,lpo:standards,all,fg_pyrrole_ring,F1.bg,pca_lr,auroc,0.8409,0.6932,0.9659,0.5,,,,29,26,1000,,inner_cv(per fold),"{""{'C': 0.01}"": 49, ""{'C': 10.0}"": 23, ""{'C': 1.0}"": 7, ""{'C': 0.1}"": 9}",3.3,4 positive x 22 negative analytes
T2,native,lpo:standards,all,fg_pyrrole_ring,F1.bg,pca_lr,auroc_spectra,0.7415,0.571,0.9318,0.5,,,,29,26,1000,,inner_cv(per fold),"{""{'C': 0.01}"": 49, ""{'C': 10.0}"": 23, ""{'C': 1.0}"": 7, ""{'C': 0.1}"": 9}",3.3,4 positive x 22 negative analytes
T2,native,lpo:standards,all,fg_pyrrole_ring,F1.bg,plsda,auroc,0.8864,0.7727,0.9773,0.5,,,,29,26,1000,,inner_cv(per fold),"{""{'n': 10}"": 35, ""{'n': 5}"": 11, ""{'n': 15}"": 24, ""{'n': 2}"": 18}",1.52,4 positive x 22 negative analytes
T2,native,lpo:standards,all,fg_pyrrole_ring,F1.bg,plsda,auroc_spectra,0.7727,0.6023,0.9432,0.5,,,,29,26,1000,,inner_cv(per fold),"{""{'n': 10}"": 35, ""{'n': 5}"": 11, ""{'n': 15}"": 24, ""{'n': 2}"": 18}",1.52,4 positive x 22 negative analytes
T2,native,lpo:standards,all,fg_pyrrole_ring,F1.bg,ncm,auroc,0.8636,0.7159,0.9886,0.5,,,,29,26,1000,,inner_cv(per fold),"{""{}"": 88}",0.06,4 positive x 22 negative analytes
T2,native,lpo:standards,all,fg_pyrrole_ring,F1.bg,ncm,auroc_spectra,0.875,0.733,0.9886,0.5,,,,29,26,1000,,inner_cv(per fold),"{""{}"": 88}",0.06,4 positive x 22 negative analytes
T2,native,lpo:standards,all,fg_pyrrole_ring,F1.bg,hgb,auroc,0.8409,0.6591,0.9773,0.5,,,,29,26,1000,,inner_cv(per fold),"{""{}"": 88}",2.3,4 positive x 22 negative analytes
T2,native,lpo:standards,all,fg_pyrrole_ring,F1.bg,hgb,auroc_spectra,0.794,0.6023,0.9545,0.5,,,,29,26,1000,,inner_cv(per fold),"{""{}"": 88}",2.3,4 positive x 22 negative analytes
T2,native,lpo:standards,all,fg_pyrrole_ring,F1.bg,knn,auroc,0.8182,0.5909,0.9773,0.5,,,,29,26,1000,,inner_cv(per fold),"{""{'k': 10}"": 52, ""{'k': 5}"": 8, ""{'k': 1}"": 13, ""{'k': 3}"": 15}",1.13,4 positive x 22 negative analytes
T2,native,lpo:standards,all,fg_pyrrole_ring,F1.bg,knn,auroc_spectra,0.8097,0.5852,0.9716,0.5,,,,29,26,1000,,inner_cv(per fold),"{""{'k': 10}"": 52, ""{'k': 5}"": 8, ""{'k': 1}"": 13, ""{'k': 3}"": 15}",1.13,4 positive x 22 negative analytes
T2,native,lpo:standards,all,fg_pyrrole_ring,F3.bg,majority,auroc,0.5,0.5,0.5,0.5,,,,29,26,1000,,inner_cv(per fold),"{""{}"": 88}",0.07,4 positive x 22 negative analytes
T2,native,lpo:standards,all,fg_pyrrole_ring,F3.bg,majority,auroc_spectra,0.5,0.5,0.5,0.5,,,,29,26,1000,,inner_cv(per fold),"{""{}"": 88}",0.07,4 positive x 22 negative analytes
T2,native,lpo:standards,all,fg_pyrrole_ring,F3.bg,lr,auroc,0.7045,0.3864,0.9545,0.5,,,,29,26,1000,,inner_cv(per fold),"{""{'C': 0.1}"": 24, ""{'C': 0.01}"": 32, ""{'C': 10.0}"": 21, ""{'C': 1.0}"": 11}",5.05,4 positive x 22 negative analytes
T2,native,lpo:standards,all,fg_pyrrole_ring,F3.bg,lr,auroc_spectra,0.5938,0.3068,0.8526,0.5,,,,29,26,1000,,inner_cv(per fold),"{""{'C': 0.1}"": 24, ""{'C': 0.01}"": 32, ""{'C': 10.0}"": 21, ""{'C': 1.0}"": 11}",5.05,4 positive x 22 negative analytes
T2,native,lpo:standards,all,fg_pyrrole_ring,F3.bg,pca_lr,auroc,0.6761,0.3523,0.932,0.5,,,,29,26,1000,,inner_cv(per fold),"{""{'C': 10.0}"": 41, ""{'C': 0.01}"": 24, ""{'C': 1.0}"": 9, ""{'C': 0.1}"": 14}",4.84,4 positive x 22 negative analytes
T2,native,lpo:standards,all,fg_pyrrole_ring,F3.bg,pca_lr,auroc_spectra,0.6222,0.3295,0.8609,0.5,,,,29,26,1000,,inner_cv(per fold),"{""{'C': 10.0}"": 41, ""{'C': 0.01}"": 24, ""{'C': 1.0}"": 9, ""{'C': 0.1}"": 14}",4.84,4 positive x 22 negative analytes
T2,native,lpo:standards,all,fg_pyrrole_ring,F3.bg,plsda,auroc,0.6818,0.2952,0.9545,0.5,,,,29,26,1000,,inner_cv(per fold),"{""{'n': 10}"": 14, ""{'n': 15}"": 14, ""{'n': 5}"": 34, ""{'n': 2}"": 26}",2.75,4 positive x 22 negative analytes
T2,native,lpo:standards,all,fg_pyrrole_ring,F3.bg,plsda,auroc_spectra,0.554,0.2384,0.8409,0.5,,,,29,26,1000,,inner_cv(per fold),"{""{'n': 10}"": 14, ""{'n': 15}"": 14, ""{'n': 5}"": 34, ""{'n': 2}"": 26}",2.75,4 positive x 22 negative analytes
T2,native,lpo:standards,all,fg_pyrrole_ring,F3.bg,ncm,auroc,0.875,0.7273,0.9886,0.5,,,,29,26,1000,,inner_cv(per fold),"{""{}"": 88}",0.1,4 positive x 22 negative analytes
T2,native,lpo:standards,all,fg_pyrrole_ring,F3.bg,ncm,auroc_spectra,0.875,0.7273,0.9886,0.5,,,,29,26,1000,,inner_cv(per fold),"{""{}"": 88}",0.1,4 positive x 22 negative analytes
T2,native,lpo:standards,all,fg_pyrrole_ring,F3.bg,hgb,auroc,0.6591,0.4545,0.8864,0.5,,,,29,26,1000,,inner_cv(per fold),"{""{}"": 88}",11.53,4 positive x 22 negative analytes
T2,native,lpo:standards,all,fg_pyrrole_ring,F3.bg,hgb,auroc_spectra,0.6534,0.4545,0.8751,0.5,,,,29,26,1000,,inner_cv(per fold),"{""{}"": 88}",11.53,4 positive x 22 negative analytes
T2,native,lpo:standards,all,fg_pyrrole_ring,F3.bg,knn,auroc,0.7841,0.5114,0.9773,0.5,,,,29,26,1000,,inner_cv(per fold),"{""{'k': 10}"": 52, ""{'k': 5}"": 21, ""{'k': 3}"": 2, ""{'k': 1}"": 13}",1.82,4 positive x 22 negative analytes
T2,native,lpo:standards,all,fg_pyrrole_ring,F3.bg,knn,auroc_spectra,0.7784,0.5114,0.9659,0.5,,,,29,26,1000,,inner_cv(per fold),"{""{'k': 10}"": 52, ""{'k': 5}"": 21, ""{'k': 3}"": 2, ""{'k': 1}"": 13}",1.82,4 positive x 22 negative analytes
T2,native,lpo:standards,all,fg_pyrrole_ring,F3.d1,majority,auroc,0.5,0.5,0.5,0.5,,,,29,26,1000,,inner_cv(per fold),"{""{}"": 88}",0.07,4 positive x 22 negative analytes
T2,native,lpo:standards,all,fg_pyrrole_ring,F3.d1,majority,auroc_spectra,0.5,0.5,0.5,0.5,,,,29,26,1000,,inner_cv(per fold),"{""{}"": 88}",0.07,4 positive x 22 negative analytes
T2,native,lpo:standards,all,fg_pyrrole_ring,F3.d1,lr,auroc,0.5,0.0909,0.8636,0.5,,,,29,26,1000,,inner_cv(per fold),"{""{'C': 1.0}"": 20, ""{'C': 10.0}"": 21, ""{'C': 0.1}"": 8, ""{'C': 0.01}"": 39}",5.1,4 positive x 22 negative analytes
T2,native,lpo:standards,all,fg_pyrrole_ring,F3.d1,lr,auroc_spectra,0.5142,0.1193,0.8636,0.5,,,,29,26,1000,,inner_cv(per fold),"{""{'C': 1.0}"": 20, ""{'C': 10.0}"": 21, ""{'C': 0.1}"": 8, ""{'C': 0.01}"": 39}",5.1,4 positive x 22 negative analytes
T2,native,lpo:standards,all,fg_pyrrole_ring,F3.d1,pca_lr,auroc,0.625,0.2727,0.9091,0.5,,,,29,26,1000,,inner_cv(per fold),"{""{'C': 10.0}"": 42, ""{'C': 1.0}"": 8, ""{'C': 0.01}"": 36, ""{'C': 0.1}"": 2}",7.12,4 positive x 22 negative analytes
T2,native,lpo:standards,all,fg_pyrrole_ring,F3.d1,pca_lr,auroc_spectra,0.5398,0.1732,0.8636,0.5,,,,29,26,1000,,inner_cv(per fold),"{""{'C': 10.0}"": 42, ""{'C': 1.0}"": 8, ""{'C': 0.01}"": 36, ""{'C': 0.1}"": 2}",7.12,4 positive x 22 negative analytes
T2,native,lpo:standards,all,fg_pyrrole_ring,F3.d1,plsda,auroc,0.6591,0.4091,0.875,0.5,,,,29,26,1000,,inner_cv(per fold),"{""{'n': 10}"": 11, ""{'n': 2}"": 56, ""{'n': 15}"": 6, ""{'n': 5}"": 15}",2.66,4 positive x 22 negative analytes
T2,native,lpo:standards,all,fg_pyrrole_ring,F3.d1,plsda,auroc_spectra,0.5852,0.2784,0.8636,0.5,,,,29,26,1000,,inner_cv(per fold),"{""{'n': 10}"": 11, ""{'n': 2}"": 56, ""{'n': 15}"": 6, ""{'n': 5}"": 15}",2.66,4 positive x 22 negative analytes
T2,native,lpo:standards,all,fg_pyrrole_ring,F3.d1,ncm,auroc,0.8864,0.75,1.0,0.5,,,,29,26,1000,,inner_cv(per fold),"{""{}"": 88}",0.07,4 positive x 22 negative analytes
T2,native,lpo:standards,all,fg_pyrrole_ring,F3.d1,ncm,auroc_spectra,0.8835,0.75,0.9943,0.5,,,,29,26,1000,,inner_cv(per fold),"{""{}"": 88}",0.07,4 positive x 22 negative analytes
T2,native,lpo:standards,all,fg_pyrrole_ring,F3.d1,hgb,auroc,0.6932,0.4091,0.9094,0.5,,,,29,26,1000,,inner_cv(per fold),"{""{}"": 88}",11.55,4 positive x 22 negative analytes
T2,native,lpo:standards,all,fg_pyrrole_ring,F3.d1,hgb,auroc_spectra,0.6875,0.4091,0.9091,0.5,,,,29,26,1000,,inner_cv(per fold),"{""{}"": 88}",11.55,4 positive x 22 negative analytes
T2,native,lpo:standards,all,fg_pyrrole_ring,F3.d1,knn,auroc,0.5795,0.4375,0.7955,0.5,,,,29,26,1000,,inner_cv(per fold),"{""{'k': 10}"": 48, ""{'k': 3}"": 17, ""{'k': 1}"": 23}",1.19,4 positive x 22 negative analytes
T2,native,lpo:standards,all,fg_pyrrole_ring,F3.d1,knn,auroc_spectra,0.4972,0.4318,0.5625,0.5,,,,29,26,1000,,inner_cv(per fold),"{""{'k': 10}"": 48, ""{'k': 3}"": 17, ""{'k': 1}"": 23}",1.19,4 positive x 22 negative analytes
T2,native,lpo:standards,all,fg_indole,F1,majority,auroc,0.5,0.5,0.5,0.5,,,,29,26,1000,,inner_cv(per fold),"{""{}"": 88}",0.07,4 positive x 22 negative analytes
T2,native,lpo:standards,all,fg_indole,F1,majority,auroc_spectra,0.5,0.5,0.5,0.5,,,,29,26,1000,,inner_cv(per fold),"{""{}"": 88}",0.07,4 positive x 22 negative analytes
T2,native,lpo:standards,all,fg_indole,F1,lr,auroc,0.8295,0.6818,0.9545,0.5,0.039,1000,0.4924,29,26,1000,,inner_cv(per fold),"{""{'C': 0.1}"": 12, ""{'C': 0.01}"": 39, ""{'C': 1.0}"": 11, ""{'C': 10.0}"": 26}",2.93,4 positive x 22 negative analytes
T2,native,lpo:standards,all,fg_indole,F1,lr,auroc_spectra,0.7358,0.5767,0.9091,0.5,,,,29,26,1000,,inner_cv(per fold),"{""{'C': 0.1}"": 12, ""{'C': 0.01}"": 39, ""{'C': 1.0}"": 11, ""{'C': 10.0}"": 26}",2.93,4 positive x 22 negative analytes
T2,native,lpo:standards,all,fg_indole,F1,pca_lr,auroc,0.8409,0.6932,0.9659,0.5,,,,29,26,1000,,inner_cv(per fold),"{""{'C': 0.01}"": 49, ""{'C': 10.0}"": 23, ""{'C': 1.0}"": 7, ""{'C': 0.1}"": 9}",3.06,4 positive x 22 negative analytes
T2,native,lpo:standards,all,fg_indole,F1,pca_lr,auroc_spectra,0.7415,0.571,0.9318,0.5,,,,29,26,1000,,inner_cv(per fold),"{""{'C': 0.01}"": 49, ""{'C': 10.0}"": 23, ""{'C': 1.0}"": 7, ""{'C': 0.1}"": 9}",3.06,4 positive x 22 negative analytes
T2,native,lpo:standards,all,fg_indole,F1,plsda,auroc,0.8864,0.7727,0.9773,0.5,,,,29,26,1000,,inner_cv(per fold),"{""{'n': 10}"": 35, ""{'n': 5}"": 11, ""{'n': 15}"": 24, ""{'n': 2}"": 18}",1.52,4 positive x 22 negative analytes
T2,native,lpo:standards,all,fg_indole,F1,plsda,auroc_spectra,0.7727,0.6023,0.9432,0.5,,,,29,26,1000,,inner_cv(per fold),"{""{'n': 10}"": 35, ""{'n': 5}"": 11, ""{'n': 15}"": 24, ""{'n': 2}"": 18}",1.52,4 positive x 22 negative analytes
T2,native,lpo:standards,all,fg_indole,F1,ncm,auroc,0.8636,0.7159,0.9886,0.5,,,,29,26,1000,,inner_cv(per fold),"{""{}"": 88}",0.06,4 positive x 22 negative analytes
T2,native,lpo:standards,all,fg_indole,F1,ncm,auroc_spectra,0.875,0.733,0.9886,0.5,,,,29,26,1000,,inner_cv(per fold),"{""{}"": 88}",0.06,4 positive x 22 negative analytes
T2,native,lpo:standards,all,fg_indole,F1,hgb,auroc,0.8409,0.6591,0.9773,0.5,,,,29,26,1000,,inner_cv(per fold),"{""{}"": 88}",2.31,4 positive x 22 negative analytes
T2,native,lpo:standards,all,fg_indole,F1,hgb,auroc_spectra,0.794,0.6023,0.9545,0.5,,,,29,26,1000,,inner_cv(per fold),"{""{}"": 88}",2.31,4 positive x 22 negative analytes
T2,native,lpo:standards,all,fg_indole,F1,knn,auroc,0.75,0.5682,0.9091,0.5,,,,29,26,1000,,inner_cv(per fold),"{""{'k': 5}"": 44, ""{'k': 10}"": 30, ""{'k': 1}"": 13, ""{'k': 3}"": 1}",1.23,4 positive x 22 negative analytes
T2,native,lpo:standards,all,fg_indole,F1,knn,auroc_spectra,0.7315,0.5596,0.8892,0.5,,,,29,26,1000,,inner_cv(per fold),"{""{'k': 5}"": 44, ""{'k': 10}"": 30, ""{'k': 1}"": 13, ""{'k': 3}"": 1}",1.23,4 positive x 22 negative analytes
T2,native,lpo:standards,all,fg_indole,F1pos,majority,auroc,0.5,0.5,0.5,0.5,,,,29,26,1000,,inner_cv(per fold),"{""{}"": 88}",0.07,4 positive x 22 negative analytes
T2,native,lpo:standards,all,fg_indole,F1pos,majority,auroc_spectra,0.5,0.5,0.5,0.5,,,,29,26,1000,,inner_cv(per fold),"{""{}"": 88}",0.07,4 positive x 22 negative analytes
T2,native,lpo:standards,all,fg_indole,F1pos,lr,auroc,0.8523,0.6932,0.9773,0.5,,,,29,26,1000,,inner_cv(per fold),"{""{'C': 0.01}"": 51, ""{'C': 1.0}"": 11, ""{'C': 0.1}"": 8, ""{'C': 10.0}"": 18}",2.48,4 positive x 22 negative analytes
T2,native,lpo:standards,all,fg_indole,F1pos,lr,auroc_spectra,0.821,0.6705,0.9545,0.5,,,,29,26,1000,,inner_cv(per fold),"{""{'C': 0.01}"": 51, ""{'C': 1.0}"": 11, ""{'C': 0.1}"": 8, ""{'C': 10.0}"": 18}",2.48,4 positive x 22 negative analytes
T2,native,lpo:standards,all,fg_indole,F1pos,pca_lr,auroc,0.8295,0.6702,0.9545,0.5,,,,29,26,1000,,inner_cv(per fold),"{""{'C': 0.01}"": 43, ""{'C': 10.0}"": 24, ""{'C': 0.1}"": 8, ""{'C': 1.0}"": 13}",4.8,4 positive x 22 negative analytes
T2,native,lpo:standards,all,fg_indole,F1pos,pca_lr,auroc_spectra,0.8011,0.6562,0.9432,0.5,,,,29,26,1000,,inner_cv(per fold),"{""{'C': 0.01}"": 43, ""{'C': 10.0}"": 24, ""{'C': 0.1}"": 8, ""{'C': 1.0}"": 13}",4.8,4 positive x 22 negative analytes
T2,native,lpo:standards,all,fg_indole,F1pos,plsda,auroc,0.8523,0.6932,0.9773,0.5,,,,29,26,1000,,inner_cv(per fold),"{""{'n': 10}"": 23, ""{'n': 15}"": 4, ""{'n': 5}"": 15, ""{'n': 2}"": 46}",1.46,4 positive x 22 negative analytes
T2,native,lpo:standards,all,fg_indole,F1pos,plsda,auroc_spectra,0.8068,0.6364,0.9545,0.5,,,,29,26,1000,,inner_cv(per fold),"{""{'n': 10}"": 23, ""{'n': 15}"": 4, ""{'n': 5}"": 15, ""{'n': 2}"": 46}",1.46,4 positive x 22 negative analytes
T2,native,lpo:standards,all,fg_indole,F1pos,ncm,auroc,0.7841,0.6134,0.9435,0.5,,,,29,26,1000,,inner_cv(per fold),"{""{}"": 88}",0.06,4 positive x 22 negative analytes
T2,native,lpo:standards,all,fg_indole,F1pos,ncm,auroc_spectra,0.7955,0.625,0.949,0.5,,,,29,26,1000,,inner_cv(per fold),"{""{}"": 88}",0.06,4 positive x 22 negative analytes
T2,native,lpo:standards,all,fg_indole,F1pos,hgb,auroc,0.6591,0.4205,0.875,0.5,,,,29,26,1000,,inner_cv(per fold),"{""{}"": 88}",2.22,4 positive x 22 negative analytes
T2,native,lpo:standards,all,fg_indole,F1pos,hgb,auroc_spectra,0.5795,0.3764,0.7727,0.5,,,,29,26,1000,,inner_cv(per fold),"{""{}"": 88}",2.22,4 positive x 22 negative analytes
T2,native,lpo:standards,all,fg_indole,F1pos,knn,auroc,0.7273,0.4942,0.9321,0.5,,,,29,26,1000,,inner_cv(per fold),"{""{'k': 10}"": 42, ""{'k': 1}"": 14, ""{'k': 5}"": 32}",1.24,4 positive x 22 negative analytes
T2,native,lpo:standards,all,fg_indole,F1pos,knn,auroc_spectra,0.6875,0.4773,0.8949,0.5,,,,29,26,1000,,inner_cv(per fold),"{""{'k': 10}"": 42, ""{'k': 1}"": 14, ""{'k': 5}"": 32}",1.24,4 positive x 22 negative analytes
T2,native,lpo:standards,all,fg_indole,F2,majority,auroc,0.5,0.5,0.5,0.5,,,,29,26,1000,,inner_cv(per fold),"{""{}"": 88}",0.07,4 positive x 22 negative analytes
T2,native,lpo:standards,all,fg_indole,F2,majority,auroc_spectra,0.5,0.5,0.5,0.5,,,,29,26,1000,,inner_cv(per fold),"{""{}"": 88}",0.07,4 positive x 22 negative analytes
T2,native,lpo:standards,all,fg_indole,F2,lr,auroc,0.8977,0.7386,1.0,0.5,0.015,1000,0.4969,29,26,1000,,inner_cv(per fold),"{""{'C': 1.0}"": 22, ""{'C': 10.0}"": 34, ""{'C': 0.1}"": 1, ""{'C': 0.01}"": 31}",5.28,4 positive x 22 negative analytes
T2,native,lpo:standards,all,fg_indole,F2,lr,auroc_spectra,0.9062,0.7386,1.0,0.5,,,,29,26,1000,,inner_cv(per fold),"{""{'C': 1.0}"": 22, ""{'C': 10.0}"": 34, ""{'C': 0.1}"": 1, ""{'C': 0.01}"": 31}",5.28,4 positive x 22 negative analytes
T2,native,lpo:standards,all,fg_indole,F2,pca_lr,auroc,0.7841,0.5455,0.9886,0.5,,,,29,26,1000,,inner_cv(per fold),"{""{'C': 10.0}"": 29, ""{'C': 0.01}"": 44, ""{'C': 0.1}"": 6, ""{'C': 1.0}"": 9}",5.1,4 positive x 22 negative analytes
T2,native,lpo:standards,all,fg_indole,F2,pca_lr,auroc_spectra,0.7784,0.5455,0.9717,0.5,,,,29,26,1000,,inner_cv(per fold),"{""{'C': 10.0}"": 29, ""{'C': 0.01}"": 44, ""{'C': 0.1}"": 6, ""{'C': 1.0}"": 9}",5.1,4 positive x 22 negative analytes
T2,native,lpo:standards,all,fg_indole,F2,plsda,auroc,0.8409,0.6818,0.9659,0.5,,,,29,26,1000,,inner_cv(per fold),"{""{'n': 10}"": 20, ""{'n': 15}"": 16, ""{'n': 5}"": 18, ""{'n': 2}"": 34}",2.64,4 positive x 22 negative analytes
T2,native,lpo:standards,all,fg_indole,F2,plsda,auroc_spectra,0.821,0.6705,0.9347,0.5,,,,29,26,1000,,inner_cv(per fold),"{""{'n': 10}"": 20, ""{'n': 15}"": 16, ""{'n': 5}"": 18, ""{'n': 2}"": 34}",2.64,4 positive x 22 negative analytes
T2,native,lpo:standards,all,fg_indole,F2,ncm,auroc,0.8977,0.7614,1.0,0.5,,,,29,26,1000,,inner_cv(per fold),"{""{}"": 88}",0.07,4 positive x 22 negative analytes
T2,native,lpo:standards,all,fg_indole,F2,ncm,auroc_spectra,0.8977,0.7614,1.0,0.5,,,,29,26,1000,,inner_cv(per fold),"{""{}"": 88}",0.07,4 positive x 22 negative analytes
T2,native,lpo:standards,all,fg_indole,F2,hgb,auroc,0.7955,0.6364,0.9318,0.5,,,,29,26,1000,,inner_cv(per fold),"{""{}"": 88}",14.25,4 positive x 22 negative analytes
T2,native,lpo:standards,all,fg_indole,F2,hgb,auroc_spectra,0.7713,0.6136,0.892,0.5,,,,29,26,1000,,inner_cv(per fold),"{""{}"": 88}",14.25,4 positive x 22 negative analytes
T2,native,lpo:standards,all,fg_indole,F2,knn,auroc,0.7727,0.5909,0.9318,0.5,,,,29,26,1000,,inner_cv(per fold),"{""{'k': 3}"": 50, ""{'k': 5}"": 16, ""{'k': 1}"": 22}",1.94,4 positive x 22 negative analytes
T2,native,lpo:standards,all,fg_indole,F2,knn,auroc_spectra,0.7159,0.571,0.8636,0.5,,,,29,26,1000,,inner_cv(per fold),"{""{'k': 3}"": 50, ""{'k': 5}"": 16, ""{'k': 1}"": 22}",1.94,4 positive x 22 negative analytes
T2,native,lpo:standards,all,fg_indole,F3,majority,auroc,0.5,0.5,0.5,0.5,,,,29,26,1000,,inner_cv(per fold),"{""{}"": 88}",0.07,4 positive x 22 negative analytes
T2,native,lpo:standards,all,fg_indole,F3,majority,auroc_spectra,0.5,0.5,0.5,0.5,,,,29,26,1000,,inner_cv(per fold),"{""{}"": 88}",0.07,4 positive x 22 negative analytes
T2,native,lpo:standards,all,fg_indole,F3,lr,auroc,0.7045,0.3864,0.9545,0.5,,,,29,26,1000,,inner_cv(per fold),"{""{'C': 0.1}"": 24, ""{'C': 0.01}"": 32, ""{'C': 10.0}"": 21, ""{'C': 1.0}"": 11}",5.11,4 positive x 22 negative analytes
T2,native,lpo:standards,all,fg_indole,F3,lr,auroc_spectra,0.5909,0.3067,0.8524,0.5,,,,29,26,1000,,inner_cv(per fold),"{""{'C': 0.1}"": 24, ""{'C': 0.01}"": 32, ""{'C': 10.0}"": 21, ""{'C': 1.0}"": 11}",5.11,4 positive x 22 negative analytes
T2,native,lpo:standards,all,fg_indole,F3,pca_lr,auroc,0.6818,0.3523,0.9432,0.5,,,,29,26,1000,,inner_cv(per fold),"{""{'C': 10.0}"": 39, ""{'C': 0.01}"": 24, ""{'C': 1.0}"": 11, ""{'C': 0.1}"": 14}",4.51,4 positive x 22 negative analytes
T2,native,lpo:standards,all,fg_indole,F3,pca_lr,auroc_spectra,0.6222,0.3295,0.8609,0.5,,,,29,26,1000,,inner_cv(per fold),"{""{'C': 10.0}"": 39, ""{'C': 0.01}"": 24, ""{'C': 1.0}"": 11, ""{'C': 0.1}"": 14}",4.51,4 positive x 22 negative analytes
T2,native,lpo:standards,all,fg_indole,F3,plsda,auroc,0.6818,0.2952,0.9545,0.5,,,,29,26,1000,,inner_cv(per fold),"{""{'n': 10}"": 14, ""{'n': 15}"": 14, ""{'n': 5}"": 34, ""{'n': 2}"": 26}",4.0,4 positive x 22 negative analytes
T2,native,lpo:standards,all,fg_indole,F3,plsda,auroc_spectra,0.554,0.2384,0.8409,0.5,,,,29,26,1000,,inner_cv(per fold),"{""{'n': 10}"": 14, ""{'n': 15}"": 14, ""{'n': 5}"": 34, ""{'n': 2}"": 26}",4.0,4 positive x 22 negative analytes
T2,native,lpo:standards,all,fg_indole,F3,ncm,auroc,0.875,0.7273,0.9886,0.5,,,,29,26,1000,,inner_cv(per fold),"{""{}"": 88}",0.07,4 positive x 22 negative analytes
T2,native,lpo:standards,all,fg_indole,F3,ncm,auroc_spectra,0.875,0.7273,0.9886,0.5,,,,29,26,1000,,inner_cv(per fold),"{""{}"": 88}",0.07,4 positive x 22 negative analytes
T2,native,lpo:standards,all,fg_indole,F3,hgb,auroc,0.6591,0.4545,0.8864,0.5,,,,29,26,1000,,inner_cv(per fold),"{""{}"": 88}",54.67,4 positive x 22 negative analytes
T2,native,lpo:standards,all,fg_indole,F3,hgb,auroc_spectra,0.6534,0.4545,0.8751,0.5,,,,29,26,1000,,inner_cv(per fold),"{""{}"": 88}",54.67,4 positive x 22 negative analytes
T2,native,lpo:standards,all,fg_indole,F3,knn,auroc,0.6761,0.4545,0.9034,0.5,,,,29,26,1000,,inner_cv(per fold),"{""{'k': 3}"": 42, ""{'k': 1}"": 23, ""{'k': 10}"": 21, ""{'k': 5}"": 2}",1.17,4 positive x 22 negative analytes
T2,native,lpo:standards,all,fg_indole,F3,knn,auroc_spectra,0.6705,0.4489,0.9034,0.5,,,,29,26,1000,,inner_cv(per fold),"{""{'k': 3}"": 42, ""{'k': 1}"": 23, ""{'k': 10}"": 21, ""{'k': 5}"": 2}",1.17,4 positive x 22 negative analytes
T2,native,lpo:standards,all,fg_indole,F1.bg,majority,auroc,0.5,0.5,0.5,0.5,,,,29,26,1000,,inner_cv(per fold),"{""{}"": 88}",0.07,4 positive x 22 negative analytes
T2,native,lpo:standards,all,fg_indole,F1.bg,majority,auroc_spectra,0.5,0.5,0.5,0.5,,,,29,26,1000,,inner_cv(per fold),"{""{}"": 88}",0.07,4 positive x 22 negative analytes
T2,native,lpo:standards,all,fg_indole,F1.bg,lr,auroc,0.8295,0.6818,0.9545,0.5,,,,29,26,1000,,inner_cv(per fold),"{""{'C': 0.1}"": 12, ""{'C': 0.01}"": 39, ""{'C': 1.0}"": 11, ""{'C': 10.0}"": 26}",2.52,4 positive x 22 negative analytes
T2,native,lpo:standards,all,fg_indole,F1.bg,lr,auroc_spectra,0.7358,0.5767,0.9091,0.5,,,,29,26,1000,,inner_cv(per fold),"{""{'C': 0.1}"": 12, ""{'C': 0.01}"": 39, ""{'C': 1.0}"": 11, ""{'C': 10.0}"": 26}",2.52,4 positive x 22 negative analytes
T2,native,lpo:standards,all,fg_indole,F1.bg,pca_lr,auroc,0.8409,0.6932,0.9659,0.5,,,,29,26,1000,,inner_cv(per fold),"{""{'C': 0.01}"": 49, ""{'C': 10.0}"": 23, ""{'C': 1.0}"": 7, ""{'C': 0.1}"": 9}",3.01,4 positive x 22 negative analytes
T2,native,lpo:standards,all,fg_indole,F1.bg,pca_lr,auroc_spectra,0.7415,0.571,0.9318,0.5,,,,29,26,1000,,inner_cv(per fold),"{""{'C': 0.01}"": 49, ""{'C': 10.0}"": 23, ""{'C': 1.0}"": 7, ""{'C': 0.1}"": 9}",3.01,4 positive x 22 negative analytes
T2,native,lpo:standards,all,fg_indole,F1.bg,plsda,auroc,0.8864,0.7727,0.9773,0.5,,,,29,26,1000,,inner_cv(per fold),"{""{'n': 10}"": 35, ""{'n': 5}"": 11, ""{'n': 15}"": 24, ""{'n': 2}"": 18}",1.39,4 positive x 22 negative analytes
T2,native,lpo:standards,all,fg_indole,F1.bg,plsda,auroc_spectra,0.7727,0.6023,0.9432,0.5,,,,29,26,1000,,inner_cv(per fold),"{""{'n': 10}"": 35, ""{'n': 5}"": 11, ""{'n': 15}"": 24, ""{'n': 2}"": 18}",1.39,4 positive x 22 negative analytes
T2,native,lpo:standards,all,fg_indole,F1.bg,ncm,auroc,0.8636,0.7159,0.9886,0.5,,,,29,26,1000,,inner_cv(per fold),"{""{}"": 88}",0.06,4 positive x 22 negative analytes
T2,native,lpo:standards,all,fg_indole,F1.bg,ncm,auroc_spectra,0.875,0.733,0.9886,0.5,,,,29,26,1000,,inner_cv(per fold),"{""{}"": 88}",0.06,4 positive x 22 negative analytes
T2,native,lpo:standards,all,fg_indole,F1.bg,hgb,auroc,0.8409,0.6591,0.9773,0.5,,,,29,26,1000,,inner_cv(per fold),"{""{}"": 88}",2.29,4 positive x 22 negative analytes
T2,native,lpo:standards,all,fg_indole,F1.bg,hgb,auroc_spectra,0.794,0.6023,0.9545,0.5,,,,29,26,1000,,inner_cv(per fold),"{""{}"": 88}",2.29,4 positive x 22 negative analytes
T2,native,lpo:standards,all,fg_indole,F1.bg,knn,auroc,0.8182,0.5909,0.9773,0.5,,,,29,26,1000,,inner_cv(per fold),"{""{'k': 10}"": 52, ""{'k': 5}"": 8, ""{'k': 1}"": 13, ""{'k': 3}"": 15}",1.12,4 positive x 22 negative analytes
T2,native,lpo:standards,all,fg_indole,F1.bg,knn,auroc_spectra,0.8097,0.5852,0.9716,0.5,,,,29,26,1000,,inner_cv(per fold),"{""{'k': 10}"": 52, ""{'k': 5}"": 8, ""{'k': 1}"": 13, ""{'k': 3}"": 15}",1.12,4 positive x 22 negative analytes
T2,native,lpo:standards,all,fg_indole,F3.bg,majority,auroc,0.5,0.5,0.5,0.5,,,,29,26,1000,,inner_cv(per fold),"{""{}"": 88}",0.1,4 positive x 22 negative analytes
T2,native,lpo:standards,all,fg_indole,F3.bg,majority,auroc_spectra,0.5,0.5,0.5,0.5,,,,29,26,1000,,inner_cv(per fold),"{""{}"": 88}",0.1,4 positive x 22 negative analytes
T2,native,lpo:standards,all,fg_indole,F3.bg,lr,auroc,0.7045,0.3864,0.9545,0.5,,,,29,26,1000,,inner_cv(per fold),"{""{'C': 0.1}"": 24, ""{'C': 0.01}"": 32, ""{'C': 10.0}"": 21, ""{'C': 1.0}"": 11}",5.24,4 positive x 22 negative analytes
T2,native,lpo:standards,all,fg_indole,F3.bg,lr,auroc_spectra,0.5938,0.3068,0.8526,0.5,,,,29,26,1000,,inner_cv(per fold),"{""{'C': 0.1}"": 24, ""{'C': 0.01}"": 32, ""{'C': 10.0}"": 21, ""{'C': 1.0}"": 11}",5.24,4 positive x 22 negative analytes
T2,native,lpo:standards,all,fg_indole,F3.bg,pca_lr,auroc,0.6761,0.3523,0.932,0.5,,,,29,26,1000,,inner_cv(per fold),"{""{'C': 10.0}"": 41, ""{'C': 0.01}"": 24, ""{'C': 1.0}"": 9, ""{'C': 0.1}"": 14}",4.56,4 positive x 22 negative analytes
T2,native,lpo:standards,all,fg_indole,F3.bg,pca_lr,auroc_spectra,0.6222,0.3295,0.8609,0.5,,,,29,26,1000,,inner_cv(per fold),"{""{'C': 10.0}"": 41, ""{'C': 0.01}"": 24, ""{'C': 1.0}"": 9, ""{'C': 0.1}"": 14}",4.56,4 positive x 22 negative analytes
T2,native,lpo:standards,all,fg_indole,F3.bg,plsda,auroc,0.6818,0.2952,0.9545,0.5,,,,29,26,1000,,inner_cv(per fold),"{""{'n': 10}"": 14, ""{'n': 15}"": 14, ""{'n': 5}"": 34, ""{'n': 2}"": 26}",2.43,4 positive x 22 negative analytes
T2,native,lpo:standards,all,fg_indole,F3.bg,plsda,auroc_spectra,0.554,0.2384,0.8409,0.5,,,,29,26,1000,,inner_cv(per fold),"{""{'n': 10}"": 14, ""{'n': 15}"": 14, ""{'n': 5}"": 34, ""{'n': 2}"": 26}",2.43,4 positive x 22 negative analytes
T2,native,lpo:standards,all,fg_indole,F3.bg,ncm,auroc,0.875,0.7273,0.9886,0.5,,,,29,26,1000,,inner_cv(per fold),"{""{}"": 88}",0.1,4 positive x 22 negative analytes
T2,native,lpo:standards,all,fg_indole,F3.bg,ncm,auroc_spectra,0.875,0.7273,0.9886,0.5,,,,29,26,1000,,inner_cv(per fold),"{""{}"": 88}",0.1,4 positive x 22 negative analytes
T2,native,lpo:standards,all,fg_indole,F3.bg,hgb,auroc,0.6591,0.4545,0.8864,0.5,,,,29,26,1000,,inner_cv(per fold),"{""{}"": 88}",42.05,4 positive x 22 negative analytes
T2,native,lpo:standards,all,fg_indole,F3.bg,hgb,auroc_spectra,0.6534,0.4545,0.8751,0.5,,,,29,26,1000,,inner_cv(per fold),"{""{}"": 88}",42.05,4 positive x 22 negative analytes
T2,native,lpo:standards,all,fg_indole,F3.bg,knn,auroc,0.7841,0.5114,0.9773,0.5,,,,29,26,1000,,inner_cv(per fold),"{""{'k': 10}"": 52, ""{'k': 5}"": 21, ""{'k': 3}"": 2, ""{'k': 1}"": 13}",1.18,4 positive x 22 negative analytes
T2,native,lpo:standards,all,fg_indole,F3.bg,knn,auroc_spectra,0.7784,0.5114,0.9659,0.5,,,,29,26,1000,,inner_cv(per fold),"{""{'k': 10}"": 52, ""{'k': 5}"": 21, ""{'k': 3}"": 2, ""{'k': 1}"": 13}",1.18,4 positive x 22 negative analytes
T2,native,lpo:standards,all,fg_indole,F3.d1,majority,auroc,0.5,0.5,0.5,0.5,,,,29,26,1000,,inner_cv(per fold),"{""{}"": 88}",0.07,4 positive x 22 negative analytes
T2,native,lpo:standards,all,fg_indole,F3.d1,majority,auroc_spectra,0.5,0.5,0.5,0.5,,,,29,26,1000,,inner_cv(per fold),"{""{}"": 88}",0.07,4 positive x 22 negative analytes
T2,native,lpo:standards,all,fg_indole,F3.d1,lr,auroc,0.5,0.0909,0.8636,0.5,,,,29,26,1000,,inner_cv(per fold),"{""{'C': 1.0}"": 20, ""{'C': 10.0}"": 21, ""{'C': 0.1}"": 8, ""{'C': 0.01}"": 39}",4.86,4 positive x 22 negative analytes
T2,native,lpo:standards,all,fg_indole,F3.d1,lr,auroc_spectra,0.5142,0.1193,0.8636,0.5,,,,29,26,1000,,inner_cv(per fold),"{""{'C': 1.0}"": 20, ""{'C': 10.0}"": 21, ""{'C': 0.1}"": 8, ""{'C': 0.01}"": 39}",4.86,4 positive x 22 negative analytes
T2,native,lpo:standards,all,fg_indole,F3.d1,pca_lr,auroc,0.625,0.2727,0.9091,0.5,,,,29,26,1000,,inner_cv(per fold),"{""{'C': 10.0}"": 42, ""{'C': 1.0}"": 8, ""{'C': 0.01}"": 36, ""{'C': 0.1}"": 2}",4.78,4 positive x 22 negative analytes
T2,native,lpo:standards,all,fg_indole,F3.d1,pca_lr,auroc_spectra,0.5398,0.1732,0.8636,0.5,,,,29,26,1000,,inner_cv(per fold),"{""{'C': 10.0}"": 42, ""{'C': 1.0}"": 8, ""{'C': 0.01}"": 36, ""{'C': 0.1}"": 2}",4.78,4 positive x 22 negative analytes
T2,native,lpo:standards,all,fg_indole,F3.d1,plsda,auroc,0.6591,0.4091,0.875,0.5,,,,29,26,1000,,inner_cv(per fold),"{""{'n': 10}"": 11, ""{'n': 2}"": 56, ""{'n': 15}"": 6, ""{'n': 5}"": 15}",2.38,4 positive x 22 negative analytes
T2,native,lpo:standards,all,fg_indole,F3.d1,plsda,auroc_spectra,0.5852,0.2784,0.8636,0.5,,,,29,26,1000,,inner_cv(per fold),"{""{'n': 10}"": 11, ""{'n': 2}"": 56, ""{'n': 15}"": 6, ""{'n': 5}"": 15}",2.38,4 positive x 22 negative analytes
T2,native,lpo:standards,all,fg_indole,F3.d1,ncm,auroc,0.8864,0.75,1.0,0.5,,,,29,26,1000,,inner_cv(per fold),"{""{}"": 88}",0.07,4 positive x 22 negative analytes
T2,native,lpo:standards,all,fg_indole,F3.d1,ncm,auroc_spectra,0.8835,0.75,0.9943,0.5,,,,29,26,1000,,inner_cv(per fold),"{""{}"": 88}",0.07,4 positive x 22 negative analytes
T2,native,lpo:standards,all,fg_indole,F3.d1,hgb,auroc,0.6932,0.4091,0.9094,0.5,,,,29,26,1000,,inner_cv(per fold),"{""{}"": 88}",11.2,4 positive x 22 negative analytes
T2,native,lpo:standards,all,fg_indole,F3.d1,hgb,auroc_spectra,0.6875,0.4091,0.9091,0.5,,,,29,26,1000,,inner_cv(per fold),"{""{}"": 88}",11.2,4 positive x 22 negative analytes
T2,native,lpo:standards,all,fg_indole,F3.d1,knn,auroc,0.5795,0.4375,0.7955,0.5,,,,29,26,1000,,inner_cv(per fold),"{""{'k': 10}"": 48, ""{'k': 3}"": 17, ""{'k': 1}"": 23}",1.19,4 positive x 22 negative analytes
T2,native,lpo:standards,all,fg_indole,F3.d1,knn,auroc_spectra,0.4972,0.4318,0.5625,0.5,,,,29,26,1000,,inner_cv(per fold),"{""{'k': 10}"": 48, ""{'k': 3}"": 17, ""{'k': 1}"": 23}",1.19,4 positive x 22 negative analytes
T2,native,std_to_cells,all,fg_amide,F1,majority,auroc,0.5,0.5,0.5,0.5,,,,590,20,873,9,fixed,"[{""fold"": ""standards->cells"", ""src"": ""fixed"", ""thr"": 0.5}]",0.28,train: standards of analytes with no cell spectra; test: cell spectra
T2,native,std_to_cells,all,fg_amide,F1,majority,auprc,0.1017,0.0476,0.2632,0.1017,,,,590,20,873,9,fixed,"[{""fold"": ""standards->cells"", ""src"": ""fixed"", ""thr"": 0.5}]",0.28,train: standards of analytes with no cell spectra; test: cell spectra
T2,native,std_to_cells,all,fg_amide,F1,majority,bal_acc,0.5,0.5,0.5,0.5,,,,590,20,873,9,fixed,"[{""fold"": ""standards->cells"", ""src"": ""fixed"", ""thr"": 0.5}]",0.28,train: standards of analytes with no cell spectra; test: cell spectra
T2,native,std_to_cells,all@analyte,fg_amide,F1,majority,auroc,0.6111,0.5263,0.7105,0.5,,,,20,20,865,9,fixed,"[{""fold"": ""standards->cells"", ""src"": ""fixed"", ""thr"": 0.5}]",0.28,train: standards of analytes with no cell spectra; test: cell spectra
T2,native,std_to_cells,all@analyte,fg_amide,F1,majority,auprc,0.125,0.0556,0.3125,,,,,20,20,865,9,fixed,"[{""fold"": ""standards->cells"", ""src"": ""fixed"", ""thr"": 0.5}]",0.28,train: standards of analytes with no cell spectra; test: cell spectra
T2,native,std_to_cells,all@analyte,fg_amide,F1,majority,bal_acc,0.5,0.5,0.5,0.5,,,,20,20,865,9,fixed,"[{""fold"": ""standards->cells"", ""src"": ""fixed"", ""thr"": 0.5}]",0.28,train: standards of analytes with no cell spectra; test: cell spectra
T2,native,std_to_cells,all,fg_amide,F1,lr,auroc,0.4342,0.3357,0.5313,0.5,0.8611,1000,0.5144,590,20,873,9,inner_cv,"[{""fold"": ""standards->cells"", ""C"": 0.01, ""src"": ""inner_cv"", ""thr"": 0.5}]",0.41,train: standards of analytes with no cell spectra; test: cell spectra
T2,native,std_to_cells,all,fg_amide,F1,lr,auprc,0.0852,0.0386,0.2361,0.1017,,,,590,20,873,9,inner_cv,"[{""fold"": ""standards->cells"", ""C"": 0.01, ""src"": ""inner_cv"", ""thr"": 0.5}]",0.41,train: standards of analytes with no cell spectra; test: cell spectra
T2,native,std_to_cells,all,fg_amide,F1,lr,bal_acc,0.4679,0.4358,0.4937,0.5,,,,590,20,873,9,inner_cv,"[{""fold"": ""standards->cells"", ""C"": 0.01, ""src"": ""inner_cv"", ""thr"": 0.5}]",0.41,train: standards of analytes with no cell spectra; test: cell spectra
T2,native,std_to_cells,all@analyte,fg_amide,F1,lr,auroc,0.4167,0.1579,0.6842,0.5,,,,20,20,865,9,inner_cv,"[{""fold"": ""standards->cells"", ""C"": 0.01, ""src"": ""inner_cv"", ""thr"": 0.5}]",0.41,train: standards of analytes with no cell spectra; test: cell spectra
T2,native,std_to_cells,all@analyte,fg_amide,F1,lr,auprc,0.1214,0.0625,0.3333,,,,,20,20,865,9,inner_cv,"[{""fold"": ""standards->cells"", ""C"": 0.01, ""src"": ""inner_cv"", ""thr"": 0.5}]",0.41,train: standards of analytes with no cell spectra; test: cell spectra
T2,native,std_to_cells,all@analyte,fg_amide,F1,lr,bal_acc,0.5,0.5,0.5,0.5,,,,20,20,865,9,inner_cv,"[{""fold"": ""standards->cells"", ""C"": 0.01, ""src"": ""inner_cv"", ""thr"": 0.5}]",0.41,train: standards of analytes with no cell spectra; test: cell spectra
T2,native,std_to_cells,all,fg_amide,F1,pca_lr,auroc,0.4342,0.3354,0.5318,0.5,,,,590,20,873,9,inner_cv,"[{""fold"": ""standards->cells"", ""C"": 0.01, ""src"": ""inner_cv"", ""thr"": 0.5}]",0.43,train: standards of analytes with no cell spectra; test: cell spectra
T2,native,std_to_cells,all,fg_amide,F1,pca_lr,auprc,0.0852,0.0386,0.2362,0.1017,,,,590,20,873,9,inner_cv,"[{""fold"": ""standards->cells"", ""C"": 0.01, ""src"": ""inner_cv"", ""thr"": 0.5}]",0.43,train: standards of analytes with no cell spectra; test: cell spectra
T2,native,std_to_cells,all,fg_amide,F1,pca_lr,bal_acc,0.4679,0.4358,0.4937,0.5,,,,590,20,873,9,inner_cv,"[{""fold"": ""standards->cells"", ""C"": 0.01, ""src"": ""inner_cv"", ""thr"": 0.5}]",0.43,train: standards of analytes with no cell spectra; test: cell spectra
T2,native,std_to_cells,all@analyte,fg_amide,F1,pca_lr,auroc,0.4167,0.1579,0.6842,0.5,,,,20,20,865,9,inner_cv,"[{""fold"": ""standards->cells"", ""C"": 0.01, ""src"": ""inner_cv"", ""thr"": 0.5}]",0.43,train: standards of analytes with no cell spectra; test: cell spectra
T2,native,std_to_cells,all@analyte,fg_amide,F1,pca_lr,auprc,0.1214,0.0625,0.3333,,,,,20,20,865,9,inner_cv,"[{""fold"": ""standards->cells"", ""C"": 0.01, ""src"": ""inner_cv"", ""thr"": 0.5}]",0.43,train: standards of analytes with no cell spectra; test: cell spectra
T2,native,std_to_cells,all@analyte,fg_amide,F1,pca_lr,bal_acc,0.5,0.5,0.5,0.5,,,,20,20,865,9,inner_cv,"[{""fold"": ""standards->cells"", ""C"": 0.01, ""src"": ""inner_cv"", ""thr"": 0.5}]",0.43,train: standards of analytes with no cell spectra; test: cell spectra
T2,native,std_to_cells,all,fg_amide,F1,plsda,auroc,0.4341,0.3319,0.5325,0.5,,,,590,20,873,9,inner_cv,"[{""fold"": ""standards->cells"", ""n"": 2, ""src"": ""inner_cv"", ""thr"": 0.5}]",0.49,train: standards of analytes with no cell spectra; test: cell spectra
T2,native,std_to_cells,all,fg_amide,F1,plsda,auprc,0.0848,0.0387,0.2358,0.1017,,,,590,20,873,9,inner_cv,"[{""fold"": ""standards->cells"", ""n"": 2, ""src"": ""inner_cv"", ""thr"": 0.5}]",0.49,train: standards of analytes with no cell spectra; test: cell spectra
T2,native,std_to_cells,all,fg_amide,F1,plsda,bal_acc,0.483,0.4655,0.498,0.5,,,,590,20,873,9,inner_cv,"[{""fold"": ""standards->cells"", ""n"": 2, ""src"": ""inner_cv"", ""thr"": 0.5}]",0.49,train: standards of analytes with no cell spectra; test: cell spectra
T2,native,std_to_cells,all@analyte,fg_amide,F1,plsda,auroc,0.4167,0.1579,0.6842,0.5,,,,20,20,865,9,inner_cv,"[{""fold"": ""standards->cells"", ""n"": 2, ""src"": ""inner_cv"", ""thr"": 0.5}]",0.49,train: standards of analytes with no cell spectra; test: cell spectra
T2,native,std_to_cells,all@analyte,fg_amide,F1,plsda,auprc,0.1214,0.0625,0.3333,,,,,20,20,865,9,inner_cv,"[{""fold"": ""standards->cells"", ""n"": 2, ""src"": ""inner_cv"", ""thr"": 0.5}]",0.49,train: standards of analytes with no cell spectra; test: cell spectra
T2,native,std_to_cells,all@analyte,fg_amide,F1,plsda,bal_acc,0.5,0.5,0.5,0.5,,,,20,20,865,9,inner_cv,"[{""fold"": ""standards->cells"", ""n"": 2, ""src"": ""inner_cv"", ""thr"": 0.5}]",0.49,train: standards of analytes with no cell spectra; test: cell spectra
T2,native,std_to_cells,all,fg_amide,F1,ncm,auroc,0.3882,0.2471,0.5199,0.5,,,,590,20,873,9,inner_cv,"[{""fold"": ""standards->cells"", ""src"": ""inner_cv"", ""thr"": 0.5}]",0.45,train: standards of analytes with no cell spectra; test: cell spectra
T2,native,std_to_cells,all,fg_amide,F1,ncm,auprc,0.0797,0.034,0.2286,0.1017,,,,590,20,873,9,inner_cv,"[{""fold"": ""standards->cells"", ""src"": ""inner_cv"", ""thr"": 0.5}]",0.45,train: standards of analytes with no cell spectra; test: cell spectra
T2,native,std_to_cells,all,fg_amide,F1,ncm,bal_acc,0.4385,0.3958,0.4876,0.5,,,,590,20,873,9,inner_cv,"[{""fold"": ""standards->cells"", ""src"": ""inner_cv"", ""thr"": 0.5}]",0.45,train: standards of analytes with no cell spectra; test: cell spectra
T2,native,std_to_cells,all@analyte,fg_amide,F1,ncm,auroc,0.2222,0.0526,0.451,0.5,,,,20,20,865,9,inner_cv,"[{""fold"": ""standards->cells"", ""src"": ""inner_cv"", ""thr"": 0.5}]",0.45,train: standards of analytes with no cell spectra; test: cell spectra
T2,native,std_to_cells,all@analyte,fg_amide,F1,ncm,auprc,0.0945,0.0556,0.2599,,,,,20,20,865,9,inner_cv,"[{""fold"": ""standards->cells"", ""src"": ""inner_cv"", ""thr"": 0.5}]",0.45,train: standards of analytes with no cell spectra; test: cell spectra
T2,native,std_to_cells,all@analyte,fg_amide,F1,ncm,bal_acc,0.5556,0.5,0.6333,0.5,,,,20,20,865,9,inner_cv,"[{""fold"": ""standards->cells"", ""src"": ""inner_cv"", ""thr"": 0.5}]",0.45,train: standards of analytes with no cell spectra; test: cell spectra
T2,native,std_to_cells,all,fg_amide,F1,hgb,auroc,0.5,0.5,0.5,0.5,,,,590,20,873,9,inner_cv,"[{""fold"": ""standards->cells"", ""src"": ""inner_cv"", ""thr"": 0.5}]",0.37,train: standards of analytes with no cell spectra; test: cell spectra
T2,native,std_to_cells,all,fg_amide,F1,hgb,auprc,0.1017,0.0476,0.2632,0.1017,,,,590,20,873,9,inner_cv,"[{""fold"": ""standards->cells"", ""src"": ""inner_cv"", ""thr"": 0.5}]",0.37,train: standards of analytes with no cell spectra; test: cell spectra
T2,native,std_to_cells,all,fg_amide,F1,hgb,bal_acc,0.5,0.5,0.5,0.5,,,,590,20,873,9,inner_cv,"[{""fold"": ""standards->cells"", ""src"": ""inner_cv"", ""thr"": 0.5}]",0.37,train: standards of analytes with no cell spectra; test: cell spectra
T2,native,std_to_cells,all@analyte,fg_amide,F1,hgb,auroc,0.5,0.5,0.5,0.5,,,,20,20,865,9,inner_cv,"[{""fold"": ""standards->cells"", ""src"": ""inner_cv"", ""thr"": 0.5}]",0.37,train: standards of analytes with no cell spectra; test: cell spectra
T2,native,std_to_cells,all@analyte,fg_amide,F1,hgb,auprc,0.1,0.05,0.25,,,,,20,20,865,9,inner_cv,"[{""fold"": ""standards->cells"", ""src"": ""inner_cv"", ""thr"": 0.5}]",0.37,train: standards of analytes with no cell spectra; test: cell spectra
T2,native,std_to_cells,all@analyte,fg_amide,F1,hgb,bal_acc,0.5,0.5,0.5,0.5,,,,20,20,865,9,inner_cv,"[{""fold"": ""standards->cells"", ""src"": ""inner_cv"", ""thr"": 0.5}]",0.37,train: standards of analytes with no cell spectra; test: cell spectra
T2,native,std_to_cells,all,fg_amide,F1,knn,auroc,0.4835,0.4522,0.5149,0.5,,,,590,20,873,9,inner_cv,"[{""fold"": ""standards->cells"", ""k"": 1, ""src"": ""inner_cv"", ""thr"": 0.5}]",0.41,train: standards of analytes with no cell spectra; test: cell spectra
T2,native,std_to_cells,all,fg_amide,F1,knn,auprc,0.0998,0.0471,0.2611,0.1017,,,,590,20,873,9,inner_cv,"[{""fold"": ""standards->cells"", ""k"": 1, ""src"": ""inner_cv"", ""thr"": 0.5}]",0.41,train: standards of analytes with no cell spectra; test: cell spectra
T2,native,std_to_cells,all,fg_amide,F1,knn,bal_acc,0.4835,0.4522,0.5149,0.5,,,,590,20,873,9,inner_cv,"[{""fold"": ""standards->cells"", ""k"": 1, ""src"": ""inner_cv"", ""thr"": 0.5}]",0.41,train: standards of analytes with no cell spectra; test: cell spectra
T2,native,std_to_cells,all@analyte,fg_amide,F1,knn,auroc,0.6389,0.4049,0.8421,0.5,,,,20,20,865,9,inner_cv,"[{""fold"": ""standards->cells"", ""k"": 1, ""src"": ""inner_cv"", ""thr"": 0.5}]",0.41,train: standards of analytes with no cell spectra; test: cell spectra
T2,native,std_to_cells,all@analyte,fg_amide,F1,knn,auprc,0.1714,0.0833,0.4758,,,,,20,20,865,9,inner_cv,"[{""fold"": ""standards->cells"", ""k"": 1, ""src"": ""inner_cv"", ""thr"": 0.5}]",0.41,train: standards of analytes with no cell spectra; test: cell spectra
T2,native,std_to_cells,all@analyte,fg_amide,F1,knn,bal_acc,0.5,0.5,0.5,0.5,,,,20,20,865,9,inner_cv,"[{""fold"": ""standards->cells"", ""k"": 1, ""src"": ""inner_cv"", ""thr"": 0.5}]",0.41,train: standards of analytes with no cell spectra; test: cell spectra
T2,native,std_to_cells,all,fg_amide,F1pos,majority,auroc,0.5,0.5,0.5,0.5,,,,590,20,873,9,fixed,"[{""fold"": ""standards->cells"", ""src"": ""fixed"", ""thr"": 0.5}]",0.32,train: standards of analytes with no cell spectra; test: cell spectra
T2,native,std_to_cells,all,fg_amide,F1pos,majority,auprc,0.1017,0.0476,0.2632,0.1017,,,,590,20,873,9,fixed,"[{""fold"": ""standards->cells"", ""src"": ""fixed"", ""thr"": 0.5}]",0.32,train: standards of analytes with no cell spectra; test: cell spectra
T2,native,std_to_cells,all,fg_amide,F1pos,majority,bal_acc,0.5,0.5,0.5,0.5,,,,590,20,873,9,fixed,"[{""fold"": ""standards->cells"", ""src"": ""fixed"", ""thr"": 0.5}]",0.32,train: standards of analytes with no cell spectra; test: cell spectra
T2,native,std_to_cells,all@analyte,fg_amide,F1pos,majority,auroc,0.6111,0.5263,0.7105,0.5,,,,20,20,865,9,fixed,"[{""fold"": ""standards->cells"", ""src"": ""fixed"", ""thr"": 0.5}]",0.32,train: standards of analytes with no cell spectra; test: cell spectra
T2,native,std_to_cells,all@analyte,fg_amide,F1pos,majority,auprc,0.125,0.0556,0.3125,,,,,20,20,865,9,fixed,"[{""fold"": ""standards->cells"", ""src"": ""fixed"", ""thr"": 0.5}]",0.32,train: standards of analytes with no cell spectra; test: cell spectra
T2,native,std_to_cells,all@analyte,fg_amide,F1pos,majority,bal_acc,0.5,0.5,0.5,0.5,,,,20,20,865,9,fixed,"[{""fold"": ""standards->cells"", ""src"": ""fixed"", ""thr"": 0.5}]",0.32,train: standards of analytes with no cell spectra; test: cell spectra
T2,native,std_to_cells,all,fg_amide,F1pos,lr,auroc,0.3703,0.2238,0.5118,0.5,,,,590,20,873,9,inner_cv,"[{""fold"": ""standards->cells"", ""C"": 0.01, ""src"": ""inner_cv"", ""thr"": 0.4961}]",1.08,train: standards of analytes with no cell spectra; test: cell spectra
T2,native,std_to_cells,all,fg_amide,F1pos,lr,auprc,0.0791,0.0343,0.2298,0.1017,,,,590,20,873,9,inner_cv,"[{""fold"": ""standards->cells"", ""C"": 0.01, ""src"": ""inner_cv"", ""thr"": 0.4961}]",1.08,train: standards of analytes with no cell spectra; test: cell spectra
T2,native,std_to_cells,all,fg_amide,F1pos,lr,bal_acc,0.5,0.5,0.5,0.5,,,,590,20,873,9,inner_cv,"[{""fold"": ""standards->cells"", ""C"": 0.01, ""src"": ""inner_cv"", ""thr"": 0.4961}]",1.08,train: standards of analytes with no cell spectra; test: cell spectra
T2,native,std_to_cells,all@analyte,fg_amide,F1pos,lr,auroc,0.25,0.0526,0.5,0.5,,,,20,20,865,9,inner_cv,"[{""fold"": ""standards->cells"", ""C"": 0.01, ""src"": ""inner_cv"", ""thr"": 0.4961}]",1.08,train: standards of analytes with no cell spectra; test: cell spectra
T2,native,std_to_cells,all@analyte,fg_amide,F1pos,lr,auprc,0.0973,0.0556,0.2712,,,,,20,20,865,9,inner_cv,"[{""fold"": ""standards->cells"", ""C"": 0.01, ""src"": ""inner_cv"", ""thr"": 0.4961}]",1.08,train: standards of analytes with no cell spectra; test: cell spectra
T2,native,std_to_cells,all@analyte,fg_amide,F1pos,lr,bal_acc,0.5,0.5,0.5,0.5,,,,20,20,865,9,inner_cv,"[{""fold"": ""standards->cells"", ""C"": 0.01, ""src"": ""inner_cv"", ""thr"": 0.4961}]",1.08,train: standards of analytes with no cell spectra; test: cell spectra
T2,native,std_to_cells,all,fg_amide,F1pos,pca_lr,auroc,0.3786,0.2289,0.5216,0.5,,,,590,20,873,9,inner_cv,"[{""fold"": ""standards->cells"", ""C"": 10.0, ""src"": ""inner_cv"", ""thr"": 0.4529}]",0.39,train: standards of analytes with no cell spectra; test: cell spectra
T2,native,std_to_cells,all,fg_amide,F1pos,pca_lr,auprc,0.081,0.0348,0.2437,0.1017,,,,590,20,873,9,inner_cv,"[{""fold"": ""standards->cells"", ""C"": 10.0, ""src"": ""inner_cv"", ""thr"": 0.4529}]",0.39,train: standards of analytes with no cell spectra; test: cell spectra
T2,native,std_to_cells,all,fg_amide,F1pos,pca_lr,bal_acc,0.5,0.5,0.5,0.5,,,,590,20,873,9,inner_cv,"[{""fold"": ""standards->cells"", ""C"": 10.0, ""src"": ""inner_cv"", ""thr"": 0.4529}]",0.39,train: standards of analytes with no cell spectra; test: cell spectra
T2,native,std_to_cells,all@analyte,fg_amide,F1pos,pca_lr,auroc,0.3889,0.1111,0.672,0.5,,,,20,20,865,9,inner_cv,"[{""fold"": ""standards->cells"", ""C"": 10.0, ""src"": ""inner_cv"", ""thr"": 0.4529}]",0.39,train: standards of analytes with no cell spectra; test: cell spectra
T2,native,std_to_cells,all@analyte,fg_amide,F1pos,pca_lr,auprc,0.1167,0.0588,0.3333,,,,,20,20,865,9,inner_cv,"[{""fold"": ""standards->cells"", ""C"": 10.0, ""src"": ""inner_cv"", ""thr"": 0.4529}]",0.39,train: standards of analytes with no cell spectra; test: cell spectra
T2,native,std_to_cells,all@analyte,fg_amide,F1pos,pca_lr,bal_acc,0.5,0.5,0.5,0.5,,,,20,20,865,9,inner_cv,"[{""fold"": ""standards->cells"", ""C"": 10.0, ""src"": ""inner_cv"", ""thr"": 0.4529}]",0.39,train: standards of analytes with no cell spectra; test: cell spectra
T2,native,std_to_cells,all,fg_amide,F1pos,plsda,auroc,0.3781,0.2256,0.5271,0.5,,,,590,20,873,9,inner_cv,"[{""fold"": ""standards->cells"", ""n"": 2, ""src"": ""inner_cv"", ""thr"": 0.4809}]",0.92,train: standards of analytes with no cell spectra; test: cell spectra
T2,native,std_to_cells,all,fg_amide,F1pos,plsda,auprc,0.0816,0.0346,0.2469,0.1017,,,,590,20,873,9,inner_cv,"[{""fold"": ""standards->cells"", ""n"": 2, ""src"": ""inner_cv"", ""thr"": 0.4809}]",0.92,train: standards of analytes with no cell spectra; test: cell spectra
T2,native,std_to_cells,all,fg_amide,F1pos,plsda,bal_acc,0.5,0.5,0.5,0.5,,,,590,20,873,9,inner_cv,"[{""fold"": ""standards->cells"", ""n"": 2, ""src"": ""inner_cv"", ""thr"": 0.4809}]",0.92,train: standards of analytes with no cell spectra; test: cell spectra
T2,native,std_to_cells,all@analyte,fg_amide,F1pos,plsda,auroc,0.25,0.0526,0.5,0.5,,,,20,20,865,9,inner_cv,"[{""fold"": ""standards->cells"", ""n"": 2, ""src"": ""inner_cv"", ""thr"": 0.4809}]",0.92,train: standards of analytes with no cell spectra; test: cell spectra
T2,native,std_to_cells,all@analyte,fg_amide,F1pos,plsda,auprc,0.0973,0.0556,0.2712,,,,,20,20,865,9,inner_cv,"[{""fold"": ""standards->cells"", ""n"": 2, ""src"": ""inner_cv"", ""thr"": 0.4809}]",0.92,train: standards of analytes with no cell spectra; test: cell spectra
T2,native,std_to_cells,all@analyte,fg_amide,F1pos,plsda,bal_acc,0.5,0.5,0.5,0.5,,,,20,20,865,9,inner_cv,"[{""fold"": ""standards->cells"", ""n"": 2, ""src"": ""inner_cv"", ""thr"": 0.4809}]",0.92,train: standards of analytes with no cell spectra; test: cell spectra
T2,native,std_to_cells,all,fg_amide,F1pos,ncm,auroc,0.3742,0.1997,0.5504,0.5,,,,590,20,873,9,inner_cv,"[{""fold"": ""standards->cells"", ""src"": ""inner_cv"", ""thr"": 0.9433}]",1.25,train: standards of analytes with no cell spectra; test: cell spectra
T2,native,std_to_cells,all,fg_amide,F1pos,ncm,auprc,0.0818,0.0348,0.2401,0.1017,,,,590,20,873,9,inner_cv,"[{""fold"": ""standards->cells"", ""src"": ""inner_cv"", ""thr"": 0.9433}]",1.25,train: standards of analytes with no cell spectra; test: cell spectra
T2,native,std_to_cells,all,fg_amide,F1pos,ncm,bal_acc,0.4951,0.4812,0.5096,0.5,,,,590,20,873,9,inner_cv,"[{""fold"": ""standards->cells"", ""src"": ""inner_cv"", ""thr"": 0.9433}]",1.25,train: standards of analytes with no cell spectra; test: cell spectra
T2,native,std_to_cells,all@analyte,fg_amide,F1pos,ncm,auroc,0.25,0.0526,0.5,0.5,,,,20,20,865,9,inner_cv,"[{""fold"": ""standards->cells"", ""src"": ""inner_cv"", ""thr"": 0.9433}]",1.25,train: standards of analytes with no cell spectra; test: cell spectra
T2,native,std_to_cells,all@analyte,fg_amide,F1pos,ncm,auprc,0.0973,0.0556,0.2712,,,,,20,20,865,9,inner_cv,"[{""fold"": ""standards->cells"", ""src"": ""inner_cv"", ""thr"": 0.9433}]",1.25,train: standards of analytes with no cell spectra; test: cell spectra
T2,native,std_to_cells,all@analyte,fg_amide,F1pos,ncm,bal_acc,0.5,0.5,0.5,0.5,,,,20,20,865,9,inner_cv,"[{""fold"": ""standards->cells"", ""src"": ""inner_cv"", ""thr"": 0.9433}]",1.25,train: standards of analytes with no cell spectra; test: cell spectra
T2,native,std_to_cells,all,fg_amide,F1pos,hgb,auroc,0.5,0.5,0.5,0.5,,,,590,20,873,9,inner_cv,"[{""fold"": ""standards->cells"", ""src"": ""inner_cv"", ""thr"": 0.5}]",1.47,train: standards of analytes with no cell spectra; test: cell spectra
T2,native,std_to_cells,all,fg_amide,F1pos,hgb,auprc,0.1017,0.0476,0.2632,0.1017,,,,590,20,873,9,inner_cv,"[{""fold"": ""standards->cells"", ""src"": ""inner_cv"", ""thr"": 0.5}]",1.47,train: standards of analytes with no cell spectra; test: cell spectra
T2,native,std_to_cells,all,fg_amide,F1pos,hgb,bal_acc,0.5,0.5,0.5,0.5,,,,590,20,873,9,inner_cv,"[{""fold"": ""standards->cells"", ""src"": ""inner_cv"", ""thr"": 0.5}]",1.47,train: standards of analytes with no cell spectra; test: cell spectra
T2,native,std_to_cells,all@analyte,fg_amide,F1pos,hgb,auroc,0.5,0.5,0.5,0.5,,,,20,20,865,9,inner_cv,"[{""fold"": ""standards->cells"", ""src"": ""inner_cv"", ""thr"": 0.5}]",1.47,train: standards of analytes with no cell spectra; test: cell spectra
T2,native,std_to_cells,all@analyte,fg_amide,F1pos,hgb,auprc,0.1,0.05,0.25,,,,,20,20,865,9,inner_cv,"[{""fold"": ""standards->cells"", ""src"": ""inner_cv"", ""thr"": 0.5}]",1.47,train: standards of analytes with no cell spectra; test: cell spectra
T2,native,std_to_cells,all@analyte,fg_amide,F1pos,hgb,bal_acc,0.5,0.5,0.5,0.5,,,,20,20,865,9,inner_cv,"[{""fold"": ""standards->cells"", ""src"": ""inner_cv"", ""thr"": 0.5}]",1.47,train: standards of analytes with no cell spectra; test: cell spectra
T2,native,std_to_cells,all,fg_amide,F1pos,knn,auroc,0.5033,0.4871,0.5208,0.5,,,,590,20,873,9,inner_cv,"[{""fold"": ""standards->cells"", ""k"": 1, ""src"": ""inner_cv"", ""thr"": 0.5}]",1.43,train: standards of analytes with no cell spectra; test: cell spectra
T2,native,std_to_cells,all,fg_amide,F1pos,knn,auprc,0.1024,0.048,0.2657,0.1017,,,,590,20,873,9,inner_cv,"[{""fold"": ""standards->cells"", ""k"": 1, ""src"": ""inner_cv"", ""thr"": 0.5}]",1.43,train: standards of analytes with no cell spectra; test: cell spectra
T2,native,std_to_cells,all,fg_amide,F1pos,knn,bal_acc,0.5033,0.4871,0.5208,0.5,,,,590,20,873,9,inner_cv,"[{""fold"": ""standards->cells"", ""k"": 1, ""src"": ""inner_cv"", ""thr"": 0.5}]",1.43,train: standards of analytes with no cell spectra; test: cell spectra
T2,native,std_to_cells,all@analyte,fg_amide,F1pos,knn,auroc,0.6111,0.3493,0.8531,0.5,,,,20,20,865,9,inner_cv,"[{""fold"": ""standards->cells"", ""k"": 1, ""src"": ""inner_cv"", ""thr"": 0.5}]",1.43,train: standards of analytes with no cell spectra; test: cell spectra
T2,native,std_to_cells,all@analyte,fg_amide,F1pos,knn,auprc,0.1623,0.0769,0.451,,,,,20,20,865,9,inner_cv,"[{""fold"": ""standards->cells"", ""k"": 1, ""src"": ""inner_cv"", ""thr"": 0.5}]",1.43,train: standards of analytes with no cell spectra; test: cell spectra
T2,native,std_to_cells,all@analyte,fg_amide,F1pos,knn,bal_acc,0.5,0.5,0.5,0.5,,,,20,20,865,9,inner_cv,"[{""fold"": ""standards->cells"", ""k"": 1, ""src"": ""inner_cv"", ""thr"": 0.5}]",1.43,train: standards of analytes with no cell spectra; test: cell spectra
T2,native,std_to_cells,all,fg_amide,F2,majority,auroc,0.5,0.5,0.5,0.5,,,,590,20,873,9,fixed,"[{""fold"": ""standards->cells"", ""src"": ""fixed"", ""thr"": 0.5}]",1.12,train: standards of analytes with no cell spectra; test: cell spectra
T2,native,std_to_cells,all,fg_amide,F2,majority,auprc,0.1017,0.0476,0.2632,0.1017,,,,590,20,873,9,fixed,"[{""fold"": ""standards->cells"", ""src"": ""fixed"", ""thr"": 0.5}]",1.12,train: standards of analytes with no cell spectra; test: cell spectra
T2,native,std_to_cells,all,fg_amide,F2,majority,bal_acc,0.5,0.5,0.5,0.5,,,,590,20,873,9,fixed,"[{""fold"": ""standards->cells"", ""src"": ""fixed"", ""thr"": 0.5}]",1.12,train: standards of analytes with no cell spectra; test: cell spectra
T2,native,std_to_cells,all@analyte,fg_amide,F2,majority,auroc,0.6111,0.5263,0.7105,0.5,,,,20,20,865,9,fixed,"[{""fold"": ""standards->cells"", ""src"": ""fixed"", ""thr"": 0.5}]",1.12,train: standards of analytes with no cell spectra; test: cell spectra
T2,native,std_to_cells,all@analyte,fg_amide,F2,majority,auprc,0.125,0.0556,0.3125,,,,,20,20,865,9,fixed,"[{""fold"": ""standards->cells"", ""src"": ""fixed"", ""thr"": 0.5}]",1.12,train: standards of analytes with no cell spectra; test: cell spectra
T2,native,std_to_cells,all@analyte,fg_amide,F2,majority,bal_acc,0.5,0.5,0.5,0.5,,,,20,20,865,9,fixed,"[{""fold"": ""standards->cells"", ""src"": ""fixed"", ""thr"": 0.5}]",1.12,train: standards of analytes with no cell spectra; test: cell spectra
T2,native,std_to_cells,all,fg_amide,F2,lr,auroc,0.6364,0.5404,0.7281,0.5,,,,590,20,873,9,inner_cv,"[{""fold"": ""standards->cells"", ""C"": 0.01, ""src"": ""inner_cv"", ""thr"": 0.9976}]",1.4,train: standards of analytes with no cell spectra; test: cell spectra
T2,native,std_to_cells,all,fg_amide,F2,lr,auprc,0.1268,0.056,0.3268,0.1017,,,,590,20,873,9,inner_cv,"[{""fold"": ""standards->cells"", ""C"": 0.01, ""src"": ""inner_cv"", ""thr"": 0.9976}]",1.4,train: standards of analytes with no cell spectra; test: cell spectra
T2,native,std_to_cells,all,fg_amide,F2,lr,bal_acc,0.5,0.5,0.5,0.5,,,,590,20,873,9,inner_cv,"[{""fold"": ""standards->cells"", ""C"": 0.01, ""src"": ""inner_cv"", ""thr"": 0.9976}]",1.4,train: standards of analytes with no cell spectra; test: cell spectra
T2,native,std_to_cells,all@analyte,fg_amide,F2,lr,auroc,0.75,0.5263,0.9425,0.5,,,,20,20,865,9,inner_cv,"[{""fold"": ""standards->cells"", ""C"": 0.01, ""src"": ""inner_cv"", ""thr"": 0.9976}]",1.4,train: standards of analytes with no cell spectra; test: cell spectra
T2,native,std_to_cells,all@analyte,fg_amide,F2,lr,auprc,0.2429,0.1111,0.6948,,,,,20,20,865,9,inner_cv,"[{""fold"": ""standards->cells"", ""C"": 0.01, ""src"": ""inner_cv"", ""thr"": 0.9976}]",1.4,train: standards of analytes with no cell spectra; test: cell spectra
T2,native,std_to_cells,all@analyte,fg_amide,F2,lr,bal_acc,0.5,0.5,0.5,0.5,,,,20,20,865,9,inner_cv,"[{""fold"": ""standards->cells"", ""C"": 0.01, ""src"": ""inner_cv"", ""thr"": 0.9976}]",1.4,train: standards of analytes with no cell spectra; test: cell spectra
T2,native,std_to_cells,all,fg_amide,F2,pca_lr,auroc,0.661,0.489,0.824,0.5,,,,590,20,873,9,inner_cv,"[{""fold"": ""standards->cells"", ""C"": 0.01, ""src"": ""inner_cv"", ""thr"": 0.9976}]",1.01,train: standards of analytes with no cell spectra; test: cell spectra
T2,native,std_to_cells,all,fg_amide,F2,pca_lr,auprc,0.1426,0.0489,0.3932,0.1017,,,,590,20,873,9,inner_cv,"[{""fold"": ""standards->cells"", ""C"": 0.01, ""src"": ""inner_cv"", ""thr"": 0.9976}]",1.01,train: standards of analytes with no cell spectra; test: cell spectra
T2,native,std_to_cells,all,fg_amide,F2,pca_lr,bal_acc,0.5,0.5,0.5,0.5,,,,590,20,873,9,inner_cv,"[{""fold"": ""standards->cells"", ""C"": 0.01, ""src"": ""inner_cv"", ""thr"": 0.9976}]",1.01,train: standards of analytes with no cell spectra; test: cell spectra
T2,native,std_to_cells,all@analyte,fg_amide,F2,pca_lr,auroc,0.7778,0.5597,0.9608,0.5,,,,20,20,865,9,inner_cv,"[{""fold"": ""standards->cells"", ""C"": 0.01, ""src"": ""inner_cv"", ""thr"": 0.9976}]",1.01,train: standards of analytes with no cell spectra; test: cell spectra
T2,native,std_to_cells,all@analyte,fg_amide,F2,pca_lr,auprc,0.2679,0.125,0.9067,,,,,20,20,865,9,inner_cv,"[{""fold"": ""standards->cells"", ""C"": 0.01, ""src"": ""inner_cv"", ""thr"": 0.9976}]",1.01,train: standards of analytes with no cell spectra; test: cell spectra
T2,native,std_to_cells,all@analyte,fg_amide,F2,pca_lr,bal_acc,0.5,0.5,0.5,0.5,,,,20,20,865,9,inner_cv,"[{""fold"": ""standards->cells"", ""C"": 0.01, ""src"": ""inner_cv"", ""thr"": 0.9976}]",1.01,train: standards of analytes with no cell spectra; test: cell spectra
T2,native,std_to_cells,all,fg_amide,F2,plsda,auroc,0.6178,0.5388,0.6985,0.5,,,,590,20,873,9,inner_cv,"[{""fold"": ""standards->cells"", ""n"": 2, ""src"": ""inner_cv"", ""thr"": 1.0}]",1.35,train: standards of analytes with no cell spectra; test: cell spectra
T2,native,std_to_cells,all,fg_amide,F2,plsda,auprc,0.1238,0.056,0.3208,0.1017,,,,590,20,873,9,inner_cv,"[{""fold"": ""standards->cells"", ""n"": 2, ""src"": ""inner_cv"", ""thr"": 1.0}]",1.35,train: standards of analytes with no cell spectra; test: cell spectra
T2,native,std_to_cells,all,fg_amide,F2,plsda,bal_acc,0.5,0.5,0.5,0.5,,,,590,20,873,9,inner_cv,"[{""fold"": ""standards->cells"", ""n"": 2, ""src"": ""inner_cv"", ""thr"": 1.0}]",1.35,train: standards of analytes with no cell spectra; test: cell spectra
T2,native,std_to_cells,all@analyte,fg_amide,F2,plsda,auroc,0.7778,0.5625,0.9474,0.5,,,,20,20,865,9,inner_cv,"[{""fold"": ""standards->cells"", ""n"": 2, ""src"": ""inner_cv"", ""thr"": 1.0}]",1.35,train: standards of analytes with no cell spectra; test: cell spectra
T2,native,std_to_cells,all@analyte,fg_amide,F2,plsda,auprc,0.2667,0.125,0.75,,,,,20,20,865,9,inner_cv,"[{""fold"": ""standards->cells"", ""n"": 2, ""src"": ""inner_cv"", ""thr"": 1.0}]",1.35,train: standards of analytes with no cell spectra; test: cell spectra
T2,native,std_to_cells,all@analyte,fg_amide,F2,plsda,bal_acc,0.5,0.5,0.5,0.5,,,,20,20,865,9,inner_cv,"[{""fold"": ""standards->cells"", ""n"": 2, ""src"": ""inner_cv"", ""thr"": 1.0}]",1.35,train: standards of analytes with no cell spectra; test: cell spectra
T2,native,std_to_cells,all,fg_amide,F2,ncm,auroc,0.689,0.4265,0.9097,0.5,0.0749,1000,0.5365,590,20,873,9,inner_cv,"[{""fold"": ""standards->cells"", ""src"": ""inner_cv"", ""thr"": 0.999}]",1.18,train: standards of analytes with no cell spectra; test: cell spectra
T2,native,std_to_cells,all,fg_amide,F2,ncm,auprc,0.1681,0.043,0.5155,0.1017,,,,590,20,873,9,inner_cv,"[{""fold"": ""standards->cells"", ""src"": ""inner_cv"", ""thr"": 0.999}]",1.18,train: standards of analytes with no cell spectra; test: cell spectra
T2,native,std_to_cells,all,fg_amide,F2,ncm,bal_acc,0.5,0.5,0.5,0.5,,,,590,20,873,9,inner_cv,"[{""fold"": ""standards->cells"", ""src"": ""inner_cv"", ""thr"": 0.999}]",1.18,train: standards of analytes with no cell spectra; test: cell spectra
T2,native,std_to_cells,all@analyte,fg_amide,F2,ncm,auroc,0.75,0.4211,1.0,0.5,,,,20,20,865,9,inner_cv,"[{""fold"": ""standards->cells"", ""src"": ""inner_cv"", ""thr"": 0.999}]",1.18,train: standards of analytes with no cell spectra; test: cell spectra
T2,native,std_to_cells,all@analyte,fg_amide,F2,ncm,auprc,0.35,0.0909,1.0,,,,,20,20,865,9,inner_cv,"[{""fold"": ""standards->cells"", ""src"": ""inner_cv"", ""thr"": 0.999}]",1.18,train: standards of analytes with no cell spectra; test: cell spectra
T2,native,std_to_cells,all@analyte,fg_amide,F2,ncm,bal_acc,0.5,0.5,0.5,0.5,,,,20,20,865,9,inner_cv,"[{""fold"": ""standards->cells"", ""src"": ""inner_cv"", ""thr"": 0.999}]",1.18,train: standards of analytes with no cell spectra; test: cell spectra
T2,native,std_to_cells,all,fg_amide,F2,hgb,auroc,0.5,0.5,0.5,0.5,,,,590,20,873,9,inner_cv,"[{""fold"": ""standards->cells"", ""src"": ""inner_cv"", ""thr"": 0.5}]",1.16,train: standards of analytes with no cell spectra; test: cell spectra
T2,native,std_to_cells,all,fg_amide,F2,hgb,auprc,0.1017,0.0476,0.2632,0.1017,,,,590,20,873,9,inner_cv,"[{""fold"": ""standards->cells"", ""src"": ""inner_cv"", ""thr"": 0.5}]",1.16,train: standards of analytes with no cell spectra; test: cell spectra
T2,native,std_to_cells,all,fg_amide,F2,hgb,bal_acc,0.5,0.5,0.5,0.5,,,,590,20,873,9,inner_cv,"[{""fold"": ""standards->cells"", ""src"": ""inner_cv"", ""thr"": 0.5}]",1.16,train: standards of analytes with no cell spectra; test: cell spectra
T2,native,std_to_cells,all@analyte,fg_amide,F2,hgb,auroc,0.5,0.5,0.5,0.5,,,,20,20,865,9,inner_cv,"[{""fold"": ""standards->cells"", ""src"": ""inner_cv"", ""thr"": 0.5}]",1.16,train: standards of analytes with no cell spectra; test: cell spectra
T2,native,std_to_cells,all@analyte,fg_amide,F2,hgb,auprc,0.1,0.05,0.25,,,,,20,20,865,9,inner_cv,"[{""fold"": ""standards->cells"", ""src"": ""inner_cv"", ""thr"": 0.5}]",1.16,train: standards of analytes with no cell spectra; test: cell spectra
T2,native,std_to_cells,all@analyte,fg_amide,F2,hgb,bal_acc,0.5,0.5,0.5,0.5,,,,20,20,865,9,inner_cv,"[{""fold"": ""standards->cells"", ""src"": ""inner_cv"", ""thr"": 0.5}]",1.16,train: standards of analytes with no cell spectra; test: cell spectra
T2,native,std_to_cells,all,fg_amide,F2,knn,auroc,0.4981,0.495,0.5,0.5,,,,590,20,873,9,inner_cv,"[{""fold"": ""standards->cells"", ""k"": 1, ""src"": ""inner_cv"", ""thr"": 0.5}]",1.06,train: standards of analytes with no cell spectra; test: cell spectra
T2,native,std_to_cells,all,fg_amide,F2,knn,auprc,0.1017,0.0476,0.2632,0.1017,,,,590,20,873,9,inner_cv,"[{""fold"": ""standards->cells"", ""k"": 1, ""src"": ""inner_cv"", ""thr"": 0.5}]",1.06,train: standards of analytes with no cell spectra; test: cell spectra
T2,native,std_to_cells,all,fg_amide,F2,knn,bal_acc,0.4981,0.495,0.5,0.5,,,,590,20,873,9,inner_cv,"[{""fold"": ""standards->cells"", ""k"": 1, ""src"": ""inner_cv"", ""thr"": 0.5}]",1.06,train: standards of analytes with no cell spectra; test: cell spectra
T2,native,std_to_cells,all@analyte,fg_amide,F2,knn,auroc,0.4444,0.3611,0.5,0.5,,,,20,20,865,9,inner_cv,"[{""fold"": ""standards->cells"", ""k"": 1, ""src"": ""inner_cv"", ""thr"": 0.5}]",1.06,train: standards of analytes with no cell spectra; test: cell spectra
T2,native,std_to_cells,all@analyte,fg_amide,F2,knn,auprc,0.1,0.05,0.25,,,,,20,20,865,9,inner_cv,"[{""fold"": ""standards->cells"", ""k"": 1, ""src"": ""inner_cv"", ""thr"": 0.5}]",1.06,train: standards of analytes with no cell spectra; test: cell spectra
T2,native,std_to_cells,all@analyte,fg_amide,F2,knn,bal_acc,0.5,0.5,0.5,0.5,,,,20,20,865,9,inner_cv,"[{""fold"": ""standards->cells"", ""k"": 1, ""src"": ""inner_cv"", ""thr"": 0.5}]",1.06,train: standards of analytes with no cell spectra; test: cell spectra
T2,native,std_to_cells,all,fg_amide,F3,majority,auroc,0.5,0.5,0.5,0.5,,,,590,20,873,9,fixed,"[{""fold"": ""standards->cells"", ""src"": ""fixed"", ""thr"": 0.5}]",1.02,train: standards of analytes with no cell spectra; test: cell spectra
T2,native,std_to_cells,all,fg_amide,F3,majority,auprc,0.1017,0.0476,0.2632,0.1017,,,,590,20,873,9,fixed,"[{""fold"": ""standards->cells"", ""src"": ""fixed"", ""thr"": 0.5}]",1.02,train: standards of analytes with no cell spectra; test: cell spectra
T2,native,std_to_cells,all,fg_amide,F3,majority,bal_acc,0.5,0.5,0.5,0.5,,,,590,20,873,9,fixed,"[{""fold"": ""standards->cells"", ""src"": ""fixed"", ""thr"": 0.5}]",1.02,train: standards of analytes with no cell spectra; test: cell spectra
T2,native,std_to_cells,all@analyte,fg_amide,F3,majority,auroc,0.6111,0.5263,0.7105,0.5,,,,20,20,865,9,fixed,"[{""fold"": ""standards->cells"", ""src"": ""fixed"", ""thr"": 0.5}]",1.02,train: standards of analytes with no cell spectra; test: cell spectra
T2,native,std_to_cells,all@analyte,fg_amide,F3,majority,auprc,0.125,0.0556,0.3125,,,,,20,20,865,9,fixed,"[{""fold"": ""standards->cells"", ""src"": ""fixed"", ""thr"": 0.5}]",1.02,train: standards of analytes with no cell spectra; test: cell spectra
T2,native,std_to_cells,all@analyte,fg_amide,F3,majority,bal_acc,0.5,0.5,0.5,0.5,,,,20,20,865,9,fixed,"[{""fold"": ""standards->cells"", ""src"": ""fixed"", ""thr"": 0.5}]",1.02,train: standards of analytes with no cell spectra; test: cell spectra
T2,native,std_to_cells,all,fg_amide,F3,lr,auroc,0.4725,0.3198,0.6391,0.5,,,,590,20,873,9,inner_cv,"[{""fold"": ""standards->cells"", ""C"": 0.01, ""src"": ""inner_cv"", ""thr"": 0.0}]",1.05,train: standards of analytes with no cell spectra; test: cell spectra
T2,native,std_to_cells,all,fg_amide,F3,lr,auprc,0.0895,0.0364,0.2563,0.1017,,,,590,20,873,9,inner_cv,"[{""fold"": ""standards->cells"", ""C"": 0.01, ""src"": ""inner_cv"", ""thr"": 0.0}]",1.05,train: standards of analytes with no cell spectra; test: cell spectra
T2,native,std_to_cells,all,fg_amide,F3,lr,bal_acc,0.5,0.5,0.5,0.5,,,,590,20,873,9,inner_cv,"[{""fold"": ""standards->cells"", ""C"": 0.01, ""src"": ""inner_cv"", ""thr"": 0.0}]",1.05,train: standards of analytes with no cell spectra; test: cell spectra
T2,native,std_to_cells,all@analyte,fg_amide,F3,lr,auroc,0.4444,0.1667,0.7222,0.5,,,,20,20,865,9,inner_cv,"[{""fold"": ""standards->cells"", ""C"": 0.01, ""src"": ""inner_cv"", ""thr"": 0.0}]",1.05,train: standards of analytes with no cell spectra; test: cell spectra
T2,native,std_to_cells,all@analyte,fg_amide,F3,lr,auprc,0.127,0.0625,0.3629,,,,,20,20,865,9,inner_cv,"[{""fold"": ""standards->cells"", ""C"": 0.01, ""src"": ""inner_cv"", ""thr"": 0.0}]",1.05,train: standards of analytes with no cell spectra; test: cell spectra
T2,native,std_to_cells,all@analyte,fg_amide,F3,lr,bal_acc,0.5,0.5,0.5,0.5,,,,20,20,865,9,inner_cv,"[{""fold"": ""standards->cells"", ""C"": 0.01, ""src"": ""inner_cv"", ""thr"": 0.0}]",1.05,train: standards of analytes with no cell spectra; test: cell spectra
T2,native,std_to_cells,all,fg_amide,F3,pca_lr,auroc,0.489,0.3343,0.6551,0.5,,,,590,20,873,9,inner_cv,"[{""fold"": ""standards->cells"", ""C"": 0.01, ""src"": ""inner_cv"", ""thr"": 0.0}]",0.96,train: standards of analytes with no cell spectra; test: cell spectra
T2,native,std_to_cells,all,fg_amide,F3,pca_lr,auprc,0.0923,0.0376,0.2668,0.1017,,,,590,20,873,9,inner_cv,"[{""fold"": ""standards->cells"", ""C"": 0.01, ""src"": ""inner_cv"", ""thr"": 0.0}]",0.96,train: standards of analytes with no cell spectra; test: cell spectra
T2,native,std_to_cells,all,fg_amide,F3,pca_lr,bal_acc,0.5,0.5,0.5,0.5,,,,590,20,873,9,inner_cv,"[{""fold"": ""standards->cells"", ""C"": 0.01, ""src"": ""inner_cv"", ""thr"": 0.0}]",0.96,train: standards of analytes with no cell spectra; test: cell spectra
T2,native,std_to_cells,all@analyte,fg_amide,F3,pca_lr,auroc,0.4722,0.2105,0.73,0.5,,,,20,20,865,9,inner_cv,"[{""fold"": ""standards->cells"", ""C"": 0.01, ""src"": ""inner_cv"", ""thr"": 0.0}]",0.96,train: standards of analytes with no cell spectra; test: cell spectra
T2,native,std_to_cells,all@analyte,fg_amide,F3,pca_lr,auprc,0.1325,0.0667,0.3671,,,,,20,20,865,9,inner_cv,"[{""fold"": ""standards->cells"", ""C"": 0.01, ""src"": ""inner_cv"", ""thr"": 0.0}]",0.96,train: standards of analytes with no cell spectra; test: cell spectra
T2,native,std_to_cells,all@analyte,fg_amide,F3,pca_lr,bal_acc,0.5,0.5,0.5,0.5,,,,20,20,865,9,inner_cv,"[{""fold"": ""standards->cells"", ""C"": 0.01, ""src"": ""inner_cv"", ""thr"": 0.0}]",0.96,train: standards of analytes with no cell spectra; test: cell spectra
T2,native,std_to_cells,all,fg_amide,F3,plsda,auroc,0.452,0.2901,0.6264,0.5,,,,590,20,873,9,inner_cv,"[{""fold"": ""standards->cells"", ""n"": 2, ""src"": ""inner_cv"", ""thr"": 0.0}]",0.96,train: standards of analytes with no cell spectra; test: cell spectra
T2,native,std_to_cells,all,fg_amide,F3,plsda,auprc,0.0864,0.0355,0.2473,0.1017,,,,590,20,873,9,inner_cv,"[{""fold"": ""standards->cells"", ""n"": 2, ""src"": ""inner_cv"", ""thr"": 0.0}]",0.96,train: standards of analytes with no cell spectra; test: cell spectra
T2,native,std_to_cells,all,fg_amide,F3,plsda,bal_acc,0.5,0.5,0.5,0.5,,,,590,20,873,9,inner_cv,"[{""fold"": ""standards->cells"", ""n"": 2, ""src"": ""inner_cv"", ""thr"": 0.0}]",0.96,train: standards of analytes with no cell spectra; test: cell spectra
T2,native,std_to_cells,all@analyte,fg_amide,F3,plsda,auroc,0.3889,0.1566,0.6604,0.5,,,,20,20,865,9,inner_cv,"[{""fold"": ""standards->cells"", ""n"": 2, ""src"": ""inner_cv"", ""thr"": 0.0}]",0.96,train: standards of analytes with no cell spectra; test: cell spectra
T2,native,std_to_cells,all@analyte,fg_amide,F3,plsda,auprc,0.1167,0.0588,0.3333,,,,,20,20,865,9,inner_cv,"[{""fold"": ""standards->cells"", ""n"": 2, ""src"": ""inner_cv"", ""thr"": 0.0}]",0.96,train: standards of analytes with no cell spectra; test: cell spectra
T2,native,std_to_cells,all@analyte,fg_amide,F3,plsda,bal_acc,0.5,0.5,0.5,0.5,,,,20,20,865,9,inner_cv,"[{""fold"": ""standards->cells"", ""n"": 2, ""src"": ""inner_cv"", ""thr"": 0.0}]",0.96,train: standards of analytes with no cell spectra; test: cell spectra
T2,native,std_to_cells,all,fg_amide,F3,ncm,auroc,0.6547,0.4033,0.8903,0.5,,,,590,20,873,9,inner_cv,"[{""fold"": ""standards->cells"", ""src"": ""inner_cv"", ""thr"": 0.9555}]",0.93,train: standards of analytes with no cell spectra; test: cell spectra
T2,native,std_to_cells,all,fg_amide,F3,ncm,auprc,0.1425,0.0409,0.4491,0.1017,,,,590,20,873,9,inner_cv,"[{""fold"": ""standards->cells"", ""src"": ""inner_cv"", ""thr"": 0.9555}]",0.93,train: standards of analytes with no cell spectra; test: cell spectra
T2,native,std_to_cells,all,fg_amide,F3,ncm,bal_acc,0.5,0.5,0.5,0.5,,,,590,20,873,9,inner_cv,"[{""fold"": ""standards->cells"", ""src"": ""inner_cv"", ""thr"": 0.9555}]",0.93,train: standards of analytes with no cell spectra; test: cell spectra
T2,native,std_to_cells,all@analyte,fg_amide,F3,ncm,auroc,0.7222,0.4444,0.9474,0.5,,,,20,20,865,9,inner_cv,"[{""fold"": ""standards->cells"", ""src"": ""inner_cv"", ""thr"": 0.9555}]",0.93,train: standards of analytes with no cell spectra; test: cell spectra
T2,native,std_to_cells,all@analyte,fg_amide,F3,ncm,auprc,0.2361,0.1,0.7156,,,,,20,20,865,9,inner_cv,"[{""fold"": ""standards->cells"", ""src"": ""inner_cv"", ""thr"": 0.9555}]",0.93,train: standards of analytes with no cell spectra; test: cell spectra
T2,native,std_to_cells,all@analyte,fg_amide,F3,ncm,bal_acc,0.5,0.5,0.5,0.5,,,,20,20,865,9,inner_cv,"[{""fold"": ""standards->cells"", ""src"": ""inner_cv"", ""thr"": 0.9555}]",0.93,train: standards of analytes with no cell spectra; test: cell spectra
T2,native,std_to_cells,all,fg_amide,F3,hgb,auroc,0.5,0.5,0.5,0.5,,,,590,20,873,9,inner_cv,"[{""fold"": ""standards->cells"", ""src"": ""inner_cv"", ""thr"": 0.5}]",0.92,train: standards of analytes with no cell spectra; test: cell spectra
T2,native,std_to_cells,all,fg_amide,F3,hgb,auprc,0.1017,0.0476,0.2632,0.1017,,,,590,20,873,9,inner_cv,"[{""fold"": ""standards->cells"", ""src"": ""inner_cv"", ""thr"": 0.5}]",0.92,train: standards of analytes with no cell spectra; test: cell spectra
T2,native,std_to_cells,all,fg_amide,F3,hgb,bal_acc,0.5,0.5,0.5,0.5,,,,590,20,873,9,inner_cv,"[{""fold"": ""standards->cells"", ""src"": ""inner_cv"", ""thr"": 0.5}]",0.92,train: standards of analytes with no cell spectra; test: cell spectra
T2,native,std_to_cells,all@analyte,fg_amide,F3,hgb,auroc,0.5,0.5,0.5,0.5,,,,20,20,865,9,inner_cv,"[{""fold"": ""standards->cells"", ""src"": ""inner_cv"", ""thr"": 0.5}]",0.92,train: standards of analytes with no cell spectra; test: cell spectra
T2,native,std_to_cells,all@analyte,fg_amide,F3,hgb,auprc,0.1,0.05,0.25,,,,,20,20,865,9,inner_cv,"[{""fold"": ""standards->cells"", ""src"": ""inner_cv"", ""thr"": 0.5}]",0.92,train: standards of analytes with no cell spectra; test: cell spectra
T2,native,std_to_cells,all@analyte,fg_amide,F3,hgb,bal_acc,0.5,0.5,0.5,0.5,,,,20,20,865,9,inner_cv,"[{""fold"": ""standards->cells"", ""src"": ""inner_cv"", ""thr"": 0.5}]",0.92,train: standards of analytes with no cell spectra; test: cell spectra
T2,native,std_to_cells,all,fg_amide,F3,knn,auroc,0.4745,0.4314,0.5,0.5,,,,590,20,873,9,inner_cv,"[{""fold"": ""standards->cells"", ""k"": 1, ""src"": ""inner_cv"", ""thr"": 0.5}]",0.87,train: standards of analytes with no cell spectra; test: cell spectra
T2,native,std_to_cells,all,fg_amide,F3,knn,auprc,0.1017,0.0476,0.2632,0.1017,,,,590,20,873,9,inner_cv,"[{""fold"": ""standards->cells"", ""k"": 1, ""src"": ""inner_cv"", ""thr"": 0.5}]",0.87,train: standards of analytes with no cell spectra; test: cell spectra
T2,native,std_to_cells,all,fg_amide,F3,knn,bal_acc,0.4745,0.4314,0.5,0.5,,,,590,20,873,9,inner_cv,"[{""fold"": ""standards->cells"", ""k"": 1, ""src"": ""inner_cv"", ""thr"": 0.5}]",0.87,train: standards of analytes with no cell spectra; test: cell spectra
T2,native,std_to_cells,all@analyte,fg_amide,F3,knn,auroc,0.4444,0.3611,0.5,0.5,,,,20,20,865,9,inner_cv,"[{""fold"": ""standards->cells"", ""k"": 1, ""src"": ""inner_cv"", ""thr"": 0.5}]",0.87,train: standards of analytes with no cell spectra; test: cell spectra
T2,native,std_to_cells,all@analyte,fg_amide,F3,knn,auprc,0.1,0.05,0.25,,,,,20,20,865,9,inner_cv,"[{""fold"": ""standards->cells"", ""k"": 1, ""src"": ""inner_cv"", ""thr"": 0.5}]",0.87,train: standards of analytes with no cell spectra; test: cell spectra
T2,native,std_to_cells,all@analyte,fg_amide,F3,knn,bal_acc,0.4722,0.4118,0.5,0.5,,,,20,20,865,9,inner_cv,"[{""fold"": ""standards->cells"", ""k"": 1, ""src"": ""inner_cv"", ""thr"": 0.5}]",0.87,train: standards of analytes with no cell spectra; test: cell spectra
T2,native,std_to_cells,all,fg_amide,F1.bg,majority,auroc,0.5,0.5,0.5,0.5,,,,590,20,873,9,fixed,"[{""fold"": ""standards->cells"", ""src"": ""fixed"", ""thr"": 0.5}]",0.75,train: standards of analytes with no cell spectra; test: cell spectra
T2,native,std_to_cells,all,fg_amide,F1.bg,majority,auprc,0.1017,0.0476,0.2632,0.1017,,,,590,20,873,9,fixed,"[{""fold"": ""standards->cells"", ""src"": ""fixed"", ""thr"": 0.5}]",0.75,train: standards of analytes with no cell spectra; test: cell spectra
T2,native,std_to_cells,all,fg_amide,F1.bg,majority,bal_acc,0.5,0.5,0.5,0.5,,,,590,20,873,9,fixed,"[{""fold"": ""standards->cells"", ""src"": ""fixed"", ""thr"": 0.5}]",0.75,train: standards of analytes with no cell spectra; test: cell spectra
T2,native,std_to_cells,all@analyte,fg_amide,F1.bg,majority,auroc,0.6111,0.5263,0.7105,0.5,,,,20,20,865,9,fixed,"[{""fold"": ""standards->cells"", ""src"": ""fixed"", ""thr"": 0.5}]",0.75,train: standards of analytes with no cell spectra; test: cell spectra
T2,native,std_to_cells,all@analyte,fg_amide,F1.bg,majority,auprc,0.125,0.0556,0.3125,,,,,20,20,865,9,fixed,"[{""fold"": ""standards->cells"", ""src"": ""fixed"", ""thr"": 0.5}]",0.75,train: standards of analytes with no cell spectra; test: cell spectra
T2,native,std_to_cells,all@analyte,fg_amide,F1.bg,majority,bal_acc,0.5,0.5,0.5,0.5,,,,20,20,865,9,fixed,"[{""fold"": ""standards->cells"", ""src"": ""fixed"", ""thr"": 0.5}]",0.75,train: standards of analytes with no cell spectra; test: cell spectra
T2,native,std_to_cells,all,fg_amide,F1.bg,lr,auroc,0.4448,0.322,0.5628,0.5,,,,590,20,873,9,inner_cv,"[{""fold"": ""standards->cells"", ""C"": 0.01, ""src"": ""inner_cv"", ""thr"": 0.5}]",0.93,train: standards of analytes with no cell spectra; test: cell spectra
T2,native,std_to_cells,all,fg_amide,F1.bg,lr,auprc,0.0856,0.0384,0.2363,0.1017,,,,590,20,873,9,inner_cv,"[{""fold"": ""standards->cells"", ""C"": 0.01, ""src"": ""inner_cv"", ""thr"": 0.5}]",0.93,train: standards of analytes with no cell spectra; test: cell spectra
T2,native,std_to_cells,all,fg_amide,F1.bg,lr,bal_acc,0.4887,0.4727,0.5,0.5,,,,590,20,873,9,inner_cv,"[{""fold"": ""standards->cells"", ""C"": 0.01, ""src"": ""inner_cv"", ""thr"": 0.5}]",0.93,train: standards of analytes with no cell spectra; test: cell spectra
T2,native,std_to_cells,all@analyte,fg_amide,F1.bg,lr,auroc,0.4167,0.1579,0.6842,0.5,,,,20,20,865,9,inner_cv,"[{""fold"": ""standards->cells"", ""C"": 0.01, ""src"": ""inner_cv"", ""thr"": 0.5}]",0.93,train: standards of analytes with no cell spectra; test: cell spectra
T2,native,std_to_cells,all@analyte,fg_amide,F1.bg,lr,auprc,0.1214,0.0625,0.3333,,,,,20,20,865,9,inner_cv,"[{""fold"": ""standards->cells"", ""C"": 0.01, ""src"": ""inner_cv"", ""thr"": 0.5}]",0.93,train: standards of analytes with no cell spectra; test: cell spectra
T2,native,std_to_cells,all@analyte,fg_amide,F1.bg,lr,bal_acc,0.5,0.5,0.5,0.5,,,,20,20,865,9,inner_cv,"[{""fold"": ""standards->cells"", ""C"": 0.01, ""src"": ""inner_cv"", ""thr"": 0.5}]",0.93,train: standards of analytes with no cell spectra; test: cell spectra
T2,native,std_to_cells,all,fg_amide,F1.bg,pca_lr,auroc,0.4461,0.3224,0.5632,0.5,,,,590,20,873,9,inner_cv,"[{""fold"": ""standards->cells"", ""C"": 0.01, ""src"": ""inner_cv"", ""thr"": 0.5}]",0.85,train: standards of analytes with no cell spectra; test: cell spectra
T2,native,std_to_cells,all,fg_amide,F1.bg,pca_lr,auprc,0.0857,0.0384,0.2364,0.1017,,,,590,20,873,9,inner_cv,"[{""fold"": ""standards->cells"", ""C"": 0.01, ""src"": ""inner_cv"", ""thr"": 0.5}]",0.85,train: standards of analytes with no cell spectra; test: cell spectra
T2,native,std_to_cells,all,fg_amide,F1.bg,pca_lr,bal_acc,0.4877,0.4716,0.499,0.5,,,,590,20,873,9,inner_cv,"[{""fold"": ""standards->cells"", ""C"": 0.01, ""src"": ""inner_cv"", ""thr"": 0.5}]",0.85,train: standards of analytes with no cell spectra; test: cell spectra
T2,native,std_to_cells,all@analyte,fg_amide,F1.bg,pca_lr,auroc,0.4167,0.1579,0.6842,0.5,,,,20,20,865,9,inner_cv,"[{""fold"": ""standards->cells"", ""C"": 0.01, ""src"": ""inner_cv"", ""thr"": 0.5}]",0.85,train: standards of analytes with no cell spectra; test: cell spectra
T2,native,std_to_cells,all@analyte,fg_amide,F1.bg,pca_lr,auprc,0.1214,0.0625,0.3333,,,,,20,20,865,9,inner_cv,"[{""fold"": ""standards->cells"", ""C"": 0.01, ""src"": ""inner_cv"", ""thr"": 0.5}]",0.85,train: standards of analytes with no cell spectra; test: cell spectra
T2,native,std_to_cells,all@analyte,fg_amide,F1.bg,pca_lr,bal_acc,0.5,0.5,0.5,0.5,,,,20,20,865,9,inner_cv,"[{""fold"": ""standards->cells"", ""C"": 0.01, ""src"": ""inner_cv"", ""thr"": 0.5}]",0.85,train: standards of analytes with no cell spectra; test: cell spectra
T2,native,std_to_cells,all,fg_amide,F1.bg,plsda,auroc,0.4429,0.3102,0.5685,0.5,,,,590,20,873,9,inner_cv,"[{""fold"": ""standards->cells"", ""n"": 2, ""src"": ""inner_cv"", ""thr"": 0.5}]",0.8,train: standards of analytes with no cell spectra; test: cell spectra
T2,native,std_to_cells,all,fg_amide,F1.bg,plsda,auprc,0.0852,0.0376,0.2339,0.1017,,,,590,20,873,9,inner_cv,"[{""fold"": ""standards->cells"", ""n"": 2, ""src"": ""inner_cv"", ""thr"": 0.5}]",0.8,train: standards of analytes with no cell spectra; test: cell spectra
T2,native,std_to_cells,all,fg_amide,F1.bg,plsda,bal_acc,0.4934,0.4809,0.5,0.5,,,,590,20,873,9,inner_cv,"[{""fold"": ""standards->cells"", ""n"": 2, ""src"": ""inner_cv"", ""thr"": 0.5}]",0.8,train: standards of analytes with no cell spectra; test: cell spectra
T2,native,std_to_cells,all@analyte,fg_amide,F1.bg,plsda,auroc,0.4167,0.1579,0.6842,0.5,,,,20,20,865,9,inner_cv,"[{""fold"": ""standards->cells"", ""n"": 2, ""src"": ""inner_cv"", ""thr"": 0.5}]",0.8,train: standards of analytes with no cell spectra; test: cell spectra
T2,native,std_to_cells,all@analyte,fg_amide,F1.bg,plsda,auprc,0.1214,0.0625,0.3333,,,,,20,20,865,9,inner_cv,"[{""fold"": ""standards->cells"", ""n"": 2, ""src"": ""inner_cv"", ""thr"": 0.5}]",0.8,train: standards of analytes with no cell spectra; test: cell spectra
T2,native,std_to_cells,all@analyte,fg_amide,F1.bg,plsda,bal_acc,0.5,0.5,0.5,0.5,,,,20,20,865,9,inner_cv,"[{""fold"": ""standards->cells"", ""n"": 2, ""src"": ""inner_cv"", ""thr"": 0.5}]",0.8,train: standards of analytes with no cell spectra; test: cell spectra
T2,native,std_to_cells,all,fg_amide,F1.bg,ncm,auroc,0.3819,0.2291,0.5188,0.5,,,,590,20,873,9,inner_cv,"[{""fold"": ""standards->cells"", ""src"": ""inner_cv"", ""thr"": 0.5}]",0.8,train: standards of analytes with no cell spectra; test: cell spectra
T2,native,std_to_cells,all,fg_amide,F1.bg,ncm,auprc,0.0784,0.033,0.2315,0.1017,,,,590,20,873,9,inner_cv,"[{""fold"": ""standards->cells"", ""src"": ""inner_cv"", ""thr"": 0.5}]",0.8,train: standards of analytes with no cell spectra; test: cell spectra
T2,native,std_to_cells,all,fg_amide,F1.bg,ncm,bal_acc,0.4154,0.275,0.5579,0.5,,,,590,20,873,9,inner_cv,"[{""fold"": ""standards->cells"", ""src"": ""inner_cv"", ""thr"": 0.5}]",0.8,train: standards of analytes with no cell spectra; test: cell spectra
T2,native,std_to_cells,all@analyte,fg_amide,F1.bg,ncm,auroc,0.2778,0.0,0.6111,0.5,,,,20,20,865,9,inner_cv,"[{""fold"": ""standards->cells"", ""src"": ""inner_cv"", ""thr"": 0.5}]",0.8,train: standards of analytes with no cell spectra; test: cell spectra
T2,native,std_to_cells,all@analyte,fg_amide,F1.bg,ncm,auprc,0.101,0.0526,0.2891,,,,,20,20,865,9,inner_cv,"[{""fold"": ""standards->cells"", ""src"": ""inner_cv"", ""thr"": 0.5}]",0.8,train: standards of analytes with no cell spectra; test: cell spectra
T2,native,std_to_cells,all@analyte,fg_amide,F1.bg,ncm,bal_acc,0.3333,0.0263,0.6389,0.5,,,,20,20,865,9,inner_cv,"[{""fold"": ""standards->cells"", ""src"": ""inner_cv"", ""thr"": 0.5}]",0.8,train: standards of analytes with no cell spectra; test: cell spectra
T2,native,std_to_cells,all,fg_amide,F1.bg,hgb,auroc,0.5,0.5,0.5,0.5,,,,590,20,873,9,inner_cv,"[{""fold"": ""standards->cells"", ""src"": ""inner_cv"", ""thr"": 0.5}]",0.37,train: standards of analytes with no cell spectra; test: cell spectra
T2,native,std_to_cells,all,fg_amide,F1.bg,hgb,auprc,0.1017,0.0476,0.2632,0.1017,,,,590,20,873,9,inner_cv,"[{""fold"": ""standards->cells"", ""src"": ""inner_cv"", ""thr"": 0.5}]",0.37,train: standards of analytes with no cell spectra; test: cell spectra
T2,native,std_to_cells,all,fg_amide,F1.bg,hgb,bal_acc,0.5,0.5,0.5,0.5,,,,590,20,873,9,inner_cv,"[{""fold"": ""standards->cells"", ""src"": ""inner_cv"", ""thr"": 0.5}]",0.37,train: standards of analytes with no cell spectra; test: cell spectra
T2,native,std_to_cells,all@analyte,fg_amide,F1.bg,hgb,auroc,0.5,0.5,0.5,0.5,,,,20,20,865,9,inner_cv,"[{""fold"": ""standards->cells"", ""src"": ""inner_cv"", ""thr"": 0.5}]",0.37,train: standards of analytes with no cell spectra; test: cell spectra
T2,native,std_to_cells,all@analyte,fg_amide,F1.bg,hgb,auprc,0.1,0.05,0.25,,,,,20,20,865,9,inner_cv,"[{""fold"": ""standards->cells"", ""src"": ""inner_cv"", ""thr"": 0.5}]",0.37,train: standards of analytes with no cell spectra; test: cell spectra
T2,native,std_to_cells,all@analyte,fg_amide,F1.bg,hgb,bal_acc,0.5,0.5,0.5,0.5,,,,20,20,865,9,inner_cv,"[{""fold"": ""standards->cells"", ""src"": ""inner_cv"", ""thr"": 0.5}]",0.37,train: standards of analytes with no cell spectra; test: cell spectra
T2,native,std_to_cells,all,fg_amide,F1.bg,knn,auroc,0.4638,0.4239,0.5007,0.5,,,,590,20,873,9,inner_cv,"[{""fold"": ""standards->cells"", ""k"": 1, ""src"": ""inner_cv"", ""thr"": 0.5}]",0.41,train: standards of analytes with no cell spectra; test: cell spectra
T2,native,std_to_cells,all,fg_amide,F1.bg,knn,auprc,0.0995,0.047,0.2585,0.1017,,,,590,20,873,9,inner_cv,"[{""fold"": ""standards->cells"", ""k"": 1, ""src"": ""inner_cv"", ""thr"": 0.5}]",0.41,train: standards of analytes with no cell spectra; test: cell spectra
T2,native,std_to_cells,all,fg_amide,F1.bg,knn,bal_acc,0.4638,0.4239,0.5007,0.5,,,,590,20,873,9,inner_cv,"[{""fold"": ""standards->cells"", ""k"": 1, ""src"": ""inner_cv"", ""thr"": 0.5}]",0.41,train: standards of analytes with no cell spectra; test: cell spectra
T2,native,std_to_cells,all@analyte,fg_amide,F1.bg,knn,auroc,0.375,0.1413,0.6706,0.5,,,,20,20,865,9,inner_cv,"[{""fold"": ""standards->cells"", ""k"": 1, ""src"": ""inner_cv"", ""thr"": 0.5}]",0.41,train: standards of analytes with no cell spectra; test: cell spectra
T2,native,std_to_cells,all@analyte,fg_amide,F1.bg,knn,auprc,0.1,0.05,0.3167,,,,,20,20,865,9,inner_cv,"[{""fold"": ""standards->cells"", ""k"": 1, ""src"": ""inner_cv"", ""thr"": 0.5}]",0.41,train: standards of analytes with no cell spectra; test: cell spectra
T2,native,std_to_cells,all@analyte,fg_amide,F1.bg,knn,bal_acc,0.5,0.5,0.5,0.5,,,,20,20,865,9,inner_cv,"[{""fold"": ""standards->cells"", ""k"": 1, ""src"": ""inner_cv"", ""thr"": 0.5}]",0.41,train: standards of analytes with no cell spectra; test: cell spectra
T2,native,std_to_cells,all,fg_amide,F3.bg,majority,auroc,0.5,0.5,0.5,0.5,,,,590,20,873,9,fixed,"[{""fold"": ""standards->cells"", ""src"": ""fixed"", ""thr"": 0.5}]",0.31,train: standards of analytes with no cell spectra; test: cell spectra
T2,native,std_to_cells,all,fg_amide,F3.bg,majority,auprc,0.1017,0.0476,0.2632,0.1017,,,,590,20,873,9,fixed,"[{""fold"": ""standards->cells"", ""src"": ""fixed"", ""thr"": 0.5}]",0.31,train: standards of analytes with no cell spectra; test: cell spectra
T2,native,std_to_cells,all,fg_amide,F3.bg,majority,bal_acc,0.5,0.5,0.5,0.5,,,,590,20,873,9,fixed,"[{""fold"": ""standards->cells"", ""src"": ""fixed"", ""thr"": 0.5}]",0.31,train: standards of analytes with no cell spectra; test: cell spectra
T2,native,std_to_cells,all@analyte,fg_amide,F3.bg,majority,auroc,0.6111,0.5263,0.7105,0.5,,,,20,20,865,9,fixed,"[{""fold"": ""standards->cells"", ""src"": ""fixed"", ""thr"": 0.5}]",0.31,train: standards of analytes with no cell spectra; test: cell spectra
T2,native,std_to_cells,all@analyte,fg_amide,F3.bg,majority,auprc,0.125,0.0556,0.3125,,,,,20,20,865,9,fixed,"[{""fold"": ""standards->cells"", ""src"": ""fixed"", ""thr"": 0.5}]",0.31,train: standards of analytes with no cell spectra; test: cell spectra
T2,native,std_to_cells,all@analyte,fg_amide,F3.bg,majority,bal_acc,0.5,0.5,0.5,0.5,,,,20,20,865,9,fixed,"[{""fold"": ""standards->cells"", ""src"": ""fixed"", ""thr"": 0.5}]",0.31,train: standards of analytes with no cell spectra; test: cell spectra
T2,native,std_to_cells,all,fg_amide,F3.bg,lr,auroc,0.4738,0.3153,0.6449,0.5,,,,590,20,873,9,inner_cv,"[{""fold"": ""standards->cells"", ""C"": 0.01, ""src"": ""inner_cv"", ""thr"": 0.0}]",0.37,train: standards of analytes with no cell spectra; test: cell spectra
T2,native,std_to_cells,all,fg_amide,F3.bg,lr,auprc,0.0895,0.0363,0.2536,0.1017,,,,590,20,873,9,inner_cv,"[{""fold"": ""standards->cells"", ""C"": 0.01, ""src"": ""inner_cv"", ""thr"": 0.0}]",0.37,train: standards of analytes with no cell spectra; test: cell spectra
T2,native,std_to_cells,all,fg_amide,F3.bg,lr,bal_acc,0.5,0.5,0.5,0.5,,,,590,20,873,9,inner_cv,"[{""fold"": ""standards->cells"", ""C"": 0.01, ""src"": ""inner_cv"", ""thr"": 0.0}]",0.37,train: standards of analytes with no cell spectra; test: cell spectra
T2,native,std_to_cells,all@analyte,fg_amide,F3.bg,lr,auroc,0.4167,0.1579,0.7059,0.5,,,,20,20,865,9,inner_cv,"[{""fold"": ""standards->cells"", ""C"": 0.01, ""src"": ""inner_cv"", ""thr"": 0.0}]",0.37,train: standards of analytes with no cell spectra; test: cell spectra
T2,native,std_to_cells,all@analyte,fg_amide,F3.bg,lr,auprc,0.1222,0.0588,0.3593,,,,,20,20,865,9,inner_cv,"[{""fold"": ""standards->cells"", ""C"": 0.01, ""src"": ""inner_cv"", ""thr"": 0.0}]",0.37,train: standards of analytes with no cell spectra; test: cell spectra
T2,native,std_to_cells,all@analyte,fg_amide,F3.bg,lr,bal_acc,0.5,0.5,0.5,0.5,,,,20,20,865,9,inner_cv,"[{""fold"": ""standards->cells"", ""C"": 0.01, ""src"": ""inner_cv"", ""thr"": 0.0}]",0.37,train: standards of analytes with no cell spectra; test: cell spectra
T2,native,std_to_cells,all,fg_amide,F3.bg,pca_lr,auroc,0.4908,0.3341,0.6615,0.5,,,,590,20,873,9,inner_cv,"[{""fold"": ""standards->cells"", ""C"": 0.01, ""src"": ""inner_cv"", ""thr"": 0.0}]",0.4,train: standards of analytes with no cell spectra; test: cell spectra
T2,native,std_to_cells,all,fg_amide,F3.bg,pca_lr,auprc,0.0924,0.0374,0.2643,0.1017,,,,590,20,873,9,inner_cv,"[{""fold"": ""standards->cells"", ""C"": 0.01, ""src"": ""inner_cv"", ""thr"": 0.0}]",0.4,train: standards of analytes with no cell spectra; test: cell spectra
T2,native,std_to_cells,all,fg_amide,F3.bg,pca_lr,bal_acc,0.5,0.5,0.5,0.5,,,,590,20,873,9,inner_cv,"[{""fold"": ""standards->cells"", ""C"": 0.01, ""src"": ""inner_cv"", ""thr"": 0.0}]",0.4,train: standards of analytes with no cell spectra; test: cell spectra
T2,native,std_to_cells,all@analyte,fg_amide,F3.bg,pca_lr,auroc,0.4722,0.2105,0.73,0.5,,,,20,20,865,9,inner_cv,"[{""fold"": ""standards->cells"", ""C"": 0.01, ""src"": ""inner_cv"", ""thr"": 0.0}]",0.4,train: standards of analytes with no cell spectra; test: cell spectra
T2,native,std_to_cells,all@analyte,fg_amide,F3.bg,pca_lr,auprc,0.1325,0.0667,0.3671,,,,,20,20,865,9,inner_cv,"[{""fold"": ""standards->cells"", ""C"": 0.01, ""src"": ""inner_cv"", ""thr"": 0.0}]",0.4,train: standards of analytes with no cell spectra; test: cell spectra
T2,native,std_to_cells,all@analyte,fg_amide,F3.bg,pca_lr,bal_acc,0.5,0.5,0.5,0.5,,,,20,20,865,9,inner_cv,"[{""fold"": ""standards->cells"", ""C"": 0.01, ""src"": ""inner_cv"", ""thr"": 0.0}]",0.4,train: standards of analytes with no cell spectra; test: cell spectra
T2,native,std_to_cells,all,fg_amide,F3.bg,plsda,auroc,0.4567,0.2943,0.636,0.5,,,,590,20,873,9,inner_cv,"[{""fold"": ""standards->cells"", ""n"": 2, ""src"": ""inner_cv"", ""thr"": 0.0}]",0.36,train: standards of analytes with no cell spectra; test: cell spectra
T2,native,std_to_cells,all,fg_amide,F3.bg,plsda,auprc,0.087,0.0353,0.2482,0.1017,,,,590,20,873,9,inner_cv,"[{""fold"": ""standards->cells"", ""n"": 2, ""src"": ""inner_cv"", ""thr"": 0.0}]",0.36,train: standards of analytes with no cell spectra; test: cell spectra
T2,native,std_to_cells,all,fg_amide,F3.bg,plsda,bal_acc,0.5,0.5,0.5,0.5,,,,590,20,873,9,inner_cv,"[{""fold"": ""standards->cells"", ""n"": 2, ""src"": ""inner_cv"", ""thr"": 0.0}]",0.36,train: standards of analytes with no cell spectra; test: cell spectra
T2,native,std_to_cells,all@analyte,fg_amide,F3.bg,plsda,auroc,0.3889,0.1566,0.6604,0.5,,,,20,20,865,9,inner_cv,"[{""fold"": ""standards->cells"", ""n"": 2, ""src"": ""inner_cv"", ""thr"": 0.0}]",0.36,train: standards of analytes with no cell spectra; test: cell spectra
T2,native,std_to_cells,all@analyte,fg_amide,F3.bg,plsda,auprc,0.1167,0.0588,0.3333,,,,,20,20,865,9,inner_cv,"[{""fold"": ""standards->cells"", ""n"": 2, ""src"": ""inner_cv"", ""thr"": 0.0}]",0.36,train: standards of analytes with no cell spectra; test: cell spectra
T2,native,std_to_cells,all@analyte,fg_amide,F3.bg,plsda,bal_acc,0.5,0.5,0.5,0.5,,,,20,20,865,9,inner_cv,"[{""fold"": ""standards->cells"", ""n"": 2, ""src"": ""inner_cv"", ""thr"": 0.0}]",0.36,train: standards of analytes with no cell spectra; test: cell spectra
T2,native,std_to_cells,all,fg_amide,F3.bg,ncm,auroc,0.6605,0.4002,0.8949,0.5,,,,590,20,873,9,inner_cv,"[{""fold"": ""standards->cells"", ""src"": ""inner_cv"", ""thr"": 0.9555}]",0.36,train: standards of analytes with no cell spectra; test: cell spectra
T2,native,std_to_cells,all,fg_amide,F3.bg,ncm,auprc,0.1456,0.0413,0.4608,0.1017,,,,590,20,873,9,inner_cv,"[{""fold"": ""standards->cells"", ""src"": ""inner_cv"", ""thr"": 0.9555}]",0.36,train: standards of analytes with no cell spectra; test: cell spectra
T2,native,std_to_cells,all,fg_amide,F3.bg,ncm,bal_acc,0.5,0.5,0.5,0.5,,,,590,20,873,9,inner_cv,"[{""fold"": ""standards->cells"", ""src"": ""inner_cv"", ""thr"": 0.9555}]",0.36,train: standards of analytes with no cell spectra; test: cell spectra
T2,native,std_to_cells,all@analyte,fg_amide,F3.bg,ncm,auroc,0.75,0.4444,1.0,0.5,,,,20,20,865,9,inner_cv,"[{""fold"": ""standards->cells"", ""src"": ""inner_cv"", ""thr"": 0.9555}]",0.36,train: standards of analytes with no cell spectra; test: cell spectra
T2,native,std_to_cells,all@analyte,fg_amide,F3.bg,ncm,auprc,0.2778,0.1,1.0,,,,,20,20,865,9,inner_cv,"[{""fold"": ""standards->cells"", ""src"": ""inner_cv"", ""thr"": 0.9555}]",0.36,train: standards of analytes with no cell spectra; test: cell spectra
T2,native,std_to_cells,all@analyte,fg_amide,F3.bg,ncm,bal_acc,0.5,0.5,0.5,0.5,,,,20,20,865,9,inner_cv,"[{""fold"": ""standards->cells"", ""src"": ""inner_cv"", ""thr"": 0.9555}]",0.36,train: standards of analytes with no cell spectra; test: cell spectra
T2,native,std_to_cells,all,fg_amide,F3.bg,hgb,auroc,0.5,0.5,0.5,0.5,,,,590,20,873,9,inner_cv,"[{""fold"": ""standards->cells"", ""src"": ""inner_cv"", ""thr"": 0.5}]",0.45,train: standards of analytes with no cell spectra; test: cell spectra
T2,native,std_to_cells,all,fg_amide,F3.bg,hgb,auprc,0.1017,0.0476,0.2632,0.1017,,,,590,20,873,9,inner_cv,"[{""fold"": ""standards->cells"", ""src"": ""inner_cv"", ""thr"": 0.5}]",0.45,train: standards of analytes with no cell spectra; test: cell spectra
T2,native,std_to_cells,all,fg_amide,F3.bg,hgb,bal_acc,0.5,0.5,0.5,0.5,,,,590,20,873,9,inner_cv,"[{""fold"": ""standards->cells"", ""src"": ""inner_cv"", ""thr"": 0.5}]",0.45,train: standards of analytes with no cell spectra; test: cell spectra
T2,native,std_to_cells,all@analyte,fg_amide,F3.bg,hgb,auroc,0.5,0.5,0.5,0.5,,,,20,20,865,9,inner_cv,"[{""fold"": ""standards->cells"", ""src"": ""inner_cv"", ""thr"": 0.5}]",0.45,train: standards of analytes with no cell spectra; test: cell spectra
T2,native,std_to_cells,all@analyte,fg_amide,F3.bg,hgb,auprc,0.1,0.05,0.25,,,,,20,20,865,9,inner_cv,"[{""fold"": ""standards->cells"", ""src"": ""inner_cv"", ""thr"": 0.5}]",0.45,train: standards of analytes with no cell spectra; test: cell spectra
T2,native,std_to_cells,all@analyte,fg_amide,F3.bg,hgb,bal_acc,0.5,0.5,0.5,0.5,,,,20,20,865,9,inner_cv,"[{""fold"": ""standards->cells"", ""src"": ""inner_cv"", ""thr"": 0.5}]",0.45,train: standards of analytes with no cell spectra; test: cell spectra
T2,native,std_to_cells,all,fg_amide,F3.bg,knn,auroc,0.4991,0.4969,0.5,0.5,,,,590,20,873,9,inner_cv,"[{""fold"": ""standards->cells"", ""k"": 1, ""src"": ""inner_cv"", ""thr"": 0.5}]",0.39,train: standards of analytes with no cell spectra; test: cell spectra
T2,native,std_to_cells,all,fg_amide,F3.bg,knn,auprc,0.1017,0.0476,0.2632,0.1017,,,,590,20,873,9,inner_cv,"[{""fold"": ""standards->cells"", ""k"": 1, ""src"": ""inner_cv"", ""thr"": 0.5}]",0.39,train: standards of analytes with no cell spectra; test: cell spectra
T2,native,std_to_cells,all,fg_amide,F3.bg,knn,bal_acc,0.4991,0.4969,0.5,0.5,,,,590,20,873,9,inner_cv,"[{""fold"": ""standards->cells"", ""k"": 1, ""src"": ""inner_cv"", ""thr"": 0.5}]",0.39,train: standards of analytes with no cell spectra; test: cell spectra
T2,native,std_to_cells,all@analyte,fg_amide,F3.bg,knn,auroc,0.4722,0.4118,0.5,0.5,,,,20,20,865,9,inner_cv,"[{""fold"": ""standards->cells"", ""k"": 1, ""src"": ""inner_cv"", ""thr"": 0.5}]",0.39,train: standards of analytes with no cell spectra; test: cell spectra
T2,native,std_to_cells,all@analyte,fg_amide,F3.bg,knn,auprc,0.1,0.05,0.25,,,,,20,20,865,9,inner_cv,"[{""fold"": ""standards->cells"", ""k"": 1, ""src"": ""inner_cv"", ""thr"": 0.5}]",0.39,train: standards of analytes with no cell spectra; test: cell spectra
T2,native,std_to_cells,all@analyte,fg_amide,F3.bg,knn,bal_acc,0.5,0.5,0.5,0.5,,,,20,20,865,9,inner_cv,"[{""fold"": ""standards->cells"", ""k"": 1, ""src"": ""inner_cv"", ""thr"": 0.5}]",0.39,train: standards of analytes with no cell spectra; test: cell spectra
T2,native,std_to_cells,all,fg_amide,F3.d1,majority,auroc,0.5,0.5,0.5,0.5,,,,590,20,873,9,fixed,"[{""fold"": ""standards->cells"", ""src"": ""fixed"", ""thr"": 0.5}]",0.45,train: standards of analytes with no cell spectra; test: cell spectra
T2,native,std_to_cells,all,fg_amide,F3.d1,majority,auprc,0.1017,0.0476,0.2632,0.1017,,,,590,20,873,9,fixed,"[{""fold"": ""standards->cells"", ""src"": ""fixed"", ""thr"": 0.5}]",0.45,train: standards of analytes with no cell spectra; test: cell spectra
T2,native,std_to_cells,all,fg_amide,F3.d1,majority,bal_acc,0.5,0.5,0.5,0.5,,,,590,20,873,9,fixed,"[{""fold"": ""standards->cells"", ""src"": ""fixed"", ""thr"": 0.5}]",0.45,train: standards of analytes with no cell spectra; test: cell spectra
T2,native,std_to_cells,all@analyte,fg_amide,F3.d1,majority,auroc,0.6111,0.5263,0.7105,0.5,,,,20,20,865,9,fixed,"[{""fold"": ""standards->cells"", ""src"": ""fixed"", ""thr"": 0.5}]",0.45,train: standards of analytes with no cell spectra; test: cell spectra
T2,native,std_to_cells,all@analyte,fg_amide,F3.d1,majority,auprc,0.125,0.0556,0.3125,,,,,20,20,865,9,fixed,"[{""fold"": ""standards->cells"", ""src"": ""fixed"", ""thr"": 0.5}]",0.45,train: standards of analytes with no cell spectra; test: cell spectra
T2,native,std_to_cells,all@analyte,fg_amide,F3.d1,majority,bal_acc,0.5,0.5,0.5,0.5,,,,20,20,865,9,fixed,"[{""fold"": ""standards->cells"", ""src"": ""fixed"", ""thr"": 0.5}]",0.45,train: standards of analytes with no cell spectra; test: cell spectra
T2,native,std_to_cells,all,fg_amide,F3.d1,lr,auroc,0.5136,0.4033,0.6294,0.5,,,,590,20,873,9,inner_cv,"[{""fold"": ""standards->cells"", ""C"": 1.0, ""src"": ""inner_cv"", ""thr"": 0.5}]",0.6,train: standards of analytes with no cell spectra; test: cell spectra
T2,native,std_to_cells,all,fg_amide,F3.d1,lr,auprc,0.097,0.0435,0.2651,0.1017,,,,590,20,873,9,inner_cv,"[{""fold"": ""standards->cells"", ""C"": 1.0, ""src"": ""inner_cv"", ""thr"": 0.5}]",0.6,train: standards of analytes with no cell spectra; test: cell spectra
T2,native,std_to_cells,all,fg_amide,F3.d1,lr,bal_acc,0.5,0.5,0.5,0.5,,,,590,20,873,9,inner_cv,"[{""fold"": ""standards->cells"", ""C"": 1.0, ""src"": ""inner_cv"", ""thr"": 0.5}]",0.6,train: standards of analytes with no cell spectra; test: cell spectra
T2,native,std_to_cells,all@analyte,fg_amide,F3.d1,lr,auroc,0.5,0.2632,0.7281,0.5,,,,20,20,865,9,inner_cv,"[{""fold"": ""standards->cells"", ""C"": 1.0, ""src"": ""inner_cv"", ""thr"": 0.5}]",0.6,train: standards of analytes with no cell spectra; test: cell spectra
T2,native,std_to_cells,all@analyte,fg_amide,F3.d1,lr,auprc,0.1389,0.0714,0.375,,,,,20,20,865,9,inner_cv,"[{""fold"": ""standards->cells"", ""C"": 1.0, ""src"": ""inner_cv"", ""thr"": 0.5}]",0.6,train: standards of analytes with no cell spectra; test: cell spectra
T2,native,std_to_cells,all@analyte,fg_amide,F3.d1,lr,bal_acc,0.5,0.5,0.5,0.5,,,,20,20,865,9,inner_cv,"[{""fold"": ""standards->cells"", ""C"": 1.0, ""src"": ""inner_cv"", ""thr"": 0.5}]",0.6,train: standards of analytes with no cell spectra; test: cell spectra
T2,native,std_to_cells,all,fg_amide,F3.d1,pca_lr,auroc,0.5466,0.4374,0.6577,0.5,,,,590,20,873,9,inner_cv,"[{""fold"": ""standards->cells"", ""C"": 1.0, ""src"": ""inner_cv"", ""thr"": 0.5}]",0.42,train: standards of analytes with no cell spectra; test: cell spectra
T2,native,std_to_cells,all,fg_amide,F3.d1,pca_lr,auprc,0.1039,0.0462,0.2802,0.1017,,,,590,20,873,9,inner_cv,"[{""fold"": ""standards->cells"", ""C"": 1.0, ""src"": ""inner_cv"", ""thr"": 0.5}]",0.42,train: standards of analytes with no cell spectra; test: cell spectra
T2,native,std_to_cells,all,fg_amide,F3.d1,pca_lr,bal_acc,0.5,0.5,0.5,0.5,,,,590,20,873,9,inner_cv,"[{""fold"": ""standards->cells"", ""C"": 1.0, ""src"": ""inner_cv"", ""thr"": 0.5}]",0.42,train: standards of analytes with no cell spectra; test: cell spectra
T2,native,std_to_cells,all@analyte,fg_amide,F3.d1,pca_lr,auroc,0.5278,0.2632,0.7647,0.5,,,,20,20,865,9,inner_cv,"[{""fold"": ""standards->cells"", ""C"": 1.0, ""src"": ""inner_cv"", ""thr"": 0.5}]",0.42,train: standards of analytes with no cell spectra; test: cell spectra
T2,native,std_to_cells,all@analyte,fg_amide,F3.d1,pca_lr,auprc,0.1458,0.0714,0.4,,,,,20,20,865,9,inner_cv,"[{""fold"": ""standards->cells"", ""C"": 1.0, ""src"": ""inner_cv"", ""thr"": 0.5}]",0.42,train: standards of analytes with no cell spectra; test: cell spectra
T2,native,std_to_cells,all@analyte,fg_amide,F3.d1,pca_lr,bal_acc,0.5,0.5,0.5,0.5,,,,20,20,865,9,inner_cv,"[{""fold"": ""standards->cells"", ""C"": 1.0, ""src"": ""inner_cv"", ""thr"": 0.5}]",0.42,train: standards of analytes with no cell spectra; test: cell spectra
T2,native,std_to_cells,all,fg_amide,F3.d1,plsda,auroc,0.5413,0.4252,0.6639,0.5,,,,590,20,873,9,inner_cv,"[{""fold"": ""standards->cells"", ""n"": 2, ""src"": ""inner_cv"", ""thr"": 0.5}]",0.37,train: standards of analytes with no cell spectra; test: cell spectra
T2,native,std_to_cells,all,fg_amide,F3.d1,plsda,auprc,0.1025,0.0438,0.2908,0.1017,,,,590,20,873,9,inner_cv,"[{""fold"": ""standards->cells"", ""n"": 2, ""src"": ""inner_cv"", ""thr"": 0.5}]",0.37,train: standards of analytes with no cell spectra; test: cell spectra
T2,native,std_to_cells,all,fg_amide,F3.d1,plsda,bal_acc,0.5,0.5,0.5,0.5,,,,590,20,873,9,inner_cv,"[{""fold"": ""standards->cells"", ""n"": 2, ""src"": ""inner_cv"", ""thr"": 0.5}]",0.37,train: standards of analytes with no cell spectra; test: cell spectra
T2,native,std_to_cells,all@analyte,fg_amide,F3.d1,plsda,auroc,0.5278,0.2105,0.8559,0.5,,,,20,20,865,9,inner_cv,"[{""fold"": ""standards->cells"", ""n"": 2, ""src"": ""inner_cv"", ""thr"": 0.5}]",0.37,train: standards of analytes with no cell spectra; test: cell spectra
T2,native,std_to_cells,all@analyte,fg_amide,F3.d1,plsda,auprc,0.1548,0.0625,0.5117,,,,,20,20,865,9,inner_cv,"[{""fold"": ""standards->cells"", ""n"": 2, ""src"": ""inner_cv"", ""thr"": 0.5}]",0.37,train: standards of analytes with no cell spectra; test: cell spectra
T2,native,std_to_cells,all@analyte,fg_amide,F3.d1,plsda,bal_acc,0.5,0.5,0.5,0.5,,,,20,20,865,9,inner_cv,"[{""fold"": ""standards->cells"", ""n"": 2, ""src"": ""inner_cv"", ""thr"": 0.5}]",0.37,train: standards of analytes with no cell spectra; test: cell spectra
T2,native,std_to_cells,all,fg_amide,F3.d1,ncm,auroc,0.507,0.3259,0.7062,0.5,,,,590,20,873,9,inner_cv,"[{""fold"": ""standards->cells"", ""src"": ""inner_cv"", ""thr"": 0.0774}]",0.36,train: standards of analytes with no cell spectra; test: cell spectra
T2,native,std_to_cells,all,fg_amide,F3.d1,ncm,auprc,0.0954,0.037,0.2828,0.1017,,,,590,20,873,9,inner_cv,"[{""fold"": ""standards->cells"", ""src"": ""inner_cv"", ""thr"": 0.0774}]",0.36,train: standards of analytes with no cell spectra; test: cell spectra
T2,native,std_to_cells,all,fg_amide,F3.d1,ncm,bal_acc,0.5868,0.5296,0.6599,0.5,,,,590,20,873,9,inner_cv,"[{""fold"": ""standards->cells"", ""src"": ""inner_cv"", ""thr"": 0.0774}]",0.36,train: standards of analytes with no cell spectra; test: cell spectra
T2,native,std_to_cells,all@analyte,fg_amide,F3.d1,ncm,auroc,0.5278,0.2222,0.8169,0.5,,,,20,20,865,9,inner_cv,"[{""fold"": ""standards->cells"", ""src"": ""inner_cv"", ""thr"": 0.0774}]",0.36,train: standards of analytes with no cell spectra; test: cell spectra
T2,native,std_to_cells,all@analyte,fg_amide,F3.d1,ncm,auprc,0.1484,0.0667,0.4403,,,,,20,20,865,9,inner_cv,"[{""fold"": ""standards->cells"", ""src"": ""inner_cv"", ""thr"": 0.0774}]",0.36,train: standards of analytes with no cell spectra; test: cell spectra
T2,native,std_to_cells,all@analyte,fg_amide,F3.d1,ncm,bal_acc,0.6111,0.5278,0.7059,0.5,,,,20,20,865,9,inner_cv,"[{""fold"": ""standards->cells"", ""src"": ""inner_cv"", ""thr"": 0.0774}]",0.36,train: standards of analytes with no cell spectra; test: cell spectra
T2,native,std_to_cells,all,fg_amide,F3.d1,hgb,auroc,0.5,0.5,0.5,0.5,,,,590,20,873,9,inner_cv,"[{""fold"": ""standards->cells"", ""src"": ""inner_cv"", ""thr"": 0.5}]",0.59,train: standards of analytes with no cell spectra; test: cell spectra
T2,native,std_to_cells,all,fg_amide,F3.d1,hgb,auprc,0.1017,0.0476,0.2632,0.1017,,,,590,20,873,9,inner_cv,"[{""fold"": ""standards->cells"", ""src"": ""inner_cv"", ""thr"": 0.5}]",0.59,train: standards of analytes with no cell spectra; test: cell spectra
T2,native,std_to_cells,all,fg_amide,F3.d1,hgb,bal_acc,0.5,0.5,0.5,0.5,,,,590,20,873,9,inner_cv,"[{""fold"": ""standards->cells"", ""src"": ""inner_cv"", ""thr"": 0.5}]",0.59,train: standards of analytes with no cell spectra; test: cell spectra
T2,native,std_to_cells,all@analyte,fg_amide,F3.d1,hgb,auroc,0.5,0.5,0.5,0.5,,,,20,20,865,9,inner_cv,"[{""fold"": ""standards->cells"", ""src"": ""inner_cv"", ""thr"": 0.5}]",0.59,train: standards of analytes with no cell spectra; test: cell spectra
T2,native,std_to_cells,all@analyte,fg_amide,F3.d1,hgb,auprc,0.1,0.05,0.25,,,,,20,20,865,9,inner_cv,"[{""fold"": ""standards->cells"", ""src"": ""inner_cv"", ""thr"": 0.5}]",0.59,train: standards of analytes with no cell spectra; test: cell spectra
T2,native,std_to_cells,all@analyte,fg_amide,F3.d1,hgb,bal_acc,0.5,0.5,0.5,0.5,,,,20,20,865,9,inner_cv,"[{""fold"": ""standards->cells"", ""src"": ""inner_cv"", ""thr"": 0.5}]",0.59,train: standards of analytes with no cell spectra; test: cell spectra
T2,native,std_to_cells,all,fg_amide,F3.d1,knn,auroc,0.5,0.5,0.5,0.5,,,,590,20,873,9,inner_cv,"[{""fold"": ""standards->cells"", ""k"": 1, ""src"": ""inner_cv"", ""thr"": 0.5}]",0.4,train: standards of analytes with no cell spectra; test: cell spectra
T2,native,std_to_cells,all,fg_amide,F3.d1,knn,auprc,0.1017,0.0476,0.2632,0.1017,,,,590,20,873,9,inner_cv,"[{""fold"": ""standards->cells"", ""k"": 1, ""src"": ""inner_cv"", ""thr"": 0.5}]",0.4,train: standards of analytes with no cell spectra; test: cell spectra
T2,native,std_to_cells,all,fg_amide,F3.d1,knn,bal_acc,0.5,0.5,0.5,0.5,,,,590,20,873,9,inner_cv,"[{""fold"": ""standards->cells"", ""k"": 1, ""src"": ""inner_cv"", ""thr"": 0.5}]",0.4,train: standards of analytes with no cell spectra; test: cell spectra
T2,native,std_to_cells,all@analyte,fg_amide,F3.d1,knn,auroc,0.5,0.5,0.5,0.5,,,,20,20,865,9,inner_cv,"[{""fold"": ""standards->cells"", ""k"": 1, ""src"": ""inner_cv"", ""thr"": 0.5}]",0.4,train: standards of analytes with no cell spectra; test: cell spectra
T2,native,std_to_cells,all@analyte,fg_amide,F3.d1,knn,auprc,0.1,0.05,0.25,,,,,20,20,865,9,inner_cv,"[{""fold"": ""standards->cells"", ""k"": 1, ""src"": ""inner_cv"", ""thr"": 0.5}]",0.4,train: standards of analytes with no cell spectra; test: cell spectra
T2,native,std_to_cells,all@analyte,fg_amide,F3.d1,knn,bal_acc,0.5,0.5,0.5,0.5,,,,20,20,865,9,inner_cv,"[{""fold"": ""standards->cells"", ""k"": 1, ""src"": ""inner_cv"", ""thr"": 0.5}]",0.4,train: standards of analytes with no cell spectra; test: cell spectra
T2,native,std_to_cells,all,fg_pyrrole_ring,F1,majority,auroc,0.5,0.5,0.5,0.5,,,,590,20,648,9,fixed,"[{""fold"": ""standards->cells"", ""src"": ""fixed"", ""thr"": 0.5}]",0.23,train: standards of analytes with no cell spectra; test: cell spectra
T2,native,std_to_cells,all,fg_pyrrole_ring,F1,majority,auprc,0.0339,0.0317,0.1111,0.0339,,,,590,20,648,9,fixed,"[{""fold"": ""standards->cells"", ""src"": ""fixed"", ""thr"": 0.5}]",0.23,train: standards of analytes with no cell spectra; test: cell spectra
T2,native,std_to_cells,all,fg_pyrrole_ring,F1,majority,bal_acc,0.5,0.5,0.5,0.5,,,,590,20,648,9,fixed,"[{""fold"": ""standards->cells"", ""src"": ""fixed"", ""thr"": 0.5}]",0.23,train: standards of analytes with no cell spectra; test: cell spectra
T2,native,std_to_cells,all@analyte,fg_pyrrole_ring,F1,majority,auroc,0.0526,0.0,0.1316,0.5,,,,20,20,657,9,fixed,"[{""fold"": ""standards->cells"", ""src"": ""fixed"", ""thr"": 0.5}]",0.23,train: standards of analytes with no cell spectra; test: cell spectra
T2,native,std_to_cells,all@analyte,fg_pyrrole_ring,F1,majority,auprc,0.05,0.05,0.15,,,,,20,20,657,9,fixed,"[{""fold"": ""standards->cells"", ""src"": ""fixed"", ""thr"": 0.5}]",0.23,train: standards of analytes with no cell spectra; test: cell spectra
T2,native,std_to_cells,all@analyte,fg_pyrrole_ring,F1,majority,bal_acc,0.5,0.5,0.5,0.5,,,,20,20,657,9,fixed,"[{""fold"": ""standards->cells"", ""src"": ""fixed"", ""thr"": 0.5}]",0.23,train: standards of analytes with no cell spectra; test: cell spectra
T2,native,std_to_cells,all,fg_pyrrole_ring,F1,lr,auroc,0.7955,0.7562,0.83,0.5,0.4655,1000,0.5166,590,20,648,9,inner_cv,"[{""fold"": ""standards->cells"", ""C"": 0.01, ""src"": ""inner_cv"", ""thr"": 0.442}]",0.31,train: standards of analytes with no cell spectra; test: cell spectra
T2,native,std_to_cells,all,fg_pyrrole_ring,F1,lr,auprc,0.4564,0.3656,0.6805,0.0339,,,,590,20,648,9,inner_cv,"[{""fold"": ""standards->cells"", ""C"": 0.01, ""src"": ""inner_cv"", ""thr"": 0.442}]",0.31,train: standards of analytes with no cell spectra; test: cell spectra
T2,native,std_to_cells,all,fg_pyrrole_ring,F1,lr,bal_acc,0.5,0.5,0.5,0.5,,,,590,20,648,9,inner_cv,"[{""fold"": ""standards->cells"", ""C"": 0.01, ""src"": ""inner_cv"", ""thr"": 0.442}]",0.31,train: standards of analytes with no cell spectra; test: cell spectra
T2,native,std_to_cells,all@analyte,fg_pyrrole_ring,F1,lr,auroc,1.0,1.0,1.0,0.5,,,,20,20,657,9,inner_cv,"[{""fold"": ""standards->cells"", ""C"": 0.01, ""src"": ""inner_cv"", ""thr"": 0.442}]",0.31,train: standards of analytes with no cell spectra; test: cell spectra
T2,native,std_to_cells,all@analyte,fg_pyrrole_ring,F1,lr,auprc,1.0,1.0,1.0,,,,,20,20,657,9,inner_cv,"[{""fold"": ""standards->cells"", ""C"": 0.01, ""src"": ""inner_cv"", ""thr"": 0.442}]",0.31,train: standards of analytes with no cell spectra; test: cell spectra
T2,native,std_to_cells,all@analyte,fg_pyrrole_ring,F1,lr,bal_acc,0.5,0.5,0.5,0.5,,,,20,20,657,9,inner_cv,"[{""fold"": ""standards->cells"", ""C"": 0.01, ""src"": ""inner_cv"", ""thr"": 0.442}]",0.31,train: standards of analytes with no cell spectra; test: cell spectra
T2,native,std_to_cells,all,fg_pyrrole_ring,F1,pca_lr,auroc,0.8422,0.8071,0.8728,0.5,,,,590,20,648,9,inner_cv,"[{""fold"": ""standards->cells"", ""C"": 0.01, ""src"": ""inner_cv"", ""thr"": 0.442}]",0.62,train: standards of analytes with no cell spectra; test: cell spectra
T2,native,std_to_cells,all,fg_pyrrole_ring,F1,pca_lr,auprc,0.4065,0.3037,0.691,0.0339,,,,590,20,648,9,inner_cv,"[{""fold"": ""standards->cells"", ""C"": 0.01, ""src"": ""inner_cv"", ""thr"": 0.442}]",0.62,train: standards of analytes with no cell spectra; test: cell spectra
T2,native,std_to_cells,all,fg_pyrrole_ring,F1,pca_lr,bal_acc,0.5,0.5,0.5,0.5,,,,590,20,648,9,inner_cv,"[{""fold"": ""standards->cells"", ""C"": 0.01, ""src"": ""inner_cv"", ""thr"": 0.442}]",0.62,train: standards of analytes with no cell spectra; test: cell spectra
T2,native,std_to_cells,all@analyte,fg_pyrrole_ring,F1,pca_lr,auroc,1.0,1.0,1.0,0.5,,,,20,20,657,9,inner_cv,"[{""fold"": ""standards->cells"", ""C"": 0.01, ""src"": ""inner_cv"", ""thr"": 0.442}]",0.62,train: standards of analytes with no cell spectra; test: cell spectra
T2,native,std_to_cells,all@analyte,fg_pyrrole_ring,F1,pca_lr,auprc,1.0,1.0,1.0,,,,,20,20,657,9,inner_cv,"[{""fold"": ""standards->cells"", ""C"": 0.01, ""src"": ""inner_cv"", ""thr"": 0.442}]",0.62,train: standards of analytes with no cell spectra; test: cell spectra
T2,native,std_to_cells,all@analyte,fg_pyrrole_ring,F1,pca_lr,bal_acc,0.5,0.5,0.5,0.5,,,,20,20,657,9,inner_cv,"[{""fold"": ""standards->cells"", ""C"": 0.01, ""src"": ""inner_cv"", ""thr"": 0.442}]",0.62,train: standards of analytes with no cell spectra; test: cell spectra
T2,native,std_to_cells,all,fg_pyrrole_ring,F1,plsda,auroc,0.8196,0.7916,0.8459,0.5,,,,590,20,648,9,inner_cv,"[{""fold"": ""standards->cells"", ""n"": 2, ""src"": ""inner_cv"", ""thr"": 0.0}]",0.3,train: standards of analytes with no cell spectra; test: cell spectra
T2,native,std_to_cells,all,fg_pyrrole_ring,F1,plsda,auprc,0.4053,0.3378,0.6171,0.0339,,,,590,20,648,9,inner_cv,"[{""fold"": ""standards->cells"", ""n"": 2, ""src"": ""inner_cv"", ""thr"": 0.0}]",0.3,train: standards of analytes with no cell spectra; test: cell spectra
T2,native,std_to_cells,all,fg_pyrrole_ring,F1,plsda,bal_acc,0.5,0.5,0.5,0.5,,,,590,20,648,9,inner_cv,"[{""fold"": ""standards->cells"", ""n"": 2, ""src"": ""inner_cv"", ""thr"": 0.0}]",0.3,train: standards of analytes with no cell spectra; test: cell spectra
T2,native,std_to_cells,all@analyte,fg_pyrrole_ring,F1,plsda,auroc,1.0,1.0,1.0,0.5,,,,20,20,657,9,inner_cv,"[{""fold"": ""standards->cells"", ""n"": 2, ""src"": ""inner_cv"", ""thr"": 0.0}]",0.3,train: standards of analytes with no cell spectra; test: cell spectra
T2,native,std_to_cells,all@analyte,fg_pyrrole_ring,F1,plsda,auprc,1.0,1.0,1.0,,,,,20,20,657,9,inner_cv,"[{""fold"": ""standards->cells"", ""n"": 2, ""src"": ""inner_cv"", ""thr"": 0.0}]",0.3,train: standards of analytes with no cell spectra; test: cell spectra
T2,native,std_to_cells,all@analyte,fg_pyrrole_ring,F1,plsda,bal_acc,0.5,0.5,0.5,0.5,,,,20,20,657,9,inner_cv,"[{""fold"": ""standards->cells"", ""n"": 2, ""src"": ""inner_cv"", ""thr"": 0.0}]",0.3,train: standards of analytes with no cell spectra; test: cell spectra
T2,native,std_to_cells,all,fg_pyrrole_ring,F1,ncm,auroc,0.9896,0.9646,1.0,0.5,,,,590,20,648,9,inner_cv,"[{""fold"": ""standards->cells"", ""src"": ""inner_cv"", ""thr"": 0.8209}]",0.28,train: standards of analytes with no cell spectra; test: cell spectra
T2,native,std_to_cells,all,fg_pyrrole_ring,F1,ncm,auprc,0.7517,0.5882,1.0,0.0339,,,,590,20,648,9,inner_cv,"[{""fold"": ""standards->cells"", ""src"": ""inner_cv"", ""thr"": 0.8209}]",0.28,train: standards of analytes with no cell spectra; test: cell spectra
T2,native,std_to_cells,all,fg_pyrrole_ring,F1,ncm,bal_acc,0.675,0.675,0.675,0.5,,,,590,20,648,9,inner_cv,"[{""fold"": ""standards->cells"", ""src"": ""inner_cv"", ""thr"": 0.8209}]",0.28,train: standards of analytes with no cell spectra; test: cell spectra
T2,native,std_to_cells,all@analyte,fg_pyrrole_ring,F1,ncm,auroc,1.0,1.0,1.0,0.5,,,,20,20,657,9,inner_cv,"[{""fold"": ""standards->cells"", ""src"": ""inner_cv"", ""thr"": 0.8209}]",0.28,train: standards of analytes with no cell spectra; test: cell spectra
T2,native,std_to_cells,all@analyte,fg_pyrrole_ring,F1,ncm,auprc,1.0,1.0,1.0,,,,,20,20,657,9,inner_cv,"[{""fold"": ""standards->cells"", ""src"": ""inner_cv"", ""thr"": 0.8209}]",0.28,train: standards of analytes with no cell spectra; test: cell spectra
T2,native,std_to_cells,all@analyte,fg_pyrrole_ring,F1,ncm,bal_acc,0.5,0.5,0.5,0.5,,,,20,20,657,9,inner_cv,"[{""fold"": ""standards->cells"", ""src"": ""inner_cv"", ""thr"": 0.8209}]",0.28,train: standards of analytes with no cell spectra; test: cell spectra
T2,native,std_to_cells,all,fg_pyrrole_ring,F1,hgb,auroc,0.5,0.5,0.5,0.5,,,,590,20,648,9,inner_cv,"[{""fold"": ""standards->cells"", ""src"": ""inner_cv"", ""thr"": 0.5}]",0.41,train: standards of analytes with no cell spectra; test: cell spectra
T2,native,std_to_cells,all,fg_pyrrole_ring,F1,hgb,auprc,0.0339,0.0317,0.1111,0.0339,,,,590,20,648,9,inner_cv,"[{""fold"": ""standards->cells"", ""src"": ""inner_cv"", ""thr"": 0.5}]",0.41,train: standards of analytes with no cell spectra; test: cell spectra
T2,native,std_to_cells,all,fg_pyrrole_ring,F1,hgb,bal_acc,0.5,0.5,0.5,0.5,,,,590,20,648,9,inner_cv,"[{""fold"": ""standards->cells"", ""src"": ""inner_cv"", ""thr"": 0.5}]",0.41,train: standards of analytes with no cell spectra; test: cell spectra
T2,native,std_to_cells,all@analyte,fg_pyrrole_ring,F1,hgb,auroc,0.5,0.5,0.5,0.5,,,,20,20,657,9,inner_cv,"[{""fold"": ""standards->cells"", ""src"": ""inner_cv"", ""thr"": 0.5}]",0.41,train: standards of analytes with no cell spectra; test: cell spectra
T2,native,std_to_cells,all@analyte,fg_pyrrole_ring,F1,hgb,auprc,0.05,0.05,0.15,,,,,20,20,657,9,inner_cv,"[{""fold"": ""standards->cells"", ""src"": ""inner_cv"", ""thr"": 0.5}]",0.41,train: standards of analytes with no cell spectra; test: cell spectra
T2,native,std_to_cells,all@analyte,fg_pyrrole_ring,F1,hgb,bal_acc,0.5,0.5,0.5,0.5,,,,20,20,657,9,inner_cv,"[{""fold"": ""standards->cells"", ""src"": ""inner_cv"", ""thr"": 0.5}]",0.41,train: standards of analytes with no cell spectra; test: cell spectra
T2,native,std_to_cells,all,fg_pyrrole_ring,F1,knn,auroc,0.5605,0.5304,0.5928,0.5,,,,590,20,648,9,inner_cv,"[{""fold"": ""standards->cells"", ""k"": 1, ""src"": ""inner_cv"", ""thr"": 0.5}]",0.25,train: standards of analytes with no cell spectra; test: cell spectra
T2,native,std_to_cells,all,fg_pyrrole_ring,F1,knn,auprc,0.0384,0.036,0.1232,0.0339,,,,590,20,648,9,inner_cv,"[{""fold"": ""standards->cells"", ""k"": 1, ""src"": ""inner_cv"", ""thr"": 0.5}]",0.25,train: standards of analytes with no cell spectra; test: cell spectra
T2,native,std_to_cells,all,fg_pyrrole_ring,F1,knn,bal_acc,0.5605,0.5304,0.5928,0.5,,,,590,20,648,9,inner_cv,"[{""fold"": ""standards->cells"", ""k"": 1, ""src"": ""inner_cv"", ""thr"": 0.5}]",0.25,train: standards of analytes with no cell spectra; test: cell spectra
T2,native,std_to_cells,all@analyte,fg_pyrrole_ring,F1,knn,auroc,0.8684,0.7632,0.9722,0.5,,,,20,20,657,9,inner_cv,"[{""fold"": ""standards->cells"", ""k"": 1, ""src"": ""inner_cv"", ""thr"": 0.5}]",0.25,train: standards of analytes with no cell spectra; test: cell spectra
T2,native,std_to_cells,all@analyte,fg_pyrrole_ring,F1,knn,auprc,0.1667,0.1,0.615,,,,,20,20,657,9,inner_cv,"[{""fold"": ""standards->cells"", ""k"": 1, ""src"": ""inner_cv"", ""thr"": 0.5}]",0.25,train: standards of analytes with no cell spectra; test: cell spectra
T2,native,std_to_cells,all@analyte,fg_pyrrole_ring,F1,knn,bal_acc,0.5263,0.5,0.5833,0.5,,,,20,20,657,9,inner_cv,"[{""fold"": ""standards->cells"", ""k"": 1, ""src"": ""inner_cv"", ""thr"": 0.5}]",0.25,train: standards of analytes with no cell spectra; test: cell spectra
T2,native,std_to_cells,all,fg_pyrrole_ring,F1pos,majority,auroc,0.5,0.5,0.5,0.5,,,,590,20,648,9,fixed,"[{""fold"": ""standards->cells"", ""src"": ""fixed"", ""thr"": 0.5}]",0.33,train: standards of analytes with no cell spectra; test: cell spectra
T2,native,std_to_cells,all,fg_pyrrole_ring,F1pos,majority,auprc,0.0339,0.0317,0.1111,0.0339,,,,590,20,648,9,fixed,"[{""fold"": ""standards->cells"", ""src"": ""fixed"", ""thr"": 0.5}]",0.33,train: standards of analytes with no cell spectra; test: cell spectra
T2,native,std_to_cells,all,fg_pyrrole_ring,F1pos,majority,bal_acc,0.5,0.5,0.5,0.5,,,,590,20,648,9,fixed,"[{""fold"": ""standards->cells"", ""src"": ""fixed"", ""thr"": 0.5}]",0.33,train: standards of analytes with no cell spectra; test: cell spectra
T2,native,std_to_cells,all@analyte,fg_pyrrole_ring,F1pos,majority,auroc,0.0526,0.0,0.1316,0.5,,,,20,20,657,9,fixed,"[{""fold"": ""standards->cells"", ""src"": ""fixed"", ""thr"": 0.5}]",0.33,train: standards of analytes with no cell spectra; test: cell spectra
T2,native,std_to_cells,all@analyte,fg_pyrrole_ring,F1pos,majority,auprc,0.05,0.05,0.15,,,,,20,20,657,9,fixed,"[{""fold"": ""standards->cells"", ""src"": ""fixed"", ""thr"": 0.5}]",0.33,train: standards of analytes with no cell spectra; test: cell spectra
T2,native,std_to_cells,all@analyte,fg_pyrrole_ring,F1pos,majority,bal_acc,0.5,0.5,0.5,0.5,,,,20,20,657,9,fixed,"[{""fold"": ""standards->cells"", ""src"": ""fixed"", ""thr"": 0.5}]",0.33,train: standards of analytes with no cell spectra; test: cell spectra
T2,native,std_to_cells,all,fg_pyrrole_ring,F1pos,lr,auroc,0.462,0.3862,0.5347,0.5,,,,590,20,648,9,inner_cv,"[{""fold"": ""standards->cells"", ""C"": 0.01, ""src"": ""inner_cv"", ""thr"": 0.5057}]",0.61,train: standards of analytes with no cell spectra; test: cell spectra
T2,native,std_to_cells,all,fg_pyrrole_ring,F1pos,lr,auprc,0.0356,0.0309,0.1214,0.0339,,,,590,20,648,9,inner_cv,"[{""fold"": ""standards->cells"", ""C"": 0.01, ""src"": ""inner_cv"", ""thr"": 0.5057}]",0.61,train: standards of analytes with no cell spectra; test: cell spectra
T2,native,std_to_cells,all,fg_pyrrole_ring,F1pos,lr,bal_acc,0.5079,0.5019,0.5153,0.5,,,,590,20,648,9,inner_cv,"[{""fold"": ""standards->cells"", ""C"": 0.01, ""src"": ""inner_cv"", ""thr"": 0.5057}]",0.61,train: standards of analytes with no cell spectra; test: cell spectra
T2,native,std_to_cells,all@analyte,fg_pyrrole_ring,F1pos,lr,auroc,0.5263,0.2778,0.7778,0.5,,,,20,20,657,9,inner_cv,"[{""fold"": ""standards->cells"", ""C"": 0.01, ""src"": ""inner_cv"", ""thr"": 0.5057}]",0.61,train: standards of analytes with no cell spectra; test: cell spectra
T2,native,std_to_cells,all@analyte,fg_pyrrole_ring,F1pos,lr,auprc,0.1,0.0714,0.375,,,,,20,20,657,9,inner_cv,"[{""fold"": ""standards->cells"", ""C"": 0.01, ""src"": ""inner_cv"", ""thr"": 0.5057}]",0.61,train: standards of analytes with no cell spectra; test: cell spectra
T2,native,std_to_cells,all@analyte,fg_pyrrole_ring,F1pos,lr,bal_acc,0.5,0.5,0.5,0.5,,,,20,20,657,9,inner_cv,"[{""fold"": ""standards->cells"", ""C"": 0.01, ""src"": ""inner_cv"", ""thr"": 0.5057}]",0.61,train: standards of analytes with no cell spectra; test: cell spectra
T2,native,std_to_cells,all,fg_pyrrole_ring,F1pos,pca_lr,auroc,0.462,0.3862,0.5347,0.5,,,,590,20,648,9,inner_cv,"[{""fold"": ""standards->cells"", ""C"": 0.01, ""src"": ""inner_cv"", ""thr"": 0.5057}]",0.51,train: standards of analytes with no cell spectra; test: cell spectra
T2,native,std_to_cells,all,fg_pyrrole_ring,F1pos,pca_lr,auprc,0.0356,0.0309,0.1214,0.0339,,,,590,20,648,9,inner_cv,"[{""fold"": ""standards->cells"", ""C"": 0.01, ""src"": ""inner_cv"", ""thr"": 0.5057}]",0.51,train: standards of analytes with no cell spectra; test: cell spectra
T2,native,std_to_cells,all,fg_pyrrole_ring,F1pos,pca_lr,bal_acc,0.5079,0.5019,0.5153,0.5,,,,590,20,648,9,inner_cv,"[{""fold"": ""standards->cells"", ""C"": 0.01, ""src"": ""inner_cv"", ""thr"": 0.5057}]",0.51,train: standards of analytes with no cell spectra; test: cell spectra
T2,native,std_to_cells,all@analyte,fg_pyrrole_ring,F1pos,pca_lr,auroc,0.5263,0.2778,0.7778,0.5,,,,20,20,657,9,inner_cv,"[{""fold"": ""standards->cells"", ""C"": 0.01, ""src"": ""inner_cv"", ""thr"": 0.5057}]",0.51,train: standards of analytes with no cell spectra; test: cell spectra
T2,native,std_to_cells,all@analyte,fg_pyrrole_ring,F1pos,pca_lr,auprc,0.1,0.0714,0.375,,,,,20,20,657,9,inner_cv,"[{""fold"": ""standards->cells"", ""C"": 0.01, ""src"": ""inner_cv"", ""thr"": 0.5057}]",0.51,train: standards of analytes with no cell spectra; test: cell spectra
T2,native,std_to_cells,all@analyte,fg_pyrrole_ring,F1pos,pca_lr,bal_acc,0.5,0.5,0.5,0.5,,,,20,20,657,9,inner_cv,"[{""fold"": ""standards->cells"", ""C"": 0.01, ""src"": ""inner_cv"", ""thr"": 0.5057}]",0.51,train: standards of analytes with no cell spectra; test: cell spectra
T2,native,std_to_cells,all,fg_pyrrole_ring,F1pos,plsda,auroc,0.4418,0.3558,0.5219,0.5,,,,590,20,648,9,inner_cv,"[{""fold"": ""standards->cells"", ""n"": 2, ""src"": ""inner_cv"", ""thr"": 0.5432}]",0.36,train: standards of analytes with no cell spectra; test: cell spectra
T2,native,std_to_cells,all,fg_pyrrole_ring,F1pos,plsda,auprc,0.0305,0.0266,0.1044,0.0339,,,,590,20,648,9,inner_cv,"[{""fold"": ""standards->cells"", ""n"": 2, ""src"": ""inner_cv"", ""thr"": 0.5432}]",0.36,train: standards of analytes with no cell spectra; test: cell spectra
T2,native,std_to_cells,all,fg_pyrrole_ring,F1pos,plsda,bal_acc,0.5105,0.5036,0.5196,0.5,,,,590,20,648,9,inner_cv,"[{""fold"": ""standards->cells"", ""n"": 2, ""src"": ""inner_cv"", ""thr"": 0.5432}]",0.36,train: standards of analytes with no cell spectra; test: cell spectra
T2,native,std_to_cells,all@analyte,fg_pyrrole_ring,F1pos,plsda,auroc,0.4737,0.2353,0.731,0.5,,,,20,20,657,9,inner_cv,"[{""fold"": ""standards->cells"", ""n"": 2, ""src"": ""inner_cv"", ""thr"": 0.5432}]",0.36,train: standards of analytes with no cell spectra; test: cell spectra
T2,native,std_to_cells,all@analyte,fg_pyrrole_ring,F1pos,plsda,auprc,0.0909,0.0714,0.3333,,,,,20,20,657,9,inner_cv,"[{""fold"": ""standards->cells"", ""n"": 2, ""src"": ""inner_cv"", ""thr"": 0.5432}]",0.36,train: standards of analytes with no cell spectra; test: cell spectra
T2,native,std_to_cells,all@analyte,fg_pyrrole_ring,F1pos,plsda,bal_acc,0.5,0.5,0.5,0.5,,,,20,20,657,9,inner_cv,"[{""fold"": ""standards->cells"", ""n"": 2, ""src"": ""inner_cv"", ""thr"": 0.5432}]",0.36,train: standards of analytes with no cell spectra; test: cell spectra
T2,native,std_to_cells,all,fg_pyrrole_ring,F1pos,ncm,auroc,0.4549,0.3702,0.5376,0.5,,,,590,20,648,9,inner_cv,"[{""fold"": ""standards->cells"", ""src"": ""inner_cv"", ""thr"": 0.2954}]",0.28,train: standards of analytes with no cell spectra; test: cell spectra
T2,native,std_to_cells,all,fg_pyrrole_ring,F1pos,ncm,auprc,0.0382,0.0309,0.1415,0.0339,,,,590,20,648,9,inner_cv,"[{""fold"": ""standards->cells"", ""src"": ""inner_cv"", ""thr"": 0.2954}]",0.28,train: standards of analytes with no cell spectra; test: cell spectra
T2,native,std_to_cells,all,fg_pyrrole_ring,F1pos,ncm,bal_acc,0.5693,0.5396,0.6034,0.5,,,,590,20,648,9,inner_cv,"[{""fold"": ""standards->cells"", ""src"": ""inner_cv"", ""thr"": 0.2954}]",0.28,train: standards of analytes with no cell spectra; test: cell spectra
T2,native,std_to_cells,all@analyte,fg_pyrrole_ring,F1pos,ncm,auroc,0.5263,0.2778,0.7778,0.5,,,,20,20,657,9,inner_cv,"[{""fold"": ""standards->cells"", ""src"": ""inner_cv"", ""thr"": 0.2954}]",0.28,train: standards of analytes with no cell spectra; test: cell spectra
T2,native,std_to_cells,all@analyte,fg_pyrrole_ring,F1pos,ncm,auprc,0.1,0.0714,0.375,,,,,20,20,657,9,inner_cv,"[{""fold"": ""standards->cells"", ""src"": ""inner_cv"", ""thr"": 0.2954}]",0.28,train: standards of analytes with no cell spectra; test: cell spectra
T2,native,std_to_cells,all@analyte,fg_pyrrole_ring,F1pos,ncm,bal_acc,0.5,0.5,0.5,0.5,,,,20,20,657,9,inner_cv,"[{""fold"": ""standards->cells"", ""src"": ""inner_cv"", ""thr"": 0.2954}]",0.28,train: standards of analytes with no cell spectra; test: cell spectra
T2,native,std_to_cells,all,fg_pyrrole_ring,F1pos,hgb,auroc,0.5,0.5,0.5,0.5,,,,590,20,648,9,inner_cv,"[{""fold"": ""standards->cells"", ""src"": ""inner_cv"", ""thr"": 0.5}]",0.28,train: standards of analytes with no cell spectra; test: cell spectra
T2,native,std_to_cells,all,fg_pyrrole_ring,F1pos,hgb,auprc,0.0339,0.0317,0.1111,0.0339,,,,590,20,648,9,inner_cv,"[{""fold"": ""standards->cells"", ""src"": ""inner_cv"", ""thr"": 0.5}]",0.28,train: standards of analytes with no cell spectra; test: cell spectra
T2,native,std_to_cells,all,fg_pyrrole_ring,F1pos,hgb,bal_acc,0.5,0.5,0.5,0.5,,,,590,20,648,9,inner_cv,"[{""fold"": ""standards->cells"", ""src"": ""inner_cv"", ""thr"": 0.5}]",0.28,train: standards of analytes with no cell spectra; test: cell spectra
T2,native,std_to_cells,all@analyte,fg_pyrrole_ring,F1pos,hgb,auroc,0.5,0.5,0.5,0.5,,,,20,20,657,9,inner_cv,"[{""fold"": ""standards->cells"", ""src"": ""inner_cv"", ""thr"": 0.5}]",0.28,train: standards of analytes with no cell spectra; test: cell spectra
T2,native,std_to_cells,all@analyte,fg_pyrrole_ring,F1pos,hgb,auprc,0.05,0.05,0.15,,,,,20,20,657,9,inner_cv,"[{""fold"": ""standards->cells"", ""src"": ""inner_cv"", ""thr"": 0.5}]",0.28,train: standards of analytes with no cell spectra; test: cell spectra
T2,native,std_to_cells,all@analyte,fg_pyrrole_ring,F1pos,hgb,bal_acc,0.5,0.5,0.5,0.5,,,,20,20,657,9,inner_cv,"[{""fold"": ""standards->cells"", ""src"": ""inner_cv"", ""thr"": 0.5}]",0.28,train: standards of analytes with no cell spectra; test: cell spectra
T2,native,std_to_cells,all,fg_pyrrole_ring,F1pos,knn,auroc,0.6499,0.5862,0.7073,0.5,,,,590,20,648,9,inner_cv,"[{""fold"": ""standards->cells"", ""k"": 3, ""src"": ""inner_cv"", ""thr"": 0.6137}]",0.36,train: standards of analytes with no cell spectra; test: cell spectra
T2,native,std_to_cells,all,fg_pyrrole_ring,F1pos,knn,auprc,0.0476,0.0408,0.1558,0.0339,,,,590,20,648,9,inner_cv,"[{""fold"": ""standards->cells"", ""k"": 3, ""src"": ""inner_cv"", ""thr"": 0.6137}]",0.36,train: standards of analytes with no cell spectra; test: cell spectra
T2,native,std_to_cells,all,fg_pyrrole_ring,F1pos,knn,bal_acc,0.5377,0.52,0.5596,0.5,,,,590,20,648,9,inner_cv,"[{""fold"": ""standards->cells"", ""k"": 3, ""src"": ""inner_cv"", ""thr"": 0.6137}]",0.36,train: standards of analytes with no cell spectra; test: cell spectra
T2,native,std_to_cells,all@analyte,fg_pyrrole_ring,F1pos,knn,auroc,0.7895,0.5882,0.9474,0.5,,,,20,20,657,9,inner_cv,"[{""fold"": ""standards->cells"", ""k"": 3, ""src"": ""inner_cv"", ""thr"": 0.6137}]",0.36,train: standards of analytes with no cell spectra; test: cell spectra
T2,native,std_to_cells,all@analyte,fg_pyrrole_ring,F1pos,knn,auprc,0.2,0.125,0.6667,,,,,20,20,657,9,inner_cv,"[{""fold"": ""standards->cells"", ""k"": 3, ""src"": ""inner_cv"", ""thr"": 0.6137}]",0.36,train: standards of analytes with no cell spectra; test: cell spectra
T2,native,std_to_cells,all@analyte,fg_pyrrole_ring,F1pos,knn,bal_acc,0.5,0.5,0.5,0.5,,,,20,20,657,9,inner_cv,"[{""fold"": ""standards->cells"", ""k"": 3, ""src"": ""inner_cv"", ""thr"": 0.6137}]",0.36,train: standards of analytes with no cell spectra; test: cell spectra
T2,native,std_to_cells,all,fg_pyrrole_ring,F2,majority,auroc,0.5,0.5,0.5,0.5,,,,590,20,648,9,fixed,"[{""fold"": ""standards->cells"", ""src"": ""fixed"", ""thr"": 0.5}]",0.22,train: standards of analytes with no cell spectra; test: cell spectra
T2,native,std_to_cells,all,fg_pyrrole_ring,F2,majority,auprc,0.0339,0.0317,0.1111,0.0339,,,,590,20,648,9,fixed,"[{""fold"": ""standards->cells"", ""src"": ""fixed"", ""thr"": 0.5}]",0.22,train: standards of analytes with no cell spectra; test: cell spectra
T2,native,std_to_cells,all,fg_pyrrole_ring,F2,majority,bal_acc,0.5,0.5,0.5,0.5,,,,590,20,648,9,fixed,"[{""fold"": ""standards->cells"", ""src"": ""fixed"", ""thr"": 0.5}]",0.22,train: standards of analytes with no cell spectra; test: cell spectra
T2,native,std_to_cells,all@analyte,fg_pyrrole_ring,F2,majority,auroc,0.0526,0.0,0.1316,0.5,,,,20,20,657,9,fixed,"[{""fold"": ""standards->cells"", ""src"": ""fixed"", ""thr"": 0.5}]",0.22,train: standards of analytes with no cell spectra; test: cell spectra
T2,native,std_to_cells,all@analyte,fg_pyrrole_ring,F2,majority,auprc,0.05,0.05,0.15,,,,,20,20,657,9,fixed,"[{""fold"": ""standards->cells"", ""src"": ""fixed"", ""thr"": 0.5}]",0.22,train: standards of analytes with no cell spectra; test: cell spectra
T2,native,std_to_cells,all@analyte,fg_pyrrole_ring,F2,majority,bal_acc,0.5,0.5,0.5,0.5,,,,20,20,657,9,fixed,"[{""fold"": ""standards->cells"", ""src"": ""fixed"", ""thr"": 0.5}]",0.22,train: standards of analytes with no cell spectra; test: cell spectra
T2,native,std_to_cells,all,fg_pyrrole_ring,F2,lr,auroc,0.6979,0.6241,0.7803,0.5,,,,590,20,648,9,inner_cv,"[{""fold"": ""standards->cells"", ""C"": 0.1, ""src"": ""inner_cv"", ""thr"": 0.9997}]",0.35,train: standards of analytes with no cell spectra; test: cell spectra
T2,native,std_to_cells,all,fg_pyrrole_ring,F2,lr,auprc,0.1006,0.0699,0.3239,0.0339,,,,590,20,648,9,inner_cv,"[{""fold"": ""standards->cells"", ""C"": 0.1, ""src"": ""inner_cv"", ""thr"": 0.9997}]",0.35,train: standards of analytes with no cell spectra; test: cell spectra
T2,native,std_to_cells,all,fg_pyrrole_ring,F2,lr,bal_acc,0.5,0.5,0.5,0.5,,,,590,20,648,9,inner_cv,"[{""fold"": ""standards->cells"", ""C"": 0.1, ""src"": ""inner_cv"", ""thr"": 0.9997}]",0.35,train: standards of analytes with no cell spectra; test: cell spectra
T2,native,std_to_cells,all@analyte,fg_pyrrole_ring,F2,lr,auroc,0.8947,0.7368,1.0,0.5,,,,20,20,657,9,inner_cv,"[{""fold"": ""standards->cells"", ""C"": 0.1, ""src"": ""inner_cv"", ""thr"": 0.9997}]",0.35,train: standards of analytes with no cell spectra; test: cell spectra
T2,native,std_to_cells,all@analyte,fg_pyrrole_ring,F2,lr,auprc,0.3333,0.2,1.0,,,,,20,20,657,9,inner_cv,"[{""fold"": ""standards->cells"", ""C"": 0.1, ""src"": ""inner_cv"", ""thr"": 0.9997}]",0.35,train: standards of analytes with no cell spectra; test: cell spectra
T2,native,std_to_cells,all@analyte,fg_pyrrole_ring,F2,lr,bal_acc,0.5,0.5,0.5,0.5,,,,20,20,657,9,inner_cv,"[{""fold"": ""standards->cells"", ""C"": 0.1, ""src"": ""inner_cv"", ""thr"": 0.9997}]",0.35,train: standards of analytes with no cell spectra; test: cell spectra
T2,native,std_to_cells,all,fg_pyrrole_ring,F2,pca_lr,auroc,0.9749,0.9375,0.9953,0.5,,,,590,20,648,9,inner_cv,"[{""fold"": ""standards->cells"", ""C"": 0.1, ""src"": ""inner_cv"", ""thr"": 0.0}]",0.36,train: standards of analytes with no cell spectra; test: cell spectra
T2,native,std_to_cells,all,fg_pyrrole_ring,F2,pca_lr,auprc,0.4876,0.2904,0.957,0.0339,,,,590,20,648,9,inner_cv,"[{""fold"": ""standards->cells"", ""C"": 0.1, ""src"": ""inner_cv"", ""thr"": 0.0}]",0.36,train: standards of analytes with no cell spectra; test: cell spectra
T2,native,std_to_cells,all,fg_pyrrole_ring,F2,pca_lr,bal_acc,0.5,0.5,0.5,0.5,,,,590,20,648,9,inner_cv,"[{""fold"": ""standards->cells"", ""C"": 0.1, ""src"": ""inner_cv"", ""thr"": 0.0}]",0.36,train: standards of analytes with no cell spectra; test: cell spectra
T2,native,std_to_cells,all@analyte,fg_pyrrole_ring,F2,pca_lr,auroc,1.0,1.0,1.0,0.5,,,,20,20,657,9,inner_cv,"[{""fold"": ""standards->cells"", ""C"": 0.1, ""src"": ""inner_cv"", ""thr"": 0.0}]",0.36,train: standards of analytes with no cell spectra; test: cell spectra
T2,native,std_to_cells,all@analyte,fg_pyrrole_ring,F2,pca_lr,auprc,1.0,1.0,1.0,,,,,20,20,657,9,inner_cv,"[{""fold"": ""standards->cells"", ""C"": 0.1, ""src"": ""inner_cv"", ""thr"": 0.0}]",0.36,train: standards of analytes with no cell spectra; test: cell spectra
T2,native,std_to_cells,all@analyte,fg_pyrrole_ring,F2,pca_lr,bal_acc,0.5,0.5,0.5,0.5,,,,20,20,657,9,inner_cv,"[{""fold"": ""standards->cells"", ""C"": 0.1, ""src"": ""inner_cv"", ""thr"": 0.0}]",0.36,train: standards of analytes with no cell spectra; test: cell spectra
T2,native,std_to_cells,all,fg_pyrrole_ring,F2,plsda,auroc,0.939,0.8646,0.9921,0.5,,,,590,20,648,9,inner_cv,"[{""fold"": ""standards->cells"", ""n"": 2, ""src"": ""inner_cv"", ""thr"": 1.0}]",0.34,train: standards of analytes with no cell spectra; test: cell spectra
T2,native,std_to_cells,all,fg_pyrrole_ring,F2,plsda,auprc,0.2325,0.1342,0.9037,0.0339,,,,590,20,648,9,inner_cv,"[{""fold"": ""standards->cells"", ""n"": 2, ""src"": ""inner_cv"", ""thr"": 1.0}]",0.34,train: standards of analytes with no cell spectra; test: cell spectra
T2,native,std_to_cells,all,fg_pyrrole_ring,F2,plsda,bal_acc,0.5,0.5,0.5,0.5,,,,590,20,648,9,inner_cv,"[{""fold"": ""standards->cells"", ""n"": 2, ""src"": ""inner_cv"", ""thr"": 1.0}]",0.34,train: standards of analytes with no cell spectra; test: cell spectra
T2,native,std_to_cells,all@analyte,fg_pyrrole_ring,F2,plsda,auroc,1.0,1.0,1.0,0.5,,,,20,20,657,9,inner_cv,"[{""fold"": ""standards->cells"", ""n"": 2, ""src"": ""inner_cv"", ""thr"": 1.0}]",0.34,train: standards of analytes with no cell spectra; test: cell spectra
T2,native,std_to_cells,all@analyte,fg_pyrrole_ring,F2,plsda,auprc,1.0,1.0,1.0,,,,,20,20,657,9,inner_cv,"[{""fold"": ""standards->cells"", ""n"": 2, ""src"": ""inner_cv"", ""thr"": 1.0}]",0.34,train: standards of analytes with no cell spectra; test: cell spectra
T2,native,std_to_cells,all@analyte,fg_pyrrole_ring,F2,plsda,bal_acc,0.5,0.5,0.5,0.5,,,,20,20,657,9,inner_cv,"[{""fold"": ""standards->cells"", ""n"": 2, ""src"": ""inner_cv"", ""thr"": 1.0}]",0.34,train: standards of analytes with no cell spectra; test: cell spectra
T2,native,std_to_cells,all,fg_pyrrole_ring,F2,ncm,auroc,0.9933,0.9767,1.0,0.5,,,,590,20,648,9,inner_cv,"[{""fold"": ""standards->cells"", ""src"": ""inner_cv"", ""thr"": 0.0002}]",0.28,train: standards of analytes with no cell spectra; test: cell spectra
T2,native,std_to_cells,all,fg_pyrrole_ring,F2,ncm,auprc,0.8387,0.7067,1.0,0.0339,,,,590,20,648,9,inner_cv,"[{""fold"": ""standards->cells"", ""src"": ""inner_cv"", ""thr"": 0.0002}]",0.28,train: standards of analytes with no cell spectra; test: cell spectra
T2,native,std_to_cells,all,fg_pyrrole_ring,F2,ncm,bal_acc,0.7719,0.6857,0.8582,0.5,,,,590,20,648,9,inner_cv,"[{""fold"": ""standards->cells"", ""src"": ""inner_cv"", ""thr"": 0.0002}]",0.28,train: standards of analytes with no cell spectra; test: cell spectra
T2,native,std_to_cells,all@analyte,fg_pyrrole_ring,F2,ncm,auroc,1.0,1.0,1.0,0.5,,,,20,20,657,9,inner_cv,"[{""fold"": ""standards->cells"", ""src"": ""inner_cv"", ""thr"": 0.0002}]",0.28,train: standards of analytes with no cell spectra; test: cell spectra
T2,native,std_to_cells,all@analyte,fg_pyrrole_ring,F2,ncm,auprc,1.0,1.0,1.0,,,,,20,20,657,9,inner_cv,"[{""fold"": ""standards->cells"", ""src"": ""inner_cv"", ""thr"": 0.0002}]",0.28,train: standards of analytes with no cell spectra; test: cell spectra
T2,native,std_to_cells,all@analyte,fg_pyrrole_ring,F2,ncm,bal_acc,0.7368,0.6316,0.8578,0.5,,,,20,20,657,9,inner_cv,"[{""fold"": ""standards->cells"", ""src"": ""inner_cv"", ""thr"": 0.0002}]",0.28,train: standards of analytes with no cell spectra; test: cell spectra
T2,native,std_to_cells,all,fg_pyrrole_ring,F2,hgb,auroc,0.5,0.5,0.5,0.5,,,,590,20,648,9,inner_cv,"[{""fold"": ""standards->cells"", ""src"": ""inner_cv"", ""thr"": 0.5}]",0.38,train: standards of analytes with no cell spectra; test: cell spectra
T2,native,std_to_cells,all,fg_pyrrole_ring,F2,hgb,auprc,0.0339,0.0317,0.1111,0.0339,,,,590,20,648,9,inner_cv,"[{""fold"": ""standards->cells"", ""src"": ""inner_cv"", ""thr"": 0.5}]",0.38,train: standards of analytes with no cell spectra; test: cell spectra
T2,native,std_to_cells,all,fg_pyrrole_ring,F2,hgb,bal_acc,0.5,0.5,0.5,0.5,,,,590,20,648,9,inner_cv,"[{""fold"": ""standards->cells"", ""src"": ""inner_cv"", ""thr"": 0.5}]",0.38,train: standards of analytes with no cell spectra; test: cell spectra
T2,native,std_to_cells,all@analyte,fg_pyrrole_ring,F2,hgb,auroc,0.5,0.5,0.5,0.5,,,,20,20,657,9,inner_cv,"[{""fold"": ""standards->cells"", ""src"": ""inner_cv"", ""thr"": 0.5}]",0.38,train: standards of analytes with no cell spectra; test: cell spectra
T2,native,std_to_cells,all@analyte,fg_pyrrole_ring,F2,hgb,auprc,0.05,0.05,0.15,,,,,20,20,657,9,inner_cv,"[{""fold"": ""standards->cells"", ""src"": ""inner_cv"", ""thr"": 0.5}]",0.38,train: standards of analytes with no cell spectra; test: cell spectra
T2,native,std_to_cells,all@analyte,fg_pyrrole_ring,F2,hgb,bal_acc,0.5,0.5,0.5,0.5,,,,20,20,657,9,inner_cv,"[{""fold"": ""standards->cells"", ""src"": ""inner_cv"", ""thr"": 0.5}]",0.38,train: standards of analytes with no cell spectra; test: cell spectra
T2,native,std_to_cells,all,fg_pyrrole_ring,F2,knn,auroc,0.5377,0.5135,0.5669,0.5,,,,590,20,648,9,inner_cv,"[{""fold"": ""standards->cells"", ""k"": 1, ""src"": ""inner_cv"", ""thr"": 0.0}]",0.34,train: standards of analytes with no cell spectra; test: cell spectra
T2,native,std_to_cells,all,fg_pyrrole_ring,F2,knn,auprc,0.0366,0.0336,0.1202,0.0339,,,,590,20,648,9,inner_cv,"[{""fold"": ""standards->cells"", ""k"": 1, ""src"": ""inner_cv"", ""thr"": 0.0}]",0.34,train: standards of analytes with no cell spectra; test: cell spectra
T2,native,std_to_cells,all,fg_pyrrole_ring,F2,knn,bal_acc,0.5,0.5,0.5,0.5,,,,590,20,648,9,inner_cv,"[{""fold"": ""standards->cells"", ""k"": 1, ""src"": ""inner_cv"", ""thr"": 0.0}]",0.34,train: standards of analytes with no cell spectra; test: cell spectra
T2,native,std_to_cells,all@analyte,fg_pyrrole_ring,F2,knn,auroc,0.7632,0.6389,0.8684,0.5,,,,20,20,657,9,inner_cv,"[{""fold"": ""standards->cells"", ""k"": 1, ""src"": ""inner_cv"", ""thr"": 0.0}]",0.34,train: standards of analytes with no cell spectra; test: cell spectra
T2,native,std_to_cells,all@analyte,fg_pyrrole_ring,F2,knn,auprc,0.1,0.0714,0.3476,,,,,20,20,657,9,inner_cv,"[{""fold"": ""standards->cells"", ""k"": 1, ""src"": ""inner_cv"", ""thr"": 0.0}]",0.34,train: standards of analytes with no cell spectra; test: cell spectra
T2,native,std_to_cells,all@analyte,fg_pyrrole_ring,F2,knn,bal_acc,0.5,0.5,0.5,0.5,,,,20,20,657,9,inner_cv,"[{""fold"": ""standards->cells"", ""k"": 1, ""src"": ""inner_cv"", ""thr"": 0.0}]",0.34,train: standards of analytes with no cell spectra; test: cell spectra
T2,native,std_to_cells,all,fg_pyrrole_ring,F3,majority,auroc,0.5,0.5,0.5,0.5,,,,590,20,648,9,fixed,"[{""fold"": ""standards->cells"", ""src"": ""fixed"", ""thr"": 0.5}]",0.4,train: standards of analytes with no cell spectra; test: cell spectra
T2,native,std_to_cells,all,fg_pyrrole_ring,F3,majority,auprc,0.0339,0.0317,0.1111,0.0339,,,,590,20,648,9,fixed,"[{""fold"": ""standards->cells"", ""src"": ""fixed"", ""thr"": 0.5}]",0.4,train: standards of analytes with no cell spectra; test: cell spectra
T2,native,std_to_cells,all,fg_pyrrole_ring,F3,majority,bal_acc,0.5,0.5,0.5,0.5,,,,590,20,648,9,fixed,"[{""fold"": ""standards->cells"", ""src"": ""fixed"", ""thr"": 0.5}]",0.4,train: standards of analytes with no cell spectra; test: cell spectra
T2,native,std_to_cells,all@analyte,fg_pyrrole_ring,F3,majority,auroc,0.0526,0.0,0.1316,0.5,,,,20,20,657,9,fixed,"[{""fold"": ""standards->cells"", ""src"": ""fixed"", ""thr"": 0.5}]",0.4,train: standards of analytes with no cell spectra; test: cell spectra
T2,native,std_to_cells,all@analyte,fg_pyrrole_ring,F3,majority,auprc,0.05,0.05,0.15,,,,,20,20,657,9,fixed,"[{""fold"": ""standards->cells"", ""src"": ""fixed"", ""thr"": 0.5}]",0.4,train: standards of analytes with no cell spectra; test: cell spectra
T2,native,std_to_cells,all@analyte,fg_pyrrole_ring,F3,majority,bal_acc,0.5,0.5,0.5,0.5,,,,20,20,657,9,fixed,"[{""fold"": ""standards->cells"", ""src"": ""fixed"", ""thr"": 0.5}]",0.4,train: standards of analytes with no cell spectra; test: cell spectra
T2,native,std_to_cells,all,fg_pyrrole_ring,F3,lr,auroc,0.4618,0.4151,0.5097,0.5,,,,590,20,648,9,inner_cv,"[{""fold"": ""standards->cells"", ""C"": 1.0, ""src"": ""inner_cv"", ""thr"": 1.0}]",0.36,train: standards of analytes with no cell spectra; test: cell spectra
T2,native,std_to_cells,all,fg_pyrrole_ring,F3,lr,auprc,0.054,0.0386,0.2321,0.0339,,,,590,20,648,9,inner_cv,"[{""fold"": ""standards->cells"", ""C"": 1.0, ""src"": ""inner_cv"", ""thr"": 1.0}]",0.36,train: standards of analytes with no cell spectra; test: cell spectra
T2,native,std_to_cells,all,fg_pyrrole_ring,F3,lr,bal_acc,0.5,0.5,0.5,0.5,,,,590,20,648,9,inner_cv,"[{""fold"": ""standards->cells"", ""C"": 1.0, ""src"": ""inner_cv"", ""thr"": 1.0}]",0.36,train: standards of analytes with no cell spectra; test: cell spectra
T2,native,std_to_cells,all@analyte,fg_pyrrole_ring,F3,lr,auroc,0.2632,0.0556,0.4709,0.5,,,,20,20,657,9,inner_cv,"[{""fold"": ""standards->cells"", ""C"": 1.0, ""src"": ""inner_cv"", ""thr"": 1.0}]",0.36,train: standards of analytes with no cell spectra; test: cell spectra
T2,native,std_to_cells,all@analyte,fg_pyrrole_ring,F3,lr,auprc,0.0667,0.0556,0.2143,,,,,20,20,657,9,inner_cv,"[{""fold"": ""standards->cells"", ""C"": 1.0, ""src"": ""inner_cv"", ""thr"": 1.0}]",0.36,train: standards of analytes with no cell spectra; test: cell spectra
T2,native,std_to_cells,all@analyte,fg_pyrrole_ring,F3,lr,bal_acc,0.5,0.5,0.5,0.5,,,,20,20,657,9,inner_cv,"[{""fold"": ""standards->cells"", ""C"": 1.0, ""src"": ""inner_cv"", ""thr"": 1.0}]",0.36,train: standards of analytes with no cell spectra; test: cell spectra
T2,native,std_to_cells,all,fg_pyrrole_ring,F3,pca_lr,auroc,0.9884,0.961,1.0,0.5,,,,590,20,648,9,inner_cv,"[{""fold"": ""standards->cells"", ""C"": 10.0, ""src"": ""inner_cv"", ""thr"": 1.0}]",0.36,train: standards of analytes with no cell spectra; test: cell spectra
T2,native,std_to_cells,all,fg_pyrrole_ring,F3,pca_lr,auprc,0.6598,0.4284,1.0,0.0339,,,,590,20,648,9,inner_cv,"[{""fold"": ""standards->cells"", ""C"": 10.0, ""src"": ""inner_cv"", ""thr"": 1.0}]",0.36,train: standards of analytes with no cell spectra; test: cell spectra
T2,native,std_to_cells,all,fg_pyrrole_ring,F3,pca_lr,bal_acc,0.5,0.5,0.5,0.5,,,,590,20,648,9,inner_cv,"[{""fold"": ""standards->cells"", ""C"": 10.0, ""src"": ""inner_cv"", ""thr"": 1.0}]",0.36,train: standards of analytes with no cell spectra; test: cell spectra
T2,native,std_to_cells,all@analyte,fg_pyrrole_ring,F3,pca_lr,auroc,1.0,1.0,1.0,0.5,,,,20,20,657,9,inner_cv,"[{""fold"": ""standards->cells"", ""C"": 10.0, ""src"": ""inner_cv"", ""thr"": 1.0}]",0.36,train: standards of analytes with no cell spectra; test: cell spectra
T2,native,std_to_cells,all@analyte,fg_pyrrole_ring,F3,pca_lr,auprc,1.0,1.0,1.0,,,,,20,20,657,9,inner_cv,"[{""fold"": ""standards->cells"", ""C"": 10.0, ""src"": ""inner_cv"", ""thr"": 1.0}]",0.36,train: standards of analytes with no cell spectra; test: cell spectra
T2,native,std_to_cells,all@analyte,fg_pyrrole_ring,F3,pca_lr,bal_acc,0.5,0.5,0.5,0.5,,,,20,20,657,9,inner_cv,"[{""fold"": ""standards->cells"", ""C"": 10.0, ""src"": ""inner_cv"", ""thr"": 1.0}]",0.36,train: standards of analytes with no cell spectra; test: cell spectra
T2,native,std_to_cells,all,fg_pyrrole_ring,F3,plsda,auroc,0.8191,0.7565,0.8766,0.5,,,,590,20,648,9,inner_cv,"[{""fold"": ""standards->cells"", ""n"": 2, ""src"": ""inner_cv"", ""thr"": 1.0}]",0.34,train: standards of analytes with no cell spectra; test: cell spectra
T2,native,std_to_cells,all,fg_pyrrole_ring,F3,plsda,auprc,0.2089,0.1338,0.5892,0.0339,,,,590,20,648,9,inner_cv,"[{""fold"": ""standards->cells"", ""n"": 2, ""src"": ""inner_cv"", ""thr"": 1.0}]",0.34,train: standards of analytes with no cell spectra; test: cell spectra
T2,native,std_to_cells,all,fg_pyrrole_ring,F3,plsda,bal_acc,0.5,0.5,0.5,0.5,,,,590,20,648,9,inner_cv,"[{""fold"": ""standards->cells"", ""n"": 2, ""src"": ""inner_cv"", ""thr"": 1.0}]",0.34,train: standards of analytes with no cell spectra; test: cell spectra
T2,native,std_to_cells,all@analyte,fg_pyrrole_ring,F3,plsda,auroc,1.0,1.0,1.0,0.5,,,,20,20,657,9,inner_cv,"[{""fold"": ""standards->cells"", ""n"": 2, ""src"": ""inner_cv"", ""thr"": 1.0}]",0.34,train: standards of analytes with no cell spectra; test: cell spectra
T2,native,std_to_cells,all@analyte,fg_pyrrole_ring,F3,plsda,auprc,1.0,1.0,1.0,,,,,20,20,657,9,inner_cv,"[{""fold"": ""standards->cells"", ""n"": 2, ""src"": ""inner_cv"", ""thr"": 1.0}]",0.34,train: standards of analytes with no cell spectra; test: cell spectra
T2,native,std_to_cells,all@analyte,fg_pyrrole_ring,F3,plsda,bal_acc,0.5,0.5,0.5,0.5,,,,20,20,657,9,inner_cv,"[{""fold"": ""standards->cells"", ""n"": 2, ""src"": ""inner_cv"", ""thr"": 1.0}]",0.34,train: standards of analytes with no cell spectra; test: cell spectra
T2,native,std_to_cells,all,fg_pyrrole_ring,F3,ncm,auroc,0.9912,0.9694,1.0,0.5,,,,590,20,648,9,inner_cv,"[{""fold"": ""standards->cells"", ""src"": ""inner_cv"", ""thr"": 0.002}]",0.37,train: standards of analytes with no cell spectra; test: cell spectra
T2,native,std_to_cells,all,fg_pyrrole_ring,F3,ncm,auprc,0.8014,0.669,1.0,0.0339,,,,590,20,648,9,inner_cv,"[{""fold"": ""standards->cells"", ""src"": ""inner_cv"", ""thr"": 0.002}]",0.37,train: standards of analytes with no cell spectra; test: cell spectra
T2,native,std_to_cells,all,fg_pyrrole_ring,F3,ncm,bal_acc,0.5,0.5,0.5,0.5,,,,590,20,648,9,inner_cv,"[{""fold"": ""standards->cells"", ""src"": ""inner_cv"", ""thr"": 0.002}]",0.37,train: standards of analytes with no cell spectra; test: cell spectra
T2,native,std_to_cells,all@analyte,fg_pyrrole_ring,F3,ncm,auroc,1.0,1.0,1.0,0.5,,,,20,20,657,9,inner_cv,"[{""fold"": ""standards->cells"", ""src"": ""inner_cv"", ""thr"": 0.002}]",0.37,train: standards of analytes with no cell spectra; test: cell spectra
T2,native,std_to_cells,all@analyte,fg_pyrrole_ring,F3,ncm,auprc,1.0,1.0,1.0,,,,,20,20,657,9,inner_cv,"[{""fold"": ""standards->cells"", ""src"": ""inner_cv"", ""thr"": 0.002}]",0.37,train: standards of analytes with no cell spectra; test: cell spectra
T2,native,std_to_cells,all@analyte,fg_pyrrole_ring,F3,ncm,bal_acc,0.5,0.5,0.5,0.5,,,,20,20,657,9,inner_cv,"[{""fold"": ""standards->cells"", ""src"": ""inner_cv"", ""thr"": 0.002}]",0.37,train: standards of analytes with no cell spectra; test: cell spectra
T2,native,std_to_cells,all,fg_pyrrole_ring,F3,hgb,auroc,0.5,0.5,0.5,0.5,,,,590,20,648,9,inner_cv,"[{""fold"": ""standards->cells"", ""src"": ""inner_cv"", ""thr"": 0.5}]",0.46,train: standards of analytes with no cell spectra; test: cell spectra
T2,native,std_to_cells,all,fg_pyrrole_ring,F3,hgb,auprc,0.0339,0.0317,0.1111,0.0339,,,,590,20,648,9,inner_cv,"[{""fold"": ""standards->cells"", ""src"": ""inner_cv"", ""thr"": 0.5}]",0.46,train: standards of analytes with no cell spectra; test: cell spectra
T2,native,std_to_cells,all,fg_pyrrole_ring,F3,hgb,bal_acc,0.5,0.5,0.5,0.5,,,,590,20,648,9,inner_cv,"[{""fold"": ""standards->cells"", ""src"": ""inner_cv"", ""thr"": 0.5}]",0.46,train: standards of analytes with no cell spectra; test: cell spectra
T2,native,std_to_cells,all@analyte,fg_pyrrole_ring,F3,hgb,auroc,0.5,0.5,0.5,0.5,,,,20,20,657,9,inner_cv,"[{""fold"": ""standards->cells"", ""src"": ""inner_cv"", ""thr"": 0.5}]",0.46,train: standards of analytes with no cell spectra; test: cell spectra
T2,native,std_to_cells,all@analyte,fg_pyrrole_ring,F3,hgb,auprc,0.05,0.05,0.15,,,,,20,20,657,9,inner_cv,"[{""fold"": ""standards->cells"", ""src"": ""inner_cv"", ""thr"": 0.5}]",0.46,train: standards of analytes with no cell spectra; test: cell spectra
T2,native,std_to_cells,all@analyte,fg_pyrrole_ring,F3,hgb,bal_acc,0.5,0.5,0.5,0.5,,,,20,20,657,9,inner_cv,"[{""fold"": ""standards->cells"", ""src"": ""inner_cv"", ""thr"": 0.5}]",0.46,train: standards of analytes with no cell spectra; test: cell spectra
T2,native,std_to_cells,all,fg_pyrrole_ring,F3,knn,auroc,0.536,0.5,0.5933,0.5,,,,590,20,648,9,inner_cv,"[{""fold"": ""standards->cells"", ""k"": 1, ""src"": ""inner_cv"", ""thr"": 0.0}]",0.34,train: standards of analytes with no cell spectra; test: cell spectra
T2,native,std_to_cells,all,fg_pyrrole_ring,F3,knn,auprc,0.0364,0.0332,0.1193,0.0339,,,,590,20,648,9,inner_cv,"[{""fold"": ""standards->cells"", ""k"": 1, ""src"": ""inner_cv"", ""thr"": 0.0}]",0.34,train: standards of analytes with no cell spectra; test: cell spectra
T2,native,std_to_cells,all,fg_pyrrole_ring,F3,knn,bal_acc,0.5,0.5,0.5,0.5,,,,590,20,648,9,inner_cv,"[{""fold"": ""standards->cells"", ""k"": 1, ""src"": ""inner_cv"", ""thr"": 0.0}]",0.34,train: standards of analytes with no cell spectra; test: cell spectra
T2,native,std_to_cells,all@analyte,fg_pyrrole_ring,F3,knn,auroc,0.5789,0.5,0.6725,0.5,,,,20,20,657,9,inner_cv,"[{""fold"": ""standards->cells"", ""k"": 1, ""src"": ""inner_cv"", ""thr"": 0.0}]",0.34,train: standards of analytes with no cell spectra; test: cell spectra
T2,native,std_to_cells,all@analyte,fg_pyrrole_ring,F3,knn,auprc,0.0588,0.0526,0.2,,,,,20,20,657,9,inner_cv,"[{""fold"": ""standards->cells"", ""k"": 1, ""src"": ""inner_cv"", ""thr"": 0.0}]",0.34,train: standards of analytes with no cell spectra; test: cell spectra
T2,native,std_to_cells,all@analyte,fg_pyrrole_ring,F3,knn,bal_acc,0.5,0.5,0.5,0.5,,,,20,20,657,9,inner_cv,"[{""fold"": ""standards->cells"", ""k"": 1, ""src"": ""inner_cv"", ""thr"": 0.0}]",0.34,train: standards of analytes with no cell spectra; test: cell spectra
T2,native,std_to_cells,all,fg_pyrrole_ring,F1.bg,majority,auroc,0.5,0.5,0.5,0.5,,,,590,20,648,9,fixed,"[{""fold"": ""standards->cells"", ""src"": ""fixed"", ""thr"": 0.5}]",0.39,train: standards of analytes with no cell spectra; test: cell spectra
T2,native,std_to_cells,all,fg_pyrrole_ring,F1.bg,majority,auprc,0.0339,0.0317,0.1111,0.0339,,,,590,20,648,9,fixed,"[{""fold"": ""standards->cells"", ""src"": ""fixed"", ""thr"": 0.5}]",0.39,train: standards of analytes with no cell spectra; test: cell spectra
T2,native,std_to_cells,all,fg_pyrrole_ring,F1.bg,majority,bal_acc,0.5,0.5,0.5,0.5,,,,590,20,648,9,fixed,"[{""fold"": ""standards->cells"", ""src"": ""fixed"", ""thr"": 0.5}]",0.39,train: standards of analytes with no cell spectra; test: cell spectra
T2,native,std_to_cells,all@analyte,fg_pyrrole_ring,F1.bg,majority,auroc,0.0526,0.0,0.1316,0.5,,,,20,20,657,9,fixed,"[{""fold"": ""standards->cells"", ""src"": ""fixed"", ""thr"": 0.5}]",0.39,train: standards of analytes with no cell spectra; test: cell spectra
T2,native,std_to_cells,all@analyte,fg_pyrrole_ring,F1.bg,majority,auprc,0.05,0.05,0.15,,,,,20,20,657,9,fixed,"[{""fold"": ""standards->cells"", ""src"": ""fixed"", ""thr"": 0.5}]",0.39,train: standards of analytes with no cell spectra; test: cell spectra
T2,native,std_to_cells,all@analyte,fg_pyrrole_ring,F1.bg,majority,bal_acc,0.5,0.5,0.5,0.5,,,,20,20,657,9,fixed,"[{""fold"": ""standards->cells"", ""src"": ""fixed"", ""thr"": 0.5}]",0.39,train: standards of analytes with no cell spectra; test: cell spectra
T2,native,std_to_cells,all,fg_pyrrole_ring,F1.bg,lr,auroc,0.7575,0.7185,0.7943,0.5,,,,590,20,648,9,inner_cv,"[{""fold"": ""standards->cells"", ""C"": 0.01, ""src"": ""inner_cv"", ""thr"": 0.442}]",0.47,train: standards of analytes with no cell spectra; test: cell spectra
T2,native,std_to_cells,all,fg_pyrrole_ring,F1.bg,lr,auprc,0.4912,0.42,0.6665,0.0339,,,,590,20,648,9,inner_cv,"[{""fold"": ""standards->cells"", ""C"": 0.01, ""src"": ""inner_cv"", ""thr"": 0.442}]",0.47,train: standards of analytes with no cell spectra; test: cell spectra
T2,native,std_to_cells,all,fg_pyrrole_ring,F1.bg,lr,bal_acc,0.5,0.5,0.5,0.5,,,,590,20,648,9,inner_cv,"[{""fold"": ""standards->cells"", ""C"": 0.01, ""src"": ""inner_cv"", ""thr"": 0.442}]",0.47,train: standards of analytes with no cell spectra; test: cell spectra
T2,native,std_to_cells,all@analyte,fg_pyrrole_ring,F1.bg,lr,auroc,1.0,1.0,1.0,0.5,,,,20,20,657,9,inner_cv,"[{""fold"": ""standards->cells"", ""C"": 0.01, ""src"": ""inner_cv"", ""thr"": 0.442}]",0.47,train: standards of analytes with no cell spectra; test: cell spectra
T2,native,std_to_cells,all@analyte,fg_pyrrole_ring,F1.bg,lr,auprc,1.0,1.0,1.0,,,,,20,20,657,9,inner_cv,"[{""fold"": ""standards->cells"", ""C"": 0.01, ""src"": ""inner_cv"", ""thr"": 0.442}]",0.47,train: standards of analytes with no cell spectra; test: cell spectra
T2,native,std_to_cells,all@analyte,fg_pyrrole_ring,F1.bg,lr,bal_acc,0.5,0.5,0.5,0.5,,,,20,20,657,9,inner_cv,"[{""fold"": ""standards->cells"", ""C"": 0.01, ""src"": ""inner_cv"", ""thr"": 0.442}]",0.47,train: standards of analytes with no cell spectra; test: cell spectra
T2,native,std_to_cells,all,fg_pyrrole_ring,F1.bg,pca_lr,auroc,0.7961,0.7614,0.8316,0.5,,,,590,20,648,9,inner_cv,"[{""fold"": ""standards->cells"", ""C"": 0.01, ""src"": ""inner_cv"", ""thr"": 0.442}]",0.32,train: standards of analytes with no cell spectra; test: cell spectra
T2,native,std_to_cells,all,fg_pyrrole_ring,F1.bg,pca_lr,auprc,0.4725,0.3944,0.6763,0.0339,,,,590,20,648,9,inner_cv,"[{""fold"": ""standards->cells"", ""C"": 0.01, ""src"": ""inner_cv"", ""thr"": 0.442}]",0.32,train: standards of analytes with no cell spectra; test: cell spectra
T2,native,std_to_cells,all,fg_pyrrole_ring,F1.bg,pca_lr,bal_acc,0.5,0.5,0.5,0.5,,,,590,20,648,9,inner_cv,"[{""fold"": ""standards->cells"", ""C"": 0.01, ""src"": ""inner_cv"", ""thr"": 0.442}]",0.32,train: standards of analytes with no cell spectra; test: cell spectra
T2,native,std_to_cells,all@analyte,fg_pyrrole_ring,F1.bg,pca_lr,auroc,1.0,1.0,1.0,0.5,,,,20,20,657,9,inner_cv,"[{""fold"": ""standards->cells"", ""C"": 0.01, ""src"": ""inner_cv"", ""thr"": 0.442}]",0.32,train: standards of analytes with no cell spectra; test: cell spectra
T2,native,std_to_cells,all@analyte,fg_pyrrole_ring,F1.bg,pca_lr,auprc,1.0,1.0,1.0,,,,,20,20,657,9,inner_cv,"[{""fold"": ""standards->cells"", ""C"": 0.01, ""src"": ""inner_cv"", ""thr"": 0.442}]",0.32,train: standards of analytes with no cell spectra; test: cell spectra
T2,native,std_to_cells,all@analyte,fg_pyrrole_ring,F1.bg,pca_lr,bal_acc,0.5,0.5,0.5,0.5,,,,20,20,657,9,inner_cv,"[{""fold"": ""standards->cells"", ""C"": 0.01, ""src"": ""inner_cv"", ""thr"": 0.442}]",0.32,train: standards of analytes with no cell spectra; test: cell spectra
T2,native,std_to_cells,all,fg_pyrrole_ring,F1.bg,plsda,auroc,0.7937,0.7656,0.8207,0.5,,,,590,20,648,9,inner_cv,"[{""fold"": ""standards->cells"", ""n"": 2, ""src"": ""inner_cv"", ""thr"": 0.0}]",0.34,train: standards of analytes with no cell spectra; test: cell spectra
T2,native,std_to_cells,all,fg_pyrrole_ring,F1.bg,plsda,auprc,0.4262,0.3725,0.6136,0.0339,,,,590,20,648,9,inner_cv,"[{""fold"": ""standards->cells"", ""n"": 2, ""src"": ""inner_cv"", ""thr"": 0.0}]",0.34,train: standards of analytes with no cell spectra; test: cell spectra
T2,native,std_to_cells,all,fg_pyrrole_ring,F1.bg,plsda,bal_acc,0.5,0.5,0.5,0.5,,,,590,20,648,9,inner_cv,"[{""fold"": ""standards->cells"", ""n"": 2, ""src"": ""inner_cv"", ""thr"": 0.0}]",0.34,train: standards of analytes with no cell spectra; test: cell spectra
T2,native,std_to_cells,all@analyte,fg_pyrrole_ring,F1.bg,plsda,auroc,1.0,1.0,1.0,0.5,,,,20,20,657,9,inner_cv,"[{""fold"": ""standards->cells"", ""n"": 2, ""src"": ""inner_cv"", ""thr"": 0.0}]",0.34,train: standards of analytes with no cell spectra; test: cell spectra
T2,native,std_to_cells,all@analyte,fg_pyrrole_ring,F1.bg,plsda,auprc,1.0,1.0,1.0,,,,,20,20,657,9,inner_cv,"[{""fold"": ""standards->cells"", ""n"": 2, ""src"": ""inner_cv"", ""thr"": 0.0}]",0.34,train: standards of analytes with no cell spectra; test: cell spectra
T2,native,std_to_cells,all@analyte,fg_pyrrole_ring,F1.bg,plsda,bal_acc,0.5,0.5,0.5,0.5,,,,20,20,657,9,inner_cv,"[{""fold"": ""standards->cells"", ""n"": 2, ""src"": ""inner_cv"", ""thr"": 0.0}]",0.34,train: standards of analytes with no cell spectra; test: cell spectra
T2,native,std_to_cells,all,fg_pyrrole_ring,F1.bg,ncm,auroc,0.9896,0.9636,1.0,0.5,,,,590,20,648,9,inner_cv,"[{""fold"": ""standards->cells"", ""src"": ""inner_cv"", ""thr"": 0.8209}]",0.31,train: standards of analytes with no cell spectra; test: cell spectra
T2,native,std_to_cells,all,fg_pyrrole_ring,F1.bg,ncm,auprc,0.742,0.5709,1.0,0.0339,,,,590,20,648,9,inner_cv,"[{""fold"": ""standards->cells"", ""src"": ""inner_cv"", ""thr"": 0.8209}]",0.31,train: standards of analytes with no cell spectra; test: cell spectra
T2,native,std_to_cells,all,fg_pyrrole_ring,F1.bg,ncm,bal_acc,0.6732,0.6689,0.675,0.5,,,,590,20,648,9,inner_cv,"[{""fold"": ""standards->cells"", ""src"": ""inner_cv"", ""thr"": 0.8209}]",0.31,train: standards of analytes with no cell spectra; test: cell spectra
T2,native,std_to_cells,all@analyte,fg_pyrrole_ring,F1.bg,ncm,auroc,1.0,1.0,1.0,0.5,,,,20,20,657,9,inner_cv,"[{""fold"": ""standards->cells"", ""src"": ""inner_cv"", ""thr"": 0.8209}]",0.31,train: standards of analytes with no cell spectra; test: cell spectra
T2,native,std_to_cells,all@analyte,fg_pyrrole_ring,F1.bg,ncm,auprc,1.0,1.0,1.0,,,,,20,20,657,9,inner_cv,"[{""fold"": ""standards->cells"", ""src"": ""inner_cv"", ""thr"": 0.8209}]",0.31,train: standards of analytes with no cell spectra; test: cell spectra
T2,native,std_to_cells,all@analyte,fg_pyrrole_ring,F1.bg,ncm,bal_acc,0.5,0.5,0.5,0.5,,,,20,20,657,9,inner_cv,"[{""fold"": ""standards->cells"", ""src"": ""inner_cv"", ""thr"": 0.8209}]",0.31,train: standards of analytes with no cell spectra; test: cell spectra
T2,native,std_to_cells,all,fg_pyrrole_ring,F1.bg,hgb,auroc,0.5,0.5,0.5,0.5,,,,590,20,648,9,inner_cv,"[{""fold"": ""standards->cells"", ""src"": ""inner_cv"", ""thr"": 0.5}]",0.51,train: standards of analytes with no cell spectra; test: cell spectra
T2,native,std_to_cells,all,fg_pyrrole_ring,F1.bg,hgb,auprc,0.0339,0.0317,0.1111,0.0339,,,,590,20,648,9,inner_cv,"[{""fold"": ""standards->cells"", ""src"": ""inner_cv"", ""thr"": 0.5}]",0.51,train: standards of analytes with no cell spectra; test: cell spectra
T2,native,std_to_cells,all,fg_pyrrole_ring,F1.bg,hgb,bal_acc,0.5,0.5,0.5,0.5,,,,590,20,648,9,inner_cv,"[{""fold"": ""standards->cells"", ""src"": ""inner_cv"", ""thr"": 0.5}]",0.51,train: standards of analytes with no cell spectra; test: cell spectra
T2,native,std_to_cells,all@analyte,fg_pyrrole_ring,F1.bg,hgb,auroc,0.5,0.5,0.5,0.5,,,,20,20,657,9,inner_cv,"[{""fold"": ""standards->cells"", ""src"": ""inner_cv"", ""thr"": 0.5}]",0.51,train: standards of analytes with no cell spectra; test: cell spectra
T2,native,std_to_cells,all@analyte,fg_pyrrole_ring,F1.bg,hgb,auprc,0.05,0.05,0.15,,,,,20,20,657,9,inner_cv,"[{""fold"": ""standards->cells"", ""src"": ""inner_cv"", ""thr"": 0.5}]",0.51,train: standards of analytes with no cell spectra; test: cell spectra
T2,native,std_to_cells,all@analyte,fg_pyrrole_ring,F1.bg,hgb,bal_acc,0.5,0.5,0.5,0.5,,,,20,20,657,9,inner_cv,"[{""fold"": ""standards->cells"", ""src"": ""inner_cv"", ""thr"": 0.5}]",0.51,train: standards of analytes with no cell spectra; test: cell spectra
T2,native,std_to_cells,all,fg_pyrrole_ring,F1.bg,knn,auroc,0.5632,0.5359,0.5906,0.5,,,,590,20,648,9,inner_cv,"[{""fold"": ""standards->cells"", ""k"": 1, ""src"": ""inner_cv"", ""thr"": 0.0}]",0.33,train: standards of analytes with no cell spectra; test: cell spectra
T2,native,std_to_cells,all,fg_pyrrole_ring,F1.bg,knn,auprc,0.0386,0.0362,0.1238,0.0339,,,,590,20,648,9,inner_cv,"[{""fold"": ""standards->cells"", ""k"": 1, ""src"": ""inner_cv"", ""thr"": 0.0}]",0.33,train: standards of analytes with no cell spectra; test: cell spectra
T2,native,std_to_cells,all,fg_pyrrole_ring,F1.bg,knn,bal_acc,0.5,0.5,0.5,0.5,,,,590,20,648,9,inner_cv,"[{""fold"": ""standards->cells"", ""k"": 1, ""src"": ""inner_cv"", ""thr"": 0.0}]",0.33,train: standards of analytes with no cell spectra; test: cell spectra
T2,native,std_to_cells,all@analyte,fg_pyrrole_ring,F1.bg,knn,auroc,0.8947,0.7895,0.9737,0.5,,,,20,20,657,9,inner_cv,"[{""fold"": ""standards->cells"", ""k"": 1, ""src"": ""inner_cv"", ""thr"": 0.0}]",0.33,train: standards of analytes with no cell spectra; test: cell spectra
T2,native,std_to_cells,all@analyte,fg_pyrrole_ring,F1.bg,knn,auprc,0.2,0.1111,0.75,,,,,20,20,657,9,inner_cv,"[{""fold"": ""standards->cells"", ""k"": 1, ""src"": ""inner_cv"", ""thr"": 0.0}]",0.33,train: standards of analytes with no cell spectra; test: cell spectra
T2,native,std_to_cells,all@analyte,fg_pyrrole_ring,F1.bg,knn,bal_acc,0.5,0.5,0.5,0.5,,,,20,20,657,9,inner_cv,"[{""fold"": ""standards->cells"", ""k"": 1, ""src"": ""inner_cv"", ""thr"": 0.0}]",0.33,train: standards of analytes with no cell spectra; test: cell spectra
T2,native,std_to_cells,all,fg_pyrrole_ring,F3.bg,majority,auroc,0.5,0.5,0.5,0.5,,,,590,20,648,9,fixed,"[{""fold"": ""standards->cells"", ""src"": ""fixed"", ""thr"": 0.5}]",0.33,train: standards of analytes with no cell spectra; test: cell spectra
T2,native,std_to_cells,all,fg_pyrrole_ring,F3.bg,majority,auprc,0.0339,0.0317,0.1111,0.0339,,,,590,20,648,9,fixed,"[{""fold"": ""standards->cells"", ""src"": ""fixed"", ""thr"": 0.5}]",0.33,train: standards of analytes with no cell spectra; test: cell spectra
T2,native,std_to_cells,all,fg_pyrrole_ring,F3.bg,majority,bal_acc,0.5,0.5,0.5,0.5,,,,590,20,648,9,fixed,"[{""fold"": ""standards->cells"", ""src"": ""fixed"", ""thr"": 0.5}]",0.33,train: standards of analytes with no cell spectra; test: cell spectra
T2,native,std_to_cells,all@analyte,fg_pyrrole_ring,F3.bg,majority,auroc,0.0526,0.0,0.1316,0.5,,,,20,20,657,9,fixed,"[{""fold"": ""standards->cells"", ""src"": ""fixed"", ""thr"": 0.5}]",0.33,train: standards of analytes with no cell spectra; test: cell spectra
T2,native,std_to_cells,all@analyte,fg_pyrrole_ring,F3.bg,majority,auprc,0.05,0.05,0.15,,,,,20,20,657,9,fixed,"[{""fold"": ""standards->cells"", ""src"": ""fixed"", ""thr"": 0.5}]",0.33,train: standards of analytes with no cell spectra; test: cell spectra
T2,native,std_to_cells,all@analyte,fg_pyrrole_ring,F3.bg,majority,bal_acc,0.5,0.5,0.5,0.5,,,,20,20,657,9,fixed,"[{""fold"": ""standards->cells"", ""src"": ""fixed"", ""thr"": 0.5}]",0.33,train: standards of analytes with no cell spectra; test: cell spectra
T2,native,std_to_cells,all,fg_pyrrole_ring,F3.bg,lr,auroc,0.4626,0.4082,0.5217,0.5,,,,590,20,648,9,inner_cv,"[{""fold"": ""standards->cells"", ""C"": 1.0, ""src"": ""inner_cv"", ""thr"": 1.0}]",0.36,train: standards of analytes with no cell spectra; test: cell spectra
T2,native,std_to_cells,all,fg_pyrrole_ring,F3.bg,lr,auprc,0.0435,0.0343,0.1862,0.0339,,,,590,20,648,9,inner_cv,"[{""fold"": ""standards->cells"", ""C"": 1.0, ""src"": ""inner_cv"", ""thr"": 1.0}]",0.36,train: standards of analytes with no cell spectra; test: cell spectra
T2,native,std_to_cells,all,fg_pyrrole_ring,F3.bg,lr,bal_acc,0.5,0.5,0.5,0.5,,,,590,20,648,9,inner_cv,"[{""fold"": ""standards->cells"", ""C"": 1.0, ""src"": ""inner_cv"", ""thr"": 1.0}]",0.36,train: standards of analytes with no cell spectra; test: cell spectra
T2,native,std_to_cells,all@analyte,fg_pyrrole_ring,F3.bg,lr,auroc,0.2632,0.0556,0.4709,0.5,,,,20,20,657,9,inner_cv,"[{""fold"": ""standards->cells"", ""C"": 1.0, ""src"": ""inner_cv"", ""thr"": 1.0}]",0.36,train: standards of analytes with no cell spectra; test: cell spectra
T2,native,std_to_cells,all@analyte,fg_pyrrole_ring,F3.bg,lr,auprc,0.0667,0.0556,0.2143,,,,,20,20,657,9,inner_cv,"[{""fold"": ""standards->cells"", ""C"": 1.0, ""src"": ""inner_cv"", ""thr"": 1.0}]",0.36,train: standards of analytes with no cell spectra; test: cell spectra
T2,native,std_to_cells,all@analyte,fg_pyrrole_ring,F3.bg,lr,bal_acc,0.5,0.5,0.5,0.5,,,,20,20,657,9,inner_cv,"[{""fold"": ""standards->cells"", ""C"": 1.0, ""src"": ""inner_cv"", ""thr"": 1.0}]",0.36,train: standards of analytes with no cell spectra; test: cell spectra
T2,native,std_to_cells,all,fg_pyrrole_ring,F3.bg,pca_lr,auroc,0.9875,0.9585,1.0,0.5,,,,590,20,648,9,inner_cv,"[{""fold"": ""standards->cells"", ""C"": 10.0, ""src"": ""inner_cv"", ""thr"": 1.0}]",0.45,train: standards of analytes with no cell spectra; test: cell spectra
T2,native,std_to_cells,all,fg_pyrrole_ring,F3.bg,pca_lr,auprc,0.6195,0.376,1.0,0.0339,,,,590,20,648,9,inner_cv,"[{""fold"": ""standards->cells"", ""C"": 10.0, ""src"": ""inner_cv"", ""thr"": 1.0}]",0.45,train: standards of analytes with no cell spectra; test: cell spectra
T2,native,std_to_cells,all,fg_pyrrole_ring,F3.bg,pca_lr,bal_acc,0.5,0.5,0.5,0.5,,,,590,20,648,9,inner_cv,"[{""fold"": ""standards->cells"", ""C"": 10.0, ""src"": ""inner_cv"", ""thr"": 1.0}]",0.45,train: standards of analytes with no cell spectra; test: cell spectra
T2,native,std_to_cells,all@analyte,fg_pyrrole_ring,F3.bg,pca_lr,auroc,1.0,1.0,1.0,0.5,,,,20,20,657,9,inner_cv,"[{""fold"": ""standards->cells"", ""C"": 10.0, ""src"": ""inner_cv"", ""thr"": 1.0}]",0.45,train: standards of analytes with no cell spectra; test: cell spectra
T2,native,std_to_cells,all@analyte,fg_pyrrole_ring,F3.bg,pca_lr,auprc,1.0,1.0,1.0,,,,,20,20,657,9,inner_cv,"[{""fold"": ""standards->cells"", ""C"": 10.0, ""src"": ""inner_cv"", ""thr"": 1.0}]",0.45,train: standards of analytes with no cell spectra; test: cell spectra
T2,native,std_to_cells,all@analyte,fg_pyrrole_ring,F3.bg,pca_lr,bal_acc,0.5,0.5,0.5,0.5,,,,20,20,657,9,inner_cv,"[{""fold"": ""standards->cells"", ""C"": 10.0, ""src"": ""inner_cv"", ""thr"": 1.0}]",0.45,train: standards of analytes with no cell spectra; test: cell spectra
T2,native,std_to_cells,all,fg_pyrrole_ring,F3.bg,plsda,auroc,0.8721,0.805,0.9249,0.5,,,,590,20,648,9,inner_cv,"[{""fold"": ""standards->cells"", ""n"": 2, ""src"": ""inner_cv"", ""thr"": 1.0}]",0.31,train: standards of analytes with no cell spectra; test: cell spectra
T2,native,std_to_cells,all,fg_pyrrole_ring,F3.bg,plsda,auprc,0.1715,0.1067,0.6338,0.0339,,,,590,20,648,9,inner_cv,"[{""fold"": ""standards->cells"", ""n"": 2, ""src"": ""inner_cv"", ""thr"": 1.0}]",0.31,train: standards of analytes with no cell spectra; test: cell spectra
T2,native,std_to_cells,all,fg_pyrrole_ring,F3.bg,plsda,bal_acc,0.5,0.5,0.5,0.5,,,,590,20,648,9,inner_cv,"[{""fold"": ""standards->cells"", ""n"": 2, ""src"": ""inner_cv"", ""thr"": 1.0}]",0.31,train: standards of analytes with no cell spectra; test: cell spectra
T2,native,std_to_cells,all@analyte,fg_pyrrole_ring,F3.bg,plsda,auroc,1.0,1.0,1.0,0.5,,,,20,20,657,9,inner_cv,"[{""fold"": ""standards->cells"", ""n"": 2, ""src"": ""inner_cv"", ""thr"": 1.0}]",0.31,train: standards of analytes with no cell spectra; test: cell spectra
T2,native,std_to_cells,all@analyte,fg_pyrrole_ring,F3.bg,plsda,auprc,1.0,1.0,1.0,,,,,20,20,657,9,inner_cv,"[{""fold"": ""standards->cells"", ""n"": 2, ""src"": ""inner_cv"", ""thr"": 1.0}]",0.31,train: standards of analytes with no cell spectra; test: cell spectra
T2,native,std_to_cells,all@analyte,fg_pyrrole_ring,F3.bg,plsda,bal_acc,0.5,0.5,0.5,0.5,,,,20,20,657,9,inner_cv,"[{""fold"": ""standards->cells"", ""n"": 2, ""src"": ""inner_cv"", ""thr"": 1.0}]",0.31,train: standards of analytes with no cell spectra; test: cell spectra
T2,native,std_to_cells,all,fg_pyrrole_ring,F3.bg,ncm,auroc,0.9912,0.9694,1.0,0.5,,,,590,20,648,9,inner_cv,"[{""fold"": ""standards->cells"", ""src"": ""inner_cv"", ""thr"": 0.002}]",0.35,train: standards of analytes with no cell spectra; test: cell spectra
T2,native,std_to_cells,all,fg_pyrrole_ring,F3.bg,ncm,auprc,0.8014,0.669,1.0,0.0339,,,,590,20,648,9,inner_cv,"[{""fold"": ""standards->cells"", ""src"": ""inner_cv"", ""thr"": 0.002}]",0.35,train: standards of analytes with no cell spectra; test: cell spectra
T2,native,std_to_cells,all,fg_pyrrole_ring,F3.bg,ncm,bal_acc,0.6447,0.5774,0.7091,0.5,,,,590,20,648,9,inner_cv,"[{""fold"": ""standards->cells"", ""src"": ""inner_cv"", ""thr"": 0.002}]",0.35,train: standards of analytes with no cell spectra; test: cell spectra
T2,native,std_to_cells,all@analyte,fg_pyrrole_ring,F3.bg,ncm,auroc,1.0,1.0,1.0,0.5,,,,20,20,657,9,inner_cv,"[{""fold"": ""standards->cells"", ""src"": ""inner_cv"", ""thr"": 0.002}]",0.35,train: standards of analytes with no cell spectra; test: cell spectra
T2,native,std_to_cells,all@analyte,fg_pyrrole_ring,F3.bg,ncm,auprc,1.0,1.0,1.0,,,,,20,20,657,9,inner_cv,"[{""fold"": ""standards->cells"", ""src"": ""inner_cv"", ""thr"": 0.002}]",0.35,train: standards of analytes with no cell spectra; test: cell spectra
T2,native,std_to_cells,all@analyte,fg_pyrrole_ring,F3.bg,ncm,bal_acc,0.6316,0.5278,0.7368,0.5,,,,20,20,657,9,inner_cv,"[{""fold"": ""standards->cells"", ""src"": ""inner_cv"", ""thr"": 0.002}]",0.35,train: standards of analytes with no cell spectra; test: cell spectra
T2,native,std_to_cells,all,fg_pyrrole_ring,F3.bg,hgb,auroc,0.5,0.5,0.5,0.5,,,,590,20,648,9,inner_cv,"[{""fold"": ""standards->cells"", ""src"": ""inner_cv"", ""thr"": 0.5}]",0.38,train: standards of analytes with no cell spectra; test: cell spectra
T2,native,std_to_cells,all,fg_pyrrole_ring,F3.bg,hgb,auprc,0.0339,0.0317,0.1111,0.0339,,,,590,20,648,9,inner_cv,"[{""fold"": ""standards->cells"", ""src"": ""inner_cv"", ""thr"": 0.5}]",0.38,train: standards of analytes with no cell spectra; test: cell spectra
T2,native,std_to_cells,all,fg_pyrrole_ring,F3.bg,hgb,bal_acc,0.5,0.5,0.5,0.5,,,,590,20,648,9,inner_cv,"[{""fold"": ""standards->cells"", ""src"": ""inner_cv"", ""thr"": 0.5}]",0.38,train: standards of analytes with no cell spectra; test: cell spectra
T2,native,std_to_cells,all@analyte,fg_pyrrole_ring,F3.bg,hgb,auroc,0.5,0.5,0.5,0.5,,,,20,20,657,9,inner_cv,"[{""fold"": ""standards->cells"", ""src"": ""inner_cv"", ""thr"": 0.5}]",0.38,train: standards of analytes with no cell spectra; test: cell spectra
T2,native,std_to_cells,all@analyte,fg_pyrrole_ring,F3.bg,hgb,auprc,0.05,0.05,0.15,,,,,20,20,657,9,inner_cv,"[{""fold"": ""standards->cells"", ""src"": ""inner_cv"", ""thr"": 0.5}]",0.38,train: standards of analytes with no cell spectra; test: cell spectra
T2,native,std_to_cells,all@analyte,fg_pyrrole_ring,F3.bg,hgb,bal_acc,0.5,0.5,0.5,0.5,,,,20,20,657,9,inner_cv,"[{""fold"": ""standards->cells"", ""src"": ""inner_cv"", ""thr"": 0.5}]",0.38,train: standards of analytes with no cell spectra; test: cell spectra
T2,native,std_to_cells,all,fg_pyrrole_ring,F3.bg,knn,auroc,0.55,0.5179,0.593,0.5,,,,590,20,648,9,inner_cv,"[{""fold"": ""standards->cells"", ""k"": 1, ""src"": ""inner_cv"", ""thr"": 0.0}]",0.26,train: standards of analytes with no cell spectra; test: cell spectra
T2,native,std_to_cells,all,fg_pyrrole_ring,F3.bg,knn,auprc,0.0375,0.034,0.1234,0.0339,,,,590,20,648,9,inner_cv,"[{""fold"": ""standards->cells"", ""k"": 1, ""src"": ""inner_cv"", ""thr"": 0.0}]",0.26,train: standards of analytes with no cell spectra; test: cell spectra
T2,native,std_to_cells,all,fg_pyrrole_ring,F3.bg,knn,bal_acc,0.5,0.5,0.5,0.5,,,,590,20,648,9,inner_cv,"[{""fold"": ""standards->cells"", ""k"": 1, ""src"": ""inner_cv"", ""thr"": 0.0}]",0.26,train: standards of analytes with no cell spectra; test: cell spectra
T2,native,std_to_cells,all@analyte,fg_pyrrole_ring,F3.bg,knn,auroc,0.6842,0.5789,0.8056,0.5,,,,20,20,657,9,inner_cv,"[{""fold"": ""standards->cells"", ""k"": 1, ""src"": ""inner_cv"", ""thr"": 0.0}]",0.26,train: standards of analytes with no cell spectra; test: cell spectra
T2,native,std_to_cells,all@analyte,fg_pyrrole_ring,F3.bg,knn,auprc,0.0769,0.0588,0.2727,,,,,20,20,657,9,inner_cv,"[{""fold"": ""standards->cells"", ""k"": 1, ""src"": ""inner_cv"", ""thr"": 0.0}]",0.26,train: standards of analytes with no cell spectra; test: cell spectra
T2,native,std_to_cells,all@analyte,fg_pyrrole_ring,F3.bg,knn,bal_acc,0.5,0.5,0.5,0.5,,,,20,20,657,9,inner_cv,"[{""fold"": ""standards->cells"", ""k"": 1, ""src"": ""inner_cv"", ""thr"": 0.0}]",0.26,train: standards of analytes with no cell spectra; test: cell spectra
T2,native,std_to_cells,all,fg_pyrrole_ring,F3.d1,majority,auroc,0.5,0.5,0.5,0.5,,,,590,20,648,9,fixed,"[{""fold"": ""standards->cells"", ""src"": ""fixed"", ""thr"": 0.5}]",0.25,train: standards of analytes with no cell spectra; test: cell spectra
T2,native,std_to_cells,all,fg_pyrrole_ring,F3.d1,majority,auprc,0.0339,0.0317,0.1111,0.0339,,,,590,20,648,9,fixed,"[{""fold"": ""standards->cells"", ""src"": ""fixed"", ""thr"": 0.5}]",0.25,train: standards of analytes with no cell spectra; test: cell spectra
T2,native,std_to_cells,all,fg_pyrrole_ring,F3.d1,majority,bal_acc,0.5,0.5,0.5,0.5,,,,590,20,648,9,fixed,"[{""fold"": ""standards->cells"", ""src"": ""fixed"", ""thr"": 0.5}]",0.25,train: standards of analytes with no cell spectra; test: cell spectra
T2,native,std_to_cells,all@analyte,fg_pyrrole_ring,F3.d1,majority,auroc,0.0526,0.0,0.1316,0.5,,,,20,20,657,9,fixed,"[{""fold"": ""standards->cells"", ""src"": ""fixed"", ""thr"": 0.5}]",0.25,train: standards of analytes with no cell spectra; test: cell spectra
T2,native,std_to_cells,all@analyte,fg_pyrrole_ring,F3.d1,majority,auprc,0.05,0.05,0.15,,,,,20,20,657,9,fixed,"[{""fold"": ""standards->cells"", ""src"": ""fixed"", ""thr"": 0.5}]",0.25,train: standards of analytes with no cell spectra; test: cell spectra
T2,native,std_to_cells,all@analyte,fg_pyrrole_ring,F3.d1,majority,bal_acc,0.5,0.5,0.5,0.5,,,,20,20,657,9,fixed,"[{""fold"": ""standards->cells"", ""src"": ""fixed"", ""thr"": 0.5}]",0.25,train: standards of analytes with no cell spectra; test: cell spectra
T2,native,std_to_cells,all,fg_pyrrole_ring,F3.d1,lr,auroc,0.6334,0.6001,0.6716,0.5,,,,590,20,648,9,inner_cv,"[{""fold"": ""standards->cells"", ""C"": 0.01, ""src"": ""inner_cv"", ""thr"": 0.2248}]",0.43,train: standards of analytes with no cell spectra; test: cell spectra
T2,native,std_to_cells,all,fg_pyrrole_ring,F3.d1,lr,auprc,0.4551,0.4407,0.5238,0.0339,,,,590,20,648,9,inner_cv,"[{""fold"": ""standards->cells"", ""C"": 0.01, ""src"": ""inner_cv"", ""thr"": 0.2248}]",0.43,train: standards of analytes with no cell spectra; test: cell spectra
T2,native,std_to_cells,all,fg_pyrrole_ring,F3.d1,lr,bal_acc,0.5,0.5,0.5,0.5,,,,590,20,648,9,inner_cv,"[{""fold"": ""standards->cells"", ""C"": 0.01, ""src"": ""inner_cv"", ""thr"": 0.2248}]",0.43,train: standards of analytes with no cell spectra; test: cell spectra
T2,native,std_to_cells,all@analyte,fg_pyrrole_ring,F3.d1,lr,auroc,0.9474,0.8333,1.0,0.5,,,,20,20,657,9,inner_cv,"[{""fold"": ""standards->cells"", ""C"": 0.01, ""src"": ""inner_cv"", ""thr"": 0.2248}]",0.43,train: standards of analytes with no cell spectra; test: cell spectra
T2,native,std_to_cells,all@analyte,fg_pyrrole_ring,F3.d1,lr,auprc,0.5,0.25,1.0,,,,,20,20,657,9,inner_cv,"[{""fold"": ""standards->cells"", ""C"": 0.01, ""src"": ""inner_cv"", ""thr"": 0.2248}]",0.43,train: standards of analytes with no cell spectra; test: cell spectra
T2,native,std_to_cells,all@analyte,fg_pyrrole_ring,F3.d1,lr,bal_acc,0.5,0.5,0.5,0.5,,,,20,20,657,9,inner_cv,"[{""fold"": ""standards->cells"", ""C"": 0.01, ""src"": ""inner_cv"", ""thr"": 0.2248}]",0.43,train: standards of analytes with no cell spectra; test: cell spectra
T2,native,std_to_cells,all,fg_pyrrole_ring,F3.d1,pca_lr,auroc,0.987,0.9636,0.9986,0.5,,,,590,20,648,9,inner_cv,"[{""fold"": ""standards->cells"", ""C"": 0.01, ""src"": ""inner_cv"", ""thr"": 0.2248}]",0.49,train: standards of analytes with no cell spectra; test: cell spectra
T2,native,std_to_cells,all,fg_pyrrole_ring,F3.d1,pca_lr,auprc,0.7619,0.6539,0.9815,0.0339,,,,590,20,648,9,inner_cv,"[{""fold"": ""standards->cells"", ""C"": 0.01, ""src"": ""inner_cv"", ""thr"": 0.2248}]",0.49,train: standards of analytes with no cell spectra; test: cell spectra
T2,native,std_to_cells,all,fg_pyrrole_ring,F3.d1,pca_lr,bal_acc,0.5,0.5,0.5,0.5,,,,590,20,648,9,inner_cv,"[{""fold"": ""standards->cells"", ""C"": 0.01, ""src"": ""inner_cv"", ""thr"": 0.2248}]",0.49,train: standards of analytes with no cell spectra; test: cell spectra
T2,native,std_to_cells,all@analyte,fg_pyrrole_ring,F3.d1,pca_lr,auroc,1.0,1.0,1.0,0.5,,,,20,20,657,9,inner_cv,"[{""fold"": ""standards->cells"", ""C"": 0.01, ""src"": ""inner_cv"", ""thr"": 0.2248}]",0.49,train: standards of analytes with no cell spectra; test: cell spectra
T2,native,std_to_cells,all@analyte,fg_pyrrole_ring,F3.d1,pca_lr,auprc,1.0,1.0,1.0,,,,,20,20,657,9,inner_cv,"[{""fold"": ""standards->cells"", ""C"": 0.01, ""src"": ""inner_cv"", ""thr"": 0.2248}]",0.49,train: standards of analytes with no cell spectra; test: cell spectra
T2,native,std_to_cells,all@analyte,fg_pyrrole_ring,F3.d1,pca_lr,bal_acc,0.5,0.5,0.5,0.5,,,,20,20,657,9,inner_cv,"[{""fold"": ""standards->cells"", ""C"": 0.01, ""src"": ""inner_cv"", ""thr"": 0.2248}]",0.49,train: standards of analytes with no cell spectra; test: cell spectra
T2,native,std_to_cells,all,fg_pyrrole_ring,F3.d1,plsda,auroc,0.6068,0.547,0.6578,0.5,,,,590,20,648,9,inner_cv,"[{""fold"": ""standards->cells"", ""n"": 2, ""src"": ""inner_cv"", ""thr"": 0.1759}]",0.58,train: standards of analytes with no cell spectra; test: cell spectra
T2,native,std_to_cells,all,fg_pyrrole_ring,F3.d1,plsda,auprc,0.1281,0.0782,0.4686,0.0339,,,,590,20,648,9,inner_cv,"[{""fold"": ""standards->cells"", ""n"": 2, ""src"": ""inner_cv"", ""thr"": 0.1759}]",0.58,train: standards of analytes with no cell spectra; test: cell spectra
T2,native,std_to_cells,all,fg_pyrrole_ring,F3.d1,plsda,bal_acc,0.5,0.5,0.5,0.5,,,,590,20,648,9,inner_cv,"[{""fold"": ""standards->cells"", ""n"": 2, ""src"": ""inner_cv"", ""thr"": 0.1759}]",0.58,train: standards of analytes with no cell spectra; test: cell spectra
T2,native,std_to_cells,all@analyte,fg_pyrrole_ring,F3.d1,plsda,auroc,0.9474,0.8333,1.0,0.5,,,,20,20,657,9,inner_cv,"[{""fold"": ""standards->cells"", ""n"": 2, ""src"": ""inner_cv"", ""thr"": 0.1759}]",0.58,train: standards of analytes with no cell spectra; test: cell spectra
T2,native,std_to_cells,all@analyte,fg_pyrrole_ring,F3.d1,plsda,auprc,0.5,0.25,1.0,,,,,20,20,657,9,inner_cv,"[{""fold"": ""standards->cells"", ""n"": 2, ""src"": ""inner_cv"", ""thr"": 0.1759}]",0.58,train: standards of analytes with no cell spectra; test: cell spectra
T2,native,std_to_cells,all@analyte,fg_pyrrole_ring,F3.d1,plsda,bal_acc,0.5,0.5,0.5,0.5,,,,20,20,657,9,inner_cv,"[{""fold"": ""standards->cells"", ""n"": 2, ""src"": ""inner_cv"", ""thr"": 0.1759}]",0.58,train: standards of analytes with no cell spectra; test: cell spectra
T2,native,std_to_cells,all,fg_pyrrole_ring,F3.d1,ncm,auroc,0.9934,0.9777,1.0,0.5,0.5205,1000,0.5201,590,20,648,9,inner_cv,"[{""fold"": ""standards->cells"", ""src"": ""inner_cv"", ""thr"": 0.6147}]",0.38,train: standards of analytes with no cell spectra; test: cell spectra
T2,native,std_to_cells,all,fg_pyrrole_ring,F3.d1,ncm,auprc,0.8509,0.732,1.0,0.0339,,,,590,20,648,9,inner_cv,"[{""fold"": ""standards->cells"", ""src"": ""inner_cv"", ""thr"": 0.6147}]",0.38,train: standards of analytes with no cell spectra; test: cell spectra
T2,native,std_to_cells,all,fg_pyrrole_ring,F3.d1,ncm,bal_acc,0.9114,0.8545,0.9633,0.5,,,,590,20,648,9,inner_cv,"[{""fold"": ""standards->cells"", ""src"": ""inner_cv"", ""thr"": 0.6147}]",0.38,train: standards of analytes with no cell spectra; test: cell spectra
T2,native,std_to_cells,all@analyte,fg_pyrrole_ring,F3.d1,ncm,auroc,1.0,1.0,1.0,0.5,,,,20,20,657,9,inner_cv,"[{""fold"": ""standards->cells"", ""src"": ""inner_cv"", ""thr"": 0.6147}]",0.38,train: standards of analytes with no cell spectra; test: cell spectra
T2,native,std_to_cells,all@analyte,fg_pyrrole_ring,F3.d1,ncm,auprc,1.0,1.0,1.0,,,,,20,20,657,9,inner_cv,"[{""fold"": ""standards->cells"", ""src"": ""inner_cv"", ""thr"": 0.6147}]",0.38,train: standards of analytes with no cell spectra; test: cell spectra
T2,native,std_to_cells,all@analyte,fg_pyrrole_ring,F3.d1,ncm,bal_acc,0.8947,0.7895,0.9737,0.5,,,,20,20,657,9,inner_cv,"[{""fold"": ""standards->cells"", ""src"": ""inner_cv"", ""thr"": 0.6147}]",0.38,train: standards of analytes with no cell spectra; test: cell spectra
T2,native,std_to_cells,all,fg_pyrrole_ring,F3.d1,hgb,auroc,0.5,0.5,0.5,0.5,,,,590,20,648,9,inner_cv,"[{""fold"": ""standards->cells"", ""src"": ""inner_cv"", ""thr"": 0.5}]",0.38,train: standards of analytes with no cell spectra; test: cell spectra
T2,native,std_to_cells,all,fg_pyrrole_ring,F3.d1,hgb,auprc,0.0339,0.0317,0.1111,0.0339,,,,590,20,648,9,inner_cv,"[{""fold"": ""standards->cells"", ""src"": ""inner_cv"", ""thr"": 0.5}]",0.38,train: standards of analytes with no cell spectra; test: cell spectra
T2,native,std_to_cells,all,fg_pyrrole_ring,F3.d1,hgb,bal_acc,0.5,0.5,0.5,0.5,,,,590,20,648,9,inner_cv,"[{""fold"": ""standards->cells"", ""src"": ""inner_cv"", ""thr"": 0.5}]",0.38,train: standards of analytes with no cell spectra; test: cell spectra
T2,native,std_to_cells,all@analyte,fg_pyrrole_ring,F3.d1,hgb,auroc,0.5,0.5,0.5,0.5,,,,20,20,657,9,inner_cv,"[{""fold"": ""standards->cells"", ""src"": ""inner_cv"", ""thr"": 0.5}]",0.38,train: standards of analytes with no cell spectra; test: cell spectra
T2,native,std_to_cells,all@analyte,fg_pyrrole_ring,F3.d1,hgb,auprc,0.05,0.05,0.15,,,,,20,20,657,9,inner_cv,"[{""fold"": ""standards->cells"", ""src"": ""inner_cv"", ""thr"": 0.5}]",0.38,train: standards of analytes with no cell spectra; test: cell spectra
T2,native,std_to_cells,all@analyte,fg_pyrrole_ring,F3.d1,hgb,bal_acc,0.5,0.5,0.5,0.5,,,,20,20,657,9,inner_cv,"[{""fold"": ""standards->cells"", ""src"": ""inner_cv"", ""thr"": 0.5}]",0.38,train: standards of analytes with no cell spectra; test: cell spectra
T2,native,std_to_cells,all,fg_pyrrole_ring,F3.d1,knn,auroc,0.8877,0.8188,0.9415,0.5,,,,590,20,648,9,inner_cv,"[{""fold"": ""standards->cells"", ""k"": 1, ""src"": ""inner_cv"", ""thr"": 0.0}]",0.48,train: standards of analytes with no cell spectra; test: cell spectra
T2,native,std_to_cells,all,fg_pyrrole_ring,F3.d1,knn,auprc,0.1351,0.0954,0.4311,0.0339,,,,590,20,648,9,inner_cv,"[{""fold"": ""standards->cells"", ""k"": 1, ""src"": ""inner_cv"", ""thr"": 0.0}]",0.48,train: standards of analytes with no cell spectra; test: cell spectra
T2,native,std_to_cells,all,fg_pyrrole_ring,F3.d1,knn,bal_acc,0.5,0.5,0.5,0.5,,,,590,20,648,9,inner_cv,"[{""fold"": ""standards->cells"", ""k"": 1, ""src"": ""inner_cv"", ""thr"": 0.0}]",0.48,train: standards of analytes with no cell spectra; test: cell spectra
T2,native,std_to_cells,all@analyte,fg_pyrrole_ring,F3.d1,knn,auroc,1.0,1.0,1.0,0.5,,,,20,20,657,9,inner_cv,"[{""fold"": ""standards->cells"", ""k"": 1, ""src"": ""inner_cv"", ""thr"": 0.0}]",0.48,train: standards of analytes with no cell spectra; test: cell spectra
T2,native,std_to_cells,all@analyte,fg_pyrrole_ring,F3.d1,knn,auprc,1.0,1.0,1.0,,,,,20,20,657,9,inner_cv,"[{""fold"": ""standards->cells"", ""k"": 1, ""src"": ""inner_cv"", ""thr"": 0.0}]",0.48,train: standards of analytes with no cell spectra; test: cell spectra
T2,native,std_to_cells,all@analyte,fg_pyrrole_ring,F3.d1,knn,bal_acc,0.5,0.5,0.5,0.5,,,,20,20,657,9,inner_cv,"[{""fold"": ""standards->cells"", ""k"": 1, ""src"": ""inner_cv"", ""thr"": 0.0}]",0.48,train: standards of analytes with no cell spectra; test: cell spectra
T2,native,std_to_cells,all,fg_indole,F1,majority,auroc,0.5,0.5,0.5,0.5,,,,590,20,648,9,fixed,"[{""fold"": ""standards->cells"", ""src"": ""fixed"", ""thr"": 0.5}]",0.38,train: standards of analytes with no cell spectra; test: cell spectra
T2,native,std_to_cells,all,fg_indole,F1,majority,auprc,0.0339,0.0317,0.1111,0.0339,,,,590,20,648,9,fixed,"[{""fold"": ""standards->cells"", ""src"": ""fixed"", ""thr"": 0.5}]",0.38,train: standards of analytes with no cell spectra; test: cell spectra
T2,native,std_to_cells,all,fg_indole,F1,majority,bal_acc,0.5,0.5,0.5,0.5,,,,590,20,648,9,fixed,"[{""fold"": ""standards->cells"", ""src"": ""fixed"", ""thr"": 0.5}]",0.38,train: standards of analytes with no cell spectra; test: cell spectra
T2,native,std_to_cells,all@analyte,fg_indole,F1,majority,auroc,0.0526,0.0,0.1316,0.5,,,,20,20,657,9,fixed,"[{""fold"": ""standards->cells"", ""src"": ""fixed"", ""thr"": 0.5}]",0.38,train: standards of analytes with no cell spectra; test: cell spectra
T2,native,std_to_cells,all@analyte,fg_indole,F1,majority,auprc,0.05,0.05,0.15,,,,,20,20,657,9,fixed,"[{""fold"": ""standards->cells"", ""src"": ""fixed"", ""thr"": 0.5}]",0.38,train: standards of analytes with no cell spectra; test: cell spectra
T2,native,std_to_cells,all@analyte,fg_indole,F1,majority,bal_acc,0.5,0.5,0.5,0.5,,,,20,20,657,9,fixed,"[{""fold"": ""standards->cells"", ""src"": ""fixed"", ""thr"": 0.5}]",0.38,train: standards of analytes with no cell spectra; test: cell spectra
T2,native,std_to_cells,all,fg_indole,F1,lr,auroc,0.7955,0.7562,0.83,0.5,0.4376,1000,0.4856,590,20,648,9,inner_cv,"[{""fold"": ""standards->cells"", ""C"": 0.01, ""src"": ""inner_cv"", ""thr"": 0.442}]",0.31,train: standards of analytes with no cell spectra; test: cell spectra
T2,native,std_to_cells,all,fg_indole,F1,lr,auprc,0.4564,0.3656,0.6805,0.0339,,,,590,20,648,9,inner_cv,"[{""fold"": ""standards->cells"", ""C"": 0.01, ""src"": ""inner_cv"", ""thr"": 0.442}]",0.31,train: standards of analytes with no cell spectra; test: cell spectra
T2,native,std_to_cells,all,fg_indole,F1,lr,bal_acc,0.5,0.5,0.5,0.5,,,,590,20,648,9,inner_cv,"[{""fold"": ""standards->cells"", ""C"": 0.01, ""src"": ""inner_cv"", ""thr"": 0.442}]",0.31,train: standards of analytes with no cell spectra; test: cell spectra
T2,native,std_to_cells,all@analyte,fg_indole,F1,lr,auroc,1.0,1.0,1.0,0.5,,,,20,20,657,9,inner_cv,"[{""fold"": ""standards->cells"", ""C"": 0.01, ""src"": ""inner_cv"", ""thr"": 0.442}]",0.31,train: standards of analytes with no cell spectra; test: cell spectra
T2,native,std_to_cells,all@analyte,fg_indole,F1,lr,auprc,1.0,1.0,1.0,,,,,20,20,657,9,inner_cv,"[{""fold"": ""standards->cells"", ""C"": 0.01, ""src"": ""inner_cv"", ""thr"": 0.442}]",0.31,train: standards of analytes with no cell spectra; test: cell spectra
T2,native,std_to_cells,all@analyte,fg_indole,F1,lr,bal_acc,0.5,0.5,0.5,0.5,,,,20,20,657,9,inner_cv,"[{""fold"": ""standards->cells"", ""C"": 0.01, ""src"": ""inner_cv"", ""thr"": 0.442}]",0.31,train: standards of analytes with no cell spectra; test: cell spectra
T2,native,std_to_cells,all,fg_indole,F1,pca_lr,auroc,0.8422,0.8071,0.8728,0.5,,,,590,20,648,9,inner_cv,"[{""fold"": ""standards->cells"", ""C"": 0.01, ""src"": ""inner_cv"", ""thr"": 0.442}]",0.32,train: standards of analytes with no cell spectra; test: cell spectra
T2,native,std_to_cells,all,fg_indole,F1,pca_lr,auprc,0.4065,0.3037,0.691,0.0339,,,,590,20,648,9,inner_cv,"[{""fold"": ""standards->cells"", ""C"": 0.01, ""src"": ""inner_cv"", ""thr"": 0.442}]",0.32,train: standards of analytes with no cell spectra; test: cell spectra
T2,native,std_to_cells,all,fg_indole,F1,pca_lr,bal_acc,0.5,0.5,0.5,0.5,,,,590,20,648,9,inner_cv,"[{""fold"": ""standards->cells"", ""C"": 0.01, ""src"": ""inner_cv"", ""thr"": 0.442}]",0.32,train: standards of analytes with no cell spectra; test: cell spectra
T2,native,std_to_cells,all@analyte,fg_indole,F1,pca_lr,auroc,1.0,1.0,1.0,0.5,,,,20,20,657,9,inner_cv,"[{""fold"": ""standards->cells"", ""C"": 0.01, ""src"": ""inner_cv"", ""thr"": 0.442}]",0.32,train: standards of analytes with no cell spectra; test: cell spectra
T2,native,std_to_cells,all@analyte,fg_indole,F1,pca_lr,auprc,1.0,1.0,1.0,,,,,20,20,657,9,inner_cv,"[{""fold"": ""standards->cells"", ""C"": 0.01, ""src"": ""inner_cv"", ""thr"": 0.442}]",0.32,train: standards of analytes with no cell spectra; test: cell spectra
T2,native,std_to_cells,all@analyte,fg_indole,F1,pca_lr,bal_acc,0.5,0.5,0.5,0.5,,,,20,20,657,9,inner_cv,"[{""fold"": ""standards->cells"", ""C"": 0.01, ""src"": ""inner_cv"", ""thr"": 0.442}]",0.32,train: standards of analytes with no cell spectra; test: cell spectra
T2,native,std_to_cells,all,fg_indole,F1,plsda,auroc,0.8196,0.7916,0.8459,0.5,,,,590,20,648,9,inner_cv,"[{""fold"": ""standards->cells"", ""n"": 2, ""src"": ""inner_cv"", ""thr"": 0.0}]",0.43,train: standards of analytes with no cell spectra; test: cell spectra
T2,native,std_to_cells,all,fg_indole,F1,plsda,auprc,0.4053,0.3378,0.6171,0.0339,,,,590,20,648,9,inner_cv,"[{""fold"": ""standards->cells"", ""n"": 2, ""src"": ""inner_cv"", ""thr"": 0.0}]",0.43,train: standards of analytes with no cell spectra; test: cell spectra
T2,native,std_to_cells,all,fg_indole,F1,plsda,bal_acc,0.5,0.5,0.5,0.5,,,,590,20,648,9,inner_cv,"[{""fold"": ""standards->cells"", ""n"": 2, ""src"": ""inner_cv"", ""thr"": 0.0}]",0.43,train: standards of analytes with no cell spectra; test: cell spectra
T2,native,std_to_cells,all@analyte,fg_indole,F1,plsda,auroc,1.0,1.0,1.0,0.5,,,,20,20,657,9,inner_cv,"[{""fold"": ""standards->cells"", ""n"": 2, ""src"": ""inner_cv"", ""thr"": 0.0}]",0.43,train: standards of analytes with no cell spectra; test: cell spectra
T2,native,std_to_cells,all@analyte,fg_indole,F1,plsda,auprc,1.0,1.0,1.0,,,,,20,20,657,9,inner_cv,"[{""fold"": ""standards->cells"", ""n"": 2, ""src"": ""inner_cv"", ""thr"": 0.0}]",0.43,train: standards of analytes with no cell spectra; test: cell spectra
T2,native,std_to_cells,all@analyte,fg_indole,F1,plsda,bal_acc,0.5,0.5,0.5,0.5,,,,20,20,657,9,inner_cv,"[{""fold"": ""standards->cells"", ""n"": 2, ""src"": ""inner_cv"", ""thr"": 0.0}]",0.43,train: standards of analytes with no cell spectra; test: cell spectra
T2,native,std_to_cells,all,fg_indole,F1,ncm,auroc,0.9896,0.9646,1.0,0.5,,,,590,20,648,9,inner_cv,"[{""fold"": ""standards->cells"", ""src"": ""inner_cv"", ""thr"": 0.8209}]",0.27,train: standards of analytes with no cell spectra; test: cell spectra
T2,native,std_to_cells,all,fg_indole,F1,ncm,auprc,0.7517,0.5882,1.0,0.0339,,,,590,20,648,9,inner_cv,"[{""fold"": ""standards->cells"", ""src"": ""inner_cv"", ""thr"": 0.8209}]",0.27,train: standards of analytes with no cell spectra; test: cell spectra
T2,native,std_to_cells,all,fg_indole,F1,ncm,bal_acc,0.675,0.675,0.675,0.5,,,,590,20,648,9,inner_cv,"[{""fold"": ""standards->cells"", ""src"": ""inner_cv"", ""thr"": 0.8209}]",0.27,train: standards of analytes with no cell spectra; test: cell spectra
T2,native,std_to_cells,all@analyte,fg_indole,F1,ncm,auroc,1.0,1.0,1.0,0.5,,,,20,20,657,9,inner_cv,"[{""fold"": ""standards->cells"", ""src"": ""inner_cv"", ""thr"": 0.8209}]",0.27,train: standards of analytes with no cell spectra; test: cell spectra
T2,native,std_to_cells,all@analyte,fg_indole,F1,ncm,auprc,1.0,1.0,1.0,,,,,20,20,657,9,inner_cv,"[{""fold"": ""standards->cells"", ""src"": ""inner_cv"", ""thr"": 0.8209}]",0.27,train: standards of analytes with no cell spectra; test: cell spectra
T2,native,std_to_cells,all@analyte,fg_indole,F1,ncm,bal_acc,0.5,0.5,0.5,0.5,,,,20,20,657,9,inner_cv,"[{""fold"": ""standards->cells"", ""src"": ""inner_cv"", ""thr"": 0.8209}]",0.27,train: standards of analytes with no cell spectra; test: cell spectra
T2,native,std_to_cells,all,fg_indole,F1,hgb,auroc,0.5,0.5,0.5,0.5,,,,590,20,648,9,inner_cv,"[{""fold"": ""standards->cells"", ""src"": ""inner_cv"", ""thr"": 0.5}]",0.29,train: standards of analytes with no cell spectra; test: cell spectra
T2,native,std_to_cells,all,fg_indole,F1,hgb,auprc,0.0339,0.0317,0.1111,0.0339,,,,590,20,648,9,inner_cv,"[{""fold"": ""standards->cells"", ""src"": ""inner_cv"", ""thr"": 0.5}]",0.29,train: standards of analytes with no cell spectra; test: cell spectra
T2,native,std_to_cells,all,fg_indole,F1,hgb,bal_acc,0.5,0.5,0.5,0.5,,,,590,20,648,9,inner_cv,"[{""fold"": ""standards->cells"", ""src"": ""inner_cv"", ""thr"": 0.5}]",0.29,train: standards of analytes with no cell spectra; test: cell spectra
T2,native,std_to_cells,all@analyte,fg_indole,F1,hgb,auroc,0.5,0.5,0.5,0.5,,,,20,20,657,9,inner_cv,"[{""fold"": ""standards->cells"", ""src"": ""inner_cv"", ""thr"": 0.5}]",0.29,train: standards of analytes with no cell spectra; test: cell spectra
T2,native,std_to_cells,all@analyte,fg_indole,F1,hgb,auprc,0.05,0.05,0.15,,,,,20,20,657,9,inner_cv,"[{""fold"": ""standards->cells"", ""src"": ""inner_cv"", ""thr"": 0.5}]",0.29,train: standards of analytes with no cell spectra; test: cell spectra
T2,native,std_to_cells,all@analyte,fg_indole,F1,hgb,bal_acc,0.5,0.5,0.5,0.5,,,,20,20,657,9,inner_cv,"[{""fold"": ""standards->cells"", ""src"": ""inner_cv"", ""thr"": 0.5}]",0.29,train: standards of analytes with no cell spectra; test: cell spectra
T2,native,std_to_cells,all,fg_indole,F1,knn,auroc,0.5605,0.5304,0.5928,0.5,,,,590,20,648,9,inner_cv,"[{""fold"": ""standards->cells"", ""k"": 1, ""src"": ""inner_cv"", ""thr"": 0.5}]",0.39,train: standards of analytes with no cell spectra; test: cell spectra
T2,native,std_to_cells,all,fg_indole,F1,knn,auprc,0.0384,0.036,0.1232,0.0339,,,,590,20,648,9,inner_cv,"[{""fold"": ""standards->cells"", ""k"": 1, ""src"": ""inner_cv"", ""thr"": 0.5}]",0.39,train: standards of analytes with no cell spectra; test: cell spectra
T2,native,std_to_cells,all,fg_indole,F1,knn,bal_acc,0.5605,0.5304,0.5928,0.5,,,,590,20,648,9,inner_cv,"[{""fold"": ""standards->cells"", ""k"": 1, ""src"": ""inner_cv"", ""thr"": 0.5}]",0.39,train: standards of analytes with no cell spectra; test: cell spectra
T2,native,std_to_cells,all@analyte,fg_indole,F1,knn,auroc,0.8684,0.7632,0.9722,0.5,,,,20,20,657,9,inner_cv,"[{""fold"": ""standards->cells"", ""k"": 1, ""src"": ""inner_cv"", ""thr"": 0.5}]",0.39,train: standards of analytes with no cell spectra; test: cell spectra
T2,native,std_to_cells,all@analyte,fg_indole,F1,knn,auprc,0.1667,0.1,0.615,,,,,20,20,657,9,inner_cv,"[{""fold"": ""standards->cells"", ""k"": 1, ""src"": ""inner_cv"", ""thr"": 0.5}]",0.39,train: standards of analytes with no cell spectra; test: cell spectra
T2,native,std_to_cells,all@analyte,fg_indole,F1,knn,bal_acc,0.5263,0.5,0.5833,0.5,,,,20,20,657,9,inner_cv,"[{""fold"": ""standards->cells"", ""k"": 1, ""src"": ""inner_cv"", ""thr"": 0.5}]",0.39,train: standards of analytes with no cell spectra; test: cell spectra
T2,native,std_to_cells,all,fg_indole,F1pos,majority,auroc,0.5,0.5,0.5,0.5,,,,590,20,648,9,fixed,"[{""fold"": ""standards->cells"", ""src"": ""fixed"", ""thr"": 0.5}]",0.24,train: standards of analytes with no cell spectra; test: cell spectra
T2,native,std_to_cells,all,fg_indole,F1pos,majority,auprc,0.0339,0.0317,0.1111,0.0339,,,,590,20,648,9,fixed,"[{""fold"": ""standards->cells"", ""src"": ""fixed"", ""thr"": 0.5}]",0.24,train: standards of analytes with no cell spectra; test: cell spectra
T2,native,std_to_cells,all,fg_indole,F1pos,majority,bal_acc,0.5,0.5,0.5,0.5,,,,590,20,648,9,fixed,"[{""fold"": ""standards->cells"", ""src"": ""fixed"", ""thr"": 0.5}]",0.24,train: standards of analytes with no cell spectra; test: cell spectra
T2,native,std_to_cells,all@analyte,fg_indole,F1pos,majority,auroc,0.0526,0.0,0.1316,0.5,,,,20,20,657,9,fixed,"[{""fold"": ""standards->cells"", ""src"": ""fixed"", ""thr"": 0.5}]",0.24,train: standards of analytes with no cell spectra; test: cell spectra
T2,native,std_to_cells,all@analyte,fg_indole,F1pos,majority,auprc,0.05,0.05,0.15,,,,,20,20,657,9,fixed,"[{""fold"": ""standards->cells"", ""src"": ""fixed"", ""thr"": 0.5}]",0.24,train: standards of analytes with no cell spectra; test: cell spectra
T2,native,std_to_cells,all@analyte,fg_indole,F1pos,majority,bal_acc,0.5,0.5,0.5,0.5,,,,20,20,657,9,fixed,"[{""fold"": ""standards->cells"", ""src"": ""fixed"", ""thr"": 0.5}]",0.24,train: standards of analytes with no cell spectra; test: cell spectra
T2,native,std_to_cells,all,fg_indole,F1pos,lr,auroc,0.462,0.3862,0.5347,0.5,,,,590,20,648,9,inner_cv,"[{""fold"": ""standards->cells"", ""C"": 0.01, ""src"": ""inner_cv"", ""thr"": 0.5057}]",0.5,train: standards of analytes with no cell spectra; test: cell spectra
T2,native,std_to_cells,all,fg_indole,F1pos,lr,auprc,0.0356,0.0309,0.1214,0.0339,,,,590,20,648,9,inner_cv,"[{""fold"": ""standards->cells"", ""C"": 0.01, ""src"": ""inner_cv"", ""thr"": 0.5057}]",0.5,train: standards of analytes with no cell spectra; test: cell spectra
T2,native,std_to_cells,all,fg_indole,F1pos,lr,bal_acc,0.5079,0.5019,0.5153,0.5,,,,590,20,648,9,inner_cv,"[{""fold"": ""standards->cells"", ""C"": 0.01, ""src"": ""inner_cv"", ""thr"": 0.5057}]",0.5,train: standards of analytes with no cell spectra; test: cell spectra
T2,native,std_to_cells,all@analyte,fg_indole,F1pos,lr,auroc,0.5263,0.2778,0.7778,0.5,,,,20,20,657,9,inner_cv,"[{""fold"": ""standards->cells"", ""C"": 0.01, ""src"": ""inner_cv"", ""thr"": 0.5057}]",0.5,train: standards of analytes with no cell spectra; test: cell spectra
T2,native,std_to_cells,all@analyte,fg_indole,F1pos,lr,auprc,0.1,0.0714,0.375,,,,,20,20,657,9,inner_cv,"[{""fold"": ""standards->cells"", ""C"": 0.01, ""src"": ""inner_cv"", ""thr"": 0.5057}]",0.5,train: standards of analytes with no cell spectra; test: cell spectra
T2,native,std_to_cells,all@analyte,fg_indole,F1pos,lr,bal_acc,0.5,0.5,0.5,0.5,,,,20,20,657,9,inner_cv,"[{""fold"": ""standards->cells"", ""C"": 0.01, ""src"": ""inner_cv"", ""thr"": 0.5057}]",0.5,train: standards of analytes with no cell spectra; test: cell spectra
T2,native,std_to_cells,all,fg_indole,F1pos,pca_lr,auroc,0.462,0.3862,0.5347,0.5,,,,590,20,648,9,inner_cv,"[{""fold"": ""standards->cells"", ""C"": 0.01, ""src"": ""inner_cv"", ""thr"": 0.5057}]",0.31,train: standards of analytes with no cell spectra; test: cell spectra
T2,native,std_to_cells,all,fg_indole,F1pos,pca_lr,auprc,0.0356,0.0309,0.1214,0.0339,,,,590,20,648,9,inner_cv,"[{""fold"": ""standards->cells"", ""C"": 0.01, ""src"": ""inner_cv"", ""thr"": 0.5057}]",0.31,train: standards of analytes with no cell spectra; test: cell spectra
T2,native,std_to_cells,all,fg_indole,F1pos,pca_lr,bal_acc,0.5079,0.5019,0.5153,0.5,,,,590,20,648,9,inner_cv,"[{""fold"": ""standards->cells"", ""C"": 0.01, ""src"": ""inner_cv"", ""thr"": 0.5057}]",0.31,train: standards of analytes with no cell spectra; test: cell spectra
T2,native,std_to_cells,all@analyte,fg_indole,F1pos,pca_lr,auroc,0.5263,0.2778,0.7778,0.5,,,,20,20,657,9,inner_cv,"[{""fold"": ""standards->cells"", ""C"": 0.01, ""src"": ""inner_cv"", ""thr"": 0.5057}]",0.31,train: standards of analytes with no cell spectra; test: cell spectra
T2,native,std_to_cells,all@analyte,fg_indole,F1pos,pca_lr,auprc,0.1,0.0714,0.375,,,,,20,20,657,9,inner_cv,"[{""fold"": ""standards->cells"", ""C"": 0.01, ""src"": ""inner_cv"", ""thr"": 0.5057}]",0.31,train: standards of analytes with no cell spectra; test: cell spectra
T2,native,std_to_cells,all@analyte,fg_indole,F1pos,pca_lr,bal_acc,0.5,0.5,0.5,0.5,,,,20,20,657,9,inner_cv,"[{""fold"": ""standards->cells"", ""C"": 0.01, ""src"": ""inner_cv"", ""thr"": 0.5057}]",0.31,train: standards of analytes with no cell spectra; test: cell spectra
T2,native,std_to_cells,all,fg_indole,F1pos,plsda,auroc,0.4418,0.3558,0.5219,0.5,,,,590,20,648,9,inner_cv,"[{""fold"": ""standards->cells"", ""n"": 2, ""src"": ""inner_cv"", ""thr"": 0.5432}]",0.29,train: standards of analytes with no cell spectra; test: cell spectra
T2,native,std_to_cells,all,fg_indole,F1pos,plsda,auprc,0.0305,0.0266,0.1044,0.0339,,,,590,20,648,9,inner_cv,"[{""fold"": ""standards->cells"", ""n"": 2, ""src"": ""inner_cv"", ""thr"": 0.5432}]",0.29,train: standards of analytes with no cell spectra; test: cell spectra
T2,native,std_to_cells,all,fg_indole,F1pos,plsda,bal_acc,0.5105,0.5036,0.5196,0.5,,,,590,20,648,9,inner_cv,"[{""fold"": ""standards->cells"", ""n"": 2, ""src"": ""inner_cv"", ""thr"": 0.5432}]",0.29,train: standards of analytes with no cell spectra; test: cell spectra
T2,native,std_to_cells,all@analyte,fg_indole,F1pos,plsda,auroc,0.4737,0.2353,0.731,0.5,,,,20,20,657,9,inner_cv,"[{""fold"": ""standards->cells"", ""n"": 2, ""src"": ""inner_cv"", ""thr"": 0.5432}]",0.29,train: standards of analytes with no cell spectra; test: cell spectra
T2,native,std_to_cells,all@analyte,fg_indole,F1pos,plsda,auprc,0.0909,0.0714,0.3333,,,,,20,20,657,9,inner_cv,"[{""fold"": ""standards->cells"", ""n"": 2, ""src"": ""inner_cv"", ""thr"": 0.5432}]",0.29,train: standards of analytes with no cell spectra; test: cell spectra
T2,native,std_to_cells,all@analyte,fg_indole,F1pos,plsda,bal_acc,0.5,0.5,0.5,0.5,,,,20,20,657,9,inner_cv,"[{""fold"": ""standards->cells"", ""n"": 2, ""src"": ""inner_cv"", ""thr"": 0.5432}]",0.29,train: standards of analytes with no cell spectra; test: cell spectra
T2,native,std_to_cells,all,fg_indole,F1pos,ncm,auroc,0.4549,0.3702,0.5376,0.5,,,,590,20,648,9,inner_cv,"[{""fold"": ""standards->cells"", ""src"": ""inner_cv"", ""thr"": 0.2954}]",0.45,train: standards of analytes with no cell spectra; test: cell spectra
T2,native,std_to_cells,all,fg_indole,F1pos,ncm,auprc,0.0382,0.0309,0.1415,0.0339,,,,590,20,648,9,inner_cv,"[{""fold"": ""standards->cells"", ""src"": ""inner_cv"", ""thr"": 0.2954}]",0.45,train: standards of analytes with no cell spectra; test: cell spectra
T2,native,std_to_cells,all,fg_indole,F1pos,ncm,bal_acc,0.5693,0.5396,0.6034,0.5,,,,590,20,648,9,inner_cv,"[{""fold"": ""standards->cells"", ""src"": ""inner_cv"", ""thr"": 0.2954}]",0.45,train: standards of analytes with no cell spectra; test: cell spectra
T2,native,std_to_cells,all@analyte,fg_indole,F1pos,ncm,auroc,0.5263,0.2778,0.7778,0.5,,,,20,20,657,9,inner_cv,"[{""fold"": ""standards->cells"", ""src"": ""inner_cv"", ""thr"": 0.2954}]",0.45,train: standards of analytes with no cell spectra; test: cell spectra
T2,native,std_to_cells,all@analyte,fg_indole,F1pos,ncm,auprc,0.1,0.0714,0.375,,,,,20,20,657,9,inner_cv,"[{""fold"": ""standards->cells"", ""src"": ""inner_cv"", ""thr"": 0.2954}]",0.45,train: standards of analytes with no cell spectra; test: cell spectra
T2,native,std_to_cells,all@analyte,fg_indole,F1pos,ncm,bal_acc,0.5,0.5,0.5,0.5,,,,20,20,657,9,inner_cv,"[{""fold"": ""standards->cells"", ""src"": ""inner_cv"", ""thr"": 0.2954}]",0.45,train: standards of analytes with no cell spectra; test: cell spectra
T2,native,std_to_cells,all,fg_indole,F1pos,hgb,auroc,0.5,0.5,0.5,0.5,,,,590,20,648,9,inner_cv,"[{""fold"": ""standards->cells"", ""src"": ""inner_cv"", ""thr"": 0.5}]",0.58,train: standards of analytes with no cell spectra; test: cell spectra
T2,native,std_to_cells,all,fg_indole,F1pos,hgb,auprc,0.0339,0.0317,0.1111,0.0339,,,,590,20,648,9,inner_cv,"[{""fold"": ""standards->cells"", ""src"": ""inner_cv"", ""thr"": 0.5}]",0.58,train: standards of analytes with no cell spectra; test: cell spectra
T2,native,std_to_cells,all,fg_indole,F1pos,hgb,bal_acc,0.5,0.5,0.5,0.5,,,,590,20,648,9,inner_cv,"[{""fold"": ""standards->cells"", ""src"": ""inner_cv"", ""thr"": 0.5}]",0.58,train: standards of analytes with no cell spectra; test: cell spectra
T2,native,std_to_cells,all@analyte,fg_indole,F1pos,hgb,auroc,0.5,0.5,0.5,0.5,,,,20,20,657,9,inner_cv,"[{""fold"": ""standards->cells"", ""src"": ""inner_cv"", ""thr"": 0.5}]",0.58,train: standards of analytes with no cell spectra; test: cell spectra
T2,native,std_to_cells,all@analyte,fg_indole,F1pos,hgb,auprc,0.05,0.05,0.15,,,,,20,20,657,9,inner_cv,"[{""fold"": ""standards->cells"", ""src"": ""inner_cv"", ""thr"": 0.5}]",0.58,train: standards of analytes with no cell spectra; test: cell spectra
T2,native,std_to_cells,all@analyte,fg_indole,F1pos,hgb,bal_acc,0.5,0.5,0.5,0.5,,,,20,20,657,9,inner_cv,"[{""fold"": ""standards->cells"", ""src"": ""inner_cv"", ""thr"": 0.5}]",0.58,train: standards of analytes with no cell spectra; test: cell spectra
T2,native,std_to_cells,all,fg_indole,F1pos,knn,auroc,0.6499,0.5862,0.7073,0.5,,,,590,20,648,9,inner_cv,"[{""fold"": ""standards->cells"", ""k"": 3, ""src"": ""inner_cv"", ""thr"": 0.6137}]",0.54,train: standards of analytes with no cell spectra; test: cell spectra
T2,native,std_to_cells,all,fg_indole,F1pos,knn,auprc,0.0476,0.0408,0.1558,0.0339,,,,590,20,648,9,inner_cv,"[{""fold"": ""standards->cells"", ""k"": 3, ""src"": ""inner_cv"", ""thr"": 0.6137}]",0.54,train: standards of analytes with no cell spectra; test: cell spectra
T2,native,std_to_cells,all,fg_indole,F1pos,knn,bal_acc,0.5377,0.52,0.5596,0.5,,,,590,20,648,9,inner_cv,"[{""fold"": ""standards->cells"", ""k"": 3, ""src"": ""inner_cv"", ""thr"": 0.6137}]",0.54,train: standards of analytes with no cell spectra; test: cell spectra
T2,native,std_to_cells,all@analyte,fg_indole,F1pos,knn,auroc,0.7895,0.5882,0.9474,0.5,,,,20,20,657,9,inner_cv,"[{""fold"": ""standards->cells"", ""k"": 3, ""src"": ""inner_cv"", ""thr"": 0.6137}]",0.54,train: standards of analytes with no cell spectra; test: cell spectra
T2,native,std_to_cells,all@analyte,fg_indole,F1pos,knn,auprc,0.2,0.125,0.6667,,,,,20,20,657,9,inner_cv,"[{""fold"": ""standards->cells"", ""k"": 3, ""src"": ""inner_cv"", ""thr"": 0.6137}]",0.54,train: standards of analytes with no cell spectra; test: cell spectra
T2,native,std_to_cells,all@analyte,fg_indole,F1pos,knn,bal_acc,0.5,0.5,0.5,0.5,,,,20,20,657,9,inner_cv,"[{""fold"": ""standards->cells"", ""k"": 3, ""src"": ""inner_cv"", ""thr"": 0.6137}]",0.54,train: standards of analytes with no cell spectra; test: cell spectra
T2,native,std_to_cells,all,fg_indole,F2,majority,auroc,0.5,0.5,0.5,0.5,,,,590,20,648,9,fixed,"[{""fold"": ""standards->cells"", ""src"": ""fixed"", ""thr"": 0.5}]",0.37,train: standards of analytes with no cell spectra; test: cell spectra
T2,native,std_to_cells,all,fg_indole,F2,majority,auprc,0.0339,0.0317,0.1111,0.0339,,,,590,20,648,9,fixed,"[{""fold"": ""standards->cells"", ""src"": ""fixed"", ""thr"": 0.5}]",0.37,train: standards of analytes with no cell spectra; test: cell spectra
T2,native,std_to_cells,all,fg_indole,F2,majority,bal_acc,0.5,0.5,0.5,0.5,,,,590,20,648,9,fixed,"[{""fold"": ""standards->cells"", ""src"": ""fixed"", ""thr"": 0.5}]",0.37,train: standards of analytes with no cell spectra; test: cell spectra
T2,native,std_to_cells,all@analyte,fg_indole,F2,majority,auroc,0.0526,0.0,0.1316,0.5,,,,20,20,657,9,fixed,"[{""fold"": ""standards->cells"", ""src"": ""fixed"", ""thr"": 0.5}]",0.37,train: standards of analytes with no cell spectra; test: cell spectra
T2,native,std_to_cells,all@analyte,fg_indole,F2,majority,auprc,0.05,0.05,0.15,,,,,20,20,657,9,fixed,"[{""fold"": ""standards->cells"", ""src"": ""fixed"", ""thr"": 0.5}]",0.37,train: standards of analytes with no cell spectra; test: cell spectra
T2,native,std_to_cells,all@analyte,fg_indole,F2,majority,bal_acc,0.5,0.5,0.5,0.5,,,,20,20,657,9,fixed,"[{""fold"": ""standards->cells"", ""src"": ""fixed"", ""thr"": 0.5}]",0.37,train: standards of analytes with no cell spectra; test: cell spectra
T2,native,std_to_cells,all,fg_indole,F2,lr,auroc,0.6979,0.6241,0.7803,0.5,,,,590,20,648,9,inner_cv,"[{""fold"": ""standards->cells"", ""C"": 0.1, ""src"": ""inner_cv"", ""thr"": 0.9997}]",0.48,train: standards of analytes with no cell spectra; test: cell spectra
T2,native,std_to_cells,all,fg_indole,F2,lr,auprc,0.1006,0.0699,0.3239,0.0339,,,,590,20,648,9,inner_cv,"[{""fold"": ""standards->cells"", ""C"": 0.1, ""src"": ""inner_cv"", ""thr"": 0.9997}]",0.48,train: standards of analytes with no cell spectra; test: cell spectra
T2,native,std_to_cells,all,fg_indole,F2,lr,bal_acc,0.5,0.5,0.5,0.5,,,,590,20,648,9,inner_cv,"[{""fold"": ""standards->cells"", ""C"": 0.1, ""src"": ""inner_cv"", ""thr"": 0.9997}]",0.48,train: standards of analytes with no cell spectra; test: cell spectra
T2,native,std_to_cells,all@analyte,fg_indole,F2,lr,auroc,0.8947,0.7368,1.0,0.5,,,,20,20,657,9,inner_cv,"[{""fold"": ""standards->cells"", ""C"": 0.1, ""src"": ""inner_cv"", ""thr"": 0.9997}]",0.48,train: standards of analytes with no cell spectra; test: cell spectra
T2,native,std_to_cells,all@analyte,fg_indole,F2,lr,auprc,0.3333,0.2,1.0,,,,,20,20,657,9,inner_cv,"[{""fold"": ""standards->cells"", ""C"": 0.1, ""src"": ""inner_cv"", ""thr"": 0.9997}]",0.48,train: standards of analytes with no cell spectra; test: cell spectra
T2,native,std_to_cells,all@analyte,fg_indole,F2,lr,bal_acc,0.5,0.5,0.5,0.5,,,,20,20,657,9,inner_cv,"[{""fold"": ""standards->cells"", ""C"": 0.1, ""src"": ""inner_cv"", ""thr"": 0.9997}]",0.48,train: standards of analytes with no cell spectra; test: cell spectra
T2,native,std_to_cells,all,fg_indole,F2,pca_lr,auroc,0.9749,0.9375,0.9953,0.5,,,,590,20,648,9,inner_cv,"[{""fold"": ""standards->cells"", ""C"": 0.1, ""src"": ""inner_cv"", ""thr"": 0.0}]",0.37,train: standards of analytes with no cell spectra; test: cell spectra
T2,native,std_to_cells,all,fg_indole,F2,pca_lr,auprc,0.4876,0.2904,0.957,0.0339,,,,590,20,648,9,inner_cv,"[{""fold"": ""standards->cells"", ""C"": 0.1, ""src"": ""inner_cv"", ""thr"": 0.0}]",0.37,train: standards of analytes with no cell spectra; test: cell spectra
T2,native,std_to_cells,all,fg_indole,F2,pca_lr,bal_acc,0.5,0.5,0.5,0.5,,,,590,20,648,9,inner_cv,"[{""fold"": ""standards->cells"", ""C"": 0.1, ""src"": ""inner_cv"", ""thr"": 0.0}]",0.37,train: standards of analytes with no cell spectra; test: cell spectra
T2,native,std_to_cells,all@analyte,fg_indole,F2,pca_lr,auroc,1.0,1.0,1.0,0.5,,,,20,20,657,9,inner_cv,"[{""fold"": ""standards->cells"", ""C"": 0.1, ""src"": ""inner_cv"", ""thr"": 0.0}]",0.37,train: standards of analytes with no cell spectra; test: cell spectra
T2,native,std_to_cells,all@analyte,fg_indole,F2,pca_lr,auprc,1.0,1.0,1.0,,,,,20,20,657,9,inner_cv,"[{""fold"": ""standards->cells"", ""C"": 0.1, ""src"": ""inner_cv"", ""thr"": 0.0}]",0.37,train: standards of analytes with no cell spectra; test: cell spectra
T2,native,std_to_cells,all@analyte,fg_indole,F2,pca_lr,bal_acc,0.5,0.5,0.5,0.5,,,,20,20,657,9,inner_cv,"[{""fold"": ""standards->cells"", ""C"": 0.1, ""src"": ""inner_cv"", ""thr"": 0.0}]",0.37,train: standards of analytes with no cell spectra; test: cell spectra
T2,native,std_to_cells,all,fg_indole,F2,plsda,auroc,0.939,0.8646,0.9921,0.5,,,,590,20,648,9,inner_cv,"[{""fold"": ""standards->cells"", ""n"": 2, ""src"": ""inner_cv"", ""thr"": 1.0}]",0.31,train: standards of analytes with no cell spectra; test: cell spectra
T2,native,std_to_cells,all,fg_indole,F2,plsda,auprc,0.2325,0.1342,0.9037,0.0339,,,,590,20,648,9,inner_cv,"[{""fold"": ""standards->cells"", ""n"": 2, ""src"": ""inner_cv"", ""thr"": 1.0}]",0.31,train: standards of analytes with no cell spectra; test: cell spectra
T2,native,std_to_cells,all,fg_indole,F2,plsda,bal_acc,0.5,0.5,0.5,0.5,,,,590,20,648,9,inner_cv,"[{""fold"": ""standards->cells"", ""n"": 2, ""src"": ""inner_cv"", ""thr"": 1.0}]",0.31,train: standards of analytes with no cell spectra; test: cell spectra
T2,native,std_to_cells,all@analyte,fg_indole,F2,plsda,auroc,1.0,1.0,1.0,0.5,,,,20,20,657,9,inner_cv,"[{""fold"": ""standards->cells"", ""n"": 2, ""src"": ""inner_cv"", ""thr"": 1.0}]",0.31,train: standards of analytes with no cell spectra; test: cell spectra
T2,native,std_to_cells,all@analyte,fg_indole,F2,plsda,auprc,1.0,1.0,1.0,,,,,20,20,657,9,inner_cv,"[{""fold"": ""standards->cells"", ""n"": 2, ""src"": ""inner_cv"", ""thr"": 1.0}]",0.31,train: standards of analytes with no cell spectra; test: cell spectra
T2,native,std_to_cells,all@analyte,fg_indole,F2,plsda,bal_acc,0.5,0.5,0.5,0.5,,,,20,20,657,9,inner_cv,"[{""fold"": ""standards->cells"", ""n"": 2, ""src"": ""inner_cv"", ""thr"": 1.0}]",0.31,train: standards of analytes with no cell spectra; test: cell spectra
T2,native,std_to_cells,all,fg_indole,F2,ncm,auroc,0.9933,0.9767,1.0,0.5,,,,590,20,648,9,inner_cv,"[{""fold"": ""standards->cells"", ""src"": ""inner_cv"", ""thr"": 0.0002}]",0.34,train: standards of analytes with no cell spectra; test: cell spectra
T2,native,std_to_cells,all,fg_indole,F2,ncm,auprc,0.8387,0.7067,1.0,0.0339,,,,590,20,648,9,inner_cv,"[{""fold"": ""standards->cells"", ""src"": ""inner_cv"", ""thr"": 0.0002}]",0.34,train: standards of analytes with no cell spectra; test: cell spectra
T2,native,std_to_cells,all,fg_indole,F2,ncm,bal_acc,0.7719,0.6857,0.8582,0.5,,,,590,20,648,9,inner_cv,"[{""fold"": ""standards->cells"", ""src"": ""inner_cv"", ""thr"": 0.0002}]",0.34,train: standards of analytes with no cell spectra; test: cell spectra
T2,native,std_to_cells,all@analyte,fg_indole,F2,ncm,auroc,1.0,1.0,1.0,0.5,,,,20,20,657,9,inner_cv,"[{""fold"": ""standards->cells"", ""src"": ""inner_cv"", ""thr"": 0.0002}]",0.34,train: standards of analytes with no cell spectra; test: cell spectra
T2,native,std_to_cells,all@analyte,fg_indole,F2,ncm,auprc,1.0,1.0,1.0,,,,,20,20,657,9,inner_cv,"[{""fold"": ""standards->cells"", ""src"": ""inner_cv"", ""thr"": 0.0002}]",0.34,train: standards of analytes with no cell spectra; test: cell spectra
T2,native,std_to_cells,all@analyte,fg_indole,F2,ncm,bal_acc,0.7368,0.6316,0.8578,0.5,,,,20,20,657,9,inner_cv,"[{""fold"": ""standards->cells"", ""src"": ""inner_cv"", ""thr"": 0.0002}]",0.34,train: standards of analytes with no cell spectra; test: cell spectra
T2,native,std_to_cells,all,fg_indole,F2,hgb,auroc,0.5,0.5,0.5,0.5,,,,590,20,648,9,inner_cv,"[{""fold"": ""standards->cells"", ""src"": ""inner_cv"", ""thr"": 0.5}]",0.47,train: standards of analytes with no cell spectra; test: cell spectra
T2,native,std_to_cells,all,fg_indole,F2,hgb,auprc,0.0339,0.0317,0.1111,0.0339,,,,590,20,648,9,inner_cv,"[{""fold"": ""standards->cells"", ""src"": ""inner_cv"", ""thr"": 0.5}]",0.47,train: standards of analytes with no cell spectra; test: cell spectra
T2,native,std_to_cells,all,fg_indole,F2,hgb,bal_acc,0.5,0.5,0.5,0.5,,,,590,20,648,9,inner_cv,"[{""fold"": ""standards->cells"", ""src"": ""inner_cv"", ""thr"": 0.5}]",0.47,train: standards of analytes with no cell spectra; test: cell spectra
T2,native,std_to_cells,all@analyte,fg_indole,F2,hgb,auroc,0.5,0.5,0.5,0.5,,,,20,20,657,9,inner_cv,"[{""fold"": ""standards->cells"", ""src"": ""inner_cv"", ""thr"": 0.5}]",0.47,train: standards of analytes with no cell spectra; test: cell spectra
T2,native,std_to_cells,all@analyte,fg_indole,F2,hgb,auprc,0.05,0.05,0.15,,,,,20,20,657,9,inner_cv,"[{""fold"": ""standards->cells"", ""src"": ""inner_cv"", ""thr"": 0.5}]",0.47,train: standards of analytes with no cell spectra; test: cell spectra
T2,native,std_to_cells,all@analyte,fg_indole,F2,hgb,bal_acc,0.5,0.5,0.5,0.5,,,,20,20,657,9,inner_cv,"[{""fold"": ""standards->cells"", ""src"": ""inner_cv"", ""thr"": 0.5}]",0.47,train: standards of analytes with no cell spectra; test: cell spectra
T2,native,std_to_cells,all,fg_indole,F2,knn,auroc,0.5377,0.5135,0.5669,0.5,,,,590,20,648,9,inner_cv,"[{""fold"": ""standards->cells"", ""k"": 1, ""src"": ""inner_cv"", ""thr"": 0.0}]",0.3,train: standards of analytes with no cell spectra; test: cell spectra
T2,native,std_to_cells,all,fg_indole,F2,knn,auprc,0.0366,0.0336,0.1202,0.0339,,,,590,20,648,9,inner_cv,"[{""fold"": ""standards->cells"", ""k"": 1, ""src"": ""inner_cv"", ""thr"": 0.0}]",0.3,train: standards of analytes with no cell spectra; test: cell spectra
T2,native,std_to_cells,all,fg_indole,F2,knn,bal_acc,0.5,0.5,0.5,0.5,,,,590,20,648,9,inner_cv,"[{""fold"": ""standards->cells"", ""k"": 1, ""src"": ""inner_cv"", ""thr"": 0.0}]",0.3,train: standards of analytes with no cell spectra; test: cell spectra
T2,native,std_to_cells,all@analyte,fg_indole,F2,knn,auroc,0.7632,0.6389,0.8684,0.5,,,,20,20,657,9,inner_cv,"[{""fold"": ""standards->cells"", ""k"": 1, ""src"": ""inner_cv"", ""thr"": 0.0}]",0.3,train: standards of analytes with no cell spectra; test: cell spectra
T2,native,std_to_cells,all@analyte,fg_indole,F2,knn,auprc,0.1,0.0714,0.3476,,,,,20,20,657,9,inner_cv,"[{""fold"": ""standards->cells"", ""k"": 1, ""src"": ""inner_cv"", ""thr"": 0.0}]",0.3,train: standards of analytes with no cell spectra; test: cell spectra
T2,native,std_to_cells,all@analyte,fg_indole,F2,knn,bal_acc,0.5,0.5,0.5,0.5,,,,20,20,657,9,inner_cv,"[{""fold"": ""standards->cells"", ""k"": 1, ""src"": ""inner_cv"", ""thr"": 0.0}]",0.3,train: standards of analytes with no cell spectra; test: cell spectra
T2,native,std_to_cells,all,fg_indole,F3,majority,auroc,0.5,0.5,0.5,0.5,,,,590,20,648,9,fixed,"[{""fold"": ""standards->cells"", ""src"": ""fixed"", ""thr"": 0.5}]",0.25,train: standards of analytes with no cell spectra; test: cell spectra
T2,native,std_to_cells,all,fg_indole,F3,majority,auprc,0.0339,0.0317,0.1111,0.0339,,,,590,20,648,9,fixed,"[{""fold"": ""standards->cells"", ""src"": ""fixed"", ""thr"": 0.5}]",0.25,train: standards of analytes with no cell spectra; test: cell spectra
T2,native,std_to_cells,all,fg_indole,F3,majority,bal_acc,0.5,0.5,0.5,0.5,,,,590,20,648,9,fixed,"[{""fold"": ""standards->cells"", ""src"": ""fixed"", ""thr"": 0.5}]",0.25,train: standards of analytes with no cell spectra; test: cell spectra
T2,native,std_to_cells,all@analyte,fg_indole,F3,majority,auroc,0.0526,0.0,0.1316,0.5,,,,20,20,657,9,fixed,"[{""fold"": ""standards->cells"", ""src"": ""fixed"", ""thr"": 0.5}]",0.25,train: standards of analytes with no cell spectra; test: cell spectra
T2,native,std_to_cells,all@analyte,fg_indole,F3,majority,auprc,0.05,0.05,0.15,,,,,20,20,657,9,fixed,"[{""fold"": ""standards->cells"", ""src"": ""fixed"", ""thr"": 0.5}]",0.25,train: standards of analytes with no cell spectra; test: cell spectra
T2,native,std_to_cells,all@analyte,fg_indole,F3,majority,bal_acc,0.5,0.5,0.5,0.5,,,,20,20,657,9,fixed,"[{""fold"": ""standards->cells"", ""src"": ""fixed"", ""thr"": 0.5}]",0.25,train: standards of analytes with no cell spectra; test: cell spectra
T2,native,std_to_cells,all,fg_indole,F3,lr,auroc,0.4618,0.4151,0.5097,0.5,,,,590,20,648,9,inner_cv,"[{""fold"": ""standards->cells"", ""C"": 1.0, ""src"": ""inner_cv"", ""thr"": 1.0}]",0.64,train: standards of analytes with no cell spectra; test: cell spectra
T2,native,std_to_cells,all,fg_indole,F3,lr,auprc,0.054,0.0386,0.2321,0.0339,,,,590,20,648,9,inner_cv,"[{""fold"": ""standards->cells"", ""C"": 1.0, ""src"": ""inner_cv"", ""thr"": 1.0}]",0.64,train: standards of analytes with no cell spectra; test: cell spectra
T2,native,std_to_cells,all,fg_indole,F3,lr,bal_acc,0.5,0.5,0.5,0.5,,,,590,20,648,9,inner_cv,"[{""fold"": ""standards->cells"", ""C"": 1.0, ""src"": ""inner_cv"", ""thr"": 1.0}]",0.64,train: standards of analytes with no cell spectra; test: cell spectra
T2,native,std_to_cells,all@analyte,fg_indole,F3,lr,auroc,0.2632,0.0556,0.4709,0.5,,,,20,20,657,9,inner_cv,"[{""fold"": ""standards->cells"", ""C"": 1.0, ""src"": ""inner_cv"", ""thr"": 1.0}]",0.64,train: standards of analytes with no cell spectra; test: cell spectra
T2,native,std_to_cells,all@analyte,fg_indole,F3,lr,auprc,0.0667,0.0556,0.2143,,,,,20,20,657,9,inner_cv,"[{""fold"": ""standards->cells"", ""C"": 1.0, ""src"": ""inner_cv"", ""thr"": 1.0}]",0.64,train: standards of analytes with no cell spectra; test: cell spectra
T2,native,std_to_cells,all@analyte,fg_indole,F3,lr,bal_acc,0.5,0.5,0.5,0.5,,,,20,20,657,9,inner_cv,"[{""fold"": ""standards->cells"", ""C"": 1.0, ""src"": ""inner_cv"", ""thr"": 1.0}]",0.64,train: standards of analytes with no cell spectra; test: cell spectra
T2,native,std_to_cells,all,fg_indole,F3,pca_lr,auroc,0.9884,0.961,1.0,0.5,,,,590,20,648,9,inner_cv,"[{""fold"": ""standards->cells"", ""C"": 10.0, ""src"": ""inner_cv"", ""thr"": 1.0}]",0.59,train: standards of analytes with no cell spectra; test: cell spectra
T2,native,std_to_cells,all,fg_indole,F3,pca_lr,auprc,0.6598,0.4284,1.0,0.0339,,,,590,20,648,9,inner_cv,"[{""fold"": ""standards->cells"", ""C"": 10.0, ""src"": ""inner_cv"", ""thr"": 1.0}]",0.59,train: standards of analytes with no cell spectra; test: cell spectra
T2,native,std_to_cells,all,fg_indole,F3,pca_lr,bal_acc,0.5,0.5,0.5,0.5,,,,590,20,648,9,inner_cv,"[{""fold"": ""standards->cells"", ""C"": 10.0, ""src"": ""inner_cv"", ""thr"": 1.0}]",0.59,train: standards of analytes with no cell spectra; test: cell spectra
T2,native,std_to_cells,all@analyte,fg_indole,F3,pca_lr,auroc,1.0,1.0,1.0,0.5,,,,20,20,657,9,inner_cv,"[{""fold"": ""standards->cells"", ""C"": 10.0, ""src"": ""inner_cv"", ""thr"": 1.0}]",0.59,train: standards of analytes with no cell spectra; test: cell spectra
T2,native,std_to_cells,all@analyte,fg_indole,F3,pca_lr,auprc,1.0,1.0,1.0,,,,,20,20,657,9,inner_cv,"[{""fold"": ""standards->cells"", ""C"": 10.0, ""src"": ""inner_cv"", ""thr"": 1.0}]",0.59,train: standards of analytes with no cell spectra; test: cell spectra
T2,native,std_to_cells,all@analyte,fg_indole,F3,pca_lr,bal_acc,0.5,0.5,0.5,0.5,,,,20,20,657,9,inner_cv,"[{""fold"": ""standards->cells"", ""C"": 10.0, ""src"": ""inner_cv"", ""thr"": 1.0}]",0.59,train: standards of analytes with no cell spectra; test: cell spectra
T2,native,std_to_cells,all,fg_indole,F3,plsda,auroc,0.8191,0.7565,0.8766,0.5,,,,590,20,648,9,inner_cv,"[{""fold"": ""standards->cells"", ""n"": 2, ""src"": ""inner_cv"", ""thr"": 1.0}]",0.33,train: standards of analytes with no cell spectra; test: cell spectra
T2,native,std_to_cells,all,fg_indole,F3,plsda,auprc,0.2089,0.1338,0.5892,0.0339,,,,590,20,648,9,inner_cv,"[{""fold"": ""standards->cells"", ""n"": 2, ""src"": ""inner_cv"", ""thr"": 1.0}]",0.33,train: standards of analytes with no cell spectra; test: cell spectra
T2,native,std_to_cells,all,fg_indole,F3,plsda,bal_acc,0.5,0.5,0.5,0.5,,,,590,20,648,9,inner_cv,"[{""fold"": ""standards->cells"", ""n"": 2, ""src"": ""inner_cv"", ""thr"": 1.0}]",0.33,train: standards of analytes with no cell spectra; test: cell spectra
T2,native,std_to_cells,all@analyte,fg_indole,F3,plsda,auroc,1.0,1.0,1.0,0.5,,,,20,20,657,9,inner_cv,"[{""fold"": ""standards->cells"", ""n"": 2, ""src"": ""inner_cv"", ""thr"": 1.0}]",0.33,train: standards of analytes with no cell spectra; test: cell spectra
T2,native,std_to_cells,all@analyte,fg_indole,F3,plsda,auprc,1.0,1.0,1.0,,,,,20,20,657,9,inner_cv,"[{""fold"": ""standards->cells"", ""n"": 2, ""src"": ""inner_cv"", ""thr"": 1.0}]",0.33,train: standards of analytes with no cell spectra; test: cell spectra
T2,native,std_to_cells,all@analyte,fg_indole,F3,plsda,bal_acc,0.5,0.5,0.5,0.5,,,,20,20,657,9,inner_cv,"[{""fold"": ""standards->cells"", ""n"": 2, ""src"": ""inner_cv"", ""thr"": 1.0}]",0.33,train: standards of analytes with no cell spectra; test: cell spectra
T2,native,std_to_cells,all,fg_indole,F3,ncm,auroc,0.9912,0.9694,1.0,0.5,,,,590,20,648,9,inner_cv,"[{""fold"": ""standards->cells"", ""src"": ""inner_cv"", ""thr"": 0.002}]",0.31,train: standards of analytes with no cell spectra; test: cell spectra
T2,native,std_to_cells,all,fg_indole,F3,ncm,auprc,0.8014,0.669,1.0,0.0339,,,,590,20,648,9,inner_cv,"[{""fold"": ""standards->cells"", ""src"": ""inner_cv"", ""thr"": 0.002}]",0.31,train: standards of analytes with no cell spectra; test: cell spectra
T2,native,std_to_cells,all,fg_indole,F3,ncm,bal_acc,0.5,0.5,0.5,0.5,,,,590,20,648,9,inner_cv,"[{""fold"": ""standards->cells"", ""src"": ""inner_cv"", ""thr"": 0.002}]",0.31,train: standards of analytes with no cell spectra; test: cell spectra
T2,native,std_to_cells,all@analyte,fg_indole,F3,ncm,auroc,1.0,1.0,1.0,0.5,,,,20,20,657,9,inner_cv,"[{""fold"": ""standards->cells"", ""src"": ""inner_cv"", ""thr"": 0.002}]",0.31,train: standards of analytes with no cell spectra; test: cell spectra
T2,native,std_to_cells,all@analyte,fg_indole,F3,ncm,auprc,1.0,1.0,1.0,,,,,20,20,657,9,inner_cv,"[{""fold"": ""standards->cells"", ""src"": ""inner_cv"", ""thr"": 0.002}]",0.31,train: standards of analytes with no cell spectra; test: cell spectra
T2,native,std_to_cells,all@analyte,fg_indole,F3,ncm,bal_acc,0.5,0.5,0.5,0.5,,,,20,20,657,9,inner_cv,"[{""fold"": ""standards->cells"", ""src"": ""inner_cv"", ""thr"": 0.002}]",0.31,train: standards of analytes with no cell spectra; test: cell spectra
T2,native,std_to_cells,all,fg_indole,F3,hgb,auroc,0.5,0.5,0.5,0.5,,,,590,20,648,9,inner_cv,"[{""fold"": ""standards->cells"", ""src"": ""inner_cv"", ""thr"": 0.5}]",0.38,train: standards of analytes with no cell spectra; test: cell spectra
T2,native,std_to_cells,all,fg_indole,F3,hgb,auprc,0.0339,0.0317,0.1111,0.0339,,,,590,20,648,9,inner_cv,"[{""fold"": ""standards->cells"", ""src"": ""inner_cv"", ""thr"": 0.5}]",0.38,train: standards of analytes with no cell spectra; test: cell spectra
T2,native,std_to_cells,all,fg_indole,F3,hgb,bal_acc,0.5,0.5,0.5,0.5,,,,590,20,648,9,inner_cv,"[{""fold"": ""standards->cells"", ""src"": ""inner_cv"", ""thr"": 0.5}]",0.38,train: standards of analytes with no cell spectra; test: cell spectra
T2,native,std_to_cells,all@analyte,fg_indole,F3,hgb,auroc,0.5,0.5,0.5,0.5,,,,20,20,657,9,inner_cv,"[{""fold"": ""standards->cells"", ""src"": ""inner_cv"", ""thr"": 0.5}]",0.38,train: standards of analytes with no cell spectra; test: cell spectra
T2,native,std_to_cells,all@analyte,fg_indole,F3,hgb,auprc,0.05,0.05,0.15,,,,,20,20,657,9,inner_cv,"[{""fold"": ""standards->cells"", ""src"": ""inner_cv"", ""thr"": 0.5}]",0.38,train: standards of analytes with no cell spectra; test: cell spectra
T2,native,std_to_cells,all@analyte,fg_indole,F3,hgb,bal_acc,0.5,0.5,0.5,0.5,,,,20,20,657,9,inner_cv,"[{""fold"": ""standards->cells"", ""src"": ""inner_cv"", ""thr"": 0.5}]",0.38,train: standards of analytes with no cell spectra; test: cell spectra
T2,native,std_to_cells,all,fg_indole,F3,knn,auroc,0.536,0.5,0.5933,0.5,,,,590,20,648,9,inner_cv,"[{""fold"": ""standards->cells"", ""k"": 1, ""src"": ""inner_cv"", ""thr"": 0.0}]",0.25,train: standards of analytes with no cell spectra; test: cell spectra
T2,native,std_to_cells,all,fg_indole,F3,knn,auprc,0.0364,0.0332,0.1193,0.0339,,,,590,20,648,9,inner_cv,"[{""fold"": ""standards->cells"", ""k"": 1, ""src"": ""inner_cv"", ""thr"": 0.0}]",0.25,train: standards of analytes with no cell spectra; test: cell spectra
T2,native,std_to_cells,all,fg_indole,F3,knn,bal_acc,0.5,0.5,0.5,0.5,,,,590,20,648,9,inner_cv,"[{""fold"": ""standards->cells"", ""k"": 1, ""src"": ""inner_cv"", ""thr"": 0.0}]",0.25,train: standards of analytes with no cell spectra; test: cell spectra
T2,native,std_to_cells,all@analyte,fg_indole,F3,knn,auroc,0.5789,0.5,0.6725,0.5,,,,20,20,657,9,inner_cv,"[{""fold"": ""standards->cells"", ""k"": 1, ""src"": ""inner_cv"", ""thr"": 0.0}]",0.25,train: standards of analytes with no cell spectra; test: cell spectra
T2,native,std_to_cells,all@analyte,fg_indole,F3,knn,auprc,0.0588,0.0526,0.2,,,,,20,20,657,9,inner_cv,"[{""fold"": ""standards->cells"", ""k"": 1, ""src"": ""inner_cv"", ""thr"": 0.0}]",0.25,train: standards of analytes with no cell spectra; test: cell spectra
T2,native,std_to_cells,all@analyte,fg_indole,F3,knn,bal_acc,0.5,0.5,0.5,0.5,,,,20,20,657,9,inner_cv,"[{""fold"": ""standards->cells"", ""k"": 1, ""src"": ""inner_cv"", ""thr"": 0.0}]",0.25,train: standards of analytes with no cell spectra; test: cell spectra
T2,native,std_to_cells,all,fg_indole,F1.bg,majority,auroc,0.5,0.5,0.5,0.5,,,,590,20,648,9,fixed,"[{""fold"": ""standards->cells"", ""src"": ""fixed"", ""thr"": 0.5}]",0.36,train: standards of analytes with no cell spectra; test: cell spectra
T2,native,std_to_cells,all,fg_indole,F1.bg,majority,auprc,0.0339,0.0317,0.1111,0.0339,,,,590,20,648,9,fixed,"[{""fold"": ""standards->cells"", ""src"": ""fixed"", ""thr"": 0.5}]",0.36,train: standards of analytes with no cell spectra; test: cell spectra
T2,native,std_to_cells,all,fg_indole,F1.bg,majority,bal_acc,0.5,0.5,0.5,0.5,,,,590,20,648,9,fixed,"[{""fold"": ""standards->cells"", ""src"": ""fixed"", ""thr"": 0.5}]",0.36,train: standards of analytes with no cell spectra; test: cell spectra
T2,native,std_to_cells,all@analyte,fg_indole,F1.bg,majority,auroc,0.0526,0.0,0.1316,0.5,,,,20,20,657,9,fixed,"[{""fold"": ""standards->cells"", ""src"": ""fixed"", ""thr"": 0.5}]",0.36,train: standards of analytes with no cell spectra; test: cell spectra
T2,native,std_to_cells,all@analyte,fg_indole,F1.bg,majority,auprc,0.05,0.05,0.15,,,,,20,20,657,9,fixed,"[{""fold"": ""standards->cells"", ""src"": ""fixed"", ""thr"": 0.5}]",0.36,train: standards of analytes with no cell spectra; test: cell spectra
T2,native,std_to_cells,all@analyte,fg_indole,F1.bg,majority,bal_acc,0.5,0.5,0.5,0.5,,,,20,20,657,9,fixed,"[{""fold"": ""standards->cells"", ""src"": ""fixed"", ""thr"": 0.5}]",0.36,train: standards of analytes with no cell spectra; test: cell spectra
T2,native,std_to_cells,all,fg_indole,F1.bg,lr,auroc,0.7575,0.7185,0.7943,0.5,,,,590,20,648,9,inner_cv,"[{""fold"": ""standards->cells"", ""C"": 0.01, ""src"": ""inner_cv"", ""thr"": 0.442}]",0.36,train: standards of analytes with no cell spectra; test: cell spectra
T2,native,std_to_cells,all,fg_indole,F1.bg,lr,auprc,0.4912,0.42,0.6665,0.0339,,,,590,20,648,9,inner_cv,"[{""fold"": ""standards->cells"", ""C"": 0.01, ""src"": ""inner_cv"", ""thr"": 0.442}]",0.36,train: standards of analytes with no cell spectra; test: cell spectra
T2,native,std_to_cells,all,fg_indole,F1.bg,lr,bal_acc,0.5,0.5,0.5,0.5,,,,590,20,648,9,inner_cv,"[{""fold"": ""standards->cells"", ""C"": 0.01, ""src"": ""inner_cv"", ""thr"": 0.442}]",0.36,train: standards of analytes with no cell spectra; test: cell spectra
T2,native,std_to_cells,all@analyte,fg_indole,F1.bg,lr,auroc,1.0,1.0,1.0,0.5,,,,20,20,657,9,inner_cv,"[{""fold"": ""standards->cells"", ""C"": 0.01, ""src"": ""inner_cv"", ""thr"": 0.442}]",0.36,train: standards of analytes with no cell spectra; test: cell spectra
T2,native,std_to_cells,all@analyte,fg_indole,F1.bg,lr,auprc,1.0,1.0,1.0,,,,,20,20,657,9,inner_cv,"[{""fold"": ""standards->cells"", ""C"": 0.01, ""src"": ""inner_cv"", ""thr"": 0.442}]",0.36,train: standards of analytes with no cell spectra; test: cell spectra
T2,native,std_to_cells,all@analyte,fg_indole,F1.bg,lr,bal_acc,0.5,0.5,0.5,0.5,,,,20,20,657,9,inner_cv,"[{""fold"": ""standards->cells"", ""C"": 0.01, ""src"": ""inner_cv"", ""thr"": 0.442}]",0.36,train: standards of analytes with no cell spectra; test: cell spectra
T2,native,std_to_cells,all,fg_indole,F1.bg,pca_lr,auroc,0.7961,0.7614,0.8316,0.5,,,,590,20,648,9,inner_cv,"[{""fold"": ""standards->cells"", ""C"": 0.01, ""src"": ""inner_cv"", ""thr"": 0.442}]",0.33,train: standards of analytes with no cell spectra; test: cell spectra
T2,native,std_to_cells,all,fg_indole,F1.bg,pca_lr,auprc,0.4725,0.3944,0.6763,0.0339,,,,590,20,648,9,inner_cv,"[{""fold"": ""standards->cells"", ""C"": 0.01, ""src"": ""inner_cv"", ""thr"": 0.442}]",0.33,train: standards of analytes with no cell spectra; test: cell spectra
T2,native,std_to_cells,all,fg_indole,F1.bg,pca_lr,bal_acc,0.5,0.5,0.5,0.5,,,,590,20,648,9,inner_cv,"[{""fold"": ""standards->cells"", ""C"": 0.01, ""src"": ""inner_cv"", ""thr"": 0.442}]",0.33,train: standards of analytes with no cell spectra; test: cell spectra
T2,native,std_to_cells,all@analyte,fg_indole,F1.bg,pca_lr,auroc,1.0,1.0,1.0,0.5,,,,20,20,657,9,inner_cv,"[{""fold"": ""standards->cells"", ""C"": 0.01, ""src"": ""inner_cv"", ""thr"": 0.442}]",0.33,train: standards of analytes with no cell spectra; test: cell spectra
T2,native,std_to_cells,all@analyte,fg_indole,F1.bg,pca_lr,auprc,1.0,1.0,1.0,,,,,20,20,657,9,inner_cv,"[{""fold"": ""standards->cells"", ""C"": 0.01, ""src"": ""inner_cv"", ""thr"": 0.442}]",0.33,train: standards of analytes with no cell spectra; test: cell spectra
T2,native,std_to_cells,all@analyte,fg_indole,F1.bg,pca_lr,bal_acc,0.5,0.5,0.5,0.5,,,,20,20,657,9,inner_cv,"[{""fold"": ""standards->cells"", ""C"": 0.01, ""src"": ""inner_cv"", ""thr"": 0.442}]",0.33,train: standards of analytes with no cell spectra; test: cell spectra
T2,native,std_to_cells,all,fg_indole,F1.bg,plsda,auroc,0.7937,0.7656,0.8207,0.5,,,,590,20,648,9,inner_cv,"[{""fold"": ""standards->cells"", ""n"": 2, ""src"": ""inner_cv"", ""thr"": 0.0}]",0.32,train: standards of analytes with no cell spectra; test: cell spectra
T2,native,std_to_cells,all,fg_indole,F1.bg,plsda,auprc,0.4262,0.3725,0.6136,0.0339,,,,590,20,648,9,inner_cv,"[{""fold"": ""standards->cells"", ""n"": 2, ""src"": ""inner_cv"", ""thr"": 0.0}]",0.32,train: standards of analytes with no cell spectra; test: cell spectra
T2,native,std_to_cells,all,fg_indole,F1.bg,plsda,bal_acc,0.5,0.5,0.5,0.5,,,,590,20,648,9,inner_cv,"[{""fold"": ""standards->cells"", ""n"": 2, ""src"": ""inner_cv"", ""thr"": 0.0}]",0.32,train: standards of analytes with no cell spectra; test: cell spectra
T2,native,std_to_cells,all@analyte,fg_indole,F1.bg,plsda,auroc,1.0,1.0,1.0,0.5,,,,20,20,657,9,inner_cv,"[{""fold"": ""standards->cells"", ""n"": 2, ""src"": ""inner_cv"", ""thr"": 0.0}]",0.32,train: standards of analytes with no cell spectra; test: cell spectra
T2,native,std_to_cells,all@analyte,fg_indole,F1.bg,plsda,auprc,1.0,1.0,1.0,,,,,20,20,657,9,inner_cv,"[{""fold"": ""standards->cells"", ""n"": 2, ""src"": ""inner_cv"", ""thr"": 0.0}]",0.32,train: standards of analytes with no cell spectra; test: cell spectra
T2,native,std_to_cells,all@analyte,fg_indole,F1.bg,plsda,bal_acc,0.5,0.5,0.5,0.5,,,,20,20,657,9,inner_cv,"[{""fold"": ""standards->cells"", ""n"": 2, ""src"": ""inner_cv"", ""thr"": 0.0}]",0.32,train: standards of analytes with no cell spectra; test: cell spectra
T2,native,std_to_cells,all,fg_indole,F1.bg,ncm,auroc,0.9896,0.9636,1.0,0.5,,,,590,20,648,9,inner_cv,"[{""fold"": ""standards->cells"", ""src"": ""inner_cv"", ""thr"": 0.8209}]",0.41,train: standards of analytes with no cell spectra; test: cell spectra
T2,native,std_to_cells,all,fg_indole,F1.bg,ncm,auprc,0.742,0.5709,1.0,0.0339,,,,590,20,648,9,inner_cv,"[{""fold"": ""standards->cells"", ""src"": ""inner_cv"", ""thr"": 0.8209}]",0.41,train: standards of analytes with no cell spectra; test: cell spectra
T2,native,std_to_cells,all,fg_indole,F1.bg,ncm,bal_acc,0.6732,0.6689,0.675,0.5,,,,590,20,648,9,inner_cv,"[{""fold"": ""standards->cells"", ""src"": ""inner_cv"", ""thr"": 0.8209}]",0.41,train: standards of analytes with no cell spectra; test: cell spectra
T2,native,std_to_cells,all@analyte,fg_indole,F1.bg,ncm,auroc,1.0,1.0,1.0,0.5,,,,20,20,657,9,inner_cv,"[{""fold"": ""standards->cells"", ""src"": ""inner_cv"", ""thr"": 0.8209}]",0.41,train: standards of analytes with no cell spectra; test: cell spectra
T2,native,std_to_cells,all@analyte,fg_indole,F1.bg,ncm,auprc,1.0,1.0,1.0,,,,,20,20,657,9,inner_cv,"[{""fold"": ""standards->cells"", ""src"": ""inner_cv"", ""thr"": 0.8209}]",0.41,train: standards of analytes with no cell spectra; test: cell spectra
T2,native,std_to_cells,all@analyte,fg_indole,F1.bg,ncm,bal_acc,0.5,0.5,0.5,0.5,,,,20,20,657,9,inner_cv,"[{""fold"": ""standards->cells"", ""src"": ""inner_cv"", ""thr"": 0.8209}]",0.41,train: standards of analytes with no cell spectra; test: cell spectra
T2,native,std_to_cells,all,fg_indole,F1.bg,hgb,auroc,0.5,0.5,0.5,0.5,,,,590,20,648,9,inner_cv,"[{""fold"": ""standards->cells"", ""src"": ""inner_cv"", ""thr"": 0.5}]",0.33,train: standards of analytes with no cell spectra; test: cell spectra
T2,native,std_to_cells,all,fg_indole,F1.bg,hgb,auprc,0.0339,0.0317,0.1111,0.0339,,,,590,20,648,9,inner_cv,"[{""fold"": ""standards->cells"", ""src"": ""inner_cv"", ""thr"": 0.5}]",0.33,train: standards of analytes with no cell spectra; test: cell spectra
T2,native,std_to_cells,all,fg_indole,F1.bg,hgb,bal_acc,0.5,0.5,0.5,0.5,,,,590,20,648,9,inner_cv,"[{""fold"": ""standards->cells"", ""src"": ""inner_cv"", ""thr"": 0.5}]",0.33,train: standards of analytes with no cell spectra; test: cell spectra
T2,native,std_to_cells,all@analyte,fg_indole,F1.bg,hgb,auroc,0.5,0.5,0.5,0.5,,,,20,20,657,9,inner_cv,"[{""fold"": ""standards->cells"", ""src"": ""inner_cv"", ""thr"": 0.5}]",0.33,train: standards of analytes with no cell spectra; test: cell spectra
T2,native,std_to_cells,all@analyte,fg_indole,F1.bg,hgb,auprc,0.05,0.05,0.15,,,,,20,20,657,9,inner_cv,"[{""fold"": ""standards->cells"", ""src"": ""inner_cv"", ""thr"": 0.5}]",0.33,train: standards of analytes with no cell spectra; test: cell spectra
T2,native,std_to_cells,all@analyte,fg_indole,F1.bg,hgb,bal_acc,0.5,0.5,0.5,0.5,,,,20,20,657,9,inner_cv,"[{""fold"": ""standards->cells"", ""src"": ""inner_cv"", ""thr"": 0.5}]",0.33,train: standards of analytes with no cell spectra; test: cell spectra
T2,native,std_to_cells,all,fg_indole,F1.bg,knn,auroc,0.5632,0.5359,0.5906,0.5,,,,590,20,648,9,inner_cv,"[{""fold"": ""standards->cells"", ""k"": 1, ""src"": ""inner_cv"", ""thr"": 0.0}]",0.28,train: standards of analytes with no cell spectra; test: cell spectra
T2,native,std_to_cells,all,fg_indole,F1.bg,knn,auprc,0.0386,0.0362,0.1238,0.0339,,,,590,20,648,9,inner_cv,"[{""fold"": ""standards->cells"", ""k"": 1, ""src"": ""inner_cv"", ""thr"": 0.0}]",0.28,train: standards of analytes with no cell spectra; test: cell spectra
T2,native,std_to_cells,all,fg_indole,F1.bg,knn,bal_acc,0.5,0.5,0.5,0.5,,,,590,20,648,9,inner_cv,"[{""fold"": ""standards->cells"", ""k"": 1, ""src"": ""inner_cv"", ""thr"": 0.0}]",0.28,train: standards of analytes with no cell spectra; test: cell spectra
T2,native,std_to_cells,all@analyte,fg_indole,F1.bg,knn,auroc,0.8947,0.7895,0.9737,0.5,,,,20,20,657,9,inner_cv,"[{""fold"": ""standards->cells"", ""k"": 1, ""src"": ""inner_cv"", ""thr"": 0.0}]",0.28,train: standards of analytes with no cell spectra; test: cell spectra
T2,native,std_to_cells,all@analyte,fg_indole,F1.bg,knn,auprc,0.2,0.1111,0.75,,,,,20,20,657,9,inner_cv,"[{""fold"": ""standards->cells"", ""k"": 1, ""src"": ""inner_cv"", ""thr"": 0.0}]",0.28,train: standards of analytes with no cell spectra; test: cell spectra
T2,native,std_to_cells,all@analyte,fg_indole,F1.bg,knn,bal_acc,0.5,0.5,0.5,0.5,,,,20,20,657,9,inner_cv,"[{""fold"": ""standards->cells"", ""k"": 1, ""src"": ""inner_cv"", ""thr"": 0.0}]",0.28,train: standards of analytes with no cell spectra; test: cell spectra
T2,native,std_to_cells,all,fg_indole,F3.bg,majority,auroc,0.5,0.5,0.5,0.5,,,,590,20,648,9,fixed,"[{""fold"": ""standards->cells"", ""src"": ""fixed"", ""thr"": 0.5}]",0.27,train: standards of analytes with no cell spectra; test: cell spectra
T2,native,std_to_cells,all,fg_indole,F3.bg,majority,auprc,0.0339,0.0317,0.1111,0.0339,,,,590,20,648,9,fixed,"[{""fold"": ""standards->cells"", ""src"": ""fixed"", ""thr"": 0.5}]",0.27,train: standards of analytes with no cell spectra; test: cell spectra
T2,native,std_to_cells,all,fg_indole,F3.bg,majority,bal_acc,0.5,0.5,0.5,0.5,,,,590,20,648,9,fixed,"[{""fold"": ""standards->cells"", ""src"": ""fixed"", ""thr"": 0.5}]",0.27,train: standards of analytes with no cell spectra; test: cell spectra
T2,native,std_to_cells,all@analyte,fg_indole,F3.bg,majority,auroc,0.0526,0.0,0.1316,0.5,,,,20,20,657,9,fixed,"[{""fold"": ""standards->cells"", ""src"": ""fixed"", ""thr"": 0.5}]",0.27,train: standards of analytes with no cell spectra; test: cell spectra
T2,native,std_to_cells,all@analyte,fg_indole,F3.bg,majority,auprc,0.05,0.05,0.15,,,,,20,20,657,9,fixed,"[{""fold"": ""standards->cells"", ""src"": ""fixed"", ""thr"": 0.5}]",0.27,train: standards of analytes with no cell spectra; test: cell spectra
T2,native,std_to_cells,all@analyte,fg_indole,F3.bg,majority,bal_acc,0.5,0.5,0.5,0.5,,,,20,20,657,9,fixed,"[{""fold"": ""standards->cells"", ""src"": ""fixed"", ""thr"": 0.5}]",0.27,train: standards of analytes with no cell spectra; test: cell spectra
T2,native,std_to_cells,all,fg_indole,F3.bg,lr,auroc,0.4626,0.4082,0.5217,0.5,,,,590,20,648,9,inner_cv,"[{""fold"": ""standards->cells"", ""C"": 1.0, ""src"": ""inner_cv"", ""thr"": 1.0}]",0.42,train: standards of analytes with no cell spectra; test: cell spectra
T2,native,std_to_cells,all,fg_indole,F3.bg,lr,auprc,0.0435,0.0343,0.1862,0.0339,,,,590,20,648,9,inner_cv,"[{""fold"": ""standards->cells"", ""C"": 1.0, ""src"": ""inner_cv"", ""thr"": 1.0}]",0.42,train: standards of analytes with no cell spectra; test: cell spectra
T2,native,std_to_cells,all,fg_indole,F3.bg,lr,bal_acc,0.5,0.5,0.5,0.5,,,,590,20,648,9,inner_cv,"[{""fold"": ""standards->cells"", ""C"": 1.0, ""src"": ""inner_cv"", ""thr"": 1.0}]",0.42,train: standards of analytes with no cell spectra; test: cell spectra
T2,native,std_to_cells,all@analyte,fg_indole,F3.bg,lr,auroc,0.2632,0.0556,0.4709,0.5,,,,20,20,657,9,inner_cv,"[{""fold"": ""standards->cells"", ""C"": 1.0, ""src"": ""inner_cv"", ""thr"": 1.0}]",0.42,train: standards of analytes with no cell spectra; test: cell spectra
T2,native,std_to_cells,all@analyte,fg_indole,F3.bg,lr,auprc,0.0667,0.0556,0.2143,,,,,20,20,657,9,inner_cv,"[{""fold"": ""standards->cells"", ""C"": 1.0, ""src"": ""inner_cv"", ""thr"": 1.0}]",0.42,train: standards of analytes with no cell spectra; test: cell spectra
T2,native,std_to_cells,all@analyte,fg_indole,F3.bg,lr,bal_acc,0.5,0.5,0.5,0.5,,,,20,20,657,9,inner_cv,"[{""fold"": ""standards->cells"", ""C"": 1.0, ""src"": ""inner_cv"", ""thr"": 1.0}]",0.42,train: standards of analytes with no cell spectra; test: cell spectra
T2,native,std_to_cells,all,fg_indole,F3.bg,pca_lr,auroc,0.9875,0.9585,1.0,0.5,,,,590,20,648,9,inner_cv,"[{""fold"": ""standards->cells"", ""C"": 10.0, ""src"": ""inner_cv"", ""thr"": 1.0}]",0.33,train: standards of analytes with no cell spectra; test: cell spectra
T2,native,std_to_cells,all,fg_indole,F3.bg,pca_lr,auprc,0.6195,0.376,1.0,0.0339,,,,590,20,648,9,inner_cv,"[{""fold"": ""standards->cells"", ""C"": 10.0, ""src"": ""inner_cv"", ""thr"": 1.0}]",0.33,train: standards of analytes with no cell spectra; test: cell spectra
T2,native,std_to_cells,all,fg_indole,F3.bg,pca_lr,bal_acc,0.5,0.5,0.5,0.5,,,,590,20,648,9,inner_cv,"[{""fold"": ""standards->cells"", ""C"": 10.0, ""src"": ""inner_cv"", ""thr"": 1.0}]",0.33,train: standards of analytes with no cell spectra; test: cell spectra
T2,native,std_to_cells,all@analyte,fg_indole,F3.bg,pca_lr,auroc,1.0,1.0,1.0,0.5,,,,20,20,657,9,inner_cv,"[{""fold"": ""standards->cells"", ""C"": 10.0, ""src"": ""inner_cv"", ""thr"": 1.0}]",0.33,train: standards of analytes with no cell spectra; test: cell spectra
T2,native,std_to_cells,all@analyte,fg_indole,F3.bg,pca_lr,auprc,1.0,1.0,1.0,,,,,20,20,657,9,inner_cv,"[{""fold"": ""standards->cells"", ""C"": 10.0, ""src"": ""inner_cv"", ""thr"": 1.0}]",0.33,train: standards of analytes with no cell spectra; test: cell spectra
T2,native,std_to_cells,all@analyte,fg_indole,F3.bg,pca_lr,bal_acc,0.5,0.5,0.5,0.5,,,,20,20,657,9,inner_cv,"[{""fold"": ""standards->cells"", ""C"": 10.0, ""src"": ""inner_cv"", ""thr"": 1.0}]",0.33,train: standards of analytes with no cell spectra; test: cell spectra
T2,native,std_to_cells,all,fg_indole,F3.bg,plsda,auroc,0.8721,0.805,0.9249,0.5,,,,590,20,648,9,inner_cv,"[{""fold"": ""standards->cells"", ""n"": 2, ""src"": ""inner_cv"", ""thr"": 1.0}]",0.29,train: standards of analytes with no cell spectra; test: cell spectra
T2,native,std_to_cells,all,fg_indole,F3.bg,plsda,auprc,0.1715,0.1067,0.6338,0.0339,,,,590,20,648,9,inner_cv,"[{""fold"": ""standards->cells"", ""n"": 2, ""src"": ""inner_cv"", ""thr"": 1.0}]",0.29,train: standards of analytes with no cell spectra; test: cell spectra
T2,native,std_to_cells,all,fg_indole,F3.bg,plsda,bal_acc,0.5,0.5,0.5,0.5,,,,590,20,648,9,inner_cv,"[{""fold"": ""standards->cells"", ""n"": 2, ""src"": ""inner_cv"", ""thr"": 1.0}]",0.29,train: standards of analytes with no cell spectra; test: cell spectra
T2,native,std_to_cells,all@analyte,fg_indole,F3.bg,plsda,auroc,1.0,1.0,1.0,0.5,,,,20,20,657,9,inner_cv,"[{""fold"": ""standards->cells"", ""n"": 2, ""src"": ""inner_cv"", ""thr"": 1.0}]",0.29,train: standards of analytes with no cell spectra; test: cell spectra
T2,native,std_to_cells,all@analyte,fg_indole,F3.bg,plsda,auprc,1.0,1.0,1.0,,,,,20,20,657,9,inner_cv,"[{""fold"": ""standards->cells"", ""n"": 2, ""src"": ""inner_cv"", ""thr"": 1.0}]",0.29,train: standards of analytes with no cell spectra; test: cell spectra
T2,native,std_to_cells,all@analyte,fg_indole,F3.bg,plsda,bal_acc,0.5,0.5,0.5,0.5,,,,20,20,657,9,inner_cv,"[{""fold"": ""standards->cells"", ""n"": 2, ""src"": ""inner_cv"", ""thr"": 1.0}]",0.29,train: standards of analytes with no cell spectra; test: cell spectra
T2,native,std_to_cells,all,fg_indole,F3.bg,ncm,auroc,0.9912,0.9694,1.0,0.5,,,,590,20,648,9,inner_cv,"[{""fold"": ""standards->cells"", ""src"": ""inner_cv"", ""thr"": 0.002}]",0.35,train: standards of analytes with no cell spectra; test: cell spectra
T2,native,std_to_cells,all,fg_indole,F3.bg,ncm,auprc,0.8014,0.669,1.0,0.0339,,,,590,20,648,9,inner_cv,"[{""fold"": ""standards->cells"", ""src"": ""inner_cv"", ""thr"": 0.002}]",0.35,train: standards of analytes with no cell spectra; test: cell spectra
T2,native,std_to_cells,all,fg_indole,F3.bg,ncm,bal_acc,0.6447,0.5774,0.7091,0.5,,,,590,20,648,9,inner_cv,"[{""fold"": ""standards->cells"", ""src"": ""inner_cv"", ""thr"": 0.002}]",0.35,train: standards of analytes with no cell spectra; test: cell spectra
T2,native,std_to_cells,all@analyte,fg_indole,F3.bg,ncm,auroc,1.0,1.0,1.0,0.5,,,,20,20,657,9,inner_cv,"[{""fold"": ""standards->cells"", ""src"": ""inner_cv"", ""thr"": 0.002}]",0.35,train: standards of analytes with no cell spectra; test: cell spectra
T2,native,std_to_cells,all@analyte,fg_indole,F3.bg,ncm,auprc,1.0,1.0,1.0,,,,,20,20,657,9,inner_cv,"[{""fold"": ""standards->cells"", ""src"": ""inner_cv"", ""thr"": 0.002}]",0.35,train: standards of analytes with no cell spectra; test: cell spectra
T2,native,std_to_cells,all@analyte,fg_indole,F3.bg,ncm,bal_acc,0.6316,0.5278,0.7368,0.5,,,,20,20,657,9,inner_cv,"[{""fold"": ""standards->cells"", ""src"": ""inner_cv"", ""thr"": 0.002}]",0.35,train: standards of analytes with no cell spectra; test: cell spectra
T2,native,std_to_cells,all,fg_indole,F3.bg,hgb,auroc,0.5,0.5,0.5,0.5,,,,590,20,648,9,inner_cv,"[{""fold"": ""standards->cells"", ""src"": ""inner_cv"", ""thr"": 0.5}]",0.39,train: standards of analytes with no cell spectra; test: cell spectra
T2,native,std_to_cells,all,fg_indole,F3.bg,hgb,auprc,0.0339,0.0317,0.1111,0.0339,,,,590,20,648,9,inner_cv,"[{""fold"": ""standards->cells"", ""src"": ""inner_cv"", ""thr"": 0.5}]",0.39,train: standards of analytes with no cell spectra; test: cell spectra
T2,native,std_to_cells,all,fg_indole,F3.bg,hgb,bal_acc,0.5,0.5,0.5,0.5,,,,590,20,648,9,inner_cv,"[{""fold"": ""standards->cells"", ""src"": ""inner_cv"", ""thr"": 0.5}]",0.39,train: standards of analytes with no cell spectra; test: cell spectra
T2,native,std_to_cells,all@analyte,fg_indole,F3.bg,hgb,auroc,0.5,0.5,0.5,0.5,,,,20,20,657,9,inner_cv,"[{""fold"": ""standards->cells"", ""src"": ""inner_cv"", ""thr"": 0.5}]",0.39,train: standards of analytes with no cell spectra; test: cell spectra
T2,native,std_to_cells,all@analyte,fg_indole,F3.bg,hgb,auprc,0.05,0.05,0.15,,,,,20,20,657,9,inner_cv,"[{""fold"": ""standards->cells"", ""src"": ""inner_cv"", ""thr"": 0.5}]",0.39,train: standards of analytes with no cell spectra; test: cell spectra
T2,native,std_to_cells,all@analyte,fg_indole,F3.bg,hgb,bal_acc,0.5,0.5,0.5,0.5,,,,20,20,657,9,inner_cv,"[{""fold"": ""standards->cells"", ""src"": ""inner_cv"", ""thr"": 0.5}]",0.39,train: standards of analytes with no cell spectra; test: cell spectra
T2,native,std_to_cells,all,fg_indole,F3.bg,knn,auroc,0.55,0.5179,0.593,0.5,,,,590,20,648,9,inner_cv,"[{""fold"": ""standards->cells"", ""k"": 1, ""src"": ""inner_cv"", ""thr"": 0.0}]",0.29,train: standards of analytes with no cell spectra; test: cell spectra
T2,native,std_to_cells,all,fg_indole,F3.bg,knn,auprc,0.0375,0.034,0.1234,0.0339,,,,590,20,648,9,inner_cv,"[{""fold"": ""standards->cells"", ""k"": 1, ""src"": ""inner_cv"", ""thr"": 0.0}]",0.29,train: standards of analytes with no cell spectra; test: cell spectra
T2,native,std_to_cells,all,fg_indole,F3.bg,knn,bal_acc,0.5,0.5,0.5,0.5,,,,590,20,648,9,inner_cv,"[{""fold"": ""standards->cells"", ""k"": 1, ""src"": ""inner_cv"", ""thr"": 0.0}]",0.29,train: standards of analytes with no cell spectra; test: cell spectra
T2,native,std_to_cells,all@analyte,fg_indole,F3.bg,knn,auroc,0.6842,0.5789,0.8056,0.5,,,,20,20,657,9,inner_cv,"[{""fold"": ""standards->cells"", ""k"": 1, ""src"": ""inner_cv"", ""thr"": 0.0}]",0.29,train: standards of analytes with no cell spectra; test: cell spectra
T2,native,std_to_cells,all@analyte,fg_indole,F3.bg,knn,auprc,0.0769,0.0588,0.2727,,,,,20,20,657,9,inner_cv,"[{""fold"": ""standards->cells"", ""k"": 1, ""src"": ""inner_cv"", ""thr"": 0.0}]",0.29,train: standards of analytes with no cell spectra; test: cell spectra
T2,native,std_to_cells,all@analyte,fg_indole,F3.bg,knn,bal_acc,0.5,0.5,0.5,0.5,,,,20,20,657,9,inner_cv,"[{""fold"": ""standards->cells"", ""k"": 1, ""src"": ""inner_cv"", ""thr"": 0.0}]",0.29,train: standards of analytes with no cell spectra; test: cell spectra
T2,native,std_to_cells,all,fg_indole,F3.d1,majority,auroc,0.5,0.5,0.5,0.5,,,,590,20,648,9,fixed,"[{""fold"": ""standards->cells"", ""src"": ""fixed"", ""thr"": 0.5}]",0.33,train: standards of analytes with no cell spectra; test: cell spectra
T2,native,std_to_cells,all,fg_indole,F3.d1,majority,auprc,0.0339,0.0317,0.1111,0.0339,,,,590,20,648,9,fixed,"[{""fold"": ""standards->cells"", ""src"": ""fixed"", ""thr"": 0.5}]",0.33,train: standards of analytes with no cell spectra; test: cell spectra
T2,native,std_to_cells,all,fg_indole,F3.d1,majority,bal_acc,0.5,0.5,0.5,0.5,,,,590,20,648,9,fixed,"[{""fold"": ""standards->cells"", ""src"": ""fixed"", ""thr"": 0.5}]",0.33,train: standards of analytes with no cell spectra; test: cell spectra
T2,native,std_to_cells,all@analyte,fg_indole,F3.d1,majority,auroc,0.0526,0.0,0.1316,0.5,,,,20,20,657,9,fixed,"[{""fold"": ""standards->cells"", ""src"": ""fixed"", ""thr"": 0.5}]",0.33,train: standards of analytes with no cell spectra; test: cell spectra
T2,native,std_to_cells,all@analyte,fg_indole,F3.d1,majority,auprc,0.05,0.05,0.15,,,,,20,20,657,9,fixed,"[{""fold"": ""standards->cells"", ""src"": ""fixed"", ""thr"": 0.5}]",0.33,train: standards of analytes with no cell spectra; test: cell spectra
T2,native,std_to_cells,all@analyte,fg_indole,F3.d1,majority,bal_acc,0.5,0.5,0.5,0.5,,,,20,20,657,9,fixed,"[{""fold"": ""standards->cells"", ""src"": ""fixed"", ""thr"": 0.5}]",0.33,train: standards of analytes with no cell spectra; test: cell spectra
T2,native,std_to_cells,all,fg_indole,F3.d1,lr,auroc,0.6334,0.6001,0.6716,0.5,,,,590,20,648,9,inner_cv,"[{""fold"": ""standards->cells"", ""C"": 0.01, ""src"": ""inner_cv"", ""thr"": 0.2248}]",0.37,train: standards of analytes with no cell spectra; test: cell spectra
T2,native,std_to_cells,all,fg_indole,F3.d1,lr,auprc,0.4551,0.4407,0.5238,0.0339,,,,590,20,648,9,inner_cv,"[{""fold"": ""standards->cells"", ""C"": 0.01, ""src"": ""inner_cv"", ""thr"": 0.2248}]",0.37,train: standards of analytes with no cell spectra; test: cell spectra
T2,native,std_to_cells,all,fg_indole,F3.d1,lr,bal_acc,0.5,0.5,0.5,0.5,,,,590,20,648,9,inner_cv,"[{""fold"": ""standards->cells"", ""C"": 0.01, ""src"": ""inner_cv"", ""thr"": 0.2248}]",0.37,train: standards of analytes with no cell spectra; test: cell spectra
T2,native,std_to_cells,all@analyte,fg_indole,F3.d1,lr,auroc,0.9474,0.8333,1.0,0.5,,,,20,20,657,9,inner_cv,"[{""fold"": ""standards->cells"", ""C"": 0.01, ""src"": ""inner_cv"", ""thr"": 0.2248}]",0.37,train: standards of analytes with no cell spectra; test: cell spectra
T2,native,std_to_cells,all@analyte,fg_indole,F3.d1,lr,auprc,0.5,0.25,1.0,,,,,20,20,657,9,inner_cv,"[{""fold"": ""standards->cells"", ""C"": 0.01, ""src"": ""inner_cv"", ""thr"": 0.2248}]",0.37,train: standards of analytes with no cell spectra; test: cell spectra
T2,native,std_to_cells,all@analyte,fg_indole,F3.d1,lr,bal_acc,0.5,0.5,0.5,0.5,,,,20,20,657,9,inner_cv,"[{""fold"": ""standards->cells"", ""C"": 0.01, ""src"": ""inner_cv"", ""thr"": 0.2248}]",0.37,train: standards of analytes with no cell spectra; test: cell spectra
T2,native,std_to_cells,all,fg_indole,F3.d1,pca_lr,auroc,0.987,0.9636,0.9986,0.5,,,,590,20,648,9,inner_cv,"[{""fold"": ""standards->cells"", ""C"": 0.01, ""src"": ""inner_cv"", ""thr"": 0.2248}]",0.41,train: standards of analytes with no cell spectra; test: cell spectra
T2,native,std_to_cells,all,fg_indole,F3.d1,pca_lr,auprc,0.7619,0.6539,0.9815,0.0339,,,,590,20,648,9,inner_cv,"[{""fold"": ""standards->cells"", ""C"": 0.01, ""src"": ""inner_cv"", ""thr"": 0.2248}]",0.41,train: standards of analytes with no cell spectra; test: cell spectra
T2,native,std_to_cells,all,fg_indole,F3.d1,pca_lr,bal_acc,0.5,0.5,0.5,0.5,,,,590,20,648,9,inner_cv,"[{""fold"": ""standards->cells"", ""C"": 0.01, ""src"": ""inner_cv"", ""thr"": 0.2248}]",0.41,train: standards of analytes with no cell spectra; test: cell spectra
T2,native,std_to_cells,all@analyte,fg_indole,F3.d1,pca_lr,auroc,1.0,1.0,1.0,0.5,,,,20,20,657,9,inner_cv,"[{""fold"": ""standards->cells"", ""C"": 0.01, ""src"": ""inner_cv"", ""thr"": 0.2248}]",0.41,train: standards of analytes with no cell spectra; test: cell spectra
T2,native,std_to_cells,all@analyte,fg_indole,F3.d1,pca_lr,auprc,1.0,1.0,1.0,,,,,20,20,657,9,inner_cv,"[{""fold"": ""standards->cells"", ""C"": 0.01, ""src"": ""inner_cv"", ""thr"": 0.2248}]",0.41,train: standards of analytes with no cell spectra; test: cell spectra
T2,native,std_to_cells,all@analyte,fg_indole,F3.d1,pca_lr,bal_acc,0.5,0.5,0.5,0.5,,,,20,20,657,9,inner_cv,"[{""fold"": ""standards->cells"", ""C"": 0.01, ""src"": ""inner_cv"", ""thr"": 0.2248}]",0.41,train: standards of analytes with no cell spectra; test: cell spectra
T2,native,std_to_cells,all,fg_indole,F3.d1,plsda,auroc,0.6068,0.547,0.6578,0.5,,,,590,20,648,9,inner_cv,"[{""fold"": ""standards->cells"", ""n"": 2, ""src"": ""inner_cv"", ""thr"": 0.1759}]",0.34,train: standards of analytes with no cell spectra; test: cell spectra
T2,native,std_to_cells,all,fg_indole,F3.d1,plsda,auprc,0.1281,0.0782,0.4686,0.0339,,,,590,20,648,9,inner_cv,"[{""fold"": ""standards->cells"", ""n"": 2, ""src"": ""inner_cv"", ""thr"": 0.1759}]",0.34,train: standards of analytes with no cell spectra; test: cell spectra
T2,native,std_to_cells,all,fg_indole,F3.d1,plsda,bal_acc,0.5,0.5,0.5,0.5,,,,590,20,648,9,inner_cv,"[{""fold"": ""standards->cells"", ""n"": 2, ""src"": ""inner_cv"", ""thr"": 0.1759}]",0.34,train: standards of analytes with no cell spectra; test: cell spectra
T2,native,std_to_cells,all@analyte,fg_indole,F3.d1,plsda,auroc,0.9474,0.8333,1.0,0.5,,,,20,20,657,9,inner_cv,"[{""fold"": ""standards->cells"", ""n"": 2, ""src"": ""inner_cv"", ""thr"": 0.1759}]",0.34,train: standards of analytes with no cell spectra; test: cell spectra
T2,native,std_to_cells,all@analyte,fg_indole,F3.d1,plsda,auprc,0.5,0.25,1.0,,,,,20,20,657,9,inner_cv,"[{""fold"": ""standards->cells"", ""n"": 2, ""src"": ""inner_cv"", ""thr"": 0.1759}]",0.34,train: standards of analytes with no cell spectra; test: cell spectra
T2,native,std_to_cells,all@analyte,fg_indole,F3.d1,plsda,bal_acc,0.5,0.5,0.5,0.5,,,,20,20,657,9,inner_cv,"[{""fold"": ""standards->cells"", ""n"": 2, ""src"": ""inner_cv"", ""thr"": 0.1759}]",0.34,train: standards of analytes with no cell spectra; test: cell spectra
T2,native,std_to_cells,all,fg_indole,F3.d1,ncm,auroc,0.9934,0.9777,1.0,0.5,0.4825,1000,0.4819,590,20,648,9,inner_cv,"[{""fold"": ""standards->cells"", ""src"": ""inner_cv"", ""thr"": 0.6147}]",0.29,train: standards of analytes with no cell spectra; test: cell spectra
T2,native,std_to_cells,all,fg_indole,F3.d1,ncm,auprc,0.8509,0.732,1.0,0.0339,,,,590,20,648,9,inner_cv,"[{""fold"": ""standards->cells"", ""src"": ""inner_cv"", ""thr"": 0.6147}]",0.29,train: standards of analytes with no cell spectra; test: cell spectra
T2,native,std_to_cells,all,fg_indole,F3.d1,ncm,bal_acc,0.9114,0.8545,0.9633,0.5,,,,590,20,648,9,inner_cv,"[{""fold"": ""standards->cells"", ""src"": ""inner_cv"", ""thr"": 0.6147}]",0.29,train: standards of analytes with no cell spectra; test: cell spectra
T2,native,std_to_cells,all@analyte,fg_indole,F3.d1,ncm,auroc,1.0,1.0,1.0,0.5,,,,20,20,657,9,inner_cv,"[{""fold"": ""standards->cells"", ""src"": ""inner_cv"", ""thr"": 0.6147}]",0.29,train: standards of analytes with no cell spectra; test: cell spectra
T2,native,std_to_cells,all@analyte,fg_indole,F3.d1,ncm,auprc,1.0,1.0,1.0,,,,,20,20,657,9,inner_cv,"[{""fold"": ""standards->cells"", ""src"": ""inner_cv"", ""thr"": 0.6147}]",0.29,train: standards of analytes with no cell spectra; test: cell spectra
T2,native,std_to_cells,all@analyte,fg_indole,F3.d1,ncm,bal_acc,0.8947,0.7895,0.9737,0.5,,,,20,20,657,9,inner_cv,"[{""fold"": ""standards->cells"", ""src"": ""inner_cv"", ""thr"": 0.6147}]",0.29,train: standards of analytes with no cell spectra; test: cell spectra
T2,native,std_to_cells,all,fg_indole,F3.d1,hgb,auroc,0.5,0.5,0.5,0.5,,,,590,20,648,9,inner_cv,"[{""fold"": ""standards->cells"", ""src"": ""inner_cv"", ""thr"": 0.5}]",0.38,train: standards of analytes with no cell spectra; test: cell spectra
T2,native,std_to_cells,all,fg_indole,F3.d1,hgb,auprc,0.0339,0.0317,0.1111,0.0339,,,,590,20,648,9,inner_cv,"[{""fold"": ""standards->cells"", ""src"": ""inner_cv"", ""thr"": 0.5}]",0.38,train: standards of analytes with no cell spectra; test: cell spectra
T2,native,std_to_cells,all,fg_indole,F3.d1,hgb,bal_acc,0.5,0.5,0.5,0.5,,,,590,20,648,9,inner_cv,"[{""fold"": ""standards->cells"", ""src"": ""inner_cv"", ""thr"": 0.5}]",0.38,train: standards of analytes with no cell spectra; test: cell spectra
T2,native,std_to_cells,all@analyte,fg_indole,F3.d1,hgb,auroc,0.5,0.5,0.5,0.5,,,,20,20,657,9,inner_cv,"[{""fold"": ""standards->cells"", ""src"": ""inner_cv"", ""thr"": 0.5}]",0.38,train: standards of analytes with no cell spectra; test: cell spectra
T2,native,std_to_cells,all@analyte,fg_indole,F3.d1,hgb,auprc,0.05,0.05,0.15,,,,,20,20,657,9,inner_cv,"[{""fold"": ""standards->cells"", ""src"": ""inner_cv"", ""thr"": 0.5}]",0.38,train: standards of analytes with no cell spectra; test: cell spectra
T2,native,std_to_cells,all@analyte,fg_indole,F3.d1,hgb,bal_acc,0.5,0.5,0.5,0.5,,,,20,20,657,9,inner_cv,"[{""fold"": ""standards->cells"", ""src"": ""inner_cv"", ""thr"": 0.5}]",0.38,train: standards of analytes with no cell spectra; test: cell spectra
T2,native,std_to_cells,all,fg_indole,F3.d1,knn,auroc,0.8877,0.8188,0.9415,0.5,,,,590,20,648,9,inner_cv,"[{""fold"": ""standards->cells"", ""k"": 1, ""src"": ""inner_cv"", ""thr"": 0.0}]",0.26,train: standards of analytes with no cell spectra; test: cell spectra
T2,native,std_to_cells,all,fg_indole,F3.d1,knn,auprc,0.1351,0.0954,0.4311,0.0339,,,,590,20,648,9,inner_cv,"[{""fold"": ""standards->cells"", ""k"": 1, ""src"": ""inner_cv"", ""thr"": 0.0}]",0.26,train: standards of analytes with no cell spectra; test: cell spectra
T2,native,std_to_cells,all,fg_indole,F3.d1,knn,bal_acc,0.5,0.5,0.5,0.5,,,,590,20,648,9,inner_cv,"[{""fold"": ""standards->cells"", ""k"": 1, ""src"": ""inner_cv"", ""thr"": 0.0}]",0.26,train: standards of analytes with no cell spectra; test: cell spectra
T2,native,std_to_cells,all@analyte,fg_indole,F3.d1,knn,auroc,1.0,1.0,1.0,0.5,,,,20,20,657,9,inner_cv,"[{""fold"": ""standards->cells"", ""k"": 1, ""src"": ""inner_cv"", ""thr"": 0.0}]",0.26,train: standards of analytes with no cell spectra; test: cell spectra
T2,native,std_to_cells,all@analyte,fg_indole,F3.d1,knn,auprc,1.0,1.0,1.0,,,,,20,20,657,9,inner_cv,"[{""fold"": ""standards->cells"", ""k"": 1, ""src"": ""inner_cv"", ""thr"": 0.0}]",0.26,train: standards of analytes with no cell spectra; test: cell spectra
T2,native,std_to_cells,all@analyte,fg_indole,F3.d1,knn,bal_acc,0.5,0.5,0.5,0.5,,,,20,20,657,9,inner_cv,"[{""fold"": ""standards->cells"", ""k"": 1, ""src"": ""inner_cv"", ""thr"": 0.0}]",0.26,train: standards of analytes with no cell spectra; test: cell spectra
