task,variant,scheme,test_set,label,feature,model,metric,value,ci_lo,ci_hi,chance,p_perm,n_perm,perm_null_mean,n_test,n_test_groups,n_boot_ok,n_train,hp_source,hp,seconds,note
T3,native,random,all,fg_primary_amine,F1,majority,auroc,0.5,0.5,0.5,0.5,,,,5141,5141,1000,20846,fixed,"[{""fold"": ""random"", ""src"": ""fixed"", ""thr"": 0.5}]",3.07,bootstrap unit: molecule
T3,native,random,all,fg_primary_amine,F1,majority,auprc,0.022,0.0181,0.0261,0.022,,,,5141,5141,1000,20846,fixed,"[{""fold"": ""random"", ""src"": ""fixed"", ""thr"": 0.5}]",3.07,bootstrap unit: molecule
T3,native,random,all,fg_primary_amine,F1,majority,bal_acc,0.5,0.5,0.5,0.5,,,,5141,5141,1000,20846,fixed,"[{""fold"": ""random"", ""src"": ""fixed"", ""thr"": 0.5}]",3.07,bootstrap unit: molecule
T3,native,random,all,fg_primary_amine,F1,lr,auroc,0.8109,0.7754,0.8447,0.5,0.0099,100,0.4986,5141,5141,1000,20846,inner_cv,"[{""fold"": ""random"", ""C"": 0.01, ""src"": ""inner_cv"", ""thr"": 0.4496}]",6.49,bootstrap unit: molecule
T3,native,random,all,fg_primary_amine,F1,lr,auprc,0.0673,0.053,0.0862,0.022,,,,5141,5141,1000,20846,inner_cv,"[{""fold"": ""random"", ""C"": 0.01, ""src"": ""inner_cv"", ""thr"": 0.4496}]",6.49,bootstrap unit: molecule
T3,native,random,all,fg_primary_amine,F1,lr,bal_acc,0.7511,0.7078,0.7913,0.5,,,,5141,5141,1000,20846,inner_cv,"[{""fold"": ""random"", ""C"": 0.01, ""src"": ""inner_cv"", ""thr"": 0.4496}]",6.49,bootstrap unit: molecule
T3,native,random,all,fg_primary_amine,F1,hgb,auroc,0.97,0.9456,0.9874,0.5,,,,5141,5141,1000,20846,inner_cv,"[{""fold"": ""random"", ""src"": ""inner_cv"", ""thr"": 0.1224}]",7.24,bootstrap unit: molecule
T3,native,random,all,fg_primary_amine,F1,hgb,auprc,0.7407,0.663,0.8075,0.022,,,,5141,5141,1000,20846,inner_cv,"[{""fold"": ""random"", ""src"": ""inner_cv"", ""thr"": 0.1224}]",7.24,bootstrap unit: molecule
T3,native,random,all,fg_primary_amine,F1,hgb,bal_acc,0.9278,0.9062,0.9441,0.5,,,,5141,5141,1000,20846,inner_cv,"[{""fold"": ""random"", ""src"": ""inner_cv"", ""thr"": 0.1224}]",7.24,bootstrap unit: molecule
T3,native,random,all,fg_primary_amine,F1,knn,auroc,0.5645,0.523,0.6074,0.5,,,,5141,5141,1000,20846,inner_cv,"[{""fold"": ""random"", ""k"": 10, ""src"": ""inner_cv"", ""thr"": 0.0935}]",142.11,bootstrap unit: molecule
T3,native,random,all,fg_primary_amine,F1,knn,auprc,0.0593,0.0309,0.1068,0.022,,,,5141,5141,1000,20846,inner_cv,"[{""fold"": ""random"", ""k"": 10, ""src"": ""inner_cv"", ""thr"": 0.0935}]",142.11,bootstrap unit: molecule
T3,native,random,all,fg_primary_amine,F1,knn,bal_acc,0.57,0.5326,0.611,0.5,,,,5141,5141,1000,20846,inner_cv,"[{""fold"": ""random"", ""k"": 10, ""src"": ""inner_cv"", ""thr"": 0.0935}]",142.11,bootstrap unit: molecule
T3,native,random,all,fg_primary_amine,F1pos,majority,auroc,0.5,0.5,0.5,0.5,,,,5141,5141,1000,20846,fixed,"[{""fold"": ""random"", ""src"": ""fixed"", ""thr"": 0.5}]",2.74,bootstrap unit: molecule
T3,native,random,all,fg_primary_amine,F1pos,majority,auprc,0.022,0.0181,0.0261,0.022,,,,5141,5141,1000,20846,fixed,"[{""fold"": ""random"", ""src"": ""fixed"", ""thr"": 0.5}]",2.74,bootstrap unit: molecule
T3,native,random,all,fg_primary_amine,F1pos,majority,bal_acc,0.5,0.5,0.5,0.5,,,,5141,5141,1000,20846,fixed,"[{""fold"": ""random"", ""src"": ""fixed"", ""thr"": 0.5}]",2.74,bootstrap unit: molecule
T3,native,random,all,fg_primary_amine,F1pos,lr,auroc,0.9526,0.9394,0.9634,0.5,,,,5141,5141,1000,20846,inner_cv,"[{""fold"": ""random"", ""C"": 0.01, ""src"": ""inner_cv"", ""thr"": 0.3219}]",8.58,bootstrap unit: molecule
T3,native,random,all,fg_primary_amine,F1pos,lr,auprc,0.2462,0.1916,0.3151,0.022,,,,5141,5141,1000,20846,inner_cv,"[{""fold"": ""random"", ""C"": 0.01, ""src"": ""inner_cv"", ""thr"": 0.3219}]",8.58,bootstrap unit: molecule
T3,native,random,all,fg_primary_amine,F1pos,lr,bal_acc,0.9149,0.8923,0.9336,0.5,,,,5141,5141,1000,20846,inner_cv,"[{""fold"": ""random"", ""C"": 0.01, ""src"": ""inner_cv"", ""thr"": 0.3219}]",8.58,bootstrap unit: molecule
T3,native,random,all,fg_primary_amine,F1pos,hgb,auroc,0.955,0.9387,0.968,0.5,,,,5141,5141,1000,20846,inner_cv,"[{""fold"": ""random"", ""src"": ""inner_cv"", ""thr"": 0.0989}]",12.33,bootstrap unit: molecule
T3,native,random,all,fg_primary_amine,F1pos,hgb,auprc,0.3125,0.242,0.4056,0.022,,,,5141,5141,1000,20846,inner_cv,"[{""fold"": ""random"", ""src"": ""inner_cv"", ""thr"": 0.0989}]",12.33,bootstrap unit: molecule
T3,native,random,all,fg_primary_amine,F1pos,hgb,bal_acc,0.9011,0.8811,0.9165,0.5,,,,5141,5141,1000,20846,inner_cv,"[{""fold"": ""random"", ""src"": ""inner_cv"", ""thr"": 0.0989}]",12.33,bootstrap unit: molecule
T3,native,random,all,fg_primary_amine,F1pos,knn,auroc,0.5475,0.5123,0.5886,0.5,,,,5141,5141,1000,20846,inner_cv,"[{""fold"": ""random"", ""k"": 10, ""src"": ""inner_cv"", ""thr"": 0.0945}]",157.78,bootstrap unit: molecule
T3,native,random,all,fg_primary_amine,F1pos,knn,auprc,0.0303,0.0219,0.0504,0.022,,,,5141,5141,1000,20846,inner_cv,"[{""fold"": ""random"", ""k"": 10, ""src"": ""inner_cv"", ""thr"": 0.0945}]",157.78,bootstrap unit: molecule
T3,native,random,all,fg_primary_amine,F1pos,knn,bal_acc,0.5376,0.5049,0.5772,0.5,,,,5141,5141,1000,20846,inner_cv,"[{""fold"": ""random"", ""k"": 10, ""src"": ""inner_cv"", ""thr"": 0.0945}]",157.78,bootstrap unit: molecule
T3,native,random,all,fg_primary_amine,F2,majority,auroc,0.5,0.5,0.5,0.5,,,,5141,5141,1000,20846,fixed,"[{""fold"": ""random"", ""src"": ""fixed"", ""thr"": 0.5}]",3.09,bootstrap unit: molecule
T3,native,random,all,fg_primary_amine,F2,majority,auprc,0.022,0.0181,0.0261,0.022,,,,5141,5141,1000,20846,fixed,"[{""fold"": ""random"", ""src"": ""fixed"", ""thr"": 0.5}]",3.09,bootstrap unit: molecule
T3,native,random,all,fg_primary_amine,F2,majority,bal_acc,0.5,0.5,0.5,0.5,,,,5141,5141,1000,20846,fixed,"[{""fold"": ""random"", ""src"": ""fixed"", ""thr"": 0.5}]",3.09,bootstrap unit: molecule
T3,native,random,all,fg_primary_amine,F2,lr,auroc,0.7267,0.6834,0.7668,0.5,,,,5141,5141,1000,20846,inner_cv,"[{""fold"": ""random"", ""C"": 0.01, ""src"": ""inner_cv"", ""thr"": 0.3833}]",149.29,bootstrap unit: molecule
T3,native,random,all,fg_primary_amine,F2,lr,auprc,0.0474,0.0371,0.0622,0.022,,,,5141,5141,1000,20846,inner_cv,"[{""fold"": ""random"", ""C"": 0.01, ""src"": ""inner_cv"", ""thr"": 0.3833}]",149.29,bootstrap unit: molecule
T3,native,random,all,fg_primary_amine,F2,lr,bal_acc,0.6854,0.6413,0.7245,0.5,,,,5141,5141,1000,20846,inner_cv,"[{""fold"": ""random"", ""C"": 0.01, ""src"": ""inner_cv"", ""thr"": 0.3833}]",149.29,bootstrap unit: molecule
T3,native,random,all,fg_primary_amine,F2,hgb,auroc,0.9873,0.9785,0.9942,0.5,,,,5141,5141,1000,20846,inner_cv,"[{""fold"": ""random"", ""src"": ""inner_cv"", ""thr"": 0.0295}]",73.31,bootstrap unit: molecule
T3,native,random,all,fg_primary_amine,F2,hgb,auprc,0.8762,0.8204,0.9217,0.022,,,,5141,5141,1000,20846,inner_cv,"[{""fold"": ""random"", ""src"": ""inner_cv"", ""thr"": 0.0295}]",73.31,bootstrap unit: molecule
T3,native,random,all,fg_primary_amine,F2,hgb,bal_acc,0.9345,0.9132,0.9521,0.5,,,,5141,5141,1000,20846,inner_cv,"[{""fold"": ""random"", ""src"": ""inner_cv"", ""thr"": 0.0295}]",73.31,bootstrap unit: molecule
T3,native,random,all,fg_primary_amine,F2,knn,auroc,0.6216,0.5781,0.6689,0.5,,,,5141,5141,1000,20846,inner_cv,"[{""fold"": ""random"", ""k"": 10, ""src"": ""inner_cv"", ""thr"": 0.0892}]",189.49,bootstrap unit: molecule
T3,native,random,all,fg_primary_amine,F2,knn,auprc,0.0633,0.0404,0.1077,0.022,,,,5141,5141,1000,20846,inner_cv,"[{""fold"": ""random"", ""k"": 10, ""src"": ""inner_cv"", ""thr"": 0.0892}]",189.49,bootstrap unit: molecule
T3,native,random,all,fg_primary_amine,F2,knn,bal_acc,0.6204,0.5774,0.666,0.5,,,,5141,5141,1000,20846,inner_cv,"[{""fold"": ""random"", ""k"": 10, ""src"": ""inner_cv"", ""thr"": 0.0892}]",189.49,bootstrap unit: molecule
T3,native,random,all,fg_primary_amine,F3,majority,auroc,0.5,0.5,0.5,0.5,,,,5141,5141,1000,20846,fixed,"[{""fold"": ""random"", ""src"": ""fixed"", ""thr"": 0.5}]",2.85,bootstrap unit: molecule
T3,native,random,all,fg_primary_amine,F3,majority,auprc,0.022,0.0181,0.0261,0.022,,,,5141,5141,1000,20846,fixed,"[{""fold"": ""random"", ""src"": ""fixed"", ""thr"": 0.5}]",2.85,bootstrap unit: molecule
T3,native,random,all,fg_primary_amine,F3,majority,bal_acc,0.5,0.5,0.5,0.5,,,,5141,5141,1000,20846,fixed,"[{""fold"": ""random"", ""src"": ""fixed"", ""thr"": 0.5}]",2.85,bootstrap unit: molecule
T3,native,random,all,fg_primary_amine,F3,lr,auroc,0.7396,0.7001,0.7775,0.5,,,,5141,5141,1000,20846,inner_cv,"[{""fold"": ""random"", ""C"": 0.01, ""src"": ""inner_cv"", ""thr"": 0.3232}]",111.86,bootstrap unit: molecule
T3,native,random,all,fg_primary_amine,F3,lr,auprc,0.05,0.0394,0.0651,0.022,,,,5141,5141,1000,20846,inner_cv,"[{""fold"": ""random"", ""C"": 0.01, ""src"": ""inner_cv"", ""thr"": 0.3232}]",111.86,bootstrap unit: molecule
T3,native,random,all,fg_primary_amine,F3,lr,bal_acc,0.6981,0.6583,0.738,0.5,,,,5141,5141,1000,20846,inner_cv,"[{""fold"": ""random"", ""C"": 0.01, ""src"": ""inner_cv"", ""thr"": 0.3232}]",111.86,bootstrap unit: molecule
T3,native,random,all,fg_primary_amine,F3,hgb,auroc,0.9896,0.9818,0.9962,0.5,,,,5141,5141,1000,20846,inner_cv,"[{""fold"": ""random"", ""src"": ""inner_cv"", ""thr"": 0.0208}]",64.87,bootstrap unit: molecule
T3,native,random,all,fg_primary_amine,F3,hgb,auprc,0.9012,0.8542,0.9422,0.022,,,,5141,5141,1000,20846,inner_cv,"[{""fold"": ""random"", ""src"": ""inner_cv"", ""thr"": 0.0208}]",64.87,bootstrap unit: molecule
T3,native,random,all,fg_primary_amine,F3,hgb,bal_acc,0.9358,0.9152,0.9513,0.5,,,,5141,5141,1000,20846,inner_cv,"[{""fold"": ""random"", ""src"": ""inner_cv"", ""thr"": 0.0208}]",64.87,bootstrap unit: molecule
T3,native,random,all,fg_primary_amine,F3,knn,auroc,0.6246,0.5799,0.6667,0.5,,,,5141,5141,1000,20846,inner_cv,"[{""fold"": ""random"", ""k"": 10, ""src"": ""inner_cv"", ""thr"": 0.0925}]",189.56,bootstrap unit: molecule
T3,native,random,all,fg_primary_amine,F3,knn,auprc,0.0681,0.042,0.1171,0.022,,,,5141,5141,1000,20846,inner_cv,"[{""fold"": ""random"", ""k"": 10, ""src"": ""inner_cv"", ""thr"": 0.0925}]",189.56,bootstrap unit: molecule
T3,native,random,all,fg_primary_amine,F3,knn,bal_acc,0.6148,0.5718,0.6577,0.5,,,,5141,5141,1000,20846,inner_cv,"[{""fold"": ""random"", ""k"": 10, ""src"": ""inner_cv"", ""thr"": 0.0925}]",189.56,bootstrap unit: molecule
T3,native,random,all,fg_primary_amine,F1.sqrt,majority,auroc,0.5,0.5,0.5,0.5,,,,5141,5141,1000,20846,fixed,"[{""fold"": ""random"", ""src"": ""fixed"", ""thr"": 0.5}]",2.66,bootstrap unit: molecule
T3,native,random,all,fg_primary_amine,F1.sqrt,majority,auprc,0.022,0.0181,0.0261,0.022,,,,5141,5141,1000,20846,fixed,"[{""fold"": ""random"", ""src"": ""fixed"", ""thr"": 0.5}]",2.66,bootstrap unit: molecule
T3,native,random,all,fg_primary_amine,F1.sqrt,majority,bal_acc,0.5,0.5,0.5,0.5,,,,5141,5141,1000,20846,fixed,"[{""fold"": ""random"", ""src"": ""fixed"", ""thr"": 0.5}]",2.66,bootstrap unit: molecule
T3,native,random,all,fg_primary_amine,F1.sqrt,lr,auroc,0.8976,0.8733,0.9168,0.5,,,,5141,5141,1000,20846,inner_cv,"[{""fold"": ""random"", ""C"": 0.01, ""src"": ""inner_cv"", ""thr"": 0.383}]",6.13,bootstrap unit: molecule
T3,native,random,all,fg_primary_amine,F1.sqrt,lr,auprc,0.1058,0.0862,0.1313,0.022,,,,5141,5141,1000,20846,inner_cv,"[{""fold"": ""random"", ""C"": 0.01, ""src"": ""inner_cv"", ""thr"": 0.383}]",6.13,bootstrap unit: molecule
T3,native,random,all,fg_primary_amine,F1.sqrt,lr,bal_acc,0.868,0.8372,0.8928,0.5,,,,5141,5141,1000,20846,inner_cv,"[{""fold"": ""random"", ""C"": 0.01, ""src"": ""inner_cv"", ""thr"": 0.383}]",6.13,bootstrap unit: molecule
T3,native,random,all,fg_primary_amine,F1.sqrt,hgb,auroc,0.97,0.9456,0.9874,0.5,,,,5141,5141,1000,20846,inner_cv,"[{""fold"": ""random"", ""src"": ""inner_cv"", ""thr"": 0.1224}]",5.65,bootstrap unit: molecule
T3,native,random,all,fg_primary_amine,F1.sqrt,hgb,auprc,0.7407,0.663,0.8075,0.022,,,,5141,5141,1000,20846,inner_cv,"[{""fold"": ""random"", ""src"": ""inner_cv"", ""thr"": 0.1224}]",5.65,bootstrap unit: molecule
T3,native,random,all,fg_primary_amine,F1.sqrt,hgb,bal_acc,0.9278,0.9062,0.9441,0.5,,,,5141,5141,1000,20846,inner_cv,"[{""fold"": ""random"", ""src"": ""inner_cv"", ""thr"": 0.1224}]",5.65,bootstrap unit: molecule
T3,native,random,all,fg_primary_amine,F1.sqrt,knn,auroc,0.5668,0.5259,0.6122,0.5,,,,5141,5141,1000,20846,inner_cv,"[{""fold"": ""random"", ""k"": 10, ""src"": ""inner_cv"", ""thr"": 0.0908}]",128.11,bootstrap unit: molecule
T3,native,random,all,fg_primary_amine,F1.sqrt,knn,auprc,0.0605,0.0331,0.1132,0.022,,,,5141,5141,1000,20846,inner_cv,"[{""fold"": ""random"", ""k"": 10, ""src"": ""inner_cv"", ""thr"": 0.0908}]",128.11,bootstrap unit: molecule
T3,native,random,all,fg_primary_amine,F1.sqrt,knn,bal_acc,0.5646,0.5261,0.6099,0.5,,,,5141,5141,1000,20846,inner_cv,"[{""fold"": ""random"", ""k"": 10, ""src"": ""inner_cv"", ""thr"": 0.0908}]",128.11,bootstrap unit: molecule
T3,native,random,all,fg_primary_amine,F2.lt1700,majority,auroc,0.5,0.5,0.5,0.5,,,,5141,5141,1000,20846,fixed,"[{""fold"": ""random"", ""src"": ""fixed"", ""thr"": 0.5}]",4.63,bootstrap unit: molecule
T3,native,random,all,fg_primary_amine,F2.lt1700,majority,auprc,0.022,0.0181,0.0261,0.022,,,,5141,5141,1000,20846,fixed,"[{""fold"": ""random"", ""src"": ""fixed"", ""thr"": 0.5}]",4.63,bootstrap unit: molecule
T3,native,random,all,fg_primary_amine,F2.lt1700,majority,bal_acc,0.5,0.5,0.5,0.5,,,,5141,5141,1000,20846,fixed,"[{""fold"": ""random"", ""src"": ""fixed"", ""thr"": 0.5}]",4.63,bootstrap unit: molecule
T3,native,random,all,fg_primary_amine,F2.lt1700,lr,auroc,0.7308,0.6893,0.771,0.5,,,,5141,5141,1000,20846,inner_cv,"[{""fold"": ""random"", ""C"": 0.01, ""src"": ""inner_cv"", ""thr"": 0.3561}]",143.81,bootstrap unit: molecule
T3,native,random,all,fg_primary_amine,F2.lt1700,lr,auprc,0.048,0.0381,0.0626,0.022,,,,5141,5141,1000,20846,inner_cv,"[{""fold"": ""random"", ""C"": 0.01, ""src"": ""inner_cv"", ""thr"": 0.3561}]",143.81,bootstrap unit: molecule
T3,native,random,all,fg_primary_amine,F2.lt1700,lr,bal_acc,0.6863,0.643,0.7268,0.5,,,,5141,5141,1000,20846,inner_cv,"[{""fold"": ""random"", ""C"": 0.01, ""src"": ""inner_cv"", ""thr"": 0.3561}]",143.81,bootstrap unit: molecule
T3,native,random,all,fg_primary_amine,F2.lt1700,hgb,auroc,0.985,0.9743,0.9934,0.5,,,,5141,5141,1000,20846,inner_cv,"[{""fold"": ""random"", ""src"": ""inner_cv"", ""thr"": 0.0294}]",69.29,bootstrap unit: molecule
T3,native,random,all,fg_primary_amine,F2.lt1700,hgb,auprc,0.8737,0.8193,0.9194,0.022,,,,5141,5141,1000,20846,inner_cv,"[{""fold"": ""random"", ""src"": ""inner_cv"", ""thr"": 0.0294}]",69.29,bootstrap unit: molecule
T3,native,random,all,fg_primary_amine,F2.lt1700,hgb,bal_acc,0.93,0.9081,0.9499,0.5,,,,5141,5141,1000,20846,inner_cv,"[{""fold"": ""random"", ""src"": ""inner_cv"", ""thr"": 0.0294}]",69.29,bootstrap unit: molecule
T3,native,random,all,fg_primary_amine,F2.lt1700,knn,auroc,0.5951,0.5539,0.6411,0.5,,,,5141,5141,1000,20846,inner_cv,"[{""fold"": ""random"", ""k"": 10, ""src"": ""inner_cv"", ""thr"": 0.0899}]",195.46,bootstrap unit: molecule
T3,native,random,all,fg_primary_amine,F2.lt1700,knn,auprc,0.0635,0.0375,0.1163,0.022,,,,5141,5141,1000,20846,inner_cv,"[{""fold"": ""random"", ""k"": 10, ""src"": ""inner_cv"", ""thr"": 0.0899}]",195.46,bootstrap unit: molecule
T3,native,random,all,fg_primary_amine,F2.lt1700,knn,bal_acc,0.5898,0.5514,0.6344,0.5,,,,5141,5141,1000,20846,inner_cv,"[{""fold"": ""random"", ""k"": 10, ""src"": ""inner_cv"", ""thr"": 0.0899}]",195.46,bootstrap unit: molecule
T3,native,random,all,fg_primary_amine,F3.lt1700,majority,auroc,0.5,0.5,0.5,0.5,,,,5141,5141,1000,20846,fixed,"[{""fold"": ""random"", ""src"": ""fixed"", ""thr"": 0.5}]",3.75,bootstrap unit: molecule
T3,native,random,all,fg_primary_amine,F3.lt1700,majority,auprc,0.022,0.0181,0.0261,0.022,,,,5141,5141,1000,20846,fixed,"[{""fold"": ""random"", ""src"": ""fixed"", ""thr"": 0.5}]",3.75,bootstrap unit: molecule
T3,native,random,all,fg_primary_amine,F3.lt1700,majority,bal_acc,0.5,0.5,0.5,0.5,,,,5141,5141,1000,20846,fixed,"[{""fold"": ""random"", ""src"": ""fixed"", ""thr"": 0.5}]",3.75,bootstrap unit: molecule
T3,native,random,all,fg_primary_amine,F3.lt1700,lr,auroc,0.7415,0.703,0.7788,0.5,,,,5141,5141,1000,20846,inner_cv,"[{""fold"": ""random"", ""C"": 0.01, ""src"": ""inner_cv"", ""thr"": 0.3471}]",153.54,bootstrap unit: molecule
T3,native,random,all,fg_primary_amine,F3.lt1700,lr,auprc,0.0504,0.0395,0.0661,0.022,,,,5141,5141,1000,20846,inner_cv,"[{""fold"": ""random"", ""C"": 0.01, ""src"": ""inner_cv"", ""thr"": 0.3471}]",153.54,bootstrap unit: molecule
T3,native,random,all,fg_primary_amine,F3.lt1700,lr,bal_acc,0.6783,0.6374,0.7179,0.5,,,,5141,5141,1000,20846,inner_cv,"[{""fold"": ""random"", ""C"": 0.01, ""src"": ""inner_cv"", ""thr"": 0.3471}]",153.54,bootstrap unit: molecule
T3,native,random,all,fg_primary_amine,F3.lt1700,hgb,auroc,0.9905,0.9833,0.9964,0.5,0.0099,100,0.4995,5141,5141,1000,20846,inner_cv,"[{""fold"": ""random"", ""src"": ""inner_cv"", ""thr"": 0.0354}]",106.54,bootstrap unit: molecule
T3,native,random,all,fg_primary_amine,F3.lt1700,hgb,auprc,0.8982,0.8525,0.9399,0.022,,,,5141,5141,1000,20846,inner_cv,"[{""fold"": ""random"", ""src"": ""inner_cv"", ""thr"": 0.0354}]",106.54,bootstrap unit: molecule
T3,native,random,all,fg_primary_amine,F3.lt1700,hgb,bal_acc,0.9509,0.9328,0.9671,0.5,,,,5141,5141,1000,20846,inner_cv,"[{""fold"": ""random"", ""src"": ""inner_cv"", ""thr"": 0.0354}]",106.54,bootstrap unit: molecule
T3,native,random,all,fg_primary_amine,F3.lt1700,knn,auroc,0.6069,0.5642,0.6483,0.5,,,,5141,5141,1000,20846,inner_cv,"[{""fold"": ""random"", ""k"": 10, ""src"": ""inner_cv"", ""thr"": 0.094}]",211.42,bootstrap unit: molecule
T3,native,random,all,fg_primary_amine,F3.lt1700,knn,auprc,0.0593,0.0358,0.1101,0.022,,,,5141,5141,1000,20846,inner_cv,"[{""fold"": ""random"", ""k"": 10, ""src"": ""inner_cv"", ""thr"": 0.094}]",211.42,bootstrap unit: molecule
T3,native,random,all,fg_primary_amine,F3.lt1700,knn,bal_acc,0.6099,0.5697,0.6504,0.5,,,,5141,5141,1000,20846,inner_cv,"[{""fold"": ""random"", ""k"": 10, ""src"": ""inner_cv"", ""thr"": 0.094}]",211.42,bootstrap unit: molecule
T3,native,random,all,fg_secondary_amine,F1,majority,auroc,0.5,0.5,0.5,0.5,,,,5141,5141,1000,20846,fixed,"[{""fold"": ""random"", ""src"": ""fixed"", ""thr"": 0.5}]",3.01,bootstrap unit: molecule
T3,native,random,all,fg_secondary_amine,F1,majority,auprc,0.1025,0.0947,0.1105,0.1025,,,,5141,5141,1000,20846,fixed,"[{""fold"": ""random"", ""src"": ""fixed"", ""thr"": 0.5}]",3.01,bootstrap unit: molecule
T3,native,random,all,fg_secondary_amine,F1,majority,bal_acc,0.5,0.5,0.5,0.5,,,,5141,5141,1000,20846,fixed,"[{""fold"": ""random"", ""src"": ""fixed"", ""thr"": 0.5}]",3.01,bootstrap unit: molecule
T3,native,random,all,fg_secondary_amine,F1,lr,auroc,0.7245,0.7026,0.7472,0.5,0.0099,100,0.5017,5141,5141,1000,20846,inner_cv,"[{""fold"": ""random"", ""C"": 0.01, ""src"": ""inner_cv"", ""thr"": 0.4611}]",11.72,bootstrap unit: molecule
T3,native,random,all,fg_secondary_amine,F1,lr,auprc,0.2324,0.2042,0.2655,0.1025,,,,5141,5141,1000,20846,inner_cv,"[{""fold"": ""random"", ""C"": 0.01, ""src"": ""inner_cv"", ""thr"": 0.4611}]",11.72,bootstrap unit: molecule
T3,native,random,all,fg_secondary_amine,F1,lr,bal_acc,0.6642,0.6437,0.6849,0.5,,,,5141,5141,1000,20846,inner_cv,"[{""fold"": ""random"", ""C"": 0.01, ""src"": ""inner_cv"", ""thr"": 0.4611}]",11.72,bootstrap unit: molecule
T3,native,random,all,fg_secondary_amine,F1,hgb,auroc,0.7347,0.7132,0.7566,0.5,,,,5141,5141,1000,20846,inner_cv,"[{""fold"": ""random"", ""src"": ""inner_cv"", ""thr"": 0.4702}]",9.52,bootstrap unit: molecule
T3,native,random,all,fg_secondary_amine,F1,hgb,auprc,0.2693,0.2369,0.3079,0.1025,,,,5141,5141,1000,20846,inner_cv,"[{""fold"": ""random"", ""src"": ""inner_cv"", ""thr"": 0.4702}]",9.52,bootstrap unit: molecule
T3,native,random,all,fg_secondary_amine,F1,hgb,bal_acc,0.6739,0.6534,0.6949,0.5,,,,5141,5141,1000,20846,inner_cv,"[{""fold"": ""random"", ""src"": ""inner_cv"", ""thr"": 0.4702}]",9.52,bootstrap unit: molecule
T3,native,random,all,fg_secondary_amine,F1,knn,auroc,0.6311,0.6065,0.6561,0.5,,,,5141,5141,1000,20846,inner_cv,"[{""fold"": ""random"", ""k"": 10, ""src"": ""inner_cv"", ""thr"": 0.0937}]",143.94,bootstrap unit: molecule
T3,native,random,all,fg_secondary_amine,F1,knn,auprc,0.1927,0.1668,0.2237,0.1025,,,,5141,5141,1000,20846,inner_cv,"[{""fold"": ""random"", ""k"": 10, ""src"": ""inner_cv"", ""thr"": 0.0937}]",143.94,bootstrap unit: molecule
T3,native,random,all,fg_secondary_amine,F1,knn,bal_acc,0.608,0.5861,0.6291,0.5,,,,5141,5141,1000,20846,inner_cv,"[{""fold"": ""random"", ""k"": 10, ""src"": ""inner_cv"", ""thr"": 0.0937}]",143.94,bootstrap unit: molecule
T3,native,random,all,fg_secondary_amine,F1pos,majority,auroc,0.5,0.5,0.5,0.5,,,,5141,5141,1000,20846,fixed,"[{""fold"": ""random"", ""src"": ""fixed"", ""thr"": 0.5}]",2.22,bootstrap unit: molecule
T3,native,random,all,fg_secondary_amine,F1pos,majority,auprc,0.1025,0.0947,0.1105,0.1025,,,,5141,5141,1000,20846,fixed,"[{""fold"": ""random"", ""src"": ""fixed"", ""thr"": 0.5}]",2.22,bootstrap unit: molecule
T3,native,random,all,fg_secondary_amine,F1pos,majority,bal_acc,0.5,0.5,0.5,0.5,,,,5141,5141,1000,20846,fixed,"[{""fold"": ""random"", ""src"": ""fixed"", ""thr"": 0.5}]",2.22,bootstrap unit: molecule
T3,native,random,all,fg_secondary_amine,F1pos,lr,auroc,0.6966,0.6747,0.7191,0.5,,,,5141,5141,1000,20846,inner_cv,"[{""fold"": ""random"", ""C"": 0.01, ""src"": ""inner_cv"", ""thr"": 0.4731}]",5.48,bootstrap unit: molecule
T3,native,random,all,fg_secondary_amine,F1pos,lr,auprc,0.1969,0.1733,0.2257,0.1025,,,,5141,5141,1000,20846,inner_cv,"[{""fold"": ""random"", ""C"": 0.01, ""src"": ""inner_cv"", ""thr"": 0.4731}]",5.48,bootstrap unit: molecule
T3,native,random,all,fg_secondary_amine,F1pos,lr,bal_acc,0.6503,0.6297,0.6706,0.5,,,,5141,5141,1000,20846,inner_cv,"[{""fold"": ""random"", ""C"": 0.01, ""src"": ""inner_cv"", ""thr"": 0.4731}]",5.48,bootstrap unit: molecule
T3,native,random,all,fg_secondary_amine,F1pos,hgb,auroc,0.6952,0.674,0.7158,0.5,,,,5141,5141,1000,20846,inner_cv,"[{""fold"": ""random"", ""src"": ""inner_cv"", ""thr"": 0.417}]",6.55,bootstrap unit: molecule
T3,native,random,all,fg_secondary_amine,F1pos,hgb,auprc,0.1891,0.1672,0.217,0.1025,,,,5141,5141,1000,20846,inner_cv,"[{""fold"": ""random"", ""src"": ""inner_cv"", ""thr"": 0.417}]",6.55,bootstrap unit: molecule
T3,native,random,all,fg_secondary_amine,F1pos,hgb,bal_acc,0.6346,0.6175,0.6514,0.5,,,,5141,5141,1000,20846,inner_cv,"[{""fold"": ""random"", ""src"": ""inner_cv"", ""thr"": 0.417}]",6.55,bootstrap unit: molecule
T3,native,random,all,fg_secondary_amine,F1pos,knn,auroc,0.5685,0.5426,0.5953,0.5,,,,5141,5141,1000,20846,inner_cv,"[{""fold"": ""random"", ""k"": 10, ""src"": ""inner_cv"", ""thr"": 0.1015}]",143.3,bootstrap unit: molecule
T3,native,random,all,fg_secondary_amine,F1pos,knn,auprc,0.13,0.1149,0.1507,0.1025,,,,5141,5141,1000,20846,inner_cv,"[{""fold"": ""random"", ""k"": 10, ""src"": ""inner_cv"", ""thr"": 0.1015}]",143.3,bootstrap unit: molecule
T3,native,random,all,fg_secondary_amine,F1pos,knn,bal_acc,0.5504,0.5272,0.5727,0.5,,,,5141,5141,1000,20846,inner_cv,"[{""fold"": ""random"", ""k"": 10, ""src"": ""inner_cv"", ""thr"": 0.1015}]",143.3,bootstrap unit: molecule
T3,native,random,all,fg_secondary_amine,F2,majority,auroc,0.5,0.5,0.5,0.5,,,,5141,5141,1000,20846,fixed,"[{""fold"": ""random"", ""src"": ""fixed"", ""thr"": 0.5}]",2.4,bootstrap unit: molecule
T3,native,random,all,fg_secondary_amine,F2,majority,auprc,0.1025,0.0947,0.1105,0.1025,,,,5141,5141,1000,20846,fixed,"[{""fold"": ""random"", ""src"": ""fixed"", ""thr"": 0.5}]",2.4,bootstrap unit: molecule
T3,native,random,all,fg_secondary_amine,F2,majority,bal_acc,0.5,0.5,0.5,0.5,,,,5141,5141,1000,20846,fixed,"[{""fold"": ""random"", ""src"": ""fixed"", ""thr"": 0.5}]",2.4,bootstrap unit: molecule
T3,native,random,all,fg_secondary_amine,F2,lr,auroc,0.7069,0.683,0.7297,0.5,,,,5141,5141,1000,20846,inner_cv,"[{""fold"": ""random"", ""C"": 0.01, ""src"": ""inner_cv"", ""thr"": 0.5047}]",146.47,bootstrap unit: molecule
T3,native,random,all,fg_secondary_amine,F2,lr,auprc,0.2227,0.1965,0.2547,0.1025,,,,5141,5141,1000,20846,inner_cv,"[{""fold"": ""random"", ""C"": 0.01, ""src"": ""inner_cv"", ""thr"": 0.5047}]",146.47,bootstrap unit: molecule
T3,native,random,all,fg_secondary_amine,F2,lr,bal_acc,0.6532,0.6312,0.6752,0.5,,,,5141,5141,1000,20846,inner_cv,"[{""fold"": ""random"", ""C"": 0.01, ""src"": ""inner_cv"", ""thr"": 0.5047}]",146.47,bootstrap unit: molecule
T3,native,random,all,fg_secondary_amine,F2,hgb,auroc,0.7658,0.744,0.7859,0.5,,,,5141,5141,1000,20846,inner_cv,"[{""fold"": ""random"", ""src"": ""inner_cv"", ""thr"": 0.4083}]",53.73,bootstrap unit: molecule
T3,native,random,all,fg_secondary_amine,F2,hgb,auprc,0.2841,0.2548,0.3264,0.1025,,,,5141,5141,1000,20846,inner_cv,"[{""fold"": ""random"", ""src"": ""inner_cv"", ""thr"": 0.4083}]",53.73,bootstrap unit: molecule
T3,native,random,all,fg_secondary_amine,F2,hgb,bal_acc,0.6916,0.6721,0.7122,0.5,,,,5141,5141,1000,20846,inner_cv,"[{""fold"": ""random"", ""src"": ""inner_cv"", ""thr"": 0.4083}]",53.73,bootstrap unit: molecule
T3,native,random,all,fg_secondary_amine,F2,knn,auroc,0.7125,0.6897,0.7378,0.5,,,,5141,5141,1000,20846,inner_cv,"[{""fold"": ""random"", ""k"": 10, ""src"": ""inner_cv"", ""thr"": 0.1096}]",203.2,bootstrap unit: molecule
T3,native,random,all,fg_secondary_amine,F2,knn,auprc,0.2973,0.2614,0.3402,0.1025,,,,5141,5141,1000,20846,inner_cv,"[{""fold"": ""random"", ""k"": 10, ""src"": ""inner_cv"", ""thr"": 0.1096}]",203.2,bootstrap unit: molecule
T3,native,random,all,fg_secondary_amine,F2,knn,bal_acc,0.6576,0.6376,0.6801,0.5,,,,5141,5141,1000,20846,inner_cv,"[{""fold"": ""random"", ""k"": 10, ""src"": ""inner_cv"", ""thr"": 0.1096}]",203.2,bootstrap unit: molecule
T3,native,random,all,fg_secondary_amine,F3,majority,auroc,0.5,0.5,0.5,0.5,,,,5141,5141,1000,20846,fixed,"[{""fold"": ""random"", ""src"": ""fixed"", ""thr"": 0.5}]",5.3,bootstrap unit: molecule
T3,native,random,all,fg_secondary_amine,F3,majority,auprc,0.1025,0.0947,0.1105,0.1025,,,,5141,5141,1000,20846,fixed,"[{""fold"": ""random"", ""src"": ""fixed"", ""thr"": 0.5}]",5.3,bootstrap unit: molecule
T3,native,random,all,fg_secondary_amine,F3,majority,bal_acc,0.5,0.5,0.5,0.5,,,,5141,5141,1000,20846,fixed,"[{""fold"": ""random"", ""src"": ""fixed"", ""thr"": 0.5}]",5.3,bootstrap unit: molecule
T3,native,random,all,fg_secondary_amine,F3,lr,auroc,0.718,0.6947,0.7409,0.5,,,,5141,5141,1000,20846,inner_cv,"[{""fold"": ""random"", ""C"": 0.01, ""src"": ""inner_cv"", ""thr"": 0.4976}]",184.59,bootstrap unit: molecule
T3,native,random,all,fg_secondary_amine,F3,lr,auprc,0.2361,0.2077,0.2708,0.1025,,,,5141,5141,1000,20846,inner_cv,"[{""fold"": ""random"", ""C"": 0.01, ""src"": ""inner_cv"", ""thr"": 0.4976}]",184.59,bootstrap unit: molecule
T3,native,random,all,fg_secondary_amine,F3,lr,bal_acc,0.6515,0.6304,0.673,0.5,,,,5141,5141,1000,20846,inner_cv,"[{""fold"": ""random"", ""C"": 0.01, ""src"": ""inner_cv"", ""thr"": 0.4976}]",184.59,bootstrap unit: molecule
T3,native,random,all,fg_secondary_amine,F3,hgb,auroc,0.7987,0.7792,0.8178,0.5,0.0099,100,0.501,5141,5141,1000,20846,inner_cv,"[{""fold"": ""random"", ""src"": ""inner_cv"", ""thr"": 0.4209}]",59.98,bootstrap unit: molecule
T3,native,random,all,fg_secondary_amine,F3,hgb,auprc,0.3475,0.3071,0.3948,0.1025,,,,5141,5141,1000,20846,inner_cv,"[{""fold"": ""random"", ""src"": ""inner_cv"", ""thr"": 0.4209}]",59.98,bootstrap unit: molecule
T3,native,random,all,fg_secondary_amine,F3,hgb,bal_acc,0.7286,0.7103,0.749,0.5,,,,5141,5141,1000,20846,inner_cv,"[{""fold"": ""random"", ""src"": ""inner_cv"", ""thr"": 0.4209}]",59.98,bootstrap unit: molecule
T3,native,random,all,fg_secondary_amine,F3,knn,auroc,0.7226,0.6991,0.7451,0.5,,,,5141,5141,1000,20846,inner_cv,"[{""fold"": ""random"", ""k"": 10, ""src"": ""inner_cv"", ""thr"": 0.104}]",206.28,bootstrap unit: molecule
T3,native,random,all,fg_secondary_amine,F3,knn,auprc,0.3077,0.2724,0.3474,0.1025,,,,5141,5141,1000,20846,inner_cv,"[{""fold"": ""random"", ""k"": 10, ""src"": ""inner_cv"", ""thr"": 0.104}]",206.28,bootstrap unit: molecule
T3,native,random,all,fg_secondary_amine,F3,knn,bal_acc,0.6713,0.6491,0.693,0.5,,,,5141,5141,1000,20846,inner_cv,"[{""fold"": ""random"", ""k"": 10, ""src"": ""inner_cv"", ""thr"": 0.104}]",206.28,bootstrap unit: molecule
T3,native,random,all,fg_secondary_amine,F1.sqrt,majority,auroc,0.5,0.5,0.5,0.5,,,,5141,5141,1000,20846,fixed,"[{""fold"": ""random"", ""src"": ""fixed"", ""thr"": 0.5}]",2.8,bootstrap unit: molecule
T3,native,random,all,fg_secondary_amine,F1.sqrt,majority,auprc,0.1025,0.0947,0.1105,0.1025,,,,5141,5141,1000,20846,fixed,"[{""fold"": ""random"", ""src"": ""fixed"", ""thr"": 0.5}]",2.8,bootstrap unit: molecule
T3,native,random,all,fg_secondary_amine,F1.sqrt,majority,bal_acc,0.5,0.5,0.5,0.5,,,,5141,5141,1000,20846,fixed,"[{""fold"": ""random"", ""src"": ""fixed"", ""thr"": 0.5}]",2.8,bootstrap unit: molecule
T3,native,random,all,fg_secondary_amine,F1.sqrt,lr,auroc,0.7193,0.6976,0.7405,0.5,,,,5141,5141,1000,20846,inner_cv,"[{""fold"": ""random"", ""C"": 0.01, ""src"": ""inner_cv"", ""thr"": 0.4927}]",5.48,bootstrap unit: molecule
T3,native,random,all,fg_secondary_amine,F1.sqrt,lr,auprc,0.2202,0.1933,0.2508,0.1025,,,,5141,5141,1000,20846,inner_cv,"[{""fold"": ""random"", ""C"": 0.01, ""src"": ""inner_cv"", ""thr"": 0.4927}]",5.48,bootstrap unit: molecule
T3,native,random,all,fg_secondary_amine,F1.sqrt,lr,bal_acc,0.6625,0.642,0.6835,0.5,,,,5141,5141,1000,20846,inner_cv,"[{""fold"": ""random"", ""C"": 0.01, ""src"": ""inner_cv"", ""thr"": 0.4927}]",5.48,bootstrap unit: molecule
T3,native,random,all,fg_secondary_amine,F1.sqrt,hgb,auroc,0.7347,0.7132,0.7566,0.5,,,,5141,5141,1000,20846,inner_cv,"[{""fold"": ""random"", ""src"": ""inner_cv"", ""thr"": 0.4702}]",6.29,bootstrap unit: molecule
T3,native,random,all,fg_secondary_amine,F1.sqrt,hgb,auprc,0.2693,0.2369,0.3078,0.1025,,,,5141,5141,1000,20846,inner_cv,"[{""fold"": ""random"", ""src"": ""inner_cv"", ""thr"": 0.4702}]",6.29,bootstrap unit: molecule
T3,native,random,all,fg_secondary_amine,F1.sqrt,hgb,bal_acc,0.6739,0.6534,0.6949,0.5,,,,5141,5141,1000,20846,inner_cv,"[{""fold"": ""random"", ""src"": ""inner_cv"", ""thr"": 0.4702}]",6.29,bootstrap unit: molecule
T3,native,random,all,fg_secondary_amine,F1.sqrt,knn,auroc,0.637,0.6117,0.6618,0.5,,,,5141,5141,1000,20846,inner_cv,"[{""fold"": ""random"", ""k"": 10, ""src"": ""inner_cv"", ""thr"": 0.0985}]",180.68,bootstrap unit: molecule
T3,native,random,all,fg_secondary_amine,F1.sqrt,knn,auprc,0.1762,0.1544,0.2047,0.1025,,,,5141,5141,1000,20846,inner_cv,"[{""fold"": ""random"", ""k"": 10, ""src"": ""inner_cv"", ""thr"": 0.0985}]",180.68,bootstrap unit: molecule
T3,native,random,all,fg_secondary_amine,F1.sqrt,knn,bal_acc,0.607,0.5845,0.6292,0.5,,,,5141,5141,1000,20846,inner_cv,"[{""fold"": ""random"", ""k"": 10, ""src"": ""inner_cv"", ""thr"": 0.0985}]",180.68,bootstrap unit: molecule
T3,native,random,all,fg_secondary_amine,F2.lt1700,majority,auroc,0.5,0.5,0.5,0.5,,,,5141,5141,1000,20846,fixed,"[{""fold"": ""random"", ""src"": ""fixed"", ""thr"": 0.5}]",4.35,bootstrap unit: molecule
T3,native,random,all,fg_secondary_amine,F2.lt1700,majority,auprc,0.1025,0.0947,0.1105,0.1025,,,,5141,5141,1000,20846,fixed,"[{""fold"": ""random"", ""src"": ""fixed"", ""thr"": 0.5}]",4.35,bootstrap unit: molecule
T3,native,random,all,fg_secondary_amine,F2.lt1700,majority,bal_acc,0.5,0.5,0.5,0.5,,,,5141,5141,1000,20846,fixed,"[{""fold"": ""random"", ""src"": ""fixed"", ""thr"": 0.5}]",4.35,bootstrap unit: molecule
T3,native,random,all,fg_secondary_amine,F2.lt1700,lr,auroc,0.7087,0.6844,0.7309,0.5,,,,5141,5141,1000,20846,inner_cv,"[{""fold"": ""random"", ""C"": 0.01, ""src"": ""inner_cv"", ""thr"": 0.4686}]",142.64,bootstrap unit: molecule
T3,native,random,all,fg_secondary_amine,F2.lt1700,lr,auprc,0.2231,0.1968,0.2553,0.1025,,,,5141,5141,1000,20846,inner_cv,"[{""fold"": ""random"", ""C"": 0.01, ""src"": ""inner_cv"", ""thr"": 0.4686}]",142.64,bootstrap unit: molecule
T3,native,random,all,fg_secondary_amine,F2.lt1700,lr,bal_acc,0.6515,0.6312,0.6729,0.5,,,,5141,5141,1000,20846,inner_cv,"[{""fold"": ""random"", ""C"": 0.01, ""src"": ""inner_cv"", ""thr"": 0.4686}]",142.64,bootstrap unit: molecule
T3,native,random,all,fg_secondary_amine,F2.lt1700,hgb,auroc,0.7662,0.7474,0.7862,0.5,,,,5141,5141,1000,20846,inner_cv,"[{""fold"": ""random"", ""src"": ""inner_cv"", ""thr"": 0.4049}]",64.28,bootstrap unit: molecule
T3,native,random,all,fg_secondary_amine,F2.lt1700,hgb,auprc,0.2887,0.2572,0.3302,0.1025,,,,5141,5141,1000,20846,inner_cv,"[{""fold"": ""random"", ""src"": ""inner_cv"", ""thr"": 0.4049}]",64.28,bootstrap unit: molecule
T3,native,random,all,fg_secondary_amine,F2.lt1700,hgb,bal_acc,0.6919,0.6734,0.7105,0.5,,,,5141,5141,1000,20846,inner_cv,"[{""fold"": ""random"", ""src"": ""inner_cv"", ""thr"": 0.4049}]",64.28,bootstrap unit: molecule
T3,native,random,all,fg_secondary_amine,F2.lt1700,knn,auroc,0.7146,0.69,0.7387,0.5,,,,5141,5141,1000,20846,inner_cv,"[{""fold"": ""random"", ""k"": 10, ""src"": ""inner_cv"", ""thr"": 0.1079}]",207.44,bootstrap unit: molecule
T3,native,random,all,fg_secondary_amine,F2.lt1700,knn,auprc,0.2986,0.2635,0.3396,0.1025,,,,5141,5141,1000,20846,inner_cv,"[{""fold"": ""random"", ""k"": 10, ""src"": ""inner_cv"", ""thr"": 0.1079}]",207.44,bootstrap unit: molecule
T3,native,random,all,fg_secondary_amine,F2.lt1700,knn,bal_acc,0.663,0.6421,0.6843,0.5,,,,5141,5141,1000,20846,inner_cv,"[{""fold"": ""random"", ""k"": 10, ""src"": ""inner_cv"", ""thr"": 0.1079}]",207.44,bootstrap unit: molecule
T3,native,random,all,fg_secondary_amine,F3.lt1700,majority,auroc,0.5,0.5,0.5,0.5,,,,5141,5141,1000,20846,fixed,"[{""fold"": ""random"", ""src"": ""fixed"", ""thr"": 0.5}]",3.65,bootstrap unit: molecule
T3,native,random,all,fg_secondary_amine,F3.lt1700,majority,auprc,0.1025,0.0947,0.1105,0.1025,,,,5141,5141,1000,20846,fixed,"[{""fold"": ""random"", ""src"": ""fixed"", ""thr"": 0.5}]",3.65,bootstrap unit: molecule
T3,native,random,all,fg_secondary_amine,F3.lt1700,majority,bal_acc,0.5,0.5,0.5,0.5,,,,5141,5141,1000,20846,fixed,"[{""fold"": ""random"", ""src"": ""fixed"", ""thr"": 0.5}]",3.65,bootstrap unit: molecule
T3,native,random,all,fg_secondary_amine,F3.lt1700,lr,auroc,0.7206,0.6969,0.7428,0.5,,,,5141,5141,1000,20846,inner_cv,"[{""fold"": ""random"", ""C"": 0.01, ""src"": ""inner_cv"", ""thr"": 0.474}]",174.59,bootstrap unit: molecule
T3,native,random,all,fg_secondary_amine,F3.lt1700,lr,auprc,0.2365,0.208,0.2718,0.1025,,,,5141,5141,1000,20846,inner_cv,"[{""fold"": ""random"", ""C"": 0.01, ""src"": ""inner_cv"", ""thr"": 0.474}]",174.59,bootstrap unit: molecule
T3,native,random,all,fg_secondary_amine,F3.lt1700,lr,bal_acc,0.6612,0.6406,0.6824,0.5,,,,5141,5141,1000,20846,inner_cv,"[{""fold"": ""random"", ""C"": 0.01, ""src"": ""inner_cv"", ""thr"": 0.474}]",174.59,bootstrap unit: molecule
T3,native,random,all,fg_secondary_amine,F3.lt1700,hgb,auroc,0.7945,0.775,0.8131,0.5,,,,5141,5141,1000,20846,inner_cv,"[{""fold"": ""random"", ""src"": ""inner_cv"", ""thr"": 0.3516}]",45.8,bootstrap unit: molecule
T3,native,random,all,fg_secondary_amine,F3.lt1700,hgb,auprc,0.3415,0.3038,0.3865,0.1025,,,,5141,5141,1000,20846,inner_cv,"[{""fold"": ""random"", ""src"": ""inner_cv"", ""thr"": 0.3516}]",45.8,bootstrap unit: molecule
T3,native,random,all,fg_secondary_amine,F3.lt1700,hgb,bal_acc,0.709,0.6904,0.727,0.5,,,,5141,5141,1000,20846,inner_cv,"[{""fold"": ""random"", ""src"": ""inner_cv"", ""thr"": 0.3516}]",45.8,bootstrap unit: molecule
T3,native,random,all,fg_secondary_amine,F3.lt1700,knn,auroc,0.745,0.7214,0.7687,0.5,,,,5141,5141,1000,20846,inner_cv,"[{""fold"": ""random"", ""k"": 10, ""src"": ""inner_cv"", ""thr"": 0.1042}]",198.42,bootstrap unit: molecule
T3,native,random,all,fg_secondary_amine,F3.lt1700,knn,auprc,0.3205,0.2827,0.3641,0.1025,,,,5141,5141,1000,20846,inner_cv,"[{""fold"": ""random"", ""k"": 10, ""src"": ""inner_cv"", ""thr"": 0.1042}]",198.42,bootstrap unit: molecule
T3,native,random,all,fg_secondary_amine,F3.lt1700,knn,bal_acc,0.6859,0.6645,0.7074,0.5,,,,5141,5141,1000,20846,inner_cv,"[{""fold"": ""random"", ""k"": 10, ""src"": ""inner_cv"", ""thr"": 0.1042}]",198.42,bootstrap unit: molecule
T3,native,random,all,fg_amide,F1,majority,auroc,0.5,0.5,0.5,0.5,,,,5141,5141,1000,20846,fixed,"[{""fold"": ""random"", ""src"": ""fixed"", ""thr"": 0.5}]",1.87,bootstrap unit: molecule
T3,native,random,all,fg_amide,F1,majority,auprc,0.0652,0.0585,0.0718,0.0652,,,,5141,5141,1000,20846,fixed,"[{""fold"": ""random"", ""src"": ""fixed"", ""thr"": 0.5}]",1.87,bootstrap unit: molecule
T3,native,random,all,fg_amide,F1,majority,bal_acc,0.5,0.5,0.5,0.5,,,,5141,5141,1000,20846,fixed,"[{""fold"": ""random"", ""src"": ""fixed"", ""thr"": 0.5}]",1.87,bootstrap unit: molecule
T3,native,random,all,fg_amide,F1,lr,auroc,0.737,0.7092,0.7605,0.5,0.0099,100,0.498,5141,5141,1000,20846,inner_cv,"[{""fold"": ""random"", ""C"": 0.01, ""src"": ""inner_cv"", ""thr"": 0.4779}]",7.32,bootstrap unit: molecule
T3,native,random,all,fg_amide,F1,lr,auprc,0.1535,0.1299,0.1879,0.0652,,,,5141,5141,1000,20846,inner_cv,"[{""fold"": ""random"", ""C"": 0.01, ""src"": ""inner_cv"", ""thr"": 0.4779}]",7.32,bootstrap unit: molecule
T3,native,random,all,fg_amide,F1,lr,bal_acc,0.6768,0.6481,0.7017,0.5,,,,5141,5141,1000,20846,inner_cv,"[{""fold"": ""random"", ""C"": 0.01, ""src"": ""inner_cv"", ""thr"": 0.4779}]",7.32,bootstrap unit: molecule
T3,native,random,all,fg_amide,F1,hgb,auroc,0.7919,0.7613,0.8178,0.5,,,,5141,5141,1000,20846,inner_cv,"[{""fold"": ""random"", ""src"": ""inner_cv"", ""thr"": 0.4146}]",5.47,bootstrap unit: molecule
T3,native,random,all,fg_amide,F1,hgb,auprc,0.3161,0.2683,0.3717,0.0652,,,,5141,5141,1000,20846,inner_cv,"[{""fold"": ""random"", ""src"": ""inner_cv"", ""thr"": 0.4146}]",5.47,bootstrap unit: molecule
T3,native,random,all,fg_amide,F1,hgb,bal_acc,0.7275,0.699,0.7527,0.5,,,,5141,5141,1000,20846,inner_cv,"[{""fold"": ""random"", ""src"": ""inner_cv"", ""thr"": 0.4146}]",5.47,bootstrap unit: molecule
T3,native,random,all,fg_amide,F1,knn,auroc,0.6006,0.5682,0.6304,0.5,,,,5141,5141,1000,20846,inner_cv,"[{""fold"": ""random"", ""k"": 10, ""src"": ""inner_cv"", ""thr"": 0.0939}]",168.01,bootstrap unit: molecule
T3,native,random,all,fg_amide,F1,knn,auprc,0.0977,0.0813,0.1189,0.0652,,,,5141,5141,1000,20846,inner_cv,"[{""fold"": ""random"", ""k"": 10, ""src"": ""inner_cv"", ""thr"": 0.0939}]",168.01,bootstrap unit: molecule
T3,native,random,all,fg_amide,F1,knn,bal_acc,0.5961,0.5685,0.622,0.5,,,,5141,5141,1000,20846,inner_cv,"[{""fold"": ""random"", ""k"": 10, ""src"": ""inner_cv"", ""thr"": 0.0939}]",168.01,bootstrap unit: molecule
T3,native,random,all,fg_amide,F1pos,majority,auroc,0.5,0.5,0.5,0.5,,,,5141,5141,1000,20846,fixed,"[{""fold"": ""random"", ""src"": ""fixed"", ""thr"": 0.5}]",2.12,bootstrap unit: molecule
T3,native,random,all,fg_amide,F1pos,majority,auprc,0.0652,0.0585,0.0718,0.0652,,,,5141,5141,1000,20846,fixed,"[{""fold"": ""random"", ""src"": ""fixed"", ""thr"": 0.5}]",2.12,bootstrap unit: molecule
T3,native,random,all,fg_amide,F1pos,majority,bal_acc,0.5,0.5,0.5,0.5,,,,5141,5141,1000,20846,fixed,"[{""fold"": ""random"", ""src"": ""fixed"", ""thr"": 0.5}]",2.12,bootstrap unit: molecule
T3,native,random,all,fg_amide,F1pos,lr,auroc,0.788,0.7617,0.8128,0.5,,,,5141,5141,1000,20846,inner_cv,"[{""fold"": ""random"", ""C"": 0.01, ""src"": ""inner_cv"", ""thr"": 0.4443}]",5.07,bootstrap unit: molecule
T3,native,random,all,fg_amide,F1pos,lr,auprc,0.2324,0.1952,0.2772,0.0652,,,,5141,5141,1000,20846,inner_cv,"[{""fold"": ""random"", ""C"": 0.01, ""src"": ""inner_cv"", ""thr"": 0.4443}]",5.07,bootstrap unit: molecule
T3,native,random,all,fg_amide,F1pos,lr,bal_acc,0.7059,0.6791,0.7308,0.5,,,,5141,5141,1000,20846,inner_cv,"[{""fold"": ""random"", ""C"": 0.01, ""src"": ""inner_cv"", ""thr"": 0.4443}]",5.07,bootstrap unit: molecule
T3,native,random,all,fg_amide,F1pos,hgb,auroc,0.7732,0.7447,0.7994,0.5,,,,5141,5141,1000,20846,inner_cv,"[{""fold"": ""random"", ""src"": ""inner_cv"", ""thr"": 0.4289}]",7.59,bootstrap unit: molecule
T3,native,random,all,fg_amide,F1pos,hgb,auprc,0.2556,0.2154,0.3116,0.0652,,,,5141,5141,1000,20846,inner_cv,"[{""fold"": ""random"", ""src"": ""inner_cv"", ""thr"": 0.4289}]",7.59,bootstrap unit: molecule
T3,native,random,all,fg_amide,F1pos,hgb,bal_acc,0.7068,0.6797,0.7316,0.5,,,,5141,5141,1000,20846,inner_cv,"[{""fold"": ""random"", ""src"": ""inner_cv"", ""thr"": 0.4289}]",7.59,bootstrap unit: molecule
T3,native,random,all,fg_amide,F1pos,knn,auroc,0.5548,0.5243,0.5835,0.5,,,,5141,5141,1000,20846,inner_cv,"[{""fold"": ""random"", ""k"": 10, ""src"": ""inner_cv"", ""thr"": 0.095}]",149.67,bootstrap unit: molecule
T3,native,random,all,fg_amide,F1pos,knn,auprc,0.089,0.0752,0.1103,0.0652,,,,5141,5141,1000,20846,inner_cv,"[{""fold"": ""random"", ""k"": 10, ""src"": ""inner_cv"", ""thr"": 0.095}]",149.67,bootstrap unit: molecule
T3,native,random,all,fg_amide,F1pos,knn,bal_acc,0.545,0.5174,0.57,0.5,,,,5141,5141,1000,20846,inner_cv,"[{""fold"": ""random"", ""k"": 10, ""src"": ""inner_cv"", ""thr"": 0.095}]",149.67,bootstrap unit: molecule
T3,native,random,all,fg_amide,F2,majority,auroc,0.5,0.5,0.5,0.5,,,,5141,5141,1000,20846,fixed,"[{""fold"": ""random"", ""src"": ""fixed"", ""thr"": 0.5}]",4.63,bootstrap unit: molecule
T3,native,random,all,fg_amide,F2,majority,auprc,0.0652,0.0585,0.0718,0.0652,,,,5141,5141,1000,20846,fixed,"[{""fold"": ""random"", ""src"": ""fixed"", ""thr"": 0.5}]",4.63,bootstrap unit: molecule
T3,native,random,all,fg_amide,F2,majority,bal_acc,0.5,0.5,0.5,0.5,,,,5141,5141,1000,20846,fixed,"[{""fold"": ""random"", ""src"": ""fixed"", ""thr"": 0.5}]",4.63,bootstrap unit: molecule
T3,native,random,all,fg_amide,F2,lr,auroc,0.7319,0.7063,0.7563,0.5,,,,5141,5141,1000,20846,inner_cv,"[{""fold"": ""random"", ""C"": 0.01, ""src"": ""inner_cv"", ""thr"": 0.4096}]",151.95,bootstrap unit: molecule
T3,native,random,all,fg_amide,F2,lr,auprc,0.1422,0.1215,0.1689,0.0652,,,,5141,5141,1000,20846,inner_cv,"[{""fold"": ""random"", ""C"": 0.01, ""src"": ""inner_cv"", ""thr"": 0.4096}]",151.95,bootstrap unit: molecule
T3,native,random,all,fg_amide,F2,lr,bal_acc,0.6729,0.6475,0.6961,0.5,,,,5141,5141,1000,20846,inner_cv,"[{""fold"": ""random"", ""C"": 0.01, ""src"": ""inner_cv"", ""thr"": 0.4096}]",151.95,bootstrap unit: molecule
T3,native,random,all,fg_amide,F2,hgb,auroc,0.8353,0.8115,0.8577,0.5,,,,5141,5141,1000,20846,inner_cv,"[{""fold"": ""random"", ""src"": ""inner_cv"", ""thr"": 0.308}]",55.32,bootstrap unit: molecule
T3,native,random,all,fg_amide,F2,hgb,auprc,0.4321,0.3793,0.4873,0.0652,,,,5141,5141,1000,20846,inner_cv,"[{""fold"": ""random"", ""src"": ""inner_cv"", ""thr"": 0.308}]",55.32,bootstrap unit: molecule
T3,native,random,all,fg_amide,F2,hgb,bal_acc,0.7414,0.7181,0.7628,0.5,,,,5141,5141,1000,20846,inner_cv,"[{""fold"": ""random"", ""src"": ""inner_cv"", ""thr"": 0.308}]",55.32,bootstrap unit: molecule
T3,native,random,all,fg_amide,F2,knn,auroc,0.6738,0.6419,0.7026,0.5,,,,5141,5141,1000,20846,inner_cv,"[{""fold"": ""random"", ""k"": 10, ""src"": ""inner_cv"", ""thr"": 0.094}]",177.53,bootstrap unit: molecule
T3,native,random,all,fg_amide,F2,knn,auprc,0.1585,0.1301,0.1976,0.0652,,,,5141,5141,1000,20846,inner_cv,"[{""fold"": ""random"", ""k"": 10, ""src"": ""inner_cv"", ""thr"": 0.094}]",177.53,bootstrap unit: molecule
T3,native,random,all,fg_amide,F2,knn,bal_acc,0.6568,0.629,0.6842,0.5,,,,5141,5141,1000,20846,inner_cv,"[{""fold"": ""random"", ""k"": 10, ""src"": ""inner_cv"", ""thr"": 0.094}]",177.53,bootstrap unit: molecule
T3,native,random,all,fg_amide,F3,majority,auroc,0.5,0.5,0.5,0.5,,,,5141,5141,1000,20846,fixed,"[{""fold"": ""random"", ""src"": ""fixed"", ""thr"": 0.5}]",3.68,bootstrap unit: molecule
T3,native,random,all,fg_amide,F3,majority,auprc,0.0652,0.0585,0.0718,0.0652,,,,5141,5141,1000,20846,fixed,"[{""fold"": ""random"", ""src"": ""fixed"", ""thr"": 0.5}]",3.68,bootstrap unit: molecule
T3,native,random,all,fg_amide,F3,majority,bal_acc,0.5,0.5,0.5,0.5,,,,5141,5141,1000,20846,fixed,"[{""fold"": ""random"", ""src"": ""fixed"", ""thr"": 0.5}]",3.68,bootstrap unit: molecule
T3,native,random,all,fg_amide,F3,lr,auroc,0.7421,0.717,0.7669,0.5,,,,5141,5141,1000,20846,inner_cv,"[{""fold"": ""random"", ""C"": 0.01, ""src"": ""inner_cv"", ""thr"": 0.4488}]",123.27,bootstrap unit: molecule
T3,native,random,all,fg_amide,F3,lr,auprc,0.1548,0.1312,0.1886,0.0652,,,,5141,5141,1000,20846,inner_cv,"[{""fold"": ""random"", ""C"": 0.01, ""src"": ""inner_cv"", ""thr"": 0.4488}]",123.27,bootstrap unit: molecule
T3,native,random,all,fg_amide,F3,lr,bal_acc,0.6791,0.6534,0.7048,0.5,,,,5141,5141,1000,20846,inner_cv,"[{""fold"": ""random"", ""C"": 0.01, ""src"": ""inner_cv"", ""thr"": 0.4488}]",123.27,bootstrap unit: molecule
T3,native,random,all,fg_amide,F3,hgb,auroc,0.9174,0.9045,0.929,0.5,0.0099,100,0.5005,5141,5141,1000,20846,inner_cv,"[{""fold"": ""random"", ""src"": ""inner_cv"", ""thr"": 0.2941}]",60.18,bootstrap unit: molecule
T3,native,random,all,fg_amide,F3,hgb,auprc,0.5189,0.4662,0.5738,0.0652,,,,5141,5141,1000,20846,inner_cv,"[{""fold"": ""random"", ""src"": ""inner_cv"", ""thr"": 0.2941}]",60.18,bootstrap unit: molecule
T3,native,random,all,fg_amide,F3,hgb,bal_acc,0.8341,0.8173,0.8494,0.5,,,,5141,5141,1000,20846,inner_cv,"[{""fold"": ""random"", ""src"": ""inner_cv"", ""thr"": 0.2941}]",60.18,bootstrap unit: molecule
T3,native,random,all,fg_amide,F3,knn,auroc,0.7163,0.6871,0.7464,0.5,,,,5141,5141,1000,20846,inner_cv,"[{""fold"": ""random"", ""k"": 10, ""src"": ""inner_cv"", ""thr"": 0.094}]",171.75,bootstrap unit: molecule
T3,native,random,all,fg_amide,F3,knn,auprc,0.2171,0.1791,0.2678,0.0652,,,,5141,5141,1000,20846,inner_cv,"[{""fold"": ""random"", ""k"": 10, ""src"": ""inner_cv"", ""thr"": 0.094}]",171.75,bootstrap unit: molecule
T3,native,random,all,fg_amide,F3,knn,bal_acc,0.6835,0.6582,0.7129,0.5,,,,5141,5141,1000,20846,inner_cv,"[{""fold"": ""random"", ""k"": 10, ""src"": ""inner_cv"", ""thr"": 0.094}]",171.75,bootstrap unit: molecule
T3,native,random,all,fg_amide,F1.sqrt,majority,auroc,0.5,0.5,0.5,0.5,,,,5141,5141,1000,20846,fixed,"[{""fold"": ""random"", ""src"": ""fixed"", ""thr"": 0.5}]",2.31,bootstrap unit: molecule
T3,native,random,all,fg_amide,F1.sqrt,majority,auprc,0.0652,0.0585,0.0718,0.0652,,,,5141,5141,1000,20846,fixed,"[{""fold"": ""random"", ""src"": ""fixed"", ""thr"": 0.5}]",2.31,bootstrap unit: molecule
T3,native,random,all,fg_amide,F1.sqrt,majority,bal_acc,0.5,0.5,0.5,0.5,,,,5141,5141,1000,20846,fixed,"[{""fold"": ""random"", ""src"": ""fixed"", ""thr"": 0.5}]",2.31,bootstrap unit: molecule
T3,native,random,all,fg_amide,F1.sqrt,lr,auroc,0.774,0.747,0.7967,0.5,,,,5141,5141,1000,20846,inner_cv,"[{""fold"": ""random"", ""C"": 0.01, ""src"": ""inner_cv"", ""thr"": 0.4864}]",6.93,bootstrap unit: molecule
T3,native,random,all,fg_amide,F1.sqrt,lr,auprc,0.1895,0.1602,0.2268,0.0652,,,,5141,5141,1000,20846,inner_cv,"[{""fold"": ""random"", ""C"": 0.01, ""src"": ""inner_cv"", ""thr"": 0.4864}]",6.93,bootstrap unit: molecule
T3,native,random,all,fg_amide,F1.sqrt,lr,bal_acc,0.7007,0.6727,0.7251,0.5,,,,5141,5141,1000,20846,inner_cv,"[{""fold"": ""random"", ""C"": 0.01, ""src"": ""inner_cv"", ""thr"": 0.4864}]",6.93,bootstrap unit: molecule
T3,native,random,all,fg_amide,F1.sqrt,hgb,auroc,0.7919,0.7613,0.8178,0.5,,,,5141,5141,1000,20846,inner_cv,"[{""fold"": ""random"", ""src"": ""inner_cv"", ""thr"": 0.4146}]",11.65,bootstrap unit: molecule
T3,native,random,all,fg_amide,F1.sqrt,hgb,auprc,0.3161,0.2683,0.3716,0.0652,,,,5141,5141,1000,20846,inner_cv,"[{""fold"": ""random"", ""src"": ""inner_cv"", ""thr"": 0.4146}]",11.65,bootstrap unit: molecule
T3,native,random,all,fg_amide,F1.sqrt,hgb,bal_acc,0.7275,0.699,0.7527,0.5,,,,5141,5141,1000,20846,inner_cv,"[{""fold"": ""random"", ""src"": ""inner_cv"", ""thr"": 0.4146}]",11.65,bootstrap unit: molecule
T3,native,random,all,fg_amide,F1.sqrt,knn,auroc,0.6153,0.5839,0.6444,0.5,,,,5141,5141,1000,20846,inner_cv,"[{""fold"": ""random"", ""k"": 10, ""src"": ""inner_cv"", ""thr"": 0.0921}]",117.65,bootstrap unit: molecule
T3,native,random,all,fg_amide,F1.sqrt,knn,auprc,0.1118,0.0914,0.138,0.0652,,,,5141,5141,1000,20846,inner_cv,"[{""fold"": ""random"", ""k"": 10, ""src"": ""inner_cv"", ""thr"": 0.0921}]",117.65,bootstrap unit: molecule
T3,native,random,all,fg_amide,F1.sqrt,knn,bal_acc,0.5955,0.5672,0.6222,0.5,,,,5141,5141,1000,20846,inner_cv,"[{""fold"": ""random"", ""k"": 10, ""src"": ""inner_cv"", ""thr"": 0.0921}]",117.65,bootstrap unit: molecule
T3,native,random,all,fg_amide,F2.lt1700,majority,auroc,0.5,0.5,0.5,0.5,,,,5141,5141,1000,20846,fixed,"[{""fold"": ""random"", ""src"": ""fixed"", ""thr"": 0.5}]",6.3,bootstrap unit: molecule
T3,native,random,all,fg_amide,F2.lt1700,majority,auprc,0.0652,0.0585,0.0718,0.0652,,,,5141,5141,1000,20846,fixed,"[{""fold"": ""random"", ""src"": ""fixed"", ""thr"": 0.5}]",6.3,bootstrap unit: molecule
T3,native,random,all,fg_amide,F2.lt1700,majority,bal_acc,0.5,0.5,0.5,0.5,,,,5141,5141,1000,20846,fixed,"[{""fold"": ""random"", ""src"": ""fixed"", ""thr"": 0.5}]",6.3,bootstrap unit: molecule
T3,native,random,all,fg_amide,F2.lt1700,lr,auroc,0.7189,0.6921,0.7458,0.5,,,,5141,5141,1000,20846,inner_cv,"[{""fold"": ""random"", ""C"": 0.01, ""src"": ""inner_cv"", ""thr"": 0.4552}]",174.52,bootstrap unit: molecule
T3,native,random,all,fg_amide,F2.lt1700,lr,auprc,0.1364,0.1157,0.1635,0.0652,,,,5141,5141,1000,20846,inner_cv,"[{""fold"": ""random"", ""C"": 0.01, ""src"": ""inner_cv"", ""thr"": 0.4552}]",174.52,bootstrap unit: molecule
T3,native,random,all,fg_amide,F2.lt1700,lr,bal_acc,0.662,0.6361,0.6865,0.5,,,,5141,5141,1000,20846,inner_cv,"[{""fold"": ""random"", ""C"": 0.01, ""src"": ""inner_cv"", ""thr"": 0.4552}]",174.52,bootstrap unit: molecule
T3,native,random,all,fg_amide,F2.lt1700,hgb,auroc,0.8313,0.8072,0.8532,0.5,,,,5141,5141,1000,20846,inner_cv,"[{""fold"": ""random"", ""src"": ""inner_cv"", ""thr"": 0.317}]",66.63,bootstrap unit: molecule
T3,native,random,all,fg_amide,F2.lt1700,hgb,auprc,0.4316,0.3796,0.4854,0.0652,,,,5141,5141,1000,20846,inner_cv,"[{""fold"": ""random"", ""src"": ""inner_cv"", ""thr"": 0.317}]",66.63,bootstrap unit: molecule
T3,native,random,all,fg_amide,F2.lt1700,hgb,bal_acc,0.7354,0.7096,0.7572,0.5,,,,5141,5141,1000,20846,inner_cv,"[{""fold"": ""random"", ""src"": ""inner_cv"", ""thr"": 0.317}]",66.63,bootstrap unit: molecule
T3,native,random,all,fg_amide,F2.lt1700,knn,auroc,0.6578,0.6259,0.6885,0.5,,,,5141,5141,1000,20846,inner_cv,"[{""fold"": ""random"", ""k"": 10, ""src"": ""inner_cv"", ""thr"": 0.0943}]",131.87,bootstrap unit: molecule
T3,native,random,all,fg_amide,F2.lt1700,knn,auprc,0.1448,0.1199,0.1799,0.0652,,,,5141,5141,1000,20846,inner_cv,"[{""fold"": ""random"", ""k"": 10, ""src"": ""inner_cv"", ""thr"": 0.0943}]",131.87,bootstrap unit: molecule
T3,native,random,all,fg_amide,F2.lt1700,knn,bal_acc,0.6385,0.6104,0.6655,0.5,,,,5141,5141,1000,20846,inner_cv,"[{""fold"": ""random"", ""k"": 10, ""src"": ""inner_cv"", ""thr"": 0.0943}]",131.87,bootstrap unit: molecule
T3,native,random,all,fg_amide,F3.lt1700,majority,auroc,0.5,0.5,0.5,0.5,,,,5141,5141,1000,20846,fixed,"[{""fold"": ""random"", ""src"": ""fixed"", ""thr"": 0.5}]",4.98,bootstrap unit: molecule
T3,native,random,all,fg_amide,F3.lt1700,majority,auprc,0.0652,0.0585,0.0718,0.0652,,,,5141,5141,1000,20846,fixed,"[{""fold"": ""random"", ""src"": ""fixed"", ""thr"": 0.5}]",4.98,bootstrap unit: molecule
T3,native,random,all,fg_amide,F3.lt1700,majority,bal_acc,0.5,0.5,0.5,0.5,,,,5141,5141,1000,20846,fixed,"[{""fold"": ""random"", ""src"": ""fixed"", ""thr"": 0.5}]",4.98,bootstrap unit: molecule
T3,native,random,all,fg_amide,F3.lt1700,lr,auroc,0.7249,0.6997,0.7512,0.5,,,,5141,5141,1000,20846,inner_cv,"[{""fold"": ""random"", ""C"": 0.01, ""src"": ""inner_cv"", ""thr"": 0.4585}]",113.86,bootstrap unit: molecule
T3,native,random,all,fg_amide,F3.lt1700,lr,auprc,0.1424,0.1201,0.1728,0.0652,,,,5141,5141,1000,20846,inner_cv,"[{""fold"": ""random"", ""C"": 0.01, ""src"": ""inner_cv"", ""thr"": 0.4585}]",113.86,bootstrap unit: molecule
T3,native,random,all,fg_amide,F3.lt1700,lr,bal_acc,0.6717,0.6473,0.6968,0.5,,,,5141,5141,1000,20846,inner_cv,"[{""fold"": ""random"", ""C"": 0.01, ""src"": ""inner_cv"", ""thr"": 0.4585}]",113.86,bootstrap unit: molecule
T3,native,random,all,fg_amide,F3.lt1700,hgb,auroc,0.9029,0.8878,0.9166,0.5,,,,5141,5141,1000,20846,inner_cv,"[{""fold"": ""random"", ""src"": ""inner_cv"", ""thr"": 0.2381}]",66.0,bootstrap unit: molecule
T3,native,random,all,fg_amide,F3.lt1700,hgb,auprc,0.4914,0.4349,0.5483,0.0652,,,,5141,5141,1000,20846,inner_cv,"[{""fold"": ""random"", ""src"": ""inner_cv"", ""thr"": 0.2381}]",66.0,bootstrap unit: molecule
T3,native,random,all,fg_amide,F3.lt1700,hgb,bal_acc,0.8034,0.7868,0.817,0.5,,,,5141,5141,1000,20846,inner_cv,"[{""fold"": ""random"", ""src"": ""inner_cv"", ""thr"": 0.2381}]",66.0,bootstrap unit: molecule
T3,native,random,all,fg_amide,F3.lt1700,knn,auroc,0.6991,0.667,0.7308,0.5,,,,5141,5141,1000,20846,inner_cv,"[{""fold"": ""random"", ""k"": 10, ""src"": ""inner_cv"", ""thr"": 0.0962}]",161.11,bootstrap unit: molecule
T3,native,random,all,fg_amide,F3.lt1700,knn,auprc,0.2069,0.1685,0.256,0.0652,,,,5141,5141,1000,20846,inner_cv,"[{""fold"": ""random"", ""k"": 10, ""src"": ""inner_cv"", ""thr"": 0.0962}]",161.11,bootstrap unit: molecule
T3,native,random,all,fg_amide,F3.lt1700,knn,bal_acc,0.6716,0.6434,0.6991,0.5,,,,5141,5141,1000,20846,inner_cv,"[{""fold"": ""random"", ""k"": 10, ""src"": ""inner_cv"", ""thr"": 0.0962}]",161.11,bootstrap unit: molecule
T3,native,random,all,fg_hydroxyl_aliphatic,F1,majority,auroc,0.5,0.5,0.5,0.5,,,,5141,5141,1000,20846,fixed,"[{""fold"": ""random"", ""src"": ""fixed"", ""thr"": 0.5}]",2.48,bootstrap unit: molecule
T3,native,random,all,fg_hydroxyl_aliphatic,F1,majority,auprc,0.2898,0.278,0.3033,0.2898,,,,5141,5141,1000,20846,fixed,"[{""fold"": ""random"", ""src"": ""fixed"", ""thr"": 0.5}]",2.48,bootstrap unit: molecule
T3,native,random,all,fg_hydroxyl_aliphatic,F1,majority,bal_acc,0.5,0.5,0.5,0.5,,,,5141,5141,1000,20846,fixed,"[{""fold"": ""random"", ""src"": ""fixed"", ""thr"": 0.5}]",2.48,bootstrap unit: molecule
T3,native,random,all,fg_hydroxyl_aliphatic,F1,lr,auroc,0.6907,0.6757,0.706,0.5,0.0099,100,0.4986,5141,5141,1000,20846,inner_cv,"[{""fold"": ""random"", ""C"": 10.0, ""src"": ""inner_cv"", ""thr"": 0.4532}]",6.86,bootstrap unit: molecule
T3,native,random,all,fg_hydroxyl_aliphatic,F1,lr,auprc,0.4557,0.4313,0.4807,0.2898,,,,5141,5141,1000,20846,inner_cv,"[{""fold"": ""random"", ""C"": 10.0, ""src"": ""inner_cv"", ""thr"": 0.4532}]",6.86,bootstrap unit: molecule
T3,native,random,all,fg_hydroxyl_aliphatic,F1,lr,bal_acc,0.6354,0.6213,0.6491,0.5,,,,5141,5141,1000,20846,inner_cv,"[{""fold"": ""random"", ""C"": 10.0, ""src"": ""inner_cv"", ""thr"": 0.4532}]",6.86,bootstrap unit: molecule
T3,native,random,all,fg_hydroxyl_aliphatic,F1,hgb,auroc,0.7452,0.7313,0.7586,0.5,,,,5141,5141,1000,20846,inner_cv,"[{""fold"": ""random"", ""src"": ""inner_cv"", ""thr"": 0.5109}]",6.66,bootstrap unit: molecule
T3,native,random,all,fg_hydroxyl_aliphatic,F1,hgb,auprc,0.5482,0.5219,0.576,0.2898,,,,5141,5141,1000,20846,inner_cv,"[{""fold"": ""random"", ""src"": ""inner_cv"", ""thr"": 0.5109}]",6.66,bootstrap unit: molecule
T3,native,random,all,fg_hydroxyl_aliphatic,F1,hgb,bal_acc,0.679,0.665,0.6926,0.5,,,,5141,5141,1000,20846,inner_cv,"[{""fold"": ""random"", ""src"": ""inner_cv"", ""thr"": 0.5109}]",6.66,bootstrap unit: molecule
T3,native,random,all,fg_hydroxyl_aliphatic,F1,knn,auroc,0.6142,0.5971,0.6307,0.5,,,,5141,5141,1000,20846,inner_cv,"[{""fold"": ""random"", ""k"": 10, ""src"": ""inner_cv"", ""thr"": 0.2908}]",98.23,bootstrap unit: molecule
T3,native,random,all,fg_hydroxyl_aliphatic,F1,knn,auprc,0.3784,0.3572,0.4022,0.2898,,,,5141,5141,1000,20846,inner_cv,"[{""fold"": ""random"", ""k"": 10, ""src"": ""inner_cv"", ""thr"": 0.2908}]",98.23,bootstrap unit: molecule
T3,native,random,all,fg_hydroxyl_aliphatic,F1,knn,bal_acc,0.5851,0.5698,0.5995,0.5,,,,5141,5141,1000,20846,inner_cv,"[{""fold"": ""random"", ""k"": 10, ""src"": ""inner_cv"", ""thr"": 0.2908}]",98.23,bootstrap unit: molecule
T3,native,random,all,fg_hydroxyl_aliphatic,F1pos,majority,auroc,0.5,0.5,0.5,0.5,,,,5141,5141,1000,20846,fixed,"[{""fold"": ""random"", ""src"": ""fixed"", ""thr"": 0.5}]",3.52,bootstrap unit: molecule
T3,native,random,all,fg_hydroxyl_aliphatic,F1pos,majority,auprc,0.2898,0.278,0.3033,0.2898,,,,5141,5141,1000,20846,fixed,"[{""fold"": ""random"", ""src"": ""fixed"", ""thr"": 0.5}]",3.52,bootstrap unit: molecule
T3,native,random,all,fg_hydroxyl_aliphatic,F1pos,majority,bal_acc,0.5,0.5,0.5,0.5,,,,5141,5141,1000,20846,fixed,"[{""fold"": ""random"", ""src"": ""fixed"", ""thr"": 0.5}]",3.52,bootstrap unit: molecule
T3,native,random,all,fg_hydroxyl_aliphatic,F1pos,lr,auroc,0.7326,0.7192,0.7471,0.5,,,,5141,5141,1000,20846,inner_cv,"[{""fold"": ""random"", ""C"": 10.0, ""src"": ""inner_cv"", ""thr"": 0.4763}]",8.38,bootstrap unit: molecule
T3,native,random,all,fg_hydroxyl_aliphatic,F1pos,lr,auprc,0.5287,0.503,0.5555,0.2898,,,,5141,5141,1000,20846,inner_cv,"[{""fold"": ""random"", ""C"": 10.0, ""src"": ""inner_cv"", ""thr"": 0.4763}]",8.38,bootstrap unit: molecule
T3,native,random,all,fg_hydroxyl_aliphatic,F1pos,lr,bal_acc,0.6666,0.6531,0.6803,0.5,,,,5141,5141,1000,20846,inner_cv,"[{""fold"": ""random"", ""C"": 10.0, ""src"": ""inner_cv"", ""thr"": 0.4763}]",8.38,bootstrap unit: molecule
T3,native,random,all,fg_hydroxyl_aliphatic,F1pos,hgb,auroc,0.7274,0.7142,0.7425,0.5,,,,5141,5141,1000,20846,inner_cv,"[{""fold"": ""random"", ""src"": ""inner_cv"", ""thr"": 0.5365}]",7.68,bootstrap unit: molecule
T3,native,random,all,fg_hydroxyl_aliphatic,F1pos,hgb,auprc,0.5151,0.4894,0.5429,0.2898,,,,5141,5141,1000,20846,inner_cv,"[{""fold"": ""random"", ""src"": ""inner_cv"", ""thr"": 0.5365}]",7.68,bootstrap unit: molecule
T3,native,random,all,fg_hydroxyl_aliphatic,F1pos,hgb,bal_acc,0.6581,0.6446,0.6729,0.5,,,,5141,5141,1000,20846,inner_cv,"[{""fold"": ""random"", ""src"": ""inner_cv"", ""thr"": 0.5365}]",7.68,bootstrap unit: molecule
T3,native,random,all,fg_hydroxyl_aliphatic,F1pos,knn,auroc,0.5992,0.5828,0.6156,0.5,,,,5141,5141,1000,20846,inner_cv,"[{""fold"": ""random"", ""k"": 10, ""src"": ""inner_cv"", ""thr"": 0.3037}]",90.93,bootstrap unit: molecule
T3,native,random,all,fg_hydroxyl_aliphatic,F1pos,knn,auprc,0.3657,0.3458,0.389,0.2898,,,,5141,5141,1000,20846,inner_cv,"[{""fold"": ""random"", ""k"": 10, ""src"": ""inner_cv"", ""thr"": 0.3037}]",90.93,bootstrap unit: molecule
T3,native,random,all,fg_hydroxyl_aliphatic,F1pos,knn,bal_acc,0.5619,0.5468,0.5759,0.5,,,,5141,5141,1000,20846,inner_cv,"[{""fold"": ""random"", ""k"": 10, ""src"": ""inner_cv"", ""thr"": 0.3037}]",90.93,bootstrap unit: molecule
T3,native,random,all,fg_hydroxyl_aliphatic,F2,majority,auroc,0.5,0.5,0.5,0.5,,,,5141,5141,1000,20846,fixed,"[{""fold"": ""random"", ""src"": ""fixed"", ""thr"": 0.5}]",3.8,bootstrap unit: molecule
T3,native,random,all,fg_hydroxyl_aliphatic,F2,majority,auprc,0.2898,0.278,0.3033,0.2898,,,,5141,5141,1000,20846,fixed,"[{""fold"": ""random"", ""src"": ""fixed"", ""thr"": 0.5}]",3.8,bootstrap unit: molecule
T3,native,random,all,fg_hydroxyl_aliphatic,F2,majority,bal_acc,0.5,0.5,0.5,0.5,,,,5141,5141,1000,20846,fixed,"[{""fold"": ""random"", ""src"": ""fixed"", ""thr"": 0.5}]",3.8,bootstrap unit: molecule
T3,native,random,all,fg_hydroxyl_aliphatic,F2,lr,auroc,0.6846,0.6697,0.6997,0.5,,,,5141,5141,1000,20846,inner_cv,"[{""fold"": ""random"", ""C"": 0.01, ""src"": ""inner_cv"", ""thr"": 0.4914}]",154.67,bootstrap unit: molecule
T3,native,random,all,fg_hydroxyl_aliphatic,F2,lr,auprc,0.4487,0.4259,0.4742,0.2898,,,,5141,5141,1000,20846,inner_cv,"[{""fold"": ""random"", ""C"": 0.01, ""src"": ""inner_cv"", ""thr"": 0.4914}]",154.67,bootstrap unit: molecule
T3,native,random,all,fg_hydroxyl_aliphatic,F2,lr,bal_acc,0.6351,0.6207,0.6502,0.5,,,,5141,5141,1000,20846,inner_cv,"[{""fold"": ""random"", ""C"": 0.01, ""src"": ""inner_cv"", ""thr"": 0.4914}]",154.67,bootstrap unit: molecule
T3,native,random,all,fg_hydroxyl_aliphatic,F2,hgb,auroc,0.7678,0.755,0.7817,0.5,,,,5141,5141,1000,20846,inner_cv,"[{""fold"": ""random"", ""src"": ""inner_cv"", ""thr"": 0.4926}]",51.76,bootstrap unit: molecule
T3,native,random,all,fg_hydroxyl_aliphatic,F2,hgb,auprc,0.5777,0.5525,0.6042,0.2898,,,,5141,5141,1000,20846,inner_cv,"[{""fold"": ""random"", ""src"": ""inner_cv"", ""thr"": 0.4926}]",51.76,bootstrap unit: molecule
T3,native,random,all,fg_hydroxyl_aliphatic,F2,hgb,bal_acc,0.6967,0.6828,0.7107,0.5,,,,5141,5141,1000,20846,inner_cv,"[{""fold"": ""random"", ""src"": ""inner_cv"", ""thr"": 0.4926}]",51.76,bootstrap unit: molecule
T3,native,random,all,fg_hydroxyl_aliphatic,F2,knn,auroc,0.6491,0.632,0.6646,0.5,,,,5141,5141,1000,20846,inner_cv,"[{""fold"": ""random"", ""k"": 10, ""src"": ""inner_cv"", ""thr"": 0.2904}]",144.66,bootstrap unit: molecule
T3,native,random,all,fg_hydroxyl_aliphatic,F2,knn,auprc,0.4441,0.4189,0.4711,0.2898,,,,5141,5141,1000,20846,inner_cv,"[{""fold"": ""random"", ""k"": 10, ""src"": ""inner_cv"", ""thr"": 0.2904}]",144.66,bootstrap unit: molecule
T3,native,random,all,fg_hydroxyl_aliphatic,F2,knn,bal_acc,0.604,0.5897,0.6179,0.5,,,,5141,5141,1000,20846,inner_cv,"[{""fold"": ""random"", ""k"": 10, ""src"": ""inner_cv"", ""thr"": 0.2904}]",144.66,bootstrap unit: molecule
T3,native,random,all,fg_hydroxyl_aliphatic,F3,majority,auroc,0.5,0.5,0.5,0.5,,,,5141,5141,1000,20846,fixed,"[{""fold"": ""random"", ""src"": ""fixed"", ""thr"": 0.5}]",3.21,bootstrap unit: molecule
T3,native,random,all,fg_hydroxyl_aliphatic,F3,majority,auprc,0.2898,0.278,0.3033,0.2898,,,,5141,5141,1000,20846,fixed,"[{""fold"": ""random"", ""src"": ""fixed"", ""thr"": 0.5}]",3.21,bootstrap unit: molecule
T3,native,random,all,fg_hydroxyl_aliphatic,F3,majority,bal_acc,0.5,0.5,0.5,0.5,,,,5141,5141,1000,20846,fixed,"[{""fold"": ""random"", ""src"": ""fixed"", ""thr"": 0.5}]",3.21,bootstrap unit: molecule
T3,native,random,all,fg_hydroxyl_aliphatic,F3,lr,auroc,0.6956,0.6804,0.7104,0.5,,,,5141,5141,1000,20846,inner_cv,"[{""fold"": ""random"", ""C"": 0.01, ""src"": ""inner_cv"", ""thr"": 0.4861}]",118.01,bootstrap unit: molecule
T3,native,random,all,fg_hydroxyl_aliphatic,F3,lr,auprc,0.462,0.4374,0.4886,0.2898,,,,5141,5141,1000,20846,inner_cv,"[{""fold"": ""random"", ""C"": 0.01, ""src"": ""inner_cv"", ""thr"": 0.4861}]",118.01,bootstrap unit: molecule
T3,native,random,all,fg_hydroxyl_aliphatic,F3,lr,bal_acc,0.6426,0.6283,0.657,0.5,,,,5141,5141,1000,20846,inner_cv,"[{""fold"": ""random"", ""C"": 0.01, ""src"": ""inner_cv"", ""thr"": 0.4861}]",118.01,bootstrap unit: molecule
T3,native,random,all,fg_hydroxyl_aliphatic,F3,hgb,auroc,0.797,0.7845,0.8099,0.5,0.0099,100,0.4987,5141,5141,1000,20846,inner_cv,"[{""fold"": ""random"", ""src"": ""inner_cv"", ""thr"": 0.5153}]",53.77,bootstrap unit: molecule
T3,native,random,all,fg_hydroxyl_aliphatic,F3,hgb,auprc,0.6315,0.6041,0.6574,0.2898,,,,5141,5141,1000,20846,inner_cv,"[{""fold"": ""random"", ""src"": ""inner_cv"", ""thr"": 0.5153}]",53.77,bootstrap unit: molecule
T3,native,random,all,fg_hydroxyl_aliphatic,F3,hgb,bal_acc,0.7213,0.7076,0.7349,0.5,,,,5141,5141,1000,20846,inner_cv,"[{""fold"": ""random"", ""src"": ""inner_cv"", ""thr"": 0.5153}]",53.77,bootstrap unit: molecule
T3,native,random,all,fg_hydroxyl_aliphatic,F3,knn,auroc,0.6577,0.6404,0.673,0.5,,,,5141,5141,1000,20846,inner_cv,"[{""fold"": ""random"", ""k"": 10, ""src"": ""inner_cv"", ""thr"": 0.299}]",149.7,bootstrap unit: molecule
T3,native,random,all,fg_hydroxyl_aliphatic,F3,knn,auprc,0.4697,0.4442,0.4945,0.2898,,,,5141,5141,1000,20846,inner_cv,"[{""fold"": ""random"", ""k"": 10, ""src"": ""inner_cv"", ""thr"": 0.299}]",149.7,bootstrap unit: molecule
T3,native,random,all,fg_hydroxyl_aliphatic,F3,knn,bal_acc,0.609,0.5941,0.6231,0.5,,,,5141,5141,1000,20846,inner_cv,"[{""fold"": ""random"", ""k"": 10, ""src"": ""inner_cv"", ""thr"": 0.299}]",149.7,bootstrap unit: molecule
T3,native,random,all,fg_hydroxyl_aliphatic,F1.sqrt,majority,auroc,0.5,0.5,0.5,0.5,,,,5141,5141,1000,20846,fixed,"[{""fold"": ""random"", ""src"": ""fixed"", ""thr"": 0.5}]",3.0,bootstrap unit: molecule
T3,native,random,all,fg_hydroxyl_aliphatic,F1.sqrt,majority,auprc,0.2898,0.278,0.3033,0.2898,,,,5141,5141,1000,20846,fixed,"[{""fold"": ""random"", ""src"": ""fixed"", ""thr"": 0.5}]",3.0,bootstrap unit: molecule
T3,native,random,all,fg_hydroxyl_aliphatic,F1.sqrt,majority,bal_acc,0.5,0.5,0.5,0.5,,,,5141,5141,1000,20846,fixed,"[{""fold"": ""random"", ""src"": ""fixed"", ""thr"": 0.5}]",3.0,bootstrap unit: molecule
T3,native,random,all,fg_hydroxyl_aliphatic,F1.sqrt,lr,auroc,0.724,0.7095,0.7386,0.5,,,,5141,5141,1000,20846,inner_cv,"[{""fold"": ""random"", ""C"": 10.0, ""src"": ""inner_cv"", ""thr"": 0.4892}]",8.63,bootstrap unit: molecule
T3,native,random,all,fg_hydroxyl_aliphatic,F1.sqrt,lr,auprc,0.5145,0.4897,0.5405,0.2898,,,,5141,5141,1000,20846,inner_cv,"[{""fold"": ""random"", ""C"": 10.0, ""src"": ""inner_cv"", ""thr"": 0.4892}]",8.63,bootstrap unit: molecule
T3,native,random,all,fg_hydroxyl_aliphatic,F1.sqrt,lr,bal_acc,0.6679,0.6542,0.6814,0.5,,,,5141,5141,1000,20846,inner_cv,"[{""fold"": ""random"", ""C"": 10.0, ""src"": ""inner_cv"", ""thr"": 0.4892}]",8.63,bootstrap unit: molecule
T3,native,random,all,fg_hydroxyl_aliphatic,F1.sqrt,hgb,auroc,0.7452,0.7313,0.7586,0.5,,,,5141,5141,1000,20846,inner_cv,"[{""fold"": ""random"", ""src"": ""inner_cv"", ""thr"": 0.5109}]",10.44,bootstrap unit: molecule
T3,native,random,all,fg_hydroxyl_aliphatic,F1.sqrt,hgb,auprc,0.5481,0.5219,0.5759,0.2898,,,,5141,5141,1000,20846,inner_cv,"[{""fold"": ""random"", ""src"": ""inner_cv"", ""thr"": 0.5109}]",10.44,bootstrap unit: molecule
T3,native,random,all,fg_hydroxyl_aliphatic,F1.sqrt,hgb,bal_acc,0.679,0.665,0.6926,0.5,,,,5141,5141,1000,20846,inner_cv,"[{""fold"": ""random"", ""src"": ""inner_cv"", ""thr"": 0.5109}]",10.44,bootstrap unit: molecule
T3,native,random,all,fg_hydroxyl_aliphatic,F1.sqrt,knn,auroc,0.6213,0.6054,0.6382,0.5,,,,5141,5141,1000,20846,inner_cv,"[{""fold"": ""random"", ""k"": 10, ""src"": ""inner_cv"", ""thr"": 0.2891}]",70.83,bootstrap unit: molecule
T3,native,random,all,fg_hydroxyl_aliphatic,F1.sqrt,knn,auprc,0.3867,0.3649,0.413,0.2898,,,,5141,5141,1000,20846,inner_cv,"[{""fold"": ""random"", ""k"": 10, ""src"": ""inner_cv"", ""thr"": 0.2891}]",70.83,bootstrap unit: molecule
T3,native,random,all,fg_hydroxyl_aliphatic,F1.sqrt,knn,bal_acc,0.5947,0.58,0.6095,0.5,,,,5141,5141,1000,20846,inner_cv,"[{""fold"": ""random"", ""k"": 10, ""src"": ""inner_cv"", ""thr"": 0.2891}]",70.83,bootstrap unit: molecule
T3,native,random,all,fg_hydroxyl_aliphatic,F2.lt1700,majority,auroc,0.5,0.5,0.5,0.5,,,,5141,5141,1000,20846,fixed,"[{""fold"": ""random"", ""src"": ""fixed"", ""thr"": 0.5}]",5.89,bootstrap unit: molecule
T3,native,random,all,fg_hydroxyl_aliphatic,F2.lt1700,majority,auprc,0.2898,0.278,0.3033,0.2898,,,,5141,5141,1000,20846,fixed,"[{""fold"": ""random"", ""src"": ""fixed"", ""thr"": 0.5}]",5.89,bootstrap unit: molecule
T3,native,random,all,fg_hydroxyl_aliphatic,F2.lt1700,majority,bal_acc,0.5,0.5,0.5,0.5,,,,5141,5141,1000,20846,fixed,"[{""fold"": ""random"", ""src"": ""fixed"", ""thr"": 0.5}]",5.89,bootstrap unit: molecule
T3,native,random,all,fg_hydroxyl_aliphatic,F2.lt1700,lr,auroc,0.6816,0.6667,0.6967,0.5,,,,5141,5141,1000,20846,inner_cv,"[{""fold"": ""random"", ""C"": 0.01, ""src"": ""inner_cv"", ""thr"": 0.4793}]",131.58,bootstrap unit: molecule
T3,native,random,all,fg_hydroxyl_aliphatic,F2.lt1700,lr,auprc,0.443,0.4203,0.4685,0.2898,,,,5141,5141,1000,20846,inner_cv,"[{""fold"": ""random"", ""C"": 0.01, ""src"": ""inner_cv"", ""thr"": 0.4793}]",131.58,bootstrap unit: molecule
T3,native,random,all,fg_hydroxyl_aliphatic,F2.lt1700,lr,bal_acc,0.6325,0.6178,0.6465,0.5,,,,5141,5141,1000,20846,inner_cv,"[{""fold"": ""random"", ""C"": 0.01, ""src"": ""inner_cv"", ""thr"": 0.4793}]",131.58,bootstrap unit: molecule
T3,native,random,all,fg_hydroxyl_aliphatic,F2.lt1700,hgb,auroc,0.7645,0.7514,0.7784,0.5,,,,5141,5141,1000,20846,inner_cv,"[{""fold"": ""random"", ""src"": ""inner_cv"", ""thr"": 0.5034}]",47.0,bootstrap unit: molecule
T3,native,random,all,fg_hydroxyl_aliphatic,F2.lt1700,hgb,auprc,0.5716,0.5463,0.5989,0.2898,,,,5141,5141,1000,20846,inner_cv,"[{""fold"": ""random"", ""src"": ""inner_cv"", ""thr"": 0.5034}]",47.0,bootstrap unit: molecule
T3,native,random,all,fg_hydroxyl_aliphatic,F2.lt1700,hgb,bal_acc,0.6908,0.6762,0.7047,0.5,,,,5141,5141,1000,20846,inner_cv,"[{""fold"": ""random"", ""src"": ""inner_cv"", ""thr"": 0.5034}]",47.0,bootstrap unit: molecule
T3,native,random,all,fg_hydroxyl_aliphatic,F2.lt1700,knn,auroc,0.6489,0.6312,0.6646,0.5,,,,5141,5141,1000,20846,inner_cv,"[{""fold"": ""random"", ""k"": 10, ""src"": ""inner_cv"", ""thr"": 0.29}]",132.12,bootstrap unit: molecule
T3,native,random,all,fg_hydroxyl_aliphatic,F2.lt1700,knn,auprc,0.4422,0.4161,0.4697,0.2898,,,,5141,5141,1000,20846,inner_cv,"[{""fold"": ""random"", ""k"": 10, ""src"": ""inner_cv"", ""thr"": 0.29}]",132.12,bootstrap unit: molecule
T3,native,random,all,fg_hydroxyl_aliphatic,F2.lt1700,knn,bal_acc,0.5964,0.581,0.6116,0.5,,,,5141,5141,1000,20846,inner_cv,"[{""fold"": ""random"", ""k"": 10, ""src"": ""inner_cv"", ""thr"": 0.29}]",132.12,bootstrap unit: molecule
T3,native,random,all,fg_hydroxyl_aliphatic,F3.lt1700,majority,auroc,0.5,0.5,0.5,0.5,,,,5141,5141,1000,20846,fixed,"[{""fold"": ""random"", ""src"": ""fixed"", ""thr"": 0.5}]",4.2,bootstrap unit: molecule
T3,native,random,all,fg_hydroxyl_aliphatic,F3.lt1700,majority,auprc,0.2898,0.278,0.3033,0.2898,,,,5141,5141,1000,20846,fixed,"[{""fold"": ""random"", ""src"": ""fixed"", ""thr"": 0.5}]",4.2,bootstrap unit: molecule
T3,native,random,all,fg_hydroxyl_aliphatic,F3.lt1700,majority,bal_acc,0.5,0.5,0.5,0.5,,,,5141,5141,1000,20846,fixed,"[{""fold"": ""random"", ""src"": ""fixed"", ""thr"": 0.5}]",4.2,bootstrap unit: molecule
T3,native,random,all,fg_hydroxyl_aliphatic,F3.lt1700,lr,auroc,0.6902,0.6741,0.7049,0.5,,,,5141,5141,1000,20846,inner_cv,"[{""fold"": ""random"", ""C"": 0.01, ""src"": ""inner_cv"", ""thr"": 0.4716}]",113.68,bootstrap unit: molecule
T3,native,random,all,fg_hydroxyl_aliphatic,F3.lt1700,lr,auprc,0.4542,0.4305,0.4802,0.2898,,,,5141,5141,1000,20846,inner_cv,"[{""fold"": ""random"", ""C"": 0.01, ""src"": ""inner_cv"", ""thr"": 0.4716}]",113.68,bootstrap unit: molecule
T3,native,random,all,fg_hydroxyl_aliphatic,F3.lt1700,lr,bal_acc,0.6363,0.621,0.6499,0.5,,,,5141,5141,1000,20846,inner_cv,"[{""fold"": ""random"", ""C"": 0.01, ""src"": ""inner_cv"", ""thr"": 0.4716}]",113.68,bootstrap unit: molecule
T3,native,random,all,fg_hydroxyl_aliphatic,F3.lt1700,hgb,auroc,0.7929,0.7789,0.8052,0.5,,,,5141,5141,1000,20846,inner_cv,"[{""fold"": ""random"", ""src"": ""inner_cv"", ""thr"": 0.4692}]",49.95,bootstrap unit: molecule
T3,native,random,all,fg_hydroxyl_aliphatic,F3.lt1700,hgb,auprc,0.6293,0.6038,0.6542,0.2898,,,,5141,5141,1000,20846,inner_cv,"[{""fold"": ""random"", ""src"": ""inner_cv"", ""thr"": 0.4692}]",49.95,bootstrap unit: molecule
T3,native,random,all,fg_hydroxyl_aliphatic,F3.lt1700,hgb,bal_acc,0.7164,0.703,0.73,0.5,,,,5141,5141,1000,20846,inner_cv,"[{""fold"": ""random"", ""src"": ""inner_cv"", ""thr"": 0.4692}]",49.95,bootstrap unit: molecule
T3,native,random,all,fg_hydroxyl_aliphatic,F3.lt1700,knn,auroc,0.6588,0.6417,0.6755,0.5,,,,5141,5141,1000,20846,inner_cv,"[{""fold"": ""random"", ""k"": 10, ""src"": ""inner_cv"", ""thr"": 0.2946}]",133.24,bootstrap unit: molecule
T3,native,random,all,fg_hydroxyl_aliphatic,F3.lt1700,knn,auprc,0.4611,0.4337,0.4868,0.2898,,,,5141,5141,1000,20846,inner_cv,"[{""fold"": ""random"", ""k"": 10, ""src"": ""inner_cv"", ""thr"": 0.2946}]",133.24,bootstrap unit: molecule
T3,native,random,all,fg_hydroxyl_aliphatic,F3.lt1700,knn,bal_acc,0.6055,0.59,0.6204,0.5,,,,5141,5141,1000,20846,inner_cv,"[{""fold"": ""random"", ""k"": 10, ""src"": ""inner_cv"", ""thr"": 0.2946}]",133.24,bootstrap unit: molecule
T3,native,random,all,fg_phenol,F1,majority,auroc,0.5,0.5,0.5,0.5,,,,5141,5141,1000,20846,fixed,"[{""fold"": ""random"", ""src"": ""fixed"", ""thr"": 0.5}]",2.16,bootstrap unit: molecule
T3,native,random,all,fg_phenol,F1,majority,auprc,0.0265,0.0222,0.0309,0.0265,,,,5141,5141,1000,20846,fixed,"[{""fold"": ""random"", ""src"": ""fixed"", ""thr"": 0.5}]",2.16,bootstrap unit: molecule
T3,native,random,all,fg_phenol,F1,majority,bal_acc,0.5,0.5,0.5,0.5,,,,5141,5141,1000,20846,fixed,"[{""fold"": ""random"", ""src"": ""fixed"", ""thr"": 0.5}]",2.16,bootstrap unit: molecule
T3,native,random,all,fg_phenol,F1,lr,auroc,0.9149,0.8995,0.9293,0.5,0.0099,100,0.5039,5141,5141,1000,20846,inner_cv,"[{""fold"": ""random"", ""C"": 0.01, ""src"": ""inner_cv"", ""thr"": 0.3918}]",4.54,bootstrap unit: molecule
T3,native,random,all,fg_phenol,F1,lr,auprc,0.1789,0.1407,0.2338,0.0265,,,,5141,5141,1000,20846,inner_cv,"[{""fold"": ""random"", ""C"": 0.01, ""src"": ""inner_cv"", ""thr"": 0.3918}]",4.54,bootstrap unit: molecule
T3,native,random,all,fg_phenol,F1,lr,bal_acc,0.8573,0.8304,0.8803,0.5,,,,5141,5141,1000,20846,inner_cv,"[{""fold"": ""random"", ""C"": 0.01, ""src"": ""inner_cv"", ""thr"": 0.3918}]",4.54,bootstrap unit: molecule
T3,native,random,all,fg_phenol,F1,hgb,auroc,0.9139,0.8977,0.9289,0.5,,,,5141,5141,1000,20846,inner_cv,"[{""fold"": ""random"", ""src"": ""inner_cv"", ""thr"": 0.1792}]",8.78,bootstrap unit: molecule
T3,native,random,all,fg_phenol,F1,hgb,auprc,0.1918,0.1504,0.2538,0.0265,,,,5141,5141,1000,20846,inner_cv,"[{""fold"": ""random"", ""src"": ""inner_cv"", ""thr"": 0.1792}]",8.78,bootstrap unit: molecule
T3,native,random,all,fg_phenol,F1,hgb,bal_acc,0.8353,0.8066,0.8632,0.5,,,,5141,5141,1000,20846,inner_cv,"[{""fold"": ""random"", ""src"": ""inner_cv"", ""thr"": 0.1792}]",8.78,bootstrap unit: molecule
T3,native,random,all,fg_phenol,F1,knn,auroc,0.7019,0.6618,0.7429,0.5,,,,5141,5141,1000,20846,inner_cv,"[{""fold"": ""random"", ""k"": 10, ""src"": ""inner_cv"", ""thr"": 0.0691}]",72.19,bootstrap unit: molecule
T3,native,random,all,fg_phenol,F1,knn,auprc,0.1096,0.0742,0.171,0.0265,,,,5141,5141,1000,20846,inner_cv,"[{""fold"": ""random"", ""k"": 10, ""src"": ""inner_cv"", ""thr"": 0.0691}]",72.19,bootstrap unit: molecule
T3,native,random,all,fg_phenol,F1,knn,bal_acc,0.689,0.6509,0.7293,0.5,,,,5141,5141,1000,20846,inner_cv,"[{""fold"": ""random"", ""k"": 10, ""src"": ""inner_cv"", ""thr"": 0.0691}]",72.19,bootstrap unit: molecule
T3,native,random,all,fg_phenol,F1pos,majority,auroc,0.5,0.5,0.5,0.5,,,,5141,5141,1000,20846,fixed,"[{""fold"": ""random"", ""src"": ""fixed"", ""thr"": 0.5}]",2.59,bootstrap unit: molecule
T3,native,random,all,fg_phenol,F1pos,majority,auprc,0.0265,0.0222,0.0309,0.0265,,,,5141,5141,1000,20846,fixed,"[{""fold"": ""random"", ""src"": ""fixed"", ""thr"": 0.5}]",2.59,bootstrap unit: molecule
T3,native,random,all,fg_phenol,F1pos,majority,bal_acc,0.5,0.5,0.5,0.5,,,,5141,5141,1000,20846,fixed,"[{""fold"": ""random"", ""src"": ""fixed"", ""thr"": 0.5}]",2.59,bootstrap unit: molecule
T3,native,random,all,fg_phenol,F1pos,lr,auroc,0.9252,0.9113,0.9379,0.5,,,,5141,5141,1000,20846,inner_cv,"[{""fold"": ""random"", ""C"": 0.01, ""src"": ""inner_cv"", ""thr"": 0.3387}]",4.98,bootstrap unit: molecule
T3,native,random,all,fg_phenol,F1pos,lr,auprc,0.2017,0.1612,0.2613,0.0265,,,,5141,5141,1000,20846,inner_cv,"[{""fold"": ""random"", ""C"": 0.01, ""src"": ""inner_cv"", ""thr"": 0.3387}]",4.98,bootstrap unit: molecule
T3,native,random,all,fg_phenol,F1pos,lr,bal_acc,0.8714,0.8461,0.8955,0.5,,,,5141,5141,1000,20846,inner_cv,"[{""fold"": ""random"", ""C"": 0.01, ""src"": ""inner_cv"", ""thr"": 0.3387}]",4.98,bootstrap unit: molecule
T3,native,random,all,fg_phenol,F1pos,hgb,auroc,0.9119,0.8954,0.9265,0.5,,,,5141,5141,1000,20846,inner_cv,"[{""fold"": ""random"", ""src"": ""inner_cv"", ""thr"": 0.199}]",13.73,bootstrap unit: molecule
T3,native,random,all,fg_phenol,F1pos,hgb,auprc,0.1905,0.1487,0.2513,0.0265,,,,5141,5141,1000,20846,inner_cv,"[{""fold"": ""random"", ""src"": ""inner_cv"", ""thr"": 0.199}]",13.73,bootstrap unit: molecule
T3,native,random,all,fg_phenol,F1pos,hgb,bal_acc,0.8482,0.8224,0.8715,0.5,,,,5141,5141,1000,20846,inner_cv,"[{""fold"": ""random"", ""src"": ""inner_cv"", ""thr"": 0.199}]",13.73,bootstrap unit: molecule
T3,native,random,all,fg_phenol,F1pos,knn,auroc,0.6817,0.641,0.7252,0.5,,,,5141,5141,1000,20846,inner_cv,"[{""fold"": ""random"", ""k"": 10, ""src"": ""inner_cv"", ""thr"": 0.0874}]",58.87,bootstrap unit: molecule
T3,native,random,all,fg_phenol,F1pos,knn,auprc,0.0834,0.0563,0.1252,0.0265,,,,5141,5141,1000,20846,inner_cv,"[{""fold"": ""random"", ""k"": 10, ""src"": ""inner_cv"", ""thr"": 0.0874}]",58.87,bootstrap unit: molecule
T3,native,random,all,fg_phenol,F1pos,knn,bal_acc,0.6789,0.6392,0.7216,0.5,,,,5141,5141,1000,20846,inner_cv,"[{""fold"": ""random"", ""k"": 10, ""src"": ""inner_cv"", ""thr"": 0.0874}]",58.87,bootstrap unit: molecule
T3,native,random,all,fg_phenol,F2,majority,auroc,0.5,0.5,0.5,0.5,,,,5141,5141,1000,20846,fixed,"[{""fold"": ""random"", ""src"": ""fixed"", ""thr"": 0.5}]",1.8,bootstrap unit: molecule
T3,native,random,all,fg_phenol,F2,majority,auprc,0.0265,0.0222,0.0309,0.0265,,,,5141,5141,1000,20846,fixed,"[{""fold"": ""random"", ""src"": ""fixed"", ""thr"": 0.5}]",1.8,bootstrap unit: molecule
T3,native,random,all,fg_phenol,F2,majority,bal_acc,0.5,0.5,0.5,0.5,,,,5141,5141,1000,20846,fixed,"[{""fold"": ""random"", ""src"": ""fixed"", ""thr"": 0.5}]",1.8,bootstrap unit: molecule
T3,native,random,all,fg_phenol,F2,lr,auroc,0.909,0.8932,0.9242,0.5,,,,5141,5141,1000,20846,inner_cv,"[{""fold"": ""random"", ""C"": 0.01, ""src"": ""inner_cv"", ""thr"": 0.1926}]",131.07,bootstrap unit: molecule
T3,native,random,all,fg_phenol,F2,lr,auprc,0.1698,0.1336,0.222,0.0265,,,,5141,5141,1000,20846,inner_cv,"[{""fold"": ""random"", ""C"": 0.01, ""src"": ""inner_cv"", ""thr"": 0.1926}]",131.07,bootstrap unit: molecule
T3,native,random,all,fg_phenol,F2,lr,bal_acc,0.8332,0.808,0.8567,0.5,,,,5141,5141,1000,20846,inner_cv,"[{""fold"": ""random"", ""C"": 0.01, ""src"": ""inner_cv"", ""thr"": 0.1926}]",131.07,bootstrap unit: molecule
T3,native,random,all,fg_phenol,F2,hgb,auroc,0.9343,0.921,0.9469,0.5,,,,5141,5141,1000,20846,inner_cv,"[{""fold"": ""random"", ""src"": ""inner_cv"", ""thr"": 0.0435}]",73.61,bootstrap unit: molecule
T3,native,random,all,fg_phenol,F2,hgb,auprc,0.2661,0.2103,0.342,0.0265,,,,5141,5141,1000,20846,inner_cv,"[{""fold"": ""random"", ""src"": ""inner_cv"", ""thr"": 0.0435}]",73.61,bootstrap unit: molecule
T3,native,random,all,fg_phenol,F2,hgb,bal_acc,0.8733,0.852,0.8926,0.5,,,,5141,5141,1000,20846,inner_cv,"[{""fold"": ""random"", ""src"": ""inner_cv"", ""thr"": 0.0435}]",73.61,bootstrap unit: molecule
T3,native,random,all,fg_phenol,F2,knn,auroc,0.7977,0.7564,0.8368,0.5,,,,5141,5141,1000,20846,inner_cv,"[{""fold"": ""random"", ""k"": 10, ""src"": ""inner_cv"", ""thr"": 0.0801}]",116.33,bootstrap unit: molecule
T3,native,random,all,fg_phenol,F2,knn,auprc,0.1629,0.1172,0.2285,0.0265,,,,5141,5141,1000,20846,inner_cv,"[{""fold"": ""random"", ""k"": 10, ""src"": ""inner_cv"", ""thr"": 0.0801}]",116.33,bootstrap unit: molecule
T3,native,random,all,fg_phenol,F2,knn,bal_acc,0.7841,0.7436,0.8241,0.5,,,,5141,5141,1000,20846,inner_cv,"[{""fold"": ""random"", ""k"": 10, ""src"": ""inner_cv"", ""thr"": 0.0801}]",116.33,bootstrap unit: molecule
T3,native,random,all,fg_phenol,F3,majority,auroc,0.5,0.5,0.5,0.5,,,,5141,5141,1000,20846,fixed,"[{""fold"": ""random"", ""src"": ""fixed"", ""thr"": 0.5}]",2.16,bootstrap unit: molecule
T3,native,random,all,fg_phenol,F3,majority,auprc,0.0265,0.0222,0.0309,0.0265,,,,5141,5141,1000,20846,fixed,"[{""fold"": ""random"", ""src"": ""fixed"", ""thr"": 0.5}]",2.16,bootstrap unit: molecule
T3,native,random,all,fg_phenol,F3,majority,bal_acc,0.5,0.5,0.5,0.5,,,,5141,5141,1000,20846,fixed,"[{""fold"": ""random"", ""src"": ""fixed"", ""thr"": 0.5}]",2.16,bootstrap unit: molecule
T3,native,random,all,fg_phenol,F3,lr,auroc,0.9174,0.9022,0.9319,0.5,,,,5141,5141,1000,20846,inner_cv,"[{""fold"": ""random"", ""C"": 0.01, ""src"": ""inner_cv"", ""thr"": 0.2812}]",116.63,bootstrap unit: molecule
T3,native,random,all,fg_phenol,F3,lr,auprc,0.1925,0.1485,0.2495,0.0265,,,,5141,5141,1000,20846,inner_cv,"[{""fold"": ""random"", ""C"": 0.01, ""src"": ""inner_cv"", ""thr"": 0.2812}]",116.63,bootstrap unit: molecule
T3,native,random,all,fg_phenol,F3,lr,bal_acc,0.8485,0.8227,0.8733,0.5,,,,5141,5141,1000,20846,inner_cv,"[{""fold"": ""random"", ""C"": 0.01, ""src"": ""inner_cv"", ""thr"": 0.2812}]",116.63,bootstrap unit: molecule
T3,native,random,all,fg_phenol,F3,hgb,auroc,0.9528,0.944,0.9623,0.5,0.0099,100,0.4995,5141,5141,1000,20846,inner_cv,"[{""fold"": ""random"", ""src"": ""inner_cv"", ""thr"": 0.0345}]",54.77,bootstrap unit: molecule
T3,native,random,all,fg_phenol,F3,hgb,auprc,0.3399,0.2713,0.4192,0.0265,,,,5141,5141,1000,20846,inner_cv,"[{""fold"": ""random"", ""src"": ""inner_cv"", ""thr"": 0.0345}]",54.77,bootstrap unit: molecule
T3,native,random,all,fg_phenol,F3,hgb,bal_acc,0.8936,0.8758,0.9088,0.5,,,,5141,5141,1000,20846,inner_cv,"[{""fold"": ""random"", ""src"": ""inner_cv"", ""thr"": 0.0345}]",54.77,bootstrap unit: molecule
T3,native,random,all,fg_phenol,F3,knn,auroc,0.7778,0.7371,0.8174,0.5,,,,5141,5141,1000,20846,inner_cv,"[{""fold"": ""random"", ""k"": 10, ""src"": ""inner_cv"", ""thr"": 0.0775}]",113.29,bootstrap unit: molecule
T3,native,random,all,fg_phenol,F3,knn,auprc,0.1658,0.122,0.227,0.0265,,,,5141,5141,1000,20846,inner_cv,"[{""fold"": ""random"", ""k"": 10, ""src"": ""inner_cv"", ""thr"": 0.0775}]",113.29,bootstrap unit: molecule
T3,native,random,all,fg_phenol,F3,knn,bal_acc,0.7588,0.7188,0.7973,0.5,,,,5141,5141,1000,20846,inner_cv,"[{""fold"": ""random"", ""k"": 10, ""src"": ""inner_cv"", ""thr"": 0.0775}]",113.29,bootstrap unit: molecule
T3,native,random,all,fg_phenol,F1.sqrt,majority,auroc,0.5,0.5,0.5,0.5,,,,5141,5141,1000,20846,fixed,"[{""fold"": ""random"", ""src"": ""fixed"", ""thr"": 0.5}]",2.35,bootstrap unit: molecule
T3,native,random,all,fg_phenol,F1.sqrt,majority,auprc,0.0265,0.0222,0.0309,0.0265,,,,5141,5141,1000,20846,fixed,"[{""fold"": ""random"", ""src"": ""fixed"", ""thr"": 0.5}]",2.35,bootstrap unit: molecule
T3,native,random,all,fg_phenol,F1.sqrt,majority,bal_acc,0.5,0.5,0.5,0.5,,,,5141,5141,1000,20846,fixed,"[{""fold"": ""random"", ""src"": ""fixed"", ""thr"": 0.5}]",2.35,bootstrap unit: molecule
T3,native,random,all,fg_phenol,F1.sqrt,lr,auroc,0.9239,0.9104,0.9365,0.5,,,,5141,5141,1000,20846,inner_cv,"[{""fold"": ""random"", ""C"": 0.01, ""src"": ""inner_cv"", ""thr"": 0.4017}]",4.88,bootstrap unit: molecule
T3,native,random,all,fg_phenol,F1.sqrt,lr,auprc,0.1926,0.1539,0.2493,0.0265,,,,5141,5141,1000,20846,inner_cv,"[{""fold"": ""random"", ""C"": 0.01, ""src"": ""inner_cv"", ""thr"": 0.4017}]",4.88,bootstrap unit: molecule
T3,native,random,all,fg_phenol,F1.sqrt,lr,bal_acc,0.8606,0.8327,0.8867,0.5,,,,5141,5141,1000,20846,inner_cv,"[{""fold"": ""random"", ""C"": 0.01, ""src"": ""inner_cv"", ""thr"": 0.4017}]",4.88,bootstrap unit: molecule
T3,native,random,all,fg_phenol,F1.sqrt,hgb,auroc,0.9139,0.8977,0.9289,0.5,,,,5141,5141,1000,20846,inner_cv,"[{""fold"": ""random"", ""src"": ""inner_cv"", ""thr"": 0.1792}]",9.02,bootstrap unit: molecule
T3,native,random,all,fg_phenol,F1.sqrt,hgb,auprc,0.1918,0.1504,0.2538,0.0265,,,,5141,5141,1000,20846,inner_cv,"[{""fold"": ""random"", ""src"": ""inner_cv"", ""thr"": 0.1792}]",9.02,bootstrap unit: molecule
T3,native,random,all,fg_phenol,F1.sqrt,hgb,bal_acc,0.8353,0.8066,0.8632,0.5,,,,5141,5141,1000,20846,inner_cv,"[{""fold"": ""random"", ""src"": ""inner_cv"", ""thr"": 0.1792}]",9.02,bootstrap unit: molecule
T3,native,random,all,fg_phenol,F1.sqrt,knn,auroc,0.756,0.7134,0.7983,0.5,,,,5141,5141,1000,20846,inner_cv,"[{""fold"": ""random"", ""k"": 10, ""src"": ""inner_cv"", ""thr"": 0.0765}]",72.7,bootstrap unit: molecule
T3,native,random,all,fg_phenol,F1.sqrt,knn,auprc,0.1096,0.0793,0.1577,0.0265,,,,5141,5141,1000,20846,inner_cv,"[{""fold"": ""random"", ""k"": 10, ""src"": ""inner_cv"", ""thr"": 0.0765}]",72.7,bootstrap unit: molecule
T3,native,random,all,fg_phenol,F1.sqrt,knn,bal_acc,0.7453,0.7047,0.7848,0.5,,,,5141,5141,1000,20846,inner_cv,"[{""fold"": ""random"", ""k"": 10, ""src"": ""inner_cv"", ""thr"": 0.0765}]",72.7,bootstrap unit: molecule
T3,native,random,all,fg_phenol,F2.lt1700,majority,auroc,0.5,0.5,0.5,0.5,,,,5141,5141,1000,20846,fixed,"[{""fold"": ""random"", ""src"": ""fixed"", ""thr"": 0.5}]",5.62,bootstrap unit: molecule
T3,native,random,all,fg_phenol,F2.lt1700,majority,auprc,0.0265,0.0222,0.0309,0.0265,,,,5141,5141,1000,20846,fixed,"[{""fold"": ""random"", ""src"": ""fixed"", ""thr"": 0.5}]",5.62,bootstrap unit: molecule
T3,native,random,all,fg_phenol,F2.lt1700,majority,bal_acc,0.5,0.5,0.5,0.5,,,,5141,5141,1000,20846,fixed,"[{""fold"": ""random"", ""src"": ""fixed"", ""thr"": 0.5}]",5.62,bootstrap unit: molecule
T3,native,random,all,fg_phenol,F2.lt1700,lr,auroc,0.9088,0.8932,0.9234,0.5,,,,5141,5141,1000,20846,inner_cv,"[{""fold"": ""random"", ""C"": 0.01, ""src"": ""inner_cv"", ""thr"": 0.2963}]",108.19,bootstrap unit: molecule
T3,native,random,all,fg_phenol,F2.lt1700,lr,auprc,0.1693,0.1341,0.2195,0.0265,,,,5141,5141,1000,20846,inner_cv,"[{""fold"": ""random"", ""C"": 0.01, ""src"": ""inner_cv"", ""thr"": 0.2963}]",108.19,bootstrap unit: molecule
T3,native,random,all,fg_phenol,F2.lt1700,lr,bal_acc,0.8477,0.822,0.8726,0.5,,,,5141,5141,1000,20846,inner_cv,"[{""fold"": ""random"", ""C"": 0.01, ""src"": ""inner_cv"", ""thr"": 0.2963}]",108.19,bootstrap unit: molecule
T3,native,random,all,fg_phenol,F2.lt1700,hgb,auroc,0.9387,0.9256,0.951,0.5,,,,5141,5141,1000,20846,inner_cv,"[{""fold"": ""random"", ""src"": ""inner_cv"", ""thr"": 0.1127}]",51.3,bootstrap unit: molecule
T3,native,random,all,fg_phenol,F2.lt1700,hgb,auprc,0.3006,0.2404,0.3876,0.0265,,,,5141,5141,1000,20846,inner_cv,"[{""fold"": ""random"", ""src"": ""inner_cv"", ""thr"": 0.1127}]",51.3,bootstrap unit: molecule
T3,native,random,all,fg_phenol,F2.lt1700,hgb,bal_acc,0.8785,0.8535,0.9011,0.5,,,,5141,5141,1000,20846,inner_cv,"[{""fold"": ""random"", ""src"": ""inner_cv"", ""thr"": 0.1127}]",51.3,bootstrap unit: molecule
T3,native,random,all,fg_phenol,F2.lt1700,knn,auroc,0.7788,0.737,0.8178,0.5,,,,5141,5141,1000,20846,inner_cv,"[{""fold"": ""random"", ""k"": 10, ""src"": ""inner_cv"", ""thr"": 0.0734}]",124.26,bootstrap unit: molecule
T3,native,random,all,fg_phenol,F2.lt1700,knn,auprc,0.1577,0.1155,0.2257,0.0265,,,,5141,5141,1000,20846,inner_cv,"[{""fold"": ""random"", ""k"": 10, ""src"": ""inner_cv"", ""thr"": 0.0734}]",124.26,bootstrap unit: molecule
T3,native,random,all,fg_phenol,F2.lt1700,knn,bal_acc,0.7703,0.7286,0.8081,0.5,,,,5141,5141,1000,20846,inner_cv,"[{""fold"": ""random"", ""k"": 10, ""src"": ""inner_cv"", ""thr"": 0.0734}]",124.26,bootstrap unit: molecule
T3,native,random,all,fg_phenol,F3.lt1700,majority,auroc,0.5,0.5,0.5,0.5,,,,5141,5141,1000,20846,fixed,"[{""fold"": ""random"", ""src"": ""fixed"", ""thr"": 0.5}]",4.02,bootstrap unit: molecule
T3,native,random,all,fg_phenol,F3.lt1700,majority,auprc,0.0265,0.0222,0.0309,0.0265,,,,5141,5141,1000,20846,fixed,"[{""fold"": ""random"", ""src"": ""fixed"", ""thr"": 0.5}]",4.02,bootstrap unit: molecule
T3,native,random,all,fg_phenol,F3.lt1700,majority,bal_acc,0.5,0.5,0.5,0.5,,,,5141,5141,1000,20846,fixed,"[{""fold"": ""random"", ""src"": ""fixed"", ""thr"": 0.5}]",4.02,bootstrap unit: molecule
T3,native,random,all,fg_phenol,F3.lt1700,lr,auroc,0.9166,0.9013,0.9309,0.5,,,,5141,5141,1000,20846,inner_cv,"[{""fold"": ""random"", ""C"": 0.01, ""src"": ""inner_cv"", ""thr"": 0.3054}]",112.46,bootstrap unit: molecule
T3,native,random,all,fg_phenol,F3.lt1700,lr,auprc,0.1886,0.1464,0.2428,0.0265,,,,5141,5141,1000,20846,inner_cv,"[{""fold"": ""random"", ""C"": 0.01, ""src"": ""inner_cv"", ""thr"": 0.3054}]",112.46,bootstrap unit: molecule
T3,native,random,all,fg_phenol,F3.lt1700,lr,bal_acc,0.853,0.8267,0.8765,0.5,,,,5141,5141,1000,20846,inner_cv,"[{""fold"": ""random"", ""C"": 0.01, ""src"": ""inner_cv"", ""thr"": 0.3054}]",112.46,bootstrap unit: molecule
T3,native,random,all,fg_phenol,F3.lt1700,hgb,auroc,0.9516,0.9427,0.9609,0.5,,,,5141,5141,1000,20846,inner_cv,"[{""fold"": ""random"", ""src"": ""inner_cv"", ""thr"": 0.1124}]",66.97,bootstrap unit: molecule
T3,native,random,all,fg_phenol,F3.lt1700,hgb,auprc,0.3309,0.2646,0.4248,0.0265,,,,5141,5141,1000,20846,inner_cv,"[{""fold"": ""random"", ""src"": ""inner_cv"", ""thr"": 0.1124}]",66.97,bootstrap unit: molecule
T3,native,random,all,fg_phenol,F3.lt1700,hgb,bal_acc,0.8884,0.8606,0.9115,0.5,,,,5141,5141,1000,20846,inner_cv,"[{""fold"": ""random"", ""src"": ""inner_cv"", ""thr"": 0.1124}]",66.97,bootstrap unit: molecule
T3,native,random,all,fg_phenol,F3.lt1700,knn,auroc,0.7821,0.7393,0.8225,0.5,,,,5141,5141,1000,20846,inner_cv,"[{""fold"": ""random"", ""k"": 10, ""src"": ""inner_cv"", ""thr"": 0.0749}]",91.41,bootstrap unit: molecule
T3,native,random,all,fg_phenol,F3.lt1700,knn,auprc,0.1723,0.126,0.2399,0.0265,,,,5141,5141,1000,20846,inner_cv,"[{""fold"": ""random"", ""k"": 10, ""src"": ""inner_cv"", ""thr"": 0.0749}]",91.41,bootstrap unit: molecule
T3,native,random,all,fg_phenol,F3.lt1700,knn,bal_acc,0.7645,0.7241,0.805,0.5,,,,5141,5141,1000,20846,inner_cv,"[{""fold"": ""random"", ""k"": 10, ""src"": ""inner_cv"", ""thr"": 0.0749}]",91.41,bootstrap unit: molecule
T3,native,random,all,fg_ketone,F1,majority,auroc,0.5,0.5,0.5,0.5,,,,5141,5141,1000,20846,fixed,"[{""fold"": ""random"", ""src"": ""fixed"", ""thr"": 0.5}]",4.44,bootstrap unit: molecule
T3,native,random,all,fg_ketone,F1,majority,auprc,0.1167,0.1081,0.1257,0.1167,,,,5141,5141,1000,20846,fixed,"[{""fold"": ""random"", ""src"": ""fixed"", ""thr"": 0.5}]",4.44,bootstrap unit: molecule
T3,native,random,all,fg_ketone,F1,majority,bal_acc,0.5,0.5,0.5,0.5,,,,5141,5141,1000,20846,fixed,"[{""fold"": ""random"", ""src"": ""fixed"", ""thr"": 0.5}]",4.44,bootstrap unit: molecule
T3,native,random,all,fg_ketone,F1,lr,auroc,0.8009,0.7849,0.8168,0.5,0.0099,100,0.499,5141,5141,1000,20846,inner_cv,"[{""fold"": ""random"", ""C"": 0.01, ""src"": ""inner_cv"", ""thr"": 0.4214}]",5.57,bootstrap unit: molecule
T3,native,random,all,fg_ketone,F1,lr,auprc,0.347,0.3128,0.3858,0.1167,,,,5141,5141,1000,20846,inner_cv,"[{""fold"": ""random"", ""C"": 0.01, ""src"": ""inner_cv"", ""thr"": 0.4214}]",5.57,bootstrap unit: molecule
T3,native,random,all,fg_ketone,F1,lr,bal_acc,0.7229,0.7069,0.7386,0.5,,,,5141,5141,1000,20846,inner_cv,"[{""fold"": ""random"", ""C"": 0.01, ""src"": ""inner_cv"", ""thr"": 0.4214}]",5.57,bootstrap unit: molecule
T3,native,random,all,fg_ketone,F1,hgb,auroc,0.8333,0.8162,0.8491,0.5,,,,5141,5141,1000,20846,inner_cv,"[{""fold"": ""random"", ""src"": ""inner_cv"", ""thr"": 0.4201}]",6.69,bootstrap unit: molecule
T3,native,random,all,fg_ketone,F1,hgb,auprc,0.4463,0.404,0.4886,0.1167,,,,5141,5141,1000,20846,inner_cv,"[{""fold"": ""random"", ""src"": ""inner_cv"", ""thr"": 0.4201}]",6.69,bootstrap unit: molecule
T3,native,random,all,fg_ketone,F1,hgb,bal_acc,0.7515,0.7342,0.7671,0.5,,,,5141,5141,1000,20846,inner_cv,"[{""fold"": ""random"", ""src"": ""inner_cv"", ""thr"": 0.4201}]",6.69,bootstrap unit: molecule
T3,native,random,all,fg_ketone,F1,knn,auroc,0.7236,0.7017,0.7461,0.5,,,,5141,5141,1000,20846,inner_cv,"[{""fold"": ""random"", ""k"": 10, ""src"": ""inner_cv"", ""thr"": 0.0965}]",71.3,bootstrap unit: molecule
T3,native,random,all,fg_ketone,F1,knn,auprc,0.3076,0.2724,0.3458,0.1167,,,,5141,5141,1000,20846,inner_cv,"[{""fold"": ""random"", ""k"": 10, ""src"": ""inner_cv"", ""thr"": 0.0965}]",71.3,bootstrap unit: molecule
T3,native,random,all,fg_ketone,F1,knn,bal_acc,0.6735,0.6537,0.6922,0.5,,,,5141,5141,1000,20846,inner_cv,"[{""fold"": ""random"", ""k"": 10, ""src"": ""inner_cv"", ""thr"": 0.0965}]",71.3,bootstrap unit: molecule
T3,native,random,all,fg_ketone,F1pos,majority,auroc,0.5,0.5,0.5,0.5,,,,5141,5141,1000,20846,fixed,"[{""fold"": ""random"", ""src"": ""fixed"", ""thr"": 0.5}]",2.58,bootstrap unit: molecule
T3,native,random,all,fg_ketone,F1pos,majority,auprc,0.1167,0.1081,0.1257,0.1167,,,,5141,5141,1000,20846,fixed,"[{""fold"": ""random"", ""src"": ""fixed"", ""thr"": 0.5}]",2.58,bootstrap unit: molecule
T3,native,random,all,fg_ketone,F1pos,majority,bal_acc,0.5,0.5,0.5,0.5,,,,5141,5141,1000,20846,fixed,"[{""fold"": ""random"", ""src"": ""fixed"", ""thr"": 0.5}]",2.58,bootstrap unit: molecule
T3,native,random,all,fg_ketone,F1pos,lr,auroc,0.8078,0.7906,0.8244,0.5,,,,5141,5141,1000,20846,inner_cv,"[{""fold"": ""random"", ""C"": 0.1, ""src"": ""inner_cv"", ""thr"": 0.4591}]",9.49,bootstrap unit: molecule
T3,native,random,all,fg_ketone,F1pos,lr,auprc,0.3646,0.3283,0.4069,0.1167,,,,5141,5141,1000,20846,inner_cv,"[{""fold"": ""random"", ""C"": 0.1, ""src"": ""inner_cv"", ""thr"": 0.4591}]",9.49,bootstrap unit: molecule
T3,native,random,all,fg_ketone,F1pos,lr,bal_acc,0.7285,0.7104,0.7465,0.5,,,,5141,5141,1000,20846,inner_cv,"[{""fold"": ""random"", ""C"": 0.1, ""src"": ""inner_cv"", ""thr"": 0.4591}]",9.49,bootstrap unit: molecule
T3,native,random,all,fg_ketone,F1pos,hgb,auroc,0.8072,0.7889,0.8245,0.5,,,,5141,5141,1000,20846,inner_cv,"[{""fold"": ""random"", ""src"": ""inner_cv"", ""thr"": 0.4892}]",12.01,bootstrap unit: molecule
T3,native,random,all,fg_ketone,F1pos,hgb,auprc,0.3878,0.3505,0.4312,0.1167,,,,5141,5141,1000,20846,inner_cv,"[{""fold"": ""random"", ""src"": ""inner_cv"", ""thr"": 0.4892}]",12.01,bootstrap unit: molecule
T3,native,random,all,fg_ketone,F1pos,hgb,bal_acc,0.7262,0.7072,0.7451,0.5,,,,5141,5141,1000,20846,inner_cv,"[{""fold"": ""random"", ""src"": ""inner_cv"", ""thr"": 0.4892}]",12.01,bootstrap unit: molecule
T3,native,random,all,fg_ketone,F1pos,knn,auroc,0.6104,0.5874,0.6347,0.5,,,,5141,5141,1000,20846,inner_cv,"[{""fold"": ""random"", ""k"": 10, ""src"": ""inner_cv"", ""thr"": 0.0989}]",60.91,bootstrap unit: molecule
T3,native,random,all,fg_ketone,F1pos,knn,auprc,0.188,0.1648,0.2126,0.1167,,,,5141,5141,1000,20846,inner_cv,"[{""fold"": ""random"", ""k"": 10, ""src"": ""inner_cv"", ""thr"": 0.0989}]",60.91,bootstrap unit: molecule
T3,native,random,all,fg_ketone,F1pos,knn,bal_acc,0.5819,0.5617,0.6033,0.5,,,,5141,5141,1000,20846,inner_cv,"[{""fold"": ""random"", ""k"": 10, ""src"": ""inner_cv"", ""thr"": 0.0989}]",60.91,bootstrap unit: molecule
T3,native,random,all,fg_ketone,F2,majority,auroc,0.5,0.5,0.5,0.5,,,,5141,5141,1000,20846,fixed,"[{""fold"": ""random"", ""src"": ""fixed"", ""thr"": 0.5}]",2.56,bootstrap unit: molecule
T3,native,random,all,fg_ketone,F2,majority,auprc,0.1167,0.1081,0.1257,0.1167,,,,5141,5141,1000,20846,fixed,"[{""fold"": ""random"", ""src"": ""fixed"", ""thr"": 0.5}]",2.56,bootstrap unit: molecule
T3,native,random,all,fg_ketone,F2,majority,bal_acc,0.5,0.5,0.5,0.5,,,,5141,5141,1000,20846,fixed,"[{""fold"": ""random"", ""src"": ""fixed"", ""thr"": 0.5}]",2.56,bootstrap unit: molecule
T3,native,random,all,fg_ketone,F2,lr,auroc,0.8043,0.7878,0.8216,0.5,,,,5141,5141,1000,20846,inner_cv,"[{""fold"": ""random"", ""C"": 0.01, ""src"": ""inner_cv"", ""thr"": 0.4641}]",162.08,bootstrap unit: molecule
T3,native,random,all,fg_ketone,F2,lr,auprc,0.3515,0.3155,0.3919,0.1167,,,,5141,5141,1000,20846,inner_cv,"[{""fold"": ""random"", ""C"": 0.01, ""src"": ""inner_cv"", ""thr"": 0.4641}]",162.08,bootstrap unit: molecule
T3,native,random,all,fg_ketone,F2,lr,bal_acc,0.729,0.7113,0.7473,0.5,,,,5141,5141,1000,20846,inner_cv,"[{""fold"": ""random"", ""C"": 0.01, ""src"": ""inner_cv"", ""thr"": 0.4641}]",162.08,bootstrap unit: molecule
T3,native,random,all,fg_ketone,F2,hgb,auroc,0.8631,0.8477,0.8777,0.5,,,,5141,5141,1000,20846,inner_cv,"[{""fold"": ""random"", ""src"": ""inner_cv"", ""thr"": 0.4001}]",52.67,bootstrap unit: molecule
T3,native,random,all,fg_ketone,F2,hgb,auprc,0.517,0.4749,0.5575,0.1167,,,,5141,5141,1000,20846,inner_cv,"[{""fold"": ""random"", ""src"": ""inner_cv"", ""thr"": 0.4001}]",52.67,bootstrap unit: molecule
T3,native,random,all,fg_ketone,F2,hgb,bal_acc,0.7759,0.7595,0.7921,0.5,,,,5141,5141,1000,20846,inner_cv,"[{""fold"": ""random"", ""src"": ""inner_cv"", ""thr"": 0.4001}]",52.67,bootstrap unit: molecule
T3,native,random,all,fg_ketone,F2,knn,auroc,0.777,0.7549,0.7976,0.5,,,,5141,5141,1000,20846,inner_cv,"[{""fold"": ""random"", ""k"": 10, ""src"": ""inner_cv"", ""thr"": 0.0962}]",104.59,bootstrap unit: molecule
T3,native,random,all,fg_ketone,F2,knn,auprc,0.4126,0.3707,0.4537,0.1167,,,,5141,5141,1000,20846,inner_cv,"[{""fold"": ""random"", ""k"": 10, ""src"": ""inner_cv"", ""thr"": 0.0962}]",104.59,bootstrap unit: molecule
T3,native,random,all,fg_ketone,F2,knn,bal_acc,0.7197,0.7016,0.7388,0.5,,,,5141,5141,1000,20846,inner_cv,"[{""fold"": ""random"", ""k"": 10, ""src"": ""inner_cv"", ""thr"": 0.0962}]",104.59,bootstrap unit: molecule
T3,native,random,all,fg_ketone,F3,majority,auroc,0.5,0.5,0.5,0.5,,,,5141,5141,1000,20846,fixed,"[{""fold"": ""random"", ""src"": ""fixed"", ""thr"": 0.5}]",2.27,bootstrap unit: molecule
T3,native,random,all,fg_ketone,F3,majority,auprc,0.1167,0.1081,0.1257,0.1167,,,,5141,5141,1000,20846,fixed,"[{""fold"": ""random"", ""src"": ""fixed"", ""thr"": 0.5}]",2.27,bootstrap unit: molecule
T3,native,random,all,fg_ketone,F3,majority,bal_acc,0.5,0.5,0.5,0.5,,,,5141,5141,1000,20846,fixed,"[{""fold"": ""random"", ""src"": ""fixed"", ""thr"": 0.5}]",2.27,bootstrap unit: molecule
T3,native,random,all,fg_ketone,F3,lr,auroc,0.8241,0.8084,0.8392,0.5,,,,5141,5141,1000,20846,inner_cv,"[{""fold"": ""random"", ""C"": 0.01, ""src"": ""inner_cv"", ""thr"": 0.3997}]",114.07,bootstrap unit: molecule
T3,native,random,all,fg_ketone,F3,lr,auprc,0.3806,0.3433,0.42,0.1167,,,,5141,5141,1000,20846,inner_cv,"[{""fold"": ""random"", ""C"": 0.01, ""src"": ""inner_cv"", ""thr"": 0.3997}]",114.07,bootstrap unit: molecule
T3,native,random,all,fg_ketone,F3,lr,bal_acc,0.7459,0.7302,0.7627,0.5,,,,5141,5141,1000,20846,inner_cv,"[{""fold"": ""random"", ""C"": 0.01, ""src"": ""inner_cv"", ""thr"": 0.3997}]",114.07,bootstrap unit: molecule
T3,native,random,all,fg_ketone,F3,hgb,auroc,0.9396,0.9321,0.9469,0.5,0.0099,100,0.4992,5141,5141,1000,20846,inner_cv,"[{""fold"": ""random"", ""src"": ""inner_cv"", ""thr"": 0.3211}]",49.99,bootstrap unit: molecule
T3,native,random,all,fg_ketone,F3,hgb,auprc,0.6853,0.6454,0.7226,0.1167,,,,5141,5141,1000,20846,inner_cv,"[{""fold"": ""random"", ""src"": ""inner_cv"", ""thr"": 0.3211}]",49.99,bootstrap unit: molecule
T3,native,random,all,fg_ketone,F3,hgb,bal_acc,0.8576,0.8465,0.8685,0.5,,,,5141,5141,1000,20846,inner_cv,"[{""fold"": ""random"", ""src"": ""inner_cv"", ""thr"": 0.3211}]",49.99,bootstrap unit: molecule
T3,native,random,all,fg_ketone,F3,knn,auroc,0.8089,0.7887,0.8276,0.5,,,,5141,5141,1000,20846,inner_cv,"[{""fold"": ""random"", ""k"": 10, ""src"": ""inner_cv"", ""thr"": 0.0966}]",108.65,bootstrap unit: molecule
T3,native,random,all,fg_ketone,F3,knn,auprc,0.4795,0.4384,0.5218,0.1167,,,,5141,5141,1000,20846,inner_cv,"[{""fold"": ""random"", ""k"": 10, ""src"": ""inner_cv"", ""thr"": 0.0966}]",108.65,bootstrap unit: molecule
T3,native,random,all,fg_ketone,F3,knn,bal_acc,0.7474,0.7293,0.7638,0.5,,,,5141,5141,1000,20846,inner_cv,"[{""fold"": ""random"", ""k"": 10, ""src"": ""inner_cv"", ""thr"": 0.0966}]",108.65,bootstrap unit: molecule
T3,native,random,all,fg_ketone,F1.sqrt,majority,auroc,0.5,0.5,0.5,0.5,,,,5141,5141,1000,20846,fixed,"[{""fold"": ""random"", ""src"": ""fixed"", ""thr"": 0.5}]",2.4,bootstrap unit: molecule
T3,native,random,all,fg_ketone,F1.sqrt,majority,auprc,0.1167,0.1081,0.1257,0.1167,,,,5141,5141,1000,20846,fixed,"[{""fold"": ""random"", ""src"": ""fixed"", ""thr"": 0.5}]",2.4,bootstrap unit: molecule
T3,native,random,all,fg_ketone,F1.sqrt,majority,bal_acc,0.5,0.5,0.5,0.5,,,,5141,5141,1000,20846,fixed,"[{""fold"": ""random"", ""src"": ""fixed"", ""thr"": 0.5}]",2.4,bootstrap unit: molecule
T3,native,random,all,fg_ketone,F1.sqrt,lr,auroc,0.8137,0.7974,0.8297,0.5,,,,5141,5141,1000,20846,inner_cv,"[{""fold"": ""random"", ""C"": 0.01, ""src"": ""inner_cv"", ""thr"": 0.4843}]",5.95,bootstrap unit: molecule
T3,native,random,all,fg_ketone,F1.sqrt,lr,auprc,0.3695,0.3336,0.4094,0.1167,,,,5141,5141,1000,20846,inner_cv,"[{""fold"": ""random"", ""C"": 0.01, ""src"": ""inner_cv"", ""thr"": 0.4843}]",5.95,bootstrap unit: molecule
T3,native,random,all,fg_ketone,F1.sqrt,lr,bal_acc,0.7381,0.7202,0.7556,0.5,,,,5141,5141,1000,20846,inner_cv,"[{""fold"": ""random"", ""C"": 0.01, ""src"": ""inner_cv"", ""thr"": 0.4843}]",5.95,bootstrap unit: molecule
T3,native,random,all,fg_ketone,F1.sqrt,hgb,auroc,0.8333,0.8162,0.8491,0.5,,,,5141,5141,1000,20846,inner_cv,"[{""fold"": ""random"", ""src"": ""inner_cv"", ""thr"": 0.4201}]",6.82,bootstrap unit: molecule
T3,native,random,all,fg_ketone,F1.sqrt,hgb,auprc,0.4463,0.404,0.4886,0.1167,,,,5141,5141,1000,20846,inner_cv,"[{""fold"": ""random"", ""src"": ""inner_cv"", ""thr"": 0.4201}]",6.82,bootstrap unit: molecule
T3,native,random,all,fg_ketone,F1.sqrt,hgb,bal_acc,0.7515,0.7342,0.7671,0.5,,,,5141,5141,1000,20846,inner_cv,"[{""fold"": ""random"", ""src"": ""inner_cv"", ""thr"": 0.4201}]",6.82,bootstrap unit: molecule
T3,native,random,all,fg_ketone,F1.sqrt,knn,auroc,0.7143,0.6929,0.7368,0.5,,,,5141,5141,1000,20846,inner_cv,"[{""fold"": ""random"", ""k"": 10, ""src"": ""inner_cv"", ""thr"": 0.0994}]",58.57,bootstrap unit: molecule
T3,native,random,all,fg_ketone,F1.sqrt,knn,auprc,0.2878,0.2552,0.3233,0.1167,,,,5141,5141,1000,20846,inner_cv,"[{""fold"": ""random"", ""k"": 10, ""src"": ""inner_cv"", ""thr"": 0.0994}]",58.57,bootstrap unit: molecule
T3,native,random,all,fg_ketone,F1.sqrt,knn,bal_acc,0.6592,0.6385,0.6779,0.5,,,,5141,5141,1000,20846,inner_cv,"[{""fold"": ""random"", ""k"": 10, ""src"": ""inner_cv"", ""thr"": 0.0994}]",58.57,bootstrap unit: molecule
T3,native,random,all,fg_ketone,F2.lt1700,majority,auroc,0.5,0.5,0.5,0.5,,,,5141,5141,1000,20846,fixed,"[{""fold"": ""random"", ""src"": ""fixed"", ""thr"": 0.5}]",2.36,bootstrap unit: molecule
T3,native,random,all,fg_ketone,F2.lt1700,majority,auprc,0.1167,0.1081,0.1257,0.1167,,,,5141,5141,1000,20846,fixed,"[{""fold"": ""random"", ""src"": ""fixed"", ""thr"": 0.5}]",2.36,bootstrap unit: molecule
T3,native,random,all,fg_ketone,F2.lt1700,majority,bal_acc,0.5,0.5,0.5,0.5,,,,5141,5141,1000,20846,fixed,"[{""fold"": ""random"", ""src"": ""fixed"", ""thr"": 0.5}]",2.36,bootstrap unit: molecule
T3,native,random,all,fg_ketone,F2.lt1700,lr,auroc,0.781,0.7626,0.7985,0.5,,,,5141,5141,1000,20846,inner_cv,"[{""fold"": ""random"", ""C"": 0.01, ""src"": ""inner_cv"", ""thr"": 0.4471}]",191.66,bootstrap unit: molecule
T3,native,random,all,fg_ketone,F2.lt1700,lr,auprc,0.3069,0.276,0.3424,0.1167,,,,5141,5141,1000,20846,inner_cv,"[{""fold"": ""random"", ""C"": 0.01, ""src"": ""inner_cv"", ""thr"": 0.4471}]",191.66,bootstrap unit: molecule
T3,native,random,all,fg_ketone,F2.lt1700,lr,bal_acc,0.7061,0.6878,0.7235,0.5,,,,5141,5141,1000,20846,inner_cv,"[{""fold"": ""random"", ""C"": 0.01, ""src"": ""inner_cv"", ""thr"": 0.4471}]",191.66,bootstrap unit: molecule
T3,native,random,all,fg_ketone,F2.lt1700,hgb,auroc,0.8566,0.8426,0.871,0.5,,,,5141,5141,1000,20846,inner_cv,"[{""fold"": ""random"", ""src"": ""inner_cv"", ""thr"": 0.4116}]",57.47,bootstrap unit: molecule
T3,native,random,all,fg_ketone,F2.lt1700,hgb,auprc,0.4942,0.4526,0.5359,0.1167,,,,5141,5141,1000,20846,inner_cv,"[{""fold"": ""random"", ""src"": ""inner_cv"", ""thr"": 0.4116}]",57.47,bootstrap unit: molecule
T3,native,random,all,fg_ketone,F2.lt1700,hgb,bal_acc,0.7769,0.7598,0.7925,0.5,,,,5141,5141,1000,20846,inner_cv,"[{""fold"": ""random"", ""src"": ""inner_cv"", ""thr"": 0.4116}]",57.47,bootstrap unit: molecule
T3,native,random,all,fg_ketone,F2.lt1700,knn,auroc,0.7502,0.7271,0.7723,0.5,,,,5141,5141,1000,20846,inner_cv,"[{""fold"": ""random"", ""k"": 10, ""src"": ""inner_cv"", ""thr"": 0.0968}]",94.1,bootstrap unit: molecule
T3,native,random,all,fg_ketone,F2.lt1700,knn,auprc,0.3674,0.3289,0.4081,0.1167,,,,5141,5141,1000,20846,inner_cv,"[{""fold"": ""random"", ""k"": 10, ""src"": ""inner_cv"", ""thr"": 0.0968}]",94.1,bootstrap unit: molecule
T3,native,random,all,fg_ketone,F2.lt1700,knn,bal_acc,0.6844,0.6639,0.7029,0.5,,,,5141,5141,1000,20846,inner_cv,"[{""fold"": ""random"", ""k"": 10, ""src"": ""inner_cv"", ""thr"": 0.0968}]",94.1,bootstrap unit: molecule
T3,native,random,all,fg_ketone,F3.lt1700,majority,auroc,0.5,0.5,0.5,0.5,,,,5141,5141,1000,20846,fixed,"[{""fold"": ""random"", ""src"": ""fixed"", ""thr"": 0.5}]",6.24,bootstrap unit: molecule
T3,native,random,all,fg_ketone,F3.lt1700,majority,auprc,0.1167,0.1081,0.1257,0.1167,,,,5141,5141,1000,20846,fixed,"[{""fold"": ""random"", ""src"": ""fixed"", ""thr"": 0.5}]",6.24,bootstrap unit: molecule
T3,native,random,all,fg_ketone,F3.lt1700,majority,bal_acc,0.5,0.5,0.5,0.5,,,,5141,5141,1000,20846,fixed,"[{""fold"": ""random"", ""src"": ""fixed"", ""thr"": 0.5}]",6.24,bootstrap unit: molecule
T3,native,random,all,fg_ketone,F3.lt1700,lr,auroc,0.7991,0.7819,0.8148,0.5,,,,5141,5141,1000,20846,inner_cv,"[{""fold"": ""random"", ""C"": 0.01, ""src"": ""inner_cv"", ""thr"": 0.45}]",134.5,bootstrap unit: molecule
T3,native,random,all,fg_ketone,F3.lt1700,lr,auprc,0.3351,0.3023,0.3723,0.1167,,,,5141,5141,1000,20846,inner_cv,"[{""fold"": ""random"", ""C"": 0.01, ""src"": ""inner_cv"", ""thr"": 0.45}]",134.5,bootstrap unit: molecule
T3,native,random,all,fg_ketone,F3.lt1700,lr,bal_acc,0.7267,0.7089,0.7428,0.5,,,,5141,5141,1000,20846,inner_cv,"[{""fold"": ""random"", ""C"": 0.01, ""src"": ""inner_cv"", ""thr"": 0.45}]",134.5,bootstrap unit: molecule
T3,native,random,all,fg_ketone,F3.lt1700,hgb,auroc,0.9244,0.9158,0.9326,0.5,,,,5141,5141,1000,20846,inner_cv,"[{""fold"": ""random"", ""src"": ""inner_cv"", ""thr"": 0.3647}]",66.31,bootstrap unit: molecule
T3,native,random,all,fg_ketone,F3.lt1700,hgb,auprc,0.6327,0.5926,0.6739,0.1167,,,,5141,5141,1000,20846,inner_cv,"[{""fold"": ""random"", ""src"": ""inner_cv"", ""thr"": 0.3647}]",66.31,bootstrap unit: molecule
T3,native,random,all,fg_ketone,F3.lt1700,hgb,bal_acc,0.8425,0.8307,0.8544,0.5,,,,5141,5141,1000,20846,inner_cv,"[{""fold"": ""random"", ""src"": ""inner_cv"", ""thr"": 0.3647}]",66.31,bootstrap unit: molecule
T3,native,random,all,fg_ketone,F3.lt1700,knn,auroc,0.783,0.7611,0.8035,0.5,,,,5141,5141,1000,20846,inner_cv,"[{""fold"": ""random"", ""k"": 10, ""src"": ""inner_cv"", ""thr"": 0.0958}]",91.96,bootstrap unit: molecule
T3,native,random,all,fg_ketone,F3.lt1700,knn,auprc,0.4257,0.3805,0.4642,0.1167,,,,5141,5141,1000,20846,inner_cv,"[{""fold"": ""random"", ""k"": 10, ""src"": ""inner_cv"", ""thr"": 0.0958}]",91.96,bootstrap unit: molecule
T3,native,random,all,fg_ketone,F3.lt1700,knn,bal_acc,0.7183,0.6988,0.7357,0.5,,,,5141,5141,1000,20846,inner_cv,"[{""fold"": ""random"", ""k"": 10, ""src"": ""inner_cv"", ""thr"": 0.0958}]",91.96,bootstrap unit: molecule
T3,native,random,all,fg_aldehyde,F1,majority,auroc,0.5,0.5,0.5,0.5,,,,5141,5141,1000,20846,fixed,"[{""fold"": ""random"", ""src"": ""fixed"", ""thr"": 0.5}]",2.13,bootstrap unit: molecule
T3,native,random,all,fg_aldehyde,F1,majority,auprc,0.1045,0.0961,0.1124,0.1045,,,,5141,5141,1000,20846,fixed,"[{""fold"": ""random"", ""src"": ""fixed"", ""thr"": 0.5}]",2.13,bootstrap unit: molecule
T3,native,random,all,fg_aldehyde,F1,majority,bal_acc,0.5,0.5,0.5,0.5,,,,5141,5141,1000,20846,fixed,"[{""fold"": ""random"", ""src"": ""fixed"", ""thr"": 0.5}]",2.13,bootstrap unit: molecule
T3,native,random,all,fg_aldehyde,F1,lr,auroc,0.9016,0.8882,0.9164,0.5,0.0099,100,0.4986,5141,5141,1000,20846,inner_cv,"[{""fold"": ""random"", ""C"": 0.01, ""src"": ""inner_cv"", ""thr"": 0.4624}]",6.08,bootstrap unit: molecule
T3,native,random,all,fg_aldehyde,F1,lr,auprc,0.5405,0.4941,0.5869,0.1045,,,,5141,5141,1000,20846,inner_cv,"[{""fold"": ""random"", ""C"": 0.01, ""src"": ""inner_cv"", ""thr"": 0.4624}]",6.08,bootstrap unit: molecule
T3,native,random,all,fg_aldehyde,F1,lr,bal_acc,0.8451,0.8293,0.8612,0.5,,,,5141,5141,1000,20846,inner_cv,"[{""fold"": ""random"", ""C"": 0.01, ""src"": ""inner_cv"", ""thr"": 0.4624}]",6.08,bootstrap unit: molecule
T3,native,random,all,fg_aldehyde,F1,hgb,auroc,0.9193,0.9073,0.932,0.5,,,,5141,5141,1000,20846,inner_cv,"[{""fold"": ""random"", ""src"": ""inner_cv"", ""thr"": 0.4239}]",7.23,bootstrap unit: molecule
T3,native,random,all,fg_aldehyde,F1,hgb,auprc,0.6418,0.5993,0.6826,0.1045,,,,5141,5141,1000,20846,inner_cv,"[{""fold"": ""random"", ""src"": ""inner_cv"", ""thr"": 0.4239}]",7.23,bootstrap unit: molecule
T3,native,random,all,fg_aldehyde,F1,hgb,bal_acc,0.8484,0.8335,0.8637,0.5,,,,5141,5141,1000,20846,inner_cv,"[{""fold"": ""random"", ""src"": ""inner_cv"", ""thr"": 0.4239}]",7.23,bootstrap unit: molecule
T3,native,random,all,fg_aldehyde,F1,knn,auroc,0.845,0.8252,0.864,0.5,,,,5141,5141,1000,20846,inner_cv,"[{""fold"": ""random"", ""k"": 10, ""src"": ""inner_cv"", ""thr"": 0.1198}]",43.14,bootstrap unit: molecule
T3,native,random,all,fg_aldehyde,F1,knn,auprc,0.4985,0.452,0.5457,0.1045,,,,5141,5141,1000,20846,inner_cv,"[{""fold"": ""random"", ""k"": 10, ""src"": ""inner_cv"", ""thr"": 0.1198}]",43.14,bootstrap unit: molecule
T3,native,random,all,fg_aldehyde,F1,knn,bal_acc,0.8005,0.7822,0.8204,0.5,,,,5141,5141,1000,20846,inner_cv,"[{""fold"": ""random"", ""k"": 10, ""src"": ""inner_cv"", ""thr"": 0.1198}]",43.14,bootstrap unit: molecule
T3,native,random,all,fg_aldehyde,F1pos,majority,auroc,0.5,0.5,0.5,0.5,,,,5141,5141,1000,20846,fixed,"[{""fold"": ""random"", ""src"": ""fixed"", ""thr"": 0.5}]",4.5,bootstrap unit: molecule
T3,native,random,all,fg_aldehyde,F1pos,majority,auprc,0.1045,0.0961,0.1124,0.1045,,,,5141,5141,1000,20846,fixed,"[{""fold"": ""random"", ""src"": ""fixed"", ""thr"": 0.5}]",4.5,bootstrap unit: molecule
T3,native,random,all,fg_aldehyde,F1pos,majority,bal_acc,0.5,0.5,0.5,0.5,,,,5141,5141,1000,20846,fixed,"[{""fold"": ""random"", ""src"": ""fixed"", ""thr"": 0.5}]",4.5,bootstrap unit: molecule
T3,native,random,all,fg_aldehyde,F1pos,lr,auroc,0.8984,0.886,0.9116,0.5,,,,5141,5141,1000,20846,inner_cv,"[{""fold"": ""random"", ""C"": 0.01, ""src"": ""inner_cv"", ""thr"": 0.4729}]",6.3,bootstrap unit: molecule
T3,native,random,all,fg_aldehyde,F1pos,lr,auprc,0.5259,0.4794,0.574,0.1045,,,,5141,5141,1000,20846,inner_cv,"[{""fold"": ""random"", ""C"": 0.01, ""src"": ""inner_cv"", ""thr"": 0.4729}]",6.3,bootstrap unit: molecule
T3,native,random,all,fg_aldehyde,F1pos,lr,bal_acc,0.8348,0.8194,0.8509,0.5,,,,5141,5141,1000,20846,inner_cv,"[{""fold"": ""random"", ""C"": 0.01, ""src"": ""inner_cv"", ""thr"": 0.4729}]",6.3,bootstrap unit: molecule
T3,native,random,all,fg_aldehyde,F1pos,hgb,auroc,0.905,0.893,0.9176,0.5,,,,5141,5141,1000,20846,inner_cv,"[{""fold"": ""random"", ""src"": ""inner_cv"", ""thr"": 0.4598}]",8.29,bootstrap unit: molecule
T3,native,random,all,fg_aldehyde,F1pos,hgb,auprc,0.5814,0.5396,0.6245,0.1045,,,,5141,5141,1000,20846,inner_cv,"[{""fold"": ""random"", ""src"": ""inner_cv"", ""thr"": 0.4598}]",8.29,bootstrap unit: molecule
T3,native,random,all,fg_aldehyde,F1pos,hgb,bal_acc,0.825,0.8092,0.8417,0.5,,,,5141,5141,1000,20846,inner_cv,"[{""fold"": ""random"", ""src"": ""inner_cv"", ""thr"": 0.4598}]",8.29,bootstrap unit: molecule
T3,native,random,all,fg_aldehyde,F1pos,knn,auroc,0.6625,0.639,0.6884,0.5,,,,5141,5141,1000,20846,inner_cv,"[{""fold"": ""random"", ""k"": 10, ""src"": ""inner_cv"", ""thr"": 0.1027}]",38.33,bootstrap unit: molecule
T3,native,random,all,fg_aldehyde,F1pos,knn,auprc,0.2297,0.1999,0.2665,0.1045,,,,5141,5141,1000,20846,inner_cv,"[{""fold"": ""random"", ""k"": 10, ""src"": ""inner_cv"", ""thr"": 0.1027}]",38.33,bootstrap unit: molecule
T3,native,random,all,fg_aldehyde,F1pos,knn,bal_acc,0.6247,0.603,0.6466,0.5,,,,5141,5141,1000,20846,inner_cv,"[{""fold"": ""random"", ""k"": 10, ""src"": ""inner_cv"", ""thr"": 0.1027}]",38.33,bootstrap unit: molecule
T3,native,random,all,fg_aldehyde,F2,majority,auroc,0.5,0.5,0.5,0.5,,,,5141,5141,1000,20846,fixed,"[{""fold"": ""random"", ""src"": ""fixed"", ""thr"": 0.5}]",3.58,bootstrap unit: molecule
T3,native,random,all,fg_aldehyde,F2,majority,auprc,0.1045,0.0961,0.1124,0.1045,,,,5141,5141,1000,20846,fixed,"[{""fold"": ""random"", ""src"": ""fixed"", ""thr"": 0.5}]",3.58,bootstrap unit: molecule
T3,native,random,all,fg_aldehyde,F2,majority,bal_acc,0.5,0.5,0.5,0.5,,,,5141,5141,1000,20846,fixed,"[{""fold"": ""random"", ""src"": ""fixed"", ""thr"": 0.5}]",3.58,bootstrap unit: molecule
T3,native,random,all,fg_aldehyde,F2,lr,auroc,0.9043,0.8913,0.9193,0.5,,,,5141,5141,1000,20846,inner_cv,"[{""fold"": ""random"", ""C"": 0.01, ""src"": ""inner_cv"", ""thr"": 0.4501}]",156.76,bootstrap unit: molecule
T3,native,random,all,fg_aldehyde,F2,lr,auprc,0.549,0.5014,0.5957,0.1045,,,,5141,5141,1000,20846,inner_cv,"[{""fold"": ""random"", ""C"": 0.01, ""src"": ""inner_cv"", ""thr"": 0.4501}]",156.76,bootstrap unit: molecule
T3,native,random,all,fg_aldehyde,F2,lr,bal_acc,0.8407,0.8242,0.8573,0.5,,,,5141,5141,1000,20846,inner_cv,"[{""fold"": ""random"", ""C"": 0.01, ""src"": ""inner_cv"", ""thr"": 0.4501}]",156.76,bootstrap unit: molecule
T3,native,random,all,fg_aldehyde,F2,hgb,auroc,0.9387,0.9289,0.9486,0.5,,,,5141,5141,1000,20846,inner_cv,"[{""fold"": ""random"", ""src"": ""inner_cv"", ""thr"": 0.3295}]",61.64,bootstrap unit: molecule
T3,native,random,all,fg_aldehyde,F2,hgb,auprc,0.7247,0.6877,0.7599,0.1045,,,,5141,5141,1000,20846,inner_cv,"[{""fold"": ""random"", ""src"": ""inner_cv"", ""thr"": 0.3295}]",61.64,bootstrap unit: molecule
T3,native,random,all,fg_aldehyde,F2,hgb,bal_acc,0.862,0.8469,0.8772,0.5,,,,5141,5141,1000,20846,inner_cv,"[{""fold"": ""random"", ""src"": ""inner_cv"", ""thr"": 0.3295}]",61.64,bootstrap unit: molecule
T3,native,random,all,fg_aldehyde,F2,knn,auroc,0.8629,0.8439,0.8813,0.5,,,,5141,5141,1000,20846,inner_cv,"[{""fold"": ""random"", ""k"": 10, ""src"": ""inner_cv"", ""thr"": 0.1097}]",82.8,bootstrap unit: molecule
T3,native,random,all,fg_aldehyde,F2,knn,auprc,0.5561,0.5091,0.6026,0.1045,,,,5141,5141,1000,20846,inner_cv,"[{""fold"": ""random"", ""k"": 10, ""src"": ""inner_cv"", ""thr"": 0.1097}]",82.8,bootstrap unit: molecule
T3,native,random,all,fg_aldehyde,F2,knn,bal_acc,0.8155,0.797,0.8346,0.5,,,,5141,5141,1000,20846,inner_cv,"[{""fold"": ""random"", ""k"": 10, ""src"": ""inner_cv"", ""thr"": 0.1097}]",82.8,bootstrap unit: molecule
T3,native,random,all,fg_aldehyde,F3,majority,auroc,0.5,0.5,0.5,0.5,,,,5141,5141,1000,20846,fixed,"[{""fold"": ""random"", ""src"": ""fixed"", ""thr"": 0.5}]",2.09,bootstrap unit: molecule
T3,native,random,all,fg_aldehyde,F3,majority,auprc,0.1045,0.0961,0.1124,0.1045,,,,5141,5141,1000,20846,fixed,"[{""fold"": ""random"", ""src"": ""fixed"", ""thr"": 0.5}]",2.09,bootstrap unit: molecule
T3,native,random,all,fg_aldehyde,F3,majority,bal_acc,0.5,0.5,0.5,0.5,,,,5141,5141,1000,20846,fixed,"[{""fold"": ""random"", ""src"": ""fixed"", ""thr"": 0.5}]",2.09,bootstrap unit: molecule
T3,native,random,all,fg_aldehyde,F3,lr,auroc,0.9369,0.928,0.9452,0.5,,,,5141,5141,1000,20846,inner_cv,"[{""fold"": ""random"", ""C"": 0.01, ""src"": ""inner_cv"", ""thr"": 0.3056}]",97.19,bootstrap unit: molecule
T3,native,random,all,fg_aldehyde,F3,lr,auprc,0.5763,0.5325,0.6193,0.1045,,,,5141,5141,1000,20846,inner_cv,"[{""fold"": ""random"", ""C"": 0.01, ""src"": ""inner_cv"", ""thr"": 0.3056}]",97.19,bootstrap unit: molecule
T3,native,random,all,fg_aldehyde,F3,lr,bal_acc,0.8869,0.8746,0.8971,0.5,,,,5141,5141,1000,20846,inner_cv,"[{""fold"": ""random"", ""C"": 0.01, ""src"": ""inner_cv"", ""thr"": 0.3056}]",97.19,bootstrap unit: molecule
T3,native,random,all,fg_aldehyde,F3,hgb,auroc,0.9719,0.9669,0.9766,0.5,0.0099,100,0.4996,5141,5141,1000,20846,inner_cv,"[{""fold"": ""random"", ""src"": ""inner_cv"", ""thr"": 0.2295}]",45.31,bootstrap unit: molecule
T3,native,random,all,fg_aldehyde,F3,hgb,auprc,0.8125,0.7784,0.8421,0.1045,,,,5141,5141,1000,20846,inner_cv,"[{""fold"": ""random"", ""src"": ""inner_cv"", ""thr"": 0.2295}]",45.31,bootstrap unit: molecule
T3,native,random,all,fg_aldehyde,F3,hgb,bal_acc,0.9127,0.903,0.9228,0.5,,,,5141,5141,1000,20846,inner_cv,"[{""fold"": ""random"", ""src"": ""inner_cv"", ""thr"": 0.2295}]",45.31,bootstrap unit: molecule
T3,native,random,all,fg_aldehyde,F3,knn,auroc,0.9072,0.8924,0.9212,0.5,,,,5141,5141,1000,20846,inner_cv,"[{""fold"": ""random"", ""k"": 10, ""src"": ""inner_cv"", ""thr"": 0.1079}]",102.1,bootstrap unit: molecule
T3,native,random,all,fg_aldehyde,F3,knn,auprc,0.6184,0.5769,0.6636,0.1045,,,,5141,5141,1000,20846,inner_cv,"[{""fold"": ""random"", ""k"": 10, ""src"": ""inner_cv"", ""thr"": 0.1079}]",102.1,bootstrap unit: molecule
T3,native,random,all,fg_aldehyde,F3,knn,bal_acc,0.8438,0.8269,0.8595,0.5,,,,5141,5141,1000,20846,inner_cv,"[{""fold"": ""random"", ""k"": 10, ""src"": ""inner_cv"", ""thr"": 0.1079}]",102.1,bootstrap unit: molecule
T3,native,random,all,fg_aldehyde,F1.sqrt,majority,auroc,0.5,0.5,0.5,0.5,,,,5141,5141,1000,20846,fixed,"[{""fold"": ""random"", ""src"": ""fixed"", ""thr"": 0.5}]",3.23,bootstrap unit: molecule
T3,native,random,all,fg_aldehyde,F1.sqrt,majority,auprc,0.1045,0.0961,0.1124,0.1045,,,,5141,5141,1000,20846,fixed,"[{""fold"": ""random"", ""src"": ""fixed"", ""thr"": 0.5}]",3.23,bootstrap unit: molecule
T3,native,random,all,fg_aldehyde,F1.sqrt,majority,bal_acc,0.5,0.5,0.5,0.5,,,,5141,5141,1000,20846,fixed,"[{""fold"": ""random"", ""src"": ""fixed"", ""thr"": 0.5}]",3.23,bootstrap unit: molecule
T3,native,random,all,fg_aldehyde,F1.sqrt,lr,auroc,0.9091,0.8971,0.9227,0.5,,,,5141,5141,1000,20846,inner_cv,"[{""fold"": ""random"", ""C"": 0.01, ""src"": ""inner_cv"", ""thr"": 0.5166}]",12.06,bootstrap unit: molecule
T3,native,random,all,fg_aldehyde,F1.sqrt,lr,auprc,0.5638,0.5179,0.6113,0.1045,,,,5141,5141,1000,20846,inner_cv,"[{""fold"": ""random"", ""C"": 0.01, ""src"": ""inner_cv"", ""thr"": 0.5166}]",12.06,bootstrap unit: molecule
T3,native,random,all,fg_aldehyde,F1.sqrt,lr,bal_acc,0.8511,0.8354,0.8678,0.5,,,,5141,5141,1000,20846,inner_cv,"[{""fold"": ""random"", ""C"": 0.01, ""src"": ""inner_cv"", ""thr"": 0.5166}]",12.06,bootstrap unit: molecule
T3,native,random,all,fg_aldehyde,F1.sqrt,hgb,auroc,0.9193,0.9073,0.932,0.5,,,,5141,5141,1000,20846,inner_cv,"[{""fold"": ""random"", ""src"": ""inner_cv"", ""thr"": 0.4239}]",9.72,bootstrap unit: molecule
T3,native,random,all,fg_aldehyde,F1.sqrt,hgb,auprc,0.6418,0.5993,0.6826,0.1045,,,,5141,5141,1000,20846,inner_cv,"[{""fold"": ""random"", ""src"": ""inner_cv"", ""thr"": 0.4239}]",9.72,bootstrap unit: molecule
T3,native,random,all,fg_aldehyde,F1.sqrt,hgb,bal_acc,0.8484,0.8335,0.8637,0.5,,,,5141,5141,1000,20846,inner_cv,"[{""fold"": ""random"", ""src"": ""inner_cv"", ""thr"": 0.4239}]",9.72,bootstrap unit: molecule
T3,native,random,all,fg_aldehyde,F1.sqrt,knn,auroc,0.856,0.8375,0.8751,0.5,,,,5141,5141,1000,20846,inner_cv,"[{""fold"": ""random"", ""k"": 10, ""src"": ""inner_cv"", ""thr"": 0.1196}]",42.7,bootstrap unit: molecule
T3,native,random,all,fg_aldehyde,F1.sqrt,knn,auprc,0.5038,0.4572,0.5505,0.1045,,,,5141,5141,1000,20846,inner_cv,"[{""fold"": ""random"", ""k"": 10, ""src"": ""inner_cv"", ""thr"": 0.1196}]",42.7,bootstrap unit: molecule
T3,native,random,all,fg_aldehyde,F1.sqrt,knn,bal_acc,0.7982,0.778,0.8178,0.5,,,,5141,5141,1000,20846,inner_cv,"[{""fold"": ""random"", ""k"": 10, ""src"": ""inner_cv"", ""thr"": 0.1196}]",42.7,bootstrap unit: molecule
T3,native,random,all,fg_aldehyde,F2.lt1700,majority,auroc,0.5,0.5,0.5,0.5,,,,5141,5141,1000,20846,fixed,"[{""fold"": ""random"", ""src"": ""fixed"", ""thr"": 0.5}]",3.16,bootstrap unit: molecule
T3,native,random,all,fg_aldehyde,F2.lt1700,majority,auprc,0.1045,0.0961,0.1124,0.1045,,,,5141,5141,1000,20846,fixed,"[{""fold"": ""random"", ""src"": ""fixed"", ""thr"": 0.5}]",3.16,bootstrap unit: molecule
T3,native,random,all,fg_aldehyde,F2.lt1700,majority,bal_acc,0.5,0.5,0.5,0.5,,,,5141,5141,1000,20846,fixed,"[{""fold"": ""random"", ""src"": ""fixed"", ""thr"": 0.5}]",3.16,bootstrap unit: molecule
T3,native,random,all,fg_aldehyde,F2.lt1700,lr,auroc,0.7641,0.7448,0.7843,0.5,,,,5141,5141,1000,20846,inner_cv,"[{""fold"": ""random"", ""C"": 0.01, ""src"": ""inner_cv"", ""thr"": 0.4625}]",105.94,bootstrap unit: molecule
T3,native,random,all,fg_aldehyde,F2.lt1700,lr,auprc,0.2619,0.2346,0.2946,0.1045,,,,5141,5141,1000,20846,inner_cv,"[{""fold"": ""random"", ""C"": 0.01, ""src"": ""inner_cv"", ""thr"": 0.4625}]",105.94,bootstrap unit: molecule
T3,native,random,all,fg_aldehyde,F2.lt1700,lr,bal_acc,0.6984,0.6785,0.7185,0.5,,,,5141,5141,1000,20846,inner_cv,"[{""fold"": ""random"", ""C"": 0.01, ""src"": ""inner_cv"", ""thr"": 0.4625}]",105.94,bootstrap unit: molecule
T3,native,random,all,fg_aldehyde,F2.lt1700,hgb,auroc,0.921,0.9103,0.932,0.5,,,,5141,5141,1000,20846,inner_cv,"[{""fold"": ""random"", ""src"": ""inner_cv"", ""thr"": 0.3011}]",55.93,bootstrap unit: molecule
T3,native,random,all,fg_aldehyde,F2.lt1700,hgb,auprc,0.6443,0.6041,0.6823,0.1045,,,,5141,5141,1000,20846,inner_cv,"[{""fold"": ""random"", ""src"": ""inner_cv"", ""thr"": 0.3011}]",55.93,bootstrap unit: molecule
T3,native,random,all,fg_aldehyde,F2.lt1700,hgb,bal_acc,0.8429,0.8293,0.857,0.5,,,,5141,5141,1000,20846,inner_cv,"[{""fold"": ""random"", ""src"": ""inner_cv"", ""thr"": 0.3011}]",55.93,bootstrap unit: molecule
T3,native,random,all,fg_aldehyde,F2.lt1700,knn,auroc,0.6552,0.6324,0.6801,0.5,,,,5141,5141,1000,20846,inner_cv,"[{""fold"": ""random"", ""k"": 10, ""src"": ""inner_cv"", ""thr"": 0.1032}]",79.53,bootstrap unit: molecule
T3,native,random,all,fg_aldehyde,F2.lt1700,knn,auprc,0.2197,0.1901,0.255,0.1045,,,,5141,5141,1000,20846,inner_cv,"[{""fold"": ""random"", ""k"": 10, ""src"": ""inner_cv"", ""thr"": 0.1032}]",79.53,bootstrap unit: molecule
T3,native,random,all,fg_aldehyde,F2.lt1700,knn,bal_acc,0.6171,0.5962,0.6383,0.5,,,,5141,5141,1000,20846,inner_cv,"[{""fold"": ""random"", ""k"": 10, ""src"": ""inner_cv"", ""thr"": 0.1032}]",79.53,bootstrap unit: molecule
T3,native,random,all,fg_aldehyde,F3.lt1700,majority,auroc,0.5,0.5,0.5,0.5,,,,5141,5141,1000,20846,fixed,"[{""fold"": ""random"", ""src"": ""fixed"", ""thr"": 0.5}]",4.95,bootstrap unit: molecule
T3,native,random,all,fg_aldehyde,F3.lt1700,majority,auprc,0.1045,0.0961,0.1124,0.1045,,,,5141,5141,1000,20846,fixed,"[{""fold"": ""random"", ""src"": ""fixed"", ""thr"": 0.5}]",4.95,bootstrap unit: molecule
T3,native,random,all,fg_aldehyde,F3.lt1700,majority,bal_acc,0.5,0.5,0.5,0.5,,,,5141,5141,1000,20846,fixed,"[{""fold"": ""random"", ""src"": ""fixed"", ""thr"": 0.5}]",4.95,bootstrap unit: molecule
T3,native,random,all,fg_aldehyde,F3.lt1700,lr,auroc,0.7825,0.7634,0.8013,0.5,,,,5141,5141,1000,20846,inner_cv,"[{""fold"": ""random"", ""C"": 0.01, ""src"": ""inner_cv"", ""thr"": 0.4498}]",123.2,bootstrap unit: molecule
T3,native,random,all,fg_aldehyde,F3.lt1700,lr,auprc,0.2777,0.2497,0.3108,0.1045,,,,5141,5141,1000,20846,inner_cv,"[{""fold"": ""random"", ""C"": 0.01, ""src"": ""inner_cv"", ""thr"": 0.4498}]",123.2,bootstrap unit: molecule
T3,native,random,all,fg_aldehyde,F3.lt1700,lr,bal_acc,0.7107,0.6908,0.7291,0.5,,,,5141,5141,1000,20846,inner_cv,"[{""fold"": ""random"", ""C"": 0.01, ""src"": ""inner_cv"", ""thr"": 0.4498}]",123.2,bootstrap unit: molecule
T3,native,random,all,fg_aldehyde,F3.lt1700,hgb,auroc,0.9569,0.95,0.9635,0.5,,,,5141,5141,1000,20846,inner_cv,"[{""fold"": ""random"", ""src"": ""inner_cv"", ""thr"": 0.2261}]",73.73,bootstrap unit: molecule
T3,native,random,all,fg_aldehyde,F3.lt1700,hgb,auprc,0.7487,0.7082,0.7824,0.1045,,,,5141,5141,1000,20846,inner_cv,"[{""fold"": ""random"", ""src"": ""inner_cv"", ""thr"": 0.2261}]",73.73,bootstrap unit: molecule
T3,native,random,all,fg_aldehyde,F3.lt1700,hgb,bal_acc,0.8749,0.8645,0.8861,0.5,,,,5141,5141,1000,20846,inner_cv,"[{""fold"": ""random"", ""src"": ""inner_cv"", ""thr"": 0.2261}]",73.73,bootstrap unit: molecule
T3,native,random,all,fg_aldehyde,F3.lt1700,knn,auroc,0.6796,0.6539,0.7039,0.5,,,,5141,5141,1000,20846,inner_cv,"[{""fold"": ""random"", ""k"": 10, ""src"": ""inner_cv"", ""thr"": 0.0979}]",103.57,bootstrap unit: molecule
T3,native,random,all,fg_aldehyde,F3.lt1700,knn,auprc,0.246,0.2141,0.2817,0.1045,,,,5141,5141,1000,20846,inner_cv,"[{""fold"": ""random"", ""k"": 10, ""src"": ""inner_cv"", ""thr"": 0.0979}]",103.57,bootstrap unit: molecule
T3,native,random,all,fg_aldehyde,F3.lt1700,knn,bal_acc,0.6366,0.6135,0.657,0.5,,,,5141,5141,1000,20846,inner_cv,"[{""fold"": ""random"", ""k"": 10, ""src"": ""inner_cv"", ""thr"": 0.0979}]",103.57,bootstrap unit: molecule
T3,native,random,all,fg_ester,F1,majority,auroc,0.5,0.5,0.5,0.5,,,,5141,5141,1000,20846,fixed,"[{""fold"": ""random"", ""src"": ""fixed"", ""thr"": 0.5}]",3.94,bootstrap unit: molecule
T3,native,random,all,fg_ester,F1,majority,auprc,0.035,0.0303,0.0403,0.035,,,,5141,5141,1000,20846,fixed,"[{""fold"": ""random"", ""src"": ""fixed"", ""thr"": 0.5}]",3.94,bootstrap unit: molecule
T3,native,random,all,fg_ester,F1,majority,bal_acc,0.5,0.5,0.5,0.5,,,,5141,5141,1000,20846,fixed,"[{""fold"": ""random"", ""src"": ""fixed"", ""thr"": 0.5}]",3.94,bootstrap unit: molecule
T3,native,random,all,fg_ester,F1,lr,auroc,0.7076,0.6729,0.7458,0.5,0.0099,100,0.5005,5141,5141,1000,20846,inner_cv,"[{""fold"": ""random"", ""C"": 10.0, ""src"": ""inner_cv"", ""thr"": 0.4268}]",10.26,bootstrap unit: molecule
T3,native,random,all,fg_ester,F1,lr,auprc,0.0757,0.0597,0.1023,0.035,,,,5141,5141,1000,20846,inner_cv,"[{""fold"": ""random"", ""C"": 10.0, ""src"": ""inner_cv"", ""thr"": 0.4268}]",10.26,bootstrap unit: molecule
T3,native,random,all,fg_ester,F1,lr,bal_acc,0.6429,0.6125,0.6775,0.5,,,,5141,5141,1000,20846,inner_cv,"[{""fold"": ""random"", ""C"": 10.0, ""src"": ""inner_cv"", ""thr"": 0.4268}]",10.26,bootstrap unit: molecule
T3,native,random,all,fg_ester,F1,hgb,auroc,0.7385,0.7046,0.7727,0.5,,,,5141,5141,1000,20846,inner_cv,"[{""fold"": ""random"", ""src"": ""inner_cv"", ""thr"": 0.3246}]",10.14,bootstrap unit: molecule
T3,native,random,all,fg_ester,F1,hgb,auprc,0.1009,0.0752,0.1372,0.035,,,,5141,5141,1000,20846,inner_cv,"[{""fold"": ""random"", ""src"": ""inner_cv"", ""thr"": 0.3246}]",10.14,bootstrap unit: molecule
T3,native,random,all,fg_ester,F1,hgb,bal_acc,0.6651,0.6332,0.6939,0.5,,,,5141,5141,1000,20846,inner_cv,"[{""fold"": ""random"", ""src"": ""inner_cv"", ""thr"": 0.3246}]",10.14,bootstrap unit: molecule
T3,native,random,all,fg_ester,F1,knn,auroc,0.6094,0.5705,0.6479,0.5,,,,5141,5141,1000,20846,inner_cv,"[{""fold"": ""random"", ""k"": 10, ""src"": ""inner_cv"", ""thr"": 0.0889}]",44.79,bootstrap unit: molecule
T3,native,random,all,fg_ester,F1,knn,auprc,0.0745,0.0524,0.111,0.035,,,,5141,5141,1000,20846,inner_cv,"[{""fold"": ""random"", ""k"": 10, ""src"": ""inner_cv"", ""thr"": 0.0889}]",44.79,bootstrap unit: molecule
T3,native,random,all,fg_ester,F1,knn,bal_acc,0.5986,0.564,0.6325,0.5,,,,5141,5141,1000,20846,inner_cv,"[{""fold"": ""random"", ""k"": 10, ""src"": ""inner_cv"", ""thr"": 0.0889}]",44.79,bootstrap unit: molecule
T3,native,random,all,fg_ester,F1pos,majority,auroc,0.5,0.5,0.5,0.5,,,,5141,5141,1000,20846,fixed,"[{""fold"": ""random"", ""src"": ""fixed"", ""thr"": 0.5}]",1.97,bootstrap unit: molecule
T3,native,random,all,fg_ester,F1pos,majority,auprc,0.035,0.0303,0.0403,0.035,,,,5141,5141,1000,20846,fixed,"[{""fold"": ""random"", ""src"": ""fixed"", ""thr"": 0.5}]",1.97,bootstrap unit: molecule
T3,native,random,all,fg_ester,F1pos,majority,bal_acc,0.5,0.5,0.5,0.5,,,,5141,5141,1000,20846,fixed,"[{""fold"": ""random"", ""src"": ""fixed"", ""thr"": 0.5}]",1.97,bootstrap unit: molecule
T3,native,random,all,fg_ester,F1pos,lr,auroc,0.7307,0.6967,0.7669,0.5,,,,5141,5141,1000,20846,inner_cv,"[{""fold"": ""random"", ""C"": 10.0, ""src"": ""inner_cv"", ""thr"": 0.4939}]",9.44,bootstrap unit: molecule
T3,native,random,all,fg_ester,F1pos,lr,auprc,0.0906,0.0705,0.1233,0.035,,,,5141,5141,1000,20846,inner_cv,"[{""fold"": ""random"", ""C"": 10.0, ""src"": ""inner_cv"", ""thr"": 0.4939}]",9.44,bootstrap unit: molecule
T3,native,random,all,fg_ester,F1pos,lr,bal_acc,0.6603,0.6243,0.6976,0.5,,,,5141,5141,1000,20846,inner_cv,"[{""fold"": ""random"", ""C"": 10.0, ""src"": ""inner_cv"", ""thr"": 0.4939}]",9.44,bootstrap unit: molecule
T3,native,random,all,fg_ester,F1pos,hgb,auroc,0.7075,0.6716,0.7405,0.5,,,,5141,5141,1000,20846,inner_cv,"[{""fold"": ""random"", ""src"": ""inner_cv"", ""thr"": 0.3089}]",6.12,bootstrap unit: molecule
T3,native,random,all,fg_ester,F1pos,hgb,auprc,0.0846,0.0647,0.1172,0.035,,,,5141,5141,1000,20846,inner_cv,"[{""fold"": ""random"", ""src"": ""inner_cv"", ""thr"": 0.3089}]",6.12,bootstrap unit: molecule
T3,native,random,all,fg_ester,F1pos,hgb,bal_acc,0.6336,0.6047,0.661,0.5,,,,5141,5141,1000,20846,inner_cv,"[{""fold"": ""random"", ""src"": ""inner_cv"", ""thr"": 0.3089}]",6.12,bootstrap unit: molecule
T3,native,random,all,fg_ester,F1pos,knn,auroc,0.5625,0.5245,0.6033,0.5,,,,5141,5141,1000,20846,inner_cv,"[{""fold"": ""random"", ""k"": 10, ""src"": ""inner_cv"", ""thr"": 0.0974}]",36.29,bootstrap unit: molecule
T3,native,random,all,fg_ester,F1pos,knn,auprc,0.0673,0.0477,0.1023,0.035,,,,5141,5141,1000,20846,inner_cv,"[{""fold"": ""random"", ""k"": 10, ""src"": ""inner_cv"", ""thr"": 0.0974}]",36.29,bootstrap unit: molecule
T3,native,random,all,fg_ester,F1pos,knn,bal_acc,0.5531,0.5226,0.5863,0.5,,,,5141,5141,1000,20846,inner_cv,"[{""fold"": ""random"", ""k"": 10, ""src"": ""inner_cv"", ""thr"": 0.0974}]",36.29,bootstrap unit: molecule
T3,native,random,all,fg_ester,F2,majority,auroc,0.5,0.5,0.5,0.5,,,,5141,5141,1000,20846,fixed,"[{""fold"": ""random"", ""src"": ""fixed"", ""thr"": 0.5}]",2.91,bootstrap unit: molecule
T3,native,random,all,fg_ester,F2,majority,auprc,0.035,0.0303,0.0403,0.035,,,,5141,5141,1000,20846,fixed,"[{""fold"": ""random"", ""src"": ""fixed"", ""thr"": 0.5}]",2.91,bootstrap unit: molecule
T3,native,random,all,fg_ester,F2,majority,bal_acc,0.5,0.5,0.5,0.5,,,,5141,5141,1000,20846,fixed,"[{""fold"": ""random"", ""src"": ""fixed"", ""thr"": 0.5}]",2.91,bootstrap unit: molecule
T3,native,random,all,fg_ester,F2,lr,auroc,0.7147,0.681,0.7478,0.5,,,,5141,5141,1000,20846,inner_cv,"[{""fold"": ""random"", ""C"": 0.01, ""src"": ""inner_cv"", ""thr"": 0.3521}]",145.52,bootstrap unit: molecule
T3,native,random,all,fg_ester,F2,lr,auprc,0.0776,0.0601,0.1015,0.035,,,,5141,5141,1000,20846,inner_cv,"[{""fold"": ""random"", ""C"": 0.01, ""src"": ""inner_cv"", ""thr"": 0.3521}]",145.52,bootstrap unit: molecule
T3,native,random,all,fg_ester,F2,lr,bal_acc,0.6575,0.6254,0.6867,0.5,,,,5141,5141,1000,20846,inner_cv,"[{""fold"": ""random"", ""C"": 0.01, ""src"": ""inner_cv"", ""thr"": 0.3521}]",145.52,bootstrap unit: molecule
T3,native,random,all,fg_ester,F2,hgb,auroc,0.7724,0.7376,0.8063,0.5,,,,5141,5141,1000,20846,inner_cv,"[{""fold"": ""random"", ""src"": ""inner_cv"", ""thr"": 0.1788}]",47.44,bootstrap unit: molecule
T3,native,random,all,fg_ester,F2,hgb,auprc,0.1493,0.1145,0.2046,0.035,,,,5141,5141,1000,20846,inner_cv,"[{""fold"": ""random"", ""src"": ""inner_cv"", ""thr"": 0.1788}]",47.44,bootstrap unit: molecule
T3,native,random,all,fg_ester,F2,hgb,bal_acc,0.683,0.6543,0.7079,0.5,,,,5141,5141,1000,20846,inner_cv,"[{""fold"": ""random"", ""src"": ""inner_cv"", ""thr"": 0.1788}]",47.44,bootstrap unit: molecule
T3,native,random,all,fg_ester,F2,knn,auroc,0.6256,0.583,0.6616,0.5,,,,5141,5141,1000,20846,inner_cv,"[{""fold"": ""random"", ""k"": 10, ""src"": ""inner_cv"", ""thr"": 0.0875}]",83.51,bootstrap unit: molecule
T3,native,random,all,fg_ester,F2,knn,auprc,0.1322,0.0908,0.1795,0.035,,,,5141,5141,1000,20846,inner_cv,"[{""fold"": ""random"", ""k"": 10, ""src"": ""inner_cv"", ""thr"": 0.0875}]",83.51,bootstrap unit: molecule
T3,native,random,all,fg_ester,F2,knn,bal_acc,0.6128,0.5733,0.6464,0.5,,,,5141,5141,1000,20846,inner_cv,"[{""fold"": ""random"", ""k"": 10, ""src"": ""inner_cv"", ""thr"": 0.0875}]",83.51,bootstrap unit: molecule
T3,native,random,all,fg_ester,F3,majority,auroc,0.5,0.5,0.5,0.5,,,,5141,5141,1000,20846,fixed,"[{""fold"": ""random"", ""src"": ""fixed"", ""thr"": 0.5}]",2.38,bootstrap unit: molecule
T3,native,random,all,fg_ester,F3,majority,auprc,0.035,0.0303,0.0403,0.035,,,,5141,5141,1000,20846,fixed,"[{""fold"": ""random"", ""src"": ""fixed"", ""thr"": 0.5}]",2.38,bootstrap unit: molecule
T3,native,random,all,fg_ester,F3,majority,bal_acc,0.5,0.5,0.5,0.5,,,,5141,5141,1000,20846,fixed,"[{""fold"": ""random"", ""src"": ""fixed"", ""thr"": 0.5}]",2.38,bootstrap unit: molecule
T3,native,random,all,fg_ester,F3,lr,auroc,0.7327,0.6996,0.7646,0.5,,,,5141,5141,1000,20846,inner_cv,"[{""fold"": ""random"", ""C"": 0.01, ""src"": ""inner_cv"", ""thr"": 0.4326}]",168.61,bootstrap unit: molecule
T3,native,random,all,fg_ester,F3,lr,auprc,0.0865,0.0685,0.1144,0.035,,,,5141,5141,1000,20846,inner_cv,"[{""fold"": ""random"", ""C"": 0.01, ""src"": ""inner_cv"", ""thr"": 0.4326}]",168.61,bootstrap unit: molecule
T3,native,random,all,fg_ester,F3,lr,bal_acc,0.6688,0.6356,0.7033,0.5,,,,5141,5141,1000,20846,inner_cv,"[{""fold"": ""random"", ""C"": 0.01, ""src"": ""inner_cv"", ""thr"": 0.4326}]",168.61,bootstrap unit: molecule
T3,native,random,all,fg_ester,F3,hgb,auroc,0.9116,0.8962,0.9262,0.5,0.0099,100,0.501,5141,5141,1000,20846,inner_cv,"[{""fold"": ""random"", ""src"": ""inner_cv"", ""thr"": 0.135}]",45.48,bootstrap unit: molecule
T3,native,random,all,fg_ester,F3,hgb,auprc,0.2889,0.2347,0.3596,0.035,,,,5141,5141,1000,20846,inner_cv,"[{""fold"": ""random"", ""src"": ""inner_cv"", ""thr"": 0.135}]",45.48,bootstrap unit: molecule
T3,native,random,all,fg_ester,F3,hgb,bal_acc,0.8264,0.808,0.8438,0.5,,,,5141,5141,1000,20846,inner_cv,"[{""fold"": ""random"", ""src"": ""inner_cv"", ""thr"": 0.135}]",45.48,bootstrap unit: molecule
T3,native,random,all,fg_ester,F3,knn,auroc,0.6916,0.6543,0.732,0.5,,,,5141,5141,1000,20846,inner_cv,"[{""fold"": ""random"", ""k"": 10, ""src"": ""inner_cv"", ""thr"": 0.0913}]",87.63,bootstrap unit: molecule
T3,native,random,all,fg_ester,F3,knn,auprc,0.1764,0.1297,0.2362,0.035,,,,5141,5141,1000,20846,inner_cv,"[{""fold"": ""random"", ""k"": 10, ""src"": ""inner_cv"", ""thr"": 0.0913}]",87.63,bootstrap unit: molecule
T3,native,random,all,fg_ester,F3,knn,bal_acc,0.6747,0.6386,0.7106,0.5,,,,5141,5141,1000,20846,inner_cv,"[{""fold"": ""random"", ""k"": 10, ""src"": ""inner_cv"", ""thr"": 0.0913}]",87.63,bootstrap unit: molecule
T3,native,random,all,fg_ester,F1.sqrt,majority,auroc,0.5,0.5,0.5,0.5,,,,5141,5141,1000,20846,fixed,"[{""fold"": ""random"", ""src"": ""fixed"", ""thr"": 0.5}]",2.44,bootstrap unit: molecule
T3,native,random,all,fg_ester,F1.sqrt,majority,auprc,0.035,0.0303,0.0403,0.035,,,,5141,5141,1000,20846,fixed,"[{""fold"": ""random"", ""src"": ""fixed"", ""thr"": 0.5}]",2.44,bootstrap unit: molecule
T3,native,random,all,fg_ester,F1.sqrt,majority,bal_acc,0.5,0.5,0.5,0.5,,,,5141,5141,1000,20846,fixed,"[{""fold"": ""random"", ""src"": ""fixed"", ""thr"": 0.5}]",2.44,bootstrap unit: molecule
T3,native,random,all,fg_ester,F1.sqrt,lr,auroc,0.7263,0.6923,0.7625,0.5,,,,5141,5141,1000,20846,inner_cv,"[{""fold"": ""random"", ""C"": 10.0, ""src"": ""inner_cv"", ""thr"": 0.4171}]",18.34,bootstrap unit: molecule
T3,native,random,all,fg_ester,F1.sqrt,lr,auprc,0.0803,0.0645,0.1082,0.035,,,,5141,5141,1000,20846,inner_cv,"[{""fold"": ""random"", ""C"": 10.0, ""src"": ""inner_cv"", ""thr"": 0.4171}]",18.34,bootstrap unit: molecule
T3,native,random,all,fg_ester,F1.sqrt,lr,bal_acc,0.6667,0.6371,0.6991,0.5,,,,5141,5141,1000,20846,inner_cv,"[{""fold"": ""random"", ""C"": 10.0, ""src"": ""inner_cv"", ""thr"": 0.4171}]",18.34,bootstrap unit: molecule
T3,native,random,all,fg_ester,F1.sqrt,hgb,auroc,0.7385,0.7046,0.7727,0.5,,,,5141,5141,1000,20846,inner_cv,"[{""fold"": ""random"", ""src"": ""inner_cv"", ""thr"": 0.3246}]",6.53,bootstrap unit: molecule
T3,native,random,all,fg_ester,F1.sqrt,hgb,auprc,0.1009,0.0752,0.1372,0.035,,,,5141,5141,1000,20846,inner_cv,"[{""fold"": ""random"", ""src"": ""inner_cv"", ""thr"": 0.3246}]",6.53,bootstrap unit: molecule
T3,native,random,all,fg_ester,F1.sqrt,hgb,bal_acc,0.6651,0.6332,0.6939,0.5,,,,5141,5141,1000,20846,inner_cv,"[{""fold"": ""random"", ""src"": ""inner_cv"", ""thr"": 0.3246}]",6.53,bootstrap unit: molecule
T3,native,random,all,fg_ester,F1.sqrt,knn,auroc,0.6063,0.5668,0.6482,0.5,,,,5141,5141,1000,20846,inner_cv,"[{""fold"": ""random"", ""k"": 10, ""src"": ""inner_cv"", ""thr"": 0.09}]",43.49,bootstrap unit: molecule
T3,native,random,all,fg_ester,F1.sqrt,knn,auprc,0.0768,0.0532,0.1164,0.035,,,,5141,5141,1000,20846,inner_cv,"[{""fold"": ""random"", ""k"": 10, ""src"": ""inner_cv"", ""thr"": 0.09}]",43.49,bootstrap unit: molecule
T3,native,random,all,fg_ester,F1.sqrt,knn,bal_acc,0.5954,0.5587,0.6332,0.5,,,,5141,5141,1000,20846,inner_cv,"[{""fold"": ""random"", ""k"": 10, ""src"": ""inner_cv"", ""thr"": 0.09}]",43.49,bootstrap unit: molecule
T3,native,random,all,fg_ester,F2.lt1700,majority,auroc,0.5,0.5,0.5,0.5,,,,5141,5141,1000,20846,fixed,"[{""fold"": ""random"", ""src"": ""fixed"", ""thr"": 0.5}]",2.83,bootstrap unit: molecule
T3,native,random,all,fg_ester,F2.lt1700,majority,auprc,0.035,0.0303,0.0403,0.035,,,,5141,5141,1000,20846,fixed,"[{""fold"": ""random"", ""src"": ""fixed"", ""thr"": 0.5}]",2.83,bootstrap unit: molecule
T3,native,random,all,fg_ester,F2.lt1700,majority,bal_acc,0.5,0.5,0.5,0.5,,,,5141,5141,1000,20846,fixed,"[{""fold"": ""random"", ""src"": ""fixed"", ""thr"": 0.5}]",2.83,bootstrap unit: molecule
T3,native,random,all,fg_ester,F2.lt1700,lr,auroc,0.7117,0.6777,0.7452,0.5,,,,5141,5141,1000,20846,inner_cv,"[{""fold"": ""random"", ""C"": 0.01, ""src"": ""inner_cv"", ""thr"": 0.351}]",97.39,bootstrap unit: molecule
T3,native,random,all,fg_ester,F2.lt1700,lr,auprc,0.0796,0.061,0.1078,0.035,,,,5141,5141,1000,20846,inner_cv,"[{""fold"": ""random"", ""C"": 0.01, ""src"": ""inner_cv"", ""thr"": 0.351}]",97.39,bootstrap unit: molecule
T3,native,random,all,fg_ester,F2.lt1700,lr,bal_acc,0.642,0.6097,0.6714,0.5,,,,5141,5141,1000,20846,inner_cv,"[{""fold"": ""random"", ""C"": 0.01, ""src"": ""inner_cv"", ""thr"": 0.351}]",97.39,bootstrap unit: molecule
T3,native,random,all,fg_ester,F2.lt1700,hgb,auroc,0.763,0.7294,0.7965,0.5,,,,5141,5141,1000,20846,inner_cv,"[{""fold"": ""random"", ""src"": ""inner_cv"", ""thr"": 0.2787}]",53.34,bootstrap unit: molecule
T3,native,random,all,fg_ester,F2.lt1700,hgb,auprc,0.1296,0.0973,0.1739,0.035,,,,5141,5141,1000,20846,inner_cv,"[{""fold"": ""random"", ""src"": ""inner_cv"", ""thr"": 0.2787}]",53.34,bootstrap unit: molecule
T3,native,random,all,fg_ester,F2.lt1700,hgb,bal_acc,0.6766,0.6434,0.7113,0.5,,,,5141,5141,1000,20846,inner_cv,"[{""fold"": ""random"", ""src"": ""inner_cv"", ""thr"": 0.2787}]",53.34,bootstrap unit: molecule
T3,native,random,all,fg_ester,F2.lt1700,knn,auroc,0.6309,0.59,0.6703,0.5,,,,5141,5141,1000,20846,inner_cv,"[{""fold"": ""random"", ""k"": 10, ""src"": ""inner_cv"", ""thr"": 0.089}]",74.03,bootstrap unit: molecule
T3,native,random,all,fg_ester,F2.lt1700,knn,auprc,0.1064,0.071,0.1513,0.035,,,,5141,5141,1000,20846,inner_cv,"[{""fold"": ""random"", ""k"": 10, ""src"": ""inner_cv"", ""thr"": 0.089}]",74.03,bootstrap unit: molecule
T3,native,random,all,fg_ester,F2.lt1700,knn,bal_acc,0.6186,0.5814,0.6551,0.5,,,,5141,5141,1000,20846,inner_cv,"[{""fold"": ""random"", ""k"": 10, ""src"": ""inner_cv"", ""thr"": 0.089}]",74.03,bootstrap unit: molecule
T3,native,random,all,fg_ester,F3.lt1700,majority,auroc,0.5,0.5,0.5,0.5,,,,5141,5141,1000,20846,fixed,"[{""fold"": ""random"", ""src"": ""fixed"", ""thr"": 0.5}]",3.11,bootstrap unit: molecule
T3,native,random,all,fg_ester,F3.lt1700,majority,auprc,0.035,0.0303,0.0403,0.035,,,,5141,5141,1000,20846,fixed,"[{""fold"": ""random"", ""src"": ""fixed"", ""thr"": 0.5}]",3.11,bootstrap unit: molecule
T3,native,random,all,fg_ester,F3.lt1700,majority,bal_acc,0.5,0.5,0.5,0.5,,,,5141,5141,1000,20846,fixed,"[{""fold"": ""random"", ""src"": ""fixed"", ""thr"": 0.5}]",3.11,bootstrap unit: molecule
T3,native,random,all,fg_ester,F3.lt1700,lr,auroc,0.7077,0.6749,0.7401,0.5,,,,5141,5141,1000,20846,inner_cv,"[{""fold"": ""random"", ""C"": 0.01, ""src"": ""inner_cv"", ""thr"": 0.4514}]",125.63,bootstrap unit: molecule
T3,native,random,all,fg_ester,F3.lt1700,lr,auprc,0.0771,0.06,0.1044,0.035,,,,5141,5141,1000,20846,inner_cv,"[{""fold"": ""random"", ""C"": 0.01, ""src"": ""inner_cv"", ""thr"": 0.4514}]",125.63,bootstrap unit: molecule
T3,native,random,all,fg_ester,F3.lt1700,lr,bal_acc,0.6468,0.6125,0.6808,0.5,,,,5141,5141,1000,20846,inner_cv,"[{""fold"": ""random"", ""C"": 0.01, ""src"": ""inner_cv"", ""thr"": 0.4514}]",125.63,bootstrap unit: molecule
T3,native,random,all,fg_ester,F3.lt1700,hgb,auroc,0.8606,0.8383,0.8823,0.5,,,,5141,5141,1000,20846,inner_cv,"[{""fold"": ""random"", ""src"": ""inner_cv"", ""thr"": 0.1521}]",58.82,bootstrap unit: molecule
T3,native,random,all,fg_ester,F3.lt1700,hgb,auprc,0.2005,0.1573,0.2624,0.035,,,,5141,5141,1000,20846,inner_cv,"[{""fold"": ""random"", ""src"": ""inner_cv"", ""thr"": 0.1521}]",58.82,bootstrap unit: molecule
T3,native,random,all,fg_ester,F3.lt1700,hgb,bal_acc,0.7744,0.7519,0.7937,0.5,,,,5141,5141,1000,20846,inner_cv,"[{""fold"": ""random"", ""src"": ""inner_cv"", ""thr"": 0.1521}]",58.82,bootstrap unit: molecule
T3,native,random,all,fg_ester,F3.lt1700,knn,auroc,0.6759,0.6366,0.7134,0.5,,,,5141,5141,1000,20846,inner_cv,"[{""fold"": ""random"", ""k"": 10, ""src"": ""inner_cv"", ""thr"": 0.0935}]",77.74,bootstrap unit: molecule
T3,native,random,all,fg_ester,F3.lt1700,knn,auprc,0.121,0.0863,0.1732,0.035,,,,5141,5141,1000,20846,inner_cv,"[{""fold"": ""random"", ""k"": 10, ""src"": ""inner_cv"", ""thr"": 0.0935}]",77.74,bootstrap unit: molecule
T3,native,random,all,fg_ester,F3.lt1700,knn,bal_acc,0.6685,0.6332,0.7055,0.5,,,,5141,5141,1000,20846,inner_cv,"[{""fold"": ""random"", ""k"": 10, ""src"": ""inner_cv"", ""thr"": 0.0935}]",77.74,bootstrap unit: molecule
T3,native,random,all,fg_ether,F1,majority,auroc,0.5,0.5,0.5,0.5,,,,5141,5141,1000,20846,fixed,"[{""fold"": ""random"", ""src"": ""fixed"", ""thr"": 0.5}]",7.94,bootstrap unit: molecule
T3,native,random,all,fg_ether,F1,majority,auprc,0.398,0.3853,0.412,0.398,,,,5141,5141,1000,20846,fixed,"[{""fold"": ""random"", ""src"": ""fixed"", ""thr"": 0.5}]",7.94,bootstrap unit: molecule
T3,native,random,all,fg_ether,F1,majority,bal_acc,0.5,0.5,0.5,0.5,,,,5141,5141,1000,20846,fixed,"[{""fold"": ""random"", ""src"": ""fixed"", ""thr"": 0.5}]",7.94,bootstrap unit: molecule
T3,native,random,all,fg_ether,F1,lr,auroc,0.6998,0.686,0.7136,0.5,0.0099,100,0.4994,5141,5141,1000,20846,inner_cv,"[{""fold"": ""random"", ""C"": 0.01, ""src"": ""inner_cv"", ""thr"": 0.5105}]",15.35,bootstrap unit: molecule
T3,native,random,all,fg_ether,F1,lr,auprc,0.5848,0.5617,0.6081,0.398,,,,5141,5141,1000,20846,inner_cv,"[{""fold"": ""random"", ""C"": 0.01, ""src"": ""inner_cv"", ""thr"": 0.5105}]",15.35,bootstrap unit: molecule
T3,native,random,all,fg_ether,F1,lr,bal_acc,0.6349,0.6221,0.6488,0.5,,,,5141,5141,1000,20846,inner_cv,"[{""fold"": ""random"", ""C"": 0.01, ""src"": ""inner_cv"", ""thr"": 0.5105}]",15.35,bootstrap unit: molecule
T3,native,random,all,fg_ether,F1,hgb,auroc,0.7499,0.7362,0.7627,0.5,,,,5141,5141,1000,20846,inner_cv,"[{""fold"": ""random"", ""src"": ""inner_cv"", ""thr"": 0.4969}]",7.64,bootstrap unit: molecule
T3,native,random,all,fg_ether,F1,hgb,auprc,0.6678,0.6482,0.6908,0.398,,,,5141,5141,1000,20846,inner_cv,"[{""fold"": ""random"", ""src"": ""inner_cv"", ""thr"": 0.4969}]",7.64,bootstrap unit: molecule
T3,native,random,all,fg_ether,F1,hgb,bal_acc,0.6815,0.6683,0.6944,0.5,,,,5141,5141,1000,20846,inner_cv,"[{""fold"": ""random"", ""src"": ""inner_cv"", ""thr"": 0.4969}]",7.64,bootstrap unit: molecule
T3,native,random,all,fg_ether,F1,knn,auroc,0.6785,0.6641,0.6939,0.5,,,,5141,5141,1000,20846,inner_cv,"[{""fold"": ""random"", ""k"": 10, ""src"": ""inner_cv"", ""thr"": 0.3969}]",44.3,bootstrap unit: molecule
T3,native,random,all,fg_ether,F1,knn,auprc,0.5854,0.5628,0.6087,0.398,,,,5141,5141,1000,20846,inner_cv,"[{""fold"": ""random"", ""k"": 10, ""src"": ""inner_cv"", ""thr"": 0.3969}]",44.3,bootstrap unit: molecule
T3,native,random,all,fg_ether,F1,knn,bal_acc,0.6328,0.6195,0.6459,0.5,,,,5141,5141,1000,20846,inner_cv,"[{""fold"": ""random"", ""k"": 10, ""src"": ""inner_cv"", ""thr"": 0.3969}]",44.3,bootstrap unit: molecule
T3,native,random,all,fg_ether,F1pos,majority,auroc,0.5,0.5,0.5,0.5,,,,5141,5141,1000,20846,fixed,"[{""fold"": ""random"", ""src"": ""fixed"", ""thr"": 0.5}]",2.27,bootstrap unit: molecule
T3,native,random,all,fg_ether,F1pos,majority,auprc,0.398,0.3853,0.412,0.398,,,,5141,5141,1000,20846,fixed,"[{""fold"": ""random"", ""src"": ""fixed"", ""thr"": 0.5}]",2.27,bootstrap unit: molecule
T3,native,random,all,fg_ether,F1pos,majority,bal_acc,0.5,0.5,0.5,0.5,,,,5141,5141,1000,20846,fixed,"[{""fold"": ""random"", ""src"": ""fixed"", ""thr"": 0.5}]",2.27,bootstrap unit: molecule
T3,native,random,all,fg_ether,F1pos,lr,auroc,0.73,0.7161,0.7436,0.5,,,,5141,5141,1000,20846,inner_cv,"[{""fold"": ""random"", ""C"": 0.01, ""src"": ""inner_cv"", ""thr"": 0.4976}]",9.97,bootstrap unit: molecule
T3,native,random,all,fg_ether,F1pos,lr,auprc,0.6321,0.6096,0.6542,0.398,,,,5141,5141,1000,20846,inner_cv,"[{""fold"": ""random"", ""C"": 0.01, ""src"": ""inner_cv"", ""thr"": 0.4976}]",9.97,bootstrap unit: molecule
T3,native,random,all,fg_ether,F1pos,lr,bal_acc,0.6609,0.6475,0.6736,0.5,,,,5141,5141,1000,20846,inner_cv,"[{""fold"": ""random"", ""C"": 0.01, ""src"": ""inner_cv"", ""thr"": 0.4976}]",9.97,bootstrap unit: molecule
T3,native,random,all,fg_ether,F1pos,hgb,auroc,0.7325,0.7181,0.745,0.5,,,,5141,5141,1000,20846,inner_cv,"[{""fold"": ""random"", ""src"": ""inner_cv"", ""thr"": 0.4935}]",7.95,bootstrap unit: molecule
T3,native,random,all,fg_ether,F1pos,hgb,auprc,0.6365,0.6145,0.6587,0.398,,,,5141,5141,1000,20846,inner_cv,"[{""fold"": ""random"", ""src"": ""inner_cv"", ""thr"": 0.4935}]",7.95,bootstrap unit: molecule
T3,native,random,all,fg_ether,F1pos,hgb,bal_acc,0.664,0.6506,0.6766,0.5,,,,5141,5141,1000,20846,inner_cv,"[{""fold"": ""random"", ""src"": ""inner_cv"", ""thr"": 0.4935}]",7.95,bootstrap unit: molecule
T3,native,random,all,fg_ether,F1pos,knn,auroc,0.6487,0.6343,0.6638,0.5,,,,5141,5141,1000,20846,inner_cv,"[{""fold"": ""random"", ""k"": 10, ""src"": ""inner_cv"", ""thr"": 0.41}]",46.49,bootstrap unit: molecule
T3,native,random,all,fg_ether,F1pos,knn,auprc,0.5313,0.5102,0.5546,0.398,,,,5141,5141,1000,20846,inner_cv,"[{""fold"": ""random"", ""k"": 10, ""src"": ""inner_cv"", ""thr"": 0.41}]",46.49,bootstrap unit: molecule
T3,native,random,all,fg_ether,F1pos,knn,bal_acc,0.6092,0.5962,0.6227,0.5,,,,5141,5141,1000,20846,inner_cv,"[{""fold"": ""random"", ""k"": 10, ""src"": ""inner_cv"", ""thr"": 0.41}]",46.49,bootstrap unit: molecule
T3,native,random,all,fg_ether,F2,majority,auroc,0.5,0.5,0.5,0.5,,,,5141,5141,1000,20846,fixed,"[{""fold"": ""random"", ""src"": ""fixed"", ""thr"": 0.5}]",3.24,bootstrap unit: molecule
T3,native,random,all,fg_ether,F2,majority,auprc,0.398,0.3853,0.412,0.398,,,,5141,5141,1000,20846,fixed,"[{""fold"": ""random"", ""src"": ""fixed"", ""thr"": 0.5}]",3.24,bootstrap unit: molecule
T3,native,random,all,fg_ether,F2,majority,bal_acc,0.5,0.5,0.5,0.5,,,,5141,5141,1000,20846,fixed,"[{""fold"": ""random"", ""src"": ""fixed"", ""thr"": 0.5}]",3.24,bootstrap unit: molecule
T3,native,random,all,fg_ether,F2,lr,auroc,0.7061,0.6921,0.7199,0.5,,,,5141,5141,1000,20846,inner_cv,"[{""fold"": ""random"", ""C"": 0.01, ""src"": ""inner_cv"", ""thr"": 0.5113}]",120.48,bootstrap unit: molecule
T3,native,random,all,fg_ether,F2,lr,auprc,0.5927,0.5703,0.617,0.398,,,,5141,5141,1000,20846,inner_cv,"[{""fold"": ""random"", ""C"": 0.01, ""src"": ""inner_cv"", ""thr"": 0.5113}]",120.48,bootstrap unit: molecule
T3,native,random,all,fg_ether,F2,lr,bal_acc,0.6492,0.6361,0.6623,0.5,,,,5141,5141,1000,20846,inner_cv,"[{""fold"": ""random"", ""C"": 0.01, ""src"": ""inner_cv"", ""thr"": 0.5113}]",120.48,bootstrap unit: molecule
T3,native,random,all,fg_ether,F2,hgb,auroc,0.7728,0.7603,0.7849,0.5,,,,5141,5141,1000,20846,inner_cv,"[{""fold"": ""random"", ""src"": ""inner_cv"", ""thr"": 0.4621}]",53.05,bootstrap unit: molecule
T3,native,random,all,fg_ether,F2,hgb,auprc,0.7005,0.6809,0.7218,0.398,,,,5141,5141,1000,20846,inner_cv,"[{""fold"": ""random"", ""src"": ""inner_cv"", ""thr"": 0.4621}]",53.05,bootstrap unit: molecule
T3,native,random,all,fg_ether,F2,hgb,bal_acc,0.6929,0.6803,0.705,0.5,,,,5141,5141,1000,20846,inner_cv,"[{""fold"": ""random"", ""src"": ""inner_cv"", ""thr"": 0.4621}]",53.05,bootstrap unit: molecule
T3,native,random,all,fg_ether,F2,knn,auroc,0.7425,0.7292,0.7561,0.5,,,,5141,5141,1000,20846,inner_cv,"[{""fold"": ""random"", ""k"": 10, ""src"": ""inner_cv"", ""thr"": 0.4932}]",79.4,bootstrap unit: molecule
T3,native,random,all,fg_ether,F2,knn,auprc,0.668,0.6468,0.6895,0.398,,,,5141,5141,1000,20846,inner_cv,"[{""fold"": ""random"", ""k"": 10, ""src"": ""inner_cv"", ""thr"": 0.4932}]",79.4,bootstrap unit: molecule
T3,native,random,all,fg_ether,F2,knn,bal_acc,0.6806,0.6684,0.6934,0.5,,,,5141,5141,1000,20846,inner_cv,"[{""fold"": ""random"", ""k"": 10, ""src"": ""inner_cv"", ""thr"": 0.4932}]",79.4,bootstrap unit: molecule
T3,native,random,all,fg_ether,F3,majority,auroc,0.5,0.5,0.5,0.5,,,,5141,5141,1000,20846,fixed,"[{""fold"": ""random"", ""src"": ""fixed"", ""thr"": 0.5}]",5.38,bootstrap unit: molecule
T3,native,random,all,fg_ether,F3,majority,auprc,0.398,0.3853,0.412,0.398,,,,5141,5141,1000,20846,fixed,"[{""fold"": ""random"", ""src"": ""fixed"", ""thr"": 0.5}]",5.38,bootstrap unit: molecule
T3,native,random,all,fg_ether,F3,majority,bal_acc,0.5,0.5,0.5,0.5,,,,5141,5141,1000,20846,fixed,"[{""fold"": ""random"", ""src"": ""fixed"", ""thr"": 0.5}]",5.38,bootstrap unit: molecule
T3,native,random,all,fg_ether,F3,lr,auroc,0.714,0.7001,0.728,0.5,,,,5141,5141,1000,20846,inner_cv,"[{""fold"": ""random"", ""C"": 0.01, ""src"": ""inner_cv"", ""thr"": 0.4922}]",76.8,bootstrap unit: molecule
T3,native,random,all,fg_ether,F3,lr,auprc,0.6019,0.5791,0.6247,0.398,,,,5141,5141,1000,20846,inner_cv,"[{""fold"": ""random"", ""C"": 0.01, ""src"": ""inner_cv"", ""thr"": 0.4922}]",76.8,bootstrap unit: molecule
T3,native,random,all,fg_ether,F3,lr,bal_acc,0.6541,0.6413,0.667,0.5,,,,5141,5141,1000,20846,inner_cv,"[{""fold"": ""random"", ""C"": 0.01, ""src"": ""inner_cv"", ""thr"": 0.4922}]",76.8,bootstrap unit: molecule
T3,native,random,all,fg_ether,F3,hgb,auroc,0.8045,0.7934,0.8164,0.5,0.0099,100,0.5014,5141,5141,1000,20846,inner_cv,"[{""fold"": ""random"", ""src"": ""inner_cv"", ""thr"": 0.465}]",58.68,bootstrap unit: molecule
T3,native,random,all,fg_ether,F3,hgb,auprc,0.7443,0.7273,0.7623,0.398,,,,5141,5141,1000,20846,inner_cv,"[{""fold"": ""random"", ""src"": ""inner_cv"", ""thr"": 0.465}]",58.68,bootstrap unit: molecule
T3,native,random,all,fg_ether,F3,hgb,bal_acc,0.7193,0.7072,0.7318,0.5,,,,5141,5141,1000,20846,inner_cv,"[{""fold"": ""random"", ""src"": ""inner_cv"", ""thr"": 0.465}]",58.68,bootstrap unit: molecule
T3,native,random,all,fg_ether,F3,knn,auroc,0.7684,0.7557,0.7819,0.5,,,,5141,5141,1000,20846,inner_cv,"[{""fold"": ""random"", ""k"": 10, ""src"": ""inner_cv"", ""thr"": 0.4024}]",82.57,bootstrap unit: molecule
T3,native,random,all,fg_ether,F3,knn,auprc,0.7092,0.6891,0.7292,0.398,,,,5141,5141,1000,20846,inner_cv,"[{""fold"": ""random"", ""k"": 10, ""src"": ""inner_cv"", ""thr"": 0.4024}]",82.57,bootstrap unit: molecule
T3,native,random,all,fg_ether,F3,knn,bal_acc,0.6914,0.6789,0.7041,0.5,,,,5141,5141,1000,20846,inner_cv,"[{""fold"": ""random"", ""k"": 10, ""src"": ""inner_cv"", ""thr"": 0.4024}]",82.57,bootstrap unit: molecule
T3,native,random,all,fg_ether,F1.sqrt,majority,auroc,0.5,0.5,0.5,0.5,,,,5141,5141,1000,20846,fixed,"[{""fold"": ""random"", ""src"": ""fixed"", ""thr"": 0.5}]",2.31,bootstrap unit: molecule
T3,native,random,all,fg_ether,F1.sqrt,majority,auprc,0.398,0.3853,0.412,0.398,,,,5141,5141,1000,20846,fixed,"[{""fold"": ""random"", ""src"": ""fixed"", ""thr"": 0.5}]",2.31,bootstrap unit: molecule
T3,native,random,all,fg_ether,F1.sqrt,majority,bal_acc,0.5,0.5,0.5,0.5,,,,5141,5141,1000,20846,fixed,"[{""fold"": ""random"", ""src"": ""fixed"", ""thr"": 0.5}]",2.31,bootstrap unit: molecule
T3,native,random,all,fg_ether,F1.sqrt,lr,auroc,0.7189,0.7053,0.7321,0.5,,,,5141,5141,1000,20846,inner_cv,"[{""fold"": ""random"", ""C"": 0.01, ""src"": ""inner_cv"", ""thr"": 0.4818}]",13.04,bootstrap unit: molecule
T3,native,random,all,fg_ether,F1.sqrt,lr,auprc,0.6125,0.5909,0.636,0.398,,,,5141,5141,1000,20846,inner_cv,"[{""fold"": ""random"", ""C"": 0.01, ""src"": ""inner_cv"", ""thr"": 0.4818}]",13.04,bootstrap unit: molecule
T3,native,random,all,fg_ether,F1.sqrt,lr,bal_acc,0.6571,0.6447,0.6697,0.5,,,,5141,5141,1000,20846,inner_cv,"[{""fold"": ""random"", ""C"": 0.01, ""src"": ""inner_cv"", ""thr"": 0.4818}]",13.04,bootstrap unit: molecule
T3,native,random,all,fg_ether,F1.sqrt,hgb,auroc,0.7498,0.7362,0.7627,0.5,,,,5141,5141,1000,20846,inner_cv,"[{""fold"": ""random"", ""src"": ""inner_cv"", ""thr"": 0.4718}]",7.13,bootstrap unit: molecule
T3,native,random,all,fg_ether,F1.sqrt,hgb,auprc,0.6678,0.6482,0.6908,0.398,,,,5141,5141,1000,20846,inner_cv,"[{""fold"": ""random"", ""src"": ""inner_cv"", ""thr"": 0.4718}]",7.13,bootstrap unit: molecule
T3,native,random,all,fg_ether,F1.sqrt,hgb,bal_acc,0.6812,0.6688,0.6944,0.5,,,,5141,5141,1000,20846,inner_cv,"[{""fold"": ""random"", ""src"": ""inner_cv"", ""thr"": 0.4718}]",7.13,bootstrap unit: molecule
T3,native,random,all,fg_ether,F1.sqrt,knn,auroc,0.6891,0.6748,0.7026,0.5,,,,5141,5141,1000,20846,inner_cv,"[{""fold"": ""random"", ""k"": 10, ""src"": ""inner_cv"", ""thr"": 0.4018}]",45.91,bootstrap unit: molecule
T3,native,random,all,fg_ether,F1.sqrt,knn,auprc,0.5919,0.5702,0.6152,0.398,,,,5141,5141,1000,20846,inner_cv,"[{""fold"": ""random"", ""k"": 10, ""src"": ""inner_cv"", ""thr"": 0.4018}]",45.91,bootstrap unit: molecule
T3,native,random,all,fg_ether,F1.sqrt,knn,bal_acc,0.6388,0.6258,0.6513,0.5,,,,5141,5141,1000,20846,inner_cv,"[{""fold"": ""random"", ""k"": 10, ""src"": ""inner_cv"", ""thr"": 0.4018}]",45.91,bootstrap unit: molecule
T3,native,random,all,fg_ether,F2.lt1700,majority,auroc,0.5,0.5,0.5,0.5,,,,5141,5141,1000,20846,fixed,"[{""fold"": ""random"", ""src"": ""fixed"", ""thr"": 0.5}]",2.35,bootstrap unit: molecule
T3,native,random,all,fg_ether,F2.lt1700,majority,auprc,0.398,0.3853,0.412,0.398,,,,5141,5141,1000,20846,fixed,"[{""fold"": ""random"", ""src"": ""fixed"", ""thr"": 0.5}]",2.35,bootstrap unit: molecule
T3,native,random,all,fg_ether,F2.lt1700,majority,bal_acc,0.5,0.5,0.5,0.5,,,,5141,5141,1000,20846,fixed,"[{""fold"": ""random"", ""src"": ""fixed"", ""thr"": 0.5}]",2.35,bootstrap unit: molecule
T3,native,random,all,fg_ether,F2.lt1700,lr,auroc,0.7053,0.6915,0.7189,0.5,,,,5141,5141,1000,20846,inner_cv,"[{""fold"": ""random"", ""C"": 0.01, ""src"": ""inner_cv"", ""thr"": 0.5107}]",93.24,bootstrap unit: molecule
T3,native,random,all,fg_ether,F2.lt1700,lr,auprc,0.5914,0.5689,0.6156,0.398,,,,5141,5141,1000,20846,inner_cv,"[{""fold"": ""random"", ""C"": 0.01, ""src"": ""inner_cv"", ""thr"": 0.5107}]",93.24,bootstrap unit: molecule
T3,native,random,all,fg_ether,F2.lt1700,lr,bal_acc,0.6481,0.6356,0.6616,0.5,,,,5141,5141,1000,20846,inner_cv,"[{""fold"": ""random"", ""C"": 0.01, ""src"": ""inner_cv"", ""thr"": 0.5107}]",93.24,bootstrap unit: molecule
T3,native,random,all,fg_ether,F2.lt1700,hgb,auroc,0.7689,0.7561,0.7816,0.5,,,,5141,5141,1000,20846,inner_cv,"[{""fold"": ""random"", ""src"": ""inner_cv"", ""thr"": 0.4556}]",55.05,bootstrap unit: molecule
T3,native,random,all,fg_ether,F2.lt1700,hgb,auprc,0.695,0.6751,0.7159,0.398,,,,5141,5141,1000,20846,inner_cv,"[{""fold"": ""random"", ""src"": ""inner_cv"", ""thr"": 0.4556}]",55.05,bootstrap unit: molecule
T3,native,random,all,fg_ether,F2.lt1700,hgb,bal_acc,0.6901,0.6778,0.7031,0.5,,,,5141,5141,1000,20846,inner_cv,"[{""fold"": ""random"", ""src"": ""inner_cv"", ""thr"": 0.4556}]",55.05,bootstrap unit: molecule
T3,native,random,all,fg_ether,F2.lt1700,knn,auroc,0.7494,0.7363,0.7632,0.5,,,,5141,5141,1000,20846,inner_cv,"[{""fold"": ""random"", ""k"": 10, ""src"": ""inner_cv"", ""thr"": 0.4916}]",79.79,bootstrap unit: molecule
T3,native,random,all,fg_ether,F2.lt1700,knn,auprc,0.673,0.6526,0.6943,0.398,,,,5141,5141,1000,20846,inner_cv,"[{""fold"": ""random"", ""k"": 10, ""src"": ""inner_cv"", ""thr"": 0.4916}]",79.79,bootstrap unit: molecule
T3,native,random,all,fg_ether,F2.lt1700,knn,bal_acc,0.6829,0.6708,0.696,0.5,,,,5141,5141,1000,20846,inner_cv,"[{""fold"": ""random"", ""k"": 10, ""src"": ""inner_cv"", ""thr"": 0.4916}]",79.79,bootstrap unit: molecule
T3,native,random,all,fg_ether,F3.lt1700,majority,auroc,0.5,0.5,0.5,0.5,,,,5141,5141,1000,20846,fixed,"[{""fold"": ""random"", ""src"": ""fixed"", ""thr"": 0.5}]",4.81,bootstrap unit: molecule
T3,native,random,all,fg_ether,F3.lt1700,majority,auprc,0.398,0.3853,0.412,0.398,,,,5141,5141,1000,20846,fixed,"[{""fold"": ""random"", ""src"": ""fixed"", ""thr"": 0.5}]",4.81,bootstrap unit: molecule
T3,native,random,all,fg_ether,F3.lt1700,majority,bal_acc,0.5,0.5,0.5,0.5,,,,5141,5141,1000,20846,fixed,"[{""fold"": ""random"", ""src"": ""fixed"", ""thr"": 0.5}]",4.81,bootstrap unit: molecule
T3,native,random,all,fg_ether,F3.lt1700,lr,auroc,0.7132,0.6994,0.7268,0.5,,,,5141,5141,1000,20846,inner_cv,"[{""fold"": ""random"", ""C"": 0.01, ""src"": ""inner_cv"", ""thr"": 0.4681}]",71.81,bootstrap unit: molecule
T3,native,random,all,fg_ether,F3.lt1700,lr,auprc,0.6006,0.5778,0.6236,0.398,,,,5141,5141,1000,20846,inner_cv,"[{""fold"": ""random"", ""C"": 0.01, ""src"": ""inner_cv"", ""thr"": 0.4681}]",71.81,bootstrap unit: molecule
T3,native,random,all,fg_ether,F3.lt1700,lr,bal_acc,0.6534,0.6413,0.6665,0.5,,,,5141,5141,1000,20846,inner_cv,"[{""fold"": ""random"", ""C"": 0.01, ""src"": ""inner_cv"", ""thr"": 0.4681}]",71.81,bootstrap unit: molecule
T3,native,random,all,fg_ether,F3.lt1700,hgb,auroc,0.8,0.789,0.8124,0.5,,,,5141,5141,1000,20846,inner_cv,"[{""fold"": ""random"", ""src"": ""inner_cv"", ""thr"": 0.4939}]",78.52,bootstrap unit: molecule
T3,native,random,all,fg_ether,F3.lt1700,hgb,auprc,0.7414,0.7248,0.7599,0.398,,,,5141,5141,1000,20846,inner_cv,"[{""fold"": ""random"", ""src"": ""inner_cv"", ""thr"": 0.4939}]",78.52,bootstrap unit: molecule
T3,native,random,all,fg_ether,F3.lt1700,hgb,bal_acc,0.7107,0.6979,0.7238,0.5,,,,5141,5141,1000,20846,inner_cv,"[{""fold"": ""random"", ""src"": ""inner_cv"", ""thr"": 0.4939}]",78.52,bootstrap unit: molecule
T3,native,random,all,fg_ether,F3.lt1700,knn,auroc,0.776,0.7629,0.7893,0.5,,,,5141,5141,1000,20846,inner_cv,"[{""fold"": ""random"", ""k"": 10, ""src"": ""inner_cv"", ""thr"": 0.4112}]",68.47,bootstrap unit: molecule
T3,native,random,all,fg_ether,F3.lt1700,knn,auprc,0.7136,0.6929,0.7332,0.398,,,,5141,5141,1000,20846,inner_cv,"[{""fold"": ""random"", ""k"": 10, ""src"": ""inner_cv"", ""thr"": 0.4112}]",68.47,bootstrap unit: molecule
T3,native,random,all,fg_ether,F3.lt1700,knn,bal_acc,0.7046,0.6924,0.7177,0.5,,,,5141,5141,1000,20846,inner_cv,"[{""fold"": ""random"", ""k"": 10, ""src"": ""inner_cv"", ""thr"": 0.4112}]",68.47,bootstrap unit: molecule
T3,native,random,all,fg_nitrile,F1,majority,auroc,0.5,0.5,0.5,0.5,,,,5141,5141,1000,20846,fixed,"[{""fold"": ""random"", ""src"": ""fixed"", ""thr"": 0.5}]",12.58,bootstrap unit: molecule
T3,native,random,all,fg_nitrile,F1,majority,auprc,0.1329,0.1237,0.1418,0.1329,,,,5141,5141,1000,20846,fixed,"[{""fold"": ""random"", ""src"": ""fixed"", ""thr"": 0.5}]",12.58,bootstrap unit: molecule
T3,native,random,all,fg_nitrile,F1,majority,bal_acc,0.5,0.5,0.5,0.5,,,,5141,5141,1000,20846,fixed,"[{""fold"": ""random"", ""src"": ""fixed"", ""thr"": 0.5}]",12.58,bootstrap unit: molecule
T3,native,random,all,fg_nitrile,F1,lr,auroc,0.7104,0.6886,0.7306,0.5,0.0099,100,0.4988,5141,5141,1000,20846,inner_cv,"[{""fold"": ""random"", ""C"": 10.0, ""src"": ""inner_cv"", ""thr"": 0.4986}]",17.51,bootstrap unit: molecule
T3,native,random,all,fg_nitrile,F1,lr,auprc,0.2916,0.2599,0.3241,0.1329,,,,5141,5141,1000,20846,inner_cv,"[{""fold"": ""random"", ""C"": 10.0, ""src"": ""inner_cv"", ""thr"": 0.4986}]",17.51,bootstrap unit: molecule
T3,native,random,all,fg_nitrile,F1,lr,bal_acc,0.6527,0.6331,0.6731,0.5,,,,5141,5141,1000,20846,inner_cv,"[{""fold"": ""random"", ""C"": 10.0, ""src"": ""inner_cv"", ""thr"": 0.4986}]",17.51,bootstrap unit: molecule
T3,native,random,all,fg_nitrile,F1,hgb,auroc,0.7538,0.7336,0.7713,0.5,,,,5141,5141,1000,20846,inner_cv,"[{""fold"": ""random"", ""src"": ""inner_cv"", ""thr"": 0.4388}]",9.39,bootstrap unit: molecule
T3,native,random,all,fg_nitrile,F1,hgb,auprc,0.3548,0.32,0.391,0.1329,,,,5141,5141,1000,20846,inner_cv,"[{""fold"": ""random"", ""src"": ""inner_cv"", ""thr"": 0.4388}]",9.39,bootstrap unit: molecule
T3,native,random,all,fg_nitrile,F1,hgb,bal_acc,0.6857,0.6685,0.7018,0.5,,,,5141,5141,1000,20846,inner_cv,"[{""fold"": ""random"", ""src"": ""inner_cv"", ""thr"": 0.4388}]",9.39,bootstrap unit: molecule
T3,native,random,all,fg_nitrile,F1,knn,auroc,0.6166,0.5924,0.6394,0.5,,,,5141,5141,1000,20846,inner_cv,"[{""fold"": ""random"", ""k"": 10, ""src"": ""inner_cv"", ""thr"": 0.1952}]",42.64,bootstrap unit: molecule
T3,native,random,all,fg_nitrile,F1,knn,auprc,0.21,0.187,0.2374,0.1329,,,,5141,5141,1000,20846,inner_cv,"[{""fold"": ""random"", ""k"": 10, ""src"": ""inner_cv"", ""thr"": 0.1952}]",42.64,bootstrap unit: molecule
T3,native,random,all,fg_nitrile,F1,knn,bal_acc,0.6028,0.5841,0.6234,0.5,,,,5141,5141,1000,20846,inner_cv,"[{""fold"": ""random"", ""k"": 10, ""src"": ""inner_cv"", ""thr"": 0.1952}]",42.64,bootstrap unit: molecule
T3,native,random,all,fg_nitrile,F1pos,majority,auroc,0.5,0.5,0.5,0.5,,,,5141,5141,1000,20846,fixed,"[{""fold"": ""random"", ""src"": ""fixed"", ""thr"": 0.5}]",2.27,bootstrap unit: molecule
T3,native,random,all,fg_nitrile,F1pos,majority,auprc,0.1329,0.1237,0.1418,0.1329,,,,5141,5141,1000,20846,fixed,"[{""fold"": ""random"", ""src"": ""fixed"", ""thr"": 0.5}]",2.27,bootstrap unit: molecule
T3,native,random,all,fg_nitrile,F1pos,majority,bal_acc,0.5,0.5,0.5,0.5,,,,5141,5141,1000,20846,fixed,"[{""fold"": ""random"", ""src"": ""fixed"", ""thr"": 0.5}]",2.27,bootstrap unit: molecule
T3,native,random,all,fg_nitrile,F1pos,lr,auroc,0.7443,0.7247,0.7636,0.5,,,,5141,5141,1000,20846,inner_cv,"[{""fold"": ""random"", ""C"": 10.0, ""src"": ""inner_cv"", ""thr"": 0.4634}]",20.59,bootstrap unit: molecule
T3,native,random,all,fg_nitrile,F1pos,lr,auprc,0.2981,0.2685,0.3308,0.1329,,,,5141,5141,1000,20846,inner_cv,"[{""fold"": ""random"", ""C"": 10.0, ""src"": ""inner_cv"", ""thr"": 0.4634}]",20.59,bootstrap unit: molecule
T3,native,random,all,fg_nitrile,F1pos,lr,bal_acc,0.6739,0.6556,0.6909,0.5,,,,5141,5141,1000,20846,inner_cv,"[{""fold"": ""random"", ""C"": 10.0, ""src"": ""inner_cv"", ""thr"": 0.4634}]",20.59,bootstrap unit: molecule
T3,native,random,all,fg_nitrile,F1pos,hgb,auroc,0.721,0.7004,0.7401,0.5,,,,5141,5141,1000,20846,inner_cv,"[{""fold"": ""random"", ""src"": ""inner_cv"", ""thr"": 0.4542}]",6.99,bootstrap unit: molecule
T3,native,random,all,fg_nitrile,F1pos,hgb,auprc,0.2769,0.2489,0.3079,0.1329,,,,5141,5141,1000,20846,inner_cv,"[{""fold"": ""random"", ""src"": ""inner_cv"", ""thr"": 0.4542}]",6.99,bootstrap unit: molecule
T3,native,random,all,fg_nitrile,F1pos,hgb,bal_acc,0.6548,0.6351,0.6718,0.5,,,,5141,5141,1000,20846,inner_cv,"[{""fold"": ""random"", ""src"": ""inner_cv"", ""thr"": 0.4542}]",6.99,bootstrap unit: molecule
T3,native,random,all,fg_nitrile,F1pos,knn,auroc,0.5341,0.5106,0.5566,0.5,,,,5141,5141,1000,20846,inner_cv,"[{""fold"": ""random"", ""k"": 10, ""src"": ""inner_cv"", ""thr"": 0.1025}]",34.95,bootstrap unit: molecule
T3,native,random,all,fg_nitrile,F1pos,knn,auprc,0.1506,0.136,0.1688,0.1329,,,,5141,5141,1000,20846,inner_cv,"[{""fold"": ""random"", ""k"": 10, ""src"": ""inner_cv"", ""thr"": 0.1025}]",34.95,bootstrap unit: molecule
T3,native,random,all,fg_nitrile,F1pos,knn,bal_acc,0.5296,0.5097,0.5486,0.5,,,,5141,5141,1000,20846,inner_cv,"[{""fold"": ""random"", ""k"": 10, ""src"": ""inner_cv"", ""thr"": 0.1025}]",34.95,bootstrap unit: molecule
T3,native,random,all,fg_nitrile,F2,majority,auroc,0.5,0.5,0.5,0.5,,,,5141,5141,1000,20846,fixed,"[{""fold"": ""random"", ""src"": ""fixed"", ""thr"": 0.5}]",2.73,bootstrap unit: molecule
T3,native,random,all,fg_nitrile,F2,majority,auprc,0.1329,0.1237,0.1418,0.1329,,,,5141,5141,1000,20846,fixed,"[{""fold"": ""random"", ""src"": ""fixed"", ""thr"": 0.5}]",2.73,bootstrap unit: molecule
T3,native,random,all,fg_nitrile,F2,majority,bal_acc,0.5,0.5,0.5,0.5,,,,5141,5141,1000,20846,fixed,"[{""fold"": ""random"", ""src"": ""fixed"", ""thr"": 0.5}]",2.73,bootstrap unit: molecule
T3,native,random,all,fg_nitrile,F2,lr,auroc,0.7198,0.6998,0.7401,0.5,,,,5141,5141,1000,20846,inner_cv,"[{""fold"": ""random"", ""C"": 0.01, ""src"": ""inner_cv"", ""thr"": 0.4898}]",131.91,bootstrap unit: molecule
T3,native,random,all,fg_nitrile,F2,lr,auprc,0.2998,0.2689,0.3329,0.1329,,,,5141,5141,1000,20846,inner_cv,"[{""fold"": ""random"", ""C"": 0.01, ""src"": ""inner_cv"", ""thr"": 0.4898}]",131.91,bootstrap unit: molecule
T3,native,random,all,fg_nitrile,F2,lr,bal_acc,0.6599,0.6402,0.6776,0.5,,,,5141,5141,1000,20846,inner_cv,"[{""fold"": ""random"", ""C"": 0.01, ""src"": ""inner_cv"", ""thr"": 0.4898}]",131.91,bootstrap unit: molecule
T3,native,random,all,fg_nitrile,F2,hgb,auroc,0.7964,0.7773,0.8141,0.5,,,,5141,5141,1000,20846,inner_cv,"[{""fold"": ""random"", ""src"": ""inner_cv"", ""thr"": 0.4324}]",56.62,bootstrap unit: molecule
T3,native,random,all,fg_nitrile,F2,hgb,auprc,0.4303,0.3934,0.4679,0.1329,,,,5141,5141,1000,20846,inner_cv,"[{""fold"": ""random"", ""src"": ""inner_cv"", ""thr"": 0.4324}]",56.62,bootstrap unit: molecule
T3,native,random,all,fg_nitrile,F2,hgb,bal_acc,0.7216,0.7023,0.7388,0.5,,,,5141,5141,1000,20846,inner_cv,"[{""fold"": ""random"", ""src"": ""inner_cv"", ""thr"": 0.4324}]",56.62,bootstrap unit: molecule
T3,native,random,all,fg_nitrile,F2,knn,auroc,0.6608,0.6392,0.6824,0.5,,,,5141,5141,1000,20846,inner_cv,"[{""fold"": ""random"", ""k"": 10, ""src"": ""inner_cv"", ""thr"": 0.1054}]",89.1,bootstrap unit: molecule
T3,native,random,all,fg_nitrile,F2,knn,auprc,0.2472,0.2211,0.2778,0.1329,,,,5141,5141,1000,20846,inner_cv,"[{""fold"": ""random"", ""k"": 10, ""src"": ""inner_cv"", ""thr"": 0.1054}]",89.1,bootstrap unit: molecule
T3,native,random,all,fg_nitrile,F2,knn,bal_acc,0.6277,0.6079,0.6467,0.5,,,,5141,5141,1000,20846,inner_cv,"[{""fold"": ""random"", ""k"": 10, ""src"": ""inner_cv"", ""thr"": 0.1054}]",89.1,bootstrap unit: molecule
T3,native,random,all,fg_nitrile,F3,majority,auroc,0.5,0.5,0.5,0.5,,,,5141,5141,1000,20846,fixed,"[{""fold"": ""random"", ""src"": ""fixed"", ""thr"": 0.5}]",5.9,bootstrap unit: molecule
T3,native,random,all,fg_nitrile,F3,majority,auprc,0.1329,0.1237,0.1418,0.1329,,,,5141,5141,1000,20846,fixed,"[{""fold"": ""random"", ""src"": ""fixed"", ""thr"": 0.5}]",5.9,bootstrap unit: molecule
T3,native,random,all,fg_nitrile,F3,majority,bal_acc,0.5,0.5,0.5,0.5,,,,5141,5141,1000,20846,fixed,"[{""fold"": ""random"", ""src"": ""fixed"", ""thr"": 0.5}]",5.9,bootstrap unit: molecule
T3,native,random,all,fg_nitrile,F3,lr,auroc,0.7321,0.7123,0.7522,0.5,,,,5141,5141,1000,20846,inner_cv,"[{""fold"": ""random"", ""C"": 0.01, ""src"": ""inner_cv"", ""thr"": 0.49}]",88.9,bootstrap unit: molecule
T3,native,random,all,fg_nitrile,F3,lr,auprc,0.3218,0.2877,0.3557,0.1329,,,,5141,5141,1000,20846,inner_cv,"[{""fold"": ""random"", ""C"": 0.01, ""src"": ""inner_cv"", ""thr"": 0.49}]",88.9,bootstrap unit: molecule
T3,native,random,all,fg_nitrile,F3,lr,bal_acc,0.6743,0.6558,0.6928,0.5,,,,5141,5141,1000,20846,inner_cv,"[{""fold"": ""random"", ""C"": 0.01, ""src"": ""inner_cv"", ""thr"": 0.49}]",88.9,bootstrap unit: molecule
T3,native,random,all,fg_nitrile,F3,hgb,auroc,0.8653,0.8515,0.8795,0.5,0.0099,100,0.5002,5141,5141,1000,20846,inner_cv,"[{""fold"": ""random"", ""src"": ""inner_cv"", ""thr"": 0.3917}]",46.28,bootstrap unit: molecule
T3,native,random,all,fg_nitrile,F3,hgb,auprc,0.5317,0.4902,0.5721,0.1329,,,,5141,5141,1000,20846,inner_cv,"[{""fold"": ""random"", ""src"": ""inner_cv"", ""thr"": 0.3917}]",46.28,bootstrap unit: molecule
T3,native,random,all,fg_nitrile,F3,hgb,bal_acc,0.7882,0.7724,0.8039,0.5,,,,5141,5141,1000,20846,inner_cv,"[{""fold"": ""random"", ""src"": ""inner_cv"", ""thr"": 0.3917}]",46.28,bootstrap unit: molecule
T3,native,random,all,fg_nitrile,F3,knn,auroc,0.6682,0.6452,0.6899,0.5,,,,5141,5141,1000,20846,inner_cv,"[{""fold"": ""random"", ""k"": 10, ""src"": ""inner_cv"", ""thr"": 0.1013}]",67.19,bootstrap unit: molecule
T3,native,random,all,fg_nitrile,F3,knn,auprc,0.2502,0.222,0.2823,0.1329,,,,5141,5141,1000,20846,inner_cv,"[{""fold"": ""random"", ""k"": 10, ""src"": ""inner_cv"", ""thr"": 0.1013}]",67.19,bootstrap unit: molecule
T3,native,random,all,fg_nitrile,F3,knn,bal_acc,0.631,0.6101,0.6504,0.5,,,,5141,5141,1000,20846,inner_cv,"[{""fold"": ""random"", ""k"": 10, ""src"": ""inner_cv"", ""thr"": 0.1013}]",67.19,bootstrap unit: molecule
T3,native,random,all,fg_nitrile,F1.sqrt,majority,auroc,0.5,0.5,0.5,0.5,,,,5141,5141,1000,20846,fixed,"[{""fold"": ""random"", ""src"": ""fixed"", ""thr"": 0.5}]",3.63,bootstrap unit: molecule
T3,native,random,all,fg_nitrile,F1.sqrt,majority,auprc,0.1329,0.1237,0.1418,0.1329,,,,5141,5141,1000,20846,fixed,"[{""fold"": ""random"", ""src"": ""fixed"", ""thr"": 0.5}]",3.63,bootstrap unit: molecule
T3,native,random,all,fg_nitrile,F1.sqrt,majority,bal_acc,0.5,0.5,0.5,0.5,,,,5141,5141,1000,20846,fixed,"[{""fold"": ""random"", ""src"": ""fixed"", ""thr"": 0.5}]",3.63,bootstrap unit: molecule
T3,native,random,all,fg_nitrile,F1.sqrt,lr,auroc,0.7194,0.6988,0.7392,0.5,,,,5141,5141,1000,20846,inner_cv,"[{""fold"": ""random"", ""C"": 10.0, ""src"": ""inner_cv"", ""thr"": 0.5108}]",14.15,bootstrap unit: molecule
T3,native,random,all,fg_nitrile,F1.sqrt,lr,auprc,0.2935,0.2639,0.3235,0.1329,,,,5141,5141,1000,20846,inner_cv,"[{""fold"": ""random"", ""C"": 10.0, ""src"": ""inner_cv"", ""thr"": 0.5108}]",14.15,bootstrap unit: molecule
T3,native,random,all,fg_nitrile,F1.sqrt,lr,bal_acc,0.6568,0.6364,0.6756,0.5,,,,5141,5141,1000,20846,inner_cv,"[{""fold"": ""random"", ""C"": 10.0, ""src"": ""inner_cv"", ""thr"": 0.5108}]",14.15,bootstrap unit: molecule
T3,native,random,all,fg_nitrile,F1.sqrt,hgb,auroc,0.7538,0.7336,0.7713,0.5,,,,5141,5141,1000,20846,inner_cv,"[{""fold"": ""random"", ""src"": ""inner_cv"", ""thr"": 0.4388}]",8.43,bootstrap unit: molecule
T3,native,random,all,fg_nitrile,F1.sqrt,hgb,auprc,0.3547,0.3199,0.391,0.1329,,,,5141,5141,1000,20846,inner_cv,"[{""fold"": ""random"", ""src"": ""inner_cv"", ""thr"": 0.4388}]",8.43,bootstrap unit: molecule
T3,native,random,all,fg_nitrile,F1.sqrt,hgb,bal_acc,0.6857,0.6685,0.7018,0.5,,,,5141,5141,1000,20846,inner_cv,"[{""fold"": ""random"", ""src"": ""inner_cv"", ""thr"": 0.4388}]",8.43,bootstrap unit: molecule
T3,native,random,all,fg_nitrile,F1.sqrt,knn,auroc,0.5945,0.5719,0.62,0.5,,,,5141,5141,1000,20846,inner_cv,"[{""fold"": ""random"", ""k"": 10, ""src"": ""inner_cv"", ""thr"": 0.0985}]",33.64,bootstrap unit: molecule
T3,native,random,all,fg_nitrile,F1.sqrt,knn,auprc,0.1922,0.1712,0.218,0.1329,,,,5141,5141,1000,20846,inner_cv,"[{""fold"": ""random"", ""k"": 10, ""src"": ""inner_cv"", ""thr"": 0.0985}]",33.64,bootstrap unit: molecule
T3,native,random,all,fg_nitrile,F1.sqrt,knn,bal_acc,0.5654,0.5457,0.5872,0.5,,,,5141,5141,1000,20846,inner_cv,"[{""fold"": ""random"", ""k"": 10, ""src"": ""inner_cv"", ""thr"": 0.0985}]",33.64,bootstrap unit: molecule
T3,native,random,all,fg_nitrile,F2.lt1700,majority,auroc,0.5,0.5,0.5,0.5,,,,5141,5141,1000,20846,fixed,"[{""fold"": ""random"", ""src"": ""fixed"", ""thr"": 0.5}]",3.06,bootstrap unit: molecule
T3,native,random,all,fg_nitrile,F2.lt1700,majority,auprc,0.1329,0.1237,0.1418,0.1329,,,,5141,5141,1000,20846,fixed,"[{""fold"": ""random"", ""src"": ""fixed"", ""thr"": 0.5}]",3.06,bootstrap unit: molecule
T3,native,random,all,fg_nitrile,F2.lt1700,majority,bal_acc,0.5,0.5,0.5,0.5,,,,5141,5141,1000,20846,fixed,"[{""fold"": ""random"", ""src"": ""fixed"", ""thr"": 0.5}]",3.06,bootstrap unit: molecule
T3,native,random,all,fg_nitrile,F2.lt1700,lr,auroc,0.7118,0.6921,0.7318,0.5,,,,5141,5141,1000,20846,inner_cv,"[{""fold"": ""random"", ""C"": 0.01, ""src"": ""inner_cv"", ""thr"": 0.5077}]",120.49,bootstrap unit: molecule
T3,native,random,all,fg_nitrile,F2.lt1700,lr,auprc,0.293,0.2623,0.3255,0.1329,,,,5141,5141,1000,20846,inner_cv,"[{""fold"": ""random"", ""C"": 0.01, ""src"": ""inner_cv"", ""thr"": 0.5077}]",120.49,bootstrap unit: molecule
T3,native,random,all,fg_nitrile,F2.lt1700,lr,bal_acc,0.6565,0.6379,0.6746,0.5,,,,5141,5141,1000,20846,inner_cv,"[{""fold"": ""random"", ""C"": 0.01, ""src"": ""inner_cv"", ""thr"": 0.5077}]",120.49,bootstrap unit: molecule
T3,native,random,all,fg_nitrile,F2.lt1700,hgb,auroc,0.7983,0.7798,0.8166,0.5,,,,5141,5141,1000,20846,inner_cv,"[{""fold"": ""random"", ""src"": ""inner_cv"", ""thr"": 0.3959}]",39.1,bootstrap unit: molecule
T3,native,random,all,fg_nitrile,F2.lt1700,hgb,auprc,0.4176,0.3805,0.4549,0.1329,,,,5141,5141,1000,20846,inner_cv,"[{""fold"": ""random"", ""src"": ""inner_cv"", ""thr"": 0.3959}]",39.1,bootstrap unit: molecule
T3,native,random,all,fg_nitrile,F2.lt1700,hgb,bal_acc,0.7182,0.7004,0.7358,0.5,,,,5141,5141,1000,20846,inner_cv,"[{""fold"": ""random"", ""src"": ""inner_cv"", ""thr"": 0.3959}]",39.1,bootstrap unit: molecule
T3,native,random,all,fg_nitrile,F2.lt1700,knn,auroc,0.6534,0.6319,0.6751,0.5,,,,5141,5141,1000,20846,inner_cv,"[{""fold"": ""random"", ""k"": 10, ""src"": ""inner_cv"", ""thr"": 0.1086}]",66.94,bootstrap unit: molecule
T3,native,random,all,fg_nitrile,F2.lt1700,knn,auprc,0.2372,0.2124,0.2655,0.1329,,,,5141,5141,1000,20846,inner_cv,"[{""fold"": ""random"", ""k"": 10, ""src"": ""inner_cv"", ""thr"": 0.1086}]",66.94,bootstrap unit: molecule
T3,native,random,all,fg_nitrile,F2.lt1700,knn,bal_acc,0.6127,0.5933,0.633,0.5,,,,5141,5141,1000,20846,inner_cv,"[{""fold"": ""random"", ""k"": 10, ""src"": ""inner_cv"", ""thr"": 0.1086}]",66.94,bootstrap unit: molecule
T3,native,random,all,fg_nitrile,F3.lt1700,majority,auroc,0.5,0.5,0.5,0.5,,,,5141,5141,1000,20846,fixed,"[{""fold"": ""random"", ""src"": ""fixed"", ""thr"": 0.5}]",4.67,bootstrap unit: molecule
T3,native,random,all,fg_nitrile,F3.lt1700,majority,auprc,0.1329,0.1237,0.1418,0.1329,,,,5141,5141,1000,20846,fixed,"[{""fold"": ""random"", ""src"": ""fixed"", ""thr"": 0.5}]",4.67,bootstrap unit: molecule
T3,native,random,all,fg_nitrile,F3.lt1700,majority,bal_acc,0.5,0.5,0.5,0.5,,,,5141,5141,1000,20846,fixed,"[{""fold"": ""random"", ""src"": ""fixed"", ""thr"": 0.5}]",4.67,bootstrap unit: molecule
T3,native,random,all,fg_nitrile,F3.lt1700,lr,auroc,0.7194,0.6996,0.7392,0.5,,,,5141,5141,1000,20846,inner_cv,"[{""fold"": ""random"", ""C"": 0.01, ""src"": ""inner_cv"", ""thr"": 0.5025}]",76.42,bootstrap unit: molecule
T3,native,random,all,fg_nitrile,F3.lt1700,lr,auprc,0.3068,0.2741,0.34,0.1329,,,,5141,5141,1000,20846,inner_cv,"[{""fold"": ""random"", ""C"": 0.01, ""src"": ""inner_cv"", ""thr"": 0.5025}]",76.42,bootstrap unit: molecule
T3,native,random,all,fg_nitrile,F3.lt1700,lr,bal_acc,0.6618,0.6433,0.6795,0.5,,,,5141,5141,1000,20846,inner_cv,"[{""fold"": ""random"", ""C"": 0.01, ""src"": ""inner_cv"", ""thr"": 0.5025}]",76.42,bootstrap unit: molecule
T3,native,random,all,fg_nitrile,F3.lt1700,hgb,auroc,0.8469,0.8317,0.8619,0.5,,,,5141,5141,1000,20846,inner_cv,"[{""fold"": ""random"", ""src"": ""inner_cv"", ""thr"": 0.3752}]",43.66,bootstrap unit: molecule
T3,native,random,all,fg_nitrile,F3.lt1700,hgb,auprc,0.509,0.4686,0.5495,0.1329,,,,5141,5141,1000,20846,inner_cv,"[{""fold"": ""random"", ""src"": ""inner_cv"", ""thr"": 0.3752}]",43.66,bootstrap unit: molecule
T3,native,random,all,fg_nitrile,F3.lt1700,hgb,bal_acc,0.7667,0.751,0.7827,0.5,,,,5141,5141,1000,20846,inner_cv,"[{""fold"": ""random"", ""src"": ""inner_cv"", ""thr"": 0.3752}]",43.66,bootstrap unit: molecule
T3,native,random,all,fg_nitrile,F3.lt1700,knn,auroc,0.6585,0.6352,0.6803,0.5,,,,5141,5141,1000,20846,inner_cv,"[{""fold"": ""random"", ""k"": 10, ""src"": ""inner_cv"", ""thr"": 0.0982}]",90.86,bootstrap unit: molecule
T3,native,random,all,fg_nitrile,F3.lt1700,knn,auprc,0.2458,0.2187,0.2763,0.1329,,,,5141,5141,1000,20846,inner_cv,"[{""fold"": ""random"", ""k"": 10, ""src"": ""inner_cv"", ""thr"": 0.0982}]",90.86,bootstrap unit: molecule
T3,native,random,all,fg_nitrile,F3.lt1700,knn,bal_acc,0.6141,0.5943,0.6336,0.5,,,,5141,5141,1000,20846,inner_cv,"[{""fold"": ""random"", ""k"": 10, ""src"": ""inner_cv"", ""thr"": 0.0982}]",90.86,bootstrap unit: molecule
T3,native,random,all,fg_alkyne,F1,majority,auroc,0.5,0.5,0.5,0.5,,,,5141,5141,1000,20846,fixed,"[{""fold"": ""random"", ""src"": ""fixed"", ""thr"": 0.5}]",2.55,bootstrap unit: molecule
T3,native,random,all,fg_alkyne,F1,majority,auprc,0.1321,0.1229,0.1412,0.1321,,,,5141,5141,1000,20846,fixed,"[{""fold"": ""random"", ""src"": ""fixed"", ""thr"": 0.5}]",2.55,bootstrap unit: molecule
T3,native,random,all,fg_alkyne,F1,majority,bal_acc,0.5,0.5,0.5,0.5,,,,5141,5141,1000,20846,fixed,"[{""fold"": ""random"", ""src"": ""fixed"", ""thr"": 0.5}]",2.55,bootstrap unit: molecule
T3,native,random,all,fg_alkyne,F1,lr,auroc,0.8899,0.8768,0.9013,0.5,0.0099,100,0.5003,5141,5141,1000,20846,inner_cv,"[{""fold"": ""random"", ""C"": 1.0, ""src"": ""inner_cv"", ""thr"": 0.4528}]",6.01,bootstrap unit: molecule
T3,native,random,all,fg_alkyne,F1,lr,auprc,0.5579,0.518,0.6,0.1321,,,,5141,5141,1000,20846,inner_cv,"[{""fold"": ""random"", ""C"": 1.0, ""src"": ""inner_cv"", ""thr"": 0.4528}]",6.01,bootstrap unit: molecule
T3,native,random,all,fg_alkyne,F1,lr,bal_acc,0.8112,0.7955,0.827,0.5,,,,5141,5141,1000,20846,inner_cv,"[{""fold"": ""random"", ""C"": 1.0, ""src"": ""inner_cv"", ""thr"": 0.4528}]",6.01,bootstrap unit: molecule
T3,native,random,all,fg_alkyne,F1,hgb,auroc,0.9119,0.9015,0.9219,0.5,,,,5141,5141,1000,20846,inner_cv,"[{""fold"": ""random"", ""src"": ""inner_cv"", ""thr"": 0.4517}]",8.52,bootstrap unit: molecule
T3,native,random,all,fg_alkyne,F1,hgb,auprc,0.6673,0.6318,0.7006,0.1321,,,,5141,5141,1000,20846,inner_cv,"[{""fold"": ""random"", ""src"": ""inner_cv"", ""thr"": 0.4517}]",8.52,bootstrap unit: molecule
T3,native,random,all,fg_alkyne,F1,hgb,bal_acc,0.8343,0.8197,0.8482,0.5,,,,5141,5141,1000,20846,inner_cv,"[{""fold"": ""random"", ""src"": ""inner_cv"", ""thr"": 0.4517}]",8.52,bootstrap unit: molecule
T3,native,random,all,fg_alkyne,F1,knn,auroc,0.7471,0.7265,0.7681,0.5,,,,5141,5141,1000,20846,inner_cv,"[{""fold"": ""random"", ""k"": 10, ""src"": ""inner_cv"", ""thr"": 0.1949}]",37.84,bootstrap unit: molecule
T3,native,random,all,fg_alkyne,F1,knn,auprc,0.3997,0.3625,0.4373,0.1321,,,,5141,5141,1000,20846,inner_cv,"[{""fold"": ""random"", ""k"": 10, ""src"": ""inner_cv"", ""thr"": 0.1949}]",37.84,bootstrap unit: molecule
T3,native,random,all,fg_alkyne,F1,knn,bal_acc,0.6919,0.6734,0.7117,0.5,,,,5141,5141,1000,20846,inner_cv,"[{""fold"": ""random"", ""k"": 10, ""src"": ""inner_cv"", ""thr"": 0.1949}]",37.84,bootstrap unit: molecule
T3,native,random,all,fg_alkyne,F1pos,majority,auroc,0.5,0.5,0.5,0.5,,,,5141,5141,1000,20846,fixed,"[{""fold"": ""random"", ""src"": ""fixed"", ""thr"": 0.5}]",3.07,bootstrap unit: molecule
T3,native,random,all,fg_alkyne,F1pos,majority,auprc,0.1321,0.1229,0.1412,0.1321,,,,5141,5141,1000,20846,fixed,"[{""fold"": ""random"", ""src"": ""fixed"", ""thr"": 0.5}]",3.07,bootstrap unit: molecule
T3,native,random,all,fg_alkyne,F1pos,majority,bal_acc,0.5,0.5,0.5,0.5,,,,5141,5141,1000,20846,fixed,"[{""fold"": ""random"", ""src"": ""fixed"", ""thr"": 0.5}]",3.07,bootstrap unit: molecule
T3,native,random,all,fg_alkyne,F1pos,lr,auroc,0.8783,0.8645,0.8912,0.5,,,,5141,5141,1000,20846,inner_cv,"[{""fold"": ""random"", ""C"": 0.1, ""src"": ""inner_cv"", ""thr"": 0.4391}]",3.93,bootstrap unit: molecule
T3,native,random,all,fg_alkyne,F1pos,lr,auprc,0.5786,0.5418,0.616,0.1321,,,,5141,5141,1000,20846,inner_cv,"[{""fold"": ""random"", ""C"": 0.1, ""src"": ""inner_cv"", ""thr"": 0.4391}]",3.93,bootstrap unit: molecule
T3,native,random,all,fg_alkyne,F1pos,lr,bal_acc,0.802,0.7853,0.8166,0.5,,,,5141,5141,1000,20846,inner_cv,"[{""fold"": ""random"", ""C"": 0.1, ""src"": ""inner_cv"", ""thr"": 0.4391}]",3.93,bootstrap unit: molecule
T3,native,random,all,fg_alkyne,F1pos,hgb,auroc,0.861,0.8469,0.8739,0.5,,,,5141,5141,1000,20846,inner_cv,"[{""fold"": ""random"", ""src"": ""inner_cv"", ""thr"": 0.46}]",6.52,bootstrap unit: molecule
T3,native,random,all,fg_alkyne,F1pos,hgb,auprc,0.5453,0.5055,0.5839,0.1321,,,,5141,5141,1000,20846,inner_cv,"[{""fold"": ""random"", ""src"": ""inner_cv"", ""thr"": 0.46}]",6.52,bootstrap unit: molecule
T3,native,random,all,fg_alkyne,F1pos,hgb,bal_acc,0.7831,0.7677,0.7982,0.5,,,,5141,5141,1000,20846,inner_cv,"[{""fold"": ""random"", ""src"": ""inner_cv"", ""thr"": 0.46}]",6.52,bootstrap unit: molecule
T3,native,random,all,fg_alkyne,F1pos,knn,auroc,0.6728,0.6494,0.6944,0.5,,,,5141,5141,1000,20846,inner_cv,"[{""fold"": ""random"", ""k"": 10, ""src"": ""inner_cv"", ""thr"": 0.1131}]",38.56,bootstrap unit: molecule
T3,native,random,all,fg_alkyne,F1pos,knn,auprc,0.283,0.2518,0.3176,0.1321,,,,5141,5141,1000,20846,inner_cv,"[{""fold"": ""random"", ""k"": 10, ""src"": ""inner_cv"", ""thr"": 0.1131}]",38.56,bootstrap unit: molecule
T3,native,random,all,fg_alkyne,F1pos,knn,bal_acc,0.633,0.6126,0.6524,0.5,,,,5141,5141,1000,20846,inner_cv,"[{""fold"": ""random"", ""k"": 10, ""src"": ""inner_cv"", ""thr"": 0.1131}]",38.56,bootstrap unit: molecule
T3,native,random,all,fg_alkyne,F2,majority,auroc,0.5,0.5,0.5,0.5,,,,5141,5141,1000,20846,fixed,"[{""fold"": ""random"", ""src"": ""fixed"", ""thr"": 0.5}]",4.15,bootstrap unit: molecule
T3,native,random,all,fg_alkyne,F2,majority,auprc,0.1321,0.1229,0.1412,0.1321,,,,5141,5141,1000,20846,fixed,"[{""fold"": ""random"", ""src"": ""fixed"", ""thr"": 0.5}]",4.15,bootstrap unit: molecule
T3,native,random,all,fg_alkyne,F2,majority,bal_acc,0.5,0.5,0.5,0.5,,,,5141,5141,1000,20846,fixed,"[{""fold"": ""random"", ""src"": ""fixed"", ""thr"": 0.5}]",4.15,bootstrap unit: molecule
T3,native,random,all,fg_alkyne,F2,lr,auroc,0.9054,0.8938,0.9161,0.5,,,,5141,5141,1000,20846,inner_cv,"[{""fold"": ""random"", ""C"": 0.01, ""src"": ""inner_cv"", ""thr"": 0.4588}]",85.94,bootstrap unit: molecule
T3,native,random,all,fg_alkyne,F2,lr,auprc,0.619,0.5786,0.66,0.1321,,,,5141,5141,1000,20846,inner_cv,"[{""fold"": ""random"", ""C"": 0.01, ""src"": ""inner_cv"", ""thr"": 0.4588}]",85.94,bootstrap unit: molecule
T3,native,random,all,fg_alkyne,F2,lr,bal_acc,0.8258,0.8102,0.8411,0.5,,,,5141,5141,1000,20846,inner_cv,"[{""fold"": ""random"", ""C"": 0.01, ""src"": ""inner_cv"", ""thr"": 0.4588}]",85.94,bootstrap unit: molecule
T3,native,random,all,fg_alkyne,F2,hgb,auroc,0.953,0.9454,0.96,0.5,,,,5141,5141,1000,20846,inner_cv,"[{""fold"": ""random"", ""src"": ""inner_cv"", ""thr"": 0.3553}]",41.31,bootstrap unit: molecule
T3,native,random,all,fg_alkyne,F2,hgb,auprc,0.7976,0.7681,0.8256,0.1321,,,,5141,5141,1000,20846,inner_cv,"[{""fold"": ""random"", ""src"": ""inner_cv"", ""thr"": 0.3553}]",41.31,bootstrap unit: molecule
T3,native,random,all,fg_alkyne,F2,hgb,bal_acc,0.8807,0.8679,0.8924,0.5,,,,5141,5141,1000,20846,inner_cv,"[{""fold"": ""random"", ""src"": ""inner_cv"", ""thr"": 0.3553}]",41.31,bootstrap unit: molecule
T3,native,random,all,fg_alkyne,F2,knn,auroc,0.8325,0.816,0.8492,0.5,,,,5141,5141,1000,20846,inner_cv,"[{""fold"": ""random"", ""k"": 10, ""src"": ""inner_cv"", ""thr"": 0.1091}]",75.33,bootstrap unit: molecule
T3,native,random,all,fg_alkyne,F2,knn,auprc,0.542,0.5034,0.5779,0.1321,,,,5141,5141,1000,20846,inner_cv,"[{""fold"": ""random"", ""k"": 10, ""src"": ""inner_cv"", ""thr"": 0.1091}]",75.33,bootstrap unit: molecule
T3,native,random,all,fg_alkyne,F2,knn,bal_acc,0.7605,0.7433,0.7775,0.5,,,,5141,5141,1000,20846,inner_cv,"[{""fold"": ""random"", ""k"": 10, ""src"": ""inner_cv"", ""thr"": 0.1091}]",75.33,bootstrap unit: molecule
T3,native,random,all,fg_alkyne,F3,majority,auroc,0.5,0.5,0.5,0.5,,,,5141,5141,1000,20846,fixed,"[{""fold"": ""random"", ""src"": ""fixed"", ""thr"": 0.5}]",1.79,bootstrap unit: molecule
T3,native,random,all,fg_alkyne,F3,majority,auprc,0.1321,0.1229,0.1412,0.1321,,,,5141,5141,1000,20846,fixed,"[{""fold"": ""random"", ""src"": ""fixed"", ""thr"": 0.5}]",1.79,bootstrap unit: molecule
T3,native,random,all,fg_alkyne,F3,majority,bal_acc,0.5,0.5,0.5,0.5,,,,5141,5141,1000,20846,fixed,"[{""fold"": ""random"", ""src"": ""fixed"", ""thr"": 0.5}]",1.79,bootstrap unit: molecule
T3,native,random,all,fg_alkyne,F3,lr,auroc,0.9153,0.905,0.9258,0.5,,,,5141,5141,1000,20846,inner_cv,"[{""fold"": ""random"", ""C"": 0.01, ""src"": ""inner_cv"", ""thr"": 0.447}]",79.06,bootstrap unit: molecule
T3,native,random,all,fg_alkyne,F3,lr,auprc,0.64,0.5982,0.6811,0.1321,,,,5141,5141,1000,20846,inner_cv,"[{""fold"": ""random"", ""C"": 0.01, ""src"": ""inner_cv"", ""thr"": 0.447}]",79.06,bootstrap unit: molecule
T3,native,random,all,fg_alkyne,F3,lr,bal_acc,0.8395,0.824,0.8545,0.5,,,,5141,5141,1000,20846,inner_cv,"[{""fold"": ""random"", ""C"": 0.01, ""src"": ""inner_cv"", ""thr"": 0.447}]",79.06,bootstrap unit: molecule
T3,native,random,all,fg_alkyne,F3,hgb,auroc,0.9752,0.9705,0.9793,0.5,0.0099,100,0.5002,5141,5141,1000,20846,inner_cv,"[{""fold"": ""random"", ""src"": ""inner_cv"", ""thr"": 0.3978}]",35.81,bootstrap unit: molecule
T3,native,random,all,fg_alkyne,F3,hgb,auprc,0.8759,0.8517,0.8979,0.1321,,,,5141,5141,1000,20846,inner_cv,"[{""fold"": ""random"", ""src"": ""inner_cv"", ""thr"": 0.3978}]",35.81,bootstrap unit: molecule
T3,native,random,all,fg_alkyne,F3,hgb,bal_acc,0.9167,0.9056,0.9266,0.5,,,,5141,5141,1000,20846,inner_cv,"[{""fold"": ""random"", ""src"": ""inner_cv"", ""thr"": 0.3978}]",35.81,bootstrap unit: molecule
T3,native,random,all,fg_alkyne,F3,knn,auroc,0.8416,0.8252,0.8576,0.5,,,,5141,5141,1000,20846,inner_cv,"[{""fold"": ""random"", ""k"": 10, ""src"": ""inner_cv"", ""thr"": 0.1121}]",72.51,bootstrap unit: molecule
T3,native,random,all,fg_alkyne,F3,knn,auprc,0.5518,0.5119,0.5894,0.1321,,,,5141,5141,1000,20846,inner_cv,"[{""fold"": ""random"", ""k"": 10, ""src"": ""inner_cv"", ""thr"": 0.1121}]",72.51,bootstrap unit: molecule
T3,native,random,all,fg_alkyne,F3,knn,bal_acc,0.7761,0.758,0.7928,0.5,,,,5141,5141,1000,20846,inner_cv,"[{""fold"": ""random"", ""k"": 10, ""src"": ""inner_cv"", ""thr"": 0.1121}]",72.51,bootstrap unit: molecule
T3,native,random,all,fg_alkyne,F1.sqrt,majority,auroc,0.5,0.5,0.5,0.5,,,,5141,5141,1000,20846,fixed,"[{""fold"": ""random"", ""src"": ""fixed"", ""thr"": 0.5}]",4.13,bootstrap unit: molecule
T3,native,random,all,fg_alkyne,F1.sqrt,majority,auprc,0.1321,0.1229,0.1412,0.1321,,,,5141,5141,1000,20846,fixed,"[{""fold"": ""random"", ""src"": ""fixed"", ""thr"": 0.5}]",4.13,bootstrap unit: molecule
T3,native,random,all,fg_alkyne,F1.sqrt,majority,bal_acc,0.5,0.5,0.5,0.5,,,,5141,5141,1000,20846,fixed,"[{""fold"": ""random"", ""src"": ""fixed"", ""thr"": 0.5}]",4.13,bootstrap unit: molecule
T3,native,random,all,fg_alkyne,F1.sqrt,lr,auroc,0.8938,0.8813,0.9051,0.5,,,,5141,5141,1000,20846,inner_cv,"[{""fold"": ""random"", ""C"": 1.0, ""src"": ""inner_cv"", ""thr"": 0.4457}]",4.46,bootstrap unit: molecule
T3,native,random,all,fg_alkyne,F1.sqrt,lr,auprc,0.6054,0.5649,0.6421,0.1321,,,,5141,5141,1000,20846,inner_cv,"[{""fold"": ""random"", ""C"": 1.0, ""src"": ""inner_cv"", ""thr"": 0.4457}]",4.46,bootstrap unit: molecule
T3,native,random,all,fg_alkyne,F1.sqrt,lr,bal_acc,0.8116,0.7959,0.8265,0.5,,,,5141,5141,1000,20846,inner_cv,"[{""fold"": ""random"", ""C"": 1.0, ""src"": ""inner_cv"", ""thr"": 0.4457}]",4.46,bootstrap unit: molecule
T3,native,random,all,fg_alkyne,F1.sqrt,hgb,auroc,0.9119,0.9015,0.9219,0.5,,,,5141,5141,1000,20846,inner_cv,"[{""fold"": ""random"", ""src"": ""inner_cv"", ""thr"": 0.4517}]",7.7,bootstrap unit: molecule
T3,native,random,all,fg_alkyne,F1.sqrt,hgb,auprc,0.6673,0.6318,0.7006,0.1321,,,,5141,5141,1000,20846,inner_cv,"[{""fold"": ""random"", ""src"": ""inner_cv"", ""thr"": 0.4517}]",7.7,bootstrap unit: molecule
T3,native,random,all,fg_alkyne,F1.sqrt,hgb,bal_acc,0.8343,0.8197,0.8482,0.5,,,,5141,5141,1000,20846,inner_cv,"[{""fold"": ""random"", ""src"": ""inner_cv"", ""thr"": 0.4517}]",7.7,bootstrap unit: molecule
T3,native,random,all,fg_alkyne,F1.sqrt,knn,auroc,0.7462,0.724,0.7673,0.5,,,,5141,5141,1000,20846,inner_cv,"[{""fold"": ""random"", ""k"": 10, ""src"": ""inner_cv"", ""thr"": 0.1271}]",50.2,bootstrap unit: molecule
T3,native,random,all,fg_alkyne,F1.sqrt,knn,auprc,0.4132,0.3763,0.4509,0.1321,,,,5141,5141,1000,20846,inner_cv,"[{""fold"": ""random"", ""k"": 10, ""src"": ""inner_cv"", ""thr"": 0.1271}]",50.2,bootstrap unit: molecule
T3,native,random,all,fg_alkyne,F1.sqrt,knn,bal_acc,0.6885,0.6685,0.7072,0.5,,,,5141,5141,1000,20846,inner_cv,"[{""fold"": ""random"", ""k"": 10, ""src"": ""inner_cv"", ""thr"": 0.1271}]",50.2,bootstrap unit: molecule
T3,native,random,all,fg_alkyne,F2.lt1700,majority,auroc,0.5,0.5,0.5,0.5,,,,5141,5141,1000,20846,fixed,"[{""fold"": ""random"", ""src"": ""fixed"", ""thr"": 0.5}]",1.53,bootstrap unit: molecule
T3,native,random,all,fg_alkyne,F2.lt1700,majority,auprc,0.1321,0.1229,0.1412,0.1321,,,,5141,5141,1000,20846,fixed,"[{""fold"": ""random"", ""src"": ""fixed"", ""thr"": 0.5}]",1.53,bootstrap unit: molecule
T3,native,random,all,fg_alkyne,F2.lt1700,majority,bal_acc,0.5,0.5,0.5,0.5,,,,5141,5141,1000,20846,fixed,"[{""fold"": ""random"", ""src"": ""fixed"", ""thr"": 0.5}]",1.53,bootstrap unit: molecule
T3,native,random,all,fg_alkyne,F2.lt1700,lr,auroc,0.8929,0.8805,0.9045,0.5,,,,5141,5141,1000,20846,inner_cv,"[{""fold"": ""random"", ""C"": 0.01, ""src"": ""inner_cv"", ""thr"": 0.4154}]",64.51,bootstrap unit: molecule
T3,native,random,all,fg_alkyne,F2.lt1700,lr,auprc,0.5891,0.5472,0.6302,0.1321,,,,5141,5141,1000,20846,inner_cv,"[{""fold"": ""random"", ""C"": 0.01, ""src"": ""inner_cv"", ""thr"": 0.4154}]",64.51,bootstrap unit: molecule
T3,native,random,all,fg_alkyne,F2.lt1700,lr,bal_acc,0.811,0.7953,0.8258,0.5,,,,5141,5141,1000,20846,inner_cv,"[{""fold"": ""random"", ""C"": 0.01, ""src"": ""inner_cv"", ""thr"": 0.4154}]",64.51,bootstrap unit: molecule
T3,native,random,all,fg_alkyne,F2.lt1700,hgb,auroc,0.9521,0.9443,0.9595,0.5,,,,5141,5141,1000,20846,inner_cv,"[{""fold"": ""random"", ""src"": ""inner_cv"", ""thr"": 0.4368}]",41.08,bootstrap unit: molecule
T3,native,random,all,fg_alkyne,F2.lt1700,hgb,auprc,0.7948,0.7643,0.8228,0.1321,,,,5141,5141,1000,20846,inner_cv,"[{""fold"": ""random"", ""src"": ""inner_cv"", ""thr"": 0.4368}]",41.08,bootstrap unit: molecule
T3,native,random,all,fg_alkyne,F2.lt1700,hgb,bal_acc,0.8788,0.8649,0.892,0.5,,,,5141,5141,1000,20846,inner_cv,"[{""fold"": ""random"", ""src"": ""inner_cv"", ""thr"": 0.4368}]",41.08,bootstrap unit: molecule
T3,native,random,all,fg_alkyne,F2.lt1700,knn,auroc,0.8221,0.805,0.8399,0.5,,,,5141,5141,1000,20846,inner_cv,"[{""fold"": ""random"", ""k"": 10, ""src"": ""inner_cv"", ""thr"": 0.1087}]",79.91,bootstrap unit: molecule
T3,native,random,all,fg_alkyne,F2.lt1700,knn,auprc,0.5228,0.4852,0.5574,0.1321,,,,5141,5141,1000,20846,inner_cv,"[{""fold"": ""random"", ""k"": 10, ""src"": ""inner_cv"", ""thr"": 0.1087}]",79.91,bootstrap unit: molecule
T3,native,random,all,fg_alkyne,F2.lt1700,knn,bal_acc,0.7586,0.7418,0.7754,0.5,,,,5141,5141,1000,20846,inner_cv,"[{""fold"": ""random"", ""k"": 10, ""src"": ""inner_cv"", ""thr"": 0.1087}]",79.91,bootstrap unit: molecule
T3,native,random,all,fg_alkyne,F3.lt1700,majority,auroc,0.5,0.5,0.5,0.5,,,,5141,5141,1000,20846,fixed,"[{""fold"": ""random"", ""src"": ""fixed"", ""thr"": 0.5}]",1.57,bootstrap unit: molecule
T3,native,random,all,fg_alkyne,F3.lt1700,majority,auprc,0.1321,0.1229,0.1412,0.1321,,,,5141,5141,1000,20846,fixed,"[{""fold"": ""random"", ""src"": ""fixed"", ""thr"": 0.5}]",1.57,bootstrap unit: molecule
T3,native,random,all,fg_alkyne,F3.lt1700,majority,bal_acc,0.5,0.5,0.5,0.5,,,,5141,5141,1000,20846,fixed,"[{""fold"": ""random"", ""src"": ""fixed"", ""thr"": 0.5}]",1.57,bootstrap unit: molecule
T3,native,random,all,fg_alkyne,F3.lt1700,lr,auroc,0.8977,0.8859,0.9093,0.5,,,,5141,5141,1000,20846,inner_cv,"[{""fold"": ""random"", ""C"": 0.01, ""src"": ""inner_cv"", ""thr"": 0.4137}]",60.98,bootstrap unit: molecule
T3,native,random,all,fg_alkyne,F3.lt1700,lr,auprc,0.594,0.5514,0.6365,0.1321,,,,5141,5141,1000,20846,inner_cv,"[{""fold"": ""random"", ""C"": 0.01, ""src"": ""inner_cv"", ""thr"": 0.4137}]",60.98,bootstrap unit: molecule
T3,native,random,all,fg_alkyne,F3.lt1700,lr,bal_acc,0.8216,0.8072,0.8352,0.5,,,,5141,5141,1000,20846,inner_cv,"[{""fold"": ""random"", ""C"": 0.01, ""src"": ""inner_cv"", ""thr"": 0.4137}]",60.98,bootstrap unit: molecule
T3,native,random,all,fg_alkyne,F3.lt1700,hgb,auroc,0.9649,0.9586,0.9705,0.5,,,,5141,5141,1000,20846,inner_cv,"[{""fold"": ""random"", ""src"": ""inner_cv"", ""thr"": 0.3753}]",38.43,bootstrap unit: molecule
T3,native,random,all,fg_alkyne,F3.lt1700,hgb,auprc,0.8428,0.8174,0.866,0.1321,,,,5141,5141,1000,20846,inner_cv,"[{""fold"": ""random"", ""src"": ""inner_cv"", ""thr"": 0.3753}]",38.43,bootstrap unit: molecule
T3,native,random,all,fg_alkyne,F3.lt1700,hgb,bal_acc,0.8968,0.8849,0.9085,0.5,,,,5141,5141,1000,20846,inner_cv,"[{""fold"": ""random"", ""src"": ""inner_cv"", ""thr"": 0.3753}]",38.43,bootstrap unit: molecule
T3,native,random,all,fg_alkyne,F3.lt1700,knn,auroc,0.8342,0.8175,0.8505,0.5,,,,5141,5141,1000,20846,inner_cv,"[{""fold"": ""random"", ""k"": 10, ""src"": ""inner_cv"", ""thr"": 0.1086}]",73.27,bootstrap unit: molecule
T3,native,random,all,fg_alkyne,F3.lt1700,knn,auprc,0.5333,0.4953,0.5693,0.1321,,,,5141,5141,1000,20846,inner_cv,"[{""fold"": ""random"", ""k"": 10, ""src"": ""inner_cv"", ""thr"": 0.1086}]",73.27,bootstrap unit: molecule
T3,native,random,all,fg_alkyne,F3.lt1700,knn,bal_acc,0.7705,0.7527,0.7873,0.5,,,,5141,5141,1000,20846,inner_cv,"[{""fold"": ""random"", ""k"": 10, ""src"": ""inner_cv"", ""thr"": 0.1086}]",73.27,bootstrap unit: molecule
T3,native,random,all,fg_alkene,F1,majority,auroc,0.5,0.5,0.5,0.5,,,,5141,5141,1000,20846,fixed,"[{""fold"": ""random"", ""src"": ""fixed"", ""thr"": 0.5}]",1.49,bootstrap unit: molecule
T3,native,random,all,fg_alkene,F1,majority,auprc,0.1177,0.1087,0.1264,0.1177,,,,5141,5141,1000,20846,fixed,"[{""fold"": ""random"", ""src"": ""fixed"", ""thr"": 0.5}]",1.49,bootstrap unit: molecule
T3,native,random,all,fg_alkene,F1,majority,bal_acc,0.5,0.5,0.5,0.5,,,,5141,5141,1000,20846,fixed,"[{""fold"": ""random"", ""src"": ""fixed"", ""thr"": 0.5}]",1.49,bootstrap unit: molecule
T3,native,random,all,fg_alkene,F1,lr,auroc,0.9213,0.9118,0.9299,0.5,0.0099,100,0.4985,5141,5141,1000,20846,inner_cv,"[{""fold"": ""random"", ""C"": 0.1, ""src"": ""inner_cv"", ""thr"": 0.4161}]",3.96,bootstrap unit: molecule
T3,native,random,all,fg_alkene,F1,lr,auprc,0.4865,0.4509,0.5304,0.1177,,,,5141,5141,1000,20846,inner_cv,"[{""fold"": ""random"", ""C"": 0.1, ""src"": ""inner_cv"", ""thr"": 0.4161}]",3.96,bootstrap unit: molecule
T3,native,random,all,fg_alkene,F1,lr,bal_acc,0.8745,0.8619,0.8873,0.5,,,,5141,5141,1000,20846,inner_cv,"[{""fold"": ""random"", ""C"": 0.1, ""src"": ""inner_cv"", ""thr"": 0.4161}]",3.96,bootstrap unit: molecule
T3,native,random,all,fg_alkene,F1,hgb,auroc,0.9518,0.9435,0.9593,0.5,,,,5141,5141,1000,20846,inner_cv,"[{""fold"": ""random"", ""src"": ""inner_cv"", ""thr"": 0.3813}]",5.08,bootstrap unit: molecule
T3,native,random,all,fg_alkene,F1,hgb,auprc,0.7458,0.7103,0.7807,0.1177,,,,5141,5141,1000,20846,inner_cv,"[{""fold"": ""random"", ""src"": ""inner_cv"", ""thr"": 0.3813}]",5.08,bootstrap unit: molecule
T3,native,random,all,fg_alkene,F1,hgb,bal_acc,0.8961,0.8847,0.9081,0.5,,,,5141,5141,1000,20846,inner_cv,"[{""fold"": ""random"", ""src"": ""inner_cv"", ""thr"": 0.3813}]",5.08,bootstrap unit: molecule
T3,native,random,all,fg_alkene,F1,knn,auroc,0.9282,0.9169,0.9388,0.5,,,,5141,5141,1000,20846,inner_cv,"[{""fold"": ""random"", ""k"": 10, ""src"": ""inner_cv"", ""thr"": 0.1289}]",40.4,bootstrap unit: molecule
T3,native,random,all,fg_alkene,F1,knn,auprc,0.6616,0.6171,0.7015,0.1177,,,,5141,5141,1000,20846,inner_cv,"[{""fold"": ""random"", ""k"": 10, ""src"": ""inner_cv"", ""thr"": 0.1289}]",40.4,bootstrap unit: molecule
T3,native,random,all,fg_alkene,F1,knn,bal_acc,0.8842,0.8716,0.8964,0.5,,,,5141,5141,1000,20846,inner_cv,"[{""fold"": ""random"", ""k"": 10, ""src"": ""inner_cv"", ""thr"": 0.1289}]",40.4,bootstrap unit: molecule
T3,native,random,all,fg_alkene,F1pos,majority,auroc,0.5,0.5,0.5,0.5,,,,5141,5141,1000,20846,fixed,"[{""fold"": ""random"", ""src"": ""fixed"", ""thr"": 0.5}]",1.41,bootstrap unit: molecule
T3,native,random,all,fg_alkene,F1pos,majority,auprc,0.1177,0.1087,0.1264,0.1177,,,,5141,5141,1000,20846,fixed,"[{""fold"": ""random"", ""src"": ""fixed"", ""thr"": 0.5}]",1.41,bootstrap unit: molecule
T3,native,random,all,fg_alkene,F1pos,majority,bal_acc,0.5,0.5,0.5,0.5,,,,5141,5141,1000,20846,fixed,"[{""fold"": ""random"", ""src"": ""fixed"", ""thr"": 0.5}]",1.41,bootstrap unit: molecule
T3,native,random,all,fg_alkene,F1pos,lr,auroc,0.8769,0.8654,0.8902,0.5,,,,5141,5141,1000,20846,inner_cv,"[{""fold"": ""random"", ""C"": 0.01, ""src"": ""inner_cv"", ""thr"": 0.4249}]",7.54,bootstrap unit: molecule
T3,native,random,all,fg_alkene,F1pos,lr,auprc,0.3859,0.3562,0.423,0.1177,,,,5141,5141,1000,20846,inner_cv,"[{""fold"": ""random"", ""C"": 0.01, ""src"": ""inner_cv"", ""thr"": 0.4249}]",7.54,bootstrap unit: molecule
T3,native,random,all,fg_alkene,F1pos,lr,bal_acc,0.8357,0.8216,0.8504,0.5,,,,5141,5141,1000,20846,inner_cv,"[{""fold"": ""random"", ""C"": 0.01, ""src"": ""inner_cv"", ""thr"": 0.4249}]",7.54,bootstrap unit: molecule
T3,native,random,all,fg_alkene,F1pos,hgb,auroc,0.9148,0.9039,0.9257,0.5,,,,5141,5141,1000,20846,inner_cv,"[{""fold"": ""random"", ""src"": ""inner_cv"", ""thr"": 0.4949}]",5.1,bootstrap unit: molecule
T3,native,random,all,fg_alkene,F1pos,hgb,auprc,0.5641,0.5216,0.607,0.1177,,,,5141,5141,1000,20846,inner_cv,"[{""fold"": ""random"", ""src"": ""inner_cv"", ""thr"": 0.4949}]",5.1,bootstrap unit: molecule
T3,native,random,all,fg_alkene,F1pos,hgb,bal_acc,0.8583,0.8434,0.8725,0.5,,,,5141,5141,1000,20846,inner_cv,"[{""fold"": ""random"", ""src"": ""inner_cv"", ""thr"": 0.4949}]",5.1,bootstrap unit: molecule
T3,native,random,all,fg_alkene,F1pos,knn,auroc,0.6596,0.6355,0.6813,0.5,,,,5141,5141,1000,20846,inner_cv,"[{""fold"": ""random"", ""k"": 10, ""src"": ""inner_cv"", ""thr"": 0.1035}]",43.19,bootstrap unit: molecule
T3,native,random,all,fg_alkene,F1pos,knn,auprc,0.2392,0.2076,0.2741,0.1177,,,,5141,5141,1000,20846,inner_cv,"[{""fold"": ""random"", ""k"": 10, ""src"": ""inner_cv"", ""thr"": 0.1035}]",43.19,bootstrap unit: molecule
T3,native,random,all,fg_alkene,F1pos,knn,bal_acc,0.622,0.6015,0.643,0.5,,,,5141,5141,1000,20846,inner_cv,"[{""fold"": ""random"", ""k"": 10, ""src"": ""inner_cv"", ""thr"": 0.1035}]",43.19,bootstrap unit: molecule
T3,native,random,all,fg_alkene,F2,majority,auroc,0.5,0.5,0.5,0.5,,,,5141,5141,1000,20846,fixed,"[{""fold"": ""random"", ""src"": ""fixed"", ""thr"": 0.5}]",1.33,bootstrap unit: molecule
T3,native,random,all,fg_alkene,F2,majority,auprc,0.1177,0.1087,0.1264,0.1177,,,,5141,5141,1000,20846,fixed,"[{""fold"": ""random"", ""src"": ""fixed"", ""thr"": 0.5}]",1.33,bootstrap unit: molecule
T3,native,random,all,fg_alkene,F2,majority,bal_acc,0.5,0.5,0.5,0.5,,,,5141,5141,1000,20846,fixed,"[{""fold"": ""random"", ""src"": ""fixed"", ""thr"": 0.5}]",1.33,bootstrap unit: molecule
T3,native,random,all,fg_alkene,F2,lr,auroc,0.9199,0.911,0.9287,0.5,,,,5141,5141,1000,20846,inner_cv,"[{""fold"": ""random"", ""C"": 0.01, ""src"": ""inner_cv"", ""thr"": 0.4161}]",67.6,bootstrap unit: molecule
T3,native,random,all,fg_alkene,F2,lr,auprc,0.4752,0.4405,0.5154,0.1177,,,,5141,5141,1000,20846,inner_cv,"[{""fold"": ""random"", ""C"": 0.01, ""src"": ""inner_cv"", ""thr"": 0.4161}]",67.6,bootstrap unit: molecule
T3,native,random,all,fg_alkene,F2,lr,bal_acc,0.8632,0.85,0.8759,0.5,,,,5141,5141,1000,20846,inner_cv,"[{""fold"": ""random"", ""C"": 0.01, ""src"": ""inner_cv"", ""thr"": 0.4161}]",67.6,bootstrap unit: molecule
T3,native,random,all,fg_alkene,F2,hgb,auroc,0.9705,0.9646,0.9759,0.5,,,,5141,5141,1000,20846,inner_cv,"[{""fold"": ""random"", ""src"": ""inner_cv"", ""thr"": 0.466}]",44.37,bootstrap unit: molecule
T3,native,random,all,fg_alkene,F2,hgb,auprc,0.8456,0.8177,0.8692,0.1177,,,,5141,5141,1000,20846,inner_cv,"[{""fold"": ""random"", ""src"": ""inner_cv"", ""thr"": 0.466}]",44.37,bootstrap unit: molecule
T3,native,random,all,fg_alkene,F2,hgb,bal_acc,0.9107,0.8975,0.923,0.5,,,,5141,5141,1000,20846,inner_cv,"[{""fold"": ""random"", ""src"": ""inner_cv"", ""thr"": 0.466}]",44.37,bootstrap unit: molecule
T3,native,random,all,fg_alkene,F2,knn,auroc,0.9547,0.9457,0.9629,0.5,,,,5141,5141,1000,20846,inner_cv,"[{""fold"": ""random"", ""k"": 10, ""src"": ""inner_cv"", ""thr"": 0.1973}]",83.43,bootstrap unit: molecule
T3,native,random,all,fg_alkene,F2,knn,auprc,0.7858,0.7506,0.818,0.1177,,,,5141,5141,1000,20846,inner_cv,"[{""fold"": ""random"", ""k"": 10, ""src"": ""inner_cv"", ""thr"": 0.1973}]",83.43,bootstrap unit: molecule
T3,native,random,all,fg_alkene,F2,knn,bal_acc,0.9009,0.8883,0.9133,0.5,,,,5141,5141,1000,20846,inner_cv,"[{""fold"": ""random"", ""k"": 10, ""src"": ""inner_cv"", ""thr"": 0.1973}]",83.43,bootstrap unit: molecule
T3,native,random,all,fg_alkene,F3,majority,auroc,0.5,0.5,0.5,0.5,,,,5141,5141,1000,20846,fixed,"[{""fold"": ""random"", ""src"": ""fixed"", ""thr"": 0.5}]",2.19,bootstrap unit: molecule
T3,native,random,all,fg_alkene,F3,majority,auprc,0.1177,0.1087,0.1264,0.1177,,,,5141,5141,1000,20846,fixed,"[{""fold"": ""random"", ""src"": ""fixed"", ""thr"": 0.5}]",2.19,bootstrap unit: molecule
T3,native,random,all,fg_alkene,F3,majority,bal_acc,0.5,0.5,0.5,0.5,,,,5141,5141,1000,20846,fixed,"[{""fold"": ""random"", ""src"": ""fixed"", ""thr"": 0.5}]",2.19,bootstrap unit: molecule
T3,native,random,all,fg_alkene,F3,lr,auroc,0.9224,0.9136,0.9313,0.5,,,,5141,5141,1000,20846,inner_cv,"[{""fold"": ""random"", ""C"": 0.01, ""src"": ""inner_cv"", ""thr"": 0.3948}]",70.23,bootstrap unit: molecule
T3,native,random,all,fg_alkene,F3,lr,auprc,0.495,0.4598,0.5371,0.1177,,,,5141,5141,1000,20846,inner_cv,"[{""fold"": ""random"", ""C"": 0.01, ""src"": ""inner_cv"", ""thr"": 0.3948}]",70.23,bootstrap unit: molecule
T3,native,random,all,fg_alkene,F3,lr,bal_acc,0.8668,0.8539,0.8791,0.5,,,,5141,5141,1000,20846,inner_cv,"[{""fold"": ""random"", ""C"": 0.01, ""src"": ""inner_cv"", ""thr"": 0.3948}]",70.23,bootstrap unit: molecule
T3,native,random,all,fg_alkene,F3,hgb,auroc,0.9765,0.9714,0.9812,0.5,0.0099,100,0.5005,5141,5141,1000,20846,inner_cv,"[{""fold"": ""random"", ""src"": ""inner_cv"", ""thr"": 0.4351}]",47.2,bootstrap unit: molecule
T3,native,random,all,fg_alkene,F3,hgb,auprc,0.8709,0.8456,0.8942,0.1177,,,,5141,5141,1000,20846,inner_cv,"[{""fold"": ""random"", ""src"": ""inner_cv"", ""thr"": 0.4351}]",47.2,bootstrap unit: molecule
T3,native,random,all,fg_alkene,F3,hgb,bal_acc,0.9241,0.9125,0.935,0.5,,,,5141,5141,1000,20846,inner_cv,"[{""fold"": ""random"", ""src"": ""inner_cv"", ""thr"": 0.4351}]",47.2,bootstrap unit: molecule
T3,native,random,all,fg_alkene,F3,knn,auroc,0.9558,0.9463,0.9643,0.5,,,,5141,5141,1000,20846,inner_cv,"[{""fold"": ""random"", ""k"": 10, ""src"": ""inner_cv"", ""thr"": 0.2051}]",65.68,bootstrap unit: molecule
T3,native,random,all,fg_alkene,F3,knn,auprc,0.8019,0.7693,0.8326,0.1177,,,,5141,5141,1000,20846,inner_cv,"[{""fold"": ""random"", ""k"": 10, ""src"": ""inner_cv"", ""thr"": 0.2051}]",65.68,bootstrap unit: molecule
T3,native,random,all,fg_alkene,F3,knn,bal_acc,0.9021,0.89,0.9141,0.5,,,,5141,5141,1000,20846,inner_cv,"[{""fold"": ""random"", ""k"": 10, ""src"": ""inner_cv"", ""thr"": 0.2051}]",65.68,bootstrap unit: molecule
T3,native,random,all,fg_alkene,F1.sqrt,majority,auroc,0.5,0.5,0.5,0.5,,,,5141,5141,1000,20846,fixed,"[{""fold"": ""random"", ""src"": ""fixed"", ""thr"": 0.5}]",2.6,bootstrap unit: molecule
T3,native,random,all,fg_alkene,F1.sqrt,majority,auprc,0.1177,0.1087,0.1264,0.1177,,,,5141,5141,1000,20846,fixed,"[{""fold"": ""random"", ""src"": ""fixed"", ""thr"": 0.5}]",2.6,bootstrap unit: molecule
T3,native,random,all,fg_alkene,F1.sqrt,majority,bal_acc,0.5,0.5,0.5,0.5,,,,5141,5141,1000,20846,fixed,"[{""fold"": ""random"", ""src"": ""fixed"", ""thr"": 0.5}]",2.6,bootstrap unit: molecule
T3,native,random,all,fg_alkene,F1.sqrt,lr,auroc,0.9059,0.8951,0.9162,0.5,,,,5141,5141,1000,20846,inner_cv,"[{""fold"": ""random"", ""C"": 1.0, ""src"": ""inner_cv"", ""thr"": 0.3936}]",8.2,bootstrap unit: molecule
T3,native,random,all,fg_alkene,F1.sqrt,lr,auprc,0.4417,0.41,0.4795,0.1177,,,,5141,5141,1000,20846,inner_cv,"[{""fold"": ""random"", ""C"": 1.0, ""src"": ""inner_cv"", ""thr"": 0.3936}]",8.2,bootstrap unit: molecule
T3,native,random,all,fg_alkene,F1.sqrt,lr,bal_acc,0.8648,0.8512,0.8774,0.5,,,,5141,5141,1000,20846,inner_cv,"[{""fold"": ""random"", ""C"": 1.0, ""src"": ""inner_cv"", ""thr"": 0.3936}]",8.2,bootstrap unit: molecule
T3,native,random,all,fg_alkene,F1.sqrt,hgb,auroc,0.9517,0.9434,0.9593,0.5,,,,5141,5141,1000,20846,inner_cv,"[{""fold"": ""random"", ""src"": ""inner_cv"", ""thr"": 0.3813}]",5.49,bootstrap unit: molecule
T3,native,random,all,fg_alkene,F1.sqrt,hgb,auprc,0.7457,0.7102,0.7807,0.1177,,,,5141,5141,1000,20846,inner_cv,"[{""fold"": ""random"", ""src"": ""inner_cv"", ""thr"": 0.3813}]",5.49,bootstrap unit: molecule
T3,native,random,all,fg_alkene,F1.sqrt,hgb,bal_acc,0.896,0.8847,0.908,0.5,,,,5141,5141,1000,20846,inner_cv,"[{""fold"": ""random"", ""src"": ""inner_cv"", ""thr"": 0.3813}]",5.49,bootstrap unit: molecule
T3,native,random,all,fg_alkene,F1.sqrt,knn,auroc,0.9158,0.9013,0.9287,0.5,,,,5141,5141,1000,20846,inner_cv,"[{""fold"": ""random"", ""k"": 10, ""src"": ""inner_cv"", ""thr"": 0.1976}]",34.09,bootstrap unit: molecule
T3,native,random,all,fg_alkene,F1.sqrt,knn,auprc,0.6481,0.6044,0.6896,0.1177,,,,5141,5141,1000,20846,inner_cv,"[{""fold"": ""random"", ""k"": 10, ""src"": ""inner_cv"", ""thr"": 0.1976}]",34.09,bootstrap unit: molecule
T3,native,random,all,fg_alkene,F1.sqrt,knn,bal_acc,0.8695,0.8555,0.8848,0.5,,,,5141,5141,1000,20846,inner_cv,"[{""fold"": ""random"", ""k"": 10, ""src"": ""inner_cv"", ""thr"": 0.1976}]",34.09,bootstrap unit: molecule
T3,native,random,all,fg_alkene,F2.lt1700,majority,auroc,0.5,0.5,0.5,0.5,,,,5141,5141,1000,20846,fixed,"[{""fold"": ""random"", ""src"": ""fixed"", ""thr"": 0.5}]",1.35,bootstrap unit: molecule
T3,native,random,all,fg_alkene,F2.lt1700,majority,auprc,0.1177,0.1087,0.1264,0.1177,,,,5141,5141,1000,20846,fixed,"[{""fold"": ""random"", ""src"": ""fixed"", ""thr"": 0.5}]",1.35,bootstrap unit: molecule
T3,native,random,all,fg_alkene,F2.lt1700,majority,bal_acc,0.5,0.5,0.5,0.5,,,,5141,5141,1000,20846,fixed,"[{""fold"": ""random"", ""src"": ""fixed"", ""thr"": 0.5}]",1.35,bootstrap unit: molecule
T3,native,random,all,fg_alkene,F2.lt1700,lr,auroc,0.9195,0.9108,0.9283,0.5,,,,5141,5141,1000,20846,inner_cv,"[{""fold"": ""random"", ""C"": 0.01, ""src"": ""inner_cv"", ""thr"": 0.4128}]",64.24,bootstrap unit: molecule
T3,native,random,all,fg_alkene,F2.lt1700,lr,auprc,0.4741,0.4392,0.5145,0.1177,,,,5141,5141,1000,20846,inner_cv,"[{""fold"": ""random"", ""C"": 0.01, ""src"": ""inner_cv"", ""thr"": 0.4128}]",64.24,bootstrap unit: molecule
T3,native,random,all,fg_alkene,F2.lt1700,lr,bal_acc,0.863,0.8501,0.8762,0.5,,,,5141,5141,1000,20846,inner_cv,"[{""fold"": ""random"", ""C"": 0.01, ""src"": ""inner_cv"", ""thr"": 0.4128}]",64.24,bootstrap unit: molecule
T3,native,random,all,fg_alkene,F2.lt1700,hgb,auroc,0.9719,0.9663,0.9767,0.5,,,,5141,5141,1000,20846,inner_cv,"[{""fold"": ""random"", ""src"": ""inner_cv"", ""thr"": 0.3916}]",49.97,bootstrap unit: molecule
T3,native,random,all,fg_alkene,F2.lt1700,hgb,auprc,0.8437,0.8169,0.8682,0.1177,,,,5141,5141,1000,20846,inner_cv,"[{""fold"": ""random"", ""src"": ""inner_cv"", ""thr"": 0.3916}]",49.97,bootstrap unit: molecule
T3,native,random,all,fg_alkene,F2.lt1700,hgb,bal_acc,0.9044,0.8912,0.9168,0.5,,,,5141,5141,1000,20846,inner_cv,"[{""fold"": ""random"", ""src"": ""inner_cv"", ""thr"": 0.3916}]",49.97,bootstrap unit: molecule
T3,native,random,all,fg_alkene,F2.lt1700,knn,auroc,0.9555,0.9465,0.9642,0.5,,,,5141,5141,1000,20846,inner_cv,"[{""fold"": ""random"", ""k"": 10, ""src"": ""inner_cv"", ""thr"": 0.2054}]",70.93,bootstrap unit: molecule
T3,native,random,all,fg_alkene,F2.lt1700,knn,auprc,0.7896,0.7551,0.8213,0.1177,,,,5141,5141,1000,20846,inner_cv,"[{""fold"": ""random"", ""k"": 10, ""src"": ""inner_cv"", ""thr"": 0.2054}]",70.93,bootstrap unit: molecule
T3,native,random,all,fg_alkene,F2.lt1700,knn,bal_acc,0.9051,0.893,0.9171,0.5,,,,5141,5141,1000,20846,inner_cv,"[{""fold"": ""random"", ""k"": 10, ""src"": ""inner_cv"", ""thr"": 0.2054}]",70.93,bootstrap unit: molecule
T3,native,random,all,fg_alkene,F3.lt1700,majority,auroc,0.5,0.5,0.5,0.5,,,,5141,5141,1000,20846,fixed,"[{""fold"": ""random"", ""src"": ""fixed"", ""thr"": 0.5}]",2.95,bootstrap unit: molecule
T3,native,random,all,fg_alkene,F3.lt1700,majority,auprc,0.1177,0.1087,0.1264,0.1177,,,,5141,5141,1000,20846,fixed,"[{""fold"": ""random"", ""src"": ""fixed"", ""thr"": 0.5}]",2.95,bootstrap unit: molecule
T3,native,random,all,fg_alkene,F3.lt1700,majority,bal_acc,0.5,0.5,0.5,0.5,,,,5141,5141,1000,20846,fixed,"[{""fold"": ""random"", ""src"": ""fixed"", ""thr"": 0.5}]",2.95,bootstrap unit: molecule
T3,native,random,all,fg_alkene,F3.lt1700,lr,auroc,0.9217,0.9127,0.9307,0.5,,,,5141,5141,1000,20846,inner_cv,"[{""fold"": ""random"", ""C"": 0.01, ""src"": ""inner_cv"", ""thr"": 0.4307}]",71.57,bootstrap unit: molecule
T3,native,random,all,fg_alkene,F3.lt1700,lr,auprc,0.4916,0.456,0.5334,0.1177,,,,5141,5141,1000,20846,inner_cv,"[{""fold"": ""random"", ""C"": 0.01, ""src"": ""inner_cv"", ""thr"": 0.4307}]",71.57,bootstrap unit: molecule
T3,native,random,all,fg_alkene,F3.lt1700,lr,bal_acc,0.8668,0.8541,0.8796,0.5,,,,5141,5141,1000,20846,inner_cv,"[{""fold"": ""random"", ""C"": 0.01, ""src"": ""inner_cv"", ""thr"": 0.4307}]",71.57,bootstrap unit: molecule
T3,native,random,all,fg_alkene,F3.lt1700,hgb,auroc,0.9765,0.9714,0.981,0.5,,,,5141,5141,1000,20846,inner_cv,"[{""fold"": ""random"", ""src"": ""inner_cv"", ""thr"": 0.3993}]",41.99,bootstrap unit: molecule
T3,native,random,all,fg_alkene,F3.lt1700,hgb,auprc,0.8728,0.8487,0.8951,0.1177,,,,5141,5141,1000,20846,inner_cv,"[{""fold"": ""random"", ""src"": ""inner_cv"", ""thr"": 0.3993}]",41.99,bootstrap unit: molecule
T3,native,random,all,fg_alkene,F3.lt1700,hgb,bal_acc,0.9181,0.9063,0.9291,0.5,,,,5141,5141,1000,20846,inner_cv,"[{""fold"": ""random"", ""src"": ""inner_cv"", ""thr"": 0.3993}]",41.99,bootstrap unit: molecule
T3,native,random,all,fg_alkene,F3.lt1700,knn,auroc,0.9575,0.9488,0.9658,0.5,,,,5141,5141,1000,20846,inner_cv,"[{""fold"": ""random"", ""k"": 10, ""src"": ""inner_cv"", ""thr"": 0.2016}]",74.84,bootstrap unit: molecule
T3,native,random,all,fg_alkene,F3.lt1700,knn,auprc,0.8083,0.7773,0.8396,0.1177,,,,5141,5141,1000,20846,inner_cv,"[{""fold"": ""random"", ""k"": 10, ""src"": ""inner_cv"", ""thr"": 0.2016}]",74.84,bootstrap unit: molecule
T3,native,random,all,fg_alkene,F3.lt1700,knn,bal_acc,0.9057,0.8939,0.9165,0.5,,,,5141,5141,1000,20846,inner_cv,"[{""fold"": ""random"", ""k"": 10, ""src"": ""inner_cv"", ""thr"": 0.2016}]",74.84,bootstrap unit: molecule
T3,native,random,all,fg_fluoro,F1,majority,auroc,0.5,0.5,0.5,0.5,,,,5141,5141,1000,20846,fixed,"[{""fold"": ""random"", ""src"": ""fixed"", ""thr"": 0.5}]",4.41,bootstrap unit: molecule
T3,native,random,all,fg_fluoro,F1,majority,auprc,0.0177,0.014,0.0212,0.0177,,,,5141,5141,1000,20846,fixed,"[{""fold"": ""random"", ""src"": ""fixed"", ""thr"": 0.5}]",4.41,bootstrap unit: molecule
T3,native,random,all,fg_fluoro,F1,majority,bal_acc,0.5,0.5,0.5,0.5,,,,5141,5141,1000,20846,fixed,"[{""fold"": ""random"", ""src"": ""fixed"", ""thr"": 0.5}]",4.41,bootstrap unit: molecule
T3,native,random,all,fg_fluoro,F1,lr,auroc,0.8749,0.8359,0.9125,0.5,0.0099,100,0.4984,5141,5141,1000,20846,inner_cv,"[{""fold"": ""random"", ""C"": 0.01, ""src"": ""inner_cv"", ""thr"": 0.4742}]",6.51,bootstrap unit: molecule
T3,native,random,all,fg_fluoro,F1,lr,auprc,0.2235,0.1501,0.3202,0.0177,,,,5141,5141,1000,20846,inner_cv,"[{""fold"": ""random"", ""C"": 0.01, ""src"": ""inner_cv"", ""thr"": 0.4742}]",6.51,bootstrap unit: molecule
T3,native,random,all,fg_fluoro,F1,lr,bal_acc,0.8016,0.7605,0.8444,0.5,,,,5141,5141,1000,20846,inner_cv,"[{""fold"": ""random"", ""C"": 0.01, ""src"": ""inner_cv"", ""thr"": 0.4742}]",6.51,bootstrap unit: molecule
T3,native,random,all,fg_fluoro,F1,hgb,auroc,0.9088,0.8734,0.9386,0.5,,,,5141,5141,1000,20846,inner_cv,"[{""fold"": ""random"", ""src"": ""inner_cv"", ""thr"": 0.1184}]",5.36,bootstrap unit: molecule
T3,native,random,all,fg_fluoro,F1,hgb,auprc,0.2269,0.1554,0.3132,0.0177,,,,5141,5141,1000,20846,inner_cv,"[{""fold"": ""random"", ""src"": ""inner_cv"", ""thr"": 0.1184}]",5.36,bootstrap unit: molecule
T3,native,random,all,fg_fluoro,F1,hgb,bal_acc,0.8387,0.8056,0.8694,0.5,,,,5141,5141,1000,20846,inner_cv,"[{""fold"": ""random"", ""src"": ""inner_cv"", ""thr"": 0.1184}]",5.36,bootstrap unit: molecule
T3,native,random,all,fg_fluoro,F1,knn,auroc,0.6982,0.6434,0.7513,0.5,,,,5141,5141,1000,20846,inner_cv,"[{""fold"": ""random"", ""k"": 10, ""src"": ""inner_cv"", ""thr"": 0.0691}]",47.91,bootstrap unit: molecule
T3,native,random,all,fg_fluoro,F1,knn,auprc,0.0952,0.0497,0.1642,0.0177,,,,5141,5141,1000,20846,inner_cv,"[{""fold"": ""random"", ""k"": 10, ""src"": ""inner_cv"", ""thr"": 0.0691}]",47.91,bootstrap unit: molecule
T3,native,random,all,fg_fluoro,F1,knn,bal_acc,0.6943,0.6403,0.7454,0.5,,,,5141,5141,1000,20846,inner_cv,"[{""fold"": ""random"", ""k"": 10, ""src"": ""inner_cv"", ""thr"": 0.0691}]",47.91,bootstrap unit: molecule
T3,native,random,all,fg_fluoro,F1pos,majority,auroc,0.5,0.5,0.5,0.5,,,,5141,5141,1000,20846,fixed,"[{""fold"": ""random"", ""src"": ""fixed"", ""thr"": 0.5}]",4.36,bootstrap unit: molecule
T3,native,random,all,fg_fluoro,F1pos,majority,auprc,0.0177,0.014,0.0212,0.0177,,,,5141,5141,1000,20846,fixed,"[{""fold"": ""random"", ""src"": ""fixed"", ""thr"": 0.5}]",4.36,bootstrap unit: molecule
T3,native,random,all,fg_fluoro,F1pos,majority,bal_acc,0.5,0.5,0.5,0.5,,,,5141,5141,1000,20846,fixed,"[{""fold"": ""random"", ""src"": ""fixed"", ""thr"": 0.5}]",4.36,bootstrap unit: molecule
T3,native,random,all,fg_fluoro,F1pos,lr,auroc,0.9334,0.9093,0.9522,0.5,,,,5141,5141,1000,20846,inner_cv,"[{""fold"": ""random"", ""C"": 0.01, ""src"": ""inner_cv"", ""thr"": 0.3685}]",6.04,bootstrap unit: molecule
T3,native,random,all,fg_fluoro,F1pos,lr,auprc,0.2008,0.1474,0.2803,0.0177,,,,5141,5141,1000,20846,inner_cv,"[{""fold"": ""random"", ""C"": 0.01, ""src"": ""inner_cv"", ""thr"": 0.3685}]",6.04,bootstrap unit: molecule
T3,native,random,all,fg_fluoro,F1pos,lr,bal_acc,0.866,0.834,0.8918,0.5,,,,5141,5141,1000,20846,inner_cv,"[{""fold"": ""random"", ""C"": 0.01, ""src"": ""inner_cv"", ""thr"": 0.3685}]",6.04,bootstrap unit: molecule
T3,native,random,all,fg_fluoro,F1pos,hgb,auroc,0.9213,0.8992,0.9415,0.5,,,,5141,5141,1000,20846,inner_cv,"[{""fold"": ""random"", ""src"": ""inner_cv"", ""thr"": 0.1441}]",5.18,bootstrap unit: molecule
T3,native,random,all,fg_fluoro,F1pos,hgb,auprc,0.1557,0.1146,0.2323,0.0177,,,,5141,5141,1000,20846,inner_cv,"[{""fold"": ""random"", ""src"": ""inner_cv"", ""thr"": 0.1441}]",5.18,bootstrap unit: molecule
T3,native,random,all,fg_fluoro,F1pos,hgb,bal_acc,0.8367,0.8077,0.8621,0.5,,,,5141,5141,1000,20846,inner_cv,"[{""fold"": ""random"", ""src"": ""inner_cv"", ""thr"": 0.1441}]",5.18,bootstrap unit: molecule
T3,native,random,all,fg_fluoro,F1pos,knn,auroc,0.6947,0.6405,0.7488,0.5,,,,5141,5141,1000,20846,inner_cv,"[{""fold"": ""random"", ""k"": 10, ""src"": ""inner_cv"", ""thr"": 0.0916}]",33.4,bootstrap unit: molecule
T3,native,random,all,fg_fluoro,F1pos,knn,auprc,0.1146,0.0637,0.1939,0.0177,,,,5141,5141,1000,20846,inner_cv,"[{""fold"": ""random"", ""k"": 10, ""src"": ""inner_cv"", ""thr"": 0.0916}]",33.4,bootstrap unit: molecule
T3,native,random,all,fg_fluoro,F1pos,knn,bal_acc,0.6905,0.6364,0.7428,0.5,,,,5141,5141,1000,20846,inner_cv,"[{""fold"": ""random"", ""k"": 10, ""src"": ""inner_cv"", ""thr"": 0.0916}]",33.4,bootstrap unit: molecule
T3,native,random,all,fg_fluoro,F2,majority,auroc,0.5,0.5,0.5,0.5,,,,5141,5141,1000,20846,fixed,"[{""fold"": ""random"", ""src"": ""fixed"", ""thr"": 0.5}]",2.8,bootstrap unit: molecule
T3,native,random,all,fg_fluoro,F2,majority,auprc,0.0177,0.014,0.0212,0.0177,,,,5141,5141,1000,20846,fixed,"[{""fold"": ""random"", ""src"": ""fixed"", ""thr"": 0.5}]",2.8,bootstrap unit: molecule
T3,native,random,all,fg_fluoro,F2,majority,bal_acc,0.5,0.5,0.5,0.5,,,,5141,5141,1000,20846,fixed,"[{""fold"": ""random"", ""src"": ""fixed"", ""thr"": 0.5}]",2.8,bootstrap unit: molecule
T3,native,random,all,fg_fluoro,F2,lr,auroc,0.8713,0.8272,0.9095,0.5,,,,5141,5141,1000,20846,inner_cv,"[{""fold"": ""random"", ""C"": 0.01, ""src"": ""inner_cv"", ""thr"": 0.3305}]",93.45,bootstrap unit: molecule
T3,native,random,all,fg_fluoro,F2,lr,auprc,0.2198,0.1517,0.3139,0.0177,,,,5141,5141,1000,20846,inner_cv,"[{""fold"": ""random"", ""C"": 0.01, ""src"": ""inner_cv"", ""thr"": 0.3305}]",93.45,bootstrap unit: molecule
T3,native,random,all,fg_fluoro,F2,lr,bal_acc,0.7914,0.7481,0.8312,0.5,,,,5141,5141,1000,20846,inner_cv,"[{""fold"": ""random"", ""C"": 0.01, ""src"": ""inner_cv"", ""thr"": 0.3305}]",93.45,bootstrap unit: molecule
T3,native,random,all,fg_fluoro,F2,hgb,auroc,0.9485,0.927,0.9659,0.5,,,,5141,5141,1000,20846,inner_cv,"[{""fold"": ""random"", ""src"": ""inner_cv"", ""thr"": 0.0512}]",48.0,bootstrap unit: molecule
T3,native,random,all,fg_fluoro,F2,hgb,auprc,0.3553,0.2649,0.4672,0.0177,,,,5141,5141,1000,20846,inner_cv,"[{""fold"": ""random"", ""src"": ""inner_cv"", ""thr"": 0.0512}]",48.0,bootstrap unit: molecule
T3,native,random,all,fg_fluoro,F2,hgb,bal_acc,0.8844,0.8567,0.9097,0.5,,,,5141,5141,1000,20846,inner_cv,"[{""fold"": ""random"", ""src"": ""inner_cv"", ""thr"": 0.0512}]",48.0,bootstrap unit: molecule
T3,native,random,all,fg_fluoro,F2,knn,auroc,0.7219,0.6648,0.7743,0.5,,,,5141,5141,1000,20846,inner_cv,"[{""fold"": ""random"", ""k"": 10, ""src"": ""inner_cv"", ""thr"": 0.065}]",89.08,bootstrap unit: molecule
T3,native,random,all,fg_fluoro,F2,knn,auprc,0.1832,0.1119,0.271,0.0177,,,,5141,5141,1000,20846,inner_cv,"[{""fold"": ""random"", ""k"": 10, ""src"": ""inner_cv"", ""thr"": 0.065}]",89.08,bootstrap unit: molecule
T3,native,random,all,fg_fluoro,F2,knn,bal_acc,0.7143,0.659,0.7663,0.5,,,,5141,5141,1000,20846,inner_cv,"[{""fold"": ""random"", ""k"": 10, ""src"": ""inner_cv"", ""thr"": 0.065}]",89.08,bootstrap unit: molecule
T3,native,random,all,fg_fluoro,F3,majority,auroc,0.5,0.5,0.5,0.5,,,,5141,5141,1000,20846,fixed,"[{""fold"": ""random"", ""src"": ""fixed"", ""thr"": 0.5}]",5.16,bootstrap unit: molecule
T3,native,random,all,fg_fluoro,F3,majority,auprc,0.0177,0.014,0.0212,0.0177,,,,5141,5141,1000,20846,fixed,"[{""fold"": ""random"", ""src"": ""fixed"", ""thr"": 0.5}]",5.16,bootstrap unit: molecule
T3,native,random,all,fg_fluoro,F3,majority,bal_acc,0.5,0.5,0.5,0.5,,,,5141,5141,1000,20846,fixed,"[{""fold"": ""random"", ""src"": ""fixed"", ""thr"": 0.5}]",5.16,bootstrap unit: molecule
T3,native,random,all,fg_fluoro,F3,lr,auroc,0.8711,0.8265,0.9097,0.5,,,,5141,5141,1000,20846,inner_cv,"[{""fold"": ""random"", ""C"": 0.01, ""src"": ""inner_cv"", ""thr"": 0.1515}]",88.64,bootstrap unit: molecule
T3,native,random,all,fg_fluoro,F3,lr,auprc,0.22,0.1557,0.319,0.0177,,,,5141,5141,1000,20846,inner_cv,"[{""fold"": ""random"", ""C"": 0.01, ""src"": ""inner_cv"", ""thr"": 0.1515}]",88.64,bootstrap unit: molecule
T3,native,random,all,fg_fluoro,F3,lr,bal_acc,0.7674,0.7286,0.8028,0.5,,,,5141,5141,1000,20846,inner_cv,"[{""fold"": ""random"", ""C"": 0.01, ""src"": ""inner_cv"", ""thr"": 0.1515}]",88.64,bootstrap unit: molecule
T3,native,random,all,fg_fluoro,F3,hgb,auroc,0.9659,0.9503,0.9783,0.5,0.0099,100,0.5012,5141,5141,1000,20846,inner_cv,"[{""fold"": ""random"", ""src"": ""inner_cv"", ""thr"": 0.0379}]",33.16,bootstrap unit: molecule
T3,native,random,all,fg_fluoro,F3,hgb,auprc,0.4582,0.3626,0.5591,0.0177,,,,5141,5141,1000,20846,inner_cv,"[{""fold"": ""random"", ""src"": ""inner_cv"", ""thr"": 0.0379}]",33.16,bootstrap unit: molecule
T3,native,random,all,fg_fluoro,F3,hgb,bal_acc,0.8999,0.8738,0.9207,0.5,,,,5141,5141,1000,20846,inner_cv,"[{""fold"": ""random"", ""src"": ""inner_cv"", ""thr"": 0.0379}]",33.16,bootstrap unit: molecule
T3,native,random,all,fg_fluoro,F3,knn,auroc,0.7285,0.6763,0.7775,0.5,,,,5141,5141,1000,20846,inner_cv,"[{""fold"": ""random"", ""k"": 10, ""src"": ""inner_cv"", ""thr"": 0.0736}]",84.75,bootstrap unit: molecule
T3,native,random,all,fg_fluoro,F3,knn,auprc,0.1877,0.1183,0.2687,0.0177,,,,5141,5141,1000,20846,inner_cv,"[{""fold"": ""random"", ""k"": 10, ""src"": ""inner_cv"", ""thr"": 0.0736}]",84.75,bootstrap unit: molecule
T3,native,random,all,fg_fluoro,F3,knn,bal_acc,0.7224,0.6724,0.7689,0.5,,,,5141,5141,1000,20846,inner_cv,"[{""fold"": ""random"", ""k"": 10, ""src"": ""inner_cv"", ""thr"": 0.0736}]",84.75,bootstrap unit: molecule
T3,native,random,all,fg_fluoro,F1.sqrt,majority,auroc,0.5,0.5,0.5,0.5,,,,5141,5141,1000,20846,fixed,"[{""fold"": ""random"", ""src"": ""fixed"", ""thr"": 0.5}]",1.34,bootstrap unit: molecule
T3,native,random,all,fg_fluoro,F1.sqrt,majority,auprc,0.0177,0.014,0.0212,0.0177,,,,5141,5141,1000,20846,fixed,"[{""fold"": ""random"", ""src"": ""fixed"", ""thr"": 0.5}]",1.34,bootstrap unit: molecule
T3,native,random,all,fg_fluoro,F1.sqrt,majority,bal_acc,0.5,0.5,0.5,0.5,,,,5141,5141,1000,20846,fixed,"[{""fold"": ""random"", ""src"": ""fixed"", ""thr"": 0.5}]",1.34,bootstrap unit: molecule
T3,native,random,all,fg_fluoro,F1.sqrt,lr,auroc,0.9178,0.89,0.9428,0.5,,,,5141,5141,1000,20846,inner_cv,"[{""fold"": ""random"", ""C"": 0.01, ""src"": ""inner_cv"", ""thr"": 0.4221}]",6.49,bootstrap unit: molecule
T3,native,random,all,fg_fluoro,F1.sqrt,lr,auprc,0.2523,0.1755,0.3398,0.0177,,,,5141,5141,1000,20846,inner_cv,"[{""fold"": ""random"", ""C"": 0.01, ""src"": ""inner_cv"", ""thr"": 0.4221}]",6.49,bootstrap unit: molecule
T3,native,random,all,fg_fluoro,F1.sqrt,lr,bal_acc,0.8502,0.815,0.8801,0.5,,,,5141,5141,1000,20846,inner_cv,"[{""fold"": ""random"", ""C"": 0.01, ""src"": ""inner_cv"", ""thr"": 0.4221}]",6.49,bootstrap unit: molecule
T3,native,random,all,fg_fluoro,F1.sqrt,hgb,auroc,0.9088,0.8734,0.9386,0.5,,,,5141,5141,1000,20846,inner_cv,"[{""fold"": ""random"", ""src"": ""inner_cv"", ""thr"": 0.1184}]",5.4,bootstrap unit: molecule
T3,native,random,all,fg_fluoro,F1.sqrt,hgb,auprc,0.2269,0.1554,0.3132,0.0177,,,,5141,5141,1000,20846,inner_cv,"[{""fold"": ""random"", ""src"": ""inner_cv"", ""thr"": 0.1184}]",5.4,bootstrap unit: molecule
T3,native,random,all,fg_fluoro,F1.sqrt,hgb,bal_acc,0.8386,0.8054,0.8693,0.5,,,,5141,5141,1000,20846,inner_cv,"[{""fold"": ""random"", ""src"": ""inner_cv"", ""thr"": 0.1184}]",5.4,bootstrap unit: molecule
T3,native,random,all,fg_fluoro,F1.sqrt,knn,auroc,0.6805,0.6268,0.7388,0.5,,,,5141,5141,1000,20846,inner_cv,"[{""fold"": ""random"", ""k"": 10, ""src"": ""inner_cv"", ""thr"": 0.0797}]",42.65,bootstrap unit: molecule
T3,native,random,all,fg_fluoro,F1.sqrt,knn,auprc,0.1226,0.0689,0.1982,0.0177,,,,5141,5141,1000,20846,inner_cv,"[{""fold"": ""random"", ""k"": 10, ""src"": ""inner_cv"", ""thr"": 0.0797}]",42.65,bootstrap unit: molecule
T3,native,random,all,fg_fluoro,F1.sqrt,knn,bal_acc,0.6699,0.6202,0.7248,0.5,,,,5141,5141,1000,20846,inner_cv,"[{""fold"": ""random"", ""k"": 10, ""src"": ""inner_cv"", ""thr"": 0.0797}]",42.65,bootstrap unit: molecule
T3,native,random,all,fg_fluoro,F2.lt1700,majority,auroc,0.5,0.5,0.5,0.5,,,,5141,5141,1000,20846,fixed,"[{""fold"": ""random"", ""src"": ""fixed"", ""thr"": 0.5}]",1.79,bootstrap unit: molecule
T3,native,random,all,fg_fluoro,F2.lt1700,majority,auprc,0.0177,0.014,0.0212,0.0177,,,,5141,5141,1000,20846,fixed,"[{""fold"": ""random"", ""src"": ""fixed"", ""thr"": 0.5}]",1.79,bootstrap unit: molecule
T3,native,random,all,fg_fluoro,F2.lt1700,majority,bal_acc,0.5,0.5,0.5,0.5,,,,5141,5141,1000,20846,fixed,"[{""fold"": ""random"", ""src"": ""fixed"", ""thr"": 0.5}]",1.79,bootstrap unit: molecule
T3,native,random,all,fg_fluoro,F2.lt1700,lr,auroc,0.8698,0.8261,0.9093,0.5,,,,5141,5141,1000,20846,inner_cv,"[{""fold"": ""random"", ""C"": 0.01, ""src"": ""inner_cv"", ""thr"": 0.2746}]",92.35,bootstrap unit: molecule
T3,native,random,all,fg_fluoro,F2.lt1700,lr,auprc,0.2083,0.1429,0.2975,0.0177,,,,5141,5141,1000,20846,inner_cv,"[{""fold"": ""random"", ""C"": 0.01, ""src"": ""inner_cv"", ""thr"": 0.2746}]",92.35,bootstrap unit: molecule
T3,native,random,all,fg_fluoro,F2.lt1700,lr,bal_acc,0.7757,0.7339,0.8152,0.5,,,,5141,5141,1000,20846,inner_cv,"[{""fold"": ""random"", ""C"": 0.01, ""src"": ""inner_cv"", ""thr"": 0.2746}]",92.35,bootstrap unit: molecule
T3,native,random,all,fg_fluoro,F2.lt1700,hgb,auroc,0.9492,0.9306,0.9643,0.5,,,,5141,5141,1000,20846,inner_cv,"[{""fold"": ""random"", ""src"": ""inner_cv"", ""thr"": 0.0532}]",30.69,bootstrap unit: molecule
T3,native,random,all,fg_fluoro,F2.lt1700,hgb,auprc,0.3508,0.2578,0.4596,0.0177,,,,5141,5141,1000,20846,inner_cv,"[{""fold"": ""random"", ""src"": ""inner_cv"", ""thr"": 0.0532}]",30.69,bootstrap unit: molecule
T3,native,random,all,fg_fluoro,F2.lt1700,hgb,bal_acc,0.8799,0.8492,0.9048,0.5,,,,5141,5141,1000,20846,inner_cv,"[{""fold"": ""random"", ""src"": ""inner_cv"", ""thr"": 0.0532}]",30.69,bootstrap unit: molecule
T3,native,random,all,fg_fluoro,F2.lt1700,knn,auroc,0.7048,0.645,0.7589,0.5,,,,5141,5141,1000,20846,inner_cv,"[{""fold"": ""random"", ""k"": 10, ""src"": ""inner_cv"", ""thr"": 0.057}]",83.98,bootstrap unit: molecule
T3,native,random,all,fg_fluoro,F2.lt1700,knn,auprc,0.162,0.098,0.244,0.0177,,,,5141,5141,1000,20846,inner_cv,"[{""fold"": ""random"", ""k"": 10, ""src"": ""inner_cv"", ""thr"": 0.057}]",83.98,bootstrap unit: molecule
T3,native,random,all,fg_fluoro,F2.lt1700,knn,bal_acc,0.6971,0.6395,0.7489,0.5,,,,5141,5141,1000,20846,inner_cv,"[{""fold"": ""random"", ""k"": 10, ""src"": ""inner_cv"", ""thr"": 0.057}]",83.98,bootstrap unit: molecule
T3,native,random,all,fg_fluoro,F3.lt1700,majority,auroc,0.5,0.5,0.5,0.5,,,,5141,5141,1000,20846,fixed,"[{""fold"": ""random"", ""src"": ""fixed"", ""thr"": 0.5}]",1.63,bootstrap unit: molecule
T3,native,random,all,fg_fluoro,F3.lt1700,majority,auprc,0.0177,0.014,0.0212,0.0177,,,,5141,5141,1000,20846,fixed,"[{""fold"": ""random"", ""src"": ""fixed"", ""thr"": 0.5}]",1.63,bootstrap unit: molecule
T3,native,random,all,fg_fluoro,F3.lt1700,majority,bal_acc,0.5,0.5,0.5,0.5,,,,5141,5141,1000,20846,fixed,"[{""fold"": ""random"", ""src"": ""fixed"", ""thr"": 0.5}]",1.63,bootstrap unit: molecule
T3,native,random,all,fg_fluoro,F3.lt1700,lr,auroc,0.8707,0.8253,0.9091,0.5,,,,5141,5141,1000,20846,inner_cv,"[{""fold"": ""random"", ""C"": 0.01, ""src"": ""inner_cv"", ""thr"": 0.3207}]",76.17,bootstrap unit: molecule
T3,native,random,all,fg_fluoro,F3.lt1700,lr,auprc,0.2045,0.1439,0.2984,0.0177,,,,5141,5141,1000,20846,inner_cv,"[{""fold"": ""random"", ""C"": 0.01, ""src"": ""inner_cv"", ""thr"": 0.3207}]",76.17,bootstrap unit: molecule
T3,native,random,all,fg_fluoro,F3.lt1700,lr,bal_acc,0.7816,0.74,0.8224,0.5,,,,5141,5141,1000,20846,inner_cv,"[{""fold"": ""random"", ""C"": 0.01, ""src"": ""inner_cv"", ""thr"": 0.3207}]",76.17,bootstrap unit: molecule
T3,native,random,all,fg_fluoro,F3.lt1700,hgb,auroc,0.9587,0.9428,0.9726,0.5,,,,5141,5141,1000,20846,inner_cv,"[{""fold"": ""random"", ""src"": ""inner_cv"", ""thr"": 0.0285}]",34.59,bootstrap unit: molecule
T3,native,random,all,fg_fluoro,F3.lt1700,hgb,auprc,0.4063,0.3074,0.5234,0.0177,,,,5141,5141,1000,20846,inner_cv,"[{""fold"": ""random"", ""src"": ""inner_cv"", ""thr"": 0.0285}]",34.59,bootstrap unit: molecule
T3,native,random,all,fg_fluoro,F3.lt1700,hgb,bal_acc,0.8976,0.8782,0.9131,0.5,,,,5141,5141,1000,20846,inner_cv,"[{""fold"": ""random"", ""src"": ""inner_cv"", ""thr"": 0.0285}]",34.59,bootstrap unit: molecule
T3,native,random,all,fg_fluoro,F3.lt1700,knn,auroc,0.723,0.667,0.7737,0.5,,,,5141,5141,1000,20846,inner_cv,"[{""fold"": ""random"", ""k"": 10, ""src"": ""inner_cv"", ""thr"": 0.0756}]",81.5,bootstrap unit: molecule
T3,native,random,all,fg_fluoro,F3.lt1700,knn,auprc,0.1774,0.1079,0.2606,0.0177,,,,5141,5141,1000,20846,inner_cv,"[{""fold"": ""random"", ""k"": 10, ""src"": ""inner_cv"", ""thr"": 0.0756}]",81.5,bootstrap unit: molecule
T3,native,random,all,fg_fluoro,F3.lt1700,knn,bal_acc,0.718,0.6637,0.7686,0.5,,,,5141,5141,1000,20846,inner_cv,"[{""fold"": ""random"", ""k"": 10, ""src"": ""inner_cv"", ""thr"": 0.0756}]",81.5,bootstrap unit: molecule
T3,native,random,all,fg_aromatic_ring,F1,majority,auroc,0.5,0.5,0.5,0.5,,,,5141,5141,1000,20846,fixed,"[{""fold"": ""random"", ""src"": ""fixed"", ""thr"": 0.5}]",1.55,bootstrap unit: molecule
T3,native,random,all,fg_aromatic_ring,F1,majority,auprc,0.1782,0.1673,0.1887,0.1782,,,,5141,5141,1000,20846,fixed,"[{""fold"": ""random"", ""src"": ""fixed"", ""thr"": 0.5}]",1.55,bootstrap unit: molecule
T3,native,random,all,fg_aromatic_ring,F1,majority,bal_acc,0.5,0.5,0.5,0.5,,,,5141,5141,1000,20846,fixed,"[{""fold"": ""random"", ""src"": ""fixed"", ""thr"": 0.5}]",1.55,bootstrap unit: molecule
T3,native,random,all,fg_aromatic_ring,F1,lr,auroc,0.972,0.967,0.9763,0.5,0.0099,100,0.5006,5141,5141,1000,20846,inner_cv,"[{""fold"": ""random"", ""C"": 0.01, ""src"": ""inner_cv"", ""thr"": 0.4417}]",4.48,bootstrap unit: molecule
T3,native,random,all,fg_aromatic_ring,F1,lr,auprc,0.901,0.8841,0.9169,0.1782,,,,5141,5141,1000,20846,inner_cv,"[{""fold"": ""random"", ""C"": 0.01, ""src"": ""inner_cv"", ""thr"": 0.4417}]",4.48,bootstrap unit: molecule
T3,native,random,all,fg_aromatic_ring,F1,lr,bal_acc,0.9099,0.9002,0.9193,0.5,,,,5141,5141,1000,20846,inner_cv,"[{""fold"": ""random"", ""C"": 0.01, ""src"": ""inner_cv"", ""thr"": 0.4417}]",4.48,bootstrap unit: molecule
T3,native,random,all,fg_aromatic_ring,F1,hgb,auroc,0.9796,0.9755,0.983,0.5,,,,5141,5141,1000,20846,inner_cv,"[{""fold"": ""random"", ""src"": ""inner_cv"", ""thr"": 0.485}]",5.81,bootstrap unit: molecule
T3,native,random,all,fg_aromatic_ring,F1,hgb,auprc,0.9225,0.9051,0.9371,0.1782,,,,5141,5141,1000,20846,inner_cv,"[{""fold"": ""random"", ""src"": ""inner_cv"", ""thr"": 0.485}]",5.81,bootstrap unit: molecule
T3,native,random,all,fg_aromatic_ring,F1,hgb,bal_acc,0.9235,0.9133,0.9329,0.5,,,,5141,5141,1000,20846,inner_cv,"[{""fold"": ""random"", ""src"": ""inner_cv"", ""thr"": 0.485}]",5.81,bootstrap unit: molecule
T3,native,random,all,fg_aromatic_ring,F1,knn,auroc,0.9005,0.8884,0.9117,0.5,,,,5141,5141,1000,20846,inner_cv,"[{""fold"": ""random"", ""k"": 10, ""src"": ""inner_cv"", ""thr"": 0.2145}]",35.24,bootstrap unit: molecule
T3,native,random,all,fg_aromatic_ring,F1,knn,auprc,0.745,0.7179,0.772,0.1782,,,,5141,5141,1000,20846,inner_cv,"[{""fold"": ""random"", ""k"": 10, ""src"": ""inner_cv"", ""thr"": 0.2145}]",35.24,bootstrap unit: molecule
T3,native,random,all,fg_aromatic_ring,F1,knn,bal_acc,0.8265,0.8134,0.8395,0.5,,,,5141,5141,1000,20846,inner_cv,"[{""fold"": ""random"", ""k"": 10, ""src"": ""inner_cv"", ""thr"": 0.2145}]",35.24,bootstrap unit: molecule
T3,native,random,all,fg_aromatic_ring,F1pos,majority,auroc,0.5,0.5,0.5,0.5,,,,5141,5141,1000,20846,fixed,"[{""fold"": ""random"", ""src"": ""fixed"", ""thr"": 0.5}]",1.23,bootstrap unit: molecule
T3,native,random,all,fg_aromatic_ring,F1pos,majority,auprc,0.1782,0.1673,0.1887,0.1782,,,,5141,5141,1000,20846,fixed,"[{""fold"": ""random"", ""src"": ""fixed"", ""thr"": 0.5}]",1.23,bootstrap unit: molecule
T3,native,random,all,fg_aromatic_ring,F1pos,majority,bal_acc,0.5,0.5,0.5,0.5,,,,5141,5141,1000,20846,fixed,"[{""fold"": ""random"", ""src"": ""fixed"", ""thr"": 0.5}]",1.23,bootstrap unit: molecule
T3,native,random,all,fg_aromatic_ring,F1pos,lr,auroc,0.9759,0.9709,0.9801,0.5,,,,5141,5141,1000,20846,inner_cv,"[{""fold"": ""random"", ""C"": 0.01, ""src"": ""inner_cv"", ""thr"": 0.507}]",4.43,bootstrap unit: molecule
T3,native,random,all,fg_aromatic_ring,F1pos,lr,auprc,0.9196,0.9048,0.9324,0.1782,,,,5141,5141,1000,20846,inner_cv,"[{""fold"": ""random"", ""C"": 0.01, ""src"": ""inner_cv"", ""thr"": 0.507}]",4.43,bootstrap unit: molecule
T3,native,random,all,fg_aromatic_ring,F1pos,lr,bal_acc,0.9199,0.9095,0.9297,0.5,,,,5141,5141,1000,20846,inner_cv,"[{""fold"": ""random"", ""C"": 0.01, ""src"": ""inner_cv"", ""thr"": 0.507}]",4.43,bootstrap unit: molecule
T3,native,random,all,fg_aromatic_ring,F1pos,hgb,auroc,0.9735,0.9686,0.9779,0.5,,,,5141,5141,1000,20846,inner_cv,"[{""fold"": ""random"", ""src"": ""inner_cv"", ""thr"": 0.4838}]",5.38,bootstrap unit: molecule
T3,native,random,all,fg_aromatic_ring,F1pos,hgb,auprc,0.9098,0.8924,0.925,0.1782,,,,5141,5141,1000,20846,inner_cv,"[{""fold"": ""random"", ""src"": ""inner_cv"", ""thr"": 0.4838}]",5.38,bootstrap unit: molecule
T3,native,random,all,fg_aromatic_ring,F1pos,hgb,bal_acc,0.9174,0.9069,0.9266,0.5,,,,5141,5141,1000,20846,inner_cv,"[{""fold"": ""random"", ""src"": ""inner_cv"", ""thr"": 0.4838}]",5.38,bootstrap unit: molecule
T3,native,random,all,fg_aromatic_ring,F1pos,knn,auroc,0.8823,0.8677,0.8948,0.5,,,,5141,5141,1000,20846,inner_cv,"[{""fold"": ""random"", ""k"": 10, ""src"": ""inner_cv"", ""thr"": 0.1057}]",43.35,bootstrap unit: molecule
T3,native,random,all,fg_aromatic_ring,F1pos,knn,auprc,0.7148,0.6849,0.7431,0.1782,,,,5141,5141,1000,20846,inner_cv,"[{""fold"": ""random"", ""k"": 10, ""src"": ""inner_cv"", ""thr"": 0.1057}]",43.35,bootstrap unit: molecule
T3,native,random,all,fg_aromatic_ring,F1pos,knn,bal_acc,0.8133,0.799,0.8269,0.5,,,,5141,5141,1000,20846,inner_cv,"[{""fold"": ""random"", ""k"": 10, ""src"": ""inner_cv"", ""thr"": 0.1057}]",43.35,bootstrap unit: molecule
T3,native,random,all,fg_aromatic_ring,F2,majority,auroc,0.5,0.5,0.5,0.5,,,,5141,5141,1000,20846,fixed,"[{""fold"": ""random"", ""src"": ""fixed"", ""thr"": 0.5}]",1.37,bootstrap unit: molecule
T3,native,random,all,fg_aromatic_ring,F2,majority,auprc,0.1782,0.1673,0.1887,0.1782,,,,5141,5141,1000,20846,fixed,"[{""fold"": ""random"", ""src"": ""fixed"", ""thr"": 0.5}]",1.37,bootstrap unit: molecule
T3,native,random,all,fg_aromatic_ring,F2,majority,bal_acc,0.5,0.5,0.5,0.5,,,,5141,5141,1000,20846,fixed,"[{""fold"": ""random"", ""src"": ""fixed"", ""thr"": 0.5}]",1.37,bootstrap unit: molecule
T3,native,random,all,fg_aromatic_ring,F2,lr,auroc,0.9729,0.9682,0.9769,0.5,,,,5141,5141,1000,20846,inner_cv,"[{""fold"": ""random"", ""C"": 0.01, ""src"": ""inner_cv"", ""thr"": 0.5498}]",62.09,bootstrap unit: molecule
T3,native,random,all,fg_aromatic_ring,F2,lr,auprc,0.8997,0.8822,0.9159,0.1782,,,,5141,5141,1000,20846,inner_cv,"[{""fold"": ""random"", ""C"": 0.01, ""src"": ""inner_cv"", ""thr"": 0.5498}]",62.09,bootstrap unit: molecule
T3,native,random,all,fg_aromatic_ring,F2,lr,bal_acc,0.9088,0.8973,0.9188,0.5,,,,5141,5141,1000,20846,inner_cv,"[{""fold"": ""random"", ""C"": 0.01, ""src"": ""inner_cv"", ""thr"": 0.5498}]",62.09,bootstrap unit: molecule
T3,native,random,all,fg_aromatic_ring,F2,hgb,auroc,0.9866,0.9832,0.9896,0.5,,,,5141,5141,1000,20846,inner_cv,"[{""fold"": ""random"", ""src"": ""inner_cv"", ""thr"": 0.3819}]",42.45,bootstrap unit: molecule
T3,native,random,all,fg_aromatic_ring,F2,hgb,auprc,0.9463,0.9306,0.959,0.1782,,,,5141,5141,1000,20846,inner_cv,"[{""fold"": ""random"", ""src"": ""inner_cv"", ""thr"": 0.3819}]",42.45,bootstrap unit: molecule
T3,native,random,all,fg_aromatic_ring,F2,hgb,bal_acc,0.9445,0.936,0.9532,0.5,,,,5141,5141,1000,20846,inner_cv,"[{""fold"": ""random"", ""src"": ""inner_cv"", ""thr"": 0.3819}]",42.45,bootstrap unit: molecule
T3,native,random,all,fg_aromatic_ring,F2,knn,auroc,0.943,0.9332,0.9526,0.5,,,,5141,5141,1000,20846,inner_cv,"[{""fold"": ""random"", ""k"": 10, ""src"": ""inner_cv"", ""thr"": 0.1869}]",120.28,bootstrap unit: molecule
T3,native,random,all,fg_aromatic_ring,F2,knn,auprc,0.857,0.8358,0.878,0.1782,,,,5141,5141,1000,20846,inner_cv,"[{""fold"": ""random"", ""k"": 10, ""src"": ""inner_cv"", ""thr"": 0.1869}]",120.28,bootstrap unit: molecule
T3,native,random,all,fg_aromatic_ring,F2,knn,bal_acc,0.8888,0.8762,0.9006,0.5,,,,5141,5141,1000,20846,inner_cv,"[{""fold"": ""random"", ""k"": 10, ""src"": ""inner_cv"", ""thr"": 0.1869}]",120.28,bootstrap unit: molecule
T3,native,random,all,fg_aromatic_ring,F3,majority,auroc,0.5,0.5,0.5,0.5,,,,5141,5141,1000,20846,fixed,"[{""fold"": ""random"", ""src"": ""fixed"", ""thr"": 0.5}]",1.28,bootstrap unit: molecule
T3,native,random,all,fg_aromatic_ring,F3,majority,auprc,0.1782,0.1673,0.1887,0.1782,,,,5141,5141,1000,20846,fixed,"[{""fold"": ""random"", ""src"": ""fixed"", ""thr"": 0.5}]",1.28,bootstrap unit: molecule
T3,native,random,all,fg_aromatic_ring,F3,majority,bal_acc,0.5,0.5,0.5,0.5,,,,5141,5141,1000,20846,fixed,"[{""fold"": ""random"", ""src"": ""fixed"", ""thr"": 0.5}]",1.28,bootstrap unit: molecule
T3,native,random,all,fg_aromatic_ring,F3,lr,auroc,0.9751,0.9706,0.979,0.5,,,,5141,5141,1000,20846,inner_cv,"[{""fold"": ""random"", ""C"": 0.01, ""src"": ""inner_cv"", ""thr"": 0.4661}]",60.07,bootstrap unit: molecule
T3,native,random,all,fg_aromatic_ring,F3,lr,auprc,0.9079,0.8909,0.9235,0.1782,,,,5141,5141,1000,20846,inner_cv,"[{""fold"": ""random"", ""C"": 0.01, ""src"": ""inner_cv"", ""thr"": 0.4661}]",60.07,bootstrap unit: molecule
T3,native,random,all,fg_aromatic_ring,F3,lr,bal_acc,0.9161,0.9059,0.925,0.5,,,,5141,5141,1000,20846,inner_cv,"[{""fold"": ""random"", ""C"": 0.01, ""src"": ""inner_cv"", ""thr"": 0.4661}]",60.07,bootstrap unit: molecule
T3,native,random,all,fg_aromatic_ring,F3,hgb,auroc,0.9921,0.9902,0.9938,0.5,0.0099,100,0.5011,5141,5141,1000,20846,inner_cv,"[{""fold"": ""random"", ""src"": ""inner_cv"", ""thr"": 0.285}]",35.61,bootstrap unit: molecule
T3,native,random,all,fg_aromatic_ring,F3,hgb,auprc,0.9643,0.9531,0.9734,0.1782,,,,5141,5141,1000,20846,inner_cv,"[{""fold"": ""random"", ""src"": ""inner_cv"", ""thr"": 0.285}]",35.61,bootstrap unit: molecule
T3,native,random,all,fg_aromatic_ring,F3,hgb,bal_acc,0.9541,0.947,0.9609,0.5,,,,5141,5141,1000,20846,inner_cv,"[{""fold"": ""random"", ""src"": ""inner_cv"", ""thr"": 0.285}]",35.61,bootstrap unit: molecule
T3,native,random,all,fg_aromatic_ring,F3,knn,auroc,0.9486,0.9401,0.9572,0.5,,,,5141,5141,1000,20846,inner_cv,"[{""fold"": ""random"", ""k"": 10, ""src"": ""inner_cv"", ""thr"": 0.1099}]",170.98,bootstrap unit: molecule
T3,native,random,all,fg_aromatic_ring,F3,knn,auprc,0.8739,0.855,0.8931,0.1782,,,,5141,5141,1000,20846,inner_cv,"[{""fold"": ""random"", ""k"": 10, ""src"": ""inner_cv"", ""thr"": 0.1099}]",170.98,bootstrap unit: molecule
T3,native,random,all,fg_aromatic_ring,F3,knn,bal_acc,0.9092,0.8986,0.9195,0.5,,,,5141,5141,1000,20846,inner_cv,"[{""fold"": ""random"", ""k"": 10, ""src"": ""inner_cv"", ""thr"": 0.1099}]",170.98,bootstrap unit: molecule
T3,native,random,all,fg_aromatic_ring,F1.sqrt,majority,auroc,0.5,0.5,0.5,0.5,,,,5141,5141,1000,20846,fixed,"[{""fold"": ""random"", ""src"": ""fixed"", ""thr"": 0.5}]",1.15,bootstrap unit: molecule
T3,native,random,all,fg_aromatic_ring,F1.sqrt,majority,auprc,0.1782,0.1673,0.1887,0.1782,,,,5141,5141,1000,20846,fixed,"[{""fold"": ""random"", ""src"": ""fixed"", ""thr"": 0.5}]",1.15,bootstrap unit: molecule
T3,native,random,all,fg_aromatic_ring,F1.sqrt,majority,bal_acc,0.5,0.5,0.5,0.5,,,,5141,5141,1000,20846,fixed,"[{""fold"": ""random"", ""src"": ""fixed"", ""thr"": 0.5}]",1.15,bootstrap unit: molecule
T3,native,random,all,fg_aromatic_ring,F1.sqrt,lr,auroc,0.9783,0.974,0.9821,0.5,,,,5141,5141,1000,20846,inner_cv,"[{""fold"": ""random"", ""C"": 0.01, ""src"": ""inner_cv"", ""thr"": 0.5137}]",3.31,bootstrap unit: molecule
T3,native,random,all,fg_aromatic_ring,F1.sqrt,lr,auprc,0.9226,0.907,0.9355,0.1782,,,,5141,5141,1000,20846,inner_cv,"[{""fold"": ""random"", ""C"": 0.01, ""src"": ""inner_cv"", ""thr"": 0.5137}]",3.31,bootstrap unit: molecule
T3,native,random,all,fg_aromatic_ring,F1.sqrt,lr,bal_acc,0.9187,0.9081,0.9287,0.5,,,,5141,5141,1000,20846,inner_cv,"[{""fold"": ""random"", ""C"": 0.01, ""src"": ""inner_cv"", ""thr"": 0.5137}]",3.31,bootstrap unit: molecule
T3,native,random,all,fg_aromatic_ring,F1.sqrt,hgb,auroc,0.9796,0.9755,0.983,0.5,,,,5141,5141,1000,20846,inner_cv,"[{""fold"": ""random"", ""src"": ""inner_cv"", ""thr"": 0.485}]",6.23,bootstrap unit: molecule
T3,native,random,all,fg_aromatic_ring,F1.sqrt,hgb,auprc,0.9225,0.9051,0.9371,0.1782,,,,5141,5141,1000,20846,inner_cv,"[{""fold"": ""random"", ""src"": ""inner_cv"", ""thr"": 0.485}]",6.23,bootstrap unit: molecule
T3,native,random,all,fg_aromatic_ring,F1.sqrt,hgb,bal_acc,0.9235,0.9133,0.9329,0.5,,,,5141,5141,1000,20846,inner_cv,"[{""fold"": ""random"", ""src"": ""inner_cv"", ""thr"": 0.485}]",6.23,bootstrap unit: molecule
T3,native,random,all,fg_aromatic_ring,F1.sqrt,knn,auroc,0.9467,0.9374,0.9553,0.5,,,,5141,5141,1000,20846,inner_cv,"[{""fold"": ""random"", ""k"": 10, ""src"": ""inner_cv"", ""thr"": 0.207}]",60.2,bootstrap unit: molecule
T3,native,random,all,fg_aromatic_ring,F1.sqrt,knn,auprc,0.8535,0.8322,0.8748,0.1782,,,,5141,5141,1000,20846,inner_cv,"[{""fold"": ""random"", ""k"": 10, ""src"": ""inner_cv"", ""thr"": 0.207}]",60.2,bootstrap unit: molecule
T3,native,random,all,fg_aromatic_ring,F1.sqrt,knn,bal_acc,0.8828,0.8708,0.8952,0.5,,,,5141,5141,1000,20846,inner_cv,"[{""fold"": ""random"", ""k"": 10, ""src"": ""inner_cv"", ""thr"": 0.207}]",60.2,bootstrap unit: molecule
T3,native,random,all,fg_aromatic_ring,F2.lt1700,majority,auroc,0.5,0.5,0.5,0.5,,,,5141,5141,1000,20846,fixed,"[{""fold"": ""random"", ""src"": ""fixed"", ""thr"": 0.5}]",1.43,bootstrap unit: molecule
T3,native,random,all,fg_aromatic_ring,F2.lt1700,majority,auprc,0.1782,0.1673,0.1887,0.1782,,,,5141,5141,1000,20846,fixed,"[{""fold"": ""random"", ""src"": ""fixed"", ""thr"": 0.5}]",1.43,bootstrap unit: molecule
T3,native,random,all,fg_aromatic_ring,F2.lt1700,majority,bal_acc,0.5,0.5,0.5,0.5,,,,5141,5141,1000,20846,fixed,"[{""fold"": ""random"", ""src"": ""fixed"", ""thr"": 0.5}]",1.43,bootstrap unit: molecule
T3,native,random,all,fg_aromatic_ring,F2.lt1700,lr,auroc,0.9711,0.9663,0.9754,0.5,,,,5141,5141,1000,20846,inner_cv,"[{""fold"": ""random"", ""C"": 0.01, ""src"": ""inner_cv"", ""thr"": 0.5226}]",65.67,bootstrap unit: molecule
T3,native,random,all,fg_aromatic_ring,F2.lt1700,lr,auprc,0.896,0.8785,0.9117,0.1782,,,,5141,5141,1000,20846,inner_cv,"[{""fold"": ""random"", ""C"": 0.01, ""src"": ""inner_cv"", ""thr"": 0.5226}]",65.67,bootstrap unit: molecule
T3,native,random,all,fg_aromatic_ring,F2.lt1700,lr,bal_acc,0.9077,0.8971,0.9185,0.5,,,,5141,5141,1000,20846,inner_cv,"[{""fold"": ""random"", ""C"": 0.01, ""src"": ""inner_cv"", ""thr"": 0.5226}]",65.67,bootstrap unit: molecule
T3,native,random,all,fg_aromatic_ring,F2.lt1700,hgb,auroc,0.9859,0.9826,0.989,0.5,,,,5141,5141,1000,20846,inner_cv,"[{""fold"": ""random"", ""src"": ""inner_cv"", ""thr"": 0.3361}]",39.52,bootstrap unit: molecule
T3,native,random,all,fg_aromatic_ring,F2.lt1700,hgb,auprc,0.9458,0.931,0.9572,0.1782,,,,5141,5141,1000,20846,inner_cv,"[{""fold"": ""random"", ""src"": ""inner_cv"", ""thr"": 0.3361}]",39.52,bootstrap unit: molecule
T3,native,random,all,fg_aromatic_ring,F2.lt1700,hgb,bal_acc,0.9412,0.9335,0.9499,0.5,,,,5141,5141,1000,20846,inner_cv,"[{""fold"": ""random"", ""src"": ""inner_cv"", ""thr"": 0.3361}]",39.52,bootstrap unit: molecule
T3,native,random,all,fg_aromatic_ring,F2.lt1700,knn,auroc,0.9408,0.93,0.9508,0.5,,,,5141,5141,1000,20846,inner_cv,"[{""fold"": ""random"", ""k"": 10, ""src"": ""inner_cv"", ""thr"": 0.1116}]",190.58,bootstrap unit: molecule
T3,native,random,all,fg_aromatic_ring,F2.lt1700,knn,auprc,0.8537,0.8318,0.8765,0.1782,,,,5141,5141,1000,20846,inner_cv,"[{""fold"": ""random"", ""k"": 10, ""src"": ""inner_cv"", ""thr"": 0.1116}]",190.58,bootstrap unit: molecule
T3,native,random,all,fg_aromatic_ring,F2.lt1700,knn,bal_acc,0.8917,0.8803,0.9038,0.5,,,,5141,5141,1000,20846,inner_cv,"[{""fold"": ""random"", ""k"": 10, ""src"": ""inner_cv"", ""thr"": 0.1116}]",190.58,bootstrap unit: molecule
T3,native,random,all,fg_aromatic_ring,F3.lt1700,majority,auroc,0.5,0.5,0.5,0.5,,,,5141,5141,1000,20846,fixed,"[{""fold"": ""random"", ""src"": ""fixed"", ""thr"": 0.5}]",1.84,bootstrap unit: molecule
T3,native,random,all,fg_aromatic_ring,F3.lt1700,majority,auprc,0.1782,0.1673,0.1887,0.1782,,,,5141,5141,1000,20846,fixed,"[{""fold"": ""random"", ""src"": ""fixed"", ""thr"": 0.5}]",1.84,bootstrap unit: molecule
T3,native,random,all,fg_aromatic_ring,F3.lt1700,majority,bal_acc,0.5,0.5,0.5,0.5,,,,5141,5141,1000,20846,fixed,"[{""fold"": ""random"", ""src"": ""fixed"", ""thr"": 0.5}]",1.84,bootstrap unit: molecule
T3,native,random,all,fg_aromatic_ring,F3.lt1700,lr,auroc,0.9735,0.9687,0.9777,0.5,,,,5141,5141,1000,20846,inner_cv,"[{""fold"": ""random"", ""C"": 0.01, ""src"": ""inner_cv"", ""thr"": 0.4675}]",64.02,bootstrap unit: molecule
T3,native,random,all,fg_aromatic_ring,F3.lt1700,lr,auprc,0.9043,0.8881,0.9203,0.1782,,,,5141,5141,1000,20846,inner_cv,"[{""fold"": ""random"", ""C"": 0.01, ""src"": ""inner_cv"", ""thr"": 0.4675}]",64.02,bootstrap unit: molecule
T3,native,random,all,fg_aromatic_ring,F3.lt1700,lr,bal_acc,0.9147,0.9041,0.9241,0.5,,,,5141,5141,1000,20846,inner_cv,"[{""fold"": ""random"", ""C"": 0.01, ""src"": ""inner_cv"", ""thr"": 0.4675}]",64.02,bootstrap unit: molecule
T3,native,random,all,fg_aromatic_ring,F3.lt1700,hgb,auroc,0.9914,0.9893,0.9933,0.5,,,,5141,5141,1000,20846,inner_cv,"[{""fold"": ""random"", ""src"": ""inner_cv"", ""thr"": 0.3794}]",34.13,bootstrap unit: molecule
T3,native,random,all,fg_aromatic_ring,F3.lt1700,hgb,auprc,0.9632,0.9524,0.9721,0.1782,,,,5141,5141,1000,20846,inner_cv,"[{""fold"": ""random"", ""src"": ""inner_cv"", ""thr"": 0.3794}]",34.13,bootstrap unit: molecule
T3,native,random,all,fg_aromatic_ring,F3.lt1700,hgb,bal_acc,0.9546,0.9473,0.9617,0.5,,,,5141,5141,1000,20846,inner_cv,"[{""fold"": ""random"", ""src"": ""inner_cv"", ""thr"": 0.3794}]",34.13,bootstrap unit: molecule
T3,native,random,all,fg_aromatic_ring,F3.lt1700,knn,auroc,0.946,0.9364,0.9553,0.5,,,,5141,5141,1000,20846,inner_cv,"[{""fold"": ""random"", ""k"": 10, ""src"": ""inner_cv"", ""thr"": 0.1847}]",215.35,bootstrap unit: molecule
T3,native,random,all,fg_aromatic_ring,F3.lt1700,knn,auprc,0.8681,0.8473,0.8871,0.1782,,,,5141,5141,1000,20846,inner_cv,"[{""fold"": ""random"", ""k"": 10, ""src"": ""inner_cv"", ""thr"": 0.1847}]",215.35,bootstrap unit: molecule
T3,native,random,all,fg_aromatic_ring,F3.lt1700,knn,bal_acc,0.8964,0.885,0.9079,0.5,,,,5141,5141,1000,20846,inner_cv,"[{""fold"": ""random"", ""k"": 10, ""src"": ""inner_cv"", ""thr"": 0.1847}]",215.35,bootstrap unit: molecule
T3,native,random,all,fg_pyrrole_ring,F1,majority,auroc,0.5,0.5,0.5,0.5,,,,5141,5141,1000,20846,fixed,"[{""fold"": ""random"", ""src"": ""fixed"", ""thr"": 0.5}]",1.35,bootstrap unit: molecule
T3,native,random,all,fg_pyrrole_ring,F1,majority,auprc,0.0187,0.015,0.0224,0.0187,,,,5141,5141,1000,20846,fixed,"[{""fold"": ""random"", ""src"": ""fixed"", ""thr"": 0.5}]",1.35,bootstrap unit: molecule
T3,native,random,all,fg_pyrrole_ring,F1,majority,bal_acc,0.5,0.5,0.5,0.5,,,,5141,5141,1000,20846,fixed,"[{""fold"": ""random"", ""src"": ""fixed"", ""thr"": 0.5}]",1.35,bootstrap unit: molecule
T3,native,random,all,fg_pyrrole_ring,F1,lr,auroc,0.9518,0.9323,0.9658,0.5,0.0099,100,0.5006,5141,5141,1000,20846,inner_cv,"[{""fold"": ""random"", ""C"": 0.01, ""src"": ""inner_cv"", ""thr"": 0.3482}]",3.03,bootstrap unit: molecule
T3,native,random,all,fg_pyrrole_ring,F1,lr,auprc,0.2907,0.2187,0.3879,0.0187,,,,5141,5141,1000,20846,inner_cv,"[{""fold"": ""random"", ""C"": 0.01, ""src"": ""inner_cv"", ""thr"": 0.3482}]",3.03,bootstrap unit: molecule
T3,native,random,all,fg_pyrrole_ring,F1,lr,bal_acc,0.8938,0.865,0.9188,0.5,,,,5141,5141,1000,20846,inner_cv,"[{""fold"": ""random"", ""C"": 0.01, ""src"": ""inner_cv"", ""thr"": 0.3482}]",3.03,bootstrap unit: molecule
T3,native,random,all,fg_pyrrole_ring,F1,hgb,auroc,0.9642,0.953,0.9741,0.5,,,,5141,5141,1000,20846,inner_cv,"[{""fold"": ""random"", ""src"": ""inner_cv"", ""thr"": 0.0965}]",5.21,bootstrap unit: molecule
T3,native,random,all,fg_pyrrole_ring,F1,hgb,auprc,0.3451,0.2674,0.4412,0.0187,,,,5141,5141,1000,20846,inner_cv,"[{""fold"": ""random"", ""src"": ""inner_cv"", ""thr"": 0.0965}]",5.21,bootstrap unit: molecule
T3,native,random,all,fg_pyrrole_ring,F1,hgb,bal_acc,0.9016,0.8798,0.9164,0.5,,,,5141,5141,1000,20846,inner_cv,"[{""fold"": ""random"", ""src"": ""inner_cv"", ""thr"": 0.0965}]",5.21,bootstrap unit: molecule
T3,native,random,all,fg_pyrrole_ring,F1,knn,auroc,0.763,0.7071,0.8162,0.5,,,,5141,5141,1000,20846,inner_cv,"[{""fold"": ""random"", ""k"": 10, ""src"": ""inner_cv"", ""thr"": 0.0764}]",80.87,bootstrap unit: molecule
T3,native,random,all,fg_pyrrole_ring,F1,knn,auprc,0.166,0.1036,0.2445,0.0187,,,,5141,5141,1000,20846,inner_cv,"[{""fold"": ""random"", ""k"": 10, ""src"": ""inner_cv"", ""thr"": 0.0764}]",80.87,bootstrap unit: molecule
T3,native,random,all,fg_pyrrole_ring,F1,knn,bal_acc,0.7351,0.6827,0.7852,0.5,,,,5141,5141,1000,20846,inner_cv,"[{""fold"": ""random"", ""k"": 10, ""src"": ""inner_cv"", ""thr"": 0.0764}]",80.87,bootstrap unit: molecule
T3,native,random,all,fg_pyrrole_ring,F1pos,majority,auroc,0.5,0.5,0.5,0.5,,,,5141,5141,1000,20846,fixed,"[{""fold"": ""random"", ""src"": ""fixed"", ""thr"": 0.5}]",1.83,bootstrap unit: molecule
T3,native,random,all,fg_pyrrole_ring,F1pos,majority,auprc,0.0187,0.015,0.0224,0.0187,,,,5141,5141,1000,20846,fixed,"[{""fold"": ""random"", ""src"": ""fixed"", ""thr"": 0.5}]",1.83,bootstrap unit: molecule
T3,native,random,all,fg_pyrrole_ring,F1pos,majority,bal_acc,0.5,0.5,0.5,0.5,,,,5141,5141,1000,20846,fixed,"[{""fold"": ""random"", ""src"": ""fixed"", ""thr"": 0.5}]",1.83,bootstrap unit: molecule
T3,native,random,all,fg_pyrrole_ring,F1pos,lr,auroc,0.9411,0.919,0.9582,0.5,,,,5141,5141,1000,20846,inner_cv,"[{""fold"": ""random"", ""C"": 0.01, ""src"": ""inner_cv"", ""thr"": 0.3229}]",5.72,bootstrap unit: molecule
T3,native,random,all,fg_pyrrole_ring,F1pos,lr,auprc,0.273,0.1987,0.3716,0.0187,,,,5141,5141,1000,20846,inner_cv,"[{""fold"": ""random"", ""C"": 0.01, ""src"": ""inner_cv"", ""thr"": 0.3229}]",5.72,bootstrap unit: molecule
T3,native,random,all,fg_pyrrole_ring,F1pos,lr,bal_acc,0.8668,0.8366,0.8954,0.5,,,,5141,5141,1000,20846,inner_cv,"[{""fold"": ""random"", ""C"": 0.01, ""src"": ""inner_cv"", ""thr"": 0.3229}]",5.72,bootstrap unit: molecule
T3,native,random,all,fg_pyrrole_ring,F1pos,hgb,auroc,0.9441,0.9226,0.9605,0.5,,,,5141,5141,1000,20846,inner_cv,"[{""fold"": ""random"", ""src"": ""inner_cv"", ""thr"": 0.2143}]",6.14,bootstrap unit: molecule
T3,native,random,all,fg_pyrrole_ring,F1pos,hgb,auprc,0.3104,0.2277,0.4021,0.0187,,,,5141,5141,1000,20846,inner_cv,"[{""fold"": ""random"", ""src"": ""inner_cv"", ""thr"": 0.2143}]",6.14,bootstrap unit: molecule
T3,native,random,all,fg_pyrrole_ring,F1pos,hgb,bal_acc,0.8851,0.8582,0.907,0.5,,,,5141,5141,1000,20846,inner_cv,"[{""fold"": ""random"", ""src"": ""inner_cv"", ""thr"": 0.2143}]",6.14,bootstrap unit: molecule
T3,native,random,all,fg_pyrrole_ring,F1pos,knn,auroc,0.6737,0.6258,0.7241,0.5,,,,5141,5141,1000,20846,inner_cv,"[{""fold"": ""random"", ""k"": 10, ""src"": ""inner_cv"", ""thr"": 0.0945}]",75.66,bootstrap unit: molecule
T3,native,random,all,fg_pyrrole_ring,F1pos,knn,auprc,0.1175,0.0699,0.1996,0.0187,,,,5141,5141,1000,20846,inner_cv,"[{""fold"": ""random"", ""k"": 10, ""src"": ""inner_cv"", ""thr"": 0.0945}]",75.66,bootstrap unit: molecule
T3,native,random,all,fg_pyrrole_ring,F1pos,knn,bal_acc,0.67,0.6238,0.7191,0.5,,,,5141,5141,1000,20846,inner_cv,"[{""fold"": ""random"", ""k"": 10, ""src"": ""inner_cv"", ""thr"": 0.0945}]",75.66,bootstrap unit: molecule
T3,native,random,all,fg_pyrrole_ring,F2,majority,auroc,0.5,0.5,0.5,0.5,,,,5141,5141,1000,20846,fixed,"[{""fold"": ""random"", ""src"": ""fixed"", ""thr"": 0.5}]",2.02,bootstrap unit: molecule
T3,native,random,all,fg_pyrrole_ring,F2,majority,auprc,0.0187,0.015,0.0224,0.0187,,,,5141,5141,1000,20846,fixed,"[{""fold"": ""random"", ""src"": ""fixed"", ""thr"": 0.5}]",2.02,bootstrap unit: molecule
T3,native,random,all,fg_pyrrole_ring,F2,majority,bal_acc,0.5,0.5,0.5,0.5,,,,5141,5141,1000,20846,fixed,"[{""fold"": ""random"", ""src"": ""fixed"", ""thr"": 0.5}]",2.02,bootstrap unit: molecule
T3,native,random,all,fg_pyrrole_ring,F2,lr,auroc,0.942,0.921,0.9597,0.5,,,,5141,5141,1000,20846,inner_cv,"[{""fold"": ""random"", ""C"": 0.01, ""src"": ""inner_cv"", ""thr"": 0.2966}]",76.0,bootstrap unit: molecule
T3,native,random,all,fg_pyrrole_ring,F2,lr,auprc,0.3016,0.2241,0.4013,0.0187,,,,5141,5141,1000,20846,inner_cv,"[{""fold"": ""random"", ""C"": 0.01, ""src"": ""inner_cv"", ""thr"": 0.2966}]",76.0,bootstrap unit: molecule
T3,native,random,all,fg_pyrrole_ring,F2,lr,bal_acc,0.8671,0.8289,0.901,0.5,,,,5141,5141,1000,20846,inner_cv,"[{""fold"": ""random"", ""C"": 0.01, ""src"": ""inner_cv"", ""thr"": 0.2966}]",76.0,bootstrap unit: molecule
T3,native,random,all,fg_pyrrole_ring,F2,hgb,auroc,0.9706,0.9559,0.9824,0.5,,,,5141,5141,1000,20846,inner_cv,"[{""fold"": ""random"", ""src"": ""inner_cv"", ""thr"": 0.0213}]",38.96,bootstrap unit: molecule
T3,native,random,all,fg_pyrrole_ring,F2,hgb,auprc,0.4743,0.3711,0.5806,0.0187,,,,5141,5141,1000,20846,inner_cv,"[{""fold"": ""random"", ""src"": ""inner_cv"", ""thr"": 0.0213}]",38.96,bootstrap unit: molecule
T3,native,random,all,fg_pyrrole_ring,F2,hgb,bal_acc,0.9093,0.888,0.9254,0.5,,,,5141,5141,1000,20846,inner_cv,"[{""fold"": ""random"", ""src"": ""inner_cv"", ""thr"": 0.0213}]",38.96,bootstrap unit: molecule
T3,native,random,all,fg_pyrrole_ring,F2,knn,auroc,0.8619,0.8182,0.9059,0.5,,,,5141,5141,1000,20846,inner_cv,"[{""fold"": ""random"", ""k"": 10, ""src"": ""inner_cv"", ""thr"": 0.0818}]",202.38,bootstrap unit: molecule
T3,native,random,all,fg_pyrrole_ring,F2,knn,auprc,0.3033,0.2188,0.3943,0.0187,,,,5141,5141,1000,20846,inner_cv,"[{""fold"": ""random"", ""k"": 10, ""src"": ""inner_cv"", ""thr"": 0.0818}]",202.38,bootstrap unit: molecule
T3,native,random,all,fg_pyrrole_ring,F2,knn,bal_acc,0.836,0.7924,0.8805,0.5,,,,5141,5141,1000,20846,inner_cv,"[{""fold"": ""random"", ""k"": 10, ""src"": ""inner_cv"", ""thr"": 0.0818}]",202.38,bootstrap unit: molecule
T3,native,random,all,fg_pyrrole_ring,F3,majority,auroc,0.5,0.5,0.5,0.5,,,,5141,5141,1000,20846,fixed,"[{""fold"": ""random"", ""src"": ""fixed"", ""thr"": 0.5}]",2.16,bootstrap unit: molecule
T3,native,random,all,fg_pyrrole_ring,F3,majority,auprc,0.0187,0.015,0.0224,0.0187,,,,5141,5141,1000,20846,fixed,"[{""fold"": ""random"", ""src"": ""fixed"", ""thr"": 0.5}]",2.16,bootstrap unit: molecule
T3,native,random,all,fg_pyrrole_ring,F3,majority,bal_acc,0.5,0.5,0.5,0.5,,,,5141,5141,1000,20846,fixed,"[{""fold"": ""random"", ""src"": ""fixed"", ""thr"": 0.5}]",2.16,bootstrap unit: molecule
T3,native,random,all,fg_pyrrole_ring,F3,lr,auroc,0.9479,0.928,0.9648,0.5,,,,5141,5141,1000,20846,inner_cv,"[{""fold"": ""random"", ""C"": 0.01, ""src"": ""inner_cv"", ""thr"": 0.3006}]",93.99,bootstrap unit: molecule
T3,native,random,all,fg_pyrrole_ring,F3,lr,auprc,0.3084,0.2293,0.4143,0.0187,,,,5141,5141,1000,20846,inner_cv,"[{""fold"": ""random"", ""C"": 0.01, ""src"": ""inner_cv"", ""thr"": 0.3006}]",93.99,bootstrap unit: molecule
T3,native,random,all,fg_pyrrole_ring,F3,lr,bal_acc,0.8938,0.8617,0.922,0.5,,,,5141,5141,1000,20846,inner_cv,"[{""fold"": ""random"", ""C"": 0.01, ""src"": ""inner_cv"", ""thr"": 0.3006}]",93.99,bootstrap unit: molecule
T3,native,random,all,fg_pyrrole_ring,F3,hgb,auroc,0.9793,0.9727,0.9856,0.5,0.0099,100,0.5051,5141,5141,1000,20846,inner_cv,"[{""fold"": ""random"", ""src"": ""inner_cv"", ""thr"": 0.0234}]",49.71,bootstrap unit: molecule
T3,native,random,all,fg_pyrrole_ring,F3,hgb,auprc,0.5644,0.4625,0.665,0.0187,,,,5141,5141,1000,20846,inner_cv,"[{""fold"": ""random"", ""src"": ""inner_cv"", ""thr"": 0.0234}]",49.71,bootstrap unit: molecule
T3,native,random,all,fg_pyrrole_ring,F3,hgb,bal_acc,0.9283,0.9062,0.9465,0.5,,,,5141,5141,1000,20846,inner_cv,"[{""fold"": ""random"", ""src"": ""inner_cv"", ""thr"": 0.0234}]",49.71,bootstrap unit: molecule
T3,native,random,all,fg_pyrrole_ring,F3,knn,auroc,0.8695,0.8264,0.9127,0.5,,,,5141,5141,1000,20846,inner_cv,"[{""fold"": ""random"", ""k"": 10, ""src"": ""inner_cv"", ""thr"": 0.081}]",199.05,bootstrap unit: molecule
T3,native,random,all,fg_pyrrole_ring,F3,knn,auprc,0.2882,0.2097,0.3863,0.0187,,,,5141,5141,1000,20846,inner_cv,"[{""fold"": ""random"", ""k"": 10, ""src"": ""inner_cv"", ""thr"": 0.081}]",199.05,bootstrap unit: molecule
T3,native,random,all,fg_pyrrole_ring,F3,knn,bal_acc,0.8526,0.8105,0.893,0.5,,,,5141,5141,1000,20846,inner_cv,"[{""fold"": ""random"", ""k"": 10, ""src"": ""inner_cv"", ""thr"": 0.081}]",199.05,bootstrap unit: molecule
T3,native,random,all,fg_pyrrole_ring,F1.sqrt,majority,auroc,0.5,0.5,0.5,0.5,,,,5141,5141,1000,20846,fixed,"[{""fold"": ""random"", ""src"": ""fixed"", ""thr"": 0.5}]",1.34,bootstrap unit: molecule
T3,native,random,all,fg_pyrrole_ring,F1.sqrt,majority,auprc,0.0187,0.015,0.0224,0.0187,,,,5141,5141,1000,20846,fixed,"[{""fold"": ""random"", ""src"": ""fixed"", ""thr"": 0.5}]",1.34,bootstrap unit: molecule
T3,native,random,all,fg_pyrrole_ring,F1.sqrt,majority,bal_acc,0.5,0.5,0.5,0.5,,,,5141,5141,1000,20846,fixed,"[{""fold"": ""random"", ""src"": ""fixed"", ""thr"": 0.5}]",1.34,bootstrap unit: molecule
T3,native,random,all,fg_pyrrole_ring,F1.sqrt,lr,auroc,0.951,0.9317,0.9655,0.5,,,,5141,5141,1000,20846,inner_cv,"[{""fold"": ""random"", ""C"": 0.01, ""src"": ""inner_cv"", ""thr"": 0.3068}]",3.17,bootstrap unit: molecule
T3,native,random,all,fg_pyrrole_ring,F1.sqrt,lr,auprc,0.2933,0.2165,0.3872,0.0187,,,,5141,5141,1000,20846,inner_cv,"[{""fold"": ""random"", ""C"": 0.01, ""src"": ""inner_cv"", ""thr"": 0.3068}]",3.17,bootstrap unit: molecule
T3,native,random,all,fg_pyrrole_ring,F1.sqrt,lr,bal_acc,0.8883,0.86,0.9121,0.5,,,,5141,5141,1000,20846,inner_cv,"[{""fold"": ""random"", ""C"": 0.01, ""src"": ""inner_cv"", ""thr"": 0.3068}]",3.17,bootstrap unit: molecule
T3,native,random,all,fg_pyrrole_ring,F1.sqrt,hgb,auroc,0.9642,0.953,0.9741,0.5,,,,5141,5141,1000,20846,inner_cv,"[{""fold"": ""random"", ""src"": ""inner_cv"", ""thr"": 0.0965}]",5.33,bootstrap unit: molecule
T3,native,random,all,fg_pyrrole_ring,F1.sqrt,hgb,auprc,0.3451,0.2674,0.4412,0.0187,,,,5141,5141,1000,20846,inner_cv,"[{""fold"": ""random"", ""src"": ""inner_cv"", ""thr"": 0.0965}]",5.33,bootstrap unit: molecule
T3,native,random,all,fg_pyrrole_ring,F1.sqrt,hgb,bal_acc,0.9016,0.8798,0.9164,0.5,,,,5141,5141,1000,20846,inner_cv,"[{""fold"": ""random"", ""src"": ""inner_cv"", ""thr"": 0.0965}]",5.33,bootstrap unit: molecule
T3,native,random,all,fg_pyrrole_ring,F1.sqrt,knn,auroc,0.8229,0.7739,0.8674,0.5,,,,5141,5141,1000,20846,inner_cv,"[{""fold"": ""random"", ""k"": 10, ""src"": ""inner_cv"", ""thr"": 0.086}]",84.76,bootstrap unit: molecule
T3,native,random,all,fg_pyrrole_ring,F1.sqrt,knn,auprc,0.2293,0.1563,0.3196,0.0187,,,,5141,5141,1000,20846,inner_cv,"[{""fold"": ""random"", ""k"": 10, ""src"": ""inner_cv"", ""thr"": 0.086}]",84.76,bootstrap unit: molecule
T3,native,random,all,fg_pyrrole_ring,F1.sqrt,knn,bal_acc,0.8035,0.7577,0.8463,0.5,,,,5141,5141,1000,20846,inner_cv,"[{""fold"": ""random"", ""k"": 10, ""src"": ""inner_cv"", ""thr"": 0.086}]",84.76,bootstrap unit: molecule
T3,native,random,all,fg_pyrrole_ring,F2.lt1700,majority,auroc,0.5,0.5,0.5,0.5,,,,5141,5141,1000,20846,fixed,"[{""fold"": ""random"", ""src"": ""fixed"", ""thr"": 0.5}]",3.46,bootstrap unit: molecule
T3,native,random,all,fg_pyrrole_ring,F2.lt1700,majority,auprc,0.0187,0.015,0.0224,0.0187,,,,5141,5141,1000,20846,fixed,"[{""fold"": ""random"", ""src"": ""fixed"", ""thr"": 0.5}]",3.46,bootstrap unit: molecule
T3,native,random,all,fg_pyrrole_ring,F2.lt1700,majority,bal_acc,0.5,0.5,0.5,0.5,,,,5141,5141,1000,20846,fixed,"[{""fold"": ""random"", ""src"": ""fixed"", ""thr"": 0.5}]",3.46,bootstrap unit: molecule
T3,native,random,all,fg_pyrrole_ring,F2.lt1700,lr,auroc,0.9395,0.9185,0.9574,0.5,,,,5141,5141,1000,20846,inner_cv,"[{""fold"": ""random"", ""C"": 0.01, ""src"": ""inner_cv"", ""thr"": 0.214}]",61.43,bootstrap unit: molecule
T3,native,random,all,fg_pyrrole_ring,F2.lt1700,lr,auprc,0.2891,0.2129,0.3929,0.0187,,,,5141,5141,1000,20846,inner_cv,"[{""fold"": ""random"", ""C"": 0.01, ""src"": ""inner_cv"", ""thr"": 0.214}]",61.43,bootstrap unit: molecule
T3,native,random,all,fg_pyrrole_ring,F2.lt1700,lr,bal_acc,0.875,0.8445,0.902,0.5,,,,5141,5141,1000,20846,inner_cv,"[{""fold"": ""random"", ""C"": 0.01, ""src"": ""inner_cv"", ""thr"": 0.214}]",61.43,bootstrap unit: molecule
T3,native,random,all,fg_pyrrole_ring,F2.lt1700,hgb,auroc,0.9698,0.9556,0.9813,0.5,,,,5141,5141,1000,20846,inner_cv,"[{""fold"": ""random"", ""src"": ""inner_cv"", ""thr"": 0.0276}]",40.3,bootstrap unit: molecule
T3,native,random,all,fg_pyrrole_ring,F2.lt1700,hgb,auprc,0.479,0.3753,0.5869,0.0187,,,,5141,5141,1000,20846,inner_cv,"[{""fold"": ""random"", ""src"": ""inner_cv"", ""thr"": 0.0276}]",40.3,bootstrap unit: molecule
T3,native,random,all,fg_pyrrole_ring,F2.lt1700,hgb,bal_acc,0.9057,0.8811,0.9263,0.5,,,,5141,5141,1000,20846,inner_cv,"[{""fold"": ""random"", ""src"": ""inner_cv"", ""thr"": 0.0276}]",40.3,bootstrap unit: molecule
T3,native,random,all,fg_pyrrole_ring,F2.lt1700,knn,auroc,0.857,0.8117,0.9031,0.5,,,,5141,5141,1000,20846,inner_cv,"[{""fold"": ""random"", ""k"": 10, ""src"": ""inner_cv"", ""thr"": 0.0823}]",213.71,bootstrap unit: molecule
T3,native,random,all,fg_pyrrole_ring,F2.lt1700,knn,auprc,0.2992,0.216,0.3933,0.0187,,,,5141,5141,1000,20846,inner_cv,"[{""fold"": ""random"", ""k"": 10, ""src"": ""inner_cv"", ""thr"": 0.0823}]",213.71,bootstrap unit: molecule
T3,native,random,all,fg_pyrrole_ring,F2.lt1700,knn,bal_acc,0.8308,0.7852,0.8757,0.5,,,,5141,5141,1000,20846,inner_cv,"[{""fold"": ""random"", ""k"": 10, ""src"": ""inner_cv"", ""thr"": 0.0823}]",213.71,bootstrap unit: molecule
T3,native,random,all,fg_pyrrole_ring,F3.lt1700,majority,auroc,0.5,0.5,0.5,0.5,,,,5141,5141,1000,20846,fixed,"[{""fold"": ""random"", ""src"": ""fixed"", ""thr"": 0.5}]",4.15,bootstrap unit: molecule
T3,native,random,all,fg_pyrrole_ring,F3.lt1700,majority,auprc,0.0187,0.015,0.0224,0.0187,,,,5141,5141,1000,20846,fixed,"[{""fold"": ""random"", ""src"": ""fixed"", ""thr"": 0.5}]",4.15,bootstrap unit: molecule
T3,native,random,all,fg_pyrrole_ring,F3.lt1700,majority,bal_acc,0.5,0.5,0.5,0.5,,,,5141,5141,1000,20846,fixed,"[{""fold"": ""random"", ""src"": ""fixed"", ""thr"": 0.5}]",4.15,bootstrap unit: molecule
T3,native,random,all,fg_pyrrole_ring,F3.lt1700,lr,auroc,0.9457,0.9256,0.9627,0.5,,,,5141,5141,1000,20846,inner_cv,"[{""fold"": ""random"", ""C"": 0.01, ""src"": ""inner_cv"", ""thr"": 0.3654}]",100.33,bootstrap unit: molecule
T3,native,random,all,fg_pyrrole_ring,F3.lt1700,lr,auprc,0.3023,0.2226,0.4096,0.0187,,,,5141,5141,1000,20846,inner_cv,"[{""fold"": ""random"", ""C"": 0.01, ""src"": ""inner_cv"", ""thr"": 0.3654}]",100.33,bootstrap unit: molecule
T3,native,random,all,fg_pyrrole_ring,F3.lt1700,lr,bal_acc,0.8824,0.8466,0.9158,0.5,,,,5141,5141,1000,20846,inner_cv,"[{""fold"": ""random"", ""C"": 0.01, ""src"": ""inner_cv"", ""thr"": 0.3654}]",100.33,bootstrap unit: molecule
T3,native,random,all,fg_pyrrole_ring,F3.lt1700,hgb,auroc,0.9767,0.9662,0.9853,0.5,,,,5141,5141,1000,20846,inner_cv,"[{""fold"": ""random"", ""src"": ""inner_cv"", ""thr"": 0.0424}]",38.52,bootstrap unit: molecule
T3,native,random,all,fg_pyrrole_ring,F3.lt1700,hgb,auprc,0.5407,0.432,0.6513,0.0187,,,,5141,5141,1000,20846,inner_cv,"[{""fold"": ""random"", ""src"": ""inner_cv"", ""thr"": 0.0424}]",38.52,bootstrap unit: molecule
T3,native,random,all,fg_pyrrole_ring,F3.lt1700,hgb,bal_acc,0.9264,0.9011,0.9499,0.5,,,,5141,5141,1000,20846,inner_cv,"[{""fold"": ""random"", ""src"": ""inner_cv"", ""thr"": 0.0424}]",38.52,bootstrap unit: molecule
T3,native,random,all,fg_pyrrole_ring,F3.lt1700,knn,auroc,0.8738,0.8318,0.9165,0.5,,,,5141,5141,1000,20846,inner_cv,"[{""fold"": ""random"", ""k"": 10, ""src"": ""inner_cv"", ""thr"": 0.0759}]",226.77,bootstrap unit: molecule
T3,native,random,all,fg_pyrrole_ring,F3.lt1700,knn,auprc,0.3011,0.218,0.4002,0.0187,,,,5141,5141,1000,20846,inner_cv,"[{""fold"": ""random"", ""k"": 10, ""src"": ""inner_cv"", ""thr"": 0.0759}]",226.77,bootstrap unit: molecule
T3,native,random,all,fg_pyrrole_ring,F3.lt1700,knn,bal_acc,0.8564,0.8133,0.8987,0.5,,,,5141,5141,1000,20846,inner_cv,"[{""fold"": ""random"", ""k"": 10, ""src"": ""inner_cv"", ""thr"": 0.0759}]",226.77,bootstrap unit: molecule
T3,native,random,all,fg_imidazole_ring,F1,majority,auroc,0.5,0.5,0.5,0.5,,,,5141,5141,1000,20846,fixed,"[{""fold"": ""random"", ""src"": ""fixed"", ""thr"": 0.5}]",1.92,bootstrap unit: molecule
T3,native,random,all,fg_imidazole_ring,F1,majority,auprc,0.0111,0.008,0.014,0.0111,,,,5141,5141,1000,20846,fixed,"[{""fold"": ""random"", ""src"": ""fixed"", ""thr"": 0.5}]",1.92,bootstrap unit: molecule
T3,native,random,all,fg_imidazole_ring,F1,majority,bal_acc,0.5,0.5,0.5,0.5,,,,5141,5141,1000,20846,fixed,"[{""fold"": ""random"", ""src"": ""fixed"", ""thr"": 0.5}]",1.92,bootstrap unit: molecule
T3,native,random,all,fg_imidazole_ring,F1,lr,auroc,0.9546,0.9416,0.9667,0.5,0.0099,100,0.4962,5141,5141,1000,20846,inner_cv,"[{""fold"": ""random"", ""C"": 0.1, ""src"": ""inner_cv"", ""thr"": 0.2675}]",4.68,bootstrap unit: molecule
T3,native,random,all,fg_imidazole_ring,F1,lr,auprc,0.1831,0.1145,0.2862,0.0111,,,,5141,5141,1000,20846,inner_cv,"[{""fold"": ""random"", ""C"": 0.1, ""src"": ""inner_cv"", ""thr"": 0.2675}]",4.68,bootstrap unit: molecule
T3,native,random,all,fg_imidazole_ring,F1,lr,bal_acc,0.8934,0.857,0.9215,0.5,,,,5141,5141,1000,20846,inner_cv,"[{""fold"": ""random"", ""C"": 0.1, ""src"": ""inner_cv"", ""thr"": 0.2675}]",4.68,bootstrap unit: molecule
T3,native,random,all,fg_imidazole_ring,F1,hgb,auroc,0.9584,0.9463,0.9692,0.5,,,,5141,5141,1000,20846,inner_cv,"[{""fold"": ""random"", ""src"": ""inner_cv"", ""thr"": 0.0648}]",6.53,bootstrap unit: molecule
T3,native,random,all,fg_imidazole_ring,F1,hgb,auprc,0.292,0.1794,0.4302,0.0111,,,,5141,5141,1000,20846,inner_cv,"[{""fold"": ""random"", ""src"": ""inner_cv"", ""thr"": 0.0648}]",6.53,bootstrap unit: molecule
T3,native,random,all,fg_imidazole_ring,F1,hgb,bal_acc,0.8988,0.8791,0.9111,0.5,,,,5141,5141,1000,20846,inner_cv,"[{""fold"": ""random"", ""src"": ""inner_cv"", ""thr"": 0.0648}]",6.53,bootstrap unit: molecule
T3,native,random,all,fg_imidazole_ring,F1,knn,auroc,0.701,0.6367,0.773,0.5,,,,5141,5141,1000,20846,inner_cv,"[{""fold"": ""random"", ""k"": 10, ""src"": ""inner_cv"", ""thr"": 0.0776}]",108.73,bootstrap unit: molecule
T3,native,random,all,fg_imidazole_ring,F1,knn,auprc,0.1243,0.0512,0.2193,0.0111,,,,5141,5141,1000,20846,inner_cv,"[{""fold"": ""random"", ""k"": 10, ""src"": ""inner_cv"", ""thr"": 0.0776}]",108.73,bootstrap unit: molecule
T3,native,random,all,fg_imidazole_ring,F1,knn,bal_acc,0.6897,0.6283,0.7569,0.5,,,,5141,5141,1000,20846,inner_cv,"[{""fold"": ""random"", ""k"": 10, ""src"": ""inner_cv"", ""thr"": 0.0776}]",108.73,bootstrap unit: molecule
T3,native,random,all,fg_imidazole_ring,F1pos,majority,auroc,0.5,0.5,0.5,0.5,,,,5141,5141,1000,20846,fixed,"[{""fold"": ""random"", ""src"": ""fixed"", ""thr"": 0.5}]",1.88,bootstrap unit: molecule
T3,native,random,all,fg_imidazole_ring,F1pos,majority,auprc,0.0111,0.008,0.014,0.0111,,,,5141,5141,1000,20846,fixed,"[{""fold"": ""random"", ""src"": ""fixed"", ""thr"": 0.5}]",1.88,bootstrap unit: molecule
T3,native,random,all,fg_imidazole_ring,F1pos,majority,bal_acc,0.5,0.5,0.5,0.5,,,,5141,5141,1000,20846,fixed,"[{""fold"": ""random"", ""src"": ""fixed"", ""thr"": 0.5}]",1.88,bootstrap unit: molecule
T3,native,random,all,fg_imidazole_ring,F1pos,lr,auroc,0.922,0.9011,0.9401,0.5,,,,5141,5141,1000,20846,inner_cv,"[{""fold"": ""random"", ""C"": 0.01, ""src"": ""inner_cv"", ""thr"": 0.2211}]",5.3,bootstrap unit: molecule
T3,native,random,all,fg_imidazole_ring,F1pos,lr,auprc,0.1289,0.0766,0.2099,0.0111,,,,5141,5141,1000,20846,inner_cv,"[{""fold"": ""random"", ""C"": 0.01, ""src"": ""inner_cv"", ""thr"": 0.2211}]",5.3,bootstrap unit: molecule
T3,native,random,all,fg_imidazole_ring,F1pos,lr,bal_acc,0.8511,0.8132,0.8831,0.5,,,,5141,5141,1000,20846,inner_cv,"[{""fold"": ""random"", ""C"": 0.01, ""src"": ""inner_cv"", ""thr"": 0.2211}]",5.3,bootstrap unit: molecule
T3,native,random,all,fg_imidazole_ring,F1pos,hgb,auroc,0.9285,0.9078,0.9458,0.5,,,,5141,5141,1000,20846,inner_cv,"[{""fold"": ""random"", ""src"": ""inner_cv"", ""thr"": 0.0613}]",4.87,bootstrap unit: molecule
T3,native,random,all,fg_imidazole_ring,F1pos,hgb,auprc,0.1529,0.0913,0.2596,0.0111,,,,5141,5141,1000,20846,inner_cv,"[{""fold"": ""random"", ""src"": ""inner_cv"", ""thr"": 0.0613}]",4.87,bootstrap unit: molecule
T3,native,random,all,fg_imidazole_ring,F1pos,hgb,bal_acc,0.8363,0.8104,0.8561,0.5,,,,5141,5141,1000,20846,inner_cv,"[{""fold"": ""random"", ""src"": ""inner_cv"", ""thr"": 0.0613}]",4.87,bootstrap unit: molecule
T3,native,random,all,fg_imidazole_ring,F1pos,knn,auroc,0.6734,0.6097,0.7411,0.5,,,,5141,5141,1000,20846,inner_cv,"[{""fold"": ""random"", ""k"": 10, ""src"": ""inner_cv"", ""thr"": 0.0939}]",151.56,bootstrap unit: molecule
T3,native,random,all,fg_imidazole_ring,F1pos,knn,auprc,0.1085,0.044,0.208,0.0111,,,,5141,5141,1000,20846,inner_cv,"[{""fold"": ""random"", ""k"": 10, ""src"": ""inner_cv"", ""thr"": 0.0939}]",151.56,bootstrap unit: molecule
T3,native,random,all,fg_imidazole_ring,F1pos,knn,bal_acc,0.672,0.6103,0.7376,0.5,,,,5141,5141,1000,20846,inner_cv,"[{""fold"": ""random"", ""k"": 10, ""src"": ""inner_cv"", ""thr"": 0.0939}]",151.56,bootstrap unit: molecule
T3,native,random,all,fg_imidazole_ring,F2,majority,auroc,0.5,0.5,0.5,0.5,,,,5141,5141,1000,20846,fixed,"[{""fold"": ""random"", ""src"": ""fixed"", ""thr"": 0.5}]",2.05,bootstrap unit: molecule
T3,native,random,all,fg_imidazole_ring,F2,majority,auprc,0.0111,0.008,0.014,0.0111,,,,5141,5141,1000,20846,fixed,"[{""fold"": ""random"", ""src"": ""fixed"", ""thr"": 0.5}]",2.05,bootstrap unit: molecule
T3,native,random,all,fg_imidazole_ring,F2,majority,bal_acc,0.5,0.5,0.5,0.5,,,,5141,5141,1000,20846,fixed,"[{""fold"": ""random"", ""src"": ""fixed"", ""thr"": 0.5}]",2.05,bootstrap unit: molecule
T3,native,random,all,fg_imidazole_ring,F2,lr,auroc,0.9541,0.9385,0.9679,0.5,,,,5141,5141,1000,20846,inner_cv,"[{""fold"": ""random"", ""C"": 0.01, ""src"": ""inner_cv"", ""thr"": 0.084}]",109.68,bootstrap unit: molecule
T3,native,random,all,fg_imidazole_ring,F2,lr,auprc,0.2178,0.1394,0.3416,0.0111,,,,5141,5141,1000,20846,inner_cv,"[{""fold"": ""random"", ""C"": 0.01, ""src"": ""inner_cv"", ""thr"": 0.084}]",109.68,bootstrap unit: molecule
T3,native,random,all,fg_imidazole_ring,F2,lr,bal_acc,0.8963,0.8683,0.9166,0.5,,,,5141,5141,1000,20846,inner_cv,"[{""fold"": ""random"", ""C"": 0.01, ""src"": ""inner_cv"", ""thr"": 0.084}]",109.68,bootstrap unit: molecule
T3,native,random,all,fg_imidazole_ring,F2,hgb,auroc,0.9694,0.9544,0.9813,0.5,,,,5141,5141,1000,20846,inner_cv,"[{""fold"": ""random"", ""src"": ""inner_cv"", ""thr"": 0.0076}]",49.51,bootstrap unit: molecule
T3,native,random,all,fg_imidazole_ring,F2,hgb,auprc,0.3833,0.2695,0.5113,0.0111,,,,5141,5141,1000,20846,inner_cv,"[{""fold"": ""random"", ""src"": ""inner_cv"", ""thr"": 0.0076}]",49.51,bootstrap unit: molecule
T3,native,random,all,fg_imidazole_ring,F2,hgb,bal_acc,0.8958,0.8613,0.9214,0.5,,,,5141,5141,1000,20846,inner_cv,"[{""fold"": ""random"", ""src"": ""inner_cv"", ""thr"": 0.0076}]",49.51,bootstrap unit: molecule
T3,native,random,all,fg_imidazole_ring,F2,knn,auroc,0.8133,0.7494,0.8762,0.5,,,,5141,5141,1000,20846,inner_cv,"[{""fold"": ""random"", ""k"": 10, ""src"": ""inner_cv"", ""thr"": 0.0715}]",285.87,bootstrap unit: molecule
T3,native,random,all,fg_imidazole_ring,F2,knn,auprc,0.2774,0.166,0.4032,0.0111,,,,5141,5141,1000,20846,inner_cv,"[{""fold"": ""random"", ""k"": 10, ""src"": ""inner_cv"", ""thr"": 0.0715}]",285.87,bootstrap unit: molecule
T3,native,random,all,fg_imidazole_ring,F2,knn,bal_acc,0.8026,0.7414,0.8647,0.5,,,,5141,5141,1000,20846,inner_cv,"[{""fold"": ""random"", ""k"": 10, ""src"": ""inner_cv"", ""thr"": 0.0715}]",285.87,bootstrap unit: molecule
T3,native,random,all,fg_imidazole_ring,F3,majority,auroc,0.5,0.5,0.5,0.5,,,,5141,5141,1000,20846,fixed,"[{""fold"": ""random"", ""src"": ""fixed"", ""thr"": 0.5}]",2.24,bootstrap unit: molecule
T3,native,random,all,fg_imidazole_ring,F3,majority,auprc,0.0111,0.008,0.014,0.0111,,,,5141,5141,1000,20846,fixed,"[{""fold"": ""random"", ""src"": ""fixed"", ""thr"": 0.5}]",2.24,bootstrap unit: molecule
T3,native,random,all,fg_imidazole_ring,F3,majority,bal_acc,0.5,0.5,0.5,0.5,,,,5141,5141,1000,20846,fixed,"[{""fold"": ""random"", ""src"": ""fixed"", ""thr"": 0.5}]",2.24,bootstrap unit: molecule
T3,native,random,all,fg_imidazole_ring,F3,lr,auroc,0.9587,0.9439,0.9716,0.5,,,,5141,5141,1000,20846,inner_cv,"[{""fold"": ""random"", ""C"": 0.01, ""src"": ""inner_cv"", ""thr"": 0.0978}]",137.75,bootstrap unit: molecule
T3,native,random,all,fg_imidazole_ring,F3,lr,auprc,0.2559,0.1652,0.3921,0.0111,,,,5141,5141,1000,20846,inner_cv,"[{""fold"": ""random"", ""C"": 0.01, ""src"": ""inner_cv"", ""thr"": 0.0978}]",137.75,bootstrap unit: molecule
T3,native,random,all,fg_imidazole_ring,F3,lr,bal_acc,0.8968,0.864,0.924,0.5,,,,5141,5141,1000,20846,inner_cv,"[{""fold"": ""random"", ""C"": 0.01, ""src"": ""inner_cv"", ""thr"": 0.0978}]",137.75,bootstrap unit: molecule
T3,native,random,all,fg_imidazole_ring,F3,hgb,auroc,0.9709,0.9535,0.9831,0.5,,,,5141,5141,1000,20846,inner_cv,"[{""fold"": ""random"", ""src"": ""inner_cv"", ""thr"": 0.004}]",56.44,bootstrap unit: molecule
T3,native,random,all,fg_imidazole_ring,F3,hgb,auprc,0.4584,0.3191,0.588,0.0111,,,,5141,5141,1000,20846,inner_cv,"[{""fold"": ""random"", ""src"": ""inner_cv"", ""thr"": 0.004}]",56.44,bootstrap unit: molecule
T3,native,random,all,fg_imidazole_ring,F3,hgb,bal_acc,0.8988,0.8661,0.9185,0.5,,,,5141,5141,1000,20846,inner_cv,"[{""fold"": ""random"", ""src"": ""inner_cv"", ""thr"": 0.004}]",56.44,bootstrap unit: molecule
T3,native,random,all,fg_imidazole_ring,F3,knn,auroc,0.8128,0.7504,0.8773,0.5,,,,5141,5141,1000,20846,inner_cv,"[{""fold"": ""random"", ""k"": 10, ""src"": ""inner_cv"", ""thr"": 0.0673}]",306.35,bootstrap unit: molecule
T3,native,random,all,fg_imidazole_ring,F3,knn,auprc,0.3181,0.1978,0.4506,0.0111,,,,5141,5141,1000,20846,inner_cv,"[{""fold"": ""random"", ""k"": 10, ""src"": ""inner_cv"", ""thr"": 0.0673}]",306.35,bootstrap unit: molecule
T3,native,random,all,fg_imidazole_ring,F3,knn,bal_acc,0.8006,0.7406,0.8633,0.5,,,,5141,5141,1000,20846,inner_cv,"[{""fold"": ""random"", ""k"": 10, ""src"": ""inner_cv"", ""thr"": 0.0673}]",306.35,bootstrap unit: molecule
T3,native,random,all,fg_imidazole_ring,F1.sqrt,majority,auroc,0.5,0.5,0.5,0.5,,,,5141,5141,1000,20846,fixed,"[{""fold"": ""random"", ""src"": ""fixed"", ""thr"": 0.5}]",2.05,bootstrap unit: molecule
T3,native,random,all,fg_imidazole_ring,F1.sqrt,majority,auprc,0.0111,0.008,0.014,0.0111,,,,5141,5141,1000,20846,fixed,"[{""fold"": ""random"", ""src"": ""fixed"", ""thr"": 0.5}]",2.05,bootstrap unit: molecule
T3,native,random,all,fg_imidazole_ring,F1.sqrt,majority,bal_acc,0.5,0.5,0.5,0.5,,,,5141,5141,1000,20846,fixed,"[{""fold"": ""random"", ""src"": ""fixed"", ""thr"": 0.5}]",2.05,bootstrap unit: molecule
T3,native,random,all,fg_imidazole_ring,F1.sqrt,lr,auroc,0.949,0.9343,0.9614,0.5,,,,5141,5141,1000,20846,inner_cv,"[{""fold"": ""random"", ""C"": 0.01, ""src"": ""inner_cv"", ""thr"": 0.2674}]",5.73,bootstrap unit: molecule
T3,native,random,all,fg_imidazole_ring,F1.sqrt,lr,auprc,0.1565,0.0973,0.246,0.0111,,,,5141,5141,1000,20846,inner_cv,"[{""fold"": ""random"", ""C"": 0.01, ""src"": ""inner_cv"", ""thr"": 0.2674}]",5.73,bootstrap unit: molecule
T3,native,random,all,fg_imidazole_ring,F1.sqrt,lr,bal_acc,0.906,0.8841,0.919,0.5,,,,5141,5141,1000,20846,inner_cv,"[{""fold"": ""random"", ""C"": 0.01, ""src"": ""inner_cv"", ""thr"": 0.2674}]",5.73,bootstrap unit: molecule
T3,native,random,all,fg_imidazole_ring,F1.sqrt,hgb,auroc,0.9584,0.9463,0.9692,0.5,,,,5141,5141,1000,20846,inner_cv,"[{""fold"": ""random"", ""src"": ""inner_cv"", ""thr"": 0.0648}]",5.47,bootstrap unit: molecule
T3,native,random,all,fg_imidazole_ring,F1.sqrt,hgb,auprc,0.292,0.1794,0.4302,0.0111,,,,5141,5141,1000,20846,inner_cv,"[{""fold"": ""random"", ""src"": ""inner_cv"", ""thr"": 0.0648}]",5.47,bootstrap unit: molecule
T3,native,random,all,fg_imidazole_ring,F1.sqrt,hgb,bal_acc,0.8988,0.8791,0.9111,0.5,,,,5141,5141,1000,20846,inner_cv,"[{""fold"": ""random"", ""src"": ""inner_cv"", ""thr"": 0.0648}]",5.47,bootstrap unit: molecule
T3,native,random,all,fg_imidazole_ring,F1.sqrt,knn,auroc,0.7963,0.7316,0.8572,0.5,,,,5141,5141,1000,20846,inner_cv,"[{""fold"": ""random"", ""k"": 10, ""src"": ""inner_cv"", ""thr"": 0.085}]",144.31,bootstrap unit: molecule
T3,native,random,all,fg_imidazole_ring,F1.sqrt,knn,auprc,0.1863,0.1043,0.3092,0.0111,,,,5141,5141,1000,20846,inner_cv,"[{""fold"": ""random"", ""k"": 10, ""src"": ""inner_cv"", ""thr"": 0.085}]",144.31,bootstrap unit: molecule
T3,native,random,all,fg_imidazole_ring,F1.sqrt,knn,bal_acc,0.7833,0.721,0.8424,0.5,,,,5141,5141,1000,20846,inner_cv,"[{""fold"": ""random"", ""k"": 10, ""src"": ""inner_cv"", ""thr"": 0.085}]",144.31,bootstrap unit: molecule
T3,native,random,all,fg_imidazole_ring,F2.lt1700,majority,auroc,0.5,0.5,0.5,0.5,,,,5141,5141,1000,20846,fixed,"[{""fold"": ""random"", ""src"": ""fixed"", ""thr"": 0.5}]",3.03,bootstrap unit: molecule
T3,native,random,all,fg_imidazole_ring,F2.lt1700,majority,auprc,0.0111,0.008,0.014,0.0111,,,,5141,5141,1000,20846,fixed,"[{""fold"": ""random"", ""src"": ""fixed"", ""thr"": 0.5}]",3.03,bootstrap unit: molecule
T3,native,random,all,fg_imidazole_ring,F2.lt1700,majority,bal_acc,0.5,0.5,0.5,0.5,,,,5141,5141,1000,20846,fixed,"[{""fold"": ""random"", ""src"": ""fixed"", ""thr"": 0.5}]",3.03,bootstrap unit: molecule
T3,native,random,all,fg_imidazole_ring,F2.lt1700,lr,auroc,0.9528,0.9366,0.9672,0.5,,,,5141,5141,1000,20846,inner_cv,"[{""fold"": ""random"", ""C"": 0.01, ""src"": ""inner_cv"", ""thr"": 0.1162}]",154.07,bootstrap unit: molecule
T3,native,random,all,fg_imidazole_ring,F2.lt1700,lr,auprc,0.2222,0.141,0.3451,0.0111,,,,5141,5141,1000,20846,inner_cv,"[{""fold"": ""random"", ""C"": 0.01, ""src"": ""inner_cv"", ""thr"": 0.1162}]",154.07,bootstrap unit: molecule
T3,native,random,all,fg_imidazole_ring,F2.lt1700,lr,bal_acc,0.8834,0.8472,0.9136,0.5,,,,5141,5141,1000,20846,inner_cv,"[{""fold"": ""random"", ""C"": 0.01, ""src"": ""inner_cv"", ""thr"": 0.1162}]",154.07,bootstrap unit: molecule
T3,native,random,all,fg_imidazole_ring,F2.lt1700,hgb,auroc,0.9694,0.9532,0.9818,0.5,,,,5141,5141,1000,20846,inner_cv,"[{""fold"": ""random"", ""src"": ""inner_cv"", ""thr"": 0.0091}]",70.24,bootstrap unit: molecule
T3,native,random,all,fg_imidazole_ring,F2.lt1700,hgb,auprc,0.379,0.2636,0.5054,0.0111,,,,5141,5141,1000,20846,inner_cv,"[{""fold"": ""random"", ""src"": ""inner_cv"", ""thr"": 0.0091}]",70.24,bootstrap unit: molecule
T3,native,random,all,fg_imidazole_ring,F2.lt1700,hgb,bal_acc,0.9008,0.8664,0.9266,0.5,,,,5141,5141,1000,20846,inner_cv,"[{""fold"": ""random"", ""src"": ""inner_cv"", ""thr"": 0.0091}]",70.24,bootstrap unit: molecule
T3,native,random,all,fg_imidazole_ring,F2.lt1700,knn,auroc,0.8143,0.75,0.877,0.5,,,,5141,5141,1000,20846,inner_cv,"[{""fold"": ""random"", ""k"": 10, ""src"": ""inner_cv"", ""thr"": 0.0715}]",326.81,bootstrap unit: molecule
T3,native,random,all,fg_imidazole_ring,F2.lt1700,knn,auprc,0.2813,0.1708,0.4051,0.0111,,,,5141,5141,1000,20846,inner_cv,"[{""fold"": ""random"", ""k"": 10, ""src"": ""inner_cv"", ""thr"": 0.0715}]",326.81,bootstrap unit: molecule
T3,native,random,all,fg_imidazole_ring,F2.lt1700,knn,bal_acc,0.8045,0.7421,0.8667,0.5,,,,5141,5141,1000,20846,inner_cv,"[{""fold"": ""random"", ""k"": 10, ""src"": ""inner_cv"", ""thr"": 0.0715}]",326.81,bootstrap unit: molecule
T3,native,random,all,fg_imidazole_ring,F3.lt1700,majority,auroc,0.5,0.5,0.5,0.5,,,,5141,5141,1000,20846,fixed,"[{""fold"": ""random"", ""src"": ""fixed"", ""thr"": 0.5}]",3.87,bootstrap unit: molecule
T3,native,random,all,fg_imidazole_ring,F3.lt1700,majority,auprc,0.0111,0.008,0.014,0.0111,,,,5141,5141,1000,20846,fixed,"[{""fold"": ""random"", ""src"": ""fixed"", ""thr"": 0.5}]",3.87,bootstrap unit: molecule
T3,native,random,all,fg_imidazole_ring,F3.lt1700,majority,bal_acc,0.5,0.5,0.5,0.5,,,,5141,5141,1000,20846,fixed,"[{""fold"": ""random"", ""src"": ""fixed"", ""thr"": 0.5}]",3.87,bootstrap unit: molecule
T3,native,random,all,fg_imidazole_ring,F3.lt1700,lr,auroc,0.9565,0.9408,0.9701,0.5,,,,5141,5141,1000,20846,inner_cv,"[{""fold"": ""random"", ""C"": 0.01, ""src"": ""inner_cv"", ""thr"": 0.1141}]",105.42,bootstrap unit: molecule
T3,native,random,all,fg_imidazole_ring,F3.lt1700,lr,auprc,0.2568,0.1646,0.3927,0.0111,,,,5141,5141,1000,20846,inner_cv,"[{""fold"": ""random"", ""C"": 0.01, ""src"": ""inner_cv"", ""thr"": 0.1141}]",105.42,bootstrap unit: molecule
T3,native,random,all,fg_imidazole_ring,F3.lt1700,lr,bal_acc,0.8888,0.8532,0.9183,0.5,,,,5141,5141,1000,20846,inner_cv,"[{""fold"": ""random"", ""C"": 0.01, ""src"": ""inner_cv"", ""thr"": 0.1141}]",105.42,bootstrap unit: molecule
T3,native,random,all,fg_imidazole_ring,F3.lt1700,hgb,auroc,0.9712,0.9561,0.9818,0.5,0.0099,100,0.4973,5141,5141,1000,20846,inner_cv,"[{""fold"": ""random"", ""src"": ""inner_cv"", ""thr"": 0.0063}]",55.87,bootstrap unit: molecule
T3,native,random,all,fg_imidazole_ring,F3.lt1700,hgb,auprc,0.409,0.2877,0.5324,0.0111,,,,5141,5141,1000,20846,inner_cv,"[{""fold"": ""random"", ""src"": ""inner_cv"", ""thr"": 0.0063}]",55.87,bootstrap unit: molecule
T3,native,random,all,fg_imidazole_ring,F3.lt1700,hgb,bal_acc,0.911,0.8787,0.931,0.5,,,,5141,5141,1000,20846,inner_cv,"[{""fold"": ""random"", ""src"": ""inner_cv"", ""thr"": 0.0063}]",55.87,bootstrap unit: molecule
T3,native,random,all,fg_imidazole_ring,F3.lt1700,knn,auroc,0.8139,0.7514,0.8778,0.5,,,,5141,5141,1000,20846,inner_cv,"[{""fold"": ""random"", ""k"": 10, ""src"": ""inner_cv"", ""thr"": 0.0669}]",293.77,bootstrap unit: molecule
T3,native,random,all,fg_imidazole_ring,F3.lt1700,knn,auprc,0.3187,0.2011,0.4488,0.0111,,,,5141,5141,1000,20846,inner_cv,"[{""fold"": ""random"", ""k"": 10, ""src"": ""inner_cv"", ""thr"": 0.0669}]",293.77,bootstrap unit: molecule
T3,native,random,all,fg_imidazole_ring,F3.lt1700,knn,bal_acc,0.8031,0.7428,0.866,0.5,,,,5141,5141,1000,20846,inner_cv,"[{""fold"": ""random"", ""k"": 10, ""src"": ""inner_cv"", ""thr"": 0.0669}]",293.77,bootstrap unit: molecule
T3,native,random,all,fg_lactam,F1,majority,auroc,0.5,0.5,0.5,0.5,,,,5141,5141,1000,20846,fixed,"[{""fold"": ""random"", ""src"": ""fixed"", ""thr"": 0.5}]",1.07,bootstrap unit: molecule
T3,native,random,all,fg_lactam,F1,majority,auprc,0.0461,0.0405,0.0519,0.0461,,,,5141,5141,1000,20846,fixed,"[{""fold"": ""random"", ""src"": ""fixed"", ""thr"": 0.5}]",1.07,bootstrap unit: molecule
T3,native,random,all,fg_lactam,F1,majority,bal_acc,0.5,0.5,0.5,0.5,,,,5141,5141,1000,20846,fixed,"[{""fold"": ""random"", ""src"": ""fixed"", ""thr"": 0.5}]",1.07,bootstrap unit: molecule
T3,native,random,all,fg_lactam,F1,lr,auroc,0.7633,0.7331,0.7892,0.5,0.0099,100,0.4987,5141,5141,1000,20846,inner_cv,"[{""fold"": ""random"", ""C"": 0.1, ""src"": ""inner_cv"", ""thr"": 0.4392}]",3.0,bootstrap unit: molecule
T3,native,random,all,fg_lactam,F1,lr,auprc,0.1569,0.1229,0.1968,0.0461,,,,5141,5141,1000,20846,inner_cv,"[{""fold"": ""random"", ""C"": 0.1, ""src"": ""inner_cv"", ""thr"": 0.4392}]",3.0,bootstrap unit: molecule
T3,native,random,all,fg_lactam,F1,lr,bal_acc,0.7084,0.6811,0.7343,0.5,,,,5141,5141,1000,20846,inner_cv,"[{""fold"": ""random"", ""C"": 0.1, ""src"": ""inner_cv"", ""thr"": 0.4392}]",3.0,bootstrap unit: molecule
T3,native,random,all,fg_lactam,F1,hgb,auroc,0.7659,0.7325,0.7955,0.5,,,,5141,5141,1000,20846,inner_cv,"[{""fold"": ""random"", ""src"": ""inner_cv"", ""thr"": 0.3613}]",4.42,bootstrap unit: molecule
T3,native,random,all,fg_lactam,F1,hgb,auprc,0.1778,0.1365,0.2276,0.0461,,,,5141,5141,1000,20846,inner_cv,"[{""fold"": ""random"", ""src"": ""inner_cv"", ""thr"": 0.3613}]",4.42,bootstrap unit: molecule
T3,native,random,all,fg_lactam,F1,hgb,bal_acc,0.692,0.661,0.7194,0.5,,,,5141,5141,1000,20846,inner_cv,"[{""fold"": ""random"", ""src"": ""inner_cv"", ""thr"": 0.3613}]",4.42,bootstrap unit: molecule
T3,native,random,all,fg_lactam,F1,knn,auroc,0.6119,0.579,0.6469,0.5,,,,5141,5141,1000,20846,inner_cv,"[{""fold"": ""random"", ""k"": 10, ""src"": ""inner_cv"", ""thr"": 0.0945}]",190.48,bootstrap unit: molecule
T3,native,random,all,fg_lactam,F1,knn,auprc,0.0796,0.0633,0.1094,0.0461,,,,5141,5141,1000,20846,inner_cv,"[{""fold"": ""random"", ""k"": 10, ""src"": ""inner_cv"", ""thr"": 0.0945}]",190.48,bootstrap unit: molecule
T3,native,random,all,fg_lactam,F1,knn,bal_acc,0.5941,0.5632,0.626,0.5,,,,5141,5141,1000,20846,inner_cv,"[{""fold"": ""random"", ""k"": 10, ""src"": ""inner_cv"", ""thr"": 0.0945}]",190.48,bootstrap unit: molecule
T3,native,random,all,fg_lactam,F1pos,majority,auroc,0.5,0.5,0.5,0.5,,,,5141,5141,1000,20846,fixed,"[{""fold"": ""random"", ""src"": ""fixed"", ""thr"": 0.5}]",1.61,bootstrap unit: molecule
T3,native,random,all,fg_lactam,F1pos,majority,auprc,0.0461,0.0405,0.0519,0.0461,,,,5141,5141,1000,20846,fixed,"[{""fold"": ""random"", ""src"": ""fixed"", ""thr"": 0.5}]",1.61,bootstrap unit: molecule
T3,native,random,all,fg_lactam,F1pos,majority,bal_acc,0.5,0.5,0.5,0.5,,,,5141,5141,1000,20846,fixed,"[{""fold"": ""random"", ""src"": ""fixed"", ""thr"": 0.5}]",1.61,bootstrap unit: molecule
T3,native,random,all,fg_lactam,F1pos,lr,auroc,0.7614,0.7331,0.7878,0.5,,,,5141,5141,1000,20846,inner_cv,"[{""fold"": ""random"", ""C"": 0.01, ""src"": ""inner_cv"", ""thr"": 0.4625}]",4.05,bootstrap unit: molecule
T3,native,random,all,fg_lactam,F1pos,lr,auprc,0.1279,0.1044,0.1639,0.0461,,,,5141,5141,1000,20846,inner_cv,"[{""fold"": ""random"", ""C"": 0.01, ""src"": ""inner_cv"", ""thr"": 0.4625}]",4.05,bootstrap unit: molecule
T3,native,random,all,fg_lactam,F1pos,lr,bal_acc,0.6873,0.6596,0.7164,0.5,,,,5141,5141,1000,20846,inner_cv,"[{""fold"": ""random"", ""C"": 0.01, ""src"": ""inner_cv"", ""thr"": 0.4625}]",4.05,bootstrap unit: molecule
T3,native,random,all,fg_lactam,F1pos,hgb,auroc,0.7329,0.7008,0.7619,0.5,,,,5141,5141,1000,20846,inner_cv,"[{""fold"": ""random"", ""src"": ""inner_cv"", ""thr"": 0.3749}]",5.82,bootstrap unit: molecule
T3,native,random,all,fg_lactam,F1pos,hgb,auprc,0.1199,0.0959,0.155,0.0461,,,,5141,5141,1000,20846,inner_cv,"[{""fold"": ""random"", ""src"": ""inner_cv"", ""thr"": 0.3749}]",5.82,bootstrap unit: molecule
T3,native,random,all,fg_lactam,F1pos,hgb,bal_acc,0.6808,0.6532,0.7071,0.5,,,,5141,5141,1000,20846,inner_cv,"[{""fold"": ""random"", ""src"": ""inner_cv"", ""thr"": 0.3749}]",5.82,bootstrap unit: molecule
T3,native,random,all,fg_lactam,F1pos,knn,auroc,0.5325,0.5004,0.5649,0.5,,,,5141,5141,1000,20846,inner_cv,"[{""fold"": ""random"", ""k"": 10, ""src"": ""inner_cv"", ""thr"": 0.0956}]",203.47,bootstrap unit: molecule
T3,native,random,all,fg_lactam,F1pos,knn,auprc,0.0568,0.0473,0.0721,0.0461,,,,5141,5141,1000,20846,inner_cv,"[{""fold"": ""random"", ""k"": 10, ""src"": ""inner_cv"", ""thr"": 0.0956}]",203.47,bootstrap unit: molecule
T3,native,random,all,fg_lactam,F1pos,knn,bal_acc,0.5325,0.501,0.5611,0.5,,,,5141,5141,1000,20846,inner_cv,"[{""fold"": ""random"", ""k"": 10, ""src"": ""inner_cv"", ""thr"": 0.0956}]",203.47,bootstrap unit: molecule
T3,native,random,all,fg_lactam,F2,majority,auroc,0.5,0.5,0.5,0.5,,,,5141,5141,1000,20846,fixed,"[{""fold"": ""random"", ""src"": ""fixed"", ""thr"": 0.5}]",1.18,bootstrap unit: molecule
T3,native,random,all,fg_lactam,F2,majority,auprc,0.0461,0.0405,0.0519,0.0461,,,,5141,5141,1000,20846,fixed,"[{""fold"": ""random"", ""src"": ""fixed"", ""thr"": 0.5}]",1.18,bootstrap unit: molecule
T3,native,random,all,fg_lactam,F2,majority,bal_acc,0.5,0.5,0.5,0.5,,,,5141,5141,1000,20846,fixed,"[{""fold"": ""random"", ""src"": ""fixed"", ""thr"": 0.5}]",1.18,bootstrap unit: molecule
T3,native,random,all,fg_lactam,F2,lr,auroc,0.7663,0.7364,0.7935,0.5,,,,5141,5141,1000,20846,inner_cv,"[{""fold"": ""random"", ""C"": 0.01, ""src"": ""inner_cv"", ""thr"": 0.4509}]",196.36,bootstrap unit: molecule
T3,native,random,all,fg_lactam,F2,lr,auprc,0.1411,0.1131,0.1801,0.0461,,,,5141,5141,1000,20846,inner_cv,"[{""fold"": ""random"", ""C"": 0.01, ""src"": ""inner_cv"", ""thr"": 0.4509}]",196.36,bootstrap unit: molecule
T3,native,random,all,fg_lactam,F2,lr,bal_acc,0.7028,0.6729,0.7309,0.5,,,,5141,5141,1000,20846,inner_cv,"[{""fold"": ""random"", ""C"": 0.01, ""src"": ""inner_cv"", ""thr"": 0.4509}]",196.36,bootstrap unit: molecule
T3,native,random,all,fg_lactam,F2,hgb,auroc,0.7975,0.769,0.8244,0.5,,,,5141,5141,1000,20846,inner_cv,"[{""fold"": ""random"", ""src"": ""inner_cv"", ""thr"": 0.1762}]",38.5,bootstrap unit: molecule
T3,native,random,all,fg_lactam,F2,hgb,auprc,0.2391,0.191,0.2975,0.0461,,,,5141,5141,1000,20846,inner_cv,"[{""fold"": ""random"", ""src"": ""inner_cv"", ""thr"": 0.1762}]",38.5,bootstrap unit: molecule
T3,native,random,all,fg_lactam,F2,hgb,bal_acc,0.7067,0.6828,0.7277,0.5,,,,5141,5141,1000,20846,inner_cv,"[{""fold"": ""random"", ""src"": ""inner_cv"", ""thr"": 0.1762}]",38.5,bootstrap unit: molecule
T3,native,random,all,fg_lactam,F2,knn,auroc,0.6833,0.6477,0.7161,0.5,,,,5141,5141,1000,20846,inner_cv,"[{""fold"": ""random"", ""k"": 10, ""src"": ""inner_cv"", ""thr"": 0.0906}]",275.77,bootstrap unit: molecule
T3,native,random,all,fg_lactam,F2,knn,auprc,0.1318,0.1011,0.1716,0.0461,,,,5141,5141,1000,20846,inner_cv,"[{""fold"": ""random"", ""k"": 10, ""src"": ""inner_cv"", ""thr"": 0.0906}]",275.77,bootstrap unit: molecule
T3,native,random,all,fg_lactam,F2,knn,bal_acc,0.6729,0.6402,0.7045,0.5,,,,5141,5141,1000,20846,inner_cv,"[{""fold"": ""random"", ""k"": 10, ""src"": ""inner_cv"", ""thr"": 0.0906}]",275.77,bootstrap unit: molecule
T3,native,random,all,fg_lactam,F3,majority,auroc,0.5,0.5,0.5,0.5,,,,5141,5141,1000,20846,fixed,"[{""fold"": ""random"", ""src"": ""fixed"", ""thr"": 0.5}]",4.43,bootstrap unit: molecule
T3,native,random,all,fg_lactam,F3,majority,auprc,0.0461,0.0405,0.0519,0.0461,,,,5141,5141,1000,20846,fixed,"[{""fold"": ""random"", ""src"": ""fixed"", ""thr"": 0.5}]",4.43,bootstrap unit: molecule
T3,native,random,all,fg_lactam,F3,majority,bal_acc,0.5,0.5,0.5,0.5,,,,5141,5141,1000,20846,fixed,"[{""fold"": ""random"", ""src"": ""fixed"", ""thr"": 0.5}]",4.43,bootstrap unit: molecule
T3,native,random,all,fg_lactam,F3,lr,auroc,0.7903,0.7615,0.8174,0.5,,,,5141,5141,1000,20846,inner_cv,"[{""fold"": ""random"", ""C"": 0.01, ""src"": ""inner_cv"", ""thr"": 0.4067}]",125.53,bootstrap unit: molecule
T3,native,random,all,fg_lactam,F3,lr,auprc,0.1689,0.1374,0.2143,0.0461,,,,5141,5141,1000,20846,inner_cv,"[{""fold"": ""random"", ""C"": 0.01, ""src"": ""inner_cv"", ""thr"": 0.4067}]",125.53,bootstrap unit: molecule
T3,native,random,all,fg_lactam,F3,lr,bal_acc,0.7245,0.6987,0.7504,0.5,,,,5141,5141,1000,20846,inner_cv,"[{""fold"": ""random"", ""C"": 0.01, ""src"": ""inner_cv"", ""thr"": 0.4067}]",125.53,bootstrap unit: molecule
T3,native,random,all,fg_lactam,F3,hgb,auroc,0.923,0.9105,0.9339,0.5,0.0099,100,0.4975,5141,5141,1000,20846,inner_cv,"[{""fold"": ""random"", ""src"": ""inner_cv"", ""thr"": 0.2375}]",43.88,bootstrap unit: molecule
T3,native,random,all,fg_lactam,F3,hgb,auprc,0.3661,0.3127,0.4303,0.0461,,,,5141,5141,1000,20846,inner_cv,"[{""fold"": ""random"", ""src"": ""inner_cv"", ""thr"": 0.2375}]",43.88,bootstrap unit: molecule
T3,native,random,all,fg_lactam,F3,hgb,bal_acc,0.8598,0.843,0.8756,0.5,,,,5141,5141,1000,20846,inner_cv,"[{""fold"": ""random"", ""src"": ""inner_cv"", ""thr"": 0.2375}]",43.88,bootstrap unit: molecule
T3,native,random,all,fg_lactam,F3,knn,auroc,0.7264,0.6918,0.7614,0.5,,,,5141,5141,1000,20846,inner_cv,"[{""fold"": ""random"", ""k"": 10, ""src"": ""inner_cv"", ""thr"": 0.0812}]",286.26,bootstrap unit: molecule
T3,native,random,all,fg_lactam,F3,knn,auprc,0.1983,0.1527,0.2532,0.0461,,,,5141,5141,1000,20846,inner_cv,"[{""fold"": ""random"", ""k"": 10, ""src"": ""inner_cv"", ""thr"": 0.0812}]",286.26,bootstrap unit: molecule
T3,native,random,all,fg_lactam,F3,knn,bal_acc,0.7059,0.6725,0.7386,0.5,,,,5141,5141,1000,20846,inner_cv,"[{""fold"": ""random"", ""k"": 10, ""src"": ""inner_cv"", ""thr"": 0.0812}]",286.26,bootstrap unit: molecule
T3,native,random,all,fg_lactam,F1.sqrt,majority,auroc,0.5,0.5,0.5,0.5,,,,5141,5141,1000,20846,fixed,"[{""fold"": ""random"", ""src"": ""fixed"", ""thr"": 0.5}]",2.02,bootstrap unit: molecule
T3,native,random,all,fg_lactam,F1.sqrt,majority,auprc,0.0461,0.0405,0.0519,0.0461,,,,5141,5141,1000,20846,fixed,"[{""fold"": ""random"", ""src"": ""fixed"", ""thr"": 0.5}]",2.02,bootstrap unit: molecule
T3,native,random,all,fg_lactam,F1.sqrt,majority,bal_acc,0.5,0.5,0.5,0.5,,,,5141,5141,1000,20846,fixed,"[{""fold"": ""random"", ""src"": ""fixed"", ""thr"": 0.5}]",2.02,bootstrap unit: molecule
T3,native,random,all,fg_lactam,F1.sqrt,lr,auroc,0.7712,0.7418,0.7942,0.5,,,,5141,5141,1000,20846,inner_cv,"[{""fold"": ""random"", ""C"": 0.1, ""src"": ""inner_cv"", ""thr"": 0.4286}]",4.43,bootstrap unit: molecule
T3,native,random,all,fg_lactam,F1.sqrt,lr,auprc,0.1475,0.1172,0.1884,0.0461,,,,5141,5141,1000,20846,inner_cv,"[{""fold"": ""random"", ""C"": 0.1, ""src"": ""inner_cv"", ""thr"": 0.4286}]",4.43,bootstrap unit: molecule
T3,native,random,all,fg_lactam,F1.sqrt,lr,bal_acc,0.6978,0.672,0.7234,0.5,,,,5141,5141,1000,20846,inner_cv,"[{""fold"": ""random"", ""C"": 0.1, ""src"": ""inner_cv"", ""thr"": 0.4286}]",4.43,bootstrap unit: molecule
T3,native,random,all,fg_lactam,F1.sqrt,hgb,auroc,0.766,0.7325,0.7955,0.5,,,,5141,5141,1000,20846,inner_cv,"[{""fold"": ""random"", ""src"": ""inner_cv"", ""thr"": 0.3613}]",5.67,bootstrap unit: molecule
T3,native,random,all,fg_lactam,F1.sqrt,hgb,auprc,0.1786,0.1373,0.2293,0.0461,,,,5141,5141,1000,20846,inner_cv,"[{""fold"": ""random"", ""src"": ""inner_cv"", ""thr"": 0.3613}]",5.67,bootstrap unit: molecule
T3,native,random,all,fg_lactam,F1.sqrt,hgb,bal_acc,0.692,0.661,0.7194,0.5,,,,5141,5141,1000,20846,inner_cv,"[{""fold"": ""random"", ""src"": ""inner_cv"", ""thr"": 0.3613}]",5.67,bootstrap unit: molecule
T3,native,random,all,fg_lactam,F1.sqrt,knn,auroc,0.617,0.5799,0.652,0.5,,,,5141,5141,1000,20846,inner_cv,"[{""fold"": ""random"", ""k"": 10, ""src"": ""inner_cv"", ""thr"": 0.0917}]",208.14,bootstrap unit: molecule
T3,native,random,all,fg_lactam,F1.sqrt,knn,auprc,0.0869,0.0675,0.1138,0.0461,,,,5141,5141,1000,20846,inner_cv,"[{""fold"": ""random"", ""k"": 10, ""src"": ""inner_cv"", ""thr"": 0.0917}]",208.14,bootstrap unit: molecule
T3,native,random,all,fg_lactam,F1.sqrt,knn,bal_acc,0.6007,0.5658,0.6334,0.5,,,,5141,5141,1000,20846,inner_cv,"[{""fold"": ""random"", ""k"": 10, ""src"": ""inner_cv"", ""thr"": 0.0917}]",208.14,bootstrap unit: molecule
T3,native,random,all,fg_lactam,F2.lt1700,majority,auroc,0.5,0.5,0.5,0.5,,,,5141,5141,1000,20846,fixed,"[{""fold"": ""random"", ""src"": ""fixed"", ""thr"": 0.5}]",6.49,bootstrap unit: molecule
T3,native,random,all,fg_lactam,F2.lt1700,majority,auprc,0.0461,0.0405,0.0519,0.0461,,,,5141,5141,1000,20846,fixed,"[{""fold"": ""random"", ""src"": ""fixed"", ""thr"": 0.5}]",6.49,bootstrap unit: molecule
T3,native,random,all,fg_lactam,F2.lt1700,majority,bal_acc,0.5,0.5,0.5,0.5,,,,5141,5141,1000,20846,fixed,"[{""fold"": ""random"", ""src"": ""fixed"", ""thr"": 0.5}]",6.49,bootstrap unit: molecule
T3,native,random,all,fg_lactam,F2.lt1700,lr,auroc,0.751,0.7195,0.7783,0.5,,,,5141,5141,1000,20846,inner_cv,"[{""fold"": ""random"", ""C"": 0.01, ""src"": ""inner_cv"", ""thr"": 0.4712}]",173.72,bootstrap unit: molecule
T3,native,random,all,fg_lactam,F2.lt1700,lr,auprc,0.1282,0.1048,0.1617,0.0461,,,,5141,5141,1000,20846,inner_cv,"[{""fold"": ""random"", ""C"": 0.01, ""src"": ""inner_cv"", ""thr"": 0.4712}]",173.72,bootstrap unit: molecule
T3,native,random,all,fg_lactam,F2.lt1700,lr,bal_acc,0.6823,0.6522,0.7117,0.5,,,,5141,5141,1000,20846,inner_cv,"[{""fold"": ""random"", ""C"": 0.01, ""src"": ""inner_cv"", ""thr"": 0.4712}]",173.72,bootstrap unit: molecule
T3,native,random,all,fg_lactam,F2.lt1700,hgb,auroc,0.8024,0.7739,0.826,0.5,,,,5141,5141,1000,20846,inner_cv,"[{""fold"": ""random"", ""src"": ""inner_cv"", ""thr"": 0.2636}]",52.52,bootstrap unit: molecule
T3,native,random,all,fg_lactam,F2.lt1700,hgb,auprc,0.247,0.1981,0.3059,0.0461,,,,5141,5141,1000,20846,inner_cv,"[{""fold"": ""random"", ""src"": ""inner_cv"", ""thr"": 0.2636}]",52.52,bootstrap unit: molecule
T3,native,random,all,fg_lactam,F2.lt1700,hgb,bal_acc,0.7132,0.6833,0.7381,0.5,,,,5141,5141,1000,20846,inner_cv,"[{""fold"": ""random"", ""src"": ""inner_cv"", ""thr"": 0.2636}]",52.52,bootstrap unit: molecule
T3,native,random,all,fg_lactam,F2.lt1700,knn,auroc,0.6703,0.6356,0.7042,0.5,,,,5141,5141,1000,20846,inner_cv,"[{""fold"": ""random"", ""k"": 10, ""src"": ""inner_cv"", ""thr"": 0.0864}]",285.37,bootstrap unit: molecule
T3,native,random,all,fg_lactam,F2.lt1700,knn,auprc,0.1236,0.0953,0.1604,0.0461,,,,5141,5141,1000,20846,inner_cv,"[{""fold"": ""random"", ""k"": 10, ""src"": ""inner_cv"", ""thr"": 0.0864}]",285.37,bootstrap unit: molecule
T3,native,random,all,fg_lactam,F2.lt1700,knn,bal_acc,0.657,0.6248,0.6879,0.5,,,,5141,5141,1000,20846,inner_cv,"[{""fold"": ""random"", ""k"": 10, ""src"": ""inner_cv"", ""thr"": 0.0864}]",285.37,bootstrap unit: molecule
T3,native,random,all,fg_lactam,F3.lt1700,majority,auroc,0.5,0.5,0.5,0.5,,,,5141,5141,1000,20846,fixed,"[{""fold"": ""random"", ""src"": ""fixed"", ""thr"": 0.5}]",2.1,bootstrap unit: molecule
T3,native,random,all,fg_lactam,F3.lt1700,majority,auprc,0.0461,0.0405,0.0519,0.0461,,,,5141,5141,1000,20846,fixed,"[{""fold"": ""random"", ""src"": ""fixed"", ""thr"": 0.5}]",2.1,bootstrap unit: molecule
T3,native,random,all,fg_lactam,F3.lt1700,majority,bal_acc,0.5,0.5,0.5,0.5,,,,5141,5141,1000,20846,fixed,"[{""fold"": ""random"", ""src"": ""fixed"", ""thr"": 0.5}]",2.1,bootstrap unit: molecule
T3,native,random,all,fg_lactam,F3.lt1700,lr,auroc,0.7721,0.7428,0.7988,0.5,,,,5141,5141,1000,20846,inner_cv,"[{""fold"": ""random"", ""C"": 0.01, ""src"": ""inner_cv"", ""thr"": 0.4678}]",159.6,bootstrap unit: molecule
T3,native,random,all,fg_lactam,F3.lt1700,lr,auprc,0.153,0.1226,0.1969,0.0461,,,,5141,5141,1000,20846,inner_cv,"[{""fold"": ""random"", ""C"": 0.01, ""src"": ""inner_cv"", ""thr"": 0.4678}]",159.6,bootstrap unit: molecule
T3,native,random,all,fg_lactam,F3.lt1700,lr,bal_acc,0.6938,0.6628,0.723,0.5,,,,5141,5141,1000,20846,inner_cv,"[{""fold"": ""random"", ""C"": 0.01, ""src"": ""inner_cv"", ""thr"": 0.4678}]",159.6,bootstrap unit: molecule
T3,native,random,all,fg_lactam,F3.lt1700,hgb,auroc,0.9053,0.8899,0.9189,0.5,,,,5141,5141,1000,20846,inner_cv,"[{""fold"": ""random"", ""src"": ""inner_cv"", ""thr"": 0.2204}]",44.58,bootstrap unit: molecule
T3,native,random,all,fg_lactam,F3.lt1700,hgb,auprc,0.332,0.2793,0.3907,0.0461,,,,5141,5141,1000,20846,inner_cv,"[{""fold"": ""random"", ""src"": ""inner_cv"", ""thr"": 0.2204}]",44.58,bootstrap unit: molecule
T3,native,random,all,fg_lactam,F3.lt1700,hgb,bal_acc,0.8358,0.8196,0.8506,0.5,,,,5141,5141,1000,20846,inner_cv,"[{""fold"": ""random"", ""src"": ""inner_cv"", ""thr"": 0.2204}]",44.58,bootstrap unit: molecule
T3,native,random,all,fg_lactam,F3.lt1700,knn,auroc,0.6934,0.6578,0.7285,0.5,,,,5141,5141,1000,20846,inner_cv,"[{""fold"": ""random"", ""k"": 10, ""src"": ""inner_cv"", ""thr"": 0.0878}]",263.41,bootstrap unit: molecule
T3,native,random,all,fg_lactam,F3.lt1700,knn,auprc,0.1726,0.1311,0.2226,0.0461,,,,5141,5141,1000,20846,inner_cv,"[{""fold"": ""random"", ""k"": 10, ""src"": ""inner_cv"", ""thr"": 0.0878}]",263.41,bootstrap unit: molecule
T3,native,random,all,fg_lactam,F3.lt1700,knn,bal_acc,0.6769,0.6453,0.7097,0.5,,,,5141,5141,1000,20846,inner_cv,"[{""fold"": ""random"", ""k"": 10, ""src"": ""inner_cv"", ""thr"": 0.0878}]",263.41,bootstrap unit: molecule
T3,native,scaffold,all,fg_primary_amine,F1,majority,auroc,0.5,0.5,0.5,0.5,,,,5198,4222,1000,20789,fixed,"[{""fold"": ""scaffold"", ""src"": ""fixed"", ""thr"": 0.5}]",1.52,bootstrap unit: scaffold
T3,native,scaffold,all,fg_primary_amine,F1,majority,auprc,0.0056,0.0037,0.0078,0.0056,,,,5198,4222,1000,20789,fixed,"[{""fold"": ""scaffold"", ""src"": ""fixed"", ""thr"": 0.5}]",1.52,bootstrap unit: scaffold
T3,native,scaffold,all,fg_primary_amine,F1,majority,bal_acc,0.5,0.5,0.5,0.5,,,,5198,4222,1000,20789,fixed,"[{""fold"": ""scaffold"", ""src"": ""fixed"", ""thr"": 0.5}]",1.52,bootstrap unit: scaffold
T3,native,scaffold,all,fg_primary_amine,F1,lr,auroc,0.7788,0.6786,0.8602,0.5,0.0099,100,0.5023,5198,4222,1000,20789,inner_cv,"[{""fold"": ""scaffold"", ""C"": 0.1, ""src"": ""inner_cv"", ""thr"": 0.45}]",4.1,bootstrap unit: scaffold
T3,native,scaffold,all,fg_primary_amine,F1,lr,auprc,0.0189,0.0108,0.0317,0.0056,,,,5198,4222,1000,20789,inner_cv,"[{""fold"": ""scaffold"", ""C"": 0.1, ""src"": ""inner_cv"", ""thr"": 0.45}]",4.1,bootstrap unit: scaffold
T3,native,scaffold,all,fg_primary_amine,F1,lr,bal_acc,0.7413,0.6513,0.8184,0.5,,,,5198,4222,1000,20789,inner_cv,"[{""fold"": ""scaffold"", ""C"": 0.1, ""src"": ""inner_cv"", ""thr"": 0.45}]",4.1,bootstrap unit: scaffold
T3,native,scaffold,all,fg_primary_amine,F1,hgb,auroc,0.9659,0.9326,0.9883,0.5,,,,5198,4222,1000,20789,inner_cv,"[{""fold"": ""scaffold"", ""src"": ""inner_cv"", ""thr"": 0.168}]",4.99,bootstrap unit: scaffold
T3,native,scaffold,all,fg_primary_amine,F1,hgb,auprc,0.2673,0.1439,0.44,0.0056,,,,5198,4222,1000,20789,inner_cv,"[{""fold"": ""scaffold"", ""src"": ""inner_cv"", ""thr"": 0.168}]",4.99,bootstrap unit: scaffold
T3,native,scaffold,all,fg_primary_amine,F1,hgb,bal_acc,0.9095,0.8576,0.9459,0.5,,,,5198,4222,1000,20789,inner_cv,"[{""fold"": ""scaffold"", ""src"": ""inner_cv"", ""thr"": 0.168}]",4.99,bootstrap unit: scaffold
T3,native,scaffold,all,fg_primary_amine,F1,knn,auroc,0.5912,0.4981,0.6911,0.5,,,,5198,4222,1000,20789,inner_cv,"[{""fold"": ""scaffold"", ""k"": 10, ""src"": ""inner_cv"", ""thr"": 0.0918}]",156.73,bootstrap unit: scaffold
T3,native,scaffold,all,fg_primary_amine,F1,knn,auprc,0.0813,0.0073,0.2078,0.0056,,,,5198,4222,1000,20789,inner_cv,"[{""fold"": ""scaffold"", ""k"": 10, ""src"": ""inner_cv"", ""thr"": 0.0918}]",156.73,bootstrap unit: scaffold
T3,native,scaffold,all,fg_primary_amine,F1,knn,bal_acc,0.5614,0.4788,0.6466,0.5,,,,5198,4222,1000,20789,inner_cv,"[{""fold"": ""scaffold"", ""k"": 10, ""src"": ""inner_cv"", ""thr"": 0.0918}]",156.73,bootstrap unit: scaffold
T3,native,scaffold,all,fg_primary_amine,F1pos,majority,auroc,0.5,0.5,0.5,0.5,,,,5198,4222,1000,20789,fixed,"[{""fold"": ""scaffold"", ""src"": ""fixed"", ""thr"": 0.5}]",3.38,bootstrap unit: scaffold
T3,native,scaffold,all,fg_primary_amine,F1pos,majority,auprc,0.0056,0.0037,0.0078,0.0056,,,,5198,4222,1000,20789,fixed,"[{""fold"": ""scaffold"", ""src"": ""fixed"", ""thr"": 0.5}]",3.38,bootstrap unit: scaffold
T3,native,scaffold,all,fg_primary_amine,F1pos,majority,bal_acc,0.5,0.5,0.5,0.5,,,,5198,4222,1000,20789,fixed,"[{""fold"": ""scaffold"", ""src"": ""fixed"", ""thr"": 0.5}]",3.38,bootstrap unit: scaffold
T3,native,scaffold,all,fg_primary_amine,F1pos,lr,auroc,0.9517,0.9325,0.968,0.5,,,,5198,4222,1000,20789,inner_cv,"[{""fold"": ""scaffold"", ""C"": 0.01, ""src"": ""inner_cv"", ""thr"": 0.2839}]",5.85,bootstrap unit: scaffold
T3,native,scaffold,all,fg_primary_amine,F1pos,lr,auprc,0.1213,0.0527,0.2742,0.0056,,,,5198,4222,1000,20789,inner_cv,"[{""fold"": ""scaffold"", ""C"": 0.01, ""src"": ""inner_cv"", ""thr"": 0.2839}]",5.85,bootstrap unit: scaffold
T3,native,scaffold,all,fg_primary_amine,F1pos,lr,bal_acc,0.8991,0.8539,0.9204,0.5,,,,5198,4222,1000,20789,inner_cv,"[{""fold"": ""scaffold"", ""C"": 0.01, ""src"": ""inner_cv"", ""thr"": 0.2839}]",5.85,bootstrap unit: scaffold
T3,native,scaffold,all,fg_primary_amine,F1pos,hgb,auroc,0.9449,0.9235,0.9628,0.5,,,,5198,4222,1000,20789,inner_cv,"[{""fold"": ""scaffold"", ""src"": ""inner_cv"", ""thr"": 0.1158}]",7.91,bootstrap unit: scaffold
T3,native,scaffold,all,fg_primary_amine,F1pos,hgb,auprc,0.0711,0.0399,0.1396,0.0056,,,,5198,4222,1000,20789,inner_cv,"[{""fold"": ""scaffold"", ""src"": ""inner_cv"", ""thr"": 0.1158}]",7.91,bootstrap unit: scaffold
T3,native,scaffold,all,fg_primary_amine,F1pos,hgb,bal_acc,0.9039,0.8983,0.9097,0.5,,,,5198,4222,1000,20789,inner_cv,"[{""fold"": ""scaffold"", ""src"": ""inner_cv"", ""thr"": 0.1158}]",7.91,bootstrap unit: scaffold
T3,native,scaffold,all,fg_primary_amine,F1pos,knn,auroc,0.5727,0.4897,0.6656,0.5,,,,5198,4222,1000,20789,inner_cv,"[{""fold"": ""scaffold"", ""k"": 10, ""src"": ""inner_cv"", ""thr"": 0.0935}]",198.92,bootstrap unit: scaffold
T3,native,scaffold,all,fg_primary_amine,F1pos,knn,auprc,0.014,0.0054,0.0454,0.0056,,,,5198,4222,1000,20789,inner_cv,"[{""fold"": ""scaffold"", ""k"": 10, ""src"": ""inner_cv"", ""thr"": 0.0935}]",198.92,bootstrap unit: scaffold
T3,native,scaffold,all,fg_primary_amine,F1pos,knn,bal_acc,0.5706,0.4888,0.6578,0.5,,,,5198,4222,1000,20789,inner_cv,"[{""fold"": ""scaffold"", ""k"": 10, ""src"": ""inner_cv"", ""thr"": 0.0935}]",198.92,bootstrap unit: scaffold
T3,native,scaffold,all,fg_primary_amine,F2,majority,auroc,0.5,0.5,0.5,0.5,,,,5198,4222,1000,20789,fixed,"[{""fold"": ""scaffold"", ""src"": ""fixed"", ""thr"": 0.5}]",9.79,bootstrap unit: scaffold
T3,native,scaffold,all,fg_primary_amine,F2,majority,auprc,0.0056,0.0037,0.0078,0.0056,,,,5198,4222,1000,20789,fixed,"[{""fold"": ""scaffold"", ""src"": ""fixed"", ""thr"": 0.5}]",9.79,bootstrap unit: scaffold
T3,native,scaffold,all,fg_primary_amine,F2,majority,bal_acc,0.5,0.5,0.5,0.5,,,,5198,4222,1000,20789,fixed,"[{""fold"": ""scaffold"", ""src"": ""fixed"", ""thr"": 0.5}]",9.79,bootstrap unit: scaffold
T3,native,scaffold,all,fg_primary_amine,F2,lr,auroc,0.7119,0.5965,0.8148,0.5,,,,5198,4222,1000,20789,inner_cv,"[{""fold"": ""scaffold"", ""C"": 0.01, ""src"": ""inner_cv"", ""thr"": 0.3121}]",141.63,bootstrap unit: scaffold
T3,native,scaffold,all,fg_primary_amine,F2,lr,auprc,0.0161,0.0088,0.0321,0.0056,,,,5198,4222,1000,20789,inner_cv,"[{""fold"": ""scaffold"", ""C"": 0.01, ""src"": ""inner_cv"", ""thr"": 0.3121}]",141.63,bootstrap unit: scaffold
T3,native,scaffold,all,fg_primary_amine,F2,lr,bal_acc,0.6533,0.5618,0.7333,0.5,,,,5198,4222,1000,20789,inner_cv,"[{""fold"": ""scaffold"", ""C"": 0.01, ""src"": ""inner_cv"", ""thr"": 0.3121}]",141.63,bootstrap unit: scaffold
T3,native,scaffold,all,fg_primary_amine,F2,hgb,auroc,0.9679,0.9401,0.9879,0.5,,,,5198,4222,1000,20789,inner_cv,"[{""fold"": ""scaffold"", ""src"": ""inner_cv"", ""thr"": 0.0343}]",80.21,bootstrap unit: scaffold
T3,native,scaffold,all,fg_primary_amine,F2,hgb,auprc,0.4823,0.2884,0.6823,0.0056,,,,5198,4222,1000,20789,inner_cv,"[{""fold"": ""scaffold"", ""src"": ""inner_cv"", ""thr"": 0.0343}]",80.21,bootstrap unit: scaffold
T3,native,scaffold,all,fg_primary_amine,F2,hgb,bal_acc,0.8934,0.8398,0.9304,0.5,,,,5198,4222,1000,20789,inner_cv,"[{""fold"": ""scaffold"", ""src"": ""inner_cv"", ""thr"": 0.0343}]",80.21,bootstrap unit: scaffold
T3,native,scaffold,all,fg_primary_amine,F2,knn,auroc,0.5774,0.4995,0.6758,0.5,,,,5198,4222,1000,20789,inner_cv,"[{""fold"": ""scaffold"", ""k"": 10, ""src"": ""inner_cv"", ""thr"": 0.0933}]",243.12,bootstrap unit: scaffold
T3,native,scaffold,all,fg_primary_amine,F2,knn,auprc,0.0372,0.0068,0.1406,0.0056,,,,5198,4222,1000,20789,inner_cv,"[{""fold"": ""scaffold"", ""k"": 10, ""src"": ""inner_cv"", ""thr"": 0.0933}]",243.12,bootstrap unit: scaffold
T3,native,scaffold,all,fg_primary_amine,F2,knn,bal_acc,0.5337,0.4685,0.6105,0.5,,,,5198,4222,1000,20789,inner_cv,"[{""fold"": ""scaffold"", ""k"": 10, ""src"": ""inner_cv"", ""thr"": 0.0933}]",243.12,bootstrap unit: scaffold
T3,native,scaffold,all,fg_primary_amine,F3,majority,auroc,0.5,0.5,0.5,0.5,,,,5198,4222,1000,20789,fixed,"[{""fold"": ""scaffold"", ""src"": ""fixed"", ""thr"": 0.5}]",6.33,bootstrap unit: scaffold
T3,native,scaffold,all,fg_primary_amine,F3,majority,auprc,0.0056,0.0037,0.0078,0.0056,,,,5198,4222,1000,20789,fixed,"[{""fold"": ""scaffold"", ""src"": ""fixed"", ""thr"": 0.5}]",6.33,bootstrap unit: scaffold
T3,native,scaffold,all,fg_primary_amine,F3,majority,bal_acc,0.5,0.5,0.5,0.5,,,,5198,4222,1000,20789,fixed,"[{""fold"": ""scaffold"", ""src"": ""fixed"", ""thr"": 0.5}]",6.33,bootstrap unit: scaffold
T3,native,scaffold,all,fg_primary_amine,F3,lr,auroc,0.7714,0.6757,0.8508,0.5,,,,5198,4222,1000,20789,inner_cv,"[{""fold"": ""scaffold"", ""C"": 0.01, ""src"": ""inner_cv"", ""thr"": 0.4048}]",144.86,bootstrap unit: scaffold
T3,native,scaffold,all,fg_primary_amine,F3,lr,auprc,0.0179,0.0102,0.0339,0.0056,,,,5198,4222,1000,20789,inner_cv,"[{""fold"": ""scaffold"", ""C"": 0.01, ""src"": ""inner_cv"", ""thr"": 0.4048}]",144.86,bootstrap unit: scaffold
T3,native,scaffold,all,fg_primary_amine,F3,lr,bal_acc,0.7226,0.6378,0.7975,0.5,,,,5198,4222,1000,20789,inner_cv,"[{""fold"": ""scaffold"", ""C"": 0.01, ""src"": ""inner_cv"", ""thr"": 0.4048}]",144.86,bootstrap unit: scaffold
T3,native,scaffold,all,fg_primary_amine,F3,hgb,auroc,0.9743,0.9504,0.9909,0.5,,,,5198,4222,1000,20789,inner_cv,"[{""fold"": ""scaffold"", ""src"": ""inner_cv"", ""thr"": 0.0317}]",75.27,bootstrap unit: scaffold
T3,native,scaffold,all,fg_primary_amine,F3,hgb,auprc,0.5366,0.3496,0.7267,0.0056,,,,5198,4222,1000,20789,inner_cv,"[{""fold"": ""scaffold"", ""src"": ""inner_cv"", ""thr"": 0.0317}]",75.27,bootstrap unit: scaffold
T3,native,scaffold,all,fg_primary_amine,F3,hgb,bal_acc,0.9001,0.8477,0.9369,0.5,,,,5198,4222,1000,20789,inner_cv,"[{""fold"": ""scaffold"", ""src"": ""inner_cv"", ""thr"": 0.0317}]",75.27,bootstrap unit: scaffold
T3,native,scaffold,all,fg_primary_amine,F3,knn,auroc,0.5834,0.4987,0.6773,0.5,,,,5198,4222,1000,20789,inner_cv,"[{""fold"": ""scaffold"", ""k"": 10, ""src"": ""inner_cv"", ""thr"": 0.0832}]",290.2,bootstrap unit: scaffold
T3,native,scaffold,all,fg_primary_amine,F3,knn,auprc,0.0604,0.0073,0.1698,0.0056,,,,5198,4222,1000,20789,inner_cv,"[{""fold"": ""scaffold"", ""k"": 10, ""src"": ""inner_cv"", ""thr"": 0.0832}]",290.2,bootstrap unit: scaffold
T3,native,scaffold,all,fg_primary_amine,F3,knn,bal_acc,0.5797,0.4973,0.6706,0.5,,,,5198,4222,1000,20789,inner_cv,"[{""fold"": ""scaffold"", ""k"": 10, ""src"": ""inner_cv"", ""thr"": 0.0832}]",290.2,bootstrap unit: scaffold
T3,native,scaffold,all,fg_primary_amine,F1.sqrt,majority,auroc,0.5,0.5,0.5,0.5,,,,5198,4222,1000,20789,fixed,"[{""fold"": ""scaffold"", ""src"": ""fixed"", ""thr"": 0.5}]",1.25,bootstrap unit: scaffold
T3,native,scaffold,all,fg_primary_amine,F1.sqrt,majority,auprc,0.0056,0.0037,0.0078,0.0056,,,,5198,4222,1000,20789,fixed,"[{""fold"": ""scaffold"", ""src"": ""fixed"", ""thr"": 0.5}]",1.25,bootstrap unit: scaffold
T3,native,scaffold,all,fg_primary_amine,F1.sqrt,majority,bal_acc,0.5,0.5,0.5,0.5,,,,5198,4222,1000,20789,fixed,"[{""fold"": ""scaffold"", ""src"": ""fixed"", ""thr"": 0.5}]",1.25,bootstrap unit: scaffold
T3,native,scaffold,all,fg_primary_amine,F1.sqrt,lr,auroc,0.8942,0.8584,0.922,0.5,,,,5198,4222,1000,20789,inner_cv,"[{""fold"": ""scaffold"", ""C"": 0.01, ""src"": ""inner_cv"", ""thr"": 0.3751}]",3.24,bootstrap unit: scaffold
T3,native,scaffold,all,fg_primary_amine,F1.sqrt,lr,auprc,0.032,0.019,0.0681,0.0056,,,,5198,4222,1000,20789,inner_cv,"[{""fold"": ""scaffold"", ""C"": 0.01, ""src"": ""inner_cv"", ""thr"": 0.3751}]",3.24,bootstrap unit: scaffold
T3,native,scaffold,all,fg_primary_amine,F1.sqrt,lr,bal_acc,0.8155,0.7368,0.8819,0.5,,,,5198,4222,1000,20789,inner_cv,"[{""fold"": ""scaffold"", ""C"": 0.01, ""src"": ""inner_cv"", ""thr"": 0.3751}]",3.24,bootstrap unit: scaffold
T3,native,scaffold,all,fg_primary_amine,F1.sqrt,hgb,auroc,0.9659,0.9326,0.9883,0.5,,,,5198,4222,1000,20789,inner_cv,"[{""fold"": ""scaffold"", ""src"": ""inner_cv"", ""thr"": 0.168}]",4.44,bootstrap unit: scaffold
T3,native,scaffold,all,fg_primary_amine,F1.sqrt,hgb,auprc,0.2673,0.1439,0.44,0.0056,,,,5198,4222,1000,20789,inner_cv,"[{""fold"": ""scaffold"", ""src"": ""inner_cv"", ""thr"": 0.168}]",4.44,bootstrap unit: scaffold
T3,native,scaffold,all,fg_primary_amine,F1.sqrt,hgb,bal_acc,0.9095,0.8576,0.9459,0.5,,,,5198,4222,1000,20789,inner_cv,"[{""fold"": ""scaffold"", ""src"": ""inner_cv"", ""thr"": 0.168}]",4.44,bootstrap unit: scaffold
T3,native,scaffold,all,fg_primary_amine,F1.sqrt,knn,auroc,0.6612,0.5691,0.7502,0.5,,,,5198,4222,1000,20789,inner_cv,"[{""fold"": ""scaffold"", ""k"": 10, ""src"": ""inner_cv"", ""thr"": 0.0938}]",188.47,bootstrap unit: scaffold
T3,native,scaffold,all,fg_primary_amine,F1.sqrt,knn,auprc,0.0519,0.0078,0.1434,0.0056,,,,5198,4222,1000,20789,inner_cv,"[{""fold"": ""scaffold"", ""k"": 10, ""src"": ""inner_cv"", ""thr"": 0.0938}]",188.47,bootstrap unit: scaffold
T3,native,scaffold,all,fg_primary_amine,F1.sqrt,knn,bal_acc,0.6432,0.5515,0.7322,0.5,,,,5198,4222,1000,20789,inner_cv,"[{""fold"": ""scaffold"", ""k"": 10, ""src"": ""inner_cv"", ""thr"": 0.0938}]",188.47,bootstrap unit: scaffold
T3,native,scaffold,all,fg_primary_amine,F2.lt1700,majority,auroc,0.5,0.5,0.5,0.5,,,,5198,4222,1000,20789,fixed,"[{""fold"": ""scaffold"", ""src"": ""fixed"", ""thr"": 0.5}]",5.48,bootstrap unit: scaffold
T3,native,scaffold,all,fg_primary_amine,F2.lt1700,majority,auprc,0.0056,0.0037,0.0078,0.0056,,,,5198,4222,1000,20789,fixed,"[{""fold"": ""scaffold"", ""src"": ""fixed"", ""thr"": 0.5}]",5.48,bootstrap unit: scaffold
T3,native,scaffold,all,fg_primary_amine,F2.lt1700,majority,bal_acc,0.5,0.5,0.5,0.5,,,,5198,4222,1000,20789,fixed,"[{""fold"": ""scaffold"", ""src"": ""fixed"", ""thr"": 0.5}]",5.48,bootstrap unit: scaffold
T3,native,scaffold,all,fg_primary_amine,F2.lt1700,lr,auroc,0.74,0.6283,0.8377,0.5,,,,5198,4222,1000,20789,inner_cv,"[{""fold"": ""scaffold"", ""C"": 0.01, ""src"": ""inner_cv"", ""thr"": 0.3122}]",138.83,bootstrap unit: scaffold
T3,native,scaffold,all,fg_primary_amine,F2.lt1700,lr,auprc,0.0175,0.0097,0.0333,0.0056,,,,5198,4222,1000,20789,inner_cv,"[{""fold"": ""scaffold"", ""C"": 0.01, ""src"": ""inner_cv"", ""thr"": 0.3122}]",138.83,bootstrap unit: scaffold
T3,native,scaffold,all,fg_primary_amine,F2.lt1700,lr,bal_acc,0.6856,0.6002,0.7576,0.5,,,,5198,4222,1000,20789,inner_cv,"[{""fold"": ""scaffold"", ""C"": 0.01, ""src"": ""inner_cv"", ""thr"": 0.3122}]",138.83,bootstrap unit: scaffold
T3,native,scaffold,all,fg_primary_amine,F2.lt1700,hgb,auroc,0.9629,0.9307,0.9868,0.5,,,,5198,4222,1000,20789,inner_cv,"[{""fold"": ""scaffold"", ""src"": ""inner_cv"", ""thr"": 0.035}]",60.92,bootstrap unit: scaffold
T3,native,scaffold,all,fg_primary_amine,F2.lt1700,hgb,auprc,0.4501,0.2621,0.6468,0.0056,,,,5198,4222,1000,20789,inner_cv,"[{""fold"": ""scaffold"", ""src"": ""inner_cv"", ""thr"": 0.035}]",60.92,bootstrap unit: scaffold
T3,native,scaffold,all,fg_primary_amine,F2.lt1700,hgb,bal_acc,0.8906,0.8366,0.9277,0.5,,,,5198,4222,1000,20789,inner_cv,"[{""fold"": ""scaffold"", ""src"": ""inner_cv"", ""thr"": 0.035}]",60.92,bootstrap unit: scaffold
T3,native,scaffold,all,fg_primary_amine,F2.lt1700,knn,auroc,0.5807,0.4964,0.6668,0.5,,,,5198,4222,1000,20789,inner_cv,"[{""fold"": ""scaffold"", ""k"": 10, ""src"": ""inner_cv"", ""thr"": 0.0923}]",264.64,bootstrap unit: scaffold
T3,native,scaffold,all,fg_primary_amine,F2.lt1700,knn,auprc,0.0487,0.0052,0.1413,0.0056,,,,5198,4222,1000,20789,inner_cv,"[{""fold"": ""scaffold"", ""k"": 10, ""src"": ""inner_cv"", ""thr"": 0.0923}]",264.64,bootstrap unit: scaffold
T3,native,scaffold,all,fg_primary_amine,F2.lt1700,knn,bal_acc,0.5513,0.4843,0.635,0.5,,,,5198,4222,1000,20789,inner_cv,"[{""fold"": ""scaffold"", ""k"": 10, ""src"": ""inner_cv"", ""thr"": 0.0923}]",264.64,bootstrap unit: scaffold
T3,native,scaffold,all,fg_primary_amine,F3.lt1700,majority,auroc,0.5,0.5,0.5,0.5,,,,5198,4222,1000,20789,fixed,"[{""fold"": ""scaffold"", ""src"": ""fixed"", ""thr"": 0.5}]",1.45,bootstrap unit: scaffold
T3,native,scaffold,all,fg_primary_amine,F3.lt1700,majority,auprc,0.0056,0.0037,0.0078,0.0056,,,,5198,4222,1000,20789,fixed,"[{""fold"": ""scaffold"", ""src"": ""fixed"", ""thr"": 0.5}]",1.45,bootstrap unit: scaffold
T3,native,scaffold,all,fg_primary_amine,F3.lt1700,majority,bal_acc,0.5,0.5,0.5,0.5,,,,5198,4222,1000,20789,fixed,"[{""fold"": ""scaffold"", ""src"": ""fixed"", ""thr"": 0.5}]",1.45,bootstrap unit: scaffold
T3,native,scaffold,all,fg_primary_amine,F3.lt1700,lr,auroc,0.7661,0.6652,0.8522,0.5,,,,5198,4222,1000,20789,inner_cv,"[{""fold"": ""scaffold"", ""C"": 0.01, ""src"": ""inner_cv"", ""thr"": 0.3996}]",173.06,bootstrap unit: scaffold
T3,native,scaffold,all,fg_primary_amine,F3.lt1700,lr,auprc,0.0184,0.0101,0.0348,0.0056,,,,5198,4222,1000,20789,inner_cv,"[{""fold"": ""scaffold"", ""C"": 0.01, ""src"": ""inner_cv"", ""thr"": 0.3996}]",173.06,bootstrap unit: scaffold
T3,native,scaffold,all,fg_primary_amine,F3.lt1700,lr,bal_acc,0.7367,0.6518,0.808,0.5,,,,5198,4222,1000,20789,inner_cv,"[{""fold"": ""scaffold"", ""C"": 0.01, ""src"": ""inner_cv"", ""thr"": 0.3996}]",173.06,bootstrap unit: scaffold
T3,native,scaffold,all,fg_primary_amine,F3.lt1700,hgb,auroc,0.9758,0.9534,0.9914,0.5,0.0099,100,0.5013,5198,4222,1000,20789,inner_cv,"[{""fold"": ""scaffold"", ""src"": ""inner_cv"", ""thr"": 0.0506}]",98.52,bootstrap unit: scaffold
T3,native,scaffold,all,fg_primary_amine,F3.lt1700,hgb,auprc,0.4883,0.2977,0.6765,0.0056,,,,5198,4222,1000,20789,inner_cv,"[{""fold"": ""scaffold"", ""src"": ""inner_cv"", ""thr"": 0.0506}]",98.52,bootstrap unit: scaffold
T3,native,scaffold,all,fg_primary_amine,F3.lt1700,hgb,bal_acc,0.9178,0.8645,0.9541,0.5,,,,5198,4222,1000,20789,inner_cv,"[{""fold"": ""scaffold"", ""src"": ""inner_cv"", ""thr"": 0.0506}]",98.52,bootstrap unit: scaffold
T3,native,scaffold,all,fg_primary_amine,F3.lt1700,knn,auroc,0.5855,0.5024,0.6762,0.5,,,,5198,4222,1000,20789,inner_cv,"[{""fold"": ""scaffold"", ""k"": 10, ""src"": ""inner_cv"", ""thr"": 0.077}]",244.82,bootstrap unit: scaffold
T3,native,scaffold,all,fg_primary_amine,F3.lt1700,knn,auprc,0.0509,0.006,0.1455,0.0056,,,,5198,4222,1000,20789,inner_cv,"[{""fold"": ""scaffold"", ""k"": 10, ""src"": ""inner_cv"", ""thr"": 0.077}]",244.82,bootstrap unit: scaffold
T3,native,scaffold,all,fg_primary_amine,F3.lt1700,knn,bal_acc,0.5835,0.5021,0.6738,0.5,,,,5198,4222,1000,20789,inner_cv,"[{""fold"": ""scaffold"", ""k"": 10, ""src"": ""inner_cv"", ""thr"": 0.077}]",244.82,bootstrap unit: scaffold
T3,native,scaffold,all,fg_secondary_amine,F1,majority,auroc,0.5,0.5,0.5,0.5,,,,5198,4222,1000,20789,fixed,"[{""fold"": ""scaffold"", ""src"": ""fixed"", ""thr"": 0.5}]",1.18,bootstrap unit: scaffold
T3,native,scaffold,all,fg_secondary_amine,F1,majority,auprc,0.1441,0.1336,0.1555,0.1441,,,,5198,4222,1000,20789,fixed,"[{""fold"": ""scaffold"", ""src"": ""fixed"", ""thr"": 0.5}]",1.18,bootstrap unit: scaffold
T3,native,scaffold,all,fg_secondary_amine,F1,majority,bal_acc,0.5,0.5,0.5,0.5,,,,5198,4222,1000,20789,fixed,"[{""fold"": ""scaffold"", ""src"": ""fixed"", ""thr"": 0.5}]",1.18,bootstrap unit: scaffold
T3,native,scaffold,all,fg_secondary_amine,F1,lr,auroc,0.6616,0.6376,0.686,0.5,0.0099,100,0.5015,5198,4222,1000,20789,inner_cv,"[{""fold"": ""scaffold"", ""C"": 0.1, ""src"": ""inner_cv"", ""thr"": 0.5024}]",3.56,bootstrap unit: scaffold
T3,native,scaffold,all,fg_secondary_amine,F1,lr,auprc,0.2858,0.2534,0.3223,0.1441,,,,5198,4222,1000,20789,inner_cv,"[{""fold"": ""scaffold"", ""C"": 0.1, ""src"": ""inner_cv"", ""thr"": 0.5024}]",3.56,bootstrap unit: scaffold
T3,native,scaffold,all,fg_secondary_amine,F1,lr,bal_acc,0.6238,0.6036,0.6434,0.5,,,,5198,4222,1000,20789,inner_cv,"[{""fold"": ""scaffold"", ""C"": 0.1, ""src"": ""inner_cv"", ""thr"": 0.5024}]",3.56,bootstrap unit: scaffold
T3,native,scaffold,all,fg_secondary_amine,F1,hgb,auroc,0.6526,0.6283,0.6751,0.5,,,,5198,4222,1000,20789,inner_cv,"[{""fold"": ""scaffold"", ""src"": ""inner_cv"", ""thr"": 0.4206}]",4.83,bootstrap unit: scaffold
T3,native,scaffold,all,fg_secondary_amine,F1,hgb,auprc,0.2815,0.249,0.3176,0.1441,,,,5198,4222,1000,20789,inner_cv,"[{""fold"": ""scaffold"", ""src"": ""inner_cv"", ""thr"": 0.4206}]",4.83,bootstrap unit: scaffold
T3,native,scaffold,all,fg_secondary_amine,F1,hgb,bal_acc,0.5945,0.5737,0.6134,0.5,,,,5198,4222,1000,20789,inner_cv,"[{""fold"": ""scaffold"", ""src"": ""inner_cv"", ""thr"": 0.4206}]",4.83,bootstrap unit: scaffold
T3,native,scaffold,all,fg_secondary_amine,F1,knn,auroc,0.5741,0.552,0.5958,0.5,,,,5198,4222,1000,20789,inner_cv,"[{""fold"": ""scaffold"", ""k"": 10, ""src"": ""inner_cv"", ""thr"": 0.0983}]",162.19,bootstrap unit: scaffold
T3,native,scaffold,all,fg_secondary_amine,F1,knn,auprc,0.1973,0.1775,0.2236,0.1441,,,,5198,4222,1000,20789,inner_cv,"[{""fold"": ""scaffold"", ""k"": 10, ""src"": ""inner_cv"", ""thr"": 0.0983}]",162.19,bootstrap unit: scaffold
T3,native,scaffold,all,fg_secondary_amine,F1,knn,bal_acc,0.5604,0.5422,0.5797,0.5,,,,5198,4222,1000,20789,inner_cv,"[{""fold"": ""scaffold"", ""k"": 10, ""src"": ""inner_cv"", ""thr"": 0.0983}]",162.19,bootstrap unit: scaffold
T3,native,scaffold,all,fg_secondary_amine,F1pos,majority,auroc,0.5,0.5,0.5,0.5,,,,5198,4222,1000,20789,fixed,"[{""fold"": ""scaffold"", ""src"": ""fixed"", ""thr"": 0.5}]",1.41,bootstrap unit: scaffold
T3,native,scaffold,all,fg_secondary_amine,F1pos,majority,auprc,0.1441,0.1336,0.1555,0.1441,,,,5198,4222,1000,20789,fixed,"[{""fold"": ""scaffold"", ""src"": ""fixed"", ""thr"": 0.5}]",1.41,bootstrap unit: scaffold
T3,native,scaffold,all,fg_secondary_amine,F1pos,majority,bal_acc,0.5,0.5,0.5,0.5,,,,5198,4222,1000,20789,fixed,"[{""fold"": ""scaffold"", ""src"": ""fixed"", ""thr"": 0.5}]",1.41,bootstrap unit: scaffold
T3,native,scaffold,all,fg_secondary_amine,F1pos,lr,auroc,0.635,0.6112,0.6565,0.5,,,,5198,4222,1000,20789,inner_cv,"[{""fold"": ""scaffold"", ""C"": 0.01, ""src"": ""inner_cv"", ""thr"": 0.4668}]",4.47,bootstrap unit: scaffold
T3,native,scaffold,all,fg_secondary_amine,F1pos,lr,auprc,0.2228,0.1971,0.2516,0.1441,,,,5198,4222,1000,20789,inner_cv,"[{""fold"": ""scaffold"", ""C"": 0.01, ""src"": ""inner_cv"", ""thr"": 0.4668}]",4.47,bootstrap unit: scaffold
T3,native,scaffold,all,fg_secondary_amine,F1pos,lr,bal_acc,0.5841,0.565,0.6028,0.5,,,,5198,4222,1000,20789,inner_cv,"[{""fold"": ""scaffold"", ""C"": 0.01, ""src"": ""inner_cv"", ""thr"": 0.4668}]",4.47,bootstrap unit: scaffold
T3,native,scaffold,all,fg_secondary_amine,F1pos,hgb,auroc,0.6318,0.6092,0.6531,0.5,,,,5198,4222,1000,20789,inner_cv,"[{""fold"": ""scaffold"", ""src"": ""inner_cv"", ""thr"": 0.4568}]",5.19,bootstrap unit: scaffold
T3,native,scaffold,all,fg_secondary_amine,F1pos,hgb,auprc,0.233,0.2065,0.2622,0.1441,,,,5198,4222,1000,20789,inner_cv,"[{""fold"": ""scaffold"", ""src"": ""inner_cv"", ""thr"": 0.4568}]",5.19,bootstrap unit: scaffold
T3,native,scaffold,all,fg_secondary_amine,F1pos,hgb,bal_acc,0.5875,0.5676,0.6055,0.5,,,,5198,4222,1000,20789,inner_cv,"[{""fold"": ""scaffold"", ""src"": ""inner_cv"", ""thr"": 0.4568}]",5.19,bootstrap unit: scaffold
T3,native,scaffold,all,fg_secondary_amine,F1pos,knn,auroc,0.5655,0.5433,0.5877,0.5,,,,5198,4222,1000,20789,inner_cv,"[{""fold"": ""scaffold"", ""k"": 10, ""src"": ""inner_cv"", ""thr"": 0.1031}]",164.44,bootstrap unit: scaffold
T3,native,scaffold,all,fg_secondary_amine,F1pos,knn,auprc,0.1742,0.1577,0.1947,0.1441,,,,5198,4222,1000,20789,inner_cv,"[{""fold"": ""scaffold"", ""k"": 10, ""src"": ""inner_cv"", ""thr"": 0.1031}]",164.44,bootstrap unit: scaffold
T3,native,scaffold,all,fg_secondary_amine,F1pos,knn,bal_acc,0.5585,0.539,0.5784,0.5,,,,5198,4222,1000,20789,inner_cv,"[{""fold"": ""scaffold"", ""k"": 10, ""src"": ""inner_cv"", ""thr"": 0.1031}]",164.44,bootstrap unit: scaffold
T3,native,scaffold,all,fg_secondary_amine,F2,majority,auroc,0.5,0.5,0.5,0.5,,,,5198,4222,1000,20789,fixed,"[{""fold"": ""scaffold"", ""src"": ""fixed"", ""thr"": 0.5}]",4.74,bootstrap unit: scaffold
T3,native,scaffold,all,fg_secondary_amine,F2,majority,auprc,0.1441,0.1336,0.1555,0.1441,,,,5198,4222,1000,20789,fixed,"[{""fold"": ""scaffold"", ""src"": ""fixed"", ""thr"": 0.5}]",4.74,bootstrap unit: scaffold
T3,native,scaffold,all,fg_secondary_amine,F2,majority,bal_acc,0.5,0.5,0.5,0.5,,,,5198,4222,1000,20789,fixed,"[{""fold"": ""scaffold"", ""src"": ""fixed"", ""thr"": 0.5}]",4.74,bootstrap unit: scaffold
T3,native,scaffold,all,fg_secondary_amine,F2,lr,auroc,0.6524,0.6274,0.6761,0.5,,,,5198,4222,1000,20789,inner_cv,"[{""fold"": ""scaffold"", ""C"": 0.01, ""src"": ""inner_cv"", ""thr"": 0.4738}]",160.74,bootstrap unit: scaffold
T3,native,scaffold,all,fg_secondary_amine,F2,lr,auprc,0.2634,0.2338,0.2984,0.1441,,,,5198,4222,1000,20789,inner_cv,"[{""fold"": ""scaffold"", ""C"": 0.01, ""src"": ""inner_cv"", ""thr"": 0.4738}]",160.74,bootstrap unit: scaffold
T3,native,scaffold,all,fg_secondary_amine,F2,lr,bal_acc,0.6111,0.5918,0.6301,0.5,,,,5198,4222,1000,20789,inner_cv,"[{""fold"": ""scaffold"", ""C"": 0.01, ""src"": ""inner_cv"", ""thr"": 0.4738}]",160.74,bootstrap unit: scaffold
T3,native,scaffold,all,fg_secondary_amine,F2,hgb,auroc,0.6895,0.6673,0.7112,0.5,,,,5198,4222,1000,20789,inner_cv,"[{""fold"": ""scaffold"", ""src"": ""inner_cv"", ""thr"": 0.3668}]",41.79,bootstrap unit: scaffold
T3,native,scaffold,all,fg_secondary_amine,F2,hgb,auprc,0.2936,0.262,0.3311,0.1441,,,,5198,4222,1000,20789,inner_cv,"[{""fold"": ""scaffold"", ""src"": ""inner_cv"", ""thr"": 0.3668}]",41.79,bootstrap unit: scaffold
T3,native,scaffold,all,fg_secondary_amine,F2,hgb,bal_acc,0.6326,0.6146,0.6519,0.5,,,,5198,4222,1000,20789,inner_cv,"[{""fold"": ""scaffold"", ""src"": ""inner_cv"", ""thr"": 0.3668}]",41.79,bootstrap unit: scaffold
T3,native,scaffold,all,fg_secondary_amine,F2,knn,auroc,0.6208,0.5971,0.6444,0.5,,,,5198,4222,1000,20789,inner_cv,"[{""fold"": ""scaffold"", ""k"": 10, ""src"": ""inner_cv"", ""thr"": 0.1024}]",269.74,bootstrap unit: scaffold
T3,native,scaffold,all,fg_secondary_amine,F2,knn,auprc,0.2558,0.2268,0.2874,0.1441,,,,5198,4222,1000,20789,inner_cv,"[{""fold"": ""scaffold"", ""k"": 10, ""src"": ""inner_cv"", ""thr"": 0.1024}]",269.74,bootstrap unit: scaffold
T3,native,scaffold,all,fg_secondary_amine,F2,knn,bal_acc,0.5869,0.5675,0.6045,0.5,,,,5198,4222,1000,20789,inner_cv,"[{""fold"": ""scaffold"", ""k"": 10, ""src"": ""inner_cv"", ""thr"": 0.1024}]",269.74,bootstrap unit: scaffold
T3,native,scaffold,all,fg_secondary_amine,F3,majority,auroc,0.5,0.5,0.5,0.5,,,,5198,4222,1000,20789,fixed,"[{""fold"": ""scaffold"", ""src"": ""fixed"", ""thr"": 0.5}]",1.32,bootstrap unit: scaffold
T3,native,scaffold,all,fg_secondary_amine,F3,majority,auprc,0.1441,0.1336,0.1555,0.1441,,,,5198,4222,1000,20789,fixed,"[{""fold"": ""scaffold"", ""src"": ""fixed"", ""thr"": 0.5}]",1.32,bootstrap unit: scaffold
T3,native,scaffold,all,fg_secondary_amine,F3,majority,bal_acc,0.5,0.5,0.5,0.5,,,,5198,4222,1000,20789,fixed,"[{""fold"": ""scaffold"", ""src"": ""fixed"", ""thr"": 0.5}]",1.32,bootstrap unit: scaffold
T3,native,scaffold,all,fg_secondary_amine,F3,lr,auroc,0.6641,0.6402,0.6871,0.5,,,,5198,4222,1000,20789,inner_cv,"[{""fold"": ""scaffold"", ""C"": 0.01, ""src"": ""inner_cv"", ""thr"": 0.4387}]",169.88,bootstrap unit: scaffold
T3,native,scaffold,all,fg_secondary_amine,F3,lr,auprc,0.2793,0.2488,0.3144,0.1441,,,,5198,4222,1000,20789,inner_cv,"[{""fold"": ""scaffold"", ""C"": 0.01, ""src"": ""inner_cv"", ""thr"": 0.4387}]",169.88,bootstrap unit: scaffold
T3,native,scaffold,all,fg_secondary_amine,F3,lr,bal_acc,0.6152,0.5977,0.6345,0.5,,,,5198,4222,1000,20789,inner_cv,"[{""fold"": ""scaffold"", ""C"": 0.01, ""src"": ""inner_cv"", ""thr"": 0.4387}]",169.88,bootstrap unit: scaffold
T3,native,scaffold,all,fg_secondary_amine,F3,hgb,auroc,0.713,0.6904,0.7357,0.5,,,,5198,4222,1000,20789,inner_cv,"[{""fold"": ""scaffold"", ""src"": ""inner_cv"", ""thr"": 0.4389}]",54.82,bootstrap unit: scaffold
T3,native,scaffold,all,fg_secondary_amine,F3,hgb,auprc,0.3364,0.3025,0.3757,0.1441,,,,5198,4222,1000,20789,inner_cv,"[{""fold"": ""scaffold"", ""src"": ""inner_cv"", ""thr"": 0.4389}]",54.82,bootstrap unit: scaffold
T3,native,scaffold,all,fg_secondary_amine,F3,hgb,bal_acc,0.6517,0.6314,0.6708,0.5,,,,5198,4222,1000,20789,inner_cv,"[{""fold"": ""scaffold"", ""src"": ""inner_cv"", ""thr"": 0.4389}]",54.82,bootstrap unit: scaffold
T3,native,scaffold,all,fg_secondary_amine,F3,knn,auroc,0.6343,0.6114,0.6564,0.5,,,,5198,4222,1000,20789,inner_cv,"[{""fold"": ""scaffold"", ""k"": 10, ""src"": ""inner_cv"", ""thr"": 0.0961}]",245.36,bootstrap unit: scaffold
T3,native,scaffold,all,fg_secondary_amine,F3,knn,auprc,0.2677,0.2387,0.3001,0.1441,,,,5198,4222,1000,20789,inner_cv,"[{""fold"": ""scaffold"", ""k"": 10, ""src"": ""inner_cv"", ""thr"": 0.0961}]",245.36,bootstrap unit: scaffold
T3,native,scaffold,all,fg_secondary_amine,F3,knn,bal_acc,0.5995,0.5801,0.6176,0.5,,,,5198,4222,1000,20789,inner_cv,"[{""fold"": ""scaffold"", ""k"": 10, ""src"": ""inner_cv"", ""thr"": 0.0961}]",245.36,bootstrap unit: scaffold
T3,native,scaffold,all,fg_secondary_amine,F1.sqrt,majority,auroc,0.5,0.5,0.5,0.5,,,,5198,4222,1000,20789,fixed,"[{""fold"": ""scaffold"", ""src"": ""fixed"", ""thr"": 0.5}]",1.47,bootstrap unit: scaffold
T3,native,scaffold,all,fg_secondary_amine,F1.sqrt,majority,auprc,0.1441,0.1336,0.1555,0.1441,,,,5198,4222,1000,20789,fixed,"[{""fold"": ""scaffold"", ""src"": ""fixed"", ""thr"": 0.5}]",1.47,bootstrap unit: scaffold
T3,native,scaffold,all,fg_secondary_amine,F1.sqrt,majority,bal_acc,0.5,0.5,0.5,0.5,,,,5198,4222,1000,20789,fixed,"[{""fold"": ""scaffold"", ""src"": ""fixed"", ""thr"": 0.5}]",1.47,bootstrap unit: scaffold
T3,native,scaffold,all,fg_secondary_amine,F1.sqrt,lr,auroc,0.6535,0.6287,0.6757,0.5,,,,5198,4222,1000,20789,inner_cv,"[{""fold"": ""scaffold"", ""C"": 0.01, ""src"": ""inner_cv"", ""thr"": 0.465}]",4.68,bootstrap unit: scaffold
T3,native,scaffold,all,fg_secondary_amine,F1.sqrt,lr,auprc,0.2613,0.2303,0.2953,0.1441,,,,5198,4222,1000,20789,inner_cv,"[{""fold"": ""scaffold"", ""C"": 0.01, ""src"": ""inner_cv"", ""thr"": 0.465}]",4.68,bootstrap unit: scaffold
T3,native,scaffold,all,fg_secondary_amine,F1.sqrt,lr,bal_acc,0.6046,0.5849,0.6232,0.5,,,,5198,4222,1000,20789,inner_cv,"[{""fold"": ""scaffold"", ""C"": 0.01, ""src"": ""inner_cv"", ""thr"": 0.465}]",4.68,bootstrap unit: scaffold
T3,native,scaffold,all,fg_secondary_amine,F1.sqrt,hgb,auroc,0.6526,0.6283,0.6751,0.5,,,,5198,4222,1000,20789,inner_cv,"[{""fold"": ""scaffold"", ""src"": ""inner_cv"", ""thr"": 0.4206}]",5.67,bootstrap unit: scaffold
T3,native,scaffold,all,fg_secondary_amine,F1.sqrt,hgb,auprc,0.2815,0.249,0.3176,0.1441,,,,5198,4222,1000,20789,inner_cv,"[{""fold"": ""scaffold"", ""src"": ""inner_cv"", ""thr"": 0.4206}]",5.67,bootstrap unit: scaffold
T3,native,scaffold,all,fg_secondary_amine,F1.sqrt,hgb,bal_acc,0.5945,0.5737,0.6134,0.5,,,,5198,4222,1000,20789,inner_cv,"[{""fold"": ""scaffold"", ""src"": ""inner_cv"", ""thr"": 0.4206}]",5.67,bootstrap unit: scaffold
T3,native,scaffold,all,fg_secondary_amine,F1.sqrt,knn,auroc,0.5839,0.5618,0.6067,0.5,,,,5198,4222,1000,20789,inner_cv,"[{""fold"": ""scaffold"", ""k"": 10, ""src"": ""inner_cv"", ""thr"": 0.0961}]",165.72,bootstrap unit: scaffold
T3,native,scaffold,all,fg_secondary_amine,F1.sqrt,knn,auprc,0.2039,0.1819,0.231,0.1441,,,,5198,4222,1000,20789,inner_cv,"[{""fold"": ""scaffold"", ""k"": 10, ""src"": ""inner_cv"", ""thr"": 0.0961}]",165.72,bootstrap unit: scaffold
T3,native,scaffold,all,fg_secondary_amine,F1.sqrt,knn,bal_acc,0.5632,0.5439,0.5832,0.5,,,,5198,4222,1000,20789,inner_cv,"[{""fold"": ""scaffold"", ""k"": 10, ""src"": ""inner_cv"", ""thr"": 0.0961}]",165.72,bootstrap unit: scaffold
T3,native,scaffold,all,fg_secondary_amine,F2.lt1700,majority,auroc,0.5,0.5,0.5,0.5,,,,5198,4222,1000,20789,fixed,"[{""fold"": ""scaffold"", ""src"": ""fixed"", ""thr"": 0.5}]",1.46,bootstrap unit: scaffold
T3,native,scaffold,all,fg_secondary_amine,F2.lt1700,majority,auprc,0.1441,0.1336,0.1555,0.1441,,,,5198,4222,1000,20789,fixed,"[{""fold"": ""scaffold"", ""src"": ""fixed"", ""thr"": 0.5}]",1.46,bootstrap unit: scaffold
T3,native,scaffold,all,fg_secondary_amine,F2.lt1700,majority,bal_acc,0.5,0.5,0.5,0.5,,,,5198,4222,1000,20789,fixed,"[{""fold"": ""scaffold"", ""src"": ""fixed"", ""thr"": 0.5}]",1.46,bootstrap unit: scaffold
T3,native,scaffold,all,fg_secondary_amine,F2.lt1700,lr,auroc,0.6509,0.6264,0.6747,0.5,,,,5198,4222,1000,20789,inner_cv,"[{""fold"": ""scaffold"", ""C"": 0.01, ""src"": ""inner_cv"", ""thr"": 0.4707}]",169.81,bootstrap unit: scaffold
T3,native,scaffold,all,fg_secondary_amine,F2.lt1700,lr,auprc,0.2638,0.2348,0.2988,0.1441,,,,5198,4222,1000,20789,inner_cv,"[{""fold"": ""scaffold"", ""C"": 0.01, ""src"": ""inner_cv"", ""thr"": 0.4707}]",169.81,bootstrap unit: scaffold
T3,native,scaffold,all,fg_secondary_amine,F2.lt1700,lr,bal_acc,0.6112,0.5915,0.6299,0.5,,,,5198,4222,1000,20789,inner_cv,"[{""fold"": ""scaffold"", ""C"": 0.01, ""src"": ""inner_cv"", ""thr"": 0.4707}]",169.81,bootstrap unit: scaffold
T3,native,scaffold,all,fg_secondary_amine,F2.lt1700,hgb,auroc,0.6835,0.6613,0.7053,0.5,,,,5198,4222,1000,20789,inner_cv,"[{""fold"": ""scaffold"", ""src"": ""inner_cv"", ""thr"": 0.4021}]",46.98,bootstrap unit: scaffold
T3,native,scaffold,all,fg_secondary_amine,F2.lt1700,hgb,auprc,0.2926,0.2603,0.3297,0.1441,,,,5198,4222,1000,20789,inner_cv,"[{""fold"": ""scaffold"", ""src"": ""inner_cv"", ""thr"": 0.4021}]",46.98,bootstrap unit: scaffold
T3,native,scaffold,all,fg_secondary_amine,F2.lt1700,hgb,bal_acc,0.6297,0.6095,0.6498,0.5,,,,5198,4222,1000,20789,inner_cv,"[{""fold"": ""scaffold"", ""src"": ""inner_cv"", ""thr"": 0.4021}]",46.98,bootstrap unit: scaffold
T3,native,scaffold,all,fg_secondary_amine,F2.lt1700,knn,auroc,0.626,0.6019,0.6498,0.5,,,,5198,4222,1000,20789,inner_cv,"[{""fold"": ""scaffold"", ""k"": 10, ""src"": ""inner_cv"", ""thr"": 0.1025}]",280.79,bootstrap unit: scaffold
T3,native,scaffold,all,fg_secondary_amine,F2.lt1700,knn,auprc,0.26,0.2309,0.2936,0.1441,,,,5198,4222,1000,20789,inner_cv,"[{""fold"": ""scaffold"", ""k"": 10, ""src"": ""inner_cv"", ""thr"": 0.1025}]",280.79,bootstrap unit: scaffold
T3,native,scaffold,all,fg_secondary_amine,F2.lt1700,knn,bal_acc,0.5968,0.577,0.6154,0.5,,,,5198,4222,1000,20789,inner_cv,"[{""fold"": ""scaffold"", ""k"": 10, ""src"": ""inner_cv"", ""thr"": 0.1025}]",280.79,bootstrap unit: scaffold
T3,native,scaffold,all,fg_secondary_amine,F3.lt1700,majority,auroc,0.5,0.5,0.5,0.5,,,,5198,4222,1000,20789,fixed,"[{""fold"": ""scaffold"", ""src"": ""fixed"", ""thr"": 0.5}]",2.04,bootstrap unit: scaffold
T3,native,scaffold,all,fg_secondary_amine,F3.lt1700,majority,auprc,0.1441,0.1336,0.1555,0.1441,,,,5198,4222,1000,20789,fixed,"[{""fold"": ""scaffold"", ""src"": ""fixed"", ""thr"": 0.5}]",2.04,bootstrap unit: scaffold
T3,native,scaffold,all,fg_secondary_amine,F3.lt1700,majority,bal_acc,0.5,0.5,0.5,0.5,,,,5198,4222,1000,20789,fixed,"[{""fold"": ""scaffold"", ""src"": ""fixed"", ""thr"": 0.5}]",2.04,bootstrap unit: scaffold
T3,native,scaffold,all,fg_secondary_amine,F3.lt1700,lr,auroc,0.6635,0.6402,0.6872,0.5,,,,5198,4222,1000,20789,inner_cv,"[{""fold"": ""scaffold"", ""C"": 0.01, ""src"": ""inner_cv"", ""thr"": 0.4459}]",110.61,bootstrap unit: scaffold
T3,native,scaffold,all,fg_secondary_amine,F3.lt1700,lr,auprc,0.2795,0.2488,0.3157,0.1441,,,,5198,4222,1000,20789,inner_cv,"[{""fold"": ""scaffold"", ""C"": 0.01, ""src"": ""inner_cv"", ""thr"": 0.4459}]",110.61,bootstrap unit: scaffold
T3,native,scaffold,all,fg_secondary_amine,F3.lt1700,lr,bal_acc,0.6159,0.5975,0.6348,0.5,,,,5198,4222,1000,20789,inner_cv,"[{""fold"": ""scaffold"", ""C"": 0.01, ""src"": ""inner_cv"", ""thr"": 0.4459}]",110.61,bootstrap unit: scaffold
T3,native,scaffold,all,fg_secondary_amine,F3.lt1700,hgb,auroc,0.7131,0.6899,0.7349,0.5,0.0099,100,0.5017,5198,4222,1000,20789,inner_cv,"[{""fold"": ""scaffold"", ""src"": ""inner_cv"", ""thr"": 0.4422}]",36.33,bootstrap unit: scaffold
T3,native,scaffold,all,fg_secondary_amine,F3.lt1700,hgb,auprc,0.3423,0.3066,0.3817,0.1441,,,,5198,4222,1000,20789,inner_cv,"[{""fold"": ""scaffold"", ""src"": ""inner_cv"", ""thr"": 0.4422}]",36.33,bootstrap unit: scaffold
T3,native,scaffold,all,fg_secondary_amine,F3.lt1700,hgb,bal_acc,0.6538,0.6342,0.672,0.5,,,,5198,4222,1000,20789,inner_cv,"[{""fold"": ""scaffold"", ""src"": ""inner_cv"", ""thr"": 0.4422}]",36.33,bootstrap unit: scaffold
T3,native,scaffold,all,fg_secondary_amine,F3.lt1700,knn,auroc,0.6387,0.6155,0.6623,0.5,,,,5198,4222,1000,20789,inner_cv,"[{""fold"": ""scaffold"", ""k"": 10, ""src"": ""inner_cv"", ""thr"": 0.1009}]",270.55,bootstrap unit: scaffold
T3,native,scaffold,all,fg_secondary_amine,F3.lt1700,knn,auprc,0.2722,0.2409,0.3085,0.1441,,,,5198,4222,1000,20789,inner_cv,"[{""fold"": ""scaffold"", ""k"": 10, ""src"": ""inner_cv"", ""thr"": 0.1009}]",270.55,bootstrap unit: scaffold
T3,native,scaffold,all,fg_secondary_amine,F3.lt1700,knn,bal_acc,0.6067,0.5875,0.627,0.5,,,,5198,4222,1000,20789,inner_cv,"[{""fold"": ""scaffold"", ""k"": 10, ""src"": ""inner_cv"", ""thr"": 0.1009}]",270.55,bootstrap unit: scaffold
T3,native,scaffold,all,fg_amide,F1,majority,auroc,0.5,0.5,0.5,0.5,,,,5198,4222,1000,20789,fixed,"[{""fold"": ""scaffold"", ""src"": ""fixed"", ""thr"": 0.5}]",0.98,bootstrap unit: scaffold
T3,native,scaffold,all,fg_amide,F1,majority,auprc,0.0721,0.0641,0.0806,0.0721,,,,5198,4222,1000,20789,fixed,"[{""fold"": ""scaffold"", ""src"": ""fixed"", ""thr"": 0.5}]",0.98,bootstrap unit: scaffold
T3,native,scaffold,all,fg_amide,F1,majority,bal_acc,0.5,0.5,0.5,0.5,,,,5198,4222,1000,20789,fixed,"[{""fold"": ""scaffold"", ""src"": ""fixed"", ""thr"": 0.5}]",0.98,bootstrap unit: scaffold
T3,native,scaffold,all,fg_amide,F1,lr,auroc,0.684,0.6505,0.7157,0.5,0.0099,100,0.5005,5198,4222,1000,20789,inner_cv,"[{""fold"": ""scaffold"", ""C"": 0.01, ""src"": ""inner_cv"", ""thr"": 0.4411}]",4.0,bootstrap unit: scaffold
T3,native,scaffold,all,fg_amide,F1,lr,auprc,0.1696,0.1382,0.2102,0.0721,,,,5198,4222,1000,20789,inner_cv,"[{""fold"": ""scaffold"", ""C"": 0.01, ""src"": ""inner_cv"", ""thr"": 0.4411}]",4.0,bootstrap unit: scaffold
T3,native,scaffold,all,fg_amide,F1,lr,bal_acc,0.6394,0.6112,0.6661,0.5,,,,5198,4222,1000,20789,inner_cv,"[{""fold"": ""scaffold"", ""C"": 0.01, ""src"": ""inner_cv"", ""thr"": 0.4411}]",4.0,bootstrap unit: scaffold
T3,native,scaffold,all,fg_amide,F1,hgb,auroc,0.7332,0.7036,0.7646,0.5,,,,5198,4222,1000,20789,inner_cv,"[{""fold"": ""scaffold"", ""src"": ""inner_cv"", ""thr"": 0.3817}]",4.52,bootstrap unit: scaffold
T3,native,scaffold,all,fg_amide,F1,hgb,auprc,0.2035,0.1683,0.2471,0.0721,,,,5198,4222,1000,20789,inner_cv,"[{""fold"": ""scaffold"", ""src"": ""inner_cv"", ""thr"": 0.3817}]",4.52,bootstrap unit: scaffold
T3,native,scaffold,all,fg_amide,F1,hgb,bal_acc,0.6832,0.6551,0.7092,0.5,,,,5198,4222,1000,20789,inner_cv,"[{""fold"": ""scaffold"", ""src"": ""inner_cv"", ""thr"": 0.3817}]",4.52,bootstrap unit: scaffold
T3,native,scaffold,all,fg_amide,F1,knn,auroc,0.5731,0.546,0.6002,0.5,,,,5198,4222,1000,20789,inner_cv,"[{""fold"": ""scaffold"", ""k"": 10, ""src"": ""inner_cv"", ""thr"": 0.0952}]",169.2,bootstrap unit: scaffold
T3,native,scaffold,all,fg_amide,F1,knn,auprc,0.1027,0.0847,0.1273,0.0721,,,,5198,4222,1000,20789,inner_cv,"[{""fold"": ""scaffold"", ""k"": 10, ""src"": ""inner_cv"", ""thr"": 0.0952}]",169.2,bootstrap unit: scaffold
T3,native,scaffold,all,fg_amide,F1,knn,bal_acc,0.5659,0.5413,0.5901,0.5,,,,5198,4222,1000,20789,inner_cv,"[{""fold"": ""scaffold"", ""k"": 10, ""src"": ""inner_cv"", ""thr"": 0.0952}]",169.2,bootstrap unit: scaffold
T3,native,scaffold,all,fg_amide,F1pos,majority,auroc,0.5,0.5,0.5,0.5,,,,5198,4222,1000,20789,fixed,"[{""fold"": ""scaffold"", ""src"": ""fixed"", ""thr"": 0.5}]",1.29,bootstrap unit: scaffold
T3,native,scaffold,all,fg_amide,F1pos,majority,auprc,0.0721,0.0641,0.0806,0.0721,,,,5198,4222,1000,20789,fixed,"[{""fold"": ""scaffold"", ""src"": ""fixed"", ""thr"": 0.5}]",1.29,bootstrap unit: scaffold
T3,native,scaffold,all,fg_amide,F1pos,majority,bal_acc,0.5,0.5,0.5,0.5,,,,5198,4222,1000,20789,fixed,"[{""fold"": ""scaffold"", ""src"": ""fixed"", ""thr"": 0.5}]",1.29,bootstrap unit: scaffold
T3,native,scaffold,all,fg_amide,F1pos,lr,auroc,0.723,0.6928,0.752,0.5,,,,5198,4222,1000,20789,inner_cv,"[{""fold"": ""scaffold"", ""C"": 0.01, ""src"": ""inner_cv"", ""thr"": 0.4806}]",3.75,bootstrap unit: scaffold
T3,native,scaffold,all,fg_amide,F1pos,lr,auprc,0.1807,0.1504,0.22,0.0721,,,,5198,4222,1000,20789,inner_cv,"[{""fold"": ""scaffold"", ""C"": 0.01, ""src"": ""inner_cv"", ""thr"": 0.4806}]",3.75,bootstrap unit: scaffold
T3,native,scaffold,all,fg_amide,F1pos,lr,bal_acc,0.663,0.6335,0.69,0.5,,,,5198,4222,1000,20789,inner_cv,"[{""fold"": ""scaffold"", ""C"": 0.01, ""src"": ""inner_cv"", ""thr"": 0.4806}]",3.75,bootstrap unit: scaffold
T3,native,scaffold,all,fg_amide,F1pos,hgb,auroc,0.7209,0.6906,0.7493,0.5,,,,5198,4222,1000,20789,inner_cv,"[{""fold"": ""scaffold"", ""src"": ""inner_cv"", ""thr"": 0.3913}]",4.75,bootstrap unit: scaffold
T3,native,scaffold,all,fg_amide,F1pos,hgb,auprc,0.1545,0.1295,0.1827,0.0721,,,,5198,4222,1000,20789,inner_cv,"[{""fold"": ""scaffold"", ""src"": ""inner_cv"", ""thr"": 0.3913}]",4.75,bootstrap unit: scaffold
T3,native,scaffold,all,fg_amide,F1pos,hgb,bal_acc,0.6731,0.6442,0.7012,0.5,,,,5198,4222,1000,20789,inner_cv,"[{""fold"": ""scaffold"", ""src"": ""inner_cv"", ""thr"": 0.3913}]",4.75,bootstrap unit: scaffold
T3,native,scaffold,all,fg_amide,F1pos,knn,auroc,0.5456,0.5184,0.5716,0.5,,,,5198,4222,1000,20789,inner_cv,"[{""fold"": ""scaffold"", ""k"": 10, ""src"": ""inner_cv"", ""thr"": 0.093}]",148.88,bootstrap unit: scaffold
T3,native,scaffold,all,fg_amide,F1pos,knn,auprc,0.0811,0.0698,0.0952,0.0721,,,,5198,4222,1000,20789,inner_cv,"[{""fold"": ""scaffold"", ""k"": 10, ""src"": ""inner_cv"", ""thr"": 0.093}]",148.88,bootstrap unit: scaffold
T3,native,scaffold,all,fg_amide,F1pos,knn,bal_acc,0.5452,0.5184,0.5697,0.5,,,,5198,4222,1000,20789,inner_cv,"[{""fold"": ""scaffold"", ""k"": 10, ""src"": ""inner_cv"", ""thr"": 0.093}]",148.88,bootstrap unit: scaffold
T3,native,scaffold,all,fg_amide,F2,majority,auroc,0.5,0.5,0.5,0.5,,,,5198,4222,1000,20789,fixed,"[{""fold"": ""scaffold"", ""src"": ""fixed"", ""thr"": 0.5}]",1.36,bootstrap unit: scaffold
T3,native,scaffold,all,fg_amide,F2,majority,auprc,0.0721,0.0641,0.0806,0.0721,,,,5198,4222,1000,20789,fixed,"[{""fold"": ""scaffold"", ""src"": ""fixed"", ""thr"": 0.5}]",1.36,bootstrap unit: scaffold
T3,native,scaffold,all,fg_amide,F2,majority,bal_acc,0.5,0.5,0.5,0.5,,,,5198,4222,1000,20789,fixed,"[{""fold"": ""scaffold"", ""src"": ""fixed"", ""thr"": 0.5}]",1.36,bootstrap unit: scaffold
T3,native,scaffold,all,fg_amide,F2,lr,auroc,0.6779,0.6436,0.7093,0.5,,,,5198,4222,1000,20789,inner_cv,"[{""fold"": ""scaffold"", ""C"": 0.01, ""src"": ""inner_cv"", ""thr"": 0.3961}]",165.53,bootstrap unit: scaffold
T3,native,scaffold,all,fg_amide,F2,lr,auprc,0.1603,0.1316,0.1999,0.0721,,,,5198,4222,1000,20789,inner_cv,"[{""fold"": ""scaffold"", ""C"": 0.01, ""src"": ""inner_cv"", ""thr"": 0.3961}]",165.53,bootstrap unit: scaffold
T3,native,scaffold,all,fg_amide,F2,lr,bal_acc,0.6411,0.6145,0.6649,0.5,,,,5198,4222,1000,20789,inner_cv,"[{""fold"": ""scaffold"", ""C"": 0.01, ""src"": ""inner_cv"", ""thr"": 0.3961}]",165.53,bootstrap unit: scaffold
T3,native,scaffold,all,fg_amide,F2,hgb,auroc,0.7675,0.7405,0.7924,0.5,,,,5198,4222,1000,20789,inner_cv,"[{""fold"": ""scaffold"", ""src"": ""inner_cv"", ""thr"": 0.3377}]",42.71,bootstrap unit: scaffold
T3,native,scaffold,all,fg_amide,F2,hgb,auprc,0.2223,0.1822,0.2682,0.0721,,,,5198,4222,1000,20789,inner_cv,"[{""fold"": ""scaffold"", ""src"": ""inner_cv"", ""thr"": 0.3377}]",42.71,bootstrap unit: scaffold
T3,native,scaffold,all,fg_amide,F2,hgb,bal_acc,0.6848,0.6549,0.7115,0.5,,,,5198,4222,1000,20789,inner_cv,"[{""fold"": ""scaffold"", ""src"": ""inner_cv"", ""thr"": 0.3377}]",42.71,bootstrap unit: scaffold
T3,native,scaffold,all,fg_amide,F2,knn,auroc,0.6293,0.599,0.6566,0.5,,,,5198,4222,1000,20789,inner_cv,"[{""fold"": ""scaffold"", ""k"": 10, ""src"": ""inner_cv"", ""thr"": 0.0933}]",218.32,bootstrap unit: scaffold
T3,native,scaffold,all,fg_amide,F2,knn,auprc,0.1139,0.0953,0.1402,0.0721,,,,5198,4222,1000,20789,inner_cv,"[{""fold"": ""scaffold"", ""k"": 10, ""src"": ""inner_cv"", ""thr"": 0.0933}]",218.32,bootstrap unit: scaffold
T3,native,scaffold,all,fg_amide,F2,knn,bal_acc,0.6154,0.5875,0.6407,0.5,,,,5198,4222,1000,20789,inner_cv,"[{""fold"": ""scaffold"", ""k"": 10, ""src"": ""inner_cv"", ""thr"": 0.0933}]",218.32,bootstrap unit: scaffold
T3,native,scaffold,all,fg_amide,F3,majority,auroc,0.5,0.5,0.5,0.5,,,,5198,4222,1000,20789,fixed,"[{""fold"": ""scaffold"", ""src"": ""fixed"", ""thr"": 0.5}]",7.29,bootstrap unit: scaffold
T3,native,scaffold,all,fg_amide,F3,majority,auprc,0.0721,0.0641,0.0806,0.0721,,,,5198,4222,1000,20789,fixed,"[{""fold"": ""scaffold"", ""src"": ""fixed"", ""thr"": 0.5}]",7.29,bootstrap unit: scaffold
T3,native,scaffold,all,fg_amide,F3,majority,bal_acc,0.5,0.5,0.5,0.5,,,,5198,4222,1000,20789,fixed,"[{""fold"": ""scaffold"", ""src"": ""fixed"", ""thr"": 0.5}]",7.29,bootstrap unit: scaffold
T3,native,scaffold,all,fg_amide,F3,lr,auroc,0.6871,0.6538,0.7181,0.5,,,,5198,4222,1000,20789,inner_cv,"[{""fold"": ""scaffold"", ""C"": 0.01, ""src"": ""inner_cv"", ""thr"": 0.4033}]",131.22,bootstrap unit: scaffold
T3,native,scaffold,all,fg_amide,F3,lr,auprc,0.1756,0.1403,0.2189,0.0721,,,,5198,4222,1000,20789,inner_cv,"[{""fold"": ""scaffold"", ""C"": 0.01, ""src"": ""inner_cv"", ""thr"": 0.4033}]",131.22,bootstrap unit: scaffold
T3,native,scaffold,all,fg_amide,F3,lr,bal_acc,0.6372,0.6099,0.6626,0.5,,,,5198,4222,1000,20789,inner_cv,"[{""fold"": ""scaffold"", ""C"": 0.01, ""src"": ""inner_cv"", ""thr"": 0.4033}]",131.22,bootstrap unit: scaffold
T3,native,scaffold,all,fg_amide,F3,hgb,auroc,0.851,0.8348,0.8667,0.5,0.0099,100,0.4993,5198,4222,1000,20789,inner_cv,"[{""fold"": ""scaffold"", ""src"": ""inner_cv"", ""thr"": 0.2527}]",46.9,bootstrap unit: scaffold
T3,native,scaffold,all,fg_amide,F3,hgb,auprc,0.2587,0.2196,0.3067,0.0721,,,,5198,4222,1000,20789,inner_cv,"[{""fold"": ""scaffold"", ""src"": ""inner_cv"", ""thr"": 0.2527}]",46.9,bootstrap unit: scaffold
T3,native,scaffold,all,fg_amide,F3,hgb,bal_acc,0.7883,0.7693,0.8053,0.5,,,,5198,4222,1000,20789,inner_cv,"[{""fold"": ""scaffold"", ""src"": ""inner_cv"", ""thr"": 0.2527}]",46.9,bootstrap unit: scaffold
T3,native,scaffold,all,fg_amide,F3,knn,auroc,0.6361,0.6066,0.6656,0.5,,,,5198,4222,1000,20789,inner_cv,"[{""fold"": ""scaffold"", ""k"": 10, ""src"": ""inner_cv"", ""thr"": 0.0917}]",225.5,bootstrap unit: scaffold
T3,native,scaffold,all,fg_amide,F3,knn,auprc,0.1409,0.1126,0.1742,0.0721,,,,5198,4222,1000,20789,inner_cv,"[{""fold"": ""scaffold"", ""k"": 10, ""src"": ""inner_cv"", ""thr"": 0.0917}]",225.5,bootstrap unit: scaffold
T3,native,scaffold,all,fg_amide,F3,knn,bal_acc,0.6281,0.599,0.6552,0.5,,,,5198,4222,1000,20789,inner_cv,"[{""fold"": ""scaffold"", ""k"": 10, ""src"": ""inner_cv"", ""thr"": 0.0917}]",225.5,bootstrap unit: scaffold
T3,native,scaffold,all,fg_amide,F1.sqrt,majority,auroc,0.5,0.5,0.5,0.5,,,,5198,4222,1000,20789,fixed,"[{""fold"": ""scaffold"", ""src"": ""fixed"", ""thr"": 0.5}]",1.03,bootstrap unit: scaffold
T3,native,scaffold,all,fg_amide,F1.sqrt,majority,auprc,0.0721,0.0641,0.0806,0.0721,,,,5198,4222,1000,20789,fixed,"[{""fold"": ""scaffold"", ""src"": ""fixed"", ""thr"": 0.5}]",1.03,bootstrap unit: scaffold
T3,native,scaffold,all,fg_amide,F1.sqrt,majority,bal_acc,0.5,0.5,0.5,0.5,,,,5198,4222,1000,20789,fixed,"[{""fold"": ""scaffold"", ""src"": ""fixed"", ""thr"": 0.5}]",1.03,bootstrap unit: scaffold
T3,native,scaffold,all,fg_amide,F1.sqrt,lr,auroc,0.7077,0.6775,0.7365,0.5,,,,5198,4222,1000,20789,inner_cv,"[{""fold"": ""scaffold"", ""C"": 0.01, ""src"": ""inner_cv"", ""thr"": 0.4235}]",3.89,bootstrap unit: scaffold
T3,native,scaffold,all,fg_amide,F1.sqrt,lr,auprc,0.1738,0.1445,0.2135,0.0721,,,,5198,4222,1000,20789,inner_cv,"[{""fold"": ""scaffold"", ""C"": 0.01, ""src"": ""inner_cv"", ""thr"": 0.4235}]",3.89,bootstrap unit: scaffold
T3,native,scaffold,all,fg_amide,F1.sqrt,lr,bal_acc,0.6501,0.6202,0.6762,0.5,,,,5198,4222,1000,20789,inner_cv,"[{""fold"": ""scaffold"", ""C"": 0.01, ""src"": ""inner_cv"", ""thr"": 0.4235}]",3.89,bootstrap unit: scaffold
T3,native,scaffold,all,fg_amide,F1.sqrt,hgb,auroc,0.7331,0.7036,0.7645,0.5,,,,5198,4222,1000,20789,inner_cv,"[{""fold"": ""scaffold"", ""src"": ""inner_cv"", ""thr"": 0.3817}]",4.73,bootstrap unit: scaffold
T3,native,scaffold,all,fg_amide,F1.sqrt,hgb,auprc,0.2034,0.1683,0.247,0.0721,,,,5198,4222,1000,20789,inner_cv,"[{""fold"": ""scaffold"", ""src"": ""inner_cv"", ""thr"": 0.3817}]",4.73,bootstrap unit: scaffold
T3,native,scaffold,all,fg_amide,F1.sqrt,hgb,bal_acc,0.6832,0.6551,0.7092,0.5,,,,5198,4222,1000,20789,inner_cv,"[{""fold"": ""scaffold"", ""src"": ""inner_cv"", ""thr"": 0.3817}]",4.73,bootstrap unit: scaffold
T3,native,scaffold,all,fg_amide,F1.sqrt,knn,auroc,0.5705,0.5403,0.5996,0.5,,,,5198,4222,1000,20789,inner_cv,"[{""fold"": ""scaffold"", ""k"": 10, ""src"": ""inner_cv"", ""thr"": 0.0936}]",172.39,bootstrap unit: scaffold
T3,native,scaffold,all,fg_amide,F1.sqrt,knn,auprc,0.097,0.0819,0.1189,0.0721,,,,5198,4222,1000,20789,inner_cv,"[{""fold"": ""scaffold"", ""k"": 10, ""src"": ""inner_cv"", ""thr"": 0.0936}]",172.39,bootstrap unit: scaffold
T3,native,scaffold,all,fg_amide,F1.sqrt,knn,bal_acc,0.5558,0.5283,0.5828,0.5,,,,5198,4222,1000,20789,inner_cv,"[{""fold"": ""scaffold"", ""k"": 10, ""src"": ""inner_cv"", ""thr"": 0.0936}]",172.39,bootstrap unit: scaffold
T3,native,scaffold,all,fg_amide,F2.lt1700,majority,auroc,0.5,0.5,0.5,0.5,,,,5198,4222,1000,20789,fixed,"[{""fold"": ""scaffold"", ""src"": ""fixed"", ""thr"": 0.5}]",5.4,bootstrap unit: scaffold
T3,native,scaffold,all,fg_amide,F2.lt1700,majority,auprc,0.0721,0.0641,0.0806,0.0721,,,,5198,4222,1000,20789,fixed,"[{""fold"": ""scaffold"", ""src"": ""fixed"", ""thr"": 0.5}]",5.4,bootstrap unit: scaffold
T3,native,scaffold,all,fg_amide,F2.lt1700,majority,bal_acc,0.5,0.5,0.5,0.5,,,,5198,4222,1000,20789,fixed,"[{""fold"": ""scaffold"", ""src"": ""fixed"", ""thr"": 0.5}]",5.4,bootstrap unit: scaffold
T3,native,scaffold,all,fg_amide,F2.lt1700,lr,auroc,0.6565,0.6232,0.6888,0.5,,,,5198,4222,1000,20789,inner_cv,"[{""fold"": ""scaffold"", ""C"": 0.01, ""src"": ""inner_cv"", ""thr"": 0.4343}]",133.52,bootstrap unit: scaffold
T3,native,scaffold,all,fg_amide,F2.lt1700,lr,auprc,0.1373,0.1141,0.1682,0.0721,,,,5198,4222,1000,20789,inner_cv,"[{""fold"": ""scaffold"", ""C"": 0.01, ""src"": ""inner_cv"", ""thr"": 0.4343}]",133.52,bootstrap unit: scaffold
T3,native,scaffold,all,fg_amide,F2.lt1700,lr,bal_acc,0.6277,0.6006,0.6538,0.5,,,,5198,4222,1000,20789,inner_cv,"[{""fold"": ""scaffold"", ""C"": 0.01, ""src"": ""inner_cv"", ""thr"": 0.4343}]",133.52,bootstrap unit: scaffold
T3,native,scaffold,all,fg_amide,F2.lt1700,hgb,auroc,0.7502,0.7226,0.7768,0.5,,,,5198,4222,1000,20789,inner_cv,"[{""fold"": ""scaffold"", ""src"": ""inner_cv"", ""thr"": 0.3494}]",40.01,bootstrap unit: scaffold
T3,native,scaffold,all,fg_amide,F2.lt1700,hgb,auprc,0.1998,0.1647,0.2438,0.0721,,,,5198,4222,1000,20789,inner_cv,"[{""fold"": ""scaffold"", ""src"": ""inner_cv"", ""thr"": 0.3494}]",40.01,bootstrap unit: scaffold
T3,native,scaffold,all,fg_amide,F2.lt1700,hgb,bal_acc,0.6742,0.6452,0.7031,0.5,,,,5198,4222,1000,20789,inner_cv,"[{""fold"": ""scaffold"", ""src"": ""inner_cv"", ""thr"": 0.3494}]",40.01,bootstrap unit: scaffold
T3,native,scaffold,all,fg_amide,F2.lt1700,knn,auroc,0.596,0.5677,0.6236,0.5,,,,5198,4222,1000,20789,inner_cv,"[{""fold"": ""scaffold"", ""k"": 10, ""src"": ""inner_cv"", ""thr"": 0.0928}]",259.16,bootstrap unit: scaffold
T3,native,scaffold,all,fg_amide,F2.lt1700,knn,auprc,0.1054,0.0883,0.1288,0.0721,,,,5198,4222,1000,20789,inner_cv,"[{""fold"": ""scaffold"", ""k"": 10, ""src"": ""inner_cv"", ""thr"": 0.0928}]",259.16,bootstrap unit: scaffold
T3,native,scaffold,all,fg_amide,F2.lt1700,knn,bal_acc,0.5765,0.5484,0.6025,0.5,,,,5198,4222,1000,20789,inner_cv,"[{""fold"": ""scaffold"", ""k"": 10, ""src"": ""inner_cv"", ""thr"": 0.0928}]",259.16,bootstrap unit: scaffold
T3,native,scaffold,all,fg_amide,F3.lt1700,majority,auroc,0.5,0.5,0.5,0.5,,,,5198,4222,1000,20789,fixed,"[{""fold"": ""scaffold"", ""src"": ""fixed"", ""thr"": 0.5}]",1.26,bootstrap unit: scaffold
T3,native,scaffold,all,fg_amide,F3.lt1700,majority,auprc,0.0721,0.0641,0.0806,0.0721,,,,5198,4222,1000,20789,fixed,"[{""fold"": ""scaffold"", ""src"": ""fixed"", ""thr"": 0.5}]",1.26,bootstrap unit: scaffold
T3,native,scaffold,all,fg_amide,F3.lt1700,majority,bal_acc,0.5,0.5,0.5,0.5,,,,5198,4222,1000,20789,fixed,"[{""fold"": ""scaffold"", ""src"": ""fixed"", ""thr"": 0.5}]",1.26,bootstrap unit: scaffold
T3,native,scaffold,all,fg_amide,F3.lt1700,lr,auroc,0.664,0.6312,0.6963,0.5,,,,5198,4222,1000,20789,inner_cv,"[{""fold"": ""scaffold"", ""C"": 0.01, ""src"": ""inner_cv"", ""thr"": 0.4301}]",171.24,bootstrap unit: scaffold
T3,native,scaffold,all,fg_amide,F3.lt1700,lr,auprc,0.1468,0.12,0.1809,0.0721,,,,5198,4222,1000,20789,inner_cv,"[{""fold"": ""scaffold"", ""C"": 0.01, ""src"": ""inner_cv"", ""thr"": 0.4301}]",171.24,bootstrap unit: scaffold
T3,native,scaffold,all,fg_amide,F3.lt1700,lr,bal_acc,0.6276,0.5999,0.6525,0.5,,,,5198,4222,1000,20789,inner_cv,"[{""fold"": ""scaffold"", ""C"": 0.01, ""src"": ""inner_cv"", ""thr"": 0.4301}]",171.24,bootstrap unit: scaffold
T3,native,scaffold,all,fg_amide,F3.lt1700,hgb,auroc,0.8275,0.8081,0.845,0.5,,,,5198,4222,1000,20789,inner_cv,"[{""fold"": ""scaffold"", ""src"": ""inner_cv"", ""thr"": 0.2991}]",49.83,bootstrap unit: scaffold
T3,native,scaffold,all,fg_amide,F3.lt1700,hgb,auprc,0.2399,0.2016,0.2864,0.0721,,,,5198,4222,1000,20789,inner_cv,"[{""fold"": ""scaffold"", ""src"": ""inner_cv"", ""thr"": 0.2991}]",49.83,bootstrap unit: scaffold
T3,native,scaffold,all,fg_amide,F3.lt1700,hgb,bal_acc,0.7443,0.7179,0.7657,0.5,,,,5198,4222,1000,20789,inner_cv,"[{""fold"": ""scaffold"", ""src"": ""inner_cv"", ""thr"": 0.2991}]",49.83,bootstrap unit: scaffold
T3,native,scaffold,all,fg_amide,F3.lt1700,knn,auroc,0.6007,0.5719,0.6281,0.5,,,,5198,4222,1000,20789,inner_cv,"[{""fold"": ""scaffold"", ""k"": 10, ""src"": ""inner_cv"", ""thr"": 0.0932}]",225.07,bootstrap unit: scaffold
T3,native,scaffold,all,fg_amide,F3.lt1700,knn,auprc,0.122,0.0993,0.1495,0.0721,,,,5198,4222,1000,20789,inner_cv,"[{""fold"": ""scaffold"", ""k"": 10, ""src"": ""inner_cv"", ""thr"": 0.0932}]",225.07,bootstrap unit: scaffold
T3,native,scaffold,all,fg_amide,F3.lt1700,knn,bal_acc,0.5844,0.559,0.6093,0.5,,,,5198,4222,1000,20789,inner_cv,"[{""fold"": ""scaffold"", ""k"": 10, ""src"": ""inner_cv"", ""thr"": 0.0932}]",225.07,bootstrap unit: scaffold
T3,native,scaffold,all,fg_hydroxyl_aliphatic,F1,majority,auroc,0.5,0.5,0.5,0.5,,,,5198,4222,1000,20789,fixed,"[{""fold"": ""scaffold"", ""src"": ""fixed"", ""thr"": 0.5}]",1.46,bootstrap unit: scaffold
T3,native,scaffold,all,fg_hydroxyl_aliphatic,F1,majority,auprc,0.1191,0.1093,0.1286,0.1191,,,,5198,4222,1000,20789,fixed,"[{""fold"": ""scaffold"", ""src"": ""fixed"", ""thr"": 0.5}]",1.46,bootstrap unit: scaffold
T3,native,scaffold,all,fg_hydroxyl_aliphatic,F1,majority,bal_acc,0.5,0.5,0.5,0.5,,,,5198,4222,1000,20789,fixed,"[{""fold"": ""scaffold"", ""src"": ""fixed"", ""thr"": 0.5}]",1.46,bootstrap unit: scaffold
T3,native,scaffold,all,fg_hydroxyl_aliphatic,F1,lr,auroc,0.6488,0.6246,0.6723,0.5,0.0099,100,0.4979,5198,4222,1000,20789,inner_cv,"[{""fold"": ""scaffold"", ""C"": 0.1, ""src"": ""inner_cv"", ""thr"": 0.4733}]",5.43,bootstrap unit: scaffold
T3,native,scaffold,all,fg_hydroxyl_aliphatic,F1,lr,auprc,0.1883,0.1669,0.2131,0.1191,,,,5198,4222,1000,20789,inner_cv,"[{""fold"": ""scaffold"", ""C"": 0.1, ""src"": ""inner_cv"", ""thr"": 0.4733}]",5.43,bootstrap unit: scaffold
T3,native,scaffold,all,fg_hydroxyl_aliphatic,F1,lr,bal_acc,0.6011,0.58,0.622,0.5,,,,5198,4222,1000,20789,inner_cv,"[{""fold"": ""scaffold"", ""C"": 0.1, ""src"": ""inner_cv"", ""thr"": 0.4733}]",5.43,bootstrap unit: scaffold
T3,native,scaffold,all,fg_hydroxyl_aliphatic,F1,hgb,auroc,0.6937,0.6715,0.7164,0.5,,,,5198,4222,1000,20789,inner_cv,"[{""fold"": ""scaffold"", ""src"": ""inner_cv"", ""thr"": 0.4758}]",5.21,bootstrap unit: scaffold
T3,native,scaffold,all,fg_hydroxyl_aliphatic,F1,hgb,auprc,0.2329,0.2051,0.2619,0.1191,,,,5198,4222,1000,20789,inner_cv,"[{""fold"": ""scaffold"", ""src"": ""inner_cv"", ""thr"": 0.4758}]",5.21,bootstrap unit: scaffold
T3,native,scaffold,all,fg_hydroxyl_aliphatic,F1,hgb,bal_acc,0.6383,0.6206,0.6564,0.5,,,,5198,4222,1000,20789,inner_cv,"[{""fold"": ""scaffold"", ""src"": ""inner_cv"", ""thr"": 0.4758}]",5.21,bootstrap unit: scaffold
T3,native,scaffold,all,fg_hydroxyl_aliphatic,F1,knn,auroc,0.5841,0.5594,0.6079,0.5,,,,5198,4222,1000,20789,inner_cv,"[{""fold"": ""scaffold"", ""k"": 10, ""src"": ""inner_cv"", ""thr"": 0.2972}]",136.12,bootstrap unit: scaffold
T3,native,scaffold,all,fg_hydroxyl_aliphatic,F1,knn,auprc,0.1634,0.145,0.1859,0.1191,,,,5198,4222,1000,20789,inner_cv,"[{""fold"": ""scaffold"", ""k"": 10, ""src"": ""inner_cv"", ""thr"": 0.2972}]",136.12,bootstrap unit: scaffold
T3,native,scaffold,all,fg_hydroxyl_aliphatic,F1,knn,bal_acc,0.5575,0.5346,0.577,0.5,,,,5198,4222,1000,20789,inner_cv,"[{""fold"": ""scaffold"", ""k"": 10, ""src"": ""inner_cv"", ""thr"": 0.2972}]",136.12,bootstrap unit: scaffold
T3,native,scaffold,all,fg_hydroxyl_aliphatic,F1pos,majority,auroc,0.5,0.5,0.5,0.5,,,,5198,4222,1000,20789,fixed,"[{""fold"": ""scaffold"", ""src"": ""fixed"", ""thr"": 0.5}]",1.27,bootstrap unit: scaffold
T3,native,scaffold,all,fg_hydroxyl_aliphatic,F1pos,majority,auprc,0.1191,0.1093,0.1286,0.1191,,,,5198,4222,1000,20789,fixed,"[{""fold"": ""scaffold"", ""src"": ""fixed"", ""thr"": 0.5}]",1.27,bootstrap unit: scaffold
T3,native,scaffold,all,fg_hydroxyl_aliphatic,F1pos,majority,bal_acc,0.5,0.5,0.5,0.5,,,,5198,4222,1000,20789,fixed,"[{""fold"": ""scaffold"", ""src"": ""fixed"", ""thr"": 0.5}]",1.27,bootstrap unit: scaffold
T3,native,scaffold,all,fg_hydroxyl_aliphatic,F1pos,lr,auroc,0.6729,0.6504,0.6939,0.5,,,,5198,4222,1000,20789,inner_cv,"[{""fold"": ""scaffold"", ""C"": 10.0, ""src"": ""inner_cv"", ""thr"": 0.4923}]",5.16,bootstrap unit: scaffold
T3,native,scaffold,all,fg_hydroxyl_aliphatic,F1pos,lr,auprc,0.2093,0.1869,0.2351,0.1191,,,,5198,4222,1000,20789,inner_cv,"[{""fold"": ""scaffold"", ""C"": 10.0, ""src"": ""inner_cv"", ""thr"": 0.4923}]",5.16,bootstrap unit: scaffold
T3,native,scaffold,all,fg_hydroxyl_aliphatic,F1pos,lr,bal_acc,0.6265,0.6063,0.6466,0.5,,,,5198,4222,1000,20789,inner_cv,"[{""fold"": ""scaffold"", ""C"": 10.0, ""src"": ""inner_cv"", ""thr"": 0.4923}]",5.16,bootstrap unit: scaffold
T3,native,scaffold,all,fg_hydroxyl_aliphatic,F1pos,hgb,auroc,0.6659,0.6436,0.6864,0.5,,,,5198,4222,1000,20789,inner_cv,"[{""fold"": ""scaffold"", ""src"": ""inner_cv"", ""thr"": 0.5294}]",4.88,bootstrap unit: scaffold
T3,native,scaffold,all,fg_hydroxyl_aliphatic,F1pos,hgb,auprc,0.2011,0.1783,0.2277,0.1191,,,,5198,4222,1000,20789,inner_cv,"[{""fold"": ""scaffold"", ""src"": ""inner_cv"", ""thr"": 0.5294}]",4.88,bootstrap unit: scaffold
T3,native,scaffold,all,fg_hydroxyl_aliphatic,F1pos,hgb,bal_acc,0.6174,0.5971,0.6379,0.5,,,,5198,4222,1000,20789,inner_cv,"[{""fold"": ""scaffold"", ""src"": ""inner_cv"", ""thr"": 0.5294}]",4.88,bootstrap unit: scaffold
T3,native,scaffold,all,fg_hydroxyl_aliphatic,F1pos,knn,auroc,0.5637,0.5409,0.5868,0.5,,,,5198,4222,1000,20789,inner_cv,"[{""fold"": ""scaffold"", ""k"": 10, ""src"": ""inner_cv"", ""thr"": 0.3939}]",163.52,bootstrap unit: scaffold
T3,native,scaffold,all,fg_hydroxyl_aliphatic,F1pos,knn,auprc,0.1418,0.1268,0.1618,0.1191,,,,5198,4222,1000,20789,inner_cv,"[{""fold"": ""scaffold"", ""k"": 10, ""src"": ""inner_cv"", ""thr"": 0.3939}]",163.52,bootstrap unit: scaffold
T3,native,scaffold,all,fg_hydroxyl_aliphatic,F1pos,knn,bal_acc,0.5508,0.5307,0.5699,0.5,,,,5198,4222,1000,20789,inner_cv,"[{""fold"": ""scaffold"", ""k"": 10, ""src"": ""inner_cv"", ""thr"": 0.3939}]",163.52,bootstrap unit: scaffold
T3,native,scaffold,all,fg_hydroxyl_aliphatic,F2,majority,auroc,0.5,0.5,0.5,0.5,,,,5198,4222,1000,20789,fixed,"[{""fold"": ""scaffold"", ""src"": ""fixed"", ""thr"": 0.5}]",3.09,bootstrap unit: scaffold
T3,native,scaffold,all,fg_hydroxyl_aliphatic,F2,majority,auprc,0.1191,0.1093,0.1286,0.1191,,,,5198,4222,1000,20789,fixed,"[{""fold"": ""scaffold"", ""src"": ""fixed"", ""thr"": 0.5}]",3.09,bootstrap unit: scaffold
T3,native,scaffold,all,fg_hydroxyl_aliphatic,F2,majority,bal_acc,0.5,0.5,0.5,0.5,,,,5198,4222,1000,20789,fixed,"[{""fold"": ""scaffold"", ""src"": ""fixed"", ""thr"": 0.5}]",3.09,bootstrap unit: scaffold
T3,native,scaffold,all,fg_hydroxyl_aliphatic,F2,lr,auroc,0.6504,0.6253,0.6728,0.5,,,,5198,4222,1000,20789,inner_cv,"[{""fold"": ""scaffold"", ""C"": 0.01, ""src"": ""inner_cv"", ""thr"": 0.4814}]",127.73,bootstrap unit: scaffold
T3,native,scaffold,all,fg_hydroxyl_aliphatic,F2,lr,auprc,0.1848,0.1646,0.2088,0.1191,,,,5198,4222,1000,20789,inner_cv,"[{""fold"": ""scaffold"", ""C"": 0.01, ""src"": ""inner_cv"", ""thr"": 0.4814}]",127.73,bootstrap unit: scaffold
T3,native,scaffold,all,fg_hydroxyl_aliphatic,F2,lr,bal_acc,0.6125,0.5927,0.6329,0.5,,,,5198,4222,1000,20789,inner_cv,"[{""fold"": ""scaffold"", ""C"": 0.01, ""src"": ""inner_cv"", ""thr"": 0.4814}]",127.73,bootstrap unit: scaffold
T3,native,scaffold,all,fg_hydroxyl_aliphatic,F2,hgb,auroc,0.7173,0.6945,0.7383,0.5,,,,5198,4222,1000,20789,inner_cv,"[{""fold"": ""scaffold"", ""src"": ""inner_cv"", ""thr"": 0.4503}]",53.49,bootstrap unit: scaffold
T3,native,scaffold,all,fg_hydroxyl_aliphatic,F2,hgb,auprc,0.2565,0.2267,0.2887,0.1191,,,,5198,4222,1000,20789,inner_cv,"[{""fold"": ""scaffold"", ""src"": ""inner_cv"", ""thr"": 0.4503}]",53.49,bootstrap unit: scaffold
T3,native,scaffold,all,fg_hydroxyl_aliphatic,F2,hgb,bal_acc,0.6476,0.6293,0.667,0.5,,,,5198,4222,1000,20789,inner_cv,"[{""fold"": ""scaffold"", ""src"": ""inner_cv"", ""thr"": 0.4503}]",53.49,bootstrap unit: scaffold
T3,native,scaffold,all,fg_hydroxyl_aliphatic,F2,knn,auroc,0.626,0.6024,0.6501,0.5,,,,5198,4222,1000,20789,inner_cv,"[{""fold"": ""scaffold"", ""k"": 10, ""src"": ""inner_cv"", ""thr"": 0.3879}]",277.93,bootstrap unit: scaffold
T3,native,scaffold,all,fg_hydroxyl_aliphatic,F2,knn,auprc,0.1928,0.1703,0.2203,0.1191,,,,5198,4222,1000,20789,inner_cv,"[{""fold"": ""scaffold"", ""k"": 10, ""src"": ""inner_cv"", ""thr"": 0.3879}]",277.93,bootstrap unit: scaffold
T3,native,scaffold,all,fg_hydroxyl_aliphatic,F2,knn,bal_acc,0.5914,0.5713,0.61,0.5,,,,5198,4222,1000,20789,inner_cv,"[{""fold"": ""scaffold"", ""k"": 10, ""src"": ""inner_cv"", ""thr"": 0.3879}]",277.93,bootstrap unit: scaffold
T3,native,scaffold,all,fg_hydroxyl_aliphatic,F3,majority,auroc,0.5,0.5,0.5,0.5,,,,5198,4222,1000,20789,fixed,"[{""fold"": ""scaffold"", ""src"": ""fixed"", ""thr"": 0.5}]",1.45,bootstrap unit: scaffold
T3,native,scaffold,all,fg_hydroxyl_aliphatic,F3,majority,auprc,0.1191,0.1093,0.1286,0.1191,,,,5198,4222,1000,20789,fixed,"[{""fold"": ""scaffold"", ""src"": ""fixed"", ""thr"": 0.5}]",1.45,bootstrap unit: scaffold
T3,native,scaffold,all,fg_hydroxyl_aliphatic,F3,majority,bal_acc,0.5,0.5,0.5,0.5,,,,5198,4222,1000,20789,fixed,"[{""fold"": ""scaffold"", ""src"": ""fixed"", ""thr"": 0.5}]",1.45,bootstrap unit: scaffold
T3,native,scaffold,all,fg_hydroxyl_aliphatic,F3,lr,auroc,0.6599,0.6352,0.6827,0.5,,,,5198,4222,1000,20789,inner_cv,"[{""fold"": ""scaffold"", ""C"": 0.01, ""src"": ""inner_cv"", ""thr"": 0.4975}]",98.91,bootstrap unit: scaffold
T3,native,scaffold,all,fg_hydroxyl_aliphatic,F3,lr,auprc,0.1951,0.1736,0.2207,0.1191,,,,5198,4222,1000,20789,inner_cv,"[{""fold"": ""scaffold"", ""C"": 0.01, ""src"": ""inner_cv"", ""thr"": 0.4975}]",98.91,bootstrap unit: scaffold
T3,native,scaffold,all,fg_hydroxyl_aliphatic,F3,lr,bal_acc,0.6123,0.5907,0.6328,0.5,,,,5198,4222,1000,20789,inner_cv,"[{""fold"": ""scaffold"", ""C"": 0.01, ""src"": ""inner_cv"", ""thr"": 0.4975}]",98.91,bootstrap unit: scaffold
T3,native,scaffold,all,fg_hydroxyl_aliphatic,F3,hgb,auroc,0.7466,0.726,0.7665,0.5,,,,5198,4222,1000,20789,inner_cv,"[{""fold"": ""scaffold"", ""src"": ""inner_cv"", ""thr"": 0.4964}]",38.56,bootstrap unit: scaffold
T3,native,scaffold,all,fg_hydroxyl_aliphatic,F3,hgb,auprc,0.3073,0.2698,0.3436,0.1191,,,,5198,4222,1000,20789,inner_cv,"[{""fold"": ""scaffold"", ""src"": ""inner_cv"", ""thr"": 0.4964}]",38.56,bootstrap unit: scaffold
T3,native,scaffold,all,fg_hydroxyl_aliphatic,F3,hgb,bal_acc,0.6816,0.6638,0.7002,0.5,,,,5198,4222,1000,20789,inner_cv,"[{""fold"": ""scaffold"", ""src"": ""inner_cv"", ""thr"": 0.4964}]",38.56,bootstrap unit: scaffold
T3,native,scaffold,all,fg_hydroxyl_aliphatic,F3,knn,auroc,0.6424,0.6183,0.6671,0.5,,,,5198,4222,1000,20789,inner_cv,"[{""fold"": ""scaffold"", ""k"": 10, ""src"": ""inner_cv"", ""thr"": 0.3846}]",273.8,bootstrap unit: scaffold
T3,native,scaffold,all,fg_hydroxyl_aliphatic,F3,knn,auprc,0.2006,0.1776,0.2276,0.1191,,,,5198,4222,1000,20789,inner_cv,"[{""fold"": ""scaffold"", ""k"": 10, ""src"": ""inner_cv"", ""thr"": 0.3846}]",273.8,bootstrap unit: scaffold
T3,native,scaffold,all,fg_hydroxyl_aliphatic,F3,knn,bal_acc,0.597,0.5767,0.6156,0.5,,,,5198,4222,1000,20789,inner_cv,"[{""fold"": ""scaffold"", ""k"": 10, ""src"": ""inner_cv"", ""thr"": 0.3846}]",273.8,bootstrap unit: scaffold
T3,native,scaffold,all,fg_hydroxyl_aliphatic,F1.sqrt,majority,auroc,0.5,0.5,0.5,0.5,,,,5198,4222,1000,20789,fixed,"[{""fold"": ""scaffold"", ""src"": ""fixed"", ""thr"": 0.5}]",1.39,bootstrap unit: scaffold
T3,native,scaffold,all,fg_hydroxyl_aliphatic,F1.sqrt,majority,auprc,0.1191,0.1093,0.1286,0.1191,,,,5198,4222,1000,20789,fixed,"[{""fold"": ""scaffold"", ""src"": ""fixed"", ""thr"": 0.5}]",1.39,bootstrap unit: scaffold
T3,native,scaffold,all,fg_hydroxyl_aliphatic,F1.sqrt,majority,bal_acc,0.5,0.5,0.5,0.5,,,,5198,4222,1000,20789,fixed,"[{""fold"": ""scaffold"", ""src"": ""fixed"", ""thr"": 0.5}]",1.39,bootstrap unit: scaffold
T3,native,scaffold,all,fg_hydroxyl_aliphatic,F1.sqrt,lr,auroc,0.6761,0.6535,0.6979,0.5,,,,5198,4222,1000,20789,inner_cv,"[{""fold"": ""scaffold"", ""C"": 1.0, ""src"": ""inner_cv"", ""thr"": 0.4874}]",4.61,bootstrap unit: scaffold
T3,native,scaffold,all,fg_hydroxyl_aliphatic,F1.sqrt,lr,auprc,0.2078,0.1833,0.2356,0.1191,,,,5198,4222,1000,20789,inner_cv,"[{""fold"": ""scaffold"", ""C"": 1.0, ""src"": ""inner_cv"", ""thr"": 0.4874}]",4.61,bootstrap unit: scaffold
T3,native,scaffold,all,fg_hydroxyl_aliphatic,F1.sqrt,lr,bal_acc,0.6282,0.6086,0.6483,0.5,,,,5198,4222,1000,20789,inner_cv,"[{""fold"": ""scaffold"", ""C"": 1.0, ""src"": ""inner_cv"", ""thr"": 0.4874}]",4.61,bootstrap unit: scaffold
T3,native,scaffold,all,fg_hydroxyl_aliphatic,F1.sqrt,hgb,auroc,0.6937,0.6715,0.7164,0.5,,,,5198,4222,1000,20789,inner_cv,"[{""fold"": ""scaffold"", ""src"": ""inner_cv"", ""thr"": 0.4758}]",5.95,bootstrap unit: scaffold
T3,native,scaffold,all,fg_hydroxyl_aliphatic,F1.sqrt,hgb,auprc,0.2329,0.2051,0.2619,0.1191,,,,5198,4222,1000,20789,inner_cv,"[{""fold"": ""scaffold"", ""src"": ""inner_cv"", ""thr"": 0.4758}]",5.95,bootstrap unit: scaffold
T3,native,scaffold,all,fg_hydroxyl_aliphatic,F1.sqrt,hgb,bal_acc,0.6383,0.6206,0.6564,0.5,,,,5198,4222,1000,20789,inner_cv,"[{""fold"": ""scaffold"", ""src"": ""inner_cv"", ""thr"": 0.4758}]",5.95,bootstrap unit: scaffold
T3,native,scaffold,all,fg_hydroxyl_aliphatic,F1.sqrt,knn,auroc,0.5924,0.5687,0.6138,0.5,,,,5198,4222,1000,20789,inner_cv,"[{""fold"": ""scaffold"", ""k"": 10, ""src"": ""inner_cv"", ""thr"": 0.3021}]",187.44,bootstrap unit: scaffold
T3,native,scaffold,all,fg_hydroxyl_aliphatic,F1.sqrt,knn,auprc,0.1536,0.1391,0.1749,0.1191,,,,5198,4222,1000,20789,inner_cv,"[{""fold"": ""scaffold"", ""k"": 10, ""src"": ""inner_cv"", ""thr"": 0.3021}]",187.44,bootstrap unit: scaffold
T3,native,scaffold,all,fg_hydroxyl_aliphatic,F1.sqrt,knn,bal_acc,0.5639,0.5423,0.5814,0.5,,,,5198,4222,1000,20789,inner_cv,"[{""fold"": ""scaffold"", ""k"": 10, ""src"": ""inner_cv"", ""thr"": 0.3021}]",187.44,bootstrap unit: scaffold
T3,native,scaffold,all,fg_hydroxyl_aliphatic,F2.lt1700,majority,auroc,0.5,0.5,0.5,0.5,,,,5198,4222,1000,20789,fixed,"[{""fold"": ""scaffold"", ""src"": ""fixed"", ""thr"": 0.5}]",1.87,bootstrap unit: scaffold
T3,native,scaffold,all,fg_hydroxyl_aliphatic,F2.lt1700,majority,auprc,0.1191,0.1093,0.1286,0.1191,,,,5198,4222,1000,20789,fixed,"[{""fold"": ""scaffold"", ""src"": ""fixed"", ""thr"": 0.5}]",1.87,bootstrap unit: scaffold
T3,native,scaffold,all,fg_hydroxyl_aliphatic,F2.lt1700,majority,bal_acc,0.5,0.5,0.5,0.5,,,,5198,4222,1000,20789,fixed,"[{""fold"": ""scaffold"", ""src"": ""fixed"", ""thr"": 0.5}]",1.87,bootstrap unit: scaffold
T3,native,scaffold,all,fg_hydroxyl_aliphatic,F2.lt1700,lr,auroc,0.651,0.6257,0.6737,0.5,,,,5198,4222,1000,20789,inner_cv,"[{""fold"": ""scaffold"", ""C"": 0.01, ""src"": ""inner_cv"", ""thr"": 0.4415}]",96.5,bootstrap unit: scaffold
T3,native,scaffold,all,fg_hydroxyl_aliphatic,F2.lt1700,lr,auprc,0.1837,0.1628,0.2081,0.1191,,,,5198,4222,1000,20789,inner_cv,"[{""fold"": ""scaffold"", ""C"": 0.01, ""src"": ""inner_cv"", ""thr"": 0.4415}]",96.5,bootstrap unit: scaffold
T3,native,scaffold,all,fg_hydroxyl_aliphatic,F2.lt1700,lr,bal_acc,0.6016,0.5808,0.6219,0.5,,,,5198,4222,1000,20789,inner_cv,"[{""fold"": ""scaffold"", ""C"": 0.01, ""src"": ""inner_cv"", ""thr"": 0.4415}]",96.5,bootstrap unit: scaffold
T3,native,scaffold,all,fg_hydroxyl_aliphatic,F2.lt1700,hgb,auroc,0.7158,0.6934,0.737,0.5,,,,5198,4222,1000,20789,inner_cv,"[{""fold"": ""scaffold"", ""src"": ""inner_cv"", ""thr"": 0.4876}]",51.43,bootstrap unit: scaffold
T3,native,scaffold,all,fg_hydroxyl_aliphatic,F2.lt1700,hgb,auprc,0.2563,0.2259,0.289,0.1191,,,,5198,4222,1000,20789,inner_cv,"[{""fold"": ""scaffold"", ""src"": ""inner_cv"", ""thr"": 0.4876}]",51.43,bootstrap unit: scaffold
T3,native,scaffold,all,fg_hydroxyl_aliphatic,F2.lt1700,hgb,bal_acc,0.6508,0.6317,0.6693,0.5,,,,5198,4222,1000,20789,inner_cv,"[{""fold"": ""scaffold"", ""src"": ""inner_cv"", ""thr"": 0.4876}]",51.43,bootstrap unit: scaffold
T3,native,scaffold,all,fg_hydroxyl_aliphatic,F2.lt1700,knn,auroc,0.6196,0.5968,0.643,0.5,,,,5198,4222,1000,20789,inner_cv,"[{""fold"": ""scaffold"", ""k"": 10, ""src"": ""inner_cv"", ""thr"": 0.3877}]",295.39,bootstrap unit: scaffold
T3,native,scaffold,all,fg_hydroxyl_aliphatic,F2.lt1700,knn,auprc,0.1809,0.1605,0.2066,0.1191,,,,5198,4222,1000,20789,inner_cv,"[{""fold"": ""scaffold"", ""k"": 10, ""src"": ""inner_cv"", ""thr"": 0.3877}]",295.39,bootstrap unit: scaffold
T3,native,scaffold,all,fg_hydroxyl_aliphatic,F2.lt1700,knn,bal_acc,0.5893,0.5682,0.6096,0.5,,,,5198,4222,1000,20789,inner_cv,"[{""fold"": ""scaffold"", ""k"": 10, ""src"": ""inner_cv"", ""thr"": 0.3877}]",295.39,bootstrap unit: scaffold
T3,native,scaffold,all,fg_hydroxyl_aliphatic,F3.lt1700,majority,auroc,0.5,0.5,0.5,0.5,,,,5198,4222,1000,20789,fixed,"[{""fold"": ""scaffold"", ""src"": ""fixed"", ""thr"": 0.5}]",3.36,bootstrap unit: scaffold
T3,native,scaffold,all,fg_hydroxyl_aliphatic,F3.lt1700,majority,auprc,0.1191,0.1093,0.1286,0.1191,,,,5198,4222,1000,20789,fixed,"[{""fold"": ""scaffold"", ""src"": ""fixed"", ""thr"": 0.5}]",3.36,bootstrap unit: scaffold
T3,native,scaffold,all,fg_hydroxyl_aliphatic,F3.lt1700,majority,bal_acc,0.5,0.5,0.5,0.5,,,,5198,4222,1000,20789,fixed,"[{""fold"": ""scaffold"", ""src"": ""fixed"", ""thr"": 0.5}]",3.36,bootstrap unit: scaffold
T3,native,scaffold,all,fg_hydroxyl_aliphatic,F3.lt1700,lr,auroc,0.655,0.6311,0.6781,0.5,,,,5198,4222,1000,20789,inner_cv,"[{""fold"": ""scaffold"", ""C"": 0.01, ""src"": ""inner_cv"", ""thr"": 0.4805}]",107.68,bootstrap unit: scaffold
T3,native,scaffold,all,fg_hydroxyl_aliphatic,F3.lt1700,lr,auprc,0.1898,0.1685,0.2146,0.1191,,,,5198,4222,1000,20789,inner_cv,"[{""fold"": ""scaffold"", ""C"": 0.01, ""src"": ""inner_cv"", ""thr"": 0.4805}]",107.68,bootstrap unit: scaffold
T3,native,scaffold,all,fg_hydroxyl_aliphatic,F3.lt1700,lr,bal_acc,0.6129,0.5913,0.634,0.5,,,,5198,4222,1000,20789,inner_cv,"[{""fold"": ""scaffold"", ""C"": 0.01, ""src"": ""inner_cv"", ""thr"": 0.4805}]",107.68,bootstrap unit: scaffold
T3,native,scaffold,all,fg_hydroxyl_aliphatic,F3.lt1700,hgb,auroc,0.7478,0.7268,0.767,0.5,0.0099,100,0.4992,5198,4222,1000,20789,inner_cv,"[{""fold"": ""scaffold"", ""src"": ""inner_cv"", ""thr"": 0.469}]",41.05,bootstrap unit: scaffold
T3,native,scaffold,all,fg_hydroxyl_aliphatic,F3.lt1700,hgb,auprc,0.2991,0.2616,0.3383,0.1191,,,,5198,4222,1000,20789,inner_cv,"[{""fold"": ""scaffold"", ""src"": ""inner_cv"", ""thr"": 0.469}]",41.05,bootstrap unit: scaffold
T3,native,scaffold,all,fg_hydroxyl_aliphatic,F3.lt1700,hgb,bal_acc,0.6842,0.6664,0.7016,0.5,,,,5198,4222,1000,20789,inner_cv,"[{""fold"": ""scaffold"", ""src"": ""inner_cv"", ""thr"": 0.469}]",41.05,bootstrap unit: scaffold
T3,native,scaffold,all,fg_hydroxyl_aliphatic,F3.lt1700,knn,auroc,0.638,0.6139,0.6631,0.5,,,,5198,4222,1000,20789,inner_cv,"[{""fold"": ""scaffold"", ""k"": 10, ""src"": ""inner_cv"", ""thr"": 0.3786}]",274.89,bootstrap unit: scaffold
T3,native,scaffold,all,fg_hydroxyl_aliphatic,F3.lt1700,knn,auprc,0.1948,0.1726,0.2208,0.1191,,,,5198,4222,1000,20789,inner_cv,"[{""fold"": ""scaffold"", ""k"": 10, ""src"": ""inner_cv"", ""thr"": 0.3786}]",274.89,bootstrap unit: scaffold
T3,native,scaffold,all,fg_hydroxyl_aliphatic,F3.lt1700,knn,bal_acc,0.5999,0.5797,0.6192,0.5,,,,5198,4222,1000,20789,inner_cv,"[{""fold"": ""scaffold"", ""k"": 10, ""src"": ""inner_cv"", ""thr"": 0.3786}]",274.89,bootstrap unit: scaffold
T3,native,scaffold,all,fg_phenol,F1,majority,auroc,0.5,0.5,0.5,0.5,,,,5198,4222,1000,20789,fixed,"[{""fold"": ""scaffold"", ""src"": ""fixed"", ""thr"": 0.5}]",1.39,bootstrap unit: scaffold
T3,native,scaffold,all,fg_phenol,F1,majority,auprc,0.0112,0.0083,0.014,0.0112,,,,5198,4222,1000,20789,fixed,"[{""fold"": ""scaffold"", ""src"": ""fixed"", ""thr"": 0.5}]",1.39,bootstrap unit: scaffold
T3,native,scaffold,all,fg_phenol,F1,majority,bal_acc,0.5,0.5,0.5,0.5,,,,5198,4222,1000,20789,fixed,"[{""fold"": ""scaffold"", ""src"": ""fixed"", ""thr"": 0.5}]",1.39,bootstrap unit: scaffold
T3,native,scaffold,all,fg_phenol,F1,lr,auroc,0.9027,0.8774,0.9275,0.5,0.0099,100,0.5023,5198,4222,1000,20789,inner_cv,"[{""fold"": ""scaffold"", ""C"": 0.01, ""src"": ""inner_cv"", ""thr"": 0.3308}]",3.37,bootstrap unit: scaffold
T3,native,scaffold,all,fg_phenol,F1,lr,auprc,0.0901,0.0559,0.174,0.0112,,,,5198,4222,1000,20789,inner_cv,"[{""fold"": ""scaffold"", ""C"": 0.01, ""src"": ""inner_cv"", ""thr"": 0.3308}]",3.37,bootstrap unit: scaffold
T3,native,scaffold,all,fg_phenol,F1,lr,bal_acc,0.8358,0.7945,0.869,0.5,,,,5198,4222,1000,20789,inner_cv,"[{""fold"": ""scaffold"", ""C"": 0.01, ""src"": ""inner_cv"", ""thr"": 0.3308}]",3.37,bootstrap unit: scaffold
T3,native,scaffold,all,fg_phenol,F1,hgb,auroc,0.8942,0.8648,0.922,0.5,,,,5198,4222,1000,20789,inner_cv,"[{""fold"": ""scaffold"", ""src"": ""inner_cv"", ""thr"": 0.1935}]",4.63,bootstrap unit: scaffold
T3,native,scaffold,all,fg_phenol,F1,hgb,auprc,0.0847,0.0515,0.166,0.0112,,,,5198,4222,1000,20789,inner_cv,"[{""fold"": ""scaffold"", ""src"": ""inner_cv"", ""thr"": 0.1935}]",4.63,bootstrap unit: scaffold
T3,native,scaffold,all,fg_phenol,F1,hgb,bal_acc,0.8324,0.7852,0.8751,0.5,,,,5198,4222,1000,20789,inner_cv,"[{""fold"": ""scaffold"", ""src"": ""inner_cv"", ""thr"": 0.1935}]",4.63,bootstrap unit: scaffold
T3,native,scaffold,all,fg_phenol,F1,knn,auroc,0.687,0.6121,0.7574,0.5,,,,5198,4222,1000,20789,inner_cv,"[{""fold"": ""scaffold"", ""k"": 10, ""src"": ""inner_cv"", ""thr"": 0.0676}]",165.46,bootstrap unit: scaffold
T3,native,scaffold,all,fg_phenol,F1,knn,auprc,0.0351,0.0188,0.0852,0.0112,,,,5198,4222,1000,20789,inner_cv,"[{""fold"": ""scaffold"", ""k"": 10, ""src"": ""inner_cv"", ""thr"": 0.0676}]",165.46,bootstrap unit: scaffold
T3,native,scaffold,all,fg_phenol,F1,knn,bal_acc,0.6733,0.6058,0.7371,0.5,,,,5198,4222,1000,20789,inner_cv,"[{""fold"": ""scaffold"", ""k"": 10, ""src"": ""inner_cv"", ""thr"": 0.0676}]",165.46,bootstrap unit: scaffold
T3,native,scaffold,all,fg_phenol,F1pos,majority,auroc,0.5,0.5,0.5,0.5,,,,5198,4222,1000,20789,fixed,"[{""fold"": ""scaffold"", ""src"": ""fixed"", ""thr"": 0.5}]",0.91,bootstrap unit: scaffold
T3,native,scaffold,all,fg_phenol,F1pos,majority,auprc,0.0112,0.0083,0.014,0.0112,,,,5198,4222,1000,20789,fixed,"[{""fold"": ""scaffold"", ""src"": ""fixed"", ""thr"": 0.5}]",0.91,bootstrap unit: scaffold
T3,native,scaffold,all,fg_phenol,F1pos,majority,bal_acc,0.5,0.5,0.5,0.5,,,,5198,4222,1000,20789,fixed,"[{""fold"": ""scaffold"", ""src"": ""fixed"", ""thr"": 0.5}]",0.91,bootstrap unit: scaffold
T3,native,scaffold,all,fg_phenol,F1pos,lr,auroc,0.9222,0.9045,0.941,0.5,,,,5198,4222,1000,20789,inner_cv,"[{""fold"": ""scaffold"", ""C"": 0.01, ""src"": ""inner_cv"", ""thr"": 0.3413}]",2.61,bootstrap unit: scaffold
T3,native,scaffold,all,fg_phenol,F1pos,lr,auprc,0.1262,0.0723,0.2142,0.0112,,,,5198,4222,1000,20789,inner_cv,"[{""fold"": ""scaffold"", ""C"": 0.01, ""src"": ""inner_cv"", ""thr"": 0.3413}]",2.61,bootstrap unit: scaffold
T3,native,scaffold,all,fg_phenol,F1pos,lr,bal_acc,0.858,0.8143,0.8971,0.5,,,,5198,4222,1000,20789,inner_cv,"[{""fold"": ""scaffold"", ""C"": 0.01, ""src"": ""inner_cv"", ""thr"": 0.3413}]",2.61,bootstrap unit: scaffold
T3,native,scaffold,all,fg_phenol,F1pos,hgb,auroc,0.8977,0.8723,0.9215,0.5,,,,5198,4222,1000,20789,inner_cv,"[{""fold"": ""scaffold"", ""src"": ""inner_cv"", ""thr"": 0.2729}]",4.49,bootstrap unit: scaffold
T3,native,scaffold,all,fg_phenol,F1pos,hgb,auprc,0.093,0.0527,0.1596,0.0112,,,,5198,4222,1000,20789,inner_cv,"[{""fold"": ""scaffold"", ""src"": ""inner_cv"", ""thr"": 0.2729}]",4.49,bootstrap unit: scaffold
T3,native,scaffold,all,fg_phenol,F1pos,hgb,bal_acc,0.8065,0.7516,0.8593,0.5,,,,5198,4222,1000,20789,inner_cv,"[{""fold"": ""scaffold"", ""src"": ""inner_cv"", ""thr"": 0.2729}]",4.49,bootstrap unit: scaffold
T3,native,scaffold,all,fg_phenol,F1pos,knn,auroc,0.6099,0.5472,0.6742,0.5,,,,5198,4222,1000,20789,inner_cv,"[{""fold"": ""scaffold"", ""k"": 10, ""src"": ""inner_cv"", ""thr"": 0.0872}]",209.32,bootstrap unit: scaffold
T3,native,scaffold,all,fg_phenol,F1pos,knn,auprc,0.0299,0.0162,0.074,0.0112,,,,5198,4222,1000,20789,inner_cv,"[{""fold"": ""scaffold"", ""k"": 10, ""src"": ""inner_cv"", ""thr"": 0.0872}]",209.32,bootstrap unit: scaffold
T3,native,scaffold,all,fg_phenol,F1pos,knn,bal_acc,0.6048,0.5442,0.6655,0.5,,,,5198,4222,1000,20789,inner_cv,"[{""fold"": ""scaffold"", ""k"": 10, ""src"": ""inner_cv"", ""thr"": 0.0872}]",209.32,bootstrap unit: scaffold
T3,native,scaffold,all,fg_phenol,F2,majority,auroc,0.5,0.5,0.5,0.5,,,,5198,4222,1000,20789,fixed,"[{""fold"": ""scaffold"", ""src"": ""fixed"", ""thr"": 0.5}]",1.39,bootstrap unit: scaffold
T3,native,scaffold,all,fg_phenol,F2,majority,auprc,0.0112,0.0083,0.014,0.0112,,,,5198,4222,1000,20789,fixed,"[{""fold"": ""scaffold"", ""src"": ""fixed"", ""thr"": 0.5}]",1.39,bootstrap unit: scaffold
T3,native,scaffold,all,fg_phenol,F2,majority,bal_acc,0.5,0.5,0.5,0.5,,,,5198,4222,1000,20789,fixed,"[{""fold"": ""scaffold"", ""src"": ""fixed"", ""thr"": 0.5}]",1.39,bootstrap unit: scaffold
T3,native,scaffold,all,fg_phenol,F2,lr,auroc,0.9096,0.8886,0.9298,0.5,,,,5198,4222,1000,20789,inner_cv,"[{""fold"": ""scaffold"", ""C"": 0.01, ""src"": ""inner_cv"", ""thr"": 0.264}]",122.75,bootstrap unit: scaffold
T3,native,scaffold,all,fg_phenol,F2,lr,auprc,0.0725,0.05,0.1214,0.0112,,,,5198,4222,1000,20789,inner_cv,"[{""fold"": ""scaffold"", ""C"": 0.01, ""src"": ""inner_cv"", ""thr"": 0.264}]",122.75,bootstrap unit: scaffold
T3,native,scaffold,all,fg_phenol,F2,lr,bal_acc,0.8558,0.815,0.8884,0.5,,,,5198,4222,1000,20789,inner_cv,"[{""fold"": ""scaffold"", ""C"": 0.01, ""src"": ""inner_cv"", ""thr"": 0.264}]",122.75,bootstrap unit: scaffold
T3,native,scaffold,all,fg_phenol,F2,hgb,auroc,0.9162,0.8953,0.9352,0.5,,,,5198,4222,1000,20789,inner_cv,"[{""fold"": ""scaffold"", ""src"": ""inner_cv"", ""thr"": 0.0734}]",53.37,bootstrap unit: scaffold
T3,native,scaffold,all,fg_phenol,F2,hgb,auprc,0.0822,0.0573,0.1305,0.0112,,,,5198,4222,1000,20789,inner_cv,"[{""fold"": ""scaffold"", ""src"": ""inner_cv"", ""thr"": 0.0734}]",53.37,bootstrap unit: scaffold
T3,native,scaffold,all,fg_phenol,F2,hgb,bal_acc,0.8706,0.8215,0.9053,0.5,,,,5198,4222,1000,20789,inner_cv,"[{""fold"": ""scaffold"", ""src"": ""inner_cv"", ""thr"": 0.0734}]",53.37,bootstrap unit: scaffold
T3,native,scaffold,all,fg_phenol,F2,knn,auroc,0.7112,0.643,0.7797,0.5,,,,5198,4222,1000,20789,inner_cv,"[{""fold"": ""scaffold"", ""k"": 10, ""src"": ""inner_cv"", ""thr"": 0.0643}]",303.92,bootstrap unit: scaffold
T3,native,scaffold,all,fg_phenol,F2,knn,auprc,0.0481,0.0254,0.0955,0.0112,,,,5198,4222,1000,20789,inner_cv,"[{""fold"": ""scaffold"", ""k"": 10, ""src"": ""inner_cv"", ""thr"": 0.0643}]",303.92,bootstrap unit: scaffold
T3,native,scaffold,all,fg_phenol,F2,knn,bal_acc,0.7021,0.636,0.7669,0.5,,,,5198,4222,1000,20789,inner_cv,"[{""fold"": ""scaffold"", ""k"": 10, ""src"": ""inner_cv"", ""thr"": 0.0643}]",303.92,bootstrap unit: scaffold
T3,native,scaffold,all,fg_phenol,F3,majority,auroc,0.5,0.5,0.5,0.5,,,,5198,4222,1000,20789,fixed,"[{""fold"": ""scaffold"", ""src"": ""fixed"", ""thr"": 0.5}]",1.79,bootstrap unit: scaffold
T3,native,scaffold,all,fg_phenol,F3,majority,auprc,0.0112,0.0083,0.014,0.0112,,,,5198,4222,1000,20789,fixed,"[{""fold"": ""scaffold"", ""src"": ""fixed"", ""thr"": 0.5}]",1.79,bootstrap unit: scaffold
T3,native,scaffold,all,fg_phenol,F3,majority,bal_acc,0.5,0.5,0.5,0.5,,,,5198,4222,1000,20789,fixed,"[{""fold"": ""scaffold"", ""src"": ""fixed"", ""thr"": 0.5}]",1.79,bootstrap unit: scaffold
T3,native,scaffold,all,fg_phenol,F3,lr,auroc,0.9072,0.8863,0.9267,0.5,,,,5198,4222,1000,20789,inner_cv,"[{""fold"": ""scaffold"", ""C"": 0.01, ""src"": ""inner_cv"", ""thr"": 0.2745}]",131.31,bootstrap unit: scaffold
T3,native,scaffold,all,fg_phenol,F3,lr,auprc,0.0648,0.0458,0.0973,0.0112,,,,5198,4222,1000,20789,inner_cv,"[{""fold"": ""scaffold"", ""C"": 0.01, ""src"": ""inner_cv"", ""thr"": 0.2745}]",131.31,bootstrap unit: scaffold
T3,native,scaffold,all,fg_phenol,F3,lr,bal_acc,0.8417,0.7935,0.8821,0.5,,,,5198,4222,1000,20789,inner_cv,"[{""fold"": ""scaffold"", ""C"": 0.01, ""src"": ""inner_cv"", ""thr"": 0.2745}]",131.31,bootstrap unit: scaffold
T3,native,scaffold,all,fg_phenol,F3,hgb,auroc,0.9334,0.9179,0.9482,0.5,0.0099,100,0.5012,5198,4222,1000,20789,inner_cv,"[{""fold"": ""scaffold"", ""src"": ""inner_cv"", ""thr"": 0.1041}]",54.13,bootstrap unit: scaffold
T3,native,scaffold,all,fg_phenol,F3,hgb,auprc,0.1146,0.0707,0.2012,0.0112,,,,5198,4222,1000,20789,inner_cv,"[{""fold"": ""scaffold"", ""src"": ""inner_cv"", ""thr"": 0.1041}]",54.13,bootstrap unit: scaffold
T3,native,scaffold,all,fg_phenol,F3,hgb,bal_acc,0.8731,0.8278,0.9092,0.5,,,,5198,4222,1000,20789,inner_cv,"[{""fold"": ""scaffold"", ""src"": ""inner_cv"", ""thr"": 0.1041}]",54.13,bootstrap unit: scaffold
T3,native,scaffold,all,fg_phenol,F3,knn,auroc,0.7054,0.6341,0.7705,0.5,,,,5198,4222,1000,20789,inner_cv,"[{""fold"": ""scaffold"", ""k"": 10, ""src"": ""inner_cv"", ""thr"": 0.0736}]",289.46,bootstrap unit: scaffold
T3,native,scaffold,all,fg_phenol,F3,knn,auprc,0.0654,0.0277,0.1289,0.0112,,,,5198,4222,1000,20789,inner_cv,"[{""fold"": ""scaffold"", ""k"": 10, ""src"": ""inner_cv"", ""thr"": 0.0736}]",289.46,bootstrap unit: scaffold
T3,native,scaffold,all,fg_phenol,F3,knn,bal_acc,0.6966,0.6281,0.7559,0.5,,,,5198,4222,1000,20789,inner_cv,"[{""fold"": ""scaffold"", ""k"": 10, ""src"": ""inner_cv"", ""thr"": 0.0736}]",289.46,bootstrap unit: scaffold
T3,native,scaffold,all,fg_phenol,F1.sqrt,majority,auroc,0.5,0.5,0.5,0.5,,,,5198,4222,1000,20789,fixed,"[{""fold"": ""scaffold"", ""src"": ""fixed"", ""thr"": 0.5}]",1.57,bootstrap unit: scaffold
T3,native,scaffold,all,fg_phenol,F1.sqrt,majority,auprc,0.0112,0.0083,0.014,0.0112,,,,5198,4222,1000,20789,fixed,"[{""fold"": ""scaffold"", ""src"": ""fixed"", ""thr"": 0.5}]",1.57,bootstrap unit: scaffold
T3,native,scaffold,all,fg_phenol,F1.sqrt,majority,bal_acc,0.5,0.5,0.5,0.5,,,,5198,4222,1000,20789,fixed,"[{""fold"": ""scaffold"", ""src"": ""fixed"", ""thr"": 0.5}]",1.57,bootstrap unit: scaffold
T3,native,scaffold,all,fg_phenol,F1.sqrt,lr,auroc,0.9191,0.8994,0.9375,0.5,,,,5198,4222,1000,20789,inner_cv,"[{""fold"": ""scaffold"", ""C"": 0.01, ""src"": ""inner_cv"", ""thr"": 0.298}]",3.88,bootstrap unit: scaffold
T3,native,scaffold,all,fg_phenol,F1.sqrt,lr,auprc,0.1386,0.0757,0.2358,0.0112,,,,5198,4222,1000,20789,inner_cv,"[{""fold"": ""scaffold"", ""C"": 0.01, ""src"": ""inner_cv"", ""thr"": 0.298}]",3.88,bootstrap unit: scaffold
T3,native,scaffold,all,fg_phenol,F1.sqrt,lr,bal_acc,0.8606,0.8232,0.8887,0.5,,,,5198,4222,1000,20789,inner_cv,"[{""fold"": ""scaffold"", ""C"": 0.01, ""src"": ""inner_cv"", ""thr"": 0.298}]",3.88,bootstrap unit: scaffold
T3,native,scaffold,all,fg_phenol,F1.sqrt,hgb,auroc,0.8942,0.8648,0.922,0.5,,,,5198,4222,1000,20789,inner_cv,"[{""fold"": ""scaffold"", ""src"": ""inner_cv"", ""thr"": 0.1935}]",5.76,bootstrap unit: scaffold
T3,native,scaffold,all,fg_phenol,F1.sqrt,hgb,auprc,0.0847,0.0515,0.166,0.0112,,,,5198,4222,1000,20789,inner_cv,"[{""fold"": ""scaffold"", ""src"": ""inner_cv"", ""thr"": 0.1935}]",5.76,bootstrap unit: scaffold
T3,native,scaffold,all,fg_phenol,F1.sqrt,hgb,bal_acc,0.8324,0.7852,0.8751,0.5,,,,5198,4222,1000,20789,inner_cv,"[{""fold"": ""scaffold"", ""src"": ""inner_cv"", ""thr"": 0.1935}]",5.76,bootstrap unit: scaffold
T3,native,scaffold,all,fg_phenol,F1.sqrt,knn,auroc,0.7322,0.6648,0.7905,0.5,,,,5198,4222,1000,20789,inner_cv,"[{""fold"": ""scaffold"", ""k"": 10, ""src"": ""inner_cv"", ""thr"": 0.0664}]",203.3,bootstrap unit: scaffold
T3,native,scaffold,all,fg_phenol,F1.sqrt,knn,auprc,0.0324,0.02,0.0569,0.0112,,,,5198,4222,1000,20789,inner_cv,"[{""fold"": ""scaffold"", ""k"": 10, ""src"": ""inner_cv"", ""thr"": 0.0664}]",203.3,bootstrap unit: scaffold
T3,native,scaffold,all,fg_phenol,F1.sqrt,knn,bal_acc,0.728,0.6614,0.7847,0.5,,,,5198,4222,1000,20789,inner_cv,"[{""fold"": ""scaffold"", ""k"": 10, ""src"": ""inner_cv"", ""thr"": 0.0664}]",203.3,bootstrap unit: scaffold
T3,native,scaffold,all,fg_phenol,F2.lt1700,majority,auroc,0.5,0.5,0.5,0.5,,,,5198,4222,1000,20789,fixed,"[{""fold"": ""scaffold"", ""src"": ""fixed"", ""thr"": 0.5}]",1.59,bootstrap unit: scaffold
T3,native,scaffold,all,fg_phenol,F2.lt1700,majority,auprc,0.0112,0.0083,0.014,0.0112,,,,5198,4222,1000,20789,fixed,"[{""fold"": ""scaffold"", ""src"": ""fixed"", ""thr"": 0.5}]",1.59,bootstrap unit: scaffold
T3,native,scaffold,all,fg_phenol,F2.lt1700,majority,bal_acc,0.5,0.5,0.5,0.5,,,,5198,4222,1000,20789,fixed,"[{""fold"": ""scaffold"", ""src"": ""fixed"", ""thr"": 0.5}]",1.59,bootstrap unit: scaffold
T3,native,scaffold,all,fg_phenol,F2.lt1700,lr,auroc,0.9085,0.8869,0.9283,0.5,,,,5198,4222,1000,20789,inner_cv,"[{""fold"": ""scaffold"", ""C"": 0.01, ""src"": ""inner_cv"", ""thr"": 0.2628}]",128.7,bootstrap unit: scaffold
T3,native,scaffold,all,fg_phenol,F2.lt1700,lr,auprc,0.0724,0.0492,0.1206,0.0112,,,,5198,4222,1000,20789,inner_cv,"[{""fold"": ""scaffold"", ""C"": 0.01, ""src"": ""inner_cv"", ""thr"": 0.2628}]",128.7,bootstrap unit: scaffold
T3,native,scaffold,all,fg_phenol,F2.lt1700,lr,bal_acc,0.8445,0.8009,0.881,0.5,,,,5198,4222,1000,20789,inner_cv,"[{""fold"": ""scaffold"", ""C"": 0.01, ""src"": ""inner_cv"", ""thr"": 0.2628}]",128.7,bootstrap unit: scaffold
T3,native,scaffold,all,fg_phenol,F2.lt1700,hgb,auroc,0.9195,0.9022,0.9369,0.5,,,,5198,4222,1000,20789,inner_cv,"[{""fold"": ""scaffold"", ""src"": ""inner_cv"", ""thr"": 0.0446}]",41.88,bootstrap unit: scaffold
T3,native,scaffold,all,fg_phenol,F2.lt1700,hgb,auprc,0.082,0.0568,0.131,0.0112,,,,5198,4222,1000,20789,inner_cv,"[{""fold"": ""scaffold"", ""src"": ""inner_cv"", ""thr"": 0.0446}]",41.88,bootstrap unit: scaffold
T3,native,scaffold,all,fg_phenol,F2.lt1700,hgb,bal_acc,0.8771,0.8469,0.8969,0.5,,,,5198,4222,1000,20789,inner_cv,"[{""fold"": ""scaffold"", ""src"": ""inner_cv"", ""thr"": 0.0446}]",41.88,bootstrap unit: scaffold
T3,native,scaffold,all,fg_phenol,F2.lt1700,knn,auroc,0.7065,0.6321,0.7787,0.5,,,,5198,4222,1000,20789,inner_cv,"[{""fold"": ""scaffold"", ""k"": 10, ""src"": ""inner_cv"", ""thr"": 0.0643}]",247.89,bootstrap unit: scaffold
T3,native,scaffold,all,fg_phenol,F2.lt1700,knn,auprc,0.0476,0.0242,0.0958,0.0112,,,,5198,4222,1000,20789,inner_cv,"[{""fold"": ""scaffold"", ""k"": 10, ""src"": ""inner_cv"", ""thr"": 0.0643}]",247.89,bootstrap unit: scaffold
T3,native,scaffold,all,fg_phenol,F2.lt1700,knn,bal_acc,0.6966,0.626,0.7642,0.5,,,,5198,4222,1000,20789,inner_cv,"[{""fold"": ""scaffold"", ""k"": 10, ""src"": ""inner_cv"", ""thr"": 0.0643}]",247.89,bootstrap unit: scaffold
T3,native,scaffold,all,fg_phenol,F3.lt1700,majority,auroc,0.5,0.5,0.5,0.5,,,,5198,4222,1000,20789,fixed,"[{""fold"": ""scaffold"", ""src"": ""fixed"", ""thr"": 0.5}]",1.61,bootstrap unit: scaffold
T3,native,scaffold,all,fg_phenol,F3.lt1700,majority,auprc,0.0112,0.0083,0.014,0.0112,,,,5198,4222,1000,20789,fixed,"[{""fold"": ""scaffold"", ""src"": ""fixed"", ""thr"": 0.5}]",1.61,bootstrap unit: scaffold
T3,native,scaffold,all,fg_phenol,F3.lt1700,majority,bal_acc,0.5,0.5,0.5,0.5,,,,5198,4222,1000,20789,fixed,"[{""fold"": ""scaffold"", ""src"": ""fixed"", ""thr"": 0.5}]",1.61,bootstrap unit: scaffold
T3,native,scaffold,all,fg_phenol,F3.lt1700,lr,auroc,0.9038,0.8821,0.9229,0.5,,,,5198,4222,1000,20789,inner_cv,"[{""fold"": ""scaffold"", ""C"": 0.01, ""src"": ""inner_cv"", ""thr"": 0.2833}]",104.77,bootstrap unit: scaffold
T3,native,scaffold,all,fg_phenol,F3.lt1700,lr,auprc,0.0624,0.0438,0.0941,0.0112,,,,5198,4222,1000,20789,inner_cv,"[{""fold"": ""scaffold"", ""C"": 0.01, ""src"": ""inner_cv"", ""thr"": 0.2833}]",104.77,bootstrap unit: scaffold
T3,native,scaffold,all,fg_phenol,F3.lt1700,lr,bal_acc,0.8389,0.7921,0.8796,0.5,,,,5198,4222,1000,20789,inner_cv,"[{""fold"": ""scaffold"", ""C"": 0.01, ""src"": ""inner_cv"", ""thr"": 0.2833}]",104.77,bootstrap unit: scaffold
T3,native,scaffold,all,fg_phenol,F3.lt1700,hgb,auroc,0.9254,0.9067,0.9426,0.5,,,,5198,4222,1000,20789,inner_cv,"[{""fold"": ""scaffold"", ""src"": ""inner_cv"", ""thr"": 0.1119}]",43.63,bootstrap unit: scaffold
T3,native,scaffold,all,fg_phenol,F3.lt1700,hgb,auprc,0.1014,0.0632,0.1728,0.0112,,,,5198,4222,1000,20789,inner_cv,"[{""fold"": ""scaffold"", ""src"": ""inner_cv"", ""thr"": 0.1119}]",43.63,bootstrap unit: scaffold
T3,native,scaffold,all,fg_phenol,F3.lt1700,hgb,bal_acc,0.8303,0.7685,0.8788,0.5,,,,5198,4222,1000,20789,inner_cv,"[{""fold"": ""scaffold"", ""src"": ""inner_cv"", ""thr"": 0.1119}]",43.63,bootstrap unit: scaffold
T3,native,scaffold,all,fg_phenol,F3.lt1700,knn,auroc,0.7198,0.6514,0.7896,0.5,,,,5198,4222,1000,20789,inner_cv,"[{""fold"": ""scaffold"", ""k"": 10, ""src"": ""inner_cv"", ""thr"": 0.0741}]",252.89,bootstrap unit: scaffold
T3,native,scaffold,all,fg_phenol,F3.lt1700,knn,auprc,0.0565,0.0297,0.1167,0.0112,,,,5198,4222,1000,20789,inner_cv,"[{""fold"": ""scaffold"", ""k"": 10, ""src"": ""inner_cv"", ""thr"": 0.0741}]",252.89,bootstrap unit: scaffold
T3,native,scaffold,all,fg_phenol,F3.lt1700,knn,bal_acc,0.71,0.6443,0.7765,0.5,,,,5198,4222,1000,20789,inner_cv,"[{""fold"": ""scaffold"", ""k"": 10, ""src"": ""inner_cv"", ""thr"": 0.0741}]",252.89,bootstrap unit: scaffold
T3,native,scaffold,all,fg_ketone,F1,majority,auroc,0.5,0.5,0.5,0.5,,,,5198,4222,1000,20789,fixed,"[{""fold"": ""scaffold"", ""src"": ""fixed"", ""thr"": 0.5}]",1.59,bootstrap unit: scaffold
T3,native,scaffold,all,fg_ketone,F1,majority,auprc,0.157,0.1459,0.1687,0.157,,,,5198,4222,1000,20789,fixed,"[{""fold"": ""scaffold"", ""src"": ""fixed"", ""thr"": 0.5}]",1.59,bootstrap unit: scaffold
T3,native,scaffold,all,fg_ketone,F1,majority,bal_acc,0.5,0.5,0.5,0.5,,,,5198,4222,1000,20789,fixed,"[{""fold"": ""scaffold"", ""src"": ""fixed"", ""thr"": 0.5}]",1.59,bootstrap unit: scaffold
T3,native,scaffold,all,fg_ketone,F1,lr,auroc,0.7339,0.7153,0.7527,0.5,0.0099,100,0.5009,5198,4222,1000,20789,inner_cv,"[{""fold"": ""scaffold"", ""C"": 0.01, ""src"": ""inner_cv"", ""thr"": 0.4201}]",5.32,bootstrap unit: scaffold
T3,native,scaffold,all,fg_ketone,F1,lr,auprc,0.3304,0.2995,0.3663,0.157,,,,5198,4222,1000,20789,inner_cv,"[{""fold"": ""scaffold"", ""C"": 0.01, ""src"": ""inner_cv"", ""thr"": 0.4201}]",5.32,bootstrap unit: scaffold
T3,native,scaffold,all,fg_ketone,F1,lr,bal_acc,0.6717,0.6536,0.6898,0.5,,,,5198,4222,1000,20789,inner_cv,"[{""fold"": ""scaffold"", ""C"": 0.01, ""src"": ""inner_cv"", ""thr"": 0.4201}]",5.32,bootstrap unit: scaffold
T3,native,scaffold,all,fg_ketone,F1,hgb,auroc,0.7404,0.7207,0.7583,0.5,,,,5198,4222,1000,20789,inner_cv,"[{""fold"": ""scaffold"", ""src"": ""inner_cv"", ""thr"": 0.3851}]",5.93,bootstrap unit: scaffold
T3,native,scaffold,all,fg_ketone,F1,hgb,auprc,0.3468,0.3144,0.3815,0.157,,,,5198,4222,1000,20789,inner_cv,"[{""fold"": ""scaffold"", ""src"": ""inner_cv"", ""thr"": 0.3851}]",5.93,bootstrap unit: scaffold
T3,native,scaffold,all,fg_ketone,F1,hgb,bal_acc,0.6708,0.6524,0.6886,0.5,,,,5198,4222,1000,20789,inner_cv,"[{""fold"": ""scaffold"", ""src"": ""inner_cv"", ""thr"": 0.3851}]",5.93,bootstrap unit: scaffold
T3,native,scaffold,all,fg_ketone,F1,knn,auroc,0.6201,0.5979,0.6406,0.5,,,,5198,4222,1000,20789,inner_cv,"[{""fold"": ""scaffold"", ""k"": 10, ""src"": ""inner_cv"", ""thr"": 0.0986}]",225.75,bootstrap unit: scaffold
T3,native,scaffold,all,fg_ketone,F1,knn,auprc,0.2574,0.2301,0.2895,0.157,,,,5198,4222,1000,20789,inner_cv,"[{""fold"": ""scaffold"", ""k"": 10, ""src"": ""inner_cv"", ""thr"": 0.0986}]",225.75,bootstrap unit: scaffold
T3,native,scaffold,all,fg_ketone,F1,knn,bal_acc,0.5897,0.5709,0.6078,0.5,,,,5198,4222,1000,20789,inner_cv,"[{""fold"": ""scaffold"", ""k"": 10, ""src"": ""inner_cv"", ""thr"": 0.0986}]",225.75,bootstrap unit: scaffold
T3,native,scaffold,all,fg_ketone,F1pos,majority,auroc,0.5,0.5,0.5,0.5,,,,5198,4222,1000,20789,fixed,"[{""fold"": ""scaffold"", ""src"": ""fixed"", ""thr"": 0.5}]",1.37,bootstrap unit: scaffold
T3,native,scaffold,all,fg_ketone,F1pos,majority,auprc,0.157,0.1459,0.1687,0.157,,,,5198,4222,1000,20789,fixed,"[{""fold"": ""scaffold"", ""src"": ""fixed"", ""thr"": 0.5}]",1.37,bootstrap unit: scaffold
T3,native,scaffold,all,fg_ketone,F1pos,majority,bal_acc,0.5,0.5,0.5,0.5,,,,5198,4222,1000,20789,fixed,"[{""fold"": ""scaffold"", ""src"": ""fixed"", ""thr"": 0.5}]",1.37,bootstrap unit: scaffold
T3,native,scaffold,all,fg_ketone,F1pos,lr,auroc,0.7229,0.7032,0.7434,0.5,,,,5198,4222,1000,20789,inner_cv,"[{""fold"": ""scaffold"", ""C"": 0.01, ""src"": ""inner_cv"", ""thr"": 0.4589}]",3.44,bootstrap unit: scaffold
T3,native,scaffold,all,fg_ketone,F1pos,lr,auprc,0.3033,0.2741,0.3371,0.157,,,,5198,4222,1000,20789,inner_cv,"[{""fold"": ""scaffold"", ""C"": 0.01, ""src"": ""inner_cv"", ""thr"": 0.4589}]",3.44,bootstrap unit: scaffold
T3,native,scaffold,all,fg_ketone,F1pos,lr,bal_acc,0.6551,0.6354,0.6754,0.5,,,,5198,4222,1000,20789,inner_cv,"[{""fold"": ""scaffold"", ""C"": 0.01, ""src"": ""inner_cv"", ""thr"": 0.4589}]",3.44,bootstrap unit: scaffold
T3,native,scaffold,all,fg_ketone,F1pos,hgb,auroc,0.7153,0.693,0.7358,0.5,,,,5198,4222,1000,20789,inner_cv,"[{""fold"": ""scaffold"", ""src"": ""inner_cv"", ""thr"": 0.4643}]",6.35,bootstrap unit: scaffold
T3,native,scaffold,all,fg_ketone,F1pos,hgb,auprc,0.302,0.2746,0.3346,0.157,,,,5198,4222,1000,20789,inner_cv,"[{""fold"": ""scaffold"", ""src"": ""inner_cv"", ""thr"": 0.4643}]",6.35,bootstrap unit: scaffold
T3,native,scaffold,all,fg_ketone,F1pos,hgb,bal_acc,0.6484,0.6272,0.6691,0.5,,,,5198,4222,1000,20789,inner_cv,"[{""fold"": ""scaffold"", ""src"": ""inner_cv"", ""thr"": 0.4643}]",6.35,bootstrap unit: scaffold
T3,native,scaffold,all,fg_ketone,F1pos,knn,auroc,0.5266,0.5046,0.5476,0.5,,,,5198,4222,1000,20789,inner_cv,"[{""fold"": ""scaffold"", ""k"": 10, ""src"": ""inner_cv"", ""thr"": 0.0989}]",215.98,bootstrap unit: scaffold
T3,native,scaffold,all,fg_ketone,F1pos,knn,auprc,0.1738,0.1575,0.1949,0.157,,,,5198,4222,1000,20789,inner_cv,"[{""fold"": ""scaffold"", ""k"": 10, ""src"": ""inner_cv"", ""thr"": 0.0989}]",215.98,bootstrap unit: scaffold
T3,native,scaffold,all,fg_ketone,F1pos,knn,bal_acc,0.5178,0.4997,0.5364,0.5,,,,5198,4222,1000,20789,inner_cv,"[{""fold"": ""scaffold"", ""k"": 10, ""src"": ""inner_cv"", ""thr"": 0.0989}]",215.98,bootstrap unit: scaffold
T3,native,scaffold,all,fg_ketone,F2,majority,auroc,0.5,0.5,0.5,0.5,,,,5198,4222,1000,20789,fixed,"[{""fold"": ""scaffold"", ""src"": ""fixed"", ""thr"": 0.5}]",2.15,bootstrap unit: scaffold
T3,native,scaffold,all,fg_ketone,F2,majority,auprc,0.157,0.1459,0.1687,0.157,,,,5198,4222,1000,20789,fixed,"[{""fold"": ""scaffold"", ""src"": ""fixed"", ""thr"": 0.5}]",2.15,bootstrap unit: scaffold
T3,native,scaffold,all,fg_ketone,F2,majority,bal_acc,0.5,0.5,0.5,0.5,,,,5198,4222,1000,20789,fixed,"[{""fold"": ""scaffold"", ""src"": ""fixed"", ""thr"": 0.5}]",2.15,bootstrap unit: scaffold
T3,native,scaffold,all,fg_ketone,F2,lr,auroc,0.731,0.712,0.7495,0.5,,,,5198,4222,1000,20789,inner_cv,"[{""fold"": ""scaffold"", ""C"": 0.01, ""src"": ""inner_cv"", ""thr"": 0.4573}]",141.09,bootstrap unit: scaffold
T3,native,scaffold,all,fg_ketone,F2,lr,auprc,0.333,0.3001,0.3686,0.157,,,,5198,4222,1000,20789,inner_cv,"[{""fold"": ""scaffold"", ""C"": 0.01, ""src"": ""inner_cv"", ""thr"": 0.4573}]",141.09,bootstrap unit: scaffold
T3,native,scaffold,all,fg_ketone,F2,lr,bal_acc,0.6643,0.646,0.6839,0.5,,,,5198,4222,1000,20789,inner_cv,"[{""fold"": ""scaffold"", ""C"": 0.01, ""src"": ""inner_cv"", ""thr"": 0.4573}]",141.09,bootstrap unit: scaffold
T3,native,scaffold,all,fg_ketone,F2,hgb,auroc,0.7892,0.7723,0.8062,0.5,,,,5198,4222,1000,20789,inner_cv,"[{""fold"": ""scaffold"", ""src"": ""inner_cv"", ""thr"": 0.3107}]",43.83,bootstrap unit: scaffold
T3,native,scaffold,all,fg_ketone,F2,hgb,auprc,0.4018,0.3652,0.4397,0.157,,,,5198,4222,1000,20789,inner_cv,"[{""fold"": ""scaffold"", ""src"": ""inner_cv"", ""thr"": 0.3107}]",43.83,bootstrap unit: scaffold
T3,native,scaffold,all,fg_ketone,F2,hgb,bal_acc,0.717,0.7003,0.7337,0.5,,,,5198,4222,1000,20789,inner_cv,"[{""fold"": ""scaffold"", ""src"": ""inner_cv"", ""thr"": 0.3107}]",43.83,bootstrap unit: scaffold
T3,native,scaffold,all,fg_ketone,F2,knn,auroc,0.6759,0.654,0.6964,0.5,,,,5198,4222,1000,20789,inner_cv,"[{""fold"": ""scaffold"", ""k"": 10, ""src"": ""inner_cv"", ""thr"": 0.1002}]",257.25,bootstrap unit: scaffold
T3,native,scaffold,all,fg_ketone,F2,knn,auprc,0.3248,0.2923,0.3603,0.157,,,,5198,4222,1000,20789,inner_cv,"[{""fold"": ""scaffold"", ""k"": 10, ""src"": ""inner_cv"", ""thr"": 0.1002}]",257.25,bootstrap unit: scaffold
T3,native,scaffold,all,fg_ketone,F2,knn,bal_acc,0.6305,0.6118,0.6503,0.5,,,,5198,4222,1000,20789,inner_cv,"[{""fold"": ""scaffold"", ""k"": 10, ""src"": ""inner_cv"", ""thr"": 0.1002}]",257.25,bootstrap unit: scaffold
T3,native,scaffold,all,fg_ketone,F3,majority,auroc,0.5,0.5,0.5,0.5,,,,5198,4222,1000,20789,fixed,"[{""fold"": ""scaffold"", ""src"": ""fixed"", ""thr"": 0.5}]",6.83,bootstrap unit: scaffold
T3,native,scaffold,all,fg_ketone,F3,majority,auprc,0.157,0.1459,0.1687,0.157,,,,5198,4222,1000,20789,fixed,"[{""fold"": ""scaffold"", ""src"": ""fixed"", ""thr"": 0.5}]",6.83,bootstrap unit: scaffold
T3,native,scaffold,all,fg_ketone,F3,majority,bal_acc,0.5,0.5,0.5,0.5,,,,5198,4222,1000,20789,fixed,"[{""fold"": ""scaffold"", ""src"": ""fixed"", ""thr"": 0.5}]",6.83,bootstrap unit: scaffold
T3,native,scaffold,all,fg_ketone,F3,lr,auroc,0.7508,0.7329,0.7688,0.5,,,,5198,4222,1000,20789,inner_cv,"[{""fold"": ""scaffold"", ""C"": 0.01, ""src"": ""inner_cv"", ""thr"": 0.381}]",133.77,bootstrap unit: scaffold
T3,native,scaffold,all,fg_ketone,F3,lr,auprc,0.3518,0.3184,0.3898,0.157,,,,5198,4222,1000,20789,inner_cv,"[{""fold"": ""scaffold"", ""C"": 0.01, ""src"": ""inner_cv"", ""thr"": 0.381}]",133.77,bootstrap unit: scaffold
T3,native,scaffold,all,fg_ketone,F3,lr,bal_acc,0.6886,0.6709,0.7064,0.5,,,,5198,4222,1000,20789,inner_cv,"[{""fold"": ""scaffold"", ""C"": 0.01, ""src"": ""inner_cv"", ""thr"": 0.381}]",133.77,bootstrap unit: scaffold
T3,native,scaffold,all,fg_ketone,F3,hgb,auroc,0.9056,0.896,0.9154,0.5,0.0099,100,0.5013,5198,4222,1000,20789,inner_cv,"[{""fold"": ""scaffold"", ""src"": ""inner_cv"", ""thr"": 0.2662}]",42.21,bootstrap unit: scaffold
T3,native,scaffold,all,fg_ketone,F3,hgb,auprc,0.5821,0.5408,0.6246,0.157,,,,5198,4222,1000,20789,inner_cv,"[{""fold"": ""scaffold"", ""src"": ""inner_cv"", ""thr"": 0.2662}]",42.21,bootstrap unit: scaffold
T3,native,scaffold,all,fg_ketone,F3,hgb,bal_acc,0.832,0.82,0.8435,0.5,,,,5198,4222,1000,20789,inner_cv,"[{""fold"": ""scaffold"", ""src"": ""inner_cv"", ""thr"": 0.2662}]",42.21,bootstrap unit: scaffold
T3,native,scaffold,all,fg_ketone,F3,knn,auroc,0.6881,0.6681,0.7088,0.5,,,,5198,4222,1000,20789,inner_cv,"[{""fold"": ""scaffold"", ""k"": 10, ""src"": ""inner_cv"", ""thr"": 0.1045}]",297.51,bootstrap unit: scaffold
T3,native,scaffold,all,fg_ketone,F3,knn,auprc,0.3392,0.3064,0.3763,0.157,,,,5198,4222,1000,20789,inner_cv,"[{""fold"": ""scaffold"", ""k"": 10, ""src"": ""inner_cv"", ""thr"": 0.1045}]",297.51,bootstrap unit: scaffold
T3,native,scaffold,all,fg_ketone,F3,knn,bal_acc,0.6392,0.6211,0.6571,0.5,,,,5198,4222,1000,20789,inner_cv,"[{""fold"": ""scaffold"", ""k"": 10, ""src"": ""inner_cv"", ""thr"": 0.1045}]",297.51,bootstrap unit: scaffold
T3,native,scaffold,all,fg_ketone,F1.sqrt,majority,auroc,0.5,0.5,0.5,0.5,,,,5198,4222,1000,20789,fixed,"[{""fold"": ""scaffold"", ""src"": ""fixed"", ""thr"": 0.5}]",1.53,bootstrap unit: scaffold
T3,native,scaffold,all,fg_ketone,F1.sqrt,majority,auprc,0.157,0.1459,0.1687,0.157,,,,5198,4222,1000,20789,fixed,"[{""fold"": ""scaffold"", ""src"": ""fixed"", ""thr"": 0.5}]",1.53,bootstrap unit: scaffold
T3,native,scaffold,all,fg_ketone,F1.sqrt,majority,bal_acc,0.5,0.5,0.5,0.5,,,,5198,4222,1000,20789,fixed,"[{""fold"": ""scaffold"", ""src"": ""fixed"", ""thr"": 0.5}]",1.53,bootstrap unit: scaffold
T3,native,scaffold,all,fg_ketone,F1.sqrt,lr,auroc,0.7397,0.7214,0.7587,0.5,,,,5198,4222,1000,20789,inner_cv,"[{""fold"": ""scaffold"", ""C"": 0.01, ""src"": ""inner_cv"", ""thr"": 0.4424}]",3.89,bootstrap unit: scaffold
T3,native,scaffold,all,fg_ketone,F1.sqrt,lr,auprc,0.3254,0.2958,0.3611,0.157,,,,5198,4222,1000,20789,inner_cv,"[{""fold"": ""scaffold"", ""C"": 0.01, ""src"": ""inner_cv"", ""thr"": 0.4424}]",3.89,bootstrap unit: scaffold
T3,native,scaffold,all,fg_ketone,F1.sqrt,lr,bal_acc,0.668,0.6494,0.6877,0.5,,,,5198,4222,1000,20789,inner_cv,"[{""fold"": ""scaffold"", ""C"": 0.01, ""src"": ""inner_cv"", ""thr"": 0.4424}]",3.89,bootstrap unit: scaffold
T3,native,scaffold,all,fg_ketone,F1.sqrt,hgb,auroc,0.7403,0.7206,0.7581,0.5,,,,5198,4222,1000,20789,inner_cv,"[{""fold"": ""scaffold"", ""src"": ""inner_cv"", ""thr"": 0.3851}]",4.96,bootstrap unit: scaffold
T3,native,scaffold,all,fg_ketone,F1.sqrt,hgb,auprc,0.3467,0.3143,0.3813,0.157,,,,5198,4222,1000,20789,inner_cv,"[{""fold"": ""scaffold"", ""src"": ""inner_cv"", ""thr"": 0.3851}]",4.96,bootstrap unit: scaffold
T3,native,scaffold,all,fg_ketone,F1.sqrt,hgb,bal_acc,0.6708,0.6524,0.6886,0.5,,,,5198,4222,1000,20789,inner_cv,"[{""fold"": ""scaffold"", ""src"": ""inner_cv"", ""thr"": 0.3851}]",4.96,bootstrap unit: scaffold
T3,native,scaffold,all,fg_ketone,F1.sqrt,knn,auroc,0.6185,0.597,0.6391,0.5,,,,5198,4222,1000,20789,inner_cv,"[{""fold"": ""scaffold"", ""k"": 10, ""src"": ""inner_cv"", ""thr"": 0.0956}]",217.47,bootstrap unit: scaffold
T3,native,scaffold,all,fg_ketone,F1.sqrt,knn,auprc,0.2418,0.218,0.2701,0.157,,,,5198,4222,1000,20789,inner_cv,"[{""fold"": ""scaffold"", ""k"": 10, ""src"": ""inner_cv"", ""thr"": 0.0956}]",217.47,bootstrap unit: scaffold
T3,native,scaffold,all,fg_ketone,F1.sqrt,knn,bal_acc,0.5905,0.5726,0.6072,0.5,,,,5198,4222,1000,20789,inner_cv,"[{""fold"": ""scaffold"", ""k"": 10, ""src"": ""inner_cv"", ""thr"": 0.0956}]",217.47,bootstrap unit: scaffold
T3,native,scaffold,all,fg_ketone,F2.lt1700,majority,auroc,0.5,0.5,0.5,0.5,,,,5198,4222,1000,20789,fixed,"[{""fold"": ""scaffold"", ""src"": ""fixed"", ""thr"": 0.5}]",8.0,bootstrap unit: scaffold
T3,native,scaffold,all,fg_ketone,F2.lt1700,majority,auprc,0.157,0.1459,0.1687,0.157,,,,5198,4222,1000,20789,fixed,"[{""fold"": ""scaffold"", ""src"": ""fixed"", ""thr"": 0.5}]",8.0,bootstrap unit: scaffold
T3,native,scaffold,all,fg_ketone,F2.lt1700,majority,bal_acc,0.5,0.5,0.5,0.5,,,,5198,4222,1000,20789,fixed,"[{""fold"": ""scaffold"", ""src"": ""fixed"", ""thr"": 0.5}]",8.0,bootstrap unit: scaffold
T3,native,scaffold,all,fg_ketone,F2.lt1700,lr,auroc,0.7107,0.692,0.729,0.5,,,,5198,4222,1000,20789,inner_cv,"[{""fold"": ""scaffold"", ""C"": 0.01, ""src"": ""inner_cv"", ""thr"": 0.4477}]",112.17,bootstrap unit: scaffold
T3,native,scaffold,all,fg_ketone,F2.lt1700,lr,auprc,0.3026,0.2732,0.3361,0.157,,,,5198,4222,1000,20789,inner_cv,"[{""fold"": ""scaffold"", ""C"": 0.01, ""src"": ""inner_cv"", ""thr"": 0.4477}]",112.17,bootstrap unit: scaffold
T3,native,scaffold,all,fg_ketone,F2.lt1700,lr,bal_acc,0.6461,0.6287,0.6651,0.5,,,,5198,4222,1000,20789,inner_cv,"[{""fold"": ""scaffold"", ""C"": 0.01, ""src"": ""inner_cv"", ""thr"": 0.4477}]",112.17,bootstrap unit: scaffold
T3,native,scaffold,all,fg_ketone,F2.lt1700,hgb,auroc,0.785,0.7684,0.8024,0.5,,,,5198,4222,1000,20789,inner_cv,"[{""fold"": ""scaffold"", ""src"": ""inner_cv"", ""thr"": 0.3899}]",35.85,bootstrap unit: scaffold
T3,native,scaffold,all,fg_ketone,F2.lt1700,hgb,auprc,0.3964,0.3605,0.4343,0.157,,,,5198,4222,1000,20789,inner_cv,"[{""fold"": ""scaffold"", ""src"": ""inner_cv"", ""thr"": 0.3899}]",35.85,bootstrap unit: scaffold
T3,native,scaffold,all,fg_ketone,F2.lt1700,hgb,bal_acc,0.7097,0.691,0.7287,0.5,,,,5198,4222,1000,20789,inner_cv,"[{""fold"": ""scaffold"", ""src"": ""inner_cv"", ""thr"": 0.3899}]",35.85,bootstrap unit: scaffold
T3,native,scaffold,all,fg_ketone,F2.lt1700,knn,auroc,0.6394,0.6177,0.6609,0.5,,,,5198,4222,1000,20789,inner_cv,"[{""fold"": ""scaffold"", ""k"": 10, ""src"": ""inner_cv"", ""thr"": 0.1004}]",299.18,bootstrap unit: scaffold
T3,native,scaffold,all,fg_ketone,F2.lt1700,knn,auprc,0.2547,0.2284,0.2872,0.157,,,,5198,4222,1000,20789,inner_cv,"[{""fold"": ""scaffold"", ""k"": 10, ""src"": ""inner_cv"", ""thr"": 0.1004}]",299.18,bootstrap unit: scaffold
T3,native,scaffold,all,fg_ketone,F2.lt1700,knn,bal_acc,0.6065,0.5866,0.6258,0.5,,,,5198,4222,1000,20789,inner_cv,"[{""fold"": ""scaffold"", ""k"": 10, ""src"": ""inner_cv"", ""thr"": 0.1004}]",299.18,bootstrap unit: scaffold
T3,native,scaffold,all,fg_ketone,F3.lt1700,majority,auroc,0.5,0.5,0.5,0.5,,,,5198,4222,1000,20789,fixed,"[{""fold"": ""scaffold"", ""src"": ""fixed"", ""thr"": 0.5}]",1.72,bootstrap unit: scaffold
T3,native,scaffold,all,fg_ketone,F3.lt1700,majority,auprc,0.157,0.1459,0.1687,0.157,,,,5198,4222,1000,20789,fixed,"[{""fold"": ""scaffold"", ""src"": ""fixed"", ""thr"": 0.5}]",1.72,bootstrap unit: scaffold
T3,native,scaffold,all,fg_ketone,F3.lt1700,majority,bal_acc,0.5,0.5,0.5,0.5,,,,5198,4222,1000,20789,fixed,"[{""fold"": ""scaffold"", ""src"": ""fixed"", ""thr"": 0.5}]",1.72,bootstrap unit: scaffold
T3,native,scaffold,all,fg_ketone,F3.lt1700,lr,auroc,0.7211,0.7028,0.74,0.5,,,,5198,4222,1000,20789,inner_cv,"[{""fold"": ""scaffold"", ""C"": 0.01, ""src"": ""inner_cv"", ""thr"": 0.4174}]",130.89,bootstrap unit: scaffold
T3,native,scaffold,all,fg_ketone,F3.lt1700,lr,auprc,0.309,0.2791,0.3432,0.157,,,,5198,4222,1000,20789,inner_cv,"[{""fold"": ""scaffold"", ""C"": 0.01, ""src"": ""inner_cv"", ""thr"": 0.4174}]",130.89,bootstrap unit: scaffold
T3,native,scaffold,all,fg_ketone,F3.lt1700,lr,bal_acc,0.6607,0.6422,0.6792,0.5,,,,5198,4222,1000,20789,inner_cv,"[{""fold"": ""scaffold"", ""C"": 0.01, ""src"": ""inner_cv"", ""thr"": 0.4174}]",130.89,bootstrap unit: scaffold
T3,native,scaffold,all,fg_ketone,F3.lt1700,hgb,auroc,0.8786,0.8669,0.8903,0.5,,,,5198,4222,1000,20789,inner_cv,"[{""fold"": ""scaffold"", ""src"": ""inner_cv"", ""thr"": 0.3063}]",51.21,bootstrap unit: scaffold
T3,native,scaffold,all,fg_ketone,F3.lt1700,hgb,auprc,0.528,0.4882,0.5728,0.157,,,,5198,4222,1000,20789,inner_cv,"[{""fold"": ""scaffold"", ""src"": ""inner_cv"", ""thr"": 0.3063}]",51.21,bootstrap unit: scaffold
T3,native,scaffold,all,fg_ketone,F3.lt1700,hgb,bal_acc,0.8034,0.7888,0.8175,0.5,,,,5198,4222,1000,20789,inner_cv,"[{""fold"": ""scaffold"", ""src"": ""inner_cv"", ""thr"": 0.3063}]",51.21,bootstrap unit: scaffold
T3,native,scaffold,all,fg_ketone,F3.lt1700,knn,auroc,0.6519,0.6322,0.6725,0.5,,,,5198,4222,1000,20789,inner_cv,"[{""fold"": ""scaffold"", ""k"": 10, ""src"": ""inner_cv"", ""thr"": 0.102}]",272.44,bootstrap unit: scaffold
T3,native,scaffold,all,fg_ketone,F3.lt1700,knn,auprc,0.2674,0.2399,0.3002,0.157,,,,5198,4222,1000,20789,inner_cv,"[{""fold"": ""scaffold"", ""k"": 10, ""src"": ""inner_cv"", ""thr"": 0.102}]",272.44,bootstrap unit: scaffold
T3,native,scaffold,all,fg_ketone,F3.lt1700,knn,bal_acc,0.6176,0.5997,0.6365,0.5,,,,5198,4222,1000,20789,inner_cv,"[{""fold"": ""scaffold"", ""k"": 10, ""src"": ""inner_cv"", ""thr"": 0.102}]",272.44,bootstrap unit: scaffold
T3,native,scaffold,all,fg_aldehyde,F1,majority,auroc,0.5,0.5,0.5,0.5,,,,5198,4222,1000,20789,fixed,"[{""fold"": ""scaffold"", ""src"": ""fixed"", ""thr"": 0.5}]",1.37,bootstrap unit: scaffold
T3,native,scaffold,all,fg_aldehyde,F1,majority,auprc,0.005,0.003,0.007,0.005,,,,5198,4222,1000,20789,fixed,"[{""fold"": ""scaffold"", ""src"": ""fixed"", ""thr"": 0.5}]",1.37,bootstrap unit: scaffold
T3,native,scaffold,all,fg_aldehyde,F1,majority,bal_acc,0.5,0.5,0.5,0.5,,,,5198,4222,1000,20789,fixed,"[{""fold"": ""scaffold"", ""src"": ""fixed"", ""thr"": 0.5}]",1.37,bootstrap unit: scaffold
T3,native,scaffold,all,fg_aldehyde,F1,lr,auroc,0.8856,0.8383,0.9296,0.5,0.0099,100,0.499,5198,4222,1000,20789,inner_cv,"[{""fold"": ""scaffold"", ""C"": 0.01, ""src"": ""inner_cv"", ""thr"": 0.5275}]",4.2,bootstrap unit: scaffold
T3,native,scaffold,all,fg_aldehyde,F1,lr,auprc,0.0396,0.0205,0.0873,0.005,,,,5198,4222,1000,20789,inner_cv,"[{""fold"": ""scaffold"", ""C"": 0.01, ""src"": ""inner_cv"", ""thr"": 0.5275}]",4.2,bootstrap unit: scaffold
T3,native,scaffold,all,fg_aldehyde,F1,lr,bal_acc,0.7993,0.7073,0.8762,0.5,,,,5198,4222,1000,20789,inner_cv,"[{""fold"": ""scaffold"", ""C"": 0.01, ""src"": ""inner_cv"", ""thr"": 0.5275}]",4.2,bootstrap unit: scaffold
T3,native,scaffold,all,fg_aldehyde,F1,hgb,auroc,0.8973,0.8497,0.937,0.5,,,,5198,4222,1000,20789,inner_cv,"[{""fold"": ""scaffold"", ""src"": ""inner_cv"", ""thr"": 0.4585}]",6.48,bootstrap unit: scaffold
T3,native,scaffold,all,fg_aldehyde,F1,hgb,auprc,0.0479,0.024,0.1166,0.005,,,,5198,4222,1000,20789,inner_cv,"[{""fold"": ""scaffold"", ""src"": ""inner_cv"", ""thr"": 0.4585}]",6.48,bootstrap unit: scaffold
T3,native,scaffold,all,fg_aldehyde,F1,hgb,bal_acc,0.8347,0.7633,0.8962,0.5,,,,5198,4222,1000,20789,inner_cv,"[{""fold"": ""scaffold"", ""src"": ""inner_cv"", ""thr"": 0.4585}]",6.48,bootstrap unit: scaffold
T3,native,scaffold,all,fg_aldehyde,F1,knn,auroc,0.8151,0.7244,0.8951,0.5,,,,5198,4222,1000,20789,inner_cv,"[{""fold"": ""scaffold"", ""k"": 10, ""src"": ""inner_cv"", ""thr"": 0.126}]",179.66,bootstrap unit: scaffold
T3,native,scaffold,all,fg_aldehyde,F1,knn,auprc,0.0256,0.0131,0.0572,0.005,,,,5198,4222,1000,20789,inner_cv,"[{""fold"": ""scaffold"", ""k"": 10, ""src"": ""inner_cv"", ""thr"": 0.126}]",179.66,bootstrap unit: scaffold
T3,native,scaffold,all,fg_aldehyde,F1,knn,bal_acc,0.7589,0.671,0.8357,0.5,,,,5198,4222,1000,20789,inner_cv,"[{""fold"": ""scaffold"", ""k"": 10, ""src"": ""inner_cv"", ""thr"": 0.126}]",179.66,bootstrap unit: scaffold
T3,native,scaffold,all,fg_aldehyde,F1pos,majority,auroc,0.5,0.5,0.5,0.5,,,,5198,4222,1000,20789,fixed,"[{""fold"": ""scaffold"", ""src"": ""fixed"", ""thr"": 0.5}]",1.33,bootstrap unit: scaffold
T3,native,scaffold,all,fg_aldehyde,F1pos,majority,auprc,0.005,0.003,0.007,0.005,,,,5198,4222,1000,20789,fixed,"[{""fold"": ""scaffold"", ""src"": ""fixed"", ""thr"": 0.5}]",1.33,bootstrap unit: scaffold
T3,native,scaffold,all,fg_aldehyde,F1pos,majority,bal_acc,0.5,0.5,0.5,0.5,,,,5198,4222,1000,20789,fixed,"[{""fold"": ""scaffold"", ""src"": ""fixed"", ""thr"": 0.5}]",1.33,bootstrap unit: scaffold
T3,native,scaffold,all,fg_aldehyde,F1pos,lr,auroc,0.8565,0.7967,0.9117,0.5,,,,5198,4222,1000,20789,inner_cv,"[{""fold"": ""scaffold"", ""C"": 0.01, ""src"": ""inner_cv"", ""thr"": 0.4176}]",3.22,bootstrap unit: scaffold
T3,native,scaffold,all,fg_aldehyde,F1pos,lr,auprc,0.0615,0.0204,0.174,0.005,,,,5198,4222,1000,20789,inner_cv,"[{""fold"": ""scaffold"", ""C"": 0.01, ""src"": ""inner_cv"", ""thr"": 0.4176}]",3.22,bootstrap unit: scaffold
T3,native,scaffold,all,fg_aldehyde,F1pos,lr,bal_acc,0.7108,0.6209,0.805,0.5,,,,5198,4222,1000,20789,inner_cv,"[{""fold"": ""scaffold"", ""C"": 0.01, ""src"": ""inner_cv"", ""thr"": 0.4176}]",3.22,bootstrap unit: scaffold
T3,native,scaffold,all,fg_aldehyde,F1pos,hgb,auroc,0.8592,0.8035,0.9132,0.5,,,,5198,4222,1000,20789,inner_cv,"[{""fold"": ""scaffold"", ""src"": ""inner_cv"", ""thr"": 0.387}]",4.52,bootstrap unit: scaffold
T3,native,scaffold,all,fg_aldehyde,F1pos,hgb,auprc,0.0374,0.0191,0.0797,0.005,,,,5198,4222,1000,20789,inner_cv,"[{""fold"": ""scaffold"", ""src"": ""inner_cv"", ""thr"": 0.387}]",4.52,bootstrap unit: scaffold
T3,native,scaffold,all,fg_aldehyde,F1pos,hgb,bal_acc,0.7427,0.6567,0.8281,0.5,,,,5198,4222,1000,20789,inner_cv,"[{""fold"": ""scaffold"", ""src"": ""inner_cv"", ""thr"": 0.387}]",4.52,bootstrap unit: scaffold
T3,native,scaffold,all,fg_aldehyde,F1pos,knn,auroc,0.6971,0.6039,0.7909,0.5,,,,5198,4222,1000,20789,inner_cv,"[{""fold"": ""scaffold"", ""k"": 10, ""src"": ""inner_cv"", ""thr"": 0.1164}]",208.66,bootstrap unit: scaffold
T3,native,scaffold,all,fg_aldehyde,F1pos,knn,auprc,0.0266,0.0068,0.113,0.005,,,,5198,4222,1000,20789,inner_cv,"[{""fold"": ""scaffold"", ""k"": 10, ""src"": ""inner_cv"", ""thr"": 0.1164}]",208.66,bootstrap unit: scaffold
T3,native,scaffold,all,fg_aldehyde,F1pos,knn,bal_acc,0.6433,0.5477,0.7397,0.5,,,,5198,4222,1000,20789,inner_cv,"[{""fold"": ""scaffold"", ""k"": 10, ""src"": ""inner_cv"", ""thr"": 0.1164}]",208.66,bootstrap unit: scaffold
T3,native,scaffold,all,fg_aldehyde,F2,majority,auroc,0.5,0.5,0.5,0.5,,,,5198,4222,1000,20789,fixed,"[{""fold"": ""scaffold"", ""src"": ""fixed"", ""thr"": 0.5}]",3.61,bootstrap unit: scaffold
T3,native,scaffold,all,fg_aldehyde,F2,majority,auprc,0.005,0.003,0.007,0.005,,,,5198,4222,1000,20789,fixed,"[{""fold"": ""scaffold"", ""src"": ""fixed"", ""thr"": 0.5}]",3.61,bootstrap unit: scaffold
T3,native,scaffold,all,fg_aldehyde,F2,majority,bal_acc,0.5,0.5,0.5,0.5,,,,5198,4222,1000,20789,fixed,"[{""fold"": ""scaffold"", ""src"": ""fixed"", ""thr"": 0.5}]",3.61,bootstrap unit: scaffold
T3,native,scaffold,all,fg_aldehyde,F2,lr,auroc,0.8942,0.8543,0.9301,0.5,,,,5198,4222,1000,20789,inner_cv,"[{""fold"": ""scaffold"", ""C"": 0.01, ""src"": ""inner_cv"", ""thr"": 0.5204}]",106.55,bootstrap unit: scaffold
T3,native,scaffold,all,fg_aldehyde,F2,lr,auprc,0.0375,0.0199,0.0835,0.005,,,,5198,4222,1000,20789,inner_cv,"[{""fold"": ""scaffold"", ""C"": 0.01, ""src"": ""inner_cv"", ""thr"": 0.5204}]",106.55,bootstrap unit: scaffold
T3,native,scaffold,all,fg_aldehyde,F2,lr,bal_acc,0.8165,0.7325,0.8887,0.5,,,,5198,4222,1000,20789,inner_cv,"[{""fold"": ""scaffold"", ""C"": 0.01, ""src"": ""inner_cv"", ""thr"": 0.5204}]",106.55,bootstrap unit: scaffold
T3,native,scaffold,all,fg_aldehyde,F2,hgb,auroc,0.9038,0.856,0.9461,0.5,,,,5198,4222,1000,20789,inner_cv,"[{""fold"": ""scaffold"", ""src"": ""inner_cv"", ""thr"": 0.3918}]",38.41,bootstrap unit: scaffold
T3,native,scaffold,all,fg_aldehyde,F2,hgb,auprc,0.0663,0.0316,0.1524,0.005,,,,5198,4222,1000,20789,inner_cv,"[{""fold"": ""scaffold"", ""src"": ""inner_cv"", ""thr"": 0.3918}]",38.41,bootstrap unit: scaffold
T3,native,scaffold,all,fg_aldehyde,F2,hgb,bal_acc,0.7626,0.672,0.8501,0.5,,,,5198,4222,1000,20789,inner_cv,"[{""fold"": ""scaffold"", ""src"": ""inner_cv"", ""thr"": 0.3918}]",38.41,bootstrap unit: scaffold
T3,native,scaffold,all,fg_aldehyde,F2,knn,auroc,0.8423,0.7537,0.9172,0.5,,,,5198,4222,1000,20789,inner_cv,"[{""fold"": ""scaffold"", ""k"": 10, ""src"": ""inner_cv"", ""thr"": 0.1146}]",285.6,bootstrap unit: scaffold
T3,native,scaffold,all,fg_aldehyde,F2,knn,auprc,0.032,0.0164,0.0681,0.005,,,,5198,4222,1000,20789,inner_cv,"[{""fold"": ""scaffold"", ""k"": 10, ""src"": ""inner_cv"", ""thr"": 0.1146}]",285.6,bootstrap unit: scaffold
T3,native,scaffold,all,fg_aldehyde,F2,knn,bal_acc,0.7908,0.7033,0.8685,0.5,,,,5198,4222,1000,20789,inner_cv,"[{""fold"": ""scaffold"", ""k"": 10, ""src"": ""inner_cv"", ""thr"": 0.1146}]",285.6,bootstrap unit: scaffold
T3,native,scaffold,all,fg_aldehyde,F3,majority,auroc,0.5,0.5,0.5,0.5,,,,5198,4222,1000,20789,fixed,"[{""fold"": ""scaffold"", ""src"": ""fixed"", ""thr"": 0.5}]",8.23,bootstrap unit: scaffold
T3,native,scaffold,all,fg_aldehyde,F3,majority,auprc,0.005,0.003,0.007,0.005,,,,5198,4222,1000,20789,fixed,"[{""fold"": ""scaffold"", ""src"": ""fixed"", ""thr"": 0.5}]",8.23,bootstrap unit: scaffold
T3,native,scaffold,all,fg_aldehyde,F3,majority,bal_acc,0.5,0.5,0.5,0.5,,,,5198,4222,1000,20789,fixed,"[{""fold"": ""scaffold"", ""src"": ""fixed"", ""thr"": 0.5}]",8.23,bootstrap unit: scaffold
T3,native,scaffold,all,fg_aldehyde,F3,lr,auroc,0.9154,0.8823,0.9474,0.5,,,,5198,4222,1000,20789,inner_cv,"[{""fold"": ""scaffold"", ""C"": 0.01, ""src"": ""inner_cv"", ""thr"": 0.3348}]",134.82,bootstrap unit: scaffold
T3,native,scaffold,all,fg_aldehyde,F3,lr,auprc,0.0525,0.0256,0.1191,0.005,,,,5198,4222,1000,20789,inner_cv,"[{""fold"": ""scaffold"", ""C"": 0.01, ""src"": ""inner_cv"", ""thr"": 0.3348}]",134.82,bootstrap unit: scaffold
T3,native,scaffold,all,fg_aldehyde,F3,lr,bal_acc,0.8138,0.7315,0.8751,0.5,,,,5198,4222,1000,20789,inner_cv,"[{""fold"": ""scaffold"", ""C"": 0.01, ""src"": ""inner_cv"", ""thr"": 0.3348}]",134.82,bootstrap unit: scaffold
T3,native,scaffold,all,fg_aldehyde,F3,hgb,auroc,0.9311,0.8942,0.9629,0.5,,,,5198,4222,1000,20789,inner_cv,"[{""fold"": ""scaffold"", ""src"": ""inner_cv"", ""thr"": 0.2989}]",39.82,bootstrap unit: scaffold
T3,native,scaffold,all,fg_aldehyde,F3,hgb,auprc,0.1785,0.053,0.3273,0.005,,,,5198,4222,1000,20789,inner_cv,"[{""fold"": ""scaffold"", ""src"": ""inner_cv"", ""thr"": 0.2989}]",39.82,bootstrap unit: scaffold
T3,native,scaffold,all,fg_aldehyde,F3,hgb,bal_acc,0.8209,0.7365,0.8932,0.5,,,,5198,4222,1000,20789,inner_cv,"[{""fold"": ""scaffold"", ""src"": ""inner_cv"", ""thr"": 0.2989}]",39.82,bootstrap unit: scaffold
T3,native,scaffold,all,fg_aldehyde,F3,knn,auroc,0.8808,0.8227,0.9303,0.5,,,,5198,4222,1000,20789,inner_cv,"[{""fold"": ""scaffold"", ""k"": 10, ""src"": ""inner_cv"", ""thr"": 0.1082}]",277.81,bootstrap unit: scaffold
T3,native,scaffold,all,fg_aldehyde,F3,knn,auprc,0.0325,0.0176,0.0703,0.005,,,,5198,4222,1000,20789,inner_cv,"[{""fold"": ""scaffold"", ""k"": 10, ""src"": ""inner_cv"", ""thr"": 0.1082}]",277.81,bootstrap unit: scaffold
T3,native,scaffold,all,fg_aldehyde,F3,knn,bal_acc,0.8433,0.7716,0.9006,0.5,,,,5198,4222,1000,20789,inner_cv,"[{""fold"": ""scaffold"", ""k"": 10, ""src"": ""inner_cv"", ""thr"": 0.1082}]",277.81,bootstrap unit: scaffold
T3,native,scaffold,all,fg_aldehyde,F1.sqrt,majority,auroc,0.5,0.5,0.5,0.5,,,,5198,4222,1000,20789,fixed,"[{""fold"": ""scaffold"", ""src"": ""fixed"", ""thr"": 0.5}]",1.3,bootstrap unit: scaffold
T3,native,scaffold,all,fg_aldehyde,F1.sqrt,majority,auprc,0.005,0.003,0.007,0.005,,,,5198,4222,1000,20789,fixed,"[{""fold"": ""scaffold"", ""src"": ""fixed"", ""thr"": 0.5}]",1.3,bootstrap unit: scaffold
T3,native,scaffold,all,fg_aldehyde,F1.sqrt,majority,bal_acc,0.5,0.5,0.5,0.5,,,,5198,4222,1000,20789,fixed,"[{""fold"": ""scaffold"", ""src"": ""fixed"", ""thr"": 0.5}]",1.3,bootstrap unit: scaffold
T3,native,scaffold,all,fg_aldehyde,F1.sqrt,lr,auroc,0.8812,0.8293,0.9293,0.5,,,,5198,4222,1000,20789,inner_cv,"[{""fold"": ""scaffold"", ""C"": 0.01, ""src"": ""inner_cv"", ""thr"": 0.4502}]",4.58,bootstrap unit: scaffold
T3,native,scaffold,all,fg_aldehyde,F1.sqrt,lr,auprc,0.0511,0.0242,0.1107,0.005,,,,5198,4222,1000,20789,inner_cv,"[{""fold"": ""scaffold"", ""C"": 0.01, ""src"": ""inner_cv"", ""thr"": 0.4502}]",4.58,bootstrap unit: scaffold
T3,native,scaffold,all,fg_aldehyde,F1.sqrt,lr,bal_acc,0.7892,0.6971,0.8668,0.5,,,,5198,4222,1000,20789,inner_cv,"[{""fold"": ""scaffold"", ""C"": 0.01, ""src"": ""inner_cv"", ""thr"": 0.4502}]",4.58,bootstrap unit: scaffold
T3,native,scaffold,all,fg_aldehyde,F1.sqrt,hgb,auroc,0.8973,0.8497,0.937,0.5,,,,5198,4222,1000,20789,inner_cv,"[{""fold"": ""scaffold"", ""src"": ""inner_cv"", ""thr"": 0.4585}]",6.66,bootstrap unit: scaffold
T3,native,scaffold,all,fg_aldehyde,F1.sqrt,hgb,auprc,0.0479,0.024,0.1166,0.005,,,,5198,4222,1000,20789,inner_cv,"[{""fold"": ""scaffold"", ""src"": ""inner_cv"", ""thr"": 0.4585}]",6.66,bootstrap unit: scaffold
T3,native,scaffold,all,fg_aldehyde,F1.sqrt,hgb,bal_acc,0.8347,0.7633,0.8962,0.5,,,,5198,4222,1000,20789,inner_cv,"[{""fold"": ""scaffold"", ""src"": ""inner_cv"", ""thr"": 0.4585}]",6.66,bootstrap unit: scaffold
T3,native,scaffold,all,fg_aldehyde,F1.sqrt,knn,auroc,0.816,0.7172,0.8975,0.5,,,,5198,4222,1000,20789,inner_cv,"[{""fold"": ""scaffold"", ""k"": 10, ""src"": ""inner_cv"", ""thr"": 0.1789}]",145.56,bootstrap unit: scaffold
T3,native,scaffold,all,fg_aldehyde,F1.sqrt,knn,auprc,0.0437,0.0151,0.133,0.005,,,,5198,4222,1000,20789,inner_cv,"[{""fold"": ""scaffold"", ""k"": 10, ""src"": ""inner_cv"", ""thr"": 0.1789}]",145.56,bootstrap unit: scaffold
T3,native,scaffold,all,fg_aldehyde,F1.sqrt,knn,bal_acc,0.8107,0.7329,0.8727,0.5,,,,5198,4222,1000,20789,inner_cv,"[{""fold"": ""scaffold"", ""k"": 10, ""src"": ""inner_cv"", ""thr"": 0.1789}]",145.56,bootstrap unit: scaffold
T3,native,scaffold,all,fg_aldehyde,F2.lt1700,majority,auroc,0.5,0.5,0.5,0.5,,,,5198,4222,1000,20789,fixed,"[{""fold"": ""scaffold"", ""src"": ""fixed"", ""thr"": 0.5}]",9.14,bootstrap unit: scaffold
T3,native,scaffold,all,fg_aldehyde,F2.lt1700,majority,auprc,0.005,0.003,0.007,0.005,,,,5198,4222,1000,20789,fixed,"[{""fold"": ""scaffold"", ""src"": ""fixed"", ""thr"": 0.5}]",9.14,bootstrap unit: scaffold
T3,native,scaffold,all,fg_aldehyde,F2.lt1700,majority,bal_acc,0.5,0.5,0.5,0.5,,,,5198,4222,1000,20789,fixed,"[{""fold"": ""scaffold"", ""src"": ""fixed"", ""thr"": 0.5}]",9.14,bootstrap unit: scaffold
T3,native,scaffold,all,fg_aldehyde,F2.lt1700,lr,auroc,0.7691,0.6993,0.8445,0.5,,,,5198,4222,1000,20789,inner_cv,"[{""fold"": ""scaffold"", ""C"": 0.01, ""src"": ""inner_cv"", ""thr"": 0.5239}]",156.37,bootstrap unit: scaffold
T3,native,scaffold,all,fg_aldehyde,F2.lt1700,lr,auprc,0.0175,0.0091,0.0528,0.005,,,,5198,4222,1000,20789,inner_cv,"[{""fold"": ""scaffold"", ""C"": 0.01, ""src"": ""inner_cv"", ""thr"": 0.5239}]",156.37,bootstrap unit: scaffold
T3,native,scaffold,all,fg_aldehyde,F2.lt1700,lr,bal_acc,0.6525,0.5547,0.7492,0.5,,,,5198,4222,1000,20789,inner_cv,"[{""fold"": ""scaffold"", ""C"": 0.01, ""src"": ""inner_cv"", ""thr"": 0.5239}]",156.37,bootstrap unit: scaffold
T3,native,scaffold,all,fg_aldehyde,F2.lt1700,hgb,auroc,0.9168,0.8741,0.9523,0.5,,,,5198,4222,1000,20789,inner_cv,"[{""fold"": ""scaffold"", ""src"": ""inner_cv"", ""thr"": 0.4098}]",40.7,bootstrap unit: scaffold
T3,native,scaffold,all,fg_aldehyde,F2.lt1700,hgb,auprc,0.0789,0.0321,0.2063,0.005,,,,5198,4222,1000,20789,inner_cv,"[{""fold"": ""scaffold"", ""src"": ""inner_cv"", ""thr"": 0.4098}]",40.7,bootstrap unit: scaffold
T3,native,scaffold,all,fg_aldehyde,F2.lt1700,hgb,bal_acc,0.8672,0.8038,0.9086,0.5,,,,5198,4222,1000,20789,inner_cv,"[{""fold"": ""scaffold"", ""src"": ""inner_cv"", ""thr"": 0.4098}]",40.7,bootstrap unit: scaffold
T3,native,scaffold,all,fg_aldehyde,F2.lt1700,knn,auroc,0.689,0.5712,0.8067,0.5,,,,5198,4222,1000,20789,inner_cv,"[{""fold"": ""scaffold"", ""k"": 10, ""src"": ""inner_cv"", ""thr"": 0.1032}]",246.37,bootstrap unit: scaffold
T3,native,scaffold,all,fg_aldehyde,F2.lt1700,knn,auprc,0.0151,0.0078,0.0345,0.005,,,,5198,4222,1000,20789,inner_cv,"[{""fold"": ""scaffold"", ""k"": 10, ""src"": ""inner_cv"", ""thr"": 0.1032}]",246.37,bootstrap unit: scaffold
T3,native,scaffold,all,fg_aldehyde,F2.lt1700,knn,bal_acc,0.6358,0.5436,0.7231,0.5,,,,5198,4222,1000,20789,inner_cv,"[{""fold"": ""scaffold"", ""k"": 10, ""src"": ""inner_cv"", ""thr"": 0.1032}]",246.37,bootstrap unit: scaffold
T3,native,scaffold,all,fg_aldehyde,F3.lt1700,majority,auroc,0.5,0.5,0.5,0.5,,,,5198,4222,1000,20789,fixed,"[{""fold"": ""scaffold"", ""src"": ""fixed"", ""thr"": 0.5}]",6.84,bootstrap unit: scaffold
T3,native,scaffold,all,fg_aldehyde,F3.lt1700,majority,auprc,0.005,0.003,0.007,0.005,,,,5198,4222,1000,20789,fixed,"[{""fold"": ""scaffold"", ""src"": ""fixed"", ""thr"": 0.5}]",6.84,bootstrap unit: scaffold
T3,native,scaffold,all,fg_aldehyde,F3.lt1700,majority,bal_acc,0.5,0.5,0.5,0.5,,,,5198,4222,1000,20789,fixed,"[{""fold"": ""scaffold"", ""src"": ""fixed"", ""thr"": 0.5}]",6.84,bootstrap unit: scaffold
T3,native,scaffold,all,fg_aldehyde,F3.lt1700,lr,auroc,0.7788,0.7115,0.8505,0.5,,,,5198,4222,1000,20789,inner_cv,"[{""fold"": ""scaffold"", ""C"": 0.01, ""src"": ""inner_cv"", ""thr"": 0.4724}]",106.63,bootstrap unit: scaffold
T3,native,scaffold,all,fg_aldehyde,F3.lt1700,lr,auprc,0.0236,0.0097,0.0967,0.005,,,,5198,4222,1000,20789,inner_cv,"[{""fold"": ""scaffold"", ""C"": 0.01, ""src"": ""inner_cv"", ""thr"": 0.4724}]",106.63,bootstrap unit: scaffold
T3,native,scaffold,all,fg_aldehyde,F3.lt1700,lr,bal_acc,0.7065,0.6217,0.7836,0.5,,,,5198,4222,1000,20789,inner_cv,"[{""fold"": ""scaffold"", ""C"": 0.01, ""src"": ""inner_cv"", ""thr"": 0.4724}]",106.63,bootstrap unit: scaffold
T3,native,scaffold,all,fg_aldehyde,F3.lt1700,hgb,auroc,0.9392,0.9099,0.9627,0.5,0.0099,100,0.5004,5198,4222,1000,20789,inner_cv,"[{""fold"": ""scaffold"", ""src"": ""inner_cv"", ""thr"": 0.4399}]",52.94,bootstrap unit: scaffold
T3,native,scaffold,all,fg_aldehyde,F3.lt1700,hgb,auprc,0.1493,0.0424,0.2903,0.005,,,,5198,4222,1000,20789,inner_cv,"[{""fold"": ""scaffold"", ""src"": ""inner_cv"", ""thr"": 0.4399}]",52.94,bootstrap unit: scaffold
T3,native,scaffold,all,fg_aldehyde,F3.lt1700,hgb,bal_acc,0.8865,0.822,0.9277,0.5,,,,5198,4222,1000,20789,inner_cv,"[{""fold"": ""scaffold"", ""src"": ""inner_cv"", ""thr"": 0.4399}]",52.94,bootstrap unit: scaffold
T3,native,scaffold,all,fg_aldehyde,F3.lt1700,knn,auroc,0.7118,0.6075,0.8151,0.5,,,,5198,4222,1000,20789,inner_cv,"[{""fold"": ""scaffold"", ""k"": 10, ""src"": ""inner_cv"", ""thr"": 0.0965}]",261.54,bootstrap unit: scaffold
T3,native,scaffold,all,fg_aldehyde,F3.lt1700,knn,auprc,0.0152,0.0078,0.0312,0.005,,,,5198,4222,1000,20789,inner_cv,"[{""fold"": ""scaffold"", ""k"": 10, ""src"": ""inner_cv"", ""thr"": 0.0965}]",261.54,bootstrap unit: scaffold
T3,native,scaffold,all,fg_aldehyde,F3.lt1700,knn,bal_acc,0.586,0.4954,0.6705,0.5,,,,5198,4222,1000,20789,inner_cv,"[{""fold"": ""scaffold"", ""k"": 10, ""src"": ""inner_cv"", ""thr"": 0.0965}]",261.54,bootstrap unit: scaffold
T3,native,scaffold,all,fg_ester,F1,majority,auroc,0.5,0.5,0.5,0.5,,,,5198,4222,1000,20789,fixed,"[{""fold"": ""scaffold"", ""src"": ""fixed"", ""thr"": 0.5}]",1.33,bootstrap unit: scaffold
T3,native,scaffold,all,fg_ester,F1,majority,auprc,0.0573,0.0494,0.0649,0.0573,,,,5198,4222,1000,20789,fixed,"[{""fold"": ""scaffold"", ""src"": ""fixed"", ""thr"": 0.5}]",1.33,bootstrap unit: scaffold
T3,native,scaffold,all,fg_ester,F1,majority,bal_acc,0.5,0.5,0.5,0.5,,,,5198,4222,1000,20789,fixed,"[{""fold"": ""scaffold"", ""src"": ""fixed"", ""thr"": 0.5}]",1.33,bootstrap unit: scaffold
T3,native,scaffold,all,fg_ester,F1,lr,auroc,0.6647,0.6334,0.6944,0.5,0.0099,100,0.5003,5198,4222,1000,20789,inner_cv,"[{""fold"": ""scaffold"", ""C"": 10.0, ""src"": ""inner_cv"", ""thr"": 0.4552}]",4.28,bootstrap unit: scaffold
T3,native,scaffold,all,fg_ester,F1,lr,auprc,0.0995,0.0829,0.123,0.0573,,,,5198,4222,1000,20789,inner_cv,"[{""fold"": ""scaffold"", ""C"": 10.0, ""src"": ""inner_cv"", ""thr"": 0.4552}]",4.28,bootstrap unit: scaffold
T3,native,scaffold,all,fg_ester,F1,lr,bal_acc,0.6209,0.5915,0.6526,0.5,,,,5198,4222,1000,20789,inner_cv,"[{""fold"": ""scaffold"", ""C"": 10.0, ""src"": ""inner_cv"", ""thr"": 0.4552}]",4.28,bootstrap unit: scaffold
T3,native,scaffold,all,fg_ester,F1,hgb,auroc,0.6497,0.6164,0.6831,0.5,,,,5198,4222,1000,20789,inner_cv,"[{""fold"": ""scaffold"", ""src"": ""inner_cv"", ""thr"": 0.362}]",5.85,bootstrap unit: scaffold
T3,native,scaffold,all,fg_ester,F1,hgb,auprc,0.0957,0.0794,0.1189,0.0573,,,,5198,4222,1000,20789,inner_cv,"[{""fold"": ""scaffold"", ""src"": ""inner_cv"", ""thr"": 0.362}]",5.85,bootstrap unit: scaffold
T3,native,scaffold,all,fg_ester,F1,hgb,bal_acc,0.5928,0.5643,0.6258,0.5,,,,5198,4222,1000,20789,inner_cv,"[{""fold"": ""scaffold"", ""src"": ""inner_cv"", ""thr"": 0.362}]",5.85,bootstrap unit: scaffold
T3,native,scaffold,all,fg_ester,F1,knn,auroc,0.5428,0.517,0.5681,0.5,,,,5198,4222,1000,20789,inner_cv,"[{""fold"": ""scaffold"", ""k"": 10, ""src"": ""inner_cv"", ""thr"": 0.0894}]",189.13,bootstrap unit: scaffold
T3,native,scaffold,all,fg_ester,F1,knn,auprc,0.0663,0.0567,0.0797,0.0573,,,,5198,4222,1000,20789,inner_cv,"[{""fold"": ""scaffold"", ""k"": 10, ""src"": ""inner_cv"", ""thr"": 0.0894}]",189.13,bootstrap unit: scaffold
T3,native,scaffold,all,fg_ester,F1,knn,bal_acc,0.5362,0.5114,0.5606,0.5,,,,5198,4222,1000,20789,inner_cv,"[{""fold"": ""scaffold"", ""k"": 10, ""src"": ""inner_cv"", ""thr"": 0.0894}]",189.13,bootstrap unit: scaffold
T3,native,scaffold,all,fg_ester,F1pos,majority,auroc,0.5,0.5,0.5,0.5,,,,5198,4222,1000,20789,fixed,"[{""fold"": ""scaffold"", ""src"": ""fixed"", ""thr"": 0.5}]",1.27,bootstrap unit: scaffold
T3,native,scaffold,all,fg_ester,F1pos,majority,auprc,0.0573,0.0494,0.0649,0.0573,,,,5198,4222,1000,20789,fixed,"[{""fold"": ""scaffold"", ""src"": ""fixed"", ""thr"": 0.5}]",1.27,bootstrap unit: scaffold
T3,native,scaffold,all,fg_ester,F1pos,majority,bal_acc,0.5,0.5,0.5,0.5,,,,5198,4222,1000,20789,fixed,"[{""fold"": ""scaffold"", ""src"": ""fixed"", ""thr"": 0.5}]",1.27,bootstrap unit: scaffold
T3,native,scaffold,all,fg_ester,F1pos,lr,auroc,0.6418,0.6106,0.672,0.5,,,,5198,4222,1000,20789,inner_cv,"[{""fold"": ""scaffold"", ""C"": 0.1, ""src"": ""inner_cv"", ""thr"": 0.4705}]",3.37,bootstrap unit: scaffold
T3,native,scaffold,all,fg_ester,F1pos,lr,auprc,0.0903,0.0751,0.1117,0.0573,,,,5198,4222,1000,20789,inner_cv,"[{""fold"": ""scaffold"", ""C"": 0.1, ""src"": ""inner_cv"", ""thr"": 0.4705}]",3.37,bootstrap unit: scaffold
T3,native,scaffold,all,fg_ester,F1pos,lr,bal_acc,0.5862,0.5562,0.6158,0.5,,,,5198,4222,1000,20789,inner_cv,"[{""fold"": ""scaffold"", ""C"": 0.1, ""src"": ""inner_cv"", ""thr"": 0.4705}]",3.37,bootstrap unit: scaffold
T3,native,scaffold,all,fg_ester,F1pos,hgb,auroc,0.6479,0.615,0.6787,0.5,,,,5198,4222,1000,20789,inner_cv,"[{""fold"": ""scaffold"", ""src"": ""inner_cv"", ""thr"": 0.3166}]",4.5,bootstrap unit: scaffold
T3,native,scaffold,all,fg_ester,F1pos,hgb,auprc,0.0929,0.0774,0.1155,0.0573,,,,5198,4222,1000,20789,inner_cv,"[{""fold"": ""scaffold"", ""src"": ""inner_cv"", ""thr"": 0.3166}]",4.5,bootstrap unit: scaffold
T3,native,scaffold,all,fg_ester,F1pos,hgb,bal_acc,0.6054,0.5761,0.6335,0.5,,,,5198,4222,1000,20789,inner_cv,"[{""fold"": ""scaffold"", ""src"": ""inner_cv"", ""thr"": 0.3166}]",4.5,bootstrap unit: scaffold
T3,native,scaffold,all,fg_ester,F1pos,knn,auroc,0.5083,0.4842,0.5337,0.5,,,,5198,4222,1000,20789,inner_cv,"[{""fold"": ""scaffold"", ""k"": 10, ""src"": ""inner_cv"", ""thr"": 0.0898}]",153.57,bootstrap unit: scaffold
T3,native,scaffold,all,fg_ester,F1pos,knn,auprc,0.0632,0.053,0.0789,0.0573,,,,5198,4222,1000,20789,inner_cv,"[{""fold"": ""scaffold"", ""k"": 10, ""src"": ""inner_cv"", ""thr"": 0.0898}]",153.57,bootstrap unit: scaffold
T3,native,scaffold,all,fg_ester,F1pos,knn,bal_acc,0.5072,0.4836,0.5322,0.5,,,,5198,4222,1000,20789,inner_cv,"[{""fold"": ""scaffold"", ""k"": 10, ""src"": ""inner_cv"", ""thr"": 0.0898}]",153.57,bootstrap unit: scaffold
T3,native,scaffold,all,fg_ester,F2,majority,auroc,0.5,0.5,0.5,0.5,,,,5198,4222,1000,20789,fixed,"[{""fold"": ""scaffold"", ""src"": ""fixed"", ""thr"": 0.5}]",1.29,bootstrap unit: scaffold
T3,native,scaffold,all,fg_ester,F2,majority,auprc,0.0573,0.0494,0.0649,0.0573,,,,5198,4222,1000,20789,fixed,"[{""fold"": ""scaffold"", ""src"": ""fixed"", ""thr"": 0.5}]",1.29,bootstrap unit: scaffold
T3,native,scaffold,all,fg_ester,F2,majority,bal_acc,0.5,0.5,0.5,0.5,,,,5198,4222,1000,20789,fixed,"[{""fold"": ""scaffold"", ""src"": ""fixed"", ""thr"": 0.5}]",1.29,bootstrap unit: scaffold
T3,native,scaffold,all,fg_ester,F2,lr,auroc,0.6534,0.6199,0.6836,0.5,,,,5198,4222,1000,20789,inner_cv,"[{""fold"": ""scaffold"", ""C"": 0.01, ""src"": ""inner_cv"", ""thr"": 0.3881}]",144.62,bootstrap unit: scaffold
T3,native,scaffold,all,fg_ester,F2,lr,auprc,0.1003,0.0837,0.1285,0.0573,,,,5198,4222,1000,20789,inner_cv,"[{""fold"": ""scaffold"", ""C"": 0.01, ""src"": ""inner_cv"", ""thr"": 0.3881}]",144.62,bootstrap unit: scaffold
T3,native,scaffold,all,fg_ester,F2,lr,bal_acc,0.6083,0.5783,0.6368,0.5,,,,5198,4222,1000,20789,inner_cv,"[{""fold"": ""scaffold"", ""C"": 0.01, ""src"": ""inner_cv"", ""thr"": 0.3881}]",144.62,bootstrap unit: scaffold
T3,native,scaffold,all,fg_ester,F2,hgb,auroc,0.7057,0.6755,0.7361,0.5,,,,5198,4222,1000,20789,inner_cv,"[{""fold"": ""scaffold"", ""src"": ""inner_cv"", ""thr"": 0.155}]",51.73,bootstrap unit: scaffold
T3,native,scaffold,all,fg_ester,F2,hgb,auprc,0.125,0.1011,0.1588,0.0573,,,,5198,4222,1000,20789,inner_cv,"[{""fold"": ""scaffold"", ""src"": ""inner_cv"", ""thr"": 0.155}]",51.73,bootstrap unit: scaffold
T3,native,scaffold,all,fg_ester,F2,hgb,bal_acc,0.6532,0.6274,0.6823,0.5,,,,5198,4222,1000,20789,inner_cv,"[{""fold"": ""scaffold"", ""src"": ""inner_cv"", ""thr"": 0.155}]",51.73,bootstrap unit: scaffold
T3,native,scaffold,all,fg_ester,F2,knn,auroc,0.5628,0.5366,0.5905,0.5,,,,5198,4222,1000,20789,inner_cv,"[{""fold"": ""scaffold"", ""k"": 10, ""src"": ""inner_cv"", ""thr"": 0.0894}]",270.2,bootstrap unit: scaffold
T3,native,scaffold,all,fg_ester,F2,knn,auprc,0.0856,0.07,0.1149,0.0573,,,,5198,4222,1000,20789,inner_cv,"[{""fold"": ""scaffold"", ""k"": 10, ""src"": ""inner_cv"", ""thr"": 0.0894}]",270.2,bootstrap unit: scaffold
T3,native,scaffold,all,fg_ester,F2,knn,bal_acc,0.5586,0.5331,0.5845,0.5,,,,5198,4222,1000,20789,inner_cv,"[{""fold"": ""scaffold"", ""k"": 10, ""src"": ""inner_cv"", ""thr"": 0.0894}]",270.2,bootstrap unit: scaffold
T3,native,scaffold,all,fg_ester,F3,majority,auroc,0.5,0.5,0.5,0.5,,,,5198,4222,1000,20789,fixed,"[{""fold"": ""scaffold"", ""src"": ""fixed"", ""thr"": 0.5}]",0.97,bootstrap unit: scaffold
T3,native,scaffold,all,fg_ester,F3,majority,auprc,0.0573,0.0494,0.0649,0.0573,,,,5198,4222,1000,20789,fixed,"[{""fold"": ""scaffold"", ""src"": ""fixed"", ""thr"": 0.5}]",0.97,bootstrap unit: scaffold
T3,native,scaffold,all,fg_ester,F3,majority,bal_acc,0.5,0.5,0.5,0.5,,,,5198,4222,1000,20789,fixed,"[{""fold"": ""scaffold"", ""src"": ""fixed"", ""thr"": 0.5}]",0.97,bootstrap unit: scaffold
T3,native,scaffold,all,fg_ester,F3,lr,auroc,0.6705,0.6382,0.7024,0.5,,,,5198,4222,1000,20789,inner_cv,"[{""fold"": ""scaffold"", ""C"": 0.01, ""src"": ""inner_cv"", ""thr"": 0.3774}]",146.86,bootstrap unit: scaffold
T3,native,scaffold,all,fg_ester,F3,lr,auprc,0.1108,0.0907,0.1389,0.0573,,,,5198,4222,1000,20789,inner_cv,"[{""fold"": ""scaffold"", ""C"": 0.01, ""src"": ""inner_cv"", ""thr"": 0.3774}]",146.86,bootstrap unit: scaffold
T3,native,scaffold,all,fg_ester,F3,lr,bal_acc,0.6106,0.579,0.6409,0.5,,,,5198,4222,1000,20789,inner_cv,"[{""fold"": ""scaffold"", ""C"": 0.01, ""src"": ""inner_cv"", ""thr"": 0.3774}]",146.86,bootstrap unit: scaffold
T3,native,scaffold,all,fg_ester,F3,hgb,auroc,0.8688,0.8515,0.8834,0.5,0.0099,100,0.5001,5198,4222,1000,20789,inner_cv,"[{""fold"": ""scaffold"", ""src"": ""inner_cv"", ""thr"": 0.1073}]",57.47,bootstrap unit: scaffold
T3,native,scaffold,all,fg_ester,F3,hgb,auprc,0.2282,0.1921,0.2713,0.0573,,,,5198,4222,1000,20789,inner_cv,"[{""fold"": ""scaffold"", ""src"": ""inner_cv"", ""thr"": 0.1073}]",57.47,bootstrap unit: scaffold
T3,native,scaffold,all,fg_ester,F3,hgb,bal_acc,0.8064,0.7838,0.8255,0.5,,,,5198,4222,1000,20789,inner_cv,"[{""fold"": ""scaffold"", ""src"": ""inner_cv"", ""thr"": 0.1073}]",57.47,bootstrap unit: scaffold
T3,native,scaffold,all,fg_ester,F3,knn,auroc,0.5626,0.5373,0.591,0.5,,,,5198,4222,1000,20789,inner_cv,"[{""fold"": ""scaffold"", ""k"": 10, ""src"": ""inner_cv"", ""thr"": 0.0908}]",225.89,bootstrap unit: scaffold
T3,native,scaffold,all,fg_ester,F3,knn,auprc,0.0921,0.0721,0.1261,0.0573,,,,5198,4222,1000,20789,inner_cv,"[{""fold"": ""scaffold"", ""k"": 10, ""src"": ""inner_cv"", ""thr"": 0.0908}]",225.89,bootstrap unit: scaffold
T3,native,scaffold,all,fg_ester,F3,knn,bal_acc,0.5577,0.5345,0.585,0.5,,,,5198,4222,1000,20789,inner_cv,"[{""fold"": ""scaffold"", ""k"": 10, ""src"": ""inner_cv"", ""thr"": 0.0908}]",225.89,bootstrap unit: scaffold
T3,native,scaffold,all,fg_ester,F1.sqrt,majority,auroc,0.5,0.5,0.5,0.5,,,,5198,4222,1000,20789,fixed,"[{""fold"": ""scaffold"", ""src"": ""fixed"", ""thr"": 0.5}]",1.44,bootstrap unit: scaffold
T3,native,scaffold,all,fg_ester,F1.sqrt,majority,auprc,0.0573,0.0494,0.0649,0.0573,,,,5198,4222,1000,20789,fixed,"[{""fold"": ""scaffold"", ""src"": ""fixed"", ""thr"": 0.5}]",1.44,bootstrap unit: scaffold
T3,native,scaffold,all,fg_ester,F1.sqrt,majority,bal_acc,0.5,0.5,0.5,0.5,,,,5198,4222,1000,20789,fixed,"[{""fold"": ""scaffold"", ""src"": ""fixed"", ""thr"": 0.5}]",1.44,bootstrap unit: scaffold
T3,native,scaffold,all,fg_ester,F1.sqrt,lr,auroc,0.6581,0.6269,0.6911,0.5,,,,5198,4222,1000,20789,inner_cv,"[{""fold"": ""scaffold"", ""C"": 10.0, ""src"": ""inner_cv"", ""thr"": 0.3965}]",5.03,bootstrap unit: scaffold
T3,native,scaffold,all,fg_ester,F1.sqrt,lr,auprc,0.0974,0.081,0.1195,0.0573,,,,5198,4222,1000,20789,inner_cv,"[{""fold"": ""scaffold"", ""C"": 10.0, ""src"": ""inner_cv"", ""thr"": 0.3965}]",5.03,bootstrap unit: scaffold
T3,native,scaffold,all,fg_ester,F1.sqrt,lr,bal_acc,0.6168,0.5859,0.6498,0.5,,,,5198,4222,1000,20789,inner_cv,"[{""fold"": ""scaffold"", ""C"": 10.0, ""src"": ""inner_cv"", ""thr"": 0.3965}]",5.03,bootstrap unit: scaffold
T3,native,scaffold,all,fg_ester,F1.sqrt,hgb,auroc,0.6497,0.6164,0.6831,0.5,,,,5198,4222,1000,20789,inner_cv,"[{""fold"": ""scaffold"", ""src"": ""inner_cv"", ""thr"": 0.362}]",4.85,bootstrap unit: scaffold
T3,native,scaffold,all,fg_ester,F1.sqrt,hgb,auprc,0.0957,0.0794,0.1189,0.0573,,,,5198,4222,1000,20789,inner_cv,"[{""fold"": ""scaffold"", ""src"": ""inner_cv"", ""thr"": 0.362}]",4.85,bootstrap unit: scaffold
T3,native,scaffold,all,fg_ester,F1.sqrt,hgb,bal_acc,0.5928,0.5643,0.6258,0.5,,,,5198,4222,1000,20789,inner_cv,"[{""fold"": ""scaffold"", ""src"": ""inner_cv"", ""thr"": 0.362}]",4.85,bootstrap unit: scaffold
T3,native,scaffold,all,fg_ester,F1.sqrt,knn,auroc,0.5492,0.5222,0.5767,0.5,,,,5198,4222,1000,20789,inner_cv,"[{""fold"": ""scaffold"", ""k"": 10, ""src"": ""inner_cv"", ""thr"": 0.0929}]",139.35,bootstrap unit: scaffold
T3,native,scaffold,all,fg_ester,F1.sqrt,knn,auprc,0.067,0.0569,0.0817,0.0573,,,,5198,4222,1000,20789,inner_cv,"[{""fold"": ""scaffold"", ""k"": 10, ""src"": ""inner_cv"", ""thr"": 0.0929}]",139.35,bootstrap unit: scaffold
T3,native,scaffold,all,fg_ester,F1.sqrt,knn,bal_acc,0.5485,0.5218,0.5749,0.5,,,,5198,4222,1000,20789,inner_cv,"[{""fold"": ""scaffold"", ""k"": 10, ""src"": ""inner_cv"", ""thr"": 0.0929}]",139.35,bootstrap unit: scaffold
T3,native,scaffold,all,fg_ester,F2.lt1700,majority,auroc,0.5,0.5,0.5,0.5,,,,5198,4222,1000,20789,fixed,"[{""fold"": ""scaffold"", ""src"": ""fixed"", ""thr"": 0.5}]",1.38,bootstrap unit: scaffold
T3,native,scaffold,all,fg_ester,F2.lt1700,majority,auprc,0.0573,0.0494,0.0649,0.0573,,,,5198,4222,1000,20789,fixed,"[{""fold"": ""scaffold"", ""src"": ""fixed"", ""thr"": 0.5}]",1.38,bootstrap unit: scaffold
T3,native,scaffold,all,fg_ester,F2.lt1700,majority,bal_acc,0.5,0.5,0.5,0.5,,,,5198,4222,1000,20789,fixed,"[{""fold"": ""scaffold"", ""src"": ""fixed"", ""thr"": 0.5}]",1.38,bootstrap unit: scaffold
T3,native,scaffold,all,fg_ester,F2.lt1700,lr,auroc,0.6518,0.6183,0.6831,0.5,,,,5198,4222,1000,20789,inner_cv,"[{""fold"": ""scaffold"", ""C"": 0.01, ""src"": ""inner_cv"", ""thr"": 0.4531}]",162.9,bootstrap unit: scaffold
T3,native,scaffold,all,fg_ester,F2.lt1700,lr,auprc,0.1001,0.0836,0.1294,0.0573,,,,5198,4222,1000,20789,inner_cv,"[{""fold"": ""scaffold"", ""C"": 0.01, ""src"": ""inner_cv"", ""thr"": 0.4531}]",162.9,bootstrap unit: scaffold
T3,native,scaffold,all,fg_ester,F2.lt1700,lr,bal_acc,0.6141,0.5847,0.6441,0.5,,,,5198,4222,1000,20789,inner_cv,"[{""fold"": ""scaffold"", ""C"": 0.01, ""src"": ""inner_cv"", ""thr"": 0.4531}]",162.9,bootstrap unit: scaffold
T3,native,scaffold,all,fg_ester,F2.lt1700,hgb,auroc,0.7004,0.6696,0.7304,0.5,,,,5198,4222,1000,20789,inner_cv,"[{""fold"": ""scaffold"", ""src"": ""inner_cv"", ""thr"": 0.1878}]",53.23,bootstrap unit: scaffold
T3,native,scaffold,all,fg_ester,F2.lt1700,hgb,auprc,0.1171,0.0948,0.1485,0.0573,,,,5198,4222,1000,20789,inner_cv,"[{""fold"": ""scaffold"", ""src"": ""inner_cv"", ""thr"": 0.1878}]",53.23,bootstrap unit: scaffold
T3,native,scaffold,all,fg_ester,F2.lt1700,hgb,bal_acc,0.6389,0.6092,0.6701,0.5,,,,5198,4222,1000,20789,inner_cv,"[{""fold"": ""scaffold"", ""src"": ""inner_cv"", ""thr"": 0.1878}]",53.23,bootstrap unit: scaffold
T3,native,scaffold,all,fg_ester,F2.lt1700,knn,auroc,0.5401,0.5126,0.5678,0.5,,,,5198,4222,1000,20789,inner_cv,"[{""fold"": ""scaffold"", ""k"": 10, ""src"": ""inner_cv"", ""thr"": 0.0879}]",219.0,bootstrap unit: scaffold
T3,native,scaffold,all,fg_ester,F2.lt1700,knn,auprc,0.0742,0.0619,0.095,0.0573,,,,5198,4222,1000,20789,inner_cv,"[{""fold"": ""scaffold"", ""k"": 10, ""src"": ""inner_cv"", ""thr"": 0.0879}]",219.0,bootstrap unit: scaffold
T3,native,scaffold,all,fg_ester,F2.lt1700,knn,bal_acc,0.5378,0.5114,0.5653,0.5,,,,5198,4222,1000,20789,inner_cv,"[{""fold"": ""scaffold"", ""k"": 10, ""src"": ""inner_cv"", ""thr"": 0.0879}]",219.0,bootstrap unit: scaffold
T3,native,scaffold,all,fg_ester,F3.lt1700,majority,auroc,0.5,0.5,0.5,0.5,,,,5198,4222,1000,20789,fixed,"[{""fold"": ""scaffold"", ""src"": ""fixed"", ""thr"": 0.5}]",3.06,bootstrap unit: scaffold
T3,native,scaffold,all,fg_ester,F3.lt1700,majority,auprc,0.0573,0.0494,0.0649,0.0573,,,,5198,4222,1000,20789,fixed,"[{""fold"": ""scaffold"", ""src"": ""fixed"", ""thr"": 0.5}]",3.06,bootstrap unit: scaffold
T3,native,scaffold,all,fg_ester,F3.lt1700,majority,bal_acc,0.5,0.5,0.5,0.5,,,,5198,4222,1000,20789,fixed,"[{""fold"": ""scaffold"", ""src"": ""fixed"", ""thr"": 0.5}]",3.06,bootstrap unit: scaffold
T3,native,scaffold,all,fg_ester,F3.lt1700,lr,auroc,0.6489,0.6159,0.6803,0.5,,,,5198,4222,1000,20789,inner_cv,"[{""fold"": ""scaffold"", ""C"": 0.01, ""src"": ""inner_cv"", ""thr"": 0.2956}]",147.05,bootstrap unit: scaffold
T3,native,scaffold,all,fg_ester,F3.lt1700,lr,auprc,0.0976,0.0816,0.1226,0.0573,,,,5198,4222,1000,20789,inner_cv,"[{""fold"": ""scaffold"", ""C"": 0.01, ""src"": ""inner_cv"", ""thr"": 0.2956}]",147.05,bootstrap unit: scaffold
T3,native,scaffold,all,fg_ester,F3.lt1700,lr,bal_acc,0.598,0.5683,0.6262,0.5,,,,5198,4222,1000,20789,inner_cv,"[{""fold"": ""scaffold"", ""C"": 0.01, ""src"": ""inner_cv"", ""thr"": 0.2956}]",147.05,bootstrap unit: scaffold
T3,native,scaffold,all,fg_ester,F3.lt1700,hgb,auroc,0.8174,0.7962,0.8379,0.5,,,,5198,4222,1000,20789,inner_cv,"[{""fold"": ""scaffold"", ""src"": ""inner_cv"", ""thr"": 0.1238}]",49.5,bootstrap unit: scaffold
T3,native,scaffold,all,fg_ester,F3.lt1700,hgb,auprc,0.1725,0.1463,0.2071,0.0573,,,,5198,4222,1000,20789,inner_cv,"[{""fold"": ""scaffold"", ""src"": ""inner_cv"", ""thr"": 0.1238}]",49.5,bootstrap unit: scaffold
T3,native,scaffold,all,fg_ester,F3.lt1700,hgb,bal_acc,0.7501,0.7258,0.7729,0.5,,,,5198,4222,1000,20789,inner_cv,"[{""fold"": ""scaffold"", ""src"": ""inner_cv"", ""thr"": 0.1238}]",49.5,bootstrap unit: scaffold
T3,native,scaffold,all,fg_ester,F3.lt1700,knn,auroc,0.532,0.506,0.5589,0.5,,,,5198,4222,1000,20789,inner_cv,"[{""fold"": ""scaffold"", ""k"": 10, ""src"": ""inner_cv"", ""thr"": 0.0909}]",212.41,bootstrap unit: scaffold
T3,native,scaffold,all,fg_ester,F3.lt1700,knn,auprc,0.0756,0.0607,0.1022,0.0573,,,,5198,4222,1000,20789,inner_cv,"[{""fold"": ""scaffold"", ""k"": 10, ""src"": ""inner_cv"", ""thr"": 0.0909}]",212.41,bootstrap unit: scaffold
T3,native,scaffold,all,fg_ester,F3.lt1700,knn,bal_acc,0.53,0.5058,0.5552,0.5,,,,5198,4222,1000,20789,inner_cv,"[{""fold"": ""scaffold"", ""k"": 10, ""src"": ""inner_cv"", ""thr"": 0.0909}]",212.41,bootstrap unit: scaffold
T3,native,scaffold,all,fg_ether,F1,majority,auroc,0.5,0.5,0.5,0.5,,,,5198,4222,1000,20789,fixed,"[{""fold"": ""scaffold"", ""src"": ""fixed"", ""thr"": 0.5}]",1.56,bootstrap unit: scaffold
T3,native,scaffold,all,fg_ether,F1,majority,auprc,0.5083,0.492,0.5236,0.5083,,,,5198,4222,1000,20789,fixed,"[{""fold"": ""scaffold"", ""src"": ""fixed"", ""thr"": 0.5}]",1.56,bootstrap unit: scaffold
T3,native,scaffold,all,fg_ether,F1,majority,bal_acc,0.5,0.5,0.5,0.5,,,,5198,4222,1000,20789,fixed,"[{""fold"": ""scaffold"", ""src"": ""fixed"", ""thr"": 0.5}]",1.56,bootstrap unit: scaffold
T3,native,scaffold,all,fg_ether,F1,lr,auroc,0.6695,0.6523,0.684,0.5,0.0099,100,0.5001,5198,4222,1000,20789,inner_cv,"[{""fold"": ""scaffold"", ""C"": 0.01, ""src"": ""inner_cv"", ""thr"": 0.4811}]",5.13,bootstrap unit: scaffold
T3,native,scaffold,all,fg_ether,F1,lr,auprc,0.6553,0.633,0.6777,0.5083,,,,5198,4222,1000,20789,inner_cv,"[{""fold"": ""scaffold"", ""C"": 0.01, ""src"": ""inner_cv"", ""thr"": 0.4811}]",5.13,bootstrap unit: scaffold
T3,native,scaffold,all,fg_ether,F1,lr,bal_acc,0.6167,0.6025,0.631,0.5,,,,5198,4222,1000,20789,inner_cv,"[{""fold"": ""scaffold"", ""C"": 0.01, ""src"": ""inner_cv"", ""thr"": 0.4811}]",5.13,bootstrap unit: scaffold
T3,native,scaffold,all,fg_ether,F1,hgb,auroc,0.7119,0.6967,0.7262,0.5,,,,5198,4222,1000,20789,inner_cv,"[{""fold"": ""scaffold"", ""src"": ""inner_cv"", ""thr"": 0.5044}]",4.6,bootstrap unit: scaffold
T3,native,scaffold,all,fg_ether,F1,hgb,auprc,0.6942,0.6728,0.7144,0.5083,,,,5198,4222,1000,20789,inner_cv,"[{""fold"": ""scaffold"", ""src"": ""inner_cv"", ""thr"": 0.5044}]",4.6,bootstrap unit: scaffold
T3,native,scaffold,all,fg_ether,F1,hgb,bal_acc,0.6476,0.6334,0.6607,0.5,,,,5198,4222,1000,20789,inner_cv,"[{""fold"": ""scaffold"", ""src"": ""inner_cv"", ""thr"": 0.5044}]",4.6,bootstrap unit: scaffold
T3,native,scaffold,all,fg_ether,F1,knn,auroc,0.6444,0.6269,0.659,0.5,,,,5198,4222,1000,20789,inner_cv,"[{""fold"": ""scaffold"", ""k"": 10, ""src"": ""inner_cv"", ""thr"": 0.4066}]",145.57,bootstrap unit: scaffold
T3,native,scaffold,all,fg_ether,F1,knn,auprc,0.6515,0.6284,0.6725,0.5083,,,,5198,4222,1000,20789,inner_cv,"[{""fold"": ""scaffold"", ""k"": 10, ""src"": ""inner_cv"", ""thr"": 0.4066}]",145.57,bootstrap unit: scaffold
T3,native,scaffold,all,fg_ether,F1,knn,bal_acc,0.5942,0.5806,0.6074,0.5,,,,5198,4222,1000,20789,inner_cv,"[{""fold"": ""scaffold"", ""k"": 10, ""src"": ""inner_cv"", ""thr"": 0.4066}]",145.57,bootstrap unit: scaffold
T3,native,scaffold,all,fg_ether,F1pos,majority,auroc,0.5,0.5,0.5,0.5,,,,5198,4222,1000,20789,fixed,"[{""fold"": ""scaffold"", ""src"": ""fixed"", ""thr"": 0.5}]",1.31,bootstrap unit: scaffold
T3,native,scaffold,all,fg_ether,F1pos,majority,auprc,0.5083,0.492,0.5236,0.5083,,,,5198,4222,1000,20789,fixed,"[{""fold"": ""scaffold"", ""src"": ""fixed"", ""thr"": 0.5}]",1.31,bootstrap unit: scaffold
T3,native,scaffold,all,fg_ether,F1pos,majority,bal_acc,0.5,0.5,0.5,0.5,,,,5198,4222,1000,20789,fixed,"[{""fold"": ""scaffold"", ""src"": ""fixed"", ""thr"": 0.5}]",1.31,bootstrap unit: scaffold
T3,native,scaffold,all,fg_ether,F1pos,lr,auroc,0.708,0.6923,0.7219,0.5,,,,5198,4222,1000,20789,inner_cv,"[{""fold"": ""scaffold"", ""C"": 0.01, ""src"": ""inner_cv"", ""thr"": 0.4892}]",4.59,bootstrap unit: scaffold
T3,native,scaffold,all,fg_ether,F1pos,lr,auprc,0.6827,0.6593,0.7038,0.5083,,,,5198,4222,1000,20789,inner_cv,"[{""fold"": ""scaffold"", ""C"": 0.01, ""src"": ""inner_cv"", ""thr"": 0.4892}]",4.59,bootstrap unit: scaffold
T3,native,scaffold,all,fg_ether,F1pos,lr,bal_acc,0.6532,0.6385,0.6663,0.5,,,,5198,4222,1000,20789,inner_cv,"[{""fold"": ""scaffold"", ""C"": 0.01, ""src"": ""inner_cv"", ""thr"": 0.4892}]",4.59,bootstrap unit: scaffold
T3,native,scaffold,all,fg_ether,F1pos,hgb,auroc,0.7058,0.6898,0.7197,0.5,,,,5198,4222,1000,20789,inner_cv,"[{""fold"": ""scaffold"", ""src"": ""inner_cv"", ""thr"": 0.5014}]",4.73,bootstrap unit: scaffold
T3,native,scaffold,all,fg_ether,F1pos,hgb,auprc,0.6799,0.6571,0.7015,0.5083,,,,5198,4222,1000,20789,inner_cv,"[{""fold"": ""scaffold"", ""src"": ""inner_cv"", ""thr"": 0.5014}]",4.73,bootstrap unit: scaffold
T3,native,scaffold,all,fg_ether,F1pos,hgb,bal_acc,0.6509,0.6368,0.6634,0.5,,,,5198,4222,1000,20789,inner_cv,"[{""fold"": ""scaffold"", ""src"": ""inner_cv"", ""thr"": 0.5014}]",4.73,bootstrap unit: scaffold
T3,native,scaffold,all,fg_ether,F1pos,knn,auroc,0.5887,0.5733,0.6057,0.5,,,,5198,4222,1000,20789,inner_cv,"[{""fold"": ""scaffold"", ""k"": 10, ""src"": ""inner_cv"", ""thr"": 0.405}]",144.52,bootstrap unit: scaffold
T3,native,scaffold,all,fg_ether,F1pos,knn,auprc,0.581,0.5589,0.6027,0.5083,,,,5198,4222,1000,20789,inner_cv,"[{""fold"": ""scaffold"", ""k"": 10, ""src"": ""inner_cv"", ""thr"": 0.405}]",144.52,bootstrap unit: scaffold
T3,native,scaffold,all,fg_ether,F1pos,knn,bal_acc,0.5605,0.5475,0.5749,0.5,,,,5198,4222,1000,20789,inner_cv,"[{""fold"": ""scaffold"", ""k"": 10, ""src"": ""inner_cv"", ""thr"": 0.405}]",144.52,bootstrap unit: scaffold
T3,native,scaffold,all,fg_ether,F2,majority,auroc,0.5,0.5,0.5,0.5,,,,5198,4222,1000,20789,fixed,"[{""fold"": ""scaffold"", ""src"": ""fixed"", ""thr"": 0.5}]",1.61,bootstrap unit: scaffold
T3,native,scaffold,all,fg_ether,F2,majority,auprc,0.5083,0.492,0.5236,0.5083,,,,5198,4222,1000,20789,fixed,"[{""fold"": ""scaffold"", ""src"": ""fixed"", ""thr"": 0.5}]",1.61,bootstrap unit: scaffold
T3,native,scaffold,all,fg_ether,F2,majority,bal_acc,0.5,0.5,0.5,0.5,,,,5198,4222,1000,20789,fixed,"[{""fold"": ""scaffold"", ""src"": ""fixed"", ""thr"": 0.5}]",1.61,bootstrap unit: scaffold
T3,native,scaffold,all,fg_ether,F2,lr,auroc,0.6678,0.6515,0.6826,0.5,,,,5198,4222,1000,20789,inner_cv,"[{""fold"": ""scaffold"", ""C"": 0.01, ""src"": ""inner_cv"", ""thr"": 0.4965}]",142.77,bootstrap unit: scaffold
T3,native,scaffold,all,fg_ether,F2,lr,auprc,0.6551,0.6323,0.6772,0.5083,,,,5198,4222,1000,20789,inner_cv,"[{""fold"": ""scaffold"", ""C"": 0.01, ""src"": ""inner_cv"", ""thr"": 0.4965}]",142.77,bootstrap unit: scaffold
T3,native,scaffold,all,fg_ether,F2,lr,bal_acc,0.616,0.602,0.63,0.5,,,,5198,4222,1000,20789,inner_cv,"[{""fold"": ""scaffold"", ""C"": 0.01, ""src"": ""inner_cv"", ""thr"": 0.4965}]",142.77,bootstrap unit: scaffold
T3,native,scaffold,all,fg_ether,F2,hgb,auroc,0.7229,0.7063,0.7375,0.5,,,,5198,4222,1000,20789,inner_cv,"[{""fold"": ""scaffold"", ""src"": ""inner_cv"", ""thr"": 0.4753}]",52.4,bootstrap unit: scaffold
T3,native,scaffold,all,fg_ether,F2,hgb,auprc,0.7223,0.7012,0.7419,0.5083,,,,5198,4222,1000,20789,inner_cv,"[{""fold"": ""scaffold"", ""src"": ""inner_cv"", ""thr"": 0.4753}]",52.4,bootstrap unit: scaffold
T3,native,scaffold,all,fg_ether,F2,hgb,bal_acc,0.6611,0.646,0.6741,0.5,,,,5198,4222,1000,20789,inner_cv,"[{""fold"": ""scaffold"", ""src"": ""inner_cv"", ""thr"": 0.4753}]",52.4,bootstrap unit: scaffold
T3,native,scaffold,all,fg_ether,F2,knn,auroc,0.6662,0.65,0.6808,0.5,,,,5198,4222,1000,20789,inner_cv,"[{""fold"": ""scaffold"", ""k"": 10, ""src"": ""inner_cv"", ""thr"": 0.4073}]",204.96,bootstrap unit: scaffold
T3,native,scaffold,all,fg_ether,F2,knn,auprc,0.6754,0.6543,0.6956,0.5083,,,,5198,4222,1000,20789,inner_cv,"[{""fold"": ""scaffold"", ""k"": 10, ""src"": ""inner_cv"", ""thr"": 0.4073}]",204.96,bootstrap unit: scaffold
T3,native,scaffold,all,fg_ether,F2,knn,bal_acc,0.6139,0.6005,0.6269,0.5,,,,5198,4222,1000,20789,inner_cv,"[{""fold"": ""scaffold"", ""k"": 10, ""src"": ""inner_cv"", ""thr"": 0.4073}]",204.96,bootstrap unit: scaffold
T3,native,scaffold,all,fg_ether,F3,majority,auroc,0.5,0.5,0.5,0.5,,,,5198,4222,1000,20789,fixed,"[{""fold"": ""scaffold"", ""src"": ""fixed"", ""thr"": 0.5}]",1.24,bootstrap unit: scaffold
T3,native,scaffold,all,fg_ether,F3,majority,auprc,0.5083,0.492,0.5236,0.5083,,,,5198,4222,1000,20789,fixed,"[{""fold"": ""scaffold"", ""src"": ""fixed"", ""thr"": 0.5}]",1.24,bootstrap unit: scaffold
T3,native,scaffold,all,fg_ether,F3,majority,bal_acc,0.5,0.5,0.5,0.5,,,,5198,4222,1000,20789,fixed,"[{""fold"": ""scaffold"", ""src"": ""fixed"", ""thr"": 0.5}]",1.24,bootstrap unit: scaffold
T3,native,scaffold,all,fg_ether,F3,lr,auroc,0.6672,0.6514,0.6819,0.5,,,,5198,4222,1000,20789,inner_cv,"[{""fold"": ""scaffold"", ""C"": 0.01, ""src"": ""inner_cv"", ""thr"": 0.5165}]",116.93,bootstrap unit: scaffold
T3,native,scaffold,all,fg_ether,F3,lr,auprc,0.6555,0.6332,0.6782,0.5083,,,,5198,4222,1000,20789,inner_cv,"[{""fold"": ""scaffold"", ""C"": 0.01, ""src"": ""inner_cv"", ""thr"": 0.5165}]",116.93,bootstrap unit: scaffold
T3,native,scaffold,all,fg_ether,F3,lr,bal_acc,0.6136,0.5992,0.6276,0.5,,,,5198,4222,1000,20789,inner_cv,"[{""fold"": ""scaffold"", ""C"": 0.01, ""src"": ""inner_cv"", ""thr"": 0.5165}]",116.93,bootstrap unit: scaffold
T3,native,scaffold,all,fg_ether,F3,hgb,auroc,0.7485,0.7327,0.7623,0.5,0.0099,100,0.5011,5198,4222,1000,20789,inner_cv,"[{""fold"": ""scaffold"", ""src"": ""inner_cv"", ""thr"": 0.4661}]",58.53,bootstrap unit: scaffold
T3,native,scaffold,all,fg_ether,F3,hgb,auprc,0.7495,0.7301,0.7676,0.5083,,,,5198,4222,1000,20789,inner_cv,"[{""fold"": ""scaffold"", ""src"": ""inner_cv"", ""thr"": 0.4661}]",58.53,bootstrap unit: scaffold
T3,native,scaffold,all,fg_ether,F3,hgb,bal_acc,0.6798,0.6648,0.6936,0.5,,,,5198,4222,1000,20789,inner_cv,"[{""fold"": ""scaffold"", ""src"": ""inner_cv"", ""thr"": 0.4661}]",58.53,bootstrap unit: scaffold
T3,native,scaffold,all,fg_ether,F3,knn,auroc,0.6795,0.6625,0.6949,0.5,,,,5198,4222,1000,20789,inner_cv,"[{""fold"": ""scaffold"", ""k"": 10, ""src"": ""inner_cv"", ""thr"": 0.4105}]",202.08,bootstrap unit: scaffold
T3,native,scaffold,all,fg_ether,F3,knn,auprc,0.6881,0.6668,0.7097,0.5083,,,,5198,4222,1000,20789,inner_cv,"[{""fold"": ""scaffold"", ""k"": 10, ""src"": ""inner_cv"", ""thr"": 0.4105}]",202.08,bootstrap unit: scaffold
T3,native,scaffold,all,fg_ether,F3,knn,bal_acc,0.625,0.611,0.639,0.5,,,,5198,4222,1000,20789,inner_cv,"[{""fold"": ""scaffold"", ""k"": 10, ""src"": ""inner_cv"", ""thr"": 0.4105}]",202.08,bootstrap unit: scaffold
T3,native,scaffold,all,fg_ether,F1.sqrt,majority,auroc,0.5,0.5,0.5,0.5,,,,5198,4222,1000,20789,fixed,"[{""fold"": ""scaffold"", ""src"": ""fixed"", ""thr"": 0.5}]",1.42,bootstrap unit: scaffold
T3,native,scaffold,all,fg_ether,F1.sqrt,majority,auprc,0.5083,0.492,0.5236,0.5083,,,,5198,4222,1000,20789,fixed,"[{""fold"": ""scaffold"", ""src"": ""fixed"", ""thr"": 0.5}]",1.42,bootstrap unit: scaffold
T3,native,scaffold,all,fg_ether,F1.sqrt,majority,bal_acc,0.5,0.5,0.5,0.5,,,,5198,4222,1000,20789,fixed,"[{""fold"": ""scaffold"", ""src"": ""fixed"", ""thr"": 0.5}]",1.42,bootstrap unit: scaffold
T3,native,scaffold,all,fg_ether,F1.sqrt,lr,auroc,0.6943,0.6772,0.7083,0.5,,,,5198,4222,1000,20789,inner_cv,"[{""fold"": ""scaffold"", ""C"": 0.01, ""src"": ""inner_cv"", ""thr"": 0.534}]",5.11,bootstrap unit: scaffold
T3,native,scaffold,all,fg_ether,F1.sqrt,lr,auprc,0.6726,0.6495,0.694,0.5083,,,,5198,4222,1000,20789,inner_cv,"[{""fold"": ""scaffold"", ""C"": 0.01, ""src"": ""inner_cv"", ""thr"": 0.534}]",5.11,bootstrap unit: scaffold
T3,native,scaffold,all,fg_ether,F1.sqrt,lr,bal_acc,0.6387,0.6247,0.6527,0.5,,,,5198,4222,1000,20789,inner_cv,"[{""fold"": ""scaffold"", ""C"": 0.01, ""src"": ""inner_cv"", ""thr"": 0.534}]",5.11,bootstrap unit: scaffold
T3,native,scaffold,all,fg_ether,F1.sqrt,hgb,auroc,0.7119,0.6967,0.7262,0.5,,,,5198,4222,1000,20789,inner_cv,"[{""fold"": ""scaffold"", ""src"": ""inner_cv"", ""thr"": 0.5044}]",4.78,bootstrap unit: scaffold
T3,native,scaffold,all,fg_ether,F1.sqrt,hgb,auprc,0.6943,0.6728,0.7144,0.5083,,,,5198,4222,1000,20789,inner_cv,"[{""fold"": ""scaffold"", ""src"": ""inner_cv"", ""thr"": 0.5044}]",4.78,bootstrap unit: scaffold
T3,native,scaffold,all,fg_ether,F1.sqrt,hgb,bal_acc,0.6476,0.6334,0.6607,0.5,,,,5198,4222,1000,20789,inner_cv,"[{""fold"": ""scaffold"", ""src"": ""inner_cv"", ""thr"": 0.5044}]",4.78,bootstrap unit: scaffold
T3,native,scaffold,all,fg_ether,F1.sqrt,knn,auroc,0.641,0.6245,0.6558,0.5,,,,5198,4222,1000,20789,inner_cv,"[{""fold"": ""scaffold"", ""k"": 10, ""src"": ""inner_cv"", ""thr"": 0.4045}]",152.9,bootstrap unit: scaffold
T3,native,scaffold,all,fg_ether,F1.sqrt,knn,auprc,0.6269,0.6047,0.6487,0.5083,,,,5198,4222,1000,20789,inner_cv,"[{""fold"": ""scaffold"", ""k"": 10, ""src"": ""inner_cv"", ""thr"": 0.4045}]",152.9,bootstrap unit: scaffold
T3,native,scaffold,all,fg_ether,F1.sqrt,knn,bal_acc,0.6008,0.5867,0.6128,0.5,,,,5198,4222,1000,20789,inner_cv,"[{""fold"": ""scaffold"", ""k"": 10, ""src"": ""inner_cv"", ""thr"": 0.4045}]",152.9,bootstrap unit: scaffold
T3,native,scaffold,all,fg_ether,F2.lt1700,majority,auroc,0.5,0.5,0.5,0.5,,,,5198,4222,1000,20789,fixed,"[{""fold"": ""scaffold"", ""src"": ""fixed"", ""thr"": 0.5}]",1.14,bootstrap unit: scaffold
T3,native,scaffold,all,fg_ether,F2.lt1700,majority,auprc,0.5083,0.492,0.5236,0.5083,,,,5198,4222,1000,20789,fixed,"[{""fold"": ""scaffold"", ""src"": ""fixed"", ""thr"": 0.5}]",1.14,bootstrap unit: scaffold
T3,native,scaffold,all,fg_ether,F2.lt1700,majority,bal_acc,0.5,0.5,0.5,0.5,,,,5198,4222,1000,20789,fixed,"[{""fold"": ""scaffold"", ""src"": ""fixed"", ""thr"": 0.5}]",1.14,bootstrap unit: scaffold
T3,native,scaffold,all,fg_ether,F2.lt1700,lr,auroc,0.6685,0.6525,0.6829,0.5,,,,5198,4222,1000,20789,inner_cv,"[{""fold"": ""scaffold"", ""C"": 0.01, ""src"": ""inner_cv"", ""thr"": 0.4824}]",125.68,bootstrap unit: scaffold
T3,native,scaffold,all,fg_ether,F2.lt1700,lr,auprc,0.6547,0.6321,0.6768,0.5083,,,,5198,4222,1000,20789,inner_cv,"[{""fold"": ""scaffold"", ""C"": 0.01, ""src"": ""inner_cv"", ""thr"": 0.4824}]",125.68,bootstrap unit: scaffold
T3,native,scaffold,all,fg_ether,F2.lt1700,lr,bal_acc,0.6186,0.6047,0.6324,0.5,,,,5198,4222,1000,20789,inner_cv,"[{""fold"": ""scaffold"", ""C"": 0.01, ""src"": ""inner_cv"", ""thr"": 0.4824}]",125.68,bootstrap unit: scaffold
T3,native,scaffold,all,fg_ether,F2.lt1700,hgb,auroc,0.7249,0.7084,0.7395,0.5,,,,5198,4222,1000,20789,inner_cv,"[{""fold"": ""scaffold"", ""src"": ""inner_cv"", ""thr"": 0.4929}]",34.42,bootstrap unit: scaffold
T3,native,scaffold,all,fg_ether,F2.lt1700,hgb,auprc,0.7212,0.6998,0.7405,0.5083,,,,5198,4222,1000,20789,inner_cv,"[{""fold"": ""scaffold"", ""src"": ""inner_cv"", ""thr"": 0.4929}]",34.42,bootstrap unit: scaffold
T3,native,scaffold,all,fg_ether,F2.lt1700,hgb,bal_acc,0.655,0.6402,0.6677,0.5,,,,5198,4222,1000,20789,inner_cv,"[{""fold"": ""scaffold"", ""src"": ""inner_cv"", ""thr"": 0.4929}]",34.42,bootstrap unit: scaffold
T3,native,scaffold,all,fg_ether,F2.lt1700,knn,auroc,0.6686,0.6525,0.684,0.5,,,,5198,4222,1000,20789,inner_cv,"[{""fold"": ""scaffold"", ""k"": 10, ""src"": ""inner_cv"", ""thr"": 0.4071}]",160.3,bootstrap unit: scaffold
T3,native,scaffold,all,fg_ether,F2.lt1700,knn,auprc,0.6779,0.6571,0.6987,0.5083,,,,5198,4222,1000,20789,inner_cv,"[{""fold"": ""scaffold"", ""k"": 10, ""src"": ""inner_cv"", ""thr"": 0.4071}]",160.3,bootstrap unit: scaffold
T3,native,scaffold,all,fg_ether,F2.lt1700,knn,bal_acc,0.619,0.6055,0.6322,0.5,,,,5198,4222,1000,20789,inner_cv,"[{""fold"": ""scaffold"", ""k"": 10, ""src"": ""inner_cv"", ""thr"": 0.4071}]",160.3,bootstrap unit: scaffold
T3,native,scaffold,all,fg_ether,F3.lt1700,majority,auroc,0.5,0.5,0.5,0.5,,,,5198,4222,1000,20789,fixed,"[{""fold"": ""scaffold"", ""src"": ""fixed"", ""thr"": 0.5}]",1.16,bootstrap unit: scaffold
T3,native,scaffold,all,fg_ether,F3.lt1700,majority,auprc,0.5083,0.492,0.5236,0.5083,,,,5198,4222,1000,20789,fixed,"[{""fold"": ""scaffold"", ""src"": ""fixed"", ""thr"": 0.5}]",1.16,bootstrap unit: scaffold
T3,native,scaffold,all,fg_ether,F3.lt1700,majority,bal_acc,0.5,0.5,0.5,0.5,,,,5198,4222,1000,20789,fixed,"[{""fold"": ""scaffold"", ""src"": ""fixed"", ""thr"": 0.5}]",1.16,bootstrap unit: scaffold
T3,native,scaffold,all,fg_ether,F3.lt1700,lr,auroc,0.6707,0.6546,0.6852,0.5,,,,5198,4222,1000,20789,inner_cv,"[{""fold"": ""scaffold"", ""C"": 0.01, ""src"": ""inner_cv"", ""thr"": 0.4868}]",115.05,bootstrap unit: scaffold
T3,native,scaffold,all,fg_ether,F3.lt1700,lr,auprc,0.6568,0.6347,0.6802,0.5083,,,,5198,4222,1000,20789,inner_cv,"[{""fold"": ""scaffold"", ""C"": 0.01, ""src"": ""inner_cv"", ""thr"": 0.4868}]",115.05,bootstrap unit: scaffold
T3,native,scaffold,all,fg_ether,F3.lt1700,lr,bal_acc,0.6197,0.6058,0.6341,0.5,,,,5198,4222,1000,20789,inner_cv,"[{""fold"": ""scaffold"", ""C"": 0.01, ""src"": ""inner_cv"", ""thr"": 0.4868}]",115.05,bootstrap unit: scaffold
T3,native,scaffold,all,fg_ether,F3.lt1700,hgb,auroc,0.7441,0.728,0.7582,0.5,,,,5198,4222,1000,20789,inner_cv,"[{""fold"": ""scaffold"", ""src"": ""inner_cv"", ""thr"": 0.5045}]",45.34,bootstrap unit: scaffold
T3,native,scaffold,all,fg_ether,F3.lt1700,hgb,auprc,0.7445,0.7243,0.7628,0.5083,,,,5198,4222,1000,20789,inner_cv,"[{""fold"": ""scaffold"", ""src"": ""inner_cv"", ""thr"": 0.5045}]",45.34,bootstrap unit: scaffold
T3,native,scaffold,all,fg_ether,F3.lt1700,hgb,bal_acc,0.6726,0.6577,0.6859,0.5,,,,5198,4222,1000,20789,inner_cv,"[{""fold"": ""scaffold"", ""src"": ""inner_cv"", ""thr"": 0.5045}]",45.34,bootstrap unit: scaffold
T3,native,scaffold,all,fg_ether,F3.lt1700,knn,auroc,0.6772,0.6607,0.692,0.5,,,,5198,4222,1000,20789,inner_cv,"[{""fold"": ""scaffold"", ""k"": 10, ""src"": ""inner_cv"", ""thr"": 0.41}]",204.55,bootstrap unit: scaffold
T3,native,scaffold,all,fg_ether,F3.lt1700,knn,auprc,0.6885,0.6676,0.7098,0.5083,,,,5198,4222,1000,20789,inner_cv,"[{""fold"": ""scaffold"", ""k"": 10, ""src"": ""inner_cv"", ""thr"": 0.41}]",204.55,bootstrap unit: scaffold
T3,native,scaffold,all,fg_ether,F3.lt1700,knn,bal_acc,0.6243,0.6101,0.6372,0.5,,,,5198,4222,1000,20789,inner_cv,"[{""fold"": ""scaffold"", ""k"": 10, ""src"": ""inner_cv"", ""thr"": 0.41}]",204.55,bootstrap unit: scaffold
T3,native,scaffold,all,fg_nitrile,F1,majority,auroc,0.5,0.5,0.5,0.5,,,,5198,4222,1000,20789,fixed,"[{""fold"": ""scaffold"", ""src"": ""fixed"", ""thr"": 0.5}]",1.41,bootstrap unit: scaffold
T3,native,scaffold,all,fg_nitrile,F1,majority,auprc,0.0123,0.009,0.0163,0.0123,,,,5198,4222,1000,20789,fixed,"[{""fold"": ""scaffold"", ""src"": ""fixed"", ""thr"": 0.5}]",1.41,bootstrap unit: scaffold
T3,native,scaffold,all,fg_nitrile,F1,majority,bal_acc,0.5,0.5,0.5,0.5,,,,5198,4222,1000,20789,fixed,"[{""fold"": ""scaffold"", ""src"": ""fixed"", ""thr"": 0.5}]",1.41,bootstrap unit: scaffold
T3,native,scaffold,all,fg_nitrile,F1,lr,auroc,0.7838,0.7204,0.8424,0.5,0.0099,100,0.501,5198,4222,1000,20789,inner_cv,"[{""fold"": ""scaffold"", ""C"": 10.0, ""src"": ""inner_cv"", ""thr"": 0.5217}]",3.77,bootstrap unit: scaffold
T3,native,scaffold,all,fg_nitrile,F1,lr,auprc,0.0629,0.0359,0.1222,0.0123,,,,5198,4222,1000,20789,inner_cv,"[{""fold"": ""scaffold"", ""C"": 10.0, ""src"": ""inner_cv"", ""thr"": 0.5217}]",3.77,bootstrap unit: scaffold
T3,native,scaffold,all,fg_nitrile,F1,lr,bal_acc,0.7075,0.6532,0.7577,0.5,,,,5198,4222,1000,20789,inner_cv,"[{""fold"": ""scaffold"", ""C"": 10.0, ""src"": ""inner_cv"", ""thr"": 0.5217}]",3.77,bootstrap unit: scaffold
T3,native,scaffold,all,fg_nitrile,F1,hgb,auroc,0.7581,0.691,0.8203,0.5,,,,5198,4222,1000,20789,inner_cv,"[{""fold"": ""scaffold"", ""src"": ""inner_cv"", ""thr"": 0.4112}]",5.29,bootstrap unit: scaffold
T3,native,scaffold,all,fg_nitrile,F1,hgb,auprc,0.0462,0.0285,0.0824,0.0123,,,,5198,4222,1000,20789,inner_cv,"[{""fold"": ""scaffold"", ""src"": ""inner_cv"", ""thr"": 0.4112}]",5.29,bootstrap unit: scaffold
T3,native,scaffold,all,fg_nitrile,F1,hgb,bal_acc,0.6518,0.6,0.6987,0.5,,,,5198,4222,1000,20789,inner_cv,"[{""fold"": ""scaffold"", ""src"": ""inner_cv"", ""thr"": 0.4112}]",5.29,bootstrap unit: scaffold
T3,native,scaffold,all,fg_nitrile,F1,knn,auroc,0.6279,0.5552,0.7019,0.5,,,,5198,4222,1000,20789,inner_cv,"[{""fold"": ""scaffold"", ""k"": 10, ""src"": ""inner_cv"", ""thr"": 0.1881}]",116.2,bootstrap unit: scaffold
T3,native,scaffold,all,fg_nitrile,F1,knn,auprc,0.0262,0.0155,0.0488,0.0123,,,,5198,4222,1000,20789,inner_cv,"[{""fold"": ""scaffold"", ""k"": 10, ""src"": ""inner_cv"", ""thr"": 0.1881}]",116.2,bootstrap unit: scaffold
T3,native,scaffold,all,fg_nitrile,F1,knn,bal_acc,0.6228,0.5652,0.6819,0.5,,,,5198,4222,1000,20789,inner_cv,"[{""fold"": ""scaffold"", ""k"": 10, ""src"": ""inner_cv"", ""thr"": 0.1881}]",116.2,bootstrap unit: scaffold
T3,native,scaffold,all,fg_nitrile,F1pos,majority,auroc,0.5,0.5,0.5,0.5,,,,5198,4222,1000,20789,fixed,"[{""fold"": ""scaffold"", ""src"": ""fixed"", ""thr"": 0.5}]",1.47,bootstrap unit: scaffold
T3,native,scaffold,all,fg_nitrile,F1pos,majority,auprc,0.0123,0.009,0.0163,0.0123,,,,5198,4222,1000,20789,fixed,"[{""fold"": ""scaffold"", ""src"": ""fixed"", ""thr"": 0.5}]",1.47,bootstrap unit: scaffold
T3,native,scaffold,all,fg_nitrile,F1pos,majority,bal_acc,0.5,0.5,0.5,0.5,,,,5198,4222,1000,20789,fixed,"[{""fold"": ""scaffold"", ""src"": ""fixed"", ""thr"": 0.5}]",1.47,bootstrap unit: scaffold
T3,native,scaffold,all,fg_nitrile,F1pos,lr,auroc,0.7116,0.6497,0.7634,0.5,,,,5198,4222,1000,20789,inner_cv,"[{""fold"": ""scaffold"", ""C"": 10.0, ""src"": ""inner_cv"", ""thr"": 0.521}]",3.6,bootstrap unit: scaffold
T3,native,scaffold,all,fg_nitrile,F1pos,lr,auprc,0.0252,0.0173,0.0377,0.0123,,,,5198,4222,1000,20789,inner_cv,"[{""fold"": ""scaffold"", ""C"": 10.0, ""src"": ""inner_cv"", ""thr"": 0.521}]",3.6,bootstrap unit: scaffold
T3,native,scaffold,all,fg_nitrile,F1pos,lr,bal_acc,0.6254,0.5597,0.6857,0.5,,,,5198,4222,1000,20789,inner_cv,"[{""fold"": ""scaffold"", ""C"": 10.0, ""src"": ""inner_cv"", ""thr"": 0.521}]",3.6,bootstrap unit: scaffold
T3,native,scaffold,all,fg_nitrile,F1pos,hgb,auroc,0.6964,0.6231,0.756,0.5,,,,5198,4222,1000,20789,inner_cv,"[{""fold"": ""scaffold"", ""src"": ""inner_cv"", ""thr"": 0.4778}]",5.58,bootstrap unit: scaffold
T3,native,scaffold,all,fg_nitrile,F1pos,hgb,auprc,0.0251,0.0169,0.039,0.0123,,,,5198,4222,1000,20789,inner_cv,"[{""fold"": ""scaffold"", ""src"": ""inner_cv"", ""thr"": 0.4778}]",5.58,bootstrap unit: scaffold
T3,native,scaffold,all,fg_nitrile,F1pos,hgb,bal_acc,0.6543,0.589,0.7099,0.5,,,,5198,4222,1000,20789,inner_cv,"[{""fold"": ""scaffold"", ""src"": ""inner_cv"", ""thr"": 0.4778}]",5.58,bootstrap unit: scaffold
T3,native,scaffold,all,fg_nitrile,F1pos,knn,auroc,0.5207,0.4476,0.6028,0.5,,,,5198,4222,1000,20789,inner_cv,"[{""fold"": ""scaffold"", ""k"": 10, ""src"": ""inner_cv"", ""thr"": 0.1056}]",110.84,bootstrap unit: scaffold
T3,native,scaffold,all,fg_nitrile,F1pos,knn,auprc,0.0142,0.0101,0.0215,0.0123,,,,5198,4222,1000,20789,inner_cv,"[{""fold"": ""scaffold"", ""k"": 10, ""src"": ""inner_cv"", ""thr"": 0.1056}]",110.84,bootstrap unit: scaffold
T3,native,scaffold,all,fg_nitrile,F1pos,knn,bal_acc,0.5211,0.4623,0.585,0.5,,,,5198,4222,1000,20789,inner_cv,"[{""fold"": ""scaffold"", ""k"": 10, ""src"": ""inner_cv"", ""thr"": 0.1056}]",110.84,bootstrap unit: scaffold
T3,native,scaffold,all,fg_nitrile,F2,majority,auroc,0.5,0.5,0.5,0.5,,,,5198,4222,1000,20789,fixed,"[{""fold"": ""scaffold"", ""src"": ""fixed"", ""thr"": 0.5}]",5.8,bootstrap unit: scaffold
T3,native,scaffold,all,fg_nitrile,F2,majority,auprc,0.0123,0.009,0.0163,0.0123,,,,5198,4222,1000,20789,fixed,"[{""fold"": ""scaffold"", ""src"": ""fixed"", ""thr"": 0.5}]",5.8,bootstrap unit: scaffold
T3,native,scaffold,all,fg_nitrile,F2,majority,bal_acc,0.5,0.5,0.5,0.5,,,,5198,4222,1000,20789,fixed,"[{""fold"": ""scaffold"", ""src"": ""fixed"", ""thr"": 0.5}]",5.8,bootstrap unit: scaffold
T3,native,scaffold,all,fg_nitrile,F2,lr,auroc,0.7599,0.6932,0.8261,0.5,,,,5198,4222,1000,20789,inner_cv,"[{""fold"": ""scaffold"", ""C"": 0.01, ""src"": ""inner_cv"", ""thr"": 0.4959}]",114.51,bootstrap unit: scaffold
T3,native,scaffold,all,fg_nitrile,F2,lr,auprc,0.0531,0.0312,0.1004,0.0123,,,,5198,4222,1000,20789,inner_cv,"[{""fold"": ""scaffold"", ""C"": 0.01, ""src"": ""inner_cv"", ""thr"": 0.4959}]",114.51,bootstrap unit: scaffold
T3,native,scaffold,all,fg_nitrile,F2,lr,bal_acc,0.6944,0.6406,0.7472,0.5,,,,5198,4222,1000,20789,inner_cv,"[{""fold"": ""scaffold"", ""C"": 0.01, ""src"": ""inner_cv"", ""thr"": 0.4959}]",114.51,bootstrap unit: scaffold
T3,native,scaffold,all,fg_nitrile,F2,hgb,auroc,0.792,0.7347,0.8446,0.5,,,,5198,4222,1000,20789,inner_cv,"[{""fold"": ""scaffold"", ""src"": ""inner_cv"", ""thr"": 0.4656}]",41.29,bootstrap unit: scaffold
T3,native,scaffold,all,fg_nitrile,F2,hgb,auprc,0.0526,0.0324,0.0914,0.0123,,,,5198,4222,1000,20789,inner_cv,"[{""fold"": ""scaffold"", ""src"": ""inner_cv"", ""thr"": 0.4656}]",41.29,bootstrap unit: scaffold
T3,native,scaffold,all,fg_nitrile,F2,hgb,bal_acc,0.7351,0.6835,0.7821,0.5,,,,5198,4222,1000,20789,inner_cv,"[{""fold"": ""scaffold"", ""src"": ""inner_cv"", ""thr"": 0.4656}]",41.29,bootstrap unit: scaffold
T3,native,scaffold,all,fg_nitrile,F2,knn,auroc,0.6495,0.5718,0.7232,0.5,,,,5198,4222,1000,20789,inner_cv,"[{""fold"": ""scaffold"", ""k"": 10, ""src"": ""inner_cv"", ""thr"": 0.1066}]",161.68,bootstrap unit: scaffold
T3,native,scaffold,all,fg_nitrile,F2,knn,auprc,0.0316,0.0192,0.0588,0.0123,,,,5198,4222,1000,20789,inner_cv,"[{""fold"": ""scaffold"", ""k"": 10, ""src"": ""inner_cv"", ""thr"": 0.1066}]",161.68,bootstrap unit: scaffold
T3,native,scaffold,all,fg_nitrile,F2,knn,bal_acc,0.6076,0.5416,0.6692,0.5,,,,5198,4222,1000,20789,inner_cv,"[{""fold"": ""scaffold"", ""k"": 10, ""src"": ""inner_cv"", ""thr"": 0.1066}]",161.68,bootstrap unit: scaffold
T3,native,scaffold,all,fg_nitrile,F3,majority,auroc,0.5,0.5,0.5,0.5,,,,5198,4222,1000,20789,fixed,"[{""fold"": ""scaffold"", ""src"": ""fixed"", ""thr"": 0.5}]",1.9,bootstrap unit: scaffold
T3,native,scaffold,all,fg_nitrile,F3,majority,auprc,0.0123,0.009,0.0163,0.0123,,,,5198,4222,1000,20789,fixed,"[{""fold"": ""scaffold"", ""src"": ""fixed"", ""thr"": 0.5}]",1.9,bootstrap unit: scaffold
T3,native,scaffold,all,fg_nitrile,F3,majority,bal_acc,0.5,0.5,0.5,0.5,,,,5198,4222,1000,20789,fixed,"[{""fold"": ""scaffold"", ""src"": ""fixed"", ""thr"": 0.5}]",1.9,bootstrap unit: scaffold
T3,native,scaffold,all,fg_nitrile,F3,lr,auroc,0.7806,0.715,0.8385,0.5,,,,5198,4222,1000,20789,inner_cv,"[{""fold"": ""scaffold"", ""C"": 0.01, ""src"": ""inner_cv"", ""thr"": 0.511}]",132.53,bootstrap unit: scaffold
T3,native,scaffold,all,fg_nitrile,F3,lr,auprc,0.0679,0.0372,0.1365,0.0123,,,,5198,4222,1000,20789,inner_cv,"[{""fold"": ""scaffold"", ""C"": 0.01, ""src"": ""inner_cv"", ""thr"": 0.511}]",132.53,bootstrap unit: scaffold
T3,native,scaffold,all,fg_nitrile,F3,lr,bal_acc,0.737,0.6865,0.7784,0.5,,,,5198,4222,1000,20789,inner_cv,"[{""fold"": ""scaffold"", ""C"": 0.01, ""src"": ""inner_cv"", ""thr"": 0.511}]",132.53,bootstrap unit: scaffold
T3,native,scaffold,all,fg_nitrile,F3,hgb,auroc,0.8933,0.8528,0.9275,0.5,0.0099,100,0.4986,5198,4222,1000,20789,inner_cv,"[{""fold"": ""scaffold"", ""src"": ""inner_cv"", ""thr"": 0.4247}]",40.38,bootstrap unit: scaffold
T3,native,scaffold,all,fg_nitrile,F3,hgb,auprc,0.1483,0.0902,0.2341,0.0123,,,,5198,4222,1000,20789,inner_cv,"[{""fold"": ""scaffold"", ""src"": ""inner_cv"", ""thr"": 0.4247}]",40.38,bootstrap unit: scaffold
T3,native,scaffold,all,fg_nitrile,F3,hgb,bal_acc,0.8059,0.7736,0.8352,0.5,,,,5198,4222,1000,20789,inner_cv,"[{""fold"": ""scaffold"", ""src"": ""inner_cv"", ""thr"": 0.4247}]",40.38,bootstrap unit: scaffold
T3,native,scaffold,all,fg_nitrile,F3,knn,auroc,0.6472,0.5668,0.7232,0.5,,,,5198,4222,1000,20789,inner_cv,"[{""fold"": ""scaffold"", ""k"": 10, ""src"": ""inner_cv"", ""thr"": 0.1077}]",193.03,bootstrap unit: scaffold
T3,native,scaffold,all,fg_nitrile,F3,knn,auprc,0.0333,0.0192,0.066,0.0123,,,,5198,4222,1000,20789,inner_cv,"[{""fold"": ""scaffold"", ""k"": 10, ""src"": ""inner_cv"", ""thr"": 0.1077}]",193.03,bootstrap unit: scaffold
T3,native,scaffold,all,fg_nitrile,F3,knn,bal_acc,0.5866,0.5171,0.6512,0.5,,,,5198,4222,1000,20789,inner_cv,"[{""fold"": ""scaffold"", ""k"": 10, ""src"": ""inner_cv"", ""thr"": 0.1077}]",193.03,bootstrap unit: scaffold
T3,native,scaffold,all,fg_nitrile,F1.sqrt,majority,auroc,0.5,0.5,0.5,0.5,,,,5198,4222,1000,20789,fixed,"[{""fold"": ""scaffold"", ""src"": ""fixed"", ""thr"": 0.5}]",1.84,bootstrap unit: scaffold
T3,native,scaffold,all,fg_nitrile,F1.sqrt,majority,auprc,0.0123,0.009,0.0163,0.0123,,,,5198,4222,1000,20789,fixed,"[{""fold"": ""scaffold"", ""src"": ""fixed"", ""thr"": 0.5}]",1.84,bootstrap unit: scaffold
T3,native,scaffold,all,fg_nitrile,F1.sqrt,majority,bal_acc,0.5,0.5,0.5,0.5,,,,5198,4222,1000,20789,fixed,"[{""fold"": ""scaffold"", ""src"": ""fixed"", ""thr"": 0.5}]",1.84,bootstrap unit: scaffold
T3,native,scaffold,all,fg_nitrile,F1.sqrt,lr,auroc,0.7458,0.6724,0.8079,0.5,,,,5198,4222,1000,20789,inner_cv,"[{""fold"": ""scaffold"", ""C"": 10.0, ""src"": ""inner_cv"", ""thr"": 0.5248}]",4.3,bootstrap unit: scaffold
T3,native,scaffold,all,fg_nitrile,F1.sqrt,lr,auprc,0.044,0.0276,0.0801,0.0123,,,,5198,4222,1000,20789,inner_cv,"[{""fold"": ""scaffold"", ""C"": 10.0, ""src"": ""inner_cv"", ""thr"": 0.5248}]",4.3,bootstrap unit: scaffold
T3,native,scaffold,all,fg_nitrile,F1.sqrt,lr,bal_acc,0.6961,0.6279,0.7563,0.5,,,,5198,4222,1000,20789,inner_cv,"[{""fold"": ""scaffold"", ""C"": 10.0, ""src"": ""inner_cv"", ""thr"": 0.5248}]",4.3,bootstrap unit: scaffold
T3,native,scaffold,all,fg_nitrile,F1.sqrt,hgb,auroc,0.7581,0.691,0.8203,0.5,,,,5198,4222,1000,20789,inner_cv,"[{""fold"": ""scaffold"", ""src"": ""inner_cv"", ""thr"": 0.4112}]",6.02,bootstrap unit: scaffold
T3,native,scaffold,all,fg_nitrile,F1.sqrt,hgb,auprc,0.0462,0.0285,0.0824,0.0123,,,,5198,4222,1000,20789,inner_cv,"[{""fold"": ""scaffold"", ""src"": ""inner_cv"", ""thr"": 0.4112}]",6.02,bootstrap unit: scaffold
T3,native,scaffold,all,fg_nitrile,F1.sqrt,hgb,bal_acc,0.6518,0.6,0.6987,0.5,,,,5198,4222,1000,20789,inner_cv,"[{""fold"": ""scaffold"", ""src"": ""inner_cv"", ""thr"": 0.4112}]",6.02,bootstrap unit: scaffold
T3,native,scaffold,all,fg_nitrile,F1.sqrt,knn,auroc,0.5706,0.4973,0.649,0.5,,,,5198,4222,1000,20789,inner_cv,"[{""fold"": ""scaffold"", ""k"": 10, ""src"": ""inner_cv"", ""thr"": 0.1902}]",137.28,bootstrap unit: scaffold
T3,native,scaffold,all,fg_nitrile,F1.sqrt,knn,auprc,0.0211,0.0123,0.0491,0.0123,,,,5198,4222,1000,20789,inner_cv,"[{""fold"": ""scaffold"", ""k"": 10, ""src"": ""inner_cv"", ""thr"": 0.1902}]",137.28,bootstrap unit: scaffold
T3,native,scaffold,all,fg_nitrile,F1.sqrt,knn,bal_acc,0.5478,0.4817,0.6198,0.5,,,,5198,4222,1000,20789,inner_cv,"[{""fold"": ""scaffold"", ""k"": 10, ""src"": ""inner_cv"", ""thr"": 0.1902}]",137.28,bootstrap unit: scaffold
T3,native,scaffold,all,fg_nitrile,F2.lt1700,majority,auroc,0.5,0.5,0.5,0.5,,,,5198,4222,1000,20789,fixed,"[{""fold"": ""scaffold"", ""src"": ""fixed"", ""thr"": 0.5}]",5.41,bootstrap unit: scaffold
T3,native,scaffold,all,fg_nitrile,F2.lt1700,majority,auprc,0.0123,0.009,0.0163,0.0123,,,,5198,4222,1000,20789,fixed,"[{""fold"": ""scaffold"", ""src"": ""fixed"", ""thr"": 0.5}]",5.41,bootstrap unit: scaffold
T3,native,scaffold,all,fg_nitrile,F2.lt1700,majority,bal_acc,0.5,0.5,0.5,0.5,,,,5198,4222,1000,20789,fixed,"[{""fold"": ""scaffold"", ""src"": ""fixed"", ""thr"": 0.5}]",5.41,bootstrap unit: scaffold
T3,native,scaffold,all,fg_nitrile,F2.lt1700,lr,auroc,0.7516,0.6827,0.8169,0.5,,,,5198,4222,1000,20789,inner_cv,"[{""fold"": ""scaffold"", ""C"": 0.01, ""src"": ""inner_cv"", ""thr"": 0.5034}]",102.68,bootstrap unit: scaffold
T3,native,scaffold,all,fg_nitrile,F2.lt1700,lr,auprc,0.0508,0.0301,0.0945,0.0123,,,,5198,4222,1000,20789,inner_cv,"[{""fold"": ""scaffold"", ""C"": 0.01, ""src"": ""inner_cv"", ""thr"": 0.5034}]",102.68,bootstrap unit: scaffold
T3,native,scaffold,all,fg_nitrile,F2.lt1700,lr,bal_acc,0.6866,0.631,0.7371,0.5,,,,5198,4222,1000,20789,inner_cv,"[{""fold"": ""scaffold"", ""C"": 0.01, ""src"": ""inner_cv"", ""thr"": 0.5034}]",102.68,bootstrap unit: scaffold
T3,native,scaffold,all,fg_nitrile,F2.lt1700,hgb,auroc,0.8004,0.7473,0.8478,0.5,,,,5198,4222,1000,20789,inner_cv,"[{""fold"": ""scaffold"", ""src"": ""inner_cv"", ""thr"": 0.4004}]",50.56,bootstrap unit: scaffold
T3,native,scaffold,all,fg_nitrile,F2.lt1700,hgb,auprc,0.0475,0.0308,0.0768,0.0123,,,,5198,4222,1000,20789,inner_cv,"[{""fold"": ""scaffold"", ""src"": ""inner_cv"", ""thr"": 0.4004}]",50.56,bootstrap unit: scaffold
T3,native,scaffold,all,fg_nitrile,F2.lt1700,hgb,bal_acc,0.7302,0.6959,0.7605,0.5,,,,5198,4222,1000,20789,inner_cv,"[{""fold"": ""scaffold"", ""src"": ""inner_cv"", ""thr"": 0.4004}]",50.56,bootstrap unit: scaffold
T3,native,scaffold,all,fg_nitrile,F2.lt1700,knn,auroc,0.6641,0.5898,0.7295,0.5,,,,5198,4222,1000,20789,inner_cv,"[{""fold"": ""scaffold"", ""k"": 10, ""src"": ""inner_cv"", ""thr"": 0.1067}]",148.46,bootstrap unit: scaffold
T3,native,scaffold,all,fg_nitrile,F2.lt1700,knn,auprc,0.0302,0.0183,0.0559,0.0123,,,,5198,4222,1000,20789,inner_cv,"[{""fold"": ""scaffold"", ""k"": 10, ""src"": ""inner_cv"", ""thr"": 0.1067}]",148.46,bootstrap unit: scaffold
T3,native,scaffold,all,fg_nitrile,F2.lt1700,knn,bal_acc,0.6238,0.558,0.6862,0.5,,,,5198,4222,1000,20789,inner_cv,"[{""fold"": ""scaffold"", ""k"": 10, ""src"": ""inner_cv"", ""thr"": 0.1067}]",148.46,bootstrap unit: scaffold
T3,native,scaffold,all,fg_nitrile,F3.lt1700,majority,auroc,0.5,0.5,0.5,0.5,,,,5198,4222,1000,20789,fixed,"[{""fold"": ""scaffold"", ""src"": ""fixed"", ""thr"": 0.5}]",2.02,bootstrap unit: scaffold
T3,native,scaffold,all,fg_nitrile,F3.lt1700,majority,auprc,0.0123,0.009,0.0163,0.0123,,,,5198,4222,1000,20789,fixed,"[{""fold"": ""scaffold"", ""src"": ""fixed"", ""thr"": 0.5}]",2.02,bootstrap unit: scaffold
T3,native,scaffold,all,fg_nitrile,F3.lt1700,majority,bal_acc,0.5,0.5,0.5,0.5,,,,5198,4222,1000,20789,fixed,"[{""fold"": ""scaffold"", ""src"": ""fixed"", ""thr"": 0.5}]",2.02,bootstrap unit: scaffold
T3,native,scaffold,all,fg_nitrile,F3.lt1700,lr,auroc,0.77,0.7029,0.8276,0.5,,,,5198,4222,1000,20789,inner_cv,"[{""fold"": ""scaffold"", ""C"": 0.01, ""src"": ""inner_cv"", ""thr"": 0.5041}]",114.6,bootstrap unit: scaffold
T3,native,scaffold,all,fg_nitrile,F3.lt1700,lr,auprc,0.0627,0.0344,0.128,0.0123,,,,5198,4222,1000,20789,inner_cv,"[{""fold"": ""scaffold"", ""C"": 0.01, ""src"": ""inner_cv"", ""thr"": 0.5041}]",114.6,bootstrap unit: scaffold
T3,native,scaffold,all,fg_nitrile,F3.lt1700,lr,bal_acc,0.699,0.6474,0.7454,0.5,,,,5198,4222,1000,20789,inner_cv,"[{""fold"": ""scaffold"", ""C"": 0.01, ""src"": ""inner_cv"", ""thr"": 0.5041}]",114.6,bootstrap unit: scaffold
T3,native,scaffold,all,fg_nitrile,F3.lt1700,hgb,auroc,0.8611,0.8148,0.901,0.5,,,,5198,4222,1000,20789,inner_cv,"[{""fold"": ""scaffold"", ""src"": ""inner_cv"", ""thr"": 0.4148}]",45.98,bootstrap unit: scaffold
T3,native,scaffold,all,fg_nitrile,F3.lt1700,hgb,auprc,0.0864,0.0563,0.1405,0.0123,,,,5198,4222,1000,20789,inner_cv,"[{""fold"": ""scaffold"", ""src"": ""inner_cv"", ""thr"": 0.4148}]",45.98,bootstrap unit: scaffold
T3,native,scaffold,all,fg_nitrile,F3.lt1700,hgb,bal_acc,0.772,0.7346,0.8072,0.5,,,,5198,4222,1000,20789,inner_cv,"[{""fold"": ""scaffold"", ""src"": ""inner_cv"", ""thr"": 0.4148}]",45.98,bootstrap unit: scaffold
T3,native,scaffold,all,fg_nitrile,F3.lt1700,knn,auroc,0.6491,0.5703,0.7234,0.5,,,,5198,4222,1000,20789,inner_cv,"[{""fold"": ""scaffold"", ""k"": 10, ""src"": ""inner_cv"", ""thr"": 0.112}]",162.39,bootstrap unit: scaffold
T3,native,scaffold,all,fg_nitrile,F3.lt1700,knn,auprc,0.0314,0.0173,0.07,0.0123,,,,5198,4222,1000,20789,inner_cv,"[{""fold"": ""scaffold"", ""k"": 10, ""src"": ""inner_cv"", ""thr"": 0.112}]",162.39,bootstrap unit: scaffold
T3,native,scaffold,all,fg_nitrile,F3.lt1700,knn,bal_acc,0.5826,0.5114,0.6491,0.5,,,,5198,4222,1000,20789,inner_cv,"[{""fold"": ""scaffold"", ""k"": 10, ""src"": ""inner_cv"", ""thr"": 0.112}]",162.39,bootstrap unit: scaffold
T3,native,scaffold,all,fg_alkyne,F1,majority,auroc,0.5,0.5,0.5,0.5,,,,5198,4222,1000,20789,fixed,"[{""fold"": ""scaffold"", ""src"": ""fixed"", ""thr"": 0.5}]",1.71,bootstrap unit: scaffold
T3,native,scaffold,all,fg_alkyne,F1,majority,auprc,0.0048,0.0029,0.007,0.0048,,,,5198,4222,1000,20789,fixed,"[{""fold"": ""scaffold"", ""src"": ""fixed"", ""thr"": 0.5}]",1.71,bootstrap unit: scaffold
T3,native,scaffold,all,fg_alkyne,F1,majority,bal_acc,0.5,0.5,0.5,0.5,,,,5198,4222,1000,20789,fixed,"[{""fold"": ""scaffold"", ""src"": ""fixed"", ""thr"": 0.5}]",1.71,bootstrap unit: scaffold
T3,native,scaffold,all,fg_alkyne,F1,lr,auroc,0.8667,0.8157,0.9095,0.5,0.0099,100,0.4991,5198,4222,1000,20789,inner_cv,"[{""fold"": ""scaffold"", ""C"": 0.1, ""src"": ""inner_cv"", ""thr"": 0.459}]",3.64,bootstrap unit: scaffold
T3,native,scaffold,all,fg_alkyne,F1,lr,auprc,0.0277,0.0137,0.0667,0.0048,,,,5198,4222,1000,20789,inner_cv,"[{""fold"": ""scaffold"", ""C"": 0.1, ""src"": ""inner_cv"", ""thr"": 0.459}]",3.64,bootstrap unit: scaffold
T3,native,scaffold,all,fg_alkyne,F1,lr,bal_acc,0.7835,0.7015,0.856,0.5,,,,5198,4222,1000,20789,inner_cv,"[{""fold"": ""scaffold"", ""C"": 0.1, ""src"": ""inner_cv"", ""thr"": 0.459}]",3.64,bootstrap unit: scaffold
T3,native,scaffold,all,fg_alkyne,F1,hgb,auroc,0.8595,0.8047,0.9114,0.5,,,,5198,4222,1000,20789,inner_cv,"[{""fold"": ""scaffold"", ""src"": ""inner_cv"", ""thr"": 0.4199}]",5.8,bootstrap unit: scaffold
T3,native,scaffold,all,fg_alkyne,F1,hgb,auprc,0.0709,0.016,0.1761,0.0048,,,,5198,4222,1000,20789,inner_cv,"[{""fold"": ""scaffold"", ""src"": ""inner_cv"", ""thr"": 0.4199}]",5.8,bootstrap unit: scaffold
T3,native,scaffold,all,fg_alkyne,F1,hgb,bal_acc,0.7965,0.7248,0.8554,0.5,,,,5198,4222,1000,20789,inner_cv,"[{""fold"": ""scaffold"", ""src"": ""inner_cv"", ""thr"": 0.4199}]",5.8,bootstrap unit: scaffold
T3,native,scaffold,all,fg_alkyne,F1,knn,auroc,0.8191,0.7119,0.9086,0.5,,,,5198,4222,1000,20789,inner_cv,"[{""fold"": ""scaffold"", ""k"": 10, ""src"": ""inner_cv"", ""thr"": 0.1936}]",112.23,bootstrap unit: scaffold
T3,native,scaffold,all,fg_alkyne,F1,knn,auprc,0.0345,0.0138,0.0784,0.0048,,,,5198,4222,1000,20789,inner_cv,"[{""fold"": ""scaffold"", ""k"": 10, ""src"": ""inner_cv"", ""thr"": 0.1936}]",112.23,bootstrap unit: scaffold
T3,native,scaffold,all,fg_alkyne,F1,knn,bal_acc,0.7036,0.6165,0.7786,0.5,,,,5198,4222,1000,20789,inner_cv,"[{""fold"": ""scaffold"", ""k"": 10, ""src"": ""inner_cv"", ""thr"": 0.1936}]",112.23,bootstrap unit: scaffold
T3,native,scaffold,all,fg_alkyne,F1pos,majority,auroc,0.5,0.5,0.5,0.5,,,,5198,4222,1000,20789,fixed,"[{""fold"": ""scaffold"", ""src"": ""fixed"", ""thr"": 0.5}]",1.0,bootstrap unit: scaffold
T3,native,scaffold,all,fg_alkyne,F1pos,majority,auprc,0.0048,0.0029,0.007,0.0048,,,,5198,4222,1000,20789,fixed,"[{""fold"": ""scaffold"", ""src"": ""fixed"", ""thr"": 0.5}]",1.0,bootstrap unit: scaffold
T3,native,scaffold,all,fg_alkyne,F1pos,majority,bal_acc,0.5,0.5,0.5,0.5,,,,5198,4222,1000,20789,fixed,"[{""fold"": ""scaffold"", ""src"": ""fixed"", ""thr"": 0.5}]",1.0,bootstrap unit: scaffold
T3,native,scaffold,all,fg_alkyne,F1pos,lr,auroc,0.7563,0.6631,0.848,0.5,,,,5198,4222,1000,20789,inner_cv,"[{""fold"": ""scaffold"", ""C"": 0.1, ""src"": ""inner_cv"", ""thr"": 0.5119}]",3.32,bootstrap unit: scaffold
T3,native,scaffold,all,fg_alkyne,F1pos,lr,auprc,0.0459,0.0121,0.1624,0.0048,,,,5198,4222,1000,20789,inner_cv,"[{""fold"": ""scaffold"", ""C"": 0.1, ""src"": ""inner_cv"", ""thr"": 0.5119}]",3.32,bootstrap unit: scaffold
T3,native,scaffold,all,fg_alkyne,F1pos,lr,bal_acc,0.615,0.523,0.7166,0.5,,,,5198,4222,1000,20789,inner_cv,"[{""fold"": ""scaffold"", ""C"": 0.1, ""src"": ""inner_cv"", ""thr"": 0.5119}]",3.32,bootstrap unit: scaffold
T3,native,scaffold,all,fg_alkyne,F1pos,hgb,auroc,0.7255,0.6187,0.828,0.5,,,,5198,4222,1000,20789,inner_cv,"[{""fold"": ""scaffold"", ""src"": ""inner_cv"", ""thr"": 0.4492}]",5.29,bootstrap unit: scaffold
T3,native,scaffold,all,fg_alkyne,F1pos,hgb,auprc,0.0365,0.0099,0.142,0.0048,,,,5198,4222,1000,20789,inner_cv,"[{""fold"": ""scaffold"", ""src"": ""inner_cv"", ""thr"": 0.4492}]",5.29,bootstrap unit: scaffold
T3,native,scaffold,all,fg_alkyne,F1pos,hgb,bal_acc,0.6904,0.5963,0.7772,0.5,,,,5198,4222,1000,20789,inner_cv,"[{""fold"": ""scaffold"", ""src"": ""inner_cv"", ""thr"": 0.4492}]",5.29,bootstrap unit: scaffold
T3,native,scaffold,all,fg_alkyne,F1pos,knn,auroc,0.6635,0.5377,0.7768,0.5,,,,5198,4222,1000,20789,inner_cv,"[{""fold"": ""scaffold"", ""k"": 10, ""src"": ""inner_cv"", ""thr"": 0.1307}]",109.61,bootstrap unit: scaffold
T3,native,scaffold,all,fg_alkyne,F1pos,knn,auprc,0.0209,0.0077,0.0667,0.0048,,,,5198,4222,1000,20789,inner_cv,"[{""fold"": ""scaffold"", ""k"": 10, ""src"": ""inner_cv"", ""thr"": 0.1307}]",109.61,bootstrap unit: scaffold
T3,native,scaffold,all,fg_alkyne,F1pos,knn,bal_acc,0.6165,0.5132,0.7119,0.5,,,,5198,4222,1000,20789,inner_cv,"[{""fold"": ""scaffold"", ""k"": 10, ""src"": ""inner_cv"", ""thr"": 0.1307}]",109.61,bootstrap unit: scaffold
T3,native,scaffold,all,fg_alkyne,F2,majority,auroc,0.5,0.5,0.5,0.5,,,,5198,4222,1000,20789,fixed,"[{""fold"": ""scaffold"", ""src"": ""fixed"", ""thr"": 0.5}]",5.28,bootstrap unit: scaffold
T3,native,scaffold,all,fg_alkyne,F2,majority,auprc,0.0048,0.0029,0.007,0.0048,,,,5198,4222,1000,20789,fixed,"[{""fold"": ""scaffold"", ""src"": ""fixed"", ""thr"": 0.5}]",5.28,bootstrap unit: scaffold
T3,native,scaffold,all,fg_alkyne,F2,majority,bal_acc,0.5,0.5,0.5,0.5,,,,5198,4222,1000,20789,fixed,"[{""fold"": ""scaffold"", ""src"": ""fixed"", ""thr"": 0.5}]",5.28,bootstrap unit: scaffold
T3,native,scaffold,all,fg_alkyne,F2,lr,auroc,0.8671,0.8334,0.8992,0.5,,,,5198,4222,1000,20789,inner_cv,"[{""fold"": ""scaffold"", ""C"": 0.01, ""src"": ""inner_cv"", ""thr"": 0.4672}]",102.5,bootstrap unit: scaffold
T3,native,scaffold,all,fg_alkyne,F2,lr,auprc,0.0209,0.012,0.047,0.0048,,,,5198,4222,1000,20789,inner_cv,"[{""fold"": ""scaffold"", ""C"": 0.01, ""src"": ""inner_cv"", ""thr"": 0.4672}]",102.5,bootstrap unit: scaffold
T3,native,scaffold,all,fg_alkyne,F2,lr,bal_acc,0.7972,0.709,0.8712,0.5,,,,5198,4222,1000,20789,inner_cv,"[{""fold"": ""scaffold"", ""C"": 0.01, ""src"": ""inner_cv"", ""thr"": 0.4672}]",102.5,bootstrap unit: scaffold
T3,native,scaffold,all,fg_alkyne,F2,hgb,auroc,0.8678,0.8127,0.9198,0.5,,,,5198,4222,1000,20789,inner_cv,"[{""fold"": ""scaffold"", ""src"": ""inner_cv"", ""thr"": 0.4804}]",44.33,bootstrap unit: scaffold
T3,native,scaffold,all,fg_alkyne,F2,hgb,auprc,0.0359,0.0165,0.0919,0.0048,,,,5198,4222,1000,20789,inner_cv,"[{""fold"": ""scaffold"", ""src"": ""inner_cv"", ""thr"": 0.4804}]",44.33,bootstrap unit: scaffold
T3,native,scaffold,all,fg_alkyne,F2,hgb,bal_acc,0.7923,0.7123,0.8697,0.5,,,,5198,4222,1000,20789,inner_cv,"[{""fold"": ""scaffold"", ""src"": ""inner_cv"", ""thr"": 0.4804}]",44.33,bootstrap unit: scaffold
T3,native,scaffold,all,fg_alkyne,F2,knn,auroc,0.8223,0.7025,0.9208,0.5,,,,5198,4222,1000,20789,inner_cv,"[{""fold"": ""scaffold"", ""k"": 10, ""src"": ""inner_cv"", ""thr"": 0.1059}]",161.03,bootstrap unit: scaffold
T3,native,scaffold,all,fg_alkyne,F2,knn,auprc,0.0522,0.0192,0.1177,0.0048,,,,5198,4222,1000,20789,inner_cv,"[{""fold"": ""scaffold"", ""k"": 10, ""src"": ""inner_cv"", ""thr"": 0.1059}]",161.03,bootstrap unit: scaffold
T3,native,scaffold,all,fg_alkyne,F2,knn,bal_acc,0.7568,0.6751,0.8212,0.5,,,,5198,4222,1000,20789,inner_cv,"[{""fold"": ""scaffold"", ""k"": 10, ""src"": ""inner_cv"", ""thr"": 0.1059}]",161.03,bootstrap unit: scaffold
T3,native,scaffold,all,fg_alkyne,F3,majority,auroc,0.5,0.5,0.5,0.5,,,,5198,4222,1000,20789,fixed,"[{""fold"": ""scaffold"", ""src"": ""fixed"", ""thr"": 0.5}]",1.66,bootstrap unit: scaffold
T3,native,scaffold,all,fg_alkyne,F3,majority,auprc,0.0048,0.0029,0.007,0.0048,,,,5198,4222,1000,20789,fixed,"[{""fold"": ""scaffold"", ""src"": ""fixed"", ""thr"": 0.5}]",1.66,bootstrap unit: scaffold
T3,native,scaffold,all,fg_alkyne,F3,majority,bal_acc,0.5,0.5,0.5,0.5,,,,5198,4222,1000,20789,fixed,"[{""fold"": ""scaffold"", ""src"": ""fixed"", ""thr"": 0.5}]",1.66,bootstrap unit: scaffold
T3,native,scaffold,all,fg_alkyne,F3,lr,auroc,0.8806,0.8414,0.9168,0.5,,,,5198,4222,1000,20789,inner_cv,"[{""fold"": ""scaffold"", ""C"": 0.01, ""src"": ""inner_cv"", ""thr"": 0.4756}]",84.45,bootstrap unit: scaffold
T3,native,scaffold,all,fg_alkyne,F3,lr,auprc,0.027,0.0147,0.0689,0.0048,,,,5198,4222,1000,20789,inner_cv,"[{""fold"": ""scaffold"", ""C"": 0.01, ""src"": ""inner_cv"", ""thr"": 0.4756}]",84.45,bootstrap unit: scaffold
T3,native,scaffold,all,fg_alkyne,F3,lr,bal_acc,0.8241,0.7368,0.8878,0.5,,,,5198,4222,1000,20789,inner_cv,"[{""fold"": ""scaffold"", ""C"": 0.01, ""src"": ""inner_cv"", ""thr"": 0.4756}]",84.45,bootstrap unit: scaffold
T3,native,scaffold,all,fg_alkyne,F3,hgb,auroc,0.8828,0.8412,0.9248,0.5,0.0099,100,0.499,5198,4222,1000,20789,inner_cv,"[{""fold"": ""scaffold"", ""src"": ""inner_cv"", ""thr"": 0.3212}]",41.29,bootstrap unit: scaffold
T3,native,scaffold,all,fg_alkyne,F3,hgb,auprc,0.0429,0.0182,0.1241,0.0048,,,,5198,4222,1000,20789,inner_cv,"[{""fold"": ""scaffold"", ""src"": ""inner_cv"", ""thr"": 0.3212}]",41.29,bootstrap unit: scaffold
T3,native,scaffold,all,fg_alkyne,F3,hgb,bal_acc,0.7792,0.7014,0.861,0.5,,,,5198,4222,1000,20789,inner_cv,"[{""fold"": ""scaffold"", ""src"": ""inner_cv"", ""thr"": 0.3212}]",41.29,bootstrap unit: scaffold
T3,native,scaffold,all,fg_alkyne,F3,knn,auroc,0.8375,0.7196,0.9331,0.5,,,,5198,4222,1000,20789,inner_cv,"[{""fold"": ""scaffold"", ""k"": 10, ""src"": ""inner_cv"", ""thr"": 0.1169}]",149.25,bootstrap unit: scaffold
T3,native,scaffold,all,fg_alkyne,F3,knn,auprc,0.0621,0.0225,0.1374,0.0048,,,,5198,4222,1000,20789,inner_cv,"[{""fold"": ""scaffold"", ""k"": 10, ""src"": ""inner_cv"", ""thr"": 0.1169}]",149.25,bootstrap unit: scaffold
T3,native,scaffold,all,fg_alkyne,F3,knn,bal_acc,0.777,0.696,0.8417,0.5,,,,5198,4222,1000,20789,inner_cv,"[{""fold"": ""scaffold"", ""k"": 10, ""src"": ""inner_cv"", ""thr"": 0.1169}]",149.25,bootstrap unit: scaffold
T3,native,scaffold,all,fg_alkyne,F1.sqrt,majority,auroc,0.5,0.5,0.5,0.5,,,,5198,4222,1000,20789,fixed,"[{""fold"": ""scaffold"", ""src"": ""fixed"", ""thr"": 0.5}]",1.91,bootstrap unit: scaffold
T3,native,scaffold,all,fg_alkyne,F1.sqrt,majority,auprc,0.0048,0.0029,0.007,0.0048,,,,5198,4222,1000,20789,fixed,"[{""fold"": ""scaffold"", ""src"": ""fixed"", ""thr"": 0.5}]",1.91,bootstrap unit: scaffold
T3,native,scaffold,all,fg_alkyne,F1.sqrt,majority,bal_acc,0.5,0.5,0.5,0.5,,,,5198,4222,1000,20789,fixed,"[{""fold"": ""scaffold"", ""src"": ""fixed"", ""thr"": 0.5}]",1.91,bootstrap unit: scaffold
T3,native,scaffold,all,fg_alkyne,F1.sqrt,lr,auroc,0.8079,0.7417,0.8747,0.5,,,,5198,4222,1000,20789,inner_cv,"[{""fold"": ""scaffold"", ""C"": 10.0, ""src"": ""inner_cv"", ""thr"": 0.4226}]",4.08,bootstrap unit: scaffold
T3,native,scaffold,all,fg_alkyne,F1.sqrt,lr,auprc,0.0463,0.013,0.1494,0.0048,,,,5198,4222,1000,20789,inner_cv,"[{""fold"": ""scaffold"", ""C"": 10.0, ""src"": ""inner_cv"", ""thr"": 0.4226}]",4.08,bootstrap unit: scaffold
T3,native,scaffold,all,fg_alkyne,F1.sqrt,lr,bal_acc,0.7169,0.6137,0.8039,0.5,,,,5198,4222,1000,20789,inner_cv,"[{""fold"": ""scaffold"", ""C"": 10.0, ""src"": ""inner_cv"", ""thr"": 0.4226}]",4.08,bootstrap unit: scaffold
T3,native,scaffold,all,fg_alkyne,F1.sqrt,hgb,auroc,0.8595,0.8047,0.9114,0.5,,,,5198,4222,1000,20789,inner_cv,"[{""fold"": ""scaffold"", ""src"": ""inner_cv"", ""thr"": 0.4199}]",5.95,bootstrap unit: scaffold
T3,native,scaffold,all,fg_alkyne,F1.sqrt,hgb,auprc,0.0709,0.016,0.1761,0.0048,,,,5198,4222,1000,20789,inner_cv,"[{""fold"": ""scaffold"", ""src"": ""inner_cv"", ""thr"": 0.4199}]",5.95,bootstrap unit: scaffold
T3,native,scaffold,all,fg_alkyne,F1.sqrt,hgb,bal_acc,0.7967,0.725,0.8556,0.5,,,,5198,4222,1000,20789,inner_cv,"[{""fold"": ""scaffold"", ""src"": ""inner_cv"", ""thr"": 0.4199}]",5.95,bootstrap unit: scaffold
T3,native,scaffold,all,fg_alkyne,F1.sqrt,knn,auroc,0.7199,0.6047,0.8208,0.5,,,,5198,4222,1000,20789,inner_cv,"[{""fold"": ""scaffold"", ""k"": 10, ""src"": ""inner_cv"", ""thr"": 0.1908}]",123.84,bootstrap unit: scaffold
T3,native,scaffold,all,fg_alkyne,F1.sqrt,knn,auprc,0.0276,0.0098,0.0989,0.0048,,,,5198,4222,1000,20789,inner_cv,"[{""fold"": ""scaffold"", ""k"": 10, ""src"": ""inner_cv"", ""thr"": 0.1908}]",123.84,bootstrap unit: scaffold
T3,native,scaffold,all,fg_alkyne,F1.sqrt,knn,bal_acc,0.6807,0.5943,0.7544,0.5,,,,5198,4222,1000,20789,inner_cv,"[{""fold"": ""scaffold"", ""k"": 10, ""src"": ""inner_cv"", ""thr"": 0.1908}]",123.84,bootstrap unit: scaffold
T3,native,scaffold,all,fg_alkyne,F2.lt1700,majority,auroc,0.5,0.5,0.5,0.5,,,,5198,4222,1000,20789,fixed,"[{""fold"": ""scaffold"", ""src"": ""fixed"", ""thr"": 0.5}]",6.03,bootstrap unit: scaffold
T3,native,scaffold,all,fg_alkyne,F2.lt1700,majority,auprc,0.0048,0.0029,0.007,0.0048,,,,5198,4222,1000,20789,fixed,"[{""fold"": ""scaffold"", ""src"": ""fixed"", ""thr"": 0.5}]",6.03,bootstrap unit: scaffold
T3,native,scaffold,all,fg_alkyne,F2.lt1700,majority,bal_acc,0.5,0.5,0.5,0.5,,,,5198,4222,1000,20789,fixed,"[{""fold"": ""scaffold"", ""src"": ""fixed"", ""thr"": 0.5}]",6.03,bootstrap unit: scaffold
T3,native,scaffold,all,fg_alkyne,F2.lt1700,lr,auroc,0.8356,0.7978,0.873,0.5,,,,5198,4222,1000,20789,inner_cv,"[{""fold"": ""scaffold"", ""C"": 0.01, ""src"": ""inner_cv"", ""thr"": 0.4121}]",90.36,bootstrap unit: scaffold
T3,native,scaffold,all,fg_alkyne,F2.lt1700,lr,auprc,0.0189,0.0099,0.0587,0.0048,,,,5198,4222,1000,20789,inner_cv,"[{""fold"": ""scaffold"", ""C"": 0.01, ""src"": ""inner_cv"", ""thr"": 0.4121}]",90.36,bootstrap unit: scaffold
T3,native,scaffold,all,fg_alkyne,F2.lt1700,lr,bal_acc,0.759,0.6689,0.8381,0.5,,,,5198,4222,1000,20789,inner_cv,"[{""fold"": ""scaffold"", ""C"": 0.01, ""src"": ""inner_cv"", ""thr"": 0.4121}]",90.36,bootstrap unit: scaffold
T3,native,scaffold,all,fg_alkyne,F2.lt1700,hgb,auroc,0.8597,0.8132,0.9078,0.5,,,,5198,4222,1000,20789,inner_cv,"[{""fold"": ""scaffold"", ""src"": ""inner_cv"", ""thr"": 0.4099}]",39.61,bootstrap unit: scaffold
T3,native,scaffold,all,fg_alkyne,F2.lt1700,hgb,auprc,0.0808,0.0164,0.2169,0.0048,,,,5198,4222,1000,20789,inner_cv,"[{""fold"": ""scaffold"", ""src"": ""inner_cv"", ""thr"": 0.4099}]",39.61,bootstrap unit: scaffold
T3,native,scaffold,all,fg_alkyne,F2.lt1700,hgb,bal_acc,0.7569,0.6651,0.8484,0.5,,,,5198,4222,1000,20789,inner_cv,"[{""fold"": ""scaffold"", ""src"": ""inner_cv"", ""thr"": 0.4099}]",39.61,bootstrap unit: scaffold
T3,native,scaffold,all,fg_alkyne,F2.lt1700,knn,auroc,0.8403,0.7353,0.9285,0.5,,,,5198,4222,1000,20789,inner_cv,"[{""fold"": ""scaffold"", ""k"": 10, ""src"": ""inner_cv"", ""thr"": 0.1136}]",120.96,bootstrap unit: scaffold
T3,native,scaffold,all,fg_alkyne,F2.lt1700,knn,auprc,0.0566,0.0225,0.1292,0.0048,,,,5198,4222,1000,20789,inner_cv,"[{""fold"": ""scaffold"", ""k"": 10, ""src"": ""inner_cv"", ""thr"": 0.1136}]",120.96,bootstrap unit: scaffold
T3,native,scaffold,all,fg_alkyne,F2.lt1700,knn,bal_acc,0.7718,0.6899,0.836,0.5,,,,5198,4222,1000,20789,inner_cv,"[{""fold"": ""scaffold"", ""k"": 10, ""src"": ""inner_cv"", ""thr"": 0.1136}]",120.96,bootstrap unit: scaffold
T3,native,scaffold,all,fg_alkyne,F3.lt1700,majority,auroc,0.5,0.5,0.5,0.5,,,,5198,4222,1000,20789,fixed,"[{""fold"": ""scaffold"", ""src"": ""fixed"", ""thr"": 0.5}]",1.79,bootstrap unit: scaffold
T3,native,scaffold,all,fg_alkyne,F3.lt1700,majority,auprc,0.0048,0.0029,0.007,0.0048,,,,5198,4222,1000,20789,fixed,"[{""fold"": ""scaffold"", ""src"": ""fixed"", ""thr"": 0.5}]",1.79,bootstrap unit: scaffold
T3,native,scaffold,all,fg_alkyne,F3.lt1700,majority,bal_acc,0.5,0.5,0.5,0.5,,,,5198,4222,1000,20789,fixed,"[{""fold"": ""scaffold"", ""src"": ""fixed"", ""thr"": 0.5}]",1.79,bootstrap unit: scaffold
T3,native,scaffold,all,fg_alkyne,F3.lt1700,lr,auroc,0.8469,0.8036,0.885,0.5,,,,5198,4222,1000,20789,inner_cv,"[{""fold"": ""scaffold"", ""C"": 0.01, ""src"": ""inner_cv"", ""thr"": 0.4402}]",111.65,bootstrap unit: scaffold
T3,native,scaffold,all,fg_alkyne,F3.lt1700,lr,auprc,0.0212,0.0107,0.0646,0.0048,,,,5198,4222,1000,20789,inner_cv,"[{""fold"": ""scaffold"", ""C"": 0.01, ""src"": ""inner_cv"", ""thr"": 0.4402}]",111.65,bootstrap unit: scaffold
T3,native,scaffold,all,fg_alkyne,F3.lt1700,lr,bal_acc,0.7913,0.7033,0.8626,0.5,,,,5198,4222,1000,20789,inner_cv,"[{""fold"": ""scaffold"", ""C"": 0.01, ""src"": ""inner_cv"", ""thr"": 0.4402}]",111.65,bootstrap unit: scaffold
T3,native,scaffold,all,fg_alkyne,F3.lt1700,hgb,auroc,0.862,0.8085,0.9144,0.5,,,,5198,4222,1000,20789,inner_cv,"[{""fold"": ""scaffold"", ""src"": ""inner_cv"", ""thr"": 0.4027}]",56.22,bootstrap unit: scaffold
T3,native,scaffold,all,fg_alkyne,F3.lt1700,hgb,auprc,0.0775,0.0175,0.1986,0.0048,,,,5198,4222,1000,20789,inner_cv,"[{""fold"": ""scaffold"", ""src"": ""inner_cv"", ""thr"": 0.4027}]",56.22,bootstrap unit: scaffold
T3,native,scaffold,all,fg_alkyne,F3.lt1700,hgb,bal_acc,0.7413,0.6533,0.8279,0.5,,,,5198,4222,1000,20789,inner_cv,"[{""fold"": ""scaffold"", ""src"": ""inner_cv"", ""thr"": 0.4027}]",56.22,bootstrap unit: scaffold
T3,native,scaffold,all,fg_alkyne,F3.lt1700,knn,auroc,0.8409,0.7334,0.9347,0.5,,,,5198,4222,1000,20789,inner_cv,"[{""fold"": ""scaffold"", ""k"": 10, ""src"": ""inner_cv"", ""thr"": 0.1128}]",154.78,bootstrap unit: scaffold
T3,native,scaffold,all,fg_alkyne,F3.lt1700,knn,auprc,0.0742,0.027,0.1873,0.0048,,,,5198,4222,1000,20789,inner_cv,"[{""fold"": ""scaffold"", ""k"": 10, ""src"": ""inner_cv"", ""thr"": 0.1128}]",154.78,bootstrap unit: scaffold
T3,native,scaffold,all,fg_alkyne,F3.lt1700,knn,bal_acc,0.7413,0.6478,0.8253,0.5,,,,5198,4222,1000,20789,inner_cv,"[{""fold"": ""scaffold"", ""k"": 10, ""src"": ""inner_cv"", ""thr"": 0.1128}]",154.78,bootstrap unit: scaffold
T3,native,scaffold,all,fg_alkene,F1,majority,auroc,0.5,0.5,0.5,0.5,,,,5198,4222,1000,20789,fixed,"[{""fold"": ""scaffold"", ""src"": ""fixed"", ""thr"": 0.5}]",1.63,bootstrap unit: scaffold
T3,native,scaffold,all,fg_alkene,F1,majority,auprc,0.221,0.2075,0.2346,0.221,,,,5198,4222,1000,20789,fixed,"[{""fold"": ""scaffold"", ""src"": ""fixed"", ""thr"": 0.5}]",1.63,bootstrap unit: scaffold
T3,native,scaffold,all,fg_alkene,F1,majority,bal_acc,0.5,0.5,0.5,0.5,,,,5198,4222,1000,20789,fixed,"[{""fold"": ""scaffold"", ""src"": ""fixed"", ""thr"": 0.5}]",1.63,bootstrap unit: scaffold
T3,native,scaffold,all,fg_alkene,F1,lr,auroc,0.9144,0.9048,0.9244,0.5,0.0099,100,0.5015,5198,4222,1000,20789,inner_cv,"[{""fold"": ""scaffold"", ""C"": 0.1, ""src"": ""inner_cv"", ""thr"": 0.4091}]",5.15,bootstrap unit: scaffold
T3,native,scaffold,all,fg_alkene,F1,lr,auprc,0.6879,0.6583,0.7253,0.221,,,,5198,4222,1000,20789,inner_cv,"[{""fold"": ""scaffold"", ""C"": 0.1, ""src"": ""inner_cv"", ""thr"": 0.4091}]",5.15,bootstrap unit: scaffold
T3,native,scaffold,all,fg_alkene,F1,lr,bal_acc,0.8637,0.8509,0.8761,0.5,,,,5198,4222,1000,20789,inner_cv,"[{""fold"": ""scaffold"", ""C"": 0.1, ""src"": ""inner_cv"", ""thr"": 0.4091}]",5.15,bootstrap unit: scaffold
T3,native,scaffold,all,fg_alkene,F1,hgb,auroc,0.9354,0.9265,0.9445,0.5,,,,5198,4222,1000,20789,inner_cv,"[{""fold"": ""scaffold"", ""src"": ""inner_cv"", ""thr"": 0.4699}]",5.7,bootstrap unit: scaffold
T3,native,scaffold,all,fg_alkene,F1,hgb,auprc,0.7997,0.7746,0.8263,0.221,,,,5198,4222,1000,20789,inner_cv,"[{""fold"": ""scaffold"", ""src"": ""inner_cv"", ""thr"": 0.4699}]",5.7,bootstrap unit: scaffold
T3,native,scaffold,all,fg_alkene,F1,hgb,bal_acc,0.8717,0.8587,0.8845,0.5,,,,5198,4222,1000,20789,inner_cv,"[{""fold"": ""scaffold"", ""src"": ""inner_cv"", ""thr"": 0.4699}]",5.7,bootstrap unit: scaffold
T3,native,scaffold,all,fg_alkene,F1,knn,auroc,0.8962,0.8848,0.9086,0.5,,,,5198,4222,1000,20789,inner_cv,"[{""fold"": ""scaffold"", ""k"": 10, ""src"": ""inner_cv"", ""thr"": 0.1049}]",73.39,bootstrap unit: scaffold
T3,native,scaffold,all,fg_alkene,F1,knn,auprc,0.716,0.6852,0.7483,0.221,,,,5198,4222,1000,20789,inner_cv,"[{""fold"": ""scaffold"", ""k"": 10, ""src"": ""inner_cv"", ""thr"": 0.1049}]",73.39,bootstrap unit: scaffold
T3,native,scaffold,all,fg_alkene,F1,knn,bal_acc,0.8503,0.8369,0.8631,0.5,,,,5198,4222,1000,20789,inner_cv,"[{""fold"": ""scaffold"", ""k"": 10, ""src"": ""inner_cv"", ""thr"": 0.1049}]",73.39,bootstrap unit: scaffold
T3,native,scaffold,all,fg_alkene,F1pos,majority,auroc,0.5,0.5,0.5,0.5,,,,5198,4222,1000,20789,fixed,"[{""fold"": ""scaffold"", ""src"": ""fixed"", ""thr"": 0.5}]",1.66,bootstrap unit: scaffold
T3,native,scaffold,all,fg_alkene,F1pos,majority,auprc,0.221,0.2075,0.2346,0.221,,,,5198,4222,1000,20789,fixed,"[{""fold"": ""scaffold"", ""src"": ""fixed"", ""thr"": 0.5}]",1.66,bootstrap unit: scaffold
T3,native,scaffold,all,fg_alkene,F1pos,majority,bal_acc,0.5,0.5,0.5,0.5,,,,5198,4222,1000,20789,fixed,"[{""fold"": ""scaffold"", ""src"": ""fixed"", ""thr"": 0.5}]",1.66,bootstrap unit: scaffold
T3,native,scaffold,all,fg_alkene,F1pos,lr,auroc,0.8383,0.8238,0.854,0.5,,,,5198,4222,1000,20789,inner_cv,"[{""fold"": ""scaffold"", ""C"": 1.0, ""src"": ""inner_cv"", ""thr"": 0.404}]",5.59,bootstrap unit: scaffold
T3,native,scaffold,all,fg_alkene,F1pos,lr,auprc,0.553,0.523,0.5897,0.221,,,,5198,4222,1000,20789,inner_cv,"[{""fold"": ""scaffold"", ""C"": 1.0, ""src"": ""inner_cv"", ""thr"": 0.404}]",5.59,bootstrap unit: scaffold
T3,native,scaffold,all,fg_alkene,F1pos,lr,bal_acc,0.7858,0.7714,0.8004,0.5,,,,5198,4222,1000,20789,inner_cv,"[{""fold"": ""scaffold"", ""C"": 1.0, ""src"": ""inner_cv"", ""thr"": 0.404}]",5.59,bootstrap unit: scaffold
T3,native,scaffold,all,fg_alkene,F1pos,hgb,auroc,0.8797,0.8677,0.8917,0.5,,,,5198,4222,1000,20789,inner_cv,"[{""fold"": ""scaffold"", ""src"": ""inner_cv"", ""thr"": 0.2804}]",6.93,bootstrap unit: scaffold
T3,native,scaffold,all,fg_alkene,F1pos,hgb,auprc,0.6419,0.6092,0.6751,0.221,,,,5198,4222,1000,20789,inner_cv,"[{""fold"": ""scaffold"", ""src"": ""inner_cv"", ""thr"": 0.2804}]",6.93,bootstrap unit: scaffold
T3,native,scaffold,all,fg_alkene,F1pos,hgb,bal_acc,0.8418,0.8292,0.8536,0.5,,,,5198,4222,1000,20789,inner_cv,"[{""fold"": ""scaffold"", ""src"": ""inner_cv"", ""thr"": 0.2804}]",6.93,bootstrap unit: scaffold
T3,native,scaffold,all,fg_alkene,F1pos,knn,auroc,0.5971,0.5787,0.6143,0.5,,,,5198,4222,1000,20789,inner_cv,"[{""fold"": ""scaffold"", ""k"": 10, ""src"": ""inner_cv"", ""thr"": 0.102}]",96.91,bootstrap unit: scaffold
T3,native,scaffold,all,fg_alkene,F1pos,knn,auprc,0.2962,0.2701,0.3228,0.221,,,,5198,4222,1000,20789,inner_cv,"[{""fold"": ""scaffold"", ""k"": 10, ""src"": ""inner_cv"", ""thr"": 0.102}]",96.91,bootstrap unit: scaffold
T3,native,scaffold,all,fg_alkene,F1pos,knn,bal_acc,0.5658,0.55,0.5819,0.5,,,,5198,4222,1000,20789,inner_cv,"[{""fold"": ""scaffold"", ""k"": 10, ""src"": ""inner_cv"", ""thr"": 0.102}]",96.91,bootstrap unit: scaffold
T3,native,scaffold,all,fg_alkene,F2,majority,auroc,0.5,0.5,0.5,0.5,,,,5198,4222,1000,20789,fixed,"[{""fold"": ""scaffold"", ""src"": ""fixed"", ""thr"": 0.5}]",1.83,bootstrap unit: scaffold
T3,native,scaffold,all,fg_alkene,F2,majority,auprc,0.221,0.2075,0.2346,0.221,,,,5198,4222,1000,20789,fixed,"[{""fold"": ""scaffold"", ""src"": ""fixed"", ""thr"": 0.5}]",1.83,bootstrap unit: scaffold
T3,native,scaffold,all,fg_alkene,F2,majority,bal_acc,0.5,0.5,0.5,0.5,,,,5198,4222,1000,20789,fixed,"[{""fold"": ""scaffold"", ""src"": ""fixed"", ""thr"": 0.5}]",1.83,bootstrap unit: scaffold
T3,native,scaffold,all,fg_alkene,F2,lr,auroc,0.9123,0.902,0.9219,0.5,,,,5198,4222,1000,20789,inner_cv,"[{""fold"": ""scaffold"", ""C"": 0.01, ""src"": ""inner_cv"", ""thr"": 0.3902}]",94.34,bootstrap unit: scaffold
T3,native,scaffold,all,fg_alkene,F2,lr,auprc,0.6746,0.6433,0.7131,0.221,,,,5198,4222,1000,20789,inner_cv,"[{""fold"": ""scaffold"", ""C"": 0.01, ""src"": ""inner_cv"", ""thr"": 0.3902}]",94.34,bootstrap unit: scaffold
T3,native,scaffold,all,fg_alkene,F2,lr,bal_acc,0.8608,0.8485,0.8732,0.5,,,,5198,4222,1000,20789,inner_cv,"[{""fold"": ""scaffold"", ""C"": 0.01, ""src"": ""inner_cv"", ""thr"": 0.3902}]",94.34,bootstrap unit: scaffold
T3,native,scaffold,all,fg_alkene,F2,hgb,auroc,0.9494,0.9414,0.9569,0.5,,,,5198,4222,1000,20789,inner_cv,"[{""fold"": ""scaffold"", ""src"": ""inner_cv"", ""thr"": 0.2832}]",35.64,bootstrap unit: scaffold
T3,native,scaffold,all,fg_alkene,F2,hgb,auprc,0.8553,0.8351,0.8759,0.221,,,,5198,4222,1000,20789,inner_cv,"[{""fold"": ""scaffold"", ""src"": ""inner_cv"", ""thr"": 0.2832}]",35.64,bootstrap unit: scaffold
T3,native,scaffold,all,fg_alkene,F2,hgb,bal_acc,0.8832,0.8709,0.8955,0.5,,,,5198,4222,1000,20789,inner_cv,"[{""fold"": ""scaffold"", ""src"": ""inner_cv"", ""thr"": 0.2832}]",35.64,bootstrap unit: scaffold
T3,native,scaffold,all,fg_alkene,F2,knn,auroc,0.9247,0.9139,0.9353,0.5,,,,5198,4222,1000,20789,inner_cv,"[{""fold"": ""scaffold"", ""k"": 10, ""src"": ""inner_cv"", ""thr"": 0.1062}]",172.0,bootstrap unit: scaffold
T3,native,scaffold,all,fg_alkene,F2,knn,auprc,0.7983,0.7718,0.8232,0.221,,,,5198,4222,1000,20789,inner_cv,"[{""fold"": ""scaffold"", ""k"": 10, ""src"": ""inner_cv"", ""thr"": 0.1062}]",172.0,bootstrap unit: scaffold
T3,native,scaffold,all,fg_alkene,F2,knn,bal_acc,0.8811,0.8691,0.8921,0.5,,,,5198,4222,1000,20789,inner_cv,"[{""fold"": ""scaffold"", ""k"": 10, ""src"": ""inner_cv"", ""thr"": 0.1062}]",172.0,bootstrap unit: scaffold
T3,native,scaffold,all,fg_alkene,F3,majority,auroc,0.5,0.5,0.5,0.5,,,,5198,4222,1000,20789,fixed,"[{""fold"": ""scaffold"", ""src"": ""fixed"", ""thr"": 0.5}]",1.54,bootstrap unit: scaffold
T3,native,scaffold,all,fg_alkene,F3,majority,auprc,0.221,0.2075,0.2346,0.221,,,,5198,4222,1000,20789,fixed,"[{""fold"": ""scaffold"", ""src"": ""fixed"", ""thr"": 0.5}]",1.54,bootstrap unit: scaffold
T3,native,scaffold,all,fg_alkene,F3,majority,bal_acc,0.5,0.5,0.5,0.5,,,,5198,4222,1000,20789,fixed,"[{""fold"": ""scaffold"", ""src"": ""fixed"", ""thr"": 0.5}]",1.54,bootstrap unit: scaffold
T3,native,scaffold,all,fg_alkene,F3,lr,auroc,0.9141,0.9039,0.9237,0.5,,,,5198,4222,1000,20789,inner_cv,"[{""fold"": ""scaffold"", ""C"": 0.01, ""src"": ""inner_cv"", ""thr"": 0.4004}]",108.8,bootstrap unit: scaffold
T3,native,scaffold,all,fg_alkene,F3,lr,auprc,0.6902,0.6604,0.7278,0.221,,,,5198,4222,1000,20789,inner_cv,"[{""fold"": ""scaffold"", ""C"": 0.01, ""src"": ""inner_cv"", ""thr"": 0.4004}]",108.8,bootstrap unit: scaffold
T3,native,scaffold,all,fg_alkene,F3,lr,bal_acc,0.8572,0.8441,0.8698,0.5,,,,5198,4222,1000,20789,inner_cv,"[{""fold"": ""scaffold"", ""C"": 0.01, ""src"": ""inner_cv"", ""thr"": 0.4004}]",108.8,bootstrap unit: scaffold
T3,native,scaffold,all,fg_alkene,F3,hgb,auroc,0.9547,0.9468,0.9617,0.5,0.0099,100,0.4981,5198,4222,1000,20789,inner_cv,"[{""fold"": ""scaffold"", ""src"": ""inner_cv"", ""thr"": 0.3399}]",41.16,bootstrap unit: scaffold
T3,native,scaffold,all,fg_alkene,F3,hgb,auprc,0.8688,0.8477,0.8886,0.221,,,,5198,4222,1000,20789,inner_cv,"[{""fold"": ""scaffold"", ""src"": ""inner_cv"", ""thr"": 0.3399}]",41.16,bootstrap unit: scaffold
T3,native,scaffold,all,fg_alkene,F3,hgb,bal_acc,0.8896,0.8779,0.9015,0.5,,,,5198,4222,1000,20789,inner_cv,"[{""fold"": ""scaffold"", ""src"": ""inner_cv"", ""thr"": 0.3399}]",41.16,bootstrap unit: scaffold
T3,native,scaffold,all,fg_alkene,F3,knn,auroc,0.9252,0.9142,0.9361,0.5,,,,5198,4222,1000,20789,inner_cv,"[{""fold"": ""scaffold"", ""k"": 10, ""src"": ""inner_cv"", ""thr"": 0.1238}]",135.21,bootstrap unit: scaffold
T3,native,scaffold,all,fg_alkene,F3,knn,auprc,0.8014,0.7747,0.8262,0.221,,,,5198,4222,1000,20789,inner_cv,"[{""fold"": ""scaffold"", ""k"": 10, ""src"": ""inner_cv"", ""thr"": 0.1238}]",135.21,bootstrap unit: scaffold
T3,native,scaffold,all,fg_alkene,F3,knn,bal_acc,0.8823,0.8707,0.8932,0.5,,,,5198,4222,1000,20789,inner_cv,"[{""fold"": ""scaffold"", ""k"": 10, ""src"": ""inner_cv"", ""thr"": 0.1238}]",135.21,bootstrap unit: scaffold
T3,native,scaffold,all,fg_alkene,F1.sqrt,majority,auroc,0.5,0.5,0.5,0.5,,,,5198,4222,1000,20789,fixed,"[{""fold"": ""scaffold"", ""src"": ""fixed"", ""thr"": 0.5}]",1.64,bootstrap unit: scaffold
T3,native,scaffold,all,fg_alkene,F1.sqrt,majority,auprc,0.221,0.2075,0.2346,0.221,,,,5198,4222,1000,20789,fixed,"[{""fold"": ""scaffold"", ""src"": ""fixed"", ""thr"": 0.5}]",1.64,bootstrap unit: scaffold
T3,native,scaffold,all,fg_alkene,F1.sqrt,majority,bal_acc,0.5,0.5,0.5,0.5,,,,5198,4222,1000,20789,fixed,"[{""fold"": ""scaffold"", ""src"": ""fixed"", ""thr"": 0.5}]",1.64,bootstrap unit: scaffold
T3,native,scaffold,all,fg_alkene,F1.sqrt,lr,auroc,0.8892,0.8778,0.9013,0.5,,,,5198,4222,1000,20789,inner_cv,"[{""fold"": ""scaffold"", ""C"": 0.1, ""src"": ""inner_cv"", ""thr"": 0.403}]",4.78,bootstrap unit: scaffold
T3,native,scaffold,all,fg_alkene,F1.sqrt,lr,auprc,0.6341,0.6038,0.6731,0.221,,,,5198,4222,1000,20789,inner_cv,"[{""fold"": ""scaffold"", ""C"": 0.1, ""src"": ""inner_cv"", ""thr"": 0.403}]",4.78,bootstrap unit: scaffold
T3,native,scaffold,all,fg_alkene,F1.sqrt,lr,bal_acc,0.8374,0.824,0.8512,0.5,,,,5198,4222,1000,20789,inner_cv,"[{""fold"": ""scaffold"", ""C"": 0.1, ""src"": ""inner_cv"", ""thr"": 0.403}]",4.78,bootstrap unit: scaffold
T3,native,scaffold,all,fg_alkene,F1.sqrt,hgb,auroc,0.9354,0.9265,0.9445,0.5,,,,5198,4222,1000,20789,inner_cv,"[{""fold"": ""scaffold"", ""src"": ""inner_cv"", ""thr"": 0.4699}]",5.64,bootstrap unit: scaffold
T3,native,scaffold,all,fg_alkene,F1.sqrt,hgb,auprc,0.7998,0.7748,0.8264,0.221,,,,5198,4222,1000,20789,inner_cv,"[{""fold"": ""scaffold"", ""src"": ""inner_cv"", ""thr"": 0.4699}]",5.64,bootstrap unit: scaffold
T3,native,scaffold,all,fg_alkene,F1.sqrt,hgb,bal_acc,0.8717,0.8587,0.8845,0.5,,,,5198,4222,1000,20789,inner_cv,"[{""fold"": ""scaffold"", ""src"": ""inner_cv"", ""thr"": 0.4699}]",5.64,bootstrap unit: scaffold
T3,native,scaffold,all,fg_alkene,F1.sqrt,knn,auroc,0.8812,0.8683,0.8938,0.5,,,,5198,4222,1000,20789,inner_cv,"[{""fold"": ""scaffold"", ""k"": 10, ""src"": ""inner_cv"", ""thr"": 0.1073}]",77.41,bootstrap unit: scaffold
T3,native,scaffold,all,fg_alkene,F1.sqrt,knn,auprc,0.7006,0.6681,0.7328,0.221,,,,5198,4222,1000,20789,inner_cv,"[{""fold"": ""scaffold"", ""k"": 10, ""src"": ""inner_cv"", ""thr"": 0.1073}]",77.41,bootstrap unit: scaffold
T3,native,scaffold,all,fg_alkene,F1.sqrt,knn,bal_acc,0.8352,0.8223,0.8486,0.5,,,,5198,4222,1000,20789,inner_cv,"[{""fold"": ""scaffold"", ""k"": 10, ""src"": ""inner_cv"", ""thr"": 0.1073}]",77.41,bootstrap unit: scaffold
T3,native,scaffold,all,fg_alkene,F2.lt1700,majority,auroc,0.5,0.5,0.5,0.5,,,,5198,4222,1000,20789,fixed,"[{""fold"": ""scaffold"", ""src"": ""fixed"", ""thr"": 0.5}]",2.28,bootstrap unit: scaffold
T3,native,scaffold,all,fg_alkene,F2.lt1700,majority,auprc,0.221,0.2075,0.2346,0.221,,,,5198,4222,1000,20789,fixed,"[{""fold"": ""scaffold"", ""src"": ""fixed"", ""thr"": 0.5}]",2.28,bootstrap unit: scaffold
T3,native,scaffold,all,fg_alkene,F2.lt1700,majority,bal_acc,0.5,0.5,0.5,0.5,,,,5198,4222,1000,20789,fixed,"[{""fold"": ""scaffold"", ""src"": ""fixed"", ""thr"": 0.5}]",2.28,bootstrap unit: scaffold
T3,native,scaffold,all,fg_alkene,F2.lt1700,lr,auroc,0.9121,0.902,0.9218,0.5,,,,5198,4222,1000,20789,inner_cv,"[{""fold"": ""scaffold"", ""C"": 0.01, ""src"": ""inner_cv"", ""thr"": 0.4058}]",121.58,bootstrap unit: scaffold
T3,native,scaffold,all,fg_alkene,F2.lt1700,lr,auprc,0.6748,0.6434,0.7131,0.221,,,,5198,4222,1000,20789,inner_cv,"[{""fold"": ""scaffold"", ""C"": 0.01, ""src"": ""inner_cv"", ""thr"": 0.4058}]",121.58,bootstrap unit: scaffold
T3,native,scaffold,all,fg_alkene,F2.lt1700,lr,bal_acc,0.8609,0.8488,0.8736,0.5,,,,5198,4222,1000,20789,inner_cv,"[{""fold"": ""scaffold"", ""C"": 0.01, ""src"": ""inner_cv"", ""thr"": 0.4058}]",121.58,bootstrap unit: scaffold
T3,native,scaffold,all,fg_alkene,F2.lt1700,hgb,auroc,0.9493,0.9411,0.9569,0.5,,,,5198,4222,1000,20789,inner_cv,"[{""fold"": ""scaffold"", ""src"": ""inner_cv"", ""thr"": 0.347}]",68.92,bootstrap unit: scaffold
T3,native,scaffold,all,fg_alkene,F2.lt1700,hgb,auprc,0.855,0.8355,0.8758,0.221,,,,5198,4222,1000,20789,inner_cv,"[{""fold"": ""scaffold"", ""src"": ""inner_cv"", ""thr"": 0.347}]",68.92,bootstrap unit: scaffold
T3,native,scaffold,all,fg_alkene,F2.lt1700,hgb,bal_acc,0.8829,0.87,0.8957,0.5,,,,5198,4222,1000,20789,inner_cv,"[{""fold"": ""scaffold"", ""src"": ""inner_cv"", ""thr"": 0.347}]",68.92,bootstrap unit: scaffold
T3,native,scaffold,all,fg_alkene,F2.lt1700,knn,auroc,0.9249,0.9137,0.9354,0.5,,,,5198,4222,1000,20789,inner_cv,"[{""fold"": ""scaffold"", ""k"": 10, ""src"": ""inner_cv"", ""thr"": 0.1048}]",188.72,bootstrap unit: scaffold
T3,native,scaffold,all,fg_alkene,F2.lt1700,knn,auprc,0.7944,0.7658,0.8214,0.221,,,,5198,4222,1000,20789,inner_cv,"[{""fold"": ""scaffold"", ""k"": 10, ""src"": ""inner_cv"", ""thr"": 0.1048}]",188.72,bootstrap unit: scaffold
T3,native,scaffold,all,fg_alkene,F2.lt1700,knn,bal_acc,0.8821,0.8703,0.893,0.5,,,,5198,4222,1000,20789,inner_cv,"[{""fold"": ""scaffold"", ""k"": 10, ""src"": ""inner_cv"", ""thr"": 0.1048}]",188.72,bootstrap unit: scaffold
T3,native,scaffold,all,fg_alkene,F3.lt1700,majority,auroc,0.5,0.5,0.5,0.5,,,,5198,4222,1000,20789,fixed,"[{""fold"": ""scaffold"", ""src"": ""fixed"", ""thr"": 0.5}]",7.0,bootstrap unit: scaffold
T3,native,scaffold,all,fg_alkene,F3.lt1700,majority,auprc,0.221,0.2075,0.2346,0.221,,,,5198,4222,1000,20789,fixed,"[{""fold"": ""scaffold"", ""src"": ""fixed"", ""thr"": 0.5}]",7.0,bootstrap unit: scaffold
T3,native,scaffold,all,fg_alkene,F3.lt1700,majority,bal_acc,0.5,0.5,0.5,0.5,,,,5198,4222,1000,20789,fixed,"[{""fold"": ""scaffold"", ""src"": ""fixed"", ""thr"": 0.5}]",7.0,bootstrap unit: scaffold
T3,native,scaffold,all,fg_alkene,F3.lt1700,lr,auroc,0.9135,0.9035,0.9232,0.5,,,,5198,4222,1000,20789,inner_cv,"[{""fold"": ""scaffold"", ""C"": 0.01, ""src"": ""inner_cv"", ""thr"": 0.4108}]",84.33,bootstrap unit: scaffold
T3,native,scaffold,all,fg_alkene,F3.lt1700,lr,auprc,0.6894,0.6588,0.7275,0.221,,,,5198,4222,1000,20789,inner_cv,"[{""fold"": ""scaffold"", ""C"": 0.01, ""src"": ""inner_cv"", ""thr"": 0.4108}]",84.33,bootstrap unit: scaffold
T3,native,scaffold,all,fg_alkene,F3.lt1700,lr,bal_acc,0.8566,0.8435,0.8697,0.5,,,,5198,4222,1000,20789,inner_cv,"[{""fold"": ""scaffold"", ""C"": 0.01, ""src"": ""inner_cv"", ""thr"": 0.4108}]",84.33,bootstrap unit: scaffold
T3,native,scaffold,all,fg_alkene,F3.lt1700,hgb,auroc,0.9532,0.945,0.961,0.5,,,,5198,4222,1000,20789,inner_cv,"[{""fold"": ""scaffold"", ""src"": ""inner_cv"", ""thr"": 0.3364}]",42.99,bootstrap unit: scaffold
T3,native,scaffold,all,fg_alkene,F3.lt1700,hgb,auprc,0.8674,0.847,0.8881,0.221,,,,5198,4222,1000,20789,inner_cv,"[{""fold"": ""scaffold"", ""src"": ""inner_cv"", ""thr"": 0.3364}]",42.99,bootstrap unit: scaffold
T3,native,scaffold,all,fg_alkene,F3.lt1700,hgb,bal_acc,0.887,0.8756,0.8993,0.5,,,,5198,4222,1000,20789,inner_cv,"[{""fold"": ""scaffold"", ""src"": ""inner_cv"", ""thr"": 0.3364}]",42.99,bootstrap unit: scaffold
T3,native,scaffold,all,fg_alkene,F3.lt1700,knn,auroc,0.9264,0.915,0.9362,0.5,,,,5198,4222,1000,20789,inner_cv,"[{""fold"": ""scaffold"", ""k"": 10, ""src"": ""inner_cv"", ""thr"": 0.1237}]",151.66,bootstrap unit: scaffold
T3,native,scaffold,all,fg_alkene,F3.lt1700,knn,auprc,0.8034,0.7762,0.8292,0.221,,,,5198,4222,1000,20789,inner_cv,"[{""fold"": ""scaffold"", ""k"": 10, ""src"": ""inner_cv"", ""thr"": 0.1237}]",151.66,bootstrap unit: scaffold
T3,native,scaffold,all,fg_alkene,F3.lt1700,knn,bal_acc,0.8857,0.8737,0.8965,0.5,,,,5198,4222,1000,20789,inner_cv,"[{""fold"": ""scaffold"", ""k"": 10, ""src"": ""inner_cv"", ""thr"": 0.1237}]",151.66,bootstrap unit: scaffold
T3,native,scaffold,all,fg_fluoro,F1,majority,auroc,0.5,0.5,0.5,0.5,,,,5198,4222,1000,20789,fixed,"[{""fold"": ""scaffold"", ""src"": ""fixed"", ""thr"": 0.5}]",1.88,bootstrap unit: scaffold
T3,native,scaffold,all,fg_fluoro,F1,majority,auprc,0.0023,0.001,0.0039,0.0023,,,,5198,4222,1000,20789,fixed,"[{""fold"": ""scaffold"", ""src"": ""fixed"", ""thr"": 0.5}]",1.88,bootstrap unit: scaffold
T3,native,scaffold,all,fg_fluoro,F1,majority,bal_acc,0.5,0.5,0.5,0.5,,,,5198,4222,1000,20789,fixed,"[{""fold"": ""scaffold"", ""src"": ""fixed"", ""thr"": 0.5}]",1.88,bootstrap unit: scaffold
T3,native,scaffold,all,fg_fluoro,F1,lr,auroc,0.7481,0.6487,0.8432,0.5,0.0099,100,0.5011,5198,4222,1000,20789,inner_cv,"[{""fold"": ""scaffold"", ""C"": 0.01, ""src"": ""inner_cv"", ""thr"": 0.4017}]",4.24,bootstrap unit: scaffold
T3,native,scaffold,all,fg_fluoro,F1,lr,auprc,0.0054,0.0025,0.013,0.0023,,,,5198,4222,1000,20789,inner_cv,"[{""fold"": ""scaffold"", ""C"": 0.01, ""src"": ""inner_cv"", ""thr"": 0.4017}]",4.24,bootstrap unit: scaffold
T3,native,scaffold,all,fg_fluoro,F1,lr,bal_acc,0.6437,0.4905,0.8013,0.5,,,,5198,4222,1000,20789,inner_cv,"[{""fold"": ""scaffold"", ""C"": 0.01, ""src"": ""inner_cv"", ""thr"": 0.4017}]",4.24,bootstrap unit: scaffold
T3,native,scaffold,all,fg_fluoro,F1,hgb,auroc,0.9194,0.8744,0.9613,0.5,,,,5198,4222,1000,20789,inner_cv,"[{""fold"": ""scaffold"", ""src"": ""inner_cv"", ""thr"": 0.0595}]",6.37,bootstrap unit: scaffold
T3,native,scaffold,all,fg_fluoro,F1,hgb,auprc,0.0234,0.0106,0.0571,0.0023,,,,5198,4222,1000,20789,inner_cv,"[{""fold"": ""scaffold"", ""src"": ""inner_cv"", ""thr"": 0.0595}]",6.37,bootstrap unit: scaffold
T3,native,scaffold,all,fg_fluoro,F1,hgb,bal_acc,0.8084,0.8016,0.8155,0.5,,,,5198,4222,1000,20789,inner_cv,"[{""fold"": ""scaffold"", ""src"": ""inner_cv"", ""thr"": 0.0595}]",6.37,bootstrap unit: scaffold
T3,native,scaffold,all,fg_fluoro,F1,knn,auroc,0.5001,0.4158,0.6348,0.5,,,,5198,4222,1000,20789,inner_cv,"[{""fold"": ""scaffold"", ""k"": 10, ""src"": ""inner_cv"", ""thr"": 0.0611}]",91.69,bootstrap unit: scaffold
T3,native,scaffold,all,fg_fluoro,F1,knn,auprc,0.0025,0.0012,0.006,0.0023,,,,5198,4222,1000,20789,inner_cv,"[{""fold"": ""scaffold"", ""k"": 10, ""src"": ""inner_cv"", ""thr"": 0.0611}]",91.69,bootstrap unit: scaffold
T3,native,scaffold,all,fg_fluoro,F1,knn,bal_acc,0.5016,0.4161,0.6399,0.5,,,,5198,4222,1000,20789,inner_cv,"[{""fold"": ""scaffold"", ""k"": 10, ""src"": ""inner_cv"", ""thr"": 0.0611}]",91.69,bootstrap unit: scaffold
T3,native,scaffold,all,fg_fluoro,F1pos,majority,auroc,0.5,0.5,0.5,0.5,,,,5198,4222,1000,20789,fixed,"[{""fold"": ""scaffold"", ""src"": ""fixed"", ""thr"": 0.5}]",1.97,bootstrap unit: scaffold
T3,native,scaffold,all,fg_fluoro,F1pos,majority,auprc,0.0023,0.001,0.0039,0.0023,,,,5198,4222,1000,20789,fixed,"[{""fold"": ""scaffold"", ""src"": ""fixed"", ""thr"": 0.5}]",1.97,bootstrap unit: scaffold
T3,native,scaffold,all,fg_fluoro,F1pos,majority,bal_acc,0.5,0.5,0.5,0.5,,,,5198,4222,1000,20789,fixed,"[{""fold"": ""scaffold"", ""src"": ""fixed"", ""thr"": 0.5}]",1.97,bootstrap unit: scaffold
T3,native,scaffold,all,fg_fluoro,F1pos,lr,auroc,0.8757,0.7967,0.9481,0.5,,,,5198,4222,1000,20789,inner_cv,"[{""fold"": ""scaffold"", ""C"": 0.01, ""src"": ""inner_cv"", ""thr"": 0.2945}]",4.71,bootstrap unit: scaffold
T3,native,scaffold,all,fg_fluoro,F1pos,lr,auprc,0.0136,0.006,0.032,0.0023,,,,5198,4222,1000,20789,inner_cv,"[{""fold"": ""scaffold"", ""C"": 0.01, ""src"": ""inner_cv"", ""thr"": 0.2945}]",4.71,bootstrap unit: scaffold
T3,native,scaffold,all,fg_fluoro,F1pos,lr,bal_acc,0.7804,0.6502,0.9066,0.5,,,,5198,4222,1000,20789,inner_cv,"[{""fold"": ""scaffold"", ""C"": 0.01, ""src"": ""inner_cv"", ""thr"": 0.2945}]",4.71,bootstrap unit: scaffold
T3,native,scaffold,all,fg_fluoro,F1pos,hgb,auroc,0.9025,0.8613,0.9424,0.5,,,,5198,4222,1000,20789,inner_cv,"[{""fold"": ""scaffold"", ""src"": ""inner_cv"", ""thr"": 0.179}]",4.93,bootstrap unit: scaffold
T3,native,scaffold,all,fg_fluoro,F1pos,hgb,auprc,0.0161,0.0072,0.0391,0.0023,,,,5198,4222,1000,20789,inner_cv,"[{""fold"": ""scaffold"", ""src"": ""inner_cv"", ""thr"": 0.179}]",4.93,bootstrap unit: scaffold
T3,native,scaffold,all,fg_fluoro,F1pos,hgb,bal_acc,0.8461,0.7437,0.8925,0.5,,,,5198,4222,1000,20789,inner_cv,"[{""fold"": ""scaffold"", ""src"": ""inner_cv"", ""thr"": 0.179}]",4.93,bootstrap unit: scaffold
T3,native,scaffold,all,fg_fluoro,F1pos,knn,auroc,0.7645,0.5954,0.9112,0.5,,,,5198,4222,1000,20789,inner_cv,"[{""fold"": ""scaffold"", ""k"": 10, ""src"": ""inner_cv"", ""thr"": 0.0913}]",92.03,bootstrap unit: scaffold
T3,native,scaffold,all,fg_fluoro,F1pos,knn,auprc,0.0348,0.0061,0.1213,0.0023,,,,5198,4222,1000,20789,inner_cv,"[{""fold"": ""scaffold"", ""k"": 10, ""src"": ""inner_cv"", ""thr"": 0.0913}]",92.03,bootstrap unit: scaffold
T3,native,scaffold,all,fg_fluoro,F1pos,knn,bal_acc,0.7551,0.5895,0.895,0.5,,,,5198,4222,1000,20789,inner_cv,"[{""fold"": ""scaffold"", ""k"": 10, ""src"": ""inner_cv"", ""thr"": 0.0913}]",92.03,bootstrap unit: scaffold
T3,native,scaffold,all,fg_fluoro,F2,majority,auroc,0.5,0.5,0.5,0.5,,,,5198,4222,1000,20789,fixed,"[{""fold"": ""scaffold"", ""src"": ""fixed"", ""thr"": 0.5}]",1.91,bootstrap unit: scaffold
T3,native,scaffold,all,fg_fluoro,F2,majority,auprc,0.0023,0.001,0.0039,0.0023,,,,5198,4222,1000,20789,fixed,"[{""fold"": ""scaffold"", ""src"": ""fixed"", ""thr"": 0.5}]",1.91,bootstrap unit: scaffold
T3,native,scaffold,all,fg_fluoro,F2,majority,bal_acc,0.5,0.5,0.5,0.5,,,,5198,4222,1000,20789,fixed,"[{""fold"": ""scaffold"", ""src"": ""fixed"", ""thr"": 0.5}]",1.91,bootstrap unit: scaffold
T3,native,scaffold,all,fg_fluoro,F2,lr,auroc,0.7663,0.6704,0.8551,0.5,,,,5198,4222,1000,20789,inner_cv,"[{""fold"": ""scaffold"", ""C"": 0.01, ""src"": ""inner_cv"", ""thr"": 0.2868}]",104.7,bootstrap unit: scaffold
T3,native,scaffold,all,fg_fluoro,F2,lr,auprc,0.0057,0.0026,0.0126,0.0023,,,,5198,4222,1000,20789,inner_cv,"[{""fold"": ""scaffold"", ""C"": 0.01, ""src"": ""inner_cv"", ""thr"": 0.2868}]",104.7,bootstrap unit: scaffold
T3,native,scaffold,all,fg_fluoro,F2,lr,bal_acc,0.7257,0.5912,0.8503,0.5,,,,5198,4222,1000,20789,inner_cv,"[{""fold"": ""scaffold"", ""C"": 0.01, ""src"": ""inner_cv"", ""thr"": 0.2868}]",104.7,bootstrap unit: scaffold
T3,native,scaffold,all,fg_fluoro,F2,hgb,auroc,0.9568,0.9333,0.9794,0.5,,,,5198,4222,1000,20789,inner_cv,"[{""fold"": ""scaffold"", ""src"": ""inner_cv"", ""thr"": 0.0506}]",51.15,bootstrap unit: scaffold
T3,native,scaffold,all,fg_fluoro,F2,hgb,auprc,0.0499,0.0177,0.1591,0.0023,,,,5198,4222,1000,20789,inner_cv,"[{""fold"": ""scaffold"", ""src"": ""inner_cv"", ""thr"": 0.0506}]",51.15,bootstrap unit: scaffold
T3,native,scaffold,all,fg_fluoro,F2,hgb,bal_acc,0.8999,0.8943,0.9057,0.5,,,,5198,4222,1000,20789,inner_cv,"[{""fold"": ""scaffold"", ""src"": ""inner_cv"", ""thr"": 0.0506}]",51.15,bootstrap unit: scaffold
T3,native,scaffold,all,fg_fluoro,F2,knn,auroc,0.5817,0.4547,0.7357,0.5,,,,5198,4222,1000,20789,inner_cv,"[{""fold"": ""scaffold"", ""k"": 10, ""src"": ""inner_cv"", ""thr"": 0.0727}]",180.08,bootstrap unit: scaffold
T3,native,scaffold,all,fg_fluoro,F2,knn,auprc,0.0051,0.0015,0.0198,0.0023,,,,5198,4222,1000,20789,inner_cv,"[{""fold"": ""scaffold"", ""k"": 10, ""src"": ""inner_cv"", ""thr"": 0.0727}]",180.08,bootstrap unit: scaffold
T3,native,scaffold,all,fg_fluoro,F2,knn,bal_acc,0.5803,0.4551,0.7323,0.5,,,,5198,4222,1000,20789,inner_cv,"[{""fold"": ""scaffold"", ""k"": 10, ""src"": ""inner_cv"", ""thr"": 0.0727}]",180.08,bootstrap unit: scaffold
T3,native,scaffold,all,fg_fluoro,F3,majority,auroc,0.5,0.5,0.5,0.5,,,,5198,4222,1000,20789,fixed,"[{""fold"": ""scaffold"", ""src"": ""fixed"", ""thr"": 0.5}]",1.62,bootstrap unit: scaffold
T3,native,scaffold,all,fg_fluoro,F3,majority,auprc,0.0023,0.001,0.0039,0.0023,,,,5198,4222,1000,20789,fixed,"[{""fold"": ""scaffold"", ""src"": ""fixed"", ""thr"": 0.5}]",1.62,bootstrap unit: scaffold
T3,native,scaffold,all,fg_fluoro,F3,majority,bal_acc,0.5,0.5,0.5,0.5,,,,5198,4222,1000,20789,fixed,"[{""fold"": ""scaffold"", ""src"": ""fixed"", ""thr"": 0.5}]",1.62,bootstrap unit: scaffold
T3,native,scaffold,all,fg_fluoro,F3,lr,auroc,0.7917,0.6908,0.8772,0.5,,,,5198,4222,1000,20789,inner_cv,"[{""fold"": ""scaffold"", ""C"": 0.01, ""src"": ""inner_cv"", ""thr"": 0.3786}]",90.0,bootstrap unit: scaffold
T3,native,scaffold,all,fg_fluoro,F3,lr,auprc,0.0066,0.0031,0.0145,0.0023,,,,5198,4222,1000,20789,inner_cv,"[{""fold"": ""scaffold"", ""C"": 0.01, ""src"": ""inner_cv"", ""thr"": 0.3786}]",90.0,bootstrap unit: scaffold
T3,native,scaffold,all,fg_fluoro,F3,lr,bal_acc,0.7139,0.5607,0.8601,0.5,,,,5198,4222,1000,20789,inner_cv,"[{""fold"": ""scaffold"", ""C"": 0.01, ""src"": ""inner_cv"", ""thr"": 0.3786}]",90.0,bootstrap unit: scaffold
T3,native,scaffold,all,fg_fluoro,F3,hgb,auroc,0.9649,0.9274,0.9888,0.5,,,,5198,4222,1000,20789,inner_cv,"[{""fold"": ""scaffold"", ""src"": ""inner_cv"", ""thr"": 0.037}]",61.41,bootstrap unit: scaffold
T3,native,scaffold,all,fg_fluoro,F3,hgb,auprc,0.087,0.0306,0.2733,0.0023,,,,5198,4222,1000,20789,inner_cv,"[{""fold"": ""scaffold"", ""src"": ""inner_cv"", ""thr"": 0.037}]",61.41,bootstrap unit: scaffold
T3,native,scaffold,all,fg_fluoro,F3,hgb,bal_acc,0.8709,0.7674,0.917,0.5,,,,5198,4222,1000,20789,inner_cv,"[{""fold"": ""scaffold"", ""src"": ""inner_cv"", ""thr"": 0.037}]",61.41,bootstrap unit: scaffold
T3,native,scaffold,all,fg_fluoro,F3,knn,auroc,0.5464,0.4562,0.6834,0.5,,,,5198,4222,1000,20789,inner_cv,"[{""fold"": ""scaffold"", ""k"": 10, ""src"": ""inner_cv"", ""thr"": 0.071}]",177.48,bootstrap unit: scaffold
T3,native,scaffold,all,fg_fluoro,F3,knn,auprc,0.0054,0.0013,0.0232,0.0023,,,,5198,4222,1000,20789,inner_cv,"[{""fold"": ""scaffold"", ""k"": 10, ""src"": ""inner_cv"", ""thr"": 0.071}]",177.48,bootstrap unit: scaffold
T3,native,scaffold,all,fg_fluoro,F3,knn,bal_acc,0.5419,0.4564,0.6721,0.5,,,,5198,4222,1000,20789,inner_cv,"[{""fold"": ""scaffold"", ""k"": 10, ""src"": ""inner_cv"", ""thr"": 0.071}]",177.48,bootstrap unit: scaffold
T3,native,scaffold,all,fg_fluoro,F1.sqrt,majority,auroc,0.5,0.5,0.5,0.5,,,,5198,4222,1000,20789,fixed,"[{""fold"": ""scaffold"", ""src"": ""fixed"", ""thr"": 0.5}]",1.57,bootstrap unit: scaffold
T3,native,scaffold,all,fg_fluoro,F1.sqrt,majority,auprc,0.0023,0.001,0.0039,0.0023,,,,5198,4222,1000,20789,fixed,"[{""fold"": ""scaffold"", ""src"": ""fixed"", ""thr"": 0.5}]",1.57,bootstrap unit: scaffold
T3,native,scaffold,all,fg_fluoro,F1.sqrt,majority,bal_acc,0.5,0.5,0.5,0.5,,,,5198,4222,1000,20789,fixed,"[{""fold"": ""scaffold"", ""src"": ""fixed"", ""thr"": 0.5}]",1.57,bootstrap unit: scaffold
T3,native,scaffold,all,fg_fluoro,F1.sqrt,lr,auroc,0.8153,0.7136,0.9058,0.5,,,,5198,4222,1000,20789,inner_cv,"[{""fold"": ""scaffold"", ""C"": 0.01, ""src"": ""inner_cv"", ""thr"": 0.4547}]",7.36,bootstrap unit: scaffold
T3,native,scaffold,all,fg_fluoro,F1.sqrt,lr,auprc,0.0089,0.0039,0.0244,0.0023,,,,5198,4222,1000,20789,inner_cv,"[{""fold"": ""scaffold"", ""C"": 0.01, ""src"": ""inner_cv"", ""thr"": 0.4547}]",7.36,bootstrap unit: scaffold
T3,native,scaffold,all,fg_fluoro,F1.sqrt,lr,bal_acc,0.7355,0.5853,0.8766,0.5,,,,5198,4222,1000,20789,inner_cv,"[{""fold"": ""scaffold"", ""C"": 0.01, ""src"": ""inner_cv"", ""thr"": 0.4547}]",7.36,bootstrap unit: scaffold
T3,native,scaffold,all,fg_fluoro,F1.sqrt,hgb,auroc,0.9194,0.8745,0.9613,0.5,,,,5198,4222,1000,20789,inner_cv,"[{""fold"": ""scaffold"", ""src"": ""inner_cv"", ""thr"": 0.0595}]",6.69,bootstrap unit: scaffold
T3,native,scaffold,all,fg_fluoro,F1.sqrt,hgb,auprc,0.0234,0.0106,0.0571,0.0023,,,,5198,4222,1000,20789,inner_cv,"[{""fold"": ""scaffold"", ""src"": ""inner_cv"", ""thr"": 0.0595}]",6.69,bootstrap unit: scaffold
T3,native,scaffold,all,fg_fluoro,F1.sqrt,hgb,bal_acc,0.8084,0.8016,0.8155,0.5,,,,5198,4222,1000,20789,inner_cv,"[{""fold"": ""scaffold"", ""src"": ""inner_cv"", ""thr"": 0.0595}]",6.69,bootstrap unit: scaffold
T3,native,scaffold,all,fg_fluoro,F1.sqrt,knn,auroc,0.7162,0.565,0.8748,0.5,,,,5198,4222,1000,20789,inner_cv,"[{""fold"": ""scaffold"", ""k"": 10, ""src"": ""inner_cv"", ""thr"": 0.078}]",77.39,bootstrap unit: scaffold
T3,native,scaffold,all,fg_fluoro,F1.sqrt,knn,auprc,0.0066,0.0024,0.0201,0.0023,,,,5198,4222,1000,20789,inner_cv,"[{""fold"": ""scaffold"", ""k"": 10, ""src"": ""inner_cv"", ""thr"": 0.078}]",77.39,bootstrap unit: scaffold
T3,native,scaffold,all,fg_fluoro,F1.sqrt,knn,bal_acc,0.728,0.5709,0.8863,0.5,,,,5198,4222,1000,20789,inner_cv,"[{""fold"": ""scaffold"", ""k"": 10, ""src"": ""inner_cv"", ""thr"": 0.078}]",77.39,bootstrap unit: scaffold
T3,native,scaffold,all,fg_fluoro,F2.lt1700,majority,auroc,0.5,0.5,0.5,0.5,,,,5198,4222,1000,20789,fixed,"[{""fold"": ""scaffold"", ""src"": ""fixed"", ""thr"": 0.5}]",1.95,bootstrap unit: scaffold
T3,native,scaffold,all,fg_fluoro,F2.lt1700,majority,auprc,0.0023,0.001,0.0039,0.0023,,,,5198,4222,1000,20789,fixed,"[{""fold"": ""scaffold"", ""src"": ""fixed"", ""thr"": 0.5}]",1.95,bootstrap unit: scaffold
T3,native,scaffold,all,fg_fluoro,F2.lt1700,majority,bal_acc,0.5,0.5,0.5,0.5,,,,5198,4222,1000,20789,fixed,"[{""fold"": ""scaffold"", ""src"": ""fixed"", ""thr"": 0.5}]",1.95,bootstrap unit: scaffold
T3,native,scaffold,all,fg_fluoro,F2.lt1700,lr,auroc,0.8671,0.8217,0.9101,0.5,,,,5198,4222,1000,20789,inner_cv,"[{""fold"": ""scaffold"", ""C"": 0.01, ""src"": ""inner_cv"", ""thr"": 0.3131}]",115.92,bootstrap unit: scaffold
T3,native,scaffold,all,fg_fluoro,F2.lt1700,lr,auprc,0.0092,0.0043,0.0175,0.0023,,,,5198,4222,1000,20789,inner_cv,"[{""fold"": ""scaffold"", ""C"": 0.01, ""src"": ""inner_cv"", ""thr"": 0.3131}]",115.92,bootstrap unit: scaffold
T3,native,scaffold,all,fg_fluoro,F2.lt1700,lr,bal_acc,0.8525,0.8455,0.8598,0.5,,,,5198,4222,1000,20789,inner_cv,"[{""fold"": ""scaffold"", ""C"": 0.01, ""src"": ""inner_cv"", ""thr"": 0.3131}]",115.92,bootstrap unit: scaffold
T3,native,scaffold,all,fg_fluoro,F2.lt1700,hgb,auroc,0.9604,0.9393,0.9813,0.5,,,,5198,4222,1000,20789,inner_cv,"[{""fold"": ""scaffold"", ""src"": ""inner_cv"", ""thr"": 0.103}]",46.23,bootstrap unit: scaffold
T3,native,scaffold,all,fg_fluoro,F2.lt1700,hgb,auprc,0.05,0.0192,0.1581,0.0023,,,,5198,4222,1000,20789,inner_cv,"[{""fold"": ""scaffold"", ""src"": ""inner_cv"", ""thr"": 0.103}]",46.23,bootstrap unit: scaffold
T3,native,scaffold,all,fg_fluoro,F2.lt1700,hgb,bal_acc,0.9351,0.9303,0.9396,0.5,,,,5198,4222,1000,20789,inner_cv,"[{""fold"": ""scaffold"", ""src"": ""inner_cv"", ""thr"": 0.103}]",46.23,bootstrap unit: scaffold
T3,native,scaffold,all,fg_fluoro,F2.lt1700,knn,auroc,0.6204,0.5007,0.7696,0.5,,,,5198,4222,1000,20789,inner_cv,"[{""fold"": ""scaffold"", ""k"": 10, ""src"": ""inner_cv"", ""thr"": 0.0572}]",156.02,bootstrap unit: scaffold
T3,native,scaffold,all,fg_fluoro,F2.lt1700,knn,auprc,0.0046,0.0016,0.0157,0.0023,,,,5198,4222,1000,20789,inner_cv,"[{""fold"": ""scaffold"", ""k"": 10, ""src"": ""inner_cv"", ""thr"": 0.0572}]",156.02,bootstrap unit: scaffold
T3,native,scaffold,all,fg_fluoro,F2.lt1700,knn,bal_acc,0.6246,0.503,0.7761,0.5,,,,5198,4222,1000,20789,inner_cv,"[{""fold"": ""scaffold"", ""k"": 10, ""src"": ""inner_cv"", ""thr"": 0.0572}]",156.02,bootstrap unit: scaffold
T3,native,scaffold,all,fg_fluoro,F3.lt1700,majority,auroc,0.5,0.5,0.5,0.5,,,,5198,4222,1000,20789,fixed,"[{""fold"": ""scaffold"", ""src"": ""fixed"", ""thr"": 0.5}]",1.55,bootstrap unit: scaffold
T3,native,scaffold,all,fg_fluoro,F3.lt1700,majority,auprc,0.0023,0.001,0.0039,0.0023,,,,5198,4222,1000,20789,fixed,"[{""fold"": ""scaffold"", ""src"": ""fixed"", ""thr"": 0.5}]",1.55,bootstrap unit: scaffold
T3,native,scaffold,all,fg_fluoro,F3.lt1700,majority,bal_acc,0.5,0.5,0.5,0.5,,,,5198,4222,1000,20789,fixed,"[{""fold"": ""scaffold"", ""src"": ""fixed"", ""thr"": 0.5}]",1.55,bootstrap unit: scaffold
T3,native,scaffold,all,fg_fluoro,F3.lt1700,lr,auroc,0.8849,0.8475,0.9204,0.5,,,,5198,4222,1000,20789,inner_cv,"[{""fold"": ""scaffold"", ""C"": 0.01, ""src"": ""inner_cv"", ""thr"": 0.3577}]",90.8,bootstrap unit: scaffold
T3,native,scaffold,all,fg_fluoro,F3.lt1700,lr,auprc,0.0104,0.005,0.0201,0.0023,,,,5198,4222,1000,20789,inner_cv,"[{""fold"": ""scaffold"", ""C"": 0.01, ""src"": ""inner_cv"", ""thr"": 0.3577}]",90.8,bootstrap unit: scaffold
T3,native,scaffold,all,fg_fluoro,F3.lt1700,lr,bal_acc,0.8745,0.8682,0.881,0.5,,,,5198,4222,1000,20789,inner_cv,"[{""fold"": ""scaffold"", ""C"": 0.01, ""src"": ""inner_cv"", ""thr"": 0.3577}]",90.8,bootstrap unit: scaffold
T3,native,scaffold,all,fg_fluoro,F3.lt1700,hgb,auroc,0.9745,0.9529,0.9925,0.5,0.0099,100,0.4967,5198,4222,1000,20789,inner_cv,"[{""fold"": ""scaffold"", ""src"": ""inner_cv"", ""thr"": 0.0396}]",44.86,bootstrap unit: scaffold
T3,native,scaffold,all,fg_fluoro,F3.lt1700,hgb,auprc,0.1263,0.0378,0.3738,0.0023,,,,5198,4222,1000,20789,inner_cv,"[{""fold"": ""scaffold"", ""src"": ""inner_cv"", ""thr"": 0.0396}]",44.86,bootstrap unit: scaffold
T3,native,scaffold,all,fg_fluoro,F3.lt1700,hgb,bal_acc,0.9144,0.9092,0.9201,0.5,,,,5198,4222,1000,20789,inner_cv,"[{""fold"": ""scaffold"", ""src"": ""inner_cv"", ""thr"": 0.0396}]",44.86,bootstrap unit: scaffold
T3,native,scaffold,all,fg_fluoro,F3.lt1700,knn,auroc,0.588,0.4609,0.7332,0.5,,,,5198,4222,1000,20789,inner_cv,"[{""fold"": ""scaffold"", ""k"": 10, ""src"": ""inner_cv"", ""thr"": 0.0719}]",158.91,bootstrap unit: scaffold
T3,native,scaffold,all,fg_fluoro,F3.lt1700,knn,auprc,0.0056,0.0015,0.0233,0.0023,,,,5198,4222,1000,20789,inner_cv,"[{""fold"": ""scaffold"", ""k"": 10, ""src"": ""inner_cv"", ""thr"": 0.0719}]",158.91,bootstrap unit: scaffold
T3,native,scaffold,all,fg_fluoro,F3.lt1700,knn,bal_acc,0.586,0.4611,0.7298,0.5,,,,5198,4222,1000,20789,inner_cv,"[{""fold"": ""scaffold"", ""k"": 10, ""src"": ""inner_cv"", ""thr"": 0.0719}]",158.91,bootstrap unit: scaffold
T3,native,scaffold,all,fg_aromatic_ring,F1,majority,auroc,0.5,0.5,0.5,0.5,,,,5198,4222,1000,20789,fixed,"[{""fold"": ""scaffold"", ""src"": ""fixed"", ""thr"": 0.5}]",2.04,bootstrap unit: scaffold
T3,native,scaffold,all,fg_aromatic_ring,F1,majority,auprc,0.1801,0.168,0.1921,0.1801,,,,5198,4222,1000,20789,fixed,"[{""fold"": ""scaffold"", ""src"": ""fixed"", ""thr"": 0.5}]",2.04,bootstrap unit: scaffold
T3,native,scaffold,all,fg_aromatic_ring,F1,majority,bal_acc,0.5,0.5,0.5,0.5,,,,5198,4222,1000,20789,fixed,"[{""fold"": ""scaffold"", ""src"": ""fixed"", ""thr"": 0.5}]",2.04,bootstrap unit: scaffold
T3,native,scaffold,all,fg_aromatic_ring,F1,lr,auroc,0.9491,0.9417,0.956,0.5,0.0099,100,0.4994,5198,4222,1000,20789,inner_cv,"[{""fold"": ""scaffold"", ""C"": 0.01, ""src"": ""inner_cv"", ""thr"": 0.5065}]",7.42,bootstrap unit: scaffold
T3,native,scaffold,all,fg_aromatic_ring,F1,lr,auprc,0.8189,0.787,0.8459,0.1801,,,,5198,4222,1000,20789,inner_cv,"[{""fold"": ""scaffold"", ""C"": 0.01, ""src"": ""inner_cv"", ""thr"": 0.5065}]",7.42,bootstrap unit: scaffold
T3,native,scaffold,all,fg_aromatic_ring,F1,lr,bal_acc,0.871,0.8583,0.8846,0.5,,,,5198,4222,1000,20789,inner_cv,"[{""fold"": ""scaffold"", ""C"": 0.01, ""src"": ""inner_cv"", ""thr"": 0.5065}]",7.42,bootstrap unit: scaffold
T3,native,scaffold,all,fg_aromatic_ring,F1,hgb,auroc,0.9589,0.9526,0.965,0.5,,,,5198,4222,1000,20789,inner_cv,"[{""fold"": ""scaffold"", ""src"": ""inner_cv"", ""thr"": 0.5427}]",9.61,bootstrap unit: scaffold
T3,native,scaffold,all,fg_aromatic_ring,F1,hgb,auprc,0.8433,0.8176,0.8677,0.1801,,,,5198,4222,1000,20789,inner_cv,"[{""fold"": ""scaffold"", ""src"": ""inner_cv"", ""thr"": 0.5427}]",9.61,bootstrap unit: scaffold
T3,native,scaffold,all,fg_aromatic_ring,F1,hgb,bal_acc,0.8741,0.8606,0.8889,0.5,,,,5198,4222,1000,20789,inner_cv,"[{""fold"": ""scaffold"", ""src"": ""inner_cv"", ""thr"": 0.5427}]",9.61,bootstrap unit: scaffold
T3,native,scaffold,all,fg_aromatic_ring,F1,knn,auroc,0.8627,0.847,0.8767,0.5,,,,5198,4222,1000,20789,inner_cv,"[{""fold"": ""scaffold"", ""k"": 10, ""src"": ""inner_cv"", ""thr"": 0.2126}]",114.15,bootstrap unit: scaffold
T3,native,scaffold,all,fg_aromatic_ring,F1,knn,auprc,0.6478,0.6119,0.6819,0.1801,,,,5198,4222,1000,20789,inner_cv,"[{""fold"": ""scaffold"", ""k"": 10, ""src"": ""inner_cv"", ""thr"": 0.2126}]",114.15,bootstrap unit: scaffold
T3,native,scaffold,all,fg_aromatic_ring,F1,knn,bal_acc,0.7907,0.7762,0.8062,0.5,,,,5198,4222,1000,20789,inner_cv,"[{""fold"": ""scaffold"", ""k"": 10, ""src"": ""inner_cv"", ""thr"": 0.2126}]",114.15,bootstrap unit: scaffold
T3,native,scaffold,all,fg_aromatic_ring,F1pos,majority,auroc,0.5,0.5,0.5,0.5,,,,5198,4222,1000,20789,fixed,"[{""fold"": ""scaffold"", ""src"": ""fixed"", ""thr"": 0.5}]",1.79,bootstrap unit: scaffold
T3,native,scaffold,all,fg_aromatic_ring,F1pos,majority,auprc,0.1801,0.168,0.1921,0.1801,,,,5198,4222,1000,20789,fixed,"[{""fold"": ""scaffold"", ""src"": ""fixed"", ""thr"": 0.5}]",1.79,bootstrap unit: scaffold
T3,native,scaffold,all,fg_aromatic_ring,F1pos,majority,bal_acc,0.5,0.5,0.5,0.5,,,,5198,4222,1000,20789,fixed,"[{""fold"": ""scaffold"", ""src"": ""fixed"", ""thr"": 0.5}]",1.79,bootstrap unit: scaffold
T3,native,scaffold,all,fg_aromatic_ring,F1pos,lr,auroc,0.9619,0.9554,0.9676,0.5,,,,5198,4222,1000,20789,inner_cv,"[{""fold"": ""scaffold"", ""C"": 0.01, ""src"": ""inner_cv"", ""thr"": 0.4297}]",5.0,bootstrap unit: scaffold
T3,native,scaffold,all,fg_aromatic_ring,F1pos,lr,auprc,0.8462,0.8206,0.8707,0.1801,,,,5198,4222,1000,20789,inner_cv,"[{""fold"": ""scaffold"", ""C"": 0.01, ""src"": ""inner_cv"", ""thr"": 0.4297}]",5.0,bootstrap unit: scaffold
T3,native,scaffold,all,fg_aromatic_ring,F1pos,lr,bal_acc,0.89,0.8773,0.9034,0.5,,,,5198,4222,1000,20789,inner_cv,"[{""fold"": ""scaffold"", ""C"": 0.01, ""src"": ""inner_cv"", ""thr"": 0.4297}]",5.0,bootstrap unit: scaffold
T3,native,scaffold,all,fg_aromatic_ring,F1pos,hgb,auroc,0.9537,0.9467,0.9604,0.5,,,,5198,4222,1000,20789,inner_cv,"[{""fold"": ""scaffold"", ""src"": ""inner_cv"", ""thr"": 0.508}]",5.89,bootstrap unit: scaffold
T3,native,scaffold,all,fg_aromatic_ring,F1pos,hgb,auprc,0.8114,0.7801,0.8411,0.1801,,,,5198,4222,1000,20789,inner_cv,"[{""fold"": ""scaffold"", ""src"": ""inner_cv"", ""thr"": 0.508}]",5.89,bootstrap unit: scaffold
T3,native,scaffold,all,fg_aromatic_ring,F1pos,hgb,bal_acc,0.8784,0.8649,0.8922,0.5,,,,5198,4222,1000,20789,inner_cv,"[{""fold"": ""scaffold"", ""src"": ""inner_cv"", ""thr"": 0.508}]",5.89,bootstrap unit: scaffold
T3,native,scaffold,all,fg_aromatic_ring,F1pos,knn,auroc,0.8101,0.7943,0.8257,0.5,,,,5198,4222,1000,20789,inner_cv,"[{""fold"": ""scaffold"", ""k"": 10, ""src"": ""inner_cv"", ""thr"": 0.1058}]",92.9,bootstrap unit: scaffold
T3,native,scaffold,all,fg_aromatic_ring,F1pos,knn,auprc,0.5436,0.5041,0.5834,0.1801,,,,5198,4222,1000,20789,inner_cv,"[{""fold"": ""scaffold"", ""k"": 10, ""src"": ""inner_cv"", ""thr"": 0.1058}]",92.9,bootstrap unit: scaffold
T3,native,scaffold,all,fg_aromatic_ring,F1pos,knn,bal_acc,0.7406,0.7237,0.7575,0.5,,,,5198,4222,1000,20789,inner_cv,"[{""fold"": ""scaffold"", ""k"": 10, ""src"": ""inner_cv"", ""thr"": 0.1058}]",92.9,bootstrap unit: scaffold
T3,native,scaffold,all,fg_aromatic_ring,F2,majority,auroc,0.5,0.5,0.5,0.5,,,,5198,4222,1000,20789,fixed,"[{""fold"": ""scaffold"", ""src"": ""fixed"", ""thr"": 0.5}]",1.69,bootstrap unit: scaffold
T3,native,scaffold,all,fg_aromatic_ring,F2,majority,auprc,0.1801,0.168,0.1921,0.1801,,,,5198,4222,1000,20789,fixed,"[{""fold"": ""scaffold"", ""src"": ""fixed"", ""thr"": 0.5}]",1.69,bootstrap unit: scaffold
T3,native,scaffold,all,fg_aromatic_ring,F2,majority,bal_acc,0.5,0.5,0.5,0.5,,,,5198,4222,1000,20789,fixed,"[{""fold"": ""scaffold"", ""src"": ""fixed"", ""thr"": 0.5}]",1.69,bootstrap unit: scaffold
T3,native,scaffold,all,fg_aromatic_ring,F2,lr,auroc,0.9492,0.9417,0.9557,0.5,,,,5198,4222,1000,20789,inner_cv,"[{""fold"": ""scaffold"", ""C"": 0.01, ""src"": ""inner_cv"", ""thr"": 0.4897}]",91.19,bootstrap unit: scaffold
T3,native,scaffold,all,fg_aromatic_ring,F2,lr,auprc,0.8201,0.789,0.8455,0.1801,,,,5198,4222,1000,20789,inner_cv,"[{""fold"": ""scaffold"", ""C"": 0.01, ""src"": ""inner_cv"", ""thr"": 0.4897}]",91.19,bootstrap unit: scaffold
T3,native,scaffold,all,fg_aromatic_ring,F2,lr,bal_acc,0.8701,0.8567,0.8832,0.5,,,,5198,4222,1000,20789,inner_cv,"[{""fold"": ""scaffold"", ""C"": 0.01, ""src"": ""inner_cv"", ""thr"": 0.4897}]",91.19,bootstrap unit: scaffold
T3,native,scaffold,all,fg_aromatic_ring,F2,hgb,auroc,0.9688,0.9633,0.9741,0.5,,,,5198,4222,1000,20789,inner_cv,"[{""fold"": ""scaffold"", ""src"": ""inner_cv"", ""thr"": 0.4302}]",41.08,bootstrap unit: scaffold
T3,native,scaffold,all,fg_aromatic_ring,F2,hgb,auprc,0.8922,0.8722,0.9103,0.1801,,,,5198,4222,1000,20789,inner_cv,"[{""fold"": ""scaffold"", ""src"": ""inner_cv"", ""thr"": 0.4302}]",41.08,bootstrap unit: scaffold
T3,native,scaffold,all,fg_aromatic_ring,F2,hgb,bal_acc,0.8887,0.876,0.9022,0.5,,,,5198,4222,1000,20789,inner_cv,"[{""fold"": ""scaffold"", ""src"": ""inner_cv"", ""thr"": 0.4302}]",41.08,bootstrap unit: scaffold
T3,native,scaffold,all,fg_aromatic_ring,F2,knn,auroc,0.8937,0.8795,0.9069,0.5,,,,5198,4222,1000,20789,inner_cv,"[{""fold"": ""scaffold"", ""k"": 10, ""src"": ""inner_cv"", ""thr"": 0.1043}]",158.22,bootstrap unit: scaffold
T3,native,scaffold,all,fg_aromatic_ring,F2,knn,auprc,0.7347,0.7012,0.7667,0.1801,,,,5198,4222,1000,20789,inner_cv,"[{""fold"": ""scaffold"", ""k"": 10, ""src"": ""inner_cv"", ""thr"": 0.1043}]",158.22,bootstrap unit: scaffold
T3,native,scaffold,all,fg_aromatic_ring,F2,knn,bal_acc,0.8329,0.8177,0.8472,0.5,,,,5198,4222,1000,20789,inner_cv,"[{""fold"": ""scaffold"", ""k"": 10, ""src"": ""inner_cv"", ""thr"": 0.1043}]",158.22,bootstrap unit: scaffold
T3,native,scaffold,all,fg_aromatic_ring,F3,majority,auroc,0.5,0.5,0.5,0.5,,,,5198,4222,1000,20789,fixed,"[{""fold"": ""scaffold"", ""src"": ""fixed"", ""thr"": 0.5}]",2.24,bootstrap unit: scaffold
T3,native,scaffold,all,fg_aromatic_ring,F3,majority,auprc,0.1801,0.168,0.1921,0.1801,,,,5198,4222,1000,20789,fixed,"[{""fold"": ""scaffold"", ""src"": ""fixed"", ""thr"": 0.5}]",2.24,bootstrap unit: scaffold
T3,native,scaffold,all,fg_aromatic_ring,F3,majority,bal_acc,0.5,0.5,0.5,0.5,,,,5198,4222,1000,20789,fixed,"[{""fold"": ""scaffold"", ""src"": ""fixed"", ""thr"": 0.5}]",2.24,bootstrap unit: scaffold
T3,native,scaffold,all,fg_aromatic_ring,F3,lr,auroc,0.9541,0.9468,0.9607,0.5,,,,5198,4222,1000,20789,inner_cv,"[{""fold"": ""scaffold"", ""C"": 0.01, ""src"": ""inner_cv"", ""thr"": 0.4779}]",87.34,bootstrap unit: scaffold
T3,native,scaffold,all,fg_aromatic_ring,F3,lr,auprc,0.8409,0.8135,0.8652,0.1801,,,,5198,4222,1000,20789,inner_cv,"[{""fold"": ""scaffold"", ""C"": 0.01, ""src"": ""inner_cv"", ""thr"": 0.4779}]",87.34,bootstrap unit: scaffold
T3,native,scaffold,all,fg_aromatic_ring,F3,lr,bal_acc,0.8803,0.8671,0.8932,0.5,,,,5198,4222,1000,20789,inner_cv,"[{""fold"": ""scaffold"", ""C"": 0.01, ""src"": ""inner_cv"", ""thr"": 0.4779}]",87.34,bootstrap unit: scaffold
T3,native,scaffold,all,fg_aromatic_ring,F3,hgb,auroc,0.981,0.9766,0.9853,0.5,0.0099,100,0.501,5198,4222,1000,20789,inner_cv,"[{""fold"": ""scaffold"", ""src"": ""inner_cv"", ""thr"": 0.4073}]",36.15,bootstrap unit: scaffold
T3,native,scaffold,all,fg_aromatic_ring,F3,hgb,auprc,0.9346,0.9201,0.9489,0.1801,,,,5198,4222,1000,20789,inner_cv,"[{""fold"": ""scaffold"", ""src"": ""inner_cv"", ""thr"": 0.4073}]",36.15,bootstrap unit: scaffold
T3,native,scaffold,all,fg_aromatic_ring,F3,hgb,bal_acc,0.9272,0.916,0.9387,0.5,,,,5198,4222,1000,20789,inner_cv,"[{""fold"": ""scaffold"", ""src"": ""inner_cv"", ""thr"": 0.4073}]",36.15,bootstrap unit: scaffold
T3,native,scaffold,all,fg_aromatic_ring,F3,knn,auroc,0.9,0.887,0.9127,0.5,,,,5198,4222,1000,20789,inner_cv,"[{""fold"": ""scaffold"", ""k"": 10, ""src"": ""inner_cv"", ""thr"": 0.1111}]",182.42,bootstrap unit: scaffold
T3,native,scaffold,all,fg_aromatic_ring,F3,knn,auprc,0.7513,0.7191,0.7808,0.1801,,,,5198,4222,1000,20789,inner_cv,"[{""fold"": ""scaffold"", ""k"": 10, ""src"": ""inner_cv"", ""thr"": 0.1111}]",182.42,bootstrap unit: scaffold
T3,native,scaffold,all,fg_aromatic_ring,F3,knn,bal_acc,0.8392,0.8255,0.8535,0.5,,,,5198,4222,1000,20789,inner_cv,"[{""fold"": ""scaffold"", ""k"": 10, ""src"": ""inner_cv"", ""thr"": 0.1111}]",182.42,bootstrap unit: scaffold
T3,native,scaffold,all,fg_aromatic_ring,F1.sqrt,majority,auroc,0.5,0.5,0.5,0.5,,,,5198,4222,1000,20789,fixed,"[{""fold"": ""scaffold"", ""src"": ""fixed"", ""thr"": 0.5}]",1.54,bootstrap unit: scaffold
T3,native,scaffold,all,fg_aromatic_ring,F1.sqrt,majority,auprc,0.1801,0.168,0.1921,0.1801,,,,5198,4222,1000,20789,fixed,"[{""fold"": ""scaffold"", ""src"": ""fixed"", ""thr"": 0.5}]",1.54,bootstrap unit: scaffold
T3,native,scaffold,all,fg_aromatic_ring,F1.sqrt,majority,bal_acc,0.5,0.5,0.5,0.5,,,,5198,4222,1000,20789,fixed,"[{""fold"": ""scaffold"", ""src"": ""fixed"", ""thr"": 0.5}]",1.54,bootstrap unit: scaffold
T3,native,scaffold,all,fg_aromatic_ring,F1.sqrt,lr,auroc,0.9598,0.9532,0.9655,0.5,,,,5198,4222,1000,20789,inner_cv,"[{""fold"": ""scaffold"", ""C"": 0.01, ""src"": ""inner_cv"", ""thr"": 0.4457}]",4.04,bootstrap unit: scaffold
T3,native,scaffold,all,fg_aromatic_ring,F1.sqrt,lr,auprc,0.8478,0.8196,0.8721,0.1801,,,,5198,4222,1000,20789,inner_cv,"[{""fold"": ""scaffold"", ""C"": 0.01, ""src"": ""inner_cv"", ""thr"": 0.4457}]",4.04,bootstrap unit: scaffold
T3,native,scaffold,all,fg_aromatic_ring,F1.sqrt,lr,bal_acc,0.8849,0.8716,0.8974,0.5,,,,5198,4222,1000,20789,inner_cv,"[{""fold"": ""scaffold"", ""C"": 0.01, ""src"": ""inner_cv"", ""thr"": 0.4457}]",4.04,bootstrap unit: scaffold
T3,native,scaffold,all,fg_aromatic_ring,F1.sqrt,hgb,auroc,0.9589,0.9526,0.965,0.5,,,,5198,4222,1000,20789,inner_cv,"[{""fold"": ""scaffold"", ""src"": ""inner_cv"", ""thr"": 0.5427}]",4.82,bootstrap unit: scaffold
T3,native,scaffold,all,fg_aromatic_ring,F1.sqrt,hgb,auprc,0.8433,0.8176,0.8677,0.1801,,,,5198,4222,1000,20789,inner_cv,"[{""fold"": ""scaffold"", ""src"": ""inner_cv"", ""thr"": 0.5427}]",4.82,bootstrap unit: scaffold
T3,native,scaffold,all,fg_aromatic_ring,F1.sqrt,hgb,bal_acc,0.8741,0.8606,0.8889,0.5,,,,5198,4222,1000,20789,inner_cv,"[{""fold"": ""scaffold"", ""src"": ""inner_cv"", ""thr"": 0.5427}]",4.82,bootstrap unit: scaffold
T3,native,scaffold,all,fg_aromatic_ring,F1.sqrt,knn,auroc,0.9079,0.8962,0.9194,0.5,,,,5198,4222,1000,20789,inner_cv,"[{""fold"": ""scaffold"", ""k"": 10, ""src"": ""inner_cv"", ""thr"": 0.2053}]",104.33,bootstrap unit: scaffold
T3,native,scaffold,all,fg_aromatic_ring,F1.sqrt,knn,auprc,0.7384,0.7054,0.769,0.1801,,,,5198,4222,1000,20789,inner_cv,"[{""fold"": ""scaffold"", ""k"": 10, ""src"": ""inner_cv"", ""thr"": 0.2053}]",104.33,bootstrap unit: scaffold
T3,native,scaffold,all,fg_aromatic_ring,F1.sqrt,knn,bal_acc,0.8347,0.8208,0.8495,0.5,,,,5198,4222,1000,20789,inner_cv,"[{""fold"": ""scaffold"", ""k"": 10, ""src"": ""inner_cv"", ""thr"": 0.2053}]",104.33,bootstrap unit: scaffold
T3,native,scaffold,all,fg_aromatic_ring,F2.lt1700,majority,auroc,0.5,0.5,0.5,0.5,,,,5198,4222,1000,20789,fixed,"[{""fold"": ""scaffold"", ""src"": ""fixed"", ""thr"": 0.5}]",1.42,bootstrap unit: scaffold
T3,native,scaffold,all,fg_aromatic_ring,F2.lt1700,majority,auprc,0.1801,0.168,0.1921,0.1801,,,,5198,4222,1000,20789,fixed,"[{""fold"": ""scaffold"", ""src"": ""fixed"", ""thr"": 0.5}]",1.42,bootstrap unit: scaffold
T3,native,scaffold,all,fg_aromatic_ring,F2.lt1700,majority,bal_acc,0.5,0.5,0.5,0.5,,,,5198,4222,1000,20789,fixed,"[{""fold"": ""scaffold"", ""src"": ""fixed"", ""thr"": 0.5}]",1.42,bootstrap unit: scaffold
T3,native,scaffold,all,fg_aromatic_ring,F2.lt1700,lr,auroc,0.9474,0.9398,0.9539,0.5,,,,5198,4222,1000,20789,inner_cv,"[{""fold"": ""scaffold"", ""C"": 0.01, ""src"": ""inner_cv"", ""thr"": 0.4963}]",75.43,bootstrap unit: scaffold
T3,native,scaffold,all,fg_aromatic_ring,F2.lt1700,lr,auprc,0.8138,0.7837,0.8402,0.1801,,,,5198,4222,1000,20789,inner_cv,"[{""fold"": ""scaffold"", ""C"": 0.01, ""src"": ""inner_cv"", ""thr"": 0.4963}]",75.43,bootstrap unit: scaffold
T3,native,scaffold,all,fg_aromatic_ring,F2.lt1700,lr,bal_acc,0.8726,0.859,0.8853,0.5,,,,5198,4222,1000,20789,inner_cv,"[{""fold"": ""scaffold"", ""C"": 0.01, ""src"": ""inner_cv"", ""thr"": 0.4963}]",75.43,bootstrap unit: scaffold
T3,native,scaffold,all,fg_aromatic_ring,F2.lt1700,hgb,auroc,0.9695,0.9642,0.9748,0.5,,,,5198,4222,1000,20789,inner_cv,"[{""fold"": ""scaffold"", ""src"": ""inner_cv"", ""thr"": 0.4258}]",46.7,bootstrap unit: scaffold
T3,native,scaffold,all,fg_aromatic_ring,F2.lt1700,hgb,auprc,0.8954,0.876,0.9134,0.1801,,,,5198,4222,1000,20789,inner_cv,"[{""fold"": ""scaffold"", ""src"": ""inner_cv"", ""thr"": 0.4258}]",46.7,bootstrap unit: scaffold
T3,native,scaffold,all,fg_aromatic_ring,F2.lt1700,hgb,bal_acc,0.8894,0.8764,0.9025,0.5,,,,5198,4222,1000,20789,inner_cv,"[{""fold"": ""scaffold"", ""src"": ""inner_cv"", ""thr"": 0.4258}]",46.7,bootstrap unit: scaffold
T3,native,scaffold,all,fg_aromatic_ring,F2.lt1700,knn,auroc,0.898,0.8848,0.9104,0.5,,,,5198,4222,1000,20789,inner_cv,"[{""fold"": ""scaffold"", ""k"": 10, ""src"": ""inner_cv"", ""thr"": 0.1201}]",184.57,bootstrap unit: scaffold
T3,native,scaffold,all,fg_aromatic_ring,F2.lt1700,knn,auprc,0.7367,0.7014,0.7667,0.1801,,,,5198,4222,1000,20789,inner_cv,"[{""fold"": ""scaffold"", ""k"": 10, ""src"": ""inner_cv"", ""thr"": 0.1201}]",184.57,bootstrap unit: scaffold
T3,native,scaffold,all,fg_aromatic_ring,F2.lt1700,knn,bal_acc,0.8418,0.8268,0.8564,0.5,,,,5198,4222,1000,20789,inner_cv,"[{""fold"": ""scaffold"", ""k"": 10, ""src"": ""inner_cv"", ""thr"": 0.1201}]",184.57,bootstrap unit: scaffold
T3,native,scaffold,all,fg_aromatic_ring,F3.lt1700,majority,auroc,0.5,0.5,0.5,0.5,,,,5198,4222,1000,20789,fixed,"[{""fold"": ""scaffold"", ""src"": ""fixed"", ""thr"": 0.5}]",2.89,bootstrap unit: scaffold
T3,native,scaffold,all,fg_aromatic_ring,F3.lt1700,majority,auprc,0.1801,0.168,0.1921,0.1801,,,,5198,4222,1000,20789,fixed,"[{""fold"": ""scaffold"", ""src"": ""fixed"", ""thr"": 0.5}]",2.89,bootstrap unit: scaffold
T3,native,scaffold,all,fg_aromatic_ring,F3.lt1700,majority,bal_acc,0.5,0.5,0.5,0.5,,,,5198,4222,1000,20789,fixed,"[{""fold"": ""scaffold"", ""src"": ""fixed"", ""thr"": 0.5}]",2.89,bootstrap unit: scaffold
T3,native,scaffold,all,fg_aromatic_ring,F3.lt1700,lr,auroc,0.9527,0.9453,0.9593,0.5,,,,5198,4222,1000,20789,inner_cv,"[{""fold"": ""scaffold"", ""C"": 0.01, ""src"": ""inner_cv"", ""thr"": 0.4913}]",71.58,bootstrap unit: scaffold
T3,native,scaffold,all,fg_aromatic_ring,F3.lt1700,lr,auprc,0.8354,0.8072,0.8598,0.1801,,,,5198,4222,1000,20789,inner_cv,"[{""fold"": ""scaffold"", ""C"": 0.01, ""src"": ""inner_cv"", ""thr"": 0.4913}]",71.58,bootstrap unit: scaffold
T3,native,scaffold,all,fg_aromatic_ring,F3.lt1700,lr,bal_acc,0.8792,0.8666,0.892,0.5,,,,5198,4222,1000,20789,inner_cv,"[{""fold"": ""scaffold"", ""C"": 0.01, ""src"": ""inner_cv"", ""thr"": 0.4913}]",71.58,bootstrap unit: scaffold
T3,native,scaffold,all,fg_aromatic_ring,F3.lt1700,hgb,auroc,0.9801,0.9757,0.9843,0.5,,,,5198,4222,1000,20789,inner_cv,"[{""fold"": ""scaffold"", ""src"": ""inner_cv"", ""thr"": 0.4824}]",38.06,bootstrap unit: scaffold
T3,native,scaffold,all,fg_aromatic_ring,F3.lt1700,hgb,auprc,0.9311,0.9163,0.9448,0.1801,,,,5198,4222,1000,20789,inner_cv,"[{""fold"": ""scaffold"", ""src"": ""inner_cv"", ""thr"": 0.4824}]",38.06,bootstrap unit: scaffold
T3,native,scaffold,all,fg_aromatic_ring,F3.lt1700,hgb,bal_acc,0.9183,0.9058,0.9304,0.5,,,,5198,4222,1000,20789,inner_cv,"[{""fold"": ""scaffold"", ""src"": ""inner_cv"", ""thr"": 0.4824}]",38.06,bootstrap unit: scaffold
T3,native,scaffold,all,fg_aromatic_ring,F3.lt1700,knn,auroc,0.9044,0.8916,0.9171,0.5,,,,5198,4222,1000,20789,inner_cv,"[{""fold"": ""scaffold"", ""k"": 10, ""src"": ""inner_cv"", ""thr"": 0.1043}]",169.89,bootstrap unit: scaffold
T3,native,scaffold,all,fg_aromatic_ring,F3.lt1700,knn,auprc,0.7493,0.7134,0.7825,0.1801,,,,5198,4222,1000,20789,inner_cv,"[{""fold"": ""scaffold"", ""k"": 10, ""src"": ""inner_cv"", ""thr"": 0.1043}]",169.89,bootstrap unit: scaffold
T3,native,scaffold,all,fg_aromatic_ring,F3.lt1700,knn,bal_acc,0.8466,0.8328,0.8602,0.5,,,,5198,4222,1000,20789,inner_cv,"[{""fold"": ""scaffold"", ""k"": 10, ""src"": ""inner_cv"", ""thr"": 0.1043}]",169.89,bootstrap unit: scaffold
T3,native,scaffold,all,fg_pyrrole_ring,F1,majority,auroc,0.5,0.5,0.5,0.5,,,,5198,4222,1000,20789,fixed,"[{""fold"": ""scaffold"", ""src"": ""fixed"", ""thr"": 0.5}]",0.97,bootstrap unit: scaffold
T3,native,scaffold,all,fg_pyrrole_ring,F1,majority,auprc,0.0156,0.012,0.0194,0.0156,,,,5198,4222,1000,20789,fixed,"[{""fold"": ""scaffold"", ""src"": ""fixed"", ""thr"": 0.5}]",0.97,bootstrap unit: scaffold
T3,native,scaffold,all,fg_pyrrole_ring,F1,majority,bal_acc,0.5,0.5,0.5,0.5,,,,5198,4222,1000,20789,fixed,"[{""fold"": ""scaffold"", ""src"": ""fixed"", ""thr"": 0.5}]",0.97,bootstrap unit: scaffold
T3,native,scaffold,all,fg_pyrrole_ring,F1,lr,auroc,0.9416,0.9191,0.9584,0.5,0.0099,100,0.5043,5198,4222,1000,20789,inner_cv,"[{""fold"": ""scaffold"", ""C"": 0.01, ""src"": ""inner_cv"", ""thr"": 0.3343}]",3.44,bootstrap unit: scaffold
T3,native,scaffold,all,fg_pyrrole_ring,F1,lr,auprc,0.1868,0.127,0.2772,0.0156,,,,5198,4222,1000,20789,inner_cv,"[{""fold"": ""scaffold"", ""C"": 0.01, ""src"": ""inner_cv"", ""thr"": 0.3343}]",3.44,bootstrap unit: scaffold
T3,native,scaffold,all,fg_pyrrole_ring,F1,lr,bal_acc,0.8825,0.8452,0.9145,0.5,,,,5198,4222,1000,20789,inner_cv,"[{""fold"": ""scaffold"", ""C"": 0.01, ""src"": ""inner_cv"", ""thr"": 0.3343}]",3.44,bootstrap unit: scaffold
T3,native,scaffold,all,fg_pyrrole_ring,F1,hgb,auroc,0.9407,0.9168,0.9591,0.5,,,,5198,4222,1000,20789,inner_cv,"[{""fold"": ""scaffold"", ""src"": ""inner_cv"", ""thr"": 0.128}]",4.63,bootstrap unit: scaffold
T3,native,scaffold,all,fg_pyrrole_ring,F1,hgb,auprc,0.2095,0.1432,0.304,0.0156,,,,5198,4222,1000,20789,inner_cv,"[{""fold"": ""scaffold"", ""src"": ""inner_cv"", ""thr"": 0.128}]",4.63,bootstrap unit: scaffold
T3,native,scaffold,all,fg_pyrrole_ring,F1,hgb,bal_acc,0.865,0.8195,0.9049,0.5,,,,5198,4222,1000,20789,inner_cv,"[{""fold"": ""scaffold"", ""src"": ""inner_cv"", ""thr"": 0.128}]",4.63,bootstrap unit: scaffold
T3,native,scaffold,all,fg_pyrrole_ring,F1,knn,auroc,0.836,0.7696,0.8956,0.5,,,,5198,4222,1000,20789,inner_cv,"[{""fold"": ""scaffold"", ""k"": 10, ""src"": ""inner_cv"", ""thr"": 0.0682}]",114.21,bootstrap unit: scaffold
T3,native,scaffold,all,fg_pyrrole_ring,F1,knn,auprc,0.1556,0.0928,0.254,0.0156,,,,5198,4222,1000,20789,inner_cv,"[{""fold"": ""scaffold"", ""k"": 10, ""src"": ""inner_cv"", ""thr"": 0.0682}]",114.21,bootstrap unit: scaffold
T3,native,scaffold,all,fg_pyrrole_ring,F1,knn,bal_acc,0.8154,0.7535,0.8716,0.5,,,,5198,4222,1000,20789,inner_cv,"[{""fold"": ""scaffold"", ""k"": 10, ""src"": ""inner_cv"", ""thr"": 0.0682}]",114.21,bootstrap unit: scaffold
T3,native,scaffold,all,fg_pyrrole_ring,F1pos,majority,auroc,0.5,0.5,0.5,0.5,,,,5198,4222,1000,20789,fixed,"[{""fold"": ""scaffold"", ""src"": ""fixed"", ""thr"": 0.5}]",2.63,bootstrap unit: scaffold
T3,native,scaffold,all,fg_pyrrole_ring,F1pos,majority,auprc,0.0156,0.012,0.0194,0.0156,,,,5198,4222,1000,20789,fixed,"[{""fold"": ""scaffold"", ""src"": ""fixed"", ""thr"": 0.5}]",2.63,bootstrap unit: scaffold
T3,native,scaffold,all,fg_pyrrole_ring,F1pos,majority,bal_acc,0.5,0.5,0.5,0.5,,,,5198,4222,1000,20789,fixed,"[{""fold"": ""scaffold"", ""src"": ""fixed"", ""thr"": 0.5}]",2.63,bootstrap unit: scaffold
T3,native,scaffold,all,fg_pyrrole_ring,F1pos,lr,auroc,0.9382,0.9221,0.9516,0.5,,,,5198,4222,1000,20789,inner_cv,"[{""fold"": ""scaffold"", ""C"": 0.01, ""src"": ""inner_cv"", ""thr"": 0.4019}]",2.71,bootstrap unit: scaffold
T3,native,scaffold,all,fg_pyrrole_ring,F1pos,lr,auprc,0.1947,0.1193,0.3005,0.0156,,,,5198,4222,1000,20789,inner_cv,"[{""fold"": ""scaffold"", ""C"": 0.01, ""src"": ""inner_cv"", ""thr"": 0.4019}]",2.71,bootstrap unit: scaffold
T3,native,scaffold,all,fg_pyrrole_ring,F1pos,lr,bal_acc,0.8736,0.8287,0.9076,0.5,,,,5198,4222,1000,20789,inner_cv,"[{""fold"": ""scaffold"", ""C"": 0.01, ""src"": ""inner_cv"", ""thr"": 0.4019}]",2.71,bootstrap unit: scaffold
T3,native,scaffold,all,fg_pyrrole_ring,F1pos,hgb,auroc,0.938,0.9226,0.9509,0.5,,,,5198,4222,1000,20789,inner_cv,"[{""fold"": ""scaffold"", ""src"": ""inner_cv"", ""thr"": 0.2188}]",4.76,bootstrap unit: scaffold
T3,native,scaffold,all,fg_pyrrole_ring,F1pos,hgb,auprc,0.1683,0.1075,0.2702,0.0156,,,,5198,4222,1000,20789,inner_cv,"[{""fold"": ""scaffold"", ""src"": ""inner_cv"", ""thr"": 0.2188}]",4.76,bootstrap unit: scaffold
T3,native,scaffold,all,fg_pyrrole_ring,F1pos,hgb,bal_acc,0.8838,0.8515,0.91,0.5,,,,5198,4222,1000,20789,inner_cv,"[{""fold"": ""scaffold"", ""src"": ""inner_cv"", ""thr"": 0.2188}]",4.76,bootstrap unit: scaffold
T3,native,scaffold,all,fg_pyrrole_ring,F1pos,knn,auroc,0.6392,0.5814,0.6946,0.5,,,,5198,4222,1000,20789,inner_cv,"[{""fold"": ""scaffold"", ""k"": 10, ""src"": ""inner_cv"", ""thr"": 0.0918}]",108.82,bootstrap unit: scaffold
T3,native,scaffold,all,fg_pyrrole_ring,F1pos,knn,auprc,0.046,0.0254,0.0875,0.0156,,,,5198,4222,1000,20789,inner_cv,"[{""fold"": ""scaffold"", ""k"": 10, ""src"": ""inner_cv"", ""thr"": 0.0918}]",108.82,bootstrap unit: scaffold
T3,native,scaffold,all,fg_pyrrole_ring,F1pos,knn,bal_acc,0.6379,0.5808,0.6912,0.5,,,,5198,4222,1000,20789,inner_cv,"[{""fold"": ""scaffold"", ""k"": 10, ""src"": ""inner_cv"", ""thr"": 0.0918}]",108.82,bootstrap unit: scaffold
T3,native,scaffold,all,fg_pyrrole_ring,F2,majority,auroc,0.5,0.5,0.5,0.5,,,,5198,4222,1000,20789,fixed,"[{""fold"": ""scaffold"", ""src"": ""fixed"", ""thr"": 0.5}]",6.31,bootstrap unit: scaffold
T3,native,scaffold,all,fg_pyrrole_ring,F2,majority,auprc,0.0156,0.012,0.0194,0.0156,,,,5198,4222,1000,20789,fixed,"[{""fold"": ""scaffold"", ""src"": ""fixed"", ""thr"": 0.5}]",6.31,bootstrap unit: scaffold
T3,native,scaffold,all,fg_pyrrole_ring,F2,majority,bal_acc,0.5,0.5,0.5,0.5,,,,5198,4222,1000,20789,fixed,"[{""fold"": ""scaffold"", ""src"": ""fixed"", ""thr"": 0.5}]",6.31,bootstrap unit: scaffold
T3,native,scaffold,all,fg_pyrrole_ring,F2,lr,auroc,0.927,0.9023,0.9469,0.5,,,,5198,4222,1000,20789,inner_cv,"[{""fold"": ""scaffold"", ""C"": 0.01, ""src"": ""inner_cv"", ""thr"": 0.2728}]",123.41,bootstrap unit: scaffold
T3,native,scaffold,all,fg_pyrrole_ring,F2,lr,auprc,0.1483,0.1004,0.2232,0.0156,,,,5198,4222,1000,20789,inner_cv,"[{""fold"": ""scaffold"", ""C"": 0.01, ""src"": ""inner_cv"", ""thr"": 0.2728}]",123.41,bootstrap unit: scaffold
T3,native,scaffold,all,fg_pyrrole_ring,F2,lr,bal_acc,0.847,0.7989,0.8913,0.5,,,,5198,4222,1000,20789,inner_cv,"[{""fold"": ""scaffold"", ""C"": 0.01, ""src"": ""inner_cv"", ""thr"": 0.2728}]",123.41,bootstrap unit: scaffold
T3,native,scaffold,all,fg_pyrrole_ring,F2,hgb,auroc,0.9568,0.9443,0.9687,0.5,,,,5198,4222,1000,20789,inner_cv,"[{""fold"": ""scaffold"", ""src"": ""inner_cv"", ""thr"": 0.0281}]",60.79,bootstrap unit: scaffold
T3,native,scaffold,all,fg_pyrrole_ring,F2,hgb,auprc,0.2225,0.1535,0.329,0.0156,,,,5198,4222,1000,20789,inner_cv,"[{""fold"": ""scaffold"", ""src"": ""inner_cv"", ""thr"": 0.0281}]",60.79,bootstrap unit: scaffold
T3,native,scaffold,all,fg_pyrrole_ring,F2,hgb,bal_acc,0.9089,0.8753,0.9361,0.5,,,,5198,4222,1000,20789,inner_cv,"[{""fold"": ""scaffold"", ""src"": ""inner_cv"", ""thr"": 0.0281}]",60.79,bootstrap unit: scaffold
T3,native,scaffold,all,fg_pyrrole_ring,F2,knn,auroc,0.8123,0.7516,0.8681,0.5,,,,5198,4222,1000,20789,inner_cv,"[{""fold"": ""scaffold"", ""k"": 10, ""src"": ""inner_cv"", ""thr"": 0.0665}]",167.88,bootstrap unit: scaffold
T3,native,scaffold,all,fg_pyrrole_ring,F2,knn,auprc,0.1684,0.0978,0.2692,0.0156,,,,5198,4222,1000,20789,inner_cv,"[{""fold"": ""scaffold"", ""k"": 10, ""src"": ""inner_cv"", ""thr"": 0.0665}]",167.88,bootstrap unit: scaffold
T3,native,scaffold,all,fg_pyrrole_ring,F2,knn,bal_acc,0.8028,0.7428,0.8579,0.5,,,,5198,4222,1000,20789,inner_cv,"[{""fold"": ""scaffold"", ""k"": 10, ""src"": ""inner_cv"", ""thr"": 0.0665}]",167.88,bootstrap unit: scaffold
T3,native,scaffold,all,fg_pyrrole_ring,F3,majority,auroc,0.5,0.5,0.5,0.5,,,,5198,4222,1000,20789,fixed,"[{""fold"": ""scaffold"", ""src"": ""fixed"", ""thr"": 0.5}]",0.93,bootstrap unit: scaffold
T3,native,scaffold,all,fg_pyrrole_ring,F3,majority,auprc,0.0156,0.012,0.0194,0.0156,,,,5198,4222,1000,20789,fixed,"[{""fold"": ""scaffold"", ""src"": ""fixed"", ""thr"": 0.5}]",0.93,bootstrap unit: scaffold
T3,native,scaffold,all,fg_pyrrole_ring,F3,majority,bal_acc,0.5,0.5,0.5,0.5,,,,5198,4222,1000,20789,fixed,"[{""fold"": ""scaffold"", ""src"": ""fixed"", ""thr"": 0.5}]",0.93,bootstrap unit: scaffold
T3,native,scaffold,all,fg_pyrrole_ring,F3,lr,auroc,0.9319,0.9058,0.9518,0.5,,,,5198,4222,1000,20789,inner_cv,"[{""fold"": ""scaffold"", ""C"": 0.01, ""src"": ""inner_cv"", ""thr"": 0.2641}]",101.93,bootstrap unit: scaffold
T3,native,scaffold,all,fg_pyrrole_ring,F3,lr,auprc,0.1477,0.1065,0.217,0.0156,,,,5198,4222,1000,20789,inner_cv,"[{""fold"": ""scaffold"", ""C"": 0.01, ""src"": ""inner_cv"", ""thr"": 0.2641}]",101.93,bootstrap unit: scaffold
T3,native,scaffold,all,fg_pyrrole_ring,F3,lr,bal_acc,0.8659,0.8202,0.9072,0.5,,,,5198,4222,1000,20789,inner_cv,"[{""fold"": ""scaffold"", ""C"": 0.01, ""src"": ""inner_cv"", ""thr"": 0.2641}]",101.93,bootstrap unit: scaffold
T3,native,scaffold,all,fg_pyrrole_ring,F3,hgb,auroc,0.9644,0.9529,0.9744,0.5,,,,5198,4222,1000,20789,inner_cv,"[{""fold"": ""scaffold"", ""src"": ""inner_cv"", ""thr"": 0.058}]",53.59,bootstrap unit: scaffold
T3,native,scaffold,all,fg_pyrrole_ring,F3,hgb,auprc,0.2802,0.1968,0.3972,0.0156,,,,5198,4222,1000,20789,inner_cv,"[{""fold"": ""scaffold"", ""src"": ""inner_cv"", ""thr"": 0.058}]",53.59,bootstrap unit: scaffold
T3,native,scaffold,all,fg_pyrrole_ring,F3,hgb,bal_acc,0.906,0.8716,0.9401,0.5,,,,5198,4222,1000,20789,inner_cv,"[{""fold"": ""scaffold"", ""src"": ""inner_cv"", ""thr"": 0.058}]",53.59,bootstrap unit: scaffold
T3,native,scaffold,all,fg_pyrrole_ring,F3,knn,auroc,0.8125,0.7512,0.869,0.5,,,,5198,4222,1000,20789,inner_cv,"[{""fold"": ""scaffold"", ""k"": 10, ""src"": ""inner_cv"", ""thr"": 0.0885}]",168.4,bootstrap unit: scaffold
T3,native,scaffold,all,fg_pyrrole_ring,F3,knn,auprc,0.1607,0.0987,0.2612,0.0156,,,,5198,4222,1000,20789,inner_cv,"[{""fold"": ""scaffold"", ""k"": 10, ""src"": ""inner_cv"", ""thr"": 0.0885}]",168.4,bootstrap unit: scaffold
T3,native,scaffold,all,fg_pyrrole_ring,F3,knn,bal_acc,0.8046,0.7447,0.8594,0.5,,,,5198,4222,1000,20789,inner_cv,"[{""fold"": ""scaffold"", ""k"": 10, ""src"": ""inner_cv"", ""thr"": 0.0885}]",168.4,bootstrap unit: scaffold
T3,native,scaffold,all,fg_pyrrole_ring,F1.sqrt,majority,auroc,0.5,0.5,0.5,0.5,,,,5198,4222,1000,20789,fixed,"[{""fold"": ""scaffold"", ""src"": ""fixed"", ""thr"": 0.5}]",1.9,bootstrap unit: scaffold
T3,native,scaffold,all,fg_pyrrole_ring,F1.sqrt,majority,auprc,0.0156,0.012,0.0194,0.0156,,,,5198,4222,1000,20789,fixed,"[{""fold"": ""scaffold"", ""src"": ""fixed"", ""thr"": 0.5}]",1.9,bootstrap unit: scaffold
T3,native,scaffold,all,fg_pyrrole_ring,F1.sqrt,majority,bal_acc,0.5,0.5,0.5,0.5,,,,5198,4222,1000,20789,fixed,"[{""fold"": ""scaffold"", ""src"": ""fixed"", ""thr"": 0.5}]",1.9,bootstrap unit: scaffold
T3,native,scaffold,all,fg_pyrrole_ring,F1.sqrt,lr,auroc,0.9424,0.924,0.9572,0.5,,,,5198,4222,1000,20789,inner_cv,"[{""fold"": ""scaffold"", ""C"": 0.01, ""src"": ""inner_cv"", ""thr"": 0.4281}]",4.81,bootstrap unit: scaffold
T3,native,scaffold,all,fg_pyrrole_ring,F1.sqrt,lr,auprc,0.19,0.125,0.2869,0.0156,,,,5198,4222,1000,20789,inner_cv,"[{""fold"": ""scaffold"", ""C"": 0.01, ""src"": ""inner_cv"", ""thr"": 0.4281}]",4.81,bootstrap unit: scaffold
T3,native,scaffold,all,fg_pyrrole_ring,F1.sqrt,lr,bal_acc,0.8682,0.8233,0.9051,0.5,,,,5198,4222,1000,20789,inner_cv,"[{""fold"": ""scaffold"", ""C"": 0.01, ""src"": ""inner_cv"", ""thr"": 0.4281}]",4.81,bootstrap unit: scaffold
T3,native,scaffold,all,fg_pyrrole_ring,F1.sqrt,hgb,auroc,0.9407,0.9168,0.9591,0.5,,,,5198,4222,1000,20789,inner_cv,"[{""fold"": ""scaffold"", ""src"": ""inner_cv"", ""thr"": 0.128}]",4.93,bootstrap unit: scaffold
T3,native,scaffold,all,fg_pyrrole_ring,F1.sqrt,hgb,auprc,0.2095,0.1432,0.304,0.0156,,,,5198,4222,1000,20789,inner_cv,"[{""fold"": ""scaffold"", ""src"": ""inner_cv"", ""thr"": 0.128}]",4.93,bootstrap unit: scaffold
T3,native,scaffold,all,fg_pyrrole_ring,F1.sqrt,hgb,bal_acc,0.865,0.8195,0.9049,0.5,,,,5198,4222,1000,20789,inner_cv,"[{""fold"": ""scaffold"", ""src"": ""inner_cv"", ""thr"": 0.128}]",4.93,bootstrap unit: scaffold
T3,native,scaffold,all,fg_pyrrole_ring,F1.sqrt,knn,auroc,0.8429,0.7914,0.8905,0.5,,,,5198,4222,1000,20789,inner_cv,"[{""fold"": ""scaffold"", ""k"": 10, ""src"": ""inner_cv"", ""thr"": 0.0884}]",131.58,bootstrap unit: scaffold
T3,native,scaffold,all,fg_pyrrole_ring,F1.sqrt,knn,auprc,0.1503,0.0898,0.2328,0.0156,,,,5198,4222,1000,20789,inner_cv,"[{""fold"": ""scaffold"", ""k"": 10, ""src"": ""inner_cv"", ""thr"": 0.0884}]",131.58,bootstrap unit: scaffold
T3,native,scaffold,all,fg_pyrrole_ring,F1.sqrt,knn,bal_acc,0.8324,0.7835,0.8796,0.5,,,,5198,4222,1000,20789,inner_cv,"[{""fold"": ""scaffold"", ""k"": 10, ""src"": ""inner_cv"", ""thr"": 0.0884}]",131.58,bootstrap unit: scaffold
T3,native,scaffold,all,fg_pyrrole_ring,F2.lt1700,majority,auroc,0.5,0.5,0.5,0.5,,,,5198,4222,1000,20789,fixed,"[{""fold"": ""scaffold"", ""src"": ""fixed"", ""thr"": 0.5}]",4.2,bootstrap unit: scaffold
T3,native,scaffold,all,fg_pyrrole_ring,F2.lt1700,majority,auprc,0.0156,0.012,0.0194,0.0156,,,,5198,4222,1000,20789,fixed,"[{""fold"": ""scaffold"", ""src"": ""fixed"", ""thr"": 0.5}]",4.2,bootstrap unit: scaffold
T3,native,scaffold,all,fg_pyrrole_ring,F2.lt1700,majority,bal_acc,0.5,0.5,0.5,0.5,,,,5198,4222,1000,20789,fixed,"[{""fold"": ""scaffold"", ""src"": ""fixed"", ""thr"": 0.5}]",4.2,bootstrap unit: scaffold
T3,native,scaffold,all,fg_pyrrole_ring,F2.lt1700,lr,auroc,0.9249,0.8995,0.9448,0.5,,,,5198,4222,1000,20789,inner_cv,"[{""fold"": ""scaffold"", ""C"": 0.01, ""src"": ""inner_cv"", ""thr"": 0.3014}]",91.26,bootstrap unit: scaffold
T3,native,scaffold,all,fg_pyrrole_ring,F2.lt1700,lr,auprc,0.1435,0.0973,0.2173,0.0156,,,,5198,4222,1000,20789,inner_cv,"[{""fold"": ""scaffold"", ""C"": 0.01, ""src"": ""inner_cv"", ""thr"": 0.3014}]",91.26,bootstrap unit: scaffold
T3,native,scaffold,all,fg_pyrrole_ring,F2.lt1700,lr,bal_acc,0.8431,0.7937,0.8915,0.5,,,,5198,4222,1000,20789,inner_cv,"[{""fold"": ""scaffold"", ""C"": 0.01, ""src"": ""inner_cv"", ""thr"": 0.3014}]",91.26,bootstrap unit: scaffold
T3,native,scaffold,all,fg_pyrrole_ring,F2.lt1700,hgb,auroc,0.9573,0.9419,0.9702,0.5,,,,5198,4222,1000,20789,inner_cv,"[{""fold"": ""scaffold"", ""src"": ""inner_cv"", ""thr"": 0.0363}]",45.14,bootstrap unit: scaffold
T3,native,scaffold,all,fg_pyrrole_ring,F2.lt1700,hgb,auprc,0.241,0.1665,0.3452,0.0156,,,,5198,4222,1000,20789,inner_cv,"[{""fold"": ""scaffold"", ""src"": ""inner_cv"", ""thr"": 0.0363}]",45.14,bootstrap unit: scaffold
T3,native,scaffold,all,fg_pyrrole_ring,F2.lt1700,hgb,bal_acc,0.9059,0.8738,0.9354,0.5,,,,5198,4222,1000,20789,inner_cv,"[{""fold"": ""scaffold"", ""src"": ""inner_cv"", ""thr"": 0.0363}]",45.14,bootstrap unit: scaffold
T3,native,scaffold,all,fg_pyrrole_ring,F2.lt1700,knn,auroc,0.8162,0.7571,0.872,0.5,,,,5198,4222,1000,20789,inner_cv,"[{""fold"": ""scaffold"", ""k"": 10, ""src"": ""inner_cv"", ""thr"": 0.0665}]",153.23,bootstrap unit: scaffold
T3,native,scaffold,all,fg_pyrrole_ring,F2.lt1700,knn,auprc,0.166,0.092,0.2658,0.0156,,,,5198,4222,1000,20789,inner_cv,"[{""fold"": ""scaffold"", ""k"": 10, ""src"": ""inner_cv"", ""thr"": 0.0665}]",153.23,bootstrap unit: scaffold
T3,native,scaffold,all,fg_pyrrole_ring,F2.lt1700,knn,bal_acc,0.808,0.7518,0.8625,0.5,,,,5198,4222,1000,20789,inner_cv,"[{""fold"": ""scaffold"", ""k"": 10, ""src"": ""inner_cv"", ""thr"": 0.0665}]",153.23,bootstrap unit: scaffold
T3,native,scaffold,all,fg_pyrrole_ring,F3.lt1700,majority,auroc,0.5,0.5,0.5,0.5,,,,5198,4222,1000,20789,fixed,"[{""fold"": ""scaffold"", ""src"": ""fixed"", ""thr"": 0.5}]",1.32,bootstrap unit: scaffold
T3,native,scaffold,all,fg_pyrrole_ring,F3.lt1700,majority,auprc,0.0156,0.012,0.0194,0.0156,,,,5198,4222,1000,20789,fixed,"[{""fold"": ""scaffold"", ""src"": ""fixed"", ""thr"": 0.5}]",1.32,bootstrap unit: scaffold
T3,native,scaffold,all,fg_pyrrole_ring,F3.lt1700,majority,bal_acc,0.5,0.5,0.5,0.5,,,,5198,4222,1000,20789,fixed,"[{""fold"": ""scaffold"", ""src"": ""fixed"", ""thr"": 0.5}]",1.32,bootstrap unit: scaffold
T3,native,scaffold,all,fg_pyrrole_ring,F3.lt1700,lr,auroc,0.9296,0.9036,0.9497,0.5,,,,5198,4222,1000,20789,inner_cv,"[{""fold"": ""scaffold"", ""C"": 0.01, ""src"": ""inner_cv"", ""thr"": 0.2635}]",98.5,bootstrap unit: scaffold
T3,native,scaffold,all,fg_pyrrole_ring,F3.lt1700,lr,auprc,0.1439,0.1024,0.2121,0.0156,,,,5198,4222,1000,20789,inner_cv,"[{""fold"": ""scaffold"", ""C"": 0.01, ""src"": ""inner_cv"", ""thr"": 0.2635}]",98.5,bootstrap unit: scaffold
T3,native,scaffold,all,fg_pyrrole_ring,F3.lt1700,lr,bal_acc,0.8533,0.8031,0.897,0.5,,,,5198,4222,1000,20789,inner_cv,"[{""fold"": ""scaffold"", ""C"": 0.01, ""src"": ""inner_cv"", ""thr"": 0.2635}]",98.5,bootstrap unit: scaffold
T3,native,scaffold,all,fg_pyrrole_ring,F3.lt1700,hgb,auroc,0.9689,0.9593,0.9774,0.5,0.0099,100,0.4987,5198,4222,1000,20789,inner_cv,"[{""fold"": ""scaffold"", ""src"": ""inner_cv"", ""thr"": 0.021}]",52.56,bootstrap unit: scaffold
T3,native,scaffold,all,fg_pyrrole_ring,F3.lt1700,hgb,auprc,0.3038,0.218,0.4164,0.0156,,,,5198,4222,1000,20789,inner_cv,"[{""fold"": ""scaffold"", ""src"": ""inner_cv"", ""thr"": 0.021}]",52.56,bootstrap unit: scaffold
T3,native,scaffold,all,fg_pyrrole_ring,F3.lt1700,hgb,bal_acc,0.9275,0.9011,0.9461,0.5,,,,5198,4222,1000,20789,inner_cv,"[{""fold"": ""scaffold"", ""src"": ""inner_cv"", ""thr"": 0.021}]",52.56,bootstrap unit: scaffold
T3,native,scaffold,all,fg_pyrrole_ring,F3.lt1700,knn,auroc,0.81,0.7509,0.8665,0.5,,,,5198,4222,1000,20789,inner_cv,"[{""fold"": ""scaffold"", ""k"": 10, ""src"": ""inner_cv"", ""thr"": 0.0641}]",135.58,bootstrap unit: scaffold
T3,native,scaffold,all,fg_pyrrole_ring,F3.lt1700,knn,auprc,0.1481,0.0888,0.2461,0.0156,,,,5198,4222,1000,20789,inner_cv,"[{""fold"": ""scaffold"", ""k"": 10, ""src"": ""inner_cv"", ""thr"": 0.0641}]",135.58,bootstrap unit: scaffold
T3,native,scaffold,all,fg_pyrrole_ring,F3.lt1700,knn,bal_acc,0.8017,0.7447,0.8558,0.5,,,,5198,4222,1000,20789,inner_cv,"[{""fold"": ""scaffold"", ""k"": 10, ""src"": ""inner_cv"", ""thr"": 0.0641}]",135.58,bootstrap unit: scaffold
T3,native,scaffold,all,fg_imidazole_ring,F1,majority,auroc,0.5,0.5,0.5,0.5,,,,5198,4222,1000,20789,fixed,"[{""fold"": ""scaffold"", ""src"": ""fixed"", ""thr"": 0.5}]",1.03,bootstrap unit: scaffold
T3,native,scaffold,all,fg_imidazole_ring,F1,majority,auprc,0.011,0.0077,0.0143,0.011,,,,5198,4222,1000,20789,fixed,"[{""fold"": ""scaffold"", ""src"": ""fixed"", ""thr"": 0.5}]",1.03,bootstrap unit: scaffold
T3,native,scaffold,all,fg_imidazole_ring,F1,majority,bal_acc,0.5,0.5,0.5,0.5,,,,5198,4222,1000,20789,fixed,"[{""fold"": ""scaffold"", ""src"": ""fixed"", ""thr"": 0.5}]",1.03,bootstrap unit: scaffold
T3,native,scaffold,all,fg_imidazole_ring,F1,lr,auroc,0.949,0.935,0.9625,0.5,0.0099,100,0.4987,5198,4222,1000,20789,inner_cv,"[{""fold"": ""scaffold"", ""C"": 0.1, ""src"": ""inner_cv"", ""thr"": 0.187}]",4.85,bootstrap unit: scaffold
T3,native,scaffold,all,fg_imidazole_ring,F1,lr,auprc,0.141,0.0904,0.2267,0.011,,,,5198,4222,1000,20789,inner_cv,"[{""fold"": ""scaffold"", ""C"": 0.1, ""src"": ""inner_cv"", ""thr"": 0.187}]",4.85,bootstrap unit: scaffold
T3,native,scaffold,all,fg_imidazole_ring,F1,lr,bal_acc,0.8985,0.8672,0.9253,0.5,,,,5198,4222,1000,20789,inner_cv,"[{""fold"": ""scaffold"", ""C"": 0.1, ""src"": ""inner_cv"", ""thr"": 0.187}]",4.85,bootstrap unit: scaffold
T3,native,scaffold,all,fg_imidazole_ring,F1,hgb,auroc,0.9366,0.9177,0.9529,0.5,,,,5198,4222,1000,20789,inner_cv,"[{""fold"": ""scaffold"", ""src"": ""inner_cv"", ""thr"": 0.0366}]",5.11,bootstrap unit: scaffold
T3,native,scaffold,all,fg_imidazole_ring,F1,hgb,auprc,0.169,0.0892,0.2735,0.011,,,,5198,4222,1000,20789,inner_cv,"[{""fold"": ""scaffold"", ""src"": ""inner_cv"", ""thr"": 0.0366}]",5.11,bootstrap unit: scaffold
T3,native,scaffold,all,fg_imidazole_ring,F1,hgb,bal_acc,0.8964,0.8733,0.9102,0.5,,,,5198,4222,1000,20789,inner_cv,"[{""fold"": ""scaffold"", ""src"": ""inner_cv"", ""thr"": 0.0366}]",5.11,bootstrap unit: scaffold
T3,native,scaffold,all,fg_imidazole_ring,F1,knn,auroc,0.683,0.6155,0.7584,0.5,,,,5198,4222,1000,20789,inner_cv,"[{""fold"": ""scaffold"", ""k"": 10, ""src"": ""inner_cv"", ""thr"": 0.0771}]",117.37,bootstrap unit: scaffold
T3,native,scaffold,all,fg_imidazole_ring,F1,knn,auprc,0.0575,0.0224,0.1195,0.011,,,,5198,4222,1000,20789,inner_cv,"[{""fold"": ""scaffold"", ""k"": 10, ""src"": ""inner_cv"", ""thr"": 0.0771}]",117.37,bootstrap unit: scaffold
T3,native,scaffold,all,fg_imidazole_ring,F1,knn,bal_acc,0.6791,0.6142,0.7525,0.5,,,,5198,4222,1000,20789,inner_cv,"[{""fold"": ""scaffold"", ""k"": 10, ""src"": ""inner_cv"", ""thr"": 0.0771}]",117.37,bootstrap unit: scaffold
T3,native,scaffold,all,fg_imidazole_ring,F1pos,majority,auroc,0.5,0.5,0.5,0.5,,,,5198,4222,1000,20789,fixed,"[{""fold"": ""scaffold"", ""src"": ""fixed"", ""thr"": 0.5}]",1.35,bootstrap unit: scaffold
T3,native,scaffold,all,fg_imidazole_ring,F1pos,majority,auprc,0.011,0.0077,0.0143,0.011,,,,5198,4222,1000,20789,fixed,"[{""fold"": ""scaffold"", ""src"": ""fixed"", ""thr"": 0.5}]",1.35,bootstrap unit: scaffold
T3,native,scaffold,all,fg_imidazole_ring,F1pos,majority,bal_acc,0.5,0.5,0.5,0.5,,,,5198,4222,1000,20789,fixed,"[{""fold"": ""scaffold"", ""src"": ""fixed"", ""thr"": 0.5}]",1.35,bootstrap unit: scaffold
T3,native,scaffold,all,fg_imidazole_ring,F1pos,lr,auroc,0.9221,0.901,0.9406,0.5,,,,5198,4222,1000,20789,inner_cv,"[{""fold"": ""scaffold"", ""C"": 0.01, ""src"": ""inner_cv"", ""thr"": 0.3251}]",3.46,bootstrap unit: scaffold
T3,native,scaffold,all,fg_imidazole_ring,F1pos,lr,auprc,0.1234,0.0701,0.2133,0.011,,,,5198,4222,1000,20789,inner_cv,"[{""fold"": ""scaffold"", ""C"": 0.01, ""src"": ""inner_cv"", ""thr"": 0.3251}]",3.46,bootstrap unit: scaffold
T3,native,scaffold,all,fg_imidazole_ring,F1pos,lr,bal_acc,0.8079,0.7481,0.8612,0.5,,,,5198,4222,1000,20789,inner_cv,"[{""fold"": ""scaffold"", ""C"": 0.01, ""src"": ""inner_cv"", ""thr"": 0.3251}]",3.46,bootstrap unit: scaffold
T3,native,scaffold,all,fg_imidazole_ring,F1pos,hgb,auroc,0.9189,0.8991,0.9374,0.5,,,,5198,4222,1000,20789,inner_cv,"[{""fold"": ""scaffold"", ""src"": ""inner_cv"", ""thr"": 0.0959}]",4.85,bootstrap unit: scaffold
T3,native,scaffold,all,fg_imidazole_ring,F1pos,hgb,auprc,0.104,0.0609,0.1829,0.011,,,,5198,4222,1000,20789,inner_cv,"[{""fold"": ""scaffold"", ""src"": ""inner_cv"", ""thr"": 0.0959}]",4.85,bootstrap unit: scaffold
T3,native,scaffold,all,fg_imidazole_ring,F1pos,hgb,bal_acc,0.8621,0.8233,0.8978,0.5,,,,5198,4222,1000,20789,inner_cv,"[{""fold"": ""scaffold"", ""src"": ""inner_cv"", ""thr"": 0.0959}]",4.85,bootstrap unit: scaffold
T3,native,scaffold,all,fg_imidazole_ring,F1pos,knn,auroc,0.625,0.5684,0.6842,0.5,,,,5198,4222,1000,20789,inner_cv,"[{""fold"": ""scaffold"", ""k"": 10, ""src"": ""inner_cv"", ""thr"": 0.0895}]",98.13,bootstrap unit: scaffold
T3,native,scaffold,all,fg_imidazole_ring,F1pos,knn,auprc,0.0393,0.0197,0.0867,0.011,,,,5198,4222,1000,20789,inner_cv,"[{""fold"": ""scaffold"", ""k"": 10, ""src"": ""inner_cv"", ""thr"": 0.0895}]",98.13,bootstrap unit: scaffold
T3,native,scaffold,all,fg_imidazole_ring,F1pos,knn,bal_acc,0.6232,0.5668,0.6825,0.5,,,,5198,4222,1000,20789,inner_cv,"[{""fold"": ""scaffold"", ""k"": 10, ""src"": ""inner_cv"", ""thr"": 0.0895}]",98.13,bootstrap unit: scaffold
T3,native,scaffold,all,fg_imidazole_ring,F2,majority,auroc,0.5,0.5,0.5,0.5,,,,5198,4222,1000,20789,fixed,"[{""fold"": ""scaffold"", ""src"": ""fixed"", ""thr"": 0.5}]",3.54,bootstrap unit: scaffold
T3,native,scaffold,all,fg_imidazole_ring,F2,majority,auprc,0.011,0.0077,0.0143,0.011,,,,5198,4222,1000,20789,fixed,"[{""fold"": ""scaffold"", ""src"": ""fixed"", ""thr"": 0.5}]",3.54,bootstrap unit: scaffold
T3,native,scaffold,all,fg_imidazole_ring,F2,majority,bal_acc,0.5,0.5,0.5,0.5,,,,5198,4222,1000,20789,fixed,"[{""fold"": ""scaffold"", ""src"": ""fixed"", ""thr"": 0.5}]",3.54,bootstrap unit: scaffold
T3,native,scaffold,all,fg_imidazole_ring,F2,lr,auroc,0.9384,0.9215,0.9536,0.5,,,,5198,4222,1000,20789,inner_cv,"[{""fold"": ""scaffold"", ""C"": 0.01, ""src"": ""inner_cv"", ""thr"": 0.0835}]",121.15,bootstrap unit: scaffold
T3,native,scaffold,all,fg_imidazole_ring,F2,lr,auprc,0.1464,0.0912,0.2388,0.011,,,,5198,4222,1000,20789,inner_cv,"[{""fold"": ""scaffold"", ""C"": 0.01, ""src"": ""inner_cv"", ""thr"": 0.0835}]",121.15,bootstrap unit: scaffold
T3,native,scaffold,all,fg_imidazole_ring,F2,lr,bal_acc,0.8634,0.8174,0.902,0.5,,,,5198,4222,1000,20789,inner_cv,"[{""fold"": ""scaffold"", ""C"": 0.01, ""src"": ""inner_cv"", ""thr"": 0.0835}]",121.15,bootstrap unit: scaffold
T3,native,scaffold,all,fg_imidazole_ring,F2,hgb,auroc,0.9607,0.9463,0.973,0.5,,,,5198,4222,1000,20789,inner_cv,"[{""fold"": ""scaffold"", ""src"": ""inner_cv"", ""thr"": 0.0135}]",56.21,bootstrap unit: scaffold
T3,native,scaffold,all,fg_imidazole_ring,F2,hgb,auprc,0.1963,0.1339,0.2985,0.011,,,,5198,4222,1000,20789,inner_cv,"[{""fold"": ""scaffold"", ""src"": ""inner_cv"", ""thr"": 0.0135}]",56.21,bootstrap unit: scaffold
T3,native,scaffold,all,fg_imidazole_ring,F2,hgb,bal_acc,0.903,0.8654,0.9357,0.5,,,,5198,4222,1000,20789,inner_cv,"[{""fold"": ""scaffold"", ""src"": ""inner_cv"", ""thr"": 0.0135}]",56.21,bootstrap unit: scaffold
T3,native,scaffold,all,fg_imidazole_ring,F2,knn,auroc,0.7299,0.6642,0.7975,0.5,,,,5198,4222,1000,20789,inner_cv,"[{""fold"": ""scaffold"", ""k"": 10, ""src"": ""inner_cv"", ""thr"": 0.0833}]",134.18,bootstrap unit: scaffold
T3,native,scaffold,all,fg_imidazole_ring,F2,knn,auprc,0.1026,0.0443,0.1801,0.011,,,,5198,4222,1000,20789,inner_cv,"[{""fold"": ""scaffold"", ""k"": 10, ""src"": ""inner_cv"", ""thr"": 0.0833}]",134.18,bootstrap unit: scaffold
T3,native,scaffold,all,fg_imidazole_ring,F2,knn,bal_acc,0.7254,0.6614,0.7902,0.5,,,,5198,4222,1000,20789,inner_cv,"[{""fold"": ""scaffold"", ""k"": 10, ""src"": ""inner_cv"", ""thr"": 0.0833}]",134.18,bootstrap unit: scaffold
T3,native,scaffold,all,fg_imidazole_ring,F3,majority,auroc,0.5,0.5,0.5,0.5,,,,5198,4222,1000,20789,fixed,"[{""fold"": ""scaffold"", ""src"": ""fixed"", ""thr"": 0.5}]",2.29,bootstrap unit: scaffold
T3,native,scaffold,all,fg_imidazole_ring,F3,majority,auprc,0.011,0.0077,0.0143,0.011,,,,5198,4222,1000,20789,fixed,"[{""fold"": ""scaffold"", ""src"": ""fixed"", ""thr"": 0.5}]",2.29,bootstrap unit: scaffold
T3,native,scaffold,all,fg_imidazole_ring,F3,majority,bal_acc,0.5,0.5,0.5,0.5,,,,5198,4222,1000,20789,fixed,"[{""fold"": ""scaffold"", ""src"": ""fixed"", ""thr"": 0.5}]",2.29,bootstrap unit: scaffold
T3,native,scaffold,all,fg_imidazole_ring,F3,lr,auroc,0.9465,0.9321,0.9592,0.5,,,,5198,4222,1000,20789,inner_cv,"[{""fold"": ""scaffold"", ""C"": 0.01, ""src"": ""inner_cv"", ""thr"": 0.2042}]",100.14,bootstrap unit: scaffold
T3,native,scaffold,all,fg_imidazole_ring,F3,lr,auprc,0.1556,0.0979,0.2633,0.011,,,,5198,4222,1000,20789,inner_cv,"[{""fold"": ""scaffold"", ""C"": 0.01, ""src"": ""inner_cv"", ""thr"": 0.2042}]",100.14,bootstrap unit: scaffold
T3,native,scaffold,all,fg_imidazole_ring,F3,lr,bal_acc,0.8645,0.8156,0.9105,0.5,,,,5198,4222,1000,20789,inner_cv,"[{""fold"": ""scaffold"", ""C"": 0.01, ""src"": ""inner_cv"", ""thr"": 0.2042}]",100.14,bootstrap unit: scaffold
T3,native,scaffold,all,fg_imidazole_ring,F3,hgb,auroc,0.9584,0.9338,0.976,0.5,,,,5198,4222,1000,20789,inner_cv,"[{""fold"": ""scaffold"", ""src"": ""inner_cv"", ""thr"": 0.018}]",49.22,bootstrap unit: scaffold
T3,native,scaffold,all,fg_imidazole_ring,F3,hgb,auprc,0.1966,0.1367,0.2861,0.011,,,,5198,4222,1000,20789,inner_cv,"[{""fold"": ""scaffold"", ""src"": ""inner_cv"", ""thr"": 0.018}]",49.22,bootstrap unit: scaffold
T3,native,scaffold,all,fg_imidazole_ring,F3,hgb,bal_acc,0.901,0.8547,0.9427,0.5,,,,5198,4222,1000,20789,inner_cv,"[{""fold"": ""scaffold"", ""src"": ""inner_cv"", ""thr"": 0.018}]",49.22,bootstrap unit: scaffold
T3,native,scaffold,all,fg_imidazole_ring,F3,knn,auroc,0.7569,0.6882,0.8299,0.5,,,,5198,4222,1000,20789,inner_cv,"[{""fold"": ""scaffold"", ""k"": 10, ""src"": ""inner_cv"", ""thr"": 0.0655}]",128.46,bootstrap unit: scaffold
T3,native,scaffold,all,fg_imidazole_ring,F3,knn,auprc,0.1172,0.0585,0.216,0.011,,,,5198,4222,1000,20789,inner_cv,"[{""fold"": ""scaffold"", ""k"": 10, ""src"": ""inner_cv"", ""thr"": 0.0655}]",128.46,bootstrap unit: scaffold
T3,native,scaffold,all,fg_imidazole_ring,F3,knn,bal_acc,0.751,0.6842,0.8217,0.5,,,,5198,4222,1000,20789,inner_cv,"[{""fold"": ""scaffold"", ""k"": 10, ""src"": ""inner_cv"", ""thr"": 0.0655}]",128.46,bootstrap unit: scaffold
T3,native,scaffold,all,fg_imidazole_ring,F1.sqrt,majority,auroc,0.5,0.5,0.5,0.5,,,,5198,4222,1000,20789,fixed,"[{""fold"": ""scaffold"", ""src"": ""fixed"", ""thr"": 0.5}]",0.92,bootstrap unit: scaffold
T3,native,scaffold,all,fg_imidazole_ring,F1.sqrt,majority,auprc,0.011,0.0077,0.0143,0.011,,,,5198,4222,1000,20789,fixed,"[{""fold"": ""scaffold"", ""src"": ""fixed"", ""thr"": 0.5}]",0.92,bootstrap unit: scaffold
T3,native,scaffold,all,fg_imidazole_ring,F1.sqrt,majority,bal_acc,0.5,0.5,0.5,0.5,,,,5198,4222,1000,20789,fixed,"[{""fold"": ""scaffold"", ""src"": ""fixed"", ""thr"": 0.5}]",0.92,bootstrap unit: scaffold
T3,native,scaffold,all,fg_imidazole_ring,F1.sqrt,lr,auroc,0.9417,0.9269,0.9559,0.5,,,,5198,4222,1000,20789,inner_cv,"[{""fold"": ""scaffold"", ""C"": 0.1, ""src"": ""inner_cv"", ""thr"": 0.3826}]",3.98,bootstrap unit: scaffold
T3,native,scaffold,all,fg_imidazole_ring,F1.sqrt,lr,auprc,0.1223,0.0748,0.2048,0.011,,,,5198,4222,1000,20789,inner_cv,"[{""fold"": ""scaffold"", ""C"": 0.1, ""src"": ""inner_cv"", ""thr"": 0.3826}]",3.98,bootstrap unit: scaffold
T3,native,scaffold,all,fg_imidazole_ring,F1.sqrt,lr,bal_acc,0.8484,0.7898,0.8984,0.5,,,,5198,4222,1000,20789,inner_cv,"[{""fold"": ""scaffold"", ""C"": 0.1, ""src"": ""inner_cv"", ""thr"": 0.3826}]",3.98,bootstrap unit: scaffold
T3,native,scaffold,all,fg_imidazole_ring,F1.sqrt,hgb,auroc,0.9366,0.9177,0.9529,0.5,,,,5198,4222,1000,20789,inner_cv,"[{""fold"": ""scaffold"", ""src"": ""inner_cv"", ""thr"": 0.0366}]",4.84,bootstrap unit: scaffold
T3,native,scaffold,all,fg_imidazole_ring,F1.sqrt,hgb,auprc,0.169,0.0891,0.2735,0.011,,,,5198,4222,1000,20789,inner_cv,"[{""fold"": ""scaffold"", ""src"": ""inner_cv"", ""thr"": 0.0366}]",4.84,bootstrap unit: scaffold
T3,native,scaffold,all,fg_imidazole_ring,F1.sqrt,hgb,bal_acc,0.8963,0.8731,0.91,0.5,,,,5198,4222,1000,20789,inner_cv,"[{""fold"": ""scaffold"", ""src"": ""inner_cv"", ""thr"": 0.0366}]",4.84,bootstrap unit: scaffold
T3,native,scaffold,all,fg_imidazole_ring,F1.sqrt,knn,auroc,0.7403,0.6788,0.8083,0.5,,,,5198,4222,1000,20789,inner_cv,"[{""fold"": ""scaffold"", ""k"": 10, ""src"": ""inner_cv"", ""thr"": 0.0873}]",106.53,bootstrap unit: scaffold
T3,native,scaffold,all,fg_imidazole_ring,F1.sqrt,knn,auprc,0.0888,0.0402,0.1817,0.011,,,,5198,4222,1000,20789,inner_cv,"[{""fold"": ""scaffold"", ""k"": 10, ""src"": ""inner_cv"", ""thr"": 0.0873}]",106.53,bootstrap unit: scaffold
T3,native,scaffold,all,fg_imidazole_ring,F1.sqrt,knn,bal_acc,0.7359,0.6752,0.8019,0.5,,,,5198,4222,1000,20789,inner_cv,"[{""fold"": ""scaffold"", ""k"": 10, ""src"": ""inner_cv"", ""thr"": 0.0873}]",106.53,bootstrap unit: scaffold
T3,native,scaffold,all,fg_imidazole_ring,F2.lt1700,majority,auroc,0.5,0.5,0.5,0.5,,,,5198,4222,1000,20789,fixed,"[{""fold"": ""scaffold"", ""src"": ""fixed"", ""thr"": 0.5}]",2.35,bootstrap unit: scaffold
T3,native,scaffold,all,fg_imidazole_ring,F2.lt1700,majority,auprc,0.011,0.0077,0.0143,0.011,,,,5198,4222,1000,20789,fixed,"[{""fold"": ""scaffold"", ""src"": ""fixed"", ""thr"": 0.5}]",2.35,bootstrap unit: scaffold
T3,native,scaffold,all,fg_imidazole_ring,F2.lt1700,majority,bal_acc,0.5,0.5,0.5,0.5,,,,5198,4222,1000,20789,fixed,"[{""fold"": ""scaffold"", ""src"": ""fixed"", ""thr"": 0.5}]",2.35,bootstrap unit: scaffold
T3,native,scaffold,all,fg_imidazole_ring,F2.lt1700,lr,auroc,0.9373,0.9202,0.9526,0.5,,,,5198,4222,1000,20789,inner_cv,"[{""fold"": ""scaffold"", ""C"": 0.01, ""src"": ""inner_cv"", ""thr"": 0.148}]",96.08,bootstrap unit: scaffold
T3,native,scaffold,all,fg_imidazole_ring,F2.lt1700,lr,auprc,0.1445,0.0894,0.2337,0.011,,,,5198,4222,1000,20789,inner_cv,"[{""fold"": ""scaffold"", ""C"": 0.01, ""src"": ""inner_cv"", ""thr"": 0.148}]",96.08,bootstrap unit: scaffold
T3,native,scaffold,all,fg_imidazole_ring,F2.lt1700,lr,bal_acc,0.8727,0.8259,0.912,0.5,,,,5198,4222,1000,20789,inner_cv,"[{""fold"": ""scaffold"", ""C"": 0.01, ""src"": ""inner_cv"", ""thr"": 0.148}]",96.08,bootstrap unit: scaffold
T3,native,scaffold,all,fg_imidazole_ring,F2.lt1700,hgb,auroc,0.9612,0.9483,0.9725,0.5,0.0099,100,0.4976,5198,4222,1000,20789,inner_cv,"[{""fold"": ""scaffold"", ""src"": ""inner_cv"", ""thr"": 0.0175}]",56.97,bootstrap unit: scaffold
T3,native,scaffold,all,fg_imidazole_ring,F2.lt1700,hgb,auprc,0.1935,0.1325,0.2925,0.011,,,,5198,4222,1000,20789,inner_cv,"[{""fold"": ""scaffold"", ""src"": ""inner_cv"", ""thr"": 0.0175}]",56.97,bootstrap unit: scaffold
T3,native,scaffold,all,fg_imidazole_ring,F2.lt1700,hgb,bal_acc,0.8924,0.8385,0.9349,0.5,,,,5198,4222,1000,20789,inner_cv,"[{""fold"": ""scaffold"", ""src"": ""inner_cv"", ""thr"": 0.0175}]",56.97,bootstrap unit: scaffold
T3,native,scaffold,all,fg_imidazole_ring,F2.lt1700,knn,auroc,0.7391,0.6652,0.812,0.5,,,,5198,4222,1000,20789,inner_cv,"[{""fold"": ""scaffold"", ""k"": 10, ""src"": ""inner_cv"", ""thr"": 0.0717}]",112.65,bootstrap unit: scaffold
T3,native,scaffold,all,fg_imidazole_ring,F2.lt1700,knn,auprc,0.1145,0.0506,0.1959,0.011,,,,5198,4222,1000,20789,inner_cv,"[{""fold"": ""scaffold"", ""k"": 10, ""src"": ""inner_cv"", ""thr"": 0.0717}]",112.65,bootstrap unit: scaffold
T3,native,scaffold,all,fg_imidazole_ring,F2.lt1700,knn,bal_acc,0.7352,0.662,0.8072,0.5,,,,5198,4222,1000,20789,inner_cv,"[{""fold"": ""scaffold"", ""k"": 10, ""src"": ""inner_cv"", ""thr"": 0.0717}]",112.65,bootstrap unit: scaffold
T3,native,scaffold,all,fg_imidazole_ring,F3.lt1700,majority,auroc,0.5,0.5,0.5,0.5,,,,5198,4222,1000,20789,fixed,"[{""fold"": ""scaffold"", ""src"": ""fixed"", ""thr"": 0.5}]",3.11,bootstrap unit: scaffold
T3,native,scaffold,all,fg_imidazole_ring,F3.lt1700,majority,auprc,0.011,0.0077,0.0143,0.011,,,,5198,4222,1000,20789,fixed,"[{""fold"": ""scaffold"", ""src"": ""fixed"", ""thr"": 0.5}]",3.11,bootstrap unit: scaffold
T3,native,scaffold,all,fg_imidazole_ring,F3.lt1700,majority,bal_acc,0.5,0.5,0.5,0.5,,,,5198,4222,1000,20789,fixed,"[{""fold"": ""scaffold"", ""src"": ""fixed"", ""thr"": 0.5}]",3.11,bootstrap unit: scaffold
T3,native,scaffold,all,fg_imidazole_ring,F3.lt1700,lr,auroc,0.9454,0.9304,0.9589,0.5,,,,5198,4222,1000,20789,inner_cv,"[{""fold"": ""scaffold"", ""C"": 0.01, ""src"": ""inner_cv"", ""thr"": 0.2006}]",82.16,bootstrap unit: scaffold
T3,native,scaffold,all,fg_imidazole_ring,F3.lt1700,lr,auprc,0.1613,0.0998,0.2732,0.011,,,,5198,4222,1000,20789,inner_cv,"[{""fold"": ""scaffold"", ""C"": 0.01, ""src"": ""inner_cv"", ""thr"": 0.2006}]",82.16,bootstrap unit: scaffold
T3,native,scaffold,all,fg_imidazole_ring,F3.lt1700,lr,bal_acc,0.8547,0.8032,0.9027,0.5,,,,5198,4222,1000,20789,inner_cv,"[{""fold"": ""scaffold"", ""C"": 0.01, ""src"": ""inner_cv"", ""thr"": 0.2006}]",82.16,bootstrap unit: scaffold
T3,native,scaffold,all,fg_imidazole_ring,F3.lt1700,hgb,auroc,0.9563,0.9327,0.9738,0.5,,,,5198,4222,1000,20789,inner_cv,"[{""fold"": ""scaffold"", ""src"": ""inner_cv"", ""thr"": 0.0207}]",52.47,bootstrap unit: scaffold
T3,native,scaffold,all,fg_imidazole_ring,F3.lt1700,hgb,auprc,0.2148,0.142,0.3149,0.011,,,,5198,4222,1000,20789,inner_cv,"[{""fold"": ""scaffold"", ""src"": ""inner_cv"", ""thr"": 0.0207}]",52.47,bootstrap unit: scaffold
T3,native,scaffold,all,fg_imidazole_ring,F3.lt1700,hgb,bal_acc,0.9124,0.8663,0.9493,0.5,,,,5198,4222,1000,20789,inner_cv,"[{""fold"": ""scaffold"", ""src"": ""inner_cv"", ""thr"": 0.0207}]",52.47,bootstrap unit: scaffold
T3,native,scaffold,all,fg_imidazole_ring,F3.lt1700,knn,auroc,0.7759,0.7045,0.8446,0.5,,,,5198,4222,1000,20789,inner_cv,"[{""fold"": ""scaffold"", ""k"": 10, ""src"": ""inner_cv"", ""thr"": 0.0843}]",107.04,bootstrap unit: scaffold
T3,native,scaffold,all,fg_imidazole_ring,F3.lt1700,knn,auprc,0.1091,0.0587,0.201,0.011,,,,5198,4222,1000,20789,inner_cv,"[{""fold"": ""scaffold"", ""k"": 10, ""src"": ""inner_cv"", ""thr"": 0.0843}]",107.04,bootstrap unit: scaffold
T3,native,scaffold,all,fg_imidazole_ring,F3.lt1700,knn,bal_acc,0.7709,0.7005,0.8381,0.5,,,,5198,4222,1000,20789,inner_cv,"[{""fold"": ""scaffold"", ""k"": 10, ""src"": ""inner_cv"", ""thr"": 0.0843}]",107.04,bootstrap unit: scaffold
T3,native,scaffold,all,fg_lactam,F1,majority,auroc,0.5,0.5,0.5,0.5,,,,5198,4222,1000,20789,fixed,"[{""fold"": ""scaffold"", ""src"": ""fixed"", ""thr"": 0.5}]",1.53,bootstrap unit: scaffold
T3,native,scaffold,all,fg_lactam,F1,majority,auprc,0.0856,0.0774,0.0946,0.0856,,,,5198,4222,1000,20789,fixed,"[{""fold"": ""scaffold"", ""src"": ""fixed"", ""thr"": 0.5}]",1.53,bootstrap unit: scaffold
T3,native,scaffold,all,fg_lactam,F1,majority,bal_acc,0.5,0.5,0.5,0.5,,,,5198,4222,1000,20789,fixed,"[{""fold"": ""scaffold"", ""src"": ""fixed"", ""thr"": 0.5}]",1.53,bootstrap unit: scaffold
T3,native,scaffold,all,fg_lactam,F1,lr,auroc,0.7234,0.6959,0.7472,0.5,0.0099,100,0.5011,5198,4222,1000,20789,inner_cv,"[{""fold"": ""scaffold"", ""C"": 1.0, ""src"": ""inner_cv"", ""thr"": 0.3909}]",4.54,bootstrap unit: scaffold
T3,native,scaffold,all,fg_lactam,F1,lr,auprc,0.1985,0.1684,0.2338,0.0856,,,,5198,4222,1000,20789,inner_cv,"[{""fold"": ""scaffold"", ""C"": 1.0, ""src"": ""inner_cv"", ""thr"": 0.3909}]",4.54,bootstrap unit: scaffold
T3,native,scaffold,all,fg_lactam,F1,lr,bal_acc,0.6723,0.6488,0.6934,0.5,,,,5198,4222,1000,20789,inner_cv,"[{""fold"": ""scaffold"", ""C"": 1.0, ""src"": ""inner_cv"", ""thr"": 0.3909}]",4.54,bootstrap unit: scaffold
T3,native,scaffold,all,fg_lactam,F1,hgb,auroc,0.7254,0.6968,0.7516,0.5,,,,5198,4222,1000,20789,inner_cv,"[{""fold"": ""scaffold"", ""src"": ""inner_cv"", ""thr"": 0.3403}]",4.8,bootstrap unit: scaffold
T3,native,scaffold,all,fg_lactam,F1,hgb,auprc,0.2124,0.1803,0.2504,0.0856,,,,5198,4222,1000,20789,inner_cv,"[{""fold"": ""scaffold"", ""src"": ""inner_cv"", ""thr"": 0.3403}]",4.8,bootstrap unit: scaffold
T3,native,scaffold,all,fg_lactam,F1,hgb,bal_acc,0.6755,0.6508,0.6988,0.5,,,,5198,4222,1000,20789,inner_cv,"[{""fold"": ""scaffold"", ""src"": ""inner_cv"", ""thr"": 0.3403}]",4.8,bootstrap unit: scaffold
T3,native,scaffold,all,fg_lactam,F1,knn,auroc,0.5539,0.5298,0.5784,0.5,,,,5198,4222,1000,20789,inner_cv,"[{""fold"": ""scaffold"", ""k"": 10, ""src"": ""inner_cv"", ""thr"": 0.0934}]",76.53,bootstrap unit: scaffold
T3,native,scaffold,all,fg_lactam,F1,knn,auprc,0.1164,0.0989,0.1403,0.0856,,,,5198,4222,1000,20789,inner_cv,"[{""fold"": ""scaffold"", ""k"": 10, ""src"": ""inner_cv"", ""thr"": 0.0934}]",76.53,bootstrap unit: scaffold
T3,native,scaffold,all,fg_lactam,F1,knn,bal_acc,0.5492,0.5262,0.5727,0.5,,,,5198,4222,1000,20789,inner_cv,"[{""fold"": ""scaffold"", ""k"": 10, ""src"": ""inner_cv"", ""thr"": 0.0934}]",76.53,bootstrap unit: scaffold
T3,native,scaffold,all,fg_lactam,F1pos,majority,auroc,0.5,0.5,0.5,0.5,,,,5198,4222,1000,20789,fixed,"[{""fold"": ""scaffold"", ""src"": ""fixed"", ""thr"": 0.5}]",3.24,bootstrap unit: scaffold
T3,native,scaffold,all,fg_lactam,F1pos,majority,auprc,0.0856,0.0774,0.0946,0.0856,,,,5198,4222,1000,20789,fixed,"[{""fold"": ""scaffold"", ""src"": ""fixed"", ""thr"": 0.5}]",3.24,bootstrap unit: scaffold
T3,native,scaffold,all,fg_lactam,F1pos,majority,bal_acc,0.5,0.5,0.5,0.5,,,,5198,4222,1000,20789,fixed,"[{""fold"": ""scaffold"", ""src"": ""fixed"", ""thr"": 0.5}]",3.24,bootstrap unit: scaffold
T3,native,scaffold,all,fg_lactam,F1pos,lr,auroc,0.7417,0.7147,0.7671,0.5,,,,5198,4222,1000,20789,inner_cv,"[{""fold"": ""scaffold"", ""C"": 0.1, ""src"": ""inner_cv"", ""thr"": 0.3806}]",3.69,bootstrap unit: scaffold
T3,native,scaffold,all,fg_lactam,F1pos,lr,auprc,0.2327,0.1954,0.2725,0.0856,,,,5198,4222,1000,20789,inner_cv,"[{""fold"": ""scaffold"", ""C"": 0.1, ""src"": ""inner_cv"", ""thr"": 0.3806}]",3.69,bootstrap unit: scaffold
T3,native,scaffold,all,fg_lactam,F1pos,lr,bal_acc,0.6659,0.644,0.6881,0.5,,,,5198,4222,1000,20789,inner_cv,"[{""fold"": ""scaffold"", ""C"": 0.1, ""src"": ""inner_cv"", ""thr"": 0.3806}]",3.69,bootstrap unit: scaffold
T3,native,scaffold,all,fg_lactam,F1pos,hgb,auroc,0.7214,0.6937,0.7498,0.5,,,,5198,4222,1000,20789,inner_cv,"[{""fold"": ""scaffold"", ""src"": ""inner_cv"", ""thr"": 0.2964}]",4.38,bootstrap unit: scaffold
T3,native,scaffold,all,fg_lactam,F1pos,hgb,auprc,0.2139,0.1816,0.2541,0.0856,,,,5198,4222,1000,20789,inner_cv,"[{""fold"": ""scaffold"", ""src"": ""inner_cv"", ""thr"": 0.2964}]",4.38,bootstrap unit: scaffold
T3,native,scaffold,all,fg_lactam,F1pos,hgb,bal_acc,0.6422,0.6187,0.6629,0.5,,,,5198,4222,1000,20789,inner_cv,"[{""fold"": ""scaffold"", ""src"": ""inner_cv"", ""thr"": 0.2964}]",4.38,bootstrap unit: scaffold
T3,native,scaffold,all,fg_lactam,F1pos,knn,auroc,0.5436,0.522,0.5652,0.5,,,,5198,4222,1000,20789,inner_cv,"[{""fold"": ""scaffold"", ""k"": 10, ""src"": ""inner_cv"", ""thr"": 0.0937}]",64.27,bootstrap unit: scaffold
T3,native,scaffold,all,fg_lactam,F1pos,knn,auprc,0.0958,0.0845,0.1126,0.0856,,,,5198,4222,1000,20789,inner_cv,"[{""fold"": ""scaffold"", ""k"": 10, ""src"": ""inner_cv"", ""thr"": 0.0937}]",64.27,bootstrap unit: scaffold
T3,native,scaffold,all,fg_lactam,F1pos,knn,bal_acc,0.5455,0.5241,0.5671,0.5,,,,5198,4222,1000,20789,inner_cv,"[{""fold"": ""scaffold"", ""k"": 10, ""src"": ""inner_cv"", ""thr"": 0.0937}]",64.27,bootstrap unit: scaffold
T3,native,scaffold,all,fg_lactam,F2,majority,auroc,0.5,0.5,0.5,0.5,,,,5198,4222,1000,20789,fixed,"[{""fold"": ""scaffold"", ""src"": ""fixed"", ""thr"": 0.5}]",2.73,bootstrap unit: scaffold
T3,native,scaffold,all,fg_lactam,F2,majority,auprc,0.0856,0.0774,0.0946,0.0856,,,,5198,4222,1000,20789,fixed,"[{""fold"": ""scaffold"", ""src"": ""fixed"", ""thr"": 0.5}]",2.73,bootstrap unit: scaffold
T3,native,scaffold,all,fg_lactam,F2,majority,bal_acc,0.5,0.5,0.5,0.5,,,,5198,4222,1000,20789,fixed,"[{""fold"": ""scaffold"", ""src"": ""fixed"", ""thr"": 0.5}]",2.73,bootstrap unit: scaffold
T3,native,scaffold,all,fg_lactam,F2,lr,auroc,0.7178,0.69,0.7425,0.5,,,,5198,4222,1000,20789,inner_cv,"[{""fold"": ""scaffold"", ""C"": 0.01, ""src"": ""inner_cv"", ""thr"": 0.3563}]",99.18,bootstrap unit: scaffold
T3,native,scaffold,all,fg_lactam,F2,lr,auprc,0.1875,0.1616,0.2198,0.0856,,,,5198,4222,1000,20789,inner_cv,"[{""fold"": ""scaffold"", ""C"": 0.01, ""src"": ""inner_cv"", ""thr"": 0.3563}]",99.18,bootstrap unit: scaffold
T3,native,scaffold,all,fg_lactam,F2,lr,bal_acc,0.6677,0.6431,0.6893,0.5,,,,5198,4222,1000,20789,inner_cv,"[{""fold"": ""scaffold"", ""C"": 0.01, ""src"": ""inner_cv"", ""thr"": 0.3563}]",99.18,bootstrap unit: scaffold
T3,native,scaffold,all,fg_lactam,F2,hgb,auroc,0.7655,0.7384,0.7872,0.5,,,,5198,4222,1000,20789,inner_cv,"[{""fold"": ""scaffold"", ""src"": ""inner_cv"", ""thr"": 0.1732}]",43.01,bootstrap unit: scaffold
T3,native,scaffold,all,fg_lactam,F2,hgb,auprc,0.2742,0.2308,0.32,0.0856,,,,5198,4222,1000,20789,inner_cv,"[{""fold"": ""scaffold"", ""src"": ""inner_cv"", ""thr"": 0.1732}]",43.01,bootstrap unit: scaffold
T3,native,scaffold,all,fg_lactam,F2,hgb,bal_acc,0.6962,0.674,0.717,0.5,,,,5198,4222,1000,20789,inner_cv,"[{""fold"": ""scaffold"", ""src"": ""inner_cv"", ""thr"": 0.1732}]",43.01,bootstrap unit: scaffold
T3,native,scaffold,all,fg_lactam,F2,knn,auroc,0.6041,0.5771,0.6271,0.5,,,,5198,4222,1000,20789,inner_cv,"[{""fold"": ""scaffold"", ""k"": 10, ""src"": ""inner_cv"", ""thr"": 0.09}]",85.34,bootstrap unit: scaffold
T3,native,scaffold,all,fg_lactam,F2,knn,auprc,0.1364,0.1141,0.1642,0.0856,,,,5198,4222,1000,20789,inner_cv,"[{""fold"": ""scaffold"", ""k"": 10, ""src"": ""inner_cv"", ""thr"": 0.09}]",85.34,bootstrap unit: scaffold
T3,native,scaffold,all,fg_lactam,F2,knn,bal_acc,0.6002,0.5747,0.6229,0.5,,,,5198,4222,1000,20789,inner_cv,"[{""fold"": ""scaffold"", ""k"": 10, ""src"": ""inner_cv"", ""thr"": 0.09}]",85.34,bootstrap unit: scaffold
T3,native,scaffold,all,fg_lactam,F3,majority,auroc,0.5,0.5,0.5,0.5,,,,5198,4222,1000,20789,fixed,"[{""fold"": ""scaffold"", ""src"": ""fixed"", ""thr"": 0.5}]",5.63,bootstrap unit: scaffold
T3,native,scaffold,all,fg_lactam,F3,majority,auprc,0.0856,0.0774,0.0946,0.0856,,,,5198,4222,1000,20789,fixed,"[{""fold"": ""scaffold"", ""src"": ""fixed"", ""thr"": 0.5}]",5.63,bootstrap unit: scaffold
T3,native,scaffold,all,fg_lactam,F3,majority,bal_acc,0.5,0.5,0.5,0.5,,,,5198,4222,1000,20789,fixed,"[{""fold"": ""scaffold"", ""src"": ""fixed"", ""thr"": 0.5}]",5.63,bootstrap unit: scaffold
T3,native,scaffold,all,fg_lactam,F3,lr,auroc,0.7297,0.7028,0.7525,0.5,,,,5198,4222,1000,20789,inner_cv,"[{""fold"": ""scaffold"", ""C"": 0.01, ""src"": ""inner_cv"", ""thr"": 0.44}]",96.99,bootstrap unit: scaffold
T3,native,scaffold,all,fg_lactam,F3,lr,auprc,0.2013,0.1714,0.2345,0.0856,,,,5198,4222,1000,20789,inner_cv,"[{""fold"": ""scaffold"", ""C"": 0.01, ""src"": ""inner_cv"", ""thr"": 0.44}]",96.99,bootstrap unit: scaffold
T3,native,scaffold,all,fg_lactam,F3,lr,bal_acc,0.6705,0.6456,0.6934,0.5,,,,5198,4222,1000,20789,inner_cv,"[{""fold"": ""scaffold"", ""C"": 0.01, ""src"": ""inner_cv"", ""thr"": 0.44}]",96.99,bootstrap unit: scaffold
T3,native,scaffold,all,fg_lactam,F3,hgb,auroc,0.8676,0.8523,0.8819,0.5,0.0099,100,0.5016,5198,4222,1000,20789,inner_cv,"[{""fold"": ""scaffold"", ""src"": ""inner_cv"", ""thr"": 0.0817}]",44.44,bootstrap unit: scaffold
T3,native,scaffold,all,fg_lactam,F3,hgb,auprc,0.3423,0.2969,0.3913,0.0856,,,,5198,4222,1000,20789,inner_cv,"[{""fold"": ""scaffold"", ""src"": ""inner_cv"", ""thr"": 0.0817}]",44.44,bootstrap unit: scaffold
T3,native,scaffold,all,fg_lactam,F3,hgb,bal_acc,0.799,0.7823,0.8147,0.5,,,,5198,4222,1000,20789,inner_cv,"[{""fold"": ""scaffold"", ""src"": ""inner_cv"", ""thr"": 0.0817}]",44.44,bootstrap unit: scaffold
T3,native,scaffold,all,fg_lactam,F3,knn,auroc,0.6179,0.5908,0.6414,0.5,,,,5198,4222,1000,20789,inner_cv,"[{""fold"": ""scaffold"", ""k"": 10, ""src"": ""inner_cv"", ""thr"": 0.089}]",83.95,bootstrap unit: scaffold
T3,native,scaffold,all,fg_lactam,F3,knn,auprc,0.1576,0.1277,0.189,0.0856,,,,5198,4222,1000,20789,inner_cv,"[{""fold"": ""scaffold"", ""k"": 10, ""src"": ""inner_cv"", ""thr"": 0.089}]",83.95,bootstrap unit: scaffold
T3,native,scaffold,all,fg_lactam,F3,knn,bal_acc,0.6085,0.5837,0.6317,0.5,,,,5198,4222,1000,20789,inner_cv,"[{""fold"": ""scaffold"", ""k"": 10, ""src"": ""inner_cv"", ""thr"": 0.089}]",83.95,bootstrap unit: scaffold
T3,native,scaffold,all,fg_lactam,F1.sqrt,majority,auroc,0.5,0.5,0.5,0.5,,,,5198,4222,1000,20789,fixed,"[{""fold"": ""scaffold"", ""src"": ""fixed"", ""thr"": 0.5}]",1.27,bootstrap unit: scaffold
T3,native,scaffold,all,fg_lactam,F1.sqrt,majority,auprc,0.0856,0.0774,0.0946,0.0856,,,,5198,4222,1000,20789,fixed,"[{""fold"": ""scaffold"", ""src"": ""fixed"", ""thr"": 0.5}]",1.27,bootstrap unit: scaffold
T3,native,scaffold,all,fg_lactam,F1.sqrt,majority,bal_acc,0.5,0.5,0.5,0.5,,,,5198,4222,1000,20789,fixed,"[{""fold"": ""scaffold"", ""src"": ""fixed"", ""thr"": 0.5}]",1.27,bootstrap unit: scaffold
T3,native,scaffold,all,fg_lactam,F1.sqrt,lr,auroc,0.7333,0.707,0.758,0.5,,,,5198,4222,1000,20789,inner_cv,"[{""fold"": ""scaffold"", ""C"": 0.1, ""src"": ""inner_cv"", ""thr"": 0.4216}]",3.94,bootstrap unit: scaffold
T3,native,scaffold,all,fg_lactam,F1.sqrt,lr,auprc,0.2128,0.1799,0.2492,0.0856,,,,5198,4222,1000,20789,inner_cv,"[{""fold"": ""scaffold"", ""C"": 0.1, ""src"": ""inner_cv"", ""thr"": 0.4216}]",3.94,bootstrap unit: scaffold
T3,native,scaffold,all,fg_lactam,F1.sqrt,lr,bal_acc,0.6748,0.6498,0.6981,0.5,,,,5198,4222,1000,20789,inner_cv,"[{""fold"": ""scaffold"", ""C"": 0.1, ""src"": ""inner_cv"", ""thr"": 0.4216}]",3.94,bootstrap unit: scaffold
T3,native,scaffold,all,fg_lactam,F1.sqrt,hgb,auroc,0.7254,0.6968,0.7516,0.5,,,,5198,4222,1000,20789,inner_cv,"[{""fold"": ""scaffold"", ""src"": ""inner_cv"", ""thr"": 0.3403}]",5.72,bootstrap unit: scaffold
T3,native,scaffold,all,fg_lactam,F1.sqrt,hgb,auprc,0.2124,0.1802,0.2503,0.0856,,,,5198,4222,1000,20789,inner_cv,"[{""fold"": ""scaffold"", ""src"": ""inner_cv"", ""thr"": 0.3403}]",5.72,bootstrap unit: scaffold
T3,native,scaffold,all,fg_lactam,F1.sqrt,hgb,bal_acc,0.6755,0.6508,0.6988,0.5,,,,5198,4222,1000,20789,inner_cv,"[{""fold"": ""scaffold"", ""src"": ""inner_cv"", ""thr"": 0.3403}]",5.72,bootstrap unit: scaffold
T3,native,scaffold,all,fg_lactam,F1.sqrt,knn,auroc,0.5713,0.5462,0.599,0.5,,,,5198,4222,1000,20789,inner_cv,"[{""fold"": ""scaffold"", ""k"": 10, ""src"": ""inner_cv"", ""thr"": 0.0829}]",57.93,bootstrap unit: scaffold
T3,native,scaffold,all,fg_lactam,F1.sqrt,knn,auprc,0.111,0.096,0.1336,0.0856,,,,5198,4222,1000,20789,inner_cv,"[{""fold"": ""scaffold"", ""k"": 10, ""src"": ""inner_cv"", ""thr"": 0.0829}]",57.93,bootstrap unit: scaffold
T3,native,scaffold,all,fg_lactam,F1.sqrt,knn,bal_acc,0.5703,0.5463,0.5963,0.5,,,,5198,4222,1000,20789,inner_cv,"[{""fold"": ""scaffold"", ""k"": 10, ""src"": ""inner_cv"", ""thr"": 0.0829}]",57.93,bootstrap unit: scaffold
T3,native,scaffold,all,fg_lactam,F2.lt1700,majority,auroc,0.5,0.5,0.5,0.5,,,,5198,4222,1000,20789,fixed,"[{""fold"": ""scaffold"", ""src"": ""fixed"", ""thr"": 0.5}]",1.22,bootstrap unit: scaffold
T3,native,scaffold,all,fg_lactam,F2.lt1700,majority,auprc,0.0856,0.0774,0.0946,0.0856,,,,5198,4222,1000,20789,fixed,"[{""fold"": ""scaffold"", ""src"": ""fixed"", ""thr"": 0.5}]",1.22,bootstrap unit: scaffold
T3,native,scaffold,all,fg_lactam,F2.lt1700,majority,bal_acc,0.5,0.5,0.5,0.5,,,,5198,4222,1000,20789,fixed,"[{""fold"": ""scaffold"", ""src"": ""fixed"", ""thr"": 0.5}]",1.22,bootstrap unit: scaffold
T3,native,scaffold,all,fg_lactam,F2.lt1700,lr,auroc,0.699,0.6706,0.7242,0.5,,,,5198,4222,1000,20789,inner_cv,"[{""fold"": ""scaffold"", ""C"": 0.01, ""src"": ""inner_cv"", ""thr"": 0.4724}]",88.77,bootstrap unit: scaffold
T3,native,scaffold,all,fg_lactam,F2.lt1700,lr,auprc,0.172,0.148,0.2028,0.0856,,,,5198,4222,1000,20789,inner_cv,"[{""fold"": ""scaffold"", ""C"": 0.01, ""src"": ""inner_cv"", ""thr"": 0.4724}]",88.77,bootstrap unit: scaffold
T3,native,scaffold,all,fg_lactam,F2.lt1700,lr,bal_acc,0.6607,0.6349,0.684,0.5,,,,5198,4222,1000,20789,inner_cv,"[{""fold"": ""scaffold"", ""C"": 0.01, ""src"": ""inner_cv"", ""thr"": 0.4724}]",88.77,bootstrap unit: scaffold
T3,native,scaffold,all,fg_lactam,F2.lt1700,hgb,auroc,0.7607,0.735,0.7833,0.5,,,,5198,4222,1000,20789,inner_cv,"[{""fold"": ""scaffold"", ""src"": ""inner_cv"", ""thr"": 0.2993}]",41.42,bootstrap unit: scaffold
T3,native,scaffold,all,fg_lactam,F2.lt1700,hgb,auprc,0.2447,0.2065,0.2862,0.0856,,,,5198,4222,1000,20789,inner_cv,"[{""fold"": ""scaffold"", ""src"": ""inner_cv"", ""thr"": 0.2993}]",41.42,bootstrap unit: scaffold
T3,native,scaffold,all,fg_lactam,F2.lt1700,hgb,bal_acc,0.6886,0.6625,0.713,0.5,,,,5198,4222,1000,20789,inner_cv,"[{""fold"": ""scaffold"", ""src"": ""inner_cv"", ""thr"": 0.2993}]",41.42,bootstrap unit: scaffold
T3,native,scaffold,all,fg_lactam,F2.lt1700,knn,auroc,0.596,0.5702,0.6202,0.5,,,,5198,4222,1000,20789,inner_cv,"[{""fold"": ""scaffold"", ""k"": 10, ""src"": ""inner_cv"", ""thr"": 0.0877}]",78.75,bootstrap unit: scaffold
T3,native,scaffold,all,fg_lactam,F2.lt1700,knn,auprc,0.1291,0.1102,0.1565,0.0856,,,,5198,4222,1000,20789,inner_cv,"[{""fold"": ""scaffold"", ""k"": 10, ""src"": ""inner_cv"", ""thr"": 0.0877}]",78.75,bootstrap unit: scaffold
T3,native,scaffold,all,fg_lactam,F2.lt1700,knn,bal_acc,0.5887,0.564,0.6119,0.5,,,,5198,4222,1000,20789,inner_cv,"[{""fold"": ""scaffold"", ""k"": 10, ""src"": ""inner_cv"", ""thr"": 0.0877}]",78.75,bootstrap unit: scaffold
T3,native,scaffold,all,fg_lactam,F3.lt1700,majority,auroc,0.5,0.5,0.5,0.5,,,,5198,4222,1000,20789,fixed,"[{""fold"": ""scaffold"", ""src"": ""fixed"", ""thr"": 0.5}]",1.31,bootstrap unit: scaffold
T3,native,scaffold,all,fg_lactam,F3.lt1700,majority,auprc,0.0856,0.0774,0.0946,0.0856,,,,5198,4222,1000,20789,fixed,"[{""fold"": ""scaffold"", ""src"": ""fixed"", ""thr"": 0.5}]",1.31,bootstrap unit: scaffold
T3,native,scaffold,all,fg_lactam,F3.lt1700,majority,bal_acc,0.5,0.5,0.5,0.5,,,,5198,4222,1000,20789,fixed,"[{""fold"": ""scaffold"", ""src"": ""fixed"", ""thr"": 0.5}]",1.31,bootstrap unit: scaffold
T3,native,scaffold,all,fg_lactam,F3.lt1700,lr,auroc,0.71,0.6826,0.7331,0.5,,,,5198,4222,1000,20789,inner_cv,"[{""fold"": ""scaffold"", ""C"": 0.01, ""src"": ""inner_cv"", ""thr"": 0.5095}]",73.24,bootstrap unit: scaffold
T3,native,scaffold,all,fg_lactam,F3.lt1700,lr,auprc,0.1799,0.154,0.2107,0.0856,,,,5198,4222,1000,20789,inner_cv,"[{""fold"": ""scaffold"", ""C"": 0.01, ""src"": ""inner_cv"", ""thr"": 0.5095}]",73.24,bootstrap unit: scaffold
T3,native,scaffold,all,fg_lactam,F3.lt1700,lr,bal_acc,0.6589,0.6314,0.6828,0.5,,,,5198,4222,1000,20789,inner_cv,"[{""fold"": ""scaffold"", ""C"": 0.01, ""src"": ""inner_cv"", ""thr"": 0.5095}]",73.24,bootstrap unit: scaffold
T3,native,scaffold,all,fg_lactam,F3.lt1700,hgb,auroc,0.8358,0.8167,0.8522,0.5,,,,5198,4222,1000,20789,inner_cv,"[{""fold"": ""scaffold"", ""src"": ""inner_cv"", ""thr"": 0.1565}]",34.88,bootstrap unit: scaffold
T3,native,scaffold,all,fg_lactam,F3.lt1700,hgb,auprc,0.3104,0.2665,0.3623,0.0856,,,,5198,4222,1000,20789,inner_cv,"[{""fold"": ""scaffold"", ""src"": ""inner_cv"", ""thr"": 0.1565}]",34.88,bootstrap unit: scaffold
T3,native,scaffold,all,fg_lactam,F3.lt1700,hgb,bal_acc,0.7517,0.7307,0.7706,0.5,,,,5198,4222,1000,20789,inner_cv,"[{""fold"": ""scaffold"", ""src"": ""inner_cv"", ""thr"": 0.1565}]",34.88,bootstrap unit: scaffold
T3,native,scaffold,all,fg_lactam,F3.lt1700,knn,auroc,0.6002,0.5706,0.625,0.5,,,,5198,4222,1000,20789,inner_cv,"[{""fold"": ""scaffold"", ""k"": 10, ""src"": ""inner_cv"", ""thr"": 0.0889}]",59.56,bootstrap unit: scaffold
T3,native,scaffold,all,fg_lactam,F3.lt1700,knn,auprc,0.1594,0.1298,0.1946,0.0856,,,,5198,4222,1000,20789,inner_cv,"[{""fold"": ""scaffold"", ""k"": 10, ""src"": ""inner_cv"", ""thr"": 0.0889}]",59.56,bootstrap unit: scaffold
T3,native,scaffold,all,fg_lactam,F3.lt1700,knn,bal_acc,0.593,0.5657,0.6171,0.5,,,,5198,4222,1000,20789,inner_cv,"[{""fold"": ""scaffold"", ""k"": 10, ""src"": ""inner_cv"", ""thr"": 0.0889}]",59.56,bootstrap unit: scaffold
